case_id,pattern_id,f0,f1,final_fit,status,cost,lower_bound,batches,total_live,solver_states,solver_transitions,oracle_status,oracle_cost,oracle_states,oracle_transitions,independent_status,independent_cost,independent_states,independent_transitions,scan_status,scan_steps,one_epoch_optimum,lru-tiered-proxy_status,lru-tiered-proxy_cost,leveled-proxy_status,leveled-proxy_cost,size-tiered-proxy_status,size-tiered-proxy_cost,gain-per-write_status,gain-per-write_cost
0,0,0,0,1,feasible,2,2,2,0,5,4,feasible,2,4,4,feasible,2,4,4,feasible,2,1,complete,2,complete,2,complete,2,complete,2
49,1,0,0,1,feasible,6,6,2,1,3,2,feasible,6,3,2,feasible,6,3,2,feasible,2,1,complete,6,complete,6,complete,6,complete,6
98,2,0,0,1,feasible,2,2,2,0,5,4,feasible,2,4,4,feasible,2,4,4,feasible,2,1,complete,2,complete,2,complete,2,complete,2
147,3,0,0,1,feasible,6,6,2,1,3,2,feasible,6,3,2,feasible,6,3,2,feasible,2,1,complete,6,complete,6,complete,6,complete,6
203,4,1,0,1,feasible,6,6,2,2,3,2,feasible,6,3,2,feasible,6,3,2,feasible,2,1,complete,6,complete,6,complete,6,complete,6
245,5,0,0,1,feasible,6,6,2,1,3,2,feasible,6,3,2,feasible,6,3,2,feasible,2,1,complete,6,complete,6,complete,6,complete,6
301,6,1,0,1,feasible,6,6,2,2,3,2,feasible,6,3,2,feasible,6,3,2,feasible,2,1,complete,6,complete,6,complete,6,complete,6
357,7,2,0,1,feasible,6,6,2,3,3,2,feasible,6,3,2,feasible,6,3,2,feasible,2,1,complete,6,complete,6,complete,6,complete,6
392,8,0,0,1,feasible,2,2,2,0,8,8,feasible,2,6,9,feasible,2,6,9,feasible,3,1,complete,3,complete,2,complete,2,complete,2
441,9,0,0,1,feasible,6,6,2,1,6,6,feasible,6,5,6,feasible,6,5,6,feasible,3,1,complete,7,complete,6,complete,6,complete,7
490,10,0,0,1,feasible,2,2,2,0,8,8,feasible,2,6,9,feasible,2,6,9,feasible,3,1,complete,3,complete,2,complete,2,complete,2
539,11,0,0,1,feasible,6,6,2,1,6,6,feasible,6,5,6,feasible,6,5,6,feasible,3,1,complete,7,complete,6,complete,6,complete,7
595,12,1,0,1,feasible,6,6,2,2,6,6,feasible,6,5,6,feasible,6,5,6,feasible,3,1,complete,7,complete,6,complete,6,complete,7
637,13,0,0,1,feasible,6,6,2,1,6,6,feasible,6,5,6,feasible,6,5,6,feasible,3,1,complete,7,complete,6,complete,7,complete,7
693,14,1,0,1,feasible,6,6,2,2,6,6,feasible,6,5,6,feasible,6,5,6,feasible,3,1,complete,7,complete,6,complete,7,complete,7
749,15,2,0,1,feasible,6,6,2,3,6,6,feasible,6,5,6,feasible,6,5,6,feasible,3,1,complete,7,complete,6,complete,7,complete,7
784,16,0,0,1,feasible,6,6,2,1,4,3,feasible,6,4,4,feasible,6,4,4,feasible,3,1,complete,7,complete,6,complete,6,complete,6
840,17,1,0,1,feasible,6,6,2,2,6,6,feasible,6,5,6,feasible,6,5,6,feasible,3,1,complete,11,complete,11,complete,6,complete,6
882,18,0,0,1,feasible,6,6,2,1,4,3,feasible,6,4,4,feasible,6,4,4,feasible,3,1,complete,7,complete,6,complete,6,complete,6
938,19,1,0,1,feasible,6,6,2,2,6,6,feasible,6,5,6,feasible,6,5,6,feasible,3,1,complete,11,complete,11,complete,6,complete,6
994,20,2,0,1,feasible,6,6,2,3,6,6,feasible,6,5,6,feasible,6,5,6,feasible,3,1,complete,11,complete,11,complete,6,complete,6
1036,21,1,0,1,feasible,6,6,2,2,6,6,feasible,6,5,6,feasible,6,5,6,feasible,3,1,complete,11,complete,11,complete,11,complete,6
1092,22,2,0,1,feasible,6,6,2,3,6,6,feasible,6,5,6,feasible,6,5,6,feasible,3,1,complete,11,complete,11,complete,11,complete,6
1148,23,3,0,1,feasible,6,6,2,4,6,6,feasible,6,5,6,feasible,6,5,6,feasible,3,1,complete,11,complete,11,complete,11,complete,6
1176,24,0,0,1,feasible,2,2,2,0,8,8,feasible,2,6,9,feasible,2,6,9,feasible,3,1,complete,3,complete,2,complete,2,complete,2
1225,25,0,0,1,feasible,6,6,2,1,6,6,feasible,6,5,6,feasible,6,5,6,feasible,3,1,complete,7,complete,7,complete,6,complete,7
1274,26,0,0,1,feasible,2,2,2,0,8,8,feasible,2,6,9,feasible,2,6,9,feasible,3,1,complete,3,complete,2,complete,2,complete,2
1323,27,0,0,1,feasible,6,6,2,1,6,6,feasible,6,5,6,feasible,6,5,6,feasible,3,1,complete,7,complete,7,complete,6,complete,7
1379,28,1,0,1,feasible,6,6,2,2,6,6,feasible,6,5,6,feasible,6,5,6,feasible,3,1,complete,7,complete,7,complete,6,complete,7
1421,29,0,0,1,feasible,6,6,2,1,6,6,feasible,6,5,6,feasible,6,5,6,feasible,3,1,complete,7,complete,7,complete,6,complete,7
1477,30,1,0,1,feasible,6,6,2,2,6,6,feasible,6,5,6,feasible,6,5,6,feasible,3,1,complete,7,complete,7,complete,6,complete,7
1533,31,2,0,1,feasible,6,6,2,3,6,6,feasible,6,5,6,feasible,6,5,6,feasible,3,1,complete,7,complete,7,complete,6,complete,7
1568,32,0,0,1,feasible,6,6,2,1,4,3,feasible,6,4,4,feasible,6,4,4,feasible,3,1,complete,7,complete,6,complete,6,complete,6
1624,33,1,0,1,feasible,6,6,2,2,6,6,feasible,6,5,6,feasible,6,5,6,feasible,3,1,complete,11,complete,11,complete,6,complete,6
1666,34,0,0,1,feasible,6,6,2,1,4,3,feasible,6,4,4,feasible,6,4,4,feasible,3,1,complete,7,complete,6,complete,6,complete,6
1722,35,1,0,1,feasible,6,6,2,2,6,6,feasible,6,5,6,feasible,6,5,6,feasible,3,1,complete,11,complete,11,complete,6,complete,6
1778,36,2,0,1,feasible,6,6,2,3,6,6,feasible,6,5,6,feasible,6,5,6,feasible,3,1,complete,11,complete,11,complete,6,complete,6
1820,37,1,0,1,feasible,6,6,2,2,6,6,feasible,6,5,6,feasible,6,5,6,feasible,3,1,complete,11,complete,11,complete,6,complete,6
1876,38,2,0,1,feasible,6,6,2,3,6,6,feasible,6,5,6,feasible,6,5,6,feasible,3,1,complete,11,complete,11,complete,6,complete,6
1932,39,3,0,1,feasible,6,6,2,4,6,6,feasible,6,5,6,feasible,6,5,6,feasible,3,1,complete,11,complete,11,complete,6,complete,6
1967,40,1,0,1,feasible,6,6,2,2,4,3,feasible,6,4,4,feasible,6,4,4,feasible,3,1,complete,7,complete,6,complete,6,complete,6
2023,41,2,0,1,feasible,6,6,2,3,6,6,feasible,6,5,6,feasible,6,5,6,feasible,3,1,complete,11,complete,11,complete,6,complete,6
2065,42,1,0,1,feasible,6,6,2,2,4,3,feasible,6,4,4,feasible,6,4,4,feasible,3,1,complete,7,complete,6,complete,6,complete,6
2121,43,2,0,1,feasible,6,6,2,3,6,6,feasible,6,5,6,feasible,6,5,6,feasible,3,1,complete,11,complete,11,complete,6,complete,6
2177,44,3,0,1,feasible,6,6,2,4,6,6,feasible,6,5,6,feasible,6,5,6,feasible,3,1,complete,11,complete,11,complete,6,complete,6
2219,45,2,0,1,feasible,6,6,2,3,6,6,feasible,6,5,6,feasible,6,5,6,feasible,3,1,complete,11,complete,11,complete,6,complete,6
2275,46,3,0,1,feasible,6,6,2,4,6,6,feasible,6,5,6,feasible,6,5,6,feasible,3,1,complete,11,complete,11,complete,6,complete,6
2331,47,4,0,1,feasible,10,10,2,5,6,6,feasible,10,5,6,feasible,10,5,6,feasible,3,1,complete,11,complete,11,complete,10,complete,10
2352,48,0,0,1,feasible,6,6,2,1,4,3,feasible,6,4,4,feasible,6,4,4,feasible,3,1,complete,7,complete,6,complete,7,complete,6
2408,49,1,0,1,feasible,6,6,2,2,6,6,feasible,6,5,6,feasible,6,5,6,feasible,3,1,complete,11,complete,11,complete,11,complete,6
2450,50,0,0,1,feasible,6,6,2,1,4,3,feasible,6,4,4,feasible,6,4,4,feasible,3,1,complete,7,complete,6,complete,6,complete,6
2506,51,1,0,1,feasible,6,6,2,2,6,6,feasible,6,5,6,feasible,6,5,6,feasible,3,1,complete,11,complete,11,complete,6,complete,6
2562,52,2,0,1,feasible,6,6,2,3,6,6,feasible,6,5,6,feasible,6,5,6,feasible,3,1,complete,11,complete,11,complete,6,complete,6
2604,53,1,0,1,feasible,6,6,2,2,6,6,feasible,6,5,6,feasible,6,5,6,feasible,3,1,complete,11,complete,11,complete,6,complete,6
2660,54,2,0,1,feasible,6,6,2,3,6,6,feasible,6,5,6,feasible,6,5,6,feasible,3,1,complete,11,complete,11,complete,6,complete,6
2716,55,3,0,1,feasible,6,6,2,4,6,6,feasible,6,5,6,feasible,6,5,6,feasible,3,1,complete,11,complete,11,complete,6,complete,6
2751,56,1,0,1,feasible,6,6,2,2,4,3,feasible,6,4,4,feasible,6,4,4,feasible,3,1,complete,7,complete,6,complete,7,complete,6
2807,57,2,0,1,feasible,6,6,2,3,6,6,feasible,6,5,6,feasible,6,5,6,feasible,3,1,complete,11,complete,11,complete,11,complete,6
2849,58,1,0,1,feasible,6,6,2,2,4,3,feasible,6,4,4,feasible,6,4,4,feasible,3,1,complete,7,complete,6,complete,6,complete,6
2905,59,2,0,1,feasible,6,6,2,3,6,6,feasible,6,5,6,feasible,6,5,6,feasible,3,1,complete,11,complete,11,complete,6,complete,6
2961,60,3,0,1,feasible,6,6,2,4,6,6,feasible,6,5,6,feasible,6,5,6,feasible,3,1,complete,11,complete,11,complete,6,complete,6
3003,61,2,0,1,feasible,6,6,2,3,6,6,feasible,6,5,6,feasible,6,5,6,feasible,3,1,complete,11,complete,11,complete,6,complete,6
3059,62,3,0,1,feasible,6,6,2,4,6,6,feasible,6,5,6,feasible,6,5,6,feasible,3,1,complete,11,complete,11,complete,6,complete,6
3115,63,4,0,1,feasible,10,10,2,5,6,6,feasible,10,5,6,feasible,10,5,6,feasible,3,1,complete,11,complete,11,complete,10,complete,10
3150,64,2,0,1,feasible,6,6,2,3,4,3,feasible,6,4,4,feasible,6,4,4,feasible,3,1,complete,7,complete,6,complete,7,complete,6
3206,65,3,0,1,feasible,6,6,2,4,6,6,feasible,6,5,6,feasible,6,5,6,feasible,3,1,complete,11,complete,11,complete,11,complete,6
3248,66,2,0,1,feasible,6,6,2,3,4,3,feasible,6,4,4,feasible,6,4,4,feasible,3,1,complete,7,complete,6,complete,6,complete,6
3304,67,3,0,1,feasible,6,6,2,4,6,6,feasible,6,5,6,feasible,6,5,6,feasible,3,1,complete,11,complete,11,complete,6,complete,6
3360,68,4,0,1,feasible,10,10,2,5,6,6,feasible,10,5,6,feasible,10,5,6,feasible,3,1,complete,11,complete,11,complete,10,complete,11
3402,69,3,0,1,feasible,6,6,2,4,6,6,feasible,6,5,6,feasible,6,5,6,feasible,3,1,complete,11,complete,11,complete,6,complete,6
3458,70,4,0,1,feasible,10,10,2,5,6,6,feasible,10,5,6,feasible,10,5,6,feasible,3,1,complete,11,complete,11,complete,10,complete,10
3514,71,5,0,1,feasible,10,10,2,6,6,6,feasible,10,5,6,feasible,10,5,6,feasible,3,1,complete,11,complete,11,complete,10,complete,10
3528,72,0,0,1,feasible,6,6,2,1,3,2,feasible,6,3,2,feasible,6,3,2,feasible,2,1,complete,6,complete,6,complete,6,complete,6
3578,73,0,1,1,feasible,10,10,2,2,3,2,feasible,10,3,2,feasible,10,3,2,feasible,2,1,complete,10,complete,10,complete,10,complete,10
3626,74,0,0,1,feasible,6,6,2,1,3,2,feasible,6,3,2,feasible,6,3,2,feasible,2,1,complete,6,complete,6,complete,6,complete,6
3676,75,0,1,1,feasible,10,10,2,2,3,2,feasible,10,3,2,feasible,10,3,2,feasible,2,1,complete,10,complete,10,complete,10,complete,10
3732,76,1,1,1,feasible,10,10,2,3,3,2,feasible,10,3,2,feasible,10,3,2,feasible,2,1,complete,10,complete,10,complete,10,complete,10
3774,77,0,1,1,feasible,10,10,2,2,3,2,feasible,10,3,2,feasible,10,3,2,feasible,2,1,complete,10,complete,10,complete,10,complete,10
3830,78,1,1,1,feasible,10,10,2,3,3,2,feasible,10,3,2,feasible,10,3,2,feasible,2,1,complete,10,complete,10,complete,10,complete,10
3886,79,2,1,1,feasible,10,10,2,4,3,2,feasible,10,3,2,feasible,10,3,2,feasible,2,1,complete,10,complete,10,complete,10,complete,10
3920,80,0,0,1,feasible,6,6,2,1,6,5,feasible,6,5,6,feasible,6,5,6,feasible,3,1,complete,7,complete,6,complete,6,complete,6
3969,81,0,0,1,feasible,11,10,3,2,4,3,feasible,11,4,3,feasible,11,4,3,feasible,3,0,complete,11,complete,11,complete,11,complete,11
4018,82,0,0,1,feasible,6,6,2,1,6,5,feasible,6,5,6,feasible,6,5,6,feasible,3,1,complete,7,complete,6,complete,6,complete,6
4067,83,0,0,1,feasible,11,10,3,2,4,3,feasible,11,4,3,feasible,11,4,3,feasible,3,0,complete,11,complete,11,complete,11,complete,11
4123,84,1,0,1,feasible,11,10,3,3,4,3,feasible,11,4,3,feasible,11,4,3,feasible,3,0,complete,11,complete,11,complete,11,complete,11
4165,85,0,0,1,feasible,11,10,3,2,4,3,feasible,11,4,3,feasible,11,4,3,feasible,3,0,complete,11,complete,11,complete,11,complete,11
4221,86,1,0,1,feasible,11,10,3,3,4,3,feasible,11,4,3,feasible,11,4,3,feasible,3,0,complete,11,complete,11,complete,11,complete,11
4277,87,2,0,1,feasible,11,10,3,4,4,3,feasible,11,4,3,feasible,11,4,3,feasible,3,0,complete,11,complete,11,complete,11,complete,11
4313,88,0,1,1,feasible,10,10,2,2,4,3,feasible,10,4,4,feasible,10,4,4,feasible,3,1,complete,11,complete,10,complete,10,complete,10
4368,89,1,0,1,feasible,15,10,3,3,4,3,feasible,15,4,3,feasible,15,4,3,feasible,3,0,complete,15,complete,15,complete,15,complete,15
4411,90,0,1,1,feasible,10,10,2,2,4,3,feasible,10,4,4,feasible,10,4,4,feasible,3,1,complete,11,complete,10,complete,10,complete,10
4466,91,1,0,1,feasible,15,10,3,3,4,3,feasible,15,4,3,feasible,15,4,3,feasible,3,0,complete,15,complete,15,complete,15,complete,15
4522,92,2,0,1,feasible,15,10,3,4,4,3,feasible,15,4,3,feasible,15,4,3,feasible,3,0,complete,15,complete,15,complete,15,complete,15
4564,93,1,0,1,feasible,15,10,3,3,4,3,feasible,15,4,3,feasible,15,4,3,feasible,3,0,complete,15,complete,15,complete,15,complete,15
4620,94,2,0,1,feasible,15,10,3,4,4,3,feasible,15,4,3,feasible,15,4,3,feasible,3,0,complete,15,complete,15,complete,15,complete,15
4676,95,3,0,1,feasible,15,10,3,5,4,3,feasible,15,4,3,feasible,15,4,3,feasible,3,0,complete,15,complete,15,complete,15,complete,15
4704,96,0,0,1,feasible,6,6,2,1,6,5,feasible,6,5,6,feasible,6,5,6,feasible,3,1,complete,7,complete,6,complete,6,complete,6
4753,97,0,0,1,feasible,11,10,3,2,4,3,feasible,11,4,3,feasible,11,4,3,feasible,3,0,complete,11,complete,11,complete,11,complete,11
4802,98,0,0,1,feasible,6,6,2,1,6,5,feasible,6,5,6,feasible,6,5,6,feasible,3,1,complete,7,complete,6,complete,6,complete,6
4851,99,0,0,1,feasible,11,10,3,2,4,3,feasible,11,4,3,feasible,11,4,3,feasible,3,0,complete,11,complete,11,complete,11,complete,11
4907,100,1,0,1,feasible,11,10,3,3,4,3,feasible,11,4,3,feasible,11,4,3,feasible,3,0,complete,11,complete,11,complete,11,complete,11
4949,101,0,0,1,feasible,11,10,3,2,4,3,feasible,11,4,3,feasible,11,4,3,feasible,3,0,complete,11,complete,11,complete,11,complete,11
5005,102,1,0,1,feasible,11,10,3,3,4,3,feasible,11,4,3,feasible,11,4,3,feasible,3,0,complete,11,complete,11,complete,11,complete,11
5061,103,2,0,1,feasible,11,10,3,4,4,3,feasible,11,4,3,feasible,11,4,3,feasible,3,0,complete,11,complete,11,complete,11,complete,11
5097,104,0,1,1,feasible,10,10,2,2,4,3,feasible,10,4,4,feasible,10,4,4,feasible,3,1,complete,11,complete,10,complete,10,complete,10
5152,105,1,0,1,feasible,15,10,3,3,4,3,feasible,15,4,3,feasible,15,4,3,feasible,3,0,complete,15,complete,15,complete,15,complete,15
5195,106,0,1,1,feasible,10,10,2,2,4,3,feasible,10,4,4,feasible,10,4,4,feasible,3,1,complete,11,complete,10,complete,10,complete,10
5250,107,1,0,1,feasible,15,10,3,3,4,3,feasible,15,4,3,feasible,15,4,3,feasible,3,0,complete,15,complete,15,complete,15,complete,15
5306,108,2,0,1,feasible,15,10,3,4,4,3,feasible,15,4,3,feasible,15,4,3,feasible,3,0,complete,15,complete,15,complete,15,complete,15
5348,109,1,0,1,feasible,15,10,3,3,4,3,feasible,15,4,3,feasible,15,4,3,feasible,3,0,complete,15,complete,15,complete,15,complete,15
5404,110,2,0,1,feasible,15,10,3,4,4,3,feasible,15,4,3,feasible,15,4,3,feasible,3,0,complete,15,complete,15,complete,15,complete,15
5460,111,3,0,1,feasible,15,10,3,5,4,3,feasible,15,4,3,feasible,15,4,3,feasible,3,0,complete,15,complete,15,complete,15,complete,15
5496,112,1,1,1,feasible,10,10,2,3,4,3,feasible,10,4,4,feasible,10,4,4,feasible,3,1,complete,11,complete,10,complete,10,complete,10
5551,113,2,0,1,feasible,15,10,3,4,4,3,feasible,15,4,3,feasible,15,4,3,feasible,3,0,complete,15,complete,15,complete,15,complete,15
5594,114,1,1,1,feasible,10,10,2,3,4,3,feasible,10,4,4,feasible,10,4,4,feasible,3,1,complete,11,complete,10,complete,10,complete,10
5649,115,2,0,1,feasible,15,10,3,4,4,3,feasible,15,4,3,feasible,15,4,3,feasible,3,0,complete,15,complete,15,complete,15,complete,15
5705,116,3,0,1,feasible,15,10,3,5,4,3,feasible,15,4,3,feasible,15,4,3,feasible,3,0,complete,15,complete,15,complete,15,complete,15
5747,117,2,0,1,feasible,15,10,3,4,4,3,feasible,15,4,3,feasible,15,4,3,feasible,3,0,complete,15,complete,15,complete,15,complete,15
5803,118,3,0,1,feasible,15,10,3,5,4,3,feasible,15,4,3,feasible,15,4,3,feasible,3,0,complete,15,complete,15,complete,15,complete,15
5859,119,4,0,1,feasible,15,14,3,6,4,3,feasible,15,4,3,feasible,15,4,3,feasible,3,0,complete,15,complete,15,complete,15,complete,15
5881,120,0,1,1,feasible,10,10,2,2,4,3,feasible,10,4,4,feasible,10,4,4,feasible,3,1,complete,11,complete,10,complete,11,complete,10
5936,121,1,0,1,feasible,15,10,3,3,4,3,feasible,15,4,3,feasible,15,4,3,feasible,3,0,complete,15,complete,15,complete,15,complete,15
5979,122,0,1,1,feasible,10,10,2,2,4,3,feasible,10,4,4,feasible,10,4,4,feasible,3,1,complete,11,complete,10,complete,10,complete,10
6034,123,1,0,1,feasible,15,10,3,3,4,3,feasible,15,4,3,feasible,15,4,3,feasible,3,0,complete,15,complete,15,complete,15,complete,15
6090,124,2,0,1,feasible,15,10,3,4,4,3,feasible,15,4,3,feasible,15,4,3,feasible,3,0,complete,15,complete,15,complete,15,complete,15
6132,125,1,0,1,feasible,15,10,3,3,4,3,feasible,15,4,3,feasible,15,4,3,feasible,3,0,complete,15,complete,15,complete,15,complete,15
6188,126,2,0,1,feasible,15,10,3,4,4,3,feasible,15,4,3,feasible,15,4,3,feasible,3,0,complete,15,complete,15,complete,15,complete,15
6244,127,3,0,1,feasible,15,10,3,5,4,3,feasible,15,4,3,feasible,15,4,3,feasible,3,0,complete,15,complete,15,complete,15,complete,15
6280,128,1,1,1,feasible,10,10,2,3,4,3,feasible,10,4,4,feasible,10,4,4,feasible,3,1,complete,11,complete,10,complete,11,complete,10
6335,129,2,0,1,feasible,15,10,3,4,4,3,feasible,15,4,3,feasible,15,4,3,feasible,3,0,complete,15,complete,15,complete,15,complete,15
6378,130,1,1,1,feasible,10,10,2,3,4,3,feasible,10,4,4,feasible,10,4,4,feasible,3,1,complete,11,complete,10,complete,10,complete,10
6433,131,2,0,1,feasible,15,10,3,4,4,3,feasible,15,4,3,feasible,15,4,3,feasible,3,0,complete,15,complete,15,complete,15,complete,15
6489,132,3,0,1,feasible,15,10,3,5,4,3,feasible,15,4,3,feasible,15,4,3,feasible,3,0,complete,15,complete,15,complete,15,complete,15
6531,133,2,0,1,feasible,15,10,3,4,4,3,feasible,15,4,3,feasible,15,4,3,feasible,3,0,complete,15,complete,15,complete,15,complete,15
6587,134,3,0,1,feasible,15,10,3,5,4,3,feasible,15,4,3,feasible,15,4,3,feasible,3,0,complete,15,complete,15,complete,15,complete,15
6643,135,4,0,1,feasible,15,14,3,6,4,3,feasible,15,4,3,feasible,15,4,3,feasible,3,0,complete,15,complete,15,complete,15,complete,15
6679,136,2,1,1,feasible,10,10,2,4,4,3,feasible,10,4,4,feasible,10,4,4,feasible,3,1,complete,11,complete,10,complete,11,complete,10
6734,137,3,0,1,feasible,15,10,3,5,4,3,feasible,15,4,3,feasible,15,4,3,feasible,3,0,complete,15,complete,15,complete,15,complete,15
6777,138,2,1,1,feasible,10,10,2,4,4,3,feasible,10,4,4,feasible,10,4,4,feasible,3,1,complete,11,complete,10,complete,10,complete,10
6832,139,3,0,1,feasible,15,10,3,5,4,3,feasible,15,4,3,feasible,15,4,3,feasible,3,0,complete,15,complete,15,complete,15,complete,15
6888,140,4,0,1,feasible,15,14,3,6,4,3,feasible,15,4,3,feasible,15,4,3,feasible,3,0,complete,15,complete,15,complete,15,complete,15
6930,141,3,0,1,feasible,15,10,3,5,4,3,feasible,15,4,3,feasible,15,4,3,feasible,3,0,complete,15,complete,15,complete,15,complete,15
6986,142,4,0,1,feasible,15,14,3,6,4,3,feasible,15,4,3,feasible,15,4,3,feasible,3,0,complete,15,complete,15,complete,15,complete,15
7042,143,5,0,1,feasible,15,14,3,7,4,3,feasible,15,4,3,feasible,15,4,3,feasible,3,0,complete,15,complete,15,complete,15,complete,15
7056,144,0,0,1,feasible,2,2,2,0,5,4,feasible,2,4,4,feasible,2,4,4,feasible,2,1,complete,2,complete,2,complete,2,complete,2
7105,145,0,0,1,feasible,6,6,2,1,3,2,feasible,6,3,2,feasible,6,3,2,feasible,2,1,complete,6,complete,6,complete,6,complete,6
7154,146,0,0,1,feasible,2,2,2,0,5,4,feasible,2,4,4,feasible,2,4,4,feasible,2,1,complete,2,complete,2,complete,2,complete,2
7203,147,0,0,1,feasible,6,6,2,1,3,2,feasible,6,3,2,feasible,6,3,2,feasible,2,1,complete,6,complete,6,complete,6,complete,6
7252,148,0,0,1,feasible,6,6,2,2,3,2,feasible,6,3,2,feasible,6,3,2,feasible,2,1,complete,6,complete,6,complete,6,complete,6
7301,149,0,0,1,feasible,6,6,2,1,3,2,feasible,6,3,2,feasible,6,3,2,feasible,2,1,complete,6,complete,6,complete,6,complete,6
7350,150,0,0,1,feasible,6,6,2,2,3,2,feasible,6,3,2,feasible,6,3,2,feasible,2,1,complete,6,complete,6,complete,6,complete,6
7406,151,1,0,1,feasible,6,6,2,3,3,2,feasible,6,3,2,feasible,6,3,2,feasible,2,1,complete,6,complete,6,complete,6,complete,6
7448,152,0,0,1,feasible,2,2,2,0,8,8,feasible,2,6,9,feasible,2,6,9,feasible,3,1,complete,3,complete,2,complete,2,complete,2
7497,153,0,0,1,feasible,6,6,2,1,6,6,feasible,6,5,6,feasible,6,5,6,feasible,3,1,complete,7,complete,6,complete,6,complete,7
7546,154,0,0,1,feasible,2,2,2,0,8,8,feasible,2,6,9,feasible,2,6,9,feasible,3,1,complete,3,complete,2,complete,2,complete,2
7595,155,0,0,1,feasible,6,6,2,1,6,6,feasible,6,5,6,feasible,6,5,6,feasible,3,1,complete,7,complete,6,complete,6,complete,7
7644,156,0,0,1,feasible,6,6,2,2,6,6,feasible,6,5,6,feasible,6,5,6,feasible,3,1,complete,7,complete,6,complete,6,complete,7
7693,157,0,0,1,feasible,6,6,2,1,6,6,feasible,6,5,6,feasible,6,5,6,feasible,3,1,complete,7,complete,6,complete,7,complete,7
7742,158,0,0,1,feasible,6,6,2,2,6,6,feasible,6,5,6,feasible,6,5,6,feasible,3,1,complete,7,complete,6,complete,7,complete,7
7798,159,1,0,1,feasible,6,6,2,3,6,6,feasible,6,5,6,feasible,6,5,6,feasible,3,1,complete,7,complete,6,complete,7,complete,7
7840,160,0,0,1,feasible,6,6,2,1,4,3,feasible,6,4,4,feasible,6,4,4,feasible,3,1,complete,7,complete,6,complete,6,complete,6
7889,161,0,0,1,feasible,6,6,2,2,4,3,feasible,6,4,4,feasible,6,4,4,feasible,3,1,complete,11,complete,6,complete,6,complete,6
7938,162,0,0,1,feasible,6,6,2,1,4,3,feasible,6,4,4,feasible,6,4,4,feasible,3,1,complete,7,complete,6,complete,6,complete,6
7987,163,0,0,1,feasible,6,6,2,2,4,3,feasible,6,4,4,feasible,6,4,4,feasible,3,1,complete,11,complete,6,complete,6,complete,6
8043,164,1,0,1,feasible,6,6,2,3,6,6,feasible,6,5,6,feasible,6,5,6,feasible,3,1,complete,11,complete,6,complete,6,complete,6
8085,165,0,0,1,feasible,6,6,2,2,4,3,feasible,6,4,4,feasible,6,4,4,feasible,3,1,complete,11,complete,6,complete,11,complete,6
8141,166,1,0,1,feasible,6,6,2,3,6,6,feasible,6,5,6,feasible,6,5,6,feasible,3,1,complete,11,complete,6,complete,11,complete,6
8197,167,2,0,1,feasible,6,6,2,4,6,6,feasible,6,5,6,feasible,6,5,6,feasible,3,1,complete,11,complete,6,complete,11,complete,6
8232,168,0,0,1,feasible,2,2,2,0,8,8,feasible,2,6,9,feasible,2,6,9,feasible,3,1,complete,3,complete,2,complete,2,complete,2
8281,169,0,0,1,feasible,6,6,2,1,6,6,feasible,6,5,6,feasible,6,5,6,feasible,3,1,complete,7,complete,6,complete,6,complete,7
8330,170,0,0,1,feasible,2,2,2,0,8,8,feasible,2,6,9,feasible,2,6,9,feasible,3,1,complete,3,complete,2,complete,2,complete,2
8379,171,0,0,1,feasible,6,6,2,1,6,6,feasible,6,5,6,feasible,6,5,6,feasible,3,1,complete,7,complete,6,complete,6,complete,7
8428,172,0,0,1,feasible,6,6,2,2,6,6,feasible,6,5,6,feasible,6,5,6,feasible,3,1,complete,7,complete,6,complete,6,complete,7
8477,173,0,0,1,feasible,6,6,2,1,6,6,feasible,6,5,6,feasible,6,5,6,feasible,3,1,complete,7,complete,6,complete,6,complete,7
8526,174,0,0,1,feasible,6,6,2,2,6,6,feasible,6,5,6,feasible,6,5,6,feasible,3,1,complete,7,complete,6,complete,6,complete,7
8582,175,1,0,1,feasible,6,6,2,3,6,6,feasible,6,5,6,feasible,6,5,6,feasible,3,1,complete,7,complete,6,complete,6,complete,7
8624,176,0,0,1,feasible,6,6,2,1,4,3,feasible,6,4,4,feasible,6,4,4,feasible,3,1,complete,7,complete,6,complete,6,complete,6
8673,177,0,0,1,feasible,6,6,2,2,4,3,feasible,6,4,4,feasible,6,4,4,feasible,3,1,complete,11,complete,6,complete,6,complete,6
8722,178,0,0,1,feasible,6,6,2,1,4,3,feasible,6,4,4,feasible,6,4,4,feasible,3,1,complete,7,complete,6,complete,6,complete,6
8771,179,0,0,1,feasible,6,6,2,2,4,3,feasible,6,4,4,feasible,6,4,4,feasible,3,1,complete,11,complete,6,complete,6,complete,6
8827,180,1,0,1,feasible,6,6,2,3,6,6,feasible,6,5,6,feasible,6,5,6,feasible,3,1,complete,11,complete,11,complete,6,complete,6
8869,181,0,0,1,feasible,6,6,2,2,4,3,feasible,6,4,4,feasible,6,4,4,feasible,3,1,complete,11,complete,6,complete,6,complete,6
8925,182,1,0,1,feasible,6,6,2,3,6,6,feasible,6,5,6,feasible,6,5,6,feasible,3,1,complete,11,complete,11,complete,6,complete,6
8981,183,2,0,1,feasible,6,6,2,4,6,6,feasible,6,5,6,feasible,6,5,6,feasible,3,1,complete,11,complete,11,complete,6,complete,6
9016,184,0,0,1,feasible,6,6,2,2,4,3,feasible,6,4,4,feasible,6,4,4,feasible,3,1,complete,7,complete,6,complete,6,complete,6
9072,185,1,0,1,feasible,6,6,2,3,4,3,feasible,6,4,4,feasible,6,4,4,feasible,3,1,complete,11,complete,6,complete,6,complete,6
9114,186,0,0,1,feasible,6,6,2,2,4,3,feasible,6,4,4,feasible,6,4,4,feasible,3,1,complete,7,complete,6,complete,6,complete,6
9170,187,1,0,1,feasible,6,6,2,3,4,3,feasible,6,4,4,feasible,6,4,4,feasible,3,1,complete,11,complete,6,complete,6,complete,6
9226,188,2,0,1,feasible,6,6,2,4,6,6,feasible,6,5,6,feasible,6,5,6,feasible,3,1,complete,11,complete,11,complete,6,complete,6
9268,189,1,0,1,feasible,6,6,2,3,4,3,feasible,6,4,4,feasible,6,4,4,feasible,3,1,complete,11,complete,6,complete,6,complete,6
9324,190,2,0,1,feasible,6,6,2,4,6,6,feasible,6,5,6,feasible,6,5,6,feasible,3,1,complete,11,complete,11,complete,6,complete,6
9380,191,3,0,1,feasible,10,10,2,5,6,6,feasible,10,5,6,feasible,10,5,6,feasible,3,1,complete,11,complete,11,complete,10,complete,10
9408,192,0,0,1,feasible,6,6,2,1,4,3,feasible,6,4,4,feasible,6,4,4,feasible,3,1,complete,7,complete,6,complete,7,complete,6
9457,193,0,0,1,feasible,6,6,2,2,4,3,feasible,6,4,4,feasible,6,4,4,feasible,3,1,complete,11,complete,6,complete,11,complete,6
9506,194,0,0,1,feasible,6,6,2,1,4,3,feasible,6,4,4,feasible,6,4,4,feasible,3,1,complete,7,complete,6,complete,6,complete,6
9555,195,0,0,1,feasible,6,6,2,2,4,3,feasible,6,4,4,feasible,6,4,4,feasible,3,1,complete,11,complete,6,complete,6,complete,6
9611,196,1,0,1,feasible,6,6,2,3,6,6,feasible,6,5,6,feasible,6,5,6,feasible,3,1,complete,11,complete,11,complete,6,complete,6
9653,197,0,0,1,feasible,6,6,2,2,4,3,feasible,6,4,4,feasible,6,4,4,feasible,3,1,complete,11,complete,6,complete,6,complete,6
9709,198,1,0,1,feasible,6,6,2,3,6,6,feasible,6,5,6,feasible,6,5,6,feasible,3,1,complete,11,complete,11,complete,6,complete,6
9765,199,2,0,1,feasible,6,6,2,4,6,6,feasible,6,5,6,feasible,6,5,6,feasible,3,1,complete,11,complete,11,complete,6,complete,6
9800,200,0,0,1,feasible,6,6,2,2,4,3,feasible,6,4,4,feasible,6,4,4,feasible,3,1,complete,7,complete,6,complete,7,complete,6
9856,201,1,0,1,feasible,6,6,2,3,4,3,feasible,6,4,4,feasible,6,4,4,feasible,3,1,complete,11,complete,6,complete,11,complete,6
9898,202,0,0,1,feasible,6,6,2,2,4,3,feasible,6,4,4,feasible,6,4,4,feasible,3,1,complete,7,complete,6,complete,6,complete,6
9954,203,1,0,1,feasible,6,6,2,3,4,3,feasible,6,4,4,feasible,6,4,4,feasible,3,1,complete,11,complete,6,complete,6,complete,6
10010,204,2,0,1,feasible,6,6,2,4,6,6,feasible,6,5,6,feasible,6,5,6,feasible,3,1,complete,11,complete,11,complete,6,complete,6
10052,205,1,0,1,feasible,6,6,2,3,4,3,feasible,6,4,4,feasible,6,4,4,feasible,3,1,complete,11,complete,6,complete,6,complete,6
10108,206,2,0,1,feasible,6,6,2,4,6,6,feasible,6,5,6,feasible,6,5,6,feasible,3,1,complete,11,complete,11,complete,6,complete,6
10164,207,3,0,1,feasible,10,10,2,5,6,6,feasible,10,5,6,feasible,10,5,6,feasible,3,1,complete,11,complete,11,complete,10,complete,10
10199,208,1,0,1,feasible,6,6,2,3,4,3,feasible,6,4,4,feasible,6,4,4,feasible,3,1,complete,7,complete,6,complete,7,complete,6
10255,209,2,0,1,feasible,6,6,2,4,4,3,feasible,6,4,4,feasible,6,4,4,feasible,3,1,complete,11,complete,6,complete,11,complete,6
10297,210,1,0,1,feasible,6,6,2,3,4,3,feasible,6,4,4,feasible,6,4,4,feasible,3,1,complete,7,complete,6,complete,6,complete,6
10353,211,2,0,1,feasible,6,6,2,4,4,3,feasible,6,4,4,feasible,6,4,4,feasible,3,1,complete,11,complete,6,complete,6,complete,6
10409,212,3,0,1,feasible,10,10,2,5,6,6,feasible,10,5,6,feasible,10,5,6,feasible,3,1,complete,11,complete,11,complete,10,complete,11
10451,213,2,0,1,feasible,6,6,2,4,4,3,feasible,6,4,4,feasible,6,4,4,feasible,3,1,complete,11,complete,6,complete,6,complete,6
10507,214,3,0,1,feasible,10,10,2,5,6,6,feasible,10,5,6,feasible,10,5,6,feasible,3,1,complete,11,complete,11,complete,10,complete,10
10563,215,4,0,1,feasible,10,10,2,6,6,6,feasible,10,5,6,feasible,10,5,6,feasible,3,1,complete,11,complete,11,complete,10,complete,10
10584,216,0,0,1,feasible,6,6,2,1,3,2,feasible,6,3,2,feasible,6,3,2,feasible,2,1,complete,6,complete,6,complete,6,complete,6
10634,217,0,1,1,feasible,10,10,2,2,3,2,feasible,10,3,2,feasible,10,3,2,feasible,2,1,complete,10,complete,10,complete,10,complete,10
10682,218,0,0,1,feasible,6,6,2,1,3,2,feasible,6,3,2,feasible,6,3,2,feasible,2,1,complete,6,complete,6,complete,6,complete,6
10732,219,0,1,1,feasible,10,10,2,2,3,2,feasible,10,3,2,feasible,10,3,2,feasible,2,1,complete,10,complete,10,complete,10,complete,10
10781,220,0,1,1,feasible,10,10,2,3,3,2,feasible,10,3,2,feasible,10,3,2,feasible,2,1,complete,10,complete,10,complete,10,complete,10
10830,221,0,1,1,feasible,10,10,2,2,3,2,feasible,10,3,2,feasible,10,3,2,feasible,2,1,complete,10,complete,10,complete,10,complete,10
10879,222,0,1,1,feasible,10,10,2,3,3,2,feasible,10,3,2,feasible,10,3,2,feasible,2,1,complete,10,complete,10,complete,10,complete,10
10935,223,1,1,1,feasible,10,10,2,4,3,2,feasible,10,3,2,feasible,10,3,2,feasible,2,1,complete,10,complete,10,complete,10,complete,10
10976,224,0,0,1,feasible,6,6,2,1,6,5,feasible,6,5,6,feasible,6,5,6,feasible,3,1,complete,7,complete,6,complete,6,complete,6
11025,225,0,0,1,feasible,11,10,3,2,4,3,feasible,11,4,3,feasible,11,4,3,feasible,3,0,complete,11,complete,11,complete,11,complete,11
11074,226,0,0,1,feasible,6,6,2,1,6,5,feasible,6,5,6,feasible,6,5,6,feasible,3,1,complete,7,complete,6,complete,6,complete,6
11123,227,0,0,1,feasible,11,10,3,2,4,3,feasible,11,4,3,feasible,11,4,3,feasible,3,0,complete,11,complete,11,complete,11,complete,11
11172,228,0,0,1,feasible,11,10,3,3,4,3,feasible,11,4,3,feasible,11,4,3,feasible,3,0,complete,11,complete,11,complete,11,complete,11
11221,229,0,0,1,feasible,11,10,3,2,4,3,feasible,11,4,3,feasible,11,4,3,feasible,3,0,complete,11,complete,11,complete,11,complete,11
11270,230,0,0,1,feasible,11,10,3,3,4,3,feasible,11,4,3,feasible,11,4,3,feasible,3,0,complete,11,complete,11,complete,11,complete,11
11326,231,1,0,1,feasible,11,10,3,4,4,3,feasible,11,4,3,feasible,11,4,3,feasible,3,0,complete,11,complete,11,complete,11,complete,11
11369,232,0,1,1,feasible,10,10,2,2,4,3,feasible,10,4,4,feasible,10,4,4,feasible,3,1,complete,11,complete,10,complete,10,complete,10
11418,233,0,1,1,feasible,10,10,2,3,4,3,feasible,10,4,4,feasible,10,4,4,feasible,3,1,complete,15,complete,10,complete,10,complete,10
11467,234,0,1,1,feasible,10,10,2,2,4,3,feasible,10,4,4,feasible,10,4,4,feasible,3,1,complete,11,complete,10,complete,10,complete,10
11516,235,0,1,1,feasible,10,10,2,3,4,3,feasible,10,4,4,feasible,10,4,4,feasible,3,1,complete,15,complete,10,complete,10,complete,10
11571,236,1,0,1,feasible,15,10,3,4,4,3,feasible,15,4,3,feasible,15,4,3,feasible,3,0,complete,15,complete,15,complete,15,complete,15
11614,237,0,1,1,feasible,10,10,2,3,4,3,feasible,10,4,4,feasible,10,4,4,feasible,3,1,complete,15,complete,10,complete,15,complete,10
11669,238,1,0,1,feasible,15,10,3,4,4,3,feasible,15,4,3,feasible,15,4,3,feasible,3,0,complete,15,complete,15,complete,15,complete,15
11725,239,2,0,1,feasible,15,10,3,5,4,3,feasible,15,4,3,feasible,15,4,3,feasible,3,0,complete,15,complete,15,complete,15,complete,15
11760,240,0,0,1,feasible,6,6,2,1,6,5,feasible,6,5,6,feasible,6,5,6,feasible,3,1,complete,7,complete,6,complete,6,complete,6
11809,241,0,0,1,feasible,11,10,3,2,4,3,feasible,11,4,3,feasible,11,4,3,feasible,3,0,complete,11,complete,11,complete,11,complete,11
11858,242,0,0,1,feasible,6,6,2,1,6,5,feasible,6,5,6,feasible,6,5,6,feasible,3,1,complete,7,complete,6,complete,6,complete,6
11907,243,0,0,1,feasible,11,10,3,2,4,3,feasible,11,4,3,feasible,11,4,3,feasible,3,0,complete,11,complete,11,complete,11,complete,11
11956,244,0,0,1,feasible,11,10,3,3,4,3,feasible,11,4,3,feasible,11,4,3,feasible,3,0,complete,11,complete,11,complete,11,complete,11
12005,245,0,0,1,feasible,11,10,3,2,4,3,feasible,11,4,3,feasible,11,4,3,feasible,3,0,complete,11,complete,11,complete,11,complete,11
12054,246,0,0,1,feasible,11,10,3,3,4,3,feasible,11,4,3,feasible,11,4,3,feasible,3,0,complete,11,complete,11,complete,11,complete,11
12110,247,1,0,1,feasible,11,10,3,4,4,3,feasible,11,4,3,feasible,11,4,3,feasible,3,0,complete,11,complete,11,complete,11,complete,11
12153,248,0,1,1,feasible,10,10,2,2,4,3,feasible,10,4,4,feasible,10,4,4,feasible,3,1,complete,11,complete,10,complete,10,complete,10
12202,249,0,1,1,feasible,10,10,2,3,4,3,feasible,10,4,4,feasible,10,4,4,feasible,3,1,complete,15,complete,10,complete,10,complete,10
12251,250,0,1,1,feasible,10,10,2,2,4,3,feasible,10,4,4,feasible,10,4,4,feasible,3,1,complete,11,complete,10,complete,10,complete,10
12300,251,0,1,1,feasible,10,10,2,3,4,3,feasible,10,4,4,feasible,10,4,4,feasible,3,1,complete,15,complete,10,complete,10,complete,10
12355,252,1,0,1,feasible,15,10,3,4,4,3,feasible,15,4,3,feasible,15,4,3,feasible,3,0,complete,15,complete,15,complete,15,complete,15
12398,253,0,1,1,feasible,10,10,2,3,4,3,feasible,10,4,4,feasible,10,4,4,feasible,3,1,complete,15,complete,10,complete,10,complete,10
12453,254,1,0,1,feasible,15,10,3,4,4,3,feasible,15,4,3,feasible,15,4,3,feasible,3,0,complete,15,complete,15,complete,15,complete,15
12509,255,2,0,1,feasible,15,10,3,5,4,3,feasible,15,4,3,feasible,15,4,3,feasible,3,0,complete,15,complete,15,complete,15,complete,15
12545,256,0,1,1,feasible,10,10,2,3,4,3,feasible,10,4,4,feasible,10,4,4,feasible,3,1,complete,11,complete,10,complete,10,complete,10
12601,257,1,1,1,feasible,10,10,2,4,4,3,feasible,10,4,4,feasible,10,4,4,feasible,3,1,complete,15,complete,10,complete,10,complete,10
12643,258,0,1,1,feasible,10,10,2,3,4,3,feasible,10,4,4,feasible,10,4,4,feasible,3,1,complete,11,complete,10,complete,10,complete,10
12699,259,1,1,1,feasible,10,10,2,4,4,3,feasible,10,4,4,feasible,10,4,4,feasible,3,1,complete,15,complete,10,complete,10,complete,10
12754,260,2,0,1,feasible,15,10,3,5,4,3,feasible,15,4,3,feasible,15,4,3,feasible,3,0,complete,15,complete,15,complete,15,complete,15
12797,261,1,1,1,feasible,10,10,2,4,4,3,feasible,10,4,4,feasible,10,4,4,feasible,3,1,complete,15,complete,10,complete,10,complete,10
12852,262,2,0,1,feasible,15,10,3,5,4,3,feasible,15,4,3,feasible,15,4,3,feasible,3,0,complete,15,complete,15,complete,15,complete,15
12908,263,3,0,1,feasible,15,14,3,6,4,3,feasible,15,4,3,feasible,15,4,3,feasible,3,0,complete,15,complete,15,complete,15,complete,15
12937,264,0,1,1,feasible,10,10,2,2,4,3,feasible,10,4,4,feasible,10,4,4,feasible,3,1,complete,11,complete,10,complete,11,complete,10
12986,265,0,1,1,feasible,10,10,2,3,4,3,feasible,10,4,4,feasible,10,4,4,feasible,3,1,complete,15,complete,10,complete,15,complete,10
13035,266,0,1,1,feasible,10,10,2,2,4,3,feasible,10,4,4,feasible,10,4,4,feasible,3,1,complete,11,complete,10,complete,10,complete,10
13084,267,0,1,1,feasible,10,10,2,3,4,3,feasible,10,4,4,feasible,10,4,4,feasible,3,1,complete,15,complete,10,complete,10,complete,10
13139,268,1,0,1,feasible,15,10,3,4,4,3,feasible,15,4,3,feasible,15,4,3,feasible,3,0,complete,15,complete,15,complete,15,complete,15
13182,269,0,1,1,feasible,10,10,2,3,4,3,feasible,10,4,4,feasible,10,4,4,feasible,3,1,complete,15,complete,10,complete,10,complete,10
13237,270,1,0,1,feasible,15,10,3,4,4,3,feasible,15,4,3,feasible,15,4,3,feasible,3,0,complete,15,complete,15,complete,15,complete,15
13293,271,2,0,1,feasible,15,10,3,5,4,3,feasible,15,4,3,feasible,15,4,3,feasible,3,0,complete,15,complete,15,complete,15,complete,15
13329,272,0,1,1,feasible,10,10,2,3,4,3,feasible,10,4,4,feasible,10,4,4,feasible,3,1,complete,11,complete,10,complete,11,complete,10
13385,273,1,1,1,feasible,10,10,2,4,4,3,feasible,10,4,4,feasible,10,4,4,feasible,3,1,complete,15,complete,10,complete,15,complete,10
13427,274,0,1,1,feasible,10,10,2,3,4,3,feasible,10,4,4,feasible,10,4,4,feasible,3,1,complete,11,complete,10,complete,10,complete,10
13483,275,1,1,1,feasible,10,10,2,4,4,3,feasible,10,4,4,feasible,10,4,4,feasible,3,1,complete,15,complete,10,complete,10,complete,10
13538,276,2,0,1,feasible,15,10,3,5,4,3,feasible,15,4,3,feasible,15,4,3,feasible,3,0,complete,15,complete,15,complete,15,complete,15
13581,277,1,1,1,feasible,10,10,2,4,4,3,feasible,10,4,4,feasible,10,4,4,feasible,3,1,complete,15,complete,10,complete,10,complete,10
13636,278,2,0,1,feasible,15,10,3,5,4,3,feasible,15,4,3,feasible,15,4,3,feasible,3,0,complete,15,complete,15,complete,15,complete,15
13692,279,3,0,1,feasible,15,14,3,6,4,3,feasible,15,4,3,feasible,15,4,3,feasible,3,0,complete,15,complete,15,complete,15,complete,15
13728,280,1,1,1,feasible,10,10,2,4,4,3,feasible,10,4,4,feasible,10,4,4,feasible,3,1,complete,11,complete,10,complete,11,complete,10
13784,281,2,1,1,feasible,10,10,2,5,4,3,feasible,10,4,4,feasible,10,4,4,feasible,3,1,complete,15,complete,10,complete,15,complete,10
13826,282,1,1,1,feasible,10,10,2,4,4,3,feasible,10,4,4,feasible,10,4,4,feasible,3,1,complete,11,complete,10,complete,10,complete,10
13882,283,2,1,1,feasible,10,10,2,5,4,3,feasible,10,4,4,feasible,10,4,4,feasible,3,1,complete,15,complete,10,complete,10,complete,10
13937,284,3,0,1,feasible,15,14,3,6,4,3,feasible,15,4,3,feasible,15,4,3,feasible,3,0,complete,15,complete,15,complete,15,complete,15
13980,285,2,1,1,feasible,10,10,2,5,4,3,feasible,10,4,4,feasible,10,4,4,feasible,3,1,complete,15,complete,10,complete,10,complete,10
14035,286,3,0,1,feasible,15,14,3,6,4,3,feasible,15,4,3,feasible,15,4,3,feasible,3,0,complete,15,complete,15,complete,15,complete,15
14091,287,4,0,1,feasible,15,14,3,7,4,3,feasible,15,4,3,feasible,15,4,3,feasible,3,0,complete,15,complete,15,complete,15,complete,15
14113,288,0,1,1,feasible,6,6,2,2,3,2,feasible,6,3,2,feasible,6,3,2,feasible,2,1,complete,6,complete,6,complete,6,complete,6
14163,289,0,2,1,feasible,10,10,2,3,3,2,feasible,10,3,2,feasible,10,3,2,feasible,2,1,complete,10,complete,10,complete,10,complete,10
14210,290,0,0,1,feasible,6,6,2,2,3,2,feasible,6,3,2,feasible,6,3,2,feasible,2,1,complete,6,complete,6,complete,6,complete,6
14266,291,1,0,1,feasible,10,10,2,3,3,2,feasible,10,3,2,feasible,10,3,2,feasible,2,1,complete,10,complete,10,complete,10,complete,10
14310,292,0,2,1,feasible,10,10,2,4,3,2,feasible,10,3,2,feasible,10,3,2,feasible,2,1,complete,10,complete,10,complete,10,complete,10
14364,293,1,0,1,feasible,10,10,2,3,3,2,feasible,10,3,2,feasible,10,3,2,feasible,2,1,complete,10,complete,10,complete,10,complete,10
14408,294,0,2,1,feasible,10,10,2,4,3,2,feasible,10,3,2,feasible,10,3,2,feasible,2,1,complete,10,complete,10,complete,10,complete,10
14464,295,1,2,1,feasible,10,10,2,5,3,2,feasible,10,3,2,feasible,10,3,2,feasible,2,1,complete,10,complete,10,complete,10,complete,10
14504,296,0,0,1,feasible,6,6,2,2,4,3,feasible,6,4,4,feasible,6,4,4,feasible,3,1,complete,7,complete,6,complete,6,complete,6
14560,297,1,0,1,feasible,10,10,2,3,4,3,feasible,10,4,4,feasible,10,4,4,feasible,3,1,complete,11,complete,10,complete,10,complete,11
14602,298,0,0,1,feasible,6,6,2,2,4,3,feasible,6,4,4,feasible,6,4,4,feasible,3,1,complete,7,complete,6,complete,6,complete,6
14658,299,1,0,1,feasible,10,10,2,3,4,3,feasible,10,4,4,feasible,10,4,4,feasible,3,1,complete,11,complete,10,complete,10,complete,11
14701,300,0,1,1,feasible,11,10,3,4,4,3,feasible,11,4,3,feasible,11,4,3,feasible,3,0,complete,11,complete,11,complete,11,complete,11
14756,301,1,0,1,feasible,10,10,2,3,4,3,feasible,10,4,4,feasible,10,4,4,feasible,3,1,complete,11,complete,10,complete,11,complete,11
14799,302,0,1,1,feasible,11,10,3,4,4,3,feasible,11,4,3,feasible,11,4,3,feasible,3,0,complete,11,complete,11,complete,11,complete,11
14855,303,1,1,1,feasible,11,10,3,5,4,3,feasible,11,4,3,feasible,11,4,3,feasible,3,0,complete,11,complete,11,complete,11,complete,11
14903,304,1,0,1,feasible,10,10,2,3,4,3,feasible,10,4,4,feasible,10,4,4,feasible,3,1,complete,11,complete,10,complete,10,complete,10
14947,305,0,2,1,feasible,10,10,2,4,4,3,feasible,10,4,4,feasible,10,4,4,feasible,3,1,complete,15,complete,10,complete,10,complete,10
15001,306,1,0,1,feasible,10,10,2,3,4,3,feasible,10,4,4,feasible,10,4,4,feasible,3,1,complete,11,complete,10,complete,10,complete,10
15045,307,0,2,1,feasible,10,10,2,4,4,3,feasible,10,4,4,feasible,10,4,4,feasible,3,1,complete,15,complete,10,complete,10,complete,10
15100,308,1,1,1,feasible,15,10,3,5,4,3,feasible,15,4,3,feasible,15,4,3,feasible,3,0,complete,15,complete,15,complete,15,complete,15
15143,309,0,2,1,feasible,10,10,2,4,4,3,feasible,10,4,4,feasible,10,4,4,feasible,3,1,complete,15,complete,10,complete,15,complete,10
15198,310,1,1,1,feasible,15,10,3,5,4,3,feasible,15,4,3,feasible,15,4,3,feasible,3,0,complete,15,complete,15,complete,15,complete,15
15254,311,2,1,1,feasible,15,10,3,6,4,3,feasible,15,4,3,feasible,15,4,3,feasible,3,0,complete,15,complete,15,complete,15,complete,15
15288,312,0,0,1,feasible,6,6,2,2,6,5,feasible,6,5,6,feasible,6,5,6,feasible,3,1,complete,7,complete,6,complete,6,complete,6
15337,313,0,0,1,feasible,11,10,3,3,4,3,feasible,11,4,3,feasible,11,4,3,feasible,3,0,complete,11,complete,11,complete,11,complete,11
15386,314,0,0,1,feasible,6,6,2,2,6,5,feasible,6,5,6,feasible,6,5,6,feasible,3,1,complete,7,complete,6,complete,6,complete,6
15435,315,0,0,1,feasible,11,10,3,3,4,3,feasible,11,4,3,feasible,11,4,3,feasible,3,0,complete,11,complete,11,complete,11,complete,11
15484,316,0,0,1,feasible,11,10,3,4,4,3,feasible,11,4,3,feasible,11,4,3,feasible,3,0,complete,11,complete,11,complete,11,complete,11
15533,317,0,0,1,feasible,11,10,3,3,4,3,feasible,11,4,3,feasible,11,4,3,feasible,3,0,complete,11,complete,11,complete,11,complete,11
15582,318,0,0,1,feasible,11,10,3,4,4,3,feasible,11,4,3,feasible,11,4,3,feasible,3,0,complete,11,complete,11,complete,11,complete,11
15638,319,1,0,1,feasible,11,10,3,5,4,3,feasible,11,4,3,feasible,11,4,3,feasible,3,0,complete,11,complete,11,complete,11,complete,11
15687,320,1,0,1,feasible,10,10,2,3,6,5,feasible,10,5,6,feasible,10,5,6,feasible,3,1,complete,11,complete,10,complete,10,complete,10
15736,321,1,0,1,feasible,15,10,3,4,4,3,feasible,15,4,3,feasible,15,4,3,feasible,3,0,complete,15,complete,15,complete,15,complete,15
15785,322,1,0,1,feasible,10,10,2,3,6,5,feasible,10,5,6,feasible,10,5,6,feasible,3,1,complete,11,complete,10,complete,10,complete,10
15834,323,1,0,1,feasible,15,10,3,4,4,3,feasible,15,4,3,feasible,15,4,3,feasible,3,0,complete,15,complete,15,complete,15,complete,15
15883,324,1,0,1,feasible,15,10,3,5,4,3,feasible,15,4,3,feasible,15,4,3,feasible,3,0,complete,15,complete,15,complete,15,complete,15
15932,325,1,0,1,feasible,15,10,3,4,4,3,feasible,15,4,3,feasible,15,4,3,feasible,3,0,complete,15,complete,15,complete,15,complete,15
15981,326,1,0,1,feasible,15,10,3,5,4,3,feasible,15,4,3,feasible,15,4,3,feasible,3,0,complete,15,complete,15,complete,15,complete,15
16037,327,2,0,1,feasible,15,10,3,6,4,3,feasible,15,4,3,feasible,15,4,3,feasible,3,0,complete,15,complete,15,complete,15,complete,15
16074,328,0,2,1,feasible,10,10,2,4,4,3,feasible,10,4,4,feasible,10,4,4,feasible,3,1,complete,11,complete,10,complete,10,complete,10
16135,329,2,0,1,feasible,15,10,3,5,4,3,feasible,15,4,3,feasible,15,4,3,feasible,3,0,complete,15,complete,15,complete,15,complete,15
16172,330,0,2,1,feasible,10,10,2,4,4,3,feasible,10,4,4,feasible,10,4,4,feasible,3,1,complete,11,complete,10,complete,10,complete,10
16233,331,2,0,1,feasible,15,10,3,5,4,3,feasible,15,4,3,feasible,15,4,3,feasible,3,0,complete,15,complete,15,complete,15,complete,15
16282,332,2,0,1,feasible,15,10,3,6,4,3,feasible,15,4,3,feasible,15,4,3,feasible,3,0,complete,15,complete,15,complete,15,complete,15
16331,333,2,0,1,feasible,15,10,3,5,4,3,feasible,15,4,3,feasible,15,4,3,feasible,3,0,complete,15,complete,15,complete,15,complete,15
16380,334,2,0,1,feasible,15,10,3,6,4,3,feasible,15,4,3,feasible,15,4,3,feasible,3,0,complete,15,complete,15,complete,15,complete,15
16436,335,3,0,1,feasible,15,14,3,7,4,3,feasible,15,4,3,feasible,15,4,3,feasible,3,0,complete,15,complete,15,complete,15,complete,15
16471,336,1,0,1,feasible,10,10,2,3,6,5,feasible,10,5,6,feasible,10,5,6,feasible,3,1,complete,11,complete,10,complete,11,complete,10
16520,337,1,0,1,feasible,15,10,3,4,4,3,feasible,15,4,3,feasible,15,4,3,feasible,3,0,complete,15,complete,15,complete,15,complete,15
16569,338,1,0,1,feasible,10,10,2,3,6,5,feasible,10,5,6,feasible,10,5,6,feasible,3,1,complete,11,complete,10,complete,10,complete,10
16618,339,1,0,1,feasible,15,10,3,4,4,3,feasible,15,4,3,feasible,15,4,3,feasible,3,0,complete,15,complete,15,complete,15,complete,15
16667,340,1,0,1,feasible,15,10,3,5,4,3,feasible,15,4,3,feasible,15,4,3,feasible,3,0,complete,15,complete,15,complete,15,complete,15
16716,341,1,0,1,feasible,15,10,3,4,4,3,feasible,15,4,3,feasible,15,4,3,feasible,3,0,complete,15,complete,15,complete,15,complete,15
16765,342,1,0,1,feasible,15,10,3,5,4,3,feasible,15,4,3,feasible,15,4,3,feasible,3,0,complete,15,complete,15,complete,15,complete,15
16821,343,2,0,1,feasible,15,10,3,6,4,3,feasible,15,4,3,feasible,15,4,3,feasible,3,0,complete,15,complete,15,complete,15,complete,15
16858,344,0,2,1,feasible,10,10,2,4,4,3,feasible,10,4,4,feasible,10,4,4,feasible,3,1,complete,11,complete,10,complete,11,complete,10
16919,345,2,0,1,feasible,15,10,3,5,4,3,feasible,15,4,3,feasible,15,4,3,feasible,3,0,complete,15,complete,15,complete,15,complete,15
16956,346,0,2,1,feasible,10,10,2,4,4,3,feasible,10,4,4,feasible,10,4,4,feasible,3,1,complete,11,complete,10,complete,10,complete,10
17017,347,2,0,1,feasible,15,10,3,5,4,3,feasible,15,4,3,feasible,15,4,3,feasible,3,0,complete,15,complete,15,complete,15,complete,15
17066,348,2,0,1,feasible,15,10,3,6,4,3,feasible,15,4,3,feasible,15,4,3,feasible,3,0,complete,15,complete,15,complete,15,complete,15
17115,349,2,0,1,feasible,15,10,3,5,4,3,feasible,15,4,3,feasible,15,4,3,feasible,3,0,complete,15,complete,15,complete,15,complete,15
17164,350,2,0,1,feasible,15,10,3,6,4,3,feasible,15,4,3,feasible,15,4,3,feasible,3,0,complete,15,complete,15,complete,15,complete,15
17220,351,3,0,1,feasible,15,14,3,7,4,3,feasible,15,4,3,feasible,15,4,3,feasible,3,0,complete,15,complete,15,complete,15,complete,15
17257,352,1,2,1,feasible,10,10,2,5,4,3,feasible,10,4,4,feasible,10,4,4,feasible,3,1,complete,11,complete,10,complete,11,complete,10
17318,353,3,0,1,feasible,15,10,3,6,4,3,feasible,15,4,3,feasible,15,4,3,feasible,3,0,complete,15,complete,15,complete,15,complete,15
17355,354,1,2,1,feasible,10,10,2,5,4,3,feasible,10,4,4,feasible,10,4,4,feasible,3,1,complete,11,complete,10,complete,10,complete,10
17416,355,3,0,1,feasible,15,10,3,6,4,3,feasible,15,4,3,feasible,15,4,3,feasible,3,0,complete,15,complete,15,complete,15,complete,15
17465,356,3,0,1,feasible,15,14,3,7,4,3,feasible,15,4,3,feasible,15,4,3,feasible,3,0,complete,15,complete,15,complete,15,complete,15
17514,357,3,0,1,feasible,15,10,3,6,4,3,feasible,15,4,3,feasible,15,4,3,feasible,3,0,complete,15,complete,15,complete,15,complete,15
17563,358,3,0,1,feasible,15,14,3,7,4,3,feasible,15,4,3,feasible,15,4,3,feasible,3,0,complete,15,complete,15,complete,15,complete,15
17619,359,4,0,1,feasible,15,14,3,8,4,3,feasible,15,4,3,feasible,15,4,3,feasible,3,0,complete,15,complete,15,complete,15,complete,15
17640,360,0,0,1,feasible,6,6,2,1,3,2,feasible,6,3,2,feasible,6,3,2,feasible,2,1,complete,6,complete,6,complete,6,complete,6
17690,361,0,1,1,feasible,10,10,2,2,3,2,feasible,10,3,2,feasible,10,3,2,feasible,2,1,complete,10,complete,10,complete,10,complete,10
17738,362,0,0,1,feasible,6,6,2,1,3,2,feasible,6,3,2,feasible,6,3,2,feasible,2,1,complete,6,complete,6,complete,6,complete,6
17788,363,0,1,1,feasible,10,10,2,2,3,2,feasible,10,3,2,feasible,10,3,2,feasible,2,1,complete,10,complete,10,complete,10,complete,10
17837,364,0,1,1,feasible,10,10,2,3,3,2,feasible,10,3,2,feasible,10,3,2,feasible,2,1,complete,10,complete,10,complete,10,complete,10
17886,365,0,1,1,feasible,10,10,2,2,3,2,feasible,10,3,2,feasible,10,3,2,feasible,2,1,complete,10,complete,10,complete,10,complete,10
17935,366,0,1,1,feasible,10,10,2,3,3,2,feasible,10,3,2,feasible,10,3,2,feasible,2,1,complete,10,complete,10,complete,10,complete,10
17984,367,0,1,1,feasible,10,10,2,4,3,2,feasible,10,3,2,feasible,10,3,2,feasible,2,1,complete,10,complete,10,complete,10,complete,10
18032,368,0,0,1,feasible,6,6,2,1,6,5,feasible,6,5,6,feasible,6,5,6,feasible,3,1,complete,7,complete,6,complete,6,complete,6
18081,369,0,0,1,feasible,11,10,3,2,4,3,feasible,11,4,3,feasible,11,4,3,feasible,3,0,complete,11,complete,11,complete,11,complete,11
18130,370,0,0,1,feasible,6,6,2,1,6,5,feasible,6,5,6,feasible,6,5,6,feasible,3,1,complete,7,complete,6,complete,6,complete,6
18179,371,0,0,1,feasible,11,10,3,2,4,3,feasible,11,4,3,feasible,11,4,3,feasible,3,0,complete,11,complete,11,complete,11,complete,11
18228,372,0,0,1,feasible,11,10,3,3,4,3,feasible,11,4,3,feasible,11,4,3,feasible,3,0,complete,11,complete,11,complete,11,complete,11
18277,373,0,0,1,feasible,11,10,3,2,4,3,feasible,11,4,3,feasible,11,4,3,feasible,3,0,complete,11,complete,11,complete,11,complete,11
18326,374,0,0,1,feasible,11,10,3,3,4,3,feasible,11,4,3,feasible,11,4,3,feasible,3,0,complete,11,complete,11,complete,11,complete,11
18375,375,0,0,1,feasible,11,10,3,4,4,3,feasible,11,4,3,feasible,11,4,3,feasible,3,0,complete,11,complete,11,complete,11,complete,11
18425,376,0,1,1,feasible,10,10,2,2,4,3,feasible,10,4,4,feasible,10,4,4,feasible,3,1,complete,11,complete,10,complete,10,complete,10
18474,377,0,1,1,feasible,10,10,2,3,4,3,feasible,10,4,4,feasible,10,4,4,feasible,3,1,complete,15,complete,10,complete,10,complete,10
18523,378,0,1,1,feasible,10,10,2,2,4,3,feasible,10,4,4,feasible,10,4,4,feasible,3,1,complete,11,complete,10,complete,10,complete,10
18572,379,0,1,1,feasible,10,10,2,3,4,3,feasible,10,4,4,feasible,10,4,4,feasible,3,1,complete,15,complete,10,complete,10,complete,10
18621,380,0,1,1,feasible,10,10,2,4,4,3,feasible,10,4,4,feasible,10,4,4,feasible,3,1,complete,15,complete,10,complete,10,complete,10
18670,381,0,1,1,feasible,10,10,2,3,4,3,feasible,10,4,4,feasible,10,4,4,feasible,3,1,complete,15,complete,10,complete,15,complete,10
18719,382,0,1,1,feasible,10,10,2,4,4,3,feasible,10,4,4,feasible,10,4,4,feasible,3,1,complete,15,complete,10,complete,15,complete,10
18774,383,1,0,1,feasible,15,10,3,5,4,3,feasible,15,4,3,feasible,15,4,3,feasible,3,0,complete,15,complete,15,complete,15,complete,15
18816,384,0,0,1,feasible,6,6,2,1,6,5,feasible,6,5,6,feasible,6,5,6,feasible,3,1,complete,7,complete,6,complete,6,complete,6
18865,385,0,0,1,feasible,11,10,3,2,4,3,feasible,11,4,3,feasible,11,4,3,feasible,3,0,complete,11,complete,11,complete,11,complete,11
18914,386,0,0,1,feasible,6,6,2,1,6,5,feasible,6,5,6,feasible,6,5,6,feasible,3,1,complete,7,complete,6,complete,6,complete,6
18963,387,0,0,1,feasible,11,10,3,2,4,3,feasible,11,4,3,feasible,11,4,3,feasible,3,0,complete,11,complete,11,complete,11,complete,11
19012,388,0,0,1,feasible,11,10,3,3,4,3,feasible,11,4,3,feasible,11,4,3,feasible,3,0,complete,11,complete,11,complete,11,complete,11
19061,389,0,0,1,feasible,11,10,3,2,4,3,feasible,11,4,3,feasible,11,4,3,feasible,3,0,complete,11,complete,11,complete,11,complete,11
19110,390,0,0,1,feasible,11,10,3,3,4,3,feasible,11,4,3,feasible,11,4,3,feasible,3,0,complete,11,complete,11,complete,11,complete,11
19159,391,0,0,1,feasible,11,10,3,4,4,3,feasible,11,4,3,feasible,11,4,3,feasible,3,0,complete,11,complete,11,complete,11,complete,11
19209,392,0,1,1,feasible,10,10,2,2,4,3,feasible,10,4,4,feasible,10,4,4,feasible,3,1,complete,11,complete,10,complete,10,complete,10
19258,393,0,1,1,feasible,10,10,2,3,4,3,feasible,10,4,4,feasible,10,4,4,feasible,3,1,complete,15,complete,10,complete,10,complete,10
19307,394,0,1,1,feasible,10,10,2,2,4,3,feasible,10,4,4,feasible,10,4,4,feasible,3,1,complete,11,complete,10,complete,10,complete,10
19356,395,0,1,1,feasible,10,10,2,3,4,3,feasible,10,4,4,feasible,10,4,4,feasible,3,1,complete,15,complete,10,complete,10,complete,10
19405,396,0,1,1,feasible,10,10,2,4,4,3,feasible,10,4,4,feasible,10,4,4,feasible,3,1,complete,15,complete,10,complete,10,complete,10
19454,397,0,1,1,feasible,10,10,2,3,4,3,feasible,10,4,4,feasible,10,4,4,feasible,3,1,complete,15,complete,10,complete,10,complete,10
19503,398,0,1,1,feasible,10,10,2,4,4,3,feasible,10,4,4,feasible,10,4,4,feasible,3,1,complete,15,complete,10,complete,10,complete,10
19558,399,1,0,1,feasible,15,10,3,5,4,3,feasible,15,4,3,feasible,15,4,3,feasible,3,0,complete,15,complete,15,complete,15,complete,15
19601,400,0,1,1,feasible,10,10,2,3,4,3,feasible,10,4,4,feasible,10,4,4,feasible,3,1,complete,11,complete,10,complete,10,complete,10
19650,401,0,1,1,feasible,10,10,2,4,4,3,feasible,10,4,4,feasible,10,4,4,feasible,3,1,complete,15,complete,10,complete,10,complete,10
19699,402,0,1,1,feasible,10,10,2,3,4,3,feasible,10,4,4,feasible,10,4,4,feasible,3,1,complete,11,complete,10,complete,10,complete,10
19748,403,0,1,1,feasible,10,10,2,4,4,3,feasible,10,4,4,feasible,10,4,4,feasible,3,1,complete,15,complete,10,complete,10,complete,10
19804,404,1,1,1,feasible,10,10,2,5,4,3,feasible,10,4,4,feasible,10,4,4,feasible,3,1,complete,15,complete,10,complete,10,complete,10
19846,405,0,1,1,feasible,10,10,2,4,4,3,feasible,10,4,4,feasible,10,4,4,feasible,3,1,complete,15,complete,10,complete,10,complete,10
19902,406,1,1,1,feasible,10,10,2,5,4,3,feasible,10,4,4,feasible,10,4,4,feasible,3,1,complete,15,complete,10,complete,10,complete,10
19957,407,2,0,1,feasible,15,14,3,6,4,3,feasible,15,4,3,feasible,15,4,3,feasible,3,0,complete,15,complete,15,complete,15,complete,15
19993,408,0,1,1,feasible,10,10,2,2,4,3,feasible,10,4,4,feasible,10,4,4,feasible,3,1,complete,11,complete,10,complete,11,complete,10
20042,409,0,1,1,feasible,10,10,2,3,4,3,feasible,10,4,4,feasible,10,4,4,feasible,3,1,complete,15,complete,10,complete,15,complete,10
20091,410,0,1,1,feasible,10,10,2,2,4,3,feasible,10,4,4,feasible,10,4,4,feasible,3,1,complete,11,complete,10,complete,10,complete,10
20140,411,0,1,1,feasible,10,10,2,3,4,3,feasible,10,4,4,feasible,10,4,4,feasible,3,1,complete,15,complete,10,complete,10,complete,10
20189,412,0,1,1,feasible,10,10,2,4,4,3,feasible,10,4,4,feasible,10,4,4,feasible,3,1,complete,15,complete,10,complete,10,complete,10
20238,413,0,1,1,feasible,10,10,2,3,4,3,feasible,10,4,4,feasible,10,4,4,feasible,3,1,complete,15,complete,10,complete,10,complete,10
20287,414,0,1,1,feasible,10,10,2,4,4,3,feasible,10,4,4,feasible,10,4,4,feasible,3,1,complete,15,complete,10,complete,10,complete,10
20342,415,1,0,1,feasible,15,10,3,5,4,3,feasible,15,4,3,feasible,15,4,3,feasible,3,0,complete,15,complete,15,complete,15,complete,15
20385,416,0,1,1,feasible,10,10,2,3,4,3,feasible,10,4,4,feasible,10,4,4,feasible,3,1,complete,11,complete,10,complete,11,complete,10
20434,417,0,1,1,feasible,10,10,2,4,4,3,feasible,10,4,4,feasible,10,4,4,feasible,3,1,complete,15,complete,10,complete,15,complete,10
20483,418,0,1,1,feasible,10,10,2,3,4,3,feasible,10,4,4,feasible,10,4,4,feasible,3,1,complete,11,complete,10,complete,10,complete,10
20532,419,0,1,1,feasible,10,10,2,4,4,3,feasible,10,4,4,feasible,10,4,4,feasible,3,1,complete,15,complete,10,complete,10,complete,10
20588,420,1,1,1,feasible,10,10,2,5,4,3,feasible,10,4,4,feasible,10,4,4,feasible,3,1,complete,15,complete,10,complete,10,complete,10
20630,421,0,1,1,feasible,10,10,2,4,4,3,feasible,10,4,4,feasible,10,4,4,feasible,3,1,complete,15,complete,10,complete,10,complete,10
20686,422,1,1,1,feasible,10,10,2,5,4,3,feasible,10,4,4,feasible,10,4,4,feasible,3,1,complete,15,complete,10,complete,10,complete,10
20741,423,2,0,1,feasible,15,14,3,6,4,3,feasible,15,4,3,feasible,15,4,3,feasible,3,0,complete,15,complete,15,complete,15,complete,15
20777,424,0,1,1,feasible,10,10,2,4,4,3,feasible,10,4,4,feasible,10,4,4,feasible,3,1,complete,11,complete,10,complete,11,complete,10
20833,425,1,1,1,feasible,10,10,2,5,4,3,feasible,10,4,4,feasible,10,4,4,feasible,3,1,complete,15,complete,10,complete,15,complete,10
20875,426,0,1,1,feasible,10,10,2,4,4,3,feasible,10,4,4,feasible,10,4,4,feasible,3,1,complete,11,complete,10,complete,10,complete,10
20931,427,1,1,1,feasible,10,10,2,5,4,3,feasible,10,4,4,feasible,10,4,4,feasible,3,1,complete,15,complete,10,complete,10,complete,10
20987,428,2,1,1,feasible,14,14,2,6,4,3,feasible,14,4,4,feasible,14,4,4,feasible,3,1,complete,15,complete,14,complete,14,complete,15
21029,429,1,1,1,feasible,10,10,2,5,4,3,feasible,10,4,4,feasible,10,4,4,feasible,3,1,complete,15,complete,10,complete,10,complete,10
21085,430,2,1,1,feasible,14,14,2,6,4,3,feasible,14,4,4,feasible,14,4,4,feasible,3,1,complete,15,complete,14,complete,14,complete,14
21140,431,3,0,1,feasible,15,14,3,7,4,3,feasible,15,4,3,feasible,15,4,3,feasible,3,0,complete,15,complete,15,complete,15,complete,15
21169,432,0,1,1,feasible,6,6,2,2,3,2,feasible,6,3,2,feasible,6,3,2,feasible,2,1,complete,6,complete,6,complete,6,complete,6
21219,433,0,2,1,feasible,10,10,2,3,3,2,feasible,10,3,2,feasible,10,3,2,feasible,2,1,complete,10,complete,10,complete,10,complete,10
21266,434,0,0,1,feasible,6,6,2,2,3,2,feasible,6,3,2,feasible,6,3,2,feasible,2,1,complete,6,complete,6,complete,6,complete,6
21322,435,1,0,1,feasible,10,10,2,3,3,2,feasible,10,3,2,feasible,10,3,2,feasible,2,1,complete,10,complete,10,complete,10,complete,10
21366,436,0,2,1,feasible,10,10,2,4,3,2,feasible,10,3,2,feasible,10,3,2,feasible,2,1,complete,10,complete,10,complete,10,complete,10
21420,437,1,0,1,feasible,10,10,2,3,3,2,feasible,10,3,2,feasible,10,3,2,feasible,2,1,complete,10,complete,10,complete,10,complete,10
21464,438,0,2,1,feasible,10,10,2,4,3,2,feasible,10,3,2,feasible,10,3,2,feasible,2,1,complete,10,complete,10,complete,10,complete,10
21513,439,0,2,1,feasible,10,10,2,5,3,2,feasible,10,3,2,feasible,10,3,2,feasible,2,1,complete,10,complete,10,complete,10,complete,10
21560,440,0,0,1,feasible,6,6,2,2,4,3,feasible,6,4,4,feasible,6,4,4,feasible,3,1,complete,7,complete,6,complete,6,complete,6
21616,441,1,0,1,feasible,10,10,2,3,4,3,feasible,10,4,4,feasible,10,4,4,feasible,3,1,complete,11,complete,10,complete,10,complete,11
21658,442,0,0,1,feasible,6,6,2,2,4,3,feasible,6,4,4,feasible,6,4,4,feasible,3,1,complete,7,complete,6,complete,6,complete,6
21714,443,1,0,1,feasible,10,10,2,3,4,3,feasible,10,4,4,feasible,10,4,4,feasible,3,1,complete,11,complete,10,complete,10,complete,11
21757,444,0,1,1,feasible,11,10,3,4,4,3,feasible,11,4,3,feasible,11,4,3,feasible,3,0,complete,11,complete,11,complete,11,complete,11
21812,445,1,0,1,feasible,10,10,2,3,4,3,feasible,10,4,4,feasible,10,4,4,feasible,3,1,complete,11,complete,10,complete,11,complete,11
21855,446,0,1,1,feasible,11,10,3,4,4,3,feasible,11,4,3,feasible,11,4,3,feasible,3,0,complete,11,complete,11,complete,11,complete,11
21904,447,0,1,1,feasible,11,10,3,5,4,3,feasible,11,4,3,feasible,11,4,3,feasible,3,0,complete,11,complete,11,complete,11,complete,11
21959,448,1,0,1,feasible,10,10,2,3,4,3,feasible,10,4,4,feasible,10,4,4,feasible,3,1,complete,11,complete,10,complete,10,complete,10
22003,449,0,2,1,feasible,10,10,2,4,4,3,feasible,10,4,4,feasible,10,4,4,feasible,3,1,complete,15,complete,10,complete,10,complete,10
22057,450,1,0,1,feasible,10,10,2,3,4,3,feasible,10,4,4,feasible,10,4,4,feasible,3,1,complete,11,complete,10,complete,10,complete,10
22101,451,0,2,1,feasible,10,10,2,4,4,3,feasible,10,4,4,feasible,10,4,4,feasible,3,1,complete,15,complete,10,complete,10,complete,10
22150,452,0,2,1,feasible,10,10,2,5,4,3,feasible,10,4,4,feasible,10,4,4,feasible,3,1,complete,15,complete,10,complete,10,complete,10
22199,453,0,2,1,feasible,10,10,2,4,4,3,feasible,10,4,4,feasible,10,4,4,feasible,3,1,complete,15,complete,10,complete,15,complete,10
22248,454,0,2,1,feasible,10,10,2,5,4,3,feasible,10,4,4,feasible,10,4,4,feasible,3,1,complete,15,complete,10,complete,15,complete,10
22303,455,1,1,1,feasible,15,10,3,6,4,3,feasible,15,4,3,feasible,15,4,3,feasible,3,0,complete,15,complete,15,complete,15,complete,15
22344,456,0,0,1,feasible,6,6,2,2,6,5,feasible,6,5,6,feasible,6,5,6,feasible,3,1,complete,7,complete,6,complete,6,complete,6
22393,457,0,0,1,feasible,11,10,3,3,4,3,feasible,11,4,3,feasible,11,4,3,feasible,3,0,complete,11,complete,11,complete,11,complete,11
22442,458,0,0,1,feasible,6,6,2,2,6,5,feasible,6,5,6,feasible,6,5,6,feasible,3,1,complete,7,complete,6,complete,6,complete,6
22491,459,0,0,1,feasible,11,10,3,3,4,3,feasible,11,4,3,feasible,11,4,3,feasible,3,0,complete,11,complete,11,complete,11,complete,11
22540,460,0,0,1,feasible,11,10,3,4,4,3,feasible,11,4,3,feasible,11,4,3,feasible,3,0,complete,11,complete,11,complete,11,complete,11
22589,461,0,0,1,feasible,11,10,3,3,4,3,feasible,11,4,3,feasible,11,4,3,feasible,3,0,complete,11,complete,11,complete,11,complete,11
22638,462,0,0,1,feasible,11,10,3,4,4,3,feasible,11,4,3,feasible,11,4,3,feasible,3,0,complete,11,complete,11,complete,11,complete,11
22687,463,0,0,1,feasible,11,10,3,5,4,3,feasible,11,4,3,feasible,11,4,3,feasible,3,0,complete,11,complete,11,complete,11,complete,11
22743,464,1,0,1,feasible,10,10,2,3,6,5,feasible,10,5,6,feasible,10,5,6,feasible,3,1,complete,11,complete,10,complete,10,complete,10
22792,465,1,0,1,feasible,15,10,3,4,4,3,feasible,15,4,3,feasible,15,4,3,feasible,3,0,complete,15,complete,15,complete,15,complete,15
22841,466,1,0,1,feasible,10,10,2,3,6,5,feasible,10,5,6,feasible,10,5,6,feasible,3,1,complete,11,complete,10,complete,10,complete,10
22890,467,1,0,1,feasible,15,10,3,4,4,3,feasible,15,4,3,feasible,15,4,3,feasible,3,0,complete,15,complete,15,complete,15,complete,15
22939,468,1,0,1,feasible,15,10,3,5,4,3,feasible,15,4,3,feasible,15,4,3,feasible,3,0,complete,15,complete,15,complete,15,complete,15
22988,469,1,0,1,feasible,15,10,3,4,4,3,feasible,15,4,3,feasible,15,4,3,feasible,3,0,complete,15,complete,15,complete,15,complete,15
23037,470,1,0,1,feasible,15,10,3,5,4,3,feasible,15,4,3,feasible,15,4,3,feasible,3,0,complete,15,complete,15,complete,15,complete,15
23086,471,1,0,1,feasible,15,10,3,6,4,3,feasible,15,4,3,feasible,15,4,3,feasible,3,0,complete,15,complete,15,complete,15,complete,15
23130,472,0,2,1,feasible,10,10,2,4,4,3,feasible,10,4,4,feasible,10,4,4,feasible,3,1,complete,11,complete,10,complete,10,complete,10
23179,473,0,2,1,feasible,10,10,2,5,4,3,feasible,10,4,4,feasible,10,4,4,feasible,3,1,complete,15,complete,10,complete,10,complete,10
23228,474,0,2,1,feasible,10,10,2,4,4,3,feasible,10,4,4,feasible,10,4,4,feasible,3,1,complete,11,complete,10,complete,10,complete,10
23277,475,0,2,1,feasible,10,10,2,5,4,3,feasible,10,4,4,feasible,10,4,4,feasible,3,1,complete,15,complete,10,complete,10,complete,10
23338,476,2,0,1,feasible,15,10,3,6,4,3,feasible,15,4,3,feasible,15,4,3,feasible,3,0,complete,15,complete,15,complete,15,complete,15
23375,477,0,2,1,feasible,10,10,2,5,4,3,feasible,10,4,4,feasible,10,4,4,feasible,3,1,complete,15,complete,10,complete,10,complete,10
23436,478,2,0,1,feasible,15,10,3,6,4,3,feasible,15,4,3,feasible,15,4,3,feasible,3,0,complete,15,complete,15,complete,15,complete,15
23485,479,2,0,1,feasible,15,14,3,7,4,3,feasible,15,4,3,feasible,15,4,3,feasible,3,0,complete,15,complete,15,complete,15,complete,15
23527,480,1,0,1,feasible,10,10,2,3,6,5,feasible,10,5,6,feasible,10,5,6,feasible,3,1,complete,11,complete,10,complete,11,complete,10
23576,481,1,0,1,feasible,15,10,3,4,4,3,feasible,15,4,3,feasible,15,4,3,feasible,3,0,complete,15,complete,15,complete,15,complete,15
23625,482,1,0,1,feasible,10,10,2,3,6,5,feasible,10,5,6,feasible,10,5,6,feasible,3,1,complete,11,complete,10,complete,10,complete,10
23674,483,1,0,1,feasible,15,10,3,4,4,3,feasible,15,4,3,feasible,15,4,3,feasible,3,0,complete,15,complete,15,complete,15,complete,15
23723,484,1,0,1,feasible,15,10,3,5,4,3,feasible,15,4,3,feasible,15,4,3,feasible,3,0,complete,15,complete,15,complete,15,complete,15
23772,485,1,0,1,feasible,15,10,3,4,4,3,feasible,15,4,3,feasible,15,4,3,feasible,3,0,complete,15,complete,15,complete,15,complete,15
23821,486,1,0,1,feasible,15,10,3,5,4,3,feasible,15,4,3,feasible,15,4,3,feasible,3,0,complete,15,complete,15,complete,15,complete,15
23870,487,1,0,1,feasible,15,10,3,6,4,3,feasible,15,4,3,feasible,15,4,3,feasible,3,0,complete,15,complete,15,complete,15,complete,15
23914,488,0,2,1,feasible,10,10,2,4,4,3,feasible,10,4,4,feasible,10,4,4,feasible,3,1,complete,11,complete,10,complete,11,complete,10
23963,489,0,2,1,feasible,10,10,2,5,4,3,feasible,10,4,4,feasible,10,4,4,feasible,3,1,complete,15,complete,10,complete,15,complete,10
24012,490,0,2,1,feasible,10,10,2,4,4,3,feasible,10,4,4,feasible,10,4,4,feasible,3,1,complete,11,complete,10,complete,10,complete,10
24061,491,0,2,1,feasible,10,10,2,5,4,3,feasible,10,4,4,feasible,10,4,4,feasible,3,1,complete,15,complete,10,complete,10,complete,10
24122,492,2,0,1,feasible,15,10,3,6,4,3,feasible,15,4,3,feasible,15,4,3,feasible,3,0,complete,15,complete,15,complete,15,complete,15
24159,493,0,2,1,feasible,10,10,2,5,4,3,feasible,10,4,4,feasible,10,4,4,feasible,3,1,complete,15,complete,10,complete,10,complete,10
24220,494,2,0,1,feasible,15,10,3,6,4,3,feasible,15,4,3,feasible,15,4,3,feasible,3,0,complete,15,complete,15,complete,15,complete,15
24269,495,2,0,1,feasible,15,14,3,7,4,3,feasible,15,4,3,feasible,15,4,3,feasible,3,0,complete,15,complete,15,complete,15,complete,15
24306,496,0,2,1,feasible,10,10,2,5,4,3,feasible,10,4,4,feasible,10,4,4,feasible,3,1,complete,11,complete,10,complete,11,complete,10
24362,497,1,2,1,feasible,10,10,2,6,4,3,feasible,10,4,4,feasible,10,4,4,feasible,3,1,complete,15,complete,10,complete,15,complete,10
24404,498,0,2,1,feasible,10,10,2,5,4,3,feasible,10,4,4,feasible,10,4,4,feasible,3,1,complete,11,complete,10,complete,10,complete,10
24460,499,1,2,1,feasible,10,10,2,6,4,3,feasible,10,4,4,feasible,10,4,4,feasible,3,1,complete,15,complete,10,complete,10,complete,10
24521,500,3,0,1,feasible,15,14,3,7,4,3,feasible,15,4,3,feasible,15,4,3,feasible,3,0,complete,15,complete,15,complete,15,complete,15
24558,501,1,2,1,feasible,10,10,2,6,4,3,feasible,10,4,4,feasible,10,4,4,feasible,3,1,complete,15,complete,10,complete,10,complete,10
24619,502,3,0,1,feasible,15,14,3,7,4,3,feasible,15,4,3,feasible,15,4,3,feasible,3,0,complete,15,complete,15,complete,15,complete,15
24668,503,3,0,1,feasible,15,14,3,8,4,3,feasible,15,4,3,feasible,15,4,3,feasible,3,0,complete,15,complete,15,complete,15,complete,15
24698,504,0,2,1,feasible,6,6,2,3,3,2,feasible,6,3,2,feasible,6,3,2,feasible,2,1,complete,6,complete,6,complete,6,complete,6
24748,505,0,3,1,feasible,10,10,2,4,3,2,feasible,10,3,2,feasible,10,3,2,feasible,2,1,complete,10,complete,10,complete,10,complete,10
24795,506,0,1,1,feasible,6,6,2,3,3,2,feasible,6,3,2,feasible,6,3,2,feasible,2,1,complete,6,complete,6,complete,6,complete,6
24851,507,1,1,1,feasible,10,10,2,4,3,2,feasible,10,3,2,feasible,10,3,2,feasible,2,1,complete,10,complete,10,complete,10,complete,10
24895,508,0,3,1,feasible,10,10,2,5,3,2,feasible,10,3,2,feasible,10,3,2,feasible,2,1,complete,10,complete,10,complete,10,complete,10
24948,509,1,0,1,feasible,10,10,2,4,3,2,feasible,10,3,2,feasible,10,3,2,feasible,2,1,complete,10,complete,10,complete,10,complete,10
25004,510,2,0,1,feasible,10,10,2,5,3,2,feasible,10,3,2,feasible,10,3,2,feasible,2,1,complete,10,complete,10,complete,10,complete,10
25042,511,0,3,1,feasible,10,10,2,6,3,2,feasible,10,3,2,feasible,10,3,2,feasible,2,1,complete,10,complete,10,complete,10,complete,10
25089,512,0,1,1,feasible,6,6,2,3,4,3,feasible,6,4,4,feasible,6,4,4,feasible,3,1,complete,7,complete,6,complete,6,complete,6
25145,513,1,1,1,feasible,10,10,2,4,4,3,feasible,10,4,4,feasible,10,4,4,feasible,3,1,complete,11,complete,10,complete,10,complete,11
25186,514,0,0,1,feasible,6,6,2,3,4,3,feasible,6,4,4,feasible,6,4,4,feasible,3,1,complete,7,complete,6,complete,6,complete,6
25242,515,1,0,1,feasible,10,10,2,4,4,3,feasible,10,4,4,feasible,10,4,4,feasible,3,1,complete,11,complete,10,complete,10,complete,11
25298,516,2,0,1,feasible,10,10,2,5,4,3,feasible,10,4,4,feasible,10,4,4,feasible,3,1,complete,11,complete,10,complete,10,complete,11
25340,517,1,0,1,feasible,10,10,2,4,4,3,feasible,10,4,4,feasible,10,4,4,feasible,3,1,complete,11,complete,10,complete,11,complete,11
25396,518,2,0,1,feasible,10,10,2,5,4,3,feasible,10,4,4,feasible,10,4,4,feasible,3,1,complete,11,complete,10,complete,11,complete,11
25433,519,0,2,1,feasible,11,10,3,6,4,3,feasible,11,4,3,feasible,11,4,3,feasible,3,0,complete,11,complete,11,complete,11,complete,11
25488,520,1,1,1,feasible,10,10,2,4,4,3,feasible,10,4,4,feasible,10,4,4,feasible,3,1,complete,11,complete,10,complete,10,complete,10
25532,521,0,3,1,feasible,10,10,2,5,4,3,feasible,10,4,4,feasible,10,4,4,feasible,3,1,complete,15,complete,10,complete,10,complete,10
25585,522,1,0,1,feasible,10,10,2,4,4,3,feasible,10,4,4,feasible,10,4,4,feasible,3,1,complete,11,complete,10,complete,10,complete,10
25641,523,2,0,1,feasible,10,10,2,5,4,3,feasible,10,4,4,feasible,10,4,4,feasible,3,1,complete,15,complete,10,complete,10,complete,10
25679,524,0,3,1,feasible,10,10,2,6,4,3,feasible,10,4,4,feasible,10,4,4,feasible,3,1,complete,15,complete,10,complete,10,complete,10
25739,525,2,0,1,feasible,10,10,2,5,4,3,feasible,10,4,4,feasible,10,4,4,feasible,3,1,complete,15,complete,10,complete,15,complete,10
25777,526,0,3,1,feasible,10,10,2,6,4,3,feasible,10,4,4,feasible,10,4,4,feasible,3,1,complete,15,complete,10,complete,15,complete,10
25832,527,1,2,1,feasible,15,10,3,7,4,3,feasible,15,4,3,feasible,15,4,3,feasible,3,0,complete,15,complete,15,complete,15,complete,15
25872,528,0,0,1,feasible,6,6,2,3,4,3,feasible,6,4,4,feasible,6,4,4,feasible,3,1,complete,7,complete,6,complete,6,complete,6
25928,529,1,0,1,feasible,10,10,2,4,4,3,feasible,10,4,4,feasible,10,4,4,feasible,3,1,complete,11,complete,10,complete,10,complete,11
25970,530,0,0,1,feasible,6,6,2,3,4,3,feasible,6,4,4,feasible,6,4,4,feasible,3,1,complete,7,complete,6,complete,6,complete,6
26026,531,1,0,1,feasible,10,10,2,4,4,3,feasible,10,4,4,feasible,10,4,4,feasible,3,1,complete,11,complete,10,complete,10,complete,11
26069,532,0,1,1,feasible,11,10,3,5,4,3,feasible,11,4,3,feasible,11,4,3,feasible,3,0,complete,11,complete,11,complete,11,complete,11
26124,533,1,0,1,feasible,10,10,2,4,4,3,feasible,10,4,4,feasible,10,4,4,feasible,3,1,complete,11,complete,10,complete,10,complete,11
26167,534,0,1,1,feasible,11,10,3,5,4,3,feasible,11,4,3,feasible,11,4,3,feasible,3,0,complete,11,complete,11,complete,11,complete,11
26216,535,0,1,1,feasible,11,10,3,6,4,3,feasible,11,4,3,feasible,11,4,3,feasible,3,0,complete,11,complete,11,complete,11,complete,11
26271,536,1,0,1,feasible,10,10,2,4,4,3,feasible,10,4,4,feasible,10,4,4,feasible,3,1,complete,11,complete,10,complete,10,complete,10
26327,537,2,0,1,feasible,10,10,2,5,4,3,feasible,10,4,4,feasible,10,4,4,feasible,3,1,complete,15,complete,10,complete,10,complete,10
26369,538,1,0,1,feasible,10,10,2,4,4,3,feasible,10,4,4,feasible,10,4,4,feasible,3,1,complete,11,complete,10,complete,10,complete,10
26425,539,2,0,1,feasible,10,10,2,5,4,3,feasible,10,4,4,feasible,10,4,4,feasible,3,1,complete,15,complete,10,complete,10,complete,10
26468,540,1,1,1,feasible,15,10,3,6,4,3,feasible,15,4,3,feasible,15,4,3,feasible,3,0,complete,15,complete,15,complete,15,complete,15
26523,541,2,0,1,feasible,10,10,2,5,4,3,feasible,10,4,4,feasible,10,4,4,feasible,3,1,complete,15,complete,10,complete,10,complete,10
26566,542,1,1,1,feasible,15,10,3,6,4,3,feasible,15,4,3,feasible,15,4,3,feasible,3,0,complete,15,complete,15,complete,15,complete,15
26615,543,1,1,1,feasible,15,10,3,7,4,3,feasible,15,4,3,feasible,15,4,3,feasible,3,0,complete,15,complete,15,complete,15,complete,15
26670,544,2,0,1,feasible,10,10,2,5,4,3,feasible,10,4,4,feasible,10,4,4,feasible,3,1,complete,11,complete,10,complete,10,complete,10
26708,545,0,3,1,feasible,10,10,2,6,4,3,feasible,10,4,4,feasible,10,4,4,feasible,3,1,complete,15,complete,10,complete,10,complete,10
26768,546,2,0,1,feasible,10,10,2,5,4,3,feasible,10,4,4,feasible,10,4,4,feasible,3,1,complete,11,complete,10,complete,10,complete,10
26806,547,0,3,1,feasible,10,10,2,6,4,3,feasible,10,4,4,feasible,10,4,4,feasible,3,1,complete,15,complete,10,complete,10,complete,10
26867,548,2,1,1,feasible,15,10,3,7,4,3,feasible,15,4,3,feasible,15,4,3,feasible,3,0,complete,15,complete,15,complete,15,complete,15
26904,549,0,3,1,feasible,10,10,2,6,4,3,feasible,10,4,4,feasible,10,4,4,feasible,3,1,complete,15,complete,10,complete,10,complete,10
26965,550,2,1,1,feasible,15,10,3,7,4,3,feasible,15,4,3,feasible,15,4,3,feasible,3,0,complete,15,complete,15,complete,15,complete,15
27014,551,2,1,1,feasible,15,14,3,8,4,3,feasible,15,4,3,feasible,15,4,3,feasible,3,0,complete,15,complete,15,complete,15,complete,15
27055,552,1,0,1,feasible,10,10,2,4,6,5,feasible,10,5,6,feasible,10,5,6,feasible,3,1,complete,11,complete,10,complete,11,complete,10
27104,553,1,0,1,feasible,15,10,3,5,4,3,feasible,15,4,3,feasible,15,4,3,feasible,3,0,complete,15,complete,15,complete,15,complete,15
27153,554,1,0,1,feasible,10,10,2,4,6,5,feasible,10,5,6,feasible,10,5,6,feasible,3,1,complete,11,complete,10,complete,10,complete,10
27202,555,1,0,1,feasible,15,10,3,5,4,3,feasible,15,4,3,feasible,15,4,3,feasible,3,0,complete,15,complete,15,complete,15,complete,15
27251,556,1,0,1,feasible,15,10,3,6,4,3,feasible,15,4,3,feasible,15,4,3,feasible,3,0,complete,15,complete,15,complete,15,complete,15
27300,557,1,0,1,feasible,15,10,3,5,4,3,feasible,15,4,3,feasible,15,4,3,feasible,3,0,complete,15,complete,15,complete,15,complete,15
27349,558,1,0,1,feasible,15,10,3,6,4,3,feasible,15,4,3,feasible,15,4,3,feasible,3,0,complete,15,complete,15,complete,15,complete,15
27398,559,1,0,1,feasible,15,10,3,7,4,3,feasible,15,4,3,feasible,15,4,3,feasible,3,0,complete,15,complete,15,complete,15,complete,15
27454,560,2,0,1,feasible,10,10,2,5,6,5,feasible,10,5,6,feasible,10,5,6,feasible,3,1,complete,11,complete,10,complete,11,complete,10
27503,561,2,0,1,feasible,15,10,3,6,4,3,feasible,15,4,3,feasible,15,4,3,feasible,3,0,complete,15,complete,15,complete,15,complete,15
27552,562,2,0,1,feasible,10,10,2,5,6,5,feasible,10,5,6,feasible,10,5,6,feasible,3,1,complete,11,complete,10,complete,10,complete,10
27601,563,2,0,1,feasible,15,10,3,6,4,3,feasible,15,4,3,feasible,15,4,3,feasible,3,0,complete,15,complete,15,complete,15,complete,15
27650,564,2,0,1,feasible,15,10,3,7,4,3,feasible,15,4,3,feasible,15,4,3,feasible,3,0,complete,15,complete,15,complete,15,complete,15
27699,565,2,0,1,feasible,15,10,3,6,4,3,feasible,15,4,3,feasible,15,4,3,feasible,3,0,complete,15,complete,15,complete,15,complete,15
27748,566,2,0,1,feasible,15,10,3,7,4,3,feasible,15,4,3,feasible,15,4,3,feasible,3,0,complete,15,complete,15,complete,15,complete,15
27797,567,2,0,1,feasible,15,14,3,8,4,3,feasible,15,4,3,feasible,15,4,3,feasible,3,0,complete,15,complete,15,complete,15,complete,15
27835,568,0,3,1,feasible,10,10,2,6,4,3,feasible,10,4,4,feasible,10,4,4,feasible,3,1,complete,11,complete,10,complete,11,complete,10
27902,569,3,0,1,feasible,15,10,3,7,4,3,feasible,15,4,3,feasible,15,4,3,feasible,3,0,complete,15,complete,15,complete,15,complete,15
27933,570,0,3,1,feasible,10,10,2,6,4,3,feasible,10,4,4,feasible,10,4,4,feasible,3,1,complete,11,complete,10,complete,10,complete,10
28000,571,3,0,1,feasible,15,10,3,7,4,3,feasible,15,4,3,feasible,15,4,3,feasible,3,0,complete,15,complete,15,complete,15,complete,15
28049,572,3,0,1,feasible,15,14,3,8,4,3,feasible,15,4,3,feasible,15,4,3,feasible,3,0,complete,15,complete,15,complete,15,complete,15
28098,573,3,0,1,feasible,15,10,3,7,4,3,feasible,15,4,3,feasible,15,4,3,feasible,3,0,complete,15,complete,15,complete,15,complete,15
28147,574,3,0,1,feasible,15,14,3,8,4,3,feasible,15,4,3,feasible,15,4,3,feasible,3,0,complete,15,complete,15,complete,15,complete,15
28196,575,3,0,1,feasible,15,14,3,9,4,3,feasible,15,4,3,feasible,15,4,3,feasible,3,0,complete,15,complete,15,complete,15,complete,15
28224,576,0,0,1,feasible,2,2,2,0,8,8,feasible,2,6,9,feasible,2,6,9,feasible,3,1,complete,3,complete,2,complete,2,complete,2
28273,577,0,0,1,feasible,6,6,2,1,6,5,feasible,6,5,6,feasible,6,5,6,feasible,3,1,complete,7,complete,6,complete,6,complete,6
28322,578,0,0,1,feasible,2,2,2,0,8,8,feasible,2,6,9,feasible,2,6,9,feasible,3,1,complete,3,complete,2,complete,2,complete,2
28371,579,0,0,1,feasible,6,6,2,1,6,5,feasible,6,5,6,feasible,6,5,6,feasible,3,1,complete,7,complete,6,complete,6,complete,6
28420,580,0,0,1,feasible,6,6,2,2,4,3,feasible,6,4,4,feasible,6,4,4,feasible,3,1,complete,7,complete,6,complete,6,complete,6
28469,581,0,0,1,feasible,6,6,2,1,6,5,feasible,6,5,6,feasible,6,5,6,feasible,3,1,complete,7,complete,6,complete,6,complete,6
28518,582,0,0,1,feasible,6,6,2,2,4,3,feasible,6,4,4,feasible,6,4,4,feasible,3,1,complete,7,complete,6,complete,6,complete,6
28574,583,1,0,1,feasible,6,6,2,3,4,3,feasible,6,4,4,feasible,6,4,4,feasible,3,1,complete,7,complete,6,complete,6,complete,6
28616,584,0,0,1,feasible,2,2,2,0,13,16,feasible,2,9,18,feasible,2,9,18,feasible,4,1,complete,4,complete,2,complete,2,complete,2
28665,585,0,0,1,feasible,6,6,2,1,11,13,feasible,6,8,14,feasible,6,8,14,feasible,4,1,complete,8,complete,6,complete,6,complete,7
28714,586,0,0,1,feasible,2,2,2,0,13,16,feasible,2,9,18,feasible,2,9,18,feasible,4,1,complete,4,complete,2,complete,2,complete,2
28763,587,0,0,1,feasible,6,6,2,1,11,13,feasible,6,8,14,feasible,6,8,14,feasible,4,1,complete,8,complete,6,complete,6,complete,7
28812,588,0,0,1,feasible,6,6,2,2,9,10,feasible,6,7,11,feasible,6,7,11,feasible,4,1,complete,8,complete,6,complete,6,complete,7
28861,589,0,0,1,feasible,6,6,2,1,11,13,feasible,6,8,14,feasible,6,8,14,feasible,4,1,complete,8,complete,6,complete,7,complete,7
28910,590,0,0,1,feasible,6,6,2,2,9,10,feasible,6,7,11,feasible,6,7,11,feasible,4,1,complete,8,complete,6,complete,7,complete,7
28966,591,1,0,1,feasible,6,6,2,3,9,10,feasible,6,7,11,feasible,6,7,11,feasible,4,1,complete,8,complete,6,complete,7,complete,7
29008,592,0,0,1,feasible,6,6,2,1,9,9,feasible,6,7,11,feasible,6,7,11,feasible,4,1,complete,8,complete,6,complete,6,complete,6
29057,593,0,0,1,feasible,6,6,2,2,7,7,feasible,6,6,8,feasible,6,6,8,feasible,4,1,complete,12,complete,6,complete,6,complete,6
29106,594,0,0,1,feasible,6,6,2,1,9,9,feasible,6,7,11,feasible,6,7,11,feasible,4,1,complete,8,complete,6,complete,6,complete,6
29155,595,0,0,1,feasible,6,6,2,2,7,7,feasible,6,6,8,feasible,6,6,8,feasible,4,1,complete,12,complete,6,complete,6,complete,6
29211,596,1,0,1,feasible,6,6,2,3,9,10,feasible,6,7,11,feasible,6,7,11,feasible,4,1,complete,12,complete,6,complete,6,complete,6
29253,597,0,0,1,feasible,6,6,2,2,7,7,feasible,6,6,8,feasible,6,6,8,feasible,4,1,complete,12,complete,6,complete,11,complete,6
29309,598,1,0,1,feasible,6,6,2,3,9,10,feasible,6,7,11,feasible,6,7,11,feasible,4,1,complete,12,complete,6,complete,11,complete,6
29365,599,2,0,1,feasible,6,6,2,4,9,10,feasible,6,7,11,feasible,6,7,11,feasible,4,1,complete,12,complete,6,complete,11,complete,6
29400,600,0,0,1,feasible,2,2,2,0,13,16,feasible,2,9,18,feasible,2,9,18,feasible,4,1,complete,4,complete,2,complete,2,complete,2
29449,601,0,0,1,feasible,6,6,2,1,11,13,feasible,6,8,14,feasible,6,8,14,feasible,4,1,complete,8,complete,6,complete,6,complete,7
29498,602,0,0,1,feasible,2,2,2,0,13,16,feasible,2,9,18,feasible,2,9,18,feasible,4,1,complete,4,complete,2,complete,2,complete,2
29547,603,0,0,1,feasible,6,6,2,1,11,13,feasible,6,8,14,feasible,6,8,14,feasible,4,1,complete,8,complete,6,complete,6,complete,7
29596,604,0,0,1,feasible,6,6,2,2,9,10,feasible,6,7,11,feasible,6,7,11,feasible,4,1,complete,8,complete,6,complete,6,complete,7
29645,605,0,0,1,feasible,6,6,2,1,11,13,feasible,6,8,14,feasible,6,8,14,feasible,4,1,complete,8,complete,6,complete,6,complete,7
29694,606,0,0,1,feasible,6,6,2,2,9,10,feasible,6,7,11,feasible,6,7,11,feasible,4,1,complete,8,complete,6,complete,6,complete,7
29750,607,1,0,1,feasible,6,6,2,3,9,10,feasible,6,7,11,feasible,6,7,11,feasible,4,1,complete,8,complete,6,complete,6,complete,7
29792,608,0,0,1,feasible,6,6,2,1,9,9,feasible,6,7,11,feasible,6,7,11,feasible,4,1,complete,8,complete,6,complete,6,complete,6
29841,609,0,0,1,feasible,6,6,2,2,7,7,feasible,6,6,8,feasible,6,6,8,feasible,4,1,complete,12,complete,6,complete,6,complete,6
29890,610,0,0,1,feasible,6,6,2,1,9,9,feasible,6,7,11,feasible,6,7,11,feasible,4,1,complete,8,complete,6,complete,6,complete,6
29939,611,0,0,1,feasible,6,6,2,2,7,7,feasible,6,6,8,feasible,6,6,8,feasible,4,1,complete,12,complete,6,complete,6,complete,6
29995,612,1,0,1,feasible,6,6,2,3,9,10,feasible,6,7,11,feasible,6,7,11,feasible,4,1,complete,12,complete,11,complete,6,complete,6
30037,613,0,0,1,feasible,6,6,2,2,7,7,feasible,6,6,8,feasible,6,6,8,feasible,4,1,complete,12,complete,6,complete,6,complete,6
30093,614,1,0,1,feasible,6,6,2,3,9,10,feasible,6,7,11,feasible,6,7,11,feasible,4,1,complete,12,complete,11,complete,6,complete,6
30149,615,2,0,1,feasible,6,6,2,4,9,10,feasible,6,7,11,feasible,6,7,11,feasible,4,1,complete,12,complete,11,complete,6,complete,6
30184,616,0,0,1,feasible,6,6,2,2,5,4,feasible,6,5,6,feasible,6,5,6,feasible,4,1,complete,8,complete,6,complete,6,complete,6
30240,617,1,0,1,feasible,6,6,2,3,7,7,feasible,6,6,8,feasible,6,6,8,feasible,4,1,complete,12,complete,6,complete,6,complete,6
30282,618,0,0,1,feasible,6,6,2,2,5,4,feasible,6,5,6,feasible,6,5,6,feasible,4,1,complete,8,complete,6,complete,6,complete,6
30338,619,1,0,1,feasible,6,6,2,3,7,7,feasible,6,6,8,feasible,6,6,8,feasible,4,1,complete,12,complete,6,complete,6,complete,6
30394,620,2,0,1,feasible,6,6,2,4,9,10,feasible,6,7,11,feasible,6,7,11,feasible,4,1,complete,12,complete,11,complete,6,complete,6
30436,621,1,0,1,feasible,6,6,2,3,7,7,feasible,6,6,8,feasible,6,6,8,feasible,4,1,complete,12,complete,6,complete,6,complete,6
30492,622,2,0,1,feasible,6,6,2,4,9,10,feasible,6,7,11,feasible,6,7,11,feasible,4,1,complete,12,complete,11,complete,6,complete,6
30548,623,3,0,1,feasible,10,10,2,5,9,10,feasible,10,7,11,feasible,10,7,11,feasible,4,1,complete,12,complete,11,complete,10,complete,10
30576,624,0,0,1,feasible,6,6,2,1,9,9,feasible,6,7,11,feasible,6,7,11,feasible,4,1,complete,8,complete,6,complete,7,complete,6
30625,625,0,0,1,feasible,6,6,2,2,7,7,feasible,6,6,8,feasible,6,6,8,feasible,4,1,complete,12,complete,6,complete,11,complete,6
30674,626,0,0,1,feasible,6,6,2,1,9,9,feasible,6,7,11,feasible,6,7,11,feasible,4,1,complete,8,complete,6,complete,6,complete,6
30723,627,0,0,1,feasible,6,6,2,2,7,7,feasible,6,6,8,feasible,6,6,8,feasible,4,1,complete,12,complete,6,complete,6,complete,6
30779,628,1,0,1,feasible,6,6,2,3,9,10,feasible,6,7,11,feasible,6,7,11,feasible,4,1,complete,12,complete,11,complete,6,complete,6
30821,629,0,0,1,feasible,6,6,2,2,7,7,feasible,6,6,8,feasible,6,6,8,feasible,4,1,complete,12,complete,6,complete,6,complete,6
30877,630,1,0,1,feasible,6,6,2,3,9,10,feasible,6,7,11,feasible,6,7,11,feasible,4,1,complete,12,complete,11,complete,6,complete,6
30933,631,2,0,1,feasible,6,6,2,4,9,10,feasible,6,7,11,feasible,6,7,11,feasible,4,1,complete,12,complete,11,complete,6,complete,6
30968,632,0,0,1,feasible,6,6,2,2,5,4,feasible,6,5,6,feasible,6,5,6,feasible,4,1,complete,8,complete,6,complete,7,complete,6
31024,633,1,0,1,feasible,6,6,2,3,7,7,feasible,6,6,8,feasible,6,6,8,feasible,4,1,complete,12,complete,6,complete,11,complete,6
31066,634,0,0,1,feasible,6,6,2,2,5,4,feasible,6,5,6,feasible,6,5,6,feasible,4,1,complete,8,complete,6,complete,6,complete,6
31122,635,1,0,1,feasible,6,6,2,3,7,7,feasible,6,6,8,feasible,6,6,8,feasible,4,1,complete,12,complete,6,complete,6,complete,6
31178,636,2,0,1,feasible,6,6,2,4,9,10,feasible,6,7,11,feasible,6,7,11,feasible,4,1,complete,12,complete,11,complete,6,complete,6
31220,637,1,0,1,feasible,6,6,2,3,7,7,feasible,6,6,8,feasible,6,6,8,feasible,4,1,complete,12,complete,6,complete,6,complete,6
31276,638,2,0,1,feasible,6,6,2,4,9,10,feasible,6,7,11,feasible,6,7,11,feasible,4,1,complete,12,complete,11,complete,6,complete,6
31332,639,3,0,1,feasible,10,10,2,5,9,10,feasible,10,7,11,feasible,10,7,11,feasible,4,1,complete,12,complete,11,complete,10,complete,10
31367,640,1,0,1,feasible,6,6,2,3,5,4,feasible,6,5,6,feasible,6,5,6,feasible,4,1,complete,8,complete,6,complete,7,complete,6
31423,641,2,0,1,feasible,6,6,2,4,7,7,feasible,6,6,8,feasible,6,6,8,feasible,4,1,complete,12,complete,6,complete,11,complete,6
31465,642,1,0,1,feasible,6,6,2,3,5,4,feasible,6,5,6,feasible,6,5,6,feasible,4,1,complete,8,complete,6,complete,6,complete,6
31521,643,2,0,1,feasible,6,6,2,4,7,7,feasible,6,6,8,feasible,6,6,8,feasible,4,1,complete,12,complete,6,complete,6,complete,6
31577,644,3,0,1,feasible,10,10,2,5,9,10,feasible,10,7,11,feasible,10,7,11,feasible,4,1,complete,12,complete,11,complete,10,complete,11
31619,645,2,0,1,feasible,6,6,2,4,7,7,feasible,6,6,8,feasible,6,6,8,feasible,4,1,complete,12,complete,6,complete,6,complete,6
31675,646,3,0,1,feasible,10,10,2,5,9,10,feasible,10,7,11,feasible,10,7,11,feasible,4,1,complete,12,complete,11,complete,10,complete,10
31731,647,4,0,1,feasible,10,10,2,6,9,10,feasible,10,7,11,feasible,10,7,11,feasible,4,1,complete,12,complete,11,complete,10,complete,10
31752,648,0,0,1,feasible,6,6,2,1,6,6,feasible,6,5,6,feasible,6,5,6,feasible,3,1,complete,7,complete,7,complete,7,complete,7
31801,649,0,0,1,feasible,11,10,3,2,4,3,feasible,11,4,3,feasible,11,4,3,feasible,3,0,complete,11,complete,11,complete,11,complete,11
31850,650,0,0,1,feasible,6,6,2,1,6,6,feasible,6,5,6,feasible,6,5,6,feasible,3,1,complete,7,complete,6,complete,7,complete,7
31899,651,0,0,1,feasible,11,10,3,2,4,3,feasible,11,4,3,feasible,11,4,3,feasible,3,0,complete,11,complete,11,complete,11,complete,11
31949,652,0,1,1,feasible,10,10,2,3,4,3,feasible,10,4,4,feasible,10,4,4,feasible,3,1,complete,11,complete,10,complete,10,complete,11
31997,653,0,0,1,feasible,11,10,3,2,4,3,feasible,11,4,3,feasible,11,4,3,feasible,3,0,complete,11,complete,11,complete,11,complete,11
32047,654,0,1,1,feasible,10,10,2,3,4,3,feasible,10,4,4,feasible,10,4,4,feasible,3,1,complete,11,complete,10,complete,10,complete,11
32103,655,1,1,1,feasible,10,10,2,4,4,3,feasible,10,4,4,feasible,10,4,4,feasible,3,1,complete,11,complete,10,complete,10,complete,11
32144,656,0,0,1,feasible,6,6,2,1,11,13,feasible,6,8,14,feasible,6,8,14,feasible,4,1,complete,8,complete,6,complete,7,complete,7
32193,657,0,0,1,feasible,11,10,3,2,9,10,feasible,11,7,10,feasible,11,7,10,feasible,4,0,complete,12,complete,11,complete,11,complete,12
32242,658,0,0,1,feasible,6,6,2,1,11,13,feasible,6,8,14,feasible,6,8,14,feasible,4,1,complete,8,complete,6,complete,7,complete,7
32291,659,0,0,1,feasible,11,10,3,2,9,10,feasible,11,7,10,feasible,11,7,10,feasible,4,0,complete,12,complete,11,complete,11,complete,12
32340,660,0,0,1,feasible,11,10,3,3,7,7,feasible,11,6,7,feasible,11,6,7,feasible,4,0,complete,12,complete,12,complete,12,complete,12
32389,661,0,0,1,feasible,11,10,3,2,9,10,feasible,11,7,10,feasible,11,7,10,feasible,4,0,complete,12,complete,11,complete,12,complete,12
32438,662,0,0,1,feasible,11,10,3,3,7,7,feasible,11,6,7,feasible,11,6,7,feasible,4,0,complete,12,complete,12,complete,12,complete,12
32494,663,1,0,1,feasible,11,10,3,4,7,7,feasible,11,6,7,feasible,11,6,7,feasible,4,0,complete,12,complete,12,complete,12,complete,12
32536,664,0,0,1,feasible,11,10,3,2,7,6,feasible,11,6,7,feasible,11,6,7,feasible,4,0,complete,12,complete,11,complete,11,complete,11
32585,665,0,0,1,feasible,16,10,4,3,5,4,feasible,16,5,4,feasible,16,5,4,feasible,4,0,complete,16,complete,16,complete,16,complete,16
32634,666,0,0,1,feasible,11,10,3,2,7,6,feasible,11,6,7,feasible,11,6,7,feasible,4,0,complete,12,complete,11,complete,11,complete,11
32683,667,0,0,1,feasible,16,10,4,3,5,4,feasible,16,5,4,feasible,16,5,4,feasible,4,0,complete,16,complete,16,complete,16,complete,16
32739,668,1,0,1,feasible,15,10,3,4,7,7,feasible,15,6,7,feasible,15,6,7,feasible,4,0,complete,16,complete,15,complete,16,complete,16
32781,669,0,0,1,feasible,16,10,4,3,5,4,feasible,16,5,4,feasible,16,5,4,feasible,4,0,complete,16,complete,16,complete,16,complete,16
32837,670,1,0,1,feasible,15,10,3,4,7,7,feasible,15,6,7,feasible,15,6,7,feasible,4,0,complete,16,complete,15,complete,16,complete,16
32893,671,2,0,1,feasible,15,10,3,5,7,7,feasible,15,6,7,feasible,15,6,7,feasible,4,0,complete,16,complete,15,complete,16,complete,16
32928,672,0,0,1,feasible,6,6,2,1,11,13,feasible,6,8,14,feasible,6,8,14,feasible,4,1,complete,8,complete,6,complete,7,complete,7
32977,673,0,0,1,feasible,11,10,3,2,9,10,feasible,11,7,10,feasible,11,7,10,feasible,4,0,complete,12,complete,11,complete,11,complete,12
33026,674,0,0,1,feasible,6,6,2,1,11,13,feasible,6,8,14,feasible,6,8,14,feasible,4,1,complete,8,complete,6,complete,7,complete,7
33075,675,0,0,1,feasible,11,10,3,2,9,10,feasible,11,7,10,feasible,11,7,10,feasible,4,0,complete,12,complete,11,complete,11,complete,12
33124,676,0,0,1,feasible,11,10,3,3,7,7,feasible,11,6,7,feasible,11,6,7,feasible,4,0,complete,12,complete,11,complete,12,complete,12
33173,677,0,0,1,feasible,11,10,3,2,9,10,feasible,11,7,10,feasible,11,7,10,feasible,4,0,complete,12,complete,11,complete,11,complete,12
33222,678,0,0,1,feasible,11,10,3,3,7,7,feasible,11,6,7,feasible,11,6,7,feasible,4,0,complete,12,complete,11,complete,12,complete,12
33278,679,1,0,1,feasible,11,10,3,4,7,7,feasible,11,6,7,feasible,11,6,7,feasible,4,0,complete,12,complete,11,complete,12,complete,12
33320,680,0,0,1,feasible,11,10,3,2,7,6,feasible,11,6,7,feasible,11,6,7,feasible,4,0,complete,12,complete,11,complete,11,complete,11
33369,681,0,0,1,feasible,16,10,4,3,5,4,feasible,16,5,4,feasible,16,5,4,feasible,4,0,complete,16,complete,16,complete,16,complete,16
33418,682,0,0,1,feasible,11,10,3,2,7,6,feasible,11,6,7,feasible,11,6,7,feasible,4,0,complete,12,complete,11,complete,11,complete,11
33467,683,0,0,1,feasible,16,10,4,3,5,4,feasible,16,5,4,feasible,16,5,4,feasible,4,0,complete,16,complete,16,complete,16,complete,16
33523,684,1,0,1,feasible,15,10,3,4,7,7,feasible,15,6,7,feasible,15,6,7,feasible,4,0,complete,16,complete,15,complete,16,complete,16
33565,685,0,0,1,feasible,16,10,4,3,5,4,feasible,16,5,4,feasible,16,5,4,feasible,4,0,complete,16,complete,16,complete,16,complete,16
33621,686,1,0,1,feasible,15,10,3,4,7,7,feasible,15,6,7,feasible,15,6,7,feasible,4,0,complete,16,complete,15,complete,16,complete,16
33677,687,2,0,1,feasible,15,10,3,5,7,7,feasible,15,6,7,feasible,15,6,7,feasible,4,0,complete,16,complete,15,complete,16,complete,16
33713,688,0,1,1,feasible,10,10,2,3,5,4,feasible,10,5,6,feasible,10,5,6,feasible,4,1,complete,12,complete,10,complete,10,complete,11
33768,689,1,0,1,feasible,16,10,4,4,5,4,feasible,16,5,4,feasible,16,5,4,feasible,4,0,complete,16,complete,16,complete,16,complete,16
33811,690,0,1,1,feasible,10,10,2,3,5,4,feasible,10,5,6,feasible,10,5,6,feasible,4,1,complete,12,complete,10,complete,10,complete,11
33866,691,1,0,1,feasible,16,10,4,4,5,4,feasible,16,5,4,feasible,16,5,4,feasible,4,0,complete,16,complete,16,complete,16,complete,16
33922,692,2,0,1,feasible,15,10,3,5,7,7,feasible,15,6,7,feasible,15,6,7,feasible,4,0,complete,16,complete,15,complete,16,complete,16
33964,693,1,0,1,feasible,16,10,4,4,5,4,feasible,16,5,4,feasible,16,5,4,feasible,4,0,complete,16,complete,16,complete,16,complete,16
34020,694,2,0,1,feasible,15,10,3,5,7,7,feasible,15,6,7,feasible,15,6,7,feasible,4,0,complete,16,complete,15,complete,16,complete,16
34076,695,3,0,1,feasible,15,14,3,6,7,7,feasible,15,6,7,feasible,15,6,7,feasible,4,0,complete,16,complete,15,complete,16,complete,16
34104,696,0,0,1,feasible,11,10,3,2,7,6,feasible,11,6,7,feasible,11,6,7,feasible,4,0,complete,12,complete,11,complete,12,complete,11
34153,697,0,0,1,feasible,16,10,4,3,5,4,feasible,16,5,4,feasible,16,5,4,feasible,4,0,complete,16,complete,16,complete,16,complete,16
34202,698,0,0,1,feasible,11,10,3,2,7,6,feasible,11,6,7,feasible,11,6,7,feasible,4,0,complete,12,complete,11,complete,11,complete,11
34251,699,0,0,1,feasible,16,10,4,3,5,4,feasible,16,5,4,feasible,16,5,4,feasible,4,0,complete,16,complete,16,complete,16,complete,16
34307,700,1,0,1,feasible,15,10,3,4,7,7,feasible,15,6,7,feasible,15,6,7,feasible,4,0,complete,16,complete,15,complete,16,complete,16
34349,701,0,0,1,feasible,16,10,4,3,5,4,feasible,16,5,4,feasible,16,5,4,feasible,4,0,complete,16,complete,16,complete,16,complete,16
34405,702,1,0,1,feasible,15,10,3,4,7,7,feasible,15,6,7,feasible,15,6,7,feasible,4,0,complete,16,complete,15,complete,16,complete,16
34461,703,2,0,1,feasible,15,10,3,5,7,7,feasible,15,6,7,feasible,15,6,7,feasible,4,0,complete,16,complete,15,complete,16,complete,16
34497,704,0,1,1,feasible,10,10,2,3,5,4,feasible,10,5,6,feasible,10,5,6,feasible,4,1,complete,12,complete,10,complete,11,complete,11
34552,705,1,0,1,feasible,16,10,4,4,5,4,feasible,16,5,4,feasible,16,5,4,feasible,4,0,complete,16,complete,16,complete,16,complete,16
34595,706,0,1,1,feasible,10,10,2,3,5,4,feasible,10,5,6,feasible,10,5,6,feasible,4,1,complete,12,complete,10,complete,10,complete,11
34650,707,1,0,1,feasible,16,10,4,4,5,4,feasible,16,5,4,feasible,16,5,4,feasible,4,0,complete,16,complete,16,complete,16,complete,16
34706,708,2,0,1,feasible,15,10,3,5,7,7,feasible,15,6,7,feasible,15,6,7,feasible,4,0,complete,16,complete,15,complete,16,complete,16
34748,709,1,0,1,feasible,16,10,4,4,5,4,feasible,16,5,4,feasible,16,5,4,feasible,4,0,complete,16,complete,16,complete,16,complete,16
34804,710,2,0,1,feasible,15,10,3,5,7,7,feasible,15,6,7,feasible,15,6,7,feasible,4,0,complete,16,complete,15,complete,16,complete,16
34860,711,3,0,1,feasible,15,14,3,6,7,7,feasible,15,6,7,feasible,15,6,7,feasible,4,0,complete,16,complete,15,complete,16,complete,16
34896,712,1,1,1,feasible,10,10,2,4,5,4,feasible,10,5,6,feasible,10,5,6,feasible,4,1,complete,12,complete,10,complete,11,complete,11
34951,713,2,0,1,feasible,16,10,4,5,5,4,feasible,16,5,4,feasible,16,5,4,feasible,4,0,complete,16,complete,16,complete,16,complete,16
34994,714,1,1,1,feasible,10,10,2,4,5,4,feasible,10,5,6,feasible,10,5,6,feasible,4,1,complete,12,complete,10,complete,10,complete,11
35049,715,2,0,1,feasible,16,10,4,5,5,4,feasible,16,5,4,feasible,16,5,4,feasible,4,0,complete,16,complete,16,complete,16,complete,16
35105,716,3,0,1,feasible,15,14,3,6,7,7,feasible,15,6,7,feasible,15,6,7,feasible,4,0,complete,16,complete,15,complete,16,complete,16
35147,717,2,0,1,feasible,16,10,4,5,5,4,feasible,16,5,4,feasible,16,5,4,feasible,4,0,complete,16,complete,16,complete,16,complete,16
35203,718,3,0,1,feasible,15,14,3,6,7,7,feasible,15,6,7,feasible,15,6,7,feasible,4,0,complete,16,complete,15,complete,16,complete,16
35259,719,4,0,1,feasible,15,14,3,7,7,7,feasible,15,6,7,feasible,15,6,7,feasible,4,0,complete,16,complete,15,complete,16,complete,16
35280,720,0,0,1,feasible,2,2,2,0,8,8,feasible,2,6,9,feasible,2,6,9,feasible,3,1,complete,3,complete,2,complete,2,complete,2
35329,721,0,0,1,feasible,6,6,2,1,6,5,feasible,6,5,6,feasible,6,5,6,feasible,3,1,complete,7,complete,6,complete,6,complete,6
35378,722,0,0,1,feasible,2,2,2,0,8,8,feasible,2,6,9,feasible,2,6,9,feasible,3,1,complete,3,complete,2,complete,2,complete,2
35427,723,0,0,1,feasible,6,6,2,1,6,5,feasible,6,5,6,feasible,6,5,6,feasible,3,1,complete,7,complete,6,complete,6,complete,6
35476,724,0,0,1,feasible,6,6,2,2,4,3,feasible,6,4,4,feasible,6,4,4,feasible,3,1,complete,7,complete,6,complete,6,complete,6
35525,725,0,0,1,feasible,6,6,2,1,6,5,feasible,6,5,6,feasible,6,5,6,feasible,3,1,complete,7,complete,6,complete,6,complete,6
35574,726,0,0,1,feasible,6,6,2,2,4,3,feasible,6,4,4,feasible,6,4,4,feasible,3,1,complete,7,complete,6,complete,6,complete,6
35623,727,0,0,1,feasible,6,6,2,3,4,3,feasible,6,4,4,feasible,6,4,4,feasible,3,1,complete,7,complete,6,complete,6,complete,6
35672,728,0,0,1,feasible,2,2,2,0,13,16,feasible,2,9,18,feasible,2,9,18,feasible,4,1,complete,4,complete,2,complete,2,complete,2
35721,729,0,0,1,feasible,6,6,2,1,11,13,feasible,6,8,14,feasible,6,8,14,feasible,4,1,complete,8,complete,6,complete,6,complete,7
35770,730,0,0,1,feasible,2,2,2,0,13,16,feasible,2,9,18,feasible,2,9,18,feasible,4,1,complete,4,complete,2,complete,2,complete,2
35819,731,0,0,1,feasible,6,6,2,1,11,13,feasible,6,8,14,feasible,6,8,14,feasible,4,1,complete,8,complete,6,complete,6,complete,7
35868,732,0,0,1,feasible,6,6,2,2,9,10,feasible,6,7,11,feasible,6,7,11,feasible,4,1,complete,8,complete,6,complete,6,complete,7
35917,733,0,0,1,feasible,6,6,2,1,11,13,feasible,6,8,14,feasible,6,8,14,feasible,4,1,complete,8,complete,6,complete,7,complete,7
35966,734,0,0,1,feasible,6,6,2,2,9,10,feasible,6,7,11,feasible,6,7,11,feasible,4,1,complete,8,complete,6,complete,7,complete,7
36015,735,0,0,1,feasible,6,6,2,3,9,10,feasible,6,7,11,feasible,6,7,11,feasible,4,1,complete,8,complete,6,complete,7,complete,7
36064,736,0,0,1,feasible,6,6,2,1,9,9,feasible,6,7,11,feasible,6,7,11,feasible,4,1,complete,8,complete,6,complete,6,complete,6
36113,737,0,0,1,feasible,6,6,2,2,7,7,feasible,6,6,8,feasible,6,6,8,feasible,4,1,complete,12,complete,6,complete,6,complete,6
36162,738,0,0,1,feasible,6,6,2,1,9,9,feasible,6,7,11,feasible,6,7,11,feasible,4,1,complete,8,complete,6,complete,6,complete,6
36211,739,0,0,1,feasible,6,6,2,2,7,7,feasible,6,6,8,feasible,6,6,8,feasible,4,1,complete,12,complete,6,complete,6,complete,6
36260,740,0,0,1,feasible,6,6,2,3,7,7,feasible,6,6,8,feasible,6,6,8,feasible,4,1,complete,12,complete,6,complete,6,complete,6
36309,741,0,0,1,feasible,6,6,2,2,7,7,feasible,6,6,8,feasible,6,6,8,feasible,4,1,complete,12,complete,6,complete,11,complete,6
36358,742,0,0,1,feasible,6,6,2,3,7,7,feasible,6,6,8,feasible,6,6,8,feasible,4,1,complete,12,complete,6,complete,11,complete,6
36414,743,1,0,1,feasible,6,6,2,4,9,10,feasible,6,7,11,feasible,6,7,11,feasible,4,1,complete,12,complete,6,complete,11,complete,6
36456,744,0,0,1,feasible,2,2,2,0,13,16,feasible,2,9,18,feasible,2,9,18,feasible,4,1,complete,4,complete,2,complete,2,complete,2
36505,745,0,0,1,feasible,6,6,2,1,11,13,feasible,6,8,14,feasible,6,8,14,feasible,4,1,complete,8,complete,6,complete,6,complete,7
36554,746,0,0,1,feasible,2,2,2,0,13,16,feasible,2,9,18,feasible,2,9,18,feasible,4,1,complete,4,complete,2,complete,2,complete,2
36603,747,0,0,1,feasible,6,6,2,1,11,13,feasible,6,8,14,feasible,6,8,14,feasible,4,1,complete,8,complete,6,complete,6,complete,7
36652,748,0,0,1,feasible,6,6,2,2,9,10,feasible,6,7,11,feasible,6,7,11,feasible,4,1,complete,8,complete,6,complete,6,complete,7
36701,749,0,0,1,feasible,6,6,2,1,11,13,feasible,6,8,14,feasible,6,8,14,feasible,4,1,complete,8,complete,6,complete,6,complete,7
36750,750,0,0,1,feasible,6,6,2,2,9,10,feasible,6,7,11,feasible,6,7,11,feasible,4,1,complete,8,complete,6,complete,6,complete,7
36799,751,0,0,1,feasible,6,6,2,3,9,10,feasible,6,7,11,feasible,6,7,11,feasible,4,1,complete,8,complete,6,complete,6,complete,7
36848,752,0,0,1,feasible,6,6,2,1,9,9,feasible,6,7,11,feasible,6,7,11,feasible,4,1,complete,8,complete,6,complete,6,complete,6
36897,753,0,0,1,feasible,6,6,2,2,7,7,feasible,6,6,8,feasible,6,6,8,feasible,4,1,complete,12,complete,6,complete,6,complete,6
36946,754,0,0,1,feasible,6,6,2,1,9,9,feasible,6,7,11,feasible,6,7,11,feasible,4,1,complete,8,complete,6,complete,6,complete,6
36995,755,0,0,1,feasible,6,6,2,2,7,7,feasible,6,6,8,feasible,6,6,8,feasible,4,1,complete,12,complete,6,complete,6,complete,6
37044,756,0,0,1,feasible,6,6,2,3,7,7,feasible,6,6,8,feasible,6,6,8,feasible,4,1,complete,12,complete,6,complete,6,complete,6
37093,757,0,0,1,feasible,6,6,2,2,7,7,feasible,6,6,8,feasible,6,6,8,feasible,4,1,complete,12,complete,6,complete,6,complete,6
37142,758,0,0,1,feasible,6,6,2,3,7,7,feasible,6,6,8,feasible,6,6,8,feasible,4,1,complete,12,complete,6,complete,6,complete,6
37198,759,1,0,1,feasible,6,6,2,4,9,10,feasible,6,7,11,feasible,6,7,11,feasible,4,1,complete,12,complete,6,complete,6,complete,6
37240,760,0,0,1,feasible,6,6,2,2,5,4,feasible,6,5,6,feasible,6,5,6,feasible,4,1,complete,8,complete,6,complete,6,complete,6
37289,761,0,0,1,feasible,6,6,2,3,5,4,feasible,6,5,6,feasible,6,5,6,feasible,4,1,complete,12,complete,6,complete,6,complete,6
37338,762,0,0,1,feasible,6,6,2,2,5,4,feasible,6,5,6,feasible,6,5,6,feasible,4,1,complete,8,complete,6,complete,6,complete,6
37387,763,0,0,1,feasible,6,6,2,3,5,4,feasible,6,5,6,feasible,6,5,6,feasible,4,1,complete,12,complete,6,complete,6,complete,6
37443,764,1,0,1,feasible,6,6,2,4,7,7,feasible,6,6,8,feasible,6,6,8,feasible,4,1,complete,12,complete,6,complete,6,complete,6
37485,765,0,0,1,feasible,6,6,2,3,5,4,feasible,6,5,6,feasible,6,5,6,feasible,4,1,complete,12,complete,6,complete,6,complete,6
37541,766,1,0,1,feasible,6,6,2,4,7,7,feasible,6,6,8,feasible,6,6,8,feasible,4,1,complete,12,complete,6,complete,6,complete,6
37597,767,2,0,1,feasible,10,10,2,5,9,10,feasible,10,7,11,feasible,10,7,11,feasible,4,1,complete,12,complete,10,complete,10,complete,10
37632,768,0,0,1,feasible,6,6,2,1,9,9,feasible,6,7,11,feasible,6,7,11,feasible,4,1,complete,8,complete,6,complete,7,complete,6
37681,769,0,0,1,feasible,6,6,2,2,7,7,feasible,6,6,8,feasible,6,6,8,feasible,4,1,complete,12,complete,6,complete,11,complete,6
37730,770,0,0,1,feasible,6,6,2,1,9,9,feasible,6,7,11,feasible,6,7,11,feasible,4,1,complete,8,complete,6,complete,6,complete,6
37779,771,0,0,1,feasible,6,6,2,2,7,7,feasible,6,6,8,feasible,6,6,8,feasible,4,1,complete,12,complete,6,complete,6,complete,6
37828,772,0,0,1,feasible,6,6,2,3,7,7,feasible,6,6,8,feasible,6,6,8,feasible,4,1,complete,12,complete,6,complete,6,complete,6
37877,773,0,0,1,feasible,6,6,2,2,7,7,feasible,6,6,8,feasible,6,6,8,feasible,4,1,complete,12,complete,6,complete,6,complete,6
37926,774,0,0,1,feasible,6,6,2,3,7,7,feasible,6,6,8,feasible,6,6,8,feasible,4,1,complete,12,complete,6,complete,6,complete,6
37982,775,1,0,1,feasible,6,6,2,4,9,10,feasible,6,7,11,feasible,6,7,11,feasible,4,1,complete,12,complete,11,complete,6,complete,6
38024,776,0,0,1,feasible,6,6,2,2,5,4,feasible,6,5,6,feasible,6,5,6,feasible,4,1,complete,8,complete,6,complete,7,complete,6
38073,777,0,0,1,feasible,6,6,2,3,5,4,feasible,6,5,6,feasible,6,5,6,feasible,4,1,complete,12,complete,6,complete,11,complete,6
38122,778,0,0,1,feasible,6,6,2,2,5,4,feasible,6,5,6,feasible,6,5,6,feasible,4,1,complete,8,complete,6,complete,6,complete,6
38171,779,0,0,1,feasible,6,6,2,3,5,4,feasible,6,5,6,feasible,6,5,6,feasible,4,1,complete,12,complete,6,complete,6,complete,6
38227,780,1,0,1,feasible,6,6,2,4,7,7,feasible,6,6,8,feasible,6,6,8,feasible,4,1,complete,12,complete,6,complete,6,complete,6
38269,781,0,0,1,feasible,6,6,2,3,5,4,feasible,6,5,6,feasible,6,5,6,feasible,4,1,complete,12,complete,6,complete,6,complete,6
38325,782,1,0,1,feasible,6,6,2,4,7,7,feasible,6,6,8,feasible,6,6,8,feasible,4,1,complete,12,complete,6,complete,6,complete,6
38381,783,2,0,1,feasible,10,10,2,5,9,10,feasible,10,7,11,feasible,10,7,11,feasible,4,1,complete,12,complete,11,complete,10,complete,10
38416,784,0,0,1,feasible,6,6,2,3,5,4,feasible,6,5,6,feasible,6,5,6,feasible,4,1,complete,8,complete,6,complete,7,complete,6
38472,785,1,0,1,feasible,6,6,2,4,5,4,feasible,6,5,6,feasible,6,5,6,feasible,4,1,complete,12,complete,6,complete,11,complete,6
38514,786,0,0,1,feasible,6,6,2,3,5,4,feasible,6,5,6,feasible,6,5,6,feasible,4,1,complete,8,complete,6,complete,6,complete,6
38570,787,1,0,1,feasible,6,6,2,4,5,4,feasible,6,5,6,feasible,6,5,6,feasible,4,1,complete,12,complete,6,complete,6,complete,6
38626,788,2,0,1,feasible,10,10,2,5,7,7,feasible,10,6,8,feasible,10,6,8,feasible,4,1,complete,12,complete,10,complete,10,complete,11
38668,789,1,0,1,feasible,6,6,2,4,5,4,feasible,6,5,6,feasible,6,5,6,feasible,4,1,complete,12,complete,6,complete,6,complete,6
38724,790,2,0,1,feasible,10,10,2,5,7,7,feasible,10,6,8,feasible,10,6,8,feasible,4,1,complete,12,complete,10,complete,10,complete,10
38780,791,3,0,1,feasible,10,10,2,6,9,10,feasible,10,7,11,feasible,10,7,11,feasible,4,1,complete,12,complete,11,complete,10,complete,10
38808,792,0,0,1,feasible,6,6,2,1,6,6,feasible,6,5,6,feasible,6,5,6,feasible,3,1,complete,7,complete,7,complete,7,complete,7
38857,793,0,0,1,feasible,11,10,3,2,4,3,feasible,11,4,3,feasible,11,4,3,feasible,3,0,complete,11,complete,11,complete,11,complete,11
38906,794,0,0,1,feasible,6,6,2,1,6,6,feasible,6,5,6,feasible,6,5,6,feasible,3,1,complete,7,complete,6,complete,7,complete,7
38955,795,0,0,1,feasible,11,10,3,2,4,3,feasible,11,4,3,feasible,11,4,3,feasible,3,0,complete,11,complete,11,complete,11,complete,11
39005,796,0,1,1,feasible,10,10,2,3,4,3,feasible,10,4,4,feasible,10,4,4,feasible,3,1,complete,11,complete,10,complete,10,complete,11
39053,797,0,0,1,feasible,11,10,3,2,4,3,feasible,11,4,3,feasible,11,4,3,feasible,3,0,complete,11,complete,11,complete,11,complete,11
39103,798,0,1,1,feasible,10,10,2,3,4,3,feasible,10,4,4,feasible,10,4,4,feasible,3,1,complete,11,complete,10,complete,10,complete,11
39152,799,0,1,1,feasible,10,10,2,4,4,3,feasible,10,4,4,feasible,10,4,4,feasible,3,1,complete,11,complete,10,complete,10,complete,11
39200,800,0,0,1,feasible,6,6,2,1,11,13,feasible,6,8,14,feasible,6,8,14,feasible,4,1,complete,8,complete,6,complete,7,complete,7
39249,801,0,0,1,feasible,11,10,3,2,9,10,feasible,11,7,10,feasible,11,7,10,feasible,4,0,complete,12,complete,11,complete,11,complete,12
39298,802,0,0,1,feasible,6,6,2,1,11,13,feasible,6,8,14,feasible,6,8,14,feasible,4,1,complete,8,complete,6,complete,7,complete,7
39347,803,0,0,1,feasible,11,10,3,2,9,10,feasible,11,7,10,feasible,11,7,10,feasible,4,0,complete,12,complete,11,complete,11,complete,12
39396,804,0,0,1,feasible,11,10,3,3,7,7,feasible,11,6,7,feasible,11,6,7,feasible,4,0,complete,12,complete,12,complete,12,complete,12
39445,805,0,0,1,feasible,11,10,3,2,9,10,feasible,11,7,10,feasible,11,7,10,feasible,4,0,complete,12,complete,11,complete,12,complete,12
39494,806,0,0,1,feasible,11,10,3,3,7,7,feasible,11,6,7,feasible,11,6,7,feasible,4,0,complete,12,complete,12,complete,12,complete,12
39543,807,0,0,1,feasible,11,10,3,4,7,7,feasible,11,6,7,feasible,11,6,7,feasible,4,0,complete,12,complete,12,complete,12,complete,12
39592,808,0,0,1,feasible,11,10,3,2,7,6,feasible,11,6,7,feasible,11,6,7,feasible,4,0,complete,12,complete,11,complete,11,complete,11
39641,809,0,0,1,feasible,16,10,4,3,5,4,feasible,16,5,4,feasible,16,5,4,feasible,4,0,complete,16,complete,16,complete,16,complete,16
39690,810,0,0,1,feasible,11,10,3,2,7,6,feasible,11,6,7,feasible,11,6,7,feasible,4,0,complete,12,complete,11,complete,11,complete,11
39739,811,0,0,1,feasible,16,10,4,3,5,4,feasible,16,5,4,feasible,16,5,4,feasible,4,0,complete,16,complete,16,complete,16,complete,16
39788,812,0,0,1,feasible,16,10,4,4,5,4,feasible,16,5,4,feasible,16,5,4,feasible,4,0,complete,16,complete,16,complete,16,complete,16
39837,813,0,0,1,feasible,16,10,4,3,5,4,feasible,16,5,4,feasible,16,5,4,feasible,4,0,complete,16,complete,16,complete,16,complete,16
39886,814,0,0,1,feasible,16,10,4,4,5,4,feasible,16,5,4,feasible,16,5,4,feasible,4,0,complete,16,complete,16,complete,16,complete,16
39942,815,1,0,1,feasible,15,10,3,5,7,7,feasible,15,6,7,feasible,15,6,7,feasible,4,0,complete,16,complete,15,complete,16,complete,16
39984,816,0,0,1,feasible,6,6,2,1,11,13,feasible,6,8,14,feasible,6,8,14,feasible,4,1,complete,8,complete,6,complete,7,complete,7
40033,817,0,0,1,feasible,11,10,3,2,9,10,feasible,11,7,10,feasible,11,7,10,feasible,4,0,complete,12,complete,11,complete,11,complete,12
40082,818,0,0,1,feasible,6,6,2,1,11,13,feasible,6,8,14,feasible,6,8,14,feasible,4,1,complete,8,complete,6,complete,7,complete,7
40131,819,0,0,1,feasible,11,10,3,2,9,10,feasible,11,7,10,feasible,11,7,10,feasible,4,0,complete,12,complete,11,complete,11,complete,12
40180,820,0,0,1,feasible,11,10,3,3,7,7,feasible,11,6,7,feasible,11,6,7,feasible,4,0,complete,12,complete,11,complete,12,complete,12
40229,821,0,0,1,feasible,11,10,3,2,9,10,feasible,11,7,10,feasible,11,7,10,feasible,4,0,complete,12,complete,11,complete,11,complete,12
40278,822,0,0,1,feasible,11,10,3,3,7,7,feasible,11,6,7,feasible,11,6,7,feasible,4,0,complete,12,complete,11,complete,12,complete,12
40327,823,0,0,1,feasible,11,10,3,4,7,7,feasible,11,6,7,feasible,11,6,7,feasible,4,0,complete,12,complete,11,complete,12,complete,12
40376,824,0,0,1,feasible,11,10,3,2,7,6,feasible,11,6,7,feasible,11,6,7,feasible,4,0,complete,12,complete,11,complete,11,complete,11
40425,825,0,0,1,feasible,16,10,4,3,5,4,feasible,16,5,4,feasible,16,5,4,feasible,4,0,complete,16,complete,16,complete,16,complete,16
40474,826,0,0,1,feasible,11,10,3,2,7,6,feasible,11,6,7,feasible,11,6,7,feasible,4,0,complete,12,complete,11,complete,11,complete,11
40523,827,0,0,1,feasible,16,10,4,3,5,4,feasible,16,5,4,feasible,16,5,4,feasible,4,0,complete,16,complete,16,complete,16,complete,16
40572,828,0,0,1,feasible,16,10,4,4,5,4,feasible,16,5,4,feasible,16,5,4,feasible,4,0,complete,16,complete,16,complete,16,complete,16
40621,829,0,0,1,feasible,16,10,4,3,5,4,feasible,16,5,4,feasible,16,5,4,feasible,4,0,complete,16,complete,16,complete,16,complete,16
40670,830,0,0,1,feasible,16,10,4,4,5,4,feasible,16,5,4,feasible,16,5,4,feasible,4,0,complete,16,complete,16,complete,16,complete,16
40726,831,1,0,1,feasible,15,10,3,5,7,7,feasible,15,6,7,feasible,15,6,7,feasible,4,0,complete,16,complete,15,complete,16,complete,16
40769,832,0,1,1,feasible,10,10,2,3,5,4,feasible,10,5,6,feasible,10,5,6,feasible,4,1,complete,12,complete,10,complete,10,complete,11
40818,833,0,1,1,feasible,10,10,2,4,5,4,feasible,10,5,6,feasible,10,5,6,feasible,4,1,complete,16,complete,10,complete,10,complete,11
40867,834,0,1,1,feasible,10,10,2,3,5,4,feasible,10,5,6,feasible,10,5,6,feasible,4,1,complete,12,complete,10,complete,10,complete,11
40916,835,0,1,1,feasible,10,10,2,4,5,4,feasible,10,5,6,feasible,10,5,6,feasible,4,1,complete,16,complete,10,complete,10,complete,11
40971,836,1,0,1,feasible,16,10,4,5,5,4,feasible,16,5,4,feasible,16,5,4,feasible,4,0,complete,16,complete,16,complete,16,complete,16
41014,837,0,1,1,feasible,10,10,2,4,5,4,feasible,10,5,6,feasible,10,5,6,feasible,4,1,complete,16,complete,10,complete,10,complete,11
41069,838,1,0,1,feasible,16,10,4,5,5,4,feasible,16,5,4,feasible,16,5,4,feasible,4,0,complete,16,complete,16,complete,16,complete,16
41125,839,2,0,1,feasible,15,14,3,6,7,7,feasible,15,6,7,feasible,15,6,7,feasible,4,0,complete,16,complete,15,complete,16,complete,16
41160,840,0,0,1,feasible,11,10,3,2,7,6,feasible,11,6,7,feasible,11,6,7,feasible,4,0,complete,12,complete,11,complete,12,complete,11
41209,841,0,0,1,feasible,16,10,4,3,5,4,feasible,16,5,4,feasible,16,5,4,feasible,4,0,complete,16,complete,16,complete,16,complete,16
41258,842,0,0,1,feasible,11,10,3,2,7,6,feasible,11,6,7,feasible,11,6,7,feasible,4,0,complete,12,complete,11,complete,11,complete,11
41307,843,0,0,1,feasible,16,10,4,3,5,4,feasible,16,5,4,feasible,16,5,4,feasible,4,0,complete,16,complete,16,complete,16,complete,16
41356,844,0,0,1,feasible,16,10,4,4,5,4,feasible,16,5,4,feasible,16,5,4,feasible,4,0,complete,16,complete,16,complete,16,complete,16
41405,845,0,0,1,feasible,16,10,4,3,5,4,feasible,16,5,4,feasible,16,5,4,feasible,4,0,complete,16,complete,16,complete,16,complete,16
41454,846,0,0,1,feasible,16,10,4,4,5,4,feasible,16,5,4,feasible,16,5,4,feasible,4,0,complete,16,complete,16,complete,16,complete,16
41510,847,1,0,1,feasible,15,10,3,5,7,7,feasible,15,6,7,feasible,15,6,7,feasible,4,0,complete,16,complete,15,complete,16,complete,16
41553,848,0,1,1,feasible,10,10,2,3,5,4,feasible,10,5,6,feasible,10,5,6,feasible,4,1,complete,12,complete,10,complete,11,complete,11
41602,849,0,1,1,feasible,10,10,2,4,5,4,feasible,10,5,6,feasible,10,5,6,feasible,4,1,complete,16,complete,10,complete,15,complete,11
41651,850,0,1,1,feasible,10,10,2,3,5,4,feasible,10,5,6,feasible,10,5,6,feasible,4,1,complete,12,complete,10,complete,10,complete,11
41700,851,0,1,1,feasible,10,10,2,4,5,4,feasible,10,5,6,feasible,10,5,6,feasible,4,1,complete,16,complete,10,complete,10,complete,11
41755,852,1,0,1,feasible,16,10,4,5,5,4,feasible,16,5,4,feasible,16,5,4,feasible,4,0,complete,16,complete,16,complete,16,complete,16
41798,853,0,1,1,feasible,10,10,2,4,5,4,feasible,10,5,6,feasible,10,5,6,feasible,4,1,complete,16,complete,10,complete,10,complete,11
41853,854,1,0,1,feasible,16,10,4,5,5,4,feasible,16,5,4,feasible,16,5,4,feasible,4,0,complete,16,complete,16,complete,16,complete,16
41909,855,2,0,1,feasible,15,14,3,6,7,7,feasible,15,6,7,feasible,15,6,7,feasible,4,0,complete,16,complete,15,complete,16,complete,16
41945,856,0,1,1,feasible,10,10,2,4,5,4,feasible,10,5,6,feasible,10,5,6,feasible,4,1,complete,12,complete,10,complete,11,complete,11
42001,857,1,1,1,feasible,10,10,2,5,5,4,feasible,10,5,6,feasible,10,5,6,feasible,4,1,complete,16,complete,10,complete,15,complete,11
42043,858,0,1,1,feasible,10,10,2,4,5,4,feasible,10,5,6,feasible,10,5,6,feasible,4,1,complete,12,complete,10,complete,10,complete,11
42099,859,1,1,1,feasible,10,10,2,5,5,4,feasible,10,5,6,feasible,10,5,6,feasible,4,1,complete,16,complete,10,complete,10,complete,11
42154,860,2,0,1,feasible,16,14,4,6,5,4,feasible,16,5,4,feasible,16,5,4,feasible,4,0,complete,16,complete,16,complete,16,complete,16
42197,861,1,1,1,feasible,10,10,2,5,5,4,feasible,10,5,6,feasible,10,5,6,feasible,4,1,complete,16,complete,10,complete,10,complete,11
42252,862,2,0,1,feasible,16,14,4,6,5,4,feasible,16,5,4,feasible,16,5,4,feasible,4,0,complete,16,complete,16,complete,16,complete,16
42308,863,3,0,1,feasible,15,14,3,7,7,7,feasible,15,6,7,feasible,15,6,7,feasible,4,0,complete,16,complete,15,complete,16,complete,16
42337,864,0,1,1,feasible,6,6,2,2,6,6,feasible,6,5,6,feasible,6,5,6,feasible,3,1,complete,7,complete,7,complete,7,complete,7
42386,865,0,1,1,feasible,11,10,3,3,4,3,feasible,11,4,3,feasible,11,4,3,feasible,3,0,complete,11,complete,11,complete,11,complete,11
42434,866,0,0,1,feasible,6,6,2,2,6,6,feasible,6,5,6,feasible,6,5,6,feasible,3,1,complete,7,complete,6,complete,7,complete,7
42483,867,0,0,1,feasible,11,10,3,3,4,3,feasible,11,4,3,feasible,11,4,3,feasible,3,0,complete,11,complete,11,complete,11,complete,11
42539,868,1,0,1,feasible,11,10,3,4,4,3,feasible,11,4,3,feasible,11,4,3,feasible,3,0,complete,11,complete,11,complete,11,complete,11
42581,869,0,0,1,feasible,11,10,3,3,4,3,feasible,11,4,3,feasible,11,4,3,feasible,3,0,complete,11,complete,11,complete,11,complete,11
42637,870,1,0,1,feasible,11,10,3,4,4,3,feasible,11,4,3,feasible,11,4,3,feasible,3,0,complete,11,complete,11,complete,11,complete,11
42681,871,0,2,1,feasible,10,10,2,5,4,3,feasible,10,4,4,feasible,10,4,4,feasible,3,1,complete,11,complete,10,complete,10,complete,11
42728,872,0,0,1,feasible,6,6,2,2,9,10,feasible,6,7,11,feasible,6,7,11,feasible,4,1,complete,8,complete,6,complete,7,complete,7
42777,873,0,0,1,feasible,11,10,3,3,7,7,feasible,11,6,7,feasible,11,6,7,feasible,4,0,complete,12,complete,11,complete,11,complete,12
42826,874,0,0,1,feasible,6,6,2,2,9,10,feasible,6,7,11,feasible,6,7,11,feasible,4,1,complete,8,complete,6,complete,7,complete,7
42875,875,0,0,1,feasible,11,10,3,3,7,7,feasible,11,6,7,feasible,11,6,7,feasible,4,0,complete,12,complete,11,complete,11,complete,12
42925,876,0,1,1,feasible,11,10,3,4,7,7,feasible,11,6,7,feasible,11,6,7,feasible,4,0,complete,12,complete,12,complete,12,complete,12
42973,877,0,0,1,feasible,11,10,3,3,7,7,feasible,11,6,7,feasible,11,6,7,feasible,4,0,complete,12,complete,11,complete,12,complete,12
43023,878,0,1,1,feasible,11,10,3,4,7,7,feasible,11,6,7,feasible,11,6,7,feasible,4,0,complete,12,complete,12,complete,12,complete,12
43072,879,0,1,1,feasible,11,10,3,5,7,7,feasible,11,6,7,feasible,11,6,7,feasible,4,0,complete,12,complete,12,complete,12,complete,12
43120,880,0,0,1,feasible,11,10,3,3,5,4,feasible,11,5,5,feasible,11,5,5,feasible,4,0,complete,12,complete,11,complete,11,complete,11
43176,881,1,0,1,feasible,11,10,3,4,7,7,feasible,11,6,7,feasible,11,6,7,feasible,4,0,complete,16,complete,16,complete,11,complete,11
43218,882,0,0,1,feasible,11,10,3,3,5,4,feasible,11,5,5,feasible,11,5,5,feasible,4,0,complete,12,complete,11,complete,11,complete,11
43274,883,1,0,1,feasible,11,10,3,4,7,7,feasible,11,6,7,feasible,11,6,7,feasible,4,0,complete,16,complete,16,complete,11,complete,11
43317,884,0,1,1,feasible,16,10,4,5,5,4,feasible,16,5,4,feasible,16,5,4,feasible,4,0,complete,16,complete,16,complete,16,complete,16
43372,885,1,0,1,feasible,11,10,3,4,7,7,feasible,11,6,7,feasible,11,6,7,feasible,4,0,complete,16,complete,16,complete,16,complete,11
43415,886,0,1,1,feasible,16,10,4,5,5,4,feasible,16,5,4,feasible,16,5,4,feasible,4,0,complete,16,complete,16,complete,16,complete,16
43471,887,1,1,1,feasible,15,10,3,6,7,7,feasible,15,6,7,feasible,15,6,7,feasible,4,0,complete,16,complete,15,complete,16,complete,16
43512,888,0,0,1,feasible,6,6,2,2,11,13,feasible,6,8,14,feasible,6,8,14,feasible,4,1,complete,8,complete,6,complete,7,complete,7
43561,889,0,0,1,feasible,11,10,3,3,9,10,feasible,11,7,10,feasible,11,7,10,feasible,4,0,complete,12,complete,11,complete,11,complete,12
43610,890,0,0,1,feasible,6,6,2,2,11,13,feasible,6,8,14,feasible,6,8,14,feasible,4,1,complete,8,complete,6,complete,7,complete,7
43659,891,0,0,1,feasible,11,10,3,3,9,10,feasible,11,7,10,feasible,11,7,10,feasible,4,0,complete,12,complete,11,complete,11,complete,12
43708,892,0,0,1,feasible,11,10,3,4,7,7,feasible,11,6,7,feasible,11,6,7,feasible,4,0,complete,12,complete,11,complete,12,complete,12
43757,893,0,0,1,feasible,11,10,3,3,9,10,feasible,11,7,10,feasible,11,7,10,feasible,4,0,complete,12,complete,11,complete,11,complete,12
43806,894,0,0,1,feasible,11,10,3,4,7,7,feasible,11,6,7,feasible,11,6,7,feasible,4,0,complete,12,complete,11,complete,12,complete,12
43855,895,0,0,1,feasible,11,10,3,5,7,7,feasible,11,6,7,feasible,11,6,7,feasible,4,0,complete,12,complete,11,complete,12,complete,12
43904,896,0,0,1,feasible,11,10,3,3,7,6,feasible,11,6,7,feasible,11,6,7,feasible,4,0,complete,12,complete,11,complete,11,complete,11
43953,897,0,0,1,feasible,16,10,4,4,5,4,feasible,16,5,4,feasible,16,5,4,feasible,4,0,complete,16,complete,16,complete,16,complete,16
44002,898,0,0,1,feasible,11,10,3,3,7,6,feasible,11,6,7,feasible,11,6,7,feasible,4,0,complete,12,complete,11,complete,11,complete,11
44051,899,0,0,1,feasible,16,10,4,4,5,4,feasible,16,5,4,feasible,16,5,4,feasible,4,0,complete,16,complete,16,complete,16,complete,16
44100,900,0,0,1,feasible,16,10,4,5,5,4,feasible,16,5,4,feasible,16,5,4,feasible,4,0,complete,16,complete,16,complete,16,complete,16
44149,901,0,0,1,feasible,16,10,4,4,5,4,feasible,16,5,4,feasible,16,5,4,feasible,4,0,complete,16,complete,16,complete,16,complete,16
44198,902,0,0,1,feasible,16,10,4,5,5,4,feasible,16,5,4,feasible,16,5,4,feasible,4,0,complete,16,complete,16,complete,16,complete,16
44254,903,1,0,1,feasible,15,10,3,6,7,7,feasible,15,6,7,feasible,15,6,7,feasible,4,0,complete,16,complete,15,complete,16,complete,16
44303,904,1,0,1,feasible,11,10,3,4,7,6,feasible,11,6,7,feasible,11,6,7,feasible,4,0,complete,12,complete,11,complete,11,complete,11
44352,905,1,0,1,feasible,16,10,4,5,5,4,feasible,16,5,4,feasible,16,5,4,feasible,4,0,complete,16,complete,16,complete,16,complete,16
44401,906,1,0,1,feasible,11,10,3,4,7,6,feasible,11,6,7,feasible,11,6,7,feasible,4,0,complete,12,complete,11,complete,11,complete,11
44450,907,1,0,1,feasible,16,10,4,5,5,4,feasible,16,5,4,feasible,16,5,4,feasible,4,0,complete,16,complete,16,complete,16,complete,16
44499,908,1,0,1,feasible,16,10,4,6,5,4,feasible,16,5,4,feasible,16,5,4,feasible,4,0,complete,16,complete,16,complete,16,complete,16
44548,909,1,0,1,feasible,16,10,4,5,5,4,feasible,16,5,4,feasible,16,5,4,feasible,4,0,complete,16,complete,16,complete,16,complete,16
44597,910,1,0,1,feasible,16,10,4,6,5,4,feasible,16,5,4,feasible,16,5,4,feasible,4,0,complete,16,complete,16,complete,16,complete,16
44653,911,2,0,1,feasible,15,14,3,7,7,7,feasible,15,6,7,feasible,15,6,7,feasible,4,0,complete,16,complete,15,complete,16,complete,16
44688,912,0,0,1,feasible,11,10,3,3,7,6,feasible,11,6,7,feasible,11,6,7,feasible,4,0,complete,12,complete,11,complete,12,complete,11
44737,913,0,0,1,feasible,16,10,4,4,5,4,feasible,16,5,4,feasible,16,5,4,feasible,4,0,complete,16,complete,16,complete,16,complete,16
44786,914,0,0,1,feasible,11,10,3,3,7,6,feasible,11,6,7,feasible,11,6,7,feasible,4,0,complete,12,complete,11,complete,11,complete,11
44835,915,0,0,1,feasible,16,10,4,4,5,4,feasible,16,5,4,feasible,16,5,4,feasible,4,0,complete,16,complete,16,complete,16,complete,16
44884,916,0,0,1,feasible,16,10,4,5,5,4,feasible,16,5,4,feasible,16,5,4,feasible,4,0,complete,16,complete,16,complete,16,complete,16
44933,917,0,0,1,feasible,16,10,4,4,5,4,feasible,16,5,4,feasible,16,5,4,feasible,4,0,complete,16,complete,16,complete,16,complete,16
44982,918,0,0,1,feasible,16,10,4,5,5,4,feasible,16,5,4,feasible,16,5,4,feasible,4,0,complete,16,complete,16,complete,16,complete,16
45038,919,1,0,1,feasible,15,10,3,6,7,7,feasible,15,6,7,feasible,15,6,7,feasible,4,0,complete,16,complete,15,complete,16,complete,16
45087,920,1,0,1,feasible,11,10,3,4,7,6,feasible,11,6,7,feasible,11,6,7,feasible,4,0,complete,12,complete,11,complete,12,complete,11
45136,921,1,0,1,feasible,16,10,4,5,5,4,feasible,16,5,4,feasible,16,5,4,feasible,4,0,complete,16,complete,16,complete,16,complete,16
45185,922,1,0,1,feasible,11,10,3,4,7,6,feasible,11,6,7,feasible,11,6,7,feasible,4,0,complete,12,complete,11,complete,11,complete,11
45234,923,1,0,1,feasible,16,10,4,5,5,4,feasible,16,5,4,feasible,16,5,4,feasible,4,0,complete,16,complete,16,complete,16,complete,16
45283,924,1,0,1,feasible,16,10,4,6,5,4,feasible,16,5,4,feasible,16,5,4,feasible,4,0,complete,16,complete,16,complete,16,complete,16
45332,925,1,0,1,feasible,16,10,4,5,5,4,feasible,16,5,4,feasible,16,5,4,feasible,4,0,complete,16,complete,16,complete,16,complete,16
45381,926,1,0,1,feasible,16,10,4,6,5,4,feasible,16,5,4,feasible,16,5,4,feasible,4,0,complete,16,complete,16,complete,16,complete,16
45437,927,2,0,1,feasible,15,14,3,7,7,7,feasible,15,6,7,feasible,15,6,7,feasible,4,0,complete,16,complete,15,complete,16,complete,16
45474,928,0,2,1,feasible,10,10,2,5,5,4,feasible,10,5,6,feasible,10,5,6,feasible,4,1,complete,12,complete,10,complete,11,complete,11
45535,929,2,0,1,feasible,16,10,4,6,5,4,feasible,16,5,4,feasible,16,5,4,feasible,4,0,complete,16,complete,16,complete,16,complete,16
45572,930,0,2,1,feasible,10,10,2,5,5,4,feasible,10,5,6,feasible,10,5,6,feasible,4,1,complete,12,complete,10,complete,10,complete,11
45633,931,2,0,1,feasible,16,10,4,6,5,4,feasible,16,5,4,feasible,16,5,4,feasible,4,0,complete,16,complete,16,complete,16,complete,16
45682,932,2,0,1,feasible,16,14,4,7,5,4,feasible,16,5,4,feasible,16,5,4,feasible,4,0,complete,16,complete,16,complete,16,complete,16
45731,933,2,0,1,feasible,16,10,4,6,5,4,feasible,16,5,4,feasible,16,5,4,feasible,4,0,complete,16,complete,16,complete,16,complete,16
45780,934,2,0,1,feasible,16,14,4,7,5,4,feasible,16,5,4,feasible,16,5,4,feasible,4,0,complete,16,complete,16,complete,16,complete,16
45836,935,3,0,1,feasible,15,14,3,8,7,7,feasible,15,6,7,feasible,15,6,7,feasible,4,0,complete,16,complete,15,complete,16,complete,16
45864,936,0,0,1,feasible,6,6,2,1,6,6,feasible,6,5,6,feasible,6,5,6,feasible,3,1,complete,7,complete,7,complete,7,complete,7
45913,937,0,0,1,feasible,11,10,3,2,4,3,feasible,11,4,3,feasible,11,4,3,feasible,3,0,complete,11,complete,11,complete,11,complete,11
45962,938,0,0,1,feasible,6,6,2,1,6,6,feasible,6,5,6,feasible,6,5,6,feasible,3,1,complete,7,complete,6,complete,7,complete,7
46011,939,0,0,1,feasible,11,10,3,2,4,3,feasible,11,4,3,feasible,11,4,3,feasible,3,0,complete,11,complete,11,complete,11,complete,11
46061,940,0,1,1,feasible,10,10,2,3,4,3,feasible,10,4,4,feasible,10,4,4,feasible,3,1,complete,11,complete,10,complete,11,complete,11
46109,941,0,0,1,feasible,11,10,3,2,4,3,feasible,11,4,3,feasible,11,4,3,feasible,3,0,complete,11,complete,11,complete,11,complete,11
46159,942,0,1,1,feasible,10,10,2,3,4,3,feasible,10,4,4,feasible,10,4,4,feasible,3,1,complete,11,complete,10,complete,11,complete,11
46208,943,0,1,1,feasible,10,10,2,4,4,3,feasible,10,4,4,feasible,10,4,4,feasible,3,1,complete,11,complete,10,complete,11,complete,11
46256,944,0,0,1,feasible,6,6,2,1,11,13,feasible,6,8,14,feasible,6,8,14,feasible,4,1,complete,8,complete,6,complete,7,complete,7
46305,945,0,0,1,feasible,11,10,3,2,9,10,feasible,11,7,10,feasible,11,7,10,feasible,4,0,complete,12,complete,11,complete,11,complete,12
46354,946,0,0,1,feasible,6,6,2,1,11,13,feasible,6,8,14,feasible,6,8,14,feasible,4,1,complete,8,complete,6,complete,7,complete,7
46403,947,0,0,1,feasible,11,10,3,2,9,10,feasible,11,7,10,feasible,11,7,10,feasible,4,0,complete,12,complete,11,complete,11,complete,12
46452,948,0,0,1,feasible,11,10,3,3,7,7,feasible,11,6,7,feasible,11,6,7,feasible,4,0,complete,12,complete,12,complete,12,complete,12
46501,949,0,0,1,feasible,11,10,3,2,9,10,feasible,11,7,10,feasible,11,7,10,feasible,4,0,complete,12,complete,11,complete,12,complete,12
46550,950,0,0,1,feasible,11,10,3,3,7,7,feasible,11,6,7,feasible,11,6,7,feasible,4,0,complete,12,complete,12,complete,12,complete,12
46599,951,0,0,1,feasible,11,10,3,4,7,7,feasible,11,6,7,feasible,11,6,7,feasible,4,0,complete,12,complete,12,complete,12,complete,12
46648,952,0,0,1,feasible,11,10,3,2,7,6,feasible,11,6,7,feasible,11,6,7,feasible,4,0,complete,12,complete,11,complete,11,complete,11
46697,953,0,0,1,feasible,16,10,4,3,5,4,feasible,16,5,4,feasible,16,5,4,feasible,4,0,complete,16,complete,16,complete,16,complete,16
46746,954,0,0,1,feasible,11,10,3,2,7,6,feasible,11,6,7,feasible,11,6,7,feasible,4,0,complete,12,complete,11,complete,11,complete,11
46795,955,0,0,1,feasible,16,10,4,3,5,4,feasible,16,5,4,feasible,16,5,4,feasible,4,0,complete,16,complete,16,complete,16,complete,16
46844,956,0,0,1,feasible,16,10,4,4,5,4,feasible,16,5,4,feasible,16,5,4,feasible,4,0,complete,16,complete,16,complete,16,complete,16
46893,957,0,0,1,feasible,16,10,4,3,5,4,feasible,16,5,4,feasible,16,5,4,feasible,4,0,complete,16,complete,16,complete,16,complete,16
46942,958,0,0,1,feasible,16,10,4,4,5,4,feasible,16,5,4,feasible,16,5,4,feasible,4,0,complete,16,complete,16,complete,16,complete,16
46991,959,0,0,1,feasible,16,10,4,5,5,4,feasible,16,5,4,feasible,16,5,4,feasible,4,0,complete,16,complete,16,complete,16,complete,16
47040,960,0,0,1,feasible,6,6,2,1,11,13,feasible,6,8,14,feasible,6,8,14,feasible,4,1,complete,8,complete,6,complete,7,complete,7
47089,961,0,0,1,feasible,11,10,3,2,9,10,feasible,11,7,10,feasible,11,7,10,feasible,4,0,complete,12,complete,11,complete,11,complete,12
47138,962,0,0,1,feasible,6,6,2,1,11,13,feasible,6,8,14,feasible,6,8,14,feasible,4,1,complete,8,complete,6,complete,7,complete,7
47187,963,0,0,1,feasible,11,10,3,2,9,10,feasible,11,7,10,feasible,11,7,10,feasible,4,0,complete,12,complete,11,complete,11,complete,12
47236,964,0,0,1,feasible,11,10,3,3,7,7,feasible,11,6,7,feasible,11,6,7,feasible,4,0,complete,12,complete,11,complete,12,complete,12
47285,965,0,0,1,feasible,11,10,3,2,9,10,feasible,11,7,10,feasible,11,7,10,feasible,4,0,complete,12,complete,11,complete,11,complete,12
47334,966,0,0,1,feasible,11,10,3,3,7,7,feasible,11,6,7,feasible,11,6,7,feasible,4,0,complete,12,complete,11,complete,12,complete,12
47383,967,0,0,1,feasible,11,10,3,4,7,7,feasible,11,6,7,feasible,11,6,7,feasible,4,0,complete,12,complete,11,complete,12,complete,12
47432,968,0,0,1,feasible,11,10,3,2,7,6,feasible,11,6,7,feasible,11,6,7,feasible,4,0,complete,12,complete,11,complete,11,complete,11
47481,969,0,0,1,feasible,16,10,4,3,5,4,feasible,16,5,4,feasible,16,5,4,feasible,4,0,complete,16,complete,16,complete,16,complete,16
47530,970,0,0,1,feasible,11,10,3,2,7,6,feasible,11,6,7,feasible,11,6,7,feasible,4,0,complete,12,complete,11,complete,11,complete,11
47579,971,0,0,1,feasible,16,10,4,3,5,4,feasible,16,5,4,feasible,16,5,4,feasible,4,0,complete,16,complete,16,complete,16,complete,16
47628,972,0,0,1,feasible,16,10,4,4,5,4,feasible,16,5,4,feasible,16,5,4,feasible,4,0,complete,16,complete,16,complete,16,complete,16
47677,973,0,0,1,feasible,16,10,4,3,5,4,feasible,16,5,4,feasible,16,5,4,feasible,4,0,complete,16,complete,16,complete,16,complete,16
47726,974,0,0,1,feasible,16,10,4,4,5,4,feasible,16,5,4,feasible,16,5,4,feasible,4,0,complete,16,complete,16,complete,16,complete,16
47775,975,0,0,1,feasible,16,10,4,5,5,4,feasible,16,5,4,feasible,16,5,4,feasible,4,0,complete,16,complete,16,complete,16,complete,16
47825,976,0,1,1,feasible,10,10,2,3,5,4,feasible,10,5,6,feasible,10,5,6,feasible,4,1,complete,12,complete,10,complete,11,complete,11
47874,977,0,1,1,feasible,10,10,2,4,5,4,feasible,10,5,6,feasible,10,5,6,feasible,4,1,complete,16,complete,10,complete,11,complete,11
47923,978,0,1,1,feasible,10,10,2,3,5,4,feasible,10,5,6,feasible,10,5,6,feasible,4,1,complete,12,complete,10,complete,11,complete,11
47972,979,0,1,1,feasible,10,10,2,4,5,4,feasible,10,5,6,feasible,10,5,6,feasible,4,1,complete,16,complete,10,complete,11,complete,11
48021,980,0,1,1,feasible,10,10,2,5,5,4,feasible,10,5,6,feasible,10,5,6,feasible,4,1,complete,16,complete,10,complete,11,complete,11
48070,981,0,1,1,feasible,10,10,2,4,5,4,feasible,10,5,6,feasible,10,5,6,feasible,4,1,complete,16,complete,10,complete,11,complete,11
48119,982,0,1,1,feasible,10,10,2,5,5,4,feasible,10,5,6,feasible,10,5,6,feasible,4,1,complete,16,complete,10,complete,11,complete,11
48174,983,1,0,1,feasible,16,14,4,6,5,4,feasible,16,5,4,feasible,16,5,4,feasible,4,0,complete,16,complete,16,complete,16,complete,16
48216,984,0,0,1,feasible,11,10,3,2,7,6,feasible,11,6,7,feasible,11,6,7,feasible,4,0,complete,12,complete,11,complete,12,complete,11
48265,985,0,0,1,feasible,16,10,4,3,5,4,feasible,16,5,4,feasible,16,5,4,feasible,4,0,complete,16,complete,16,complete,16,complete,16
48314,986,0,0,1,feasible,11,10,3,2,7,6,feasible,11,6,7,feasible,11,6,7,feasible,4,0,complete,12,complete,11,complete,11,complete,11
48363,987,0,0,1,feasible,16,10,4,3,5,4,feasible,16,5,4,feasible,16,5,4,feasible,4,0,complete,16,complete,16,complete,16,complete,16
48412,988,0,0,1,feasible,16,10,4,4,5,4,feasible,16,5,4,feasible,16,5,4,feasible,4,0,complete,16,complete,16,complete,16,complete,16
48461,989,0,0,1,feasible,16,10,4,3,5,4,feasible,16,5,4,feasible,16,5,4,feasible,4,0,complete,16,complete,16,complete,16,complete,16
48510,990,0,0,1,feasible,16,10,4,4,5,4,feasible,16,5,4,feasible,16,5,4,feasible,4,0,complete,16,complete,16,complete,16,complete,16
48559,991,0,0,1,feasible,16,10,4,5,5,4,feasible,16,5,4,feasible,16,5,4,feasible,4,0,complete,16,complete,16,complete,16,complete,16
48609,992,0,1,1,feasible,10,10,2,3,5,4,feasible,10,5,6,feasible,10,5,6,feasible,4,1,complete,12,complete,10,complete,12,complete,11
48658,993,0,1,1,feasible,10,10,2,4,5,4,feasible,10,5,6,feasible,10,5,6,feasible,4,1,complete,16,complete,10,complete,16,complete,11
48707,994,0,1,1,feasible,10,10,2,3,5,4,feasible,10,5,6,feasible,10,5,6,feasible,4,1,complete,12,complete,10,complete,11,complete,11
48756,995,0,1,1,feasible,10,10,2,4,5,4,feasible,10,5,6,feasible,10,5,6,feasible,4,1,complete,16,complete,10,complete,11,complete,11
48805,996,0,1,1,feasible,10,10,2,5,5,4,feasible,10,5,6,feasible,10,5,6,feasible,4,1,complete,16,complete,10,complete,11,complete,11
48854,997,0,1,1,feasible,10,10,2,4,5,4,feasible,10,5,6,feasible,10,5,6,feasible,4,1,complete,16,complete,10,complete,11,complete,11
48903,998,0,1,1,feasible,10,10,2,5,5,4,feasible,10,5,6,feasible,10,5,6,feasible,4,1,complete,16,complete,10,complete,11,complete,11
48958,999,1,0,1,feasible,16,14,4,6,5,4,feasible,16,5,4,feasible,16,5,4,feasible,4,0,complete,16,complete,16,complete,16,complete,16
49001,1000,0,1,1,feasible,10,10,2,4,5,4,feasible,10,5,6,feasible,10,5,6,feasible,4,1,complete,12,complete,10,complete,12,complete,11
49050,1001,0,1,1,feasible,10,10,2,5,5,4,feasible,10,5,6,feasible,10,5,6,feasible,4,1,complete,16,complete,10,complete,16,complete,11
49099,1002,0,1,1,feasible,10,10,2,4,5,4,feasible,10,5,6,feasible,10,5,6,feasible,4,1,complete,12,complete,10,complete,11,complete,11
49148,1003,0,1,1,feasible,10,10,2,5,5,4,feasible,10,5,6,feasible,10,5,6,feasible,4,1,complete,16,complete,10,complete,11,complete,11
49204,1004,1,1,1,feasible,14,14,2,6,5,4,feasible,14,5,6,feasible,14,5,6,feasible,4,1,complete,16,complete,14,complete,15,complete,16
49246,1005,0,1,1,feasible,10,10,2,5,5,4,feasible,10,5,6,feasible,10,5,6,feasible,4,1,complete,16,complete,10,complete,11,complete,11
49302,1006,1,1,1,feasible,14,14,2,6,5,4,feasible,14,5,6,feasible,14,5,6,feasible,4,1,complete,16,complete,14,complete,15,complete,15
49357,1007,2,0,1,feasible,16,14,4,7,5,4,feasible,16,5,4,feasible,16,5,4,feasible,4,0,complete,16,complete,16,complete,16,complete,16
49393,1008,0,1,1,feasible,6,6,2,2,6,6,feasible,6,5,6,feasible,6,5,6,feasible,3,1,complete,7,complete,7,complete,7,complete,7
49442,1009,0,1,1,feasible,11,10,3,3,4,3,feasible,11,4,3,feasible,11,4,3,feasible,3,0,complete,11,complete,11,complete,11,complete,11
49490,1010,0,0,1,feasible,6,6,2,2,6,6,feasible,6,5,6,feasible,6,5,6,feasible,3,1,complete,7,complete,6,complete,7,complete,7
49539,1011,0,0,1,feasible,11,10,3,3,4,3,feasible,11,4,3,feasible,11,4,3,feasible,3,0,complete,11,complete,11,complete,11,complete,11
49595,1012,1,0,1,feasible,11,10,3,4,4,3,feasible,11,4,3,feasible,11,4,3,feasible,3,0,complete,11,complete,11,complete,11,complete,11
49637,1013,0,0,1,feasible,11,10,3,3,4,3,feasible,11,4,3,feasible,11,4,3,feasible,3,0,complete,11,complete,11,complete,11,complete,11
49693,1014,1,0,1,feasible,11,10,3,4,4,3,feasible,11,4,3,feasible,11,4,3,feasible,3,0,complete,11,complete,11,complete,11,complete,11
49737,1015,0,2,1,feasible,10,10,2,5,4,3,feasible,10,4,4,feasible,10,4,4,feasible,3,1,complete,11,complete,10,complete,11,complete,11
49784,1016,0,0,1,feasible,6,6,2,2,9,10,feasible,6,7,11,feasible,6,7,11,feasible,4,1,complete,8,complete,6,complete,7,complete,7
49833,1017,0,0,1,feasible,11,10,3,3,7,7,feasible,11,6,7,feasible,11,6,7,feasible,4,0,complete,12,complete,11,complete,11,complete,12
49882,1018,0,0,1,feasible,6,6,2,2,9,10,feasible,6,7,11,feasible,6,7,11,feasible,4,1,complete,8,complete,6,complete,7,complete,7
49931,1019,0,0,1,feasible,11,10,3,3,7,7,feasible,11,6,7,feasible,11,6,7,feasible,4,0,complete,12,complete,11,complete,11,complete,12
49981,1020,0,1,1,feasible,11,10,3,4,7,7,feasible,11,6,7,feasible,11,6,7,feasible,4,0,complete,12,complete,12,complete,12,complete,12
50029,1021,0,0,1,feasible,11,10,3,3,7,7,feasible,11,6,7,feasible,11,6,7,feasible,4,0,complete,12,complete,11,complete,12,complete,12
50079,1022,0,1,1,feasible,11,10,3,4,7,7,feasible,11,6,7,feasible,11,6,7,feasible,4,0,complete,12,complete,12,complete,12,complete,12
50128,1023,0,1,1,feasible,11,10,3,5,7,7,feasible,11,6,7,feasible,11,6,7,feasible,4,0,complete,12,complete,12,complete,12,complete,12
50176,1024,0,0,1,feasible,11,10,3,3,5,4,feasible,11,5,5,feasible,11,5,5,feasible,4,0,complete,12,complete,11,complete,11,complete,11
50232,1025,1,0,1,feasible,11,10,3,4,7,7,feasible,11,6,7,feasible,11,6,7,feasible,4,0,complete,16,complete,16,complete,11,complete,11
50274,1026,0,0,1,feasible,11,10,3,3,5,4,feasible,11,5,5,feasible,11,5,5,feasible,4,0,complete,12,complete,11,complete,11,complete,11
50330,1027,1,0,1,feasible,11,10,3,4,7,7,feasible,11,6,7,feasible,11,6,7,feasible,4,0,complete,16,complete,16,complete,11,complete,11
50373,1028,0,1,1,feasible,16,10,4,5,5,4,feasible,16,5,4,feasible,16,5,4,feasible,4,0,complete,16,complete,16,complete,16,complete,16
50428,1029,1,0,1,feasible,11,10,3,4,7,7,feasible,11,6,7,feasible,11,6,7,feasible,4,0,complete,16,complete,16,complete,16,complete,11
50471,1030,0,1,1,feasible,16,10,4,5,5,4,feasible,16,5,4,feasible,16,5,4,feasible,4,0,complete,16,complete,16,complete,16,complete,16
50520,1031,0,1,1,feasible,16,10,4,6,5,4,feasible,16,5,4,feasible,16,5,4,feasible,4,0,complete,16,complete,16,complete,16,complete,16
50568,1032,0,0,1,feasible,6,6,2,2,11,13,feasible,6,8,14,feasible,6,8,14,feasible,4,1,complete,8,complete,6,complete,7,complete,7
50617,1033,0,0,1,feasible,11,10,3,3,9,10,feasible,11,7,10,feasible,11,7,10,feasible,4,0,complete,12,complete,11,complete,11,complete,12
50666,1034,0,0,1,feasible,6,6,2,2,11,13,feasible,6,8,14,feasible,6,8,14,feasible,4,1,complete,8,complete,6,complete,7,complete,7
50715,1035,0,0,1,feasible,11,10,3,3,9,10,feasible,11,7,10,feasible,11,7,10,feasible,4,0,complete,12,complete,11,complete,11,complete,12
50764,1036,0,0,1,feasible,11,10,3,4,7,7,feasible,11,6,7,feasible,11,6,7,feasible,4,0,complete,12,complete,11,complete,12,complete,12
50813,1037,0,0,1,feasible,11,10,3,3,9,10,feasible,11,7,10,feasible,11,7,10,feasible,4,0,complete,12,complete,11,complete,11,complete,12
50862,1038,0,0,1,feasible,11,10,3,4,7,7,feasible,11,6,7,feasible,11,6,7,feasible,4,0,complete,12,complete,11,complete,12,complete,12
50911,1039,0,0,1,feasible,11,10,3,5,7,7,feasible,11,6,7,feasible,11,6,7,feasible,4,0,complete,12,complete,11,complete,12,complete,12
50960,1040,0,0,1,feasible,11,10,3,3,7,6,feasible,11,6,7,feasible,11,6,7,feasible,4,0,complete,12,complete,11,complete,11,complete,11
51009,1041,0,0,1,feasible,16,10,4,4,5,4,feasible,16,5,4,feasible,16,5,4,feasible,4,0,complete,16,complete,16,complete,16,complete,16
51058,1042,0,0,1,feasible,11,10,3,3,7,6,feasible,11,6,7,feasible,11,6,7,feasible,4,0,complete,12,complete,11,complete,11,complete,11
51107,1043,0,0,1,feasible,16,10,4,4,5,4,feasible,16,5,4,feasible,16,5,4,feasible,4,0,complete,16,complete,16,complete,16,complete,16
51156,1044,0,0,1,feasible,16,10,4,5,5,4,feasible,16,5,4,feasible,16,5,4,feasible,4,0,complete,16,complete,16,complete,16,complete,16
51205,1045,0,0,1,feasible,16,10,4,4,5,4,feasible,16,5,4,feasible,16,5,4,feasible,4,0,complete,16,complete,16,complete,16,complete,16
51254,1046,0,0,1,feasible,16,10,4,5,5,4,feasible,16,5,4,feasible,16,5,4,feasible,4,0,complete,16,complete,16,complete,16,complete,16
51303,1047,0,0,1,feasible,16,10,4,6,5,4,feasible,16,5,4,feasible,16,5,4,feasible,4,0,complete,16,complete,16,complete,16,complete,16
51359,1048,1,0,1,feasible,11,10,3,4,7,6,feasible,11,6,7,feasible,11,6,7,feasible,4,0,complete,12,complete,11,complete,11,complete,11
51408,1049,1,0,1,feasible,16,10,4,5,5,4,feasible,16,5,4,feasible,16,5,4,feasible,4,0,complete,16,complete,16,complete,16,complete,16
51457,1050,1,0,1,feasible,11,10,3,4,7,6,feasible,11,6,7,feasible,11,6,7,feasible,4,0,complete,12,complete,11,complete,11,complete,11
51506,1051,1,0,1,feasible,16,10,4,5,5,4,feasible,16,5,4,feasible,16,5,4,feasible,4,0,complete,16,complete,16,complete,16,complete,16
51555,1052,1,0,1,feasible,16,10,4,6,5,4,feasible,16,5,4,feasible,16,5,4,feasible,4,0,complete,16,complete,16,complete,16,complete,16
51604,1053,1,0,1,feasible,16,10,4,5,5,4,feasible,16,5,4,feasible,16,5,4,feasible,4,0,complete,16,complete,16,complete,16,complete,16
51653,1054,1,0,1,feasible,16,10,4,6,5,4,feasible,16,5,4,feasible,16,5,4,feasible,4,0,complete,16,complete,16,complete,16,complete,16
51702,1055,1,0,1,feasible,16,14,4,7,5,4,feasible,16,5,4,feasible,16,5,4,feasible,4,0,complete,16,complete,16,complete,16,complete,16
51744,1056,0,0,1,feasible,11,10,3,3,7,6,feasible,11,6,7,feasible,11,6,7,feasible,4,0,complete,12,complete,11,complete,12,complete,11
51793,1057,0,0,1,feasible,16,10,4,4,5,4,feasible,16,5,4,feasible,16,5,4,feasible,4,0,complete,16,complete,16,complete,16,complete,16
51842,1058,0,0,1,feasible,11,10,3,3,7,6,feasible,11,6,7,feasible,11,6,7,feasible,4,0,complete,12,complete,11,complete,11,complete,11
51891,1059,0,0,1,feasible,16,10,4,4,5,4,feasible,16,5,4,feasible,16,5,4,feasible,4,0,complete,16,complete,16,complete,16,complete,16
51940,1060,0,0,1,feasible,16,10,4,5,5,4,feasible,16,5,4,feasible,16,5,4,feasible,4,0,complete,16,complete,16,complete,16,complete,16
51989,1061,0,0,1,feasible,16,10,4,4,5,4,feasible,16,5,4,feasible,16,5,4,feasible,4,0,complete,16,complete,16,complete,16,complete,16
52038,1062,0,0,1,feasible,16,10,4,5,5,4,feasible,16,5,4,feasible,16,5,4,feasible,4,0,complete,16,complete,16,complete,16,complete,16
52087,1063,0,0,1,feasible,16,10,4,6,5,4,feasible,16,5,4,feasible,16,5,4,feasible,4,0,complete,16,complete,16,complete,16,complete,16
52143,1064,1,0,1,feasible,11,10,3,4,7,6,feasible,11,6,7,feasible,11,6,7,feasible,4,0,complete,12,complete,11,complete,12,complete,11
52192,1065,1,0,1,feasible,16,10,4,5,5,4,feasible,16,5,4,feasible,16,5,4,feasible,4,0,complete,16,complete,16,complete,16,complete,16
52241,1066,1,0,1,feasible,11,10,3,4,7,6,feasible,11,6,7,feasible,11,6,7,feasible,4,0,complete,12,complete,11,complete,11,complete,11
52290,1067,1,0,1,feasible,16,10,4,5,5,4,feasible,16,5,4,feasible,16,5,4,feasible,4,0,complete,16,complete,16,complete,16,complete,16
52339,1068,1,0,1,feasible,16,10,4,6,5,4,feasible,16,5,4,feasible,16,5,4,feasible,4,0,complete,16,complete,16,complete,16,complete,16
52388,1069,1,0,1,feasible,16,10,4,5,5,4,feasible,16,5,4,feasible,16,5,4,feasible,4,0,complete,16,complete,16,complete,16,complete,16
52437,1070,1,0,1,feasible,16,10,4,6,5,4,feasible,16,5,4,feasible,16,5,4,feasible,4,0,complete,16,complete,16,complete,16,complete,16
52486,1071,1,0,1,feasible,16,14,4,7,5,4,feasible,16,5,4,feasible,16,5,4,feasible,4,0,complete,16,complete,16,complete,16,complete,16
52530,1072,0,2,1,feasible,10,10,2,5,5,4,feasible,10,5,6,feasible,10,5,6,feasible,4,1,complete,12,complete,10,complete,12,complete,11
52579,1073,0,2,1,feasible,10,10,2,6,5,4,feasible,10,5,6,feasible,10,5,6,feasible,4,1,complete,16,complete,10,complete,16,complete,11
52628,1074,0,2,1,feasible,10,10,2,5,5,4,feasible,10,5,6,feasible,10,5,6,feasible,4,1,complete,12,complete,10,complete,11,complete,11
52677,1075,0,2,1,feasible,10,10,2,6,5,4,feasible,10,5,6,feasible,10,5,6,feasible,4,1,complete,16,complete,10,complete,11,complete,11
52738,1076,2,0,1,feasible,16,14,4,7,5,4,feasible,16,5,4,feasible,16,5,4,feasible,4,0,complete,16,complete,16,complete,16,complete,16
52775,1077,0,2,1,feasible,10,10,2,6,5,4,feasible,10,5,6,feasible,10,5,6,feasible,4,1,complete,16,complete,10,complete,11,complete,11
52836,1078,2,0,1,feasible,16,14,4,7,5,4,feasible,16,5,4,feasible,16,5,4,feasible,4,0,complete,16,complete,16,complete,16,complete,16
52885,1079,2,0,1,feasible,16,14,4,8,5,4,feasible,16,5,4,feasible,16,5,4,feasible,4,0,complete,16,complete,16,complete,16,complete,16
52922,1080,0,2,1,feasible,6,6,2,3,6,6,feasible,6,5,6,feasible,6,5,6,feasible,3,1,complete,7,complete,7,complete,7,complete,7
52971,1081,0,2,1,feasible,11,10,3,4,4,3,feasible,11,4,3,feasible,11,4,3,feasible,3,0,complete,11,complete,11,complete,11,complete,11
53019,1082,0,1,1,feasible,6,6,2,3,6,6,feasible,6,5,6,feasible,6,5,6,feasible,3,1,complete,7,complete,6,complete,7,complete,7
53068,1083,0,1,1,feasible,11,10,3,4,4,3,feasible,11,4,3,feasible,11,4,3,feasible,3,0,complete,11,complete,11,complete,11,complete,11
53124,1084,1,1,1,feasible,11,10,3,5,4,3,feasible,11,4,3,feasible,11,4,3,feasible,3,0,complete,11,complete,11,complete,11,complete,11
53165,1085,0,0,1,feasible,11,10,3,4,4,3,feasible,11,4,3,feasible,11,4,3,feasible,3,0,complete,11,complete,11,complete,11,complete,11
53221,1086,1,0,1,feasible,11,10,3,5,4,3,feasible,11,4,3,feasible,11,4,3,feasible,3,0,complete,11,complete,11,complete,11,complete,11
53277,1087,2,0,1,feasible,11,10,3,6,4,3,feasible,11,4,3,feasible,11,4,3,feasible,3,0,complete,11,complete,11,complete,11,complete,11
53313,1088,0,1,1,feasible,6,6,2,3,9,10,feasible,6,7,11,feasible,6,7,11,feasible,4,1,complete,8,complete,6,complete,7,complete,7
53362,1089,0,1,1,feasible,11,10,3,4,7,7,feasible,11,6,7,feasible,11,6,7,feasible,4,0,complete,12,complete,11,complete,11,complete,12
53410,1090,0,0,1,feasible,6,6,2,3,9,10,feasible,6,7,11,feasible,6,7,11,feasible,4,1,complete,8,complete,6,complete,7,complete,7
53459,1091,0,0,1,feasible,11,10,3,4,7,7,feasible,11,6,7,feasible,11,6,7,feasible,4,0,complete,12,complete,11,complete,11,complete,12
53515,1092,1,0,1,feasible,11,10,3,5,7,7,feasible,11,6,7,feasible,11,6,7,feasible,4,0,complete,12,complete,11,complete,11,complete,12
53557,1093,0,0,1,feasible,11,10,3,4,7,7,feasible,11,6,7,feasible,11,6,7,feasible,4,0,complete,12,complete,11,complete,12,complete,12
53613,1094,1,0,1,feasible,11,10,3,5,7,7,feasible,11,6,7,feasible,11,6,7,feasible,4,0,complete,12,complete,11,complete,12,complete,12
53657,1095,0,2,1,feasible,11,10,3,6,7,7,feasible,11,6,7,feasible,11,6,7,feasible,4,0,complete,12,complete,12,complete,12,complete,12
53705,1096,0,1,1,feasible,11,10,3,4,5,4,feasible,11,5,5,feasible,11,5,5,feasible,4,0,complete,12,complete,11,complete,11,complete,11
53761,1097,1,1,1,feasible,11,10,3,5,7,7,feasible,11,6,7,feasible,11,6,7,feasible,4,0,complete,16,complete,16,complete,11,complete,11
53802,1098,0,0,1,feasible,11,10,3,4,5,4,feasible,11,5,5,feasible,11,5,5,feasible,4,0,complete,12,complete,11,complete,11,complete,11
53858,1099,1,0,1,feasible,11,10,3,5,7,7,feasible,11,6,7,feasible,11,6,7,feasible,4,0,complete,16,complete,16,complete,11,complete,11
53914,1100,2,0,1,feasible,11,10,3,6,7,7,feasible,11,6,7,feasible,11,6,7,feasible,4,0,complete,16,complete,16,complete,11,complete,11
53956,1101,1,0,1,feasible,11,10,3,5,7,7,feasible,11,6,7,feasible,11,6,7,feasible,4,0,complete,16,complete,16,complete,16,complete,11
54012,1102,2,0,1,feasible,11,10,3,6,7,7,feasible,11,6,7,feasible,11,6,7,feasible,4,0,complete,16,complete,16,complete,16,complete,11
54049,1103,0,2,1,feasible,16,10,4,7,5,4,feasible,16,5,4,feasible,16,5,4,feasible,4,0,complete,16,complete,16,complete,16,complete,16
54096,1104,0,0,1,feasible,6,6,2,3,9,10,feasible,6,7,11,feasible,6,7,11,feasible,4,1,complete,8,complete,6,complete,7,complete,7
54145,1105,0,0,1,feasible,11,10,3,4,7,7,feasible,11,6,7,feasible,11,6,7,feasible,4,0,complete,12,complete,12,complete,11,complete,12
54194,1106,0,0,1,feasible,6,6,2,3,9,10,feasible,6,7,11,feasible,6,7,11,feasible,4,1,complete,8,complete,6,complete,7,complete,7
54243,1107,0,0,1,feasible,11,10,3,4,7,7,feasible,11,6,7,feasible,11,6,7,feasible,4,0,complete,12,complete,12,complete,11,complete,12
54293,1108,0,1,1,feasible,11,10,3,5,7,7,feasible,11,6,7,feasible,11,6,7,feasible,4,0,complete,12,complete,11,complete,12,complete,12
54341,1109,0,0,1,feasible,11,10,3,4,7,7,feasible,11,6,7,feasible,11,6,7,feasible,4,0,complete,12,complete,12,complete,11,complete,12
54391,1110,0,1,1,feasible,11,10,3,5,7,7,feasible,11,6,7,feasible,11,6,7,feasible,4,0,complete,12,complete,11,complete,12,complete,12
54440,1111,0,1,1,feasible,11,10,3,6,7,7,feasible,11,6,7,feasible,11,6,7,feasible,4,0,complete,12,complete,11,complete,12,complete,12
54488,1112,0,0,1,feasible,11,10,3,4,5,4,feasible,11,5,5,feasible,11,5,5,feasible,4,0,complete,12,complete,11,complete,11,complete,11
54544,1113,1,0,1,feasible,11,10,3,5,7,7,feasible,11,6,7,feasible,11,6,7,feasible,4,0,complete,16,complete,16,complete,11,complete,11
54586,1114,0,0,1,feasible,11,10,3,4,5,4,feasible,11,5,5,feasible,11,5,5,feasible,4,0,complete,12,complete,11,complete,11,complete,11
54642,1115,1,0,1,feasible,11,10,3,5,7,7,feasible,11,6,7,feasible,11,6,7,feasible,4,0,complete,16,complete,16,complete,11,complete,11
54685,1116,0,1,1,feasible,16,10,4,6,5,4,feasible,16,5,4,feasible,16,5,4,feasible,4,0,complete,16,complete,16,complete,16,complete,16
54740,1117,1,0,1,feasible,11,10,3,5,7,7,feasible,11,6,7,feasible,11,6,7,feasible,4,0,complete,16,complete,16,complete,11,complete,11
54783,1118,0,1,1,feasible,16,10,4,6,5,4,feasible,16,5,4,feasible,16,5,4,feasible,4,0,complete,16,complete,16,complete,16,complete,16
54832,1119,0,1,1,feasible,16,10,4,7,5,4,feasible,16,5,4,feasible,16,5,4,feasible,4,0,complete,16,complete,16,complete,16,complete,16
54887,1120,1,0,1,feasible,11,10,3,5,5,4,feasible,11,5,5,feasible,11,5,5,feasible,4,0,complete,12,complete,11,complete,11,complete,11
54943,1121,2,0,1,feasible,11,10,3,6,7,7,feasible,11,6,7,feasible,11,6,7,feasible,4,0,complete,16,complete,16,complete,11,complete,11
54985,1122,1,0,1,feasible,11,10,3,5,5,4,feasible,11,5,5,feasible,11,5,5,feasible,4,0,complete,12,complete,11,complete,11,complete,11
55041,1123,2,0,1,feasible,11,10,3,6,7,7,feasible,11,6,7,feasible,11,6,7,feasible,4,0,complete,16,complete,16,complete,11,complete,11
55084,1124,1,1,1,feasible,16,10,4,7,5,4,feasible,16,5,4,feasible,16,5,4,feasible,4,0,complete,16,complete,16,complete,16,complete,16
55139,1125,2,0,1,feasible,11,10,3,6,7,7,feasible,11,6,7,feasible,11,6,7,feasible,4,0,complete,16,complete,16,complete,11,complete,11
55182,1126,1,1,1,feasible,16,10,4,7,5,4,feasible,16,5,4,feasible,16,5,4,feasible,4,0,complete,16,complete,16,complete,16,complete,16
55231,1127,1,1,1,feasible,16,14,4,8,5,4,feasible,16,5,4,feasible,16,5,4,feasible,4,0,complete,16,complete,16,complete,16,complete,16
55272,1128,0,0,1,feasible,11,10,3,4,7,6,feasible,11,6,7,feasible,11,6,7,feasible,4,0,complete,12,complete,11,complete,12,complete,11
55321,1129,0,0,1,feasible,16,10,4,5,5,4,feasible,16,5,4,feasible,16,5,4,feasible,4,0,complete,16,complete,16,complete,16,complete,16
55370,1130,0,0,1,feasible,11,10,3,4,7,6,feasible,11,6,7,feasible,11,6,7,feasible,4,0,complete,12,complete,11,complete,11,complete,11
55419,1131,0,0,1,feasible,16,10,4,5,5,4,feasible,16,5,4,feasible,16,5,4,feasible,4,0,complete,16,complete,16,complete,16,complete,16
55468,1132,0,0,1,feasible,16,10,4,6,5,4,feasible,16,5,4,feasible,16,5,4,feasible,4,0,complete,16,complete,16,complete,16,complete,16
55517,1133,0,0,1,feasible,16,10,4,5,5,4,feasible,16,5,4,feasible,16,5,4,feasible,4,0,complete,16,complete,16,complete,16,complete,16
55566,1134,0,0,1,feasible,16,10,4,6,5,4,feasible,16,5,4,feasible,16,5,4,feasible,4,0,complete,16,complete,16,complete,16,complete,16
55615,1135,0,0,1,feasible,16,10,4,7,5,4,feasible,16,5,4,feasible,16,5,4,feasible,4,0,complete,16,complete,16,complete,16,complete,16
55671,1136,1,0,1,feasible,11,10,3,5,7,6,feasible,11,6,7,feasible,11,6,7,feasible,4,0,complete,12,complete,11,complete,12,complete,11
55720,1137,1,0,1,feasible,16,10,4,6,5,4,feasible,16,5,4,feasible,16,5,4,feasible,4,0,complete,16,complete,16,complete,16,complete,16
55769,1138,1,0,1,feasible,11,10,3,5,7,6,feasible,11,6,7,feasible,11,6,7,feasible,4,0,complete,12,complete,11,complete,11,complete,11
55818,1139,1,0,1,feasible,16,10,4,6,5,4,feasible,16,5,4,feasible,16,5,4,feasible,4,0,complete,16,complete,16,complete,16,complete,16
55867,1140,1,0,1,feasible,16,10,4,7,5,4,feasible,16,5,4,feasible,16,5,4,feasible,4,0,complete,16,complete,16,complete,16,complete,16
55916,1141,1,0,1,feasible,16,10,4,6,5,4,feasible,16,5,4,feasible,16,5,4,feasible,4,0,complete,16,complete,16,complete,16,complete,16
55965,1142,1,0,1,feasible,16,10,4,7,5,4,feasible,16,5,4,feasible,16,5,4,feasible,4,0,complete,16,complete,16,complete,16,complete,16
56014,1143,1,0,1,feasible,16,14,4,8,5,4,feasible,16,5,4,feasible,16,5,4,feasible,4,0,complete,16,complete,16,complete,16,complete,16
56070,1144,2,0,1,feasible,11,10,3,6,7,6,feasible,11,6,7,feasible,11,6,7,feasible,4,0,complete,12,complete,11,complete,12,complete,11
56119,1145,2,0,1,feasible,16,10,4,7,5,4,feasible,16,5,4,feasible,16,5,4,feasible,4,0,complete,16,complete,16,complete,16,complete,16
56168,1146,2,0,1,feasible,11,10,3,6,7,6,feasible,11,6,7,feasible,11,6,7,feasible,4,0,complete,12,complete,11,complete,11,complete,11
56217,1147,2,0,1,feasible,16,10,4,7,5,4,feasible,16,5,4,feasible,16,5,4,feasible,4,0,complete,16,complete,16,complete,16,complete,16
56266,1148,2,0,1,feasible,16,14,4,8,5,4,feasible,16,5,4,feasible,16,5,4,feasible,4,0,complete,16,complete,16,complete,16,complete,16
56315,1149,2,0,1,feasible,16,10,4,7,5,4,feasible,16,5,4,feasible,16,5,4,feasible,4,0,complete,16,complete,16,complete,16,complete,16
56364,1150,2,0,1,feasible,16,14,4,8,5,4,feasible,16,5,4,feasible,16,5,4,feasible,4,0,complete,16,complete,16,complete,16,complete,16
56413,1151,2,0,1,feasible,16,14,4,9,5,4,feasible,16,5,4,feasible,16,5,4,feasible,4,0,complete,16,complete,16,complete,16,complete,16
56448,1152,0,0,1,feasible,6,6,2,1,4,3,feasible,6,4,4,feasible,6,4,4,feasible,3,1,complete,7,complete,6,complete,6,complete,6
56498,1153,0,1,1,feasible,10,10,2,2,6,5,feasible,10,5,6,feasible,10,5,6,feasible,3,1,complete,11,complete,10,complete,10,complete,10
56546,1154,0,0,1,feasible,6,6,2,1,4,3,feasible,6,4,4,feasible,6,4,4,feasible,3,1,complete,7,complete,6,complete,6,complete,6
56596,1155,0,1,1,feasible,10,10,2,2,6,5,feasible,10,5,6,feasible,10,5,6,feasible,3,1,complete,11,complete,10,complete,10,complete,10
56645,1156,0,1,1,feasible,10,10,2,3,4,3,feasible,10,4,4,feasible,10,4,4,feasible,3,1,complete,11,complete,10,complete,10,complete,10
56694,1157,0,1,1,feasible,10,10,2,2,6,5,feasible,10,5,6,feasible,10,5,6,feasible,3,1,complete,11,complete,10,complete,10,complete,10
56743,1158,0,1,1,feasible,10,10,2,3,4,3,feasible,10,4,4,feasible,10,4,4,feasible,3,1,complete,11,complete,10,complete,10,complete,10
56799,1159,1,1,1,feasible,10,10,2,4,4,3,feasible,10,4,4,feasible,10,4,4,feasible,3,1,complete,11,complete,10,complete,10,complete,10
56840,1160,0,0,1,feasible,6,6,2,1,9,9,feasible,6,7,11,feasible,6,7,11,feasible,4,1,complete,8,complete,6,complete,6,complete,6
56889,1161,0,0,1,feasible,11,10,3,2,7,6,feasible,11,6,7,feasible,11,6,7,feasible,4,0,complete,12,complete,11,complete,11,complete,11
56938,1162,0,0,1,feasible,6,6,2,1,9,9,feasible,6,7,11,feasible,6,7,11,feasible,4,1,complete,8,complete,6,complete,6,complete,6
56987,1163,0,0,1,feasible,11,10,3,2,7,6,feasible,11,6,7,feasible,11,6,7,feasible,4,0,complete,12,complete,11,complete,11,complete,11
57036,1164,0,0,1,feasible,11,10,3,3,5,4,feasible,11,5,5,feasible,11,5,5,feasible,4,0,complete,12,complete,11,complete,11,complete,11
57085,1165,0,0,1,feasible,11,10,3,2,7,6,feasible,11,6,7,feasible,11,6,7,feasible,4,0,complete,12,complete,11,complete,11,complete,11
57134,1166,0,0,1,feasible,11,10,3,3,5,4,feasible,11,5,5,feasible,11,5,5,feasible,4,0,complete,12,complete,11,complete,11,complete,11
57190,1167,1,0,1,feasible,11,10,3,4,5,4,feasible,11,5,5,feasible,11,5,5,feasible,4,0,complete,12,complete,11,complete,11,complete,11
57233,1168,0,1,1,feasible,10,10,2,2,9,9,feasible,10,7,11,feasible,10,7,11,feasible,4,1,complete,12,complete,10,complete,10,complete,10
57282,1169,0,1,1,feasible,10,10,2,3,7,7,feasible,10,6,8,feasible,10,6,8,feasible,4,1,complete,16,complete,10,complete,10,complete,10
57331,1170,0,1,1,feasible,10,10,2,2,9,9,feasible,10,7,11,feasible,10,7,11,feasible,4,1,complete,12,complete,10,complete,10,complete,10
57380,1171,0,1,1,feasible,10,10,2,3,7,7,feasible,10,6,8,feasible,10,6,8,feasible,4,1,complete,16,complete,10,complete,10,complete,10
57435,1172,1,0,1,feasible,15,10,3,4,5,4,feasible,15,5,5,feasible,15,5,5,feasible,4,0,complete,16,complete,15,complete,15,complete,15
57478,1173,0,1,1,feasible,10,10,2,3,7,7,feasible,10,6,8,feasible,10,6,8,feasible,4,1,complete,16,complete,10,complete,15,complete,10
57533,1174,1,0,1,feasible,15,10,3,4,5,4,feasible,15,5,5,feasible,15,5,5,feasible,4,0,complete,16,complete,15,complete,15,complete,15
57589,1175,2,0,1,feasible,15,10,3,5,5,4,feasible,15,5,5,feasible,15,5,5,feasible,4,0,complete,16,complete,15,complete,15,complete,15
57624,1176,0,0,1,feasible,6,6,2,1,9,9,feasible,6,7,11,feasible,6,7,11,feasible,4,1,complete,8,complete,6,complete,6,complete,6
57673,1177,0,0,1,feasible,11,10,3,2,7,6,feasible,11,6,7,feasible,11,6,7,feasible,4,0,complete,12,complete,11,complete,11,complete,11
57722,1178,0,0,1,feasible,6,6,2,1,9,9,feasible,6,7,11,feasible,6,7,11,feasible,4,1,complete,8,complete,6,complete,6,complete,6
57771,1179,0,0,1,feasible,11,10,3,2,7,6,feasible,11,6,7,feasible,11,6,7,feasible,4,0,complete,12,complete,11,complete,11,complete,11
57820,1180,0,0,1,feasible,11,10,3,3,5,4,feasible,11,5,5,feasible,11,5,5,feasible,4,0,complete,12,complete,11,complete,11,complete,11
57869,1181,0,0,1,feasible,11,10,3,2,7,6,feasible,11,6,7,feasible,11,6,7,feasible,4,0,complete,12,complete,11,complete,11,complete,11
57918,1182,0,0,1,feasible,11,10,3,3,5,4,feasible,11,5,5,feasible,11,5,5,feasible,4,0,complete,12,complete,11,complete,11,complete,11
57974,1183,1,0,1,feasible,11,10,3,4,5,4,feasible,11,5,5,feasible,11,5,5,feasible,4,0,complete,12,complete,11,complete,11,complete,11
58017,1184,0,1,1,feasible,10,10,2,2,9,9,feasible,10,7,11,feasible,10,7,11,feasible,4,1,complete,12,complete,10,complete,10,complete,10
58066,1185,0,1,1,feasible,10,10,2,3,7,7,feasible,10,6,8,feasible,10,6,8,feasible,4,1,complete,16,complete,10,complete,10,complete,10
58115,1186,0,1,1,feasible,10,10,2,2,9,9,feasible,10,7,11,feasible,10,7,11,feasible,4,1,complete,12,complete,10,complete,10,complete,10
58164,1187,0,1,1,feasible,10,10,2,3,7,7,feasible,10,6,8,feasible,10,6,8,feasible,4,1,complete,16,complete,10,complete,10,complete,10
58219,1188,1,0,1,feasible,15,10,3,4,5,4,feasible,15,5,5,feasible,15,5,5,feasible,4,0,complete,16,complete,15,complete,15,complete,15
58262,1189,0,1,1,feasible,10,10,2,3,7,7,feasible,10,6,8,feasible,10,6,8,feasible,4,1,complete,16,complete,10,complete,10,complete,10
58317,1190,1,0,1,feasible,15,10,3,4,5,4,feasible,15,5,5,feasible,15,5,5,feasible,4,0,complete,16,complete,15,complete,15,complete,15
58373,1191,2,0,1,feasible,15,10,3,5,5,4,feasible,15,5,5,feasible,15,5,5,feasible,4,0,complete,16,complete,15,complete,15,complete,15
58409,1192,0,1,1,feasible,10,10,2,3,5,4,feasible,10,5,6,feasible,10,5,6,feasible,4,1,complete,12,complete,10,complete,10,complete,10
58465,1193,1,1,1,feasible,10,10,2,4,7,7,feasible,10,6,8,feasible,10,6,8,feasible,4,1,complete,16,complete,10,complete,10,complete,10
58507,1194,0,1,1,feasible,10,10,2,3,5,4,feasible,10,5,6,feasible,10,5,6,feasible,4,1,complete,12,complete,10,complete,10,complete,10
58563,1195,1,1,1,feasible,10,10,2,4,7,7,feasible,10,6,8,feasible,10,6,8,feasible,4,1,complete,16,complete,10,complete,10,complete,10
58618,1196,2,0,1,feasible,15,10,3,5,5,4,feasible,15,5,5,feasible,15,5,5,feasible,4,0,complete,16,complete,15,complete,15,complete,15
58661,1197,1,1,1,feasible,10,10,2,4,7,7,feasible,10,6,8,feasible,10,6,8,feasible,4,1,complete,16,complete,10,complete,10,complete,10
58716,1198,2,0,1,feasible,15,10,3,5,5,4,feasible,15,5,5,feasible,15,5,5,feasible,4,0,complete,16,complete,15,complete,15,complete,15
58772,1199,3,0,1,feasible,15,14,3,6,5,4,feasible,15,5,5,feasible,15,5,5,feasible,4,0,complete,16,complete,15,complete,15,complete,15
58801,1200,0,1,1,feasible,10,10,2,2,9,9,feasible,10,7,11,feasible,10,7,11,feasible,4,1,complete,12,complete,10,complete,11,complete,10
58850,1201,0,1,1,feasible,10,10,2,3,7,7,feasible,10,6,8,feasible,10,6,8,feasible,4,1,complete,16,complete,10,complete,15,complete,10
58899,1202,0,1,1,feasible,10,10,2,2,9,9,feasible,10,7,11,feasible,10,7,11,feasible,4,1,complete,12,complete,10,complete,10,complete,10
58948,1203,0,1,1,feasible,10,10,2,3,7,7,feasible,10,6,8,feasible,10,6,8,feasible,4,1,complete,16,complete,10,complete,10,complete,10
59003,1204,1,0,1,feasible,15,10,3,4,5,4,feasible,15,5,5,feasible,15,5,5,feasible,4,0,complete,16,complete,15,complete,15,complete,15
59046,1205,0,1,1,feasible,10,10,2,3,7,7,feasible,10,6,8,feasible,10,6,8,feasible,4,1,complete,16,complete,10,complete,10,complete,10
59101,1206,1,0,1,feasible,15,10,3,4,5,4,feasible,15,5,5,feasible,15,5,5,feasible,4,0,complete,16,complete,15,complete,15,complete,15
59157,1207,2,0,1,feasible,15,10,3,5,5,4,feasible,15,5,5,feasible,15,5,5,feasible,4,0,complete,16,complete,15,complete,15,complete,15
59193,1208,0,1,1,feasible,10,10,2,3,5,4,feasible,10,5,6,feasible,10,5,6,feasible,4,1,complete,12,complete,10,complete,11,complete,10
59249,1209,1,1,1,feasible,10,10,2,4,7,7,feasible,10,6,8,feasible,10,6,8,feasible,4,1,complete,16,complete,10,complete,15,complete,10
59291,1210,0,1,1,feasible,10,10,2,3,5,4,feasible,10,5,6,feasible,10,5,6,feasible,4,1,complete,12,complete,10,complete,10,complete,10
59347,1211,1,1,1,feasible,10,10,2,4,7,7,feasible,10,6,8,feasible,10,6,8,feasible,4,1,complete,16,complete,10,complete,10,complete,10
59402,1212,2,0,1,feasible,15,10,3,5,5,4,feasible,15,5,5,feasible,15,5,5,feasible,4,0,complete,16,complete,15,complete,15,complete,15
59445,1213,1,1,1,feasible,10,10,2,4,7,7,feasible,10,6,8,feasible,10,6,8,feasible,4,1,complete,16,complete,10,complete,10,complete,10
59500,1214,2,0,1,feasible,15,10,3,5,5,4,feasible,15,5,5,feasible,15,5,5,feasible,4,0,complete,16,complete,15,complete,15,complete,15
59556,1215,3,0,1,feasible,15,14,3,6,5,4,feasible,15,5,5,feasible,15,5,5,feasible,4,0,complete,16,complete,15,complete,15,complete,15
59592,1216,1,1,1,feasible,10,10,2,4,5,4,feasible,10,5,6,feasible,10,5,6,feasible,4,1,complete,12,complete,10,complete,11,complete,10
59648,1217,2,1,1,feasible,10,10,2,5,7,7,feasible,10,6,8,feasible,10,6,8,feasible,4,1,complete,16,complete,10,complete,15,complete,10
59690,1218,1,1,1,feasible,10,10,2,4,5,4,feasible,10,5,6,feasible,10,5,6,feasible,4,1,complete,12,complete,10,complete,10,complete,10
59746,1219,2,1,1,feasible,10,10,2,5,7,7,feasible,10,6,8,feasible,10,6,8,feasible,4,1,complete,16,complete,10,complete,10,complete,10
59801,1220,3,0,1,feasible,15,14,3,6,5,4,feasible,15,5,5,feasible,15,5,5,feasible,4,0,complete,16,complete,15,complete,15,complete,15
59844,1221,2,1,1,feasible,10,10,2,5,7,7,feasible,10,6,8,feasible,10,6,8,feasible,4,1,complete,16,complete,10,complete,10,complete,10
59899,1222,3,0,1,feasible,15,14,3,6,5,4,feasible,15,5,5,feasible,15,5,5,feasible,4,0,complete,16,complete,15,complete,15,complete,15
59955,1223,4,0,1,feasible,15,14,3,7,5,4,feasible,15,5,5,feasible,15,5,5,feasible,4,0,complete,16,complete,15,complete,15,complete,15
59977,1224,0,1,1,feasible,6,6,2,2,6,6,feasible,6,5,6,feasible,6,5,6,feasible,3,1,complete,11,complete,11,complete,11,complete,6
60026,1225,0,1,1,feasible,15,10,3,3,4,3,feasible,15,4,3,feasible,15,4,3,feasible,3,0,complete,15,complete,15,complete,15,complete,15
60074,1226,0,0,1,feasible,6,6,2,2,4,3,feasible,6,4,4,feasible,6,4,4,feasible,3,1,complete,11,complete,6,complete,6,complete,6
60130,1227,1,0,1,feasible,10,10,2,3,4,3,feasible,10,4,4,feasible,10,4,4,feasible,3,1,complete,15,complete,10,complete,10,complete,10
60174,1228,0,2,1,feasible,10,10,2,4,4,3,feasible,10,4,4,feasible,10,4,4,feasible,3,1,complete,15,complete,10,complete,10,complete,10
60228,1229,1,0,1,feasible,10,10,2,3,4,3,feasible,10,4,4,feasible,10,4,4,feasible,3,1,complete,15,complete,10,complete,10,complete,10
60272,1230,0,2,1,feasible,10,10,2,4,4,3,feasible,10,4,4,feasible,10,4,4,feasible,3,1,complete,15,complete,10,complete,10,complete,10
60328,1231,1,2,1,feasible,10,10,2,5,4,3,feasible,10,4,4,feasible,10,4,4,feasible,3,1,complete,15,complete,10,complete,10,complete,10
60368,1232,0,0,1,feasible,6,6,2,2,7,7,feasible,6,6,8,feasible,6,6,8,feasible,4,1,complete,12,complete,6,complete,6,complete,6
60417,1233,0,0,1,feasible,16,10,4,3,5,4,feasible,16,5,4,feasible,16,5,4,feasible,4,0,complete,16,complete,16,complete,16,complete,16
60466,1234,0,0,1,feasible,6,6,2,2,7,7,feasible,6,6,8,feasible,6,6,8,feasible,4,1,complete,12,complete,6,complete,6,complete,6
60515,1235,0,0,1,feasible,16,10,4,3,5,4,feasible,16,5,4,feasible,16,5,4,feasible,4,0,complete,16,complete,16,complete,16,complete,16
60565,1236,0,1,1,feasible,11,10,3,4,7,7,feasible,11,6,7,feasible,11,6,7,feasible,4,0,complete,16,complete,16,complete,16,complete,11
60613,1237,0,0,1,feasible,16,10,4,3,5,4,feasible,16,5,4,feasible,16,5,4,feasible,4,0,complete,16,complete,16,complete,16,complete,16
60663,1238,0,1,1,feasible,11,10,3,4,7,7,feasible,11,6,7,feasible,11,6,7,feasible,4,0,complete,16,complete,16,complete,16,complete,11
60719,1239,1,1,1,feasible,11,10,3,5,7,7,feasible,11,6,7,feasible,11,6,7,feasible,4,0,complete,16,complete,16,complete,16,complete,11
60767,1240,1,0,1,feasible,10,10,2,3,7,7,feasible,10,6,8,feasible,10,6,8,feasible,4,1,complete,16,complete,10,complete,10,complete,10
60810,1241,0,1,1,feasible,20,10,4,4,5,4,feasible,20,5,4,feasible,20,5,4,feasible,4,0,complete,20,complete,20,complete,20,complete,20
60865,1242,1,0,1,feasible,10,10,2,3,7,7,feasible,10,6,8,feasible,10,6,8,feasible,4,1,complete,16,complete,10,complete,10,complete,10
60908,1243,0,1,1,feasible,20,10,4,4,5,4,feasible,20,5,4,feasible,20,5,4,feasible,4,0,complete,20,complete,20,complete,20,complete,20
60964,1244,1,1,1,feasible,15,10,3,5,7,7,feasible,15,6,7,feasible,15,6,7,feasible,4,0,complete,20,complete,20,complete,20,complete,20
61006,1245,0,1,1,feasible,20,10,4,4,5,4,feasible,20,5,4,feasible,20,5,4,feasible,4,0,complete,20,complete,20,complete,20,complete,20
61062,1246,1,1,1,feasible,15,10,3,5,7,7,feasible,15,6,7,feasible,15,6,7,feasible,4,0,complete,20,complete,20,complete,20,complete,20
61118,1247,2,1,1,feasible,15,10,3,6,7,7,feasible,15,6,7,feasible,15,6,7,feasible,4,0,complete,20,complete,20,complete,20,complete,20
61152,1248,0,0,1,feasible,6,6,2,2,9,9,feasible,6,7,11,feasible,6,7,11,feasible,4,1,complete,12,complete,6,complete,6,complete,6
61201,1249,0,0,1,feasible,11,10,3,3,7,6,feasible,11,6,7,feasible,11,6,7,feasible,4,0,complete,16,complete,11,complete,11,complete,11
61250,1250,0,0,1,feasible,6,6,2,2,9,9,feasible,6,7,11,feasible,6,7,11,feasible,4,1,complete,12,complete,6,complete,6,complete,6
61299,1251,0,0,1,feasible,11,10,3,3,7,6,feasible,11,6,7,feasible,11,6,7,feasible,4,0,complete,16,complete,11,complete,11,complete,11
61348,1252,0,0,1,feasible,11,10,3,4,5,4,feasible,11,5,5,feasible,11,5,5,feasible,4,0,complete,16,complete,11,complete,11,complete,11
61397,1253,0,0,1,feasible,11,10,3,3,7,6,feasible,11,6,7,feasible,11,6,7,feasible,4,0,complete,16,complete,11,complete,11,complete,11
61446,1254,0,0,1,feasible,11,10,3,4,5,4,feasible,11,5,5,feasible,11,5,5,feasible,4,0,complete,16,complete,11,complete,11,complete,11
61502,1255,1,0,1,feasible,11,10,3,5,5,4,feasible,11,5,5,feasible,11,5,5,feasible,4,0,complete,16,complete,11,complete,11,complete,11
61551,1256,1,0,1,feasible,10,10,2,3,9,9,feasible,10,7,11,feasible,10,7,11,feasible,4,1,complete,16,complete,10,complete,10,complete,10
61600,1257,1,0,1,feasible,15,10,3,4,7,6,feasible,15,6,7,feasible,15,6,7,feasible,4,0,complete,20,complete,15,complete,15,complete,15
61649,1258,1,0,1,feasible,10,10,2,3,9,9,feasible,10,7,11,feasible,10,7,11,feasible,4,1,complete,16,complete,10,complete,10,complete,10
61698,1259,1,0,1,feasible,15,10,3,4,7,6,feasible,15,6,7,feasible,15,6,7,feasible,4,0,complete,20,complete,15,complete,15,complete,15
61747,1260,1,0,1,feasible,15,10,3,5,5,4,feasible,15,5,5,feasible,15,5,5,feasible,4,0,complete,20,complete,15,complete,15,complete,15
61796,1261,1,0,1,feasible,15,10,3,4,7,6,feasible,15,6,7,feasible,15,6,7,feasible,4,0,complete,20,complete,15,complete,15,complete,15
61845,1262,1,0,1,feasible,15,10,3,5,5,4,feasible,15,5,5,feasible,15,5,5,feasible,4,0,complete,20,complete,15,complete,15,complete,15
61901,1263,2,0,1,feasible,15,10,3,6,5,4,feasible,15,5,5,feasible,15,5,5,feasible,4,0,complete,20,complete,15,complete,15,complete,15
61938,1264,0,2,1,feasible,10,10,2,4,5,4,feasible,10,5,6,feasible,10,5,6,feasible,4,1,complete,16,complete,10,complete,10,complete,10
61999,1265,2,0,1,feasible,15,10,3,5,7,6,feasible,15,6,7,feasible,15,6,7,feasible,4,0,complete,20,complete,15,complete,15,complete,15
62036,1266,0,2,1,feasible,10,10,2,4,5,4,feasible,10,5,6,feasible,10,5,6,feasible,4,1,complete,16,complete,10,complete,10,complete,10
62097,1267,2,0,1,feasible,15,10,3,5,7,6,feasible,15,6,7,feasible,15,6,7,feasible,4,0,complete,20,complete,15,complete,15,complete,15
62146,1268,2,0,1,feasible,15,10,3,6,5,4,feasible,15,5,5,feasible,15,5,5,feasible,4,0,complete,20,complete,15,complete,15,complete,15
62195,1269,2,0,1,feasible,15,10,3,5,7,6,feasible,15,6,7,feasible,15,6,7,feasible,4,0,complete,20,complete,15,complete,15,complete,15
62244,1270,2,0,1,feasible,15,10,3,6,5,4,feasible,15,5,5,feasible,15,5,5,feasible,4,0,complete,20,complete,15,complete,15,complete,15
62300,1271,3,0,1,feasible,15,14,3,7,5,4,feasible,15,5,5,feasible,15,5,5,feasible,4,0,complete,20,complete,15,complete,15,complete,15
62335,1272,1,0,1,feasible,10,10,2,3,9,9,feasible,10,7,11,feasible,10,7,11,feasible,4,1,complete,16,complete,10,complete,11,complete,10
62384,1273,1,0,1,feasible,15,10,3,4,7,6,feasible,15,6,7,feasible,15,6,7,feasible,4,0,complete,20,complete,15,complete,15,complete,15
62433,1274,1,0,1,feasible,10,10,2,3,9,9,feasible,10,7,11,feasible,10,7,11,feasible,4,1,complete,16,complete,10,complete,10,complete,10
62482,1275,1,0,1,feasible,15,10,3,4,7,6,feasible,15,6,7,feasible,15,6,7,feasible,4,0,complete,20,complete,15,complete,15,complete,15
62531,1276,1,0,1,feasible,15,10,3,5,5,4,feasible,15,5,5,feasible,15,5,5,feasible,4,0,complete,20,complete,15,complete,15,complete,15
62580,1277,1,0,1,feasible,15,10,3,4,7,6,feasible,15,6,7,feasible,15,6,7,feasible,4,0,complete,20,complete,15,complete,15,complete,15
62629,1278,1,0,1,feasible,15,10,3,5,5,4,feasible,15,5,5,feasible,15,5,5,feasible,4,0,complete,20,complete,15,complete,15,complete,15
62685,1279,2,0,1,feasible,15,10,3,6,5,4,feasible,15,5,5,feasible,15,5,5,feasible,4,0,complete,20,complete,15,complete,15,complete,15
62722,1280,0,2,1,feasible,10,10,2,4,5,4,feasible,10,5,6,feasible,10,5,6,feasible,4,1,complete,16,complete,10,complete,11,complete,10
62783,1281,2,0,1,feasible,15,10,3,5,7,6,feasible,15,6,7,feasible,15,6,7,feasible,4,0,complete,20,complete,15,complete,15,complete,15
62820,1282,0,2,1,feasible,10,10,2,4,5,4,feasible,10,5,6,feasible,10,5,6,feasible,4,1,complete,16,complete,10,complete,10,complete,10
62881,1283,2,0,1,feasible,15,10,3,5,7,6,feasible,15,6,7,feasible,15,6,7,feasible,4,0,complete,20,complete,15,complete,15,complete,15
62930,1284,2,0,1,feasible,15,10,3,6,5,4,feasible,15,5,5,feasible,15,5,5,feasible,4,0,complete,20,complete,15,complete,15,complete,15
62979,1285,2,0,1,feasible,15,10,3,5,7,6,feasible,15,6,7,feasible,15,6,7,feasible,4,0,complete,20,complete,15,complete,15,complete,15
63028,1286,2,0,1,feasible,15,10,3,6,5,4,feasible,15,5,5,feasible,15,5,5,feasible,4,0,complete,20,complete,15,complete,15,complete,15
63084,1287,3,0,1,feasible,15,14,3,7,5,4,feasible,15,5,5,feasible,15,5,5,feasible,4,0,complete,20,complete,15,complete,15,complete,15
63121,1288,1,2,1,feasible,10,10,2,5,5,4,feasible,10,5,6,feasible,10,5,6,feasible,4,1,complete,16,complete,10,complete,11,complete,10
63182,1289,3,0,1,feasible,15,10,3,6,7,6,feasible,15,6,7,feasible,15,6,7,feasible,4,0,complete,20,complete,15,complete,15,complete,15
63219,1290,1,2,1,feasible,10,10,2,5,5,4,feasible,10,5,6,feasible,10,5,6,feasible,4,1,complete,16,complete,10,complete,10,complete,10
63280,1291,3,0,1,feasible,15,10,3,6,7,6,feasible,15,6,7,feasible,15,6,7,feasible,4,0,complete,20,complete,15,complete,15,complete,15
63329,1292,3,0,1,feasible,15,14,3,7,5,4,feasible,15,5,5,feasible,15,5,5,feasible,4,0,complete,20,complete,15,complete,15,complete,15
63378,1293,3,0,1,feasible,15,10,3,6,7,6,feasible,15,6,7,feasible,15,6,7,feasible,4,0,complete,20,complete,15,complete,15,complete,15
63427,1294,3,0,1,feasible,15,14,3,7,5,4,feasible,15,5,5,feasible,15,5,5,feasible,4,0,complete,20,complete,15,complete,15,complete,15
63483,1295,4,0,1,feasible,15,14,3,8,5,4,feasible,15,5,5,feasible,15,5,5,feasible,4,0,complete,20,complete,15,complete,15,complete,15
63504,1296,0,0,1,feasible,6,6,2,1,4,3,feasible,6,4,4,feasible,6,4,4,feasible,3,1,complete,7,complete,6,complete,6,complete,6
63554,1297,0,1,1,feasible,10,10,2,2,6,5,feasible,10,5,6,feasible,10,5,6,feasible,3,1,complete,11,complete,10,complete,10,complete,10
63602,1298,0,0,1,feasible,6,6,2,1,4,3,feasible,6,4,4,feasible,6,4,4,feasible,3,1,complete,7,complete,6,complete,6,complete,6
63652,1299,0,1,1,feasible,10,10,2,2,6,5,feasible,10,5,6,feasible,10,5,6,feasible,3,1,complete,11,complete,10,complete,10,complete,10
63701,1300,0,1,1,feasible,10,10,2,3,4,3,feasible,10,4,4,feasible,10,4,4,feasible,3,1,complete,11,complete,10,complete,10,complete,10
63750,1301,0,1,1,feasible,10,10,2,2,6,5,feasible,10,5,6,feasible,10,5,6,feasible,3,1,complete,11,complete,10,complete,10,complete,10
63799,1302,0,1,1,feasible,10,10,2,3,4,3,feasible,10,4,4,feasible,10,4,4,feasible,3,1,complete,11,complete,10,complete,10,complete,10
63848,1303,0,1,1,feasible,10,10,2,4,4,3,feasible,10,4,4,feasible,10,4,4,feasible,3,1,complete,11,complete,10,complete,10,complete,10
63896,1304,0,0,1,feasible,6,6,2,1,9,9,feasible,6,7,11,feasible,6,7,11,feasible,4,1,complete,8,complete,6,complete,6,complete,6
63945,1305,0,0,1,feasible,11,10,3,2,7,6,feasible,11,6,7,feasible,11,6,7,feasible,4,0,complete,12,complete,11,complete,11,complete,11
63994,1306,0,0,1,feasible,6,6,2,1,9,9,feasible,6,7,11,feasible,6,7,11,feasible,4,1,complete,8,complete,6,complete,6,complete,6
64043,1307,0,0,1,feasible,11,10,3,2,7,6,feasible,11,6,7,feasible,11,6,7,feasible,4,0,complete,12,complete,11,complete,11,complete,11
64092,1308,0,0,1,feasible,11,10,3,3,5,4,feasible,11,5,5,feasible,11,5,5,feasible,4,0,complete,12,complete,11,complete,11,complete,11
64141,1309,0,0,1,feasible,11,10,3,2,7,6,feasible,11,6,7,feasible,11,6,7,feasible,4,0,complete,12,complete,11,complete,11,complete,11
64190,1310,0,0,1,feasible,11,10,3,3,5,4,feasible,11,5,5,feasible,11,5,5,feasible,4,0,complete,12,complete,11,complete,11,complete,11
64239,1311,0,0,1,feasible,11,10,3,4,5,4,feasible,11,5,5,feasible,11,5,5,feasible,4,0,complete,12,complete,11,complete,11,complete,11
64289,1312,0,1,1,feasible,10,10,2,2,9,9,feasible,10,7,11,feasible,10,7,11,feasible,4,1,complete,12,complete,10,complete,10,complete,10
64338,1313,0,1,1,feasible,10,10,2,3,7,7,feasible,10,6,8,feasible,10,6,8,feasible,4,1,complete,16,complete,10,complete,10,complete,10
64387,1314,0,1,1,feasible,10,10,2,2,9,9,feasible,10,7,11,feasible,10,7,11,feasible,4,1,complete,12,complete,10,complete,10,complete,10
64436,1315,0,1,1,feasible,10,10,2,3,7,7,feasible,10,6,8,feasible,10,6,8,feasible,4,1,complete,16,complete,10,complete,10,complete,10
64485,1316,0,1,1,feasible,10,10,2,4,7,7,feasible,10,6,8,feasible,10,6,8,feasible,4,1,complete,16,complete,10,complete,10,complete,10
64534,1317,0,1,1,feasible,10,10,2,3,7,7,feasible,10,6,8,feasible,10,6,8,feasible,4,1,complete,16,complete,10,complete,15,complete,10
64583,1318,0,1,1,feasible,10,10,2,4,7,7,feasible,10,6,8,feasible,10,6,8,feasible,4,1,complete,16,complete,10,complete,15,complete,10
64638,1319,1,0,1,feasible,15,10,3,5,5,4,feasible,15,5,5,feasible,15,5,5,feasible,4,0,complete,16,complete,15,complete,15,complete,15
64680,1320,0,0,1,feasible,6,6,2,1,9,9,feasible,6,7,11,feasible,6,7,11,feasible,4,1,complete,8,complete,6,complete,6,complete,6
64729,1321,0,0,1,feasible,11,10,3,2,7,6,feasible,11,6,7,feasible,11,6,7,feasible,4,0,complete,12,complete,11,complete,11,complete,11
64778,1322,0,0,1,feasible,6,6,2,1,9,9,feasible,6,7,11,feasible,6,7,11,feasible,4,1,complete,8,complete,6,complete,6,complete,6
64827,1323,0,0,1,feasible,11,10,3,2,7,6,feasible,11,6,7,feasible,11,6,7,feasible,4,0,complete,12,complete,11,complete,11,complete,11
64876,1324,0,0,1,feasible,11,10,3,3,5,4,feasible,11,5,5,feasible,11,5,5,feasible,4,0,complete,12,complete,11,complete,11,complete,11
64925,1325,0,0,1,feasible,11,10,3,2,7,6,feasible,11,6,7,feasible,11,6,7,feasible,4,0,complete,12,complete,11,complete,11,complete,11
64974,1326,0,0,1,feasible,11,10,3,3,5,4,feasible,11,5,5,feasible,11,5,5,feasible,4,0,complete,12,complete,11,complete,11,complete,11
65023,1327,0,0,1,feasible,11,10,3,4,5,4,feasible,11,5,5,feasible,11,5,5,feasible,4,0,complete,12,complete,11,complete,11,complete,11
65073,1328,0,1,1,feasible,10,10,2,2,9,9,feasible,10,7,11,feasible,10,7,11,feasible,4,1,complete,12,complete,10,complete,10,complete,10
65122,1329,0,1,1,feasible,10,10,2,3,7,7,feasible,10,6,8,feasible,10,6,8,feasible,4,1,complete,16,complete,10,complete,10,complete,10
65171,1330,0,1,1,feasible,10,10,2,2,9,9,feasible,10,7,11,feasible,10,7,11,feasible,4,1,complete,12,complete,10,complete,10,complete,10
65220,1331,0,1,1,feasible,10,10,2,3,7,7,feasible,10,6,8,feasible,10,6,8,feasible,4,1,complete,16,complete,10,complete,10,complete,10
65269,1332,0,1,1,feasible,10,10,2,4,7,7,feasible,10,6,8,feasible,10,6,8,feasible,4,1,complete,16,complete,10,complete,10,complete,10
65318,1333,0,1,1,feasible,10,10,2,3,7,7,feasible,10,6,8,feasible,10,6,8,feasible,4,1,complete,16,complete,10,complete,10,complete,10
65367,1334,0,1,1,feasible,10,10,2,4,7,7,feasible,10,6,8,feasible,10,6,8,feasible,4,1,complete,16,complete,10,complete,10,complete,10
65422,1335,1,0,1,feasible,15,10,3,5,5,4,feasible,15,5,5,feasible,15,5,5,feasible,4,0,complete,16,complete,15,complete,15,complete,15
65465,1336,0,1,1,feasible,10,10,2,3,5,4,feasible,10,5,6,feasible,10,5,6,feasible,4,1,complete,12,complete,10,complete,10,complete,10
65514,1337,0,1,1,feasible,10,10,2,4,5,4,feasible,10,5,6,feasible,10,5,6,feasible,4,1,complete,16,complete,10,complete,10,complete,10
65563,1338,0,1,1,feasible,10,10,2,3,5,4,feasible,10,5,6,feasible,10,5,6,feasible,4,1,complete,12,complete,10,complete,10,complete,10
65612,1339,0,1,1,feasible,10,10,2,4,5,4,feasible,10,5,6,feasible,10,5,6,feasible,4,1,complete,16,complete,10,complete,10,complete,10
65668,1340,1,1,1,feasible,10,10,2,5,7,7,feasible,10,6,8,feasible,10,6,8,feasible,4,1,complete,16,complete,10,complete,10,complete,10
65710,1341,0,1,1,feasible,10,10,2,4,5,4,feasible,10,5,6,feasible,10,5,6,feasible,4,1,complete,16,complete,10,complete,10,complete,10
65766,1342,1,1,1,feasible,10,10,2,5,7,7,feasible,10,6,8,feasible,10,6,8,feasible,4,1,complete,16,complete,10,complete,10,complete,10
65821,1343,2,0,1,feasible,15,14,3,6,5,4,feasible,15,5,5,feasible,15,5,5,feasible,4,0,complete,16,complete,15,complete,15,complete,15
65857,1344,0,1,1,feasible,10,10,2,2,9,9,feasible,10,7,11,feasible,10,7,11,feasible,4,1,complete,12,complete,10,complete,11,complete,10
65906,1345,0,1,1,feasible,10,10,2,3,7,7,feasible,10,6,8,feasible,10,6,8,feasible,4,1,complete,16,complete,10,complete,15,complete,10
65955,1346,0,1,1,feasible,10,10,2,2,9,9,feasible,10,7,11,feasible,10,7,11,feasible,4,1,complete,12,complete,10,complete,10,complete,10
66004,1347,0,1,1,feasible,10,10,2,3,7,7,feasible,10,6,8,feasible,10,6,8,feasible,4,1,complete,16,complete,10,complete,10,complete,10
66053,1348,0,1,1,feasible,10,10,2,4,7,7,feasible,10,6,8,feasible,10,6,8,feasible,4,1,complete,16,complete,10,complete,10,complete,10
66102,1349,0,1,1,feasible,10,10,2,3,7,7,feasible,10,6,8,feasible,10,6,8,feasible,4,1,complete,16,complete,10,complete,10,complete,10
66151,1350,0,1,1,feasible,10,10,2,4,7,7,feasible,10,6,8,feasible,10,6,8,feasible,4,1,complete,16,complete,10,complete,10,complete,10
66206,1351,1,0,1,feasible,15,10,3,5,5,4,feasible,15,5,5,feasible,15,5,5,feasible,4,0,complete,16,complete,15,complete,15,complete,15
66249,1352,0,1,1,feasible,10,10,2,3,5,4,feasible,10,5,6,feasible,10,5,6,feasible,4,1,complete,12,complete,10,complete,11,complete,10
66298,1353,0,1,1,feasible,10,10,2,4,5,4,feasible,10,5,6,feasible,10,5,6,feasible,4,1,complete,16,complete,10,complete,15,complete,10
66347,1354,0,1,1,feasible,10,10,2,3,5,4,feasible,10,5,6,feasible,10,5,6,feasible,4,1,complete,12,complete,10,complete,10,complete,10
66396,1355,0,1,1,feasible,10,10,2,4,5,4,feasible,10,5,6,feasible,10,5,6,feasible,4,1,complete,16,complete,10,complete,10,complete,10
66452,1356,1,1,1,feasible,10,10,2,5,7,7,feasible,10,6,8,feasible,10,6,8,feasible,4,1,complete,16,complete,10,complete,10,complete,10
66494,1357,0,1,1,feasible,10,10,2,4,5,4,feasible,10,5,6,feasible,10,5,6,feasible,4,1,complete,16,complete,10,complete,10,complete,10
66550,1358,1,1,1,feasible,10,10,2,5,7,7,feasible,10,6,8,feasible,10,6,8,feasible,4,1,complete,16,complete,10,complete,10,complete,10
66605,1359,2,0,1,feasible,15,14,3,6,5,4,feasible,15,5,5,feasible,15,5,5,feasible,4,0,complete,16,complete,15,complete,15,complete,15
66641,1360,0,1,1,feasible,10,10,2,4,5,4,feasible,10,5,6,feasible,10,5,6,feasible,4,1,complete,12,complete,10,complete,11,complete,10
66697,1361,1,1,1,feasible,10,10,2,5,5,4,feasible,10,5,6,feasible,10,5,6,feasible,4,1,complete,16,complete,10,complete,15,complete,10
66739,1362,0,1,1,feasible,10,10,2,4,5,4,feasible,10,5,6,feasible,10,5,6,feasible,4,1,complete,12,complete,10,complete,10,complete,10
66795,1363,1,1,1,feasible,10,10,2,5,5,4,feasible,10,5,6,feasible,10,5,6,feasible,4,1,complete,16,complete,10,complete,10,complete,10
66851,1364,2,1,1,feasible,14,14,2,6,7,7,feasible,14,6,8,feasible,14,6,8,feasible,4,1,complete,16,complete,14,complete,14,complete,15
66893,1365,1,1,1,feasible,10,10,2,5,5,4,feasible,10,5,6,feasible,10,5,6,feasible,4,1,complete,16,complete,10,complete,10,complete,10
66949,1366,2,1,1,feasible,14,14,2,6,7,7,feasible,14,6,8,feasible,14,6,8,feasible,4,1,complete,16,complete,14,complete,14,complete,14
67004,1367,3,0,1,feasible,15,14,3,7,5,4,feasible,15,5,5,feasible,15,5,5,feasible,4,0,complete,16,complete,15,complete,15,complete,15
67033,1368,0,1,1,feasible,6,6,2,2,6,6,feasible,6,5,6,feasible,6,5,6,feasible,3,1,complete,11,complete,11,complete,11,complete,6
67082,1369,0,1,1,feasible,15,10,3,3,4,3,feasible,15,4,3,feasible,15,4,3,feasible,3,0,complete,15,complete,15,complete,15,complete,15
67130,1370,0,0,1,feasible,6,6,2,2,4,3,feasible,6,4,4,feasible,6,4,4,feasible,3,1,complete,11,complete,6,complete,6,complete,6
67186,1371,1,0,1,feasible,10,10,2,3,4,3,feasible,10,4,4,feasible,10,4,4,feasible,3,1,complete,15,complete,10,complete,10,complete,10
67230,1372,0,2,1,feasible,10,10,2,4,4,3,feasible,10,4,4,feasible,10,4,4,feasible,3,1,complete,15,complete,10,complete,10,complete,10
67284,1373,1,0,1,feasible,10,10,2,3,4,3,feasible,10,4,4,feasible,10,4,4,feasible,3,1,complete,15,complete,10,complete,10,complete,10
67328,1374,0,2,1,feasible,10,10,2,4,4,3,feasible,10,4,4,feasible,10,4,4,feasible,3,1,complete,15,complete,10,complete,10,complete,10
67377,1375,0,2,1,feasible,10,10,2,5,4,3,feasible,10,4,4,feasible,10,4,4,feasible,3,1,complete,15,complete,10,complete,10,complete,10
67424,1376,0,0,1,feasible,6,6,2,2,7,7,feasible,6,6,8,feasible,6,6,8,feasible,4,1,complete,12,complete,6,complete,6,complete,6
67473,1377,0,0,1,feasible,16,10,4,3,5,4,feasible,16,5,4,feasible,16,5,4,feasible,4,0,complete,16,complete,16,complete,16,complete,16
67522,1378,0,0,1,feasible,6,6,2,2,7,7,feasible,6,6,8,feasible,6,6,8,feasible,4,1,complete,12,complete,6,complete,6,complete,6
67571,1379,0,0,1,feasible,16,10,4,3,5,4,feasible,16,5,4,feasible,16,5,4,feasible,4,0,complete,16,complete,16,complete,16,complete,16
67621,1380,0,1,1,feasible,11,10,3,4,7,7,feasible,11,6,7,feasible,11,6,7,feasible,4,0,complete,16,complete,16,complete,16,complete,11
67669,1381,0,0,1,feasible,16,10,4,3,5,4,feasible,16,5,4,feasible,16,5,4,feasible,4,0,complete,16,complete,16,complete,16,complete,16
67719,1382,0,1,1,feasible,11,10,3,4,7,7,feasible,11,6,7,feasible,11,6,7,feasible,4,0,complete,16,complete,16,complete,16,complete,11
67768,1383,0,1,1,feasible,11,10,3,5,7,7,feasible,11,6,7,feasible,11,6,7,feasible,4,0,complete,16,complete,16,complete,16,complete,11
67823,1384,1,0,1,feasible,10,10,2,3,7,7,feasible,10,6,8,feasible,10,6,8,feasible,4,1,complete,16,complete,10,complete,10,complete,10
67866,1385,0,1,1,feasible,20,10,4,4,5,4,feasible,20,5,4,feasible,20,5,4,feasible,4,0,complete,20,complete,20,complete,20,complete,20
67921,1386,1,0,1,feasible,10,10,2,3,7,7,feasible,10,6,8,feasible,10,6,8,feasible,4,1,complete,16,complete,10,complete,10,complete,10
67964,1387,0,1,1,feasible,20,10,4,4,5,4,feasible,20,5,4,feasible,20,5,4,feasible,4,0,complete,20,complete,20,complete,20,complete,20
68013,1388,0,1,1,feasible,20,10,4,5,5,4,feasible,20,5,4,feasible,20,5,4,feasible,4,0,complete,20,complete,20,complete,20,complete,20
68062,1389,0,1,1,feasible,20,10,4,4,5,4,feasible,20,5,4,feasible,20,5,4,feasible,4,0,complete,20,complete,20,complete,20,complete,20
68111,1390,0,1,1,feasible,20,10,4,5,5,4,feasible,20,5,4,feasible,20,5,4,feasible,4,0,complete,20,complete,20,complete,20,complete,20
68167,1391,1,1,1,feasible,15,10,3,6,7,7,feasible,15,6,7,feasible,15,6,7,feasible,4,0,complete,20,complete,20,complete,20,complete,20
68208,1392,0,0,1,feasible,6,6,2,2,9,9,feasible,6,7,11,feasible,6,7,11,feasible,4,1,complete,12,complete,6,complete,6,complete,6
68257,1393,0,0,1,feasible,11,10,3,3,7,6,feasible,11,6,7,feasible,11,6,7,feasible,4,0,complete,16,complete,11,complete,11,complete,11
68306,1394,0,0,1,feasible,6,6,2,2,9,9,feasible,6,7,11,feasible,6,7,11,feasible,4,1,complete,12,complete,6,complete,6,complete,6
68355,1395,0,0,1,feasible,11,10,3,3,7,6,feasible,11,6,7,feasible,11,6,7,feasible,4,0,complete,16,complete,11,complete,11,complete,11
68404,1396,0,0,1,feasible,11,10,3,4,5,4,feasible,11,5,5,feasible,11,5,5,feasible,4,0,complete,16,complete,11,complete,11,complete,11
68453,1397,0,0,1,feasible,11,10,3,3,7,6,feasible,11,6,7,feasible,11,6,7,feasible,4,0,complete,16,complete,11,complete,11,complete,11
68502,1398,0,0,1,feasible,11,10,3,4,5,4,feasible,11,5,5,feasible,11,5,5,feasible,4,0,complete,16,complete,11,complete,11,complete,11
68551,1399,0,0,1,feasible,11,10,3,5,5,4,feasible,11,5,5,feasible,11,5,5,feasible,4,0,complete,16,complete,11,complete,11,complete,11
68607,1400,1,0,1,feasible,10,10,2,3,9,9,feasible,10,7,11,feasible,10,7,11,feasible,4,1,complete,16,complete,10,complete,10,complete,10
68656,1401,1,0,1,feasible,15,10,3,4,7,6,feasible,15,6,7,feasible,15,6,7,feasible,4,0,complete,20,complete,15,complete,15,complete,15
68705,1402,1,0,1,feasible,10,10,2,3,9,9,feasible,10,7,11,feasible,10,7,11,feasible,4,1,complete,16,complete,10,complete,10,complete,10
68754,1403,1,0,1,feasible,15,10,3,4,7,6,feasible,15,6,7,feasible,15,6,7,feasible,4,0,complete,20,complete,15,complete,15,complete,15
68803,1404,1,0,1,feasible,15,10,3,5,5,4,feasible,15,5,5,feasible,15,5,5,feasible,4,0,complete,20,complete,15,complete,15,complete,15
68852,1405,1,0,1,feasible,15,10,3,4,7,6,feasible,15,6,7,feasible,15,6,7,feasible,4,0,complete,20,complete,15,complete,15,complete,15
68901,1406,1,0,1,feasible,15,10,3,5,5,4,feasible,15,5,5,feasible,15,5,5,feasible,4,0,complete,20,complete,15,complete,15,complete,15
68950,1407,1,0,1,feasible,15,10,3,6,5,4,feasible,15,5,5,feasible,15,5,5,feasible,4,0,complete,20,complete,15,complete,15,complete,15
68994,1408,0,2,1,feasible,10,10,2,4,5,4,feasible,10,5,6,feasible,10,5,6,feasible,4,1,complete,16,complete,10,complete,10,complete,10
69043,1409,0,2,1,feasible,10,10,2,5,5,4,feasible,10,5,6,feasible,10,5,6,feasible,4,1,complete,20,complete,10,complete,10,complete,10
69092,1410,0,2,1,feasible,10,10,2,4,5,4,feasible,10,5,6,feasible,10,5,6,feasible,4,1,complete,16,complete,10,complete,10,complete,10
69141,1411,0,2,1,feasible,10,10,2,5,5,4,feasible,10,5,6,feasible,10,5,6,feasible,4,1,complete,20,complete,10,complete,10,complete,10
69202,1412,2,0,1,feasible,15,10,3,6,5,4,feasible,15,5,5,feasible,15,5,5,feasible,4,0,complete,20,complete,15,complete,15,complete,15
69239,1413,0,2,1,feasible,10,10,2,5,5,4,feasible,10,5,6,feasible,10,5,6,feasible,4,1,complete,20,complete,10,complete,10,complete,10
69300,1414,2,0,1,feasible,15,10,3,6,5,4,feasible,15,5,5,feasible,15,5,5,feasible,4,0,complete,20,complete,15,complete,15,complete,15
69349,1415,2,0,1,feasible,15,14,3,7,5,4,feasible,15,5,5,feasible,15,5,5,feasible,4,0,complete,20,complete,15,complete,15,complete,15
69391,1416,1,0,1,feasible,10,10,2,3,9,9,feasible,10,7,11,feasible,10,7,11,feasible,4,1,complete,16,complete,10,complete,11,complete,10
69440,1417,1,0,1,feasible,15,10,3,4,7,6,feasible,15,6,7,feasible,15,6,7,feasible,4,0,complete,20,complete,15,complete,15,complete,15
69489,1418,1,0,1,feasible,10,10,2,3,9,9,feasible,10,7,11,feasible,10,7,11,feasible,4,1,complete,16,complete,10,complete,10,complete,10
69538,1419,1,0,1,feasible,15,10,3,4,7,6,feasible,15,6,7,feasible,15,6,7,feasible,4,0,complete,20,complete,15,complete,15,complete,15
69587,1420,1,0,1,feasible,15,10,3,5,5,4,feasible,15,5,5,feasible,15,5,5,feasible,4,0,complete,20,complete,15,complete,15,complete,15
69636,1421,1,0,1,feasible,15,10,3,4,7,6,feasible,15,6,7,feasible,15,6,7,feasible,4,0,complete,20,complete,15,complete,15,complete,15
69685,1422,1,0,1,feasible,15,10,3,5,5,4,feasible,15,5,5,feasible,15,5,5,feasible,4,0,complete,20,complete,15,complete,15,complete,15
69734,1423,1,0,1,feasible,15,10,3,6,5,4,feasible,15,5,5,feasible,15,5,5,feasible,4,0,complete,20,complete,15,complete,15,complete,15
69778,1424,0,2,1,feasible,10,10,2,4,5,4,feasible,10,5,6,feasible,10,5,6,feasible,4,1,complete,16,complete,10,complete,11,complete,10
69827,1425,0,2,1,feasible,10,10,2,5,5,4,feasible,10,5,6,feasible,10,5,6,feasible,4,1,complete,20,complete,10,complete,15,complete,10
69876,1426,0,2,1,feasible,10,10,2,4,5,4,feasible,10,5,6,feasible,10,5,6,feasible,4,1,complete,16,complete,10,complete,10,complete,10
69925,1427,0,2,1,feasible,10,10,2,5,5,4,feasible,10,5,6,feasible,10,5,6,feasible,4,1,complete,20,complete,10,complete,10,complete,10
69986,1428,2,0,1,feasible,15,10,3,6,5,4,feasible,15,5,5,feasible,15,5,5,feasible,4,0,complete,20,complete,15,complete,15,complete,15
70023,1429,0,2,1,feasible,10,10,2,5,5,4,feasible,10,5,6,feasible,10,5,6,feasible,4,1,complete,20,complete,10,complete,10,complete,10
70084,1430,2,0,1,feasible,15,10,3,6,5,4,feasible,15,5,5,feasible,15,5,5,feasible,4,0,complete,20,complete,15,complete,15,complete,15
70133,1431,2,0,1,feasible,15,14,3,7,5,4,feasible,15,5,5,feasible,15,5,5,feasible,4,0,complete,20,complete,15,complete,15,complete,15
70170,1432,0,2,1,feasible,10,10,2,5,5,4,feasible,10,5,6,feasible,10,5,6,feasible,4,1,complete,16,complete,10,complete,11,complete,10
70226,1433,1,2,1,feasible,10,10,2,6,5,4,feasible,10,5,6,feasible,10,5,6,feasible,4,1,complete,20,complete,10,complete,15,complete,10
70268,1434,0,2,1,feasible,10,10,2,5,5,4,feasible,10,5,6,feasible,10,5,6,feasible,4,1,complete,16,complete,10,complete,10,complete,10
70324,1435,1,2,1,feasible,10,10,2,6,5,4,feasible,10,5,6,feasible,10,5,6,feasible,4,1,complete,20,complete,10,complete,10,complete,10
70385,1436,3,0,1,feasible,15,14,3,7,5,4,feasible,15,5,5,feasible,15,5,5,feasible,4,0,complete,20,complete,15,complete,15,complete,15
70422,1437,1,2,1,feasible,10,10,2,6,5,4,feasible,10,5,6,feasible,10,5,6,feasible,4,1,complete,20,complete,10,complete,10,complete,10
70483,1438,3,0,1,feasible,15,14,3,7,5,4,feasible,15,5,5,feasible,15,5,5,feasible,4,0,complete,20,complete,15,complete,15,complete,15
70532,1439,3,0,1,feasible,15,14,3,8,5,4,feasible,15,5,5,feasible,15,5,5,feasible,4,0,complete,20,complete,15,complete,15,complete,15
70562,1440,0,2,1,feasible,6,6,2,3,6,6,feasible,6,5,6,feasible,6,5,6,feasible,3,1,complete,11,complete,11,complete,11,complete,6
70611,1441,0,2,1,feasible,15,10,3,4,4,3,feasible,15,4,3,feasible,15,4,3,feasible,3,0,complete,15,complete,15,complete,15,complete,15
70659,1442,0,1,1,feasible,6,6,2,3,6,6,feasible,6,5,6,feasible,6,5,6,feasible,3,1,complete,11,complete,6,complete,11,complete,6
70708,1443,0,1,1,feasible,15,10,3,4,4,3,feasible,15,4,3,feasible,15,4,3,feasible,3,0,complete,15,complete,15,complete,15,complete,15
70764,1444,1,1,1,feasible,15,10,3,5,4,3,feasible,15,4,3,feasible,15,4,3,feasible,3,0,complete,15,complete,15,complete,15,complete,15
70812,1445,1,0,1,feasible,10,10,2,4,4,3,feasible,10,4,4,feasible,10,4,4,feasible,3,1,complete,15,complete,10,complete,10,complete,10
70868,1446,2,0,1,feasible,10,10,2,5,4,3,feasible,10,4,4,feasible,10,4,4,feasible,3,1,complete,15,complete,10,complete,10,complete,10
70906,1447,0,3,1,feasible,10,10,2,6,4,3,feasible,10,4,4,feasible,10,4,4,feasible,3,1,complete,15,complete,10,complete,10,complete,10
70953,1448,0,1,1,feasible,6,6,2,3,9,10,feasible,6,7,11,feasible,6,7,11,feasible,4,1,complete,12,complete,6,complete,11,complete,6
71002,1449,0,1,1,feasible,15,10,3,4,7,7,feasible,15,6,7,feasible,15,6,7,feasible,4,0,complete,16,complete,15,complete,15,complete,16
71050,1450,0,0,1,feasible,6,6,2,3,7,7,feasible,6,6,8,feasible,6,6,8,feasible,4,1,complete,12,complete,6,complete,6,complete,6
71099,1451,0,0,1,feasible,16,10,4,4,5,4,feasible,16,5,4,feasible,16,5,4,feasible,4,0,complete,16,complete,16,complete,16,complete,16
71155,1452,1,0,1,feasible,16,10,4,5,5,4,feasible,16,5,4,feasible,16,5,4,feasible,4,0,complete,16,complete,16,complete,16,complete,16
71197,1453,0,0,1,feasible,16,10,4,4,5,4,feasible,16,5,4,feasible,16,5,4,feasible,4,0,complete,16,complete,16,complete,16,complete,16
71253,1454,1,0,1,feasible,16,10,4,5,5,4,feasible,16,5,4,feasible,16,5,4,feasible,4,0,complete,16,complete,16,complete,16,complete,16
71297,1455,0,2,1,feasible,11,10,3,6,7,7,feasible,11,6,7,feasible,11,6,7,feasible,4,0,complete,16,complete,16,complete,16,complete,11
71345,1456,0,1,1,feasible,15,10,3,4,5,4,feasible,15,5,5,feasible,15,5,5,feasible,4,0,complete,16,complete,15,complete,15,complete,15
71401,1457,1,1,1,feasible,15,10,3,5,7,7,feasible,15,6,7,feasible,15,6,7,feasible,4,0,complete,20,complete,15,complete,15,complete,15
71449,1458,1,0,1,feasible,10,10,2,4,7,7,feasible,10,6,8,feasible,10,6,8,feasible,4,1,complete,16,complete,10,complete,10,complete,10
71498,1459,1,0,1,feasible,20,10,4,5,5,4,feasible,20,5,4,feasible,20,5,4,feasible,4,0,complete,20,complete,20,complete,20,complete,20
71542,1460,0,2,1,feasible,20,10,4,6,5,4,feasible,20,5,4,feasible,20,5,4,feasible,4,0,complete,20,complete,20,complete,20,complete,20
71596,1461,1,0,1,feasible,20,10,4,5,5,4,feasible,20,5,4,feasible,20,5,4,feasible,4,0,complete,20,complete,20,complete,20,complete,20
71640,1462,0,2,1,feasible,20,10,4,6,5,4,feasible,20,5,4,feasible,20,5,4,feasible,4,0,complete,20,complete,20,complete,20,complete,20
71696,1463,1,2,1,feasible,15,10,3,7,7,7,feasible,15,6,7,feasible,15,6,7,feasible,4,0,complete,20,complete,20,complete,20,complete,20
71736,1464,0,0,1,feasible,6,6,2,3,7,7,feasible,6,6,8,feasible,6,6,8,feasible,4,1,complete,12,complete,6,complete,6,complete,6
71785,1465,0,0,1,feasible,16,10,4,4,5,4,feasible,16,5,4,feasible,16,5,4,feasible,4,0,complete,16,complete,16,complete,16,complete,16
71834,1466,0,0,1,feasible,6,6,2,3,7,7,feasible,6,6,8,feasible,6,6,8,feasible,4,1,complete,12,complete,6,complete,6,complete,6
71883,1467,0,0,1,feasible,16,10,4,4,5,4,feasible,16,5,4,feasible,16,5,4,feasible,4,0,complete,16,complete,16,complete,16,complete,16
71933,1468,0,1,1,feasible,11,10,3,5,7,7,feasible,11,6,7,feasible,11,6,7,feasible,4,0,complete,16,complete,11,complete,16,complete,11
71981,1469,0,0,1,feasible,16,10,4,4,5,4,feasible,16,5,4,feasible,16,5,4,feasible,4,0,complete,16,complete,16,complete,16,complete,16
72031,1470,0,1,1,feasible,11,10,3,5,7,7,feasible,11,6,7,feasible,11,6,7,feasible,4,0,complete,16,complete,11,complete,16,complete,11
72080,1471,0,1,1,feasible,11,10,3,6,7,7,feasible,11,6,7,feasible,11,6,7,feasible,4,0,complete,16,complete,11,complete,16,complete,11
72135,1472,1,0,1,feasible,10,10,2,4,7,7,feasible,10,6,8,feasible,10,6,8,feasible,4,1,complete,16,complete,10,complete,10,complete,10
72178,1473,0,1,1,feasible,20,10,4,5,5,4,feasible,20,5,4,feasible,20,5,4,feasible,4,0,complete,20,complete,20,complete,20,complete,20
72233,1474,1,0,1,feasible,10,10,2,4,7,7,feasible,10,6,8,feasible,10,6,8,feasible,4,1,complete,16,complete,10,complete,10,complete,10
72276,1475,0,1,1,feasible,20,10,4,5,5,4,feasible,20,5,4,feasible,20,5,4,feasible,4,0,complete,20,complete,20,complete,20,complete,20
72325,1476,0,1,1,feasible,20,10,4,6,5,4,feasible,20,5,4,feasible,20,5,4,feasible,4,0,complete,20,complete,20,complete,20,complete,20
72374,1477,0,1,1,feasible,20,10,4,5,5,4,feasible,20,5,4,feasible,20,5,4,feasible,4,0,complete,20,complete,20,complete,20,complete,20
72423,1478,0,1,1,feasible,20,10,4,6,5,4,feasible,20,5,4,feasible,20,5,4,feasible,4,0,complete,20,complete,20,complete,20,complete,20
72479,1479,1,1,1,feasible,15,10,3,7,7,7,feasible,15,6,7,feasible,15,6,7,feasible,4,0,complete,20,complete,15,complete,20,complete,15
72534,1480,2,0,1,feasible,10,10,2,5,7,7,feasible,10,6,8,feasible,10,6,8,feasible,4,1,complete,16,complete,10,complete,10,complete,10
72577,1481,1,1,1,feasible,20,10,4,6,5,4,feasible,20,5,4,feasible,20,5,4,feasible,4,0,complete,20,complete,20,complete,20,complete,20
72632,1482,2,0,1,feasible,10,10,2,5,7,7,feasible,10,6,8,feasible,10,6,8,feasible,4,1,complete,16,complete,10,complete,10,complete,10
72675,1483,1,1,1,feasible,20,10,4,6,5,4,feasible,20,5,4,feasible,20,5,4,feasible,4,0,complete,20,complete,20,complete,20,complete,20
72724,1484,1,1,1,feasible,20,10,4,7,5,4,feasible,20,5,4,feasible,20,5,4,feasible,4,0,complete,20,complete,20,complete,20,complete,20
72773,1485,1,1,1,feasible,20,10,4,6,5,4,feasible,20,5,4,feasible,20,5,4,feasible,4,0,complete,20,complete,20,complete,20,complete,20
72822,1486,1,1,1,feasible,20,10,4,7,5,4,feasible,20,5,4,feasible,20,5,4,feasible,4,0,complete,20,complete,20,complete,20,complete,20
72878,1487,2,1,1,feasible,15,14,3,8,7,7,feasible,15,6,7,feasible,15,6,7,feasible,4,0,complete,20,complete,15,complete,20,complete,15
72919,1488,1,0,1,feasible,10,10,2,4,9,9,feasible,10,7,11,feasible,10,7,11,feasible,4,1,complete,16,complete,10,complete,11,complete,10
72968,1489,1,0,1,feasible,15,10,3,5,7,6,feasible,15,6,7,feasible,15,6,7,feasible,4,0,complete,20,complete,15,complete,15,complete,15
73017,1490,1,0,1,feasible,10,10,2,4,9,9,feasible,10,7,11,feasible,10,7,11,feasible,4,1,complete,16,complete,10,complete,10,complete,10
73066,1491,1,0,1,feasible,15,10,3,5,7,6,feasible,15,6,7,feasible,15,6,7,feasible,4,0,complete,20,complete,15,complete,15,complete,15
73115,1492,1,0,1,feasible,15,10,3,6,5,4,feasible,15,5,5,feasible,15,5,5,feasible,4,0,complete,20,complete,15,complete,15,complete,15
73164,1493,1,0,1,feasible,15,10,3,5,7,6,feasible,15,6,7,feasible,15,6,7,feasible,4,0,complete,20,complete,15,complete,15,complete,15
73213,1494,1,0,1,feasible,15,10,3,6,5,4,feasible,15,5,5,feasible,15,5,5,feasible,4,0,complete,20,complete,15,complete,15,complete,15
73262,1495,1,0,1,feasible,15,10,3,7,5,4,feasible,15,5,5,feasible,15,5,5,feasible,4,0,complete,20,complete,15,complete,15,complete,15
73318,1496,2,0,1,feasible,10,10,2,5,9,9,feasible,10,7,11,feasible,10,7,11,feasible,4,1,complete,16,complete,10,complete,11,complete,10
73367,1497,2,0,1,feasible,15,10,3,6,7,6,feasible,15,6,7,feasible,15,6,7,feasible,4,0,complete,20,complete,15,complete,15,complete,15
73416,1498,2,0,1,feasible,10,10,2,5,9,9,feasible,10,7,11,feasible,10,7,11,feasible,4,1,complete,16,complete,10,complete,10,complete,10
73465,1499,2,0,1,feasible,15,10,3,6,7,6,feasible,15,6,7,feasible,15,6,7,feasible,4,0,complete,20,complete,15,complete,15,complete,15
73514,1500,2,0,1,feasible,15,10,3,7,5,4,feasible,15,5,5,feasible,15,5,5,feasible,4,0,complete,20,complete,15,complete,15,complete,15
73563,1501,2,0,1,feasible,15,10,3,6,7,6,feasible,15,6,7,feasible,15,6,7,feasible,4,0,complete,20,complete,15,complete,15,complete,15
73612,1502,2,0,1,feasible,15,10,3,7,5,4,feasible,15,5,5,feasible,15,5,5,feasible,4,0,complete,20,complete,15,complete,15,complete,15
73661,1503,2,0,1,feasible,15,14,3,8,5,4,feasible,15,5,5,feasible,15,5,5,feasible,4,0,complete,20,complete,15,complete,15,complete,15
73699,1504,0,3,1,feasible,10,10,2,6,5,4,feasible,10,5,6,feasible,10,5,6,feasible,4,1,complete,16,complete,10,complete,11,complete,10
73766,1505,3,0,1,feasible,15,10,3,7,7,6,feasible,15,6,7,feasible,15,6,7,feasible,4,0,complete,20,complete,15,complete,15,complete,15
73797,1506,0,3,1,feasible,10,10,2,6,5,4,feasible,10,5,6,feasible,10,5,6,feasible,4,1,complete,16,complete,10,complete,10,complete,10
73864,1507,3,0,1,feasible,15,10,3,7,7,6,feasible,15,6,7,feasible,15,6,7,feasible,4,0,complete,20,complete,15,complete,15,complete,15
73913,1508,3,0,1,feasible,15,14,3,8,5,4,feasible,15,5,5,feasible,15,5,5,feasible,4,0,complete,20,complete,15,complete,15,complete,15
73962,1509,3,0,1,feasible,15,10,3,7,7,6,feasible,15,6,7,feasible,15,6,7,feasible,4,0,complete,20,complete,15,complete,15,complete,15
74011,1510,3,0,1,feasible,15,14,3,8,5,4,feasible,15,5,5,feasible,15,5,5,feasible,4,0,complete,20,complete,15,complete,15,complete,15
74060,1511,3,0,1,feasible,15,14,3,9,5,4,feasible,15,5,5,feasible,15,5,5,feasible,4,0,complete,20,complete,15,complete,15,complete,15
74089,1512,0,1,1,feasible,6,6,2,2,6,6,feasible,6,5,6,feasible,6,5,6,feasible,3,1,complete,11,complete,11,complete,11,complete,6
74138,1513,0,1,1,feasible,15,10,3,3,4,3,feasible,15,4,3,feasible,15,4,3,feasible,3,0,complete,15,complete,15,complete,15,complete,15
74186,1514,0,0,1,feasible,6,6,2,2,4,3,feasible,6,4,4,feasible,6,4,4,feasible,3,1,complete,11,complete,6,complete,11,complete,6
74242,1515,1,0,1,feasible,10,10,2,3,4,3,feasible,10,4,4,feasible,10,4,4,feasible,3,1,complete,15,complete,10,complete,15,complete,10
74286,1516,0,2,1,feasible,10,10,2,4,4,3,feasible,10,4,4,feasible,10,4,4,feasible,3,1,complete,15,complete,10,complete,15,complete,10
74340,1517,1,0,1,feasible,10,10,2,3,4,3,feasible,10,4,4,feasible,10,4,4,feasible,3,1,complete,15,complete,10,complete,15,complete,10
74384,1518,0,2,1,feasible,10,10,2,4,4,3,feasible,10,4,4,feasible,10,4,4,feasible,3,1,complete,15,complete,10,complete,15,complete,10
74433,1519,0,2,1,feasible,10,10,2,5,4,3,feasible,10,4,4,feasible,10,4,4,feasible,3,1,complete,15,complete,10,complete,15,complete,10
74480,1520,0,0,1,feasible,6,6,2,2,7,7,feasible,6,6,8,feasible,6,6,8,feasible,4,1,complete,12,complete,6,complete,11,complete,6
74529,1521,0,0,1,feasible,16,10,4,3,5,4,feasible,16,5,4,feasible,16,5,4,feasible,4,0,complete,16,complete,16,complete,16,complete,16
74578,1522,0,0,1,feasible,6,6,2,2,7,7,feasible,6,6,8,feasible,6,6,8,feasible,4,1,complete,12,complete,6,complete,11,complete,6
74627,1523,0,0,1,feasible,16,10,4,3,5,4,feasible,16,5,4,feasible,16,5,4,feasible,4,0,complete,16,complete,16,complete,16,complete,16
74677,1524,0,1,1,feasible,11,10,3,4,7,7,feasible,11,6,7,feasible,11,6,7,feasible,4,0,complete,16,complete,16,complete,16,complete,11
74725,1525,0,0,1,feasible,16,10,4,3,5,4,feasible,16,5,4,feasible,16,5,4,feasible,4,0,complete,16,complete,16,complete,16,complete,16
74775,1526,0,1,1,feasible,11,10,3,4,7,7,feasible,11,6,7,feasible,11,6,7,feasible,4,0,complete,16,complete,16,complete,16,complete,11
74824,1527,0,1,1,feasible,11,10,3,5,7,7,feasible,11,6,7,feasible,11,6,7,feasible,4,0,complete,16,complete,16,complete,16,complete,11
74879,1528,1,0,1,feasible,10,10,2,3,7,7,feasible,10,6,8,feasible,10,6,8,feasible,4,1,complete,16,complete,10,complete,15,complete,10
74922,1529,0,1,1,feasible,20,10,4,4,5,4,feasible,20,5,4,feasible,20,5,4,feasible,4,0,complete,20,complete,20,complete,20,complete,20
74977,1530,1,0,1,feasible,10,10,2,3,7,7,feasible,10,6,8,feasible,10,6,8,feasible,4,1,complete,16,complete,10,complete,15,complete,10
75020,1531,0,1,1,feasible,20,10,4,4,5,4,feasible,20,5,4,feasible,20,5,4,feasible,4,0,complete,20,complete,20,complete,20,complete,20
75069,1532,0,1,1,feasible,20,10,4,5,5,4,feasible,20,5,4,feasible,20,5,4,feasible,4,0,complete,20,complete,20,complete,20,complete,20
75118,1533,0,1,1,feasible,20,10,4,4,5,4,feasible,20,5,4,feasible,20,5,4,feasible,4,0,complete,20,complete,20,complete,20,complete,20
75167,1534,0,1,1,feasible,20,10,4,5,5,4,feasible,20,5,4,feasible,20,5,4,feasible,4,0,complete,20,complete,20,complete,20,complete,20
75216,1535,0,1,1,feasible,20,10,4,6,5,4,feasible,20,5,4,feasible,20,5,4,feasible,4,0,complete,20,complete,20,complete,20,complete,20
75264,1536,0,0,1,feasible,6,6,2,2,9,9,feasible,6,7,11,feasible,6,7,11,feasible,4,1,complete,12,complete,6,complete,11,complete,6
75313,1537,0,0,1,feasible,11,10,3,3,7,6,feasible,11,6,7,feasible,11,6,7,feasible,4,0,complete,16,complete,11,complete,16,complete,11
75362,1538,0,0,1,feasible,6,6,2,2,9,9,feasible,6,7,11,feasible,6,7,11,feasible,4,1,complete,12,complete,6,complete,11,complete,6
75411,1539,0,0,1,feasible,11,10,3,3,7,6,feasible,11,6,7,feasible,11,6,7,feasible,4,0,complete,16,complete,11,complete,16,complete,11
75460,1540,0,0,1,feasible,11,10,3,4,5,4,feasible,11,5,5,feasible,11,5,5,feasible,4,0,complete,16,complete,11,complete,16,complete,11
75509,1541,0,0,1,feasible,11,10,3,3,7,6,feasible,11,6,7,feasible,11,6,7,feasible,4,0,complete,16,complete,11,complete,16,complete,11
75558,1542,0,0,1,feasible,11,10,3,4,5,4,feasible,11,5,5,feasible,11,5,5,feasible,4,0,complete,16,complete,11,complete,16,complete,11
75607,1543,0,0,1,feasible,11,10,3,5,5,4,feasible,11,5,5,feasible,11,5,5,feasible,4,0,complete,16,complete,11,complete,16,complete,11
75663,1544,1,0,1,feasible,10,10,2,3,9,9,feasible,10,7,11,feasible,10,7,11,feasible,4,1,complete,16,complete,10,complete,15,complete,10
75712,1545,1,0,1,feasible,15,10,3,4,7,6,feasible,15,6,7,feasible,15,6,7,feasible,4,0,complete,20,complete,15,complete,20,complete,15
75761,1546,1,0,1,feasible,10,10,2,3,9,9,feasible,10,7,11,feasible,10,7,11,feasible,4,1,complete,16,complete,10,complete,15,complete,10
75810,1547,1,0,1,feasible,15,10,3,4,7,6,feasible,15,6,7,feasible,15,6,7,feasible,4,0,complete,20,complete,15,complete,20,complete,15
75859,1548,1,0,1,feasible,15,10,3,5,5,4,feasible,15,5,5,feasible,15,5,5,feasible,4,0,complete,20,complete,15,complete,20,complete,15
75908,1549,1,0,1,feasible,15,10,3,4,7,6,feasible,15,6,7,feasible,15,6,7,feasible,4,0,complete,20,complete,15,complete,20,complete,15
75957,1550,1,0,1,feasible,15,10,3,5,5,4,feasible,15,5,5,feasible,15,5,5,feasible,4,0,complete,20,complete,15,complete,20,complete,15
76006,1551,1,0,1,feasible,15,10,3,6,5,4,feasible,15,5,5,feasible,15,5,5,feasible,4,0,complete,20,complete,15,complete,20,complete,15
76050,1552,0,2,1,feasible,10,10,2,4,5,4,feasible,10,5,6,feasible,10,5,6,feasible,4,1,complete,16,complete,10,complete,15,complete,10
76099,1553,0,2,1,feasible,10,10,2,5,5,4,feasible,10,5,6,feasible,10,5,6,feasible,4,1,complete,20,complete,10,complete,15,complete,10
76148,1554,0,2,1,feasible,10,10,2,4,5,4,feasible,10,5,6,feasible,10,5,6,feasible,4,1,complete,16,complete,10,complete,15,complete,10
76197,1555,0,2,1,feasible,10,10,2,5,5,4,feasible,10,5,6,feasible,10,5,6,feasible,4,1,complete,20,complete,10,complete,15,complete,10
76246,1556,0,2,1,feasible,10,10,2,6,5,4,feasible,10,5,6,feasible,10,5,6,feasible,4,1,complete,20,complete,10,complete,15,complete,10
76295,1557,0,2,1,feasible,10,10,2,5,5,4,feasible,10,5,6,feasible,10,5,6,feasible,4,1,complete,20,complete,10,complete,15,complete,10
76344,1558,0,2,1,feasible,10,10,2,6,5,4,feasible,10,5,6,feasible,10,5,6,feasible,4,1,complete,20,complete,10,complete,15,complete,10
76405,1559,2,0,1,feasible,15,14,3,7,5,4,feasible,15,5,5,feasible,15,5,5,feasible,4,0,complete,20,complete,15,complete,20,complete,15
76447,1560,1,0,1,feasible,10,10,2,3,9,9,feasible,10,7,11,feasible,10,7,11,feasible,4,1,complete,16,complete,10,complete,16,complete,10
76496,1561,1,0,1,feasible,15,10,3,4,7,6,feasible,15,6,7,feasible,15,6,7,feasible,4,0,complete,20,complete,15,complete,20,complete,15
76545,1562,1,0,1,feasible,10,10,2,3,9,9,feasible,10,7,11,feasible,10,7,11,feasible,4,1,complete,16,complete,10,complete,15,complete,10
76594,1563,1,0,1,feasible,15,10,3,4,7,6,feasible,15,6,7,feasible,15,6,7,feasible,4,0,complete,20,complete,15,complete,20,complete,15
76643,1564,1,0,1,feasible,15,10,3,5,5,4,feasible,15,5,5,feasible,15,5,5,feasible,4,0,complete,20,complete,15,complete,20,complete,15
76692,1565,1,0,1,feasible,15,10,3,4,7,6,feasible,15,6,7,feasible,15,6,7,feasible,4,0,complete,20,complete,15,complete,20,complete,15
76741,1566,1,0,1,feasible,15,10,3,5,5,4,feasible,15,5,5,feasible,15,5,5,feasible,4,0,complete,20,complete,15,complete,20,complete,15
76790,1567,1,0,1,feasible,15,10,3,6,5,4,feasible,15,5,5,feasible,15,5,5,feasible,4,0,complete,20,complete,15,complete,20,complete,15
76834,1568,0,2,1,feasible,10,10,2,4,5,4,feasible,10,5,6,feasible,10,5,6,feasible,4,1,complete,16,complete,10,complete,16,complete,10
76883,1569,0,2,1,feasible,10,10,2,5,5,4,feasible,10,5,6,feasible,10,5,6,feasible,4,1,complete,20,complete,10,complete,20,complete,10
76932,1570,0,2,1,feasible,10,10,2,4,5,4,feasible,10,5,6,feasible,10,5,6,feasible,4,1,complete,16,complete,10,complete,15,complete,10
76981,1571,0,2,1,feasible,10,10,2,5,5,4,feasible,10,5,6,feasible,10,5,6,feasible,4,1,complete,20,complete,10,complete,15,complete,10
77030,1572,0,2,1,feasible,10,10,2,6,5,4,feasible,10,5,6,feasible,10,5,6,feasible,4,1,complete,20,complete,10,complete,15,complete,10
77079,1573,0,2,1,feasible,10,10,2,5,5,4,feasible,10,5,6,feasible,10,5,6,feasible,4,1,complete,20,complete,10,complete,15,complete,10
77128,1574,0,2,1,feasible,10,10,2,6,5,4,feasible,10,5,6,feasible,10,5,6,feasible,4,1,complete,20,complete,10,complete,15,complete,10
77189,1575,2,0,1,feasible,15,14,3,7,5,4,feasible,15,5,5,feasible,15,5,5,feasible,4,0,complete,20,complete,15,complete,20,complete,15
77226,1576,0,2,1,feasible,10,10,2,5,5,4,feasible,10,5,6,feasible,10,5,6,feasible,4,1,complete,16,complete,10,complete,16,complete,10
77275,1577,0,2,1,feasible,10,10,2,6,5,4,feasible,10,5,6,feasible,10,5,6,feasible,4,1,complete,20,complete,10,complete,20,complete,10
77324,1578,0,2,1,feasible,10,10,2,5,5,4,feasible,10,5,6,feasible,10,5,6,feasible,4,1,complete,16,complete,10,complete,15,complete,10
77373,1579,0,2,1,feasible,10,10,2,6,5,4,feasible,10,5,6,feasible,10,5,6,feasible,4,1,complete,20,complete,10,complete,15,complete,10
77429,1580,1,2,1,feasible,14,14,2,7,5,4,feasible,14,5,6,feasible,14,5,6,feasible,4,1,complete,20,complete,14,complete,19,complete,15
77471,1581,0,2,1,feasible,10,10,2,6,5,4,feasible,10,5,6,feasible,10,5,6,feasible,4,1,complete,20,complete,10,complete,15,complete,10
77527,1582,1,2,1,feasible,14,14,2,7,5,4,feasible,14,5,6,feasible,14,5,6,feasible,4,1,complete,20,complete,14,complete,19,complete,14
77588,1583,3,0,1,feasible,15,14,3,8,5,4,feasible,15,5,5,feasible,15,5,5,feasible,4,0,complete,20,complete,15,complete,20,complete,15
77618,1584,0,2,1,feasible,6,6,2,3,6,6,feasible,6,5,6,feasible,6,5,6,feasible,3,1,complete,11,complete,11,complete,11,complete,6
77667,1585,0,2,1,feasible,15,10,3,4,4,3,feasible,15,4,3,feasible,15,4,3,feasible,3,0,complete,15,complete,15,complete,15,complete,15
77715,1586,0,1,1,feasible,6,6,2,3,6,6,feasible,6,5,6,feasible,6,5,6,feasible,3,1,complete,11,complete,6,complete,11,complete,6
77764,1587,0,1,1,feasible,15,10,3,4,4,3,feasible,15,4,3,feasible,15,4,3,feasible,3,0,complete,15,complete,15,complete,15,complete,15
77820,1588,1,1,1,feasible,15,10,3,5,4,3,feasible,15,4,3,feasible,15,4,3,feasible,3,0,complete,15,complete,15,complete,15,complete,15
77868,1589,1,0,1,feasible,10,10,2,4,4,3,feasible,10,4,4,feasible,10,4,4,feasible,3,1,complete,15,complete,10,complete,15,complete,10
77924,1590,2,0,1,feasible,10,10,2,5,4,3,feasible,10,4,4,feasible,10,4,4,feasible,3,1,complete,15,complete,10,complete,15,complete,10
77962,1591,0,3,1,feasible,10,10,2,6,4,3,feasible,10,4,4,feasible,10,4,4,feasible,3,1,complete,15,complete,10,complete,15,complete,10
78009,1592,0,1,1,feasible,6,6,2,3,9,10,feasible,6,7,11,feasible,6,7,11,feasible,4,1,complete,12,complete,6,complete,11,complete,6
78058,1593,0,1,1,feasible,15,10,3,4,7,7,feasible,15,6,7,feasible,15,6,7,feasible,4,0,complete,16,complete,15,complete,15,complete,16
78106,1594,0,0,1,feasible,6,6,2,3,7,7,feasible,6,6,8,feasible,6,6,8,feasible,4,1,complete,12,complete,6,complete,11,complete,6
78155,1595,0,0,1,feasible,16,10,4,4,5,4,feasible,16,5,4,feasible,16,5,4,feasible,4,0,complete,16,complete,16,complete,16,complete,16
78211,1596,1,0,1,feasible,16,10,4,5,5,4,feasible,16,5,4,feasible,16,5,4,feasible,4,0,complete,16,complete,16,complete,16,complete,16
78253,1597,0,0,1,feasible,16,10,4,4,5,4,feasible,16,5,4,feasible,16,5,4,feasible,4,0,complete,16,complete,16,complete,16,complete,16
78309,1598,1,0,1,feasible,16,10,4,5,5,4,feasible,16,5,4,feasible,16,5,4,feasible,4,0,complete,16,complete,16,complete,16,complete,16
78353,1599,0,2,1,feasible,11,10,3,6,7,7,feasible,11,6,7,feasible,11,6,7,feasible,4,0,complete,16,complete,16,complete,16,complete,11
78401,1600,0,1,1,feasible,15,10,3,4,5,4,feasible,15,5,5,feasible,15,5,5,feasible,4,0,complete,16,complete,15,complete,15,complete,15
78457,1601,1,1,1,feasible,15,10,3,5,7,7,feasible,15,6,7,feasible,15,6,7,feasible,4,0,complete,20,complete,15,complete,15,complete,15
78505,1602,1,0,1,feasible,10,10,2,4,7,7,feasible,10,6,8,feasible,10,6,8,feasible,4,1,complete,16,complete,10,complete,15,complete,10
78554,1603,1,0,1,feasible,20,10,4,5,5,4,feasible,20,5,4,feasible,20,5,4,feasible,4,0,complete,20,complete,20,complete,20,complete,20
78598,1604,0,2,1,feasible,20,10,4,6,5,4,feasible,20,5,4,feasible,20,5,4,feasible,4,0,complete,20,complete,20,complete,20,complete,20
78652,1605,1,0,1,feasible,20,10,4,5,5,4,feasible,20,5,4,feasible,20,5,4,feasible,4,0,complete,20,complete,20,complete,20,complete,20
78696,1606,0,2,1,feasible,20,10,4,6,5,4,feasible,20,5,4,feasible,20,5,4,feasible,4,0,complete,20,complete,20,complete,20,complete,20
78745,1607,0,2,1,feasible,20,10,4,7,5,4,feasible,20,5,4,feasible,20,5,4,feasible,4,0,complete,20,complete,20,complete,20,complete,20
78792,1608,0,0,1,feasible,6,6,2,3,7,7,feasible,6,6,8,feasible,6,6,8,feasible,4,1,complete,12,complete,6,complete,11,complete,6
78841,1609,0,0,1,feasible,16,10,4,4,5,4,feasible,16,5,4,feasible,16,5,4,feasible,4,0,complete,16,complete,16,complete,16,complete,16
78890,1610,0,0,1,feasible,6,6,2,3,7,7,feasible,6,6,8,feasible,6,6,8,feasible,4,1,complete,12,complete,6,complete,11,complete,6
78939,1611,0,0,1,feasible,16,10,4,4,5,4,feasible,16,5,4,feasible,16,5,4,feasible,4,0,complete,16,complete,16,complete,16,complete,16
78989,1612,0,1,1,feasible,11,10,3,5,7,7,feasible,11,6,7,feasible,11,6,7,feasible,4,0,complete,16,complete,11,complete,16,complete,11
79037,1613,0,0,1,feasible,16,10,4,4,5,4,feasible,16,5,4,feasible,16,5,4,feasible,4,0,complete,16,complete,16,complete,16,complete,16
79087,1614,0,1,1,feasible,11,10,3,5,7,7,feasible,11,6,7,feasible,11,6,7,feasible,4,0,complete,16,complete,11,complete,16,complete,11
79136,1615,0,1,1,feasible,11,10,3,6,7,7,feasible,11,6,7,feasible,11,6,7,feasible,4,0,complete,16,complete,11,complete,16,complete,11
79191,1616,1,0,1,feasible,10,10,2,4,7,7,feasible,10,6,8,feasible,10,6,8,feasible,4,1,complete,16,complete,10,complete,15,complete,10
79234,1617,0,1,1,feasible,20,10,4,5,5,4,feasible,20,5,4,feasible,20,5,4,feasible,4,0,complete,20,complete,20,complete,20,complete,20
79289,1618,1,0,1,feasible,10,10,2,4,7,7,feasible,10,6,8,feasible,10,6,8,feasible,4,1,complete,16,complete,10,complete,15,complete,10
79332,1619,0,1,1,feasible,20,10,4,5,5,4,feasible,20,5,4,feasible,20,5,4,feasible,4,0,complete,20,complete,20,complete,20,complete,20
79381,1620,0,1,1,feasible,20,10,4,6,5,4,feasible,20,5,4,feasible,20,5,4,feasible,4,0,complete,20,complete,20,complete,20,complete,20
79430,1621,0,1,1,feasible,20,10,4,5,5,4,feasible,20,5,4,feasible,20,5,4,feasible,4,0,complete,20,complete,20,complete,20,complete,20
79479,1622,0,1,1,feasible,20,10,4,6,5,4,feasible,20,5,4,feasible,20,5,4,feasible,4,0,complete,20,complete,20,complete,20,complete,20
79528,1623,0,1,1,feasible,20,10,4,7,5,4,feasible,20,5,4,feasible,20,5,4,feasible,4,0,complete,20,complete,20,complete,20,complete,20
79590,1624,2,0,1,feasible,10,10,2,5,7,7,feasible,10,6,8,feasible,10,6,8,feasible,4,1,complete,16,complete,10,complete,15,complete,10
79633,1625,1,1,1,feasible,20,10,4,6,5,4,feasible,20,5,4,feasible,20,5,4,feasible,4,0,complete,20,complete,20,complete,20,complete,20
79688,1626,2,0,1,feasible,10,10,2,5,7,7,feasible,10,6,8,feasible,10,6,8,feasible,4,1,complete,16,complete,10,complete,15,complete,10
79731,1627,1,1,1,feasible,20,10,4,6,5,4,feasible,20,5,4,feasible,20,5,4,feasible,4,0,complete,20,complete,20,complete,20,complete,20
79780,1628,1,1,1,feasible,20,10,4,7,5,4,feasible,20,5,4,feasible,20,5,4,feasible,4,0,complete,20,complete,20,complete,20,complete,20
79829,1629,1,1,1,feasible,20,10,4,6,5,4,feasible,20,5,4,feasible,20,5,4,feasible,4,0,complete,20,complete,20,complete,20,complete,20
79878,1630,1,1,1,feasible,20,10,4,7,5,4,feasible,20,5,4,feasible,20,5,4,feasible,4,0,complete,20,complete,20,complete,20,complete,20
79927,1631,1,1,1,feasible,20,14,4,8,5,4,feasible,20,5,4,feasible,20,5,4,feasible,4,0,complete,20,complete,20,complete,20,complete,20
79975,1632,1,0,1,feasible,10,10,2,4,9,9,feasible,10,7,11,feasible,10,7,11,feasible,4,1,complete,16,complete,10,complete,16,complete,10
80024,1633,1,0,1,feasible,15,10,3,5,7,6,feasible,15,6,7,feasible,15,6,7,feasible,4,0,complete,20,complete,15,complete,20,complete,15
80073,1634,1,0,1,feasible,10,10,2,4,9,9,feasible,10,7,11,feasible,10,7,11,feasible,4,1,complete,16,complete,10,complete,15,complete,10
80122,1635,1,0,1,feasible,15,10,3,5,7,6,feasible,15,6,7,feasible,15,6,7,feasible,4,0,complete,20,complete,15,complete,20,complete,15
80171,1636,1,0,1,feasible,15,10,3,6,5,4,feasible,15,5,5,feasible,15,5,5,feasible,4,0,complete,20,complete,15,complete,20,complete,15
80220,1637,1,0,1,feasible,15,10,3,5,7,6,feasible,15,6,7,feasible,15,6,7,feasible,4,0,complete,20,complete,15,complete,20,complete,15
80269,1638,1,0,1,feasible,15,10,3,6,5,4,feasible,15,5,5,feasible,15,5,5,feasible,4,0,complete,20,complete,15,complete,20,complete,15
80318,1639,1,0,1,feasible,15,10,3,7,5,4,feasible,15,5,5,feasible,15,5,5,feasible,4,0,complete,20,complete,15,complete,20,complete,15
80374,1640,2,0,1,feasible,10,10,2,5,9,9,feasible,10,7,11,feasible,10,7,11,feasible,4,1,complete,16,complete,10,complete,16,complete,10
80423,1641,2,0,1,feasible,15,10,3,6,7,6,feasible,15,6,7,feasible,15,6,7,feasible,4,0,complete,20,complete,15,complete,20,complete,15
80472,1642,2,0,1,feasible,10,10,2,5,9,9,feasible,10,7,11,feasible,10,7,11,feasible,4,1,complete,16,complete,10,complete,15,complete,10
80521,1643,2,0,1,feasible,15,10,3,6,7,6,feasible,15,6,7,feasible,15,6,7,feasible,4,0,complete,20,complete,15,complete,20,complete,15
80570,1644,2,0,1,feasible,15,10,3,7,5,4,feasible,15,5,5,feasible,15,5,5,feasible,4,0,complete,20,complete,15,complete,20,complete,15
80619,1645,2,0,1,feasible,15,10,3,6,7,6,feasible,15,6,7,feasible,15,6,7,feasible,4,0,complete,20,complete,15,complete,20,complete,15
80668,1646,2,0,1,feasible,15,10,3,7,5,4,feasible,15,5,5,feasible,15,5,5,feasible,4,0,complete,20,complete,15,complete,20,complete,15
80717,1647,2,0,1,feasible,15,14,3,8,5,4,feasible,15,5,5,feasible,15,5,5,feasible,4,0,complete,20,complete,15,complete,20,complete,15
80755,1648,0,3,1,feasible,10,10,2,6,5,4,feasible,10,5,6,feasible,10,5,6,feasible,4,1,complete,16,complete,10,complete,16,complete,10
80804,1649,0,3,1,feasible,10,10,2,7,5,4,feasible,10,5,6,feasible,10,5,6,feasible,4,1,complete,20,complete,10,complete,20,complete,10
80853,1650,0,3,1,feasible,10,10,2,6,5,4,feasible,10,5,6,feasible,10,5,6,feasible,4,1,complete,16,complete,10,complete,15,complete,10
80902,1651,0,3,1,feasible,10,10,2,7,5,4,feasible,10,5,6,feasible,10,5,6,feasible,4,1,complete,20,complete,10,complete,15,complete,10
80969,1652,3,0,1,feasible,15,14,3,8,5,4,feasible,15,5,5,feasible,15,5,5,feasible,4,0,complete,20,complete,15,complete,20,complete,15
81000,1653,0,3,1,feasible,10,10,2,7,5,4,feasible,10,5,6,feasible,10,5,6,feasible,4,1,complete,20,complete,10,complete,15,complete,10
81067,1654,3,0,1,feasible,15,14,3,8,5,4,feasible,15,5,5,feasible,15,5,5,feasible,4,0,complete,20,complete,15,complete,20,complete,15
81116,1655,3,0,1,feasible,15,14,3,9,5,4,feasible,15,5,5,feasible,15,5,5,feasible,4,0,complete,20,complete,15,complete,20,complete,15
81147,1656,0,3,1,feasible,6,6,2,4,6,6,feasible,6,5,6,feasible,6,5,6,feasible,3,1,complete,11,complete,11,complete,11,complete,6
81196,1657,0,3,1,feasible,15,10,3,5,4,3,feasible,15,4,3,feasible,15,4,3,feasible,3,0,complete,15,complete,15,complete,15,complete,15
81244,1658,0,2,1,feasible,6,6,2,4,6,6,feasible,6,5,6,feasible,6,5,6,feasible,3,1,complete,11,complete,6,complete,11,complete,6
81293,1659,0,2,1,feasible,15,10,3,5,4,3,feasible,15,4,3,feasible,15,4,3,feasible,3,0,complete,15,complete,15,complete,15,complete,15
81349,1660,1,2,1,feasible,15,10,3,6,4,3,feasible,15,4,3,feasible,15,4,3,feasible,3,0,complete,15,complete,15,complete,15,complete,15
81390,1661,0,1,1,feasible,15,10,3,5,4,3,feasible,15,4,3,feasible,15,4,3,feasible,3,0,complete,15,complete,15,complete,15,complete,15
81446,1662,1,1,1,feasible,15,10,3,6,4,3,feasible,15,4,3,feasible,15,4,3,feasible,3,0,complete,15,complete,15,complete,15,complete,15
81502,1663,2,1,1,feasible,15,10,3,7,4,3,feasible,15,4,3,feasible,15,4,3,feasible,3,0,complete,15,complete,15,complete,15,complete,15
81538,1664,0,2,1,feasible,6,6,2,4,9,10,feasible,6,7,11,feasible,6,7,11,feasible,4,1,complete,12,complete,6,complete,11,complete,6
81587,1665,0,2,1,feasible,15,10,3,5,7,7,feasible,15,6,7,feasible,15,6,7,feasible,4,0,complete,16,complete,15,complete,15,complete,16
81635,1666,0,1,1,feasible,6,6,2,4,9,10,feasible,6,7,11,feasible,6,7,11,feasible,4,1,complete,12,complete,6,complete,11,complete,6
81684,1667,0,1,1,feasible,15,10,3,5,7,7,feasible,15,6,7,feasible,15,6,7,feasible,4,0,complete,16,complete,15,complete,15,complete,16
81740,1668,1,1,1,feasible,15,10,3,6,7,7,feasible,15,6,7,feasible,15,6,7,feasible,4,0,complete,16,complete,15,complete,15,complete,16
81781,1669,0,0,1,feasible,16,10,4,5,5,4,feasible,16,5,4,feasible,16,5,4,feasible,4,0,complete,16,complete,16,complete,16,complete,16
81837,1670,1,0,1,feasible,16,10,4,6,5,4,feasible,16,5,4,feasible,16,5,4,feasible,4,0,complete,16,complete,16,complete,16,complete,16
81893,1671,2,0,1,feasible,16,10,4,7,5,4,feasible,16,5,4,feasible,16,5,4,feasible,4,0,complete,16,complete,16,complete,16,complete,16
81930,1672,0,2,1,feasible,15,10,3,5,5,4,feasible,15,5,5,feasible,15,5,5,feasible,4,0,complete,16,complete,15,complete,15,complete,15
81986,1673,1,2,1,feasible,15,10,3,6,7,7,feasible,15,6,7,feasible,15,6,7,feasible,4,0,complete,20,complete,15,complete,15,complete,15
82027,1674,0,1,1,feasible,15,10,3,5,5,4,feasible,15,5,5,feasible,15,5,5,feasible,4,0,complete,16,complete,15,complete,15,complete,15
82083,1675,1,1,1,feasible,15,10,3,6,7,7,feasible,15,6,7,feasible,15,6,7,feasible,4,0,complete,20,complete,15,complete,15,complete,15
82139,1676,2,1,1,feasible,15,10,3,7,7,7,feasible,15,6,7,feasible,15,6,7,feasible,4,0,complete,20,complete,15,complete,15,complete,15
82180,1677,1,0,1,feasible,20,10,4,6,5,4,feasible,20,5,4,feasible,20,5,4,feasible,4,0,complete,20,complete,20,complete,20,complete,20
82236,1678,2,0,1,feasible,20,10,4,7,5,4,feasible,20,5,4,feasible,20,5,4,feasible,4,0,complete,20,complete,20,complete,20,complete,20
82274,1679,0,3,1,feasible,20,10,4,8,5,4,feasible,20,5,4,feasible,20,5,4,feasible,4,0,complete,20,complete,20,complete,20,complete,20
82321,1680,0,1,1,feasible,6,6,2,4,9,10,feasible,6,7,11,feasible,6,7,11,feasible,4,1,complete,12,complete,6,complete,11,complete,6
82370,1681,0,1,1,feasible,15,10,3,5,7,7,feasible,15,6,7,feasible,15,6,7,feasible,4,0,complete,16,complete,16,complete,15,complete,16
82418,1682,0,0,1,feasible,6,6,2,4,7,7,feasible,6,6,8,feasible,6,6,8,feasible,4,1,complete,12,complete,6,complete,11,complete,6
82467,1683,0,0,1,feasible,16,10,4,5,5,4,feasible,16,5,4,feasible,16,5,4,feasible,4,0,complete,16,complete,16,complete,16,complete,16
82523,1684,1,0,1,feasible,16,10,4,6,5,4,feasible,16,5,4,feasible,16,5,4,feasible,4,0,complete,16,complete,16,complete,16,complete,16
82565,1685,0,0,1,feasible,16,10,4,5,5,4,feasible,16,5,4,feasible,16,5,4,feasible,4,0,complete,16,complete,16,complete,16,complete,16
82621,1686,1,0,1,feasible,16,10,4,6,5,4,feasible,16,5,4,feasible,16,5,4,feasible,4,0,complete,16,complete,16,complete,16,complete,16
82665,1687,0,2,1,feasible,11,10,3,7,7,7,feasible,11,6,7,feasible,11,6,7,feasible,4,0,complete,16,complete,11,complete,16,complete,11
82713,1688,0,1,1,feasible,15,10,3,5,5,4,feasible,15,5,5,feasible,15,5,5,feasible,4,0,complete,16,complete,15,complete,15,complete,15
82769,1689,1,1,1,feasible,15,10,3,6,7,7,feasible,15,6,7,feasible,15,6,7,feasible,4,0,complete,20,complete,20,complete,15,complete,20
82817,1690,1,0,1,feasible,10,10,2,5,7,7,feasible,10,6,8,feasible,10,6,8,feasible,4,1,complete,16,complete,10,complete,15,complete,10
82866,1691,1,0,1,feasible,20,10,4,6,5,4,feasible,20,5,4,feasible,20,5,4,feasible,4,0,complete,20,complete,20,complete,20,complete,20
82910,1692,0,2,1,feasible,20,10,4,7,5,4,feasible,20,5,4,feasible,20,5,4,feasible,4,0,complete,20,complete,20,complete,20,complete,20
82964,1693,1,0,1,feasible,20,10,4,6,5,4,feasible,20,5,4,feasible,20,5,4,feasible,4,0,complete,20,complete,20,complete,20,complete,20
83008,1694,0,2,1,feasible,20,10,4,7,5,4,feasible,20,5,4,feasible,20,5,4,feasible,4,0,complete,20,complete,20,complete,20,complete,20
83057,1695,0,2,1,feasible,20,10,4,8,5,4,feasible,20,5,4,feasible,20,5,4,feasible,4,0,complete,20,complete,20,complete,20,complete,20
83112,1696,1,1,1,feasible,15,10,3,6,5,4,feasible,15,5,5,feasible,15,5,5,feasible,4,0,complete,16,complete,15,complete,15,complete,15
83168,1697,2,1,1,feasible,15,10,3,7,7,7,feasible,15,6,7,feasible,15,6,7,feasible,4,0,complete,20,complete,20,complete,15,complete,20
83216,1698,2,0,1,feasible,10,10,2,6,7,7,feasible,10,6,8,feasible,10,6,8,feasible,4,1,complete,16,complete,10,complete,15,complete,10
83265,1699,2,0,1,feasible,20,10,4,7,5,4,feasible,20,5,4,feasible,20,5,4,feasible,4,0,complete,20,complete,20,complete,20,complete,20
83309,1700,1,2,1,feasible,20,10,4,8,5,4,feasible,20,5,4,feasible,20,5,4,feasible,4,0,complete,20,complete,20,complete,20,complete,20
83363,1701,2,0,1,feasible,20,10,4,7,5,4,feasible,20,5,4,feasible,20,5,4,feasible,4,0,complete,20,complete,20,complete,20,complete,20
83407,1702,1,2,1,feasible,20,10,4,8,5,4,feasible,20,5,4,feasible,20,5,4,feasible,4,0,complete,20,complete,20,complete,20,complete,20
83456,1703,1,2,1,feasible,20,14,4,9,5,4,feasible,20,5,4,feasible,20,5,4,feasible,4,0,complete,20,complete,20,complete,20,complete,20
83503,1704,1,0,1,feasible,10,10,2,5,7,7,feasible,10,6,8,feasible,10,6,8,feasible,4,1,complete,16,complete,10,complete,16,complete,10
83546,1705,0,1,1,feasible,20,10,4,6,5,4,feasible,20,5,4,feasible,20,5,4,feasible,4,0,complete,20,complete,20,complete,20,complete,20
83601,1706,1,0,1,feasible,10,10,2,5,7,7,feasible,10,6,8,feasible,10,6,8,feasible,4,1,complete,16,complete,10,complete,15,complete,10
83644,1707,0,1,1,feasible,20,10,4,6,5,4,feasible,20,5,4,feasible,20,5,4,feasible,4,0,complete,20,complete,20,complete,20,complete,20
83693,1708,0,1,1,feasible,20,10,4,7,5,4,feasible,20,5,4,feasible,20,5,4,feasible,4,0,complete,20,complete,20,complete,20,complete,20
83742,1709,0,1,1,feasible,20,10,4,6,5,4,feasible,20,5,4,feasible,20,5,4,feasible,4,0,complete,20,complete,20,complete,20,complete,20
83791,1710,0,1,1,feasible,20,10,4,7,5,4,feasible,20,5,4,feasible,20,5,4,feasible,4,0,complete,20,complete,20,complete,20,complete,20
83840,1711,0,1,1,feasible,20,10,4,8,5,4,feasible,20,5,4,feasible,20,5,4,feasible,4,0,complete,20,complete,20,complete,20,complete,20
83902,1712,2,0,1,feasible,10,10,2,6,7,7,feasible,10,6,8,feasible,10,6,8,feasible,4,1,complete,16,complete,10,complete,16,complete,10
83945,1713,1,1,1,feasible,20,10,4,7,5,4,feasible,20,5,4,feasible,20,5,4,feasible,4,0,complete,20,complete,20,complete,20,complete,20
84000,1714,2,0,1,feasible,10,10,2,6,7,7,feasible,10,6,8,feasible,10,6,8,feasible,4,1,complete,16,complete,10,complete,15,complete,10
84043,1715,1,1,1,feasible,20,10,4,7,5,4,feasible,20,5,4,feasible,20,5,4,feasible,4,0,complete,20,complete,20,complete,20,complete,20
84092,1716,1,1,1,feasible,20,10,4,8,5,4,feasible,20,5,4,feasible,20,5,4,feasible,4,0,complete,20,complete,20,complete,20,complete,20
84141,1717,1,1,1,feasible,20,10,4,7,5,4,feasible,20,5,4,feasible,20,5,4,feasible,4,0,complete,20,complete,20,complete,20,complete,20
84190,1718,1,1,1,feasible,20,10,4,8,5,4,feasible,20,5,4,feasible,20,5,4,feasible,4,0,complete,20,complete,20,complete,20,complete,20
84239,1719,1,1,1,feasible,20,14,4,9,5,4,feasible,20,5,4,feasible,20,5,4,feasible,4,0,complete,20,complete,20,complete,20,complete,20
84301,1720,3,0,1,feasible,10,10,2,7,7,7,feasible,10,6,8,feasible,10,6,8,feasible,4,1,complete,16,complete,10,complete,16,complete,10
84344,1721,2,1,1,feasible,20,10,4,8,5,4,feasible,20,5,4,feasible,20,5,4,feasible,4,0,complete,20,complete,20,complete,20,complete,20
84399,1722,3,0,1,feasible,10,10,2,7,7,7,feasible,10,6,8,feasible,10,6,8,feasible,4,1,complete,16,complete,10,complete,15,complete,10
84442,1723,2,1,1,feasible,20,10,4,8,5,4,feasible,20,5,4,feasible,20,5,4,feasible,4,0,complete,20,complete,20,complete,20,complete,20
84491,1724,2,1,1,feasible,20,14,4,9,5,4,feasible,20,5,4,feasible,20,5,4,feasible,4,0,complete,20,complete,20,complete,20,complete,20
84540,1725,2,1,1,feasible,20,10,4,8,5,4,feasible,20,5,4,feasible,20,5,4,feasible,4,0,complete,20,complete,20,complete,20,complete,20
84589,1726,2,1,1,feasible,20,14,4,9,5,4,feasible,20,5,4,feasible,20,5,4,feasible,4,0,complete,20,complete,20,complete,20,complete,20
84638,1727,2,1,1,feasible,20,14,4,10,5,4,feasible,20,5,4,feasible,20,5,4,feasible,4,0,complete,20,complete,20,complete,20,complete,20
84672,1728,0,0,1,feasible,2,2,2,0,8,8,feasible,2,6,9,feasible,2,6,9,feasible,3,1,complete,3,complete,2,complete,2,complete,2
84721,1729,0,0,1,feasible,6,6,2,1,6,5,feasible,6,5,6,feasible,6,5,6,feasible,3,1,complete,7,complete,6,complete,6,complete,6
84770,1730,0,0,1,feasible,2,2,2,0,8,8,feasible,2,6,9,feasible,2,6,9,feasible,3,1,complete,3,complete,2,complete,2,complete,2
84819,1731,0,0,1,feasible,6,6,2,1,6,5,feasible,6,5,6,feasible,6,5,6,feasible,3,1,complete,7,complete,6,complete,6,complete,6
84868,1732,0,0,1,feasible,6,6,2,2,6,5,feasible,6,5,6,feasible,6,5,6,feasible,3,1,complete,7,complete,6,complete,6,complete,6
84917,1733,0,0,1,feasible,6,6,2,1,6,5,feasible,6,5,6,feasible,6,5,6,feasible,3,1,complete,7,complete,6,complete,6,complete,6
84966,1734,0,0,1,feasible,6,6,2,2,6,5,feasible,6,5,6,feasible,6,5,6,feasible,3,1,complete,7,complete,6,complete,6,complete,6
85015,1735,0,0,1,feasible,6,6,2,3,4,3,feasible,6,4,4,feasible,6,4,4,feasible,3,1,complete,7,complete,6,complete,6,complete,6
85064,1736,0,0,1,feasible,2,2,2,0,13,16,feasible,2,9,18,feasible,2,9,18,feasible,4,1,complete,4,complete,2,complete,2,complete,2
85113,1737,0,0,1,feasible,6,6,2,1,11,13,feasible,6,8,14,feasible,6,8,14,feasible,4,1,complete,8,complete,6,complete,6,complete,7
85162,1738,0,0,1,feasible,2,2,2,0,13,16,feasible,2,9,18,feasible,2,9,18,feasible,4,1,complete,4,complete,2,complete,2,complete,2
85211,1739,0,0,1,feasible,6,6,2,1,11,13,feasible,6,8,14,feasible,6,8,14,feasible,4,1,complete,8,complete,6,complete,6,complete,7
85260,1740,0,0,1,feasible,6,6,2,2,11,13,feasible,6,8,14,feasible,6,8,14,feasible,4,1,complete,8,complete,6,complete,6,complete,7
85309,1741,0,0,1,feasible,6,6,2,1,11,13,feasible,6,8,14,feasible,6,8,14,feasible,4,1,complete,8,complete,6,complete,7,complete,7
85358,1742,0,0,1,feasible,6,6,2,2,11,13,feasible,6,8,14,feasible,6,8,14,feasible,4,1,complete,8,complete,6,complete,7,complete,7
85407,1743,0,0,1,feasible,6,6,2,3,9,10,feasible,6,7,11,feasible,6,7,11,feasible,4,1,complete,8,complete,6,complete,7,complete,7
85456,1744,0,0,1,feasible,6,6,2,1,9,9,feasible,6,7,11,feasible,6,7,11,feasible,4,1,complete,8,complete,6,complete,6,complete,6
85505,1745,0,0,1,feasible,6,6,2,2,9,9,feasible,6,7,11,feasible,6,7,11,feasible,4,1,complete,12,complete,6,complete,6,complete,6
85554,1746,0,0,1,feasible,6,6,2,1,9,9,feasible,6,7,11,feasible,6,7,11,feasible,4,1,complete,8,complete,6,complete,6,complete,6
85603,1747,0,0,1,feasible,6,6,2,2,9,9,feasible,6,7,11,feasible,6,7,11,feasible,4,1,complete,12,complete,6,complete,6,complete,6
85652,1748,0,0,1,feasible,6,6,2,3,7,7,feasible,6,6,8,feasible,6,6,8,feasible,4,1,complete,12,complete,6,complete,6,complete,6
85701,1749,0,0,1,feasible,6,6,2,2,9,9,feasible,6,7,11,feasible,6,7,11,feasible,4,1,complete,12,complete,6,complete,11,complete,6
85750,1750,0,0,1,feasible,6,6,2,3,7,7,feasible,6,6,8,feasible,6,6,8,feasible,4,1,complete,12,complete,6,complete,11,complete,6
85806,1751,1,0,1,feasible,6,6,2,4,9,10,feasible,6,7,11,feasible,6,7,11,feasible,4,1,complete,12,complete,6,complete,11,complete,6
85848,1752,0,0,1,feasible,2,2,2,0,13,16,feasible,2,9,18,feasible,2,9,18,feasible,4,1,complete,4,complete,2,complete,2,complete,2
85897,1753,0,0,1,feasible,6,6,2,1,11,13,feasible,6,8,14,feasible,6,8,14,feasible,4,1,complete,8,complete,6,complete,6,complete,7
85946,1754,0,0,1,feasible,2,2,2,0,13,16,feasible,2,9,18,feasible,2,9,18,feasible,4,1,complete,4,complete,2,complete,2,complete,2
85995,1755,0,0,1,feasible,6,6,2,1,11,13,feasible,6,8,14,feasible,6,8,14,feasible,4,1,complete,8,complete,6,complete,6,complete,7
86044,1756,0,0,1,feasible,6,6,2,2,11,13,feasible,6,8,14,feasible,6,8,14,feasible,4,1,complete,8,complete,6,complete,6,complete,7
86093,1757,0,0,1,feasible,6,6,2,1,11,13,feasible,6,8,14,feasible,6,8,14,feasible,4,1,complete,8,complete,6,complete,6,complete,7
86142,1758,0,0,1,feasible,6,6,2,2,11,13,feasible,6,8,14,feasible,6,8,14,feasible,4,1,complete,8,complete,6,complete,6,complete,7
86191,1759,0,0,1,feasible,6,6,2,3,9,10,feasible,6,7,11,feasible,6,7,11,feasible,4,1,complete,8,complete,6,complete,6,complete,7
86240,1760,0,0,1,feasible,6,6,2,1,9,9,feasible,6,7,11,feasible,6,7,11,feasible,4,1,complete,8,complete,6,complete,6,complete,6
86289,1761,0,0,1,feasible,6,6,2,2,9,9,feasible,6,7,11,feasible,6,7,11,feasible,4,1,complete,12,complete,6,complete,6,complete,6
86338,1762,0,0,1,feasible,6,6,2,1,9,9,feasible,6,7,11,feasible,6,7,11,feasible,4,1,complete,8,complete,6,complete,6,complete,6
86387,1763,0,0,1,feasible,6,6,2,2,9,9,feasible,6,7,11,feasible,6,7,11,feasible,4,1,complete,12,complete,6,complete,6,complete,6
86436,1764,0,0,1,feasible,6,6,2,3,7,7,feasible,6,6,8,feasible,6,6,8,feasible,4,1,complete,12,complete,6,complete,6,complete,6
86485,1765,0,0,1,feasible,6,6,2,2,9,9,feasible,6,7,11,feasible,6,7,11,feasible,4,1,complete,12,complete,6,complete,6,complete,6
86534,1766,0,0,1,feasible,6,6,2,3,7,7,feasible,6,6,8,feasible,6,6,8,feasible,4,1,complete,12,complete,6,complete,6,complete,6
86590,1767,1,0,1,feasible,6,6,2,4,9,10,feasible,6,7,11,feasible,6,7,11,feasible,4,1,complete,12,complete,6,complete,6,complete,6
86632,1768,0,0,1,feasible,6,6,2,2,9,9,feasible,6,7,11,feasible,6,7,11,feasible,4,1,complete,8,complete,6,complete,6,complete,6
86681,1769,0,0,1,feasible,6,6,2,3,7,7,feasible,6,6,8,feasible,6,6,8,feasible,4,1,complete,12,complete,6,complete,6,complete,6
86730,1770,0,0,1,feasible,6,6,2,2,9,9,feasible,6,7,11,feasible,6,7,11,feasible,4,1,complete,8,complete,6,complete,6,complete,6
86779,1771,0,0,1,feasible,6,6,2,3,7,7,feasible,6,6,8,feasible,6,6,8,feasible,4,1,complete,12,complete,6,complete,6,complete,6
86835,1772,1,0,1,feasible,6,6,2,4,7,7,feasible,6,6,8,feasible,6,6,8,feasible,4,1,complete,12,complete,6,complete,6,complete,6
86877,1773,0,0,1,feasible,6,6,2,3,7,7,feasible,6,6,8,feasible,6,6,8,feasible,4,1,complete,12,complete,6,complete,6,complete,6
86933,1774,1,0,1,feasible,6,6,2,4,7,7,feasible,6,6,8,feasible,6,6,8,feasible,4,1,complete,12,complete,6,complete,6,complete,6
86989,1775,2,0,1,feasible,10,10,2,5,9,10,feasible,10,7,11,feasible,10,7,11,feasible,4,1,complete,12,complete,10,complete,10,complete,10
87024,1776,0,0,1,feasible,6,6,2,1,9,9,feasible,6,7,11,feasible,6,7,11,feasible,4,1,complete,8,complete,6,complete,7,complete,6
87073,1777,0,0,1,feasible,6,6,2,2,9,9,feasible,6,7,11,feasible,6,7,11,feasible,4,1,complete,12,complete,6,complete,11,complete,6
87122,1778,0,0,1,feasible,6,6,2,1,9,9,feasible,6,7,11,feasible,6,7,11,feasible,4,1,complete,8,complete,6,complete,6,complete,6
87171,1779,0,0,1,feasible,6,6,2,2,9,9,feasible,6,7,11,feasible,6,7,11,feasible,4,1,complete,12,complete,6,complete,6,complete,6
87220,1780,0,0,1,feasible,6,6,2,3,7,7,feasible,6,6,8,feasible,6,6,8,feasible,4,1,complete,12,complete,6,complete,6,complete,6
87269,1781,0,0,1,feasible,6,6,2,2,9,9,feasible,6,7,11,feasible,6,7,11,feasible,4,1,complete,12,complete,6,complete,6,complete,6
87318,1782,0,0,1,feasible,6,6,2,3,7,7,feasible,6,6,8,feasible,6,6,8,feasible,4,1,complete,12,complete,6,complete,6,complete,6
87374,1783,1,0,1,feasible,6,6,2,4,9,10,feasible,6,7,11,feasible,6,7,11,feasible,4,1,complete,12,complete,11,complete,6,complete,6
87416,1784,0,0,1,feasible,6,6,2,2,9,9,feasible,6,7,11,feasible,6,7,11,feasible,4,1,complete,8,complete,6,complete,7,complete,6
87465,1785,0,0,1,feasible,6,6,2,3,7,7,feasible,6,6,8,feasible,6,6,8,feasible,4,1,complete,12,complete,6,complete,11,complete,6
87514,1786,0,0,1,feasible,6,6,2,2,9,9,feasible,6,7,11,feasible,6,7,11,feasible,4,1,complete,8,complete,6,complete,6,complete,6
87563,1787,0,0,1,feasible,6,6,2,3,7,7,feasible,6,6,8,feasible,6,6,8,feasible,4,1,complete,12,complete,6,complete,6,complete,6
87619,1788,1,0,1,feasible,6,6,2,4,7,7,feasible,6,6,8,feasible,6,6,8,feasible,4,1,complete,12,complete,6,complete,6,complete,6
87661,1789,0,0,1,feasible,6,6,2,3,7,7,feasible,6,6,8,feasible,6,6,8,feasible,4,1,complete,12,complete,6,complete,6,complete,6
87717,1790,1,0,1,feasible,6,6,2,4,7,7,feasible,6,6,8,feasible,6,6,8,feasible,4,1,complete,12,complete,6,complete,6,complete,6
87773,1791,2,0,1,feasible,10,10,2,5,9,10,feasible,10,7,11,feasible,10,7,11,feasible,4,1,complete,12,complete,11,complete,10,complete,10
87808,1792,0,0,1,feasible,6,6,2,3,5,4,feasible,6,5,6,feasible,6,5,6,feasible,4,1,complete,8,complete,6,complete,7,complete,6
87864,1793,1,0,1,feasible,6,6,2,4,7,7,feasible,6,6,8,feasible,6,6,8,feasible,4,1,complete,12,complete,6,complete,11,complete,6
87906,1794,0,0,1,feasible,6,6,2,3,5,4,feasible,6,5,6,feasible,6,5,6,feasible,4,1,complete,8,complete,6,complete,6,complete,6
87962,1795,1,0,1,feasible,6,6,2,4,7,7,feasible,6,6,8,feasible,6,6,8,feasible,4,1,complete,12,complete,6,complete,6,complete,6
88018,1796,2,0,1,feasible,10,10,2,5,7,7,feasible,10,6,8,feasible,10,6,8,feasible,4,1,complete,12,complete,10,complete,10,complete,11
88060,1797,1,0,1,feasible,6,6,2,4,7,7,feasible,6,6,8,feasible,6,6,8,feasible,4,1,complete,12,complete,6,complete,6,complete,6
88116,1798,2,0,1,feasible,10,10,2,5,7,7,feasible,10,6,8,feasible,10,6,8,feasible,4,1,complete,12,complete,10,complete,10,complete,10
88172,1799,3,0,1,feasible,10,10,2,6,9,10,feasible,10,7,11,feasible,10,7,11,feasible,4,1,complete,12,complete,11,complete,10,complete,10
88200,1800,0,0,1,feasible,6,6,2,1,6,6,feasible,6,5,6,feasible,6,5,6,feasible,3,1,complete,7,complete,7,complete,7,complete,7
88249,1801,0,0,1,feasible,11,10,3,2,4,3,feasible,11,4,3,feasible,11,4,3,feasible,3,0,complete,11,complete,11,complete,11,complete,11
88298,1802,0,0,1,feasible,6,6,2,1,6,6,feasible,6,5,6,feasible,6,5,6,feasible,3,1,complete,7,complete,7,complete,7,complete,7
88347,1803,0,0,1,feasible,11,10,3,2,4,3,feasible,11,4,3,feasible,11,4,3,feasible,3,0,complete,11,complete,11,complete,11,complete,11
88396,1804,0,0,1,feasible,11,10,3,3,4,3,feasible,11,4,3,feasible,11,4,3,feasible,3,0,complete,11,complete,11,complete,11,complete,11
88445,1805,0,0,1,feasible,11,10,3,2,4,3,feasible,11,4,3,feasible,11,4,3,feasible,3,0,complete,11,complete,11,complete,11,complete,11
88494,1806,0,0,1,feasible,11,10,3,3,4,3,feasible,11,4,3,feasible,11,4,3,feasible,3,0,complete,11,complete,11,complete,11,complete,11
88544,1807,0,1,1,feasible,10,10,2,4,4,3,feasible,10,4,4,feasible,10,4,4,feasible,3,1,complete,11,complete,10,complete,10,complete,11
88592,1808,0,0,1,feasible,6,6,2,1,11,13,feasible,6,8,14,feasible,6,8,14,feasible,4,1,complete,8,complete,7,complete,7,complete,7
88641,1809,0,0,1,feasible,11,10,3,2,9,10,feasible,11,7,10,feasible,11,7,10,feasible,4,0,complete,12,complete,11,complete,11,complete,12
88690,1810,0,0,1,feasible,6,6,2,1,11,13,feasible,6,8,14,feasible,6,8,14,feasible,4,1,complete,8,complete,6,complete,7,complete,7
88739,1811,0,0,1,feasible,11,10,3,2,9,10,feasible,11,7,10,feasible,11,7,10,feasible,4,0,complete,12,complete,11,complete,11,complete,12
88788,1812,0,0,1,feasible,11,10,3,3,9,10,feasible,11,7,10,feasible,11,7,10,feasible,4,0,complete,12,complete,11,complete,11,complete,12
88837,1813,0,0,1,feasible,11,10,3,2,9,10,feasible,11,7,10,feasible,11,7,10,feasible,4,0,complete,12,complete,11,complete,12,complete,12
88886,1814,0,0,1,feasible,11,10,3,3,9,10,feasible,11,7,10,feasible,11,7,10,feasible,4,0,complete,12,complete,11,complete,12,complete,12
88935,1815,0,0,1,feasible,11,10,3,4,7,7,feasible,11,6,7,feasible,11,6,7,feasible,4,0,complete,12,complete,12,complete,12,complete,12
88984,1816,0,0,1,feasible,11,10,3,2,7,6,feasible,11,6,7,feasible,11,6,7,feasible,4,0,complete,12,complete,11,complete,11,complete,11
89033,1817,0,0,1,feasible,11,10,3,3,7,6,feasible,11,6,7,feasible,11,6,7,feasible,4,0,complete,16,complete,11,complete,11,complete,11
89082,1818,0,0,1,feasible,11,10,3,2,7,6,feasible,11,6,7,feasible,11,6,7,feasible,4,0,complete,12,complete,11,complete,11,complete,11
89131,1819,0,0,1,feasible,11,10,3,3,7,6,feasible,11,6,7,feasible,11,6,7,feasible,4,0,complete,16,complete,11,complete,11,complete,11
89180,1820,0,0,1,feasible,16,10,4,4,5,4,feasible,16,5,4,feasible,16,5,4,feasible,4,0,complete,16,complete,16,complete,16,complete,16
89229,1821,0,0,1,feasible,11,10,3,3,7,6,feasible,11,6,7,feasible,11,6,7,feasible,4,0,complete,16,complete,11,complete,16,complete,11
89278,1822,0,0,1,feasible,16,10,4,4,5,4,feasible,16,5,4,feasible,16,5,4,feasible,4,0,complete,16,complete,16,complete,16,complete,16
89334,1823,1,0,1,feasible,15,10,3,5,7,7,feasible,15,6,7,feasible,15,6,7,feasible,4,0,complete,16,complete,16,complete,16,complete,16
89376,1824,0,0,1,feasible,6,6,2,1,11,13,feasible,6,8,14,feasible,6,8,14,feasible,4,1,complete,8,complete,6,complete,7,complete,7
89425,1825,0,0,1,feasible,11,10,3,2,9,10,feasible,11,7,10,feasible,11,7,10,feasible,4,0,complete,12,complete,11,complete,11,complete,12
89474,1826,0,0,1,feasible,6,6,2,1,11,13,feasible,6,8,14,feasible,6,8,14,feasible,4,1,complete,8,complete,6,complete,7,complete,7
89523,1827,0,0,1,feasible,11,10,3,2,9,10,feasible,11,7,10,feasible,11,7,10,feasible,4,0,complete,12,complete,11,complete,11,complete,12
89572,1828,0,0,1,feasible,11,10,3,3,9,10,feasible,11,7,10,feasible,11,7,10,feasible,4,0,complete,12,complete,11,complete,11,complete,12
89621,1829,0,0,1,feasible,11,10,3,2,9,10,feasible,11,7,10,feasible,11,7,10,feasible,4,0,complete,12,complete,11,complete,11,complete,12
89670,1830,0,0,1,feasible,11,10,3,3,9,10,feasible,11,7,10,feasible,11,7,10,feasible,4,0,complete,12,complete,11,complete,11,complete,12
89719,1831,0,0,1,feasible,11,10,3,4,7,7,feasible,11,6,7,feasible,11,6,7,feasible,4,0,complete,12,complete,12,complete,12,complete,12
89768,1832,0,0,1,feasible,11,10,3,2,7,6,feasible,11,6,7,feasible,11,6,7,feasible,4,0,complete,12,complete,11,complete,11,complete,11
89817,1833,0,0,1,feasible,11,10,3,3,7,6,feasible,11,6,7,feasible,11,6,7,feasible,4,0,complete,16,complete,11,complete,11,complete,11
89866,1834,0,0,1,feasible,11,10,3,2,7,6,feasible,11,6,7,feasible,11,6,7,feasible,4,0,complete,12,complete,11,complete,11,complete,11
89915,1835,0,0,1,feasible,11,10,3,3,7,6,feasible,11,6,7,feasible,11,6,7,feasible,4,0,complete,16,complete,11,complete,11,complete,11
89964,1836,0,0,1,feasible,16,10,4,4,5,4,feasible,16,5,4,feasible,16,5,4,feasible,4,0,complete,16,complete,16,complete,16,complete,16
90013,1837,0,0,1,feasible,11,10,3,3,7,6,feasible,11,6,7,feasible,11,6,7,feasible,4,0,complete,16,complete,11,complete,11,complete,11
90062,1838,0,0,1,feasible,16,10,4,4,5,4,feasible,16,5,4,feasible,16,5,4,feasible,4,0,complete,16,complete,16,complete,16,complete,16
90118,1839,1,0,1,feasible,15,10,3,5,7,7,feasible,15,6,7,feasible,15,6,7,feasible,4,0,complete,16,complete,15,complete,16,complete,16
90160,1840,0,0,1,feasible,11,10,3,3,7,6,feasible,11,6,7,feasible,11,6,7,feasible,4,0,complete,12,complete,11,complete,11,complete,11
90209,1841,0,0,1,feasible,16,10,4,4,5,4,feasible,16,5,4,feasible,16,5,4,feasible,4,0,complete,16,complete,16,complete,16,complete,16
90258,1842,0,0,1,feasible,11,10,3,3,7,6,feasible,11,6,7,feasible,11,6,7,feasible,4,0,complete,12,complete,11,complete,11,complete,11
90307,1843,0,0,1,feasible,16,10,4,4,5,4,feasible,16,5,4,feasible,16,5,4,feasible,4,0,complete,16,complete,16,complete,16,complete,16
90363,1844,1,0,1,feasible,16,10,4,5,5,4,feasible,16,5,4,feasible,16,5,4,feasible,4,0,complete,16,complete,16,complete,16,complete,16
90405,1845,0,0,1,feasible,16,10,4,4,5,4,feasible,16,5,4,feasible,16,5,4,feasible,4,0,complete,16,complete,16,complete,16,complete,16
90461,1846,1,0,1,feasible,16,10,4,5,5,4,feasible,16,5,4,feasible,16,5,4,feasible,4,0,complete,16,complete,16,complete,16,complete,16
90517,1847,2,0,1,feasible,15,14,3,6,7,7,feasible,15,6,7,feasible,15,6,7,feasible,4,0,complete,16,complete,15,complete,16,complete,16
90552,1848,0,0,1,feasible,11,10,3,2,7,6,feasible,11,6,7,feasible,11,6,7,feasible,4,0,complete,12,complete,11,complete,12,complete,11
90601,1849,0,0,1,feasible,11,10,3,3,7,6,feasible,11,6,7,feasible,11,6,7,feasible,4,0,complete,16,complete,11,complete,16,complete,11
90650,1850,0,0,1,feasible,11,10,3,2,7,6,feasible,11,6,7,feasible,11,6,7,feasible,4,0,complete,12,complete,11,complete,11,complete,11
90699,1851,0,0,1,feasible,11,10,3,3,7,6,feasible,11,6,7,feasible,11,6,7,feasible,4,0,complete,16,complete,11,complete,11,complete,11
90748,1852,0,0,1,feasible,16,10,4,4,5,4,feasible,16,5,4,feasible,16,5,4,feasible,4,0,complete,16,complete,16,complete,16,complete,16
90797,1853,0,0,1,feasible,11,10,3,3,7,6,feasible,11,6,7,feasible,11,6,7,feasible,4,0,complete,16,complete,11,complete,11,complete,11
90846,1854,0,0,1,feasible,16,10,4,4,5,4,feasible,16,5,4,feasible,16,5,4,feasible,4,0,complete,16,complete,16,complete,16,complete,16
90902,1855,1,0,1,feasible,15,10,3,5,7,7,feasible,15,6,7,feasible,15,6,7,feasible,4,0,complete,16,complete,15,complete,16,complete,16
90944,1856,0,0,1,feasible,11,10,3,3,7,6,feasible,11,6,7,feasible,11,6,7,feasible,4,0,complete,12,complete,11,complete,12,complete,11
90993,1857,0,0,1,feasible,16,10,4,4,5,4,feasible,16,5,4,feasible,16,5,4,feasible,4,0,complete,16,complete,16,complete,16,complete,16
91042,1858,0,0,1,feasible,11,10,3,3,7,6,feasible,11,6,7,feasible,11,6,7,feasible,4,0,complete,12,complete,11,complete,11,complete,11
91091,1859,0,0,1,feasible,16,10,4,4,5,4,feasible,16,5,4,feasible,16,5,4,feasible,4,0,complete,16,complete,16,complete,16,complete,16
91147,1860,1,0,1,feasible,16,10,4,5,5,4,feasible,16,5,4,feasible,16,5,4,feasible,4,0,complete,16,complete,16,complete,16,complete,16
91189,1861,0,0,1,feasible,16,10,4,4,5,4,feasible,16,5,4,feasible,16,5,4,feasible,4,0,complete,16,complete,16,complete,16,complete,16
91245,1862,1,0,1,feasible,16,10,4,5,5,4,feasible,16,5,4,feasible,16,5,4,feasible,4,0,complete,16,complete,16,complete,16,complete,16
91301,1863,2,0,1,feasible,15,14,3,6,7,7,feasible,15,6,7,feasible,15,6,7,feasible,4,0,complete,16,complete,15,complete,16,complete,16
91337,1864,0,1,1,feasible,10,10,2,4,5,4,feasible,10,5,6,feasible,10,5,6,feasible,4,1,complete,12,complete,10,complete,11,complete,11
91392,1865,1,0,1,feasible,16,10,4,5,5,4,feasible,16,5,4,feasible,16,5,4,feasible,4,0,complete,16,complete,16,complete,16,complete,16
91435,1866,0,1,1,feasible,10,10,2,4,5,4,feasible,10,5,6,feasible,10,5,6,feasible,4,1,complete,12,complete,10,complete,10,complete,11
91490,1867,1,0,1,feasible,16,10,4,5,5,4,feasible,16,5,4,feasible,16,5,4,feasible,4,0,complete,16,complete,16,complete,16,complete,16
91546,1868,2,0,1,feasible,16,14,4,6,5,4,feasible,16,5,4,feasible,16,5,4,feasible,4,0,complete,16,complete,16,complete,16,complete,16
91588,1869,1,0,1,feasible,16,10,4,5,5,4,feasible,16,5,4,feasible,16,5,4,feasible,4,0,complete,16,complete,16,complete,16,complete,16
91644,1870,2,0,1,feasible,16,14,4,6,5,4,feasible,16,5,4,feasible,16,5,4,feasible,4,0,complete,16,complete,16,complete,16,complete,16
91700,1871,3,0,1,feasible,15,14,3,7,7,7,feasible,15,6,7,feasible,15,6,7,feasible,4,0,complete,16,complete,15,complete,16,complete,16
91728,1872,0,0,1,feasible,2,2,2,0,8,8,feasible,2,6,9,feasible,2,6,9,feasible,3,1,complete,3,complete,2,complete,2,complete,2
91777,1873,0,0,1,feasible,6,6,2,1,6,5,feasible,6,5,6,feasible,6,5,6,feasible,3,1,complete,7,complete,6,complete,6,complete,6
91826,1874,0,0,1,feasible,2,2,2,0,8,8,feasible,2,6,9,feasible,2,6,9,feasible,3,1,complete,3,complete,2,complete,2,complete,2
91875,1875,0,0,1,feasible,6,6,2,1,6,5,feasible,6,5,6,feasible,6,5,6,feasible,3,1,complete,7,complete,6,complete,6,complete,6
91924,1876,0,0,1,feasible,6,6,2,2,6,5,feasible,6,5,6,feasible,6,5,6,feasible,3,1,complete,7,complete,6,complete,6,complete,6
91973,1877,0,0,1,feasible,6,6,2,1,6,5,feasible,6,5,6,feasible,6,5,6,feasible,3,1,complete,7,complete,6,complete,6,complete,6
92022,1878,0,0,1,feasible,6,6,2,2,6,5,feasible,6,5,6,feasible,6,5,6,feasible,3,1,complete,7,complete,6,complete,6,complete,6
92071,1879,0,0,1,feasible,6,6,2,3,4,3,feasible,6,4,4,feasible,6,4,4,feasible,3,1,complete,7,complete,6,complete,6,complete,6
92120,1880,0,0,1,feasible,2,2,2,0,13,16,feasible,2,9,18,feasible,2,9,18,feasible,4,1,complete,4,complete,2,complete,2,complete,2
92169,1881,0,0,1,feasible,6,6,2,1,11,13,feasible,6,8,14,feasible,6,8,14,feasible,4,1,complete,8,complete,6,complete,6,complete,7
92218,1882,0,0,1,feasible,2,2,2,0,13,16,feasible,2,9,18,feasible,2,9,18,feasible,4,1,complete,4,complete,2,complete,2,complete,2
92267,1883,0,0,1,feasible,6,6,2,1,11,13,feasible,6,8,14,feasible,6,8,14,feasible,4,1,complete,8,complete,6,complete,6,complete,7
92316,1884,0,0,1,feasible,6,6,2,2,11,13,feasible,6,8,14,feasible,6,8,14,feasible,4,1,complete,8,complete,6,complete,6,complete,7
92365,1885,0,0,1,feasible,6,6,2,1,11,13,feasible,6,8,14,feasible,6,8,14,feasible,4,1,complete,8,complete,6,complete,7,complete,7
92414,1886,0,0,1,feasible,6,6,2,2,11,13,feasible,6,8,14,feasible,6,8,14,feasible,4,1,complete,8,complete,6,complete,7,complete,7
92463,1887,0,0,1,feasible,6,6,2,3,9,10,feasible,6,7,11,feasible,6,7,11,feasible,4,1,complete,8,complete,6,complete,7,complete,7
92512,1888,0,0,1,feasible,6,6,2,1,9,9,feasible,6,7,11,feasible,6,7,11,feasible,4,1,complete,8,complete,6,complete,6,complete,6
92561,1889,0,0,1,feasible,6,6,2,2,9,9,feasible,6,7,11,feasible,6,7,11,feasible,4,1,complete,12,complete,6,complete,6,complete,6
92610,1890,0,0,1,feasible,6,6,2,1,9,9,feasible,6,7,11,feasible,6,7,11,feasible,4,1,complete,8,complete,6,complete,6,complete,6
92659,1891,0,0,1,feasible,6,6,2,2,9,9,feasible,6,7,11,feasible,6,7,11,feasible,4,1,complete,12,complete,6,complete,6,complete,6
92708,1892,0,0,1,feasible,6,6,2,3,7,7,feasible,6,6,8,feasible,6,6,8,feasible,4,1,complete,12,complete,6,complete,6,complete,6
92757,1893,0,0,1,feasible,6,6,2,2,9,9,feasible,6,7,11,feasible,6,7,11,feasible,4,1,complete,12,complete,6,complete,11,complete,6
92806,1894,0,0,1,feasible,6,6,2,3,7,7,feasible,6,6,8,feasible,6,6,8,feasible,4,1,complete,12,complete,6,complete,11,complete,6
92855,1895,0,0,1,feasible,6,6,2,4,7,7,feasible,6,6,8,feasible,6,6,8,feasible,4,1,complete,12,complete,6,complete,11,complete,6
92904,1896,0,0,1,feasible,2,2,2,0,13,16,feasible,2,9,18,feasible,2,9,18,feasible,4,1,complete,4,complete,2,complete,2,complete,2
92953,1897,0,0,1,feasible,6,6,2,1,11,13,feasible,6,8,14,feasible,6,8,14,feasible,4,1,complete,8,complete,6,complete,6,complete,7
93002,1898,0,0,1,feasible,2,2,2,0,13,16,feasible,2,9,18,feasible,2,9,18,feasible,4,1,complete,4,complete,2,complete,2,complete,2
93051,1899,0,0,1,feasible,6,6,2,1,11,13,feasible,6,8,14,feasible,6,8,14,feasible,4,1,complete,8,complete,6,complete,6,complete,7
93100,1900,0,0,1,feasible,6,6,2,2,11,13,feasible,6,8,14,feasible,6,8,14,feasible,4,1,complete,8,complete,6,complete,6,complete,7
93149,1901,0,0,1,feasible,6,6,2,1,11,13,feasible,6,8,14,feasible,6,8,14,feasible,4,1,complete,8,complete,6,complete,6,complete,7
93198,1902,0,0,1,feasible,6,6,2,2,11,13,feasible,6,8,14,feasible,6,8,14,feasible,4,1,complete,8,complete,6,complete,6,complete,7
93247,1903,0,0,1,feasible,6,6,2,3,9,10,feasible,6,7,11,feasible,6,7,11,feasible,4,1,complete,8,complete,6,complete,6,complete,7
93296,1904,0,0,1,feasible,6,6,2,1,9,9,feasible,6,7,11,feasible,6,7,11,feasible,4,1,complete,8,complete,6,complete,6,complete,6
93345,1905,0,0,1,feasible,6,6,2,2,9,9,feasible,6,7,11,feasible,6,7,11,feasible,4,1,complete,12,complete,6,complete,6,complete,6
93394,1906,0,0,1,feasible,6,6,2,1,9,9,feasible,6,7,11,feasible,6,7,11,feasible,4,1,complete,8,complete,6,complete,6,complete,6
93443,1907,0,0,1,feasible,6,6,2,2,9,9,feasible,6,7,11,feasible,6,7,11,feasible,4,1,complete,12,complete,6,complete,6,complete,6
93492,1908,0,0,1,feasible,6,6,2,3,7,7,feasible,6,6,8,feasible,6,6,8,feasible,4,1,complete,12,complete,6,complete,6,complete,6
93541,1909,0,0,1,feasible,6,6,2,2,9,9,feasible,6,7,11,feasible,6,7,11,feasible,4,1,complete,12,complete,6,complete,6,complete,6
93590,1910,0,0,1,feasible,6,6,2,3,7,7,feasible,6,6,8,feasible,6,6,8,feasible,4,1,complete,12,complete,6,complete,6,complete,6
93639,1911,0,0,1,feasible,6,6,2,4,7,7,feasible,6,6,8,feasible,6,6,8,feasible,4,1,complete,12,complete,6,complete,6,complete,6
93688,1912,0,0,1,feasible,6,6,2,2,9,9,feasible,6,7,11,feasible,6,7,11,feasible,4,1,complete,8,complete,6,complete,6,complete,6
93737,1913,0,0,1,feasible,6,6,2,3,7,7,feasible,6,6,8,feasible,6,6,8,feasible,4,1,complete,12,complete,6,complete,6,complete,6
93786,1914,0,0,1,feasible,6,6,2,2,9,9,feasible,6,7,11,feasible,6,7,11,feasible,4,1,complete,8,complete,6,complete,6,complete,6
93835,1915,0,0,1,feasible,6,6,2,3,7,7,feasible,6,6,8,feasible,6,6,8,feasible,4,1,complete,12,complete,6,complete,6,complete,6
93884,1916,0,0,1,feasible,6,6,2,4,7,7,feasible,6,6,8,feasible,6,6,8,feasible,4,1,complete,12,complete,6,complete,6,complete,6
93933,1917,0,0,1,feasible,6,6,2,3,7,7,feasible,6,6,8,feasible,6,6,8,feasible,4,1,complete,12,complete,6,complete,6,complete,6
93982,1918,0,0,1,feasible,6,6,2,4,7,7,feasible,6,6,8,feasible,6,6,8,feasible,4,1,complete,12,complete,6,complete,6,complete,6
94038,1919,1,0,1,feasible,10,10,2,5,7,7,feasible,10,6,8,feasible,10,6,8,feasible,4,1,complete,12,complete,10,complete,10,complete,10
94080,1920,0,0,1,feasible,6,6,2,1,9,9,feasible,6,7,11,feasible,6,7,11,feasible,4,1,complete,8,complete,6,complete,7,complete,6
94129,1921,0,0,1,feasible,6,6,2,2,9,9,feasible,6,7,11,feasible,6,7,11,feasible,4,1,complete,12,complete,6,complete,11,complete,6
94178,1922,0,0,1,feasible,6,6,2,1,9,9,feasible,6,7,11,feasible,6,7,11,feasible,4,1,complete,8,complete,6,complete,6,complete,6
94227,1923,0,0,1,feasible,6,6,2,2,9,9,feasible,6,7,11,feasible,6,7,11,feasible,4,1,complete,12,complete,6,complete,6,complete,6
94276,1924,0,0,1,feasible,6,6,2,3,7,7,feasible,6,6,8,feasible,6,6,8,feasible,4,1,complete,12,complete,6,complete,6,complete,6
94325,1925,0,0,1,feasible,6,6,2,2,9,9,feasible,6,7,11,feasible,6,7,11,feasible,4,1,complete,12,complete,6,complete,6,complete,6
94374,1926,0,0,1,feasible,6,6,2,3,7,7,feasible,6,6,8,feasible,6,6,8,feasible,4,1,complete,12,complete,6,complete,6,complete,6
94423,1927,0,0,1,feasible,6,6,2,4,7,7,feasible,6,6,8,feasible,6,6,8,feasible,4,1,complete,12,complete,6,complete,6,complete,6
94472,1928,0,0,1,feasible,6,6,2,2,9,9,feasible,6,7,11,feasible,6,7,11,feasible,4,1,complete,8,complete,6,complete,7,complete,6
94521,1929,0,0,1,feasible,6,6,2,3,7,7,feasible,6,6,8,feasible,6,6,8,feasible,4,1,complete,12,complete,6,complete,11,complete,6
94570,1930,0,0,1,feasible,6,6,2,2,9,9,feasible,6,7,11,feasible,6,7,11,feasible,4,1,complete,8,complete,6,complete,6,complete,6
94619,1931,0,0,1,feasible,6,6,2,3,7,7,feasible,6,6,8,feasible,6,6,8,feasible,4,1,complete,12,complete,6,complete,6,complete,6
94668,1932,0,0,1,feasible,6,6,2,4,7,7,feasible,6,6,8,feasible,6,6,8,feasible,4,1,complete,12,complete,6,complete,6,complete,6
94717,1933,0,0,1,feasible,6,6,2,3,7,7,feasible,6,6,8,feasible,6,6,8,feasible,4,1,complete,12,complete,6,complete,6,complete,6
94766,1934,0,0,1,feasible,6,6,2,4,7,7,feasible,6,6,8,feasible,6,6,8,feasible,4,1,complete,12,complete,6,complete,6,complete,6
94822,1935,1,0,1,feasible,10,10,2,5,7,7,feasible,10,6,8,feasible,10,6,8,feasible,4,1,complete,12,complete,10,complete,10,complete,10
94864,1936,0,0,1,feasible,6,6,2,3,5,4,feasible,6,5,6,feasible,6,5,6,feasible,4,1,complete,8,complete,6,complete,7,complete,6
94913,1937,0,0,1,feasible,6,6,2,4,5,4,feasible,6,5,6,feasible,6,5,6,feasible,4,1,complete,12,complete,6,complete,11,complete,6
94962,1938,0,0,1,feasible,6,6,2,3,5,4,feasible,6,5,6,feasible,6,5,6,feasible,4,1,complete,8,complete,6,complete,6,complete,6
95011,1939,0,0,1,feasible,6,6,2,4,5,4,feasible,6,5,6,feasible,6,5,6,feasible,4,1,complete,12,complete,6,complete,6,complete,6
95067,1940,1,0,1,feasible,10,10,2,5,7,7,feasible,10,6,8,feasible,10,6,8,feasible,4,1,complete,12,complete,10,complete,10,complete,11
95109,1941,0,0,1,feasible,6,6,2,4,5,4,feasible,6,5,6,feasible,6,5,6,feasible,4,1,complete,12,complete,6,complete,6,complete,6
95165,1942,1,0,1,feasible,10,10,2,5,7,7,feasible,10,6,8,feasible,10,6,8,feasible,4,1,complete,12,complete,10,complete,10,complete,10
95221,1943,2,0,1,feasible,10,10,2,6,7,7,feasible,10,6,8,feasible,10,6,8,feasible,4,1,complete,12,complete,10,complete,10,complete,10
95256,1944,0,0,1,feasible,6,6,2,1,6,6,feasible,6,5,6,feasible,6,5,6,feasible,3,1,complete,7,complete,7,complete,7,complete,7
95305,1945,0,0,1,feasible,11,10,3,2,4,3,feasible,11,4,3,feasible,11,4,3,feasible,3,0,complete,11,complete,11,complete,11,complete,11
95354,1946,0,0,1,feasible,6,6,2,1,6,6,feasible,6,5,6,feasible,6,5,6,feasible,3,1,complete,7,complete,7,complete,7,complete,7
95403,1947,0,0,1,feasible,11,10,3,2,4,3,feasible,11,4,3,feasible,11,4,3,feasible,3,0,complete,11,complete,11,complete,11,complete,11
95452,1948,0,0,1,feasible,11,10,3,3,4,3,feasible,11,4,3,feasible,11,4,3,feasible,3,0,complete,11,complete,11,complete,11,complete,11
95501,1949,0,0,1,feasible,11,10,3,2,4,3,feasible,11,4,3,feasible,11,4,3,feasible,3,0,complete,11,complete,11,complete,11,complete,11
95550,1950,0,0,1,feasible,11,10,3,3,4,3,feasible,11,4,3,feasible,11,4,3,feasible,3,0,complete,11,complete,11,complete,11,complete,11
95600,1951,0,1,1,feasible,10,10,2,4,4,3,feasible,10,4,4,feasible,10,4,4,feasible,3,1,complete,11,complete,10,complete,10,complete,11
95648,1952,0,0,1,feasible,6,6,2,1,11,13,feasible,6,8,14,feasible,6,8,14,feasible,4,1,complete,8,complete,7,complete,7,complete,7
95697,1953,0,0,1,feasible,11,10,3,2,9,10,feasible,11,7,10,feasible,11,7,10,feasible,4,0,complete,12,complete,11,complete,11,complete,12
95746,1954,0,0,1,feasible,6,6,2,1,11,13,feasible,6,8,14,feasible,6,8,14,feasible,4,1,complete,8,complete,6,complete,7,complete,7
95795,1955,0,0,1,feasible,11,10,3,2,9,10,feasible,11,7,10,feasible,11,7,10,feasible,4,0,complete,12,complete,11,complete,11,complete,12
95844,1956,0,0,1,feasible,11,10,3,3,9,10,feasible,11,7,10,feasible,11,7,10,feasible,4,0,complete,12,complete,11,complete,11,complete,12
95893,1957,0,0,1,feasible,11,10,3,2,9,10,feasible,11,7,10,feasible,11,7,10,feasible,4,0,complete,12,complete,11,complete,12,complete,12
95942,1958,0,0,1,feasible,11,10,3,3,9,10,feasible,11,7,10,feasible,11,7,10,feasible,4,0,complete,12,complete,11,complete,12,complete,12
95991,1959,0,0,1,feasible,11,10,3,4,7,7,feasible,11,6,7,feasible,11,6,7,feasible,4,0,complete,12,complete,12,complete,12,complete,12
96040,1960,0,0,1,feasible,11,10,3,2,7,6,feasible,11,6,7,feasible,11,6,7,feasible,4,0,complete,12,complete,11,complete,11,complete,11
96089,1961,0,0,1,feasible,11,10,3,3,7,6,feasible,11,6,7,feasible,11,6,7,feasible,4,0,complete,16,complete,11,complete,11,complete,11
96138,1962,0,0,1,feasible,11,10,3,2,7,6,feasible,11,6,7,feasible,11,6,7,feasible,4,0,complete,12,complete,11,complete,11,complete,11
96187,1963,0,0,1,feasible,11,10,3,3,7,6,feasible,11,6,7,feasible,11,6,7,feasible,4,0,complete,16,complete,11,complete,11,complete,11
96236,1964,0,0,1,feasible,16,10,4,4,5,4,feasible,16,5,4,feasible,16,5,4,feasible,4,0,complete,16,complete,16,complete,16,complete,16
96285,1965,0,0,1,feasible,11,10,3,3,7,6,feasible,11,6,7,feasible,11,6,7,feasible,4,0,complete,16,complete,11,complete,16,complete,11
96334,1966,0,0,1,feasible,16,10,4,4,5,4,feasible,16,5,4,feasible,16,5,4,feasible,4,0,complete,16,complete,16,complete,16,complete,16
96383,1967,0,0,1,feasible,16,10,4,5,5,4,feasible,16,5,4,feasible,16,5,4,feasible,4,0,complete,16,complete,16,complete,16,complete,16
96432,1968,0,0,1,feasible,6,6,2,1,11,13,feasible,6,8,14,feasible,6,8,14,feasible,4,1,complete,8,complete,6,complete,7,complete,7
96481,1969,0,0,1,feasible,11,10,3,2,9,10,feasible,11,7,10,feasible,11,7,10,feasible,4,0,complete,12,complete,11,complete,11,complete,12
96530,1970,0,0,1,feasible,6,6,2,1,11,13,feasible,6,8,14,feasible,6,8,14,feasible,4,1,complete,8,complete,6,complete,7,complete,7
96579,1971,0,0,1,feasible,11,10,3,2,9,10,feasible,11,7,10,feasible,11,7,10,feasible,4,0,complete,12,complete,11,complete,11,complete,12
96628,1972,0,0,1,feasible,11,10,3,3,9,10,feasible,11,7,10,feasible,11,7,10,feasible,4,0,complete,12,complete,11,complete,11,complete,12
96677,1973,0,0,1,feasible,11,10,3,2,9,10,feasible,11,7,10,feasible,11,7,10,feasible,4,0,complete,12,complete,11,complete,11,complete,12
96726,1974,0,0,1,feasible,11,10,3,3,9,10,feasible,11,7,10,feasible,11,7,10,feasible,4,0,complete,12,complete,11,complete,11,complete,12
96775,1975,0,0,1,feasible,11,10,3,4,7,7,feasible,11,6,7,feasible,11,6,7,feasible,4,0,complete,12,complete,12,complete,12,complete,12
96824,1976,0,0,1,feasible,11,10,3,2,7,6,feasible,11,6,7,feasible,11,6,7,feasible,4,0,complete,12,complete,11,complete,11,complete,11
96873,1977,0,0,1,feasible,11,10,3,3,7,6,feasible,11,6,7,feasible,11,6,7,feasible,4,0,complete,16,complete,11,complete,11,complete,11
96922,1978,0,0,1,feasible,11,10,3,2,7,6,feasible,11,6,7,feasible,11,6,7,feasible,4,0,complete,12,complete,11,complete,11,complete,11
96971,1979,0,0,1,feasible,11,10,3,3,7,6,feasible,11,6,7,feasible,11,6,7,feasible,4,0,complete,16,complete,11,complete,11,complete,11
97020,1980,0,0,1,feasible,16,10,4,4,5,4,feasible,16,5,4,feasible,16,5,4,feasible,4,0,complete,16,complete,16,complete,16,complete,16
97069,1981,0,0,1,feasible,11,10,3,3,7,6,feasible,11,6,7,feasible,11,6,7,feasible,4,0,complete,16,complete,11,complete,11,complete,11
97118,1982,0,0,1,feasible,16,10,4,4,5,4,feasible,16,5,4,feasible,16,5,4,feasible,4,0,complete,16,complete,16,complete,16,complete,16
97167,1983,0,0,1,feasible,16,10,4,5,5,4,feasible,16,5,4,feasible,16,5,4,feasible,4,0,complete,16,complete,16,complete,16,complete,16
97216,1984,0,0,1,feasible,11,10,3,3,7,6,feasible,11,6,7,feasible,11,6,7,feasible,4,0,complete,12,complete,11,complete,11,complete,11
97265,1985,0,0,1,feasible,16,10,4,4,5,4,feasible,16,5,4,feasible,16,5,4,feasible,4,0,complete,16,complete,16,complete,16,complete,16
97314,1986,0,0,1,feasible,11,10,3,3,7,6,feasible,11,6,7,feasible,11,6,7,feasible,4,0,complete,12,complete,11,complete,11,complete,11
97363,1987,0,0,1,feasible,16,10,4,4,5,4,feasible,16,5,4,feasible,16,5,4,feasible,4,0,complete,16,complete,16,complete,16,complete,16
97412,1988,0,0,1,feasible,16,10,4,5,5,4,feasible,16,5,4,feasible,16,5,4,feasible,4,0,complete,16,complete,16,complete,16,complete,16
97461,1989,0,0,1,feasible,16,10,4,4,5,4,feasible,16,5,4,feasible,16,5,4,feasible,4,0,complete,16,complete,16,complete,16,complete,16
97510,1990,0,0,1,feasible,16,10,4,5,5,4,feasible,16,5,4,feasible,16,5,4,feasible,4,0,complete,16,complete,16,complete,16,complete,16
97566,1991,1,0,1,feasible,16,14,4,6,5,4,feasible,16,5,4,feasible,16,5,4,feasible,4,0,complete,16,complete,16,complete,16,complete,16
97608,1992,0,0,1,feasible,11,10,3,2,7,6,feasible,11,6,7,feasible,11,6,7,feasible,4,0,complete,12,complete,11,complete,12,complete,11
97657,1993,0,0,1,feasible,11,10,3,3,7,6,feasible,11,6,7,feasible,11,6,7,feasible,4,0,complete,16,complete,11,complete,16,complete,11
97706,1994,0,0,1,feasible,11,10,3,2,7,6,feasible,11,6,7,feasible,11,6,7,feasible,4,0,complete,12,complete,11,complete,11,complete,11
97755,1995,0,0,1,feasible,11,10,3,3,7,6,feasible,11,6,7,feasible,11,6,7,feasible,4,0,complete,16,complete,11,complete,11,complete,11
97804,1996,0,0,1,feasible,16,10,4,4,5,4,feasible,16,5,4,feasible,16,5,4,feasible,4,0,complete,16,complete,16,complete,16,complete,16
97853,1997,0,0,1,feasible,11,10,3,3,7,6,feasible,11,6,7,feasible,11,6,7,feasible,4,0,complete,16,complete,11,complete,11,complete,11
97902,1998,0,0,1,feasible,16,10,4,4,5,4,feasible,16,5,4,feasible,16,5,4,feasible,4,0,complete,16,complete,16,complete,16,complete,16
97951,1999,0,0,1,feasible,16,10,4,5,5,4,feasible,16,5,4,feasible,16,5,4,feasible,4,0,complete,16,complete,16,complete,16,complete,16
98000,2000,0,0,1,feasible,11,10,3,3,7,6,feasible,11,6,7,feasible,11,6,7,feasible,4,0,complete,12,complete,11,complete,12,complete,11
98049,2001,0,0,1,feasible,16,10,4,4,5,4,feasible,16,5,4,feasible,16,5,4,feasible,4,0,complete,16,complete,16,complete,16,complete,16
98098,2002,0,0,1,feasible,11,10,3,3,7,6,feasible,11,6,7,feasible,11,6,7,feasible,4,0,complete,12,complete,11,complete,11,complete,11
98147,2003,0,0,1,feasible,16,10,4,4,5,4,feasible,16,5,4,feasible,16,5,4,feasible,4,0,complete,16,complete,16,complete,16,complete,16
98196,2004,0,0,1,feasible,16,10,4,5,5,4,feasible,16,5,4,feasible,16,5,4,feasible,4,0,complete,16,complete,16,complete,16,complete,16
98245,2005,0,0,1,feasible,16,10,4,4,5,4,feasible,16,5,4,feasible,16,5,4,feasible,4,0,complete,16,complete,16,complete,16,complete,16
98294,2006,0,0,1,feasible,16,10,4,5,5,4,feasible,16,5,4,feasible,16,5,4,feasible,4,0,complete,16,complete,16,complete,16,complete,16
98350,2007,1,0,1,feasible,16,14,4,6,5,4,feasible,16,5,4,feasible,16,5,4,feasible,4,0,complete,16,complete,16,complete,16,complete,16
98393,2008,0,1,1,feasible,10,10,2,4,5,4,feasible,10,5,6,feasible,10,5,6,feasible,4,1,complete,12,complete,10,complete,11,complete,11
98442,2009,0,1,1,feasible,10,10,2,5,5,4,feasible,10,5,6,feasible,10,5,6,feasible,4,1,complete,16,complete,10,complete,15,complete,11
98491,2010,0,1,1,feasible,10,10,2,4,5,4,feasible,10,5,6,feasible,10,5,6,feasible,4,1,complete,12,complete,10,complete,10,complete,11
98540,2011,0,1,1,feasible,10,10,2,5,5,4,feasible,10,5,6,feasible,10,5,6,feasible,4,1,complete,16,complete,10,complete,10,complete,11
98595,2012,1,0,1,feasible,16,14,4,6,5,4,feasible,16,5,4,feasible,16,5,4,feasible,4,0,complete,16,complete,16,complete,16,complete,16
98638,2013,0,1,1,feasible,10,10,2,5,5,4,feasible,10,5,6,feasible,10,5,6,feasible,4,1,complete,16,complete,10,complete,10,complete,11
98693,2014,1,0,1,feasible,16,14,4,6,5,4,feasible,16,5,4,feasible,16,5,4,feasible,4,0,complete,16,complete,16,complete,16,complete,16
98749,2015,2,0,1,feasible,16,14,4,7,5,4,feasible,16,5,4,feasible,16,5,4,feasible,4,0,complete,16,complete,16,complete,16,complete,16
98785,2016,0,1,1,feasible,6,6,2,2,6,6,feasible,6,5,6,feasible,6,5,6,feasible,3,1,complete,7,complete,7,complete,7,complete,7
98834,2017,0,1,1,feasible,11,10,3,3,4,3,feasible,11,4,3,feasible,11,4,3,feasible,3,0,complete,11,complete,11,complete,11,complete,11
98882,2018,0,0,1,feasible,6,6,2,2,6,6,feasible,6,5,6,feasible,6,5,6,feasible,3,1,complete,7,complete,7,complete,7,complete,7
98931,2019,0,0,1,feasible,11,10,3,3,4,3,feasible,11,4,3,feasible,11,4,3,feasible,3,0,complete,11,complete,11,complete,11,complete,11
98980,2020,0,0,1,feasible,11,10,3,4,4,3,feasible,11,4,3,feasible,11,4,3,feasible,3,0,complete,11,complete,11,complete,11,complete,11
99029,2021,0,0,1,feasible,11,10,3,3,4,3,feasible,11,4,3,feasible,11,4,3,feasible,3,0,complete,11,complete,11,complete,11,complete,11
99078,2022,0,0,1,feasible,11,10,3,4,4,3,feasible,11,4,3,feasible,11,4,3,feasible,3,0,complete,11,complete,11,complete,11,complete,11
99134,2023,1,0,1,feasible,11,10,3,5,4,3,feasible,11,4,3,feasible,11,4,3,feasible,3,0,complete,11,complete,11,complete,11,complete,11
99176,2024,0,0,1,feasible,6,6,2,2,9,10,feasible,6,7,11,feasible,6,7,11,feasible,4,1,complete,8,complete,7,complete,7,complete,7
99225,2025,0,0,1,feasible,11,10,3,3,7,7,feasible,11,6,7,feasible,11,6,7,feasible,4,0,complete,12,complete,11,complete,11,complete,12
99274,2026,0,0,1,feasible,6,6,2,2,9,10,feasible,6,7,11,feasible,6,7,11,feasible,4,1,complete,8,complete,6,complete,7,complete,7
99323,2027,0,0,1,feasible,11,10,3,3,7,7,feasible,11,6,7,feasible,11,6,7,feasible,4,0,complete,12,complete,11,complete,11,complete,12
99372,2028,0,0,1,feasible,11,10,3,4,7,7,feasible,11,6,7,feasible,11,6,7,feasible,4,0,complete,12,complete,11,complete,11,complete,12
99421,2029,0,0,1,feasible,11,10,3,3,7,7,feasible,11,6,7,feasible,11,6,7,feasible,4,0,complete,12,complete,11,complete,12,complete,12
99470,2030,0,0,1,feasible,11,10,3,4,7,7,feasible,11,6,7,feasible,11,6,7,feasible,4,0,complete,12,complete,11,complete,12,complete,12
99520,2031,0,1,1,feasible,11,10,3,5,7,7,feasible,11,6,7,feasible,11,6,7,feasible,4,0,complete,12,complete,12,complete,12,complete,12
99568,2032,0,0,1,feasible,11,10,3,3,5,4,feasible,11,5,5,feasible,11,5,5,feasible,4,0,complete,12,complete,11,complete,11,complete,11
99617,2033,0,0,1,feasible,11,10,3,4,5,4,feasible,11,5,5,feasible,11,5,5,feasible,4,0,complete,16,complete,11,complete,11,complete,11
99666,2034,0,0,1,feasible,11,10,3,3,5,4,feasible,11,5,5,feasible,11,5,5,feasible,4,0,complete,12,complete,11,complete,11,complete,11
99715,2035,0,0,1,feasible,11,10,3,4,5,4,feasible,11,5,5,feasible,11,5,5,feasible,4,0,complete,16,complete,11,complete,11,complete,11
99771,2036,1,0,1,feasible,11,10,3,5,7,7,feasible,11,6,7,feasible,11,6,7,feasible,4,0,complete,16,complete,11,complete,11,complete,11
99813,2037,0,0,1,feasible,11,10,3,4,5,4,feasible,11,5,5,feasible,11,5,5,feasible,4,0,complete,16,complete,11,complete,16,complete,11
99869,2038,1,0,1,feasible,11,10,3,5,7,7,feasible,11,6,7,feasible,11,6,7,feasible,4,0,complete,16,complete,11,complete,16,complete,11
99912,2039,0,1,1,feasible,16,10,4,6,5,4,feasible,16,5,4,feasible,16,5,4,feasible,4,0,complete,16,complete,16,complete,16,complete,16
99960,2040,0,0,1,feasible,6,6,2,2,11,13,feasible,6,8,14,feasible,6,8,14,feasible,4,1,complete,8,complete,6,complete,7,complete,7
100009,2041,0,0,1,feasible,11,10,3,3,9,10,feasible,11,7,10,feasible,11,7,10,feasible,4,0,complete,12,complete,11,complete,11,complete,12
100058,2042,0,0,1,feasible,6,6,2,2,11,13,feasible,6,8,14,feasible,6,8,14,feasible,4,1,complete,8,complete,6,complete,7,complete,7
100107,2043,0,0,1,feasible,11,10,3,3,9,10,feasible,11,7,10,feasible,11,7,10,feasible,4,0,complete,12,complete,11,complete,11,complete,12
100156,2044,0,0,1,feasible,11,10,3,4,9,10,feasible,11,7,10,feasible,11,7,10,feasible,4,0,complete,12,complete,11,complete,11,complete,12
100205,2045,0,0,1,feasible,11,10,3,3,9,10,feasible,11,7,10,feasible,11,7,10,feasible,4,0,complete,12,complete,11,complete,11,complete,12
100254,2046,0,0,1,feasible,11,10,3,4,9,10,feasible,11,7,10,feasible,11,7,10,feasible,4,0,complete,12,complete,11,complete,11,complete,12
100303,2047,0,0,1,feasible,11,10,3,5,7,7,feasible,11,6,7,feasible,11,6,7,feasible,4,0,complete,12,complete,12,complete,12,complete,12
100352,2048,0,0,1,feasible,11,10,3,3,7,6,feasible,11,6,7,feasible,11,6,7,feasible,4,0,complete,12,complete,11,complete,11,complete,11
100401,2049,0,0,1,feasible,11,10,3,4,7,6,feasible,11,6,7,feasible,11,6,7,feasible,4,0,complete,16,complete,11,complete,11,complete,11
100450,2050,0,0,1,feasible,11,10,3,3,7,6,feasible,11,6,7,feasible,11,6,7,feasible,4,0,complete,12,complete,11,complete,11,complete,11
100499,2051,0,0,1,feasible,11,10,3,4,7,6,feasible,11,6,7,feasible,11,6,7,feasible,4,0,complete,16,complete,11,complete,11,complete,11
100548,2052,0,0,1,feasible,16,10,4,5,5,4,feasible,16,5,4,feasible,16,5,4,feasible,4,0,complete,16,complete,16,complete,16,complete,16
100597,2053,0,0,1,feasible,11,10,3,4,7,6,feasible,11,6,7,feasible,11,6,7,feasible,4,0,complete,16,complete,11,complete,11,complete,11
100646,2054,0,0,1,feasible,16,10,4,5,5,4,feasible,16,5,4,feasible,16,5,4,feasible,4,0,complete,16,complete,16,complete,16,complete,16
100695,2055,0,0,1,feasible,16,10,4,6,5,4,feasible,16,5,4,feasible,16,5,4,feasible,4,0,complete,16,complete,16,complete,16,complete,16
100744,2056,0,0,1,feasible,11,10,3,4,7,6,feasible,11,6,7,feasible,11,6,7,feasible,4,0,complete,12,complete,11,complete,11,complete,11
100793,2057,0,0,1,feasible,16,10,4,5,5,4,feasible,16,5,4,feasible,16,5,4,feasible,4,0,complete,16,complete,16,complete,16,complete,16
100842,2058,0,0,1,feasible,11,10,3,4,7,6,feasible,11,6,7,feasible,11,6,7,feasible,4,0,complete,12,complete,11,complete,11,complete,11
100891,2059,0,0,1,feasible,16,10,4,5,5,4,feasible,16,5,4,feasible,16,5,4,feasible,4,0,complete,16,complete,16,complete,16,complete,16
100940,2060,0,0,1,feasible,16,10,4,6,5,4,feasible,16,5,4,feasible,16,5,4,feasible,4,0,complete,16,complete,16,complete,16,complete,16
100989,2061,0,0,1,feasible,16,10,4,5,5,4,feasible,16,5,4,feasible,16,5,4,feasible,4,0,complete,16,complete,16,complete,16,complete,16
101038,2062,0,0,1,feasible,16,10,4,6,5,4,feasible,16,5,4,feasible,16,5,4,feasible,4,0,complete,16,complete,16,complete,16,complete,16
101094,2063,1,0,1,feasible,16,14,4,7,5,4,feasible,16,5,4,feasible,16,5,4,feasible,4,0,complete,16,complete,16,complete,16,complete,16
101136,2064,0,0,1,feasible,11,10,3,3,7,6,feasible,11,6,7,feasible,11,6,7,feasible,4,0,complete,12,complete,11,complete,12,complete,11
101185,2065,0,0,1,feasible,11,10,3,4,7,6,feasible,11,6,7,feasible,11,6,7,feasible,4,0,complete,16,complete,11,complete,16,complete,11
101234,2066,0,0,1,feasible,11,10,3,3,7,6,feasible,11,6,7,feasible,11,6,7,feasible,4,0,complete,12,complete,11,complete,11,complete,11
101283,2067,0,0,1,feasible,11,10,3,4,7,6,feasible,11,6,7,feasible,11,6,7,feasible,4,0,complete,16,complete,11,complete,11,complete,11
101332,2068,0,0,1,feasible,16,10,4,5,5,4,feasible,16,5,4,feasible,16,5,4,feasible,4,0,complete,16,complete,16,complete,16,complete,16
101381,2069,0,0,1,feasible,11,10,3,4,7,6,feasible,11,6,7,feasible,11,6,7,feasible,4,0,complete,16,complete,11,complete,11,complete,11
101430,2070,0,0,1,feasible,16,10,4,5,5,4,feasible,16,5,4,feasible,16,5,4,feasible,4,0,complete,16,complete,16,complete,16,complete,16
101479,2071,0,0,1,feasible,16,10,4,6,5,4,feasible,16,5,4,feasible,16,5,4,feasible,4,0,complete,16,complete,16,complete,16,complete,16
101528,2072,0,0,1,feasible,11,10,3,4,7,6,feasible,11,6,7,feasible,11,6,7,feasible,4,0,complete,12,complete,11,complete,12,complete,11
101577,2073,0,0,1,feasible,16,10,4,5,5,4,feasible,16,5,4,feasible,16,5,4,feasible,4,0,complete,16,complete,16,complete,16,complete,16
101626,2074,0,0,1,feasible,11,10,3,4,7,6,feasible,11,6,7,feasible,11,6,7,feasible,4,0,complete,12,complete,11,complete,11,complete,11
101675,2075,0,0,1,feasible,16,10,4,5,5,4,feasible,16,5,4,feasible,16,5,4,feasible,4,0,complete,16,complete,16,complete,16,complete,16
101724,2076,0,0,1,feasible,16,10,4,6,5,4,feasible,16,5,4,feasible,16,5,4,feasible,4,0,complete,16,complete,16,complete,16,complete,16
101773,2077,0,0,1,feasible,16,10,4,5,5,4,feasible,16,5,4,feasible,16,5,4,feasible,4,0,complete,16,complete,16,complete,16,complete,16
101822,2078,0,0,1,feasible,16,10,4,6,5,4,feasible,16,5,4,feasible,16,5,4,feasible,4,0,complete,16,complete,16,complete,16,complete,16
101878,2079,1,0,1,feasible,16,14,4,7,5,4,feasible,16,5,4,feasible,16,5,4,feasible,4,0,complete,16,complete,16,complete,16,complete,16
101927,2080,1,0,1,feasible,11,10,3,5,7,6,feasible,11,6,7,feasible,11,6,7,feasible,4,0,complete,12,complete,11,complete,12,complete,11
101976,2081,1,0,1,feasible,16,10,4,6,5,4,feasible,16,5,4,feasible,16,5,4,feasible,4,0,complete,16,complete,16,complete,16,complete,16
102025,2082,1,0,1,feasible,11,10,3,5,7,6,feasible,11,6,7,feasible,11,6,7,feasible,4,0,complete,12,complete,11,complete,11,complete,11
102074,2083,1,0,1,feasible,16,10,4,6,5,4,feasible,16,5,4,feasible,16,5,4,feasible,4,0,complete,16,complete,16,complete,16,complete,16
102123,2084,1,0,1,feasible,16,14,4,7,5,4,feasible,16,5,4,feasible,16,5,4,feasible,4,0,complete,16,complete,16,complete,16,complete,16
102172,2085,1,0,1,feasible,16,10,4,6,5,4,feasible,16,5,4,feasible,16,5,4,feasible,4,0,complete,16,complete,16,complete,16,complete,16
102221,2086,1,0,1,feasible,16,14,4,7,5,4,feasible,16,5,4,feasible,16,5,4,feasible,4,0,complete,16,complete,16,complete,16,complete,16
102277,2087,2,0,1,feasible,16,14,4,8,5,4,feasible,16,5,4,feasible,16,5,4,feasible,4,0,complete,16,complete,16,complete,16,complete,16
102312,2088,0,0,1,feasible,6,6,2,1,6,6,feasible,6,5,6,feasible,6,5,6,feasible,3,1,complete,7,complete,7,complete,7,complete,7
102361,2089,0,0,1,feasible,11,10,3,2,4,3,feasible,11,4,3,feasible,11,4,3,feasible,3,0,complete,11,complete,11,complete,11,complete,11
102410,2090,0,0,1,feasible,6,6,2,1,6,6,feasible,6,5,6,feasible,6,5,6,feasible,3,1,complete,7,complete,7,complete,7,complete,7
102459,2091,0,0,1,feasible,11,10,3,2,4,3,feasible,11,4,3,feasible,11,4,3,feasible,3,0,complete,11,complete,11,complete,11,complete,11
102508,2092,0,0,1,feasible,11,10,3,3,4,3,feasible,11,4,3,feasible,11,4,3,feasible,3,0,complete,11,complete,11,complete,11,complete,11
102557,2093,0,0,1,feasible,11,10,3,2,4,3,feasible,11,4,3,feasible,11,4,3,feasible,3,0,complete,11,complete,11,complete,11,complete,11
102606,2094,0,0,1,feasible,11,10,3,3,4,3,feasible,11,4,3,feasible,11,4,3,feasible,3,0,complete,11,complete,11,complete,11,complete,11
102656,2095,0,1,1,feasible,10,10,2,4,4,3,feasible,10,4,4,feasible,10,4,4,feasible,3,1,complete,11,complete,10,complete,10,complete,11
102704,2096,0,0,1,feasible,6,6,2,1,11,13,feasible,6,8,14,feasible,6,8,14,feasible,4,1,complete,8,complete,7,complete,7,complete,7
102753,2097,0,0,1,feasible,11,10,3,2,9,10,feasible,11,7,10,feasible,11,7,10,feasible,4,0,complete,12,complete,11,complete,11,complete,12
102802,2098,0,0,1,feasible,6,6,2,1,11,13,feasible,6,8,14,feasible,6,8,14,feasible,4,1,complete,8,complete,6,complete,7,complete,7
102851,2099,0,0,1,feasible,11,10,3,2,9,10,feasible,11,7,10,feasible,11,7,10,feasible,4,0,complete,12,complete,11,complete,11,complete,12
102900,2100,0,0,1,feasible,11,10,3,3,9,10,feasible,11,7,10,feasible,11,7,10,feasible,4,0,complete,12,complete,11,complete,11,complete,12
102949,2101,0,0,1,feasible,11,10,3,2,9,10,feasible,11,7,10,feasible,11,7,10,feasible,4,0,complete,12,complete,11,complete,12,complete,12
102998,2102,0,0,1,feasible,11,10,3,3,9,10,feasible,11,7,10,feasible,11,7,10,feasible,4,0,complete,12,complete,11,complete,12,complete,12
103047,2103,0,0,1,feasible,11,10,3,4,7,7,feasible,11,6,7,feasible,11,6,7,feasible,4,0,complete,12,complete,12,complete,12,complete,12
103096,2104,0,0,1,feasible,11,10,3,2,7,6,feasible,11,6,7,feasible,11,6,7,feasible,4,0,complete,12,complete,11,complete,11,complete,11
103145,2105,0,0,1,feasible,11,10,3,3,7,6,feasible,11,6,7,feasible,11,6,7,feasible,4,0,complete,16,complete,11,complete,11,complete,11
103194,2106,0,0,1,feasible,11,10,3,2,7,6,feasible,11,6,7,feasible,11,6,7,feasible,4,0,complete,12,complete,11,complete,11,complete,11
103243,2107,0,0,1,feasible,11,10,3,3,7,6,feasible,11,6,7,feasible,11,6,7,feasible,4,0,complete,16,complete,11,complete,11,complete,11
103292,2108,0,0,1,feasible,16,10,4,4,5,4,feasible,16,5,4,feasible,16,5,4,feasible,4,0,complete,16,complete,16,complete,16,complete,16
103341,2109,0,0,1,feasible,11,10,3,3,7,6,feasible,11,6,7,feasible,11,6,7,feasible,4,0,complete,16,complete,11,complete,16,complete,11
103390,2110,0,0,1,feasible,16,10,4,4,5,4,feasible,16,5,4,feasible,16,5,4,feasible,4,0,complete,16,complete,16,complete,16,complete,16
103439,2111,0,0,1,feasible,16,10,4,5,5,4,feasible,16,5,4,feasible,16,5,4,feasible,4,0,complete,16,complete,16,complete,16,complete,16
103488,2112,0,0,1,feasible,6,6,2,1,11,13,feasible,6,8,14,feasible,6,8,14,feasible,4,1,complete,8,complete,6,complete,7,complete,7
103537,2113,0,0,1,feasible,11,10,3,2,9,10,feasible,11,7,10,feasible,11,7,10,feasible,4,0,complete,12,complete,11,complete,11,complete,12
103586,2114,0,0,1,feasible,6,6,2,1,11,13,feasible,6,8,14,feasible,6,8,14,feasible,4,1,complete,8,complete,6,complete,7,complete,7
103635,2115,0,0,1,feasible,11,10,3,2,9,10,feasible,11,7,10,feasible,11,7,10,feasible,4,0,complete,12,complete,11,complete,11,complete,12
103684,2116,0,0,1,feasible,11,10,3,3,9,10,feasible,11,7,10,feasible,11,7,10,feasible,4,0,complete,12,complete,11,complete,11,complete,12
103733,2117,0,0,1,feasible,11,10,3,2,9,10,feasible,11,7,10,feasible,11,7,10,feasible,4,0,complete,12,complete,11,complete,11,complete,12
103782,2118,0,0,1,feasible,11,10,3,3,9,10,feasible,11,7,10,feasible,11,7,10,feasible,4,0,complete,12,complete,11,complete,11,complete,12
103831,2119,0,0,1,feasible,11,10,3,4,7,7,feasible,11,6,7,feasible,11,6,7,feasible,4,0,complete,12,complete,12,complete,12,complete,12
103880,2120,0,0,1,feasible,11,10,3,2,7,6,feasible,11,6,7,feasible,11,6,7,feasible,4,0,complete,12,complete,11,complete,11,complete,11
103929,2121,0,0,1,feasible,11,10,3,3,7,6,feasible,11,6,7,feasible,11,6,7,feasible,4,0,complete,16,complete,11,complete,11,complete,11
103978,2122,0,0,1,feasible,11,10,3,2,7,6,feasible,11,6,7,feasible,11,6,7,feasible,4,0,complete,12,complete,11,complete,11,complete,11
104027,2123,0,0,1,feasible,11,10,3,3,7,6,feasible,11,6,7,feasible,11,6,7,feasible,4,0,complete,16,complete,11,complete,11,complete,11
104076,2124,0,0,1,feasible,16,10,4,4,5,4,feasible,16,5,4,feasible,16,5,4,feasible,4,0,complete,16,complete,16,complete,16,complete,16
104125,2125,0,0,1,feasible,11,10,3,3,7,6,feasible,11,6,7,feasible,11,6,7,feasible,4,0,complete,16,complete,11,complete,11,complete,11
104174,2126,0,0,1,feasible,16,10,4,4,5,4,feasible,16,5,4,feasible,16,5,4,feasible,4,0,complete,16,complete,16,complete,16,complete,16
104223,2127,0,0,1,feasible,16,10,4,5,5,4,feasible,16,5,4,feasible,16,5,4,feasible,4,0,complete,16,complete,16,complete,16,complete,16
104272,2128,0,0,1,feasible,11,10,3,3,7,6,feasible,11,6,7,feasible,11,6,7,feasible,4,0,complete,12,complete,11,complete,11,complete,11
104321,2129,0,0,1,feasible,16,10,4,4,5,4,feasible,16,5,4,feasible,16,5,4,feasible,4,0,complete,16,complete,16,complete,16,complete,16
104370,2130,0,0,1,feasible,11,10,3,3,7,6,feasible,11,6,7,feasible,11,6,7,feasible,4,0,complete,12,complete,11,complete,11,complete,11
104419,2131,0,0,1,feasible,16,10,4,4,5,4,feasible,16,5,4,feasible,16,5,4,feasible,4,0,complete,16,complete,16,complete,16,complete,16
104468,2132,0,0,1,feasible,16,10,4,5,5,4,feasible,16,5,4,feasible,16,5,4,feasible,4,0,complete,16,complete,16,complete,16,complete,16
104517,2133,0,0,1,feasible,16,10,4,4,5,4,feasible,16,5,4,feasible,16,5,4,feasible,4,0,complete,16,complete,16,complete,16,complete,16
104566,2134,0,0,1,feasible,16,10,4,5,5,4,feasible,16,5,4,feasible,16,5,4,feasible,4,0,complete,16,complete,16,complete,16,complete,16
104615,2135,0,0,1,feasible,16,14,4,6,5,4,feasible,16,5,4,feasible,16,5,4,feasible,4,0,complete,16,complete,16,complete,16,complete,16
104664,2136,0,0,1,feasible,11,10,3,2,7,6,feasible,11,6,7,feasible,11,6,7,feasible,4,0,complete,12,complete,11,complete,12,complete,11
104713,2137,0,0,1,feasible,11,10,3,3,7,6,feasible,11,6,7,feasible,11,6,7,feasible,4,0,complete,16,complete,11,complete,16,complete,11
104762,2138,0,0,1,feasible,11,10,3,2,7,6,feasible,11,6,7,feasible,11,6,7,feasible,4,0,complete,12,complete,11,complete,11,complete,11
104811,2139,0,0,1,feasible,11,10,3,3,7,6,feasible,11,6,7,feasible,11,6,7,feasible,4,0,complete,16,complete,11,complete,11,complete,11
104860,2140,0,0,1,feasible,16,10,4,4,5,4,feasible,16,5,4,feasible,16,5,4,feasible,4,0,complete,16,complete,16,complete,16,complete,16
104909,2141,0,0,1,feasible,11,10,3,3,7,6,feasible,11,6,7,feasible,11,6,7,feasible,4,0,complete,16,complete,11,complete,11,complete,11
104958,2142,0,0,1,feasible,16,10,4,4,5,4,feasible,16,5,4,feasible,16,5,4,feasible,4,0,complete,16,complete,16,complete,16,complete,16
105007,2143,0,0,1,feasible,16,10,4,5,5,4,feasible,16,5,4,feasible,16,5,4,feasible,4,0,complete,16,complete,16,complete,16,complete,16
105056,2144,0,0,1,feasible,11,10,3,3,7,6,feasible,11,6,7,feasible,11,6,7,feasible,4,0,complete,12,complete,11,complete,12,complete,11
105105,2145,0,0,1,feasible,16,10,4,4,5,4,feasible,16,5,4,feasible,16,5,4,feasible,4,0,complete,16,complete,16,complete,16,complete,16
105154,2146,0,0,1,feasible,11,10,3,3,7,6,feasible,11,6,7,feasible,11,6,7,feasible,4,0,complete,12,complete,11,complete,11,complete,11
105203,2147,0,0,1,feasible,16,10,4,4,5,4,feasible,16,5,4,feasible,16,5,4,feasible,4,0,complete,16,complete,16,complete,16,complete,16
105252,2148,0,0,1,feasible,16,10,4,5,5,4,feasible,16,5,4,feasible,16,5,4,feasible,4,0,complete,16,complete,16,complete,16,complete,16
105301,2149,0,0,1,feasible,16,10,4,4,5,4,feasible,16,5,4,feasible,16,5,4,feasible,4,0,complete,16,complete,16,complete,16,complete,16
105350,2150,0,0,1,feasible,16,10,4,5,5,4,feasible,16,5,4,feasible,16,5,4,feasible,4,0,complete,16,complete,16,complete,16,complete,16
105399,2151,0,0,1,feasible,16,14,4,6,5,4,feasible,16,5,4,feasible,16,5,4,feasible,4,0,complete,16,complete,16,complete,16,complete,16
105449,2152,0,1,1,feasible,10,10,2,4,5,4,feasible,10,5,6,feasible,10,5,6,feasible,4,1,complete,12,complete,10,complete,11,complete,11
105498,2153,0,1,1,feasible,10,10,2,5,5,4,feasible,10,5,6,feasible,10,5,6,feasible,4,1,complete,16,complete,10,complete,15,complete,11
105547,2154,0,1,1,feasible,10,10,2,4,5,4,feasible,10,5,6,feasible,10,5,6,feasible,4,1,complete,12,complete,10,complete,10,complete,11
105596,2155,0,1,1,feasible,10,10,2,5,5,4,feasible,10,5,6,feasible,10,5,6,feasible,4,1,complete,16,complete,10,complete,10,complete,11
105645,2156,0,1,1,feasible,14,14,2,6,5,4,feasible,14,5,6,feasible,14,5,6,feasible,4,1,complete,16,complete,14,complete,14,complete,16
105694,2157,0,1,1,feasible,10,10,2,5,5,4,feasible,10,5,6,feasible,10,5,6,feasible,4,1,complete,16,complete,10,complete,10,complete,11
105743,2158,0,1,1,feasible,14,14,2,6,5,4,feasible,14,5,6,feasible,14,5,6,feasible,4,1,complete,16,complete,14,complete,14,complete,15
105798,2159,1,0,1,feasible,16,14,4,7,5,4,feasible,16,5,4,feasible,16,5,4,feasible,4,0,complete,16,complete,16,complete,16,complete,16
105841,2160,0,1,1,feasible,6,6,2,2,6,6,feasible,6,5,6,feasible,6,5,6,feasible,3,1,complete,7,complete,7,complete,7,complete,7
105890,2161,0,1,1,feasible,11,10,3,3,4,3,feasible,11,4,3,feasible,11,4,3,feasible,3,0,complete,11,complete,11,complete,11,complete,11
105938,2162,0,0,1,feasible,6,6,2,2,6,6,feasible,6,5,6,feasible,6,5,6,feasible,3,1,complete,7,complete,7,complete,7,complete,7
105987,2163,0,0,1,feasible,11,10,3,3,4,3,feasible,11,4,3,feasible,11,4,3,feasible,3,0,complete,11,complete,11,complete,11,complete,11
106036,2164,0,0,1,feasible,11,10,3,4,4,3,feasible,11,4,3,feasible,11,4,3,feasible,3,0,complete,11,complete,11,complete,11,complete,11
106085,2165,0,0,1,feasible,11,10,3,3,4,3,feasible,11,4,3,feasible,11,4,3,feasible,3,0,complete,11,complete,11,complete,11,complete,11
106134,2166,0,0,1,feasible,11,10,3,4,4,3,feasible,11,4,3,feasible,11,4,3,feasible,3,0,complete,11,complete,11,complete,11,complete,11
106190,2167,1,0,1,feasible,11,10,3,5,4,3,feasible,11,4,3,feasible,11,4,3,feasible,3,0,complete,11,complete,11,complete,11,complete,11
106232,2168,0,0,1,feasible,6,6,2,2,9,10,feasible,6,7,11,feasible,6,7,11,feasible,4,1,complete,8,complete,7,complete,7,complete,7
106281,2169,0,0,1,feasible,11,10,3,3,7,7,feasible,11,6,7,feasible,11,6,7,feasible,4,0,complete,12,complete,11,complete,11,complete,12
106330,2170,0,0,1,feasible,6,6,2,2,9,10,feasible,6,7,11,feasible,6,7,11,feasible,4,1,complete,8,complete,6,complete,7,complete,7
106379,2171,0,0,1,feasible,11,10,3,3,7,7,feasible,11,6,7,feasible,11,6,7,feasible,4,0,complete,12,complete,11,complete,11,complete,12
106428,2172,0,0,1,feasible,11,10,3,4,7,7,feasible,11,6,7,feasible,11,6,7,feasible,4,0,complete,12,complete,11,complete,11,complete,12
106477,2173,0,0,1,feasible,11,10,3,3,7,7,feasible,11,6,7,feasible,11,6,7,feasible,4,0,complete,12,complete,11,complete,12,complete,12
106526,2174,0,0,1,feasible,11,10,3,4,7,7,feasible,11,6,7,feasible,11,6,7,feasible,4,0,complete,12,complete,11,complete,12,complete,12
106576,2175,0,1,1,feasible,11,10,3,5,7,7,feasible,11,6,7,feasible,11,6,7,feasible,4,0,complete,12,complete,12,complete,12,complete,12
106624,2176,0,0,1,feasible,11,10,3,3,5,4,feasible,11,5,5,feasible,11,5,5,feasible,4,0,complete,12,complete,11,complete,11,complete,11
106673,2177,0,0,1,feasible,11,10,3,4,5,4,feasible,11,5,5,feasible,11,5,5,feasible,4,0,complete,16,complete,11,complete,11,complete,11
106722,2178,0,0,1,feasible,11,10,3,3,5,4,feasible,11,5,5,feasible,11,5,5,feasible,4,0,complete,12,complete,11,complete,11,complete,11
106771,2179,0,0,1,feasible,11,10,3,4,5,4,feasible,11,5,5,feasible,11,5,5,feasible,4,0,complete,16,complete,11,complete,11,complete,11
106827,2180,1,0,1,feasible,11,10,3,5,7,7,feasible,11,6,7,feasible,11,6,7,feasible,4,0,complete,16,complete,11,complete,11,complete,11
106869,2181,0,0,1,feasible,11,10,3,4,5,4,feasible,11,5,5,feasible,11,5,5,feasible,4,0,complete,16,complete,11,complete,16,complete,11
106925,2182,1,0,1,feasible,11,10,3,5,7,7,feasible,11,6,7,feasible,11,6,7,feasible,4,0,complete,16,complete,11,complete,16,complete,11
106968,2183,0,1,1,feasible,16,10,4,6,5,4,feasible,16,5,4,feasible,16,5,4,feasible,4,0,complete,16,complete,16,complete,16,complete,16
107016,2184,0,0,1,feasible,6,6,2,2,11,13,feasible,6,8,14,feasible,6,8,14,feasible,4,1,complete,8,complete,6,complete,7,complete,7
107065,2185,0,0,1,feasible,11,10,3,3,9,10,feasible,11,7,10,feasible,11,7,10,feasible,4,0,complete,12,complete,11,complete,11,complete,12
107114,2186,0,0,1,feasible,6,6,2,2,11,13,feasible,6,8,14,feasible,6,8,14,feasible,4,1,complete,8,complete,6,complete,7,complete,7
107163,2187,0,0,1,feasible,11,10,3,3,9,10,feasible,11,7,10,feasible,11,7,10,feasible,4,0,complete,12,complete,11,complete,11,complete,12
107212,2188,0,0,1,feasible,11,10,3,4,9,10,feasible,11,7,10,feasible,11,7,10,feasible,4,0,complete,12,complete,11,complete,11,complete,12
107261,2189,0,0,1,feasible,11,10,3,3,9,10,feasible,11,7,10,feasible,11,7,10,feasible,4,0,complete,12,complete,11,complete,11,complete,12
107310,2190,0,0,1,feasible,11,10,3,4,9,10,feasible,11,7,10,feasible,11,7,10,feasible,4,0,complete,12,complete,11,complete,11,complete,12
107359,2191,0,0,1,feasible,11,10,3,5,7,7,feasible,11,6,7,feasible,11,6,7,feasible,4,0,complete,12,complete,12,complete,12,complete,12
107408,2192,0,0,1,feasible,11,10,3,3,7,6,feasible,11,6,7,feasible,11,6,7,feasible,4,0,complete,12,complete,11,complete,11,complete,11
107457,2193,0,0,1,feasible,11,10,3,4,7,6,feasible,11,6,7,feasible,11,6,7,feasible,4,0,complete,16,complete,11,complete,11,complete,11
107506,2194,0,0,1,feasible,11,10,3,3,7,6,feasible,11,6,7,feasible,11,6,7,feasible,4,0,complete,12,complete,11,complete,11,complete,11
107555,2195,0,0,1,feasible,11,10,3,4,7,6,feasible,11,6,7,feasible,11,6,7,feasible,4,0,complete,16,complete,11,complete,11,complete,11
107604,2196,0,0,1,feasible,16,10,4,5,5,4,feasible,16,5,4,feasible,16,5,4,feasible,4,0,complete,16,complete,16,complete,16,complete,16
107653,2197,0,0,1,feasible,11,10,3,4,7,6,feasible,11,6,7,feasible,11,6,7,feasible,4,0,complete,16,complete,11,complete,11,complete,11
107702,2198,0,0,1,feasible,16,10,4,5,5,4,feasible,16,5,4,feasible,16,5,4,feasible,4,0,complete,16,complete,16,complete,16,complete,16
107751,2199,0,0,1,feasible,16,10,4,6,5,4,feasible,16,5,4,feasible,16,5,4,feasible,4,0,complete,16,complete,16,complete,16,complete,16
107800,2200,0,0,1,feasible,11,10,3,4,7,6,feasible,11,6,7,feasible,11,6,7,feasible,4,0,complete,12,complete,11,complete,11,complete,11
107849,2201,0,0,1,feasible,16,10,4,5,5,4,feasible,16,5,4,feasible,16,5,4,feasible,4,0,complete,16,complete,16,complete,16,complete,16
107898,2202,0,0,1,feasible,11,10,3,4,7,6,feasible,11,6,7,feasible,11,6,7,feasible,4,0,complete,12,complete,11,complete,11,complete,11
107947,2203,0,0,1,feasible,16,10,4,5,5,4,feasible,16,5,4,feasible,16,5,4,feasible,4,0,complete,16,complete,16,complete,16,complete,16
107996,2204,0,0,1,feasible,16,10,4,6,5,4,feasible,16,5,4,feasible,16,5,4,feasible,4,0,complete,16,complete,16,complete,16,complete,16
108045,2205,0,0,1,feasible,16,10,4,5,5,4,feasible,16,5,4,feasible,16,5,4,feasible,4,0,complete,16,complete,16,complete,16,complete,16
108094,2206,0,0,1,feasible,16,10,4,6,5,4,feasible,16,5,4,feasible,16,5,4,feasible,4,0,complete,16,complete,16,complete,16,complete,16
108143,2207,0,0,1,feasible,16,14,4,7,5,4,feasible,16,5,4,feasible,16,5,4,feasible,4,0,complete,16,complete,16,complete,16,complete,16
108192,2208,0,0,1,feasible,11,10,3,3,7,6,feasible,11,6,7,feasible,11,6,7,feasible,4,0,complete,12,complete,11,complete,12,complete,11
108241,2209,0,0,1,feasible,11,10,3,4,7,6,feasible,11,6,7,feasible,11,6,7,feasible,4,0,complete,16,complete,11,complete,16,complete,11
108290,2210,0,0,1,feasible,11,10,3,3,7,6,feasible,11,6,7,feasible,11,6,7,feasible,4,0,complete,12,complete,11,complete,11,complete,11
108339,2211,0,0,1,feasible,11,10,3,4,7,6,feasible,11,6,7,feasible,11,6,7,feasible,4,0,complete,16,complete,11,complete,11,complete,11
108388,2212,0,0,1,feasible,16,10,4,5,5,4,feasible,16,5,4,feasible,16,5,4,feasible,4,0,complete,16,complete,16,complete,16,complete,16
108437,2213,0,0,1,feasible,11,10,3,4,7,6,feasible,11,6,7,feasible,11,6,7,feasible,4,0,complete,16,complete,11,complete,11,complete,11
108486,2214,0,0,1,feasible,16,10,4,5,5,4,feasible,16,5,4,feasible,16,5,4,feasible,4,0,complete,16,complete,16,complete,16,complete,16
108535,2215,0,0,1,feasible,16,10,4,6,5,4,feasible,16,5,4,feasible,16,5,4,feasible,4,0,complete,16,complete,16,complete,16,complete,16
108584,2216,0,0,1,feasible,11,10,3,4,7,6,feasible,11,6,7,feasible,11,6,7,feasible,4,0,complete,12,complete,11,complete,12,complete,11
108633,2217,0,0,1,feasible,16,10,4,5,5,4,feasible,16,5,4,feasible,16,5,4,feasible,4,0,complete,16,complete,16,complete,16,complete,16
108682,2218,0,0,1,feasible,11,10,3,4,7,6,feasible,11,6,7,feasible,11,6,7,feasible,4,0,complete,12,complete,11,complete,11,complete,11
108731,2219,0,0,1,feasible,16,10,4,5,5,4,feasible,16,5,4,feasible,16,5,4,feasible,4,0,complete,16,complete,16,complete,16,complete,16
108780,2220,0,0,1,feasible,16,10,4,6,5,4,feasible,16,5,4,feasible,16,5,4,feasible,4,0,complete,16,complete,16,complete,16,complete,16
108829,2221,0,0,1,feasible,16,10,4,5,5,4,feasible,16,5,4,feasible,16,5,4,feasible,4,0,complete,16,complete,16,complete,16,complete,16
108878,2222,0,0,1,feasible,16,10,4,6,5,4,feasible,16,5,4,feasible,16,5,4,feasible,4,0,complete,16,complete,16,complete,16,complete,16
108927,2223,0,0,1,feasible,16,14,4,7,5,4,feasible,16,5,4,feasible,16,5,4,feasible,4,0,complete,16,complete,16,complete,16,complete,16
108983,2224,1,0,1,feasible,11,10,3,5,7,6,feasible,11,6,7,feasible,11,6,7,feasible,4,0,complete,12,complete,11,complete,12,complete,11
109032,2225,1,0,1,feasible,16,10,4,6,5,4,feasible,16,5,4,feasible,16,5,4,feasible,4,0,complete,16,complete,16,complete,16,complete,16
109081,2226,1,0,1,feasible,11,10,3,5,7,6,feasible,11,6,7,feasible,11,6,7,feasible,4,0,complete,12,complete,11,complete,11,complete,11
109130,2227,1,0,1,feasible,16,10,4,6,5,4,feasible,16,5,4,feasible,16,5,4,feasible,4,0,complete,16,complete,16,complete,16,complete,16
109179,2228,1,0,1,feasible,16,14,4,7,5,4,feasible,16,5,4,feasible,16,5,4,feasible,4,0,complete,16,complete,16,complete,16,complete,16
109228,2229,1,0,1,feasible,16,10,4,6,5,4,feasible,16,5,4,feasible,16,5,4,feasible,4,0,complete,16,complete,16,complete,16,complete,16
109277,2230,1,0,1,feasible,16,14,4,7,5,4,feasible,16,5,4,feasible,16,5,4,feasible,4,0,complete,16,complete,16,complete,16,complete,16
109326,2231,1,0,1,feasible,16,14,4,8,5,4,feasible,16,5,4,feasible,16,5,4,feasible,4,0,complete,16,complete,16,complete,16,complete,16
109370,2232,0,2,1,feasible,6,6,2,3,6,6,feasible,6,5,6,feasible,6,5,6,feasible,3,1,complete,7,complete,7,complete,7,complete,7
109419,2233,0,2,1,feasible,11,10,3,4,4,3,feasible,11,4,3,feasible,11,4,3,feasible,3,0,complete,11,complete,11,complete,11,complete,11
109467,2234,0,1,1,feasible,6,6,2,3,6,6,feasible,6,5,6,feasible,6,5,6,feasible,3,1,complete,7,complete,7,complete,7,complete,7
109516,2235,0,1,1,feasible,11,10,3,4,4,3,feasible,11,4,3,feasible,11,4,3,feasible,3,0,complete,11,complete,11,complete,11,complete,11
109565,2236,0,1,1,feasible,11,10,3,5,4,3,feasible,11,4,3,feasible,11,4,3,feasible,3,0,complete,11,complete,11,complete,11,complete,11
109613,2237,0,0,1,feasible,11,10,3,4,4,3,feasible,11,4,3,feasible,11,4,3,feasible,3,0,complete,11,complete,11,complete,11,complete,11
109662,2238,0,0,1,feasible,11,10,3,5,4,3,feasible,11,4,3,feasible,11,4,3,feasible,3,0,complete,11,complete,11,complete,11,complete,11
109718,2239,1,0,1,feasible,11,10,3,6,4,3,feasible,11,4,3,feasible,11,4,3,feasible,3,0,complete,11,complete,11,complete,11,complete,11
109761,2240,0,1,1,feasible,6,6,2,3,9,10,feasible,6,7,11,feasible,6,7,11,feasible,4,1,complete,8,complete,7,complete,7,complete,7
109810,2241,0,1,1,feasible,11,10,3,4,7,7,feasible,11,6,7,feasible,11,6,7,feasible,4,0,complete,12,complete,11,complete,11,complete,12
109858,2242,0,0,1,feasible,6,6,2,3,9,10,feasible,6,7,11,feasible,6,7,11,feasible,4,1,complete,8,complete,6,complete,7,complete,7
109907,2243,0,0,1,feasible,11,10,3,4,7,7,feasible,11,6,7,feasible,11,6,7,feasible,4,0,complete,12,complete,11,complete,11,complete,12
109956,2244,0,0,1,feasible,11,10,3,5,7,7,feasible,11,6,7,feasible,11,6,7,feasible,4,0,complete,12,complete,11,complete,11,complete,12
110005,2245,0,0,1,feasible,11,10,3,4,7,7,feasible,11,6,7,feasible,11,6,7,feasible,4,0,complete,12,complete,11,complete,12,complete,12
110054,2246,0,0,1,feasible,11,10,3,5,7,7,feasible,11,6,7,feasible,11,6,7,feasible,4,0,complete,12,complete,11,complete,12,complete,12
110110,2247,1,0,1,feasible,11,10,3,6,7,7,feasible,11,6,7,feasible,11,6,7,feasible,4,0,complete,12,complete,11,complete,12,complete,12
110153,2248,0,1,1,feasible,11,10,3,4,5,4,feasible,11,5,5,feasible,11,5,5,feasible,4,0,complete,12,complete,11,complete,11,complete,11
110202,2249,0,1,1,feasible,11,10,3,5,5,4,feasible,11,5,5,feasible,11,5,5,feasible,4,0,complete,16,complete,11,complete,11,complete,11
110250,2250,0,0,1,feasible,11,10,3,4,5,4,feasible,11,5,5,feasible,11,5,5,feasible,4,0,complete,12,complete,11,complete,11,complete,11
110299,2251,0,0,1,feasible,11,10,3,5,5,4,feasible,11,5,5,feasible,11,5,5,feasible,4,0,complete,16,complete,11,complete,11,complete,11
110355,2252,1,0,1,feasible,11,10,3,6,7,7,feasible,11,6,7,feasible,11,6,7,feasible,4,0,complete,16,complete,11,complete,11,complete,11
110397,2253,0,0,1,feasible,11,10,3,5,5,4,feasible,11,5,5,feasible,11,5,5,feasible,4,0,complete,16,complete,11,complete,16,complete,11
110453,2254,1,0,1,feasible,11,10,3,6,7,7,feasible,11,6,7,feasible,11,6,7,feasible,4,0,complete,16,complete,11,complete,16,complete,11
110509,2255,2,0,1,feasible,11,10,3,7,7,7,feasible,11,6,7,feasible,11,6,7,feasible,4,0,complete,16,complete,11,complete,16,complete,11
110544,2256,0,0,1,feasible,6,6,2,3,9,10,feasible,6,7,11,feasible,6,7,11,feasible,4,1,complete,8,complete,6,complete,7,complete,7
110593,2257,0,0,1,feasible,11,10,3,4,7,7,feasible,11,6,7,feasible,11,6,7,feasible,4,0,complete,12,complete,11,complete,11,complete,12
110642,2258,0,0,1,feasible,6,6,2,3,9,10,feasible,6,7,11,feasible,6,7,11,feasible,4,1,complete,8,complete,6,complete,7,complete,7
110691,2259,0,0,1,feasible,11,10,3,4,7,7,feasible,11,6,7,feasible,11,6,7,feasible,4,0,complete,12,complete,11,complete,11,complete,12
110740,2260,0,0,1,feasible,11,10,3,5,7,7,feasible,11,6,7,feasible,11,6,7,feasible,4,0,complete,12,complete,11,complete,11,complete,12
110789,2261,0,0,1,feasible,11,10,3,4,7,7,feasible,11,6,7,feasible,11,6,7,feasible,4,0,complete,12,complete,11,complete,11,complete,12
110838,2262,0,0,1,feasible,11,10,3,5,7,7,feasible,11,6,7,feasible,11,6,7,feasible,4,0,complete,12,complete,11,complete,11,complete,12
110888,2263,0,1,1,feasible,11,10,3,6,7,7,feasible,11,6,7,feasible,11,6,7,feasible,4,0,complete,12,complete,12,complete,12,complete,12
110936,2264,0,0,1,feasible,11,10,3,4,5,4,feasible,11,5,5,feasible,11,5,5,feasible,4,0,complete,12,complete,11,complete,11,complete,11
110985,2265,0,0,1,feasible,11,10,3,5,5,4,feasible,11,5,5,feasible,11,5,5,feasible,4,0,complete,16,complete,11,complete,11,complete,11
111034,2266,0,0,1,feasible,11,10,3,4,5,4,feasible,11,5,5,feasible,11,5,5,feasible,4,0,complete,12,complete,11,complete,11,complete,11
111083,2267,0,0,1,feasible,11,10,3,5,5,4,feasible,11,5,5,feasible,11,5,5,feasible,4,0,complete,16,complete,11,complete,11,complete,11
111139,2268,1,0,1,feasible,11,10,3,6,7,7,feasible,11,6,7,feasible,11,6,7,feasible,4,0,complete,16,complete,16,complete,11,complete,11
111181,2269,0,0,1,feasible,11,10,3,5,5,4,feasible,11,5,5,feasible,11,5,5,feasible,4,0,complete,16,complete,11,complete,11,complete,11
111237,2270,1,0,1,feasible,11,10,3,6,7,7,feasible,11,6,7,feasible,11,6,7,feasible,4,0,complete,16,complete,16,complete,11,complete,11
111280,2271,0,1,1,feasible,16,10,4,7,5,4,feasible,16,5,4,feasible,16,5,4,feasible,4,0,complete,16,complete,16,complete,16,complete,16
111328,2272,0,0,1,feasible,11,10,3,5,5,4,feasible,11,5,5,feasible,11,5,5,feasible,4,0,complete,12,complete,11,complete,11,complete,11
111384,2273,1,0,1,feasible,11,10,3,6,5,4,feasible,11,5,5,feasible,11,5,5,feasible,4,0,complete,16,complete,11,complete,11,complete,11
111426,2274,0,0,1,feasible,11,10,3,5,5,4,feasible,11,5,5,feasible,11,5,5,feasible,4,0,complete,12,complete,11,complete,11,complete,11
111482,2275,1,0,1,feasible,11,10,3,6,5,4,feasible,11,5,5,feasible,11,5,5,feasible,4,0,complete,16,complete,11,complete,11,complete,11
111525,2276,0,1,1,feasible,16,10,4,7,5,4,feasible,16,5,4,feasible,16,5,4,feasible,4,0,complete,16,complete,16,complete,16,complete,16
111580,2277,1,0,1,feasible,11,10,3,6,5,4,feasible,11,5,5,feasible,11,5,5,feasible,4,0,complete,16,complete,11,complete,11,complete,11
111623,2278,0,1,1,feasible,16,10,4,7,5,4,feasible,16,5,4,feasible,16,5,4,feasible,4,0,complete,16,complete,16,complete,16,complete,16
111672,2279,0,1,1,feasible,16,14,4,8,5,4,feasible,16,5,4,feasible,16,5,4,feasible,4,0,complete,16,complete,16,complete,16,complete,16
111720,2280,0,0,1,feasible,11,10,3,4,7,6,feasible,11,6,7,feasible,11,6,7,feasible,4,0,complete,12,complete,11,complete,12,complete,11
111769,2281,0,0,1,feasible,11,10,3,5,7,6,feasible,11,6,7,feasible,11,6,7,feasible,4,0,complete,16,complete,11,complete,16,complete,11
111818,2282,0,0,1,feasible,11,10,3,4,7,6,feasible,11,6,7,feasible,11,6,7,feasible,4,0,complete,12,complete,11,complete,11,complete,11
111867,2283,0,0,1,feasible,11,10,3,5,7,6,feasible,11,6,7,feasible,11,6,7,feasible,4,0,complete,16,complete,11,complete,11,complete,11
111916,2284,0,0,1,feasible,16,10,4,6,5,4,feasible,16,5,4,feasible,16,5,4,feasible,4,0,complete,16,complete,16,complete,16,complete,16
111965,2285,0,0,1,feasible,11,10,3,5,7,6,feasible,11,6,7,feasible,11,6,7,feasible,4,0,complete,16,complete,11,complete,11,complete,11
112014,2286,0,0,1,feasible,16,10,4,6,5,4,feasible,16,5,4,feasible,16,5,4,feasible,4,0,complete,16,complete,16,complete,16,complete,16
112063,2287,0,0,1,feasible,16,10,4,7,5,4,feasible,16,5,4,feasible,16,5,4,feasible,4,0,complete,16,complete,16,complete,16,complete,16
112112,2288,0,0,1,feasible,11,10,3,5,7,6,feasible,11,6,7,feasible,11,6,7,feasible,4,0,complete,12,complete,11,complete,12,complete,11
112161,2289,0,0,1,feasible,16,10,4,6,5,4,feasible,16,5,4,feasible,16,5,4,feasible,4,0,complete,16,complete,16,complete,16,complete,16
112210,2290,0,0,1,feasible,11,10,3,5,7,6,feasible,11,6,7,feasible,11,6,7,feasible,4,0,complete,12,complete,11,complete,11,complete,11
112259,2291,0,0,1,feasible,16,10,4,6,5,4,feasible,16,5,4,feasible,16,5,4,feasible,4,0,complete,16,complete,16,complete,16,complete,16
112308,2292,0,0,1,feasible,16,10,4,7,5,4,feasible,16,5,4,feasible,16,5,4,feasible,4,0,complete,16,complete,16,complete,16,complete,16
112357,2293,0,0,1,feasible,16,10,4,6,5,4,feasible,16,5,4,feasible,16,5,4,feasible,4,0,complete,16,complete,16,complete,16,complete,16
112406,2294,0,0,1,feasible,16,10,4,7,5,4,feasible,16,5,4,feasible,16,5,4,feasible,4,0,complete,16,complete,16,complete,16,complete,16
112455,2295,0,0,1,feasible,16,14,4,8,5,4,feasible,16,5,4,feasible,16,5,4,feasible,4,0,complete,16,complete,16,complete,16,complete,16
112511,2296,1,0,1,feasible,11,10,3,6,7,6,feasible,11,6,7,feasible,11,6,7,feasible,4,0,complete,12,complete,11,complete,12,complete,11
112560,2297,1,0,1,feasible,16,10,4,7,5,4,feasible,16,5,4,feasible,16,5,4,feasible,4,0,complete,16,complete,16,complete,16,complete,16
112609,2298,1,0,1,feasible,11,10,3,6,7,6,feasible,11,6,7,feasible,11,6,7,feasible,4,0,complete,12,complete,11,complete,11,complete,11
112658,2299,1,0,1,feasible,16,10,4,7,5,4,feasible,16,5,4,feasible,16,5,4,feasible,4,0,complete,16,complete,16,complete,16,complete,16
112707,2300,1,0,1,feasible,16,14,4,8,5,4,feasible,16,5,4,feasible,16,5,4,feasible,4,0,complete,16,complete,16,complete,16,complete,16
112756,2301,1,0,1,feasible,16,10,4,7,5,4,feasible,16,5,4,feasible,16,5,4,feasible,4,0,complete,16,complete,16,complete,16,complete,16
112805,2302,1,0,1,feasible,16,14,4,8,5,4,feasible,16,5,4,feasible,16,5,4,feasible,4,0,complete,16,complete,16,complete,16,complete,16
112854,2303,1,0,1,feasible,16,14,4,9,5,4,feasible,16,5,4,feasible,16,5,4,feasible,4,0,complete,16,complete,16,complete,16,complete,16
112896,2304,0,0,1,feasible,6,6,2,1,4,3,feasible,6,4,4,feasible,6,4,4,feasible,3,1,complete,7,complete,6,complete,6,complete,6
112946,2305,0,1,1,feasible,10,10,2,2,6,5,feasible,10,5,6,feasible,10,5,6,feasible,3,1,complete,11,complete,10,complete,10,complete,10
112994,2306,0,0,1,feasible,6,6,2,1,4,3,feasible,6,4,4,feasible,6,4,4,feasible,3,1,complete,7,complete,6,complete,6,complete,6
113044,2307,0,1,1,feasible,10,10,2,2,6,5,feasible,10,5,6,feasible,10,5,6,feasible,3,1,complete,11,complete,10,complete,10,complete,10
113093,2308,0,1,1,feasible,10,10,2,3,6,5,feasible,10,5,6,feasible,10,5,6,feasible,3,1,complete,11,complete,10,complete,10,complete,10
113142,2309,0,1,1,feasible,10,10,2,2,6,5,feasible,10,5,6,feasible,10,5,6,feasible,3,1,complete,11,complete,10,complete,10,complete,10
113191,2310,0,1,1,feasible,10,10,2,3,6,5,feasible,10,5,6,feasible,10,5,6,feasible,3,1,complete,11,complete,10,complete,10,complete,10
113240,2311,0,1,1,feasible,10,10,2,4,4,3,feasible,10,4,4,feasible,10,4,4,feasible,3,1,complete,11,complete,10,complete,10,complete,10
113288,2312,0,0,1,feasible,6,6,2,1,9,9,feasible,6,7,11,feasible,6,7,11,feasible,4,1,complete,8,complete,6,complete,6,complete,6
113337,2313,0,0,1,feasible,11,10,3,2,7,6,feasible,11,6,7,feasible,11,6,7,feasible,4,0,complete,12,complete,11,complete,11,complete,11
113386,2314,0,0,1,feasible,6,6,2,1,9,9,feasible,6,7,11,feasible,6,7,11,feasible,4,1,complete,8,complete,6,complete,6,complete,6
113435,2315,0,0,1,feasible,11,10,3,2,7,6,feasible,11,6,7,feasible,11,6,7,feasible,4,0,complete,12,complete,11,complete,11,complete,11
113484,2316,0,0,1,feasible,11,10,3,3,7,6,feasible,11,6,7,feasible,11,6,7,feasible,4,0,complete,12,complete,11,complete,11,complete,11
113533,2317,0,0,1,feasible,11,10,3,2,7,6,feasible,11,6,7,feasible,11,6,7,feasible,4,0,complete,12,complete,11,complete,11,complete,11
113582,2318,0,0,1,feasible,11,10,3,3,7,6,feasible,11,6,7,feasible,11,6,7,feasible,4,0,complete,12,complete,11,complete,11,complete,11
113631,2319,0,0,1,feasible,11,10,3,4,5,4,feasible,11,5,5,feasible,11,5,5,feasible,4,0,complete,12,complete,11,complete,11,complete,11
113681,2320,0,1,1,feasible,10,10,2,2,9,9,feasible,10,7,11,feasible,10,7,11,feasible,4,1,complete,12,complete,10,complete,10,complete,10
113730,2321,0,1,1,feasible,10,10,2,3,9,9,feasible,10,7,11,feasible,10,7,11,feasible,4,1,complete,16,complete,10,complete,10,complete,10
113779,2322,0,1,1,feasible,10,10,2,2,9,9,feasible,10,7,11,feasible,10,7,11,feasible,4,1,complete,12,complete,10,complete,10,complete,10
113828,2323,0,1,1,feasible,10,10,2,3,9,9,feasible,10,7,11,feasible,10,7,11,feasible,4,1,complete,16,complete,10,complete,10,complete,10
113877,2324,0,1,1,feasible,10,10,2,4,7,7,feasible,10,6,8,feasible,10,6,8,feasible,4,1,complete,16,complete,10,complete,10,complete,10
113926,2325,0,1,1,feasible,10,10,2,3,9,9,feasible,10,7,11,feasible,10,7,11,feasible,4,1,complete,16,complete,10,complete,15,complete,10
113975,2326,0,1,1,feasible,10,10,2,4,7,7,feasible,10,6,8,feasible,10,6,8,feasible,4,1,complete,16,complete,10,complete,15,complete,10
114030,2327,1,0,1,feasible,15,10,3,5,5,4,feasible,15,5,5,feasible,15,5,5,feasible,4,0,complete,16,complete,15,complete,15,complete,15
114072,2328,0,0,1,feasible,6,6,2,1,9,9,feasible,6,7,11,feasible,6,7,11,feasible,4,1,complete,8,complete,6,complete,6,complete,6
114121,2329,0,0,1,feasible,11,10,3,2,7,6,feasible,11,6,7,feasible,11,6,7,feasible,4,0,complete,12,complete,11,complete,11,complete,11
114170,2330,0,0,1,feasible,6,6,2,1,9,9,feasible,6,7,11,feasible,6,7,11,feasible,4,1,complete,8,complete,6,complete,6,complete,6
114219,2331,0,0,1,feasible,11,10,3,2,7,6,feasible,11,6,7,feasible,11,6,7,feasible,4,0,complete,12,complete,11,complete,11,complete,11
114268,2332,0,0,1,feasible,11,10,3,3,7,6,feasible,11,6,7,feasible,11,6,7,feasible,4,0,complete,12,complete,11,complete,11,complete,11
114317,2333,0,0,1,feasible,11,10,3,2,7,6,feasible,11,6,7,feasible,11,6,7,feasible,4,0,complete,12,complete,11,complete,11,complete,11
114366,2334,0,0,1,feasible,11,10,3,3,7,6,feasible,11,6,7,feasible,11,6,7,feasible,4,0,complete,12,complete,11,complete,11,complete,11
114415,2335,0,0,1,feasible,11,10,3,4,5,4,feasible,11,5,5,feasible,11,5,5,feasible,4,0,complete,12,complete,11,complete,11,complete,11
114465,2336,0,1,1,feasible,10,10,2,2,9,9,feasible,10,7,11,feasible,10,7,11,feasible,4,1,complete,12,complete,10,complete,10,complete,10
114514,2337,0,1,1,feasible,10,10,2,3,9,9,feasible,10,7,11,feasible,10,7,11,feasible,4,1,complete,16,complete,10,complete,10,complete,10
114563,2338,0,1,1,feasible,10,10,2,2,9,9,feasible,10,7,11,feasible,10,7,11,feasible,4,1,complete,12,complete,10,complete,10,complete,10
114612,2339,0,1,1,feasible,10,10,2,3,9,9,feasible,10,7,11,feasible,10,7,11,feasible,4,1,complete,16,complete,10,complete,10,complete,10
114661,2340,0,1,1,feasible,10,10,2,4,7,7,feasible,10,6,8,feasible,10,6,8,feasible,4,1,complete,16,complete,10,complete,10,complete,10
114710,2341,0,1,1,feasible,10,10,2,3,9,9,feasible,10,7,11,feasible,10,7,11,feasible,4,1,complete,16,complete,10,complete,10,complete,10
114759,2342,0,1,1,feasible,10,10,2,4,7,7,feasible,10,6,8,feasible,10,6,8,feasible,4,1,complete,16,complete,10,complete,10,complete,10
114814,2343,1,0,1,feasible,15,10,3,5,5,4,feasible,15,5,5,feasible,15,5,5,feasible,4,0,complete,16,complete,15,complete,15,complete,15
114857,2344,0,1,1,feasible,10,10,2,3,9,9,feasible,10,7,11,feasible,10,7,11,feasible,4,1,complete,12,complete,10,complete,10,complete,10
114906,2345,0,1,1,feasible,10,10,2,4,7,7,feasible,10,6,8,feasible,10,6,8,feasible,4,1,complete,16,complete,10,complete,10,complete,10
114955,2346,0,1,1,feasible,10,10,2,3,9,9,feasible,10,7,11,feasible,10,7,11,feasible,4,1,complete,12,complete,10,complete,10,complete,10
115004,2347,0,1,1,feasible,10,10,2,4,7,7,feasible,10,6,8,feasible,10,6,8,feasible,4,1,complete,16,complete,10,complete,10,complete,10
115060,2348,1,1,1,feasible,10,10,2,5,7,7,feasible,10,6,8,feasible,10,6,8,feasible,4,1,complete,16,complete,10,complete,10,complete,10
115102,2349,0,1,1,feasible,10,10,2,4,7,7,feasible,10,6,8,feasible,10,6,8,feasible,4,1,complete,16,complete,10,complete,10,complete,10
115158,2350,1,1,1,feasible,10,10,2,5,7,7,feasible,10,6,8,feasible,10,6,8,feasible,4,1,complete,16,complete,10,complete,10,complete,10
115213,2351,2,0,1,feasible,15,14,3,6,5,4,feasible,15,5,5,feasible,15,5,5,feasible,4,0,complete,16,complete,15,complete,15,complete,15
115249,2352,0,1,1,feasible,10,10,2,2,9,9,feasible,10,7,11,feasible,10,7,11,feasible,4,1,complete,12,complete,10,complete,11,complete,10
115298,2353,0,1,1,feasible,10,10,2,3,9,9,feasible,10,7,11,feasible,10,7,11,feasible,4,1,complete,16,complete,10,complete,15,complete,10
115347,2354,0,1,1,feasible,10,10,2,2,9,9,feasible,10,7,11,feasible,10,7,11,feasible,4,1,complete,12,complete,10,complete,10,complete,10
115396,2355,0,1,1,feasible,10,10,2,3,9,9,feasible,10,7,11,feasible,10,7,11,feasible,4,1,complete,16,complete,10,complete,10,complete,10
115445,2356,0,1,1,feasible,10,10,2,4,7,7,feasible,10,6,8,feasible,10,6,8,feasible,4,1,complete,16,complete,10,complete,10,complete,10
115494,2357,0,1,1,feasible,10,10,2,3,9,9,feasible,10,7,11,feasible,10,7,11,feasible,4,1,complete,16,complete,10,complete,10,complete,10
115543,2358,0,1,1,feasible,10,10,2,4,7,7,feasible,10,6,8,feasible,10,6,8,feasible,4,1,complete,16,complete,10,complete,10,complete,10
115598,2359,1,0,1,feasible,15,10,3,5,5,4,feasible,15,5,5,feasible,15,5,5,feasible,4,0,complete,16,complete,15,complete,15,complete,15
115641,2360,0,1,1,feasible,10,10,2,3,9,9,feasible,10,7,11,feasible,10,7,11,feasible,4,1,complete,12,complete,10,complete,11,complete,10
115690,2361,0,1,1,feasible,10,10,2,4,7,7,feasible,10,6,8,feasible,10,6,8,feasible,4,1,complete,16,complete,10,complete,15,complete,10
115739,2362,0,1,1,feasible,10,10,2,3,9,9,feasible,10,7,11,feasible,10,7,11,feasible,4,1,complete,12,complete,10,complete,10,complete,10
115788,2363,0,1,1,feasible,10,10,2,4,7,7,feasible,10,6,8,feasible,10,6,8,feasible,4,1,complete,16,complete,10,complete,10,complete,10
115844,2364,1,1,1,feasible,10,10,2,5,7,7,feasible,10,6,8,feasible,10,6,8,feasible,4,1,complete,16,complete,10,complete,10,complete,10
115886,2365,0,1,1,feasible,10,10,2,4,7,7,feasible,10,6,8,feasible,10,6,8,feasible,4,1,complete,16,complete,10,complete,10,complete,10
115942,2366,1,1,1,feasible,10,10,2,5,7,7,feasible,10,6,8,feasible,10,6,8,feasible,4,1,complete,16,complete,10,complete,10,complete,10
115997,2367,2,0,1,feasible,15,14,3,6,5,4,feasible,15,5,5,feasible,15,5,5,feasible,4,0,complete,16,complete,15,complete,15,complete,15
116033,2368,0,1,1,feasible,10,10,2,4,5,4,feasible,10,5,6,feasible,10,5,6,feasible,4,1,complete,12,complete,10,complete,11,complete,10
116089,2369,1,1,1,feasible,10,10,2,5,7,7,feasible,10,6,8,feasible,10,6,8,feasible,4,1,complete,16,complete,10,complete,15,complete,10
116131,2370,0,1,1,feasible,10,10,2,4,5,4,feasible,10,5,6,feasible,10,5,6,feasible,4,1,complete,12,complete,10,complete,10,complete,10
116187,2371,1,1,1,feasible,10,10,2,5,7,7,feasible,10,6,8,feasible,10,6,8,feasible,4,1,complete,16,complete,10,complete,10,complete,10
116243,2372,2,1,1,feasible,14,14,2,6,7,7,feasible,14,6,8,feasible,14,6,8,feasible,4,1,complete,16,complete,14,complete,14,complete,15
116285,2373,1,1,1,feasible,10,10,2,5,7,7,feasible,10,6,8,feasible,10,6,8,feasible,4,1,complete,16,complete,10,complete,10,complete,10
116341,2374,2,1,1,feasible,14,14,2,6,7,7,feasible,14,6,8,feasible,14,6,8,feasible,4,1,complete,16,complete,14,complete,14,complete,14
116396,2375,3,0,1,feasible,15,14,3,7,5,4,feasible,15,5,5,feasible,15,5,5,feasible,4,0,complete,16,complete,15,complete,15,complete,15
116425,2376,0,1,1,feasible,6,6,2,2,6,6,feasible,6,5,6,feasible,6,5,6,feasible,3,1,complete,11,complete,11,complete,11,complete,6
116474,2377,0,1,1,feasible,15,10,3,3,4,3,feasible,15,4,3,feasible,15,4,3,feasible,3,0,complete,15,complete,15,complete,15,complete,15
116522,2378,0,0,1,feasible,6,6,2,2,4,3,feasible,6,4,4,feasible,6,4,4,feasible,3,1,complete,11,complete,6,complete,6,complete,6
116578,2379,1,0,1,feasible,10,10,2,3,4,3,feasible,10,4,4,feasible,10,4,4,feasible,3,1,complete,15,complete,10,complete,10,complete,10
116621,2380,0,1,1,feasible,15,10,3,4,4,3,feasible,15,4,3,feasible,15,4,3,feasible,3,0,complete,15,complete,15,complete,15,complete,15
116676,2381,1,0,1,feasible,10,10,2,3,4,3,feasible,10,4,4,feasible,10,4,4,feasible,3,1,complete,15,complete,10,complete,10,complete,10
116719,2382,0,1,1,feasible,15,10,3,4,4,3,feasible,15,4,3,feasible,15,4,3,feasible,3,0,complete,15,complete,15,complete,15,complete,15
116769,2383,0,2,1,feasible,10,10,2,5,4,3,feasible,10,4,4,feasible,10,4,4,feasible,3,1,complete,15,complete,10,complete,10,complete,10
116816,2384,0,0,1,feasible,6,6,2,2,7,7,feasible,6,6,8,feasible,6,6,8,feasible,4,1,complete,12,complete,6,complete,6,complete,6
116865,2385,0,0,1,feasible,16,10,4,3,5,4,feasible,16,5,4,feasible,16,5,4,feasible,4,0,complete,16,complete,16,complete,16,complete,16
116914,2386,0,0,1,feasible,6,6,2,2,7,7,feasible,6,6,8,feasible,6,6,8,feasible,4,1,complete,12,complete,6,complete,6,complete,6
116963,2387,0,0,1,feasible,16,10,4,3,5,4,feasible,16,5,4,feasible,16,5,4,feasible,4,0,complete,16,complete,16,complete,16,complete,16
117012,2388,0,0,1,feasible,16,10,4,4,5,4,feasible,16,5,4,feasible,16,5,4,feasible,4,0,complete,16,complete,16,complete,16,complete,16
117061,2389,0,0,1,feasible,16,10,4,3,5,4,feasible,16,5,4,feasible,16,5,4,feasible,4,0,complete,16,complete,16,complete,16,complete,16
117110,2390,0,0,1,feasible,16,10,4,4,5,4,feasible,16,5,4,feasible,16,5,4,feasible,4,0,complete,16,complete,16,complete,16,complete,16
117160,2391,0,1,1,feasible,11,10,3,5,7,7,feasible,11,6,7,feasible,11,6,7,feasible,4,0,complete,16,complete,16,complete,16,complete,11
117215,2392,1,0,1,feasible,10,10,2,3,7,7,feasible,10,6,8,feasible,10,6,8,feasible,4,1,complete,16,complete,10,complete,10,complete,10
117258,2393,0,1,1,feasible,15,10,3,4,7,6,feasible,15,6,7,feasible,15,6,7,feasible,4,0,complete,20,complete,15,complete,15,complete,15
117313,2394,1,0,1,feasible,10,10,2,3,7,7,feasible,10,6,8,feasible,10,6,8,feasible,4,1,complete,16,complete,10,complete,10,complete,10
117356,2395,0,1,1,feasible,15,10,3,4,7,6,feasible,15,6,7,feasible,15,6,7,feasible,4,0,complete,20,complete,15,complete,15,complete,15
117405,2396,0,1,1,feasible,20,10,4,5,5,4,feasible,20,5,4,feasible,20,5,4,feasible,4,0,complete,20,complete,20,complete,20,complete,20
117454,2397,0,1,1,feasible,15,10,3,4,7,6,feasible,15,6,7,feasible,15,6,7,feasible,4,0,complete,20,complete,15,complete,20,complete,15
117503,2398,0,1,1,feasible,20,10,4,5,5,4,feasible,20,5,4,feasible,20,5,4,feasible,4,0,complete,20,complete,20,complete,20,complete,20
117559,2399,1,1,1,feasible,15,10,3,6,7,7,feasible,15,6,7,feasible,15,6,7,feasible,4,0,complete,20,complete,20,complete,20,complete,20
117600,2400,0,0,1,feasible,6,6,2,2,9,9,feasible,6,7,11,feasible,6,7,11,feasible,4,1,complete,12,complete,6,complete,6,complete,6
117649,2401,0,0,1,feasible,11,10,3,3,7,6,feasible,11,6,7,feasible,11,6,7,feasible,4,0,complete,16,complete,11,complete,11,complete,11
117698,2402,0,0,1,feasible,6,6,2,2,9,9,feasible,6,7,11,feasible,6,7,11,feasible,4,1,complete,12,complete,6,complete,6,complete,6
117747,2403,0,0,1,feasible,11,10,3,3,7,6,feasible,11,6,7,feasible,11,6,7,feasible,4,0,complete,16,complete,11,complete,11,complete,11
117796,2404,0,0,1,feasible,11,10,3,4,7,6,feasible,11,6,7,feasible,11,6,7,feasible,4,0,complete,16,complete,11,complete,11,complete,11
117845,2405,0,0,1,feasible,11,10,3,3,7,6,feasible,11,6,7,feasible,11,6,7,feasible,4,0,complete,16,complete,11,complete,11,complete,11
117894,2406,0,0,1,feasible,11,10,3,4,7,6,feasible,11,6,7,feasible,11,6,7,feasible,4,0,complete,16,complete,11,complete,11,complete,11
117943,2407,0,0,1,feasible,11,10,3,5,5,4,feasible,11,5,5,feasible,11,5,5,feasible,4,0,complete,16,complete,11,complete,11,complete,11
117999,2408,1,0,1,feasible,10,10,2,3,9,9,feasible,10,7,11,feasible,10,7,11,feasible,4,1,complete,16,complete,10,complete,10,complete,10
118042,2409,0,1,1,feasible,15,10,3,4,7,6,feasible,15,6,7,feasible,15,6,7,feasible,4,0,complete,20,complete,15,complete,15,complete,15
118097,2410,1,0,1,feasible,10,10,2,3,9,9,feasible,10,7,11,feasible,10,7,11,feasible,4,1,complete,16,complete,10,complete,10,complete,10
118140,2411,0,1,1,feasible,15,10,3,4,7,6,feasible,15,6,7,feasible,15,6,7,feasible,4,0,complete,20,complete,15,complete,15,complete,15
118195,2412,1,0,1,feasible,15,10,3,5,7,6,feasible,15,6,7,feasible,15,6,7,feasible,4,0,complete,20,complete,15,complete,15,complete,15
118238,2413,0,1,1,feasible,15,10,3,4,7,6,feasible,15,6,7,feasible,15,6,7,feasible,4,0,complete,20,complete,15,complete,15,complete,15
118293,2414,1,0,1,feasible,15,10,3,5,7,6,feasible,15,6,7,feasible,15,6,7,feasible,4,0,complete,20,complete,15,complete,15,complete,15
118342,2415,1,0,1,feasible,15,10,3,6,5,4,feasible,15,5,5,feasible,15,5,5,feasible,4,0,complete,20,complete,15,complete,15,complete,15
118385,2416,0,1,1,feasible,15,10,3,4,7,6,feasible,15,6,7,feasible,15,6,7,feasible,4,0,complete,16,complete,15,complete,15,complete,15
118434,2417,0,1,1,feasible,20,10,4,5,5,4,feasible,20,5,4,feasible,20,5,4,feasible,4,0,complete,20,complete,20,complete,20,complete,20
118483,2418,0,1,1,feasible,15,10,3,4,7,6,feasible,15,6,7,feasible,15,6,7,feasible,4,0,complete,16,complete,15,complete,15,complete,15
118532,2419,0,1,1,feasible,20,10,4,5,5,4,feasible,20,5,4,feasible,20,5,4,feasible,4,0,complete,20,complete,20,complete,20,complete,20
118594,2420,2,0,1,feasible,15,10,3,6,7,6,feasible,15,6,7,feasible,15,6,7,feasible,4,0,complete,20,complete,15,complete,15,complete,15
118630,2421,0,1,1,feasible,20,10,4,5,5,4,feasible,20,5,4,feasible,20,5,4,feasible,4,0,complete,20,complete,20,complete,20,complete,20
118692,2422,2,0,1,feasible,15,10,3,6,7,6,feasible,15,6,7,feasible,15,6,7,feasible,4,0,complete,20,complete,15,complete,15,complete,15
118741,2423,2,0,1,feasible,15,14,3,7,5,4,feasible,15,5,5,feasible,15,5,5,feasible,4,0,complete,20,complete,15,complete,15,complete,15
118783,2424,1,0,1,feasible,10,10,2,3,9,9,feasible,10,7,11,feasible,10,7,11,feasible,4,1,complete,16,complete,10,complete,11,complete,10
118826,2425,0,1,1,feasible,15,10,3,4,7,6,feasible,15,6,7,feasible,15,6,7,feasible,4,0,complete,20,complete,15,complete,20,complete,15
118881,2426,1,0,1,feasible,10,10,2,3,9,9,feasible,10,7,11,feasible,10,7,11,feasible,4,1,complete,16,complete,10,complete,10,complete,10
118924,2427,0,1,1,feasible,15,10,3,4,7,6,feasible,15,6,7,feasible,15,6,7,feasible,4,0,complete,20,complete,15,complete,15,complete,15
118979,2428,1,0,1,feasible,15,10,3,5,7,6,feasible,15,6,7,feasible,15,6,7,feasible,4,0,complete,20,complete,15,complete,15,complete,15
119022,2429,0,1,1,feasible,15,10,3,4,7,6,feasible,15,6,7,feasible,15,6,7,feasible,4,0,complete,20,complete,15,complete,15,complete,15
119077,2430,1,0,1,feasible,15,10,3,5,7,6,feasible,15,6,7,feasible,15,6,7,feasible,4,0,complete,20,complete,15,complete,15,complete,15
119126,2431,1,0,1,feasible,15,10,3,6,5,4,feasible,15,5,5,feasible,15,5,5,feasible,4,0,complete,20,complete,15,complete,15,complete,15
119169,2432,0,1,1,feasible,15,10,3,4,7,6,feasible,15,6,7,feasible,15,6,7,feasible,4,0,complete,16,complete,15,complete,16,complete,15
119218,2433,0,1,1,feasible,20,10,4,5,5,4,feasible,20,5,4,feasible,20,5,4,feasible,4,0,complete,20,complete,20,complete,20,complete,20
119267,2434,0,1,1,feasible,15,10,3,4,7,6,feasible,15,6,7,feasible,15,6,7,feasible,4,0,complete,16,complete,15,complete,15,complete,15
119316,2435,0,1,1,feasible,20,10,4,5,5,4,feasible,20,5,4,feasible,20,5,4,feasible,4,0,complete,20,complete,20,complete,20,complete,20
119378,2436,2,0,1,feasible,15,10,3,6,7,6,feasible,15,6,7,feasible,15,6,7,feasible,4,0,complete,20,complete,15,complete,15,complete,15
119414,2437,0,1,1,feasible,20,10,4,5,5,4,feasible,20,5,4,feasible,20,5,4,feasible,4,0,complete,20,complete,20,complete,20,complete,20
119476,2438,2,0,1,feasible,15,10,3,6,7,6,feasible,15,6,7,feasible,15,6,7,feasible,4,0,complete,20,complete,15,complete,15,complete,15
119525,2439,2,0,1,feasible,15,14,3,7,5,4,feasible,15,5,5,feasible,15,5,5,feasible,4,0,complete,20,complete,15,complete,15,complete,15
119562,2440,0,2,1,feasible,10,10,2,5,5,4,feasible,10,5,6,feasible,10,5,6,feasible,4,1,complete,16,complete,10,complete,11,complete,10
119617,2441,1,1,1,feasible,20,10,4,6,5,4,feasible,20,5,4,feasible,20,5,4,feasible,4,0,complete,20,complete,20,complete,20,complete,20
119660,2442,0,2,1,feasible,10,10,2,5,5,4,feasible,10,5,6,feasible,10,5,6,feasible,4,1,complete,16,complete,10,complete,10,complete,10
119715,2443,1,1,1,feasible,20,10,4,6,5,4,feasible,20,5,4,feasible,20,5,4,feasible,4,0,complete,20,complete,20,complete,20,complete,20
119777,2444,3,0,1,feasible,15,14,3,7,7,6,feasible,15,6,7,feasible,15,6,7,feasible,4,0,complete,20,complete,15,complete,15,complete,15
119813,2445,1,1,1,feasible,20,10,4,6,5,4,feasible,20,5,4,feasible,20,5,4,feasible,4,0,complete,20,complete,20,complete,20,complete,20
119875,2446,3,0,1,feasible,15,14,3,7,7,6,feasible,15,6,7,feasible,15,6,7,feasible,4,0,complete,20,complete,15,complete,15,complete,15
119924,2447,3,0,1,feasible,15,14,3,8,5,4,feasible,15,5,5,feasible,15,5,5,feasible,4,0,complete,20,complete,15,complete,15,complete,15
119952,2448,0,0,1,feasible,6,6,2,1,4,3,feasible,6,4,4,feasible,6,4,4,feasible,3,1,complete,7,complete,6,complete,6,complete,6
120002,2449,0,1,1,feasible,10,10,2,2,6,5,feasible,10,5,6,feasible,10,5,6,feasible,3,1,complete,11,complete,10,complete,10,complete,10
120050,2450,0,0,1,feasible,6,6,2,1,4,3,feasible,6,4,4,feasible,6,4,4,feasible,3,1,complete,7,complete,6,complete,6,complete,6
120100,2451,0,1,1,feasible,10,10,2,2,6,5,feasible,10,5,6,feasible,10,5,6,feasible,3,1,complete,11,complete,10,complete,10,complete,10
120149,2452,0,1,1,feasible,10,10,2,3,6,5,feasible,10,5,6,feasible,10,5,6,feasible,3,1,complete,11,complete,10,complete,10,complete,10
120198,2453,0,1,1,feasible,10,10,2,2,6,5,feasible,10,5,6,feasible,10,5,6,feasible,3,1,complete,11,complete,10,complete,10,complete,10
120247,2454,0,1,1,feasible,10,10,2,3,6,5,feasible,10,5,6,feasible,10,5,6,feasible,3,1,complete,11,complete,10,complete,10,complete,10
120296,2455,0,1,1,feasible,10,10,2,4,4,3,feasible,10,4,4,feasible,10,4,4,feasible,3,1,complete,11,complete,10,complete,10,complete,10
120344,2456,0,0,1,feasible,6,6,2,1,9,9,feasible,6,7,11,feasible,6,7,11,feasible,4,1,complete,8,complete,6,complete,6,complete,6
120393,2457,0,0,1,feasible,11,10,3,2,7,6,feasible,11,6,7,feasible,11,6,7,feasible,4,0,complete,12,complete,11,complete,11,complete,11
120442,2458,0,0,1,feasible,6,6,2,1,9,9,feasible,6,7,11,feasible,6,7,11,feasible,4,1,complete,8,complete,6,complete,6,complete,6
120491,2459,0,0,1,feasible,11,10,3,2,7,6,feasible,11,6,7,feasible,11,6,7,feasible,4,0,complete,12,complete,11,complete,11,complete,11
120540,2460,0,0,1,feasible,11,10,3,3,7,6,feasible,11,6,7,feasible,11,6,7,feasible,4,0,complete,12,complete,11,complete,11,complete,11
120589,2461,0,0,1,feasible,11,10,3,2,7,6,feasible,11,6,7,feasible,11,6,7,feasible,4,0,complete,12,complete,11,complete,11,complete,11
120638,2462,0,0,1,feasible,11,10,3,3,7,6,feasible,11,6,7,feasible,11,6,7,feasible,4,0,complete,12,complete,11,complete,11,complete,11
120687,2463,0,0,1,feasible,11,10,3,4,5,4,feasible,11,5,5,feasible,11,5,5,feasible,4,0,complete,12,complete,11,complete,11,complete,11
120737,2464,0,1,1,feasible,10,10,2,2,9,9,feasible,10,7,11,feasible,10,7,11,feasible,4,1,complete,12,complete,10,complete,10,complete,10
120786,2465,0,1,1,feasible,10,10,2,3,9,9,feasible,10,7,11,feasible,10,7,11,feasible,4,1,complete,16,complete,10,complete,10,complete,10
120835,2466,0,1,1,feasible,10,10,2,2,9,9,feasible,10,7,11,feasible,10,7,11,feasible,4,1,complete,12,complete,10,complete,10,complete,10
120884,2467,0,1,1,feasible,10,10,2,3,9,9,feasible,10,7,11,feasible,10,7,11,feasible,4,1,complete,16,complete,10,complete,10,complete,10
120933,2468,0,1,1,feasible,10,10,2,4,7,7,feasible,10,6,8,feasible,10,6,8,feasible,4,1,complete,16,complete,10,complete,10,complete,10
120982,2469,0,1,1,feasible,10,10,2,3,9,9,feasible,10,7,11,feasible,10,7,11,feasible,4,1,complete,16,complete,10,complete,15,complete,10
121031,2470,0,1,1,feasible,10,10,2,4,7,7,feasible,10,6,8,feasible,10,6,8,feasible,4,1,complete,16,complete,10,complete,15,complete,10
121080,2471,0,1,1,feasible,10,10,2,5,7,7,feasible,10,6,8,feasible,10,6,8,feasible,4,1,complete,16,complete,10,complete,15,complete,10
121128,2472,0,0,1,feasible,6,6,2,1,9,9,feasible,6,7,11,feasible,6,7,11,feasible,4,1,complete,8,complete,6,complete,6,complete,6
121177,2473,0,0,1,feasible,11,10,3,2,7,6,feasible,11,6,7,feasible,11,6,7,feasible,4,0,complete,12,complete,11,complete,11,complete,11
121226,2474,0,0,1,feasible,6,6,2,1,9,9,feasible,6,7,11,feasible,6,7,11,feasible,4,1,complete,8,complete,6,complete,6,complete,6
121275,2475,0,0,1,feasible,11,10,3,2,7,6,feasible,11,6,7,feasible,11,6,7,feasible,4,0,complete,12,complete,11,complete,11,complete,11
121324,2476,0,0,1,feasible,11,10,3,3,7,6,feasible,11,6,7,feasible,11,6,7,feasible,4,0,complete,12,complete,11,complete,11,complete,11
121373,2477,0,0,1,feasible,11,10,3,2,7,6,feasible,11,6,7,feasible,11,6,7,feasible,4,0,complete,12,complete,11,complete,11,complete,11
121422,2478,0,0,1,feasible,11,10,3,3,7,6,feasible,11,6,7,feasible,11,6,7,feasible,4,0,complete,12,complete,11,complete,11,complete,11
121471,2479,0,0,1,feasible,11,10,3,4,5,4,feasible,11,5,5,feasible,11,5,5,feasible,4,0,complete,12,complete,11,complete,11,complete,11
121521,2480,0,1,1,feasible,10,10,2,2,9,9,feasible,10,7,11,feasible,10,7,11,feasible,4,1,complete,12,complete,10,complete,10,complete,10
121570,2481,0,1,1,feasible,10,10,2,3,9,9,feasible,10,7,11,feasible,10,7,11,feasible,4,1,complete,16,complete,10,complete,10,complete,10
121619,2482,0,1,1,feasible,10,10,2,2,9,9,feasible,10,7,11,feasible,10,7,11,feasible,4,1,complete,12,complete,10,complete,10,complete,10
121668,2483,0,1,1,feasible,10,10,2,3,9,9,feasible,10,7,11,feasible,10,7,11,feasible,4,1,complete,16,complete,10,complete,10,complete,10
121717,2484,0,1,1,feasible,10,10,2,4,7,7,feasible,10,6,8,feasible,10,6,8,feasible,4,1,complete,16,complete,10,complete,10,complete,10
121766,2485,0,1,1,feasible,10,10,2,3,9,9,feasible,10,7,11,feasible,10,7,11,feasible,4,1,complete,16,complete,10,complete,10,complete,10
121815,2486,0,1,1,feasible,10,10,2,4,7,7,feasible,10,6,8,feasible,10,6,8,feasible,4,1,complete,16,complete,10,complete,10,complete,10
121864,2487,0,1,1,feasible,10,10,2,5,7,7,feasible,10,6,8,feasible,10,6,8,feasible,4,1,complete,16,complete,10,complete,10,complete,10
121913,2488,0,1,1,feasible,10,10,2,3,9,9,feasible,10,7,11,feasible,10,7,11,feasible,4,1,complete,12,complete,10,complete,10,complete,10
121962,2489,0,1,1,feasible,10,10,2,4,7,7,feasible,10,6,8,feasible,10,6,8,feasible,4,1,complete,16,complete,10,complete,10,complete,10
122011,2490,0,1,1,feasible,10,10,2,3,9,9,feasible,10,7,11,feasible,10,7,11,feasible,4,1,complete,12,complete,10,complete,10,complete,10
122060,2491,0,1,1,feasible,10,10,2,4,7,7,feasible,10,6,8,feasible,10,6,8,feasible,4,1,complete,16,complete,10,complete,10,complete,10
122109,2492,0,1,1,feasible,10,10,2,5,7,7,feasible,10,6,8,feasible,10,6,8,feasible,4,1,complete,16,complete,10,complete,10,complete,10
122158,2493,0,1,1,feasible,10,10,2,4,7,7,feasible,10,6,8,feasible,10,6,8,feasible,4,1,complete,16,complete,10,complete,10,complete,10
122207,2494,0,1,1,feasible,10,10,2,5,7,7,feasible,10,6,8,feasible,10,6,8,feasible,4,1,complete,16,complete,10,complete,10,complete,10
122263,2495,1,1,1,feasible,14,14,2,6,7,7,feasible,14,6,8,feasible,14,6,8,feasible,4,1,complete,16,complete,14,complete,14,complete,14
122305,2496,0,1,1,feasible,10,10,2,2,9,9,feasible,10,7,11,feasible,10,7,11,feasible,4,1,complete,12,complete,10,complete,11,complete,10
122354,2497,0,1,1,feasible,10,10,2,3,9,9,feasible,10,7,11,feasible,10,7,11,feasible,4,1,complete,16,complete,10,complete,15,complete,10
122403,2498,0,1,1,feasible,10,10,2,2,9,9,feasible,10,7,11,feasible,10,7,11,feasible,4,1,complete,12,complete,10,complete,10,complete,10
122452,2499,0,1,1,feasible,10,10,2,3,9,9,feasible,10,7,11,feasible,10,7,11,feasible,4,1,complete,16,complete,10,complete,10,complete,10
122501,2500,0,1,1,feasible,10,10,2,4,7,7,feasible,10,6,8,feasible,10,6,8,feasible,4,1,complete,16,complete,10,complete,10,complete,10
122550,2501,0,1,1,feasible,10,10,2,3,9,9,feasible,10,7,11,feasible,10,7,11,feasible,4,1,complete,16,complete,10,complete,10,complete,10
122599,2502,0,1,1,feasible,10,10,2,4,7,7,feasible,10,6,8,feasible,10,6,8,feasible,4,1,complete,16,complete,10,complete,10,complete,10
122648,2503,0,1,1,feasible,10,10,2,5,7,7,feasible,10,6,8,feasible,10,6,8,feasible,4,1,complete,16,complete,10,complete,10,complete,10
122697,2504,0,1,1,feasible,10,10,2,3,9,9,feasible,10,7,11,feasible,10,7,11,feasible,4,1,complete,12,complete,10,complete,11,complete,10
122746,2505,0,1,1,feasible,10,10,2,4,7,7,feasible,10,6,8,feasible,10,6,8,feasible,4,1,complete,16,complete,10,complete,15,complete,10
122795,2506,0,1,1,feasible,10,10,2,3,9,9,feasible,10,7,11,feasible,10,7,11,feasible,4,1,complete,12,complete,10,complete,10,complete,10
122844,2507,0,1,1,feasible,10,10,2,4,7,7,feasible,10,6,8,feasible,10,6,8,feasible,4,1,complete,16,complete,10,complete,10,complete,10
122893,2508,0,1,1,feasible,10,10,2,5,7,7,feasible,10,6,8,feasible,10,6,8,feasible,4,1,complete,16,complete,10,complete,10,complete,10
122942,2509,0,1,1,feasible,10,10,2,4,7,7,feasible,10,6,8,feasible,10,6,8,feasible,4,1,complete,16,complete,10,complete,10,complete,10
122991,2510,0,1,1,feasible,10,10,2,5,7,7,feasible,10,6,8,feasible,10,6,8,feasible,4,1,complete,16,complete,10,complete,10,complete,10
123047,2511,1,1,1,feasible,14,14,2,6,7,7,feasible,14,6,8,feasible,14,6,8,feasible,4,1,complete,16,complete,14,complete,14,complete,14
123089,2512,0,1,1,feasible,10,10,2,4,5,4,feasible,10,5,6,feasible,10,5,6,feasible,4,1,complete,12,complete,10,complete,11,complete,10
123138,2513,0,1,1,feasible,10,10,2,5,5,4,feasible,10,5,6,feasible,10,5,6,feasible,4,1,complete,16,complete,10,complete,15,complete,10
123187,2514,0,1,1,feasible,10,10,2,4,5,4,feasible,10,5,6,feasible,10,5,6,feasible,4,1,complete,12,complete,10,complete,10,complete,10
123236,2515,0,1,1,feasible,10,10,2,5,5,4,feasible,10,5,6,feasible,10,5,6,feasible,4,1,complete,16,complete,10,complete,10,complete,10
123292,2516,1,1,1,feasible,14,14,2,6,7,7,feasible,14,6,8,feasible,14,6,8,feasible,4,1,complete,16,complete,14,complete,14,complete,15
123334,2517,0,1,1,feasible,10,10,2,5,5,4,feasible,10,5,6,feasible,10,5,6,feasible,4,1,complete,16,complete,10,complete,10,complete,10
123390,2518,1,1,1,feasible,14,14,2,6,7,7,feasible,14,6,8,feasible,14,6,8,feasible,4,1,complete,16,complete,14,complete,14,complete,14
123446,2519,2,1,1,feasible,14,14,2,7,7,7,feasible,14,6,8,feasible,14,6,8,feasible,4,1,complete,16,complete,14,complete,14,complete,14
123481,2520,0,1,1,feasible,6,6,2,2,6,6,feasible,6,5,6,feasible,6,5,6,feasible,3,1,complete,11,complete,11,complete,11,complete,6
123530,2521,0,1,1,feasible,15,10,3,3,4,3,feasible,15,4,3,feasible,15,4,3,feasible,3,0,complete,15,complete,15,complete,15,complete,15
123578,2522,0,0,1,feasible,6,6,2,2,4,3,feasible,6,4,4,feasible,6,4,4,feasible,3,1,complete,11,complete,6,complete,6,complete,6
123634,2523,1,0,1,feasible,10,10,2,3,4,3,feasible,10,4,4,feasible,10,4,4,feasible,3,1,complete,15,complete,10,complete,10,complete,10
123677,2524,0,1,1,feasible,15,10,3,4,4,3,feasible,15,4,3,feasible,15,4,3,feasible,3,0,complete,15,complete,15,complete,15,complete,15
123732,2525,1,0,1,feasible,10,10,2,3,4,3,feasible,10,4,4,feasible,10,4,4,feasible,3,1,complete,15,complete,10,complete,10,complete,10
123775,2526,0,1,1,feasible,15,10,3,4,4,3,feasible,15,4,3,feasible,15,4,3,feasible,3,0,complete,15,complete,15,complete,15,complete,15
123825,2527,0,2,1,feasible,10,10,2,5,4,3,feasible,10,4,4,feasible,10,4,4,feasible,3,1,complete,15,complete,10,complete,10,complete,10
123872,2528,0,0,1,feasible,6,6,2,2,7,7,feasible,6,6,8,feasible,6,6,8,feasible,4,1,complete,12,complete,6,complete,6,complete,6
123921,2529,0,0,1,feasible,16,10,4,3,5,4,feasible,16,5,4,feasible,16,5,4,feasible,4,0,complete,16,complete,16,complete,16,complete,16
123970,2530,0,0,1,feasible,6,6,2,2,7,7,feasible,6,6,8,feasible,6,6,8,feasible,4,1,complete,12,complete,6,complete,6,complete,6
124019,2531,0,0,1,feasible,16,10,4,3,5,4,feasible,16,5,4,feasible,16,5,4,feasible,4,0,complete,16,complete,16,complete,16,complete,16
124068,2532,0,0,1,feasible,16,10,4,4,5,4,feasible,16,5,4,feasible,16,5,4,feasible,4,0,complete,16,complete,16,complete,16,complete,16
124117,2533,0,0,1,feasible,16,10,4,3,5,4,feasible,16,5,4,feasible,16,5,4,feasible,4,0,complete,16,complete,16,complete,16,complete,16
124166,2534,0,0,1,feasible,16,10,4,4,5,4,feasible,16,5,4,feasible,16,5,4,feasible,4,0,complete,16,complete,16,complete,16,complete,16
124216,2535,0,1,1,feasible,11,10,3,5,7,7,feasible,11,6,7,feasible,11,6,7,feasible,4,0,complete,16,complete,16,complete,16,complete,11
124271,2536,1,0,1,feasible,10,10,2,3,7,7,feasible,10,6,8,feasible,10,6,8,feasible,4,1,complete,16,complete,10,complete,10,complete,10
124314,2537,0,1,1,feasible,15,10,3,4,7,6,feasible,15,6,7,feasible,15,6,7,feasible,4,0,complete,20,complete,15,complete,15,complete,15
124369,2538,1,0,1,feasible,10,10,2,3,7,7,feasible,10,6,8,feasible,10,6,8,feasible,4,1,complete,16,complete,10,complete,10,complete,10
124412,2539,0,1,1,feasible,15,10,3,4,7,6,feasible,15,6,7,feasible,15,6,7,feasible,4,0,complete,20,complete,15,complete,15,complete,15
124461,2540,0,1,1,feasible,20,10,4,5,5,4,feasible,20,5,4,feasible,20,5,4,feasible,4,0,complete,20,complete,20,complete,20,complete,20
124510,2541,0,1,1,feasible,15,10,3,4,7,6,feasible,15,6,7,feasible,15,6,7,feasible,4,0,complete,20,complete,15,complete,20,complete,15
124559,2542,0,1,1,feasible,20,10,4,5,5,4,feasible,20,5,4,feasible,20,5,4,feasible,4,0,complete,20,complete,20,complete,20,complete,20
124608,2543,0,1,1,feasible,20,10,4,6,5,4,feasible,20,5,4,feasible,20,5,4,feasible,4,0,complete,20,complete,20,complete,20,complete,20
124656,2544,0,0,1,feasible,6,6,2,2,9,9,feasible,6,7,11,feasible,6,7,11,feasible,4,1,complete,12,complete,6,complete,6,complete,6
124705,2545,0,0,1,feasible,11,10,3,3,7,6,feasible,11,6,7,feasible,11,6,7,feasible,4,0,complete,16,complete,11,complete,11,complete,11
124754,2546,0,0,1,feasible,6,6,2,2,9,9,feasible,6,7,11,feasible,6,7,11,feasible,4,1,complete,12,complete,6,complete,6,complete,6
124803,2547,0,0,1,feasible,11,10,3,3,7,6,feasible,11,6,7,feasible,11,6,7,feasible,4,0,complete,16,complete,11,complete,11,complete,11
124852,2548,0,0,1,feasible,11,10,3,4,7,6,feasible,11,6,7,feasible,11,6,7,feasible,4,0,complete,16,complete,11,complete,11,complete,11
124901,2549,0,0,1,feasible,11,10,3,3,7,6,feasible,11,6,7,feasible,11,6,7,feasible,4,0,complete,16,complete,11,complete,11,complete,11
124950,2550,0,0,1,feasible,11,10,3,4,7,6,feasible,11,6,7,feasible,11,6,7,feasible,4,0,complete,16,complete,11,complete,11,complete,11
124999,2551,0,0,1,feasible,11,10,3,5,5,4,feasible,11,5,5,feasible,11,5,5,feasible,4,0,complete,16,complete,11,complete,11,complete,11
125055,2552,1,0,1,feasible,10,10,2,3,9,9,feasible,10,7,11,feasible,10,7,11,feasible,4,1,complete,16,complete,10,complete,10,complete,10
125098,2553,0,1,1,feasible,15,10,3,4,7,6,feasible,15,6,7,feasible,15,6,7,feasible,4,0,complete,20,complete,15,complete,15,complete,15
125153,2554,1,0,1,feasible,10,10,2,3,9,9,feasible,10,7,11,feasible,10,7,11,feasible,4,1,complete,16,complete,10,complete,10,complete,10
125196,2555,0,1,1,feasible,15,10,3,4,7,6,feasible,15,6,7,feasible,15,6,7,feasible,4,0,complete,20,complete,15,complete,15,complete,15
125251,2556,1,0,1,feasible,15,10,3,5,7,6,feasible,15,6,7,feasible,15,6,7,feasible,4,0,complete,20,complete,15,complete,15,complete,15
125294,2557,0,1,1,feasible,15,10,3,4,7,6,feasible,15,6,7,feasible,15,6,7,feasible,4,0,complete,20,complete,15,complete,15,complete,15
125349,2558,1,0,1,feasible,15,10,3,5,7,6,feasible,15,6,7,feasible,15,6,7,feasible,4,0,complete,20,complete,15,complete,15,complete,15
125398,2559,1,0,1,feasible,15,10,3,6,5,4,feasible,15,5,5,feasible,15,5,5,feasible,4,0,complete,20,complete,15,complete,15,complete,15
125441,2560,0,1,1,feasible,15,10,3,4,7,6,feasible,15,6,7,feasible,15,6,7,feasible,4,0,complete,16,complete,15,complete,15,complete,15
125490,2561,0,1,1,feasible,20,10,4,5,5,4,feasible,20,5,4,feasible,20,5,4,feasible,4,0,complete,20,complete,20,complete,20,complete,20
125539,2562,0,1,1,feasible,15,10,3,4,7,6,feasible,15,6,7,feasible,15,6,7,feasible,4,0,complete,16,complete,15,complete,15,complete,15
125588,2563,0,1,1,feasible,20,10,4,5,5,4,feasible,20,5,4,feasible,20,5,4,feasible,4,0,complete,20,complete,20,complete,20,complete,20
125637,2564,0,1,1,feasible,20,10,4,6,5,4,feasible,20,5,4,feasible,20,5,4,feasible,4,0,complete,20,complete,20,complete,20,complete,20
125686,2565,0,1,1,feasible,20,10,4,5,5,4,feasible,20,5,4,feasible,20,5,4,feasible,4,0,complete,20,complete,20,complete,20,complete,20
125735,2566,0,1,1,feasible,20,10,4,6,5,4,feasible,20,5,4,feasible,20,5,4,feasible,4,0,complete,20,complete,20,complete,20,complete,20
125797,2567,2,0,1,feasible,15,14,3,7,5,4,feasible,15,5,5,feasible,15,5,5,feasible,4,0,complete,20,complete,15,complete,15,complete,15
125839,2568,1,0,1,feasible,10,10,2,3,9,9,feasible,10,7,11,feasible,10,7,11,feasible,4,1,complete,16,complete,10,complete,11,complete,10
125882,2569,0,1,1,feasible,15,10,3,4,7,6,feasible,15,6,7,feasible,15,6,7,feasible,4,0,complete,20,complete,15,complete,20,complete,15
125937,2570,1,0,1,feasible,10,10,2,3,9,9,feasible,10,7,11,feasible,10,7,11,feasible,4,1,complete,16,complete,10,complete,10,complete,10
125980,2571,0,1,1,feasible,15,10,3,4,7,6,feasible,15,6,7,feasible,15,6,7,feasible,4,0,complete,20,complete,15,complete,15,complete,15
126035,2572,1,0,1,feasible,15,10,3,5,7,6,feasible,15,6,7,feasible,15,6,7,feasible,4,0,complete,20,complete,15,complete,15,complete,15
126078,2573,0,1,1,feasible,15,10,3,4,7,6,feasible,15,6,7,feasible,15,6,7,feasible,4,0,complete,20,complete,15,complete,15,complete,15
126133,2574,1,0,1,feasible,15,10,3,5,7,6,feasible,15,6,7,feasible,15,6,7,feasible,4,0,complete,20,complete,15,complete,15,complete,15
126182,2575,1,0,1,feasible,15,10,3,6,5,4,feasible,15,5,5,feasible,15,5,5,feasible,4,0,complete,20,complete,15,complete,15,complete,15
126225,2576,0,1,1,feasible,15,10,3,4,7,6,feasible,15,6,7,feasible,15,6,7,feasible,4,0,complete,16,complete,15,complete,16,complete,15
126274,2577,0,1,1,feasible,20,10,4,5,5,4,feasible,20,5,4,feasible,20,5,4,feasible,4,0,complete,20,complete,20,complete,20,complete,20
126323,2578,0,1,1,feasible,15,10,3,4,7,6,feasible,15,6,7,feasible,15,6,7,feasible,4,0,complete,16,complete,15,complete,15,complete,15
126372,2579,0,1,1,feasible,20,10,4,5,5,4,feasible,20,5,4,feasible,20,5,4,feasible,4,0,complete,20,complete,20,complete,20,complete,20
126421,2580,0,1,1,feasible,20,10,4,6,5,4,feasible,20,5,4,feasible,20,5,4,feasible,4,0,complete,20,complete,20,complete,20,complete,20
126470,2581,0,1,1,feasible,20,10,4,5,5,4,feasible,20,5,4,feasible,20,5,4,feasible,4,0,complete,20,complete,20,complete,20,complete,20
126519,2582,0,1,1,feasible,20,10,4,6,5,4,feasible,20,5,4,feasible,20,5,4,feasible,4,0,complete,20,complete,20,complete,20,complete,20
126581,2583,2,0,1,feasible,15,14,3,7,5,4,feasible,15,5,5,feasible,15,5,5,feasible,4,0,complete,20,complete,15,complete,15,complete,15
126618,2584,0,2,1,feasible,10,10,2,5,5,4,feasible,10,5,6,feasible,10,5,6,feasible,4,1,complete,16,complete,10,complete,11,complete,10
126667,2585,0,2,1,feasible,10,10,2,6,5,4,feasible,10,5,6,feasible,10,5,6,feasible,4,1,complete,20,complete,10,complete,15,complete,10
126716,2586,0,2,1,feasible,10,10,2,5,5,4,feasible,10,5,6,feasible,10,5,6,feasible,4,1,complete,16,complete,10,complete,10,complete,10
126765,2587,0,2,1,feasible,10,10,2,6,5,4,feasible,10,5,6,feasible,10,5,6,feasible,4,1,complete,20,complete,10,complete,10,complete,10
126820,2588,1,1,1,feasible,20,14,4,7,5,4,feasible,20,5,4,feasible,20,5,4,feasible,4,0,complete,20,complete,20,complete,20,complete,20
126863,2589,0,2,1,feasible,10,10,2,6,5,4,feasible,10,5,6,feasible,10,5,6,feasible,4,1,complete,20,complete,10,complete,10,complete,10
126918,2590,1,1,1,feasible,20,14,4,7,5,4,feasible,20,5,4,feasible,20,5,4,feasible,4,0,complete,20,complete,20,complete,20,complete,20
126980,2591,3,0,1,feasible,15,14,3,8,5,4,feasible,15,5,5,feasible,15,5,5,feasible,4,0,complete,20,complete,15,complete,15,complete,15
127010,2592,0,2,1,feasible,6,6,2,3,6,6,feasible,6,5,6,feasible,6,5,6,feasible,3,1,complete,11,complete,11,complete,11,complete,6
127059,2593,0,2,1,feasible,15,10,3,4,4,3,feasible,15,4,3,feasible,15,4,3,feasible,3,0,complete,15,complete,15,complete,15,complete,15
127107,2594,0,1,1,feasible,6,6,2,3,6,6,feasible,6,5,6,feasible,6,5,6,feasible,3,1,complete,11,complete,11,complete,11,complete,6
127156,2595,0,1,1,feasible,15,10,3,4,4,3,feasible,15,4,3,feasible,15,4,3,feasible,3,0,complete,15,complete,15,complete,15,complete,15
127205,2596,0,1,1,feasible,15,10,3,5,4,3,feasible,15,4,3,feasible,15,4,3,feasible,3,0,complete,15,complete,15,complete,15,complete,15
127260,2597,1,0,1,feasible,10,10,2,4,4,3,feasible,10,4,4,feasible,10,4,4,feasible,3,1,complete,15,complete,10,complete,10,complete,10
127303,2598,0,1,1,feasible,15,10,3,5,4,3,feasible,15,4,3,feasible,15,4,3,feasible,3,0,complete,15,complete,15,complete,15,complete,15
127359,2599,1,1,1,feasible,15,10,3,6,4,3,feasible,15,4,3,feasible,15,4,3,feasible,3,0,complete,15,complete,15,complete,15,complete,15
127401,2600,0,1,1,feasible,6,6,2,3,9,10,feasible,6,7,11,feasible,6,7,11,feasible,4,1,complete,12,complete,11,complete,11,complete,6
127450,2601,0,1,1,feasible,15,10,3,4,7,7,feasible,15,6,7,feasible,15,6,7,feasible,4,0,complete,16,complete,15,complete,15,complete,16
127498,2602,0,0,1,feasible,6,6,2,3,7,7,feasible,6,6,8,feasible,6,6,8,feasible,4,1,complete,12,complete,6,complete,6,complete,6
127547,2603,0,0,1,feasible,16,10,4,4,5,4,feasible,16,5,4,feasible,16,5,4,feasible,4,0,complete,16,complete,16,complete,16,complete,16
127596,2604,0,0,1,feasible,16,10,4,5,5,4,feasible,16,5,4,feasible,16,5,4,feasible,4,0,complete,16,complete,16,complete,16,complete,16
127645,2605,0,0,1,feasible,16,10,4,4,5,4,feasible,16,5,4,feasible,16,5,4,feasible,4,0,complete,16,complete,16,complete,16,complete,16
127694,2606,0,0,1,feasible,16,10,4,5,5,4,feasible,16,5,4,feasible,16,5,4,feasible,4,0,complete,16,complete,16,complete,16,complete,16
127750,2607,1,0,1,feasible,16,10,4,6,5,4,feasible,16,5,4,feasible,16,5,4,feasible,4,0,complete,16,complete,16,complete,16,complete,16
127793,2608,0,1,1,feasible,15,10,3,4,5,4,feasible,15,5,5,feasible,15,5,5,feasible,4,0,complete,16,complete,15,complete,15,complete,15
127842,2609,0,1,1,feasible,15,10,3,5,5,4,feasible,15,5,5,feasible,15,5,5,feasible,4,0,complete,20,complete,15,complete,15,complete,15
127897,2610,1,0,1,feasible,10,10,2,4,7,7,feasible,10,6,8,feasible,10,6,8,feasible,4,1,complete,16,complete,10,complete,10,complete,10
127940,2611,0,1,1,feasible,15,10,3,5,5,4,feasible,15,5,5,feasible,15,5,5,feasible,4,0,complete,20,complete,15,complete,15,complete,15
127995,2612,1,0,1,feasible,20,10,4,6,5,4,feasible,20,5,4,feasible,20,5,4,feasible,4,0,complete,20,complete,20,complete,20,complete,20
128038,2613,0,1,1,feasible,15,10,3,5,5,4,feasible,15,5,5,feasible,15,5,5,feasible,4,0,complete,20,complete,15,complete,20,complete,15
128093,2614,1,0,1,feasible,20,10,4,6,5,4,feasible,20,5,4,feasible,20,5,4,feasible,4,0,complete,20,complete,20,complete,20,complete,20
128137,2615,0,2,1,feasible,20,10,4,7,5,4,feasible,20,5,4,feasible,20,5,4,feasible,4,0,complete,20,complete,20,complete,20,complete,20
128184,2616,0,0,1,feasible,6,6,2,3,7,7,feasible,6,6,8,feasible,6,6,8,feasible,4,1,complete,12,complete,6,complete,6,complete,6
128233,2617,0,0,1,feasible,16,10,4,4,5,4,feasible,16,5,4,feasible,16,5,4,feasible,4,0,complete,16,complete,16,complete,16,complete,16
128282,2618,0,0,1,feasible,6,6,2,3,7,7,feasible,6,6,8,feasible,6,6,8,feasible,4,1,complete,12,complete,6,complete,6,complete,6
128331,2619,0,0,1,feasible,16,10,4,4,5,4,feasible,16,5,4,feasible,16,5,4,feasible,4,0,complete,16,complete,16,complete,16,complete,16
128380,2620,0,0,1,feasible,16,10,4,5,5,4,feasible,16,5,4,feasible,16,5,4,feasible,4,0,complete,16,complete,16,complete,16,complete,16
128429,2621,0,0,1,feasible,16,10,4,4,5,4,feasible,16,5,4,feasible,16,5,4,feasible,4,0,complete,16,complete,16,complete,16,complete,16
128478,2622,0,0,1,feasible,16,10,4,5,5,4,feasible,16,5,4,feasible,16,5,4,feasible,4,0,complete,16,complete,16,complete,16,complete,16
128528,2623,0,1,1,feasible,11,10,3,6,7,7,feasible,11,6,7,feasible,11,6,7,feasible,4,0,complete,16,complete,16,complete,16,complete,11
128583,2624,1,0,1,feasible,10,10,2,4,7,7,feasible,10,6,8,feasible,10,6,8,feasible,4,1,complete,16,complete,10,complete,10,complete,10
128626,2625,0,1,1,feasible,15,10,3,5,7,6,feasible,15,6,7,feasible,15,6,7,feasible,4,0,complete,20,complete,15,complete,15,complete,15
128681,2626,1,0,1,feasible,10,10,2,4,7,7,feasible,10,6,8,feasible,10,6,8,feasible,4,1,complete,16,complete,10,complete,10,complete,10
128724,2627,0,1,1,feasible,15,10,3,5,7,6,feasible,15,6,7,feasible,15,6,7,feasible,4,0,complete,20,complete,15,complete,15,complete,15
128773,2628,0,1,1,feasible,20,10,4,6,5,4,feasible,20,5,4,feasible,20,5,4,feasible,4,0,complete,20,complete,20,complete,20,complete,20
128822,2629,0,1,1,feasible,15,10,3,5,7,6,feasible,15,6,7,feasible,15,6,7,feasible,4,0,complete,20,complete,15,complete,15,complete,15
128871,2630,0,1,1,feasible,20,10,4,6,5,4,feasible,20,5,4,feasible,20,5,4,feasible,4,0,complete,20,complete,20,complete,20,complete,20
128920,2631,0,1,1,feasible,20,10,4,7,5,4,feasible,20,5,4,feasible,20,5,4,feasible,4,0,complete,20,complete,20,complete,20,complete,20
128969,2632,0,1,1,feasible,15,10,3,5,7,6,feasible,15,6,7,feasible,15,6,7,feasible,4,0,complete,16,complete,15,complete,15,complete,15
129018,2633,0,1,1,feasible,20,10,4,6,5,4,feasible,20,5,4,feasible,20,5,4,feasible,4,0,complete,20,complete,20,complete,20,complete,20
129067,2634,0,1,1,feasible,15,10,3,5,7,6,feasible,15,6,7,feasible,15,6,7,feasible,4,0,complete,16,complete,15,complete,15,complete,15
129116,2635,0,1,1,feasible,20,10,4,6,5,4,feasible,20,5,4,feasible,20,5,4,feasible,4,0,complete,20,complete,20,complete,20,complete,20
129165,2636,0,1,1,feasible,20,10,4,7,5,4,feasible,20,5,4,feasible,20,5,4,feasible,4,0,complete,20,complete,20,complete,20,complete,20
129214,2637,0,1,1,feasible,20,10,4,6,5,4,feasible,20,5,4,feasible,20,5,4,feasible,4,0,complete,20,complete,20,complete,20,complete,20
129263,2638,0,1,1,feasible,20,10,4,7,5,4,feasible,20,5,4,feasible,20,5,4,feasible,4,0,complete,20,complete,20,complete,20,complete,20
129319,2639,1,1,1,feasible,20,14,4,8,5,4,feasible,20,5,4,feasible,20,5,4,feasible,4,0,complete,20,complete,20,complete,20,complete,20
129367,2640,1,0,1,feasible,10,10,2,4,9,9,feasible,10,7,11,feasible,10,7,11,feasible,4,1,complete,16,complete,10,complete,11,complete,10
129410,2641,0,1,1,feasible,15,10,3,5,7,6,feasible,15,6,7,feasible,15,6,7,feasible,4,0,complete,20,complete,15,complete,20,complete,15
129465,2642,1,0,1,feasible,10,10,2,4,9,9,feasible,10,7,11,feasible,10,7,11,feasible,4,1,complete,16,complete,10,complete,10,complete,10
129508,2643,0,1,1,feasible,15,10,3,5,7,6,feasible,15,6,7,feasible,15,6,7,feasible,4,0,complete,20,complete,15,complete,15,complete,15
129563,2644,1,0,1,feasible,15,10,3,6,7,6,feasible,15,6,7,feasible,15,6,7,feasible,4,0,complete,20,complete,15,complete,15,complete,15
129606,2645,0,1,1,feasible,15,10,3,5,7,6,feasible,15,6,7,feasible,15,6,7,feasible,4,0,complete,20,complete,15,complete,15,complete,15
129661,2646,1,0,1,feasible,15,10,3,6,7,6,feasible,15,6,7,feasible,15,6,7,feasible,4,0,complete,20,complete,15,complete,15,complete,15
129710,2647,1,0,1,feasible,15,10,3,7,5,4,feasible,15,5,5,feasible,15,5,5,feasible,4,0,complete,20,complete,15,complete,15,complete,15
129753,2648,0,1,1,feasible,15,10,3,5,7,6,feasible,15,6,7,feasible,15,6,7,feasible,4,0,complete,16,complete,15,complete,16,complete,15
129802,2649,0,1,1,feasible,20,10,4,6,5,4,feasible,20,5,4,feasible,20,5,4,feasible,4,0,complete,20,complete,20,complete,20,complete,20
129851,2650,0,1,1,feasible,15,10,3,5,7,6,feasible,15,6,7,feasible,15,6,7,feasible,4,0,complete,16,complete,15,complete,15,complete,15
129900,2651,0,1,1,feasible,20,10,4,6,5,4,feasible,20,5,4,feasible,20,5,4,feasible,4,0,complete,20,complete,20,complete,20,complete,20
129949,2652,0,1,1,feasible,20,10,4,7,5,4,feasible,20,5,4,feasible,20,5,4,feasible,4,0,complete,20,complete,20,complete,20,complete,20
129998,2653,0,1,1,feasible,20,10,4,6,5,4,feasible,20,5,4,feasible,20,5,4,feasible,4,0,complete,20,complete,20,complete,20,complete,20
130047,2654,0,1,1,feasible,20,10,4,7,5,4,feasible,20,5,4,feasible,20,5,4,feasible,4,0,complete,20,complete,20,complete,20,complete,20
130109,2655,2,0,1,feasible,15,14,3,8,5,4,feasible,15,5,5,feasible,15,5,5,feasible,4,0,complete,20,complete,15,complete,15,complete,15
130152,2656,1,1,1,feasible,15,10,3,6,7,6,feasible,15,6,7,feasible,15,6,7,feasible,4,0,complete,16,complete,15,complete,16,complete,15
130201,2657,1,1,1,feasible,20,10,4,7,5,4,feasible,20,5,4,feasible,20,5,4,feasible,4,0,complete,20,complete,20,complete,20,complete,20
130250,2658,1,1,1,feasible,15,10,3,6,7,6,feasible,15,6,7,feasible,15,6,7,feasible,4,0,complete,16,complete,15,complete,15,complete,15
130299,2659,1,1,1,feasible,20,10,4,7,5,4,feasible,20,5,4,feasible,20,5,4,feasible,4,0,complete,20,complete,20,complete,20,complete,20
130348,2660,1,1,1,feasible,20,14,4,8,5,4,feasible,20,5,4,feasible,20,5,4,feasible,4,0,complete,20,complete,20,complete,20,complete,20
130397,2661,1,1,1,feasible,20,10,4,7,5,4,feasible,20,5,4,feasible,20,5,4,feasible,4,0,complete,20,complete,20,complete,20,complete,20
130446,2662,1,1,1,feasible,20,14,4,8,5,4,feasible,20,5,4,feasible,20,5,4,feasible,4,0,complete,20,complete,20,complete,20,complete,20
130508,2663,3,0,1,feasible,15,14,3,9,5,4,feasible,15,5,5,feasible,15,5,5,feasible,4,0,complete,20,complete,15,complete,15,complete,15
130537,2664,0,1,1,feasible,6,6,2,2,6,6,feasible,6,5,6,feasible,6,5,6,feasible,3,1,complete,11,complete,11,complete,11,complete,6
130586,2665,0,1,1,feasible,15,10,3,3,4,3,feasible,15,4,3,feasible,15,4,3,feasible,3,0,complete,15,complete,15,complete,15,complete,15
130634,2666,0,0,1,feasible,6,6,2,2,4,3,feasible,6,4,4,feasible,6,4,4,feasible,3,1,complete,11,complete,6,complete,6,complete,6
130690,2667,1,0,1,feasible,10,10,2,3,4,3,feasible,10,4,4,feasible,10,4,4,feasible,3,1,complete,15,complete,10,complete,10,complete,10
130733,2668,0,1,1,feasible,15,10,3,4,4,3,feasible,15,4,3,feasible,15,4,3,feasible,3,0,complete,15,complete,15,complete,15,complete,15
130788,2669,1,0,1,feasible,10,10,2,3,4,3,feasible,10,4,4,feasible,10,4,4,feasible,3,1,complete,15,complete,10,complete,10,complete,10
130831,2670,0,1,1,feasible,15,10,3,4,4,3,feasible,15,4,3,feasible,15,4,3,feasible,3,0,complete,15,complete,15,complete,15,complete,15
130881,2671,0,2,1,feasible,10,10,2,5,4,3,feasible,10,4,4,feasible,10,4,4,feasible,3,1,complete,15,complete,10,complete,10,complete,10
130928,2672,0,0,1,feasible,6,6,2,2,7,7,feasible,6,6,8,feasible,6,6,8,feasible,4,1,complete,12,complete,6,complete,6,complete,6
130977,2673,0,0,1,feasible,16,10,4,3,5,4,feasible,16,5,4,feasible,16,5,4,feasible,4,0,complete,16,complete,16,complete,16,complete,16
131026,2674,0,0,1,feasible,6,6,2,2,7,7,feasible,6,6,8,feasible,6,6,8,feasible,4,1,complete,12,complete,6,complete,6,complete,6
131075,2675,0,0,1,feasible,16,10,4,3,5,4,feasible,16,5,4,feasible,16,5,4,feasible,4,0,complete,16,complete,16,complete,16,complete,16
131124,2676,0,0,1,feasible,16,10,4,4,5,4,feasible,16,5,4,feasible,16,5,4,feasible,4,0,complete,16,complete,16,complete,16,complete,16
131173,2677,0,0,1,feasible,16,10,4,3,5,4,feasible,16,5,4,feasible,16,5,4,feasible,4,0,complete,16,complete,16,complete,16,complete,16
131222,2678,0,0,1,feasible,16,10,4,4,5,4,feasible,16,5,4,feasible,16,5,4,feasible,4,0,complete,16,complete,16,complete,16,complete,16
131272,2679,0,1,1,feasible,11,10,3,5,7,7,feasible,11,6,7,feasible,11,6,7,feasible,4,0,complete,16,complete,16,complete,16,complete,11
131327,2680,1,0,1,feasible,10,10,2,3,7,7,feasible,10,6,8,feasible,10,6,8,feasible,4,1,complete,16,complete,10,complete,10,complete,10
131370,2681,0,1,1,feasible,15,10,3,4,7,6,feasible,15,6,7,feasible,15,6,7,feasible,4,0,complete,20,complete,15,complete,15,complete,15
131425,2682,1,0,1,feasible,10,10,2,3,7,7,feasible,10,6,8,feasible,10,6,8,feasible,4,1,complete,16,complete,10,complete,10,complete,10
131468,2683,0,1,1,feasible,15,10,3,4,7,6,feasible,15,6,7,feasible,15,6,7,feasible,4,0,complete,20,complete,15,complete,15,complete,15
131517,2684,0,1,1,feasible,20,10,4,5,5,4,feasible,20,5,4,feasible,20,5,4,feasible,4,0,complete,20,complete,20,complete,20,complete,20
131566,2685,0,1,1,feasible,15,10,3,4,7,6,feasible,15,6,7,feasible,15,6,7,feasible,4,0,complete,20,complete,15,complete,20,complete,15
131615,2686,0,1,1,feasible,20,10,4,5,5,4,feasible,20,5,4,feasible,20,5,4,feasible,4,0,complete,20,complete,20,complete,20,complete,20
131664,2687,0,1,1,feasible,20,10,4,6,5,4,feasible,20,5,4,feasible,20,5,4,feasible,4,0,complete,20,complete,20,complete,20,complete,20
131712,2688,0,0,1,feasible,6,6,2,2,9,9,feasible,6,7,11,feasible,6,7,11,feasible,4,1,complete,12,complete,6,complete,6,complete,6
131761,2689,0,0,1,feasible,11,10,3,3,7,6,feasible,11,6,7,feasible,11,6,7,feasible,4,0,complete,16,complete,11,complete,11,complete,11
131810,2690,0,0,1,feasible,6,6,2,2,9,9,feasible,6,7,11,feasible,6,7,11,feasible,4,1,complete,12,complete,6,complete,6,complete,6
131859,2691,0,0,1,feasible,11,10,3,3,7,6,feasible,11,6,7,feasible,11,6,7,feasible,4,0,complete,16,complete,11,complete,11,complete,11
131908,2692,0,0,1,feasible,11,10,3,4,7,6,feasible,11,6,7,feasible,11,6,7,feasible,4,0,complete,16,complete,11,complete,11,complete,11
131957,2693,0,0,1,feasible,11,10,3,3,7,6,feasible,11,6,7,feasible,11,6,7,feasible,4,0,complete,16,complete,11,complete,11,complete,11
132006,2694,0,0,1,feasible,11,10,3,4,7,6,feasible,11,6,7,feasible,11,6,7,feasible,4,0,complete,16,complete,11,complete,11,complete,11
132055,2695,0,0,1,feasible,11,10,3,5,5,4,feasible,11,5,5,feasible,11,5,5,feasible,4,0,complete,16,complete,11,complete,11,complete,11
132111,2696,1,0,1,feasible,10,10,2,3,9,9,feasible,10,7,11,feasible,10,7,11,feasible,4,1,complete,16,complete,10,complete,10,complete,10
132154,2697,0,1,1,feasible,15,10,3,4,7,6,feasible,15,6,7,feasible,15,6,7,feasible,4,0,complete,20,complete,15,complete,15,complete,15
132209,2698,1,0,1,feasible,10,10,2,3,9,9,feasible,10,7,11,feasible,10,7,11,feasible,4,1,complete,16,complete,10,complete,10,complete,10
132252,2699,0,1,1,feasible,15,10,3,4,7,6,feasible,15,6,7,feasible,15,6,7,feasible,4,0,complete,20,complete,15,complete,15,complete,15
132307,2700,1,0,1,feasible,15,10,3,5,7,6,feasible,15,6,7,feasible,15,6,7,feasible,4,0,complete,20,complete,15,complete,15,complete,15
132350,2701,0,1,1,feasible,15,10,3,4,7,6,feasible,15,6,7,feasible,15,6,7,feasible,4,0,complete,20,complete,15,complete,15,complete,15
132405,2702,1,0,1,feasible,15,10,3,5,7,6,feasible,15,6,7,feasible,15,6,7,feasible,4,0,complete,20,complete,15,complete,15,complete,15
132454,2703,1,0,1,feasible,15,10,3,6,5,4,feasible,15,5,5,feasible,15,5,5,feasible,4,0,complete,20,complete,15,complete,15,complete,15
132497,2704,0,1,1,feasible,15,10,3,4,7,6,feasible,15,6,7,feasible,15,6,7,feasible,4,0,complete,16,complete,15,complete,15,complete,15
132546,2705,0,1,1,feasible,20,10,4,5,5,4,feasible,20,5,4,feasible,20,5,4,feasible,4,0,complete,20,complete,20,complete,20,complete,20
132595,2706,0,1,1,feasible,15,10,3,4,7,6,feasible,15,6,7,feasible,15,6,7,feasible,4,0,complete,16,complete,15,complete,15,complete,15
132644,2707,0,1,1,feasible,20,10,4,5,5,4,feasible,20,5,4,feasible,20,5,4,feasible,4,0,complete,20,complete,20,complete,20,complete,20
132693,2708,0,1,1,feasible,20,10,4,6,5,4,feasible,20,5,4,feasible,20,5,4,feasible,4,0,complete,20,complete,20,complete,20,complete,20
132742,2709,0,1,1,feasible,20,10,4,5,5,4,feasible,20,5,4,feasible,20,5,4,feasible,4,0,complete,20,complete,20,complete,20,complete,20
132791,2710,0,1,1,feasible,20,10,4,6,5,4,feasible,20,5,4,feasible,20,5,4,feasible,4,0,complete,20,complete,20,complete,20,complete,20
132840,2711,0,1,1,feasible,20,14,4,7,5,4,feasible,20,5,4,feasible,20,5,4,feasible,4,0,complete,20,complete,20,complete,20,complete,20
132895,2712,1,0,1,feasible,10,10,2,3,9,9,feasible,10,7,11,feasible,10,7,11,feasible,4,1,complete,16,complete,10,complete,11,complete,10
132938,2713,0,1,1,feasible,15,10,3,4,7,6,feasible,15,6,7,feasible,15,6,7,feasible,4,0,complete,20,complete,15,complete,20,complete,15
132993,2714,1,0,1,feasible,10,10,2,3,9,9,feasible,10,7,11,feasible,10,7,11,feasible,4,1,complete,16,complete,10,complete,10,complete,10
133036,2715,0,1,1,feasible,15,10,3,4,7,6,feasible,15,6,7,feasible,15,6,7,feasible,4,0,complete,20,complete,15,complete,15,complete,15
133091,2716,1,0,1,feasible,15,10,3,5,7,6,feasible,15,6,7,feasible,15,6,7,feasible,4,0,complete,20,complete,15,complete,15,complete,15
133134,2717,0,1,1,feasible,15,10,3,4,7,6,feasible,15,6,7,feasible,15,6,7,feasible,4,0,complete,20,complete,15,complete,15,complete,15
133189,2718,1,0,1,feasible,15,10,3,5,7,6,feasible,15,6,7,feasible,15,6,7,feasible,4,0,complete,20,complete,15,complete,15,complete,15
133238,2719,1,0,1,feasible,15,10,3,6,5,4,feasible,15,5,5,feasible,15,5,5,feasible,4,0,complete,20,complete,15,complete,15,complete,15
133281,2720,0,1,1,feasible,15,10,3,4,7,6,feasible,15,6,7,feasible,15,6,7,feasible,4,0,complete,16,complete,15,complete,16,complete,15
133330,2721,0,1,1,feasible,20,10,4,5,5,4,feasible,20,5,4,feasible,20,5,4,feasible,4,0,complete,20,complete,20,complete,20,complete,20
133379,2722,0,1,1,feasible,15,10,3,4,7,6,feasible,15,6,7,feasible,15,6,7,feasible,4,0,complete,16,complete,15,complete,15,complete,15
133428,2723,0,1,1,feasible,20,10,4,5,5,4,feasible,20,5,4,feasible,20,5,4,feasible,4,0,complete,20,complete,20,complete,20,complete,20
133477,2724,0,1,1,feasible,20,10,4,6,5,4,feasible,20,5,4,feasible,20,5,4,feasible,4,0,complete,20,complete,20,complete,20,complete,20
133526,2725,0,1,1,feasible,20,10,4,5,5,4,feasible,20,5,4,feasible,20,5,4,feasible,4,0,complete,20,complete,20,complete,20,complete,20
133575,2726,0,1,1,feasible,20,10,4,6,5,4,feasible,20,5,4,feasible,20,5,4,feasible,4,0,complete,20,complete,20,complete,20,complete,20
133624,2727,0,1,1,feasible,20,14,4,7,5,4,feasible,20,5,4,feasible,20,5,4,feasible,4,0,complete,20,complete,20,complete,20,complete,20
133674,2728,0,2,1,feasible,10,10,2,5,5,4,feasible,10,5,6,feasible,10,5,6,feasible,4,1,complete,16,complete,10,complete,11,complete,10
133723,2729,0,2,1,feasible,10,10,2,6,5,4,feasible,10,5,6,feasible,10,5,6,feasible,4,1,complete,20,complete,10,complete,15,complete,10
133772,2730,0,2,1,feasible,10,10,2,5,5,4,feasible,10,5,6,feasible,10,5,6,feasible,4,1,complete,16,complete,10,complete,10,complete,10
133821,2731,0,2,1,feasible,10,10,2,6,5,4,feasible,10,5,6,feasible,10,5,6,feasible,4,1,complete,20,complete,10,complete,10,complete,10
133870,2732,0,2,1,feasible,14,14,2,7,5,4,feasible,14,5,6,feasible,14,5,6,feasible,4,1,complete,20,complete,14,complete,14,complete,15
133919,2733,0,2,1,feasible,10,10,2,6,5,4,feasible,10,5,6,feasible,10,5,6,feasible,4,1,complete,20,complete,10,complete,10,complete,10
133968,2734,0,2,1,feasible,14,14,2,7,5,4,feasible,14,5,6,feasible,14,5,6,feasible,4,1,complete,20,complete,14,complete,14,complete,14
134023,2735,1,1,1,feasible,20,14,4,8,5,4,feasible,20,5,4,feasible,20,5,4,feasible,4,0,complete,20,complete,20,complete,20,complete,20
134066,2736,0,2,1,feasible,6,6,2,3,6,6,feasible,6,5,6,feasible,6,5,6,feasible,3,1,complete,11,complete,11,complete,11,complete,6
134115,2737,0,2,1,feasible,15,10,3,4,4,3,feasible,15,4,3,feasible,15,4,3,feasible,3,0,complete,15,complete,15,complete,15,complete,15
134163,2738,0,1,1,feasible,6,6,2,3,6,6,feasible,6,5,6,feasible,6,5,6,feasible,3,1,complete,11,complete,11,complete,11,complete,6
134212,2739,0,1,1,feasible,15,10,3,4,4,3,feasible,15,4,3,feasible,15,4,3,feasible,3,0,complete,15,complete,15,complete,15,complete,15
134261,2740,0,1,1,feasible,15,10,3,5,4,3,feasible,15,4,3,feasible,15,4,3,feasible,3,0,complete,15,complete,15,complete,15,complete,15
134316,2741,1,0,1,feasible,10,10,2,4,4,3,feasible,10,4,4,feasible,10,4,4,feasible,3,1,complete,15,complete,10,complete,10,complete,10
134359,2742,0,1,1,feasible,15,10,3,5,4,3,feasible,15,4,3,feasible,15,4,3,feasible,3,0,complete,15,complete,15,complete,15,complete,15
134415,2743,1,1,1,feasible,15,10,3,6,4,3,feasible,15,4,3,feasible,15,4,3,feasible,3,0,complete,15,complete,15,complete,15,complete,15
134457,2744,0,1,1,feasible,6,6,2,3,9,10,feasible,6,7,11,feasible,6,7,11,feasible,4,1,complete,12,complete,11,complete,11,complete,6
134506,2745,0,1,1,feasible,15,10,3,4,7,7,feasible,15,6,7,feasible,15,6,7,feasible,4,0,complete,16,complete,15,complete,15,complete,16
134554,2746,0,0,1,feasible,6,6,2,3,7,7,feasible,6,6,8,feasible,6,6,8,feasible,4,1,complete,12,complete,6,complete,6,complete,6
134603,2747,0,0,1,feasible,16,10,4,4,5,4,feasible,16,5,4,feasible,16,5,4,feasible,4,0,complete,16,complete,16,complete,16,complete,16
134652,2748,0,0,1,feasible,16,10,4,5,5,4,feasible,16,5,4,feasible,16,5,4,feasible,4,0,complete,16,complete,16,complete,16,complete,16
134701,2749,0,0,1,feasible,16,10,4,4,5,4,feasible,16,5,4,feasible,16,5,4,feasible,4,0,complete,16,complete,16,complete,16,complete,16
134750,2750,0,0,1,feasible,16,10,4,5,5,4,feasible,16,5,4,feasible,16,5,4,feasible,4,0,complete,16,complete,16,complete,16,complete,16
134806,2751,1,0,1,feasible,16,10,4,6,5,4,feasible,16,5,4,feasible,16,5,4,feasible,4,0,complete,16,complete,16,complete,16,complete,16
134849,2752,0,1,1,feasible,15,10,3,4,5,4,feasible,15,5,5,feasible,15,5,5,feasible,4,0,complete,16,complete,15,complete,15,complete,15
134898,2753,0,1,1,feasible,15,10,3,5,5,4,feasible,15,5,5,feasible,15,5,5,feasible,4,0,complete,20,complete,15,complete,15,complete,15
134953,2754,1,0,1,feasible,10,10,2,4,7,7,feasible,10,6,8,feasible,10,6,8,feasible,4,1,complete,16,complete,10,complete,10,complete,10
134996,2755,0,1,1,feasible,15,10,3,5,5,4,feasible,15,5,5,feasible,15,5,5,feasible,4,0,complete,20,complete,15,complete,15,complete,15
135051,2756,1,0,1,feasible,20,10,4,6,5,4,feasible,20,5,4,feasible,20,5,4,feasible,4,0,complete,20,complete,20,complete,20,complete,20
135094,2757,0,1,1,feasible,15,10,3,5,5,4,feasible,15,5,5,feasible,15,5,5,feasible,4,0,complete,20,complete,15,complete,20,complete,15
135149,2758,1,0,1,feasible,20,10,4,6,5,4,feasible,20,5,4,feasible,20,5,4,feasible,4,0,complete,20,complete,20,complete,20,complete,20
135193,2759,0,2,1,feasible,20,10,4,7,5,4,feasible,20,5,4,feasible,20,5,4,feasible,4,0,complete,20,complete,20,complete,20,complete,20
135240,2760,0,0,1,feasible,6,6,2,3,7,7,feasible,6,6,8,feasible,6,6,8,feasible,4,1,complete,12,complete,6,complete,6,complete,6
135289,2761,0,0,1,feasible,16,10,4,4,5,4,feasible,16,5,4,feasible,16,5,4,feasible,4,0,complete,16,complete,16,complete,16,complete,16
135338,2762,0,0,1,feasible,6,6,2,3,7,7,feasible,6,6,8,feasible,6,6,8,feasible,4,1,complete,12,complete,6,complete,6,complete,6
135387,2763,0,0,1,feasible,16,10,4,4,5,4,feasible,16,5,4,feasible,16,5,4,feasible,4,0,complete,16,complete,16,complete,16,complete,16
135436,2764,0,0,1,feasible,16,10,4,5,5,4,feasible,16,5,4,feasible,16,5,4,feasible,4,0,complete,16,complete,16,complete,16,complete,16
135485,2765,0,0,1,feasible,16,10,4,4,5,4,feasible,16,5,4,feasible,16,5,4,feasible,4,0,complete,16,complete,16,complete,16,complete,16
135534,2766,0,0,1,feasible,16,10,4,5,5,4,feasible,16,5,4,feasible,16,5,4,feasible,4,0,complete,16,complete,16,complete,16,complete,16
135584,2767,0,1,1,feasible,11,10,3,6,7,7,feasible,11,6,7,feasible,11,6,7,feasible,4,0,complete,16,complete,16,complete,16,complete,11
135639,2768,1,0,1,feasible,10,10,2,4,7,7,feasible,10,6,8,feasible,10,6,8,feasible,4,1,complete,16,complete,10,complete,10,complete,10
135682,2769,0,1,1,feasible,15,10,3,5,7,6,feasible,15,6,7,feasible,15,6,7,feasible,4,0,complete,20,complete,15,complete,15,complete,15
135737,2770,1,0,1,feasible,10,10,2,4,7,7,feasible,10,6,8,feasible,10,6,8,feasible,4,1,complete,16,complete,10,complete,10,complete,10
135780,2771,0,1,1,feasible,15,10,3,5,7,6,feasible,15,6,7,feasible,15,6,7,feasible,4,0,complete,20,complete,15,complete,15,complete,15
135829,2772,0,1,1,feasible,20,10,4,6,5,4,feasible,20,5,4,feasible,20,5,4,feasible,4,0,complete,20,complete,20,complete,20,complete,20
135878,2773,0,1,1,feasible,15,10,3,5,7,6,feasible,15,6,7,feasible,15,6,7,feasible,4,0,complete,20,complete,15,complete,15,complete,15
135927,2774,0,1,1,feasible,20,10,4,6,5,4,feasible,20,5,4,feasible,20,5,4,feasible,4,0,complete,20,complete,20,complete,20,complete,20
135976,2775,0,1,1,feasible,20,10,4,7,5,4,feasible,20,5,4,feasible,20,5,4,feasible,4,0,complete,20,complete,20,complete,20,complete,20
136025,2776,0,1,1,feasible,15,10,3,5,7,6,feasible,15,6,7,feasible,15,6,7,feasible,4,0,complete,16,complete,15,complete,15,complete,15
136074,2777,0,1,1,feasible,20,10,4,6,5,4,feasible,20,5,4,feasible,20,5,4,feasible,4,0,complete,20,complete,20,complete,20,complete,20
136123,2778,0,1,1,feasible,15,10,3,5,7,6,feasible,15,6,7,feasible,15,6,7,feasible,4,0,complete,16,complete,15,complete,15,complete,15
136172,2779,0,1,1,feasible,20,10,4,6,5,4,feasible,20,5,4,feasible,20,5,4,feasible,4,0,complete,20,complete,20,complete,20,complete,20
136221,2780,0,1,1,feasible,20,10,4,7,5,4,feasible,20,5,4,feasible,20,5,4,feasible,4,0,complete,20,complete,20,complete,20,complete,20
136270,2781,0,1,1,feasible,20,10,4,6,5,4,feasible,20,5,4,feasible,20,5,4,feasible,4,0,complete,20,complete,20,complete,20,complete,20
136319,2782,0,1,1,feasible,20,10,4,7,5,4,feasible,20,5,4,feasible,20,5,4,feasible,4,0,complete,20,complete,20,complete,20,complete,20
136368,2783,0,1,1,feasible,20,14,4,8,5,4,feasible,20,5,4,feasible,20,5,4,feasible,4,0,complete,20,complete,20,complete,20,complete,20
136423,2784,1,0,1,feasible,10,10,2,4,9,9,feasible,10,7,11,feasible,10,7,11,feasible,4,1,complete,16,complete,10,complete,11,complete,10
136466,2785,0,1,1,feasible,15,10,3,5,7,6,feasible,15,6,7,feasible,15,6,7,feasible,4,0,complete,20,complete,15,complete,20,complete,15
136521,2786,1,0,1,feasible,10,10,2,4,9,9,feasible,10,7,11,feasible,10,7,11,feasible,4,1,complete,16,complete,10,complete,10,complete,10
136564,2787,0,1,1,feasible,15,10,3,5,7,6,feasible,15,6,7,feasible,15,6,7,feasible,4,0,complete,20,complete,15,complete,15,complete,15
136619,2788,1,0,1,feasible,15,10,3,6,7,6,feasible,15,6,7,feasible,15,6,7,feasible,4,0,complete,20,complete,15,complete,15,complete,15
136662,2789,0,1,1,feasible,15,10,3,5,7,6,feasible,15,6,7,feasible,15,6,7,feasible,4,0,complete,20,complete,15,complete,15,complete,15
136717,2790,1,0,1,feasible,15,10,3,6,7,6,feasible,15,6,7,feasible,15,6,7,feasible,4,0,complete,20,complete,15,complete,15,complete,15
136766,2791,1,0,1,feasible,15,10,3,7,5,4,feasible,15,5,5,feasible,15,5,5,feasible,4,0,complete,20,complete,15,complete,15,complete,15
136809,2792,0,1,1,feasible,15,10,3,5,7,6,feasible,15,6,7,feasible,15,6,7,feasible,4,0,complete,16,complete,15,complete,16,complete,15
136858,2793,0,1,1,feasible,20,10,4,6,5,4,feasible,20,5,4,feasible,20,5,4,feasible,4,0,complete,20,complete,20,complete,20,complete,20
136907,2794,0,1,1,feasible,15,10,3,5,7,6,feasible,15,6,7,feasible,15,6,7,feasible,4,0,complete,16,complete,15,complete,15,complete,15
136956,2795,0,1,1,feasible,20,10,4,6,5,4,feasible,20,5,4,feasible,20,5,4,feasible,4,0,complete,20,complete,20,complete,20,complete,20
137005,2796,0,1,1,feasible,20,10,4,7,5,4,feasible,20,5,4,feasible,20,5,4,feasible,4,0,complete,20,complete,20,complete,20,complete,20
137054,2797,0,1,1,feasible,20,10,4,6,5,4,feasible,20,5,4,feasible,20,5,4,feasible,4,0,complete,20,complete,20,complete,20,complete,20
137103,2798,0,1,1,feasible,20,10,4,7,5,4,feasible,20,5,4,feasible,20,5,4,feasible,4,0,complete,20,complete,20,complete,20,complete,20
137152,2799,0,1,1,feasible,20,14,4,8,5,4,feasible,20,5,4,feasible,20,5,4,feasible,4,0,complete,20,complete,20,complete,20,complete,20
137208,2800,1,1,1,feasible,15,10,3,6,7,6,feasible,15,6,7,feasible,15,6,7,feasible,4,0,complete,16,complete,15,complete,16,complete,15
137257,2801,1,1,1,feasible,20,10,4,7,5,4,feasible,20,5,4,feasible,20,5,4,feasible,4,0,complete,20,complete,20,complete,20,complete,20
137306,2802,1,1,1,feasible,15,10,3,6,7,6,feasible,15,6,7,feasible,15,6,7,feasible,4,0,complete,16,complete,15,complete,15,complete,15
137355,2803,1,1,1,feasible,20,10,4,7,5,4,feasible,20,5,4,feasible,20,5,4,feasible,4,0,complete,20,complete,20,complete,20,complete,20
137404,2804,1,1,1,feasible,20,14,4,8,5,4,feasible,20,5,4,feasible,20,5,4,feasible,4,0,complete,20,complete,20,complete,20,complete,20
137453,2805,1,1,1,feasible,20,10,4,7,5,4,feasible,20,5,4,feasible,20,5,4,feasible,4,0,complete,20,complete,20,complete,20,complete,20
137502,2806,1,1,1,feasible,20,14,4,8,5,4,feasible,20,5,4,feasible,20,5,4,feasible,4,0,complete,20,complete,20,complete,20,complete,20
137551,2807,1,1,1,feasible,20,14,4,9,5,4,feasible,20,5,4,feasible,20,5,4,feasible,4,0,complete,20,complete,20,complete,20,complete,20
137595,2808,0,3,1,feasible,6,6,2,4,6,6,feasible,6,5,6,feasible,6,5,6,feasible,3,1,complete,11,complete,11,complete,11,complete,6
137644,2809,0,3,1,feasible,15,10,3,5,4,3,feasible,15,4,3,feasible,15,4,3,feasible,3,0,complete,15,complete,15,complete,15,complete,15
137692,2810,0,2,1,feasible,6,6,2,4,6,6,feasible,6,5,6,feasible,6,5,6,feasible,3,1,complete,11,complete,11,complete,11,complete,6
137741,2811,0,2,1,feasible,15,10,3,5,4,3,feasible,15,4,3,feasible,15,4,3,feasible,3,0,complete,15,complete,15,complete,15,complete,15
137790,2812,0,2,1,feasible,15,10,3,6,4,3,feasible,15,4,3,feasible,15,4,3,feasible,3,0,complete,15,complete,15,complete,15,complete,15
137838,2813,0,1,1,feasible,15,10,3,5,4,3,feasible,15,4,3,feasible,15,4,3,feasible,3,0,complete,15,complete,15,complete,15,complete,15
137887,2814,0,1,1,feasible,15,10,3,6,4,3,feasible,15,4,3,feasible,15,4,3,feasible,3,0,complete,15,complete,15,complete,15,complete,15
137943,2815,1,1,1,feasible,15,10,3,7,4,3,feasible,15,4,3,feasible,15,4,3,feasible,3,0,complete,15,complete,15,complete,15,complete,15
137986,2816,0,2,1,feasible,6,6,2,4,9,10,feasible,6,7,11,feasible,6,7,11,feasible,4,1,complete,12,complete,11,complete,11,complete,6
138035,2817,0,2,1,feasible,15,10,3,5,7,7,feasible,15,6,7,feasible,15,6,7,feasible,4,0,complete,16,complete,15,complete,15,complete,16
138083,2818,0,1,1,feasible,6,6,2,4,9,10,feasible,6,7,11,feasible,6,7,11,feasible,4,1,complete,12,complete,6,complete,11,complete,6
138132,2819,0,1,1,feasible,15,10,3,5,7,7,feasible,15,6,7,feasible,15,6,7,feasible,4,0,complete,16,complete,15,complete,15,complete,16
138181,2820,0,1,1,feasible,15,10,3,6,7,7,feasible,15,6,7,feasible,15,6,7,feasible,4,0,complete,16,complete,15,complete,15,complete,16
138229,2821,0,0,1,feasible,16,10,4,5,5,4,feasible,16,5,4,feasible,16,5,4,feasible,4,0,complete,16,complete,16,complete,16,complete,16
138278,2822,0,0,1,feasible,16,10,4,6,5,4,feasible,16,5,4,feasible,16,5,4,feasible,4,0,complete,16,complete,16,complete,16,complete,16
138334,2823,1,0,1,feasible,16,10,4,7,5,4,feasible,16,5,4,feasible,16,5,4,feasible,4,0,complete,16,complete,16,complete,16,complete,16
138378,2824,0,2,1,feasible,15,10,3,5,5,4,feasible,15,5,5,feasible,15,5,5,feasible,4,0,complete,16,complete,15,complete,15,complete,15
138427,2825,0,2,1,feasible,15,10,3,6,5,4,feasible,15,5,5,feasible,15,5,5,feasible,4,0,complete,20,complete,15,complete,15,complete,15
138475,2826,0,1,1,feasible,15,10,3,5,5,4,feasible,15,5,5,feasible,15,5,5,feasible,4,0,complete,16,complete,15,complete,15,complete,15
138524,2827,0,1,1,feasible,15,10,3,6,5,4,feasible,15,5,5,feasible,15,5,5,feasible,4,0,complete,20,complete,15,complete,15,complete,15
138580,2828,1,1,1,feasible,15,10,3,7,7,7,feasible,15,6,7,feasible,15,6,7,feasible,4,0,complete,20,complete,15,complete,15,complete,15
138622,2829,0,1,1,feasible,15,10,3,6,5,4,feasible,15,5,5,feasible,15,5,5,feasible,4,0,complete,20,complete,15,complete,20,complete,15
138677,2830,1,0,1,feasible,20,10,4,7,5,4,feasible,20,5,4,feasible,20,5,4,feasible,4,0,complete,20,complete,20,complete,20,complete,20
138733,2831,2,0,1,feasible,20,10,4,8,5,4,feasible,20,5,4,feasible,20,5,4,feasible,4,0,complete,20,complete,20,complete,20,complete,20
138769,2832,0,1,1,feasible,6,6,2,4,9,10,feasible,6,7,11,feasible,6,7,11,feasible,4,1,complete,12,complete,6,complete,11,complete,6
138818,2833,0,1,1,feasible,15,10,3,5,7,7,feasible,15,6,7,feasible,15,6,7,feasible,4,0,complete,16,complete,15,complete,15,complete,16
138866,2834,0,0,1,feasible,6,6,2,4,7,7,feasible,6,6,8,feasible,6,6,8,feasible,4,1,complete,12,complete,6,complete,6,complete,6
138915,2835,0,0,1,feasible,16,10,4,5,5,4,feasible,16,5,4,feasible,16,5,4,feasible,4,0,complete,16,complete,16,complete,16,complete,16
138964,2836,0,0,1,feasible,16,10,4,6,5,4,feasible,16,5,4,feasible,16,5,4,feasible,4,0,complete,16,complete,16,complete,16,complete,16
139013,2837,0,0,1,feasible,16,10,4,5,5,4,feasible,16,5,4,feasible,16,5,4,feasible,4,0,complete,16,complete,16,complete,16,complete,16
139062,2838,0,0,1,feasible,16,10,4,6,5,4,feasible,16,5,4,feasible,16,5,4,feasible,4,0,complete,16,complete,16,complete,16,complete,16
139118,2839,1,0,1,feasible,16,10,4,7,5,4,feasible,16,5,4,feasible,16,5,4,feasible,4,0,complete,16,complete,16,complete,16,complete,16
139161,2840,0,1,1,feasible,15,10,3,5,5,4,feasible,15,5,5,feasible,15,5,5,feasible,4,0,complete,16,complete,15,complete,15,complete,15
139210,2841,0,1,1,feasible,15,10,3,6,5,4,feasible,15,5,5,feasible,15,5,5,feasible,4,0,complete,20,complete,15,complete,15,complete,15
139265,2842,1,0,1,feasible,10,10,2,5,7,7,feasible,10,6,8,feasible,10,6,8,feasible,4,1,complete,16,complete,10,complete,10,complete,10
139308,2843,0,1,1,feasible,15,10,3,6,5,4,feasible,15,5,5,feasible,15,5,5,feasible,4,0,complete,20,complete,15,complete,15,complete,15
139363,2844,1,0,1,feasible,20,10,4,7,5,4,feasible,20,5,4,feasible,20,5,4,feasible,4,0,complete,20,complete,20,complete,20,complete,20
139406,2845,0,1,1,feasible,15,10,3,6,5,4,feasible,15,5,5,feasible,15,5,5,feasible,4,0,complete,20,complete,15,complete,15,complete,15
139461,2846,1,0,1,feasible,20,10,4,7,5,4,feasible,20,5,4,feasible,20,5,4,feasible,4,0,complete,20,complete,20,complete,20,complete,20
139505,2847,0,2,1,feasible,20,10,4,8,5,4,feasible,20,5,4,feasible,20,5,4,feasible,4,0,complete,20,complete,20,complete,20,complete,20
139553,2848,0,1,1,feasible,15,10,3,6,5,4,feasible,15,5,5,feasible,15,5,5,feasible,4,0,complete,16,complete,15,complete,15,complete,15
139609,2849,1,1,1,feasible,15,10,3,7,5,4,feasible,15,5,5,feasible,15,5,5,feasible,4,0,complete,20,complete,15,complete,15,complete,15
139651,2850,0,1,1,feasible,15,10,3,6,5,4,feasible,15,5,5,feasible,15,5,5,feasible,4,0,complete,16,complete,15,complete,15,complete,15
139707,2851,1,1,1,feasible,15,10,3,7,5,4,feasible,15,5,5,feasible,15,5,5,feasible,4,0,complete,20,complete,15,complete,15,complete,15
139750,2852,0,2,1,feasible,20,10,4,8,5,4,feasible,20,5,4,feasible,20,5,4,feasible,4,0,complete,20,complete,20,complete,20,complete,20
139805,2853,1,1,1,feasible,15,10,3,7,5,4,feasible,15,5,5,feasible,15,5,5,feasible,4,0,complete,20,complete,15,complete,15,complete,15
139848,2854,0,2,1,feasible,20,10,4,8,5,4,feasible,20,5,4,feasible,20,5,4,feasible,4,0,complete,20,complete,20,complete,20,complete,20
139897,2855,0,2,1,feasible,20,14,4,9,5,4,feasible,20,5,4,feasible,20,5,4,feasible,4,0,complete,20,complete,20,complete,20,complete,20
139951,2856,1,0,1,feasible,10,10,2,5,7,7,feasible,10,6,8,feasible,10,6,8,feasible,4,1,complete,16,complete,10,complete,16,complete,10
139994,2857,0,1,1,feasible,15,10,3,6,7,6,feasible,15,6,7,feasible,15,6,7,feasible,4,0,complete,20,complete,15,complete,20,complete,15
140049,2858,1,0,1,feasible,10,10,2,5,7,7,feasible,10,6,8,feasible,10,6,8,feasible,4,1,complete,16,complete,10,complete,10,complete,10
140092,2859,0,1,1,feasible,15,10,3,6,7,6,feasible,15,6,7,feasible,15,6,7,feasible,4,0,complete,20,complete,15,complete,15,complete,15
140141,2860,0,1,1,feasible,20,10,4,7,5,4,feasible,20,5,4,feasible,20,5,4,feasible,4,0,complete,20,complete,20,complete,20,complete,20
140190,2861,0,1,1,feasible,15,10,3,6,7,6,feasible,15,6,7,feasible,15,6,7,feasible,4,0,complete,20,complete,15,complete,15,complete,15
140239,2862,0,1,1,feasible,20,10,4,7,5,4,feasible,20,5,4,feasible,20,5,4,feasible,4,0,complete,20,complete,20,complete,20,complete,20
140288,2863,0,1,1,feasible,20,10,4,8,5,4,feasible,20,5,4,feasible,20,5,4,feasible,4,0,complete,20,complete,20,complete,20,complete,20
140337,2864,0,1,1,feasible,15,10,3,6,7,6,feasible,15,6,7,feasible,15,6,7,feasible,4,0,complete,16,complete,15,complete,16,complete,15
140386,2865,0,1,1,feasible,20,10,4,7,5,4,feasible,20,5,4,feasible,20,5,4,feasible,4,0,complete,20,complete,20,complete,20,complete,20
140435,2866,0,1,1,feasible,15,10,3,6,7,6,feasible,15,6,7,feasible,15,6,7,feasible,4,0,complete,16,complete,15,complete,15,complete,15
140484,2867,0,1,1,feasible,20,10,4,7,5,4,feasible,20,5,4,feasible,20,5,4,feasible,4,0,complete,20,complete,20,complete,20,complete,20
140533,2868,0,1,1,feasible,20,10,4,8,5,4,feasible,20,5,4,feasible,20,5,4,feasible,4,0,complete,20,complete,20,complete,20,complete,20
140582,2869,0,1,1,feasible,20,10,4,7,5,4,feasible,20,5,4,feasible,20,5,4,feasible,4,0,complete,20,complete,20,complete,20,complete,20
140631,2870,0,1,1,feasible,20,10,4,8,5,4,feasible,20,5,4,feasible,20,5,4,feasible,4,0,complete,20,complete,20,complete,20,complete,20
140680,2871,0,1,1,feasible,20,14,4,9,5,4,feasible,20,5,4,feasible,20,5,4,feasible,4,0,complete,20,complete,20,complete,20,complete,20
140736,2872,1,1,1,feasible,15,10,3,7,7,6,feasible,15,6,7,feasible,15,6,7,feasible,4,0,complete,16,complete,15,complete,16,complete,15
140785,2873,1,1,1,feasible,20,10,4,8,5,4,feasible,20,5,4,feasible,20,5,4,feasible,4,0,complete,20,complete,20,complete,20,complete,20
140834,2874,1,1,1,feasible,15,10,3,7,7,6,feasible,15,6,7,feasible,15,6,7,feasible,4,0,complete,16,complete,15,complete,15,complete,15
140883,2875,1,1,1,feasible,20,10,4,8,5,4,feasible,20,5,4,feasible,20,5,4,feasible,4,0,complete,20,complete,20,complete,20,complete,20
140932,2876,1,1,1,feasible,20,14,4,9,5,4,feasible,20,5,4,feasible,20,5,4,feasible,4,0,complete,20,complete,20,complete,20,complete,20
140981,2877,1,1,1,feasible,20,10,4,8,5,4,feasible,20,5,4,feasible,20,5,4,feasible,4,0,complete,20,complete,20,complete,20,complete,20
141030,2878,1,1,1,feasible,20,14,4,9,5,4,feasible,20,5,4,feasible,20,5,4,feasible,4,0,complete,20,complete,20,complete,20,complete,20
141079,2879,1,1,1,feasible,20,14,4,10,5,4,feasible,20,5,4,feasible,20,5,4,feasible,4,0,complete,20,complete,20,complete,20,complete,20
141121,2880,0,1,1,feasible,6,6,2,2,4,3,feasible,6,4,4,feasible,6,4,4,feasible,3,1,complete,7,complete,6,complete,6,complete,6
141171,2881,0,2,1,feasible,10,10,2,3,6,5,feasible,10,5,6,feasible,10,5,6,feasible,3,1,complete,11,complete,10,complete,10,complete,10
141218,2882,0,0,1,feasible,6,6,2,2,4,3,feasible,6,4,4,feasible,6,4,4,feasible,3,1,complete,7,complete,6,complete,6,complete,6
141274,2883,1,0,1,feasible,10,10,2,3,4,3,feasible,10,4,4,feasible,10,4,4,feasible,3,1,complete,11,complete,10,complete,10,complete,10
141318,2884,0,2,1,feasible,10,10,2,4,6,5,feasible,10,5,6,feasible,10,5,6,feasible,3,1,complete,11,complete,10,complete,10,complete,10
141372,2885,1,0,1,feasible,10,10,2,3,4,3,feasible,10,4,4,feasible,10,4,4,feasible,3,1,complete,11,complete,10,complete,10,complete,10
141416,2886,0,2,1,feasible,10,10,2,4,6,5,feasible,10,5,6,feasible,10,5,6,feasible,3,1,complete,11,complete,10,complete,10,complete,10
141465,2887,0,2,1,feasible,10,10,2,5,4,3,feasible,10,4,4,feasible,10,4,4,feasible,3,1,complete,11,complete,10,complete,10,complete,10
141512,2888,0,0,1,feasible,6,6,2,2,5,4,feasible,6,5,6,feasible,6,5,6,feasible,4,1,complete,8,complete,6,complete,6,complete,6
141568,2889,1,0,1,feasible,10,10,2,3,5,4,feasible,10,5,6,feasible,10,5,6,feasible,4,1,complete,12,complete,10,complete,10,complete,11
141610,2890,0,0,1,feasible,6,6,2,2,5,4,feasible,6,5,6,feasible,6,5,6,feasible,4,1,complete,8,complete,6,complete,6,complete,6
141666,2891,1,0,1,feasible,10,10,2,3,5,4,feasible,10,5,6,feasible,10,5,6,feasible,4,1,complete,12,complete,10,complete,10,complete,11
141709,2892,0,1,1,feasible,11,10,3,4,7,6,feasible,11,6,7,feasible,11,6,7,feasible,4,0,complete,12,complete,11,complete,11,complete,11
141764,2893,1,0,1,feasible,10,10,2,3,5,4,feasible,10,5,6,feasible,10,5,6,feasible,4,1,complete,12,complete,10,complete,11,complete,11
141807,2894,0,1,1,feasible,11,10,3,4,7,6,feasible,11,6,7,feasible,11,6,7,feasible,4,0,complete,12,complete,11,complete,11,complete,11
141856,2895,0,1,1,feasible,11,10,3,5,5,4,feasible,11,5,5,feasible,11,5,5,feasible,4,0,complete,12,complete,11,complete,11,complete,11
141911,2896,1,0,1,feasible,10,10,2,3,5,4,feasible,10,5,6,feasible,10,5,6,feasible,4,1,complete,12,complete,10,complete,10,complete,10
141955,2897,0,2,1,feasible,10,10,2,4,9,9,feasible,10,7,11,feasible,10,7,11,feasible,4,1,complete,16,complete,10,complete,10,complete,10
142009,2898,1,0,1,feasible,10,10,2,3,5,4,feasible,10,5,6,feasible,10,5,6,feasible,4,1,complete,12,complete,10,complete,10,complete,10
142053,2899,0,2,1,feasible,10,10,2,4,9,9,feasible,10,7,11,feasible,10,7,11,feasible,4,1,complete,16,complete,10,complete,10,complete,10
142102,2900,0,2,1,feasible,10,10,2,5,7,7,feasible,10,6,8,feasible,10,6,8,feasible,4,1,complete,16,complete,10,complete,10,complete,10
142151,2901,0,2,1,feasible,10,10,2,4,9,9,feasible,10,7,11,feasible,10,7,11,feasible,4,1,complete,16,complete,10,complete,15,complete,10
142200,2902,0,2,1,feasible,10,10,2,5,7,7,feasible,10,6,8,feasible,10,6,8,feasible,4,1,complete,16,complete,10,complete,15,complete,10
142255,2903,1,1,1,feasible,15,10,3,6,5,4,feasible,15,5,5,feasible,15,5,5,feasible,4,0,complete,16,complete,15,complete,15,complete,15
142296,2904,0,0,1,feasible,6,6,2,2,9,9,feasible,6,7,11,feasible,6,7,11,feasible,4,1,complete,8,complete,6,complete,6,complete,6
142345,2905,0,0,1,feasible,11,10,3,3,7,6,feasible,11,6,7,feasible,11,6,7,feasible,4,0,complete,12,complete,11,complete,11,complete,11
142394,2906,0,0,1,feasible,6,6,2,2,9,9,feasible,6,7,11,feasible,6,7,11,feasible,4,1,complete,8,complete,6,complete,6,complete,6
142443,2907,0,0,1,feasible,11,10,3,3,7,6,feasible,11,6,7,feasible,11,6,7,feasible,4,0,complete,12,complete,11,complete,11,complete,11
142492,2908,0,0,1,feasible,11,10,3,4,7,6,feasible,11,6,7,feasible,11,6,7,feasible,4,0,complete,12,complete,11,complete,11,complete,11
142541,2909,0,0,1,feasible,11,10,3,3,7,6,feasible,11,6,7,feasible,11,6,7,feasible,4,0,complete,12,complete,11,complete,11,complete,11
142590,2910,0,0,1,feasible,11,10,3,4,7,6,feasible,11,6,7,feasible,11,6,7,feasible,4,0,complete,12,complete,11,complete,11,complete,11
142639,2911,0,0,1,feasible,11,10,3,5,5,4,feasible,11,5,5,feasible,11,5,5,feasible,4,0,complete,12,complete,11,complete,11,complete,11
142695,2912,1,0,1,feasible,10,10,2,3,9,9,feasible,10,7,11,feasible,10,7,11,feasible,4,1,complete,12,complete,10,complete,10,complete,10
142744,2913,1,0,1,feasible,15,10,3,4,7,6,feasible,15,6,7,feasible,15,6,7,feasible,4,0,complete,16,complete,15,complete,15,complete,15
142793,2914,1,0,1,feasible,10,10,2,3,9,9,feasible,10,7,11,feasible,10,7,11,feasible,4,1,complete,12,complete,10,complete,10,complete,10
142842,2915,1,0,1,feasible,15,10,3,4,7,6,feasible,15,6,7,feasible,15,6,7,feasible,4,0,complete,16,complete,15,complete,15,complete,15
142891,2916,1,0,1,feasible,15,10,3,5,7,6,feasible,15,6,7,feasible,15,6,7,feasible,4,0,complete,16,complete,15,complete,15,complete,15
142940,2917,1,0,1,feasible,15,10,3,4,7,6,feasible,15,6,7,feasible,15,6,7,feasible,4,0,complete,16,complete,15,complete,15,complete,15
142989,2918,1,0,1,feasible,15,10,3,5,7,6,feasible,15,6,7,feasible,15,6,7,feasible,4,0,complete,16,complete,15,complete,15,complete,15
143038,2919,1,0,1,feasible,15,10,3,6,5,4,feasible,15,5,5,feasible,15,5,5,feasible,4,0,complete,16,complete,15,complete,15,complete,15
143082,2920,0,2,1,feasible,10,10,2,4,9,9,feasible,10,7,11,feasible,10,7,11,feasible,4,1,complete,12,complete,10,complete,10,complete,10
143131,2921,0,2,1,feasible,10,10,2,5,7,7,feasible,10,6,8,feasible,10,6,8,feasible,4,1,complete,16,complete,10,complete,10,complete,10
143180,2922,0,2,1,feasible,10,10,2,4,9,9,feasible,10,7,11,feasible,10,7,11,feasible,4,1,complete,12,complete,10,complete,10,complete,10
143229,2923,0,2,1,feasible,10,10,2,5,7,7,feasible,10,6,8,feasible,10,6,8,feasible,4,1,complete,16,complete,10,complete,10,complete,10
143290,2924,2,0,1,feasible,15,10,3,6,7,6,feasible,15,6,7,feasible,15,6,7,feasible,4,0,complete,16,complete,15,complete,15,complete,15
143327,2925,0,2,1,feasible,10,10,2,5,7,7,feasible,10,6,8,feasible,10,6,8,feasible,4,1,complete,16,complete,10,complete,10,complete,10
143388,2926,2,0,1,feasible,15,10,3,6,7,6,feasible,15,6,7,feasible,15,6,7,feasible,4,0,complete,16,complete,15,complete,15,complete,15
143437,2927,2,0,1,feasible,15,14,3,7,5,4,feasible,15,5,5,feasible,15,5,5,feasible,4,0,complete,16,complete,15,complete,15,complete,15
143479,2928,1,0,1,feasible,10,10,2,3,9,9,feasible,10,7,11,feasible,10,7,11,feasible,4,1,complete,12,complete,10,complete,11,complete,10
143528,2929,1,0,1,feasible,15,10,3,4,7,6,feasible,15,6,7,feasible,15,6,7,feasible,4,0,complete,16,complete,15,complete,15,complete,15
143577,2930,1,0,1,feasible,10,10,2,3,9,9,feasible,10,7,11,feasible,10,7,11,feasible,4,1,complete,12,complete,10,complete,10,complete,10
143626,2931,1,0,1,feasible,15,10,3,4,7,6,feasible,15,6,7,feasible,15,6,7,feasible,4,0,complete,16,complete,15,complete,15,complete,15
143675,2932,1,0,1,feasible,15,10,3,5,7,6,feasible,15,6,7,feasible,15,6,7,feasible,4,0,complete,16,complete,15,complete,15,complete,15
143724,2933,1,0,1,feasible,15,10,3,4,7,6,feasible,15,6,7,feasible,15,6,7,feasible,4,0,complete,16,complete,15,complete,15,complete,15
143773,2934,1,0,1,feasible,15,10,3,5,7,6,feasible,15,6,7,feasible,15,6,7,feasible,4,0,complete,16,complete,15,complete,15,complete,15
143822,2935,1,0,1,feasible,15,10,3,6,5,4,feasible,15,5,5,feasible,15,5,5,feasible,4,0,complete,16,complete,15,complete,15,complete,15
143866,2936,0,2,1,feasible,10,10,2,4,9,9,feasible,10,7,11,feasible,10,7,11,feasible,4,1,complete,12,complete,10,complete,11,complete,10
143915,2937,0,2,1,feasible,10,10,2,5,7,7,feasible,10,6,8,feasible,10,6,8,feasible,4,1,complete,16,complete,10,complete,15,complete,10
143964,2938,0,2,1,feasible,10,10,2,4,9,9,feasible,10,7,11,feasible,10,7,11,feasible,4,1,complete,12,complete,10,complete,10,complete,10
144013,2939,0,2,1,feasible,10,10,2,5,7,7,feasible,10,6,8,feasible,10,6,8,feasible,4,1,complete,16,complete,10,complete,10,complete,10
144074,2940,2,0,1,feasible,15,10,3,6,7,6,feasible,15,6,7,feasible,15,6,7,feasible,4,0,complete,16,complete,15,complete,15,complete,15
144111,2941,0,2,1,feasible,10,10,2,5,7,7,feasible,10,6,8,feasible,10,6,8,feasible,4,1,complete,16,complete,10,complete,10,complete,10
144172,2942,2,0,1,feasible,15,10,3,6,7,6,feasible,15,6,7,feasible,15,6,7,feasible,4,0,complete,16,complete,15,complete,15,complete,15
144221,2943,2,0,1,feasible,15,14,3,7,5,4,feasible,15,5,5,feasible,15,5,5,feasible,4,0,complete,16,complete,15,complete,15,complete,15
144258,2944,0,2,1,feasible,10,10,2,5,5,4,feasible,10,5,6,feasible,10,5,6,feasible,4,1,complete,12,complete,10,complete,11,complete,10
144314,2945,1,2,1,feasible,10,10,2,6,7,7,feasible,10,6,8,feasible,10,6,8,feasible,4,1,complete,16,complete,10,complete,15,complete,10
144356,2946,0,2,1,feasible,10,10,2,5,5,4,feasible,10,5,6,feasible,10,5,6,feasible,4,1,complete,12,complete,10,complete,10,complete,10
144412,2947,1,2,1,feasible,10,10,2,6,7,7,feasible,10,6,8,feasible,10,6,8,feasible,4,1,complete,16,complete,10,complete,10,complete,10
144473,2948,3,0,1,feasible,15,14,3,7,7,6,feasible,15,6,7,feasible,15,6,7,feasible,4,0,complete,16,complete,15,complete,15,complete,15
144510,2949,1,2,1,feasible,10,10,2,6,7,7,feasible,10,6,8,feasible,10,6,8,feasible,4,1,complete,16,complete,10,complete,10,complete,10
144571,2950,3,0,1,feasible,15,14,3,7,7,6,feasible,15,6,7,feasible,15,6,7,feasible,4,0,complete,16,complete,15,complete,15,complete,15
144620,2951,3,0,1,feasible,15,14,3,8,5,4,feasible,15,5,5,feasible,15,5,5,feasible,4,0,complete,16,complete,15,complete,15,complete,15
144650,2952,0,2,1,feasible,6,6,2,3,6,6,feasible,6,5,6,feasible,6,5,6,feasible,3,1,complete,11,complete,11,complete,11,complete,6
144699,2953,0,2,1,feasible,15,10,3,4,4,3,feasible,15,4,3,feasible,15,4,3,feasible,3,0,complete,15,complete,15,complete,15,complete,15
144747,2954,0,1,1,feasible,6,6,2,3,4,3,feasible,6,4,4,feasible,6,4,4,feasible,3,1,complete,11,complete,6,complete,6,complete,6
144803,2955,1,1,1,feasible,10,10,2,4,4,3,feasible,10,4,4,feasible,10,4,4,feasible,3,1,complete,15,complete,10,complete,10,complete,10
144846,2956,0,2,1,feasible,15,10,3,5,4,3,feasible,15,4,3,feasible,15,4,3,feasible,3,0,complete,15,complete,15,complete,15,complete,15
144900,2957,1,0,1,feasible,10,10,2,4,4,3,feasible,10,4,4,feasible,10,4,4,feasible,3,1,complete,15,complete,10,complete,10,complete,10
144956,2958,2,0,1,feasible,10,10,2,5,4,3,feasible,10,4,4,feasible,10,4,4,feasible,3,1,complete,15,complete,10,complete,10,complete,10
144994,2959,0,3,1,feasible,10,10,2,6,4,3,feasible,10,4,4,feasible,10,4,4,feasible,3,1,complete,15,complete,10,complete,10,complete,10
145041,2960,0,1,1,feasible,6,6,2,3,7,7,feasible,6,6,8,feasible,6,6,8,feasible,4,1,complete,12,complete,6,complete,6,complete,6
145090,2961,0,1,1,feasible,16,10,4,4,5,4,feasible,16,5,4,feasible,16,5,4,feasible,4,0,complete,16,complete,16,complete,16,complete,16
145138,2962,0,0,1,feasible,6,6,2,3,5,4,feasible,6,5,6,feasible,6,5,6,feasible,4,1,complete,12,complete,6,complete,6,complete,6
145194,2963,1,0,1,feasible,10,10,2,4,5,4,feasible,10,5,6,feasible,10,5,6,feasible,4,1,complete,16,complete,10,complete,10,complete,11
145237,2964,0,1,1,feasible,16,10,4,5,5,4,feasible,16,5,4,feasible,16,5,4,feasible,4,0,complete,16,complete,16,complete,16,complete,16
145292,2965,1,0,1,feasible,10,10,2,4,5,4,feasible,10,5,6,feasible,10,5,6,feasible,4,1,complete,16,complete,10,complete,11,complete,11
145335,2966,0,1,1,feasible,16,10,4,5,5,4,feasible,16,5,4,feasible,16,5,4,feasible,4,0,complete,16,complete,16,complete,16,complete,16
145385,2967,0,2,1,feasible,11,10,3,6,7,7,feasible,11,6,7,feasible,11,6,7,feasible,4,0,complete,16,complete,16,complete,16,complete,11
145440,2968,1,1,1,feasible,10,10,2,4,7,7,feasible,10,6,8,feasible,10,6,8,feasible,4,1,complete,16,complete,10,complete,10,complete,10
145483,2969,0,2,1,feasible,15,10,3,5,7,6,feasible,15,6,7,feasible,15,6,7,feasible,4,0,complete,20,complete,15,complete,15,complete,15
145537,2970,1,0,1,feasible,10,10,2,4,5,4,feasible,10,5,6,feasible,10,5,6,feasible,4,1,complete,16,complete,10,complete,10,complete,10
145593,2971,2,0,1,feasible,10,10,2,5,5,4,feasible,10,5,6,feasible,10,5,6,feasible,4,1,complete,20,complete,10,complete,10,complete,10
145630,2972,0,2,1,feasible,20,10,4,6,5,4,feasible,20,5,4,feasible,20,5,4,feasible,4,0,complete,20,complete,20,complete,20,complete,20
145691,2973,2,0,1,feasible,10,10,2,5,5,4,feasible,10,5,6,feasible,10,5,6,feasible,4,1,complete,20,complete,10,complete,15,complete,10
145728,2974,0,2,1,feasible,20,10,4,6,5,4,feasible,20,5,4,feasible,20,5,4,feasible,4,0,complete,20,complete,20,complete,20,complete,20
145784,2975,1,2,1,feasible,15,10,3,7,7,7,feasible,15,6,7,feasible,15,6,7,feasible,4,0,complete,20,complete,20,complete,20,complete,20
145824,2976,0,0,1,feasible,6,6,2,3,7,7,feasible,6,6,8,feasible,6,6,8,feasible,4,1,complete,12,complete,6,complete,6,complete,6
145873,2977,0,0,1,feasible,16,10,4,4,5,4,feasible,16,5,4,feasible,16,5,4,feasible,4,0,complete,16,complete,16,complete,16,complete,16
145922,2978,0,0,1,feasible,6,6,2,3,7,7,feasible,6,6,8,feasible,6,6,8,feasible,4,1,complete,12,complete,6,complete,6,complete,6
145971,2979,0,0,1,feasible,16,10,4,4,5,4,feasible,16,5,4,feasible,16,5,4,feasible,4,0,complete,16,complete,16,complete,16,complete,16
146020,2980,0,0,1,feasible,16,10,4,5,5,4,feasible,16,5,4,feasible,16,5,4,feasible,4,0,complete,16,complete,16,complete,16,complete,16
146069,2981,0,0,1,feasible,16,10,4,4,5,4,feasible,16,5,4,feasible,16,5,4,feasible,4,0,complete,16,complete,16,complete,16,complete,16
146118,2982,0,0,1,feasible,16,10,4,5,5,4,feasible,16,5,4,feasible,16,5,4,feasible,4,0,complete,16,complete,16,complete,16,complete,16
146168,2983,0,1,1,feasible,11,10,3,6,5,4,feasible,11,5,5,feasible,11,5,5,feasible,4,0,complete,16,complete,11,complete,11,complete,11
146223,2984,1,0,1,feasible,10,10,2,4,7,7,feasible,10,6,8,feasible,10,6,8,feasible,4,1,complete,16,complete,10,complete,10,complete,10
146272,2985,1,0,1,feasible,20,10,4,5,5,4,feasible,20,5,4,feasible,20,5,4,feasible,4,0,complete,20,complete,20,complete,20,complete,20
146321,2986,1,0,1,feasible,10,10,2,4,7,7,feasible,10,6,8,feasible,10,6,8,feasible,4,1,complete,16,complete,10,complete,10,complete,10
146370,2987,1,0,1,feasible,20,10,4,5,5,4,feasible,20,5,4,feasible,20,5,4,feasible,4,0,complete,20,complete,20,complete,20,complete,20
146419,2988,1,0,1,feasible,20,10,4,6,5,4,feasible,20,5,4,feasible,20,5,4,feasible,4,0,complete,20,complete,20,complete,20,complete,20
146468,2989,1,0,1,feasible,20,10,4,5,5,4,feasible,20,5,4,feasible,20,5,4,feasible,4,0,complete,20,complete,20,complete,20,complete,20
146517,2990,1,0,1,feasible,20,10,4,6,5,4,feasible,20,5,4,feasible,20,5,4,feasible,4,0,complete,20,complete,20,complete,20,complete,20
146567,2991,1,1,1,feasible,15,10,3,7,5,4,feasible,15,5,5,feasible,15,5,5,feasible,4,0,complete,20,complete,15,complete,15,complete,15
146622,2992,2,0,1,feasible,10,10,2,5,7,7,feasible,10,6,8,feasible,10,6,8,feasible,4,1,complete,16,complete,10,complete,10,complete,10
146659,2993,0,2,1,feasible,20,10,4,6,5,4,feasible,20,5,4,feasible,20,5,4,feasible,4,0,complete,20,complete,20,complete,20,complete,20
146720,2994,2,0,1,feasible,10,10,2,5,7,7,feasible,10,6,8,feasible,10,6,8,feasible,4,1,complete,16,complete,10,complete,10,complete,10
146757,2995,0,2,1,feasible,20,10,4,6,5,4,feasible,20,5,4,feasible,20,5,4,feasible,4,0,complete,20,complete,20,complete,20,complete,20
146818,2996,2,0,1,feasible,20,10,4,7,5,4,feasible,20,5,4,feasible,20,5,4,feasible,4,0,complete,20,complete,20,complete,20,complete,20
146855,2997,0,2,1,feasible,20,10,4,6,5,4,feasible,20,5,4,feasible,20,5,4,feasible,4,0,complete,20,complete,20,complete,20,complete,20
146916,2998,2,0,1,feasible,20,10,4,7,5,4,feasible,20,5,4,feasible,20,5,4,feasible,4,0,complete,20,complete,20,complete,20,complete,20
146966,2999,2,1,1,feasible,15,14,3,8,5,4,feasible,15,5,5,feasible,15,5,5,feasible,4,0,complete,20,complete,15,complete,15,complete,15
147007,3000,1,0,1,feasible,10,10,2,4,9,9,feasible,10,7,11,feasible,10,7,11,feasible,4,1,complete,16,complete,10,complete,11,complete,10
147056,3001,1,0,1,feasible,15,10,3,5,7,6,feasible,15,6,7,feasible,15,6,7,feasible,4,0,complete,20,complete,15,complete,15,complete,15
147105,3002,1,0,1,feasible,10,10,2,4,9,9,feasible,10,7,11,feasible,10,7,11,feasible,4,1,complete,16,complete,10,complete,10,complete,10
147154,3003,1,0,1,feasible,15,10,3,5,7,6,feasible,15,6,7,feasible,15,6,7,feasible,4,0,complete,20,complete,15,complete,15,complete,15
147203,3004,1,0,1,feasible,15,10,3,6,7,6,feasible,15,6,7,feasible,15,6,7,feasible,4,0,complete,20,complete,15,complete,15,complete,15
147252,3005,1,0,1,feasible,15,10,3,5,7,6,feasible,15,6,7,feasible,15,6,7,feasible,4,0,complete,20,complete,15,complete,15,complete,15
147301,3006,1,0,1,feasible,15,10,3,6,7,6,feasible,15,6,7,feasible,15,6,7,feasible,4,0,complete,20,complete,15,complete,15,complete,15
147350,3007,1,0,1,feasible,15,10,3,7,5,4,feasible,15,5,5,feasible,15,5,5,feasible,4,0,complete,20,complete,15,complete,15,complete,15
147406,3008,2,0,1,feasible,10,10,2,5,9,9,feasible,10,7,11,feasible,10,7,11,feasible,4,1,complete,16,complete,10,complete,11,complete,10
147455,3009,2,0,1,feasible,15,10,3,6,7,6,feasible,15,6,7,feasible,15,6,7,feasible,4,0,complete,20,complete,15,complete,15,complete,15
147504,3010,2,0,1,feasible,10,10,2,5,9,9,feasible,10,7,11,feasible,10,7,11,feasible,4,1,complete,16,complete,10,complete,10,complete,10
147553,3011,2,0,1,feasible,15,10,3,6,7,6,feasible,15,6,7,feasible,15,6,7,feasible,4,0,complete,20,complete,15,complete,15,complete,15
147602,3012,2,0,1,feasible,15,10,3,7,7,6,feasible,15,6,7,feasible,15,6,7,feasible,4,0,complete,20,complete,15,complete,15,complete,15
147651,3013,2,0,1,feasible,15,10,3,6,7,6,feasible,15,6,7,feasible,15,6,7,feasible,4,0,complete,20,complete,15,complete,15,complete,15
147700,3014,2,0,1,feasible,15,10,3,7,7,6,feasible,15,6,7,feasible,15,6,7,feasible,4,0,complete,20,complete,15,complete,15,complete,15
147749,3015,2,0,1,feasible,15,14,3,8,5,4,feasible,15,5,5,feasible,15,5,5,feasible,4,0,complete,20,complete,15,complete,15,complete,15
147787,3016,0,3,1,feasible,10,10,2,6,5,4,feasible,10,5,6,feasible,10,5,6,feasible,4,1,complete,16,complete,10,complete,11,complete,10
147854,3017,3,0,1,feasible,15,10,3,7,7,6,feasible,15,6,7,feasible,15,6,7,feasible,4,0,complete,20,complete,15,complete,15,complete,15
147885,3018,0,3,1,feasible,10,10,2,6,5,4,feasible,10,5,6,feasible,10,5,6,feasible,4,1,complete,16,complete,10,complete,10,complete,10
147952,3019,3,0,1,feasible,15,10,3,7,7,6,feasible,15,6,7,feasible,15,6,7,feasible,4,0,complete,20,complete,15,complete,15,complete,15
148001,3020,3,0,1,feasible,15,14,3,8,7,6,feasible,15,6,7,feasible,15,6,7,feasible,4,0,complete,20,complete,15,complete,15,complete,15
148050,3021,3,0,1,feasible,15,10,3,7,7,6,feasible,15,6,7,feasible,15,6,7,feasible,4,0,complete,20,complete,15,complete,15,complete,15
148099,3022,3,0,1,feasible,15,14,3,8,7,6,feasible,15,6,7,feasible,15,6,7,feasible,4,0,complete,20,complete,15,complete,15,complete,15
148148,3023,3,0,1,feasible,15,14,3,9,5,4,feasible,15,5,5,feasible,15,5,5,feasible,4,0,complete,20,complete,15,complete,15,complete,15
148177,3024,0,1,1,feasible,6,6,2,2,4,3,feasible,6,4,4,feasible,6,4,4,feasible,3,1,complete,7,complete,6,complete,6,complete,6
148227,3025,0,2,1,feasible,10,10,2,3,6,5,feasible,10,5,6,feasible,10,5,6,feasible,3,1,complete,11,complete,10,complete,10,complete,10
148274,3026,0,0,1,feasible,6,6,2,2,4,3,feasible,6,4,4,feasible,6,4,4,feasible,3,1,complete,7,complete,6,complete,6,complete,6
148330,3027,1,0,1,feasible,10,10,2,3,4,3,feasible,10,4,4,feasible,10,4,4,feasible,3,1,complete,11,complete,10,complete,10,complete,10
148374,3028,0,2,1,feasible,10,10,2,4,6,5,feasible,10,5,6,feasible,10,5,6,feasible,3,1,complete,11,complete,10,complete,10,complete,10
148428,3029,1,0,1,feasible,10,10,2,3,4,3,feasible,10,4,4,feasible,10,4,4,feasible,3,1,complete,11,complete,10,complete,10,complete,10
148472,3030,0,2,1,feasible,10,10,2,4,6,5,feasible,10,5,6,feasible,10,5,6,feasible,3,1,complete,11,complete,10,complete,10,complete,10
148521,3031,0,2,1,feasible,10,10,2,5,4,3,feasible,10,4,4,feasible,10,4,4,feasible,3,1,complete,11,complete,10,complete,10,complete,10
148568,3032,0,0,1,feasible,6,6,2,2,5,4,feasible,6,5,6,feasible,6,5,6,feasible,4,1,complete,8,complete,6,complete,6,complete,6
148624,3033,1,0,1,feasible,10,10,2,3,5,4,feasible,10,5,6,feasible,10,5,6,feasible,4,1,complete,12,complete,10,complete,10,complete,11
148666,3034,0,0,1,feasible,6,6,2,2,5,4,feasible,6,5,6,feasible,6,5,6,feasible,4,1,complete,8,complete,6,complete,6,complete,6
148722,3035,1,0,1,feasible,10,10,2,3,5,4,feasible,10,5,6,feasible,10,5,6,feasible,4,1,complete,12,complete,10,complete,10,complete,11
148765,3036,0,1,1,feasible,11,10,3,4,7,6,feasible,11,6,7,feasible,11,6,7,feasible,4,0,complete,12,complete,11,complete,11,complete,11
148820,3037,1,0,1,feasible,10,10,2,3,5,4,feasible,10,5,6,feasible,10,5,6,feasible,4,1,complete,12,complete,10,complete,11,complete,11
148863,3038,0,1,1,feasible,11,10,3,4,7,6,feasible,11,6,7,feasible,11,6,7,feasible,4,0,complete,12,complete,11,complete,11,complete,11
148912,3039,0,1,1,feasible,11,10,3,5,5,4,feasible,11,5,5,feasible,11,5,5,feasible,4,0,complete,12,complete,11,complete,11,complete,11
148967,3040,1,0,1,feasible,10,10,2,3,5,4,feasible,10,5,6,feasible,10,5,6,feasible,4,1,complete,12,complete,10,complete,10,complete,10
149011,3041,0,2,1,feasible,10,10,2,4,9,9,feasible,10,7,11,feasible,10,7,11,feasible,4,1,complete,16,complete,10,complete,10,complete,10
149065,3042,1,0,1,feasible,10,10,2,3,5,4,feasible,10,5,6,feasible,10,5,6,feasible,4,1,complete,12,complete,10,complete,10,complete,10
149109,3043,0,2,1,feasible,10,10,2,4,9,9,feasible,10,7,11,feasible,10,7,11,feasible,4,1,complete,16,complete,10,complete,10,complete,10
149158,3044,0,2,1,feasible,10,10,2,5,7,7,feasible,10,6,8,feasible,10,6,8,feasible,4,1,complete,16,complete,10,complete,10,complete,10
149207,3045,0,2,1,feasible,10,10,2,4,9,9,feasible,10,7,11,feasible,10,7,11,feasible,4,1,complete,16,complete,10,complete,15,complete,10
149256,3046,0,2,1,feasible,10,10,2,5,7,7,feasible,10,6,8,feasible,10,6,8,feasible,4,1,complete,16,complete,10,complete,15,complete,10
149305,3047,0,2,1,feasible,10,10,2,6,7,7,feasible,10,6,8,feasible,10,6,8,feasible,4,1,complete,16,complete,10,complete,15,complete,10
149352,3048,0,0,1,feasible,6,6,2,2,9,9,feasible,6,7,11,feasible,6,7,11,feasible,4,1,complete,8,complete,6,complete,6,complete,6
149401,3049,0,0,1,feasible,11,10,3,3,7,6,feasible,11,6,7,feasible,11,6,7,feasible,4,0,complete,12,complete,11,complete,11,complete,11
149450,3050,0,0,1,feasible,6,6,2,2,9,9,feasible,6,7,11,feasible,6,7,11,feasible,4,1,complete,8,complete,6,complete,6,complete,6
149499,3051,0,0,1,feasible,11,10,3,3,7,6,feasible,11,6,7,feasible,11,6,7,feasible,4,0,complete,12,complete,11,complete,11,complete,11
149548,3052,0,0,1,feasible,11,10,3,4,7,6,feasible,11,6,7,feasible,11,6,7,feasible,4,0,complete,12,complete,11,complete,11,complete,11
149597,3053,0,0,1,feasible,11,10,3,3,7,6,feasible,11,6,7,feasible,11,6,7,feasible,4,0,complete,12,complete,11,complete,11,complete,11
149646,3054,0,0,1,feasible,11,10,3,4,7,6,feasible,11,6,7,feasible,11,6,7,feasible,4,0,complete,12,complete,11,complete,11,complete,11
149695,3055,0,0,1,feasible,11,10,3,5,5,4,feasible,11,5,5,feasible,11,5,5,feasible,4,0,complete,12,complete,11,complete,11,complete,11
149751,3056,1,0,1,feasible,10,10,2,3,9,9,feasible,10,7,11,feasible,10,7,11,feasible,4,1,complete,12,complete,10,complete,10,complete,10
149800,3057,1,0,1,feasible,15,10,3,4,7,6,feasible,15,6,7,feasible,15,6,7,feasible,4,0,complete,16,complete,15,complete,15,complete,15
149849,3058,1,0,1,feasible,10,10,2,3,9,9,feasible,10,7,11,feasible,10,7,11,feasible,4,1,complete,12,complete,10,complete,10,complete,10
149898,3059,1,0,1,feasible,15,10,3,4,7,6,feasible,15,6,7,feasible,15,6,7,feasible,4,0,complete,16,complete,15,complete,15,complete,15
149947,3060,1,0,1,feasible,15,10,3,5,7,6,feasible,15,6,7,feasible,15,6,7,feasible,4,0,complete,16,complete,15,complete,15,complete,15
149996,3061,1,0,1,feasible,15,10,3,4,7,6,feasible,15,6,7,feasible,15,6,7,feasible,4,0,complete,16,complete,15,complete,15,complete,15
150045,3062,1,0,1,feasible,15,10,3,5,7,6,feasible,15,6,7,feasible,15,6,7,feasible,4,0,complete,16,complete,15,complete,15,complete,15
150094,3063,1,0,1,feasible,15,10,3,6,5,4,feasible,15,5,5,feasible,15,5,5,feasible,4,0,complete,16,complete,15,complete,15,complete,15
150138,3064,0,2,1,feasible,10,10,2,4,9,9,feasible,10,7,11,feasible,10,7,11,feasible,4,1,complete,12,complete,10,complete,10,complete,10
150187,3065,0,2,1,feasible,10,10,2,5,7,7,feasible,10,6,8,feasible,10,6,8,feasible,4,1,complete,16,complete,10,complete,10,complete,10
150236,3066,0,2,1,feasible,10,10,2,4,9,9,feasible,10,7,11,feasible,10,7,11,feasible,4,1,complete,12,complete,10,complete,10,complete,10
150285,3067,0,2,1,feasible,10,10,2,5,7,7,feasible,10,6,8,feasible,10,6,8,feasible,4,1,complete,16,complete,10,complete,10,complete,10
150334,3068,0,2,1,feasible,10,10,2,6,7,7,feasible,10,6,8,feasible,10,6,8,feasible,4,1,complete,16,complete,10,complete,10,complete,10
150383,3069,0,2,1,feasible,10,10,2,5,7,7,feasible,10,6,8,feasible,10,6,8,feasible,4,1,complete,16,complete,10,complete,10,complete,10
150432,3070,0,2,1,feasible,10,10,2,6,7,7,feasible,10,6,8,feasible,10,6,8,feasible,4,1,complete,16,complete,10,complete,10,complete,10
150493,3071,2,0,1,feasible,15,14,3,7,5,4,feasible,15,5,5,feasible,15,5,5,feasible,4,0,complete,16,complete,15,complete,15,complete,15
150535,3072,1,0,1,feasible,10,10,2,3,9,9,feasible,10,7,11,feasible,10,7,11,feasible,4,1,complete,12,complete,10,complete,11,complete,10
150584,3073,1,0,1,feasible,15,10,3,4,7,6,feasible,15,6,7,feasible,15,6,7,feasible,4,0,complete,16,complete,15,complete,15,complete,15
150633,3074,1,0,1,feasible,10,10,2,3,9,9,feasible,10,7,11,feasible,10,7,11,feasible,4,1,complete,12,complete,10,complete,10,complete,10
150682,3075,1,0,1,feasible,15,10,3,4,7,6,feasible,15,6,7,feasible,15,6,7,feasible,4,0,complete,16,complete,15,complete,15,complete,15
150731,3076,1,0,1,feasible,15,10,3,5,7,6,feasible,15,6,7,feasible,15,6,7,feasible,4,0,complete,16,complete,15,complete,15,complete,15
150780,3077,1,0,1,feasible,15,10,3,4,7,6,feasible,15,6,7,feasible,15,6,7,feasible,4,0,complete,16,complete,15,complete,15,complete,15
150829,3078,1,0,1,feasible,15,10,3,5,7,6,feasible,15,6,7,feasible,15,6,7,feasible,4,0,complete,16,complete,15,complete,15,complete,15
150878,3079,1,0,1,feasible,15,10,3,6,5,4,feasible,15,5,5,feasible,15,5,5,feasible,4,0,complete,16,complete,15,complete,15,complete,15
150922,3080,0,2,1,feasible,10,10,2,4,9,9,feasible,10,7,11,feasible,10,7,11,feasible,4,1,complete,12,complete,10,complete,11,complete,10
150971,3081,0,2,1,feasible,10,10,2,5,7,7,feasible,10,6,8,feasible,10,6,8,feasible,4,1,complete,16,complete,10,complete,15,complete,10
151020,3082,0,2,1,feasible,10,10,2,4,9,9,feasible,10,7,11,feasible,10,7,11,feasible,4,1,complete,12,complete,10,complete,10,complete,10
151069,3083,0,2,1,feasible,10,10,2,5,7,7,feasible,10,6,8,feasible,10,6,8,feasible,4,1,complete,16,complete,10,complete,10,complete,10
151118,3084,0,2,1,feasible,10,10,2,6,7,7,feasible,10,6,8,feasible,10,6,8,feasible,4,1,complete,16,complete,10,complete,10,complete,10
151167,3085,0,2,1,feasible,10,10,2,5,7,7,feasible,10,6,8,feasible,10,6,8,feasible,4,1,complete,16,complete,10,complete,10,complete,10
151216,3086,0,2,1,feasible,10,10,2,6,7,7,feasible,10,6,8,feasible,10,6,8,feasible,4,1,complete,16,complete,10,complete,10,complete,10
151277,3087,2,0,1,feasible,15,14,3,7,5,4,feasible,15,5,5,feasible,15,5,5,feasible,4,0,complete,16,complete,15,complete,15,complete,15
151314,3088,0,2,1,feasible,10,10,2,5,5,4,feasible,10,5,6,feasible,10,5,6,feasible,4,1,complete,12,complete,10,complete,11,complete,10
151363,3089,0,2,1,feasible,10,10,2,6,5,4,feasible,10,5,6,feasible,10,5,6,feasible,4,1,complete,16,complete,10,complete,15,complete,10
151412,3090,0,2,1,feasible,10,10,2,5,5,4,feasible,10,5,6,feasible,10,5,6,feasible,4,1,complete,12,complete,10,complete,10,complete,10
151461,3091,0,2,1,feasible,10,10,2,6,5,4,feasible,10,5,6,feasible,10,5,6,feasible,4,1,complete,16,complete,10,complete,10,complete,10
151517,3092,1,2,1,feasible,14,14,2,7,7,7,feasible,14,6,8,feasible,14,6,8,feasible,4,1,complete,16,complete,14,complete,14,complete,15
151559,3093,0,2,1,feasible,10,10,2,6,5,4,feasible,10,5,6,feasible,10,5,6,feasible,4,1,complete,16,complete,10,complete,10,complete,10
151615,3094,1,2,1,feasible,14,14,2,7,7,7,feasible,14,6,8,feasible,14,6,8,feasible,4,1,complete,16,complete,14,complete,14,complete,14
151676,3095,3,0,1,feasible,15,14,3,8,5,4,feasible,15,5,5,feasible,15,5,5,feasible,4,0,complete,16,complete,15,complete,15,complete,15
151706,3096,0,2,1,feasible,6,6,2,3,6,6,feasible,6,5,6,feasible,6,5,6,feasible,3,1,complete,11,complete,11,complete,11,complete,6
151755,3097,0,2,1,feasible,15,10,3,4,4,3,feasible,15,4,3,feasible,15,4,3,feasible,3,0,complete,15,complete,15,complete,15,complete,15
151803,3098,0,1,1,feasible,6,6,2,3,4,3,feasible,6,4,4,feasible,6,4,4,feasible,3,1,complete,11,complete,6,complete,6,complete,6
151859,3099,1,1,1,feasible,10,10,2,4,4,3,feasible,10,4,4,feasible,10,4,4,feasible,3,1,complete,15,complete,10,complete,10,complete,10
151902,3100,0,2,1,feasible,15,10,3,5,4,3,feasible,15,4,3,feasible,15,4,3,feasible,3,0,complete,15,complete,15,complete,15,complete,15
151956,3101,1,0,1,feasible,10,10,2,4,4,3,feasible,10,4,4,feasible,10,4,4,feasible,3,1,complete,15,complete,10,complete,10,complete,10
152012,3102,2,0,1,feasible,10,10,2,5,4,3,feasible,10,4,4,feasible,10,4,4,feasible,3,1,complete,15,complete,10,complete,10,complete,10
152050,3103,0,3,1,feasible,10,10,2,6,4,3,feasible,10,4,4,feasible,10,4,4,feasible,3,1,complete,15,complete,10,complete,10,complete,10
152097,3104,0,1,1,feasible,6,6,2,3,7,7,feasible,6,6,8,feasible,6,6,8,feasible,4,1,complete,12,complete,6,complete,6,complete,6
152146,3105,0,1,1,feasible,16,10,4,4,5,4,feasible,16,5,4,feasible,16,5,4,feasible,4,0,complete,16,complete,16,complete,16,complete,16
152194,3106,0,0,1,feasible,6,6,2,3,5,4,feasible,6,5,6,feasible,6,5,6,feasible,4,1,complete,12,complete,6,complete,6,complete,6
152250,3107,1,0,1,feasible,10,10,2,4,5,4,feasible,10,5,6,feasible,10,5,6,feasible,4,1,complete,16,complete,10,complete,10,complete,11
152293,3108,0,1,1,feasible,16,10,4,5,5,4,feasible,16,5,4,feasible,16,5,4,feasible,4,0,complete,16,complete,16,complete,16,complete,16
152348,3109,1,0,1,feasible,10,10,2,4,5,4,feasible,10,5,6,feasible,10,5,6,feasible,4,1,complete,16,complete,10,complete,11,complete,11
152391,3110,0,1,1,feasible,16,10,4,5,5,4,feasible,16,5,4,feasible,16,5,4,feasible,4,0,complete,16,complete,16,complete,16,complete,16
152441,3111,0,2,1,feasible,11,10,3,6,7,7,feasible,11,6,7,feasible,11,6,7,feasible,4,0,complete,16,complete,16,complete,16,complete,11
152496,3112,1,1,1,feasible,10,10,2,4,7,7,feasible,10,6,8,feasible,10,6,8,feasible,4,1,complete,16,complete,10,complete,10,complete,10
152539,3113,0,2,1,feasible,15,10,3,5,7,6,feasible,15,6,7,feasible,15,6,7,feasible,4,0,complete,20,complete,15,complete,15,complete,15
152593,3114,1,0,1,feasible,10,10,2,4,5,4,feasible,10,5,6,feasible,10,5,6,feasible,4,1,complete,16,complete,10,complete,10,complete,10
152649,3115,2,0,1,feasible,10,10,2,5,5,4,feasible,10,5,6,feasible,10,5,6,feasible,4,1,complete,20,complete,10,complete,10,complete,10
152686,3116,0,2,1,feasible,20,10,4,6,5,4,feasible,20,5,4,feasible,20,5,4,feasible,4,0,complete,20,complete,20,complete,20,complete,20
152747,3117,2,0,1,feasible,10,10,2,5,5,4,feasible,10,5,6,feasible,10,5,6,feasible,4,1,complete,20,complete,10,complete,15,complete,10
152784,3118,0,2,1,feasible,20,10,4,6,5,4,feasible,20,5,4,feasible,20,5,4,feasible,4,0,complete,20,complete,20,complete,20,complete,20
152833,3119,0,2,1,feasible,20,10,4,7,5,4,feasible,20,5,4,feasible,20,5,4,feasible,4,0,complete,20,complete,20,complete,20,complete,20
152880,3120,0,0,1,feasible,6,6,2,3,7,7,feasible,6,6,8,feasible,6,6,8,feasible,4,1,complete,12,complete,6,complete,6,complete,6
152929,3121,0,0,1,feasible,16,10,4,4,5,4,feasible,16,5,4,feasible,16,5,4,feasible,4,0,complete,16,complete,16,complete,16,complete,16
152978,3122,0,0,1,feasible,6,6,2,3,7,7,feasible,6,6,8,feasible,6,6,8,feasible,4,1,complete,12,complete,6,complete,6,complete,6
153027,3123,0,0,1,feasible,16,10,4,4,5,4,feasible,16,5,4,feasible,16,5,4,feasible,4,0,complete,16,complete,16,complete,16,complete,16
153076,3124,0,0,1,feasible,16,10,4,5,5,4,feasible,16,5,4,feasible,16,5,4,feasible,4,0,complete,16,complete,16,complete,16,complete,16
153125,3125,0,0,1,feasible,16,10,4,4,5,4,feasible,16,5,4,feasible,16,5,4,feasible,4,0,complete,16,complete,16,complete,16,complete,16
153174,3126,0,0,1,feasible,16,10,4,5,5,4,feasible,16,5,4,feasible,16,5,4,feasible,4,0,complete,16,complete,16,complete,16,complete,16
153224,3127,0,1,1,feasible,11,10,3,6,5,4,feasible,11,5,5,feasible,11,5,5,feasible,4,0,complete,16,complete,11,complete,11,complete,11
153279,3128,1,0,1,feasible,10,10,2,4,7,7,feasible,10,6,8,feasible,10,6,8,feasible,4,1,complete,16,complete,10,complete,10,complete,10
153328,3129,1,0,1,feasible,20,10,4,5,5,4,feasible,20,5,4,feasible,20,5,4,feasible,4,0,complete,20,complete,20,complete,20,complete,20
153377,3130,1,0,1,feasible,10,10,2,4,7,7,feasible,10,6,8,feasible,10,6,8,feasible,4,1,complete,16,complete,10,complete,10,complete,10
153426,3131,1,0,1,feasible,20,10,4,5,5,4,feasible,20,5,4,feasible,20,5,4,feasible,4,0,complete,20,complete,20,complete,20,complete,20
153475,3132,1,0,1,feasible,20,10,4,6,5,4,feasible,20,5,4,feasible,20,5,4,feasible,4,0,complete,20,complete,20,complete,20,complete,20
153524,3133,1,0,1,feasible,20,10,4,5,5,4,feasible,20,5,4,feasible,20,5,4,feasible,4,0,complete,20,complete,20,complete,20,complete,20
153573,3134,1,0,1,feasible,20,10,4,6,5,4,feasible,20,5,4,feasible,20,5,4,feasible,4,0,complete,20,complete,20,complete,20,complete,20
153623,3135,1,1,1,feasible,15,10,3,7,5,4,feasible,15,5,5,feasible,15,5,5,feasible,4,0,complete,20,complete,15,complete,15,complete,15
153678,3136,2,0,1,feasible,10,10,2,5,7,7,feasible,10,6,8,feasible,10,6,8,feasible,4,1,complete,16,complete,10,complete,10,complete,10
153715,3137,0,2,1,feasible,20,10,4,6,5,4,feasible,20,5,4,feasible,20,5,4,feasible,4,0,complete,20,complete,20,complete,20,complete,20
153776,3138,2,0,1,feasible,10,10,2,5,7,7,feasible,10,6,8,feasible,10,6,8,feasible,4,1,complete,16,complete,10,complete,10,complete,10
153813,3139,0,2,1,feasible,20,10,4,6,5,4,feasible,20,5,4,feasible,20,5,4,feasible,4,0,complete,20,complete,20,complete,20,complete,20
153862,3140,0,2,1,feasible,20,10,4,7,5,4,feasible,20,5,4,feasible,20,5,4,feasible,4,0,complete,20,complete,20,complete,20,complete,20
153911,3141,0,2,1,feasible,20,10,4,6,5,4,feasible,20,5,4,feasible,20,5,4,feasible,4,0,complete,20,complete,20,complete,20,complete,20
153960,3142,0,2,1,feasible,20,10,4,7,5,4,feasible,20,5,4,feasible,20,5,4,feasible,4,0,complete,20,complete,20,complete,20,complete,20
154022,3143,2,1,1,feasible,15,14,3,8,5,4,feasible,15,5,5,feasible,15,5,5,feasible,4,0,complete,20,complete,15,complete,15,complete,15
154063,3144,1,0,1,feasible,10,10,2,4,9,9,feasible,10,7,11,feasible,10,7,11,feasible,4,1,complete,16,complete,10,complete,11,complete,10
154112,3145,1,0,1,feasible,15,10,3,5,7,6,feasible,15,6,7,feasible,15,6,7,feasible,4,0,complete,20,complete,15,complete,15,complete,15
154161,3146,1,0,1,feasible,10,10,2,4,9,9,feasible,10,7,11,feasible,10,7,11,feasible,4,1,complete,16,complete,10,complete,10,complete,10
154210,3147,1,0,1,feasible,15,10,3,5,7,6,feasible,15,6,7,feasible,15,6,7,feasible,4,0,complete,20,complete,15,complete,15,complete,15
154259,3148,1,0,1,feasible,15,10,3,6,7,6,feasible,15,6,7,feasible,15,6,7,feasible,4,0,complete,20,complete,15,complete,15,complete,15
154308,3149,1,0,1,feasible,15,10,3,5,7,6,feasible,15,6,7,feasible,15,6,7,feasible,4,0,complete,20,complete,15,complete,15,complete,15
154357,3150,1,0,1,feasible,15,10,3,6,7,6,feasible,15,6,7,feasible,15,6,7,feasible,4,0,complete,20,complete,15,complete,15,complete,15
154406,3151,1,0,1,feasible,15,10,3,7,5,4,feasible,15,5,5,feasible,15,5,5,feasible,4,0,complete,20,complete,15,complete,15,complete,15
154462,3152,2,0,1,feasible,10,10,2,5,9,9,feasible,10,7,11,feasible,10,7,11,feasible,4,1,complete,16,complete,10,complete,11,complete,10
154511,3153,2,0,1,feasible,15,10,3,6,7,6,feasible,15,6,7,feasible,15,6,7,feasible,4,0,complete,20,complete,15,complete,15,complete,15
154560,3154,2,0,1,feasible,10,10,2,5,9,9,feasible,10,7,11,feasible,10,7,11,feasible,4,1,complete,16,complete,10,complete,10,complete,10
154609,3155,2,0,1,feasible,15,10,3,6,7,6,feasible,15,6,7,feasible,15,6,7,feasible,4,0,complete,20,complete,15,complete,15,complete,15
154658,3156,2,0,1,feasible,15,10,3,7,7,6,feasible,15,6,7,feasible,15,6,7,feasible,4,0,complete,20,complete,15,complete,15,complete,15
154707,3157,2,0,1,feasible,15,10,3,6,7,6,feasible,15,6,7,feasible,15,6,7,feasible,4,0,complete,20,complete,15,complete,15,complete,15
154756,3158,2,0,1,feasible,15,10,3,7,7,6,feasible,15,6,7,feasible,15,6,7,feasible,4,0,complete,20,complete,15,complete,15,complete,15
154805,3159,2,0,1,feasible,15,14,3,8,5,4,feasible,15,5,5,feasible,15,5,5,feasible,4,0,complete,20,complete,15,complete,15,complete,15
154843,3160,0,3,1,feasible,10,10,2,6,5,4,feasible,10,5,6,feasible,10,5,6,feasible,4,1,complete,16,complete,10,complete,11,complete,10
154892,3161,0,3,1,feasible,10,10,2,7,5,4,feasible,10,5,6,feasible,10,5,6,feasible,4,1,complete,20,complete,10,complete,15,complete,10
154941,3162,0,3,1,feasible,10,10,2,6,5,4,feasible,10,5,6,feasible,10,5,6,feasible,4,1,complete,16,complete,10,complete,10,complete,10
154990,3163,0,3,1,feasible,10,10,2,7,5,4,feasible,10,5,6,feasible,10,5,6,feasible,4,1,complete,20,complete,10,complete,10,complete,10
155057,3164,3,0,1,feasible,15,14,3,8,7,6,feasible,15,6,7,feasible,15,6,7,feasible,4,0,complete,20,complete,15,complete,15,complete,15
155088,3165,0,3,1,feasible,10,10,2,7,5,4,feasible,10,5,6,feasible,10,5,6,feasible,4,1,complete,20,complete,10,complete,10,complete,10
155155,3166,3,0,1,feasible,15,14,3,8,7,6,feasible,15,6,7,feasible,15,6,7,feasible,4,0,complete,20,complete,15,complete,15,complete,15
155204,3167,3,0,1,feasible,15,14,3,9,5,4,feasible,15,5,5,feasible,15,5,5,feasible,4,0,complete,20,complete,15,complete,15,complete,15
155235,3168,0,3,1,feasible,6,6,2,4,6,6,feasible,6,5,6,feasible,6,5,6,feasible,3,1,complete,11,complete,11,complete,11,complete,6
155284,3169,0,3,1,feasible,15,10,3,5,4,3,feasible,15,4,3,feasible,15,4,3,feasible,3,0,complete,15,complete,15,complete,15,complete,15
155332,3170,0,2,1,feasible,6,6,2,4,6,6,feasible,6,5,6,feasible,6,5,6,feasible,3,1,complete,11,complete,11,complete,11,complete,6
155381,3171,0,2,1,feasible,15,10,3,5,4,3,feasible,15,4,3,feasible,15,4,3,feasible,3,0,complete,15,complete,15,complete,15,complete,15
155430,3172,0,2,1,feasible,15,10,3,6,4,3,feasible,15,4,3,feasible,15,4,3,feasible,3,0,complete,15,complete,15,complete,15,complete,15
155485,3173,1,1,1,feasible,10,10,2,5,4,3,feasible,10,4,4,feasible,10,4,4,feasible,3,1,complete,15,complete,10,complete,10,complete,10
155528,3174,0,2,1,feasible,15,10,3,6,4,3,feasible,15,4,3,feasible,15,4,3,feasible,3,0,complete,15,complete,15,complete,15,complete,15
155584,3175,1,2,1,feasible,15,10,3,7,4,3,feasible,15,4,3,feasible,15,4,3,feasible,3,0,complete,15,complete,15,complete,15,complete,15
155626,3176,0,2,1,feasible,6,6,2,4,9,10,feasible,6,7,11,feasible,6,7,11,feasible,4,1,complete,12,complete,11,complete,11,complete,6
155675,3177,0,2,1,feasible,15,10,3,5,7,7,feasible,15,6,7,feasible,15,6,7,feasible,4,0,complete,16,complete,15,complete,15,complete,16
155723,3178,0,1,1,feasible,6,6,2,4,7,7,feasible,6,6,8,feasible,6,6,8,feasible,4,1,complete,12,complete,6,complete,6,complete,6
155772,3179,0,1,1,feasible,16,10,4,5,5,4,feasible,16,5,4,feasible,16,5,4,feasible,4,0,complete,16,complete,16,complete,16,complete,16
155821,3180,0,1,1,feasible,16,10,4,6,5,4,feasible,16,5,4,feasible,16,5,4,feasible,4,0,complete,16,complete,16,complete,16,complete,16
155876,3181,1,0,1,feasible,10,10,2,5,5,4,feasible,10,5,6,feasible,10,5,6,feasible,4,1,complete,16,complete,10,complete,11,complete,11
155919,3182,0,1,1,feasible,16,10,4,6,5,4,feasible,16,5,4,feasible,16,5,4,feasible,4,0,complete,16,complete,16,complete,16,complete,16
155975,3183,1,1,1,feasible,16,10,4,7,5,4,feasible,16,5,4,feasible,16,5,4,feasible,4,0,complete,16,complete,16,complete,16,complete,16
156018,3184,0,2,1,feasible,15,10,3,5,5,4,feasible,15,5,5,feasible,15,5,5,feasible,4,0,complete,16,complete,15,complete,15,complete,15
156067,3185,0,2,1,feasible,15,10,3,6,5,4,feasible,15,5,5,feasible,15,5,5,feasible,4,0,complete,20,complete,15,complete,15,complete,15
156122,3186,1,1,1,feasible,10,10,2,5,7,7,feasible,10,6,8,feasible,10,6,8,feasible,4,1,complete,16,complete,10,complete,10,complete,10
156165,3187,0,2,1,feasible,15,10,3,6,5,4,feasible,15,5,5,feasible,15,5,5,feasible,4,0,complete,20,complete,15,complete,15,complete,15
156220,3188,1,1,1,feasible,20,10,4,7,5,4,feasible,20,5,4,feasible,20,5,4,feasible,4,0,complete,20,complete,20,complete,20,complete,20
156275,3189,2,0,1,feasible,10,10,2,6,5,4,feasible,10,5,6,feasible,10,5,6,feasible,4,1,complete,20,complete,10,complete,15,complete,10
156318,3190,1,1,1,feasible,20,10,4,7,5,4,feasible,20,5,4,feasible,20,5,4,feasible,4,0,complete,20,complete,20,complete,20,complete,20
156362,3191,0,3,1,feasible,20,10,4,8,5,4,feasible,20,5,4,feasible,20,5,4,feasible,4,0,complete,20,complete,20,complete,20,complete,20
156409,3192,0,1,1,feasible,6,6,2,4,7,7,feasible,6,6,8,feasible,6,6,8,feasible,4,1,complete,12,complete,6,complete,6,complete,6
156458,3193,0,1,1,feasible,16,10,4,5,5,4,feasible,16,5,4,feasible,16,5,4,feasible,4,0,complete,16,complete,16,complete,16,complete,16
156506,3194,0,0,1,feasible,6,6,2,4,7,7,feasible,6,6,8,feasible,6,6,8,feasible,4,1,complete,12,complete,6,complete,6,complete,6
156555,3195,0,0,1,feasible,16,10,4,5,5,4,feasible,16,5,4,feasible,16,5,4,feasible,4,0,complete,16,complete,16,complete,16,complete,16
156604,3196,0,0,1,feasible,16,10,4,6,5,4,feasible,16,5,4,feasible,16,5,4,feasible,4,0,complete,16,complete,16,complete,16,complete,16
156653,3197,0,0,1,feasible,16,10,4,5,5,4,feasible,16,5,4,feasible,16,5,4,feasible,4,0,complete,16,complete,16,complete,16,complete,16
156702,3198,0,0,1,feasible,16,10,4,6,5,4,feasible,16,5,4,feasible,16,5,4,feasible,4,0,complete,16,complete,16,complete,16,complete,16
156758,3199,1,0,1,feasible,16,10,4,7,5,4,feasible,16,5,4,feasible,16,5,4,feasible,4,0,complete,16,complete,16,complete,16,complete,16
156808,3200,1,1,1,feasible,10,10,2,5,7,7,feasible,10,6,8,feasible,10,6,8,feasible,4,1,complete,16,complete,10,complete,10,complete,10
156851,3201,0,2,1,feasible,15,10,3,6,7,6,feasible,15,6,7,feasible,15,6,7,feasible,4,0,complete,20,complete,15,complete,15,complete,15
156905,3202,1,0,1,feasible,10,10,2,5,7,7,feasible,10,6,8,feasible,10,6,8,feasible,4,1,complete,16,complete,10,complete,10,complete,10
156954,3203,1,0,1,feasible,20,10,4,6,5,4,feasible,20,5,4,feasible,20,5,4,feasible,4,0,complete,20,complete,20,complete,20,complete,20
157003,3204,1,0,1,feasible,20,10,4,7,5,4,feasible,20,5,4,feasible,20,5,4,feasible,4,0,complete,20,complete,20,complete,20,complete,20
157052,3205,1,0,1,feasible,20,10,4,6,5,4,feasible,20,5,4,feasible,20,5,4,feasible,4,0,complete,20,complete,20,complete,20,complete,20
157101,3206,1,0,1,feasible,20,10,4,7,5,4,feasible,20,5,4,feasible,20,5,4,feasible,4,0,complete,20,complete,20,complete,20,complete,20
157145,3207,0,2,1,feasible,20,10,4,8,5,4,feasible,20,5,4,feasible,20,5,4,feasible,4,0,complete,20,complete,20,complete,20,complete,20
157194,3208,0,2,1,feasible,15,10,3,6,7,6,feasible,15,6,7,feasible,15,6,7,feasible,4,0,complete,16,complete,15,complete,15,complete,15
157243,3209,0,2,1,feasible,20,10,4,7,5,4,feasible,20,5,4,feasible,20,5,4,feasible,4,0,complete,20,complete,20,complete,20,complete,20
157304,3210,2,0,1,feasible,10,10,2,6,7,7,feasible,10,6,8,feasible,10,6,8,feasible,4,1,complete,16,complete,10,complete,10,complete,10
157341,3211,0,2,1,feasible,20,10,4,7,5,4,feasible,20,5,4,feasible,20,5,4,feasible,4,0,complete,20,complete,20,complete,20,complete,20
157390,3212,0,2,1,feasible,20,10,4,8,5,4,feasible,20,5,4,feasible,20,5,4,feasible,4,0,complete,20,complete,20,complete,20,complete,20
157439,3213,0,2,1,feasible,20,10,4,7,5,4,feasible,20,5,4,feasible,20,5,4,feasible,4,0,complete,20,complete,20,complete,20,complete,20
157488,3214,0,2,1,feasible,20,10,4,8,5,4,feasible,20,5,4,feasible,20,5,4,feasible,4,0,complete,20,complete,20,complete,20,complete,20
157544,3215,1,2,1,feasible,20,14,4,9,5,4,feasible,20,5,4,feasible,20,5,4,feasible,4,0,complete,20,complete,20,complete,20,complete,20
157591,3216,1,0,1,feasible,10,10,2,5,7,7,feasible,10,6,8,feasible,10,6,8,feasible,4,1,complete,16,complete,10,complete,16,complete,10
157640,3217,1,0,1,feasible,20,10,4,6,5,4,feasible,20,5,4,feasible,20,5,4,feasible,4,0,complete,20,complete,20,complete,20,complete,20
157689,3218,1,0,1,feasible,10,10,2,5,7,7,feasible,10,6,8,feasible,10,6,8,feasible,4,1,complete,16,complete,10,complete,10,complete,10
157738,3219,1,0,1,feasible,20,10,4,6,5,4,feasible,20,5,4,feasible,20,5,4,feasible,4,0,complete,20,complete,20,complete,20,complete,20
157787,3220,1,0,1,feasible,20,10,4,7,5,4,feasible,20,5,4,feasible,20,5,4,feasible,4,0,complete,20,complete,20,complete,20,complete,20
157836,3221,1,0,1,feasible,20,10,4,6,5,4,feasible,20,5,4,feasible,20,5,4,feasible,4,0,complete,20,complete,20,complete,20,complete,20
157885,3222,1,0,1,feasible,20,10,4,7,5,4,feasible,20,5,4,feasible,20,5,4,feasible,4,0,complete,20,complete,20,complete,20,complete,20
157935,3223,1,1,1,feasible,15,10,3,8,5,4,feasible,15,5,5,feasible,15,5,5,feasible,4,0,complete,20,complete,15,complete,15,complete,15
157990,3224,2,0,1,feasible,10,10,2,6,7,7,feasible,10,6,8,feasible,10,6,8,feasible,4,1,complete,16,complete,10,complete,16,complete,10
158027,3225,0,2,1,feasible,20,10,4,7,5,4,feasible,20,5,4,feasible,20,5,4,feasible,4,0,complete,20,complete,20,complete,20,complete,20
158088,3226,2,0,1,feasible,10,10,2,6,7,7,feasible,10,6,8,feasible,10,6,8,feasible,4,1,complete,16,complete,10,complete,10,complete,10
158125,3227,0,2,1,feasible,20,10,4,7,5,4,feasible,20,5,4,feasible,20,5,4,feasible,4,0,complete,20,complete,20,complete,20,complete,20
158174,3228,0,2,1,feasible,20,10,4,8,5,4,feasible,20,5,4,feasible,20,5,4,feasible,4,0,complete,20,complete,20,complete,20,complete,20
158223,3229,0,2,1,feasible,20,10,4,7,5,4,feasible,20,5,4,feasible,20,5,4,feasible,4,0,complete,20,complete,20,complete,20,complete,20
158272,3230,0,2,1,feasible,20,10,4,8,5,4,feasible,20,5,4,feasible,20,5,4,feasible,4,0,complete,20,complete,20,complete,20,complete,20
158334,3231,2,1,1,feasible,15,14,3,9,5,4,feasible,15,5,5,feasible,15,5,5,feasible,4,0,complete,20,complete,15,complete,15,complete,15
158389,3232,3,0,1,feasible,10,10,2,7,7,7,feasible,10,6,8,feasible,10,6,8,feasible,4,1,complete,16,complete,10,complete,16,complete,10
158426,3233,1,2,1,feasible,20,10,4,8,5,4,feasible,20,5,4,feasible,20,5,4,feasible,4,0,complete,20,complete,20,complete,20,complete,20
158487,3234,3,0,1,feasible,10,10,2,7,7,7,feasible,10,6,8,feasible,10,6,8,feasible,4,1,complete,16,complete,10,complete,10,complete,10
158524,3235,1,2,1,feasible,20,10,4,8,5,4,feasible,20,5,4,feasible,20,5,4,feasible,4,0,complete,20,complete,20,complete,20,complete,20
158573,3236,1,2,1,feasible,20,14,4,9,5,4,feasible,20,5,4,feasible,20,5,4,feasible,4,0,complete,20,complete,20,complete,20,complete,20
158622,3237,1,2,1,feasible,20,10,4,8,5,4,feasible,20,5,4,feasible,20,5,4,feasible,4,0,complete,20,complete,20,complete,20,complete,20
158671,3238,1,2,1,feasible,20,14,4,9,5,4,feasible,20,5,4,feasible,20,5,4,feasible,4,0,complete,20,complete,20,complete,20,complete,20
158733,3239,3,1,1,feasible,15,14,3,10,5,4,feasible,15,5,5,feasible,15,5,5,feasible,4,0,complete,20,complete,15,complete,15,complete,15
158762,3240,0,2,1,feasible,6,6,2,3,6,6,feasible,6,5,6,feasible,6,5,6,feasible,3,1,complete,11,complete,11,complete,11,complete,6
158811,3241,0,2,1,feasible,15,10,3,4,4,3,feasible,15,4,3,feasible,15,4,3,feasible,3,0,complete,15,complete,15,complete,15,complete,15
158859,3242,0,1,1,feasible,6,6,2,3,4,3,feasible,6,4,4,feasible,6,4,4,feasible,3,1,complete,11,complete,6,complete,6,complete,6
158915,3243,1,1,1,feasible,10,10,2,4,4,3,feasible,10,4,4,feasible,10,4,4,feasible,3,1,complete,15,complete,10,complete,10,complete,10
158958,3244,0,2,1,feasible,15,10,3,5,4,3,feasible,15,4,3,feasible,15,4,3,feasible,3,0,complete,15,complete,15,complete,15,complete,15
159012,3245,1,0,1,feasible,10,10,2,4,4,3,feasible,10,4,4,feasible,10,4,4,feasible,3,1,complete,15,complete,10,complete,10,complete,10
159068,3246,2,0,1,feasible,10,10,2,5,4,3,feasible,10,4,4,feasible,10,4,4,feasible,3,1,complete,15,complete,10,complete,10,complete,10
159106,3247,0,3,1,feasible,10,10,2,6,4,3,feasible,10,4,4,feasible,10,4,4,feasible,3,1,complete,15,complete,10,complete,10,complete,10
159153,3248,0,1,1,feasible,6,6,2,3,7,7,feasible,6,6,8,feasible,6,6,8,feasible,4,1,complete,12,complete,6,complete,6,complete,6
159202,3249,0,1,1,feasible,16,10,4,4,5,4,feasible,16,5,4,feasible,16,5,4,feasible,4,0,complete,16,complete,16,complete,16,complete,16
159250,3250,0,0,1,feasible,6,6,2,3,5,4,feasible,6,5,6,feasible,6,5,6,feasible,4,1,complete,12,complete,6,complete,6,complete,6
159306,3251,1,0,1,feasible,10,10,2,4,5,4,feasible,10,5,6,feasible,10,5,6,feasible,4,1,complete,16,complete,10,complete,10,complete,11
159349,3252,0,1,1,feasible,16,10,4,5,5,4,feasible,16,5,4,feasible,16,5,4,feasible,4,0,complete,16,complete,16,complete,16,complete,16
159404,3253,1,0,1,feasible,10,10,2,4,5,4,feasible,10,5,6,feasible,10,5,6,feasible,4,1,complete,16,complete,10,complete,11,complete,11
159447,3254,0,1,1,feasible,16,10,4,5,5,4,feasible,16,5,4,feasible,16,5,4,feasible,4,0,complete,16,complete,16,complete,16,complete,16
159497,3255,0,2,1,feasible,11,10,3,6,7,7,feasible,11,6,7,feasible,11,6,7,feasible,4,0,complete,16,complete,16,complete,16,complete,11
159552,3256,1,1,1,feasible,10,10,2,4,7,7,feasible,10,6,8,feasible,10,6,8,feasible,4,1,complete,16,complete,10,complete,10,complete,10
159595,3257,0,2,1,feasible,15,10,3,5,7,6,feasible,15,6,7,feasible,15,6,7,feasible,4,0,complete,20,complete,15,complete,15,complete,15
159649,3258,1,0,1,feasible,10,10,2,4,5,4,feasible,10,5,6,feasible,10,5,6,feasible,4,1,complete,16,complete,10,complete,10,complete,10
159705,3259,2,0,1,feasible,10,10,2,5,5,4,feasible,10,5,6,feasible,10,5,6,feasible,4,1,complete,20,complete,10,complete,10,complete,10
159742,3260,0,2,1,feasible,20,10,4,6,5,4,feasible,20,5,4,feasible,20,5,4,feasible,4,0,complete,20,complete,20,complete,20,complete,20
159803,3261,2,0,1,feasible,10,10,2,5,5,4,feasible,10,5,6,feasible,10,5,6,feasible,4,1,complete,20,complete,10,complete,15,complete,10
159840,3262,0,2,1,feasible,20,10,4,6,5,4,feasible,20,5,4,feasible,20,5,4,feasible,4,0,complete,20,complete,20,complete,20,complete,20
159889,3263,0,2,1,feasible,20,10,4,7,5,4,feasible,20,5,4,feasible,20,5,4,feasible,4,0,complete,20,complete,20,complete,20,complete,20
159936,3264,0,0,1,feasible,6,6,2,3,7,7,feasible,6,6,8,feasible,6,6,8,feasible,4,1,complete,12,complete,6,complete,6,complete,6
159985,3265,0,0,1,feasible,16,10,4,4,5,4,feasible,16,5,4,feasible,16,5,4,feasible,4,0,complete,16,complete,16,complete,16,complete,16
160034,3266,0,0,1,feasible,6,6,2,3,7,7,feasible,6,6,8,feasible,6,6,8,feasible,4,1,complete,12,complete,6,complete,6,complete,6
160083,3267,0,0,1,feasible,16,10,4,4,5,4,feasible,16,5,4,feasible,16,5,4,feasible,4,0,complete,16,complete,16,complete,16,complete,16
160132,3268,0,0,1,feasible,16,10,4,5,5,4,feasible,16,5,4,feasible,16,5,4,feasible,4,0,complete,16,complete,16,complete,16,complete,16
160181,3269,0,0,1,feasible,16,10,4,4,5,4,feasible,16,5,4,feasible,16,5,4,feasible,4,0,complete,16,complete,16,complete,16,complete,16
160230,3270,0,0,1,feasible,16,10,4,5,5,4,feasible,16,5,4,feasible,16,5,4,feasible,4,0,complete,16,complete,16,complete,16,complete,16
160280,3271,0,1,1,feasible,11,10,3,6,5,4,feasible,11,5,5,feasible,11,5,5,feasible,4,0,complete,16,complete,11,complete,11,complete,11
160335,3272,1,0,1,feasible,10,10,2,4,7,7,feasible,10,6,8,feasible,10,6,8,feasible,4,1,complete,16,complete,10,complete,10,complete,10
160384,3273,1,0,1,feasible,20,10,4,5,5,4,feasible,20,5,4,feasible,20,5,4,feasible,4,0,complete,20,complete,20,complete,20,complete,20
160433,3274,1,0,1,feasible,10,10,2,4,7,7,feasible,10,6,8,feasible,10,6,8,feasible,4,1,complete,16,complete,10,complete,10,complete,10
160482,3275,1,0,1,feasible,20,10,4,5,5,4,feasible,20,5,4,feasible,20,5,4,feasible,4,0,complete,20,complete,20,complete,20,complete,20
160531,3276,1,0,1,feasible,20,10,4,6,5,4,feasible,20,5,4,feasible,20,5,4,feasible,4,0,complete,20,complete,20,complete,20,complete,20
160580,3277,1,0,1,feasible,20,10,4,5,5,4,feasible,20,5,4,feasible,20,5,4,feasible,4,0,complete,20,complete,20,complete,20,complete,20
160629,3278,1,0,1,feasible,20,10,4,6,5,4,feasible,20,5,4,feasible,20,5,4,feasible,4,0,complete,20,complete,20,complete,20,complete,20
160679,3279,1,1,1,feasible,15,10,3,7,5,4,feasible,15,5,5,feasible,15,5,5,feasible,4,0,complete,20,complete,15,complete,15,complete,15
160734,3280,2,0,1,feasible,10,10,2,5,7,7,feasible,10,6,8,feasible,10,6,8,feasible,4,1,complete,16,complete,10,complete,10,complete,10
160771,3281,0,2,1,feasible,20,10,4,6,5,4,feasible,20,5,4,feasible,20,5,4,feasible,4,0,complete,20,complete,20,complete,20,complete,20
160832,3282,2,0,1,feasible,10,10,2,5,7,7,feasible,10,6,8,feasible,10,6,8,feasible,4,1,complete,16,complete,10,complete,10,complete,10
160869,3283,0,2,1,feasible,20,10,4,6,5,4,feasible,20,5,4,feasible,20,5,4,feasible,4,0,complete,20,complete,20,complete,20,complete,20
160918,3284,0,2,1,feasible,20,10,4,7,5,4,feasible,20,5,4,feasible,20,5,4,feasible,4,0,complete,20,complete,20,complete,20,complete,20
160967,3285,0,2,1,feasible,20,10,4,6,5,4,feasible,20,5,4,feasible,20,5,4,feasible,4,0,complete,20,complete,20,complete,20,complete,20
161016,3286,0,2,1,feasible,20,10,4,7,5,4,feasible,20,5,4,feasible,20,5,4,feasible,4,0,complete,20,complete,20,complete,20,complete,20
161065,3287,0,2,1,feasible,20,14,4,8,5,4,feasible,20,5,4,feasible,20,5,4,feasible,4,0,complete,20,complete,20,complete,20,complete,20
161119,3288,1,0,1,feasible,10,10,2,4,9,9,feasible,10,7,11,feasible,10,7,11,feasible,4,1,complete,16,complete,10,complete,11,complete,10
161168,3289,1,0,1,feasible,15,10,3,5,7,6,feasible,15,6,7,feasible,15,6,7,feasible,4,0,complete,20,complete,15,complete,15,complete,15
161217,3290,1,0,1,feasible,10,10,2,4,9,9,feasible,10,7,11,feasible,10,7,11,feasible,4,1,complete,16,complete,10,complete,10,complete,10
161266,3291,1,0,1,feasible,15,10,3,5,7,6,feasible,15,6,7,feasible,15,6,7,feasible,4,0,complete,20,complete,15,complete,15,complete,15
161315,3292,1,0,1,feasible,15,10,3,6,7,6,feasible,15,6,7,feasible,15,6,7,feasible,4,0,complete,20,complete,15,complete,15,complete,15
161364,3293,1,0,1,feasible,15,10,3,5,7,6,feasible,15,6,7,feasible,15,6,7,feasible,4,0,complete,20,complete,15,complete,15,complete,15
161413,3294,1,0,1,feasible,15,10,3,6,7,6,feasible,15,6,7,feasible,15,6,7,feasible,4,0,complete,20,complete,15,complete,15,complete,15
161462,3295,1,0,1,feasible,15,10,3,7,5,4,feasible,15,5,5,feasible,15,5,5,feasible,4,0,complete,20,complete,15,complete,15,complete,15
161518,3296,2,0,1,feasible,10,10,2,5,9,9,feasible,10,7,11,feasible,10,7,11,feasible,4,1,complete,16,complete,10,complete,11,complete,10
161567,3297,2,0,1,feasible,15,10,3,6,7,6,feasible,15,6,7,feasible,15,6,7,feasible,4,0,complete,20,complete,15,complete,15,complete,15
161616,3298,2,0,1,feasible,10,10,2,5,9,9,feasible,10,7,11,feasible,10,7,11,feasible,4,1,complete,16,complete,10,complete,10,complete,10
161665,3299,2,0,1,feasible,15,10,3,6,7,6,feasible,15,6,7,feasible,15,6,7,feasible,4,0,complete,20,complete,15,complete,15,complete,15
161714,3300,2,0,1,feasible,15,10,3,7,7,6,feasible,15,6,7,feasible,15,6,7,feasible,4,0,complete,20,complete,15,complete,15,complete,15
161763,3301,2,0,1,feasible,15,10,3,6,7,6,feasible,15,6,7,feasible,15,6,7,feasible,4,0,complete,20,complete,15,complete,15,complete,15
161812,3302,2,0,1,feasible,15,10,3,7,7,6,feasible,15,6,7,feasible,15,6,7,feasible,4,0,complete,20,complete,15,complete,15,complete,15
161861,3303,2,0,1,feasible,15,14,3,8,5,4,feasible,15,5,5,feasible,15,5,5,feasible,4,0,complete,20,complete,15,complete,15,complete,15
161899,3304,0,3,1,feasible,10,10,2,6,5,4,feasible,10,5,6,feasible,10,5,6,feasible,4,1,complete,16,complete,10,complete,11,complete,10
161948,3305,0,3,1,feasible,10,10,2,7,5,4,feasible,10,5,6,feasible,10,5,6,feasible,4,1,complete,20,complete,10,complete,15,complete,10
161997,3306,0,3,1,feasible,10,10,2,6,5,4,feasible,10,5,6,feasible,10,5,6,feasible,4,1,complete,16,complete,10,complete,10,complete,10
162046,3307,0,3,1,feasible,10,10,2,7,5,4,feasible,10,5,6,feasible,10,5,6,feasible,4,1,complete,20,complete,10,complete,10,complete,10
162095,3308,0,3,1,feasible,14,14,2,8,5,4,feasible,14,5,6,feasible,14,5,6,feasible,4,1,complete,20,complete,14,complete,14,complete,15
162144,3309,0,3,1,feasible,10,10,2,7,5,4,feasible,10,5,6,feasible,10,5,6,feasible,4,1,complete,20,complete,10,complete,10,complete,10
162193,3310,0,3,1,feasible,14,14,2,8,5,4,feasible,14,5,6,feasible,14,5,6,feasible,4,1,complete,20,complete,14,complete,14,complete,14
162260,3311,3,0,1,feasible,15,14,3,9,5,4,feasible,15,5,5,feasible,15,5,5,feasible,4,0,complete,20,complete,15,complete,15,complete,15
162291,3312,0,3,1,feasible,6,6,2,4,6,6,feasible,6,5,6,feasible,6,5,6,feasible,3,1,complete,11,complete,11,complete,11,complete,6
162340,3313,0,3,1,feasible,15,10,3,5,4,3,feasible,15,4,3,feasible,15,4,3,feasible,3,0,complete,15,complete,15,complete,15,complete,15
162388,3314,0,2,1,feasible,6,6,2,4,6,6,feasible,6,5,6,feasible,6,5,6,feasible,3,1,complete,11,complete,11,complete,11,complete,6
162437,3315,0,2,1,feasible,15,10,3,5,4,3,feasible,15,4,3,feasible,15,4,3,feasible,3,0,complete,15,complete,15,complete,15,complete,15
162486,3316,0,2,1,feasible,15,10,3,6,4,3,feasible,15,4,3,feasible,15,4,3,feasible,3,0,complete,15,complete,15,complete,15,complete,15
162541,3317,1,1,1,feasible,10,10,2,5,4,3,feasible,10,4,4,feasible,10,4,4,feasible,3,1,complete,15,complete,10,complete,10,complete,10
162584,3318,0,2,1,feasible,15,10,3,6,4,3,feasible,15,4,3,feasible,15,4,3,feasible,3,0,complete,15,complete,15,complete,15,complete,15
162640,3319,1,2,1,feasible,15,10,3,7,4,3,feasible,15,4,3,feasible,15,4,3,feasible,3,0,complete,15,complete,15,complete,15,complete,15
162682,3320,0,2,1,feasible,6,6,2,4,9,10,feasible,6,7,11,feasible,6,7,11,feasible,4,1,complete,12,complete,11,complete,11,complete,6
162731,3321,0,2,1,feasible,15,10,3,5,7,7,feasible,15,6,7,feasible,15,6,7,feasible,4,0,complete,16,complete,15,complete,15,complete,16
162779,3322,0,1,1,feasible,6,6,2,4,7,7,feasible,6,6,8,feasible,6,6,8,feasible,4,1,complete,12,complete,6,complete,6,complete,6
162828,3323,0,1,1,feasible,16,10,4,5,5,4,feasible,16,5,4,feasible,16,5,4,feasible,4,0,complete,16,complete,16,complete,16,complete,16
162877,3324,0,1,1,feasible,16,10,4,6,5,4,feasible,16,5,4,feasible,16,5,4,feasible,4,0,complete,16,complete,16,complete,16,complete,16
162932,3325,1,0,1,feasible,10,10,2,5,5,4,feasible,10,5,6,feasible,10,5,6,feasible,4,1,complete,16,complete,10,complete,11,complete,11
162975,3326,0,1,1,feasible,16,10,4,6,5,4,feasible,16,5,4,feasible,16,5,4,feasible,4,0,complete,16,complete,16,complete,16,complete,16
163031,3327,1,1,1,feasible,16,10,4,7,5,4,feasible,16,5,4,feasible,16,5,4,feasible,4,0,complete,16,complete,16,complete,16,complete,16
163074,3328,0,2,1,feasible,15,10,3,5,5,4,feasible,15,5,5,feasible,15,5,5,feasible,4,0,complete,16,complete,15,complete,15,complete,15
163123,3329,0,2,1,feasible,15,10,3,6,5,4,feasible,15,5,5,feasible,15,5,5,feasible,4,0,complete,20,complete,15,complete,15,complete,15
163178,3330,1,1,1,feasible,10,10,2,5,7,7,feasible,10,6,8,feasible,10,6,8,feasible,4,1,complete,16,complete,10,complete,10,complete,10
163221,3331,0,2,1,feasible,15,10,3,6,5,4,feasible,15,5,5,feasible,15,5,5,feasible,4,0,complete,20,complete,15,complete,15,complete,15
163276,3332,1,1,1,feasible,20,10,4,7,5,4,feasible,20,5,4,feasible,20,5,4,feasible,4,0,complete,20,complete,20,complete,20,complete,20
163331,3333,2,0,1,feasible,10,10,2,6,5,4,feasible,10,5,6,feasible,10,5,6,feasible,4,1,complete,20,complete,10,complete,15,complete,10
163374,3334,1,1,1,feasible,20,10,4,7,5,4,feasible,20,5,4,feasible,20,5,4,feasible,4,0,complete,20,complete,20,complete,20,complete,20
163418,3335,0,3,1,feasible,20,10,4,8,5,4,feasible,20,5,4,feasible,20,5,4,feasible,4,0,complete,20,complete,20,complete,20,complete,20
163465,3336,0,1,1,feasible,6,6,2,4,7,7,feasible,6,6,8,feasible,6,6,8,feasible,4,1,complete,12,complete,6,complete,6,complete,6
163514,3337,0,1,1,feasible,16,10,4,5,5,4,feasible,16,5,4,feasible,16,5,4,feasible,4,0,complete,16,complete,16,complete,16,complete,16
163562,3338,0,0,1,feasible,6,6,2,4,7,7,feasible,6,6,8,feasible,6,6,8,feasible,4,1,complete,12,complete,6,complete,6,complete,6
163611,3339,0,0,1,feasible,16,10,4,5,5,4,feasible,16,5,4,feasible,16,5,4,feasible,4,0,complete,16,complete,16,complete,16,complete,16
163660,3340,0,0,1,feasible,16,10,4,6,5,4,feasible,16,5,4,feasible,16,5,4,feasible,4,0,complete,16,complete,16,complete,16,complete,16
163709,3341,0,0,1,feasible,16,10,4,5,5,4,feasible,16,5,4,feasible,16,5,4,feasible,4,0,complete,16,complete,16,complete,16,complete,16
163758,3342,0,0,1,feasible,16,10,4,6,5,4,feasible,16,5,4,feasible,16,5,4,feasible,4,0,complete,16,complete,16,complete,16,complete,16
163814,3343,1,0,1,feasible,16,10,4,7,5,4,feasible,16,5,4,feasible,16,5,4,feasible,4,0,complete,16,complete,16,complete,16,complete,16
163864,3344,1,1,1,feasible,10,10,2,5,7,7,feasible,10,6,8,feasible,10,6,8,feasible,4,1,complete,16,complete,10,complete,10,complete,10
163907,3345,0,2,1,feasible,15,10,3,6,7,6,feasible,15,6,7,feasible,15,6,7,feasible,4,0,complete,20,complete,15,complete,15,complete,15
163961,3346,1,0,1,feasible,10,10,2,5,7,7,feasible,10,6,8,feasible,10,6,8,feasible,4,1,complete,16,complete,10,complete,10,complete,10
164010,3347,1,0,1,feasible,20,10,4,6,5,4,feasible,20,5,4,feasible,20,5,4,feasible,4,0,complete,20,complete,20,complete,20,complete,20
164059,3348,1,0,1,feasible,20,10,4,7,5,4,feasible,20,5,4,feasible,20,5,4,feasible,4,0,complete,20,complete,20,complete,20,complete,20
164108,3349,1,0,1,feasible,20,10,4,6,5,4,feasible,20,5,4,feasible,20,5,4,feasible,4,0,complete,20,complete,20,complete,20,complete,20
164157,3350,1,0,1,feasible,20,10,4,7,5,4,feasible,20,5,4,feasible,20,5,4,feasible,4,0,complete,20,complete,20,complete,20,complete,20
164201,3351,0,2,1,feasible,20,10,4,8,5,4,feasible,20,5,4,feasible,20,5,4,feasible,4,0,complete,20,complete,20,complete,20,complete,20
164250,3352,0,2,1,feasible,15,10,3,6,7,6,feasible,15,6,7,feasible,15,6,7,feasible,4,0,complete,16,complete,15,complete,15,complete,15
164299,3353,0,2,1,feasible,20,10,4,7,5,4,feasible,20,5,4,feasible,20,5,4,feasible,4,0,complete,20,complete,20,complete,20,complete,20
164360,3354,2,0,1,feasible,10,10,2,6,7,7,feasible,10,6,8,feasible,10,6,8,feasible,4,1,complete,16,complete,10,complete,10,complete,10
164397,3355,0,2,1,feasible,20,10,4,7,5,4,feasible,20,5,4,feasible,20,5,4,feasible,4,0,complete,20,complete,20,complete,20,complete,20
164446,3356,0,2,1,feasible,20,10,4,8,5,4,feasible,20,5,4,feasible,20,5,4,feasible,4,0,complete,20,complete,20,complete,20,complete,20
164495,3357,0,2,1,feasible,20,10,4,7,5,4,feasible,20,5,4,feasible,20,5,4,feasible,4,0,complete,20,complete,20,complete,20,complete,20
164544,3358,0,2,1,feasible,20,10,4,8,5,4,feasible,20,5,4,feasible,20,5,4,feasible,4,0,complete,20,complete,20,complete,20,complete,20
164593,3359,0,2,1,feasible,20,14,4,9,5,4,feasible,20,5,4,feasible,20,5,4,feasible,4,0,complete,20,complete,20,complete,20,complete,20
164647,3360,1,0,1,feasible,10,10,2,5,7,7,feasible,10,6,8,feasible,10,6,8,feasible,4,1,complete,16,complete,10,complete,16,complete,10
164696,3361,1,0,1,feasible,20,10,4,6,5,4,feasible,20,5,4,feasible,20,5,4,feasible,4,0,complete,20,complete,20,complete,20,complete,20
164745,3362,1,0,1,feasible,10,10,2,5,7,7,feasible,10,6,8,feasible,10,6,8,feasible,4,1,complete,16,complete,10,complete,10,complete,10
164794,3363,1,0,1,feasible,20,10,4,6,5,4,feasible,20,5,4,feasible,20,5,4,feasible,4,0,complete,20,complete,20,complete,20,complete,20
164843,3364,1,0,1,feasible,20,10,4,7,5,4,feasible,20,5,4,feasible,20,5,4,feasible,4,0,complete,20,complete,20,complete,20,complete,20
164892,3365,1,0,1,feasible,20,10,4,6,5,4,feasible,20,5,4,feasible,20,5,4,feasible,4,0,complete,20,complete,20,complete,20,complete,20
164941,3366,1,0,1,feasible,20,10,4,7,5,4,feasible,20,5,4,feasible,20,5,4,feasible,4,0,complete,20,complete,20,complete,20,complete,20
164991,3367,1,1,1,feasible,15,10,3,8,5,4,feasible,15,5,5,feasible,15,5,5,feasible,4,0,complete,20,complete,15,complete,15,complete,15
165046,3368,2,0,1,feasible,10,10,2,6,7,7,feasible,10,6,8,feasible,10,6,8,feasible,4,1,complete,16,complete,10,complete,16,complete,10
165083,3369,0,2,1,feasible,20,10,4,7,5,4,feasible,20,5,4,feasible,20,5,4,feasible,4,0,complete,20,complete,20,complete,20,complete,20
165144,3370,2,0,1,feasible,10,10,2,6,7,7,feasible,10,6,8,feasible,10,6,8,feasible,4,1,complete,16,complete,10,complete,10,complete,10
165181,3371,0,2,1,feasible,20,10,4,7,5,4,feasible,20,5,4,feasible,20,5,4,feasible,4,0,complete,20,complete,20,complete,20,complete,20
165230,3372,0,2,1,feasible,20,10,4,8,5,4,feasible,20,5,4,feasible,20,5,4,feasible,4,0,complete,20,complete,20,complete,20,complete,20
165279,3373,0,2,1,feasible,20,10,4,7,5,4,feasible,20,5,4,feasible,20,5,4,feasible,4,0,complete,20,complete,20,complete,20,complete,20
165328,3374,0,2,1,feasible,20,10,4,8,5,4,feasible,20,5,4,feasible,20,5,4,feasible,4,0,complete,20,complete,20,complete,20,complete,20
165377,3375,0,2,1,feasible,20,14,4,9,5,4,feasible,20,5,4,feasible,20,5,4,feasible,4,0,complete,20,complete,20,complete,20,complete,20
165445,3376,3,0,1,feasible,10,10,2,7,7,7,feasible,10,6,8,feasible,10,6,8,feasible,4,1,complete,16,complete,10,complete,16,complete,10
165482,3377,1,2,1,feasible,20,10,4,8,5,4,feasible,20,5,4,feasible,20,5,4,feasible,4,0,complete,20,complete,20,complete,20,complete,20
165543,3378,3,0,1,feasible,10,10,2,7,7,7,feasible,10,6,8,feasible,10,6,8,feasible,4,1,complete,16,complete,10,complete,10,complete,10
165580,3379,1,2,1,feasible,20,10,4,8,5,4,feasible,20,5,4,feasible,20,5,4,feasible,4,0,complete,20,complete,20,complete,20,complete,20
165629,3380,1,2,1,feasible,20,14,4,9,5,4,feasible,20,5,4,feasible,20,5,4,feasible,4,0,complete,20,complete,20,complete,20,complete,20
165678,3381,1,2,1,feasible,20,10,4,8,5,4,feasible,20,5,4,feasible,20,5,4,feasible,4,0,complete,20,complete,20,complete,20,complete,20
165727,3382,1,2,1,feasible,20,14,4,9,5,4,feasible,20,5,4,feasible,20,5,4,feasible,4,0,complete,20,complete,20,complete,20,complete,20
165776,3383,1,2,1,feasible,20,14,4,10,5,4,feasible,20,5,4,feasible,20,5,4,feasible,4,0,complete,20,complete,20,complete,20,complete,20
165820,3384,0,4,1,feasible,10,10,2,5,6,6,feasible,10,5,6,feasible,10,5,6,feasible,3,1,complete,11,complete,11,complete,11,complete,10
165869,3385,0,4,1,feasible,15,14,3,6,4,3,feasible,15,4,3,feasible,15,4,3,feasible,3,0,complete,15,complete,15,complete,15,complete,15
165917,3386,0,3,1,feasible,10,10,2,5,6,6,feasible,10,5,6,feasible,10,5,6,feasible,3,1,complete,11,complete,11,complete,11,complete,10
165966,3387,0,3,1,feasible,15,14,3,6,4,3,feasible,15,4,3,feasible,15,4,3,feasible,3,0,complete,15,complete,15,complete,15,complete,15
166015,3388,0,3,1,feasible,15,14,3,7,4,3,feasible,15,4,3,feasible,15,4,3,feasible,3,0,complete,15,complete,15,complete,15,complete,15
166063,3389,0,2,1,feasible,15,14,3,6,4,3,feasible,15,4,3,feasible,15,4,3,feasible,3,0,complete,15,complete,15,complete,15,complete,15
166112,3390,0,2,1,feasible,15,14,3,7,4,3,feasible,15,4,3,feasible,15,4,3,feasible,3,0,complete,15,complete,15,complete,15,complete,15
166168,3391,1,2,1,feasible,15,14,3,8,4,3,feasible,15,4,3,feasible,15,4,3,feasible,3,0,complete,15,complete,15,complete,15,complete,15
166211,3392,0,3,1,feasible,10,10,2,5,9,10,feasible,10,7,11,feasible,10,7,11,feasible,4,1,complete,12,complete,11,complete,11,complete,10
166260,3393,0,3,1,feasible,15,14,3,6,7,7,feasible,15,6,7,feasible,15,6,7,feasible,4,0,complete,16,complete,15,complete,15,complete,16
166308,3394,0,2,1,feasible,10,10,2,5,9,10,feasible,10,7,11,feasible,10,7,11,feasible,4,1,complete,12,complete,10,complete,11,complete,10
166357,3395,0,2,1,feasible,15,14,3,6,7,7,feasible,15,6,7,feasible,15,6,7,feasible,4,0,complete,16,complete,15,complete,15,complete,16
166406,3396,0,2,1,feasible,15,14,3,7,7,7,feasible,15,6,7,feasible,15,6,7,feasible,4,0,complete,16,complete,15,complete,15,complete,16
166454,3397,0,1,1,feasible,16,14,4,6,5,4,feasible,16,5,4,feasible,16,5,4,feasible,4,0,complete,16,complete,16,complete,16,complete,16
166503,3398,0,1,1,feasible,16,14,4,7,5,4,feasible,16,5,4,feasible,16,5,4,feasible,4,0,complete,16,complete,16,complete,16,complete,16
166559,3399,1,1,1,feasible,16,14,4,8,5,4,feasible,16,5,4,feasible,16,5,4,feasible,4,0,complete,16,complete,16,complete,16,complete,16
166603,3400,0,3,1,feasible,15,14,3,6,5,4,feasible,15,5,5,feasible,15,5,5,feasible,4,0,complete,16,complete,15,complete,15,complete,15
166652,3401,0,3,1,feasible,15,14,3,7,5,4,feasible,15,5,5,feasible,15,5,5,feasible,4,0,complete,20,complete,15,complete,15,complete,15
166700,3402,0,2,1,feasible,15,14,3,6,5,4,feasible,15,5,5,feasible,15,5,5,feasible,4,0,complete,16,complete,15,complete,15,complete,15
166749,3403,0,2,1,feasible,15,14,3,7,5,4,feasible,15,5,5,feasible,15,5,5,feasible,4,0,complete,20,complete,15,complete,15,complete,15
166805,3404,1,2,1,feasible,15,14,3,8,7,7,feasible,15,6,7,feasible,15,6,7,feasible,4,0,complete,20,complete,15,complete,15,complete,15
166847,3405,0,2,1,feasible,15,14,3,7,5,4,feasible,15,5,5,feasible,15,5,5,feasible,4,0,complete,20,complete,15,complete,20,complete,15
166902,3406,1,1,1,feasible,20,14,4,8,5,4,feasible,20,5,4,feasible,20,5,4,feasible,4,0,complete,20,complete,20,complete,20,complete,20
166958,3407,2,1,1,feasible,20,14,4,9,5,4,feasible,20,5,4,feasible,20,5,4,feasible,4,0,complete,20,complete,20,complete,20,complete,20
166994,3408,0,2,1,feasible,10,10,2,5,9,10,feasible,10,7,11,feasible,10,7,11,feasible,4,1,complete,12,complete,10,complete,11,complete,10
167043,3409,0,2,1,feasible,15,14,3,6,7,7,feasible,15,6,7,feasible,15,6,7,feasible,4,0,complete,16,complete,15,complete,15,complete,16
167091,3410,0,1,1,feasible,10,10,2,5,7,7,feasible,10,6,8,feasible,10,6,8,feasible,4,1,complete,12,complete,10,complete,10,complete,10
167140,3411,0,1,1,feasible,16,14,4,6,5,4,feasible,16,5,4,feasible,16,5,4,feasible,4,0,complete,16,complete,16,complete,16,complete,16
167189,3412,0,1,1,feasible,16,14,4,7,5,4,feasible,16,5,4,feasible,16,5,4,feasible,4,0,complete,16,complete,16,complete,16,complete,16
167237,3413,0,0,1,feasible,16,14,4,6,5,4,feasible,16,5,4,feasible,16,5,4,feasible,4,0,complete,16,complete,16,complete,16,complete,16
167286,3414,0,0,1,feasible,16,14,4,7,5,4,feasible,16,5,4,feasible,16,5,4,feasible,4,0,complete,16,complete,16,complete,16,complete,16
167342,3415,1,0,1,feasible,16,14,4,8,5,4,feasible,16,5,4,feasible,16,5,4,feasible,4,0,complete,16,complete,16,complete,16,complete,16
167386,3416,0,2,1,feasible,15,14,3,6,5,4,feasible,15,5,5,feasible,15,5,5,feasible,4,0,complete,16,complete,15,complete,15,complete,15
167435,3417,0,2,1,feasible,15,14,3,7,5,4,feasible,15,5,5,feasible,15,5,5,feasible,4,0,complete,20,complete,15,complete,15,complete,15
167490,3418,1,1,1,feasible,14,14,2,6,7,7,feasible,14,6,8,feasible,14,6,8,feasible,4,1,complete,16,complete,14,complete,14,complete,14
167533,3419,0,2,1,feasible,15,14,3,7,5,4,feasible,15,5,5,feasible,15,5,5,feasible,4,0,complete,20,complete,15,complete,15,complete,15
167588,3420,1,1,1,feasible,20,14,4,8,5,4,feasible,20,5,4,feasible,20,5,4,feasible,4,0,complete,20,complete,20,complete,20,complete,20
167636,3421,1,0,1,feasible,20,14,4,7,5,4,feasible,20,5,4,feasible,20,5,4,feasible,4,0,complete,20,complete,20,complete,20,complete,20
167685,3422,1,0,1,feasible,20,14,4,8,5,4,feasible,20,5,4,feasible,20,5,4,feasible,4,0,complete,20,complete,20,complete,20,complete,20
167741,3423,2,0,1,feasible,20,14,4,9,5,4,feasible,20,5,4,feasible,20,5,4,feasible,4,0,complete,20,complete,20,complete,20,complete,20
167778,3424,0,2,1,feasible,15,14,3,7,5,4,feasible,15,5,5,feasible,15,5,5,feasible,4,0,complete,16,complete,15,complete,15,complete,15
167834,3425,1,2,1,feasible,15,14,3,8,5,4,feasible,15,5,5,feasible,15,5,5,feasible,4,0,complete,20,complete,15,complete,15,complete,15
167876,3426,0,2,1,feasible,15,14,3,7,5,4,feasible,15,5,5,feasible,15,5,5,feasible,4,0,complete,16,complete,15,complete,15,complete,15
167932,3427,1,2,1,feasible,15,14,3,8,5,4,feasible,15,5,5,feasible,15,5,5,feasible,4,0,complete,20,complete,15,complete,15,complete,15
167975,3428,0,3,1,feasible,20,14,4,9,5,4,feasible,20,5,4,feasible,20,5,4,feasible,4,0,complete,20,complete,20,complete,20,complete,20
168035,3429,2,0,1,feasible,20,14,4,8,5,4,feasible,20,5,4,feasible,20,5,4,feasible,4,0,complete,20,complete,20,complete,20,complete,20
168084,3430,2,0,1,feasible,20,14,4,9,5,4,feasible,20,5,4,feasible,20,5,4,feasible,4,0,complete,20,complete,20,complete,20,complete,20
168122,3431,0,3,1,feasible,20,18,4,10,5,4,feasible,20,5,4,feasible,20,5,4,feasible,4,0,complete,20,complete,20,complete,20,complete,20
168176,3432,1,1,1,feasible,14,14,2,6,7,7,feasible,14,6,8,feasible,14,6,8,feasible,4,1,complete,16,complete,14,complete,16,complete,14
168219,3433,0,2,1,feasible,15,14,3,7,7,6,feasible,15,6,7,feasible,15,6,7,feasible,4,0,complete,20,complete,15,complete,20,complete,15
168273,3434,1,0,1,feasible,14,14,2,6,7,7,feasible,14,6,8,feasible,14,6,8,feasible,4,1,complete,16,complete,14,complete,14,complete,14
168322,3435,1,0,1,feasible,20,14,4,7,5,4,feasible,20,5,4,feasible,20,5,4,feasible,4,0,complete,20,complete,20,complete,20,complete,20
168371,3436,1,0,1,feasible,20,14,4,8,5,4,feasible,20,5,4,feasible,20,5,4,feasible,4,0,complete,20,complete,20,complete,20,complete,20
168420,3437,1,0,1,feasible,20,14,4,7,5,4,feasible,20,5,4,feasible,20,5,4,feasible,4,0,complete,20,complete,20,complete,20,complete,20
168469,3438,1,0,1,feasible,20,14,4,8,5,4,feasible,20,5,4,feasible,20,5,4,feasible,4,0,complete,20,complete,20,complete,20,complete,20
168513,3439,0,2,1,feasible,20,14,4,9,5,4,feasible,20,5,4,feasible,20,5,4,feasible,4,0,complete,20,complete,20,complete,20,complete,20
168562,3440,0,2,1,feasible,15,14,3,7,7,6,feasible,15,6,7,feasible,15,6,7,feasible,4,0,complete,16,complete,15,complete,16,complete,15
168611,3441,0,2,1,feasible,20,14,4,8,5,4,feasible,20,5,4,feasible,20,5,4,feasible,4,0,complete,20,complete,20,complete,20,complete,20
168672,3442,2,0,1,feasible,14,14,2,7,7,7,feasible,14,6,8,feasible,14,6,8,feasible,4,1,complete,16,complete,14,complete,14,complete,14
168709,3443,0,2,1,feasible,20,14,4,8,5,4,feasible,20,5,4,feasible,20,5,4,feasible,4,0,complete,20,complete,20,complete,20,complete,20
168758,3444,0,2,1,feasible,20,14,4,9,5,4,feasible,20,5,4,feasible,20,5,4,feasible,4,0,complete,20,complete,20,complete,20,complete,20
168807,3445,0,2,1,feasible,20,14,4,8,5,4,feasible,20,5,4,feasible,20,5,4,feasible,4,0,complete,20,complete,20,complete,20,complete,20
168856,3446,0,2,1,feasible,20,14,4,9,5,4,feasible,20,5,4,feasible,20,5,4,feasible,4,0,complete,20,complete,20,complete,20,complete,20
168905,3447,0,2,1,feasible,20,18,4,10,5,4,feasible,20,5,4,feasible,20,5,4,feasible,4,0,complete,20,complete,20,complete,20,complete,20
168961,3448,1,2,1,feasible,15,14,3,8,7,6,feasible,15,6,7,feasible,15,6,7,feasible,4,0,complete,16,complete,15,complete,16,complete,15
169010,3449,1,2,1,feasible,20,14,4,9,5,4,feasible,20,5,4,feasible,20,5,4,feasible,4,0,complete,20,complete,20,complete,20,complete,20
169071,3450,3,0,1,feasible,14,14,2,8,7,7,feasible,14,6,8,feasible,14,6,8,feasible,4,1,complete,16,complete,14,complete,14,complete,14
169108,3451,1,2,1,feasible,20,14,4,9,5,4,feasible,20,5,4,feasible,20,5,4,feasible,4,0,complete,20,complete,20,complete,20,complete,20
169157,3452,1,2,1,feasible,20,18,4,10,5,4,feasible,20,5,4,feasible,20,5,4,feasible,4,0,complete,20,complete,20,complete,20,complete,20
169206,3453,1,2,1,feasible,20,14,4,9,5,4,feasible,20,5,4,feasible,20,5,4,feasible,4,0,complete,20,complete,20,complete,20,complete,20
169255,3454,1,2,1,feasible,20,18,4,10,5,4,feasible,20,5,4,feasible,20,5,4,feasible,4,0,complete,20,complete,20,complete,20,complete,20
169304,3455,1,2,1,feasible,20,18,4,11,5,4,feasible,20,5,4,feasible,20,5,4,feasible,4,0,complete,20,complete,20,complete,20,complete,20
169344,3456,0,0,1,feasible,6,6,2,1,4,3,feasible,6,4,4,feasible,6,4,4,feasible,3,1,complete,7,complete,6,complete,7,complete,6
169394,3457,0,1,1,feasible,10,10,2,2,6,5,feasible,10,5,6,feasible,10,5,6,feasible,3,1,complete,11,complete,10,complete,11,complete,10
169442,3458,0,0,1,feasible,6,6,2,1,4,3,feasible,6,4,4,feasible,6,4,4,feasible,3,1,complete,7,complete,6,complete,7,complete,6
169492,3459,0,1,1,feasible,10,10,2,2,6,5,feasible,10,5,6,feasible,10,5,6,feasible,3,1,complete,11,complete,10,complete,11,complete,10
169541,3460,0,1,1,feasible,10,10,2,3,6,5,feasible,10,5,6,feasible,10,5,6,feasible,3,1,complete,11,complete,10,complete,11,complete,10
169590,3461,0,1,1,feasible,10,10,2,2,6,5,feasible,10,5,6,feasible,10,5,6,feasible,3,1,complete,11,complete,10,complete,11,complete,10
169639,3462,0,1,1,feasible,10,10,2,3,6,5,feasible,10,5,6,feasible,10,5,6,feasible,3,1,complete,11,complete,10,complete,11,complete,10
169688,3463,0,1,1,feasible,10,10,2,4,6,5,feasible,10,5,6,feasible,10,5,6,feasible,3,1,complete,11,complete,10,complete,11,complete,10
169736,3464,0,0,1,feasible,6,6,2,1,9,9,feasible,6,7,11,feasible,6,7,11,feasible,4,1,complete,8,complete,6,complete,7,complete,6
169785,3465,0,0,1,feasible,11,10,3,2,7,6,feasible,11,6,7,feasible,11,6,7,feasible,4,0,complete,12,complete,11,complete,12,complete,11
169834,3466,0,0,1,feasible,6,6,2,1,9,9,feasible,6,7,11,feasible,6,7,11,feasible,4,1,complete,8,complete,6,complete,7,complete,6
169883,3467,0,0,1,feasible,11,10,3,2,7,6,feasible,11,6,7,feasible,11,6,7,feasible,4,0,complete,12,complete,11,complete,12,complete,11
169932,3468,0,0,1,feasible,11,10,3,3,7,6,feasible,11,6,7,feasible,11,6,7,feasible,4,0,complete,12,complete,11,complete,12,complete,11
169981,3469,0,0,1,feasible,11,10,3,2,7,6,feasible,11,6,7,feasible,11,6,7,feasible,4,0,complete,12,complete,11,complete,12,complete,11
170030,3470,0,0,1,feasible,11,10,3,3,7,6,feasible,11,6,7,feasible,11,6,7,feasible,4,0,complete,12,complete,11,complete,12,complete,11
170079,3471,0,0,1,feasible,11,10,3,4,7,6,feasible,11,6,7,feasible,11,6,7,feasible,4,0,complete,12,complete,11,complete,12,complete,11
170129,3472,0,1,1,feasible,10,10,2,2,9,9,feasible,10,7,11,feasible,10,7,11,feasible,4,1,complete,12,complete,10,complete,11,complete,10
170178,3473,0,1,1,feasible,10,10,2,3,9,9,feasible,10,7,11,feasible,10,7,11,feasible,4,1,complete,16,complete,10,complete,11,complete,10
170227,3474,0,1,1,feasible,10,10,2,2,9,9,feasible,10,7,11,feasible,10,7,11,feasible,4,1,complete,12,complete,10,complete,11,complete,10
170276,3475,0,1,1,feasible,10,10,2,3,9,9,feasible,10,7,11,feasible,10,7,11,feasible,4,1,complete,16,complete,10,complete,11,complete,10
170325,3476,0,1,1,feasible,10,10,2,4,9,9,feasible,10,7,11,feasible,10,7,11,feasible,4,1,complete,16,complete,10,complete,11,complete,10
170374,3477,0,1,1,feasible,10,10,2,3,9,9,feasible,10,7,11,feasible,10,7,11,feasible,4,1,complete,16,complete,10,complete,16,complete,10
170423,3478,0,1,1,feasible,10,10,2,4,9,9,feasible,10,7,11,feasible,10,7,11,feasible,4,1,complete,16,complete,10,complete,16,complete,10
170472,3479,0,1,1,feasible,10,10,2,5,7,7,feasible,10,6,8,feasible,10,6,8,feasible,4,1,complete,16,complete,10,complete,16,complete,10
170520,3480,0,0,1,feasible,6,6,2,1,9,9,feasible,6,7,11,feasible,6,7,11,feasible,4,1,complete,8,complete,6,complete,7,complete,6
170569,3481,0,0,1,feasible,11,10,3,2,7,6,feasible,11,6,7,feasible,11,6,7,feasible,4,0,complete,12,complete,11,complete,12,complete,11
170618,3482,0,0,1,feasible,6,6,2,1,9,9,feasible,6,7,11,feasible,6,7,11,feasible,4,1,complete,8,complete,6,complete,7,complete,6
170667,3483,0,0,1,feasible,11,10,3,2,7,6,feasible,11,6,7,feasible,11,6,7,feasible,4,0,complete,12,complete,11,complete,12,complete,11
170716,3484,0,0,1,feasible,11,10,3,3,7,6,feasible,11,6,7,feasible,11,6,7,feasible,4,0,complete,12,complete,11,complete,12,complete,11
170765,3485,0,0,1,feasible,11,10,3,2,7,6,feasible,11,6,7,feasible,11,6,7,feasible,4,0,complete,12,complete,11,complete,12,complete,11
170814,3486,0,0,1,feasible,11,10,3,3,7,6,feasible,11,6,7,feasible,11,6,7,feasible,4,0,complete,12,complete,11,complete,12,complete,11
170863,3487,0,0,1,feasible,11,10,3,4,7,6,feasible,11,6,7,feasible,11,6,7,feasible,4,0,complete,12,complete,11,complete,12,complete,11
170913,3488,0,1,1,feasible,10,10,2,2,9,9,feasible,10,7,11,feasible,10,7,11,feasible,4,1,complete,12,complete,10,complete,11,complete,10
170962,3489,0,1,1,feasible,10,10,2,3,9,9,feasible,10,7,11,feasible,10,7,11,feasible,4,1,complete,16,complete,10,complete,11,complete,10
171011,3490,0,1,1,feasible,10,10,2,2,9,9,feasible,10,7,11,feasible,10,7,11,feasible,4,1,complete,12,complete,10,complete,11,complete,10
171060,3491,0,1,1,feasible,10,10,2,3,9,9,feasible,10,7,11,feasible,10,7,11,feasible,4,1,complete,16,complete,10,complete,11,complete,10
171109,3492,0,1,1,feasible,10,10,2,4,9,9,feasible,10,7,11,feasible,10,7,11,feasible,4,1,complete,16,complete,10,complete,11,complete,10
171158,3493,0,1,1,feasible,10,10,2,3,9,9,feasible,10,7,11,feasible,10,7,11,feasible,4,1,complete,16,complete,10,complete,11,complete,10
171207,3494,0,1,1,feasible,10,10,2,4,9,9,feasible,10,7,11,feasible,10,7,11,feasible,4,1,complete,16,complete,10,complete,11,complete,10
171256,3495,0,1,1,feasible,10,10,2,5,7,7,feasible,10,6,8,feasible,10,6,8,feasible,4,1,complete,16,complete,10,complete,16,complete,10
171305,3496,0,1,1,feasible,10,10,2,3,9,9,feasible,10,7,11,feasible,10,7,11,feasible,4,1,complete,12,complete,10,complete,11,complete,10
171354,3497,0,1,1,feasible,10,10,2,4,9,9,feasible,10,7,11,feasible,10,7,11,feasible,4,1,complete,16,complete,10,complete,11,complete,10
171403,3498,0,1,1,feasible,10,10,2,3,9,9,feasible,10,7,11,feasible,10,7,11,feasible,4,1,complete,12,complete,10,complete,11,complete,10
171452,3499,0,1,1,feasible,10,10,2,4,9,9,feasible,10,7,11,feasible,10,7,11,feasible,4,1,complete,16,complete,10,complete,11,complete,10
171501,3500,0,1,1,feasible,10,10,2,5,7,7,feasible,10,6,8,feasible,10,6,8,feasible,4,1,complete,16,complete,10,complete,16,complete,10
171550,3501,0,1,1,feasible,10,10,2,4,9,9,feasible,10,7,11,feasible,10,7,11,feasible,4,1,complete,16,complete,10,complete,11,complete,10
171599,3502,0,1,1,feasible,10,10,2,5,7,7,feasible,10,6,8,feasible,10,6,8,feasible,4,1,complete,16,complete,10,complete,16,complete,10
171655,3503,1,1,1,feasible,14,14,2,6,7,7,feasible,14,6,8,feasible,14,6,8,feasible,4,1,complete,16,complete,14,complete,16,complete,14
171697,3504,0,1,1,feasible,10,10,2,2,9,9,feasible,10,7,11,feasible,10,7,11,feasible,4,1,complete,12,complete,10,complete,12,complete,10
171746,3505,0,1,1,feasible,10,10,2,3,9,9,feasible,10,7,11,feasible,10,7,11,feasible,4,1,complete,16,complete,10,complete,16,complete,10
171795,3506,0,1,1,feasible,10,10,2,2,9,9,feasible,10,7,11,feasible,10,7,11,feasible,4,1,complete,12,complete,10,complete,11,complete,10
171844,3507,0,1,1,feasible,10,10,2,3,9,9,feasible,10,7,11,feasible,10,7,11,feasible,4,1,complete,16,complete,10,complete,11,complete,10
171893,3508,0,1,1,feasible,10,10,2,4,9,9,feasible,10,7,11,feasible,10,7,11,feasible,4,1,complete,16,complete,10,complete,11,complete,10
171942,3509,0,1,1,feasible,10,10,2,3,9,9,feasible,10,7,11,feasible,10,7,11,feasible,4,1,complete,16,complete,10,complete,11,complete,10
171991,3510,0,1,1,feasible,10,10,2,4,9,9,feasible,10,7,11,feasible,10,7,11,feasible,4,1,complete,16,complete,10,complete,11,complete,10
172040,3511,0,1,1,feasible,10,10,2,5,7,7,feasible,10,6,8,feasible,10,6,8,feasible,4,1,complete,16,complete,10,complete,16,complete,10
172089,3512,0,1,1,feasible,10,10,2,3,9,9,feasible,10,7,11,feasible,10,7,11,feasible,4,1,complete,12,complete,10,complete,12,complete,10
172138,3513,0,1,1,feasible,10,10,2,4,9,9,feasible,10,7,11,feasible,10,7,11,feasible,4,1,complete,16,complete,10,complete,16,complete,10
172187,3514,0,1,1,feasible,10,10,2,3,9,9,feasible,10,7,11,feasible,10,7,11,feasible,4,1,complete,12,complete,10,complete,11,complete,10
172236,3515,0,1,1,feasible,10,10,2,4,9,9,feasible,10,7,11,feasible,10,7,11,feasible,4,1,complete,16,complete,10,complete,11,complete,10
172285,3516,0,1,1,feasible,10,10,2,5,7,7,feasible,10,6,8,feasible,10,6,8,feasible,4,1,complete,16,complete,10,complete,16,complete,10
172334,3517,0,1,1,feasible,10,10,2,4,9,9,feasible,10,7,11,feasible,10,7,11,feasible,4,1,complete,16,complete,10,complete,11,complete,10
172383,3518,0,1,1,feasible,10,10,2,5,7,7,feasible,10,6,8,feasible,10,6,8,feasible,4,1,complete,16,complete,10,complete,16,complete,10
172439,3519,1,1,1,feasible,14,14,2,6,7,7,feasible,14,6,8,feasible,14,6,8,feasible,4,1,complete,16,complete,14,complete,16,complete,14
172481,3520,0,1,1,feasible,10,10,2,4,9,9,feasible,10,7,11,feasible,10,7,11,feasible,4,1,complete,12,complete,10,complete,12,complete,10
172530,3521,0,1,1,feasible,10,10,2,5,7,7,feasible,10,6,8,feasible,10,6,8,feasible,4,1,complete,16,complete,10,complete,16,complete,10
172579,3522,0,1,1,feasible,10,10,2,4,9,9,feasible,10,7,11,feasible,10,7,11,feasible,4,1,complete,12,complete,10,complete,11,complete,10
172628,3523,0,1,1,feasible,10,10,2,5,7,7,feasible,10,6,8,feasible,10,6,8,feasible,4,1,complete,16,complete,10,complete,16,complete,10
172684,3524,1,1,1,feasible,14,14,2,6,7,7,feasible,14,6,8,feasible,14,6,8,feasible,4,1,complete,16,complete,14,complete,16,complete,15
172726,3525,0,1,1,feasible,10,10,2,5,7,7,feasible,10,6,8,feasible,10,6,8,feasible,4,1,complete,16,complete,10,complete,16,complete,10
172782,3526,1,1,1,feasible,14,14,2,6,7,7,feasible,14,6,8,feasible,14,6,8,feasible,4,1,complete,16,complete,14,complete,16,complete,14
172838,3527,2,1,1,feasible,14,14,2,7,7,7,feasible,14,6,8,feasible,14,6,8,feasible,4,1,complete,16,complete,14,complete,16,complete,14
172873,3528,0,1,1,feasible,6,6,2,2,6,6,feasible,6,5,6,feasible,6,5,6,feasible,3,1,complete,11,complete,11,complete,11,complete,6
172922,3529,0,1,1,feasible,15,10,3,3,4,3,feasible,15,4,3,feasible,15,4,3,feasible,3,0,complete,15,complete,15,complete,15,complete,15
172970,3530,0,0,1,feasible,6,6,2,2,4,3,feasible,6,4,4,feasible,6,4,4,feasible,3,1,complete,11,complete,6,complete,11,complete,6
173026,3531,1,0,1,feasible,10,10,2,3,4,3,feasible,10,4,4,feasible,10,4,4,feasible,3,1,complete,15,complete,10,complete,15,complete,10
173069,3532,0,1,1,feasible,15,10,3,4,4,3,feasible,15,4,3,feasible,15,4,3,feasible,3,0,complete,15,complete,15,complete,15,complete,15
173124,3533,1,0,1,feasible,10,10,2,3,4,3,feasible,10,4,4,feasible,10,4,4,feasible,3,1,complete,15,complete,10,complete,15,complete,10
173167,3534,0,1,1,feasible,15,10,3,4,4,3,feasible,15,4,3,feasible,15,4,3,feasible,3,0,complete,15,complete,15,complete,15,complete,15
173216,3535,0,1,1,feasible,15,10,3,5,4,3,feasible,15,4,3,feasible,15,4,3,feasible,3,0,complete,15,complete,15,complete,15,complete,15
173264,3536,0,0,1,feasible,6,6,2,2,7,7,feasible,6,6,8,feasible,6,6,8,feasible,4,1,complete,12,complete,6,complete,11,complete,6
173313,3537,0,0,1,feasible,16,10,4,3,5,4,feasible,16,5,4,feasible,16,5,4,feasible,4,0,complete,16,complete,16,complete,16,complete,16
173362,3538,0,0,1,feasible,6,6,2,2,7,7,feasible,6,6,8,feasible,6,6,8,feasible,4,1,complete,12,complete,6,complete,11,complete,6
173411,3539,0,0,1,feasible,16,10,4,3,5,4,feasible,16,5,4,feasible,16,5,4,feasible,4,0,complete,16,complete,16,complete,16,complete,16
173460,3540,0,0,1,feasible,16,10,4,4,5,4,feasible,16,5,4,feasible,16,5,4,feasible,4,0,complete,16,complete,16,complete,16,complete,16
173509,3541,0,0,1,feasible,16,10,4,3,5,4,feasible,16,5,4,feasible,16,5,4,feasible,4,0,complete,16,complete,16,complete,16,complete,16
173558,3542,0,0,1,feasible,16,10,4,4,5,4,feasible,16,5,4,feasible,16,5,4,feasible,4,0,complete,16,complete,16,complete,16,complete,16
173607,3543,0,0,1,feasible,16,10,4,5,5,4,feasible,16,5,4,feasible,16,5,4,feasible,4,0,complete,16,complete,16,complete,16,complete,16
173663,3544,1,0,1,feasible,10,10,2,3,7,7,feasible,10,6,8,feasible,10,6,8,feasible,4,1,complete,16,complete,10,complete,15,complete,10
173706,3545,0,1,1,feasible,15,10,3,4,7,6,feasible,15,6,7,feasible,15,6,7,feasible,4,0,complete,20,complete,15,complete,15,complete,15
173761,3546,1,0,1,feasible,10,10,2,3,7,7,feasible,10,6,8,feasible,10,6,8,feasible,4,1,complete,16,complete,10,complete,15,complete,10
173804,3547,0,1,1,feasible,15,10,3,4,7,6,feasible,15,6,7,feasible,15,6,7,feasible,4,0,complete,20,complete,15,complete,15,complete,15
173853,3548,0,1,1,feasible,15,10,3,5,7,6,feasible,15,6,7,feasible,15,6,7,feasible,4,0,complete,20,complete,15,complete,15,complete,15
173902,3549,0,1,1,feasible,15,10,3,4,7,6,feasible,15,6,7,feasible,15,6,7,feasible,4,0,complete,20,complete,15,complete,20,complete,15
173951,3550,0,1,1,feasible,15,10,3,5,7,6,feasible,15,6,7,feasible,15,6,7,feasible,4,0,complete,20,complete,15,complete,20,complete,15
174000,3551,0,1,1,feasible,20,10,4,6,5,4,feasible,20,5,4,feasible,20,5,4,feasible,4,0,complete,20,complete,20,complete,20,complete,20
174048,3552,0,0,1,feasible,6,6,2,2,9,9,feasible,6,7,11,feasible,6,7,11,feasible,4,1,complete,12,complete,6,complete,11,complete,6
174097,3553,0,0,1,feasible,11,10,3,3,7,6,feasible,11,6,7,feasible,11,6,7,feasible,4,0,complete,16,complete,11,complete,16,complete,11
174146,3554,0,0,1,feasible,6,6,2,2,9,9,feasible,6,7,11,feasible,6,7,11,feasible,4,1,complete,12,complete,6,complete,11,complete,6
174195,3555,0,0,1,feasible,11,10,3,3,7,6,feasible,11,6,7,feasible,11,6,7,feasible,4,0,complete,16,complete,11,complete,16,complete,11
174244,3556,0,0,1,feasible,11,10,3,4,7,6,feasible,11,6,7,feasible,11,6,7,feasible,4,0,complete,16,complete,11,complete,16,complete,11
174293,3557,0,0,1,feasible,11,10,3,3,7,6,feasible,11,6,7,feasible,11,6,7,feasible,4,0,complete,16,complete,11,complete,16,complete,11
174342,3558,0,0,1,feasible,11,10,3,4,7,6,feasible,11,6,7,feasible,11,6,7,feasible,4,0,complete,16,complete,11,complete,16,complete,11
174391,3559,0,0,1,feasible,11,10,3,5,7,6,feasible,11,6,7,feasible,11,6,7,feasible,4,0,complete,16,complete,11,complete,16,complete,11
174447,3560,1,0,1,feasible,10,10,2,3,9,9,feasible,10,7,11,feasible,10,7,11,feasible,4,1,complete,16,complete,10,complete,15,complete,10
174490,3561,0,1,1,feasible,15,10,3,4,7,6,feasible,15,6,7,feasible,15,6,7,feasible,4,0,complete,20,complete,15,complete,15,complete,15
174545,3562,1,0,1,feasible,10,10,2,3,9,9,feasible,10,7,11,feasible,10,7,11,feasible,4,1,complete,16,complete,10,complete,15,complete,10
174588,3563,0,1,1,feasible,15,10,3,4,7,6,feasible,15,6,7,feasible,15,6,7,feasible,4,0,complete,20,complete,15,complete,15,complete,15
174637,3564,0,1,1,feasible,15,10,3,5,7,6,feasible,15,6,7,feasible,15,6,7,feasible,4,0,complete,20,complete,15,complete,15,complete,15
174686,3565,0,1,1,feasible,15,10,3,4,7,6,feasible,15,6,7,feasible,15,6,7,feasible,4,0,complete,20,complete,15,complete,15,complete,15
174735,3566,0,1,1,feasible,15,10,3,5,7,6,feasible,15,6,7,feasible,15,6,7,feasible,4,0,complete,20,complete,15,complete,15,complete,15
174790,3567,1,0,1,feasible,15,10,3,6,7,6,feasible,15,6,7,feasible,15,6,7,feasible,4,0,complete,20,complete,15,complete,20,complete,15
174833,3568,0,1,1,feasible,15,10,3,4,7,6,feasible,15,6,7,feasible,15,6,7,feasible,4,0,complete,16,complete,15,complete,15,complete,15
174882,3569,0,1,1,feasible,15,10,3,5,7,6,feasible,15,6,7,feasible,15,6,7,feasible,4,0,complete,20,complete,15,complete,15,complete,15
174931,3570,0,1,1,feasible,15,10,3,4,7,6,feasible,15,6,7,feasible,15,6,7,feasible,4,0,complete,16,complete,15,complete,15,complete,15
174980,3571,0,1,1,feasible,15,10,3,5,7,6,feasible,15,6,7,feasible,15,6,7,feasible,4,0,complete,20,complete,15,complete,15,complete,15
175029,3572,0,1,1,feasible,20,10,4,6,5,4,feasible,20,5,4,feasible,20,5,4,feasible,4,0,complete,20,complete,20,complete,20,complete,20
175078,3573,0,1,1,feasible,15,10,3,5,7,6,feasible,15,6,7,feasible,15,6,7,feasible,4,0,complete,20,complete,15,complete,15,complete,15
175127,3574,0,1,1,feasible,20,10,4,6,5,4,feasible,20,5,4,feasible,20,5,4,feasible,4,0,complete,20,complete,20,complete,20,complete,20
175189,3575,2,0,1,feasible,15,14,3,7,7,6,feasible,15,6,7,feasible,15,6,7,feasible,4,0,complete,20,complete,15,complete,20,complete,15
175231,3576,1,0,1,feasible,10,10,2,3,9,9,feasible,10,7,11,feasible,10,7,11,feasible,4,1,complete,16,complete,10,complete,16,complete,10
175274,3577,0,1,1,feasible,15,10,3,4,7,6,feasible,15,6,7,feasible,15,6,7,feasible,4,0,complete,20,complete,15,complete,20,complete,15
175329,3578,1,0,1,feasible,10,10,2,3,9,9,feasible,10,7,11,feasible,10,7,11,feasible,4,1,complete,16,complete,10,complete,15,complete,10
175372,3579,0,1,1,feasible,15,10,3,4,7,6,feasible,15,6,7,feasible,15,6,7,feasible,4,0,complete,20,complete,15,complete,15,complete,15
175421,3580,0,1,1,feasible,15,10,3,5,7,6,feasible,15,6,7,feasible,15,6,7,feasible,4,0,complete,20,complete,15,complete,15,complete,15
175470,3581,0,1,1,feasible,15,10,3,4,7,6,feasible,15,6,7,feasible,15,6,7,feasible,4,0,complete,20,complete,15,complete,15,complete,15
175519,3582,0,1,1,feasible,15,10,3,5,7,6,feasible,15,6,7,feasible,15,6,7,feasible,4,0,complete,20,complete,15,complete,15,complete,15
175574,3583,1,0,1,feasible,15,10,3,6,7,6,feasible,15,6,7,feasible,15,6,7,feasible,4,0,complete,20,complete,15,complete,20,complete,15
175617,3584,0,1,1,feasible,15,10,3,4,7,6,feasible,15,6,7,feasible,15,6,7,feasible,4,0,complete,16,complete,15,complete,16,complete,15
175666,3585,0,1,1,feasible,15,10,3,5,7,6,feasible,15,6,7,feasible,15,6,7,feasible,4,0,complete,20,complete,15,complete,20,complete,15
175715,3586,0,1,1,feasible,15,10,3,4,7,6,feasible,15,6,7,feasible,15,6,7,feasible,4,0,complete,16,complete,15,complete,15,complete,15
175764,3587,0,1,1,feasible,15,10,3,5,7,6,feasible,15,6,7,feasible,15,6,7,feasible,4,0,complete,20,complete,15,complete,15,complete,15
175813,3588,0,1,1,feasible,20,10,4,6,5,4,feasible,20,5,4,feasible,20,5,4,feasible,4,0,complete,20,complete,20,complete,20,complete,20
175862,3589,0,1,1,feasible,15,10,3,5,7,6,feasible,15,6,7,feasible,15,6,7,feasible,4,0,complete,20,complete,15,complete,15,complete,15
175911,3590,0,1,1,feasible,20,10,4,6,5,4,feasible,20,5,4,feasible,20,5,4,feasible,4,0,complete,20,complete,20,complete,20,complete,20
175973,3591,2,0,1,feasible,15,14,3,7,7,6,feasible,15,6,7,feasible,15,6,7,feasible,4,0,complete,20,complete,15,complete,20,complete,15
176009,3592,0,1,1,feasible,15,10,3,5,7,6,feasible,15,6,7,feasible,15,6,7,feasible,4,0,complete,16,complete,15,complete,16,complete,15
176058,3593,0,1,1,feasible,20,10,4,6,5,4,feasible,20,5,4,feasible,20,5,4,feasible,4,0,complete,20,complete,20,complete,20,complete,20
176107,3594,0,1,1,feasible,15,10,3,5,7,6,feasible,15,6,7,feasible,15,6,7,feasible,4,0,complete,16,complete,15,complete,15,complete,15
176156,3595,0,1,1,feasible,20,10,4,6,5,4,feasible,20,5,4,feasible,20,5,4,feasible,4,0,complete,20,complete,20,complete,20,complete,20
176212,3596,1,1,1,feasible,20,14,4,7,5,4,feasible,20,5,4,feasible,20,5,4,feasible,4,0,complete,20,complete,20,complete,20,complete,20
176254,3597,0,1,1,feasible,20,10,4,6,5,4,feasible,20,5,4,feasible,20,5,4,feasible,4,0,complete,20,complete,20,complete,20,complete,20
176310,3598,1,1,1,feasible,20,14,4,7,5,4,feasible,20,5,4,feasible,20,5,4,feasible,4,0,complete,20,complete,20,complete,20,complete,20
176372,3599,3,0,1,feasible,15,14,3,8,7,6,feasible,15,6,7,feasible,15,6,7,feasible,4,0,complete,20,complete,15,complete,20,complete,15
176400,3600,0,0,1,feasible,6,6,2,1,4,3,feasible,6,4,4,feasible,6,4,4,feasible,3,1,complete,7,complete,6,complete,6,complete,6
176450,3601,0,1,1,feasible,10,10,2,2,6,5,feasible,10,5,6,feasible,10,5,6,feasible,3,1,complete,11,complete,10,complete,10,complete,10
176498,3602,0,0,1,feasible,6,6,2,1,4,3,feasible,6,4,4,feasible,6,4,4,feasible,3,1,complete,7,complete,6,complete,6,complete,6
176548,3603,0,1,1,feasible,10,10,2,2,6,5,feasible,10,5,6,feasible,10,5,6,feasible,3,1,complete,11,complete,10,complete,10,complete,10
176597,3604,0,1,1,feasible,10,10,2,3,6,5,feasible,10,5,6,feasible,10,5,6,feasible,3,1,complete,11,complete,10,complete,10,complete,10
176646,3605,0,1,1,feasible,10,10,2,2,6,5,feasible,10,5,6,feasible,10,5,6,feasible,3,1,complete,11,complete,10,complete,10,complete,10
176695,3606,0,1,1,feasible,10,10,2,3,6,5,feasible,10,5,6,feasible,10,5,6,feasible,3,1,complete,11,complete,10,complete,10,complete,10
176744,3607,0,1,1,feasible,10,10,2,4,6,5,feasible,10,5,6,feasible,10,5,6,feasible,3,1,complete,11,complete,10,complete,10,complete,10
176792,3608,0,0,1,feasible,6,6,2,1,9,9,feasible,6,7,11,feasible,6,7,11,feasible,4,1,complete,8,complete,6,complete,6,complete,6
176841,3609,0,0,1,feasible,11,10,3,2,7,6,feasible,11,6,7,feasible,11,6,7,feasible,4,0,complete,12,complete,11,complete,11,complete,11
176890,3610,0,0,1,feasible,6,6,2,1,9,9,feasible,6,7,11,feasible,6,7,11,feasible,4,1,complete,8,complete,6,complete,6,complete,6
176939,3611,0,0,1,feasible,11,10,3,2,7,6,feasible,11,6,7,feasible,11,6,7,feasible,4,0,complete,12,complete,11,complete,11,complete,11
176988,3612,0,0,1,feasible,11,10,3,3,7,6,feasible,11,6,7,feasible,11,6,7,feasible,4,0,complete,12,complete,11,complete,11,complete,11
177037,3613,0,0,1,feasible,11,10,3,2,7,6,feasible,11,6,7,feasible,11,6,7,feasible,4,0,complete,12,complete,11,complete,11,complete,11
177086,3614,0,0,1,feasible,11,10,3,3,7,6,feasible,11,6,7,feasible,11,6,7,feasible,4,0,complete,12,complete,11,complete,11,complete,11
177135,3615,0,0,1,feasible,11,10,3,4,7,6,feasible,11,6,7,feasible,11,6,7,feasible,4,0,complete,12,complete,11,complete,11,complete,11
177185,3616,0,1,1,feasible,10,10,2,2,9,9,feasible,10,7,11,feasible,10,7,11,feasible,4,1,complete,12,complete,10,complete,10,complete,10
177234,3617,0,1,1,feasible,10,10,2,3,9,9,feasible,10,7,11,feasible,10,7,11,feasible,4,1,complete,16,complete,10,complete,10,complete,10
177283,3618,0,1,1,feasible,10,10,2,2,9,9,feasible,10,7,11,feasible,10,7,11,feasible,4,1,complete,12,complete,10,complete,10,complete,10
177332,3619,0,1,1,feasible,10,10,2,3,9,9,feasible,10,7,11,feasible,10,7,11,feasible,4,1,complete,16,complete,10,complete,10,complete,10
177381,3620,0,1,1,feasible,10,10,2,4,9,9,feasible,10,7,11,feasible,10,7,11,feasible,4,1,complete,16,complete,10,complete,10,complete,10
177430,3621,0,1,1,feasible,10,10,2,3,9,9,feasible,10,7,11,feasible,10,7,11,feasible,4,1,complete,16,complete,10,complete,15,complete,10
177479,3622,0,1,1,feasible,10,10,2,4,9,9,feasible,10,7,11,feasible,10,7,11,feasible,4,1,complete,16,complete,10,complete,15,complete,10
177528,3623,0,1,1,feasible,10,10,2,5,7,7,feasible,10,6,8,feasible,10,6,8,feasible,4,1,complete,16,complete,10,complete,15,complete,10
177576,3624,0,0,1,feasible,6,6,2,1,9,9,feasible,6,7,11,feasible,6,7,11,feasible,4,1,complete,8,complete,6,complete,6,complete,6
177625,3625,0,0,1,feasible,11,10,3,2,7,6,feasible,11,6,7,feasible,11,6,7,feasible,4,0,complete,12,complete,11,complete,11,complete,11
177674,3626,0,0,1,feasible,6,6,2,1,9,9,feasible,6,7,11,feasible,6,7,11,feasible,4,1,complete,8,complete,6,complete,6,complete,6
177723,3627,0,0,1,feasible,11,10,3,2,7,6,feasible,11,6,7,feasible,11,6,7,feasible,4,0,complete,12,complete,11,complete,11,complete,11
177772,3628,0,0,1,feasible,11,10,3,3,7,6,feasible,11,6,7,feasible,11,6,7,feasible,4,0,complete,12,complete,11,complete,11,complete,11
177821,3629,0,0,1,feasible,11,10,3,2,7,6,feasible,11,6,7,feasible,11,6,7,feasible,4,0,complete,12,complete,11,complete,11,complete,11
177870,3630,0,0,1,feasible,11,10,3,3,7,6,feasible,11,6,7,feasible,11,6,7,feasible,4,0,complete,12,complete,11,complete,11,complete,11
177919,3631,0,0,1,feasible,11,10,3,4,7,6,feasible,11,6,7,feasible,11,6,7,feasible,4,0,complete,12,complete,11,complete,11,complete,11
177969,3632,0,1,1,feasible,10,10,2,2,9,9,feasible,10,7,11,feasible,10,7,11,feasible,4,1,complete,12,complete,10,complete,10,complete,10
178018,3633,0,1,1,feasible,10,10,2,3,9,9,feasible,10,7,11,feasible,10,7,11,feasible,4,1,complete,16,complete,10,complete,10,complete,10
178067,3634,0,1,1,feasible,10,10,2,2,9,9,feasible,10,7,11,feasible,10,7,11,feasible,4,1,complete,12,complete,10,complete,10,complete,10
178116,3635,0,1,1,feasible,10,10,2,3,9,9,feasible,10,7,11,feasible,10,7,11,feasible,4,1,complete,16,complete,10,complete,10,complete,10
178165,3636,0,1,1,feasible,10,10,2,4,9,9,feasible,10,7,11,feasible,10,7,11,feasible,4,1,complete,16,complete,10,complete,10,complete,10
178214,3637,0,1,1,feasible,10,10,2,3,9,9,feasible,10,7,11,feasible,10,7,11,feasible,4,1,complete,16,complete,10,complete,10,complete,10
178263,3638,0,1,1,feasible,10,10,2,4,9,9,feasible,10,7,11,feasible,10,7,11,feasible,4,1,complete,16,complete,10,complete,10,complete,10
178312,3639,0,1,1,feasible,10,10,2,5,7,7,feasible,10,6,8,feasible,10,6,8,feasible,4,1,complete,16,complete,10,complete,10,complete,10
178361,3640,0,1,1,feasible,10,10,2,3,9,9,feasible,10,7,11,feasible,10,7,11,feasible,4,1,complete,12,complete,10,complete,10,complete,10
178410,3641,0,1,1,feasible,10,10,2,4,9,9,feasible,10,7,11,feasible,10,7,11,feasible,4,1,complete,16,complete,10,complete,10,complete,10
178459,3642,0,1,1,feasible,10,10,2,3,9,9,feasible,10,7,11,feasible,10,7,11,feasible,4,1,complete,12,complete,10,complete,10,complete,10
178508,3643,0,1,1,feasible,10,10,2,4,9,9,feasible,10,7,11,feasible,10,7,11,feasible,4,1,complete,16,complete,10,complete,10,complete,10
178557,3644,0,1,1,feasible,10,10,2,5,7,7,feasible,10,6,8,feasible,10,6,8,feasible,4,1,complete,16,complete,10,complete,10,complete,10
178606,3645,0,1,1,feasible,10,10,2,4,9,9,feasible,10,7,11,feasible,10,7,11,feasible,4,1,complete,16,complete,10,complete,10,complete,10
178655,3646,0,1,1,feasible,10,10,2,5,7,7,feasible,10,6,8,feasible,10,6,8,feasible,4,1,complete,16,complete,10,complete,10,complete,10
178704,3647,0,1,1,feasible,14,14,2,6,7,7,feasible,14,6,8,feasible,14,6,8,feasible,4,1,complete,16,complete,14,complete,14,complete,14
178753,3648,0,1,1,feasible,10,10,2,2,9,9,feasible,10,7,11,feasible,10,7,11,feasible,4,1,complete,12,complete,10,complete,11,complete,10
178802,3649,0,1,1,feasible,10,10,2,3,9,9,feasible,10,7,11,feasible,10,7,11,feasible,4,1,complete,16,complete,10,complete,15,complete,10
178851,3650,0,1,1,feasible,10,10,2,2,9,9,feasible,10,7,11,feasible,10,7,11,feasible,4,1,complete,12,complete,10,complete,10,complete,10
178900,3651,0,1,1,feasible,10,10,2,3,9,9,feasible,10,7,11,feasible,10,7,11,feasible,4,1,complete,16,complete,10,complete,10,complete,10
178949,3652,0,1,1,feasible,10,10,2,4,9,9,feasible,10,7,11,feasible,10,7,11,feasible,4,1,complete,16,complete,10,complete,10,complete,10
178998,3653,0,1,1,feasible,10,10,2,3,9,9,feasible,10,7,11,feasible,10,7,11,feasible,4,1,complete,16,complete,10,complete,10,complete,10
179047,3654,0,1,1,feasible,10,10,2,4,9,9,feasible,10,7,11,feasible,10,7,11,feasible,4,1,complete,16,complete,10,complete,10,complete,10
179096,3655,0,1,1,feasible,10,10,2,5,7,7,feasible,10,6,8,feasible,10,6,8,feasible,4,1,complete,16,complete,10,complete,10,complete,10
179145,3656,0,1,1,feasible,10,10,2,3,9,9,feasible,10,7,11,feasible,10,7,11,feasible,4,1,complete,12,complete,10,complete,11,complete,10
179194,3657,0,1,1,feasible,10,10,2,4,9,9,feasible,10,7,11,feasible,10,7,11,feasible,4,1,complete,16,complete,10,complete,15,complete,10
179243,3658,0,1,1,feasible,10,10,2,3,9,9,feasible,10,7,11,feasible,10,7,11,feasible,4,1,complete,12,complete,10,complete,10,complete,10
179292,3659,0,1,1,feasible,10,10,2,4,9,9,feasible,10,7,11,feasible,10,7,11,feasible,4,1,complete,16,complete,10,complete,10,complete,10
179341,3660,0,1,1,feasible,10,10,2,5,7,7,feasible,10,6,8,feasible,10,6,8,feasible,4,1,complete,16,complete,10,complete,10,complete,10
179390,3661,0,1,1,feasible,10,10,2,4,9,9,feasible,10,7,11,feasible,10,7,11,feasible,4,1,complete,16,complete,10,complete,10,complete,10
179439,3662,0,1,1,feasible,10,10,2,5,7,7,feasible,10,6,8,feasible,10,6,8,feasible,4,1,complete,16,complete,10,complete,10,complete,10
179488,3663,0,1,1,feasible,14,14,2,6,7,7,feasible,14,6,8,feasible,14,6,8,feasible,4,1,complete,16,complete,14,complete,14,complete,14
179537,3664,0,1,1,feasible,10,10,2,4,9,9,feasible,10,7,11,feasible,10,7,11,feasible,4,1,complete,12,complete,10,complete,11,complete,10
179586,3665,0,1,1,feasible,10,10,2,5,7,7,feasible,10,6,8,feasible,10,6,8,feasible,4,1,complete,16,complete,10,complete,15,complete,10
179635,3666,0,1,1,feasible,10,10,2,4,9,9,feasible,10,7,11,feasible,10,7,11,feasible,4,1,complete,12,complete,10,complete,10,complete,10
179684,3667,0,1,1,feasible,10,10,2,5,7,7,feasible,10,6,8,feasible,10,6,8,feasible,4,1,complete,16,complete,10,complete,10,complete,10
179733,3668,0,1,1,feasible,14,14,2,6,7,7,feasible,14,6,8,feasible,14,6,8,feasible,4,1,complete,16,complete,14,complete,14,complete,15
179782,3669,0,1,1,feasible,10,10,2,5,7,7,feasible,10,6,8,feasible,10,6,8,feasible,4,1,complete,16,complete,10,complete,10,complete,10
179831,3670,0,1,1,feasible,14,14,2,6,7,7,feasible,14,6,8,feasible,14,6,8,feasible,4,1,complete,16,complete,14,complete,14,complete,14
179887,3671,1,1,1,feasible,14,14,2,7,7,7,feasible,14,6,8,feasible,14,6,8,feasible,4,1,complete,16,complete,14,complete,14,complete,14
179929,3672,0,1,1,feasible,6,6,2,2,6,6,feasible,6,5,6,feasible,6,5,6,feasible,3,1,complete,11,complete,11,complete,11,complete,6
179978,3673,0,1,1,feasible,15,10,3,3,4,3,feasible,15,4,3,feasible,15,4,3,feasible,3,0,complete,15,complete,15,complete,15,complete,15
180026,3674,0,0,1,feasible,6,6,2,2,4,3,feasible,6,4,4,feasible,6,4,4,feasible,3,1,complete,11,complete,6,complete,6,complete,6
180082,3675,1,0,1,feasible,10,10,2,3,4,3,feasible,10,4,4,feasible,10,4,4,feasible,3,1,complete,15,complete,10,complete,10,complete,10
180125,3676,0,1,1,feasible,15,10,3,4,4,3,feasible,15,4,3,feasible,15,4,3,feasible,3,0,complete,15,complete,15,complete,15,complete,15
180180,3677,1,0,1,feasible,10,10,2,3,4,3,feasible,10,4,4,feasible,10,4,4,feasible,3,1,complete,15,complete,10,complete,10,complete,10
180223,3678,0,1,1,feasible,15,10,3,4,4,3,feasible,15,4,3,feasible,15,4,3,feasible,3,0,complete,15,complete,15,complete,15,complete,15
180272,3679,0,1,1,feasible,15,10,3,5,4,3,feasible,15,4,3,feasible,15,4,3,feasible,3,0,complete,15,complete,15,complete,15,complete,15
180320,3680,0,0,1,feasible,6,6,2,2,7,7,feasible,6,6,8,feasible,6,6,8,feasible,4,1,complete,12,complete,6,complete,6,complete,6
180369,3681,0,0,1,feasible,16,10,4,3,5,4,feasible,16,5,4,feasible,16,5,4,feasible,4,0,complete,16,complete,16,complete,16,complete,16
180418,3682,0,0,1,feasible,6,6,2,2,7,7,feasible,6,6,8,feasible,6,6,8,feasible,4,1,complete,12,complete,6,complete,6,complete,6
180467,3683,0,0,1,feasible,16,10,4,3,5,4,feasible,16,5,4,feasible,16,5,4,feasible,4,0,complete,16,complete,16,complete,16,complete,16
180516,3684,0,0,1,feasible,16,10,4,4,5,4,feasible,16,5,4,feasible,16,5,4,feasible,4,0,complete,16,complete,16,complete,16,complete,16
180565,3685,0,0,1,feasible,16,10,4,3,5,4,feasible,16,5,4,feasible,16,5,4,feasible,4,0,complete,16,complete,16,complete,16,complete,16
180614,3686,0,0,1,feasible,16,10,4,4,5,4,feasible,16,5,4,feasible,16,5,4,feasible,4,0,complete,16,complete,16,complete,16,complete,16
180663,3687,0,0,1,feasible,16,10,4,5,5,4,feasible,16,5,4,feasible,16,5,4,feasible,4,0,complete,16,complete,16,complete,16,complete,16
180719,3688,1,0,1,feasible,10,10,2,3,7,7,feasible,10,6,8,feasible,10,6,8,feasible,4,1,complete,16,complete,10,complete,10,complete,10
180762,3689,0,1,1,feasible,15,10,3,4,7,6,feasible,15,6,7,feasible,15,6,7,feasible,4,0,complete,20,complete,15,complete,15,complete,15
180817,3690,1,0,1,feasible,10,10,2,3,7,7,feasible,10,6,8,feasible,10,6,8,feasible,4,1,complete,16,complete,10,complete,10,complete,10
180860,3691,0,1,1,feasible,15,10,3,4,7,6,feasible,15,6,7,feasible,15,6,7,feasible,4,0,complete,20,complete,15,complete,15,complete,15
180909,3692,0,1,1,feasible,15,10,3,5,7,6,feasible,15,6,7,feasible,15,6,7,feasible,4,0,complete,20,complete,15,complete,15,complete,15
180958,3693,0,1,1,feasible,15,10,3,4,7,6,feasible,15,6,7,feasible,15,6,7,feasible,4,0,complete,20,complete,15,complete,20,complete,15
181007,3694,0,1,1,feasible,15,10,3,5,7,6,feasible,15,6,7,feasible,15,6,7,feasible,4,0,complete,20,complete,15,complete,20,complete,15
181056,3695,0,1,1,feasible,20,10,4,6,5,4,feasible,20,5,4,feasible,20,5,4,feasible,4,0,complete,20,complete,20,complete,20,complete,20
181104,3696,0,0,1,feasible,6,6,2,2,9,9,feasible,6,7,11,feasible,6,7,11,feasible,4,1,complete,12,complete,6,complete,6,complete,6
181153,3697,0,0,1,feasible,11,10,3,3,7,6,feasible,11,6,7,feasible,11,6,7,feasible,4,0,complete,16,complete,11,complete,11,complete,11
181202,3698,0,0,1,feasible,6,6,2,2,9,9,feasible,6,7,11,feasible,6,7,11,feasible,4,1,complete,12,complete,6,complete,6,complete,6
181251,3699,0,0,1,feasible,11,10,3,3,7,6,feasible,11,6,7,feasible,11,6,7,feasible,4,0,complete,16,complete,11,complete,11,complete,11
181300,3700,0,0,1,feasible,11,10,3,4,7,6,feasible,11,6,7,feasible,11,6,7,feasible,4,0,complete,16,complete,11,complete,11,complete,11
181349,3701,0,0,1,feasible,11,10,3,3,7,6,feasible,11,6,7,feasible,11,6,7,feasible,4,0,complete,16,complete,11,complete,11,complete,11
181398,3702,0,0,1,feasible,11,10,3,4,7,6,feasible,11,6,7,feasible,11,6,7,feasible,4,0,complete,16,complete,11,complete,11,complete,11
181447,3703,0,0,1,feasible,11,10,3,5,7,6,feasible,11,6,7,feasible,11,6,7,feasible,4,0,complete,16,complete,11,complete,11,complete,11
181503,3704,1,0,1,feasible,10,10,2,3,9,9,feasible,10,7,11,feasible,10,7,11,feasible,4,1,complete,16,complete,10,complete,10,complete,10
181546,3705,0,1,1,feasible,15,10,3,4,7,6,feasible,15,6,7,feasible,15,6,7,feasible,4,0,complete,20,complete,15,complete,15,complete,15
181601,3706,1,0,1,feasible,10,10,2,3,9,9,feasible,10,7,11,feasible,10,7,11,feasible,4,1,complete,16,complete,10,complete,10,complete,10
181644,3707,0,1,1,feasible,15,10,3,4,7,6,feasible,15,6,7,feasible,15,6,7,feasible,4,0,complete,20,complete,15,complete,15,complete,15
181693,3708,0,1,1,feasible,15,10,3,5,7,6,feasible,15,6,7,feasible,15,6,7,feasible,4,0,complete,20,complete,15,complete,15,complete,15
181742,3709,0,1,1,feasible,15,10,3,4,7,6,feasible,15,6,7,feasible,15,6,7,feasible,4,0,complete,20,complete,15,complete,15,complete,15
181791,3710,0,1,1,feasible,15,10,3,5,7,6,feasible,15,6,7,feasible,15,6,7,feasible,4,0,complete,20,complete,15,complete,15,complete,15
181846,3711,1,0,1,feasible,15,10,3,6,7,6,feasible,15,6,7,feasible,15,6,7,feasible,4,0,complete,20,complete,15,complete,15,complete,15
181889,3712,0,1,1,feasible,15,10,3,4,7,6,feasible,15,6,7,feasible,15,6,7,feasible,4,0,complete,16,complete,15,complete,15,complete,15
181938,3713,0,1,1,feasible,15,10,3,5,7,6,feasible,15,6,7,feasible,15,6,7,feasible,4,0,complete,20,complete,15,complete,15,complete,15
181987,3714,0,1,1,feasible,15,10,3,4,7,6,feasible,15,6,7,feasible,15,6,7,feasible,4,0,complete,16,complete,15,complete,15,complete,15
182036,3715,0,1,1,feasible,15,10,3,5,7,6,feasible,15,6,7,feasible,15,6,7,feasible,4,0,complete,20,complete,15,complete,15,complete,15
182085,3716,0,1,1,feasible,20,10,4,6,5,4,feasible,20,5,4,feasible,20,5,4,feasible,4,0,complete,20,complete,20,complete,20,complete,20
182134,3717,0,1,1,feasible,15,10,3,5,7,6,feasible,15,6,7,feasible,15,6,7,feasible,4,0,complete,20,complete,15,complete,15,complete,15
182183,3718,0,1,1,feasible,20,10,4,6,5,4,feasible,20,5,4,feasible,20,5,4,feasible,4,0,complete,20,complete,20,complete,20,complete,20
182232,3719,0,1,1,feasible,20,14,4,7,5,4,feasible,20,5,4,feasible,20,5,4,feasible,4,0,complete,20,complete,20,complete,20,complete,20
182287,3720,1,0,1,feasible,10,10,2,3,9,9,feasible,10,7,11,feasible,10,7,11,feasible,4,1,complete,16,complete,10,complete,11,complete,10
182330,3721,0,1,1,feasible,15,10,3,4,7,6,feasible,15,6,7,feasible,15,6,7,feasible,4,0,complete,20,complete,15,complete,20,complete,15
182385,3722,1,0,1,feasible,10,10,2,3,9,9,feasible,10,7,11,feasible,10,7,11,feasible,4,1,complete,16,complete,10,complete,10,complete,10
182428,3723,0,1,1,feasible,15,10,3,4,7,6,feasible,15,6,7,feasible,15,6,7,feasible,4,0,complete,20,complete,15,complete,15,complete,15
182477,3724,0,1,1,feasible,15,10,3,5,7,6,feasible,15,6,7,feasible,15,6,7,feasible,4,0,complete,20,complete,15,complete,15,complete,15
182526,3725,0,1,1,feasible,15,10,3,4,7,6,feasible,15,6,7,feasible,15,6,7,feasible,4,0,complete,20,complete,15,complete,15,complete,15
182575,3726,0,1,1,feasible,15,10,3,5,7,6,feasible,15,6,7,feasible,15,6,7,feasible,4,0,complete,20,complete,15,complete,15,complete,15
182630,3727,1,0,1,feasible,15,10,3,6,7,6,feasible,15,6,7,feasible,15,6,7,feasible,4,0,complete,20,complete,15,complete,15,complete,15
182673,3728,0,1,1,feasible,15,10,3,4,7,6,feasible,15,6,7,feasible,15,6,7,feasible,4,0,complete,16,complete,15,complete,16,complete,15
182722,3729,0,1,1,feasible,15,10,3,5,7,6,feasible,15,6,7,feasible,15,6,7,feasible,4,0,complete,20,complete,15,complete,20,complete,15
182771,3730,0,1,1,feasible,15,10,3,4,7,6,feasible,15,6,7,feasible,15,6,7,feasible,4,0,complete,16,complete,15,complete,15,complete,15
182820,3731,0,1,1,feasible,15,10,3,5,7,6,feasible,15,6,7,feasible,15,6,7,feasible,4,0,complete,20,complete,15,complete,15,complete,15
182869,3732,0,1,1,feasible,20,10,4,6,5,4,feasible,20,5,4,feasible,20,5,4,feasible,4,0,complete,20,complete,20,complete,20,complete,20
182918,3733,0,1,1,feasible,15,10,3,5,7,6,feasible,15,6,7,feasible,15,6,7,feasible,4,0,complete,20,complete,15,complete,15,complete,15
182967,3734,0,1,1,feasible,20,10,4,6,5,4,feasible,20,5,4,feasible,20,5,4,feasible,4,0,complete,20,complete,20,complete,20,complete,20
183016,3735,0,1,1,feasible,20,14,4,7,5,4,feasible,20,5,4,feasible,20,5,4,feasible,4,0,complete,20,complete,20,complete,20,complete,20
183065,3736,0,1,1,feasible,15,10,3,5,7,6,feasible,15,6,7,feasible,15,6,7,feasible,4,0,complete,16,complete,15,complete,16,complete,15
183114,3737,0,1,1,feasible,20,10,4,6,5,4,feasible,20,5,4,feasible,20,5,4,feasible,4,0,complete,20,complete,20,complete,20,complete,20
183163,3738,0,1,1,feasible,15,10,3,5,7,6,feasible,15,6,7,feasible,15,6,7,feasible,4,0,complete,16,complete,15,complete,15,complete,15
183212,3739,0,1,1,feasible,20,10,4,6,5,4,feasible,20,5,4,feasible,20,5,4,feasible,4,0,complete,20,complete,20,complete,20,complete,20
183261,3740,0,1,1,feasible,20,14,4,7,5,4,feasible,20,5,4,feasible,20,5,4,feasible,4,0,complete,20,complete,20,complete,20,complete,20
183310,3741,0,1,1,feasible,20,10,4,6,5,4,feasible,20,5,4,feasible,20,5,4,feasible,4,0,complete,20,complete,20,complete,20,complete,20
183359,3742,0,1,1,feasible,20,14,4,7,5,4,feasible,20,5,4,feasible,20,5,4,feasible,4,0,complete,20,complete,20,complete,20,complete,20
183415,3743,1,1,1,feasible,20,14,4,8,5,4,feasible,20,5,4,feasible,20,5,4,feasible,4,0,complete,20,complete,20,complete,20,complete,20
183458,3744,0,2,1,feasible,6,6,2,3,6,6,feasible,6,5,6,feasible,6,5,6,feasible,3,1,complete,11,complete,11,complete,11,complete,6
183507,3745,0,2,1,feasible,15,10,3,4,4,3,feasible,15,4,3,feasible,15,4,3,feasible,3,0,complete,15,complete,15,complete,15,complete,15
183555,3746,0,1,1,feasible,6,6,2,3,6,6,feasible,6,5,6,feasible,6,5,6,feasible,3,1,complete,11,complete,11,complete,11,complete,6
183604,3747,0,1,1,feasible,15,10,3,4,4,3,feasible,15,4,3,feasible,15,4,3,feasible,3,0,complete,15,complete,15,complete,15,complete,15
183653,3748,0,1,1,feasible,15,10,3,5,4,3,feasible,15,4,3,feasible,15,4,3,feasible,3,0,complete,15,complete,15,complete,15,complete,15
183708,3749,1,0,1,feasible,10,10,2,4,4,3,feasible,10,4,4,feasible,10,4,4,feasible,3,1,complete,15,complete,10,complete,10,complete,10
183751,3750,0,1,1,feasible,15,10,3,5,4,3,feasible,15,4,3,feasible,15,4,3,feasible,3,0,complete,15,complete,15,complete,15,complete,15
183800,3751,0,1,1,feasible,15,10,3,6,4,3,feasible,15,4,3,feasible,15,4,3,feasible,3,0,complete,15,complete,15,complete,15,complete,15
183849,3752,0,1,1,feasible,6,6,2,3,9,10,feasible,6,7,11,feasible,6,7,11,feasible,4,1,complete,12,complete,11,complete,11,complete,6
183898,3753,0,1,1,feasible,15,10,3,4,7,7,feasible,15,6,7,feasible,15,6,7,feasible,4,0,complete,16,complete,15,complete,15,complete,16
183946,3754,0,0,1,feasible,6,6,2,3,7,7,feasible,6,6,8,feasible,6,6,8,feasible,4,1,complete,12,complete,6,complete,6,complete,6
183995,3755,0,0,1,feasible,16,10,4,4,5,4,feasible,16,5,4,feasible,16,5,4,feasible,4,0,complete,16,complete,16,complete,16,complete,16
184044,3756,0,0,1,feasible,16,10,4,5,5,4,feasible,16,5,4,feasible,16,5,4,feasible,4,0,complete,16,complete,16,complete,16,complete,16
184093,3757,0,0,1,feasible,16,10,4,4,5,4,feasible,16,5,4,feasible,16,5,4,feasible,4,0,complete,16,complete,16,complete,16,complete,16
184142,3758,0,0,1,feasible,16,10,4,5,5,4,feasible,16,5,4,feasible,16,5,4,feasible,4,0,complete,16,complete,16,complete,16,complete,16
184191,3759,0,0,1,feasible,16,10,4,6,5,4,feasible,16,5,4,feasible,16,5,4,feasible,4,0,complete,16,complete,16,complete,16,complete,16
184241,3760,0,1,1,feasible,15,10,3,4,5,4,feasible,15,5,5,feasible,15,5,5,feasible,4,0,complete,16,complete,15,complete,15,complete,15
184290,3761,0,1,1,feasible,15,10,3,5,5,4,feasible,15,5,5,feasible,15,5,5,feasible,4,0,complete,20,complete,15,complete,15,complete,15
184345,3762,1,0,1,feasible,10,10,2,4,7,7,feasible,10,6,8,feasible,10,6,8,feasible,4,1,complete,16,complete,10,complete,10,complete,10
184388,3763,0,1,1,feasible,15,10,3,5,5,4,feasible,15,5,5,feasible,15,5,5,feasible,4,0,complete,20,complete,15,complete,15,complete,15
184437,3764,0,1,1,feasible,15,10,3,6,5,4,feasible,15,5,5,feasible,15,5,5,feasible,4,0,complete,20,complete,15,complete,15,complete,15
184486,3765,0,1,1,feasible,15,10,3,5,5,4,feasible,15,5,5,feasible,15,5,5,feasible,4,0,complete,20,complete,15,complete,20,complete,15
184535,3766,0,1,1,feasible,15,10,3,6,5,4,feasible,15,5,5,feasible,15,5,5,feasible,4,0,complete,20,complete,15,complete,20,complete,15
184590,3767,1,0,1,feasible,20,10,4,7,5,4,feasible,20,5,4,feasible,20,5,4,feasible,4,0,complete,20,complete,20,complete,20,complete,20
184632,3768,0,0,1,feasible,6,6,2,3,7,7,feasible,6,6,8,feasible,6,6,8,feasible,4,1,complete,12,complete,6,complete,6,complete,6
184681,3769,0,0,1,feasible,16,10,4,4,5,4,feasible,16,5,4,feasible,16,5,4,feasible,4,0,complete,16,complete,16,complete,16,complete,16
184730,3770,0,0,1,feasible,6,6,2,3,7,7,feasible,6,6,8,feasible,6,6,8,feasible,4,1,complete,12,complete,6,complete,6,complete,6
184779,3771,0,0,1,feasible,16,10,4,4,5,4,feasible,16,5,4,feasible,16,5,4,feasible,4,0,complete,16,complete,16,complete,16,complete,16
184828,3772,0,0,1,feasible,16,10,4,5,5,4,feasible,16,5,4,feasible,16,5,4,feasible,4,0,complete,16,complete,16,complete,16,complete,16
184877,3773,0,0,1,feasible,16,10,4,4,5,4,feasible,16,5,4,feasible,16,5,4,feasible,4,0,complete,16,complete,16,complete,16,complete,16
184926,3774,0,0,1,feasible,16,10,4,5,5,4,feasible,16,5,4,feasible,16,5,4,feasible,4,0,complete,16,complete,16,complete,16,complete,16
184975,3775,0,0,1,feasible,16,10,4,6,5,4,feasible,16,5,4,feasible,16,5,4,feasible,4,0,complete,16,complete,16,complete,16,complete,16
185031,3776,1,0,1,feasible,10,10,2,4,7,7,feasible,10,6,8,feasible,10,6,8,feasible,4,1,complete,16,complete,10,complete,10,complete,10
185074,3777,0,1,1,feasible,15,10,3,5,7,6,feasible,15,6,7,feasible,15,6,7,feasible,4,0,complete,20,complete,15,complete,15,complete,15
185129,3778,1,0,1,feasible,10,10,2,4,7,7,feasible,10,6,8,feasible,10,6,8,feasible,4,1,complete,16,complete,10,complete,10,complete,10
185172,3779,0,1,1,feasible,15,10,3,5,7,6,feasible,15,6,7,feasible,15,6,7,feasible,4,0,complete,20,complete,15,complete,15,complete,15
185221,3780,0,1,1,feasible,15,10,3,6,7,6,feasible,15,6,7,feasible,15,6,7,feasible,4,0,complete,20,complete,15,complete,15,complete,15
185270,3781,0,1,1,feasible,15,10,3,5,7,6,feasible,15,6,7,feasible,15,6,7,feasible,4,0,complete,20,complete,15,complete,15,complete,15
185319,3782,0,1,1,feasible,15,10,3,6,7,6,feasible,15,6,7,feasible,15,6,7,feasible,4,0,complete,20,complete,15,complete,15,complete,15
185368,3783,0,1,1,feasible,20,10,4,7,5,4,feasible,20,5,4,feasible,20,5,4,feasible,4,0,complete,20,complete,20,complete,20,complete,20
185417,3784,0,1,1,feasible,15,10,3,5,7,6,feasible,15,6,7,feasible,15,6,7,feasible,4,0,complete,16,complete,15,complete,15,complete,15
185466,3785,0,1,1,feasible,15,10,3,6,7,6,feasible,15,6,7,feasible,15,6,7,feasible,4,0,complete,20,complete,15,complete,15,complete,15
185515,3786,0,1,1,feasible,15,10,3,5,7,6,feasible,15,6,7,feasible,15,6,7,feasible,4,0,complete,16,complete,15,complete,15,complete,15
185564,3787,0,1,1,feasible,15,10,3,6,7,6,feasible,15,6,7,feasible,15,6,7,feasible,4,0,complete,20,complete,15,complete,15,complete,15
185613,3788,0,1,1,feasible,20,10,4,7,5,4,feasible,20,5,4,feasible,20,5,4,feasible,4,0,complete,20,complete,20,complete,20,complete,20
185662,3789,0,1,1,feasible,15,10,3,6,7,6,feasible,15,6,7,feasible,15,6,7,feasible,4,0,complete,20,complete,15,complete,15,complete,15
185711,3790,0,1,1,feasible,20,10,4,7,5,4,feasible,20,5,4,feasible,20,5,4,feasible,4,0,complete,20,complete,20,complete,20,complete,20
185760,3791,0,1,1,feasible,20,14,4,8,5,4,feasible,20,5,4,feasible,20,5,4,feasible,4,0,complete,20,complete,20,complete,20,complete,20
185815,3792,1,0,1,feasible,10,10,2,4,9,9,feasible,10,7,11,feasible,10,7,11,feasible,4,1,complete,16,complete,10,complete,11,complete,10
185858,3793,0,1,1,feasible,15,10,3,5,7,6,feasible,15,6,7,feasible,15,6,7,feasible,4,0,complete,20,complete,15,complete,20,complete,15
185913,3794,1,0,1,feasible,10,10,2,4,9,9,feasible,10,7,11,feasible,10,7,11,feasible,4,1,complete,16,complete,10,complete,10,complete,10
185956,3795,0,1,1,feasible,15,10,3,5,7,6,feasible,15,6,7,feasible,15,6,7,feasible,4,0,complete,20,complete,15,complete,15,complete,15
186005,3796,0,1,1,feasible,15,10,3,6,7,6,feasible,15,6,7,feasible,15,6,7,feasible,4,0,complete,20,complete,15,complete,15,complete,15
186054,3797,0,1,1,feasible,15,10,3,5,7,6,feasible,15,6,7,feasible,15,6,7,feasible,4,0,complete,20,complete,15,complete,15,complete,15
186103,3798,0,1,1,feasible,15,10,3,6,7,6,feasible,15,6,7,feasible,15,6,7,feasible,4,0,complete,20,complete,15,complete,15,complete,15
186158,3799,1,0,1,feasible,15,10,3,7,7,6,feasible,15,6,7,feasible,15,6,7,feasible,4,0,complete,20,complete,15,complete,15,complete,15
186201,3800,0,1,1,feasible,15,10,3,5,7,6,feasible,15,6,7,feasible,15,6,7,feasible,4,0,complete,16,complete,15,complete,16,complete,15
186250,3801,0,1,1,feasible,15,10,3,6,7,6,feasible,15,6,7,feasible,15,6,7,feasible,4,0,complete,20,complete,15,complete,20,complete,15
186299,3802,0,1,1,feasible,15,10,3,5,7,6,feasible,15,6,7,feasible,15,6,7,feasible,4,0,complete,16,complete,15,complete,15,complete,15
186348,3803,0,1,1,feasible,15,10,3,6,7,6,feasible,15,6,7,feasible,15,6,7,feasible,4,0,complete,20,complete,15,complete,15,complete,15
186397,3804,0,1,1,feasible,20,10,4,7,5,4,feasible,20,5,4,feasible,20,5,4,feasible,4,0,complete,20,complete,20,complete,20,complete,20
186446,3805,0,1,1,feasible,15,10,3,6,7,6,feasible,15,6,7,feasible,15,6,7,feasible,4,0,complete,20,complete,15,complete,15,complete,15
186495,3806,0,1,1,feasible,20,10,4,7,5,4,feasible,20,5,4,feasible,20,5,4,feasible,4,0,complete,20,complete,20,complete,20,complete,20
186544,3807,0,1,1,feasible,20,14,4,8,5,4,feasible,20,5,4,feasible,20,5,4,feasible,4,0,complete,20,complete,20,complete,20,complete,20
186593,3808,0,1,1,feasible,15,10,3,6,7,6,feasible,15,6,7,feasible,15,6,7,feasible,4,0,complete,16,complete,15,complete,16,complete,15
186642,3809,0,1,1,feasible,20,10,4,7,5,4,feasible,20,5,4,feasible,20,5,4,feasible,4,0,complete,20,complete,20,complete,20,complete,20
186691,3810,0,1,1,feasible,15,10,3,6,7,6,feasible,15,6,7,feasible,15,6,7,feasible,4,0,complete,16,complete,15,complete,15,complete,15
186740,3811,0,1,1,feasible,20,10,4,7,5,4,feasible,20,5,4,feasible,20,5,4,feasible,4,0,complete,20,complete,20,complete,20,complete,20
186789,3812,0,1,1,feasible,20,14,4,8,5,4,feasible,20,5,4,feasible,20,5,4,feasible,4,0,complete,20,complete,20,complete,20,complete,20
186838,3813,0,1,1,feasible,20,10,4,7,5,4,feasible,20,5,4,feasible,20,5,4,feasible,4,0,complete,20,complete,20,complete,20,complete,20
186887,3814,0,1,1,feasible,20,14,4,8,5,4,feasible,20,5,4,feasible,20,5,4,feasible,4,0,complete,20,complete,20,complete,20,complete,20
186943,3815,1,1,1,feasible,20,14,4,9,5,4,feasible,20,5,4,feasible,20,5,4,feasible,4,0,complete,20,complete,20,complete,20,complete,20
186985,3816,0,1,1,feasible,6,6,2,2,6,6,feasible,6,5,6,feasible,6,5,6,feasible,3,1,complete,11,complete,11,complete,11,complete,6
187034,3817,0,1,1,feasible,15,10,3,3,4,3,feasible,15,4,3,feasible,15,4,3,feasible,3,0,complete,15,complete,15,complete,15,complete,15
187082,3818,0,0,1,feasible,6,6,2,2,4,3,feasible,6,4,4,feasible,6,4,4,feasible,3,1,complete,11,complete,6,complete,6,complete,6
187138,3819,1,0,1,feasible,10,10,2,3,4,3,feasible,10,4,4,feasible,10,4,4,feasible,3,1,complete,15,complete,10,complete,10,complete,10
187181,3820,0,1,1,feasible,15,10,3,4,4,3,feasible,15,4,3,feasible,15,4,3,feasible,3,0,complete,15,complete,15,complete,15,complete,15
187236,3821,1,0,1,feasible,10,10,2,3,4,3,feasible,10,4,4,feasible,10,4,4,feasible,3,1,complete,15,complete,10,complete,10,complete,10
187279,3822,0,1,1,feasible,15,10,3,4,4,3,feasible,15,4,3,feasible,15,4,3,feasible,3,0,complete,15,complete,15,complete,15,complete,15
187328,3823,0,1,1,feasible,15,10,3,5,4,3,feasible,15,4,3,feasible,15,4,3,feasible,3,0,complete,15,complete,15,complete,15,complete,15
187376,3824,0,0,1,feasible,6,6,2,2,7,7,feasible,6,6,8,feasible,6,6,8,feasible,4,1,complete,12,complete,6,complete,6,complete,6
187425,3825,0,0,1,feasible,16,10,4,3,5,4,feasible,16,5,4,feasible,16,5,4,feasible,4,0,complete,16,complete,16,complete,16,complete,16
187474,3826,0,0,1,feasible,6,6,2,2,7,7,feasible,6,6,8,feasible,6,6,8,feasible,4,1,complete,12,complete,6,complete,6,complete,6
187523,3827,0,0,1,feasible,16,10,4,3,5,4,feasible,16,5,4,feasible,16,5,4,feasible,4,0,complete,16,complete,16,complete,16,complete,16
187572,3828,0,0,1,feasible,16,10,4,4,5,4,feasible,16,5,4,feasible,16,5,4,feasible,4,0,complete,16,complete,16,complete,16,complete,16
187621,3829,0,0,1,feasible,16,10,4,3,5,4,feasible,16,5,4,feasible,16,5,4,feasible,4,0,complete,16,complete,16,complete,16,complete,16
187670,3830,0,0,1,feasible,16,10,4,4,5,4,feasible,16,5,4,feasible,16,5,4,feasible,4,0,complete,16,complete,16,complete,16,complete,16
187719,3831,0,0,1,feasible,16,10,4,5,5,4,feasible,16,5,4,feasible,16,5,4,feasible,4,0,complete,16,complete,16,complete,16,complete,16
187775,3832,1,0,1,feasible,10,10,2,3,7,7,feasible,10,6,8,feasible,10,6,8,feasible,4,1,complete,16,complete,10,complete,10,complete,10
187818,3833,0,1,1,feasible,15,10,3,4,7,6,feasible,15,6,7,feasible,15,6,7,feasible,4,0,complete,20,complete,15,complete,15,complete,15
187873,3834,1,0,1,feasible,10,10,2,3,7,7,feasible,10,6,8,feasible,10,6,8,feasible,4,1,complete,16,complete,10,complete,10,complete,10
187916,3835,0,1,1,feasible,15,10,3,4,7,6,feasible,15,6,7,feasible,15,6,7,feasible,4,0,complete,20,complete,15,complete,15,complete,15
187965,3836,0,1,1,feasible,15,10,3,5,7,6,feasible,15,6,7,feasible,15,6,7,feasible,4,0,complete,20,complete,15,complete,15,complete,15
188014,3837,0,1,1,feasible,15,10,3,4,7,6,feasible,15,6,7,feasible,15,6,7,feasible,4,0,complete,20,complete,15,complete,20,complete,15
188063,3838,0,1,1,feasible,15,10,3,5,7,6,feasible,15,6,7,feasible,15,6,7,feasible,4,0,complete,20,complete,15,complete,20,complete,15
188112,3839,0,1,1,feasible,20,10,4,6,5,4,feasible,20,5,4,feasible,20,5,4,feasible,4,0,complete,20,complete,20,complete,20,complete,20
188160,3840,0,0,1,feasible,6,6,2,2,9,9,feasible,6,7,11,feasible,6,7,11,feasible,4,1,complete,12,complete,6,complete,6,complete,6
188209,3841,0,0,1,feasible,11,10,3,3,7,6,feasible,11,6,7,feasible,11,6,7,feasible,4,0,complete,16,complete,11,complete,11,complete,11
188258,3842,0,0,1,feasible,6,6,2,2,9,9,feasible,6,7,11,feasible,6,7,11,feasible,4,1,complete,12,complete,6,complete,6,complete,6
188307,3843,0,0,1,feasible,11,10,3,3,7,6,feasible,11,6,7,feasible,11,6,7,feasible,4,0,complete,16,complete,11,complete,11,complete,11
188356,3844,0,0,1,feasible,11,10,3,4,7,6,feasible,11,6,7,feasible,11,6,7,feasible,4,0,complete,16,complete,11,complete,11,complete,11
188405,3845,0,0,1,feasible,11,10,3,3,7,6,feasible,11,6,7,feasible,11,6,7,feasible,4,0,complete,16,complete,11,complete,11,complete,11
188454,3846,0,0,1,feasible,11,10,3,4,7,6,feasible,11,6,7,feasible,11,6,7,feasible,4,0,complete,16,complete,11,complete,11,complete,11
188503,3847,0,0,1,feasible,11,10,3,5,7,6,feasible,11,6,7,feasible,11,6,7,feasible,4,0,complete,16,complete,11,complete,11,complete,11
188559,3848,1,0,1,feasible,10,10,2,3,9,9,feasible,10,7,11,feasible,10,7,11,feasible,4,1,complete,16,complete,10,complete,10,complete,10
188602,3849,0,1,1,feasible,15,10,3,4,7,6,feasible,15,6,7,feasible,15,6,7,feasible,4,0,complete,20,complete,15,complete,15,complete,15
188657,3850,1,0,1,feasible,10,10,2,3,9,9,feasible,10,7,11,feasible,10,7,11,feasible,4,1,complete,16,complete,10,complete,10,complete,10
188700,3851,0,1,1,feasible,15,10,3,4,7,6,feasible,15,6,7,feasible,15,6,7,feasible,4,0,complete,20,complete,15,complete,15,complete,15
188749,3852,0,1,1,feasible,15,10,3,5,7,6,feasible,15,6,7,feasible,15,6,7,feasible,4,0,complete,20,complete,15,complete,15,complete,15
188798,3853,0,1,1,feasible,15,10,3,4,7,6,feasible,15,6,7,feasible,15,6,7,feasible,4,0,complete,20,complete,15,complete,15,complete,15
188847,3854,0,1,1,feasible,15,10,3,5,7,6,feasible,15,6,7,feasible,15,6,7,feasible,4,0,complete,20,complete,15,complete,15,complete,15
188902,3855,1,0,1,feasible,15,10,3,6,7,6,feasible,15,6,7,feasible,15,6,7,feasible,4,0,complete,20,complete,15,complete,15,complete,15
188945,3856,0,1,1,feasible,15,10,3,4,7,6,feasible,15,6,7,feasible,15,6,7,feasible,4,0,complete,16,complete,15,complete,15,complete,15
188994,3857,0,1,1,feasible,15,10,3,5,7,6,feasible,15,6,7,feasible,15,6,7,feasible,4,0,complete,20,complete,15,complete,15,complete,15
189043,3858,0,1,1,feasible,15,10,3,4,7,6,feasible,15,6,7,feasible,15,6,7,feasible,4,0,complete,16,complete,15,complete,15,complete,15
189092,3859,0,1,1,feasible,15,10,3,5,7,6,feasible,15,6,7,feasible,15,6,7,feasible,4,0,complete,20,complete,15,complete,15,complete,15
189141,3860,0,1,1,feasible,20,10,4,6,5,4,feasible,20,5,4,feasible,20,5,4,feasible,4,0,complete,20,complete,20,complete,20,complete,20
189190,3861,0,1,1,feasible,15,10,3,5,7,6,feasible,15,6,7,feasible,15,6,7,feasible,4,0,complete,20,complete,15,complete,15,complete,15
189239,3862,0,1,1,feasible,20,10,4,6,5,4,feasible,20,5,4,feasible,20,5,4,feasible,4,0,complete,20,complete,20,complete,20,complete,20
189288,3863,0,1,1,feasible,20,14,4,7,5,4,feasible,20,5,4,feasible,20,5,4,feasible,4,0,complete,20,complete,20,complete,20,complete,20
189343,3864,1,0,1,feasible,10,10,2,3,9,9,feasible,10,7,11,feasible,10,7,11,feasible,4,1,complete,16,complete,10,complete,11,complete,10
189386,3865,0,1,1,feasible,15,10,3,4,7,6,feasible,15,6,7,feasible,15,6,7,feasible,4,0,complete,20,complete,15,complete,20,complete,15
189441,3866,1,0,1,feasible,10,10,2,3,9,9,feasible,10,7,11,feasible,10,7,11,feasible,4,1,complete,16,complete,10,complete,10,complete,10
189484,3867,0,1,1,feasible,15,10,3,4,7,6,feasible,15,6,7,feasible,15,6,7,feasible,4,0,complete,20,complete,15,complete,15,complete,15
189533,3868,0,1,1,feasible,15,10,3,5,7,6,feasible,15,6,7,feasible,15,6,7,feasible,4,0,complete,20,complete,15,complete,15,complete,15
189582,3869,0,1,1,feasible,15,10,3,4,7,6,feasible,15,6,7,feasible,15,6,7,feasible,4,0,complete,20,complete,15,complete,15,complete,15
189631,3870,0,1,1,feasible,15,10,3,5,7,6,feasible,15,6,7,feasible,15,6,7,feasible,4,0,complete,20,complete,15,complete,15,complete,15
189686,3871,1,0,1,feasible,15,10,3,6,7,6,feasible,15,6,7,feasible,15,6,7,feasible,4,0,complete,20,complete,15,complete,15,complete,15
189729,3872,0,1,1,feasible,15,10,3,4,7,6,feasible,15,6,7,feasible,15,6,7,feasible,4,0,complete,16,complete,15,complete,16,complete,15
189778,3873,0,1,1,feasible,15,10,3,5,7,6,feasible,15,6,7,feasible,15,6,7,feasible,4,0,complete,20,complete,15,complete,20,complete,15
189827,3874,0,1,1,feasible,15,10,3,4,7,6,feasible,15,6,7,feasible,15,6,7,feasible,4,0,complete,16,complete,15,complete,15,complete,15
189876,3875,0,1,1,feasible,15,10,3,5,7,6,feasible,15,6,7,feasible,15,6,7,feasible,4,0,complete,20,complete,15,complete,15,complete,15
189925,3876,0,1,1,feasible,20,10,4,6,5,4,feasible,20,5,4,feasible,20,5,4,feasible,4,0,complete,20,complete,20,complete,20,complete,20
189974,3877,0,1,1,feasible,15,10,3,5,7,6,feasible,15,6,7,feasible,15,6,7,feasible,4,0,complete,20,complete,15,complete,15,complete,15
190023,3878,0,1,1,feasible,20,10,4,6,5,4,feasible,20,5,4,feasible,20,5,4,feasible,4,0,complete,20,complete,20,complete,20,complete,20
190072,3879,0,1,1,feasible,20,14,4,7,5,4,feasible,20,5,4,feasible,20,5,4,feasible,4,0,complete,20,complete,20,complete,20,complete,20
190121,3880,0,1,1,feasible,15,10,3,5,7,6,feasible,15,6,7,feasible,15,6,7,feasible,4,0,complete,16,complete,15,complete,16,complete,15
190170,3881,0,1,1,feasible,20,10,4,6,5,4,feasible,20,5,4,feasible,20,5,4,feasible,4,0,complete,20,complete,20,complete,20,complete,20
190219,3882,0,1,1,feasible,15,10,3,5,7,6,feasible,15,6,7,feasible,15,6,7,feasible,4,0,complete,16,complete,15,complete,15,complete,15
190268,3883,0,1,1,feasible,20,10,4,6,5,4,feasible,20,5,4,feasible,20,5,4,feasible,4,0,complete,20,complete,20,complete,20,complete,20
190317,3884,0,1,1,feasible,20,14,4,7,5,4,feasible,20,5,4,feasible,20,5,4,feasible,4,0,complete,20,complete,20,complete,20,complete,20
190366,3885,0,1,1,feasible,20,10,4,6,5,4,feasible,20,5,4,feasible,20,5,4,feasible,4,0,complete,20,complete,20,complete,20,complete,20
190415,3886,0,1,1,feasible,20,14,4,7,5,4,feasible,20,5,4,feasible,20,5,4,feasible,4,0,complete,20,complete,20,complete,20,complete,20
190464,3887,0,1,1,feasible,20,14,4,8,5,4,feasible,20,5,4,feasible,20,5,4,feasible,4,0,complete,20,complete,20,complete,20,complete,20
190514,3888,0,2,1,feasible,6,6,2,3,6,6,feasible,6,5,6,feasible,6,5,6,feasible,3,1,complete,11,complete,11,complete,11,complete,6
190563,3889,0,2,1,feasible,15,10,3,4,4,3,feasible,15,4,3,feasible,15,4,3,feasible,3,0,complete,15,complete,15,complete,15,complete,15
190611,3890,0,1,1,feasible,6,6,2,3,6,6,feasible,6,5,6,feasible,6,5,6,feasible,3,1,complete,11,complete,11,complete,11,complete,6
190660,3891,0,1,1,feasible,15,10,3,4,4,3,feasible,15,4,3,feasible,15,4,3,feasible,3,0,complete,15,complete,15,complete,15,complete,15
190709,3892,0,1,1,feasible,15,10,3,5,4,3,feasible,15,4,3,feasible,15,4,3,feasible,3,0,complete,15,complete,15,complete,15,complete,15
190764,3893,1,0,1,feasible,10,10,2,4,4,3,feasible,10,4,4,feasible,10,4,4,feasible,3,1,complete,15,complete,10,complete,10,complete,10
190807,3894,0,1,1,feasible,15,10,3,5,4,3,feasible,15,4,3,feasible,15,4,3,feasible,3,0,complete,15,complete,15,complete,15,complete,15
190856,3895,0,1,1,feasible,15,10,3,6,4,3,feasible,15,4,3,feasible,15,4,3,feasible,3,0,complete,15,complete,15,complete,15,complete,15
190905,3896,0,1,1,feasible,6,6,2,3,9,10,feasible,6,7,11,feasible,6,7,11,feasible,4,1,complete,12,complete,11,complete,11,complete,6
190954,3897,0,1,1,feasible,15,10,3,4,7,7,feasible,15,6,7,feasible,15,6,7,feasible,4,0,complete,16,complete,15,complete,15,complete,16
191002,3898,0,0,1,feasible,6,6,2,3,7,7,feasible,6,6,8,feasible,6,6,8,feasible,4,1,complete,12,complete,6,complete,6,complete,6
191051,3899,0,0,1,feasible,16,10,4,4,5,4,feasible,16,5,4,feasible,16,5,4,feasible,4,0,complete,16,complete,16,complete,16,complete,16
191100,3900,0,0,1,feasible,16,10,4,5,5,4,feasible,16,5,4,feasible,16,5,4,feasible,4,0,complete,16,complete,16,complete,16,complete,16
191149,3901,0,0,1,feasible,16,10,4,4,5,4,feasible,16,5,4,feasible,16,5,4,feasible,4,0,complete,16,complete,16,complete,16,complete,16
191198,3902,0,0,1,feasible,16,10,4,5,5,4,feasible,16,5,4,feasible,16,5,4,feasible,4,0,complete,16,complete,16,complete,16,complete,16
191247,3903,0,0,1,feasible,16,10,4,6,5,4,feasible,16,5,4,feasible,16,5,4,feasible,4,0,complete,16,complete,16,complete,16,complete,16
191297,3904,0,1,1,feasible,15,10,3,4,5,4,feasible,15,5,5,feasible,15,5,5,feasible,4,0,complete,16,complete,15,complete,15,complete,15
191346,3905,0,1,1,feasible,15,10,3,5,5,4,feasible,15,5,5,feasible,15,5,5,feasible,4,0,complete,20,complete,15,complete,15,complete,15
191401,3906,1,0,1,feasible,10,10,2,4,7,7,feasible,10,6,8,feasible,10,6,8,feasible,4,1,complete,16,complete,10,complete,10,complete,10
191444,3907,0,1,1,feasible,15,10,3,5,5,4,feasible,15,5,5,feasible,15,5,5,feasible,4,0,complete,20,complete,15,complete,15,complete,15
191493,3908,0,1,1,feasible,15,10,3,6,5,4,feasible,15,5,5,feasible,15,5,5,feasible,4,0,complete,20,complete,15,complete,15,complete,15
191542,3909,0,1,1,feasible,15,10,3,5,5,4,feasible,15,5,5,feasible,15,5,5,feasible,4,0,complete,20,complete,15,complete,20,complete,15
191591,3910,0,1,1,feasible,15,10,3,6,5,4,feasible,15,5,5,feasible,15,5,5,feasible,4,0,complete,20,complete,15,complete,20,complete,15
191646,3911,1,0,1,feasible,20,10,4,7,5,4,feasible,20,5,4,feasible,20,5,4,feasible,4,0,complete,20,complete,20,complete,20,complete,20
191688,3912,0,0,1,feasible,6,6,2,3,7,7,feasible,6,6,8,feasible,6,6,8,feasible,4,1,complete,12,complete,6,complete,6,complete,6
191737,3913,0,0,1,feasible,16,10,4,4,5,4,feasible,16,5,4,feasible,16,5,4,feasible,4,0,complete,16,complete,16,complete,16,complete,16
191786,3914,0,0,1,feasible,6,6,2,3,7,7,feasible,6,6,8,feasible,6,6,8,feasible,4,1,complete,12,complete,6,complete,6,complete,6
191835,3915,0,0,1,feasible,16,10,4,4,5,4,feasible,16,5,4,feasible,16,5,4,feasible,4,0,complete,16,complete,16,complete,16,complete,16
191884,3916,0,0,1,feasible,16,10,4,5,5,4,feasible,16,5,4,feasible,16,5,4,feasible,4,0,complete,16,complete,16,complete,16,complete,16
191933,3917,0,0,1,feasible,16,10,4,4,5,4,feasible,16,5,4,feasible,16,5,4,feasible,4,0,complete,16,complete,16,complete,16,complete,16
191982,3918,0,0,1,feasible,16,10,4,5,5,4,feasible,16,5,4,feasible,16,5,4,feasible,4,0,complete,16,complete,16,complete,16,complete,16
192031,3919,0,0,1,feasible,16,10,4,6,5,4,feasible,16,5,4,feasible,16,5,4,feasible,4,0,complete,16,complete,16,complete,16,complete,16
192087,3920,1,0,1,feasible,10,10,2,4,7,7,feasible,10,6,8,feasible,10,6,8,feasible,4,1,complete,16,complete,10,complete,10,complete,10
192130,3921,0,1,1,feasible,15,10,3,5,7,6,feasible,15,6,7,feasible,15,6,7,feasible,4,0,complete,20,complete,15,complete,15,complete,15
192185,3922,1,0,1,feasible,10,10,2,4,7,7,feasible,10,6,8,feasible,10,6,8,feasible,4,1,complete,16,complete,10,complete,10,complete,10
192228,3923,0,1,1,feasible,15,10,3,5,7,6,feasible,15,6,7,feasible,15,6,7,feasible,4,0,complete,20,complete,15,complete,15,complete,15
192277,3924,0,1,1,feasible,15,10,3,6,7,6,feasible,15,6,7,feasible,15,6,7,feasible,4,0,complete,20,complete,15,complete,15,complete,15
192326,3925,0,1,1,feasible,15,10,3,5,7,6,feasible,15,6,7,feasible,15,6,7,feasible,4,0,complete,20,complete,15,complete,15,complete,15
192375,3926,0,1,1,feasible,15,10,3,6,7,6,feasible,15,6,7,feasible,15,6,7,feasible,4,0,complete,20,complete,15,complete,15,complete,15
192424,3927,0,1,1,feasible,20,10,4,7,5,4,feasible,20,5,4,feasible,20,5,4,feasible,4,0,complete,20,complete,20,complete,20,complete,20
192473,3928,0,1,1,feasible,15,10,3,5,7,6,feasible,15,6,7,feasible,15,6,7,feasible,4,0,complete,16,complete,15,complete,15,complete,15
192522,3929,0,1,1,feasible,15,10,3,6,7,6,feasible,15,6,7,feasible,15,6,7,feasible,4,0,complete,20,complete,15,complete,15,complete,15
192571,3930,0,1,1,feasible,15,10,3,5,7,6,feasible,15,6,7,feasible,15,6,7,feasible,4,0,complete,16,complete,15,complete,15,complete,15
192620,3931,0,1,1,feasible,15,10,3,6,7,6,feasible,15,6,7,feasible,15,6,7,feasible,4,0,complete,20,complete,15,complete,15,complete,15
192669,3932,0,1,1,feasible,20,10,4,7,5,4,feasible,20,5,4,feasible,20,5,4,feasible,4,0,complete,20,complete,20,complete,20,complete,20
192718,3933,0,1,1,feasible,15,10,3,6,7,6,feasible,15,6,7,feasible,15,6,7,feasible,4,0,complete,20,complete,15,complete,15,complete,15
192767,3934,0,1,1,feasible,20,10,4,7,5,4,feasible,20,5,4,feasible,20,5,4,feasible,4,0,complete,20,complete,20,complete,20,complete,20
192816,3935,0,1,1,feasible,20,14,4,8,5,4,feasible,20,5,4,feasible,20,5,4,feasible,4,0,complete,20,complete,20,complete,20,complete,20
192871,3936,1,0,1,feasible,10,10,2,4,9,9,feasible,10,7,11,feasible,10,7,11,feasible,4,1,complete,16,complete,10,complete,11,complete,10
192914,3937,0,1,1,feasible,15,10,3,5,7,6,feasible,15,6,7,feasible,15,6,7,feasible,4,0,complete,20,complete,15,complete,20,complete,15
192969,3938,1,0,1,feasible,10,10,2,4,9,9,feasible,10,7,11,feasible,10,7,11,feasible,4,1,complete,16,complete,10,complete,10,complete,10
193012,3939,0,1,1,feasible,15,10,3,5,7,6,feasible,15,6,7,feasible,15,6,7,feasible,4,0,complete,20,complete,15,complete,15,complete,15
193061,3940,0,1,1,feasible,15,10,3,6,7,6,feasible,15,6,7,feasible,15,6,7,feasible,4,0,complete,20,complete,15,complete,15,complete,15
193110,3941,0,1,1,feasible,15,10,3,5,7,6,feasible,15,6,7,feasible,15,6,7,feasible,4,0,complete,20,complete,15,complete,15,complete,15
193159,3942,0,1,1,feasible,15,10,3,6,7,6,feasible,15,6,7,feasible,15,6,7,feasible,4,0,complete,20,complete,15,complete,15,complete,15
193214,3943,1,0,1,feasible,15,10,3,7,7,6,feasible,15,6,7,feasible,15,6,7,feasible,4,0,complete,20,complete,15,complete,15,complete,15
193257,3944,0,1,1,feasible,15,10,3,5,7,6,feasible,15,6,7,feasible,15,6,7,feasible,4,0,complete,16,complete,15,complete,16,complete,15
193306,3945,0,1,1,feasible,15,10,3,6,7,6,feasible,15,6,7,feasible,15,6,7,feasible,4,0,complete,20,complete,15,complete,20,complete,15
193355,3946,0,1,1,feasible,15,10,3,5,7,6,feasible,15,6,7,feasible,15,6,7,feasible,4,0,complete,16,complete,15,complete,15,complete,15
193404,3947,0,1,1,feasible,15,10,3,6,7,6,feasible,15,6,7,feasible,15,6,7,feasible,4,0,complete,20,complete,15,complete,15,complete,15
193453,3948,0,1,1,feasible,20,10,4,7,5,4,feasible,20,5,4,feasible,20,5,4,feasible,4,0,complete,20,complete,20,complete,20,complete,20
193502,3949,0,1,1,feasible,15,10,3,6,7,6,feasible,15,6,7,feasible,15,6,7,feasible,4,0,complete,20,complete,15,complete,15,complete,15
193551,3950,0,1,1,feasible,20,10,4,7,5,4,feasible,20,5,4,feasible,20,5,4,feasible,4,0,complete,20,complete,20,complete,20,complete,20
193600,3951,0,1,1,feasible,20,14,4,8,5,4,feasible,20,5,4,feasible,20,5,4,feasible,4,0,complete,20,complete,20,complete,20,complete,20
193649,3952,0,1,1,feasible,15,10,3,6,7,6,feasible,15,6,7,feasible,15,6,7,feasible,4,0,complete,16,complete,15,complete,16,complete,15
193698,3953,0,1,1,feasible,20,10,4,7,5,4,feasible,20,5,4,feasible,20,5,4,feasible,4,0,complete,20,complete,20,complete,20,complete,20
193747,3954,0,1,1,feasible,15,10,3,6,7,6,feasible,15,6,7,feasible,15,6,7,feasible,4,0,complete,16,complete,15,complete,15,complete,15
193796,3955,0,1,1,feasible,20,10,4,7,5,4,feasible,20,5,4,feasible,20,5,4,feasible,4,0,complete,20,complete,20,complete,20,complete,20
193845,3956,0,1,1,feasible,20,14,4,8,5,4,feasible,20,5,4,feasible,20,5,4,feasible,4,0,complete,20,complete,20,complete,20,complete,20
193894,3957,0,1,1,feasible,20,10,4,7,5,4,feasible,20,5,4,feasible,20,5,4,feasible,4,0,complete,20,complete,20,complete,20,complete,20
193943,3958,0,1,1,feasible,20,14,4,8,5,4,feasible,20,5,4,feasible,20,5,4,feasible,4,0,complete,20,complete,20,complete,20,complete,20
193992,3959,0,1,1,feasible,20,14,4,9,5,4,feasible,20,5,4,feasible,20,5,4,feasible,4,0,complete,20,complete,20,complete,20,complete,20
194043,3960,0,3,1,feasible,6,6,2,4,6,6,feasible,6,5,6,feasible,6,5,6,feasible,3,1,complete,11,complete,11,complete,11,complete,6
194092,3961,0,3,1,feasible,15,10,3,5,4,3,feasible,15,4,3,feasible,15,4,3,feasible,3,0,complete,15,complete,15,complete,15,complete,15
194140,3962,0,2,1,feasible,6,6,2,4,6,6,feasible,6,5,6,feasible,6,5,6,feasible,3,1,complete,11,complete,11,complete,11,complete,6
194189,3963,0,2,1,feasible,15,10,3,5,4,3,feasible,15,4,3,feasible,15,4,3,feasible,3,0,complete,15,complete,15,complete,15,complete,15
194238,3964,0,2,1,feasible,15,10,3,6,4,3,feasible,15,4,3,feasible,15,4,3,feasible,3,0,complete,15,complete,15,complete,15,complete,15
194286,3965,0,1,1,feasible,15,10,3,5,4,3,feasible,15,4,3,feasible,15,4,3,feasible,3,0,complete,15,complete,15,complete,15,complete,15
194335,3966,0,1,1,feasible,15,10,3,6,4,3,feasible,15,4,3,feasible,15,4,3,feasible,3,0,complete,15,complete,15,complete,15,complete,15
194384,3967,0,1,1,feasible,15,10,3,7,4,3,feasible,15,4,3,feasible,15,4,3,feasible,3,0,complete,15,complete,15,complete,15,complete,15
194434,3968,0,2,1,feasible,6,6,2,4,9,10,feasible,6,7,11,feasible,6,7,11,feasible,4,1,complete,12,complete,11,complete,11,complete,6
194483,3969,0,2,1,feasible,15,10,3,5,7,7,feasible,15,6,7,feasible,15,6,7,feasible,4,0,complete,16,complete,15,complete,15,complete,16
194531,3970,0,1,1,feasible,6,6,2,4,9,10,feasible,6,7,11,feasible,6,7,11,feasible,4,1,complete,12,complete,11,complete,11,complete,6
194580,3971,0,1,1,feasible,15,10,3,5,7,7,feasible,15,6,7,feasible,15,6,7,feasible,4,0,complete,16,complete,15,complete,15,complete,16
194629,3972,0,1,1,feasible,15,10,3,6,7,7,feasible,15,6,7,feasible,15,6,7,feasible,4,0,complete,16,complete,15,complete,15,complete,16
194677,3973,0,0,1,feasible,16,10,4,5,5,4,feasible,16,5,4,feasible,16,5,4,feasible,4,0,complete,16,complete,16,complete,16,complete,16
194726,3974,0,0,1,feasible,16,10,4,6,5,4,feasible,16,5,4,feasible,16,5,4,feasible,4,0,complete,16,complete,16,complete,16,complete,16
194775,3975,0,0,1,feasible,16,10,4,7,5,4,feasible,16,5,4,feasible,16,5,4,feasible,4,0,complete,16,complete,16,complete,16,complete,16
194826,3976,0,2,1,feasible,15,10,3,5,5,4,feasible,15,5,5,feasible,15,5,5,feasible,4,0,complete,16,complete,15,complete,15,complete,15
194875,3977,0,2,1,feasible,15,10,3,6,5,4,feasible,15,5,5,feasible,15,5,5,feasible,4,0,complete,20,complete,15,complete,15,complete,15
194923,3978,0,1,1,feasible,15,10,3,5,5,4,feasible,15,5,5,feasible,15,5,5,feasible,4,0,complete,16,complete,15,complete,15,complete,15
194972,3979,0,1,1,feasible,15,10,3,6,5,4,feasible,15,5,5,feasible,15,5,5,feasible,4,0,complete,20,complete,15,complete,15,complete,15
195021,3980,0,1,1,feasible,15,10,3,7,5,4,feasible,15,5,5,feasible,15,5,5,feasible,4,0,complete,20,complete,15,complete,15,complete,15
195070,3981,0,1,1,feasible,15,10,3,6,5,4,feasible,15,5,5,feasible,15,5,5,feasible,4,0,complete,20,complete,15,complete,20,complete,15
195119,3982,0,1,1,feasible,15,10,3,7,5,4,feasible,15,5,5,feasible,15,5,5,feasible,4,0,complete,20,complete,15,complete,20,complete,15
195174,3983,1,0,1,feasible,20,10,4,8,5,4,feasible,20,5,4,feasible,20,5,4,feasible,4,0,complete,20,complete,20,complete,20,complete,20
195217,3984,0,1,1,feasible,6,6,2,4,9,10,feasible,6,7,11,feasible,6,7,11,feasible,4,1,complete,12,complete,11,complete,11,complete,6
195266,3985,0,1,1,feasible,15,10,3,5,7,7,feasible,15,6,7,feasible,15,6,7,feasible,4,0,complete,16,complete,15,complete,15,complete,16
195314,3986,0,0,1,feasible,6,6,2,4,7,7,feasible,6,6,8,feasible,6,6,8,feasible,4,1,complete,12,complete,6,complete,6,complete,6
195363,3987,0,0,1,feasible,16,10,4,5,5,4,feasible,16,5,4,feasible,16,5,4,feasible,4,0,complete,16,complete,16,complete,16,complete,16
195412,3988,0,0,1,feasible,16,10,4,6,5,4,feasible,16,5,4,feasible,16,5,4,feasible,4,0,complete,16,complete,16,complete,16,complete,16
195461,3989,0,0,1,feasible,16,10,4,5,5,4,feasible,16,5,4,feasible,16,5,4,feasible,4,0,complete,16,complete,16,complete,16,complete,16
195510,3990,0,0,1,feasible,16,10,4,6,5,4,feasible,16,5,4,feasible,16,5,4,feasible,4,0,complete,16,complete,16,complete,16,complete,16
195559,3991,0,0,1,feasible,16,10,4,7,5,4,feasible,16,5,4,feasible,16,5,4,feasible,4,0,complete,16,complete,16,complete,16,complete,16
195609,3992,0,1,1,feasible,15,10,3,5,5,4,feasible,15,5,5,feasible,15,5,5,feasible,4,0,complete,16,complete,15,complete,15,complete,15
195658,3993,0,1,1,feasible,15,10,3,6,5,4,feasible,15,5,5,feasible,15,5,5,feasible,4,0,complete,20,complete,15,complete,15,complete,15
195713,3994,1,0,1,feasible,10,10,2,5,7,7,feasible,10,6,8,feasible,10,6,8,feasible,4,1,complete,16,complete,10,complete,10,complete,10
195756,3995,0,1,1,feasible,15,10,3,6,5,4,feasible,15,5,5,feasible,15,5,5,feasible,4,0,complete,20,complete,15,complete,15,complete,15
195805,3996,0,1,1,feasible,15,10,3,7,5,4,feasible,15,5,5,feasible,15,5,5,feasible,4,0,complete,20,complete,15,complete,15,complete,15
195854,3997,0,1,1,feasible,15,10,3,6,5,4,feasible,15,5,5,feasible,15,5,5,feasible,4,0,complete,20,complete,15,complete,15,complete,15
195903,3998,0,1,1,feasible,15,10,3,7,5,4,feasible,15,5,5,feasible,15,5,5,feasible,4,0,complete,20,complete,15,complete,15,complete,15
195958,3999,1,0,1,feasible,20,10,4,8,5,4,feasible,20,5,4,feasible,20,5,4,feasible,4,0,complete,20,complete,20,complete,20,complete,20
196001,4000,0,1,1,feasible,15,10,3,6,5,4,feasible,15,5,5,feasible,15,5,5,feasible,4,0,complete,16,complete,15,complete,15,complete,15
196050,4001,0,1,1,feasible,15,10,3,7,5,4,feasible,15,5,5,feasible,15,5,5,feasible,4,0,complete,20,complete,15,complete,15,complete,15
196099,4002,0,1,1,feasible,15,10,3,6,5,4,feasible,15,5,5,feasible,15,5,5,feasible,4,0,complete,16,complete,15,complete,15,complete,15
196148,4003,0,1,1,feasible,15,10,3,7,5,4,feasible,15,5,5,feasible,15,5,5,feasible,4,0,complete,20,complete,15,complete,15,complete,15
196204,4004,1,1,1,feasible,15,10,3,8,5,4,feasible,15,5,5,feasible,15,5,5,feasible,4,0,complete,20,complete,15,complete,15,complete,15
196246,4005,0,1,1,feasible,15,10,3,7,5,4,feasible,15,5,5,feasible,15,5,5,feasible,4,0,complete,20,complete,15,complete,15,complete,15
196302,4006,1,1,1,feasible,15,10,3,8,5,4,feasible,15,5,5,feasible,15,5,5,feasible,4,0,complete,20,complete,15,complete,15,complete,15
196345,4007,0,2,1,feasible,20,14,4,9,5,4,feasible,20,5,4,feasible,20,5,4,feasible,4,0,complete,20,complete,20,complete,20,complete,20
196399,4008,1,0,1,feasible,10,10,2,5,7,7,feasible,10,6,8,feasible,10,6,8,feasible,4,1,complete,16,complete,10,complete,16,complete,10
196442,4009,0,1,1,feasible,15,10,3,6,7,6,feasible,15,6,7,feasible,15,6,7,feasible,4,0,complete,20,complete,15,complete,20,complete,15
196497,4010,1,0,1,feasible,10,10,2,5,7,7,feasible,10,6,8,feasible,10,6,8,feasible,4,1,complete,16,complete,10,complete,10,complete,10
196540,4011,0,1,1,feasible,15,10,3,6,7,6,feasible,15,6,7,feasible,15,6,7,feasible,4,0,complete,20,complete,15,complete,15,complete,15
196589,4012,0,1,1,feasible,15,10,3,7,7,6,feasible,15,6,7,feasible,15,6,7,feasible,4,0,complete,20,complete,15,complete,15,complete,15
196638,4013,0,1,1,feasible,15,10,3,6,7,6,feasible,15,6,7,feasible,15,6,7,feasible,4,0,complete,20,complete,15,complete,15,complete,15
196687,4014,0,1,1,feasible,15,10,3,7,7,6,feasible,15,6,7,feasible,15,6,7,feasible,4,0,complete,20,complete,15,complete,15,complete,15
196736,4015,0,1,1,feasible,20,10,4,8,5,4,feasible,20,5,4,feasible,20,5,4,feasible,4,0,complete,20,complete,20,complete,20,complete,20
196785,4016,0,1,1,feasible,15,10,3,6,7,6,feasible,15,6,7,feasible,15,6,7,feasible,4,0,complete,16,complete,15,complete,16,complete,15
196834,4017,0,1,1,feasible,15,10,3,7,7,6,feasible,15,6,7,feasible,15,6,7,feasible,4,0,complete,20,complete,15,complete,20,complete,15
196883,4018,0,1,1,feasible,15,10,3,6,7,6,feasible,15,6,7,feasible,15,6,7,feasible,4,0,complete,16,complete,15,complete,15,complete,15
196932,4019,0,1,1,feasible,15,10,3,7,7,6,feasible,15,6,7,feasible,15,6,7,feasible,4,0,complete,20,complete,15,complete,15,complete,15
196981,4020,0,1,1,feasible,20,10,4,8,5,4,feasible,20,5,4,feasible,20,5,4,feasible,4,0,complete,20,complete,20,complete,20,complete,20
197030,4021,0,1,1,feasible,15,10,3,7,7,6,feasible,15,6,7,feasible,15,6,7,feasible,4,0,complete,20,complete,15,complete,15,complete,15
197079,4022,0,1,1,feasible,20,10,4,8,5,4,feasible,20,5,4,feasible,20,5,4,feasible,4,0,complete,20,complete,20,complete,20,complete,20
197128,4023,0,1,1,feasible,20,14,4,9,5,4,feasible,20,5,4,feasible,20,5,4,feasible,4,0,complete,20,complete,20,complete,20,complete,20
197177,4024,0,1,1,feasible,15,10,3,7,7,6,feasible,15,6,7,feasible,15,6,7,feasible,4,0,complete,16,complete,15,complete,16,complete,15
197226,4025,0,1,1,feasible,20,10,4,8,5,4,feasible,20,5,4,feasible,20,5,4,feasible,4,0,complete,20,complete,20,complete,20,complete,20
197275,4026,0,1,1,feasible,15,10,3,7,7,6,feasible,15,6,7,feasible,15,6,7,feasible,4,0,complete,16,complete,15,complete,15,complete,15
197324,4027,0,1,1,feasible,20,10,4,8,5,4,feasible,20,5,4,feasible,20,5,4,feasible,4,0,complete,20,complete,20,complete,20,complete,20
197373,4028,0,1,1,feasible,20,14,4,9,5,4,feasible,20,5,4,feasible,20,5,4,feasible,4,0,complete,20,complete,20,complete,20,complete,20
197422,4029,0,1,1,feasible,20,10,4,8,5,4,feasible,20,5,4,feasible,20,5,4,feasible,4,0,complete,20,complete,20,complete,20,complete,20
197471,4030,0,1,1,feasible,20,14,4,9,5,4,feasible,20,5,4,feasible,20,5,4,feasible,4,0,complete,20,complete,20,complete,20,complete,20
197520,4031,0,1,1,feasible,20,14,4,10,5,4,feasible,20,5,4,feasible,20,5,4,feasible,4,0,complete,20,complete,20,complete,20,complete,20
197569,4032,0,1,1,feasible,6,6,2,2,4,3,feasible,6,4,4,feasible,6,4,4,feasible,3,1,complete,7,complete,6,complete,7,complete,6
197619,4033,0,2,1,feasible,10,10,2,3,6,5,feasible,10,5,6,feasible,10,5,6,feasible,3,1,complete,11,complete,10,complete,11,complete,10
197666,4034,0,0,1,feasible,6,6,2,2,4,3,feasible,6,4,4,feasible,6,4,4,feasible,3,1,complete,7,complete,6,complete,7,complete,6
197722,4035,1,0,1,feasible,10,10,2,3,4,3,feasible,10,4,4,feasible,10,4,4,feasible,3,1,complete,11,complete,10,complete,11,complete,10
197766,4036,0,2,1,feasible,10,10,2,4,6,5,feasible,10,5,6,feasible,10,5,6,feasible,3,1,complete,11,complete,10,complete,11,complete,10
197820,4037,1,0,1,feasible,10,10,2,3,4,3,feasible,10,4,4,feasible,10,4,4,feasible,3,1,complete,11,complete,10,complete,11,complete,10
197864,4038,0,2,1,feasible,10,10,2,4,6,5,feasible,10,5,6,feasible,10,5,6,feasible,3,1,complete,11,complete,10,complete,11,complete,10
197913,4039,0,2,1,feasible,10,10,2,5,6,5,feasible,10,5,6,feasible,10,5,6,feasible,3,1,complete,11,complete,10,complete,11,complete,10
197960,4040,0,0,1,feasible,6,6,2,2,5,4,feasible,6,5,6,feasible,6,5,6,feasible,4,1,complete,8,complete,6,complete,7,complete,6
198016,4041,1,0,1,feasible,10,10,2,3,5,4,feasible,10,5,6,feasible,10,5,6,feasible,4,1,complete,12,complete,10,complete,11,complete,11
198058,4042,0,0,1,feasible,6,6,2,2,5,4,feasible,6,5,6,feasible,6,5,6,feasible,4,1,complete,8,complete,6,complete,7,complete,6
198114,4043,1,0,1,feasible,10,10,2,3,5,4,feasible,10,5,6,feasible,10,5,6,feasible,4,1,complete,12,complete,10,complete,11,complete,11
198157,4044,0,1,1,feasible,11,10,3,4,7,6,feasible,11,6,7,feasible,11,6,7,feasible,4,0,complete,12,complete,11,complete,12,complete,11
198212,4045,1,0,1,feasible,10,10,2,3,5,4,feasible,10,5,6,feasible,10,5,6,feasible,4,1,complete,12,complete,10,complete,12,complete,11
198255,4046,0,1,1,feasible,11,10,3,4,7,6,feasible,11,6,7,feasible,11,6,7,feasible,4,0,complete,12,complete,11,complete,12,complete,11
198304,4047,0,1,1,feasible,11,10,3,5,7,6,feasible,11,6,7,feasible,11,6,7,feasible,4,0,complete,12,complete,11,complete,12,complete,11
198359,4048,1,0,1,feasible,10,10,2,3,5,4,feasible,10,5,6,feasible,10,5,6,feasible,4,1,complete,12,complete,10,complete,11,complete,10
198403,4049,0,2,1,feasible,10,10,2,4,9,9,feasible,10,7,11,feasible,10,7,11,feasible,4,1,complete,16,complete,10,complete,11,complete,10
198457,4050,1,0,1,feasible,10,10,2,3,5,4,feasible,10,5,6,feasible,10,5,6,feasible,4,1,complete,12,complete,10,complete,11,complete,10
198501,4051,0,2,1,feasible,10,10,2,4,9,9,feasible,10,7,11,feasible,10,7,11,feasible,4,1,complete,16,complete,10,complete,11,complete,10
198550,4052,0,2,1,feasible,10,10,2,5,9,9,feasible,10,7,11,feasible,10,7,11,feasible,4,1,complete,16,complete,10,complete,11,complete,10
198599,4053,0,2,1,feasible,10,10,2,4,9,9,feasible,10,7,11,feasible,10,7,11,feasible,4,1,complete,16,complete,10,complete,16,complete,10
198648,4054,0,2,1,feasible,10,10,2,5,9,9,feasible,10,7,11,feasible,10,7,11,feasible,4,1,complete,16,complete,10,complete,16,complete,10
198697,4055,0,2,1,feasible,10,10,2,6,7,7,feasible,10,6,8,feasible,10,6,8,feasible,4,1,complete,16,complete,10,complete,16,complete,10
198744,4056,0,0,1,feasible,6,6,2,2,9,9,feasible,6,7,11,feasible,6,7,11,feasible,4,1,complete,8,complete,6,complete,7,complete,6
198793,4057,0,0,1,feasible,11,10,3,3,7,6,feasible,11,6,7,feasible,11,6,7,feasible,4,0,complete,12,complete,11,complete,12,complete,11
198842,4058,0,0,1,feasible,6,6,2,2,9,9,feasible,6,7,11,feasible,6,7,11,feasible,4,1,complete,8,complete,6,complete,7,complete,6
198891,4059,0,0,1,feasible,11,10,3,3,7,6,feasible,11,6,7,feasible,11,6,7,feasible,4,0,complete,12,complete,11,complete,12,complete,11
198940,4060,0,0,1,feasible,11,10,3,4,7,6,feasible,11,6,7,feasible,11,6,7,feasible,4,0,complete,12,complete,11,complete,12,complete,11
198989,4061,0,0,1,feasible,11,10,3,3,7,6,feasible,11,6,7,feasible,11,6,7,feasible,4,0,complete,12,complete,11,complete,12,complete,11
199038,4062,0,0,1,feasible,11,10,3,4,7,6,feasible,11,6,7,feasible,11,6,7,feasible,4,0,complete,12,complete,11,complete,12,complete,11
199087,4063,0,0,1,feasible,11,10,3,5,7,6,feasible,11,6,7,feasible,11,6,7,feasible,4,0,complete,12,complete,11,complete,12,complete,11
199143,4064,1,0,1,feasible,10,10,2,3,9,9,feasible,10,7,11,feasible,10,7,11,feasible,4,1,complete,12,complete,10,complete,11,complete,10
199192,4065,1,0,1,feasible,15,10,3,4,7,6,feasible,15,6,7,feasible,15,6,7,feasible,4,0,complete,16,complete,15,complete,16,complete,15
199241,4066,1,0,1,feasible,10,10,2,3,9,9,feasible,10,7,11,feasible,10,7,11,feasible,4,1,complete,12,complete,10,complete,11,complete,10
199290,4067,1,0,1,feasible,15,10,3,4,7,6,feasible,15,6,7,feasible,15,6,7,feasible,4,0,complete,16,complete,15,complete,16,complete,15
199339,4068,1,0,1,feasible,15,10,3,5,7,6,feasible,15,6,7,feasible,15,6,7,feasible,4,0,complete,16,complete,15,complete,16,complete,15
199388,4069,1,0,1,feasible,15,10,3,4,7,6,feasible,15,6,7,feasible,15,6,7,feasible,4,0,complete,16,complete,15,complete,16,complete,15
199437,4070,1,0,1,feasible,15,10,3,5,7,6,feasible,15,6,7,feasible,15,6,7,feasible,4,0,complete,16,complete,15,complete,16,complete,15
199486,4071,1,0,1,feasible,15,10,3,6,7,6,feasible,15,6,7,feasible,15,6,7,feasible,4,0,complete,16,complete,15,complete,16,complete,15
199530,4072,0,2,1,feasible,10,10,2,4,9,9,feasible,10,7,11,feasible,10,7,11,feasible,4,1,complete,12,complete,10,complete,11,complete,10
199579,4073,0,2,1,feasible,10,10,2,5,9,9,feasible,10,7,11,feasible,10,7,11,feasible,4,1,complete,16,complete,10,complete,11,complete,10
199628,4074,0,2,1,feasible,10,10,2,4,9,9,feasible,10,7,11,feasible,10,7,11,feasible,4,1,complete,12,complete,10,complete,11,complete,10
199677,4075,0,2,1,feasible,10,10,2,5,9,9,feasible,10,7,11,feasible,10,7,11,feasible,4,1,complete,16,complete,10,complete,11,complete,10
199726,4076,0,2,1,feasible,10,10,2,6,7,7,feasible,10,6,8,feasible,10,6,8,feasible,4,1,complete,16,complete,10,complete,16,complete,10
199775,4077,0,2,1,feasible,10,10,2,5,9,9,feasible,10,7,11,feasible,10,7,11,feasible,4,1,complete,16,complete,10,complete,11,complete,10
199824,4078,0,2,1,feasible,10,10,2,6,7,7,feasible,10,6,8,feasible,10,6,8,feasible,4,1,complete,16,complete,10,complete,16,complete,10
199885,4079,2,0,1,feasible,15,14,3,7,7,6,feasible,15,6,7,feasible,15,6,7,feasible,4,0,complete,16,complete,15,complete,16,complete,15
199927,4080,1,0,1,feasible,10,10,2,3,9,9,feasible,10,7,11,feasible,10,7,11,feasible,4,1,complete,12,complete,10,complete,12,complete,10
199976,4081,1,0,1,feasible,15,10,3,4,7,6,feasible,15,6,7,feasible,15,6,7,feasible,4,0,complete,16,complete,15,complete,16,complete,15
200025,4082,1,0,1,feasible,10,10,2,3,9,9,feasible,10,7,11,feasible,10,7,11,feasible,4,1,complete,12,complete,10,complete,11,complete,10
200074,4083,1,0,1,feasible,15,10,3,4,7,6,feasible,15,6,7,feasible,15,6,7,feasible,4,0,complete,16,complete,15,complete,16,complete,15
200123,4084,1,0,1,feasible,15,10,3,5,7,6,feasible,15,6,7,feasible,15,6,7,feasible,4,0,complete,16,complete,15,complete,16,complete,15
200172,4085,1,0,1,feasible,15,10,3,4,7,6,feasible,15,6,7,feasible,15,6,7,feasible,4,0,complete,16,complete,15,complete,16,complete,15
200221,4086,1,0,1,feasible,15,10,3,5,7,6,feasible,15,6,7,feasible,15,6,7,feasible,4,0,complete,16,complete,15,complete,16,complete,15
200270,4087,1,0,1,feasible,15,10,3,6,7,6,feasible,15,6,7,feasible,15,6,7,feasible,4,0,complete,16,complete,15,complete,16,complete,15
200314,4088,0,2,1,feasible,10,10,2,4,9,9,feasible,10,7,11,feasible,10,7,11,feasible,4,1,complete,12,complete,10,complete,12,complete,10
200363,4089,0,2,1,feasible,10,10,2,5,9,9,feasible,10,7,11,feasible,10,7,11,feasible,4,1,complete,16,complete,10,complete,16,complete,10
200412,4090,0,2,1,feasible,10,10,2,4,9,9,feasible,10,7,11,feasible,10,7,11,feasible,4,1,complete,12,complete,10,complete,11,complete,10
200461,4091,0,2,1,feasible,10,10,2,5,9,9,feasible,10,7,11,feasible,10,7,11,feasible,4,1,complete,16,complete,10,complete,11,complete,10
200510,4092,0,2,1,feasible,10,10,2,6,7,7,feasible,10,6,8,feasible,10,6,8,feasible,4,1,complete,16,complete,10,complete,16,complete,10
200559,4093,0,2,1,feasible,10,10,2,5,9,9,feasible,10,7,11,feasible,10,7,11,feasible,4,1,complete,16,complete,10,complete,11,complete,10
200608,4094,0,2,1,feasible,10,10,2,6,7,7,feasible,10,6,8,feasible,10,6,8,feasible,4,1,complete,16,complete,10,complete,16,complete,10
200669,4095,2,0,1,feasible,15,14,3,7,7,6,feasible,15,6,7,feasible,15,6,7,feasible,4,0,complete,16,complete,15,complete,16,complete,15
200706,4096,0,2,1,feasible,10,10,2,5,9,9,feasible,10,7,11,feasible,10,7,11,feasible,4,1,complete,12,complete,10,complete,12,complete,10
200755,4097,0,2,1,feasible,10,10,2,6,7,7,feasible,10,6,8,feasible,10,6,8,feasible,4,1,complete,16,complete,10,complete,16,complete,10
200804,4098,0,2,1,feasible,10,10,2,5,9,9,feasible,10,7,11,feasible,10,7,11,feasible,4,1,complete,12,complete,10,complete,11,complete,10
200853,4099,0,2,1,feasible,10,10,2,6,7,7,feasible,10,6,8,feasible,10,6,8,feasible,4,1,complete,16,complete,10,complete,16,complete,10
200909,4100,1,2,1,feasible,14,14,2,7,7,7,feasible,14,6,8,feasible,14,6,8,feasible,4,1,complete,16,complete,14,complete,16,complete,15
200951,4101,0,2,1,feasible,10,10,2,6,7,7,feasible,10,6,8,feasible,10,6,8,feasible,4,1,complete,16,complete,10,complete,16,complete,10
201007,4102,1,2,1,feasible,14,14,2,7,7,7,feasible,14,6,8,feasible,14,6,8,feasible,4,1,complete,16,complete,14,complete,16,complete,14
201068,4103,3,0,1,feasible,15,14,3,8,7,6,feasible,15,6,7,feasible,15,6,7,feasible,4,0,complete,16,complete,15,complete,16,complete,15
201098,4104,0,2,1,feasible,6,6,2,3,6,6,feasible,6,5,6,feasible,6,5,6,feasible,3,1,complete,11,complete,11,complete,11,complete,6
201147,4105,0,2,1,feasible,15,10,3,4,4,3,feasible,15,4,3,feasible,15,4,3,feasible,3,0,complete,15,complete,15,complete,15,complete,15
201195,4106,0,1,1,feasible,6,6,2,3,4,3,feasible,6,4,4,feasible,6,4,4,feasible,3,1,complete,11,complete,6,complete,11,complete,6
201251,4107,1,1,1,feasible,10,10,2,4,4,3,feasible,10,4,4,feasible,10,4,4,feasible,3,1,complete,15,complete,10,complete,15,complete,10
201294,4108,0,2,1,feasible,15,10,3,5,4,3,feasible,15,4,3,feasible,15,4,3,feasible,3,0,complete,15,complete,15,complete,15,complete,15
201348,4109,1,0,1,feasible,10,10,2,4,4,3,feasible,10,4,4,feasible,10,4,4,feasible,3,1,complete,15,complete,10,complete,15,complete,10
201404,4110,2,0,1,feasible,10,10,2,5,4,3,feasible,10,4,4,feasible,10,4,4,feasible,3,1,complete,15,complete,10,complete,15,complete,10
201441,4111,0,2,1,feasible,15,10,3,6,4,3,feasible,15,4,3,feasible,15,4,3,feasible,3,0,complete,15,complete,15,complete,15,complete,15
201489,4112,0,1,1,feasible,6,6,2,3,7,7,feasible,6,6,8,feasible,6,6,8,feasible,4,1,complete,12,complete,6,complete,11,complete,6
201538,4113,0,1,1,feasible,16,10,4,4,5,4,feasible,16,5,4,feasible,16,5,4,feasible,4,0,complete,16,complete,16,complete,16,complete,16
201586,4114,0,0,1,feasible,6,6,2,3,5,4,feasible,6,5,6,feasible,6,5,6,feasible,4,1,complete,12,complete,6,complete,11,complete,6
201642,4115,1,0,1,feasible,10,10,2,4,5,4,feasible,10,5,6,feasible,10,5,6,feasible,4,1,complete,16,complete,10,complete,15,complete,11
201685,4116,0,1,1,feasible,16,10,4,5,5,4,feasible,16,5,4,feasible,16,5,4,feasible,4,0,complete,16,complete,16,complete,16,complete,16
201740,4117,1,0,1,feasible,10,10,2,4,5,4,feasible,10,5,6,feasible,10,5,6,feasible,4,1,complete,16,complete,10,complete,16,complete,11
201783,4118,0,1,1,feasible,16,10,4,5,5,4,feasible,16,5,4,feasible,16,5,4,feasible,4,0,complete,16,complete,16,complete,16,complete,16
201832,4119,0,1,1,feasible,16,10,4,6,5,4,feasible,16,5,4,feasible,16,5,4,feasible,4,0,complete,16,complete,16,complete,16,complete,16
201888,4120,1,1,1,feasible,10,10,2,4,7,7,feasible,10,6,8,feasible,10,6,8,feasible,4,1,complete,16,complete,10,complete,15,complete,10
201931,4121,0,2,1,feasible,15,10,3,5,7,6,feasible,15,6,7,feasible,15,6,7,feasible,4,0,complete,20,complete,15,complete,15,complete,15
201985,4122,1,0,1,feasible,10,10,2,4,5,4,feasible,10,5,6,feasible,10,5,6,feasible,4,1,complete,16,complete,10,complete,15,complete,10
202041,4123,2,0,1,feasible,10,10,2,5,5,4,feasible,10,5,6,feasible,10,5,6,feasible,4,1,complete,20,complete,10,complete,15,complete,10
202078,4124,0,2,1,feasible,15,10,3,6,7,6,feasible,15,6,7,feasible,15,6,7,feasible,4,0,complete,20,complete,15,complete,15,complete,15
202139,4125,2,0,1,feasible,10,10,2,5,5,4,feasible,10,5,6,feasible,10,5,6,feasible,4,1,complete,20,complete,10,complete,20,complete,10
202176,4126,0,2,1,feasible,15,10,3,6,7,6,feasible,15,6,7,feasible,15,6,7,feasible,4,0,complete,20,complete,15,complete,20,complete,15
202225,4127,0,2,1,feasible,20,10,4,7,5,4,feasible,20,5,4,feasible,20,5,4,feasible,4,0,complete,20,complete,20,complete,20,complete,20
202272,4128,0,0,1,feasible,6,6,2,3,7,7,feasible,6,6,8,feasible,6,6,8,feasible,4,1,complete,12,complete,6,complete,11,complete,6
202321,4129,0,0,1,feasible,16,10,4,4,5,4,feasible,16,5,4,feasible,16,5,4,feasible,4,0,complete,16,complete,16,complete,16,complete,16
202370,4130,0,0,1,feasible,6,6,2,3,7,7,feasible,6,6,8,feasible,6,6,8,feasible,4,1,complete,12,complete,6,complete,11,complete,6
202419,4131,0,0,1,feasible,16,10,4,4,5,4,feasible,16,5,4,feasible,16,5,4,feasible,4,0,complete,16,complete,16,complete,16,complete,16
202468,4132,0,0,1,feasible,16,10,4,5,5,4,feasible,16,5,4,feasible,16,5,4,feasible,4,0,complete,16,complete,16,complete,16,complete,16
202517,4133,0,0,1,feasible,16,10,4,4,5,4,feasible,16,5,4,feasible,16,5,4,feasible,4,0,complete,16,complete,16,complete,16,complete,16
202566,4134,0,0,1,feasible,16,10,4,5,5,4,feasible,16,5,4,feasible,16,5,4,feasible,4,0,complete,16,complete,16,complete,16,complete,16
202615,4135,0,0,1,feasible,16,10,4,6,5,4,feasible,16,5,4,feasible,16,5,4,feasible,4,0,complete,16,complete,16,complete,16,complete,16
202671,4136,1,0,1,feasible,10,10,2,4,7,7,feasible,10,6,8,feasible,10,6,8,feasible,4,1,complete,16,complete,10,complete,15,complete,10
202720,4137,1,0,1,feasible,20,10,4,5,5,4,feasible,20,5,4,feasible,20,5,4,feasible,4,0,complete,20,complete,20,complete,20,complete,20
202769,4138,1,0,1,feasible,10,10,2,4,7,7,feasible,10,6,8,feasible,10,6,8,feasible,4,1,complete,16,complete,10,complete,15,complete,10
202818,4139,1,0,1,feasible,20,10,4,5,5,4,feasible,20,5,4,feasible,20,5,4,feasible,4,0,complete,20,complete,20,complete,20,complete,20
202867,4140,1,0,1,feasible,20,10,4,6,5,4,feasible,20,5,4,feasible,20,5,4,feasible,4,0,complete,20,complete,20,complete,20,complete,20
202916,4141,1,0,1,feasible,20,10,4,5,5,4,feasible,20,5,4,feasible,20,5,4,feasible,4,0,complete,20,complete,20,complete,20,complete,20
202965,4142,1,0,1,feasible,20,10,4,6,5,4,feasible,20,5,4,feasible,20,5,4,feasible,4,0,complete,20,complete,20,complete,20,complete,20
203014,4143,1,0,1,feasible,20,10,4,7,5,4,feasible,20,5,4,feasible,20,5,4,feasible,4,0,complete,20,complete,20,complete,20,complete,20
203070,4144,2,0,1,feasible,10,10,2,5,7,7,feasible,10,6,8,feasible,10,6,8,feasible,4,1,complete,16,complete,10,complete,15,complete,10
203107,4145,0,2,1,feasible,15,10,3,6,7,6,feasible,15,6,7,feasible,15,6,7,feasible,4,0,complete,20,complete,15,complete,15,complete,15
203168,4146,2,0,1,feasible,10,10,2,5,7,7,feasible,10,6,8,feasible,10,6,8,feasible,4,1,complete,16,complete,10,complete,15,complete,10
203205,4147,0,2,1,feasible,15,10,3,6,7,6,feasible,15,6,7,feasible,15,6,7,feasible,4,0,complete,20,complete,15,complete,15,complete,15
203254,4148,0,2,1,feasible,20,10,4,7,5,4,feasible,20,5,4,feasible,20,5,4,feasible,4,0,complete,20,complete,20,complete,20,complete,20
203303,4149,0,2,1,feasible,15,10,3,6,7,6,feasible,15,6,7,feasible,15,6,7,feasible,4,0,complete,20,complete,15,complete,15,complete,15
203352,4150,0,2,1,feasible,20,10,4,7,5,4,feasible,20,5,4,feasible,20,5,4,feasible,4,0,complete,20,complete,20,complete,20,complete,20
203413,4151,2,0,1,feasible,20,14,4,8,5,4,feasible,20,5,4,feasible,20,5,4,feasible,4,0,complete,20,complete,20,complete,20,complete,20
203455,4152,1,0,1,feasible,10,10,2,4,9,9,feasible,10,7,11,feasible,10,7,11,feasible,4,1,complete,16,complete,10,complete,16,complete,10
203504,4153,1,0,1,feasible,15,10,3,5,7,6,feasible,15,6,7,feasible,15,6,7,feasible,4,0,complete,20,complete,15,complete,20,complete,15
203553,4154,1,0,1,feasible,10,10,2,4,9,9,feasible,10,7,11,feasible,10,7,11,feasible,4,1,complete,16,complete,10,complete,15,complete,10
203602,4155,1,0,1,feasible,15,10,3,5,7,6,feasible,15,6,7,feasible,15,6,7,feasible,4,0,complete,20,complete,15,complete,20,complete,15
203651,4156,1,0,1,feasible,15,10,3,6,7,6,feasible,15,6,7,feasible,15,6,7,feasible,4,0,complete,20,complete,15,complete,20,complete,15
203700,4157,1,0,1,feasible,15,10,3,5,7,6,feasible,15,6,7,feasible,15,6,7,feasible,4,0,complete,20,complete,15,complete,20,complete,15
203749,4158,1,0,1,feasible,15,10,3,6,7,6,feasible,15,6,7,feasible,15,6,7,feasible,4,0,complete,20,complete,15,complete,20,complete,15
203798,4159,1,0,1,feasible,15,10,3,7,7,6,feasible,15,6,7,feasible,15,6,7,feasible,4,0,complete,20,complete,15,complete,20,complete,15
203854,4160,2,0,1,feasible,10,10,2,5,9,9,feasible,10,7,11,feasible,10,7,11,feasible,4,1,complete,16,complete,10,complete,16,complete,10
203891,4161,0,2,1,feasible,15,10,3,6,7,6,feasible,15,6,7,feasible,15,6,7,feasible,4,0,complete,20,complete,15,complete,20,complete,15
203952,4162,2,0,1,feasible,10,10,2,5,9,9,feasible,10,7,11,feasible,10,7,11,feasible,4,1,complete,16,complete,10,complete,15,complete,10
203989,4163,0,2,1,feasible,15,10,3,6,7,6,feasible,15,6,7,feasible,15,6,7,feasible,4,0,complete,20,complete,15,complete,15,complete,15
204050,4164,2,0,1,feasible,15,10,3,7,7,6,feasible,15,6,7,feasible,15,6,7,feasible,4,0,complete,20,complete,15,complete,20,complete,15
204087,4165,0,2,1,feasible,15,10,3,6,7,6,feasible,15,6,7,feasible,15,6,7,feasible,4,0,complete,20,complete,15,complete,15,complete,15
204148,4166,2,0,1,feasible,15,10,3,7,7,6,feasible,15,6,7,feasible,15,6,7,feasible,4,0,complete,20,complete,15,complete,20,complete,15
204197,4167,2,0,1,feasible,15,14,3,8,7,6,feasible,15,6,7,feasible,15,6,7,feasible,4,0,complete,20,complete,15,complete,20,complete,15
204234,4168,0,2,1,feasible,15,10,3,6,7,6,feasible,15,6,7,feasible,15,6,7,feasible,4,0,complete,16,complete,15,complete,16,complete,15
204283,4169,0,2,1,feasible,20,10,4,7,5,4,feasible,20,5,4,feasible,20,5,4,feasible,4,0,complete,20,complete,20,complete,20,complete,20
204332,4170,0,2,1,feasible,15,10,3,6,7,6,feasible,15,6,7,feasible,15,6,7,feasible,4,0,complete,16,complete,15,complete,15,complete,15
204381,4171,0,2,1,feasible,20,10,4,7,5,4,feasible,20,5,4,feasible,20,5,4,feasible,4,0,complete,20,complete,20,complete,20,complete,20
204449,4172,3,0,1,feasible,15,14,3,8,7,6,feasible,15,6,7,feasible,15,6,7,feasible,4,0,complete,20,complete,15,complete,20,complete,15
204479,4173,0,2,1,feasible,20,10,4,7,5,4,feasible,20,5,4,feasible,20,5,4,feasible,4,0,complete,20,complete,20,complete,20,complete,20
204547,4174,3,0,1,feasible,15,14,3,8,7,6,feasible,15,6,7,feasible,15,6,7,feasible,4,0,complete,20,complete,15,complete,20,complete,15
204596,4175,3,0,1,feasible,15,14,3,9,7,6,feasible,15,6,7,feasible,15,6,7,feasible,4,0,complete,20,complete,15,complete,20,complete,15
204625,4176,0,1,1,feasible,6,6,2,2,4,3,feasible,6,4,4,feasible,6,4,4,feasible,3,1,complete,7,complete,6,complete,6,complete,6
204675,4177,0,2,1,feasible,10,10,2,3,6,5,feasible,10,5,6,feasible,10,5,6,feasible,3,1,complete,11,complete,10,complete,10,complete,10
204722,4178,0,0,1,feasible,6,6,2,2,4,3,feasible,6,4,4,feasible,6,4,4,feasible,3,1,complete,7,complete,6,complete,6,complete,6
204778,4179,1,0,1,feasible,10,10,2,3,4,3,feasible,10,4,4,feasible,10,4,4,feasible,3,1,complete,11,complete,10,complete,10,complete,10
204822,4180,0,2,1,feasible,10,10,2,4,6,5,feasible,10,5,6,feasible,10,5,6,feasible,3,1,complete,11,complete,10,complete,10,complete,10
204876,4181,1,0,1,feasible,10,10,2,3,4,3,feasible,10,4,4,feasible,10,4,4,feasible,3,1,complete,11,complete,10,complete,10,complete,10
204920,4182,0,2,1,feasible,10,10,2,4,6,5,feasible,10,5,6,feasible,10,5,6,feasible,3,1,complete,11,complete,10,complete,10,complete,10
204969,4183,0,2,1,feasible,10,10,2,5,6,5,feasible,10,5,6,feasible,10,5,6,feasible,3,1,complete,11,complete,10,complete,10,complete,10
205016,4184,0,0,1,feasible,6,6,2,2,5,4,feasible,6,5,6,feasible,6,5,6,feasible,4,1,complete,8,complete,6,complete,6,complete,6
205072,4185,1,0,1,feasible,10,10,2,3,5,4,feasible,10,5,6,feasible,10,5,6,feasible,4,1,complete,12,complete,10,complete,10,complete,11
205114,4186,0,0,1,feasible,6,6,2,2,5,4,feasible,6,5,6,feasible,6,5,6,feasible,4,1,complete,8,complete,6,complete,6,complete,6
205170,4187,1,0,1,feasible,10,10,2,3,5,4,feasible,10,5,6,feasible,10,5,6,feasible,4,1,complete,12,complete,10,complete,10,complete,11
205213,4188,0,1,1,feasible,11,10,3,4,7,6,feasible,11,6,7,feasible,11,6,7,feasible,4,0,complete,12,complete,11,complete,11,complete,11
205268,4189,1,0,1,feasible,10,10,2,3,5,4,feasible,10,5,6,feasible,10,5,6,feasible,4,1,complete,12,complete,10,complete,11,complete,11
205311,4190,0,1,1,feasible,11,10,3,4,7,6,feasible,11,6,7,feasible,11,6,7,feasible,4,0,complete,12,complete,11,complete,11,complete,11
205360,4191,0,1,1,feasible,11,10,3,5,7,6,feasible,11,6,7,feasible,11,6,7,feasible,4,0,complete,12,complete,11,complete,11,complete,11
205415,4192,1,0,1,feasible,10,10,2,3,5,4,feasible,10,5,6,feasible,10,5,6,feasible,4,1,complete,12,complete,10,complete,10,complete,10
205459,4193,0,2,1,feasible,10,10,2,4,9,9,feasible,10,7,11,feasible,10,7,11,feasible,4,1,complete,16,complete,10,complete,10,complete,10
205513,4194,1,0,1,feasible,10,10,2,3,5,4,feasible,10,5,6,feasible,10,5,6,feasible,4,1,complete,12,complete,10,complete,10,complete,10
205557,4195,0,2,1,feasible,10,10,2,4,9,9,feasible,10,7,11,feasible,10,7,11,feasible,4,1,complete,16,complete,10,complete,10,complete,10
205606,4196,0,2,1,feasible,10,10,2,5,9,9,feasible,10,7,11,feasible,10,7,11,feasible,4,1,complete,16,complete,10,complete,10,complete,10
205655,4197,0,2,1,feasible,10,10,2,4,9,9,feasible,10,7,11,feasible,10,7,11,feasible,4,1,complete,16,complete,10,complete,15,complete,10
205704,4198,0,2,1,feasible,10,10,2,5,9,9,feasible,10,7,11,feasible,10,7,11,feasible,4,1,complete,16,complete,10,complete,15,complete,10
205753,4199,0,2,1,feasible,10,10,2,6,7,7,feasible,10,6,8,feasible,10,6,8,feasible,4,1,complete,16,complete,10,complete,15,complete,10
205800,4200,0,0,1,feasible,6,6,2,2,9,9,feasible,6,7,11,feasible,6,7,11,feasible,4,1,complete,8,complete,6,complete,6,complete,6
205849,4201,0,0,1,feasible,11,10,3,3,7,6,feasible,11,6,7,feasible,11,6,7,feasible,4,0,complete,12,complete,11,complete,11,complete,11
205898,4202,0,0,1,feasible,6,6,2,2,9,9,feasible,6,7,11,feasible,6,7,11,feasible,4,1,complete,8,complete,6,complete,6,complete,6
205947,4203,0,0,1,feasible,11,10,3,3,7,6,feasible,11,6,7,feasible,11,6,7,feasible,4,0,complete,12,complete,11,complete,11,complete,11
205996,4204,0,0,1,feasible,11,10,3,4,7,6,feasible,11,6,7,feasible,11,6,7,feasible,4,0,complete,12,complete,11,complete,11,complete,11
206045,4205,0,0,1,feasible,11,10,3,3,7,6,feasible,11,6,7,feasible,11,6,7,feasible,4,0,complete,12,complete,11,complete,11,complete,11
206094,4206,0,0,1,feasible,11,10,3,4,7,6,feasible,11,6,7,feasible,11,6,7,feasible,4,0,complete,12,complete,11,complete,11,complete,11
206143,4207,0,0,1,feasible,11,10,3,5,7,6,feasible,11,6,7,feasible,11,6,7,feasible,4,0,complete,12,complete,11,complete,11,complete,11
206199,4208,1,0,1,feasible,10,10,2,3,9,9,feasible,10,7,11,feasible,10,7,11,feasible,4,1,complete,12,complete,10,complete,10,complete,10
206248,4209,1,0,1,feasible,15,10,3,4,7,6,feasible,15,6,7,feasible,15,6,7,feasible,4,0,complete,16,complete,15,complete,15,complete,15
206297,4210,1,0,1,feasible,10,10,2,3,9,9,feasible,10,7,11,feasible,10,7,11,feasible,4,1,complete,12,complete,10,complete,10,complete,10
206346,4211,1,0,1,feasible,15,10,3,4,7,6,feasible,15,6,7,feasible,15,6,7,feasible,4,0,complete,16,complete,15,complete,15,complete,15
206395,4212,1,0,1,feasible,15,10,3,5,7,6,feasible,15,6,7,feasible,15,6,7,feasible,4,0,complete,16,complete,15,complete,15,complete,15
206444,4213,1,0,1,feasible,15,10,3,4,7,6,feasible,15,6,7,feasible,15,6,7,feasible,4,0,complete,16,complete,15,complete,15,complete,15
206493,4214,1,0,1,feasible,15,10,3,5,7,6,feasible,15,6,7,feasible,15,6,7,feasible,4,0,complete,16,complete,15,complete,15,complete,15
206542,4215,1,0,1,feasible,15,10,3,6,7,6,feasible,15,6,7,feasible,15,6,7,feasible,4,0,complete,16,complete,15,complete,15,complete,15
206586,4216,0,2,1,feasible,10,10,2,4,9,9,feasible,10,7,11,feasible,10,7,11,feasible,4,1,complete,12,complete,10,complete,10,complete,10
206635,4217,0,2,1,feasible,10,10,2,5,9,9,feasible,10,7,11,feasible,10,7,11,feasible,4,1,complete,16,complete,10,complete,10,complete,10
206684,4218,0,2,1,feasible,10,10,2,4,9,9,feasible,10,7,11,feasible,10,7,11,feasible,4,1,complete,12,complete,10,complete,10,complete,10
206733,4219,0,2,1,feasible,10,10,2,5,9,9,feasible,10,7,11,feasible,10,7,11,feasible,4,1,complete,16,complete,10,complete,10,complete,10
206782,4220,0,2,1,feasible,10,10,2,6,7,7,feasible,10,6,8,feasible,10,6,8,feasible,4,1,complete,16,complete,10,complete,10,complete,10
206831,4221,0,2,1,feasible,10,10,2,5,9,9,feasible,10,7,11,feasible,10,7,11,feasible,4,1,complete,16,complete,10,complete,10,complete,10
206880,4222,0,2,1,feasible,10,10,2,6,7,7,feasible,10,6,8,feasible,10,6,8,feasible,4,1,complete,16,complete,10,complete,10,complete,10
206929,4223,0,2,1,feasible,14,14,2,7,7,7,feasible,14,6,8,feasible,14,6,8,feasible,4,1,complete,16,complete,14,complete,14,complete,14
206983,4224,1,0,1,feasible,10,10,2,3,9,9,feasible,10,7,11,feasible,10,7,11,feasible,4,1,complete,12,complete,10,complete,11,complete,10
207032,4225,1,0,1,feasible,15,10,3,4,7,6,feasible,15,6,7,feasible,15,6,7,feasible,4,0,complete,16,complete,15,complete,15,complete,15
207081,4226,1,0,1,feasible,10,10,2,3,9,9,feasible,10,7,11,feasible,10,7,11,feasible,4,1,complete,12,complete,10,complete,10,complete,10
207130,4227,1,0,1,feasible,15,10,3,4,7,6,feasible,15,6,7,feasible,15,6,7,feasible,4,0,complete,16,complete,15,complete,15,complete,15
207179,4228,1,0,1,feasible,15,10,3,5,7,6,feasible,15,6,7,feasible,15,6,7,feasible,4,0,complete,16,complete,15,complete,15,complete,15
207228,4229,1,0,1,feasible,15,10,3,4,7,6,feasible,15,6,7,feasible,15,6,7,feasible,4,0,complete,16,complete,15,complete,15,complete,15
207277,4230,1,0,1,feasible,15,10,3,5,7,6,feasible,15,6,7,feasible,15,6,7,feasible,4,0,complete,16,complete,15,complete,15,complete,15
207326,4231,1,0,1,feasible,15,10,3,6,7,6,feasible,15,6,7,feasible,15,6,7,feasible,4,0,complete,16,complete,15,complete,15,complete,15
207370,4232,0,2,1,feasible,10,10,2,4,9,9,feasible,10,7,11,feasible,10,7,11,feasible,4,1,complete,12,complete,10,complete,11,complete,10
207419,4233,0,2,1,feasible,10,10,2,5,9,9,feasible,10,7,11,feasible,10,7,11,feasible,4,1,complete,16,complete,10,complete,15,complete,10
207468,4234,0,2,1,feasible,10,10,2,4,9,9,feasible,10,7,11,feasible,10,7,11,feasible,4,1,complete,12,complete,10,complete,10,complete,10
207517,4235,0,2,1,feasible,10,10,2,5,9,9,feasible,10,7,11,feasible,10,7,11,feasible,4,1,complete,16,complete,10,complete,10,complete,10
207566,4236,0,2,1,feasible,10,10,2,6,7,7,feasible,10,6,8,feasible,10,6,8,feasible,4,1,complete,16,complete,10,complete,10,complete,10
207615,4237,0,2,1,feasible,10,10,2,5,9,9,feasible,10,7,11,feasible,10,7,11,feasible,4,1,complete,16,complete,10,complete,10,complete,10
207664,4238,0,2,1,feasible,10,10,2,6,7,7,feasible,10,6,8,feasible,10,6,8,feasible,4,1,complete,16,complete,10,complete,10,complete,10
207713,4239,0,2,1,feasible,14,14,2,7,7,7,feasible,14,6,8,feasible,14,6,8,feasible,4,1,complete,16,complete,14,complete,14,complete,14
207762,4240,0,2,1,feasible,10,10,2,5,9,9,feasible,10,7,11,feasible,10,7,11,feasible,4,1,complete,12,complete,10,complete,11,complete,10
207811,4241,0,2,1,feasible,10,10,2,6,7,7,feasible,10,6,8,feasible,10,6,8,feasible,4,1,complete,16,complete,10,complete,15,complete,10
207860,4242,0,2,1,feasible,10,10,2,5,9,9,feasible,10,7,11,feasible,10,7,11,feasible,4,1,complete,12,complete,10,complete,10,complete,10
207909,4243,0,2,1,feasible,10,10,2,6,7,7,feasible,10,6,8,feasible,10,6,8,feasible,4,1,complete,16,complete,10,complete,10,complete,10
207958,4244,0,2,1,feasible,14,14,2,7,7,7,feasible,14,6,8,feasible,14,6,8,feasible,4,1,complete,16,complete,14,complete,14,complete,15
208007,4245,0,2,1,feasible,10,10,2,6,7,7,feasible,10,6,8,feasible,10,6,8,feasible,4,1,complete,16,complete,10,complete,10,complete,10
208056,4246,0,2,1,feasible,14,14,2,7,7,7,feasible,14,6,8,feasible,14,6,8,feasible,4,1,complete,16,complete,14,complete,14,complete,14
208112,4247,1,2,1,feasible,14,14,2,8,7,7,feasible,14,6,8,feasible,14,6,8,feasible,4,1,complete,16,complete,14,complete,14,complete,14
208154,4248,0,2,1,feasible,6,6,2,3,6,6,feasible,6,5,6,feasible,6,5,6,feasible,3,1,complete,11,complete,11,complete,11,complete,6
208203,4249,0,2,1,feasible,15,10,3,4,4,3,feasible,15,4,3,feasible,15,4,3,feasible,3,0,complete,15,complete,15,complete,15,complete,15
208251,4250,0,1,1,feasible,6,6,2,3,4,3,feasible,6,4,4,feasible,6,4,4,feasible,3,1,complete,11,complete,6,complete,6,complete,6
208307,4251,1,1,1,feasible,10,10,2,4,4,3,feasible,10,4,4,feasible,10,4,4,feasible,3,1,complete,15,complete,10,complete,10,complete,10
208350,4252,0,2,1,feasible,15,10,3,5,4,3,feasible,15,4,3,feasible,15,4,3,feasible,3,0,complete,15,complete,15,complete,15,complete,15
208404,4253,1,0,1,feasible,10,10,2,4,4,3,feasible,10,4,4,feasible,10,4,4,feasible,3,1,complete,15,complete,10,complete,10,complete,10
208460,4254,2,0,1,feasible,10,10,2,5,4,3,feasible,10,4,4,feasible,10,4,4,feasible,3,1,complete,15,complete,10,complete,10,complete,10
208497,4255,0,2,1,feasible,15,10,3,6,4,3,feasible,15,4,3,feasible,15,4,3,feasible,3,0,complete,15,complete,15,complete,15,complete,15
208545,4256,0,1,1,feasible,6,6,2,3,7,7,feasible,6,6,8,feasible,6,6,8,feasible,4,1,complete,12,complete,6,complete,6,complete,6
208594,4257,0,1,1,feasible,16,10,4,4,5,4,feasible,16,5,4,feasible,16,5,4,feasible,4,0,complete,16,complete,16,complete,16,complete,16
208642,4258,0,0,1,feasible,6,6,2,3,5,4,feasible,6,5,6,feasible,6,5,6,feasible,4,1,complete,12,complete,6,complete,6,complete,6
208698,4259,1,0,1,feasible,10,10,2,4,5,4,feasible,10,5,6,feasible,10,5,6,feasible,4,1,complete,16,complete,10,complete,10,complete,11
208741,4260,0,1,1,feasible,16,10,4,5,5,4,feasible,16,5,4,feasible,16,5,4,feasible,4,0,complete,16,complete,16,complete,16,complete,16
208796,4261,1,0,1,feasible,10,10,2,4,5,4,feasible,10,5,6,feasible,10,5,6,feasible,4,1,complete,16,complete,10,complete,11,complete,11
208839,4262,0,1,1,feasible,16,10,4,5,5,4,feasible,16,5,4,feasible,16,5,4,feasible,4,0,complete,16,complete,16,complete,16,complete,16
208888,4263,0,1,1,feasible,16,10,4,6,5,4,feasible,16,5,4,feasible,16,5,4,feasible,4,0,complete,16,complete,16,complete,16,complete,16
208944,4264,1,1,1,feasible,10,10,2,4,7,7,feasible,10,6,8,feasible,10,6,8,feasible,4,1,complete,16,complete,10,complete,10,complete,10
208987,4265,0,2,1,feasible,15,10,3,5,7,6,feasible,15,6,7,feasible,15,6,7,feasible,4,0,complete,20,complete,15,complete,15,complete,15
209041,4266,1,0,1,feasible,10,10,2,4,5,4,feasible,10,5,6,feasible,10,5,6,feasible,4,1,complete,16,complete,10,complete,10,complete,10
209097,4267,2,0,1,feasible,10,10,2,5,5,4,feasible,10,5,6,feasible,10,5,6,feasible,4,1,complete,20,complete,10,complete,10,complete,10
209134,4268,0,2,1,feasible,15,10,3,6,7,6,feasible,15,6,7,feasible,15,6,7,feasible,4,0,complete,20,complete,15,complete,15,complete,15
209195,4269,2,0,1,feasible,10,10,2,5,5,4,feasible,10,5,6,feasible,10,5,6,feasible,4,1,complete,20,complete,10,complete,15,complete,10
209232,4270,0,2,1,feasible,15,10,3,6,7,6,feasible,15,6,7,feasible,15,6,7,feasible,4,0,complete,20,complete,15,complete,20,complete,15
209281,4271,0,2,1,feasible,20,10,4,7,5,4,feasible,20,5,4,feasible,20,5,4,feasible,4,0,complete,20,complete,20,complete,20,complete,20
209328,4272,0,0,1,feasible,6,6,2,3,7,7,feasible,6,6,8,feasible,6,6,8,feasible,4,1,complete,12,complete,6,complete,6,complete,6
209377,4273,0,0,1,feasible,16,10,4,4,5,4,feasible,16,5,4,feasible,16,5,4,feasible,4,0,complete,16,complete,16,complete,16,complete,16
209426,4274,0,0,1,feasible,6,6,2,3,7,7,feasible,6,6,8,feasible,6,6,8,feasible,4,1,complete,12,complete,6,complete,6,complete,6
209475,4275,0,0,1,feasible,16,10,4,4,5,4,feasible,16,5,4,feasible,16,5,4,feasible,4,0,complete,16,complete,16,complete,16,complete,16
209524,4276,0,0,1,feasible,16,10,4,5,5,4,feasible,16,5,4,feasible,16,5,4,feasible,4,0,complete,16,complete,16,complete,16,complete,16
209573,4277,0,0,1,feasible,16,10,4,4,5,4,feasible,16,5,4,feasible,16,5,4,feasible,4,0,complete,16,complete,16,complete,16,complete,16
209622,4278,0,0,1,feasible,16,10,4,5,5,4,feasible,16,5,4,feasible,16,5,4,feasible,4,0,complete,16,complete,16,complete,16,complete,16
209671,4279,0,0,1,feasible,16,10,4,6,5,4,feasible,16,5,4,feasible,16,5,4,feasible,4,0,complete,16,complete,16,complete,16,complete,16
209727,4280,1,0,1,feasible,10,10,2,4,7,7,feasible,10,6,8,feasible,10,6,8,feasible,4,1,complete,16,complete,10,complete,10,complete,10
209776,4281,1,0,1,feasible,20,10,4,5,5,4,feasible,20,5,4,feasible,20,5,4,feasible,4,0,complete,20,complete,20,complete,20,complete,20
209825,4282,1,0,1,feasible,10,10,2,4,7,7,feasible,10,6,8,feasible,10,6,8,feasible,4,1,complete,16,complete,10,complete,10,complete,10
209874,4283,1,0,1,feasible,20,10,4,5,5,4,feasible,20,5,4,feasible,20,5,4,feasible,4,0,complete,20,complete,20,complete,20,complete,20
209923,4284,1,0,1,feasible,20,10,4,6,5,4,feasible,20,5,4,feasible,20,5,4,feasible,4,0,complete,20,complete,20,complete,20,complete,20
209972,4285,1,0,1,feasible,20,10,4,5,5,4,feasible,20,5,4,feasible,20,5,4,feasible,4,0,complete,20,complete,20,complete,20,complete,20
210021,4286,1,0,1,feasible,20,10,4,6,5,4,feasible,20,5,4,feasible,20,5,4,feasible,4,0,complete,20,complete,20,complete,20,complete,20
210070,4287,1,0,1,feasible,20,10,4,7,5,4,feasible,20,5,4,feasible,20,5,4,feasible,4,0,complete,20,complete,20,complete,20,complete,20
210126,4288,2,0,1,feasible,10,10,2,5,7,7,feasible,10,6,8,feasible,10,6,8,feasible,4,1,complete,16,complete,10,complete,10,complete,10
210163,4289,0,2,1,feasible,15,10,3,6,7,6,feasible,15,6,7,feasible,15,6,7,feasible,4,0,complete,20,complete,15,complete,15,complete,15
210224,4290,2,0,1,feasible,10,10,2,5,7,7,feasible,10,6,8,feasible,10,6,8,feasible,4,1,complete,16,complete,10,complete,10,complete,10
210261,4291,0,2,1,feasible,15,10,3,6,7,6,feasible,15,6,7,feasible,15,6,7,feasible,4,0,complete,20,complete,15,complete,15,complete,15
210310,4292,0,2,1,feasible,20,10,4,7,5,4,feasible,20,5,4,feasible,20,5,4,feasible,4,0,complete,20,complete,20,complete,20,complete,20
210359,4293,0,2,1,feasible,15,10,3,6,7,6,feasible,15,6,7,feasible,15,6,7,feasible,4,0,complete,20,complete,15,complete,15,complete,15
210408,4294,0,2,1,feasible,20,10,4,7,5,4,feasible,20,5,4,feasible,20,5,4,feasible,4,0,complete,20,complete,20,complete,20,complete,20
210457,4295,0,2,1,feasible,20,14,4,8,5,4,feasible,20,5,4,feasible,20,5,4,feasible,4,0,complete,20,complete,20,complete,20,complete,20
210511,4296,1,0,1,feasible,10,10,2,4,9,9,feasible,10,7,11,feasible,10,7,11,feasible,4,1,complete,16,complete,10,complete,11,complete,10
210560,4297,1,0,1,feasible,15,10,3,5,7,6,feasible,15,6,7,feasible,15,6,7,feasible,4,0,complete,20,complete,15,complete,15,complete,15
210609,4298,1,0,1,feasible,10,10,2,4,9,9,feasible,10,7,11,feasible,10,7,11,feasible,4,1,complete,16,complete,10,complete,10,complete,10
210658,4299,1,0,1,feasible,15,10,3,5,7,6,feasible,15,6,7,feasible,15,6,7,feasible,4,0,complete,20,complete,15,complete,15,complete,15
210707,4300,1,0,1,feasible,15,10,3,6,7,6,feasible,15,6,7,feasible,15,6,7,feasible,4,0,complete,20,complete,15,complete,15,complete,15
210756,4301,1,0,1,feasible,15,10,3,5,7,6,feasible,15,6,7,feasible,15,6,7,feasible,4,0,complete,20,complete,15,complete,15,complete,15
210805,4302,1,0,1,feasible,15,10,3,6,7,6,feasible,15,6,7,feasible,15,6,7,feasible,4,0,complete,20,complete,15,complete,15,complete,15
210854,4303,1,0,1,feasible,15,10,3,7,7,6,feasible,15,6,7,feasible,15,6,7,feasible,4,0,complete,20,complete,15,complete,15,complete,15
210910,4304,2,0,1,feasible,10,10,2,5,9,9,feasible,10,7,11,feasible,10,7,11,feasible,4,1,complete,16,complete,10,complete,11,complete,10
210947,4305,0,2,1,feasible,15,10,3,6,7,6,feasible,15,6,7,feasible,15,6,7,feasible,4,0,complete,20,complete,15,complete,20,complete,15
211008,4306,2,0,1,feasible,10,10,2,5,9,9,feasible,10,7,11,feasible,10,7,11,feasible,4,1,complete,16,complete,10,complete,10,complete,10
211045,4307,0,2,1,feasible,15,10,3,6,7,6,feasible,15,6,7,feasible,15,6,7,feasible,4,0,complete,20,complete,15,complete,15,complete,15
211106,4308,2,0,1,feasible,15,10,3,7,7,6,feasible,15,6,7,feasible,15,6,7,feasible,4,0,complete,20,complete,15,complete,15,complete,15
211143,4309,0,2,1,feasible,15,10,3,6,7,6,feasible,15,6,7,feasible,15,6,7,feasible,4,0,complete,20,complete,15,complete,15,complete,15
211204,4310,2,0,1,feasible,15,10,3,7,7,6,feasible,15,6,7,feasible,15,6,7,feasible,4,0,complete,20,complete,15,complete,15,complete,15
211253,4311,2,0,1,feasible,15,14,3,8,7,6,feasible,15,6,7,feasible,15,6,7,feasible,4,0,complete,20,complete,15,complete,15,complete,15
211290,4312,0,2,1,feasible,15,10,3,6,7,6,feasible,15,6,7,feasible,15,6,7,feasible,4,0,complete,16,complete,15,complete,16,complete,15
211339,4313,0,2,1,feasible,20,10,4,7,5,4,feasible,20,5,4,feasible,20,5,4,feasible,4,0,complete,20,complete,20,complete,20,complete,20
211388,4314,0,2,1,feasible,15,10,3,6,7,6,feasible,15,6,7,feasible,15,6,7,feasible,4,0,complete,16,complete,15,complete,15,complete,15
211437,4315,0,2,1,feasible,20,10,4,7,5,4,feasible,20,5,4,feasible,20,5,4,feasible,4,0,complete,20,complete,20,complete,20,complete,20
211486,4316,0,2,1,feasible,20,14,4,8,5,4,feasible,20,5,4,feasible,20,5,4,feasible,4,0,complete,20,complete,20,complete,20,complete,20
211535,4317,0,2,1,feasible,20,10,4,7,5,4,feasible,20,5,4,feasible,20,5,4,feasible,4,0,complete,20,complete,20,complete,20,complete,20
211584,4318,0,2,1,feasible,20,14,4,8,5,4,feasible,20,5,4,feasible,20,5,4,feasible,4,0,complete,20,complete,20,complete,20,complete,20
211652,4319,3,0,1,feasible,15,14,3,9,7,6,feasible,15,6,7,feasible,15,6,7,feasible,4,0,complete,20,complete,15,complete,15,complete,15
211683,4320,0,3,1,feasible,6,6,2,4,6,6,feasible,6,5,6,feasible,6,5,6,feasible,3,1,complete,11,complete,11,complete,11,complete,6
211732,4321,0,3,1,feasible,15,10,3,5,4,3,feasible,15,4,3,feasible,15,4,3,feasible,3,0,complete,15,complete,15,complete,15,complete,15
211780,4322,0,2,1,feasible,6,6,2,4,6,6,feasible,6,5,6,feasible,6,5,6,feasible,3,1,complete,11,complete,11,complete,11,complete,6
211829,4323,0,2,1,feasible,15,10,3,5,4,3,feasible,15,4,3,feasible,15,4,3,feasible,3,0,complete,15,complete,15,complete,15,complete,15
211878,4324,0,2,1,feasible,15,10,3,6,4,3,feasible,15,4,3,feasible,15,4,3,feasible,3,0,complete,15,complete,15,complete,15,complete,15
211933,4325,1,1,1,feasible,10,10,2,5,4,3,feasible,10,4,4,feasible,10,4,4,feasible,3,1,complete,15,complete,10,complete,10,complete,10
211976,4326,0,2,1,feasible,15,10,3,6,4,3,feasible,15,4,3,feasible,15,4,3,feasible,3,0,complete,15,complete,15,complete,15,complete,15
212025,4327,0,2,1,feasible,15,10,3,7,4,3,feasible,15,4,3,feasible,15,4,3,feasible,3,0,complete,15,complete,15,complete,15,complete,15
212074,4328,0,2,1,feasible,6,6,2,4,9,10,feasible,6,7,11,feasible,6,7,11,feasible,4,1,complete,12,complete,11,complete,11,complete,6
212123,4329,0,2,1,feasible,15,10,3,5,7,7,feasible,15,6,7,feasible,15,6,7,feasible,4,0,complete,16,complete,15,complete,15,complete,16
212171,4330,0,1,1,feasible,6,6,2,4,7,7,feasible,6,6,8,feasible,6,6,8,feasible,4,1,complete,12,complete,6,complete,6,complete,6
212220,4331,0,1,1,feasible,16,10,4,5,5,4,feasible,16,5,4,feasible,16,5,4,feasible,4,0,complete,16,complete,16,complete,16,complete,16
212269,4332,0,1,1,feasible,16,10,4,6,5,4,feasible,16,5,4,feasible,16,5,4,feasible,4,0,complete,16,complete,16,complete,16,complete,16
212324,4333,1,0,1,feasible,10,10,2,5,5,4,feasible,10,5,6,feasible,10,5,6,feasible,4,1,complete,16,complete,10,complete,11,complete,11
212367,4334,0,1,1,feasible,16,10,4,6,5,4,feasible,16,5,4,feasible,16,5,4,feasible,4,0,complete,16,complete,16,complete,16,complete,16
212416,4335,0,1,1,feasible,16,10,4,7,5,4,feasible,16,5,4,feasible,16,5,4,feasible,4,0,complete,16,complete,16,complete,16,complete,16
212466,4336,0,2,1,feasible,15,10,3,5,5,4,feasible,15,5,5,feasible,15,5,5,feasible,4,0,complete,16,complete,15,complete,15,complete,15
212515,4337,0,2,1,feasible,15,10,3,6,5,4,feasible,15,5,5,feasible,15,5,5,feasible,4,0,complete,20,complete,15,complete,15,complete,15
212570,4338,1,1,1,feasible,10,10,2,5,7,7,feasible,10,6,8,feasible,10,6,8,feasible,4,1,complete,16,complete,10,complete,10,complete,10
212613,4339,0,2,1,feasible,15,10,3,6,5,4,feasible,15,5,5,feasible,15,5,5,feasible,4,0,complete,20,complete,15,complete,15,complete,15
212662,4340,0,2,1,feasible,15,10,3,7,5,4,feasible,15,5,5,feasible,15,5,5,feasible,4,0,complete,20,complete,15,complete,15,complete,15
212723,4341,2,0,1,feasible,10,10,2,6,5,4,feasible,10,5,6,feasible,10,5,6,feasible,4,1,complete,20,complete,10,complete,15,complete,10
212760,4342,0,2,1,feasible,15,10,3,7,5,4,feasible,15,5,5,feasible,15,5,5,feasible,4,0,complete,20,complete,15,complete,20,complete,15
212815,4343,1,1,1,feasible,20,10,4,8,5,4,feasible,20,5,4,feasible,20,5,4,feasible,4,0,complete,20,complete,20,complete,20,complete,20
212857,4344,0,1,1,feasible,6,6,2,4,7,7,feasible,6,6,8,feasible,6,6,8,feasible,4,1,complete,12,complete,6,complete,6,complete,6
212906,4345,0,1,1,feasible,16,10,4,5,5,4,feasible,16,5,4,feasible,16,5,4,feasible,4,0,complete,16,complete,16,complete,16,complete,16
212954,4346,0,0,1,feasible,6,6,2,4,7,7,feasible,6,6,8,feasible,6,6,8,feasible,4,1,complete,12,complete,6,complete,6,complete,6
213003,4347,0,0,1,feasible,16,10,4,5,5,4,feasible,16,5,4,feasible,16,5,4,feasible,4,0,complete,16,complete,16,complete,16,complete,16
213052,4348,0,0,1,feasible,16,10,4,6,5,4,feasible,16,5,4,feasible,16,5,4,feasible,4,0,complete,16,complete,16,complete,16,complete,16
213101,4349,0,0,1,feasible,16,10,4,5,5,4,feasible,16,5,4,feasible,16,5,4,feasible,4,0,complete,16,complete,16,complete,16,complete,16
213150,4350,0,0,1,feasible,16,10,4,6,5,4,feasible,16,5,4,feasible,16,5,4,feasible,4,0,complete,16,complete,16,complete,16,complete,16
213199,4351,0,0,1,feasible,16,10,4,7,5,4,feasible,16,5,4,feasible,16,5,4,feasible,4,0,complete,16,complete,16,complete,16,complete,16
213256,4352,1,1,1,feasible,10,10,2,5,7,7,feasible,10,6,8,feasible,10,6,8,feasible,4,1,complete,16,complete,10,complete,10,complete,10
213299,4353,0,2,1,feasible,15,10,3,6,7,6,feasible,15,6,7,feasible,15,6,7,feasible,4,0,complete,20,complete,15,complete,15,complete,15
213353,4354,1,0,1,feasible,10,10,2,5,7,7,feasible,10,6,8,feasible,10,6,8,feasible,4,1,complete,16,complete,10,complete,10,complete,10
213402,4355,1,0,1,feasible,20,10,4,6,5,4,feasible,20,5,4,feasible,20,5,4,feasible,4,0,complete,20,complete,20,complete,20,complete,20
213451,4356,1,0,1,feasible,20,10,4,7,5,4,feasible,20,5,4,feasible,20,5,4,feasible,4,0,complete,20,complete,20,complete,20,complete,20
213500,4357,1,0,1,feasible,20,10,4,6,5,4,feasible,20,5,4,feasible,20,5,4,feasible,4,0,complete,20,complete,20,complete,20,complete,20
213549,4358,1,0,1,feasible,20,10,4,7,5,4,feasible,20,5,4,feasible,20,5,4,feasible,4,0,complete,20,complete,20,complete,20,complete,20
213598,4359,1,0,1,feasible,20,10,4,8,5,4,feasible,20,5,4,feasible,20,5,4,feasible,4,0,complete,20,complete,20,complete,20,complete,20
213642,4360,0,2,1,feasible,15,10,3,6,7,6,feasible,15,6,7,feasible,15,6,7,feasible,4,0,complete,16,complete,15,complete,15,complete,15
213691,4361,0,2,1,feasible,15,10,3,7,7,6,feasible,15,6,7,feasible,15,6,7,feasible,4,0,complete,20,complete,15,complete,15,complete,15
213752,4362,2,0,1,feasible,10,10,2,6,7,7,feasible,10,6,8,feasible,10,6,8,feasible,4,1,complete,16,complete,10,complete,10,complete,10
213789,4363,0,2,1,feasible,15,10,3,7,7,6,feasible,15,6,7,feasible,15,6,7,feasible,4,0,complete,20,complete,15,complete,15,complete,15
213838,4364,0,2,1,feasible,20,10,4,8,5,4,feasible,20,5,4,feasible,20,5,4,feasible,4,0,complete,20,complete,20,complete,20,complete,20
213887,4365,0,2,1,feasible,15,10,3,7,7,6,feasible,15,6,7,feasible,15,6,7,feasible,4,0,complete,20,complete,15,complete,15,complete,15
213936,4366,0,2,1,feasible,20,10,4,8,5,4,feasible,20,5,4,feasible,20,5,4,feasible,4,0,complete,20,complete,20,complete,20,complete,20
213985,4367,0,2,1,feasible,20,14,4,9,5,4,feasible,20,5,4,feasible,20,5,4,feasible,4,0,complete,20,complete,20,complete,20,complete,20
214039,4368,1,0,1,feasible,10,10,2,5,7,7,feasible,10,6,8,feasible,10,6,8,feasible,4,1,complete,16,complete,10,complete,16,complete,10
214088,4369,1,0,1,feasible,20,10,4,6,5,4,feasible,20,5,4,feasible,20,5,4,feasible,4,0,complete,20,complete,20,complete,20,complete,20
214137,4370,1,0,1,feasible,10,10,2,5,7,7,feasible,10,6,8,feasible,10,6,8,feasible,4,1,complete,16,complete,10,complete,10,complete,10
214186,4371,1,0,1,feasible,20,10,4,6,5,4,feasible,20,5,4,feasible,20,5,4,feasible,4,0,complete,20,complete,20,complete,20,complete,20
214235,4372,1,0,1,feasible,20,10,4,7,5,4,feasible,20,5,4,feasible,20,5,4,feasible,4,0,complete,20,complete,20,complete,20,complete,20
214284,4373,1,0,1,feasible,20,10,4,6,5,4,feasible,20,5,4,feasible,20,5,4,feasible,4,0,complete,20,complete,20,complete,20,complete,20
214333,4374,1,0,1,feasible,20,10,4,7,5,4,feasible,20,5,4,feasible,20,5,4,feasible,4,0,complete,20,complete,20,complete,20,complete,20
214382,4375,1,0,1,feasible,20,10,4,8,5,4,feasible,20,5,4,feasible,20,5,4,feasible,4,0,complete,20,complete,20,complete,20,complete,20
214438,4376,2,0,1,feasible,10,10,2,6,7,7,feasible,10,6,8,feasible,10,6,8,feasible,4,1,complete,16,complete,10,complete,16,complete,10
214475,4377,0,2,1,feasible,15,10,3,7,7,6,feasible,15,6,7,feasible,15,6,7,feasible,4,0,complete,20,complete,15,complete,20,complete,15
214536,4378,2,0,1,feasible,10,10,2,6,7,7,feasible,10,6,8,feasible,10,6,8,feasible,4,1,complete,16,complete,10,complete,10,complete,10
214573,4379,0,2,1,feasible,15,10,3,7,7,6,feasible,15,6,7,feasible,15,6,7,feasible,4,0,complete,20,complete,15,complete,15,complete,15
214622,4380,0,2,1,feasible,20,10,4,8,5,4,feasible,20,5,4,feasible,20,5,4,feasible,4,0,complete,20,complete,20,complete,20,complete,20
214671,4381,0,2,1,feasible,15,10,3,7,7,6,feasible,15,6,7,feasible,15,6,7,feasible,4,0,complete,20,complete,15,complete,15,complete,15
214720,4382,0,2,1,feasible,20,10,4,8,5,4,feasible,20,5,4,feasible,20,5,4,feasible,4,0,complete,20,complete,20,complete,20,complete,20
214769,4383,0,2,1,feasible,20,14,4,9,5,4,feasible,20,5,4,feasible,20,5,4,feasible,4,0,complete,20,complete,20,complete,20,complete,20
214818,4384,0,2,1,feasible,15,10,3,7,7,6,feasible,15,6,7,feasible,15,6,7,feasible,4,0,complete,16,complete,15,complete,16,complete,15
214867,4385,0,2,1,feasible,20,10,4,8,5,4,feasible,20,5,4,feasible,20,5,4,feasible,4,0,complete,20,complete,20,complete,20,complete,20
214916,4386,0,2,1,feasible,15,10,3,7,7,6,feasible,15,6,7,feasible,15,6,7,feasible,4,0,complete,16,complete,15,complete,15,complete,15
214965,4387,0,2,1,feasible,20,10,4,8,5,4,feasible,20,5,4,feasible,20,5,4,feasible,4,0,complete,20,complete,20,complete,20,complete,20
215014,4388,0,2,1,feasible,20,14,4,9,5,4,feasible,20,5,4,feasible,20,5,4,feasible,4,0,complete,20,complete,20,complete,20,complete,20
215063,4389,0,2,1,feasible,20,10,4,8,5,4,feasible,20,5,4,feasible,20,5,4,feasible,4,0,complete,20,complete,20,complete,20,complete,20
215112,4390,0,2,1,feasible,20,14,4,9,5,4,feasible,20,5,4,feasible,20,5,4,feasible,4,0,complete,20,complete,20,complete,20,complete,20
215168,4391,1,2,1,feasible,20,14,4,10,5,4,feasible,20,5,4,feasible,20,5,4,feasible,4,0,complete,20,complete,20,complete,20,complete,20
215210,4392,0,2,1,feasible,6,6,2,3,6,6,feasible,6,5,6,feasible,6,5,6,feasible,3,1,complete,11,complete,11,complete,11,complete,6
215259,4393,0,2,1,feasible,15,10,3,4,4,3,feasible,15,4,3,feasible,15,4,3,feasible,3,0,complete,15,complete,15,complete,15,complete,15
215307,4394,0,1,1,feasible,6,6,2,3,4,3,feasible,6,4,4,feasible,6,4,4,feasible,3,1,complete,11,complete,6,complete,6,complete,6
215363,4395,1,1,1,feasible,10,10,2,4,4,3,feasible,10,4,4,feasible,10,4,4,feasible,3,1,complete,15,complete,10,complete,10,complete,10
215406,4396,0,2,1,feasible,15,10,3,5,4,3,feasible,15,4,3,feasible,15,4,3,feasible,3,0,complete,15,complete,15,complete,15,complete,15
215460,4397,1,0,1,feasible,10,10,2,4,4,3,feasible,10,4,4,feasible,10,4,4,feasible,3,1,complete,15,complete,10,complete,10,complete,10
215516,4398,2,0,1,feasible,10,10,2,5,4,3,feasible,10,4,4,feasible,10,4,4,feasible,3,1,complete,15,complete,10,complete,10,complete,10
215553,4399,0,2,1,feasible,15,10,3,6,4,3,feasible,15,4,3,feasible,15,4,3,feasible,3,0,complete,15,complete,15,complete,15,complete,15
215601,4400,0,1,1,feasible,6,6,2,3,7,7,feasible,6,6,8,feasible,6,6,8,feasible,4,1,complete,12,complete,6,complete,6,complete,6
215650,4401,0,1,1,feasible,16,10,4,4,5,4,feasible,16,5,4,feasible,16,5,4,feasible,4,0,complete,16,complete,16,complete,16,complete,16
215698,4402,0,0,1,feasible,6,6,2,3,5,4,feasible,6,5,6,feasible,6,5,6,feasible,4,1,complete,12,complete,6,complete,6,complete,6
215754,4403,1,0,1,feasible,10,10,2,4,5,4,feasible,10,5,6,feasible,10,5,6,feasible,4,1,complete,16,complete,10,complete,10,complete,11
215797,4404,0,1,1,feasible,16,10,4,5,5,4,feasible,16,5,4,feasible,16,5,4,feasible,4,0,complete,16,complete,16,complete,16,complete,16
215852,4405,1,0,1,feasible,10,10,2,4,5,4,feasible,10,5,6,feasible,10,5,6,feasible,4,1,complete,16,complete,10,complete,11,complete,11
215895,4406,0,1,1,feasible,16,10,4,5,5,4,feasible,16,5,4,feasible,16,5,4,feasible,4,0,complete,16,complete,16,complete,16,complete,16
215944,4407,0,1,1,feasible,16,10,4,6,5,4,feasible,16,5,4,feasible,16,5,4,feasible,4,0,complete,16,complete,16,complete,16,complete,16
216000,4408,1,1,1,feasible,10,10,2,4,7,7,feasible,10,6,8,feasible,10,6,8,feasible,4,1,complete,16,complete,10,complete,10,complete,10
216043,4409,0,2,1,feasible,15,10,3,5,7,6,feasible,15,6,7,feasible,15,6,7,feasible,4,0,complete,20,complete,15,complete,15,complete,15
216097,4410,1,0,1,feasible,10,10,2,4,5,4,feasible,10,5,6,feasible,10,5,6,feasible,4,1,complete,16,complete,10,complete,10,complete,10
216153,4411,2,0,1,feasible,10,10,2,5,5,4,feasible,10,5,6,feasible,10,5,6,feasible,4,1,complete,20,complete,10,complete,10,complete,10
216190,4412,0,2,1,feasible,15,10,3,6,7,6,feasible,15,6,7,feasible,15,6,7,feasible,4,0,complete,20,complete,15,complete,15,complete,15
216251,4413,2,0,1,feasible,10,10,2,5,5,4,feasible,10,5,6,feasible,10,5,6,feasible,4,1,complete,20,complete,10,complete,15,complete,10
216288,4414,0,2,1,feasible,15,10,3,6,7,6,feasible,15,6,7,feasible,15,6,7,feasible,4,0,complete,20,complete,15,complete,20,complete,15
216337,4415,0,2,1,feasible,20,10,4,7,5,4,feasible,20,5,4,feasible,20,5,4,feasible,4,0,complete,20,complete,20,complete,20,complete,20
216384,4416,0,0,1,feasible,6,6,2,3,7,7,feasible,6,6,8,feasible,6,6,8,feasible,4,1,complete,12,complete,6,complete,6,complete,6
216433,4417,0,0,1,feasible,16,10,4,4,5,4,feasible,16,5,4,feasible,16,5,4,feasible,4,0,complete,16,complete,16,complete,16,complete,16
216482,4418,0,0,1,feasible,6,6,2,3,7,7,feasible,6,6,8,feasible,6,6,8,feasible,4,1,complete,12,complete,6,complete,6,complete,6
216531,4419,0,0,1,feasible,16,10,4,4,5,4,feasible,16,5,4,feasible,16,5,4,feasible,4,0,complete,16,complete,16,complete,16,complete,16
216580,4420,0,0,1,feasible,16,10,4,5,5,4,feasible,16,5,4,feasible,16,5,4,feasible,4,0,complete,16,complete,16,complete,16,complete,16
216629,4421,0,0,1,feasible,16,10,4,4,5,4,feasible,16,5,4,feasible,16,5,4,feasible,4,0,complete,16,complete,16,complete,16,complete,16
216678,4422,0,0,1,feasible,16,10,4,5,5,4,feasible,16,5,4,feasible,16,5,4,feasible,4,0,complete,16,complete,16,complete,16,complete,16
216727,4423,0,0,1,feasible,16,10,4,6,5,4,feasible,16,5,4,feasible,16,5,4,feasible,4,0,complete,16,complete,16,complete,16,complete,16
216783,4424,1,0,1,feasible,10,10,2,4,7,7,feasible,10,6,8,feasible,10,6,8,feasible,4,1,complete,16,complete,10,complete,10,complete,10
216832,4425,1,0,1,feasible,20,10,4,5,5,4,feasible,20,5,4,feasible,20,5,4,feasible,4,0,complete,20,complete,20,complete,20,complete,20
216881,4426,1,0,1,feasible,10,10,2,4,7,7,feasible,10,6,8,feasible,10,6,8,feasible,4,1,complete,16,complete,10,complete,10,complete,10
216930,4427,1,0,1,feasible,20,10,4,5,5,4,feasible,20,5,4,feasible,20,5,4,feasible,4,0,complete,20,complete,20,complete,20,complete,20
216979,4428,1,0,1,feasible,20,10,4,6,5,4,feasible,20,5,4,feasible,20,5,4,feasible,4,0,complete,20,complete,20,complete,20,complete,20
217028,4429,1,0,1,feasible,20,10,4,5,5,4,feasible,20,5,4,feasible,20,5,4,feasible,4,0,complete,20,complete,20,complete,20,complete,20
217077,4430,1,0,1,feasible,20,10,4,6,5,4,feasible,20,5,4,feasible,20,5,4,feasible,4,0,complete,20,complete,20,complete,20,complete,20
217126,4431,1,0,1,feasible,20,10,4,7,5,4,feasible,20,5,4,feasible,20,5,4,feasible,4,0,complete,20,complete,20,complete,20,complete,20
217182,4432,2,0,1,feasible,10,10,2,5,7,7,feasible,10,6,8,feasible,10,6,8,feasible,4,1,complete,16,complete,10,complete,10,complete,10
217219,4433,0,2,1,feasible,15,10,3,6,7,6,feasible,15,6,7,feasible,15,6,7,feasible,4,0,complete,20,complete,15,complete,15,complete,15
217280,4434,2,0,1,feasible,10,10,2,5,7,7,feasible,10,6,8,feasible,10,6,8,feasible,4,1,complete,16,complete,10,complete,10,complete,10
217317,4435,0,2,1,feasible,15,10,3,6,7,6,feasible,15,6,7,feasible,15,6,7,feasible,4,0,complete,20,complete,15,complete,15,complete,15
217366,4436,0,2,1,feasible,20,10,4,7,5,4,feasible,20,5,4,feasible,20,5,4,feasible,4,0,complete,20,complete,20,complete,20,complete,20
217415,4437,0,2,1,feasible,15,10,3,6,7,6,feasible,15,6,7,feasible,15,6,7,feasible,4,0,complete,20,complete,15,complete,15,complete,15
217464,4438,0,2,1,feasible,20,10,4,7,5,4,feasible,20,5,4,feasible,20,5,4,feasible,4,0,complete,20,complete,20,complete,20,complete,20
217513,4439,0,2,1,feasible,20,14,4,8,5,4,feasible,20,5,4,feasible,20,5,4,feasible,4,0,complete,20,complete,20,complete,20,complete,20
217567,4440,1,0,1,feasible,10,10,2,4,9,9,feasible,10,7,11,feasible,10,7,11,feasible,4,1,complete,16,complete,10,complete,11,complete,10
217616,4441,1,0,1,feasible,15,10,3,5,7,6,feasible,15,6,7,feasible,15,6,7,feasible,4,0,complete,20,complete,15,complete,15,complete,15
217665,4442,1,0,1,feasible,10,10,2,4,9,9,feasible,10,7,11,feasible,10,7,11,feasible,4,1,complete,16,complete,10,complete,10,complete,10
217714,4443,1,0,1,feasible,15,10,3,5,7,6,feasible,15,6,7,feasible,15,6,7,feasible,4,0,complete,20,complete,15,complete,15,complete,15
217763,4444,1,0,1,feasible,15,10,3,6,7,6,feasible,15,6,7,feasible,15,6,7,feasible,4,0,complete,20,complete,15,complete,15,complete,15
217812,4445,1,0,1,feasible,15,10,3,5,7,6,feasible,15,6,7,feasible,15,6,7,feasible,4,0,complete,20,complete,15,complete,15,complete,15
217861,4446,1,0,1,feasible,15,10,3,6,7,6,feasible,15,6,7,feasible,15,6,7,feasible,4,0,complete,20,complete,15,complete,15,complete,15
217910,4447,1,0,1,feasible,15,10,3,7,7,6,feasible,15,6,7,feasible,15,6,7,feasible,4,0,complete,20,complete,15,complete,15,complete,15
217966,4448,2,0,1,feasible,10,10,2,5,9,9,feasible,10,7,11,feasible,10,7,11,feasible,4,1,complete,16,complete,10,complete,11,complete,10
218003,4449,0,2,1,feasible,15,10,3,6,7,6,feasible,15,6,7,feasible,15,6,7,feasible,4,0,complete,20,complete,15,complete,20,complete,15
218064,4450,2,0,1,feasible,10,10,2,5,9,9,feasible,10,7,11,feasible,10,7,11,feasible,4,1,complete,16,complete,10,complete,10,complete,10
218101,4451,0,2,1,feasible,15,10,3,6,7,6,feasible,15,6,7,feasible,15,6,7,feasible,4,0,complete,20,complete,15,complete,15,complete,15
218162,4452,2,0,1,feasible,15,10,3,7,7,6,feasible,15,6,7,feasible,15,6,7,feasible,4,0,complete,20,complete,15,complete,15,complete,15
218199,4453,0,2,1,feasible,15,10,3,6,7,6,feasible,15,6,7,feasible,15,6,7,feasible,4,0,complete,20,complete,15,complete,15,complete,15
218260,4454,2,0,1,feasible,15,10,3,7,7,6,feasible,15,6,7,feasible,15,6,7,feasible,4,0,complete,20,complete,15,complete,15,complete,15
218309,4455,2,0,1,feasible,15,14,3,8,7,6,feasible,15,6,7,feasible,15,6,7,feasible,4,0,complete,20,complete,15,complete,15,complete,15
218346,4456,0,2,1,feasible,15,10,3,6,7,6,feasible,15,6,7,feasible,15,6,7,feasible,4,0,complete,16,complete,15,complete,16,complete,15
218395,4457,0,2,1,feasible,20,10,4,7,5,4,feasible,20,5,4,feasible,20,5,4,feasible,4,0,complete,20,complete,20,complete,20,complete,20
218444,4458,0,2,1,feasible,15,10,3,6,7,6,feasible,15,6,7,feasible,15,6,7,feasible,4,0,complete,16,complete,15,complete,15,complete,15
218493,4459,0,2,1,feasible,20,10,4,7,5,4,feasible,20,5,4,feasible,20,5,4,feasible,4,0,complete,20,complete,20,complete,20,complete,20
218542,4460,0,2,1,feasible,20,14,4,8,5,4,feasible,20,5,4,feasible,20,5,4,feasible,4,0,complete,20,complete,20,complete,20,complete,20
218591,4461,0,2,1,feasible,20,10,4,7,5,4,feasible,20,5,4,feasible,20,5,4,feasible,4,0,complete,20,complete,20,complete,20,complete,20
218640,4462,0,2,1,feasible,20,14,4,8,5,4,feasible,20,5,4,feasible,20,5,4,feasible,4,0,complete,20,complete,20,complete,20,complete,20
218689,4463,0,2,1,feasible,20,14,4,9,5,4,feasible,20,5,4,feasible,20,5,4,feasible,4,0,complete,20,complete,20,complete,20,complete,20
218739,4464,0,3,1,feasible,6,6,2,4,6,6,feasible,6,5,6,feasible,6,5,6,feasible,3,1,complete,11,complete,11,complete,11,complete,6
218788,4465,0,3,1,feasible,15,10,3,5,4,3,feasible,15,4,3,feasible,15,4,3,feasible,3,0,complete,15,complete,15,complete,15,complete,15
218836,4466,0,2,1,feasible,6,6,2,4,6,6,feasible,6,5,6,feasible,6,5,6,feasible,3,1,complete,11,complete,11,complete,11,complete,6
218885,4467,0,2,1,feasible,15,10,3,5,4,3,feasible,15,4,3,feasible,15,4,3,feasible,3,0,complete,15,complete,15,complete,15,complete,15
218934,4468,0,2,1,feasible,15,10,3,6,4,3,feasible,15,4,3,feasible,15,4,3,feasible,3,0,complete,15,complete,15,complete,15,complete,15
218989,4469,1,1,1,feasible,10,10,2,5,4,3,feasible,10,4,4,feasible,10,4,4,feasible,3,1,complete,15,complete,10,complete,10,complete,10
219032,4470,0,2,1,feasible,15,10,3,6,4,3,feasible,15,4,3,feasible,15,4,3,feasible,3,0,complete,15,complete,15,complete,15,complete,15
219081,4471,0,2,1,feasible,15,10,3,7,4,3,feasible,15,4,3,feasible,15,4,3,feasible,3,0,complete,15,complete,15,complete,15,complete,15
219130,4472,0,2,1,feasible,6,6,2,4,9,10,feasible,6,7,11,feasible,6,7,11,feasible,4,1,complete,12,complete,11,complete,11,complete,6
219179,4473,0,2,1,feasible,15,10,3,5,7,7,feasible,15,6,7,feasible,15,6,7,feasible,4,0,complete,16,complete,15,complete,15,complete,16
219227,4474,0,1,1,feasible,6,6,2,4,7,7,feasible,6,6,8,feasible,6,6,8,feasible,4,1,complete,12,complete,6,complete,6,complete,6
219276,4475,0,1,1,feasible,16,10,4,5,5,4,feasible,16,5,4,feasible,16,5,4,feasible,4,0,complete,16,complete,16,complete,16,complete,16
219325,4476,0,1,1,feasible,16,10,4,6,5,4,feasible,16,5,4,feasible,16,5,4,feasible,4,0,complete,16,complete,16,complete,16,complete,16
219380,4477,1,0,1,feasible,10,10,2,5,5,4,feasible,10,5,6,feasible,10,5,6,feasible,4,1,complete,16,complete,10,complete,11,complete,11
219423,4478,0,1,1,feasible,16,10,4,6,5,4,feasible,16,5,4,feasible,16,5,4,feasible,4,0,complete,16,complete,16,complete,16,complete,16
219472,4479,0,1,1,feasible,16,10,4,7,5,4,feasible,16,5,4,feasible,16,5,4,feasible,4,0,complete,16,complete,16,complete,16,complete,16
219522,4480,0,2,1,feasible,15,10,3,5,5,4,feasible,15,5,5,feasible,15,5,5,feasible,4,0,complete,16,complete,15,complete,15,complete,15
219571,4481,0,2,1,feasible,15,10,3,6,5,4,feasible,15,5,5,feasible,15,5,5,feasible,4,0,complete,20,complete,15,complete,15,complete,15
219626,4482,1,1,1,feasible,10,10,2,5,7,7,feasible,10,6,8,feasible,10,6,8,feasible,4,1,complete,16,complete,10,complete,10,complete,10
219669,4483,0,2,1,feasible,15,10,3,6,5,4,feasible,15,5,5,feasible,15,5,5,feasible,4,0,complete,20,complete,15,complete,15,complete,15
219718,4484,0,2,1,feasible,15,10,3,7,5,4,feasible,15,5,5,feasible,15,5,5,feasible,4,0,complete,20,complete,15,complete,15,complete,15
219779,4485,2,0,1,feasible,10,10,2,6,5,4,feasible,10,5,6,feasible,10,5,6,feasible,4,1,complete,20,complete,10,complete,15,complete,10
219816,4486,0,2,1,feasible,15,10,3,7,5,4,feasible,15,5,5,feasible,15,5,5,feasible,4,0,complete,20,complete,15,complete,20,complete,15
219871,4487,1,1,1,feasible,20,10,4,8,5,4,feasible,20,5,4,feasible,20,5,4,feasible,4,0,complete,20,complete,20,complete,20,complete,20
219913,4488,0,1,1,feasible,6,6,2,4,7,7,feasible,6,6,8,feasible,6,6,8,feasible,4,1,complete,12,complete,6,complete,6,complete,6
219962,4489,0,1,1,feasible,16,10,4,5,5,4,feasible,16,5,4,feasible,16,5,4,feasible,4,0,complete,16,complete,16,complete,16,complete,16
220010,4490,0,0,1,feasible,6,6,2,4,7,7,feasible,6,6,8,feasible,6,6,8,feasible,4,1,complete,12,complete,6,complete,6,complete,6
220059,4491,0,0,1,feasible,16,10,4,5,5,4,feasible,16,5,4,feasible,16,5,4,feasible,4,0,complete,16,complete,16,complete,16,complete,16
220108,4492,0,0,1,feasible,16,10,4,6,5,4,feasible,16,5,4,feasible,16,5,4,feasible,4,0,complete,16,complete,16,complete,16,complete,16
220157,4493,0,0,1,feasible,16,10,4,5,5,4,feasible,16,5,4,feasible,16,5,4,feasible,4,0,complete,16,complete,16,complete,16,complete,16
220206,4494,0,0,1,feasible,16,10,4,6,5,4,feasible,16,5,4,feasible,16,5,4,feasible,4,0,complete,16,complete,16,complete,16,complete,16
220255,4495,0,0,1,feasible,16,10,4,7,5,4,feasible,16,5,4,feasible,16,5,4,feasible,4,0,complete,16,complete,16,complete,16,complete,16
220312,4496,1,1,1,feasible,10,10,2,5,7,7,feasible,10,6,8,feasible,10,6,8,feasible,4,1,complete,16,complete,10,complete,10,complete,10
220355,4497,0,2,1,feasible,15,10,3,6,7,6,feasible,15,6,7,feasible,15,6,7,feasible,4,0,complete,20,complete,15,complete,15,complete,15
220409,4498,1,0,1,feasible,10,10,2,5,7,7,feasible,10,6,8,feasible,10,6,8,feasible,4,1,complete,16,complete,10,complete,10,complete,10
220458,4499,1,0,1,feasible,20,10,4,6,5,4,feasible,20,5,4,feasible,20,5,4,feasible,4,0,complete,20,complete,20,complete,20,complete,20
220507,4500,1,0,1,feasible,20,10,4,7,5,4,feasible,20,5,4,feasible,20,5,4,feasible,4,0,complete,20,complete,20,complete,20,complete,20
220556,4501,1,0,1,feasible,20,10,4,6,5,4,feasible,20,5,4,feasible,20,5,4,feasible,4,0,complete,20,complete,20,complete,20,complete,20
220605,4502,1,0,1,feasible,20,10,4,7,5,4,feasible,20,5,4,feasible,20,5,4,feasible,4,0,complete,20,complete,20,complete,20,complete,20
220654,4503,1,0,1,feasible,20,10,4,8,5,4,feasible,20,5,4,feasible,20,5,4,feasible,4,0,complete,20,complete,20,complete,20,complete,20
220698,4504,0,2,1,feasible,15,10,3,6,7,6,feasible,15,6,7,feasible,15,6,7,feasible,4,0,complete,16,complete,15,complete,15,complete,15
220747,4505,0,2,1,feasible,15,10,3,7,7,6,feasible,15,6,7,feasible,15,6,7,feasible,4,0,complete,20,complete,15,complete,15,complete,15
220808,4506,2,0,1,feasible,10,10,2,6,7,7,feasible,10,6,8,feasible,10,6,8,feasible,4,1,complete,16,complete,10,complete,10,complete,10
220845,4507,0,2,1,feasible,15,10,3,7,7,6,feasible,15,6,7,feasible,15,6,7,feasible,4,0,complete,20,complete,15,complete,15,complete,15
220894,4508,0,2,1,feasible,20,10,4,8,5,4,feasible,20,5,4,feasible,20,5,4,feasible,4,0,complete,20,complete,20,complete,20,complete,20
220943,4509,0,2,1,feasible,15,10,3,7,7,6,feasible,15,6,7,feasible,15,6,7,feasible,4,0,complete,20,complete,15,complete,15,complete,15
220992,4510,0,2,1,feasible,20,10,4,8,5,4,feasible,20,5,4,feasible,20,5,4,feasible,4,0,complete,20,complete,20,complete,20,complete,20
221041,4511,0,2,1,feasible,20,14,4,9,5,4,feasible,20,5,4,feasible,20,5,4,feasible,4,0,complete,20,complete,20,complete,20,complete,20
221095,4512,1,0,1,feasible,10,10,2,5,7,7,feasible,10,6,8,feasible,10,6,8,feasible,4,1,complete,16,complete,10,complete,16,complete,10
221144,4513,1,0,1,feasible,20,10,4,6,5,4,feasible,20,5,4,feasible,20,5,4,feasible,4,0,complete,20,complete,20,complete,20,complete,20
221193,4514,1,0,1,feasible,10,10,2,5,7,7,feasible,10,6,8,feasible,10,6,8,feasible,4,1,complete,16,complete,10,complete,10,complete,10
221242,4515,1,0,1,feasible,20,10,4,6,5,4,feasible,20,5,4,feasible,20,5,4,feasible,4,0,complete,20,complete,20,complete,20,complete,20
221291,4516,1,0,1,feasible,20,10,4,7,5,4,feasible,20,5,4,feasible,20,5,4,feasible,4,0,complete,20,complete,20,complete,20,complete,20
221340,4517,1,0,1,feasible,20,10,4,6,5,4,feasible,20,5,4,feasible,20,5,4,feasible,4,0,complete,20,complete,20,complete,20,complete,20
221389,4518,1,0,1,feasible,20,10,4,7,5,4,feasible,20,5,4,feasible,20,5,4,feasible,4,0,complete,20,complete,20,complete,20,complete,20
221438,4519,1,0,1,feasible,20,10,4,8,5,4,feasible,20,5,4,feasible,20,5,4,feasible,4,0,complete,20,complete,20,complete,20,complete,20
221494,4520,2,0,1,feasible,10,10,2,6,7,7,feasible,10,6,8,feasible,10,6,8,feasible,4,1,complete,16,complete,10,complete,16,complete,10
221531,4521,0,2,1,feasible,15,10,3,7,7,6,feasible,15,6,7,feasible,15,6,7,feasible,4,0,complete,20,complete,15,complete,20,complete,15
221592,4522,2,0,1,feasible,10,10,2,6,7,7,feasible,10,6,8,feasible,10,6,8,feasible,4,1,complete,16,complete,10,complete,10,complete,10
221629,4523,0,2,1,feasible,15,10,3,7,7,6,feasible,15,6,7,feasible,15,6,7,feasible,4,0,complete,20,complete,15,complete,15,complete,15
221678,4524,0,2,1,feasible,20,10,4,8,5,4,feasible,20,5,4,feasible,20,5,4,feasible,4,0,complete,20,complete,20,complete,20,complete,20
221727,4525,0,2,1,feasible,15,10,3,7,7,6,feasible,15,6,7,feasible,15,6,7,feasible,4,0,complete,20,complete,15,complete,15,complete,15
221776,4526,0,2,1,feasible,20,10,4,8,5,4,feasible,20,5,4,feasible,20,5,4,feasible,4,0,complete,20,complete,20,complete,20,complete,20
221825,4527,0,2,1,feasible,20,14,4,9,5,4,feasible,20,5,4,feasible,20,5,4,feasible,4,0,complete,20,complete,20,complete,20,complete,20
221874,4528,0,2,1,feasible,15,10,3,7,7,6,feasible,15,6,7,feasible,15,6,7,feasible,4,0,complete,16,complete,15,complete,16,complete,15
221923,4529,0,2,1,feasible,20,10,4,8,5,4,feasible,20,5,4,feasible,20,5,4,feasible,4,0,complete,20,complete,20,complete,20,complete,20
221972,4530,0,2,1,feasible,15,10,3,7,7,6,feasible,15,6,7,feasible,15,6,7,feasible,4,0,complete,16,complete,15,complete,15,complete,15
222021,4531,0,2,1,feasible,20,10,4,8,5,4,feasible,20,5,4,feasible,20,5,4,feasible,4,0,complete,20,complete,20,complete,20,complete,20
222070,4532,0,2,1,feasible,20,14,4,9,5,4,feasible,20,5,4,feasible,20,5,4,feasible,4,0,complete,20,complete,20,complete,20,complete,20
222119,4533,0,2,1,feasible,20,10,4,8,5,4,feasible,20,5,4,feasible,20,5,4,feasible,4,0,complete,20,complete,20,complete,20,complete,20
222168,4534,0,2,1,feasible,20,14,4,9,5,4,feasible,20,5,4,feasible,20,5,4,feasible,4,0,complete,20,complete,20,complete,20,complete,20
222217,4535,0,2,1,feasible,20,14,4,10,5,4,feasible,20,5,4,feasible,20,5,4,feasible,4,0,complete,20,complete,20,complete,20,complete,20
222268,4536,0,4,1,feasible,10,10,2,5,6,6,feasible,10,5,6,feasible,10,5,6,feasible,3,1,complete,11,complete,11,complete,11,complete,10
222317,4537,0,4,1,feasible,15,14,3,6,4,3,feasible,15,4,3,feasible,15,4,3,feasible,3,0,complete,15,complete,15,complete,15,complete,15
222365,4538,0,3,1,feasible,10,10,2,5,6,6,feasible,10,5,6,feasible,10,5,6,feasible,3,1,complete,11,complete,11,complete,11,complete,10
222414,4539,0,3,1,feasible,15,14,3,6,4,3,feasible,15,4,3,feasible,15,4,3,feasible,3,0,complete,15,complete,15,complete,15,complete,15
222463,4540,0,3,1,feasible,15,14,3,7,4,3,feasible,15,4,3,feasible,15,4,3,feasible,3,0,complete,15,complete,15,complete,15,complete,15
222511,4541,0,2,1,feasible,15,14,3,6,4,3,feasible,15,4,3,feasible,15,4,3,feasible,3,0,complete,15,complete,15,complete,15,complete,15
222560,4542,0,2,1,feasible,15,14,3,7,4,3,feasible,15,4,3,feasible,15,4,3,feasible,3,0,complete,15,complete,15,complete,15,complete,15
222609,4543,0,2,1,feasible,15,14,3,8,4,3,feasible,15,4,3,feasible,15,4,3,feasible,3,0,complete,15,complete,15,complete,15,complete,15
222659,4544,0,3,1,feasible,10,10,2,5,9,10,feasible,10,7,11,feasible,10,7,11,feasible,4,1,complete,12,complete,11,complete,11,complete,10
222708,4545,0,3,1,feasible,15,14,3,6,7,7,feasible,15,6,7,feasible,15,6,7,feasible,4,0,complete,16,complete,15,complete,15,complete,16
222756,4546,0,2,1,feasible,10,10,2,5,9,10,feasible,10,7,11,feasible,10,7,11,feasible,4,1,complete,12,complete,11,complete,11,complete,10
222805,4547,0,2,1,feasible,15,14,3,6,7,7,feasible,15,6,7,feasible,15,6,7,feasible,4,0,complete,16,complete,15,complete,15,complete,16
222854,4548,0,2,1,feasible,15,14,3,7,7,7,feasible,15,6,7,feasible,15,6,7,feasible,4,0,complete,16,complete,15,complete,15,complete,16
222902,4549,0,1,1,feasible,16,14,4,6,5,4,feasible,16,5,4,feasible,16,5,4,feasible,4,0,complete,16,complete,16,complete,16,complete,16
222951,4550,0,1,1,feasible,16,14,4,7,5,4,feasible,16,5,4,feasible,16,5,4,feasible,4,0,complete,16,complete,16,complete,16,complete,16
223000,4551,0,1,1,feasible,16,14,4,8,5,4,feasible,16,5,4,feasible,16,5,4,feasible,4,0,complete,16,complete,16,complete,16,complete,16
223051,4552,0,3,1,feasible,15,14,3,6,5,4,feasible,15,5,5,feasible,15,5,5,feasible,4,0,complete,16,complete,15,complete,15,complete,15
223100,4553,0,3,1,feasible,15,14,3,7,5,4,feasible,15,5,5,feasible,15,5,5,feasible,4,0,complete,20,complete,15,complete,15,complete,15
223148,4554,0,2,1,feasible,15,14,3,6,5,4,feasible,15,5,5,feasible,15,5,5,feasible,4,0,complete,16,complete,15,complete,15,complete,15
223197,4555,0,2,1,feasible,15,14,3,7,5,4,feasible,15,5,5,feasible,15,5,5,feasible,4,0,complete,20,complete,15,complete,15,complete,15
223246,4556,0,2,1,feasible,15,14,3,8,5,4,feasible,15,5,5,feasible,15,5,5,feasible,4,0,complete,20,complete,15,complete,15,complete,15
223295,4557,0,2,1,feasible,15,14,3,7,5,4,feasible,15,5,5,feasible,15,5,5,feasible,4,0,complete,20,complete,15,complete,20,complete,15
223344,4558,0,2,1,feasible,15,14,3,8,5,4,feasible,15,5,5,feasible,15,5,5,feasible,4,0,complete,20,complete,15,complete,20,complete,15
223399,4559,1,1,1,feasible,20,14,4,9,5,4,feasible,20,5,4,feasible,20,5,4,feasible,4,0,complete,20,complete,20,complete,20,complete,20
223442,4560,0,2,1,feasible,10,10,2,5,9,10,feasible,10,7,11,feasible,10,7,11,feasible,4,1,complete,12,complete,11,complete,11,complete,10
223491,4561,0,2,1,feasible,15,14,3,6,7,7,feasible,15,6,7,feasible,15,6,7,feasible,4,0,complete,16,complete,15,complete,15,complete,16
223539,4562,0,1,1,feasible,10,10,2,5,7,7,feasible,10,6,8,feasible,10,6,8,feasible,4,1,complete,12,complete,10,complete,10,complete,10
223588,4563,0,1,1,feasible,16,14,4,6,5,4,feasible,16,5,4,feasible,16,5,4,feasible,4,0,complete,16,complete,16,complete,16,complete,16
223637,4564,0,1,1,feasible,16,14,4,7,5,4,feasible,16,5,4,feasible,16,5,4,feasible,4,0,complete,16,complete,16,complete,16,complete,16
223685,4565,0,0,1,feasible,16,14,4,6,5,4,feasible,16,5,4,feasible,16,5,4,feasible,4,0,complete,16,complete,16,complete,16,complete,16
223734,4566,0,0,1,feasible,16,14,4,7,5,4,feasible,16,5,4,feasible,16,5,4,feasible,4,0,complete,16,complete,16,complete,16,complete,16
223783,4567,0,0,1,feasible,16,14,4,8,5,4,feasible,16,5,4,feasible,16,5,4,feasible,4,0,complete,16,complete,16,complete,16,complete,16
223834,4568,0,2,1,feasible,15,14,3,6,5,4,feasible,15,5,5,feasible,15,5,5,feasible,4,0,complete,16,complete,15,complete,15,complete,15
223883,4569,0,2,1,feasible,15,14,3,7,5,4,feasible,15,5,5,feasible,15,5,5,feasible,4,0,complete,20,complete,15,complete,15,complete,15
223938,4570,1,1,1,feasible,14,14,2,6,7,7,feasible,14,6,8,feasible,14,6,8,feasible,4,1,complete,16,complete,14,complete,14,complete,14
223981,4571,0,2,1,feasible,15,14,3,7,5,4,feasible,15,5,5,feasible,15,5,5,feasible,4,0,complete,20,complete,15,complete,15,complete,15
224030,4572,0,2,1,feasible,15,14,3,8,5,4,feasible,15,5,5,feasible,15,5,5,feasible,4,0,complete,20,complete,15,complete,15,complete,15
224084,4573,1,0,1,feasible,20,14,4,7,5,4,feasible,20,5,4,feasible,20,5,4,feasible,4,0,complete,20,complete,20,complete,20,complete,20
224133,4574,1,0,1,feasible,20,14,4,8,5,4,feasible,20,5,4,feasible,20,5,4,feasible,4,0,complete,20,complete,20,complete,20,complete,20
224182,4575,1,0,1,feasible,20,14,4,9,5,4,feasible,20,5,4,feasible,20,5,4,feasible,4,0,complete,20,complete,20,complete,20,complete,20
224226,4576,0,2,1,feasible,15,14,3,7,5,4,feasible,15,5,5,feasible,15,5,5,feasible,4,0,complete,16,complete,15,complete,15,complete,15
224275,4577,0,2,1,feasible,15,14,3,8,5,4,feasible,15,5,5,feasible,15,5,5,feasible,4,0,complete,20,complete,15,complete,15,complete,15
224324,4578,0,2,1,feasible,15,14,3,7,5,4,feasible,15,5,5,feasible,15,5,5,feasible,4,0,complete,16,complete,15,complete,15,complete,15
224373,4579,0,2,1,feasible,15,14,3,8,5,4,feasible,15,5,5,feasible,15,5,5,feasible,4,0,complete,20,complete,15,complete,15,complete,15
224429,4580,1,2,1,feasible,15,14,3,9,5,4,feasible,15,5,5,feasible,15,5,5,feasible,4,0,complete,20,complete,15,complete,15,complete,15
224471,4581,0,2,1,feasible,15,14,3,8,5,4,feasible,15,5,5,feasible,15,5,5,feasible,4,0,complete,20,complete,15,complete,15,complete,15
224532,4582,2,0,1,feasible,20,14,4,9,5,4,feasible,20,5,4,feasible,20,5,4,feasible,4,0,complete,20,complete,20,complete,20,complete,20
224581,4583,2,0,1,feasible,20,18,4,10,5,4,feasible,20,5,4,feasible,20,5,4,feasible,4,0,complete,20,complete,20,complete,20,complete,20
224624,4584,1,1,1,feasible,14,14,2,6,7,7,feasible,14,6,8,feasible,14,6,8,feasible,4,1,complete,16,complete,14,complete,16,complete,14
224667,4585,0,2,1,feasible,15,14,3,7,7,6,feasible,15,6,7,feasible,15,6,7,feasible,4,0,complete,20,complete,15,complete,20,complete,15
224721,4586,1,0,1,feasible,14,14,2,6,7,7,feasible,14,6,8,feasible,14,6,8,feasible,4,1,complete,16,complete,14,complete,14,complete,14
224770,4587,1,0,1,feasible,20,14,4,7,5,4,feasible,20,5,4,feasible,20,5,4,feasible,4,0,complete,20,complete,20,complete,20,complete,20
224819,4588,1,0,1,feasible,20,14,4,8,5,4,feasible,20,5,4,feasible,20,5,4,feasible,4,0,complete,20,complete,20,complete,20,complete,20
224868,4589,1,0,1,feasible,20,14,4,7,5,4,feasible,20,5,4,feasible,20,5,4,feasible,4,0,complete,20,complete,20,complete,20,complete,20
224917,4590,1,0,1,feasible,20,14,4,8,5,4,feasible,20,5,4,feasible,20,5,4,feasible,4,0,complete,20,complete,20,complete,20,complete,20
224966,4591,1,0,1,feasible,20,14,4,9,5,4,feasible,20,5,4,feasible,20,5,4,feasible,4,0,complete,20,complete,20,complete,20,complete,20
225010,4592,0,2,1,feasible,15,14,3,7,7,6,feasible,15,6,7,feasible,15,6,7,feasible,4,0,complete,16,complete,15,complete,16,complete,15
225059,4593,0,2,1,feasible,15,14,3,8,7,6,feasible,15,6,7,feasible,15,6,7,feasible,4,0,complete,20,complete,15,complete,20,complete,15
225120,4594,2,0,1,feasible,14,14,2,7,7,7,feasible,14,6,8,feasible,14,6,8,feasible,4,1,complete,16,complete,14,complete,14,complete,14
225157,4595,0,2,1,feasible,15,14,3,8,7,6,feasible,15,6,7,feasible,15,6,7,feasible,4,0,complete,20,complete,15,complete,15,complete,15
225206,4596,0,2,1,feasible,20,14,4,9,5,4,feasible,20,5,4,feasible,20,5,4,feasible,4,0,complete,20,complete,20,complete,20,complete,20
225255,4597,0,2,1,feasible,15,14,3,8,7,6,feasible,15,6,7,feasible,15,6,7,feasible,4,0,complete,20,complete,15,complete,15,complete,15
225304,4598,0,2,1,feasible,20,14,4,9,5,4,feasible,20,5,4,feasible,20,5,4,feasible,4,0,complete,20,complete,20,complete,20,complete,20
225353,4599,0,2,1,feasible,20,18,4,10,5,4,feasible,20,5,4,feasible,20,5,4,feasible,4,0,complete,20,complete,20,complete,20,complete,20
225402,4600,0,2,1,feasible,15,14,3,8,7,6,feasible,15,6,7,feasible,15,6,7,feasible,4,0,complete,16,complete,15,complete,16,complete,15
225451,4601,0,2,1,feasible,20,14,4,9,5,4,feasible,20,5,4,feasible,20,5,4,feasible,4,0,complete,20,complete,20,complete,20,complete,20
225500,4602,0,2,1,feasible,15,14,3,8,7,6,feasible,15,6,7,feasible,15,6,7,feasible,4,0,complete,16,complete,15,complete,15,complete,15
225549,4603,0,2,1,feasible,20,14,4,9,5,4,feasible,20,5,4,feasible,20,5,4,feasible,4,0,complete,20,complete,20,complete,20,complete,20
225598,4604,0,2,1,feasible,20,18,4,10,5,4,feasible,20,5,4,feasible,20,5,4,feasible,4,0,complete,20,complete,20,complete,20,complete,20
225647,4605,0,2,1,feasible,20,14,4,9,5,4,feasible,20,5,4,feasible,20,5,4,feasible,4,0,complete,20,complete,20,complete,20,complete,20
225696,4606,0,2,1,feasible,20,18,4,10,5,4,feasible,20,5,4,feasible,20,5,4,feasible,4,0,complete,20,complete,20,complete,20,complete,20
225745,4607,0,2,1,feasible,20,18,4,11,5,4,feasible,20,5,4,feasible,20,5,4,feasible,4,0,complete,20,complete,20,complete,20,complete,20
225794,4608,0,2,1,feasible,6,6,2,3,4,3,feasible,6,4,4,feasible,6,4,4,feasible,3,1,complete,7,complete,6,complete,7,complete,6
225844,4609,0,3,1,feasible,10,10,2,4,6,5,feasible,10,5,6,feasible,10,5,6,feasible,3,1,complete,11,complete,10,complete,11,complete,10
225891,4610,0,1,1,feasible,6,6,2,3,4,3,feasible,6,4,4,feasible,6,4,4,feasible,3,1,complete,7,complete,6,complete,7,complete,6
225947,4611,1,1,1,feasible,10,10,2,4,4,3,feasible,10,4,4,feasible,10,4,4,feasible,3,1,complete,11,complete,10,complete,11,complete,10
225991,4612,0,3,1,feasible,10,10,2,5,6,5,feasible,10,5,6,feasible,10,5,6,feasible,3,1,complete,11,complete,10,complete,11,complete,10
226044,4613,1,0,1,feasible,10,10,2,4,4,3,feasible,10,4,4,feasible,10,4,4,feasible,3,1,complete,11,complete,10,complete,11,complete,10
226100,4614,2,0,1,feasible,10,10,2,5,4,3,feasible,10,4,4,feasible,10,4,4,feasible,3,1,complete,11,complete,10,complete,11,complete,10
226138,4615,0,3,1,feasible,10,10,2,6,6,5,feasible,10,5,6,feasible,10,5,6,feasible,3,1,complete,11,complete,10,complete,11,complete,10
226185,4616,0,1,1,feasible,6,6,2,3,5,4,feasible,6,5,6,feasible,6,5,6,feasible,4,1,complete,8,complete,6,complete,7,complete,6
226241,4617,1,1,1,feasible,10,10,2,4,5,4,feasible,10,5,6,feasible,10,5,6,feasible,4,1,complete,12,complete,10,complete,11,complete,11
226282,4618,0,0,1,feasible,6,6,2,3,5,4,feasible,6,5,6,feasible,6,5,6,feasible,4,1,complete,8,complete,6,complete,7,complete,6
226338,4619,1,0,1,feasible,10,10,2,4,5,4,feasible,10,5,6,feasible,10,5,6,feasible,4,1,complete,12,complete,10,complete,11,complete,11
226394,4620,2,0,1,feasible,10,10,2,5,5,4,feasible,10,5,6,feasible,10,5,6,feasible,4,1,complete,12,complete,10,complete,11,complete,11
226436,4621,1,0,1,feasible,10,10,2,4,5,4,feasible,10,5,6,feasible,10,5,6,feasible,4,1,complete,12,complete,10,complete,12,complete,11
226492,4622,2,0,1,feasible,10,10,2,5,5,4,feasible,10,5,6,feasible,10,5,6,feasible,4,1,complete,12,complete,10,complete,12,complete,11
226529,4623,0,2,1,feasible,11,10,3,6,7,6,feasible,11,6,7,feasible,11,6,7,feasible,4,0,complete,12,complete,11,complete,12,complete,11
226584,4624,1,1,1,feasible,10,10,2,4,5,4,feasible,10,5,6,feasible,10,5,6,feasible,4,1,complete,12,complete,10,complete,11,complete,10
226628,4625,0,3,1,feasible,10,10,2,5,9,9,feasible,10,7,11,feasible,10,7,11,feasible,4,1,complete,16,complete,10,complete,11,complete,10
226681,4626,1,0,1,feasible,10,10,2,4,5,4,feasible,10,5,6,feasible,10,5,6,feasible,4,1,complete,12,complete,10,complete,11,complete,10
226737,4627,2,0,1,feasible,10,10,2,5,5,4,feasible,10,5,6,feasible,10,5,6,feasible,4,1,complete,16,complete,10,complete,11,complete,10
226775,4628,0,3,1,feasible,10,10,2,6,9,9,feasible,10,7,11,feasible,10,7,11,feasible,4,1,complete,16,complete,10,complete,11,complete,10
226835,4629,2,0,1,feasible,10,10,2,5,5,4,feasible,10,5,6,feasible,10,5,6,feasible,4,1,complete,16,complete,10,complete,16,complete,10
226873,4630,0,3,1,feasible,10,10,2,6,9,9,feasible,10,7,11,feasible,10,7,11,feasible,4,1,complete,16,complete,10,complete,16,complete,10
226922,4631,0,3,1,feasible,10,10,2,7,7,7,feasible,10,6,8,feasible,10,6,8,feasible,4,1,complete,16,complete,10,complete,16,complete,10
226968,4632,0,0,1,feasible,6,6,2,3,5,4,feasible,6,5,6,feasible,6,5,6,feasible,4,1,complete,8,complete,6,complete,7,complete,6
227024,4633,1,0,1,feasible,10,10,2,4,5,4,feasible,10,5,6,feasible,10,5,6,feasible,4,1,complete,12,complete,10,complete,11,complete,11
227066,4634,0,0,1,feasible,6,6,2,3,5,4,feasible,6,5,6,feasible,6,5,6,feasible,4,1,complete,8,complete,6,complete,7,complete,6
227122,4635,1,0,1,feasible,10,10,2,4,5,4,feasible,10,5,6,feasible,10,5,6,feasible,4,1,complete,12,complete,10,complete,11,complete,11
227165,4636,0,1,1,feasible,11,10,3,5,7,6,feasible,11,6,7,feasible,11,6,7,feasible,4,0,complete,12,complete,11,complete,12,complete,11
227220,4637,1,0,1,feasible,10,10,2,4,5,4,feasible,10,5,6,feasible,10,5,6,feasible,4,1,complete,12,complete,10,complete,11,complete,11
227263,4638,0,1,1,feasible,11,10,3,5,7,6,feasible,11,6,7,feasible,11,6,7,feasible,4,0,complete,12,complete,11,complete,12,complete,11
227312,4639,0,1,1,feasible,11,10,3,6,7,6,feasible,11,6,7,feasible,11,6,7,feasible,4,0,complete,12,complete,11,complete,12,complete,11
227367,4640,1,0,1,feasible,10,10,2,4,5,4,feasible,10,5,6,feasible,10,5,6,feasible,4,1,complete,12,complete,10,complete,11,complete,10
227423,4641,2,0,1,feasible,10,10,2,5,5,4,feasible,10,5,6,feasible,10,5,6,feasible,4,1,complete,16,complete,10,complete,11,complete,10
227465,4642,1,0,1,feasible,10,10,2,4,5,4,feasible,10,5,6,feasible,10,5,6,feasible,4,1,complete,12,complete,10,complete,11,complete,10
227521,4643,2,0,1,feasible,10,10,2,5,5,4,feasible,10,5,6,feasible,10,5,6,feasible,4,1,complete,16,complete,10,complete,11,complete,10
227564,4644,1,1,1,feasible,15,10,3,6,7,6,feasible,15,6,7,feasible,15,6,7,feasible,4,0,complete,16,complete,15,complete,16,complete,15
227619,4645,2,0,1,feasible,10,10,2,5,5,4,feasible,10,5,6,feasible,10,5,6,feasible,4,1,complete,16,complete,10,complete,11,complete,10
227662,4646,1,1,1,feasible,15,10,3,6,7,6,feasible,15,6,7,feasible,15,6,7,feasible,4,0,complete,16,complete,15,complete,16,complete,15
227711,4647,1,1,1,feasible,15,10,3,7,7,6,feasible,15,6,7,feasible,15,6,7,feasible,4,0,complete,16,complete,15,complete,16,complete,15
227766,4648,2,0,1,feasible,10,10,2,5,5,4,feasible,10,5,6,feasible,10,5,6,feasible,4,1,complete,12,complete,10,complete,11,complete,10
227804,4649,0,3,1,feasible,10,10,2,6,9,9,feasible,10,7,11,feasible,10,7,11,feasible,4,1,complete,16,complete,10,complete,11,complete,10
227864,4650,2,0,1,feasible,10,10,2,5,5,4,feasible,10,5,6,feasible,10,5,6,feasible,4,1,complete,12,complete,10,complete,11,complete,10
227902,4651,0,3,1,feasible,10,10,2,6,9,9,feasible,10,7,11,feasible,10,7,11,feasible,4,1,complete,16,complete,10,complete,11,complete,10
227951,4652,0,3,1,feasible,10,10,2,7,7,7,feasible,10,6,8,feasible,10,6,8,feasible,4,1,complete,16,complete,10,complete,16,complete,10
228000,4653,0,3,1,feasible,10,10,2,6,9,9,feasible,10,7,11,feasible,10,7,11,feasible,4,1,complete,16,complete,10,complete,11,complete,10
228049,4654,0,3,1,feasible,10,10,2,7,7,7,feasible,10,6,8,feasible,10,6,8,feasible,4,1,complete,16,complete,10,complete,16,complete,10
228110,4655,2,1,1,feasible,15,14,3,8,7,6,feasible,15,6,7,feasible,15,6,7,feasible,4,0,complete,16,complete,15,complete,16,complete,15
228151,4656,1,0,1,feasible,10,10,2,4,9,9,feasible,10,7,11,feasible,10,7,11,feasible,4,1,complete,12,complete,10,complete,12,complete,10
228200,4657,1,0,1,feasible,15,10,3,5,7,6,feasible,15,6,7,feasible,15,6,7,feasible,4,0,complete,16,complete,15,complete,16,complete,15
228249,4658,1,0,1,feasible,10,10,2,4,9,9,feasible,10,7,11,feasible,10,7,11,feasible,4,1,complete,12,complete,10,complete,11,complete,10
228298,4659,1,0,1,feasible,15,10,3,5,7,6,feasible,15,6,7,feasible,15,6,7,feasible,4,0,complete,16,complete,15,complete,16,complete,15
228347,4660,1,0,1,feasible,15,10,3,6,7,6,feasible,15,6,7,feasible,15,6,7,feasible,4,0,complete,16,complete,15,complete,16,complete,15
228396,4661,1,0,1,feasible,15,10,3,5,7,6,feasible,15,6,7,feasible,15,6,7,feasible,4,0,complete,16,complete,15,complete,16,complete,15
228445,4662,1,0,1,feasible,15,10,3,6,7,6,feasible,15,6,7,feasible,15,6,7,feasible,4,0,complete,16,complete,15,complete,16,complete,15
228494,4663,1,0,1,feasible,15,10,3,7,7,6,feasible,15,6,7,feasible,15,6,7,feasible,4,0,complete,16,complete,15,complete,16,complete,15
228550,4664,2,0,1,feasible,10,10,2,5,9,9,feasible,10,7,11,feasible,10,7,11,feasible,4,1,complete,12,complete,10,complete,12,complete,10
228599,4665,2,0,1,feasible,15,10,3,6,7,6,feasible,15,6,7,feasible,15,6,7,feasible,4,0,complete,16,complete,15,complete,16,complete,15
228648,4666,2,0,1,feasible,10,10,2,5,9,9,feasible,10,7,11,feasible,10,7,11,feasible,4,1,complete,12,complete,10,complete,11,complete,10
228697,4667,2,0,1,feasible,15,10,3,6,7,6,feasible,15,6,7,feasible,15,6,7,feasible,4,0,complete,16,complete,15,complete,16,complete,15
228746,4668,2,0,1,feasible,15,10,3,7,7,6,feasible,15,6,7,feasible,15,6,7,feasible,4,0,complete,16,complete,15,complete,16,complete,15
228795,4669,2,0,1,feasible,15,10,3,6,7,6,feasible,15,6,7,feasible,15,6,7,feasible,4,0,complete,16,complete,15,complete,16,complete,15
228844,4670,2,0,1,feasible,15,10,3,7,7,6,feasible,15,6,7,feasible,15,6,7,feasible,4,0,complete,16,complete,15,complete,16,complete,15
228893,4671,2,0,1,feasible,15,14,3,8,7,6,feasible,15,6,7,feasible,15,6,7,feasible,4,0,complete,16,complete,15,complete,16,complete,15
228931,4672,0,3,1,feasible,10,10,2,6,9,9,feasible,10,7,11,feasible,10,7,11,feasible,4,1,complete,12,complete,10,complete,12,complete,10
228980,4673,0,3,1,feasible,10,10,2,7,7,7,feasible,10,6,8,feasible,10,6,8,feasible,4,1,complete,16,complete,10,complete,16,complete,10
229029,4674,0,3,1,feasible,10,10,2,6,9,9,feasible,10,7,11,feasible,10,7,11,feasible,4,1,complete,12,complete,10,complete,11,complete,10
229078,4675,0,3,1,feasible,10,10,2,7,7,7,feasible,10,6,8,feasible,10,6,8,feasible,4,1,complete,16,complete,10,complete,16,complete,10
229145,4676,3,0,1,feasible,15,14,3,8,7,6,feasible,15,6,7,feasible,15,6,7,feasible,4,0,complete,16,complete,15,complete,16,complete,15
229176,4677,0,3,1,feasible,10,10,2,7,7,7,feasible,10,6,8,feasible,10,6,8,feasible,4,1,complete,16,complete,10,complete,16,complete,10
229243,4678,3,0,1,feasible,15,14,3,8,7,6,feasible,15,6,7,feasible,15,6,7,feasible,4,0,complete,16,complete,15,complete,16,complete,15
229292,4679,3,0,1,feasible,15,14,3,9,7,6,feasible,15,6,7,feasible,15,6,7,feasible,4,0,complete,16,complete,15,complete,16,complete,15
229323,4680,0,3,1,feasible,6,6,2,4,6,6,feasible,6,5,6,feasible,6,5,6,feasible,3,1,complete,11,complete,11,complete,11,complete,6
229372,4681,0,3,1,feasible,15,10,3,5,4,3,feasible,15,4,3,feasible,15,4,3,feasible,3,0,complete,15,complete,15,complete,15,complete,15
229420,4682,0,2,1,feasible,6,6,2,4,4,3,feasible,6,4,4,feasible,6,4,4,feasible,3,1,complete,11,complete,6,complete,11,complete,6
229476,4683,1,2,1,feasible,10,10,2,5,4,3,feasible,10,4,4,feasible,10,4,4,feasible,3,1,complete,15,complete,10,complete,15,complete,10
229519,4684,0,3,1,feasible,15,10,3,6,4,3,feasible,15,4,3,feasible,15,4,3,feasible,3,0,complete,15,complete,15,complete,15,complete,15
229573,4685,1,1,1,feasible,10,10,2,5,4,3,feasible,10,4,4,feasible,10,4,4,feasible,3,1,complete,15,complete,10,complete,15,complete,10
229629,4686,2,1,1,feasible,10,10,2,6,4,3,feasible,10,4,4,feasible,10,4,4,feasible,3,1,complete,15,complete,10,complete,15,complete,10
229666,4687,0,3,1,feasible,15,10,3,7,4,3,feasible,15,4,3,feasible,15,4,3,feasible,3,0,complete,15,complete,15,complete,15,complete,15
229714,4688,0,2,1,feasible,6,6,2,4,7,7,feasible,6,6,8,feasible,6,6,8,feasible,4,1,complete,12,complete,6,complete,11,complete,6
229763,4689,0,2,1,feasible,16,10,4,5,5,4,feasible,16,5,4,feasible,16,5,4,feasible,4,0,complete,16,complete,16,complete,16,complete,16
229811,4690,0,1,1,feasible,6,6,2,4,5,4,feasible,6,5,6,feasible,6,5,6,feasible,4,1,complete,12,complete,6,complete,11,complete,6
229867,4691,1,1,1,feasible,10,10,2,5,5,4,feasible,10,5,6,feasible,10,5,6,feasible,4,1,complete,16,complete,10,complete,15,complete,11
229910,4692,0,2,1,feasible,16,10,4,6,5,4,feasible,16,5,4,feasible,16,5,4,feasible,4,0,complete,16,complete,16,complete,16,complete,16
229964,4693,1,0,1,feasible,10,10,2,5,5,4,feasible,10,5,6,feasible,10,5,6,feasible,4,1,complete,16,complete,10,complete,16,complete,11
230020,4694,2,0,1,feasible,10,10,2,6,5,4,feasible,10,5,6,feasible,10,5,6,feasible,4,1,complete,16,complete,10,complete,16,complete,11
230057,4695,0,2,1,feasible,16,10,4,7,5,4,feasible,16,5,4,feasible,16,5,4,feasible,4,0,complete,16,complete,16,complete,16,complete,16
230113,4696,1,2,1,feasible,10,10,2,5,7,7,feasible,10,6,8,feasible,10,6,8,feasible,4,1,complete,16,complete,10,complete,15,complete,10
230156,4697,0,3,1,feasible,15,10,3,6,7,6,feasible,15,6,7,feasible,15,6,7,feasible,4,0,complete,20,complete,15,complete,15,complete,15
230210,4698,1,1,1,feasible,10,10,2,5,5,4,feasible,10,5,6,feasible,10,5,6,feasible,4,1,complete,16,complete,10,complete,15,complete,10
230266,4699,2,1,1,feasible,10,10,2,6,5,4,feasible,10,5,6,feasible,10,5,6,feasible,4,1,complete,20,complete,10,complete,15,complete,10
230303,4700,0,3,1,feasible,15,10,3,7,7,6,feasible,15,6,7,feasible,15,6,7,feasible,4,0,complete,20,complete,15,complete,15,complete,15
230363,4701,2,0,1,feasible,10,10,2,6,5,4,feasible,10,5,6,feasible,10,5,6,feasible,4,1,complete,20,complete,10,complete,20,complete,10
230419,4702,3,0,1,feasible,10,10,2,7,5,4,feasible,10,5,6,feasible,10,5,6,feasible,4,1,complete,20,complete,10,complete,20,complete,10
230450,4703,0,3,1,feasible,20,10,4,8,5,4,feasible,20,5,4,feasible,20,5,4,feasible,4,0,complete,20,complete,20,complete,20,complete,20
230497,4704,0,1,1,feasible,6,6,2,4,7,7,feasible,6,6,8,feasible,6,6,8,feasible,4,1,complete,12,complete,6,complete,11,complete,6
230546,4705,0,1,1,feasible,16,10,4,5,5,4,feasible,16,5,4,feasible,16,5,4,feasible,4,0,complete,16,complete,16,complete,16,complete,16
230594,4706,0,0,1,feasible,6,6,2,4,5,4,feasible,6,5,6,feasible,6,5,6,feasible,4,1,complete,12,complete,6,complete,11,complete,6
230650,4707,1,0,1,feasible,10,10,2,5,5,4,feasible,10,5,6,feasible,10,5,6,feasible,4,1,complete,16,complete,10,complete,15,complete,11
230693,4708,0,1,1,feasible,16,10,4,6,5,4,feasible,16,5,4,feasible,16,5,4,feasible,4,0,complete,16,complete,16,complete,16,complete,16
230748,4709,1,0,1,feasible,10,10,2,5,5,4,feasible,10,5,6,feasible,10,5,6,feasible,4,1,complete,16,complete,10,complete,15,complete,11
230791,4710,0,1,1,feasible,16,10,4,6,5,4,feasible,16,5,4,feasible,16,5,4,feasible,4,0,complete,16,complete,16,complete,16,complete,16
230840,4711,0,1,1,feasible,16,10,4,7,5,4,feasible,16,5,4,feasible,16,5,4,feasible,4,0,complete,16,complete,16,complete,16,complete,16
230896,4712,1,1,1,feasible,10,10,2,5,7,7,feasible,10,6,8,feasible,10,6,8,feasible,4,1,complete,16,complete,10,complete,15,complete,10
230945,4713,1,1,1,feasible,20,10,4,6,5,4,feasible,20,5,4,feasible,20,5,4,feasible,4,0,complete,20,complete,20,complete,20,complete,20
230993,4714,1,0,1,feasible,10,10,2,5,5,4,feasible,10,5,6,feasible,10,5,6,feasible,4,1,complete,16,complete,10,complete,15,complete,10
231049,4715,2,0,1,feasible,10,10,2,6,5,4,feasible,10,5,6,feasible,10,5,6,feasible,4,1,complete,20,complete,10,complete,15,complete,10
231092,4716,1,1,1,feasible,20,10,4,7,5,4,feasible,20,5,4,feasible,20,5,4,feasible,4,0,complete,20,complete,20,complete,20,complete,20
231147,4717,2,0,1,feasible,10,10,2,6,5,4,feasible,10,5,6,feasible,10,5,6,feasible,4,1,complete,20,complete,10,complete,15,complete,10
231190,4718,1,1,1,feasible,20,10,4,7,5,4,feasible,20,5,4,feasible,20,5,4,feasible,4,0,complete,20,complete,20,complete,20,complete,20
231239,4719,1,1,1,feasible,20,10,4,8,5,4,feasible,20,5,4,feasible,20,5,4,feasible,4,0,complete,20,complete,20,complete,20,complete,20
231295,4720,2,1,1,feasible,10,10,2,6,7,7,feasible,10,6,8,feasible,10,6,8,feasible,4,1,complete,16,complete,10,complete,15,complete,10
231332,4721,0,3,1,feasible,15,10,3,7,7,6,feasible,15,6,7,feasible,15,6,7,feasible,4,0,complete,20,complete,15,complete,15,complete,15
231392,4722,2,0,1,feasible,10,10,2,6,5,4,feasible,10,5,6,feasible,10,5,6,feasible,4,1,complete,16,complete,10,complete,15,complete,10
231448,4723,3,0,1,feasible,10,10,2,7,5,4,feasible,10,5,6,feasible,10,5,6,feasible,4,1,complete,20,complete,10,complete,15,complete,10
231479,4724,0,3,1,feasible,20,10,4,8,5,4,feasible,20,5,4,feasible,20,5,4,feasible,4,0,complete,20,complete,20,complete,20,complete,20
231546,4725,3,0,1,feasible,10,10,2,7,5,4,feasible,10,5,6,feasible,10,5,6,feasible,4,1,complete,20,complete,10,complete,15,complete,10
231577,4726,0,3,1,feasible,20,10,4,8,5,4,feasible,20,5,4,feasible,20,5,4,feasible,4,0,complete,20,complete,20,complete,20,complete,20
231638,4727,2,1,1,feasible,20,14,4,9,5,4,feasible,20,5,4,feasible,20,5,4,feasible,4,0,complete,20,complete,20,complete,20,complete,20
231679,4728,1,0,1,feasible,10,10,2,5,7,7,feasible,10,6,8,feasible,10,6,8,feasible,4,1,complete,16,complete,10,complete,16,complete,10
231728,4729,1,0,1,feasible,20,10,4,6,5,4,feasible,20,5,4,feasible,20,5,4,feasible,4,0,complete,20,complete,20,complete,20,complete,20
231777,4730,1,0,1,feasible,10,10,2,5,7,7,feasible,10,6,8,feasible,10,6,8,feasible,4,1,complete,16,complete,10,complete,15,complete,10
231826,4731,1,0,1,feasible,20,10,4,6,5,4,feasible,20,5,4,feasible,20,5,4,feasible,4,0,complete,20,complete,20,complete,20,complete,20
231875,4732,1,0,1,feasible,20,10,4,7,5,4,feasible,20,5,4,feasible,20,5,4,feasible,4,0,complete,20,complete,20,complete,20,complete,20
231924,4733,1,0,1,feasible,20,10,4,6,5,4,feasible,20,5,4,feasible,20,5,4,feasible,4,0,complete,20,complete,20,complete,20,complete,20
231973,4734,1,0,1,feasible,20,10,4,7,5,4,feasible,20,5,4,feasible,20,5,4,feasible,4,0,complete,20,complete,20,complete,20,complete,20
232022,4735,1,0,1,feasible,20,10,4,8,5,4,feasible,20,5,4,feasible,20,5,4,feasible,4,0,complete,20,complete,20,complete,20,complete,20
232078,4736,2,0,1,feasible,10,10,2,6,7,7,feasible,10,6,8,feasible,10,6,8,feasible,4,1,complete,16,complete,10,complete,16,complete,10
232127,4737,2,0,1,feasible,20,10,4,7,5,4,feasible,20,5,4,feasible,20,5,4,feasible,4,0,complete,20,complete,20,complete,20,complete,20
232176,4738,2,0,1,feasible,10,10,2,6,7,7,feasible,10,6,8,feasible,10,6,8,feasible,4,1,complete,16,complete,10,complete,15,complete,10
232225,4739,2,0,1,feasible,20,10,4,7,5,4,feasible,20,5,4,feasible,20,5,4,feasible,4,0,complete,20,complete,20,complete,20,complete,20
232274,4740,2,0,1,feasible,20,10,4,8,5,4,feasible,20,5,4,feasible,20,5,4,feasible,4,0,complete,20,complete,20,complete,20,complete,20
232323,4741,2,0,1,feasible,20,10,4,7,5,4,feasible,20,5,4,feasible,20,5,4,feasible,4,0,complete,20,complete,20,complete,20,complete,20
232372,4742,2,0,1,feasible,20,10,4,8,5,4,feasible,20,5,4,feasible,20,5,4,feasible,4,0,complete,20,complete,20,complete,20,complete,20
232421,4743,2,0,1,feasible,20,14,4,9,5,4,feasible,20,5,4,feasible,20,5,4,feasible,4,0,complete,20,complete,20,complete,20,complete,20
232477,4744,3,0,1,feasible,10,10,2,7,7,7,feasible,10,6,8,feasible,10,6,8,feasible,4,1,complete,16,complete,10,complete,16,complete,10
232508,4745,0,3,1,feasible,20,10,4,8,5,4,feasible,20,5,4,feasible,20,5,4,feasible,4,0,complete,20,complete,20,complete,20,complete,20
232575,4746,3,0,1,feasible,10,10,2,7,7,7,feasible,10,6,8,feasible,10,6,8,feasible,4,1,complete,16,complete,10,complete,15,complete,10
232606,4747,0,3,1,feasible,20,10,4,8,5,4,feasible,20,5,4,feasible,20,5,4,feasible,4,0,complete,20,complete,20,complete,20,complete,20
232673,4748,3,0,1,feasible,20,14,4,9,5,4,feasible,20,5,4,feasible,20,5,4,feasible,4,0,complete,20,complete,20,complete,20,complete,20
232704,4749,0,3,1,feasible,20,10,4,8,5,4,feasible,20,5,4,feasible,20,5,4,feasible,4,0,complete,20,complete,20,complete,20,complete,20
232771,4750,3,0,1,feasible,20,14,4,9,5,4,feasible,20,5,4,feasible,20,5,4,feasible,4,0,complete,20,complete,20,complete,20,complete,20
232820,4751,3,0,1,feasible,20,14,4,10,5,4,feasible,20,5,4,feasible,20,5,4,feasible,4,0,complete,20,complete,20,complete,20,complete,20
232850,4752,0,2,1,feasible,6,6,2,3,4,3,feasible,6,4,4,feasible,6,4,4,feasible,3,1,complete,7,complete,6,complete,6,complete,6
232900,4753,0,3,1,feasible,10,10,2,4,6,5,feasible,10,5,6,feasible,10,5,6,feasible,3,1,complete,11,complete,10,complete,10,complete,10
232947,4754,0,1,1,feasible,6,6,2,3,4,3,feasible,6,4,4,feasible,6,4,4,feasible,3,1,complete,7,complete,6,complete,6,complete,6
233003,4755,1,1,1,feasible,10,10,2,4,4,3,feasible,10,4,4,feasible,10,4,4,feasible,3,1,complete,11,complete,10,complete,10,complete,10
233047,4756,0,3,1,feasible,10,10,2,5,6,5,feasible,10,5,6,feasible,10,5,6,feasible,3,1,complete,11,complete,10,complete,10,complete,10
233100,4757,1,0,1,feasible,10,10,2,4,4,3,feasible,10,4,4,feasible,10,4,4,feasible,3,1,complete,11,complete,10,complete,10,complete,10
233156,4758,2,0,1,feasible,10,10,2,5,4,3,feasible,10,4,4,feasible,10,4,4,feasible,3,1,complete,11,complete,10,complete,10,complete,10
233194,4759,0,3,1,feasible,10,10,2,6,6,5,feasible,10,5,6,feasible,10,5,6,feasible,3,1,complete,11,complete,10,complete,10,complete,10
233241,4760,0,1,1,feasible,6,6,2,3,5,4,feasible,6,5,6,feasible,6,5,6,feasible,4,1,complete,8,complete,6,complete,6,complete,6
233297,4761,1,1,1,feasible,10,10,2,4,5,4,feasible,10,5,6,feasible,10,5,6,feasible,4,1,complete,12,complete,10,complete,10,complete,11
233338,4762,0,0,1,feasible,6,6,2,3,5,4,feasible,6,5,6,feasible,6,5,6,feasible,4,1,complete,8,complete,6,complete,6,complete,6
233394,4763,1,0,1,feasible,10,10,2,4,5,4,feasible,10,5,6,feasible,10,5,6,feasible,4,1,complete,12,complete,10,complete,10,complete,11
233450,4764,2,0,1,feasible,10,10,2,5,5,4,feasible,10,5,6,feasible,10,5,6,feasible,4,1,complete,12,complete,10,complete,10,complete,11
233492,4765,1,0,1,feasible,10,10,2,4,5,4,feasible,10,5,6,feasible,10,5,6,feasible,4,1,complete,12,complete,10,complete,11,complete,11
233548,4766,2,0,1,feasible,10,10,2,5,5,4,feasible,10,5,6,feasible,10,5,6,feasible,4,1,complete,12,complete,10,complete,11,complete,11
233585,4767,0,2,1,feasible,11,10,3,6,7,6,feasible,11,6,7,feasible,11,6,7,feasible,4,0,complete,12,complete,11,complete,11,complete,11
233640,4768,1,1,1,feasible,10,10,2,4,5,4,feasible,10,5,6,feasible,10,5,6,feasible,4,1,complete,12,complete,10,complete,10,complete,10
233684,4769,0,3,1,feasible,10,10,2,5,9,9,feasible,10,7,11,feasible,10,7,11,feasible,4,1,complete,16,complete,10,complete,10,complete,10
233737,4770,1,0,1,feasible,10,10,2,4,5,4,feasible,10,5,6,feasible,10,5,6,feasible,4,1,complete,12,complete,10,complete,10,complete,10
233793,4771,2,0,1,feasible,10,10,2,5,5,4,feasible,10,5,6,feasible,10,5,6,feasible,4,1,complete,16,complete,10,complete,10,complete,10
233831,4772,0,3,1,feasible,10,10,2,6,9,9,feasible,10,7,11,feasible,10,7,11,feasible,4,1,complete,16,complete,10,complete,10,complete,10
233891,4773,2,0,1,feasible,10,10,2,5,5,4,feasible,10,5,6,feasible,10,5,6,feasible,4,1,complete,16,complete,10,complete,15,complete,10
233929,4774,0,3,1,feasible,10,10,2,6,9,9,feasible,10,7,11,feasible,10,7,11,feasible,4,1,complete,16,complete,10,complete,15,complete,10
233978,4775,0,3,1,feasible,10,10,2,7,7,7,feasible,10,6,8,feasible,10,6,8,feasible,4,1,complete,16,complete,10,complete,15,complete,10
234024,4776,0,0,1,feasible,6,6,2,3,5,4,feasible,6,5,6,feasible,6,5,6,feasible,4,1,complete,8,complete,6,complete,6,complete,6
234080,4777,1,0,1,feasible,10,10,2,4,5,4,feasible,10,5,6,feasible,10,5,6,feasible,4,1,complete,12,complete,10,complete,10,complete,11
234122,4778,0,0,1,feasible,6,6,2,3,5,4,feasible,6,5,6,feasible,6,5,6,feasible,4,1,complete,8,complete,6,complete,6,complete,6
234178,4779,1,0,1,feasible,10,10,2,4,5,4,feasible,10,5,6,feasible,10,5,6,feasible,4,1,complete,12,complete,10,complete,10,complete,11
234221,4780,0,1,1,feasible,11,10,3,5,7,6,feasible,11,6,7,feasible,11,6,7,feasible,4,0,complete,12,complete,11,complete,11,complete,11
234276,4781,1,0,1,feasible,10,10,2,4,5,4,feasible,10,5,6,feasible,10,5,6,feasible,4,1,complete,12,complete,10,complete,10,complete,11
234319,4782,0,1,1,feasible,11,10,3,5,7,6,feasible,11,6,7,feasible,11,6,7,feasible,4,0,complete,12,complete,11,complete,11,complete,11
234368,4783,0,1,1,feasible,11,10,3,6,7,6,feasible,11,6,7,feasible,11,6,7,feasible,4,0,complete,12,complete,11,complete,11,complete,11
234423,4784,1,0,1,feasible,10,10,2,4,5,4,feasible,10,5,6,feasible,10,5,6,feasible,4,1,complete,12,complete,10,complete,10,complete,10
234479,4785,2,0,1,feasible,10,10,2,5,5,4,feasible,10,5,6,feasible,10,5,6,feasible,4,1,complete,16,complete,10,complete,10,complete,10
234521,4786,1,0,1,feasible,10,10,2,4,5,4,feasible,10,5,6,feasible,10,5,6,feasible,4,1,complete,12,complete,10,complete,10,complete,10
234577,4787,2,0,1,feasible,10,10,2,5,5,4,feasible,10,5,6,feasible,10,5,6,feasible,4,1,complete,16,complete,10,complete,10,complete,10
234620,4788,1,1,1,feasible,15,10,3,6,7,6,feasible,15,6,7,feasible,15,6,7,feasible,4,0,complete,16,complete,15,complete,15,complete,15
234675,4789,2,0,1,feasible,10,10,2,5,5,4,feasible,10,5,6,feasible,10,5,6,feasible,4,1,complete,16,complete,10,complete,10,complete,10
234718,4790,1,1,1,feasible,15,10,3,6,7,6,feasible,15,6,7,feasible,15,6,7,feasible,4,0,complete,16,complete,15,complete,15,complete,15
234767,4791,1,1,1,feasible,15,10,3,7,7,6,feasible,15,6,7,feasible,15,6,7,feasible,4,0,complete,16,complete,15,complete,15,complete,15
234822,4792,2,0,1,feasible,10,10,2,5,5,4,feasible,10,5,6,feasible,10,5,6,feasible,4,1,complete,12,complete,10,complete,10,complete,10
234860,4793,0,3,1,feasible,10,10,2,6,9,9,feasible,10,7,11,feasible,10,7,11,feasible,4,1,complete,16,complete,10,complete,10,complete,10
234920,4794,2,0,1,feasible,10,10,2,5,5,4,feasible,10,5,6,feasible,10,5,6,feasible,4,1,complete,12,complete,10,complete,10,complete,10
234958,4795,0,3,1,feasible,10,10,2,6,9,9,feasible,10,7,11,feasible,10,7,11,feasible,4,1,complete,16,complete,10,complete,10,complete,10
235007,4796,0,3,1,feasible,10,10,2,7,7,7,feasible,10,6,8,feasible,10,6,8,feasible,4,1,complete,16,complete,10,complete,10,complete,10
235056,4797,0,3,1,feasible,10,10,2,6,9,9,feasible,10,7,11,feasible,10,7,11,feasible,4,1,complete,16,complete,10,complete,10,complete,10
235105,4798,0,3,1,feasible,10,10,2,7,7,7,feasible,10,6,8,feasible,10,6,8,feasible,4,1,complete,16,complete,10,complete,10,complete,10
235154,4799,0,3,1,feasible,14,14,2,8,7,7,feasible,14,6,8,feasible,14,6,8,feasible,4,1,complete,16,complete,14,complete,14,complete,14
235207,4800,1,0,1,feasible,10,10,2,4,9,9,feasible,10,7,11,feasible,10,7,11,feasible,4,1,complete,12,complete,10,complete,11,complete,10
235256,4801,1,0,1,feasible,15,10,3,5,7,6,feasible,15,6,7,feasible,15,6,7,feasible,4,0,complete,16,complete,15,complete,15,complete,15
235305,4802,1,0,1,feasible,10,10,2,4,9,9,feasible,10,7,11,feasible,10,7,11,feasible,4,1,complete,12,complete,10,complete,10,complete,10
235354,4803,1,0,1,feasible,15,10,3,5,7,6,feasible,15,6,7,feasible,15,6,7,feasible,4,0,complete,16,complete,15,complete,15,complete,15
235403,4804,1,0,1,feasible,15,10,3,6,7,6,feasible,15,6,7,feasible,15,6,7,feasible,4,0,complete,16,complete,15,complete,15,complete,15
235452,4805,1,0,1,feasible,15,10,3,5,7,6,feasible,15,6,7,feasible,15,6,7,feasible,4,0,complete,16,complete,15,complete,15,complete,15
235501,4806,1,0,1,feasible,15,10,3,6,7,6,feasible,15,6,7,feasible,15,6,7,feasible,4,0,complete,16,complete,15,complete,15,complete,15
235550,4807,1,0,1,feasible,15,10,3,7,7,6,feasible,15,6,7,feasible,15,6,7,feasible,4,0,complete,16,complete,15,complete,15,complete,15
235606,4808,2,0,1,feasible,10,10,2,5,9,9,feasible,10,7,11,feasible,10,7,11,feasible,4,1,complete,12,complete,10,complete,11,complete,10
235655,4809,2,0,1,feasible,15,10,3,6,7,6,feasible,15,6,7,feasible,15,6,7,feasible,4,0,complete,16,complete,15,complete,15,complete,15
235704,4810,2,0,1,feasible,10,10,2,5,9,9,feasible,10,7,11,feasible,10,7,11,feasible,4,1,complete,12,complete,10,complete,10,complete,10
235753,4811,2,0,1,feasible,15,10,3,6,7,6,feasible,15,6,7,feasible,15,6,7,feasible,4,0,complete,16,complete,15,complete,15,complete,15
235802,4812,2,0,1,feasible,15,10,3,7,7,6,feasible,15,6,7,feasible,15,6,7,feasible,4,0,complete,16,complete,15,complete,15,complete,15
235851,4813,2,0,1,feasible,15,10,3,6,7,6,feasible,15,6,7,feasible,15,6,7,feasible,4,0,complete,16,complete,15,complete,15,complete,15
235900,4814,2,0,1,feasible,15,10,3,7,7,6,feasible,15,6,7,feasible,15,6,7,feasible,4,0,complete,16,complete,15,complete,15,complete,15
235949,4815,2,0,1,feasible,15,14,3,8,7,6,feasible,15,6,7,feasible,15,6,7,feasible,4,0,complete,16,complete,15,complete,15,complete,15
235987,4816,0,3,1,feasible,10,10,2,6,9,9,feasible,10,7,11,feasible,10,7,11,feasible,4,1,complete,12,complete,10,complete,11,complete,10
236036,4817,0,3,1,feasible,10,10,2,7,7,7,feasible,10,6,8,feasible,10,6,8,feasible,4,1,complete,16,complete,10,complete,15,complete,10
236085,4818,0,3,1,feasible,10,10,2,6,9,9,feasible,10,7,11,feasible,10,7,11,feasible,4,1,complete,12,complete,10,complete,10,complete,10
236134,4819,0,3,1,feasible,10,10,2,7,7,7,feasible,10,6,8,feasible,10,6,8,feasible,4,1,complete,16,complete,10,complete,10,complete,10
236183,4820,0,3,1,feasible,14,14,2,8,7,7,feasible,14,6,8,feasible,14,6,8,feasible,4,1,complete,16,complete,14,complete,14,complete,15
236232,4821,0,3,1,feasible,10,10,2,7,7,7,feasible,10,6,8,feasible,10,6,8,feasible,4,1,complete,16,complete,10,complete,10,complete,10
236281,4822,0,3,1,feasible,14,14,2,8,7,7,feasible,14,6,8,feasible,14,6,8,feasible,4,1,complete,16,complete,14,complete,14,complete,14
236348,4823,3,0,1,feasible,15,14,3,9,7,6,feasible,15,6,7,feasible,15,6,7,feasible,4,0,complete,16,complete,15,complete,15,complete,15
236379,4824,0,3,1,feasible,6,6,2,4,6,6,feasible,6,5,6,feasible,6,5,6,feasible,3,1,complete,11,complete,11,complete,11,complete,6
236428,4825,0,3,1,feasible,15,10,3,5,4,3,feasible,15,4,3,feasible,15,4,3,feasible,3,0,complete,15,complete,15,complete,15,complete,15
236476,4826,0,2,1,feasible,6,6,2,4,4,3,feasible,6,4,4,feasible,6,4,4,feasible,3,1,complete,11,complete,6,complete,6,complete,6
236532,4827,1,2,1,feasible,10,10,2,5,4,3,feasible,10,4,4,feasible,10,4,4,feasible,3,1,complete,15,complete,10,complete,10,complete,10
236575,4828,0,3,1,feasible,15,10,3,6,4,3,feasible,15,4,3,feasible,15,4,3,feasible,3,0,complete,15,complete,15,complete,15,complete,15
236629,4829,1,1,1,feasible,10,10,2,5,4,3,feasible,10,4,4,feasible,10,4,4,feasible,3,1,complete,15,complete,10,complete,10,complete,10
236685,4830,2,1,1,feasible,10,10,2,6,4,3,feasible,10,4,4,feasible,10,4,4,feasible,3,1,complete,15,complete,10,complete,10,complete,10
236722,4831,0,3,1,feasible,15,10,3,7,4,3,feasible,15,4,3,feasible,15,4,3,feasible,3,0,complete,15,complete,15,complete,15,complete,15
236770,4832,0,2,1,feasible,6,6,2,4,7,7,feasible,6,6,8,feasible,6,6,8,feasible,4,1,complete,12,complete,6,complete,6,complete,6
236819,4833,0,2,1,feasible,16,10,4,5,5,4,feasible,16,5,4,feasible,16,5,4,feasible,4,0,complete,16,complete,16,complete,16,complete,16
236867,4834,0,1,1,feasible,6,6,2,4,5,4,feasible,6,5,6,feasible,6,5,6,feasible,4,1,complete,12,complete,6,complete,6,complete,6
236923,4835,1,1,1,feasible,10,10,2,5,5,4,feasible,10,5,6,feasible,10,5,6,feasible,4,1,complete,16,complete,10,complete,10,complete,11
236966,4836,0,2,1,feasible,16,10,4,6,5,4,feasible,16,5,4,feasible,16,5,4,feasible,4,0,complete,16,complete,16,complete,16,complete,16
237020,4837,1,0,1,feasible,10,10,2,5,5,4,feasible,10,5,6,feasible,10,5,6,feasible,4,1,complete,16,complete,10,complete,11,complete,11
237076,4838,2,0,1,feasible,10,10,2,6,5,4,feasible,10,5,6,feasible,10,5,6,feasible,4,1,complete,16,complete,10,complete,11,complete,11
237113,4839,0,2,1,feasible,16,10,4,7,5,4,feasible,16,5,4,feasible,16,5,4,feasible,4,0,complete,16,complete,16,complete,16,complete,16
237169,4840,1,2,1,feasible,10,10,2,5,7,7,feasible,10,6,8,feasible,10,6,8,feasible,4,1,complete,16,complete,10,complete,10,complete,10
237212,4841,0,3,1,feasible,15,10,3,6,7,6,feasible,15,6,7,feasible,15,6,7,feasible,4,0,complete,20,complete,15,complete,15,complete,15
237266,4842,1,1,1,feasible,10,10,2,5,5,4,feasible,10,5,6,feasible,10,5,6,feasible,4,1,complete,16,complete,10,complete,10,complete,10
237322,4843,2,1,1,feasible,10,10,2,6,5,4,feasible,10,5,6,feasible,10,5,6,feasible,4,1,complete,20,complete,10,complete,10,complete,10
237359,4844,0,3,1,feasible,15,10,3,7,7,6,feasible,15,6,7,feasible,15,6,7,feasible,4,0,complete,20,complete,15,complete,15,complete,15
237419,4845,2,0,1,feasible,10,10,2,6,5,4,feasible,10,5,6,feasible,10,5,6,feasible,4,1,complete,20,complete,10,complete,15,complete,10
237475,4846,3,0,1,feasible,10,10,2,7,5,4,feasible,10,5,6,feasible,10,5,6,feasible,4,1,complete,20,complete,10,complete,15,complete,10
237506,4847,0,3,1,feasible,20,10,4,8,5,4,feasible,20,5,4,feasible,20,5,4,feasible,4,0,complete,20,complete,20,complete,20,complete,20
237553,4848,0,1,1,feasible,6,6,2,4,7,7,feasible,6,6,8,feasible,6,6,8,feasible,4,1,complete,12,complete,6,complete,6,complete,6
237602,4849,0,1,1,feasible,16,10,4,5,5,4,feasible,16,5,4,feasible,16,5,4,feasible,4,0,complete,16,complete,16,complete,16,complete,16
237650,4850,0,0,1,feasible,6,6,2,4,5,4,feasible,6,5,6,feasible,6,5,6,feasible,4,1,complete,12,complete,6,complete,6,complete,6
237706,4851,1,0,1,feasible,10,10,2,5,5,4,feasible,10,5,6,feasible,10,5,6,feasible,4,1,complete,16,complete,10,complete,10,complete,11
237749,4852,0,1,1,feasible,16,10,4,6,5,4,feasible,16,5,4,feasible,16,5,4,feasible,4,0,complete,16,complete,16,complete,16,complete,16
237804,4853,1,0,1,feasible,10,10,2,5,5,4,feasible,10,5,6,feasible,10,5,6,feasible,4,1,complete,16,complete,10,complete,10,complete,11
237847,4854,0,1,1,feasible,16,10,4,6,5,4,feasible,16,5,4,feasible,16,5,4,feasible,4,0,complete,16,complete,16,complete,16,complete,16
237896,4855,0,1,1,feasible,16,10,4,7,5,4,feasible,16,5,4,feasible,16,5,4,feasible,4,0,complete,16,complete,16,complete,16,complete,16
237952,4856,1,1,1,feasible,10,10,2,5,7,7,feasible,10,6,8,feasible,10,6,8,feasible,4,1,complete,16,complete,10,complete,10,complete,10
238001,4857,1,1,1,feasible,20,10,4,6,5,4,feasible,20,5,4,feasible,20,5,4,feasible,4,0,complete,20,complete,20,complete,20,complete,20
238049,4858,1,0,1,feasible,10,10,2,5,5,4,feasible,10,5,6,feasible,10,5,6,feasible,4,1,complete,16,complete,10,complete,10,complete,10
238105,4859,2,0,1,feasible,10,10,2,6,5,4,feasible,10,5,6,feasible,10,5,6,feasible,4,1,complete,20,complete,10,complete,10,complete,10
238148,4860,1,1,1,feasible,20,10,4,7,5,4,feasible,20,5,4,feasible,20,5,4,feasible,4,0,complete,20,complete,20,complete,20,complete,20
238203,4861,2,0,1,feasible,10,10,2,6,5,4,feasible,10,5,6,feasible,10,5,6,feasible,4,1,complete,20,complete,10,complete,10,complete,10
238246,4862,1,1,1,feasible,20,10,4,7,5,4,feasible,20,5,4,feasible,20,5,4,feasible,4,0,complete,20,complete,20,complete,20,complete,20
238295,4863,1,1,1,feasible,20,10,4,8,5,4,feasible,20,5,4,feasible,20,5,4,feasible,4,0,complete,20,complete,20,complete,20,complete,20
238351,4864,2,1,1,feasible,10,10,2,6,7,7,feasible,10,6,8,feasible,10,6,8,feasible,4,1,complete,16,complete,10,complete,10,complete,10
238388,4865,0,3,1,feasible,15,10,3,7,7,6,feasible,15,6,7,feasible,15,6,7,feasible,4,0,complete,20,complete,15,complete,15,complete,15
238448,4866,2,0,1,feasible,10,10,2,6,5,4,feasible,10,5,6,feasible,10,5,6,feasible,4,1,complete,16,complete,10,complete,10,complete,10
238504,4867,3,0,1,feasible,10,10,2,7,5,4,feasible,10,5,6,feasible,10,5,6,feasible,4,1,complete,20,complete,10,complete,10,complete,10
238535,4868,0,3,1,feasible,20,10,4,8,5,4,feasible,20,5,4,feasible,20,5,4,feasible,4,0,complete,20,complete,20,complete,20,complete,20
238602,4869,3,0,1,feasible,10,10,2,7,5,4,feasible,10,5,6,feasible,10,5,6,feasible,4,1,complete,20,complete,10,complete,10,complete,10
238633,4870,0,3,1,feasible,20,10,4,8,5,4,feasible,20,5,4,feasible,20,5,4,feasible,4,0,complete,20,complete,20,complete,20,complete,20
238682,4871,0,3,1,feasible,20,14,4,9,5,4,feasible,20,5,4,feasible,20,5,4,feasible,4,0,complete,20,complete,20,complete,20,complete,20
238735,4872,1,0,1,feasible,10,10,2,5,7,7,feasible,10,6,8,feasible,10,6,8,feasible,4,1,complete,16,complete,10,complete,16,complete,10
238784,4873,1,0,1,feasible,20,10,4,6,5,4,feasible,20,5,4,feasible,20,5,4,feasible,4,0,complete,20,complete,20,complete,20,complete,20
238833,4874,1,0,1,feasible,10,10,2,5,7,7,feasible,10,6,8,feasible,10,6,8,feasible,4,1,complete,16,complete,10,complete,10,complete,10
238882,4875,1,0,1,feasible,20,10,4,6,5,4,feasible,20,5,4,feasible,20,5,4,feasible,4,0,complete,20,complete,20,complete,20,complete,20
238931,4876,1,0,1,feasible,20,10,4,7,5,4,feasible,20,5,4,feasible,20,5,4,feasible,4,0,complete,20,complete,20,complete,20,complete,20
238980,4877,1,0,1,feasible,20,10,4,6,5,4,feasible,20,5,4,feasible,20,5,4,feasible,4,0,complete,20,complete,20,complete,20,complete,20
239029,4878,1,0,1,feasible,20,10,4,7,5,4,feasible,20,5,4,feasible,20,5,4,feasible,4,0,complete,20,complete,20,complete,20,complete,20
239078,4879,1,0,1,feasible,20,10,4,8,5,4,feasible,20,5,4,feasible,20,5,4,feasible,4,0,complete,20,complete,20,complete,20,complete,20
239134,4880,2,0,1,feasible,10,10,2,6,7,7,feasible,10,6,8,feasible,10,6,8,feasible,4,1,complete,16,complete,10,complete,16,complete,10
239183,4881,2,0,1,feasible,20,10,4,7,5,4,feasible,20,5,4,feasible,20,5,4,feasible,4,0,complete,20,complete,20,complete,20,complete,20
239232,4882,2,0,1,feasible,10,10,2,6,7,7,feasible,10,6,8,feasible,10,6,8,feasible,4,1,complete,16,complete,10,complete,10,complete,10
239281,4883,2,0,1,feasible,20,10,4,7,5,4,feasible,20,5,4,feasible,20,5,4,feasible,4,0,complete,20,complete,20,complete,20,complete,20
239330,4884,2,0,1,feasible,20,10,4,8,5,4,feasible,20,5,4,feasible,20,5,4,feasible,4,0,complete,20,complete,20,complete,20,complete,20
239379,4885,2,0,1,feasible,20,10,4,7,5,4,feasible,20,5,4,feasible,20,5,4,feasible,4,0,complete,20,complete,20,complete,20,complete,20
239428,4886,2,0,1,feasible,20,10,4,8,5,4,feasible,20,5,4,feasible,20,5,4,feasible,4,0,complete,20,complete,20,complete,20,complete,20
239477,4887,2,0,1,feasible,20,14,4,9,5,4,feasible,20,5,4,feasible,20,5,4,feasible,4,0,complete,20,complete,20,complete,20,complete,20
239533,4888,3,0,1,feasible,10,10,2,7,7,7,feasible,10,6,8,feasible,10,6,8,feasible,4,1,complete,16,complete,10,complete,16,complete,10
239564,4889,0,3,1,feasible,20,10,4,8,5,4,feasible,20,5,4,feasible,20,5,4,feasible,4,0,complete,20,complete,20,complete,20,complete,20
239631,4890,3,0,1,feasible,10,10,2,7,7,7,feasible,10,6,8,feasible,10,6,8,feasible,4,1,complete,16,complete,10,complete,10,complete,10
239662,4891,0,3,1,feasible,20,10,4,8,5,4,feasible,20,5,4,feasible,20,5,4,feasible,4,0,complete,20,complete,20,complete,20,complete,20
239711,4892,0,3,1,feasible,20,14,4,9,5,4,feasible,20,5,4,feasible,20,5,4,feasible,4,0,complete,20,complete,20,complete,20,complete,20
239760,4893,0,3,1,feasible,20,10,4,8,5,4,feasible,20,5,4,feasible,20,5,4,feasible,4,0,complete,20,complete,20,complete,20,complete,20
239809,4894,0,3,1,feasible,20,14,4,9,5,4,feasible,20,5,4,feasible,20,5,4,feasible,4,0,complete,20,complete,20,complete,20,complete,20
239876,4895,3,0,1,feasible,20,14,4,10,5,4,feasible,20,5,4,feasible,20,5,4,feasible,4,0,complete,20,complete,20,complete,20,complete,20
239908,4896,0,4,1,feasible,10,10,2,5,6,6,feasible,10,5,6,feasible,10,5,6,feasible,3,1,complete,11,complete,11,complete,11,complete,11
239957,4897,0,4,1,feasible,15,14,3,6,4,3,feasible,15,4,3,feasible,15,4,3,feasible,3,0,complete,15,complete,15,complete,15,complete,15
240005,4898,0,3,1,feasible,10,10,2,5,6,6,feasible,10,5,6,feasible,10,5,6,feasible,3,1,complete,11,complete,11,complete,11,complete,11
240054,4899,0,3,1,feasible,15,14,3,6,4,3,feasible,15,4,3,feasible,15,4,3,feasible,3,0,complete,15,complete,15,complete,15,complete,15
240103,4900,0,3,1,feasible,15,14,3,7,4,3,feasible,15,4,3,feasible,15,4,3,feasible,3,0,complete,15,complete,15,complete,15,complete,15
240158,4901,1,2,1,feasible,14,14,2,6,4,3,feasible,14,4,4,feasible,14,4,4,feasible,3,1,complete,15,complete,14,complete,14,complete,15
240201,4902,0,3,1,feasible,15,14,3,7,4,3,feasible,15,4,3,feasible,15,4,3,feasible,3,0,complete,15,complete,15,complete,15,complete,15
240250,4903,0,3,1,feasible,15,14,3,8,4,3,feasible,15,4,3,feasible,15,4,3,feasible,3,0,complete,15,complete,15,complete,15,complete,15
240299,4904,0,3,1,feasible,10,10,2,5,9,10,feasible,10,7,11,feasible,10,7,11,feasible,4,1,complete,12,complete,11,complete,11,complete,11
240348,4905,0,3,1,feasible,15,14,3,6,7,7,feasible,15,6,7,feasible,15,6,7,feasible,4,0,complete,16,complete,15,complete,15,complete,16
240396,4906,0,2,1,feasible,10,10,2,5,7,7,feasible,10,6,8,feasible,10,6,8,feasible,4,1,complete,12,complete,10,complete,10,complete,11
240445,4907,0,2,1,feasible,16,14,4,6,5,4,feasible,16,5,4,feasible,16,5,4,feasible,4,0,complete,16,complete,16,complete,16,complete,16
240494,4908,0,2,1,feasible,16,14,4,7,5,4,feasible,16,5,4,feasible,16,5,4,feasible,4,0,complete,16,complete,16,complete,16,complete,16
240549,4909,1,1,1,feasible,14,14,2,6,5,4,feasible,14,5,6,feasible,14,5,6,feasible,4,1,complete,16,complete,14,complete,15,complete,16
240592,4910,0,2,1,feasible,16,14,4,7,5,4,feasible,16,5,4,feasible,16,5,4,feasible,4,0,complete,16,complete,16,complete,16,complete,16
240641,4911,0,2,1,feasible,16,14,4,8,5,4,feasible,16,5,4,feasible,16,5,4,feasible,4,0,complete,16,complete,16,complete,16,complete,16
240691,4912,0,3,1,feasible,15,14,3,6,5,4,feasible,15,5,5,feasible,15,5,5,feasible,4,0,complete,16,complete,15,complete,15,complete,15
240740,4913,0,3,1,feasible,15,14,3,7,5,4,feasible,15,5,5,feasible,15,5,5,feasible,4,0,complete,20,complete,15,complete,15,complete,15
240795,4914,1,2,1,feasible,14,14,2,6,7,7,feasible,14,6,8,feasible,14,6,8,feasible,4,1,complete,16,complete,14,complete,14,complete,15
240838,4915,0,3,1,feasible,15,14,3,7,5,4,feasible,15,5,5,feasible,15,5,5,feasible,4,0,complete,20,complete,15,complete,15,complete,15
240887,4916,0,3,1,feasible,15,14,3,8,5,4,feasible,15,5,5,feasible,15,5,5,feasible,4,0,complete,20,complete,15,complete,15,complete,15
240948,4917,2,1,1,feasible,14,14,2,7,5,4,feasible,14,5,6,feasible,14,5,6,feasible,4,1,complete,20,complete,14,complete,19,complete,15
240985,4918,0,3,1,feasible,15,14,3,8,5,4,feasible,15,5,5,feasible,15,5,5,feasible,4,0,complete,20,complete,15,complete,20,complete,15
241040,4919,1,2,1,feasible,20,14,4,9,5,4,feasible,20,5,4,feasible,20,5,4,feasible,4,0,complete,20,complete,20,complete,20,complete,20
241082,4920,0,2,1,feasible,10,10,2,5,7,7,feasible,10,6,8,feasible,10,6,8,feasible,4,1,complete,12,complete,10,complete,10,complete,11
241131,4921,0,2,1,feasible,16,14,4,6,5,4,feasible,16,5,4,feasible,16,5,4,feasible,4,0,complete,16,complete,16,complete,16,complete,16
241179,4922,0,1,1,feasible,10,10,2,5,7,7,feasible,10,6,8,feasible,10,6,8,feasible,4,1,complete,12,complete,10,complete,10,complete,11
241228,4923,0,1,1,feasible,16,14,4,6,5,4,feasible,16,5,4,feasible,16,5,4,feasible,4,0,complete,16,complete,16,complete,16,complete,16
241277,4924,0,1,1,feasible,16,14,4,7,5,4,feasible,16,5,4,feasible,16,5,4,feasible,4,0,complete,16,complete,16,complete,16,complete,16
241332,4925,1,0,1,feasible,14,14,2,6,5,4,feasible,14,5,6,feasible,14,5,6,feasible,4,1,complete,16,complete,14,complete,14,complete,16
241375,4926,0,1,1,feasible,16,14,4,7,5,4,feasible,16,5,4,feasible,16,5,4,feasible,4,0,complete,16,complete,16,complete,16,complete,16
241424,4927,0,1,1,feasible,16,14,4,8,5,4,feasible,16,5,4,feasible,16,5,4,feasible,4,0,complete,16,complete,16,complete,16,complete,16
241481,4928,1,2,1,feasible,14,14,2,6,7,7,feasible,14,6,8,feasible,14,6,8,feasible,4,1,complete,16,complete,14,complete,14,complete,15
241524,4929,0,3,1,feasible,15,14,3,7,7,6,feasible,15,6,7,feasible,15,6,7,feasible,4,0,complete,20,complete,15,complete,15,complete,15
241578,4930,1,1,1,feasible,14,14,2,6,7,7,feasible,14,6,8,feasible,14,6,8,feasible,4,1,complete,16,complete,14,complete,14,complete,15
241627,4931,1,1,1,feasible,20,14,4,7,5,4,feasible,20,5,4,feasible,20,5,4,feasible,4,0,complete,20,complete,20,complete,20,complete,20
241676,4932,1,1,1,feasible,20,14,4,8,5,4,feasible,20,5,4,feasible,20,5,4,feasible,4,0,complete,20,complete,20,complete,20,complete,20
241731,4933,2,0,1,feasible,14,14,2,7,5,4,feasible,14,5,6,feasible,14,5,6,feasible,4,1,complete,20,complete,14,complete,14,complete,15
241774,4934,1,1,1,feasible,20,14,4,8,5,4,feasible,20,5,4,feasible,20,5,4,feasible,4,0,complete,20,complete,20,complete,20,complete,20
241823,4935,1,1,1,feasible,20,14,4,9,5,4,feasible,20,5,4,feasible,20,5,4,feasible,4,0,complete,20,complete,20,complete,20,complete,20
241867,4936,0,3,1,feasible,15,14,3,7,7,6,feasible,15,6,7,feasible,15,6,7,feasible,4,0,complete,16,complete,15,complete,15,complete,15
241916,4937,0,3,1,feasible,15,14,3,8,7,6,feasible,15,6,7,feasible,15,6,7,feasible,4,0,complete,20,complete,15,complete,15,complete,15
241977,4938,2,1,1,feasible,14,14,2,7,7,7,feasible,14,6,8,feasible,14,6,8,feasible,4,1,complete,16,complete,14,complete,14,complete,15
242014,4939,0,3,1,feasible,15,14,3,8,7,6,feasible,15,6,7,feasible,15,6,7,feasible,4,0,complete,20,complete,15,complete,15,complete,15
242063,4940,0,3,1,feasible,20,14,4,9,5,4,feasible,20,5,4,feasible,20,5,4,feasible,4,0,complete,20,complete,20,complete,20,complete,20
242130,4941,3,0,1,feasible,14,14,2,8,5,4,feasible,14,5,6,feasible,14,5,6,feasible,4,1,complete,20,complete,14,complete,14,complete,15
242161,4942,0,3,1,feasible,20,14,4,9,5,4,feasible,20,5,4,feasible,20,5,4,feasible,4,0,complete,20,complete,20,complete,20,complete,20
242210,4943,0,3,1,feasible,20,18,4,10,5,4,feasible,20,5,4,feasible,20,5,4,feasible,4,0,complete,20,complete,20,complete,20,complete,20
242264,4944,1,1,1,feasible,14,14,2,6,7,7,feasible,14,6,8,feasible,14,6,8,feasible,4,1,complete,16,complete,14,complete,16,complete,15
242313,4945,1,1,1,feasible,20,14,4,7,5,4,feasible,20,5,4,feasible,20,5,4,feasible,4,0,complete,20,complete,20,complete,20,complete,20
242361,4946,1,0,1,feasible,14,14,2,6,7,7,feasible,14,6,8,feasible,14,6,8,feasible,4,1,complete,16,complete,14,complete,14,complete,15
242410,4947,1,0,1,feasible,20,14,4,7,5,4,feasible,20,5,4,feasible,20,5,4,feasible,4,0,complete,20,complete,20,complete,20,complete,20
242459,4948,1,0,1,feasible,20,14,4,8,5,4,feasible,20,5,4,feasible,20,5,4,feasible,4,0,complete,20,complete,20,complete,20,complete,20
242508,4949,1,0,1,feasible,20,14,4,7,5,4,feasible,20,5,4,feasible,20,5,4,feasible,4,0,complete,20,complete,20,complete,20,complete,20
242557,4950,1,0,1,feasible,20,14,4,8,5,4,feasible,20,5,4,feasible,20,5,4,feasible,4,0,complete,20,complete,20,complete,20,complete,20
242606,4951,1,0,1,feasible,20,14,4,9,5,4,feasible,20,5,4,feasible,20,5,4,feasible,4,0,complete,20,complete,20,complete,20,complete,20
242663,4952,2,1,1,feasible,14,14,2,7,7,7,feasible,14,6,8,feasible,14,6,8,feasible,4,1,complete,16,complete,14,complete,16,complete,15
242700,4953,0,3,1,feasible,15,14,3,8,7,6,feasible,15,6,7,feasible,15,6,7,feasible,4,0,complete,20,complete,15,complete,20,complete,15
242760,4954,2,0,1,feasible,14,14,2,7,7,7,feasible,14,6,8,feasible,14,6,8,feasible,4,1,complete,16,complete,14,complete,14,complete,15
242809,4955,2,0,1,feasible,20,14,4,8,5,4,feasible,20,5,4,feasible,20,5,4,feasible,4,0,complete,20,complete,20,complete,20,complete,20
242858,4956,2,0,1,feasible,20,14,4,9,5,4,feasible,20,5,4,feasible,20,5,4,feasible,4,0,complete,20,complete,20,complete,20,complete,20
242907,4957,2,0,1,feasible,20,14,4,8,5,4,feasible,20,5,4,feasible,20,5,4,feasible,4,0,complete,20,complete,20,complete,20,complete,20
242956,4958,2,0,1,feasible,20,14,4,9,5,4,feasible,20,5,4,feasible,20,5,4,feasible,4,0,complete,20,complete,20,complete,20,complete,20
243005,4959,2,0,1,feasible,20,18,4,10,5,4,feasible,20,5,4,feasible,20,5,4,feasible,4,0,complete,20,complete,20,complete,20,complete,20
243043,4960,0,3,1,feasible,15,14,3,8,7,6,feasible,15,6,7,feasible,15,6,7,feasible,4,0,complete,16,complete,15,complete,16,complete,15
243092,4961,0,3,1,feasible,20,14,4,9,5,4,feasible,20,5,4,feasible,20,5,4,feasible,4,0,complete,20,complete,20,complete,20,complete,20
243159,4962,3,0,1,feasible,14,14,2,8,7,7,feasible,14,6,8,feasible,14,6,8,feasible,4,1,complete,16,complete,14,complete,14,complete,15
243190,4963,0,3,1,feasible,20,14,4,9,5,4,feasible,20,5,4,feasible,20,5,4,feasible,4,0,complete,20,complete,20,complete,20,complete,20
243239,4964,0,3,1,feasible,20,18,4,10,5,4,feasible,20,5,4,feasible,20,5,4,feasible,4,0,complete,20,complete,20,complete,20,complete,20
243288,4965,0,3,1,feasible,20,14,4,9,5,4,feasible,20,5,4,feasible,20,5,4,feasible,4,0,complete,20,complete,20,complete,20,complete,20
243337,4966,0,3,1,feasible,20,18,4,10,5,4,feasible,20,5,4,feasible,20,5,4,feasible,4,0,complete,20,complete,20,complete,20,complete,20
243404,4967,3,0,1,feasible,20,18,4,11,5,4,feasible,20,5,4,feasible,20,5,4,feasible,4,0,complete,20,complete,20,complete,20,complete,20
243435,4968,0,3,1,feasible,6,6,2,4,6,6,feasible,6,5,6,feasible,6,5,6,feasible,3,1,complete,11,complete,11,complete,11,complete,6
243484,4969,0,3,1,feasible,15,10,3,5,4,3,feasible,15,4,3,feasible,15,4,3,feasible,3,0,complete,15,complete,15,complete,15,complete,15
243532,4970,0,2,1,feasible,6,6,2,4,4,3,feasible,6,4,4,feasible,6,4,4,feasible,3,1,complete,11,complete,6,complete,6,complete,6
243588,4971,1,2,1,feasible,10,10,2,5,4,3,feasible,10,4,4,feasible,10,4,4,feasible,3,1,complete,15,complete,10,complete,10,complete,10
243631,4972,0,3,1,feasible,15,10,3,6,4,3,feasible,15,4,3,feasible,15,4,3,feasible,3,0,complete,15,complete,15,complete,15,complete,15
243685,4973,1,1,1,feasible,10,10,2,5,4,3,feasible,10,4,4,feasible,10,4,4,feasible,3,1,complete,15,complete,10,complete,10,complete,10
243741,4974,2,1,1,feasible,10,10,2,6,4,3,feasible,10,4,4,feasible,10,4,4,feasible,3,1,complete,15,complete,10,complete,10,complete,10
243778,4975,0,3,1,feasible,15,10,3,7,4,3,feasible,15,4,3,feasible,15,4,3,feasible,3,0,complete,15,complete,15,complete,15,complete,15
243826,4976,0,2,1,feasible,6,6,2,4,7,7,feasible,6,6,8,feasible,6,6,8,feasible,4,1,complete,12,complete,6,complete,6,complete,6
243875,4977,0,2,1,feasible,16,10,4,5,5,4,feasible,16,5,4,feasible,16,5,4,feasible,4,0,complete,16,complete,16,complete,16,complete,16
243923,4978,0,1,1,feasible,6,6,2,4,5,4,feasible,6,5,6,feasible,6,5,6,feasible,4,1,complete,12,complete,6,complete,6,complete,6
243979,4979,1,1,1,feasible,10,10,2,5,5,4,feasible,10,5,6,feasible,10,5,6,feasible,4,1,complete,16,complete,10,complete,10,complete,11
244022,4980,0,2,1,feasible,16,10,4,6,5,4,feasible,16,5,4,feasible,16,5,4,feasible,4,0,complete,16,complete,16,complete,16,complete,16
244076,4981,1,0,1,feasible,10,10,2,5,5,4,feasible,10,5,6,feasible,10,5,6,feasible,4,1,complete,16,complete,10,complete,11,complete,11
244132,4982,2,0,1,feasible,10,10,2,6,5,4,feasible,10,5,6,feasible,10,5,6,feasible,4,1,complete,16,complete,10,complete,11,complete,11
244169,4983,0,2,1,feasible,16,10,4,7,5,4,feasible,16,5,4,feasible,16,5,4,feasible,4,0,complete,16,complete,16,complete,16,complete,16
244225,4984,1,2,1,feasible,10,10,2,5,7,7,feasible,10,6,8,feasible,10,6,8,feasible,4,1,complete,16,complete,10,complete,10,complete,10
244268,4985,0,3,1,feasible,15,10,3,6,7,6,feasible,15,6,7,feasible,15,6,7,feasible,4,0,complete,20,complete,15,complete,15,complete,15
244322,4986,1,1,1,feasible,10,10,2,5,5,4,feasible,10,5,6,feasible,10,5,6,feasible,4,1,complete,16,complete,10,complete,10,complete,10
244378,4987,2,1,1,feasible,10,10,2,6,5,4,feasible,10,5,6,feasible,10,5,6,feasible,4,1,complete,20,complete,10,complete,10,complete,10
244415,4988,0,3,1,feasible,15,10,3,7,7,6,feasible,15,6,7,feasible,15,6,7,feasible,4,0,complete,20,complete,15,complete,15,complete,15
244475,4989,2,0,1,feasible,10,10,2,6,5,4,feasible,10,5,6,feasible,10,5,6,feasible,4,1,complete,20,complete,10,complete,15,complete,10
244531,4990,3,0,1,feasible,10,10,2,7,5,4,feasible,10,5,6,feasible,10,5,6,feasible,4,1,complete,20,complete,10,complete,15,complete,10
244562,4991,0,3,1,feasible,20,10,4,8,5,4,feasible,20,5,4,feasible,20,5,4,feasible,4,0,complete,20,complete,20,complete,20,complete,20
244609,4992,0,1,1,feasible,6,6,2,4,7,7,feasible,6,6,8,feasible,6,6,8,feasible,4,1,complete,12,complete,6,complete,6,complete,6
244658,4993,0,1,1,feasible,16,10,4,5,5,4,feasible,16,5,4,feasible,16,5,4,feasible,4,0,complete,16,complete,16,complete,16,complete,16
244706,4994,0,0,1,feasible,6,6,2,4,5,4,feasible,6,5,6,feasible,6,5,6,feasible,4,1,complete,12,complete,6,complete,6,complete,6
244762,4995,1,0,1,feasible,10,10,2,5,5,4,feasible,10,5,6,feasible,10,5,6,feasible,4,1,complete,16,complete,10,complete,10,complete,11
244805,4996,0,1,1,feasible,16,10,4,6,5,4,feasible,16,5,4,feasible,16,5,4,feasible,4,0,complete,16,complete,16,complete,16,complete,16
244860,4997,1,0,1,feasible,10,10,2,5,5,4,feasible,10,5,6,feasible,10,5,6,feasible,4,1,complete,16,complete,10,complete,10,complete,11
244903,4998,0,1,1,feasible,16,10,4,6,5,4,feasible,16,5,4,feasible,16,5,4,feasible,4,0,complete,16,complete,16,complete,16,complete,16
244952,4999,0,1,1,feasible,16,10,4,7,5,4,feasible,16,5,4,feasible,16,5,4,feasible,4,0,complete,16,complete,16,complete,16,complete,16
245008,5000,1,1,1,feasible,10,10,2,5,7,7,feasible,10,6,8,feasible,10,6,8,feasible,4,1,complete,16,complete,10,complete,10,complete,10
245057,5001,1,1,1,feasible,20,10,4,6,5,4,feasible,20,5,4,feasible,20,5,4,feasible,4,0,complete,20,complete,20,complete,20,complete,20
245105,5002,1,0,1,feasible,10,10,2,5,5,4,feasible,10,5,6,feasible,10,5,6,feasible,4,1,complete,16,complete,10,complete,10,complete,10
245161,5003,2,0,1,feasible,10,10,2,6,5,4,feasible,10,5,6,feasible,10,5,6,feasible,4,1,complete,20,complete,10,complete,10,complete,10
245204,5004,1,1,1,feasible,20,10,4,7,5,4,feasible,20,5,4,feasible,20,5,4,feasible,4,0,complete,20,complete,20,complete,20,complete,20
245259,5005,2,0,1,feasible,10,10,2,6,5,4,feasible,10,5,6,feasible,10,5,6,feasible,4,1,complete,20,complete,10,complete,10,complete,10
245302,5006,1,1,1,feasible,20,10,4,7,5,4,feasible,20,5,4,feasible,20,5,4,feasible,4,0,complete,20,complete,20,complete,20,complete,20
245351,5007,1,1,1,feasible,20,10,4,8,5,4,feasible,20,5,4,feasible,20,5,4,feasible,4,0,complete,20,complete,20,complete,20,complete,20
245407,5008,2,1,1,feasible,10,10,2,6,7,7,feasible,10,6,8,feasible,10,6,8,feasible,4,1,complete,16,complete,10,complete,10,complete,10
245444,5009,0,3,1,feasible,15,10,3,7,7,6,feasible,15,6,7,feasible,15,6,7,feasible,4,0,complete,20,complete,15,complete,15,complete,15
245504,5010,2,0,1,feasible,10,10,2,6,5,4,feasible,10,5,6,feasible,10,5,6,feasible,4,1,complete,16,complete,10,complete,10,complete,10
245560,5011,3,0,1,feasible,10,10,2,7,5,4,feasible,10,5,6,feasible,10,5,6,feasible,4,1,complete,20,complete,10,complete,10,complete,10
245591,5012,0,3,1,feasible,20,10,4,8,5,4,feasible,20,5,4,feasible,20,5,4,feasible,4,0,complete,20,complete,20,complete,20,complete,20
245658,5013,3,0,1,feasible,10,10,2,7,5,4,feasible,10,5,6,feasible,10,5,6,feasible,4,1,complete,20,complete,10,complete,10,complete,10
245689,5014,0,3,1,feasible,20,10,4,8,5,4,feasible,20,5,4,feasible,20,5,4,feasible,4,0,complete,20,complete,20,complete,20,complete,20
245738,5015,0,3,1,feasible,20,14,4,9,5,4,feasible,20,5,4,feasible,20,5,4,feasible,4,0,complete,20,complete,20,complete,20,complete,20
245791,5016,1,0,1,feasible,10,10,2,5,7,7,feasible,10,6,8,feasible,10,6,8,feasible,4,1,complete,16,complete,10,complete,16,complete,10
245840,5017,1,0,1,feasible,20,10,4,6,5,4,feasible,20,5,4,feasible,20,5,4,feasible,4,0,complete,20,complete,20,complete,20,complete,20
245889,5018,1,0,1,feasible,10,10,2,5,7,7,feasible,10,6,8,feasible,10,6,8,feasible,4,1,complete,16,complete,10,complete,10,complete,10
245938,5019,1,0,1,feasible,20,10,4,6,5,4,feasible,20,5,4,feasible,20,5,4,feasible,4,0,complete,20,complete,20,complete,20,complete,20
245987,5020,1,0,1,feasible,20,10,4,7,5,4,feasible,20,5,4,feasible,20,5,4,feasible,4,0,complete,20,complete,20,complete,20,complete,20
246036,5021,1,0,1,feasible,20,10,4,6,5,4,feasible,20,5,4,feasible,20,5,4,feasible,4,0,complete,20,complete,20,complete,20,complete,20
246085,5022,1,0,1,feasible,20,10,4,7,5,4,feasible,20,5,4,feasible,20,5,4,feasible,4,0,complete,20,complete,20,complete,20,complete,20
246134,5023,1,0,1,feasible,20,10,4,8,5,4,feasible,20,5,4,feasible,20,5,4,feasible,4,0,complete,20,complete,20,complete,20,complete,20
246190,5024,2,0,1,feasible,10,10,2,6,7,7,feasible,10,6,8,feasible,10,6,8,feasible,4,1,complete,16,complete,10,complete,16,complete,10
246239,5025,2,0,1,feasible,20,10,4,7,5,4,feasible,20,5,4,feasible,20,5,4,feasible,4,0,complete,20,complete,20,complete,20,complete,20
246288,5026,2,0,1,feasible,10,10,2,6,7,7,feasible,10,6,8,feasible,10,6,8,feasible,4,1,complete,16,complete,10,complete,10,complete,10
246337,5027,2,0,1,feasible,20,10,4,7,5,4,feasible,20,5,4,feasible,20,5,4,feasible,4,0,complete,20,complete,20,complete,20,complete,20
246386,5028,2,0,1,feasible,20,10,4,8,5,4,feasible,20,5,4,feasible,20,5,4,feasible,4,0,complete,20,complete,20,complete,20,complete,20
246435,5029,2,0,1,feasible,20,10,4,7,5,4,feasible,20,5,4,feasible,20,5,4,feasible,4,0,complete,20,complete,20,complete,20,complete,20
246484,5030,2,0,1,feasible,20,10,4,8,5,4,feasible,20,5,4,feasible,20,5,4,feasible,4,0,complete,20,complete,20,complete,20,complete,20
246533,5031,2,0,1,feasible,20,14,4,9,5,4,feasible,20,5,4,feasible,20,5,4,feasible,4,0,complete,20,complete,20,complete,20,complete,20
246589,5032,3,0,1,feasible,10,10,2,7,7,7,feasible,10,6,8,feasible,10,6,8,feasible,4,1,complete,16,complete,10,complete,16,complete,10
246620,5033,0,3,1,feasible,20,10,4,8,5,4,feasible,20,5,4,feasible,20,5,4,feasible,4,0,complete,20,complete,20,complete,20,complete,20
246687,5034,3,0,1,feasible,10,10,2,7,7,7,feasible,10,6,8,feasible,10,6,8,feasible,4,1,complete,16,complete,10,complete,10,complete,10
246718,5035,0,3,1,feasible,20,10,4,8,5,4,feasible,20,5,4,feasible,20,5,4,feasible,4,0,complete,20,complete,20,complete,20,complete,20
246767,5036,0,3,1,feasible,20,14,4,9,5,4,feasible,20,5,4,feasible,20,5,4,feasible,4,0,complete,20,complete,20,complete,20,complete,20
246816,5037,0,3,1,feasible,20,10,4,8,5,4,feasible,20,5,4,feasible,20,5,4,feasible,4,0,complete,20,complete,20,complete,20,complete,20
246865,5038,0,3,1,feasible,20,14,4,9,5,4,feasible,20,5,4,feasible,20,5,4,feasible,4,0,complete,20,complete,20,complete,20,complete,20
246914,5039,0,3,1,feasible,20,14,4,10,5,4,feasible,20,5,4,feasible,20,5,4,feasible,4,0,complete,20,complete,20,complete,20,complete,20
246964,5040,0,4,1,feasible,10,10,2,5,6,6,feasible,10,5,6,feasible,10,5,6,feasible,3,1,complete,11,complete,11,complete,11,complete,10
247013,5041,0,4,1,feasible,15,14,3,6,4,3,feasible,15,4,3,feasible,15,4,3,feasible,3,0,complete,15,complete,15,complete,15,complete,15
247061,5042,0,3,1,feasible,10,10,2,5,6,6,feasible,10,5,6,feasible,10,5,6,feasible,3,1,complete,11,complete,11,complete,11,complete,10
247110,5043,0,3,1,feasible,15,14,3,6,4,3,feasible,15,4,3,feasible,15,4,3,feasible,3,0,complete,15,complete,15,complete,15,complete,15
247159,5044,0,3,1,feasible,15,14,3,7,4,3,feasible,15,4,3,feasible,15,4,3,feasible,3,0,complete,15,complete,15,complete,15,complete,15
247214,5045,1,2,1,feasible,14,14,2,6,4,3,feasible,14,4,4,feasible,14,4,4,feasible,3,1,complete,15,complete,14,complete,14,complete,14
247257,5046,0,3,1,feasible,15,14,3,7,4,3,feasible,15,4,3,feasible,15,4,3,feasible,3,0,complete,15,complete,15,complete,15,complete,15
247306,5047,0,3,1,feasible,15,14,3,8,4,3,feasible,15,4,3,feasible,15,4,3,feasible,3,0,complete,15,complete,15,complete,15,complete,15
247355,5048,0,3,1,feasible,10,10,2,5,9,10,feasible,10,7,11,feasible,10,7,11,feasible,4,1,complete,12,complete,11,complete,11,complete,10
247404,5049,0,3,1,feasible,15,14,3,6,7,7,feasible,15,6,7,feasible,15,6,7,feasible,4,0,complete,16,complete,15,complete,15,complete,16
247452,5050,0,2,1,feasible,10,10,2,5,7,7,feasible,10,6,8,feasible,10,6,8,feasible,4,1,complete,12,complete,10,complete,10,complete,10
247501,5051,0,2,1,feasible,16,14,4,6,5,4,feasible,16,5,4,feasible,16,5,4,feasible,4,0,complete,16,complete,16,complete,16,complete,16
247550,5052,0,2,1,feasible,16,14,4,7,5,4,feasible,16,5,4,feasible,16,5,4,feasible,4,0,complete,16,complete,16,complete,16,complete,16
247605,5053,1,1,1,feasible,14,14,2,6,5,4,feasible,14,5,6,feasible,14,5,6,feasible,4,1,complete,16,complete,14,complete,15,complete,15
247648,5054,0,2,1,feasible,16,14,4,7,5,4,feasible,16,5,4,feasible,16,5,4,feasible,4,0,complete,16,complete,16,complete,16,complete,16
247697,5055,0,2,1,feasible,16,14,4,8,5,4,feasible,16,5,4,feasible,16,5,4,feasible,4,0,complete,16,complete,16,complete,16,complete,16
247747,5056,0,3,1,feasible,15,14,3,6,5,4,feasible,15,5,5,feasible,15,5,5,feasible,4,0,complete,16,complete,15,complete,15,complete,15
247796,5057,0,3,1,feasible,15,14,3,7,5,4,feasible,15,5,5,feasible,15,5,5,feasible,4,0,complete,20,complete,15,complete,15,complete,15
247851,5058,1,2,1,feasible,14,14,2,6,7,7,feasible,14,6,8,feasible,14,6,8,feasible,4,1,complete,16,complete,14,complete,14,complete,14
247894,5059,0,3,1,feasible,15,14,3,7,5,4,feasible,15,5,5,feasible,15,5,5,feasible,4,0,complete,20,complete,15,complete,15,complete,15
247943,5060,0,3,1,feasible,15,14,3,8,5,4,feasible,15,5,5,feasible,15,5,5,feasible,4,0,complete,20,complete,15,complete,15,complete,15
248004,5061,2,1,1,feasible,14,14,2,7,5,4,feasible,14,5,6,feasible,14,5,6,feasible,4,1,complete,20,complete,14,complete,19,complete,14
248041,5062,0,3,1,feasible,15,14,3,8,5,4,feasible,15,5,5,feasible,15,5,5,feasible,4,0,complete,20,complete,15,complete,20,complete,15
248096,5063,1,2,1,feasible,20,14,4,9,5,4,feasible,20,5,4,feasible,20,5,4,feasible,4,0,complete,20,complete,20,complete,20,complete,20
248138,5064,0,2,1,feasible,10,10,2,5,7,7,feasible,10,6,8,feasible,10,6,8,feasible,4,1,complete,12,complete,10,complete,10,complete,10
248187,5065,0,2,1,feasible,16,14,4,6,5,4,feasible,16,5,4,feasible,16,5,4,feasible,4,0,complete,16,complete,16,complete,16,complete,16
248235,5066,0,1,1,feasible,10,10,2,5,7,7,feasible,10,6,8,feasible,10,6,8,feasible,4,1,complete,12,complete,10,complete,10,complete,10
248284,5067,0,1,1,feasible,16,14,4,6,5,4,feasible,16,5,4,feasible,16,5,4,feasible,4,0,complete,16,complete,16,complete,16,complete,16
248333,5068,0,1,1,feasible,16,14,4,7,5,4,feasible,16,5,4,feasible,16,5,4,feasible,4,0,complete,16,complete,16,complete,16,complete,16
248388,5069,1,0,1,feasible,14,14,2,6,5,4,feasible,14,5,6,feasible,14,5,6,feasible,4,1,complete,16,complete,14,complete,14,complete,15
248431,5070,0,1,1,feasible,16,14,4,7,5,4,feasible,16,5,4,feasible,16,5,4,feasible,4,0,complete,16,complete,16,complete,16,complete,16
248480,5071,0,1,1,feasible,16,14,4,8,5,4,feasible,16,5,4,feasible,16,5,4,feasible,4,0,complete,16,complete,16,complete,16,complete,16
248537,5072,1,2,1,feasible,14,14,2,6,7,7,feasible,14,6,8,feasible,14,6,8,feasible,4,1,complete,16,complete,14,complete,14,complete,14
248580,5073,0,3,1,feasible,15,14,3,7,7,6,feasible,15,6,7,feasible,15,6,7,feasible,4,0,complete,20,complete,15,complete,15,complete,15
248634,5074,1,1,1,feasible,14,14,2,6,7,7,feasible,14,6,8,feasible,14,6,8,feasible,4,1,complete,16,complete,14,complete,14,complete,14
248683,5075,1,1,1,feasible,20,14,4,7,5,4,feasible,20,5,4,feasible,20,5,4,feasible,4,0,complete,20,complete,20,complete,20,complete,20
248732,5076,1,1,1,feasible,20,14,4,8,5,4,feasible,20,5,4,feasible,20,5,4,feasible,4,0,complete,20,complete,20,complete,20,complete,20
248787,5077,2,0,1,feasible,14,14,2,7,5,4,feasible,14,5,6,feasible,14,5,6,feasible,4,1,complete,20,complete,14,complete,14,complete,14
248830,5078,1,1,1,feasible,20,14,4,8,5,4,feasible,20,5,4,feasible,20,5,4,feasible,4,0,complete,20,complete,20,complete,20,complete,20
248879,5079,1,1,1,feasible,20,14,4,9,5,4,feasible,20,5,4,feasible,20,5,4,feasible,4,0,complete,20,complete,20,complete,20,complete,20
248923,5080,0,3,1,feasible,15,14,3,7,7,6,feasible,15,6,7,feasible,15,6,7,feasible,4,0,complete,16,complete,15,complete,15,complete,15
248972,5081,0,3,1,feasible,15,14,3,8,7,6,feasible,15,6,7,feasible,15,6,7,feasible,4,0,complete,20,complete,15,complete,15,complete,15
249033,5082,2,1,1,feasible,14,14,2,7,7,7,feasible,14,6,8,feasible,14,6,8,feasible,4,1,complete,16,complete,14,complete,14,complete,14
249070,5083,0,3,1,feasible,15,14,3,8,7,6,feasible,15,6,7,feasible,15,6,7,feasible,4,0,complete,20,complete,15,complete,15,complete,15
249119,5084,0,3,1,feasible,20,14,4,9,5,4,feasible,20,5,4,feasible,20,5,4,feasible,4,0,complete,20,complete,20,complete,20,complete,20
249186,5085,3,0,1,feasible,14,14,2,8,5,4,feasible,14,5,6,feasible,14,5,6,feasible,4,1,complete,20,complete,14,complete,14,complete,14
249217,5086,0,3,1,feasible,20,14,4,9,5,4,feasible,20,5,4,feasible,20,5,4,feasible,4,0,complete,20,complete,20,complete,20,complete,20
249266,5087,0,3,1,feasible,20,18,4,10,5,4,feasible,20,5,4,feasible,20,5,4,feasible,4,0,complete,20,complete,20,complete,20,complete,20
249320,5088,1,1,1,feasible,14,14,2,6,7,7,feasible,14,6,8,feasible,14,6,8,feasible,4,1,complete,16,complete,14,complete,16,complete,14
249369,5089,1,1,1,feasible,20,14,4,7,5,4,feasible,20,5,4,feasible,20,5,4,feasible,4,0,complete,20,complete,20,complete,20,complete,20
249417,5090,1,0,1,feasible,14,14,2,6,7,7,feasible,14,6,8,feasible,14,6,8,feasible,4,1,complete,16,complete,14,complete,14,complete,14
249466,5091,1,0,1,feasible,20,14,4,7,5,4,feasible,20,5,4,feasible,20,5,4,feasible,4,0,complete,20,complete,20,complete,20,complete,20
249515,5092,1,0,1,feasible,20,14,4,8,5,4,feasible,20,5,4,feasible,20,5,4,feasible,4,0,complete,20,complete,20,complete,20,complete,20
249564,5093,1,0,1,feasible,20,14,4,7,5,4,feasible,20,5,4,feasible,20,5,4,feasible,4,0,complete,20,complete,20,complete,20,complete,20
249613,5094,1,0,1,feasible,20,14,4,8,5,4,feasible,20,5,4,feasible,20,5,4,feasible,4,0,complete,20,complete,20,complete,20,complete,20
249662,5095,1,0,1,feasible,20,14,4,9,5,4,feasible,20,5,4,feasible,20,5,4,feasible,4,0,complete,20,complete,20,complete,20,complete,20
249719,5096,2,1,1,feasible,14,14,2,7,7,7,feasible,14,6,8,feasible,14,6,8,feasible,4,1,complete,16,complete,14,complete,16,complete,14
249756,5097,0,3,1,feasible,15,14,3,8,7,6,feasible,15,6,7,feasible,15,6,7,feasible,4,0,complete,20,complete,15,complete,20,complete,15
249816,5098,2,0,1,feasible,14,14,2,7,7,7,feasible,14,6,8,feasible,14,6,8,feasible,4,1,complete,16,complete,14,complete,14,complete,14
249865,5099,2,0,1,feasible,20,14,4,8,5,4,feasible,20,5,4,feasible,20,5,4,feasible,4,0,complete,20,complete,20,complete,20,complete,20
249914,5100,2,0,1,feasible,20,14,4,9,5,4,feasible,20,5,4,feasible,20,5,4,feasible,4,0,complete,20,complete,20,complete,20,complete,20
249963,5101,2,0,1,feasible,20,14,4,8,5,4,feasible,20,5,4,feasible,20,5,4,feasible,4,0,complete,20,complete,20,complete,20,complete,20
250012,5102,2,0,1,feasible,20,14,4,9,5,4,feasible,20,5,4,feasible,20,5,4,feasible,4,0,complete,20,complete,20,complete,20,complete,20
250061,5103,2,0,1,feasible,20,18,4,10,5,4,feasible,20,5,4,feasible,20,5,4,feasible,4,0,complete,20,complete,20,complete,20,complete,20
250099,5104,0,3,1,feasible,15,14,3,8,7,6,feasible,15,6,7,feasible,15,6,7,feasible,4,0,complete,16,complete,15,complete,16,complete,15
250148,5105,0,3,1,feasible,20,14,4,9,5,4,feasible,20,5,4,feasible,20,5,4,feasible,4,0,complete,20,complete,20,complete,20,complete,20
250215,5106,3,0,1,feasible,14,14,2,8,7,7,feasible,14,6,8,feasible,14,6,8,feasible,4,1,complete,16,complete,14,complete,14,complete,14
250246,5107,0,3,1,feasible,20,14,4,9,5,4,feasible,20,5,4,feasible,20,5,4,feasible,4,0,complete,20,complete,20,complete,20,complete,20
250295,5108,0,3,1,feasible,20,18,4,10,5,4,feasible,20,5,4,feasible,20,5,4,feasible,4,0,complete,20,complete,20,complete,20,complete,20
250344,5109,0,3,1,feasible,20,14,4,9,5,4,feasible,20,5,4,feasible,20,5,4,feasible,4,0,complete,20,complete,20,complete,20,complete,20
250393,5110,0,3,1,feasible,20,18,4,10,5,4,feasible,20,5,4,feasible,20,5,4,feasible,4,0,complete,20,complete,20,complete,20,complete,20
250442,5111,0,3,1,feasible,20,18,4,11,5,4,feasible,20,5,4,feasible,20,5,4,feasible,4,0,complete,20,complete,20,complete,20,complete,20
250493,5112,0,5,1,feasible,10,10,2,6,6,6,feasible,10,5,6,feasible,10,5,6,feasible,3,1,complete,11,complete,11,complete,11,complete,10
250542,5113,0,5,1,feasible,15,14,3,7,4,3,feasible,15,4,3,feasible,15,4,3,feasible,3,0,complete,15,complete,15,complete,15,complete,15
250590,5114,0,4,1,feasible,10,10,2,6,6,6,feasible,10,5,6,feasible,10,5,6,feasible,3,1,complete,11,complete,11,complete,11,complete,10
250639,5115,0,4,1,feasible,15,14,3,7,4,3,feasible,15,4,3,feasible,15,4,3,feasible,3,0,complete,15,complete,15,complete,15,complete,15
250688,5116,0,4,1,feasible,15,14,3,8,4,3,feasible,15,4,3,feasible,15,4,3,feasible,3,0,complete,15,complete,15,complete,15,complete,15
250736,5117,0,3,1,feasible,15,14,3,7,4,3,feasible,15,4,3,feasible,15,4,3,feasible,3,0,complete,15,complete,15,complete,15,complete,15
250785,5118,0,3,1,feasible,15,14,3,8,4,3,feasible,15,4,3,feasible,15,4,3,feasible,3,0,complete,15,complete,15,complete,15,complete,15
250834,5119,0,3,1,feasible,15,14,3,9,4,3,feasible,15,4,3,feasible,15,4,3,feasible,3,0,complete,15,complete,15,complete,15,complete,15
250884,5120,0,4,1,feasible,10,10,2,6,9,10,feasible,10,7,11,feasible,10,7,11,feasible,4,1,complete,12,complete,11,complete,11,complete,10
250933,5121,0,4,1,feasible,15,14,3,7,7,7,feasible,15,6,7,feasible,15,6,7,feasible,4,0,complete,16,complete,15,complete,15,complete,16
250981,5122,0,3,1,feasible,10,10,2,6,9,10,feasible,10,7,11,feasible,10,7,11,feasible,4,1,complete,12,complete,11,complete,11,complete,10
251030,5123,0,3,1,feasible,15,14,3,7,7,7,feasible,15,6,7,feasible,15,6,7,feasible,4,0,complete,16,complete,15,complete,15,complete,16
251079,5124,0,3,1,feasible,15,14,3,8,7,7,feasible,15,6,7,feasible,15,6,7,feasible,4,0,complete,16,complete,15,complete,15,complete,16
251127,5125,0,2,1,feasible,16,14,4,7,5,4,feasible,16,5,4,feasible,16,5,4,feasible,4,0,complete,16,complete,16,complete,16,complete,16
251176,5126,0,2,1,feasible,16,14,4,8,5,4,feasible,16,5,4,feasible,16,5,4,feasible,4,0,complete,16,complete,16,complete,16,complete,16
251225,5127,0,2,1,feasible,16,14,4,9,5,4,feasible,16,5,4,feasible,16,5,4,feasible,4,0,complete,16,complete,16,complete,16,complete,16
251276,5128,0,4,1,feasible,15,14,3,7,5,4,feasible,15,5,5,feasible,15,5,5,feasible,4,0,complete,16,complete,15,complete,15,complete,15
251325,5129,0,4,1,feasible,15,14,3,8,5,4,feasible,15,5,5,feasible,15,5,5,feasible,4,0,complete,20,complete,15,complete,15,complete,15
251373,5130,0,3,1,feasible,15,14,3,7,5,4,feasible,15,5,5,feasible,15,5,5,feasible,4,0,complete,16,complete,15,complete,15,complete,15
251422,5131,0,3,1,feasible,15,14,3,8,5,4,feasible,15,5,5,feasible,15,5,5,feasible,4,0,complete,20,complete,15,complete,15,complete,15
251471,5132,0,3,1,feasible,15,14,3,9,5,4,feasible,15,5,5,feasible,15,5,5,feasible,4,0,complete,20,complete,15,complete,15,complete,15
251520,5133,0,3,1,feasible,15,14,3,8,5,4,feasible,15,5,5,feasible,15,5,5,feasible,4,0,complete,20,complete,15,complete,20,complete,15
251569,5134,0,3,1,feasible,15,14,3,9,5,4,feasible,15,5,5,feasible,15,5,5,feasible,4,0,complete,20,complete,15,complete,20,complete,15
251624,5135,1,2,1,feasible,20,14,4,10,5,4,feasible,20,5,4,feasible,20,5,4,feasible,4,0,complete,20,complete,20,complete,20,complete,20
251667,5136,0,3,1,feasible,10,10,2,6,9,10,feasible,10,7,11,feasible,10,7,11,feasible,4,1,complete,12,complete,11,complete,11,complete,10
251716,5137,0,3,1,feasible,15,14,3,7,7,7,feasible,15,6,7,feasible,15,6,7,feasible,4,0,complete,16,complete,15,complete,15,complete,16
251764,5138,0,2,1,feasible,10,10,2,6,7,7,feasible,10,6,8,feasible,10,6,8,feasible,4,1,complete,12,complete,10,complete,10,complete,10
251813,5139,0,2,1,feasible,16,14,4,7,5,4,feasible,16,5,4,feasible,16,5,4,feasible,4,0,complete,16,complete,16,complete,16,complete,16
251862,5140,0,2,1,feasible,16,14,4,8,5,4,feasible,16,5,4,feasible,16,5,4,feasible,4,0,complete,16,complete,16,complete,16,complete,16
251910,5141,0,1,1,feasible,16,14,4,7,5,4,feasible,16,5,4,feasible,16,5,4,feasible,4,0,complete,16,complete,16,complete,16,complete,16
251959,5142,0,1,1,feasible,16,14,4,8,5,4,feasible,16,5,4,feasible,16,5,4,feasible,4,0,complete,16,complete,16,complete,16,complete,16
252008,5143,0,1,1,feasible,16,14,4,9,5,4,feasible,16,5,4,feasible,16,5,4,feasible,4,0,complete,16,complete,16,complete,16,complete,16
252059,5144,0,3,1,feasible,15,14,3,7,5,4,feasible,15,5,5,feasible,15,5,5,feasible,4,0,complete,16,complete,15,complete,15,complete,15
252108,5145,0,3,1,feasible,15,14,3,8,5,4,feasible,15,5,5,feasible,15,5,5,feasible,4,0,complete,20,complete,15,complete,15,complete,15
252163,5146,1,2,1,feasible,14,14,2,7,7,7,feasible,14,6,8,feasible,14,6,8,feasible,4,1,complete,16,complete,14,complete,14,complete,14
252206,5147,0,3,1,feasible,15,14,3,8,5,4,feasible,15,5,5,feasible,15,5,5,feasible,4,0,complete,20,complete,15,complete,15,complete,15
252255,5148,0,3,1,feasible,15,14,3,9,5,4,feasible,15,5,5,feasible,15,5,5,feasible,4,0,complete,20,complete,15,complete,15,complete,15
252309,5149,1,1,1,feasible,20,14,4,8,5,4,feasible,20,5,4,feasible,20,5,4,feasible,4,0,complete,20,complete,20,complete,20,complete,20
252358,5150,1,1,1,feasible,20,14,4,9,5,4,feasible,20,5,4,feasible,20,5,4,feasible,4,0,complete,20,complete,20,complete,20,complete,20
252407,5151,1,1,1,feasible,20,14,4,10,5,4,feasible,20,5,4,feasible,20,5,4,feasible,4,0,complete,20,complete,20,complete,20,complete,20
252451,5152,0,3,1,feasible,15,14,3,8,5,4,feasible,15,5,5,feasible,15,5,5,feasible,4,0,complete,16,complete,15,complete,15,complete,15
252500,5153,0,3,1,feasible,15,14,3,9,5,4,feasible,15,5,5,feasible,15,5,5,feasible,4,0,complete,20,complete,15,complete,15,complete,15
252549,5154,0,3,1,feasible,15,14,3,8,5,4,feasible,15,5,5,feasible,15,5,5,feasible,4,0,complete,16,complete,15,complete,15,complete,15
252598,5155,0,3,1,feasible,15,14,3,9,5,4,feasible,15,5,5,feasible,15,5,5,feasible,4,0,complete,20,complete,15,complete,15,complete,15
252654,5156,1,3,1,feasible,15,14,3,10,5,4,feasible,15,5,5,feasible,15,5,5,feasible,4,0,complete,20,complete,15,complete,15,complete,15
252696,5157,0,3,1,feasible,15,14,3,9,5,4,feasible,15,5,5,feasible,15,5,5,feasible,4,0,complete,20,complete,15,complete,15,complete,15
252757,5158,2,1,1,feasible,20,14,4,10,5,4,feasible,20,5,4,feasible,20,5,4,feasible,4,0,complete,20,complete,20,complete,20,complete,20
252806,5159,2,1,1,feasible,20,18,4,11,5,4,feasible,20,5,4,feasible,20,5,4,feasible,4,0,complete,20,complete,20,complete,20,complete,20
252849,5160,1,2,1,feasible,14,14,2,7,7,7,feasible,14,6,8,feasible,14,6,8,feasible,4,1,complete,16,complete,14,complete,16,complete,14
252892,5161,0,3,1,feasible,15,14,3,8,7,6,feasible,15,6,7,feasible,15,6,7,feasible,4,0,complete,20,complete,15,complete,20,complete,15
252946,5162,1,1,1,feasible,14,14,2,7,7,7,feasible,14,6,8,feasible,14,6,8,feasible,4,1,complete,16,complete,14,complete,14,complete,14
252995,5163,1,1,1,feasible,20,14,4,8,5,4,feasible,20,5,4,feasible,20,5,4,feasible,4,0,complete,20,complete,20,complete,20,complete,20
253044,5164,1,1,1,feasible,20,14,4,9,5,4,feasible,20,5,4,feasible,20,5,4,feasible,4,0,complete,20,complete,20,complete,20,complete,20
253092,5165,1,0,1,feasible,20,14,4,8,5,4,feasible,20,5,4,feasible,20,5,4,feasible,4,0,complete,20,complete,20,complete,20,complete,20
253141,5166,1,0,1,feasible,20,14,4,9,5,4,feasible,20,5,4,feasible,20,5,4,feasible,4,0,complete,20,complete,20,complete,20,complete,20
253190,5167,1,0,1,feasible,20,14,4,10,5,4,feasible,20,5,4,feasible,20,5,4,feasible,4,0,complete,20,complete,20,complete,20,complete,20
253235,5168,0,3,1,feasible,15,14,3,8,7,6,feasible,15,6,7,feasible,15,6,7,feasible,4,0,complete,16,complete,15,complete,16,complete,15
253284,5169,0,3,1,feasible,15,14,3,9,7,6,feasible,15,6,7,feasible,15,6,7,feasible,4,0,complete,20,complete,15,complete,20,complete,15
253345,5170,2,1,1,feasible,14,14,2,8,7,7,feasible,14,6,8,feasible,14,6,8,feasible,4,1,complete,16,complete,14,complete,14,complete,14
253382,5171,0,3,1,feasible,15,14,3,9,7,6,feasible,15,6,7,feasible,15,6,7,feasible,4,0,complete,20,complete,15,complete,15,complete,15
253431,5172,0,3,1,feasible,20,14,4,10,5,4,feasible,20,5,4,feasible,20,5,4,feasible,4,0,complete,20,complete,20,complete,20,complete,20
253491,5173,2,0,1,feasible,20,14,4,9,5,4,feasible,20,5,4,feasible,20,5,4,feasible,4,0,complete,20,complete,20,complete,20,complete,20
253540,5174,2,0,1,feasible,20,14,4,10,5,4,feasible,20,5,4,feasible,20,5,4,feasible,4,0,complete,20,complete,20,complete,20,complete,20
253589,5175,2,0,1,feasible,20,18,4,11,5,4,feasible,20,5,4,feasible,20,5,4,feasible,4,0,complete,20,complete,20,complete,20,complete,20
253627,5176,0,3,1,feasible,15,14,3,9,7,6,feasible,15,6,7,feasible,15,6,7,feasible,4,0,complete,16,complete,15,complete,16,complete,15
253676,5177,0,3,1,feasible,20,14,4,10,5,4,feasible,20,5,4,feasible,20,5,4,feasible,4,0,complete,20,complete,20,complete,20,complete,20
253725,5178,0,3,1,feasible,15,14,3,9,7,6,feasible,15,6,7,feasible,15,6,7,feasible,4,0,complete,16,complete,15,complete,15,complete,15
253774,5179,0,3,1,feasible,20,14,4,10,5,4,feasible,20,5,4,feasible,20,5,4,feasible,4,0,complete,20,complete,20,complete,20,complete,20
253823,5180,0,3,1,feasible,20,18,4,11,5,4,feasible,20,5,4,feasible,20,5,4,feasible,4,0,complete,20,complete,20,complete,20,complete,20
253872,5181,0,3,1,feasible,20,14,4,10,5,4,feasible,20,5,4,feasible,20,5,4,feasible,4,0,complete,20,complete,20,complete,20,complete,20
253921,5182,0,3,1,feasible,20,18,4,11,5,4,feasible,20,5,4,feasible,20,5,4,feasible,4,0,complete,20,complete,20,complete,20,complete,20
253970,5183,0,3,1,feasible,20,18,4,12,5,4,feasible,20,5,4,feasible,20,5,4,feasible,4,0,complete,20,complete,20,complete,20,complete,20
