case,runs,f0,f1,final_fits,feasible,guard,any_deadlock,fifo_complete,small_complete,large_complete,garbage_complete,chunk_feasible,subset_states,chunk_states,permutations_tried
8192,0:2:1;1:2:2;1:4:3,3,2,1,1,1,0,1,1,1,1,1,4,7,1
8193,0:2:1;1:2:2;1:4:3,3,3,1,1,1,0,1,1,1,1,1,4,7,1
8194,0:2:1;1:2:2;1:4:3,3,4,1,1,1,0,1,1,1,1,1,4,7,1
8195,0:2:1;1:2:2;1:4:3,3,5,1,1,1,0,1,1,1,1,1,4,7,1
8196,0:2:1;1:2:2;1:4:3,4,0,1,1,1,0,1,1,1,1,1,4,7,3
8197,0:2:1;1:2:2;1:4:3,4,1,1,1,1,0,1,1,1,1,1,4,7,1
8198,0:2:1;1:2:2;1:4:3,4,2,1,1,1,0,1,1,1,1,1,4,7,1
8199,0:2:1;1:2:2;1:4:3,4,3,1,1,1,0,1,1,1,1,1,4,7,1
8200,0:2:1;1:2:2;1:4:3,4,4,1,1,1,0,1,1,1,1,1,4,7,1
8201,0:2:1;1:2:2;1:4:3,4,5,1,1,1,0,1,1,1,1,1,4,7,1
8202,0:2:1;1:2:2;1:4:3,5,0,1,1,1,0,1,1,1,1,1,4,7,3
8203,0:2:1;1:2:2;1:4:3,5,1,1,1,1,0,1,1,1,1,1,4,7,1
8204,0:2:1;1:2:2;1:4:3,5,2,1,1,1,0,1,1,1,1,1,4,7,1
8205,0:2:1;1:2:2;1:4:3,5,3,1,1,1,0,1,1,1,1,1,4,7,1
8206,0:2:1;1:2:2;1:4:3,5,4,1,1,1,0,1,1,1,1,1,4,7,1
8207,0:2:1;1:2:2;1:4:3,5,5,1,1,1,0,1,1,1,1,1,4,7,1
8208,0:2:1;1:3:2;1:3:2,0,0,0,0,0,1,0,0,0,0,0,0,1,6
8209,0:2:1;1:3:2;1:3:2,0,1,0,0,0,1,0,0,0,0,0,0,7,6
8210,0:2:1;1:3:2;1:3:2,0,2,0,0,0,1,0,0,0,0,0,0,7,6
8211,0:2:1;1:3:2;1:3:2,0,3,0,0,0,1,0,0,0,0,0,0,7,6
8212,0:2:1;1:3:2;1:3:2,0,4,0,0,0,1,0,0,0,0,0,0,7,6
8213,0:2:1;1:3:2;1:3:2,0,5,0,0,0,1,0,0,0,0,0,0,7,6
8214,0:2:1;1:3:2;1:3:2,1,0,0,0,0,1,0,0,0,0,0,0,3,6
8215,0:2:1;1:3:2;1:3:2,1,1,0,0,0,1,0,0,0,0,0,0,11,6
8216,0:2:1;1:3:2;1:3:2,1,2,0,0,0,1,0,0,0,0,0,0,11,6
8217,0:2:1;1:3:2;1:3:2,1,3,0,0,0,1,0,0,0,0,0,0,11,6
8218,0:2:1;1:3:2;1:3:2,1,4,0,0,0,1,0,0,0,0,0,0,11,6
8219,0:2:1;1:3:2;1:3:2,1,5,0,0,0,1,0,0,0,0,0,0,11,6
8220,0:2:1;1:3:2;1:3:2,2,0,1,1,1,0,1,1,1,1,1,4,6,3
8221,0:2:1;1:3:2;1:3:2,2,1,1,1,1,0,1,1,1,1,1,4,6,1
8222,0:2:1;1:3:2;1:3:2,2,2,1,1,1,0,1,1,1,1,1,4,6,1
8223,0:2:1;1:3:2;1:3:2,2,3,1,1,1,0,1,1,1,1,1,4,6,1
8224,0:2:1;1:3:2;1:3:2,2,4,1,1,1,0,1,1,1,1,1,4,6,1
8225,0:2:1;1:3:2;1:3:2,2,5,1,1,1,0,1,1,1,1,1,4,6,1
8226,0:2:1;1:3:2;1:3:2,3,0,1,1,1,0,1,1,1,1,1,4,6,3
8227,0:2:1;1:3:2;1:3:2,3,1,1,1,1,0,1,1,1,1,1,4,6,1
8228,0:2:1;1:3:2;1:3:2,3,2,1,1,1,0,1,1,1,1,1,4,6,1
8229,0:2:1;1:3:2;1:3:2,3,3,1,1,1,0,1,1,1,1,1,4,6,1
8230,0:2:1;1:3:2;1:3:2,3,4,1,1,1,0,1,1,1,1,1,4,6,1
8231,0:2:1;1:3:2;1:3:2,3,5,1,1,1,0,1,1,1,1,1,4,6,1
8232,0:2:1;1:3:2;1:3:2,4,0,1,1,1,0,1,1,1,1,1,4,6,3
8233,0:2:1;1:3:2;1:3:2,4,1,1,1,1,0,1,1,1,1,1,4,6,1
8234,0:2:1;1:3:2;1:3:2,4,2,1,1,1,0,1,1,1,1,1,4,6,1
8235,0:2:1;1:3:2;1:3:2,4,3,1,1,1,0,1,1,1,1,1,4,6,1
8236,0:2:1;1:3:2;1:3:2,4,4,1,1,1,0,1,1,1,1,1,4,6,1
8237,0:2:1;1:3:2;1:3:2,4,5,1,1,1,0,1,1,1,1,1,4,6,1
8238,0:2:1;1:3:2;1:3:2,5,0,1,1,1,0,1,1,1,1,1,4,6,3
8239,0:2:1;1:3:2;1:3:2,5,1,1,1,1,0,1,1,1,1,1,4,6,1
8240,0:2:1;1:3:2;1:3:2,5,2,1,1,1,0,1,1,1,1,1,4,6,1
8241,0:2:1;1:3:2;1:3:2,5,3,1,1,1,0,1,1,1,1,1,4,6,1
8242,0:2:1;1:3:2;1:3:2,5,4,1,1,1,0,1,1,1,1,1,4,6,1
8243,0:2:1;1:3:2;1:3:2,5,5,1,1,1,0,1,1,1,1,1,4,6,1
8244,0:2:1;1:3:2;1:3:3,0,0,0,0,0,1,0,0,0,0,0,0,1,6
8245,0:2:1;1:3:2;1:3:3,0,1,0,0,0,1,0,0,0,0,0,0,7,6
8246,0:2:1;1:3:2;1:3:3,0,2,0,0,0,1,0,0,0,0,0,0,7,6
8247,0:2:1;1:3:2;1:3:3,0,3,0,0,0,1,0,0,0,0,0,0,7,6
8248,0:2:1;1:3:2;1:3:3,0,4,0,0,0,1,0,0,0,0,0,0,7,6
8249,0:2:1;1:3:2;1:3:3,0,5,0,0,0,1,0,0,0,0,0,0,7,6
8250,0:2:1;1:3:2;1:3:3,1,0,0,0,0,1,0,0,0,0,0,0,3,6
8251,0:2:1;1:3:2;1:3:3,1,1,0,0,0,1,0,0,0,0,0,0,12,6
8252,0:2:1;1:3:2;1:3:3,1,2,0,0,0,1,0,0,0,0,0,0,12,6
8253,0:2:1;1:3:2;1:3:3,1,3,0,0,0,1,0,0,0,0,0,0,12,6
8254,0:2:1;1:3:2;1:3:3,1,4,0,0,0,1,0,0,0,0,0,0,12,6
8255,0:2:1;1:3:2;1:3:3,1,5,0,0,0,1,0,0,0,0,0,0,12,6
8256,0:2:1;1:3:2;1:3:3,2,0,0,0,0,1,0,0,0,0,0,0,9,6
8257,0:2:1;1:3:2;1:3:3,2,1,0,0,0,1,0,0,0,0,0,0,17,6
8258,0:2:1;1:3:2;1:3:3,2,2,0,0,0,1,0,0,0,0,0,0,17,6
8259,0:2:1;1:3:2;1:3:3,2,3,0,0,0,1,0,0,0,0,0,0,17,6
8260,0:2:1;1:3:2;1:3:3,2,4,0,0,0,1,0,0,0,0,0,0,17,6
8261,0:2:1;1:3:2;1:3:3,2,5,0,0,0,1,0,0,0,0,0,0,17,6
8262,0:2:1;1:3:2;1:3:3,3,0,1,1,1,0,1,1,1,1,1,4,7,3
8263,0:2:1;1:3:2;1:3:3,3,1,1,1,1,0,1,1,1,1,1,4,7,1
8264,0:2:1;1:3:2;1:3:3,3,2,1,1,1,0,1,1,1,1,1,4,7,1
8265,0:2:1;1:3:2;1:3:3,3,3,1,1,1,0,1,1,1,1,1,4,7,1
8266,0:2:1;1:3:2;1:3:3,3,4,1,1,1,0,1,1,1,1,1,4,7,1
8267,0:2:1;1:3:2;1:3:3,3,5,1,1,1,0,1,1,1,1,1,4,7,1
8268,0:2:1;1:3:2;1:3:3,4,0,1,1,1,0,1,1,1,1,1,4,7,3
8269,0:2:1;1:3:2;1:3:3,4,1,1,1,1,0,1,1,1,1,1,4,7,1
8270,0:2:1;1:3:2;1:3:3,4,2,1,1,1,0,1,1,1,1,1,4,7,1
8271,0:2:1;1:3:2;1:3:3,4,3,1,1,1,0,1,1,1,1,1,4,7,1
8272,0:2:1;1:3:2;1:3:3,4,4,1,1,1,0,1,1,1,1,1,4,7,1
8273,0:2:1;1:3:2;1:3:3,4,5,1,1,1,0,1,1,1,1,1,4,7,1
8274,0:2:1;1:3:2;1:3:3,5,0,1,1,1,0,1,1,1,1,1,4,7,3
8275,0:2:1;1:3:2;1:3:3,5,1,1,1,1,0,1,1,1,1,1,4,7,1
8276,0:2:1;1:3:2;1:3:3,5,2,1,1,1,0,1,1,1,1,1,4,7,1
8277,0:2:1;1:3:2;1:3:3,5,3,1,1,1,0,1,1,1,1,1,4,7,1
8278,0:2:1;1:3:2;1:3:3,5,4,1,1,1,0,1,1,1,1,1,4,7,1
8279,0:2:1;1:3:2;1:3:3,5,5,1,1,1,0,1,1,1,1,1,4,7,1
8280,0:2:1;1:3:2;1:4:3,0,0,0,0,0,1,0,0,0,0,0,0,1,6
8281,0:2:1;1:3:2;1:4:3,0,1,0,0,0,1,0,0,0,0,0,0,7,6
8282,0:2:1;1:3:2;1:4:3,0,2,0,0,0,1,0,0,0,0,0,0,7,6
8283,0:2:1;1:3:2;1:4:3,0,3,0,0,0,1,0,0,0,0,0,0,7,6
8284,0:2:1;1:3:2;1:4:3,0,4,0,0,0,1,0,0,0,0,0,0,7,6
8285,0:2:1;1:3:2;1:4:3,0,5,0,0,0,1,0,0,0,0,0,0,7,6
8286,0:2:1;1:3:2;1:4:3,1,0,0,0,0,1,0,0,0,0,0,0,3,6
8287,0:2:1;1:3:2;1:4:3,1,1,0,0,0,1,0,0,0,0,0,0,12,6
8288,0:2:1;1:3:2;1:4:3,1,2,0,0,0,1,0,0,0,0,0,0,12,6
8289,0:2:1;1:3:2;1:4:3,1,3,0,0,0,1,0,0,0,0,0,0,12,6
8290,0:2:1;1:3:2;1:4:3,1,4,0,0,0,1,0,0,0,0,0,0,12,6
8291,0:2:1;1:3:2;1:4:3,1,5,0,0,0,1,0,0,0,0,0,0,12,6
8292,0:2:1;1:3:2;1:4:3,2,0,0,0,0,1,0,0,0,0,0,0,9,6
8293,0:2:1;1:3:2;1:4:3,2,1,0,0,0,1,0,0,0,0,0,0,17,6
8294,0:2:1;1:3:2;1:4:3,2,2,0,0,0,1,0,0,0,0,0,0,17,6
8295,0:2:1;1:3:2;1:4:3,2,3,0,0,0,1,0,0,0,0,0,0,17,6
8296,0:2:1;1:3:2;1:4:3,2,4,0,0,0,1,0,0,0,0,0,0,17,6
8297,0:2:1;1:3:2;1:4:3,2,5,0,0,0,1,0,0,0,0,0,0,17,6
8298,0:2:1;1:3:2;1:4:3,3,0,1,1,1,0,1,1,1,1,1,4,7,3
8299,0:2:1;1:3:2;1:4:3,3,1,1,1,1,0,1,1,1,1,1,4,7,1
8300,0:2:1;1:3:2;1:4:3,3,2,1,1,1,0,1,1,1,1,1,4,7,1
8301,0:2:1;1:3:2;1:4:3,3,3,1,1,1,0,1,1,1,1,1,4,7,1
8302,0:2:1;1:3:2;1:4:3,3,4,1,1,1,0,1,1,1,1,1,4,7,1
8303,0:2:1;1:3:2;1:4:3,3,5,1,1,1,0,1,1,1,1,1,4,7,1
8304,0:2:1;1:3:2;1:4:3,4,0,1,1,1,0,1,1,1,1,1,4,7,3
8305,0:2:1;1:3:2;1:4:3,4,1,1,1,1,0,1,1,1,1,1,4,7,1
8306,0:2:1;1:3:2;1:4:3,4,2,1,1,1,0,1,1,1,1,1,4,7,1
8307,0:2:1;1:3:2;1:4:3,4,3,1,1,1,0,1,1,1,1,1,4,7,1
8308,0:2:1;1:3:2;1:4:3,4,4,1,1,1,0,1,1,1,1,1,4,7,1
8309,0:2:1;1:3:2;1:4:3,4,5,1,1,1,0,1,1,1,1,1,4,7,1
8310,0:2:1;1:3:2;1:4:3,5,0,1,1,1,0,1,1,1,1,1,4,7,3
8311,0:2:1;1:3:2;1:4:3,5,1,1,1,1,0,1,1,1,1,1,4,7,1
8312,0:2:1;1:3:2;1:4:3,5,2,1,1,1,0,1,1,1,1,1,4,7,1
8313,0:2:1;1:3:2;1:4:3,5,3,1,1,1,0,1,1,1,1,1,4,7,1
8314,0:2:1;1:3:2;1:4:3,5,4,1,1,1,0,1,1,1,1,1,4,7,1
8315,0:2:1;1:3:2;1:4:3,5,5,1,1,1,0,1,1,1,1,1,4,7,1
8316,0:2:1;1:3:3;1:3:3,0,0,0,0,0,1,0,0,0,0,0,0,1,6
8317,0:2:1;1:3:3;1:3:3,0,1,0,0,0,1,0,0,0,0,0,0,7,6
8318,0:2:1;1:3:3;1:3:3,0,2,0,0,0,1,0,0,0,0,0,0,7,6
8319,0:2:1;1:3:3;1:3:3,0,3,0,0,0,1,0,0,0,0,0,0,7,6
8320,0:2:1;1:3:3;1:3:3,0,4,0,0,0,1,0,0,0,0,0,0,7,6
8321,0:2:1;1:3:3;1:3:3,0,5,0,0,0,1,0,0,0,0,0,0,7,6
8322,0:2:1;1:3:3;1:3:3,1,0,0,0,0,1,0,0,0,0,0,0,3,6
8323,0:2:1;1:3:3;1:3:3,1,1,0,0,0,1,0,0,0,0,0,0,13,6
8324,0:2:1;1:3:3;1:3:3,1,2,0,0,0,1,0,0,0,0,0,0,13,6
8325,0:2:1;1:3:3;1:3:3,1,3,0,0,0,1,0,0,0,0,0,0,13,6
8326,0:2:1;1:3:3;1:3:3,1,4,0,0,0,1,0,0,0,0,0,0,13,6
8327,0:2:1;1:3:3;1:3:3,1,5,0,0,0,1,0,0,0,0,0,0,13,6
8328,0:2:1;1:3:3;1:3:3,2,0,0,0,0,1,0,0,0,0,0,0,6,6
8329,0:2:1;1:3:3;1:3:3,2,1,0,0,0,1,0,0,0,0,0,0,19,6
8330,0:2:1;1:3:3;1:3:3,2,2,0,0,0,1,0,0,0,0,0,0,19,6
8331,0:2:1;1:3:3;1:3:3,2,3,0,0,0,1,0,0,0,0,0,0,19,6
8332,0:2:1;1:3:3;1:3:3,2,4,0,0,0,1,0,0,0,0,0,0,19,6
8333,0:2:1;1:3:3;1:3:3,2,5,0,0,0,1,0,0,0,0,0,0,19,6
8334,0:2:1;1:3:3;1:3:3,3,0,0,0,0,1,0,0,0,0,0,0,16,6
8335,0:2:1;1:3:3;1:3:3,3,1,0,0,0,1,0,0,0,0,0,0,25,6
8336,0:2:1;1:3:3;1:3:3,3,2,0,0,0,1,0,0,0,0,0,0,25,6
8337,0:2:1;1:3:3;1:3:3,3,3,0,0,0,1,0,0,0,0,0,0,25,6
8338,0:2:1;1:3:3;1:3:3,3,4,0,0,0,1,0,0,0,0,0,0,25,6
8339,0:2:1;1:3:3;1:3:3,3,5,0,0,0,1,0,0,0,0,0,0,25,6
8340,0:2:1;1:3:3;1:3:3,4,0,1,1,1,0,1,1,1,1,1,4,8,3
8341,0:2:1;1:3:3;1:3:3,4,1,1,1,1,0,1,1,1,1,1,4,8,1
8342,0:2:1;1:3:3;1:3:3,4,2,1,1,1,0,1,1,1,1,1,4,8,1
8343,0:2:1;1:3:3;1:3:3,4,3,1,1,1,0,1,1,1,1,1,4,8,1
8344,0:2:1;1:3:3;1:3:3,4,4,1,1,1,0,1,1,1,1,1,4,8,1
8345,0:2:1;1:3:3;1:3:3,4,5,1,1,1,0,1,1,1,1,1,4,8,1
8346,0:2:1;1:3:3;1:3:3,5,0,1,1,1,0,1,1,1,1,1,4,8,3
8347,0:2:1;1:3:3;1:3:3,5,1,1,1,1,0,1,1,1,1,1,4,8,1
8348,0:2:1;1:3:3;1:3:3,5,2,1,1,1,0,1,1,1,1,1,4,8,1
8349,0:2:1;1:3:3;1:3:3,5,3,1,1,1,0,1,1,1,1,1,4,8,1
8350,0:2:1;1:3:3;1:3:3,5,4,1,1,1,0,1,1,1,1,1,4,8,1
8351,0:2:1;1:3:3;1:3:3,5,5,1,1,1,0,1,1,1,1,1,4,8,1
8352,0:2:1;1:3:3;1:4:3,0,0,0,0,0,1,0,0,0,0,0,0,1,6
8353,0:2:1;1:3:3;1:4:3,0,1,0,0,0,1,0,0,0,0,0,0,7,6
8354,0:2:1;1:3:3;1:4:3,0,2,0,0,0,1,0,0,0,0,0,0,7,6
8355,0:2:1;1:3:3;1:4:3,0,3,0,0,0,1,0,0,0,0,0,0,7,6
8356,0:2:1;1:3:3;1:4:3,0,4,0,0,0,1,0,0,0,0,0,0,7,6
8357,0:2:1;1:3:3;1:4:3,0,5,0,0,0,1,0,0,0,0,0,0,7,6
8358,0:2:1;1:3:3;1:4:3,1,0,0,0,0,1,0,0,0,0,0,0,3,6
8359,0:2:1;1:3:3;1:4:3,1,1,0,0,0,1,0,0,0,0,0,0,13,6
8360,0:2:1;1:3:3;1:4:3,1,2,0,0,0,1,0,0,0,0,0,0,13,6
8361,0:2:1;1:3:3;1:4:3,1,3,0,0,0,1,0,0,0,0,0,0,13,6
8362,0:2:1;1:3:3;1:4:3,1,4,0,0,0,1,0,0,0,0,0,0,13,6
8363,0:2:1;1:3:3;1:4:3,1,5,0,0,0,1,0,0,0,0,0,0,13,6
8364,0:2:1;1:3:3;1:4:3,2,0,0,0,0,1,0,0,0,0,0,0,6,6
8365,0:2:1;1:3:3;1:4:3,2,1,0,0,0,1,0,0,0,0,0,0,19,6
8366,0:2:1;1:3:3;1:4:3,2,2,0,0,0,1,0,0,0,0,0,0,19,6
8367,0:2:1;1:3:3;1:4:3,2,3,0,0,0,1,0,0,0,0,0,0,19,6
8368,0:2:1;1:3:3;1:4:3,2,4,0,0,0,1,0,0,0,0,0,0,19,6
8369,0:2:1;1:3:3;1:4:3,2,5,0,0,0,1,0,0,0,0,0,0,19,6
8370,0:2:1;1:3:3;1:4:3,3,0,0,0,0,1,0,0,0,0,0,0,16,6
8371,0:2:1;1:3:3;1:4:3,3,1,0,0,0,1,0,0,0,0,0,0,25,6
8372,0:2:1;1:3:3;1:4:3,3,2,0,0,0,1,0,0,0,0,0,0,25,6
8373,0:2:1;1:3:3;1:4:3,3,3,0,0,0,1,0,0,0,0,0,0,25,6
8374,0:2:1;1:3:3;1:4:3,3,4,0,0,0,1,0,0,0,0,0,0,25,6
8375,0:2:1;1:3:3;1:4:3,3,5,0,0,0,1,0,0,0,0,0,0,25,6
8376,0:2:1;1:3:3;1:4:3,4,0,1,1,1,0,1,1,1,1,1,4,8,3
8377,0:2:1;1:3:3;1:4:3,4,1,1,1,1,0,1,1,1,1,1,4,8,1
8378,0:2:1;1:3:3;1:4:3,4,2,1,1,1,0,1,1,1,1,1,4,8,1
8379,0:2:1;1:3:3;1:4:3,4,3,1,1,1,0,1,1,1,1,1,4,8,1
8380,0:2:1;1:3:3;1:4:3,4,4,1,1,1,0,1,1,1,1,1,4,8,1
8381,0:2:1;1:3:3;1:4:3,4,5,1,1,1,0,1,1,1,1,1,4,8,1
8382,0:2:1;1:3:3;1:4:3,5,0,1,1,1,0,1,1,1,1,1,4,8,3
8383,0:2:1;1:3:3;1:4:3,5,1,1,1,1,0,1,1,1,1,1,4,8,1
8384,0:2:1;1:3:3;1:4:3,5,2,1,1,1,0,1,1,1,1,1,4,8,1
8385,0:2:1;1:3:3;1:4:3,5,3,1,1,1,0,1,1,1,1,1,4,8,1
8386,0:2:1;1:3:3;1:4:3,5,4,1,1,1,0,1,1,1,1,1,4,8,1
8387,0:2:1;1:3:3;1:4:3,5,5,1,1,1,0,1,1,1,1,1,4,8,1
8388,0:2:1;1:4:3;1:4:3,0,0,0,0,0,1,0,0,0,0,0,0,1,6
8389,0:2:1;1:4:3;1:4:3,0,1,0,0,0,1,0,0,0,0,0,0,7,6
8390,0:2:1;1:4:3;1:4:3,0,2,0,0,0,1,0,0,0,0,0,0,7,6
8391,0:2:1;1:4:3;1:4:3,0,3,0,0,0,1,0,0,0,0,0,0,7,6
8392,0:2:1;1:4:3;1:4:3,0,4,0,0,0,1,0,0,0,0,0,0,7,6
8393,0:2:1;1:4:3;1:4:3,0,5,0,0,0,1,0,0,0,0,0,0,7,6
8394,0:2:1;1:4:3;1:4:3,1,0,0,0,0,1,0,0,0,0,0,0,3,6
8395,0:2:1;1:4:3;1:4:3,1,1,0,0,0,1,0,0,0,0,0,0,13,6
8396,0:2:1;1:4:3;1:4:3,1,2,0,0,0,1,0,0,0,0,0,0,13,6
8397,0:2:1;1:4:3;1:4:3,1,3,0,0,0,1,0,0,0,0,0,0,13,6
8398,0:2:1;1:4:3;1:4:3,1,4,0,0,0,1,0,0,0,0,0,0,13,6
8399,0:2:1;1:4:3;1:4:3,1,5,0,0,0,1,0,0,0,0,0,0,13,6
8400,0:2:1;1:4:3;1:4:3,2,0,0,0,0,1,0,0,0,0,0,0,6,6
8401,0:2:1;1:4:3;1:4:3,2,1,0,0,0,1,0,0,0,0,0,0,19,6
8402,0:2:1;1:4:3;1:4:3,2,2,0,0,0,1,0,0,0,0,0,0,19,6
8403,0:2:1;1:4:3;1:4:3,2,3,0,0,0,1,0,0,0,0,0,0,19,6
8404,0:2:1;1:4:3;1:4:3,2,4,0,0,0,1,0,0,0,0,0,0,19,6
8405,0:2:1;1:4:3;1:4:3,2,5,0,0,0,1,0,0,0,0,0,0,19,6
8406,0:2:1;1:4:3;1:4:3,3,0,0,0,0,1,0,0,0,0,0,0,16,6
8407,0:2:1;1:4:3;1:4:3,3,1,0,0,0,1,0,0,0,0,0,0,25,6
8408,0:2:1;1:4:3;1:4:3,3,2,0,0,0,1,0,0,0,0,0,0,25,6
8409,0:2:1;1:4:3;1:4:3,3,3,0,0,0,1,0,0,0,0,0,0,25,6
8410,0:2:1;1:4:3;1:4:3,3,4,0,0,0,1,0,0,0,0,0,0,25,6
8411,0:2:1;1:4:3;1:4:3,3,5,0,0,0,1,0,0,0,0,0,0,25,6
8412,0:2:1;1:4:3;1:4:3,4,0,1,1,1,0,1,1,1,1,1,4,8,3
8413,0:2:1;1:4:3;1:4:3,4,1,1,1,1,0,1,1,1,1,1,4,8,1
8414,0:2:1;1:4:3;1:4:3,4,2,1,1,1,0,1,1,1,1,1,4,8,1
8415,0:2:1;1:4:3;1:4:3,4,3,1,1,1,0,1,1,1,1,1,4,8,1
8416,0:2:1;1:4:3;1:4:3,4,4,1,1,1,0,1,1,1,1,1,4,8,1
8417,0:2:1;1:4:3;1:4:3,4,5,1,1,1,0,1,1,1,1,1,4,8,1
8418,0:2:1;1:4:3;1:4:3,5,0,1,1,1,0,1,1,1,1,1,4,8,3
8419,0:2:1;1:4:3;1:4:3,5,1,1,1,1,0,1,1,1,1,1,4,8,1
8420,0:2:1;1:4:3;1:4:3,5,2,1,1,1,0,1,1,1,1,1,4,8,1
8421,0:2:1;1:4:3;1:4:3,5,3,1,1,1,0,1,1,1,1,1,4,8,1
8422,0:2:1;1:4:3;1:4:3,5,4,1,1,1,0,1,1,1,1,1,4,8,1
8423,0:2:1;1:4:3;1:4:3,5,5,1,1,1,0,1,1,1,1,1,4,8,1
8424,0:2:2;0:2:2;0:2:2,0,0,0,0,0,1,0,0,0,0,0,0,1,6
8425,0:2:2;0:2:2;0:2:2,0,1,0,0,0,1,0,0,0,0,0,0,4,6
8426,0:2:2;0:2:2;0:2:2,0,2,0,0,0,1,0,0,0,0,0,0,10,6
8427,0:2:2;0:2:2;0:2:2,0,3,0,0,0,1,0,0,0,0,0,0,17,6
8428,0:2:2;0:2:2;0:2:2,0,4,0,0,0,1,0,0,0,0,0,0,23,6
8429,0:2:2;0:2:2;0:2:2,0,5,0,0,0,1,0,0,0,0,0,0,26,6
8430,0:2:2;0:2:2;0:2:2,1,0,0,0,0,1,0,0,0,0,0,0,1,6
8431,0:2:2;0:2:2;0:2:2,1,1,0,0,0,1,0,0,0,0,0,0,4,6
8432,0:2:2;0:2:2;0:2:2,1,2,0,0,0,1,0,0,0,0,0,0,10,6
8433,0:2:2;0:2:2;0:2:2,1,3,0,0,0,1,0,0,0,0,0,0,17,6
8434,0:2:2;0:2:2;0:2:2,1,4,0,0,0,1,0,0,0,0,0,0,23,6
8435,0:2:2;0:2:2;0:2:2,1,5,0,0,0,1,0,0,0,0,0,0,26,6
8436,0:2:2;0:2:2;0:2:2,2,0,0,0,0,1,0,0,0,0,0,0,1,6
8437,0:2:2;0:2:2;0:2:2,2,1,0,0,0,1,0,0,0,0,0,0,4,6
8438,0:2:2;0:2:2;0:2:2,2,2,0,0,0,1,0,0,0,0,0,0,10,6
8439,0:2:2;0:2:2;0:2:2,2,3,0,0,0,1,0,0,0,0,0,0,17,6
8440,0:2:2;0:2:2;0:2:2,2,4,0,0,0,1,0,0,0,0,0,0,23,6
8441,0:2:2;0:2:2;0:2:2,2,5,0,0,0,1,0,0,0,0,0,0,26,6
8442,0:2:2;0:2:2;0:2:2,3,0,0,0,0,1,0,0,0,0,0,0,1,6
8443,0:2:2;0:2:2;0:2:2,3,1,0,0,0,1,0,0,0,0,0,0,4,6
8444,0:2:2;0:2:2;0:2:2,3,2,0,0,0,1,0,0,0,0,0,0,10,6
8445,0:2:2;0:2:2;0:2:2,3,3,0,0,0,1,0,0,0,0,0,0,17,6
8446,0:2:2;0:2:2;0:2:2,3,4,0,0,0,1,0,0,0,0,0,0,23,6
8447,0:2:2;0:2:2;0:2:2,3,5,0,0,0,1,0,0,0,0,0,0,26,6
8448,0:2:2;0:2:2;0:2:2,4,0,0,0,0,1,0,0,0,0,0,0,1,6
8449,0:2:2;0:2:2;0:2:2,4,1,0,0,0,1,0,0,0,0,0,0,4,6
8450,0:2:2;0:2:2;0:2:2,4,2,0,0,0,1,0,0,0,0,0,0,10,6
8451,0:2:2;0:2:2;0:2:2,4,3,0,0,0,1,0,0,0,0,0,0,17,6
8452,0:2:2;0:2:2;0:2:2,4,4,0,0,0,1,0,0,0,0,0,0,23,6
8453,0:2:2;0:2:2;0:2:2,4,5,0,0,0,1,0,0,0,0,0,0,26,6
8454,0:2:2;0:2:2;0:2:2,5,0,0,0,0,1,0,0,0,0,0,0,1,6
8455,0:2:2;0:2:2;0:2:2,5,1,0,0,0,1,0,0,0,0,0,0,4,6
8456,0:2:2;0:2:2;0:2:2,5,2,0,0,0,1,0,0,0,0,0,0,10,6
8457,0:2:2;0:2:2;0:2:2,5,3,0,0,0,1,0,0,0,0,0,0,17,6
8458,0:2:2;0:2:2;0:2:2,5,4,0,0,0,1,0,0,0,0,0,0,23,6
8459,0:2:2;0:2:2;0:2:2,5,5,0,0,0,1,0,0,0,0,0,0,26,6
8460,0:2:2;0:2:2;0:3:2,0,0,0,0,0,1,0,0,0,0,0,0,1,6
8461,0:2:2;0:2:2;0:3:2,0,1,0,0,0,1,0,0,0,0,0,0,4,6
8462,0:2:2;0:2:2;0:3:2,0,2,0,0,0,1,0,0,0,0,0,0,10,6
8463,0:2:2;0:2:2;0:3:2,0,3,0,0,0,1,0,0,0,0,0,0,17,6
8464,0:2:2;0:2:2;0:3:2,0,4,0,0,0,1,0,0,0,0,0,0,23,6
8465,0:2:2;0:2:2;0:3:2,0,5,0,0,0,1,0,0,0,0,0,0,26,6
8466,0:2:2;0:2:2;0:3:2,1,0,0,0,0,1,0,0,0,0,0,0,1,6
8467,0:2:2;0:2:2;0:3:2,1,1,0,0,0,1,0,0,0,0,0,0,4,6
8468,0:2:2;0:2:2;0:3:2,1,2,0,0,0,1,0,0,0,0,0,0,10,6
8469,0:2:2;0:2:2;0:3:2,1,3,0,0,0,1,0,0,0,0,0,0,17,6
8470,0:2:2;0:2:2;0:3:2,1,4,0,0,0,1,0,0,0,0,0,0,23,6
8471,0:2:2;0:2:2;0:3:2,1,5,0,0,0,1,0,0,0,0,0,0,26,6
8472,0:2:2;0:2:2;0:3:2,2,0,0,0,0,1,0,0,0,0,0,0,1,6
8473,0:2:2;0:2:2;0:3:2,2,1,0,0,0,1,0,0,0,0,0,0,4,6
8474,0:2:2;0:2:2;0:3:2,2,2,0,0,0,1,0,0,0,0,0,0,10,6
8475,0:2:2;0:2:2;0:3:2,2,3,0,0,0,1,0,0,0,0,0,0,17,6
8476,0:2:2;0:2:2;0:3:2,2,4,0,0,0,1,0,0,0,0,0,0,23,6
8477,0:2:2;0:2:2;0:3:2,2,5,0,0,0,1,0,0,0,0,0,0,26,6
8478,0:2:2;0:2:2;0:3:2,3,0,0,0,0,1,0,0,0,0,0,0,1,6
8479,0:2:2;0:2:2;0:3:2,3,1,0,0,0,1,0,0,0,0,0,0,4,6
8480,0:2:2;0:2:2;0:3:2,3,2,0,0,0,1,0,0,0,0,0,0,10,6
8481,0:2:2;0:2:2;0:3:2,3,3,0,0,0,1,0,0,0,0,0,0,17,6
8482,0:2:2;0:2:2;0:3:2,3,4,0,0,0,1,0,0,0,0,0,0,23,6
8483,0:2:2;0:2:2;0:3:2,3,5,0,0,0,1,0,0,0,0,0,0,26,6
8484,0:2:2;0:2:2;0:3:2,4,0,0,0,0,1,0,0,0,0,0,0,1,6
8485,0:2:2;0:2:2;0:3:2,4,1,0,0,0,1,0,0,0,0,0,0,4,6
8486,0:2:2;0:2:2;0:3:2,4,2,0,0,0,1,0,0,0,0,0,0,10,6
8487,0:2:2;0:2:2;0:3:2,4,3,0,0,0,1,0,0,0,0,0,0,17,6
8488,0:2:2;0:2:2;0:3:2,4,4,0,0,0,1,0,0,0,0,0,0,23,6
8489,0:2:2;0:2:2;0:3:2,4,5,0,0,0,1,0,0,0,0,0,0,26,6
8490,0:2:2;0:2:2;0:3:2,5,0,0,0,0,1,0,0,0,0,0,0,1,6
8491,0:2:2;0:2:2;0:3:2,5,1,0,0,0,1,0,0,0,0,0,0,4,6
8492,0:2:2;0:2:2;0:3:2,5,2,0,0,0,1,0,0,0,0,0,0,10,6
8493,0:2:2;0:2:2;0:3:2,5,3,0,0,0,1,0,0,0,0,0,0,17,6
8494,0:2:2;0:2:2;0:3:2,5,4,0,0,0,1,0,0,0,0,0,0,23,6
8495,0:2:2;0:2:2;0:3:2,5,5,0,0,0,1,0,0,0,0,0,0,26,6
8496,0:2:2;0:2:2;0:3:3,0,0,0,0,0,1,0,0,0,0,0,0,1,6
8497,0:2:2;0:2:2;0:3:3,0,1,0,0,0,1,0,0,0,0,0,0,4,6
8498,0:2:2;0:2:2;0:3:3,0,2,0,0,0,1,0,0,0,0,0,0,10,6
8499,0:2:2;0:2:2;0:3:3,0,3,0,0,0,1,0,0,0,0,0,0,18,6
8500,0:2:2;0:2:2;0:3:3,0,4,0,0,0,1,0,0,0,0,0,0,26,6
8501,0:2:2;0:2:2;0:3:3,0,5,0,0,0,1,0,0,0,0,0,0,32,6
8502,0:2:2;0:2:2;0:3:3,1,0,0,0,0,1,0,0,0,0,0,0,1,6
8503,0:2:2;0:2:2;0:3:3,1,1,0,0,0,1,0,0,0,0,0,0,4,6
8504,0:2:2;0:2:2;0:3:3,1,2,0,0,0,1,0,0,0,0,0,0,10,6
8505,0:2:2;0:2:2;0:3:3,1,3,0,0,0,1,0,0,0,0,0,0,18,6
8506,0:2:2;0:2:2;0:3:3,1,4,0,0,0,1,0,0,0,0,0,0,26,6
8507,0:2:2;0:2:2;0:3:3,1,5,0,0,0,1,0,0,0,0,0,0,32,6
8508,0:2:2;0:2:2;0:3:3,2,0,0,0,0,1,0,0,0,0,0,0,1,6
8509,0:2:2;0:2:2;0:3:3,2,1,0,0,0,1,0,0,0,0,0,0,4,6
8510,0:2:2;0:2:2;0:3:3,2,2,0,0,0,1,0,0,0,0,0,0,10,6
8511,0:2:2;0:2:2;0:3:3,2,3,0,0,0,1,0,0,0,0,0,0,18,6
8512,0:2:2;0:2:2;0:3:3,2,4,0,0,0,1,0,0,0,0,0,0,26,6
8513,0:2:2;0:2:2;0:3:3,2,5,0,0,0,1,0,0,0,0,0,0,32,6
8514,0:2:2;0:2:2;0:3:3,3,0,0,0,0,1,0,0,0,0,0,0,1,6
8515,0:2:2;0:2:2;0:3:3,3,1,0,0,0,1,0,0,0,0,0,0,4,6
8516,0:2:2;0:2:2;0:3:3,3,2,0,0,0,1,0,0,0,0,0,0,10,6
8517,0:2:2;0:2:2;0:3:3,3,3,0,0,0,1,0,0,0,0,0,0,18,6
8518,0:2:2;0:2:2;0:3:3,3,4,0,0,0,1,0,0,0,0,0,0,26,6
8519,0:2:2;0:2:2;0:3:3,3,5,0,0,0,1,0,0,0,0,0,0,32,6
8520,0:2:2;0:2:2;0:3:3,4,0,0,0,0,1,0,0,0,0,0,0,1,6
8521,0:2:2;0:2:2;0:3:3,4,1,0,0,0,1,0,0,0,0,0,0,4,6
8522,0:2:2;0:2:2;0:3:3,4,2,0,0,0,1,0,0,0,0,0,0,10,6
8523,0:2:2;0:2:2;0:3:3,4,3,0,0,0,1,0,0,0,0,0,0,18,6
8524,0:2:2;0:2:2;0:3:3,4,4,0,0,0,1,0,0,0,0,0,0,26,6
8525,0:2:2;0:2:2;0:3:3,4,5,0,0,0,1,0,0,0,0,0,0,32,6
8526,0:2:2;0:2:2;0:3:3,5,0,0,0,0,1,0,0,0,0,0,0,1,6
8527,0:2:2;0:2:2;0:3:3,5,1,0,0,0,1,0,0,0,0,0,0,4,6
8528,0:2:2;0:2:2;0:3:3,5,2,0,0,0,1,0,0,0,0,0,0,10,6
8529,0:2:2;0:2:2;0:3:3,5,3,0,0,0,1,0,0,0,0,0,0,18,6
8530,0:2:2;0:2:2;0:3:3,5,4,0,0,0,1,0,0,0,0,0,0,26,6
8531,0:2:2;0:2:2;0:3:3,5,5,0,0,0,1,0,0,0,0,0,0,32,6
8532,0:2:2;0:2:2;0:4:3,0,0,0,0,0,1,0,0,0,0,0,0,1,6
8533,0:2:2;0:2:2;0:4:3,0,1,0,0,0,1,0,0,0,0,0,0,4,6
8534,0:2:2;0:2:2;0:4:3,0,2,0,0,0,1,0,0,0,0,0,0,10,6
8535,0:2:2;0:2:2;0:4:3,0,3,0,0,0,1,0,0,0,0,0,0,18,6
8536,0:2:2;0:2:2;0:4:3,0,4,0,0,0,1,0,0,0,0,0,0,26,6
8537,0:2:2;0:2:2;0:4:3,0,5,0,0,0,1,0,0,0,0,0,0,32,6
8538,0:2:2;0:2:2;0:4:3,1,0,0,0,0,1,0,0,0,0,0,0,1,6
8539,0:2:2;0:2:2;0:4:3,1,1,0,0,0,1,0,0,0,0,0,0,4,6
8540,0:2:2;0:2:2;0:4:3,1,2,0,0,0,1,0,0,0,0,0,0,10,6
8541,0:2:2;0:2:2;0:4:3,1,3,0,0,0,1,0,0,0,0,0,0,18,6
8542,0:2:2;0:2:2;0:4:3,1,4,0,0,0,1,0,0,0,0,0,0,26,6
8543,0:2:2;0:2:2;0:4:3,1,5,0,0,0,1,0,0,0,0,0,0,32,6
8544,0:2:2;0:2:2;0:4:3,2,0,0,0,0,1,0,0,0,0,0,0,1,6
8545,0:2:2;0:2:2;0:4:3,2,1,0,0,0,1,0,0,0,0,0,0,4,6
8546,0:2:2;0:2:2;0:4:3,2,2,0,0,0,1,0,0,0,0,0,0,10,6
8547,0:2:2;0:2:2;0:4:3,2,3,0,0,0,1,0,0,0,0,0,0,18,6
8548,0:2:2;0:2:2;0:4:3,2,4,0,0,0,1,0,0,0,0,0,0,26,6
8549,0:2:2;0:2:2;0:4:3,2,5,0,0,0,1,0,0,0,0,0,0,32,6
8550,0:2:2;0:2:2;0:4:3,3,0,0,0,0,1,0,0,0,0,0,0,1,6
8551,0:2:2;0:2:2;0:4:3,3,1,0,0,0,1,0,0,0,0,0,0,4,6
8552,0:2:2;0:2:2;0:4:3,3,2,0,0,0,1,0,0,0,0,0,0,10,6
8553,0:2:2;0:2:2;0:4:3,3,3,0,0,0,1,0,0,0,0,0,0,18,6
8554,0:2:2;0:2:2;0:4:3,3,4,0,0,0,1,0,0,0,0,0,0,26,6
8555,0:2:2;0:2:2;0:4:3,3,5,0,0,0,1,0,0,0,0,0,0,32,6
8556,0:2:2;0:2:2;0:4:3,4,0,0,0,0,1,0,0,0,0,0,0,1,6
8557,0:2:2;0:2:2;0:4:3,4,1,0,0,0,1,0,0,0,0,0,0,4,6
8558,0:2:2;0:2:2;0:4:3,4,2,0,0,0,1,0,0,0,0,0,0,10,6
8559,0:2:2;0:2:2;0:4:3,4,3,0,0,0,1,0,0,0,0,0,0,18,6
8560,0:2:2;0:2:2;0:4:3,4,4,0,0,0,1,0,0,0,0,0,0,26,6
8561,0:2:2;0:2:2;0:4:3,4,5,0,0,0,1,0,0,0,0,0,0,32,6
8562,0:2:2;0:2:2;0:4:3,5,0,0,0,0,1,0,0,0,0,0,0,1,6
8563,0:2:2;0:2:2;0:4:3,5,1,0,0,0,1,0,0,0,0,0,0,4,6
8564,0:2:2;0:2:2;0:4:3,5,2,0,0,0,1,0,0,0,0,0,0,10,6
8565,0:2:2;0:2:2;0:4:3,5,3,0,0,0,1,0,0,0,0,0,0,18,6
8566,0:2:2;0:2:2;0:4:3,5,4,0,0,0,1,0,0,0,0,0,0,26,6
8567,0:2:2;0:2:2;0:4:3,5,5,0,0,0,1,0,0,0,0,0,0,32,6
8568,0:2:2;0:2:2;1:1:1,0,0,0,0,0,1,0,0,0,0,0,0,1,6
8569,0:2:2;0:2:2;1:1:1,0,1,0,0,0,1,0,0,0,0,0,0,3,6
8570,0:2:2;0:2:2;1:1:1,0,2,0,0,0,1,0,0,0,0,0,0,10,6
8571,0:2:2;0:2:2;1:1:1,0,3,1,1,1,0,1,1,1,1,1,4,6,2
8572,0:2:2;0:2:2;1:1:1,0,4,1,1,1,0,1,1,1,1,1,4,6,1
8573,0:2:2;0:2:2;1:1:1,0,5,1,1,1,0,1,1,1,1,1,4,6,1
8574,0:2:2;0:2:2;1:1:1,1,0,0,0,0,1,0,0,0,0,0,0,4,6
8575,0:2:2;0:2:2;1:1:1,1,1,0,0,0,1,0,0,0,0,0,0,9,6
8576,0:2:2;0:2:2;1:1:1,1,2,0,0,0,1,0,0,0,0,0,0,14,6
8577,0:2:2;0:2:2;1:1:1,1,3,1,1,1,0,1,1,1,1,1,4,6,2
8578,0:2:2;0:2:2;1:1:1,1,4,1,1,1,0,1,1,1,1,1,4,6,1
8579,0:2:2;0:2:2;1:1:1,1,5,1,1,1,0,1,1,1,1,1,4,6,1
8580,0:2:2;0:2:2;1:1:1,2,0,0,0,0,1,0,0,0,0,0,0,4,6
8581,0:2:2;0:2:2;1:1:1,2,1,0,0,0,1,0,0,0,0,0,0,9,6
8582,0:2:2;0:2:2;1:1:1,2,2,0,0,0,1,0,0,0,0,0,0,14,6
8583,0:2:2;0:2:2;1:1:1,2,3,1,1,1,0,1,1,1,1,1,4,6,2
8584,0:2:2;0:2:2;1:1:1,2,4,1,1,1,0,1,1,1,1,1,4,6,1
8585,0:2:2;0:2:2;1:1:1,2,5,1,1,1,0,1,1,1,1,1,4,6,1
8586,0:2:2;0:2:2;1:1:1,3,0,0,0,0,1,0,0,0,0,0,0,4,6
8587,0:2:2;0:2:2;1:1:1,3,1,0,0,0,1,0,0,0,0,0,0,9,6
8588,0:2:2;0:2:2;1:1:1,3,2,0,0,0,1,0,0,0,0,0,0,14,6
8589,0:2:2;0:2:2;1:1:1,3,3,1,1,1,0,1,1,1,1,1,4,6,2
8590,0:2:2;0:2:2;1:1:1,3,4,1,1,1,0,1,1,1,1,1,4,6,1
8591,0:2:2;0:2:2;1:1:1,3,5,1,1,1,0,1,1,1,1,1,4,6,1
8592,0:2:2;0:2:2;1:1:1,4,0,0,0,0,1,0,0,0,0,0,0,4,6
8593,0:2:2;0:2:2;1:1:1,4,1,0,0,0,1,0,0,0,0,0,0,9,6
8594,0:2:2;0:2:2;1:1:1,4,2,0,0,0,1,0,0,0,0,0,0,14,6
8595,0:2:2;0:2:2;1:1:1,4,3,1,1,1,0,1,1,1,1,1,4,6,2
8596,0:2:2;0:2:2;1:1:1,4,4,1,1,1,0,1,1,1,1,1,4,6,1
8597,0:2:2;0:2:2;1:1:1,4,5,1,1,1,0,1,1,1,1,1,4,6,1
8598,0:2:2;0:2:2;1:1:1,5,0,0,0,0,1,0,0,0,0,0,0,4,6
8599,0:2:2;0:2:2;1:1:1,5,1,0,0,0,1,0,0,0,0,0,0,9,6
8600,0:2:2;0:2:2;1:1:1,5,2,0,0,0,1,0,0,0,0,0,0,14,6
8601,0:2:2;0:2:2;1:1:1,5,3,1,1,1,0,1,1,1,1,1,4,6,2
8602,0:2:2;0:2:2;1:1:1,5,4,1,1,1,0,1,1,1,1,1,4,6,1
8603,0:2:2;0:2:2;1:1:1,5,5,1,1,1,0,1,1,1,1,1,4,6,1
8604,0:2:2;0:2:2;1:2:1,0,0,0,0,0,1,0,0,0,0,0,0,1,6
8605,0:2:2;0:2:2;1:2:1,0,1,0,0,0,1,0,0,0,0,0,0,3,6
8606,0:2:2;0:2:2;1:2:1,0,2,1,1,1,0,1,1,1,1,1,4,6,2
8607,0:2:2;0:2:2;1:2:1,0,3,1,1,1,0,1,1,1,1,1,4,6,2
8608,0:2:2;0:2:2;1:2:1,0,4,1,1,1,0,1,1,1,1,1,4,6,1
8609,0:2:2;0:2:2;1:2:1,0,5,1,1,1,0,1,1,1,1,1,4,6,1
8610,0:2:2;0:2:2;1:2:1,1,0,0,0,0,1,0,0,0,0,0,0,7,6
8611,0:2:2;0:2:2;1:2:1,1,1,0,0,0,1,0,0,0,0,0,0,11,6
8612,0:2:2;0:2:2;1:2:1,1,2,1,1,1,0,1,1,1,1,1,4,6,2
8613,0:2:2;0:2:2;1:2:1,1,3,1,1,1,0,1,1,1,1,1,4,6,2
8614,0:2:2;0:2:2;1:2:1,1,4,1,1,1,0,1,1,1,1,1,4,6,1
8615,0:2:2;0:2:2;1:2:1,1,5,1,1,1,0,1,1,1,1,1,4,6,1
8616,0:2:2;0:2:2;1:2:1,2,0,0,0,0,1,0,0,0,0,0,0,7,6
8617,0:2:2;0:2:2;1:2:1,2,1,0,0,0,1,0,0,0,0,0,0,11,6
8618,0:2:2;0:2:2;1:2:1,2,2,1,1,1,0,1,1,1,1,1,4,6,2
8619,0:2:2;0:2:2;1:2:1,2,3,1,1,1,0,1,1,1,1,1,4,6,2
8620,0:2:2;0:2:2;1:2:1,2,4,1,1,1,0,1,1,1,1,1,4,6,1
8621,0:2:2;0:2:2;1:2:1,2,5,1,1,1,0,1,1,1,1,1,4,6,1
8622,0:2:2;0:2:2;1:2:1,3,0,0,0,0,1,0,0,0,0,0,0,7,6
8623,0:2:2;0:2:2;1:2:1,3,1,0,0,0,1,0,0,0,0,0,0,11,6
8624,0:2:2;0:2:2;1:2:1,3,2,1,1,1,0,1,1,1,1,1,4,6,2
8625,0:2:2;0:2:2;1:2:1,3,3,1,1,1,0,1,1,1,1,1,4,6,2
8626,0:2:2;0:2:2;1:2:1,3,4,1,1,1,0,1,1,1,1,1,4,6,1
8627,0:2:2;0:2:2;1:2:1,3,5,1,1,1,0,1,1,1,1,1,4,6,1
8628,0:2:2;0:2:2;1:2:1,4,0,0,0,0,1,0,0,0,0,0,0,7,6
8629,0:2:2;0:2:2;1:2:1,4,1,0,0,0,1,0,0,0,0,0,0,11,6
8630,0:2:2;0:2:2;1:2:1,4,2,1,1,1,0,1,1,1,1,1,4,6,2
8631,0:2:2;0:2:2;1:2:1,4,3,1,1,1,0,1,1,1,1,1,4,6,2
8632,0:2:2;0:2:2;1:2:1,4,4,1,1,1,0,1,1,1,1,1,4,6,1
8633,0:2:2;0:2:2;1:2:1,4,5,1,1,1,0,1,1,1,1,1,4,6,1
8634,0:2:2;0:2:2;1:2:1,5,0,0,0,0,1,0,0,0,0,0,0,7,6
8635,0:2:2;0:2:2;1:2:1,5,1,0,0,0,1,0,0,0,0,0,0,11,6
8636,0:2:2;0:2:2;1:2:1,5,2,1,1,1,0,1,1,1,1,1,4,6,2
8637,0:2:2;0:2:2;1:2:1,5,3,1,1,1,0,1,1,1,1,1,4,6,2
8638,0:2:2;0:2:2;1:2:1,5,4,1,1,1,0,1,1,1,1,1,4,6,1
8639,0:2:2;0:2:2;1:2:1,5,5,1,1,1,0,1,1,1,1,1,4,6,1
8640,0:2:2;0:2:2;1:2:2,0,0,0,0,0,1,0,0,0,0,0,0,1,6
8641,0:2:2;0:2:2;1:2:2,0,1,0,0,0,1,0,0,0,0,0,0,3,6
8642,0:2:2;0:2:2;1:2:2,0,2,1,1,0,0,1,1,1,1,1,4,7,2
8643,0:2:2;0:2:2;1:2:2,0,3,1,1,1,0,1,1,1,1,1,4,7,2
8644,0:2:2;0:2:2;1:2:2,0,4,1,1,1,0,1,1,1,1,1,4,7,1
8645,0:2:2;0:2:2;1:2:2,0,5,1,1,1,0,1,1,1,1,1,4,7,1
8646,0:2:2;0:2:2;1:2:2,1,0,0,0,0,1,0,0,0,0,0,0,2,6
8647,0:2:2;0:2:2;1:2:2,1,1,0,0,0,1,0,0,0,0,0,0,6,6
8648,0:2:2;0:2:2;1:2:2,1,2,1,1,1,0,1,1,1,1,1,4,7,2
8649,0:2:2;0:2:2;1:2:2,1,3,1,1,1,0,1,1,1,1,1,4,7,2
8650,0:2:2;0:2:2;1:2:2,1,4,1,1,1,0,1,1,1,1,1,4,7,1
8651,0:2:2;0:2:2;1:2:2,1,5,1,1,1,0,1,1,1,1,1,4,7,1
8652,0:2:2;0:2:2;1:2:2,2,0,0,0,0,1,0,0,0,0,0,0,8,6
8653,0:2:2;0:2:2;1:2:2,2,1,0,0,0,1,0,0,0,0,0,0,14,6
8654,0:2:2;0:2:2;1:2:2,2,2,1,1,1,0,1,1,1,1,1,4,7,2
8655,0:2:2;0:2:2;1:2:2,2,3,1,1,1,0,1,1,1,1,1,4,7,2
8656,0:2:2;0:2:2;1:2:2,2,4,1,1,1,0,1,1,1,1,1,4,7,1
8657,0:2:2;0:2:2;1:2:2,2,5,1,1,1,0,1,1,1,1,1,4,7,1
8658,0:2:2;0:2:2;1:2:2,3,0,0,0,0,1,0,0,0,0,0,0,8,6
8659,0:2:2;0:2:2;1:2:2,3,1,0,0,0,1,0,0,0,0,0,0,14,6
8660,0:2:2;0:2:2;1:2:2,3,2,1,1,1,0,1,1,1,1,1,4,7,2
8661,0:2:2;0:2:2;1:2:2,3,3,1,1,1,0,1,1,1,1,1,4,7,2
8662,0:2:2;0:2:2;1:2:2,3,4,1,1,1,0,1,1,1,1,1,4,7,1
8663,0:2:2;0:2:2;1:2:2,3,5,1,1,1,0,1,1,1,1,1,4,7,1
8664,0:2:2;0:2:2;1:2:2,4,0,0,0,0,1,0,0,0,0,0,0,8,6
8665,0:2:2;0:2:2;1:2:2,4,1,0,0,0,1,0,0,0,0,0,0,14,6
8666,0:2:2;0:2:2;1:2:2,4,2,1,1,1,0,1,1,1,1,1,4,7,2
8667,0:2:2;0:2:2;1:2:2,4,3,1,1,1,0,1,1,1,1,1,4,7,2
8668,0:2:2;0:2:2;1:2:2,4,4,1,1,1,0,1,1,1,1,1,4,7,1
8669,0:2:2;0:2:2;1:2:2,4,5,1,1,1,0,1,1,1,1,1,4,7,1
8670,0:2:2;0:2:2;1:2:2,5,0,0,0,0,1,0,0,0,0,0,0,8,6
8671,0:2:2;0:2:2;1:2:2,5,1,0,0,0,1,0,0,0,0,0,0,14,6
8672,0:2:2;0:2:2;1:2:2,5,2,1,1,1,0,1,1,1,1,1,4,7,2
8673,0:2:2;0:2:2;1:2:2,5,3,1,1,1,0,1,1,1,1,1,4,7,2
8674,0:2:2;0:2:2;1:2:2,5,4,1,1,1,0,1,1,1,1,1,4,7,1
8675,0:2:2;0:2:2;1:2:2,5,5,1,1,1,0,1,1,1,1,1,4,7,1
8676,0:2:2;0:2:2;1:3:2,0,0,0,0,0,1,0,0,0,0,0,0,1,6
8677,0:2:2;0:2:2;1:3:2,0,1,1,0,0,1,0,0,0,0,0,1,3,6
8678,0:2:2;0:2:2;1:3:2,0,2,1,1,0,0,1,1,1,1,1,4,7,2
8679,0:2:2;0:2:2;1:3:2,0,3,1,1,1,0,1,1,1,1,1,4,7,2
8680,0:2:2;0:2:2;1:3:2,0,4,1,1,1,0,1,1,1,1,1,4,7,1
8681,0:2:2;0:2:2;1:3:2,0,5,1,1,1,0,1,1,1,1,1,4,7,1
8682,0:2:2;0:2:2;1:3:2,1,0,0,0,0,1,0,0,0,0,0,0,2,6
8683,0:2:2;0:2:2;1:3:2,1,1,1,0,0,1,0,0,0,0,0,1,6,6
8684,0:2:2;0:2:2;1:3:2,1,2,1,1,1,0,1,1,1,1,1,4,7,2
8685,0:2:2;0:2:2;1:3:2,1,3,1,1,1,0,1,1,1,1,1,4,7,2
8686,0:2:2;0:2:2;1:3:2,1,4,1,1,1,0,1,1,1,1,1,4,7,1
8687,0:2:2;0:2:2;1:3:2,1,5,1,1,1,0,1,1,1,1,1,4,7,1
8688,0:2:2;0:2:2;1:3:2,2,0,0,0,0,1,0,0,0,0,0,0,10,6
8689,0:2:2;0:2:2;1:3:2,2,1,1,1,1,0,1,1,1,1,1,4,7,5
8690,0:2:2;0:2:2;1:3:2,2,2,1,1,1,0,1,1,1,1,1,4,7,2
8691,0:2:2;0:2:2;1:3:2,2,3,1,1,1,0,1,1,1,1,1,4,7,2
8692,0:2:2;0:2:2;1:3:2,2,4,1,1,1,0,1,1,1,1,1,4,7,1
8693,0:2:2;0:2:2;1:3:2,2,5,1,1,1,0,1,1,1,1,1,4,7,1
8694,0:2:2;0:2:2;1:3:2,3,0,0,0,0,1,0,0,0,0,0,0,10,6
8695,0:2:2;0:2:2;1:3:2,3,1,1,1,1,0,1,1,1,1,1,4,7,5
8696,0:2:2;0:2:2;1:3:2,3,2,1,1,1,0,1,1,1,1,1,4,7,2
8697,0:2:2;0:2:2;1:3:2,3,3,1,1,1,0,1,1,1,1,1,4,7,2
8698,0:2:2;0:2:2;1:3:2,3,4,1,1,1,0,1,1,1,1,1,4,7,1
8699,0:2:2;0:2:2;1:3:2,3,5,1,1,1,0,1,1,1,1,1,4,7,1
8700,0:2:2;0:2:2;1:3:2,4,0,0,0,0,1,0,0,0,0,0,0,10,6
8701,0:2:2;0:2:2;1:3:2,4,1,1,1,1,0,1,1,1,1,1,4,7,5
8702,0:2:2;0:2:2;1:3:2,4,2,1,1,1,0,1,1,1,1,1,4,7,2
8703,0:2:2;0:2:2;1:3:2,4,3,1,1,1,0,1,1,1,1,1,4,7,2
8704,0:2:2;0:2:2;1:3:2,4,4,1,1,1,0,1,1,1,1,1,4,7,1
8705,0:2:2;0:2:2;1:3:2,4,5,1,1,1,0,1,1,1,1,1,4,7,1
8706,0:2:2;0:2:2;1:3:2,5,0,0,0,0,1,0,0,0,0,0,0,10,6
8707,0:2:2;0:2:2;1:3:2,5,1,1,1,1,0,1,1,1,1,1,4,7,5
8708,0:2:2;0:2:2;1:3:2,5,2,1,1,1,0,1,1,1,1,1,4,7,2
8709,0:2:2;0:2:2;1:3:2,5,3,1,1,1,0,1,1,1,1,1,4,7,2
8710,0:2:2;0:2:2;1:3:2,5,4,1,1,1,0,1,1,1,1,1,4,7,1
8711,0:2:2;0:2:2;1:3:2,5,5,1,1,1,0,1,1,1,1,1,4,7,1
8712,0:2:2;0:2:2;1:3:3,0,0,0,0,0,1,0,0,0,0,0,0,1,6
8713,0:2:2;0:2:2;1:3:3,0,1,1,0,0,1,0,0,0,0,0,1,3,6
8714,0:2:2;0:2:2;1:3:3,0,2,1,0,0,1,0,0,0,0,0,3,10,6
8715,0:2:2;0:2:2;1:3:3,0,3,1,0,0,1,0,0,0,0,0,3,16,6
8716,0:2:2;0:2:2;1:3:3,0,4,1,1,1,0,1,1,1,1,1,4,8,1
8717,0:2:2;0:2:2;1:3:3,0,5,1,1,1,0,1,1,1,1,1,4,8,1
8718,0:2:2;0:2:2;1:3:3,1,0,0,0,0,1,0,0,0,0,0,0,2,6
8719,0:2:2;0:2:2;1:3:3,1,1,1,0,0,1,0,0,0,0,0,1,6,6
8720,0:2:2;0:2:2;1:3:3,1,2,1,1,0,0,1,1,1,1,1,4,8,2
8721,0:2:2;0:2:2;1:3:3,1,3,1,1,1,0,1,1,1,1,1,4,8,2
8722,0:2:2;0:2:2;1:3:3,1,4,1,1,1,0,1,1,1,1,1,4,8,1
8723,0:2:2;0:2:2;1:3:3,1,5,1,1,1,0,1,1,1,1,1,4,8,1
8724,0:2:2;0:2:2;1:3:3,2,0,0,0,0,1,0,0,0,0,0,0,3,6
8725,0:2:2;0:2:2;1:3:3,2,1,1,0,0,1,0,0,0,0,0,1,9,6
8726,0:2:2;0:2:2;1:3:3,2,2,1,1,1,0,1,1,1,1,1,4,8,2
8727,0:2:2;0:2:2;1:3:3,2,3,1,1,1,0,1,1,1,1,1,4,8,2
8728,0:2:2;0:2:2;1:3:3,2,4,1,1,1,0,1,1,1,1,1,4,8,1
8729,0:2:2;0:2:2;1:3:3,2,5,1,1,1,0,1,1,1,1,1,4,8,1
8730,0:2:2;0:2:2;1:3:3,3,0,0,0,0,1,0,0,0,0,0,0,11,6
8731,0:2:2;0:2:2;1:3:3,3,1,1,1,1,0,1,1,1,1,1,4,8,5
8732,0:2:2;0:2:2;1:3:3,3,2,1,1,1,0,1,1,1,1,1,4,8,2
8733,0:2:2;0:2:2;1:3:3,3,3,1,1,1,0,1,1,1,1,1,4,8,2
8734,0:2:2;0:2:2;1:3:3,3,4,1,1,1,0,1,1,1,1,1,4,8,1
8735,0:2:2;0:2:2;1:3:3,3,5,1,1,1,0,1,1,1,1,1,4,8,1
8736,0:2:2;0:2:2;1:3:3,4,0,0,0,0,1,0,0,0,0,0,0,11,6
8737,0:2:2;0:2:2;1:3:3,4,1,1,1,1,0,1,1,1,1,1,4,8,5
8738,0:2:2;0:2:2;1:3:3,4,2,1,1,1,0,1,1,1,1,1,4,8,2
8739,0:2:2;0:2:2;1:3:3,4,3,1,1,1,0,1,1,1,1,1,4,8,2
8740,0:2:2;0:2:2;1:3:3,4,4,1,1,1,0,1,1,1,1,1,4,8,1
8741,0:2:2;0:2:2;1:3:3,4,5,1,1,1,0,1,1,1,1,1,4,8,1
8742,0:2:2;0:2:2;1:3:3,5,0,0,0,0,1,0,0,0,0,0,0,11,6
8743,0:2:2;0:2:2;1:3:3,5,1,1,1,1,0,1,1,1,1,1,4,8,5
8744,0:2:2;0:2:2;1:3:3,5,2,1,1,1,0,1,1,1,1,1,4,8,2
8745,0:2:2;0:2:2;1:3:3,5,3,1,1,1,0,1,1,1,1,1,4,8,2
8746,0:2:2;0:2:2;1:3:3,5,4,1,1,1,0,1,1,1,1,1,4,8,1
8747,0:2:2;0:2:2;1:3:3,5,5,1,1,1,0,1,1,1,1,1,4,8,1
8748,0:2:2;0:2:2;1:4:3,0,0,1,0,0,1,0,0,0,0,0,1,1,6
8749,0:2:2;0:2:2;1:4:3,0,1,1,0,0,1,0,0,0,0,0,1,3,6
8750,0:2:2;0:2:2;1:4:3,0,2,1,0,0,1,0,0,0,0,0,3,10,6
8751,0:2:2;0:2:2;1:4:3,0,3,1,0,0,1,0,0,0,0,0,3,16,6
8752,0:2:2;0:2:2;1:4:3,0,4,1,1,1,0,1,1,1,1,1,4,8,1
8753,0:2:2;0:2:2;1:4:3,0,5,1,1,1,0,1,1,1,1,1,4,8,1
8754,0:2:2;0:2:2;1:4:3,1,0,1,0,0,1,0,0,0,0,0,1,2,6
8755,0:2:2;0:2:2;1:4:3,1,1,1,0,0,1,0,0,0,0,0,1,6,6
8756,0:2:2;0:2:2;1:4:3,1,2,1,1,0,0,1,1,1,1,1,4,8,2
8757,0:2:2;0:2:2;1:4:3,1,3,1,1,1,0,1,1,1,1,1,4,8,2
8758,0:2:2;0:2:2;1:4:3,1,4,1,1,1,0,1,1,1,1,1,4,8,1
8759,0:2:2;0:2:2;1:4:3,1,5,1,1,1,0,1,1,1,1,1,4,8,1
8760,0:2:2;0:2:2;1:4:3,2,0,1,0,0,1,0,0,0,0,0,1,3,6
8761,0:2:2;0:2:2;1:4:3,2,1,1,0,0,1,0,0,0,0,0,1,9,6
8762,0:2:2;0:2:2;1:4:3,2,2,1,1,1,0,1,1,1,1,1,4,8,2
8763,0:2:2;0:2:2;1:4:3,2,3,1,1,1,0,1,1,1,1,1,4,8,2
8764,0:2:2;0:2:2;1:4:3,2,4,1,1,1,0,1,1,1,1,1,4,8,1
8765,0:2:2;0:2:2;1:4:3,2,5,1,1,1,0,1,1,1,1,1,4,8,1
8766,0:2:2;0:2:2;1:4:3,3,0,1,1,0,0,1,1,1,1,1,4,8,5
8767,0:2:2;0:2:2;1:4:3,3,1,1,1,1,0,1,1,1,1,1,4,8,5
8768,0:2:2;0:2:2;1:4:3,3,2,1,1,1,0,1,1,1,1,1,4,8,2
8769,0:2:2;0:2:2;1:4:3,3,3,1,1,1,0,1,1,1,1,1,4,8,2
8770,0:2:2;0:2:2;1:4:3,3,4,1,1,1,0,1,1,1,1,1,4,8,1
8771,0:2:2;0:2:2;1:4:3,3,5,1,1,1,0,1,1,1,1,1,4,8,1
8772,0:2:2;0:2:2;1:4:3,4,0,1,1,1,0,1,1,1,1,1,4,8,5
8773,0:2:2;0:2:2;1:4:3,4,1,1,1,1,0,1,1,1,1,1,4,8,5
8774,0:2:2;0:2:2;1:4:3,4,2,1,1,1,0,1,1,1,1,1,4,8,2
8775,0:2:2;0:2:2;1:4:3,4,3,1,1,1,0,1,1,1,1,1,4,8,2
8776,0:2:2;0:2:2;1:4:3,4,4,1,1,1,0,1,1,1,1,1,4,8,1
8777,0:2:2;0:2:2;1:4:3,4,5,1,1,1,0,1,1,1,1,1,4,8,1
8778,0:2:2;0:2:2;1:4:3,5,0,1,1,1,0,1,1,1,1,1,4,8,5
8779,0:2:2;0:2:2;1:4:3,5,1,1,1,1,0,1,1,1,1,1,4,8,5
8780,0:2:2;0:2:2;1:4:3,5,2,1,1,1,0,1,1,1,1,1,4,8,2
8781,0:2:2;0:2:2;1:4:3,5,3,1,1,1,0,1,1,1,1,1,4,8,2
8782,0:2:2;0:2:2;1:4:3,5,4,1,1,1,0,1,1,1,1,1,4,8,1
8783,0:2:2;0:2:2;1:4:3,5,5,1,1,1,0,1,1,1,1,1,4,8,1
8784,0:2:2;0:3:2;0:3:2,0,0,0,0,0,1,0,0,0,0,0,0,1,6
8785,0:2:2;0:3:2;0:3:2,0,1,0,0,0,1,0,0,0,0,0,0,4,6
8786,0:2:2;0:3:2;0:3:2,0,2,0,0,0,1,0,0,0,0,0,0,10,6
8787,0:2:2;0:3:2;0:3:2,0,3,0,0,0,1,0,0,0,0,0,0,17,6
8788,0:2:2;0:3:2;0:3:2,0,4,0,0,0,1,0,0,0,0,0,0,23,6
8789,0:2:2;0:3:2;0:3:2,0,5,0,0,0,1,0,0,0,0,0,0,26,6
8790,0:2:2;0:3:2;0:3:2,1,0,0,0,0,1,0,0,0,0,0,0,1,6
8791,0:2:2;0:3:2;0:3:2,1,1,0,0,0,1,0,0,0,0,0,0,4,6
8792,0:2:2;0:3:2;0:3:2,1,2,0,0,0,1,0,0,0,0,0,0,10,6
8793,0:2:2;0:3:2;0:3:2,1,3,0,0,0,1,0,0,0,0,0,0,17,6
8794,0:2:2;0:3:2;0:3:2,1,4,0,0,0,1,0,0,0,0,0,0,23,6
8795,0:2:2;0:3:2;0:3:2,1,5,0,0,0,1,0,0,0,0,0,0,26,6
8796,0:2:2;0:3:2;0:3:2,2,0,0,0,0,1,0,0,0,0,0,0,1,6
8797,0:2:2;0:3:2;0:3:2,2,1,0,0,0,1,0,0,0,0,0,0,4,6
8798,0:2:2;0:3:2;0:3:2,2,2,0,0,0,1,0,0,0,0,0,0,10,6
8799,0:2:2;0:3:2;0:3:2,2,3,0,0,0,1,0,0,0,0,0,0,17,6
8800,0:2:2;0:3:2;0:3:2,2,4,0,0,0,1,0,0,0,0,0,0,23,6
8801,0:2:2;0:3:2;0:3:2,2,5,0,0,0,1,0,0,0,0,0,0,26,6
8802,0:2:2;0:3:2;0:3:2,3,0,0,0,0,1,0,0,0,0,0,0,1,6
8803,0:2:2;0:3:2;0:3:2,3,1,0,0,0,1,0,0,0,0,0,0,4,6
8804,0:2:2;0:3:2;0:3:2,3,2,0,0,0,1,0,0,0,0,0,0,10,6
8805,0:2:2;0:3:2;0:3:2,3,3,0,0,0,1,0,0,0,0,0,0,17,6
8806,0:2:2;0:3:2;0:3:2,3,4,0,0,0,1,0,0,0,0,0,0,23,6
8807,0:2:2;0:3:2;0:3:2,3,5,0,0,0,1,0,0,0,0,0,0,26,6
8808,0:2:2;0:3:2;0:3:2,4,0,0,0,0,1,0,0,0,0,0,0,1,6
8809,0:2:2;0:3:2;0:3:2,4,1,0,0,0,1,0,0,0,0,0,0,4,6
8810,0:2:2;0:3:2;0:3:2,4,2,0,0,0,1,0,0,0,0,0,0,10,6
8811,0:2:2;0:3:2;0:3:2,4,3,0,0,0,1,0,0,0,0,0,0,17,6
8812,0:2:2;0:3:2;0:3:2,4,4,0,0,0,1,0,0,0,0,0,0,23,6
8813,0:2:2;0:3:2;0:3:2,4,5,0,0,0,1,0,0,0,0,0,0,26,6
8814,0:2:2;0:3:2;0:3:2,5,0,0,0,0,1,0,0,0,0,0,0,1,6
8815,0:2:2;0:3:2;0:3:2,5,1,0,0,0,1,0,0,0,0,0,0,4,6
8816,0:2:2;0:3:2;0:3:2,5,2,0,0,0,1,0,0,0,0,0,0,10,6
8817,0:2:2;0:3:2;0:3:2,5,3,0,0,0,1,0,0,0,0,0,0,17,6
8818,0:2:2;0:3:2;0:3:2,5,4,0,0,0,1,0,0,0,0,0,0,23,6
8819,0:2:2;0:3:2;0:3:2,5,5,0,0,0,1,0,0,0,0,0,0,26,6
8820,0:2:2;0:3:2;0:3:3,0,0,0,0,0,1,0,0,0,0,0,0,1,6
8821,0:2:2;0:3:2;0:3:3,0,1,0,0,0,1,0,0,0,0,0,0,4,6
8822,0:2:2;0:3:2;0:3:3,0,2,0,0,0,1,0,0,0,0,0,0,10,6
8823,0:2:2;0:3:2;0:3:3,0,3,0,0,0,1,0,0,0,0,0,0,18,6
8824,0:2:2;0:3:2;0:3:3,0,4,0,0,0,1,0,0,0,0,0,0,26,6
8825,0:2:2;0:3:2;0:3:3,0,5,0,0,0,1,0,0,0,0,0,0,32,6
8826,0:2:2;0:3:2;0:3:3,1,0,0,0,0,1,0,0,0,0,0,0,1,6
8827,0:2:2;0:3:2;0:3:3,1,1,0,0,0,1,0,0,0,0,0,0,4,6
8828,0:2:2;0:3:2;0:3:3,1,2,0,0,0,1,0,0,0,0,0,0,10,6
8829,0:2:2;0:3:2;0:3:3,1,3,0,0,0,1,0,0,0,0,0,0,18,6
8830,0:2:2;0:3:2;0:3:3,1,4,0,0,0,1,0,0,0,0,0,0,26,6
8831,0:2:2;0:3:2;0:3:3,1,5,0,0,0,1,0,0,0,0,0,0,32,6
8832,0:2:2;0:3:2;0:3:3,2,0,0,0,0,1,0,0,0,0,0,0,1,6
8833,0:2:2;0:3:2;0:3:3,2,1,0,0,0,1,0,0,0,0,0,0,4,6
8834,0:2:2;0:3:2;0:3:3,2,2,0,0,0,1,0,0,0,0,0,0,10,6
8835,0:2:2;0:3:2;0:3:3,2,3,0,0,0,1,0,0,0,0,0,0,18,6
8836,0:2:2;0:3:2;0:3:3,2,4,0,0,0,1,0,0,0,0,0,0,26,6
8837,0:2:2;0:3:2;0:3:3,2,5,0,0,0,1,0,0,0,0,0,0,32,6
8838,0:2:2;0:3:2;0:3:3,3,0,0,0,0,1,0,0,0,0,0,0,1,6
8839,0:2:2;0:3:2;0:3:3,3,1,0,0,0,1,0,0,0,0,0,0,4,6
8840,0:2:2;0:3:2;0:3:3,3,2,0,0,0,1,0,0,0,0,0,0,10,6
8841,0:2:2;0:3:2;0:3:3,3,3,0,0,0,1,0,0,0,0,0,0,18,6
8842,0:2:2;0:3:2;0:3:3,3,4,0,0,0,1,0,0,0,0,0,0,26,6
8843,0:2:2;0:3:2;0:3:3,3,5,0,0,0,1,0,0,0,0,0,0,32,6
8844,0:2:2;0:3:2;0:3:3,4,0,0,0,0,1,0,0,0,0,0,0,1,6
8845,0:2:2;0:3:2;0:3:3,4,1,0,0,0,1,0,0,0,0,0,0,4,6
8846,0:2:2;0:3:2;0:3:3,4,2,0,0,0,1,0,0,0,0,0,0,10,6
8847,0:2:2;0:3:2;0:3:3,4,3,0,0,0,1,0,0,0,0,0,0,18,6
8848,0:2:2;0:3:2;0:3:3,4,4,0,0,0,1,0,0,0,0,0,0,26,6
8849,0:2:2;0:3:2;0:3:3,4,5,0,0,0,1,0,0,0,0,0,0,32,6
8850,0:2:2;0:3:2;0:3:3,5,0,0,0,0,1,0,0,0,0,0,0,1,6
8851,0:2:2;0:3:2;0:3:3,5,1,0,0,0,1,0,0,0,0,0,0,4,6
8852,0:2:2;0:3:2;0:3:3,5,2,0,0,0,1,0,0,0,0,0,0,10,6
8853,0:2:2;0:3:2;0:3:3,5,3,0,0,0,1,0,0,0,0,0,0,18,6
8854,0:2:2;0:3:2;0:3:3,5,4,0,0,0,1,0,0,0,0,0,0,26,6
8855,0:2:2;0:3:2;0:3:3,5,5,0,0,0,1,0,0,0,0,0,0,32,6
8856,0:2:2;0:3:2;0:4:3,0,0,0,0,0,1,0,0,0,0,0,0,1,6
8857,0:2:2;0:3:2;0:4:3,0,1,0,0,0,1,0,0,0,0,0,0,4,6
8858,0:2:2;0:3:2;0:4:3,0,2,0,0,0,1,0,0,0,0,0,0,10,6
8859,0:2:2;0:3:2;0:4:3,0,3,0,0,0,1,0,0,0,0,0,0,18,6
8860,0:2:2;0:3:2;0:4:3,0,4,0,0,0,1,0,0,0,0,0,0,26,6
8861,0:2:2;0:3:2;0:4:3,0,5,0,0,0,1,0,0,0,0,0,0,32,6
8862,0:2:2;0:3:2;0:4:3,1,0,0,0,0,1,0,0,0,0,0,0,1,6
8863,0:2:2;0:3:2;0:4:3,1,1,0,0,0,1,0,0,0,0,0,0,4,6
8864,0:2:2;0:3:2;0:4:3,1,2,0,0,0,1,0,0,0,0,0,0,10,6
8865,0:2:2;0:3:2;0:4:3,1,3,0,0,0,1,0,0,0,0,0,0,18,6
8866,0:2:2;0:3:2;0:4:3,1,4,0,0,0,1,0,0,0,0,0,0,26,6
8867,0:2:2;0:3:2;0:4:3,1,5,0,0,0,1,0,0,0,0,0,0,32,6
8868,0:2:2;0:3:2;0:4:3,2,0,0,0,0,1,0,0,0,0,0,0,1,6
8869,0:2:2;0:3:2;0:4:3,2,1,0,0,0,1,0,0,0,0,0,0,4,6
8870,0:2:2;0:3:2;0:4:3,2,2,0,0,0,1,0,0,0,0,0,0,10,6
8871,0:2:2;0:3:2;0:4:3,2,3,0,0,0,1,0,0,0,0,0,0,18,6
8872,0:2:2;0:3:2;0:4:3,2,4,0,0,0,1,0,0,0,0,0,0,26,6
8873,0:2:2;0:3:2;0:4:3,2,5,0,0,0,1,0,0,0,0,0,0,32,6
8874,0:2:2;0:3:2;0:4:3,3,0,0,0,0,1,0,0,0,0,0,0,1,6
8875,0:2:2;0:3:2;0:4:3,3,1,0,0,0,1,0,0,0,0,0,0,4,6
8876,0:2:2;0:3:2;0:4:3,3,2,0,0,0,1,0,0,0,0,0,0,10,6
8877,0:2:2;0:3:2;0:4:3,3,3,0,0,0,1,0,0,0,0,0,0,18,6
8878,0:2:2;0:3:2;0:4:3,3,4,0,0,0,1,0,0,0,0,0,0,26,6
8879,0:2:2;0:3:2;0:4:3,3,5,0,0,0,1,0,0,0,0,0,0,32,6
8880,0:2:2;0:3:2;0:4:3,4,0,0,0,0,1,0,0,0,0,0,0,1,6
8881,0:2:2;0:3:2;0:4:3,4,1,0,0,0,1,0,0,0,0,0,0,4,6
8882,0:2:2;0:3:2;0:4:3,4,2,0,0,0,1,0,0,0,0,0,0,10,6
8883,0:2:2;0:3:2;0:4:3,4,3,0,0,0,1,0,0,0,0,0,0,18,6
8884,0:2:2;0:3:2;0:4:3,4,4,0,0,0,1,0,0,0,0,0,0,26,6
8885,0:2:2;0:3:2;0:4:3,4,5,0,0,0,1,0,0,0,0,0,0,32,6
8886,0:2:2;0:3:2;0:4:3,5,0,0,0,0,1,0,0,0,0,0,0,1,6
8887,0:2:2;0:3:2;0:4:3,5,1,0,0,0,1,0,0,0,0,0,0,4,6
8888,0:2:2;0:3:2;0:4:3,5,2,0,0,0,1,0,0,0,0,0,0,10,6
8889,0:2:2;0:3:2;0:4:3,5,3,0,0,0,1,0,0,0,0,0,0,18,6
8890,0:2:2;0:3:2;0:4:3,5,4,0,0,0,1,0,0,0,0,0,0,26,6
8891,0:2:2;0:3:2;0:4:3,5,5,0,0,0,1,0,0,0,0,0,0,32,6
8892,0:2:2;0:3:2;1:1:1,0,0,0,0,0,1,0,0,0,0,0,0,1,6
8893,0:2:2;0:3:2;1:1:1,0,1,0,0,0,1,0,0,0,0,0,0,3,6
8894,0:2:2;0:3:2;1:1:1,0,2,0,0,0,1,0,0,0,0,0,0,10,6
8895,0:2:2;0:3:2;1:1:1,0,3,1,1,1,0,1,1,1,1,1,4,6,2
8896,0:2:2;0:3:2;1:1:1,0,4,1,1,1,0,1,1,1,1,1,4,6,1
8897,0:2:2;0:3:2;1:1:1,0,5,1,1,1,0,1,1,1,1,1,4,6,1
8898,0:2:2;0:3:2;1:1:1,1,0,0,0,0,1,0,0,0,0,0,0,4,6
8899,0:2:2;0:3:2;1:1:1,1,1,0,0,0,1,0,0,0,0,0,0,9,6
8900,0:2:2;0:3:2;1:1:1,1,2,0,0,0,1,0,0,0,0,0,0,14,6
8901,0:2:2;0:3:2;1:1:1,1,3,1,1,1,0,1,1,1,1,1,4,6,2
8902,0:2:2;0:3:2;1:1:1,1,4,1,1,1,0,1,1,1,1,1,4,6,1
8903,0:2:2;0:3:2;1:1:1,1,5,1,1,1,0,1,1,1,1,1,4,6,1
8904,0:2:2;0:3:2;1:1:1,2,0,0,0,0,1,0,0,0,0,0,0,4,6
8905,0:2:2;0:3:2;1:1:1,2,1,0,0,0,1,0,0,0,0,0,0,9,6
8906,0:2:2;0:3:2;1:1:1,2,2,0,0,0,1,0,0,0,0,0,0,14,6
8907,0:2:2;0:3:2;1:1:1,2,3,1,1,1,0,1,1,1,1,1,4,6,2
8908,0:2:2;0:3:2;1:1:1,2,4,1,1,1,0,1,1,1,1,1,4,6,1
8909,0:2:2;0:3:2;1:1:1,2,5,1,1,1,0,1,1,1,1,1,4,6,1
8910,0:2:2;0:3:2;1:1:1,3,0,0,0,0,1,0,0,0,0,0,0,4,6
8911,0:2:2;0:3:2;1:1:1,3,1,0,0,0,1,0,0,0,0,0,0,9,6
8912,0:2:2;0:3:2;1:1:1,3,2,0,0,0,1,0,0,0,0,0,0,14,6
8913,0:2:2;0:3:2;1:1:1,3,3,1,1,1,0,1,1,1,1,1,4,6,2
8914,0:2:2;0:3:2;1:1:1,3,4,1,1,1,0,1,1,1,1,1,4,6,1
8915,0:2:2;0:3:2;1:1:1,3,5,1,1,1,0,1,1,1,1,1,4,6,1
8916,0:2:2;0:3:2;1:1:1,4,0,0,0,0,1,0,0,0,0,0,0,4,6
8917,0:2:2;0:3:2;1:1:1,4,1,0,0,0,1,0,0,0,0,0,0,9,6
8918,0:2:2;0:3:2;1:1:1,4,2,0,0,0,1,0,0,0,0,0,0,14,6
8919,0:2:2;0:3:2;1:1:1,4,3,1,1,1,0,1,1,1,1,1,4,6,2
8920,0:2:2;0:3:2;1:1:1,4,4,1,1,1,0,1,1,1,1,1,4,6,1
8921,0:2:2;0:3:2;1:1:1,4,5,1,1,1,0,1,1,1,1,1,4,6,1
8922,0:2:2;0:3:2;1:1:1,5,0,0,0,0,1,0,0,0,0,0,0,4,6
8923,0:2:2;0:3:2;1:1:1,5,1,0,0,0,1,0,0,0,0,0,0,9,6
8924,0:2:2;0:3:2;1:1:1,5,2,0,0,0,1,0,0,0,0,0,0,14,6
8925,0:2:2;0:3:2;1:1:1,5,3,1,1,1,0,1,1,1,1,1,4,6,2
8926,0:2:2;0:3:2;1:1:1,5,4,1,1,1,0,1,1,1,1,1,4,6,1
8927,0:2:2;0:3:2;1:1:1,5,5,1,1,1,0,1,1,1,1,1,4,6,1
8928,0:2:2;0:3:2;1:2:1,0,0,0,0,0,1,0,0,0,0,0,0,1,6
8929,0:2:2;0:3:2;1:2:1,0,1,0,0,0,1,0,0,0,0,0,0,3,6
8930,0:2:2;0:3:2;1:2:1,0,2,1,1,1,0,1,1,1,1,1,4,6,2
8931,0:2:2;0:3:2;1:2:1,0,3,1,1,1,0,1,1,1,1,1,4,6,2
8932,0:2:2;0:3:2;1:2:1,0,4,1,1,1,0,1,1,1,1,1,4,6,1
8933,0:2:2;0:3:2;1:2:1,0,5,1,1,1,0,1,1,1,1,1,4,6,1
8934,0:2:2;0:3:2;1:2:1,1,0,0,0,0,1,0,0,0,0,0,0,7,6
8935,0:2:2;0:3:2;1:2:1,1,1,0,0,0,1,0,0,0,0,0,0,11,6
8936,0:2:2;0:3:2;1:2:1,1,2,1,1,1,0,1,1,1,1,1,4,6,2
8937,0:2:2;0:3:2;1:2:1,1,3,1,1,1,0,1,1,1,1,1,4,6,2
8938,0:2:2;0:3:2;1:2:1,1,4,1,1,1,0,1,1,1,1,1,4,6,1
8939,0:2:2;0:3:2;1:2:1,1,5,1,1,1,0,1,1,1,1,1,4,6,1
8940,0:2:2;0:3:2;1:2:1,2,0,0,0,0,1,0,0,0,0,0,0,7,6
8941,0:2:2;0:3:2;1:2:1,2,1,0,0,0,1,0,0,0,0,0,0,11,6
8942,0:2:2;0:3:2;1:2:1,2,2,1,1,1,0,1,1,1,1,1,4,6,2
8943,0:2:2;0:3:2;1:2:1,2,3,1,1,1,0,1,1,1,1,1,4,6,2
8944,0:2:2;0:3:2;1:2:1,2,4,1,1,1,0,1,1,1,1,1,4,6,1
8945,0:2:2;0:3:2;1:2:1,2,5,1,1,1,0,1,1,1,1,1,4,6,1
8946,0:2:2;0:3:2;1:2:1,3,0,0,0,0,1,0,0,0,0,0,0,7,6
8947,0:2:2;0:3:2;1:2:1,3,1,0,0,0,1,0,0,0,0,0,0,11,6
8948,0:2:2;0:3:2;1:2:1,3,2,1,1,1,0,1,1,1,1,1,4,6,2
8949,0:2:2;0:3:2;1:2:1,3,3,1,1,1,0,1,1,1,1,1,4,6,2
8950,0:2:2;0:3:2;1:2:1,3,4,1,1,1,0,1,1,1,1,1,4,6,1
8951,0:2:2;0:3:2;1:2:1,3,5,1,1,1,0,1,1,1,1,1,4,6,1
8952,0:2:2;0:3:2;1:2:1,4,0,0,0,0,1,0,0,0,0,0,0,7,6
8953,0:2:2;0:3:2;1:2:1,4,1,0,0,0,1,0,0,0,0,0,0,11,6
8954,0:2:2;0:3:2;1:2:1,4,2,1,1,1,0,1,1,1,1,1,4,6,2
8955,0:2:2;0:3:2;1:2:1,4,3,1,1,1,0,1,1,1,1,1,4,6,2
8956,0:2:2;0:3:2;1:2:1,4,4,1,1,1,0,1,1,1,1,1,4,6,1
8957,0:2:2;0:3:2;1:2:1,4,5,1,1,1,0,1,1,1,1,1,4,6,1
8958,0:2:2;0:3:2;1:2:1,5,0,0,0,0,1,0,0,0,0,0,0,7,6
8959,0:2:2;0:3:2;1:2:1,5,1,0,0,0,1,0,0,0,0,0,0,11,6
8960,0:2:2;0:3:2;1:2:1,5,2,1,1,1,0,1,1,1,1,1,4,6,2
8961,0:2:2;0:3:2;1:2:1,5,3,1,1,1,0,1,1,1,1,1,4,6,2
8962,0:2:2;0:3:2;1:2:1,5,4,1,1,1,0,1,1,1,1,1,4,6,1
8963,0:2:2;0:3:2;1:2:1,5,5,1,1,1,0,1,1,1,1,1,4,6,1
8964,0:2:2;0:3:2;1:2:2,0,0,0,0,0,1,0,0,0,0,0,0,1,6
8965,0:2:2;0:3:2;1:2:2,0,1,0,0,0,1,0,0,0,0,0,0,3,6
8966,0:2:2;0:3:2;1:2:2,0,2,1,1,0,0,1,1,1,1,1,4,7,2
8967,0:2:2;0:3:2;1:2:2,0,3,1,1,1,0,1,1,1,1,1,4,7,2
8968,0:2:2;0:3:2;1:2:2,0,4,1,1,1,0,1,1,1,1,1,4,7,1
8969,0:2:2;0:3:2;1:2:2,0,5,1,1,1,0,1,1,1,1,1,4,7,1
8970,0:2:2;0:3:2;1:2:2,1,0,0,0,0,1,0,0,0,0,0,0,2,6
8971,0:2:2;0:3:2;1:2:2,1,1,0,0,0,1,0,0,0,0,0,0,6,6
8972,0:2:2;0:3:2;1:2:2,1,2,1,1,1,0,1,1,1,1,1,4,7,2
8973,0:2:2;0:3:2;1:2:2,1,3,1,1,1,0,1,1,1,1,1,4,7,2
8974,0:2:2;0:3:2;1:2:2,1,4,1,1,1,0,1,1,1,1,1,4,7,1
8975,0:2:2;0:3:2;1:2:2,1,5,1,1,1,0,1,1,1,1,1,4,7,1
8976,0:2:2;0:3:2;1:2:2,2,0,0,0,0,1,0,0,0,0,0,0,8,6
8977,0:2:2;0:3:2;1:2:2,2,1,0,0,0,1,0,0,0,0,0,0,14,6
8978,0:2:2;0:3:2;1:2:2,2,2,1,1,1,0,1,1,1,1,1,4,7,2
8979,0:2:2;0:3:2;1:2:2,2,3,1,1,1,0,1,1,1,1,1,4,7,2
8980,0:2:2;0:3:2;1:2:2,2,4,1,1,1,0,1,1,1,1,1,4,7,1
8981,0:2:2;0:3:2;1:2:2,2,5,1,1,1,0,1,1,1,1,1,4,7,1
8982,0:2:2;0:3:2;1:2:2,3,0,0,0,0,1,0,0,0,0,0,0,8,6
8983,0:2:2;0:3:2;1:2:2,3,1,0,0,0,1,0,0,0,0,0,0,14,6
8984,0:2:2;0:3:2;1:2:2,3,2,1,1,1,0,1,1,1,1,1,4,7,2
8985,0:2:2;0:3:2;1:2:2,3,3,1,1,1,0,1,1,1,1,1,4,7,2
8986,0:2:2;0:3:2;1:2:2,3,4,1,1,1,0,1,1,1,1,1,4,7,1
8987,0:2:2;0:3:2;1:2:2,3,5,1,1,1,0,1,1,1,1,1,4,7,1
8988,0:2:2;0:3:2;1:2:2,4,0,0,0,0,1,0,0,0,0,0,0,8,6
8989,0:2:2;0:3:2;1:2:2,4,1,0,0,0,1,0,0,0,0,0,0,14,6
8990,0:2:2;0:3:2;1:2:2,4,2,1,1,1,0,1,1,1,1,1,4,7,2
8991,0:2:2;0:3:2;1:2:2,4,3,1,1,1,0,1,1,1,1,1,4,7,2
8992,0:2:2;0:3:2;1:2:2,4,4,1,1,1,0,1,1,1,1,1,4,7,1
8993,0:2:2;0:3:2;1:2:2,4,5,1,1,1,0,1,1,1,1,1,4,7,1
8994,0:2:2;0:3:2;1:2:2,5,0,0,0,0,1,0,0,0,0,0,0,8,6
8995,0:2:2;0:3:2;1:2:2,5,1,0,0,0,1,0,0,0,0,0,0,14,6
8996,0:2:2;0:3:2;1:2:2,5,2,1,1,1,0,1,1,1,1,1,4,7,2
8997,0:2:2;0:3:2;1:2:2,5,3,1,1,1,0,1,1,1,1,1,4,7,2
8998,0:2:2;0:3:2;1:2:2,5,4,1,1,1,0,1,1,1,1,1,4,7,1
8999,0:2:2;0:3:2;1:2:2,5,5,1,1,1,0,1,1,1,1,1,4,7,1
9000,0:2:2;0:3:2;1:3:2,0,0,0,0,0,1,0,0,0,0,0,0,1,6
9001,0:2:2;0:3:2;1:3:2,0,1,1,0,0,1,0,0,0,0,0,1,3,6
9002,0:2:2;0:3:2;1:3:2,0,2,1,1,0,0,1,1,1,1,1,4,7,2
9003,0:2:2;0:3:2;1:3:2,0,3,1,1,1,0,1,1,1,1,1,4,7,2
9004,0:2:2;0:3:2;1:3:2,0,4,1,1,1,0,1,1,1,1,1,4,7,1
9005,0:2:2;0:3:2;1:3:2,0,5,1,1,1,0,1,1,1,1,1,4,7,1
9006,0:2:2;0:3:2;1:3:2,1,0,0,0,0,1,0,0,0,0,0,0,2,6
9007,0:2:2;0:3:2;1:3:2,1,1,1,0,0,1,0,0,0,0,0,1,6,6
9008,0:2:2;0:3:2;1:3:2,1,2,1,1,1,0,1,1,1,1,1,4,7,2
9009,0:2:2;0:3:2;1:3:2,1,3,1,1,1,0,1,1,1,1,1,4,7,2
9010,0:2:2;0:3:2;1:3:2,1,4,1,1,1,0,1,1,1,1,1,4,7,1
9011,0:2:2;0:3:2;1:3:2,1,5,1,1,1,0,1,1,1,1,1,4,7,1
9012,0:2:2;0:3:2;1:3:2,2,0,0,0,0,1,0,0,0,0,0,0,10,6
9013,0:2:2;0:3:2;1:3:2,2,1,1,1,1,0,1,1,1,1,1,4,7,5
9014,0:2:2;0:3:2;1:3:2,2,2,1,1,1,0,1,1,1,1,1,4,7,2
9015,0:2:2;0:3:2;1:3:2,2,3,1,1,1,0,1,1,1,1,1,4,7,2
9016,0:2:2;0:3:2;1:3:2,2,4,1,1,1,0,1,1,1,1,1,4,7,1
9017,0:2:2;0:3:2;1:3:2,2,5,1,1,1,0,1,1,1,1,1,4,7,1
9018,0:2:2;0:3:2;1:3:2,3,0,0,0,0,1,0,0,0,0,0,0,10,6
9019,0:2:2;0:3:2;1:3:2,3,1,1,1,1,0,1,1,1,1,1,4,7,5
9020,0:2:2;0:3:2;1:3:2,3,2,1,1,1,0,1,1,1,1,1,4,7,2
9021,0:2:2;0:3:2;1:3:2,3,3,1,1,1,0,1,1,1,1,1,4,7,2
9022,0:2:2;0:3:2;1:3:2,3,4,1,1,1,0,1,1,1,1,1,4,7,1
9023,0:2:2;0:3:2;1:3:2,3,5,1,1,1,0,1,1,1,1,1,4,7,1
9024,0:2:2;0:3:2;1:3:2,4,0,0,0,0,1,0,0,0,0,0,0,10,6
9025,0:2:2;0:3:2;1:3:2,4,1,1,1,1,0,1,1,1,1,1,4,7,5
9026,0:2:2;0:3:2;1:3:2,4,2,1,1,1,0,1,1,1,1,1,4,7,2
9027,0:2:2;0:3:2;1:3:2,4,3,1,1,1,0,1,1,1,1,1,4,7,2
9028,0:2:2;0:3:2;1:3:2,4,4,1,1,1,0,1,1,1,1,1,4,7,1
9029,0:2:2;0:3:2;1:3:2,4,5,1,1,1,0,1,1,1,1,1,4,7,1
9030,0:2:2;0:3:2;1:3:2,5,0,0,0,0,1,0,0,0,0,0,0,10,6
9031,0:2:2;0:3:2;1:3:2,5,1,1,1,1,0,1,1,1,1,1,4,7,5
9032,0:2:2;0:3:2;1:3:2,5,2,1,1,1,0,1,1,1,1,1,4,7,2
9033,0:2:2;0:3:2;1:3:2,5,3,1,1,1,0,1,1,1,1,1,4,7,2
9034,0:2:2;0:3:2;1:3:2,5,4,1,1,1,0,1,1,1,1,1,4,7,1
9035,0:2:2;0:3:2;1:3:2,5,5,1,1,1,0,1,1,1,1,1,4,7,1
9036,0:2:2;0:3:2;1:3:3,0,0,0,0,0,1,0,0,0,0,0,0,1,6
9037,0:2:2;0:3:2;1:3:3,0,1,1,0,0,1,0,0,0,0,0,1,3,6
9038,0:2:2;0:3:2;1:3:3,0,2,1,1,0,1,0,0,0,1,1,5,13,4
9039,0:2:2;0:3:2;1:3:3,0,3,1,1,0,1,0,0,0,1,1,5,14,4
9040,0:2:2;0:3:2;1:3:3,0,4,1,1,1,0,1,1,1,1,1,4,8,1
9041,0:2:2;0:3:2;1:3:3,0,5,1,1,1,0,1,1,1,1,1,4,8,1
9042,0:2:2;0:3:2;1:3:3,1,0,0,0,0,1,0,0,0,0,0,0,2,6
9043,0:2:2;0:3:2;1:3:3,1,1,1,0,0,1,0,0,0,0,0,1,6,6
9044,0:2:2;0:3:2;1:3:3,1,2,1,1,0,0,1,1,1,1,1,4,8,2
9045,0:2:2;0:3:2;1:3:3,1,3,1,1,1,0,1,1,1,1,1,4,8,2
9046,0:2:2;0:3:2;1:3:3,1,4,1,1,1,0,1,1,1,1,1,4,8,1
9047,0:2:2;0:3:2;1:3:3,1,5,1,1,1,0,1,1,1,1,1,4,8,1
9048,0:2:2;0:3:2;1:3:3,2,0,0,0,0,1,0,0,0,0,0,0,3,6
9049,0:2:2;0:3:2;1:3:3,2,1,1,0,0,1,0,0,0,0,0,1,9,6
9050,0:2:2;0:3:2;1:3:3,2,2,1,1,1,0,1,1,1,1,1,4,8,2
9051,0:2:2;0:3:2;1:3:3,2,3,1,1,1,0,1,1,1,1,1,4,8,2
9052,0:2:2;0:3:2;1:3:3,2,4,1,1,1,0,1,1,1,1,1,4,8,1
9053,0:2:2;0:3:2;1:3:3,2,5,1,1,1,0,1,1,1,1,1,4,8,1
9054,0:2:2;0:3:2;1:3:3,3,0,0,0,0,1,0,0,0,0,0,0,11,6
9055,0:2:2;0:3:2;1:3:3,3,1,1,1,1,0,1,1,1,1,1,4,8,5
9056,0:2:2;0:3:2;1:3:3,3,2,1,1,1,0,1,1,1,1,1,4,8,2
9057,0:2:2;0:3:2;1:3:3,3,3,1,1,1,0,1,1,1,1,1,4,8,2
9058,0:2:2;0:3:2;1:3:3,3,4,1,1,1,0,1,1,1,1,1,4,8,1
9059,0:2:2;0:3:2;1:3:3,3,5,1,1,1,0,1,1,1,1,1,4,8,1
9060,0:2:2;0:3:2;1:3:3,4,0,0,0,0,1,0,0,0,0,0,0,11,6
9061,0:2:2;0:3:2;1:3:3,4,1,1,1,1,0,1,1,1,1,1,4,8,5
9062,0:2:2;0:3:2;1:3:3,4,2,1,1,1,0,1,1,1,1,1,4,8,2
9063,0:2:2;0:3:2;1:3:3,4,3,1,1,1,0,1,1,1,1,1,4,8,2
9064,0:2:2;0:3:2;1:3:3,4,4,1,1,1,0,1,1,1,1,1,4,8,1
9065,0:2:2;0:3:2;1:3:3,4,5,1,1,1,0,1,1,1,1,1,4,8,1
9066,0:2:2;0:3:2;1:3:3,5,0,0,0,0,1,0,0,0,0,0,0,11,6
9067,0:2:2;0:3:2;1:3:3,5,1,1,1,1,0,1,1,1,1,1,4,8,5
9068,0:2:2;0:3:2;1:3:3,5,2,1,1,1,0,1,1,1,1,1,4,8,2
9069,0:2:2;0:3:2;1:3:3,5,3,1,1,1,0,1,1,1,1,1,4,8,2
9070,0:2:2;0:3:2;1:3:3,5,4,1,1,1,0,1,1,1,1,1,4,8,1
9071,0:2:2;0:3:2;1:3:3,5,5,1,1,1,0,1,1,1,1,1,4,8,1
9072,0:2:2;0:3:2;1:4:3,0,0,1,0,0,1,0,0,0,0,0,1,1,6
9073,0:2:2;0:3:2;1:4:3,0,1,1,0,0,1,0,0,0,0,0,1,3,6
9074,0:2:2;0:3:2;1:4:3,0,2,1,1,0,1,0,0,0,1,1,5,13,4
9075,0:2:2;0:3:2;1:4:3,0,3,1,1,0,1,0,0,0,1,1,5,14,4
9076,0:2:2;0:3:2;1:4:3,0,4,1,1,1,0,1,1,1,1,1,4,8,1
9077,0:2:2;0:3:2;1:4:3,0,5,1,1,1,0,1,1,1,1,1,4,8,1
9078,0:2:2;0:3:2;1:4:3,1,0,1,0,0,1,0,0,0,0,0,1,2,6
9079,0:2:2;0:3:2;1:4:3,1,1,1,0,0,1,0,0,0,0,0,1,6,6
9080,0:2:2;0:3:2;1:4:3,1,2,1,1,0,0,1,1,1,1,1,4,8,2
9081,0:2:2;0:3:2;1:4:3,1,3,1,1,1,0,1,1,1,1,1,4,8,2
9082,0:2:2;0:3:2;1:4:3,1,4,1,1,1,0,1,1,1,1,1,4,8,1
9083,0:2:2;0:3:2;1:4:3,1,5,1,1,1,0,1,1,1,1,1,4,8,1
9084,0:2:2;0:3:2;1:4:3,2,0,1,0,0,1,0,0,0,0,0,1,3,6
9085,0:2:2;0:3:2;1:4:3,2,1,1,0,0,1,0,0,0,0,0,1,9,6
9086,0:2:2;0:3:2;1:4:3,2,2,1,1,1,0,1,1,1,1,1,4,8,2
9087,0:2:2;0:3:2;1:4:3,2,3,1,1,1,0,1,1,1,1,1,4,8,2
9088,0:2:2;0:3:2;1:4:3,2,4,1,1,1,0,1,1,1,1,1,4,8,1
9089,0:2:2;0:3:2;1:4:3,2,5,1,1,1,0,1,1,1,1,1,4,8,1
9090,0:2:2;0:3:2;1:4:3,3,0,1,1,0,0,1,1,1,1,1,4,8,5
9091,0:2:2;0:3:2;1:4:3,3,1,1,1,1,0,1,1,1,1,1,4,8,5
9092,0:2:2;0:3:2;1:4:3,3,2,1,1,1,0,1,1,1,1,1,4,8,2
9093,0:2:2;0:3:2;1:4:3,3,3,1,1,1,0,1,1,1,1,1,4,8,2
9094,0:2:2;0:3:2;1:4:3,3,4,1,1,1,0,1,1,1,1,1,4,8,1
9095,0:2:2;0:3:2;1:4:3,3,5,1,1,1,0,1,1,1,1,1,4,8,1
9096,0:2:2;0:3:2;1:4:3,4,0,1,1,1,0,1,1,1,1,1,4,8,5
9097,0:2:2;0:3:2;1:4:3,4,1,1,1,1,0,1,1,1,1,1,4,8,5
9098,0:2:2;0:3:2;1:4:3,4,2,1,1,1,0,1,1,1,1,1,4,8,2
9099,0:2:2;0:3:2;1:4:3,4,3,1,1,1,0,1,1,1,1,1,4,8,2
9100,0:2:2;0:3:2;1:4:3,4,4,1,1,1,0,1,1,1,1,1,4,8,1
9101,0:2:2;0:3:2;1:4:3,4,5,1,1,1,0,1,1,1,1,1,4,8,1
9102,0:2:2;0:3:2;1:4:3,5,0,1,1,1,0,1,1,1,1,1,4,8,5
9103,0:2:2;0:3:2;1:4:3,5,1,1,1,1,0,1,1,1,1,1,4,8,5
9104,0:2:2;0:3:2;1:4:3,5,2,1,1,1,0,1,1,1,1,1,4,8,2
9105,0:2:2;0:3:2;1:4:3,5,3,1,1,1,0,1,1,1,1,1,4,8,2
9106,0:2:2;0:3:2;1:4:3,5,4,1,1,1,0,1,1,1,1,1,4,8,1
9107,0:2:2;0:3:2;1:4:3,5,5,1,1,1,0,1,1,1,1,1,4,8,1
9108,0:2:2;0:3:3;0:3:3,0,0,0,0,0,1,0,0,0,0,0,0,1,6
9109,0:2:2;0:3:3;0:3:3,0,1,0,0,0,1,0,0,0,0,0,0,4,6
9110,0:2:2;0:3:3;0:3:3,0,2,0,0,0,1,0,0,0,0,0,0,10,6
9111,0:2:2;0:3:3;0:3:3,0,3,0,0,0,1,0,0,0,0,0,0,19,6
9112,0:2:2;0:3:3;0:3:3,0,4,0,0,0,1,0,0,0,0,0,0,29,6
9113,0:2:2;0:3:3;0:3:3,0,5,0,0,0,1,0,0,0,0,0,0,38,6
9114,0:2:2;0:3:3;0:3:3,1,0,0,0,0,1,0,0,0,0,0,0,1,6
9115,0:2:2;0:3:3;0:3:3,1,1,0,0,0,1,0,0,0,0,0,0,4,6
9116,0:2:2;0:3:3;0:3:3,1,2,0,0,0,1,0,0,0,0,0,0,10,6
9117,0:2:2;0:3:3;0:3:3,1,3,0,0,0,1,0,0,0,0,0,0,19,6
9118,0:2:2;0:3:3;0:3:3,1,4,0,0,0,1,0,0,0,0,0,0,29,6
9119,0:2:2;0:3:3;0:3:3,1,5,0,0,0,1,0,0,0,0,0,0,38,6
9120,0:2:2;0:3:3;0:3:3,2,0,0,0,0,1,0,0,0,0,0,0,1,6
9121,0:2:2;0:3:3;0:3:3,2,1,0,0,0,1,0,0,0,0,0,0,4,6
9122,0:2:2;0:3:3;0:3:3,2,2,0,0,0,1,0,0,0,0,0,0,10,6
9123,0:2:2;0:3:3;0:3:3,2,3,0,0,0,1,0,0,0,0,0,0,19,6
9124,0:2:2;0:3:3;0:3:3,2,4,0,0,0,1,0,0,0,0,0,0,29,6
9125,0:2:2;0:3:3;0:3:3,2,5,0,0,0,1,0,0,0,0,0,0,38,6
9126,0:2:2;0:3:3;0:3:3,3,0,0,0,0,1,0,0,0,0,0,0,1,6
9127,0:2:2;0:3:3;0:3:3,3,1,0,0,0,1,0,0,0,0,0,0,4,6
9128,0:2:2;0:3:3;0:3:3,3,2,0,0,0,1,0,0,0,0,0,0,10,6
9129,0:2:2;0:3:3;0:3:3,3,3,0,0,0,1,0,0,0,0,0,0,19,6
9130,0:2:2;0:3:3;0:3:3,3,4,0,0,0,1,0,0,0,0,0,0,29,6
9131,0:2:2;0:3:3;0:3:3,3,5,0,0,0,1,0,0,0,0,0,0,38,6
9132,0:2:2;0:3:3;0:3:3,4,0,0,0,0,1,0,0,0,0,0,0,1,6
9133,0:2:2;0:3:3;0:3:3,4,1,0,0,0,1,0,0,0,0,0,0,4,6
9134,0:2:2;0:3:3;0:3:3,4,2,0,0,0,1,0,0,0,0,0,0,10,6
9135,0:2:2;0:3:3;0:3:3,4,3,0,0,0,1,0,0,0,0,0,0,19,6
9136,0:2:2;0:3:3;0:3:3,4,4,0,0,0,1,0,0,0,0,0,0,29,6
9137,0:2:2;0:3:3;0:3:3,4,5,0,0,0,1,0,0,0,0,0,0,38,6
9138,0:2:2;0:3:3;0:3:3,5,0,0,0,0,1,0,0,0,0,0,0,1,6
9139,0:2:2;0:3:3;0:3:3,5,1,0,0,0,1,0,0,0,0,0,0,4,6
9140,0:2:2;0:3:3;0:3:3,5,2,0,0,0,1,0,0,0,0,0,0,10,6
9141,0:2:2;0:3:3;0:3:3,5,3,0,0,0,1,0,0,0,0,0,0,19,6
9142,0:2:2;0:3:3;0:3:3,5,4,0,0,0,1,0,0,0,0,0,0,29,6
9143,0:2:2;0:3:3;0:3:3,5,5,0,0,0,1,0,0,0,0,0,0,38,6
9144,0:2:2;0:3:3;0:4:3,0,0,0,0,0,1,0,0,0,0,0,0,1,6
9145,0:2:2;0:3:3;0:4:3,0,1,0,0,0,1,0,0,0,0,0,0,4,6
9146,0:2:2;0:3:3;0:4:3,0,2,0,0,0,1,0,0,0,0,0,0,10,6
9147,0:2:2;0:3:3;0:4:3,0,3,0,0,0,1,0,0,0,0,0,0,19,6
9148,0:2:2;0:3:3;0:4:3,0,4,0,0,0,1,0,0,0,0,0,0,29,6
9149,0:2:2;0:3:3;0:4:3,0,5,0,0,0,1,0,0,0,0,0,0,38,6
9150,0:2:2;0:3:3;0:4:3,1,0,0,0,0,1,0,0,0,0,0,0,1,6
9151,0:2:2;0:3:3;0:4:3,1,1,0,0,0,1,0,0,0,0,0,0,4,6
9152,0:2:2;0:3:3;0:4:3,1,2,0,0,0,1,0,0,0,0,0,0,10,6
9153,0:2:2;0:3:3;0:4:3,1,3,0,0,0,1,0,0,0,0,0,0,19,6
9154,0:2:2;0:3:3;0:4:3,1,4,0,0,0,1,0,0,0,0,0,0,29,6
9155,0:2:2;0:3:3;0:4:3,1,5,0,0,0,1,0,0,0,0,0,0,38,6
9156,0:2:2;0:3:3;0:4:3,2,0,0,0,0,1,0,0,0,0,0,0,1,6
9157,0:2:2;0:3:3;0:4:3,2,1,0,0,0,1,0,0,0,0,0,0,4,6
9158,0:2:2;0:3:3;0:4:3,2,2,0,0,0,1,0,0,0,0,0,0,10,6
9159,0:2:2;0:3:3;0:4:3,2,3,0,0,0,1,0,0,0,0,0,0,19,6
9160,0:2:2;0:3:3;0:4:3,2,4,0,0,0,1,0,0,0,0,0,0,29,6
9161,0:2:2;0:3:3;0:4:3,2,5,0,0,0,1,0,0,0,0,0,0,38,6
9162,0:2:2;0:3:3;0:4:3,3,0,0,0,0,1,0,0,0,0,0,0,1,6
9163,0:2:2;0:3:3;0:4:3,3,1,0,0,0,1,0,0,0,0,0,0,4,6
9164,0:2:2;0:3:3;0:4:3,3,2,0,0,0,1,0,0,0,0,0,0,10,6
9165,0:2:2;0:3:3;0:4:3,3,3,0,0,0,1,0,0,0,0,0,0,19,6
9166,0:2:2;0:3:3;0:4:3,3,4,0,0,0,1,0,0,0,0,0,0,29,6
9167,0:2:2;0:3:3;0:4:3,3,5,0,0,0,1,0,0,0,0,0,0,38,6
9168,0:2:2;0:3:3;0:4:3,4,0,0,0,0,1,0,0,0,0,0,0,1,6
9169,0:2:2;0:3:3;0:4:3,4,1,0,0,0,1,0,0,0,0,0,0,4,6
9170,0:2:2;0:3:3;0:4:3,4,2,0,0,0,1,0,0,0,0,0,0,10,6
9171,0:2:2;0:3:3;0:4:3,4,3,0,0,0,1,0,0,0,0,0,0,19,6
9172,0:2:2;0:3:3;0:4:3,4,4,0,0,0,1,0,0,0,0,0,0,29,6
9173,0:2:2;0:3:3;0:4:3,4,5,0,0,0,1,0,0,0,0,0,0,38,6
9174,0:2:2;0:3:3;0:4:3,5,0,0,0,0,1,0,0,0,0,0,0,1,6
9175,0:2:2;0:3:3;0:4:3,5,1,0,0,0,1,0,0,0,0,0,0,4,6
9176,0:2:2;0:3:3;0:4:3,5,2,0,0,0,1,0,0,0,0,0,0,10,6
9177,0:2:2;0:3:3;0:4:3,5,3,0,0,0,1,0,0,0,0,0,0,19,6
9178,0:2:2;0:3:3;0:4:3,5,4,0,0,0,1,0,0,0,0,0,0,29,6
9179,0:2:2;0:3:3;0:4:3,5,5,0,0,0,1,0,0,0,0,0,0,38,6
9180,0:2:2;0:3:3;1:1:1,0,0,0,0,0,1,0,0,0,0,0,0,1,6
9181,0:2:2;0:3:3;1:1:1,0,1,0,0,0,1,0,0,0,0,0,0,3,6
9182,0:2:2;0:3:3;1:1:1,0,2,0,0,0,1,0,0,0,0,0,0,8,6
9183,0:2:2;0:3:3;1:1:1,0,3,0,0,0,1,0,0,0,0,0,0,14,6
9184,0:2:2;0:3:3;1:1:1,0,4,1,1,1,0,1,1,1,1,1,4,7,2
9185,0:2:2;0:3:3;1:1:1,0,5,1,1,1,0,1,1,1,1,1,4,7,1
9186,0:2:2;0:3:3;1:1:1,1,0,0,0,0,1,0,0,0,0,0,0,4,6
9187,0:2:2;0:3:3;1:1:1,1,1,0,0,0,1,0,0,0,0,0,0,9,6
9188,0:2:2;0:3:3;1:1:1,1,2,0,0,0,1,0,0,0,0,0,0,15,6
9189,0:2:2;0:3:3;1:1:1,1,3,0,0,0,1,0,0,0,0,0,0,20,6
9190,0:2:2;0:3:3;1:1:1,1,4,1,1,1,0,1,1,1,1,1,4,7,2
9191,0:2:2;0:3:3;1:1:1,1,5,1,1,1,0,1,1,1,1,1,4,7,1
9192,0:2:2;0:3:3;1:1:1,2,0,0,0,0,1,0,0,0,0,0,0,4,6
9193,0:2:2;0:3:3;1:1:1,2,1,0,0,0,1,0,0,0,0,0,0,9,6
9194,0:2:2;0:3:3;1:1:1,2,2,0,0,0,1,0,0,0,0,0,0,15,6
9195,0:2:2;0:3:3;1:1:1,2,3,0,0,0,1,0,0,0,0,0,0,20,6
9196,0:2:2;0:3:3;1:1:1,2,4,1,1,1,0,1,1,1,1,1,4,7,2
9197,0:2:2;0:3:3;1:1:1,2,5,1,1,1,0,1,1,1,1,1,4,7,1
9198,0:2:2;0:3:3;1:1:1,3,0,0,0,0,1,0,0,0,0,0,0,4,6
9199,0:2:2;0:3:3;1:1:1,3,1,0,0,0,1,0,0,0,0,0,0,9,6
9200,0:2:2;0:3:3;1:1:1,3,2,0,0,0,1,0,0,0,0,0,0,15,6
9201,0:2:2;0:3:3;1:1:1,3,3,0,0,0,1,0,0,0,0,0,0,20,6
9202,0:2:2;0:3:3;1:1:1,3,4,1,1,1,0,1,1,1,1,1,4,7,2
9203,0:2:2;0:3:3;1:1:1,3,5,1,1,1,0,1,1,1,1,1,4,7,1
9204,0:2:2;0:3:3;1:1:1,4,0,0,0,0,1,0,0,0,0,0,0,4,6
9205,0:2:2;0:3:3;1:1:1,4,1,0,0,0,1,0,0,0,0,0,0,9,6
9206,0:2:2;0:3:3;1:1:1,4,2,0,0,0,1,0,0,0,0,0,0,15,6
9207,0:2:2;0:3:3;1:1:1,4,3,0,0,0,1,0,0,0,0,0,0,20,6
9208,0:2:2;0:3:3;1:1:1,4,4,1,1,1,0,1,1,1,1,1,4,7,2
9209,0:2:2;0:3:3;1:1:1,4,5,1,1,1,0,1,1,1,1,1,4,7,1
9210,0:2:2;0:3:3;1:1:1,5,0,0,0,0,1,0,0,0,0,0,0,4,6
9211,0:2:2;0:3:3;1:1:1,5,1,0,0,0,1,0,0,0,0,0,0,9,6
9212,0:2:2;0:3:3;1:1:1,5,2,0,0,0,1,0,0,0,0,0,0,15,6
9213,0:2:2;0:3:3;1:1:1,5,3,0,0,0,1,0,0,0,0,0,0,20,6
9214,0:2:2;0:3:3;1:1:1,5,4,1,1,1,0,1,1,1,1,1,4,7,2
9215,0:2:2;0:3:3;1:1:1,5,5,1,1,1,0,1,1,1,1,1,4,7,1
9216,0:2:2;0:3:3;1:2:1,0,0,0,0,0,1,0,0,0,0,0,0,1,6
9217,0:2:2;0:3:3;1:2:1,0,1,0,0,0,1,0,0,0,0,0,0,3,6
9218,0:2:2;0:3:3;1:2:1,0,2,0,0,0,1,0,0,0,0,0,0,9,6
9219,0:2:2;0:3:3;1:2:1,0,3,1,1,1,0,1,1,1,1,1,4,7,2
9220,0:2:2;0:3:3;1:2:1,0,4,1,1,1,0,1,1,1,1,1,4,7,2
9221,0:2:2;0:3:3;1:2:1,0,5,1,1,1,0,1,1,1,1,1,4,7,1
9222,0:2:2;0:3:3;1:2:1,1,0,0,0,0,1,0,0,0,0,0,0,7,6
9223,0:2:2;0:3:3;1:2:1,1,1,0,0,0,1,0,0,0,0,0,0,12,6
9224,0:2:2;0:3:3;1:2:1,1,2,0,0,0,1,0,0,0,0,0,0,17,6
9225,0:2:2;0:3:3;1:2:1,1,3,1,1,1,0,1,1,1,1,1,4,7,2
9226,0:2:2;0:3:3;1:2:1,1,4,1,1,1,0,1,1,1,1,1,4,7,2
9227,0:2:2;0:3:3;1:2:1,1,5,1,1,1,0,1,1,1,1,1,4,7,1
9228,0:2:2;0:3:3;1:2:1,2,0,0,0,0,1,0,0,0,0,0,0,7,6
9229,0:2:2;0:3:3;1:2:1,2,1,0,0,0,1,0,0,0,0,0,0,12,6
9230,0:2:2;0:3:3;1:2:1,2,2,0,0,0,1,0,0,0,0,0,0,17,6
9231,0:2:2;0:3:3;1:2:1,2,3,1,1,1,0,1,1,1,1,1,4,7,2
9232,0:2:2;0:3:3;1:2:1,2,4,1,1,1,0,1,1,1,1,1,4,7,2
9233,0:2:2;0:3:3;1:2:1,2,5,1,1,1,0,1,1,1,1,1,4,7,1
9234,0:2:2;0:3:3;1:2:1,3,0,0,0,0,1,0,0,0,0,0,0,7,6
9235,0:2:2;0:3:3;1:2:1,3,1,0,0,0,1,0,0,0,0,0,0,12,6
9236,0:2:2;0:3:3;1:2:1,3,2,0,0,0,1,0,0,0,0,0,0,17,6
9237,0:2:2;0:3:3;1:2:1,3,3,1,1,1,0,1,1,1,1,1,4,7,2
9238,0:2:2;0:3:3;1:2:1,3,4,1,1,1,0,1,1,1,1,1,4,7,2
9239,0:2:2;0:3:3;1:2:1,3,5,1,1,1,0,1,1,1,1,1,4,7,1
9240,0:2:2;0:3:3;1:2:1,4,0,0,0,0,1,0,0,0,0,0,0,7,6
9241,0:2:2;0:3:3;1:2:1,4,1,0,0,0,1,0,0,0,0,0,0,12,6
9242,0:2:2;0:3:3;1:2:1,4,2,0,0,0,1,0,0,0,0,0,0,17,6
9243,0:2:2;0:3:3;1:2:1,4,3,1,1,1,0,1,1,1,1,1,4,7,2
9244,0:2:2;0:3:3;1:2:1,4,4,1,1,1,0,1,1,1,1,1,4,7,2
9245,0:2:2;0:3:3;1:2:1,4,5,1,1,1,0,1,1,1,1,1,4,7,1
9246,0:2:2;0:3:3;1:2:1,5,0,0,0,0,1,0,0,0,0,0,0,7,6
9247,0:2:2;0:3:3;1:2:1,5,1,0,0,0,1,0,0,0,0,0,0,12,6
9248,0:2:2;0:3:3;1:2:1,5,2,0,0,0,1,0,0,0,0,0,0,17,6
9249,0:2:2;0:3:3;1:2:1,5,3,1,1,1,0,1,1,1,1,1,4,7,2
9250,0:2:2;0:3:3;1:2:1,5,4,1,1,1,0,1,1,1,1,1,4,7,2
9251,0:2:2;0:3:3;1:2:1,5,5,1,1,1,0,1,1,1,1,1,4,7,1
9252,0:2:2;0:3:3;1:2:2,0,0,0,0,0,1,0,0,0,0,0,0,1,6
9253,0:2:2;0:3:3;1:2:2,0,1,0,0,0,1,0,0,0,0,0,0,3,6
9254,0:2:2;0:3:3;1:2:2,0,2,0,0,0,1,0,0,0,0,0,0,10,6
9255,0:2:2;0:3:3;1:2:2,0,3,1,1,0,0,1,1,1,1,1,4,8,2
9256,0:2:2;0:3:3;1:2:2,0,4,1,1,1,0,1,1,1,1,1,4,8,2
9257,0:2:2;0:3:3;1:2:2,0,5,1,1,1,0,1,1,1,1,1,4,8,1
9258,0:2:2;0:3:3;1:2:2,1,0,0,0,0,1,0,0,0,0,0,0,2,6
9259,0:2:2;0:3:3;1:2:2,1,1,0,0,0,1,0,0,0,0,0,0,6,6
9260,0:2:2;0:3:3;1:2:2,1,2,0,0,0,1,0,0,0,0,0,0,15,6
9261,0:2:2;0:3:3;1:2:2,1,3,1,1,1,0,1,1,1,1,1,4,8,2
9262,0:2:2;0:3:3;1:2:2,1,4,1,1,1,0,1,1,1,1,1,4,8,2
9263,0:2:2;0:3:3;1:2:2,1,5,1,1,1,0,1,1,1,1,1,4,8,1
9264,0:2:2;0:3:3;1:2:2,2,0,0,0,0,1,0,0,0,0,0,0,8,6
9265,0:2:2;0:3:3;1:2:2,2,1,0,0,0,1,0,0,0,0,0,0,15,6
9266,0:2:2;0:3:3;1:2:2,2,2,0,0,0,1,0,0,0,0,0,0,23,6
9267,0:2:2;0:3:3;1:2:2,2,3,1,1,1,0,1,1,1,1,1,4,8,2
9268,0:2:2;0:3:3;1:2:2,2,4,1,1,1,0,1,1,1,1,1,4,8,2
9269,0:2:2;0:3:3;1:2:2,2,5,1,1,1,0,1,1,1,1,1,4,8,1
9270,0:2:2;0:3:3;1:2:2,3,0,0,0,0,1,0,0,0,0,0,0,8,6
9271,0:2:2;0:3:3;1:2:2,3,1,0,0,0,1,0,0,0,0,0,0,15,6
9272,0:2:2;0:3:3;1:2:2,3,2,0,0,0,1,0,0,0,0,0,0,23,6
9273,0:2:2;0:3:3;1:2:2,3,3,1,1,1,0,1,1,1,1,1,4,8,2
9274,0:2:2;0:3:3;1:2:2,3,4,1,1,1,0,1,1,1,1,1,4,8,2
9275,0:2:2;0:3:3;1:2:2,3,5,1,1,1,0,1,1,1,1,1,4,8,1
9276,0:2:2;0:3:3;1:2:2,4,0,0,0,0,1,0,0,0,0,0,0,8,6
9277,0:2:2;0:3:3;1:2:2,4,1,0,0,0,1,0,0,0,0,0,0,15,6
9278,0:2:2;0:3:3;1:2:2,4,2,0,0,0,1,0,0,0,0,0,0,23,6
9279,0:2:2;0:3:3;1:2:2,4,3,1,1,1,0,1,1,1,1,1,4,8,2
9280,0:2:2;0:3:3;1:2:2,4,4,1,1,1,0,1,1,1,1,1,4,8,2
9281,0:2:2;0:3:3;1:2:2,4,5,1,1,1,0,1,1,1,1,1,4,8,1
9282,0:2:2;0:3:3;1:2:2,5,0,0,0,0,1,0,0,0,0,0,0,8,6
9283,0:2:2;0:3:3;1:2:2,5,1,0,0,0,1,0,0,0,0,0,0,15,6
9284,0:2:2;0:3:3;1:2:2,5,2,0,0,0,1,0,0,0,0,0,0,23,6
9285,0:2:2;0:3:3;1:2:2,5,3,1,1,1,0,1,1,1,1,1,4,8,2
9286,0:2:2;0:3:3;1:2:2,5,4,1,1,1,0,1,1,1,1,1,4,8,2
9287,0:2:2;0:3:3;1:2:2,5,5,1,1,1,0,1,1,1,1,1,4,8,1
9288,0:2:2;0:3:3;1:3:2,0,0,0,0,0,1,0,0,0,0,0,0,1,6
9289,0:2:2;0:3:3;1:3:2,0,1,0,0,0,1,0,0,0,0,0,0,3,6
9290,0:2:2;0:3:3;1:3:2,0,2,1,1,0,0,1,1,1,1,1,4,8,2
9291,0:2:2;0:3:3;1:3:2,0,3,1,1,0,0,1,1,1,1,1,4,8,2
9292,0:2:2;0:3:3;1:3:2,0,4,1,1,1,0,1,1,1,1,1,4,8,2
9293,0:2:2;0:3:3;1:3:2,0,5,1,1,1,0,1,1,1,1,1,4,8,1
9294,0:2:2;0:3:3;1:3:2,1,0,0,0,0,1,0,0,0,0,0,0,2,6
9295,0:2:2;0:3:3;1:3:2,1,1,0,0,0,1,0,0,0,0,0,0,6,6
9296,0:2:2;0:3:3;1:3:2,1,2,1,1,0,0,1,1,1,1,1,4,8,2
9297,0:2:2;0:3:3;1:3:2,1,3,1,1,1,0,1,1,1,1,1,4,8,2
9298,0:2:2;0:3:3;1:3:2,1,4,1,1,1,0,1,1,1,1,1,4,8,2
9299,0:2:2;0:3:3;1:3:2,1,5,1,1,1,0,1,1,1,1,1,4,8,1
9300,0:2:2;0:3:3;1:3:2,2,0,0,0,0,1,0,0,0,0,0,0,11,6
9301,0:2:2;0:3:3;1:3:2,2,1,0,0,0,1,0,0,0,0,0,0,17,6
9302,0:2:2;0:3:3;1:3:2,2,2,1,1,1,0,1,1,1,1,1,4,8,2
9303,0:2:2;0:3:3;1:3:2,2,3,1,1,1,0,1,1,1,1,1,4,8,2
9304,0:2:2;0:3:3;1:3:2,2,4,1,1,1,0,1,1,1,1,1,4,8,2
9305,0:2:2;0:3:3;1:3:2,2,5,1,1,1,0,1,1,1,1,1,4,8,1
9306,0:2:2;0:3:3;1:3:2,3,0,0,0,0,1,0,0,0,0,0,0,11,6
9307,0:2:2;0:3:3;1:3:2,3,1,0,0,0,1,0,0,0,0,0,0,17,6
9308,0:2:2;0:3:3;1:3:2,3,2,1,1,1,0,1,1,1,1,1,4,8,2
9309,0:2:2;0:3:3;1:3:2,3,3,1,1,1,0,1,1,1,1,1,4,8,2
9310,0:2:2;0:3:3;1:3:2,3,4,1,1,1,0,1,1,1,1,1,4,8,2
9311,0:2:2;0:3:3;1:3:2,3,5,1,1,1,0,1,1,1,1,1,4,8,1
9312,0:2:2;0:3:3;1:3:2,4,0,0,0,0,1,0,0,0,0,0,0,11,6
9313,0:2:2;0:3:3;1:3:2,4,1,0,0,0,1,0,0,0,0,0,0,17,6
9314,0:2:2;0:3:3;1:3:2,4,2,1,1,1,0,1,1,1,1,1,4,8,2
9315,0:2:2;0:3:3;1:3:2,4,3,1,1,1,0,1,1,1,1,1,4,8,2
9316,0:2:2;0:3:3;1:3:2,4,4,1,1,1,0,1,1,1,1,1,4,8,2
9317,0:2:2;0:3:3;1:3:2,4,5,1,1,1,0,1,1,1,1,1,4,8,1
9318,0:2:2;0:3:3;1:3:2,5,0,0,0,0,1,0,0,0,0,0,0,11,6
9319,0:2:2;0:3:3;1:3:2,5,1,0,0,0,1,0,0,0,0,0,0,17,6
9320,0:2:2;0:3:3;1:3:2,5,2,1,1,1,0,1,1,1,1,1,4,8,2
9321,0:2:2;0:3:3;1:3:2,5,3,1,1,1,0,1,1,1,1,1,4,8,2
9322,0:2:2;0:3:3;1:3:2,5,4,1,1,1,0,1,1,1,1,1,4,8,2
9323,0:2:2;0:3:3;1:3:2,5,5,1,1,1,0,1,1,1,1,1,4,8,1
9324,0:2:2;0:3:3;1:3:3,0,0,0,0,0,1,0,0,0,0,0,0,1,6
9325,0:2:2;0:3:3;1:3:3,0,1,0,0,0,1,0,0,0,0,0,0,3,6
9326,0:2:2;0:3:3;1:3:3,0,2,1,0,0,1,0,0,0,0,0,2,8,6
9327,0:2:2;0:3:3;1:3:3,0,3,1,1,0,1,0,0,1,0,1,5,18,4
9328,0:2:2;0:3:3;1:3:3,0,4,1,1,0,1,0,0,1,0,1,5,18,4
9329,0:2:2;0:3:3;1:3:3,0,5,1,1,1,0,1,1,1,1,1,4,9,1
9330,0:2:2;0:3:3;1:3:3,1,0,0,0,0,1,0,0,0,0,0,0,2,6
9331,0:2:2;0:3:3;1:3:3,1,1,0,0,0,1,0,0,0,0,0,0,6,6
9332,0:2:2;0:3:3;1:3:3,1,2,1,1,0,0,1,1,1,1,1,4,9,2
9333,0:2:2;0:3:3;1:3:3,1,3,1,1,0,0,1,1,1,1,1,4,9,2
9334,0:2:2;0:3:3;1:3:3,1,4,1,1,1,0,1,1,1,1,1,4,9,2
9335,0:2:2;0:3:3;1:3:3,1,5,1,1,1,0,1,1,1,1,1,4,9,1
9336,0:2:2;0:3:3;1:3:3,2,0,0,0,0,1,0,0,0,0,0,0,3,6
9337,0:2:2;0:3:3;1:3:3,2,1,0,0,0,1,0,0,0,0,0,0,9,6
9338,0:2:2;0:3:3;1:3:3,2,2,1,1,0,0,1,1,1,1,1,4,9,2
9339,0:2:2;0:3:3;1:3:3,2,3,1,1,1,0,1,1,1,1,1,4,9,2
9340,0:2:2;0:3:3;1:3:3,2,4,1,1,1,0,1,1,1,1,1,4,9,2
9341,0:2:2;0:3:3;1:3:3,2,5,1,1,1,0,1,1,1,1,1,4,9,1
9342,0:2:2;0:3:3;1:3:3,3,0,0,0,0,1,0,0,0,0,0,0,12,6
9343,0:2:2;0:3:3;1:3:3,3,1,0,0,0,1,0,0,0,0,0,0,20,6
9344,0:2:2;0:3:3;1:3:3,3,2,1,1,1,0,1,1,1,1,1,4,9,2
9345,0:2:2;0:3:3;1:3:3,3,3,1,1,1,0,1,1,1,1,1,4,9,2
9346,0:2:2;0:3:3;1:3:3,3,4,1,1,1,0,1,1,1,1,1,4,9,2
9347,0:2:2;0:3:3;1:3:3,3,5,1,1,1,0,1,1,1,1,1,4,9,1
9348,0:2:2;0:3:3;1:3:3,4,0,0,0,0,1,0,0,0,0,0,0,12,6
9349,0:2:2;0:3:3;1:3:3,4,1,0,0,0,1,0,0,0,0,0,0,20,6
9350,0:2:2;0:3:3;1:3:3,4,2,1,1,1,0,1,1,1,1,1,4,9,2
9351,0:2:2;0:3:3;1:3:3,4,3,1,1,1,0,1,1,1,1,1,4,9,2
9352,0:2:2;0:3:3;1:3:3,4,4,1,1,1,0,1,1,1,1,1,4,9,2
9353,0:2:2;0:3:3;1:3:3,4,5,1,1,1,0,1,1,1,1,1,4,9,1
9354,0:2:2;0:3:3;1:3:3,5,0,0,0,0,1,0,0,0,0,0,0,12,6
9355,0:2:2;0:3:3;1:3:3,5,1,0,0,0,1,0,0,0,0,0,0,20,6
9356,0:2:2;0:3:3;1:3:3,5,2,1,1,1,0,1,1,1,1,1,4,9,2
9357,0:2:2;0:3:3;1:3:3,5,3,1,1,1,0,1,1,1,1,1,4,9,2
9358,0:2:2;0:3:3;1:3:3,5,4,1,1,1,0,1,1,1,1,1,4,9,2
9359,0:2:2;0:3:3;1:3:3,5,5,1,1,1,0,1,1,1,1,1,4,9,1
9360,0:2:2;0:3:3;1:4:3,0,0,0,0,0,1,0,0,0,0,0,0,1,6
9361,0:2:2;0:3:3;1:4:3,0,1,1,0,0,1,0,0,0,0,0,1,3,6
9362,0:2:2;0:3:3;1:4:3,0,2,1,0,0,1,0,0,0,0,0,2,8,6
9363,0:2:2;0:3:3;1:4:3,0,3,1,1,0,1,0,0,1,0,1,5,18,4
9364,0:2:2;0:3:3;1:4:3,0,4,1,1,0,1,0,0,1,0,1,5,18,4
9365,0:2:2;0:3:3;1:4:3,0,5,1,1,1,0,1,1,1,1,1,4,9,1
9366,0:2:2;0:3:3;1:4:3,1,0,0,0,0,1,0,0,0,0,0,0,2,6
9367,0:2:2;0:3:3;1:4:3,1,1,1,0,0,1,0,0,0,0,0,1,6,6
9368,0:2:2;0:3:3;1:4:3,1,2,1,1,0,0,1,1,1,1,1,4,9,2
9369,0:2:2;0:3:3;1:4:3,1,3,1,1,0,0,1,1,1,1,1,4,9,2
9370,0:2:2;0:3:3;1:4:3,1,4,1,1,1,0,1,1,1,1,1,4,9,2
9371,0:2:2;0:3:3;1:4:3,1,5,1,1,1,0,1,1,1,1,1,4,9,1
9372,0:2:2;0:3:3;1:4:3,2,0,0,0,0,1,0,0,0,0,0,0,3,6
9373,0:2:2;0:3:3;1:4:3,2,1,1,0,0,1,0,0,0,0,0,1,9,6
9374,0:2:2;0:3:3;1:4:3,2,2,1,1,0,0,1,1,1,1,1,4,9,2
9375,0:2:2;0:3:3;1:4:3,2,3,1,1,1,0,1,1,1,1,1,4,9,2
9376,0:2:2;0:3:3;1:4:3,2,4,1,1,1,0,1,1,1,1,1,4,9,2
9377,0:2:2;0:3:3;1:4:3,2,5,1,1,1,0,1,1,1,1,1,4,9,1
9378,0:2:2;0:3:3;1:4:3,3,0,0,0,0,1,0,0,0,0,0,0,14,6
9379,0:2:2;0:3:3;1:4:3,3,1,1,1,0,0,1,1,1,1,1,4,9,5
9380,0:2:2;0:3:3;1:4:3,3,2,1,1,1,0,1,1,1,1,1,4,9,2
9381,0:2:2;0:3:3;1:4:3,3,3,1,1,1,0,1,1,1,1,1,4,9,2
9382,0:2:2;0:3:3;1:4:3,3,4,1,1,1,0,1,1,1,1,1,4,9,2
9383,0:2:2;0:3:3;1:4:3,3,5,1,1,1,0,1,1,1,1,1,4,9,1
9384,0:2:2;0:3:3;1:4:3,4,0,0,0,0,1,0,0,0,0,0,0,14,6
9385,0:2:2;0:3:3;1:4:3,4,1,1,1,1,0,1,1,1,1,1,4,9,5
9386,0:2:2;0:3:3;1:4:3,4,2,1,1,1,0,1,1,1,1,1,4,9,2
9387,0:2:2;0:3:3;1:4:3,4,3,1,1,1,0,1,1,1,1,1,4,9,2
9388,0:2:2;0:3:3;1:4:3,4,4,1,1,1,0,1,1,1,1,1,4,9,2
9389,0:2:2;0:3:3;1:4:3,4,5,1,1,1,0,1,1,1,1,1,4,9,1
9390,0:2:2;0:3:3;1:4:3,5,0,0,0,0,1,0,0,0,0,0,0,14,6
9391,0:2:2;0:3:3;1:4:3,5,1,1,1,1,0,1,1,1,1,1,4,9,5
9392,0:2:2;0:3:3;1:4:3,5,2,1,1,1,0,1,1,1,1,1,4,9,2
9393,0:2:2;0:3:3;1:4:3,5,3,1,1,1,0,1,1,1,1,1,4,9,2
9394,0:2:2;0:3:3;1:4:3,5,4,1,1,1,0,1,1,1,1,1,4,9,2
9395,0:2:2;0:3:3;1:4:3,5,5,1,1,1,0,1,1,1,1,1,4,9,1
9396,0:2:2;0:4:3;0:4:3,0,0,0,0,0,1,0,0,0,0,0,0,1,6
9397,0:2:2;0:4:3;0:4:3,0,1,0,0,0,1,0,0,0,0,0,0,4,6
9398,0:2:2;0:4:3;0:4:3,0,2,0,0,0,1,0,0,0,0,0,0,10,6
9399,0:2:2;0:4:3;0:4:3,0,3,0,0,0,1,0,0,0,0,0,0,19,6
9400,0:2:2;0:4:3;0:4:3,0,4,0,0,0,1,0,0,0,0,0,0,29,6
9401,0:2:2;0:4:3;0:4:3,0,5,0,0,0,1,0,0,0,0,0,0,38,6
9402,0:2:2;0:4:3;0:4:3,1,0,0,0,0,1,0,0,0,0,0,0,1,6
9403,0:2:2;0:4:3;0:4:3,1,1,0,0,0,1,0,0,0,0,0,0,4,6
9404,0:2:2;0:4:3;0:4:3,1,2,0,0,0,1,0,0,0,0,0,0,10,6
9405,0:2:2;0:4:3;0:4:3,1,3,0,0,0,1,0,0,0,0,0,0,19,6
9406,0:2:2;0:4:3;0:4:3,1,4,0,0,0,1,0,0,0,0,0,0,29,6
9407,0:2:2;0:4:3;0:4:3,1,5,0,0,0,1,0,0,0,0,0,0,38,6
9408,0:2:2;0:4:3;0:4:3,2,0,0,0,0,1,0,0,0,0,0,0,1,6
9409,0:2:2;0:4:3;0:4:3,2,1,0,0,0,1,0,0,0,0,0,0,4,6
9410,0:2:2;0:4:3;0:4:3,2,2,0,0,0,1,0,0,0,0,0,0,10,6
9411,0:2:2;0:4:3;0:4:3,2,3,0,0,0,1,0,0,0,0,0,0,19,6
9412,0:2:2;0:4:3;0:4:3,2,4,0,0,0,1,0,0,0,0,0,0,29,6
9413,0:2:2;0:4:3;0:4:3,2,5,0,0,0,1,0,0,0,0,0,0,38,6
9414,0:2:2;0:4:3;0:4:3,3,0,0,0,0,1,0,0,0,0,0,0,1,6
9415,0:2:2;0:4:3;0:4:3,3,1,0,0,0,1,0,0,0,0,0,0,4,6
9416,0:2:2;0:4:3;0:4:3,3,2,0,0,0,1,0,0,0,0,0,0,10,6
9417,0:2:2;0:4:3;0:4:3,3,3,0,0,0,1,0,0,0,0,0,0,19,6
9418,0:2:2;0:4:3;0:4:3,3,4,0,0,0,1,0,0,0,0,0,0,29,6
9419,0:2:2;0:4:3;0:4:3,3,5,0,0,0,1,0,0,0,0,0,0,38,6
9420,0:2:2;0:4:3;0:4:3,4,0,0,0,0,1,0,0,0,0,0,0,1,6
9421,0:2:2;0:4:3;0:4:3,4,1,0,0,0,1,0,0,0,0,0,0,4,6
9422,0:2:2;0:4:3;0:4:3,4,2,0,0,0,1,0,0,0,0,0,0,10,6
9423,0:2:2;0:4:3;0:4:3,4,3,0,0,0,1,0,0,0,0,0,0,19,6
9424,0:2:2;0:4:3;0:4:3,4,4,0,0,0,1,0,0,0,0,0,0,29,6
9425,0:2:2;0:4:3;0:4:3,4,5,0,0,0,1,0,0,0,0,0,0,38,6
9426,0:2:2;0:4:3;0:4:3,5,0,0,0,0,1,0,0,0,0,0,0,1,6
9427,0:2:2;0:4:3;0:4:3,5,1,0,0,0,1,0,0,0,0,0,0,4,6
9428,0:2:2;0:4:3;0:4:3,5,2,0,0,0,1,0,0,0,0,0,0,10,6
9429,0:2:2;0:4:3;0:4:3,5,3,0,0,0,1,0,0,0,0,0,0,19,6
9430,0:2:2;0:4:3;0:4:3,5,4,0,0,0,1,0,0,0,0,0,0,29,6
9431,0:2:2;0:4:3;0:4:3,5,5,0,0,0,1,0,0,0,0,0,0,38,6
9432,0:2:2;0:4:3;1:1:1,0,0,0,0,0,1,0,0,0,0,0,0,1,6
9433,0:2:2;0:4:3;1:1:1,0,1,0,0,0,1,0,0,0,0,0,0,3,6
9434,0:2:2;0:4:3;1:1:1,0,2,0,0,0,1,0,0,0,0,0,0,8,6
9435,0:2:2;0:4:3;1:1:1,0,3,0,0,0,1,0,0,0,0,0,0,14,6
9436,0:2:2;0:4:3;1:1:1,0,4,1,1,1,0,1,1,1,1,1,4,7,2
9437,0:2:2;0:4:3;1:1:1,0,5,1,1,1,0,1,1,1,1,1,4,7,1
9438,0:2:2;0:4:3;1:1:1,1,0,0,0,0,1,0,0,0,0,0,0,4,6
9439,0:2:2;0:4:3;1:1:1,1,1,0,0,0,1,0,0,0,0,0,0,9,6
9440,0:2:2;0:4:3;1:1:1,1,2,0,0,0,1,0,0,0,0,0,0,15,6
9441,0:2:2;0:4:3;1:1:1,1,3,0,0,0,1,0,0,0,0,0,0,20,6
9442,0:2:2;0:4:3;1:1:1,1,4,1,1,1,0,1,1,1,1,1,4,7,2
9443,0:2:2;0:4:3;1:1:1,1,5,1,1,1,0,1,1,1,1,1,4,7,1
9444,0:2:2;0:4:3;1:1:1,2,0,0,0,0,1,0,0,0,0,0,0,4,6
9445,0:2:2;0:4:3;1:1:1,2,1,0,0,0,1,0,0,0,0,0,0,9,6
9446,0:2:2;0:4:3;1:1:1,2,2,0,0,0,1,0,0,0,0,0,0,15,6
9447,0:2:2;0:4:3;1:1:1,2,3,0,0,0,1,0,0,0,0,0,0,20,6
9448,0:2:2;0:4:3;1:1:1,2,4,1,1,1,0,1,1,1,1,1,4,7,2
9449,0:2:2;0:4:3;1:1:1,2,5,1,1,1,0,1,1,1,1,1,4,7,1
9450,0:2:2;0:4:3;1:1:1,3,0,0,0,0,1,0,0,0,0,0,0,4,6
9451,0:2:2;0:4:3;1:1:1,3,1,0,0,0,1,0,0,0,0,0,0,9,6
9452,0:2:2;0:4:3;1:1:1,3,2,0,0,0,1,0,0,0,0,0,0,15,6
9453,0:2:2;0:4:3;1:1:1,3,3,0,0,0,1,0,0,0,0,0,0,20,6
9454,0:2:2;0:4:3;1:1:1,3,4,1,1,1,0,1,1,1,1,1,4,7,2
9455,0:2:2;0:4:3;1:1:1,3,5,1,1,1,0,1,1,1,1,1,4,7,1
9456,0:2:2;0:4:3;1:1:1,4,0,0,0,0,1,0,0,0,0,0,0,4,6
9457,0:2:2;0:4:3;1:1:1,4,1,0,0,0,1,0,0,0,0,0,0,9,6
9458,0:2:2;0:4:3;1:1:1,4,2,0,0,0,1,0,0,0,0,0,0,15,6
9459,0:2:2;0:4:3;1:1:1,4,3,0,0,0,1,0,0,0,0,0,0,20,6
9460,0:2:2;0:4:3;1:1:1,4,4,1,1,1,0,1,1,1,1,1,4,7,2
9461,0:2:2;0:4:3;1:1:1,4,5,1,1,1,0,1,1,1,1,1,4,7,1
9462,0:2:2;0:4:3;1:1:1,5,0,0,0,0,1,0,0,0,0,0,0,4,6
9463,0:2:2;0:4:3;1:1:1,5,1,0,0,0,1,0,0,0,0,0,0,9,6
9464,0:2:2;0:4:3;1:1:1,5,2,0,0,0,1,0,0,0,0,0,0,15,6
9465,0:2:2;0:4:3;1:1:1,5,3,0,0,0,1,0,0,0,0,0,0,20,6
9466,0:2:2;0:4:3;1:1:1,5,4,1,1,1,0,1,1,1,1,1,4,7,2
9467,0:2:2;0:4:3;1:1:1,5,5,1,1,1,0,1,1,1,1,1,4,7,1
9468,0:2:2;0:4:3;1:2:1,0,0,0,0,0,1,0,0,0,0,0,0,1,6
9469,0:2:2;0:4:3;1:2:1,0,1,0,0,0,1,0,0,0,0,0,0,3,6
9470,0:2:2;0:4:3;1:2:1,0,2,0,0,0,1,0,0,0,0,0,0,9,6
9471,0:2:2;0:4:3;1:2:1,0,3,1,1,1,0,1,1,1,1,1,4,7,2
9472,0:2:2;0:4:3;1:2:1,0,4,1,1,1,0,1,1,1,1,1,4,7,2
9473,0:2:2;0:4:3;1:2:1,0,5,1,1,1,0,1,1,1,1,1,4,7,1
9474,0:2:2;0:4:3;1:2:1,1,0,0,0,0,1,0,0,0,0,0,0,7,6
9475,0:2:2;0:4:3;1:2:1,1,1,0,0,0,1,0,0,0,0,0,0,12,6
9476,0:2:2;0:4:3;1:2:1,1,2,0,0,0,1,0,0,0,0,0,0,17,6
9477,0:2:2;0:4:3;1:2:1,1,3,1,1,1,0,1,1,1,1,1,4,7,2
9478,0:2:2;0:4:3;1:2:1,1,4,1,1,1,0,1,1,1,1,1,4,7,2
9479,0:2:2;0:4:3;1:2:1,1,5,1,1,1,0,1,1,1,1,1,4,7,1
9480,0:2:2;0:4:3;1:2:1,2,0,0,0,0,1,0,0,0,0,0,0,7,6
9481,0:2:2;0:4:3;1:2:1,2,1,0,0,0,1,0,0,0,0,0,0,12,6
9482,0:2:2;0:4:3;1:2:1,2,2,0,0,0,1,0,0,0,0,0,0,17,6
9483,0:2:2;0:4:3;1:2:1,2,3,1,1,1,0,1,1,1,1,1,4,7,2
9484,0:2:2;0:4:3;1:2:1,2,4,1,1,1,0,1,1,1,1,1,4,7,2
9485,0:2:2;0:4:3;1:2:1,2,5,1,1,1,0,1,1,1,1,1,4,7,1
9486,0:2:2;0:4:3;1:2:1,3,0,0,0,0,1,0,0,0,0,0,0,7,6
9487,0:2:2;0:4:3;1:2:1,3,1,0,0,0,1,0,0,0,0,0,0,12,6
9488,0:2:2;0:4:3;1:2:1,3,2,0,0,0,1,0,0,0,0,0,0,17,6
9489,0:2:2;0:4:3;1:2:1,3,3,1,1,1,0,1,1,1,1,1,4,7,2
9490,0:2:2;0:4:3;1:2:1,3,4,1,1,1,0,1,1,1,1,1,4,7,2
9491,0:2:2;0:4:3;1:2:1,3,5,1,1,1,0,1,1,1,1,1,4,7,1
9492,0:2:2;0:4:3;1:2:1,4,0,0,0,0,1,0,0,0,0,0,0,7,6
9493,0:2:2;0:4:3;1:2:1,4,1,0,0,0,1,0,0,0,0,0,0,12,6
9494,0:2:2;0:4:3;1:2:1,4,2,0,0,0,1,0,0,0,0,0,0,17,6
9495,0:2:2;0:4:3;1:2:1,4,3,1,1,1,0,1,1,1,1,1,4,7,2
9496,0:2:2;0:4:3;1:2:1,4,4,1,1,1,0,1,1,1,1,1,4,7,2
9497,0:2:2;0:4:3;1:2:1,4,5,1,1,1,0,1,1,1,1,1,4,7,1
9498,0:2:2;0:4:3;1:2:1,5,0,0,0,0,1,0,0,0,0,0,0,7,6
9499,0:2:2;0:4:3;1:2:1,5,1,0,0,0,1,0,0,0,0,0,0,12,6
9500,0:2:2;0:4:3;1:2:1,5,2,0,0,0,1,0,0,0,0,0,0,17,6
9501,0:2:2;0:4:3;1:2:1,5,3,1,1,1,0,1,1,1,1,1,4,7,2
9502,0:2:2;0:4:3;1:2:1,5,4,1,1,1,0,1,1,1,1,1,4,7,2
9503,0:2:2;0:4:3;1:2:1,5,5,1,1,1,0,1,1,1,1,1,4,7,1
9504,0:2:2;0:4:3;1:2:2,0,0,0,0,0,1,0,0,0,0,0,0,1,6
9505,0:2:2;0:4:3;1:2:2,0,1,0,0,0,1,0,0,0,0,0,0,3,6
9506,0:2:2;0:4:3;1:2:2,0,2,0,0,0,1,0,0,0,0,0,0,10,6
9507,0:2:2;0:4:3;1:2:2,0,3,1,1,0,0,1,1,1,1,1,4,8,2
9508,0:2:2;0:4:3;1:2:2,0,4,1,1,1,0,1,1,1,1,1,4,8,2
9509,0:2:2;0:4:3;1:2:2,0,5,1,1,1,0,1,1,1,1,1,4,8,1
9510,0:2:2;0:4:3;1:2:2,1,0,0,0,0,1,0,0,0,0,0,0,2,6
9511,0:2:2;0:4:3;1:2:2,1,1,0,0,0,1,0,0,0,0,0,0,6,6
9512,0:2:2;0:4:3;1:2:2,1,2,0,0,0,1,0,0,0,0,0,0,15,6
9513,0:2:2;0:4:3;1:2:2,1,3,1,1,1,0,1,1,1,1,1,4,8,2
9514,0:2:2;0:4:3;1:2:2,1,4,1,1,1,0,1,1,1,1,1,4,8,2
9515,0:2:2;0:4:3;1:2:2,1,5,1,1,1,0,1,1,1,1,1,4,8,1
9516,0:2:2;0:4:3;1:2:2,2,0,0,0,0,1,0,0,0,0,0,0,8,6
9517,0:2:2;0:4:3;1:2:2,2,1,0,0,0,1,0,0,0,0,0,0,15,6
9518,0:2:2;0:4:3;1:2:2,2,2,0,0,0,1,0,0,0,0,0,0,23,6
9519,0:2:2;0:4:3;1:2:2,2,3,1,1,1,0,1,1,1,1,1,4,8,2
9520,0:2:2;0:4:3;1:2:2,2,4,1,1,1,0,1,1,1,1,1,4,8,2
9521,0:2:2;0:4:3;1:2:2,2,5,1,1,1,0,1,1,1,1,1,4,8,1
9522,0:2:2;0:4:3;1:2:2,3,0,0,0,0,1,0,0,0,0,0,0,8,6
9523,0:2:2;0:4:3;1:2:2,3,1,0,0,0,1,0,0,0,0,0,0,15,6
9524,0:2:2;0:4:3;1:2:2,3,2,0,0,0,1,0,0,0,0,0,0,23,6
9525,0:2:2;0:4:3;1:2:2,3,3,1,1,1,0,1,1,1,1,1,4,8,2
9526,0:2:2;0:4:3;1:2:2,3,4,1,1,1,0,1,1,1,1,1,4,8,2
9527,0:2:2;0:4:3;1:2:2,3,5,1,1,1,0,1,1,1,1,1,4,8,1
9528,0:2:2;0:4:3;1:2:2,4,0,0,0,0,1,0,0,0,0,0,0,8,6
9529,0:2:2;0:4:3;1:2:2,4,1,0,0,0,1,0,0,0,0,0,0,15,6
9530,0:2:2;0:4:3;1:2:2,4,2,0,0,0,1,0,0,0,0,0,0,23,6
9531,0:2:2;0:4:3;1:2:2,4,3,1,1,1,0,1,1,1,1,1,4,8,2
9532,0:2:2;0:4:3;1:2:2,4,4,1,1,1,0,1,1,1,1,1,4,8,2
9533,0:2:2;0:4:3;1:2:2,4,5,1,1,1,0,1,1,1,1,1,4,8,1
9534,0:2:2;0:4:3;1:2:2,5,0,0,0,0,1,0,0,0,0,0,0,8,6
9535,0:2:2;0:4:3;1:2:2,5,1,0,0,0,1,0,0,0,0,0,0,15,6
9536,0:2:2;0:4:3;1:2:2,5,2,0,0,0,1,0,0,0,0,0,0,23,6
9537,0:2:2;0:4:3;1:2:2,5,3,1,1,1,0,1,1,1,1,1,4,8,2
9538,0:2:2;0:4:3;1:2:2,5,4,1,1,1,0,1,1,1,1,1,4,8,2
9539,0:2:2;0:4:3;1:2:2,5,5,1,1,1,0,1,1,1,1,1,4,8,1
9540,0:2:2;0:4:3;1:3:2,0,0,0,0,0,1,0,0,0,0,0,0,1,6
9541,0:2:2;0:4:3;1:3:2,0,1,0,0,0,1,0,0,0,0,0,0,3,6
9542,0:2:2;0:4:3;1:3:2,0,2,1,1,0,0,1,1,1,1,1,4,8,2
9543,0:2:2;0:4:3;1:3:2,0,3,1,1,0,0,1,1,1,1,1,4,8,2
9544,0:2:2;0:4:3;1:3:2,0,4,1,1,1,0,1,1,1,1,1,4,8,2
9545,0:2:2;0:4:3;1:3:2,0,5,1,1,1,0,1,1,1,1,1,4,8,1
9546,0:2:2;0:4:3;1:3:2,1,0,0,0,0,1,0,0,0,0,0,0,2,6
9547,0:2:2;0:4:3;1:3:2,1,1,0,0,0,1,0,0,0,0,0,0,6,6
9548,0:2:2;0:4:3;1:3:2,1,2,1,1,0,0,1,1,1,1,1,4,8,2
9549,0:2:2;0:4:3;1:3:2,1,3,1,1,1,0,1,1,1,1,1,4,8,2
9550,0:2:2;0:4:3;1:3:2,1,4,1,1,1,0,1,1,1,1,1,4,8,2
9551,0:2:2;0:4:3;1:3:2,1,5,1,1,1,0,1,1,1,1,1,4,8,1
9552,0:2:2;0:4:3;1:3:2,2,0,0,0,0,1,0,0,0,0,0,0,11,6
9553,0:2:2;0:4:3;1:3:2,2,1,0,0,0,1,0,0,0,0,0,0,17,6
9554,0:2:2;0:4:3;1:3:2,2,2,1,1,1,0,1,1,1,1,1,4,8,2
9555,0:2:2;0:4:3;1:3:2,2,3,1,1,1,0,1,1,1,1,1,4,8,2
9556,0:2:2;0:4:3;1:3:2,2,4,1,1,1,0,1,1,1,1,1,4,8,2
9557,0:2:2;0:4:3;1:3:2,2,5,1,1,1,0,1,1,1,1,1,4,8,1
9558,0:2:2;0:4:3;1:3:2,3,0,0,0,0,1,0,0,0,0,0,0,11,6
9559,0:2:2;0:4:3;1:3:2,3,1,0,0,0,1,0,0,0,0,0,0,17,6
9560,0:2:2;0:4:3;1:3:2,3,2,1,1,1,0,1,1,1,1,1,4,8,2
9561,0:2:2;0:4:3;1:3:2,3,3,1,1,1,0,1,1,1,1,1,4,8,2
9562,0:2:2;0:4:3;1:3:2,3,4,1,1,1,0,1,1,1,1,1,4,8,2
9563,0:2:2;0:4:3;1:3:2,3,5,1,1,1,0,1,1,1,1,1,4,8,1
9564,0:2:2;0:4:3;1:3:2,4,0,0,0,0,1,0,0,0,0,0,0,11,6
9565,0:2:2;0:4:3;1:3:2,4,1,0,0,0,1,0,0,0,0,0,0,17,6
9566,0:2:2;0:4:3;1:3:2,4,2,1,1,1,0,1,1,1,1,1,4,8,2
9567,0:2:2;0:4:3;1:3:2,4,3,1,1,1,0,1,1,1,1,1,4,8,2
9568,0:2:2;0:4:3;1:3:2,4,4,1,1,1,0,1,1,1,1,1,4,8,2
9569,0:2:2;0:4:3;1:3:2,4,5,1,1,1,0,1,1,1,1,1,4,8,1
9570,0:2:2;0:4:3;1:3:2,5,0,0,0,0,1,0,0,0,0,0,0,11,6
9571,0:2:2;0:4:3;1:3:2,5,1,0,0,0,1,0,0,0,0,0,0,17,6
9572,0:2:2;0:4:3;1:3:2,5,2,1,1,1,0,1,1,1,1,1,4,8,2
9573,0:2:2;0:4:3;1:3:2,5,3,1,1,1,0,1,1,1,1,1,4,8,2
9574,0:2:2;0:4:3;1:3:2,5,4,1,1,1,0,1,1,1,1,1,4,8,2
9575,0:2:2;0:4:3;1:3:2,5,5,1,1,1,0,1,1,1,1,1,4,8,1
9576,0:2:2;0:4:3;1:3:3,0,0,0,0,0,1,0,0,0,0,0,0,1,6
9577,0:2:2;0:4:3;1:3:3,0,1,0,0,0,1,0,0,0,0,0,0,3,6
9578,0:2:2;0:4:3;1:3:3,0,2,1,0,0,1,0,0,0,0,0,2,8,6
9579,0:2:2;0:4:3;1:3:3,0,3,1,1,0,1,0,0,1,1,1,5,18,4
9580,0:2:2;0:4:3;1:3:3,0,4,1,1,0,1,0,0,1,1,1,5,18,4
9581,0:2:2;0:4:3;1:3:3,0,5,1,1,1,0,1,1,1,1,1,4,9,1
9582,0:2:2;0:4:3;1:3:3,1,0,0,0,0,1,0,0,0,0,0,0,2,6
9583,0:2:2;0:4:3;1:3:3,1,1,0,0,0,1,0,0,0,0,0,0,6,6
9584,0:2:2;0:4:3;1:3:3,1,2,1,1,0,0,1,1,1,1,1,4,9,2
9585,0:2:2;0:4:3;1:3:3,1,3,1,1,0,0,1,1,1,1,1,4,9,2
9586,0:2:2;0:4:3;1:3:3,1,4,1,1,1,0,1,1,1,1,1,4,9,2
9587,0:2:2;0:4:3;1:3:3,1,5,1,1,1,0,1,1,1,1,1,4,9,1
9588,0:2:2;0:4:3;1:3:3,2,0,0,0,0,1,0,0,0,0,0,0,3,6
9589,0:2:2;0:4:3;1:3:3,2,1,0,0,0,1,0,0,0,0,0,0,9,6
9590,0:2:2;0:4:3;1:3:3,2,2,1,1,0,0,1,1,1,1,1,4,9,2
9591,0:2:2;0:4:3;1:3:3,2,3,1,1,1,0,1,1,1,1,1,4,9,2
9592,0:2:2;0:4:3;1:3:3,2,4,1,1,1,0,1,1,1,1,1,4,9,2
9593,0:2:2;0:4:3;1:3:3,2,5,1,1,1,0,1,1,1,1,1,4,9,1
9594,0:2:2;0:4:3;1:3:3,3,0,0,0,0,1,0,0,0,0,0,0,12,6
9595,0:2:2;0:4:3;1:3:3,3,1,0,0,0,1,0,0,0,0,0,0,20,6
9596,0:2:2;0:4:3;1:3:3,3,2,1,1,1,0,1,1,1,1,1,4,9,2
9597,0:2:2;0:4:3;1:3:3,3,3,1,1,1,0,1,1,1,1,1,4,9,2
9598,0:2:2;0:4:3;1:3:3,3,4,1,1,1,0,1,1,1,1,1,4,9,2
9599,0:2:2;0:4:3;1:3:3,3,5,1,1,1,0,1,1,1,1,1,4,9,1
9600,0:2:2;0:4:3;1:3:3,4,0,0,0,0,1,0,0,0,0,0,0,12,6
9601,0:2:2;0:4:3;1:3:3,4,1,0,0,0,1,0,0,0,0,0,0,20,6
9602,0:2:2;0:4:3;1:3:3,4,2,1,1,1,0,1,1,1,1,1,4,9,2
9603,0:2:2;0:4:3;1:3:3,4,3,1,1,1,0,1,1,1,1,1,4,9,2
9604,0:2:2;0:4:3;1:3:3,4,4,1,1,1,0,1,1,1,1,1,4,9,2
9605,0:2:2;0:4:3;1:3:3,4,5,1,1,1,0,1,1,1,1,1,4,9,1
9606,0:2:2;0:4:3;1:3:3,5,0,0,0,0,1,0,0,0,0,0,0,12,6
9607,0:2:2;0:4:3;1:3:3,5,1,0,0,0,1,0,0,0,0,0,0,20,6
9608,0:2:2;0:4:3;1:3:3,5,2,1,1,1,0,1,1,1,1,1,4,9,2
9609,0:2:2;0:4:3;1:3:3,5,3,1,1,1,0,1,1,1,1,1,4,9,2
9610,0:2:2;0:4:3;1:3:3,5,4,1,1,1,0,1,1,1,1,1,4,9,2
9611,0:2:2;0:4:3;1:3:3,5,5,1,1,1,0,1,1,1,1,1,4,9,1
9612,0:2:2;0:4:3;1:4:3,0,0,0,0,0,1,0,0,0,0,0,0,1,6
9613,0:2:2;0:4:3;1:4:3,0,1,1,0,0,1,0,0,0,0,0,1,3,6
9614,0:2:2;0:4:3;1:4:3,0,2,1,0,0,1,0,0,0,0,0,2,8,6
9615,0:2:2;0:4:3;1:4:3,0,3,1,1,0,1,0,0,1,1,1,5,18,4
9616,0:2:2;0:4:3;1:4:3,0,4,1,1,0,1,0,0,1,1,1,5,18,4
9617,0:2:2;0:4:3;1:4:3,0,5,1,1,1,0,1,1,1,1,1,4,9,1
9618,0:2:2;0:4:3;1:4:3,1,0,0,0,0,1,0,0,0,0,0,0,2,6
9619,0:2:2;0:4:3;1:4:3,1,1,1,0,0,1,0,0,0,0,0,1,6,6
9620,0:2:2;0:4:3;1:4:3,1,2,1,1,0,0,1,1,1,1,1,4,9,2
9621,0:2:2;0:4:3;1:4:3,1,3,1,1,0,0,1,1,1,1,1,4,9,2
9622,0:2:2;0:4:3;1:4:3,1,4,1,1,1,0,1,1,1,1,1,4,9,2
9623,0:2:2;0:4:3;1:4:3,1,5,1,1,1,0,1,1,1,1,1,4,9,1
9624,0:2:2;0:4:3;1:4:3,2,0,0,0,0,1,0,0,0,0,0,0,3,6
9625,0:2:2;0:4:3;1:4:3,2,1,1,0,0,1,0,0,0,0,0,1,9,6
9626,0:2:2;0:4:3;1:4:3,2,2,1,1,0,0,1,1,1,1,1,4,9,2
9627,0:2:2;0:4:3;1:4:3,2,3,1,1,1,0,1,1,1,1,1,4,9,2
9628,0:2:2;0:4:3;1:4:3,2,4,1,1,1,0,1,1,1,1,1,4,9,2
9629,0:2:2;0:4:3;1:4:3,2,5,1,1,1,0,1,1,1,1,1,4,9,1
9630,0:2:2;0:4:3;1:4:3,3,0,0,0,0,1,0,0,0,0,0,0,14,6
9631,0:2:2;0:4:3;1:4:3,3,1,1,1,0,0,1,1,1,1,1,4,9,5
9632,0:2:2;0:4:3;1:4:3,3,2,1,1,1,0,1,1,1,1,1,4,9,2
9633,0:2:2;0:4:3;1:4:3,3,3,1,1,1,0,1,1,1,1,1,4,9,2
9634,0:2:2;0:4:3;1:4:3,3,4,1,1,1,0,1,1,1,1,1,4,9,2
9635,0:2:2;0:4:3;1:4:3,3,5,1,1,1,0,1,1,1,1,1,4,9,1
9636,0:2:2;0:4:3;1:4:3,4,0,0,0,0,1,0,0,0,0,0,0,14,6
9637,0:2:2;0:4:3;1:4:3,4,1,1,1,1,0,1,1,1,1,1,4,9,5
9638,0:2:2;0:4:3;1:4:3,4,2,1,1,1,0,1,1,1,1,1,4,9,2
9639,0:2:2;0:4:3;1:4:3,4,3,1,1,1,0,1,1,1,1,1,4,9,2
9640,0:2:2;0:4:3;1:4:3,4,4,1,1,1,0,1,1,1,1,1,4,9,2
9641,0:2:2;0:4:3;1:4:3,4,5,1,1,1,0,1,1,1,1,1,4,9,1
9642,0:2:2;0:4:3;1:4:3,5,0,0,0,0,1,0,0,0,0,0,0,14,6
9643,0:2:2;0:4:3;1:4:3,5,1,1,1,1,0,1,1,1,1,1,4,9,5
9644,0:2:2;0:4:3;1:4:3,5,2,1,1,1,0,1,1,1,1,1,4,9,2
9645,0:2:2;0:4:3;1:4:3,5,3,1,1,1,0,1,1,1,1,1,4,9,2
9646,0:2:2;0:4:3;1:4:3,5,4,1,1,1,0,1,1,1,1,1,4,9,2
9647,0:2:2;0:4:3;1:4:3,5,5,1,1,1,0,1,1,1,1,1,4,9,1
9648,0:2:2;1:1:1;1:1:1,0,0,1,0,0,1,0,0,0,0,0,1,1,6
9649,0:2:2;1:1:1;1:1:1,0,1,1,0,0,1,0,0,0,0,0,1,2,6
9650,0:2:2;1:1:1;1:1:1,0,2,1,1,1,0,1,1,1,1,1,4,5,1
9651,0:2:2;1:1:1;1:1:1,0,3,1,1,1,0,1,1,1,1,1,4,5,1
9652,0:2:2;1:1:1;1:1:1,0,4,1,1,1,0,1,1,1,1,1,4,5,1
9653,0:2:2;1:1:1;1:1:1,0,5,1,1,1,0,1,1,1,1,1,4,5,1
9654,0:2:2;1:1:1;1:1:1,1,0,1,0,0,1,0,0,0,0,0,3,5,6
9655,0:2:2;1:1:1;1:1:1,1,1,1,1,1,0,1,1,1,1,1,4,5,3
9656,0:2:2;1:1:1;1:1:1,1,2,1,1,1,0,1,1,1,1,1,4,5,1
9657,0:2:2;1:1:1;1:1:1,1,3,1,1,1,0,1,1,1,1,1,4,5,1
9658,0:2:2;1:1:1;1:1:1,1,4,1,1,1,0,1,1,1,1,1,4,5,1
9659,0:2:2;1:1:1;1:1:1,1,5,1,1,1,0,1,1,1,1,1,4,5,1
9660,0:2:2;1:1:1;1:1:1,2,0,1,1,1,0,1,1,1,1,1,4,5,4
9661,0:2:2;1:1:1;1:1:1,2,1,1,1,1,0,1,1,1,1,1,4,5,3
9662,0:2:2;1:1:1;1:1:1,2,2,1,1,1,0,1,1,1,1,1,4,5,1
9663,0:2:2;1:1:1;1:1:1,2,3,1,1,1,0,1,1,1,1,1,4,5,1
9664,0:2:2;1:1:1;1:1:1,2,4,1,1,1,0,1,1,1,1,1,4,5,1
9665,0:2:2;1:1:1;1:1:1,2,5,1,1,1,0,1,1,1,1,1,4,5,1
9666,0:2:2;1:1:1;1:1:1,3,0,1,1,1,0,1,1,1,1,1,4,5,4
9667,0:2:2;1:1:1;1:1:1,3,1,1,1,1,0,1,1,1,1,1,4,5,3
9668,0:2:2;1:1:1;1:1:1,3,2,1,1,1,0,1,1,1,1,1,4,5,1
9669,0:2:2;1:1:1;1:1:1,3,3,1,1,1,0,1,1,1,1,1,4,5,1
9670,0:2:2;1:1:1;1:1:1,3,4,1,1,1,0,1,1,1,1,1,4,5,1
9671,0:2:2;1:1:1;1:1:1,3,5,1,1,1,0,1,1,1,1,1,4,5,1
9672,0:2:2;1:1:1;1:1:1,4,0,1,1,1,0,1,1,1,1,1,4,5,4
9673,0:2:2;1:1:1;1:1:1,4,1,1,1,1,0,1,1,1,1,1,4,5,3
9674,0:2:2;1:1:1;1:1:1,4,2,1,1,1,0,1,1,1,1,1,4,5,1
9675,0:2:2;1:1:1;1:1:1,4,3,1,1,1,0,1,1,1,1,1,4,5,1
9676,0:2:2;1:1:1;1:1:1,4,4,1,1,1,0,1,1,1,1,1,4,5,1
9677,0:2:2;1:1:1;1:1:1,4,5,1,1,1,0,1,1,1,1,1,4,5,1
9678,0:2:2;1:1:1;1:1:1,5,0,1,1,1,0,1,1,1,1,1,4,5,4
9679,0:2:2;1:1:1;1:1:1,5,1,1,1,1,0,1,1,1,1,1,4,5,3
9680,0:2:2;1:1:1;1:1:1,5,2,1,1,1,0,1,1,1,1,1,4,5,1
9681,0:2:2;1:1:1;1:1:1,5,3,1,1,1,0,1,1,1,1,1,4,5,1
9682,0:2:2;1:1:1;1:1:1,5,4,1,1,1,0,1,1,1,1,1,4,5,1
9683,0:2:2;1:1:1;1:1:1,5,5,1,1,1,0,1,1,1,1,1,4,5,1
9684,0:2:2;1:1:1;1:2:1,0,0,1,0,0,1,0,0,0,0,0,1,1,6
9685,0:2:2;1:1:1;1:2:1,0,1,1,0,0,1,0,0,0,0,0,1,2,6
9686,0:2:2;1:1:1;1:2:1,0,2,1,1,1,0,1,1,1,1,1,4,5,1
9687,0:2:2;1:1:1;1:2:1,0,3,1,1,1,0,1,1,1,1,1,4,5,1
9688,0:2:2;1:1:1;1:2:1,0,4,1,1,1,0,1,1,1,1,1,4,5,1
9689,0:2:2;1:1:1;1:2:1,0,5,1,1,1,0,1,1,1,1,1,4,5,1
9690,0:2:2;1:1:1;1:2:1,1,0,1,1,0,1,0,0,0,1,1,5,7,5
9691,0:2:2;1:1:1;1:2:1,1,1,1,1,1,0,1,1,1,1,1,4,5,3
9692,0:2:2;1:1:1;1:2:1,1,2,1,1,1,0,1,1,1,1,1,4,5,1
9693,0:2:2;1:1:1;1:2:1,1,3,1,1,1,0,1,1,1,1,1,4,5,1
9694,0:2:2;1:1:1;1:2:1,1,4,1,1,1,0,1,1,1,1,1,4,5,1
9695,0:2:2;1:1:1;1:2:1,1,5,1,1,1,0,1,1,1,1,1,4,5,1
9696,0:2:2;1:1:1;1:2:1,2,0,1,1,1,0,1,1,1,1,1,4,5,4
9697,0:2:2;1:1:1;1:2:1,2,1,1,1,1,0,1,1,1,1,1,4,5,3
9698,0:2:2;1:1:1;1:2:1,2,2,1,1,1,0,1,1,1,1,1,4,5,1
9699,0:2:2;1:1:1;1:2:1,2,3,1,1,1,0,1,1,1,1,1,4,5,1
9700,0:2:2;1:1:1;1:2:1,2,4,1,1,1,0,1,1,1,1,1,4,5,1
9701,0:2:2;1:1:1;1:2:1,2,5,1,1,1,0,1,1,1,1,1,4,5,1
9702,0:2:2;1:1:1;1:2:1,3,0,1,1,1,0,1,1,1,1,1,4,5,4
9703,0:2:2;1:1:1;1:2:1,3,1,1,1,1,0,1,1,1,1,1,4,5,3
9704,0:2:2;1:1:1;1:2:1,3,2,1,1,1,0,1,1,1,1,1,4,5,1
9705,0:2:2;1:1:1;1:2:1,3,3,1,1,1,0,1,1,1,1,1,4,5,1
9706,0:2:2;1:1:1;1:2:1,3,4,1,1,1,0,1,1,1,1,1,4,5,1
9707,0:2:2;1:1:1;1:2:1,3,5,1,1,1,0,1,1,1,1,1,4,5,1
9708,0:2:2;1:1:1;1:2:1,4,0,1,1,1,0,1,1,1,1,1,4,5,4
9709,0:2:2;1:1:1;1:2:1,4,1,1,1,1,0,1,1,1,1,1,4,5,3
9710,0:2:2;1:1:1;1:2:1,4,2,1,1,1,0,1,1,1,1,1,4,5,1
9711,0:2:2;1:1:1;1:2:1,4,3,1,1,1,0,1,1,1,1,1,4,5,1
9712,0:2:2;1:1:1;1:2:1,4,4,1,1,1,0,1,1,1,1,1,4,5,1
9713,0:2:2;1:1:1;1:2:1,4,5,1,1,1,0,1,1,1,1,1,4,5,1
9714,0:2:2;1:1:1;1:2:1,5,0,1,1,1,0,1,1,1,1,1,4,5,4
9715,0:2:2;1:1:1;1:2:1,5,1,1,1,1,0,1,1,1,1,1,4,5,3
9716,0:2:2;1:1:1;1:2:1,5,2,1,1,1,0,1,1,1,1,1,4,5,1
9717,0:2:2;1:1:1;1:2:1,5,3,1,1,1,0,1,1,1,1,1,4,5,1
9718,0:2:2;1:1:1;1:2:1,5,4,1,1,1,0,1,1,1,1,1,4,5,1
9719,0:2:2;1:1:1;1:2:1,5,5,1,1,1,0,1,1,1,1,1,4,5,1
9720,0:2:2;1:1:1;1:2:2,0,0,0,0,0,1,0,0,0,0,0,0,1,6
9721,0:2:2;1:1:1;1:2:2,0,1,0,0,0,1,0,0,0,0,0,0,2,6
9722,0:2:2;1:1:1;1:2:2,0,2,0,0,0,1,0,0,0,0,0,0,7,6
9723,0:2:2;1:1:1;1:2:2,0,3,0,0,0,1,0,0,0,0,0,0,7,6
9724,0:2:2;1:1:1;1:2:2,0,4,0,0,0,1,0,0,0,0,0,0,7,6
9725,0:2:2;1:1:1;1:2:2,0,5,0,0,0,1,0,0,0,0,0,0,7,6
9726,0:2:2;1:1:1;1:2:2,1,0,1,0,0,1,0,0,0,0,0,2,4,6
9727,0:2:2;1:1:1;1:2:2,1,1,1,1,0,0,1,1,1,1,1,4,6,3
9728,0:2:2;1:1:1;1:2:2,1,2,1,1,1,0,1,1,1,1,1,4,6,1
9729,0:2:2;1:1:1;1:2:2,1,3,1,1,1,0,1,1,1,1,1,4,6,1
9730,0:2:2;1:1:1;1:2:2,1,4,1,1,1,0,1,1,1,1,1,4,6,1
9731,0:2:2;1:1:1;1:2:2,1,5,1,1,1,0,1,1,1,1,1,4,6,1
9732,0:2:2;1:1:1;1:2:2,2,0,1,1,0,1,0,0,1,0,1,5,10,5
9733,0:2:2;1:1:1;1:2:2,2,1,1,1,1,0,1,1,1,1,1,4,6,3
9734,0:2:2;1:1:1;1:2:2,2,2,1,1,1,0,1,1,1,1,1,4,6,1
9735,0:2:2;1:1:1;1:2:2,2,3,1,1,1,0,1,1,1,1,1,4,6,1
9736,0:2:2;1:1:1;1:2:2,2,4,1,1,1,0,1,1,1,1,1,4,6,1
9737,0:2:2;1:1:1;1:2:2,2,5,1,1,1,0,1,1,1,1,1,4,6,1
9738,0:2:2;1:1:1;1:2:2,3,0,1,1,1,0,1,1,1,1,1,4,6,4
9739,0:2:2;1:1:1;1:2:2,3,1,1,1,1,0,1,1,1,1,1,4,6,3
9740,0:2:2;1:1:1;1:2:2,3,2,1,1,1,0,1,1,1,1,1,4,6,1
9741,0:2:2;1:1:1;1:2:2,3,3,1,1,1,0,1,1,1,1,1,4,6,1
9742,0:2:2;1:1:1;1:2:2,3,4,1,1,1,0,1,1,1,1,1,4,6,1
9743,0:2:2;1:1:1;1:2:2,3,5,1,1,1,0,1,1,1,1,1,4,6,1
9744,0:2:2;1:1:1;1:2:2,4,0,1,1,1,0,1,1,1,1,1,4,6,4
9745,0:2:2;1:1:1;1:2:2,4,1,1,1,1,0,1,1,1,1,1,4,6,3
9746,0:2:2;1:1:1;1:2:2,4,2,1,1,1,0,1,1,1,1,1,4,6,1
9747,0:2:2;1:1:1;1:2:2,4,3,1,1,1,0,1,1,1,1,1,4,6,1
9748,0:2:2;1:1:1;1:2:2,4,4,1,1,1,0,1,1,1,1,1,4,6,1
9749,0:2:2;1:1:1;1:2:2,4,5,1,1,1,0,1,1,1,1,1,4,6,1
9750,0:2:2;1:1:1;1:2:2,5,0,1,1,1,0,1,1,1,1,1,4,6,4
9751,0:2:2;1:1:1;1:2:2,5,1,1,1,1,0,1,1,1,1,1,4,6,3
9752,0:2:2;1:1:1;1:2:2,5,2,1,1,1,0,1,1,1,1,1,4,6,1
9753,0:2:2;1:1:1;1:2:2,5,3,1,1,1,0,1,1,1,1,1,4,6,1
9754,0:2:2;1:1:1;1:2:2,5,4,1,1,1,0,1,1,1,1,1,4,6,1
9755,0:2:2;1:1:1;1:2:2,5,5,1,1,1,0,1,1,1,1,1,4,6,1
9756,0:2:2;1:1:1;1:3:2,0,0,0,0,0,1,0,0,0,0,0,0,1,6
9757,0:2:2;1:1:1;1:3:2,0,1,0,0,0,1,0,0,0,0,0,0,2,6
9758,0:2:2;1:1:1;1:3:2,0,2,0,0,0,1,0,0,0,0,0,0,7,6
9759,0:2:2;1:1:1;1:3:2,0,3,0,0,0,1,0,0,0,0,0,0,7,6
9760,0:2:2;1:1:1;1:3:2,0,4,0,0,0,1,0,0,0,0,0,0,7,6
9761,0:2:2;1:1:1;1:3:2,0,5,0,0,0,1,0,0,0,0,0,0,7,6
9762,0:2:2;1:1:1;1:3:2,1,0,1,0,0,1,0,0,0,0,0,2,4,6
9763,0:2:2;1:1:1;1:3:2,1,1,1,1,0,0,1,1,1,1,1,4,6,3
9764,0:2:2;1:1:1;1:3:2,1,2,1,1,1,0,1,1,1,1,1,4,6,1
9765,0:2:2;1:1:1;1:3:2,1,3,1,1,1,0,1,1,1,1,1,4,6,1
9766,0:2:2;1:1:1;1:3:2,1,4,1,1,1,0,1,1,1,1,1,4,6,1
9767,0:2:2;1:1:1;1:3:2,1,5,1,1,1,0,1,1,1,1,1,4,6,1
9768,0:2:2;1:1:1;1:3:2,2,0,1,1,0,1,0,0,1,1,1,5,10,5
9769,0:2:2;1:1:1;1:3:2,2,1,1,1,1,0,1,1,1,1,1,4,6,3
9770,0:2:2;1:1:1;1:3:2,2,2,1,1,1,0,1,1,1,1,1,4,6,1
9771,0:2:2;1:1:1;1:3:2,2,3,1,1,1,0,1,1,1,1,1,4,6,1
9772,0:2:2;1:1:1;1:3:2,2,4,1,1,1,0,1,1,1,1,1,4,6,1
9773,0:2:2;1:1:1;1:3:2,2,5,1,1,1,0,1,1,1,1,1,4,6,1
9774,0:2:2;1:1:1;1:3:2,3,0,1,1,1,0,1,1,1,1,1,4,6,4
9775,0:2:2;1:1:1;1:3:2,3,1,1,1,1,0,1,1,1,1,1,4,6,3
9776,0:2:2;1:1:1;1:3:2,3,2,1,1,1,0,1,1,1,1,1,4,6,1
9777,0:2:2;1:1:1;1:3:2,3,3,1,1,1,0,1,1,1,1,1,4,6,1
9778,0:2:2;1:1:1;1:3:2,3,4,1,1,1,0,1,1,1,1,1,4,6,1
9779,0:2:2;1:1:1;1:3:2,3,5,1,1,1,0,1,1,1,1,1,4,6,1
9780,0:2:2;1:1:1;1:3:2,4,0,1,1,1,0,1,1,1,1,1,4,6,4
9781,0:2:2;1:1:1;1:3:2,4,1,1,1,1,0,1,1,1,1,1,4,6,3
9782,0:2:2;1:1:1;1:3:2,4,2,1,1,1,0,1,1,1,1,1,4,6,1
9783,0:2:2;1:1:1;1:3:2,4,3,1,1,1,0,1,1,1,1,1,4,6,1
9784,0:2:2;1:1:1;1:3:2,4,4,1,1,1,0,1,1,1,1,1,4,6,1
9785,0:2:2;1:1:1;1:3:2,4,5,1,1,1,0,1,1,1,1,1,4,6,1
9786,0:2:2;1:1:1;1:3:2,5,0,1,1,1,0,1,1,1,1,1,4,6,4
9787,0:2:2;1:1:1;1:3:2,5,1,1,1,1,0,1,1,1,1,1,4,6,3
9788,0:2:2;1:1:1;1:3:2,5,2,1,1,1,0,1,1,1,1,1,4,6,1
9789,0:2:2;1:1:1;1:3:2,5,3,1,1,1,0,1,1,1,1,1,4,6,1
9790,0:2:2;1:1:1;1:3:2,5,4,1,1,1,0,1,1,1,1,1,4,6,1
9791,0:2:2;1:1:1;1:3:2,5,5,1,1,1,0,1,1,1,1,1,4,6,1
9792,0:2:2;1:1:1;1:3:3,0,0,0,0,0,1,0,0,0,0,0,0,1,6
9793,0:2:2;1:1:1;1:3:3,0,1,0,0,0,1,0,0,0,0,0,0,2,6
9794,0:2:2;1:1:1;1:3:3,0,2,0,0,0,1,0,0,0,0,0,0,7,6
9795,0:2:2;1:1:1;1:3:3,0,3,0,0,0,1,0,0,0,0,0,0,7,6
9796,0:2:2;1:1:1;1:3:3,0,4,0,0,0,1,0,0,0,0,0,0,7,6
9797,0:2:2;1:1:1;1:3:3,0,5,0,0,0,1,0,0,0,0,0,0,7,6
9798,0:2:2;1:1:1;1:3:3,1,0,0,0,0,1,0,0,0,0,0,0,4,6
9799,0:2:2;1:1:1;1:3:3,1,1,0,0,0,1,0,0,0,0,0,0,9,6
9800,0:2:2;1:1:1;1:3:3,1,2,0,0,0,1,0,0,0,0,0,0,13,6
9801,0:2:2;1:1:1;1:3:3,1,3,0,0,0,1,0,0,0,0,0,0,13,6
9802,0:2:2;1:1:1;1:3:3,1,4,0,0,0,1,0,0,0,0,0,0,13,6
9803,0:2:2;1:1:1;1:3:3,1,5,0,0,0,1,0,0,0,0,0,0,13,6
9804,0:2:2;1:1:1;1:3:3,2,0,1,0,0,1,0,0,0,0,0,2,7,6
9805,0:2:2;1:1:1;1:3:3,2,1,1,1,0,0,1,1,1,1,1,4,7,3
9806,0:2:2;1:1:1;1:3:3,2,2,1,1,1,0,1,1,1,1,1,4,7,1
9807,0:2:2;1:1:1;1:3:3,2,3,1,1,1,0,1,1,1,1,1,4,7,1
9808,0:2:2;1:1:1;1:3:3,2,4,1,1,1,0,1,1,1,1,1,4,7,1
9809,0:2:2;1:1:1;1:3:3,2,5,1,1,1,0,1,1,1,1,1,4,7,1
9810,0:2:2;1:1:1;1:3:3,3,0,1,1,0,1,0,0,1,0,1,5,13,5
9811,0:2:2;1:1:1;1:3:3,3,1,1,1,1,0,1,1,1,1,1,4,7,3
9812,0:2:2;1:1:1;1:3:3,3,2,1,1,1,0,1,1,1,1,1,4,7,1
9813,0:2:2;1:1:1;1:3:3,3,3,1,1,1,0,1,1,1,1,1,4,7,1
9814,0:2:2;1:1:1;1:3:3,3,4,1,1,1,0,1,1,1,1,1,4,7,1
9815,0:2:2;1:1:1;1:3:3,3,5,1,1,1,0,1,1,1,1,1,4,7,1
9816,0:2:2;1:1:1;1:3:3,4,0,1,1,1,0,1,1,1,1,1,4,7,4
9817,0:2:2;1:1:1;1:3:3,4,1,1,1,1,0,1,1,1,1,1,4,7,3
9818,0:2:2;1:1:1;1:3:3,4,2,1,1,1,0,1,1,1,1,1,4,7,1
9819,0:2:2;1:1:1;1:3:3,4,3,1,1,1,0,1,1,1,1,1,4,7,1
9820,0:2:2;1:1:1;1:3:3,4,4,1,1,1,0,1,1,1,1,1,4,7,1
9821,0:2:2;1:1:1;1:3:3,4,5,1,1,1,0,1,1,1,1,1,4,7,1
9822,0:2:2;1:1:1;1:3:3,5,0,1,1,1,0,1,1,1,1,1,4,7,4
9823,0:2:2;1:1:1;1:3:3,5,1,1,1,1,0,1,1,1,1,1,4,7,3
9824,0:2:2;1:1:1;1:3:3,5,2,1,1,1,0,1,1,1,1,1,4,7,1
9825,0:2:2;1:1:1;1:3:3,5,3,1,1,1,0,1,1,1,1,1,4,7,1
9826,0:2:2;1:1:1;1:3:3,5,4,1,1,1,0,1,1,1,1,1,4,7,1
9827,0:2:2;1:1:1;1:3:3,5,5,1,1,1,0,1,1,1,1,1,4,7,1
9828,0:2:2;1:1:1;1:4:3,0,0,0,0,0,1,0,0,0,0,0,0,1,6
9829,0:2:2;1:1:1;1:4:3,0,1,0,0,0,1,0,0,0,0,0,0,2,6
9830,0:2:2;1:1:1;1:4:3,0,2,0,0,0,1,0,0,0,0,0,0,7,6
9831,0:2:2;1:1:1;1:4:3,0,3,0,0,0,1,0,0,0,0,0,0,7,6
9832,0:2:2;1:1:1;1:4:3,0,4,0,0,0,1,0,0,0,0,0,0,7,6
9833,0:2:2;1:1:1;1:4:3,0,5,0,0,0,1,0,0,0,0,0,0,7,6
9834,0:2:2;1:1:1;1:4:3,1,0,0,0,0,1,0,0,0,0,0,0,4,6
9835,0:2:2;1:1:1;1:4:3,1,1,0,0,0,1,0,0,0,0,0,0,9,6
9836,0:2:2;1:1:1;1:4:3,1,2,0,0,0,1,0,0,0,0,0,0,13,6
9837,0:2:2;1:1:1;1:4:3,1,3,0,0,0,1,0,0,0,0,0,0,13,6
9838,0:2:2;1:1:1;1:4:3,1,4,0,0,0,1,0,0,0,0,0,0,13,6
9839,0:2:2;1:1:1;1:4:3,1,5,0,0,0,1,0,0,0,0,0,0,13,6
9840,0:2:2;1:1:1;1:4:3,2,0,1,0,0,1,0,0,0,0,0,2,7,6
9841,0:2:2;1:1:1;1:4:3,2,1,1,1,0,0,1,1,1,1,1,4,7,3
9842,0:2:2;1:1:1;1:4:3,2,2,1,1,1,0,1,1,1,1,1,4,7,1
9843,0:2:2;1:1:1;1:4:3,2,3,1,1,1,0,1,1,1,1,1,4,7,1
9844,0:2:2;1:1:1;1:4:3,2,4,1,1,1,0,1,1,1,1,1,4,7,1
9845,0:2:2;1:1:1;1:4:3,2,5,1,1,1,0,1,1,1,1,1,4,7,1
9846,0:2:2;1:1:1;1:4:3,3,0,1,1,0,1,0,0,1,1,1,5,13,5
9847,0:2:2;1:1:1;1:4:3,3,1,1,1,1,0,1,1,1,1,1,4,7,3
9848,0:2:2;1:1:1;1:4:3,3,2,1,1,1,0,1,1,1,1,1,4,7,1
9849,0:2:2;1:1:1;1:4:3,3,3,1,1,1,0,1,1,1,1,1,4,7,1
9850,0:2:2;1:1:1;1:4:3,3,4,1,1,1,0,1,1,1,1,1,4,7,1
9851,0:2:2;1:1:1;1:4:3,3,5,1,1,1,0,1,1,1,1,1,4,7,1
9852,0:2:2;1:1:1;1:4:3,4,0,1,1,1,0,1,1,1,1,1,4,7,4
9853,0:2:2;1:1:1;1:4:3,4,1,1,1,1,0,1,1,1,1,1,4,7,3
9854,0:2:2;1:1:1;1:4:3,4,2,1,1,1,0,1,1,1,1,1,4,7,1
9855,0:2:2;1:1:1;1:4:3,4,3,1,1,1,0,1,1,1,1,1,4,7,1
9856,0:2:2;1:1:1;1:4:3,4,4,1,1,1,0,1,1,1,1,1,4,7,1
9857,0:2:2;1:1:1;1:4:3,4,5,1,1,1,0,1,1,1,1,1,4,7,1
9858,0:2:2;1:1:1;1:4:3,5,0,1,1,1,0,1,1,1,1,1,4,7,4
9859,0:2:2;1:1:1;1:4:3,5,1,1,1,1,0,1,1,1,1,1,4,7,3
9860,0:2:2;1:1:1;1:4:3,5,2,1,1,1,0,1,1,1,1,1,4,7,1
9861,0:2:2;1:1:1;1:4:3,5,3,1,1,1,0,1,1,1,1,1,4,7,1
9862,0:2:2;1:1:1;1:4:3,5,4,1,1,1,0,1,1,1,1,1,4,7,1
9863,0:2:2;1:1:1;1:4:3,5,5,1,1,1,0,1,1,1,1,1,4,7,1
9864,0:2:2;1:2:1;1:2:1,0,0,1,0,0,1,0,0,0,0,0,1,1,6
9865,0:2:2;1:2:1;1:2:1,0,1,1,0,0,1,0,0,0,0,0,1,2,6
9866,0:2:2;1:2:1;1:2:1,0,2,1,1,1,0,1,1,1,1,1,4,5,1
9867,0:2:2;1:2:1;1:2:1,0,3,1,1,1,0,1,1,1,1,1,4,5,1
9868,0:2:2;1:2:1;1:2:1,0,4,1,1,1,0,1,1,1,1,1,4,5,1
9869,0:2:2;1:2:1;1:2:1,0,5,1,1,1,0,1,1,1,1,1,4,5,1
9870,0:2:2;1:2:1;1:2:1,1,0,1,1,0,0,1,1,1,1,1,4,5,3
9871,0:2:2;1:2:1;1:2:1,1,1,1,1,1,0,1,1,1,1,1,4,5,3
9872,0:2:2;1:2:1;1:2:1,1,2,1,1,1,0,1,1,1,1,1,4,5,1
9873,0:2:2;1:2:1;1:2:1,1,3,1,1,1,0,1,1,1,1,1,4,5,1
9874,0:2:2;1:2:1;1:2:1,1,4,1,1,1,0,1,1,1,1,1,4,5,1
9875,0:2:2;1:2:1;1:2:1,1,5,1,1,1,0,1,1,1,1,1,4,5,1
9876,0:2:2;1:2:1;1:2:1,2,0,1,1,1,0,1,1,1,1,1,4,5,3
9877,0:2:2;1:2:1;1:2:1,2,1,1,1,1,0,1,1,1,1,1,4,5,3
9878,0:2:2;1:2:1;1:2:1,2,2,1,1,1,0,1,1,1,1,1,4,5,1
9879,0:2:2;1:2:1;1:2:1,2,3,1,1,1,0,1,1,1,1,1,4,5,1
9880,0:2:2;1:2:1;1:2:1,2,4,1,1,1,0,1,1,1,1,1,4,5,1
9881,0:2:2;1:2:1;1:2:1,2,5,1,1,1,0,1,1,1,1,1,4,5,1
9882,0:2:2;1:2:1;1:2:1,3,0,1,1,1,0,1,1,1,1,1,4,5,3
9883,0:2:2;1:2:1;1:2:1,3,1,1,1,1,0,1,1,1,1,1,4,5,3
9884,0:2:2;1:2:1;1:2:1,3,2,1,1,1,0,1,1,1,1,1,4,5,1
9885,0:2:2;1:2:1;1:2:1,3,3,1,1,1,0,1,1,1,1,1,4,5,1
9886,0:2:2;1:2:1;1:2:1,3,4,1,1,1,0,1,1,1,1,1,4,5,1
9887,0:2:2;1:2:1;1:2:1,3,5,1,1,1,0,1,1,1,1,1,4,5,1
9888,0:2:2;1:2:1;1:2:1,4,0,1,1,1,0,1,1,1,1,1,4,5,3
9889,0:2:2;1:2:1;1:2:1,4,1,1,1,1,0,1,1,1,1,1,4,5,3
9890,0:2:2;1:2:1;1:2:1,4,2,1,1,1,0,1,1,1,1,1,4,5,1
9891,0:2:2;1:2:1;1:2:1,4,3,1,1,1,0,1,1,1,1,1,4,5,1
9892,0:2:2;1:2:1;1:2:1,4,4,1,1,1,0,1,1,1,1,1,4,5,1
9893,0:2:2;1:2:1;1:2:1,4,5,1,1,1,0,1,1,1,1,1,4,5,1
9894,0:2:2;1:2:1;1:2:1,5,0,1,1,1,0,1,1,1,1,1,4,5,3
9895,0:2:2;1:2:1;1:2:1,5,1,1,1,1,0,1,1,1,1,1,4,5,3
9896,0:2:2;1:2:1;1:2:1,5,2,1,1,1,0,1,1,1,1,1,4,5,1
9897,0:2:2;1:2:1;1:2:1,5,3,1,1,1,0,1,1,1,1,1,4,5,1
9898,0:2:2;1:2:1;1:2:1,5,4,1,1,1,0,1,1,1,1,1,4,5,1
9899,0:2:2;1:2:1;1:2:1,5,5,1,1,1,0,1,1,1,1,1,4,5,1
9900,0:2:2;1:2:1;1:2:2,0,0,0,0,0,1,0,0,0,0,0,0,1,6
9901,0:2:2;1:2:1;1:2:2,0,1,0,0,0,1,0,0,0,0,0,0,2,6
9902,0:2:2;1:2:1;1:2:2,0,2,0,0,0,1,0,0,0,0,0,0,7,6
9903,0:2:2;1:2:1;1:2:2,0,3,0,0,0,1,0,0,0,0,0,0,7,6
9904,0:2:2;1:2:1;1:2:2,0,4,0,0,0,1,0,0,0,0,0,0,7,6
9905,0:2:2;1:2:1;1:2:2,0,5,0,0,0,1,0,0,0,0,0,0,7,6
9906,0:2:2;1:2:1;1:2:2,1,0,1,1,0,0,1,1,1,1,1,4,6,3
9907,0:2:2;1:2:1;1:2:2,1,1,1,1,0,0,1,1,1,1,1,4,6,3
9908,0:2:2;1:2:1;1:2:2,1,2,1,1,1,0,1,1,1,1,1,4,6,1
9909,0:2:2;1:2:1;1:2:2,1,3,1,1,1,0,1,1,1,1,1,4,6,1
9910,0:2:2;1:2:1;1:2:2,1,4,1,1,1,0,1,1,1,1,1,4,6,1
9911,0:2:2;1:2:1;1:2:2,1,5,1,1,1,0,1,1,1,1,1,4,6,1
9912,0:2:2;1:2:1;1:2:2,2,0,1,1,0,0,1,1,1,1,1,4,6,3
9913,0:2:2;1:2:1;1:2:2,2,1,1,1,1,0,1,1,1,1,1,4,6,3
9914,0:2:2;1:2:1;1:2:2,2,2,1,1,1,0,1,1,1,1,1,4,6,1
9915,0:2:2;1:2:1;1:2:2,2,3,1,1,1,0,1,1,1,1,1,4,6,1
9916,0:2:2;1:2:1;1:2:2,2,4,1,1,1,0,1,1,1,1,1,4,6,1
9917,0:2:2;1:2:1;1:2:2,2,5,1,1,1,0,1,1,1,1,1,4,6,1
9918,0:2:2;1:2:1;1:2:2,3,0,1,1,1,0,1,1,1,1,1,4,6,3
9919,0:2:2;1:2:1;1:2:2,3,1,1,1,1,0,1,1,1,1,1,4,6,3
9920,0:2:2;1:2:1;1:2:2,3,2,1,1,1,0,1,1,1,1,1,4,6,1
9921,0:2:2;1:2:1;1:2:2,3,3,1,1,1,0,1,1,1,1,1,4,6,1
9922,0:2:2;1:2:1;1:2:2,3,4,1,1,1,0,1,1,1,1,1,4,6,1
9923,0:2:2;1:2:1;1:2:2,3,5,1,1,1,0,1,1,1,1,1,4,6,1
9924,0:2:2;1:2:1;1:2:2,4,0,1,1,1,0,1,1,1,1,1,4,6,3
9925,0:2:2;1:2:1;1:2:2,4,1,1,1,1,0,1,1,1,1,1,4,6,3
9926,0:2:2;1:2:1;1:2:2,4,2,1,1,1,0,1,1,1,1,1,4,6,1
9927,0:2:2;1:2:1;1:2:2,4,3,1,1,1,0,1,1,1,1,1,4,6,1
9928,0:2:2;1:2:1;1:2:2,4,4,1,1,1,0,1,1,1,1,1,4,6,1
9929,0:2:2;1:2:1;1:2:2,4,5,1,1,1,0,1,1,1,1,1,4,6,1
9930,0:2:2;1:2:1;1:2:2,5,0,1,1,1,0,1,1,1,1,1,4,6,3
9931,0:2:2;1:2:1;1:2:2,5,1,1,1,1,0,1,1,1,1,1,4,6,3
9932,0:2:2;1:2:1;1:2:2,5,2,1,1,1,0,1,1,1,1,1,4,6,1
9933,0:2:2;1:2:1;1:2:2,5,3,1,1,1,0,1,1,1,1,1,4,6,1
9934,0:2:2;1:2:1;1:2:2,5,4,1,1,1,0,1,1,1,1,1,4,6,1
9935,0:2:2;1:2:1;1:2:2,5,5,1,1,1,0,1,1,1,1,1,4,6,1
9936,0:2:2;1:2:1;1:3:2,0,0,0,0,0,1,0,0,0,0,0,0,1,6
9937,0:2:2;1:2:1;1:3:2,0,1,0,0,0,1,0,0,0,0,0,0,2,6
9938,0:2:2;1:2:1;1:3:2,0,2,0,0,0,1,0,0,0,0,0,0,7,6
9939,0:2:2;1:2:1;1:3:2,0,3,0,0,0,1,0,0,0,0,0,0,7,6
9940,0:2:2;1:2:1;1:3:2,0,4,0,0,0,1,0,0,0,0,0,0,7,6
9941,0:2:2;1:2:1;1:3:2,0,5,0,0,0,1,0,0,0,0,0,0,7,6
9942,0:2:2;1:2:1;1:3:2,1,0,1,1,0,0,1,1,1,1,1,4,6,3
9943,0:2:2;1:2:1;1:3:2,1,1,1,1,0,0,1,1,1,1,1,4,6,3
9944,0:2:2;1:2:1;1:3:2,1,2,1,1,1,0,1,1,1,1,1,4,6,1
9945,0:2:2;1:2:1;1:3:2,1,3,1,1,1,0,1,1,1,1,1,4,6,1
9946,0:2:2;1:2:1;1:3:2,1,4,1,1,1,0,1,1,1,1,1,4,6,1
9947,0:2:2;1:2:1;1:3:2,1,5,1,1,1,0,1,1,1,1,1,4,6,1
9948,0:2:2;1:2:1;1:3:2,2,0,1,1,0,0,1,1,1,1,1,4,6,3
9949,0:2:2;1:2:1;1:3:2,2,1,1,1,1,0,1,1,1,1,1,4,6,3
9950,0:2:2;1:2:1;1:3:2,2,2,1,1,1,0,1,1,1,1,1,4,6,1
9951,0:2:2;1:2:1;1:3:2,2,3,1,1,1,0,1,1,1,1,1,4,6,1
9952,0:2:2;1:2:1;1:3:2,2,4,1,1,1,0,1,1,1,1,1,4,6,1
9953,0:2:2;1:2:1;1:3:2,2,5,1,1,1,0,1,1,1,1,1,4,6,1
9954,0:2:2;1:2:1;1:3:2,3,0,1,1,1,0,1,1,1,1,1,4,6,3
9955,0:2:2;1:2:1;1:3:2,3,1,1,1,1,0,1,1,1,1,1,4,6,3
9956,0:2:2;1:2:1;1:3:2,3,2,1,1,1,0,1,1,1,1,1,4,6,1
9957,0:2:2;1:2:1;1:3:2,3,3,1,1,1,0,1,1,1,1,1,4,6,1
9958,0:2:2;1:2:1;1:3:2,3,4,1,1,1,0,1,1,1,1,1,4,6,1
9959,0:2:2;1:2:1;1:3:2,3,5,1,1,1,0,1,1,1,1,1,4,6,1
9960,0:2:2;1:2:1;1:3:2,4,0,1,1,1,0,1,1,1,1,1,4,6,3
9961,0:2:2;1:2:1;1:3:2,4,1,1,1,1,0,1,1,1,1,1,4,6,3
9962,0:2:2;1:2:1;1:3:2,4,2,1,1,1,0,1,1,1,1,1,4,6,1
9963,0:2:2;1:2:1;1:3:2,4,3,1,1,1,0,1,1,1,1,1,4,6,1
9964,0:2:2;1:2:1;1:3:2,4,4,1,1,1,0,1,1,1,1,1,4,6,1
9965,0:2:2;1:2:1;1:3:2,4,5,1,1,1,0,1,1,1,1,1,4,6,1
9966,0:2:2;1:2:1;1:3:2,5,0,1,1,1,0,1,1,1,1,1,4,6,3
9967,0:2:2;1:2:1;1:3:2,5,1,1,1,1,0,1,1,1,1,1,4,6,3
9968,0:2:2;1:2:1;1:3:2,5,2,1,1,1,0,1,1,1,1,1,4,6,1
9969,0:2:2;1:2:1;1:3:2,5,3,1,1,1,0,1,1,1,1,1,4,6,1
9970,0:2:2;1:2:1;1:3:2,5,4,1,1,1,0,1,1,1,1,1,4,6,1
9971,0:2:2;1:2:1;1:3:2,5,5,1,1,1,0,1,1,1,1,1,4,6,1
9972,0:2:2;1:2:1;1:3:3,0,0,0,0,0,1,0,0,0,0,0,0,1,6
9973,0:2:2;1:2:1;1:3:3,0,1,0,0,0,1,0,0,0,0,0,0,2,6
9974,0:2:2;1:2:1;1:3:3,0,2,0,0,0,1,0,0,0,0,0,0,7,6
9975,0:2:2;1:2:1;1:3:3,0,3,0,0,0,1,0,0,0,0,0,0,7,6
9976,0:2:2;1:2:1;1:3:3,0,4,0,0,0,1,0,0,0,0,0,0,7,6
9977,0:2:2;1:2:1;1:3:3,0,5,0,0,0,1,0,0,0,0,0,0,7,6
9978,0:2:2;1:2:1;1:3:3,1,0,0,0,0,1,0,0,0,0,0,0,7,6
9979,0:2:2;1:2:1;1:3:3,1,1,0,0,0,1,0,0,0,0,0,0,9,6
9980,0:2:2;1:2:1;1:3:3,1,2,0,0,0,1,0,0,0,0,0,0,13,6
9981,0:2:2;1:2:1;1:3:3,1,3,0,0,0,1,0,0,0,0,0,0,13,6
9982,0:2:2;1:2:1;1:3:3,1,4,0,0,0,1,0,0,0,0,0,0,13,6
9983,0:2:2;1:2:1;1:3:3,1,5,0,0,0,1,0,0,0,0,0,0,13,6
9984,0:2:2;1:2:1;1:3:3,2,0,1,1,0,0,1,1,1,1,1,4,7,3
9985,0:2:2;1:2:1;1:3:3,2,1,1,1,0,0,1,1,1,1,1,4,7,3
9986,0:2:2;1:2:1;1:3:3,2,2,1,1,1,0,1,1,1,1,1,4,7,1
9987,0:2:2;1:2:1;1:3:3,2,3,1,1,1,0,1,1,1,1,1,4,7,1
9988,0:2:2;1:2:1;1:3:3,2,4,1,1,1,0,1,1,1,1,1,4,7,1
9989,0:2:2;1:2:1;1:3:3,2,5,1,1,1,0,1,1,1,1,1,4,7,1
9990,0:2:2;1:2:1;1:3:3,3,0,1,1,0,0,1,1,1,1,1,4,7,3
9991,0:2:2;1:2:1;1:3:3,3,1,1,1,1,0,1,1,1,1,1,4,7,3
9992,0:2:2;1:2:1;1:3:3,3,2,1,1,1,0,1,1,1,1,1,4,7,1
9993,0:2:2;1:2:1;1:3:3,3,3,1,1,1,0,1,1,1,1,1,4,7,1
9994,0:2:2;1:2:1;1:3:3,3,4,1,1,1,0,1,1,1,1,1,4,7,1
9995,0:2:2;1:2:1;1:3:3,3,5,1,1,1,0,1,1,1,1,1,4,7,1
9996,0:2:2;1:2:1;1:3:3,4,0,1,1,1,0,1,1,1,1,1,4,7,3
9997,0:2:2;1:2:1;1:3:3,4,1,1,1,1,0,1,1,1,1,1,4,7,3
9998,0:2:2;1:2:1;1:3:3,4,2,1,1,1,0,1,1,1,1,1,4,7,1
9999,0:2:2;1:2:1;1:3:3,4,3,1,1,1,0,1,1,1,1,1,4,7,1
10000,0:2:2;1:2:1;1:3:3,4,4,1,1,1,0,1,1,1,1,1,4,7,1
10001,0:2:2;1:2:1;1:3:3,4,5,1,1,1,0,1,1,1,1,1,4,7,1
10002,0:2:2;1:2:1;1:3:3,5,0,1,1,1,0,1,1,1,1,1,4,7,3
10003,0:2:2;1:2:1;1:3:3,5,1,1,1,1,0,1,1,1,1,1,4,7,3
10004,0:2:2;1:2:1;1:3:3,5,2,1,1,1,0,1,1,1,1,1,4,7,1
10005,0:2:2;1:2:1;1:3:3,5,3,1,1,1,0,1,1,1,1,1,4,7,1
10006,0:2:2;1:2:1;1:3:3,5,4,1,1,1,0,1,1,1,1,1,4,7,1
10007,0:2:2;1:2:1;1:3:3,5,5,1,1,1,0,1,1,1,1,1,4,7,1
10008,0:2:2;1:2:1;1:4:3,0,0,0,0,0,1,0,0,0,0,0,0,1,6
10009,0:2:2;1:2:1;1:4:3,0,1,0,0,0,1,0,0,0,0,0,0,2,6
10010,0:2:2;1:2:1;1:4:3,0,2,0,0,0,1,0,0,0,0,0,0,7,6
10011,0:2:2;1:2:1;1:4:3,0,3,0,0,0,1,0,0,0,0,0,0,7,6
10012,0:2:2;1:2:1;1:4:3,0,4,0,0,0,1,0,0,0,0,0,0,7,6
10013,0:2:2;1:2:1;1:4:3,0,5,0,0,0,1,0,0,0,0,0,0,7,6
10014,0:2:2;1:2:1;1:4:3,1,0,0,0,0,1,0,0,0,0,0,0,7,6
10015,0:2:2;1:2:1;1:4:3,1,1,0,0,0,1,0,0,0,0,0,0,9,6
10016,0:2:2;1:2:1;1:4:3,1,2,0,0,0,1,0,0,0,0,0,0,13,6
10017,0:2:2;1:2:1;1:4:3,1,3,0,0,0,1,0,0,0,0,0,0,13,6
10018,0:2:2;1:2:1;1:4:3,1,4,0,0,0,1,0,0,0,0,0,0,13,6
10019,0:2:2;1:2:1;1:4:3,1,5,0,0,0,1,0,0,0,0,0,0,13,6
10020,0:2:2;1:2:1;1:4:3,2,0,1,1,0,0,1,1,1,1,1,4,7,3
10021,0:2:2;1:2:1;1:4:3,2,1,1,1,0,0,1,1,1,1,1,4,7,3
10022,0:2:2;1:2:1;1:4:3,2,2,1,1,1,0,1,1,1,1,1,4,7,1
10023,0:2:2;1:2:1;1:4:3,2,3,1,1,1,0,1,1,1,1,1,4,7,1
10024,0:2:2;1:2:1;1:4:3,2,4,1,1,1,0,1,1,1,1,1,4,7,1
10025,0:2:2;1:2:1;1:4:3,2,5,1,1,1,0,1,1,1,1,1,4,7,1
10026,0:2:2;1:2:1;1:4:3,3,0,1,1,0,0,1,1,1,1,1,4,7,3
10027,0:2:2;1:2:1;1:4:3,3,1,1,1,1,0,1,1,1,1,1,4,7,3
10028,0:2:2;1:2:1;1:4:3,3,2,1,1,1,0,1,1,1,1,1,4,7,1
10029,0:2:2;1:2:1;1:4:3,3,3,1,1,1,0,1,1,1,1,1,4,7,1
10030,0:2:2;1:2:1;1:4:3,3,4,1,1,1,0,1,1,1,1,1,4,7,1
10031,0:2:2;1:2:1;1:4:3,3,5,1,1,1,0,1,1,1,1,1,4,7,1
10032,0:2:2;1:2:1;1:4:3,4,0,1,1,1,0,1,1,1,1,1,4,7,3
10033,0:2:2;1:2:1;1:4:3,4,1,1,1,1,0,1,1,1,1,1,4,7,3
10034,0:2:2;1:2:1;1:4:3,4,2,1,1,1,0,1,1,1,1,1,4,7,1
10035,0:2:2;1:2:1;1:4:3,4,3,1,1,1,0,1,1,1,1,1,4,7,1
10036,0:2:2;1:2:1;1:4:3,4,4,1,1,1,0,1,1,1,1,1,4,7,1
10037,0:2:2;1:2:1;1:4:3,4,5,1,1,1,0,1,1,1,1,1,4,7,1
10038,0:2:2;1:2:1;1:4:3,5,0,1,1,1,0,1,1,1,1,1,4,7,3
10039,0:2:2;1:2:1;1:4:3,5,1,1,1,1,0,1,1,1,1,1,4,7,3
10040,0:2:2;1:2:1;1:4:3,5,2,1,1,1,0,1,1,1,1,1,4,7,1
10041,0:2:2;1:2:1;1:4:3,5,3,1,1,1,0,1,1,1,1,1,4,7,1
10042,0:2:2;1:2:1;1:4:3,5,4,1,1,1,0,1,1,1,1,1,4,7,1
10043,0:2:2;1:2:1;1:4:3,5,5,1,1,1,0,1,1,1,1,1,4,7,1
10044,0:2:2;1:2:2;1:2:2,0,0,0,0,0,1,0,0,0,0,0,0,1,6
10045,0:2:2;1:2:2;1:2:2,0,1,0,0,0,1,0,0,0,0,0,0,2,6
10046,0:2:2;1:2:2;1:2:2,0,2,0,0,0,1,0,0,0,0,0,0,8,6
10047,0:2:2;1:2:2;1:2:2,0,3,0,0,0,1,0,0,0,0,0,0,8,6
10048,0:2:2;1:2:2;1:2:2,0,4,0,0,0,1,0,0,0,0,0,0,8,6
10049,0:2:2;1:2:2;1:2:2,0,5,0,0,0,1,0,0,0,0,0,0,8,6
10050,0:2:2;1:2:2;1:2:2,1,0,0,0,0,1,0,0,0,0,0,0,3,6
10051,0:2:2;1:2:2;1:2:2,1,1,0,0,0,1,0,0,0,0,0,0,6,6
10052,0:2:2;1:2:2;1:2:2,1,2,0,0,0,1,0,0,0,0,0,0,14,6
10053,0:2:2;1:2:2;1:2:2,1,3,0,0,0,1,0,0,0,0,0,0,14,6
10054,0:2:2;1:2:2;1:2:2,1,4,0,0,0,1,0,0,0,0,0,0,14,6
10055,0:2:2;1:2:2;1:2:2,1,5,0,0,0,1,0,0,0,0,0,0,14,6
10056,0:2:2;1:2:2;1:2:2,2,0,1,1,0,0,1,1,1,1,1,4,7,3
10057,0:2:2;1:2:2;1:2:2,2,1,1,1,1,0,1,1,1,1,1,4,7,3
10058,0:2:2;1:2:2;1:2:2,2,2,1,1,1,0,1,1,1,1,1,4,7,1
10059,0:2:2;1:2:2;1:2:2,2,3,1,1,1,0,1,1,1,1,1,4,7,1
10060,0:2:2;1:2:2;1:2:2,2,4,1,1,1,0,1,1,1,1,1,4,7,1
10061,0:2:2;1:2:2;1:2:2,2,5,1,1,1,0,1,1,1,1,1,4,7,1
10062,0:2:2;1:2:2;1:2:2,3,0,1,1,1,0,1,1,1,1,1,4,7,3
10063,0:2:2;1:2:2;1:2:2,3,1,1,1,1,0,1,1,1,1,1,4,7,3
10064,0:2:2;1:2:2;1:2:2,3,2,1,1,1,0,1,1,1,1,1,4,7,1
10065,0:2:2;1:2:2;1:2:2,3,3,1,1,1,0,1,1,1,1,1,4,7,1
10066,0:2:2;1:2:2;1:2:2,3,4,1,1,1,0,1,1,1,1,1,4,7,1
10067,0:2:2;1:2:2;1:2:2,3,5,1,1,1,0,1,1,1,1,1,4,7,1
10068,0:2:2;1:2:2;1:2:2,4,0,1,1,1,0,1,1,1,1,1,4,7,3
10069,0:2:2;1:2:2;1:2:2,4,1,1,1,1,0,1,1,1,1,1,4,7,3
10070,0:2:2;1:2:2;1:2:2,4,2,1,1,1,0,1,1,1,1,1,4,7,1
10071,0:2:2;1:2:2;1:2:2,4,3,1,1,1,0,1,1,1,1,1,4,7,1
10072,0:2:2;1:2:2;1:2:2,4,4,1,1,1,0,1,1,1,1,1,4,7,1
10073,0:2:2;1:2:2;1:2:2,4,5,1,1,1,0,1,1,1,1,1,4,7,1
10074,0:2:2;1:2:2;1:2:2,5,0,1,1,1,0,1,1,1,1,1,4,7,3
10075,0:2:2;1:2:2;1:2:2,5,1,1,1,1,0,1,1,1,1,1,4,7,3
10076,0:2:2;1:2:2;1:2:2,5,2,1,1,1,0,1,1,1,1,1,4,7,1
10077,0:2:2;1:2:2;1:2:2,5,3,1,1,1,0,1,1,1,1,1,4,7,1
10078,0:2:2;1:2:2;1:2:2,5,4,1,1,1,0,1,1,1,1,1,4,7,1
10079,0:2:2;1:2:2;1:2:2,5,5,1,1,1,0,1,1,1,1,1,4,7,1
10080,0:2:2;1:2:2;1:3:2,0,0,0,0,0,1,0,0,0,0,0,0,1,6
10081,0:2:2;1:2:2;1:3:2,0,1,0,0,0,1,0,0,0,0,0,0,2,6
10082,0:2:2;1:2:2;1:3:2,0,2,0,0,0,1,0,0,0,0,0,0,8,6
10083,0:2:2;1:2:2;1:3:2,0,3,0,0,0,1,0,0,0,0,0,0,8,6
10084,0:2:2;1:2:2;1:3:2,0,4,0,0,0,1,0,0,0,0,0,0,8,6
10085,0:2:2;1:2:2;1:3:2,0,5,0,0,0,1,0,0,0,0,0,0,8,6
10086,0:2:2;1:2:2;1:3:2,1,0,0,0,0,1,0,0,0,0,0,0,3,6
10087,0:2:2;1:2:2;1:3:2,1,1,0,0,0,1,0,0,0,0,0,0,6,6
10088,0:2:2;1:2:2;1:3:2,1,2,0,0,0,1,0,0,0,0,0,0,14,6
10089,0:2:2;1:2:2;1:3:2,1,3,0,0,0,1,0,0,0,0,0,0,14,6
10090,0:2:2;1:2:2;1:3:2,1,4,0,0,0,1,0,0,0,0,0,0,14,6
10091,0:2:2;1:2:2;1:3:2,1,5,0,0,0,1,0,0,0,0,0,0,14,6
10092,0:2:2;1:2:2;1:3:2,2,0,1,1,0,0,1,1,1,1,1,4,7,3
10093,0:2:2;1:2:2;1:3:2,2,1,1,1,1,0,1,1,1,1,1,4,7,3
10094,0:2:2;1:2:2;1:3:2,2,2,1,1,1,0,1,1,1,1,1,4,7,1
10095,0:2:2;1:2:2;1:3:2,2,3,1,1,1,0,1,1,1,1,1,4,7,1
10096,0:2:2;1:2:2;1:3:2,2,4,1,1,1,0,1,1,1,1,1,4,7,1
10097,0:2:2;1:2:2;1:3:2,2,5,1,1,1,0,1,1,1,1,1,4,7,1
10098,0:2:2;1:2:2;1:3:2,3,0,1,1,1,0,1,1,1,1,1,4,7,3
10099,0:2:2;1:2:2;1:3:2,3,1,1,1,1,0,1,1,1,1,1,4,7,3
10100,0:2:2;1:2:2;1:3:2,3,2,1,1,1,0,1,1,1,1,1,4,7,1
10101,0:2:2;1:2:2;1:3:2,3,3,1,1,1,0,1,1,1,1,1,4,7,1
10102,0:2:2;1:2:2;1:3:2,3,4,1,1,1,0,1,1,1,1,1,4,7,1
10103,0:2:2;1:2:2;1:3:2,3,5,1,1,1,0,1,1,1,1,1,4,7,1
10104,0:2:2;1:2:2;1:3:2,4,0,1,1,1,0,1,1,1,1,1,4,7,3
10105,0:2:2;1:2:2;1:3:2,4,1,1,1,1,0,1,1,1,1,1,4,7,3
10106,0:2:2;1:2:2;1:3:2,4,2,1,1,1,0,1,1,1,1,1,4,7,1
10107,0:2:2;1:2:2;1:3:2,4,3,1,1,1,0,1,1,1,1,1,4,7,1
10108,0:2:2;1:2:2;1:3:2,4,4,1,1,1,0,1,1,1,1,1,4,7,1
10109,0:2:2;1:2:2;1:3:2,4,5,1,1,1,0,1,1,1,1,1,4,7,1
10110,0:2:2;1:2:2;1:3:2,5,0,1,1,1,0,1,1,1,1,1,4,7,3
10111,0:2:2;1:2:2;1:3:2,5,1,1,1,1,0,1,1,1,1,1,4,7,3
10112,0:2:2;1:2:2;1:3:2,5,2,1,1,1,0,1,1,1,1,1,4,7,1
10113,0:2:2;1:2:2;1:3:2,5,3,1,1,1,0,1,1,1,1,1,4,7,1
10114,0:2:2;1:2:2;1:3:2,5,4,1,1,1,0,1,1,1,1,1,4,7,1
10115,0:2:2;1:2:2;1:3:2,5,5,1,1,1,0,1,1,1,1,1,4,7,1
10116,0:2:2;1:2:2;1:3:3,0,0,0,0,0,1,0,0,0,0,0,0,1,6
10117,0:2:2;1:2:2;1:3:3,0,1,0,0,0,1,0,0,0,0,0,0,2,6
10118,0:2:2;1:2:2;1:3:3,0,2,0,0,0,1,0,0,0,0,0,0,8,6
10119,0:2:2;1:2:2;1:3:3,0,3,0,0,0,1,0,0,0,0,0,0,8,6
10120,0:2:2;1:2:2;1:3:3,0,4,0,0,0,1,0,0,0,0,0,0,8,6
10121,0:2:2;1:2:2;1:3:3,0,5,0,0,0,1,0,0,0,0,0,0,8,6
10122,0:2:2;1:2:2;1:3:3,1,0,0,0,0,1,0,0,0,0,0,0,3,6
10123,0:2:2;1:2:2;1:3:3,1,1,0,0,0,1,0,0,0,0,0,0,6,6
10124,0:2:2;1:2:2;1:3:3,1,2,0,0,0,1,0,0,0,0,0,0,15,6
10125,0:2:2;1:2:2;1:3:3,1,3,0,0,0,1,0,0,0,0,0,0,15,6
10126,0:2:2;1:2:2;1:3:3,1,4,0,0,0,1,0,0,0,0,0,0,15,6
10127,0:2:2;1:2:2;1:3:3,1,5,0,0,0,1,0,0,0,0,0,0,15,6
10128,0:2:2;1:2:2;1:3:3,2,0,0,0,0,1,0,0,0,0,0,0,10,6
10129,0:2:2;1:2:2;1:3:3,2,1,0,0,0,1,0,0,0,0,0,0,15,6
10130,0:2:2;1:2:2;1:3:3,2,2,0,0,0,1,0,0,0,0,0,0,23,6
10131,0:2:2;1:2:2;1:3:3,2,3,0,0,0,1,0,0,0,0,0,0,23,6
10132,0:2:2;1:2:2;1:3:3,2,4,0,0,0,1,0,0,0,0,0,0,23,6
10133,0:2:2;1:2:2;1:3:3,2,5,0,0,0,1,0,0,0,0,0,0,23,6
10134,0:2:2;1:2:2;1:3:3,3,0,1,1,0,0,1,1,1,1,1,4,8,3
10135,0:2:2;1:2:2;1:3:3,3,1,1,1,1,0,1,1,1,1,1,4,8,3
10136,0:2:2;1:2:2;1:3:3,3,2,1,1,1,0,1,1,1,1,1,4,8,1
10137,0:2:2;1:2:2;1:3:3,3,3,1,1,1,0,1,1,1,1,1,4,8,1
10138,0:2:2;1:2:2;1:3:3,3,4,1,1,1,0,1,1,1,1,1,4,8,1
10139,0:2:2;1:2:2;1:3:3,3,5,1,1,1,0,1,1,1,1,1,4,8,1
10140,0:2:2;1:2:2;1:3:3,4,0,1,1,1,0,1,1,1,1,1,4,8,3
10141,0:2:2;1:2:2;1:3:3,4,1,1,1,1,0,1,1,1,1,1,4,8,3
10142,0:2:2;1:2:2;1:3:3,4,2,1,1,1,0,1,1,1,1,1,4,8,1
10143,0:2:2;1:2:2;1:3:3,4,3,1,1,1,0,1,1,1,1,1,4,8,1
10144,0:2:2;1:2:2;1:3:3,4,4,1,1,1,0,1,1,1,1,1,4,8,1
10145,0:2:2;1:2:2;1:3:3,4,5,1,1,1,0,1,1,1,1,1,4,8,1
10146,0:2:2;1:2:2;1:3:3,5,0,1,1,1,0,1,1,1,1,1,4,8,3
10147,0:2:2;1:2:2;1:3:3,5,1,1,1,1,0,1,1,1,1,1,4,8,3
10148,0:2:2;1:2:2;1:3:3,5,2,1,1,1,0,1,1,1,1,1,4,8,1
10149,0:2:2;1:2:2;1:3:3,5,3,1,1,1,0,1,1,1,1,1,4,8,1
10150,0:2:2;1:2:2;1:3:3,5,4,1,1,1,0,1,1,1,1,1,4,8,1
10151,0:2:2;1:2:2;1:3:3,5,5,1,1,1,0,1,1,1,1,1,4,8,1
10152,0:2:2;1:2:2;1:4:3,0,0,0,0,0,1,0,0,0,0,0,0,1,6
10153,0:2:2;1:2:2;1:4:3,0,1,0,0,0,1,0,0,0,0,0,0,2,6
10154,0:2:2;1:2:2;1:4:3,0,2,0,0,0,1,0,0,0,0,0,0,8,6
10155,0:2:2;1:2:2;1:4:3,0,3,0,0,0,1,0,0,0,0,0,0,8,6
10156,0:2:2;1:2:2;1:4:3,0,4,0,0,0,1,0,0,0,0,0,0,8,6
10157,0:2:2;1:2:2;1:4:3,0,5,0,0,0,1,0,0,0,0,0,0,8,6
10158,0:2:2;1:2:2;1:4:3,1,0,0,0,0,1,0,0,0,0,0,0,3,6
10159,0:2:2;1:2:2;1:4:3,1,1,0,0,0,1,0,0,0,0,0,0,6,6
10160,0:2:2;1:2:2;1:4:3,1,2,0,0,0,1,0,0,0,0,0,0,15,6
10161,0:2:2;1:2:2;1:4:3,1,3,0,0,0,1,0,0,0,0,0,0,15,6
10162,0:2:2;1:2:2;1:4:3,1,4,0,0,0,1,0,0,0,0,0,0,15,6
10163,0:2:2;1:2:2;1:4:3,1,5,0,0,0,1,0,0,0,0,0,0,15,6
10164,0:2:2;1:2:2;1:4:3,2,0,0,0,0,1,0,0,0,0,0,0,10,6
10165,0:2:2;1:2:2;1:4:3,2,1,0,0,0,1,0,0,0,0,0,0,15,6
10166,0:2:2;1:2:2;1:4:3,2,2,0,0,0,1,0,0,0,0,0,0,23,6
10167,0:2:2;1:2:2;1:4:3,2,3,0,0,0,1,0,0,0,0,0,0,23,6
10168,0:2:2;1:2:2;1:4:3,2,4,0,0,0,1,0,0,0,0,0,0,23,6
10169,0:2:2;1:2:2;1:4:3,2,5,0,0,0,1,0,0,0,0,0,0,23,6
10170,0:2:2;1:2:2;1:4:3,3,0,1,1,0,0,1,1,1,1,1,4,8,3
10171,0:2:2;1:2:2;1:4:3,3,1,1,1,1,0,1,1,1,1,1,4,8,3
10172,0:2:2;1:2:2;1:4:3,3,2,1,1,1,0,1,1,1,1,1,4,8,1
10173,0:2:2;1:2:2;1:4:3,3,3,1,1,1,0,1,1,1,1,1,4,8,1
10174,0:2:2;1:2:2;1:4:3,3,4,1,1,1,0,1,1,1,1,1,4,8,1
10175,0:2:2;1:2:2;1:4:3,3,5,1,1,1,0,1,1,1,1,1,4,8,1
10176,0:2:2;1:2:2;1:4:3,4,0,1,1,1,0,1,1,1,1,1,4,8,3
10177,0:2:2;1:2:2;1:4:3,4,1,1,1,1,0,1,1,1,1,1,4,8,3
10178,0:2:2;1:2:2;1:4:3,4,2,1,1,1,0,1,1,1,1,1,4,8,1
10179,0:2:2;1:2:2;1:4:3,4,3,1,1,1,0,1,1,1,1,1,4,8,1
10180,0:2:2;1:2:2;1:4:3,4,4,1,1,1,0,1,1,1,1,1,4,8,1
10181,0:2:2;1:2:2;1:4:3,4,5,1,1,1,0,1,1,1,1,1,4,8,1
10182,0:2:2;1:2:2;1:4:3,5,0,1,1,1,0,1,1,1,1,1,4,8,3
10183,0:2:2;1:2:2;1:4:3,5,1,1,1,1,0,1,1,1,1,1,4,8,3
10184,0:2:2;1:2:2;1:4:3,5,2,1,1,1,0,1,1,1,1,1,4,8,1
10185,0:2:2;1:2:2;1:4:3,5,3,1,1,1,0,1,1,1,1,1,4,8,1
10186,0:2:2;1:2:2;1:4:3,5,4,1,1,1,0,1,1,1,1,1,4,8,1
10187,0:2:2;1:2:2;1:4:3,5,5,1,1,1,0,1,1,1,1,1,4,8,1
10188,0:2:2;1:3:2;1:3:2,0,0,0,0,0,1,0,0,0,0,0,0,1,6
10189,0:2:2;1:3:2;1:3:2,0,1,0,0,0,1,0,0,0,0,0,0,2,6
10190,0:2:2;1:3:2;1:3:2,0,2,0,0,0,1,0,0,0,0,0,0,8,6
10191,0:2:2;1:3:2;1:3:2,0,3,0,0,0,1,0,0,0,0,0,0,8,6
10192,0:2:2;1:3:2;1:3:2,0,4,0,0,0,1,0,0,0,0,0,0,8,6
10193,0:2:2;1:3:2;1:3:2,0,5,0,0,0,1,0,0,0,0,0,0,8,6
10194,0:2:2;1:3:2;1:3:2,1,0,0,0,0,1,0,0,0,0,0,0,3,6
10195,0:2:2;1:3:2;1:3:2,1,1,0,0,0,1,0,0,0,0,0,0,6,6
10196,0:2:2;1:3:2;1:3:2,1,2,0,0,0,1,0,0,0,0,0,0,14,6
10197,0:2:2;1:3:2;1:3:2,1,3,0,0,0,1,0,0,0,0,0,0,14,6
10198,0:2:2;1:3:2;1:3:2,1,4,0,0,0,1,0,0,0,0,0,0,14,6
10199,0:2:2;1:3:2;1:3:2,1,5,0,0,0,1,0,0,0,0,0,0,14,6
10200,0:2:2;1:3:2;1:3:2,2,0,1,1,0,0,1,1,1,1,1,4,7,3
10201,0:2:2;1:3:2;1:3:2,2,1,1,1,1,0,1,1,1,1,1,4,7,3
10202,0:2:2;1:3:2;1:3:2,2,2,1,1,1,0,1,1,1,1,1,4,7,1
10203,0:2:2;1:3:2;1:3:2,2,3,1,1,1,0,1,1,1,1,1,4,7,1
10204,0:2:2;1:3:2;1:3:2,2,4,1,1,1,0,1,1,1,1,1,4,7,1
10205,0:2:2;1:3:2;1:3:2,2,5,1,1,1,0,1,1,1,1,1,4,7,1
10206,0:2:2;1:3:2;1:3:2,3,0,1,1,1,0,1,1,1,1,1,4,7,3
10207,0:2:2;1:3:2;1:3:2,3,1,1,1,1,0,1,1,1,1,1,4,7,3
10208,0:2:2;1:3:2;1:3:2,3,2,1,1,1,0,1,1,1,1,1,4,7,1
10209,0:2:2;1:3:2;1:3:2,3,3,1,1,1,0,1,1,1,1,1,4,7,1
10210,0:2:2;1:3:2;1:3:2,3,4,1,1,1,0,1,1,1,1,1,4,7,1
10211,0:2:2;1:3:2;1:3:2,3,5,1,1,1,0,1,1,1,1,1,4,7,1
10212,0:2:2;1:3:2;1:3:2,4,0,1,1,1,0,1,1,1,1,1,4,7,3
10213,0:2:2;1:3:2;1:3:2,4,1,1,1,1,0,1,1,1,1,1,4,7,3
10214,0:2:2;1:3:2;1:3:2,4,2,1,1,1,0,1,1,1,1,1,4,7,1
10215,0:2:2;1:3:2;1:3:2,4,3,1,1,1,0,1,1,1,1,1,4,7,1
10216,0:2:2;1:3:2;1:3:2,4,4,1,1,1,0,1,1,1,1,1,4,7,1
10217,0:2:2;1:3:2;1:3:2,4,5,1,1,1,0,1,1,1,1,1,4,7,1
10218,0:2:2;1:3:2;1:3:2,5,0,1,1,1,0,1,1,1,1,1,4,7,3
10219,0:2:2;1:3:2;1:3:2,5,1,1,1,1,0,1,1,1,1,1,4,7,3
10220,0:2:2;1:3:2;1:3:2,5,2,1,1,1,0,1,1,1,1,1,4,7,1
10221,0:2:2;1:3:2;1:3:2,5,3,1,1,1,0,1,1,1,1,1,4,7,1
10222,0:2:2;1:3:2;1:3:2,5,4,1,1,1,0,1,1,1,1,1,4,7,1
10223,0:2:2;1:3:2;1:3:2,5,5,1,1,1,0,1,1,1,1,1,4,7,1
10224,0:2:2;1:3:2;1:3:3,0,0,0,0,0,1,0,0,0,0,0,0,1,6
10225,0:2:2;1:3:2;1:3:3,0,1,0,0,0,1,0,0,0,0,0,0,2,6
10226,0:2:2;1:3:2;1:3:3,0,2,0,0,0,1,0,0,0,0,0,0,8,6
10227,0:2:2;1:3:2;1:3:3,0,3,0,0,0,1,0,0,0,0,0,0,8,6
10228,0:2:2;1:3:2;1:3:3,0,4,0,0,0,1,0,0,0,0,0,0,8,6
10229,0:2:2;1:3:2;1:3:3,0,5,0,0,0,1,0,0,0,0,0,0,8,6
10230,0:2:2;1:3:2;1:3:3,1,0,0,0,0,1,0,0,0,0,0,0,3,6
10231,0:2:2;1:3:2;1:3:3,1,1,0,0,0,1,0,0,0,0,0,0,6,6
10232,0:2:2;1:3:2;1:3:3,1,2,0,0,0,1,0,0,0,0,0,0,15,6
10233,0:2:2;1:3:2;1:3:3,1,3,0,0,0,1,0,0,0,0,0,0,15,6
10234,0:2:2;1:3:2;1:3:3,1,4,0,0,0,1,0,0,0,0,0,0,15,6
10235,0:2:2;1:3:2;1:3:3,1,5,0,0,0,1,0,0,0,0,0,0,15,6
10236,0:2:2;1:3:2;1:3:3,2,0,0,0,0,1,0,0,0,0,0,0,10,6
10237,0:2:2;1:3:2;1:3:3,2,1,0,0,0,1,0,0,0,0,0,0,15,6
10238,0:2:2;1:3:2;1:3:3,2,2,0,0,0,1,0,0,0,0,0,0,23,6
10239,0:2:2;1:3:2;1:3:3,2,3,0,0,0,1,0,0,0,0,0,0,23,6
10240,0:2:2;1:3:2;1:3:3,2,4,0,0,0,1,0,0,0,0,0,0,23,6
10241,0:2:2;1:3:2;1:3:3,2,5,0,0,0,1,0,0,0,0,0,0,23,6
10242,0:2:2;1:3:2;1:3:3,3,0,1,1,0,0,1,1,1,1,1,4,8,3
10243,0:2:2;1:3:2;1:3:3,3,1,1,1,1,0,1,1,1,1,1,4,8,3
10244,0:2:2;1:3:2;1:3:3,3,2,1,1,1,0,1,1,1,1,1,4,8,1
10245,0:2:2;1:3:2;1:3:3,3,3,1,1,1,0,1,1,1,1,1,4,8,1
10246,0:2:2;1:3:2;1:3:3,3,4,1,1,1,0,1,1,1,1,1,4,8,1
10247,0:2:2;1:3:2;1:3:3,3,5,1,1,1,0,1,1,1,1,1,4,8,1
10248,0:2:2;1:3:2;1:3:3,4,0,1,1,1,0,1,1,1,1,1,4,8,3
10249,0:2:2;1:3:2;1:3:3,4,1,1,1,1,0,1,1,1,1,1,4,8,3
10250,0:2:2;1:3:2;1:3:3,4,2,1,1,1,0,1,1,1,1,1,4,8,1
10251,0:2:2;1:3:2;1:3:3,4,3,1,1,1,0,1,1,1,1,1,4,8,1
10252,0:2:2;1:3:2;1:3:3,4,4,1,1,1,0,1,1,1,1,1,4,8,1
10253,0:2:2;1:3:2;1:3:3,4,5,1,1,1,0,1,1,1,1,1,4,8,1
10254,0:2:2;1:3:2;1:3:3,5,0,1,1,1,0,1,1,1,1,1,4,8,3
10255,0:2:2;1:3:2;1:3:3,5,1,1,1,1,0,1,1,1,1,1,4,8,3
10256,0:2:2;1:3:2;1:3:3,5,2,1,1,1,0,1,1,1,1,1,4,8,1
10257,0:2:2;1:3:2;1:3:3,5,3,1,1,1,0,1,1,1,1,1,4,8,1
10258,0:2:2;1:3:2;1:3:3,5,4,1,1,1,0,1,1,1,1,1,4,8,1
10259,0:2:2;1:3:2;1:3:3,5,5,1,1,1,0,1,1,1,1,1,4,8,1
10260,0:2:2;1:3:2;1:4:3,0,0,0,0,0,1,0,0,0,0,0,0,1,6
10261,0:2:2;1:3:2;1:4:3,0,1,0,0,0,1,0,0,0,0,0,0,2,6
10262,0:2:2;1:3:2;1:4:3,0,2,0,0,0,1,0,0,0,0,0,0,8,6
10263,0:2:2;1:3:2;1:4:3,0,3,0,0,0,1,0,0,0,0,0,0,8,6
10264,0:2:2;1:3:2;1:4:3,0,4,0,0,0,1,0,0,0,0,0,0,8,6
10265,0:2:2;1:3:2;1:4:3,0,5,0,0,0,1,0,0,0,0,0,0,8,6
10266,0:2:2;1:3:2;1:4:3,1,0,0,0,0,1,0,0,0,0,0,0,3,6
10267,0:2:2;1:3:2;1:4:3,1,1,0,0,0,1,0,0,0,0,0,0,6,6
10268,0:2:2;1:3:2;1:4:3,1,2,0,0,0,1,0,0,0,0,0,0,15,6
10269,0:2:2;1:3:2;1:4:3,1,3,0,0,0,1,0,0,0,0,0,0,15,6
10270,0:2:2;1:3:2;1:4:3,1,4,0,0,0,1,0,0,0,0,0,0,15,6
10271,0:2:2;1:3:2;1:4:3,1,5,0,0,0,1,0,0,0,0,0,0,15,6
10272,0:2:2;1:3:2;1:4:3,2,0,0,0,0,1,0,0,0,0,0,0,10,6
10273,0:2:2;1:3:2;1:4:3,2,1,0,0,0,1,0,0,0,0,0,0,15,6
10274,0:2:2;1:3:2;1:4:3,2,2,0,0,0,1,0,0,0,0,0,0,23,6
10275,0:2:2;1:3:2;1:4:3,2,3,0,0,0,1,0,0,0,0,0,0,23,6
10276,0:2:2;1:3:2;1:4:3,2,4,0,0,0,1,0,0,0,0,0,0,23,6
10277,0:2:2;1:3:2;1:4:3,2,5,0,0,0,1,0,0,0,0,0,0,23,6
10278,0:2:2;1:3:2;1:4:3,3,0,1,1,0,0,1,1,1,1,1,4,8,3
10279,0:2:2;1:3:2;1:4:3,3,1,1,1,1,0,1,1,1,1,1,4,8,3
10280,0:2:2;1:3:2;1:4:3,3,2,1,1,1,0,1,1,1,1,1,4,8,1
10281,0:2:2;1:3:2;1:4:3,3,3,1,1,1,0,1,1,1,1,1,4,8,1
10282,0:2:2;1:3:2;1:4:3,3,4,1,1,1,0,1,1,1,1,1,4,8,1
10283,0:2:2;1:3:2;1:4:3,3,5,1,1,1,0,1,1,1,1,1,4,8,1
10284,0:2:2;1:3:2;1:4:3,4,0,1,1,1,0,1,1,1,1,1,4,8,3
10285,0:2:2;1:3:2;1:4:3,4,1,1,1,1,0,1,1,1,1,1,4,8,3
10286,0:2:2;1:3:2;1:4:3,4,2,1,1,1,0,1,1,1,1,1,4,8,1
10287,0:2:2;1:3:2;1:4:3,4,3,1,1,1,0,1,1,1,1,1,4,8,1
10288,0:2:2;1:3:2;1:4:3,4,4,1,1,1,0,1,1,1,1,1,4,8,1
10289,0:2:2;1:3:2;1:4:3,4,5,1,1,1,0,1,1,1,1,1,4,8,1
10290,0:2:2;1:3:2;1:4:3,5,0,1,1,1,0,1,1,1,1,1,4,8,3
10291,0:2:2;1:3:2;1:4:3,5,1,1,1,1,0,1,1,1,1,1,4,8,3
10292,0:2:2;1:3:2;1:4:3,5,2,1,1,1,0,1,1,1,1,1,4,8,1
10293,0:2:2;1:3:2;1:4:3,5,3,1,1,1,0,1,1,1,1,1,4,8,1
10294,0:2:2;1:3:2;1:4:3,5,4,1,1,1,0,1,1,1,1,1,4,8,1
10295,0:2:2;1:3:2;1:4:3,5,5,1,1,1,0,1,1,1,1,1,4,8,1
10296,0:2:2;1:3:3;1:3:3,0,0,0,0,0,1,0,0,0,0,0,0,1,6
10297,0:2:2;1:3:3;1:3:3,0,1,0,0,0,1,0,0,0,0,0,0,2,6
10298,0:2:2;1:3:3;1:3:3,0,2,0,0,0,1,0,0,0,0,0,0,8,6
10299,0:2:2;1:3:3;1:3:3,0,3,0,0,0,1,0,0,0,0,0,0,8,6
10300,0:2:2;1:3:3;1:3:3,0,4,0,0,0,1,0,0,0,0,0,0,8,6
10301,0:2:2;1:3:3;1:3:3,0,5,0,0,0,1,0,0,0,0,0,0,8,6
10302,0:2:2;1:3:3;1:3:3,1,0,0,0,0,1,0,0,0,0,0,0,3,6
10303,0:2:2;1:3:3;1:3:3,1,1,0,0,0,1,0,0,0,0,0,0,6,6
10304,0:2:2;1:3:3;1:3:3,1,2,0,0,0,1,0,0,0,0,0,0,16,6
10305,0:2:2;1:3:3;1:3:3,1,3,0,0,0,1,0,0,0,0,0,0,16,6
10306,0:2:2;1:3:3;1:3:3,1,4,0,0,0,1,0,0,0,0,0,0,16,6
10307,0:2:2;1:3:3;1:3:3,1,5,0,0,0,1,0,0,0,0,0,0,16,6
10308,0:2:2;1:3:3;1:3:3,2,0,0,0,0,1,0,0,0,0,0,0,6,6
10309,0:2:2;1:3:3;1:3:3,2,1,0,0,0,1,0,0,0,0,0,0,12,6
10310,0:2:2;1:3:3;1:3:3,2,2,0,0,0,1,0,0,0,0,0,0,25,6
10311,0:2:2;1:3:3;1:3:3,2,3,0,0,0,1,0,0,0,0,0,0,25,6
10312,0:2:2;1:3:3;1:3:3,2,4,0,0,0,1,0,0,0,0,0,0,25,6
10313,0:2:2;1:3:3;1:3:3,2,5,0,0,0,1,0,0,0,0,0,0,25,6
10314,0:2:2;1:3:3;1:3:3,3,0,0,0,0,1,0,0,0,0,0,0,18,6
10315,0:2:2;1:3:3;1:3:3,3,1,0,0,0,1,0,0,0,0,0,0,26,6
10316,0:2:2;1:3:3;1:3:3,3,2,0,0,0,1,0,0,0,0,0,0,35,6
10317,0:2:2;1:3:3;1:3:3,3,3,0,0,0,1,0,0,0,0,0,0,35,6
10318,0:2:2;1:3:3;1:3:3,3,4,0,0,0,1,0,0,0,0,0,0,35,6
10319,0:2:2;1:3:3;1:3:3,3,5,0,0,0,1,0,0,0,0,0,0,35,6
10320,0:2:2;1:3:3;1:3:3,4,0,1,1,1,0,1,1,1,1,1,4,9,3
10321,0:2:2;1:3:3;1:3:3,4,1,1,1,1,0,1,1,1,1,1,4,9,3
10322,0:2:2;1:3:3;1:3:3,4,2,1,1,1,0,1,1,1,1,1,4,9,1
10323,0:2:2;1:3:3;1:3:3,4,3,1,1,1,0,1,1,1,1,1,4,9,1
10324,0:2:2;1:3:3;1:3:3,4,4,1,1,1,0,1,1,1,1,1,4,9,1
10325,0:2:2;1:3:3;1:3:3,4,5,1,1,1,0,1,1,1,1,1,4,9,1
10326,0:2:2;1:3:3;1:3:3,5,0,1,1,1,0,1,1,1,1,1,4,9,3
10327,0:2:2;1:3:3;1:3:3,5,1,1,1,1,0,1,1,1,1,1,4,9,3
10328,0:2:2;1:3:3;1:3:3,5,2,1,1,1,0,1,1,1,1,1,4,9,1
10329,0:2:2;1:3:3;1:3:3,5,3,1,1,1,0,1,1,1,1,1,4,9,1
10330,0:2:2;1:3:3;1:3:3,5,4,1,1,1,0,1,1,1,1,1,4,9,1
10331,0:2:2;1:3:3;1:3:3,5,5,1,1,1,0,1,1,1,1,1,4,9,1
10332,0:2:2;1:3:3;1:4:3,0,0,0,0,0,1,0,0,0,0,0,0,1,6
10333,0:2:2;1:3:3;1:4:3,0,1,0,0,0,1,0,0,0,0,0,0,2,6
10334,0:2:2;1:3:3;1:4:3,0,2,0,0,0,1,0,0,0,0,0,0,8,6
10335,0:2:2;1:3:3;1:4:3,0,3,0,0,0,1,0,0,0,0,0,0,8,6
10336,0:2:2;1:3:3;1:4:3,0,4,0,0,0,1,0,0,0,0,0,0,8,6
10337,0:2:2;1:3:3;1:4:3,0,5,0,0,0,1,0,0,0,0,0,0,8,6
10338,0:2:2;1:3:3;1:4:3,1,0,0,0,0,1,0,0,0,0,0,0,3,6
10339,0:2:2;1:3:3;1:4:3,1,1,0,0,0,1,0,0,0,0,0,0,6,6
10340,0:2:2;1:3:3;1:4:3,1,2,0,0,0,1,0,0,0,0,0,0,16,6
10341,0:2:2;1:3:3;1:4:3,1,3,0,0,0,1,0,0,0,0,0,0,16,6
10342,0:2:2;1:3:3;1:4:3,1,4,0,0,0,1,0,0,0,0,0,0,16,6
10343,0:2:2;1:3:3;1:4:3,1,5,0,0,0,1,0,0,0,0,0,0,16,6
10344,0:2:2;1:3:3;1:4:3,2,0,0,0,0,1,0,0,0,0,0,0,6,6
10345,0:2:2;1:3:3;1:4:3,2,1,0,0,0,1,0,0,0,0,0,0,12,6
10346,0:2:2;1:3:3;1:4:3,2,2,0,0,0,1,0,0,0,0,0,0,25,6
10347,0:2:2;1:3:3;1:4:3,2,3,0,0,0,1,0,0,0,0,0,0,25,6
10348,0:2:2;1:3:3;1:4:3,2,4,0,0,0,1,0,0,0,0,0,0,25,6
10349,0:2:2;1:3:3;1:4:3,2,5,0,0,0,1,0,0,0,0,0,0,25,6
10350,0:2:2;1:3:3;1:4:3,3,0,0,0,0,1,0,0,0,0,0,0,18,6
10351,0:2:2;1:3:3;1:4:3,3,1,0,0,0,1,0,0,0,0,0,0,26,6
10352,0:2:2;1:3:3;1:4:3,3,2,0,0,0,1,0,0,0,0,0,0,35,6
10353,0:2:2;1:3:3;1:4:3,3,3,0,0,0,1,0,0,0,0,0,0,35,6
10354,0:2:2;1:3:3;1:4:3,3,4,0,0,0,1,0,0,0,0,0,0,35,6
10355,0:2:2;1:3:3;1:4:3,3,5,0,0,0,1,0,0,0,0,0,0,35,6
10356,0:2:2;1:3:3;1:4:3,4,0,1,1,1,0,1,1,1,1,1,4,9,3
10357,0:2:2;1:3:3;1:4:3,4,1,1,1,1,0,1,1,1,1,1,4,9,3
10358,0:2:2;1:3:3;1:4:3,4,2,1,1,1,0,1,1,1,1,1,4,9,1
10359,0:2:2;1:3:3;1:4:3,4,3,1,1,1,0,1,1,1,1,1,4,9,1
10360,0:2:2;1:3:3;1:4:3,4,4,1,1,1,0,1,1,1,1,1,4,9,1
10361,0:2:2;1:3:3;1:4:3,4,5,1,1,1,0,1,1,1,1,1,4,9,1
10362,0:2:2;1:3:3;1:4:3,5,0,1,1,1,0,1,1,1,1,1,4,9,3
10363,0:2:2;1:3:3;1:4:3,5,1,1,1,1,0,1,1,1,1,1,4,9,3
10364,0:2:2;1:3:3;1:4:3,5,2,1,1,1,0,1,1,1,1,1,4,9,1
10365,0:2:2;1:3:3;1:4:3,5,3,1,1,1,0,1,1,1,1,1,4,9,1
10366,0:2:2;1:3:3;1:4:3,5,4,1,1,1,0,1,1,1,1,1,4,9,1
10367,0:2:2;1:3:3;1:4:3,5,5,1,1,1,0,1,1,1,1,1,4,9,1
10368,0:2:2;1:4:3;1:4:3,0,0,0,0,0,1,0,0,0,0,0,0,1,6
10369,0:2:2;1:4:3;1:4:3,0,1,0,0,0,1,0,0,0,0,0,0,2,6
10370,0:2:2;1:4:3;1:4:3,0,2,0,0,0,1,0,0,0,0,0,0,8,6
10371,0:2:2;1:4:3;1:4:3,0,3,0,0,0,1,0,0,0,0,0,0,8,6
10372,0:2:2;1:4:3;1:4:3,0,4,0,0,0,1,0,0,0,0,0,0,8,6
10373,0:2:2;1:4:3;1:4:3,0,5,0,0,0,1,0,0,0,0,0,0,8,6
10374,0:2:2;1:4:3;1:4:3,1,0,0,0,0,1,0,0,0,0,0,0,3,6
10375,0:2:2;1:4:3;1:4:3,1,1,0,0,0,1,0,0,0,0,0,0,6,6
10376,0:2:2;1:4:3;1:4:3,1,2,0,0,0,1,0,0,0,0,0,0,16,6
10377,0:2:2;1:4:3;1:4:3,1,3,0,0,0,1,0,0,0,0,0,0,16,6
10378,0:2:2;1:4:3;1:4:3,1,4,0,0,0,1,0,0,0,0,0,0,16,6
10379,0:2:2;1:4:3;1:4:3,1,5,0,0,0,1,0,0,0,0,0,0,16,6
10380,0:2:2;1:4:3;1:4:3,2,0,0,0,0,1,0,0,0,0,0,0,6,6
10381,0:2:2;1:4:3;1:4:3,2,1,0,0,0,1,0,0,0,0,0,0,12,6
10382,0:2:2;1:4:3;1:4:3,2,2,0,0,0,1,0,0,0,0,0,0,25,6
10383,0:2:2;1:4:3;1:4:3,2,3,0,0,0,1,0,0,0,0,0,0,25,6
10384,0:2:2;1:4:3;1:4:3,2,4,0,0,0,1,0,0,0,0,0,0,25,6
10385,0:2:2;1:4:3;1:4:3,2,5,0,0,0,1,0,0,0,0,0,0,25,6
10386,0:2:2;1:4:3;1:4:3,3,0,0,0,0,1,0,0,0,0,0,0,18,6
10387,0:2:2;1:4:3;1:4:3,3,1,0,0,0,1,0,0,0,0,0,0,26,6
10388,0:2:2;1:4:3;1:4:3,3,2,0,0,0,1,0,0,0,0,0,0,35,6
10389,0:2:2;1:4:3;1:4:3,3,3,0,0,0,1,0,0,0,0,0,0,35,6
10390,0:2:2;1:4:3;1:4:3,3,4,0,0,0,1,0,0,0,0,0,0,35,6
10391,0:2:2;1:4:3;1:4:3,3,5,0,0,0,1,0,0,0,0,0,0,35,6
10392,0:2:2;1:4:3;1:4:3,4,0,1,1,1,0,1,1,1,1,1,4,9,3
10393,0:2:2;1:4:3;1:4:3,4,1,1,1,1,0,1,1,1,1,1,4,9,3
10394,0:2:2;1:4:3;1:4:3,4,2,1,1,1,0,1,1,1,1,1,4,9,1
10395,0:2:2;1:4:3;1:4:3,4,3,1,1,1,0,1,1,1,1,1,4,9,1
10396,0:2:2;1:4:3;1:4:3,4,4,1,1,1,0,1,1,1,1,1,4,9,1
10397,0:2:2;1:4:3;1:4:3,4,5,1,1,1,0,1,1,1,1,1,4,9,1
10398,0:2:2;1:4:3;1:4:3,5,0,1,1,1,0,1,1,1,1,1,4,9,3
10399,0:2:2;1:4:3;1:4:3,5,1,1,1,1,0,1,1,1,1,1,4,9,3
10400,0:2:2;1:4:3;1:4:3,5,2,1,1,1,0,1,1,1,1,1,4,9,1
10401,0:2:2;1:4:3;1:4:3,5,3,1,1,1,0,1,1,1,1,1,4,9,1
10402,0:2:2;1:4:3;1:4:3,5,4,1,1,1,0,1,1,1,1,1,4,9,1
10403,0:2:2;1:4:3;1:4:3,5,5,1,1,1,0,1,1,1,1,1,4,9,1
10404,0:3:2;0:3:2;0:3:2,0,0,0,0,0,1,0,0,0,0,0,0,1,6
10405,0:3:2;0:3:2;0:3:2,0,1,0,0,0,1,0,0,0,0,0,0,4,6
10406,0:3:2;0:3:2;0:3:2,0,2,0,0,0,1,0,0,0,0,0,0,10,6
10407,0:3:2;0:3:2;0:3:2,0,3,0,0,0,1,0,0,0,0,0,0,17,6
10408,0:3:2;0:3:2;0:3:2,0,4,0,0,0,1,0,0,0,0,0,0,23,6
10409,0:3:2;0:3:2;0:3:2,0,5,0,0,0,1,0,0,0,0,0,0,26,6
10410,0:3:2;0:3:2;0:3:2,1,0,0,0,0,1,0,0,0,0,0,0,1,6
10411,0:3:2;0:3:2;0:3:2,1,1,0,0,0,1,0,0,0,0,0,0,4,6
10412,0:3:2;0:3:2;0:3:2,1,2,0,0,0,1,0,0,0,0,0,0,10,6
10413,0:3:2;0:3:2;0:3:2,1,3,0,0,0,1,0,0,0,0,0,0,17,6
10414,0:3:2;0:3:2;0:3:2,1,4,0,0,0,1,0,0,0,0,0,0,23,6
10415,0:3:2;0:3:2;0:3:2,1,5,0,0,0,1,0,0,0,0,0,0,26,6
10416,0:3:2;0:3:2;0:3:2,2,0,0,0,0,1,0,0,0,0,0,0,1,6
10417,0:3:2;0:3:2;0:3:2,2,1,0,0,0,1,0,0,0,0,0,0,4,6
10418,0:3:2;0:3:2;0:3:2,2,2,0,0,0,1,0,0,0,0,0,0,10,6
10419,0:3:2;0:3:2;0:3:2,2,3,0,0,0,1,0,0,0,0,0,0,17,6
10420,0:3:2;0:3:2;0:3:2,2,4,0,0,0,1,0,0,0,0,0,0,23,6
10421,0:3:2;0:3:2;0:3:2,2,5,0,0,0,1,0,0,0,0,0,0,26,6
10422,0:3:2;0:3:2;0:3:2,3,0,0,0,0,1,0,0,0,0,0,0,1,6
10423,0:3:2;0:3:2;0:3:2,3,1,0,0,0,1,0,0,0,0,0,0,4,6
10424,0:3:2;0:3:2;0:3:2,3,2,0,0,0,1,0,0,0,0,0,0,10,6
10425,0:3:2;0:3:2;0:3:2,3,3,0,0,0,1,0,0,0,0,0,0,17,6
10426,0:3:2;0:3:2;0:3:2,3,4,0,0,0,1,0,0,0,0,0,0,23,6
10427,0:3:2;0:3:2;0:3:2,3,5,0,0,0,1,0,0,0,0,0,0,26,6
10428,0:3:2;0:3:2;0:3:2,4,0,0,0,0,1,0,0,0,0,0,0,1,6
10429,0:3:2;0:3:2;0:3:2,4,1,0,0,0,1,0,0,0,0,0,0,4,6
10430,0:3:2;0:3:2;0:3:2,4,2,0,0,0,1,0,0,0,0,0,0,10,6
10431,0:3:2;0:3:2;0:3:2,4,3,0,0,0,1,0,0,0,0,0,0,17,6
10432,0:3:2;0:3:2;0:3:2,4,4,0,0,0,1,0,0,0,0,0,0,23,6
10433,0:3:2;0:3:2;0:3:2,4,5,0,0,0,1,0,0,0,0,0,0,26,6
10434,0:3:2;0:3:2;0:3:2,5,0,0,0,0,1,0,0,0,0,0,0,1,6
10435,0:3:2;0:3:2;0:3:2,5,1,0,0,0,1,0,0,0,0,0,0,4,6
10436,0:3:2;0:3:2;0:3:2,5,2,0,0,0,1,0,0,0,0,0,0,10,6
10437,0:3:2;0:3:2;0:3:2,5,3,0,0,0,1,0,0,0,0,0,0,17,6
10438,0:3:2;0:3:2;0:3:2,5,4,0,0,0,1,0,0,0,0,0,0,23,6
10439,0:3:2;0:3:2;0:3:2,5,5,0,0,0,1,0,0,0,0,0,0,26,6
10440,0:3:2;0:3:2;0:3:3,0,0,0,0,0,1,0,0,0,0,0,0,1,6
10441,0:3:2;0:3:2;0:3:3,0,1,0,0,0,1,0,0,0,0,0,0,4,6
10442,0:3:2;0:3:2;0:3:3,0,2,0,0,0,1,0,0,0,0,0,0,10,6
10443,0:3:2;0:3:2;0:3:3,0,3,0,0,0,1,0,0,0,0,0,0,18,6
10444,0:3:2;0:3:2;0:3:3,0,4,0,0,0,1,0,0,0,0,0,0,26,6
10445,0:3:2;0:3:2;0:3:3,0,5,0,0,0,1,0,0,0,0,0,0,32,6
10446,0:3:2;0:3:2;0:3:3,1,0,0,0,0,1,0,0,0,0,0,0,1,6
10447,0:3:2;0:3:2;0:3:3,1,1,0,0,0,1,0,0,0,0,0,0,4,6
10448,0:3:2;0:3:2;0:3:3,1,2,0,0,0,1,0,0,0,0,0,0,10,6
10449,0:3:2;0:3:2;0:3:3,1,3,0,0,0,1,0,0,0,0,0,0,18,6
10450,0:3:2;0:3:2;0:3:3,1,4,0,0,0,1,0,0,0,0,0,0,26,6
10451,0:3:2;0:3:2;0:3:3,1,5,0,0,0,1,0,0,0,0,0,0,32,6
10452,0:3:2;0:3:2;0:3:3,2,0,0,0,0,1,0,0,0,0,0,0,1,6
10453,0:3:2;0:3:2;0:3:3,2,1,0,0,0,1,0,0,0,0,0,0,4,6
10454,0:3:2;0:3:2;0:3:3,2,2,0,0,0,1,0,0,0,0,0,0,10,6
10455,0:3:2;0:3:2;0:3:3,2,3,0,0,0,1,0,0,0,0,0,0,18,6
10456,0:3:2;0:3:2;0:3:3,2,4,0,0,0,1,0,0,0,0,0,0,26,6
10457,0:3:2;0:3:2;0:3:3,2,5,0,0,0,1,0,0,0,0,0,0,32,6
10458,0:3:2;0:3:2;0:3:3,3,0,0,0,0,1,0,0,0,0,0,0,1,6
10459,0:3:2;0:3:2;0:3:3,3,1,0,0,0,1,0,0,0,0,0,0,4,6
10460,0:3:2;0:3:2;0:3:3,3,2,0,0,0,1,0,0,0,0,0,0,10,6
10461,0:3:2;0:3:2;0:3:3,3,3,0,0,0,1,0,0,0,0,0,0,18,6
10462,0:3:2;0:3:2;0:3:3,3,4,0,0,0,1,0,0,0,0,0,0,26,6
10463,0:3:2;0:3:2;0:3:3,3,5,0,0,0,1,0,0,0,0,0,0,32,6
10464,0:3:2;0:3:2;0:3:3,4,0,0,0,0,1,0,0,0,0,0,0,1,6
10465,0:3:2;0:3:2;0:3:3,4,1,0,0,0,1,0,0,0,0,0,0,4,6
10466,0:3:2;0:3:2;0:3:3,4,2,0,0,0,1,0,0,0,0,0,0,10,6
10467,0:3:2;0:3:2;0:3:3,4,3,0,0,0,1,0,0,0,0,0,0,18,6
10468,0:3:2;0:3:2;0:3:3,4,4,0,0,0,1,0,0,0,0,0,0,26,6
10469,0:3:2;0:3:2;0:3:3,4,5,0,0,0,1,0,0,0,0,0,0,32,6
10470,0:3:2;0:3:2;0:3:3,5,0,0,0,0,1,0,0,0,0,0,0,1,6
10471,0:3:2;0:3:2;0:3:3,5,1,0,0,0,1,0,0,0,0,0,0,4,6
10472,0:3:2;0:3:2;0:3:3,5,2,0,0,0,1,0,0,0,0,0,0,10,6
10473,0:3:2;0:3:2;0:3:3,5,3,0,0,0,1,0,0,0,0,0,0,18,6
10474,0:3:2;0:3:2;0:3:3,5,4,0,0,0,1,0,0,0,0,0,0,26,6
10475,0:3:2;0:3:2;0:3:3,5,5,0,0,0,1,0,0,0,0,0,0,32,6
10476,0:3:2;0:3:2;0:4:3,0,0,0,0,0,1,0,0,0,0,0,0,1,6
10477,0:3:2;0:3:2;0:4:3,0,1,0,0,0,1,0,0,0,0,0,0,4,6
10478,0:3:2;0:3:2;0:4:3,0,2,0,0,0,1,0,0,0,0,0,0,10,6
10479,0:3:2;0:3:2;0:4:3,0,3,0,0,0,1,0,0,0,0,0,0,18,6
10480,0:3:2;0:3:2;0:4:3,0,4,0,0,0,1,0,0,0,0,0,0,26,6
10481,0:3:2;0:3:2;0:4:3,0,5,0,0,0,1,0,0,0,0,0,0,32,6
10482,0:3:2;0:3:2;0:4:3,1,0,0,0,0,1,0,0,0,0,0,0,1,6
10483,0:3:2;0:3:2;0:4:3,1,1,0,0,0,1,0,0,0,0,0,0,4,6
10484,0:3:2;0:3:2;0:4:3,1,2,0,0,0,1,0,0,0,0,0,0,10,6
10485,0:3:2;0:3:2;0:4:3,1,3,0,0,0,1,0,0,0,0,0,0,18,6
10486,0:3:2;0:3:2;0:4:3,1,4,0,0,0,1,0,0,0,0,0,0,26,6
10487,0:3:2;0:3:2;0:4:3,1,5,0,0,0,1,0,0,0,0,0,0,32,6
10488,0:3:2;0:3:2;0:4:3,2,0,0,0,0,1,0,0,0,0,0,0,1,6
10489,0:3:2;0:3:2;0:4:3,2,1,0,0,0,1,0,0,0,0,0,0,4,6
10490,0:3:2;0:3:2;0:4:3,2,2,0,0,0,1,0,0,0,0,0,0,10,6
10491,0:3:2;0:3:2;0:4:3,2,3,0,0,0,1,0,0,0,0,0,0,18,6
10492,0:3:2;0:3:2;0:4:3,2,4,0,0,0,1,0,0,0,0,0,0,26,6
10493,0:3:2;0:3:2;0:4:3,2,5,0,0,0,1,0,0,0,0,0,0,32,6
10494,0:3:2;0:3:2;0:4:3,3,0,0,0,0,1,0,0,0,0,0,0,1,6
10495,0:3:2;0:3:2;0:4:3,3,1,0,0,0,1,0,0,0,0,0,0,4,6
10496,0:3:2;0:3:2;0:4:3,3,2,0,0,0,1,0,0,0,0,0,0,10,6
10497,0:3:2;0:3:2;0:4:3,3,3,0,0,0,1,0,0,0,0,0,0,18,6
10498,0:3:2;0:3:2;0:4:3,3,4,0,0,0,1,0,0,0,0,0,0,26,6
10499,0:3:2;0:3:2;0:4:3,3,5,0,0,0,1,0,0,0,0,0,0,32,6
10500,0:3:2;0:3:2;0:4:3,4,0,0,0,0,1,0,0,0,0,0,0,1,6
10501,0:3:2;0:3:2;0:4:3,4,1,0,0,0,1,0,0,0,0,0,0,4,6
10502,0:3:2;0:3:2;0:4:3,4,2,0,0,0,1,0,0,0,0,0,0,10,6
10503,0:3:2;0:3:2;0:4:3,4,3,0,0,0,1,0,0,0,0,0,0,18,6
10504,0:3:2;0:3:2;0:4:3,4,4,0,0,0,1,0,0,0,0,0,0,26,6
10505,0:3:2;0:3:2;0:4:3,4,5,0,0,0,1,0,0,0,0,0,0,32,6
10506,0:3:2;0:3:2;0:4:3,5,0,0,0,0,1,0,0,0,0,0,0,1,6
10507,0:3:2;0:3:2;0:4:3,5,1,0,0,0,1,0,0,0,0,0,0,4,6
10508,0:3:2;0:3:2;0:4:3,5,2,0,0,0,1,0,0,0,0,0,0,10,6
10509,0:3:2;0:3:2;0:4:3,5,3,0,0,0,1,0,0,0,0,0,0,18,6
10510,0:3:2;0:3:2;0:4:3,5,4,0,0,0,1,0,0,0,0,0,0,26,6
10511,0:3:2;0:3:2;0:4:3,5,5,0,0,0,1,0,0,0,0,0,0,32,6
10512,0:3:2;0:3:2;1:1:1,0,0,0,0,0,1,0,0,0,0,0,0,1,6
10513,0:3:2;0:3:2;1:1:1,0,1,0,0,0,1,0,0,0,0,0,0,3,6
10514,0:3:2;0:3:2;1:1:1,0,2,0,0,0,1,0,0,0,0,0,0,10,6
10515,0:3:2;0:3:2;1:1:1,0,3,1,1,1,0,1,1,1,1,1,4,6,2
10516,0:3:2;0:3:2;1:1:1,0,4,1,1,1,0,1,1,1,1,1,4,6,1
10517,0:3:2;0:3:2;1:1:1,0,5,1,1,1,0,1,1,1,1,1,4,6,1
10518,0:3:2;0:3:2;1:1:1,1,0,0,0,0,1,0,0,0,0,0,0,4,6
10519,0:3:2;0:3:2;1:1:1,1,1,0,0,0,1,0,0,0,0,0,0,9,6
10520,0:3:2;0:3:2;1:1:1,1,2,0,0,0,1,0,0,0,0,0,0,14,6
10521,0:3:2;0:3:2;1:1:1,1,3,1,1,1,0,1,1,1,1,1,4,6,2
10522,0:3:2;0:3:2;1:1:1,1,4,1,1,1,0,1,1,1,1,1,4,6,1
10523,0:3:2;0:3:2;1:1:1,1,5,1,1,1,0,1,1,1,1,1,4,6,1
10524,0:3:2;0:3:2;1:1:1,2,0,0,0,0,1,0,0,0,0,0,0,4,6
10525,0:3:2;0:3:2;1:1:1,2,1,0,0,0,1,0,0,0,0,0,0,9,6
10526,0:3:2;0:3:2;1:1:1,2,2,0,0,0,1,0,0,0,0,0,0,14,6
10527,0:3:2;0:3:2;1:1:1,2,3,1,1,1,0,1,1,1,1,1,4,6,2
10528,0:3:2;0:3:2;1:1:1,2,4,1,1,1,0,1,1,1,1,1,4,6,1
10529,0:3:2;0:3:2;1:1:1,2,5,1,1,1,0,1,1,1,1,1,4,6,1
10530,0:3:2;0:3:2;1:1:1,3,0,0,0,0,1,0,0,0,0,0,0,4,6
10531,0:3:2;0:3:2;1:1:1,3,1,0,0,0,1,0,0,0,0,0,0,9,6
10532,0:3:2;0:3:2;1:1:1,3,2,0,0,0,1,0,0,0,0,0,0,14,6
10533,0:3:2;0:3:2;1:1:1,3,3,1,1,1,0,1,1,1,1,1,4,6,2
10534,0:3:2;0:3:2;1:1:1,3,4,1,1,1,0,1,1,1,1,1,4,6,1
10535,0:3:2;0:3:2;1:1:1,3,5,1,1,1,0,1,1,1,1,1,4,6,1
10536,0:3:2;0:3:2;1:1:1,4,0,0,0,0,1,0,0,0,0,0,0,4,6
10537,0:3:2;0:3:2;1:1:1,4,1,0,0,0,1,0,0,0,0,0,0,9,6
10538,0:3:2;0:3:2;1:1:1,4,2,0,0,0,1,0,0,0,0,0,0,14,6
10539,0:3:2;0:3:2;1:1:1,4,3,1,1,1,0,1,1,1,1,1,4,6,2
10540,0:3:2;0:3:2;1:1:1,4,4,1,1,1,0,1,1,1,1,1,4,6,1
10541,0:3:2;0:3:2;1:1:1,4,5,1,1,1,0,1,1,1,1,1,4,6,1
10542,0:3:2;0:3:2;1:1:1,5,0,0,0,0,1,0,0,0,0,0,0,4,6
10543,0:3:2;0:3:2;1:1:1,5,1,0,0,0,1,0,0,0,0,0,0,9,6
10544,0:3:2;0:3:2;1:1:1,5,2,0,0,0,1,0,0,0,0,0,0,14,6
10545,0:3:2;0:3:2;1:1:1,5,3,1,1,1,0,1,1,1,1,1,4,6,2
10546,0:3:2;0:3:2;1:1:1,5,4,1,1,1,0,1,1,1,1,1,4,6,1
10547,0:3:2;0:3:2;1:1:1,5,5,1,1,1,0,1,1,1,1,1,4,6,1
10548,0:3:2;0:3:2;1:2:1,0,0,0,0,0,1,0,0,0,0,0,0,1,6
10549,0:3:2;0:3:2;1:2:1,0,1,0,0,0,1,0,0,0,0,0,0,3,6
10550,0:3:2;0:3:2;1:2:1,0,2,1,1,1,0,1,1,1,1,1,4,6,2
10551,0:3:2;0:3:2;1:2:1,0,3,1,1,1,0,1,1,1,1,1,4,6,2
10552,0:3:2;0:3:2;1:2:1,0,4,1,1,1,0,1,1,1,1,1,4,6,1
10553,0:3:2;0:3:2;1:2:1,0,5,1,1,1,0,1,1,1,1,1,4,6,1
10554,0:3:2;0:3:2;1:2:1,1,0,0,0,0,1,0,0,0,0,0,0,7,6
10555,0:3:2;0:3:2;1:2:1,1,1,0,0,0,1,0,0,0,0,0,0,11,6
10556,0:3:2;0:3:2;1:2:1,1,2,1,1,1,0,1,1,1,1,1,4,6,2
10557,0:3:2;0:3:2;1:2:1,1,3,1,1,1,0,1,1,1,1,1,4,6,2
10558,0:3:2;0:3:2;1:2:1,1,4,1,1,1,0,1,1,1,1,1,4,6,1
10559,0:3:2;0:3:2;1:2:1,1,5,1,1,1,0,1,1,1,1,1,4,6,1
10560,0:3:2;0:3:2;1:2:1,2,0,0,0,0,1,0,0,0,0,0,0,7,6
10561,0:3:2;0:3:2;1:2:1,2,1,0,0,0,1,0,0,0,0,0,0,11,6
10562,0:3:2;0:3:2;1:2:1,2,2,1,1,1,0,1,1,1,1,1,4,6,2
10563,0:3:2;0:3:2;1:2:1,2,3,1,1,1,0,1,1,1,1,1,4,6,2
10564,0:3:2;0:3:2;1:2:1,2,4,1,1,1,0,1,1,1,1,1,4,6,1
10565,0:3:2;0:3:2;1:2:1,2,5,1,1,1,0,1,1,1,1,1,4,6,1
10566,0:3:2;0:3:2;1:2:1,3,0,0,0,0,1,0,0,0,0,0,0,7,6
10567,0:3:2;0:3:2;1:2:1,3,1,0,0,0,1,0,0,0,0,0,0,11,6
10568,0:3:2;0:3:2;1:2:1,3,2,1,1,1,0,1,1,1,1,1,4,6,2
10569,0:3:2;0:3:2;1:2:1,3,3,1,1,1,0,1,1,1,1,1,4,6,2
10570,0:3:2;0:3:2;1:2:1,3,4,1,1,1,0,1,1,1,1,1,4,6,1
10571,0:3:2;0:3:2;1:2:1,3,5,1,1,1,0,1,1,1,1,1,4,6,1
10572,0:3:2;0:3:2;1:2:1,4,0,0,0,0,1,0,0,0,0,0,0,7,6
10573,0:3:2;0:3:2;1:2:1,4,1,0,0,0,1,0,0,0,0,0,0,11,6
10574,0:3:2;0:3:2;1:2:1,4,2,1,1,1,0,1,1,1,1,1,4,6,2
10575,0:3:2;0:3:2;1:2:1,4,3,1,1,1,0,1,1,1,1,1,4,6,2
10576,0:3:2;0:3:2;1:2:1,4,4,1,1,1,0,1,1,1,1,1,4,6,1
10577,0:3:2;0:3:2;1:2:1,4,5,1,1,1,0,1,1,1,1,1,4,6,1
10578,0:3:2;0:3:2;1:2:1,5,0,0,0,0,1,0,0,0,0,0,0,7,6
10579,0:3:2;0:3:2;1:2:1,5,1,0,0,0,1,0,0,0,0,0,0,11,6
10580,0:3:2;0:3:2;1:2:1,5,2,1,1,1,0,1,1,1,1,1,4,6,2
10581,0:3:2;0:3:2;1:2:1,5,3,1,1,1,0,1,1,1,1,1,4,6,2
10582,0:3:2;0:3:2;1:2:1,5,4,1,1,1,0,1,1,1,1,1,4,6,1
10583,0:3:2;0:3:2;1:2:1,5,5,1,1,1,0,1,1,1,1,1,4,6,1
10584,0:3:2;0:3:2;1:2:2,0,0,0,0,0,1,0,0,0,0,0,0,1,6
10585,0:3:2;0:3:2;1:2:2,0,1,0,0,0,1,0,0,0,0,0,0,3,6
10586,0:3:2;0:3:2;1:2:2,0,2,1,1,0,0,1,1,1,1,1,4,7,2
10587,0:3:2;0:3:2;1:2:2,0,3,1,1,1,0,1,1,1,1,1,4,7,2
10588,0:3:2;0:3:2;1:2:2,0,4,1,1,1,0,1,1,1,1,1,4,7,1
10589,0:3:2;0:3:2;1:2:2,0,5,1,1,1,0,1,1,1,1,1,4,7,1
10590,0:3:2;0:3:2;1:2:2,1,0,0,0,0,1,0,0,0,0,0,0,2,6
10591,0:3:2;0:3:2;1:2:2,1,1,0,0,0,1,0,0,0,0,0,0,6,6
10592,0:3:2;0:3:2;1:2:2,1,2,1,1,1,0,1,1,1,1,1,4,7,2
10593,0:3:2;0:3:2;1:2:2,1,3,1,1,1,0,1,1,1,1,1,4,7,2
10594,0:3:2;0:3:2;1:2:2,1,4,1,1,1,0,1,1,1,1,1,4,7,1
10595,0:3:2;0:3:2;1:2:2,1,5,1,1,1,0,1,1,1,1,1,4,7,1
10596,0:3:2;0:3:2;1:2:2,2,0,0,0,0,1,0,0,0,0,0,0,8,6
10597,0:3:2;0:3:2;1:2:2,2,1,0,0,0,1,0,0,0,0,0,0,14,6
10598,0:3:2;0:3:2;1:2:2,2,2,1,1,1,0,1,1,1,1,1,4,7,2
10599,0:3:2;0:3:2;1:2:2,2,3,1,1,1,0,1,1,1,1,1,4,7,2
10600,0:3:2;0:3:2;1:2:2,2,4,1,1,1,0,1,1,1,1,1,4,7,1
10601,0:3:2;0:3:2;1:2:2,2,5,1,1,1,0,1,1,1,1,1,4,7,1
10602,0:3:2;0:3:2;1:2:2,3,0,0,0,0,1,0,0,0,0,0,0,8,6
10603,0:3:2;0:3:2;1:2:2,3,1,0,0,0,1,0,0,0,0,0,0,14,6
10604,0:3:2;0:3:2;1:2:2,3,2,1,1,1,0,1,1,1,1,1,4,7,2
10605,0:3:2;0:3:2;1:2:2,3,3,1,1,1,0,1,1,1,1,1,4,7,2
10606,0:3:2;0:3:2;1:2:2,3,4,1,1,1,0,1,1,1,1,1,4,7,1
10607,0:3:2;0:3:2;1:2:2,3,5,1,1,1,0,1,1,1,1,1,4,7,1
10608,0:3:2;0:3:2;1:2:2,4,0,0,0,0,1,0,0,0,0,0,0,8,6
10609,0:3:2;0:3:2;1:2:2,4,1,0,0,0,1,0,0,0,0,0,0,14,6
10610,0:3:2;0:3:2;1:2:2,4,2,1,1,1,0,1,1,1,1,1,4,7,2
10611,0:3:2;0:3:2;1:2:2,4,3,1,1,1,0,1,1,1,1,1,4,7,2
10612,0:3:2;0:3:2;1:2:2,4,4,1,1,1,0,1,1,1,1,1,4,7,1
10613,0:3:2;0:3:2;1:2:2,4,5,1,1,1,0,1,1,1,1,1,4,7,1
10614,0:3:2;0:3:2;1:2:2,5,0,0,0,0,1,0,0,0,0,0,0,8,6
10615,0:3:2;0:3:2;1:2:2,5,1,0,0,0,1,0,0,0,0,0,0,14,6
10616,0:3:2;0:3:2;1:2:2,5,2,1,1,1,0,1,1,1,1,1,4,7,2
10617,0:3:2;0:3:2;1:2:2,5,3,1,1,1,0,1,1,1,1,1,4,7,2
10618,0:3:2;0:3:2;1:2:2,5,4,1,1,1,0,1,1,1,1,1,4,7,1
10619,0:3:2;0:3:2;1:2:2,5,5,1,1,1,0,1,1,1,1,1,4,7,1
10620,0:3:2;0:3:2;1:3:2,0,0,0,0,0,1,0,0,0,0,0,0,1,6
10621,0:3:2;0:3:2;1:3:2,0,1,1,0,0,1,0,0,0,0,0,1,3,6
10622,0:3:2;0:3:2;1:3:2,0,2,1,1,0,0,1,1,1,1,1,4,7,2
10623,0:3:2;0:3:2;1:3:2,0,3,1,1,1,0,1,1,1,1,1,4,7,2
10624,0:3:2;0:3:2;1:3:2,0,4,1,1,1,0,1,1,1,1,1,4,7,1
10625,0:3:2;0:3:2;1:3:2,0,5,1,1,1,0,1,1,1,1,1,4,7,1
10626,0:3:2;0:3:2;1:3:2,1,0,0,0,0,1,0,0,0,0,0,0,2,6
10627,0:3:2;0:3:2;1:3:2,1,1,1,0,0,1,0,0,0,0,0,1,6,6
10628,0:3:2;0:3:2;1:3:2,1,2,1,1,1,0,1,1,1,1,1,4,7,2
10629,0:3:2;0:3:2;1:3:2,1,3,1,1,1,0,1,1,1,1,1,4,7,2
10630,0:3:2;0:3:2;1:3:2,1,4,1,1,1,0,1,1,1,1,1,4,7,1
10631,0:3:2;0:3:2;1:3:2,1,5,1,1,1,0,1,1,1,1,1,4,7,1
10632,0:3:2;0:3:2;1:3:2,2,0,0,0,0,1,0,0,0,0,0,0,10,6
10633,0:3:2;0:3:2;1:3:2,2,1,1,1,1,0,1,1,1,1,1,4,7,5
10634,0:3:2;0:3:2;1:3:2,2,2,1,1,1,0,1,1,1,1,1,4,7,2
10635,0:3:2;0:3:2;1:3:2,2,3,1,1,1,0,1,1,1,1,1,4,7,2
10636,0:3:2;0:3:2;1:3:2,2,4,1,1,1,0,1,1,1,1,1,4,7,1
10637,0:3:2;0:3:2;1:3:2,2,5,1,1,1,0,1,1,1,1,1,4,7,1
10638,0:3:2;0:3:2;1:3:2,3,0,0,0,0,1,0,0,0,0,0,0,10,6
10639,0:3:2;0:3:2;1:3:2,3,1,1,1,1,0,1,1,1,1,1,4,7,5
10640,0:3:2;0:3:2;1:3:2,3,2,1,1,1,0,1,1,1,1,1,4,7,2
10641,0:3:2;0:3:2;1:3:2,3,3,1,1,1,0,1,1,1,1,1,4,7,2
10642,0:3:2;0:3:2;1:3:2,3,4,1,1,1,0,1,1,1,1,1,4,7,1
10643,0:3:2;0:3:2;1:3:2,3,5,1,1,1,0,1,1,1,1,1,4,7,1
10644,0:3:2;0:3:2;1:3:2,4,0,0,0,0,1,0,0,0,0,0,0,10,6
10645,0:3:2;0:3:2;1:3:2,4,1,1,1,1,0,1,1,1,1,1,4,7,5
10646,0:3:2;0:3:2;1:3:2,4,2,1,1,1,0,1,1,1,1,1,4,7,2
10647,0:3:2;0:3:2;1:3:2,4,3,1,1,1,0,1,1,1,1,1,4,7,2
10648,0:3:2;0:3:2;1:3:2,4,4,1,1,1,0,1,1,1,1,1,4,7,1
10649,0:3:2;0:3:2;1:3:2,4,5,1,1,1,0,1,1,1,1,1,4,7,1
10650,0:3:2;0:3:2;1:3:2,5,0,0,0,0,1,0,0,0,0,0,0,10,6
10651,0:3:2;0:3:2;1:3:2,5,1,1,1,1,0,1,1,1,1,1,4,7,5
10652,0:3:2;0:3:2;1:3:2,5,2,1,1,1,0,1,1,1,1,1,4,7,2
10653,0:3:2;0:3:2;1:3:2,5,3,1,1,1,0,1,1,1,1,1,4,7,2
10654,0:3:2;0:3:2;1:3:2,5,4,1,1,1,0,1,1,1,1,1,4,7,1
10655,0:3:2;0:3:2;1:3:2,5,5,1,1,1,0,1,1,1,1,1,4,7,1
10656,0:3:2;0:3:2;1:3:3,0,0,0,0,0,1,0,0,0,0,0,0,1,6
10657,0:3:2;0:3:2;1:3:3,0,1,1,0,0,1,0,0,0,0,0,1,3,6
10658,0:3:2;0:3:2;1:3:3,0,2,1,1,0,0,1,1,1,1,1,4,8,2
10659,0:3:2;0:3:2;1:3:3,0,3,1,1,0,0,1,1,1,1,1,4,8,2
10660,0:3:2;0:3:2;1:3:3,0,4,1,1,1,0,1,1,1,1,1,4,8,1
10661,0:3:2;0:3:2;1:3:3,0,5,1,1,1,0,1,1,1,1,1,4,8,1
10662,0:3:2;0:3:2;1:3:3,1,0,0,0,0,1,0,0,0,0,0,0,2,6
10663,0:3:2;0:3:2;1:3:3,1,1,1,0,0,1,0,0,0,0,0,1,6,6
10664,0:3:2;0:3:2;1:3:3,1,2,1,1,0,0,1,1,1,1,1,4,8,2
10665,0:3:2;0:3:2;1:3:3,1,3,1,1,1,0,1,1,1,1,1,4,8,2
10666,0:3:2;0:3:2;1:3:3,1,4,1,1,1,0,1,1,1,1,1,4,8,1
10667,0:3:2;0:3:2;1:3:3,1,5,1,1,1,0,1,1,1,1,1,4,8,1
10668,0:3:2;0:3:2;1:3:3,2,0,0,0,0,1,0,0,0,0,0,0,3,6
10669,0:3:2;0:3:2;1:3:3,2,1,1,0,0,1,0,0,0,0,0,1,9,6
10670,0:3:2;0:3:2;1:3:3,2,2,1,1,1,0,1,1,1,1,1,4,8,2
10671,0:3:2;0:3:2;1:3:3,2,3,1,1,1,0,1,1,1,1,1,4,8,2
10672,0:3:2;0:3:2;1:3:3,2,4,1,1,1,0,1,1,1,1,1,4,8,1
10673,0:3:2;0:3:2;1:3:3,2,5,1,1,1,0,1,1,1,1,1,4,8,1
10674,0:3:2;0:3:2;1:3:3,3,0,0,0,0,1,0,0,0,0,0,0,11,6
10675,0:3:2;0:3:2;1:3:3,3,1,1,1,1,0,1,1,1,1,1,4,8,5
10676,0:3:2;0:3:2;1:3:3,3,2,1,1,1,0,1,1,1,1,1,4,8,2
10677,0:3:2;0:3:2;1:3:3,3,3,1,1,1,0,1,1,1,1,1,4,8,2
10678,0:3:2;0:3:2;1:3:3,3,4,1,1,1,0,1,1,1,1,1,4,8,1
10679,0:3:2;0:3:2;1:3:3,3,5,1,1,1,0,1,1,1,1,1,4,8,1
10680,0:3:2;0:3:2;1:3:3,4,0,0,0,0,1,0,0,0,0,0,0,11,6
10681,0:3:2;0:3:2;1:3:3,4,1,1,1,1,0,1,1,1,1,1,4,8,5
10682,0:3:2;0:3:2;1:3:3,4,2,1,1,1,0,1,1,1,1,1,4,8,2
10683,0:3:2;0:3:2;1:3:3,4,3,1,1,1,0,1,1,1,1,1,4,8,2
10684,0:3:2;0:3:2;1:3:3,4,4,1,1,1,0,1,1,1,1,1,4,8,1
10685,0:3:2;0:3:2;1:3:3,4,5,1,1,1,0,1,1,1,1,1,4,8,1
10686,0:3:2;0:3:2;1:3:3,5,0,0,0,0,1,0,0,0,0,0,0,11,6
10687,0:3:2;0:3:2;1:3:3,5,1,1,1,1,0,1,1,1,1,1,4,8,5
10688,0:3:2;0:3:2;1:3:3,5,2,1,1,1,0,1,1,1,1,1,4,8,2
10689,0:3:2;0:3:2;1:3:3,5,3,1,1,1,0,1,1,1,1,1,4,8,2
10690,0:3:2;0:3:2;1:3:3,5,4,1,1,1,0,1,1,1,1,1,4,8,1
10691,0:3:2;0:3:2;1:3:3,5,5,1,1,1,0,1,1,1,1,1,4,8,1
10692,0:3:2;0:3:2;1:4:3,0,0,1,0,0,1,0,0,0,0,0,1,1,6
10693,0:3:2;0:3:2;1:4:3,0,1,1,0,0,1,0,0,0,0,0,1,3,6
10694,0:3:2;0:3:2;1:4:3,0,2,1,1,0,0,1,1,1,1,1,4,8,2
10695,0:3:2;0:3:2;1:4:3,0,3,1,1,0,0,1,1,1,1,1,4,8,2
10696,0:3:2;0:3:2;1:4:3,0,4,1,1,1,0,1,1,1,1,1,4,8,1
10697,0:3:2;0:3:2;1:4:3,0,5,1,1,1,0,1,1,1,1,1,4,8,1
10698,0:3:2;0:3:2;1:4:3,1,0,1,0,0,1,0,0,0,0,0,1,2,6
10699,0:3:2;0:3:2;1:4:3,1,1,1,0,0,1,0,0,0,0,0,1,6,6
10700,0:3:2;0:3:2;1:4:3,1,2,1,1,0,0,1,1,1,1,1,4,8,2
10701,0:3:2;0:3:2;1:4:3,1,3,1,1,1,0,1,1,1,1,1,4,8,2
10702,0:3:2;0:3:2;1:4:3,1,4,1,1,1,0,1,1,1,1,1,4,8,1
10703,0:3:2;0:3:2;1:4:3,1,5,1,1,1,0,1,1,1,1,1,4,8,1
10704,0:3:2;0:3:2;1:4:3,2,0,1,0,0,1,0,0,0,0,0,1,3,6
10705,0:3:2;0:3:2;1:4:3,2,1,1,0,0,1,0,0,0,0,0,1,9,6
10706,0:3:2;0:3:2;1:4:3,2,2,1,1,1,0,1,1,1,1,1,4,8,2
10707,0:3:2;0:3:2;1:4:3,2,3,1,1,1,0,1,1,1,1,1,4,8,2
10708,0:3:2;0:3:2;1:4:3,2,4,1,1,1,0,1,1,1,1,1,4,8,1
10709,0:3:2;0:3:2;1:4:3,2,5,1,1,1,0,1,1,1,1,1,4,8,1
10710,0:3:2;0:3:2;1:4:3,3,0,1,1,0,0,1,1,1,1,1,4,8,5
10711,0:3:2;0:3:2;1:4:3,3,1,1,1,1,0,1,1,1,1,1,4,8,5
10712,0:3:2;0:3:2;1:4:3,3,2,1,1,1,0,1,1,1,1,1,4,8,2
10713,0:3:2;0:3:2;1:4:3,3,3,1,1,1,0,1,1,1,1,1,4,8,2
10714,0:3:2;0:3:2;1:4:3,3,4,1,1,1,0,1,1,1,1,1,4,8,1
10715,0:3:2;0:3:2;1:4:3,3,5,1,1,1,0,1,1,1,1,1,4,8,1
10716,0:3:2;0:3:2;1:4:3,4,0,1,1,1,0,1,1,1,1,1,4,8,5
10717,0:3:2;0:3:2;1:4:3,4,1,1,1,1,0,1,1,1,1,1,4,8,5
10718,0:3:2;0:3:2;1:4:3,4,2,1,1,1,0,1,1,1,1,1,4,8,2
10719,0:3:2;0:3:2;1:4:3,4,3,1,1,1,0,1,1,1,1,1,4,8,2
10720,0:3:2;0:3:2;1:4:3,4,4,1,1,1,0,1,1,1,1,1,4,8,1
10721,0:3:2;0:3:2;1:4:3,4,5,1,1,1,0,1,1,1,1,1,4,8,1
10722,0:3:2;0:3:2;1:4:3,5,0,1,1,1,0,1,1,1,1,1,4,8,5
10723,0:3:2;0:3:2;1:4:3,5,1,1,1,1,0,1,1,1,1,1,4,8,5
10724,0:3:2;0:3:2;1:4:3,5,2,1,1,1,0,1,1,1,1,1,4,8,2
10725,0:3:2;0:3:2;1:4:3,5,3,1,1,1,0,1,1,1,1,1,4,8,2
10726,0:3:2;0:3:2;1:4:3,5,4,1,1,1,0,1,1,1,1,1,4,8,1
10727,0:3:2;0:3:2;1:4:3,5,5,1,1,1,0,1,1,1,1,1,4,8,1
10728,0:3:2;0:3:3;0:3:3,0,0,0,0,0,1,0,0,0,0,0,0,1,6
10729,0:3:2;0:3:3;0:3:3,0,1,0,0,0,1,0,0,0,0,0,0,4,6
10730,0:3:2;0:3:3;0:3:3,0,2,0,0,0,1,0,0,0,0,0,0,10,6
10731,0:3:2;0:3:3;0:3:3,0,3,0,0,0,1,0,0,0,0,0,0,19,6
10732,0:3:2;0:3:3;0:3:3,0,4,0,0,0,1,0,0,0,0,0,0,29,6
10733,0:3:2;0:3:3;0:3:3,0,5,0,0,0,1,0,0,0,0,0,0,38,6
10734,0:3:2;0:3:3;0:3:3,1,0,0,0,0,1,0,0,0,0,0,0,1,6
10735,0:3:2;0:3:3;0:3:3,1,1,0,0,0,1,0,0,0,0,0,0,4,6
10736,0:3:2;0:3:3;0:3:3,1,2,0,0,0,1,0,0,0,0,0,0,10,6
10737,0:3:2;0:3:3;0:3:3,1,3,0,0,0,1,0,0,0,0,0,0,19,6
10738,0:3:2;0:3:3;0:3:3,1,4,0,0,0,1,0,0,0,0,0,0,29,6
10739,0:3:2;0:3:3;0:3:3,1,5,0,0,0,1,0,0,0,0,0,0,38,6
10740,0:3:2;0:3:3;0:3:3,2,0,0,0,0,1,0,0,0,0,0,0,1,6
10741,0:3:2;0:3:3;0:3:3,2,1,0,0,0,1,0,0,0,0,0,0,4,6
10742,0:3:2;0:3:3;0:3:3,2,2,0,0,0,1,0,0,0,0,0,0,10,6
10743,0:3:2;0:3:3;0:3:3,2,3,0,0,0,1,0,0,0,0,0,0,19,6
10744,0:3:2;0:3:3;0:3:3,2,4,0,0,0,1,0,0,0,0,0,0,29,6
10745,0:3:2;0:3:3;0:3:3,2,5,0,0,0,1,0,0,0,0,0,0,38,6
10746,0:3:2;0:3:3;0:3:3,3,0,0,0,0,1,0,0,0,0,0,0,1,6
10747,0:3:2;0:3:3;0:3:3,3,1,0,0,0,1,0,0,0,0,0,0,4,6
10748,0:3:2;0:3:3;0:3:3,3,2,0,0,0,1,0,0,0,0,0,0,10,6
10749,0:3:2;0:3:3;0:3:3,3,3,0,0,0,1,0,0,0,0,0,0,19,6
10750,0:3:2;0:3:3;0:3:3,3,4,0,0,0,1,0,0,0,0,0,0,29,6
10751,0:3:2;0:3:3;0:3:3,3,5,0,0,0,1,0,0,0,0,0,0,38,6
10752,0:3:2;0:3:3;0:3:3,4,0,0,0,0,1,0,0,0,0,0,0,1,6
10753,0:3:2;0:3:3;0:3:3,4,1,0,0,0,1,0,0,0,0,0,0,4,6
10754,0:3:2;0:3:3;0:3:3,4,2,0,0,0,1,0,0,0,0,0,0,10,6
10755,0:3:2;0:3:3;0:3:3,4,3,0,0,0,1,0,0,0,0,0,0,19,6
10756,0:3:2;0:3:3;0:3:3,4,4,0,0,0,1,0,0,0,0,0,0,29,6
10757,0:3:2;0:3:3;0:3:3,4,5,0,0,0,1,0,0,0,0,0,0,38,6
10758,0:3:2;0:3:3;0:3:3,5,0,0,0,0,1,0,0,0,0,0,0,1,6
10759,0:3:2;0:3:3;0:3:3,5,1,0,0,0,1,0,0,0,0,0,0,4,6
10760,0:3:2;0:3:3;0:3:3,5,2,0,0,0,1,0,0,0,0,0,0,10,6
10761,0:3:2;0:3:3;0:3:3,5,3,0,0,0,1,0,0,0,0,0,0,19,6
10762,0:3:2;0:3:3;0:3:3,5,4,0,0,0,1,0,0,0,0,0,0,29,6
10763,0:3:2;0:3:3;0:3:3,5,5,0,0,0,1,0,0,0,0,0,0,38,6
10764,0:3:2;0:3:3;0:4:3,0,0,0,0,0,1,0,0,0,0,0,0,1,6
10765,0:3:2;0:3:3;0:4:3,0,1,0,0,0,1,0,0,0,0,0,0,4,6
10766,0:3:2;0:3:3;0:4:3,0,2,0,0,0,1,0,0,0,0,0,0,10,6
10767,0:3:2;0:3:3;0:4:3,0,3,0,0,0,1,0,0,0,0,0,0,19,6
10768,0:3:2;0:3:3;0:4:3,0,4,0,0,0,1,0,0,0,0,0,0,29,6
10769,0:3:2;0:3:3;0:4:3,0,5,0,0,0,1,0,0,0,0,0,0,38,6
10770,0:3:2;0:3:3;0:4:3,1,0,0,0,0,1,0,0,0,0,0,0,1,6
10771,0:3:2;0:3:3;0:4:3,1,1,0,0,0,1,0,0,0,0,0,0,4,6
10772,0:3:2;0:3:3;0:4:3,1,2,0,0,0,1,0,0,0,0,0,0,10,6
10773,0:3:2;0:3:3;0:4:3,1,3,0,0,0,1,0,0,0,0,0,0,19,6
10774,0:3:2;0:3:3;0:4:3,1,4,0,0,0,1,0,0,0,0,0,0,29,6
10775,0:3:2;0:3:3;0:4:3,1,5,0,0,0,1,0,0,0,0,0,0,38,6
10776,0:3:2;0:3:3;0:4:3,2,0,0,0,0,1,0,0,0,0,0,0,1,6
10777,0:3:2;0:3:3;0:4:3,2,1,0,0,0,1,0,0,0,0,0,0,4,6
10778,0:3:2;0:3:3;0:4:3,2,2,0,0,0,1,0,0,0,0,0,0,10,6
10779,0:3:2;0:3:3;0:4:3,2,3,0,0,0,1,0,0,0,0,0,0,19,6
10780,0:3:2;0:3:3;0:4:3,2,4,0,0,0,1,0,0,0,0,0,0,29,6
10781,0:3:2;0:3:3;0:4:3,2,5,0,0,0,1,0,0,0,0,0,0,38,6
10782,0:3:2;0:3:3;0:4:3,3,0,0,0,0,1,0,0,0,0,0,0,1,6
10783,0:3:2;0:3:3;0:4:3,3,1,0,0,0,1,0,0,0,0,0,0,4,6
10784,0:3:2;0:3:3;0:4:3,3,2,0,0,0,1,0,0,0,0,0,0,10,6
10785,0:3:2;0:3:3;0:4:3,3,3,0,0,0,1,0,0,0,0,0,0,19,6
10786,0:3:2;0:3:3;0:4:3,3,4,0,0,0,1,0,0,0,0,0,0,29,6
10787,0:3:2;0:3:3;0:4:3,3,5,0,0,0,1,0,0,0,0,0,0,38,6
10788,0:3:2;0:3:3;0:4:3,4,0,0,0,0,1,0,0,0,0,0,0,1,6
10789,0:3:2;0:3:3;0:4:3,4,1,0,0,0,1,0,0,0,0,0,0,4,6
10790,0:3:2;0:3:3;0:4:3,4,2,0,0,0,1,0,0,0,0,0,0,10,6
10791,0:3:2;0:3:3;0:4:3,4,3,0,0,0,1,0,0,0,0,0,0,19,6
10792,0:3:2;0:3:3;0:4:3,4,4,0,0,0,1,0,0,0,0,0,0,29,6
10793,0:3:2;0:3:3;0:4:3,4,5,0,0,0,1,0,0,0,0,0,0,38,6
10794,0:3:2;0:3:3;0:4:3,5,0,0,0,0,1,0,0,0,0,0,0,1,6
10795,0:3:2;0:3:3;0:4:3,5,1,0,0,0,1,0,0,0,0,0,0,4,6
10796,0:3:2;0:3:3;0:4:3,5,2,0,0,0,1,0,0,0,0,0,0,10,6
10797,0:3:2;0:3:3;0:4:3,5,3,0,0,0,1,0,0,0,0,0,0,19,6
10798,0:3:2;0:3:3;0:4:3,5,4,0,0,0,1,0,0,0,0,0,0,29,6
10799,0:3:2;0:3:3;0:4:3,5,5,0,0,0,1,0,0,0,0,0,0,38,6
10800,0:3:2;0:3:3;1:1:1,0,0,0,0,0,1,0,0,0,0,0,0,1,6
10801,0:3:2;0:3:3;1:1:1,0,1,0,0,0,1,0,0,0,0,0,0,3,6
10802,0:3:2;0:3:3;1:1:1,0,2,0,0,0,1,0,0,0,0,0,0,8,6
10803,0:3:2;0:3:3;1:1:1,0,3,0,0,0,1,0,0,0,0,0,0,14,6
10804,0:3:2;0:3:3;1:1:1,0,4,1,1,1,0,1,1,1,1,1,4,7,2
10805,0:3:2;0:3:3;1:1:1,0,5,1,1,1,0,1,1,1,1,1,4,7,1
10806,0:3:2;0:3:3;1:1:1,1,0,0,0,0,1,0,0,0,0,0,0,4,6
10807,0:3:2;0:3:3;1:1:1,1,1,0,0,0,1,0,0,0,0,0,0,9,6
10808,0:3:2;0:3:3;1:1:1,1,2,0,0,0,1,0,0,0,0,0,0,15,6
10809,0:3:2;0:3:3;1:1:1,1,3,0,0,0,1,0,0,0,0,0,0,20,6
10810,0:3:2;0:3:3;1:1:1,1,4,1,1,1,0,1,1,1,1,1,4,7,2
10811,0:3:2;0:3:3;1:1:1,1,5,1,1,1,0,1,1,1,1,1,4,7,1
10812,0:3:2;0:3:3;1:1:1,2,0,0,0,0,1,0,0,0,0,0,0,4,6
10813,0:3:2;0:3:3;1:1:1,2,1,0,0,0,1,0,0,0,0,0,0,9,6
10814,0:3:2;0:3:3;1:1:1,2,2,0,0,0,1,0,0,0,0,0,0,15,6
10815,0:3:2;0:3:3;1:1:1,2,3,0,0,0,1,0,0,0,0,0,0,20,6
10816,0:3:2;0:3:3;1:1:1,2,4,1,1,1,0,1,1,1,1,1,4,7,2
10817,0:3:2;0:3:3;1:1:1,2,5,1,1,1,0,1,1,1,1,1,4,7,1
10818,0:3:2;0:3:3;1:1:1,3,0,0,0,0,1,0,0,0,0,0,0,4,6
10819,0:3:2;0:3:3;1:1:1,3,1,0,0,0,1,0,0,0,0,0,0,9,6
10820,0:3:2;0:3:3;1:1:1,3,2,0,0,0,1,0,0,0,0,0,0,15,6
10821,0:3:2;0:3:3;1:1:1,3,3,0,0,0,1,0,0,0,0,0,0,20,6
10822,0:3:2;0:3:3;1:1:1,3,4,1,1,1,0,1,1,1,1,1,4,7,2
10823,0:3:2;0:3:3;1:1:1,3,5,1,1,1,0,1,1,1,1,1,4,7,1
10824,0:3:2;0:3:3;1:1:1,4,0,0,0,0,1,0,0,0,0,0,0,4,6
10825,0:3:2;0:3:3;1:1:1,4,1,0,0,0,1,0,0,0,0,0,0,9,6
10826,0:3:2;0:3:3;1:1:1,4,2,0,0,0,1,0,0,0,0,0,0,15,6
10827,0:3:2;0:3:3;1:1:1,4,3,0,0,0,1,0,0,0,0,0,0,20,6
10828,0:3:2;0:3:3;1:1:1,4,4,1,1,1,0,1,1,1,1,1,4,7,2
10829,0:3:2;0:3:3;1:1:1,4,5,1,1,1,0,1,1,1,1,1,4,7,1
10830,0:3:2;0:3:3;1:1:1,5,0,0,0,0,1,0,0,0,0,0,0,4,6
10831,0:3:2;0:3:3;1:1:1,5,1,0,0,0,1,0,0,0,0,0,0,9,6
10832,0:3:2;0:3:3;1:1:1,5,2,0,0,0,1,0,0,0,0,0,0,15,6
10833,0:3:2;0:3:3;1:1:1,5,3,0,0,0,1,0,0,0,0,0,0,20,6
10834,0:3:2;0:3:3;1:1:1,5,4,1,1,1,0,1,1,1,1,1,4,7,2
10835,0:3:2;0:3:3;1:1:1,5,5,1,1,1,0,1,1,1,1,1,4,7,1
10836,0:3:2;0:3:3;1:2:1,0,0,0,0,0,1,0,0,0,0,0,0,1,6
10837,0:3:2;0:3:3;1:2:1,0,1,0,0,0,1,0,0,0,0,0,0,3,6
10838,0:3:2;0:3:3;1:2:1,0,2,0,0,0,1,0,0,0,0,0,0,9,6
10839,0:3:2;0:3:3;1:2:1,0,3,1,1,1,0,1,1,1,1,1,4,7,2
10840,0:3:2;0:3:3;1:2:1,0,4,1,1,1,0,1,1,1,1,1,4,7,2
10841,0:3:2;0:3:3;1:2:1,0,5,1,1,1,0,1,1,1,1,1,4,7,1
10842,0:3:2;0:3:3;1:2:1,1,0,0,0,0,1,0,0,0,0,0,0,7,6
10843,0:3:2;0:3:3;1:2:1,1,1,0,0,0,1,0,0,0,0,0,0,12,6
10844,0:3:2;0:3:3;1:2:1,1,2,0,0,0,1,0,0,0,0,0,0,17,6
10845,0:3:2;0:3:3;1:2:1,1,3,1,1,1,0,1,1,1,1,1,4,7,2
10846,0:3:2;0:3:3;1:2:1,1,4,1,1,1,0,1,1,1,1,1,4,7,2
10847,0:3:2;0:3:3;1:2:1,1,5,1,1,1,0,1,1,1,1,1,4,7,1
10848,0:3:2;0:3:3;1:2:1,2,0,0,0,0,1,0,0,0,0,0,0,7,6
10849,0:3:2;0:3:3;1:2:1,2,1,0,0,0,1,0,0,0,0,0,0,12,6
10850,0:3:2;0:3:3;1:2:1,2,2,0,0,0,1,0,0,0,0,0,0,17,6
10851,0:3:2;0:3:3;1:2:1,2,3,1,1,1,0,1,1,1,1,1,4,7,2
10852,0:3:2;0:3:3;1:2:1,2,4,1,1,1,0,1,1,1,1,1,4,7,2
10853,0:3:2;0:3:3;1:2:1,2,5,1,1,1,0,1,1,1,1,1,4,7,1
10854,0:3:2;0:3:3;1:2:1,3,0,0,0,0,1,0,0,0,0,0,0,7,6
10855,0:3:2;0:3:3;1:2:1,3,1,0,0,0,1,0,0,0,0,0,0,12,6
10856,0:3:2;0:3:3;1:2:1,3,2,0,0,0,1,0,0,0,0,0,0,17,6
10857,0:3:2;0:3:3;1:2:1,3,3,1,1,1,0,1,1,1,1,1,4,7,2
10858,0:3:2;0:3:3;1:2:1,3,4,1,1,1,0,1,1,1,1,1,4,7,2
10859,0:3:2;0:3:3;1:2:1,3,5,1,1,1,0,1,1,1,1,1,4,7,1
10860,0:3:2;0:3:3;1:2:1,4,0,0,0,0,1,0,0,0,0,0,0,7,6
10861,0:3:2;0:3:3;1:2:1,4,1,0,0,0,1,0,0,0,0,0,0,12,6
10862,0:3:2;0:3:3;1:2:1,4,2,0,0,0,1,0,0,0,0,0,0,17,6
10863,0:3:2;0:3:3;1:2:1,4,3,1,1,1,0,1,1,1,1,1,4,7,2
10864,0:3:2;0:3:3;1:2:1,4,4,1,1,1,0,1,1,1,1,1,4,7,2
10865,0:3:2;0:3:3;1:2:1,4,5,1,1,1,0,1,1,1,1,1,4,7,1
10866,0:3:2;0:3:3;1:2:1,5,0,0,0,0,1,0,0,0,0,0,0,7,6
10867,0:3:2;0:3:3;1:2:1,5,1,0,0,0,1,0,0,0,0,0,0,12,6
10868,0:3:2;0:3:3;1:2:1,5,2,0,0,0,1,0,0,0,0,0,0,17,6
10869,0:3:2;0:3:3;1:2:1,5,3,1,1,1,0,1,1,1,1,1,4,7,2
10870,0:3:2;0:3:3;1:2:1,5,4,1,1,1,0,1,1,1,1,1,4,7,2
10871,0:3:2;0:3:3;1:2:1,5,5,1,1,1,0,1,1,1,1,1,4,7,1
10872,0:3:2;0:3:3;1:2:2,0,0,0,0,0,1,0,0,0,0,0,0,1,6
10873,0:3:2;0:3:3;1:2:2,0,1,0,0,0,1,0,0,0,0,0,0,3,6
10874,0:3:2;0:3:3;1:2:2,0,2,0,0,0,1,0,0,0,0,0,0,10,6
10875,0:3:2;0:3:3;1:2:2,0,3,1,1,0,0,1,1,1,1,1,4,8,2
10876,0:3:2;0:3:3;1:2:2,0,4,1,1,1,0,1,1,1,1,1,4,8,2
10877,0:3:2;0:3:3;1:2:2,0,5,1,1,1,0,1,1,1,1,1,4,8,1
10878,0:3:2;0:3:3;1:2:2,1,0,0,0,0,1,0,0,0,0,0,0,2,6
10879,0:3:2;0:3:3;1:2:2,1,1,0,0,0,1,0,0,0,0,0,0,6,6
10880,0:3:2;0:3:3;1:2:2,1,2,0,0,0,1,0,0,0,0,0,0,15,6
10881,0:3:2;0:3:3;1:2:2,1,3,1,1,1,0,1,1,1,1,1,4,8,2
10882,0:3:2;0:3:3;1:2:2,1,4,1,1,1,0,1,1,1,1,1,4,8,2
10883,0:3:2;0:3:3;1:2:2,1,5,1,1,1,0,1,1,1,1,1,4,8,1
10884,0:3:2;0:3:3;1:2:2,2,0,0,0,0,1,0,0,0,0,0,0,8,6
10885,0:3:2;0:3:3;1:2:2,2,1,0,0,0,1,0,0,0,0,0,0,15,6
10886,0:3:2;0:3:3;1:2:2,2,2,0,0,0,1,0,0,0,0,0,0,23,6
10887,0:3:2;0:3:3;1:2:2,2,3,1,1,1,0,1,1,1,1,1,4,8,2
10888,0:3:2;0:3:3;1:2:2,2,4,1,1,1,0,1,1,1,1,1,4,8,2
10889,0:3:2;0:3:3;1:2:2,2,5,1,1,1,0,1,1,1,1,1,4,8,1
10890,0:3:2;0:3:3;1:2:2,3,0,0,0,0,1,0,0,0,0,0,0,8,6
10891,0:3:2;0:3:3;1:2:2,3,1,0,0,0,1,0,0,0,0,0,0,15,6
10892,0:3:2;0:3:3;1:2:2,3,2,0,0,0,1,0,0,0,0,0,0,23,6
10893,0:3:2;0:3:3;1:2:2,3,3,1,1,1,0,1,1,1,1,1,4,8,2
10894,0:3:2;0:3:3;1:2:2,3,4,1,1,1,0,1,1,1,1,1,4,8,2
10895,0:3:2;0:3:3;1:2:2,3,5,1,1,1,0,1,1,1,1,1,4,8,1
10896,0:3:2;0:3:3;1:2:2,4,0,0,0,0,1,0,0,0,0,0,0,8,6
10897,0:3:2;0:3:3;1:2:2,4,1,0,0,0,1,0,0,0,0,0,0,15,6
10898,0:3:2;0:3:3;1:2:2,4,2,0,0,0,1,0,0,0,0,0,0,23,6
10899,0:3:2;0:3:3;1:2:2,4,3,1,1,1,0,1,1,1,1,1,4,8,2
10900,0:3:2;0:3:3;1:2:2,4,4,1,1,1,0,1,1,1,1,1,4,8,2
10901,0:3:2;0:3:3;1:2:2,4,5,1,1,1,0,1,1,1,1,1,4,8,1
10902,0:3:2;0:3:3;1:2:2,5,0,0,0,0,1,0,0,0,0,0,0,8,6
10903,0:3:2;0:3:3;1:2:2,5,1,0,0,0,1,0,0,0,0,0,0,15,6
10904,0:3:2;0:3:3;1:2:2,5,2,0,0,0,1,0,0,0,0,0,0,23,6
10905,0:3:2;0:3:3;1:2:2,5,3,1,1,1,0,1,1,1,1,1,4,8,2
10906,0:3:2;0:3:3;1:2:2,5,4,1,1,1,0,1,1,1,1,1,4,8,2
10907,0:3:2;0:3:3;1:2:2,5,5,1,1,1,0,1,1,1,1,1,4,8,1
10908,0:3:2;0:3:3;1:3:2,0,0,0,0,0,1,0,0,0,0,0,0,1,6
10909,0:3:2;0:3:3;1:3:2,0,1,0,0,0,1,0,0,0,0,0,0,3,6
10910,0:3:2;0:3:3;1:3:2,0,2,1,1,0,0,1,1,1,1,1,4,8,2
10911,0:3:2;0:3:3;1:3:2,0,3,1,1,0,0,1,1,1,1,1,4,8,2
10912,0:3:2;0:3:3;1:3:2,0,4,1,1,1,0,1,1,1,1,1,4,8,2
10913,0:3:2;0:3:3;1:3:2,0,5,1,1,1,0,1,1,1,1,1,4,8,1
10914,0:3:2;0:3:3;1:3:2,1,0,0,0,0,1,0,0,0,0,0,0,2,6
10915,0:3:2;0:3:3;1:3:2,1,1,0,0,0,1,0,0,0,0,0,0,6,6
10916,0:3:2;0:3:3;1:3:2,1,2,1,1,0,0,1,1,1,1,1,4,8,2
10917,0:3:2;0:3:3;1:3:2,1,3,1,1,1,0,1,1,1,1,1,4,8,2
10918,0:3:2;0:3:3;1:3:2,1,4,1,1,1,0,1,1,1,1,1,4,8,2
10919,0:3:2;0:3:3;1:3:2,1,5,1,1,1,0,1,1,1,1,1,4,8,1
10920,0:3:2;0:3:3;1:3:2,2,0,0,0,0,1,0,0,0,0,0,0,11,6
10921,0:3:2;0:3:3;1:3:2,2,1,0,0,0,1,0,0,0,0,0,0,17,6
10922,0:3:2;0:3:3;1:3:2,2,2,1,1,1,0,1,1,1,1,1,4,8,2
10923,0:3:2;0:3:3;1:3:2,2,3,1,1,1,0,1,1,1,1,1,4,8,2
10924,0:3:2;0:3:3;1:3:2,2,4,1,1,1,0,1,1,1,1,1,4,8,2
10925,0:3:2;0:3:3;1:3:2,2,5,1,1,1,0,1,1,1,1,1,4,8,1
10926,0:3:2;0:3:3;1:3:2,3,0,0,0,0,1,0,0,0,0,0,0,11,6
10927,0:3:2;0:3:3;1:3:2,3,1,0,0,0,1,0,0,0,0,0,0,17,6
10928,0:3:2;0:3:3;1:3:2,3,2,1,1,1,0,1,1,1,1,1,4,8,2
10929,0:3:2;0:3:3;1:3:2,3,3,1,1,1,0,1,1,1,1,1,4,8,2
10930,0:3:2;0:3:3;1:3:2,3,4,1,1,1,0,1,1,1,1,1,4,8,2
10931,0:3:2;0:3:3;1:3:2,3,5,1,1,1,0,1,1,1,1,1,4,8,1
10932,0:3:2;0:3:3;1:3:2,4,0,0,0,0,1,0,0,0,0,0,0,11,6
10933,0:3:2;0:3:3;1:3:2,4,1,0,0,0,1,0,0,0,0,0,0,17,6
10934,0:3:2;0:3:3;1:3:2,4,2,1,1,1,0,1,1,1,1,1,4,8,2
10935,0:3:2;0:3:3;1:3:2,4,3,1,1,1,0,1,1,1,1,1,4,8,2
10936,0:3:2;0:3:3;1:3:2,4,4,1,1,1,0,1,1,1,1,1,4,8,2
10937,0:3:2;0:3:3;1:3:2,4,5,1,1,1,0,1,1,1,1,1,4,8,1
10938,0:3:2;0:3:3;1:3:2,5,0,0,0,0,1,0,0,0,0,0,0,11,6
10939,0:3:2;0:3:3;1:3:2,5,1,0,0,0,1,0,0,0,0,0,0,17,6
10940,0:3:2;0:3:3;1:3:2,5,2,1,1,1,0,1,1,1,1,1,4,8,2
10941,0:3:2;0:3:3;1:3:2,5,3,1,1,1,0,1,1,1,1,1,4,8,2
10942,0:3:2;0:3:3;1:3:2,5,4,1,1,1,0,1,1,1,1,1,4,8,2
10943,0:3:2;0:3:3;1:3:2,5,5,1,1,1,0,1,1,1,1,1,4,8,1
10944,0:3:2;0:3:3;1:3:3,0,0,0,0,0,1,0,0,0,0,0,0,1,6
10945,0:3:2;0:3:3;1:3:3,0,1,0,0,0,1,0,0,0,0,0,0,3,6
10946,0:3:2;0:3:3;1:3:3,0,2,1,1,0,0,1,1,1,1,1,4,9,2
10947,0:3:2;0:3:3;1:3:3,0,3,1,1,0,0,1,1,1,1,1,4,9,2
10948,0:3:2;0:3:3;1:3:3,0,4,1,1,0,0,1,1,1,1,1,4,9,2
10949,0:3:2;0:3:3;1:3:3,0,5,1,1,1,0,1,1,1,1,1,4,9,1
10950,0:3:2;0:3:3;1:3:3,1,0,0,0,0,1,0,0,0,0,0,0,2,6
10951,0:3:2;0:3:3;1:3:3,1,1,0,0,0,1,0,0,0,0,0,0,6,6
10952,0:3:2;0:3:3;1:3:3,1,2,1,1,0,0,1,1,1,1,1,4,9,2
10953,0:3:2;0:3:3;1:3:3,1,3,1,1,0,0,1,1,1,1,1,4,9,2
10954,0:3:2;0:3:3;1:3:3,1,4,1,1,1,0,1,1,1,1,1,4,9,2
10955,0:3:2;0:3:3;1:3:3,1,5,1,1,1,0,1,1,1,1,1,4,9,1
10956,0:3:2;0:3:3;1:3:3,2,0,0,0,0,1,0,0,0,0,0,0,3,6
10957,0:3:2;0:3:3;1:3:3,2,1,0,0,0,1,0,0,0,0,0,0,9,6
10958,0:3:2;0:3:3;1:3:3,2,2,1,1,0,0,1,1,1,1,1,4,9,2
10959,0:3:2;0:3:3;1:3:3,2,3,1,1,1,0,1,1,1,1,1,4,9,2
10960,0:3:2;0:3:3;1:3:3,2,4,1,1,1,0,1,1,1,1,1,4,9,2
10961,0:3:2;0:3:3;1:3:3,2,5,1,1,1,0,1,1,1,1,1,4,9,1
10962,0:3:2;0:3:3;1:3:3,3,0,0,0,0,1,0,0,0,0,0,0,12,6
10963,0:3:2;0:3:3;1:3:3,3,1,0,0,0,1,0,0,0,0,0,0,20,6
10964,0:3:2;0:3:3;1:3:3,3,2,1,1,1,0,1,1,1,1,1,4,9,2
10965,0:3:2;0:3:3;1:3:3,3,3,1,1,1,0,1,1,1,1,1,4,9,2
10966,0:3:2;0:3:3;1:3:3,3,4,1,1,1,0,1,1,1,1,1,4,9,2
10967,0:3:2;0:3:3;1:3:3,3,5,1,1,1,0,1,1,1,1,1,4,9,1
10968,0:3:2;0:3:3;1:3:3,4,0,0,0,0,1,0,0,0,0,0,0,12,6
10969,0:3:2;0:3:3;1:3:3,4,1,0,0,0,1,0,0,0,0,0,0,20,6
10970,0:3:2;0:3:3;1:3:3,4,2,1,1,1,0,1,1,1,1,1,4,9,2
10971,0:3:2;0:3:3;1:3:3,4,3,1,1,1,0,1,1,1,1,1,4,9,2
10972,0:3:2;0:3:3;1:3:3,4,4,1,1,1,0,1,1,1,1,1,4,9,2
10973,0:3:2;0:3:3;1:3:3,4,5,1,1,1,0,1,1,1,1,1,4,9,1
10974,0:3:2;0:3:3;1:3:3,5,0,0,0,0,1,0,0,0,0,0,0,12,6
10975,0:3:2;0:3:3;1:3:3,5,1,0,0,0,1,0,0,0,0,0,0,20,6
10976,0:3:2;0:3:3;1:3:3,5,2,1,1,1,0,1,1,1,1,1,4,9,2
10977,0:3:2;0:3:3;1:3:3,5,3,1,1,1,0,1,1,1,1,1,4,9,2
10978,0:3:2;0:3:3;1:3:3,5,4,1,1,1,0,1,1,1,1,1,4,9,2
10979,0:3:2;0:3:3;1:3:3,5,5,1,1,1,0,1,1,1,1,1,4,9,1
10980,0:3:2;0:3:3;1:4:3,0,0,0,0,0,1,0,0,0,0,0,0,1,6
10981,0:3:2;0:3:3;1:4:3,0,1,1,0,0,1,0,0,0,0,0,1,3,6
10982,0:3:2;0:3:3;1:4:3,0,2,1,1,0,0,1,1,1,1,1,4,9,2
10983,0:3:2;0:3:3;1:4:3,0,3,1,1,0,0,1,1,1,1,1,4,9,2
10984,0:3:2;0:3:3;1:4:3,0,4,1,1,0,0,1,1,1,1,1,4,9,2
10985,0:3:2;0:3:3;1:4:3,0,5,1,1,1,0,1,1,1,1,1,4,9,1
10986,0:3:2;0:3:3;1:4:3,1,0,0,0,0,1,0,0,0,0,0,0,2,6
10987,0:3:2;0:3:3;1:4:3,1,1,1,0,0,1,0,0,0,0,0,1,6,6
10988,0:3:2;0:3:3;1:4:3,1,2,1,1,0,0,1,1,1,1,1,4,9,2
10989,0:3:2;0:3:3;1:4:3,1,3,1,1,0,0,1,1,1,1,1,4,9,2
10990,0:3:2;0:3:3;1:4:3,1,4,1,1,1,0,1,1,1,1,1,4,9,2
10991,0:3:2;0:3:3;1:4:3,1,5,1,1,1,0,1,1,1,1,1,4,9,1
10992,0:3:2;0:3:3;1:4:3,2,0,0,0,0,1,0,0,0,0,0,0,3,6
10993,0:3:2;0:3:3;1:4:3,2,1,1,0,0,1,0,0,0,0,0,1,9,6
10994,0:3:2;0:3:3;1:4:3,2,2,1,1,0,0,1,1,1,1,1,4,9,2
10995,0:3:2;0:3:3;1:4:3,2,3,1,1,1,0,1,1,1,1,1,4,9,2
10996,0:3:2;0:3:3;1:4:3,2,4,1,1,1,0,1,1,1,1,1,4,9,2
10997,0:3:2;0:3:3;1:4:3,2,5,1,1,1,0,1,1,1,1,1,4,9,1
10998,0:3:2;0:3:3;1:4:3,3,0,0,0,0,1,0,0,0,0,0,0,14,6
10999,0:3:2;0:3:3;1:4:3,3,1,1,1,0,0,1,1,1,1,1,4,9,5
11000,0:3:2;0:3:3;1:4:3,3,2,1,1,1,0,1,1,1,1,1,4,9,2
11001,0:3:2;0:3:3;1:4:3,3,3,1,1,1,0,1,1,1,1,1,4,9,2
11002,0:3:2;0:3:3;1:4:3,3,4,1,1,1,0,1,1,1,1,1,4,9,2
11003,0:3:2;0:3:3;1:4:3,3,5,1,1,1,0,1,1,1,1,1,4,9,1
11004,0:3:2;0:3:3;1:4:3,4,0,0,0,0,1,0,0,0,0,0,0,14,6
11005,0:3:2;0:3:3;1:4:3,4,1,1,1,1,0,1,1,1,1,1,4,9,5
11006,0:3:2;0:3:3;1:4:3,4,2,1,1,1,0,1,1,1,1,1,4,9,2
11007,0:3:2;0:3:3;1:4:3,4,3,1,1,1,0,1,1,1,1,1,4,9,2
11008,0:3:2;0:3:3;1:4:3,4,4,1,1,1,0,1,1,1,1,1,4,9,2
11009,0:3:2;0:3:3;1:4:3,4,5,1,1,1,0,1,1,1,1,1,4,9,1
11010,0:3:2;0:3:3;1:4:3,5,0,0,0,0,1,0,0,0,0,0,0,14,6
11011,0:3:2;0:3:3;1:4:3,5,1,1,1,1,0,1,1,1,1,1,4,9,5
11012,0:3:2;0:3:3;1:4:3,5,2,1,1,1,0,1,1,1,1,1,4,9,2
11013,0:3:2;0:3:3;1:4:3,5,3,1,1,1,0,1,1,1,1,1,4,9,2
11014,0:3:2;0:3:3;1:4:3,5,4,1,1,1,0,1,1,1,1,1,4,9,2
11015,0:3:2;0:3:3;1:4:3,5,5,1,1,1,0,1,1,1,1,1,4,9,1
11016,0:3:2;0:4:3;0:4:3,0,0,0,0,0,1,0,0,0,0,0,0,1,6
11017,0:3:2;0:4:3;0:4:3,0,1,0,0,0,1,0,0,0,0,0,0,4,6
11018,0:3:2;0:4:3;0:4:3,0,2,0,0,0,1,0,0,0,0,0,0,10,6
11019,0:3:2;0:4:3;0:4:3,0,3,0,0,0,1,0,0,0,0,0,0,19,6
11020,0:3:2;0:4:3;0:4:3,0,4,0,0,0,1,0,0,0,0,0,0,29,6
11021,0:3:2;0:4:3;0:4:3,0,5,0,0,0,1,0,0,0,0,0,0,38,6
11022,0:3:2;0:4:3;0:4:3,1,0,0,0,0,1,0,0,0,0,0,0,1,6
11023,0:3:2;0:4:3;0:4:3,1,1,0,0,0,1,0,0,0,0,0,0,4,6
11024,0:3:2;0:4:3;0:4:3,1,2,0,0,0,1,0,0,0,0,0,0,10,6
11025,0:3:2;0:4:3;0:4:3,1,3,0,0,0,1,0,0,0,0,0,0,19,6
11026,0:3:2;0:4:3;0:4:3,1,4,0,0,0,1,0,0,0,0,0,0,29,6
11027,0:3:2;0:4:3;0:4:3,1,5,0,0,0,1,0,0,0,0,0,0,38,6
11028,0:3:2;0:4:3;0:4:3,2,0,0,0,0,1,0,0,0,0,0,0,1,6
11029,0:3:2;0:4:3;0:4:3,2,1,0,0,0,1,0,0,0,0,0,0,4,6
11030,0:3:2;0:4:3;0:4:3,2,2,0,0,0,1,0,0,0,0,0,0,10,6
11031,0:3:2;0:4:3;0:4:3,2,3,0,0,0,1,0,0,0,0,0,0,19,6
11032,0:3:2;0:4:3;0:4:3,2,4,0,0,0,1,0,0,0,0,0,0,29,6
11033,0:3:2;0:4:3;0:4:3,2,5,0,0,0,1,0,0,0,0,0,0,38,6
11034,0:3:2;0:4:3;0:4:3,3,0,0,0,0,1,0,0,0,0,0,0,1,6
11035,0:3:2;0:4:3;0:4:3,3,1,0,0,0,1,0,0,0,0,0,0,4,6
11036,0:3:2;0:4:3;0:4:3,3,2,0,0,0,1,0,0,0,0,0,0,10,6
11037,0:3:2;0:4:3;0:4:3,3,3,0,0,0,1,0,0,0,0,0,0,19,6
11038,0:3:2;0:4:3;0:4:3,3,4,0,0,0,1,0,0,0,0,0,0,29,6
11039,0:3:2;0:4:3;0:4:3,3,5,0,0,0,1,0,0,0,0,0,0,38,6
11040,0:3:2;0:4:3;0:4:3,4,0,0,0,0,1,0,0,0,0,0,0,1,6
11041,0:3:2;0:4:3;0:4:3,4,1,0,0,0,1,0,0,0,0,0,0,4,6
11042,0:3:2;0:4:3;0:4:3,4,2,0,0,0,1,0,0,0,0,0,0,10,6
11043,0:3:2;0:4:3;0:4:3,4,3,0,0,0,1,0,0,0,0,0,0,19,6
11044,0:3:2;0:4:3;0:4:3,4,4,0,0,0,1,0,0,0,0,0,0,29,6
11045,0:3:2;0:4:3;0:4:3,4,5,0,0,0,1,0,0,0,0,0,0,38,6
11046,0:3:2;0:4:3;0:4:3,5,0,0,0,0,1,0,0,0,0,0,0,1,6
11047,0:3:2;0:4:3;0:4:3,5,1,0,0,0,1,0,0,0,0,0,0,4,6
11048,0:3:2;0:4:3;0:4:3,5,2,0,0,0,1,0,0,0,0,0,0,10,6
11049,0:3:2;0:4:3;0:4:3,5,3,0,0,0,1,0,0,0,0,0,0,19,6
11050,0:3:2;0:4:3;0:4:3,5,4,0,0,0,1,0,0,0,0,0,0,29,6
11051,0:3:2;0:4:3;0:4:3,5,5,0,0,0,1,0,0,0,0,0,0,38,6
11052,0:3:2;0:4:3;1:1:1,0,0,0,0,0,1,0,0,0,0,0,0,1,6
11053,0:3:2;0:4:3;1:1:1,0,1,0,0,0,1,0,0,0,0,0,0,3,6
11054,0:3:2;0:4:3;1:1:1,0,2,0,0,0,1,0,0,0,0,0,0,8,6
11055,0:3:2;0:4:3;1:1:1,0,3,0,0,0,1,0,0,0,0,0,0,14,6
11056,0:3:2;0:4:3;1:1:1,0,4,1,1,1,0,1,1,1,1,1,4,7,2
11057,0:3:2;0:4:3;1:1:1,0,5,1,1,1,0,1,1,1,1,1,4,7,1
11058,0:3:2;0:4:3;1:1:1,1,0,0,0,0,1,0,0,0,0,0,0,4,6
11059,0:3:2;0:4:3;1:1:1,1,1,0,0,0,1,0,0,0,0,0,0,9,6
11060,0:3:2;0:4:3;1:1:1,1,2,0,0,0,1,0,0,0,0,0,0,15,6
11061,0:3:2;0:4:3;1:1:1,1,3,0,0,0,1,0,0,0,0,0,0,20,6
11062,0:3:2;0:4:3;1:1:1,1,4,1,1,1,0,1,1,1,1,1,4,7,2
11063,0:3:2;0:4:3;1:1:1,1,5,1,1,1,0,1,1,1,1,1,4,7,1
11064,0:3:2;0:4:3;1:1:1,2,0,0,0,0,1,0,0,0,0,0,0,4,6
11065,0:3:2;0:4:3;1:1:1,2,1,0,0,0,1,0,0,0,0,0,0,9,6
11066,0:3:2;0:4:3;1:1:1,2,2,0,0,0,1,0,0,0,0,0,0,15,6
11067,0:3:2;0:4:3;1:1:1,2,3,0,0,0,1,0,0,0,0,0,0,20,6
11068,0:3:2;0:4:3;1:1:1,2,4,1,1,1,0,1,1,1,1,1,4,7,2
11069,0:3:2;0:4:3;1:1:1,2,5,1,1,1,0,1,1,1,1,1,4,7,1
11070,0:3:2;0:4:3;1:1:1,3,0,0,0,0,1,0,0,0,0,0,0,4,6
11071,0:3:2;0:4:3;1:1:1,3,1,0,0,0,1,0,0,0,0,0,0,9,6
11072,0:3:2;0:4:3;1:1:1,3,2,0,0,0,1,0,0,0,0,0,0,15,6
11073,0:3:2;0:4:3;1:1:1,3,3,0,0,0,1,0,0,0,0,0,0,20,6
11074,0:3:2;0:4:3;1:1:1,3,4,1,1,1,0,1,1,1,1,1,4,7,2
11075,0:3:2;0:4:3;1:1:1,3,5,1,1,1,0,1,1,1,1,1,4,7,1
11076,0:3:2;0:4:3;1:1:1,4,0,0,0,0,1,0,0,0,0,0,0,4,6
11077,0:3:2;0:4:3;1:1:1,4,1,0,0,0,1,0,0,0,0,0,0,9,6
11078,0:3:2;0:4:3;1:1:1,4,2,0,0,0,1,0,0,0,0,0,0,15,6
11079,0:3:2;0:4:3;1:1:1,4,3,0,0,0,1,0,0,0,0,0,0,20,6
11080,0:3:2;0:4:3;1:1:1,4,4,1,1,1,0,1,1,1,1,1,4,7,2
11081,0:3:2;0:4:3;1:1:1,4,5,1,1,1,0,1,1,1,1,1,4,7,1
11082,0:3:2;0:4:3;1:1:1,5,0,0,0,0,1,0,0,0,0,0,0,4,6
11083,0:3:2;0:4:3;1:1:1,5,1,0,0,0,1,0,0,0,0,0,0,9,6
11084,0:3:2;0:4:3;1:1:1,5,2,0,0,0,1,0,0,0,0,0,0,15,6
11085,0:3:2;0:4:3;1:1:1,5,3,0,0,0,1,0,0,0,0,0,0,20,6
11086,0:3:2;0:4:3;1:1:1,5,4,1,1,1,0,1,1,1,1,1,4,7,2
11087,0:3:2;0:4:3;1:1:1,5,5,1,1,1,0,1,1,1,1,1,4,7,1
11088,0:3:2;0:4:3;1:2:1,0,0,0,0,0,1,0,0,0,0,0,0,1,6
11089,0:3:2;0:4:3;1:2:1,0,1,0,0,0,1,0,0,0,0,0,0,3,6
11090,0:3:2;0:4:3;1:2:1,0,2,0,0,0,1,0,0,0,0,0,0,9,6
11091,0:3:2;0:4:3;1:2:1,0,3,1,1,1,0,1,1,1,1,1,4,7,2
11092,0:3:2;0:4:3;1:2:1,0,4,1,1,1,0,1,1,1,1,1,4,7,2
11093,0:3:2;0:4:3;1:2:1,0,5,1,1,1,0,1,1,1,1,1,4,7,1
11094,0:3:2;0:4:3;1:2:1,1,0,0,0,0,1,0,0,0,0,0,0,7,6
11095,0:3:2;0:4:3;1:2:1,1,1,0,0,0,1,0,0,0,0,0,0,12,6
11096,0:3:2;0:4:3;1:2:1,1,2,0,0,0,1,0,0,0,0,0,0,17,6
11097,0:3:2;0:4:3;1:2:1,1,3,1,1,1,0,1,1,1,1,1,4,7,2
11098,0:3:2;0:4:3;1:2:1,1,4,1,1,1,0,1,1,1,1,1,4,7,2
11099,0:3:2;0:4:3;1:2:1,1,5,1,1,1,0,1,1,1,1,1,4,7,1
11100,0:3:2;0:4:3;1:2:1,2,0,0,0,0,1,0,0,0,0,0,0,7,6
11101,0:3:2;0:4:3;1:2:1,2,1,0,0,0,1,0,0,0,0,0,0,12,6
11102,0:3:2;0:4:3;1:2:1,2,2,0,0,0,1,0,0,0,0,0,0,17,6
11103,0:3:2;0:4:3;1:2:1,2,3,1,1,1,0,1,1,1,1,1,4,7,2
11104,0:3:2;0:4:3;1:2:1,2,4,1,1,1,0,1,1,1,1,1,4,7,2
11105,0:3:2;0:4:3;1:2:1,2,5,1,1,1,0,1,1,1,1,1,4,7,1
11106,0:3:2;0:4:3;1:2:1,3,0,0,0,0,1,0,0,0,0,0,0,7,6
11107,0:3:2;0:4:3;1:2:1,3,1,0,0,0,1,0,0,0,0,0,0,12,6
11108,0:3:2;0:4:3;1:2:1,3,2,0,0,0,1,0,0,0,0,0,0,17,6
11109,0:3:2;0:4:3;1:2:1,3,3,1,1,1,0,1,1,1,1,1,4,7,2
11110,0:3:2;0:4:3;1:2:1,3,4,1,1,1,0,1,1,1,1,1,4,7,2
11111,0:3:2;0:4:3;1:2:1,3,5,1,1,1,0,1,1,1,1,1,4,7,1
11112,0:3:2;0:4:3;1:2:1,4,0,0,0,0,1,0,0,0,0,0,0,7,6
11113,0:3:2;0:4:3;1:2:1,4,1,0,0,0,1,0,0,0,0,0,0,12,6
11114,0:3:2;0:4:3;1:2:1,4,2,0,0,0,1,0,0,0,0,0,0,17,6
11115,0:3:2;0:4:3;1:2:1,4,3,1,1,1,0,1,1,1,1,1,4,7,2
11116,0:3:2;0:4:3;1:2:1,4,4,1,1,1,0,1,1,1,1,1,4,7,2
11117,0:3:2;0:4:3;1:2:1,4,5,1,1,1,0,1,1,1,1,1,4,7,1
11118,0:3:2;0:4:3;1:2:1,5,0,0,0,0,1,0,0,0,0,0,0,7,6
11119,0:3:2;0:4:3;1:2:1,5,1,0,0,0,1,0,0,0,0,0,0,12,6
11120,0:3:2;0:4:3;1:2:1,5,2,0,0,0,1,0,0,0,0,0,0,17,6
11121,0:3:2;0:4:3;1:2:1,5,3,1,1,1,0,1,1,1,1,1,4,7,2
11122,0:3:2;0:4:3;1:2:1,5,4,1,1,1,0,1,1,1,1,1,4,7,2
11123,0:3:2;0:4:3;1:2:1,5,5,1,1,1,0,1,1,1,1,1,4,7,1
11124,0:3:2;0:4:3;1:2:2,0,0,0,0,0,1,0,0,0,0,0,0,1,6
11125,0:3:2;0:4:3;1:2:2,0,1,0,0,0,1,0,0,0,0,0,0,3,6
11126,0:3:2;0:4:3;1:2:2,0,2,0,0,0,1,0,0,0,0,0,0,10,6
11127,0:3:2;0:4:3;1:2:2,0,3,1,1,0,0,1,1,1,1,1,4,8,2
11128,0:3:2;0:4:3;1:2:2,0,4,1,1,1,0,1,1,1,1,1,4,8,2
11129,0:3:2;0:4:3;1:2:2,0,5,1,1,1,0,1,1,1,1,1,4,8,1
11130,0:3:2;0:4:3;1:2:2,1,0,0,0,0,1,0,0,0,0,0,0,2,6
11131,0:3:2;0:4:3;1:2:2,1,1,0,0,0,1,0,0,0,0,0,0,6,6
11132,0:3:2;0:4:3;1:2:2,1,2,0,0,0,1,0,0,0,0,0,0,15,6
11133,0:3:2;0:4:3;1:2:2,1,3,1,1,1,0,1,1,1,1,1,4,8,2
11134,0:3:2;0:4:3;1:2:2,1,4,1,1,1,0,1,1,1,1,1,4,8,2
11135,0:3:2;0:4:3;1:2:2,1,5,1,1,1,0,1,1,1,1,1,4,8,1
11136,0:3:2;0:4:3;1:2:2,2,0,0,0,0,1,0,0,0,0,0,0,8,6
11137,0:3:2;0:4:3;1:2:2,2,1,0,0,0,1,0,0,0,0,0,0,15,6
11138,0:3:2;0:4:3;1:2:2,2,2,0,0,0,1,0,0,0,0,0,0,23,6
11139,0:3:2;0:4:3;1:2:2,2,3,1,1,1,0,1,1,1,1,1,4,8,2
11140,0:3:2;0:4:3;1:2:2,2,4,1,1,1,0,1,1,1,1,1,4,8,2
11141,0:3:2;0:4:3;1:2:2,2,5,1,1,1,0,1,1,1,1,1,4,8,1
11142,0:3:2;0:4:3;1:2:2,3,0,0,0,0,1,0,0,0,0,0,0,8,6
11143,0:3:2;0:4:3;1:2:2,3,1,0,0,0,1,0,0,0,0,0,0,15,6
11144,0:3:2;0:4:3;1:2:2,3,2,0,0,0,1,0,0,0,0,0,0,23,6
11145,0:3:2;0:4:3;1:2:2,3,3,1,1,1,0,1,1,1,1,1,4,8,2
11146,0:3:2;0:4:3;1:2:2,3,4,1,1,1,0,1,1,1,1,1,4,8,2
11147,0:3:2;0:4:3;1:2:2,3,5,1,1,1,0,1,1,1,1,1,4,8,1
11148,0:3:2;0:4:3;1:2:2,4,0,0,0,0,1,0,0,0,0,0,0,8,6
11149,0:3:2;0:4:3;1:2:2,4,1,0,0,0,1,0,0,0,0,0,0,15,6
11150,0:3:2;0:4:3;1:2:2,4,2,0,0,0,1,0,0,0,0,0,0,23,6
11151,0:3:2;0:4:3;1:2:2,4,3,1,1,1,0,1,1,1,1,1,4,8,2
11152,0:3:2;0:4:3;1:2:2,4,4,1,1,1,0,1,1,1,1,1,4,8,2
11153,0:3:2;0:4:3;1:2:2,4,5,1,1,1,0,1,1,1,1,1,4,8,1
11154,0:3:2;0:4:3;1:2:2,5,0,0,0,0,1,0,0,0,0,0,0,8,6
11155,0:3:2;0:4:3;1:2:2,5,1,0,0,0,1,0,0,0,0,0,0,15,6
11156,0:3:2;0:4:3;1:2:2,5,2,0,0,0,1,0,0,0,0,0,0,23,6
11157,0:3:2;0:4:3;1:2:2,5,3,1,1,1,0,1,1,1,1,1,4,8,2
11158,0:3:2;0:4:3;1:2:2,5,4,1,1,1,0,1,1,1,1,1,4,8,2
11159,0:3:2;0:4:3;1:2:2,5,5,1,1,1,0,1,1,1,1,1,4,8,1
11160,0:3:2;0:4:3;1:3:2,0,0,0,0,0,1,0,0,0,0,0,0,1,6
11161,0:3:2;0:4:3;1:3:2,0,1,0,0,0,1,0,0,0,0,0,0,3,6
11162,0:3:2;0:4:3;1:3:2,0,2,1,1,0,0,1,1,1,1,1,4,8,2
11163,0:3:2;0:4:3;1:3:2,0,3,1,1,0,0,1,1,1,1,1,4,8,2
11164,0:3:2;0:4:3;1:3:2,0,4,1,1,1,0,1,1,1,1,1,4,8,2
11165,0:3:2;0:4:3;1:3:2,0,5,1,1,1,0,1,1,1,1,1,4,8,1
11166,0:3:2;0:4:3;1:3:2,1,0,0,0,0,1,0,0,0,0,0,0,2,6
11167,0:3:2;0:4:3;1:3:2,1,1,0,0,0,1,0,0,0,0,0,0,6,6
11168,0:3:2;0:4:3;1:3:2,1,2,1,1,0,0,1,1,1,1,1,4,8,2
11169,0:3:2;0:4:3;1:3:2,1,3,1,1,1,0,1,1,1,1,1,4,8,2
11170,0:3:2;0:4:3;1:3:2,1,4,1,1,1,0,1,1,1,1,1,4,8,2
11171,0:3:2;0:4:3;1:3:2,1,5,1,1,1,0,1,1,1,1,1,4,8,1
11172,0:3:2;0:4:3;1:3:2,2,0,0,0,0,1,0,0,0,0,0,0,11,6
11173,0:3:2;0:4:3;1:3:2,2,1,0,0,0,1,0,0,0,0,0,0,17,6
11174,0:3:2;0:4:3;1:3:2,2,2,1,1,1,0,1,1,1,1,1,4,8,2
11175,0:3:2;0:4:3;1:3:2,2,3,1,1,1,0,1,1,1,1,1,4,8,2
11176,0:3:2;0:4:3;1:3:2,2,4,1,1,1,0,1,1,1,1,1,4,8,2
11177,0:3:2;0:4:3;1:3:2,2,5,1,1,1,0,1,1,1,1,1,4,8,1
11178,0:3:2;0:4:3;1:3:2,3,0,0,0,0,1,0,0,0,0,0,0,11,6
11179,0:3:2;0:4:3;1:3:2,3,1,0,0,0,1,0,0,0,0,0,0,17,6
11180,0:3:2;0:4:3;1:3:2,3,2,1,1,1,0,1,1,1,1,1,4,8,2
11181,0:3:2;0:4:3;1:3:2,3,3,1,1,1,0,1,1,1,1,1,4,8,2
11182,0:3:2;0:4:3;1:3:2,3,4,1,1,1,0,1,1,1,1,1,4,8,2
11183,0:3:2;0:4:3;1:3:2,3,5,1,1,1,0,1,1,1,1,1,4,8,1
11184,0:3:2;0:4:3;1:3:2,4,0,0,0,0,1,0,0,0,0,0,0,11,6
11185,0:3:2;0:4:3;1:3:2,4,1,0,0,0,1,0,0,0,0,0,0,17,6
11186,0:3:2;0:4:3;1:3:2,4,2,1,1,1,0,1,1,1,1,1,4,8,2
11187,0:3:2;0:4:3;1:3:2,4,3,1,1,1,0,1,1,1,1,1,4,8,2
11188,0:3:2;0:4:3;1:3:2,4,4,1,1,1,0,1,1,1,1,1,4,8,2
11189,0:3:2;0:4:3;1:3:2,4,5,1,1,1,0,1,1,1,1,1,4,8,1
11190,0:3:2;0:4:3;1:3:2,5,0,0,0,0,1,0,0,0,0,0,0,11,6
11191,0:3:2;0:4:3;1:3:2,5,1,0,0,0,1,0,0,0,0,0,0,17,6
11192,0:3:2;0:4:3;1:3:2,5,2,1,1,1,0,1,1,1,1,1,4,8,2
11193,0:3:2;0:4:3;1:3:2,5,3,1,1,1,0,1,1,1,1,1,4,8,2
11194,0:3:2;0:4:3;1:3:2,5,4,1,1,1,0,1,1,1,1,1,4,8,2
11195,0:3:2;0:4:3;1:3:2,5,5,1,1,1,0,1,1,1,1,1,4,8,1
11196,0:3:2;0:4:3;1:3:3,0,0,0,0,0,1,0,0,0,0,0,0,1,6
11197,0:3:2;0:4:3;1:3:3,0,1,0,0,0,1,0,0,0,0,0,0,3,6
11198,0:3:2;0:4:3;1:3:3,0,2,1,1,0,0,1,1,1,1,1,4,9,2
11199,0:3:2;0:4:3;1:3:3,0,3,1,1,0,0,1,1,1,1,1,4,9,2
11200,0:3:2;0:4:3;1:3:3,0,4,1,1,0,0,1,1,1,1,1,4,9,2
11201,0:3:2;0:4:3;1:3:3,0,5,1,1,1,0,1,1,1,1,1,4,9,1
11202,0:3:2;0:4:3;1:3:3,1,0,0,0,0,1,0,0,0,0,0,0,2,6
11203,0:3:2;0:4:3;1:3:3,1,1,0,0,0,1,0,0,0,0,0,0,6,6
11204,0:3:2;0:4:3;1:3:3,1,2,1,1,0,0,1,1,1,1,1,4,9,2
11205,0:3:2;0:4:3;1:3:3,1,3,1,1,0,0,1,1,1,1,1,4,9,2
11206,0:3:2;0:4:3;1:3:3,1,4,1,1,1,0,1,1,1,1,1,4,9,2
11207,0:3:2;0:4:3;1:3:3,1,5,1,1,1,0,1,1,1,1,1,4,9,1
11208,0:3:2;0:4:3;1:3:3,2,0,0,0,0,1,0,0,0,0,0,0,3,6
11209,0:3:2;0:4:3;1:3:3,2,1,0,0,0,1,0,0,0,0,0,0,9,6
11210,0:3:2;0:4:3;1:3:3,2,2,1,1,0,0,1,1,1,1,1,4,9,2
11211,0:3:2;0:4:3;1:3:3,2,3,1,1,1,0,1,1,1,1,1,4,9,2
11212,0:3:2;0:4:3;1:3:3,2,4,1,1,1,0,1,1,1,1,1,4,9,2
11213,0:3:2;0:4:3;1:3:3,2,5,1,1,1,0,1,1,1,1,1,4,9,1
11214,0:3:2;0:4:3;1:3:3,3,0,0,0,0,1,0,0,0,0,0,0,12,6
11215,0:3:2;0:4:3;1:3:3,3,1,0,0,0,1,0,0,0,0,0,0,20,6
11216,0:3:2;0:4:3;1:3:3,3,2,1,1,1,0,1,1,1,1,1,4,9,2
11217,0:3:2;0:4:3;1:3:3,3,3,1,1,1,0,1,1,1,1,1,4,9,2
11218,0:3:2;0:4:3;1:3:3,3,4,1,1,1,0,1,1,1,1,1,4,9,2
11219,0:3:2;0:4:3;1:3:3,3,5,1,1,1,0,1,1,1,1,1,4,9,1
11220,0:3:2;0:4:3;1:3:3,4,0,0,0,0,1,0,0,0,0,0,0,12,6
11221,0:3:2;0:4:3;1:3:3,4,1,0,0,0,1,0,0,0,0,0,0,20,6
11222,0:3:2;0:4:3;1:3:3,4,2,1,1,1,0,1,1,1,1,1,4,9,2
11223,0:3:2;0:4:3;1:3:3,4,3,1,1,1,0,1,1,1,1,1,4,9,2
11224,0:3:2;0:4:3;1:3:3,4,4,1,1,1,0,1,1,1,1,1,4,9,2
11225,0:3:2;0:4:3;1:3:3,4,5,1,1,1,0,1,1,1,1,1,4,9,1
11226,0:3:2;0:4:3;1:3:3,5,0,0,0,0,1,0,0,0,0,0,0,12,6
11227,0:3:2;0:4:3;1:3:3,5,1,0,0,0,1,0,0,0,0,0,0,20,6
11228,0:3:2;0:4:3;1:3:3,5,2,1,1,1,0,1,1,1,1,1,4,9,2
11229,0:3:2;0:4:3;1:3:3,5,3,1,1,1,0,1,1,1,1,1,4,9,2
11230,0:3:2;0:4:3;1:3:3,5,4,1,1,1,0,1,1,1,1,1,4,9,2
11231,0:3:2;0:4:3;1:3:3,5,5,1,1,1,0,1,1,1,1,1,4,9,1
11232,0:3:2;0:4:3;1:4:3,0,0,0,0,0,1,0,0,0,0,0,0,1,6
11233,0:3:2;0:4:3;1:4:3,0,1,1,0,0,1,0,0,0,0,0,1,3,6
11234,0:3:2;0:4:3;1:4:3,0,2,1,1,0,0,1,1,1,1,1,4,9,2
11235,0:3:2;0:4:3;1:4:3,0,3,1,1,0,0,1,1,1,1,1,4,9,2
11236,0:3:2;0:4:3;1:4:3,0,4,1,1,0,0,1,1,1,1,1,4,9,2
11237,0:3:2;0:4:3;1:4:3,0,5,1,1,1,0,1,1,1,1,1,4,9,1
11238,0:3:2;0:4:3;1:4:3,1,0,0,0,0,1,0,0,0,0,0,0,2,6
11239,0:3:2;0:4:3;1:4:3,1,1,1,0,0,1,0,0,0,0,0,1,6,6
11240,0:3:2;0:4:3;1:4:3,1,2,1,1,0,0,1,1,1,1,1,4,9,2
11241,0:3:2;0:4:3;1:4:3,1,3,1,1,0,0,1,1,1,1,1,4,9,2
11242,0:3:2;0:4:3;1:4:3,1,4,1,1,1,0,1,1,1,1,1,4,9,2
11243,0:3:2;0:4:3;1:4:3,1,5,1,1,1,0,1,1,1,1,1,4,9,1
11244,0:3:2;0:4:3;1:4:3,2,0,0,0,0,1,0,0,0,0,0,0,3,6
11245,0:3:2;0:4:3;1:4:3,2,1,1,0,0,1,0,0,0,0,0,1,9,6
11246,0:3:2;0:4:3;1:4:3,2,2,1,1,0,0,1,1,1,1,1,4,9,2
11247,0:3:2;0:4:3;1:4:3,2,3,1,1,1,0,1,1,1,1,1,4,9,2
11248,0:3:2;0:4:3;1:4:3,2,4,1,1,1,0,1,1,1,1,1,4,9,2
11249,0:3:2;0:4:3;1:4:3,2,5,1,1,1,0,1,1,1,1,1,4,9,1
11250,0:3:2;0:4:3;1:4:3,3,0,0,0,0,1,0,0,0,0,0,0,14,6
11251,0:3:2;0:4:3;1:4:3,3,1,1,1,0,0,1,1,1,1,1,4,9,5
11252,0:3:2;0:4:3;1:4:3,3,2,1,1,1,0,1,1,1,1,1,4,9,2
11253,0:3:2;0:4:3;1:4:3,3,3,1,1,1,0,1,1,1,1,1,4,9,2
11254,0:3:2;0:4:3;1:4:3,3,4,1,1,1,0,1,1,1,1,1,4,9,2
11255,0:3:2;0:4:3;1:4:3,3,5,1,1,1,0,1,1,1,1,1,4,9,1
11256,0:3:2;0:4:3;1:4:3,4,0,0,0,0,1,0,0,0,0,0,0,14,6
11257,0:3:2;0:4:3;1:4:3,4,1,1,1,1,0,1,1,1,1,1,4,9,5
11258,0:3:2;0:4:3;1:4:3,4,2,1,1,1,0,1,1,1,1,1,4,9,2
11259,0:3:2;0:4:3;1:4:3,4,3,1,1,1,0,1,1,1,1,1,4,9,2
11260,0:3:2;0:4:3;1:4:3,4,4,1,1,1,0,1,1,1,1,1,4,9,2
11261,0:3:2;0:4:3;1:4:3,4,5,1,1,1,0,1,1,1,1,1,4,9,1
11262,0:3:2;0:4:3;1:4:3,5,0,0,0,0,1,0,0,0,0,0,0,14,6
11263,0:3:2;0:4:3;1:4:3,5,1,1,1,1,0,1,1,1,1,1,4,9,5
11264,0:3:2;0:4:3;1:4:3,5,2,1,1,1,0,1,1,1,1,1,4,9,2
11265,0:3:2;0:4:3;1:4:3,5,3,1,1,1,0,1,1,1,1,1,4,9,2
11266,0:3:2;0:4:3;1:4:3,5,4,1,1,1,0,1,1,1,1,1,4,9,2
11267,0:3:2;0:4:3;1:4:3,5,5,1,1,1,0,1,1,1,1,1,4,9,1
11268,0:3:2;1:1:1;1:1:1,0,0,1,0,0,1,0,0,0,0,0,1,1,6
11269,0:3:2;1:1:1;1:1:1,0,1,1,0,0,1,0,0,0,0,0,1,2,6
11270,0:3:2;1:1:1;1:1:1,0,2,1,1,1,0,1,1,1,1,1,4,5,1
11271,0:3:2;1:1:1;1:1:1,0,3,1,1,1,0,1,1,1,1,1,4,5,1
11272,0:3:2;1:1:1;1:1:1,0,4,1,1,1,0,1,1,1,1,1,4,5,1
11273,0:3:2;1:1:1;1:1:1,0,5,1,1,1,0,1,1,1,1,1,4,5,1
11274,0:3:2;1:1:1;1:1:1,1,0,1,0,0,1,0,0,0,0,0,3,5,6
11275,0:3:2;1:1:1;1:1:1,1,1,1,1,1,0,1,1,1,1,1,4,5,3
11276,0:3:2;1:1:1;1:1:1,1,2,1,1,1,0,1,1,1,1,1,4,5,1
11277,0:3:2;1:1:1;1:1:1,1,3,1,1,1,0,1,1,1,1,1,4,5,1
11278,0:3:2;1:1:1;1:1:1,1,4,1,1,1,0,1,1,1,1,1,4,5,1
11279,0:3:2;1:1:1;1:1:1,1,5,1,1,1,0,1,1,1,1,1,4,5,1
11280,0:3:2;1:1:1;1:1:1,2,0,1,1,1,0,1,1,1,1,1,4,5,4
11281,0:3:2;1:1:1;1:1:1,2,1,1,1,1,0,1,1,1,1,1,4,5,3
11282,0:3:2;1:1:1;1:1:1,2,2,1,1,1,0,1,1,1,1,1,4,5,1
11283,0:3:2;1:1:1;1:1:1,2,3,1,1,1,0,1,1,1,1,1,4,5,1
11284,0:3:2;1:1:1;1:1:1,2,4,1,1,1,0,1,1,1,1,1,4,5,1
11285,0:3:2;1:1:1;1:1:1,2,5,1,1,1,0,1,1,1,1,1,4,5,1
11286,0:3:2;1:1:1;1:1:1,3,0,1,1,1,0,1,1,1,1,1,4,5,4
11287,0:3:2;1:1:1;1:1:1,3,1,1,1,1,0,1,1,1,1,1,4,5,3
11288,0:3:2;1:1:1;1:1:1,3,2,1,1,1,0,1,1,1,1,1,4,5,1
11289,0:3:2;1:1:1;1:1:1,3,3,1,1,1,0,1,1,1,1,1,4,5,1
11290,0:3:2;1:1:1;1:1:1,3,4,1,1,1,0,1,1,1,1,1,4,5,1
11291,0:3:2;1:1:1;1:1:1,3,5,1,1,1,0,1,1,1,1,1,4,5,1
11292,0:3:2;1:1:1;1:1:1,4,0,1,1,1,0,1,1,1,1,1,4,5,4
11293,0:3:2;1:1:1;1:1:1,4,1,1,1,1,0,1,1,1,1,1,4,5,3
11294,0:3:2;1:1:1;1:1:1,4,2,1,1,1,0,1,1,1,1,1,4,5,1
11295,0:3:2;1:1:1;1:1:1,4,3,1,1,1,0,1,1,1,1,1,4,5,1
11296,0:3:2;1:1:1;1:1:1,4,4,1,1,1,0,1,1,1,1,1,4,5,1
11297,0:3:2;1:1:1;1:1:1,4,5,1,1,1,0,1,1,1,1,1,4,5,1
11298,0:3:2;1:1:1;1:1:1,5,0,1,1,1,0,1,1,1,1,1,4,5,4
11299,0:3:2;1:1:1;1:1:1,5,1,1,1,1,0,1,1,1,1,1,4,5,3
11300,0:3:2;1:1:1;1:1:1,5,2,1,1,1,0,1,1,1,1,1,4,5,1
11301,0:3:2;1:1:1;1:1:1,5,3,1,1,1,0,1,1,1,1,1,4,5,1
11302,0:3:2;1:1:1;1:1:1,5,4,1,1,1,0,1,1,1,1,1,4,5,1
11303,0:3:2;1:1:1;1:1:1,5,5,1,1,1,0,1,1,1,1,1,4,5,1
11304,0:3:2;1:1:1;1:2:1,0,0,1,0,0,1,0,0,0,0,0,1,1,6
11305,0:3:2;1:1:1;1:2:1,0,1,1,0,0,1,0,0,0,0,0,1,2,6
11306,0:3:2;1:1:1;1:2:1,0,2,1,1,1,0,1,1,1,1,1,4,5,1
11307,0:3:2;1:1:1;1:2:1,0,3,1,1,1,0,1,1,1,1,1,4,5,1
11308,0:3:2;1:1:1;1:2:1,0,4,1,1,1,0,1,1,1,1,1,4,5,1
11309,0:3:2;1:1:1;1:2:1,0,5,1,1,1,0,1,1,1,1,1,4,5,1
11310,0:3:2;1:1:1;1:2:1,1,0,1,1,0,1,0,0,0,1,1,5,7,5
11311,0:3:2;1:1:1;1:2:1,1,1,1,1,1,0,1,1,1,1,1,4,5,3
11312,0:3:2;1:1:1;1:2:1,1,2,1,1,1,0,1,1,1,1,1,4,5,1
11313,0:3:2;1:1:1;1:2:1,1,3,1,1,1,0,1,1,1,1,1,4,5,1
11314,0:3:2;1:1:1;1:2:1,1,4,1,1,1,0,1,1,1,1,1,4,5,1
11315,0:3:2;1:1:1;1:2:1,1,5,1,1,1,0,1,1,1,1,1,4,5,1
11316,0:3:2;1:1:1;1:2:1,2,0,1,1,1,0,1,1,1,1,1,4,5,4
11317,0:3:2;1:1:1;1:2:1,2,1,1,1,1,0,1,1,1,1,1,4,5,3
11318,0:3:2;1:1:1;1:2:1,2,2,1,1,1,0,1,1,1,1,1,4,5,1
11319,0:3:2;1:1:1;1:2:1,2,3,1,1,1,0,1,1,1,1,1,4,5,1
11320,0:3:2;1:1:1;1:2:1,2,4,1,1,1,0,1,1,1,1,1,4,5,1
11321,0:3:2;1:1:1;1:2:1,2,5,1,1,1,0,1,1,1,1,1,4,5,1
11322,0:3:2;1:1:1;1:2:1,3,0,1,1,1,0,1,1,1,1,1,4,5,4
11323,0:3:2;1:1:1;1:2:1,3,1,1,1,1,0,1,1,1,1,1,4,5,3
11324,0:3:2;1:1:1;1:2:1,3,2,1,1,1,0,1,1,1,1,1,4,5,1
11325,0:3:2;1:1:1;1:2:1,3,3,1,1,1,0,1,1,1,1,1,4,5,1
11326,0:3:2;1:1:1;1:2:1,3,4,1,1,1,0,1,1,1,1,1,4,5,1
11327,0:3:2;1:1:1;1:2:1,3,5,1,1,1,0,1,1,1,1,1,4,5,1
11328,0:3:2;1:1:1;1:2:1,4,0,1,1,1,0,1,1,1,1,1,4,5,4
11329,0:3:2;1:1:1;1:2:1,4,1,1,1,1,0,1,1,1,1,1,4,5,3
11330,0:3:2;1:1:1;1:2:1,4,2,1,1,1,0,1,1,1,1,1,4,5,1
11331,0:3:2;1:1:1;1:2:1,4,3,1,1,1,0,1,1,1,1,1,4,5,1
11332,0:3:2;1:1:1;1:2:1,4,4,1,1,1,0,1,1,1,1,1,4,5,1
11333,0:3:2;1:1:1;1:2:1,4,5,1,1,1,0,1,1,1,1,1,4,5,1
11334,0:3:2;1:1:1;1:2:1,5,0,1,1,1,0,1,1,1,1,1,4,5,4
11335,0:3:2;1:1:1;1:2:1,5,1,1,1,1,0,1,1,1,1,1,4,5,3
11336,0:3:2;1:1:1;1:2:1,5,2,1,1,1,0,1,1,1,1,1,4,5,1
11337,0:3:2;1:1:1;1:2:1,5,3,1,1,1,0,1,1,1,1,1,4,5,1
11338,0:3:2;1:1:1;1:2:1,5,4,1,1,1,0,1,1,1,1,1,4,5,1
11339,0:3:2;1:1:1;1:2:1,5,5,1,1,1,0,1,1,1,1,1,4,5,1
11340,0:3:2;1:1:1;1:2:2,0,0,1,0,0,1,0,0,0,0,0,1,1,6
11341,0:3:2;1:1:1;1:2:2,0,1,1,0,0,1,0,0,0,0,0,1,2,6
11342,0:3:2;1:1:1;1:2:2,0,2,1,1,0,0,1,1,1,1,1,4,6,1
11343,0:3:2;1:1:1;1:2:2,0,3,1,1,1,0,1,1,1,1,1,4,6,1
11344,0:3:2;1:1:1;1:2:2,0,4,1,1,1,0,1,1,1,1,1,4,6,1
11345,0:3:2;1:1:1;1:2:2,0,5,1,1,1,0,1,1,1,1,1,4,6,1
11346,0:3:2;1:1:1;1:2:2,1,0,1,0,0,1,0,0,0,0,0,2,4,6
11347,0:3:2;1:1:1;1:2:2,1,1,1,1,0,0,1,1,1,1,1,4,6,3
11348,0:3:2;1:1:1;1:2:2,1,2,1,1,1,0,1,1,1,1,1,4,6,1
11349,0:3:2;1:1:1;1:2:2,1,3,1,1,1,0,1,1,1,1,1,4,6,1
11350,0:3:2;1:1:1;1:2:2,1,4,1,1,1,0,1,1,1,1,1,4,6,1
11351,0:3:2;1:1:1;1:2:2,1,5,1,1,1,0,1,1,1,1,1,4,6,1
11352,0:3:2;1:1:1;1:2:2,2,0,1,1,0,1,0,0,1,0,1,5,10,5
11353,0:3:2;1:1:1;1:2:2,2,1,1,1,1,0,1,1,1,1,1,4,6,3
11354,0:3:2;1:1:1;1:2:2,2,2,1,1,1,0,1,1,1,1,1,4,6,1
11355,0:3:2;1:1:1;1:2:2,2,3,1,1,1,0,1,1,1,1,1,4,6,1
11356,0:3:2;1:1:1;1:2:2,2,4,1,1,1,0,1,1,1,1,1,4,6,1
11357,0:3:2;1:1:1;1:2:2,2,5,1,1,1,0,1,1,1,1,1,4,6,1
11358,0:3:2;1:1:1;1:2:2,3,0,1,1,1,0,1,1,1,1,1,4,6,4
11359,0:3:2;1:1:1;1:2:2,3,1,1,1,1,0,1,1,1,1,1,4,6,3
11360,0:3:2;1:1:1;1:2:2,3,2,1,1,1,0,1,1,1,1,1,4,6,1
11361,0:3:2;1:1:1;1:2:2,3,3,1,1,1,0,1,1,1,1,1,4,6,1
11362,0:3:2;1:1:1;1:2:2,3,4,1,1,1,0,1,1,1,1,1,4,6,1
11363,0:3:2;1:1:1;1:2:2,3,5,1,1,1,0,1,1,1,1,1,4,6,1
11364,0:3:2;1:1:1;1:2:2,4,0,1,1,1,0,1,1,1,1,1,4,6,4
11365,0:3:2;1:1:1;1:2:2,4,1,1,1,1,0,1,1,1,1,1,4,6,3
11366,0:3:2;1:1:1;1:2:2,4,2,1,1,1,0,1,1,1,1,1,4,6,1
11367,0:3:2;1:1:1;1:2:2,4,3,1,1,1,0,1,1,1,1,1,4,6,1
11368,0:3:2;1:1:1;1:2:2,4,4,1,1,1,0,1,1,1,1,1,4,6,1
11369,0:3:2;1:1:1;1:2:2,4,5,1,1,1,0,1,1,1,1,1,4,6,1
11370,0:3:2;1:1:1;1:2:2,5,0,1,1,1,0,1,1,1,1,1,4,6,4
11371,0:3:2;1:1:1;1:2:2,5,1,1,1,1,0,1,1,1,1,1,4,6,3
11372,0:3:2;1:1:1;1:2:2,5,2,1,1,1,0,1,1,1,1,1,4,6,1
11373,0:3:2;1:1:1;1:2:2,5,3,1,1,1,0,1,1,1,1,1,4,6,1
11374,0:3:2;1:1:1;1:2:2,5,4,1,1,1,0,1,1,1,1,1,4,6,1
11375,0:3:2;1:1:1;1:2:2,5,5,1,1,1,0,1,1,1,1,1,4,6,1
11376,0:3:2;1:1:1;1:3:2,0,0,1,0,0,1,0,0,0,0,0,1,1,6
11377,0:3:2;1:1:1;1:3:2,0,1,1,0,0,1,0,0,0,0,0,1,2,6
11378,0:3:2;1:1:1;1:3:2,0,2,1,1,0,0,1,1,1,1,1,4,6,1
11379,0:3:2;1:1:1;1:3:2,0,3,1,1,1,0,1,1,1,1,1,4,6,1
11380,0:3:2;1:1:1;1:3:2,0,4,1,1,1,0,1,1,1,1,1,4,6,1
11381,0:3:2;1:1:1;1:3:2,0,5,1,1,1,0,1,1,1,1,1,4,6,1
11382,0:3:2;1:1:1;1:3:2,1,0,1,0,0,1,0,0,0,0,0,2,4,6
11383,0:3:2;1:1:1;1:3:2,1,1,1,1,0,0,1,1,1,1,1,4,6,3
11384,0:3:2;1:1:1;1:3:2,1,2,1,1,1,0,1,1,1,1,1,4,6,1
11385,0:3:2;1:1:1;1:3:2,1,3,1,1,1,0,1,1,1,1,1,4,6,1
11386,0:3:2;1:1:1;1:3:2,1,4,1,1,1,0,1,1,1,1,1,4,6,1
11387,0:3:2;1:1:1;1:3:2,1,5,1,1,1,0,1,1,1,1,1,4,6,1
11388,0:3:2;1:1:1;1:3:2,2,0,1,1,0,1,0,0,1,1,1,5,10,5
11389,0:3:2;1:1:1;1:3:2,2,1,1,1,1,0,1,1,1,1,1,4,6,3
11390,0:3:2;1:1:1;1:3:2,2,2,1,1,1,0,1,1,1,1,1,4,6,1
11391,0:3:2;1:1:1;1:3:2,2,3,1,1,1,0,1,1,1,1,1,4,6,1
11392,0:3:2;1:1:1;1:3:2,2,4,1,1,1,0,1,1,1,1,1,4,6,1
11393,0:3:2;1:1:1;1:3:2,2,5,1,1,1,0,1,1,1,1,1,4,6,1
11394,0:3:2;1:1:1;1:3:2,3,0,1,1,1,0,1,1,1,1,1,4,6,4
11395,0:3:2;1:1:1;1:3:2,3,1,1,1,1,0,1,1,1,1,1,4,6,3
11396,0:3:2;1:1:1;1:3:2,3,2,1,1,1,0,1,1,1,1,1,4,6,1
11397,0:3:2;1:1:1;1:3:2,3,3,1,1,1,0,1,1,1,1,1,4,6,1
11398,0:3:2;1:1:1;1:3:2,3,4,1,1,1,0,1,1,1,1,1,4,6,1
11399,0:3:2;1:1:1;1:3:2,3,5,1,1,1,0,1,1,1,1,1,4,6,1
11400,0:3:2;1:1:1;1:3:2,4,0,1,1,1,0,1,1,1,1,1,4,6,4
11401,0:3:2;1:1:1;1:3:2,4,1,1,1,1,0,1,1,1,1,1,4,6,3
11402,0:3:2;1:1:1;1:3:2,4,2,1,1,1,0,1,1,1,1,1,4,6,1
11403,0:3:2;1:1:1;1:3:2,4,3,1,1,1,0,1,1,1,1,1,4,6,1
11404,0:3:2;1:1:1;1:3:2,4,4,1,1,1,0,1,1,1,1,1,4,6,1
11405,0:3:2;1:1:1;1:3:2,4,5,1,1,1,0,1,1,1,1,1,4,6,1
11406,0:3:2;1:1:1;1:3:2,5,0,1,1,1,0,1,1,1,1,1,4,6,4
11407,0:3:2;1:1:1;1:3:2,5,1,1,1,1,0,1,1,1,1,1,4,6,3
11408,0:3:2;1:1:1;1:3:2,5,2,1,1,1,0,1,1,1,1,1,4,6,1
11409,0:3:2;1:1:1;1:3:2,5,3,1,1,1,0,1,1,1,1,1,4,6,1
11410,0:3:2;1:1:1;1:3:2,5,4,1,1,1,0,1,1,1,1,1,4,6,1
11411,0:3:2;1:1:1;1:3:2,5,5,1,1,1,0,1,1,1,1,1,4,6,1
11412,0:3:2;1:1:1;1:3:3,0,0,0,0,0,1,0,0,0,0,0,0,1,6
11413,0:3:2;1:1:1;1:3:3,0,1,0,0,0,1,0,0,0,0,0,0,2,6
11414,0:3:2;1:1:1;1:3:3,0,2,0,0,0,1,0,0,0,0,0,0,9,6
11415,0:3:2;1:1:1;1:3:3,0,3,0,0,0,1,0,0,0,0,0,0,9,6
11416,0:3:2;1:1:1;1:3:3,0,4,0,0,0,1,0,0,0,0,0,0,9,6
11417,0:3:2;1:1:1;1:3:3,0,5,0,0,0,1,0,0,0,0,0,0,9,6
11418,0:3:2;1:1:1;1:3:3,1,0,1,0,0,1,0,0,0,0,0,2,4,6
11419,0:3:2;1:1:1;1:3:3,1,1,1,1,0,0,1,1,1,1,1,4,7,3
11420,0:3:2;1:1:1;1:3:3,1,2,1,1,0,0,1,1,1,1,1,4,7,1
11421,0:3:2;1:1:1;1:3:3,1,3,1,1,1,0,1,1,1,1,1,4,7,1
11422,0:3:2;1:1:1;1:3:3,1,4,1,1,1,0,1,1,1,1,1,4,7,1
11423,0:3:2;1:1:1;1:3:3,1,5,1,1,1,0,1,1,1,1,1,4,7,1
11424,0:3:2;1:1:1;1:3:3,2,0,1,0,0,1,0,0,0,0,0,2,7,6
11425,0:3:2;1:1:1;1:3:3,2,1,1,1,0,0,1,1,1,1,1,4,7,3
11426,0:3:2;1:1:1;1:3:3,2,2,1,1,1,0,1,1,1,1,1,4,7,1
11427,0:3:2;1:1:1;1:3:3,2,3,1,1,1,0,1,1,1,1,1,4,7,1
11428,0:3:2;1:1:1;1:3:3,2,4,1,1,1,0,1,1,1,1,1,4,7,1
11429,0:3:2;1:1:1;1:3:3,2,5,1,1,1,0,1,1,1,1,1,4,7,1
11430,0:3:2;1:1:1;1:3:3,3,0,1,1,0,1,0,0,1,0,1,5,13,5
11431,0:3:2;1:1:1;1:3:3,3,1,1,1,1,0,1,1,1,1,1,4,7,3
11432,0:3:2;1:1:1;1:3:3,3,2,1,1,1,0,1,1,1,1,1,4,7,1
11433,0:3:2;1:1:1;1:3:3,3,3,1,1,1,0,1,1,1,1,1,4,7,1
11434,0:3:2;1:1:1;1:3:3,3,4,1,1,1,0,1,1,1,1,1,4,7,1
11435,0:3:2;1:1:1;1:3:3,3,5,1,1,1,0,1,1,1,1,1,4,7,1
11436,0:3:2;1:1:1;1:3:3,4,0,1,1,1,0,1,1,1,1,1,4,7,4
11437,0:3:2;1:1:1;1:3:3,4,1,1,1,1,0,1,1,1,1,1,4,7,3
11438,0:3:2;1:1:1;1:3:3,4,2,1,1,1,0,1,1,1,1,1,4,7,1
11439,0:3:2;1:1:1;1:3:3,4,3,1,1,1,0,1,1,1,1,1,4,7,1
11440,0:3:2;1:1:1;1:3:3,4,4,1,1,1,0,1,1,1,1,1,4,7,1
11441,0:3:2;1:1:1;1:3:3,4,5,1,1,1,0,1,1,1,1,1,4,7,1
11442,0:3:2;1:1:1;1:3:3,5,0,1,1,1,0,1,1,1,1,1,4,7,4
11443,0:3:2;1:1:1;1:3:3,5,1,1,1,1,0,1,1,1,1,1,4,7,3
11444,0:3:2;1:1:1;1:3:3,5,2,1,1,1,0,1,1,1,1,1,4,7,1
11445,0:3:2;1:1:1;1:3:3,5,3,1,1,1,0,1,1,1,1,1,4,7,1
11446,0:3:2;1:1:1;1:3:3,5,4,1,1,1,0,1,1,1,1,1,4,7,1
11447,0:3:2;1:1:1;1:3:3,5,5,1,1,1,0,1,1,1,1,1,4,7,1
11448,0:3:2;1:1:1;1:4:3,0,0,0,0,0,1,0,0,0,0,0,0,1,6
11449,0:3:2;1:1:1;1:4:3,0,1,0,0,0,1,0,0,0,0,0,0,2,6
11450,0:3:2;1:1:1;1:4:3,0,2,0,0,0,1,0,0,0,0,0,0,9,6
11451,0:3:2;1:1:1;1:4:3,0,3,0,0,0,1,0,0,0,0,0,0,9,6
11452,0:3:2;1:1:1;1:4:3,0,4,0,0,0,1,0,0,0,0,0,0,9,6
11453,0:3:2;1:1:1;1:4:3,0,5,0,0,0,1,0,0,0,0,0,0,9,6
11454,0:3:2;1:1:1;1:4:3,1,0,1,0,0,1,0,0,0,0,0,2,4,6
11455,0:3:2;1:1:1;1:4:3,1,1,1,1,0,0,1,1,1,1,1,4,7,3
11456,0:3:2;1:1:1;1:4:3,1,2,1,1,0,0,1,1,1,1,1,4,7,1
11457,0:3:2;1:1:1;1:4:3,1,3,1,1,1,0,1,1,1,1,1,4,7,1
11458,0:3:2;1:1:1;1:4:3,1,4,1,1,1,0,1,1,1,1,1,4,7,1
11459,0:3:2;1:1:1;1:4:3,1,5,1,1,1,0,1,1,1,1,1,4,7,1
11460,0:3:2;1:1:1;1:4:3,2,0,1,0,0,1,0,0,0,0,0,2,7,6
11461,0:3:2;1:1:1;1:4:3,2,1,1,1,0,0,1,1,1,1,1,4,7,3
11462,0:3:2;1:1:1;1:4:3,2,2,1,1,1,0,1,1,1,1,1,4,7,1
11463,0:3:2;1:1:1;1:4:3,2,3,1,1,1,0,1,1,1,1,1,4,7,1
11464,0:3:2;1:1:1;1:4:3,2,4,1,1,1,0,1,1,1,1,1,4,7,1
11465,0:3:2;1:1:1;1:4:3,2,5,1,1,1,0,1,1,1,1,1,4,7,1
11466,0:3:2;1:1:1;1:4:3,3,0,1,1,0,1,0,0,1,1,1,5,13,5
11467,0:3:2;1:1:1;1:4:3,3,1,1,1,1,0,1,1,1,1,1,4,7,3
11468,0:3:2;1:1:1;1:4:3,3,2,1,1,1,0,1,1,1,1,1,4,7,1
11469,0:3:2;1:1:1;1:4:3,3,3,1,1,1,0,1,1,1,1,1,4,7,1
11470,0:3:2;1:1:1;1:4:3,3,4,1,1,1,0,1,1,1,1,1,4,7,1
11471,0:3:2;1:1:1;1:4:3,3,5,1,1,1,0,1,1,1,1,1,4,7,1
11472,0:3:2;1:1:1;1:4:3,4,0,1,1,1,0,1,1,1,1,1,4,7,4
11473,0:3:2;1:1:1;1:4:3,4,1,1,1,1,0,1,1,1,1,1,4,7,3
11474,0:3:2;1:1:1;1:4:3,4,2,1,1,1,0,1,1,1,1,1,4,7,1
11475,0:3:2;1:1:1;1:4:3,4,3,1,1,1,0,1,1,1,1,1,4,7,1
11476,0:3:2;1:1:1;1:4:3,4,4,1,1,1,0,1,1,1,1,1,4,7,1
11477,0:3:2;1:1:1;1:4:3,4,5,1,1,1,0,1,1,1,1,1,4,7,1
11478,0:3:2;1:1:1;1:4:3,5,0,1,1,1,0,1,1,1,1,1,4,7,4
11479,0:3:2;1:1:1;1:4:3,5,1,1,1,1,0,1,1,1,1,1,4,7,3
11480,0:3:2;1:1:1;1:4:3,5,2,1,1,1,0,1,1,1,1,1,4,7,1
11481,0:3:2;1:1:1;1:4:3,5,3,1,1,1,0,1,1,1,1,1,4,7,1
11482,0:3:2;1:1:1;1:4:3,5,4,1,1,1,0,1,1,1,1,1,4,7,1
11483,0:3:2;1:1:1;1:4:3,5,5,1,1,1,0,1,1,1,1,1,4,7,1
11484,0:3:2;1:2:1;1:2:1,0,0,1,0,0,1,0,0,0,0,0,1,1,6
11485,0:3:2;1:2:1;1:2:1,0,1,1,0,0,1,0,0,0,0,0,1,2,6
11486,0:3:2;1:2:1;1:2:1,0,2,1,1,1,0,1,1,1,1,1,4,5,1
11487,0:3:2;1:2:1;1:2:1,0,3,1,1,1,0,1,1,1,1,1,4,5,1
11488,0:3:2;1:2:1;1:2:1,0,4,1,1,1,0,1,1,1,1,1,4,5,1
11489,0:3:2;1:2:1;1:2:1,0,5,1,1,1,0,1,1,1,1,1,4,5,1
11490,0:3:2;1:2:1;1:2:1,1,0,1,1,0,0,1,1,1,1,1,4,5,3
11491,0:3:2;1:2:1;1:2:1,1,1,1,1,1,0,1,1,1,1,1,4,5,3
11492,0:3:2;1:2:1;1:2:1,1,2,1,1,1,0,1,1,1,1,1,4,5,1
11493,0:3:2;1:2:1;1:2:1,1,3,1,1,1,0,1,1,1,1,1,4,5,1
11494,0:3:2;1:2:1;1:2:1,1,4,1,1,1,0,1,1,1,1,1,4,5,1
11495,0:3:2;1:2:1;1:2:1,1,5,1,1,1,0,1,1,1,1,1,4,5,1
11496,0:3:2;1:2:1;1:2:1,2,0,1,1,1,0,1,1,1,1,1,4,5,3
11497,0:3:2;1:2:1;1:2:1,2,1,1,1,1,0,1,1,1,1,1,4,5,3
11498,0:3:2;1:2:1;1:2:1,2,2,1,1,1,0,1,1,1,1,1,4,5,1
11499,0:3:2;1:2:1;1:2:1,2,3,1,1,1,0,1,1,1,1,1,4,5,1
11500,0:3:2;1:2:1;1:2:1,2,4,1,1,1,0,1,1,1,1,1,4,5,1
11501,0:3:2;1:2:1;1:2:1,2,5,1,1,1,0,1,1,1,1,1,4,5,1
11502,0:3:2;1:2:1;1:2:1,3,0,1,1,1,0,1,1,1,1,1,4,5,3
11503,0:3:2;1:2:1;1:2:1,3,1,1,1,1,0,1,1,1,1,1,4,5,3
11504,0:3:2;1:2:1;1:2:1,3,2,1,1,1,0,1,1,1,1,1,4,5,1
11505,0:3:2;1:2:1;1:2:1,3,3,1,1,1,0,1,1,1,1,1,4,5,1
11506,0:3:2;1:2:1;1:2:1,3,4,1,1,1,0,1,1,1,1,1,4,5,1
11507,0:3:2;1:2:1;1:2:1,3,5,1,1,1,0,1,1,1,1,1,4,5,1
11508,0:3:2;1:2:1;1:2:1,4,0,1,1,1,0,1,1,1,1,1,4,5,3
11509,0:3:2;1:2:1;1:2:1,4,1,1,1,1,0,1,1,1,1,1,4,5,3
11510,0:3:2;1:2:1;1:2:1,4,2,1,1,1,0,1,1,1,1,1,4,5,1
11511,0:3:2;1:2:1;1:2:1,4,3,1,1,1,0,1,1,1,1,1,4,5,1
11512,0:3:2;1:2:1;1:2:1,4,4,1,1,1,0,1,1,1,1,1,4,5,1
11513,0:3:2;1:2:1;1:2:1,4,5,1,1,1,0,1,1,1,1,1,4,5,1
11514,0:3:2;1:2:1;1:2:1,5,0,1,1,1,0,1,1,1,1,1,4,5,3
11515,0:3:2;1:2:1;1:2:1,5,1,1,1,1,0,1,1,1,1,1,4,5,3
11516,0:3:2;1:2:1;1:2:1,5,2,1,1,1,0,1,1,1,1,1,4,5,1
11517,0:3:2;1:2:1;1:2:1,5,3,1,1,1,0,1,1,1,1,1,4,5,1
11518,0:3:2;1:2:1;1:2:1,5,4,1,1,1,0,1,1,1,1,1,4,5,1
11519,0:3:2;1:2:1;1:2:1,5,5,1,1,1,0,1,1,1,1,1,4,5,1
11520,0:3:2;1:2:1;1:2:2,0,0,1,0,0,1,0,0,0,0,0,1,1,6
11521,0:3:2;1:2:1;1:2:2,0,1,1,0,0,1,0,0,0,0,0,1,2,6
11522,0:3:2;1:2:1;1:2:2,0,2,1,1,0,0,1,1,1,1,1,4,6,1
11523,0:3:2;1:2:1;1:2:2,0,3,1,1,1,0,1,1,1,1,1,4,6,1
11524,0:3:2;1:2:1;1:2:2,0,4,1,1,1,0,1,1,1,1,1,4,6,1
11525,0:3:2;1:2:1;1:2:2,0,5,1,1,1,0,1,1,1,1,1,4,6,1
11526,0:3:2;1:2:1;1:2:2,1,0,1,1,0,0,1,1,1,1,1,4,6,3
11527,0:3:2;1:2:1;1:2:2,1,1,1,1,0,0,1,1,1,1,1,4,6,3
11528,0:3:2;1:2:1;1:2:2,1,2,1,1,1,0,1,1,1,1,1,4,6,1
11529,0:3:2;1:2:1;1:2:2,1,3,1,1,1,0,1,1,1,1,1,4,6,1
11530,0:3:2;1:2:1;1:2:2,1,4,1,1,1,0,1,1,1,1,1,4,6,1
11531,0:3:2;1:2:1;1:2:2,1,5,1,1,1,0,1,1,1,1,1,4,6,1
11532,0:3:2;1:2:1;1:2:2,2,0,1,1,0,0,1,1,1,1,1,4,6,3
11533,0:3:2;1:2:1;1:2:2,2,1,1,1,1,0,1,1,1,1,1,4,6,3
11534,0:3:2;1:2:1;1:2:2,2,2,1,1,1,0,1,1,1,1,1,4,6,1
11535,0:3:2;1:2:1;1:2:2,2,3,1,1,1,0,1,1,1,1,1,4,6,1
11536,0:3:2;1:2:1;1:2:2,2,4,1,1,1,0,1,1,1,1,1,4,6,1
11537,0:3:2;1:2:1;1:2:2,2,5,1,1,1,0,1,1,1,1,1,4,6,1
11538,0:3:2;1:2:1;1:2:2,3,0,1,1,1,0,1,1,1,1,1,4,6,3
11539,0:3:2;1:2:1;1:2:2,3,1,1,1,1,0,1,1,1,1,1,4,6,3
11540,0:3:2;1:2:1;1:2:2,3,2,1,1,1,0,1,1,1,1,1,4,6,1
11541,0:3:2;1:2:1;1:2:2,3,3,1,1,1,0,1,1,1,1,1,4,6,1
11542,0:3:2;1:2:1;1:2:2,3,4,1,1,1,0,1,1,1,1,1,4,6,1
11543,0:3:2;1:2:1;1:2:2,3,5,1,1,1,0,1,1,1,1,1,4,6,1
11544,0:3:2;1:2:1;1:2:2,4,0,1,1,1,0,1,1,1,1,1,4,6,3
11545,0:3:2;1:2:1;1:2:2,4,1,1,1,1,0,1,1,1,1,1,4,6,3
11546,0:3:2;1:2:1;1:2:2,4,2,1,1,1,0,1,1,1,1,1,4,6,1
11547,0:3:2;1:2:1;1:2:2,4,3,1,1,1,0,1,1,1,1,1,4,6,1
11548,0:3:2;1:2:1;1:2:2,4,4,1,1,1,0,1,1,1,1,1,4,6,1
11549,0:3:2;1:2:1;1:2:2,4,5,1,1,1,0,1,1,1,1,1,4,6,1
11550,0:3:2;1:2:1;1:2:2,5,0,1,1,1,0,1,1,1,1,1,4,6,3
11551,0:3:2;1:2:1;1:2:2,5,1,1,1,1,0,1,1,1,1,1,4,6,3
11552,0:3:2;1:2:1;1:2:2,5,2,1,1,1,0,1,1,1,1,1,4,6,1
11553,0:3:2;1:2:1;1:2:2,5,3,1,1,1,0,1,1,1,1,1,4,6,1
11554,0:3:2;1:2:1;1:2:2,5,4,1,1,1,0,1,1,1,1,1,4,6,1
11555,0:3:2;1:2:1;1:2:2,5,5,1,1,1,0,1,1,1,1,1,4,6,1
11556,0:3:2;1:2:1;1:3:2,0,0,1,0,0,1,0,0,0,0,0,1,1,6
11557,0:3:2;1:2:1;1:3:2,0,1,1,0,0,1,0,0,0,0,0,1,2,6
11558,0:3:2;1:2:1;1:3:2,0,2,1,1,0,0,1,1,1,1,1,4,6,1
11559,0:3:2;1:2:1;1:3:2,0,3,1,1,1,0,1,1,1,1,1,4,6,1
11560,0:3:2;1:2:1;1:3:2,0,4,1,1,1,0,1,1,1,1,1,4,6,1
11561,0:3:2;1:2:1;1:3:2,0,5,1,1,1,0,1,1,1,1,1,4,6,1
11562,0:3:2;1:2:1;1:3:2,1,0,1,1,0,0,1,1,1,1,1,4,6,3
11563,0:3:2;1:2:1;1:3:2,1,1,1,1,0,0,1,1,1,1,1,4,6,3
11564,0:3:2;1:2:1;1:3:2,1,2,1,1,1,0,1,1,1,1,1,4,6,1
11565,0:3:2;1:2:1;1:3:2,1,3,1,1,1,0,1,1,1,1,1,4,6,1
11566,0:3:2;1:2:1;1:3:2,1,4,1,1,1,0,1,1,1,1,1,4,6,1
11567,0:3:2;1:2:1;1:3:2,1,5,1,1,1,0,1,1,1,1,1,4,6,1
11568,0:3:2;1:2:1;1:3:2,2,0,1,1,0,0,1,1,1,1,1,4,6,3
11569,0:3:2;1:2:1;1:3:2,2,1,1,1,1,0,1,1,1,1,1,4,6,3
11570,0:3:2;1:2:1;1:3:2,2,2,1,1,1,0,1,1,1,1,1,4,6,1
11571,0:3:2;1:2:1;1:3:2,2,3,1,1,1,0,1,1,1,1,1,4,6,1
11572,0:3:2;1:2:1;1:3:2,2,4,1,1,1,0,1,1,1,1,1,4,6,1
11573,0:3:2;1:2:1;1:3:2,2,5,1,1,1,0,1,1,1,1,1,4,6,1
11574,0:3:2;1:2:1;1:3:2,3,0,1,1,1,0,1,1,1,1,1,4,6,3
11575,0:3:2;1:2:1;1:3:2,3,1,1,1,1,0,1,1,1,1,1,4,6,3
11576,0:3:2;1:2:1;1:3:2,3,2,1,1,1,0,1,1,1,1,1,4,6,1
11577,0:3:2;1:2:1;1:3:2,3,3,1,1,1,0,1,1,1,1,1,4,6,1
11578,0:3:2;1:2:1;1:3:2,3,4,1,1,1,0,1,1,1,1,1,4,6,1
11579,0:3:2;1:2:1;1:3:2,3,5,1,1,1,0,1,1,1,1,1,4,6,1
11580,0:3:2;1:2:1;1:3:2,4,0,1,1,1,0,1,1,1,1,1,4,6,3
11581,0:3:2;1:2:1;1:3:2,4,1,1,1,1,0,1,1,1,1,1,4,6,3
11582,0:3:2;1:2:1;1:3:2,4,2,1,1,1,0,1,1,1,1,1,4,6,1
11583,0:3:2;1:2:1;1:3:2,4,3,1,1,1,0,1,1,1,1,1,4,6,1
11584,0:3:2;1:2:1;1:3:2,4,4,1,1,1,0,1,1,1,1,1,4,6,1
11585,0:3:2;1:2:1;1:3:2,4,5,1,1,1,0,1,1,1,1,1,4,6,1
11586,0:3:2;1:2:1;1:3:2,5,0,1,1,1,0,1,1,1,1,1,4,6,3
11587,0:3:2;1:2:1;1:3:2,5,1,1,1,1,0,1,1,1,1,1,4,6,3
11588,0:3:2;1:2:1;1:3:2,5,2,1,1,1,0,1,1,1,1,1,4,6,1
11589,0:3:2;1:2:1;1:3:2,5,3,1,1,1,0,1,1,1,1,1,4,6,1
11590,0:3:2;1:2:1;1:3:2,5,4,1,1,1,0,1,1,1,1,1,4,6,1
11591,0:3:2;1:2:1;1:3:2,5,5,1,1,1,0,1,1,1,1,1,4,6,1
11592,0:3:2;1:2:1;1:3:3,0,0,0,0,0,1,0,0,0,0,0,0,1,6
11593,0:3:2;1:2:1;1:3:3,0,1,0,0,0,1,0,0,0,0,0,0,2,6
11594,0:3:2;1:2:1;1:3:3,0,2,0,0,0,1,0,0,0,0,0,0,9,6
11595,0:3:2;1:2:1;1:3:3,0,3,0,0,0,1,0,0,0,0,0,0,9,6
11596,0:3:2;1:2:1;1:3:3,0,4,0,0,0,1,0,0,0,0,0,0,9,6
11597,0:3:2;1:2:1;1:3:3,0,5,0,0,0,1,0,0,0,0,0,0,9,6
11598,0:3:2;1:2:1;1:3:3,1,0,1,1,0,0,1,1,1,1,1,4,7,3
11599,0:3:2;1:2:1;1:3:3,1,1,1,1,0,0,1,1,1,1,1,4,7,3
11600,0:3:2;1:2:1;1:3:3,1,2,1,1,0,0,1,1,1,1,1,4,7,1
11601,0:3:2;1:2:1;1:3:3,1,3,1,1,1,0,1,1,1,1,1,4,7,1
11602,0:3:2;1:2:1;1:3:3,1,4,1,1,1,0,1,1,1,1,1,4,7,1
11603,0:3:2;1:2:1;1:3:3,1,5,1,1,1,0,1,1,1,1,1,4,7,1
11604,0:3:2;1:2:1;1:3:3,2,0,1,1,0,0,1,1,1,1,1,4,7,3
11605,0:3:2;1:2:1;1:3:3,2,1,1,1,0,0,1,1,1,1,1,4,7,3
11606,0:3:2;1:2:1;1:3:3,2,2,1,1,1,0,1,1,1,1,1,4,7,1
11607,0:3:2;1:2:1;1:3:3,2,3,1,1,1,0,1,1,1,1,1,4,7,1
11608,0:3:2;1:2:1;1:3:3,2,4,1,1,1,0,1,1,1,1,1,4,7,1
11609,0:3:2;1:2:1;1:3:3,2,5,1,1,1,0,1,1,1,1,1,4,7,1
11610,0:3:2;1:2:1;1:3:3,3,0,1,1,0,0,1,1,1,1,1,4,7,3
11611,0:3:2;1:2:1;1:3:3,3,1,1,1,1,0,1,1,1,1,1,4,7,3
11612,0:3:2;1:2:1;1:3:3,3,2,1,1,1,0,1,1,1,1,1,4,7,1
11613,0:3:2;1:2:1;1:3:3,3,3,1,1,1,0,1,1,1,1,1,4,7,1
11614,0:3:2;1:2:1;1:3:3,3,4,1,1,1,0,1,1,1,1,1,4,7,1
11615,0:3:2;1:2:1;1:3:3,3,5,1,1,1,0,1,1,1,1,1,4,7,1
11616,0:3:2;1:2:1;1:3:3,4,0,1,1,1,0,1,1,1,1,1,4,7,3
11617,0:3:2;1:2:1;1:3:3,4,1,1,1,1,0,1,1,1,1,1,4,7,3
11618,0:3:2;1:2:1;1:3:3,4,2,1,1,1,0,1,1,1,1,1,4,7,1
11619,0:3:2;1:2:1;1:3:3,4,3,1,1,1,0,1,1,1,1,1,4,7,1
11620,0:3:2;1:2:1;1:3:3,4,4,1,1,1,0,1,1,1,1,1,4,7,1
11621,0:3:2;1:2:1;1:3:3,4,5,1,1,1,0,1,1,1,1,1,4,7,1
11622,0:3:2;1:2:1;1:3:3,5,0,1,1,1,0,1,1,1,1,1,4,7,3
11623,0:3:2;1:2:1;1:3:3,5,1,1,1,1,0,1,1,1,1,1,4,7,3
11624,0:3:2;1:2:1;1:3:3,5,2,1,1,1,0,1,1,1,1,1,4,7,1
11625,0:3:2;1:2:1;1:3:3,5,3,1,1,1,0,1,1,1,1,1,4,7,1
11626,0:3:2;1:2:1;1:3:3,5,4,1,1,1,0,1,1,1,1,1,4,7,1
11627,0:3:2;1:2:1;1:3:3,5,5,1,1,1,0,1,1,1,1,1,4,7,1
11628,0:3:2;1:2:1;1:4:3,0,0,0,0,0,1,0,0,0,0,0,0,1,6
11629,0:3:2;1:2:1;1:4:3,0,1,0,0,0,1,0,0,0,0,0,0,2,6
11630,0:3:2;1:2:1;1:4:3,0,2,0,0,0,1,0,0,0,0,0,0,9,6
11631,0:3:2;1:2:1;1:4:3,0,3,0,0,0,1,0,0,0,0,0,0,9,6
11632,0:3:2;1:2:1;1:4:3,0,4,0,0,0,1,0,0,0,0,0,0,9,6
11633,0:3:2;1:2:1;1:4:3,0,5,0,0,0,1,0,0,0,0,0,0,9,6
11634,0:3:2;1:2:1;1:4:3,1,0,1,1,0,0,1,1,1,1,1,4,7,3
11635,0:3:2;1:2:1;1:4:3,1,1,1,1,0,0,1,1,1,1,1,4,7,3
11636,0:3:2;1:2:1;1:4:3,1,2,1,1,0,0,1,1,1,1,1,4,7,1
11637,0:3:2;1:2:1;1:4:3,1,3,1,1,1,0,1,1,1,1,1,4,7,1
11638,0:3:2;1:2:1;1:4:3,1,4,1,1,1,0,1,1,1,1,1,4,7,1
11639,0:3:2;1:2:1;1:4:3,1,5,1,1,1,0,1,1,1,1,1,4,7,1
11640,0:3:2;1:2:1;1:4:3,2,0,1,1,0,0,1,1,1,1,1,4,7,3
11641,0:3:2;1:2:1;1:4:3,2,1,1,1,0,0,1,1,1,1,1,4,7,3
11642,0:3:2;1:2:1;1:4:3,2,2,1,1,1,0,1,1,1,1,1,4,7,1
11643,0:3:2;1:2:1;1:4:3,2,3,1,1,1,0,1,1,1,1,1,4,7,1
11644,0:3:2;1:2:1;1:4:3,2,4,1,1,1,0,1,1,1,1,1,4,7,1
11645,0:3:2;1:2:1;1:4:3,2,5,1,1,1,0,1,1,1,1,1,4,7,1
11646,0:3:2;1:2:1;1:4:3,3,0,1,1,0,0,1,1,1,1,1,4,7,3
11647,0:3:2;1:2:1;1:4:3,3,1,1,1,1,0,1,1,1,1,1,4,7,3
11648,0:3:2;1:2:1;1:4:3,3,2,1,1,1,0,1,1,1,1,1,4,7,1
11649,0:3:2;1:2:1;1:4:3,3,3,1,1,1,0,1,1,1,1,1,4,7,1
11650,0:3:2;1:2:1;1:4:3,3,4,1,1,1,0,1,1,1,1,1,4,7,1
11651,0:3:2;1:2:1;1:4:3,3,5,1,1,1,0,1,1,1,1,1,4,7,1
11652,0:3:2;1:2:1;1:4:3,4,0,1,1,1,0,1,1,1,1,1,4,7,3
11653,0:3:2;1:2:1;1:4:3,4,1,1,1,1,0,1,1,1,1,1,4,7,3
11654,0:3:2;1:2:1;1:4:3,4,2,1,1,1,0,1,1,1,1,1,4,7,1
11655,0:3:2;1:2:1;1:4:3,4,3,1,1,1,0,1,1,1,1,1,4,7,1
11656,0:3:2;1:2:1;1:4:3,4,4,1,1,1,0,1,1,1,1,1,4,7,1
11657,0:3:2;1:2:1;1:4:3,4,5,1,1,1,0,1,1,1,1,1,4,7,1
11658,0:3:2;1:2:1;1:4:3,5,0,1,1,1,0,1,1,1,1,1,4,7,3
11659,0:3:2;1:2:1;1:4:3,5,1,1,1,1,0,1,1,1,1,1,4,7,3
11660,0:3:2;1:2:1;1:4:3,5,2,1,1,1,0,1,1,1,1,1,4,7,1
11661,0:3:2;1:2:1;1:4:3,5,3,1,1,1,0,1,1,1,1,1,4,7,1
11662,0:3:2;1:2:1;1:4:3,5,4,1,1,1,0,1,1,1,1,1,4,7,1
11663,0:3:2;1:2:1;1:4:3,5,5,1,1,1,0,1,1,1,1,1,4,7,1
11664,0:3:2;1:2:2;1:2:2,0,0,0,0,0,1,0,0,0,0,0,0,1,6
11665,0:3:2;1:2:2;1:2:2,0,1,0,0,0,1,0,0,0,0,0,0,2,6
11666,0:3:2;1:2:2;1:2:2,0,2,0,0,0,1,0,0,0,0,0,0,10,6
11667,0:3:2;1:2:2;1:2:2,0,3,0,0,0,1,0,0,0,0,0,0,10,6
11668,0:3:2;1:2:2;1:2:2,0,4,0,0,0,1,0,0,0,0,0,0,10,6
11669,0:3:2;1:2:2;1:2:2,0,5,0,0,0,1,0,0,0,0,0,0,10,6
11670,0:3:2;1:2:2;1:2:2,1,0,1,0,0,1,0,0,0,0,0,1,3,6
11671,0:3:2;1:2:2;1:2:2,1,1,1,0,0,1,0,0,0,0,0,1,6,6
11672,0:3:2;1:2:2;1:2:2,1,2,1,1,1,0,1,1,1,1,1,4,7,1
11673,0:3:2;1:2:2;1:2:2,1,3,1,1,1,0,1,1,1,1,1,4,7,1
11674,0:3:2;1:2:2;1:2:2,1,4,1,1,1,0,1,1,1,1,1,4,7,1
11675,0:3:2;1:2:2;1:2:2,1,5,1,1,1,0,1,1,1,1,1,4,7,1
11676,0:3:2;1:2:2;1:2:2,2,0,1,1,0,0,1,1,1,1,1,4,7,3
11677,0:3:2;1:2:2;1:2:2,2,1,1,1,1,0,1,1,1,1,1,4,7,3
11678,0:3:2;1:2:2;1:2:2,2,2,1,1,1,0,1,1,1,1,1,4,7,1
11679,0:3:2;1:2:2;1:2:2,2,3,1,1,1,0,1,1,1,1,1,4,7,1
11680,0:3:2;1:2:2;1:2:2,2,4,1,1,1,0,1,1,1,1,1,4,7,1
11681,0:3:2;1:2:2;1:2:2,2,5,1,1,1,0,1,1,1,1,1,4,7,1
11682,0:3:2;1:2:2;1:2:2,3,0,1,1,1,0,1,1,1,1,1,4,7,3
11683,0:3:2;1:2:2;1:2:2,3,1,1,1,1,0,1,1,1,1,1,4,7,3
11684,0:3:2;1:2:2;1:2:2,3,2,1,1,1,0,1,1,1,1,1,4,7,1
11685,0:3:2;1:2:2;1:2:2,3,3,1,1,1,0,1,1,1,1,1,4,7,1
11686,0:3:2;1:2:2;1:2:2,3,4,1,1,1,0,1,1,1,1,1,4,7,1
11687,0:3:2;1:2:2;1:2:2,3,5,1,1,1,0,1,1,1,1,1,4,7,1
11688,0:3:2;1:2:2;1:2:2,4,0,1,1,1,0,1,1,1,1,1,4,7,3
11689,0:3:2;1:2:2;1:2:2,4,1,1,1,1,0,1,1,1,1,1,4,7,3
11690,0:3:2;1:2:2;1:2:2,4,2,1,1,1,0,1,1,1,1,1,4,7,1
11691,0:3:2;1:2:2;1:2:2,4,3,1,1,1,0,1,1,1,1,1,4,7,1
11692,0:3:2;1:2:2;1:2:2,4,4,1,1,1,0,1,1,1,1,1,4,7,1
11693,0:3:2;1:2:2;1:2:2,4,5,1,1,1,0,1,1,1,1,1,4,7,1
11694,0:3:2;1:2:2;1:2:2,5,0,1,1,1,0,1,1,1,1,1,4,7,3
11695,0:3:2;1:2:2;1:2:2,5,1,1,1,1,0,1,1,1,1,1,4,7,3
11696,0:3:2;1:2:2;1:2:2,5,2,1,1,1,0,1,1,1,1,1,4,7,1
11697,0:3:2;1:2:2;1:2:2,5,3,1,1,1,0,1,1,1,1,1,4,7,1
11698,0:3:2;1:2:2;1:2:2,5,4,1,1,1,0,1,1,1,1,1,4,7,1
11699,0:3:2;1:2:2;1:2:2,5,5,1,1,1,0,1,1,1,1,1,4,7,1
11700,0:3:2;1:2:2;1:3:2,0,0,0,0,0,1,0,0,0,0,0,0,1,6
11701,0:3:2;1:2:2;1:3:2,0,1,0,0,0,1,0,0,0,0,0,0,2,6
11702,0:3:2;1:2:2;1:3:2,0,2,0,0,0,1,0,0,0,0,0,0,10,6
11703,0:3:2;1:2:2;1:3:2,0,3,0,0,0,1,0,0,0,0,0,0,10,6
11704,0:3:2;1:2:2;1:3:2,0,4,0,0,0,1,0,0,0,0,0,0,10,6
11705,0:3:2;1:2:2;1:3:2,0,5,0,0,0,1,0,0,0,0,0,0,10,6
11706,0:3:2;1:2:2;1:3:2,1,0,1,0,0,1,0,0,0,0,0,1,3,6
11707,0:3:2;1:2:2;1:3:2,1,1,1,0,0,1,0,0,0,0,0,1,6,6
11708,0:3:2;1:2:2;1:3:2,1,2,1,1,1,0,1,1,1,1,1,4,7,1
11709,0:3:2;1:2:2;1:3:2,1,3,1,1,1,0,1,1,1,1,1,4,7,1
11710,0:3:2;1:2:2;1:3:2,1,4,1,1,1,0,1,1,1,1,1,4,7,1
11711,0:3:2;1:2:2;1:3:2,1,5,1,1,1,0,1,1,1,1,1,4,7,1
11712,0:3:2;1:2:2;1:3:2,2,0,1,1,0,0,1,1,1,1,1,4,7,3
11713,0:3:2;1:2:2;1:3:2,2,1,1,1,1,0,1,1,1,1,1,4,7,3
11714,0:3:2;1:2:2;1:3:2,2,2,1,1,1,0,1,1,1,1,1,4,7,1
11715,0:3:2;1:2:2;1:3:2,2,3,1,1,1,0,1,1,1,1,1,4,7,1
11716,0:3:2;1:2:2;1:3:2,2,4,1,1,1,0,1,1,1,1,1,4,7,1
11717,0:3:2;1:2:2;1:3:2,2,5,1,1,1,0,1,1,1,1,1,4,7,1
11718,0:3:2;1:2:2;1:3:2,3,0,1,1,1,0,1,1,1,1,1,4,7,3
11719,0:3:2;1:2:2;1:3:2,3,1,1,1,1,0,1,1,1,1,1,4,7,3
11720,0:3:2;1:2:2;1:3:2,3,2,1,1,1,0,1,1,1,1,1,4,7,1
11721,0:3:2;1:2:2;1:3:2,3,3,1,1,1,0,1,1,1,1,1,4,7,1
11722,0:3:2;1:2:2;1:3:2,3,4,1,1,1,0,1,1,1,1,1,4,7,1
11723,0:3:2;1:2:2;1:3:2,3,5,1,1,1,0,1,1,1,1,1,4,7,1
11724,0:3:2;1:2:2;1:3:2,4,0,1,1,1,0,1,1,1,1,1,4,7,3
11725,0:3:2;1:2:2;1:3:2,4,1,1,1,1,0,1,1,1,1,1,4,7,3
11726,0:3:2;1:2:2;1:3:2,4,2,1,1,1,0,1,1,1,1,1,4,7,1
11727,0:3:2;1:2:2;1:3:2,4,3,1,1,1,0,1,1,1,1,1,4,7,1
11728,0:3:2;1:2:2;1:3:2,4,4,1,1,1,0,1,1,1,1,1,4,7,1
11729,0:3:2;1:2:2;1:3:2,4,5,1,1,1,0,1,1,1,1,1,4,7,1
11730,0:3:2;1:2:2;1:3:2,5,0,1,1,1,0,1,1,1,1,1,4,7,3
11731,0:3:2;1:2:2;1:3:2,5,1,1,1,1,0,1,1,1,1,1,4,7,3
11732,0:3:2;1:2:2;1:3:2,5,2,1,1,1,0,1,1,1,1,1,4,7,1
11733,0:3:2;1:2:2;1:3:2,5,3,1,1,1,0,1,1,1,1,1,4,7,1
11734,0:3:2;1:2:2;1:3:2,5,4,1,1,1,0,1,1,1,1,1,4,7,1
11735,0:3:2;1:2:2;1:3:2,5,5,1,1,1,0,1,1,1,1,1,4,7,1
11736,0:3:2;1:2:2;1:3:3,0,0,0,0,0,1,0,0,0,0,0,0,1,6
11737,0:3:2;1:2:2;1:3:3,0,1,0,0,0,1,0,0,0,0,0,0,2,6
11738,0:3:2;1:2:2;1:3:3,0,2,0,0,0,1,0,0,0,0,0,0,11,6
11739,0:3:2;1:2:2;1:3:3,0,3,0,0,0,1,0,0,0,0,0,0,11,6
11740,0:3:2;1:2:2;1:3:3,0,4,0,0,0,1,0,0,0,0,0,0,11,6
11741,0:3:2;1:2:2;1:3:3,0,5,0,0,0,1,0,0,0,0,0,0,11,6
11742,0:3:2;1:2:2;1:3:3,1,0,0,0,0,1,0,0,0,0,0,0,3,6
11743,0:3:2;1:2:2;1:3:3,1,1,0,0,0,1,0,0,0,0,0,0,6,6
11744,0:3:2;1:2:2;1:3:3,1,2,0,0,0,1,0,0,0,0,0,0,17,6
11745,0:3:2;1:2:2;1:3:3,1,3,0,0,0,1,0,0,0,0,0,0,17,6
11746,0:3:2;1:2:2;1:3:3,1,4,0,0,0,1,0,0,0,0,0,0,17,6
11747,0:3:2;1:2:2;1:3:3,1,5,0,0,0,1,0,0,0,0,0,0,17,6
11748,0:3:2;1:2:2;1:3:3,2,0,1,1,0,0,1,1,1,1,1,4,8,3
11749,0:3:2;1:2:2;1:3:3,2,1,1,1,0,0,1,1,1,1,1,4,8,3
11750,0:3:2;1:2:2;1:3:3,2,2,1,1,1,0,1,1,1,1,1,4,8,1
11751,0:3:2;1:2:2;1:3:3,2,3,1,1,1,0,1,1,1,1,1,4,8,1
11752,0:3:2;1:2:2;1:3:3,2,4,1,1,1,0,1,1,1,1,1,4,8,1
11753,0:3:2;1:2:2;1:3:3,2,5,1,1,1,0,1,1,1,1,1,4,8,1
11754,0:3:2;1:2:2;1:3:3,3,0,1,1,0,0,1,1,1,1,1,4,8,3
11755,0:3:2;1:2:2;1:3:3,3,1,1,1,1,0,1,1,1,1,1,4,8,3
11756,0:3:2;1:2:2;1:3:3,3,2,1,1,1,0,1,1,1,1,1,4,8,1
11757,0:3:2;1:2:2;1:3:3,3,3,1,1,1,0,1,1,1,1,1,4,8,1
11758,0:3:2;1:2:2;1:3:3,3,4,1,1,1,0,1,1,1,1,1,4,8,1
11759,0:3:2;1:2:2;1:3:3,3,5,1,1,1,0,1,1,1,1,1,4,8,1
11760,0:3:2;1:2:2;1:3:3,4,0,1,1,1,0,1,1,1,1,1,4,8,3
11761,0:3:2;1:2:2;1:3:3,4,1,1,1,1,0,1,1,1,1,1,4,8,3
11762,0:3:2;1:2:2;1:3:3,4,2,1,1,1,0,1,1,1,1,1,4,8,1
11763,0:3:2;1:2:2;1:3:3,4,3,1,1,1,0,1,1,1,1,1,4,8,1
11764,0:3:2;1:2:2;1:3:3,4,4,1,1,1,0,1,1,1,1,1,4,8,1
11765,0:3:2;1:2:2;1:3:3,4,5,1,1,1,0,1,1,1,1,1,4,8,1
11766,0:3:2;1:2:2;1:3:3,5,0,1,1,1,0,1,1,1,1,1,4,8,3
11767,0:3:2;1:2:2;1:3:3,5,1,1,1,1,0,1,1,1,1,1,4,8,3
11768,0:3:2;1:2:2;1:3:3,5,2,1,1,1,0,1,1,1,1,1,4,8,1
11769,0:3:2;1:2:2;1:3:3,5,3,1,1,1,0,1,1,1,1,1,4,8,1
11770,0:3:2;1:2:2;1:3:3,5,4,1,1,1,0,1,1,1,1,1,4,8,1
11771,0:3:2;1:2:2;1:3:3,5,5,1,1,1,0,1,1,1,1,1,4,8,1
11772,0:3:2;1:2:2;1:4:3,0,0,0,0,0,1,0,0,0,0,0,0,1,6
11773,0:3:2;1:2:2;1:4:3,0,1,0,0,0,1,0,0,0,0,0,0,2,6
11774,0:3:2;1:2:2;1:4:3,0,2,0,0,0,1,0,0,0,0,0,0,11,6
11775,0:3:2;1:2:2;1:4:3,0,3,0,0,0,1,0,0,0,0,0,0,11,6
11776,0:3:2;1:2:2;1:4:3,0,4,0,0,0,1,0,0,0,0,0,0,11,6
11777,0:3:2;1:2:2;1:4:3,0,5,0,0,0,1,0,0,0,0,0,0,11,6
11778,0:3:2;1:2:2;1:4:3,1,0,0,0,0,1,0,0,0,0,0,0,3,6
11779,0:3:2;1:2:2;1:4:3,1,1,0,0,0,1,0,0,0,0,0,0,6,6
11780,0:3:2;1:2:2;1:4:3,1,2,0,0,0,1,0,0,0,0,0,0,17,6
11781,0:3:2;1:2:2;1:4:3,1,3,0,0,0,1,0,0,0,0,0,0,17,6
11782,0:3:2;1:2:2;1:4:3,1,4,0,0,0,1,0,0,0,0,0,0,17,6
11783,0:3:2;1:2:2;1:4:3,1,5,0,0,0,1,0,0,0,0,0,0,17,6
11784,0:3:2;1:2:2;1:4:3,2,0,1,1,0,0,1,1,1,1,1,4,8,3
11785,0:3:2;1:2:2;1:4:3,2,1,1,1,0,0,1,1,1,1,1,4,8,3
11786,0:3:2;1:2:2;1:4:3,2,2,1,1,1,0,1,1,1,1,1,4,8,1
11787,0:3:2;1:2:2;1:4:3,2,3,1,1,1,0,1,1,1,1,1,4,8,1
11788,0:3:2;1:2:2;1:4:3,2,4,1,1,1,0,1,1,1,1,1,4,8,1
11789,0:3:2;1:2:2;1:4:3,2,5,1,1,1,0,1,1,1,1,1,4,8,1
11790,0:3:2;1:2:2;1:4:3,3,0,1,1,0,0,1,1,1,1,1,4,8,3
11791,0:3:2;1:2:2;1:4:3,3,1,1,1,1,0,1,1,1,1,1,4,8,3
11792,0:3:2;1:2:2;1:4:3,3,2,1,1,1,0,1,1,1,1,1,4,8,1
11793,0:3:2;1:2:2;1:4:3,3,3,1,1,1,0,1,1,1,1,1,4,8,1
11794,0:3:2;1:2:2;1:4:3,3,4,1,1,1,0,1,1,1,1,1,4,8,1
11795,0:3:2;1:2:2;1:4:3,3,5,1,1,1,0,1,1,1,1,1,4,8,1
11796,0:3:2;1:2:2;1:4:3,4,0,1,1,1,0,1,1,1,1,1,4,8,3
11797,0:3:2;1:2:2;1:4:3,4,1,1,1,1,0,1,1,1,1,1,4,8,3
11798,0:3:2;1:2:2;1:4:3,4,2,1,1,1,0,1,1,1,1,1,4,8,1
11799,0:3:2;1:2:2;1:4:3,4,3,1,1,1,0,1,1,1,1,1,4,8,1
11800,0:3:2;1:2:2;1:4:3,4,4,1,1,1,0,1,1,1,1,1,4,8,1
11801,0:3:2;1:2:2;1:4:3,4,5,1,1,1,0,1,1,1,1,1,4,8,1
11802,0:3:2;1:2:2;1:4:3,5,0,1,1,1,0,1,1,1,1,1,4,8,3
11803,0:3:2;1:2:2;1:4:3,5,1,1,1,1,0,1,1,1,1,1,4,8,3
11804,0:3:2;1:2:2;1:4:3,5,2,1,1,1,0,1,1,1,1,1,4,8,1
11805,0:3:2;1:2:2;1:4:3,5,3,1,1,1,0,1,1,1,1,1,4,8,1
11806,0:3:2;1:2:2;1:4:3,5,4,1,1,1,0,1,1,1,1,1,4,8,1
11807,0:3:2;1:2:2;1:4:3,5,5,1,1,1,0,1,1,1,1,1,4,8,1
11808,0:3:2;1:3:2;1:3:2,0,0,0,0,0,1,0,0,0,0,0,0,1,6
11809,0:3:2;1:3:2;1:3:2,0,1,0,0,0,1,0,0,0,0,0,0,2,6
11810,0:3:2;1:3:2;1:3:2,0,2,0,0,0,1,0,0,0,0,0,0,10,6
11811,0:3:2;1:3:2;1:3:2,0,3,0,0,0,1,0,0,0,0,0,0,10,6
11812,0:3:2;1:3:2;1:3:2,0,4,0,0,0,1,0,0,0,0,0,0,10,6
11813,0:3:2;1:3:2;1:3:2,0,5,0,0,0,1,0,0,0,0,0,0,10,6
11814,0:3:2;1:3:2;1:3:2,1,0,1,0,0,1,0,0,0,0,0,1,3,6
11815,0:3:2;1:3:2;1:3:2,1,1,1,0,0,1,0,0,0,0,0,1,6,6
11816,0:3:2;1:3:2;1:3:2,1,2,1,1,1,0,1,1,1,1,1,4,7,1
11817,0:3:2;1:3:2;1:3:2,1,3,1,1,1,0,1,1,1,1,1,4,7,1
11818,0:3:2;1:3:2;1:3:2,1,4,1,1,1,0,1,1,1,1,1,4,7,1
11819,0:3:2;1:3:2;1:3:2,1,5,1,1,1,0,1,1,1,1,1,4,7,1
11820,0:3:2;1:3:2;1:3:2,2,0,1,1,0,0,1,1,1,1,1,4,7,3
11821,0:3:2;1:3:2;1:3:2,2,1,1,1,1,0,1,1,1,1,1,4,7,3
11822,0:3:2;1:3:2;1:3:2,2,2,1,1,1,0,1,1,1,1,1,4,7,1
11823,0:3:2;1:3:2;1:3:2,2,3,1,1,1,0,1,1,1,1,1,4,7,1
11824,0:3:2;1:3:2;1:3:2,2,4,1,1,1,0,1,1,1,1,1,4,7,1
11825,0:3:2;1:3:2;1:3:2,2,5,1,1,1,0,1,1,1,1,1,4,7,1
11826,0:3:2;1:3:2;1:3:2,3,0,1,1,1,0,1,1,1,1,1,4,7,3
11827,0:3:2;1:3:2;1:3:2,3,1,1,1,1,0,1,1,1,1,1,4,7,3
11828,0:3:2;1:3:2;1:3:2,3,2,1,1,1,0,1,1,1,1,1,4,7,1
11829,0:3:2;1:3:2;1:3:2,3,3,1,1,1,0,1,1,1,1,1,4,7,1
11830,0:3:2;1:3:2;1:3:2,3,4,1,1,1,0,1,1,1,1,1,4,7,1
11831,0:3:2;1:3:2;1:3:2,3,5,1,1,1,0,1,1,1,1,1,4,7,1
11832,0:3:2;1:3:2;1:3:2,4,0,1,1,1,0,1,1,1,1,1,4,7,3
11833,0:3:2;1:3:2;1:3:2,4,1,1,1,1,0,1,1,1,1,1,4,7,3
11834,0:3:2;1:3:2;1:3:2,4,2,1,1,1,0,1,1,1,1,1,4,7,1
11835,0:3:2;1:3:2;1:3:2,4,3,1,1,1,0,1,1,1,1,1,4,7,1
11836,0:3:2;1:3:2;1:3:2,4,4,1,1,1,0,1,1,1,1,1,4,7,1
11837,0:3:2;1:3:2;1:3:2,4,5,1,1,1,0,1,1,1,1,1,4,7,1
11838,0:3:2;1:3:2;1:3:2,5,0,1,1,1,0,1,1,1,1,1,4,7,3
11839,0:3:2;1:3:2;1:3:2,5,1,1,1,1,0,1,1,1,1,1,4,7,3
11840,0:3:2;1:3:2;1:3:2,5,2,1,1,1,0,1,1,1,1,1,4,7,1
11841,0:3:2;1:3:2;1:3:2,5,3,1,1,1,0,1,1,1,1,1,4,7,1
11842,0:3:2;1:3:2;1:3:2,5,4,1,1,1,0,1,1,1,1,1,4,7,1
11843,0:3:2;1:3:2;1:3:2,5,5,1,1,1,0,1,1,1,1,1,4,7,1
11844,0:3:2;1:3:2;1:3:3,0,0,0,0,0,1,0,0,0,0,0,0,1,6
11845,0:3:2;1:3:2;1:3:3,0,1,0,0,0,1,0,0,0,0,0,0,2,6
11846,0:3:2;1:3:2;1:3:3,0,2,0,0,0,1,0,0,0,0,0,0,11,6
11847,0:3:2;1:3:2;1:3:3,0,3,0,0,0,1,0,0,0,0,0,0,11,6
11848,0:3:2;1:3:2;1:3:3,0,4,0,0,0,1,0,0,0,0,0,0,11,6
11849,0:3:2;1:3:2;1:3:3,0,5,0,0,0,1,0,0,0,0,0,0,11,6
11850,0:3:2;1:3:2;1:3:3,1,0,0,0,0,1,0,0,0,0,0,0,3,6
11851,0:3:2;1:3:2;1:3:3,1,1,0,0,0,1,0,0,0,0,0,0,6,6
11852,0:3:2;1:3:2;1:3:3,1,2,0,0,0,1,0,0,0,0,0,0,17,6
11853,0:3:2;1:3:2;1:3:3,1,3,0,0,0,1,0,0,0,0,0,0,17,6
11854,0:3:2;1:3:2;1:3:3,1,4,0,0,0,1,0,0,0,0,0,0,17,6
11855,0:3:2;1:3:2;1:3:3,1,5,0,0,0,1,0,0,0,0,0,0,17,6
11856,0:3:2;1:3:2;1:3:3,2,0,1,1,0,0,1,1,1,1,1,4,8,3
11857,0:3:2;1:3:2;1:3:3,2,1,1,1,0,0,1,1,1,1,1,4,8,3
11858,0:3:2;1:3:2;1:3:3,2,2,1,1,1,0,1,1,1,1,1,4,8,1
11859,0:3:2;1:3:2;1:3:3,2,3,1,1,1,0,1,1,1,1,1,4,8,1
11860,0:3:2;1:3:2;1:3:3,2,4,1,1,1,0,1,1,1,1,1,4,8,1
11861,0:3:2;1:3:2;1:3:3,2,5,1,1,1,0,1,1,1,1,1,4,8,1
11862,0:3:2;1:3:2;1:3:3,3,0,1,1,0,0,1,1,1,1,1,4,8,3
11863,0:3:2;1:3:2;1:3:3,3,1,1,1,1,0,1,1,1,1,1,4,8,3
11864,0:3:2;1:3:2;1:3:3,3,2,1,1,1,0,1,1,1,1,1,4,8,1
11865,0:3:2;1:3:2;1:3:3,3,3,1,1,1,0,1,1,1,1,1,4,8,1
11866,0:3:2;1:3:2;1:3:3,3,4,1,1,1,0,1,1,1,1,1,4,8,1
11867,0:3:2;1:3:2;1:3:3,3,5,1,1,1,0,1,1,1,1,1,4,8,1
11868,0:3:2;1:3:2;1:3:3,4,0,1,1,1,0,1,1,1,1,1,4,8,3
11869,0:3:2;1:3:2;1:3:3,4,1,1,1,1,0,1,1,1,1,1,4,8,3
11870,0:3:2;1:3:2;1:3:3,4,2,1,1,1,0,1,1,1,1,1,4,8,1
11871,0:3:2;1:3:2;1:3:3,4,3,1,1,1,0,1,1,1,1,1,4,8,1
11872,0:3:2;1:3:2;1:3:3,4,4,1,1,1,0,1,1,1,1,1,4,8,1
11873,0:3:2;1:3:2;1:3:3,4,5,1,1,1,0,1,1,1,1,1,4,8,1
11874,0:3:2;1:3:2;1:3:3,5,0,1,1,1,0,1,1,1,1,1,4,8,3
11875,0:3:2;1:3:2;1:3:3,5,1,1,1,1,0,1,1,1,1,1,4,8,3
11876,0:3:2;1:3:2;1:3:3,5,2,1,1,1,0,1,1,1,1,1,4,8,1
11877,0:3:2;1:3:2;1:3:3,5,3,1,1,1,0,1,1,1,1,1,4,8,1
11878,0:3:2;1:3:2;1:3:3,5,4,1,1,1,0,1,1,1,1,1,4,8,1
11879,0:3:2;1:3:2;1:3:3,5,5,1,1,1,0,1,1,1,1,1,4,8,1
11880,0:3:2;1:3:2;1:4:3,0,0,0,0,0,1,0,0,0,0,0,0,1,6
11881,0:3:2;1:3:2;1:4:3,0,1,0,0,0,1,0,0,0,0,0,0,2,6
11882,0:3:2;1:3:2;1:4:3,0,2,0,0,0,1,0,0,0,0,0,0,11,6
11883,0:3:2;1:3:2;1:4:3,0,3,0,0,0,1,0,0,0,0,0,0,11,6
11884,0:3:2;1:3:2;1:4:3,0,4,0,0,0,1,0,0,0,0,0,0,11,6
11885,0:3:2;1:3:2;1:4:3,0,5,0,0,0,1,0,0,0,0,0,0,11,6
11886,0:3:2;1:3:2;1:4:3,1,0,0,0,0,1,0,0,0,0,0,0,3,6
11887,0:3:2;1:3:2;1:4:3,1,1,0,0,0,1,0,0,0,0,0,0,6,6
11888,0:3:2;1:3:2;1:4:3,1,2,0,0,0,1,0,0,0,0,0,0,17,6
11889,0:3:2;1:3:2;1:4:3,1,3,0,0,0,1,0,0,0,0,0,0,17,6
11890,0:3:2;1:3:2;1:4:3,1,4,0,0,0,1,0,0,0,0,0,0,17,6
11891,0:3:2;1:3:2;1:4:3,1,5,0,0,0,1,0,0,0,0,0,0,17,6
11892,0:3:2;1:3:2;1:4:3,2,0,1,1,0,0,1,1,1,1,1,4,8,3
11893,0:3:2;1:3:2;1:4:3,2,1,1,1,0,0,1,1,1,1,1,4,8,3
11894,0:3:2;1:3:2;1:4:3,2,2,1,1,1,0,1,1,1,1,1,4,8,1
11895,0:3:2;1:3:2;1:4:3,2,3,1,1,1,0,1,1,1,1,1,4,8,1
11896,0:3:2;1:3:2;1:4:3,2,4,1,1,1,0,1,1,1,1,1,4,8,1
11897,0:3:2;1:3:2;1:4:3,2,5,1,1,1,0,1,1,1,1,1,4,8,1
11898,0:3:2;1:3:2;1:4:3,3,0,1,1,0,0,1,1,1,1,1,4,8,3
11899,0:3:2;1:3:2;1:4:3,3,1,1,1,1,0,1,1,1,1,1,4,8,3
11900,0:3:2;1:3:2;1:4:3,3,2,1,1,1,0,1,1,1,1,1,4,8,1
11901,0:3:2;1:3:2;1:4:3,3,3,1,1,1,0,1,1,1,1,1,4,8,1
11902,0:3:2;1:3:2;1:4:3,3,4,1,1,1,0,1,1,1,1,1,4,8,1
11903,0:3:2;1:3:2;1:4:3,3,5,1,1,1,0,1,1,1,1,1,4,8,1
11904,0:3:2;1:3:2;1:4:3,4,0,1,1,1,0,1,1,1,1,1,4,8,3
11905,0:3:2;1:3:2;1:4:3,4,1,1,1,1,0,1,1,1,1,1,4,8,3
11906,0:3:2;1:3:2;1:4:3,4,2,1,1,1,0,1,1,1,1,1,4,8,1
11907,0:3:2;1:3:2;1:4:3,4,3,1,1,1,0,1,1,1,1,1,4,8,1
11908,0:3:2;1:3:2;1:4:3,4,4,1,1,1,0,1,1,1,1,1,4,8,1
11909,0:3:2;1:3:2;1:4:3,4,5,1,1,1,0,1,1,1,1,1,4,8,1
11910,0:3:2;1:3:2;1:4:3,5,0,1,1,1,0,1,1,1,1,1,4,8,3
11911,0:3:2;1:3:2;1:4:3,5,1,1,1,1,0,1,1,1,1,1,4,8,3
11912,0:3:2;1:3:2;1:4:3,5,2,1,1,1,0,1,1,1,1,1,4,8,1
11913,0:3:2;1:3:2;1:4:3,5,3,1,1,1,0,1,1,1,1,1,4,8,1
11914,0:3:2;1:3:2;1:4:3,5,4,1,1,1,0,1,1,1,1,1,4,8,1
11915,0:3:2;1:3:2;1:4:3,5,5,1,1,1,0,1,1,1,1,1,4,8,1
11916,0:3:2;1:3:3;1:3:3,0,0,0,0,0,1,0,0,0,0,0,0,1,6
11917,0:3:2;1:3:3;1:3:3,0,1,0,0,0,1,0,0,0,0,0,0,2,6
11918,0:3:2;1:3:3;1:3:3,0,2,0,0,0,1,0,0,0,0,0,0,12,6
11919,0:3:2;1:3:3;1:3:3,0,3,0,0,0,1,0,0,0,0,0,0,12,6
11920,0:3:2;1:3:3;1:3:3,0,4,0,0,0,1,0,0,0,0,0,0,12,6
11921,0:3:2;1:3:3;1:3:3,0,5,0,0,0,1,0,0,0,0,0,0,12,6
11922,0:3:2;1:3:3;1:3:3,1,0,0,0,0,1,0,0,0,0,0,0,3,6
11923,0:3:2;1:3:3;1:3:3,1,1,0,0,0,1,0,0,0,0,0,0,6,6
11924,0:3:2;1:3:3;1:3:3,1,2,0,0,0,1,0,0,0,0,0,0,19,6
11925,0:3:2;1:3:3;1:3:3,1,3,0,0,0,1,0,0,0,0,0,0,19,6
11926,0:3:2;1:3:3;1:3:3,1,4,0,0,0,1,0,0,0,0,0,0,19,6
11927,0:3:2;1:3:3;1:3:3,1,5,0,0,0,1,0,0,0,0,0,0,19,6
11928,0:3:2;1:3:3;1:3:3,2,0,0,0,0,1,0,0,0,0,0,0,6,6
11929,0:3:2;1:3:3;1:3:3,2,1,0,0,0,1,0,0,0,0,0,0,12,6
11930,0:3:2;1:3:3;1:3:3,2,2,0,0,0,1,0,0,0,0,0,0,27,6
11931,0:3:2;1:3:3;1:3:3,2,3,0,0,0,1,0,0,0,0,0,0,27,6
11932,0:3:2;1:3:3;1:3:3,2,4,0,0,0,1,0,0,0,0,0,0,27,6
11933,0:3:2;1:3:3;1:3:3,2,5,0,0,0,1,0,0,0,0,0,0,27,6
11934,0:3:2;1:3:3;1:3:3,3,0,1,1,0,0,1,1,1,1,1,4,9,3
11935,0:3:2;1:3:3;1:3:3,3,1,1,1,1,0,1,1,1,1,1,4,9,3
11936,0:3:2;1:3:3;1:3:3,3,2,1,1,1,0,1,1,1,1,1,4,9,1
11937,0:3:2;1:3:3;1:3:3,3,3,1,1,1,0,1,1,1,1,1,4,9,1
11938,0:3:2;1:3:3;1:3:3,3,4,1,1,1,0,1,1,1,1,1,4,9,1
11939,0:3:2;1:3:3;1:3:3,3,5,1,1,1,0,1,1,1,1,1,4,9,1
11940,0:3:2;1:3:3;1:3:3,4,0,1,1,1,0,1,1,1,1,1,4,9,3
11941,0:3:2;1:3:3;1:3:3,4,1,1,1,1,0,1,1,1,1,1,4,9,3
11942,0:3:2;1:3:3;1:3:3,4,2,1,1,1,0,1,1,1,1,1,4,9,1
11943,0:3:2;1:3:3;1:3:3,4,3,1,1,1,0,1,1,1,1,1,4,9,1
11944,0:3:2;1:3:3;1:3:3,4,4,1,1,1,0,1,1,1,1,1,4,9,1
11945,0:3:2;1:3:3;1:3:3,4,5,1,1,1,0,1,1,1,1,1,4,9,1
11946,0:3:2;1:3:3;1:3:3,5,0,1,1,1,0,1,1,1,1,1,4,9,3
11947,0:3:2;1:3:3;1:3:3,5,1,1,1,1,0,1,1,1,1,1,4,9,3
11948,0:3:2;1:3:3;1:3:3,5,2,1,1,1,0,1,1,1,1,1,4,9,1
11949,0:3:2;1:3:3;1:3:3,5,3,1,1,1,0,1,1,1,1,1,4,9,1
11950,0:3:2;1:3:3;1:3:3,5,4,1,1,1,0,1,1,1,1,1,4,9,1
11951,0:3:2;1:3:3;1:3:3,5,5,1,1,1,0,1,1,1,1,1,4,9,1
11952,0:3:2;1:3:3;1:4:3,0,0,0,0,0,1,0,0,0,0,0,0,1,6
11953,0:3:2;1:3:3;1:4:3,0,1,0,0,0,1,0,0,0,0,0,0,2,6
11954,0:3:2;1:3:3;1:4:3,0,2,0,0,0,1,0,0,0,0,0,0,12,6
11955,0:3:2;1:3:3;1:4:3,0,3,0,0,0,1,0,0,0,0,0,0,12,6
11956,0:3:2;1:3:3;1:4:3,0,4,0,0,0,1,0,0,0,0,0,0,12,6
11957,0:3:2;1:3:3;1:4:3,0,5,0,0,0,1,0,0,0,0,0,0,12,6
11958,0:3:2;1:3:3;1:4:3,1,0,0,0,0,1,0,0,0,0,0,0,3,6
11959,0:3:2;1:3:3;1:4:3,1,1,0,0,0,1,0,0,0,0,0,0,6,6
11960,0:3:2;1:3:3;1:4:3,1,2,0,0,0,1,0,0,0,0,0,0,19,6
11961,0:3:2;1:3:3;1:4:3,1,3,0,0,0,1,0,0,0,0,0,0,19,6
11962,0:3:2;1:3:3;1:4:3,1,4,0,0,0,1,0,0,0,0,0,0,19,6
11963,0:3:2;1:3:3;1:4:3,1,5,0,0,0,1,0,0,0,0,0,0,19,6
11964,0:3:2;1:3:3;1:4:3,2,0,0,0,0,1,0,0,0,0,0,0,6,6
11965,0:3:2;1:3:3;1:4:3,2,1,0,0,0,1,0,0,0,0,0,0,12,6
11966,0:3:2;1:3:3;1:4:3,2,2,0,0,0,1,0,0,0,0,0,0,27,6
11967,0:3:2;1:3:3;1:4:3,2,3,0,0,0,1,0,0,0,0,0,0,27,6
11968,0:3:2;1:3:3;1:4:3,2,4,0,0,0,1,0,0,0,0,0,0,27,6
11969,0:3:2;1:3:3;1:4:3,2,5,0,0,0,1,0,0,0,0,0,0,27,6
11970,0:3:2;1:3:3;1:4:3,3,0,1,1,0,0,1,1,1,1,1,4,9,3
11971,0:3:2;1:3:3;1:4:3,3,1,1,1,1,0,1,1,1,1,1,4,9,3
11972,0:3:2;1:3:3;1:4:3,3,2,1,1,1,0,1,1,1,1,1,4,9,1
11973,0:3:2;1:3:3;1:4:3,3,3,1,1,1,0,1,1,1,1,1,4,9,1
11974,0:3:2;1:3:3;1:4:3,3,4,1,1,1,0,1,1,1,1,1,4,9,1
11975,0:3:2;1:3:3;1:4:3,3,5,1,1,1,0,1,1,1,1,1,4,9,1
11976,0:3:2;1:3:3;1:4:3,4,0,1,1,1,0,1,1,1,1,1,4,9,3
11977,0:3:2;1:3:3;1:4:3,4,1,1,1,1,0,1,1,1,1,1,4,9,3
11978,0:3:2;1:3:3;1:4:3,4,2,1,1,1,0,1,1,1,1,1,4,9,1
11979,0:3:2;1:3:3;1:4:3,4,3,1,1,1,0,1,1,1,1,1,4,9,1
11980,0:3:2;1:3:3;1:4:3,4,4,1,1,1,0,1,1,1,1,1,4,9,1
11981,0:3:2;1:3:3;1:4:3,4,5,1,1,1,0,1,1,1,1,1,4,9,1
11982,0:3:2;1:3:3;1:4:3,5,0,1,1,1,0,1,1,1,1,1,4,9,3
11983,0:3:2;1:3:3;1:4:3,5,1,1,1,1,0,1,1,1,1,1,4,9,3
11984,0:3:2;1:3:3;1:4:3,5,2,1,1,1,0,1,1,1,1,1,4,9,1
11985,0:3:2;1:3:3;1:4:3,5,3,1,1,1,0,1,1,1,1,1,4,9,1
11986,0:3:2;1:3:3;1:4:3,5,4,1,1,1,0,1,1,1,1,1,4,9,1
11987,0:3:2;1:3:3;1:4:3,5,5,1,1,1,0,1,1,1,1,1,4,9,1
11988,0:3:2;1:4:3;1:4:3,0,0,0,0,0,1,0,0,0,0,0,0,1,6
11989,0:3:2;1:4:3;1:4:3,0,1,0,0,0,1,0,0,0,0,0,0,2,6
11990,0:3:2;1:4:3;1:4:3,0,2,0,0,0,1,0,0,0,0,0,0,12,6
11991,0:3:2;1:4:3;1:4:3,0,3,0,0,0,1,0,0,0,0,0,0,12,6
11992,0:3:2;1:4:3;1:4:3,0,4,0,0,0,1,0,0,0,0,0,0,12,6
11993,0:3:2;1:4:3;1:4:3,0,5,0,0,0,1,0,0,0,0,0,0,12,6
11994,0:3:2;1:4:3;1:4:3,1,0,0,0,0,1,0,0,0,0,0,0,3,6
11995,0:3:2;1:4:3;1:4:3,1,1,0,0,0,1,0,0,0,0,0,0,6,6
11996,0:3:2;1:4:3;1:4:3,1,2,0,0,0,1,0,0,0,0,0,0,19,6
11997,0:3:2;1:4:3;1:4:3,1,3,0,0,0,1,0,0,0,0,0,0,19,6
11998,0:3:2;1:4:3;1:4:3,1,4,0,0,0,1,0,0,0,0,0,0,19,6
11999,0:3:2;1:4:3;1:4:3,1,5,0,0,0,1,0,0,0,0,0,0,19,6
12000,0:3:2;1:4:3;1:4:3,2,0,0,0,0,1,0,0,0,0,0,0,6,6
12001,0:3:2;1:4:3;1:4:3,2,1,0,0,0,1,0,0,0,0,0,0,12,6
12002,0:3:2;1:4:3;1:4:3,2,2,0,0,0,1,0,0,0,0,0,0,27,6
12003,0:3:2;1:4:3;1:4:3,2,3,0,0,0,1,0,0,0,0,0,0,27,6
12004,0:3:2;1:4:3;1:4:3,2,4,0,0,0,1,0,0,0,0,0,0,27,6
12005,0:3:2;1:4:3;1:4:3,2,5,0,0,0,1,0,0,0,0,0,0,27,6
12006,0:3:2;1:4:3;1:4:3,3,0,1,1,0,0,1,1,1,1,1,4,9,3
12007,0:3:2;1:4:3;1:4:3,3,1,1,1,1,0,1,1,1,1,1,4,9,3
12008,0:3:2;1:4:3;1:4:3,3,2,1,1,1,0,1,1,1,1,1,4,9,1
12009,0:3:2;1:4:3;1:4:3,3,3,1,1,1,0,1,1,1,1,1,4,9,1
12010,0:3:2;1:4:3;1:4:3,3,4,1,1,1,0,1,1,1,1,1,4,9,1
12011,0:3:2;1:4:3;1:4:3,3,5,1,1,1,0,1,1,1,1,1,4,9,1
12012,0:3:2;1:4:3;1:4:3,4,0,1,1,1,0,1,1,1,1,1,4,9,3
12013,0:3:2;1:4:3;1:4:3,4,1,1,1,1,0,1,1,1,1,1,4,9,3
12014,0:3:2;1:4:3;1:4:3,4,2,1,1,1,0,1,1,1,1,1,4,9,1
12015,0:3:2;1:4:3;1:4:3,4,3,1,1,1,0,1,1,1,1,1,4,9,1
12016,0:3:2;1:4:3;1:4:3,4,4,1,1,1,0,1,1,1,1,1,4,9,1
12017,0:3:2;1:4:3;1:4:3,4,5,1,1,1,0,1,1,1,1,1,4,9,1
12018,0:3:2;1:4:3;1:4:3,5,0,1,1,1,0,1,1,1,1,1,4,9,3
12019,0:3:2;1:4:3;1:4:3,5,1,1,1,1,0,1,1,1,1,1,4,9,3
12020,0:3:2;1:4:3;1:4:3,5,2,1,1,1,0,1,1,1,1,1,4,9,1
12021,0:3:2;1:4:3;1:4:3,5,3,1,1,1,0,1,1,1,1,1,4,9,1
12022,0:3:2;1:4:3;1:4:3,5,4,1,1,1,0,1,1,1,1,1,4,9,1
12023,0:3:2;1:4:3;1:4:3,5,5,1,1,1,0,1,1,1,1,1,4,9,1
12024,0:3:3;0:3:3;0:3:3,0,0,0,0,0,1,0,0,0,0,0,0,1,6
12025,0:3:3;0:3:3;0:3:3,0,1,0,0,0,1,0,0,0,0,0,0,4,6
12026,0:3:3;0:3:3;0:3:3,0,2,0,0,0,1,0,0,0,0,0,0,10,6
12027,0:3:3;0:3:3;0:3:3,0,3,0,0,0,1,0,0,0,0,0,0,20,6
12028,0:3:3;0:3:3;0:3:3,0,4,0,0,0,1,0,0,0,0,0,0,32,6
12029,0:3:3;0:3:3;0:3:3,0,5,0,0,0,1,0,0,0,0,0,0,44,6
12030,0:3:3;0:3:3;0:3:3,1,0,0,0,0,1,0,0,0,0,0,0,1,6
12031,0:3:3;0:3:3;0:3:3,1,1,0,0,0,1,0,0,0,0,0,0,4,6
12032,0:3:3;0:3:3;0:3:3,1,2,0,0,0,1,0,0,0,0,0,0,10,6
12033,0:3:3;0:3:3;0:3:3,1,3,0,0,0,1,0,0,0,0,0,0,20,6
12034,0:3:3;0:3:3;0:3:3,1,4,0,0,0,1,0,0,0,0,0,0,32,6
12035,0:3:3;0:3:3;0:3:3,1,5,0,0,0,1,0,0,0,0,0,0,44,6
12036,0:3:3;0:3:3;0:3:3,2,0,0,0,0,1,0,0,0,0,0,0,1,6
12037,0:3:3;0:3:3;0:3:3,2,1,0,0,0,1,0,0,0,0,0,0,4,6
12038,0:3:3;0:3:3;0:3:3,2,2,0,0,0,1,0,0,0,0,0,0,10,6
12039,0:3:3;0:3:3;0:3:3,2,3,0,0,0,1,0,0,0,0,0,0,20,6
12040,0:3:3;0:3:3;0:3:3,2,4,0,0,0,1,0,0,0,0,0,0,32,6
12041,0:3:3;0:3:3;0:3:3,2,5,0,0,0,1,0,0,0,0,0,0,44,6
12042,0:3:3;0:3:3;0:3:3,3,0,0,0,0,1,0,0,0,0,0,0,1,6
12043,0:3:3;0:3:3;0:3:3,3,1,0,0,0,1,0,0,0,0,0,0,4,6
12044,0:3:3;0:3:3;0:3:3,3,2,0,0,0,1,0,0,0,0,0,0,10,6
12045,0:3:3;0:3:3;0:3:3,3,3,0,0,0,1,0,0,0,0,0,0,20,6
12046,0:3:3;0:3:3;0:3:3,3,4,0,0,0,1,0,0,0,0,0,0,32,6
12047,0:3:3;0:3:3;0:3:3,3,5,0,0,0,1,0,0,0,0,0,0,44,6
12048,0:3:3;0:3:3;0:3:3,4,0,0,0,0,1,0,0,0,0,0,0,1,6
12049,0:3:3;0:3:3;0:3:3,4,1,0,0,0,1,0,0,0,0,0,0,4,6
12050,0:3:3;0:3:3;0:3:3,4,2,0,0,0,1,0,0,0,0,0,0,10,6
12051,0:3:3;0:3:3;0:3:3,4,3,0,0,0,1,0,0,0,0,0,0,20,6
12052,0:3:3;0:3:3;0:3:3,4,4,0,0,0,1,0,0,0,0,0,0,32,6
12053,0:3:3;0:3:3;0:3:3,4,5,0,0,0,1,0,0,0,0,0,0,44,6
12054,0:3:3;0:3:3;0:3:3,5,0,0,0,0,1,0,0,0,0,0,0,1,6
12055,0:3:3;0:3:3;0:3:3,5,1,0,0,0,1,0,0,0,0,0,0,4,6
12056,0:3:3;0:3:3;0:3:3,5,2,0,0,0,1,0,0,0,0,0,0,10,6
12057,0:3:3;0:3:3;0:3:3,5,3,0,0,0,1,0,0,0,0,0,0,20,6
12058,0:3:3;0:3:3;0:3:3,5,4,0,0,0,1,0,0,0,0,0,0,32,6
12059,0:3:3;0:3:3;0:3:3,5,5,0,0,0,1,0,0,0,0,0,0,44,6
12060,0:3:3;0:3:3;0:4:3,0,0,0,0,0,1,0,0,0,0,0,0,1,6
12061,0:3:3;0:3:3;0:4:3,0,1,0,0,0,1,0,0,0,0,0,0,4,6
12062,0:3:3;0:3:3;0:4:3,0,2,0,0,0,1,0,0,0,0,0,0,10,6
12063,0:3:3;0:3:3;0:4:3,0,3,0,0,0,1,0,0,0,0,0,0,20,6
12064,0:3:3;0:3:3;0:4:3,0,4,0,0,0,1,0,0,0,0,0,0,32,6
12065,0:3:3;0:3:3;0:4:3,0,5,0,0,0,1,0,0,0,0,0,0,44,6
12066,0:3:3;0:3:3;0:4:3,1,0,0,0,0,1,0,0,0,0,0,0,1,6
12067,0:3:3;0:3:3;0:4:3,1,1,0,0,0,1,0,0,0,0,0,0,4,6
12068,0:3:3;0:3:3;0:4:3,1,2,0,0,0,1,0,0,0,0,0,0,10,6
12069,0:3:3;0:3:3;0:4:3,1,3,0,0,0,1,0,0,0,0,0,0,20,6
12070,0:3:3;0:3:3;0:4:3,1,4,0,0,0,1,0,0,0,0,0,0,32,6
12071,0:3:3;0:3:3;0:4:3,1,5,0,0,0,1,0,0,0,0,0,0,44,6
12072,0:3:3;0:3:3;0:4:3,2,0,0,0,0,1,0,0,0,0,0,0,1,6
12073,0:3:3;0:3:3;0:4:3,2,1,0,0,0,1,0,0,0,0,0,0,4,6
12074,0:3:3;0:3:3;0:4:3,2,2,0,0,0,1,0,0,0,0,0,0,10,6
12075,0:3:3;0:3:3;0:4:3,2,3,0,0,0,1,0,0,0,0,0,0,20,6
12076,0:3:3;0:3:3;0:4:3,2,4,0,0,0,1,0,0,0,0,0,0,32,6
12077,0:3:3;0:3:3;0:4:3,2,5,0,0,0,1,0,0,0,0,0,0,44,6
12078,0:3:3;0:3:3;0:4:3,3,0,0,0,0,1,0,0,0,0,0,0,1,6
12079,0:3:3;0:3:3;0:4:3,3,1,0,0,0,1,0,0,0,0,0,0,4,6
12080,0:3:3;0:3:3;0:4:3,3,2,0,0,0,1,0,0,0,0,0,0,10,6
12081,0:3:3;0:3:3;0:4:3,3,3,0,0,0,1,0,0,0,0,0,0,20,6
12082,0:3:3;0:3:3;0:4:3,3,4,0,0,0,1,0,0,0,0,0,0,32,6
12083,0:3:3;0:3:3;0:4:3,3,5,0,0,0,1,0,0,0,0,0,0,44,6
12084,0:3:3;0:3:3;0:4:3,4,0,0,0,0,1,0,0,0,0,0,0,1,6
12085,0:3:3;0:3:3;0:4:3,4,1,0,0,0,1,0,0,0,0,0,0,4,6
12086,0:3:3;0:3:3;0:4:3,4,2,0,0,0,1,0,0,0,0,0,0,10,6
12087,0:3:3;0:3:3;0:4:3,4,3,0,0,0,1,0,0,0,0,0,0,20,6
12088,0:3:3;0:3:3;0:4:3,4,4,0,0,0,1,0,0,0,0,0,0,32,6
12089,0:3:3;0:3:3;0:4:3,4,5,0,0,0,1,0,0,0,0,0,0,44,6
12090,0:3:3;0:3:3;0:4:3,5,0,0,0,0,1,0,0,0,0,0,0,1,6
12091,0:3:3;0:3:3;0:4:3,5,1,0,0,0,1,0,0,0,0,0,0,4,6
12092,0:3:3;0:3:3;0:4:3,5,2,0,0,0,1,0,0,0,0,0,0,10,6
12093,0:3:3;0:3:3;0:4:3,5,3,0,0,0,1,0,0,0,0,0,0,20,6
12094,0:3:3;0:3:3;0:4:3,5,4,0,0,0,1,0,0,0,0,0,0,32,6
12095,0:3:3;0:3:3;0:4:3,5,5,0,0,0,1,0,0,0,0,0,0,44,6
12096,0:3:3;0:3:3;1:1:1,0,0,0,0,0,1,0,0,0,0,0,0,1,6
12097,0:3:3;0:3:3;1:1:1,0,1,0,0,0,1,0,0,0,0,0,0,3,6
12098,0:3:3;0:3:3;1:1:1,0,2,0,0,0,1,0,0,0,0,0,0,6,6
12099,0:3:3;0:3:3;1:1:1,0,3,0,0,0,1,0,0,0,0,0,0,14,6
12100,0:3:3;0:3:3;1:1:1,0,4,0,0,0,1,0,0,0,0,0,0,19,6
12101,0:3:3;0:3:3;1:1:1,0,5,1,1,1,0,1,1,1,1,1,4,8,2
12102,0:3:3;0:3:3;1:1:1,1,0,0,0,0,1,0,0,0,0,0,0,4,6
12103,0:3:3;0:3:3;1:1:1,1,1,0,0,0,1,0,0,0,0,0,0,9,6
12104,0:3:3;0:3:3;1:1:1,1,2,0,0,0,1,0,0,0,0,0,0,16,6
12105,0:3:3;0:3:3;1:1:1,1,3,0,0,0,1,0,0,0,0,0,0,23,6
12106,0:3:3;0:3:3;1:1:1,1,4,0,0,0,1,0,0,0,0,0,0,28,6
12107,0:3:3;0:3:3;1:1:1,1,5,1,1,1,0,1,1,1,1,1,4,8,2
12108,0:3:3;0:3:3;1:1:1,2,0,0,0,0,1,0,0,0,0,0,0,4,6
12109,0:3:3;0:3:3;1:1:1,2,1,0,0,0,1,0,0,0,0,0,0,9,6
12110,0:3:3;0:3:3;1:1:1,2,2,0,0,0,1,0,0,0,0,0,0,16,6
12111,0:3:3;0:3:3;1:1:1,2,3,0,0,0,1,0,0,0,0,0,0,23,6
12112,0:3:3;0:3:3;1:1:1,2,4,0,0,0,1,0,0,0,0,0,0,28,6
12113,0:3:3;0:3:3;1:1:1,2,5,1,1,1,0,1,1,1,1,1,4,8,2
12114,0:3:3;0:3:3;1:1:1,3,0,0,0,0,1,0,0,0,0,0,0,4,6
12115,0:3:3;0:3:3;1:1:1,3,1,0,0,0,1,0,0,0,0,0,0,9,6
12116,0:3:3;0:3:3;1:1:1,3,2,0,0,0,1,0,0,0,0,0,0,16,6
12117,0:3:3;0:3:3;1:1:1,3,3,0,0,0,1,0,0,0,0,0,0,23,6
12118,0:3:3;0:3:3;1:1:1,3,4,0,0,0,1,0,0,0,0,0,0,28,6
12119,0:3:3;0:3:3;1:1:1,3,5,1,1,1,0,1,1,1,1,1,4,8,2
12120,0:3:3;0:3:3;1:1:1,4,0,0,0,0,1,0,0,0,0,0,0,4,6
12121,0:3:3;0:3:3;1:1:1,4,1,0,0,0,1,0,0,0,0,0,0,9,6
12122,0:3:3;0:3:3;1:1:1,4,2,0,0,0,1,0,0,0,0,0,0,16,6
12123,0:3:3;0:3:3;1:1:1,4,3,0,0,0,1,0,0,0,0,0,0,23,6
12124,0:3:3;0:3:3;1:1:1,4,4,0,0,0,1,0,0,0,0,0,0,28,6
12125,0:3:3;0:3:3;1:1:1,4,5,1,1,1,0,1,1,1,1,1,4,8,2
12126,0:3:3;0:3:3;1:1:1,5,0,0,0,0,1,0,0,0,0,0,0,4,6
12127,0:3:3;0:3:3;1:1:1,5,1,0,0,0,1,0,0,0,0,0,0,9,6
12128,0:3:3;0:3:3;1:1:1,5,2,0,0,0,1,0,0,0,0,0,0,16,6
12129,0:3:3;0:3:3;1:1:1,5,3,0,0,0,1,0,0,0,0,0,0,23,6
12130,0:3:3;0:3:3;1:1:1,5,4,0,0,0,1,0,0,0,0,0,0,28,6
12131,0:3:3;0:3:3;1:1:1,5,5,1,1,1,0,1,1,1,1,1,4,8,2
12132,0:3:3;0:3:3;1:2:1,0,0,0,0,0,1,0,0,0,0,0,0,1,6
12133,0:3:3;0:3:3;1:2:1,0,1,0,0,0,1,0,0,0,0,0,0,3,6
12134,0:3:3;0:3:3;1:2:1,0,2,0,0,0,1,0,0,0,0,0,0,6,6
12135,0:3:3;0:3:3;1:2:1,0,3,0,0,0,1,0,0,0,0,0,0,16,6
12136,0:3:3;0:3:3;1:2:1,0,4,1,1,1,0,1,1,1,1,1,4,8,2
12137,0:3:3;0:3:3;1:2:1,0,5,1,1,1,0,1,1,1,1,1,4,8,2
12138,0:3:3;0:3:3;1:2:1,1,0,0,0,0,1,0,0,0,0,0,0,7,6
12139,0:3:3;0:3:3;1:2:1,1,1,0,0,0,1,0,0,0,0,0,0,13,6
12140,0:3:3;0:3:3;1:2:1,1,2,0,0,0,1,0,0,0,0,0,0,19,6
12141,0:3:3;0:3:3;1:2:1,1,3,0,0,0,1,0,0,0,0,0,0,25,6
12142,0:3:3;0:3:3;1:2:1,1,4,1,1,1,0,1,1,1,1,1,4,8,2
12143,0:3:3;0:3:3;1:2:1,1,5,1,1,1,0,1,1,1,1,1,4,8,2
12144,0:3:3;0:3:3;1:2:1,2,0,0,0,0,1,0,0,0,0,0,0,7,6
12145,0:3:3;0:3:3;1:2:1,2,1,0,0,0,1,0,0,0,0,0,0,13,6
12146,0:3:3;0:3:3;1:2:1,2,2,0,0,0,1,0,0,0,0,0,0,19,6
12147,0:3:3;0:3:3;1:2:1,2,3,0,0,0,1,0,0,0,0,0,0,25,6
12148,0:3:3;0:3:3;1:2:1,2,4,1,1,1,0,1,1,1,1,1,4,8,2
12149,0:3:3;0:3:3;1:2:1,2,5,1,1,1,0,1,1,1,1,1,4,8,2
12150,0:3:3;0:3:3;1:2:1,3,0,0,0,0,1,0,0,0,0,0,0,7,6
12151,0:3:3;0:3:3;1:2:1,3,1,0,0,0,1,0,0,0,0,0,0,13,6
12152,0:3:3;0:3:3;1:2:1,3,2,0,0,0,1,0,0,0,0,0,0,19,6
12153,0:3:3;0:3:3;1:2:1,3,3,0,0,0,1,0,0,0,0,0,0,25,6
12154,0:3:3;0:3:3;1:2:1,3,4,1,1,1,0,1,1,1,1,1,4,8,2
12155,0:3:3;0:3:3;1:2:1,3,5,1,1,1,0,1,1,1,1,1,4,8,2
12156,0:3:3;0:3:3;1:2:1,4,0,0,0,0,1,0,0,0,0,0,0,7,6
12157,0:3:3;0:3:3;1:2:1,4,1,0,0,0,1,0,0,0,0,0,0,13,6
12158,0:3:3;0:3:3;1:2:1,4,2,0,0,0,1,0,0,0,0,0,0,19,6
12159,0:3:3;0:3:3;1:2:1,4,3,0,0,0,1,0,0,0,0,0,0,25,6
12160,0:3:3;0:3:3;1:2:1,4,4,1,1,1,0,1,1,1,1,1,4,8,2
12161,0:3:3;0:3:3;1:2:1,4,5,1,1,1,0,1,1,1,1,1,4,8,2
12162,0:3:3;0:3:3;1:2:1,5,0,0,0,0,1,0,0,0,0,0,0,7,6
12163,0:3:3;0:3:3;1:2:1,5,1,0,0,0,1,0,0,0,0,0,0,13,6
12164,0:3:3;0:3:3;1:2:1,5,2,0,0,0,1,0,0,0,0,0,0,19,6
12165,0:3:3;0:3:3;1:2:1,5,3,0,0,0,1,0,0,0,0,0,0,25,6
12166,0:3:3;0:3:3;1:2:1,5,4,1,1,1,0,1,1,1,1,1,4,8,2
12167,0:3:3;0:3:3;1:2:1,5,5,1,1,1,0,1,1,1,1,1,4,8,2
12168,0:3:3;0:3:3;1:2:2,0,0,0,0,0,1,0,0,0,0,0,0,1,6
12169,0:3:3;0:3:3;1:2:2,0,1,0,0,0,1,0,0,0,0,0,0,3,6
12170,0:3:3;0:3:3;1:2:2,0,2,0,0,0,1,0,0,0,0,0,0,6,6
12171,0:3:3;0:3:3;1:2:2,0,3,0,0,0,1,0,0,0,0,0,0,18,6
12172,0:3:3;0:3:3;1:2:2,0,4,1,1,1,0,1,1,1,1,1,4,9,2
12173,0:3:3;0:3:3;1:2:2,0,5,1,1,1,0,1,1,1,1,1,4,9,2
12174,0:3:3;0:3:3;1:2:2,1,0,0,0,0,1,0,0,0,0,0,0,2,6
12175,0:3:3;0:3:3;1:2:2,1,1,0,0,0,1,0,0,0,0,0,0,6,6
12176,0:3:3;0:3:3;1:2:2,1,2,0,0,0,1,0,0,0,0,0,0,12,6
12177,0:3:3;0:3:3;1:2:2,1,3,0,0,0,1,0,0,0,0,0,0,26,6
12178,0:3:3;0:3:3;1:2:2,1,4,1,1,1,0,1,1,1,1,1,4,9,2
12179,0:3:3;0:3:3;1:2:2,1,5,1,1,1,0,1,1,1,1,1,4,9,2
12180,0:3:3;0:3:3;1:2:2,2,0,0,0,0,1,0,0,0,0,0,0,8,6
12181,0:3:3;0:3:3;1:2:2,2,1,0,0,0,1,0,0,0,0,0,0,16,6
12182,0:3:3;0:3:3;1:2:2,2,2,0,0,0,1,0,0,0,0,0,0,25,6
12183,0:3:3;0:3:3;1:2:2,2,3,0,0,0,1,0,0,0,0,0,0,35,6
12184,0:3:3;0:3:3;1:2:2,2,4,1,1,1,0,1,1,1,1,1,4,9,2
12185,0:3:3;0:3:3;1:2:2,2,5,1,1,1,0,1,1,1,1,1,4,9,2
12186,0:3:3;0:3:3;1:2:2,3,0,0,0,0,1,0,0,0,0,0,0,8,6
12187,0:3:3;0:3:3;1:2:2,3,1,0,0,0,1,0,0,0,0,0,0,16,6
12188,0:3:3;0:3:3;1:2:2,3,2,0,0,0,1,0,0,0,0,0,0,25,6
12189,0:3:3;0:3:3;1:2:2,3,3,0,0,0,1,0,0,0,0,0,0,35,6
12190,0:3:3;0:3:3;1:2:2,3,4,1,1,1,0,1,1,1,1,1,4,9,2
12191,0:3:3;0:3:3;1:2:2,3,5,1,1,1,0,1,1,1,1,1,4,9,2
12192,0:3:3;0:3:3;1:2:2,4,0,0,0,0,1,0,0,0,0,0,0,8,6
12193,0:3:3;0:3:3;1:2:2,4,1,0,0,0,1,0,0,0,0,0,0,16,6
12194,0:3:3;0:3:3;1:2:2,4,2,0,0,0,1,0,0,0,0,0,0,25,6
12195,0:3:3;0:3:3;1:2:2,4,3,0,0,0,1,0,0,0,0,0,0,35,6
12196,0:3:3;0:3:3;1:2:2,4,4,1,1,1,0,1,1,1,1,1,4,9,2
12197,0:3:3;0:3:3;1:2:2,4,5,1,1,1,0,1,1,1,1,1,4,9,2
12198,0:3:3;0:3:3;1:2:2,5,0,0,0,0,1,0,0,0,0,0,0,8,6
12199,0:3:3;0:3:3;1:2:2,5,1,0,0,0,1,0,0,0,0,0,0,16,6
12200,0:3:3;0:3:3;1:2:2,5,2,0,0,0,1,0,0,0,0,0,0,25,6
12201,0:3:3;0:3:3;1:2:2,5,3,0,0,0,1,0,0,0,0,0,0,35,6
12202,0:3:3;0:3:3;1:2:2,5,4,1,1,1,0,1,1,1,1,1,4,9,2
12203,0:3:3;0:3:3;1:2:2,5,5,1,1,1,0,1,1,1,1,1,4,9,2
12204,0:3:3;0:3:3;1:3:2,0,0,0,0,0,1,0,0,0,0,0,0,1,6
12205,0:3:3;0:3:3;1:3:2,0,1,0,0,0,1,0,0,0,0,0,0,3,6
12206,0:3:3;0:3:3;1:3:2,0,2,0,0,0,1,0,0,0,0,0,0,6,6
12207,0:3:3;0:3:3;1:3:2,0,3,1,1,0,0,1,1,1,1,1,4,9,2
12208,0:3:3;0:3:3;1:3:2,0,4,1,1,1,0,1,1,1,1,1,4,9,2
12209,0:3:3;0:3:3;1:3:2,0,5,1,1,1,0,1,1,1,1,1,4,9,2
12210,0:3:3;0:3:3;1:3:2,1,0,0,0,0,1,0,0,0,0,0,0,2,6
12211,0:3:3;0:3:3;1:3:2,1,1,0,0,0,1,0,0,0,0,0,0,6,6
12212,0:3:3;0:3:3;1:3:2,1,2,0,0,0,1,0,0,0,0,0,0,12,6
12213,0:3:3;0:3:3;1:3:2,1,3,1,1,1,0,1,1,1,1,1,4,9,2
12214,0:3:3;0:3:3;1:3:2,1,4,1,1,1,0,1,1,1,1,1,4,9,2
12215,0:3:3;0:3:3;1:3:2,1,5,1,1,1,0,1,1,1,1,1,4,9,2
12216,0:3:3;0:3:3;1:3:2,2,0,0,0,0,1,0,0,0,0,0,0,12,6
12217,0:3:3;0:3:3;1:3:2,2,1,0,0,0,1,0,0,0,0,0,0,19,6
12218,0:3:3;0:3:3;1:3:2,2,2,0,0,0,1,0,0,0,0,0,0,27,6
12219,0:3:3;0:3:3;1:3:2,2,3,1,1,1,0,1,1,1,1,1,4,9,2
12220,0:3:3;0:3:3;1:3:2,2,4,1,1,1,0,1,1,1,1,1,4,9,2
12221,0:3:3;0:3:3;1:3:2,2,5,1,1,1,0,1,1,1,1,1,4,9,2
12222,0:3:3;0:3:3;1:3:2,3,0,0,0,0,1,0,0,0,0,0,0,12,6
12223,0:3:3;0:3:3;1:3:2,3,1,0,0,0,1,0,0,0,0,0,0,19,6
12224,0:3:3;0:3:3;1:3:2,3,2,0,0,0,1,0,0,0,0,0,0,27,6
12225,0:3:3;0:3:3;1:3:2,3,3,1,1,1,0,1,1,1,1,1,4,9,2
12226,0:3:3;0:3:3;1:3:2,3,4,1,1,1,0,1,1,1,1,1,4,9,2
12227,0:3:3;0:3:3;1:3:2,3,5,1,1,1,0,1,1,1,1,1,4,9,2
12228,0:3:3;0:3:3;1:3:2,4,0,0,0,0,1,0,0,0,0,0,0,12,6
12229,0:3:3;0:3:3;1:3:2,4,1,0,0,0,1,0,0,0,0,0,0,19,6
12230,0:3:3;0:3:3;1:3:2,4,2,0,0,0,1,0,0,0,0,0,0,27,6
12231,0:3:3;0:3:3;1:3:2,4,3,1,1,1,0,1,1,1,1,1,4,9,2
12232,0:3:3;0:3:3;1:3:2,4,4,1,1,1,0,1,1,1,1,1,4,9,2
12233,0:3:3;0:3:3;1:3:2,4,5,1,1,1,0,1,1,1,1,1,4,9,2
12234,0:3:3;0:3:3;1:3:2,5,0,0,0,0,1,0,0,0,0,0,0,12,6
12235,0:3:3;0:3:3;1:3:2,5,1,0,0,0,1,0,0,0,0,0,0,19,6
12236,0:3:3;0:3:3;1:3:2,5,2,0,0,0,1,0,0,0,0,0,0,27,6
12237,0:3:3;0:3:3;1:3:2,5,3,1,1,1,0,1,1,1,1,1,4,9,2
12238,0:3:3;0:3:3;1:3:2,5,4,1,1,1,0,1,1,1,1,1,4,9,2
12239,0:3:3;0:3:3;1:3:2,5,5,1,1,1,0,1,1,1,1,1,4,9,2
12240,0:3:3;0:3:3;1:3:3,0,0,0,0,0,1,0,0,0,0,0,0,1,6
12241,0:3:3;0:3:3;1:3:3,0,1,0,0,0,1,0,0,0,0,0,0,3,6
12242,0:3:3;0:3:3;1:3:3,0,2,0,0,0,1,0,0,0,0,0,0,6,6
12243,0:3:3;0:3:3;1:3:3,0,3,1,1,0,0,1,1,1,1,1,4,10,2
12244,0:3:3;0:3:3;1:3:3,0,4,1,1,0,0,1,1,1,1,1,4,10,2
12245,0:3:3;0:3:3;1:3:3,0,5,1,1,1,0,1,1,1,1,1,4,10,2
12246,0:3:3;0:3:3;1:3:3,1,0,0,0,0,1,0,0,0,0,0,0,2,6
12247,0:3:3;0:3:3;1:3:3,1,1,0,0,0,1,0,0,0,0,0,0,6,6
12248,0:3:3;0:3:3;1:3:3,1,2,0,0,0,1,0,0,0,0,0,0,12,6
12249,0:3:3;0:3:3;1:3:3,1,3,1,1,0,0,1,1,1,1,1,4,10,2
12250,0:3:3;0:3:3;1:3:3,1,4,1,1,1,0,1,1,1,1,1,4,10,2
12251,0:3:3;0:3:3;1:3:3,1,5,1,1,1,0,1,1,1,1,1,4,10,2
12252,0:3:3;0:3:3;1:3:3,2,0,0,0,0,1,0,0,0,0,0,0,3,6
12253,0:3:3;0:3:3;1:3:3,2,1,0,0,0,1,0,0,0,0,0,0,9,6
12254,0:3:3;0:3:3;1:3:3,2,2,0,0,0,1,0,0,0,0,0,0,18,6
12255,0:3:3;0:3:3;1:3:3,2,3,1,1,1,0,1,1,1,1,1,4,10,2
12256,0:3:3;0:3:3;1:3:3,2,4,1,1,1,0,1,1,1,1,1,4,10,2
12257,0:3:3;0:3:3;1:3:3,2,5,1,1,1,0,1,1,1,1,1,4,10,2
12258,0:3:3;0:3:3;1:3:3,3,0,0,0,0,1,0,0,0,0,0,0,13,6
12259,0:3:3;0:3:3;1:3:3,3,1,0,0,0,1,0,0,0,0,0,0,22,6
12260,0:3:3;0:3:3;1:3:3,3,2,0,0,0,1,0,0,0,0,0,0,33,6
12261,0:3:3;0:3:3;1:3:3,3,3,1,1,1,0,1,1,1,1,1,4,10,2
12262,0:3:3;0:3:3;1:3:3,3,4,1,1,1,0,1,1,1,1,1,4,10,2
12263,0:3:3;0:3:3;1:3:3,3,5,1,1,1,0,1,1,1,1,1,4,10,2
12264,0:3:3;0:3:3;1:3:3,4,0,0,0,0,1,0,0,0,0,0,0,13,6
12265,0:3:3;0:3:3;1:3:3,4,1,0,0,0,1,0,0,0,0,0,0,22,6
12266,0:3:3;0:3:3;1:3:3,4,2,0,0,0,1,0,0,0,0,0,0,33,6
12267,0:3:3;0:3:3;1:3:3,4,3,1,1,1,0,1,1,1,1,1,4,10,2
12268,0:3:3;0:3:3;1:3:3,4,4,1,1,1,0,1,1,1,1,1,4,10,2
12269,0:3:3;0:3:3;1:3:3,4,5,1,1,1,0,1,1,1,1,1,4,10,2
12270,0:3:3;0:3:3;1:3:3,5,0,0,0,0,1,0,0,0,0,0,0,13,6
12271,0:3:3;0:3:3;1:3:3,5,1,0,0,0,1,0,0,0,0,0,0,22,6
12272,0:3:3;0:3:3;1:3:3,5,2,0,0,0,1,0,0,0,0,0,0,33,6
12273,0:3:3;0:3:3;1:3:3,5,3,1,1,1,0,1,1,1,1,1,4,10,2
12274,0:3:3;0:3:3;1:3:3,5,4,1,1,1,0,1,1,1,1,1,4,10,2
12275,0:3:3;0:3:3;1:3:3,5,5,1,1,1,0,1,1,1,1,1,4,10,2
12276,0:3:3;0:3:3;1:4:3,0,0,0,0,0,1,0,0,0,0,0,0,1,6
12277,0:3:3;0:3:3;1:4:3,0,1,0,0,0,1,0,0,0,0,0,0,3,6
12278,0:3:3;0:3:3;1:4:3,0,2,1,0,0,1,0,0,0,0,0,1,6,6
12279,0:3:3;0:3:3;1:4:3,0,3,1,1,0,0,1,1,1,1,1,4,10,2
12280,0:3:3;0:3:3;1:4:3,0,4,1,1,0,0,1,1,1,1,1,4,10,2
12281,0:3:3;0:3:3;1:4:3,0,5,1,1,1,0,1,1,1,1,1,4,10,2
12282,0:3:3;0:3:3;1:4:3,1,0,0,0,0,1,0,0,0,0,0,0,2,6
12283,0:3:3;0:3:3;1:4:3,1,1,0,0,0,1,0,0,0,0,0,0,6,6
12284,0:3:3;0:3:3;1:4:3,1,2,1,0,0,1,0,0,0,0,0,1,12,6
12285,0:3:3;0:3:3;1:4:3,1,3,1,1,0,0,1,1,1,1,1,4,10,2
12286,0:3:3;0:3:3;1:4:3,1,4,1,1,1,0,1,1,1,1,1,4,10,2
12287,0:3:3;0:3:3;1:4:3,1,5,1,1,1,0,1,1,1,1,1,4,10,2
12288,0:3:3;0:3:3;1:4:3,2,0,0,0,0,1,0,0,0,0,0,0,3,6
12289,0:3:3;0:3:3;1:4:3,2,1,0,0,0,1,0,0,0,0,0,0,9,6
12290,0:3:3;0:3:3;1:4:3,2,2,1,0,0,1,0,0,0,0,0,1,18,6
12291,0:3:3;0:3:3;1:4:3,2,3,1,1,1,0,1,1,1,1,1,4,10,2
12292,0:3:3;0:3:3;1:4:3,2,4,1,1,1,0,1,1,1,1,1,4,10,2
12293,0:3:3;0:3:3;1:4:3,2,5,1,1,1,0,1,1,1,1,1,4,10,2
12294,0:3:3;0:3:3;1:4:3,3,0,0,0,0,1,0,0,0,0,0,0,16,6
12295,0:3:3;0:3:3;1:4:3,3,1,0,0,0,1,0,0,0,0,0,0,24,6
12296,0:3:3;0:3:3;1:4:3,3,2,1,1,1,0,1,1,1,1,1,4,10,5
12297,0:3:3;0:3:3;1:4:3,3,3,1,1,1,0,1,1,1,1,1,4,10,2
12298,0:3:3;0:3:3;1:4:3,3,4,1,1,1,0,1,1,1,1,1,4,10,2
12299,0:3:3;0:3:3;1:4:3,3,5,1,1,1,0,1,1,1,1,1,4,10,2
12300,0:3:3;0:3:3;1:4:3,4,0,0,0,0,1,0,0,0,0,0,0,16,6
12301,0:3:3;0:3:3;1:4:3,4,1,0,0,0,1,0,0,0,0,0,0,24,6
12302,0:3:3;0:3:3;1:4:3,4,2,1,1,1,0,1,1,1,1,1,4,10,5
12303,0:3:3;0:3:3;1:4:3,4,3,1,1,1,0,1,1,1,1,1,4,10,2
12304,0:3:3;0:3:3;1:4:3,4,4,1,1,1,0,1,1,1,1,1,4,10,2
12305,0:3:3;0:3:3;1:4:3,4,5,1,1,1,0,1,1,1,1,1,4,10,2
12306,0:3:3;0:3:3;1:4:3,5,0,0,0,0,1,0,0,0,0,0,0,16,6
12307,0:3:3;0:3:3;1:4:3,5,1,0,0,0,1,0,0,0,0,0,0,24,6
12308,0:3:3;0:3:3;1:4:3,5,2,1,1,1,0,1,1,1,1,1,4,10,5
12309,0:3:3;0:3:3;1:4:3,5,3,1,1,1,0,1,1,1,1,1,4,10,2
12310,0:3:3;0:3:3;1:4:3,5,4,1,1,1,0,1,1,1,1,1,4,10,2
12311,0:3:3;0:3:3;1:4:3,5,5,1,1,1,0,1,1,1,1,1,4,10,2
12312,0:3:3;0:4:3;0:4:3,0,0,0,0,0,1,0,0,0,0,0,0,1,6
12313,0:3:3;0:4:3;0:4:3,0,1,0,0,0,1,0,0,0,0,0,0,4,6
12314,0:3:3;0:4:3;0:4:3,0,2,0,0,0,1,0,0,0,0,0,0,10,6
12315,0:3:3;0:4:3;0:4:3,0,3,0,0,0,1,0,0,0,0,0,0,20,6
12316,0:3:3;0:4:3;0:4:3,0,4,0,0,0,1,0,0,0,0,0,0,32,6
12317,0:3:3;0:4:3;0:4:3,0,5,0,0,0,1,0,0,0,0,0,0,44,6
12318,0:3:3;0:4:3;0:4:3,1,0,0,0,0,1,0,0,0,0,0,0,1,6
12319,0:3:3;0:4:3;0:4:3,1,1,0,0,0,1,0,0,0,0,0,0,4,6
12320,0:3:3;0:4:3;0:4:3,1,2,0,0,0,1,0,0,0,0,0,0,10,6
12321,0:3:3;0:4:3;0:4:3,1,3,0,0,0,1,0,0,0,0,0,0,20,6
12322,0:3:3;0:4:3;0:4:3,1,4,0,0,0,1,0,0,0,0,0,0,32,6
12323,0:3:3;0:4:3;0:4:3,1,5,0,0,0,1,0,0,0,0,0,0,44,6
12324,0:3:3;0:4:3;0:4:3,2,0,0,0,0,1,0,0,0,0,0,0,1,6
12325,0:3:3;0:4:3;0:4:3,2,1,0,0,0,1,0,0,0,0,0,0,4,6
12326,0:3:3;0:4:3;0:4:3,2,2,0,0,0,1,0,0,0,0,0,0,10,6
12327,0:3:3;0:4:3;0:4:3,2,3,0,0,0,1,0,0,0,0,0,0,20,6
12328,0:3:3;0:4:3;0:4:3,2,4,0,0,0,1,0,0,0,0,0,0,32,6
12329,0:3:3;0:4:3;0:4:3,2,5,0,0,0,1,0,0,0,0,0,0,44,6
12330,0:3:3;0:4:3;0:4:3,3,0,0,0,0,1,0,0,0,0,0,0,1,6
12331,0:3:3;0:4:3;0:4:3,3,1,0,0,0,1,0,0,0,0,0,0,4,6
12332,0:3:3;0:4:3;0:4:3,3,2,0,0,0,1,0,0,0,0,0,0,10,6
12333,0:3:3;0:4:3;0:4:3,3,3,0,0,0,1,0,0,0,0,0,0,20,6
12334,0:3:3;0:4:3;0:4:3,3,4,0,0,0,1,0,0,0,0,0,0,32,6
12335,0:3:3;0:4:3;0:4:3,3,5,0,0,0,1,0,0,0,0,0,0,44,6
12336,0:3:3;0:4:3;0:4:3,4,0,0,0,0,1,0,0,0,0,0,0,1,6
12337,0:3:3;0:4:3;0:4:3,4,1,0,0,0,1,0,0,0,0,0,0,4,6
12338,0:3:3;0:4:3;0:4:3,4,2,0,0,0,1,0,0,0,0,0,0,10,6
12339,0:3:3;0:4:3;0:4:3,4,3,0,0,0,1,0,0,0,0,0,0,20,6
12340,0:3:3;0:4:3;0:4:3,4,4,0,0,0,1,0,0,0,0,0,0,32,6
12341,0:3:3;0:4:3;0:4:3,4,5,0,0,0,1,0,0,0,0,0,0,44,6
12342,0:3:3;0:4:3;0:4:3,5,0,0,0,0,1,0,0,0,0,0,0,1,6
12343,0:3:3;0:4:3;0:4:3,5,1,0,0,0,1,0,0,0,0,0,0,4,6
12344,0:3:3;0:4:3;0:4:3,5,2,0,0,0,1,0,0,0,0,0,0,10,6
12345,0:3:3;0:4:3;0:4:3,5,3,0,0,0,1,0,0,0,0,0,0,20,6
12346,0:3:3;0:4:3;0:4:3,5,4,0,0,0,1,0,0,0,0,0,0,32,6
12347,0:3:3;0:4:3;0:4:3,5,5,0,0,0,1,0,0,0,0,0,0,44,6
12348,0:3:3;0:4:3;1:1:1,0,0,0,0,0,1,0,0,0,0,0,0,1,6
12349,0:3:3;0:4:3;1:1:1,0,1,0,0,0,1,0,0,0,0,0,0,3,6
12350,0:3:3;0:4:3;1:1:1,0,2,0,0,0,1,0,0,0,0,0,0,6,6
12351,0:3:3;0:4:3;1:1:1,0,3,0,0,0,1,0,0,0,0,0,0,14,6
12352,0:3:3;0:4:3;1:1:1,0,4,0,0,0,1,0,0,0,0,0,0,19,6
12353,0:3:3;0:4:3;1:1:1,0,5,1,1,1,0,1,1,1,1,1,4,8,2
12354,0:3:3;0:4:3;1:1:1,1,0,0,0,0,1,0,0,0,0,0,0,4,6
12355,0:3:3;0:4:3;1:1:1,1,1,0,0,0,1,0,0,0,0,0,0,9,6
12356,0:3:3;0:4:3;1:1:1,1,2,0,0,0,1,0,0,0,0,0,0,16,6
12357,0:3:3;0:4:3;1:1:1,1,3,0,0,0,1,0,0,0,0,0,0,23,6
12358,0:3:3;0:4:3;1:1:1,1,4,0,0,0,1,0,0,0,0,0,0,28,6
12359,0:3:3;0:4:3;1:1:1,1,5,1,1,1,0,1,1,1,1,1,4,8,2
12360,0:3:3;0:4:3;1:1:1,2,0,0,0,0,1,0,0,0,0,0,0,4,6
12361,0:3:3;0:4:3;1:1:1,2,1,0,0,0,1,0,0,0,0,0,0,9,6
12362,0:3:3;0:4:3;1:1:1,2,2,0,0,0,1,0,0,0,0,0,0,16,6
12363,0:3:3;0:4:3;1:1:1,2,3,0,0,0,1,0,0,0,0,0,0,23,6
12364,0:3:3;0:4:3;1:1:1,2,4,0,0,0,1,0,0,0,0,0,0,28,6
12365,0:3:3;0:4:3;1:1:1,2,5,1,1,1,0,1,1,1,1,1,4,8,2
12366,0:3:3;0:4:3;1:1:1,3,0,0,0,0,1,0,0,0,0,0,0,4,6
12367,0:3:3;0:4:3;1:1:1,3,1,0,0,0,1,0,0,0,0,0,0,9,6
12368,0:3:3;0:4:3;1:1:1,3,2,0,0,0,1,0,0,0,0,0,0,16,6
12369,0:3:3;0:4:3;1:1:1,3,3,0,0,0,1,0,0,0,0,0,0,23,6
12370,0:3:3;0:4:3;1:1:1,3,4,0,0,0,1,0,0,0,0,0,0,28,6
12371,0:3:3;0:4:3;1:1:1,3,5,1,1,1,0,1,1,1,1,1,4,8,2
12372,0:3:3;0:4:3;1:1:1,4,0,0,0,0,1,0,0,0,0,0,0,4,6
12373,0:3:3;0:4:3;1:1:1,4,1,0,0,0,1,0,0,0,0,0,0,9,6
12374,0:3:3;0:4:3;1:1:1,4,2,0,0,0,1,0,0,0,0,0,0,16,6
12375,0:3:3;0:4:3;1:1:1,4,3,0,0,0,1,0,0,0,0,0,0,23,6
12376,0:3:3;0:4:3;1:1:1,4,4,0,0,0,1,0,0,0,0,0,0,28,6
12377,0:3:3;0:4:3;1:1:1,4,5,1,1,1,0,1,1,1,1,1,4,8,2
12378,0:3:3;0:4:3;1:1:1,5,0,0,0,0,1,0,0,0,0,0,0,4,6
12379,0:3:3;0:4:3;1:1:1,5,1,0,0,0,1,0,0,0,0,0,0,9,6
12380,0:3:3;0:4:3;1:1:1,5,2,0,0,0,1,0,0,0,0,0,0,16,6
12381,0:3:3;0:4:3;1:1:1,5,3,0,0,0,1,0,0,0,0,0,0,23,6
12382,0:3:3;0:4:3;1:1:1,5,4,0,0,0,1,0,0,0,0,0,0,28,6
12383,0:3:3;0:4:3;1:1:1,5,5,1,1,1,0,1,1,1,1,1,4,8,2
12384,0:3:3;0:4:3;1:2:1,0,0,0,0,0,1,0,0,0,0,0,0,1,6
12385,0:3:3;0:4:3;1:2:1,0,1,0,0,0,1,0,0,0,0,0,0,3,6
12386,0:3:3;0:4:3;1:2:1,0,2,0,0,0,1,0,0,0,0,0,0,6,6
12387,0:3:3;0:4:3;1:2:1,0,3,0,0,0,1,0,0,0,0,0,0,16,6
12388,0:3:3;0:4:3;1:2:1,0,4,1,1,1,0,1,1,1,1,1,4,8,2
12389,0:3:3;0:4:3;1:2:1,0,5,1,1,1,0,1,1,1,1,1,4,8,2
12390,0:3:3;0:4:3;1:2:1,1,0,0,0,0,1,0,0,0,0,0,0,7,6
12391,0:3:3;0:4:3;1:2:1,1,1,0,0,0,1,0,0,0,0,0,0,13,6
12392,0:3:3;0:4:3;1:2:1,1,2,0,0,0,1,0,0,0,0,0,0,19,6
12393,0:3:3;0:4:3;1:2:1,1,3,0,0,0,1,0,0,0,0,0,0,25,6
12394,0:3:3;0:4:3;1:2:1,1,4,1,1,1,0,1,1,1,1,1,4,8,2
12395,0:3:3;0:4:3;1:2:1,1,5,1,1,1,0,1,1,1,1,1,4,8,2
12396,0:3:3;0:4:3;1:2:1,2,0,0,0,0,1,0,0,0,0,0,0,7,6
12397,0:3:3;0:4:3;1:2:1,2,1,0,0,0,1,0,0,0,0,0,0,13,6
12398,0:3:3;0:4:3;1:2:1,2,2,0,0,0,1,0,0,0,0,0,0,19,6
12399,0:3:3;0:4:3;1:2:1,2,3,0,0,0,1,0,0,0,0,0,0,25,6
12400,0:3:3;0:4:3;1:2:1,2,4,1,1,1,0,1,1,1,1,1,4,8,2
12401,0:3:3;0:4:3;1:2:1,2,5,1,1,1,0,1,1,1,1,1,4,8,2
12402,0:3:3;0:4:3;1:2:1,3,0,0,0,0,1,0,0,0,0,0,0,7,6
12403,0:3:3;0:4:3;1:2:1,3,1,0,0,0,1,0,0,0,0,0,0,13,6
12404,0:3:3;0:4:3;1:2:1,3,2,0,0,0,1,0,0,0,0,0,0,19,6
12405,0:3:3;0:4:3;1:2:1,3,3,0,0,0,1,0,0,0,0,0,0,25,6
12406,0:3:3;0:4:3;1:2:1,3,4,1,1,1,0,1,1,1,1,1,4,8,2
12407,0:3:3;0:4:3;1:2:1,3,5,1,1,1,0,1,1,1,1,1,4,8,2
12408,0:3:3;0:4:3;1:2:1,4,0,0,0,0,1,0,0,0,0,0,0,7,6
12409,0:3:3;0:4:3;1:2:1,4,1,0,0,0,1,0,0,0,0,0,0,13,6
12410,0:3:3;0:4:3;1:2:1,4,2,0,0,0,1,0,0,0,0,0,0,19,6
12411,0:3:3;0:4:3;1:2:1,4,3,0,0,0,1,0,0,0,0,0,0,25,6
12412,0:3:3;0:4:3;1:2:1,4,4,1,1,1,0,1,1,1,1,1,4,8,2
12413,0:3:3;0:4:3;1:2:1,4,5,1,1,1,0,1,1,1,1,1,4,8,2
12414,0:3:3;0:4:3;1:2:1,5,0,0,0,0,1,0,0,0,0,0,0,7,6
12415,0:3:3;0:4:3;1:2:1,5,1,0,0,0,1,0,0,0,0,0,0,13,6
12416,0:3:3;0:4:3;1:2:1,5,2,0,0,0,1,0,0,0,0,0,0,19,6
12417,0:3:3;0:4:3;1:2:1,5,3,0,0,0,1,0,0,0,0,0,0,25,6
12418,0:3:3;0:4:3;1:2:1,5,4,1,1,1,0,1,1,1,1,1,4,8,2
12419,0:3:3;0:4:3;1:2:1,5,5,1,1,1,0,1,1,1,1,1,4,8,2
12420,0:3:3;0:4:3;1:2:2,0,0,0,0,0,1,0,0,0,0,0,0,1,6
12421,0:3:3;0:4:3;1:2:2,0,1,0,0,0,1,0,0,0,0,0,0,3,6
12422,0:3:3;0:4:3;1:2:2,0,2,0,0,0,1,0,0,0,0,0,0,6,6
12423,0:3:3;0:4:3;1:2:2,0,3,0,0,0,1,0,0,0,0,0,0,18,6
12424,0:3:3;0:4:3;1:2:2,0,4,1,1,1,0,1,1,1,1,1,4,9,2
12425,0:3:3;0:4:3;1:2:2,0,5,1,1,1,0,1,1,1,1,1,4,9,2
12426,0:3:3;0:4:3;1:2:2,1,0,0,0,0,1,0,0,0,0,0,0,2,6
12427,0:3:3;0:4:3;1:2:2,1,1,0,0,0,1,0,0,0,0,0,0,6,6
12428,0:3:3;0:4:3;1:2:2,1,2,0,0,0,1,0,0,0,0,0,0,12,6
12429,0:3:3;0:4:3;1:2:2,1,3,0,0,0,1,0,0,0,0,0,0,26,6
12430,0:3:3;0:4:3;1:2:2,1,4,1,1,1,0,1,1,1,1,1,4,9,2
12431,0:3:3;0:4:3;1:2:2,1,5,1,1,1,0,1,1,1,1,1,4,9,2
12432,0:3:3;0:4:3;1:2:2,2,0,0,0,0,1,0,0,0,0,0,0,8,6
12433,0:3:3;0:4:3;1:2:2,2,1,0,0,0,1,0,0,0,0,0,0,16,6
12434,0:3:3;0:4:3;1:2:2,2,2,0,0,0,1,0,0,0,0,0,0,25,6
12435,0:3:3;0:4:3;1:2:2,2,3,0,0,0,1,0,0,0,0,0,0,35,6
12436,0:3:3;0:4:3;1:2:2,2,4,1,1,1,0,1,1,1,1,1,4,9,2
12437,0:3:3;0:4:3;1:2:2,2,5,1,1,1,0,1,1,1,1,1,4,9,2
12438,0:3:3;0:4:3;1:2:2,3,0,0,0,0,1,0,0,0,0,0,0,8,6
12439,0:3:3;0:4:3;1:2:2,3,1,0,0,0,1,0,0,0,0,0,0,16,6
12440,0:3:3;0:4:3;1:2:2,3,2,0,0,0,1,0,0,0,0,0,0,25,6
12441,0:3:3;0:4:3;1:2:2,3,3,0,0,0,1,0,0,0,0,0,0,35,6
12442,0:3:3;0:4:3;1:2:2,3,4,1,1,1,0,1,1,1,1,1,4,9,2
12443,0:3:3;0:4:3;1:2:2,3,5,1,1,1,0,1,1,1,1,1,4,9,2
12444,0:3:3;0:4:3;1:2:2,4,0,0,0,0,1,0,0,0,0,0,0,8,6
12445,0:3:3;0:4:3;1:2:2,4,1,0,0,0,1,0,0,0,0,0,0,16,6
12446,0:3:3;0:4:3;1:2:2,4,2,0,0,0,1,0,0,0,0,0,0,25,6
12447,0:3:3;0:4:3;1:2:2,4,3,0,0,0,1,0,0,0,0,0,0,35,6
12448,0:3:3;0:4:3;1:2:2,4,4,1,1,1,0,1,1,1,1,1,4,9,2
12449,0:3:3;0:4:3;1:2:2,4,5,1,1,1,0,1,1,1,1,1,4,9,2
12450,0:3:3;0:4:3;1:2:2,5,0,0,0,0,1,0,0,0,0,0,0,8,6
12451,0:3:3;0:4:3;1:2:2,5,1,0,0,0,1,0,0,0,0,0,0,16,6
12452,0:3:3;0:4:3;1:2:2,5,2,0,0,0,1,0,0,0,0,0,0,25,6
12453,0:3:3;0:4:3;1:2:2,5,3,0,0,0,1,0,0,0,0,0,0,35,6
12454,0:3:3;0:4:3;1:2:2,5,4,1,1,1,0,1,1,1,1,1,4,9,2
12455,0:3:3;0:4:3;1:2:2,5,5,1,1,1,0,1,1,1,1,1,4,9,2
12456,0:3:3;0:4:3;1:3:2,0,0,0,0,0,1,0,0,0,0,0,0,1,6
12457,0:3:3;0:4:3;1:3:2,0,1,0,0,0,1,0,0,0,0,0,0,3,6
12458,0:3:3;0:4:3;1:3:2,0,2,0,0,0,1,0,0,0,0,0,0,6,6
12459,0:3:3;0:4:3;1:3:2,0,3,1,1,0,0,1,1,1,1,1,4,9,2
12460,0:3:3;0:4:3;1:3:2,0,4,1,1,1,0,1,1,1,1,1,4,9,2
12461,0:3:3;0:4:3;1:3:2,0,5,1,1,1,0,1,1,1,1,1,4,9,2
12462,0:3:3;0:4:3;1:3:2,1,0,0,0,0,1,0,0,0,0,0,0,2,6
12463,0:3:3;0:4:3;1:3:2,1,1,0,0,0,1,0,0,0,0,0,0,6,6
12464,0:3:3;0:4:3;1:3:2,1,2,0,0,0,1,0,0,0,0,0,0,12,6
12465,0:3:3;0:4:3;1:3:2,1,3,1,1,1,0,1,1,1,1,1,4,9,2
12466,0:3:3;0:4:3;1:3:2,1,4,1,1,1,0,1,1,1,1,1,4,9,2
12467,0:3:3;0:4:3;1:3:2,1,5,1,1,1,0,1,1,1,1,1,4,9,2
12468,0:3:3;0:4:3;1:3:2,2,0,0,0,0,1,0,0,0,0,0,0,12,6
12469,0:3:3;0:4:3;1:3:2,2,1,0,0,0,1,0,0,0,0,0,0,19,6
12470,0:3:3;0:4:3;1:3:2,2,2,0,0,0,1,0,0,0,0,0,0,27,6
12471,0:3:3;0:4:3;1:3:2,2,3,1,1,1,0,1,1,1,1,1,4,9,2
12472,0:3:3;0:4:3;1:3:2,2,4,1,1,1,0,1,1,1,1,1,4,9,2
12473,0:3:3;0:4:3;1:3:2,2,5,1,1,1,0,1,1,1,1,1,4,9,2
12474,0:3:3;0:4:3;1:3:2,3,0,0,0,0,1,0,0,0,0,0,0,12,6
12475,0:3:3;0:4:3;1:3:2,3,1,0,0,0,1,0,0,0,0,0,0,19,6
12476,0:3:3;0:4:3;1:3:2,3,2,0,0,0,1,0,0,0,0,0,0,27,6
12477,0:3:3;0:4:3;1:3:2,3,3,1,1,1,0,1,1,1,1,1,4,9,2
12478,0:3:3;0:4:3;1:3:2,3,4,1,1,1,0,1,1,1,1,1,4,9,2
12479,0:3:3;0:4:3;1:3:2,3,5,1,1,1,0,1,1,1,1,1,4,9,2
12480,0:3:3;0:4:3;1:3:2,4,0,0,0,0,1,0,0,0,0,0,0,12,6
12481,0:3:3;0:4:3;1:3:2,4,1,0,0,0,1,0,0,0,0,0,0,19,6
12482,0:3:3;0:4:3;1:3:2,4,2,0,0,0,1,0,0,0,0,0,0,27,6
12483,0:3:3;0:4:3;1:3:2,4,3,1,1,1,0,1,1,1,1,1,4,9,2
12484,0:3:3;0:4:3;1:3:2,4,4,1,1,1,0,1,1,1,1,1,4,9,2
12485,0:3:3;0:4:3;1:3:2,4,5,1,1,1,0,1,1,1,1,1,4,9,2
12486,0:3:3;0:4:3;1:3:2,5,0,0,0,0,1,0,0,0,0,0,0,12,6
12487,0:3:3;0:4:3;1:3:2,5,1,0,0,0,1,0,0,0,0,0,0,19,6
12488,0:3:3;0:4:3;1:3:2,5,2,0,0,0,1,0,0,0,0,0,0,27,6
12489,0:3:3;0:4:3;1:3:2,5,3,1,1,1,0,1,1,1,1,1,4,9,2
12490,0:3:3;0:4:3;1:3:2,5,4,1,1,1,0,1,1,1,1,1,4,9,2
12491,0:3:3;0:4:3;1:3:2,5,5,1,1,1,0,1,1,1,1,1,4,9,2
12492,0:3:3;0:4:3;1:3:3,0,0,0,0,0,1,0,0,0,0,0,0,1,6
12493,0:3:3;0:4:3;1:3:3,0,1,0,0,0,1,0,0,0,0,0,0,3,6
12494,0:3:3;0:4:3;1:3:3,0,2,0,0,0,1,0,0,0,0,0,0,6,6
12495,0:3:3;0:4:3;1:3:3,0,3,1,1,0,0,1,1,1,1,1,4,10,2
12496,0:3:3;0:4:3;1:3:3,0,4,1,1,0,0,1,1,1,1,1,4,10,2
12497,0:3:3;0:4:3;1:3:3,0,5,1,1,1,0,1,1,1,1,1,4,10,2
12498,0:3:3;0:4:3;1:3:3,1,0,0,0,0,1,0,0,0,0,0,0,2,6
12499,0:3:3;0:4:3;1:3:3,1,1,0,0,0,1,0,0,0,0,0,0,6,6
12500,0:3:3;0:4:3;1:3:3,1,2,0,0,0,1,0,0,0,0,0,0,12,6
12501,0:3:3;0:4:3;1:3:3,1,3,1,1,0,0,1,1,1,1,1,4,10,2
12502,0:3:3;0:4:3;1:3:3,1,4,1,1,1,0,1,1,1,1,1,4,10,2
12503,0:3:3;0:4:3;1:3:3,1,5,1,1,1,0,1,1,1,1,1,4,10,2
12504,0:3:3;0:4:3;1:3:3,2,0,0,0,0,1,0,0,0,0,0,0,3,6
12505,0:3:3;0:4:3;1:3:3,2,1,0,0,0,1,0,0,0,0,0,0,9,6
12506,0:3:3;0:4:3;1:3:3,2,2,0,0,0,1,0,0,0,0,0,0,18,6
12507,0:3:3;0:4:3;1:3:3,2,3,1,1,1,0,1,1,1,1,1,4,10,2
12508,0:3:3;0:4:3;1:3:3,2,4,1,1,1,0,1,1,1,1,1,4,10,2
12509,0:3:3;0:4:3;1:3:3,2,5,1,1,1,0,1,1,1,1,1,4,10,2
12510,0:3:3;0:4:3;1:3:3,3,0,0,0,0,1,0,0,0,0,0,0,13,6
12511,0:3:3;0:4:3;1:3:3,3,1,0,0,0,1,0,0,0,0,0,0,22,6
12512,0:3:3;0:4:3;1:3:3,3,2,0,0,0,1,0,0,0,0,0,0,33,6
12513,0:3:3;0:4:3;1:3:3,3,3,1,1,1,0,1,1,1,1,1,4,10,2
12514,0:3:3;0:4:3;1:3:3,3,4,1,1,1,0,1,1,1,1,1,4,10,2
12515,0:3:3;0:4:3;1:3:3,3,5,1,1,1,0,1,1,1,1,1,4,10,2
12516,0:3:3;0:4:3;1:3:3,4,0,0,0,0,1,0,0,0,0,0,0,13,6
12517,0:3:3;0:4:3;1:3:3,4,1,0,0,0,1,0,0,0,0,0,0,22,6
12518,0:3:3;0:4:3;1:3:3,4,2,0,0,0,1,0,0,0,0,0,0,33,6
12519,0:3:3;0:4:3;1:3:3,4,3,1,1,1,0,1,1,1,1,1,4,10,2
12520,0:3:3;0:4:3;1:3:3,4,4,1,1,1,0,1,1,1,1,1,4,10,2
12521,0:3:3;0:4:3;1:3:3,4,5,1,1,1,0,1,1,1,1,1,4,10,2
12522,0:3:3;0:4:3;1:3:3,5,0,0,0,0,1,0,0,0,0,0,0,13,6
12523,0:3:3;0:4:3;1:3:3,5,1,0,0,0,1,0,0,0,0,0,0,22,6
12524,0:3:3;0:4:3;1:3:3,5,2,0,0,0,1,0,0,0,0,0,0,33,6
12525,0:3:3;0:4:3;1:3:3,5,3,1,1,1,0,1,1,1,1,1,4,10,2
12526,0:3:3;0:4:3;1:3:3,5,4,1,1,1,0,1,1,1,1,1,4,10,2
12527,0:3:3;0:4:3;1:3:3,5,5,1,1,1,0,1,1,1,1,1,4,10,2
12528,0:3:3;0:4:3;1:4:3,0,0,0,0,0,1,0,0,0,0,0,0,1,6
12529,0:3:3;0:4:3;1:4:3,0,1,0,0,0,1,0,0,0,0,0,0,3,6
12530,0:3:3;0:4:3;1:4:3,0,2,1,0,0,1,0,0,0,0,0,1,6,6
12531,0:3:3;0:4:3;1:4:3,0,3,1,1,0,0,1,1,1,1,1,4,10,2
12532,0:3:3;0:4:3;1:4:3,0,4,1,1,0,0,1,1,1,1,1,4,10,2
12533,0:3:3;0:4:3;1:4:3,0,5,1,1,1,0,1,1,1,1,1,4,10,2
12534,0:3:3;0:4:3;1:4:3,1,0,0,0,0,1,0,0,0,0,0,0,2,6
12535,0:3:3;0:4:3;1:4:3,1,1,0,0,0,1,0,0,0,0,0,0,6,6
12536,0:3:3;0:4:3;1:4:3,1,2,1,0,0,1,0,0,0,0,0,1,12,6
12537,0:3:3;0:4:3;1:4:3,1,3,1,1,0,0,1,1,1,1,1,4,10,2
12538,0:3:3;0:4:3;1:4:3,1,4,1,1,1,0,1,1,1,1,1,4,10,2
12539,0:3:3;0:4:3;1:4:3,1,5,1,1,1,0,1,1,1,1,1,4,10,2
12540,0:3:3;0:4:3;1:4:3,2,0,0,0,0,1,0,0,0,0,0,0,3,6
12541,0:3:3;0:4:3;1:4:3,2,1,0,0,0,1,0,0,0,0,0,0,9,6
12542,0:3:3;0:4:3;1:4:3,2,2,1,0,0,1,0,0,0,0,0,1,18,6
12543,0:3:3;0:4:3;1:4:3,2,3,1,1,1,0,1,1,1,1,1,4,10,2
12544,0:3:3;0:4:3;1:4:3,2,4,1,1,1,0,1,1,1,1,1,4,10,2
12545,0:3:3;0:4:3;1:4:3,2,5,1,1,1,0,1,1,1,1,1,4,10,2
12546,0:3:3;0:4:3;1:4:3,3,0,0,0,0,1,0,0,0,0,0,0,16,6
12547,0:3:3;0:4:3;1:4:3,3,1,0,0,0,1,0,0,0,0,0,0,24,6
12548,0:3:3;0:4:3;1:4:3,3,2,1,1,1,0,1,1,1,1,1,4,10,5
12549,0:3:3;0:4:3;1:4:3,3,3,1,1,1,0,1,1,1,1,1,4,10,2
12550,0:3:3;0:4:3;1:4:3,3,4,1,1,1,0,1,1,1,1,1,4,10,2
12551,0:3:3;0:4:3;1:4:3,3,5,1,1,1,0,1,1,1,1,1,4,10,2
12552,0:3:3;0:4:3;1:4:3,4,0,0,0,0,1,0,0,0,0,0,0,16,6
12553,0:3:3;0:4:3;1:4:3,4,1,0,0,0,1,0,0,0,0,0,0,24,6
12554,0:3:3;0:4:3;1:4:3,4,2,1,1,1,0,1,1,1,1,1,4,10,5
12555,0:3:3;0:4:3;1:4:3,4,3,1,1,1,0,1,1,1,1,1,4,10,2
12556,0:3:3;0:4:3;1:4:3,4,4,1,1,1,0,1,1,1,1,1,4,10,2
12557,0:3:3;0:4:3;1:4:3,4,5,1,1,1,0,1,1,1,1,1,4,10,2
12558,0:3:3;0:4:3;1:4:3,5,0,0,0,0,1,0,0,0,0,0,0,16,6
12559,0:3:3;0:4:3;1:4:3,5,1,0,0,0,1,0,0,0,0,0,0,24,6
12560,0:3:3;0:4:3;1:4:3,5,2,1,1,1,0,1,1,1,1,1,4,10,5
12561,0:3:3;0:4:3;1:4:3,5,3,1,1,1,0,1,1,1,1,1,4,10,2
12562,0:3:3;0:4:3;1:4:3,5,4,1,1,1,0,1,1,1,1,1,4,10,2
12563,0:3:3;0:4:3;1:4:3,5,5,1,1,1,0,1,1,1,1,1,4,10,2
12564,0:3:3;1:1:1;1:1:1,0,0,0,0,0,1,0,0,0,0,0,0,1,6
12565,0:3:3;1:1:1;1:1:1,0,1,1,0,0,1,0,0,0,0,0,1,2,6
12566,0:3:3;1:1:1;1:1:1,0,2,1,0,0,1,0,0,0,0,0,1,3,6
12567,0:3:3;1:1:1;1:1:1,0,3,1,1,1,0,1,1,1,1,1,4,6,1
12568,0:3:3;1:1:1;1:1:1,0,4,1,1,1,0,1,1,1,1,1,4,6,1
12569,0:3:3;1:1:1;1:1:1,0,5,1,1,1,0,1,1,1,1,1,4,6,1
12570,0:3:3;1:1:1;1:1:1,1,0,0,0,0,1,0,0,0,0,0,0,5,6
12571,0:3:3;1:1:1;1:1:1,1,1,1,0,0,1,0,0,0,0,0,3,8,6
12572,0:3:3;1:1:1;1:1:1,1,2,1,1,1,0,1,1,1,1,1,4,6,3
12573,0:3:3;1:1:1;1:1:1,1,3,1,1,1,0,1,1,1,1,1,4,6,1
12574,0:3:3;1:1:1;1:1:1,1,4,1,1,1,0,1,1,1,1,1,4,6,1
12575,0:3:3;1:1:1;1:1:1,1,5,1,1,1,0,1,1,1,1,1,4,6,1
12576,0:3:3;1:1:1;1:1:1,2,0,0,0,0,1,0,0,0,0,0,0,8,6
12577,0:3:3;1:1:1;1:1:1,2,1,1,1,1,0,1,1,1,1,1,4,6,4
12578,0:3:3;1:1:1;1:1:1,2,2,1,1,1,0,1,1,1,1,1,4,6,3
12579,0:3:3;1:1:1;1:1:1,2,3,1,1,1,0,1,1,1,1,1,4,6,1
12580,0:3:3;1:1:1;1:1:1,2,4,1,1,1,0,1,1,1,1,1,4,6,1
12581,0:3:3;1:1:1;1:1:1,2,5,1,1,1,0,1,1,1,1,1,4,6,1
12582,0:3:3;1:1:1;1:1:1,3,0,0,0,0,1,0,0,0,0,0,0,8,6
12583,0:3:3;1:1:1;1:1:1,3,1,1,1,1,0,1,1,1,1,1,4,6,4
12584,0:3:3;1:1:1;1:1:1,3,2,1,1,1,0,1,1,1,1,1,4,6,3
12585,0:3:3;1:1:1;1:1:1,3,3,1,1,1,0,1,1,1,1,1,4,6,1
12586,0:3:3;1:1:1;1:1:1,3,4,1,1,1,0,1,1,1,1,1,4,6,1
12587,0:3:3;1:1:1;1:1:1,3,5,1,1,1,0,1,1,1,1,1,4,6,1
12588,0:3:3;1:1:1;1:1:1,4,0,0,0,0,1,0,0,0,0,0,0,8,6
12589,0:3:3;1:1:1;1:1:1,4,1,1,1,1,0,1,1,1,1,1,4,6,4
12590,0:3:3;1:1:1;1:1:1,4,2,1,1,1,0,1,1,1,1,1,4,6,3
12591,0:3:3;1:1:1;1:1:1,4,3,1,1,1,0,1,1,1,1,1,4,6,1
12592,0:3:3;1:1:1;1:1:1,4,4,1,1,1,0,1,1,1,1,1,4,6,1
12593,0:3:3;1:1:1;1:1:1,4,5,1,1,1,0,1,1,1,1,1,4,6,1
12594,0:3:3;1:1:1;1:1:1,5,0,0,0,0,1,0,0,0,0,0,0,8,6
12595,0:3:3;1:1:1;1:1:1,5,1,1,1,1,0,1,1,1,1,1,4,6,4
12596,0:3:3;1:1:1;1:1:1,5,2,1,1,1,0,1,1,1,1,1,4,6,3
12597,0:3:3;1:1:1;1:1:1,5,3,1,1,1,0,1,1,1,1,1,4,6,1
12598,0:3:3;1:1:1;1:1:1,5,4,1,1,1,0,1,1,1,1,1,4,6,1
12599,0:3:3;1:1:1;1:1:1,5,5,1,1,1,0,1,1,1,1,1,4,6,1
12600,0:3:3;1:1:1;1:2:1,0,0,1,0,0,1,0,0,0,0,0,1,1,6
12601,0:3:3;1:1:1;1:2:1,0,1,1,0,0,1,0,0,0,0,0,1,2,6
12602,0:3:3;1:1:1;1:2:1,0,2,1,0,0,1,0,0,0,0,0,1,3,6
12603,0:3:3;1:1:1;1:2:1,0,3,1,1,1,0,1,1,1,1,1,4,6,1
12604,0:3:3;1:1:1;1:2:1,0,4,1,1,1,0,1,1,1,1,1,4,6,1
12605,0:3:3;1:1:1;1:2:1,0,5,1,1,1,0,1,1,1,1,1,4,6,1
12606,0:3:3;1:1:1;1:2:1,1,0,1,0,0,1,0,0,0,0,0,3,6,6
12607,0:3:3;1:1:1;1:2:1,1,1,1,1,0,1,0,0,0,1,1,5,8,5
12608,0:3:3;1:1:1;1:2:1,1,2,1,1,1,0,1,1,1,1,1,4,6,3
12609,0:3:3;1:1:1;1:2:1,1,3,1,1,1,0,1,1,1,1,1,4,6,1
12610,0:3:3;1:1:1;1:2:1,1,4,1,1,1,0,1,1,1,1,1,4,6,1
12611,0:3:3;1:1:1;1:2:1,1,5,1,1,1,0,1,1,1,1,1,4,6,1
12612,0:3:3;1:1:1;1:2:1,2,0,1,1,0,0,1,1,1,1,1,4,6,4
12613,0:3:3;1:1:1;1:2:1,2,1,1,1,1,0,1,1,1,1,1,4,6,4
12614,0:3:3;1:1:1;1:2:1,2,2,1,1,1,0,1,1,1,1,1,4,6,3
12615,0:3:3;1:1:1;1:2:1,2,3,1,1,1,0,1,1,1,1,1,4,6,1
12616,0:3:3;1:1:1;1:2:1,2,4,1,1,1,0,1,1,1,1,1,4,6,1
12617,0:3:3;1:1:1;1:2:1,2,5,1,1,1,0,1,1,1,1,1,4,6,1
12618,0:3:3;1:1:1;1:2:1,3,0,1,1,1,0,1,1,1,1,1,4,6,4
12619,0:3:3;1:1:1;1:2:1,3,1,1,1,1,0,1,1,1,1,1,4,6,4
12620,0:3:3;1:1:1;1:2:1,3,2,1,1,1,0,1,1,1,1,1,4,6,3
12621,0:3:3;1:1:1;1:2:1,3,3,1,1,1,0,1,1,1,1,1,4,6,1
12622,0:3:3;1:1:1;1:2:1,3,4,1,1,1,0,1,1,1,1,1,4,6,1
12623,0:3:3;1:1:1;1:2:1,3,5,1,1,1,0,1,1,1,1,1,4,6,1
12624,0:3:3;1:1:1;1:2:1,4,0,1,1,1,0,1,1,1,1,1,4,6,4
12625,0:3:3;1:1:1;1:2:1,4,1,1,1,1,0,1,1,1,1,1,4,6,4
12626,0:3:3;1:1:1;1:2:1,4,2,1,1,1,0,1,1,1,1,1,4,6,3
12627,0:3:3;1:1:1;1:2:1,4,3,1,1,1,0,1,1,1,1,1,4,6,1
12628,0:3:3;1:1:1;1:2:1,4,4,1,1,1,0,1,1,1,1,1,4,6,1
12629,0:3:3;1:1:1;1:2:1,4,5,1,1,1,0,1,1,1,1,1,4,6,1
12630,0:3:3;1:1:1;1:2:1,5,0,1,1,1,0,1,1,1,1,1,4,6,4
12631,0:3:3;1:1:1;1:2:1,5,1,1,1,1,0,1,1,1,1,1,4,6,4
12632,0:3:3;1:1:1;1:2:1,5,2,1,1,1,0,1,1,1,1,1,4,6,3
12633,0:3:3;1:1:1;1:2:1,5,3,1,1,1,0,1,1,1,1,1,4,6,1
12634,0:3:3;1:1:1;1:2:1,5,4,1,1,1,0,1,1,1,1,1,4,6,1
12635,0:3:3;1:1:1;1:2:1,5,5,1,1,1,0,1,1,1,1,1,4,6,1
12636,0:3:3;1:1:1;1:2:2,0,0,1,0,0,1,0,0,0,0,0,1,1,6
12637,0:3:3;1:1:1;1:2:2,0,1,1,0,0,1,0,0,0,0,0,1,2,6
12638,0:3:3;1:1:1;1:2:2,0,2,1,0,0,1,0,0,0,0,0,1,3,6
12639,0:3:3;1:1:1;1:2:2,0,3,1,1,0,0,1,1,1,1,1,4,7,1
12640,0:3:3;1:1:1;1:2:2,0,4,1,1,1,0,1,1,1,1,1,4,7,1
12641,0:3:3;1:1:1;1:2:2,0,5,1,1,1,0,1,1,1,1,1,4,7,1
12642,0:3:3;1:1:1;1:2:2,1,0,1,0,0,1,0,0,0,0,0,2,4,6
12643,0:3:3;1:1:1;1:2:2,1,1,1,0,0,1,0,0,0,0,0,2,7,6
12644,0:3:3;1:1:1;1:2:2,1,2,1,1,0,0,1,1,1,1,1,4,7,3
12645,0:3:3;1:1:1;1:2:2,1,3,1,1,1,0,1,1,1,1,1,4,7,1
12646,0:3:3;1:1:1;1:2:2,1,4,1,1,1,0,1,1,1,1,1,4,7,1
12647,0:3:3;1:1:1;1:2:2,1,5,1,1,1,0,1,1,1,1,1,4,7,1
12648,0:3:3;1:1:1;1:2:2,2,0,1,0,0,1,0,0,0,0,0,3,9,6
12649,0:3:3;1:1:1;1:2:2,2,1,1,1,0,1,0,0,1,0,1,5,11,5
12650,0:3:3;1:1:1;1:2:2,2,2,1,1,1,0,1,1,1,1,1,4,7,3
12651,0:3:3;1:1:1;1:2:2,2,3,1,1,1,0,1,1,1,1,1,4,7,1
12652,0:3:3;1:1:1;1:2:2,2,4,1,1,1,0,1,1,1,1,1,4,7,1
12653,0:3:3;1:1:1;1:2:2,2,5,1,1,1,0,1,1,1,1,1,4,7,1
12654,0:3:3;1:1:1;1:2:2,3,0,1,1,0,0,1,1,1,1,1,4,7,4
12655,0:3:3;1:1:1;1:2:2,3,1,1,1,1,0,1,1,1,1,1,4,7,4
12656,0:3:3;1:1:1;1:2:2,3,2,1,1,1,0,1,1,1,1,1,4,7,3
12657,0:3:3;1:1:1;1:2:2,3,3,1,1,1,0,1,1,1,1,1,4,7,1
12658,0:3:3;1:1:1;1:2:2,3,4,1,1,1,0,1,1,1,1,1,4,7,1
12659,0:3:3;1:1:1;1:2:2,3,5,1,1,1,0,1,1,1,1,1,4,7,1
12660,0:3:3;1:1:1;1:2:2,4,0,1,1,1,0,1,1,1,1,1,4,7,4
12661,0:3:3;1:1:1;1:2:2,4,1,1,1,1,0,1,1,1,1,1,4,7,4
12662,0:3:3;1:1:1;1:2:2,4,2,1,1,1,0,1,1,1,1,1,4,7,3
12663,0:3:3;1:1:1;1:2:2,4,3,1,1,1,0,1,1,1,1,1,4,7,1
12664,0:3:3;1:1:1;1:2:2,4,4,1,1,1,0,1,1,1,1,1,4,7,1
12665,0:3:3;1:1:1;1:2:2,4,5,1,1,1,0,1,1,1,1,1,4,7,1
12666,0:3:3;1:1:1;1:2:2,5,0,1,1,1,0,1,1,1,1,1,4,7,4
12667,0:3:3;1:1:1;1:2:2,5,1,1,1,1,0,1,1,1,1,1,4,7,4
12668,0:3:3;1:1:1;1:2:2,5,2,1,1,1,0,1,1,1,1,1,4,7,3
12669,0:3:3;1:1:1;1:2:2,5,3,1,1,1,0,1,1,1,1,1,4,7,1
12670,0:3:3;1:1:1;1:2:2,5,4,1,1,1,0,1,1,1,1,1,4,7,1
12671,0:3:3;1:1:1;1:2:2,5,5,1,1,1,0,1,1,1,1,1,4,7,1
12672,0:3:3;1:1:1;1:3:2,0,0,1,0,0,1,0,0,0,0,0,1,1,6
12673,0:3:3;1:1:1;1:3:2,0,1,1,0,0,1,0,0,0,0,0,1,2,6
12674,0:3:3;1:1:1;1:3:2,0,2,1,0,0,1,0,0,0,0,0,1,3,6
12675,0:3:3;1:1:1;1:3:2,0,3,1,1,0,0,1,1,1,1,1,4,7,1
12676,0:3:3;1:1:1;1:3:2,0,4,1,1,1,0,1,1,1,1,1,4,7,1
12677,0:3:3;1:1:1;1:3:2,0,5,1,1,1,0,1,1,1,1,1,4,7,1
12678,0:3:3;1:1:1;1:3:2,1,0,1,0,0,1,0,0,0,0,0,2,4,6
12679,0:3:3;1:1:1;1:3:2,1,1,1,0,0,1,0,0,0,0,0,2,7,6
12680,0:3:3;1:1:1;1:3:2,1,2,1,1,0,0,1,1,1,1,1,4,7,3
12681,0:3:3;1:1:1;1:3:2,1,3,1,1,1,0,1,1,1,1,1,4,7,1
12682,0:3:3;1:1:1;1:3:2,1,4,1,1,1,0,1,1,1,1,1,4,7,1
12683,0:3:3;1:1:1;1:3:2,1,5,1,1,1,0,1,1,1,1,1,4,7,1
12684,0:3:3;1:1:1;1:3:2,2,0,1,1,0,1,0,0,1,1,1,5,11,5
12685,0:3:3;1:1:1;1:3:2,2,1,1,1,0,1,0,0,1,1,1,5,11,5
12686,0:3:3;1:1:1;1:3:2,2,2,1,1,1,0,1,1,1,1,1,4,7,3
12687,0:3:3;1:1:1;1:3:2,2,3,1,1,1,0,1,1,1,1,1,4,7,1
12688,0:3:3;1:1:1;1:3:2,2,4,1,1,1,0,1,1,1,1,1,4,7,1
12689,0:3:3;1:1:1;1:3:2,2,5,1,1,1,0,1,1,1,1,1,4,7,1
12690,0:3:3;1:1:1;1:3:2,3,0,1,1,0,0,1,1,1,1,1,4,7,4
12691,0:3:3;1:1:1;1:3:2,3,1,1,1,1,0,1,1,1,1,1,4,7,4
12692,0:3:3;1:1:1;1:3:2,3,2,1,1,1,0,1,1,1,1,1,4,7,3
12693,0:3:3;1:1:1;1:3:2,3,3,1,1,1,0,1,1,1,1,1,4,7,1
12694,0:3:3;1:1:1;1:3:2,3,4,1,1,1,0,1,1,1,1,1,4,7,1
12695,0:3:3;1:1:1;1:3:2,3,5,1,1,1,0,1,1,1,1,1,4,7,1
12696,0:3:3;1:1:1;1:3:2,4,0,1,1,1,0,1,1,1,1,1,4,7,4
12697,0:3:3;1:1:1;1:3:2,4,1,1,1,1,0,1,1,1,1,1,4,7,4
12698,0:3:3;1:1:1;1:3:2,4,2,1,1,1,0,1,1,1,1,1,4,7,3
12699,0:3:3;1:1:1;1:3:2,4,3,1,1,1,0,1,1,1,1,1,4,7,1
12700,0:3:3;1:1:1;1:3:2,4,4,1,1,1,0,1,1,1,1,1,4,7,1
12701,0:3:3;1:1:1;1:3:2,4,5,1,1,1,0,1,1,1,1,1,4,7,1
12702,0:3:3;1:1:1;1:3:2,5,0,1,1,1,0,1,1,1,1,1,4,7,4
12703,0:3:3;1:1:1;1:3:2,5,1,1,1,1,0,1,1,1,1,1,4,7,4
12704,0:3:3;1:1:1;1:3:2,5,2,1,1,1,0,1,1,1,1,1,4,7,3
12705,0:3:3;1:1:1;1:3:2,5,3,1,1,1,0,1,1,1,1,1,4,7,1
12706,0:3:3;1:1:1;1:3:2,5,4,1,1,1,0,1,1,1,1,1,4,7,1
12707,0:3:3;1:1:1;1:3:2,5,5,1,1,1,0,1,1,1,1,1,4,7,1
12708,0:3:3;1:1:1;1:3:3,0,0,0,0,0,1,0,0,0,0,0,0,1,6
12709,0:3:3;1:1:1;1:3:3,0,1,0,0,0,1,0,0,0,0,0,0,2,6
12710,0:3:3;1:1:1;1:3:3,0,2,0,0,0,1,0,0,0,0,0,0,3,6
12711,0:3:3;1:1:1;1:3:3,0,3,0,0,0,1,0,0,0,0,0,0,10,6
12712,0:3:3;1:1:1;1:3:3,0,4,0,0,0,1,0,0,0,0,0,0,10,6
12713,0:3:3;1:1:1;1:3:3,0,5,0,0,0,1,0,0,0,0,0,0,10,6
12714,0:3:3;1:1:1;1:3:3,1,0,1,0,0,1,0,0,0,0,0,2,4,6
12715,0:3:3;1:1:1;1:3:3,1,1,1,0,0,1,0,0,0,0,0,2,7,6
12716,0:3:3;1:1:1;1:3:3,1,2,1,1,0,0,1,1,1,1,1,4,8,3
12717,0:3:3;1:1:1;1:3:3,1,3,1,1,0,0,1,1,1,1,1,4,8,1
12718,0:3:3;1:1:1;1:3:3,1,4,1,1,1,0,1,1,1,1,1,4,8,1
12719,0:3:3;1:1:1;1:3:3,1,5,1,1,1,0,1,1,1,1,1,4,8,1
12720,0:3:3;1:1:1;1:3:3,2,0,1,0,0,1,0,0,0,0,0,2,7,6
12721,0:3:3;1:1:1;1:3:3,2,1,1,0,0,1,0,0,0,0,0,2,12,6
12722,0:3:3;1:1:1;1:3:3,2,2,1,1,0,0,1,1,1,1,1,4,8,3
12723,0:3:3;1:1:1;1:3:3,2,3,1,1,1,0,1,1,1,1,1,4,8,1
12724,0:3:3;1:1:1;1:3:3,2,4,1,1,1,0,1,1,1,1,1,4,8,1
12725,0:3:3;1:1:1;1:3:3,2,5,1,1,1,0,1,1,1,1,1,4,8,1
12726,0:3:3;1:1:1;1:3:3,3,0,1,1,0,1,0,0,1,0,1,5,14,5
12727,0:3:3;1:1:1;1:3:3,3,1,1,1,0,1,0,0,1,0,1,5,14,5
12728,0:3:3;1:1:1;1:3:3,3,2,1,1,1,0,1,1,1,1,1,4,8,3
12729,0:3:3;1:1:1;1:3:3,3,3,1,1,1,0,1,1,1,1,1,4,8,1
12730,0:3:3;1:1:1;1:3:3,3,4,1,1,1,0,1,1,1,1,1,4,8,1
12731,0:3:3;1:1:1;1:3:3,3,5,1,1,1,0,1,1,1,1,1,4,8,1
12732,0:3:3;1:1:1;1:3:3,4,0,1,1,0,0,1,1,1,1,1,4,8,4
12733,0:3:3;1:1:1;1:3:3,4,1,1,1,1,0,1,1,1,1,1,4,8,4
12734,0:3:3;1:1:1;1:3:3,4,2,1,1,1,0,1,1,1,1,1,4,8,3
12735,0:3:3;1:1:1;1:3:3,4,3,1,1,1,0,1,1,1,1,1,4,8,1
12736,0:3:3;1:1:1;1:3:3,4,4,1,1,1,0,1,1,1,1,1,4,8,1
12737,0:3:3;1:1:1;1:3:3,4,5,1,1,1,0,1,1,1,1,1,4,8,1
12738,0:3:3;1:1:1;1:3:3,5,0,1,1,1,0,1,1,1,1,1,4,8,4
12739,0:3:3;1:1:1;1:3:3,5,1,1,1,1,0,1,1,1,1,1,4,8,4
12740,0:3:3;1:1:1;1:3:3,5,2,1,1,1,0,1,1,1,1,1,4,8,3
12741,0:3:3;1:1:1;1:3:3,5,3,1,1,1,0,1,1,1,1,1,4,8,1
12742,0:3:3;1:1:1;1:3:3,5,4,1,1,1,0,1,1,1,1,1,4,8,1
12743,0:3:3;1:1:1;1:3:3,5,5,1,1,1,0,1,1,1,1,1,4,8,1
12744,0:3:3;1:1:1;1:4:3,0,0,0,0,0,1,0,0,0,0,0,0,1,6
12745,0:3:3;1:1:1;1:4:3,0,1,0,0,0,1,0,0,0,0,0,0,2,6
12746,0:3:3;1:1:1;1:4:3,0,2,0,0,0,1,0,0,0,0,0,0,3,6
12747,0:3:3;1:1:1;1:4:3,0,3,0,0,0,1,0,0,0,0,0,0,10,6
12748,0:3:3;1:1:1;1:4:3,0,4,0,0,0,1,0,0,0,0,0,0,10,6
12749,0:3:3;1:1:1;1:4:3,0,5,0,0,0,1,0,0,0,0,0,0,10,6
12750,0:3:3;1:1:1;1:4:3,1,0,1,0,0,1,0,0,0,0,0,2,4,6
12751,0:3:3;1:1:1;1:4:3,1,1,1,0,0,1,0,0,0,0,0,2,7,6
12752,0:3:3;1:1:1;1:4:3,1,2,1,1,0,0,1,1,1,1,1,4,8,3
12753,0:3:3;1:1:1;1:4:3,1,3,1,1,0,0,1,1,1,1,1,4,8,1
12754,0:3:3;1:1:1;1:4:3,1,4,1,1,1,0,1,1,1,1,1,4,8,1
12755,0:3:3;1:1:1;1:4:3,1,5,1,1,1,0,1,1,1,1,1,4,8,1
12756,0:3:3;1:1:1;1:4:3,2,0,1,0,0,1,0,0,0,0,0,2,7,6
12757,0:3:3;1:1:1;1:4:3,2,1,1,0,0,1,0,0,0,0,0,2,12,6
12758,0:3:3;1:1:1;1:4:3,2,2,1,1,0,0,1,1,1,1,1,4,8,3
12759,0:3:3;1:1:1;1:4:3,2,3,1,1,1,0,1,1,1,1,1,4,8,1
12760,0:3:3;1:1:1;1:4:3,2,4,1,1,1,0,1,1,1,1,1,4,8,1
12761,0:3:3;1:1:1;1:4:3,2,5,1,1,1,0,1,1,1,1,1,4,8,1
12762,0:3:3;1:1:1;1:4:3,3,0,1,1,0,1,0,0,1,1,1,5,14,5
12763,0:3:3;1:1:1;1:4:3,3,1,1,1,0,1,0,0,1,1,1,5,14,5
12764,0:3:3;1:1:1;1:4:3,3,2,1,1,1,0,1,1,1,1,1,4,8,3
12765,0:3:3;1:1:1;1:4:3,3,3,1,1,1,0,1,1,1,1,1,4,8,1
12766,0:3:3;1:1:1;1:4:3,3,4,1,1,1,0,1,1,1,1,1,4,8,1
12767,0:3:3;1:1:1;1:4:3,3,5,1,1,1,0,1,1,1,1,1,4,8,1
12768,0:3:3;1:1:1;1:4:3,4,0,1,1,0,0,1,1,1,1,1,4,8,4
12769,0:3:3;1:1:1;1:4:3,4,1,1,1,1,0,1,1,1,1,1,4,8,4
12770,0:3:3;1:1:1;1:4:3,4,2,1,1,1,0,1,1,1,1,1,4,8,3
12771,0:3:3;1:1:1;1:4:3,4,3,1,1,1,0,1,1,1,1,1,4,8,1
12772,0:3:3;1:1:1;1:4:3,4,4,1,1,1,0,1,1,1,1,1,4,8,1
12773,0:3:3;1:1:1;1:4:3,4,5,1,1,1,0,1,1,1,1,1,4,8,1
12774,0:3:3;1:1:1;1:4:3,5,0,1,1,1,0,1,1,1,1,1,4,8,4
12775,0:3:3;1:1:1;1:4:3,5,1,1,1,1,0,1,1,1,1,1,4,8,4
12776,0:3:3;1:1:1;1:4:3,5,2,1,1,1,0,1,1,1,1,1,4,8,3
12777,0:3:3;1:1:1;1:4:3,5,3,1,1,1,0,1,1,1,1,1,4,8,1
12778,0:3:3;1:1:1;1:4:3,5,4,1,1,1,0,1,1,1,1,1,4,8,1
12779,0:3:3;1:1:1;1:4:3,5,5,1,1,1,0,1,1,1,1,1,4,8,1
12780,0:3:3;1:2:1;1:2:1,0,0,1,0,0,1,0,0,0,0,0,1,1,6
12781,0:3:3;1:2:1;1:2:1,0,1,1,0,0,1,0,0,0,0,0,1,2,6
12782,0:3:3;1:2:1;1:2:1,0,2,1,0,0,1,0,0,0,0,0,1,3,6
12783,0:3:3;1:2:1;1:2:1,0,3,1,1,1,0,1,1,1,1,1,4,6,1
12784,0:3:3;1:2:1;1:2:1,0,4,1,1,1,0,1,1,1,1,1,4,6,1
12785,0:3:3;1:2:1;1:2:1,0,5,1,1,1,0,1,1,1,1,1,4,6,1
12786,0:3:3;1:2:1;1:2:1,1,0,1,0,0,1,0,0,0,0,0,3,7,6
12787,0:3:3;1:2:1;1:2:1,1,1,1,1,0,0,1,1,1,1,1,4,6,3
12788,0:3:3;1:2:1;1:2:1,1,2,1,1,1,0,1,1,1,1,1,4,6,3
12789,0:3:3;1:2:1;1:2:1,1,3,1,1,1,0,1,1,1,1,1,4,6,1
12790,0:3:3;1:2:1;1:2:1,1,4,1,1,1,0,1,1,1,1,1,4,6,1
12791,0:3:3;1:2:1;1:2:1,1,5,1,1,1,0,1,1,1,1,1,4,6,1
12792,0:3:3;1:2:1;1:2:1,2,0,1,1,0,0,1,1,1,1,1,4,6,4
12793,0:3:3;1:2:1;1:2:1,2,1,1,1,1,0,1,1,1,1,1,4,6,3
12794,0:3:3;1:2:1;1:2:1,2,2,1,1,1,0,1,1,1,1,1,4,6,3
12795,0:3:3;1:2:1;1:2:1,2,3,1,1,1,0,1,1,1,1,1,4,6,1
12796,0:3:3;1:2:1;1:2:1,2,4,1,1,1,0,1,1,1,1,1,4,6,1
12797,0:3:3;1:2:1;1:2:1,2,5,1,1,1,0,1,1,1,1,1,4,6,1
12798,0:3:3;1:2:1;1:2:1,3,0,1,1,1,0,1,1,1,1,1,4,6,4
12799,0:3:3;1:2:1;1:2:1,3,1,1,1,1,0,1,1,1,1,1,4,6,3
12800,0:3:3;1:2:1;1:2:1,3,2,1,1,1,0,1,1,1,1,1,4,6,3
12801,0:3:3;1:2:1;1:2:1,3,3,1,1,1,0,1,1,1,1,1,4,6,1
12802,0:3:3;1:2:1;1:2:1,3,4,1,1,1,0,1,1,1,1,1,4,6,1
12803,0:3:3;1:2:1;1:2:1,3,5,1,1,1,0,1,1,1,1,1,4,6,1
12804,0:3:3;1:2:1;1:2:1,4,0,1,1,1,0,1,1,1,1,1,4,6,4
12805,0:3:3;1:2:1;1:2:1,4,1,1,1,1,0,1,1,1,1,1,4,6,3
12806,0:3:3;1:2:1;1:2:1,4,2,1,1,1,0,1,1,1,1,1,4,6,3
12807,0:3:3;1:2:1;1:2:1,4,3,1,1,1,0,1,1,1,1,1,4,6,1
12808,0:3:3;1:2:1;1:2:1,4,4,1,1,1,0,1,1,1,1,1,4,6,1
12809,0:3:3;1:2:1;1:2:1,4,5,1,1,1,0,1,1,1,1,1,4,6,1
12810,0:3:3;1:2:1;1:2:1,5,0,1,1,1,0,1,1,1,1,1,4,6,4
12811,0:3:3;1:2:1;1:2:1,5,1,1,1,1,0,1,1,1,1,1,4,6,3
12812,0:3:3;1:2:1;1:2:1,5,2,1,1,1,0,1,1,1,1,1,4,6,3
12813,0:3:3;1:2:1;1:2:1,5,3,1,1,1,0,1,1,1,1,1,4,6,1
12814,0:3:3;1:2:1;1:2:1,5,4,1,1,1,0,1,1,1,1,1,4,6,1
12815,0:3:3;1:2:1;1:2:1,5,5,1,1,1,0,1,1,1,1,1,4,6,1
12816,0:3:3;1:2:1;1:2:2,0,0,1,0,0,1,0,0,0,0,0,1,1,6
12817,0:3:3;1:2:1;1:2:2,0,1,1,0,0,1,0,0,0,0,0,1,2,6
12818,0:3:3;1:2:1;1:2:2,0,2,1,0,0,1,0,0,0,0,0,1,3,6
12819,0:3:3;1:2:1;1:2:2,0,3,1,1,0,0,1,1,1,1,1,4,7,1
12820,0:3:3;1:2:1;1:2:2,0,4,1,1,1,0,1,1,1,1,1,4,7,1
12821,0:3:3;1:2:1;1:2:2,0,5,1,1,1,0,1,1,1,1,1,4,7,1
12822,0:3:3;1:2:1;1:2:2,1,0,1,0,0,1,0,0,0,0,0,2,5,6
12823,0:3:3;1:2:1;1:2:2,1,1,1,1,0,0,1,1,1,1,1,4,7,3
12824,0:3:3;1:2:1;1:2:2,1,2,1,1,0,0,1,1,1,1,1,4,7,3
12825,0:3:3;1:2:1;1:2:2,1,3,1,1,1,0,1,1,1,1,1,4,7,1
12826,0:3:3;1:2:1;1:2:2,1,4,1,1,1,0,1,1,1,1,1,4,7,1
12827,0:3:3;1:2:1;1:2:2,1,5,1,1,1,0,1,1,1,1,1,4,7,1
12828,0:3:3;1:2:1;1:2:2,2,0,1,0,0,1,0,0,0,0,0,3,11,6
12829,0:3:3;1:2:1;1:2:2,2,1,1,1,0,0,1,1,1,1,1,4,7,3
12830,0:3:3;1:2:1;1:2:2,2,2,1,1,1,0,1,1,1,1,1,4,7,3
12831,0:3:3;1:2:1;1:2:2,2,3,1,1,1,0,1,1,1,1,1,4,7,1
12832,0:3:3;1:2:1;1:2:2,2,4,1,1,1,0,1,1,1,1,1,4,7,1
12833,0:3:3;1:2:1;1:2:2,2,5,1,1,1,0,1,1,1,1,1,4,7,1
12834,0:3:3;1:2:1;1:2:2,3,0,1,1,0,0,1,1,1,1,1,4,7,4
12835,0:3:3;1:2:1;1:2:2,3,1,1,1,1,0,1,1,1,1,1,4,7,3
12836,0:3:3;1:2:1;1:2:2,3,2,1,1,1,0,1,1,1,1,1,4,7,3
12837,0:3:3;1:2:1;1:2:2,3,3,1,1,1,0,1,1,1,1,1,4,7,1
12838,0:3:3;1:2:1;1:2:2,3,4,1,1,1,0,1,1,1,1,1,4,7,1
12839,0:3:3;1:2:1;1:2:2,3,5,1,1,1,0,1,1,1,1,1,4,7,1
12840,0:3:3;1:2:1;1:2:2,4,0,1,1,1,0,1,1,1,1,1,4,7,4
12841,0:3:3;1:2:1;1:2:2,4,1,1,1,1,0,1,1,1,1,1,4,7,3
12842,0:3:3;1:2:1;1:2:2,4,2,1,1,1,0,1,1,1,1,1,4,7,3
12843,0:3:3;1:2:1;1:2:2,4,3,1,1,1,0,1,1,1,1,1,4,7,1
12844,0:3:3;1:2:1;1:2:2,4,4,1,1,1,0,1,1,1,1,1,4,7,1
12845,0:3:3;1:2:1;1:2:2,4,5,1,1,1,0,1,1,1,1,1,4,7,1
12846,0:3:3;1:2:1;1:2:2,5,0,1,1,1,0,1,1,1,1,1,4,7,4
12847,0:3:3;1:2:1;1:2:2,5,1,1,1,1,0,1,1,1,1,1,4,7,3
12848,0:3:3;1:2:1;1:2:2,5,2,1,1,1,0,1,1,1,1,1,4,7,3
12849,0:3:3;1:2:1;1:2:2,5,3,1,1,1,0,1,1,1,1,1,4,7,1
12850,0:3:3;1:2:1;1:2:2,5,4,1,1,1,0,1,1,1,1,1,4,7,1
12851,0:3:3;1:2:1;1:2:2,5,5,1,1,1,0,1,1,1,1,1,4,7,1
12852,0:3:3;1:2:1;1:3:2,0,0,1,0,0,1,0,0,0,0,0,1,1,6
12853,0:3:3;1:2:1;1:3:2,0,1,1,0,0,1,0,0,0,0,0,1,2,6
12854,0:3:3;1:2:1;1:3:2,0,2,1,0,0,1,0,0,0,0,0,1,3,6
12855,0:3:3;1:2:1;1:3:2,0,3,1,1,0,0,1,1,1,1,1,4,7,1
12856,0:3:3;1:2:1;1:3:2,0,4,1,1,1,0,1,1,1,1,1,4,7,1
12857,0:3:3;1:2:1;1:3:2,0,5,1,1,1,0,1,1,1,1,1,4,7,1
12858,0:3:3;1:2:1;1:3:2,1,0,1,0,0,1,0,0,0,0,0,2,5,6
12859,0:3:3;1:2:1;1:3:2,1,1,1,1,0,0,1,1,1,1,1,4,7,3
12860,0:3:3;1:2:1;1:3:2,1,2,1,1,0,0,1,1,1,1,1,4,7,3
12861,0:3:3;1:2:1;1:3:2,1,3,1,1,1,0,1,1,1,1,1,4,7,1
12862,0:3:3;1:2:1;1:3:2,1,4,1,1,1,0,1,1,1,1,1,4,7,1
12863,0:3:3;1:2:1;1:3:2,1,5,1,1,1,0,1,1,1,1,1,4,7,1
12864,0:3:3;1:2:1;1:3:2,2,0,1,1,0,1,0,0,1,0,1,5,13,5
12865,0:3:3;1:2:1;1:3:2,2,1,1,1,0,0,1,1,1,1,1,4,7,3
12866,0:3:3;1:2:1;1:3:2,2,2,1,1,1,0,1,1,1,1,1,4,7,3
12867,0:3:3;1:2:1;1:3:2,2,3,1,1,1,0,1,1,1,1,1,4,7,1
12868,0:3:3;1:2:1;1:3:2,2,4,1,1,1,0,1,1,1,1,1,4,7,1
12869,0:3:3;1:2:1;1:3:2,2,5,1,1,1,0,1,1,1,1,1,4,7,1
12870,0:3:3;1:2:1;1:3:2,3,0,1,1,0,0,1,1,1,1,1,4,7,4
12871,0:3:3;1:2:1;1:3:2,3,1,1,1,1,0,1,1,1,1,1,4,7,3
12872,0:3:3;1:2:1;1:3:2,3,2,1,1,1,0,1,1,1,1,1,4,7,3
12873,0:3:3;1:2:1;1:3:2,3,3,1,1,1,0,1,1,1,1,1,4,7,1
12874,0:3:3;1:2:1;1:3:2,3,4,1,1,1,0,1,1,1,1,1,4,7,1
12875,0:3:3;1:2:1;1:3:2,3,5,1,1,1,0,1,1,1,1,1,4,7,1
12876,0:3:3;1:2:1;1:3:2,4,0,1,1,1,0,1,1,1,1,1,4,7,4
12877,0:3:3;1:2:1;1:3:2,4,1,1,1,1,0,1,1,1,1,1,4,7,3
12878,0:3:3;1:2:1;1:3:2,4,2,1,1,1,0,1,1,1,1,1,4,7,3
12879,0:3:3;1:2:1;1:3:2,4,3,1,1,1,0,1,1,1,1,1,4,7,1
12880,0:3:3;1:2:1;1:3:2,4,4,1,1,1,0,1,1,1,1,1,4,7,1
12881,0:3:3;1:2:1;1:3:2,4,5,1,1,1,0,1,1,1,1,1,4,7,1
12882,0:3:3;1:2:1;1:3:2,5,0,1,1,1,0,1,1,1,1,1,4,7,4
12883,0:3:3;1:2:1;1:3:2,5,1,1,1,1,0,1,1,1,1,1,4,7,3
12884,0:3:3;1:2:1;1:3:2,5,2,1,1,1,0,1,1,1,1,1,4,7,3
12885,0:3:3;1:2:1;1:3:2,5,3,1,1,1,0,1,1,1,1,1,4,7,1
12886,0:3:3;1:2:1;1:3:2,5,4,1,1,1,0,1,1,1,1,1,4,7,1
12887,0:3:3;1:2:1;1:3:2,5,5,1,1,1,0,1,1,1,1,1,4,7,1
12888,0:3:3;1:2:1;1:3:3,0,0,0,0,0,1,0,0,0,0,0,0,1,6
12889,0:3:3;1:2:1;1:3:3,0,1,0,0,0,1,0,0,0,0,0,0,2,6
12890,0:3:3;1:2:1;1:3:3,0,2,0,0,0,1,0,0,0,0,0,0,3,6
12891,0:3:3;1:2:1;1:3:3,0,3,0,0,0,1,0,0,0,0,0,0,10,6
12892,0:3:3;1:2:1;1:3:3,0,4,0,0,0,1,0,0,0,0,0,0,10,6
12893,0:3:3;1:2:1;1:3:3,0,5,0,0,0,1,0,0,0,0,0,0,10,6
12894,0:3:3;1:2:1;1:3:3,1,0,1,0,0,1,0,0,0,0,0,2,5,6
12895,0:3:3;1:2:1;1:3:3,1,1,1,1,0,0,1,1,1,1,1,4,8,3
12896,0:3:3;1:2:1;1:3:3,1,2,1,1,0,0,1,1,1,1,1,4,8,3
12897,0:3:3;1:2:1;1:3:3,1,3,1,1,0,0,1,1,1,1,1,4,8,1
12898,0:3:3;1:2:1;1:3:3,1,4,1,1,1,0,1,1,1,1,1,4,8,1
12899,0:3:3;1:2:1;1:3:3,1,5,1,1,1,0,1,1,1,1,1,4,8,1
12900,0:3:3;1:2:1;1:3:3,2,0,1,0,0,1,0,0,0,0,0,2,9,6
12901,0:3:3;1:2:1;1:3:3,2,1,1,1,0,0,1,1,1,1,1,4,8,3
12902,0:3:3;1:2:1;1:3:3,2,2,1,1,0,0,1,1,1,1,1,4,8,3
12903,0:3:3;1:2:1;1:3:3,2,3,1,1,1,0,1,1,1,1,1,4,8,1
12904,0:3:3;1:2:1;1:3:3,2,4,1,1,1,0,1,1,1,1,1,4,8,1
12905,0:3:3;1:2:1;1:3:3,2,5,1,1,1,0,1,1,1,1,1,4,8,1
12906,0:3:3;1:2:1;1:3:3,3,0,1,1,0,1,0,0,1,0,1,5,17,5
12907,0:3:3;1:2:1;1:3:3,3,1,1,1,0,0,1,1,1,1,1,4,8,3
12908,0:3:3;1:2:1;1:3:3,3,2,1,1,1,0,1,1,1,1,1,4,8,3
12909,0:3:3;1:2:1;1:3:3,3,3,1,1,1,0,1,1,1,1,1,4,8,1
12910,0:3:3;1:2:1;1:3:3,3,4,1,1,1,0,1,1,1,1,1,4,8,1
12911,0:3:3;1:2:1;1:3:3,3,5,1,1,1,0,1,1,1,1,1,4,8,1
12912,0:3:3;1:2:1;1:3:3,4,0,1,1,0,0,1,1,1,1,1,4,8,4
12913,0:3:3;1:2:1;1:3:3,4,1,1,1,1,0,1,1,1,1,1,4,8,3
12914,0:3:3;1:2:1;1:3:3,4,2,1,1,1,0,1,1,1,1,1,4,8,3
12915,0:3:3;1:2:1;1:3:3,4,3,1,1,1,0,1,1,1,1,1,4,8,1
12916,0:3:3;1:2:1;1:3:3,4,4,1,1,1,0,1,1,1,1,1,4,8,1
12917,0:3:3;1:2:1;1:3:3,4,5,1,1,1,0,1,1,1,1,1,4,8,1
12918,0:3:3;1:2:1;1:3:3,5,0,1,1,1,0,1,1,1,1,1,4,8,4
12919,0:3:3;1:2:1;1:3:3,5,1,1,1,1,0,1,1,1,1,1,4,8,3
12920,0:3:3;1:2:1;1:3:3,5,2,1,1,1,0,1,1,1,1,1,4,8,3
12921,0:3:3;1:2:1;1:3:3,5,3,1,1,1,0,1,1,1,1,1,4,8,1
12922,0:3:3;1:2:1;1:3:3,5,4,1,1,1,0,1,1,1,1,1,4,8,1
12923,0:3:3;1:2:1;1:3:3,5,5,1,1,1,0,1,1,1,1,1,4,8,1
12924,0:3:3;1:2:1;1:4:3,0,0,0,0,0,1,0,0,0,0,0,0,1,6
12925,0:3:3;1:2:1;1:4:3,0,1,0,0,0,1,0,0,0,0,0,0,2,6
12926,0:3:3;1:2:1;1:4:3,0,2,0,0,0,1,0,0,0,0,0,0,3,6
12927,0:3:3;1:2:1;1:4:3,0,3,0,0,0,1,0,0,0,0,0,0,10,6
12928,0:3:3;1:2:1;1:4:3,0,4,0,0,0,1,0,0,0,0,0,0,10,6
12929,0:3:3;1:2:1;1:4:3,0,5,0,0,0,1,0,0,0,0,0,0,10,6
12930,0:3:3;1:2:1;1:4:3,1,0,1,0,0,1,0,0,0,0,0,2,5,6
12931,0:3:3;1:2:1;1:4:3,1,1,1,1,0,0,1,1,1,1,1,4,8,3
12932,0:3:3;1:2:1;1:4:3,1,2,1,1,0,0,1,1,1,1,1,4,8,3
12933,0:3:3;1:2:1;1:4:3,1,3,1,1,0,0,1,1,1,1,1,4,8,1
12934,0:3:3;1:2:1;1:4:3,1,4,1,1,1,0,1,1,1,1,1,4,8,1
12935,0:3:3;1:2:1;1:4:3,1,5,1,1,1,0,1,1,1,1,1,4,8,1
12936,0:3:3;1:2:1;1:4:3,2,0,1,0,0,1,0,0,0,0,0,2,9,6
12937,0:3:3;1:2:1;1:4:3,2,1,1,1,0,0,1,1,1,1,1,4,8,3
12938,0:3:3;1:2:1;1:4:3,2,2,1,1,0,0,1,1,1,1,1,4,8,3
12939,0:3:3;1:2:1;1:4:3,2,3,1,1,1,0,1,1,1,1,1,4,8,1
12940,0:3:3;1:2:1;1:4:3,2,4,1,1,1,0,1,1,1,1,1,4,8,1
12941,0:3:3;1:2:1;1:4:3,2,5,1,1,1,0,1,1,1,1,1,4,8,1
12942,0:3:3;1:2:1;1:4:3,3,0,1,1,0,1,0,0,1,0,1,5,17,5
12943,0:3:3;1:2:1;1:4:3,3,1,1,1,0,0,1,1,1,1,1,4,8,3
12944,0:3:3;1:2:1;1:4:3,3,2,1,1,1,0,1,1,1,1,1,4,8,3
12945,0:3:3;1:2:1;1:4:3,3,3,1,1,1,0,1,1,1,1,1,4,8,1
12946,0:3:3;1:2:1;1:4:3,3,4,1,1,1,0,1,1,1,1,1,4,8,1
12947,0:3:3;1:2:1;1:4:3,3,5,1,1,1,0,1,1,1,1,1,4,8,1
12948,0:3:3;1:2:1;1:4:3,4,0,1,1,0,0,1,1,1,1,1,4,8,4
12949,0:3:3;1:2:1;1:4:3,4,1,1,1,1,0,1,1,1,1,1,4,8,3
12950,0:3:3;1:2:1;1:4:3,4,2,1,1,1,0,1,1,1,1,1,4,8,3
12951,0:3:3;1:2:1;1:4:3,4,3,1,1,1,0,1,1,1,1,1,4,8,1
12952,0:3:3;1:2:1;1:4:3,4,4,1,1,1,0,1,1,1,1,1,4,8,1
12953,0:3:3;1:2:1;1:4:3,4,5,1,1,1,0,1,1,1,1,1,4,8,1
12954,0:3:3;1:2:1;1:4:3,5,0,1,1,1,0,1,1,1,1,1,4,8,4
12955,0:3:3;1:2:1;1:4:3,5,1,1,1,1,0,1,1,1,1,1,4,8,3
12956,0:3:3;1:2:1;1:4:3,5,2,1,1,1,0,1,1,1,1,1,4,8,3
12957,0:3:3;1:2:1;1:4:3,5,3,1,1,1,0,1,1,1,1,1,4,8,1
12958,0:3:3;1:2:1;1:4:3,5,4,1,1,1,0,1,1,1,1,1,4,8,1
12959,0:3:3;1:2:1;1:4:3,5,5,1,1,1,0,1,1,1,1,1,4,8,1
12960,0:3:3;1:2:2;1:2:2,0,0,0,0,0,1,0,0,0,0,0,0,1,6
12961,0:3:3;1:2:2;1:2:2,0,1,0,0,0,1,0,0,0,0,0,0,2,6
12962,0:3:3;1:2:2;1:2:2,0,2,0,0,0,1,0,0,0,0,0,0,3,6
12963,0:3:3;1:2:2;1:2:2,0,3,0,0,0,1,0,0,0,0,0,0,11,6
12964,0:3:3;1:2:2;1:2:2,0,4,0,0,0,1,0,0,0,0,0,0,11,6
12965,0:3:3;1:2:2;1:2:2,0,5,0,0,0,1,0,0,0,0,0,0,11,6
12966,0:3:3;1:2:2;1:2:2,1,0,1,0,0,1,0,0,0,0,0,1,3,6
12967,0:3:3;1:2:2;1:2:2,1,1,1,0,0,1,0,0,0,0,0,1,6,6
12968,0:3:3;1:2:2;1:2:2,1,2,1,0,0,1,0,0,0,0,0,1,9,6
12969,0:3:3;1:2:2;1:2:2,1,3,1,1,1,0,1,1,1,1,1,4,8,1
12970,0:3:3;1:2:2;1:2:2,1,4,1,1,1,0,1,1,1,1,1,4,8,1
12971,0:3:3;1:2:2;1:2:2,1,5,1,1,1,0,1,1,1,1,1,4,8,1
12972,0:3:3;1:2:2;1:2:2,2,0,1,0,0,1,0,0,0,0,0,3,10,6
12973,0:3:3;1:2:2;1:2:2,2,1,1,1,0,0,1,1,1,1,1,4,8,3
12974,0:3:3;1:2:2;1:2:2,2,2,1,1,1,0,1,1,1,1,1,4,8,3
12975,0:3:3;1:2:2;1:2:2,2,3,1,1,1,0,1,1,1,1,1,4,8,1
12976,0:3:3;1:2:2;1:2:2,2,4,1,1,1,0,1,1,1,1,1,4,8,1
12977,0:3:3;1:2:2;1:2:2,2,5,1,1,1,0,1,1,1,1,1,4,8,1
12978,0:3:3;1:2:2;1:2:2,3,0,1,0,0,1,0,0,0,0,0,3,16,6
12979,0:3:3;1:2:2;1:2:2,3,1,1,1,1,0,1,1,1,1,1,4,8,3
12980,0:3:3;1:2:2;1:2:2,3,2,1,1,1,0,1,1,1,1,1,4,8,3
12981,0:3:3;1:2:2;1:2:2,3,3,1,1,1,0,1,1,1,1,1,4,8,1
12982,0:3:3;1:2:2;1:2:2,3,4,1,1,1,0,1,1,1,1,1,4,8,1
12983,0:3:3;1:2:2;1:2:2,3,5,1,1,1,0,1,1,1,1,1,4,8,1
12984,0:3:3;1:2:2;1:2:2,4,0,1,1,1,0,1,1,1,1,1,4,8,4
12985,0:3:3;1:2:2;1:2:2,4,1,1,1,1,0,1,1,1,1,1,4,8,3
12986,0:3:3;1:2:2;1:2:2,4,2,1,1,1,0,1,1,1,1,1,4,8,3
12987,0:3:3;1:2:2;1:2:2,4,3,1,1,1,0,1,1,1,1,1,4,8,1
12988,0:3:3;1:2:2;1:2:2,4,4,1,1,1,0,1,1,1,1,1,4,8,1
12989,0:3:3;1:2:2;1:2:2,4,5,1,1,1,0,1,1,1,1,1,4,8,1
12990,0:3:3;1:2:2;1:2:2,5,0,1,1,1,0,1,1,1,1,1,4,8,4
12991,0:3:3;1:2:2;1:2:2,5,1,1,1,1,0,1,1,1,1,1,4,8,3
12992,0:3:3;1:2:2;1:2:2,5,2,1,1,1,0,1,1,1,1,1,4,8,3
12993,0:3:3;1:2:2;1:2:2,5,3,1,1,1,0,1,1,1,1,1,4,8,1
12994,0:3:3;1:2:2;1:2:2,5,4,1,1,1,0,1,1,1,1,1,4,8,1
12995,0:3:3;1:2:2;1:2:2,5,5,1,1,1,0,1,1,1,1,1,4,8,1
12996,0:3:3;1:2:2;1:3:2,0,0,0,0,0,1,0,0,0,0,0,0,1,6
12997,0:3:3;1:2:2;1:3:2,0,1,0,0,0,1,0,0,0,0,0,0,2,6
12998,0:3:3;1:2:2;1:3:2,0,2,0,0,0,1,0,0,0,0,0,0,3,6
12999,0:3:3;1:2:2;1:3:2,0,3,0,0,0,1,0,0,0,0,0,0,11,6
13000,0:3:3;1:2:2;1:3:2,0,4,0,0,0,1,0,0,0,0,0,0,11,6
13001,0:3:3;1:2:2;1:3:2,0,5,0,0,0,1,0,0,0,0,0,0,11,6
13002,0:3:3;1:2:2;1:3:2,1,0,1,0,0,1,0,0,0,0,0,1,3,6
13003,0:3:3;1:2:2;1:3:2,1,1,1,0,0,1,0,0,0,0,0,1,6,6
13004,0:3:3;1:2:2;1:3:2,1,2,1,0,0,1,0,0,0,0,0,1,9,6
13005,0:3:3;1:2:2;1:3:2,1,3,1,1,1,0,1,1,1,1,1,4,8,1
13006,0:3:3;1:2:2;1:3:2,1,4,1,1,1,0,1,1,1,1,1,4,8,1
13007,0:3:3;1:2:2;1:3:2,1,5,1,1,1,0,1,1,1,1,1,4,8,1
13008,0:3:3;1:2:2;1:3:2,2,0,1,1,0,1,0,0,0,1,1,5,13,5
13009,0:3:3;1:2:2;1:3:2,2,1,1,1,0,0,1,1,1,1,1,4,8,3
13010,0:3:3;1:2:2;1:3:2,2,2,1,1,1,0,1,1,1,1,1,4,8,3
13011,0:3:3;1:2:2;1:3:2,2,3,1,1,1,0,1,1,1,1,1,4,8,1
13012,0:3:3;1:2:2;1:3:2,2,4,1,1,1,0,1,1,1,1,1,4,8,1
13013,0:3:3;1:2:2;1:3:2,2,5,1,1,1,0,1,1,1,1,1,4,8,1
13014,0:3:3;1:2:2;1:3:2,3,0,1,1,0,1,0,0,0,1,1,5,14,5
13015,0:3:3;1:2:2;1:3:2,3,1,1,1,1,0,1,1,1,1,1,4,8,3
13016,0:3:3;1:2:2;1:3:2,3,2,1,1,1,0,1,1,1,1,1,4,8,3
13017,0:3:3;1:2:2;1:3:2,3,3,1,1,1,0,1,1,1,1,1,4,8,1
13018,0:3:3;1:2:2;1:3:2,3,4,1,1,1,0,1,1,1,1,1,4,8,1
13019,0:3:3;1:2:2;1:3:2,3,5,1,1,1,0,1,1,1,1,1,4,8,1
13020,0:3:3;1:2:2;1:3:2,4,0,1,1,1,0,1,1,1,1,1,4,8,4
13021,0:3:3;1:2:2;1:3:2,4,1,1,1,1,0,1,1,1,1,1,4,8,3
13022,0:3:3;1:2:2;1:3:2,4,2,1,1,1,0,1,1,1,1,1,4,8,3
13023,0:3:3;1:2:2;1:3:2,4,3,1,1,1,0,1,1,1,1,1,4,8,1
13024,0:3:3;1:2:2;1:3:2,4,4,1,1,1,0,1,1,1,1,1,4,8,1
13025,0:3:3;1:2:2;1:3:2,4,5,1,1,1,0,1,1,1,1,1,4,8,1
13026,0:3:3;1:2:2;1:3:2,5,0,1,1,1,0,1,1,1,1,1,4,8,4
13027,0:3:3;1:2:2;1:3:2,5,1,1,1,1,0,1,1,1,1,1,4,8,3
13028,0:3:3;1:2:2;1:3:2,5,2,1,1,1,0,1,1,1,1,1,4,8,3
13029,0:3:3;1:2:2;1:3:2,5,3,1,1,1,0,1,1,1,1,1,4,8,1
13030,0:3:3;1:2:2;1:3:2,5,4,1,1,1,0,1,1,1,1,1,4,8,1
13031,0:3:3;1:2:2;1:3:2,5,5,1,1,1,0,1,1,1,1,1,4,8,1
13032,0:3:3;1:2:2;1:3:3,0,0,0,0,0,1,0,0,0,0,0,0,1,6
13033,0:3:3;1:2:2;1:3:3,0,1,0,0,0,1,0,0,0,0,0,0,2,6
13034,0:3:3;1:2:2;1:3:3,0,2,0,0,0,1,0,0,0,0,0,0,3,6
13035,0:3:3;1:2:2;1:3:3,0,3,0,0,0,1,0,0,0,0,0,0,12,6
13036,0:3:3;1:2:2;1:3:3,0,4,0,0,0,1,0,0,0,0,0,0,12,6
13037,0:3:3;1:2:2;1:3:3,0,5,0,0,0,1,0,0,0,0,0,0,12,6
13038,0:3:3;1:2:2;1:3:3,1,0,0,0,0,1,0,0,0,0,0,0,3,6
13039,0:3:3;1:2:2;1:3:3,1,1,0,0,0,1,0,0,0,0,0,0,6,6
13040,0:3:3;1:2:2;1:3:3,1,2,0,0,0,1,0,0,0,0,0,0,9,6
13041,0:3:3;1:2:2;1:3:3,1,3,0,0,0,1,0,0,0,0,0,0,20,6
13042,0:3:3;1:2:2;1:3:3,1,4,0,0,0,1,0,0,0,0,0,0,20,6
13043,0:3:3;1:2:2;1:3:3,1,5,0,0,0,1,0,0,0,0,0,0,20,6
13044,0:3:3;1:2:2;1:3:3,2,0,1,0,0,1,0,0,0,0,0,2,8,6
13045,0:3:3;1:2:2;1:3:3,2,1,1,1,0,0,1,1,1,1,1,4,9,3
13046,0:3:3;1:2:2;1:3:3,2,2,1,1,0,0,1,1,1,1,1,4,9,3
13047,0:3:3;1:2:2;1:3:3,2,3,1,1,1,0,1,1,1,1,1,4,9,1
13048,0:3:3;1:2:2;1:3:3,2,4,1,1,1,0,1,1,1,1,1,4,9,1
13049,0:3:3;1:2:2;1:3:3,2,5,1,1,1,0,1,1,1,1,1,4,9,1
13050,0:3:3;1:2:2;1:3:3,3,0,1,1,0,1,0,0,1,0,1,5,18,5
13051,0:3:3;1:2:2;1:3:3,3,1,1,1,0,0,1,1,1,1,1,4,9,3
13052,0:3:3;1:2:2;1:3:3,3,2,1,1,1,0,1,1,1,1,1,4,9,3
13053,0:3:3;1:2:2;1:3:3,3,3,1,1,1,0,1,1,1,1,1,4,9,1
13054,0:3:3;1:2:2;1:3:3,3,4,1,1,1,0,1,1,1,1,1,4,9,1
13055,0:3:3;1:2:2;1:3:3,3,5,1,1,1,0,1,1,1,1,1,4,9,1
13056,0:3:3;1:2:2;1:3:3,4,0,1,1,0,1,0,0,1,0,1,5,18,5
13057,0:3:3;1:2:2;1:3:3,4,1,1,1,1,0,1,1,1,1,1,4,9,3
13058,0:3:3;1:2:2;1:3:3,4,2,1,1,1,0,1,1,1,1,1,4,9,3
13059,0:3:3;1:2:2;1:3:3,4,3,1,1,1,0,1,1,1,1,1,4,9,1
13060,0:3:3;1:2:2;1:3:3,4,4,1,1,1,0,1,1,1,1,1,4,9,1
13061,0:3:3;1:2:2;1:3:3,4,5,1,1,1,0,1,1,1,1,1,4,9,1
13062,0:3:3;1:2:2;1:3:3,5,0,1,1,1,0,1,1,1,1,1,4,9,4
13063,0:3:3;1:2:2;1:3:3,5,1,1,1,1,0,1,1,1,1,1,4,9,3
13064,0:3:3;1:2:2;1:3:3,5,2,1,1,1,0,1,1,1,1,1,4,9,3
13065,0:3:3;1:2:2;1:3:3,5,3,1,1,1,0,1,1,1,1,1,4,9,1
13066,0:3:3;1:2:2;1:3:3,5,4,1,1,1,0,1,1,1,1,1,4,9,1
13067,0:3:3;1:2:2;1:3:3,5,5,1,1,1,0,1,1,1,1,1,4,9,1
13068,0:3:3;1:2:2;1:4:3,0,0,0,0,0,1,0,0,0,0,0,0,1,6
13069,0:3:3;1:2:2;1:4:3,0,1,0,0,0,1,0,0,0,0,0,0,2,6
13070,0:3:3;1:2:2;1:4:3,0,2,0,0,0,1,0,0,0,0,0,0,3,6
13071,0:3:3;1:2:2;1:4:3,0,3,0,0,0,1,0,0,0,0,0,0,12,6
13072,0:3:3;1:2:2;1:4:3,0,4,0,0,0,1,0,0,0,0,0,0,12,6
13073,0:3:3;1:2:2;1:4:3,0,5,0,0,0,1,0,0,0,0,0,0,12,6
13074,0:3:3;1:2:2;1:4:3,1,0,0,0,0,1,0,0,0,0,0,0,3,6
13075,0:3:3;1:2:2;1:4:3,1,1,0,0,0,1,0,0,0,0,0,0,6,6
13076,0:3:3;1:2:2;1:4:3,1,2,0,0,0,1,0,0,0,0,0,0,9,6
13077,0:3:3;1:2:2;1:4:3,1,3,0,0,0,1,0,0,0,0,0,0,20,6
13078,0:3:3;1:2:2;1:4:3,1,4,0,0,0,1,0,0,0,0,0,0,20,6
13079,0:3:3;1:2:2;1:4:3,1,5,0,0,0,1,0,0,0,0,0,0,20,6
13080,0:3:3;1:2:2;1:4:3,2,0,1,0,0,1,0,0,0,0,0,2,8,6
13081,0:3:3;1:2:2;1:4:3,2,1,1,1,0,0,1,1,1,1,1,4,9,3
13082,0:3:3;1:2:2;1:4:3,2,2,1,1,0,0,1,1,1,1,1,4,9,3
13083,0:3:3;1:2:2;1:4:3,2,3,1,1,1,0,1,1,1,1,1,4,9,1
13084,0:3:3;1:2:2;1:4:3,2,4,1,1,1,0,1,1,1,1,1,4,9,1
13085,0:3:3;1:2:2;1:4:3,2,5,1,1,1,0,1,1,1,1,1,4,9,1
13086,0:3:3;1:2:2;1:4:3,3,0,1,1,0,1,0,0,1,1,1,5,18,5
13087,0:3:3;1:2:2;1:4:3,3,1,1,1,0,0,1,1,1,1,1,4,9,3
13088,0:3:3;1:2:2;1:4:3,3,2,1,1,1,0,1,1,1,1,1,4,9,3
13089,0:3:3;1:2:2;1:4:3,3,3,1,1,1,0,1,1,1,1,1,4,9,1
13090,0:3:3;1:2:2;1:4:3,3,4,1,1,1,0,1,1,1,1,1,4,9,1
13091,0:3:3;1:2:2;1:4:3,3,5,1,1,1,0,1,1,1,1,1,4,9,1
13092,0:3:3;1:2:2;1:4:3,4,0,1,1,0,1,0,0,1,1,1,5,18,5
13093,0:3:3;1:2:2;1:4:3,4,1,1,1,1,0,1,1,1,1,1,4,9,3
13094,0:3:3;1:2:2;1:4:3,4,2,1,1,1,0,1,1,1,1,1,4,9,3
13095,0:3:3;1:2:2;1:4:3,4,3,1,1,1,0,1,1,1,1,1,4,9,1
13096,0:3:3;1:2:2;1:4:3,4,4,1,1,1,0,1,1,1,1,1,4,9,1
13097,0:3:3;1:2:2;1:4:3,4,5,1,1,1,0,1,1,1,1,1,4,9,1
13098,0:3:3;1:2:2;1:4:3,5,0,1,1,1,0,1,1,1,1,1,4,9,4
13099,0:3:3;1:2:2;1:4:3,5,1,1,1,1,0,1,1,1,1,1,4,9,3
13100,0:3:3;1:2:2;1:4:3,5,2,1,1,1,0,1,1,1,1,1,4,9,3
13101,0:3:3;1:2:2;1:4:3,5,3,1,1,1,0,1,1,1,1,1,4,9,1
13102,0:3:3;1:2:2;1:4:3,5,4,1,1,1,0,1,1,1,1,1,4,9,1
13103,0:3:3;1:2:2;1:4:3,5,5,1,1,1,0,1,1,1,1,1,4,9,1
13104,0:3:3;1:3:2;1:3:2,0,0,0,0,0,1,0,0,0,0,0,0,1,6
13105,0:3:3;1:3:2;1:3:2,0,1,0,0,0,1,0,0,0,0,0,0,2,6
13106,0:3:3;1:3:2;1:3:2,0,2,0,0,0,1,0,0,0,0,0,0,3,6
13107,0:3:3;1:3:2;1:3:2,0,3,0,0,0,1,0,0,0,0,0,0,11,6
13108,0:3:3;1:3:2;1:3:2,0,4,0,0,0,1,0,0,0,0,0,0,11,6
13109,0:3:3;1:3:2;1:3:2,0,5,0,0,0,1,0,0,0,0,0,0,11,6
13110,0:3:3;1:3:2;1:3:2,1,0,1,0,0,1,0,0,0,0,0,1,3,6
13111,0:3:3;1:3:2;1:3:2,1,1,1,0,0,1,0,0,0,0,0,1,6,6
13112,0:3:3;1:3:2;1:3:2,1,2,1,0,0,1,0,0,0,0,0,1,9,6
13113,0:3:3;1:3:2;1:3:2,1,3,1,1,1,0,1,1,1,1,1,4,8,1
13114,0:3:3;1:3:2;1:3:2,1,4,1,1,1,0,1,1,1,1,1,4,8,1
13115,0:3:3;1:3:2;1:3:2,1,5,1,1,1,0,1,1,1,1,1,4,8,1
13116,0:3:3;1:3:2;1:3:2,2,0,1,1,0,0,1,1,1,1,1,4,8,3
13117,0:3:3;1:3:2;1:3:2,2,1,1,1,0,0,1,1,1,1,1,4,8,3
13118,0:3:3;1:3:2;1:3:2,2,2,1,1,1,0,1,1,1,1,1,4,8,3
13119,0:3:3;1:3:2;1:3:2,2,3,1,1,1,0,1,1,1,1,1,4,8,1
13120,0:3:3;1:3:2;1:3:2,2,4,1,1,1,0,1,1,1,1,1,4,8,1
13121,0:3:3;1:3:2;1:3:2,2,5,1,1,1,0,1,1,1,1,1,4,8,1
13122,0:3:3;1:3:2;1:3:2,3,0,1,1,0,0,1,1,1,1,1,4,8,3
13123,0:3:3;1:3:2;1:3:2,3,1,1,1,1,0,1,1,1,1,1,4,8,3
13124,0:3:3;1:3:2;1:3:2,3,2,1,1,1,0,1,1,1,1,1,4,8,3
13125,0:3:3;1:3:2;1:3:2,3,3,1,1,1,0,1,1,1,1,1,4,8,1
13126,0:3:3;1:3:2;1:3:2,3,4,1,1,1,0,1,1,1,1,1,4,8,1
13127,0:3:3;1:3:2;1:3:2,3,5,1,1,1,0,1,1,1,1,1,4,8,1
13128,0:3:3;1:3:2;1:3:2,4,0,1,1,1,0,1,1,1,1,1,4,8,3
13129,0:3:3;1:3:2;1:3:2,4,1,1,1,1,0,1,1,1,1,1,4,8,3
13130,0:3:3;1:3:2;1:3:2,4,2,1,1,1,0,1,1,1,1,1,4,8,3
13131,0:3:3;1:3:2;1:3:2,4,3,1,1,1,0,1,1,1,1,1,4,8,1
13132,0:3:3;1:3:2;1:3:2,4,4,1,1,1,0,1,1,1,1,1,4,8,1
13133,0:3:3;1:3:2;1:3:2,4,5,1,1,1,0,1,1,1,1,1,4,8,1
13134,0:3:3;1:3:2;1:3:2,5,0,1,1,1,0,1,1,1,1,1,4,8,3
13135,0:3:3;1:3:2;1:3:2,5,1,1,1,1,0,1,1,1,1,1,4,8,3
13136,0:3:3;1:3:2;1:3:2,5,2,1,1,1,0,1,1,1,1,1,4,8,3
13137,0:3:3;1:3:2;1:3:2,5,3,1,1,1,0,1,1,1,1,1,4,8,1
13138,0:3:3;1:3:2;1:3:2,5,4,1,1,1,0,1,1,1,1,1,4,8,1
13139,0:3:3;1:3:2;1:3:2,5,5,1,1,1,0,1,1,1,1,1,4,8,1
13140,0:3:3;1:3:2;1:3:3,0,0,0,0,0,1,0,0,0,0,0,0,1,6
13141,0:3:3;1:3:2;1:3:3,0,1,0,0,0,1,0,0,0,0,0,0,2,6
13142,0:3:3;1:3:2;1:3:3,0,2,0,0,0,1,0,0,0,0,0,0,3,6
13143,0:3:3;1:3:2;1:3:3,0,3,0,0,0,1,0,0,0,0,0,0,12,6
13144,0:3:3;1:3:2;1:3:3,0,4,0,0,0,1,0,0,0,0,0,0,12,6
13145,0:3:3;1:3:2;1:3:3,0,5,0,0,0,1,0,0,0,0,0,0,12,6
13146,0:3:3;1:3:2;1:3:3,1,0,0,0,0,1,0,0,0,0,0,0,3,6
13147,0:3:3;1:3:2;1:3:3,1,1,0,0,0,1,0,0,0,0,0,0,6,6
13148,0:3:3;1:3:2;1:3:3,1,2,0,0,0,1,0,0,0,0,0,0,9,6
13149,0:3:3;1:3:2;1:3:3,1,3,0,0,0,1,0,0,0,0,0,0,20,6
13150,0:3:3;1:3:2;1:3:3,1,4,0,0,0,1,0,0,0,0,0,0,20,6
13151,0:3:3;1:3:2;1:3:3,1,5,0,0,0,1,0,0,0,0,0,0,20,6
13152,0:3:3;1:3:2;1:3:3,2,0,1,1,0,0,1,1,1,1,1,4,9,3
13153,0:3:3;1:3:2;1:3:3,2,1,1,1,0,0,1,1,1,1,1,4,9,3
13154,0:3:3;1:3:2;1:3:3,2,2,1,1,0,0,1,1,1,1,1,4,9,3
13155,0:3:3;1:3:2;1:3:3,2,3,1,1,1,0,1,1,1,1,1,4,9,1
13156,0:3:3;1:3:2;1:3:3,2,4,1,1,1,0,1,1,1,1,1,4,9,1
13157,0:3:3;1:3:2;1:3:3,2,5,1,1,1,0,1,1,1,1,1,4,9,1
13158,0:3:3;1:3:2;1:3:3,3,0,1,1,0,0,1,1,1,1,1,4,9,3
13159,0:3:3;1:3:2;1:3:3,3,1,1,1,0,0,1,1,1,1,1,4,9,3
13160,0:3:3;1:3:2;1:3:3,3,2,1,1,1,0,1,1,1,1,1,4,9,3
13161,0:3:3;1:3:2;1:3:3,3,3,1,1,1,0,1,1,1,1,1,4,9,1
13162,0:3:3;1:3:2;1:3:3,3,4,1,1,1,0,1,1,1,1,1,4,9,1
13163,0:3:3;1:3:2;1:3:3,3,5,1,1,1,0,1,1,1,1,1,4,9,1
13164,0:3:3;1:3:2;1:3:3,4,0,1,1,0,0,1,1,1,1,1,4,9,3
13165,0:3:3;1:3:2;1:3:3,4,1,1,1,1,0,1,1,1,1,1,4,9,3
13166,0:3:3;1:3:2;1:3:3,4,2,1,1,1,0,1,1,1,1,1,4,9,3
13167,0:3:3;1:3:2;1:3:3,4,3,1,1,1,0,1,1,1,1,1,4,9,1
13168,0:3:3;1:3:2;1:3:3,4,4,1,1,1,0,1,1,1,1,1,4,9,1
13169,0:3:3;1:3:2;1:3:3,4,5,1,1,1,0,1,1,1,1,1,4,9,1
13170,0:3:3;1:3:2;1:3:3,5,0,1,1,1,0,1,1,1,1,1,4,9,3
13171,0:3:3;1:3:2;1:3:3,5,1,1,1,1,0,1,1,1,1,1,4,9,3
13172,0:3:3;1:3:2;1:3:3,5,2,1,1,1,0,1,1,1,1,1,4,9,3
13173,0:3:3;1:3:2;1:3:3,5,3,1,1,1,0,1,1,1,1,1,4,9,1
13174,0:3:3;1:3:2;1:3:3,5,4,1,1,1,0,1,1,1,1,1,4,9,1
13175,0:3:3;1:3:2;1:3:3,5,5,1,1,1,0,1,1,1,1,1,4,9,1
13176,0:3:3;1:3:2;1:4:3,0,0,0,0,0,1,0,0,0,0,0,0,1,6
13177,0:3:3;1:3:2;1:4:3,0,1,0,0,0,1,0,0,0,0,0,0,2,6
13178,0:3:3;1:3:2;1:4:3,0,2,0,0,0,1,0,0,0,0,0,0,3,6
13179,0:3:3;1:3:2;1:4:3,0,3,0,0,0,1,0,0,0,0,0,0,12,6
13180,0:3:3;1:3:2;1:4:3,0,4,0,0,0,1,0,0,0,0,0,0,12,6
13181,0:3:3;1:3:2;1:4:3,0,5,0,0,0,1,0,0,0,0,0,0,12,6
13182,0:3:3;1:3:2;1:4:3,1,0,0,0,0,1,0,0,0,0,0,0,3,6
13183,0:3:3;1:3:2;1:4:3,1,1,0,0,0,1,0,0,0,0,0,0,6,6
13184,0:3:3;1:3:2;1:4:3,1,2,0,0,0,1,0,0,0,0,0,0,9,6
13185,0:3:3;1:3:2;1:4:3,1,3,0,0,0,1,0,0,0,0,0,0,20,6
13186,0:3:3;1:3:2;1:4:3,1,4,0,0,0,1,0,0,0,0,0,0,20,6
13187,0:3:3;1:3:2;1:4:3,1,5,0,0,0,1,0,0,0,0,0,0,20,6
13188,0:3:3;1:3:2;1:4:3,2,0,1,1,0,0,1,1,1,1,1,4,9,3
13189,0:3:3;1:3:2;1:4:3,2,1,1,1,0,0,1,1,1,1,1,4,9,3
13190,0:3:3;1:3:2;1:4:3,2,2,1,1,0,0,1,1,1,1,1,4,9,3
13191,0:3:3;1:3:2;1:4:3,2,3,1,1,1,0,1,1,1,1,1,4,9,1
13192,0:3:3;1:3:2;1:4:3,2,4,1,1,1,0,1,1,1,1,1,4,9,1
13193,0:3:3;1:3:2;1:4:3,2,5,1,1,1,0,1,1,1,1,1,4,9,1
13194,0:3:3;1:3:2;1:4:3,3,0,1,1,0,0,1,1,1,1,1,4,9,3
13195,0:3:3;1:3:2;1:4:3,3,1,1,1,0,0,1,1,1,1,1,4,9,3
13196,0:3:3;1:3:2;1:4:3,3,2,1,1,1,0,1,1,1,1,1,4,9,3
13197,0:3:3;1:3:2;1:4:3,3,3,1,1,1,0,1,1,1,1,1,4,9,1
13198,0:3:3;1:3:2;1:4:3,3,4,1,1,1,0,1,1,1,1,1,4,9,1
13199,0:3:3;1:3:2;1:4:3,3,5,1,1,1,0,1,1,1,1,1,4,9,1
13200,0:3:3;1:3:2;1:4:3,4,0,1,1,0,0,1,1,1,1,1,4,9,3
13201,0:3:3;1:3:2;1:4:3,4,1,1,1,1,0,1,1,1,1,1,4,9,3
13202,0:3:3;1:3:2;1:4:3,4,2,1,1,1,0,1,1,1,1,1,4,9,3
13203,0:3:3;1:3:2;1:4:3,4,3,1,1,1,0,1,1,1,1,1,4,9,1
13204,0:3:3;1:3:2;1:4:3,4,4,1,1,1,0,1,1,1,1,1,4,9,1
13205,0:3:3;1:3:2;1:4:3,4,5,1,1,1,0,1,1,1,1,1,4,9,1
13206,0:3:3;1:3:2;1:4:3,5,0,1,1,1,0,1,1,1,1,1,4,9,3
13207,0:3:3;1:3:2;1:4:3,5,1,1,1,1,0,1,1,1,1,1,4,9,3
13208,0:3:3;1:3:2;1:4:3,5,2,1,1,1,0,1,1,1,1,1,4,9,3
13209,0:3:3;1:3:2;1:4:3,5,3,1,1,1,0,1,1,1,1,1,4,9,1
13210,0:3:3;1:3:2;1:4:3,5,4,1,1,1,0,1,1,1,1,1,4,9,1
13211,0:3:3;1:3:2;1:4:3,5,5,1,1,1,0,1,1,1,1,1,4,9,1
13212,0:3:3;1:3:3;1:3:3,0,0,0,0,0,1,0,0,0,0,0,0,1,6
13213,0:3:3;1:3:3;1:3:3,0,1,0,0,0,1,0,0,0,0,0,0,2,6
13214,0:3:3;1:3:3;1:3:3,0,2,0,0,0,1,0,0,0,0,0,0,3,6
13215,0:3:3;1:3:3;1:3:3,0,3,0,0,0,1,0,0,0,0,0,0,13,6
13216,0:3:3;1:3:3;1:3:3,0,4,0,0,0,1,0,0,0,0,0,0,13,6
13217,0:3:3;1:3:3;1:3:3,0,5,0,0,0,1,0,0,0,0,0,0,13,6
13218,0:3:3;1:3:3;1:3:3,1,0,0,0,0,1,0,0,0,0,0,0,3,6
13219,0:3:3;1:3:3;1:3:3,1,1,0,0,0,1,0,0,0,0,0,0,6,6
13220,0:3:3;1:3:3;1:3:3,1,2,0,0,0,1,0,0,0,0,0,0,9,6
13221,0:3:3;1:3:3;1:3:3,1,3,0,0,0,1,0,0,0,0,0,0,22,6
13222,0:3:3;1:3:3;1:3:3,1,4,0,0,0,1,0,0,0,0,0,0,22,6
13223,0:3:3;1:3:3;1:3:3,1,5,0,0,0,1,0,0,0,0,0,0,22,6
13224,0:3:3;1:3:3;1:3:3,2,0,0,0,0,1,0,0,0,0,0,0,6,6
13225,0:3:3;1:3:3;1:3:3,2,1,0,0,0,1,0,0,0,0,0,0,12,6
13226,0:3:3;1:3:3;1:3:3,2,2,0,0,0,1,0,0,0,0,0,0,18,6
13227,0:3:3;1:3:3;1:3:3,2,3,0,0,0,1,0,0,0,0,0,0,33,6
13228,0:3:3;1:3:3;1:3:3,2,4,0,0,0,1,0,0,0,0,0,0,33,6
13229,0:3:3;1:3:3;1:3:3,2,5,0,0,0,1,0,0,0,0,0,0,33,6
13230,0:3:3;1:3:3;1:3:3,3,0,1,1,0,0,1,1,1,1,1,4,10,3
13231,0:3:3;1:3:3;1:3:3,3,1,1,1,0,0,1,1,1,1,1,4,10,3
13232,0:3:3;1:3:3;1:3:3,3,2,1,1,1,0,1,1,1,1,1,4,10,3
13233,0:3:3;1:3:3;1:3:3,3,3,1,1,1,0,1,1,1,1,1,4,10,1
13234,0:3:3;1:3:3;1:3:3,3,4,1,1,1,0,1,1,1,1,1,4,10,1
13235,0:3:3;1:3:3;1:3:3,3,5,1,1,1,0,1,1,1,1,1,4,10,1
13236,0:3:3;1:3:3;1:3:3,4,0,1,1,0,0,1,1,1,1,1,4,10,3
13237,0:3:3;1:3:3;1:3:3,4,1,1,1,1,0,1,1,1,1,1,4,10,3
13238,0:3:3;1:3:3;1:3:3,4,2,1,1,1,0,1,1,1,1,1,4,10,3
13239,0:3:3;1:3:3;1:3:3,4,3,1,1,1,0,1,1,1,1,1,4,10,1
13240,0:3:3;1:3:3;1:3:3,4,4,1,1,1,0,1,1,1,1,1,4,10,1
13241,0:3:3;1:3:3;1:3:3,4,5,1,1,1,0,1,1,1,1,1,4,10,1
13242,0:3:3;1:3:3;1:3:3,5,0,1,1,1,0,1,1,1,1,1,4,10,3
13243,0:3:3;1:3:3;1:3:3,5,1,1,1,1,0,1,1,1,1,1,4,10,3
13244,0:3:3;1:3:3;1:3:3,5,2,1,1,1,0,1,1,1,1,1,4,10,3
13245,0:3:3;1:3:3;1:3:3,5,3,1,1,1,0,1,1,1,1,1,4,10,1
13246,0:3:3;1:3:3;1:3:3,5,4,1,1,1,0,1,1,1,1,1,4,10,1
13247,0:3:3;1:3:3;1:3:3,5,5,1,1,1,0,1,1,1,1,1,4,10,1
13248,0:3:3;1:3:3;1:4:3,0,0,0,0,0,1,0,0,0,0,0,0,1,6
13249,0:3:3;1:3:3;1:4:3,0,1,0,0,0,1,0,0,0,0,0,0,2,6
13250,0:3:3;1:3:3;1:4:3,0,2,0,0,0,1,0,0,0,0,0,0,3,6
13251,0:3:3;1:3:3;1:4:3,0,3,0,0,0,1,0,0,0,0,0,0,13,6
13252,0:3:3;1:3:3;1:4:3,0,4,0,0,0,1,0,0,0,0,0,0,13,6
13253,0:3:3;1:3:3;1:4:3,0,5,0,0,0,1,0,0,0,0,0,0,13,6
13254,0:3:3;1:3:3;1:4:3,1,0,0,0,0,1,0,0,0,0,0,0,3,6
13255,0:3:3;1:3:3;1:4:3,1,1,0,0,0,1,0,0,0,0,0,0,6,6
13256,0:3:3;1:3:3;1:4:3,1,2,0,0,0,1,0,0,0,0,0,0,9,6
13257,0:3:3;1:3:3;1:4:3,1,3,0,0,0,1,0,0,0,0,0,0,22,6
13258,0:3:3;1:3:3;1:4:3,1,4,0,0,0,1,0,0,0,0,0,0,22,6
13259,0:3:3;1:3:3;1:4:3,1,5,0,0,0,1,0,0,0,0,0,0,22,6
13260,0:3:3;1:3:3;1:4:3,2,0,0,0,0,1,0,0,0,0,0,0,6,6
13261,0:3:3;1:3:3;1:4:3,2,1,0,0,0,1,0,0,0,0,0,0,12,6
13262,0:3:3;1:3:3;1:4:3,2,2,0,0,0,1,0,0,0,0,0,0,18,6
13263,0:3:3;1:3:3;1:4:3,2,3,0,0,0,1,0,0,0,0,0,0,33,6
13264,0:3:3;1:3:3;1:4:3,2,4,0,0,0,1,0,0,0,0,0,0,33,6
13265,0:3:3;1:3:3;1:4:3,2,5,0,0,0,1,0,0,0,0,0,0,33,6
13266,0:3:3;1:3:3;1:4:3,3,0,1,1,0,0,1,1,1,1,1,4,10,3
13267,0:3:3;1:3:3;1:4:3,3,1,1,1,0,0,1,1,1,1,1,4,10,3
13268,0:3:3;1:3:3;1:4:3,3,2,1,1,1,0,1,1,1,1,1,4,10,3
13269,0:3:3;1:3:3;1:4:3,3,3,1,1,1,0,1,1,1,1,1,4,10,1
13270,0:3:3;1:3:3;1:4:3,3,4,1,1,1,0,1,1,1,1,1,4,10,1
13271,0:3:3;1:3:3;1:4:3,3,5,1,1,1,0,1,1,1,1,1,4,10,1
13272,0:3:3;1:3:3;1:4:3,4,0,1,1,0,0,1,1,1,1,1,4,10,3
13273,0:3:3;1:3:3;1:4:3,4,1,1,1,1,0,1,1,1,1,1,4,10,3
13274,0:3:3;1:3:3;1:4:3,4,2,1,1,1,0,1,1,1,1,1,4,10,3
13275,0:3:3;1:3:3;1:4:3,4,3,1,1,1,0,1,1,1,1,1,4,10,1
13276,0:3:3;1:3:3;1:4:3,4,4,1,1,1,0,1,1,1,1,1,4,10,1
13277,0:3:3;1:3:3;1:4:3,4,5,1,1,1,0,1,1,1,1,1,4,10,1
13278,0:3:3;1:3:3;1:4:3,5,0,1,1,1,0,1,1,1,1,1,4,10,3
13279,0:3:3;1:3:3;1:4:3,5,1,1,1,1,0,1,1,1,1,1,4,10,3
13280,0:3:3;1:3:3;1:4:3,5,2,1,1,1,0,1,1,1,1,1,4,10,3
13281,0:3:3;1:3:3;1:4:3,5,3,1,1,1,0,1,1,1,1,1,4,10,1
13282,0:3:3;1:3:3;1:4:3,5,4,1,1,1,0,1,1,1,1,1,4,10,1
13283,0:3:3;1:3:3;1:4:3,5,5,1,1,1,0,1,1,1,1,1,4,10,1
13284,0:3:3;1:4:3;1:4:3,0,0,0,0,0,1,0,0,0,0,0,0,1,6
13285,0:3:3;1:4:3;1:4:3,0,1,0,0,0,1,0,0,0,0,0,0,2,6
13286,0:3:3;1:4:3;1:4:3,0,2,0,0,0,1,0,0,0,0,0,0,3,6
13287,0:3:3;1:4:3;1:4:3,0,3,0,0,0,1,0,0,0,0,0,0,13,6
13288,0:3:3;1:4:3;1:4:3,0,4,0,0,0,1,0,0,0,0,0,0,13,6
13289,0:3:3;1:4:3;1:4:3,0,5,0,0,0,1,0,0,0,0,0,0,13,6
13290,0:3:3;1:4:3;1:4:3,1,0,0,0,0,1,0,0,0,0,0,0,3,6
13291,0:3:3;1:4:3;1:4:3,1,1,0,0,0,1,0,0,0,0,0,0,6,6
13292,0:3:3;1:4:3;1:4:3,1,2,0,0,0,1,0,0,0,0,0,0,9,6
13293,0:3:3;1:4:3;1:4:3,1,3,0,0,0,1,0,0,0,0,0,0,22,6
13294,0:3:3;1:4:3;1:4:3,1,4,0,0,0,1,0,0,0,0,0,0,22,6
13295,0:3:3;1:4:3;1:4:3,1,5,0,0,0,1,0,0,0,0,0,0,22,6
13296,0:3:3;1:4:3;1:4:3,2,0,0,0,0,1,0,0,0,0,0,0,6,6
13297,0:3:3;1:4:3;1:4:3,2,1,0,0,0,1,0,0,0,0,0,0,12,6
13298,0:3:3;1:4:3;1:4:3,2,2,0,0,0,1,0,0,0,0,0,0,18,6
13299,0:3:3;1:4:3;1:4:3,2,3,0,0,0,1,0,0,0,0,0,0,33,6
13300,0:3:3;1:4:3;1:4:3,2,4,0,0,0,1,0,0,0,0,0,0,33,6
13301,0:3:3;1:4:3;1:4:3,2,5,0,0,0,1,0,0,0,0,0,0,33,6
13302,0:3:3;1:4:3;1:4:3,3,0,1,1,0,0,1,1,1,1,1,4,10,3
13303,0:3:3;1:4:3;1:4:3,3,1,1,1,0,0,1,1,1,1,1,4,10,3
13304,0:3:3;1:4:3;1:4:3,3,2,1,1,1,0,1,1,1,1,1,4,10,3
13305,0:3:3;1:4:3;1:4:3,3,3,1,1,1,0,1,1,1,1,1,4,10,1
13306,0:3:3;1:4:3;1:4:3,3,4,1,1,1,0,1,1,1,1,1,4,10,1
13307,0:3:3;1:4:3;1:4:3,3,5,1,1,1,0,1,1,1,1,1,4,10,1
13308,0:3:3;1:4:3;1:4:3,4,0,1,1,0,0,1,1,1,1,1,4,10,3
13309,0:3:3;1:4:3;1:4:3,4,1,1,1,1,0,1,1,1,1,1,4,10,3
13310,0:3:3;1:4:3;1:4:3,4,2,1,1,1,0,1,1,1,1,1,4,10,3
13311,0:3:3;1:4:3;1:4:3,4,3,1,1,1,0,1,1,1,1,1,4,10,1
13312,0:3:3;1:4:3;1:4:3,4,4,1,1,1,0,1,1,1,1,1,4,10,1
13313,0:3:3;1:4:3;1:4:3,4,5,1,1,1,0,1,1,1,1,1,4,10,1
13314,0:3:3;1:4:3;1:4:3,5,0,1,1,1,0,1,1,1,1,1,4,10,3
13315,0:3:3;1:4:3;1:4:3,5,1,1,1,1,0,1,1,1,1,1,4,10,3
13316,0:3:3;1:4:3;1:4:3,5,2,1,1,1,0,1,1,1,1,1,4,10,3
13317,0:3:3;1:4:3;1:4:3,5,3,1,1,1,0,1,1,1,1,1,4,10,1
13318,0:3:3;1:4:3;1:4:3,5,4,1,1,1,0,1,1,1,1,1,4,10,1
13319,0:3:3;1:4:3;1:4:3,5,5,1,1,1,0,1,1,1,1,1,4,10,1
13320,0:4:3;0:4:3;0:4:3,0,0,0,0,0,1,0,0,0,0,0,0,1,6
13321,0:4:3;0:4:3;0:4:3,0,1,0,0,0,1,0,0,0,0,0,0,4,6
13322,0:4:3;0:4:3;0:4:3,0,2,0,0,0,1,0,0,0,0,0,0,10,6
13323,0:4:3;0:4:3;0:4:3,0,3,0,0,0,1,0,0,0,0,0,0,20,6
13324,0:4:3;0:4:3;0:4:3,0,4,0,0,0,1,0,0,0,0,0,0,32,6
13325,0:4:3;0:4:3;0:4:3,0,5,0,0,0,1,0,0,0,0,0,0,44,6
13326,0:4:3;0:4:3;0:4:3,1,0,0,0,0,1,0,0,0,0,0,0,1,6
13327,0:4:3;0:4:3;0:4:3,1,1,0,0,0,1,0,0,0,0,0,0,4,6
13328,0:4:3;0:4:3;0:4:3,1,2,0,0,0,1,0,0,0,0,0,0,10,6
13329,0:4:3;0:4:3;0:4:3,1,3,0,0,0,1,0,0,0,0,0,0,20,6
13330,0:4:3;0:4:3;0:4:3,1,4,0,0,0,1,0,0,0,0,0,0,32,6
13331,0:4:3;0:4:3;0:4:3,1,5,0,0,0,1,0,0,0,0,0,0,44,6
13332,0:4:3;0:4:3;0:4:3,2,0,0,0,0,1,0,0,0,0,0,0,1,6
13333,0:4:3;0:4:3;0:4:3,2,1,0,0,0,1,0,0,0,0,0,0,4,6
13334,0:4:3;0:4:3;0:4:3,2,2,0,0,0,1,0,0,0,0,0,0,10,6
13335,0:4:3;0:4:3;0:4:3,2,3,0,0,0,1,0,0,0,0,0,0,20,6
13336,0:4:3;0:4:3;0:4:3,2,4,0,0,0,1,0,0,0,0,0,0,32,6
13337,0:4:3;0:4:3;0:4:3,2,5,0,0,0,1,0,0,0,0,0,0,44,6
13338,0:4:3;0:4:3;0:4:3,3,0,0,0,0,1,0,0,0,0,0,0,1,6
13339,0:4:3;0:4:3;0:4:3,3,1,0,0,0,1,0,0,0,0,0,0,4,6
13340,0:4:3;0:4:3;0:4:3,3,2,0,0,0,1,0,0,0,0,0,0,10,6
13341,0:4:3;0:4:3;0:4:3,3,3,0,0,0,1,0,0,0,0,0,0,20,6
13342,0:4:3;0:4:3;0:4:3,3,4,0,0,0,1,0,0,0,0,0,0,32,6
13343,0:4:3;0:4:3;0:4:3,3,5,0,0,0,1,0,0,0,0,0,0,44,6
13344,0:4:3;0:4:3;0:4:3,4,0,0,0,0,1,0,0,0,0,0,0,1,6
13345,0:4:3;0:4:3;0:4:3,4,1,0,0,0,1,0,0,0,0,0,0,4,6
13346,0:4:3;0:4:3;0:4:3,4,2,0,0,0,1,0,0,0,0,0,0,10,6
13347,0:4:3;0:4:3;0:4:3,4,3,0,0,0,1,0,0,0,0,0,0,20,6
13348,0:4:3;0:4:3;0:4:3,4,4,0,0,0,1,0,0,0,0,0,0,32,6
13349,0:4:3;0:4:3;0:4:3,4,5,0,0,0,1,0,0,0,0,0,0,44,6
13350,0:4:3;0:4:3;0:4:3,5,0,0,0,0,1,0,0,0,0,0,0,1,6
13351,0:4:3;0:4:3;0:4:3,5,1,0,0,0,1,0,0,0,0,0,0,4,6
13352,0:4:3;0:4:3;0:4:3,5,2,0,0,0,1,0,0,0,0,0,0,10,6
13353,0:4:3;0:4:3;0:4:3,5,3,0,0,0,1,0,0,0,0,0,0,20,6
13354,0:4:3;0:4:3;0:4:3,5,4,0,0,0,1,0,0,0,0,0,0,32,6
13355,0:4:3;0:4:3;0:4:3,5,5,0,0,0,1,0,0,0,0,0,0,44,6
13356,0:4:3;0:4:3;1:1:1,0,0,0,0,0,1,0,0,0,0,0,0,1,6
13357,0:4:3;0:4:3;1:1:1,0,1,0,0,0,1,0,0,0,0,0,0,3,6
13358,0:4:3;0:4:3;1:1:1,0,2,0,0,0,1,0,0,0,0,0,0,6,6
13359,0:4:3;0:4:3;1:1:1,0,3,0,0,0,1,0,0,0,0,0,0,14,6
13360,0:4:3;0:4:3;1:1:1,0,4,0,0,0,1,0,0,0,0,0,0,19,6
13361,0:4:3;0:4:3;1:1:1,0,5,1,1,1,0,1,1,1,1,1,4,8,2
13362,0:4:3;0:4:3;1:1:1,1,0,0,0,0,1,0,0,0,0,0,0,4,6
13363,0:4:3;0:4:3;1:1:1,1,1,0,0,0,1,0,0,0,0,0,0,9,6
13364,0:4:3;0:4:3;1:1:1,1,2,0,0,0,1,0,0,0,0,0,0,16,6
13365,0:4:3;0:4:3;1:1:1,1,3,0,0,0,1,0,0,0,0,0,0,23,6
13366,0:4:3;0:4:3;1:1:1,1,4,0,0,0,1,0,0,0,0,0,0,28,6
13367,0:4:3;0:4:3;1:1:1,1,5,1,1,1,0,1,1,1,1,1,4,8,2
13368,0:4:3;0:4:3;1:1:1,2,0,0,0,0,1,0,0,0,0,0,0,4,6
13369,0:4:3;0:4:3;1:1:1,2,1,0,0,0,1,0,0,0,0,0,0,9,6
13370,0:4:3;0:4:3;1:1:1,2,2,0,0,0,1,0,0,0,0,0,0,16,6
13371,0:4:3;0:4:3;1:1:1,2,3,0,0,0,1,0,0,0,0,0,0,23,6
13372,0:4:3;0:4:3;1:1:1,2,4,0,0,0,1,0,0,0,0,0,0,28,6
13373,0:4:3;0:4:3;1:1:1,2,5,1,1,1,0,1,1,1,1,1,4,8,2
13374,0:4:3;0:4:3;1:1:1,3,0,0,0,0,1,0,0,0,0,0,0,4,6
13375,0:4:3;0:4:3;1:1:1,3,1,0,0,0,1,0,0,0,0,0,0,9,6
13376,0:4:3;0:4:3;1:1:1,3,2,0,0,0,1,0,0,0,0,0,0,16,6
13377,0:4:3;0:4:3;1:1:1,3,3,0,0,0,1,0,0,0,0,0,0,23,6
13378,0:4:3;0:4:3;1:1:1,3,4,0,0,0,1,0,0,0,0,0,0,28,6
13379,0:4:3;0:4:3;1:1:1,3,5,1,1,1,0,1,1,1,1,1,4,8,2
13380,0:4:3;0:4:3;1:1:1,4,0,0,0,0,1,0,0,0,0,0,0,4,6
13381,0:4:3;0:4:3;1:1:1,4,1,0,0,0,1,0,0,0,0,0,0,9,6
13382,0:4:3;0:4:3;1:1:1,4,2,0,0,0,1,0,0,0,0,0,0,16,6
13383,0:4:3;0:4:3;1:1:1,4,3,0,0,0,1,0,0,0,0,0,0,23,6
13384,0:4:3;0:4:3;1:1:1,4,4,0,0,0,1,0,0,0,0,0,0,28,6
13385,0:4:3;0:4:3;1:1:1,4,5,1,1,1,0,1,1,1,1,1,4,8,2
13386,0:4:3;0:4:3;1:1:1,5,0,0,0,0,1,0,0,0,0,0,0,4,6
13387,0:4:3;0:4:3;1:1:1,5,1,0,0,0,1,0,0,0,0,0,0,9,6
13388,0:4:3;0:4:3;1:1:1,5,2,0,0,0,1,0,0,0,0,0,0,16,6
13389,0:4:3;0:4:3;1:1:1,5,3,0,0,0,1,0,0,0,0,0,0,23,6
13390,0:4:3;0:4:3;1:1:1,5,4,0,0,0,1,0,0,0,0,0,0,28,6
13391,0:4:3;0:4:3;1:1:1,5,5,1,1,1,0,1,1,1,1,1,4,8,2
13392,0:4:3;0:4:3;1:2:1,0,0,0,0,0,1,0,0,0,0,0,0,1,6
13393,0:4:3;0:4:3;1:2:1,0,1,0,0,0,1,0,0,0,0,0,0,3,6
13394,0:4:3;0:4:3;1:2:1,0,2,0,0,0,1,0,0,0,0,0,0,6,6
13395,0:4:3;0:4:3;1:2:1,0,3,0,0,0,1,0,0,0,0,0,0,16,6
13396,0:4:3;0:4:3;1:2:1,0,4,1,1,1,0,1,1,1,1,1,4,8,2
13397,0:4:3;0:4:3;1:2:1,0,5,1,1,1,0,1,1,1,1,1,4,8,2
13398,0:4:3;0:4:3;1:2:1,1,0,0,0,0,1,0,0,0,0,0,0,7,6
13399,0:4:3;0:4:3;1:2:1,1,1,0,0,0,1,0,0,0,0,0,0,13,6
13400,0:4:3;0:4:3;1:2:1,1,2,0,0,0,1,0,0,0,0,0,0,19,6
13401,0:4:3;0:4:3;1:2:1,1,3,0,0,0,1,0,0,0,0,0,0,25,6
13402,0:4:3;0:4:3;1:2:1,1,4,1,1,1,0,1,1,1,1,1,4,8,2
13403,0:4:3;0:4:3;1:2:1,1,5,1,1,1,0,1,1,1,1,1,4,8,2
13404,0:4:3;0:4:3;1:2:1,2,0,0,0,0,1,0,0,0,0,0,0,7,6
13405,0:4:3;0:4:3;1:2:1,2,1,0,0,0,1,0,0,0,0,0,0,13,6
13406,0:4:3;0:4:3;1:2:1,2,2,0,0,0,1,0,0,0,0,0,0,19,6
13407,0:4:3;0:4:3;1:2:1,2,3,0,0,0,1,0,0,0,0,0,0,25,6
13408,0:4:3;0:4:3;1:2:1,2,4,1,1,1,0,1,1,1,1,1,4,8,2
13409,0:4:3;0:4:3;1:2:1,2,5,1,1,1,0,1,1,1,1,1,4,8,2
13410,0:4:3;0:4:3;1:2:1,3,0,0,0,0,1,0,0,0,0,0,0,7,6
13411,0:4:3;0:4:3;1:2:1,3,1,0,0,0,1,0,0,0,0,0,0,13,6
13412,0:4:3;0:4:3;1:2:1,3,2,0,0,0,1,0,0,0,0,0,0,19,6
13413,0:4:3;0:4:3;1:2:1,3,3,0,0,0,1,0,0,0,0,0,0,25,6
13414,0:4:3;0:4:3;1:2:1,3,4,1,1,1,0,1,1,1,1,1,4,8,2
13415,0:4:3;0:4:3;1:2:1,3,5,1,1,1,0,1,1,1,1,1,4,8,2
13416,0:4:3;0:4:3;1:2:1,4,0,0,0,0,1,0,0,0,0,0,0,7,6
13417,0:4:3;0:4:3;1:2:1,4,1,0,0,0,1,0,0,0,0,0,0,13,6
13418,0:4:3;0:4:3;1:2:1,4,2,0,0,0,1,0,0,0,0,0,0,19,6
13419,0:4:3;0:4:3;1:2:1,4,3,0,0,0,1,0,0,0,0,0,0,25,6
13420,0:4:3;0:4:3;1:2:1,4,4,1,1,1,0,1,1,1,1,1,4,8,2
13421,0:4:3;0:4:3;1:2:1,4,5,1,1,1,0,1,1,1,1,1,4,8,2
13422,0:4:3;0:4:3;1:2:1,5,0,0,0,0,1,0,0,0,0,0,0,7,6
13423,0:4:3;0:4:3;1:2:1,5,1,0,0,0,1,0,0,0,0,0,0,13,6
13424,0:4:3;0:4:3;1:2:1,5,2,0,0,0,1,0,0,0,0,0,0,19,6
13425,0:4:3;0:4:3;1:2:1,5,3,0,0,0,1,0,0,0,0,0,0,25,6
13426,0:4:3;0:4:3;1:2:1,5,4,1,1,1,0,1,1,1,1,1,4,8,2
13427,0:4:3;0:4:3;1:2:1,5,5,1,1,1,0,1,1,1,1,1,4,8,2
13428,0:4:3;0:4:3;1:2:2,0,0,0,0,0,1,0,0,0,0,0,0,1,6
13429,0:4:3;0:4:3;1:2:2,0,1,0,0,0,1,0,0,0,0,0,0,3,6
13430,0:4:3;0:4:3;1:2:2,0,2,0,0,0,1,0,0,0,0,0,0,6,6
13431,0:4:3;0:4:3;1:2:2,0,3,0,0,0,1,0,0,0,0,0,0,18,6
13432,0:4:3;0:4:3;1:2:2,0,4,1,1,1,0,1,1,1,1,1,4,9,2
13433,0:4:3;0:4:3;1:2:2,0,5,1,1,1,0,1,1,1,1,1,4,9,2
13434,0:4:3;0:4:3;1:2:2,1,0,0,0,0,1,0,0,0,0,0,0,2,6
13435,0:4:3;0:4:3;1:2:2,1,1,0,0,0,1,0,0,0,0,0,0,6,6
13436,0:4:3;0:4:3;1:2:2,1,2,0,0,0,1,0,0,0,0,0,0,12,6
13437,0:4:3;0:4:3;1:2:2,1,3,0,0,0,1,0,0,0,0,0,0,26,6
13438,0:4:3;0:4:3;1:2:2,1,4,1,1,1,0,1,1,1,1,1,4,9,2
13439,0:4:3;0:4:3;1:2:2,1,5,1,1,1,0,1,1,1,1,1,4,9,2
13440,0:4:3;0:4:3;1:2:2,2,0,0,0,0,1,0,0,0,0,0,0,8,6
13441,0:4:3;0:4:3;1:2:2,2,1,0,0,0,1,0,0,0,0,0,0,16,6
13442,0:4:3;0:4:3;1:2:2,2,2,0,0,0,1,0,0,0,0,0,0,25,6
13443,0:4:3;0:4:3;1:2:2,2,3,0,0,0,1,0,0,0,0,0,0,35,6
13444,0:4:3;0:4:3;1:2:2,2,4,1,1,1,0,1,1,1,1,1,4,9,2
13445,0:4:3;0:4:3;1:2:2,2,5,1,1,1,0,1,1,1,1,1,4,9,2
13446,0:4:3;0:4:3;1:2:2,3,0,0,0,0,1,0,0,0,0,0,0,8,6
13447,0:4:3;0:4:3;1:2:2,3,1,0,0,0,1,0,0,0,0,0,0,16,6
13448,0:4:3;0:4:3;1:2:2,3,2,0,0,0,1,0,0,0,0,0,0,25,6
13449,0:4:3;0:4:3;1:2:2,3,3,0,0,0,1,0,0,0,0,0,0,35,6
13450,0:4:3;0:4:3;1:2:2,3,4,1,1,1,0,1,1,1,1,1,4,9,2
13451,0:4:3;0:4:3;1:2:2,3,5,1,1,1,0,1,1,1,1,1,4,9,2
13452,0:4:3;0:4:3;1:2:2,4,0,0,0,0,1,0,0,0,0,0,0,8,6
13453,0:4:3;0:4:3;1:2:2,4,1,0,0,0,1,0,0,0,0,0,0,16,6
13454,0:4:3;0:4:3;1:2:2,4,2,0,0,0,1,0,0,0,0,0,0,25,6
13455,0:4:3;0:4:3;1:2:2,4,3,0,0,0,1,0,0,0,0,0,0,35,6
13456,0:4:3;0:4:3;1:2:2,4,4,1,1,1,0,1,1,1,1,1,4,9,2
13457,0:4:3;0:4:3;1:2:2,4,5,1,1,1,0,1,1,1,1,1,4,9,2
13458,0:4:3;0:4:3;1:2:2,5,0,0,0,0,1,0,0,0,0,0,0,8,6
13459,0:4:3;0:4:3;1:2:2,5,1,0,0,0,1,0,0,0,0,0,0,16,6
13460,0:4:3;0:4:3;1:2:2,5,2,0,0,0,1,0,0,0,0,0,0,25,6
13461,0:4:3;0:4:3;1:2:2,5,3,0,0,0,1,0,0,0,0,0,0,35,6
13462,0:4:3;0:4:3;1:2:2,5,4,1,1,1,0,1,1,1,1,1,4,9,2
13463,0:4:3;0:4:3;1:2:2,5,5,1,1,1,0,1,1,1,1,1,4,9,2
13464,0:4:3;0:4:3;1:3:2,0,0,0,0,0,1,0,0,0,0,0,0,1,6
13465,0:4:3;0:4:3;1:3:2,0,1,0,0,0,1,0,0,0,0,0,0,3,6
13466,0:4:3;0:4:3;1:3:2,0,2,0,0,0,1,0,0,0,0,0,0,6,6
13467,0:4:3;0:4:3;1:3:2,0,3,1,1,0,0,1,1,1,1,1,4,9,2
13468,0:4:3;0:4:3;1:3:2,0,4,1,1,1,0,1,1,1,1,1,4,9,2
13469,0:4:3;0:4:3;1:3:2,0,5,1,1,1,0,1,1,1,1,1,4,9,2
13470,0:4:3;0:4:3;1:3:2,1,0,0,0,0,1,0,0,0,0,0,0,2,6
13471,0:4:3;0:4:3;1:3:2,1,1,0,0,0,1,0,0,0,0,0,0,6,6
13472,0:4:3;0:4:3;1:3:2,1,2,0,0,0,1,0,0,0,0,0,0,12,6
13473,0:4:3;0:4:3;1:3:2,1,3,1,1,1,0,1,1,1,1,1,4,9,2
13474,0:4:3;0:4:3;1:3:2,1,4,1,1,1,0,1,1,1,1,1,4,9,2
13475,0:4:3;0:4:3;1:3:2,1,5,1,1,1,0,1,1,1,1,1,4,9,2
13476,0:4:3;0:4:3;1:3:2,2,0,0,0,0,1,0,0,0,0,0,0,12,6
13477,0:4:3;0:4:3;1:3:2,2,1,0,0,0,1,0,0,0,0,0,0,19,6
13478,0:4:3;0:4:3;1:3:2,2,2,0,0,0,1,0,0,0,0,0,0,27,6
13479,0:4:3;0:4:3;1:3:2,2,3,1,1,1,0,1,1,1,1,1,4,9,2
13480,0:4:3;0:4:3;1:3:2,2,4,1,1,1,0,1,1,1,1,1,4,9,2
13481,0:4:3;0:4:3;1:3:2,2,5,1,1,1,0,1,1,1,1,1,4,9,2
13482,0:4:3;0:4:3;1:3:2,3,0,0,0,0,1,0,0,0,0,0,0,12,6
13483,0:4:3;0:4:3;1:3:2,3,1,0,0,0,1,0,0,0,0,0,0,19,6
13484,0:4:3;0:4:3;1:3:2,3,2,0,0,0,1,0,0,0,0,0,0,27,6
13485,0:4:3;0:4:3;1:3:2,3,3,1,1,1,0,1,1,1,1,1,4,9,2
13486,0:4:3;0:4:3;1:3:2,3,4,1,1,1,0,1,1,1,1,1,4,9,2
13487,0:4:3;0:4:3;1:3:2,3,5,1,1,1,0,1,1,1,1,1,4,9,2
13488,0:4:3;0:4:3;1:3:2,4,0,0,0,0,1,0,0,0,0,0,0,12,6
13489,0:4:3;0:4:3;1:3:2,4,1,0,0,0,1,0,0,0,0,0,0,19,6
13490,0:4:3;0:4:3;1:3:2,4,2,0,0,0,1,0,0,0,0,0,0,27,6
13491,0:4:3;0:4:3;1:3:2,4,3,1,1,1,0,1,1,1,1,1,4,9,2
13492,0:4:3;0:4:3;1:3:2,4,4,1,1,1,0,1,1,1,1,1,4,9,2
13493,0:4:3;0:4:3;1:3:2,4,5,1,1,1,0,1,1,1,1,1,4,9,2
13494,0:4:3;0:4:3;1:3:2,5,0,0,0,0,1,0,0,0,0,0,0,12,6
13495,0:4:3;0:4:3;1:3:2,5,1,0,0,0,1,0,0,0,0,0,0,19,6
13496,0:4:3;0:4:3;1:3:2,5,2,0,0,0,1,0,0,0,0,0,0,27,6
13497,0:4:3;0:4:3;1:3:2,5,3,1,1,1,0,1,1,1,1,1,4,9,2
13498,0:4:3;0:4:3;1:3:2,5,4,1,1,1,0,1,1,1,1,1,4,9,2
13499,0:4:3;0:4:3;1:3:2,5,5,1,1,1,0,1,1,1,1,1,4,9,2
13500,0:4:3;0:4:3;1:3:3,0,0,0,0,0,1,0,0,0,0,0,0,1,6
13501,0:4:3;0:4:3;1:3:3,0,1,0,0,0,1,0,0,0,0,0,0,3,6
13502,0:4:3;0:4:3;1:3:3,0,2,0,0,0,1,0,0,0,0,0,0,6,6
13503,0:4:3;0:4:3;1:3:3,0,3,1,1,0,0,1,1,1,1,1,4,10,2
13504,0:4:3;0:4:3;1:3:3,0,4,1,1,0,0,1,1,1,1,1,4,10,2
13505,0:4:3;0:4:3;1:3:3,0,5,1,1,1,0,1,1,1,1,1,4,10,2
13506,0:4:3;0:4:3;1:3:3,1,0,0,0,0,1,0,0,0,0,0,0,2,6
13507,0:4:3;0:4:3;1:3:3,1,1,0,0,0,1,0,0,0,0,0,0,6,6
13508,0:4:3;0:4:3;1:3:3,1,2,0,0,0,1,0,0,0,0,0,0,12,6
13509,0:4:3;0:4:3;1:3:3,1,3,1,1,0,0,1,1,1,1,1,4,10,2
13510,0:4:3;0:4:3;1:3:3,1,4,1,1,1,0,1,1,1,1,1,4,10,2
13511,0:4:3;0:4:3;1:3:3,1,5,1,1,1,0,1,1,1,1,1,4,10,2
13512,0:4:3;0:4:3;1:3:3,2,0,0,0,0,1,0,0,0,0,0,0,3,6
13513,0:4:3;0:4:3;1:3:3,2,1,0,0,0,1,0,0,0,0,0,0,9,6
13514,0:4:3;0:4:3;1:3:3,2,2,0,0,0,1,0,0,0,0,0,0,18,6
13515,0:4:3;0:4:3;1:3:3,2,3,1,1,1,0,1,1,1,1,1,4,10,2
13516,0:4:3;0:4:3;1:3:3,2,4,1,1,1,0,1,1,1,1,1,4,10,2
13517,0:4:3;0:4:3;1:3:3,2,5,1,1,1,0,1,1,1,1,1,4,10,2
13518,0:4:3;0:4:3;1:3:3,3,0,0,0,0,1,0,0,0,0,0,0,13,6
13519,0:4:3;0:4:3;1:3:3,3,1,0,0,0,1,0,0,0,0,0,0,22,6
13520,0:4:3;0:4:3;1:3:3,3,2,0,0,0,1,0,0,0,0,0,0,33,6
13521,0:4:3;0:4:3;1:3:3,3,3,1,1,1,0,1,1,1,1,1,4,10,2
13522,0:4:3;0:4:3;1:3:3,3,4,1,1,1,0,1,1,1,1,1,4,10,2
13523,0:4:3;0:4:3;1:3:3,3,5,1,1,1,0,1,1,1,1,1,4,10,2
13524,0:4:3;0:4:3;1:3:3,4,0,0,0,0,1,0,0,0,0,0,0,13,6
13525,0:4:3;0:4:3;1:3:3,4,1,0,0,0,1,0,0,0,0,0,0,22,6
13526,0:4:3;0:4:3;1:3:3,4,2,0,0,0,1,0,0,0,0,0,0,33,6
13527,0:4:3;0:4:3;1:3:3,4,3,1,1,1,0,1,1,1,1,1,4,10,2
13528,0:4:3;0:4:3;1:3:3,4,4,1,1,1,0,1,1,1,1,1,4,10,2
13529,0:4:3;0:4:3;1:3:3,4,5,1,1,1,0,1,1,1,1,1,4,10,2
13530,0:4:3;0:4:3;1:3:3,5,0,0,0,0,1,0,0,0,0,0,0,13,6
13531,0:4:3;0:4:3;1:3:3,5,1,0,0,0,1,0,0,0,0,0,0,22,6
13532,0:4:3;0:4:3;1:3:3,5,2,0,0,0,1,0,0,0,0,0,0,33,6
13533,0:4:3;0:4:3;1:3:3,5,3,1,1,1,0,1,1,1,1,1,4,10,2
13534,0:4:3;0:4:3;1:3:3,5,4,1,1,1,0,1,1,1,1,1,4,10,2
13535,0:4:3;0:4:3;1:3:3,5,5,1,1,1,0,1,1,1,1,1,4,10,2
13536,0:4:3;0:4:3;1:4:3,0,0,0,0,0,1,0,0,0,0,0,0,1,6
13537,0:4:3;0:4:3;1:4:3,0,1,0,0,0,1,0,0,0,0,0,0,3,6
13538,0:4:3;0:4:3;1:4:3,0,2,1,0,0,1,0,0,0,0,0,1,6,6
13539,0:4:3;0:4:3;1:4:3,0,3,1,1,0,0,1,1,1,1,1,4,10,2
13540,0:4:3;0:4:3;1:4:3,0,4,1,1,0,0,1,1,1,1,1,4,10,2
13541,0:4:3;0:4:3;1:4:3,0,5,1,1,1,0,1,1,1,1,1,4,10,2
13542,0:4:3;0:4:3;1:4:3,1,0,0,0,0,1,0,0,0,0,0,0,2,6
13543,0:4:3;0:4:3;1:4:3,1,1,0,0,0,1,0,0,0,0,0,0,6,6
13544,0:4:3;0:4:3;1:4:3,1,2,1,0,0,1,0,0,0,0,0,1,12,6
13545,0:4:3;0:4:3;1:4:3,1,3,1,1,0,0,1,1,1,1,1,4,10,2
13546,0:4:3;0:4:3;1:4:3,1,4,1,1,1,0,1,1,1,1,1,4,10,2
13547,0:4:3;0:4:3;1:4:3,1,5,1,1,1,0,1,1,1,1,1,4,10,2
13548,0:4:3;0:4:3;1:4:3,2,0,0,0,0,1,0,0,0,0,0,0,3,6
13549,0:4:3;0:4:3;1:4:3,2,1,0,0,0,1,0,0,0,0,0,0,9,6
13550,0:4:3;0:4:3;1:4:3,2,2,1,0,0,1,0,0,0,0,0,1,18,6
13551,0:4:3;0:4:3;1:4:3,2,3,1,1,1,0,1,1,1,1,1,4,10,2
13552,0:4:3;0:4:3;1:4:3,2,4,1,1,1,0,1,1,1,1,1,4,10,2
13553,0:4:3;0:4:3;1:4:3,2,5,1,1,1,0,1,1,1,1,1,4,10,2
13554,0:4:3;0:4:3;1:4:3,3,0,0,0,0,1,0,0,0,0,0,0,16,6
13555,0:4:3;0:4:3;1:4:3,3,1,0,0,0,1,0,0,0,0,0,0,24,6
13556,0:4:3;0:4:3;1:4:3,3,2,1,1,1,0,1,1,1,1,1,4,10,5
13557,0:4:3;0:4:3;1:4:3,3,3,1,1,1,0,1,1,1,1,1,4,10,2
13558,0:4:3;0:4:3;1:4:3,3,4,1,1,1,0,1,1,1,1,1,4,10,2
13559,0:4:3;0:4:3;1:4:3,3,5,1,1,1,0,1,1,1,1,1,4,10,2
13560,0:4:3;0:4:3;1:4:3,4,0,0,0,0,1,0,0,0,0,0,0,16,6
13561,0:4:3;0:4:3;1:4:3,4,1,0,0,0,1,0,0,0,0,0,0,24,6
13562,0:4:3;0:4:3;1:4:3,4,2,1,1,1,0,1,1,1,1,1,4,10,5
13563,0:4:3;0:4:3;1:4:3,4,3,1,1,1,0,1,1,1,1,1,4,10,2
13564,0:4:3;0:4:3;1:4:3,4,4,1,1,1,0,1,1,1,1,1,4,10,2
13565,0:4:3;0:4:3;1:4:3,4,5,1,1,1,0,1,1,1,1,1,4,10,2
13566,0:4:3;0:4:3;1:4:3,5,0,0,0,0,1,0,0,0,0,0,0,16,6
13567,0:4:3;0:4:3;1:4:3,5,1,0,0,0,1,0,0,0,0,0,0,24,6
13568,0:4:3;0:4:3;1:4:3,5,2,1,1,1,0,1,1,1,1,1,4,10,5
13569,0:4:3;0:4:3;1:4:3,5,3,1,1,1,0,1,1,1,1,1,4,10,2
13570,0:4:3;0:4:3;1:4:3,5,4,1,1,1,0,1,1,1,1,1,4,10,2
13571,0:4:3;0:4:3;1:4:3,5,5,1,1,1,0,1,1,1,1,1,4,10,2
13572,0:4:3;1:1:1;1:1:1,0,0,0,0,0,1,0,0,0,0,0,0,1,6
13573,0:4:3;1:1:1;1:1:1,0,1,1,0,0,1,0,0,0,0,0,1,2,6
13574,0:4:3;1:1:1;1:1:1,0,2,1,0,0,1,0,0,0,0,0,1,3,6
13575,0:4:3;1:1:1;1:1:1,0,3,1,1,1,0,1,1,1,1,1,4,6,1
13576,0:4:3;1:1:1;1:1:1,0,4,1,1,1,0,1,1,1,1,1,4,6,1
13577,0:4:3;1:1:1;1:1:1,0,5,1,1,1,0,1,1,1,1,1,4,6,1
13578,0:4:3;1:1:1;1:1:1,1,0,0,0,0,1,0,0,0,0,0,0,5,6
13579,0:4:3;1:1:1;1:1:1,1,1,1,0,0,1,0,0,0,0,0,3,8,6
13580,0:4:3;1:1:1;1:1:1,1,2,1,1,1,0,1,1,1,1,1,4,6,3
13581,0:4:3;1:1:1;1:1:1,1,3,1,1,1,0,1,1,1,1,1,4,6,1
13582,0:4:3;1:1:1;1:1:1,1,4,1,1,1,0,1,1,1,1,1,4,6,1
13583,0:4:3;1:1:1;1:1:1,1,5,1,1,1,0,1,1,1,1,1,4,6,1
13584,0:4:3;1:1:1;1:1:1,2,0,0,0,0,1,0,0,0,0,0,0,8,6
13585,0:4:3;1:1:1;1:1:1,2,1,1,1,1,0,1,1,1,1,1,4,6,4
13586,0:4:3;1:1:1;1:1:1,2,2,1,1,1,0,1,1,1,1,1,4,6,3
13587,0:4:3;1:1:1;1:1:1,2,3,1,1,1,0,1,1,1,1,1,4,6,1
13588,0:4:3;1:1:1;1:1:1,2,4,1,1,1,0,1,1,1,1,1,4,6,1
13589,0:4:3;1:1:1;1:1:1,2,5,1,1,1,0,1,1,1,1,1,4,6,1
13590,0:4:3;1:1:1;1:1:1,3,0,0,0,0,1,0,0,0,0,0,0,8,6
13591,0:4:3;1:1:1;1:1:1,3,1,1,1,1,0,1,1,1,1,1,4,6,4
13592,0:4:3;1:1:1;1:1:1,3,2,1,1,1,0,1,1,1,1,1,4,6,3
13593,0:4:3;1:1:1;1:1:1,3,3,1,1,1,0,1,1,1,1,1,4,6,1
13594,0:4:3;1:1:1;1:1:1,3,4,1,1,1,0,1,1,1,1,1,4,6,1
13595,0:4:3;1:1:1;1:1:1,3,5,1,1,1,0,1,1,1,1,1,4,6,1
13596,0:4:3;1:1:1;1:1:1,4,0,0,0,0,1,0,0,0,0,0,0,8,6
13597,0:4:3;1:1:1;1:1:1,4,1,1,1,1,0,1,1,1,1,1,4,6,4
13598,0:4:3;1:1:1;1:1:1,4,2,1,1,1,0,1,1,1,1,1,4,6,3
13599,0:4:3;1:1:1;1:1:1,4,3,1,1,1,0,1,1,1,1,1,4,6,1
13600,0:4:3;1:1:1;1:1:1,4,4,1,1,1,0,1,1,1,1,1,4,6,1
13601,0:4:3;1:1:1;1:1:1,4,5,1,1,1,0,1,1,1,1,1,4,6,1
13602,0:4:3;1:1:1;1:1:1,5,0,0,0,0,1,0,0,0,0,0,0,8,6
13603,0:4:3;1:1:1;1:1:1,5,1,1,1,1,0,1,1,1,1,1,4,6,4
13604,0:4:3;1:1:1;1:1:1,5,2,1,1,1,0,1,1,1,1,1,4,6,3
13605,0:4:3;1:1:1;1:1:1,5,3,1,1,1,0,1,1,1,1,1,4,6,1
13606,0:4:3;1:1:1;1:1:1,5,4,1,1,1,0,1,1,1,1,1,4,6,1
13607,0:4:3;1:1:1;1:1:1,5,5,1,1,1,0,1,1,1,1,1,4,6,1
13608,0:4:3;1:1:1;1:2:1,0,0,1,0,0,1,0,0,0,0,0,1,1,6
13609,0:4:3;1:1:1;1:2:1,0,1,1,0,0,1,0,0,0,0,0,1,2,6
13610,0:4:3;1:1:1;1:2:1,0,2,1,0,0,1,0,0,0,0,0,1,3,6
13611,0:4:3;1:1:1;1:2:1,0,3,1,1,1,0,1,1,1,1,1,4,6,1
13612,0:4:3;1:1:1;1:2:1,0,4,1,1,1,0,1,1,1,1,1,4,6,1
13613,0:4:3;1:1:1;1:2:1,0,5,1,1,1,0,1,1,1,1,1,4,6,1
13614,0:4:3;1:1:1;1:2:1,1,0,1,0,0,1,0,0,0,0,0,3,6,6
13615,0:4:3;1:1:1;1:2:1,1,1,1,1,0,1,0,0,0,1,1,5,8,5
13616,0:4:3;1:1:1;1:2:1,1,2,1,1,1,0,1,1,1,1,1,4,6,3
13617,0:4:3;1:1:1;1:2:1,1,3,1,1,1,0,1,1,1,1,1,4,6,1
13618,0:4:3;1:1:1;1:2:1,1,4,1,1,1,0,1,1,1,1,1,4,6,1
13619,0:4:3;1:1:1;1:2:1,1,5,1,1,1,0,1,1,1,1,1,4,6,1
13620,0:4:3;1:1:1;1:2:1,2,0,1,1,0,0,1,1,1,1,1,4,6,4
13621,0:4:3;1:1:1;1:2:1,2,1,1,1,1,0,1,1,1,1,1,4,6,4
13622,0:4:3;1:1:1;1:2:1,2,2,1,1,1,0,1,1,1,1,1,4,6,3
13623,0:4:3;1:1:1;1:2:1,2,3,1,1,1,0,1,1,1,1,1,4,6,1
13624,0:4:3;1:1:1;1:2:1,2,4,1,1,1,0,1,1,1,1,1,4,6,1
13625,0:4:3;1:1:1;1:2:1,2,5,1,1,1,0,1,1,1,1,1,4,6,1
13626,0:4:3;1:1:1;1:2:1,3,0,1,1,1,0,1,1,1,1,1,4,6,4
13627,0:4:3;1:1:1;1:2:1,3,1,1,1,1,0,1,1,1,1,1,4,6,4
13628,0:4:3;1:1:1;1:2:1,3,2,1,1,1,0,1,1,1,1,1,4,6,3
13629,0:4:3;1:1:1;1:2:1,3,3,1,1,1,0,1,1,1,1,1,4,6,1
13630,0:4:3;1:1:1;1:2:1,3,4,1,1,1,0,1,1,1,1,1,4,6,1
13631,0:4:3;1:1:1;1:2:1,3,5,1,1,1,0,1,1,1,1,1,4,6,1
13632,0:4:3;1:1:1;1:2:1,4,0,1,1,1,0,1,1,1,1,1,4,6,4
13633,0:4:3;1:1:1;1:2:1,4,1,1,1,1,0,1,1,1,1,1,4,6,4
13634,0:4:3;1:1:1;1:2:1,4,2,1,1,1,0,1,1,1,1,1,4,6,3
13635,0:4:3;1:1:1;1:2:1,4,3,1,1,1,0,1,1,1,1,1,4,6,1
13636,0:4:3;1:1:1;1:2:1,4,4,1,1,1,0,1,1,1,1,1,4,6,1
13637,0:4:3;1:1:1;1:2:1,4,5,1,1,1,0,1,1,1,1,1,4,6,1
13638,0:4:3;1:1:1;1:2:1,5,0,1,1,1,0,1,1,1,1,1,4,6,4
13639,0:4:3;1:1:1;1:2:1,5,1,1,1,1,0,1,1,1,1,1,4,6,4
13640,0:4:3;1:1:1;1:2:1,5,2,1,1,1,0,1,1,1,1,1,4,6,3
13641,0:4:3;1:1:1;1:2:1,5,3,1,1,1,0,1,1,1,1,1,4,6,1
13642,0:4:3;1:1:1;1:2:1,5,4,1,1,1,0,1,1,1,1,1,4,6,1
13643,0:4:3;1:1:1;1:2:1,5,5,1,1,1,0,1,1,1,1,1,4,6,1
13644,0:4:3;1:1:1;1:2:2,0,0,1,0,0,1,0,0,0,0,0,1,1,6
13645,0:4:3;1:1:1;1:2:2,0,1,1,0,0,1,0,0,0,0,0,1,2,6
13646,0:4:3;1:1:1;1:2:2,0,2,1,0,0,1,0,0,0,0,0,1,3,6
13647,0:4:3;1:1:1;1:2:2,0,3,1,1,0,0,1,1,1,1,1,4,7,1
13648,0:4:3;1:1:1;1:2:2,0,4,1,1,1,0,1,1,1,1,1,4,7,1
13649,0:4:3;1:1:1;1:2:2,0,5,1,1,1,0,1,1,1,1,1,4,7,1
13650,0:4:3;1:1:1;1:2:2,1,0,1,0,0,1,0,0,0,0,0,2,4,6
13651,0:4:3;1:1:1;1:2:2,1,1,1,0,0,1,0,0,0,0,0,2,7,6
13652,0:4:3;1:1:1;1:2:2,1,2,1,1,0,0,1,1,1,1,1,4,7,3
13653,0:4:3;1:1:1;1:2:2,1,3,1,1,1,0,1,1,1,1,1,4,7,1
13654,0:4:3;1:1:1;1:2:2,1,4,1,1,1,0,1,1,1,1,1,4,7,1
13655,0:4:3;1:1:1;1:2:2,1,5,1,1,1,0,1,1,1,1,1,4,7,1
13656,0:4:3;1:1:1;1:2:2,2,0,1,0,0,1,0,0,0,0,0,3,9,6
13657,0:4:3;1:1:1;1:2:2,2,1,1,1,0,1,0,0,1,0,1,5,11,5
13658,0:4:3;1:1:1;1:2:2,2,2,1,1,1,0,1,1,1,1,1,4,7,3
13659,0:4:3;1:1:1;1:2:2,2,3,1,1,1,0,1,1,1,1,1,4,7,1
13660,0:4:3;1:1:1;1:2:2,2,4,1,1,1,0,1,1,1,1,1,4,7,1
13661,0:4:3;1:1:1;1:2:2,2,5,1,1,1,0,1,1,1,1,1,4,7,1
13662,0:4:3;1:1:1;1:2:2,3,0,1,1,0,0,1,1,1,1,1,4,7,4
13663,0:4:3;1:1:1;1:2:2,3,1,1,1,1,0,1,1,1,1,1,4,7,4
13664,0:4:3;1:1:1;1:2:2,3,2,1,1,1,0,1,1,1,1,1,4,7,3
13665,0:4:3;1:1:1;1:2:2,3,3,1,1,1,0,1,1,1,1,1,4,7,1
13666,0:4:3;1:1:1;1:2:2,3,4,1,1,1,0,1,1,1,1,1,4,7,1
13667,0:4:3;1:1:1;1:2:2,3,5,1,1,1,0,1,1,1,1,1,4,7,1
13668,0:4:3;1:1:1;1:2:2,4,0,1,1,1,0,1,1,1,1,1,4,7,4
13669,0:4:3;1:1:1;1:2:2,4,1,1,1,1,0,1,1,1,1,1,4,7,4
13670,0:4:3;1:1:1;1:2:2,4,2,1,1,1,0,1,1,1,1,1,4,7,3
13671,0:4:3;1:1:1;1:2:2,4,3,1,1,1,0,1,1,1,1,1,4,7,1
13672,0:4:3;1:1:1;1:2:2,4,4,1,1,1,0,1,1,1,1,1,4,7,1
13673,0:4:3;1:1:1;1:2:2,4,5,1,1,1,0,1,1,1,1,1,4,7,1
13674,0:4:3;1:1:1;1:2:2,5,0,1,1,1,0,1,1,1,1,1,4,7,4
13675,0:4:3;1:1:1;1:2:2,5,1,1,1,1,0,1,1,1,1,1,4,7,4
13676,0:4:3;1:1:1;1:2:2,5,2,1,1,1,0,1,1,1,1,1,4,7,3
13677,0:4:3;1:1:1;1:2:2,5,3,1,1,1,0,1,1,1,1,1,4,7,1
13678,0:4:3;1:1:1;1:2:2,5,4,1,1,1,0,1,1,1,1,1,4,7,1
13679,0:4:3;1:1:1;1:2:2,5,5,1,1,1,0,1,1,1,1,1,4,7,1
13680,0:4:3;1:1:1;1:3:2,0,0,1,0,0,1,0,0,0,0,0,1,1,6
13681,0:4:3;1:1:1;1:3:2,0,1,1,0,0,1,0,0,0,0,0,1,2,6
13682,0:4:3;1:1:1;1:3:2,0,2,1,0,0,1,0,0,0,0,0,1,3,6
13683,0:4:3;1:1:1;1:3:2,0,3,1,1,0,0,1,1,1,1,1,4,7,1
13684,0:4:3;1:1:1;1:3:2,0,4,1,1,1,0,1,1,1,1,1,4,7,1
13685,0:4:3;1:1:1;1:3:2,0,5,1,1,1,0,1,1,1,1,1,4,7,1
13686,0:4:3;1:1:1;1:3:2,1,0,1,0,0,1,0,0,0,0,0,2,4,6
13687,0:4:3;1:1:1;1:3:2,1,1,1,0,0,1,0,0,0,0,0,2,7,6
13688,0:4:3;1:1:1;1:3:2,1,2,1,1,0,0,1,1,1,1,1,4,7,3
13689,0:4:3;1:1:1;1:3:2,1,3,1,1,1,0,1,1,1,1,1,4,7,1
13690,0:4:3;1:1:1;1:3:2,1,4,1,1,1,0,1,1,1,1,1,4,7,1
13691,0:4:3;1:1:1;1:3:2,1,5,1,1,1,0,1,1,1,1,1,4,7,1
13692,0:4:3;1:1:1;1:3:2,2,0,1,1,0,1,0,0,1,1,1,5,11,5
13693,0:4:3;1:1:1;1:3:2,2,1,1,1,0,1,0,0,1,1,1,5,11,5
13694,0:4:3;1:1:1;1:3:2,2,2,1,1,1,0,1,1,1,1,1,4,7,3
13695,0:4:3;1:1:1;1:3:2,2,3,1,1,1,0,1,1,1,1,1,4,7,1
13696,0:4:3;1:1:1;1:3:2,2,4,1,1,1,0,1,1,1,1,1,4,7,1
13697,0:4:3;1:1:1;1:3:2,2,5,1,1,1,0,1,1,1,1,1,4,7,1
13698,0:4:3;1:1:1;1:3:2,3,0,1,1,0,0,1,1,1,1,1,4,7,4
13699,0:4:3;1:1:1;1:3:2,3,1,1,1,1,0,1,1,1,1,1,4,7,4
13700,0:4:3;1:1:1;1:3:2,3,2,1,1,1,0,1,1,1,1,1,4,7,3
13701,0:4:3;1:1:1;1:3:2,3,3,1,1,1,0,1,1,1,1,1,4,7,1
13702,0:4:3;1:1:1;1:3:2,3,4,1,1,1,0,1,1,1,1,1,4,7,1
13703,0:4:3;1:1:1;1:3:2,3,5,1,1,1,0,1,1,1,1,1,4,7,1
13704,0:4:3;1:1:1;1:3:2,4,0,1,1,1,0,1,1,1,1,1,4,7,4
13705,0:4:3;1:1:1;1:3:2,4,1,1,1,1,0,1,1,1,1,1,4,7,4
13706,0:4:3;1:1:1;1:3:2,4,2,1,1,1,0,1,1,1,1,1,4,7,3
13707,0:4:3;1:1:1;1:3:2,4,3,1,1,1,0,1,1,1,1,1,4,7,1
13708,0:4:3;1:1:1;1:3:2,4,4,1,1,1,0,1,1,1,1,1,4,7,1
13709,0:4:3;1:1:1;1:3:2,4,5,1,1,1,0,1,1,1,1,1,4,7,1
13710,0:4:3;1:1:1;1:3:2,5,0,1,1,1,0,1,1,1,1,1,4,7,4
13711,0:4:3;1:1:1;1:3:2,5,1,1,1,1,0,1,1,1,1,1,4,7,4
13712,0:4:3;1:1:1;1:3:2,5,2,1,1,1,0,1,1,1,1,1,4,7,3
13713,0:4:3;1:1:1;1:3:2,5,3,1,1,1,0,1,1,1,1,1,4,7,1
13714,0:4:3;1:1:1;1:3:2,5,4,1,1,1,0,1,1,1,1,1,4,7,1
13715,0:4:3;1:1:1;1:3:2,5,5,1,1,1,0,1,1,1,1,1,4,7,1
13716,0:4:3;1:1:1;1:3:3,0,0,1,0,0,1,0,0,0,0,0,1,1,6
13717,0:4:3;1:1:1;1:3:3,0,1,1,0,0,1,0,0,0,0,0,1,2,6
13718,0:4:3;1:1:1;1:3:3,0,2,1,0,0,1,0,0,0,0,0,1,3,6
13719,0:4:3;1:1:1;1:3:3,0,3,1,1,0,0,1,1,1,1,1,4,8,1
13720,0:4:3;1:1:1;1:3:3,0,4,1,1,0,0,1,1,1,1,1,4,8,1
13721,0:4:3;1:1:1;1:3:3,0,5,1,1,1,0,1,1,1,1,1,4,8,1
13722,0:4:3;1:1:1;1:3:3,1,0,1,0,0,1,0,0,0,0,0,2,4,6
13723,0:4:3;1:1:1;1:3:3,1,1,1,0,0,1,0,0,0,0,0,2,7,6
13724,0:4:3;1:1:1;1:3:3,1,2,1,1,0,0,1,1,1,1,1,4,8,3
13725,0:4:3;1:1:1;1:3:3,1,3,1,1,0,0,1,1,1,1,1,4,8,1
13726,0:4:3;1:1:1;1:3:3,1,4,1,1,1,0,1,1,1,1,1,4,8,1
13727,0:4:3;1:1:1;1:3:3,1,5,1,1,1,0,1,1,1,1,1,4,8,1
13728,0:4:3;1:1:1;1:3:3,2,0,1,0,0,1,0,0,0,0,0,2,7,6
13729,0:4:3;1:1:1;1:3:3,2,1,1,0,0,1,0,0,0,0,0,2,12,6
13730,0:4:3;1:1:1;1:3:3,2,2,1,1,0,0,1,1,1,1,1,4,8,3
13731,0:4:3;1:1:1;1:3:3,2,3,1,1,1,0,1,1,1,1,1,4,8,1
13732,0:4:3;1:1:1;1:3:3,2,4,1,1,1,0,1,1,1,1,1,4,8,1
13733,0:4:3;1:1:1;1:3:3,2,5,1,1,1,0,1,1,1,1,1,4,8,1
13734,0:4:3;1:1:1;1:3:3,3,0,1,1,0,1,0,0,1,0,1,5,14,5
13735,0:4:3;1:1:1;1:3:3,3,1,1,1,0,1,0,0,1,0,1,5,14,5
13736,0:4:3;1:1:1;1:3:3,3,2,1,1,1,0,1,1,1,1,1,4,8,3
13737,0:4:3;1:1:1;1:3:3,3,3,1,1,1,0,1,1,1,1,1,4,8,1
13738,0:4:3;1:1:1;1:3:3,3,4,1,1,1,0,1,1,1,1,1,4,8,1
13739,0:4:3;1:1:1;1:3:3,3,5,1,1,1,0,1,1,1,1,1,4,8,1
13740,0:4:3;1:1:1;1:3:3,4,0,1,1,0,0,1,1,1,1,1,4,8,4
13741,0:4:3;1:1:1;1:3:3,4,1,1,1,1,0,1,1,1,1,1,4,8,4
13742,0:4:3;1:1:1;1:3:3,4,2,1,1,1,0,1,1,1,1,1,4,8,3
13743,0:4:3;1:1:1;1:3:3,4,3,1,1,1,0,1,1,1,1,1,4,8,1
13744,0:4:3;1:1:1;1:3:3,4,4,1,1,1,0,1,1,1,1,1,4,8,1
13745,0:4:3;1:1:1;1:3:3,4,5,1,1,1,0,1,1,1,1,1,4,8,1
13746,0:4:3;1:1:1;1:3:3,5,0,1,1,1,0,1,1,1,1,1,4,8,4
13747,0:4:3;1:1:1;1:3:3,5,1,1,1,1,0,1,1,1,1,1,4,8,4
13748,0:4:3;1:1:1;1:3:3,5,2,1,1,1,0,1,1,1,1,1,4,8,3
13749,0:4:3;1:1:1;1:3:3,5,3,1,1,1,0,1,1,1,1,1,4,8,1
13750,0:4:3;1:1:1;1:3:3,5,4,1,1,1,0,1,1,1,1,1,4,8,1
13751,0:4:3;1:1:1;1:3:3,5,5,1,1,1,0,1,1,1,1,1,4,8,1
13752,0:4:3;1:1:1;1:4:3,0,0,1,0,0,1,0,0,0,0,0,1,1,6
13753,0:4:3;1:1:1;1:4:3,0,1,1,0,0,1,0,0,0,0,0,1,2,6
13754,0:4:3;1:1:1;1:4:3,0,2,1,0,0,1,0,0,0,0,0,1,3,6
13755,0:4:3;1:1:1;1:4:3,0,3,1,1,0,0,1,1,1,1,1,4,8,1
13756,0:4:3;1:1:1;1:4:3,0,4,1,1,0,0,1,1,1,1,1,4,8,1
13757,0:4:3;1:1:1;1:4:3,0,5,1,1,1,0,1,1,1,1,1,4,8,1
13758,0:4:3;1:1:1;1:4:3,1,0,1,0,0,1,0,0,0,0,0,2,4,6
13759,0:4:3;1:1:1;1:4:3,1,1,1,0,0,1,0,0,0,0,0,2,7,6
13760,0:4:3;1:1:1;1:4:3,1,2,1,1,0,0,1,1,1,1,1,4,8,3
13761,0:4:3;1:1:1;1:4:3,1,3,1,1,0,0,1,1,1,1,1,4,8,1
13762,0:4:3;1:1:1;1:4:3,1,4,1,1,1,0,1,1,1,1,1,4,8,1
13763,0:4:3;1:1:1;1:4:3,1,5,1,1,1,0,1,1,1,1,1,4,8,1
13764,0:4:3;1:1:1;1:4:3,2,0,1,0,0,1,0,0,0,0,0,2,7,6
13765,0:4:3;1:1:1;1:4:3,2,1,1,0,0,1,0,0,0,0,0,2,12,6
13766,0:4:3;1:1:1;1:4:3,2,2,1,1,0,0,1,1,1,1,1,4,8,3
13767,0:4:3;1:1:1;1:4:3,2,3,1,1,1,0,1,1,1,1,1,4,8,1
13768,0:4:3;1:1:1;1:4:3,2,4,1,1,1,0,1,1,1,1,1,4,8,1
13769,0:4:3;1:1:1;1:4:3,2,5,1,1,1,0,1,1,1,1,1,4,8,1
13770,0:4:3;1:1:1;1:4:3,3,0,1,1,0,1,0,0,1,1,1,5,14,5
13771,0:4:3;1:1:1;1:4:3,3,1,1,1,0,1,0,0,1,1,1,5,14,5
13772,0:4:3;1:1:1;1:4:3,3,2,1,1,1,0,1,1,1,1,1,4,8,3
13773,0:4:3;1:1:1;1:4:3,3,3,1,1,1,0,1,1,1,1,1,4,8,1
13774,0:4:3;1:1:1;1:4:3,3,4,1,1,1,0,1,1,1,1,1,4,8,1
13775,0:4:3;1:1:1;1:4:3,3,5,1,1,1,0,1,1,1,1,1,4,8,1
13776,0:4:3;1:1:1;1:4:3,4,0,1,1,0,0,1,1,1,1,1,4,8,4
13777,0:4:3;1:1:1;1:4:3,4,1,1,1,1,0,1,1,1,1,1,4,8,4
13778,0:4:3;1:1:1;1:4:3,4,2,1,1,1,0,1,1,1,1,1,4,8,3
13779,0:4:3;1:1:1;1:4:3,4,3,1,1,1,0,1,1,1,1,1,4,8,1
13780,0:4:3;1:1:1;1:4:3,4,4,1,1,1,0,1,1,1,1,1,4,8,1
13781,0:4:3;1:1:1;1:4:3,4,5,1,1,1,0,1,1,1,1,1,4,8,1
13782,0:4:3;1:1:1;1:4:3,5,0,1,1,1,0,1,1,1,1,1,4,8,4
13783,0:4:3;1:1:1;1:4:3,5,1,1,1,1,0,1,1,1,1,1,4,8,4
13784,0:4:3;1:1:1;1:4:3,5,2,1,1,1,0,1,1,1,1,1,4,8,3
13785,0:4:3;1:1:1;1:4:3,5,3,1,1,1,0,1,1,1,1,1,4,8,1
13786,0:4:3;1:1:1;1:4:3,5,4,1,1,1,0,1,1,1,1,1,4,8,1
13787,0:4:3;1:1:1;1:4:3,5,5,1,1,1,0,1,1,1,1,1,4,8,1
13788,0:4:3;1:2:1;1:2:1,0,0,1,0,0,1,0,0,0,0,0,1,1,6
13789,0:4:3;1:2:1;1:2:1,0,1,1,0,0,1,0,0,0,0,0,1,2,6
13790,0:4:3;1:2:1;1:2:1,0,2,1,0,0,1,0,0,0,0,0,1,3,6
13791,0:4:3;1:2:1;1:2:1,0,3,1,1,1,0,1,1,1,1,1,4,6,1
13792,0:4:3;1:2:1;1:2:1,0,4,1,1,1,0,1,1,1,1,1,4,6,1
13793,0:4:3;1:2:1;1:2:1,0,5,1,1,1,0,1,1,1,1,1,4,6,1
13794,0:4:3;1:2:1;1:2:1,1,0,1,0,0,1,0,0,0,0,0,3,7,6
13795,0:4:3;1:2:1;1:2:1,1,1,1,1,0,0,1,1,1,1,1,4,6,3
13796,0:4:3;1:2:1;1:2:1,1,2,1,1,1,0,1,1,1,1,1,4,6,3
13797,0:4:3;1:2:1;1:2:1,1,3,1,1,1,0,1,1,1,1,1,4,6,1
13798,0:4:3;1:2:1;1:2:1,1,4,1,1,1,0,1,1,1,1,1,4,6,1
13799,0:4:3;1:2:1;1:2:1,1,5,1,1,1,0,1,1,1,1,1,4,6,1
13800,0:4:3;1:2:1;1:2:1,2,0,1,1,0,0,1,1,1,1,1,4,6,4
13801,0:4:3;1:2:1;1:2:1,2,1,1,1,1,0,1,1,1,1,1,4,6,3
13802,0:4:3;1:2:1;1:2:1,2,2,1,1,1,0,1,1,1,1,1,4,6,3
13803,0:4:3;1:2:1;1:2:1,2,3,1,1,1,0,1,1,1,1,1,4,6,1
13804,0:4:3;1:2:1;1:2:1,2,4,1,1,1,0,1,1,1,1,1,4,6,1
13805,0:4:3;1:2:1;1:2:1,2,5,1,1,1,0,1,1,1,1,1,4,6,1
13806,0:4:3;1:2:1;1:2:1,3,0,1,1,1,0,1,1,1,1,1,4,6,4
13807,0:4:3;1:2:1;1:2:1,3,1,1,1,1,0,1,1,1,1,1,4,6,3
13808,0:4:3;1:2:1;1:2:1,3,2,1,1,1,0,1,1,1,1,1,4,6,3
13809,0:4:3;1:2:1;1:2:1,3,3,1,1,1,0,1,1,1,1,1,4,6,1
13810,0:4:3;1:2:1;1:2:1,3,4,1,1,1,0,1,1,1,1,1,4,6,1
13811,0:4:3;1:2:1;1:2:1,3,5,1,1,1,0,1,1,1,1,1,4,6,1
13812,0:4:3;1:2:1;1:2:1,4,0,1,1,1,0,1,1,1,1,1,4,6,4
13813,0:4:3;1:2:1;1:2:1,4,1,1,1,1,0,1,1,1,1,1,4,6,3
13814,0:4:3;1:2:1;1:2:1,4,2,1,1,1,0,1,1,1,1,1,4,6,3
13815,0:4:3;1:2:1;1:2:1,4,3,1,1,1,0,1,1,1,1,1,4,6,1
13816,0:4:3;1:2:1;1:2:1,4,4,1,1,1,0,1,1,1,1,1,4,6,1
13817,0:4:3;1:2:1;1:2:1,4,5,1,1,1,0,1,1,1,1,1,4,6,1
13818,0:4:3;1:2:1;1:2:1,5,0,1,1,1,0,1,1,1,1,1,4,6,4
13819,0:4:3;1:2:1;1:2:1,5,1,1,1,1,0,1,1,1,1,1,4,6,3
13820,0:4:3;1:2:1;1:2:1,5,2,1,1,1,0,1,1,1,1,1,4,6,3
13821,0:4:3;1:2:1;1:2:1,5,3,1,1,1,0,1,1,1,1,1,4,6,1
13822,0:4:3;1:2:1;1:2:1,5,4,1,1,1,0,1,1,1,1,1,4,6,1
13823,0:4:3;1:2:1;1:2:1,5,5,1,1,1,0,1,1,1,1,1,4,6,1
13824,0:4:3;1:2:1;1:2:2,0,0,1,0,0,1,0,0,0,0,0,1,1,6
13825,0:4:3;1:2:1;1:2:2,0,1,1,0,0,1,0,0,0,0,0,1,2,6
13826,0:4:3;1:2:1;1:2:2,0,2,1,0,0,1,0,0,0,0,0,1,3,6
13827,0:4:3;1:2:1;1:2:2,0,3,1,1,0,0,1,1,1,1,1,4,7,1
13828,0:4:3;1:2:1;1:2:2,0,4,1,1,1,0,1,1,1,1,1,4,7,1
13829,0:4:3;1:2:1;1:2:2,0,5,1,1,1,0,1,1,1,1,1,4,7,1
13830,0:4:3;1:2:1;1:2:2,1,0,1,0,0,1,0,0,0,0,0,2,5,6
13831,0:4:3;1:2:1;1:2:2,1,1,1,1,0,0,1,1,1,1,1,4,7,3
13832,0:4:3;1:2:1;1:2:2,1,2,1,1,0,0,1,1,1,1,1,4,7,3
13833,0:4:3;1:2:1;1:2:2,1,3,1,1,1,0,1,1,1,1,1,4,7,1
13834,0:4:3;1:2:1;1:2:2,1,4,1,1,1,0,1,1,1,1,1,4,7,1
13835,0:4:3;1:2:1;1:2:2,1,5,1,1,1,0,1,1,1,1,1,4,7,1
13836,0:4:3;1:2:1;1:2:2,2,0,1,0,0,1,0,0,0,0,0,3,11,6
13837,0:4:3;1:2:1;1:2:2,2,1,1,1,0,0,1,1,1,1,1,4,7,3
13838,0:4:3;1:2:1;1:2:2,2,2,1,1,1,0,1,1,1,1,1,4,7,3
13839,0:4:3;1:2:1;1:2:2,2,3,1,1,1,0,1,1,1,1,1,4,7,1
13840,0:4:3;1:2:1;1:2:2,2,4,1,1,1,0,1,1,1,1,1,4,7,1
13841,0:4:3;1:2:1;1:2:2,2,5,1,1,1,0,1,1,1,1,1,4,7,1
13842,0:4:3;1:2:1;1:2:2,3,0,1,1,0,0,1,1,1,1,1,4,7,4
13843,0:4:3;1:2:1;1:2:2,3,1,1,1,1,0,1,1,1,1,1,4,7,3
13844,0:4:3;1:2:1;1:2:2,3,2,1,1,1,0,1,1,1,1,1,4,7,3
13845,0:4:3;1:2:1;1:2:2,3,3,1,1,1,0,1,1,1,1,1,4,7,1
13846,0:4:3;1:2:1;1:2:2,3,4,1,1,1,0,1,1,1,1,1,4,7,1
13847,0:4:3;1:2:1;1:2:2,3,5,1,1,1,0,1,1,1,1,1,4,7,1
13848,0:4:3;1:2:1;1:2:2,4,0,1,1,1,0,1,1,1,1,1,4,7,4
13849,0:4:3;1:2:1;1:2:2,4,1,1,1,1,0,1,1,1,1,1,4,7,3
13850,0:4:3;1:2:1;1:2:2,4,2,1,1,1,0,1,1,1,1,1,4,7,3
13851,0:4:3;1:2:1;1:2:2,4,3,1,1,1,0,1,1,1,1,1,4,7,1
13852,0:4:3;1:2:1;1:2:2,4,4,1,1,1,0,1,1,1,1,1,4,7,1
13853,0:4:3;1:2:1;1:2:2,4,5,1,1,1,0,1,1,1,1,1,4,7,1
13854,0:4:3;1:2:1;1:2:2,5,0,1,1,1,0,1,1,1,1,1,4,7,4
13855,0:4:3;1:2:1;1:2:2,5,1,1,1,1,0,1,1,1,1,1,4,7,3
13856,0:4:3;1:2:1;1:2:2,5,2,1,1,1,0,1,1,1,1,1,4,7,3
13857,0:4:3;1:2:1;1:2:2,5,3,1,1,1,0,1,1,1,1,1,4,7,1
13858,0:4:3;1:2:1;1:2:2,5,4,1,1,1,0,1,1,1,1,1,4,7,1
13859,0:4:3;1:2:1;1:2:2,5,5,1,1,1,0,1,1,1,1,1,4,7,1
13860,0:4:3;1:2:1;1:3:2,0,0,1,0,0,1,0,0,0,0,0,1,1,6
13861,0:4:3;1:2:1;1:3:2,0,1,1,0,0,1,0,0,0,0,0,1,2,6
13862,0:4:3;1:2:1;1:3:2,0,2,1,0,0,1,0,0,0,0,0,1,3,6
13863,0:4:3;1:2:1;1:3:2,0,3,1,1,0,0,1,1,1,1,1,4,7,1
13864,0:4:3;1:2:1;1:3:2,0,4,1,1,1,0,1,1,1,1,1,4,7,1
13865,0:4:3;1:2:1;1:3:2,0,5,1,1,1,0,1,1,1,1,1,4,7,1
13866,0:4:3;1:2:1;1:3:2,1,0,1,0,0,1,0,0,0,0,0,2,5,6
13867,0:4:3;1:2:1;1:3:2,1,1,1,1,0,0,1,1,1,1,1,4,7,3
13868,0:4:3;1:2:1;1:3:2,1,2,1,1,0,0,1,1,1,1,1,4,7,3
13869,0:4:3;1:2:1;1:3:2,1,3,1,1,1,0,1,1,1,1,1,4,7,1
13870,0:4:3;1:2:1;1:3:2,1,4,1,1,1,0,1,1,1,1,1,4,7,1
13871,0:4:3;1:2:1;1:3:2,1,5,1,1,1,0,1,1,1,1,1,4,7,1
13872,0:4:3;1:2:1;1:3:2,2,0,1,1,0,1,0,0,1,0,1,5,13,5
13873,0:4:3;1:2:1;1:3:2,2,1,1,1,0,0,1,1,1,1,1,4,7,3
13874,0:4:3;1:2:1;1:3:2,2,2,1,1,1,0,1,1,1,1,1,4,7,3
13875,0:4:3;1:2:1;1:3:2,2,3,1,1,1,0,1,1,1,1,1,4,7,1
13876,0:4:3;1:2:1;1:3:2,2,4,1,1,1,0,1,1,1,1,1,4,7,1
13877,0:4:3;1:2:1;1:3:2,2,5,1,1,1,0,1,1,1,1,1,4,7,1
13878,0:4:3;1:2:1;1:3:2,3,0,1,1,0,0,1,1,1,1,1,4,7,4
13879,0:4:3;1:2:1;1:3:2,3,1,1,1,1,0,1,1,1,1,1,4,7,3
13880,0:4:3;1:2:1;1:3:2,3,2,1,1,1,0,1,1,1,1,1,4,7,3
13881,0:4:3;1:2:1;1:3:2,3,3,1,1,1,0,1,1,1,1,1,4,7,1
13882,0:4:3;1:2:1;1:3:2,3,4,1,1,1,0,1,1,1,1,1,4,7,1
13883,0:4:3;1:2:1;1:3:2,3,5,1,1,1,0,1,1,1,1,1,4,7,1
13884,0:4:3;1:2:1;1:3:2,4,0,1,1,1,0,1,1,1,1,1,4,7,4
13885,0:4:3;1:2:1;1:3:2,4,1,1,1,1,0,1,1,1,1,1,4,7,3
13886,0:4:3;1:2:1;1:3:2,4,2,1,1,1,0,1,1,1,1,1,4,7,3
13887,0:4:3;1:2:1;1:3:2,4,3,1,1,1,0,1,1,1,1,1,4,7,1
13888,0:4:3;1:2:1;1:3:2,4,4,1,1,1,0,1,1,1,1,1,4,7,1
13889,0:4:3;1:2:1;1:3:2,4,5,1,1,1,0,1,1,1,1,1,4,7,1
13890,0:4:3;1:2:1;1:3:2,5,0,1,1,1,0,1,1,1,1,1,4,7,4
13891,0:4:3;1:2:1;1:3:2,5,1,1,1,1,0,1,1,1,1,1,4,7,3
13892,0:4:3;1:2:1;1:3:2,5,2,1,1,1,0,1,1,1,1,1,4,7,3
13893,0:4:3;1:2:1;1:3:2,5,3,1,1,1,0,1,1,1,1,1,4,7,1
13894,0:4:3;1:2:1;1:3:2,5,4,1,1,1,0,1,1,1,1,1,4,7,1
13895,0:4:3;1:2:1;1:3:2,5,5,1,1,1,0,1,1,1,1,1,4,7,1
13896,0:4:3;1:2:1;1:3:3,0,0,1,0,0,1,0,0,0,0,0,1,1,6
13897,0:4:3;1:2:1;1:3:3,0,1,1,0,0,1,0,0,0,0,0,1,2,6
13898,0:4:3;1:2:1;1:3:3,0,2,1,0,0,1,0,0,0,0,0,1,3,6
13899,0:4:3;1:2:1;1:3:3,0,3,1,1,0,0,1,1,1,1,1,4,8,1
13900,0:4:3;1:2:1;1:3:3,0,4,1,1,0,0,1,1,1,1,1,4,8,1
13901,0:4:3;1:2:1;1:3:3,0,5,1,1,1,0,1,1,1,1,1,4,8,1
13902,0:4:3;1:2:1;1:3:3,1,0,1,0,0,1,0,0,0,0,0,2,5,6
13903,0:4:3;1:2:1;1:3:3,1,1,1,1,0,0,1,1,1,1,1,4,8,3
13904,0:4:3;1:2:1;1:3:3,1,2,1,1,0,0,1,1,1,1,1,4,8,3
13905,0:4:3;1:2:1;1:3:3,1,3,1,1,0,0,1,1,1,1,1,4,8,1
13906,0:4:3;1:2:1;1:3:3,1,4,1,1,1,0,1,1,1,1,1,4,8,1
13907,0:4:3;1:2:1;1:3:3,1,5,1,1,1,0,1,1,1,1,1,4,8,1
13908,0:4:3;1:2:1;1:3:3,2,0,1,0,0,1,0,0,0,0,0,2,9,6
13909,0:4:3;1:2:1;1:3:3,2,1,1,1,0,0,1,1,1,1,1,4,8,3
13910,0:4:3;1:2:1;1:3:3,2,2,1,1,0,0,1,1,1,1,1,4,8,3
13911,0:4:3;1:2:1;1:3:3,2,3,1,1,1,0,1,1,1,1,1,4,8,1
13912,0:4:3;1:2:1;1:3:3,2,4,1,1,1,0,1,1,1,1,1,4,8,1
13913,0:4:3;1:2:1;1:3:3,2,5,1,1,1,0,1,1,1,1,1,4,8,1
13914,0:4:3;1:2:1;1:3:3,3,0,1,1,0,1,0,0,1,0,1,5,17,5
13915,0:4:3;1:2:1;1:3:3,3,1,1,1,0,0,1,1,1,1,1,4,8,3
13916,0:4:3;1:2:1;1:3:3,3,2,1,1,1,0,1,1,1,1,1,4,8,3
13917,0:4:3;1:2:1;1:3:3,3,3,1,1,1,0,1,1,1,1,1,4,8,1
13918,0:4:3;1:2:1;1:3:3,3,4,1,1,1,0,1,1,1,1,1,4,8,1
13919,0:4:3;1:2:1;1:3:3,3,5,1,1,1,0,1,1,1,1,1,4,8,1
13920,0:4:3;1:2:1;1:3:3,4,0,1,1,0,0,1,1,1,1,1,4,8,4
13921,0:4:3;1:2:1;1:3:3,4,1,1,1,1,0,1,1,1,1,1,4,8,3
13922,0:4:3;1:2:1;1:3:3,4,2,1,1,1,0,1,1,1,1,1,4,8,3
13923,0:4:3;1:2:1;1:3:3,4,3,1,1,1,0,1,1,1,1,1,4,8,1
13924,0:4:3;1:2:1;1:3:3,4,4,1,1,1,0,1,1,1,1,1,4,8,1
13925,0:4:3;1:2:1;1:3:3,4,5,1,1,1,0,1,1,1,1,1,4,8,1
13926,0:4:3;1:2:1;1:3:3,5,0,1,1,1,0,1,1,1,1,1,4,8,4
13927,0:4:3;1:2:1;1:3:3,5,1,1,1,1,0,1,1,1,1,1,4,8,3
13928,0:4:3;1:2:1;1:3:3,5,2,1,1,1,0,1,1,1,1,1,4,8,3
13929,0:4:3;1:2:1;1:3:3,5,3,1,1,1,0,1,1,1,1,1,4,8,1
13930,0:4:3;1:2:1;1:3:3,5,4,1,1,1,0,1,1,1,1,1,4,8,1
13931,0:4:3;1:2:1;1:3:3,5,5,1,1,1,0,1,1,1,1,1,4,8,1
13932,0:4:3;1:2:1;1:4:3,0,0,1,0,0,1,0,0,0,0,0,1,1,6
13933,0:4:3;1:2:1;1:4:3,0,1,1,0,0,1,0,0,0,0,0,1,2,6
13934,0:4:3;1:2:1;1:4:3,0,2,1,0,0,1,0,0,0,0,0,1,3,6
13935,0:4:3;1:2:1;1:4:3,0,3,1,1,0,0,1,1,1,1,1,4,8,1
13936,0:4:3;1:2:1;1:4:3,0,4,1,1,0,0,1,1,1,1,1,4,8,1
13937,0:4:3;1:2:1;1:4:3,0,5,1,1,1,0,1,1,1,1,1,4,8,1
13938,0:4:3;1:2:1;1:4:3,1,0,1,0,0,1,0,0,0,0,0,2,5,6
13939,0:4:3;1:2:1;1:4:3,1,1,1,1,0,0,1,1,1,1,1,4,8,3
13940,0:4:3;1:2:1;1:4:3,1,2,1,1,0,0,1,1,1,1,1,4,8,3
13941,0:4:3;1:2:1;1:4:3,1,3,1,1,0,0,1,1,1,1,1,4,8,1
13942,0:4:3;1:2:1;1:4:3,1,4,1,1,1,0,1,1,1,1,1,4,8,1
13943,0:4:3;1:2:1;1:4:3,1,5,1,1,1,0,1,1,1,1,1,4,8,1
13944,0:4:3;1:2:1;1:4:3,2,0,1,0,0,1,0,0,0,0,0,2,9,6
13945,0:4:3;1:2:1;1:4:3,2,1,1,1,0,0,1,1,1,1,1,4,8,3
13946,0:4:3;1:2:1;1:4:3,2,2,1,1,0,0,1,1,1,1,1,4,8,3
13947,0:4:3;1:2:1;1:4:3,2,3,1,1,1,0,1,1,1,1,1,4,8,1
13948,0:4:3;1:2:1;1:4:3,2,4,1,1,1,0,1,1,1,1,1,4,8,1
13949,0:4:3;1:2:1;1:4:3,2,5,1,1,1,0,1,1,1,1,1,4,8,1
13950,0:4:3;1:2:1;1:4:3,3,0,1,1,0,1,0,0,1,0,1,5,17,5
13951,0:4:3;1:2:1;1:4:3,3,1,1,1,0,0,1,1,1,1,1,4,8,3
13952,0:4:3;1:2:1;1:4:3,3,2,1,1,1,0,1,1,1,1,1,4,8,3
13953,0:4:3;1:2:1;1:4:3,3,3,1,1,1,0,1,1,1,1,1,4,8,1
13954,0:4:3;1:2:1;1:4:3,3,4,1,1,1,0,1,1,1,1,1,4,8,1
13955,0:4:3;1:2:1;1:4:3,3,5,1,1,1,0,1,1,1,1,1,4,8,1
13956,0:4:3;1:2:1;1:4:3,4,0,1,1,0,0,1,1,1,1,1,4,8,4
13957,0:4:3;1:2:1;1:4:3,4,1,1,1,1,0,1,1,1,1,1,4,8,3
13958,0:4:3;1:2:1;1:4:3,4,2,1,1,1,0,1,1,1,1,1,4,8,3
13959,0:4:3;1:2:1;1:4:3,4,3,1,1,1,0,1,1,1,1,1,4,8,1
13960,0:4:3;1:2:1;1:4:3,4,4,1,1,1,0,1,1,1,1,1,4,8,1
13961,0:4:3;1:2:1;1:4:3,4,5,1,1,1,0,1,1,1,1,1,4,8,1
13962,0:4:3;1:2:1;1:4:3,5,0,1,1,1,0,1,1,1,1,1,4,8,4
13963,0:4:3;1:2:1;1:4:3,5,1,1,1,1,0,1,1,1,1,1,4,8,3
13964,0:4:3;1:2:1;1:4:3,5,2,1,1,1,0,1,1,1,1,1,4,8,3
13965,0:4:3;1:2:1;1:4:3,5,3,1,1,1,0,1,1,1,1,1,4,8,1
13966,0:4:3;1:2:1;1:4:3,5,4,1,1,1,0,1,1,1,1,1,4,8,1
13967,0:4:3;1:2:1;1:4:3,5,5,1,1,1,0,1,1,1,1,1,4,8,1
13968,0:4:3;1:2:2;1:2:2,0,0,1,0,0,1,0,0,0,0,0,1,1,6
13969,0:4:3;1:2:2;1:2:2,0,1,1,0,0,1,0,0,0,0,0,1,2,6
13970,0:4:3;1:2:2;1:2:2,0,2,1,0,0,1,0,0,0,0,0,1,3,6
13971,0:4:3;1:2:2;1:2:2,0,3,1,1,0,0,1,1,1,1,1,4,8,1
13972,0:4:3;1:2:2;1:2:2,0,4,1,1,1,0,1,1,1,1,1,4,8,1
13973,0:4:3;1:2:2;1:2:2,0,5,1,1,1,0,1,1,1,1,1,4,8,1
13974,0:4:3;1:2:2;1:2:2,1,0,1,0,0,1,0,0,0,0,0,1,3,6
13975,0:4:3;1:2:2;1:2:2,1,1,1,0,0,1,0,0,0,0,0,1,6,6
13976,0:4:3;1:2:2;1:2:2,1,2,1,0,0,1,0,0,0,0,0,1,9,6
13977,0:4:3;1:2:2;1:2:2,1,3,1,1,1,0,1,1,1,1,1,4,8,1
13978,0:4:3;1:2:2;1:2:2,1,4,1,1,1,0,1,1,1,1,1,4,8,1
13979,0:4:3;1:2:2;1:2:2,1,5,1,1,1,0,1,1,1,1,1,4,8,1
13980,0:4:3;1:2:2;1:2:2,2,0,1,0,0,1,0,0,0,0,0,3,10,6
13981,0:4:3;1:2:2;1:2:2,2,1,1,1,0,0,1,1,1,1,1,4,8,3
13982,0:4:3;1:2:2;1:2:2,2,2,1,1,1,0,1,1,1,1,1,4,8,3
13983,0:4:3;1:2:2;1:2:2,2,3,1,1,1,0,1,1,1,1,1,4,8,1
13984,0:4:3;1:2:2;1:2:2,2,4,1,1,1,0,1,1,1,1,1,4,8,1
13985,0:4:3;1:2:2;1:2:2,2,5,1,1,1,0,1,1,1,1,1,4,8,1
13986,0:4:3;1:2:2;1:2:2,3,0,1,0,0,1,0,0,0,0,0,3,16,6
13987,0:4:3;1:2:2;1:2:2,3,1,1,1,1,0,1,1,1,1,1,4,8,3
13988,0:4:3;1:2:2;1:2:2,3,2,1,1,1,0,1,1,1,1,1,4,8,3
13989,0:4:3;1:2:2;1:2:2,3,3,1,1,1,0,1,1,1,1,1,4,8,1
13990,0:4:3;1:2:2;1:2:2,3,4,1,1,1,0,1,1,1,1,1,4,8,1
13991,0:4:3;1:2:2;1:2:2,3,5,1,1,1,0,1,1,1,1,1,4,8,1
13992,0:4:3;1:2:2;1:2:2,4,0,1,1,1,0,1,1,1,1,1,4,8,4
13993,0:4:3;1:2:2;1:2:2,4,1,1,1,1,0,1,1,1,1,1,4,8,3
13994,0:4:3;1:2:2;1:2:2,4,2,1,1,1,0,1,1,1,1,1,4,8,3
13995,0:4:3;1:2:2;1:2:2,4,3,1,1,1,0,1,1,1,1,1,4,8,1
13996,0:4:3;1:2:2;1:2:2,4,4,1,1,1,0,1,1,1,1,1,4,8,1
13997,0:4:3;1:2:2;1:2:2,4,5,1,1,1,0,1,1,1,1,1,4,8,1
13998,0:4:3;1:2:2;1:2:2,5,0,1,1,1,0,1,1,1,1,1,4,8,4
13999,0:4:3;1:2:2;1:2:2,5,1,1,1,1,0,1,1,1,1,1,4,8,3
14000,0:4:3;1:2:2;1:2:2,5,2,1,1,1,0,1,1,1,1,1,4,8,3
14001,0:4:3;1:2:2;1:2:2,5,3,1,1,1,0,1,1,1,1,1,4,8,1
14002,0:4:3;1:2:2;1:2:2,5,4,1,1,1,0,1,1,1,1,1,4,8,1
14003,0:4:3;1:2:2;1:2:2,5,5,1,1,1,0,1,1,1,1,1,4,8,1
14004,0:4:3;1:2:2;1:3:2,0,0,1,0,0,1,0,0,0,0,0,1,1,6
14005,0:4:3;1:2:2;1:3:2,0,1,1,0,0,1,0,0,0,0,0,1,2,6
14006,0:4:3;1:2:2;1:3:2,0,2,1,0,0,1,0,0,0,0,0,1,3,6
14007,0:4:3;1:2:2;1:3:2,0,3,1,1,0,0,1,1,1,1,1,4,8,1
14008,0:4:3;1:2:2;1:3:2,0,4,1,1,1,0,1,1,1,1,1,4,8,1
14009,0:4:3;1:2:2;1:3:2,0,5,1,1,1,0,1,1,1,1,1,4,8,1
14010,0:4:3;1:2:2;1:3:2,1,0,1,0,0,1,0,0,0,0,0,1,3,6
14011,0:4:3;1:2:2;1:3:2,1,1,1,0,0,1,0,0,0,0,0,1,6,6
14012,0:4:3;1:2:2;1:3:2,1,2,1,0,0,1,0,0,0,0,0,1,9,6
14013,0:4:3;1:2:2;1:3:2,1,3,1,1,1,0,1,1,1,1,1,4,8,1
14014,0:4:3;1:2:2;1:3:2,1,4,1,1,1,0,1,1,1,1,1,4,8,1
14015,0:4:3;1:2:2;1:3:2,1,5,1,1,1,0,1,1,1,1,1,4,8,1
14016,0:4:3;1:2:2;1:3:2,2,0,1,1,0,1,0,0,0,1,1,5,13,5
14017,0:4:3;1:2:2;1:3:2,2,1,1,1,0,0,1,1,1,1,1,4,8,3
14018,0:4:3;1:2:2;1:3:2,2,2,1,1,1,0,1,1,1,1,1,4,8,3
14019,0:4:3;1:2:2;1:3:2,2,3,1,1,1,0,1,1,1,1,1,4,8,1
14020,0:4:3;1:2:2;1:3:2,2,4,1,1,1,0,1,1,1,1,1,4,8,1
14021,0:4:3;1:2:2;1:3:2,2,5,1,1,1,0,1,1,1,1,1,4,8,1
14022,0:4:3;1:2:2;1:3:2,3,0,1,1,0,1,0,0,0,1,1,5,14,5
14023,0:4:3;1:2:2;1:3:2,3,1,1,1,1,0,1,1,1,1,1,4,8,3
14024,0:4:3;1:2:2;1:3:2,3,2,1,1,1,0,1,1,1,1,1,4,8,3
14025,0:4:3;1:2:2;1:3:2,3,3,1,1,1,0,1,1,1,1,1,4,8,1
14026,0:4:3;1:2:2;1:3:2,3,4,1,1,1,0,1,1,1,1,1,4,8,1
14027,0:4:3;1:2:2;1:3:2,3,5,1,1,1,0,1,1,1,1,1,4,8,1
14028,0:4:3;1:2:2;1:3:2,4,0,1,1,1,0,1,1,1,1,1,4,8,4
14029,0:4:3;1:2:2;1:3:2,4,1,1,1,1,0,1,1,1,1,1,4,8,3
14030,0:4:3;1:2:2;1:3:2,4,2,1,1,1,0,1,1,1,1,1,4,8,3
14031,0:4:3;1:2:2;1:3:2,4,3,1,1,1,0,1,1,1,1,1,4,8,1
14032,0:4:3;1:2:2;1:3:2,4,4,1,1,1,0,1,1,1,1,1,4,8,1
14033,0:4:3;1:2:2;1:3:2,4,5,1,1,1,0,1,1,1,1,1,4,8,1
14034,0:4:3;1:2:2;1:3:2,5,0,1,1,1,0,1,1,1,1,1,4,8,4
14035,0:4:3;1:2:2;1:3:2,5,1,1,1,1,0,1,1,1,1,1,4,8,3
14036,0:4:3;1:2:2;1:3:2,5,2,1,1,1,0,1,1,1,1,1,4,8,3
14037,0:4:3;1:2:2;1:3:2,5,3,1,1,1,0,1,1,1,1,1,4,8,1
14038,0:4:3;1:2:2;1:3:2,5,4,1,1,1,0,1,1,1,1,1,4,8,1
14039,0:4:3;1:2:2;1:3:2,5,5,1,1,1,0,1,1,1,1,1,4,8,1
14040,0:4:3;1:2:2;1:3:3,0,0,0,0,0,1,0,0,0,0,0,0,1,6
14041,0:4:3;1:2:2;1:3:3,0,1,0,0,0,1,0,0,0,0,0,0,2,6
14042,0:4:3;1:2:2;1:3:3,0,2,0,0,0,1,0,0,0,0,0,0,3,6
14043,0:4:3;1:2:2;1:3:3,0,3,0,0,0,1,0,0,0,0,0,0,14,6
14044,0:4:3;1:2:2;1:3:3,0,4,0,0,0,1,0,0,0,0,0,0,14,6
14045,0:4:3;1:2:2;1:3:3,0,5,0,0,0,1,0,0,0,0,0,0,14,6
14046,0:4:3;1:2:2;1:3:3,1,0,1,0,0,1,0,0,0,0,0,1,3,6
14047,0:4:3;1:2:2;1:3:3,1,1,1,0,0,1,0,0,0,0,0,1,6,6
14048,0:4:3;1:2:2;1:3:3,1,2,1,0,0,1,0,0,0,0,0,1,9,6
14049,0:4:3;1:2:2;1:3:3,1,3,1,1,0,0,1,1,1,1,1,4,9,1
14050,0:4:3;1:2:2;1:3:3,1,4,1,1,1,0,1,1,1,1,1,4,9,1
14051,0:4:3;1:2:2;1:3:3,1,5,1,1,1,0,1,1,1,1,1,4,9,1
14052,0:4:3;1:2:2;1:3:3,2,0,1,0,0,1,0,0,0,0,0,2,8,6
14053,0:4:3;1:2:2;1:3:3,2,1,1,1,0,0,1,1,1,1,1,4,9,3
14054,0:4:3;1:2:2;1:3:3,2,2,1,1,0,0,1,1,1,1,1,4,9,3
14055,0:4:3;1:2:2;1:3:3,2,3,1,1,1,0,1,1,1,1,1,4,9,1
14056,0:4:3;1:2:2;1:3:3,2,4,1,1,1,0,1,1,1,1,1,4,9,1
14057,0:4:3;1:2:2;1:3:3,2,5,1,1,1,0,1,1,1,1,1,4,9,1
14058,0:4:3;1:2:2;1:3:3,3,0,1,1,0,1,0,0,1,0,1,5,18,5
14059,0:4:3;1:2:2;1:3:3,3,1,1,1,0,0,1,1,1,1,1,4,9,3
14060,0:4:3;1:2:2;1:3:3,3,2,1,1,1,0,1,1,1,1,1,4,9,3
14061,0:4:3;1:2:2;1:3:3,3,3,1,1,1,0,1,1,1,1,1,4,9,1
14062,0:4:3;1:2:2;1:3:3,3,4,1,1,1,0,1,1,1,1,1,4,9,1
14063,0:4:3;1:2:2;1:3:3,3,5,1,1,1,0,1,1,1,1,1,4,9,1
14064,0:4:3;1:2:2;1:3:3,4,0,1,1,0,1,0,0,1,0,1,5,18,5
14065,0:4:3;1:2:2;1:3:3,4,1,1,1,1,0,1,1,1,1,1,4,9,3
14066,0:4:3;1:2:2;1:3:3,4,2,1,1,1,0,1,1,1,1,1,4,9,3
14067,0:4:3;1:2:2;1:3:3,4,3,1,1,1,0,1,1,1,1,1,4,9,1
14068,0:4:3;1:2:2;1:3:3,4,4,1,1,1,0,1,1,1,1,1,4,9,1
14069,0:4:3;1:2:2;1:3:3,4,5,1,1,1,0,1,1,1,1,1,4,9,1
14070,0:4:3;1:2:2;1:3:3,5,0,1,1,1,0,1,1,1,1,1,4,9,4
14071,0:4:3;1:2:2;1:3:3,5,1,1,1,1,0,1,1,1,1,1,4,9,3
14072,0:4:3;1:2:2;1:3:3,5,2,1,1,1,0,1,1,1,1,1,4,9,3
14073,0:4:3;1:2:2;1:3:3,5,3,1,1,1,0,1,1,1,1,1,4,9,1
14074,0:4:3;1:2:2;1:3:3,5,4,1,1,1,0,1,1,1,1,1,4,9,1
14075,0:4:3;1:2:2;1:3:3,5,5,1,1,1,0,1,1,1,1,1,4,9,1
14076,0:4:3;1:2:2;1:4:3,0,0,0,0,0,1,0,0,0,0,0,0,1,6
14077,0:4:3;1:2:2;1:4:3,0,1,0,0,0,1,0,0,0,0,0,0,2,6
14078,0:4:3;1:2:2;1:4:3,0,2,0,0,0,1,0,0,0,0,0,0,3,6
14079,0:4:3;1:2:2;1:4:3,0,3,0,0,0,1,0,0,0,0,0,0,14,6
14080,0:4:3;1:2:2;1:4:3,0,4,0,0,0,1,0,0,0,0,0,0,14,6
14081,0:4:3;1:2:2;1:4:3,0,5,0,0,0,1,0,0,0,0,0,0,14,6
14082,0:4:3;1:2:2;1:4:3,1,0,1,0,0,1,0,0,0,0,0,1,3,6
14083,0:4:3;1:2:2;1:4:3,1,1,1,0,0,1,0,0,0,0,0,1,6,6
14084,0:4:3;1:2:2;1:4:3,1,2,1,0,0,1,0,0,0,0,0,1,9,6
14085,0:4:3;1:2:2;1:4:3,1,3,1,1,0,0,1,1,1,1,1,4,9,1
14086,0:4:3;1:2:2;1:4:3,1,4,1,1,1,0,1,1,1,1,1,4,9,1
14087,0:4:3;1:2:2;1:4:3,1,5,1,1,1,0,1,1,1,1,1,4,9,1
14088,0:4:3;1:2:2;1:4:3,2,0,1,0,0,1,0,0,0,0,0,2,8,6
14089,0:4:3;1:2:2;1:4:3,2,1,1,1,0,0,1,1,1,1,1,4,9,3
14090,0:4:3;1:2:2;1:4:3,2,2,1,1,0,0,1,1,1,1,1,4,9,3
14091,0:4:3;1:2:2;1:4:3,2,3,1,1,1,0,1,1,1,1,1,4,9,1
14092,0:4:3;1:2:2;1:4:3,2,4,1,1,1,0,1,1,1,1,1,4,9,1
14093,0:4:3;1:2:2;1:4:3,2,5,1,1,1,0,1,1,1,1,1,4,9,1
14094,0:4:3;1:2:2;1:4:3,3,0,1,1,0,1,0,0,1,1,1,5,18,5
14095,0:4:3;1:2:2;1:4:3,3,1,1,1,0,0,1,1,1,1,1,4,9,3
14096,0:4:3;1:2:2;1:4:3,3,2,1,1,1,0,1,1,1,1,1,4,9,3
14097,0:4:3;1:2:2;1:4:3,3,3,1,1,1,0,1,1,1,1,1,4,9,1
14098,0:4:3;1:2:2;1:4:3,3,4,1,1,1,0,1,1,1,1,1,4,9,1
14099,0:4:3;1:2:2;1:4:3,3,5,1,1,1,0,1,1,1,1,1,4,9,1
14100,0:4:3;1:2:2;1:4:3,4,0,1,1,0,1,0,0,1,1,1,5,18,5
14101,0:4:3;1:2:2;1:4:3,4,1,1,1,1,0,1,1,1,1,1,4,9,3
14102,0:4:3;1:2:2;1:4:3,4,2,1,1,1,0,1,1,1,1,1,4,9,3
14103,0:4:3;1:2:2;1:4:3,4,3,1,1,1,0,1,1,1,1,1,4,9,1
14104,0:4:3;1:2:2;1:4:3,4,4,1,1,1,0,1,1,1,1,1,4,9,1
14105,0:4:3;1:2:2;1:4:3,4,5,1,1,1,0,1,1,1,1,1,4,9,1
14106,0:4:3;1:2:2;1:4:3,5,0,1,1,1,0,1,1,1,1,1,4,9,4
14107,0:4:3;1:2:2;1:4:3,5,1,1,1,1,0,1,1,1,1,1,4,9,3
14108,0:4:3;1:2:2;1:4:3,5,2,1,1,1,0,1,1,1,1,1,4,9,3
14109,0:4:3;1:2:2;1:4:3,5,3,1,1,1,0,1,1,1,1,1,4,9,1
14110,0:4:3;1:2:2;1:4:3,5,4,1,1,1,0,1,1,1,1,1,4,9,1
14111,0:4:3;1:2:2;1:4:3,5,5,1,1,1,0,1,1,1,1,1,4,9,1
14112,0:4:3;1:3:2;1:3:2,0,0,1,0,0,1,0,0,0,0,0,1,1,6
14113,0:4:3;1:3:2;1:3:2,0,1,1,0,0,1,0,0,0,0,0,1,2,6
14114,0:4:3;1:3:2;1:3:2,0,2,1,0,0,1,0,0,0,0,0,1,3,6
14115,0:4:3;1:3:2;1:3:2,0,3,1,1,0,0,1,1,1,1,1,4,8,1
14116,0:4:3;1:3:2;1:3:2,0,4,1,1,1,0,1,1,1,1,1,4,8,1
14117,0:4:3;1:3:2;1:3:2,0,5,1,1,1,0,1,1,1,1,1,4,8,1
14118,0:4:3;1:3:2;1:3:2,1,0,1,0,0,1,0,0,0,0,0,1,3,6
14119,0:4:3;1:3:2;1:3:2,1,1,1,0,0,1,0,0,0,0,0,1,6,6
14120,0:4:3;1:3:2;1:3:2,1,2,1,0,0,1,0,0,0,0,0,1,9,6
14121,0:4:3;1:3:2;1:3:2,1,3,1,1,1,0,1,1,1,1,1,4,8,1
14122,0:4:3;1:3:2;1:3:2,1,4,1,1,1,0,1,1,1,1,1,4,8,1
14123,0:4:3;1:3:2;1:3:2,1,5,1,1,1,0,1,1,1,1,1,4,8,1
14124,0:4:3;1:3:2;1:3:2,2,0,1,1,0,0,1,1,1,1,1,4,8,3
14125,0:4:3;1:3:2;1:3:2,2,1,1,1,0,0,1,1,1,1,1,4,8,3
14126,0:4:3;1:3:2;1:3:2,2,2,1,1,1,0,1,1,1,1,1,4,8,3
14127,0:4:3;1:3:2;1:3:2,2,3,1,1,1,0,1,1,1,1,1,4,8,1
14128,0:4:3;1:3:2;1:3:2,2,4,1,1,1,0,1,1,1,1,1,4,8,1
14129,0:4:3;1:3:2;1:3:2,2,5,1,1,1,0,1,1,1,1,1,4,8,1
14130,0:4:3;1:3:2;1:3:2,3,0,1,1,0,0,1,1,1,1,1,4,8,3
14131,0:4:3;1:3:2;1:3:2,3,1,1,1,1,0,1,1,1,1,1,4,8,3
14132,0:4:3;1:3:2;1:3:2,3,2,1,1,1,0,1,1,1,1,1,4,8,3
14133,0:4:3;1:3:2;1:3:2,3,3,1,1,1,0,1,1,1,1,1,4,8,1
14134,0:4:3;1:3:2;1:3:2,3,4,1,1,1,0,1,1,1,1,1,4,8,1
14135,0:4:3;1:3:2;1:3:2,3,5,1,1,1,0,1,1,1,1,1,4,8,1
14136,0:4:3;1:3:2;1:3:2,4,0,1,1,1,0,1,1,1,1,1,4,8,3
14137,0:4:3;1:3:2;1:3:2,4,1,1,1,1,0,1,1,1,1,1,4,8,3
14138,0:4:3;1:3:2;1:3:2,4,2,1,1,1,0,1,1,1,1,1,4,8,3
14139,0:4:3;1:3:2;1:3:2,4,3,1,1,1,0,1,1,1,1,1,4,8,1
14140,0:4:3;1:3:2;1:3:2,4,4,1,1,1,0,1,1,1,1,1,4,8,1
14141,0:4:3;1:3:2;1:3:2,4,5,1,1,1,0,1,1,1,1,1,4,8,1
14142,0:4:3;1:3:2;1:3:2,5,0,1,1,1,0,1,1,1,1,1,4,8,3
14143,0:4:3;1:3:2;1:3:2,5,1,1,1,1,0,1,1,1,1,1,4,8,3
14144,0:4:3;1:3:2;1:3:2,5,2,1,1,1,0,1,1,1,1,1,4,8,3
14145,0:4:3;1:3:2;1:3:2,5,3,1,1,1,0,1,1,1,1,1,4,8,1
14146,0:4:3;1:3:2;1:3:2,5,4,1,1,1,0,1,1,1,1,1,4,8,1
14147,0:4:3;1:3:2;1:3:2,5,5,1,1,1,0,1,1,1,1,1,4,8,1
14148,0:4:3;1:3:2;1:3:3,0,0,0,0,0,1,0,0,0,0,0,0,1,6
14149,0:4:3;1:3:2;1:3:3,0,1,0,0,0,1,0,0,0,0,0,0,2,6
14150,0:4:3;1:3:2;1:3:3,0,2,0,0,0,1,0,0,0,0,0,0,3,6
14151,0:4:3;1:3:2;1:3:3,0,3,0,0,0,1,0,0,0,0,0,0,14,6
14152,0:4:3;1:3:2;1:3:3,0,4,0,0,0,1,0,0,0,0,0,0,14,6
14153,0:4:3;1:3:2;1:3:3,0,5,0,0,0,1,0,0,0,0,0,0,14,6
14154,0:4:3;1:3:2;1:3:3,1,0,1,0,0,1,0,0,0,0,0,1,3,6
14155,0:4:3;1:3:2;1:3:3,1,1,1,0,0,1,0,0,0,0,0,1,6,6
14156,0:4:3;1:3:2;1:3:3,1,2,1,0,0,1,0,0,0,0,0,1,9,6
14157,0:4:3;1:3:2;1:3:3,1,3,1,1,0,0,1,1,1,1,1,4,9,1
14158,0:4:3;1:3:2;1:3:3,1,4,1,1,1,0,1,1,1,1,1,4,9,1
14159,0:4:3;1:3:2;1:3:3,1,5,1,1,1,0,1,1,1,1,1,4,9,1
14160,0:4:3;1:3:2;1:3:3,2,0,1,1,0,0,1,1,1,1,1,4,9,3
14161,0:4:3;1:3:2;1:3:3,2,1,1,1,0,0,1,1,1,1,1,4,9,3
14162,0:4:3;1:3:2;1:3:3,2,2,1,1,0,0,1,1,1,1,1,4,9,3
14163,0:4:3;1:3:2;1:3:3,2,3,1,1,1,0,1,1,1,1,1,4,9,1
14164,0:4:3;1:3:2;1:3:3,2,4,1,1,1,0,1,1,1,1,1,4,9,1
14165,0:4:3;1:3:2;1:3:3,2,5,1,1,1,0,1,1,1,1,1,4,9,1
14166,0:4:3;1:3:2;1:3:3,3,0,1,1,0,0,1,1,1,1,1,4,9,3
14167,0:4:3;1:3:2;1:3:3,3,1,1,1,0,0,1,1,1,1,1,4,9,3
14168,0:4:3;1:3:2;1:3:3,3,2,1,1,1,0,1,1,1,1,1,4,9,3
14169,0:4:3;1:3:2;1:3:3,3,3,1,1,1,0,1,1,1,1,1,4,9,1
14170,0:4:3;1:3:2;1:3:3,3,4,1,1,1,0,1,1,1,1,1,4,9,1
14171,0:4:3;1:3:2;1:3:3,3,5,1,1,1,0,1,1,1,1,1,4,9,1
14172,0:4:3;1:3:2;1:3:3,4,0,1,1,0,0,1,1,1,1,1,4,9,3
14173,0:4:3;1:3:2;1:3:3,4,1,1,1,1,0,1,1,1,1,1,4,9,3
14174,0:4:3;1:3:2;1:3:3,4,2,1,1,1,0,1,1,1,1,1,4,9,3
14175,0:4:3;1:3:2;1:3:3,4,3,1,1,1,0,1,1,1,1,1,4,9,1
14176,0:4:3;1:3:2;1:3:3,4,4,1,1,1,0,1,1,1,1,1,4,9,1
14177,0:4:3;1:3:2;1:3:3,4,5,1,1,1,0,1,1,1,1,1,4,9,1
14178,0:4:3;1:3:2;1:3:3,5,0,1,1,1,0,1,1,1,1,1,4,9,3
14179,0:4:3;1:3:2;1:3:3,5,1,1,1,1,0,1,1,1,1,1,4,9,3
14180,0:4:3;1:3:2;1:3:3,5,2,1,1,1,0,1,1,1,1,1,4,9,3
14181,0:4:3;1:3:2;1:3:3,5,3,1,1,1,0,1,1,1,1,1,4,9,1
14182,0:4:3;1:3:2;1:3:3,5,4,1,1,1,0,1,1,1,1,1,4,9,1
14183,0:4:3;1:3:2;1:3:3,5,5,1,1,1,0,1,1,1,1,1,4,9,1
14184,0:4:3;1:3:2;1:4:3,0,0,0,0,0,1,0,0,0,0,0,0,1,6
14185,0:4:3;1:3:2;1:4:3,0,1,0,0,0,1,0,0,0,0,0,0,2,6
14186,0:4:3;1:3:2;1:4:3,0,2,0,0,0,1,0,0,0,0,0,0,3,6
14187,0:4:3;1:3:2;1:4:3,0,3,0,0,0,1,0,0,0,0,0,0,14,6
14188,0:4:3;1:3:2;1:4:3,0,4,0,0,0,1,0,0,0,0,0,0,14,6
14189,0:4:3;1:3:2;1:4:3,0,5,0,0,0,1,0,0,0,0,0,0,14,6
14190,0:4:3;1:3:2;1:4:3,1,0,1,0,0,1,0,0,0,0,0,1,3,6
14191,0:4:3;1:3:2;1:4:3,1,1,1,0,0,1,0,0,0,0,0,1,6,6
14192,0:4:3;1:3:2;1:4:3,1,2,1,0,0,1,0,0,0,0,0,1,9,6
14193,0:4:3;1:3:2;1:4:3,1,3,1,1,0,0,1,1,1,1,1,4,9,1
14194,0:4:3;1:3:2;1:4:3,1,4,1,1,1,0,1,1,1,1,1,4,9,1
14195,0:4:3;1:3:2;1:4:3,1,5,1,1,1,0,1,1,1,1,1,4,9,1
14196,0:4:3;1:3:2;1:4:3,2,0,1,1,0,0,1,1,1,1,1,4,9,3
14197,0:4:3;1:3:2;1:4:3,2,1,1,1,0,0,1,1,1,1,1,4,9,3
14198,0:4:3;1:3:2;1:4:3,2,2,1,1,0,0,1,1,1,1,1,4,9,3
14199,0:4:3;1:3:2;1:4:3,2,3,1,1,1,0,1,1,1,1,1,4,9,1
14200,0:4:3;1:3:2;1:4:3,2,4,1,1,1,0,1,1,1,1,1,4,9,1
14201,0:4:3;1:3:2;1:4:3,2,5,1,1,1,0,1,1,1,1,1,4,9,1
14202,0:4:3;1:3:2;1:4:3,3,0,1,1,0,0,1,1,1,1,1,4,9,3
14203,0:4:3;1:3:2;1:4:3,3,1,1,1,0,0,1,1,1,1,1,4,9,3
14204,0:4:3;1:3:2;1:4:3,3,2,1,1,1,0,1,1,1,1,1,4,9,3
14205,0:4:3;1:3:2;1:4:3,3,3,1,1,1,0,1,1,1,1,1,4,9,1
14206,0:4:3;1:3:2;1:4:3,3,4,1,1,1,0,1,1,1,1,1,4,9,1
14207,0:4:3;1:3:2;1:4:3,3,5,1,1,1,0,1,1,1,1,1,4,9,1
14208,0:4:3;1:3:2;1:4:3,4,0,1,1,0,0,1,1,1,1,1,4,9,3
14209,0:4:3;1:3:2;1:4:3,4,1,1,1,1,0,1,1,1,1,1,4,9,3
14210,0:4:3;1:3:2;1:4:3,4,2,1,1,1,0,1,1,1,1,1,4,9,3
14211,0:4:3;1:3:2;1:4:3,4,3,1,1,1,0,1,1,1,1,1,4,9,1
14212,0:4:3;1:3:2;1:4:3,4,4,1,1,1,0,1,1,1,1,1,4,9,1
14213,0:4:3;1:3:2;1:4:3,4,5,1,1,1,0,1,1,1,1,1,4,9,1
14214,0:4:3;1:3:2;1:4:3,5,0,1,1,1,0,1,1,1,1,1,4,9,3
14215,0:4:3;1:3:2;1:4:3,5,1,1,1,1,0,1,1,1,1,1,4,9,3
14216,0:4:3;1:3:2;1:4:3,5,2,1,1,1,0,1,1,1,1,1,4,9,3
14217,0:4:3;1:3:2;1:4:3,5,3,1,1,1,0,1,1,1,1,1,4,9,1
14218,0:4:3;1:3:2;1:4:3,5,4,1,1,1,0,1,1,1,1,1,4,9,1
14219,0:4:3;1:3:2;1:4:3,5,5,1,1,1,0,1,1,1,1,1,4,9,1
14220,0:4:3;1:3:3;1:3:3,0,0,0,0,0,1,0,0,0,0,0,0,1,6
14221,0:4:3;1:3:3;1:3:3,0,1,0,0,0,1,0,0,0,0,0,0,2,6
14222,0:4:3;1:3:3;1:3:3,0,2,0,0,0,1,0,0,0,0,0,0,3,6
14223,0:4:3;1:3:3;1:3:3,0,3,0,0,0,1,0,0,0,0,0,0,16,6
14224,0:4:3;1:3:3;1:3:3,0,4,0,0,0,1,0,0,0,0,0,0,16,6
14225,0:4:3;1:3:3;1:3:3,0,5,0,0,0,1,0,0,0,0,0,0,16,6
14226,0:4:3;1:3:3;1:3:3,1,0,0,0,0,1,0,0,0,0,0,0,3,6
14227,0:4:3;1:3:3;1:3:3,1,1,0,0,0,1,0,0,0,0,0,0,6,6
14228,0:4:3;1:3:3;1:3:3,1,2,0,0,0,1,0,0,0,0,0,0,9,6
14229,0:4:3;1:3:3;1:3:3,1,3,0,0,0,1,0,0,0,0,0,0,24,6
14230,0:4:3;1:3:3;1:3:3,1,4,0,0,0,1,0,0,0,0,0,0,24,6
14231,0:4:3;1:3:3;1:3:3,1,5,0,0,0,1,0,0,0,0,0,0,24,6
14232,0:4:3;1:3:3;1:3:3,2,0,1,0,0,1,0,0,0,0,0,1,6,6
14233,0:4:3;1:3:3;1:3:3,2,1,1,0,0,1,0,0,0,0,0,1,12,6
14234,0:4:3;1:3:3;1:3:3,2,2,1,0,0,1,0,0,0,0,0,1,18,6
14235,0:4:3;1:3:3;1:3:3,2,3,1,1,1,0,1,1,1,1,1,4,10,1
14236,0:4:3;1:3:3;1:3:3,2,4,1,1,1,0,1,1,1,1,1,4,10,1
14237,0:4:3;1:3:3;1:3:3,2,5,1,1,1,0,1,1,1,1,1,4,10,1
14238,0:4:3;1:3:3;1:3:3,3,0,1,1,0,0,1,1,1,1,1,4,10,3
14239,0:4:3;1:3:3;1:3:3,3,1,1,1,0,0,1,1,1,1,1,4,10,3
14240,0:4:3;1:3:3;1:3:3,3,2,1,1,1,0,1,1,1,1,1,4,10,3
14241,0:4:3;1:3:3;1:3:3,3,3,1,1,1,0,1,1,1,1,1,4,10,1
14242,0:4:3;1:3:3;1:3:3,3,4,1,1,1,0,1,1,1,1,1,4,10,1
14243,0:4:3;1:3:3;1:3:3,3,5,1,1,1,0,1,1,1,1,1,4,10,1
14244,0:4:3;1:3:3;1:3:3,4,0,1,1,0,0,1,1,1,1,1,4,10,3
14245,0:4:3;1:3:3;1:3:3,4,1,1,1,1,0,1,1,1,1,1,4,10,3
14246,0:4:3;1:3:3;1:3:3,4,2,1,1,1,0,1,1,1,1,1,4,10,3
14247,0:4:3;1:3:3;1:3:3,4,3,1,1,1,0,1,1,1,1,1,4,10,1
14248,0:4:3;1:3:3;1:3:3,4,4,1,1,1,0,1,1,1,1,1,4,10,1
14249,0:4:3;1:3:3;1:3:3,4,5,1,1,1,0,1,1,1,1,1,4,10,1
14250,0:4:3;1:3:3;1:3:3,5,0,1,1,1,0,1,1,1,1,1,4,10,3
14251,0:4:3;1:3:3;1:3:3,5,1,1,1,1,0,1,1,1,1,1,4,10,3
14252,0:4:3;1:3:3;1:3:3,5,2,1,1,1,0,1,1,1,1,1,4,10,3
14253,0:4:3;1:3:3;1:3:3,5,3,1,1,1,0,1,1,1,1,1,4,10,1
14254,0:4:3;1:3:3;1:3:3,5,4,1,1,1,0,1,1,1,1,1,4,10,1
14255,0:4:3;1:3:3;1:3:3,5,5,1,1,1,0,1,1,1,1,1,4,10,1
14256,0:4:3;1:3:3;1:4:3,0,0,0,0,0,1,0,0,0,0,0,0,1,6
14257,0:4:3;1:3:3;1:4:3,0,1,0,0,0,1,0,0,0,0,0,0,2,6
14258,0:4:3;1:3:3;1:4:3,0,2,0,0,0,1,0,0,0,0,0,0,3,6
14259,0:4:3;1:3:3;1:4:3,0,3,0,0,0,1,0,0,0,0,0,0,16,6
14260,0:4:3;1:3:3;1:4:3,0,4,0,0,0,1,0,0,0,0,0,0,16,6
14261,0:4:3;1:3:3;1:4:3,0,5,0,0,0,1,0,0,0,0,0,0,16,6
14262,0:4:3;1:3:3;1:4:3,1,0,0,0,0,1,0,0,0,0,0,0,3,6
14263,0:4:3;1:3:3;1:4:3,1,1,0,0,0,1,0,0,0,0,0,0,6,6
14264,0:4:3;1:3:3;1:4:3,1,2,0,0,0,1,0,0,0,0,0,0,9,6
14265,0:4:3;1:3:3;1:4:3,1,3,0,0,0,1,0,0,0,0,0,0,24,6
14266,0:4:3;1:3:3;1:4:3,1,4,0,0,0,1,0,0,0,0,0,0,24,6
14267,0:4:3;1:3:3;1:4:3,1,5,0,0,0,1,0,0,0,0,0,0,24,6
14268,0:4:3;1:3:3;1:4:3,2,0,1,0,0,1,0,0,0,0,0,1,6,6
14269,0:4:3;1:3:3;1:4:3,2,1,1,0,0,1,0,0,0,0,0,1,12,6
14270,0:4:3;1:3:3;1:4:3,2,2,1,0,0,1,0,0,0,0,0,1,18,6
14271,0:4:3;1:3:3;1:4:3,2,3,1,1,1,0,1,1,1,1,1,4,10,1
14272,0:4:3;1:3:3;1:4:3,2,4,1,1,1,0,1,1,1,1,1,4,10,1
14273,0:4:3;1:3:3;1:4:3,2,5,1,1,1,0,1,1,1,1,1,4,10,1
14274,0:4:3;1:3:3;1:4:3,3,0,1,1,0,0,1,1,1,1,1,4,10,3
14275,0:4:3;1:3:3;1:4:3,3,1,1,1,0,0,1,1,1,1,1,4,10,3
14276,0:4:3;1:3:3;1:4:3,3,2,1,1,1,0,1,1,1,1,1,4,10,3
14277,0:4:3;1:3:3;1:4:3,3,3,1,1,1,0,1,1,1,1,1,4,10,1
14278,0:4:3;1:3:3;1:4:3,3,4,1,1,1,0,1,1,1,1,1,4,10,1
14279,0:4:3;1:3:3;1:4:3,3,5,1,1,1,0,1,1,1,1,1,4,10,1
14280,0:4:3;1:3:3;1:4:3,4,0,1,1,0,0,1,1,1,1,1,4,10,3
14281,0:4:3;1:3:3;1:4:3,4,1,1,1,1,0,1,1,1,1,1,4,10,3
14282,0:4:3;1:3:3;1:4:3,4,2,1,1,1,0,1,1,1,1,1,4,10,3
14283,0:4:3;1:3:3;1:4:3,4,3,1,1,1,0,1,1,1,1,1,4,10,1
14284,0:4:3;1:3:3;1:4:3,4,4,1,1,1,0,1,1,1,1,1,4,10,1
14285,0:4:3;1:3:3;1:4:3,4,5,1,1,1,0,1,1,1,1,1,4,10,1
14286,0:4:3;1:3:3;1:4:3,5,0,1,1,1,0,1,1,1,1,1,4,10,3
14287,0:4:3;1:3:3;1:4:3,5,1,1,1,1,0,1,1,1,1,1,4,10,3
14288,0:4:3;1:3:3;1:4:3,5,2,1,1,1,0,1,1,1,1,1,4,10,3
14289,0:4:3;1:3:3;1:4:3,5,3,1,1,1,0,1,1,1,1,1,4,10,1
14290,0:4:3;1:3:3;1:4:3,5,4,1,1,1,0,1,1,1,1,1,4,10,1
14291,0:4:3;1:3:3;1:4:3,5,5,1,1,1,0,1,1,1,1,1,4,10,1
14292,0:4:3;1:4:3;1:4:3,0,0,0,0,0,1,0,0,0,0,0,0,1,6
14293,0:4:3;1:4:3;1:4:3,0,1,0,0,0,1,0,0,0,0,0,0,2,6
14294,0:4:3;1:4:3;1:4:3,0,2,0,0,0,1,0,0,0,0,0,0,3,6
14295,0:4:3;1:4:3;1:4:3,0,3,0,0,0,1,0,0,0,0,0,0,16,6
14296,0:4:3;1:4:3;1:4:3,0,4,0,0,0,1,0,0,0,0,0,0,16,6
14297,0:4:3;1:4:3;1:4:3,0,5,0,0,0,1,0,0,0,0,0,0,16,6
14298,0:4:3;1:4:3;1:4:3,1,0,0,0,0,1,0,0,0,0,0,0,3,6
14299,0:4:3;1:4:3;1:4:3,1,1,0,0,0,1,0,0,0,0,0,0,6,6
14300,0:4:3;1:4:3;1:4:3,1,2,0,0,0,1,0,0,0,0,0,0,9,6
14301,0:4:3;1:4:3;1:4:3,1,3,0,0,0,1,0,0,0,0,0,0,24,6
14302,0:4:3;1:4:3;1:4:3,1,4,0,0,0,1,0,0,0,0,0,0,24,6
14303,0:4:3;1:4:3;1:4:3,1,5,0,0,0,1,0,0,0,0,0,0,24,6
14304,0:4:3;1:4:3;1:4:3,2,0,1,0,0,1,0,0,0,0,0,1,6,6
14305,0:4:3;1:4:3;1:4:3,2,1,1,0,0,1,0,0,0,0,0,1,12,6
14306,0:4:3;1:4:3;1:4:3,2,2,1,0,0,1,0,0,0,0,0,1,18,6
14307,0:4:3;1:4:3;1:4:3,2,3,1,1,1,0,1,1,1,1,1,4,10,1
14308,0:4:3;1:4:3;1:4:3,2,4,1,1,1,0,1,1,1,1,1,4,10,1
14309,0:4:3;1:4:3;1:4:3,2,5,1,1,1,0,1,1,1,1,1,4,10,1
14310,0:4:3;1:4:3;1:4:3,3,0,1,1,0,0,1,1,1,1,1,4,10,3
14311,0:4:3;1:4:3;1:4:3,3,1,1,1,0,0,1,1,1,1,1,4,10,3
14312,0:4:3;1:4:3;1:4:3,3,2,1,1,1,0,1,1,1,1,1,4,10,3
14313,0:4:3;1:4:3;1:4:3,3,3,1,1,1,0,1,1,1,1,1,4,10,1
14314,0:4:3;1:4:3;1:4:3,3,4,1,1,1,0,1,1,1,1,1,4,10,1
14315,0:4:3;1:4:3;1:4:3,3,5,1,1,1,0,1,1,1,1,1,4,10,1
14316,0:4:3;1:4:3;1:4:3,4,0,1,1,0,0,1,1,1,1,1,4,10,3
14317,0:4:3;1:4:3;1:4:3,4,1,1,1,1,0,1,1,1,1,1,4,10,3
14318,0:4:3;1:4:3;1:4:3,4,2,1,1,1,0,1,1,1,1,1,4,10,3
14319,0:4:3;1:4:3;1:4:3,4,3,1,1,1,0,1,1,1,1,1,4,10,1
14320,0:4:3;1:4:3;1:4:3,4,4,1,1,1,0,1,1,1,1,1,4,10,1
14321,0:4:3;1:4:3;1:4:3,4,5,1,1,1,0,1,1,1,1,1,4,10,1
14322,0:4:3;1:4:3;1:4:3,5,0,1,1,1,0,1,1,1,1,1,4,10,3
14323,0:4:3;1:4:3;1:4:3,5,1,1,1,1,0,1,1,1,1,1,4,10,3
14324,0:4:3;1:4:3;1:4:3,5,2,1,1,1,0,1,1,1,1,1,4,10,3
14325,0:4:3;1:4:3;1:4:3,5,3,1,1,1,0,1,1,1,1,1,4,10,1
14326,0:4:3;1:4:3;1:4:3,5,4,1,1,1,0,1,1,1,1,1,4,10,1
14327,0:4:3;1:4:3;1:4:3,5,5,1,1,1,0,1,1,1,1,1,4,10,1
14328,1:1:1;1:1:1;1:1:1,0,0,0,0,0,1,0,0,0,0,0,0,1,6
14329,1:1:1;1:1:1;1:1:1,0,1,0,0,0,1,0,0,0,0,0,0,1,6
14330,1:1:1;1:1:1;1:1:1,0,2,0,0,0,1,0,0,0,0,0,0,1,6
14331,1:1:1;1:1:1;1:1:1,0,3,0,0,0,1,0,0,0,0,0,0,1,6
14332,1:1:1;1:1:1;1:1:1,0,4,0,0,0,1,0,0,0,0,0,0,1,6
14333,1:1:1;1:1:1;1:1:1,0,5,0,0,0,1,0,0,0,0,0,0,1,6
14334,1:1:1;1:1:1;1:1:1,1,0,0,0,0,1,0,0,0,0,0,0,4,6
14335,1:1:1;1:1:1;1:1:1,1,1,0,0,0,1,0,0,0,0,0,0,4,6
14336,1:1:1;1:1:1;1:1:1,1,2,0,0,0,1,0,0,0,0,0,0,4,6
14337,1:1:1;1:1:1;1:1:1,1,3,0,0,0,1,0,0,0,0,0,0,4,6
14338,1:1:1;1:1:1;1:1:1,1,4,0,0,0,1,0,0,0,0,0,0,4,6
14339,1:1:1;1:1:1;1:1:1,1,5,0,0,0,1,0,0,0,0,0,0,4,6
14340,1:1:1;1:1:1;1:1:1,2,0,0,0,0,1,0,0,0,0,0,0,7,6
14341,1:1:1;1:1:1;1:1:1,2,1,0,0,0,1,0,0,0,0,0,0,7,6
14342,1:1:1;1:1:1;1:1:1,2,2,0,0,0,1,0,0,0,0,0,0,7,6
14343,1:1:1;1:1:1;1:1:1,2,3,0,0,0,1,0,0,0,0,0,0,7,6
14344,1:1:1;1:1:1;1:1:1,2,4,0,0,0,1,0,0,0,0,0,0,7,6
14345,1:1:1;1:1:1;1:1:1,2,5,0,0,0,1,0,0,0,0,0,0,7,6
14346,1:1:1;1:1:1;1:1:1,3,0,1,1,1,0,1,1,1,1,1,4,4,1
14347,1:1:1;1:1:1;1:1:1,3,1,1,1,1,0,1,1,1,1,1,4,4,1
14348,1:1:1;1:1:1;1:1:1,3,2,1,1,1,0,1,1,1,1,1,4,4,1
14349,1:1:1;1:1:1;1:1:1,3,3,1,1,1,0,1,1,1,1,1,4,4,1
14350,1:1:1;1:1:1;1:1:1,3,4,1,1,1,0,1,1,1,1,1,4,4,1
14351,1:1:1;1:1:1;1:1:1,3,5,1,1,1,0,1,1,1,1,1,4,4,1
14352,1:1:1;1:1:1;1:1:1,4,0,1,1,1,0,1,1,1,1,1,4,4,1
14353,1:1:1;1:1:1;1:1:1,4,1,1,1,1,0,1,1,1,1,1,4,4,1
14354,1:1:1;1:1:1;1:1:1,4,2,1,1,1,0,1,1,1,1,1,4,4,1
14355,1:1:1;1:1:1;1:1:1,4,3,1,1,1,0,1,1,1,1,1,4,4,1
14356,1:1:1;1:1:1;1:1:1,4,4,1,1,1,0,1,1,1,1,1,4,4,1
14357,1:1:1;1:1:1;1:1:1,4,5,1,1,1,0,1,1,1,1,1,4,4,1
14358,1:1:1;1:1:1;1:1:1,5,0,1,1,1,0,1,1,1,1,1,4,4,1
14359,1:1:1;1:1:1;1:1:1,5,1,1,1,1,0,1,1,1,1,1,4,4,1
14360,1:1:1;1:1:1;1:1:1,5,2,1,1,1,0,1,1,1,1,1,4,4,1
14361,1:1:1;1:1:1;1:1:1,5,3,1,1,1,0,1,1,1,1,1,4,4,1
14362,1:1:1;1:1:1;1:1:1,5,4,1,1,1,0,1,1,1,1,1,4,4,1
14363,1:1:1;1:1:1;1:1:1,5,5,1,1,1,0,1,1,1,1,1,4,4,1
14364,1:1:1;1:1:1;1:2:1,0,0,0,0,0,1,0,0,0,0,0,0,1,6
14365,1:1:1;1:1:1;1:2:1,0,1,0,0,0,1,0,0,0,0,0,0,1,6
14366,1:1:1;1:1:1;1:2:1,0,2,0,0,0,1,0,0,0,0,0,0,1,6
14367,1:1:1;1:1:1;1:2:1,0,3,0,0,0,1,0,0,0,0,0,0,1,6
14368,1:1:1;1:1:1;1:2:1,0,4,0,0,0,1,0,0,0,0,0,0,1,6
14369,1:1:1;1:1:1;1:2:1,0,5,0,0,0,1,0,0,0,0,0,0,1,6
14370,1:1:1;1:1:1;1:2:1,1,0,0,0,0,1,0,0,0,0,0,0,4,6
14371,1:1:1;1:1:1;1:2:1,1,1,0,0,0,1,0,0,0,0,0,0,4,6
14372,1:1:1;1:1:1;1:2:1,1,2,0,0,0,1,0,0,0,0,0,0,4,6
14373,1:1:1;1:1:1;1:2:1,1,3,0,0,0,1,0,0,0,0,0,0,4,6
14374,1:1:1;1:1:1;1:2:1,1,4,0,0,0,1,0,0,0,0,0,0,4,6
14375,1:1:1;1:1:1;1:2:1,1,5,0,0,0,1,0,0,0,0,0,0,4,6
14376,1:1:1;1:1:1;1:2:1,2,0,0,0,0,1,0,0,0,0,0,0,7,6
14377,1:1:1;1:1:1;1:2:1,2,1,0,0,0,1,0,0,0,0,0,0,7,6
14378,1:1:1;1:1:1;1:2:1,2,2,0,0,0,1,0,0,0,0,0,0,7,6
14379,1:1:1;1:1:1;1:2:1,2,3,0,0,0,1,0,0,0,0,0,0,7,6
14380,1:1:1;1:1:1;1:2:1,2,4,0,0,0,1,0,0,0,0,0,0,7,6
14381,1:1:1;1:1:1;1:2:1,2,5,0,0,0,1,0,0,0,0,0,0,7,6
14382,1:1:1;1:1:1;1:2:1,3,0,1,1,1,0,1,1,1,1,1,4,4,1
14383,1:1:1;1:1:1;1:2:1,3,1,1,1,1,0,1,1,1,1,1,4,4,1
14384,1:1:1;1:1:1;1:2:1,3,2,1,1,1,0,1,1,1,1,1,4,4,1
14385,1:1:1;1:1:1;1:2:1,3,3,1,1,1,0,1,1,1,1,1,4,4,1
14386,1:1:1;1:1:1;1:2:1,3,4,1,1,1,0,1,1,1,1,1,4,4,1
14387,1:1:1;1:1:1;1:2:1,3,5,1,1,1,0,1,1,1,1,1,4,4,1
14388,1:1:1;1:1:1;1:2:1,4,0,1,1,1,0,1,1,1,1,1,4,4,1
14389,1:1:1;1:1:1;1:2:1,4,1,1,1,1,0,1,1,1,1,1,4,4,1
14390,1:1:1;1:1:1;1:2:1,4,2,1,1,1,0,1,1,1,1,1,4,4,1
14391,1:1:1;1:1:1;1:2:1,4,3,1,1,1,0,1,1,1,1,1,4,4,1
14392,1:1:1;1:1:1;1:2:1,4,4,1,1,1,0,1,1,1,1,1,4,4,1
14393,1:1:1;1:1:1;1:2:1,4,5,1,1,1,0,1,1,1,1,1,4,4,1
14394,1:1:1;1:1:1;1:2:1,5,0,1,1,1,0,1,1,1,1,1,4,4,1
14395,1:1:1;1:1:1;1:2:1,5,1,1,1,1,0,1,1,1,1,1,4,4,1
14396,1:1:1;1:1:1;1:2:1,5,2,1,1,1,0,1,1,1,1,1,4,4,1
14397,1:1:1;1:1:1;1:2:1,5,3,1,1,1,0,1,1,1,1,1,4,4,1
14398,1:1:1;1:1:1;1:2:1,5,4,1,1,1,0,1,1,1,1,1,4,4,1
14399,1:1:1;1:1:1;1:2:1,5,5,1,1,1,0,1,1,1,1,1,4,4,1
14400,1:1:1;1:1:1;1:2:2,0,0,0,0,0,1,0,0,0,0,0,0,1,6
14401,1:1:1;1:1:1;1:2:2,0,1,0,0,0,1,0,0,0,0,0,0,1,6
14402,1:1:1;1:1:1;1:2:2,0,2,0,0,0,1,0,0,0,0,0,0,1,6
14403,1:1:1;1:1:1;1:2:2,0,3,0,0,0,1,0,0,0,0,0,0,1,6
14404,1:1:1;1:1:1;1:2:2,0,4,0,0,0,1,0,0,0,0,0,0,1,6
14405,1:1:1;1:1:1;1:2:2,0,5,0,0,0,1,0,0,0,0,0,0,1,6
14406,1:1:1;1:1:1;1:2:2,1,0,0,0,0,1,0,0,0,0,0,0,4,6
14407,1:1:1;1:1:1;1:2:2,1,1,0,0,0,1,0,0,0,0,0,0,4,6
14408,1:1:1;1:1:1;1:2:2,1,2,0,0,0,1,0,0,0,0,0,0,4,6
14409,1:1:1;1:1:1;1:2:2,1,3,0,0,0,1,0,0,0,0,0,0,4,6
14410,1:1:1;1:1:1;1:2:2,1,4,0,0,0,1,0,0,0,0,0,0,4,6
14411,1:1:1;1:1:1;1:2:2,1,5,0,0,0,1,0,0,0,0,0,0,4,6
14412,1:1:1;1:1:1;1:2:2,2,0,0,0,0,1,0,0,0,0,0,0,8,6
14413,1:1:1;1:1:1;1:2:2,2,1,0,0,0,1,0,0,0,0,0,0,8,6
14414,1:1:1;1:1:1;1:2:2,2,2,0,0,0,1,0,0,0,0,0,0,8,6
14415,1:1:1;1:1:1;1:2:2,2,3,0,0,0,1,0,0,0,0,0,0,8,6
14416,1:1:1;1:1:1;1:2:2,2,4,0,0,0,1,0,0,0,0,0,0,8,6
14417,1:1:1;1:1:1;1:2:2,2,5,0,0,0,1,0,0,0,0,0,0,8,6
14418,1:1:1;1:1:1;1:2:2,3,0,0,0,0,1,0,0,0,0,0,0,11,6
14419,1:1:1;1:1:1;1:2:2,3,1,0,0,0,1,0,0,0,0,0,0,11,6
14420,1:1:1;1:1:1;1:2:2,3,2,0,0,0,1,0,0,0,0,0,0,11,6
14421,1:1:1;1:1:1;1:2:2,3,3,0,0,0,1,0,0,0,0,0,0,11,6
14422,1:1:1;1:1:1;1:2:2,3,4,0,0,0,1,0,0,0,0,0,0,11,6
14423,1:1:1;1:1:1;1:2:2,3,5,0,0,0,1,0,0,0,0,0,0,11,6
14424,1:1:1;1:1:1;1:2:2,4,0,1,1,1,0,1,1,1,1,1,4,5,1
14425,1:1:1;1:1:1;1:2:2,4,1,1,1,1,0,1,1,1,1,1,4,5,1
14426,1:1:1;1:1:1;1:2:2,4,2,1,1,1,0,1,1,1,1,1,4,5,1
14427,1:1:1;1:1:1;1:2:2,4,3,1,1,1,0,1,1,1,1,1,4,5,1
14428,1:1:1;1:1:1;1:2:2,4,4,1,1,1,0,1,1,1,1,1,4,5,1
14429,1:1:1;1:1:1;1:2:2,4,5,1,1,1,0,1,1,1,1,1,4,5,1
14430,1:1:1;1:1:1;1:2:2,5,0,1,1,1,0,1,1,1,1,1,4,5,1
14431,1:1:1;1:1:1;1:2:2,5,1,1,1,1,0,1,1,1,1,1,4,5,1
14432,1:1:1;1:1:1;1:2:2,5,2,1,1,1,0,1,1,1,1,1,4,5,1
14433,1:1:1;1:1:1;1:2:2,5,3,1,1,1,0,1,1,1,1,1,4,5,1
14434,1:1:1;1:1:1;1:2:2,5,4,1,1,1,0,1,1,1,1,1,4,5,1
14435,1:1:1;1:1:1;1:2:2,5,5,1,1,1,0,1,1,1,1,1,4,5,1
14436,1:1:1;1:1:1;1:3:2,0,0,0,0,0,1,0,0,0,0,0,0,1,6
14437,1:1:1;1:1:1;1:3:2,0,1,0,0,0,1,0,0,0,0,0,0,1,6
14438,1:1:1;1:1:1;1:3:2,0,2,0,0,0,1,0,0,0,0,0,0,1,6
14439,1:1:1;1:1:1;1:3:2,0,3,0,0,0,1,0,0,0,0,0,0,1,6
14440,1:1:1;1:1:1;1:3:2,0,4,0,0,0,1,0,0,0,0,0,0,1,6
14441,1:1:1;1:1:1;1:3:2,0,5,0,0,0,1,0,0,0,0,0,0,1,6
14442,1:1:1;1:1:1;1:3:2,1,0,0,0,0,1,0,0,0,0,0,0,4,6
14443,1:1:1;1:1:1;1:3:2,1,1,0,0,0,1,0,0,0,0,0,0,4,6
14444,1:1:1;1:1:1;1:3:2,1,2,0,0,0,1,0,0,0,0,0,0,4,6
14445,1:1:1;1:1:1;1:3:2,1,3,0,0,0,1,0,0,0,0,0,0,4,6
14446,1:1:1;1:1:1;1:3:2,1,4,0,0,0,1,0,0,0,0,0,0,4,6
14447,1:1:1;1:1:1;1:3:2,1,5,0,0,0,1,0,0,0,0,0,0,4,6
14448,1:1:1;1:1:1;1:3:2,2,0,0,0,0,1,0,0,0,0,0,0,8,6
14449,1:1:1;1:1:1;1:3:2,2,1,0,0,0,1,0,0,0,0,0,0,8,6
14450,1:1:1;1:1:1;1:3:2,2,2,0,0,0,1,0,0,0,0,0,0,8,6
14451,1:1:1;1:1:1;1:3:2,2,3,0,0,0,1,0,0,0,0,0,0,8,6
14452,1:1:1;1:1:1;1:3:2,2,4,0,0,0,1,0,0,0,0,0,0,8,6
14453,1:1:1;1:1:1;1:3:2,2,5,0,0,0,1,0,0,0,0,0,0,8,6
14454,1:1:1;1:1:1;1:3:2,3,0,0,0,0,1,0,0,0,0,0,0,11,6
14455,1:1:1;1:1:1;1:3:2,3,1,0,0,0,1,0,0,0,0,0,0,11,6
14456,1:1:1;1:1:1;1:3:2,3,2,0,0,0,1,0,0,0,0,0,0,11,6
14457,1:1:1;1:1:1;1:3:2,3,3,0,0,0,1,0,0,0,0,0,0,11,6
14458,1:1:1;1:1:1;1:3:2,3,4,0,0,0,1,0,0,0,0,0,0,11,6
14459,1:1:1;1:1:1;1:3:2,3,5,0,0,0,1,0,0,0,0,0,0,11,6
14460,1:1:1;1:1:1;1:3:2,4,0,1,1,1,0,1,1,1,1,1,4,5,1
14461,1:1:1;1:1:1;1:3:2,4,1,1,1,1,0,1,1,1,1,1,4,5,1
14462,1:1:1;1:1:1;1:3:2,4,2,1,1,1,0,1,1,1,1,1,4,5,1
14463,1:1:1;1:1:1;1:3:2,4,3,1,1,1,0,1,1,1,1,1,4,5,1
14464,1:1:1;1:1:1;1:3:2,4,4,1,1,1,0,1,1,1,1,1,4,5,1
14465,1:1:1;1:1:1;1:3:2,4,5,1,1,1,0,1,1,1,1,1,4,5,1
14466,1:1:1;1:1:1;1:3:2,5,0,1,1,1,0,1,1,1,1,1,4,5,1
14467,1:1:1;1:1:1;1:3:2,5,1,1,1,1,0,1,1,1,1,1,4,5,1
14468,1:1:1;1:1:1;1:3:2,5,2,1,1,1,0,1,1,1,1,1,4,5,1
14469,1:1:1;1:1:1;1:3:2,5,3,1,1,1,0,1,1,1,1,1,4,5,1
14470,1:1:1;1:1:1;1:3:2,5,4,1,1,1,0,1,1,1,1,1,4,5,1
14471,1:1:1;1:1:1;1:3:2,5,5,1,1,1,0,1,1,1,1,1,4,5,1
14472,1:1:1;1:1:1;1:3:3,0,0,0,0,0,1,0,0,0,0,0,0,1,6
14473,1:1:1;1:1:1;1:3:3,0,1,0,0,0,1,0,0,0,0,0,0,1,6
14474,1:1:1;1:1:1;1:3:3,0,2,0,0,0,1,0,0,0,0,0,0,1,6
14475,1:1:1;1:1:1;1:3:3,0,3,0,0,0,1,0,0,0,0,0,0,1,6
14476,1:1:1;1:1:1;1:3:3,0,4,0,0,0,1,0,0,0,0,0,0,1,6
14477,1:1:1;1:1:1;1:3:3,0,5,0,0,0,1,0,0,0,0,0,0,1,6
14478,1:1:1;1:1:1;1:3:3,1,0,0,0,0,1,0,0,0,0,0,0,4,6
14479,1:1:1;1:1:1;1:3:3,1,1,0,0,0,1,0,0,0,0,0,0,4,6
14480,1:1:1;1:1:1;1:3:3,1,2,0,0,0,1,0,0,0,0,0,0,4,6
14481,1:1:1;1:1:1;1:3:3,1,3,0,0,0,1,0,0,0,0,0,0,4,6
14482,1:1:1;1:1:1;1:3:3,1,4,0,0,0,1,0,0,0,0,0,0,4,6
14483,1:1:1;1:1:1;1:3:3,1,5,0,0,0,1,0,0,0,0,0,0,4,6
14484,1:1:1;1:1:1;1:3:3,2,0,0,0,0,1,0,0,0,0,0,0,8,6
14485,1:1:1;1:1:1;1:3:3,2,1,0,0,0,1,0,0,0,0,0,0,8,6
14486,1:1:1;1:1:1;1:3:3,2,2,0,0,0,1,0,0,0,0,0,0,8,6
14487,1:1:1;1:1:1;1:3:3,2,3,0,0,0,1,0,0,0,0,0,0,8,6
14488,1:1:1;1:1:1;1:3:3,2,4,0,0,0,1,0,0,0,0,0,0,8,6
14489,1:1:1;1:1:1;1:3:3,2,5,0,0,0,1,0,0,0,0,0,0,8,6
14490,1:1:1;1:1:1;1:3:3,3,0,0,0,0,1,0,0,0,0,0,0,12,6
14491,1:1:1;1:1:1;1:3:3,3,1,0,0,0,1,0,0,0,0,0,0,12,6
14492,1:1:1;1:1:1;1:3:3,3,2,0,0,0,1,0,0,0,0,0,0,12,6
14493,1:1:1;1:1:1;1:3:3,3,3,0,0,0,1,0,0,0,0,0,0,12,6
14494,1:1:1;1:1:1;1:3:3,3,4,0,0,0,1,0,0,0,0,0,0,12,6
14495,1:1:1;1:1:1;1:3:3,3,5,0,0,0,1,0,0,0,0,0,0,12,6
14496,1:1:1;1:1:1;1:3:3,4,0,0,0,0,1,0,0,0,0,0,0,15,6
14497,1:1:1;1:1:1;1:3:3,4,1,0,0,0,1,0,0,0,0,0,0,15,6
14498,1:1:1;1:1:1;1:3:3,4,2,0,0,0,1,0,0,0,0,0,0,15,6
14499,1:1:1;1:1:1;1:3:3,4,3,0,0,0,1,0,0,0,0,0,0,15,6
14500,1:1:1;1:1:1;1:3:3,4,4,0,0,0,1,0,0,0,0,0,0,15,6
14501,1:1:1;1:1:1;1:3:3,4,5,0,0,0,1,0,0,0,0,0,0,15,6
14502,1:1:1;1:1:1;1:3:3,5,0,1,1,1,0,1,1,1,1,1,4,6,1
14503,1:1:1;1:1:1;1:3:3,5,1,1,1,1,0,1,1,1,1,1,4,6,1
14504,1:1:1;1:1:1;1:3:3,5,2,1,1,1,0,1,1,1,1,1,4,6,1
14505,1:1:1;1:1:1;1:3:3,5,3,1,1,1,0,1,1,1,1,1,4,6,1
14506,1:1:1;1:1:1;1:3:3,5,4,1,1,1,0,1,1,1,1,1,4,6,1
14507,1:1:1;1:1:1;1:3:3,5,5,1,1,1,0,1,1,1,1,1,4,6,1
14508,1:1:1;1:1:1;1:4:3,0,0,0,0,0,1,0,0,0,0,0,0,1,6
14509,1:1:1;1:1:1;1:4:3,0,1,0,0,0,1,0,0,0,0,0,0,1,6
14510,1:1:1;1:1:1;1:4:3,0,2,0,0,0,1,0,0,0,0,0,0,1,6
14511,1:1:1;1:1:1;1:4:3,0,3,0,0,0,1,0,0,0,0,0,0,1,6
14512,1:1:1;1:1:1;1:4:3,0,4,0,0,0,1,0,0,0,0,0,0,1,6
14513,1:1:1;1:1:1;1:4:3,0,5,0,0,0,1,0,0,0,0,0,0,1,6
14514,1:1:1;1:1:1;1:4:3,1,0,0,0,0,1,0,0,0,0,0,0,4,6
14515,1:1:1;1:1:1;1:4:3,1,1,0,0,0,1,0,0,0,0,0,0,4,6
14516,1:1:1;1:1:1;1:4:3,1,2,0,0,0,1,0,0,0,0,0,0,4,6
14517,1:1:1;1:1:1;1:4:3,1,3,0,0,0,1,0,0,0,0,0,0,4,6
14518,1:1:1;1:1:1;1:4:3,1,4,0,0,0,1,0,0,0,0,0,0,4,6
14519,1:1:1;1:1:1;1:4:3,1,5,0,0,0,1,0,0,0,0,0,0,4,6
14520,1:1:1;1:1:1;1:4:3,2,0,0,0,0,1,0,0,0,0,0,0,8,6
14521,1:1:1;1:1:1;1:4:3,2,1,0,0,0,1,0,0,0,0,0,0,8,6
14522,1:1:1;1:1:1;1:4:3,2,2,0,0,0,1,0,0,0,0,0,0,8,6
14523,1:1:1;1:1:1;1:4:3,2,3,0,0,0,1,0,0,0,0,0,0,8,6
14524,1:1:1;1:1:1;1:4:3,2,4,0,0,0,1,0,0,0,0,0,0,8,6
14525,1:1:1;1:1:1;1:4:3,2,5,0,0,0,1,0,0,0,0,0,0,8,6
14526,1:1:1;1:1:1;1:4:3,3,0,0,0,0,1,0,0,0,0,0,0,12,6
14527,1:1:1;1:1:1;1:4:3,3,1,0,0,0,1,0,0,0,0,0,0,12,6
14528,1:1:1;1:1:1;1:4:3,3,2,0,0,0,1,0,0,0,0,0,0,12,6
14529,1:1:1;1:1:1;1:4:3,3,3,0,0,0,1,0,0,0,0,0,0,12,6
14530,1:1:1;1:1:1;1:4:3,3,4,0,0,0,1,0,0,0,0,0,0,12,6
14531,1:1:1;1:1:1;1:4:3,3,5,0,0,0,1,0,0,0,0,0,0,12,6
14532,1:1:1;1:1:1;1:4:3,4,0,0,0,0,1,0,0,0,0,0,0,15,6
14533,1:1:1;1:1:1;1:4:3,4,1,0,0,0,1,0,0,0,0,0,0,15,6
14534,1:1:1;1:1:1;1:4:3,4,2,0,0,0,1,0,0,0,0,0,0,15,6
14535,1:1:1;1:1:1;1:4:3,4,3,0,0,0,1,0,0,0,0,0,0,15,6
14536,1:1:1;1:1:1;1:4:3,4,4,0,0,0,1,0,0,0,0,0,0,15,6
14537,1:1:1;1:1:1;1:4:3,4,5,0,0,0,1,0,0,0,0,0,0,15,6
14538,1:1:1;1:1:1;1:4:3,5,0,1,1,1,0,1,1,1,1,1,4,6,1
14539,1:1:1;1:1:1;1:4:3,5,1,1,1,1,0,1,1,1,1,1,4,6,1
14540,1:1:1;1:1:1;1:4:3,5,2,1,1,1,0,1,1,1,1,1,4,6,1
14541,1:1:1;1:1:1;1:4:3,5,3,1,1,1,0,1,1,1,1,1,4,6,1
14542,1:1:1;1:1:1;1:4:3,5,4,1,1,1,0,1,1,1,1,1,4,6,1
14543,1:1:1;1:1:1;1:4:3,5,5,1,1,1,0,1,1,1,1,1,4,6,1
14544,1:1:1;1:2:1;1:2:1,0,0,0,0,0,1,0,0,0,0,0,0,1,6
14545,1:1:1;1:2:1;1:2:1,0,1,0,0,0,1,0,0,0,0,0,0,1,6
14546,1:1:1;1:2:1;1:2:1,0,2,0,0,0,1,0,0,0,0,0,0,1,6
14547,1:1:1;1:2:1;1:2:1,0,3,0,0,0,1,0,0,0,0,0,0,1,6
14548,1:1:1;1:2:1;1:2:1,0,4,0,0,0,1,0,0,0,0,0,0,1,6
14549,1:1:1;1:2:1;1:2:1,0,5,0,0,0,1,0,0,0,0,0,0,1,6
14550,1:1:1;1:2:1;1:2:1,1,0,0,0,0,1,0,0,0,0,0,0,4,6
14551,1:1:1;1:2:1;1:2:1,1,1,0,0,0,1,0,0,0,0,0,0,4,6
14552,1:1:1;1:2:1;1:2:1,1,2,0,0,0,1,0,0,0,0,0,0,4,6
14553,1:1:1;1:2:1;1:2:1,1,3,0,0,0,1,0,0,0,0,0,0,4,6
14554,1:1:1;1:2:1;1:2:1,1,4,0,0,0,1,0,0,0,0,0,0,4,6
14555,1:1:1;1:2:1;1:2:1,1,5,0,0,0,1,0,0,0,0,0,0,4,6
14556,1:1:1;1:2:1;1:2:1,2,0,0,0,0,1,0,0,0,0,0,0,7,6
14557,1:1:1;1:2:1;1:2:1,2,1,0,0,0,1,0,0,0,0,0,0,7,6
14558,1:1:1;1:2:1;1:2:1,2,2,0,0,0,1,0,0,0,0,0,0,7,6
14559,1:1:1;1:2:1;1:2:1,2,3,0,0,0,1,0,0,0,0,0,0,7,6
14560,1:1:1;1:2:1;1:2:1,2,4,0,0,0,1,0,0,0,0,0,0,7,6
14561,1:1:1;1:2:1;1:2:1,2,5,0,0,0,1,0,0,0,0,0,0,7,6
14562,1:1:1;1:2:1;1:2:1,3,0,1,1,1,0,1,1,1,1,1,4,4,1
14563,1:1:1;1:2:1;1:2:1,3,1,1,1,1,0,1,1,1,1,1,4,4,1
14564,1:1:1;1:2:1;1:2:1,3,2,1,1,1,0,1,1,1,1,1,4,4,1
14565,1:1:1;1:2:1;1:2:1,3,3,1,1,1,0,1,1,1,1,1,4,4,1
14566,1:1:1;1:2:1;1:2:1,3,4,1,1,1,0,1,1,1,1,1,4,4,1
14567,1:1:1;1:2:1;1:2:1,3,5,1,1,1,0,1,1,1,1,1,4,4,1
14568,1:1:1;1:2:1;1:2:1,4,0,1,1,1,0,1,1,1,1,1,4,4,1
14569,1:1:1;1:2:1;1:2:1,4,1,1,1,1,0,1,1,1,1,1,4,4,1
14570,1:1:1;1:2:1;1:2:1,4,2,1,1,1,0,1,1,1,1,1,4,4,1
14571,1:1:1;1:2:1;1:2:1,4,3,1,1,1,0,1,1,1,1,1,4,4,1
14572,1:1:1;1:2:1;1:2:1,4,4,1,1,1,0,1,1,1,1,1,4,4,1
14573,1:1:1;1:2:1;1:2:1,4,5,1,1,1,0,1,1,1,1,1,4,4,1
14574,1:1:1;1:2:1;1:2:1,5,0,1,1,1,0,1,1,1,1,1,4,4,1
14575,1:1:1;1:2:1;1:2:1,5,1,1,1,1,0,1,1,1,1,1,4,4,1
14576,1:1:1;1:2:1;1:2:1,5,2,1,1,1,0,1,1,1,1,1,4,4,1
14577,1:1:1;1:2:1;1:2:1,5,3,1,1,1,0,1,1,1,1,1,4,4,1
14578,1:1:1;1:2:1;1:2:1,5,4,1,1,1,0,1,1,1,1,1,4,4,1
14579,1:1:1;1:2:1;1:2:1,5,5,1,1,1,0,1,1,1,1,1,4,4,1
14580,1:1:1;1:2:1;1:2:2,0,0,0,0,0,1,0,0,0,0,0,0,1,6
14581,1:1:1;1:2:1;1:2:2,0,1,0,0,0,1,0,0,0,0,0,0,1,6
14582,1:1:1;1:2:1;1:2:2,0,2,0,0,0,1,0,0,0,0,0,0,1,6
14583,1:1:1;1:2:1;1:2:2,0,3,0,0,0,1,0,0,0,0,0,0,1,6
14584,1:1:1;1:2:1;1:2:2,0,4,0,0,0,1,0,0,0,0,0,0,1,6
14585,1:1:1;1:2:1;1:2:2,0,5,0,0,0,1,0,0,0,0,0,0,1,6
14586,1:1:1;1:2:1;1:2:2,1,0,0,0,0,1,0,0,0,0,0,0,4,6
14587,1:1:1;1:2:1;1:2:2,1,1,0,0,0,1,0,0,0,0,0,0,4,6
14588,1:1:1;1:2:1;1:2:2,1,2,0,0,0,1,0,0,0,0,0,0,4,6
14589,1:1:1;1:2:1;1:2:2,1,3,0,0,0,1,0,0,0,0,0,0,4,6
14590,1:1:1;1:2:1;1:2:2,1,4,0,0,0,1,0,0,0,0,0,0,4,6
14591,1:1:1;1:2:1;1:2:2,1,5,0,0,0,1,0,0,0,0,0,0,4,6
14592,1:1:1;1:2:1;1:2:2,2,0,0,0,0,1,0,0,0,0,0,0,8,6
14593,1:1:1;1:2:1;1:2:2,2,1,0,0,0,1,0,0,0,0,0,0,8,6
14594,1:1:1;1:2:1;1:2:2,2,2,0,0,0,1,0,0,0,0,0,0,8,6
14595,1:1:1;1:2:1;1:2:2,2,3,0,0,0,1,0,0,0,0,0,0,8,6
14596,1:1:1;1:2:1;1:2:2,2,4,0,0,0,1,0,0,0,0,0,0,8,6
14597,1:1:1;1:2:1;1:2:2,2,5,0,0,0,1,0,0,0,0,0,0,8,6
14598,1:1:1;1:2:1;1:2:2,3,0,0,0,0,1,0,0,0,0,0,0,11,6
14599,1:1:1;1:2:1;1:2:2,3,1,0,0,0,1,0,0,0,0,0,0,11,6
14600,1:1:1;1:2:1;1:2:2,3,2,0,0,0,1,0,0,0,0,0,0,11,6
14601,1:1:1;1:2:1;1:2:2,3,3,0,0,0,1,0,0,0,0,0,0,11,6
14602,1:1:1;1:2:1;1:2:2,3,4,0,0,0,1,0,0,0,0,0,0,11,6
14603,1:1:1;1:2:1;1:2:2,3,5,0,0,0,1,0,0,0,0,0,0,11,6
14604,1:1:1;1:2:1;1:2:2,4,0,1,1,1,0,1,1,1,1,1,4,5,1
14605,1:1:1;1:2:1;1:2:2,4,1,1,1,1,0,1,1,1,1,1,4,5,1
14606,1:1:1;1:2:1;1:2:2,4,2,1,1,1,0,1,1,1,1,1,4,5,1
14607,1:1:1;1:2:1;1:2:2,4,3,1,1,1,0,1,1,1,1,1,4,5,1
14608,1:1:1;1:2:1;1:2:2,4,4,1,1,1,0,1,1,1,1,1,4,5,1
14609,1:1:1;1:2:1;1:2:2,4,5,1,1,1,0,1,1,1,1,1,4,5,1
14610,1:1:1;1:2:1;1:2:2,5,0,1,1,1,0,1,1,1,1,1,4,5,1
14611,1:1:1;1:2:1;1:2:2,5,1,1,1,1,0,1,1,1,1,1,4,5,1
14612,1:1:1;1:2:1;1:2:2,5,2,1,1,1,0,1,1,1,1,1,4,5,1
14613,1:1:1;1:2:1;1:2:2,5,3,1,1,1,0,1,1,1,1,1,4,5,1
14614,1:1:1;1:2:1;1:2:2,5,4,1,1,1,0,1,1,1,1,1,4,5,1
14615,1:1:1;1:2:1;1:2:2,5,5,1,1,1,0,1,1,1,1,1,4,5,1
14616,1:1:1;1:2:1;1:3:2,0,0,0,0,0,1,0,0,0,0,0,0,1,6
14617,1:1:1;1:2:1;1:3:2,0,1,0,0,0,1,0,0,0,0,0,0,1,6
14618,1:1:1;1:2:1;1:3:2,0,2,0,0,0,1,0,0,0,0,0,0,1,6
14619,1:1:1;1:2:1;1:3:2,0,3,0,0,0,1,0,0,0,0,0,0,1,6
14620,1:1:1;1:2:1;1:3:2,0,4,0,0,0,1,0,0,0,0,0,0,1,6
14621,1:1:1;1:2:1;1:3:2,0,5,0,0,0,1,0,0,0,0,0,0,1,6
14622,1:1:1;1:2:1;1:3:2,1,0,0,0,0,1,0,0,0,0,0,0,4,6
14623,1:1:1;1:2:1;1:3:2,1,1,0,0,0,1,0,0,0,0,0,0,4,6
14624,1:1:1;1:2:1;1:3:2,1,2,0,0,0,1,0,0,0,0,0,0,4,6
14625,1:1:1;1:2:1;1:3:2,1,3,0,0,0,1,0,0,0,0,0,0,4,6
14626,1:1:1;1:2:1;1:3:2,1,4,0,0,0,1,0,0,0,0,0,0,4,6
14627,1:1:1;1:2:1;1:3:2,1,5,0,0,0,1,0,0,0,0,0,0,4,6
14628,1:1:1;1:2:1;1:3:2,2,0,0,0,0,1,0,0,0,0,0,0,8,6
14629,1:1:1;1:2:1;1:3:2,2,1,0,0,0,1,0,0,0,0,0,0,8,6
14630,1:1:1;1:2:1;1:3:2,2,2,0,0,0,1,0,0,0,0,0,0,8,6
14631,1:1:1;1:2:1;1:3:2,2,3,0,0,0,1,0,0,0,0,0,0,8,6
14632,1:1:1;1:2:1;1:3:2,2,4,0,0,0,1,0,0,0,0,0,0,8,6
14633,1:1:1;1:2:1;1:3:2,2,5,0,0,0,1,0,0,0,0,0,0,8,6
14634,1:1:1;1:2:1;1:3:2,3,0,0,0,0,1,0,0,0,0,0,0,11,6
14635,1:1:1;1:2:1;1:3:2,3,1,0,0,0,1,0,0,0,0,0,0,11,6
14636,1:1:1;1:2:1;1:3:2,3,2,0,0,0,1,0,0,0,0,0,0,11,6
14637,1:1:1;1:2:1;1:3:2,3,3,0,0,0,1,0,0,0,0,0,0,11,6
14638,1:1:1;1:2:1;1:3:2,3,4,0,0,0,1,0,0,0,0,0,0,11,6
14639,1:1:1;1:2:1;1:3:2,3,5,0,0,0,1,0,0,0,0,0,0,11,6
14640,1:1:1;1:2:1;1:3:2,4,0,1,1,1,0,1,1,1,1,1,4,5,1
14641,1:1:1;1:2:1;1:3:2,4,1,1,1,1,0,1,1,1,1,1,4,5,1
14642,1:1:1;1:2:1;1:3:2,4,2,1,1,1,0,1,1,1,1,1,4,5,1
14643,1:1:1;1:2:1;1:3:2,4,3,1,1,1,0,1,1,1,1,1,4,5,1
14644,1:1:1;1:2:1;1:3:2,4,4,1,1,1,0,1,1,1,1,1,4,5,1
14645,1:1:1;1:2:1;1:3:2,4,5,1,1,1,0,1,1,1,1,1,4,5,1
14646,1:1:1;1:2:1;1:3:2,5,0,1,1,1,0,1,1,1,1,1,4,5,1
14647,1:1:1;1:2:1;1:3:2,5,1,1,1,1,0,1,1,1,1,1,4,5,1
14648,1:1:1;1:2:1;1:3:2,5,2,1,1,1,0,1,1,1,1,1,4,5,1
14649,1:1:1;1:2:1;1:3:2,5,3,1,1,1,0,1,1,1,1,1,4,5,1
14650,1:1:1;1:2:1;1:3:2,5,4,1,1,1,0,1,1,1,1,1,4,5,1
14651,1:1:1;1:2:1;1:3:2,5,5,1,1,1,0,1,1,1,1,1,4,5,1
14652,1:1:1;1:2:1;1:3:3,0,0,0,0,0,1,0,0,0,0,0,0,1,6
14653,1:1:1;1:2:1;1:3:3,0,1,0,0,0,1,0,0,0,0,0,0,1,6
14654,1:1:1;1:2:1;1:3:3,0,2,0,0,0,1,0,0,0,0,0,0,1,6
14655,1:1:1;1:2:1;1:3:3,0,3,0,0,0,1,0,0,0,0,0,0,1,6
14656,1:1:1;1:2:1;1:3:3,0,4,0,0,0,1,0,0,0,0,0,0,1,6
14657,1:1:1;1:2:1;1:3:3,0,5,0,0,0,1,0,0,0,0,0,0,1,6
14658,1:1:1;1:2:1;1:3:3,1,0,0,0,0,1,0,0,0,0,0,0,4,6
14659,1:1:1;1:2:1;1:3:3,1,1,0,0,0,1,0,0,0,0,0,0,4,6
14660,1:1:1;1:2:1;1:3:3,1,2,0,0,0,1,0,0,0,0,0,0,4,6
14661,1:1:1;1:2:1;1:3:3,1,3,0,0,0,1,0,0,0,0,0,0,4,6
14662,1:1:1;1:2:1;1:3:3,1,4,0,0,0,1,0,0,0,0,0,0,4,6
14663,1:1:1;1:2:1;1:3:3,1,5,0,0,0,1,0,0,0,0,0,0,4,6
14664,1:1:1;1:2:1;1:3:3,2,0,0,0,0,1,0,0,0,0,0,0,8,6
14665,1:1:1;1:2:1;1:3:3,2,1,0,0,0,1,0,0,0,0,0,0,8,6
14666,1:1:1;1:2:1;1:3:3,2,2,0,0,0,1,0,0,0,0,0,0,8,6
14667,1:1:1;1:2:1;1:3:3,2,3,0,0,0,1,0,0,0,0,0,0,8,6
14668,1:1:1;1:2:1;1:3:3,2,4,0,0,0,1,0,0,0,0,0,0,8,6
14669,1:1:1;1:2:1;1:3:3,2,5,0,0,0,1,0,0,0,0,0,0,8,6
14670,1:1:1;1:2:1;1:3:3,3,0,0,0,0,1,0,0,0,0,0,0,12,6
14671,1:1:1;1:2:1;1:3:3,3,1,0,0,0,1,0,0,0,0,0,0,12,6
14672,1:1:1;1:2:1;1:3:3,3,2,0,0,0,1,0,0,0,0,0,0,12,6
14673,1:1:1;1:2:1;1:3:3,3,3,0,0,0,1,0,0,0,0,0,0,12,6
14674,1:1:1;1:2:1;1:3:3,3,4,0,0,0,1,0,0,0,0,0,0,12,6
14675,1:1:1;1:2:1;1:3:3,3,5,0,0,0,1,0,0,0,0,0,0,12,6
14676,1:1:1;1:2:1;1:3:3,4,0,0,0,0,1,0,0,0,0,0,0,15,6
14677,1:1:1;1:2:1;1:3:3,4,1,0,0,0,1,0,0,0,0,0,0,15,6
14678,1:1:1;1:2:1;1:3:3,4,2,0,0,0,1,0,0,0,0,0,0,15,6
14679,1:1:1;1:2:1;1:3:3,4,3,0,0,0,1,0,0,0,0,0,0,15,6
14680,1:1:1;1:2:1;1:3:3,4,4,0,0,0,1,0,0,0,0,0,0,15,6
14681,1:1:1;1:2:1;1:3:3,4,5,0,0,0,1,0,0,0,0,0,0,15,6
14682,1:1:1;1:2:1;1:3:3,5,0,1,1,1,0,1,1,1,1,1,4,6,1
14683,1:1:1;1:2:1;1:3:3,5,1,1,1,1,0,1,1,1,1,1,4,6,1
14684,1:1:1;1:2:1;1:3:3,5,2,1,1,1,0,1,1,1,1,1,4,6,1
14685,1:1:1;1:2:1;1:3:3,5,3,1,1,1,0,1,1,1,1,1,4,6,1
14686,1:1:1;1:2:1;1:3:3,5,4,1,1,1,0,1,1,1,1,1,4,6,1
14687,1:1:1;1:2:1;1:3:3,5,5,1,1,1,0,1,1,1,1,1,4,6,1
14688,1:1:1;1:2:1;1:4:3,0,0,0,0,0,1,0,0,0,0,0,0,1,6
14689,1:1:1;1:2:1;1:4:3,0,1,0,0,0,1,0,0,0,0,0,0,1,6
14690,1:1:1;1:2:1;1:4:3,0,2,0,0,0,1,0,0,0,0,0,0,1,6
14691,1:1:1;1:2:1;1:4:3,0,3,0,0,0,1,0,0,0,0,0,0,1,6
14692,1:1:1;1:2:1;1:4:3,0,4,0,0,0,1,0,0,0,0,0,0,1,6
14693,1:1:1;1:2:1;1:4:3,0,5,0,0,0,1,0,0,0,0,0,0,1,6
14694,1:1:1;1:2:1;1:4:3,1,0,0,0,0,1,0,0,0,0,0,0,4,6
14695,1:1:1;1:2:1;1:4:3,1,1,0,0,0,1,0,0,0,0,0,0,4,6
14696,1:1:1;1:2:1;1:4:3,1,2,0,0,0,1,0,0,0,0,0,0,4,6
14697,1:1:1;1:2:1;1:4:3,1,3,0,0,0,1,0,0,0,0,0,0,4,6
14698,1:1:1;1:2:1;1:4:3,1,4,0,0,0,1,0,0,0,0,0,0,4,6
14699,1:1:1;1:2:1;1:4:3,1,5,0,0,0,1,0,0,0,0,0,0,4,6
14700,1:1:1;1:2:1;1:4:3,2,0,0,0,0,1,0,0,0,0,0,0,8,6
14701,1:1:1;1:2:1;1:4:3,2,1,0,0,0,1,0,0,0,0,0,0,8,6
14702,1:1:1;1:2:1;1:4:3,2,2,0,0,0,1,0,0,0,0,0,0,8,6
14703,1:1:1;1:2:1;1:4:3,2,3,0,0,0,1,0,0,0,0,0,0,8,6
14704,1:1:1;1:2:1;1:4:3,2,4,0,0,0,1,0,0,0,0,0,0,8,6
14705,1:1:1;1:2:1;1:4:3,2,5,0,0,0,1,0,0,0,0,0,0,8,6
14706,1:1:1;1:2:1;1:4:3,3,0,0,0,0,1,0,0,0,0,0,0,12,6
14707,1:1:1;1:2:1;1:4:3,3,1,0,0,0,1,0,0,0,0,0,0,12,6
14708,1:1:1;1:2:1;1:4:3,3,2,0,0,0,1,0,0,0,0,0,0,12,6
14709,1:1:1;1:2:1;1:4:3,3,3,0,0,0,1,0,0,0,0,0,0,12,6
14710,1:1:1;1:2:1;1:4:3,3,4,0,0,0,1,0,0,0,0,0,0,12,6
14711,1:1:1;1:2:1;1:4:3,3,5,0,0,0,1,0,0,0,0,0,0,12,6
14712,1:1:1;1:2:1;1:4:3,4,0,0,0,0,1,0,0,0,0,0,0,15,6
14713,1:1:1;1:2:1;1:4:3,4,1,0,0,0,1,0,0,0,0,0,0,15,6
14714,1:1:1;1:2:1;1:4:3,4,2,0,0,0,1,0,0,0,0,0,0,15,6
14715,1:1:1;1:2:1;1:4:3,4,3,0,0,0,1,0,0,0,0,0,0,15,6
14716,1:1:1;1:2:1;1:4:3,4,4,0,0,0,1,0,0,0,0,0,0,15,6
14717,1:1:1;1:2:1;1:4:3,4,5,0,0,0,1,0,0,0,0,0,0,15,6
14718,1:1:1;1:2:1;1:4:3,5,0,1,1,1,0,1,1,1,1,1,4,6,1
14719,1:1:1;1:2:1;1:4:3,5,1,1,1,1,0,1,1,1,1,1,4,6,1
14720,1:1:1;1:2:1;1:4:3,5,2,1,1,1,0,1,1,1,1,1,4,6,1
14721,1:1:1;1:2:1;1:4:3,5,3,1,1,1,0,1,1,1,1,1,4,6,1
14722,1:1:1;1:2:1;1:4:3,5,4,1,1,1,0,1,1,1,1,1,4,6,1
14723,1:1:1;1:2:1;1:4:3,5,5,1,1,1,0,1,1,1,1,1,4,6,1
14724,1:1:1;1:2:2;1:2:2,0,0,0,0,0,1,0,0,0,0,0,0,1,6
14725,1:1:1;1:2:2;1:2:2,0,1,0,0,0,1,0,0,0,0,0,0,1,6
14726,1:1:1;1:2:2;1:2:2,0,2,0,0,0,1,0,0,0,0,0,0,1,6
14727,1:1:1;1:2:2;1:2:2,0,3,0,0,0,1,0,0,0,0,0,0,1,6
14728,1:1:1;1:2:2;1:2:2,0,4,0,0,0,1,0,0,0,0,0,0,1,6
14729,1:1:1;1:2:2;1:2:2,0,5,0,0,0,1,0,0,0,0,0,0,1,6
14730,1:1:1;1:2:2;1:2:2,1,0,0,0,0,1,0,0,0,0,0,0,4,6
14731,1:1:1;1:2:2;1:2:2,1,1,0,0,0,1,0,0,0,0,0,0,4,6
14732,1:1:1;1:2:2;1:2:2,1,2,0,0,0,1,0,0,0,0,0,0,4,6
14733,1:1:1;1:2:2;1:2:2,1,3,0,0,0,1,0,0,0,0,0,0,4,6
14734,1:1:1;1:2:2;1:2:2,1,4,0,0,0,1,0,0,0,0,0,0,4,6
14735,1:1:1;1:2:2;1:2:2,1,5,0,0,0,1,0,0,0,0,0,0,4,6
14736,1:1:1;1:2:2;1:2:2,2,0,0,0,0,1,0,0,0,0,0,0,9,6
14737,1:1:1;1:2:2;1:2:2,2,1,0,0,0,1,0,0,0,0,0,0,9,6
14738,1:1:1;1:2:2;1:2:2,2,2,0,0,0,1,0,0,0,0,0,0,9,6
14739,1:1:1;1:2:2;1:2:2,2,3,0,0,0,1,0,0,0,0,0,0,9,6
14740,1:1:1;1:2:2;1:2:2,2,4,0,0,0,1,0,0,0,0,0,0,9,6
14741,1:1:1;1:2:2;1:2:2,2,5,0,0,0,1,0,0,0,0,0,0,9,6
14742,1:1:1;1:2:2;1:2:2,3,0,0,0,0,1,0,0,0,0,0,0,14,6
14743,1:1:1;1:2:2;1:2:2,3,1,0,0,0,1,0,0,0,0,0,0,14,6
14744,1:1:1;1:2:2;1:2:2,3,2,0,0,0,1,0,0,0,0,0,0,14,6
14745,1:1:1;1:2:2;1:2:2,3,3,0,0,0,1,0,0,0,0,0,0,14,6
14746,1:1:1;1:2:2;1:2:2,3,4,0,0,0,1,0,0,0,0,0,0,14,6
14747,1:1:1;1:2:2;1:2:2,3,5,0,0,0,1,0,0,0,0,0,0,14,6
14748,1:1:1;1:2:2;1:2:2,4,0,0,0,0,1,0,0,0,0,0,0,17,6
14749,1:1:1;1:2:2;1:2:2,4,1,0,0,0,1,0,0,0,0,0,0,17,6
14750,1:1:1;1:2:2;1:2:2,4,2,0,0,0,1,0,0,0,0,0,0,17,6
14751,1:1:1;1:2:2;1:2:2,4,3,0,0,0,1,0,0,0,0,0,0,17,6
14752,1:1:1;1:2:2;1:2:2,4,4,0,0,0,1,0,0,0,0,0,0,17,6
14753,1:1:1;1:2:2;1:2:2,4,5,0,0,0,1,0,0,0,0,0,0,17,6
14754,1:1:1;1:2:2;1:2:2,5,0,1,1,1,0,1,1,1,1,1,4,6,1
14755,1:1:1;1:2:2;1:2:2,5,1,1,1,1,0,1,1,1,1,1,4,6,1
14756,1:1:1;1:2:2;1:2:2,5,2,1,1,1,0,1,1,1,1,1,4,6,1
14757,1:1:1;1:2:2;1:2:2,5,3,1,1,1,0,1,1,1,1,1,4,6,1
14758,1:1:1;1:2:2;1:2:2,5,4,1,1,1,0,1,1,1,1,1,4,6,1
14759,1:1:1;1:2:2;1:2:2,5,5,1,1,1,0,1,1,1,1,1,4,6,1
14760,1:1:1;1:2:2;1:3:2,0,0,0,0,0,1,0,0,0,0,0,0,1,6
14761,1:1:1;1:2:2;1:3:2,0,1,0,0,0,1,0,0,0,0,0,0,1,6
14762,1:1:1;1:2:2;1:3:2,0,2,0,0,0,1,0,0,0,0,0,0,1,6
14763,1:1:1;1:2:2;1:3:2,0,3,0,0,0,1,0,0,0,0,0,0,1,6
14764,1:1:1;1:2:2;1:3:2,0,4,0,0,0,1,0,0,0,0,0,0,1,6
14765,1:1:1;1:2:2;1:3:2,0,5,0,0,0,1,0,0,0,0,0,0,1,6
14766,1:1:1;1:2:2;1:3:2,1,0,0,0,0,1,0,0,0,0,0,0,4,6
14767,1:1:1;1:2:2;1:3:2,1,1,0,0,0,1,0,0,0,0,0,0,4,6
14768,1:1:1;1:2:2;1:3:2,1,2,0,0,0,1,0,0,0,0,0,0,4,6
14769,1:1:1;1:2:2;1:3:2,1,3,0,0,0,1,0,0,0,0,0,0,4,6
14770,1:1:1;1:2:2;1:3:2,1,4,0,0,0,1,0,0,0,0,0,0,4,6
14771,1:1:1;1:2:2;1:3:2,1,5,0,0,0,1,0,0,0,0,0,0,4,6
14772,1:1:1;1:2:2;1:3:2,2,0,0,0,0,1,0,0,0,0,0,0,9,6
14773,1:1:1;1:2:2;1:3:2,2,1,0,0,0,1,0,0,0,0,0,0,9,6
14774,1:1:1;1:2:2;1:3:2,2,2,0,0,0,1,0,0,0,0,0,0,9,6
14775,1:1:1;1:2:2;1:3:2,2,3,0,0,0,1,0,0,0,0,0,0,9,6
14776,1:1:1;1:2:2;1:3:2,2,4,0,0,0,1,0,0,0,0,0,0,9,6
14777,1:1:1;1:2:2;1:3:2,2,5,0,0,0,1,0,0,0,0,0,0,9,6
14778,1:1:1;1:2:2;1:3:2,3,0,0,0,0,1,0,0,0,0,0,0,14,6
14779,1:1:1;1:2:2;1:3:2,3,1,0,0,0,1,0,0,0,0,0,0,14,6
14780,1:1:1;1:2:2;1:3:2,3,2,0,0,0,1,0,0,0,0,0,0,14,6
14781,1:1:1;1:2:2;1:3:2,3,3,0,0,0,1,0,0,0,0,0,0,14,6
14782,1:1:1;1:2:2;1:3:2,3,4,0,0,0,1,0,0,0,0,0,0,14,6
14783,1:1:1;1:2:2;1:3:2,3,5,0,0,0,1,0,0,0,0,0,0,14,6
14784,1:1:1;1:2:2;1:3:2,4,0,0,0,0,1,0,0,0,0,0,0,17,6
14785,1:1:1;1:2:2;1:3:2,4,1,0,0,0,1,0,0,0,0,0,0,17,6
14786,1:1:1;1:2:2;1:3:2,4,2,0,0,0,1,0,0,0,0,0,0,17,6
14787,1:1:1;1:2:2;1:3:2,4,3,0,0,0,1,0,0,0,0,0,0,17,6
14788,1:1:1;1:2:2;1:3:2,4,4,0,0,0,1,0,0,0,0,0,0,17,6
14789,1:1:1;1:2:2;1:3:2,4,5,0,0,0,1,0,0,0,0,0,0,17,6
14790,1:1:1;1:2:2;1:3:2,5,0,1,1,1,0,1,1,1,1,1,4,6,1
14791,1:1:1;1:2:2;1:3:2,5,1,1,1,1,0,1,1,1,1,1,4,6,1
14792,1:1:1;1:2:2;1:3:2,5,2,1,1,1,0,1,1,1,1,1,4,6,1
14793,1:1:1;1:2:2;1:3:2,5,3,1,1,1,0,1,1,1,1,1,4,6,1
14794,1:1:1;1:2:2;1:3:2,5,4,1,1,1,0,1,1,1,1,1,4,6,1
14795,1:1:1;1:2:2;1:3:2,5,5,1,1,1,0,1,1,1,1,1,4,6,1
14796,1:1:1;1:2:2;1:3:3,0,0,0,0,0,1,0,0,0,0,0,0,1,6
14797,1:1:1;1:2:2;1:3:3,0,1,0,0,0,1,0,0,0,0,0,0,1,6
14798,1:1:1;1:2:2;1:3:3,0,2,0,0,0,1,0,0,0,0,0,0,1,6
14799,1:1:1;1:2:2;1:3:3,0,3,0,0,0,1,0,0,0,0,0,0,1,6
14800,1:1:1;1:2:2;1:3:3,0,4,0,0,0,1,0,0,0,0,0,0,1,6
14801,1:1:1;1:2:2;1:3:3,0,5,0,0,0,1,0,0,0,0,0,0,1,6
14802,1:1:1;1:2:2;1:3:3,1,0,0,0,0,1,0,0,0,0,0,0,4,6
14803,1:1:1;1:2:2;1:3:3,1,1,0,0,0,1,0,0,0,0,0,0,4,6
14804,1:1:1;1:2:2;1:3:3,1,2,0,0,0,1,0,0,0,0,0,0,4,6
14805,1:1:1;1:2:2;1:3:3,1,3,0,0,0,1,0,0,0,0,0,0,4,6
14806,1:1:1;1:2:2;1:3:3,1,4,0,0,0,1,0,0,0,0,0,0,4,6
14807,1:1:1;1:2:2;1:3:3,1,5,0,0,0,1,0,0,0,0,0,0,4,6
14808,1:1:1;1:2:2;1:3:3,2,0,0,0,0,1,0,0,0,0,0,0,9,6
14809,1:1:1;1:2:2;1:3:3,2,1,0,0,0,1,0,0,0,0,0,0,9,6
14810,1:1:1;1:2:2;1:3:3,2,2,0,0,0,1,0,0,0,0,0,0,9,6
14811,1:1:1;1:2:2;1:3:3,2,3,0,0,0,1,0,0,0,0,0,0,9,6
14812,1:1:1;1:2:2;1:3:3,2,4,0,0,0,1,0,0,0,0,0,0,9,6
14813,1:1:1;1:2:2;1:3:3,2,5,0,0,0,1,0,0,0,0,0,0,9,6
14814,1:1:1;1:2:2;1:3:3,3,0,0,0,0,1,0,0,0,0,0,0,15,6
14815,1:1:1;1:2:2;1:3:3,3,1,0,0,0,1,0,0,0,0,0,0,15,6
14816,1:1:1;1:2:2;1:3:3,3,2,0,0,0,1,0,0,0,0,0,0,15,6
14817,1:1:1;1:2:2;1:3:3,3,3,0,0,0,1,0,0,0,0,0,0,15,6
14818,1:1:1;1:2:2;1:3:3,3,4,0,0,0,1,0,0,0,0,0,0,15,6
14819,1:1:1;1:2:2;1:3:3,3,5,0,0,0,1,0,0,0,0,0,0,15,6
14820,1:1:1;1:2:2;1:3:3,4,0,0,0,0,1,0,0,0,0,0,0,20,6
14821,1:1:1;1:2:2;1:3:3,4,1,0,0,0,1,0,0,0,0,0,0,20,6
14822,1:1:1;1:2:2;1:3:3,4,2,0,0,0,1,0,0,0,0,0,0,20,6
14823,1:1:1;1:2:2;1:3:3,4,3,0,0,0,1,0,0,0,0,0,0,20,6
14824,1:1:1;1:2:2;1:3:3,4,4,0,0,0,1,0,0,0,0,0,0,20,6
14825,1:1:1;1:2:2;1:3:3,4,5,0,0,0,1,0,0,0,0,0,0,20,6
14826,1:1:1;1:2:2;1:3:3,5,0,0,0,0,1,0,0,0,0,0,0,23,6
14827,1:1:1;1:2:2;1:3:3,5,1,0,0,0,1,0,0,0,0,0,0,23,6
14828,1:1:1;1:2:2;1:3:3,5,2,0,0,0,1,0,0,0,0,0,0,23,6
14829,1:1:1;1:2:2;1:3:3,5,3,0,0,0,1,0,0,0,0,0,0,23,6
14830,1:1:1;1:2:2;1:3:3,5,4,0,0,0,1,0,0,0,0,0,0,23,6
14831,1:1:1;1:2:2;1:3:3,5,5,0,0,0,1,0,0,0,0,0,0,23,6
14832,1:1:1;1:2:2;1:4:3,0,0,0,0,0,1,0,0,0,0,0,0,1,6
14833,1:1:1;1:2:2;1:4:3,0,1,0,0,0,1,0,0,0,0,0,0,1,6
14834,1:1:1;1:2:2;1:4:3,0,2,0,0,0,1,0,0,0,0,0,0,1,6
14835,1:1:1;1:2:2;1:4:3,0,3,0,0,0,1,0,0,0,0,0,0,1,6
14836,1:1:1;1:2:2;1:4:3,0,4,0,0,0,1,0,0,0,0,0,0,1,6
14837,1:1:1;1:2:2;1:4:3,0,5,0,0,0,1,0,0,0,0,0,0,1,6
14838,1:1:1;1:2:2;1:4:3,1,0,0,0,0,1,0,0,0,0,0,0,4,6
14839,1:1:1;1:2:2;1:4:3,1,1,0,0,0,1,0,0,0,0,0,0,4,6
14840,1:1:1;1:2:2;1:4:3,1,2,0,0,0,1,0,0,0,0,0,0,4,6
14841,1:1:1;1:2:2;1:4:3,1,3,0,0,0,1,0,0,0,0,0,0,4,6
14842,1:1:1;1:2:2;1:4:3,1,4,0,0,0,1,0,0,0,0,0,0,4,6
14843,1:1:1;1:2:2;1:4:3,1,5,0,0,0,1,0,0,0,0,0,0,4,6
14844,1:1:1;1:2:2;1:4:3,2,0,0,0,0,1,0,0,0,0,0,0,9,6
14845,1:1:1;1:2:2;1:4:3,2,1,0,0,0,1,0,0,0,0,0,0,9,6
14846,1:1:1;1:2:2;1:4:3,2,2,0,0,0,1,0,0,0,0,0,0,9,6
14847,1:1:1;1:2:2;1:4:3,2,3,0,0,0,1,0,0,0,0,0,0,9,6
14848,1:1:1;1:2:2;1:4:3,2,4,0,0,0,1,0,0,0,0,0,0,9,6
14849,1:1:1;1:2:2;1:4:3,2,5,0,0,0,1,0,0,0,0,0,0,9,6
14850,1:1:1;1:2:2;1:4:3,3,0,0,0,0,1,0,0,0,0,0,0,15,6
14851,1:1:1;1:2:2;1:4:3,3,1,0,0,0,1,0,0,0,0,0,0,15,6
14852,1:1:1;1:2:2;1:4:3,3,2,0,0,0,1,0,0,0,0,0,0,15,6
14853,1:1:1;1:2:2;1:4:3,3,3,0,0,0,1,0,0,0,0,0,0,15,6
14854,1:1:1;1:2:2;1:4:3,3,4,0,0,0,1,0,0,0,0,0,0,15,6
14855,1:1:1;1:2:2;1:4:3,3,5,0,0,0,1,0,0,0,0,0,0,15,6
14856,1:1:1;1:2:2;1:4:3,4,0,0,0,0,1,0,0,0,0,0,0,20,6
14857,1:1:1;1:2:2;1:4:3,4,1,0,0,0,1,0,0,0,0,0,0,20,6
14858,1:1:1;1:2:2;1:4:3,4,2,0,0,0,1,0,0,0,0,0,0,20,6
14859,1:1:1;1:2:2;1:4:3,4,3,0,0,0,1,0,0,0,0,0,0,20,6
14860,1:1:1;1:2:2;1:4:3,4,4,0,0,0,1,0,0,0,0,0,0,20,6
14861,1:1:1;1:2:2;1:4:3,4,5,0,0,0,1,0,0,0,0,0,0,20,6
14862,1:1:1;1:2:2;1:4:3,5,0,0,0,0,1,0,0,0,0,0,0,23,6
14863,1:1:1;1:2:2;1:4:3,5,1,0,0,0,1,0,0,0,0,0,0,23,6
14864,1:1:1;1:2:2;1:4:3,5,2,0,0,0,1,0,0,0,0,0,0,23,6
14865,1:1:1;1:2:2;1:4:3,5,3,0,0,0,1,0,0,0,0,0,0,23,6
14866,1:1:1;1:2:2;1:4:3,5,4,0,0,0,1,0,0,0,0,0,0,23,6
14867,1:1:1;1:2:2;1:4:3,5,5,0,0,0,1,0,0,0,0,0,0,23,6
14868,1:1:1;1:3:2;1:3:2,0,0,0,0,0,1,0,0,0,0,0,0,1,6
14869,1:1:1;1:3:2;1:3:2,0,1,0,0,0,1,0,0,0,0,0,0,1,6
14870,1:1:1;1:3:2;1:3:2,0,2,0,0,0,1,0,0,0,0,0,0,1,6
14871,1:1:1;1:3:2;1:3:2,0,3,0,0,0,1,0,0,0,0,0,0,1,6
14872,1:1:1;1:3:2;1:3:2,0,4,0,0,0,1,0,0,0,0,0,0,1,6
14873,1:1:1;1:3:2;1:3:2,0,5,0,0,0,1,0,0,0,0,0,0,1,6
14874,1:1:1;1:3:2;1:3:2,1,0,0,0,0,1,0,0,0,0,0,0,4,6
14875,1:1:1;1:3:2;1:3:2,1,1,0,0,0,1,0,0,0,0,0,0,4,6
14876,1:1:1;1:3:2;1:3:2,1,2,0,0,0,1,0,0,0,0,0,0,4,6
14877,1:1:1;1:3:2;1:3:2,1,3,0,0,0,1,0,0,0,0,0,0,4,6
14878,1:1:1;1:3:2;1:3:2,1,4,0,0,0,1,0,0,0,0,0,0,4,6
14879,1:1:1;1:3:2;1:3:2,1,5,0,0,0,1,0,0,0,0,0,0,4,6
14880,1:1:1;1:3:2;1:3:2,2,0,0,0,0,1,0,0,0,0,0,0,9,6
14881,1:1:1;1:3:2;1:3:2,2,1,0,0,0,1,0,0,0,0,0,0,9,6
14882,1:1:1;1:3:2;1:3:2,2,2,0,0,0,1,0,0,0,0,0,0,9,6
14883,1:1:1;1:3:2;1:3:2,2,3,0,0,0,1,0,0,0,0,0,0,9,6
14884,1:1:1;1:3:2;1:3:2,2,4,0,0,0,1,0,0,0,0,0,0,9,6
14885,1:1:1;1:3:2;1:3:2,2,5,0,0,0,1,0,0,0,0,0,0,9,6
14886,1:1:1;1:3:2;1:3:2,3,0,0,0,0,1,0,0,0,0,0,0,14,6
14887,1:1:1;1:3:2;1:3:2,3,1,0,0,0,1,0,0,0,0,0,0,14,6
14888,1:1:1;1:3:2;1:3:2,3,2,0,0,0,1,0,0,0,0,0,0,14,6
14889,1:1:1;1:3:2;1:3:2,3,3,0,0,0,1,0,0,0,0,0,0,14,6
14890,1:1:1;1:3:2;1:3:2,3,4,0,0,0,1,0,0,0,0,0,0,14,6
14891,1:1:1;1:3:2;1:3:2,3,5,0,0,0,1,0,0,0,0,0,0,14,6
14892,1:1:1;1:3:2;1:3:2,4,0,0,0,0,1,0,0,0,0,0,0,17,6
14893,1:1:1;1:3:2;1:3:2,4,1,0,0,0,1,0,0,0,0,0,0,17,6
14894,1:1:1;1:3:2;1:3:2,4,2,0,0,0,1,0,0,0,0,0,0,17,6
14895,1:1:1;1:3:2;1:3:2,4,3,0,0,0,1,0,0,0,0,0,0,17,6
14896,1:1:1;1:3:2;1:3:2,4,4,0,0,0,1,0,0,0,0,0,0,17,6
14897,1:1:1;1:3:2;1:3:2,4,5,0,0,0,1,0,0,0,0,0,0,17,6
14898,1:1:1;1:3:2;1:3:2,5,0,1,1,1,0,1,1,1,1,1,4,6,1
14899,1:1:1;1:3:2;1:3:2,5,1,1,1,1,0,1,1,1,1,1,4,6,1
14900,1:1:1;1:3:2;1:3:2,5,2,1,1,1,0,1,1,1,1,1,4,6,1
14901,1:1:1;1:3:2;1:3:2,5,3,1,1,1,0,1,1,1,1,1,4,6,1
14902,1:1:1;1:3:2;1:3:2,5,4,1,1,1,0,1,1,1,1,1,4,6,1
14903,1:1:1;1:3:2;1:3:2,5,5,1,1,1,0,1,1,1,1,1,4,6,1
14904,1:1:1;1:3:2;1:3:3,0,0,0,0,0,1,0,0,0,0,0,0,1,6
14905,1:1:1;1:3:2;1:3:3,0,1,0,0,0,1,0,0,0,0,0,0,1,6
14906,1:1:1;1:3:2;1:3:3,0,2,0,0,0,1,0,0,0,0,0,0,1,6
14907,1:1:1;1:3:2;1:3:3,0,3,0,0,0,1,0,0,0,0,0,0,1,6
14908,1:1:1;1:3:2;1:3:3,0,4,0,0,0,1,0,0,0,0,0,0,1,6
14909,1:1:1;1:3:2;1:3:3,0,5,0,0,0,1,0,0,0,0,0,0,1,6
14910,1:1:1;1:3:2;1:3:3,1,0,0,0,0,1,0,0,0,0,0,0,4,6
14911,1:1:1;1:3:2;1:3:3,1,1,0,0,0,1,0,0,0,0,0,0,4,6
14912,1:1:1;1:3:2;1:3:3,1,2,0,0,0,1,0,0,0,0,0,0,4,6
14913,1:1:1;1:3:2;1:3:3,1,3,0,0,0,1,0,0,0,0,0,0,4,6
14914,1:1:1;1:3:2;1:3:3,1,4,0,0,0,1,0,0,0,0,0,0,4,6
14915,1:1:1;1:3:2;1:3:3,1,5,0,0,0,1,0,0,0,0,0,0,4,6
14916,1:1:1;1:3:2;1:3:3,2,0,0,0,0,1,0,0,0,0,0,0,9,6
14917,1:1:1;1:3:2;1:3:3,2,1,0,0,0,1,0,0,0,0,0,0,9,6
14918,1:1:1;1:3:2;1:3:3,2,2,0,0,0,1,0,0,0,0,0,0,9,6
14919,1:1:1;1:3:2;1:3:3,2,3,0,0,0,1,0,0,0,0,0,0,9,6
14920,1:1:1;1:3:2;1:3:3,2,4,0,0,0,1,0,0,0,0,0,0,9,6
14921,1:1:1;1:3:2;1:3:3,2,5,0,0,0,1,0,0,0,0,0,0,9,6
14922,1:1:1;1:3:2;1:3:3,3,0,0,0,0,1,0,0,0,0,0,0,15,6
14923,1:1:1;1:3:2;1:3:3,3,1,0,0,0,1,0,0,0,0,0,0,15,6
14924,1:1:1;1:3:2;1:3:3,3,2,0,0,0,1,0,0,0,0,0,0,15,6
14925,1:1:1;1:3:2;1:3:3,3,3,0,0,0,1,0,0,0,0,0,0,15,6
14926,1:1:1;1:3:2;1:3:3,3,4,0,0,0,1,0,0,0,0,0,0,15,6
14927,1:1:1;1:3:2;1:3:3,3,5,0,0,0,1,0,0,0,0,0,0,15,6
14928,1:1:1;1:3:2;1:3:3,4,0,0,0,0,1,0,0,0,0,0,0,20,6
14929,1:1:1;1:3:2;1:3:3,4,1,0,0,0,1,0,0,0,0,0,0,20,6
14930,1:1:1;1:3:2;1:3:3,4,2,0,0,0,1,0,0,0,0,0,0,20,6
14931,1:1:1;1:3:2;1:3:3,4,3,0,0,0,1,0,0,0,0,0,0,20,6
14932,1:1:1;1:3:2;1:3:3,4,4,0,0,0,1,0,0,0,0,0,0,20,6
14933,1:1:1;1:3:2;1:3:3,4,5,0,0,0,1,0,0,0,0,0,0,20,6
14934,1:1:1;1:3:2;1:3:3,5,0,0,0,0,1,0,0,0,0,0,0,23,6
14935,1:1:1;1:3:2;1:3:3,5,1,0,0,0,1,0,0,0,0,0,0,23,6
14936,1:1:1;1:3:2;1:3:3,5,2,0,0,0,1,0,0,0,0,0,0,23,6
14937,1:1:1;1:3:2;1:3:3,5,3,0,0,0,1,0,0,0,0,0,0,23,6
14938,1:1:1;1:3:2;1:3:3,5,4,0,0,0,1,0,0,0,0,0,0,23,6
14939,1:1:1;1:3:2;1:3:3,5,5,0,0,0,1,0,0,0,0,0,0,23,6
14940,1:1:1;1:3:2;1:4:3,0,0,0,0,0,1,0,0,0,0,0,0,1,6
14941,1:1:1;1:3:2;1:4:3,0,1,0,0,0,1,0,0,0,0,0,0,1,6
14942,1:1:1;1:3:2;1:4:3,0,2,0,0,0,1,0,0,0,0,0,0,1,6
14943,1:1:1;1:3:2;1:4:3,0,3,0,0,0,1,0,0,0,0,0,0,1,6
14944,1:1:1;1:3:2;1:4:3,0,4,0,0,0,1,0,0,0,0,0,0,1,6
14945,1:1:1;1:3:2;1:4:3,0,5,0,0,0,1,0,0,0,0,0,0,1,6
14946,1:1:1;1:3:2;1:4:3,1,0,0,0,0,1,0,0,0,0,0,0,4,6
14947,1:1:1;1:3:2;1:4:3,1,1,0,0,0,1,0,0,0,0,0,0,4,6
14948,1:1:1;1:3:2;1:4:3,1,2,0,0,0,1,0,0,0,0,0,0,4,6
14949,1:1:1;1:3:2;1:4:3,1,3,0,0,0,1,0,0,0,0,0,0,4,6
14950,1:1:1;1:3:2;1:4:3,1,4,0,0,0,1,0,0,0,0,0,0,4,6
14951,1:1:1;1:3:2;1:4:3,1,5,0,0,0,1,0,0,0,0,0,0,4,6
14952,1:1:1;1:3:2;1:4:3,2,0,0,0,0,1,0,0,0,0,0,0,9,6
14953,1:1:1;1:3:2;1:4:3,2,1,0,0,0,1,0,0,0,0,0,0,9,6
14954,1:1:1;1:3:2;1:4:3,2,2,0,0,0,1,0,0,0,0,0,0,9,6
14955,1:1:1;1:3:2;1:4:3,2,3,0,0,0,1,0,0,0,0,0,0,9,6
14956,1:1:1;1:3:2;1:4:3,2,4,0,0,0,1,0,0,0,0,0,0,9,6
14957,1:1:1;1:3:2;1:4:3,2,5,0,0,0,1,0,0,0,0,0,0,9,6
14958,1:1:1;1:3:2;1:4:3,3,0,0,0,0,1,0,0,0,0,0,0,15,6
14959,1:1:1;1:3:2;1:4:3,3,1,0,0,0,1,0,0,0,0,0,0,15,6
14960,1:1:1;1:3:2;1:4:3,3,2,0,0,0,1,0,0,0,0,0,0,15,6
14961,1:1:1;1:3:2;1:4:3,3,3,0,0,0,1,0,0,0,0,0,0,15,6
14962,1:1:1;1:3:2;1:4:3,3,4,0,0,0,1,0,0,0,0,0,0,15,6
14963,1:1:1;1:3:2;1:4:3,3,5,0,0,0,1,0,0,0,0,0,0,15,6
14964,1:1:1;1:3:2;1:4:3,4,0,0,0,0,1,0,0,0,0,0,0,20,6
14965,1:1:1;1:3:2;1:4:3,4,1,0,0,0,1,0,0,0,0,0,0,20,6
14966,1:1:1;1:3:2;1:4:3,4,2,0,0,0,1,0,0,0,0,0,0,20,6
14967,1:1:1;1:3:2;1:4:3,4,3,0,0,0,1,0,0,0,0,0,0,20,6
14968,1:1:1;1:3:2;1:4:3,4,4,0,0,0,1,0,0,0,0,0,0,20,6
14969,1:1:1;1:3:2;1:4:3,4,5,0,0,0,1,0,0,0,0,0,0,20,6
14970,1:1:1;1:3:2;1:4:3,5,0,0,0,0,1,0,0,0,0,0,0,23,6
14971,1:1:1;1:3:2;1:4:3,5,1,0,0,0,1,0,0,0,0,0,0,23,6
14972,1:1:1;1:3:2;1:4:3,5,2,0,0,0,1,0,0,0,0,0,0,23,6
14973,1:1:1;1:3:2;1:4:3,5,3,0,0,0,1,0,0,0,0,0,0,23,6
14974,1:1:1;1:3:2;1:4:3,5,4,0,0,0,1,0,0,0,0,0,0,23,6
14975,1:1:1;1:3:2;1:4:3,5,5,0,0,0,1,0,0,0,0,0,0,23,6
14976,1:1:1;1:3:3;1:3:3,0,0,0,0,0,1,0,0,0,0,0,0,1,6
14977,1:1:1;1:3:3;1:3:3,0,1,0,0,0,1,0,0,0,0,0,0,1,6
14978,1:1:1;1:3:3;1:3:3,0,2,0,0,0,1,0,0,0,0,0,0,1,6
14979,1:1:1;1:3:3;1:3:3,0,3,0,0,0,1,0,0,0,0,0,0,1,6
14980,1:1:1;1:3:3;1:3:3,0,4,0,0,0,1,0,0,0,0,0,0,1,6
14981,1:1:1;1:3:3;1:3:3,0,5,0,0,0,1,0,0,0,0,0,0,1,6
14982,1:1:1;1:3:3;1:3:3,1,0,0,0,0,1,0,0,0,0,0,0,4,6
14983,1:1:1;1:3:3;1:3:3,1,1,0,0,0,1,0,0,0,0,0,0,4,6
14984,1:1:1;1:3:3;1:3:3,1,2,0,0,0,1,0,0,0,0,0,0,4,6
14985,1:1:1;1:3:3;1:3:3,1,3,0,0,0,1,0,0,0,0,0,0,4,6
14986,1:1:1;1:3:3;1:3:3,1,4,0,0,0,1,0,0,0,0,0,0,4,6
14987,1:1:1;1:3:3;1:3:3,1,5,0,0,0,1,0,0,0,0,0,0,4,6
14988,1:1:1;1:3:3;1:3:3,2,0,0,0,0,1,0,0,0,0,0,0,9,6
14989,1:1:1;1:3:3;1:3:3,2,1,0,0,0,1,0,0,0,0,0,0,9,6
14990,1:1:1;1:3:3;1:3:3,2,2,0,0,0,1,0,0,0,0,0,0,9,6
14991,1:1:1;1:3:3;1:3:3,2,3,0,0,0,1,0,0,0,0,0,0,9,6
14992,1:1:1;1:3:3;1:3:3,2,4,0,0,0,1,0,0,0,0,0,0,9,6
14993,1:1:1;1:3:3;1:3:3,2,5,0,0,0,1,0,0,0,0,0,0,9,6
14994,1:1:1;1:3:3;1:3:3,3,0,0,0,0,1,0,0,0,0,0,0,16,6
14995,1:1:1;1:3:3;1:3:3,3,1,0,0,0,1,0,0,0,0,0,0,16,6
14996,1:1:1;1:3:3;1:3:3,3,2,0,0,0,1,0,0,0,0,0,0,16,6
14997,1:1:1;1:3:3;1:3:3,3,3,0,0,0,1,0,0,0,0,0,0,16,6
14998,1:1:1;1:3:3;1:3:3,3,4,0,0,0,1,0,0,0,0,0,0,16,6
14999,1:1:1;1:3:3;1:3:3,3,5,0,0,0,1,0,0,0,0,0,0,16,6
15000,1:1:1;1:3:3;1:3:3,4,0,0,0,0,1,0,0,0,0,0,0,23,6
15001,1:1:1;1:3:3;1:3:3,4,1,0,0,0,1,0,0,0,0,0,0,23,6
15002,1:1:1;1:3:3;1:3:3,4,2,0,0,0,1,0,0,0,0,0,0,23,6
15003,1:1:1;1:3:3;1:3:3,4,3,0,0,0,1,0,0,0,0,0,0,23,6
15004,1:1:1;1:3:3;1:3:3,4,4,0,0,0,1,0,0,0,0,0,0,23,6
15005,1:1:1;1:3:3;1:3:3,4,5,0,0,0,1,0,0,0,0,0,0,23,6
15006,1:1:1;1:3:3;1:3:3,5,0,0,0,0,1,0,0,0,0,0,0,28,6
15007,1:1:1;1:3:3;1:3:3,5,1,0,0,0,1,0,0,0,0,0,0,28,6
15008,1:1:1;1:3:3;1:3:3,5,2,0,0,0,1,0,0,0,0,0,0,28,6
15009,1:1:1;1:3:3;1:3:3,5,3,0,0,0,1,0,0,0,0,0,0,28,6
15010,1:1:1;1:3:3;1:3:3,5,4,0,0,0,1,0,0,0,0,0,0,28,6
15011,1:1:1;1:3:3;1:3:3,5,5,0,0,0,1,0,0,0,0,0,0,28,6
15012,1:1:1;1:3:3;1:4:3,0,0,0,0,0,1,0,0,0,0,0,0,1,6
15013,1:1:1;1:3:3;1:4:3,0,1,0,0,0,1,0,0,0,0,0,0,1,6
15014,1:1:1;1:3:3;1:4:3,0,2,0,0,0,1,0,0,0,0,0,0,1,6
15015,1:1:1;1:3:3;1:4:3,0,3,0,0,0,1,0,0,0,0,0,0,1,6
15016,1:1:1;1:3:3;1:4:3,0,4,0,0,0,1,0,0,0,0,0,0,1,6
15017,1:1:1;1:3:3;1:4:3,0,5,0,0,0,1,0,0,0,0,0,0,1,6
15018,1:1:1;1:3:3;1:4:3,1,0,0,0,0,1,0,0,0,0,0,0,4,6
15019,1:1:1;1:3:3;1:4:3,1,1,0,0,0,1,0,0,0,0,0,0,4,6
15020,1:1:1;1:3:3;1:4:3,1,2,0,0,0,1,0,0,0,0,0,0,4,6
15021,1:1:1;1:3:3;1:4:3,1,3,0,0,0,1,0,0,0,0,0,0,4,6
15022,1:1:1;1:3:3;1:4:3,1,4,0,0,0,1,0,0,0,0,0,0,4,6
15023,1:1:1;1:3:3;1:4:3,1,5,0,0,0,1,0,0,0,0,0,0,4,6
15024,1:1:1;1:3:3;1:4:3,2,0,0,0,0,1,0,0,0,0,0,0,9,6
15025,1:1:1;1:3:3;1:4:3,2,1,0,0,0,1,0,0,0,0,0,0,9,6
15026,1:1:1;1:3:3;1:4:3,2,2,0,0,0,1,0,0,0,0,0,0,9,6
15027,1:1:1;1:3:3;1:4:3,2,3,0,0,0,1,0,0,0,0,0,0,9,6
15028,1:1:1;1:3:3;1:4:3,2,4,0,0,0,1,0,0,0,0,0,0,9,6
15029,1:1:1;1:3:3;1:4:3,2,5,0,0,0,1,0,0,0,0,0,0,9,6
15030,1:1:1;1:3:3;1:4:3,3,0,0,0,0,1,0,0,0,0,0,0,16,6
15031,1:1:1;1:3:3;1:4:3,3,1,0,0,0,1,0,0,0,0,0,0,16,6
15032,1:1:1;1:3:3;1:4:3,3,2,0,0,0,1,0,0,0,0,0,0,16,6
15033,1:1:1;1:3:3;1:4:3,3,3,0,0,0,1,0,0,0,0,0,0,16,6
15034,1:1:1;1:3:3;1:4:3,3,4,0,0,0,1,0,0,0,0,0,0,16,6
15035,1:1:1;1:3:3;1:4:3,3,5,0,0,0,1,0,0,0,0,0,0,16,6
15036,1:1:1;1:3:3;1:4:3,4,0,0,0,0,1,0,0,0,0,0,0,23,6
15037,1:1:1;1:3:3;1:4:3,4,1,0,0,0,1,0,0,0,0,0,0,23,6
15038,1:1:1;1:3:3;1:4:3,4,2,0,0,0,1,0,0,0,0,0,0,23,6
15039,1:1:1;1:3:3;1:4:3,4,3,0,0,0,1,0,0,0,0,0,0,23,6
15040,1:1:1;1:3:3;1:4:3,4,4,0,0,0,1,0,0,0,0,0,0,23,6
15041,1:1:1;1:3:3;1:4:3,4,5,0,0,0,1,0,0,0,0,0,0,23,6
15042,1:1:1;1:3:3;1:4:3,5,0,0,0,0,1,0,0,0,0,0,0,28,6
15043,1:1:1;1:3:3;1:4:3,5,1,0,0,0,1,0,0,0,0,0,0,28,6
15044,1:1:1;1:3:3;1:4:3,5,2,0,0,0,1,0,0,0,0,0,0,28,6
15045,1:1:1;1:3:3;1:4:3,5,3,0,0,0,1,0,0,0,0,0,0,28,6
15046,1:1:1;1:3:3;1:4:3,5,4,0,0,0,1,0,0,0,0,0,0,28,6
15047,1:1:1;1:3:3;1:4:3,5,5,0,0,0,1,0,0,0,0,0,0,28,6
15048,1:1:1;1:4:3;1:4:3,0,0,0,0,0,1,0,0,0,0,0,0,1,6
15049,1:1:1;1:4:3;1:4:3,0,1,0,0,0,1,0,0,0,0,0,0,1,6
15050,1:1:1;1:4:3;1:4:3,0,2,0,0,0,1,0,0,0,0,0,0,1,6
15051,1:1:1;1:4:3;1:4:3,0,3,0,0,0,1,0,0,0,0,0,0,1,6
15052,1:1:1;1:4:3;1:4:3,0,4,0,0,0,1,0,0,0,0,0,0,1,6
15053,1:1:1;1:4:3;1:4:3,0,5,0,0,0,1,0,0,0,0,0,0,1,6
15054,1:1:1;1:4:3;1:4:3,1,0,0,0,0,1,0,0,0,0,0,0,4,6
15055,1:1:1;1:4:3;1:4:3,1,1,0,0,0,1,0,0,0,0,0,0,4,6
15056,1:1:1;1:4:3;1:4:3,1,2,0,0,0,1,0,0,0,0,0,0,4,6
15057,1:1:1;1:4:3;1:4:3,1,3,0,0,0,1,0,0,0,0,0,0,4,6
15058,1:1:1;1:4:3;1:4:3,1,4,0,0,0,1,0,0,0,0,0,0,4,6
15059,1:1:1;1:4:3;1:4:3,1,5,0,0,0,1,0,0,0,0,0,0,4,6
15060,1:1:1;1:4:3;1:4:3,2,0,0,0,0,1,0,0,0,0,0,0,9,6
15061,1:1:1;1:4:3;1:4:3,2,1,0,0,0,1,0,0,0,0,0,0,9,6
15062,1:1:1;1:4:3;1:4:3,2,2,0,0,0,1,0,0,0,0,0,0,9,6
15063,1:1:1;1:4:3;1:4:3,2,3,0,0,0,1,0,0,0,0,0,0,9,6
15064,1:1:1;1:4:3;1:4:3,2,4,0,0,0,1,0,0,0,0,0,0,9,6
15065,1:1:1;1:4:3;1:4:3,2,5,0,0,0,1,0,0,0,0,0,0,9,6
15066,1:1:1;1:4:3;1:4:3,3,0,0,0,0,1,0,0,0,0,0,0,16,6
15067,1:1:1;1:4:3;1:4:3,3,1,0,0,0,1,0,0,0,0,0,0,16,6
15068,1:1:1;1:4:3;1:4:3,3,2,0,0,0,1,0,0,0,0,0,0,16,6
15069,1:1:1;1:4:3;1:4:3,3,3,0,0,0,1,0,0,0,0,0,0,16,6
15070,1:1:1;1:4:3;1:4:3,3,4,0,0,0,1,0,0,0,0,0,0,16,6
15071,1:1:1;1:4:3;1:4:3,3,5,0,0,0,1,0,0,0,0,0,0,16,6
15072,1:1:1;1:4:3;1:4:3,4,0,0,0,0,1,0,0,0,0,0,0,23,6
15073,1:1:1;1:4:3;1:4:3,4,1,0,0,0,1,0,0,0,0,0,0,23,6
15074,1:1:1;1:4:3;1:4:3,4,2,0,0,0,1,0,0,0,0,0,0,23,6
15075,1:1:1;1:4:3;1:4:3,4,3,0,0,0,1,0,0,0,0,0,0,23,6
15076,1:1:1;1:4:3;1:4:3,4,4,0,0,0,1,0,0,0,0,0,0,23,6
15077,1:1:1;1:4:3;1:4:3,4,5,0,0,0,1,0,0,0,0,0,0,23,6
15078,1:1:1;1:4:3;1:4:3,5,0,0,0,0,1,0,0,0,0,0,0,28,6
15079,1:1:1;1:4:3;1:4:3,5,1,0,0,0,1,0,0,0,0,0,0,28,6
15080,1:1:1;1:4:3;1:4:3,5,2,0,0,0,1,0,0,0,0,0,0,28,6
15081,1:1:1;1:4:3;1:4:3,5,3,0,0,0,1,0,0,0,0,0,0,28,6
15082,1:1:1;1:4:3;1:4:3,5,4,0,0,0,1,0,0,0,0,0,0,28,6
15083,1:1:1;1:4:3;1:4:3,5,5,0,0,0,1,0,0,0,0,0,0,28,6
15084,1:2:1;1:2:1;1:2:1,0,0,0,0,0,1,0,0,0,0,0,0,1,6
15085,1:2:1;1:2:1;1:2:1,0,1,0,0,0,1,0,0,0,0,0,0,1,6
15086,1:2:1;1:2:1;1:2:1,0,2,0,0,0,1,0,0,0,0,0,0,1,6
15087,1:2:1;1:2:1;1:2:1,0,3,0,0,0,1,0,0,0,0,0,0,1,6
15088,1:2:1;1:2:1;1:2:1,0,4,0,0,0,1,0,0,0,0,0,0,1,6
15089,1:2:1;1:2:1;1:2:1,0,5,0,0,0,1,0,0,0,0,0,0,1,6
15090,1:2:1;1:2:1;1:2:1,1,0,0,0,0,1,0,0,0,0,0,0,4,6
15091,1:2:1;1:2:1;1:2:1,1,1,0,0,0,1,0,0,0,0,0,0,4,6
15092,1:2:1;1:2:1;1:2:1,1,2,0,0,0,1,0,0,0,0,0,0,4,6
15093,1:2:1;1:2:1;1:2:1,1,3,0,0,0,1,0,0,0,0,0,0,4,6
15094,1:2:1;1:2:1;1:2:1,1,4,0,0,0,1,0,0,0,0,0,0,4,6
15095,1:2:1;1:2:1;1:2:1,1,5,0,0,0,1,0,0,0,0,0,0,4,6
15096,1:2:1;1:2:1;1:2:1,2,0,0,0,0,1,0,0,0,0,0,0,7,6
15097,1:2:1;1:2:1;1:2:1,2,1,0,0,0,1,0,0,0,0,0,0,7,6
15098,1:2:1;1:2:1;1:2:1,2,2,0,0,0,1,0,0,0,0,0,0,7,6
15099,1:2:1;1:2:1;1:2:1,2,3,0,0,0,1,0,0,0,0,0,0,7,6
15100,1:2:1;1:2:1;1:2:1,2,4,0,0,0,1,0,0,0,0,0,0,7,6
15101,1:2:1;1:2:1;1:2:1,2,5,0,0,0,1,0,0,0,0,0,0,7,6
15102,1:2:1;1:2:1;1:2:1,3,0,1,1,1,0,1,1,1,1,1,4,4,1
15103,1:2:1;1:2:1;1:2:1,3,1,1,1,1,0,1,1,1,1,1,4,4,1
15104,1:2:1;1:2:1;1:2:1,3,2,1,1,1,0,1,1,1,1,1,4,4,1
15105,1:2:1;1:2:1;1:2:1,3,3,1,1,1,0,1,1,1,1,1,4,4,1
15106,1:2:1;1:2:1;1:2:1,3,4,1,1,1,0,1,1,1,1,1,4,4,1
15107,1:2:1;1:2:1;1:2:1,3,5,1,1,1,0,1,1,1,1,1,4,4,1
15108,1:2:1;1:2:1;1:2:1,4,0,1,1,1,0,1,1,1,1,1,4,4,1
15109,1:2:1;1:2:1;1:2:1,4,1,1,1,1,0,1,1,1,1,1,4,4,1
15110,1:2:1;1:2:1;1:2:1,4,2,1,1,1,0,1,1,1,1,1,4,4,1
15111,1:2:1;1:2:1;1:2:1,4,3,1,1,1,0,1,1,1,1,1,4,4,1
15112,1:2:1;1:2:1;1:2:1,4,4,1,1,1,0,1,1,1,1,1,4,4,1
15113,1:2:1;1:2:1;1:2:1,4,5,1,1,1,0,1,1,1,1,1,4,4,1
15114,1:2:1;1:2:1;1:2:1,5,0,1,1,1,0,1,1,1,1,1,4,4,1
15115,1:2:1;1:2:1;1:2:1,5,1,1,1,1,0,1,1,1,1,1,4,4,1
15116,1:2:1;1:2:1;1:2:1,5,2,1,1,1,0,1,1,1,1,1,4,4,1
15117,1:2:1;1:2:1;1:2:1,5,3,1,1,1,0,1,1,1,1,1,4,4,1
15118,1:2:1;1:2:1;1:2:1,5,4,1,1,1,0,1,1,1,1,1,4,4,1
15119,1:2:1;1:2:1;1:2:1,5,5,1,1,1,0,1,1,1,1,1,4,4,1
15120,1:2:1;1:2:1;1:2:2,0,0,0,0,0,1,0,0,0,0,0,0,1,6
15121,1:2:1;1:2:1;1:2:2,0,1,0,0,0,1,0,0,0,0,0,0,1,6
15122,1:2:1;1:2:1;1:2:2,0,2,0,0,0,1,0,0,0,0,0,0,1,6
15123,1:2:1;1:2:1;1:2:2,0,3,0,0,0,1,0,0,0,0,0,0,1,6
15124,1:2:1;1:2:1;1:2:2,0,4,0,0,0,1,0,0,0,0,0,0,1,6
15125,1:2:1;1:2:1;1:2:2,0,5,0,0,0,1,0,0,0,0,0,0,1,6
15126,1:2:1;1:2:1;1:2:2,1,0,0,0,0,1,0,0,0,0,0,0,4,6
15127,1:2:1;1:2:1;1:2:2,1,1,0,0,0,1,0,0,0,0,0,0,4,6
15128,1:2:1;1:2:1;1:2:2,1,2,0,0,0,1,0,0,0,0,0,0,4,6
15129,1:2:1;1:2:1;1:2:2,1,3,0,0,0,1,0,0,0,0,0,0,4,6
15130,1:2:1;1:2:1;1:2:2,1,4,0,0,0,1,0,0,0,0,0,0,4,6
15131,1:2:1;1:2:1;1:2:2,1,5,0,0,0,1,0,0,0,0,0,0,4,6
15132,1:2:1;1:2:1;1:2:2,2,0,0,0,0,1,0,0,0,0,0,0,8,6
15133,1:2:1;1:2:1;1:2:2,2,1,0,0,0,1,0,0,0,0,0,0,8,6
15134,1:2:1;1:2:1;1:2:2,2,2,0,0,0,1,0,0,0,0,0,0,8,6
15135,1:2:1;1:2:1;1:2:2,2,3,0,0,0,1,0,0,0,0,0,0,8,6
15136,1:2:1;1:2:1;1:2:2,2,4,0,0,0,1,0,0,0,0,0,0,8,6
15137,1:2:1;1:2:1;1:2:2,2,5,0,0,0,1,0,0,0,0,0,0,8,6
15138,1:2:1;1:2:1;1:2:2,3,0,0,0,0,1,0,0,0,0,0,0,11,6
15139,1:2:1;1:2:1;1:2:2,3,1,0,0,0,1,0,0,0,0,0,0,11,6
15140,1:2:1;1:2:1;1:2:2,3,2,0,0,0,1,0,0,0,0,0,0,11,6
15141,1:2:1;1:2:1;1:2:2,3,3,0,0,0,1,0,0,0,0,0,0,11,6
15142,1:2:1;1:2:1;1:2:2,3,4,0,0,0,1,0,0,0,0,0,0,11,6
15143,1:2:1;1:2:1;1:2:2,3,5,0,0,0,1,0,0,0,0,0,0,11,6
15144,1:2:1;1:2:1;1:2:2,4,0,1,1,1,0,1,1,1,1,1,4,5,1
15145,1:2:1;1:2:1;1:2:2,4,1,1,1,1,0,1,1,1,1,1,4,5,1
15146,1:2:1;1:2:1;1:2:2,4,2,1,1,1,0,1,1,1,1,1,4,5,1
15147,1:2:1;1:2:1;1:2:2,4,3,1,1,1,0,1,1,1,1,1,4,5,1
15148,1:2:1;1:2:1;1:2:2,4,4,1,1,1,0,1,1,1,1,1,4,5,1
15149,1:2:1;1:2:1;1:2:2,4,5,1,1,1,0,1,1,1,1,1,4,5,1
15150,1:2:1;1:2:1;1:2:2,5,0,1,1,1,0,1,1,1,1,1,4,5,1
15151,1:2:1;1:2:1;1:2:2,5,1,1,1,1,0,1,1,1,1,1,4,5,1
15152,1:2:1;1:2:1;1:2:2,5,2,1,1,1,0,1,1,1,1,1,4,5,1
15153,1:2:1;1:2:1;1:2:2,5,3,1,1,1,0,1,1,1,1,1,4,5,1
15154,1:2:1;1:2:1;1:2:2,5,4,1,1,1,0,1,1,1,1,1,4,5,1
15155,1:2:1;1:2:1;1:2:2,5,5,1,1,1,0,1,1,1,1,1,4,5,1
15156,1:2:1;1:2:1;1:3:2,0,0,0,0,0,1,0,0,0,0,0,0,1,6
15157,1:2:1;1:2:1;1:3:2,0,1,0,0,0,1,0,0,0,0,0,0,1,6
15158,1:2:1;1:2:1;1:3:2,0,2,0,0,0,1,0,0,0,0,0,0,1,6
15159,1:2:1;1:2:1;1:3:2,0,3,0,0,0,1,0,0,0,0,0,0,1,6
15160,1:2:1;1:2:1;1:3:2,0,4,0,0,0,1,0,0,0,0,0,0,1,6
15161,1:2:1;1:2:1;1:3:2,0,5,0,0,0,1,0,0,0,0,0,0,1,6
15162,1:2:1;1:2:1;1:3:2,1,0,0,0,0,1,0,0,0,0,0,0,4,6
15163,1:2:1;1:2:1;1:3:2,1,1,0,0,0,1,0,0,0,0,0,0,4,6
15164,1:2:1;1:2:1;1:3:2,1,2,0,0,0,1,0,0,0,0,0,0,4,6
15165,1:2:1;1:2:1;1:3:2,1,3,0,0,0,1,0,0,0,0,0,0,4,6
15166,1:2:1;1:2:1;1:3:2,1,4,0,0,0,1,0,0,0,0,0,0,4,6
15167,1:2:1;1:2:1;1:3:2,1,5,0,0,0,1,0,0,0,0,0,0,4,6
15168,1:2:1;1:2:1;1:3:2,2,0,0,0,0,1,0,0,0,0,0,0,8,6
15169,1:2:1;1:2:1;1:3:2,2,1,0,0,0,1,0,0,0,0,0,0,8,6
15170,1:2:1;1:2:1;1:3:2,2,2,0,0,0,1,0,0,0,0,0,0,8,6
15171,1:2:1;1:2:1;1:3:2,2,3,0,0,0,1,0,0,0,0,0,0,8,6
15172,1:2:1;1:2:1;1:3:2,2,4,0,0,0,1,0,0,0,0,0,0,8,6
15173,1:2:1;1:2:1;1:3:2,2,5,0,0,0,1,0,0,0,0,0,0,8,6
15174,1:2:1;1:2:1;1:3:2,3,0,0,0,0,1,0,0,0,0,0,0,11,6
15175,1:2:1;1:2:1;1:3:2,3,1,0,0,0,1,0,0,0,0,0,0,11,6
15176,1:2:1;1:2:1;1:3:2,3,2,0,0,0,1,0,0,0,0,0,0,11,6
15177,1:2:1;1:2:1;1:3:2,3,3,0,0,0,1,0,0,0,0,0,0,11,6
15178,1:2:1;1:2:1;1:3:2,3,4,0,0,0,1,0,0,0,0,0,0,11,6
15179,1:2:1;1:2:1;1:3:2,3,5,0,0,0,1,0,0,0,0,0,0,11,6
15180,1:2:1;1:2:1;1:3:2,4,0,1,1,1,0,1,1,1,1,1,4,5,1
15181,1:2:1;1:2:1;1:3:2,4,1,1,1,1,0,1,1,1,1,1,4,5,1
15182,1:2:1;1:2:1;1:3:2,4,2,1,1,1,0,1,1,1,1,1,4,5,1
15183,1:2:1;1:2:1;1:3:2,4,3,1,1,1,0,1,1,1,1,1,4,5,1
15184,1:2:1;1:2:1;1:3:2,4,4,1,1,1,0,1,1,1,1,1,4,5,1
15185,1:2:1;1:2:1;1:3:2,4,5,1,1,1,0,1,1,1,1,1,4,5,1
15186,1:2:1;1:2:1;1:3:2,5,0,1,1,1,0,1,1,1,1,1,4,5,1
15187,1:2:1;1:2:1;1:3:2,5,1,1,1,1,0,1,1,1,1,1,4,5,1
15188,1:2:1;1:2:1;1:3:2,5,2,1,1,1,0,1,1,1,1,1,4,5,1
15189,1:2:1;1:2:1;1:3:2,5,3,1,1,1,0,1,1,1,1,1,4,5,1
15190,1:2:1;1:2:1;1:3:2,5,4,1,1,1,0,1,1,1,1,1,4,5,1
15191,1:2:1;1:2:1;1:3:2,5,5,1,1,1,0,1,1,1,1,1,4,5,1
15192,1:2:1;1:2:1;1:3:3,0,0,0,0,0,1,0,0,0,0,0,0,1,6
15193,1:2:1;1:2:1;1:3:3,0,1,0,0,0,1,0,0,0,0,0,0,1,6
15194,1:2:1;1:2:1;1:3:3,0,2,0,0,0,1,0,0,0,0,0,0,1,6
15195,1:2:1;1:2:1;1:3:3,0,3,0,0,0,1,0,0,0,0,0,0,1,6
15196,1:2:1;1:2:1;1:3:3,0,4,0,0,0,1,0,0,0,0,0,0,1,6
15197,1:2:1;1:2:1;1:3:3,0,5,0,0,0,1,0,0,0,0,0,0,1,6
15198,1:2:1;1:2:1;1:3:3,1,0,0,0,0,1,0,0,0,0,0,0,4,6
15199,1:2:1;1:2:1;1:3:3,1,1,0,0,0,1,0,0,0,0,0,0,4,6
15200,1:2:1;1:2:1;1:3:3,1,2,0,0,0,1,0,0,0,0,0,0,4,6
15201,1:2:1;1:2:1;1:3:3,1,3,0,0,0,1,0,0,0,0,0,0,4,6
15202,1:2:1;1:2:1;1:3:3,1,4,0,0,0,1,0,0,0,0,0,0,4,6
15203,1:2:1;1:2:1;1:3:3,1,5,0,0,0,1,0,0,0,0,0,0,4,6
15204,1:2:1;1:2:1;1:3:3,2,0,0,0,0,1,0,0,0,0,0,0,8,6
15205,1:2:1;1:2:1;1:3:3,2,1,0,0,0,1,0,0,0,0,0,0,8,6
15206,1:2:1;1:2:1;1:3:3,2,2,0,0,0,1,0,0,0,0,0,0,8,6
15207,1:2:1;1:2:1;1:3:3,2,3,0,0,0,1,0,0,0,0,0,0,8,6
15208,1:2:1;1:2:1;1:3:3,2,4,0,0,0,1,0,0,0,0,0,0,8,6
15209,1:2:1;1:2:1;1:3:3,2,5,0,0,0,1,0,0,0,0,0,0,8,6
15210,1:2:1;1:2:1;1:3:3,3,0,0,0,0,1,0,0,0,0,0,0,12,6
15211,1:2:1;1:2:1;1:3:3,3,1,0,0,0,1,0,0,0,0,0,0,12,6
15212,1:2:1;1:2:1;1:3:3,3,2,0,0,0,1,0,0,0,0,0,0,12,6
15213,1:2:1;1:2:1;1:3:3,3,3,0,0,0,1,0,0,0,0,0,0,12,6
15214,1:2:1;1:2:1;1:3:3,3,4,0,0,0,1,0,0,0,0,0,0,12,6
15215,1:2:1;1:2:1;1:3:3,3,5,0,0,0,1,0,0,0,0,0,0,12,6
15216,1:2:1;1:2:1;1:3:3,4,0,0,0,0,1,0,0,0,0,0,0,15,6
15217,1:2:1;1:2:1;1:3:3,4,1,0,0,0,1,0,0,0,0,0,0,15,6
15218,1:2:1;1:2:1;1:3:3,4,2,0,0,0,1,0,0,0,0,0,0,15,6
15219,1:2:1;1:2:1;1:3:3,4,3,0,0,0,1,0,0,0,0,0,0,15,6
15220,1:2:1;1:2:1;1:3:3,4,4,0,0,0,1,0,0,0,0,0,0,15,6
15221,1:2:1;1:2:1;1:3:3,4,5,0,0,0,1,0,0,0,0,0,0,15,6
15222,1:2:1;1:2:1;1:3:3,5,0,1,1,1,0,1,1,1,1,1,4,6,1
15223,1:2:1;1:2:1;1:3:3,5,1,1,1,1,0,1,1,1,1,1,4,6,1
15224,1:2:1;1:2:1;1:3:3,5,2,1,1,1,0,1,1,1,1,1,4,6,1
15225,1:2:1;1:2:1;1:3:3,5,3,1,1,1,0,1,1,1,1,1,4,6,1
15226,1:2:1;1:2:1;1:3:3,5,4,1,1,1,0,1,1,1,1,1,4,6,1
15227,1:2:1;1:2:1;1:3:3,5,5,1,1,1,0,1,1,1,1,1,4,6,1
15228,1:2:1;1:2:1;1:4:3,0,0,0,0,0,1,0,0,0,0,0,0,1,6
15229,1:2:1;1:2:1;1:4:3,0,1,0,0,0,1,0,0,0,0,0,0,1,6
15230,1:2:1;1:2:1;1:4:3,0,2,0,0,0,1,0,0,0,0,0,0,1,6
15231,1:2:1;1:2:1;1:4:3,0,3,0,0,0,1,0,0,0,0,0,0,1,6
15232,1:2:1;1:2:1;1:4:3,0,4,0,0,0,1,0,0,0,0,0,0,1,6
15233,1:2:1;1:2:1;1:4:3,0,5,0,0,0,1,0,0,0,0,0,0,1,6
15234,1:2:1;1:2:1;1:4:3,1,0,0,0,0,1,0,0,0,0,0,0,4,6
15235,1:2:1;1:2:1;1:4:3,1,1,0,0,0,1,0,0,0,0,0,0,4,6
15236,1:2:1;1:2:1;1:4:3,1,2,0,0,0,1,0,0,0,0,0,0,4,6
15237,1:2:1;1:2:1;1:4:3,1,3,0,0,0,1,0,0,0,0,0,0,4,6
15238,1:2:1;1:2:1;1:4:3,1,4,0,0,0,1,0,0,0,0,0,0,4,6
15239,1:2:1;1:2:1;1:4:3,1,5,0,0,0,1,0,0,0,0,0,0,4,6
15240,1:2:1;1:2:1;1:4:3,2,0,0,0,0,1,0,0,0,0,0,0,8,6
15241,1:2:1;1:2:1;1:4:3,2,1,0,0,0,1,0,0,0,0,0,0,8,6
15242,1:2:1;1:2:1;1:4:3,2,2,0,0,0,1,0,0,0,0,0,0,8,6
15243,1:2:1;1:2:1;1:4:3,2,3,0,0,0,1,0,0,0,0,0,0,8,6
15244,1:2:1;1:2:1;1:4:3,2,4,0,0,0,1,0,0,0,0,0,0,8,6
15245,1:2:1;1:2:1;1:4:3,2,5,0,0,0,1,0,0,0,0,0,0,8,6
15246,1:2:1;1:2:1;1:4:3,3,0,0,0,0,1,0,0,0,0,0,0,12,6
15247,1:2:1;1:2:1;1:4:3,3,1,0,0,0,1,0,0,0,0,0,0,12,6
15248,1:2:1;1:2:1;1:4:3,3,2,0,0,0,1,0,0,0,0,0,0,12,6
15249,1:2:1;1:2:1;1:4:3,3,3,0,0,0,1,0,0,0,0,0,0,12,6
15250,1:2:1;1:2:1;1:4:3,3,4,0,0,0,1,0,0,0,0,0,0,12,6
15251,1:2:1;1:2:1;1:4:3,3,5,0,0,0,1,0,0,0,0,0,0,12,6
15252,1:2:1;1:2:1;1:4:3,4,0,0,0,0,1,0,0,0,0,0,0,15,6
15253,1:2:1;1:2:1;1:4:3,4,1,0,0,0,1,0,0,0,0,0,0,15,6
15254,1:2:1;1:2:1;1:4:3,4,2,0,0,0,1,0,0,0,0,0,0,15,6
15255,1:2:1;1:2:1;1:4:3,4,3,0,0,0,1,0,0,0,0,0,0,15,6
15256,1:2:1;1:2:1;1:4:3,4,4,0,0,0,1,0,0,0,0,0,0,15,6
15257,1:2:1;1:2:1;1:4:3,4,5,0,0,0,1,0,0,0,0,0,0,15,6
15258,1:2:1;1:2:1;1:4:3,5,0,1,1,1,0,1,1,1,1,1,4,6,1
15259,1:2:1;1:2:1;1:4:3,5,1,1,1,1,0,1,1,1,1,1,4,6,1
15260,1:2:1;1:2:1;1:4:3,5,2,1,1,1,0,1,1,1,1,1,4,6,1
15261,1:2:1;1:2:1;1:4:3,5,3,1,1,1,0,1,1,1,1,1,4,6,1
15262,1:2:1;1:2:1;1:4:3,5,4,1,1,1,0,1,1,1,1,1,4,6,1
15263,1:2:1;1:2:1;1:4:3,5,5,1,1,1,0,1,1,1,1,1,4,6,1
15264,1:2:1;1:2:2;1:2:2,0,0,0,0,0,1,0,0,0,0,0,0,1,6
15265,1:2:1;1:2:2;1:2:2,0,1,0,0,0,1,0,0,0,0,0,0,1,6
15266,1:2:1;1:2:2;1:2:2,0,2,0,0,0,1,0,0,0,0,0,0,1,6
15267,1:2:1;1:2:2;1:2:2,0,3,0,0,0,1,0,0,0,0,0,0,1,6
15268,1:2:1;1:2:2;1:2:2,0,4,0,0,0,1,0,0,0,0,0,0,1,6
15269,1:2:1;1:2:2;1:2:2,0,5,0,0,0,1,0,0,0,0,0,0,1,6
15270,1:2:1;1:2:2;1:2:2,1,0,0,0,0,1,0,0,0,0,0,0,4,6
15271,1:2:1;1:2:2;1:2:2,1,1,0,0,0,1,0,0,0,0,0,0,4,6
15272,1:2:1;1:2:2;1:2:2,1,2,0,0,0,1,0,0,0,0,0,0,4,6
15273,1:2:1;1:2:2;1:2:2,1,3,0,0,0,1,0,0,0,0,0,0,4,6
15274,1:2:1;1:2:2;1:2:2,1,4,0,0,0,1,0,0,0,0,0,0,4,6
15275,1:2:1;1:2:2;1:2:2,1,5,0,0,0,1,0,0,0,0,0,0,4,6
15276,1:2:1;1:2:2;1:2:2,2,0,0,0,0,1,0,0,0,0,0,0,9,6
15277,1:2:1;1:2:2;1:2:2,2,1,0,0,0,1,0,0,0,0,0,0,9,6
15278,1:2:1;1:2:2;1:2:2,2,2,0,0,0,1,0,0,0,0,0,0,9,6
15279,1:2:1;1:2:2;1:2:2,2,3,0,0,0,1,0,0,0,0,0,0,9,6
15280,1:2:1;1:2:2;1:2:2,2,4,0,0,0,1,0,0,0,0,0,0,9,6
15281,1:2:1;1:2:2;1:2:2,2,5,0,0,0,1,0,0,0,0,0,0,9,6
15282,1:2:1;1:2:2;1:2:2,3,0,0,0,0,1,0,0,0,0,0,0,14,6
15283,1:2:1;1:2:2;1:2:2,3,1,0,0,0,1,0,0,0,0,0,0,14,6
15284,1:2:1;1:2:2;1:2:2,3,2,0,0,0,1,0,0,0,0,0,0,14,6
15285,1:2:1;1:2:2;1:2:2,3,3,0,0,0,1,0,0,0,0,0,0,14,6
15286,1:2:1;1:2:2;1:2:2,3,4,0,0,0,1,0,0,0,0,0,0,14,6
15287,1:2:1;1:2:2;1:2:2,3,5,0,0,0,1,0,0,0,0,0,0,14,6
15288,1:2:1;1:2:2;1:2:2,4,0,0,0,0,1,0,0,0,0,0,0,17,6
15289,1:2:1;1:2:2;1:2:2,4,1,0,0,0,1,0,0,0,0,0,0,17,6
15290,1:2:1;1:2:2;1:2:2,4,2,0,0,0,1,0,0,0,0,0,0,17,6
15291,1:2:1;1:2:2;1:2:2,4,3,0,0,0,1,0,0,0,0,0,0,17,6
15292,1:2:1;1:2:2;1:2:2,4,4,0,0,0,1,0,0,0,0,0,0,17,6
15293,1:2:1;1:2:2;1:2:2,4,5,0,0,0,1,0,0,0,0,0,0,17,6
15294,1:2:1;1:2:2;1:2:2,5,0,1,1,1,0,1,1,1,1,1,4,6,1
15295,1:2:1;1:2:2;1:2:2,5,1,1,1,1,0,1,1,1,1,1,4,6,1
15296,1:2:1;1:2:2;1:2:2,5,2,1,1,1,0,1,1,1,1,1,4,6,1
15297,1:2:1;1:2:2;1:2:2,5,3,1,1,1,0,1,1,1,1,1,4,6,1
15298,1:2:1;1:2:2;1:2:2,5,4,1,1,1,0,1,1,1,1,1,4,6,1
15299,1:2:1;1:2:2;1:2:2,5,5,1,1,1,0,1,1,1,1,1,4,6,1
15300,1:2:1;1:2:2;1:3:2,0,0,0,0,0,1,0,0,0,0,0,0,1,6
15301,1:2:1;1:2:2;1:3:2,0,1,0,0,0,1,0,0,0,0,0,0,1,6
15302,1:2:1;1:2:2;1:3:2,0,2,0,0,0,1,0,0,0,0,0,0,1,6
15303,1:2:1;1:2:2;1:3:2,0,3,0,0,0,1,0,0,0,0,0,0,1,6
15304,1:2:1;1:2:2;1:3:2,0,4,0,0,0,1,0,0,0,0,0,0,1,6
15305,1:2:1;1:2:2;1:3:2,0,5,0,0,0,1,0,0,0,0,0,0,1,6
15306,1:2:1;1:2:2;1:3:2,1,0,0,0,0,1,0,0,0,0,0,0,4,6
15307,1:2:1;1:2:2;1:3:2,1,1,0,0,0,1,0,0,0,0,0,0,4,6
15308,1:2:1;1:2:2;1:3:2,1,2,0,0,0,1,0,0,0,0,0,0,4,6
15309,1:2:1;1:2:2;1:3:2,1,3,0,0,0,1,0,0,0,0,0,0,4,6
15310,1:2:1;1:2:2;1:3:2,1,4,0,0,0,1,0,0,0,0,0,0,4,6
15311,1:2:1;1:2:2;1:3:2,1,5,0,0,0,1,0,0,0,0,0,0,4,6
15312,1:2:1;1:2:2;1:3:2,2,0,0,0,0,1,0,0,0,0,0,0,9,6
15313,1:2:1;1:2:2;1:3:2,2,1,0,0,0,1,0,0,0,0,0,0,9,6
15314,1:2:1;1:2:2;1:3:2,2,2,0,0,0,1,0,0,0,0,0,0,9,6
15315,1:2:1;1:2:2;1:3:2,2,3,0,0,0,1,0,0,0,0,0,0,9,6
15316,1:2:1;1:2:2;1:3:2,2,4,0,0,0,1,0,0,0,0,0,0,9,6
15317,1:2:1;1:2:2;1:3:2,2,5,0,0,0,1,0,0,0,0,0,0,9,6
15318,1:2:1;1:2:2;1:3:2,3,0,0,0,0,1,0,0,0,0,0,0,14,6
15319,1:2:1;1:2:2;1:3:2,3,1,0,0,0,1,0,0,0,0,0,0,14,6
15320,1:2:1;1:2:2;1:3:2,3,2,0,0,0,1,0,0,0,0,0,0,14,6
15321,1:2:1;1:2:2;1:3:2,3,3,0,0,0,1,0,0,0,0,0,0,14,6
15322,1:2:1;1:2:2;1:3:2,3,4,0,0,0,1,0,0,0,0,0,0,14,6
15323,1:2:1;1:2:2;1:3:2,3,5,0,0,0,1,0,0,0,0,0,0,14,6
15324,1:2:1;1:2:2;1:3:2,4,0,0,0,0,1,0,0,0,0,0,0,17,6
15325,1:2:1;1:2:2;1:3:2,4,1,0,0,0,1,0,0,0,0,0,0,17,6
15326,1:2:1;1:2:2;1:3:2,4,2,0,0,0,1,0,0,0,0,0,0,17,6
15327,1:2:1;1:2:2;1:3:2,4,3,0,0,0,1,0,0,0,0,0,0,17,6
15328,1:2:1;1:2:2;1:3:2,4,4,0,0,0,1,0,0,0,0,0,0,17,6
15329,1:2:1;1:2:2;1:3:2,4,5,0,0,0,1,0,0,0,0,0,0,17,6
15330,1:2:1;1:2:2;1:3:2,5,0,1,1,1,0,1,1,1,1,1,4,6,1
15331,1:2:1;1:2:2;1:3:2,5,1,1,1,1,0,1,1,1,1,1,4,6,1
15332,1:2:1;1:2:2;1:3:2,5,2,1,1,1,0,1,1,1,1,1,4,6,1
15333,1:2:1;1:2:2;1:3:2,5,3,1,1,1,0,1,1,1,1,1,4,6,1
15334,1:2:1;1:2:2;1:3:2,5,4,1,1,1,0,1,1,1,1,1,4,6,1
15335,1:2:1;1:2:2;1:3:2,5,5,1,1,1,0,1,1,1,1,1,4,6,1
15336,1:2:1;1:2:2;1:3:3,0,0,0,0,0,1,0,0,0,0,0,0,1,6
15337,1:2:1;1:2:2;1:3:3,0,1,0,0,0,1,0,0,0,0,0,0,1,6
15338,1:2:1;1:2:2;1:3:3,0,2,0,0,0,1,0,0,0,0,0,0,1,6
15339,1:2:1;1:2:2;1:3:3,0,3,0,0,0,1,0,0,0,0,0,0,1,6
15340,1:2:1;1:2:2;1:3:3,0,4,0,0,0,1,0,0,0,0,0,0,1,6
15341,1:2:1;1:2:2;1:3:3,0,5,0,0,0,1,0,0,0,0,0,0,1,6
15342,1:2:1;1:2:2;1:3:3,1,0,0,0,0,1,0,0,0,0,0,0,4,6
15343,1:2:1;1:2:2;1:3:3,1,1,0,0,0,1,0,0,0,0,0,0,4,6
15344,1:2:1;1:2:2;1:3:3,1,2,0,0,0,1,0,0,0,0,0,0,4,6
15345,1:2:1;1:2:2;1:3:3,1,3,0,0,0,1,0,0,0,0,0,0,4,6
15346,1:2:1;1:2:2;1:3:3,1,4,0,0,0,1,0,0,0,0,0,0,4,6
15347,1:2:1;1:2:2;1:3:3,1,5,0,0,0,1,0,0,0,0,0,0,4,6
15348,1:2:1;1:2:2;1:3:3,2,0,0,0,0,1,0,0,0,0,0,0,9,6
15349,1:2:1;1:2:2;1:3:3,2,1,0,0,0,1,0,0,0,0,0,0,9,6
15350,1:2:1;1:2:2;1:3:3,2,2,0,0,0,1,0,0,0,0,0,0,9,6
15351,1:2:1;1:2:2;1:3:3,2,3,0,0,0,1,0,0,0,0,0,0,9,6
15352,1:2:1;1:2:2;1:3:3,2,4,0,0,0,1,0,0,0,0,0,0,9,6
15353,1:2:1;1:2:2;1:3:3,2,5,0,0,0,1,0,0,0,0,0,0,9,6
15354,1:2:1;1:2:2;1:3:3,3,0,0,0,0,1,0,0,0,0,0,0,15,6
15355,1:2:1;1:2:2;1:3:3,3,1,0,0,0,1,0,0,0,0,0,0,15,6
15356,1:2:1;1:2:2;1:3:3,3,2,0,0,0,1,0,0,0,0,0,0,15,6
15357,1:2:1;1:2:2;1:3:3,3,3,0,0,0,1,0,0,0,0,0,0,15,6
15358,1:2:1;1:2:2;1:3:3,3,4,0,0,0,1,0,0,0,0,0,0,15,6
15359,1:2:1;1:2:2;1:3:3,3,5,0,0,0,1,0,0,0,0,0,0,15,6
15360,1:2:1;1:2:2;1:3:3,4,0,0,0,0,1,0,0,0,0,0,0,20,6
15361,1:2:1;1:2:2;1:3:3,4,1,0,0,0,1,0,0,0,0,0,0,20,6
15362,1:2:1;1:2:2;1:3:3,4,2,0,0,0,1,0,0,0,0,0,0,20,6
15363,1:2:1;1:2:2;1:3:3,4,3,0,0,0,1,0,0,0,0,0,0,20,6
15364,1:2:1;1:2:2;1:3:3,4,4,0,0,0,1,0,0,0,0,0,0,20,6
15365,1:2:1;1:2:2;1:3:3,4,5,0,0,0,1,0,0,0,0,0,0,20,6
15366,1:2:1;1:2:2;1:3:3,5,0,0,0,0,1,0,0,0,0,0,0,23,6
15367,1:2:1;1:2:2;1:3:3,5,1,0,0,0,1,0,0,0,0,0,0,23,6
15368,1:2:1;1:2:2;1:3:3,5,2,0,0,0,1,0,0,0,0,0,0,23,6
15369,1:2:1;1:2:2;1:3:3,5,3,0,0,0,1,0,0,0,0,0,0,23,6
15370,1:2:1;1:2:2;1:3:3,5,4,0,0,0,1,0,0,0,0,0,0,23,6
15371,1:2:1;1:2:2;1:3:3,5,5,0,0,0,1,0,0,0,0,0,0,23,6
15372,1:2:1;1:2:2;1:4:3,0,0,0,0,0,1,0,0,0,0,0,0,1,6
15373,1:2:1;1:2:2;1:4:3,0,1,0,0,0,1,0,0,0,0,0,0,1,6
15374,1:2:1;1:2:2;1:4:3,0,2,0,0,0,1,0,0,0,0,0,0,1,6
15375,1:2:1;1:2:2;1:4:3,0,3,0,0,0,1,0,0,0,0,0,0,1,6
15376,1:2:1;1:2:2;1:4:3,0,4,0,0,0,1,0,0,0,0,0,0,1,6
15377,1:2:1;1:2:2;1:4:3,0,5,0,0,0,1,0,0,0,0,0,0,1,6
15378,1:2:1;1:2:2;1:4:3,1,0,0,0,0,1,0,0,0,0,0,0,4,6
15379,1:2:1;1:2:2;1:4:3,1,1,0,0,0,1,0,0,0,0,0,0,4,6
15380,1:2:1;1:2:2;1:4:3,1,2,0,0,0,1,0,0,0,0,0,0,4,6
15381,1:2:1;1:2:2;1:4:3,1,3,0,0,0,1,0,0,0,0,0,0,4,6
15382,1:2:1;1:2:2;1:4:3,1,4,0,0,0,1,0,0,0,0,0,0,4,6
15383,1:2:1;1:2:2;1:4:3,1,5,0,0,0,1,0,0,0,0,0,0,4,6
15384,1:2:1;1:2:2;1:4:3,2,0,0,0,0,1,0,0,0,0,0,0,9,6
15385,1:2:1;1:2:2;1:4:3,2,1,0,0,0,1,0,0,0,0,0,0,9,6
15386,1:2:1;1:2:2;1:4:3,2,2,0,0,0,1,0,0,0,0,0,0,9,6
15387,1:2:1;1:2:2;1:4:3,2,3,0,0,0,1,0,0,0,0,0,0,9,6
15388,1:2:1;1:2:2;1:4:3,2,4,0,0,0,1,0,0,0,0,0,0,9,6
15389,1:2:1;1:2:2;1:4:3,2,5,0,0,0,1,0,0,0,0,0,0,9,6
15390,1:2:1;1:2:2;1:4:3,3,0,0,0,0,1,0,0,0,0,0,0,15,6
15391,1:2:1;1:2:2;1:4:3,3,1,0,0,0,1,0,0,0,0,0,0,15,6
15392,1:2:1;1:2:2;1:4:3,3,2,0,0,0,1,0,0,0,0,0,0,15,6
15393,1:2:1;1:2:2;1:4:3,3,3,0,0,0,1,0,0,0,0,0,0,15,6
15394,1:2:1;1:2:2;1:4:3,3,4,0,0,0,1,0,0,0,0,0,0,15,6
15395,1:2:1;1:2:2;1:4:3,3,5,0,0,0,1,0,0,0,0,0,0,15,6
15396,1:2:1;1:2:2;1:4:3,4,0,0,0,0,1,0,0,0,0,0,0,20,6
15397,1:2:1;1:2:2;1:4:3,4,1,0,0,0,1,0,0,0,0,0,0,20,6
15398,1:2:1;1:2:2;1:4:3,4,2,0,0,0,1,0,0,0,0,0,0,20,6
15399,1:2:1;1:2:2;1:4:3,4,3,0,0,0,1,0,0,0,0,0,0,20,6
15400,1:2:1;1:2:2;1:4:3,4,4,0,0,0,1,0,0,0,0,0,0,20,6
15401,1:2:1;1:2:2;1:4:3,4,5,0,0,0,1,0,0,0,0,0,0,20,6
15402,1:2:1;1:2:2;1:4:3,5,0,0,0,0,1,0,0,0,0,0,0,23,6
15403,1:2:1;1:2:2;1:4:3,5,1,0,0,0,1,0,0,0,0,0,0,23,6
15404,1:2:1;1:2:2;1:4:3,5,2,0,0,0,1,0,0,0,0,0,0,23,6
15405,1:2:1;1:2:2;1:4:3,5,3,0,0,0,1,0,0,0,0,0,0,23,6
15406,1:2:1;1:2:2;1:4:3,5,4,0,0,0,1,0,0,0,0,0,0,23,6
15407,1:2:1;1:2:2;1:4:3,5,5,0,0,0,1,0,0,0,0,0,0,23,6
15408,1:2:1;1:3:2;1:3:2,0,0,0,0,0,1,0,0,0,0,0,0,1,6
15409,1:2:1;1:3:2;1:3:2,0,1,0,0,0,1,0,0,0,0,0,0,1,6
15410,1:2:1;1:3:2;1:3:2,0,2,0,0,0,1,0,0,0,0,0,0,1,6
15411,1:2:1;1:3:2;1:3:2,0,3,0,0,0,1,0,0,0,0,0,0,1,6
15412,1:2:1;1:3:2;1:3:2,0,4,0,0,0,1,0,0,0,0,0,0,1,6
15413,1:2:1;1:3:2;1:3:2,0,5,0,0,0,1,0,0,0,0,0,0,1,6
15414,1:2:1;1:3:2;1:3:2,1,0,0,0,0,1,0,0,0,0,0,0,4,6
15415,1:2:1;1:3:2;1:3:2,1,1,0,0,0,1,0,0,0,0,0,0,4,6
15416,1:2:1;1:3:2;1:3:2,1,2,0,0,0,1,0,0,0,0,0,0,4,6
15417,1:2:1;1:3:2;1:3:2,1,3,0,0,0,1,0,0,0,0,0,0,4,6
15418,1:2:1;1:3:2;1:3:2,1,4,0,0,0,1,0,0,0,0,0,0,4,6
15419,1:2:1;1:3:2;1:3:2,1,5,0,0,0,1,0,0,0,0,0,0,4,6
15420,1:2:1;1:3:2;1:3:2,2,0,0,0,0,1,0,0,0,0,0,0,9,6
15421,1:2:1;1:3:2;1:3:2,2,1,0,0,0,1,0,0,0,0,0,0,9,6
15422,1:2:1;1:3:2;1:3:2,2,2,0,0,0,1,0,0,0,0,0,0,9,6
15423,1:2:1;1:3:2;1:3:2,2,3,0,0,0,1,0,0,0,0,0,0,9,6
15424,1:2:1;1:3:2;1:3:2,2,4,0,0,0,1,0,0,0,0,0,0,9,6
15425,1:2:1;1:3:2;1:3:2,2,5,0,0,0,1,0,0,0,0,0,0,9,6
15426,1:2:1;1:3:2;1:3:2,3,0,0,0,0,1,0,0,0,0,0,0,14,6
15427,1:2:1;1:3:2;1:3:2,3,1,0,0,0,1,0,0,0,0,0,0,14,6
15428,1:2:1;1:3:2;1:3:2,3,2,0,0,0,1,0,0,0,0,0,0,14,6
15429,1:2:1;1:3:2;1:3:2,3,3,0,0,0,1,0,0,0,0,0,0,14,6
15430,1:2:1;1:3:2;1:3:2,3,4,0,0,0,1,0,0,0,0,0,0,14,6
15431,1:2:1;1:3:2;1:3:2,3,5,0,0,0,1,0,0,0,0,0,0,14,6
15432,1:2:1;1:3:2;1:3:2,4,0,0,0,0,1,0,0,0,0,0,0,17,6
15433,1:2:1;1:3:2;1:3:2,4,1,0,0,0,1,0,0,0,0,0,0,17,6
15434,1:2:1;1:3:2;1:3:2,4,2,0,0,0,1,0,0,0,0,0,0,17,6
15435,1:2:1;1:3:2;1:3:2,4,3,0,0,0,1,0,0,0,0,0,0,17,6
15436,1:2:1;1:3:2;1:3:2,4,4,0,0,0,1,0,0,0,0,0,0,17,6
15437,1:2:1;1:3:2;1:3:2,4,5,0,0,0,1,0,0,0,0,0,0,17,6
15438,1:2:1;1:3:2;1:3:2,5,0,1,1,1,0,1,1,1,1,1,4,6,1
15439,1:2:1;1:3:2;1:3:2,5,1,1,1,1,0,1,1,1,1,1,4,6,1
15440,1:2:1;1:3:2;1:3:2,5,2,1,1,1,0,1,1,1,1,1,4,6,1
15441,1:2:1;1:3:2;1:3:2,5,3,1,1,1,0,1,1,1,1,1,4,6,1
15442,1:2:1;1:3:2;1:3:2,5,4,1,1,1,0,1,1,1,1,1,4,6,1
15443,1:2:1;1:3:2;1:3:2,5,5,1,1,1,0,1,1,1,1,1,4,6,1
15444,1:2:1;1:3:2;1:3:3,0,0,0,0,0,1,0,0,0,0,0,0,1,6
15445,1:2:1;1:3:2;1:3:3,0,1,0,0,0,1,0,0,0,0,0,0,1,6
15446,1:2:1;1:3:2;1:3:3,0,2,0,0,0,1,0,0,0,0,0,0,1,6
15447,1:2:1;1:3:2;1:3:3,0,3,0,0,0,1,0,0,0,0,0,0,1,6
15448,1:2:1;1:3:2;1:3:3,0,4,0,0,0,1,0,0,0,0,0,0,1,6
15449,1:2:1;1:3:2;1:3:3,0,5,0,0,0,1,0,0,0,0,0,0,1,6
15450,1:2:1;1:3:2;1:3:3,1,0,0,0,0,1,0,0,0,0,0,0,4,6
15451,1:2:1;1:3:2;1:3:3,1,1,0,0,0,1,0,0,0,0,0,0,4,6
15452,1:2:1;1:3:2;1:3:3,1,2,0,0,0,1,0,0,0,0,0,0,4,6
15453,1:2:1;1:3:2;1:3:3,1,3,0,0,0,1,0,0,0,0,0,0,4,6
15454,1:2:1;1:3:2;1:3:3,1,4,0,0,0,1,0,0,0,0,0,0,4,6
15455,1:2:1;1:3:2;1:3:3,1,5,0,0,0,1,0,0,0,0,0,0,4,6
15456,1:2:1;1:3:2;1:3:3,2,0,0,0,0,1,0,0,0,0,0,0,9,6
15457,1:2:1;1:3:2;1:3:3,2,1,0,0,0,1,0,0,0,0,0,0,9,6
15458,1:2:1;1:3:2;1:3:3,2,2,0,0,0,1,0,0,0,0,0,0,9,6
15459,1:2:1;1:3:2;1:3:3,2,3,0,0,0,1,0,0,0,0,0,0,9,6
15460,1:2:1;1:3:2;1:3:3,2,4,0,0,0,1,0,0,0,0,0,0,9,6
15461,1:2:1;1:3:2;1:3:3,2,5,0,0,0,1,0,0,0,0,0,0,9,6
15462,1:2:1;1:3:2;1:3:3,3,0,0,0,0,1,0,0,0,0,0,0,15,6
15463,1:2:1;1:3:2;1:3:3,3,1,0,0,0,1,0,0,0,0,0,0,15,6
15464,1:2:1;1:3:2;1:3:3,3,2,0,0,0,1,0,0,0,0,0,0,15,6
15465,1:2:1;1:3:2;1:3:3,3,3,0,0,0,1,0,0,0,0,0,0,15,6
15466,1:2:1;1:3:2;1:3:3,3,4,0,0,0,1,0,0,0,0,0,0,15,6
15467,1:2:1;1:3:2;1:3:3,3,5,0,0,0,1,0,0,0,0,0,0,15,6
15468,1:2:1;1:3:2;1:3:3,4,0,0,0,0,1,0,0,0,0,0,0,20,6
15469,1:2:1;1:3:2;1:3:3,4,1,0,0,0,1,0,0,0,0,0,0,20,6
15470,1:2:1;1:3:2;1:3:3,4,2,0,0,0,1,0,0,0,0,0,0,20,6
15471,1:2:1;1:3:2;1:3:3,4,3,0,0,0,1,0,0,0,0,0,0,20,6
15472,1:2:1;1:3:2;1:3:3,4,4,0,0,0,1,0,0,0,0,0,0,20,6
15473,1:2:1;1:3:2;1:3:3,4,5,0,0,0,1,0,0,0,0,0,0,20,6
15474,1:2:1;1:3:2;1:3:3,5,0,0,0,0,1,0,0,0,0,0,0,23,6
15475,1:2:1;1:3:2;1:3:3,5,1,0,0,0,1,0,0,0,0,0,0,23,6
15476,1:2:1;1:3:2;1:3:3,5,2,0,0,0,1,0,0,0,0,0,0,23,6
15477,1:2:1;1:3:2;1:3:3,5,3,0,0,0,1,0,0,0,0,0,0,23,6
15478,1:2:1;1:3:2;1:3:3,5,4,0,0,0,1,0,0,0,0,0,0,23,6
15479,1:2:1;1:3:2;1:3:3,5,5,0,0,0,1,0,0,0,0,0,0,23,6
15480,1:2:1;1:3:2;1:4:3,0,0,0,0,0,1,0,0,0,0,0,0,1,6
15481,1:2:1;1:3:2;1:4:3,0,1,0,0,0,1,0,0,0,0,0,0,1,6
15482,1:2:1;1:3:2;1:4:3,0,2,0,0,0,1,0,0,0,0,0,0,1,6
15483,1:2:1;1:3:2;1:4:3,0,3,0,0,0,1,0,0,0,0,0,0,1,6
15484,1:2:1;1:3:2;1:4:3,0,4,0,0,0,1,0,0,0,0,0,0,1,6
15485,1:2:1;1:3:2;1:4:3,0,5,0,0,0,1,0,0,0,0,0,0,1,6
15486,1:2:1;1:3:2;1:4:3,1,0,0,0,0,1,0,0,0,0,0,0,4,6
15487,1:2:1;1:3:2;1:4:3,1,1,0,0,0,1,0,0,0,0,0,0,4,6
15488,1:2:1;1:3:2;1:4:3,1,2,0,0,0,1,0,0,0,0,0,0,4,6
15489,1:2:1;1:3:2;1:4:3,1,3,0,0,0,1,0,0,0,0,0,0,4,6
15490,1:2:1;1:3:2;1:4:3,1,4,0,0,0,1,0,0,0,0,0,0,4,6
15491,1:2:1;1:3:2;1:4:3,1,5,0,0,0,1,0,0,0,0,0,0,4,6
15492,1:2:1;1:3:2;1:4:3,2,0,0,0,0,1,0,0,0,0,0,0,9,6
15493,1:2:1;1:3:2;1:4:3,2,1,0,0,0,1,0,0,0,0,0,0,9,6
15494,1:2:1;1:3:2;1:4:3,2,2,0,0,0,1,0,0,0,0,0,0,9,6
15495,1:2:1;1:3:2;1:4:3,2,3,0,0,0,1,0,0,0,0,0,0,9,6
15496,1:2:1;1:3:2;1:4:3,2,4,0,0,0,1,0,0,0,0,0,0,9,6
15497,1:2:1;1:3:2;1:4:3,2,5,0,0,0,1,0,0,0,0,0,0,9,6
15498,1:2:1;1:3:2;1:4:3,3,0,0,0,0,1,0,0,0,0,0,0,15,6
15499,1:2:1;1:3:2;1:4:3,3,1,0,0,0,1,0,0,0,0,0,0,15,6
15500,1:2:1;1:3:2;1:4:3,3,2,0,0,0,1,0,0,0,0,0,0,15,6
15501,1:2:1;1:3:2;1:4:3,3,3,0,0,0,1,0,0,0,0,0,0,15,6
15502,1:2:1;1:3:2;1:4:3,3,4,0,0,0,1,0,0,0,0,0,0,15,6
15503,1:2:1;1:3:2;1:4:3,3,5,0,0,0,1,0,0,0,0,0,0,15,6
15504,1:2:1;1:3:2;1:4:3,4,0,0,0,0,1,0,0,0,0,0,0,20,6
15505,1:2:1;1:3:2;1:4:3,4,1,0,0,0,1,0,0,0,0,0,0,20,6
15506,1:2:1;1:3:2;1:4:3,4,2,0,0,0,1,0,0,0,0,0,0,20,6
15507,1:2:1;1:3:2;1:4:3,4,3,0,0,0,1,0,0,0,0,0,0,20,6
15508,1:2:1;1:3:2;1:4:3,4,4,0,0,0,1,0,0,0,0,0,0,20,6
15509,1:2:1;1:3:2;1:4:3,4,5,0,0,0,1,0,0,0,0,0,0,20,6
15510,1:2:1;1:3:2;1:4:3,5,0,0,0,0,1,0,0,0,0,0,0,23,6
15511,1:2:1;1:3:2;1:4:3,5,1,0,0,0,1,0,0,0,0,0,0,23,6
15512,1:2:1;1:3:2;1:4:3,5,2,0,0,0,1,0,0,0,0,0,0,23,6
15513,1:2:1;1:3:2;1:4:3,5,3,0,0,0,1,0,0,0,0,0,0,23,6
15514,1:2:1;1:3:2;1:4:3,5,4,0,0,0,1,0,0,0,0,0,0,23,6
15515,1:2:1;1:3:2;1:4:3,5,5,0,0,0,1,0,0,0,0,0,0,23,6
15516,1:2:1;1:3:3;1:3:3,0,0,0,0,0,1,0,0,0,0,0,0,1,6
15517,1:2:1;1:3:3;1:3:3,0,1,0,0,0,1,0,0,0,0,0,0,1,6
15518,1:2:1;1:3:3;1:3:3,0,2,0,0,0,1,0,0,0,0,0,0,1,6
15519,1:2:1;1:3:3;1:3:3,0,3,0,0,0,1,0,0,0,0,0,0,1,6
15520,1:2:1;1:3:3;1:3:3,0,4,0,0,0,1,0,0,0,0,0,0,1,6
15521,1:2:1;1:3:3;1:3:3,0,5,0,0,0,1,0,0,0,0,0,0,1,6
15522,1:2:1;1:3:3;1:3:3,1,0,0,0,0,1,0,0,0,0,0,0,4,6
15523,1:2:1;1:3:3;1:3:3,1,1,0,0,0,1,0,0,0,0,0,0,4,6
15524,1:2:1;1:3:3;1:3:3,1,2,0,0,0,1,0,0,0,0,0,0,4,6
15525,1:2:1;1:3:3;1:3:3,1,3,0,0,0,1,0,0,0,0,0,0,4,6
15526,1:2:1;1:3:3;1:3:3,1,4,0,0,0,1,0,0,0,0,0,0,4,6
15527,1:2:1;1:3:3;1:3:3,1,5,0,0,0,1,0,0,0,0,0,0,4,6
15528,1:2:1;1:3:3;1:3:3,2,0,0,0,0,1,0,0,0,0,0,0,9,6
15529,1:2:1;1:3:3;1:3:3,2,1,0,0,0,1,0,0,0,0,0,0,9,6
15530,1:2:1;1:3:3;1:3:3,2,2,0,0,0,1,0,0,0,0,0,0,9,6
15531,1:2:1;1:3:3;1:3:3,2,3,0,0,0,1,0,0,0,0,0,0,9,6
15532,1:2:1;1:3:3;1:3:3,2,4,0,0,0,1,0,0,0,0,0,0,9,6
15533,1:2:1;1:3:3;1:3:3,2,5,0,0,0,1,0,0,0,0,0,0,9,6
15534,1:2:1;1:3:3;1:3:3,3,0,0,0,0,1,0,0,0,0,0,0,16,6
15535,1:2:1;1:3:3;1:3:3,3,1,0,0,0,1,0,0,0,0,0,0,16,6
15536,1:2:1;1:3:3;1:3:3,3,2,0,0,0,1,0,0,0,0,0,0,16,6
15537,1:2:1;1:3:3;1:3:3,3,3,0,0,0,1,0,0,0,0,0,0,16,6
15538,1:2:1;1:3:3;1:3:3,3,4,0,0,0,1,0,0,0,0,0,0,16,6
15539,1:2:1;1:3:3;1:3:3,3,5,0,0,0,1,0,0,0,0,0,0,16,6
15540,1:2:1;1:3:3;1:3:3,4,0,0,0,0,1,0,0,0,0,0,0,23,6
15541,1:2:1;1:3:3;1:3:3,4,1,0,0,0,1,0,0,0,0,0,0,23,6
15542,1:2:1;1:3:3;1:3:3,4,2,0,0,0,1,0,0,0,0,0,0,23,6
15543,1:2:1;1:3:3;1:3:3,4,3,0,0,0,1,0,0,0,0,0,0,23,6
15544,1:2:1;1:3:3;1:3:3,4,4,0,0,0,1,0,0,0,0,0,0,23,6
15545,1:2:1;1:3:3;1:3:3,4,5,0,0,0,1,0,0,0,0,0,0,23,6
15546,1:2:1;1:3:3;1:3:3,5,0,0,0,0,1,0,0,0,0,0,0,28,6
15547,1:2:1;1:3:3;1:3:3,5,1,0,0,0,1,0,0,0,0,0,0,28,6
15548,1:2:1;1:3:3;1:3:3,5,2,0,0,0,1,0,0,0,0,0,0,28,6
15549,1:2:1;1:3:3;1:3:3,5,3,0,0,0,1,0,0,0,0,0,0,28,6
15550,1:2:1;1:3:3;1:3:3,5,4,0,0,0,1,0,0,0,0,0,0,28,6
15551,1:2:1;1:3:3;1:3:3,5,5,0,0,0,1,0,0,0,0,0,0,28,6
15552,1:2:1;1:3:3;1:4:3,0,0,0,0,0,1,0,0,0,0,0,0,1,6
15553,1:2:1;1:3:3;1:4:3,0,1,0,0,0,1,0,0,0,0,0,0,1,6
15554,1:2:1;1:3:3;1:4:3,0,2,0,0,0,1,0,0,0,0,0,0,1,6
15555,1:2:1;1:3:3;1:4:3,0,3,0,0,0,1,0,0,0,0,0,0,1,6
15556,1:2:1;1:3:3;1:4:3,0,4,0,0,0,1,0,0,0,0,0,0,1,6
15557,1:2:1;1:3:3;1:4:3,0,5,0,0,0,1,0,0,0,0,0,0,1,6
15558,1:2:1;1:3:3;1:4:3,1,0,0,0,0,1,0,0,0,0,0,0,4,6
15559,1:2:1;1:3:3;1:4:3,1,1,0,0,0,1,0,0,0,0,0,0,4,6
15560,1:2:1;1:3:3;1:4:3,1,2,0,0,0,1,0,0,0,0,0,0,4,6
15561,1:2:1;1:3:3;1:4:3,1,3,0,0,0,1,0,0,0,0,0,0,4,6
15562,1:2:1;1:3:3;1:4:3,1,4,0,0,0,1,0,0,0,0,0,0,4,6
15563,1:2:1;1:3:3;1:4:3,1,5,0,0,0,1,0,0,0,0,0,0,4,6
15564,1:2:1;1:3:3;1:4:3,2,0,0,0,0,1,0,0,0,0,0,0,9,6
15565,1:2:1;1:3:3;1:4:3,2,1,0,0,0,1,0,0,0,0,0,0,9,6
15566,1:2:1;1:3:3;1:4:3,2,2,0,0,0,1,0,0,0,0,0,0,9,6
15567,1:2:1;1:3:3;1:4:3,2,3,0,0,0,1,0,0,0,0,0,0,9,6
15568,1:2:1;1:3:3;1:4:3,2,4,0,0,0,1,0,0,0,0,0,0,9,6
15569,1:2:1;1:3:3;1:4:3,2,5,0,0,0,1,0,0,0,0,0,0,9,6
15570,1:2:1;1:3:3;1:4:3,3,0,0,0,0,1,0,0,0,0,0,0,16,6
15571,1:2:1;1:3:3;1:4:3,3,1,0,0,0,1,0,0,0,0,0,0,16,6
15572,1:2:1;1:3:3;1:4:3,3,2,0,0,0,1,0,0,0,0,0,0,16,6
15573,1:2:1;1:3:3;1:4:3,3,3,0,0,0,1,0,0,0,0,0,0,16,6
15574,1:2:1;1:3:3;1:4:3,3,4,0,0,0,1,0,0,0,0,0,0,16,6
15575,1:2:1;1:3:3;1:4:3,3,5,0,0,0,1,0,0,0,0,0,0,16,6
15576,1:2:1;1:3:3;1:4:3,4,0,0,0,0,1,0,0,0,0,0,0,23,6
15577,1:2:1;1:3:3;1:4:3,4,1,0,0,0,1,0,0,0,0,0,0,23,6
15578,1:2:1;1:3:3;1:4:3,4,2,0,0,0,1,0,0,0,0,0,0,23,6
15579,1:2:1;1:3:3;1:4:3,4,3,0,0,0,1,0,0,0,0,0,0,23,6
15580,1:2:1;1:3:3;1:4:3,4,4,0,0,0,1,0,0,0,0,0,0,23,6
15581,1:2:1;1:3:3;1:4:3,4,5,0,0,0,1,0,0,0,0,0,0,23,6
15582,1:2:1;1:3:3;1:4:3,5,0,0,0,0,1,0,0,0,0,0,0,28,6
15583,1:2:1;1:3:3;1:4:3,5,1,0,0,0,1,0,0,0,0,0,0,28,6
15584,1:2:1;1:3:3;1:4:3,5,2,0,0,0,1,0,0,0,0,0,0,28,6
15585,1:2:1;1:3:3;1:4:3,5,3,0,0,0,1,0,0,0,0,0,0,28,6
15586,1:2:1;1:3:3;1:4:3,5,4,0,0,0,1,0,0,0,0,0,0,28,6
15587,1:2:1;1:3:3;1:4:3,5,5,0,0,0,1,0,0,0,0,0,0,28,6
15588,1:2:1;1:4:3;1:4:3,0,0,0,0,0,1,0,0,0,0,0,0,1,6
15589,1:2:1;1:4:3;1:4:3,0,1,0,0,0,1,0,0,0,0,0,0,1,6
15590,1:2:1;1:4:3;1:4:3,0,2,0,0,0,1,0,0,0,0,0,0,1,6
15591,1:2:1;1:4:3;1:4:3,0,3,0,0,0,1,0,0,0,0,0,0,1,6
15592,1:2:1;1:4:3;1:4:3,0,4,0,0,0,1,0,0,0,0,0,0,1,6
15593,1:2:1;1:4:3;1:4:3,0,5,0,0,0,1,0,0,0,0,0,0,1,6
15594,1:2:1;1:4:3;1:4:3,1,0,0,0,0,1,0,0,0,0,0,0,4,6
15595,1:2:1;1:4:3;1:4:3,1,1,0,0,0,1,0,0,0,0,0,0,4,6
15596,1:2:1;1:4:3;1:4:3,1,2,0,0,0,1,0,0,0,0,0,0,4,6
15597,1:2:1;1:4:3;1:4:3,1,3,0,0,0,1,0,0,0,0,0,0,4,6
15598,1:2:1;1:4:3;1:4:3,1,4,0,0,0,1,0,0,0,0,0,0,4,6
15599,1:2:1;1:4:3;1:4:3,1,5,0,0,0,1,0,0,0,0,0,0,4,6
15600,1:2:1;1:4:3;1:4:3,2,0,0,0,0,1,0,0,0,0,0,0,9,6
15601,1:2:1;1:4:3;1:4:3,2,1,0,0,0,1,0,0,0,0,0,0,9,6
15602,1:2:1;1:4:3;1:4:3,2,2,0,0,0,1,0,0,0,0,0,0,9,6
15603,1:2:1;1:4:3;1:4:3,2,3,0,0,0,1,0,0,0,0,0,0,9,6
15604,1:2:1;1:4:3;1:4:3,2,4,0,0,0,1,0,0,0,0,0,0,9,6
15605,1:2:1;1:4:3;1:4:3,2,5,0,0,0,1,0,0,0,0,0,0,9,6
15606,1:2:1;1:4:3;1:4:3,3,0,0,0,0,1,0,0,0,0,0,0,16,6
15607,1:2:1;1:4:3;1:4:3,3,1,0,0,0,1,0,0,0,0,0,0,16,6
15608,1:2:1;1:4:3;1:4:3,3,2,0,0,0,1,0,0,0,0,0,0,16,6
15609,1:2:1;1:4:3;1:4:3,3,3,0,0,0,1,0,0,0,0,0,0,16,6
15610,1:2:1;1:4:3;1:4:3,3,4,0,0,0,1,0,0,0,0,0,0,16,6
15611,1:2:1;1:4:3;1:4:3,3,5,0,0,0,1,0,0,0,0,0,0,16,6
15612,1:2:1;1:4:3;1:4:3,4,0,0,0,0,1,0,0,0,0,0,0,23,6
15613,1:2:1;1:4:3;1:4:3,4,1,0,0,0,1,0,0,0,0,0,0,23,6
15614,1:2:1;1:4:3;1:4:3,4,2,0,0,0,1,0,0,0,0,0,0,23,6
15615,1:2:1;1:4:3;1:4:3,4,3,0,0,0,1,0,0,0,0,0,0,23,6
15616,1:2:1;1:4:3;1:4:3,4,4,0,0,0,1,0,0,0,0,0,0,23,6
15617,1:2:1;1:4:3;1:4:3,4,5,0,0,0,1,0,0,0,0,0,0,23,6
15618,1:2:1;1:4:3;1:4:3,5,0,0,0,0,1,0,0,0,0,0,0,28,6
15619,1:2:1;1:4:3;1:4:3,5,1,0,0,0,1,0,0,0,0,0,0,28,6
15620,1:2:1;1:4:3;1:4:3,5,2,0,0,0,1,0,0,0,0,0,0,28,6
15621,1:2:1;1:4:3;1:4:3,5,3,0,0,0,1,0,0,0,0,0,0,28,6
15622,1:2:1;1:4:3;1:4:3,5,4,0,0,0,1,0,0,0,0,0,0,28,6
15623,1:2:1;1:4:3;1:4:3,5,5,0,0,0,1,0,0,0,0,0,0,28,6
15624,1:2:2;1:2:2;1:2:2,0,0,0,0,0,1,0,0,0,0,0,0,1,6
15625,1:2:2;1:2:2;1:2:2,0,1,0,0,0,1,0,0,0,0,0,0,1,6
15626,1:2:2;1:2:2;1:2:2,0,2,0,0,0,1,0,0,0,0,0,0,1,6
15627,1:2:2;1:2:2;1:2:2,0,3,0,0,0,1,0,0,0,0,0,0,1,6
15628,1:2:2;1:2:2;1:2:2,0,4,0,0,0,1,0,0,0,0,0,0,1,6
15629,1:2:2;1:2:2;1:2:2,0,5,0,0,0,1,0,0,0,0,0,0,1,6
15630,1:2:2;1:2:2;1:2:2,1,0,0,0,0,1,0,0,0,0,0,0,4,6
15631,1:2:2;1:2:2;1:2:2,1,1,0,0,0,1,0,0,0,0,0,0,4,6
15632,1:2:2;1:2:2;1:2:2,1,2,0,0,0,1,0,0,0,0,0,0,4,6
15633,1:2:2;1:2:2;1:2:2,1,3,0,0,0,1,0,0,0,0,0,0,4,6
15634,1:2:2;1:2:2;1:2:2,1,4,0,0,0,1,0,0,0,0,0,0,4,6
15635,1:2:2;1:2:2;1:2:2,1,5,0,0,0,1,0,0,0,0,0,0,4,6
15636,1:2:2;1:2:2;1:2:2,2,0,0,0,0,1,0,0,0,0,0,0,10,6
15637,1:2:2;1:2:2;1:2:2,2,1,0,0,0,1,0,0,0,0,0,0,10,6
15638,1:2:2;1:2:2;1:2:2,2,2,0,0,0,1,0,0,0,0,0,0,10,6
15639,1:2:2;1:2:2;1:2:2,2,3,0,0,0,1,0,0,0,0,0,0,10,6
15640,1:2:2;1:2:2;1:2:2,2,4,0,0,0,1,0,0,0,0,0,0,10,6
15641,1:2:2;1:2:2;1:2:2,2,5,0,0,0,1,0,0,0,0,0,0,10,6
15642,1:2:2;1:2:2;1:2:2,3,0,0,0,0,1,0,0,0,0,0,0,17,6
15643,1:2:2;1:2:2;1:2:2,3,1,0,0,0,1,0,0,0,0,0,0,17,6
15644,1:2:2;1:2:2;1:2:2,3,2,0,0,0,1,0,0,0,0,0,0,17,6
15645,1:2:2;1:2:2;1:2:2,3,3,0,0,0,1,0,0,0,0,0,0,17,6
15646,1:2:2;1:2:2;1:2:2,3,4,0,0,0,1,0,0,0,0,0,0,17,6
15647,1:2:2;1:2:2;1:2:2,3,5,0,0,0,1,0,0,0,0,0,0,17,6
15648,1:2:2;1:2:2;1:2:2,4,0,0,0,0,1,0,0,0,0,0,0,23,6
15649,1:2:2;1:2:2;1:2:2,4,1,0,0,0,1,0,0,0,0,0,0,23,6
15650,1:2:2;1:2:2;1:2:2,4,2,0,0,0,1,0,0,0,0,0,0,23,6
15651,1:2:2;1:2:2;1:2:2,4,3,0,0,0,1,0,0,0,0,0,0,23,6
15652,1:2:2;1:2:2;1:2:2,4,4,0,0,0,1,0,0,0,0,0,0,23,6
15653,1:2:2;1:2:2;1:2:2,4,5,0,0,0,1,0,0,0,0,0,0,23,6
15654,1:2:2;1:2:2;1:2:2,5,0,0,0,0,1,0,0,0,0,0,0,26,6
15655,1:2:2;1:2:2;1:2:2,5,1,0,0,0,1,0,0,0,0,0,0,26,6
15656,1:2:2;1:2:2;1:2:2,5,2,0,0,0,1,0,0,0,0,0,0,26,6
15657,1:2:2;1:2:2;1:2:2,5,3,0,0,0,1,0,0,0,0,0,0,26,6
15658,1:2:2;1:2:2;1:2:2,5,4,0,0,0,1,0,0,0,0,0,0,26,6
15659,1:2:2;1:2:2;1:2:2,5,5,0,0,0,1,0,0,0,0,0,0,26,6
15660,1:2:2;1:2:2;1:3:2,0,0,0,0,0,1,0,0,0,0,0,0,1,6
15661,1:2:2;1:2:2;1:3:2,0,1,0,0,0,1,0,0,0,0,0,0,1,6
15662,1:2:2;1:2:2;1:3:2,0,2,0,0,0,1,0,0,0,0,0,0,1,6
15663,1:2:2;1:2:2;1:3:2,0,3,0,0,0,1,0,0,0,0,0,0,1,6
15664,1:2:2;1:2:2;1:3:2,0,4,0,0,0,1,0,0,0,0,0,0,1,6
15665,1:2:2;1:2:2;1:3:2,0,5,0,0,0,1,0,0,0,0,0,0,1,6
15666,1:2:2;1:2:2;1:3:2,1,0,0,0,0,1,0,0,0,0,0,0,4,6
15667,1:2:2;1:2:2;1:3:2,1,1,0,0,0,1,0,0,0,0,0,0,4,6
15668,1:2:2;1:2:2;1:3:2,1,2,0,0,0,1,0,0,0,0,0,0,4,6
15669,1:2:2;1:2:2;1:3:2,1,3,0,0,0,1,0,0,0,0,0,0,4,6
15670,1:2:2;1:2:2;1:3:2,1,4,0,0,0,1,0,0,0,0,0,0,4,6
15671,1:2:2;1:2:2;1:3:2,1,5,0,0,0,1,0,0,0,0,0,0,4,6
15672,1:2:2;1:2:2;1:3:2,2,0,0,0,0,1,0,0,0,0,0,0,10,6
15673,1:2:2;1:2:2;1:3:2,2,1,0,0,0,1,0,0,0,0,0,0,10,6
15674,1:2:2;1:2:2;1:3:2,2,2,0,0,0,1,0,0,0,0,0,0,10,6
15675,1:2:2;1:2:2;1:3:2,2,3,0,0,0,1,0,0,0,0,0,0,10,6
15676,1:2:2;1:2:2;1:3:2,2,4,0,0,0,1,0,0,0,0,0,0,10,6
15677,1:2:2;1:2:2;1:3:2,2,5,0,0,0,1,0,0,0,0,0,0,10,6
15678,1:2:2;1:2:2;1:3:2,3,0,0,0,0,1,0,0,0,0,0,0,17,6
15679,1:2:2;1:2:2;1:3:2,3,1,0,0,0,1,0,0,0,0,0,0,17,6
15680,1:2:2;1:2:2;1:3:2,3,2,0,0,0,1,0,0,0,0,0,0,17,6
15681,1:2:2;1:2:2;1:3:2,3,3,0,0,0,1,0,0,0,0,0,0,17,6
15682,1:2:2;1:2:2;1:3:2,3,4,0,0,0,1,0,0,0,0,0,0,17,6
15683,1:2:2;1:2:2;1:3:2,3,5,0,0,0,1,0,0,0,0,0,0,17,6
15684,1:2:2;1:2:2;1:3:2,4,0,0,0,0,1,0,0,0,0,0,0,23,6
15685,1:2:2;1:2:2;1:3:2,4,1,0,0,0,1,0,0,0,0,0,0,23,6
15686,1:2:2;1:2:2;1:3:2,4,2,0,0,0,1,0,0,0,0,0,0,23,6
15687,1:2:2;1:2:2;1:3:2,4,3,0,0,0,1,0,0,0,0,0,0,23,6
15688,1:2:2;1:2:2;1:3:2,4,4,0,0,0,1,0,0,0,0,0,0,23,6
15689,1:2:2;1:2:2;1:3:2,4,5,0,0,0,1,0,0,0,0,0,0,23,6
15690,1:2:2;1:2:2;1:3:2,5,0,0,0,0,1,0,0,0,0,0,0,26,6
15691,1:2:2;1:2:2;1:3:2,5,1,0,0,0,1,0,0,0,0,0,0,26,6
15692,1:2:2;1:2:2;1:3:2,5,2,0,0,0,1,0,0,0,0,0,0,26,6
15693,1:2:2;1:2:2;1:3:2,5,3,0,0,0,1,0,0,0,0,0,0,26,6
15694,1:2:2;1:2:2;1:3:2,5,4,0,0,0,1,0,0,0,0,0,0,26,6
15695,1:2:2;1:2:2;1:3:2,5,5,0,0,0,1,0,0,0,0,0,0,26,6
15696,1:2:2;1:2:2;1:3:3,0,0,0,0,0,1,0,0,0,0,0,0,1,6
15697,1:2:2;1:2:2;1:3:3,0,1,0,0,0,1,0,0,0,0,0,0,1,6
15698,1:2:2;1:2:2;1:3:3,0,2,0,0,0,1,0,0,0,0,0,0,1,6
15699,1:2:2;1:2:2;1:3:3,0,3,0,0,0,1,0,0,0,0,0,0,1,6
15700,1:2:2;1:2:2;1:3:3,0,4,0,0,0,1,0,0,0,0,0,0,1,6
15701,1:2:2;1:2:2;1:3:3,0,5,0,0,0,1,0,0,0,0,0,0,1,6
15702,1:2:2;1:2:2;1:3:3,1,0,0,0,0,1,0,0,0,0,0,0,4,6
15703,1:2:2;1:2:2;1:3:3,1,1,0,0,0,1,0,0,0,0,0,0,4,6
15704,1:2:2;1:2:2;1:3:3,1,2,0,0,0,1,0,0,0,0,0,0,4,6
15705,1:2:2;1:2:2;1:3:3,1,3,0,0,0,1,0,0,0,0,0,0,4,6
15706,1:2:2;1:2:2;1:3:3,1,4,0,0,0,1,0,0,0,0,0,0,4,6
15707,1:2:2;1:2:2;1:3:3,1,5,0,0,0,1,0,0,0,0,0,0,4,6
15708,1:2:2;1:2:2;1:3:3,2,0,0,0,0,1,0,0,0,0,0,0,10,6
15709,1:2:2;1:2:2;1:3:3,2,1,0,0,0,1,0,0,0,0,0,0,10,6
15710,1:2:2;1:2:2;1:3:3,2,2,0,0,0,1,0,0,0,0,0,0,10,6
15711,1:2:2;1:2:2;1:3:3,2,3,0,0,0,1,0,0,0,0,0,0,10,6
15712,1:2:2;1:2:2;1:3:3,2,4,0,0,0,1,0,0,0,0,0,0,10,6
15713,1:2:2;1:2:2;1:3:3,2,5,0,0,0,1,0,0,0,0,0,0,10,6
15714,1:2:2;1:2:2;1:3:3,3,0,0,0,0,1,0,0,0,0,0,0,18,6
15715,1:2:2;1:2:2;1:3:3,3,1,0,0,0,1,0,0,0,0,0,0,18,6
15716,1:2:2;1:2:2;1:3:3,3,2,0,0,0,1,0,0,0,0,0,0,18,6
15717,1:2:2;1:2:2;1:3:3,3,3,0,0,0,1,0,0,0,0,0,0,18,6
15718,1:2:2;1:2:2;1:3:3,3,4,0,0,0,1,0,0,0,0,0,0,18,6
15719,1:2:2;1:2:2;1:3:3,3,5,0,0,0,1,0,0,0,0,0,0,18,6
15720,1:2:2;1:2:2;1:3:3,4,0,0,0,0,1,0,0,0,0,0,0,26,6
15721,1:2:2;1:2:2;1:3:3,4,1,0,0,0,1,0,0,0,0,0,0,26,6
15722,1:2:2;1:2:2;1:3:3,4,2,0,0,0,1,0,0,0,0,0,0,26,6
15723,1:2:2;1:2:2;1:3:3,4,3,0,0,0,1,0,0,0,0,0,0,26,6
15724,1:2:2;1:2:2;1:3:3,4,4,0,0,0,1,0,0,0,0,0,0,26,6
15725,1:2:2;1:2:2;1:3:3,4,5,0,0,0,1,0,0,0,0,0,0,26,6
15726,1:2:2;1:2:2;1:3:3,5,0,0,0,0,1,0,0,0,0,0,0,32,6
15727,1:2:2;1:2:2;1:3:3,5,1,0,0,0,1,0,0,0,0,0,0,32,6
15728,1:2:2;1:2:2;1:3:3,5,2,0,0,0,1,0,0,0,0,0,0,32,6
15729,1:2:2;1:2:2;1:3:3,5,3,0,0,0,1,0,0,0,0,0,0,32,6
15730,1:2:2;1:2:2;1:3:3,5,4,0,0,0,1,0,0,0,0,0,0,32,6
15731,1:2:2;1:2:2;1:3:3,5,5,0,0,0,1,0,0,0,0,0,0,32,6
15732,1:2:2;1:2:2;1:4:3,0,0,0,0,0,1,0,0,0,0,0,0,1,6
15733,1:2:2;1:2:2;1:4:3,0,1,0,0,0,1,0,0,0,0,0,0,1,6
15734,1:2:2;1:2:2;1:4:3,0,2,0,0,0,1,0,0,0,0,0,0,1,6
15735,1:2:2;1:2:2;1:4:3,0,3,0,0,0,1,0,0,0,0,0,0,1,6
15736,1:2:2;1:2:2;1:4:3,0,4,0,0,0,1,0,0,0,0,0,0,1,6
15737,1:2:2;1:2:2;1:4:3,0,5,0,0,0,1,0,0,0,0,0,0,1,6
15738,1:2:2;1:2:2;1:4:3,1,0,0,0,0,1,0,0,0,0,0,0,4,6
15739,1:2:2;1:2:2;1:4:3,1,1,0,0,0,1,0,0,0,0,0,0,4,6
15740,1:2:2;1:2:2;1:4:3,1,2,0,0,0,1,0,0,0,0,0,0,4,6
15741,1:2:2;1:2:2;1:4:3,1,3,0,0,0,1,0,0,0,0,0,0,4,6
15742,1:2:2;1:2:2;1:4:3,1,4,0,0,0,1,0,0,0,0,0,0,4,6
15743,1:2:2;1:2:2;1:4:3,1,5,0,0,0,1,0,0,0,0,0,0,4,6
15744,1:2:2;1:2:2;1:4:3,2,0,0,0,0,1,0,0,0,0,0,0,10,6
15745,1:2:2;1:2:2;1:4:3,2,1,0,0,0,1,0,0,0,0,0,0,10,6
15746,1:2:2;1:2:2;1:4:3,2,2,0,0,0,1,0,0,0,0,0,0,10,6
15747,1:2:2;1:2:2;1:4:3,2,3,0,0,0,1,0,0,0,0,0,0,10,6
15748,1:2:2;1:2:2;1:4:3,2,4,0,0,0,1,0,0,0,0,0,0,10,6
15749,1:2:2;1:2:2;1:4:3,2,5,0,0,0,1,0,0,0,0,0,0,10,6
15750,1:2:2;1:2:2;1:4:3,3,0,0,0,0,1,0,0,0,0,0,0,18,6
15751,1:2:2;1:2:2;1:4:3,3,1,0,0,0,1,0,0,0,0,0,0,18,6
15752,1:2:2;1:2:2;1:4:3,3,2,0,0,0,1,0,0,0,0,0,0,18,6
15753,1:2:2;1:2:2;1:4:3,3,3,0,0,0,1,0,0,0,0,0,0,18,6
15754,1:2:2;1:2:2;1:4:3,3,4,0,0,0,1,0,0,0,0,0,0,18,6
15755,1:2:2;1:2:2;1:4:3,3,5,0,0,0,1,0,0,0,0,0,0,18,6
15756,1:2:2;1:2:2;1:4:3,4,0,0,0,0,1,0,0,0,0,0,0,26,6
15757,1:2:2;1:2:2;1:4:3,4,1,0,0,0,1,0,0,0,0,0,0,26,6
15758,1:2:2;1:2:2;1:4:3,4,2,0,0,0,1,0,0,0,0,0,0,26,6
15759,1:2:2;1:2:2;1:4:3,4,3,0,0,0,1,0,0,0,0,0,0,26,6
15760,1:2:2;1:2:2;1:4:3,4,4,0,0,0,1,0,0,0,0,0,0,26,6
15761,1:2:2;1:2:2;1:4:3,4,5,0,0,0,1,0,0,0,0,0,0,26,6
15762,1:2:2;1:2:2;1:4:3,5,0,0,0,0,1,0,0,0,0,0,0,32,6
15763,1:2:2;1:2:2;1:4:3,5,1,0,0,0,1,0,0,0,0,0,0,32,6
15764,1:2:2;1:2:2;1:4:3,5,2,0,0,0,1,0,0,0,0,0,0,32,6
15765,1:2:2;1:2:2;1:4:3,5,3,0,0,0,1,0,0,0,0,0,0,32,6
15766,1:2:2;1:2:2;1:4:3,5,4,0,0,0,1,0,0,0,0,0,0,32,6
15767,1:2:2;1:2:2;1:4:3,5,5,0,0,0,1,0,0,0,0,0,0,32,6
15768,1:2:2;1:3:2;1:3:2,0,0,0,0,0,1,0,0,0,0,0,0,1,6
15769,1:2:2;1:3:2;1:3:2,0,1,0,0,0,1,0,0,0,0,0,0,1,6
15770,1:2:2;1:3:2;1:3:2,0,2,0,0,0,1,0,0,0,0,0,0,1,6
15771,1:2:2;1:3:2;1:3:2,0,3,0,0,0,1,0,0,0,0,0,0,1,6
15772,1:2:2;1:3:2;1:3:2,0,4,0,0,0,1,0,0,0,0,0,0,1,6
15773,1:2:2;1:3:2;1:3:2,0,5,0,0,0,1,0,0,0,0,0,0,1,6
15774,1:2:2;1:3:2;1:3:2,1,0,0,0,0,1,0,0,0,0,0,0,4,6
15775,1:2:2;1:3:2;1:3:2,1,1,0,0,0,1,0,0,0,0,0,0,4,6
15776,1:2:2;1:3:2;1:3:2,1,2,0,0,0,1,0,0,0,0,0,0,4,6
15777,1:2:2;1:3:2;1:3:2,1,3,0,0,0,1,0,0,0,0,0,0,4,6
15778,1:2:2;1:3:2;1:3:2,1,4,0,0,0,1,0,0,0,0,0,0,4,6
15779,1:2:2;1:3:2;1:3:2,1,5,0,0,0,1,0,0,0,0,0,0,4,6
15780,1:2:2;1:3:2;1:3:2,2,0,0,0,0,1,0,0,0,0,0,0,10,6
15781,1:2:2;1:3:2;1:3:2,2,1,0,0,0,1,0,0,0,0,0,0,10,6
15782,1:2:2;1:3:2;1:3:2,2,2,0,0,0,1,0,0,0,0,0,0,10,6
15783,1:2:2;1:3:2;1:3:2,2,3,0,0,0,1,0,0,0,0,0,0,10,6
15784,1:2:2;1:3:2;1:3:2,2,4,0,0,0,1,0,0,0,0,0,0,10,6
15785,1:2:2;1:3:2;1:3:2,2,5,0,0,0,1,0,0,0,0,0,0,10,6
15786,1:2:2;1:3:2;1:3:2,3,0,0,0,0,1,0,0,0,0,0,0,17,6
15787,1:2:2;1:3:2;1:3:2,3,1,0,0,0,1,0,0,0,0,0,0,17,6
15788,1:2:2;1:3:2;1:3:2,3,2,0,0,0,1,0,0,0,0,0,0,17,6
15789,1:2:2;1:3:2;1:3:2,3,3,0,0,0,1,0,0,0,0,0,0,17,6
15790,1:2:2;1:3:2;1:3:2,3,4,0,0,0,1,0,0,0,0,0,0,17,6
15791,1:2:2;1:3:2;1:3:2,3,5,0,0,0,1,0,0,0,0,0,0,17,6
15792,1:2:2;1:3:2;1:3:2,4,0,0,0,0,1,0,0,0,0,0,0,23,6
15793,1:2:2;1:3:2;1:3:2,4,1,0,0,0,1,0,0,0,0,0,0,23,6
15794,1:2:2;1:3:2;1:3:2,4,2,0,0,0,1,0,0,0,0,0,0,23,6
15795,1:2:2;1:3:2;1:3:2,4,3,0,0,0,1,0,0,0,0,0,0,23,6
15796,1:2:2;1:3:2;1:3:2,4,4,0,0,0,1,0,0,0,0,0,0,23,6
15797,1:2:2;1:3:2;1:3:2,4,5,0,0,0,1,0,0,0,0,0,0,23,6
15798,1:2:2;1:3:2;1:3:2,5,0,0,0,0,1,0,0,0,0,0,0,26,6
15799,1:2:2;1:3:2;1:3:2,5,1,0,0,0,1,0,0,0,0,0,0,26,6
15800,1:2:2;1:3:2;1:3:2,5,2,0,0,0,1,0,0,0,0,0,0,26,6
15801,1:2:2;1:3:2;1:3:2,5,3,0,0,0,1,0,0,0,0,0,0,26,6
15802,1:2:2;1:3:2;1:3:2,5,4,0,0,0,1,0,0,0,0,0,0,26,6
15803,1:2:2;1:3:2;1:3:2,5,5,0,0,0,1,0,0,0,0,0,0,26,6
15804,1:2:2;1:3:2;1:3:3,0,0,0,0,0,1,0,0,0,0,0,0,1,6
15805,1:2:2;1:3:2;1:3:3,0,1,0,0,0,1,0,0,0,0,0,0,1,6
15806,1:2:2;1:3:2;1:3:3,0,2,0,0,0,1,0,0,0,0,0,0,1,6
15807,1:2:2;1:3:2;1:3:3,0,3,0,0,0,1,0,0,0,0,0,0,1,6
15808,1:2:2;1:3:2;1:3:3,0,4,0,0,0,1,0,0,0,0,0,0,1,6
15809,1:2:2;1:3:2;1:3:3,0,5,0,0,0,1,0,0,0,0,0,0,1,6
15810,1:2:2;1:3:2;1:3:3,1,0,0,0,0,1,0,0,0,0,0,0,4,6
15811,1:2:2;1:3:2;1:3:3,1,1,0,0,0,1,0,0,0,0,0,0,4,6
15812,1:2:2;1:3:2;1:3:3,1,2,0,0,0,1,0,0,0,0,0,0,4,6
15813,1:2:2;1:3:2;1:3:3,1,3,0,0,0,1,0,0,0,0,0,0,4,6
15814,1:2:2;1:3:2;1:3:3,1,4,0,0,0,1,0,0,0,0,0,0,4,6
15815,1:2:2;1:3:2;1:3:3,1,5,0,0,0,1,0,0,0,0,0,0,4,6
15816,1:2:2;1:3:2;1:3:3,2,0,0,0,0,1,0,0,0,0,0,0,10,6
15817,1:2:2;1:3:2;1:3:3,2,1,0,0,0,1,0,0,0,0,0,0,10,6
15818,1:2:2;1:3:2;1:3:3,2,2,0,0,0,1,0,0,0,0,0,0,10,6
15819,1:2:2;1:3:2;1:3:3,2,3,0,0,0,1,0,0,0,0,0,0,10,6
15820,1:2:2;1:3:2;1:3:3,2,4,0,0,0,1,0,0,0,0,0,0,10,6
15821,1:2:2;1:3:2;1:3:3,2,5,0,0,0,1,0,0,0,0,0,0,10,6
15822,1:2:2;1:3:2;1:3:3,3,0,0,0,0,1,0,0,0,0,0,0,18,6
15823,1:2:2;1:3:2;1:3:3,3,1,0,0,0,1,0,0,0,0,0,0,18,6
15824,1:2:2;1:3:2;1:3:3,3,2,0,0,0,1,0,0,0,0,0,0,18,6
15825,1:2:2;1:3:2;1:3:3,3,3,0,0,0,1,0,0,0,0,0,0,18,6
15826,1:2:2;1:3:2;1:3:3,3,4,0,0,0,1,0,0,0,0,0,0,18,6
15827,1:2:2;1:3:2;1:3:3,3,5,0,0,0,1,0,0,0,0,0,0,18,6
15828,1:2:2;1:3:2;1:3:3,4,0,0,0,0,1,0,0,0,0,0,0,26,6
15829,1:2:2;1:3:2;1:3:3,4,1,0,0,0,1,0,0,0,0,0,0,26,6
15830,1:2:2;1:3:2;1:3:3,4,2,0,0,0,1,0,0,0,0,0,0,26,6
15831,1:2:2;1:3:2;1:3:3,4,3,0,0,0,1,0,0,0,0,0,0,26,6
15832,1:2:2;1:3:2;1:3:3,4,4,0,0,0,1,0,0,0,0,0,0,26,6
15833,1:2:2;1:3:2;1:3:3,4,5,0,0,0,1,0,0,0,0,0,0,26,6
15834,1:2:2;1:3:2;1:3:3,5,0,0,0,0,1,0,0,0,0,0,0,32,6
15835,1:2:2;1:3:2;1:3:3,5,1,0,0,0,1,0,0,0,0,0,0,32,6
15836,1:2:2;1:3:2;1:3:3,5,2,0,0,0,1,0,0,0,0,0,0,32,6
15837,1:2:2;1:3:2;1:3:3,5,3,0,0,0,1,0,0,0,0,0,0,32,6
15838,1:2:2;1:3:2;1:3:3,5,4,0,0,0,1,0,0,0,0,0,0,32,6
15839,1:2:2;1:3:2;1:3:3,5,5,0,0,0,1,0,0,0,0,0,0,32,6
15840,1:2:2;1:3:2;1:4:3,0,0,0,0,0,1,0,0,0,0,0,0,1,6
15841,1:2:2;1:3:2;1:4:3,0,1,0,0,0,1,0,0,0,0,0,0,1,6
15842,1:2:2;1:3:2;1:4:3,0,2,0,0,0,1,0,0,0,0,0,0,1,6
15843,1:2:2;1:3:2;1:4:3,0,3,0,0,0,1,0,0,0,0,0,0,1,6
15844,1:2:2;1:3:2;1:4:3,0,4,0,0,0,1,0,0,0,0,0,0,1,6
15845,1:2:2;1:3:2;1:4:3,0,5,0,0,0,1,0,0,0,0,0,0,1,6
15846,1:2:2;1:3:2;1:4:3,1,0,0,0,0,1,0,0,0,0,0,0,4,6
15847,1:2:2;1:3:2;1:4:3,1,1,0,0,0,1,0,0,0,0,0,0,4,6
15848,1:2:2;1:3:2;1:4:3,1,2,0,0,0,1,0,0,0,0,0,0,4,6
15849,1:2:2;1:3:2;1:4:3,1,3,0,0,0,1,0,0,0,0,0,0,4,6
15850,1:2:2;1:3:2;1:4:3,1,4,0,0,0,1,0,0,0,0,0,0,4,6
15851,1:2:2;1:3:2;1:4:3,1,5,0,0,0,1,0,0,0,0,0,0,4,6
15852,1:2:2;1:3:2;1:4:3,2,0,0,0,0,1,0,0,0,0,0,0,10,6
15853,1:2:2;1:3:2;1:4:3,2,1,0,0,0,1,0,0,0,0,0,0,10,6
15854,1:2:2;1:3:2;1:4:3,2,2,0,0,0,1,0,0,0,0,0,0,10,6
15855,1:2:2;1:3:2;1:4:3,2,3,0,0,0,1,0,0,0,0,0,0,10,6
15856,1:2:2;1:3:2;1:4:3,2,4,0,0,0,1,0,0,0,0,0,0,10,6
15857,1:2:2;1:3:2;1:4:3,2,5,0,0,0,1,0,0,0,0,0,0,10,6
15858,1:2:2;1:3:2;1:4:3,3,0,0,0,0,1,0,0,0,0,0,0,18,6
15859,1:2:2;1:3:2;1:4:3,3,1,0,0,0,1,0,0,0,0,0,0,18,6
15860,1:2:2;1:3:2;1:4:3,3,2,0,0,0,1,0,0,0,0,0,0,18,6
15861,1:2:2;1:3:2;1:4:3,3,3,0,0,0,1,0,0,0,0,0,0,18,6
15862,1:2:2;1:3:2;1:4:3,3,4,0,0,0,1,0,0,0,0,0,0,18,6
15863,1:2:2;1:3:2;1:4:3,3,5,0,0,0,1,0,0,0,0,0,0,18,6
15864,1:2:2;1:3:2;1:4:3,4,0,0,0,0,1,0,0,0,0,0,0,26,6
15865,1:2:2;1:3:2;1:4:3,4,1,0,0,0,1,0,0,0,0,0,0,26,6
15866,1:2:2;1:3:2;1:4:3,4,2,0,0,0,1,0,0,0,0,0,0,26,6
15867,1:2:2;1:3:2;1:4:3,4,3,0,0,0,1,0,0,0,0,0,0,26,6
15868,1:2:2;1:3:2;1:4:3,4,4,0,0,0,1,0,0,0,0,0,0,26,6
15869,1:2:2;1:3:2;1:4:3,4,5,0,0,0,1,0,0,0,0,0,0,26,6
15870,1:2:2;1:3:2;1:4:3,5,0,0,0,0,1,0,0,0,0,0,0,32,6
15871,1:2:2;1:3:2;1:4:3,5,1,0,0,0,1,0,0,0,0,0,0,32,6
15872,1:2:2;1:3:2;1:4:3,5,2,0,0,0,1,0,0,0,0,0,0,32,6
15873,1:2:2;1:3:2;1:4:3,5,3,0,0,0,1,0,0,0,0,0,0,32,6
15874,1:2:2;1:3:2;1:4:3,5,4,0,0,0,1,0,0,0,0,0,0,32,6
15875,1:2:2;1:3:2;1:4:3,5,5,0,0,0,1,0,0,0,0,0,0,32,6
15876,1:2:2;1:3:3;1:3:3,0,0,0,0,0,1,0,0,0,0,0,0,1,6
15877,1:2:2;1:3:3;1:3:3,0,1,0,0,0,1,0,0,0,0,0,0,1,6
15878,1:2:2;1:3:3;1:3:3,0,2,0,0,0,1,0,0,0,0,0,0,1,6
15879,1:2:2;1:3:3;1:3:3,0,3,0,0,0,1,0,0,0,0,0,0,1,6
15880,1:2:2;1:3:3;1:3:3,0,4,0,0,0,1,0,0,0,0,0,0,1,6
15881,1:2:2;1:3:3;1:3:3,0,5,0,0,0,1,0,0,0,0,0,0,1,6
15882,1:2:2;1:3:3;1:3:3,1,0,0,0,0,1,0,0,0,0,0,0,4,6
15883,1:2:2;1:3:3;1:3:3,1,1,0,0,0,1,0,0,0,0,0,0,4,6
15884,1:2:2;1:3:3;1:3:3,1,2,0,0,0,1,0,0,0,0,0,0,4,6
15885,1:2:2;1:3:3;1:3:3,1,3,0,0,0,1,0,0,0,0,0,0,4,6
15886,1:2:2;1:3:3;1:3:3,1,4,0,0,0,1,0,0,0,0,0,0,4,6
15887,1:2:2;1:3:3;1:3:3,1,5,0,0,0,1,0,0,0,0,0,0,4,6
15888,1:2:2;1:3:3;1:3:3,2,0,0,0,0,1,0,0,0,0,0,0,10,6
15889,1:2:2;1:3:3;1:3:3,2,1,0,0,0,1,0,0,0,0,0,0,10,6
15890,1:2:2;1:3:3;1:3:3,2,2,0,0,0,1,0,0,0,0,0,0,10,6
15891,1:2:2;1:3:3;1:3:3,2,3,0,0,0,1,0,0,0,0,0,0,10,6
15892,1:2:2;1:3:3;1:3:3,2,4,0,0,0,1,0,0,0,0,0,0,10,6
15893,1:2:2;1:3:3;1:3:3,2,5,0,0,0,1,0,0,0,0,0,0,10,6
15894,1:2:2;1:3:3;1:3:3,3,0,0,0,0,1,0,0,0,0,0,0,19,6
15895,1:2:2;1:3:3;1:3:3,3,1,0,0,0,1,0,0,0,0,0,0,19,6
15896,1:2:2;1:3:3;1:3:3,3,2,0,0,0,1,0,0,0,0,0,0,19,6
15897,1:2:2;1:3:3;1:3:3,3,3,0,0,0,1,0,0,0,0,0,0,19,6
15898,1:2:2;1:3:3;1:3:3,3,4,0,0,0,1,0,0,0,0,0,0,19,6
15899,1:2:2;1:3:3;1:3:3,3,5,0,0,0,1,0,0,0,0,0,0,19,6
15900,1:2:2;1:3:3;1:3:3,4,0,0,0,0,1,0,0,0,0,0,0,29,6
15901,1:2:2;1:3:3;1:3:3,4,1,0,0,0,1,0,0,0,0,0,0,29,6
15902,1:2:2;1:3:3;1:3:3,4,2,0,0,0,1,0,0,0,0,0,0,29,6
15903,1:2:2;1:3:3;1:3:3,4,3,0,0,0,1,0,0,0,0,0,0,29,6
15904,1:2:2;1:3:3;1:3:3,4,4,0,0,0,1,0,0,0,0,0,0,29,6
15905,1:2:2;1:3:3;1:3:3,4,5,0,0,0,1,0,0,0,0,0,0,29,6
15906,1:2:2;1:3:3;1:3:3,5,0,0,0,0,1,0,0,0,0,0,0,38,6
15907,1:2:2;1:3:3;1:3:3,5,1,0,0,0,1,0,0,0,0,0,0,38,6
15908,1:2:2;1:3:3;1:3:3,5,2,0,0,0,1,0,0,0,0,0,0,38,6
15909,1:2:2;1:3:3;1:3:3,5,3,0,0,0,1,0,0,0,0,0,0,38,6
15910,1:2:2;1:3:3;1:3:3,5,4,0,0,0,1,0,0,0,0,0,0,38,6
15911,1:2:2;1:3:3;1:3:3,5,5,0,0,0,1,0,0,0,0,0,0,38,6
15912,1:2:2;1:3:3;1:4:3,0,0,0,0,0,1,0,0,0,0,0,0,1,6
15913,1:2:2;1:3:3;1:4:3,0,1,0,0,0,1,0,0,0,0,0,0,1,6
15914,1:2:2;1:3:3;1:4:3,0,2,0,0,0,1,0,0,0,0,0,0,1,6
15915,1:2:2;1:3:3;1:4:3,0,3,0,0,0,1,0,0,0,0,0,0,1,6
15916,1:2:2;1:3:3;1:4:3,0,4,0,0,0,1,0,0,0,0,0,0,1,6
15917,1:2:2;1:3:3;1:4:3,0,5,0,0,0,1,0,0,0,0,0,0,1,6
15918,1:2:2;1:3:3;1:4:3,1,0,0,0,0,1,0,0,0,0,0,0,4,6
15919,1:2:2;1:3:3;1:4:3,1,1,0,0,0,1,0,0,0,0,0,0,4,6
15920,1:2:2;1:3:3;1:4:3,1,2,0,0,0,1,0,0,0,0,0,0,4,6
15921,1:2:2;1:3:3;1:4:3,1,3,0,0,0,1,0,0,0,0,0,0,4,6
15922,1:2:2;1:3:3;1:4:3,1,4,0,0,0,1,0,0,0,0,0,0,4,6
15923,1:2:2;1:3:3;1:4:3,1,5,0,0,0,1,0,0,0,0,0,0,4,6
15924,1:2:2;1:3:3;1:4:3,2,0,0,0,0,1,0,0,0,0,0,0,10,6
15925,1:2:2;1:3:3;1:4:3,2,1,0,0,0,1,0,0,0,0,0,0,10,6
15926,1:2:2;1:3:3;1:4:3,2,2,0,0,0,1,0,0,0,0,0,0,10,6
15927,1:2:2;1:3:3;1:4:3,2,3,0,0,0,1,0,0,0,0,0,0,10,6
15928,1:2:2;1:3:3;1:4:3,2,4,0,0,0,1,0,0,0,0,0,0,10,6
15929,1:2:2;1:3:3;1:4:3,2,5,0,0,0,1,0,0,0,0,0,0,10,6
15930,1:2:2;1:3:3;1:4:3,3,0,0,0,0,1,0,0,0,0,0,0,19,6
15931,1:2:2;1:3:3;1:4:3,3,1,0,0,0,1,0,0,0,0,0,0,19,6
15932,1:2:2;1:3:3;1:4:3,3,2,0,0,0,1,0,0,0,0,0,0,19,6
15933,1:2:2;1:3:3;1:4:3,3,3,0,0,0,1,0,0,0,0,0,0,19,6
15934,1:2:2;1:3:3;1:4:3,3,4,0,0,0,1,0,0,0,0,0,0,19,6
15935,1:2:2;1:3:3;1:4:3,3,5,0,0,0,1,0,0,0,0,0,0,19,6
15936,1:2:2;1:3:3;1:4:3,4,0,0,0,0,1,0,0,0,0,0,0,29,6
15937,1:2:2;1:3:3;1:4:3,4,1,0,0,0,1,0,0,0,0,0,0,29,6
15938,1:2:2;1:3:3;1:4:3,4,2,0,0,0,1,0,0,0,0,0,0,29,6
15939,1:2:2;1:3:3;1:4:3,4,3,0,0,0,1,0,0,0,0,0,0,29,6
15940,1:2:2;1:3:3;1:4:3,4,4,0,0,0,1,0,0,0,0,0,0,29,6
15941,1:2:2;1:3:3;1:4:3,4,5,0,0,0,1,0,0,0,0,0,0,29,6
15942,1:2:2;1:3:3;1:4:3,5,0,0,0,0,1,0,0,0,0,0,0,38,6
15943,1:2:2;1:3:3;1:4:3,5,1,0,0,0,1,0,0,0,0,0,0,38,6
15944,1:2:2;1:3:3;1:4:3,5,2,0,0,0,1,0,0,0,0,0,0,38,6
15945,1:2:2;1:3:3;1:4:3,5,3,0,0,0,1,0,0,0,0,0,0,38,6
15946,1:2:2;1:3:3;1:4:3,5,4,0,0,0,1,0,0,0,0,0,0,38,6
15947,1:2:2;1:3:3;1:4:3,5,5,0,0,0,1,0,0,0,0,0,0,38,6
15948,1:2:2;1:4:3;1:4:3,0,0,0,0,0,1,0,0,0,0,0,0,1,6
15949,1:2:2;1:4:3;1:4:3,0,1,0,0,0,1,0,0,0,0,0,0,1,6
15950,1:2:2;1:4:3;1:4:3,0,2,0,0,0,1,0,0,0,0,0,0,1,6
15951,1:2:2;1:4:3;1:4:3,0,3,0,0,0,1,0,0,0,0,0,0,1,6
15952,1:2:2;1:4:3;1:4:3,0,4,0,0,0,1,0,0,0,0,0,0,1,6
15953,1:2:2;1:4:3;1:4:3,0,5,0,0,0,1,0,0,0,0,0,0,1,6
15954,1:2:2;1:4:3;1:4:3,1,0,0,0,0,1,0,0,0,0,0,0,4,6
15955,1:2:2;1:4:3;1:4:3,1,1,0,0,0,1,0,0,0,0,0,0,4,6
15956,1:2:2;1:4:3;1:4:3,1,2,0,0,0,1,0,0,0,0,0,0,4,6
15957,1:2:2;1:4:3;1:4:3,1,3,0,0,0,1,0,0,0,0,0,0,4,6
15958,1:2:2;1:4:3;1:4:3,1,4,0,0,0,1,0,0,0,0,0,0,4,6
15959,1:2:2;1:4:3;1:4:3,1,5,0,0,0,1,0,0,0,0,0,0,4,6
15960,1:2:2;1:4:3;1:4:3,2,0,0,0,0,1,0,0,0,0,0,0,10,6
15961,1:2:2;1:4:3;1:4:3,2,1,0,0,0,1,0,0,0,0,0,0,10,6
15962,1:2:2;1:4:3;1:4:3,2,2,0,0,0,1,0,0,0,0,0,0,10,6
15963,1:2:2;1:4:3;1:4:3,2,3,0,0,0,1,0,0,0,0,0,0,10,6
15964,1:2:2;1:4:3;1:4:3,2,4,0,0,0,1,0,0,0,0,0,0,10,6
15965,1:2:2;1:4:3;1:4:3,2,5,0,0,0,1,0,0,0,0,0,0,10,6
15966,1:2:2;1:4:3;1:4:3,3,0,0,0,0,1,0,0,0,0,0,0,19,6
15967,1:2:2;1:4:3;1:4:3,3,1,0,0,0,1,0,0,0,0,0,0,19,6
15968,1:2:2;1:4:3;1:4:3,3,2,0,0,0,1,0,0,0,0,0,0,19,6
15969,1:2:2;1:4:3;1:4:3,3,3,0,0,0,1,0,0,0,0,0,0,19,6
15970,1:2:2;1:4:3;1:4:3,3,4,0,0,0,1,0,0,0,0,0,0,19,6
15971,1:2:2;1:4:3;1:4:3,3,5,0,0,0,1,0,0,0,0,0,0,19,6
15972,1:2:2;1:4:3;1:4:3,4,0,0,0,0,1,0,0,0,0,0,0,29,6
15973,1:2:2;1:4:3;1:4:3,4,1,0,0,0,1,0,0,0,0,0,0,29,6
15974,1:2:2;1:4:3;1:4:3,4,2,0,0,0,1,0,0,0,0,0,0,29,6
15975,1:2:2;1:4:3;1:4:3,4,3,0,0,0,1,0,0,0,0,0,0,29,6
15976,1:2:2;1:4:3;1:4:3,4,4,0,0,0,1,0,0,0,0,0,0,29,6
15977,1:2:2;1:4:3;1:4:3,4,5,0,0,0,1,0,0,0,0,0,0,29,6
15978,1:2:2;1:4:3;1:4:3,5,0,0,0,0,1,0,0,0,0,0,0,38,6
15979,1:2:2;1:4:3;1:4:3,5,1,0,0,0,1,0,0,0,0,0,0,38,6
15980,1:2:2;1:4:3;1:4:3,5,2,0,0,0,1,0,0,0,0,0,0,38,6
15981,1:2:2;1:4:3;1:4:3,5,3,0,0,0,1,0,0,0,0,0,0,38,6
15982,1:2:2;1:4:3;1:4:3,5,4,0,0,0,1,0,0,0,0,0,0,38,6
15983,1:2:2;1:4:3;1:4:3,5,5,0,0,0,1,0,0,0,0,0,0,38,6
15984,1:3:2;1:3:2;1:3:2,0,0,0,0,0,1,0,0,0,0,0,0,1,6
15985,1:3:2;1:3:2;1:3:2,0,1,0,0,0,1,0,0,0,0,0,0,1,6
15986,1:3:2;1:3:2;1:3:2,0,2,0,0,0,1,0,0,0,0,0,0,1,6
15987,1:3:2;1:3:2;1:3:2,0,3,0,0,0,1,0,0,0,0,0,0,1,6
15988,1:3:2;1:3:2;1:3:2,0,4,0,0,0,1,0,0,0,0,0,0,1,6
15989,1:3:2;1:3:2;1:3:2,0,5,0,0,0,1,0,0,0,0,0,0,1,6
15990,1:3:2;1:3:2;1:3:2,1,0,0,0,0,1,0,0,0,0,0,0,4,6
15991,1:3:2;1:3:2;1:3:2,1,1,0,0,0,1,0,0,0,0,0,0,4,6
15992,1:3:2;1:3:2;1:3:2,1,2,0,0,0,1,0,0,0,0,0,0,4,6
15993,1:3:2;1:3:2;1:3:2,1,3,0,0,0,1,0,0,0,0,0,0,4,6
15994,1:3:2;1:3:2;1:3:2,1,4,0,0,0,1,0,0,0,0,0,0,4,6
15995,1:3:2;1:3:2;1:3:2,1,5,0,0,0,1,0,0,0,0,0,0,4,6
15996,1:3:2;1:3:2;1:3:2,2,0,0,0,0,1,0,0,0,0,0,0,10,6
15997,1:3:2;1:3:2;1:3:2,2,1,0,0,0,1,0,0,0,0,0,0,10,6
15998,1:3:2;1:3:2;1:3:2,2,2,0,0,0,1,0,0,0,0,0,0,10,6
15999,1:3:2;1:3:2;1:3:2,2,3,0,0,0,1,0,0,0,0,0,0,10,6
16000,1:3:2;1:3:2;1:3:2,2,4,0,0,0,1,0,0,0,0,0,0,10,6
16001,1:3:2;1:3:2;1:3:2,2,5,0,0,0,1,0,0,0,0,0,0,10,6
16002,1:3:2;1:3:2;1:3:2,3,0,0,0,0,1,0,0,0,0,0,0,17,6
16003,1:3:2;1:3:2;1:3:2,3,1,0,0,0,1,0,0,0,0,0,0,17,6
16004,1:3:2;1:3:2;1:3:2,3,2,0,0,0,1,0,0,0,0,0,0,17,6
16005,1:3:2;1:3:2;1:3:2,3,3,0,0,0,1,0,0,0,0,0,0,17,6
16006,1:3:2;1:3:2;1:3:2,3,4,0,0,0,1,0,0,0,0,0,0,17,6
16007,1:3:2;1:3:2;1:3:2,3,5,0,0,0,1,0,0,0,0,0,0,17,6
16008,1:3:2;1:3:2;1:3:2,4,0,0,0,0,1,0,0,0,0,0,0,23,6
16009,1:3:2;1:3:2;1:3:2,4,1,0,0,0,1,0,0,0,0,0,0,23,6
16010,1:3:2;1:3:2;1:3:2,4,2,0,0,0,1,0,0,0,0,0,0,23,6
16011,1:3:2;1:3:2;1:3:2,4,3,0,0,0,1,0,0,0,0,0,0,23,6
16012,1:3:2;1:3:2;1:3:2,4,4,0,0,0,1,0,0,0,0,0,0,23,6
16013,1:3:2;1:3:2;1:3:2,4,5,0,0,0,1,0,0,0,0,0,0,23,6
16014,1:3:2;1:3:2;1:3:2,5,0,0,0,0,1,0,0,0,0,0,0,26,6
16015,1:3:2;1:3:2;1:3:2,5,1,0,0,0,1,0,0,0,0,0,0,26,6
16016,1:3:2;1:3:2;1:3:2,5,2,0,0,0,1,0,0,0,0,0,0,26,6
16017,1:3:2;1:3:2;1:3:2,5,3,0,0,0,1,0,0,0,0,0,0,26,6
16018,1:3:2;1:3:2;1:3:2,5,4,0,0,0,1,0,0,0,0,0,0,26,6
16019,1:3:2;1:3:2;1:3:2,5,5,0,0,0,1,0,0,0,0,0,0,26,6
16020,1:3:2;1:3:2;1:3:3,0,0,0,0,0,1,0,0,0,0,0,0,1,6
16021,1:3:2;1:3:2;1:3:3,0,1,0,0,0,1,0,0,0,0,0,0,1,6
16022,1:3:2;1:3:2;1:3:3,0,2,0,0,0,1,0,0,0,0,0,0,1,6
16023,1:3:2;1:3:2;1:3:3,0,3,0,0,0,1,0,0,0,0,0,0,1,6
16024,1:3:2;1:3:2;1:3:3,0,4,0,0,0,1,0,0,0,0,0,0,1,6
16025,1:3:2;1:3:2;1:3:3,0,5,0,0,0,1,0,0,0,0,0,0,1,6
16026,1:3:2;1:3:2;1:3:3,1,0,0,0,0,1,0,0,0,0,0,0,4,6
16027,1:3:2;1:3:2;1:3:3,1,1,0,0,0,1,0,0,0,0,0,0,4,6
16028,1:3:2;1:3:2;1:3:3,1,2,0,0,0,1,0,0,0,0,0,0,4,6
16029,1:3:2;1:3:2;1:3:3,1,3,0,0,0,1,0,0,0,0,0,0,4,6
16030,1:3:2;1:3:2;1:3:3,1,4,0,0,0,1,0,0,0,0,0,0,4,6
16031,1:3:2;1:3:2;1:3:3,1,5,0,0,0,1,0,0,0,0,0,0,4,6
16032,1:3:2;1:3:2;1:3:3,2,0,0,0,0,1,0,0,0,0,0,0,10,6
16033,1:3:2;1:3:2;1:3:3,2,1,0,0,0,1,0,0,0,0,0,0,10,6
16034,1:3:2;1:3:2;1:3:3,2,2,0,0,0,1,0,0,0,0,0,0,10,6
16035,1:3:2;1:3:2;1:3:3,2,3,0,0,0,1,0,0,0,0,0,0,10,6
16036,1:3:2;1:3:2;1:3:3,2,4,0,0,0,1,0,0,0,0,0,0,10,6
16037,1:3:2;1:3:2;1:3:3,2,5,0,0,0,1,0,0,0,0,0,0,10,6
16038,1:3:2;1:3:2;1:3:3,3,0,0,0,0,1,0,0,0,0,0,0,18,6
16039,1:3:2;1:3:2;1:3:3,3,1,0,0,0,1,0,0,0,0,0,0,18,6
16040,1:3:2;1:3:2;1:3:3,3,2,0,0,0,1,0,0,0,0,0,0,18,6
16041,1:3:2;1:3:2;1:3:3,3,3,0,0,0,1,0,0,0,0,0,0,18,6
16042,1:3:2;1:3:2;1:3:3,3,4,0,0,0,1,0,0,0,0,0,0,18,6
16043,1:3:2;1:3:2;1:3:3,3,5,0,0,0,1,0,0,0,0,0,0,18,6
16044,1:3:2;1:3:2;1:3:3,4,0,0,0,0,1,0,0,0,0,0,0,26,6
16045,1:3:2;1:3:2;1:3:3,4,1,0,0,0,1,0,0,0,0,0,0,26,6
16046,1:3:2;1:3:2;1:3:3,4,2,0,0,0,1,0,0,0,0,0,0,26,6
16047,1:3:2;1:3:2;1:3:3,4,3,0,0,0,1,0,0,0,0,0,0,26,6
16048,1:3:2;1:3:2;1:3:3,4,4,0,0,0,1,0,0,0,0,0,0,26,6
16049,1:3:2;1:3:2;1:3:3,4,5,0,0,0,1,0,0,0,0,0,0,26,6
16050,1:3:2;1:3:2;1:3:3,5,0,0,0,0,1,0,0,0,0,0,0,32,6
16051,1:3:2;1:3:2;1:3:3,5,1,0,0,0,1,0,0,0,0,0,0,32,6
16052,1:3:2;1:3:2;1:3:3,5,2,0,0,0,1,0,0,0,0,0,0,32,6
16053,1:3:2;1:3:2;1:3:3,5,3,0,0,0,1,0,0,0,0,0,0,32,6
16054,1:3:2;1:3:2;1:3:3,5,4,0,0,0,1,0,0,0,0,0,0,32,6
16055,1:3:2;1:3:2;1:3:3,5,5,0,0,0,1,0,0,0,0,0,0,32,6
16056,1:3:2;1:3:2;1:4:3,0,0,0,0,0,1,0,0,0,0,0,0,1,6
16057,1:3:2;1:3:2;1:4:3,0,1,0,0,0,1,0,0,0,0,0,0,1,6
16058,1:3:2;1:3:2;1:4:3,0,2,0,0,0,1,0,0,0,0,0,0,1,6
16059,1:3:2;1:3:2;1:4:3,0,3,0,0,0,1,0,0,0,0,0,0,1,6
16060,1:3:2;1:3:2;1:4:3,0,4,0,0,0,1,0,0,0,0,0,0,1,6
16061,1:3:2;1:3:2;1:4:3,0,5,0,0,0,1,0,0,0,0,0,0,1,6
16062,1:3:2;1:3:2;1:4:3,1,0,0,0,0,1,0,0,0,0,0,0,4,6
16063,1:3:2;1:3:2;1:4:3,1,1,0,0,0,1,0,0,0,0,0,0,4,6
16064,1:3:2;1:3:2;1:4:3,1,2,0,0,0,1,0,0,0,0,0,0,4,6
16065,1:3:2;1:3:2;1:4:3,1,3,0,0,0,1,0,0,0,0,0,0,4,6
16066,1:3:2;1:3:2;1:4:3,1,4,0,0,0,1,0,0,0,0,0,0,4,6
16067,1:3:2;1:3:2;1:4:3,1,5,0,0,0,1,0,0,0,0,0,0,4,6
16068,1:3:2;1:3:2;1:4:3,2,0,0,0,0,1,0,0,0,0,0,0,10,6
16069,1:3:2;1:3:2;1:4:3,2,1,0,0,0,1,0,0,0,0,0,0,10,6
16070,1:3:2;1:3:2;1:4:3,2,2,0,0,0,1,0,0,0,0,0,0,10,6
16071,1:3:2;1:3:2;1:4:3,2,3,0,0,0,1,0,0,0,0,0,0,10,6
16072,1:3:2;1:3:2;1:4:3,2,4,0,0,0,1,0,0,0,0,0,0,10,6
16073,1:3:2;1:3:2;1:4:3,2,5,0,0,0,1,0,0,0,0,0,0,10,6
16074,1:3:2;1:3:2;1:4:3,3,0,0,0,0,1,0,0,0,0,0,0,18,6
16075,1:3:2;1:3:2;1:4:3,3,1,0,0,0,1,0,0,0,0,0,0,18,6
16076,1:3:2;1:3:2;1:4:3,3,2,0,0,0,1,0,0,0,0,0,0,18,6
16077,1:3:2;1:3:2;1:4:3,3,3,0,0,0,1,0,0,0,0,0,0,18,6
16078,1:3:2;1:3:2;1:4:3,3,4,0,0,0,1,0,0,0,0,0,0,18,6
16079,1:3:2;1:3:2;1:4:3,3,5,0,0,0,1,0,0,0,0,0,0,18,6
16080,1:3:2;1:3:2;1:4:3,4,0,0,0,0,1,0,0,0,0,0,0,26,6
16081,1:3:2;1:3:2;1:4:3,4,1,0,0,0,1,0,0,0,0,0,0,26,6
16082,1:3:2;1:3:2;1:4:3,4,2,0,0,0,1,0,0,0,0,0,0,26,6
16083,1:3:2;1:3:2;1:4:3,4,3,0,0,0,1,0,0,0,0,0,0,26,6
16084,1:3:2;1:3:2;1:4:3,4,4,0,0,0,1,0,0,0,0,0,0,26,6
16085,1:3:2;1:3:2;1:4:3,4,5,0,0,0,1,0,0,0,0,0,0,26,6
16086,1:3:2;1:3:2;1:4:3,5,0,0,0,0,1,0,0,0,0,0,0,32,6
16087,1:3:2;1:3:2;1:4:3,5,1,0,0,0,1,0,0,0,0,0,0,32,6
16088,1:3:2;1:3:2;1:4:3,5,2,0,0,0,1,0,0,0,0,0,0,32,6
16089,1:3:2;1:3:2;1:4:3,5,3,0,0,0,1,0,0,0,0,0,0,32,6
16090,1:3:2;1:3:2;1:4:3,5,4,0,0,0,1,0,0,0,0,0,0,32,6
16091,1:3:2;1:3:2;1:4:3,5,5,0,0,0,1,0,0,0,0,0,0,32,6
16092,1:3:2;1:3:3;1:3:3,0,0,0,0,0,1,0,0,0,0,0,0,1,6
16093,1:3:2;1:3:3;1:3:3,0,1,0,0,0,1,0,0,0,0,0,0,1,6
16094,1:3:2;1:3:3;1:3:3,0,2,0,0,0,1,0,0,0,0,0,0,1,6
16095,1:3:2;1:3:3;1:3:3,0,3,0,0,0,1,0,0,0,0,0,0,1,6
16096,1:3:2;1:3:3;1:3:3,0,4,0,0,0,1,0,0,0,0,0,0,1,6
16097,1:3:2;1:3:3;1:3:3,0,5,0,0,0,1,0,0,0,0,0,0,1,6
16098,1:3:2;1:3:3;1:3:3,1,0,0,0,0,1,0,0,0,0,0,0,4,6
16099,1:3:2;1:3:3;1:3:3,1,1,0,0,0,1,0,0,0,0,0,0,4,6
16100,1:3:2;1:3:3;1:3:3,1,2,0,0,0,1,0,0,0,0,0,0,4,6
16101,1:3:2;1:3:3;1:3:3,1,3,0,0,0,1,0,0,0,0,0,0,4,6
16102,1:3:2;1:3:3;1:3:3,1,4,0,0,0,1,0,0,0,0,0,0,4,6
16103,1:3:2;1:3:3;1:3:3,1,5,0,0,0,1,0,0,0,0,0,0,4,6
16104,1:3:2;1:3:3;1:3:3,2,0,0,0,0,1,0,0,0,0,0,0,10,6
16105,1:3:2;1:3:3;1:3:3,2,1,0,0,0,1,0,0,0,0,0,0,10,6
16106,1:3:2;1:3:3;1:3:3,2,2,0,0,0,1,0,0,0,0,0,0,10,6
16107,1:3:2;1:3:3;1:3:3,2,3,0,0,0,1,0,0,0,0,0,0,10,6
16108,1:3:2;1:3:3;1:3:3,2,4,0,0,0,1,0,0,0,0,0,0,10,6
16109,1:3:2;1:3:3;1:3:3,2,5,0,0,0,1,0,0,0,0,0,0,10,6
16110,1:3:2;1:3:3;1:3:3,3,0,0,0,0,1,0,0,0,0,0,0,19,6
16111,1:3:2;1:3:3;1:3:3,3,1,0,0,0,1,0,0,0,0,0,0,19,6
16112,1:3:2;1:3:3;1:3:3,3,2,0,0,0,1,0,0,0,0,0,0,19,6
16113,1:3:2;1:3:3;1:3:3,3,3,0,0,0,1,0,0,0,0,0,0,19,6
16114,1:3:2;1:3:3;1:3:3,3,4,0,0,0,1,0,0,0,0,0,0,19,6
16115,1:3:2;1:3:3;1:3:3,3,5,0,0,0,1,0,0,0,0,0,0,19,6
16116,1:3:2;1:3:3;1:3:3,4,0,0,0,0,1,0,0,0,0,0,0,29,6
16117,1:3:2;1:3:3;1:3:3,4,1,0,0,0,1,0,0,0,0,0,0,29,6
16118,1:3:2;1:3:3;1:3:3,4,2,0,0,0,1,0,0,0,0,0,0,29,6
16119,1:3:2;1:3:3;1:3:3,4,3,0,0,0,1,0,0,0,0,0,0,29,6
16120,1:3:2;1:3:3;1:3:3,4,4,0,0,0,1,0,0,0,0,0,0,29,6
16121,1:3:2;1:3:3;1:3:3,4,5,0,0,0,1,0,0,0,0,0,0,29,6
16122,1:3:2;1:3:3;1:3:3,5,0,0,0,0,1,0,0,0,0,0,0,38,6
16123,1:3:2;1:3:3;1:3:3,5,1,0,0,0,1,0,0,0,0,0,0,38,6
16124,1:3:2;1:3:3;1:3:3,5,2,0,0,0,1,0,0,0,0,0,0,38,6
16125,1:3:2;1:3:3;1:3:3,5,3,0,0,0,1,0,0,0,0,0,0,38,6
16126,1:3:2;1:3:3;1:3:3,5,4,0,0,0,1,0,0,0,0,0,0,38,6
16127,1:3:2;1:3:3;1:3:3,5,5,0,0,0,1,0,0,0,0,0,0,38,6
16128,1:3:2;1:3:3;1:4:3,0,0,0,0,0,1,0,0,0,0,0,0,1,6
16129,1:3:2;1:3:3;1:4:3,0,1,0,0,0,1,0,0,0,0,0,0,1,6
16130,1:3:2;1:3:3;1:4:3,0,2,0,0,0,1,0,0,0,0,0,0,1,6
16131,1:3:2;1:3:3;1:4:3,0,3,0,0,0,1,0,0,0,0,0,0,1,6
16132,1:3:2;1:3:3;1:4:3,0,4,0,0,0,1,0,0,0,0,0,0,1,6
16133,1:3:2;1:3:3;1:4:3,0,5,0,0,0,1,0,0,0,0,0,0,1,6
16134,1:3:2;1:3:3;1:4:3,1,0,0,0,0,1,0,0,0,0,0,0,4,6
16135,1:3:2;1:3:3;1:4:3,1,1,0,0,0,1,0,0,0,0,0,0,4,6
16136,1:3:2;1:3:3;1:4:3,1,2,0,0,0,1,0,0,0,0,0,0,4,6
16137,1:3:2;1:3:3;1:4:3,1,3,0,0,0,1,0,0,0,0,0,0,4,6
16138,1:3:2;1:3:3;1:4:3,1,4,0,0,0,1,0,0,0,0,0,0,4,6
16139,1:3:2;1:3:3;1:4:3,1,5,0,0,0,1,0,0,0,0,0,0,4,6
16140,1:3:2;1:3:3;1:4:3,2,0,0,0,0,1,0,0,0,0,0,0,10,6
16141,1:3:2;1:3:3;1:4:3,2,1,0,0,0,1,0,0,0,0,0,0,10,6
16142,1:3:2;1:3:3;1:4:3,2,2,0,0,0,1,0,0,0,0,0,0,10,6
16143,1:3:2;1:3:3;1:4:3,2,3,0,0,0,1,0,0,0,0,0,0,10,6
16144,1:3:2;1:3:3;1:4:3,2,4,0,0,0,1,0,0,0,0,0,0,10,6
16145,1:3:2;1:3:3;1:4:3,2,5,0,0,0,1,0,0,0,0,0,0,10,6
16146,1:3:2;1:3:3;1:4:3,3,0,0,0,0,1,0,0,0,0,0,0,19,6
16147,1:3:2;1:3:3;1:4:3,3,1,0,0,0,1,0,0,0,0,0,0,19,6
16148,1:3:2;1:3:3;1:4:3,3,2,0,0,0,1,0,0,0,0,0,0,19,6
16149,1:3:2;1:3:3;1:4:3,3,3,0,0,0,1,0,0,0,0,0,0,19,6
16150,1:3:2;1:3:3;1:4:3,3,4,0,0,0,1,0,0,0,0,0,0,19,6
16151,1:3:2;1:3:3;1:4:3,3,5,0,0,0,1,0,0,0,0,0,0,19,6
16152,1:3:2;1:3:3;1:4:3,4,0,0,0,0,1,0,0,0,0,0,0,29,6
16153,1:3:2;1:3:3;1:4:3,4,1,0,0,0,1,0,0,0,0,0,0,29,6
16154,1:3:2;1:3:3;1:4:3,4,2,0,0,0,1,0,0,0,0,0,0,29,6
16155,1:3:2;1:3:3;1:4:3,4,3,0,0,0,1,0,0,0,0,0,0,29,6
16156,1:3:2;1:3:3;1:4:3,4,4,0,0,0,1,0,0,0,0,0,0,29,6
16157,1:3:2;1:3:3;1:4:3,4,5,0,0,0,1,0,0,0,0,0,0,29,6
16158,1:3:2;1:3:3;1:4:3,5,0,0,0,0,1,0,0,0,0,0,0,38,6
16159,1:3:2;1:3:3;1:4:3,5,1,0,0,0,1,0,0,0,0,0,0,38,6
16160,1:3:2;1:3:3;1:4:3,5,2,0,0,0,1,0,0,0,0,0,0,38,6
16161,1:3:2;1:3:3;1:4:3,5,3,0,0,0,1,0,0,0,0,0,0,38,6
16162,1:3:2;1:3:3;1:4:3,5,4,0,0,0,1,0,0,0,0,0,0,38,6
16163,1:3:2;1:3:3;1:4:3,5,5,0,0,0,1,0,0,0,0,0,0,38,6
16164,1:3:2;1:4:3;1:4:3,0,0,0,0,0,1,0,0,0,0,0,0,1,6
16165,1:3:2;1:4:3;1:4:3,0,1,0,0,0,1,0,0,0,0,0,0,1,6
16166,1:3:2;1:4:3;1:4:3,0,2,0,0,0,1,0,0,0,0,0,0,1,6
16167,1:3:2;1:4:3;1:4:3,0,3,0,0,0,1,0,0,0,0,0,0,1,6
16168,1:3:2;1:4:3;1:4:3,0,4,0,0,0,1,0,0,0,0,0,0,1,6
16169,1:3:2;1:4:3;1:4:3,0,5,0,0,0,1,0,0,0,0,0,0,1,6
16170,1:3:2;1:4:3;1:4:3,1,0,0,0,0,1,0,0,0,0,0,0,4,6
16171,1:3:2;1:4:3;1:4:3,1,1,0,0,0,1,0,0,0,0,0,0,4,6
16172,1:3:2;1:4:3;1:4:3,1,2,0,0,0,1,0,0,0,0,0,0,4,6
16173,1:3:2;1:4:3;1:4:3,1,3,0,0,0,1,0,0,0,0,0,0,4,6
16174,1:3:2;1:4:3;1:4:3,1,4,0,0,0,1,0,0,0,0,0,0,4,6
16175,1:3:2;1:4:3;1:4:3,1,5,0,0,0,1,0,0,0,0,0,0,4,6
16176,1:3:2;1:4:3;1:4:3,2,0,0,0,0,1,0,0,0,0,0,0,10,6
16177,1:3:2;1:4:3;1:4:3,2,1,0,0,0,1,0,0,0,0,0,0,10,6
16178,1:3:2;1:4:3;1:4:3,2,2,0,0,0,1,0,0,0,0,0,0,10,6
16179,1:3:2;1:4:3;1:4:3,2,3,0,0,0,1,0,0,0,0,0,0,10,6
16180,1:3:2;1:4:3;1:4:3,2,4,0,0,0,1,0,0,0,0,0,0,10,6
16181,1:3:2;1:4:3;1:4:3,2,5,0,0,0,1,0,0,0,0,0,0,10,6
16182,1:3:2;1:4:3;1:4:3,3,0,0,0,0,1,0,0,0,0,0,0,19,6
16183,1:3:2;1:4:3;1:4:3,3,1,0,0,0,1,0,0,0,0,0,0,19,6
16184,1:3:2;1:4:3;1:4:3,3,2,0,0,0,1,0,0,0,0,0,0,19,6
16185,1:3:2;1:4:3;1:4:3,3,3,0,0,0,1,0,0,0,0,0,0,19,6
16186,1:3:2;1:4:3;1:4:3,3,4,0,0,0,1,0,0,0,0,0,0,19,6
16187,1:3:2;1:4:3;1:4:3,3,5,0,0,0,1,0,0,0,0,0,0,19,6
16188,1:3:2;1:4:3;1:4:3,4,0,0,0,0,1,0,0,0,0,0,0,29,6
16189,1:3:2;1:4:3;1:4:3,4,1,0,0,0,1,0,0,0,0,0,0,29,6
16190,1:3:2;1:4:3;1:4:3,4,2,0,0,0,1,0,0,0,0,0,0,29,6
16191,1:3:2;1:4:3;1:4:3,4,3,0,0,0,1,0,0,0,0,0,0,29,6
16192,1:3:2;1:4:3;1:4:3,4,4,0,0,0,1,0,0,0,0,0,0,29,6
16193,1:3:2;1:4:3;1:4:3,4,5,0,0,0,1,0,0,0,0,0,0,29,6
16194,1:3:2;1:4:3;1:4:3,5,0,0,0,0,1,0,0,0,0,0,0,38,6
16195,1:3:2;1:4:3;1:4:3,5,1,0,0,0,1,0,0,0,0,0,0,38,6
16196,1:3:2;1:4:3;1:4:3,5,2,0,0,0,1,0,0,0,0,0,0,38,6
16197,1:3:2;1:4:3;1:4:3,5,3,0,0,0,1,0,0,0,0,0,0,38,6
16198,1:3:2;1:4:3;1:4:3,5,4,0,0,0,1,0,0,0,0,0,0,38,6
16199,1:3:2;1:4:3;1:4:3,5,5,0,0,0,1,0,0,0,0,0,0,38,6
16200,1:3:3;1:3:3;1:3:3,0,0,0,0,0,1,0,0,0,0,0,0,1,6
16201,1:3:3;1:3:3;1:3:3,0,1,0,0,0,1,0,0,0,0,0,0,1,6
16202,1:3:3;1:3:3;1:3:3,0,2,0,0,0,1,0,0,0,0,0,0,1,6
16203,1:3:3;1:3:3;1:3:3,0,3,0,0,0,1,0,0,0,0,0,0,1,6
16204,1:3:3;1:3:3;1:3:3,0,4,0,0,0,1,0,0,0,0,0,0,1,6
16205,1:3:3;1:3:3;1:3:3,0,5,0,0,0,1,0,0,0,0,0,0,1,6
16206,1:3:3;1:3:3;1:3:3,1,0,0,0,0,1,0,0,0,0,0,0,4,6
16207,1:3:3;1:3:3;1:3:3,1,1,0,0,0,1,0,0,0,0,0,0,4,6
16208,1:3:3;1:3:3;1:3:3,1,2,0,0,0,1,0,0,0,0,0,0,4,6
16209,1:3:3;1:3:3;1:3:3,1,3,0,0,0,1,0,0,0,0,0,0,4,6
16210,1:3:3;1:3:3;1:3:3,1,4,0,0,0,1,0,0,0,0,0,0,4,6
16211,1:3:3;1:3:3;1:3:3,1,5,0,0,0,1,0,0,0,0,0,0,4,6
16212,1:3:3;1:3:3;1:3:3,2,0,0,0,0,1,0,0,0,0,0,0,10,6
16213,1:3:3;1:3:3;1:3:3,2,1,0,0,0,1,0,0,0,0,0,0,10,6
16214,1:3:3;1:3:3;1:3:3,2,2,0,0,0,1,0,0,0,0,0,0,10,6
16215,1:3:3;1:3:3;1:3:3,2,3,0,0,0,1,0,0,0,0,0,0,10,6
16216,1:3:3;1:3:3;1:3:3,2,4,0,0,0,1,0,0,0,0,0,0,10,6
16217,1:3:3;1:3:3;1:3:3,2,5,0,0,0,1,0,0,0,0,0,0,10,6
16218,1:3:3;1:3:3;1:3:3,3,0,0,0,0,1,0,0,0,0,0,0,20,6
16219,1:3:3;1:3:3;1:3:3,3,1,0,0,0,1,0,0,0,0,0,0,20,6
16220,1:3:3;1:3:3;1:3:3,3,2,0,0,0,1,0,0,0,0,0,0,20,6
16221,1:3:3;1:3:3;1:3:3,3,3,0,0,0,1,0,0,0,0,0,0,20,6
16222,1:3:3;1:3:3;1:3:3,3,4,0,0,0,1,0,0,0,0,0,0,20,6
16223,1:3:3;1:3:3;1:3:3,3,5,0,0,0,1,0,0,0,0,0,0,20,6
16224,1:3:3;1:3:3;1:3:3,4,0,0,0,0,1,0,0,0,0,0,0,32,6
16225,1:3:3;1:3:3;1:3:3,4,1,0,0,0,1,0,0,0,0,0,0,32,6
16226,1:3:3;1:3:3;1:3:3,4,2,0,0,0,1,0,0,0,0,0,0,32,6
16227,1:3:3;1:3:3;1:3:3,4,3,0,0,0,1,0,0,0,0,0,0,32,6
16228,1:3:3;1:3:3;1:3:3,4,4,0,0,0,1,0,0,0,0,0,0,32,6
16229,1:3:3;1:3:3;1:3:3,4,5,0,0,0,1,0,0,0,0,0,0,32,6
16230,1:3:3;1:3:3;1:3:3,5,0,0,0,0,1,0,0,0,0,0,0,44,6
16231,1:3:3;1:3:3;1:3:3,5,1,0,0,0,1,0,0,0,0,0,0,44,6
16232,1:3:3;1:3:3;1:3:3,5,2,0,0,0,1,0,0,0,0,0,0,44,6
16233,1:3:3;1:3:3;1:3:3,5,3,0,0,0,1,0,0,0,0,0,0,44,6
16234,1:3:3;1:3:3;1:3:3,5,4,0,0,0,1,0,0,0,0,0,0,44,6
16235,1:3:3;1:3:3;1:3:3,5,5,0,0,0,1,0,0,0,0,0,0,44,6
16236,1:3:3;1:3:3;1:4:3,0,0,0,0,0,1,0,0,0,0,0,0,1,6
16237,1:3:3;1:3:3;1:4:3,0,1,0,0,0,1,0,0,0,0,0,0,1,6
16238,1:3:3;1:3:3;1:4:3,0,2,0,0,0,1,0,0,0,0,0,0,1,6
16239,1:3:3;1:3:3;1:4:3,0,3,0,0,0,1,0,0,0,0,0,0,1,6
16240,1:3:3;1:3:3;1:4:3,0,4,0,0,0,1,0,0,0,0,0,0,1,6
16241,1:3:3;1:3:3;1:4:3,0,5,0,0,0,1,0,0,0,0,0,0,1,6
16242,1:3:3;1:3:3;1:4:3,1,0,0,0,0,1,0,0,0,0,0,0,4,6
16243,1:3:3;1:3:3;1:4:3,1,1,0,0,0,1,0,0,0,0,0,0,4,6
16244,1:3:3;1:3:3;1:4:3,1,2,0,0,0,1,0,0,0,0,0,0,4,6
16245,1:3:3;1:3:3;1:4:3,1,3,0,0,0,1,0,0,0,0,0,0,4,6
16246,1:3:3;1:3:3;1:4:3,1,4,0,0,0,1,0,0,0,0,0,0,4,6
16247,1:3:3;1:3:3;1:4:3,1,5,0,0,0,1,0,0,0,0,0,0,4,6
16248,1:3:3;1:3:3;1:4:3,2,0,0,0,0,1,0,0,0,0,0,0,10,6
16249,1:3:3;1:3:3;1:4:3,2,1,0,0,0,1,0,0,0,0,0,0,10,6
16250,1:3:3;1:3:3;1:4:3,2,2,0,0,0,1,0,0,0,0,0,0,10,6
16251,1:3:3;1:3:3;1:4:3,2,3,0,0,0,1,0,0,0,0,0,0,10,6
16252,1:3:3;1:3:3;1:4:3,2,4,0,0,0,1,0,0,0,0,0,0,10,6
16253,1:3:3;1:3:3;1:4:3,2,5,0,0,0,1,0,0,0,0,0,0,10,6
16254,1:3:3;1:3:3;1:4:3,3,0,0,0,0,1,0,0,0,0,0,0,20,6
16255,1:3:3;1:3:3;1:4:3,3,1,0,0,0,1,0,0,0,0,0,0,20,6
16256,1:3:3;1:3:3;1:4:3,3,2,0,0,0,1,0,0,0,0,0,0,20,6
16257,1:3:3;1:3:3;1:4:3,3,3,0,0,0,1,0,0,0,0,0,0,20,6
16258,1:3:3;1:3:3;1:4:3,3,4,0,0,0,1,0,0,0,0,0,0,20,6
16259,1:3:3;1:3:3;1:4:3,3,5,0,0,0,1,0,0,0,0,0,0,20,6
16260,1:3:3;1:3:3;1:4:3,4,0,0,0,0,1,0,0,0,0,0,0,32,6
16261,1:3:3;1:3:3;1:4:3,4,1,0,0,0,1,0,0,0,0,0,0,32,6
16262,1:3:3;1:3:3;1:4:3,4,2,0,0,0,1,0,0,0,0,0,0,32,6
16263,1:3:3;1:3:3;1:4:3,4,3,0,0,0,1,0,0,0,0,0,0,32,6
16264,1:3:3;1:3:3;1:4:3,4,4,0,0,0,1,0,0,0,0,0,0,32,6
16265,1:3:3;1:3:3;1:4:3,4,5,0,0,0,1,0,0,0,0,0,0,32,6
16266,1:3:3;1:3:3;1:4:3,5,0,0,0,0,1,0,0,0,0,0,0,44,6
16267,1:3:3;1:3:3;1:4:3,5,1,0,0,0,1,0,0,0,0,0,0,44,6
16268,1:3:3;1:3:3;1:4:3,5,2,0,0,0,1,0,0,0,0,0,0,44,6
16269,1:3:3;1:3:3;1:4:3,5,3,0,0,0,1,0,0,0,0,0,0,44,6
16270,1:3:3;1:3:3;1:4:3,5,4,0,0,0,1,0,0,0,0,0,0,44,6
16271,1:3:3;1:3:3;1:4:3,5,5,0,0,0,1,0,0,0,0,0,0,44,6
16272,1:3:3;1:4:3;1:4:3,0,0,0,0,0,1,0,0,0,0,0,0,1,6
16273,1:3:3;1:4:3;1:4:3,0,1,0,0,0,1,0,0,0,0,0,0,1,6
16274,1:3:3;1:4:3;1:4:3,0,2,0,0,0,1,0,0,0,0,0,0,1,6
16275,1:3:3;1:4:3;1:4:3,0,3,0,0,0,1,0,0,0,0,0,0,1,6
16276,1:3:3;1:4:3;1:4:3,0,4,0,0,0,1,0,0,0,0,0,0,1,6
16277,1:3:3;1:4:3;1:4:3,0,5,0,0,0,1,0,0,0,0,0,0,1,6
16278,1:3:3;1:4:3;1:4:3,1,0,0,0,0,1,0,0,0,0,0,0,4,6
16279,1:3:3;1:4:3;1:4:3,1,1,0,0,0,1,0,0,0,0,0,0,4,6
16280,1:3:3;1:4:3;1:4:3,1,2,0,0,0,1,0,0,0,0,0,0,4,6
16281,1:3:3;1:4:3;1:4:3,1,3,0,0,0,1,0,0,0,0,0,0,4,6
16282,1:3:3;1:4:3;1:4:3,1,4,0,0,0,1,0,0,0,0,0,0,4,6
16283,1:3:3;1:4:3;1:4:3,1,5,0,0,0,1,0,0,0,0,0,0,4,6
16284,1:3:3;1:4:3;1:4:3,2,0,0,0,0,1,0,0,0,0,0,0,10,6
16285,1:3:3;1:4:3;1:4:3,2,1,0,0,0,1,0,0,0,0,0,0,10,6
16286,1:3:3;1:4:3;1:4:3,2,2,0,0,0,1,0,0,0,0,0,0,10,6
16287,1:3:3;1:4:3;1:4:3,2,3,0,0,0,1,0,0,0,0,0,0,10,6
16288,1:3:3;1:4:3;1:4:3,2,4,0,0,0,1,0,0,0,0,0,0,10,6
16289,1:3:3;1:4:3;1:4:3,2,5,0,0,0,1,0,0,0,0,0,0,10,6
16290,1:3:3;1:4:3;1:4:3,3,0,0,0,0,1,0,0,0,0,0,0,20,6
16291,1:3:3;1:4:3;1:4:3,3,1,0,0,0,1,0,0,0,0,0,0,20,6
16292,1:3:3;1:4:3;1:4:3,3,2,0,0,0,1,0,0,0,0,0,0,20,6
16293,1:3:3;1:4:3;1:4:3,3,3,0,0,0,1,0,0,0,0,0,0,20,6
16294,1:3:3;1:4:3;1:4:3,3,4,0,0,0,1,0,0,0,0,0,0,20,6
16295,1:3:3;1:4:3;1:4:3,3,5,0,0,0,1,0,0,0,0,0,0,20,6
16296,1:3:3;1:4:3;1:4:3,4,0,0,0,0,1,0,0,0,0,0,0,32,6
16297,1:3:3;1:4:3;1:4:3,4,1,0,0,0,1,0,0,0,0,0,0,32,6
16298,1:3:3;1:4:3;1:4:3,4,2,0,0,0,1,0,0,0,0,0,0,32,6
16299,1:3:3;1:4:3;1:4:3,4,3,0,0,0,1,0,0,0,0,0,0,32,6
16300,1:3:3;1:4:3;1:4:3,4,4,0,0,0,1,0,0,0,0,0,0,32,6
16301,1:3:3;1:4:3;1:4:3,4,5,0,0,0,1,0,0,0,0,0,0,32,6
16302,1:3:3;1:4:3;1:4:3,5,0,0,0,0,1,0,0,0,0,0,0,44,6
16303,1:3:3;1:4:3;1:4:3,5,1,0,0,0,1,0,0,0,0,0,0,44,6
16304,1:3:3;1:4:3;1:4:3,5,2,0,0,0,1,0,0,0,0,0,0,44,6
16305,1:3:3;1:4:3;1:4:3,5,3,0,0,0,1,0,0,0,0,0,0,44,6
16306,1:3:3;1:4:3;1:4:3,5,4,0,0,0,1,0,0,0,0,0,0,44,6
16307,1:3:3;1:4:3;1:4:3,5,5,0,0,0,1,0,0,0,0,0,0,44,6
16308,1:4:3;1:4:3;1:4:3,0,0,0,0,0,1,0,0,0,0,0,0,1,6
16309,1:4:3;1:4:3;1:4:3,0,1,0,0,0,1,0,0,0,0,0,0,1,6
16310,1:4:3;1:4:3;1:4:3,0,2,0,0,0,1,0,0,0,0,0,0,1,6
16311,1:4:3;1:4:3;1:4:3,0,3,0,0,0,1,0,0,0,0,0,0,1,6
16312,1:4:3;1:4:3;1:4:3,0,4,0,0,0,1,0,0,0,0,0,0,1,6
16313,1:4:3;1:4:3;1:4:3,0,5,0,0,0,1,0,0,0,0,0,0,1,6
16314,1:4:3;1:4:3;1:4:3,1,0,0,0,0,1,0,0,0,0,0,0,4,6
16315,1:4:3;1:4:3;1:4:3,1,1,0,0,0,1,0,0,0,0,0,0,4,6
16316,1:4:3;1:4:3;1:4:3,1,2,0,0,0,1,0,0,0,0,0,0,4,6
16317,1:4:3;1:4:3;1:4:3,1,3,0,0,0,1,0,0,0,0,0,0,4,6
16318,1:4:3;1:4:3;1:4:3,1,4,0,0,0,1,0,0,0,0,0,0,4,6
16319,1:4:3;1:4:3;1:4:3,1,5,0,0,0,1,0,0,0,0,0,0,4,6
16320,1:4:3;1:4:3;1:4:3,2,0,0,0,0,1,0,0,0,0,0,0,10,6
16321,1:4:3;1:4:3;1:4:3,2,1,0,0,0,1,0,0,0,0,0,0,10,6
16322,1:4:3;1:4:3;1:4:3,2,2,0,0,0,1,0,0,0,0,0,0,10,6
16323,1:4:3;1:4:3;1:4:3,2,3,0,0,0,1,0,0,0,0,0,0,10,6
16324,1:4:3;1:4:3;1:4:3,2,4,0,0,0,1,0,0,0,0,0,0,10,6
16325,1:4:3;1:4:3;1:4:3,2,5,0,0,0,1,0,0,0,0,0,0,10,6
16326,1:4:3;1:4:3;1:4:3,3,0,0,0,0,1,0,0,0,0,0,0,20,6
16327,1:4:3;1:4:3;1:4:3,3,1,0,0,0,1,0,0,0,0,0,0,20,6
16328,1:4:3;1:4:3;1:4:3,3,2,0,0,0,1,0,0,0,0,0,0,20,6
16329,1:4:3;1:4:3;1:4:3,3,3,0,0,0,1,0,0,0,0,0,0,20,6
16330,1:4:3;1:4:3;1:4:3,3,4,0,0,0,1,0,0,0,0,0,0,20,6
16331,1:4:3;1:4:3;1:4:3,3,5,0,0,0,1,0,0,0,0,0,0,20,6
16332,1:4:3;1:4:3;1:4:3,4,0,0,0,0,1,0,0,0,0,0,0,32,6
16333,1:4:3;1:4:3;1:4:3,4,1,0,0,0,1,0,0,0,0,0,0,32,6
16334,1:4:3;1:4:3;1:4:3,4,2,0,0,0,1,0,0,0,0,0,0,32,6
16335,1:4:3;1:4:3;1:4:3,4,3,0,0,0,1,0,0,0,0,0,0,32,6
16336,1:4:3;1:4:3;1:4:3,4,4,0,0,0,1,0,0,0,0,0,0,32,6
16337,1:4:3;1:4:3;1:4:3,4,5,0,0,0,1,0,0,0,0,0,0,32,6
16338,1:4:3;1:4:3;1:4:3,5,0,0,0,0,1,0,0,0,0,0,0,44,6
16339,1:4:3;1:4:3;1:4:3,5,1,0,0,0,1,0,0,0,0,0,0,44,6
16340,1:4:3;1:4:3;1:4:3,5,2,0,0,0,1,0,0,0,0,0,0,44,6
16341,1:4:3;1:4:3;1:4:3,5,3,0,0,0,1,0,0,0,0,0,0,44,6
16342,1:4:3;1:4:3;1:4:3,5,4,0,0,0,1,0,0,0,0,0,0,44,6
16343,1:4:3;1:4:3;1:4:3,5,5,0,0,0,1,0,0,0,0,0,0,44,6
16344,0:1:1;0:1:1;0:1:1;0:1:1,0,0,0,0,0,1,0,0,0,0,0,0,1,24
16345,0:1:1;0:1:1;0:1:1;0:1:1,0,1,0,0,0,1,0,0,0,0,0,0,5,24
16346,0:1:1;0:1:1;0:1:1;0:1:1,0,2,0,0,0,1,0,0,0,0,0,0,11,24
16347,0:1:1;0:1:1;0:1:1;0:1:1,0,3,0,0,0,1,0,0,0,0,0,0,15,24
16348,0:1:1;0:1:1;0:1:1;0:1:1,0,4,1,1,1,0,1,1,1,1,1,5,5,1
16349,0:1:1;0:1:1;0:1:1;0:1:1,0,5,1,1,1,0,1,1,1,1,1,5,5,1
16350,0:1:1;0:1:1;0:1:1;0:1:1,1,0,0,0,0,1,0,0,0,0,0,0,1,24
16351,0:1:1;0:1:1;0:1:1;0:1:1,1,1,0,0,0,1,0,0,0,0,0,0,5,24
16352,0:1:1;0:1:1;0:1:1;0:1:1,1,2,0,0,0,1,0,0,0,0,0,0,11,24
16353,0:1:1;0:1:1;0:1:1;0:1:1,1,3,0,0,0,1,0,0,0,0,0,0,15,24
16354,0:1:1;0:1:1;0:1:1;0:1:1,1,4,1,1,1,0,1,1,1,1,1,5,5,1
16355,0:1:1;0:1:1;0:1:1;0:1:1,1,5,1,1,1,0,1,1,1,1,1,5,5,1
16356,0:1:1;0:1:1;0:1:1;0:1:1,2,0,0,0,0,1,0,0,0,0,0,0,1,24
16357,0:1:1;0:1:1;0:1:1;0:1:1,2,1,0,0,0,1,0,0,0,0,0,0,5,24
16358,0:1:1;0:1:1;0:1:1;0:1:1,2,2,0,0,0,1,0,0,0,0,0,0,11,24
16359,0:1:1;0:1:1;0:1:1;0:1:1,2,3,0,0,0,1,0,0,0,0,0,0,15,24
16360,0:1:1;0:1:1;0:1:1;0:1:1,2,4,1,1,1,0,1,1,1,1,1,5,5,1
16361,0:1:1;0:1:1;0:1:1;0:1:1,2,5,1,1,1,0,1,1,1,1,1,5,5,1
16362,0:1:1;0:1:1;0:1:1;0:1:1,3,0,0,0,0,1,0,0,0,0,0,0,1,24
16363,0:1:1;0:1:1;0:1:1;0:1:1,3,1,0,0,0,1,0,0,0,0,0,0,5,24
16364,0:1:1;0:1:1;0:1:1;0:1:1,3,2,0,0,0,1,0,0,0,0,0,0,11,24
16365,0:1:1;0:1:1;0:1:1;0:1:1,3,3,0,0,0,1,0,0,0,0,0,0,15,24
16366,0:1:1;0:1:1;0:1:1;0:1:1,3,4,1,1,1,0,1,1,1,1,1,5,5,1
16367,0:1:1;0:1:1;0:1:1;0:1:1,3,5,1,1,1,0,1,1,1,1,1,5,5,1
16368,0:1:1;0:1:1;0:1:1;0:1:1,4,0,0,0,0,1,0,0,0,0,0,0,1,24
16369,0:1:1;0:1:1;0:1:1;0:1:1,4,1,0,0,0,1,0,0,0,0,0,0,5,24
16370,0:1:1;0:1:1;0:1:1;0:1:1,4,2,0,0,0,1,0,0,0,0,0,0,11,24
16371,0:1:1;0:1:1;0:1:1;0:1:1,4,3,0,0,0,1,0,0,0,0,0,0,15,24
16372,0:1:1;0:1:1;0:1:1;0:1:1,4,4,1,1,1,0,1,1,1,1,1,5,5,1
16373,0:1:1;0:1:1;0:1:1;0:1:1,4,5,1,1,1,0,1,1,1,1,1,5,5,1
16374,0:1:1;0:1:1;0:1:1;0:1:1,5,0,0,0,0,1,0,0,0,0,0,0,1,24
16375,0:1:1;0:1:1;0:1:1;0:1:1,5,1,0,0,0,1,0,0,0,0,0,0,5,24
16376,0:1:1;0:1:1;0:1:1;0:1:1,5,2,0,0,0,1,0,0,0,0,0,0,11,24
16377,0:1:1;0:1:1;0:1:1;0:1:1,5,3,0,0,0,1,0,0,0,0,0,0,15,24
16378,0:1:1;0:1:1;0:1:1;0:1:1,5,4,1,1,1,0,1,1,1,1,1,5,5,1
16379,0:1:1;0:1:1;0:1:1;0:1:1,5,5,1,1,1,0,1,1,1,1,1,5,5,1
16380,0:1:1;0:1:1;0:1:1;0:2:1,0,0,0,0,0,1,0,0,0,0,0,0,1,24
16381,0:1:1;0:1:1;0:1:1;0:2:1,0,1,0,0,0,1,0,0,0,0,0,0,5,24
16382,0:1:1;0:1:1;0:1:1;0:2:1,0,2,0,0,0,1,0,0,0,0,0,0,11,24
16383,0:1:1;0:1:1;0:1:1;0:2:1,0,3,0,0,0,1,0,0,0,0,0,0,15,24
