case,runs,f0,f1,final_fits,feasible,guard,any_deadlock,fifo_complete,small_complete,large_complete,garbage_complete,chunk_feasible,subset_states,chunk_states,permutations_tried
49152,0:3:2;0:3:2;1:3:2;1:4:3,2,0,1,1,0,0,1,1,1,1,1,5,10,14
49153,0:3:2;0:3:2;1:3:2;1:4:3,2,1,1,1,0,0,1,1,1,1,1,5,10,13
49154,0:3:2;0:3:2;1:3:2;1:4:3,2,2,1,1,1,0,1,1,1,1,1,5,10,3
49155,0:3:2;0:3:2;1:3:2;1:4:3,2,3,1,1,1,0,1,1,1,1,1,5,10,3
49156,0:3:2;0:3:2;1:3:2;1:4:3,2,4,1,1,1,0,1,1,1,1,1,5,10,1
49157,0:3:2;0:3:2;1:3:2;1:4:3,2,5,1,1,1,0,1,1,1,1,1,5,10,1
49158,0:3:2;0:3:2;1:3:2;1:4:3,3,0,1,1,0,0,1,1,1,1,1,5,10,14
49159,0:3:2;0:3:2;1:3:2;1:4:3,3,1,1,1,1,0,1,1,1,1,1,5,10,13
49160,0:3:2;0:3:2;1:3:2;1:4:3,3,2,1,1,1,0,1,1,1,1,1,5,10,3
49161,0:3:2;0:3:2;1:3:2;1:4:3,3,3,1,1,1,0,1,1,1,1,1,5,10,3
49162,0:3:2;0:3:2;1:3:2;1:4:3,3,4,1,1,1,0,1,1,1,1,1,5,10,1
49163,0:3:2;0:3:2;1:3:2;1:4:3,3,5,1,1,1,0,1,1,1,1,1,5,10,1
49164,0:3:2;0:3:2;1:3:2;1:4:3,4,0,1,1,1,0,1,1,1,1,1,5,10,14
49165,0:3:2;0:3:2;1:3:2;1:4:3,4,1,1,1,1,0,1,1,1,1,1,5,10,13
49166,0:3:2;0:3:2;1:3:2;1:4:3,4,2,1,1,1,0,1,1,1,1,1,5,10,3
49167,0:3:2;0:3:2;1:3:2;1:4:3,4,3,1,1,1,0,1,1,1,1,1,5,10,3
49168,0:3:2;0:3:2;1:3:2;1:4:3,4,4,1,1,1,0,1,1,1,1,1,5,10,1
49169,0:3:2;0:3:2;1:3:2;1:4:3,4,5,1,1,1,0,1,1,1,1,1,5,10,1
49170,0:3:2;0:3:2;1:3:2;1:4:3,5,0,1,1,1,0,1,1,1,1,1,5,10,14
49171,0:3:2;0:3:2;1:3:2;1:4:3,5,1,1,1,1,0,1,1,1,1,1,5,10,13
49172,0:3:2;0:3:2;1:3:2;1:4:3,5,2,1,1,1,0,1,1,1,1,1,5,10,3
49173,0:3:2;0:3:2;1:3:2;1:4:3,5,3,1,1,1,0,1,1,1,1,1,5,10,3
49174,0:3:2;0:3:2;1:3:2;1:4:3,5,4,1,1,1,0,1,1,1,1,1,5,10,1
49175,0:3:2;0:3:2;1:3:2;1:4:3,5,5,1,1,1,0,1,1,1,1,1,5,10,1
49176,0:3:2;0:3:2;1:3:3;1:3:3,0,0,1,0,0,1,0,0,0,0,0,1,1,24
49177,0:3:2;0:3:2;1:3:3;1:3:3,0,1,1,0,0,1,0,0,0,0,0,1,3,24
49178,0:3:2;0:3:2;1:3:3;1:3:3,0,2,1,1,0,0,1,1,1,1,1,5,11,3
49179,0:3:2;0:3:2;1:3:3;1:3:3,0,3,1,1,0,0,1,1,1,1,1,5,11,3
49180,0:3:2;0:3:2;1:3:3;1:3:3,0,4,1,1,1,0,1,1,1,1,1,5,11,1
49181,0:3:2;0:3:2;1:3:3;1:3:3,0,5,1,1,1,0,1,1,1,1,1,5,11,1
49182,0:3:2;0:3:2;1:3:3;1:3:3,1,0,1,0,0,1,0,0,0,0,0,1,3,24
49183,0:3:2;0:3:2;1:3:3;1:3:3,1,1,1,0,0,1,0,0,0,0,0,1,9,24
49184,0:3:2;0:3:2;1:3:3;1:3:3,1,2,1,1,0,0,1,1,1,1,1,5,11,3
49185,0:3:2;0:3:2;1:3:3;1:3:3,1,3,1,1,1,0,1,1,1,1,1,5,11,3
49186,0:3:2;0:3:2;1:3:3;1:3:3,1,4,1,1,1,0,1,1,1,1,1,5,11,1
49187,0:3:2;0:3:2;1:3:3;1:3:3,1,5,1,1,1,0,1,1,1,1,1,5,11,1
49188,0:3:2;0:3:2;1:3:3;1:3:3,2,0,1,0,0,1,0,0,0,0,0,1,6,24
49189,0:3:2;0:3:2;1:3:3;1:3:3,2,1,1,0,0,1,0,0,0,0,0,1,18,24
49190,0:3:2;0:3:2;1:3:3;1:3:3,2,2,1,1,1,0,1,1,1,1,1,5,11,3
49191,0:3:2;0:3:2;1:3:3;1:3:3,2,3,1,1,1,0,1,1,1,1,1,5,11,3
49192,0:3:2;0:3:2;1:3:3;1:3:3,2,4,1,1,1,0,1,1,1,1,1,5,11,1
49193,0:3:2;0:3:2;1:3:3;1:3:3,2,5,1,1,1,0,1,1,1,1,1,5,11,1
49194,0:3:2;0:3:2;1:3:3;1:3:3,3,0,1,1,0,0,1,1,1,1,1,5,11,14
49195,0:3:2;0:3:2;1:3:3;1:3:3,3,1,1,1,1,0,1,1,1,1,1,5,11,13
49196,0:3:2;0:3:2;1:3:3;1:3:3,3,2,1,1,1,0,1,1,1,1,1,5,11,3
49197,0:3:2;0:3:2;1:3:3;1:3:3,3,3,1,1,1,0,1,1,1,1,1,5,11,3
49198,0:3:2;0:3:2;1:3:3;1:3:3,3,4,1,1,1,0,1,1,1,1,1,5,11,1
49199,0:3:2;0:3:2;1:3:3;1:3:3,3,5,1,1,1,0,1,1,1,1,1,5,11,1
49200,0:3:2;0:3:2;1:3:3;1:3:3,4,0,1,1,1,0,1,1,1,1,1,5,11,14
49201,0:3:2;0:3:2;1:3:3;1:3:3,4,1,1,1,1,0,1,1,1,1,1,5,11,13
49202,0:3:2;0:3:2;1:3:3;1:3:3,4,2,1,1,1,0,1,1,1,1,1,5,11,3
49203,0:3:2;0:3:2;1:3:3;1:3:3,4,3,1,1,1,0,1,1,1,1,1,5,11,3
49204,0:3:2;0:3:2;1:3:3;1:3:3,4,4,1,1,1,0,1,1,1,1,1,5,11,1
49205,0:3:2;0:3:2;1:3:3;1:3:3,4,5,1,1,1,0,1,1,1,1,1,5,11,1
49206,0:3:2;0:3:2;1:3:3;1:3:3,5,0,1,1,1,0,1,1,1,1,1,5,11,14
49207,0:3:2;0:3:2;1:3:3;1:3:3,5,1,1,1,1,0,1,1,1,1,1,5,11,13
49208,0:3:2;0:3:2;1:3:3;1:3:3,5,2,1,1,1,0,1,1,1,1,1,5,11,3
49209,0:3:2;0:3:2;1:3:3;1:3:3,5,3,1,1,1,0,1,1,1,1,1,5,11,3
49210,0:3:2;0:3:2;1:3:3;1:3:3,5,4,1,1,1,0,1,1,1,1,1,5,11,1
49211,0:3:2;0:3:2;1:3:3;1:3:3,5,5,1,1,1,0,1,1,1,1,1,5,11,1
49212,0:3:2;0:3:2;1:3:3;1:4:3,0,0,1,0,0,1,0,0,0,0,0,1,1,24
49213,0:3:2;0:3:2;1:3:3;1:4:3,0,1,1,0,0,1,0,0,0,0,0,1,3,24
49214,0:3:2;0:3:2;1:3:3;1:4:3,0,2,1,1,0,0,1,1,1,1,1,5,11,3
49215,0:3:2;0:3:2;1:3:3;1:4:3,0,3,1,1,0,0,1,1,1,1,1,5,11,3
49216,0:3:2;0:3:2;1:3:3;1:4:3,0,4,1,1,1,0,1,1,1,1,1,5,11,1
49217,0:3:2;0:3:2;1:3:3;1:4:3,0,5,1,1,1,0,1,1,1,1,1,5,11,1
49218,0:3:2;0:3:2;1:3:3;1:4:3,1,0,1,0,0,1,0,0,0,0,0,1,3,24
49219,0:3:2;0:3:2;1:3:3;1:4:3,1,1,1,0,0,1,0,0,0,0,0,1,9,24
49220,0:3:2;0:3:2;1:3:3;1:4:3,1,2,1,1,0,0,1,1,1,1,1,5,11,3
49221,0:3:2;0:3:2;1:3:3;1:4:3,1,3,1,1,1,0,1,1,1,1,1,5,11,3
49222,0:3:2;0:3:2;1:3:3;1:4:3,1,4,1,1,1,0,1,1,1,1,1,5,11,1
49223,0:3:2;0:3:2;1:3:3;1:4:3,1,5,1,1,1,0,1,1,1,1,1,5,11,1
49224,0:3:2;0:3:2;1:3:3;1:4:3,2,0,1,0,0,1,0,0,0,0,0,1,6,24
49225,0:3:2;0:3:2;1:3:3;1:4:3,2,1,1,0,0,1,0,0,0,0,0,1,18,24
49226,0:3:2;0:3:2;1:3:3;1:4:3,2,2,1,1,1,0,1,1,1,1,1,5,11,3
49227,0:3:2;0:3:2;1:3:3;1:4:3,2,3,1,1,1,0,1,1,1,1,1,5,11,3
49228,0:3:2;0:3:2;1:3:3;1:4:3,2,4,1,1,1,0,1,1,1,1,1,5,11,1
49229,0:3:2;0:3:2;1:3:3;1:4:3,2,5,1,1,1,0,1,1,1,1,1,5,11,1
49230,0:3:2;0:3:2;1:3:3;1:4:3,3,0,1,1,0,0,1,1,1,1,1,5,11,14
49231,0:3:2;0:3:2;1:3:3;1:4:3,3,1,1,1,1,0,1,1,1,1,1,5,11,13
49232,0:3:2;0:3:2;1:3:3;1:4:3,3,2,1,1,1,0,1,1,1,1,1,5,11,3
49233,0:3:2;0:3:2;1:3:3;1:4:3,3,3,1,1,1,0,1,1,1,1,1,5,11,3
49234,0:3:2;0:3:2;1:3:3;1:4:3,3,4,1,1,1,0,1,1,1,1,1,5,11,1
49235,0:3:2;0:3:2;1:3:3;1:4:3,3,5,1,1,1,0,1,1,1,1,1,5,11,1
49236,0:3:2;0:3:2;1:3:3;1:4:3,4,0,1,1,1,0,1,1,1,1,1,5,11,14
49237,0:3:2;0:3:2;1:3:3;1:4:3,4,1,1,1,1,0,1,1,1,1,1,5,11,13
49238,0:3:2;0:3:2;1:3:3;1:4:3,4,2,1,1,1,0,1,1,1,1,1,5,11,3
49239,0:3:2;0:3:2;1:3:3;1:4:3,4,3,1,1,1,0,1,1,1,1,1,5,11,3
49240,0:3:2;0:3:2;1:3:3;1:4:3,4,4,1,1,1,0,1,1,1,1,1,5,11,1
49241,0:3:2;0:3:2;1:3:3;1:4:3,4,5,1,1,1,0,1,1,1,1,1,5,11,1
49242,0:3:2;0:3:2;1:3:3;1:4:3,5,0,1,1,1,0,1,1,1,1,1,5,11,14
49243,0:3:2;0:3:2;1:3:3;1:4:3,5,1,1,1,1,0,1,1,1,1,1,5,11,13
49244,0:3:2;0:3:2;1:3:3;1:4:3,5,2,1,1,1,0,1,1,1,1,1,5,11,3
49245,0:3:2;0:3:2;1:3:3;1:4:3,5,3,1,1,1,0,1,1,1,1,1,5,11,3
49246,0:3:2;0:3:2;1:3:3;1:4:3,5,4,1,1,1,0,1,1,1,1,1,5,11,1
49247,0:3:2;0:3:2;1:3:3;1:4:3,5,5,1,1,1,0,1,1,1,1,1,5,11,1
49248,0:3:2;0:3:2;1:4:3;1:4:3,0,0,1,0,0,1,0,0,0,0,0,1,1,24
49249,0:3:2;0:3:2;1:4:3;1:4:3,0,1,1,0,0,1,0,0,0,0,0,1,3,24
49250,0:3:2;0:3:2;1:4:3;1:4:3,0,2,1,1,0,0,1,1,1,1,1,5,11,3
49251,0:3:2;0:3:2;1:4:3;1:4:3,0,3,1,1,0,0,1,1,1,1,1,5,11,3
49252,0:3:2;0:3:2;1:4:3;1:4:3,0,4,1,1,1,0,1,1,1,1,1,5,11,1
49253,0:3:2;0:3:2;1:4:3;1:4:3,0,5,1,1,1,0,1,1,1,1,1,5,11,1
49254,0:3:2;0:3:2;1:4:3;1:4:3,1,0,1,0,0,1,0,0,0,0,0,1,3,24
49255,0:3:2;0:3:2;1:4:3;1:4:3,1,1,1,0,0,1,0,0,0,0,0,1,9,24
49256,0:3:2;0:3:2;1:4:3;1:4:3,1,2,1,1,0,0,1,1,1,1,1,5,11,3
49257,0:3:2;0:3:2;1:4:3;1:4:3,1,3,1,1,1,0,1,1,1,1,1,5,11,3
49258,0:3:2;0:3:2;1:4:3;1:4:3,1,4,1,1,1,0,1,1,1,1,1,5,11,1
49259,0:3:2;0:3:2;1:4:3;1:4:3,1,5,1,1,1,0,1,1,1,1,1,5,11,1
49260,0:3:2;0:3:2;1:4:3;1:4:3,2,0,1,0,0,1,0,0,0,0,0,1,6,24
49261,0:3:2;0:3:2;1:4:3;1:4:3,2,1,1,0,0,1,0,0,0,0,0,1,18,24
49262,0:3:2;0:3:2;1:4:3;1:4:3,2,2,1,1,1,0,1,1,1,1,1,5,11,3
49263,0:3:2;0:3:2;1:4:3;1:4:3,2,3,1,1,1,0,1,1,1,1,1,5,11,3
49264,0:3:2;0:3:2;1:4:3;1:4:3,2,4,1,1,1,0,1,1,1,1,1,5,11,1
49265,0:3:2;0:3:2;1:4:3;1:4:3,2,5,1,1,1,0,1,1,1,1,1,5,11,1
49266,0:3:2;0:3:2;1:4:3;1:4:3,3,0,1,1,0,0,1,1,1,1,1,5,11,13
49267,0:3:2;0:3:2;1:4:3;1:4:3,3,1,1,1,1,0,1,1,1,1,1,5,11,13
49268,0:3:2;0:3:2;1:4:3;1:4:3,3,2,1,1,1,0,1,1,1,1,1,5,11,3
49269,0:3:2;0:3:2;1:4:3;1:4:3,3,3,1,1,1,0,1,1,1,1,1,5,11,3
49270,0:3:2;0:3:2;1:4:3;1:4:3,3,4,1,1,1,0,1,1,1,1,1,5,11,1
49271,0:3:2;0:3:2;1:4:3;1:4:3,3,5,1,1,1,0,1,1,1,1,1,5,11,1
49272,0:3:2;0:3:2;1:4:3;1:4:3,4,0,1,1,1,0,1,1,1,1,1,5,11,13
49273,0:3:2;0:3:2;1:4:3;1:4:3,4,1,1,1,1,0,1,1,1,1,1,5,11,13
49274,0:3:2;0:3:2;1:4:3;1:4:3,4,2,1,1,1,0,1,1,1,1,1,5,11,3
49275,0:3:2;0:3:2;1:4:3;1:4:3,4,3,1,1,1,0,1,1,1,1,1,5,11,3
49276,0:3:2;0:3:2;1:4:3;1:4:3,4,4,1,1,1,0,1,1,1,1,1,5,11,1
49277,0:3:2;0:3:2;1:4:3;1:4:3,4,5,1,1,1,0,1,1,1,1,1,5,11,1
49278,0:3:2;0:3:2;1:4:3;1:4:3,5,0,1,1,1,0,1,1,1,1,1,5,11,13
49279,0:3:2;0:3:2;1:4:3;1:4:3,5,1,1,1,1,0,1,1,1,1,1,5,11,13
49280,0:3:2;0:3:2;1:4:3;1:4:3,5,2,1,1,1,0,1,1,1,1,1,5,11,3
49281,0:3:2;0:3:2;1:4:3;1:4:3,5,3,1,1,1,0,1,1,1,1,1,5,11,3
49282,0:3:2;0:3:2;1:4:3;1:4:3,5,4,1,1,1,0,1,1,1,1,1,5,11,1
49283,0:3:2;0:3:2;1:4:3;1:4:3,5,5,1,1,1,0,1,1,1,1,1,5,11,1
49284,0:3:2;0:3:3;0:3:3;0:3:3,0,0,0,0,0,1,0,0,0,0,0,0,1,24
49285,0:3:2;0:3:3;0:3:3;0:3:3,0,1,0,0,0,1,0,0,0,0,0,0,5,24
49286,0:3:2;0:3:3;0:3:3;0:3:3,0,2,0,0,0,1,0,0,0,0,0,0,15,24
49287,0:3:2;0:3:3;0:3:3;0:3:3,0,3,0,0,0,1,0,0,0,0,0,0,34,24
49288,0:3:2;0:3:3;0:3:3;0:3:3,0,4,0,0,0,1,0,0,0,0,0,0,62,24
49289,0:3:2;0:3:3;0:3:3;0:3:3,0,5,0,0,0,1,0,0,0,0,0,0,96,24
49290,0:3:2;0:3:3;0:3:3;0:3:3,1,0,0,0,0,1,0,0,0,0,0,0,1,24
49291,0:3:2;0:3:3;0:3:3;0:3:3,1,1,0,0,0,1,0,0,0,0,0,0,5,24
49292,0:3:2;0:3:3;0:3:3;0:3:3,1,2,0,0,0,1,0,0,0,0,0,0,15,24
49293,0:3:2;0:3:3;0:3:3;0:3:3,1,3,0,0,0,1,0,0,0,0,0,0,34,24
49294,0:3:2;0:3:3;0:3:3;0:3:3,1,4,0,0,0,1,0,0,0,0,0,0,62,24
49295,0:3:2;0:3:3;0:3:3;0:3:3,1,5,0,0,0,1,0,0,0,0,0,0,96,24
49296,0:3:2;0:3:3;0:3:3;0:3:3,2,0,0,0,0,1,0,0,0,0,0,0,1,24
49297,0:3:2;0:3:3;0:3:3;0:3:3,2,1,0,0,0,1,0,0,0,0,0,0,5,24
49298,0:3:2;0:3:3;0:3:3;0:3:3,2,2,0,0,0,1,0,0,0,0,0,0,15,24
49299,0:3:2;0:3:3;0:3:3;0:3:3,2,3,0,0,0,1,0,0,0,0,0,0,34,24
49300,0:3:2;0:3:3;0:3:3;0:3:3,2,4,0,0,0,1,0,0,0,0,0,0,62,24
49301,0:3:2;0:3:3;0:3:3;0:3:3,2,5,0,0,0,1,0,0,0,0,0,0,96,24
49302,0:3:2;0:3:3;0:3:3;0:3:3,3,0,0,0,0,1,0,0,0,0,0,0,1,24
49303,0:3:2;0:3:3;0:3:3;0:3:3,3,1,0,0,0,1,0,0,0,0,0,0,5,24
49304,0:3:2;0:3:3;0:3:3;0:3:3,3,2,0,0,0,1,0,0,0,0,0,0,15,24
49305,0:3:2;0:3:3;0:3:3;0:3:3,3,3,0,0,0,1,0,0,0,0,0,0,34,24
49306,0:3:2;0:3:3;0:3:3;0:3:3,3,4,0,0,0,1,0,0,0,0,0,0,62,24
49307,0:3:2;0:3:3;0:3:3;0:3:3,3,5,0,0,0,1,0,0,0,0,0,0,96,24
49308,0:3:2;0:3:3;0:3:3;0:3:3,4,0,0,0,0,1,0,0,0,0,0,0,1,24
49309,0:3:2;0:3:3;0:3:3;0:3:3,4,1,0,0,0,1,0,0,0,0,0,0,5,24
49310,0:3:2;0:3:3;0:3:3;0:3:3,4,2,0,0,0,1,0,0,0,0,0,0,15,24
49311,0:3:2;0:3:3;0:3:3;0:3:3,4,3,0,0,0,1,0,0,0,0,0,0,34,24
49312,0:3:2;0:3:3;0:3:3;0:3:3,4,4,0,0,0,1,0,0,0,0,0,0,62,24
49313,0:3:2;0:3:3;0:3:3;0:3:3,4,5,0,0,0,1,0,0,0,0,0,0,96,24
49314,0:3:2;0:3:3;0:3:3;0:3:3,5,0,0,0,0,1,0,0,0,0,0,0,1,24
49315,0:3:2;0:3:3;0:3:3;0:3:3,5,1,0,0,0,1,0,0,0,0,0,0,5,24
49316,0:3:2;0:3:3;0:3:3;0:3:3,5,2,0,0,0,1,0,0,0,0,0,0,15,24
49317,0:3:2;0:3:3;0:3:3;0:3:3,5,3,0,0,0,1,0,0,0,0,0,0,34,24
49318,0:3:2;0:3:3;0:3:3;0:3:3,5,4,0,0,0,1,0,0,0,0,0,0,62,24
49319,0:3:2;0:3:3;0:3:3;0:3:3,5,5,0,0,0,1,0,0,0,0,0,0,96,24
49320,0:3:2;0:3:3;0:3:3;0:4:3,0,0,0,0,0,1,0,0,0,0,0,0,1,24
49321,0:3:2;0:3:3;0:3:3;0:4:3,0,1,0,0,0,1,0,0,0,0,0,0,5,24
49322,0:3:2;0:3:3;0:3:3;0:4:3,0,2,0,0,0,1,0,0,0,0,0,0,15,24
49323,0:3:2;0:3:3;0:3:3;0:4:3,0,3,0,0,0,1,0,0,0,0,0,0,34,24
49324,0:3:2;0:3:3;0:3:3;0:4:3,0,4,0,0,0,1,0,0,0,0,0,0,62,24
49325,0:3:2;0:3:3;0:3:3;0:4:3,0,5,0,0,0,1,0,0,0,0,0,0,96,24
49326,0:3:2;0:3:3;0:3:3;0:4:3,1,0,0,0,0,1,0,0,0,0,0,0,1,24
49327,0:3:2;0:3:3;0:3:3;0:4:3,1,1,0,0,0,1,0,0,0,0,0,0,5,24
49328,0:3:2;0:3:3;0:3:3;0:4:3,1,2,0,0,0,1,0,0,0,0,0,0,15,24
49329,0:3:2;0:3:3;0:3:3;0:4:3,1,3,0,0,0,1,0,0,0,0,0,0,34,24
49330,0:3:2;0:3:3;0:3:3;0:4:3,1,4,0,0,0,1,0,0,0,0,0,0,62,24
49331,0:3:2;0:3:3;0:3:3;0:4:3,1,5,0,0,0,1,0,0,0,0,0,0,96,24
49332,0:3:2;0:3:3;0:3:3;0:4:3,2,0,0,0,0,1,0,0,0,0,0,0,1,24
49333,0:3:2;0:3:3;0:3:3;0:4:3,2,1,0,0,0,1,0,0,0,0,0,0,5,24
49334,0:3:2;0:3:3;0:3:3;0:4:3,2,2,0,0,0,1,0,0,0,0,0,0,15,24
49335,0:3:2;0:3:3;0:3:3;0:4:3,2,3,0,0,0,1,0,0,0,0,0,0,34,24
49336,0:3:2;0:3:3;0:3:3;0:4:3,2,4,0,0,0,1,0,0,0,0,0,0,62,24
49337,0:3:2;0:3:3;0:3:3;0:4:3,2,5,0,0,0,1,0,0,0,0,0,0,96,24
49338,0:3:2;0:3:3;0:3:3;0:4:3,3,0,0,0,0,1,0,0,0,0,0,0,1,24
49339,0:3:2;0:3:3;0:3:3;0:4:3,3,1,0,0,0,1,0,0,0,0,0,0,5,24
49340,0:3:2;0:3:3;0:3:3;0:4:3,3,2,0,0,0,1,0,0,0,0,0,0,15,24
49341,0:3:2;0:3:3;0:3:3;0:4:3,3,3,0,0,0,1,0,0,0,0,0,0,34,24
49342,0:3:2;0:3:3;0:3:3;0:4:3,3,4,0,0,0,1,0,0,0,0,0,0,62,24
49343,0:3:2;0:3:3;0:3:3;0:4:3,3,5,0,0,0,1,0,0,0,0,0,0,96,24
49344,0:3:2;0:3:3;0:3:3;0:4:3,4,0,0,0,0,1,0,0,0,0,0,0,1,24
49345,0:3:2;0:3:3;0:3:3;0:4:3,4,1,0,0,0,1,0,0,0,0,0,0,5,24
49346,0:3:2;0:3:3;0:3:3;0:4:3,4,2,0,0,0,1,0,0,0,0,0,0,15,24
49347,0:3:2;0:3:3;0:3:3;0:4:3,4,3,0,0,0,1,0,0,0,0,0,0,34,24
49348,0:3:2;0:3:3;0:3:3;0:4:3,4,4,0,0,0,1,0,0,0,0,0,0,62,24
49349,0:3:2;0:3:3;0:3:3;0:4:3,4,5,0,0,0,1,0,0,0,0,0,0,96,24
49350,0:3:2;0:3:3;0:3:3;0:4:3,5,0,0,0,0,1,0,0,0,0,0,0,1,24
49351,0:3:2;0:3:3;0:3:3;0:4:3,5,1,0,0,0,1,0,0,0,0,0,0,5,24
49352,0:3:2;0:3:3;0:3:3;0:4:3,5,2,0,0,0,1,0,0,0,0,0,0,15,24
49353,0:3:2;0:3:3;0:3:3;0:4:3,5,3,0,0,0,1,0,0,0,0,0,0,34,24
49354,0:3:2;0:3:3;0:3:3;0:4:3,5,4,0,0,0,1,0,0,0,0,0,0,62,24
49355,0:3:2;0:3:3;0:3:3;0:4:3,5,5,0,0,0,1,0,0,0,0,0,0,96,24
49356,0:3:2;0:3:3;0:3:3;1:1:1,0,0,0,0,0,1,0,0,0,0,0,0,1,24
49357,0:3:2;0:3:3;0:3:3;1:1:1,0,1,0,0,0,1,0,0,0,0,0,0,4,24
49358,0:3:2;0:3:3;0:3:3;1:1:1,0,2,0,0,0,1,0,0,0,0,0,0,13,24
49359,0:3:2;0:3:3;0:3:3;1:1:1,0,3,0,0,0,1,0,0,0,0,0,0,31,24
49360,0:3:2;0:3:3;0:3:3;1:1:1,0,4,0,0,0,1,0,0,0,0,0,0,49,24
49361,0:3:2;0:3:3;0:3:3;1:1:1,0,5,0,0,0,1,0,0,0,0,0,0,64,24
49362,0:3:2;0:3:3;0:3:3;1:1:1,1,0,0,0,0,1,0,0,0,0,0,0,5,24
49363,0:3:2;0:3:3;0:3:3;1:1:1,1,1,0,0,0,1,0,0,0,0,0,0,14,24
49364,0:3:2;0:3:3;0:3:3;1:1:1,1,2,0,0,0,1,0,0,0,0,0,0,29,24
49365,0:3:2;0:3:3;0:3:3;1:1:1,1,3,0,0,0,1,0,0,0,0,0,0,48,24
49366,0:3:2;0:3:3;0:3:3;1:1:1,1,4,0,0,0,1,0,0,0,0,0,0,67,24
49367,0:3:2;0:3:3;0:3:3;1:1:1,1,5,0,0,0,1,0,0,0,0,0,0,82,24
49368,0:3:2;0:3:3;0:3:3;1:1:1,2,0,0,0,0,1,0,0,0,0,0,0,5,24
49369,0:3:2;0:3:3;0:3:3;1:1:1,2,1,0,0,0,1,0,0,0,0,0,0,14,24
49370,0:3:2;0:3:3;0:3:3;1:1:1,2,2,0,0,0,1,0,0,0,0,0,0,29,24
49371,0:3:2;0:3:3;0:3:3;1:1:1,2,3,0,0,0,1,0,0,0,0,0,0,48,24
49372,0:3:2;0:3:3;0:3:3;1:1:1,2,4,0,0,0,1,0,0,0,0,0,0,67,24
49373,0:3:2;0:3:3;0:3:3;1:1:1,2,5,0,0,0,1,0,0,0,0,0,0,82,24
49374,0:3:2;0:3:3;0:3:3;1:1:1,3,0,0,0,0,1,0,0,0,0,0,0,5,24
49375,0:3:2;0:3:3;0:3:3;1:1:1,3,1,0,0,0,1,0,0,0,0,0,0,14,24
49376,0:3:2;0:3:3;0:3:3;1:1:1,3,2,0,0,0,1,0,0,0,0,0,0,29,24
49377,0:3:2;0:3:3;0:3:3;1:1:1,3,3,0,0,0,1,0,0,0,0,0,0,48,24
49378,0:3:2;0:3:3;0:3:3;1:1:1,3,4,0,0,0,1,0,0,0,0,0,0,67,24
49379,0:3:2;0:3:3;0:3:3;1:1:1,3,5,0,0,0,1,0,0,0,0,0,0,82,24
49380,0:3:2;0:3:3;0:3:3;1:1:1,4,0,0,0,0,1,0,0,0,0,0,0,5,24
49381,0:3:2;0:3:3;0:3:3;1:1:1,4,1,0,0,0,1,0,0,0,0,0,0,14,24
49382,0:3:2;0:3:3;0:3:3;1:1:1,4,2,0,0,0,1,0,0,0,0,0,0,29,24
49383,0:3:2;0:3:3;0:3:3;1:1:1,4,3,0,0,0,1,0,0,0,0,0,0,48,24
49384,0:3:2;0:3:3;0:3:3;1:1:1,4,4,0,0,0,1,0,0,0,0,0,0,67,24
49385,0:3:2;0:3:3;0:3:3;1:1:1,4,5,0,0,0,1,0,0,0,0,0,0,82,24
49386,0:3:2;0:3:3;0:3:3;1:1:1,5,0,0,0,0,1,0,0,0,0,0,0,5,24
49387,0:3:2;0:3:3;0:3:3;1:1:1,5,1,0,0,0,1,0,0,0,0,0,0,14,24
49388,0:3:2;0:3:3;0:3:3;1:1:1,5,2,0,0,0,1,0,0,0,0,0,0,29,24
49389,0:3:2;0:3:3;0:3:3;1:1:1,5,3,0,0,0,1,0,0,0,0,0,0,48,24
49390,0:3:2;0:3:3;0:3:3;1:1:1,5,4,0,0,0,1,0,0,0,0,0,0,67,24
49391,0:3:2;0:3:3;0:3:3;1:1:1,5,5,0,0,0,1,0,0,0,0,0,0,82,24
49392,0:3:2;0:3:3;0:3:3;1:2:1,0,0,0,0,0,1,0,0,0,0,0,0,1,24
49393,0:3:2;0:3:3;0:3:3;1:2:1,0,1,0,0,0,1,0,0,0,0,0,0,4,24
49394,0:3:2;0:3:3;0:3:3;1:2:1,0,2,0,0,0,1,0,0,0,0,0,0,16,24
49395,0:3:2;0:3:3;0:3:3;1:2:1,0,3,0,0,0,1,0,0,0,0,0,0,39,24
49396,0:3:2;0:3:3;0:3:3;1:2:1,0,4,0,0,0,1,0,0,0,0,0,0,55,24
49397,0:3:2;0:3:3;0:3:3;1:2:1,0,5,0,0,0,1,0,0,0,0,0,0,67,24
49398,0:3:2;0:3:3;0:3:3;1:2:1,1,0,0,0,0,1,0,0,0,0,0,0,11,24
49399,0:3:2;0:3:3;0:3:3;1:2:1,1,1,0,0,0,1,0,0,0,0,0,0,23,24
49400,0:3:2;0:3:3;0:3:3;1:2:1,1,2,0,0,0,1,0,0,0,0,0,0,39,24
49401,0:3:2;0:3:3;0:3:3;1:2:1,1,3,0,0,0,1,0,0,0,0,0,0,57,24
49402,0:3:2;0:3:3;0:3:3;1:2:1,1,4,0,0,0,1,0,0,0,0,0,0,73,24
49403,0:3:2;0:3:3;0:3:3;1:2:1,1,5,0,0,0,1,0,0,0,0,0,0,85,24
49404,0:3:2;0:3:3;0:3:3;1:2:1,2,0,0,0,0,1,0,0,0,0,0,0,11,24
49405,0:3:2;0:3:3;0:3:3;1:2:1,2,1,0,0,0,1,0,0,0,0,0,0,23,24
49406,0:3:2;0:3:3;0:3:3;1:2:1,2,2,0,0,0,1,0,0,0,0,0,0,39,24
49407,0:3:2;0:3:3;0:3:3;1:2:1,2,3,0,0,0,1,0,0,0,0,0,0,57,24
49408,0:3:2;0:3:3;0:3:3;1:2:1,2,4,0,0,0,1,0,0,0,0,0,0,73,24
49409,0:3:2;0:3:3;0:3:3;1:2:1,2,5,0,0,0,1,0,0,0,0,0,0,85,24
49410,0:3:2;0:3:3;0:3:3;1:2:1,3,0,0,0,0,1,0,0,0,0,0,0,11,24
49411,0:3:2;0:3:3;0:3:3;1:2:1,3,1,0,0,0,1,0,0,0,0,0,0,23,24
49412,0:3:2;0:3:3;0:3:3;1:2:1,3,2,0,0,0,1,0,0,0,0,0,0,39,24
49413,0:3:2;0:3:3;0:3:3;1:2:1,3,3,0,0,0,1,0,0,0,0,0,0,57,24
49414,0:3:2;0:3:3;0:3:3;1:2:1,3,4,0,0,0,1,0,0,0,0,0,0,73,24
49415,0:3:2;0:3:3;0:3:3;1:2:1,3,5,0,0,0,1,0,0,0,0,0,0,85,24
49416,0:3:2;0:3:3;0:3:3;1:2:1,4,0,0,0,0,1,0,0,0,0,0,0,11,24
49417,0:3:2;0:3:3;0:3:3;1:2:1,4,1,0,0,0,1,0,0,0,0,0,0,23,24
49418,0:3:2;0:3:3;0:3:3;1:2:1,4,2,0,0,0,1,0,0,0,0,0,0,39,24
49419,0:3:2;0:3:3;0:3:3;1:2:1,4,3,0,0,0,1,0,0,0,0,0,0,57,24
49420,0:3:2;0:3:3;0:3:3;1:2:1,4,4,0,0,0,1,0,0,0,0,0,0,73,24
49421,0:3:2;0:3:3;0:3:3;1:2:1,4,5,0,0,0,1,0,0,0,0,0,0,85,24
49422,0:3:2;0:3:3;0:3:3;1:2:1,5,0,0,0,0,1,0,0,0,0,0,0,11,24
49423,0:3:2;0:3:3;0:3:3;1:2:1,5,1,0,0,0,1,0,0,0,0,0,0,23,24
49424,0:3:2;0:3:3;0:3:3;1:2:1,5,2,0,0,0,1,0,0,0,0,0,0,39,24
49425,0:3:2;0:3:3;0:3:3;1:2:1,5,3,0,0,0,1,0,0,0,0,0,0,57,24
49426,0:3:2;0:3:3;0:3:3;1:2:1,5,4,0,0,0,1,0,0,0,0,0,0,73,24
49427,0:3:2;0:3:3;0:3:3;1:2:1,5,5,0,0,0,1,0,0,0,0,0,0,85,24
49428,0:3:2;0:3:3;0:3:3;1:2:2,0,0,0,0,0,1,0,0,0,0,0,0,1,24
49429,0:3:2;0:3:3;0:3:3;1:2:2,0,1,0,0,0,1,0,0,0,0,0,0,4,24
49430,0:3:2;0:3:3;0:3:3;1:2:2,0,2,0,0,0,1,0,0,0,0,0,0,17,24
49431,0:3:2;0:3:3;0:3:3;1:2:2,0,3,0,0,0,1,0,0,0,0,0,0,44,24
49432,0:3:2;0:3:3;0:3:3;1:2:2,0,4,0,0,0,1,0,0,0,0,0,0,67,24
49433,0:3:2;0:3:3;0:3:3;1:2:2,0,5,0,0,0,1,0,0,0,0,0,0,87,24
49434,0:3:2;0:3:3;0:3:3;1:2:2,1,0,0,0,0,1,0,0,0,0,0,0,2,24
49435,0:3:2;0:3:3;0:3:3;1:2:2,1,1,0,0,0,1,0,0,0,0,0,0,8,24
49436,0:3:2;0:3:3;0:3:3;1:2:2,1,2,0,0,0,1,0,0,0,0,0,0,26,24
49437,0:3:2;0:3:3;0:3:3;1:2:2,1,3,0,0,0,1,0,0,0,0,0,0,58,24
49438,0:3:2;0:3:3;0:3:3;1:2:2,1,4,0,0,0,1,0,0,0,0,0,0,84,24
49439,0:3:2;0:3:3;0:3:3;1:2:2,1,5,0,0,0,1,0,0,0,0,0,0,105,24
49440,0:3:2;0:3:3;0:3:3;1:2:2,2,0,0,0,0,1,0,0,0,0,0,0,12,24
49441,0:3:2;0:3:3;0:3:3;1:2:2,2,1,0,0,0,1,0,0,0,0,0,0,27,24
49442,0:3:2;0:3:3;0:3:3;1:2:2,2,2,0,0,0,1,0,0,0,0,0,0,49,24
49443,0:3:2;0:3:3;0:3:3;1:2:2,2,3,0,0,0,1,0,0,0,0,0,0,76,24
49444,0:3:2;0:3:3;0:3:3;1:2:2,2,4,0,0,0,1,0,0,0,0,0,0,102,24
49445,0:3:2;0:3:3;0:3:3;1:2:2,2,5,0,0,0,1,0,0,0,0,0,0,123,24
49446,0:3:2;0:3:3;0:3:3;1:2:2,3,0,0,0,0,1,0,0,0,0,0,0,12,24
49447,0:3:2;0:3:3;0:3:3;1:2:2,3,1,0,0,0,1,0,0,0,0,0,0,27,24
49448,0:3:2;0:3:3;0:3:3;1:2:2,3,2,0,0,0,1,0,0,0,0,0,0,49,24
49449,0:3:2;0:3:3;0:3:3;1:2:2,3,3,0,0,0,1,0,0,0,0,0,0,76,24
49450,0:3:2;0:3:3;0:3:3;1:2:2,3,4,0,0,0,1,0,0,0,0,0,0,102,24
49451,0:3:2;0:3:3;0:3:3;1:2:2,3,5,0,0,0,1,0,0,0,0,0,0,123,24
49452,0:3:2;0:3:3;0:3:3;1:2:2,4,0,0,0,0,1,0,0,0,0,0,0,12,24
49453,0:3:2;0:3:3;0:3:3;1:2:2,4,1,0,0,0,1,0,0,0,0,0,0,27,24
49454,0:3:2;0:3:3;0:3:3;1:2:2,4,2,0,0,0,1,0,0,0,0,0,0,49,24
49455,0:3:2;0:3:3;0:3:3;1:2:2,4,3,0,0,0,1,0,0,0,0,0,0,76,24
49456,0:3:2;0:3:3;0:3:3;1:2:2,4,4,0,0,0,1,0,0,0,0,0,0,102,24
49457,0:3:2;0:3:3;0:3:3;1:2:2,4,5,0,0,0,1,0,0,0,0,0,0,123,24
49458,0:3:2;0:3:3;0:3:3;1:2:2,5,0,0,0,0,1,0,0,0,0,0,0,12,24
49459,0:3:2;0:3:3;0:3:3;1:2:2,5,1,0,0,0,1,0,0,0,0,0,0,27,24
49460,0:3:2;0:3:3;0:3:3;1:2:2,5,2,0,0,0,1,0,0,0,0,0,0,49,24
49461,0:3:2;0:3:3;0:3:3;1:2:2,5,3,0,0,0,1,0,0,0,0,0,0,76,24
49462,0:3:2;0:3:3;0:3:3;1:2:2,5,4,0,0,0,1,0,0,0,0,0,0,102,24
49463,0:3:2;0:3:3;0:3:3;1:2:2,5,5,0,0,0,1,0,0,0,0,0,0,123,24
49464,0:3:2;0:3:3;0:3:3;1:3:2,0,0,0,0,0,1,0,0,0,0,0,0,1,24
49465,0:3:2;0:3:3;0:3:3;1:3:2,0,1,0,0,0,1,0,0,0,0,0,0,4,24
49466,0:3:2;0:3:3;0:3:3;1:3:2,0,2,0,0,0,1,0,0,0,0,0,0,21,24
49467,0:3:2;0:3:3;0:3:3;1:3:2,0,3,0,0,0,1,0,0,0,0,0,0,50,24
49468,0:3:2;0:3:3;0:3:3;1:3:2,0,4,0,0,0,1,0,0,0,0,0,0,70,24
49469,0:3:2;0:3:3;0:3:3;1:3:2,0,5,1,1,1,0,1,1,1,1,1,5,11,2
49470,0:3:2;0:3:3;0:3:3;1:3:2,1,0,0,0,0,1,0,0,0,0,0,0,2,24
49471,0:3:2;0:3:3;0:3:3;1:3:2,1,1,0,0,0,1,0,0,0,0,0,0,8,24
49472,0:3:2;0:3:3;0:3:3;1:3:2,1,2,0,0,0,1,0,0,0,0,0,0,30,24
49473,0:3:2;0:3:3;0:3:3;1:3:2,1,3,0,0,0,1,0,0,0,0,0,0,64,24
49474,0:3:2;0:3:3;0:3:3;1:3:2,1,4,0,0,0,1,0,0,0,0,0,0,87,24
49475,0:3:2;0:3:3;0:3:3;1:3:2,1,5,1,1,1,0,1,1,1,1,1,5,11,2
49476,0:3:2;0:3:3;0:3:3;1:3:2,2,0,0,0,0,1,0,0,0,0,0,0,21,24
49477,0:3:2;0:3:3;0:3:3;1:3:2,2,1,0,0,0,1,0,0,0,0,0,0,37,24
49478,0:3:2;0:3:3;0:3:3;1:3:2,2,2,0,0,0,1,0,0,0,0,0,0,58,24
49479,0:3:2;0:3:3;0:3:3;1:3:2,2,3,0,0,0,1,0,0,0,0,0,0,82,24
49480,0:3:2;0:3:3;0:3:3;1:3:2,2,4,0,0,0,1,0,0,0,0,0,0,105,24
49481,0:3:2;0:3:3;0:3:3;1:3:2,2,5,1,1,1,0,1,1,1,1,1,5,11,2
49482,0:3:2;0:3:3;0:3:3;1:3:2,3,0,0,0,0,1,0,0,0,0,0,0,21,24
49483,0:3:2;0:3:3;0:3:3;1:3:2,3,1,0,0,0,1,0,0,0,0,0,0,37,24
49484,0:3:2;0:3:3;0:3:3;1:3:2,3,2,0,0,0,1,0,0,0,0,0,0,58,24
49485,0:3:2;0:3:3;0:3:3;1:3:2,3,3,0,0,0,1,0,0,0,0,0,0,82,24
49486,0:3:2;0:3:3;0:3:3;1:3:2,3,4,0,0,0,1,0,0,0,0,0,0,105,24
49487,0:3:2;0:3:3;0:3:3;1:3:2,3,5,1,1,1,0,1,1,1,1,1,5,11,2
49488,0:3:2;0:3:3;0:3:3;1:3:2,4,0,0,0,0,1,0,0,0,0,0,0,21,24
49489,0:3:2;0:3:3;0:3:3;1:3:2,4,1,0,0,0,1,0,0,0,0,0,0,37,24
49490,0:3:2;0:3:3;0:3:3;1:3:2,4,2,0,0,0,1,0,0,0,0,0,0,58,24
49491,0:3:2;0:3:3;0:3:3;1:3:2,4,3,0,0,0,1,0,0,0,0,0,0,82,24
49492,0:3:2;0:3:3;0:3:3;1:3:2,4,4,0,0,0,1,0,0,0,0,0,0,105,24
49493,0:3:2;0:3:3;0:3:3;1:3:2,4,5,1,1,1,0,1,1,1,1,1,5,11,2
49494,0:3:2;0:3:3;0:3:3;1:3:2,5,0,0,0,0,1,0,0,0,0,0,0,21,24
49495,0:3:2;0:3:3;0:3:3;1:3:2,5,1,0,0,0,1,0,0,0,0,0,0,37,24
49496,0:3:2;0:3:3;0:3:3;1:3:2,5,2,0,0,0,1,0,0,0,0,0,0,58,24
49497,0:3:2;0:3:3;0:3:3;1:3:2,5,3,0,0,0,1,0,0,0,0,0,0,82,24
49498,0:3:2;0:3:3;0:3:3;1:3:2,5,4,0,0,0,1,0,0,0,0,0,0,105,24
49499,0:3:2;0:3:3;0:3:3;1:3:2,5,5,1,1,1,0,1,1,1,1,1,5,11,2
49500,0:3:2;0:3:3;0:3:3;1:3:3,0,0,0,0,0,1,0,0,0,0,0,0,1,24
49501,0:3:2;0:3:3;0:3:3;1:3:3,0,1,0,0,0,1,0,0,0,0,0,0,4,24
49502,0:3:2;0:3:3;0:3:3;1:3:3,0,2,0,0,0,1,0,0,0,0,0,0,22,24
49503,0:3:2;0:3:3;0:3:3;1:3:3,0,3,0,0,0,1,0,0,0,0,0,0,55,24
49504,0:3:2;0:3:3;0:3:3;1:3:3,0,4,0,0,0,1,0,0,0,0,0,0,82,24
49505,0:3:2;0:3:3;0:3:3;1:3:3,0,5,1,1,1,0,1,1,1,1,1,5,12,2
49506,0:3:2;0:3:3;0:3:3;1:3:3,1,0,0,0,0,1,0,0,0,0,0,0,2,24
49507,0:3:2;0:3:3;0:3:3;1:3:3,1,1,0,0,0,1,0,0,0,0,0,0,8,24
49508,0:3:2;0:3:3;0:3:3;1:3:3,1,2,0,0,0,1,0,0,0,0,0,0,31,24
49509,0:3:2;0:3:3;0:3:3;1:3:3,1,3,0,0,0,1,0,0,0,0,0,0,69,24
49510,0:3:2;0:3:3;0:3:3;1:3:3,1,4,0,0,0,1,0,0,0,0,0,0,99,24
49511,0:3:2;0:3:3;0:3:3;1:3:3,1,5,1,1,1,0,1,1,1,1,1,5,12,2
49512,0:3:2;0:3:3;0:3:3;1:3:3,2,0,0,0,0,1,0,0,0,0,0,0,3,24
49513,0:3:2;0:3:3;0:3:3;1:3:3,2,1,0,0,0,1,0,0,0,0,0,0,12,24
49514,0:3:2;0:3:3;0:3:3;1:3:3,2,2,0,0,0,1,0,0,0,0,0,0,40,24
49515,0:3:2;0:3:3;0:3:3;1:3:3,2,3,0,0,0,1,0,0,0,0,0,0,83,24
49516,0:3:2;0:3:3;0:3:3;1:3:3,2,4,0,0,0,1,0,0,0,0,0,0,116,24
49517,0:3:2;0:3:3;0:3:3;1:3:3,2,5,1,1,1,0,1,1,1,1,1,5,12,2
49518,0:3:2;0:3:3;0:3:3;1:3:3,3,0,0,0,0,1,0,0,0,0,0,0,22,24
49519,0:3:2;0:3:3;0:3:3;1:3:3,3,1,0,0,0,1,0,0,0,0,0,0,41,24
49520,0:3:2;0:3:3;0:3:3;1:3:3,3,2,0,0,0,1,0,0,0,0,0,0,68,24
49521,0:3:2;0:3:3;0:3:3;1:3:3,3,3,0,0,0,1,0,0,0,0,0,0,101,24
49522,0:3:2;0:3:3;0:3:3;1:3:3,3,4,0,0,0,1,0,0,0,0,0,0,134,24
49523,0:3:2;0:3:3;0:3:3;1:3:3,3,5,1,1,1,0,1,1,1,1,1,5,12,2
49524,0:3:2;0:3:3;0:3:3;1:3:3,4,0,0,0,0,1,0,0,0,0,0,0,22,24
49525,0:3:2;0:3:3;0:3:3;1:3:3,4,1,0,0,0,1,0,0,0,0,0,0,41,24
49526,0:3:2;0:3:3;0:3:3;1:3:3,4,2,0,0,0,1,0,0,0,0,0,0,68,24
49527,0:3:2;0:3:3;0:3:3;1:3:3,4,3,0,0,0,1,0,0,0,0,0,0,101,24
49528,0:3:2;0:3:3;0:3:3;1:3:3,4,4,0,0,0,1,0,0,0,0,0,0,134,24
49529,0:3:2;0:3:3;0:3:3;1:3:3,4,5,1,1,1,0,1,1,1,1,1,5,12,2
49530,0:3:2;0:3:3;0:3:3;1:3:3,5,0,0,0,0,1,0,0,0,0,0,0,22,24
49531,0:3:2;0:3:3;0:3:3;1:3:3,5,1,0,0,0,1,0,0,0,0,0,0,41,24
49532,0:3:2;0:3:3;0:3:3;1:3:3,5,2,0,0,0,1,0,0,0,0,0,0,68,24
49533,0:3:2;0:3:3;0:3:3;1:3:3,5,3,0,0,0,1,0,0,0,0,0,0,101,24
49534,0:3:2;0:3:3;0:3:3;1:3:3,5,4,0,0,0,1,0,0,0,0,0,0,134,24
49535,0:3:2;0:3:3;0:3:3;1:3:3,5,5,1,1,1,0,1,1,1,1,1,5,12,2
49536,0:3:2;0:3:3;0:3:3;1:4:3,0,0,0,0,0,1,0,0,0,0,0,0,1,24
49537,0:3:2;0:3:3;0:3:3;1:4:3,0,1,0,0,0,1,0,0,0,0,0,0,4,24
49538,0:3:2;0:3:3;0:3:3;1:4:3,0,2,0,0,0,1,0,0,0,0,0,0,25,24
49539,0:3:2;0:3:3;0:3:3;1:4:3,0,3,0,0,0,1,0,0,0,0,0,0,58,24
49540,0:3:2;0:3:3;0:3:3;1:4:3,0,4,1,1,0,0,1,1,1,1,1,5,12,5
49541,0:3:2;0:3:3;0:3:3;1:4:3,0,5,1,1,1,0,1,1,1,1,1,5,12,2
49542,0:3:2;0:3:3;0:3:3;1:4:3,1,0,0,0,0,1,0,0,0,0,0,0,2,24
49543,0:3:2;0:3:3;0:3:3;1:4:3,1,1,0,0,0,1,0,0,0,0,0,0,8,24
49544,0:3:2;0:3:3;0:3:3;1:4:3,1,2,0,0,0,1,0,0,0,0,0,0,34,24
49545,0:3:2;0:3:3;0:3:3;1:4:3,1,3,0,0,0,1,0,0,0,0,0,0,72,24
49546,0:3:2;0:3:3;0:3:3;1:4:3,1,4,1,1,1,0,1,1,1,1,1,5,12,5
49547,0:3:2;0:3:3;0:3:3;1:4:3,1,5,1,1,1,0,1,1,1,1,1,5,12,2
49548,0:3:2;0:3:3;0:3:3;1:4:3,2,0,0,0,0,1,0,0,0,0,0,0,3,24
49549,0:3:2;0:3:3;0:3:3;1:4:3,2,1,0,0,0,1,0,0,0,0,0,0,12,24
49550,0:3:2;0:3:3;0:3:3;1:4:3,2,2,0,0,0,1,0,0,0,0,0,0,43,24
49551,0:3:2;0:3:3;0:3:3;1:4:3,2,3,0,0,0,1,0,0,0,0,0,0,86,24
49552,0:3:2;0:3:3;0:3:3;1:4:3,2,4,1,1,1,0,1,1,1,1,1,5,12,5
49553,0:3:2;0:3:3;0:3:3;1:4:3,2,5,1,1,1,0,1,1,1,1,1,5,12,2
49554,0:3:2;0:3:3;0:3:3;1:4:3,3,0,0,0,0,1,0,0,0,0,0,0,32,24
49555,0:3:2;0:3:3;0:3:3;1:4:3,3,1,0,0,0,1,0,0,0,0,0,0,50,24
49556,0:3:2;0:3:3;0:3:3;1:4:3,3,2,0,0,0,1,0,0,0,0,0,0,74,24
49557,0:3:2;0:3:3;0:3:3;1:4:3,3,3,0,0,0,1,0,0,0,0,0,0,104,24
49558,0:3:2;0:3:3;0:3:3;1:4:3,3,4,1,1,1,0,1,1,1,1,1,5,12,5
49559,0:3:2;0:3:3;0:3:3;1:4:3,3,5,1,1,1,0,1,1,1,1,1,5,12,2
49560,0:3:2;0:3:3;0:3:3;1:4:3,4,0,0,0,0,1,0,0,0,0,0,0,32,24
49561,0:3:2;0:3:3;0:3:3;1:4:3,4,1,0,0,0,1,0,0,0,0,0,0,50,24
49562,0:3:2;0:3:3;0:3:3;1:4:3,4,2,0,0,0,1,0,0,0,0,0,0,74,24
49563,0:3:2;0:3:3;0:3:3;1:4:3,4,3,0,0,0,1,0,0,0,0,0,0,104,24
49564,0:3:2;0:3:3;0:3:3;1:4:3,4,4,1,1,1,0,1,1,1,1,1,5,12,5
49565,0:3:2;0:3:3;0:3:3;1:4:3,4,5,1,1,1,0,1,1,1,1,1,5,12,2
49566,0:3:2;0:3:3;0:3:3;1:4:3,5,0,0,0,0,1,0,0,0,0,0,0,32,24
49567,0:3:2;0:3:3;0:3:3;1:4:3,5,1,0,0,0,1,0,0,0,0,0,0,50,24
49568,0:3:2;0:3:3;0:3:3;1:4:3,5,2,0,0,0,1,0,0,0,0,0,0,74,24
49569,0:3:2;0:3:3;0:3:3;1:4:3,5,3,0,0,0,1,0,0,0,0,0,0,104,24
49570,0:3:2;0:3:3;0:3:3;1:4:3,5,4,1,1,1,0,1,1,1,1,1,5,12,5
49571,0:3:2;0:3:3;0:3:3;1:4:3,5,5,1,1,1,0,1,1,1,1,1,5,12,2
49572,0:3:2;0:3:3;0:4:3;0:4:3,0,0,0,0,0,1,0,0,0,0,0,0,1,24
49573,0:3:2;0:3:3;0:4:3;0:4:3,0,1,0,0,0,1,0,0,0,0,0,0,5,24
49574,0:3:2;0:3:3;0:4:3;0:4:3,0,2,0,0,0,1,0,0,0,0,0,0,15,24
49575,0:3:2;0:3:3;0:4:3;0:4:3,0,3,0,0,0,1,0,0,0,0,0,0,34,24
49576,0:3:2;0:3:3;0:4:3;0:4:3,0,4,0,0,0,1,0,0,0,0,0,0,62,24
49577,0:3:2;0:3:3;0:4:3;0:4:3,0,5,0,0,0,1,0,0,0,0,0,0,96,24
49578,0:3:2;0:3:3;0:4:3;0:4:3,1,0,0,0,0,1,0,0,0,0,0,0,1,24
49579,0:3:2;0:3:3;0:4:3;0:4:3,1,1,0,0,0,1,0,0,0,0,0,0,5,24
49580,0:3:2;0:3:3;0:4:3;0:4:3,1,2,0,0,0,1,0,0,0,0,0,0,15,24
49581,0:3:2;0:3:3;0:4:3;0:4:3,1,3,0,0,0,1,0,0,0,0,0,0,34,24
49582,0:3:2;0:3:3;0:4:3;0:4:3,1,4,0,0,0,1,0,0,0,0,0,0,62,24
49583,0:3:2;0:3:3;0:4:3;0:4:3,1,5,0,0,0,1,0,0,0,0,0,0,96,24
49584,0:3:2;0:3:3;0:4:3;0:4:3,2,0,0,0,0,1,0,0,0,0,0,0,1,24
49585,0:3:2;0:3:3;0:4:3;0:4:3,2,1,0,0,0,1,0,0,0,0,0,0,5,24
49586,0:3:2;0:3:3;0:4:3;0:4:3,2,2,0,0,0,1,0,0,0,0,0,0,15,24
49587,0:3:2;0:3:3;0:4:3;0:4:3,2,3,0,0,0,1,0,0,0,0,0,0,34,24
49588,0:3:2;0:3:3;0:4:3;0:4:3,2,4,0,0,0,1,0,0,0,0,0,0,62,24
49589,0:3:2;0:3:3;0:4:3;0:4:3,2,5,0,0,0,1,0,0,0,0,0,0,96,24
49590,0:3:2;0:3:3;0:4:3;0:4:3,3,0,0,0,0,1,0,0,0,0,0,0,1,24
49591,0:3:2;0:3:3;0:4:3;0:4:3,3,1,0,0,0,1,0,0,0,0,0,0,5,24
49592,0:3:2;0:3:3;0:4:3;0:4:3,3,2,0,0,0,1,0,0,0,0,0,0,15,24
49593,0:3:2;0:3:3;0:4:3;0:4:3,3,3,0,0,0,1,0,0,0,0,0,0,34,24
49594,0:3:2;0:3:3;0:4:3;0:4:3,3,4,0,0,0,1,0,0,0,0,0,0,62,24
49595,0:3:2;0:3:3;0:4:3;0:4:3,3,5,0,0,0,1,0,0,0,0,0,0,96,24
49596,0:3:2;0:3:3;0:4:3;0:4:3,4,0,0,0,0,1,0,0,0,0,0,0,1,24
49597,0:3:2;0:3:3;0:4:3;0:4:3,4,1,0,0,0,1,0,0,0,0,0,0,5,24
49598,0:3:2;0:3:3;0:4:3;0:4:3,4,2,0,0,0,1,0,0,0,0,0,0,15,24
49599,0:3:2;0:3:3;0:4:3;0:4:3,4,3,0,0,0,1,0,0,0,0,0,0,34,24
49600,0:3:2;0:3:3;0:4:3;0:4:3,4,4,0,0,0,1,0,0,0,0,0,0,62,24
49601,0:3:2;0:3:3;0:4:3;0:4:3,4,5,0,0,0,1,0,0,0,0,0,0,96,24
49602,0:3:2;0:3:3;0:4:3;0:4:3,5,0,0,0,0,1,0,0,0,0,0,0,1,24
49603,0:3:2;0:3:3;0:4:3;0:4:3,5,1,0,0,0,1,0,0,0,0,0,0,5,24
49604,0:3:2;0:3:3;0:4:3;0:4:3,5,2,0,0,0,1,0,0,0,0,0,0,15,24
49605,0:3:2;0:3:3;0:4:3;0:4:3,5,3,0,0,0,1,0,0,0,0,0,0,34,24
49606,0:3:2;0:3:3;0:4:3;0:4:3,5,4,0,0,0,1,0,0,0,0,0,0,62,24
49607,0:3:2;0:3:3;0:4:3;0:4:3,5,5,0,0,0,1,0,0,0,0,0,0,96,24
49608,0:3:2;0:3:3;0:4:3;1:1:1,0,0,0,0,0,1,0,0,0,0,0,0,1,24
49609,0:3:2;0:3:3;0:4:3;1:1:1,0,1,0,0,0,1,0,0,0,0,0,0,4,24
49610,0:3:2;0:3:3;0:4:3;1:1:1,0,2,0,0,0,1,0,0,0,0,0,0,13,24
49611,0:3:2;0:3:3;0:4:3;1:1:1,0,3,0,0,0,1,0,0,0,0,0,0,31,24
49612,0:3:2;0:3:3;0:4:3;1:1:1,0,4,0,0,0,1,0,0,0,0,0,0,49,24
49613,0:3:2;0:3:3;0:4:3;1:1:1,0,5,0,0,0,1,0,0,0,0,0,0,64,24
49614,0:3:2;0:3:3;0:4:3;1:1:1,1,0,0,0,0,1,0,0,0,0,0,0,5,24
49615,0:3:2;0:3:3;0:4:3;1:1:1,1,1,0,0,0,1,0,0,0,0,0,0,14,24
49616,0:3:2;0:3:3;0:4:3;1:1:1,1,2,0,0,0,1,0,0,0,0,0,0,29,24
49617,0:3:2;0:3:3;0:4:3;1:1:1,1,3,0,0,0,1,0,0,0,0,0,0,48,24
49618,0:3:2;0:3:3;0:4:3;1:1:1,1,4,0,0,0,1,0,0,0,0,0,0,67,24
49619,0:3:2;0:3:3;0:4:3;1:1:1,1,5,0,0,0,1,0,0,0,0,0,0,82,24
49620,0:3:2;0:3:3;0:4:3;1:1:1,2,0,0,0,0,1,0,0,0,0,0,0,5,24
49621,0:3:2;0:3:3;0:4:3;1:1:1,2,1,0,0,0,1,0,0,0,0,0,0,14,24
49622,0:3:2;0:3:3;0:4:3;1:1:1,2,2,0,0,0,1,0,0,0,0,0,0,29,24
49623,0:3:2;0:3:3;0:4:3;1:1:1,2,3,0,0,0,1,0,0,0,0,0,0,48,24
49624,0:3:2;0:3:3;0:4:3;1:1:1,2,4,0,0,0,1,0,0,0,0,0,0,67,24
49625,0:3:2;0:3:3;0:4:3;1:1:1,2,5,0,0,0,1,0,0,0,0,0,0,82,24
49626,0:3:2;0:3:3;0:4:3;1:1:1,3,0,0,0,0,1,0,0,0,0,0,0,5,24
49627,0:3:2;0:3:3;0:4:3;1:1:1,3,1,0,0,0,1,0,0,0,0,0,0,14,24
49628,0:3:2;0:3:3;0:4:3;1:1:1,3,2,0,0,0,1,0,0,0,0,0,0,29,24
49629,0:3:2;0:3:3;0:4:3;1:1:1,3,3,0,0,0,1,0,0,0,0,0,0,48,24
49630,0:3:2;0:3:3;0:4:3;1:1:1,3,4,0,0,0,1,0,0,0,0,0,0,67,24
49631,0:3:2;0:3:3;0:4:3;1:1:1,3,5,0,0,0,1,0,0,0,0,0,0,82,24
49632,0:3:2;0:3:3;0:4:3;1:1:1,4,0,0,0,0,1,0,0,0,0,0,0,5,24
49633,0:3:2;0:3:3;0:4:3;1:1:1,4,1,0,0,0,1,0,0,0,0,0,0,14,24
49634,0:3:2;0:3:3;0:4:3;1:1:1,4,2,0,0,0,1,0,0,0,0,0,0,29,24
49635,0:3:2;0:3:3;0:4:3;1:1:1,4,3,0,0,0,1,0,0,0,0,0,0,48,24
49636,0:3:2;0:3:3;0:4:3;1:1:1,4,4,0,0,0,1,0,0,0,0,0,0,67,24
49637,0:3:2;0:3:3;0:4:3;1:1:1,4,5,0,0,0,1,0,0,0,0,0,0,82,24
49638,0:3:2;0:3:3;0:4:3;1:1:1,5,0,0,0,0,1,0,0,0,0,0,0,5,24
49639,0:3:2;0:3:3;0:4:3;1:1:1,5,1,0,0,0,1,0,0,0,0,0,0,14,24
49640,0:3:2;0:3:3;0:4:3;1:1:1,5,2,0,0,0,1,0,0,0,0,0,0,29,24
49641,0:3:2;0:3:3;0:4:3;1:1:1,5,3,0,0,0,1,0,0,0,0,0,0,48,24
49642,0:3:2;0:3:3;0:4:3;1:1:1,5,4,0,0,0,1,0,0,0,0,0,0,67,24
49643,0:3:2;0:3:3;0:4:3;1:1:1,5,5,0,0,0,1,0,0,0,0,0,0,82,24
49644,0:3:2;0:3:3;0:4:3;1:2:1,0,0,0,0,0,1,0,0,0,0,0,0,1,24
49645,0:3:2;0:3:3;0:4:3;1:2:1,0,1,0,0,0,1,0,0,0,0,0,0,4,24
49646,0:3:2;0:3:3;0:4:3;1:2:1,0,2,0,0,0,1,0,0,0,0,0,0,16,24
49647,0:3:2;0:3:3;0:4:3;1:2:1,0,3,0,0,0,1,0,0,0,0,0,0,39,24
49648,0:3:2;0:3:3;0:4:3;1:2:1,0,4,0,0,0,1,0,0,0,0,0,0,55,24
49649,0:3:2;0:3:3;0:4:3;1:2:1,0,5,0,0,0,1,0,0,0,0,0,0,67,24
49650,0:3:2;0:3:3;0:4:3;1:2:1,1,0,0,0,0,1,0,0,0,0,0,0,11,24
49651,0:3:2;0:3:3;0:4:3;1:2:1,1,1,0,0,0,1,0,0,0,0,0,0,23,24
49652,0:3:2;0:3:3;0:4:3;1:2:1,1,2,0,0,0,1,0,0,0,0,0,0,39,24
49653,0:3:2;0:3:3;0:4:3;1:2:1,1,3,0,0,0,1,0,0,0,0,0,0,57,24
49654,0:3:2;0:3:3;0:4:3;1:2:1,1,4,0,0,0,1,0,0,0,0,0,0,73,24
49655,0:3:2;0:3:3;0:4:3;1:2:1,1,5,0,0,0,1,0,0,0,0,0,0,85,24
49656,0:3:2;0:3:3;0:4:3;1:2:1,2,0,0,0,0,1,0,0,0,0,0,0,11,24
49657,0:3:2;0:3:3;0:4:3;1:2:1,2,1,0,0,0,1,0,0,0,0,0,0,23,24
49658,0:3:2;0:3:3;0:4:3;1:2:1,2,2,0,0,0,1,0,0,0,0,0,0,39,24
49659,0:3:2;0:3:3;0:4:3;1:2:1,2,3,0,0,0,1,0,0,0,0,0,0,57,24
49660,0:3:2;0:3:3;0:4:3;1:2:1,2,4,0,0,0,1,0,0,0,0,0,0,73,24
49661,0:3:2;0:3:3;0:4:3;1:2:1,2,5,0,0,0,1,0,0,0,0,0,0,85,24
49662,0:3:2;0:3:3;0:4:3;1:2:1,3,0,0,0,0,1,0,0,0,0,0,0,11,24
49663,0:3:2;0:3:3;0:4:3;1:2:1,3,1,0,0,0,1,0,0,0,0,0,0,23,24
49664,0:3:2;0:3:3;0:4:3;1:2:1,3,2,0,0,0,1,0,0,0,0,0,0,39,24
49665,0:3:2;0:3:3;0:4:3;1:2:1,3,3,0,0,0,1,0,0,0,0,0,0,57,24
49666,0:3:2;0:3:3;0:4:3;1:2:1,3,4,0,0,0,1,0,0,0,0,0,0,73,24
49667,0:3:2;0:3:3;0:4:3;1:2:1,3,5,0,0,0,1,0,0,0,0,0,0,85,24
49668,0:3:2;0:3:3;0:4:3;1:2:1,4,0,0,0,0,1,0,0,0,0,0,0,11,24
49669,0:3:2;0:3:3;0:4:3;1:2:1,4,1,0,0,0,1,0,0,0,0,0,0,23,24
49670,0:3:2;0:3:3;0:4:3;1:2:1,4,2,0,0,0,1,0,0,0,0,0,0,39,24
49671,0:3:2;0:3:3;0:4:3;1:2:1,4,3,0,0,0,1,0,0,0,0,0,0,57,24
49672,0:3:2;0:3:3;0:4:3;1:2:1,4,4,0,0,0,1,0,0,0,0,0,0,73,24
49673,0:3:2;0:3:3;0:4:3;1:2:1,4,5,0,0,0,1,0,0,0,0,0,0,85,24
49674,0:3:2;0:3:3;0:4:3;1:2:1,5,0,0,0,0,1,0,0,0,0,0,0,11,24
49675,0:3:2;0:3:3;0:4:3;1:2:1,5,1,0,0,0,1,0,0,0,0,0,0,23,24
49676,0:3:2;0:3:3;0:4:3;1:2:1,5,2,0,0,0,1,0,0,0,0,0,0,39,24
49677,0:3:2;0:3:3;0:4:3;1:2:1,5,3,0,0,0,1,0,0,0,0,0,0,57,24
49678,0:3:2;0:3:3;0:4:3;1:2:1,5,4,0,0,0,1,0,0,0,0,0,0,73,24
49679,0:3:2;0:3:3;0:4:3;1:2:1,5,5,0,0,0,1,0,0,0,0,0,0,85,24
49680,0:3:2;0:3:3;0:4:3;1:2:2,0,0,0,0,0,1,0,0,0,0,0,0,1,24
49681,0:3:2;0:3:3;0:4:3;1:2:2,0,1,0,0,0,1,0,0,0,0,0,0,4,24
49682,0:3:2;0:3:3;0:4:3;1:2:2,0,2,0,0,0,1,0,0,0,0,0,0,17,24
49683,0:3:2;0:3:3;0:4:3;1:2:2,0,3,0,0,0,1,0,0,0,0,0,0,44,24
49684,0:3:2;0:3:3;0:4:3;1:2:2,0,4,0,0,0,1,0,0,0,0,0,0,67,24
49685,0:3:2;0:3:3;0:4:3;1:2:2,0,5,0,0,0,1,0,0,0,0,0,0,87,24
49686,0:3:2;0:3:3;0:4:3;1:2:2,1,0,0,0,0,1,0,0,0,0,0,0,2,24
49687,0:3:2;0:3:3;0:4:3;1:2:2,1,1,0,0,0,1,0,0,0,0,0,0,8,24
49688,0:3:2;0:3:3;0:4:3;1:2:2,1,2,0,0,0,1,0,0,0,0,0,0,26,24
49689,0:3:2;0:3:3;0:4:3;1:2:2,1,3,0,0,0,1,0,0,0,0,0,0,58,24
49690,0:3:2;0:3:3;0:4:3;1:2:2,1,4,0,0,0,1,0,0,0,0,0,0,84,24
49691,0:3:2;0:3:3;0:4:3;1:2:2,1,5,0,0,0,1,0,0,0,0,0,0,105,24
49692,0:3:2;0:3:3;0:4:3;1:2:2,2,0,0,0,0,1,0,0,0,0,0,0,12,24
49693,0:3:2;0:3:3;0:4:3;1:2:2,2,1,0,0,0,1,0,0,0,0,0,0,27,24
49694,0:3:2;0:3:3;0:4:3;1:2:2,2,2,0,0,0,1,0,0,0,0,0,0,49,24
49695,0:3:2;0:3:3;0:4:3;1:2:2,2,3,0,0,0,1,0,0,0,0,0,0,76,24
49696,0:3:2;0:3:3;0:4:3;1:2:2,2,4,0,0,0,1,0,0,0,0,0,0,102,24
49697,0:3:2;0:3:3;0:4:3;1:2:2,2,5,0,0,0,1,0,0,0,0,0,0,123,24
49698,0:3:2;0:3:3;0:4:3;1:2:2,3,0,0,0,0,1,0,0,0,0,0,0,12,24
49699,0:3:2;0:3:3;0:4:3;1:2:2,3,1,0,0,0,1,0,0,0,0,0,0,27,24
49700,0:3:2;0:3:3;0:4:3;1:2:2,3,2,0,0,0,1,0,0,0,0,0,0,49,24
49701,0:3:2;0:3:3;0:4:3;1:2:2,3,3,0,0,0,1,0,0,0,0,0,0,76,24
49702,0:3:2;0:3:3;0:4:3;1:2:2,3,4,0,0,0,1,0,0,0,0,0,0,102,24
49703,0:3:2;0:3:3;0:4:3;1:2:2,3,5,0,0,0,1,0,0,0,0,0,0,123,24
49704,0:3:2;0:3:3;0:4:3;1:2:2,4,0,0,0,0,1,0,0,0,0,0,0,12,24
49705,0:3:2;0:3:3;0:4:3;1:2:2,4,1,0,0,0,1,0,0,0,0,0,0,27,24
49706,0:3:2;0:3:3;0:4:3;1:2:2,4,2,0,0,0,1,0,0,0,0,0,0,49,24
49707,0:3:2;0:3:3;0:4:3;1:2:2,4,3,0,0,0,1,0,0,0,0,0,0,76,24
49708,0:3:2;0:3:3;0:4:3;1:2:2,4,4,0,0,0,1,0,0,0,0,0,0,102,24
49709,0:3:2;0:3:3;0:4:3;1:2:2,4,5,0,0,0,1,0,0,0,0,0,0,123,24
49710,0:3:2;0:3:3;0:4:3;1:2:2,5,0,0,0,0,1,0,0,0,0,0,0,12,24
49711,0:3:2;0:3:3;0:4:3;1:2:2,5,1,0,0,0,1,0,0,0,0,0,0,27,24
49712,0:3:2;0:3:3;0:4:3;1:2:2,5,2,0,0,0,1,0,0,0,0,0,0,49,24
49713,0:3:2;0:3:3;0:4:3;1:2:2,5,3,0,0,0,1,0,0,0,0,0,0,76,24
49714,0:3:2;0:3:3;0:4:3;1:2:2,5,4,0,0,0,1,0,0,0,0,0,0,102,24
49715,0:3:2;0:3:3;0:4:3;1:2:2,5,5,0,0,0,1,0,0,0,0,0,0,123,24
49716,0:3:2;0:3:3;0:4:3;1:3:2,0,0,0,0,0,1,0,0,0,0,0,0,1,24
49717,0:3:2;0:3:3;0:4:3;1:3:2,0,1,0,0,0,1,0,0,0,0,0,0,4,24
49718,0:3:2;0:3:3;0:4:3;1:3:2,0,2,0,0,0,1,0,0,0,0,0,0,21,24
49719,0:3:2;0:3:3;0:4:3;1:3:2,0,3,0,0,0,1,0,0,0,0,0,0,50,24
49720,0:3:2;0:3:3;0:4:3;1:3:2,0,4,0,0,0,1,0,0,0,0,0,0,70,24
49721,0:3:2;0:3:3;0:4:3;1:3:2,0,5,1,1,1,0,1,1,1,1,1,5,11,2
49722,0:3:2;0:3:3;0:4:3;1:3:2,1,0,0,0,0,1,0,0,0,0,0,0,2,24
49723,0:3:2;0:3:3;0:4:3;1:3:2,1,1,0,0,0,1,0,0,0,0,0,0,8,24
49724,0:3:2;0:3:3;0:4:3;1:3:2,1,2,0,0,0,1,0,0,0,0,0,0,30,24
49725,0:3:2;0:3:3;0:4:3;1:3:2,1,3,0,0,0,1,0,0,0,0,0,0,64,24
49726,0:3:2;0:3:3;0:4:3;1:3:2,1,4,0,0,0,1,0,0,0,0,0,0,87,24
49727,0:3:2;0:3:3;0:4:3;1:3:2,1,5,1,1,1,0,1,1,1,1,1,5,11,2
49728,0:3:2;0:3:3;0:4:3;1:3:2,2,0,0,0,0,1,0,0,0,0,0,0,21,24
49729,0:3:2;0:3:3;0:4:3;1:3:2,2,1,0,0,0,1,0,0,0,0,0,0,37,24
49730,0:3:2;0:3:3;0:4:3;1:3:2,2,2,0,0,0,1,0,0,0,0,0,0,58,24
49731,0:3:2;0:3:3;0:4:3;1:3:2,2,3,0,0,0,1,0,0,0,0,0,0,82,24
49732,0:3:2;0:3:3;0:4:3;1:3:2,2,4,0,0,0,1,0,0,0,0,0,0,105,24
49733,0:3:2;0:3:3;0:4:3;1:3:2,2,5,1,1,1,0,1,1,1,1,1,5,11,2
49734,0:3:2;0:3:3;0:4:3;1:3:2,3,0,0,0,0,1,0,0,0,0,0,0,21,24
49735,0:3:2;0:3:3;0:4:3;1:3:2,3,1,0,0,0,1,0,0,0,0,0,0,37,24
49736,0:3:2;0:3:3;0:4:3;1:3:2,3,2,0,0,0,1,0,0,0,0,0,0,58,24
49737,0:3:2;0:3:3;0:4:3;1:3:2,3,3,0,0,0,1,0,0,0,0,0,0,82,24
49738,0:3:2;0:3:3;0:4:3;1:3:2,3,4,0,0,0,1,0,0,0,0,0,0,105,24
49739,0:3:2;0:3:3;0:4:3;1:3:2,3,5,1,1,1,0,1,1,1,1,1,5,11,2
49740,0:3:2;0:3:3;0:4:3;1:3:2,4,0,0,0,0,1,0,0,0,0,0,0,21,24
49741,0:3:2;0:3:3;0:4:3;1:3:2,4,1,0,0,0,1,0,0,0,0,0,0,37,24
49742,0:3:2;0:3:3;0:4:3;1:3:2,4,2,0,0,0,1,0,0,0,0,0,0,58,24
49743,0:3:2;0:3:3;0:4:3;1:3:2,4,3,0,0,0,1,0,0,0,0,0,0,82,24
49744,0:3:2;0:3:3;0:4:3;1:3:2,4,4,0,0,0,1,0,0,0,0,0,0,105,24
49745,0:3:2;0:3:3;0:4:3;1:3:2,4,5,1,1,1,0,1,1,1,1,1,5,11,2
49746,0:3:2;0:3:3;0:4:3;1:3:2,5,0,0,0,0,1,0,0,0,0,0,0,21,24
49747,0:3:2;0:3:3;0:4:3;1:3:2,5,1,0,0,0,1,0,0,0,0,0,0,37,24
49748,0:3:2;0:3:3;0:4:3;1:3:2,5,2,0,0,0,1,0,0,0,0,0,0,58,24
49749,0:3:2;0:3:3;0:4:3;1:3:2,5,3,0,0,0,1,0,0,0,0,0,0,82,24
49750,0:3:2;0:3:3;0:4:3;1:3:2,5,4,0,0,0,1,0,0,0,0,0,0,105,24
49751,0:3:2;0:3:3;0:4:3;1:3:2,5,5,1,1,1,0,1,1,1,1,1,5,11,2
49752,0:3:2;0:3:3;0:4:3;1:3:3,0,0,0,0,0,1,0,0,0,0,0,0,1,24
49753,0:3:2;0:3:3;0:4:3;1:3:3,0,1,0,0,0,1,0,0,0,0,0,0,4,24
49754,0:3:2;0:3:3;0:4:3;1:3:3,0,2,0,0,0,1,0,0,0,0,0,0,22,24
49755,0:3:2;0:3:3;0:4:3;1:3:3,0,3,0,0,0,1,0,0,0,0,0,0,55,24
49756,0:3:2;0:3:3;0:4:3;1:3:3,0,4,0,0,0,1,0,0,0,0,0,0,82,24
49757,0:3:2;0:3:3;0:4:3;1:3:3,0,5,1,1,1,0,1,1,1,1,1,5,12,2
49758,0:3:2;0:3:3;0:4:3;1:3:3,1,0,0,0,0,1,0,0,0,0,0,0,2,24
49759,0:3:2;0:3:3;0:4:3;1:3:3,1,1,0,0,0,1,0,0,0,0,0,0,8,24
49760,0:3:2;0:3:3;0:4:3;1:3:3,1,2,0,0,0,1,0,0,0,0,0,0,31,24
49761,0:3:2;0:3:3;0:4:3;1:3:3,1,3,0,0,0,1,0,0,0,0,0,0,69,24
49762,0:3:2;0:3:3;0:4:3;1:3:3,1,4,0,0,0,1,0,0,0,0,0,0,99,24
49763,0:3:2;0:3:3;0:4:3;1:3:3,1,5,1,1,1,0,1,1,1,1,1,5,12,2
49764,0:3:2;0:3:3;0:4:3;1:3:3,2,0,0,0,0,1,0,0,0,0,0,0,3,24
49765,0:3:2;0:3:3;0:4:3;1:3:3,2,1,0,0,0,1,0,0,0,0,0,0,12,24
49766,0:3:2;0:3:3;0:4:3;1:3:3,2,2,0,0,0,1,0,0,0,0,0,0,40,24
49767,0:3:2;0:3:3;0:4:3;1:3:3,2,3,0,0,0,1,0,0,0,0,0,0,83,24
49768,0:3:2;0:3:3;0:4:3;1:3:3,2,4,0,0,0,1,0,0,0,0,0,0,116,24
49769,0:3:2;0:3:3;0:4:3;1:3:3,2,5,1,1,1,0,1,1,1,1,1,5,12,2
49770,0:3:2;0:3:3;0:4:3;1:3:3,3,0,0,0,0,1,0,0,0,0,0,0,22,24
49771,0:3:2;0:3:3;0:4:3;1:3:3,3,1,0,0,0,1,0,0,0,0,0,0,41,24
49772,0:3:2;0:3:3;0:4:3;1:3:3,3,2,0,0,0,1,0,0,0,0,0,0,68,24
49773,0:3:2;0:3:3;0:4:3;1:3:3,3,3,0,0,0,1,0,0,0,0,0,0,101,24
49774,0:3:2;0:3:3;0:4:3;1:3:3,3,4,0,0,0,1,0,0,0,0,0,0,134,24
49775,0:3:2;0:3:3;0:4:3;1:3:3,3,5,1,1,1,0,1,1,1,1,1,5,12,2
49776,0:3:2;0:3:3;0:4:3;1:3:3,4,0,0,0,0,1,0,0,0,0,0,0,22,24
49777,0:3:2;0:3:3;0:4:3;1:3:3,4,1,0,0,0,1,0,0,0,0,0,0,41,24
49778,0:3:2;0:3:3;0:4:3;1:3:3,4,2,0,0,0,1,0,0,0,0,0,0,68,24
49779,0:3:2;0:3:3;0:4:3;1:3:3,4,3,0,0,0,1,0,0,0,0,0,0,101,24
49780,0:3:2;0:3:3;0:4:3;1:3:3,4,4,0,0,0,1,0,0,0,0,0,0,134,24
49781,0:3:2;0:3:3;0:4:3;1:3:3,4,5,1,1,1,0,1,1,1,1,1,5,12,2
49782,0:3:2;0:3:3;0:4:3;1:3:3,5,0,0,0,0,1,0,0,0,0,0,0,22,24
49783,0:3:2;0:3:3;0:4:3;1:3:3,5,1,0,0,0,1,0,0,0,0,0,0,41,24
49784,0:3:2;0:3:3;0:4:3;1:3:3,5,2,0,0,0,1,0,0,0,0,0,0,68,24
49785,0:3:2;0:3:3;0:4:3;1:3:3,5,3,0,0,0,1,0,0,0,0,0,0,101,24
49786,0:3:2;0:3:3;0:4:3;1:3:3,5,4,0,0,0,1,0,0,0,0,0,0,134,24
49787,0:3:2;0:3:3;0:4:3;1:3:3,5,5,1,1,1,0,1,1,1,1,1,5,12,2
49788,0:3:2;0:3:3;0:4:3;1:4:3,0,0,0,0,0,1,0,0,0,0,0,0,1,24
49789,0:3:2;0:3:3;0:4:3;1:4:3,0,1,0,0,0,1,0,0,0,0,0,0,4,24
49790,0:3:2;0:3:3;0:4:3;1:4:3,0,2,0,0,0,1,0,0,0,0,0,0,25,24
49791,0:3:2;0:3:3;0:4:3;1:4:3,0,3,0,0,0,1,0,0,0,0,0,0,58,24
49792,0:3:2;0:3:3;0:4:3;1:4:3,0,4,1,1,0,0,1,1,1,1,1,5,12,5
49793,0:3:2;0:3:3;0:4:3;1:4:3,0,5,1,1,1,0,1,1,1,1,1,5,12,2
49794,0:3:2;0:3:3;0:4:3;1:4:3,1,0,0,0,0,1,0,0,0,0,0,0,2,24
49795,0:3:2;0:3:3;0:4:3;1:4:3,1,1,0,0,0,1,0,0,0,0,0,0,8,24
49796,0:3:2;0:3:3;0:4:3;1:4:3,1,2,0,0,0,1,0,0,0,0,0,0,34,24
49797,0:3:2;0:3:3;0:4:3;1:4:3,1,3,0,0,0,1,0,0,0,0,0,0,72,24
49798,0:3:2;0:3:3;0:4:3;1:4:3,1,4,1,1,1,0,1,1,1,1,1,5,12,5
49799,0:3:2;0:3:3;0:4:3;1:4:3,1,5,1,1,1,0,1,1,1,1,1,5,12,2
49800,0:3:2;0:3:3;0:4:3;1:4:3,2,0,0,0,0,1,0,0,0,0,0,0,3,24
49801,0:3:2;0:3:3;0:4:3;1:4:3,2,1,0,0,0,1,0,0,0,0,0,0,12,24
49802,0:3:2;0:3:3;0:4:3;1:4:3,2,2,0,0,0,1,0,0,0,0,0,0,43,24
49803,0:3:2;0:3:3;0:4:3;1:4:3,2,3,0,0,0,1,0,0,0,0,0,0,86,24
49804,0:3:2;0:3:3;0:4:3;1:4:3,2,4,1,1,1,0,1,1,1,1,1,5,12,5
49805,0:3:2;0:3:3;0:4:3;1:4:3,2,5,1,1,1,0,1,1,1,1,1,5,12,2
49806,0:3:2;0:3:3;0:4:3;1:4:3,3,0,0,0,0,1,0,0,0,0,0,0,32,24
49807,0:3:2;0:3:3;0:4:3;1:4:3,3,1,0,0,0,1,0,0,0,0,0,0,50,24
49808,0:3:2;0:3:3;0:4:3;1:4:3,3,2,0,0,0,1,0,0,0,0,0,0,74,24
49809,0:3:2;0:3:3;0:4:3;1:4:3,3,3,0,0,0,1,0,0,0,0,0,0,104,24
49810,0:3:2;0:3:3;0:4:3;1:4:3,3,4,1,1,1,0,1,1,1,1,1,5,12,5
49811,0:3:2;0:3:3;0:4:3;1:4:3,3,5,1,1,1,0,1,1,1,1,1,5,12,2
49812,0:3:2;0:3:3;0:4:3;1:4:3,4,0,0,0,0,1,0,0,0,0,0,0,32,24
49813,0:3:2;0:3:3;0:4:3;1:4:3,4,1,0,0,0,1,0,0,0,0,0,0,50,24
49814,0:3:2;0:3:3;0:4:3;1:4:3,4,2,0,0,0,1,0,0,0,0,0,0,74,24
49815,0:3:2;0:3:3;0:4:3;1:4:3,4,3,0,0,0,1,0,0,0,0,0,0,104,24
49816,0:3:2;0:3:3;0:4:3;1:4:3,4,4,1,1,1,0,1,1,1,1,1,5,12,5
49817,0:3:2;0:3:3;0:4:3;1:4:3,4,5,1,1,1,0,1,1,1,1,1,5,12,2
49818,0:3:2;0:3:3;0:4:3;1:4:3,5,0,0,0,0,1,0,0,0,0,0,0,32,24
49819,0:3:2;0:3:3;0:4:3;1:4:3,5,1,0,0,0,1,0,0,0,0,0,0,50,24
49820,0:3:2;0:3:3;0:4:3;1:4:3,5,2,0,0,0,1,0,0,0,0,0,0,74,24
49821,0:3:2;0:3:3;0:4:3;1:4:3,5,3,0,0,0,1,0,0,0,0,0,0,104,24
49822,0:3:2;0:3:3;0:4:3;1:4:3,5,4,1,1,1,0,1,1,1,1,1,5,12,5
49823,0:3:2;0:3:3;0:4:3;1:4:3,5,5,1,1,1,0,1,1,1,1,1,5,12,2
49824,0:3:2;0:3:3;1:1:1;1:1:1,0,0,0,0,0,1,0,0,0,0,0,0,1,24
49825,0:3:2;0:3:3;1:1:1;1:1:1,0,1,0,0,0,1,0,0,0,0,0,0,3,24
49826,0:3:2;0:3:3;1:1:1;1:1:1,0,2,0,0,0,1,0,0,0,0,0,0,13,24
49827,0:3:2;0:3:3;1:1:1;1:1:1,0,3,1,1,1,0,1,1,1,1,1,5,8,4
49828,0:3:2;0:3:3;1:1:1;1:1:1,0,4,1,1,1,0,1,1,1,1,1,5,8,3
49829,0:3:2;0:3:3;1:1:1;1:1:1,0,5,1,1,1,0,1,1,1,1,1,5,8,1
49830,0:3:2;0:3:3;1:1:1;1:1:1,1,0,0,0,0,1,0,0,0,0,0,0,7,24
49831,0:3:2;0:3:3;1:1:1;1:1:1,1,1,0,0,0,1,0,0,0,0,0,0,17,24
49832,0:3:2;0:3:3;1:1:1;1:1:1,1,2,0,0,0,1,0,0,0,0,0,0,29,24
49833,0:3:2;0:3:3;1:1:1;1:1:1,1,3,1,1,1,0,1,1,1,1,1,5,8,4
49834,0:3:2;0:3:3;1:1:1;1:1:1,1,4,1,1,1,0,1,1,1,1,1,5,8,3
49835,0:3:2;0:3:3;1:1:1;1:1:1,1,5,1,1,1,0,1,1,1,1,1,5,8,1
49836,0:3:2;0:3:3;1:1:1;1:1:1,2,0,0,0,0,1,0,0,0,0,0,0,13,24
49837,0:3:2;0:3:3;1:1:1;1:1:1,2,1,0,0,0,1,0,0,0,0,0,0,24,24
49838,0:3:2;0:3:3;1:1:1;1:1:1,2,2,0,0,0,1,0,0,0,0,0,0,35,24
49839,0:3:2;0:3:3;1:1:1;1:1:1,2,3,1,1,1,0,1,1,1,1,1,5,8,4
49840,0:3:2;0:3:3;1:1:1;1:1:1,2,4,1,1,1,0,1,1,1,1,1,5,8,3
49841,0:3:2;0:3:3;1:1:1;1:1:1,2,5,1,1,1,0,1,1,1,1,1,5,8,1
49842,0:3:2;0:3:3;1:1:1;1:1:1,3,0,0,0,0,1,0,0,0,0,0,0,13,24
49843,0:3:2;0:3:3;1:1:1;1:1:1,3,1,0,0,0,1,0,0,0,0,0,0,24,24
49844,0:3:2;0:3:3;1:1:1;1:1:1,3,2,0,0,0,1,0,0,0,0,0,0,35,24
49845,0:3:2;0:3:3;1:1:1;1:1:1,3,3,1,1,1,0,1,1,1,1,1,5,8,4
49846,0:3:2;0:3:3;1:1:1;1:1:1,3,4,1,1,1,0,1,1,1,1,1,5,8,3
49847,0:3:2;0:3:3;1:1:1;1:1:1,3,5,1,1,1,0,1,1,1,1,1,5,8,1
49848,0:3:2;0:3:3;1:1:1;1:1:1,4,0,0,0,0,1,0,0,0,0,0,0,13,24
49849,0:3:2;0:3:3;1:1:1;1:1:1,4,1,0,0,0,1,0,0,0,0,0,0,24,24
49850,0:3:2;0:3:3;1:1:1;1:1:1,4,2,0,0,0,1,0,0,0,0,0,0,35,24
49851,0:3:2;0:3:3;1:1:1;1:1:1,4,3,1,1,1,0,1,1,1,1,1,5,8,4
49852,0:3:2;0:3:3;1:1:1;1:1:1,4,4,1,1,1,0,1,1,1,1,1,5,8,3
49853,0:3:2;0:3:3;1:1:1;1:1:1,4,5,1,1,1,0,1,1,1,1,1,5,8,1
49854,0:3:2;0:3:3;1:1:1;1:1:1,5,0,0,0,0,1,0,0,0,0,0,0,13,24
49855,0:3:2;0:3:3;1:1:1;1:1:1,5,1,0,0,0,1,0,0,0,0,0,0,24,24
49856,0:3:2;0:3:3;1:1:1;1:1:1,5,2,0,0,0,1,0,0,0,0,0,0,35,24
49857,0:3:2;0:3:3;1:1:1;1:1:1,5,3,1,1,1,0,1,1,1,1,1,5,8,4
49858,0:3:2;0:3:3;1:1:1;1:1:1,5,4,1,1,1,0,1,1,1,1,1,5,8,3
49859,0:3:2;0:3:3;1:1:1;1:1:1,5,5,1,1,1,0,1,1,1,1,1,5,8,1
49860,0:3:2;0:3:3;1:1:1;1:2:1,0,0,0,0,0,1,0,0,0,0,0,0,1,24
49861,0:3:2;0:3:3;1:1:1;1:2:1,0,1,0,0,0,1,0,0,0,0,0,0,3,24
49862,0:3:2;0:3:3;1:1:1;1:2:1,0,2,1,1,0,0,1,1,1,1,1,5,8,4
49863,0:3:2;0:3:3;1:1:1;1:2:1,0,3,1,1,1,0,1,1,1,1,1,5,8,4
49864,0:3:2;0:3:3;1:1:1;1:2:1,0,4,1,1,1,0,1,1,1,1,1,5,8,3
49865,0:3:2;0:3:3;1:1:1;1:2:1,0,5,1,1,1,0,1,1,1,1,1,5,8,1
49866,0:3:2;0:3:3;1:1:1;1:2:1,1,0,0,0,0,1,0,0,0,0,0,0,12,24
49867,0:3:2;0:3:3;1:1:1;1:2:1,1,1,0,0,0,1,0,0,0,0,0,0,23,24
49868,0:3:2;0:3:3;1:1:1;1:2:1,1,2,1,1,1,0,1,1,1,1,1,5,8,4
49869,0:3:2;0:3:3;1:1:1;1:2:1,1,3,1,1,1,0,1,1,1,1,1,5,8,4
49870,0:3:2;0:3:3;1:1:1;1:2:1,1,4,1,1,1,0,1,1,1,1,1,5,8,3
49871,0:3:2;0:3:3;1:1:1;1:2:1,1,5,1,1,1,0,1,1,1,1,1,5,8,1
49872,0:3:2;0:3:3;1:1:1;1:2:1,2,0,0,0,0,1,0,0,0,0,0,0,19,24
49873,0:3:2;0:3:3;1:1:1;1:2:1,2,1,0,0,0,1,0,0,0,0,0,0,29,24
49874,0:3:2;0:3:3;1:1:1;1:2:1,2,2,1,1,1,0,1,1,1,1,1,5,8,4
49875,0:3:2;0:3:3;1:1:1;1:2:1,2,3,1,1,1,0,1,1,1,1,1,5,8,4
49876,0:3:2;0:3:3;1:1:1;1:2:1,2,4,1,1,1,0,1,1,1,1,1,5,8,3
49877,0:3:2;0:3:3;1:1:1;1:2:1,2,5,1,1,1,0,1,1,1,1,1,5,8,1
49878,0:3:2;0:3:3;1:1:1;1:2:1,3,0,0,0,0,1,0,0,0,0,0,0,19,24
49879,0:3:2;0:3:3;1:1:1;1:2:1,3,1,0,0,0,1,0,0,0,0,0,0,29,24
49880,0:3:2;0:3:3;1:1:1;1:2:1,3,2,1,1,1,0,1,1,1,1,1,5,8,4
49881,0:3:2;0:3:3;1:1:1;1:2:1,3,3,1,1,1,0,1,1,1,1,1,5,8,4
49882,0:3:2;0:3:3;1:1:1;1:2:1,3,4,1,1,1,0,1,1,1,1,1,5,8,3
49883,0:3:2;0:3:3;1:1:1;1:2:1,3,5,1,1,1,0,1,1,1,1,1,5,8,1
49884,0:3:2;0:3:3;1:1:1;1:2:1,4,0,0,0,0,1,0,0,0,0,0,0,19,24
49885,0:3:2;0:3:3;1:1:1;1:2:1,4,1,0,0,0,1,0,0,0,0,0,0,29,24
49886,0:3:2;0:3:3;1:1:1;1:2:1,4,2,1,1,1,0,1,1,1,1,1,5,8,4
49887,0:3:2;0:3:3;1:1:1;1:2:1,4,3,1,1,1,0,1,1,1,1,1,5,8,4
49888,0:3:2;0:3:3;1:1:1;1:2:1,4,4,1,1,1,0,1,1,1,1,1,5,8,3
49889,0:3:2;0:3:3;1:1:1;1:2:1,4,5,1,1,1,0,1,1,1,1,1,5,8,1
49890,0:3:2;0:3:3;1:1:1;1:2:1,5,0,0,0,0,1,0,0,0,0,0,0,19,24
49891,0:3:2;0:3:3;1:1:1;1:2:1,5,1,0,0,0,1,0,0,0,0,0,0,29,24
49892,0:3:2;0:3:3;1:1:1;1:2:1,5,2,1,1,1,0,1,1,1,1,1,5,8,4
49893,0:3:2;0:3:3;1:1:1;1:2:1,5,3,1,1,1,0,1,1,1,1,1,5,8,4
49894,0:3:2;0:3:3;1:1:1;1:2:1,5,4,1,1,1,0,1,1,1,1,1,5,8,3
49895,0:3:2;0:3:3;1:1:1;1:2:1,5,5,1,1,1,0,1,1,1,1,1,5,8,1
49896,0:3:2;0:3:3;1:1:1;1:2:2,0,0,0,0,0,1,0,0,0,0,0,0,1,24
49897,0:3:2;0:3:3;1:1:1;1:2:2,0,1,0,0,0,1,0,0,0,0,0,0,3,24
49898,0:3:2;0:3:3;1:1:1;1:2:2,0,2,1,1,0,0,1,1,1,1,1,5,9,4
49899,0:3:2;0:3:3;1:1:1;1:2:2,0,3,1,1,0,0,1,1,1,1,1,5,9,4
49900,0:3:2;0:3:3;1:1:1;1:2:2,0,4,1,1,1,0,1,1,1,1,1,5,9,3
49901,0:3:2;0:3:3;1:1:1;1:2:2,0,5,1,1,1,0,1,1,1,1,1,5,9,1
49902,0:3:2;0:3:3;1:1:1;1:2:2,1,0,0,0,0,1,0,0,0,0,0,0,5,24
49903,0:3:2;0:3:3;1:1:1;1:2:2,1,1,0,0,0,1,0,0,0,0,0,0,16,24
49904,0:3:2;0:3:3;1:1:1;1:2:2,1,2,1,1,0,0,1,1,1,1,1,5,9,4
49905,0:3:2;0:3:3;1:1:1;1:2:2,1,3,1,1,1,0,1,1,1,1,1,5,9,4
49906,0:3:2;0:3:3;1:1:1;1:2:2,1,4,1,1,1,0,1,1,1,1,1,5,9,3
49907,0:3:2;0:3:3;1:1:1;1:2:2,1,5,1,1,1,0,1,1,1,1,1,5,9,1
49908,0:3:2;0:3:3;1:1:1;1:2:2,2,0,0,0,0,1,0,0,0,0,0,0,16,24
49909,0:3:2;0:3:3;1:1:1;1:2:2,2,1,0,0,0,1,0,0,0,0,0,0,32,24
49910,0:3:2;0:3:3;1:1:1;1:2:2,2,2,1,1,1,0,1,1,1,1,1,5,9,4
49911,0:3:2;0:3:3;1:1:1;1:2:2,2,3,1,1,1,0,1,1,1,1,1,5,9,4
49912,0:3:2;0:3:3;1:1:1;1:2:2,2,4,1,1,1,0,1,1,1,1,1,5,9,3
49913,0:3:2;0:3:3;1:1:1;1:2:2,2,5,1,1,1,0,1,1,1,1,1,5,9,1
49914,0:3:2;0:3:3;1:1:1;1:2:2,3,0,0,0,0,1,0,0,0,0,0,0,23,24
49915,0:3:2;0:3:3;1:1:1;1:2:2,3,1,0,0,0,1,0,0,0,0,0,0,38,24
49916,0:3:2;0:3:3;1:1:1;1:2:2,3,2,1,1,1,0,1,1,1,1,1,5,9,4
49917,0:3:2;0:3:3;1:1:1;1:2:2,3,3,1,1,1,0,1,1,1,1,1,5,9,4
49918,0:3:2;0:3:3;1:1:1;1:2:2,3,4,1,1,1,0,1,1,1,1,1,5,9,3
49919,0:3:2;0:3:3;1:1:1;1:2:2,3,5,1,1,1,0,1,1,1,1,1,5,9,1
49920,0:3:2;0:3:3;1:1:1;1:2:2,4,0,0,0,0,1,0,0,0,0,0,0,23,24
49921,0:3:2;0:3:3;1:1:1;1:2:2,4,1,0,0,0,1,0,0,0,0,0,0,38,24
49922,0:3:2;0:3:3;1:1:1;1:2:2,4,2,1,1,1,0,1,1,1,1,1,5,9,4
49923,0:3:2;0:3:3;1:1:1;1:2:2,4,3,1,1,1,0,1,1,1,1,1,5,9,4
49924,0:3:2;0:3:3;1:1:1;1:2:2,4,4,1,1,1,0,1,1,1,1,1,5,9,3
49925,0:3:2;0:3:3;1:1:1;1:2:2,4,5,1,1,1,0,1,1,1,1,1,5,9,1
49926,0:3:2;0:3:3;1:1:1;1:2:2,5,0,0,0,0,1,0,0,0,0,0,0,23,24
49927,0:3:2;0:3:3;1:1:1;1:2:2,5,1,0,0,0,1,0,0,0,0,0,0,38,24
49928,0:3:2;0:3:3;1:1:1;1:2:2,5,2,1,1,1,0,1,1,1,1,1,5,9,4
49929,0:3:2;0:3:3;1:1:1;1:2:2,5,3,1,1,1,0,1,1,1,1,1,5,9,4
49930,0:3:2;0:3:3;1:1:1;1:2:2,5,4,1,1,1,0,1,1,1,1,1,5,9,3
49931,0:3:2;0:3:3;1:1:1;1:2:2,5,5,1,1,1,0,1,1,1,1,1,5,9,1
49932,0:3:2;0:3:3;1:1:1;1:3:2,0,0,0,0,0,1,0,0,0,0,0,0,1,24
49933,0:3:2;0:3:3;1:1:1;1:3:2,0,1,1,0,0,1,0,0,0,0,0,1,3,24
49934,0:3:2;0:3:3;1:1:1;1:3:2,0,2,1,1,0,0,1,1,1,1,1,5,9,4
49935,0:3:2;0:3:3;1:1:1;1:3:2,0,3,1,1,0,0,1,1,1,1,1,5,9,4
49936,0:3:2;0:3:3;1:1:1;1:3:2,0,4,1,1,1,0,1,1,1,1,1,5,9,3
49937,0:3:2;0:3:3;1:1:1;1:3:2,0,5,1,1,1,0,1,1,1,1,1,5,9,1
49938,0:3:2;0:3:3;1:1:1;1:3:2,1,0,0,0,0,1,0,0,0,0,0,0,5,24
49939,0:3:2;0:3:3;1:1:1;1:3:2,1,1,1,1,0,0,1,1,1,1,1,5,9,14
49940,0:3:2;0:3:3;1:1:1;1:3:2,1,2,1,1,0,0,1,1,1,1,1,5,9,4
49941,0:3:2;0:3:3;1:1:1;1:3:2,1,3,1,1,1,0,1,1,1,1,1,5,9,4
49942,0:3:2;0:3:3;1:1:1;1:3:2,1,4,1,1,1,0,1,1,1,1,1,5,9,3
49943,0:3:2;0:3:3;1:1:1;1:3:2,1,5,1,1,1,0,1,1,1,1,1,5,9,1
49944,0:3:2;0:3:3;1:1:1;1:3:2,2,0,0,0,0,1,0,0,0,0,0,0,22,24
49945,0:3:2;0:3:3;1:1:1;1:3:2,2,1,1,1,0,0,1,1,1,1,1,5,9,14
49946,0:3:2;0:3:3;1:1:1;1:3:2,2,2,1,1,1,0,1,1,1,1,1,5,9,4
49947,0:3:2;0:3:3;1:1:1;1:3:2,2,3,1,1,1,0,1,1,1,1,1,5,9,4
49948,0:3:2;0:3:3;1:1:1;1:3:2,2,4,1,1,1,0,1,1,1,1,1,5,9,3
49949,0:3:2;0:3:3;1:1:1;1:3:2,2,5,1,1,1,0,1,1,1,1,1,5,9,1
49950,0:3:2;0:3:3;1:1:1;1:3:2,3,0,0,0,0,1,0,0,0,0,0,0,28,24
49951,0:3:2;0:3:3;1:1:1;1:3:2,3,1,1,1,1,0,1,1,1,1,1,5,9,14
49952,0:3:2;0:3:3;1:1:1;1:3:2,3,2,1,1,1,0,1,1,1,1,1,5,9,4
49953,0:3:2;0:3:3;1:1:1;1:3:2,3,3,1,1,1,0,1,1,1,1,1,5,9,4
49954,0:3:2;0:3:3;1:1:1;1:3:2,3,4,1,1,1,0,1,1,1,1,1,5,9,3
49955,0:3:2;0:3:3;1:1:1;1:3:2,3,5,1,1,1,0,1,1,1,1,1,5,9,1
49956,0:3:2;0:3:3;1:1:1;1:3:2,4,0,0,0,0,1,0,0,0,0,0,0,28,24
49957,0:3:2;0:3:3;1:1:1;1:3:2,4,1,1,1,1,0,1,1,1,1,1,5,9,14
49958,0:3:2;0:3:3;1:1:1;1:3:2,4,2,1,1,1,0,1,1,1,1,1,5,9,4
49959,0:3:2;0:3:3;1:1:1;1:3:2,4,3,1,1,1,0,1,1,1,1,1,5,9,4
49960,0:3:2;0:3:3;1:1:1;1:3:2,4,4,1,1,1,0,1,1,1,1,1,5,9,3
49961,0:3:2;0:3:3;1:1:1;1:3:2,4,5,1,1,1,0,1,1,1,1,1,5,9,1
49962,0:3:2;0:3:3;1:1:1;1:3:2,5,0,0,0,0,1,0,0,0,0,0,0,28,24
49963,0:3:2;0:3:3;1:1:1;1:3:2,5,1,1,1,1,0,1,1,1,1,1,5,9,14
49964,0:3:2;0:3:3;1:1:1;1:3:2,5,2,1,1,1,0,1,1,1,1,1,5,9,4
49965,0:3:2;0:3:3;1:1:1;1:3:2,5,3,1,1,1,0,1,1,1,1,1,5,9,4
49966,0:3:2;0:3:3;1:1:1;1:3:2,5,4,1,1,1,0,1,1,1,1,1,5,9,3
49967,0:3:2;0:3:3;1:1:1;1:3:2,5,5,1,1,1,0,1,1,1,1,1,5,9,1
49968,0:3:2;0:3:3;1:1:1;1:3:3,0,0,0,0,0,1,0,0,0,0,0,0,1,24
49969,0:3:2;0:3:3;1:1:1;1:3:3,0,1,1,0,0,1,0,0,0,0,0,1,3,24
49970,0:3:2;0:3:3;1:1:1;1:3:3,0,2,1,1,0,1,0,0,1,0,1,6,16,5
49971,0:3:2;0:3:3;1:1:1;1:3:3,0,3,1,1,0,1,0,0,1,0,1,6,16,5
49972,0:3:2;0:3:3;1:1:1;1:3:3,0,4,1,1,0,0,1,1,1,1,1,5,10,3
49973,0:3:2;0:3:3;1:1:1;1:3:3,0,5,1,1,1,0,1,1,1,1,1,5,10,1
49974,0:3:2;0:3:3;1:1:1;1:3:3,1,0,0,0,0,1,0,0,0,0,0,0,5,24
49975,0:3:2;0:3:3;1:1:1;1:3:3,1,1,1,1,0,0,1,1,1,1,1,5,10,14
49976,0:3:2;0:3:3;1:1:1;1:3:3,1,2,1,1,0,0,1,1,1,1,1,5,10,4
49977,0:3:2;0:3:3;1:1:1;1:3:3,1,3,1,1,0,0,1,1,1,1,1,5,10,4
49978,0:3:2;0:3:3;1:1:1;1:3:3,1,4,1,1,1,0,1,1,1,1,1,5,10,3
49979,0:3:2;0:3:3;1:1:1;1:3:3,1,5,1,1,1,0,1,1,1,1,1,5,10,1
49980,0:3:2;0:3:3;1:1:1;1:3:3,2,0,0,0,0,1,0,0,0,0,0,0,9,24
49981,0:3:2;0:3:3;1:1:1;1:3:3,2,1,1,1,0,0,1,1,1,1,1,5,10,14
49982,0:3:2;0:3:3;1:1:1;1:3:3,2,2,1,1,0,0,1,1,1,1,1,5,10,4
49983,0:3:2;0:3:3;1:1:1;1:3:3,2,3,1,1,1,0,1,1,1,1,1,5,10,4
49984,0:3:2;0:3:3;1:1:1;1:3:3,2,4,1,1,1,0,1,1,1,1,1,5,10,3
49985,0:3:2;0:3:3;1:1:1;1:3:3,2,5,1,1,1,0,1,1,1,1,1,5,10,1
49986,0:3:2;0:3:3;1:1:1;1:3:3,3,0,0,0,0,1,0,0,0,0,0,0,26,24
49987,0:3:2;0:3:3;1:1:1;1:3:3,3,1,1,1,0,0,1,1,1,1,1,5,10,14
49988,0:3:2;0:3:3;1:1:1;1:3:3,3,2,1,1,1,0,1,1,1,1,1,5,10,4
49989,0:3:2;0:3:3;1:1:1;1:3:3,3,3,1,1,1,0,1,1,1,1,1,5,10,4
49990,0:3:2;0:3:3;1:1:1;1:3:3,3,4,1,1,1,0,1,1,1,1,1,5,10,3
49991,0:3:2;0:3:3;1:1:1;1:3:3,3,5,1,1,1,0,1,1,1,1,1,5,10,1
49992,0:3:2;0:3:3;1:1:1;1:3:3,4,0,0,0,0,1,0,0,0,0,0,0,32,24
49993,0:3:2;0:3:3;1:1:1;1:3:3,4,1,1,1,1,0,1,1,1,1,1,5,10,14
49994,0:3:2;0:3:3;1:1:1;1:3:3,4,2,1,1,1,0,1,1,1,1,1,5,10,4
49995,0:3:2;0:3:3;1:1:1;1:3:3,4,3,1,1,1,0,1,1,1,1,1,5,10,4
49996,0:3:2;0:3:3;1:1:1;1:3:3,4,4,1,1,1,0,1,1,1,1,1,5,10,3
49997,0:3:2;0:3:3;1:1:1;1:3:3,4,5,1,1,1,0,1,1,1,1,1,5,10,1
49998,0:3:2;0:3:3;1:1:1;1:3:3,5,0,0,0,0,1,0,0,0,0,0,0,32,24
49999,0:3:2;0:3:3;1:1:1;1:3:3,5,1,1,1,1,0,1,1,1,1,1,5,10,14
50000,0:3:2;0:3:3;1:1:1;1:3:3,5,2,1,1,1,0,1,1,1,1,1,5,10,4
50001,0:3:2;0:3:3;1:1:1;1:3:3,5,3,1,1,1,0,1,1,1,1,1,5,10,4
50002,0:3:2;0:3:3;1:1:1;1:3:3,5,4,1,1,1,0,1,1,1,1,1,5,10,3
50003,0:3:2;0:3:3;1:1:1;1:3:3,5,5,1,1,1,0,1,1,1,1,1,5,10,1
50004,0:3:2;0:3:3;1:1:1;1:4:3,0,0,1,0,0,1,0,0,0,0,0,1,1,24
50005,0:3:2;0:3:3;1:1:1;1:4:3,0,1,1,0,0,1,0,0,0,0,0,1,3,24
50006,0:3:2;0:3:3;1:1:1;1:4:3,0,2,1,1,0,1,0,0,1,1,1,6,16,5
50007,0:3:2;0:3:3;1:1:1;1:4:3,0,3,1,1,0,1,0,0,1,1,1,6,16,5
50008,0:3:2;0:3:3;1:1:1;1:4:3,0,4,1,1,0,0,1,1,1,1,1,5,10,3
50009,0:3:2;0:3:3;1:1:1;1:4:3,0,5,1,1,1,0,1,1,1,1,1,5,10,1
50010,0:3:2;0:3:3;1:1:1;1:4:3,1,0,1,0,0,1,0,0,0,0,0,2,5,24
50011,0:3:2;0:3:3;1:1:1;1:4:3,1,1,1,1,0,0,1,1,1,1,1,5,10,14
50012,0:3:2;0:3:3;1:1:1;1:4:3,1,2,1,1,0,0,1,1,1,1,1,5,10,4
50013,0:3:2;0:3:3;1:1:1;1:4:3,1,3,1,1,0,0,1,1,1,1,1,5,10,4
50014,0:3:2;0:3:3;1:1:1;1:4:3,1,4,1,1,1,0,1,1,1,1,1,5,10,3
50015,0:3:2;0:3:3;1:1:1;1:4:3,1,5,1,1,1,0,1,1,1,1,1,5,10,1
50016,0:3:2;0:3:3;1:1:1;1:4:3,2,0,1,0,0,1,0,0,0,0,0,2,9,24
50017,0:3:2;0:3:3;1:1:1;1:4:3,2,1,1,1,0,0,1,1,1,1,1,5,10,14
50018,0:3:2;0:3:3;1:1:1;1:4:3,2,2,1,1,0,0,1,1,1,1,1,5,10,4
50019,0:3:2;0:3:3;1:1:1;1:4:3,2,3,1,1,1,0,1,1,1,1,1,5,10,4
50020,0:3:2;0:3:3;1:1:1;1:4:3,2,4,1,1,1,0,1,1,1,1,1,5,10,3
50021,0:3:2;0:3:3;1:1:1;1:4:3,2,5,1,1,1,0,1,1,1,1,1,5,10,1
50022,0:3:2;0:3:3;1:1:1;1:4:3,3,0,1,1,0,1,0,0,1,1,1,6,19,20
50023,0:3:2;0:3:3;1:1:1;1:4:3,3,1,1,1,0,0,1,1,1,1,1,5,10,14
50024,0:3:2;0:3:3;1:1:1;1:4:3,3,2,1,1,1,0,1,1,1,1,1,5,10,4
50025,0:3:2;0:3:3;1:1:1;1:4:3,3,3,1,1,1,0,1,1,1,1,1,5,10,4
50026,0:3:2;0:3:3;1:1:1;1:4:3,3,4,1,1,1,0,1,1,1,1,1,5,10,3
50027,0:3:2;0:3:3;1:1:1;1:4:3,3,5,1,1,1,0,1,1,1,1,1,5,10,1
50028,0:3:2;0:3:3;1:1:1;1:4:3,4,0,1,1,0,0,1,1,1,1,1,5,10,17
50029,0:3:2;0:3:3;1:1:1;1:4:3,4,1,1,1,1,0,1,1,1,1,1,5,10,14
50030,0:3:2;0:3:3;1:1:1;1:4:3,4,2,1,1,1,0,1,1,1,1,1,5,10,4
50031,0:3:2;0:3:3;1:1:1;1:4:3,4,3,1,1,1,0,1,1,1,1,1,5,10,4
50032,0:3:2;0:3:3;1:1:1;1:4:3,4,4,1,1,1,0,1,1,1,1,1,5,10,3
50033,0:3:2;0:3:3;1:1:1;1:4:3,4,5,1,1,1,0,1,1,1,1,1,5,10,1
50034,0:3:2;0:3:3;1:1:1;1:4:3,5,0,1,1,1,0,1,1,1,1,1,5,10,17
50035,0:3:2;0:3:3;1:1:1;1:4:3,5,1,1,1,1,0,1,1,1,1,1,5,10,14
50036,0:3:2;0:3:3;1:1:1;1:4:3,5,2,1,1,1,0,1,1,1,1,1,5,10,4
50037,0:3:2;0:3:3;1:1:1;1:4:3,5,3,1,1,1,0,1,1,1,1,1,5,10,4
50038,0:3:2;0:3:3;1:1:1;1:4:3,5,4,1,1,1,0,1,1,1,1,1,5,10,3
50039,0:3:2;0:3:3;1:1:1;1:4:3,5,5,1,1,1,0,1,1,1,1,1,5,10,1
50040,0:3:2;0:3:3;1:2:1;1:2:1,0,0,0,0,0,1,0,0,0,0,0,0,1,24
50041,0:3:2;0:3:3;1:2:1;1:2:1,0,1,1,0,0,1,0,0,0,0,0,1,3,24
50042,0:3:2;0:3:3;1:2:1;1:2:1,0,2,1,1,0,0,1,1,1,1,1,5,8,4
50043,0:3:2;0:3:3;1:2:1;1:2:1,0,3,1,1,1,0,1,1,1,1,1,5,8,3
50044,0:3:2;0:3:3;1:2:1;1:2:1,0,4,1,1,1,0,1,1,1,1,1,5,8,3
50045,0:3:2;0:3:3;1:2:1;1:2:1,0,5,1,1,1,0,1,1,1,1,1,5,8,1
50046,0:3:2;0:3:3;1:2:1;1:2:1,1,0,0,0,0,1,0,0,0,0,0,0,16,24
50047,0:3:2;0:3:3;1:2:1;1:2:1,1,1,1,1,0,0,1,1,1,1,1,5,8,14
50048,0:3:2;0:3:3;1:2:1;1:2:1,1,2,1,1,1,0,1,1,1,1,1,5,8,4
50049,0:3:2;0:3:3;1:2:1;1:2:1,1,3,1,1,1,0,1,1,1,1,1,5,8,3
50050,0:3:2;0:3:3;1:2:1;1:2:1,1,4,1,1,1,0,1,1,1,1,1,5,8,3
50051,0:3:2;0:3:3;1:2:1;1:2:1,1,5,1,1,1,0,1,1,1,1,1,5,8,1
50052,0:3:2;0:3:3;1:2:1;1:2:1,2,0,0,0,0,1,0,0,0,0,0,0,24,24
50053,0:3:2;0:3:3;1:2:1;1:2:1,2,1,1,1,1,0,1,1,1,1,1,5,8,14
50054,0:3:2;0:3:3;1:2:1;1:2:1,2,2,1,1,1,0,1,1,1,1,1,5,8,4
50055,0:3:2;0:3:3;1:2:1;1:2:1,2,3,1,1,1,0,1,1,1,1,1,5,8,3
50056,0:3:2;0:3:3;1:2:1;1:2:1,2,4,1,1,1,0,1,1,1,1,1,5,8,3
50057,0:3:2;0:3:3;1:2:1;1:2:1,2,5,1,1,1,0,1,1,1,1,1,5,8,1
50058,0:3:2;0:3:3;1:2:1;1:2:1,3,0,0,0,0,1,0,0,0,0,0,0,24,24
50059,0:3:2;0:3:3;1:2:1;1:2:1,3,1,1,1,1,0,1,1,1,1,1,5,8,14
50060,0:3:2;0:3:3;1:2:1;1:2:1,3,2,1,1,1,0,1,1,1,1,1,5,8,4
50061,0:3:2;0:3:3;1:2:1;1:2:1,3,3,1,1,1,0,1,1,1,1,1,5,8,3
50062,0:3:2;0:3:3;1:2:1;1:2:1,3,4,1,1,1,0,1,1,1,1,1,5,8,3
50063,0:3:2;0:3:3;1:2:1;1:2:1,3,5,1,1,1,0,1,1,1,1,1,5,8,1
50064,0:3:2;0:3:3;1:2:1;1:2:1,4,0,0,0,0,1,0,0,0,0,0,0,24,24
50065,0:3:2;0:3:3;1:2:1;1:2:1,4,1,1,1,1,0,1,1,1,1,1,5,8,14
50066,0:3:2;0:3:3;1:2:1;1:2:1,4,2,1,1,1,0,1,1,1,1,1,5,8,4
50067,0:3:2;0:3:3;1:2:1;1:2:1,4,3,1,1,1,0,1,1,1,1,1,5,8,3
50068,0:3:2;0:3:3;1:2:1;1:2:1,4,4,1,1,1,0,1,1,1,1,1,5,8,3
50069,0:3:2;0:3:3;1:2:1;1:2:1,4,5,1,1,1,0,1,1,1,1,1,5,8,1
50070,0:3:2;0:3:3;1:2:1;1:2:1,5,0,0,0,0,1,0,0,0,0,0,0,24,24
50071,0:3:2;0:3:3;1:2:1;1:2:1,5,1,1,1,1,0,1,1,1,1,1,5,8,14
50072,0:3:2;0:3:3;1:2:1;1:2:1,5,2,1,1,1,0,1,1,1,1,1,5,8,4
50073,0:3:2;0:3:3;1:2:1;1:2:1,5,3,1,1,1,0,1,1,1,1,1,5,8,3
50074,0:3:2;0:3:3;1:2:1;1:2:1,5,4,1,1,1,0,1,1,1,1,1,5,8,3
50075,0:3:2;0:3:3;1:2:1;1:2:1,5,5,1,1,1,0,1,1,1,1,1,5,8,1
50076,0:3:2;0:3:3;1:2:1;1:2:2,0,0,0,0,0,1,0,0,0,0,0,0,1,24
50077,0:3:2;0:3:3;1:2:1;1:2:2,0,1,1,0,0,1,0,0,0,0,0,1,3,24
50078,0:3:2;0:3:3;1:2:1;1:2:2,0,2,1,1,0,0,1,1,1,1,1,5,9,4
50079,0:3:2;0:3:3;1:2:1;1:2:2,0,3,1,1,0,0,1,1,1,1,1,5,9,3
50080,0:3:2;0:3:3;1:2:1;1:2:2,0,4,1,1,1,0,1,1,1,1,1,5,9,3
50081,0:3:2;0:3:3;1:2:1;1:2:2,0,5,1,1,1,0,1,1,1,1,1,5,9,1
50082,0:3:2;0:3:3;1:2:1;1:2:2,1,0,0,0,0,1,0,0,0,0,0,0,12,24
50083,0:3:2;0:3:3;1:2:1;1:2:2,1,1,1,1,0,0,1,1,1,1,1,5,9,14
50084,0:3:2;0:3:3;1:2:1;1:2:2,1,2,1,1,0,0,1,1,1,1,1,5,9,4
50085,0:3:2;0:3:3;1:2:1;1:2:2,1,3,1,1,1,0,1,1,1,1,1,5,9,3
50086,0:3:2;0:3:3;1:2:1;1:2:2,1,4,1,1,1,0,1,1,1,1,1,5,9,3
50087,0:3:2;0:3:3;1:2:1;1:2:2,1,5,1,1,1,0,1,1,1,1,1,5,9,1
50088,0:3:2;0:3:3;1:2:1;1:2:2,2,0,0,0,0,1,0,0,0,0,0,0,23,24
50089,0:3:2;0:3:3;1:2:1;1:2:2,2,1,1,1,0,0,1,1,1,1,1,5,9,14
50090,0:3:2;0:3:3;1:2:1;1:2:2,2,2,1,1,1,0,1,1,1,1,1,5,9,4
50091,0:3:2;0:3:3;1:2:1;1:2:2,2,3,1,1,1,0,1,1,1,1,1,5,9,3
50092,0:3:2;0:3:3;1:2:1;1:2:2,2,4,1,1,1,0,1,1,1,1,1,5,9,3
50093,0:3:2;0:3:3;1:2:1;1:2:2,2,5,1,1,1,0,1,1,1,1,1,5,9,1
50094,0:3:2;0:3:3;1:2:1;1:2:2,3,0,0,0,0,1,0,0,0,0,0,0,31,24
50095,0:3:2;0:3:3;1:2:1;1:2:2,3,1,1,1,1,0,1,1,1,1,1,5,9,14
50096,0:3:2;0:3:3;1:2:1;1:2:2,3,2,1,1,1,0,1,1,1,1,1,5,9,4
50097,0:3:2;0:3:3;1:2:1;1:2:2,3,3,1,1,1,0,1,1,1,1,1,5,9,3
50098,0:3:2;0:3:3;1:2:1;1:2:2,3,4,1,1,1,0,1,1,1,1,1,5,9,3
50099,0:3:2;0:3:3;1:2:1;1:2:2,3,5,1,1,1,0,1,1,1,1,1,5,9,1
50100,0:3:2;0:3:3;1:2:1;1:2:2,4,0,0,0,0,1,0,0,0,0,0,0,31,24
50101,0:3:2;0:3:3;1:2:1;1:2:2,4,1,1,1,1,0,1,1,1,1,1,5,9,14
50102,0:3:2;0:3:3;1:2:1;1:2:2,4,2,1,1,1,0,1,1,1,1,1,5,9,4
50103,0:3:2;0:3:3;1:2:1;1:2:2,4,3,1,1,1,0,1,1,1,1,1,5,9,3
50104,0:3:2;0:3:3;1:2:1;1:2:2,4,4,1,1,1,0,1,1,1,1,1,5,9,3
50105,0:3:2;0:3:3;1:2:1;1:2:2,4,5,1,1,1,0,1,1,1,1,1,5,9,1
50106,0:3:2;0:3:3;1:2:1;1:2:2,5,0,0,0,0,1,0,0,0,0,0,0,31,24
50107,0:3:2;0:3:3;1:2:1;1:2:2,5,1,1,1,1,0,1,1,1,1,1,5,9,14
50108,0:3:2;0:3:3;1:2:1;1:2:2,5,2,1,1,1,0,1,1,1,1,1,5,9,4
50109,0:3:2;0:3:3;1:2:1;1:2:2,5,3,1,1,1,0,1,1,1,1,1,5,9,3
50110,0:3:2;0:3:3;1:2:1;1:2:2,5,4,1,1,1,0,1,1,1,1,1,5,9,3
50111,0:3:2;0:3:3;1:2:1;1:2:2,5,5,1,1,1,0,1,1,1,1,1,5,9,1
50112,0:3:2;0:3:3;1:2:1;1:3:2,0,0,1,0,0,1,0,0,0,0,0,1,1,24
50113,0:3:2;0:3:3;1:2:1;1:3:2,0,1,1,0,0,1,0,0,0,0,0,1,3,24
50114,0:3:2;0:3:3;1:2:1;1:3:2,0,2,1,1,0,0,1,1,1,1,1,5,9,4
50115,0:3:2;0:3:3;1:2:1;1:3:2,0,3,1,1,0,0,1,1,1,1,1,5,9,3
50116,0:3:2;0:3:3;1:2:1;1:3:2,0,4,1,1,1,0,1,1,1,1,1,5,9,3
50117,0:3:2;0:3:3;1:2:1;1:3:2,0,5,1,1,1,0,1,1,1,1,1,5,9,1
50118,0:3:2;0:3:3;1:2:1;1:3:2,1,0,1,1,0,0,1,1,1,1,1,5,9,14
50119,0:3:2;0:3:3;1:2:1;1:3:2,1,1,1,1,0,0,1,1,1,1,1,5,9,14
50120,0:3:2;0:3:3;1:2:1;1:3:2,1,2,1,1,0,0,1,1,1,1,1,5,9,4
50121,0:3:2;0:3:3;1:2:1;1:3:2,1,3,1,1,1,0,1,1,1,1,1,5,9,3
50122,0:3:2;0:3:3;1:2:1;1:3:2,1,4,1,1,1,0,1,1,1,1,1,5,9,3
50123,0:3:2;0:3:3;1:2:1;1:3:2,1,5,1,1,1,0,1,1,1,1,1,5,9,1
50124,0:3:2;0:3:3;1:2:1;1:3:2,2,0,1,1,0,0,1,1,1,1,1,5,9,14
50125,0:3:2;0:3:3;1:2:1;1:3:2,2,1,1,1,0,0,1,1,1,1,1,5,9,14
50126,0:3:2;0:3:3;1:2:1;1:3:2,2,2,1,1,1,0,1,1,1,1,1,5,9,4
50127,0:3:2;0:3:3;1:2:1;1:3:2,2,3,1,1,1,0,1,1,1,1,1,5,9,3
50128,0:3:2;0:3:3;1:2:1;1:3:2,2,4,1,1,1,0,1,1,1,1,1,5,9,3
50129,0:3:2;0:3:3;1:2:1;1:3:2,2,5,1,1,1,0,1,1,1,1,1,5,9,1
50130,0:3:2;0:3:3;1:2:1;1:3:2,3,0,1,1,0,0,1,1,1,1,1,5,9,14
50131,0:3:2;0:3:3;1:2:1;1:3:2,3,1,1,1,1,0,1,1,1,1,1,5,9,14
50132,0:3:2;0:3:3;1:2:1;1:3:2,3,2,1,1,1,0,1,1,1,1,1,5,9,4
50133,0:3:2;0:3:3;1:2:1;1:3:2,3,3,1,1,1,0,1,1,1,1,1,5,9,3
50134,0:3:2;0:3:3;1:2:1;1:3:2,3,4,1,1,1,0,1,1,1,1,1,5,9,3
50135,0:3:2;0:3:3;1:2:1;1:3:2,3,5,1,1,1,0,1,1,1,1,1,5,9,1
50136,0:3:2;0:3:3;1:2:1;1:3:2,4,0,1,1,1,0,1,1,1,1,1,5,9,14
50137,0:3:2;0:3:3;1:2:1;1:3:2,4,1,1,1,1,0,1,1,1,1,1,5,9,14
50138,0:3:2;0:3:3;1:2:1;1:3:2,4,2,1,1,1,0,1,1,1,1,1,5,9,4
50139,0:3:2;0:3:3;1:2:1;1:3:2,4,3,1,1,1,0,1,1,1,1,1,5,9,3
50140,0:3:2;0:3:3;1:2:1;1:3:2,4,4,1,1,1,0,1,1,1,1,1,5,9,3
50141,0:3:2;0:3:3;1:2:1;1:3:2,4,5,1,1,1,0,1,1,1,1,1,5,9,1
50142,0:3:2;0:3:3;1:2:1;1:3:2,5,0,1,1,1,0,1,1,1,1,1,5,9,14
50143,0:3:2;0:3:3;1:2:1;1:3:2,5,1,1,1,1,0,1,1,1,1,1,5,9,14
50144,0:3:2;0:3:3;1:2:1;1:3:2,5,2,1,1,1,0,1,1,1,1,1,5,9,4
50145,0:3:2;0:3:3;1:2:1;1:3:2,5,3,1,1,1,0,1,1,1,1,1,5,9,3
50146,0:3:2;0:3:3;1:2:1;1:3:2,5,4,1,1,1,0,1,1,1,1,1,5,9,3
50147,0:3:2;0:3:3;1:2:1;1:3:2,5,5,1,1,1,0,1,1,1,1,1,5,9,1
50148,0:3:2;0:3:3;1:2:1;1:3:3,0,0,1,0,0,1,0,0,0,0,0,1,1,24
50149,0:3:2;0:3:3;1:2:1;1:3:3,0,1,1,0,0,1,0,0,0,0,0,1,3,24
50150,0:3:2;0:3:3;1:2:1;1:3:3,0,2,1,1,0,1,0,0,1,0,1,6,19,5
50151,0:3:2;0:3:3;1:2:1;1:3:3,0,3,1,1,0,0,1,1,1,1,1,5,10,3
50152,0:3:2;0:3:3;1:2:1;1:3:3,0,4,1,1,0,0,1,1,1,1,1,5,10,3
50153,0:3:2;0:3:3;1:2:1;1:3:3,0,5,1,1,1,0,1,1,1,1,1,5,10,1
50154,0:3:2;0:3:3;1:2:1;1:3:3,1,0,1,1,0,0,1,1,1,1,1,5,10,14
50155,0:3:2;0:3:3;1:2:1;1:3:3,1,1,1,1,0,0,1,1,1,1,1,5,10,14
50156,0:3:2;0:3:3;1:2:1;1:3:3,1,2,1,1,0,0,1,1,1,1,1,5,10,4
50157,0:3:2;0:3:3;1:2:1;1:3:3,1,3,1,1,0,0,1,1,1,1,1,5,10,3
50158,0:3:2;0:3:3;1:2:1;1:3:3,1,4,1,1,1,0,1,1,1,1,1,5,10,3
50159,0:3:2;0:3:3;1:2:1;1:3:3,1,5,1,1,1,0,1,1,1,1,1,5,10,1
50160,0:3:2;0:3:3;1:2:1;1:3:3,2,0,1,1,0,0,1,1,1,1,1,5,10,14
50161,0:3:2;0:3:3;1:2:1;1:3:3,2,1,1,1,0,0,1,1,1,1,1,5,10,14
50162,0:3:2;0:3:3;1:2:1;1:3:3,2,2,1,1,0,0,1,1,1,1,1,5,10,4
50163,0:3:2;0:3:3;1:2:1;1:3:3,2,3,1,1,1,0,1,1,1,1,1,5,10,3
50164,0:3:2;0:3:3;1:2:1;1:3:3,2,4,1,1,1,0,1,1,1,1,1,5,10,3
50165,0:3:2;0:3:3;1:2:1;1:3:3,2,5,1,1,1,0,1,1,1,1,1,5,10,1
50166,0:3:2;0:3:3;1:2:1;1:3:3,3,0,1,1,0,0,1,1,1,1,1,5,10,14
50167,0:3:2;0:3:3;1:2:1;1:3:3,3,1,1,1,0,0,1,1,1,1,1,5,10,14
50168,0:3:2;0:3:3;1:2:1;1:3:3,3,2,1,1,1,0,1,1,1,1,1,5,10,4
50169,0:3:2;0:3:3;1:2:1;1:3:3,3,3,1,1,1,0,1,1,1,1,1,5,10,3
50170,0:3:2;0:3:3;1:2:1;1:3:3,3,4,1,1,1,0,1,1,1,1,1,5,10,3
50171,0:3:2;0:3:3;1:2:1;1:3:3,3,5,1,1,1,0,1,1,1,1,1,5,10,1
50172,0:3:2;0:3:3;1:2:1;1:3:3,4,0,1,1,0,0,1,1,1,1,1,5,10,14
50173,0:3:2;0:3:3;1:2:1;1:3:3,4,1,1,1,1,0,1,1,1,1,1,5,10,14
50174,0:3:2;0:3:3;1:2:1;1:3:3,4,2,1,1,1,0,1,1,1,1,1,5,10,4
50175,0:3:2;0:3:3;1:2:1;1:3:3,4,3,1,1,1,0,1,1,1,1,1,5,10,3
50176,0:3:2;0:3:3;1:2:1;1:3:3,4,4,1,1,1,0,1,1,1,1,1,5,10,3
50177,0:3:2;0:3:3;1:2:1;1:3:3,4,5,1,1,1,0,1,1,1,1,1,5,10,1
50178,0:3:2;0:3:3;1:2:1;1:3:3,5,0,1,1,1,0,1,1,1,1,1,5,10,14
50179,0:3:2;0:3:3;1:2:1;1:3:3,5,1,1,1,1,0,1,1,1,1,1,5,10,14
50180,0:3:2;0:3:3;1:2:1;1:3:3,5,2,1,1,1,0,1,1,1,1,1,5,10,4
50181,0:3:2;0:3:3;1:2:1;1:3:3,5,3,1,1,1,0,1,1,1,1,1,5,10,3
50182,0:3:2;0:3:3;1:2:1;1:3:3,5,4,1,1,1,0,1,1,1,1,1,5,10,3
50183,0:3:2;0:3:3;1:2:1;1:3:3,5,5,1,1,1,0,1,1,1,1,1,5,10,1
50184,0:3:2;0:3:3;1:2:1;1:4:3,0,0,1,0,0,1,0,0,0,0,0,1,1,24
50185,0:3:2;0:3:3;1:2:1;1:4:3,0,1,1,0,0,1,0,0,0,0,0,1,3,24
50186,0:3:2;0:3:3;1:2:1;1:4:3,0,2,1,1,0,1,0,0,1,0,1,6,19,5
50187,0:3:2;0:3:3;1:2:1;1:4:3,0,3,1,1,0,0,1,1,1,1,1,5,10,3
50188,0:3:2;0:3:3;1:2:1;1:4:3,0,4,1,1,0,0,1,1,1,1,1,5,10,3
50189,0:3:2;0:3:3;1:2:1;1:4:3,0,5,1,1,1,0,1,1,1,1,1,5,10,1
50190,0:3:2;0:3:3;1:2:1;1:4:3,1,0,1,1,0,0,1,1,1,1,1,5,10,14
50191,0:3:2;0:3:3;1:2:1;1:4:3,1,1,1,1,0,0,1,1,1,1,1,5,10,14
50192,0:3:2;0:3:3;1:2:1;1:4:3,1,2,1,1,0,0,1,1,1,1,1,5,10,4
50193,0:3:2;0:3:3;1:2:1;1:4:3,1,3,1,1,0,0,1,1,1,1,1,5,10,3
50194,0:3:2;0:3:3;1:2:1;1:4:3,1,4,1,1,1,0,1,1,1,1,1,5,10,3
50195,0:3:2;0:3:3;1:2:1;1:4:3,1,5,1,1,1,0,1,1,1,1,1,5,10,1
50196,0:3:2;0:3:3;1:2:1;1:4:3,2,0,1,1,0,0,1,1,1,1,1,5,10,14
50197,0:3:2;0:3:3;1:2:1;1:4:3,2,1,1,1,0,0,1,1,1,1,1,5,10,14
50198,0:3:2;0:3:3;1:2:1;1:4:3,2,2,1,1,0,0,1,1,1,1,1,5,10,4
50199,0:3:2;0:3:3;1:2:1;1:4:3,2,3,1,1,1,0,1,1,1,1,1,5,10,3
50200,0:3:2;0:3:3;1:2:1;1:4:3,2,4,1,1,1,0,1,1,1,1,1,5,10,3
50201,0:3:2;0:3:3;1:2:1;1:4:3,2,5,1,1,1,0,1,1,1,1,1,5,10,1
50202,0:3:2;0:3:3;1:2:1;1:4:3,3,0,1,1,0,0,1,1,1,1,1,5,10,14
50203,0:3:2;0:3:3;1:2:1;1:4:3,3,1,1,1,0,0,1,1,1,1,1,5,10,14
50204,0:3:2;0:3:3;1:2:1;1:4:3,3,2,1,1,1,0,1,1,1,1,1,5,10,4
50205,0:3:2;0:3:3;1:2:1;1:4:3,3,3,1,1,1,0,1,1,1,1,1,5,10,3
50206,0:3:2;0:3:3;1:2:1;1:4:3,3,4,1,1,1,0,1,1,1,1,1,5,10,3
50207,0:3:2;0:3:3;1:2:1;1:4:3,3,5,1,1,1,0,1,1,1,1,1,5,10,1
50208,0:3:2;0:3:3;1:2:1;1:4:3,4,0,1,1,0,0,1,1,1,1,1,5,10,14
50209,0:3:2;0:3:3;1:2:1;1:4:3,4,1,1,1,1,0,1,1,1,1,1,5,10,14
50210,0:3:2;0:3:3;1:2:1;1:4:3,4,2,1,1,1,0,1,1,1,1,1,5,10,4
50211,0:3:2;0:3:3;1:2:1;1:4:3,4,3,1,1,1,0,1,1,1,1,1,5,10,3
50212,0:3:2;0:3:3;1:2:1;1:4:3,4,4,1,1,1,0,1,1,1,1,1,5,10,3
50213,0:3:2;0:3:3;1:2:1;1:4:3,4,5,1,1,1,0,1,1,1,1,1,5,10,1
50214,0:3:2;0:3:3;1:2:1;1:4:3,5,0,1,1,1,0,1,1,1,1,1,5,10,14
50215,0:3:2;0:3:3;1:2:1;1:4:3,5,1,1,1,1,0,1,1,1,1,1,5,10,14
50216,0:3:2;0:3:3;1:2:1;1:4:3,5,2,1,1,1,0,1,1,1,1,1,5,10,4
50217,0:3:2;0:3:3;1:2:1;1:4:3,5,3,1,1,1,0,1,1,1,1,1,5,10,3
50218,0:3:2;0:3:3;1:2:1;1:4:3,5,4,1,1,1,0,1,1,1,1,1,5,10,3
50219,0:3:2;0:3:3;1:2:1;1:4:3,5,5,1,1,1,0,1,1,1,1,1,5,10,1
50220,0:3:2;0:3:3;1:2:2;1:2:2,0,0,0,0,0,1,0,0,0,0,0,0,1,24
50221,0:3:2;0:3:3;1:2:2;1:2:2,0,1,1,0,0,1,0,0,0,0,0,1,3,24
50222,0:3:2;0:3:3;1:2:2;1:2:2,0,2,1,0,0,1,0,0,0,0,0,4,21,24
50223,0:3:2;0:3:3;1:2:2;1:2:2,0,3,1,1,0,0,1,1,1,1,1,5,10,3
50224,0:3:2;0:3:3;1:2:2;1:2:2,0,4,1,1,1,0,1,1,1,1,1,5,10,3
50225,0:3:2;0:3:3;1:2:2;1:2:2,0,5,1,1,1,0,1,1,1,1,1,5,10,1
50226,0:3:2;0:3:3;1:2:2;1:2:2,1,0,0,0,0,1,0,0,0,0,0,0,3,24
50227,0:3:2;0:3:3;1:2:2;1:2:2,1,1,1,0,0,1,0,0,0,0,0,1,9,24
50228,0:3:2;0:3:3;1:2:2;1:2:2,1,2,1,1,0,0,1,1,1,1,1,5,10,4
50229,0:3:2;0:3:3;1:2:2;1:2:2,1,3,1,1,1,0,1,1,1,1,1,5,10,3
50230,0:3:2;0:3:3;1:2:2;1:2:2,1,4,1,1,1,0,1,1,1,1,1,5,10,3
50231,0:3:2;0:3:3;1:2:2;1:2:2,1,5,1,1,1,0,1,1,1,1,1,5,10,1
50232,0:3:2;0:3:3;1:2:2;1:2:2,2,0,0,0,0,1,0,0,0,0,0,0,21,24
50233,0:3:2;0:3:3;1:2:2;1:2:2,2,1,1,1,0,0,1,1,1,1,1,5,10,14
50234,0:3:2;0:3:3;1:2:2;1:2:2,2,2,1,1,1,0,1,1,1,1,1,5,10,4
50235,0:3:2;0:3:3;1:2:2;1:2:2,2,3,1,1,1,0,1,1,1,1,1,5,10,3
50236,0:3:2;0:3:3;1:2:2;1:2:2,2,4,1,1,1,0,1,1,1,1,1,5,10,3
50237,0:3:2;0:3:3;1:2:2;1:2:2,2,5,1,1,1,0,1,1,1,1,1,5,10,1
50238,0:3:2;0:3:3;1:2:2;1:2:2,3,0,0,0,0,1,0,0,0,0,0,0,31,24
50239,0:3:2;0:3:3;1:2:2;1:2:2,3,1,1,1,1,0,1,1,1,1,1,5,10,14
50240,0:3:2;0:3:3;1:2:2;1:2:2,3,2,1,1,1,0,1,1,1,1,1,5,10,4
50241,0:3:2;0:3:3;1:2:2;1:2:2,3,3,1,1,1,0,1,1,1,1,1,5,10,3
50242,0:3:2;0:3:3;1:2:2;1:2:2,3,4,1,1,1,0,1,1,1,1,1,5,10,3
50243,0:3:2;0:3:3;1:2:2;1:2:2,3,5,1,1,1,0,1,1,1,1,1,5,10,1
50244,0:3:2;0:3:3;1:2:2;1:2:2,4,0,0,0,0,1,0,0,0,0,0,0,39,24
50245,0:3:2;0:3:3;1:2:2;1:2:2,4,1,1,1,1,0,1,1,1,1,1,5,10,14
50246,0:3:2;0:3:3;1:2:2;1:2:2,4,2,1,1,1,0,1,1,1,1,1,5,10,4
50247,0:3:2;0:3:3;1:2:2;1:2:2,4,3,1,1,1,0,1,1,1,1,1,5,10,3
50248,0:3:2;0:3:3;1:2:2;1:2:2,4,4,1,1,1,0,1,1,1,1,1,5,10,3
50249,0:3:2;0:3:3;1:2:2;1:2:2,4,5,1,1,1,0,1,1,1,1,1,5,10,1
50250,0:3:2;0:3:3;1:2:2;1:2:2,5,0,0,0,0,1,0,0,0,0,0,0,39,24
50251,0:3:2;0:3:3;1:2:2;1:2:2,5,1,1,1,1,0,1,1,1,1,1,5,10,14
50252,0:3:2;0:3:3;1:2:2;1:2:2,5,2,1,1,1,0,1,1,1,1,1,5,10,4
50253,0:3:2;0:3:3;1:2:2;1:2:2,5,3,1,1,1,0,1,1,1,1,1,5,10,3
50254,0:3:2;0:3:3;1:2:2;1:2:2,5,4,1,1,1,0,1,1,1,1,1,5,10,3
50255,0:3:2;0:3:3;1:2:2;1:2:2,5,5,1,1,1,0,1,1,1,1,1,5,10,1
50256,0:3:2;0:3:3;1:2:2;1:3:2,0,0,1,0,0,1,0,0,0,0,0,1,1,24
50257,0:3:2;0:3:3;1:2:2;1:3:2,0,1,1,0,0,1,0,0,0,0,0,1,3,24
50258,0:3:2;0:3:3;1:2:2;1:3:2,0,2,1,1,0,1,0,0,0,1,1,6,16,5
50259,0:3:2;0:3:3;1:2:2;1:3:2,0,3,1,1,0,0,1,1,1,1,1,5,10,3
50260,0:3:2;0:3:3;1:2:2;1:3:2,0,4,1,1,1,0,1,1,1,1,1,5,10,3
50261,0:3:2;0:3:3;1:2:2;1:3:2,0,5,1,1,1,0,1,1,1,1,1,5,10,1
50262,0:3:2;0:3:3;1:2:2;1:3:2,1,0,1,0,0,1,0,0,0,0,0,1,3,24
50263,0:3:2;0:3:3;1:2:2;1:3:2,1,1,1,0,0,1,0,0,0,0,0,1,9,24
50264,0:3:2;0:3:3;1:2:2;1:3:2,1,2,1,1,0,0,1,1,1,1,1,5,10,4
50265,0:3:2;0:3:3;1:2:2;1:3:2,1,3,1,1,1,0,1,1,1,1,1,5,10,3
50266,0:3:2;0:3:3;1:2:2;1:3:2,1,4,1,1,1,0,1,1,1,1,1,5,10,3
50267,0:3:2;0:3:3;1:2:2;1:3:2,1,5,1,1,1,0,1,1,1,1,1,5,10,1
50268,0:3:2;0:3:3;1:2:2;1:3:2,2,0,1,1,0,0,1,1,1,1,1,5,10,14
50269,0:3:2;0:3:3;1:2:2;1:3:2,2,1,1,1,0,0,1,1,1,1,1,5,10,14
50270,0:3:2;0:3:3;1:2:2;1:3:2,2,2,1,1,1,0,1,1,1,1,1,5,10,4
50271,0:3:2;0:3:3;1:2:2;1:3:2,2,3,1,1,1,0,1,1,1,1,1,5,10,3
50272,0:3:2;0:3:3;1:2:2;1:3:2,2,4,1,1,1,0,1,1,1,1,1,5,10,3
50273,0:3:2;0:3:3;1:2:2;1:3:2,2,5,1,1,1,0,1,1,1,1,1,5,10,1
50274,0:3:2;0:3:3;1:2:2;1:3:2,3,0,1,1,0,0,1,1,1,1,1,5,10,14
50275,0:3:2;0:3:3;1:2:2;1:3:2,3,1,1,1,1,0,1,1,1,1,1,5,10,14
50276,0:3:2;0:3:3;1:2:2;1:3:2,3,2,1,1,1,0,1,1,1,1,1,5,10,4
50277,0:3:2;0:3:3;1:2:2;1:3:2,3,3,1,1,1,0,1,1,1,1,1,5,10,3
50278,0:3:2;0:3:3;1:2:2;1:3:2,3,4,1,1,1,0,1,1,1,1,1,5,10,3
50279,0:3:2;0:3:3;1:2:2;1:3:2,3,5,1,1,1,0,1,1,1,1,1,5,10,1
50280,0:3:2;0:3:3;1:2:2;1:3:2,4,0,1,1,1,0,1,1,1,1,1,5,10,14
50281,0:3:2;0:3:3;1:2:2;1:3:2,4,1,1,1,1,0,1,1,1,1,1,5,10,14
50282,0:3:2;0:3:3;1:2:2;1:3:2,4,2,1,1,1,0,1,1,1,1,1,5,10,4
50283,0:3:2;0:3:3;1:2:2;1:3:2,4,3,1,1,1,0,1,1,1,1,1,5,10,3
50284,0:3:2;0:3:3;1:2:2;1:3:2,4,4,1,1,1,0,1,1,1,1,1,5,10,3
50285,0:3:2;0:3:3;1:2:2;1:3:2,4,5,1,1,1,0,1,1,1,1,1,5,10,1
50286,0:3:2;0:3:3;1:2:2;1:3:2,5,0,1,1,1,0,1,1,1,1,1,5,10,14
50287,0:3:2;0:3:3;1:2:2;1:3:2,5,1,1,1,1,0,1,1,1,1,1,5,10,14
50288,0:3:2;0:3:3;1:2:2;1:3:2,5,2,1,1,1,0,1,1,1,1,1,5,10,4
50289,0:3:2;0:3:3;1:2:2;1:3:2,5,3,1,1,1,0,1,1,1,1,1,5,10,3
50290,0:3:2;0:3:3;1:2:2;1:3:2,5,4,1,1,1,0,1,1,1,1,1,5,10,3
50291,0:3:2;0:3:3;1:2:2;1:3:2,5,5,1,1,1,0,1,1,1,1,1,5,10,1
50292,0:3:2;0:3:3;1:2:2;1:3:3,0,0,1,0,0,1,0,0,0,0,0,1,1,24
50293,0:3:2;0:3:3;1:2:2;1:3:3,0,1,1,0,0,1,0,0,0,0,0,1,3,24
50294,0:3:2;0:3:3;1:2:2;1:3:3,0,2,1,1,0,1,0,0,1,0,1,6,20,5
50295,0:3:2;0:3:3;1:2:2;1:3:3,0,3,1,1,0,0,1,1,1,1,1,5,11,3
50296,0:3:2;0:3:3;1:2:2;1:3:3,0,4,1,1,0,0,1,1,1,1,1,5,11,3
50297,0:3:2;0:3:3;1:2:2;1:3:3,0,5,1,1,1,0,1,1,1,1,1,5,11,1
50298,0:3:2;0:3:3;1:2:2;1:3:3,1,0,1,0,0,1,0,0,0,0,0,1,3,24
50299,0:3:2;0:3:3;1:2:2;1:3:3,1,1,1,0,0,1,0,0,0,0,0,1,9,24
50300,0:3:2;0:3:3;1:2:2;1:3:3,1,2,1,1,0,1,0,0,1,0,1,6,20,5
50301,0:3:2;0:3:3;1:2:2;1:3:3,1,3,1,1,0,0,1,1,1,1,1,5,11,3
50302,0:3:2;0:3:3;1:2:2;1:3:3,1,4,1,1,1,0,1,1,1,1,1,5,11,3
50303,0:3:2;0:3:3;1:2:2;1:3:3,1,5,1,1,1,0,1,1,1,1,1,5,11,1
50304,0:3:2;0:3:3;1:2:2;1:3:3,2,0,1,1,0,0,1,1,1,1,1,5,11,14
50305,0:3:2;0:3:3;1:2:2;1:3:3,2,1,1,1,0,0,1,1,1,1,1,5,11,14
50306,0:3:2;0:3:3;1:2:2;1:3:3,2,2,1,1,0,0,1,1,1,1,1,5,11,4
50307,0:3:2;0:3:3;1:2:2;1:3:3,2,3,1,1,1,0,1,1,1,1,1,5,11,3
50308,0:3:2;0:3:3;1:2:2;1:3:3,2,4,1,1,1,0,1,1,1,1,1,5,11,3
50309,0:3:2;0:3:3;1:2:2;1:3:3,2,5,1,1,1,0,1,1,1,1,1,5,11,1
50310,0:3:2;0:3:3;1:2:2;1:3:3,3,0,1,1,0,0,1,1,1,1,1,5,11,14
50311,0:3:2;0:3:3;1:2:2;1:3:3,3,1,1,1,0,0,1,1,1,1,1,5,11,14
50312,0:3:2;0:3:3;1:2:2;1:3:3,3,2,1,1,1,0,1,1,1,1,1,5,11,4
50313,0:3:2;0:3:3;1:2:2;1:3:3,3,3,1,1,1,0,1,1,1,1,1,5,11,3
50314,0:3:2;0:3:3;1:2:2;1:3:3,3,4,1,1,1,0,1,1,1,1,1,5,11,3
50315,0:3:2;0:3:3;1:2:2;1:3:3,3,5,1,1,1,0,1,1,1,1,1,5,11,1
50316,0:3:2;0:3:3;1:2:2;1:3:3,4,0,1,1,0,0,1,1,1,1,1,5,11,14
50317,0:3:2;0:3:3;1:2:2;1:3:3,4,1,1,1,1,0,1,1,1,1,1,5,11,14
50318,0:3:2;0:3:3;1:2:2;1:3:3,4,2,1,1,1,0,1,1,1,1,1,5,11,4
50319,0:3:2;0:3:3;1:2:2;1:3:3,4,3,1,1,1,0,1,1,1,1,1,5,11,3
50320,0:3:2;0:3:3;1:2:2;1:3:3,4,4,1,1,1,0,1,1,1,1,1,5,11,3
50321,0:3:2;0:3:3;1:2:2;1:3:3,4,5,1,1,1,0,1,1,1,1,1,5,11,1
50322,0:3:2;0:3:3;1:2:2;1:3:3,5,0,1,1,1,0,1,1,1,1,1,5,11,14
50323,0:3:2;0:3:3;1:2:2;1:3:3,5,1,1,1,1,0,1,1,1,1,1,5,11,14
50324,0:3:2;0:3:3;1:2:2;1:3:3,5,2,1,1,1,0,1,1,1,1,1,5,11,4
50325,0:3:2;0:3:3;1:2:2;1:3:3,5,3,1,1,1,0,1,1,1,1,1,5,11,3
50326,0:3:2;0:3:3;1:2:2;1:3:3,5,4,1,1,1,0,1,1,1,1,1,5,11,3
50327,0:3:2;0:3:3;1:2:2;1:3:3,5,5,1,1,1,0,1,1,1,1,1,5,11,1
50328,0:3:2;0:3:3;1:2:2;1:4:3,0,0,1,0,0,1,0,0,0,0,0,1,1,24
50329,0:3:2;0:3:3;1:2:2;1:4:3,0,1,1,0,0,1,0,0,0,0,0,1,3,24
50330,0:3:2;0:3:3;1:2:2;1:4:3,0,2,1,1,0,1,0,0,1,1,1,6,20,5
50331,0:3:2;0:3:3;1:2:2;1:4:3,0,3,1,1,0,0,1,1,1,1,1,5,11,3
50332,0:3:2;0:3:3;1:2:2;1:4:3,0,4,1,1,0,0,1,1,1,1,1,5,11,3
50333,0:3:2;0:3:3;1:2:2;1:4:3,0,5,1,1,1,0,1,1,1,1,1,5,11,1
50334,0:3:2;0:3:3;1:2:2;1:4:3,1,0,1,0,0,1,0,0,0,0,0,1,3,24
50335,0:3:2;0:3:3;1:2:2;1:4:3,1,1,1,0,0,1,0,0,0,0,0,1,9,24
50336,0:3:2;0:3:3;1:2:2;1:4:3,1,2,1,1,0,1,0,0,1,1,1,6,20,5
50337,0:3:2;0:3:3;1:2:2;1:4:3,1,3,1,1,0,0,1,1,1,1,1,5,11,3
50338,0:3:2;0:3:3;1:2:2;1:4:3,1,4,1,1,1,0,1,1,1,1,1,5,11,3
50339,0:3:2;0:3:3;1:2:2;1:4:3,1,5,1,1,1,0,1,1,1,1,1,5,11,1
50340,0:3:2;0:3:3;1:2:2;1:4:3,2,0,1,1,0,0,1,1,1,1,1,5,11,14
50341,0:3:2;0:3:3;1:2:2;1:4:3,2,1,1,1,0,0,1,1,1,1,1,5,11,14
50342,0:3:2;0:3:3;1:2:2;1:4:3,2,2,1,1,0,0,1,1,1,1,1,5,11,4
50343,0:3:2;0:3:3;1:2:2;1:4:3,2,3,1,1,1,0,1,1,1,1,1,5,11,3
50344,0:3:2;0:3:3;1:2:2;1:4:3,2,4,1,1,1,0,1,1,1,1,1,5,11,3
50345,0:3:2;0:3:3;1:2:2;1:4:3,2,5,1,1,1,0,1,1,1,1,1,5,11,1
50346,0:3:2;0:3:3;1:2:2;1:4:3,3,0,1,1,0,0,1,1,1,1,1,5,11,14
50347,0:3:2;0:3:3;1:2:2;1:4:3,3,1,1,1,0,0,1,1,1,1,1,5,11,14
50348,0:3:2;0:3:3;1:2:2;1:4:3,3,2,1,1,1,0,1,1,1,1,1,5,11,4
50349,0:3:2;0:3:3;1:2:2;1:4:3,3,3,1,1,1,0,1,1,1,1,1,5,11,3
50350,0:3:2;0:3:3;1:2:2;1:4:3,3,4,1,1,1,0,1,1,1,1,1,5,11,3
50351,0:3:2;0:3:3;1:2:2;1:4:3,3,5,1,1,1,0,1,1,1,1,1,5,11,1
50352,0:3:2;0:3:3;1:2:2;1:4:3,4,0,1,1,0,0,1,1,1,1,1,5,11,14
50353,0:3:2;0:3:3;1:2:2;1:4:3,4,1,1,1,1,0,1,1,1,1,1,5,11,14
50354,0:3:2;0:3:3;1:2:2;1:4:3,4,2,1,1,1,0,1,1,1,1,1,5,11,4
50355,0:3:2;0:3:3;1:2:2;1:4:3,4,3,1,1,1,0,1,1,1,1,1,5,11,3
50356,0:3:2;0:3:3;1:2:2;1:4:3,4,4,1,1,1,0,1,1,1,1,1,5,11,3
50357,0:3:2;0:3:3;1:2:2;1:4:3,4,5,1,1,1,0,1,1,1,1,1,5,11,1
50358,0:3:2;0:3:3;1:2:2;1:4:3,5,0,1,1,1,0,1,1,1,1,1,5,11,14
50359,0:3:2;0:3:3;1:2:2;1:4:3,5,1,1,1,1,0,1,1,1,1,1,5,11,14
50360,0:3:2;0:3:3;1:2:2;1:4:3,5,2,1,1,1,0,1,1,1,1,1,5,11,4
50361,0:3:2;0:3:3;1:2:2;1:4:3,5,3,1,1,1,0,1,1,1,1,1,5,11,3
50362,0:3:2;0:3:3;1:2:2;1:4:3,5,4,1,1,1,0,1,1,1,1,1,5,11,3
50363,0:3:2;0:3:3;1:2:2;1:4:3,5,5,1,1,1,0,1,1,1,1,1,5,11,1
50364,0:3:2;0:3:3;1:3:2;1:3:2,0,0,1,0,0,1,0,0,0,0,0,1,1,24
50365,0:3:2;0:3:3;1:3:2;1:3:2,0,1,1,0,0,1,0,0,0,0,0,1,3,24
50366,0:3:2;0:3:3;1:3:2;1:3:2,0,2,1,1,0,0,1,1,1,1,1,5,10,3
50367,0:3:2;0:3:3;1:3:2;1:3:2,0,3,1,1,0,0,1,1,1,1,1,5,10,3
50368,0:3:2;0:3:3;1:3:2;1:3:2,0,4,1,1,1,0,1,1,1,1,1,5,10,3
50369,0:3:2;0:3:3;1:3:2;1:3:2,0,5,1,1,1,0,1,1,1,1,1,5,10,1
50370,0:3:2;0:3:3;1:3:2;1:3:2,1,0,1,0,0,1,0,0,0,0,0,1,3,24
50371,0:3:2;0:3:3;1:3:2;1:3:2,1,1,1,0,0,1,0,0,0,0,0,1,9,24
50372,0:3:2;0:3:3;1:3:2;1:3:2,1,2,1,1,0,0,1,1,1,1,1,5,10,3
50373,0:3:2;0:3:3;1:3:2;1:3:2,1,3,1,1,1,0,1,1,1,1,1,5,10,3
50374,0:3:2;0:3:3;1:3:2;1:3:2,1,4,1,1,1,0,1,1,1,1,1,5,10,3
50375,0:3:2;0:3:3;1:3:2;1:3:2,1,5,1,1,1,0,1,1,1,1,1,5,10,1
50376,0:3:2;0:3:3;1:3:2;1:3:2,2,0,1,1,0,0,1,1,1,1,1,5,10,14
50377,0:3:2;0:3:3;1:3:2;1:3:2,2,1,1,1,0,0,1,1,1,1,1,5,10,14
50378,0:3:2;0:3:3;1:3:2;1:3:2,2,2,1,1,1,0,1,1,1,1,1,5,10,3
50379,0:3:2;0:3:3;1:3:2;1:3:2,2,3,1,1,1,0,1,1,1,1,1,5,10,3
50380,0:3:2;0:3:3;1:3:2;1:3:2,2,4,1,1,1,0,1,1,1,1,1,5,10,3
50381,0:3:2;0:3:3;1:3:2;1:3:2,2,5,1,1,1,0,1,1,1,1,1,5,10,1
50382,0:3:2;0:3:3;1:3:2;1:3:2,3,0,1,1,0,0,1,1,1,1,1,5,10,14
50383,0:3:2;0:3:3;1:3:2;1:3:2,3,1,1,1,1,0,1,1,1,1,1,5,10,14
50384,0:3:2;0:3:3;1:3:2;1:3:2,3,2,1,1,1,0,1,1,1,1,1,5,10,3
50385,0:3:2;0:3:3;1:3:2;1:3:2,3,3,1,1,1,0,1,1,1,1,1,5,10,3
50386,0:3:2;0:3:3;1:3:2;1:3:2,3,4,1,1,1,0,1,1,1,1,1,5,10,3
50387,0:3:2;0:3:3;1:3:2;1:3:2,3,5,1,1,1,0,1,1,1,1,1,5,10,1
50388,0:3:2;0:3:3;1:3:2;1:3:2,4,0,1,1,1,0,1,1,1,1,1,5,10,14
50389,0:3:2;0:3:3;1:3:2;1:3:2,4,1,1,1,1,0,1,1,1,1,1,5,10,14
50390,0:3:2;0:3:3;1:3:2;1:3:2,4,2,1,1,1,0,1,1,1,1,1,5,10,3
50391,0:3:2;0:3:3;1:3:2;1:3:2,4,3,1,1,1,0,1,1,1,1,1,5,10,3
50392,0:3:2;0:3:3;1:3:2;1:3:2,4,4,1,1,1,0,1,1,1,1,1,5,10,3
50393,0:3:2;0:3:3;1:3:2;1:3:2,4,5,1,1,1,0,1,1,1,1,1,5,10,1
50394,0:3:2;0:3:3;1:3:2;1:3:2,5,0,1,1,1,0,1,1,1,1,1,5,10,14
50395,0:3:2;0:3:3;1:3:2;1:3:2,5,1,1,1,1,0,1,1,1,1,1,5,10,14
50396,0:3:2;0:3:3;1:3:2;1:3:2,5,2,1,1,1,0,1,1,1,1,1,5,10,3
50397,0:3:2;0:3:3;1:3:2;1:3:2,5,3,1,1,1,0,1,1,1,1,1,5,10,3
50398,0:3:2;0:3:3;1:3:2;1:3:2,5,4,1,1,1,0,1,1,1,1,1,5,10,3
50399,0:3:2;0:3:3;1:3:2;1:3:2,5,5,1,1,1,0,1,1,1,1,1,5,10,1
50400,0:3:2;0:3:3;1:3:2;1:3:3,0,0,1,0,0,1,0,0,0,0,0,1,1,24
50401,0:3:2;0:3:3;1:3:2;1:3:3,0,1,1,0,0,1,0,0,0,0,0,1,3,24
50402,0:3:2;0:3:3;1:3:2;1:3:3,0,2,1,1,0,0,1,1,1,1,1,5,11,3
50403,0:3:2;0:3:3;1:3:2;1:3:3,0,3,1,1,0,0,1,1,1,1,1,5,11,3
50404,0:3:2;0:3:3;1:3:2;1:3:3,0,4,1,1,0,0,1,1,1,1,1,5,11,3
50405,0:3:2;0:3:3;1:3:2;1:3:3,0,5,1,1,1,0,1,1,1,1,1,5,11,1
50406,0:3:2;0:3:3;1:3:2;1:3:3,1,0,1,0,0,1,0,0,0,0,0,1,3,24
50407,0:3:2;0:3:3;1:3:2;1:3:3,1,1,1,0,0,1,0,0,0,0,0,1,9,24
50408,0:3:2;0:3:3;1:3:2;1:3:3,1,2,1,1,0,0,1,1,1,1,1,5,11,3
50409,0:3:2;0:3:3;1:3:2;1:3:3,1,3,1,1,0,0,1,1,1,1,1,5,11,3
50410,0:3:2;0:3:3;1:3:2;1:3:3,1,4,1,1,1,0,1,1,1,1,1,5,11,3
50411,0:3:2;0:3:3;1:3:2;1:3:3,1,5,1,1,1,0,1,1,1,1,1,5,11,1
50412,0:3:2;0:3:3;1:3:2;1:3:3,2,0,1,1,0,0,1,1,1,1,1,5,11,14
50413,0:3:2;0:3:3;1:3:2;1:3:3,2,1,1,1,0,0,1,1,1,1,1,5,11,14
50414,0:3:2;0:3:3;1:3:2;1:3:3,2,2,1,1,0,0,1,1,1,1,1,5,11,3
50415,0:3:2;0:3:3;1:3:2;1:3:3,2,3,1,1,1,0,1,1,1,1,1,5,11,3
50416,0:3:2;0:3:3;1:3:2;1:3:3,2,4,1,1,1,0,1,1,1,1,1,5,11,3
50417,0:3:2;0:3:3;1:3:2;1:3:3,2,5,1,1,1,0,1,1,1,1,1,5,11,1
50418,0:3:2;0:3:3;1:3:2;1:3:3,3,0,1,1,0,0,1,1,1,1,1,5,11,14
50419,0:3:2;0:3:3;1:3:2;1:3:3,3,1,1,1,0,0,1,1,1,1,1,5,11,14
50420,0:3:2;0:3:3;1:3:2;1:3:3,3,2,1,1,1,0,1,1,1,1,1,5,11,3
50421,0:3:2;0:3:3;1:3:2;1:3:3,3,3,1,1,1,0,1,1,1,1,1,5,11,3
50422,0:3:2;0:3:3;1:3:2;1:3:3,3,4,1,1,1,0,1,1,1,1,1,5,11,3
50423,0:3:2;0:3:3;1:3:2;1:3:3,3,5,1,1,1,0,1,1,1,1,1,5,11,1
50424,0:3:2;0:3:3;1:3:2;1:3:3,4,0,1,1,0,0,1,1,1,1,1,5,11,14
50425,0:3:2;0:3:3;1:3:2;1:3:3,4,1,1,1,1,0,1,1,1,1,1,5,11,14
50426,0:3:2;0:3:3;1:3:2;1:3:3,4,2,1,1,1,0,1,1,1,1,1,5,11,3
50427,0:3:2;0:3:3;1:3:2;1:3:3,4,3,1,1,1,0,1,1,1,1,1,5,11,3
50428,0:3:2;0:3:3;1:3:2;1:3:3,4,4,1,1,1,0,1,1,1,1,1,5,11,3
50429,0:3:2;0:3:3;1:3:2;1:3:3,4,5,1,1,1,0,1,1,1,1,1,5,11,1
50430,0:3:2;0:3:3;1:3:2;1:3:3,5,0,1,1,1,0,1,1,1,1,1,5,11,14
50431,0:3:2;0:3:3;1:3:2;1:3:3,5,1,1,1,1,0,1,1,1,1,1,5,11,14
50432,0:3:2;0:3:3;1:3:2;1:3:3,5,2,1,1,1,0,1,1,1,1,1,5,11,3
50433,0:3:2;0:3:3;1:3:2;1:3:3,5,3,1,1,1,0,1,1,1,1,1,5,11,3
50434,0:3:2;0:3:3;1:3:2;1:3:3,5,4,1,1,1,0,1,1,1,1,1,5,11,3
50435,0:3:2;0:3:3;1:3:2;1:3:3,5,5,1,1,1,0,1,1,1,1,1,5,11,1
50436,0:3:2;0:3:3;1:3:2;1:4:3,0,0,1,0,0,1,0,0,0,0,0,1,1,24
50437,0:3:2;0:3:3;1:3:2;1:4:3,0,1,1,0,0,1,0,0,0,0,0,1,3,24
50438,0:3:2;0:3:3;1:3:2;1:4:3,0,2,1,1,0,0,1,1,1,1,1,5,11,3
50439,0:3:2;0:3:3;1:3:2;1:4:3,0,3,1,1,0,0,1,1,1,1,1,5,11,3
50440,0:3:2;0:3:3;1:3:2;1:4:3,0,4,1,1,0,0,1,1,1,1,1,5,11,3
50441,0:3:2;0:3:3;1:3:2;1:4:3,0,5,1,1,1,0,1,1,1,1,1,5,11,1
50442,0:3:2;0:3:3;1:3:2;1:4:3,1,0,1,0,0,1,0,0,0,0,0,1,3,24
50443,0:3:2;0:3:3;1:3:2;1:4:3,1,1,1,0,0,1,0,0,0,0,0,1,9,24
50444,0:3:2;0:3:3;1:3:2;1:4:3,1,2,1,1,0,0,1,1,1,1,1,5,11,3
50445,0:3:2;0:3:3;1:3:2;1:4:3,1,3,1,1,0,0,1,1,1,1,1,5,11,3
50446,0:3:2;0:3:3;1:3:2;1:4:3,1,4,1,1,1,0,1,1,1,1,1,5,11,3
50447,0:3:2;0:3:3;1:3:2;1:4:3,1,5,1,1,1,0,1,1,1,1,1,5,11,1
50448,0:3:2;0:3:3;1:3:2;1:4:3,2,0,1,1,0,0,1,1,1,1,1,5,11,14
50449,0:3:2;0:3:3;1:3:2;1:4:3,2,1,1,1,0,0,1,1,1,1,1,5,11,14
50450,0:3:2;0:3:3;1:3:2;1:4:3,2,2,1,1,0,0,1,1,1,1,1,5,11,3
50451,0:3:2;0:3:3;1:3:2;1:4:3,2,3,1,1,1,0,1,1,1,1,1,5,11,3
50452,0:3:2;0:3:3;1:3:2;1:4:3,2,4,1,1,1,0,1,1,1,1,1,5,11,3
50453,0:3:2;0:3:3;1:3:2;1:4:3,2,5,1,1,1,0,1,1,1,1,1,5,11,1
50454,0:3:2;0:3:3;1:3:2;1:4:3,3,0,1,1,0,0,1,1,1,1,1,5,11,14
50455,0:3:2;0:3:3;1:3:2;1:4:3,3,1,1,1,0,0,1,1,1,1,1,5,11,14
50456,0:3:2;0:3:3;1:3:2;1:4:3,3,2,1,1,1,0,1,1,1,1,1,5,11,3
50457,0:3:2;0:3:3;1:3:2;1:4:3,3,3,1,1,1,0,1,1,1,1,1,5,11,3
50458,0:3:2;0:3:3;1:3:2;1:4:3,3,4,1,1,1,0,1,1,1,1,1,5,11,3
50459,0:3:2;0:3:3;1:3:2;1:4:3,3,5,1,1,1,0,1,1,1,1,1,5,11,1
50460,0:3:2;0:3:3;1:3:2;1:4:3,4,0,1,1,0,0,1,1,1,1,1,5,11,14
50461,0:3:2;0:3:3;1:3:2;1:4:3,4,1,1,1,1,0,1,1,1,1,1,5,11,14
50462,0:3:2;0:3:3;1:3:2;1:4:3,4,2,1,1,1,0,1,1,1,1,1,5,11,3
50463,0:3:2;0:3:3;1:3:2;1:4:3,4,3,1,1,1,0,1,1,1,1,1,5,11,3
50464,0:3:2;0:3:3;1:3:2;1:4:3,4,4,1,1,1,0,1,1,1,1,1,5,11,3
50465,0:3:2;0:3:3;1:3:2;1:4:3,4,5,1,1,1,0,1,1,1,1,1,5,11,1
50466,0:3:2;0:3:3;1:3:2;1:4:3,5,0,1,1,1,0,1,1,1,1,1,5,11,14
50467,0:3:2;0:3:3;1:3:2;1:4:3,5,1,1,1,1,0,1,1,1,1,1,5,11,14
50468,0:3:2;0:3:3;1:3:2;1:4:3,5,2,1,1,1,0,1,1,1,1,1,5,11,3
50469,0:3:2;0:3:3;1:3:2;1:4:3,5,3,1,1,1,0,1,1,1,1,1,5,11,3
50470,0:3:2;0:3:3;1:3:2;1:4:3,5,4,1,1,1,0,1,1,1,1,1,5,11,3
50471,0:3:2;0:3:3;1:3:2;1:4:3,5,5,1,1,1,0,1,1,1,1,1,5,11,1
50472,0:3:2;0:3:3;1:3:3;1:3:3,0,0,1,0,0,1,0,0,0,0,0,1,1,24
50473,0:3:2;0:3:3;1:3:3;1:3:3,0,1,1,0,0,1,0,0,0,0,0,1,3,24
50474,0:3:2;0:3:3;1:3:3;1:3:3,0,2,1,1,0,0,1,1,1,1,1,5,12,3
50475,0:3:2;0:3:3;1:3:3;1:3:3,0,3,1,1,0,0,1,1,1,1,1,5,12,3
50476,0:3:2;0:3:3;1:3:3;1:3:3,0,4,1,1,0,0,1,1,1,1,1,5,12,3
50477,0:3:2;0:3:3;1:3:3;1:3:3,0,5,1,1,1,0,1,1,1,1,1,5,12,1
50478,0:3:2;0:3:3;1:3:3;1:3:3,1,0,1,0,0,1,0,0,0,0,0,1,3,24
50479,0:3:2;0:3:3;1:3:3;1:3:3,1,1,1,0,0,1,0,0,0,0,0,1,9,24
50480,0:3:2;0:3:3;1:3:3;1:3:3,1,2,1,1,0,0,1,1,1,1,1,5,12,3
50481,0:3:2;0:3:3;1:3:3;1:3:3,1,3,1,1,0,0,1,1,1,1,1,5,12,3
50482,0:3:2;0:3:3;1:3:3;1:3:3,1,4,1,1,1,0,1,1,1,1,1,5,12,3
50483,0:3:2;0:3:3;1:3:3;1:3:3,1,5,1,1,1,0,1,1,1,1,1,5,12,1
50484,0:3:2;0:3:3;1:3:3;1:3:3,2,0,1,0,0,1,0,0,0,0,0,1,6,24
50485,0:3:2;0:3:3;1:3:3;1:3:3,2,1,1,0,0,1,0,0,0,0,0,1,18,24
50486,0:3:2;0:3:3;1:3:3;1:3:3,2,2,1,1,0,0,1,1,1,1,1,5,12,3
50487,0:3:2;0:3:3;1:3:3;1:3:3,2,3,1,1,1,0,1,1,1,1,1,5,12,3
50488,0:3:2;0:3:3;1:3:3;1:3:3,2,4,1,1,1,0,1,1,1,1,1,5,12,3
50489,0:3:2;0:3:3;1:3:3;1:3:3,2,5,1,1,1,0,1,1,1,1,1,5,12,1
50490,0:3:2;0:3:3;1:3:3;1:3:3,3,0,1,1,0,0,1,1,1,1,1,5,12,14
50491,0:3:2;0:3:3;1:3:3;1:3:3,3,1,1,1,0,0,1,1,1,1,1,5,12,14
50492,0:3:2;0:3:3;1:3:3;1:3:3,3,2,1,1,1,0,1,1,1,1,1,5,12,3
50493,0:3:2;0:3:3;1:3:3;1:3:3,3,3,1,1,1,0,1,1,1,1,1,5,12,3
50494,0:3:2;0:3:3;1:3:3;1:3:3,3,4,1,1,1,0,1,1,1,1,1,5,12,3
50495,0:3:2;0:3:3;1:3:3;1:3:3,3,5,1,1,1,0,1,1,1,1,1,5,12,1
50496,0:3:2;0:3:3;1:3:3;1:3:3,4,0,1,1,0,0,1,1,1,1,1,5,12,14
50497,0:3:2;0:3:3;1:3:3;1:3:3,4,1,1,1,1,0,1,1,1,1,1,5,12,14
50498,0:3:2;0:3:3;1:3:3;1:3:3,4,2,1,1,1,0,1,1,1,1,1,5,12,3
50499,0:3:2;0:3:3;1:3:3;1:3:3,4,3,1,1,1,0,1,1,1,1,1,5,12,3
50500,0:3:2;0:3:3;1:3:3;1:3:3,4,4,1,1,1,0,1,1,1,1,1,5,12,3
50501,0:3:2;0:3:3;1:3:3;1:3:3,4,5,1,1,1,0,1,1,1,1,1,5,12,1
50502,0:3:2;0:3:3;1:3:3;1:3:3,5,0,1,1,1,0,1,1,1,1,1,5,12,14
50503,0:3:2;0:3:3;1:3:3;1:3:3,5,1,1,1,1,0,1,1,1,1,1,5,12,14
50504,0:3:2;0:3:3;1:3:3;1:3:3,5,2,1,1,1,0,1,1,1,1,1,5,12,3
50505,0:3:2;0:3:3;1:3:3;1:3:3,5,3,1,1,1,0,1,1,1,1,1,5,12,3
50506,0:3:2;0:3:3;1:3:3;1:3:3,5,4,1,1,1,0,1,1,1,1,1,5,12,3
50507,0:3:2;0:3:3;1:3:3;1:3:3,5,5,1,1,1,0,1,1,1,1,1,5,12,1
50508,0:3:2;0:3:3;1:3:3;1:4:3,0,0,1,0,0,1,0,0,0,0,0,1,1,24
50509,0:3:2;0:3:3;1:3:3;1:4:3,0,1,1,0,0,1,0,0,0,0,0,1,3,24
50510,0:3:2;0:3:3;1:3:3;1:4:3,0,2,1,1,0,0,1,1,1,1,1,5,12,3
50511,0:3:2;0:3:3;1:3:3;1:4:3,0,3,1,1,0,0,1,1,1,1,1,5,12,3
50512,0:3:2;0:3:3;1:3:3;1:4:3,0,4,1,1,0,0,1,1,1,1,1,5,12,3
50513,0:3:2;0:3:3;1:3:3;1:4:3,0,5,1,1,1,0,1,1,1,1,1,5,12,1
50514,0:3:2;0:3:3;1:3:3;1:4:3,1,0,1,0,0,1,0,0,0,0,0,1,3,24
50515,0:3:2;0:3:3;1:3:3;1:4:3,1,1,1,0,0,1,0,0,0,0,0,1,9,24
50516,0:3:2;0:3:3;1:3:3;1:4:3,1,2,1,1,0,0,1,1,1,1,1,5,12,3
50517,0:3:2;0:3:3;1:3:3;1:4:3,1,3,1,1,0,0,1,1,1,1,1,5,12,3
50518,0:3:2;0:3:3;1:3:3;1:4:3,1,4,1,1,1,0,1,1,1,1,1,5,12,3
50519,0:3:2;0:3:3;1:3:3;1:4:3,1,5,1,1,1,0,1,1,1,1,1,5,12,1
50520,0:3:2;0:3:3;1:3:3;1:4:3,2,0,1,0,0,1,0,0,0,0,0,1,6,24
50521,0:3:2;0:3:3;1:3:3;1:4:3,2,1,1,0,0,1,0,0,0,0,0,1,18,24
50522,0:3:2;0:3:3;1:3:3;1:4:3,2,2,1,1,0,0,1,1,1,1,1,5,12,3
50523,0:3:2;0:3:3;1:3:3;1:4:3,2,3,1,1,1,0,1,1,1,1,1,5,12,3
50524,0:3:2;0:3:3;1:3:3;1:4:3,2,4,1,1,1,0,1,1,1,1,1,5,12,3
50525,0:3:2;0:3:3;1:3:3;1:4:3,2,5,1,1,1,0,1,1,1,1,1,5,12,1
50526,0:3:2;0:3:3;1:3:3;1:4:3,3,0,1,1,0,0,1,1,1,1,1,5,12,14
50527,0:3:2;0:3:3;1:3:3;1:4:3,3,1,1,1,0,0,1,1,1,1,1,5,12,14
50528,0:3:2;0:3:3;1:3:3;1:4:3,3,2,1,1,1,0,1,1,1,1,1,5,12,3
50529,0:3:2;0:3:3;1:3:3;1:4:3,3,3,1,1,1,0,1,1,1,1,1,5,12,3
50530,0:3:2;0:3:3;1:3:3;1:4:3,3,4,1,1,1,0,1,1,1,1,1,5,12,3
50531,0:3:2;0:3:3;1:3:3;1:4:3,3,5,1,1,1,0,1,1,1,1,1,5,12,1
50532,0:3:2;0:3:3;1:3:3;1:4:3,4,0,1,1,0,0,1,1,1,1,1,5,12,14
50533,0:3:2;0:3:3;1:3:3;1:4:3,4,1,1,1,1,0,1,1,1,1,1,5,12,14
50534,0:3:2;0:3:3;1:3:3;1:4:3,4,2,1,1,1,0,1,1,1,1,1,5,12,3
50535,0:3:2;0:3:3;1:3:3;1:4:3,4,3,1,1,1,0,1,1,1,1,1,5,12,3
50536,0:3:2;0:3:3;1:3:3;1:4:3,4,4,1,1,1,0,1,1,1,1,1,5,12,3
50537,0:3:2;0:3:3;1:3:3;1:4:3,4,5,1,1,1,0,1,1,1,1,1,5,12,1
50538,0:3:2;0:3:3;1:3:3;1:4:3,5,0,1,1,1,0,1,1,1,1,1,5,12,14
50539,0:3:2;0:3:3;1:3:3;1:4:3,5,1,1,1,1,0,1,1,1,1,1,5,12,14
50540,0:3:2;0:3:3;1:3:3;1:4:3,5,2,1,1,1,0,1,1,1,1,1,5,12,3
50541,0:3:2;0:3:3;1:3:3;1:4:3,5,3,1,1,1,0,1,1,1,1,1,5,12,3
50542,0:3:2;0:3:3;1:3:3;1:4:3,5,4,1,1,1,0,1,1,1,1,1,5,12,3
50543,0:3:2;0:3:3;1:3:3;1:4:3,5,5,1,1,1,0,1,1,1,1,1,5,12,1
50544,0:3:2;0:3:3;1:4:3;1:4:3,0,0,1,0,0,1,0,0,0,0,0,1,1,24
50545,0:3:2;0:3:3;1:4:3;1:4:3,0,1,1,0,0,1,0,0,0,0,0,1,3,24
50546,0:3:2;0:3:3;1:4:3;1:4:3,0,2,1,1,0,0,1,1,1,1,1,5,12,3
50547,0:3:2;0:3:3;1:4:3;1:4:3,0,3,1,1,0,0,1,1,1,1,1,5,12,3
50548,0:3:2;0:3:3;1:4:3;1:4:3,0,4,1,1,0,0,1,1,1,1,1,5,12,3
50549,0:3:2;0:3:3;1:4:3;1:4:3,0,5,1,1,1,0,1,1,1,1,1,5,12,1
50550,0:3:2;0:3:3;1:4:3;1:4:3,1,0,1,0,0,1,0,0,0,0,0,1,3,24
50551,0:3:2;0:3:3;1:4:3;1:4:3,1,1,1,0,0,1,0,0,0,0,0,1,9,24
50552,0:3:2;0:3:3;1:4:3;1:4:3,1,2,1,1,0,0,1,1,1,1,1,5,12,3
50553,0:3:2;0:3:3;1:4:3;1:4:3,1,3,1,1,0,0,1,1,1,1,1,5,12,3
50554,0:3:2;0:3:3;1:4:3;1:4:3,1,4,1,1,1,0,1,1,1,1,1,5,12,3
50555,0:3:2;0:3:3;1:4:3;1:4:3,1,5,1,1,1,0,1,1,1,1,1,5,12,1
50556,0:3:2;0:3:3;1:4:3;1:4:3,2,0,1,0,0,1,0,0,0,0,0,1,6,24
50557,0:3:2;0:3:3;1:4:3;1:4:3,2,1,1,0,0,1,0,0,0,0,0,1,18,24
50558,0:3:2;0:3:3;1:4:3;1:4:3,2,2,1,1,0,0,1,1,1,1,1,5,12,3
50559,0:3:2;0:3:3;1:4:3;1:4:3,2,3,1,1,1,0,1,1,1,1,1,5,12,3
50560,0:3:2;0:3:3;1:4:3;1:4:3,2,4,1,1,1,0,1,1,1,1,1,5,12,3
50561,0:3:2;0:3:3;1:4:3;1:4:3,2,5,1,1,1,0,1,1,1,1,1,5,12,1
50562,0:3:2;0:3:3;1:4:3;1:4:3,3,0,1,1,0,0,1,1,1,1,1,5,12,14
50563,0:3:2;0:3:3;1:4:3;1:4:3,3,1,1,1,0,0,1,1,1,1,1,5,12,13
50564,0:3:2;0:3:3;1:4:3;1:4:3,3,2,1,1,1,0,1,1,1,1,1,5,12,3
50565,0:3:2;0:3:3;1:4:3;1:4:3,3,3,1,1,1,0,1,1,1,1,1,5,12,3
50566,0:3:2;0:3:3;1:4:3;1:4:3,3,4,1,1,1,0,1,1,1,1,1,5,12,3
50567,0:3:2;0:3:3;1:4:3;1:4:3,3,5,1,1,1,0,1,1,1,1,1,5,12,1
50568,0:3:2;0:3:3;1:4:3;1:4:3,4,0,1,1,0,0,1,1,1,1,1,5,12,14
50569,0:3:2;0:3:3;1:4:3;1:4:3,4,1,1,1,1,0,1,1,1,1,1,5,12,13
50570,0:3:2;0:3:3;1:4:3;1:4:3,4,2,1,1,1,0,1,1,1,1,1,5,12,3
50571,0:3:2;0:3:3;1:4:3;1:4:3,4,3,1,1,1,0,1,1,1,1,1,5,12,3
50572,0:3:2;0:3:3;1:4:3;1:4:3,4,4,1,1,1,0,1,1,1,1,1,5,12,3
50573,0:3:2;0:3:3;1:4:3;1:4:3,4,5,1,1,1,0,1,1,1,1,1,5,12,1
50574,0:3:2;0:3:3;1:4:3;1:4:3,5,0,1,1,1,0,1,1,1,1,1,5,12,14
50575,0:3:2;0:3:3;1:4:3;1:4:3,5,1,1,1,1,0,1,1,1,1,1,5,12,13
50576,0:3:2;0:3:3;1:4:3;1:4:3,5,2,1,1,1,0,1,1,1,1,1,5,12,3
50577,0:3:2;0:3:3;1:4:3;1:4:3,5,3,1,1,1,0,1,1,1,1,1,5,12,3
50578,0:3:2;0:3:3;1:4:3;1:4:3,5,4,1,1,1,0,1,1,1,1,1,5,12,3
50579,0:3:2;0:3:3;1:4:3;1:4:3,5,5,1,1,1,0,1,1,1,1,1,5,12,1
50580,0:3:2;0:4:3;0:4:3;0:4:3,0,0,0,0,0,1,0,0,0,0,0,0,1,24
50581,0:3:2;0:4:3;0:4:3;0:4:3,0,1,0,0,0,1,0,0,0,0,0,0,5,24
50582,0:3:2;0:4:3;0:4:3;0:4:3,0,2,0,0,0,1,0,0,0,0,0,0,15,24
50583,0:3:2;0:4:3;0:4:3;0:4:3,0,3,0,0,0,1,0,0,0,0,0,0,34,24
50584,0:3:2;0:4:3;0:4:3;0:4:3,0,4,0,0,0,1,0,0,0,0,0,0,62,24
50585,0:3:2;0:4:3;0:4:3;0:4:3,0,5,0,0,0,1,0,0,0,0,0,0,96,24
50586,0:3:2;0:4:3;0:4:3;0:4:3,1,0,0,0,0,1,0,0,0,0,0,0,1,24
50587,0:3:2;0:4:3;0:4:3;0:4:3,1,1,0,0,0,1,0,0,0,0,0,0,5,24
50588,0:3:2;0:4:3;0:4:3;0:4:3,1,2,0,0,0,1,0,0,0,0,0,0,15,24
50589,0:3:2;0:4:3;0:4:3;0:4:3,1,3,0,0,0,1,0,0,0,0,0,0,34,24
50590,0:3:2;0:4:3;0:4:3;0:4:3,1,4,0,0,0,1,0,0,0,0,0,0,62,24
50591,0:3:2;0:4:3;0:4:3;0:4:3,1,5,0,0,0,1,0,0,0,0,0,0,96,24
50592,0:3:2;0:4:3;0:4:3;0:4:3,2,0,0,0,0,1,0,0,0,0,0,0,1,24
50593,0:3:2;0:4:3;0:4:3;0:4:3,2,1,0,0,0,1,0,0,0,0,0,0,5,24
50594,0:3:2;0:4:3;0:4:3;0:4:3,2,2,0,0,0,1,0,0,0,0,0,0,15,24
50595,0:3:2;0:4:3;0:4:3;0:4:3,2,3,0,0,0,1,0,0,0,0,0,0,34,24
50596,0:3:2;0:4:3;0:4:3;0:4:3,2,4,0,0,0,1,0,0,0,0,0,0,62,24
50597,0:3:2;0:4:3;0:4:3;0:4:3,2,5,0,0,0,1,0,0,0,0,0,0,96,24
50598,0:3:2;0:4:3;0:4:3;0:4:3,3,0,0,0,0,1,0,0,0,0,0,0,1,24
50599,0:3:2;0:4:3;0:4:3;0:4:3,3,1,0,0,0,1,0,0,0,0,0,0,5,24
50600,0:3:2;0:4:3;0:4:3;0:4:3,3,2,0,0,0,1,0,0,0,0,0,0,15,24
50601,0:3:2;0:4:3;0:4:3;0:4:3,3,3,0,0,0,1,0,0,0,0,0,0,34,24
50602,0:3:2;0:4:3;0:4:3;0:4:3,3,4,0,0,0,1,0,0,0,0,0,0,62,24
50603,0:3:2;0:4:3;0:4:3;0:4:3,3,5,0,0,0,1,0,0,0,0,0,0,96,24
50604,0:3:2;0:4:3;0:4:3;0:4:3,4,0,0,0,0,1,0,0,0,0,0,0,1,24
50605,0:3:2;0:4:3;0:4:3;0:4:3,4,1,0,0,0,1,0,0,0,0,0,0,5,24
50606,0:3:2;0:4:3;0:4:3;0:4:3,4,2,0,0,0,1,0,0,0,0,0,0,15,24
50607,0:3:2;0:4:3;0:4:3;0:4:3,4,3,0,0,0,1,0,0,0,0,0,0,34,24
50608,0:3:2;0:4:3;0:4:3;0:4:3,4,4,0,0,0,1,0,0,0,0,0,0,62,24
50609,0:3:2;0:4:3;0:4:3;0:4:3,4,5,0,0,0,1,0,0,0,0,0,0,96,24
50610,0:3:2;0:4:3;0:4:3;0:4:3,5,0,0,0,0,1,0,0,0,0,0,0,1,24
50611,0:3:2;0:4:3;0:4:3;0:4:3,5,1,0,0,0,1,0,0,0,0,0,0,5,24
50612,0:3:2;0:4:3;0:4:3;0:4:3,5,2,0,0,0,1,0,0,0,0,0,0,15,24
50613,0:3:2;0:4:3;0:4:3;0:4:3,5,3,0,0,0,1,0,0,0,0,0,0,34,24
50614,0:3:2;0:4:3;0:4:3;0:4:3,5,4,0,0,0,1,0,0,0,0,0,0,62,24
50615,0:3:2;0:4:3;0:4:3;0:4:3,5,5,0,0,0,1,0,0,0,0,0,0,96,24
50616,0:3:2;0:4:3;0:4:3;1:1:1,0,0,0,0,0,1,0,0,0,0,0,0,1,24
50617,0:3:2;0:4:3;0:4:3;1:1:1,0,1,0,0,0,1,0,0,0,0,0,0,4,24
50618,0:3:2;0:4:3;0:4:3;1:1:1,0,2,0,0,0,1,0,0,0,0,0,0,13,24
50619,0:3:2;0:4:3;0:4:3;1:1:1,0,3,0,0,0,1,0,0,0,0,0,0,31,24
50620,0:3:2;0:4:3;0:4:3;1:1:1,0,4,0,0,0,1,0,0,0,0,0,0,49,24
50621,0:3:2;0:4:3;0:4:3;1:1:1,0,5,0,0,0,1,0,0,0,0,0,0,64,24
50622,0:3:2;0:4:3;0:4:3;1:1:1,1,0,0,0,0,1,0,0,0,0,0,0,5,24
50623,0:3:2;0:4:3;0:4:3;1:1:1,1,1,0,0,0,1,0,0,0,0,0,0,14,24
50624,0:3:2;0:4:3;0:4:3;1:1:1,1,2,0,0,0,1,0,0,0,0,0,0,29,24
50625,0:3:2;0:4:3;0:4:3;1:1:1,1,3,0,0,0,1,0,0,0,0,0,0,48,24
50626,0:3:2;0:4:3;0:4:3;1:1:1,1,4,0,0,0,1,0,0,0,0,0,0,67,24
50627,0:3:2;0:4:3;0:4:3;1:1:1,1,5,0,0,0,1,0,0,0,0,0,0,82,24
50628,0:3:2;0:4:3;0:4:3;1:1:1,2,0,0,0,0,1,0,0,0,0,0,0,5,24
50629,0:3:2;0:4:3;0:4:3;1:1:1,2,1,0,0,0,1,0,0,0,0,0,0,14,24
50630,0:3:2;0:4:3;0:4:3;1:1:1,2,2,0,0,0,1,0,0,0,0,0,0,29,24
50631,0:3:2;0:4:3;0:4:3;1:1:1,2,3,0,0,0,1,0,0,0,0,0,0,48,24
50632,0:3:2;0:4:3;0:4:3;1:1:1,2,4,0,0,0,1,0,0,0,0,0,0,67,24
50633,0:3:2;0:4:3;0:4:3;1:1:1,2,5,0,0,0,1,0,0,0,0,0,0,82,24
50634,0:3:2;0:4:3;0:4:3;1:1:1,3,0,0,0,0,1,0,0,0,0,0,0,5,24
50635,0:3:2;0:4:3;0:4:3;1:1:1,3,1,0,0,0,1,0,0,0,0,0,0,14,24
50636,0:3:2;0:4:3;0:4:3;1:1:1,3,2,0,0,0,1,0,0,0,0,0,0,29,24
50637,0:3:2;0:4:3;0:4:3;1:1:1,3,3,0,0,0,1,0,0,0,0,0,0,48,24
50638,0:3:2;0:4:3;0:4:3;1:1:1,3,4,0,0,0,1,0,0,0,0,0,0,67,24
50639,0:3:2;0:4:3;0:4:3;1:1:1,3,5,0,0,0,1,0,0,0,0,0,0,82,24
50640,0:3:2;0:4:3;0:4:3;1:1:1,4,0,0,0,0,1,0,0,0,0,0,0,5,24
50641,0:3:2;0:4:3;0:4:3;1:1:1,4,1,0,0,0,1,0,0,0,0,0,0,14,24
50642,0:3:2;0:4:3;0:4:3;1:1:1,4,2,0,0,0,1,0,0,0,0,0,0,29,24
50643,0:3:2;0:4:3;0:4:3;1:1:1,4,3,0,0,0,1,0,0,0,0,0,0,48,24
50644,0:3:2;0:4:3;0:4:3;1:1:1,4,4,0,0,0,1,0,0,0,0,0,0,67,24
50645,0:3:2;0:4:3;0:4:3;1:1:1,4,5,0,0,0,1,0,0,0,0,0,0,82,24
50646,0:3:2;0:4:3;0:4:3;1:1:1,5,0,0,0,0,1,0,0,0,0,0,0,5,24
50647,0:3:2;0:4:3;0:4:3;1:1:1,5,1,0,0,0,1,0,0,0,0,0,0,14,24
50648,0:3:2;0:4:3;0:4:3;1:1:1,5,2,0,0,0,1,0,0,0,0,0,0,29,24
50649,0:3:2;0:4:3;0:4:3;1:1:1,5,3,0,0,0,1,0,0,0,0,0,0,48,24
50650,0:3:2;0:4:3;0:4:3;1:1:1,5,4,0,0,0,1,0,0,0,0,0,0,67,24
50651,0:3:2;0:4:3;0:4:3;1:1:1,5,5,0,0,0,1,0,0,0,0,0,0,82,24
50652,0:3:2;0:4:3;0:4:3;1:2:1,0,0,0,0,0,1,0,0,0,0,0,0,1,24
50653,0:3:2;0:4:3;0:4:3;1:2:1,0,1,0,0,0,1,0,0,0,0,0,0,4,24
50654,0:3:2;0:4:3;0:4:3;1:2:1,0,2,0,0,0,1,0,0,0,0,0,0,16,24
50655,0:3:2;0:4:3;0:4:3;1:2:1,0,3,0,0,0,1,0,0,0,0,0,0,39,24
50656,0:3:2;0:4:3;0:4:3;1:2:1,0,4,0,0,0,1,0,0,0,0,0,0,55,24
50657,0:3:2;0:4:3;0:4:3;1:2:1,0,5,0,0,0,1,0,0,0,0,0,0,67,24
50658,0:3:2;0:4:3;0:4:3;1:2:1,1,0,0,0,0,1,0,0,0,0,0,0,11,24
50659,0:3:2;0:4:3;0:4:3;1:2:1,1,1,0,0,0,1,0,0,0,0,0,0,23,24
50660,0:3:2;0:4:3;0:4:3;1:2:1,1,2,0,0,0,1,0,0,0,0,0,0,39,24
50661,0:3:2;0:4:3;0:4:3;1:2:1,1,3,0,0,0,1,0,0,0,0,0,0,57,24
50662,0:3:2;0:4:3;0:4:3;1:2:1,1,4,0,0,0,1,0,0,0,0,0,0,73,24
50663,0:3:2;0:4:3;0:4:3;1:2:1,1,5,0,0,0,1,0,0,0,0,0,0,85,24
50664,0:3:2;0:4:3;0:4:3;1:2:1,2,0,0,0,0,1,0,0,0,0,0,0,11,24
50665,0:3:2;0:4:3;0:4:3;1:2:1,2,1,0,0,0,1,0,0,0,0,0,0,23,24
50666,0:3:2;0:4:3;0:4:3;1:2:1,2,2,0,0,0,1,0,0,0,0,0,0,39,24
50667,0:3:2;0:4:3;0:4:3;1:2:1,2,3,0,0,0,1,0,0,0,0,0,0,57,24
50668,0:3:2;0:4:3;0:4:3;1:2:1,2,4,0,0,0,1,0,0,0,0,0,0,73,24
50669,0:3:2;0:4:3;0:4:3;1:2:1,2,5,0,0,0,1,0,0,0,0,0,0,85,24
50670,0:3:2;0:4:3;0:4:3;1:2:1,3,0,0,0,0,1,0,0,0,0,0,0,11,24
50671,0:3:2;0:4:3;0:4:3;1:2:1,3,1,0,0,0,1,0,0,0,0,0,0,23,24
50672,0:3:2;0:4:3;0:4:3;1:2:1,3,2,0,0,0,1,0,0,0,0,0,0,39,24
50673,0:3:2;0:4:3;0:4:3;1:2:1,3,3,0,0,0,1,0,0,0,0,0,0,57,24
50674,0:3:2;0:4:3;0:4:3;1:2:1,3,4,0,0,0,1,0,0,0,0,0,0,73,24
50675,0:3:2;0:4:3;0:4:3;1:2:1,3,5,0,0,0,1,0,0,0,0,0,0,85,24
50676,0:3:2;0:4:3;0:4:3;1:2:1,4,0,0,0,0,1,0,0,0,0,0,0,11,24
50677,0:3:2;0:4:3;0:4:3;1:2:1,4,1,0,0,0,1,0,0,0,0,0,0,23,24
50678,0:3:2;0:4:3;0:4:3;1:2:1,4,2,0,0,0,1,0,0,0,0,0,0,39,24
50679,0:3:2;0:4:3;0:4:3;1:2:1,4,3,0,0,0,1,0,0,0,0,0,0,57,24
50680,0:3:2;0:4:3;0:4:3;1:2:1,4,4,0,0,0,1,0,0,0,0,0,0,73,24
50681,0:3:2;0:4:3;0:4:3;1:2:1,4,5,0,0,0,1,0,0,0,0,0,0,85,24
50682,0:3:2;0:4:3;0:4:3;1:2:1,5,0,0,0,0,1,0,0,0,0,0,0,11,24
50683,0:3:2;0:4:3;0:4:3;1:2:1,5,1,0,0,0,1,0,0,0,0,0,0,23,24
50684,0:3:2;0:4:3;0:4:3;1:2:1,5,2,0,0,0,1,0,0,0,0,0,0,39,24
50685,0:3:2;0:4:3;0:4:3;1:2:1,5,3,0,0,0,1,0,0,0,0,0,0,57,24
50686,0:3:2;0:4:3;0:4:3;1:2:1,5,4,0,0,0,1,0,0,0,0,0,0,73,24
50687,0:3:2;0:4:3;0:4:3;1:2:1,5,5,0,0,0,1,0,0,0,0,0,0,85,24
50688,0:3:2;0:4:3;0:4:3;1:2:2,0,0,0,0,0,1,0,0,0,0,0,0,1,24
50689,0:3:2;0:4:3;0:4:3;1:2:2,0,1,0,0,0,1,0,0,0,0,0,0,4,24
50690,0:3:2;0:4:3;0:4:3;1:2:2,0,2,0,0,0,1,0,0,0,0,0,0,17,24
50691,0:3:2;0:4:3;0:4:3;1:2:2,0,3,0,0,0,1,0,0,0,0,0,0,44,24
50692,0:3:2;0:4:3;0:4:3;1:2:2,0,4,0,0,0,1,0,0,0,0,0,0,67,24
50693,0:3:2;0:4:3;0:4:3;1:2:2,0,5,0,0,0,1,0,0,0,0,0,0,87,24
50694,0:3:2;0:4:3;0:4:3;1:2:2,1,0,0,0,0,1,0,0,0,0,0,0,2,24
50695,0:3:2;0:4:3;0:4:3;1:2:2,1,1,0,0,0,1,0,0,0,0,0,0,8,24
50696,0:3:2;0:4:3;0:4:3;1:2:2,1,2,0,0,0,1,0,0,0,0,0,0,26,24
50697,0:3:2;0:4:3;0:4:3;1:2:2,1,3,0,0,0,1,0,0,0,0,0,0,58,24
50698,0:3:2;0:4:3;0:4:3;1:2:2,1,4,0,0,0,1,0,0,0,0,0,0,84,24
50699,0:3:2;0:4:3;0:4:3;1:2:2,1,5,0,0,0,1,0,0,0,0,0,0,105,24
50700,0:3:2;0:4:3;0:4:3;1:2:2,2,0,0,0,0,1,0,0,0,0,0,0,12,24
50701,0:3:2;0:4:3;0:4:3;1:2:2,2,1,0,0,0,1,0,0,0,0,0,0,27,24
50702,0:3:2;0:4:3;0:4:3;1:2:2,2,2,0,0,0,1,0,0,0,0,0,0,49,24
50703,0:3:2;0:4:3;0:4:3;1:2:2,2,3,0,0,0,1,0,0,0,0,0,0,76,24
50704,0:3:2;0:4:3;0:4:3;1:2:2,2,4,0,0,0,1,0,0,0,0,0,0,102,24
50705,0:3:2;0:4:3;0:4:3;1:2:2,2,5,0,0,0,1,0,0,0,0,0,0,123,24
50706,0:3:2;0:4:3;0:4:3;1:2:2,3,0,0,0,0,1,0,0,0,0,0,0,12,24
50707,0:3:2;0:4:3;0:4:3;1:2:2,3,1,0,0,0,1,0,0,0,0,0,0,27,24
50708,0:3:2;0:4:3;0:4:3;1:2:2,3,2,0,0,0,1,0,0,0,0,0,0,49,24
50709,0:3:2;0:4:3;0:4:3;1:2:2,3,3,0,0,0,1,0,0,0,0,0,0,76,24
50710,0:3:2;0:4:3;0:4:3;1:2:2,3,4,0,0,0,1,0,0,0,0,0,0,102,24
50711,0:3:2;0:4:3;0:4:3;1:2:2,3,5,0,0,0,1,0,0,0,0,0,0,123,24
50712,0:3:2;0:4:3;0:4:3;1:2:2,4,0,0,0,0,1,0,0,0,0,0,0,12,24
50713,0:3:2;0:4:3;0:4:3;1:2:2,4,1,0,0,0,1,0,0,0,0,0,0,27,24
50714,0:3:2;0:4:3;0:4:3;1:2:2,4,2,0,0,0,1,0,0,0,0,0,0,49,24
50715,0:3:2;0:4:3;0:4:3;1:2:2,4,3,0,0,0,1,0,0,0,0,0,0,76,24
50716,0:3:2;0:4:3;0:4:3;1:2:2,4,4,0,0,0,1,0,0,0,0,0,0,102,24
50717,0:3:2;0:4:3;0:4:3;1:2:2,4,5,0,0,0,1,0,0,0,0,0,0,123,24
50718,0:3:2;0:4:3;0:4:3;1:2:2,5,0,0,0,0,1,0,0,0,0,0,0,12,24
50719,0:3:2;0:4:3;0:4:3;1:2:2,5,1,0,0,0,1,0,0,0,0,0,0,27,24
50720,0:3:2;0:4:3;0:4:3;1:2:2,5,2,0,0,0,1,0,0,0,0,0,0,49,24
50721,0:3:2;0:4:3;0:4:3;1:2:2,5,3,0,0,0,1,0,0,0,0,0,0,76,24
50722,0:3:2;0:4:3;0:4:3;1:2:2,5,4,0,0,0,1,0,0,0,0,0,0,102,24
50723,0:3:2;0:4:3;0:4:3;1:2:2,5,5,0,0,0,1,0,0,0,0,0,0,123,24
50724,0:3:2;0:4:3;0:4:3;1:3:2,0,0,0,0,0,1,0,0,0,0,0,0,1,24
50725,0:3:2;0:4:3;0:4:3;1:3:2,0,1,0,0,0,1,0,0,0,0,0,0,4,24
50726,0:3:2;0:4:3;0:4:3;1:3:2,0,2,0,0,0,1,0,0,0,0,0,0,21,24
50727,0:3:2;0:4:3;0:4:3;1:3:2,0,3,0,0,0,1,0,0,0,0,0,0,50,24
50728,0:3:2;0:4:3;0:4:3;1:3:2,0,4,0,0,0,1,0,0,0,0,0,0,70,24
50729,0:3:2;0:4:3;0:4:3;1:3:2,0,5,1,1,1,0,1,1,1,1,1,5,11,2
50730,0:3:2;0:4:3;0:4:3;1:3:2,1,0,0,0,0,1,0,0,0,0,0,0,2,24
50731,0:3:2;0:4:3;0:4:3;1:3:2,1,1,0,0,0,1,0,0,0,0,0,0,8,24
50732,0:3:2;0:4:3;0:4:3;1:3:2,1,2,0,0,0,1,0,0,0,0,0,0,30,24
50733,0:3:2;0:4:3;0:4:3;1:3:2,1,3,0,0,0,1,0,0,0,0,0,0,64,24
50734,0:3:2;0:4:3;0:4:3;1:3:2,1,4,0,0,0,1,0,0,0,0,0,0,87,24
50735,0:3:2;0:4:3;0:4:3;1:3:2,1,5,1,1,1,0,1,1,1,1,1,5,11,2
50736,0:3:2;0:4:3;0:4:3;1:3:2,2,0,0,0,0,1,0,0,0,0,0,0,21,24
50737,0:3:2;0:4:3;0:4:3;1:3:2,2,1,0,0,0,1,0,0,0,0,0,0,37,24
50738,0:3:2;0:4:3;0:4:3;1:3:2,2,2,0,0,0,1,0,0,0,0,0,0,58,24
50739,0:3:2;0:4:3;0:4:3;1:3:2,2,3,0,0,0,1,0,0,0,0,0,0,82,24
50740,0:3:2;0:4:3;0:4:3;1:3:2,2,4,0,0,0,1,0,0,0,0,0,0,105,24
50741,0:3:2;0:4:3;0:4:3;1:3:2,2,5,1,1,1,0,1,1,1,1,1,5,11,2
50742,0:3:2;0:4:3;0:4:3;1:3:2,3,0,0,0,0,1,0,0,0,0,0,0,21,24
50743,0:3:2;0:4:3;0:4:3;1:3:2,3,1,0,0,0,1,0,0,0,0,0,0,37,24
50744,0:3:2;0:4:3;0:4:3;1:3:2,3,2,0,0,0,1,0,0,0,0,0,0,58,24
50745,0:3:2;0:4:3;0:4:3;1:3:2,3,3,0,0,0,1,0,0,0,0,0,0,82,24
50746,0:3:2;0:4:3;0:4:3;1:3:2,3,4,0,0,0,1,0,0,0,0,0,0,105,24
50747,0:3:2;0:4:3;0:4:3;1:3:2,3,5,1,1,1,0,1,1,1,1,1,5,11,2
50748,0:3:2;0:4:3;0:4:3;1:3:2,4,0,0,0,0,1,0,0,0,0,0,0,21,24
50749,0:3:2;0:4:3;0:4:3;1:3:2,4,1,0,0,0,1,0,0,0,0,0,0,37,24
50750,0:3:2;0:4:3;0:4:3;1:3:2,4,2,0,0,0,1,0,0,0,0,0,0,58,24
50751,0:3:2;0:4:3;0:4:3;1:3:2,4,3,0,0,0,1,0,0,0,0,0,0,82,24
50752,0:3:2;0:4:3;0:4:3;1:3:2,4,4,0,0,0,1,0,0,0,0,0,0,105,24
50753,0:3:2;0:4:3;0:4:3;1:3:2,4,5,1,1,1,0,1,1,1,1,1,5,11,2
50754,0:3:2;0:4:3;0:4:3;1:3:2,5,0,0,0,0,1,0,0,0,0,0,0,21,24
50755,0:3:2;0:4:3;0:4:3;1:3:2,5,1,0,0,0,1,0,0,0,0,0,0,37,24
50756,0:3:2;0:4:3;0:4:3;1:3:2,5,2,0,0,0,1,0,0,0,0,0,0,58,24
50757,0:3:2;0:4:3;0:4:3;1:3:2,5,3,0,0,0,1,0,0,0,0,0,0,82,24
50758,0:3:2;0:4:3;0:4:3;1:3:2,5,4,0,0,0,1,0,0,0,0,0,0,105,24
50759,0:3:2;0:4:3;0:4:3;1:3:2,5,5,1,1,1,0,1,1,1,1,1,5,11,2
50760,0:3:2;0:4:3;0:4:3;1:3:3,0,0,0,0,0,1,0,0,0,0,0,0,1,24
50761,0:3:2;0:4:3;0:4:3;1:3:3,0,1,0,0,0,1,0,0,0,0,0,0,4,24
50762,0:3:2;0:4:3;0:4:3;1:3:3,0,2,0,0,0,1,0,0,0,0,0,0,22,24
50763,0:3:2;0:4:3;0:4:3;1:3:3,0,3,0,0,0,1,0,0,0,0,0,0,55,24
50764,0:3:2;0:4:3;0:4:3;1:3:3,0,4,0,0,0,1,0,0,0,0,0,0,82,24
50765,0:3:2;0:4:3;0:4:3;1:3:3,0,5,1,1,1,0,1,1,1,1,1,5,12,2
50766,0:3:2;0:4:3;0:4:3;1:3:3,1,0,0,0,0,1,0,0,0,0,0,0,2,24
50767,0:3:2;0:4:3;0:4:3;1:3:3,1,1,0,0,0,1,0,0,0,0,0,0,8,24
50768,0:3:2;0:4:3;0:4:3;1:3:3,1,2,0,0,0,1,0,0,0,0,0,0,31,24
50769,0:3:2;0:4:3;0:4:3;1:3:3,1,3,0,0,0,1,0,0,0,0,0,0,69,24
50770,0:3:2;0:4:3;0:4:3;1:3:3,1,4,0,0,0,1,0,0,0,0,0,0,99,24
50771,0:3:2;0:4:3;0:4:3;1:3:3,1,5,1,1,1,0,1,1,1,1,1,5,12,2
50772,0:3:2;0:4:3;0:4:3;1:3:3,2,0,0,0,0,1,0,0,0,0,0,0,3,24
50773,0:3:2;0:4:3;0:4:3;1:3:3,2,1,0,0,0,1,0,0,0,0,0,0,12,24
50774,0:3:2;0:4:3;0:4:3;1:3:3,2,2,0,0,0,1,0,0,0,0,0,0,40,24
50775,0:3:2;0:4:3;0:4:3;1:3:3,2,3,0,0,0,1,0,0,0,0,0,0,83,24
50776,0:3:2;0:4:3;0:4:3;1:3:3,2,4,0,0,0,1,0,0,0,0,0,0,116,24
50777,0:3:2;0:4:3;0:4:3;1:3:3,2,5,1,1,1,0,1,1,1,1,1,5,12,2
50778,0:3:2;0:4:3;0:4:3;1:3:3,3,0,0,0,0,1,0,0,0,0,0,0,22,24
50779,0:3:2;0:4:3;0:4:3;1:3:3,3,1,0,0,0,1,0,0,0,0,0,0,41,24
50780,0:3:2;0:4:3;0:4:3;1:3:3,3,2,0,0,0,1,0,0,0,0,0,0,68,24
50781,0:3:2;0:4:3;0:4:3;1:3:3,3,3,0,0,0,1,0,0,0,0,0,0,101,24
50782,0:3:2;0:4:3;0:4:3;1:3:3,3,4,0,0,0,1,0,0,0,0,0,0,134,24
50783,0:3:2;0:4:3;0:4:3;1:3:3,3,5,1,1,1,0,1,1,1,1,1,5,12,2
50784,0:3:2;0:4:3;0:4:3;1:3:3,4,0,0,0,0,1,0,0,0,0,0,0,22,24
50785,0:3:2;0:4:3;0:4:3;1:3:3,4,1,0,0,0,1,0,0,0,0,0,0,41,24
50786,0:3:2;0:4:3;0:4:3;1:3:3,4,2,0,0,0,1,0,0,0,0,0,0,68,24
50787,0:3:2;0:4:3;0:4:3;1:3:3,4,3,0,0,0,1,0,0,0,0,0,0,101,24
50788,0:3:2;0:4:3;0:4:3;1:3:3,4,4,0,0,0,1,0,0,0,0,0,0,134,24
50789,0:3:2;0:4:3;0:4:3;1:3:3,4,5,1,1,1,0,1,1,1,1,1,5,12,2
50790,0:3:2;0:4:3;0:4:3;1:3:3,5,0,0,0,0,1,0,0,0,0,0,0,22,24
50791,0:3:2;0:4:3;0:4:3;1:3:3,5,1,0,0,0,1,0,0,0,0,0,0,41,24
50792,0:3:2;0:4:3;0:4:3;1:3:3,5,2,0,0,0,1,0,0,0,0,0,0,68,24
50793,0:3:2;0:4:3;0:4:3;1:3:3,5,3,0,0,0,1,0,0,0,0,0,0,101,24
50794,0:3:2;0:4:3;0:4:3;1:3:3,5,4,0,0,0,1,0,0,0,0,0,0,134,24
50795,0:3:2;0:4:3;0:4:3;1:3:3,5,5,1,1,1,0,1,1,1,1,1,5,12,2
50796,0:3:2;0:4:3;0:4:3;1:4:3,0,0,0,0,0,1,0,0,0,0,0,0,1,24
50797,0:3:2;0:4:3;0:4:3;1:4:3,0,1,0,0,0,1,0,0,0,0,0,0,4,24
50798,0:3:2;0:4:3;0:4:3;1:4:3,0,2,0,0,0,1,0,0,0,0,0,0,25,24
50799,0:3:2;0:4:3;0:4:3;1:4:3,0,3,0,0,0,1,0,0,0,0,0,0,58,24
50800,0:3:2;0:4:3;0:4:3;1:4:3,0,4,1,1,0,0,1,1,1,1,1,5,12,5
50801,0:3:2;0:4:3;0:4:3;1:4:3,0,5,1,1,1,0,1,1,1,1,1,5,12,2
50802,0:3:2;0:4:3;0:4:3;1:4:3,1,0,0,0,0,1,0,0,0,0,0,0,2,24
50803,0:3:2;0:4:3;0:4:3;1:4:3,1,1,0,0,0,1,0,0,0,0,0,0,8,24
50804,0:3:2;0:4:3;0:4:3;1:4:3,1,2,0,0,0,1,0,0,0,0,0,0,34,24
50805,0:3:2;0:4:3;0:4:3;1:4:3,1,3,0,0,0,1,0,0,0,0,0,0,72,24
50806,0:3:2;0:4:3;0:4:3;1:4:3,1,4,1,1,1,0,1,1,1,1,1,5,12,5
50807,0:3:2;0:4:3;0:4:3;1:4:3,1,5,1,1,1,0,1,1,1,1,1,5,12,2
50808,0:3:2;0:4:3;0:4:3;1:4:3,2,0,0,0,0,1,0,0,0,0,0,0,3,24
50809,0:3:2;0:4:3;0:4:3;1:4:3,2,1,0,0,0,1,0,0,0,0,0,0,12,24
50810,0:3:2;0:4:3;0:4:3;1:4:3,2,2,0,0,0,1,0,0,0,0,0,0,43,24
50811,0:3:2;0:4:3;0:4:3;1:4:3,2,3,0,0,0,1,0,0,0,0,0,0,86,24
50812,0:3:2;0:4:3;0:4:3;1:4:3,2,4,1,1,1,0,1,1,1,1,1,5,12,5
50813,0:3:2;0:4:3;0:4:3;1:4:3,2,5,1,1,1,0,1,1,1,1,1,5,12,2
50814,0:3:2;0:4:3;0:4:3;1:4:3,3,0,0,0,0,1,0,0,0,0,0,0,32,24
50815,0:3:2;0:4:3;0:4:3;1:4:3,3,1,0,0,0,1,0,0,0,0,0,0,50,24
50816,0:3:2;0:4:3;0:4:3;1:4:3,3,2,0,0,0,1,0,0,0,0,0,0,74,24
50817,0:3:2;0:4:3;0:4:3;1:4:3,3,3,0,0,0,1,0,0,0,0,0,0,104,24
50818,0:3:2;0:4:3;0:4:3;1:4:3,3,4,1,1,1,0,1,1,1,1,1,5,12,5
50819,0:3:2;0:4:3;0:4:3;1:4:3,3,5,1,1,1,0,1,1,1,1,1,5,12,2
50820,0:3:2;0:4:3;0:4:3;1:4:3,4,0,0,0,0,1,0,0,0,0,0,0,32,24
50821,0:3:2;0:4:3;0:4:3;1:4:3,4,1,0,0,0,1,0,0,0,0,0,0,50,24
50822,0:3:2;0:4:3;0:4:3;1:4:3,4,2,0,0,0,1,0,0,0,0,0,0,74,24
50823,0:3:2;0:4:3;0:4:3;1:4:3,4,3,0,0,0,1,0,0,0,0,0,0,104,24
50824,0:3:2;0:4:3;0:4:3;1:4:3,4,4,1,1,1,0,1,1,1,1,1,5,12,5
50825,0:3:2;0:4:3;0:4:3;1:4:3,4,5,1,1,1,0,1,1,1,1,1,5,12,2
50826,0:3:2;0:4:3;0:4:3;1:4:3,5,0,0,0,0,1,0,0,0,0,0,0,32,24
50827,0:3:2;0:4:3;0:4:3;1:4:3,5,1,0,0,0,1,0,0,0,0,0,0,50,24
50828,0:3:2;0:4:3;0:4:3;1:4:3,5,2,0,0,0,1,0,0,0,0,0,0,74,24
50829,0:3:2;0:4:3;0:4:3;1:4:3,5,3,0,0,0,1,0,0,0,0,0,0,104,24
50830,0:3:2;0:4:3;0:4:3;1:4:3,5,4,1,1,1,0,1,1,1,1,1,5,12,5
50831,0:3:2;0:4:3;0:4:3;1:4:3,5,5,1,1,1,0,1,1,1,1,1,5,12,2
50832,0:3:2;0:4:3;1:1:1;1:1:1,0,0,0,0,0,1,0,0,0,0,0,0,1,24
50833,0:3:2;0:4:3;1:1:1;1:1:1,0,1,0,0,0,1,0,0,0,0,0,0,3,24
50834,0:3:2;0:4:3;1:1:1;1:1:1,0,2,0,0,0,1,0,0,0,0,0,0,13,24
50835,0:3:2;0:4:3;1:1:1;1:1:1,0,3,1,1,1,0,1,1,1,1,1,5,8,4
50836,0:3:2;0:4:3;1:1:1;1:1:1,0,4,1,1,1,0,1,1,1,1,1,5,8,3
50837,0:3:2;0:4:3;1:1:1;1:1:1,0,5,1,1,1,0,1,1,1,1,1,5,8,1
50838,0:3:2;0:4:3;1:1:1;1:1:1,1,0,0,0,0,1,0,0,0,0,0,0,7,24
50839,0:3:2;0:4:3;1:1:1;1:1:1,1,1,0,0,0,1,0,0,0,0,0,0,17,24
50840,0:3:2;0:4:3;1:1:1;1:1:1,1,2,0,0,0,1,0,0,0,0,0,0,29,24
50841,0:3:2;0:4:3;1:1:1;1:1:1,1,3,1,1,1,0,1,1,1,1,1,5,8,4
50842,0:3:2;0:4:3;1:1:1;1:1:1,1,4,1,1,1,0,1,1,1,1,1,5,8,3
50843,0:3:2;0:4:3;1:1:1;1:1:1,1,5,1,1,1,0,1,1,1,1,1,5,8,1
50844,0:3:2;0:4:3;1:1:1;1:1:1,2,0,0,0,0,1,0,0,0,0,0,0,13,24
50845,0:3:2;0:4:3;1:1:1;1:1:1,2,1,0,0,0,1,0,0,0,0,0,0,24,24
50846,0:3:2;0:4:3;1:1:1;1:1:1,2,2,0,0,0,1,0,0,0,0,0,0,35,24
50847,0:3:2;0:4:3;1:1:1;1:1:1,2,3,1,1,1,0,1,1,1,1,1,5,8,4
50848,0:3:2;0:4:3;1:1:1;1:1:1,2,4,1,1,1,0,1,1,1,1,1,5,8,3
50849,0:3:2;0:4:3;1:1:1;1:1:1,2,5,1,1,1,0,1,1,1,1,1,5,8,1
50850,0:3:2;0:4:3;1:1:1;1:1:1,3,0,0,0,0,1,0,0,0,0,0,0,13,24
50851,0:3:2;0:4:3;1:1:1;1:1:1,3,1,0,0,0,1,0,0,0,0,0,0,24,24
50852,0:3:2;0:4:3;1:1:1;1:1:1,3,2,0,0,0,1,0,0,0,0,0,0,35,24
50853,0:3:2;0:4:3;1:1:1;1:1:1,3,3,1,1,1,0,1,1,1,1,1,5,8,4
50854,0:3:2;0:4:3;1:1:1;1:1:1,3,4,1,1,1,0,1,1,1,1,1,5,8,3
50855,0:3:2;0:4:3;1:1:1;1:1:1,3,5,1,1,1,0,1,1,1,1,1,5,8,1
50856,0:3:2;0:4:3;1:1:1;1:1:1,4,0,0,0,0,1,0,0,0,0,0,0,13,24
50857,0:3:2;0:4:3;1:1:1;1:1:1,4,1,0,0,0,1,0,0,0,0,0,0,24,24
50858,0:3:2;0:4:3;1:1:1;1:1:1,4,2,0,0,0,1,0,0,0,0,0,0,35,24
50859,0:3:2;0:4:3;1:1:1;1:1:1,4,3,1,1,1,0,1,1,1,1,1,5,8,4
50860,0:3:2;0:4:3;1:1:1;1:1:1,4,4,1,1,1,0,1,1,1,1,1,5,8,3
50861,0:3:2;0:4:3;1:1:1;1:1:1,4,5,1,1,1,0,1,1,1,1,1,5,8,1
50862,0:3:2;0:4:3;1:1:1;1:1:1,5,0,0,0,0,1,0,0,0,0,0,0,13,24
50863,0:3:2;0:4:3;1:1:1;1:1:1,5,1,0,0,0,1,0,0,0,0,0,0,24,24
50864,0:3:2;0:4:3;1:1:1;1:1:1,5,2,0,0,0,1,0,0,0,0,0,0,35,24
50865,0:3:2;0:4:3;1:1:1;1:1:1,5,3,1,1,1,0,1,1,1,1,1,5,8,4
50866,0:3:2;0:4:3;1:1:1;1:1:1,5,4,1,1,1,0,1,1,1,1,1,5,8,3
50867,0:3:2;0:4:3;1:1:1;1:1:1,5,5,1,1,1,0,1,1,1,1,1,5,8,1
50868,0:3:2;0:4:3;1:1:1;1:2:1,0,0,0,0,0,1,0,0,0,0,0,0,1,24
50869,0:3:2;0:4:3;1:1:1;1:2:1,0,1,0,0,0,1,0,0,0,0,0,0,3,24
50870,0:3:2;0:4:3;1:1:1;1:2:1,0,2,1,1,0,0,1,1,1,1,1,5,8,4
50871,0:3:2;0:4:3;1:1:1;1:2:1,0,3,1,1,1,0,1,1,1,1,1,5,8,4
50872,0:3:2;0:4:3;1:1:1;1:2:1,0,4,1,1,1,0,1,1,1,1,1,5,8,3
50873,0:3:2;0:4:3;1:1:1;1:2:1,0,5,1,1,1,0,1,1,1,1,1,5,8,1
50874,0:3:2;0:4:3;1:1:1;1:2:1,1,0,0,0,0,1,0,0,0,0,0,0,12,24
50875,0:3:2;0:4:3;1:1:1;1:2:1,1,1,0,0,0,1,0,0,0,0,0,0,23,24
50876,0:3:2;0:4:3;1:1:1;1:2:1,1,2,1,1,1,0,1,1,1,1,1,5,8,4
50877,0:3:2;0:4:3;1:1:1;1:2:1,1,3,1,1,1,0,1,1,1,1,1,5,8,4
50878,0:3:2;0:4:3;1:1:1;1:2:1,1,4,1,1,1,0,1,1,1,1,1,5,8,3
50879,0:3:2;0:4:3;1:1:1;1:2:1,1,5,1,1,1,0,1,1,1,1,1,5,8,1
50880,0:3:2;0:4:3;1:1:1;1:2:1,2,0,0,0,0,1,0,0,0,0,0,0,19,24
50881,0:3:2;0:4:3;1:1:1;1:2:1,2,1,0,0,0,1,0,0,0,0,0,0,29,24
50882,0:3:2;0:4:3;1:1:1;1:2:1,2,2,1,1,1,0,1,1,1,1,1,5,8,4
50883,0:3:2;0:4:3;1:1:1;1:2:1,2,3,1,1,1,0,1,1,1,1,1,5,8,4
50884,0:3:2;0:4:3;1:1:1;1:2:1,2,4,1,1,1,0,1,1,1,1,1,5,8,3
50885,0:3:2;0:4:3;1:1:1;1:2:1,2,5,1,1,1,0,1,1,1,1,1,5,8,1
50886,0:3:2;0:4:3;1:1:1;1:2:1,3,0,0,0,0,1,0,0,0,0,0,0,19,24
50887,0:3:2;0:4:3;1:1:1;1:2:1,3,1,0,0,0,1,0,0,0,0,0,0,29,24
50888,0:3:2;0:4:3;1:1:1;1:2:1,3,2,1,1,1,0,1,1,1,1,1,5,8,4
50889,0:3:2;0:4:3;1:1:1;1:2:1,3,3,1,1,1,0,1,1,1,1,1,5,8,4
50890,0:3:2;0:4:3;1:1:1;1:2:1,3,4,1,1,1,0,1,1,1,1,1,5,8,3
50891,0:3:2;0:4:3;1:1:1;1:2:1,3,5,1,1,1,0,1,1,1,1,1,5,8,1
50892,0:3:2;0:4:3;1:1:1;1:2:1,4,0,0,0,0,1,0,0,0,0,0,0,19,24
50893,0:3:2;0:4:3;1:1:1;1:2:1,4,1,0,0,0,1,0,0,0,0,0,0,29,24
50894,0:3:2;0:4:3;1:1:1;1:2:1,4,2,1,1,1,0,1,1,1,1,1,5,8,4
50895,0:3:2;0:4:3;1:1:1;1:2:1,4,3,1,1,1,0,1,1,1,1,1,5,8,4
50896,0:3:2;0:4:3;1:1:1;1:2:1,4,4,1,1,1,0,1,1,1,1,1,5,8,3
50897,0:3:2;0:4:3;1:1:1;1:2:1,4,5,1,1,1,0,1,1,1,1,1,5,8,1
50898,0:3:2;0:4:3;1:1:1;1:2:1,5,0,0,0,0,1,0,0,0,0,0,0,19,24
50899,0:3:2;0:4:3;1:1:1;1:2:1,5,1,0,0,0,1,0,0,0,0,0,0,29,24
50900,0:3:2;0:4:3;1:1:1;1:2:1,5,2,1,1,1,0,1,1,1,1,1,5,8,4
50901,0:3:2;0:4:3;1:1:1;1:2:1,5,3,1,1,1,0,1,1,1,1,1,5,8,4
50902,0:3:2;0:4:3;1:1:1;1:2:1,5,4,1,1,1,0,1,1,1,1,1,5,8,3
50903,0:3:2;0:4:3;1:1:1;1:2:1,5,5,1,1,1,0,1,1,1,1,1,5,8,1
50904,0:3:2;0:4:3;1:1:1;1:2:2,0,0,0,0,0,1,0,0,0,0,0,0,1,24
50905,0:3:2;0:4:3;1:1:1;1:2:2,0,1,0,0,0,1,0,0,0,0,0,0,3,24
50906,0:3:2;0:4:3;1:1:1;1:2:2,0,2,1,1,0,0,1,1,1,1,1,5,9,4
50907,0:3:2;0:4:3;1:1:1;1:2:2,0,3,1,1,0,0,1,1,1,1,1,5,9,4
50908,0:3:2;0:4:3;1:1:1;1:2:2,0,4,1,1,1,0,1,1,1,1,1,5,9,3
50909,0:3:2;0:4:3;1:1:1;1:2:2,0,5,1,1,1,0,1,1,1,1,1,5,9,1
50910,0:3:2;0:4:3;1:1:1;1:2:2,1,0,0,0,0,1,0,0,0,0,0,0,5,24
50911,0:3:2;0:4:3;1:1:1;1:2:2,1,1,0,0,0,1,0,0,0,0,0,0,16,24
50912,0:3:2;0:4:3;1:1:1;1:2:2,1,2,1,1,0,0,1,1,1,1,1,5,9,4
50913,0:3:2;0:4:3;1:1:1;1:2:2,1,3,1,1,1,0,1,1,1,1,1,5,9,4
50914,0:3:2;0:4:3;1:1:1;1:2:2,1,4,1,1,1,0,1,1,1,1,1,5,9,3
50915,0:3:2;0:4:3;1:1:1;1:2:2,1,5,1,1,1,0,1,1,1,1,1,5,9,1
50916,0:3:2;0:4:3;1:1:1;1:2:2,2,0,0,0,0,1,0,0,0,0,0,0,16,24
50917,0:3:2;0:4:3;1:1:1;1:2:2,2,1,0,0,0,1,0,0,0,0,0,0,32,24
50918,0:3:2;0:4:3;1:1:1;1:2:2,2,2,1,1,1,0,1,1,1,1,1,5,9,4
50919,0:3:2;0:4:3;1:1:1;1:2:2,2,3,1,1,1,0,1,1,1,1,1,5,9,4
50920,0:3:2;0:4:3;1:1:1;1:2:2,2,4,1,1,1,0,1,1,1,1,1,5,9,3
50921,0:3:2;0:4:3;1:1:1;1:2:2,2,5,1,1,1,0,1,1,1,1,1,5,9,1
50922,0:3:2;0:4:3;1:1:1;1:2:2,3,0,0,0,0,1,0,0,0,0,0,0,23,24
50923,0:3:2;0:4:3;1:1:1;1:2:2,3,1,0,0,0,1,0,0,0,0,0,0,38,24
50924,0:3:2;0:4:3;1:1:1;1:2:2,3,2,1,1,1,0,1,1,1,1,1,5,9,4
50925,0:3:2;0:4:3;1:1:1;1:2:2,3,3,1,1,1,0,1,1,1,1,1,5,9,4
50926,0:3:2;0:4:3;1:1:1;1:2:2,3,4,1,1,1,0,1,1,1,1,1,5,9,3
50927,0:3:2;0:4:3;1:1:1;1:2:2,3,5,1,1,1,0,1,1,1,1,1,5,9,1
50928,0:3:2;0:4:3;1:1:1;1:2:2,4,0,0,0,0,1,0,0,0,0,0,0,23,24
50929,0:3:2;0:4:3;1:1:1;1:2:2,4,1,0,0,0,1,0,0,0,0,0,0,38,24
50930,0:3:2;0:4:3;1:1:1;1:2:2,4,2,1,1,1,0,1,1,1,1,1,5,9,4
50931,0:3:2;0:4:3;1:1:1;1:2:2,4,3,1,1,1,0,1,1,1,1,1,5,9,4
50932,0:3:2;0:4:3;1:1:1;1:2:2,4,4,1,1,1,0,1,1,1,1,1,5,9,3
50933,0:3:2;0:4:3;1:1:1;1:2:2,4,5,1,1,1,0,1,1,1,1,1,5,9,1
50934,0:3:2;0:4:3;1:1:1;1:2:2,5,0,0,0,0,1,0,0,0,0,0,0,23,24
50935,0:3:2;0:4:3;1:1:1;1:2:2,5,1,0,0,0,1,0,0,0,0,0,0,38,24
50936,0:3:2;0:4:3;1:1:1;1:2:2,5,2,1,1,1,0,1,1,1,1,1,5,9,4
50937,0:3:2;0:4:3;1:1:1;1:2:2,5,3,1,1,1,0,1,1,1,1,1,5,9,4
50938,0:3:2;0:4:3;1:1:1;1:2:2,5,4,1,1,1,0,1,1,1,1,1,5,9,3
50939,0:3:2;0:4:3;1:1:1;1:2:2,5,5,1,1,1,0,1,1,1,1,1,5,9,1
50940,0:3:2;0:4:3;1:1:1;1:3:2,0,0,0,0,0,1,0,0,0,0,0,0,1,24
50941,0:3:2;0:4:3;1:1:1;1:3:2,0,1,1,0,0,1,0,0,0,0,0,1,3,24
50942,0:3:2;0:4:3;1:1:1;1:3:2,0,2,1,1,0,0,1,1,1,1,1,5,9,4
50943,0:3:2;0:4:3;1:1:1;1:3:2,0,3,1,1,0,0,1,1,1,1,1,5,9,4
50944,0:3:2;0:4:3;1:1:1;1:3:2,0,4,1,1,1,0,1,1,1,1,1,5,9,3
50945,0:3:2;0:4:3;1:1:1;1:3:2,0,5,1,1,1,0,1,1,1,1,1,5,9,1
50946,0:3:2;0:4:3;1:1:1;1:3:2,1,0,0,0,0,1,0,0,0,0,0,0,5,24
50947,0:3:2;0:4:3;1:1:1;1:3:2,1,1,1,1,0,0,1,1,1,1,1,5,9,14
50948,0:3:2;0:4:3;1:1:1;1:3:2,1,2,1,1,0,0,1,1,1,1,1,5,9,4
50949,0:3:2;0:4:3;1:1:1;1:3:2,1,3,1,1,1,0,1,1,1,1,1,5,9,4
50950,0:3:2;0:4:3;1:1:1;1:3:2,1,4,1,1,1,0,1,1,1,1,1,5,9,3
50951,0:3:2;0:4:3;1:1:1;1:3:2,1,5,1,1,1,0,1,1,1,1,1,5,9,1
50952,0:3:2;0:4:3;1:1:1;1:3:2,2,0,0,0,0,1,0,0,0,0,0,0,22,24
50953,0:3:2;0:4:3;1:1:1;1:3:2,2,1,1,1,0,0,1,1,1,1,1,5,9,14
50954,0:3:2;0:4:3;1:1:1;1:3:2,2,2,1,1,1,0,1,1,1,1,1,5,9,4
50955,0:3:2;0:4:3;1:1:1;1:3:2,2,3,1,1,1,0,1,1,1,1,1,5,9,4
50956,0:3:2;0:4:3;1:1:1;1:3:2,2,4,1,1,1,0,1,1,1,1,1,5,9,3
50957,0:3:2;0:4:3;1:1:1;1:3:2,2,5,1,1,1,0,1,1,1,1,1,5,9,1
50958,0:3:2;0:4:3;1:1:1;1:3:2,3,0,0,0,0,1,0,0,0,0,0,0,28,24
50959,0:3:2;0:4:3;1:1:1;1:3:2,3,1,1,1,1,0,1,1,1,1,1,5,9,14
50960,0:3:2;0:4:3;1:1:1;1:3:2,3,2,1,1,1,0,1,1,1,1,1,5,9,4
50961,0:3:2;0:4:3;1:1:1;1:3:2,3,3,1,1,1,0,1,1,1,1,1,5,9,4
50962,0:3:2;0:4:3;1:1:1;1:3:2,3,4,1,1,1,0,1,1,1,1,1,5,9,3
50963,0:3:2;0:4:3;1:1:1;1:3:2,3,5,1,1,1,0,1,1,1,1,1,5,9,1
50964,0:3:2;0:4:3;1:1:1;1:3:2,4,0,0,0,0,1,0,0,0,0,0,0,28,24
50965,0:3:2;0:4:3;1:1:1;1:3:2,4,1,1,1,1,0,1,1,1,1,1,5,9,14
50966,0:3:2;0:4:3;1:1:1;1:3:2,4,2,1,1,1,0,1,1,1,1,1,5,9,4
50967,0:3:2;0:4:3;1:1:1;1:3:2,4,3,1,1,1,0,1,1,1,1,1,5,9,4
50968,0:3:2;0:4:3;1:1:1;1:3:2,4,4,1,1,1,0,1,1,1,1,1,5,9,3
50969,0:3:2;0:4:3;1:1:1;1:3:2,4,5,1,1,1,0,1,1,1,1,1,5,9,1
50970,0:3:2;0:4:3;1:1:1;1:3:2,5,0,0,0,0,1,0,0,0,0,0,0,28,24
50971,0:3:2;0:4:3;1:1:1;1:3:2,5,1,1,1,1,0,1,1,1,1,1,5,9,14
50972,0:3:2;0:4:3;1:1:1;1:3:2,5,2,1,1,1,0,1,1,1,1,1,5,9,4
50973,0:3:2;0:4:3;1:1:1;1:3:2,5,3,1,1,1,0,1,1,1,1,1,5,9,4
50974,0:3:2;0:4:3;1:1:1;1:3:2,5,4,1,1,1,0,1,1,1,1,1,5,9,3
50975,0:3:2;0:4:3;1:1:1;1:3:2,5,5,1,1,1,0,1,1,1,1,1,5,9,1
50976,0:3:2;0:4:3;1:1:1;1:3:3,0,0,0,0,0,1,0,0,0,0,0,0,1,24
50977,0:3:2;0:4:3;1:1:1;1:3:3,0,1,1,0,0,1,0,0,0,0,0,1,3,24
50978,0:3:2;0:4:3;1:1:1;1:3:3,0,2,1,1,0,1,0,0,1,0,1,6,16,5
50979,0:3:2;0:4:3;1:1:1;1:3:3,0,3,1,1,0,1,0,0,1,0,1,6,16,5
50980,0:3:2;0:4:3;1:1:1;1:3:3,0,4,1,1,0,0,1,1,1,1,1,5,10,3
50981,0:3:2;0:4:3;1:1:1;1:3:3,0,5,1,1,1,0,1,1,1,1,1,5,10,1
50982,0:3:2;0:4:3;1:1:1;1:3:3,1,0,0,0,0,1,0,0,0,0,0,0,5,24
50983,0:3:2;0:4:3;1:1:1;1:3:3,1,1,1,1,0,0,1,1,1,1,1,5,10,14
50984,0:3:2;0:4:3;1:1:1;1:3:3,1,2,1,1,0,0,1,1,1,1,1,5,10,4
50985,0:3:2;0:4:3;1:1:1;1:3:3,1,3,1,1,0,0,1,1,1,1,1,5,10,4
50986,0:3:2;0:4:3;1:1:1;1:3:3,1,4,1,1,1,0,1,1,1,1,1,5,10,3
50987,0:3:2;0:4:3;1:1:1;1:3:3,1,5,1,1,1,0,1,1,1,1,1,5,10,1
50988,0:3:2;0:4:3;1:1:1;1:3:3,2,0,0,0,0,1,0,0,0,0,0,0,9,24
50989,0:3:2;0:4:3;1:1:1;1:3:3,2,1,1,1,0,0,1,1,1,1,1,5,10,14
50990,0:3:2;0:4:3;1:1:1;1:3:3,2,2,1,1,0,0,1,1,1,1,1,5,10,4
50991,0:3:2;0:4:3;1:1:1;1:3:3,2,3,1,1,1,0,1,1,1,1,1,5,10,4
50992,0:3:2;0:4:3;1:1:1;1:3:3,2,4,1,1,1,0,1,1,1,1,1,5,10,3
50993,0:3:2;0:4:3;1:1:1;1:3:3,2,5,1,1,1,0,1,1,1,1,1,5,10,1
50994,0:3:2;0:4:3;1:1:1;1:3:3,3,0,0,0,0,1,0,0,0,0,0,0,26,24
50995,0:3:2;0:4:3;1:1:1;1:3:3,3,1,1,1,0,0,1,1,1,1,1,5,10,14
50996,0:3:2;0:4:3;1:1:1;1:3:3,3,2,1,1,1,0,1,1,1,1,1,5,10,4
50997,0:3:2;0:4:3;1:1:1;1:3:3,3,3,1,1,1,0,1,1,1,1,1,5,10,4
50998,0:3:2;0:4:3;1:1:1;1:3:3,3,4,1,1,1,0,1,1,1,1,1,5,10,3
50999,0:3:2;0:4:3;1:1:1;1:3:3,3,5,1,1,1,0,1,1,1,1,1,5,10,1
51000,0:3:2;0:4:3;1:1:1;1:3:3,4,0,0,0,0,1,0,0,0,0,0,0,32,24
51001,0:3:2;0:4:3;1:1:1;1:3:3,4,1,1,1,1,0,1,1,1,1,1,5,10,14
51002,0:3:2;0:4:3;1:1:1;1:3:3,4,2,1,1,1,0,1,1,1,1,1,5,10,4
51003,0:3:2;0:4:3;1:1:1;1:3:3,4,3,1,1,1,0,1,1,1,1,1,5,10,4
51004,0:3:2;0:4:3;1:1:1;1:3:3,4,4,1,1,1,0,1,1,1,1,1,5,10,3
51005,0:3:2;0:4:3;1:1:1;1:3:3,4,5,1,1,1,0,1,1,1,1,1,5,10,1
51006,0:3:2;0:4:3;1:1:1;1:3:3,5,0,0,0,0,1,0,0,0,0,0,0,32,24
51007,0:3:2;0:4:3;1:1:1;1:3:3,5,1,1,1,1,0,1,1,1,1,1,5,10,14
51008,0:3:2;0:4:3;1:1:1;1:3:3,5,2,1,1,1,0,1,1,1,1,1,5,10,4
51009,0:3:2;0:4:3;1:1:1;1:3:3,5,3,1,1,1,0,1,1,1,1,1,5,10,4
51010,0:3:2;0:4:3;1:1:1;1:3:3,5,4,1,1,1,0,1,1,1,1,1,5,10,3
51011,0:3:2;0:4:3;1:1:1;1:3:3,5,5,1,1,1,0,1,1,1,1,1,5,10,1
51012,0:3:2;0:4:3;1:1:1;1:4:3,0,0,1,0,0,1,0,0,0,0,0,1,1,24
51013,0:3:2;0:4:3;1:1:1;1:4:3,0,1,1,0,0,1,0,0,0,0,0,1,3,24
51014,0:3:2;0:4:3;1:1:1;1:4:3,0,2,1,1,0,1,0,0,1,1,1,6,16,5
51015,0:3:2;0:4:3;1:1:1;1:4:3,0,3,1,1,0,1,0,0,1,1,1,6,16,5
51016,0:3:2;0:4:3;1:1:1;1:4:3,0,4,1,1,0,0,1,1,1,1,1,5,10,3
51017,0:3:2;0:4:3;1:1:1;1:4:3,0,5,1,1,1,0,1,1,1,1,1,5,10,1
51018,0:3:2;0:4:3;1:1:1;1:4:3,1,0,1,0,0,1,0,0,0,0,0,2,5,24
51019,0:3:2;0:4:3;1:1:1;1:4:3,1,1,1,1,0,0,1,1,1,1,1,5,10,14
51020,0:3:2;0:4:3;1:1:1;1:4:3,1,2,1,1,0,0,1,1,1,1,1,5,10,4
51021,0:3:2;0:4:3;1:1:1;1:4:3,1,3,1,1,0,0,1,1,1,1,1,5,10,4
51022,0:3:2;0:4:3;1:1:1;1:4:3,1,4,1,1,1,0,1,1,1,1,1,5,10,3
51023,0:3:2;0:4:3;1:1:1;1:4:3,1,5,1,1,1,0,1,1,1,1,1,5,10,1
51024,0:3:2;0:4:3;1:1:1;1:4:3,2,0,1,0,0,1,0,0,0,0,0,2,9,24
51025,0:3:2;0:4:3;1:1:1;1:4:3,2,1,1,1,0,0,1,1,1,1,1,5,10,14
51026,0:3:2;0:4:3;1:1:1;1:4:3,2,2,1,1,0,0,1,1,1,1,1,5,10,4
51027,0:3:2;0:4:3;1:1:1;1:4:3,2,3,1,1,1,0,1,1,1,1,1,5,10,4
51028,0:3:2;0:4:3;1:1:1;1:4:3,2,4,1,1,1,0,1,1,1,1,1,5,10,3
51029,0:3:2;0:4:3;1:1:1;1:4:3,2,5,1,1,1,0,1,1,1,1,1,5,10,1
51030,0:3:2;0:4:3;1:1:1;1:4:3,3,0,1,1,0,1,0,0,1,1,1,6,19,20
51031,0:3:2;0:4:3;1:1:1;1:4:3,3,1,1,1,0,0,1,1,1,1,1,5,10,14
51032,0:3:2;0:4:3;1:1:1;1:4:3,3,2,1,1,1,0,1,1,1,1,1,5,10,4
51033,0:3:2;0:4:3;1:1:1;1:4:3,3,3,1,1,1,0,1,1,1,1,1,5,10,4
51034,0:3:2;0:4:3;1:1:1;1:4:3,3,4,1,1,1,0,1,1,1,1,1,5,10,3
51035,0:3:2;0:4:3;1:1:1;1:4:3,3,5,1,1,1,0,1,1,1,1,1,5,10,1
51036,0:3:2;0:4:3;1:1:1;1:4:3,4,0,1,1,0,0,1,1,1,1,1,5,10,17
51037,0:3:2;0:4:3;1:1:1;1:4:3,4,1,1,1,1,0,1,1,1,1,1,5,10,14
51038,0:3:2;0:4:3;1:1:1;1:4:3,4,2,1,1,1,0,1,1,1,1,1,5,10,4
51039,0:3:2;0:4:3;1:1:1;1:4:3,4,3,1,1,1,0,1,1,1,1,1,5,10,4
51040,0:3:2;0:4:3;1:1:1;1:4:3,4,4,1,1,1,0,1,1,1,1,1,5,10,3
51041,0:3:2;0:4:3;1:1:1;1:4:3,4,5,1,1,1,0,1,1,1,1,1,5,10,1
51042,0:3:2;0:4:3;1:1:1;1:4:3,5,0,1,1,1,0,1,1,1,1,1,5,10,17
51043,0:3:2;0:4:3;1:1:1;1:4:3,5,1,1,1,1,0,1,1,1,1,1,5,10,14
51044,0:3:2;0:4:3;1:1:1;1:4:3,5,2,1,1,1,0,1,1,1,1,1,5,10,4
51045,0:3:2;0:4:3;1:1:1;1:4:3,5,3,1,1,1,0,1,1,1,1,1,5,10,4
51046,0:3:2;0:4:3;1:1:1;1:4:3,5,4,1,1,1,0,1,1,1,1,1,5,10,3
51047,0:3:2;0:4:3;1:1:1;1:4:3,5,5,1,1,1,0,1,1,1,1,1,5,10,1
51048,0:3:2;0:4:3;1:2:1;1:2:1,0,0,0,0,0,1,0,0,0,0,0,0,1,24
51049,0:3:2;0:4:3;1:2:1;1:2:1,0,1,1,0,0,1,0,0,0,0,0,1,3,24
51050,0:3:2;0:4:3;1:2:1;1:2:1,0,2,1,1,0,0,1,1,1,1,1,5,8,4
51051,0:3:2;0:4:3;1:2:1;1:2:1,0,3,1,1,1,0,1,1,1,1,1,5,8,3
51052,0:3:2;0:4:3;1:2:1;1:2:1,0,4,1,1,1,0,1,1,1,1,1,5,8,3
51053,0:3:2;0:4:3;1:2:1;1:2:1,0,5,1,1,1,0,1,1,1,1,1,5,8,1
51054,0:3:2;0:4:3;1:2:1;1:2:1,1,0,0,0,0,1,0,0,0,0,0,0,16,24
51055,0:3:2;0:4:3;1:2:1;1:2:1,1,1,1,1,0,0,1,1,1,1,1,5,8,14
51056,0:3:2;0:4:3;1:2:1;1:2:1,1,2,1,1,1,0,1,1,1,1,1,5,8,4
51057,0:3:2;0:4:3;1:2:1;1:2:1,1,3,1,1,1,0,1,1,1,1,1,5,8,3
51058,0:3:2;0:4:3;1:2:1;1:2:1,1,4,1,1,1,0,1,1,1,1,1,5,8,3
51059,0:3:2;0:4:3;1:2:1;1:2:1,1,5,1,1,1,0,1,1,1,1,1,5,8,1
51060,0:3:2;0:4:3;1:2:1;1:2:1,2,0,0,0,0,1,0,0,0,0,0,0,24,24
51061,0:3:2;0:4:3;1:2:1;1:2:1,2,1,1,1,1,0,1,1,1,1,1,5,8,14
51062,0:3:2;0:4:3;1:2:1;1:2:1,2,2,1,1,1,0,1,1,1,1,1,5,8,4
51063,0:3:2;0:4:3;1:2:1;1:2:1,2,3,1,1,1,0,1,1,1,1,1,5,8,3
51064,0:3:2;0:4:3;1:2:1;1:2:1,2,4,1,1,1,0,1,1,1,1,1,5,8,3
51065,0:3:2;0:4:3;1:2:1;1:2:1,2,5,1,1,1,0,1,1,1,1,1,5,8,1
51066,0:3:2;0:4:3;1:2:1;1:2:1,3,0,0,0,0,1,0,0,0,0,0,0,24,24
51067,0:3:2;0:4:3;1:2:1;1:2:1,3,1,1,1,1,0,1,1,1,1,1,5,8,14
51068,0:3:2;0:4:3;1:2:1;1:2:1,3,2,1,1,1,0,1,1,1,1,1,5,8,4
51069,0:3:2;0:4:3;1:2:1;1:2:1,3,3,1,1,1,0,1,1,1,1,1,5,8,3
51070,0:3:2;0:4:3;1:2:1;1:2:1,3,4,1,1,1,0,1,1,1,1,1,5,8,3
51071,0:3:2;0:4:3;1:2:1;1:2:1,3,5,1,1,1,0,1,1,1,1,1,5,8,1
51072,0:3:2;0:4:3;1:2:1;1:2:1,4,0,0,0,0,1,0,0,0,0,0,0,24,24
51073,0:3:2;0:4:3;1:2:1;1:2:1,4,1,1,1,1,0,1,1,1,1,1,5,8,14
51074,0:3:2;0:4:3;1:2:1;1:2:1,4,2,1,1,1,0,1,1,1,1,1,5,8,4
51075,0:3:2;0:4:3;1:2:1;1:2:1,4,3,1,1,1,0,1,1,1,1,1,5,8,3
51076,0:3:2;0:4:3;1:2:1;1:2:1,4,4,1,1,1,0,1,1,1,1,1,5,8,3
51077,0:3:2;0:4:3;1:2:1;1:2:1,4,5,1,1,1,0,1,1,1,1,1,5,8,1
51078,0:3:2;0:4:3;1:2:1;1:2:1,5,0,0,0,0,1,0,0,0,0,0,0,24,24
51079,0:3:2;0:4:3;1:2:1;1:2:1,5,1,1,1,1,0,1,1,1,1,1,5,8,14
51080,0:3:2;0:4:3;1:2:1;1:2:1,5,2,1,1,1,0,1,1,1,1,1,5,8,4
51081,0:3:2;0:4:3;1:2:1;1:2:1,5,3,1,1,1,0,1,1,1,1,1,5,8,3
51082,0:3:2;0:4:3;1:2:1;1:2:1,5,4,1,1,1,0,1,1,1,1,1,5,8,3
51083,0:3:2;0:4:3;1:2:1;1:2:1,5,5,1,1,1,0,1,1,1,1,1,5,8,1
51084,0:3:2;0:4:3;1:2:1;1:2:2,0,0,0,0,0,1,0,0,0,0,0,0,1,24
51085,0:3:2;0:4:3;1:2:1;1:2:2,0,1,1,0,0,1,0,0,0,0,0,1,3,24
51086,0:3:2;0:4:3;1:2:1;1:2:2,0,2,1,1,0,0,1,1,1,1,1,5,9,4
51087,0:3:2;0:4:3;1:2:1;1:2:2,0,3,1,1,0,0,1,1,1,1,1,5,9,3
51088,0:3:2;0:4:3;1:2:1;1:2:2,0,4,1,1,1,0,1,1,1,1,1,5,9,3
51089,0:3:2;0:4:3;1:2:1;1:2:2,0,5,1,1,1,0,1,1,1,1,1,5,9,1
51090,0:3:2;0:4:3;1:2:1;1:2:2,1,0,0,0,0,1,0,0,0,0,0,0,12,24
51091,0:3:2;0:4:3;1:2:1;1:2:2,1,1,1,1,0,0,1,1,1,1,1,5,9,14
51092,0:3:2;0:4:3;1:2:1;1:2:2,1,2,1,1,0,0,1,1,1,1,1,5,9,4
51093,0:3:2;0:4:3;1:2:1;1:2:2,1,3,1,1,1,0,1,1,1,1,1,5,9,3
51094,0:3:2;0:4:3;1:2:1;1:2:2,1,4,1,1,1,0,1,1,1,1,1,5,9,3
51095,0:3:2;0:4:3;1:2:1;1:2:2,1,5,1,1,1,0,1,1,1,1,1,5,9,1
51096,0:3:2;0:4:3;1:2:1;1:2:2,2,0,0,0,0,1,0,0,0,0,0,0,23,24
51097,0:3:2;0:4:3;1:2:1;1:2:2,2,1,1,1,0,0,1,1,1,1,1,5,9,14
51098,0:3:2;0:4:3;1:2:1;1:2:2,2,2,1,1,1,0,1,1,1,1,1,5,9,4
51099,0:3:2;0:4:3;1:2:1;1:2:2,2,3,1,1,1,0,1,1,1,1,1,5,9,3
51100,0:3:2;0:4:3;1:2:1;1:2:2,2,4,1,1,1,0,1,1,1,1,1,5,9,3
51101,0:3:2;0:4:3;1:2:1;1:2:2,2,5,1,1,1,0,1,1,1,1,1,5,9,1
51102,0:3:2;0:4:3;1:2:1;1:2:2,3,0,0,0,0,1,0,0,0,0,0,0,31,24
51103,0:3:2;0:4:3;1:2:1;1:2:2,3,1,1,1,1,0,1,1,1,1,1,5,9,14
51104,0:3:2;0:4:3;1:2:1;1:2:2,3,2,1,1,1,0,1,1,1,1,1,5,9,4
51105,0:3:2;0:4:3;1:2:1;1:2:2,3,3,1,1,1,0,1,1,1,1,1,5,9,3
51106,0:3:2;0:4:3;1:2:1;1:2:2,3,4,1,1,1,0,1,1,1,1,1,5,9,3
51107,0:3:2;0:4:3;1:2:1;1:2:2,3,5,1,1,1,0,1,1,1,1,1,5,9,1
51108,0:3:2;0:4:3;1:2:1;1:2:2,4,0,0,0,0,1,0,0,0,0,0,0,31,24
51109,0:3:2;0:4:3;1:2:1;1:2:2,4,1,1,1,1,0,1,1,1,1,1,5,9,14
51110,0:3:2;0:4:3;1:2:1;1:2:2,4,2,1,1,1,0,1,1,1,1,1,5,9,4
51111,0:3:2;0:4:3;1:2:1;1:2:2,4,3,1,1,1,0,1,1,1,1,1,5,9,3
51112,0:3:2;0:4:3;1:2:1;1:2:2,4,4,1,1,1,0,1,1,1,1,1,5,9,3
51113,0:3:2;0:4:3;1:2:1;1:2:2,4,5,1,1,1,0,1,1,1,1,1,5,9,1
51114,0:3:2;0:4:3;1:2:1;1:2:2,5,0,0,0,0,1,0,0,0,0,0,0,31,24
51115,0:3:2;0:4:3;1:2:1;1:2:2,5,1,1,1,1,0,1,1,1,1,1,5,9,14
51116,0:3:2;0:4:3;1:2:1;1:2:2,5,2,1,1,1,0,1,1,1,1,1,5,9,4
51117,0:3:2;0:4:3;1:2:1;1:2:2,5,3,1,1,1,0,1,1,1,1,1,5,9,3
51118,0:3:2;0:4:3;1:2:1;1:2:2,5,4,1,1,1,0,1,1,1,1,1,5,9,3
51119,0:3:2;0:4:3;1:2:1;1:2:2,5,5,1,1,1,0,1,1,1,1,1,5,9,1
51120,0:3:2;0:4:3;1:2:1;1:3:2,0,0,1,0,0,1,0,0,0,0,0,1,1,24
51121,0:3:2;0:4:3;1:2:1;1:3:2,0,1,1,0,0,1,0,0,0,0,0,1,3,24
51122,0:3:2;0:4:3;1:2:1;1:3:2,0,2,1,1,0,0,1,1,1,1,1,5,9,4
51123,0:3:2;0:4:3;1:2:1;1:3:2,0,3,1,1,0,0,1,1,1,1,1,5,9,3
51124,0:3:2;0:4:3;1:2:1;1:3:2,0,4,1,1,1,0,1,1,1,1,1,5,9,3
51125,0:3:2;0:4:3;1:2:1;1:3:2,0,5,1,1,1,0,1,1,1,1,1,5,9,1
51126,0:3:2;0:4:3;1:2:1;1:3:2,1,0,1,1,0,0,1,1,1,1,1,5,9,14
51127,0:3:2;0:4:3;1:2:1;1:3:2,1,1,1,1,0,0,1,1,1,1,1,5,9,14
51128,0:3:2;0:4:3;1:2:1;1:3:2,1,2,1,1,0,0,1,1,1,1,1,5,9,4
51129,0:3:2;0:4:3;1:2:1;1:3:2,1,3,1,1,1,0,1,1,1,1,1,5,9,3
51130,0:3:2;0:4:3;1:2:1;1:3:2,1,4,1,1,1,0,1,1,1,1,1,5,9,3
51131,0:3:2;0:4:3;1:2:1;1:3:2,1,5,1,1,1,0,1,1,1,1,1,5,9,1
51132,0:3:2;0:4:3;1:2:1;1:3:2,2,0,1,1,0,0,1,1,1,1,1,5,9,14
51133,0:3:2;0:4:3;1:2:1;1:3:2,2,1,1,1,0,0,1,1,1,1,1,5,9,14
51134,0:3:2;0:4:3;1:2:1;1:3:2,2,2,1,1,1,0,1,1,1,1,1,5,9,4
51135,0:3:2;0:4:3;1:2:1;1:3:2,2,3,1,1,1,0,1,1,1,1,1,5,9,3
51136,0:3:2;0:4:3;1:2:1;1:3:2,2,4,1,1,1,0,1,1,1,1,1,5,9,3
51137,0:3:2;0:4:3;1:2:1;1:3:2,2,5,1,1,1,0,1,1,1,1,1,5,9,1
51138,0:3:2;0:4:3;1:2:1;1:3:2,3,0,1,1,0,0,1,1,1,1,1,5,9,14
51139,0:3:2;0:4:3;1:2:1;1:3:2,3,1,1,1,1,0,1,1,1,1,1,5,9,14
51140,0:3:2;0:4:3;1:2:1;1:3:2,3,2,1,1,1,0,1,1,1,1,1,5,9,4
51141,0:3:2;0:4:3;1:2:1;1:3:2,3,3,1,1,1,0,1,1,1,1,1,5,9,3
51142,0:3:2;0:4:3;1:2:1;1:3:2,3,4,1,1,1,0,1,1,1,1,1,5,9,3
51143,0:3:2;0:4:3;1:2:1;1:3:2,3,5,1,1,1,0,1,1,1,1,1,5,9,1
51144,0:3:2;0:4:3;1:2:1;1:3:2,4,0,1,1,1,0,1,1,1,1,1,5,9,14
51145,0:3:2;0:4:3;1:2:1;1:3:2,4,1,1,1,1,0,1,1,1,1,1,5,9,14
51146,0:3:2;0:4:3;1:2:1;1:3:2,4,2,1,1,1,0,1,1,1,1,1,5,9,4
51147,0:3:2;0:4:3;1:2:1;1:3:2,4,3,1,1,1,0,1,1,1,1,1,5,9,3
51148,0:3:2;0:4:3;1:2:1;1:3:2,4,4,1,1,1,0,1,1,1,1,1,5,9,3
51149,0:3:2;0:4:3;1:2:1;1:3:2,4,5,1,1,1,0,1,1,1,1,1,5,9,1
51150,0:3:2;0:4:3;1:2:1;1:3:2,5,0,1,1,1,0,1,1,1,1,1,5,9,14
51151,0:3:2;0:4:3;1:2:1;1:3:2,5,1,1,1,1,0,1,1,1,1,1,5,9,14
51152,0:3:2;0:4:3;1:2:1;1:3:2,5,2,1,1,1,0,1,1,1,1,1,5,9,4
51153,0:3:2;0:4:3;1:2:1;1:3:2,5,3,1,1,1,0,1,1,1,1,1,5,9,3
51154,0:3:2;0:4:3;1:2:1;1:3:2,5,4,1,1,1,0,1,1,1,1,1,5,9,3
51155,0:3:2;0:4:3;1:2:1;1:3:2,5,5,1,1,1,0,1,1,1,1,1,5,9,1
51156,0:3:2;0:4:3;1:2:1;1:3:3,0,0,1,0,0,1,0,0,0,0,0,1,1,24
51157,0:3:2;0:4:3;1:2:1;1:3:3,0,1,1,0,0,1,0,0,0,0,0,1,3,24
51158,0:3:2;0:4:3;1:2:1;1:3:3,0,2,1,1,0,1,0,0,1,0,1,6,19,5
51159,0:3:2;0:4:3;1:2:1;1:3:3,0,3,1,1,0,0,1,1,1,1,1,5,10,3
51160,0:3:2;0:4:3;1:2:1;1:3:3,0,4,1,1,0,0,1,1,1,1,1,5,10,3
51161,0:3:2;0:4:3;1:2:1;1:3:3,0,5,1,1,1,0,1,1,1,1,1,5,10,1
51162,0:3:2;0:4:3;1:2:1;1:3:3,1,0,1,1,0,0,1,1,1,1,1,5,10,14
51163,0:3:2;0:4:3;1:2:1;1:3:3,1,1,1,1,0,0,1,1,1,1,1,5,10,14
51164,0:3:2;0:4:3;1:2:1;1:3:3,1,2,1,1,0,0,1,1,1,1,1,5,10,4
51165,0:3:2;0:4:3;1:2:1;1:3:3,1,3,1,1,0,0,1,1,1,1,1,5,10,3
51166,0:3:2;0:4:3;1:2:1;1:3:3,1,4,1,1,1,0,1,1,1,1,1,5,10,3
51167,0:3:2;0:4:3;1:2:1;1:3:3,1,5,1,1,1,0,1,1,1,1,1,5,10,1
51168,0:3:2;0:4:3;1:2:1;1:3:3,2,0,1,1,0,0,1,1,1,1,1,5,10,14
51169,0:3:2;0:4:3;1:2:1;1:3:3,2,1,1,1,0,0,1,1,1,1,1,5,10,14
51170,0:3:2;0:4:3;1:2:1;1:3:3,2,2,1,1,0,0,1,1,1,1,1,5,10,4
51171,0:3:2;0:4:3;1:2:1;1:3:3,2,3,1,1,1,0,1,1,1,1,1,5,10,3
51172,0:3:2;0:4:3;1:2:1;1:3:3,2,4,1,1,1,0,1,1,1,1,1,5,10,3
51173,0:3:2;0:4:3;1:2:1;1:3:3,2,5,1,1,1,0,1,1,1,1,1,5,10,1
51174,0:3:2;0:4:3;1:2:1;1:3:3,3,0,1,1,0,0,1,1,1,1,1,5,10,14
51175,0:3:2;0:4:3;1:2:1;1:3:3,3,1,1,1,0,0,1,1,1,1,1,5,10,14
51176,0:3:2;0:4:3;1:2:1;1:3:3,3,2,1,1,1,0,1,1,1,1,1,5,10,4
51177,0:3:2;0:4:3;1:2:1;1:3:3,3,3,1,1,1,0,1,1,1,1,1,5,10,3
51178,0:3:2;0:4:3;1:2:1;1:3:3,3,4,1,1,1,0,1,1,1,1,1,5,10,3
51179,0:3:2;0:4:3;1:2:1;1:3:3,3,5,1,1,1,0,1,1,1,1,1,5,10,1
51180,0:3:2;0:4:3;1:2:1;1:3:3,4,0,1,1,0,0,1,1,1,1,1,5,10,14
51181,0:3:2;0:4:3;1:2:1;1:3:3,4,1,1,1,1,0,1,1,1,1,1,5,10,14
51182,0:3:2;0:4:3;1:2:1;1:3:3,4,2,1,1,1,0,1,1,1,1,1,5,10,4
51183,0:3:2;0:4:3;1:2:1;1:3:3,4,3,1,1,1,0,1,1,1,1,1,5,10,3
51184,0:3:2;0:4:3;1:2:1;1:3:3,4,4,1,1,1,0,1,1,1,1,1,5,10,3
51185,0:3:2;0:4:3;1:2:1;1:3:3,4,5,1,1,1,0,1,1,1,1,1,5,10,1
51186,0:3:2;0:4:3;1:2:1;1:3:3,5,0,1,1,1,0,1,1,1,1,1,5,10,14
51187,0:3:2;0:4:3;1:2:1;1:3:3,5,1,1,1,1,0,1,1,1,1,1,5,10,14
51188,0:3:2;0:4:3;1:2:1;1:3:3,5,2,1,1,1,0,1,1,1,1,1,5,10,4
51189,0:3:2;0:4:3;1:2:1;1:3:3,5,3,1,1,1,0,1,1,1,1,1,5,10,3
51190,0:3:2;0:4:3;1:2:1;1:3:3,5,4,1,1,1,0,1,1,1,1,1,5,10,3
51191,0:3:2;0:4:3;1:2:1;1:3:3,5,5,1,1,1,0,1,1,1,1,1,5,10,1
51192,0:3:2;0:4:3;1:2:1;1:4:3,0,0,1,0,0,1,0,0,0,0,0,1,1,24
51193,0:3:2;0:4:3;1:2:1;1:4:3,0,1,1,0,0,1,0,0,0,0,0,1,3,24
51194,0:3:2;0:4:3;1:2:1;1:4:3,0,2,1,1,0,1,0,0,1,0,1,6,19,5
51195,0:3:2;0:4:3;1:2:1;1:4:3,0,3,1,1,0,0,1,1,1,1,1,5,10,3
51196,0:3:2;0:4:3;1:2:1;1:4:3,0,4,1,1,0,0,1,1,1,1,1,5,10,3
51197,0:3:2;0:4:3;1:2:1;1:4:3,0,5,1,1,1,0,1,1,1,1,1,5,10,1
51198,0:3:2;0:4:3;1:2:1;1:4:3,1,0,1,1,0,0,1,1,1,1,1,5,10,14
51199,0:3:2;0:4:3;1:2:1;1:4:3,1,1,1,1,0,0,1,1,1,1,1,5,10,14
51200,0:3:2;0:4:3;1:2:1;1:4:3,1,2,1,1,0,0,1,1,1,1,1,5,10,4
51201,0:3:2;0:4:3;1:2:1;1:4:3,1,3,1,1,0,0,1,1,1,1,1,5,10,3
51202,0:3:2;0:4:3;1:2:1;1:4:3,1,4,1,1,1,0,1,1,1,1,1,5,10,3
51203,0:3:2;0:4:3;1:2:1;1:4:3,1,5,1,1,1,0,1,1,1,1,1,5,10,1
51204,0:3:2;0:4:3;1:2:1;1:4:3,2,0,1,1,0,0,1,1,1,1,1,5,10,14
51205,0:3:2;0:4:3;1:2:1;1:4:3,2,1,1,1,0,0,1,1,1,1,1,5,10,14
51206,0:3:2;0:4:3;1:2:1;1:4:3,2,2,1,1,0,0,1,1,1,1,1,5,10,4
51207,0:3:2;0:4:3;1:2:1;1:4:3,2,3,1,1,1,0,1,1,1,1,1,5,10,3
51208,0:3:2;0:4:3;1:2:1;1:4:3,2,4,1,1,1,0,1,1,1,1,1,5,10,3
51209,0:3:2;0:4:3;1:2:1;1:4:3,2,5,1,1,1,0,1,1,1,1,1,5,10,1
51210,0:3:2;0:4:3;1:2:1;1:4:3,3,0,1,1,0,0,1,1,1,1,1,5,10,14
51211,0:3:2;0:4:3;1:2:1;1:4:3,3,1,1,1,0,0,1,1,1,1,1,5,10,14
51212,0:3:2;0:4:3;1:2:1;1:4:3,3,2,1,1,1,0,1,1,1,1,1,5,10,4
51213,0:3:2;0:4:3;1:2:1;1:4:3,3,3,1,1,1,0,1,1,1,1,1,5,10,3
51214,0:3:2;0:4:3;1:2:1;1:4:3,3,4,1,1,1,0,1,1,1,1,1,5,10,3
51215,0:3:2;0:4:3;1:2:1;1:4:3,3,5,1,1,1,0,1,1,1,1,1,5,10,1
51216,0:3:2;0:4:3;1:2:1;1:4:3,4,0,1,1,0,0,1,1,1,1,1,5,10,14
51217,0:3:2;0:4:3;1:2:1;1:4:3,4,1,1,1,1,0,1,1,1,1,1,5,10,14
51218,0:3:2;0:4:3;1:2:1;1:4:3,4,2,1,1,1,0,1,1,1,1,1,5,10,4
51219,0:3:2;0:4:3;1:2:1;1:4:3,4,3,1,1,1,0,1,1,1,1,1,5,10,3
51220,0:3:2;0:4:3;1:2:1;1:4:3,4,4,1,1,1,0,1,1,1,1,1,5,10,3
51221,0:3:2;0:4:3;1:2:1;1:4:3,4,5,1,1,1,0,1,1,1,1,1,5,10,1
51222,0:3:2;0:4:3;1:2:1;1:4:3,5,0,1,1,1,0,1,1,1,1,1,5,10,14
51223,0:3:2;0:4:3;1:2:1;1:4:3,5,1,1,1,1,0,1,1,1,1,1,5,10,14
51224,0:3:2;0:4:3;1:2:1;1:4:3,5,2,1,1,1,0,1,1,1,1,1,5,10,4
51225,0:3:2;0:4:3;1:2:1;1:4:3,5,3,1,1,1,0,1,1,1,1,1,5,10,3
51226,0:3:2;0:4:3;1:2:1;1:4:3,5,4,1,1,1,0,1,1,1,1,1,5,10,3
51227,0:3:2;0:4:3;1:2:1;1:4:3,5,5,1,1,1,0,1,1,1,1,1,5,10,1
51228,0:3:2;0:4:3;1:2:2;1:2:2,0,0,0,0,0,1,0,0,0,0,0,0,1,24
51229,0:3:2;0:4:3;1:2:2;1:2:2,0,1,1,0,0,1,0,0,0,0,0,1,3,24
51230,0:3:2;0:4:3;1:2:2;1:2:2,0,2,1,0,0,1,0,0,0,0,0,4,21,24
51231,0:3:2;0:4:3;1:2:2;1:2:2,0,3,1,1,0,0,1,1,1,1,1,5,10,3
51232,0:3:2;0:4:3;1:2:2;1:2:2,0,4,1,1,1,0,1,1,1,1,1,5,10,3
51233,0:3:2;0:4:3;1:2:2;1:2:2,0,5,1,1,1,0,1,1,1,1,1,5,10,1
51234,0:3:2;0:4:3;1:2:2;1:2:2,1,0,0,0,0,1,0,0,0,0,0,0,3,24
51235,0:3:2;0:4:3;1:2:2;1:2:2,1,1,1,0,0,1,0,0,0,0,0,1,9,24
51236,0:3:2;0:4:3;1:2:2;1:2:2,1,2,1,1,0,0,1,1,1,1,1,5,10,4
51237,0:3:2;0:4:3;1:2:2;1:2:2,1,3,1,1,1,0,1,1,1,1,1,5,10,3
51238,0:3:2;0:4:3;1:2:2;1:2:2,1,4,1,1,1,0,1,1,1,1,1,5,10,3
51239,0:3:2;0:4:3;1:2:2;1:2:2,1,5,1,1,1,0,1,1,1,1,1,5,10,1
51240,0:3:2;0:4:3;1:2:2;1:2:2,2,0,0,0,0,1,0,0,0,0,0,0,21,24
51241,0:3:2;0:4:3;1:2:2;1:2:2,2,1,1,1,0,0,1,1,1,1,1,5,10,14
51242,0:3:2;0:4:3;1:2:2;1:2:2,2,2,1,1,1,0,1,1,1,1,1,5,10,4
51243,0:3:2;0:4:3;1:2:2;1:2:2,2,3,1,1,1,0,1,1,1,1,1,5,10,3
51244,0:3:2;0:4:3;1:2:2;1:2:2,2,4,1,1,1,0,1,1,1,1,1,5,10,3
51245,0:3:2;0:4:3;1:2:2;1:2:2,2,5,1,1,1,0,1,1,1,1,1,5,10,1
51246,0:3:2;0:4:3;1:2:2;1:2:2,3,0,0,0,0,1,0,0,0,0,0,0,31,24
51247,0:3:2;0:4:3;1:2:2;1:2:2,3,1,1,1,1,0,1,1,1,1,1,5,10,14
51248,0:3:2;0:4:3;1:2:2;1:2:2,3,2,1,1,1,0,1,1,1,1,1,5,10,4
51249,0:3:2;0:4:3;1:2:2;1:2:2,3,3,1,1,1,0,1,1,1,1,1,5,10,3
51250,0:3:2;0:4:3;1:2:2;1:2:2,3,4,1,1,1,0,1,1,1,1,1,5,10,3
51251,0:3:2;0:4:3;1:2:2;1:2:2,3,5,1,1,1,0,1,1,1,1,1,5,10,1
51252,0:3:2;0:4:3;1:2:2;1:2:2,4,0,0,0,0,1,0,0,0,0,0,0,39,24
51253,0:3:2;0:4:3;1:2:2;1:2:2,4,1,1,1,1,0,1,1,1,1,1,5,10,14
51254,0:3:2;0:4:3;1:2:2;1:2:2,4,2,1,1,1,0,1,1,1,1,1,5,10,4
51255,0:3:2;0:4:3;1:2:2;1:2:2,4,3,1,1,1,0,1,1,1,1,1,5,10,3
51256,0:3:2;0:4:3;1:2:2;1:2:2,4,4,1,1,1,0,1,1,1,1,1,5,10,3
51257,0:3:2;0:4:3;1:2:2;1:2:2,4,5,1,1,1,0,1,1,1,1,1,5,10,1
51258,0:3:2;0:4:3;1:2:2;1:2:2,5,0,0,0,0,1,0,0,0,0,0,0,39,24
51259,0:3:2;0:4:3;1:2:2;1:2:2,5,1,1,1,1,0,1,1,1,1,1,5,10,14
51260,0:3:2;0:4:3;1:2:2;1:2:2,5,2,1,1,1,0,1,1,1,1,1,5,10,4
51261,0:3:2;0:4:3;1:2:2;1:2:2,5,3,1,1,1,0,1,1,1,1,1,5,10,3
51262,0:3:2;0:4:3;1:2:2;1:2:2,5,4,1,1,1,0,1,1,1,1,1,5,10,3
51263,0:3:2;0:4:3;1:2:2;1:2:2,5,5,1,1,1,0,1,1,1,1,1,5,10,1
51264,0:3:2;0:4:3;1:2:2;1:3:2,0,0,1,0,0,1,0,0,0,0,0,1,1,24
51265,0:3:2;0:4:3;1:2:2;1:3:2,0,1,1,0,0,1,0,0,0,0,0,1,3,24
51266,0:3:2;0:4:3;1:2:2;1:3:2,0,2,1,1,0,1,0,0,0,1,1,6,16,5
51267,0:3:2;0:4:3;1:2:2;1:3:2,0,3,1,1,0,0,1,1,1,1,1,5,10,3
51268,0:3:2;0:4:3;1:2:2;1:3:2,0,4,1,1,1,0,1,1,1,1,1,5,10,3
51269,0:3:2;0:4:3;1:2:2;1:3:2,0,5,1,1,1,0,1,1,1,1,1,5,10,1
51270,0:3:2;0:4:3;1:2:2;1:3:2,1,0,1,0,0,1,0,0,0,0,0,1,3,24
51271,0:3:2;0:4:3;1:2:2;1:3:2,1,1,1,0,0,1,0,0,0,0,0,1,9,24
51272,0:3:2;0:4:3;1:2:2;1:3:2,1,2,1,1,0,0,1,1,1,1,1,5,10,4
51273,0:3:2;0:4:3;1:2:2;1:3:2,1,3,1,1,1,0,1,1,1,1,1,5,10,3
51274,0:3:2;0:4:3;1:2:2;1:3:2,1,4,1,1,1,0,1,1,1,1,1,5,10,3
51275,0:3:2;0:4:3;1:2:2;1:3:2,1,5,1,1,1,0,1,1,1,1,1,5,10,1
51276,0:3:2;0:4:3;1:2:2;1:3:2,2,0,1,1,0,0,1,1,1,1,1,5,10,14
51277,0:3:2;0:4:3;1:2:2;1:3:2,2,1,1,1,0,0,1,1,1,1,1,5,10,14
51278,0:3:2;0:4:3;1:2:2;1:3:2,2,2,1,1,1,0,1,1,1,1,1,5,10,4
51279,0:3:2;0:4:3;1:2:2;1:3:2,2,3,1,1,1,0,1,1,1,1,1,5,10,3
51280,0:3:2;0:4:3;1:2:2;1:3:2,2,4,1,1,1,0,1,1,1,1,1,5,10,3
51281,0:3:2;0:4:3;1:2:2;1:3:2,2,5,1,1,1,0,1,1,1,1,1,5,10,1
51282,0:3:2;0:4:3;1:2:2;1:3:2,3,0,1,1,0,0,1,1,1,1,1,5,10,14
51283,0:3:2;0:4:3;1:2:2;1:3:2,3,1,1,1,1,0,1,1,1,1,1,5,10,14
51284,0:3:2;0:4:3;1:2:2;1:3:2,3,2,1,1,1,0,1,1,1,1,1,5,10,4
51285,0:3:2;0:4:3;1:2:2;1:3:2,3,3,1,1,1,0,1,1,1,1,1,5,10,3
51286,0:3:2;0:4:3;1:2:2;1:3:2,3,4,1,1,1,0,1,1,1,1,1,5,10,3
51287,0:3:2;0:4:3;1:2:2;1:3:2,3,5,1,1,1,0,1,1,1,1,1,5,10,1
51288,0:3:2;0:4:3;1:2:2;1:3:2,4,0,1,1,1,0,1,1,1,1,1,5,10,14
51289,0:3:2;0:4:3;1:2:2;1:3:2,4,1,1,1,1,0,1,1,1,1,1,5,10,14
51290,0:3:2;0:4:3;1:2:2;1:3:2,4,2,1,1,1,0,1,1,1,1,1,5,10,4
51291,0:3:2;0:4:3;1:2:2;1:3:2,4,3,1,1,1,0,1,1,1,1,1,5,10,3
51292,0:3:2;0:4:3;1:2:2;1:3:2,4,4,1,1,1,0,1,1,1,1,1,5,10,3
51293,0:3:2;0:4:3;1:2:2;1:3:2,4,5,1,1,1,0,1,1,1,1,1,5,10,1
51294,0:3:2;0:4:3;1:2:2;1:3:2,5,0,1,1,1,0,1,1,1,1,1,5,10,14
51295,0:3:2;0:4:3;1:2:2;1:3:2,5,1,1,1,1,0,1,1,1,1,1,5,10,14
51296,0:3:2;0:4:3;1:2:2;1:3:2,5,2,1,1,1,0,1,1,1,1,1,5,10,4
51297,0:3:2;0:4:3;1:2:2;1:3:2,5,3,1,1,1,0,1,1,1,1,1,5,10,3
51298,0:3:2;0:4:3;1:2:2;1:3:2,5,4,1,1,1,0,1,1,1,1,1,5,10,3
51299,0:3:2;0:4:3;1:2:2;1:3:2,5,5,1,1,1,0,1,1,1,1,1,5,10,1
51300,0:3:2;0:4:3;1:2:2;1:3:3,0,0,1,0,0,1,0,0,0,0,0,1,1,24
51301,0:3:2;0:4:3;1:2:2;1:3:3,0,1,1,0,0,1,0,0,0,0,0,1,3,24
51302,0:3:2;0:4:3;1:2:2;1:3:3,0,2,1,1,0,1,0,0,1,0,1,6,20,5
51303,0:3:2;0:4:3;1:2:2;1:3:3,0,3,1,1,0,0,1,1,1,1,1,5,11,3
51304,0:3:2;0:4:3;1:2:2;1:3:3,0,4,1,1,0,0,1,1,1,1,1,5,11,3
51305,0:3:2;0:4:3;1:2:2;1:3:3,0,5,1,1,1,0,1,1,1,1,1,5,11,1
51306,0:3:2;0:4:3;1:2:2;1:3:3,1,0,1,0,0,1,0,0,0,0,0,1,3,24
51307,0:3:2;0:4:3;1:2:2;1:3:3,1,1,1,0,0,1,0,0,0,0,0,1,9,24
51308,0:3:2;0:4:3;1:2:2;1:3:3,1,2,1,1,0,1,0,0,1,0,1,6,20,5
51309,0:3:2;0:4:3;1:2:2;1:3:3,1,3,1,1,0,0,1,1,1,1,1,5,11,3
51310,0:3:2;0:4:3;1:2:2;1:3:3,1,4,1,1,1,0,1,1,1,1,1,5,11,3
51311,0:3:2;0:4:3;1:2:2;1:3:3,1,5,1,1,1,0,1,1,1,1,1,5,11,1
51312,0:3:2;0:4:3;1:2:2;1:3:3,2,0,1,1,0,0,1,1,1,1,1,5,11,14
51313,0:3:2;0:4:3;1:2:2;1:3:3,2,1,1,1,0,0,1,1,1,1,1,5,11,14
51314,0:3:2;0:4:3;1:2:2;1:3:3,2,2,1,1,0,0,1,1,1,1,1,5,11,4
51315,0:3:2;0:4:3;1:2:2;1:3:3,2,3,1,1,1,0,1,1,1,1,1,5,11,3
51316,0:3:2;0:4:3;1:2:2;1:3:3,2,4,1,1,1,0,1,1,1,1,1,5,11,3
51317,0:3:2;0:4:3;1:2:2;1:3:3,2,5,1,1,1,0,1,1,1,1,1,5,11,1
51318,0:3:2;0:4:3;1:2:2;1:3:3,3,0,1,1,0,0,1,1,1,1,1,5,11,14
51319,0:3:2;0:4:3;1:2:2;1:3:3,3,1,1,1,0,0,1,1,1,1,1,5,11,14
51320,0:3:2;0:4:3;1:2:2;1:3:3,3,2,1,1,1,0,1,1,1,1,1,5,11,4
51321,0:3:2;0:4:3;1:2:2;1:3:3,3,3,1,1,1,0,1,1,1,1,1,5,11,3
51322,0:3:2;0:4:3;1:2:2;1:3:3,3,4,1,1,1,0,1,1,1,1,1,5,11,3
51323,0:3:2;0:4:3;1:2:2;1:3:3,3,5,1,1,1,0,1,1,1,1,1,5,11,1
51324,0:3:2;0:4:3;1:2:2;1:3:3,4,0,1,1,0,0,1,1,1,1,1,5,11,14
51325,0:3:2;0:4:3;1:2:2;1:3:3,4,1,1,1,1,0,1,1,1,1,1,5,11,14
51326,0:3:2;0:4:3;1:2:2;1:3:3,4,2,1,1,1,0,1,1,1,1,1,5,11,4
51327,0:3:2;0:4:3;1:2:2;1:3:3,4,3,1,1,1,0,1,1,1,1,1,5,11,3
51328,0:3:2;0:4:3;1:2:2;1:3:3,4,4,1,1,1,0,1,1,1,1,1,5,11,3
51329,0:3:2;0:4:3;1:2:2;1:3:3,4,5,1,1,1,0,1,1,1,1,1,5,11,1
51330,0:3:2;0:4:3;1:2:2;1:3:3,5,0,1,1,1,0,1,1,1,1,1,5,11,14
51331,0:3:2;0:4:3;1:2:2;1:3:3,5,1,1,1,1,0,1,1,1,1,1,5,11,14
51332,0:3:2;0:4:3;1:2:2;1:3:3,5,2,1,1,1,0,1,1,1,1,1,5,11,4
51333,0:3:2;0:4:3;1:2:2;1:3:3,5,3,1,1,1,0,1,1,1,1,1,5,11,3
51334,0:3:2;0:4:3;1:2:2;1:3:3,5,4,1,1,1,0,1,1,1,1,1,5,11,3
51335,0:3:2;0:4:3;1:2:2;1:3:3,5,5,1,1,1,0,1,1,1,1,1,5,11,1
51336,0:3:2;0:4:3;1:2:2;1:4:3,0,0,1,0,0,1,0,0,0,0,0,1,1,24
51337,0:3:2;0:4:3;1:2:2;1:4:3,0,1,1,0,0,1,0,0,0,0,0,1,3,24
51338,0:3:2;0:4:3;1:2:2;1:4:3,0,2,1,1,0,1,0,0,1,1,1,6,20,5
51339,0:3:2;0:4:3;1:2:2;1:4:3,0,3,1,1,0,0,1,1,1,1,1,5,11,3
51340,0:3:2;0:4:3;1:2:2;1:4:3,0,4,1,1,0,0,1,1,1,1,1,5,11,3
51341,0:3:2;0:4:3;1:2:2;1:4:3,0,5,1,1,1,0,1,1,1,1,1,5,11,1
51342,0:3:2;0:4:3;1:2:2;1:4:3,1,0,1,0,0,1,0,0,0,0,0,1,3,24
51343,0:3:2;0:4:3;1:2:2;1:4:3,1,1,1,0,0,1,0,0,0,0,0,1,9,24
51344,0:3:2;0:4:3;1:2:2;1:4:3,1,2,1,1,0,1,0,0,1,1,1,6,20,5
51345,0:3:2;0:4:3;1:2:2;1:4:3,1,3,1,1,0,0,1,1,1,1,1,5,11,3
51346,0:3:2;0:4:3;1:2:2;1:4:3,1,4,1,1,1,0,1,1,1,1,1,5,11,3
51347,0:3:2;0:4:3;1:2:2;1:4:3,1,5,1,1,1,0,1,1,1,1,1,5,11,1
51348,0:3:2;0:4:3;1:2:2;1:4:3,2,0,1,1,0,0,1,1,1,1,1,5,11,14
51349,0:3:2;0:4:3;1:2:2;1:4:3,2,1,1,1,0,0,1,1,1,1,1,5,11,14
51350,0:3:2;0:4:3;1:2:2;1:4:3,2,2,1,1,0,0,1,1,1,1,1,5,11,4
51351,0:3:2;0:4:3;1:2:2;1:4:3,2,3,1,1,1,0,1,1,1,1,1,5,11,3
51352,0:3:2;0:4:3;1:2:2;1:4:3,2,4,1,1,1,0,1,1,1,1,1,5,11,3
51353,0:3:2;0:4:3;1:2:2;1:4:3,2,5,1,1,1,0,1,1,1,1,1,5,11,1
51354,0:3:2;0:4:3;1:2:2;1:4:3,3,0,1,1,0,0,1,1,1,1,1,5,11,14
51355,0:3:2;0:4:3;1:2:2;1:4:3,3,1,1,1,0,0,1,1,1,1,1,5,11,14
51356,0:3:2;0:4:3;1:2:2;1:4:3,3,2,1,1,1,0,1,1,1,1,1,5,11,4
51357,0:3:2;0:4:3;1:2:2;1:4:3,3,3,1,1,1,0,1,1,1,1,1,5,11,3
51358,0:3:2;0:4:3;1:2:2;1:4:3,3,4,1,1,1,0,1,1,1,1,1,5,11,3
51359,0:3:2;0:4:3;1:2:2;1:4:3,3,5,1,1,1,0,1,1,1,1,1,5,11,1
51360,0:3:2;0:4:3;1:2:2;1:4:3,4,0,1,1,0,0,1,1,1,1,1,5,11,14
51361,0:3:2;0:4:3;1:2:2;1:4:3,4,1,1,1,1,0,1,1,1,1,1,5,11,14
51362,0:3:2;0:4:3;1:2:2;1:4:3,4,2,1,1,1,0,1,1,1,1,1,5,11,4
51363,0:3:2;0:4:3;1:2:2;1:4:3,4,3,1,1,1,0,1,1,1,1,1,5,11,3
51364,0:3:2;0:4:3;1:2:2;1:4:3,4,4,1,1,1,0,1,1,1,1,1,5,11,3
51365,0:3:2;0:4:3;1:2:2;1:4:3,4,5,1,1,1,0,1,1,1,1,1,5,11,1
51366,0:3:2;0:4:3;1:2:2;1:4:3,5,0,1,1,1,0,1,1,1,1,1,5,11,14
51367,0:3:2;0:4:3;1:2:2;1:4:3,5,1,1,1,1,0,1,1,1,1,1,5,11,14
51368,0:3:2;0:4:3;1:2:2;1:4:3,5,2,1,1,1,0,1,1,1,1,1,5,11,4
51369,0:3:2;0:4:3;1:2:2;1:4:3,5,3,1,1,1,0,1,1,1,1,1,5,11,3
51370,0:3:2;0:4:3;1:2:2;1:4:3,5,4,1,1,1,0,1,1,1,1,1,5,11,3
51371,0:3:2;0:4:3;1:2:2;1:4:3,5,5,1,1,1,0,1,1,1,1,1,5,11,1
51372,0:3:2;0:4:3;1:3:2;1:3:2,0,0,1,0,0,1,0,0,0,0,0,1,1,24
51373,0:3:2;0:4:3;1:3:2;1:3:2,0,1,1,0,0,1,0,0,0,0,0,1,3,24
51374,0:3:2;0:4:3;1:3:2;1:3:2,0,2,1,1,0,0,1,1,1,1,1,5,10,3
51375,0:3:2;0:4:3;1:3:2;1:3:2,0,3,1,1,0,0,1,1,1,1,1,5,10,3
51376,0:3:2;0:4:3;1:3:2;1:3:2,0,4,1,1,1,0,1,1,1,1,1,5,10,3
51377,0:3:2;0:4:3;1:3:2;1:3:2,0,5,1,1,1,0,1,1,1,1,1,5,10,1
51378,0:3:2;0:4:3;1:3:2;1:3:2,1,0,1,0,0,1,0,0,0,0,0,1,3,24
51379,0:3:2;0:4:3;1:3:2;1:3:2,1,1,1,0,0,1,0,0,0,0,0,1,9,24
51380,0:3:2;0:4:3;1:3:2;1:3:2,1,2,1,1,0,0,1,1,1,1,1,5,10,3
51381,0:3:2;0:4:3;1:3:2;1:3:2,1,3,1,1,1,0,1,1,1,1,1,5,10,3
51382,0:3:2;0:4:3;1:3:2;1:3:2,1,4,1,1,1,0,1,1,1,1,1,5,10,3
51383,0:3:2;0:4:3;1:3:2;1:3:2,1,5,1,1,1,0,1,1,1,1,1,5,10,1
51384,0:3:2;0:4:3;1:3:2;1:3:2,2,0,1,1,0,0,1,1,1,1,1,5,10,14
51385,0:3:2;0:4:3;1:3:2;1:3:2,2,1,1,1,0,0,1,1,1,1,1,5,10,14
51386,0:3:2;0:4:3;1:3:2;1:3:2,2,2,1,1,1,0,1,1,1,1,1,5,10,3
51387,0:3:2;0:4:3;1:3:2;1:3:2,2,3,1,1,1,0,1,1,1,1,1,5,10,3
51388,0:3:2;0:4:3;1:3:2;1:3:2,2,4,1,1,1,0,1,1,1,1,1,5,10,3
51389,0:3:2;0:4:3;1:3:2;1:3:2,2,5,1,1,1,0,1,1,1,1,1,5,10,1
51390,0:3:2;0:4:3;1:3:2;1:3:2,3,0,1,1,0,0,1,1,1,1,1,5,10,14
51391,0:3:2;0:4:3;1:3:2;1:3:2,3,1,1,1,1,0,1,1,1,1,1,5,10,14
51392,0:3:2;0:4:3;1:3:2;1:3:2,3,2,1,1,1,0,1,1,1,1,1,5,10,3
51393,0:3:2;0:4:3;1:3:2;1:3:2,3,3,1,1,1,0,1,1,1,1,1,5,10,3
51394,0:3:2;0:4:3;1:3:2;1:3:2,3,4,1,1,1,0,1,1,1,1,1,5,10,3
51395,0:3:2;0:4:3;1:3:2;1:3:2,3,5,1,1,1,0,1,1,1,1,1,5,10,1
51396,0:3:2;0:4:3;1:3:2;1:3:2,4,0,1,1,1,0,1,1,1,1,1,5,10,14
51397,0:3:2;0:4:3;1:3:2;1:3:2,4,1,1,1,1,0,1,1,1,1,1,5,10,14
51398,0:3:2;0:4:3;1:3:2;1:3:2,4,2,1,1,1,0,1,1,1,1,1,5,10,3
51399,0:3:2;0:4:3;1:3:2;1:3:2,4,3,1,1,1,0,1,1,1,1,1,5,10,3
51400,0:3:2;0:4:3;1:3:2;1:3:2,4,4,1,1,1,0,1,1,1,1,1,5,10,3
51401,0:3:2;0:4:3;1:3:2;1:3:2,4,5,1,1,1,0,1,1,1,1,1,5,10,1
51402,0:3:2;0:4:3;1:3:2;1:3:2,5,0,1,1,1,0,1,1,1,1,1,5,10,14
51403,0:3:2;0:4:3;1:3:2;1:3:2,5,1,1,1,1,0,1,1,1,1,1,5,10,14
51404,0:3:2;0:4:3;1:3:2;1:3:2,5,2,1,1,1,0,1,1,1,1,1,5,10,3
51405,0:3:2;0:4:3;1:3:2;1:3:2,5,3,1,1,1,0,1,1,1,1,1,5,10,3
51406,0:3:2;0:4:3;1:3:2;1:3:2,5,4,1,1,1,0,1,1,1,1,1,5,10,3
51407,0:3:2;0:4:3;1:3:2;1:3:2,5,5,1,1,1,0,1,1,1,1,1,5,10,1
51408,0:3:2;0:4:3;1:3:2;1:3:3,0,0,1,0,0,1,0,0,0,0,0,1,1,24
51409,0:3:2;0:4:3;1:3:2;1:3:3,0,1,1,0,0,1,0,0,0,0,0,1,3,24
51410,0:3:2;0:4:3;1:3:2;1:3:3,0,2,1,1,0,0,1,1,1,1,1,5,11,3
51411,0:3:2;0:4:3;1:3:2;1:3:3,0,3,1,1,0,0,1,1,1,1,1,5,11,3
51412,0:3:2;0:4:3;1:3:2;1:3:3,0,4,1,1,0,0,1,1,1,1,1,5,11,3
51413,0:3:2;0:4:3;1:3:2;1:3:3,0,5,1,1,1,0,1,1,1,1,1,5,11,1
51414,0:3:2;0:4:3;1:3:2;1:3:3,1,0,1,0,0,1,0,0,0,0,0,1,3,24
51415,0:3:2;0:4:3;1:3:2;1:3:3,1,1,1,0,0,1,0,0,0,0,0,1,9,24
51416,0:3:2;0:4:3;1:3:2;1:3:3,1,2,1,1,0,0,1,1,1,1,1,5,11,3
51417,0:3:2;0:4:3;1:3:2;1:3:3,1,3,1,1,0,0,1,1,1,1,1,5,11,3
51418,0:3:2;0:4:3;1:3:2;1:3:3,1,4,1,1,1,0,1,1,1,1,1,5,11,3
51419,0:3:2;0:4:3;1:3:2;1:3:3,1,5,1,1,1,0,1,1,1,1,1,5,11,1
51420,0:3:2;0:4:3;1:3:2;1:3:3,2,0,1,1,0,0,1,1,1,1,1,5,11,14
51421,0:3:2;0:4:3;1:3:2;1:3:3,2,1,1,1,0,0,1,1,1,1,1,5,11,14
51422,0:3:2;0:4:3;1:3:2;1:3:3,2,2,1,1,0,0,1,1,1,1,1,5,11,3
51423,0:3:2;0:4:3;1:3:2;1:3:3,2,3,1,1,1,0,1,1,1,1,1,5,11,3
51424,0:3:2;0:4:3;1:3:2;1:3:3,2,4,1,1,1,0,1,1,1,1,1,5,11,3
51425,0:3:2;0:4:3;1:3:2;1:3:3,2,5,1,1,1,0,1,1,1,1,1,5,11,1
51426,0:3:2;0:4:3;1:3:2;1:3:3,3,0,1,1,0,0,1,1,1,1,1,5,11,14
51427,0:3:2;0:4:3;1:3:2;1:3:3,3,1,1,1,0,0,1,1,1,1,1,5,11,14
51428,0:3:2;0:4:3;1:3:2;1:3:3,3,2,1,1,1,0,1,1,1,1,1,5,11,3
51429,0:3:2;0:4:3;1:3:2;1:3:3,3,3,1,1,1,0,1,1,1,1,1,5,11,3
51430,0:3:2;0:4:3;1:3:2;1:3:3,3,4,1,1,1,0,1,1,1,1,1,5,11,3
51431,0:3:2;0:4:3;1:3:2;1:3:3,3,5,1,1,1,0,1,1,1,1,1,5,11,1
51432,0:3:2;0:4:3;1:3:2;1:3:3,4,0,1,1,0,0,1,1,1,1,1,5,11,14
51433,0:3:2;0:4:3;1:3:2;1:3:3,4,1,1,1,1,0,1,1,1,1,1,5,11,14
51434,0:3:2;0:4:3;1:3:2;1:3:3,4,2,1,1,1,0,1,1,1,1,1,5,11,3
51435,0:3:2;0:4:3;1:3:2;1:3:3,4,3,1,1,1,0,1,1,1,1,1,5,11,3
51436,0:3:2;0:4:3;1:3:2;1:3:3,4,4,1,1,1,0,1,1,1,1,1,5,11,3
51437,0:3:2;0:4:3;1:3:2;1:3:3,4,5,1,1,1,0,1,1,1,1,1,5,11,1
51438,0:3:2;0:4:3;1:3:2;1:3:3,5,0,1,1,1,0,1,1,1,1,1,5,11,14
51439,0:3:2;0:4:3;1:3:2;1:3:3,5,1,1,1,1,0,1,1,1,1,1,5,11,14
51440,0:3:2;0:4:3;1:3:2;1:3:3,5,2,1,1,1,0,1,1,1,1,1,5,11,3
51441,0:3:2;0:4:3;1:3:2;1:3:3,5,3,1,1,1,0,1,1,1,1,1,5,11,3
51442,0:3:2;0:4:3;1:3:2;1:3:3,5,4,1,1,1,0,1,1,1,1,1,5,11,3
51443,0:3:2;0:4:3;1:3:2;1:3:3,5,5,1,1,1,0,1,1,1,1,1,5,11,1
51444,0:3:2;0:4:3;1:3:2;1:4:3,0,0,1,0,0,1,0,0,0,0,0,1,1,24
51445,0:3:2;0:4:3;1:3:2;1:4:3,0,1,1,0,0,1,0,0,0,0,0,1,3,24
51446,0:3:2;0:4:3;1:3:2;1:4:3,0,2,1,1,0,0,1,1,1,1,1,5,11,3
51447,0:3:2;0:4:3;1:3:2;1:4:3,0,3,1,1,0,0,1,1,1,1,1,5,11,3
51448,0:3:2;0:4:3;1:3:2;1:4:3,0,4,1,1,0,0,1,1,1,1,1,5,11,3
51449,0:3:2;0:4:3;1:3:2;1:4:3,0,5,1,1,1,0,1,1,1,1,1,5,11,1
51450,0:3:2;0:4:3;1:3:2;1:4:3,1,0,1,0,0,1,0,0,0,0,0,1,3,24
51451,0:3:2;0:4:3;1:3:2;1:4:3,1,1,1,0,0,1,0,0,0,0,0,1,9,24
51452,0:3:2;0:4:3;1:3:2;1:4:3,1,2,1,1,0,0,1,1,1,1,1,5,11,3
51453,0:3:2;0:4:3;1:3:2;1:4:3,1,3,1,1,0,0,1,1,1,1,1,5,11,3
51454,0:3:2;0:4:3;1:3:2;1:4:3,1,4,1,1,1,0,1,1,1,1,1,5,11,3
51455,0:3:2;0:4:3;1:3:2;1:4:3,1,5,1,1,1,0,1,1,1,1,1,5,11,1
51456,0:3:2;0:4:3;1:3:2;1:4:3,2,0,1,1,0,0,1,1,1,1,1,5,11,14
51457,0:3:2;0:4:3;1:3:2;1:4:3,2,1,1,1,0,0,1,1,1,1,1,5,11,14
51458,0:3:2;0:4:3;1:3:2;1:4:3,2,2,1,1,0,0,1,1,1,1,1,5,11,3
51459,0:3:2;0:4:3;1:3:2;1:4:3,2,3,1,1,1,0,1,1,1,1,1,5,11,3
51460,0:3:2;0:4:3;1:3:2;1:4:3,2,4,1,1,1,0,1,1,1,1,1,5,11,3
51461,0:3:2;0:4:3;1:3:2;1:4:3,2,5,1,1,1,0,1,1,1,1,1,5,11,1
51462,0:3:2;0:4:3;1:3:2;1:4:3,3,0,1,1,0,0,1,1,1,1,1,5,11,14
51463,0:3:2;0:4:3;1:3:2;1:4:3,3,1,1,1,0,0,1,1,1,1,1,5,11,14
51464,0:3:2;0:4:3;1:3:2;1:4:3,3,2,1,1,1,0,1,1,1,1,1,5,11,3
51465,0:3:2;0:4:3;1:3:2;1:4:3,3,3,1,1,1,0,1,1,1,1,1,5,11,3
51466,0:3:2;0:4:3;1:3:2;1:4:3,3,4,1,1,1,0,1,1,1,1,1,5,11,3
51467,0:3:2;0:4:3;1:3:2;1:4:3,3,5,1,1,1,0,1,1,1,1,1,5,11,1
51468,0:3:2;0:4:3;1:3:2;1:4:3,4,0,1,1,0,0,1,1,1,1,1,5,11,14
51469,0:3:2;0:4:3;1:3:2;1:4:3,4,1,1,1,1,0,1,1,1,1,1,5,11,14
51470,0:3:2;0:4:3;1:3:2;1:4:3,4,2,1,1,1,0,1,1,1,1,1,5,11,3
51471,0:3:2;0:4:3;1:3:2;1:4:3,4,3,1,1,1,0,1,1,1,1,1,5,11,3
51472,0:3:2;0:4:3;1:3:2;1:4:3,4,4,1,1,1,0,1,1,1,1,1,5,11,3
51473,0:3:2;0:4:3;1:3:2;1:4:3,4,5,1,1,1,0,1,1,1,1,1,5,11,1
51474,0:3:2;0:4:3;1:3:2;1:4:3,5,0,1,1,1,0,1,1,1,1,1,5,11,14
51475,0:3:2;0:4:3;1:3:2;1:4:3,5,1,1,1,1,0,1,1,1,1,1,5,11,14
51476,0:3:2;0:4:3;1:3:2;1:4:3,5,2,1,1,1,0,1,1,1,1,1,5,11,3
51477,0:3:2;0:4:3;1:3:2;1:4:3,5,3,1,1,1,0,1,1,1,1,1,5,11,3
51478,0:3:2;0:4:3;1:3:2;1:4:3,5,4,1,1,1,0,1,1,1,1,1,5,11,3
51479,0:3:2;0:4:3;1:3:2;1:4:3,5,5,1,1,1,0,1,1,1,1,1,5,11,1
51480,0:3:2;0:4:3;1:3:3;1:3:3,0,0,1,0,0,1,0,0,0,0,0,1,1,24
51481,0:3:2;0:4:3;1:3:3;1:3:3,0,1,1,0,0,1,0,0,0,0,0,1,3,24
51482,0:3:2;0:4:3;1:3:3;1:3:3,0,2,1,1,0,0,1,1,1,1,1,5,12,3
51483,0:3:2;0:4:3;1:3:3;1:3:3,0,3,1,1,0,0,1,1,1,1,1,5,12,3
51484,0:3:2;0:4:3;1:3:3;1:3:3,0,4,1,1,0,0,1,1,1,1,1,5,12,3
51485,0:3:2;0:4:3;1:3:3;1:3:3,0,5,1,1,1,0,1,1,1,1,1,5,12,1
51486,0:3:2;0:4:3;1:3:3;1:3:3,1,0,1,0,0,1,0,0,0,0,0,1,3,24
51487,0:3:2;0:4:3;1:3:3;1:3:3,1,1,1,0,0,1,0,0,0,0,0,1,9,24
51488,0:3:2;0:4:3;1:3:3;1:3:3,1,2,1,1,0,0,1,1,1,1,1,5,12,3
51489,0:3:2;0:4:3;1:3:3;1:3:3,1,3,1,1,0,0,1,1,1,1,1,5,12,3
51490,0:3:2;0:4:3;1:3:3;1:3:3,1,4,1,1,1,0,1,1,1,1,1,5,12,3
51491,0:3:2;0:4:3;1:3:3;1:3:3,1,5,1,1,1,0,1,1,1,1,1,5,12,1
51492,0:3:2;0:4:3;1:3:3;1:3:3,2,0,1,0,0,1,0,0,0,0,0,1,6,24
51493,0:3:2;0:4:3;1:3:3;1:3:3,2,1,1,0,0,1,0,0,0,0,0,1,18,24
51494,0:3:2;0:4:3;1:3:3;1:3:3,2,2,1,1,0,0,1,1,1,1,1,5,12,3
51495,0:3:2;0:4:3;1:3:3;1:3:3,2,3,1,1,1,0,1,1,1,1,1,5,12,3
51496,0:3:2;0:4:3;1:3:3;1:3:3,2,4,1,1,1,0,1,1,1,1,1,5,12,3
51497,0:3:2;0:4:3;1:3:3;1:3:3,2,5,1,1,1,0,1,1,1,1,1,5,12,1
51498,0:3:2;0:4:3;1:3:3;1:3:3,3,0,1,1,0,0,1,1,1,1,1,5,12,14
51499,0:3:2;0:4:3;1:3:3;1:3:3,3,1,1,1,0,0,1,1,1,1,1,5,12,14
51500,0:3:2;0:4:3;1:3:3;1:3:3,3,2,1,1,1,0,1,1,1,1,1,5,12,3
51501,0:3:2;0:4:3;1:3:3;1:3:3,3,3,1,1,1,0,1,1,1,1,1,5,12,3
51502,0:3:2;0:4:3;1:3:3;1:3:3,3,4,1,1,1,0,1,1,1,1,1,5,12,3
51503,0:3:2;0:4:3;1:3:3;1:3:3,3,5,1,1,1,0,1,1,1,1,1,5,12,1
51504,0:3:2;0:4:3;1:3:3;1:3:3,4,0,1,1,0,0,1,1,1,1,1,5,12,14
51505,0:3:2;0:4:3;1:3:3;1:3:3,4,1,1,1,1,0,1,1,1,1,1,5,12,14
51506,0:3:2;0:4:3;1:3:3;1:3:3,4,2,1,1,1,0,1,1,1,1,1,5,12,3
51507,0:3:2;0:4:3;1:3:3;1:3:3,4,3,1,1,1,0,1,1,1,1,1,5,12,3
51508,0:3:2;0:4:3;1:3:3;1:3:3,4,4,1,1,1,0,1,1,1,1,1,5,12,3
51509,0:3:2;0:4:3;1:3:3;1:3:3,4,5,1,1,1,0,1,1,1,1,1,5,12,1
51510,0:3:2;0:4:3;1:3:3;1:3:3,5,0,1,1,1,0,1,1,1,1,1,5,12,14
51511,0:3:2;0:4:3;1:3:3;1:3:3,5,1,1,1,1,0,1,1,1,1,1,5,12,14
51512,0:3:2;0:4:3;1:3:3;1:3:3,5,2,1,1,1,0,1,1,1,1,1,5,12,3
51513,0:3:2;0:4:3;1:3:3;1:3:3,5,3,1,1,1,0,1,1,1,1,1,5,12,3
51514,0:3:2;0:4:3;1:3:3;1:3:3,5,4,1,1,1,0,1,1,1,1,1,5,12,3
51515,0:3:2;0:4:3;1:3:3;1:3:3,5,5,1,1,1,0,1,1,1,1,1,5,12,1
51516,0:3:2;0:4:3;1:3:3;1:4:3,0,0,1,0,0,1,0,0,0,0,0,1,1,24
51517,0:3:2;0:4:3;1:3:3;1:4:3,0,1,1,0,0,1,0,0,0,0,0,1,3,24
51518,0:3:2;0:4:3;1:3:3;1:4:3,0,2,1,1,0,0,1,1,1,1,1,5,12,3
51519,0:3:2;0:4:3;1:3:3;1:4:3,0,3,1,1,0,0,1,1,1,1,1,5,12,3
51520,0:3:2;0:4:3;1:3:3;1:4:3,0,4,1,1,0,0,1,1,1,1,1,5,12,3
51521,0:3:2;0:4:3;1:3:3;1:4:3,0,5,1,1,1,0,1,1,1,1,1,5,12,1
51522,0:3:2;0:4:3;1:3:3;1:4:3,1,0,1,0,0,1,0,0,0,0,0,1,3,24
51523,0:3:2;0:4:3;1:3:3;1:4:3,1,1,1,0,0,1,0,0,0,0,0,1,9,24
51524,0:3:2;0:4:3;1:3:3;1:4:3,1,2,1,1,0,0,1,1,1,1,1,5,12,3
51525,0:3:2;0:4:3;1:3:3;1:4:3,1,3,1,1,0,0,1,1,1,1,1,5,12,3
51526,0:3:2;0:4:3;1:3:3;1:4:3,1,4,1,1,1,0,1,1,1,1,1,5,12,3
51527,0:3:2;0:4:3;1:3:3;1:4:3,1,5,1,1,1,0,1,1,1,1,1,5,12,1
51528,0:3:2;0:4:3;1:3:3;1:4:3,2,0,1,0,0,1,0,0,0,0,0,1,6,24
51529,0:3:2;0:4:3;1:3:3;1:4:3,2,1,1,0,0,1,0,0,0,0,0,1,18,24
51530,0:3:2;0:4:3;1:3:3;1:4:3,2,2,1,1,0,0,1,1,1,1,1,5,12,3
51531,0:3:2;0:4:3;1:3:3;1:4:3,2,3,1,1,1,0,1,1,1,1,1,5,12,3
51532,0:3:2;0:4:3;1:3:3;1:4:3,2,4,1,1,1,0,1,1,1,1,1,5,12,3
51533,0:3:2;0:4:3;1:3:3;1:4:3,2,5,1,1,1,0,1,1,1,1,1,5,12,1
51534,0:3:2;0:4:3;1:3:3;1:4:3,3,0,1,1,0,0,1,1,1,1,1,5,12,14
51535,0:3:2;0:4:3;1:3:3;1:4:3,3,1,1,1,0,0,1,1,1,1,1,5,12,14
51536,0:3:2;0:4:3;1:3:3;1:4:3,3,2,1,1,1,0,1,1,1,1,1,5,12,3
51537,0:3:2;0:4:3;1:3:3;1:4:3,3,3,1,1,1,0,1,1,1,1,1,5,12,3
51538,0:3:2;0:4:3;1:3:3;1:4:3,3,4,1,1,1,0,1,1,1,1,1,5,12,3
51539,0:3:2;0:4:3;1:3:3;1:4:3,3,5,1,1,1,0,1,1,1,1,1,5,12,1
51540,0:3:2;0:4:3;1:3:3;1:4:3,4,0,1,1,0,0,1,1,1,1,1,5,12,14
51541,0:3:2;0:4:3;1:3:3;1:4:3,4,1,1,1,1,0,1,1,1,1,1,5,12,14
51542,0:3:2;0:4:3;1:3:3;1:4:3,4,2,1,1,1,0,1,1,1,1,1,5,12,3
51543,0:3:2;0:4:3;1:3:3;1:4:3,4,3,1,1,1,0,1,1,1,1,1,5,12,3
51544,0:3:2;0:4:3;1:3:3;1:4:3,4,4,1,1,1,0,1,1,1,1,1,5,12,3
51545,0:3:2;0:4:3;1:3:3;1:4:3,4,5,1,1,1,0,1,1,1,1,1,5,12,1
51546,0:3:2;0:4:3;1:3:3;1:4:3,5,0,1,1,1,0,1,1,1,1,1,5,12,14
51547,0:3:2;0:4:3;1:3:3;1:4:3,5,1,1,1,1,0,1,1,1,1,1,5,12,14
51548,0:3:2;0:4:3;1:3:3;1:4:3,5,2,1,1,1,0,1,1,1,1,1,5,12,3
51549,0:3:2;0:4:3;1:3:3;1:4:3,5,3,1,1,1,0,1,1,1,1,1,5,12,3
51550,0:3:2;0:4:3;1:3:3;1:4:3,5,4,1,1,1,0,1,1,1,1,1,5,12,3
51551,0:3:2;0:4:3;1:3:3;1:4:3,5,5,1,1,1,0,1,1,1,1,1,5,12,1
51552,0:3:2;0:4:3;1:4:3;1:4:3,0,0,1,0,0,1,0,0,0,0,0,1,1,24
51553,0:3:2;0:4:3;1:4:3;1:4:3,0,1,1,0,0,1,0,0,0,0,0,1,3,24
51554,0:3:2;0:4:3;1:4:3;1:4:3,0,2,1,1,0,0,1,1,1,1,1,5,12,3
51555,0:3:2;0:4:3;1:4:3;1:4:3,0,3,1,1,0,0,1,1,1,1,1,5,12,3
51556,0:3:2;0:4:3;1:4:3;1:4:3,0,4,1,1,0,0,1,1,1,1,1,5,12,3
51557,0:3:2;0:4:3;1:4:3;1:4:3,0,5,1,1,1,0,1,1,1,1,1,5,12,1
51558,0:3:2;0:4:3;1:4:3;1:4:3,1,0,1,0,0,1,0,0,0,0,0,1,3,24
51559,0:3:2;0:4:3;1:4:3;1:4:3,1,1,1,0,0,1,0,0,0,0,0,1,9,24
51560,0:3:2;0:4:3;1:4:3;1:4:3,1,2,1,1,0,0,1,1,1,1,1,5,12,3
51561,0:3:2;0:4:3;1:4:3;1:4:3,1,3,1,1,0,0,1,1,1,1,1,5,12,3
51562,0:3:2;0:4:3;1:4:3;1:4:3,1,4,1,1,1,0,1,1,1,1,1,5,12,3
51563,0:3:2;0:4:3;1:4:3;1:4:3,1,5,1,1,1,0,1,1,1,1,1,5,12,1
51564,0:3:2;0:4:3;1:4:3;1:4:3,2,0,1,0,0,1,0,0,0,0,0,1,6,24
51565,0:3:2;0:4:3;1:4:3;1:4:3,2,1,1,0,0,1,0,0,0,0,0,1,18,24
51566,0:3:2;0:4:3;1:4:3;1:4:3,2,2,1,1,0,0,1,1,1,1,1,5,12,3
51567,0:3:2;0:4:3;1:4:3;1:4:3,2,3,1,1,1,0,1,1,1,1,1,5,12,3
51568,0:3:2;0:4:3;1:4:3;1:4:3,2,4,1,1,1,0,1,1,1,1,1,5,12,3
51569,0:3:2;0:4:3;1:4:3;1:4:3,2,5,1,1,1,0,1,1,1,1,1,5,12,1
51570,0:3:2;0:4:3;1:4:3;1:4:3,3,0,1,1,0,0,1,1,1,1,1,5,12,14
51571,0:3:2;0:4:3;1:4:3;1:4:3,3,1,1,1,0,0,1,1,1,1,1,5,12,13
51572,0:3:2;0:4:3;1:4:3;1:4:3,3,2,1,1,1,0,1,1,1,1,1,5,12,3
51573,0:3:2;0:4:3;1:4:3;1:4:3,3,3,1,1,1,0,1,1,1,1,1,5,12,3
51574,0:3:2;0:4:3;1:4:3;1:4:3,3,4,1,1,1,0,1,1,1,1,1,5,12,3
51575,0:3:2;0:4:3;1:4:3;1:4:3,3,5,1,1,1,0,1,1,1,1,1,5,12,1
51576,0:3:2;0:4:3;1:4:3;1:4:3,4,0,1,1,0,0,1,1,1,1,1,5,12,14
51577,0:3:2;0:4:3;1:4:3;1:4:3,4,1,1,1,1,0,1,1,1,1,1,5,12,13
51578,0:3:2;0:4:3;1:4:3;1:4:3,4,2,1,1,1,0,1,1,1,1,1,5,12,3
51579,0:3:2;0:4:3;1:4:3;1:4:3,4,3,1,1,1,0,1,1,1,1,1,5,12,3
51580,0:3:2;0:4:3;1:4:3;1:4:3,4,4,1,1,1,0,1,1,1,1,1,5,12,3
51581,0:3:2;0:4:3;1:4:3;1:4:3,4,5,1,1,1,0,1,1,1,1,1,5,12,1
51582,0:3:2;0:4:3;1:4:3;1:4:3,5,0,1,1,1,0,1,1,1,1,1,5,12,14
51583,0:3:2;0:4:3;1:4:3;1:4:3,5,1,1,1,1,0,1,1,1,1,1,5,12,13
51584,0:3:2;0:4:3;1:4:3;1:4:3,5,2,1,1,1,0,1,1,1,1,1,5,12,3
51585,0:3:2;0:4:3;1:4:3;1:4:3,5,3,1,1,1,0,1,1,1,1,1,5,12,3
51586,0:3:2;0:4:3;1:4:3;1:4:3,5,4,1,1,1,0,1,1,1,1,1,5,12,3
51587,0:3:2;0:4:3;1:4:3;1:4:3,5,5,1,1,1,0,1,1,1,1,1,5,12,1
51588,0:3:2;1:1:1;1:1:1;1:1:1,0,0,1,0,0,1,0,0,0,0,0,1,1,24
51589,0:3:2;1:1:1;1:1:1;1:1:1,0,1,1,0,0,1,0,0,0,0,0,1,2,24
51590,0:3:2;1:1:1;1:1:1;1:1:1,0,2,1,1,1,0,1,1,1,1,1,5,6,1
51591,0:3:2;1:1:1;1:1:1;1:1:1,0,3,1,1,1,0,1,1,1,1,1,5,6,1
51592,0:3:2;1:1:1;1:1:1;1:1:1,0,4,1,1,1,0,1,1,1,1,1,5,6,1
51593,0:3:2;1:1:1;1:1:1;1:1:1,0,5,1,1,1,0,1,1,1,1,1,5,6,1
51594,0:3:2;1:1:1;1:1:1;1:1:1,1,0,1,0,0,1,0,0,0,0,0,4,7,24
51595,0:3:2;1:1:1;1:1:1;1:1:1,1,1,1,1,1,0,1,1,1,1,1,5,6,7
51596,0:3:2;1:1:1;1:1:1;1:1:1,1,2,1,1,1,0,1,1,1,1,1,5,6,1
51597,0:3:2;1:1:1;1:1:1;1:1:1,1,3,1,1,1,0,1,1,1,1,1,5,6,1
51598,0:3:2;1:1:1;1:1:1;1:1:1,1,4,1,1,1,0,1,1,1,1,1,5,6,1
51599,0:3:2;1:1:1;1:1:1;1:1:1,1,5,1,1,1,0,1,1,1,1,1,5,6,1
51600,0:3:2;1:1:1;1:1:1;1:1:1,2,0,1,1,1,0,1,1,1,1,1,5,6,9
51601,0:3:2;1:1:1;1:1:1;1:1:1,2,1,1,1,1,0,1,1,1,1,1,5,6,7
51602,0:3:2;1:1:1;1:1:1;1:1:1,2,2,1,1,1,0,1,1,1,1,1,5,6,1
51603,0:3:2;1:1:1;1:1:1;1:1:1,2,3,1,1,1,0,1,1,1,1,1,5,6,1
51604,0:3:2;1:1:1;1:1:1;1:1:1,2,4,1,1,1,0,1,1,1,1,1,5,6,1
51605,0:3:2;1:1:1;1:1:1;1:1:1,2,5,1,1,1,0,1,1,1,1,1,5,6,1
51606,0:3:2;1:1:1;1:1:1;1:1:1,3,0,1,1,1,0,1,1,1,1,1,5,6,9
51607,0:3:2;1:1:1;1:1:1;1:1:1,3,1,1,1,1,0,1,1,1,1,1,5,6,7
51608,0:3:2;1:1:1;1:1:1;1:1:1,3,2,1,1,1,0,1,1,1,1,1,5,6,1
51609,0:3:2;1:1:1;1:1:1;1:1:1,3,3,1,1,1,0,1,1,1,1,1,5,6,1
51610,0:3:2;1:1:1;1:1:1;1:1:1,3,4,1,1,1,0,1,1,1,1,1,5,6,1
51611,0:3:2;1:1:1;1:1:1;1:1:1,3,5,1,1,1,0,1,1,1,1,1,5,6,1
51612,0:3:2;1:1:1;1:1:1;1:1:1,4,0,1,1,1,0,1,1,1,1,1,5,6,9
51613,0:3:2;1:1:1;1:1:1;1:1:1,4,1,1,1,1,0,1,1,1,1,1,5,6,7
51614,0:3:2;1:1:1;1:1:1;1:1:1,4,2,1,1,1,0,1,1,1,1,1,5,6,1
51615,0:3:2;1:1:1;1:1:1;1:1:1,4,3,1,1,1,0,1,1,1,1,1,5,6,1
51616,0:3:2;1:1:1;1:1:1;1:1:1,4,4,1,1,1,0,1,1,1,1,1,5,6,1
51617,0:3:2;1:1:1;1:1:1;1:1:1,4,5,1,1,1,0,1,1,1,1,1,5,6,1
51618,0:3:2;1:1:1;1:1:1;1:1:1,5,0,1,1,1,0,1,1,1,1,1,5,6,9
51619,0:3:2;1:1:1;1:1:1;1:1:1,5,1,1,1,1,0,1,1,1,1,1,5,6,7
51620,0:3:2;1:1:1;1:1:1;1:1:1,5,2,1,1,1,0,1,1,1,1,1,5,6,1
51621,0:3:2;1:1:1;1:1:1;1:1:1,5,3,1,1,1,0,1,1,1,1,1,5,6,1
51622,0:3:2;1:1:1;1:1:1;1:1:1,5,4,1,1,1,0,1,1,1,1,1,5,6,1
51623,0:3:2;1:1:1;1:1:1;1:1:1,5,5,1,1,1,0,1,1,1,1,1,5,6,1
51624,0:3:2;1:1:1;1:1:1;1:2:1,0,0,1,0,0,1,0,0,0,0,0,1,1,24
51625,0:3:2;1:1:1;1:1:1;1:2:1,0,1,1,0,0,1,0,0,0,0,0,1,2,24
51626,0:3:2;1:1:1;1:1:1;1:2:1,0,2,1,1,1,0,1,1,1,1,1,5,6,1
51627,0:3:2;1:1:1;1:1:1;1:2:1,0,3,1,1,1,0,1,1,1,1,1,5,6,1
51628,0:3:2;1:1:1;1:1:1;1:2:1,0,4,1,1,1,0,1,1,1,1,1,5,6,1
51629,0:3:2;1:1:1;1:1:1;1:2:1,0,5,1,1,1,0,1,1,1,1,1,5,6,1
51630,0:3:2;1:1:1;1:1:1;1:2:1,1,0,1,1,0,1,0,0,0,1,1,7,10,19
51631,0:3:2;1:1:1;1:1:1;1:2:1,1,1,1,1,1,0,1,1,1,1,1,5,6,7
51632,0:3:2;1:1:1;1:1:1;1:2:1,1,2,1,1,1,0,1,1,1,1,1,5,6,1
51633,0:3:2;1:1:1;1:1:1;1:2:1,1,3,1,1,1,0,1,1,1,1,1,5,6,1
51634,0:3:2;1:1:1;1:1:1;1:2:1,1,4,1,1,1,0,1,1,1,1,1,5,6,1
51635,0:3:2;1:1:1;1:1:1;1:2:1,1,5,1,1,1,0,1,1,1,1,1,5,6,1
51636,0:3:2;1:1:1;1:1:1;1:2:1,2,0,1,1,1,0,1,1,1,1,1,5,6,9
51637,0:3:2;1:1:1;1:1:1;1:2:1,2,1,1,1,1,0,1,1,1,1,1,5,6,7
51638,0:3:2;1:1:1;1:1:1;1:2:1,2,2,1,1,1,0,1,1,1,1,1,5,6,1
51639,0:3:2;1:1:1;1:1:1;1:2:1,2,3,1,1,1,0,1,1,1,1,1,5,6,1
51640,0:3:2;1:1:1;1:1:1;1:2:1,2,4,1,1,1,0,1,1,1,1,1,5,6,1
51641,0:3:2;1:1:1;1:1:1;1:2:1,2,5,1,1,1,0,1,1,1,1,1,5,6,1
51642,0:3:2;1:1:1;1:1:1;1:2:1,3,0,1,1,1,0,1,1,1,1,1,5,6,9
51643,0:3:2;1:1:1;1:1:1;1:2:1,3,1,1,1,1,0,1,1,1,1,1,5,6,7
51644,0:3:2;1:1:1;1:1:1;1:2:1,3,2,1,1,1,0,1,1,1,1,1,5,6,1
51645,0:3:2;1:1:1;1:1:1;1:2:1,3,3,1,1,1,0,1,1,1,1,1,5,6,1
51646,0:3:2;1:1:1;1:1:1;1:2:1,3,4,1,1,1,0,1,1,1,1,1,5,6,1
51647,0:3:2;1:1:1;1:1:1;1:2:1,3,5,1,1,1,0,1,1,1,1,1,5,6,1
51648,0:3:2;1:1:1;1:1:1;1:2:1,4,0,1,1,1,0,1,1,1,1,1,5,6,9
51649,0:3:2;1:1:1;1:1:1;1:2:1,4,1,1,1,1,0,1,1,1,1,1,5,6,7
51650,0:3:2;1:1:1;1:1:1;1:2:1,4,2,1,1,1,0,1,1,1,1,1,5,6,1
51651,0:3:2;1:1:1;1:1:1;1:2:1,4,3,1,1,1,0,1,1,1,1,1,5,6,1
51652,0:3:2;1:1:1;1:1:1;1:2:1,4,4,1,1,1,0,1,1,1,1,1,5,6,1
51653,0:3:2;1:1:1;1:1:1;1:2:1,4,5,1,1,1,0,1,1,1,1,1,5,6,1
51654,0:3:2;1:1:1;1:1:1;1:2:1,5,0,1,1,1,0,1,1,1,1,1,5,6,9
51655,0:3:2;1:1:1;1:1:1;1:2:1,5,1,1,1,1,0,1,1,1,1,1,5,6,7
51656,0:3:2;1:1:1;1:1:1;1:2:1,5,2,1,1,1,0,1,1,1,1,1,5,6,1
51657,0:3:2;1:1:1;1:1:1;1:2:1,5,3,1,1,1,0,1,1,1,1,1,5,6,1
51658,0:3:2;1:1:1;1:1:1;1:2:1,5,4,1,1,1,0,1,1,1,1,1,5,6,1
51659,0:3:2;1:1:1;1:1:1;1:2:1,5,5,1,1,1,0,1,1,1,1,1,5,6,1
51660,0:3:2;1:1:1;1:1:1;1:2:2,0,0,0,0,0,1,0,0,0,0,0,0,1,24
51661,0:3:2;1:1:1;1:1:1;1:2:2,0,1,0,0,0,1,0,0,0,0,0,0,2,24
51662,0:3:2;1:1:1;1:1:1;1:2:2,0,2,0,0,0,1,0,0,0,0,0,0,13,24
51663,0:3:2;1:1:1;1:1:1;1:2:2,0,3,0,0,0,1,0,0,0,0,0,0,13,24
51664,0:3:2;1:1:1;1:1:1;1:2:2,0,4,0,0,0,1,0,0,0,0,0,0,13,24
51665,0:3:2;1:1:1;1:1:1;1:2:2,0,5,0,0,0,1,0,0,0,0,0,0,13,24
51666,0:3:2;1:1:1;1:1:1;1:2:2,1,0,1,0,0,1,0,0,0,0,0,3,6,24
51667,0:3:2;1:1:1;1:1:1;1:2:2,1,1,1,1,0,0,1,1,1,1,1,5,7,7
51668,0:3:2;1:1:1;1:1:1;1:2:2,1,2,1,1,1,0,1,1,1,1,1,5,7,1
51669,0:3:2;1:1:1;1:1:1;1:2:2,1,3,1,1,1,0,1,1,1,1,1,5,7,1
51670,0:3:2;1:1:1;1:1:1;1:2:2,1,4,1,1,1,0,1,1,1,1,1,5,7,1
51671,0:3:2;1:1:1;1:1:1;1:2:2,1,5,1,1,1,0,1,1,1,1,1,5,7,1
51672,0:3:2;1:1:1;1:1:1;1:2:2,2,0,1,1,0,0,1,1,1,1,1,5,7,9
51673,0:3:2;1:1:1;1:1:1;1:2:2,2,1,1,1,1,0,1,1,1,1,1,5,7,7
51674,0:3:2;1:1:1;1:1:1;1:2:2,2,2,1,1,1,0,1,1,1,1,1,5,7,1
51675,0:3:2;1:1:1;1:1:1;1:2:2,2,3,1,1,1,0,1,1,1,1,1,5,7,1
51676,0:3:2;1:1:1;1:1:1;1:2:2,2,4,1,1,1,0,1,1,1,1,1,5,7,1
51677,0:3:2;1:1:1;1:1:1;1:2:2,2,5,1,1,1,0,1,1,1,1,1,5,7,1
51678,0:3:2;1:1:1;1:1:1;1:2:2,3,0,1,1,1,0,1,1,1,1,1,5,7,9
51679,0:3:2;1:1:1;1:1:1;1:2:2,3,1,1,1,1,0,1,1,1,1,1,5,7,7
51680,0:3:2;1:1:1;1:1:1;1:2:2,3,2,1,1,1,0,1,1,1,1,1,5,7,1
51681,0:3:2;1:1:1;1:1:1;1:2:2,3,3,1,1,1,0,1,1,1,1,1,5,7,1
51682,0:3:2;1:1:1;1:1:1;1:2:2,3,4,1,1,1,0,1,1,1,1,1,5,7,1
51683,0:3:2;1:1:1;1:1:1;1:2:2,3,5,1,1,1,0,1,1,1,1,1,5,7,1
51684,0:3:2;1:1:1;1:1:1;1:2:2,4,0,1,1,1,0,1,1,1,1,1,5,7,9
51685,0:3:2;1:1:1;1:1:1;1:2:2,4,1,1,1,1,0,1,1,1,1,1,5,7,7
51686,0:3:2;1:1:1;1:1:1;1:2:2,4,2,1,1,1,0,1,1,1,1,1,5,7,1
51687,0:3:2;1:1:1;1:1:1;1:2:2,4,3,1,1,1,0,1,1,1,1,1,5,7,1
51688,0:3:2;1:1:1;1:1:1;1:2:2,4,4,1,1,1,0,1,1,1,1,1,5,7,1
51689,0:3:2;1:1:1;1:1:1;1:2:2,4,5,1,1,1,0,1,1,1,1,1,5,7,1
51690,0:3:2;1:1:1;1:1:1;1:2:2,5,0,1,1,1,0,1,1,1,1,1,5,7,9
51691,0:3:2;1:1:1;1:1:1;1:2:2,5,1,1,1,1,0,1,1,1,1,1,5,7,7
51692,0:3:2;1:1:1;1:1:1;1:2:2,5,2,1,1,1,0,1,1,1,1,1,5,7,1
51693,0:3:2;1:1:1;1:1:1;1:2:2,5,3,1,1,1,0,1,1,1,1,1,5,7,1
51694,0:3:2;1:1:1;1:1:1;1:2:2,5,4,1,1,1,0,1,1,1,1,1,5,7,1
51695,0:3:2;1:1:1;1:1:1;1:2:2,5,5,1,1,1,0,1,1,1,1,1,5,7,1
51696,0:3:2;1:1:1;1:1:1;1:3:2,0,0,0,0,0,1,0,0,0,0,0,0,1,24
51697,0:3:2;1:1:1;1:1:1;1:3:2,0,1,0,0,0,1,0,0,0,0,0,0,2,24
51698,0:3:2;1:1:1;1:1:1;1:3:2,0,2,0,0,0,1,0,0,0,0,0,0,13,24
51699,0:3:2;1:1:1;1:1:1;1:3:2,0,3,0,0,0,1,0,0,0,0,0,0,13,24
51700,0:3:2;1:1:1;1:1:1;1:3:2,0,4,0,0,0,1,0,0,0,0,0,0,13,24
51701,0:3:2;1:1:1;1:1:1;1:3:2,0,5,0,0,0,1,0,0,0,0,0,0,13,24
51702,0:3:2;1:1:1;1:1:1;1:3:2,1,0,1,0,0,1,0,0,0,0,0,3,6,24
51703,0:3:2;1:1:1;1:1:1;1:3:2,1,1,1,1,0,0,1,1,1,1,1,5,7,7
51704,0:3:2;1:1:1;1:1:1;1:3:2,1,2,1,1,1,0,1,1,1,1,1,5,7,1
51705,0:3:2;1:1:1;1:1:1;1:3:2,1,3,1,1,1,0,1,1,1,1,1,5,7,1
51706,0:3:2;1:1:1;1:1:1;1:3:2,1,4,1,1,1,0,1,1,1,1,1,5,7,1
51707,0:3:2;1:1:1;1:1:1;1:3:2,1,5,1,1,1,0,1,1,1,1,1,5,7,1
51708,0:3:2;1:1:1;1:1:1;1:3:2,2,0,1,1,0,0,1,1,1,1,1,5,7,9
51709,0:3:2;1:1:1;1:1:1;1:3:2,2,1,1,1,1,0,1,1,1,1,1,5,7,7
51710,0:3:2;1:1:1;1:1:1;1:3:2,2,2,1,1,1,0,1,1,1,1,1,5,7,1
51711,0:3:2;1:1:1;1:1:1;1:3:2,2,3,1,1,1,0,1,1,1,1,1,5,7,1
51712,0:3:2;1:1:1;1:1:1;1:3:2,2,4,1,1,1,0,1,1,1,1,1,5,7,1
51713,0:3:2;1:1:1;1:1:1;1:3:2,2,5,1,1,1,0,1,1,1,1,1,5,7,1
51714,0:3:2;1:1:1;1:1:1;1:3:2,3,0,1,1,1,0,1,1,1,1,1,5,7,9
51715,0:3:2;1:1:1;1:1:1;1:3:2,3,1,1,1,1,0,1,1,1,1,1,5,7,7
51716,0:3:2;1:1:1;1:1:1;1:3:2,3,2,1,1,1,0,1,1,1,1,1,5,7,1
51717,0:3:2;1:1:1;1:1:1;1:3:2,3,3,1,1,1,0,1,1,1,1,1,5,7,1
51718,0:3:2;1:1:1;1:1:1;1:3:2,3,4,1,1,1,0,1,1,1,1,1,5,7,1
51719,0:3:2;1:1:1;1:1:1;1:3:2,3,5,1,1,1,0,1,1,1,1,1,5,7,1
51720,0:3:2;1:1:1;1:1:1;1:3:2,4,0,1,1,1,0,1,1,1,1,1,5,7,9
51721,0:3:2;1:1:1;1:1:1;1:3:2,4,1,1,1,1,0,1,1,1,1,1,5,7,7
51722,0:3:2;1:1:1;1:1:1;1:3:2,4,2,1,1,1,0,1,1,1,1,1,5,7,1
51723,0:3:2;1:1:1;1:1:1;1:3:2,4,3,1,1,1,0,1,1,1,1,1,5,7,1
51724,0:3:2;1:1:1;1:1:1;1:3:2,4,4,1,1,1,0,1,1,1,1,1,5,7,1
51725,0:3:2;1:1:1;1:1:1;1:3:2,4,5,1,1,1,0,1,1,1,1,1,5,7,1
51726,0:3:2;1:1:1;1:1:1;1:3:2,5,0,1,1,1,0,1,1,1,1,1,5,7,9
51727,0:3:2;1:1:1;1:1:1;1:3:2,5,1,1,1,1,0,1,1,1,1,1,5,7,7
51728,0:3:2;1:1:1;1:1:1;1:3:2,5,2,1,1,1,0,1,1,1,1,1,5,7,1
51729,0:3:2;1:1:1;1:1:1;1:3:2,5,3,1,1,1,0,1,1,1,1,1,5,7,1
51730,0:3:2;1:1:1;1:1:1;1:3:2,5,4,1,1,1,0,1,1,1,1,1,5,7,1
51731,0:3:2;1:1:1;1:1:1;1:3:2,5,5,1,1,1,0,1,1,1,1,1,5,7,1
51732,0:3:2;1:1:1;1:1:1;1:3:3,0,0,0,0,0,1,0,0,0,0,0,0,1,24
51733,0:3:2;1:1:1;1:1:1;1:3:3,0,1,0,0,0,1,0,0,0,0,0,0,2,24
51734,0:3:2;1:1:1;1:1:1;1:3:3,0,2,0,0,0,1,0,0,0,0,0,0,14,24
51735,0:3:2;1:1:1;1:1:1;1:3:3,0,3,0,0,0,1,0,0,0,0,0,0,14,24
51736,0:3:2;1:1:1;1:1:1;1:3:3,0,4,0,0,0,1,0,0,0,0,0,0,14,24
51737,0:3:2;1:1:1;1:1:1;1:3:3,0,5,0,0,0,1,0,0,0,0,0,0,14,24
51738,0:3:2;1:1:1;1:1:1;1:3:3,1,0,0,0,0,1,0,0,0,0,0,0,6,24
51739,0:3:2;1:1:1;1:1:1;1:3:3,1,1,0,0,0,1,0,0,0,0,0,0,19,24
51740,0:3:2;1:1:1;1:1:1;1:3:3,1,2,0,0,0,1,0,0,0,0,0,0,23,24
51741,0:3:2;1:1:1;1:1:1;1:3:3,1,3,0,0,0,1,0,0,0,0,0,0,23,24
51742,0:3:2;1:1:1;1:1:1;1:3:3,1,4,0,0,0,1,0,0,0,0,0,0,23,24
51743,0:3:2;1:1:1;1:1:1;1:3:3,1,5,0,0,0,1,0,0,0,0,0,0,23,24
51744,0:3:2;1:1:1;1:1:1;1:3:3,2,0,1,1,0,0,1,1,1,1,1,5,8,9
51745,0:3:2;1:1:1;1:1:1;1:3:3,2,1,1,1,0,0,1,1,1,1,1,5,8,7
51746,0:3:2;1:1:1;1:1:1;1:3:3,2,2,1,1,1,0,1,1,1,1,1,5,8,1
51747,0:3:2;1:1:1;1:1:1;1:3:3,2,3,1,1,1,0,1,1,1,1,1,5,8,1
51748,0:3:2;1:1:1;1:1:1;1:3:3,2,4,1,1,1,0,1,1,1,1,1,5,8,1
51749,0:3:2;1:1:1;1:1:1;1:3:3,2,5,1,1,1,0,1,1,1,1,1,5,8,1
51750,0:3:2;1:1:1;1:1:1;1:3:3,3,0,1,1,0,0,1,1,1,1,1,5,8,9
51751,0:3:2;1:1:1;1:1:1;1:3:3,3,1,1,1,1,0,1,1,1,1,1,5,8,7
51752,0:3:2;1:1:1;1:1:1;1:3:3,3,2,1,1,1,0,1,1,1,1,1,5,8,1
51753,0:3:2;1:1:1;1:1:1;1:3:3,3,3,1,1,1,0,1,1,1,1,1,5,8,1
51754,0:3:2;1:1:1;1:1:1;1:3:3,3,4,1,1,1,0,1,1,1,1,1,5,8,1
51755,0:3:2;1:1:1;1:1:1;1:3:3,3,5,1,1,1,0,1,1,1,1,1,5,8,1
51756,0:3:2;1:1:1;1:1:1;1:3:3,4,0,1,1,1,0,1,1,1,1,1,5,8,9
51757,0:3:2;1:1:1;1:1:1;1:3:3,4,1,1,1,1,0,1,1,1,1,1,5,8,7
51758,0:3:2;1:1:1;1:1:1;1:3:3,4,2,1,1,1,0,1,1,1,1,1,5,8,1
51759,0:3:2;1:1:1;1:1:1;1:3:3,4,3,1,1,1,0,1,1,1,1,1,5,8,1
51760,0:3:2;1:1:1;1:1:1;1:3:3,4,4,1,1,1,0,1,1,1,1,1,5,8,1
51761,0:3:2;1:1:1;1:1:1;1:3:3,4,5,1,1,1,0,1,1,1,1,1,5,8,1
51762,0:3:2;1:1:1;1:1:1;1:3:3,5,0,1,1,1,0,1,1,1,1,1,5,8,9
51763,0:3:2;1:1:1;1:1:1;1:3:3,5,1,1,1,1,0,1,1,1,1,1,5,8,7
51764,0:3:2;1:1:1;1:1:1;1:3:3,5,2,1,1,1,0,1,1,1,1,1,5,8,1
51765,0:3:2;1:1:1;1:1:1;1:3:3,5,3,1,1,1,0,1,1,1,1,1,5,8,1
51766,0:3:2;1:1:1;1:1:1;1:3:3,5,4,1,1,1,0,1,1,1,1,1,5,8,1
51767,0:3:2;1:1:1;1:1:1;1:3:3,5,5,1,1,1,0,1,1,1,1,1,5,8,1
51768,0:3:2;1:1:1;1:1:1;1:4:3,0,0,0,0,0,1,0,0,0,0,0,0,1,24
51769,0:3:2;1:1:1;1:1:1;1:4:3,0,1,0,0,0,1,0,0,0,0,0,0,2,24
51770,0:3:2;1:1:1;1:1:1;1:4:3,0,2,0,0,0,1,0,0,0,0,0,0,14,24
51771,0:3:2;1:1:1;1:1:1;1:4:3,0,3,0,0,0,1,0,0,0,0,0,0,14,24
51772,0:3:2;1:1:1;1:1:1;1:4:3,0,4,0,0,0,1,0,0,0,0,0,0,14,24
51773,0:3:2;1:1:1;1:1:1;1:4:3,0,5,0,0,0,1,0,0,0,0,0,0,14,24
51774,0:3:2;1:1:1;1:1:1;1:4:3,1,0,0,0,0,1,0,0,0,0,0,0,6,24
51775,0:3:2;1:1:1;1:1:1;1:4:3,1,1,0,0,0,1,0,0,0,0,0,0,19,24
51776,0:3:2;1:1:1;1:1:1;1:4:3,1,2,0,0,0,1,0,0,0,0,0,0,23,24
51777,0:3:2;1:1:1;1:1:1;1:4:3,1,3,0,0,0,1,0,0,0,0,0,0,23,24
51778,0:3:2;1:1:1;1:1:1;1:4:3,1,4,0,0,0,1,0,0,0,0,0,0,23,24
51779,0:3:2;1:1:1;1:1:1;1:4:3,1,5,0,0,0,1,0,0,0,0,0,0,23,24
51780,0:3:2;1:1:1;1:1:1;1:4:3,2,0,1,1,0,0,1,1,1,1,1,5,8,9
51781,0:3:2;1:1:1;1:1:1;1:4:3,2,1,1,1,0,0,1,1,1,1,1,5,8,7
51782,0:3:2;1:1:1;1:1:1;1:4:3,2,2,1,1,1,0,1,1,1,1,1,5,8,1
51783,0:3:2;1:1:1;1:1:1;1:4:3,2,3,1,1,1,0,1,1,1,1,1,5,8,1
51784,0:3:2;1:1:1;1:1:1;1:4:3,2,4,1,1,1,0,1,1,1,1,1,5,8,1
51785,0:3:2;1:1:1;1:1:1;1:4:3,2,5,1,1,1,0,1,1,1,1,1,5,8,1
51786,0:3:2;1:1:1;1:1:1;1:4:3,3,0,1,1,0,0,1,1,1,1,1,5,8,9
51787,0:3:2;1:1:1;1:1:1;1:4:3,3,1,1,1,1,0,1,1,1,1,1,5,8,7
51788,0:3:2;1:1:1;1:1:1;1:4:3,3,2,1,1,1,0,1,1,1,1,1,5,8,1
51789,0:3:2;1:1:1;1:1:1;1:4:3,3,3,1,1,1,0,1,1,1,1,1,5,8,1
51790,0:3:2;1:1:1;1:1:1;1:4:3,3,4,1,1,1,0,1,1,1,1,1,5,8,1
51791,0:3:2;1:1:1;1:1:1;1:4:3,3,5,1,1,1,0,1,1,1,1,1,5,8,1
51792,0:3:2;1:1:1;1:1:1;1:4:3,4,0,1,1,1,0,1,1,1,1,1,5,8,9
51793,0:3:2;1:1:1;1:1:1;1:4:3,4,1,1,1,1,0,1,1,1,1,1,5,8,7
51794,0:3:2;1:1:1;1:1:1;1:4:3,4,2,1,1,1,0,1,1,1,1,1,5,8,1
51795,0:3:2;1:1:1;1:1:1;1:4:3,4,3,1,1,1,0,1,1,1,1,1,5,8,1
51796,0:3:2;1:1:1;1:1:1;1:4:3,4,4,1,1,1,0,1,1,1,1,1,5,8,1
51797,0:3:2;1:1:1;1:1:1;1:4:3,4,5,1,1,1,0,1,1,1,1,1,5,8,1
51798,0:3:2;1:1:1;1:1:1;1:4:3,5,0,1,1,1,0,1,1,1,1,1,5,8,9
51799,0:3:2;1:1:1;1:1:1;1:4:3,5,1,1,1,1,0,1,1,1,1,1,5,8,7
51800,0:3:2;1:1:1;1:1:1;1:4:3,5,2,1,1,1,0,1,1,1,1,1,5,8,1
51801,0:3:2;1:1:1;1:1:1;1:4:3,5,3,1,1,1,0,1,1,1,1,1,5,8,1
51802,0:3:2;1:1:1;1:1:1;1:4:3,5,4,1,1,1,0,1,1,1,1,1,5,8,1
51803,0:3:2;1:1:1;1:1:1;1:4:3,5,5,1,1,1,0,1,1,1,1,1,5,8,1
51804,0:3:2;1:1:1;1:2:1;1:2:1,0,0,1,0,0,1,0,0,0,0,0,1,1,24
51805,0:3:2;1:1:1;1:2:1;1:2:1,0,1,1,0,0,1,0,0,0,0,0,1,2,24
51806,0:3:2;1:1:1;1:2:1;1:2:1,0,2,1,1,1,0,1,1,1,1,1,5,6,1
51807,0:3:2;1:1:1;1:2:1;1:2:1,0,3,1,1,1,0,1,1,1,1,1,5,6,1
51808,0:3:2;1:1:1;1:2:1;1:2:1,0,4,1,1,1,0,1,1,1,1,1,5,6,1
51809,0:3:2;1:1:1;1:2:1;1:2:1,0,5,1,1,1,0,1,1,1,1,1,5,6,1
51810,0:3:2;1:1:1;1:2:1;1:2:1,1,0,1,1,0,1,0,0,0,1,1,6,8,13
51811,0:3:2;1:1:1;1:2:1;1:2:1,1,1,1,1,1,0,1,1,1,1,1,5,6,7
51812,0:3:2;1:1:1;1:2:1;1:2:1,1,2,1,1,1,0,1,1,1,1,1,5,6,1
51813,0:3:2;1:1:1;1:2:1;1:2:1,1,3,1,1,1,0,1,1,1,1,1,5,6,1
51814,0:3:2;1:1:1;1:2:1;1:2:1,1,4,1,1,1,0,1,1,1,1,1,5,6,1
51815,0:3:2;1:1:1;1:2:1;1:2:1,1,5,1,1,1,0,1,1,1,1,1,5,6,1
51816,0:3:2;1:1:1;1:2:1;1:2:1,2,0,1,1,1,0,1,1,1,1,1,5,6,9
51817,0:3:2;1:1:1;1:2:1;1:2:1,2,1,1,1,1,0,1,1,1,1,1,5,6,7
51818,0:3:2;1:1:1;1:2:1;1:2:1,2,2,1,1,1,0,1,1,1,1,1,5,6,1
51819,0:3:2;1:1:1;1:2:1;1:2:1,2,3,1,1,1,0,1,1,1,1,1,5,6,1
51820,0:3:2;1:1:1;1:2:1;1:2:1,2,4,1,1,1,0,1,1,1,1,1,5,6,1
51821,0:3:2;1:1:1;1:2:1;1:2:1,2,5,1,1,1,0,1,1,1,1,1,5,6,1
51822,0:3:2;1:1:1;1:2:1;1:2:1,3,0,1,1,1,0,1,1,1,1,1,5,6,9
51823,0:3:2;1:1:1;1:2:1;1:2:1,3,1,1,1,1,0,1,1,1,1,1,5,6,7
51824,0:3:2;1:1:1;1:2:1;1:2:1,3,2,1,1,1,0,1,1,1,1,1,5,6,1
51825,0:3:2;1:1:1;1:2:1;1:2:1,3,3,1,1,1,0,1,1,1,1,1,5,6,1
51826,0:3:2;1:1:1;1:2:1;1:2:1,3,4,1,1,1,0,1,1,1,1,1,5,6,1
51827,0:3:2;1:1:1;1:2:1;1:2:1,3,5,1,1,1,0,1,1,1,1,1,5,6,1
51828,0:3:2;1:1:1;1:2:1;1:2:1,4,0,1,1,1,0,1,1,1,1,1,5,6,9
51829,0:3:2;1:1:1;1:2:1;1:2:1,4,1,1,1,1,0,1,1,1,1,1,5,6,7
51830,0:3:2;1:1:1;1:2:1;1:2:1,4,2,1,1,1,0,1,1,1,1,1,5,6,1
51831,0:3:2;1:1:1;1:2:1;1:2:1,4,3,1,1,1,0,1,1,1,1,1,5,6,1
51832,0:3:2;1:1:1;1:2:1;1:2:1,4,4,1,1,1,0,1,1,1,1,1,5,6,1
51833,0:3:2;1:1:1;1:2:1;1:2:1,4,5,1,1,1,0,1,1,1,1,1,5,6,1
51834,0:3:2;1:1:1;1:2:1;1:2:1,5,0,1,1,1,0,1,1,1,1,1,5,6,9
51835,0:3:2;1:1:1;1:2:1;1:2:1,5,1,1,1,1,0,1,1,1,1,1,5,6,7
51836,0:3:2;1:1:1;1:2:1;1:2:1,5,2,1,1,1,0,1,1,1,1,1,5,6,1
51837,0:3:2;1:1:1;1:2:1;1:2:1,5,3,1,1,1,0,1,1,1,1,1,5,6,1
51838,0:3:2;1:1:1;1:2:1;1:2:1,5,4,1,1,1,0,1,1,1,1,1,5,6,1
51839,0:3:2;1:1:1;1:2:1;1:2:1,5,5,1,1,1,0,1,1,1,1,1,5,6,1
51840,0:3:2;1:1:1;1:2:1;1:2:2,0,0,0,0,0,1,0,0,0,0,0,0,1,24
51841,0:3:2;1:1:1;1:2:1;1:2:2,0,1,0,0,0,1,0,0,0,0,0,0,2,24
51842,0:3:2;1:1:1;1:2:1;1:2:2,0,2,0,0,0,1,0,0,0,0,0,0,13,24
51843,0:3:2;1:1:1;1:2:1;1:2:2,0,3,0,0,0,1,0,0,0,0,0,0,13,24
51844,0:3:2;1:1:1;1:2:1;1:2:2,0,4,0,0,0,1,0,0,0,0,0,0,13,24
51845,0:3:2;1:1:1;1:2:1;1:2:2,0,5,0,0,0,1,0,0,0,0,0,0,13,24
51846,0:3:2;1:1:1;1:2:1;1:2:2,1,0,1,1,0,1,0,0,0,1,1,6,9,13
51847,0:3:2;1:1:1;1:2:1;1:2:2,1,1,1,1,0,0,1,1,1,1,1,5,7,7
51848,0:3:2;1:1:1;1:2:1;1:2:2,1,2,1,1,1,0,1,1,1,1,1,5,7,1
51849,0:3:2;1:1:1;1:2:1;1:2:2,1,3,1,1,1,0,1,1,1,1,1,5,7,1
51850,0:3:2;1:1:1;1:2:1;1:2:2,1,4,1,1,1,0,1,1,1,1,1,5,7,1
51851,0:3:2;1:1:1;1:2:1;1:2:2,1,5,1,1,1,0,1,1,1,1,1,5,7,1
51852,0:3:2;1:1:1;1:2:1;1:2:2,2,0,1,1,0,0,1,1,1,1,1,5,7,9
51853,0:3:2;1:1:1;1:2:1;1:2:2,2,1,1,1,1,0,1,1,1,1,1,5,7,7
51854,0:3:2;1:1:1;1:2:1;1:2:2,2,2,1,1,1,0,1,1,1,1,1,5,7,1
51855,0:3:2;1:1:1;1:2:1;1:2:2,2,3,1,1,1,0,1,1,1,1,1,5,7,1
51856,0:3:2;1:1:1;1:2:1;1:2:2,2,4,1,1,1,0,1,1,1,1,1,5,7,1
51857,0:3:2;1:1:1;1:2:1;1:2:2,2,5,1,1,1,0,1,1,1,1,1,5,7,1
51858,0:3:2;1:1:1;1:2:1;1:2:2,3,0,1,1,1,0,1,1,1,1,1,5,7,9
51859,0:3:2;1:1:1;1:2:1;1:2:2,3,1,1,1,1,0,1,1,1,1,1,5,7,7
51860,0:3:2;1:1:1;1:2:1;1:2:2,3,2,1,1,1,0,1,1,1,1,1,5,7,1
51861,0:3:2;1:1:1;1:2:1;1:2:2,3,3,1,1,1,0,1,1,1,1,1,5,7,1
51862,0:3:2;1:1:1;1:2:1;1:2:2,3,4,1,1,1,0,1,1,1,1,1,5,7,1
51863,0:3:2;1:1:1;1:2:1;1:2:2,3,5,1,1,1,0,1,1,1,1,1,5,7,1
51864,0:3:2;1:1:1;1:2:1;1:2:2,4,0,1,1,1,0,1,1,1,1,1,5,7,9
51865,0:3:2;1:1:1;1:2:1;1:2:2,4,1,1,1,1,0,1,1,1,1,1,5,7,7
51866,0:3:2;1:1:1;1:2:1;1:2:2,4,2,1,1,1,0,1,1,1,1,1,5,7,1
51867,0:3:2;1:1:1;1:2:1;1:2:2,4,3,1,1,1,0,1,1,1,1,1,5,7,1
51868,0:3:2;1:1:1;1:2:1;1:2:2,4,4,1,1,1,0,1,1,1,1,1,5,7,1
51869,0:3:2;1:1:1;1:2:1;1:2:2,4,5,1,1,1,0,1,1,1,1,1,5,7,1
51870,0:3:2;1:1:1;1:2:1;1:2:2,5,0,1,1,1,0,1,1,1,1,1,5,7,9
51871,0:3:2;1:1:1;1:2:1;1:2:2,5,1,1,1,1,0,1,1,1,1,1,5,7,7
51872,0:3:2;1:1:1;1:2:1;1:2:2,5,2,1,1,1,0,1,1,1,1,1,5,7,1
51873,0:3:2;1:1:1;1:2:1;1:2:2,5,3,1,1,1,0,1,1,1,1,1,5,7,1
51874,0:3:2;1:1:1;1:2:1;1:2:2,5,4,1,1,1,0,1,1,1,1,1,5,7,1
51875,0:3:2;1:1:1;1:2:1;1:2:2,5,5,1,1,1,0,1,1,1,1,1,5,7,1
51876,0:3:2;1:1:1;1:2:1;1:3:2,0,0,0,0,0,1,0,0,0,0,0,0,1,24
51877,0:3:2;1:1:1;1:2:1;1:3:2,0,1,0,0,0,1,0,0,0,0,0,0,2,24
51878,0:3:2;1:1:1;1:2:1;1:3:2,0,2,0,0,0,1,0,0,0,0,0,0,13,24
51879,0:3:2;1:1:1;1:2:1;1:3:2,0,3,0,0,0,1,0,0,0,0,0,0,13,24
51880,0:3:2;1:1:1;1:2:1;1:3:2,0,4,0,0,0,1,0,0,0,0,0,0,13,24
51881,0:3:2;1:1:1;1:2:1;1:3:2,0,5,0,0,0,1,0,0,0,0,0,0,13,24
51882,0:3:2;1:1:1;1:2:1;1:3:2,1,0,1,1,0,1,0,0,0,1,1,6,9,13
51883,0:3:2;1:1:1;1:2:1;1:3:2,1,1,1,1,0,0,1,1,1,1,1,5,7,7
51884,0:3:2;1:1:1;1:2:1;1:3:2,1,2,1,1,1,0,1,1,1,1,1,5,7,1
51885,0:3:2;1:1:1;1:2:1;1:3:2,1,3,1,1,1,0,1,1,1,1,1,5,7,1
51886,0:3:2;1:1:1;1:2:1;1:3:2,1,4,1,1,1,0,1,1,1,1,1,5,7,1
51887,0:3:2;1:1:1;1:2:1;1:3:2,1,5,1,1,1,0,1,1,1,1,1,5,7,1
51888,0:3:2;1:1:1;1:2:1;1:3:2,2,0,1,1,0,0,1,1,1,1,1,5,7,9
51889,0:3:2;1:1:1;1:2:1;1:3:2,2,1,1,1,1,0,1,1,1,1,1,5,7,7
51890,0:3:2;1:1:1;1:2:1;1:3:2,2,2,1,1,1,0,1,1,1,1,1,5,7,1
51891,0:3:2;1:1:1;1:2:1;1:3:2,2,3,1,1,1,0,1,1,1,1,1,5,7,1
51892,0:3:2;1:1:1;1:2:1;1:3:2,2,4,1,1,1,0,1,1,1,1,1,5,7,1
51893,0:3:2;1:1:1;1:2:1;1:3:2,2,5,1,1,1,0,1,1,1,1,1,5,7,1
51894,0:3:2;1:1:1;1:2:1;1:3:2,3,0,1,1,1,0,1,1,1,1,1,5,7,9
51895,0:3:2;1:1:1;1:2:1;1:3:2,3,1,1,1,1,0,1,1,1,1,1,5,7,7
51896,0:3:2;1:1:1;1:2:1;1:3:2,3,2,1,1,1,0,1,1,1,1,1,5,7,1
51897,0:3:2;1:1:1;1:2:1;1:3:2,3,3,1,1,1,0,1,1,1,1,1,5,7,1
51898,0:3:2;1:1:1;1:2:1;1:3:2,3,4,1,1,1,0,1,1,1,1,1,5,7,1
51899,0:3:2;1:1:1;1:2:1;1:3:2,3,5,1,1,1,0,1,1,1,1,1,5,7,1
51900,0:3:2;1:1:1;1:2:1;1:3:2,4,0,1,1,1,0,1,1,1,1,1,5,7,9
51901,0:3:2;1:1:1;1:2:1;1:3:2,4,1,1,1,1,0,1,1,1,1,1,5,7,7
51902,0:3:2;1:1:1;1:2:1;1:3:2,4,2,1,1,1,0,1,1,1,1,1,5,7,1
51903,0:3:2;1:1:1;1:2:1;1:3:2,4,3,1,1,1,0,1,1,1,1,1,5,7,1
51904,0:3:2;1:1:1;1:2:1;1:3:2,4,4,1,1,1,0,1,1,1,1,1,5,7,1
51905,0:3:2;1:1:1;1:2:1;1:3:2,4,5,1,1,1,0,1,1,1,1,1,5,7,1
51906,0:3:2;1:1:1;1:2:1;1:3:2,5,0,1,1,1,0,1,1,1,1,1,5,7,9
51907,0:3:2;1:1:1;1:2:1;1:3:2,5,1,1,1,1,0,1,1,1,1,1,5,7,7
51908,0:3:2;1:1:1;1:2:1;1:3:2,5,2,1,1,1,0,1,1,1,1,1,5,7,1
51909,0:3:2;1:1:1;1:2:1;1:3:2,5,3,1,1,1,0,1,1,1,1,1,5,7,1
51910,0:3:2;1:1:1;1:2:1;1:3:2,5,4,1,1,1,0,1,1,1,1,1,5,7,1
51911,0:3:2;1:1:1;1:2:1;1:3:2,5,5,1,1,1,0,1,1,1,1,1,5,7,1
51912,0:3:2;1:1:1;1:2:1;1:3:3,0,0,0,0,0,1,0,0,0,0,0,0,1,24
51913,0:3:2;1:1:1;1:2:1;1:3:3,0,1,0,0,0,1,0,0,0,0,0,0,2,24
51914,0:3:2;1:1:1;1:2:1;1:3:3,0,2,0,0,0,1,0,0,0,0,0,0,14,24
51915,0:3:2;1:1:1;1:2:1;1:3:3,0,3,0,0,0,1,0,0,0,0,0,0,14,24
51916,0:3:2;1:1:1;1:2:1;1:3:3,0,4,0,0,0,1,0,0,0,0,0,0,14,24
51917,0:3:2;1:1:1;1:2:1;1:3:3,0,5,0,0,0,1,0,0,0,0,0,0,14,24
51918,0:3:2;1:1:1;1:2:1;1:3:3,1,0,0,0,0,1,0,0,0,0,0,0,13,24
51919,0:3:2;1:1:1;1:2:1;1:3:3,1,1,0,0,0,1,0,0,0,0,0,0,19,24
51920,0:3:2;1:1:1;1:2:1;1:3:3,1,2,0,0,0,1,0,0,0,0,0,0,23,24
51921,0:3:2;1:1:1;1:2:1;1:3:3,1,3,0,0,0,1,0,0,0,0,0,0,23,24
51922,0:3:2;1:1:1;1:2:1;1:3:3,1,4,0,0,0,1,0,0,0,0,0,0,23,24
51923,0:3:2;1:1:1;1:2:1;1:3:3,1,5,0,0,0,1,0,0,0,0,0,0,23,24
51924,0:3:2;1:1:1;1:2:1;1:3:3,2,0,1,1,0,0,1,1,1,1,1,5,8,9
51925,0:3:2;1:1:1;1:2:1;1:3:3,2,1,1,1,0,0,1,1,1,1,1,5,8,7
51926,0:3:2;1:1:1;1:2:1;1:3:3,2,2,1,1,1,0,1,1,1,1,1,5,8,1
51927,0:3:2;1:1:1;1:2:1;1:3:3,2,3,1,1,1,0,1,1,1,1,1,5,8,1
51928,0:3:2;1:1:1;1:2:1;1:3:3,2,4,1,1,1,0,1,1,1,1,1,5,8,1
51929,0:3:2;1:1:1;1:2:1;1:3:3,2,5,1,1,1,0,1,1,1,1,1,5,8,1
51930,0:3:2;1:1:1;1:2:1;1:3:3,3,0,1,1,0,0,1,1,1,1,1,5,8,9
51931,0:3:2;1:1:1;1:2:1;1:3:3,3,1,1,1,1,0,1,1,1,1,1,5,8,7
51932,0:3:2;1:1:1;1:2:1;1:3:3,3,2,1,1,1,0,1,1,1,1,1,5,8,1
51933,0:3:2;1:1:1;1:2:1;1:3:3,3,3,1,1,1,0,1,1,1,1,1,5,8,1
51934,0:3:2;1:1:1;1:2:1;1:3:3,3,4,1,1,1,0,1,1,1,1,1,5,8,1
51935,0:3:2;1:1:1;1:2:1;1:3:3,3,5,1,1,1,0,1,1,1,1,1,5,8,1
51936,0:3:2;1:1:1;1:2:1;1:3:3,4,0,1,1,1,0,1,1,1,1,1,5,8,9
51937,0:3:2;1:1:1;1:2:1;1:3:3,4,1,1,1,1,0,1,1,1,1,1,5,8,7
51938,0:3:2;1:1:1;1:2:1;1:3:3,4,2,1,1,1,0,1,1,1,1,1,5,8,1
51939,0:3:2;1:1:1;1:2:1;1:3:3,4,3,1,1,1,0,1,1,1,1,1,5,8,1
51940,0:3:2;1:1:1;1:2:1;1:3:3,4,4,1,1,1,0,1,1,1,1,1,5,8,1
51941,0:3:2;1:1:1;1:2:1;1:3:3,4,5,1,1,1,0,1,1,1,1,1,5,8,1
51942,0:3:2;1:1:1;1:2:1;1:3:3,5,0,1,1,1,0,1,1,1,1,1,5,8,9
51943,0:3:2;1:1:1;1:2:1;1:3:3,5,1,1,1,1,0,1,1,1,1,1,5,8,7
51944,0:3:2;1:1:1;1:2:1;1:3:3,5,2,1,1,1,0,1,1,1,1,1,5,8,1
51945,0:3:2;1:1:1;1:2:1;1:3:3,5,3,1,1,1,0,1,1,1,1,1,5,8,1
51946,0:3:2;1:1:1;1:2:1;1:3:3,5,4,1,1,1,0,1,1,1,1,1,5,8,1
51947,0:3:2;1:1:1;1:2:1;1:3:3,5,5,1,1,1,0,1,1,1,1,1,5,8,1
51948,0:3:2;1:1:1;1:2:1;1:4:3,0,0,0,0,0,1,0,0,0,0,0,0,1,24
51949,0:3:2;1:1:1;1:2:1;1:4:3,0,1,0,0,0,1,0,0,0,0,0,0,2,24
51950,0:3:2;1:1:1;1:2:1;1:4:3,0,2,0,0,0,1,0,0,0,0,0,0,14,24
51951,0:3:2;1:1:1;1:2:1;1:4:3,0,3,0,0,0,1,0,0,0,0,0,0,14,24
51952,0:3:2;1:1:1;1:2:1;1:4:3,0,4,0,0,0,1,0,0,0,0,0,0,14,24
51953,0:3:2;1:1:1;1:2:1;1:4:3,0,5,0,0,0,1,0,0,0,0,0,0,14,24
51954,0:3:2;1:1:1;1:2:1;1:4:3,1,0,0,0,0,1,0,0,0,0,0,0,13,24
51955,0:3:2;1:1:1;1:2:1;1:4:3,1,1,0,0,0,1,0,0,0,0,0,0,19,24
51956,0:3:2;1:1:1;1:2:1;1:4:3,1,2,0,0,0,1,0,0,0,0,0,0,23,24
51957,0:3:2;1:1:1;1:2:1;1:4:3,1,3,0,0,0,1,0,0,0,0,0,0,23,24
51958,0:3:2;1:1:1;1:2:1;1:4:3,1,4,0,0,0,1,0,0,0,0,0,0,23,24
51959,0:3:2;1:1:1;1:2:1;1:4:3,1,5,0,0,0,1,0,0,0,0,0,0,23,24
51960,0:3:2;1:1:1;1:2:1;1:4:3,2,0,1,1,0,0,1,1,1,1,1,5,8,9
51961,0:3:2;1:1:1;1:2:1;1:4:3,2,1,1,1,0,0,1,1,1,1,1,5,8,7
51962,0:3:2;1:1:1;1:2:1;1:4:3,2,2,1,1,1,0,1,1,1,1,1,5,8,1
51963,0:3:2;1:1:1;1:2:1;1:4:3,2,3,1,1,1,0,1,1,1,1,1,5,8,1
51964,0:3:2;1:1:1;1:2:1;1:4:3,2,4,1,1,1,0,1,1,1,1,1,5,8,1
51965,0:3:2;1:1:1;1:2:1;1:4:3,2,5,1,1,1,0,1,1,1,1,1,5,8,1
51966,0:3:2;1:1:1;1:2:1;1:4:3,3,0,1,1,0,0,1,1,1,1,1,5,8,9
51967,0:3:2;1:1:1;1:2:1;1:4:3,3,1,1,1,1,0,1,1,1,1,1,5,8,7
51968,0:3:2;1:1:1;1:2:1;1:4:3,3,2,1,1,1,0,1,1,1,1,1,5,8,1
51969,0:3:2;1:1:1;1:2:1;1:4:3,3,3,1,1,1,0,1,1,1,1,1,5,8,1
51970,0:3:2;1:1:1;1:2:1;1:4:3,3,4,1,1,1,0,1,1,1,1,1,5,8,1
51971,0:3:2;1:1:1;1:2:1;1:4:3,3,5,1,1,1,0,1,1,1,1,1,5,8,1
51972,0:3:2;1:1:1;1:2:1;1:4:3,4,0,1,1,1,0,1,1,1,1,1,5,8,9
51973,0:3:2;1:1:1;1:2:1;1:4:3,4,1,1,1,1,0,1,1,1,1,1,5,8,7
51974,0:3:2;1:1:1;1:2:1;1:4:3,4,2,1,1,1,0,1,1,1,1,1,5,8,1
51975,0:3:2;1:1:1;1:2:1;1:4:3,4,3,1,1,1,0,1,1,1,1,1,5,8,1
51976,0:3:2;1:1:1;1:2:1;1:4:3,4,4,1,1,1,0,1,1,1,1,1,5,8,1
51977,0:3:2;1:1:1;1:2:1;1:4:3,4,5,1,1,1,0,1,1,1,1,1,5,8,1
51978,0:3:2;1:1:1;1:2:1;1:4:3,5,0,1,1,1,0,1,1,1,1,1,5,8,9
51979,0:3:2;1:1:1;1:2:1;1:4:3,5,1,1,1,1,0,1,1,1,1,1,5,8,7
51980,0:3:2;1:1:1;1:2:1;1:4:3,5,2,1,1,1,0,1,1,1,1,1,5,8,1
51981,0:3:2;1:1:1;1:2:1;1:4:3,5,3,1,1,1,0,1,1,1,1,1,5,8,1
51982,0:3:2;1:1:1;1:2:1;1:4:3,5,4,1,1,1,0,1,1,1,1,1,5,8,1
51983,0:3:2;1:1:1;1:2:1;1:4:3,5,5,1,1,1,0,1,1,1,1,1,5,8,1
51984,0:3:2;1:1:1;1:2:2;1:2:2,0,0,0,0,0,1,0,0,0,0,0,0,1,24
51985,0:3:2;1:1:1;1:2:2;1:2:2,0,1,0,0,0,1,0,0,0,0,0,0,2,24
51986,0:3:2;1:1:1;1:2:2;1:2:2,0,2,0,0,0,1,0,0,0,0,0,0,16,24
51987,0:3:2;1:1:1;1:2:2;1:2:2,0,3,0,0,0,1,0,0,0,0,0,0,16,24
51988,0:3:2;1:1:1;1:2:2;1:2:2,0,4,0,0,0,1,0,0,0,0,0,0,16,24
51989,0:3:2;1:1:1;1:2:2;1:2:2,0,5,0,0,0,1,0,0,0,0,0,0,16,24
51990,0:3:2;1:1:1;1:2:2;1:2:2,1,0,0,0,0,1,0,0,0,0,0,0,5,24
51991,0:3:2;1:1:1;1:2:2;1:2:2,1,1,0,0,0,1,0,0,0,0,0,0,16,24
51992,0:3:2;1:1:1;1:2:2;1:2:2,1,2,0,0,0,1,0,0,0,0,0,0,25,24
51993,0:3:2;1:1:1;1:2:2;1:2:2,1,3,0,0,0,1,0,0,0,0,0,0,25,24
51994,0:3:2;1:1:1;1:2:2;1:2:2,1,4,0,0,0,1,0,0,0,0,0,0,25,24
51995,0:3:2;1:1:1;1:2:2;1:2:2,1,5,0,0,0,1,0,0,0,0,0,0,25,24
51996,0:3:2;1:1:1;1:2:2;1:2:2,2,0,1,1,0,1,0,0,1,0,1,6,14,13
51997,0:3:2;1:1:1;1:2:2;1:2:2,2,1,1,1,1,0,1,1,1,1,1,5,8,7
51998,0:3:2;1:1:1;1:2:2;1:2:2,2,2,1,1,1,0,1,1,1,1,1,5,8,1
51999,0:3:2;1:1:1;1:2:2;1:2:2,2,3,1,1,1,0,1,1,1,1,1,5,8,1
52000,0:3:2;1:1:1;1:2:2;1:2:2,2,4,1,1,1,0,1,1,1,1,1,5,8,1
52001,0:3:2;1:1:1;1:2:2;1:2:2,2,5,1,1,1,0,1,1,1,1,1,5,8,1
52002,0:3:2;1:1:1;1:2:2;1:2:2,3,0,1,1,1,0,1,1,1,1,1,5,8,9
52003,0:3:2;1:1:1;1:2:2;1:2:2,3,1,1,1,1,0,1,1,1,1,1,5,8,7
52004,0:3:2;1:1:1;1:2:2;1:2:2,3,2,1,1,1,0,1,1,1,1,1,5,8,1
52005,0:3:2;1:1:1;1:2:2;1:2:2,3,3,1,1,1,0,1,1,1,1,1,5,8,1
52006,0:3:2;1:1:1;1:2:2;1:2:2,3,4,1,1,1,0,1,1,1,1,1,5,8,1
52007,0:3:2;1:1:1;1:2:2;1:2:2,3,5,1,1,1,0,1,1,1,1,1,5,8,1
52008,0:3:2;1:1:1;1:2:2;1:2:2,4,0,1,1,1,0,1,1,1,1,1,5,8,9
52009,0:3:2;1:1:1;1:2:2;1:2:2,4,1,1,1,1,0,1,1,1,1,1,5,8,7
52010,0:3:2;1:1:1;1:2:2;1:2:2,4,2,1,1,1,0,1,1,1,1,1,5,8,1
52011,0:3:2;1:1:1;1:2:2;1:2:2,4,3,1,1,1,0,1,1,1,1,1,5,8,1
52012,0:3:2;1:1:1;1:2:2;1:2:2,4,4,1,1,1,0,1,1,1,1,1,5,8,1
52013,0:3:2;1:1:1;1:2:2;1:2:2,4,5,1,1,1,0,1,1,1,1,1,5,8,1
52014,0:3:2;1:1:1;1:2:2;1:2:2,5,0,1,1,1,0,1,1,1,1,1,5,8,9
52015,0:3:2;1:1:1;1:2:2;1:2:2,5,1,1,1,1,0,1,1,1,1,1,5,8,7
52016,0:3:2;1:1:1;1:2:2;1:2:2,5,2,1,1,1,0,1,1,1,1,1,5,8,1
52017,0:3:2;1:1:1;1:2:2;1:2:2,5,3,1,1,1,0,1,1,1,1,1,5,8,1
52018,0:3:2;1:1:1;1:2:2;1:2:2,5,4,1,1,1,0,1,1,1,1,1,5,8,1
52019,0:3:2;1:1:1;1:2:2;1:2:2,5,5,1,1,1,0,1,1,1,1,1,5,8,1
52020,0:3:2;1:1:1;1:2:2;1:3:2,0,0,0,0,0,1,0,0,0,0,0,0,1,24
52021,0:3:2;1:1:1;1:2:2;1:3:2,0,1,0,0,0,1,0,0,0,0,0,0,2,24
52022,0:3:2;1:1:1;1:2:2;1:3:2,0,2,0,0,0,1,0,0,0,0,0,0,16,24
52023,0:3:2;1:1:1;1:2:2;1:3:2,0,3,0,0,0,1,0,0,0,0,0,0,16,24
52024,0:3:2;1:1:1;1:2:2;1:3:2,0,4,0,0,0,1,0,0,0,0,0,0,16,24
52025,0:3:2;1:1:1;1:2:2;1:3:2,0,5,0,0,0,1,0,0,0,0,0,0,16,24
52026,0:3:2;1:1:1;1:2:2;1:3:2,1,0,0,0,0,1,0,0,0,0,0,0,5,24
52027,0:3:2;1:1:1;1:2:2;1:3:2,1,1,0,0,0,1,0,0,0,0,0,0,16,24
52028,0:3:2;1:1:1;1:2:2;1:3:2,1,2,0,0,0,1,0,0,0,0,0,0,25,24
52029,0:3:2;1:1:1;1:2:2;1:3:2,1,3,0,0,0,1,0,0,0,0,0,0,25,24
52030,0:3:2;1:1:1;1:2:2;1:3:2,1,4,0,0,0,1,0,0,0,0,0,0,25,24
52031,0:3:2;1:1:1;1:2:2;1:3:2,1,5,0,0,0,1,0,0,0,0,0,0,25,24
52032,0:3:2;1:1:1;1:2:2;1:3:2,2,0,1,1,0,1,0,0,1,1,1,6,14,13
52033,0:3:2;1:1:1;1:2:2;1:3:2,2,1,1,1,1,0,1,1,1,1,1,5,8,7
52034,0:3:2;1:1:1;1:2:2;1:3:2,2,2,1,1,1,0,1,1,1,1,1,5,8,1
52035,0:3:2;1:1:1;1:2:2;1:3:2,2,3,1,1,1,0,1,1,1,1,1,5,8,1
52036,0:3:2;1:1:1;1:2:2;1:3:2,2,4,1,1,1,0,1,1,1,1,1,5,8,1
52037,0:3:2;1:1:1;1:2:2;1:3:2,2,5,1,1,1,0,1,1,1,1,1,5,8,1
52038,0:3:2;1:1:1;1:2:2;1:3:2,3,0,1,1,1,0,1,1,1,1,1,5,8,9
52039,0:3:2;1:1:1;1:2:2;1:3:2,3,1,1,1,1,0,1,1,1,1,1,5,8,7
52040,0:3:2;1:1:1;1:2:2;1:3:2,3,2,1,1,1,0,1,1,1,1,1,5,8,1
52041,0:3:2;1:1:1;1:2:2;1:3:2,3,3,1,1,1,0,1,1,1,1,1,5,8,1
52042,0:3:2;1:1:1;1:2:2;1:3:2,3,4,1,1,1,0,1,1,1,1,1,5,8,1
52043,0:3:2;1:1:1;1:2:2;1:3:2,3,5,1,1,1,0,1,1,1,1,1,5,8,1
52044,0:3:2;1:1:1;1:2:2;1:3:2,4,0,1,1,1,0,1,1,1,1,1,5,8,9
52045,0:3:2;1:1:1;1:2:2;1:3:2,4,1,1,1,1,0,1,1,1,1,1,5,8,7
52046,0:3:2;1:1:1;1:2:2;1:3:2,4,2,1,1,1,0,1,1,1,1,1,5,8,1
52047,0:3:2;1:1:1;1:2:2;1:3:2,4,3,1,1,1,0,1,1,1,1,1,5,8,1
52048,0:3:2;1:1:1;1:2:2;1:3:2,4,4,1,1,1,0,1,1,1,1,1,5,8,1
52049,0:3:2;1:1:1;1:2:2;1:3:2,4,5,1,1,1,0,1,1,1,1,1,5,8,1
52050,0:3:2;1:1:1;1:2:2;1:3:2,5,0,1,1,1,0,1,1,1,1,1,5,8,9
52051,0:3:2;1:1:1;1:2:2;1:3:2,5,1,1,1,1,0,1,1,1,1,1,5,8,7
52052,0:3:2;1:1:1;1:2:2;1:3:2,5,2,1,1,1,0,1,1,1,1,1,5,8,1
52053,0:3:2;1:1:1;1:2:2;1:3:2,5,3,1,1,1,0,1,1,1,1,1,5,8,1
52054,0:3:2;1:1:1;1:2:2;1:3:2,5,4,1,1,1,0,1,1,1,1,1,5,8,1
52055,0:3:2;1:1:1;1:2:2;1:3:2,5,5,1,1,1,0,1,1,1,1,1,5,8,1
52056,0:3:2;1:1:1;1:2:2;1:3:3,0,0,0,0,0,1,0,0,0,0,0,0,1,24
52057,0:3:2;1:1:1;1:2:2;1:3:3,0,1,0,0,0,1,0,0,0,0,0,0,2,24
52058,0:3:2;1:1:1;1:2:2;1:3:3,0,2,0,0,0,1,0,0,0,0,0,0,17,24
52059,0:3:2;1:1:1;1:2:2;1:3:3,0,3,0,0,0,1,0,0,0,0,0,0,17,24
52060,0:3:2;1:1:1;1:2:2;1:3:3,0,4,0,0,0,1,0,0,0,0,0,0,17,24
52061,0:3:2;1:1:1;1:2:2;1:3:3,0,5,0,0,0,1,0,0,0,0,0,0,17,24
52062,0:3:2;1:1:1;1:2:2;1:3:3,1,0,0,0,0,1,0,0,0,0,0,0,5,24
52063,0:3:2;1:1:1;1:2:2;1:3:3,1,1,0,0,0,1,0,0,0,0,0,0,17,24
52064,0:3:2;1:1:1;1:2:2;1:3:3,1,2,0,0,0,1,0,0,0,0,0,0,28,24
52065,0:3:2;1:1:1;1:2:2;1:3:3,1,3,0,0,0,1,0,0,0,0,0,0,28,24
52066,0:3:2;1:1:1;1:2:2;1:3:3,1,4,0,0,0,1,0,0,0,0,0,0,28,24
52067,0:3:2;1:1:1;1:2:2;1:3:3,1,5,0,0,0,1,0,0,0,0,0,0,28,24
52068,0:3:2;1:1:1;1:2:2;1:3:3,2,0,0,0,0,1,0,0,0,0,0,0,20,24
52069,0:3:2;1:1:1;1:2:2;1:3:3,2,1,0,0,0,1,0,0,0,0,0,0,33,24
52070,0:3:2;1:1:1;1:2:2;1:3:3,2,2,0,0,0,1,0,0,0,0,0,0,41,24
52071,0:3:2;1:1:1;1:2:2;1:3:3,2,3,0,0,0,1,0,0,0,0,0,0,41,24
52072,0:3:2;1:1:1;1:2:2;1:3:3,2,4,0,0,0,1,0,0,0,0,0,0,41,24
52073,0:3:2;1:1:1;1:2:2;1:3:3,2,5,0,0,0,1,0,0,0,0,0,0,41,24
52074,0:3:2;1:1:1;1:2:2;1:3:3,3,0,1,1,0,0,1,1,1,1,1,5,9,9
52075,0:3:2;1:1:1;1:2:2;1:3:3,3,1,1,1,1,0,1,1,1,1,1,5,9,7
52076,0:3:2;1:1:1;1:2:2;1:3:3,3,2,1,1,1,0,1,1,1,1,1,5,9,1
52077,0:3:2;1:1:1;1:2:2;1:3:3,3,3,1,1,1,0,1,1,1,1,1,5,9,1
52078,0:3:2;1:1:1;1:2:2;1:3:3,3,4,1,1,1,0,1,1,1,1,1,5,9,1
52079,0:3:2;1:1:1;1:2:2;1:3:3,3,5,1,1,1,0,1,1,1,1,1,5,9,1
52080,0:3:2;1:1:1;1:2:2;1:3:3,4,0,1,1,1,0,1,1,1,1,1,5,9,9
52081,0:3:2;1:1:1;1:2:2;1:3:3,4,1,1,1,1,0,1,1,1,1,1,5,9,7
52082,0:3:2;1:1:1;1:2:2;1:3:3,4,2,1,1,1,0,1,1,1,1,1,5,9,1
52083,0:3:2;1:1:1;1:2:2;1:3:3,4,3,1,1,1,0,1,1,1,1,1,5,9,1
52084,0:3:2;1:1:1;1:2:2;1:3:3,4,4,1,1,1,0,1,1,1,1,1,5,9,1
52085,0:3:2;1:1:1;1:2:2;1:3:3,4,5,1,1,1,0,1,1,1,1,1,5,9,1
52086,0:3:2;1:1:1;1:2:2;1:3:3,5,0,1,1,1,0,1,1,1,1,1,5,9,9
52087,0:3:2;1:1:1;1:2:2;1:3:3,5,1,1,1,1,0,1,1,1,1,1,5,9,7
52088,0:3:2;1:1:1;1:2:2;1:3:3,5,2,1,1,1,0,1,1,1,1,1,5,9,1
52089,0:3:2;1:1:1;1:2:2;1:3:3,5,3,1,1,1,0,1,1,1,1,1,5,9,1
52090,0:3:2;1:1:1;1:2:2;1:3:3,5,4,1,1,1,0,1,1,1,1,1,5,9,1
52091,0:3:2;1:1:1;1:2:2;1:3:3,5,5,1,1,1,0,1,1,1,1,1,5,9,1
52092,0:3:2;1:1:1;1:2:2;1:4:3,0,0,0,0,0,1,0,0,0,0,0,0,1,24
52093,0:3:2;1:1:1;1:2:2;1:4:3,0,1,0,0,0,1,0,0,0,0,0,0,2,24
52094,0:3:2;1:1:1;1:2:2;1:4:3,0,2,0,0,0,1,0,0,0,0,0,0,17,24
52095,0:3:2;1:1:1;1:2:2;1:4:3,0,3,0,0,0,1,0,0,0,0,0,0,17,24
52096,0:3:2;1:1:1;1:2:2;1:4:3,0,4,0,0,0,1,0,0,0,0,0,0,17,24
52097,0:3:2;1:1:1;1:2:2;1:4:3,0,5,0,0,0,1,0,0,0,0,0,0,17,24
52098,0:3:2;1:1:1;1:2:2;1:4:3,1,0,0,0,0,1,0,0,0,0,0,0,5,24
52099,0:3:2;1:1:1;1:2:2;1:4:3,1,1,0,0,0,1,0,0,0,0,0,0,17,24
52100,0:3:2;1:1:1;1:2:2;1:4:3,1,2,0,0,0,1,0,0,0,0,0,0,28,24
52101,0:3:2;1:1:1;1:2:2;1:4:3,1,3,0,0,0,1,0,0,0,0,0,0,28,24
52102,0:3:2;1:1:1;1:2:2;1:4:3,1,4,0,0,0,1,0,0,0,0,0,0,28,24
52103,0:3:2;1:1:1;1:2:2;1:4:3,1,5,0,0,0,1,0,0,0,0,0,0,28,24
52104,0:3:2;1:1:1;1:2:2;1:4:3,2,0,0,0,0,1,0,0,0,0,0,0,20,24
52105,0:3:2;1:1:1;1:2:2;1:4:3,2,1,0,0,0,1,0,0,0,0,0,0,33,24
52106,0:3:2;1:1:1;1:2:2;1:4:3,2,2,0,0,0,1,0,0,0,0,0,0,41,24
52107,0:3:2;1:1:1;1:2:2;1:4:3,2,3,0,0,0,1,0,0,0,0,0,0,41,24
52108,0:3:2;1:1:1;1:2:2;1:4:3,2,4,0,0,0,1,0,0,0,0,0,0,41,24
52109,0:3:2;1:1:1;1:2:2;1:4:3,2,5,0,0,0,1,0,0,0,0,0,0,41,24
52110,0:3:2;1:1:1;1:2:2;1:4:3,3,0,1,1,0,0,1,1,1,1,1,5,9,9
52111,0:3:2;1:1:1;1:2:2;1:4:3,3,1,1,1,1,0,1,1,1,1,1,5,9,7
52112,0:3:2;1:1:1;1:2:2;1:4:3,3,2,1,1,1,0,1,1,1,1,1,5,9,1
52113,0:3:2;1:1:1;1:2:2;1:4:3,3,3,1,1,1,0,1,1,1,1,1,5,9,1
52114,0:3:2;1:1:1;1:2:2;1:4:3,3,4,1,1,1,0,1,1,1,1,1,5,9,1
52115,0:3:2;1:1:1;1:2:2;1:4:3,3,5,1,1,1,0,1,1,1,1,1,5,9,1
52116,0:3:2;1:1:1;1:2:2;1:4:3,4,0,1,1,1,0,1,1,1,1,1,5,9,9
52117,0:3:2;1:1:1;1:2:2;1:4:3,4,1,1,1,1,0,1,1,1,1,1,5,9,7
52118,0:3:2;1:1:1;1:2:2;1:4:3,4,2,1,1,1,0,1,1,1,1,1,5,9,1
52119,0:3:2;1:1:1;1:2:2;1:4:3,4,3,1,1,1,0,1,1,1,1,1,5,9,1
52120,0:3:2;1:1:1;1:2:2;1:4:3,4,4,1,1,1,0,1,1,1,1,1,5,9,1
52121,0:3:2;1:1:1;1:2:2;1:4:3,4,5,1,1,1,0,1,1,1,1,1,5,9,1
52122,0:3:2;1:1:1;1:2:2;1:4:3,5,0,1,1,1,0,1,1,1,1,1,5,9,9
52123,0:3:2;1:1:1;1:2:2;1:4:3,5,1,1,1,1,0,1,1,1,1,1,5,9,7
52124,0:3:2;1:1:1;1:2:2;1:4:3,5,2,1,1,1,0,1,1,1,1,1,5,9,1
52125,0:3:2;1:1:1;1:2:2;1:4:3,5,3,1,1,1,0,1,1,1,1,1,5,9,1
52126,0:3:2;1:1:1;1:2:2;1:4:3,5,4,1,1,1,0,1,1,1,1,1,5,9,1
52127,0:3:2;1:1:1;1:2:2;1:4:3,5,5,1,1,1,0,1,1,1,1,1,5,9,1
52128,0:3:2;1:1:1;1:3:2;1:3:2,0,0,0,0,0,1,0,0,0,0,0,0,1,24
52129,0:3:2;1:1:1;1:3:2;1:3:2,0,1,0,0,0,1,0,0,0,0,0,0,2,24
52130,0:3:2;1:1:1;1:3:2;1:3:2,0,2,0,0,0,1,0,0,0,0,0,0,16,24
52131,0:3:2;1:1:1;1:3:2;1:3:2,0,3,0,0,0,1,0,0,0,0,0,0,16,24
52132,0:3:2;1:1:1;1:3:2;1:3:2,0,4,0,0,0,1,0,0,0,0,0,0,16,24
52133,0:3:2;1:1:1;1:3:2;1:3:2,0,5,0,0,0,1,0,0,0,0,0,0,16,24
52134,0:3:2;1:1:1;1:3:2;1:3:2,1,0,0,0,0,1,0,0,0,0,0,0,5,24
52135,0:3:2;1:1:1;1:3:2;1:3:2,1,1,0,0,0,1,0,0,0,0,0,0,16,24
52136,0:3:2;1:1:1;1:3:2;1:3:2,1,2,0,0,0,1,0,0,0,0,0,0,25,24
52137,0:3:2;1:1:1;1:3:2;1:3:2,1,3,0,0,0,1,0,0,0,0,0,0,25,24
52138,0:3:2;1:1:1;1:3:2;1:3:2,1,4,0,0,0,1,0,0,0,0,0,0,25,24
52139,0:3:2;1:1:1;1:3:2;1:3:2,1,5,0,0,0,1,0,0,0,0,0,0,25,24
52140,0:3:2;1:1:1;1:3:2;1:3:2,2,0,1,1,0,1,0,0,1,1,1,6,14,13
52141,0:3:2;1:1:1;1:3:2;1:3:2,2,1,1,1,1,0,1,1,1,1,1,5,8,7
52142,0:3:2;1:1:1;1:3:2;1:3:2,2,2,1,1,1,0,1,1,1,1,1,5,8,1
52143,0:3:2;1:1:1;1:3:2;1:3:2,2,3,1,1,1,0,1,1,1,1,1,5,8,1
52144,0:3:2;1:1:1;1:3:2;1:3:2,2,4,1,1,1,0,1,1,1,1,1,5,8,1
52145,0:3:2;1:1:1;1:3:2;1:3:2,2,5,1,1,1,0,1,1,1,1,1,5,8,1
52146,0:3:2;1:1:1;1:3:2;1:3:2,3,0,1,1,1,0,1,1,1,1,1,5,8,9
52147,0:3:2;1:1:1;1:3:2;1:3:2,3,1,1,1,1,0,1,1,1,1,1,5,8,7
52148,0:3:2;1:1:1;1:3:2;1:3:2,3,2,1,1,1,0,1,1,1,1,1,5,8,1
52149,0:3:2;1:1:1;1:3:2;1:3:2,3,3,1,1,1,0,1,1,1,1,1,5,8,1
52150,0:3:2;1:1:1;1:3:2;1:3:2,3,4,1,1,1,0,1,1,1,1,1,5,8,1
52151,0:3:2;1:1:1;1:3:2;1:3:2,3,5,1,1,1,0,1,1,1,1,1,5,8,1
52152,0:3:2;1:1:1;1:3:2;1:3:2,4,0,1,1,1,0,1,1,1,1,1,5,8,9
52153,0:3:2;1:1:1;1:3:2;1:3:2,4,1,1,1,1,0,1,1,1,1,1,5,8,7
52154,0:3:2;1:1:1;1:3:2;1:3:2,4,2,1,1,1,0,1,1,1,1,1,5,8,1
52155,0:3:2;1:1:1;1:3:2;1:3:2,4,3,1,1,1,0,1,1,1,1,1,5,8,1
52156,0:3:2;1:1:1;1:3:2;1:3:2,4,4,1,1,1,0,1,1,1,1,1,5,8,1
52157,0:3:2;1:1:1;1:3:2;1:3:2,4,5,1,1,1,0,1,1,1,1,1,5,8,1
52158,0:3:2;1:1:1;1:3:2;1:3:2,5,0,1,1,1,0,1,1,1,1,1,5,8,9
52159,0:3:2;1:1:1;1:3:2;1:3:2,5,1,1,1,1,0,1,1,1,1,1,5,8,7
52160,0:3:2;1:1:1;1:3:2;1:3:2,5,2,1,1,1,0,1,1,1,1,1,5,8,1
52161,0:3:2;1:1:1;1:3:2;1:3:2,5,3,1,1,1,0,1,1,1,1,1,5,8,1
52162,0:3:2;1:1:1;1:3:2;1:3:2,5,4,1,1,1,0,1,1,1,1,1,5,8,1
52163,0:3:2;1:1:1;1:3:2;1:3:2,5,5,1,1,1,0,1,1,1,1,1,5,8,1
52164,0:3:2;1:1:1;1:3:2;1:3:3,0,0,0,0,0,1,0,0,0,0,0,0,1,24
52165,0:3:2;1:1:1;1:3:2;1:3:3,0,1,0,0,0,1,0,0,0,0,0,0,2,24
52166,0:3:2;1:1:1;1:3:2;1:3:3,0,2,0,0,0,1,0,0,0,0,0,0,17,24
52167,0:3:2;1:1:1;1:3:2;1:3:3,0,3,0,0,0,1,0,0,0,0,0,0,17,24
52168,0:3:2;1:1:1;1:3:2;1:3:3,0,4,0,0,0,1,0,0,0,0,0,0,17,24
52169,0:3:2;1:1:1;1:3:2;1:3:3,0,5,0,0,0,1,0,0,0,0,0,0,17,24
52170,0:3:2;1:1:1;1:3:2;1:3:3,1,0,0,0,0,1,0,0,0,0,0,0,5,24
52171,0:3:2;1:1:1;1:3:2;1:3:3,1,1,0,0,0,1,0,0,0,0,0,0,17,24
52172,0:3:2;1:1:1;1:3:2;1:3:3,1,2,0,0,0,1,0,0,0,0,0,0,28,24
52173,0:3:2;1:1:1;1:3:2;1:3:3,1,3,0,0,0,1,0,0,0,0,0,0,28,24
52174,0:3:2;1:1:1;1:3:2;1:3:3,1,4,0,0,0,1,0,0,0,0,0,0,28,24
52175,0:3:2;1:1:1;1:3:2;1:3:3,1,5,0,0,0,1,0,0,0,0,0,0,28,24
52176,0:3:2;1:1:1;1:3:2;1:3:3,2,0,0,0,0,1,0,0,0,0,0,0,20,24
52177,0:3:2;1:1:1;1:3:2;1:3:3,2,1,0,0,0,1,0,0,0,0,0,0,33,24
52178,0:3:2;1:1:1;1:3:2;1:3:3,2,2,0,0,0,1,0,0,0,0,0,0,41,24
52179,0:3:2;1:1:1;1:3:2;1:3:3,2,3,0,0,0,1,0,0,0,0,0,0,41,24
52180,0:3:2;1:1:1;1:3:2;1:3:3,2,4,0,0,0,1,0,0,0,0,0,0,41,24
52181,0:3:2;1:1:1;1:3:2;1:3:3,2,5,0,0,0,1,0,0,0,0,0,0,41,24
52182,0:3:2;1:1:1;1:3:2;1:3:3,3,0,1,1,0,0,1,1,1,1,1,5,9,9
52183,0:3:2;1:1:1;1:3:2;1:3:3,3,1,1,1,1,0,1,1,1,1,1,5,9,7
52184,0:3:2;1:1:1;1:3:2;1:3:3,3,2,1,1,1,0,1,1,1,1,1,5,9,1
52185,0:3:2;1:1:1;1:3:2;1:3:3,3,3,1,1,1,0,1,1,1,1,1,5,9,1
52186,0:3:2;1:1:1;1:3:2;1:3:3,3,4,1,1,1,0,1,1,1,1,1,5,9,1
52187,0:3:2;1:1:1;1:3:2;1:3:3,3,5,1,1,1,0,1,1,1,1,1,5,9,1
52188,0:3:2;1:1:1;1:3:2;1:3:3,4,0,1,1,1,0,1,1,1,1,1,5,9,9
52189,0:3:2;1:1:1;1:3:2;1:3:3,4,1,1,1,1,0,1,1,1,1,1,5,9,7
52190,0:3:2;1:1:1;1:3:2;1:3:3,4,2,1,1,1,0,1,1,1,1,1,5,9,1
52191,0:3:2;1:1:1;1:3:2;1:3:3,4,3,1,1,1,0,1,1,1,1,1,5,9,1
52192,0:3:2;1:1:1;1:3:2;1:3:3,4,4,1,1,1,0,1,1,1,1,1,5,9,1
52193,0:3:2;1:1:1;1:3:2;1:3:3,4,5,1,1,1,0,1,1,1,1,1,5,9,1
52194,0:3:2;1:1:1;1:3:2;1:3:3,5,0,1,1,1,0,1,1,1,1,1,5,9,9
52195,0:3:2;1:1:1;1:3:2;1:3:3,5,1,1,1,1,0,1,1,1,1,1,5,9,7
52196,0:3:2;1:1:1;1:3:2;1:3:3,5,2,1,1,1,0,1,1,1,1,1,5,9,1
52197,0:3:2;1:1:1;1:3:2;1:3:3,5,3,1,1,1,0,1,1,1,1,1,5,9,1
52198,0:3:2;1:1:1;1:3:2;1:3:3,5,4,1,1,1,0,1,1,1,1,1,5,9,1
52199,0:3:2;1:1:1;1:3:2;1:3:3,5,5,1,1,1,0,1,1,1,1,1,5,9,1
52200,0:3:2;1:1:1;1:3:2;1:4:3,0,0,0,0,0,1,0,0,0,0,0,0,1,24
52201,0:3:2;1:1:1;1:3:2;1:4:3,0,1,0,0,0,1,0,0,0,0,0,0,2,24
52202,0:3:2;1:1:1;1:3:2;1:4:3,0,2,0,0,0,1,0,0,0,0,0,0,17,24
52203,0:3:2;1:1:1;1:3:2;1:4:3,0,3,0,0,0,1,0,0,0,0,0,0,17,24
52204,0:3:2;1:1:1;1:3:2;1:4:3,0,4,0,0,0,1,0,0,0,0,0,0,17,24
52205,0:3:2;1:1:1;1:3:2;1:4:3,0,5,0,0,0,1,0,0,0,0,0,0,17,24
52206,0:3:2;1:1:1;1:3:2;1:4:3,1,0,0,0,0,1,0,0,0,0,0,0,5,24
52207,0:3:2;1:1:1;1:3:2;1:4:3,1,1,0,0,0,1,0,0,0,0,0,0,17,24
52208,0:3:2;1:1:1;1:3:2;1:4:3,1,2,0,0,0,1,0,0,0,0,0,0,28,24
52209,0:3:2;1:1:1;1:3:2;1:4:3,1,3,0,0,0,1,0,0,0,0,0,0,28,24
52210,0:3:2;1:1:1;1:3:2;1:4:3,1,4,0,0,0,1,0,0,0,0,0,0,28,24
52211,0:3:2;1:1:1;1:3:2;1:4:3,1,5,0,0,0,1,0,0,0,0,0,0,28,24
52212,0:3:2;1:1:1;1:3:2;1:4:3,2,0,0,0,0,1,0,0,0,0,0,0,20,24
52213,0:3:2;1:1:1;1:3:2;1:4:3,2,1,0,0,0,1,0,0,0,0,0,0,33,24
52214,0:3:2;1:1:1;1:3:2;1:4:3,2,2,0,0,0,1,0,0,0,0,0,0,41,24
52215,0:3:2;1:1:1;1:3:2;1:4:3,2,3,0,0,0,1,0,0,0,0,0,0,41,24
52216,0:3:2;1:1:1;1:3:2;1:4:3,2,4,0,0,0,1,0,0,0,0,0,0,41,24
52217,0:3:2;1:1:1;1:3:2;1:4:3,2,5,0,0,0,1,0,0,0,0,0,0,41,24
52218,0:3:2;1:1:1;1:3:2;1:4:3,3,0,1,1,0,0,1,1,1,1,1,5,9,9
52219,0:3:2;1:1:1;1:3:2;1:4:3,3,1,1,1,1,0,1,1,1,1,1,5,9,7
52220,0:3:2;1:1:1;1:3:2;1:4:3,3,2,1,1,1,0,1,1,1,1,1,5,9,1
52221,0:3:2;1:1:1;1:3:2;1:4:3,3,3,1,1,1,0,1,1,1,1,1,5,9,1
52222,0:3:2;1:1:1;1:3:2;1:4:3,3,4,1,1,1,0,1,1,1,1,1,5,9,1
52223,0:3:2;1:1:1;1:3:2;1:4:3,3,5,1,1,1,0,1,1,1,1,1,5,9,1
52224,0:3:2;1:1:1;1:3:2;1:4:3,4,0,1,1,1,0,1,1,1,1,1,5,9,9
52225,0:3:2;1:1:1;1:3:2;1:4:3,4,1,1,1,1,0,1,1,1,1,1,5,9,7
52226,0:3:2;1:1:1;1:3:2;1:4:3,4,2,1,1,1,0,1,1,1,1,1,5,9,1
52227,0:3:2;1:1:1;1:3:2;1:4:3,4,3,1,1,1,0,1,1,1,1,1,5,9,1
52228,0:3:2;1:1:1;1:3:2;1:4:3,4,4,1,1,1,0,1,1,1,1,1,5,9,1
52229,0:3:2;1:1:1;1:3:2;1:4:3,4,5,1,1,1,0,1,1,1,1,1,5,9,1
52230,0:3:2;1:1:1;1:3:2;1:4:3,5,0,1,1,1,0,1,1,1,1,1,5,9,9
52231,0:3:2;1:1:1;1:3:2;1:4:3,5,1,1,1,1,0,1,1,1,1,1,5,9,7
52232,0:3:2;1:1:1;1:3:2;1:4:3,5,2,1,1,1,0,1,1,1,1,1,5,9,1
52233,0:3:2;1:1:1;1:3:2;1:4:3,5,3,1,1,1,0,1,1,1,1,1,5,9,1
52234,0:3:2;1:1:1;1:3:2;1:4:3,5,4,1,1,1,0,1,1,1,1,1,5,9,1
52235,0:3:2;1:1:1;1:3:2;1:4:3,5,5,1,1,1,0,1,1,1,1,1,5,9,1
52236,0:3:2;1:1:1;1:3:3;1:3:3,0,0,0,0,0,1,0,0,0,0,0,0,1,24
52237,0:3:2;1:1:1;1:3:3;1:3:3,0,1,0,0,0,1,0,0,0,0,0,0,2,24
52238,0:3:2;1:1:1;1:3:3;1:3:3,0,2,0,0,0,1,0,0,0,0,0,0,18,24
52239,0:3:2;1:1:1;1:3:3;1:3:3,0,3,0,0,0,1,0,0,0,0,0,0,18,24
52240,0:3:2;1:1:1;1:3:3;1:3:3,0,4,0,0,0,1,0,0,0,0,0,0,18,24
52241,0:3:2;1:1:1;1:3:3;1:3:3,0,5,0,0,0,1,0,0,0,0,0,0,18,24
52242,0:3:2;1:1:1;1:3:3;1:3:3,1,0,0,0,0,1,0,0,0,0,0,0,5,24
52243,0:3:2;1:1:1;1:3:3;1:3:3,1,1,0,0,0,1,0,0,0,0,0,0,18,24
52244,0:3:2;1:1:1;1:3:3;1:3:3,1,2,0,0,0,1,0,0,0,0,0,0,31,24
52245,0:3:2;1:1:1;1:3:3;1:3:3,1,3,0,0,0,1,0,0,0,0,0,0,31,24
52246,0:3:2;1:1:1;1:3:3;1:3:3,1,4,0,0,0,1,0,0,0,0,0,0,31,24
52247,0:3:2;1:1:1;1:3:3;1:3:3,1,5,0,0,0,1,0,0,0,0,0,0,31,24
52248,0:3:2;1:1:1;1:3:3;1:3:3,2,0,0,0,0,1,0,0,0,0,0,0,12,24
52249,0:3:2;1:1:1;1:3:3;1:3:3,2,1,0,0,0,1,0,0,0,0,0,0,31,24
52250,0:3:2;1:1:1;1:3:3;1:3:3,2,2,0,0,0,1,0,0,0,0,0,0,46,24
52251,0:3:2;1:1:1;1:3:3;1:3:3,2,3,0,0,0,1,0,0,0,0,0,0,46,24
52252,0:3:2;1:1:1;1:3:3;1:3:3,2,4,0,0,0,1,0,0,0,0,0,0,46,24
52253,0:3:2;1:1:1;1:3:3;1:3:3,2,5,0,0,0,1,0,0,0,0,0,0,46,24
52254,0:3:2;1:1:1;1:3:3;1:3:3,3,0,0,0,0,1,0,0,0,0,0,0,37,24
52255,0:3:2;1:1:1;1:3:3;1:3:3,3,1,0,0,0,1,0,0,0,0,0,0,54,24
52256,0:3:2;1:1:1;1:3:3;1:3:3,3,2,0,0,0,1,0,0,0,0,0,0,63,24
52257,0:3:2;1:1:1;1:3:3;1:3:3,3,3,0,0,0,1,0,0,0,0,0,0,63,24
52258,0:3:2;1:1:1;1:3:3;1:3:3,3,4,0,0,0,1,0,0,0,0,0,0,63,24
52259,0:3:2;1:1:1;1:3:3;1:3:3,3,5,0,0,0,1,0,0,0,0,0,0,63,24
52260,0:3:2;1:1:1;1:3:3;1:3:3,4,0,1,1,1,0,1,1,1,1,1,5,10,9
52261,0:3:2;1:1:1;1:3:3;1:3:3,4,1,1,1,1,0,1,1,1,1,1,5,10,7
52262,0:3:2;1:1:1;1:3:3;1:3:3,4,2,1,1,1,0,1,1,1,1,1,5,10,1
52263,0:3:2;1:1:1;1:3:3;1:3:3,4,3,1,1,1,0,1,1,1,1,1,5,10,1
52264,0:3:2;1:1:1;1:3:3;1:3:3,4,4,1,1,1,0,1,1,1,1,1,5,10,1
52265,0:3:2;1:1:1;1:3:3;1:3:3,4,5,1,1,1,0,1,1,1,1,1,5,10,1
52266,0:3:2;1:1:1;1:3:3;1:3:3,5,0,1,1,1,0,1,1,1,1,1,5,10,9
52267,0:3:2;1:1:1;1:3:3;1:3:3,5,1,1,1,1,0,1,1,1,1,1,5,10,7
52268,0:3:2;1:1:1;1:3:3;1:3:3,5,2,1,1,1,0,1,1,1,1,1,5,10,1
52269,0:3:2;1:1:1;1:3:3;1:3:3,5,3,1,1,1,0,1,1,1,1,1,5,10,1
52270,0:3:2;1:1:1;1:3:3;1:3:3,5,4,1,1,1,0,1,1,1,1,1,5,10,1
52271,0:3:2;1:1:1;1:3:3;1:3:3,5,5,1,1,1,0,1,1,1,1,1,5,10,1
52272,0:3:2;1:1:1;1:3:3;1:4:3,0,0,0,0,0,1,0,0,0,0,0,0,1,24
52273,0:3:2;1:1:1;1:3:3;1:4:3,0,1,0,0,0,1,0,0,0,0,0,0,2,24
52274,0:3:2;1:1:1;1:3:3;1:4:3,0,2,0,0,0,1,0,0,0,0,0,0,18,24
52275,0:3:2;1:1:1;1:3:3;1:4:3,0,3,0,0,0,1,0,0,0,0,0,0,18,24
52276,0:3:2;1:1:1;1:3:3;1:4:3,0,4,0,0,0,1,0,0,0,0,0,0,18,24
52277,0:3:2;1:1:1;1:3:3;1:4:3,0,5,0,0,0,1,0,0,0,0,0,0,18,24
52278,0:3:2;1:1:1;1:3:3;1:4:3,1,0,0,0,0,1,0,0,0,0,0,0,5,24
52279,0:3:2;1:1:1;1:3:3;1:4:3,1,1,0,0,0,1,0,0,0,0,0,0,18,24
52280,0:3:2;1:1:1;1:3:3;1:4:3,1,2,0,0,0,1,0,0,0,0,0,0,31,24
52281,0:3:2;1:1:1;1:3:3;1:4:3,1,3,0,0,0,1,0,0,0,0,0,0,31,24
52282,0:3:2;1:1:1;1:3:3;1:4:3,1,4,0,0,0,1,0,0,0,0,0,0,31,24
52283,0:3:2;1:1:1;1:3:3;1:4:3,1,5,0,0,0,1,0,0,0,0,0,0,31,24
52284,0:3:2;1:1:1;1:3:3;1:4:3,2,0,0,0,0,1,0,0,0,0,0,0,12,24
52285,0:3:2;1:1:1;1:3:3;1:4:3,2,1,0,0,0,1,0,0,0,0,0,0,31,24
52286,0:3:2;1:1:1;1:3:3;1:4:3,2,2,0,0,0,1,0,0,0,0,0,0,46,24
52287,0:3:2;1:1:1;1:3:3;1:4:3,2,3,0,0,0,1,0,0,0,0,0,0,46,24
52288,0:3:2;1:1:1;1:3:3;1:4:3,2,4,0,0,0,1,0,0,0,0,0,0,46,24
52289,0:3:2;1:1:1;1:3:3;1:4:3,2,5,0,0,0,1,0,0,0,0,0,0,46,24
52290,0:3:2;1:1:1;1:3:3;1:4:3,3,0,0,0,0,1,0,0,0,0,0,0,37,24
52291,0:3:2;1:1:1;1:3:3;1:4:3,3,1,0,0,0,1,0,0,0,0,0,0,54,24
52292,0:3:2;1:1:1;1:3:3;1:4:3,3,2,0,0,0,1,0,0,0,0,0,0,63,24
52293,0:3:2;1:1:1;1:3:3;1:4:3,3,3,0,0,0,1,0,0,0,0,0,0,63,24
52294,0:3:2;1:1:1;1:3:3;1:4:3,3,4,0,0,0,1,0,0,0,0,0,0,63,24
52295,0:3:2;1:1:1;1:3:3;1:4:3,3,5,0,0,0,1,0,0,0,0,0,0,63,24
52296,0:3:2;1:1:1;1:3:3;1:4:3,4,0,1,1,1,0,1,1,1,1,1,5,10,9
52297,0:3:2;1:1:1;1:3:3;1:4:3,4,1,1,1,1,0,1,1,1,1,1,5,10,7
52298,0:3:2;1:1:1;1:3:3;1:4:3,4,2,1,1,1,0,1,1,1,1,1,5,10,1
52299,0:3:2;1:1:1;1:3:3;1:4:3,4,3,1,1,1,0,1,1,1,1,1,5,10,1
52300,0:3:2;1:1:1;1:3:3;1:4:3,4,4,1,1,1,0,1,1,1,1,1,5,10,1
52301,0:3:2;1:1:1;1:3:3;1:4:3,4,5,1,1,1,0,1,1,1,1,1,5,10,1
52302,0:3:2;1:1:1;1:3:3;1:4:3,5,0,1,1,1,0,1,1,1,1,1,5,10,9
52303,0:3:2;1:1:1;1:3:3;1:4:3,5,1,1,1,1,0,1,1,1,1,1,5,10,7
52304,0:3:2;1:1:1;1:3:3;1:4:3,5,2,1,1,1,0,1,1,1,1,1,5,10,1
52305,0:3:2;1:1:1;1:3:3;1:4:3,5,3,1,1,1,0,1,1,1,1,1,5,10,1
52306,0:3:2;1:1:1;1:3:3;1:4:3,5,4,1,1,1,0,1,1,1,1,1,5,10,1
52307,0:3:2;1:1:1;1:3:3;1:4:3,5,5,1,1,1,0,1,1,1,1,1,5,10,1
52308,0:3:2;1:1:1;1:4:3;1:4:3,0,0,0,0,0,1,0,0,0,0,0,0,1,24
52309,0:3:2;1:1:1;1:4:3;1:4:3,0,1,0,0,0,1,0,0,0,0,0,0,2,24
52310,0:3:2;1:1:1;1:4:3;1:4:3,0,2,0,0,0,1,0,0,0,0,0,0,18,24
52311,0:3:2;1:1:1;1:4:3;1:4:3,0,3,0,0,0,1,0,0,0,0,0,0,18,24
52312,0:3:2;1:1:1;1:4:3;1:4:3,0,4,0,0,0,1,0,0,0,0,0,0,18,24
52313,0:3:2;1:1:1;1:4:3;1:4:3,0,5,0,0,0,1,0,0,0,0,0,0,18,24
52314,0:3:2;1:1:1;1:4:3;1:4:3,1,0,0,0,0,1,0,0,0,0,0,0,5,24
52315,0:3:2;1:1:1;1:4:3;1:4:3,1,1,0,0,0,1,0,0,0,0,0,0,18,24
52316,0:3:2;1:1:1;1:4:3;1:4:3,1,2,0,0,0,1,0,0,0,0,0,0,31,24
52317,0:3:2;1:1:1;1:4:3;1:4:3,1,3,0,0,0,1,0,0,0,0,0,0,31,24
52318,0:3:2;1:1:1;1:4:3;1:4:3,1,4,0,0,0,1,0,0,0,0,0,0,31,24
52319,0:3:2;1:1:1;1:4:3;1:4:3,1,5,0,0,0,1,0,0,0,0,0,0,31,24
52320,0:3:2;1:1:1;1:4:3;1:4:3,2,0,0,0,0,1,0,0,0,0,0,0,12,24
52321,0:3:2;1:1:1;1:4:3;1:4:3,2,1,0,0,0,1,0,0,0,0,0,0,31,24
52322,0:3:2;1:1:1;1:4:3;1:4:3,2,2,0,0,0,1,0,0,0,0,0,0,46,24
52323,0:3:2;1:1:1;1:4:3;1:4:3,2,3,0,0,0,1,0,0,0,0,0,0,46,24
52324,0:3:2;1:1:1;1:4:3;1:4:3,2,4,0,0,0,1,0,0,0,0,0,0,46,24
52325,0:3:2;1:1:1;1:4:3;1:4:3,2,5,0,0,0,1,0,0,0,0,0,0,46,24
52326,0:3:2;1:1:1;1:4:3;1:4:3,3,0,0,0,0,1,0,0,0,0,0,0,37,24
52327,0:3:2;1:1:1;1:4:3;1:4:3,3,1,0,0,0,1,0,0,0,0,0,0,54,24
52328,0:3:2;1:1:1;1:4:3;1:4:3,3,2,0,0,0,1,0,0,0,0,0,0,63,24
52329,0:3:2;1:1:1;1:4:3;1:4:3,3,3,0,0,0,1,0,0,0,0,0,0,63,24
52330,0:3:2;1:1:1;1:4:3;1:4:3,3,4,0,0,0,1,0,0,0,0,0,0,63,24
52331,0:3:2;1:1:1;1:4:3;1:4:3,3,5,0,0,0,1,0,0,0,0,0,0,63,24
52332,0:3:2;1:1:1;1:4:3;1:4:3,4,0,1,1,1,0,1,1,1,1,1,5,10,9
52333,0:3:2;1:1:1;1:4:3;1:4:3,4,1,1,1,1,0,1,1,1,1,1,5,10,7
52334,0:3:2;1:1:1;1:4:3;1:4:3,4,2,1,1,1,0,1,1,1,1,1,5,10,1
52335,0:3:2;1:1:1;1:4:3;1:4:3,4,3,1,1,1,0,1,1,1,1,1,5,10,1
52336,0:3:2;1:1:1;1:4:3;1:4:3,4,4,1,1,1,0,1,1,1,1,1,5,10,1
52337,0:3:2;1:1:1;1:4:3;1:4:3,4,5,1,1,1,0,1,1,1,1,1,5,10,1
52338,0:3:2;1:1:1;1:4:3;1:4:3,5,0,1,1,1,0,1,1,1,1,1,5,10,9
52339,0:3:2;1:1:1;1:4:3;1:4:3,5,1,1,1,1,0,1,1,1,1,1,5,10,7
52340,0:3:2;1:1:1;1:4:3;1:4:3,5,2,1,1,1,0,1,1,1,1,1,5,10,1
52341,0:3:2;1:1:1;1:4:3;1:4:3,5,3,1,1,1,0,1,1,1,1,1,5,10,1
52342,0:3:2;1:1:1;1:4:3;1:4:3,5,4,1,1,1,0,1,1,1,1,1,5,10,1
52343,0:3:2;1:1:1;1:4:3;1:4:3,5,5,1,1,1,0,1,1,1,1,1,5,10,1
52344,0:3:2;1:2:1;1:2:1;1:2:1,0,0,1,0,0,1,0,0,0,0,0,1,1,24
52345,0:3:2;1:2:1;1:2:1;1:2:1,0,1,1,0,0,1,0,0,0,0,0,1,2,24
52346,0:3:2;1:2:1;1:2:1;1:2:1,0,2,1,1,1,0,1,1,1,1,1,5,6,1
52347,0:3:2;1:2:1;1:2:1;1:2:1,0,3,1,1,1,0,1,1,1,1,1,5,6,1
52348,0:3:2;1:2:1;1:2:1;1:2:1,0,4,1,1,1,0,1,1,1,1,1,5,6,1
52349,0:3:2;1:2:1;1:2:1;1:2:1,0,5,1,1,1,0,1,1,1,1,1,5,6,1
52350,0:3:2;1:2:1;1:2:1;1:2:1,1,0,1,1,0,0,1,1,1,1,1,5,6,7
52351,0:3:2;1:2:1;1:2:1;1:2:1,1,1,1,1,1,0,1,1,1,1,1,5,6,7
52352,0:3:2;1:2:1;1:2:1;1:2:1,1,2,1,1,1,0,1,1,1,1,1,5,6,1
52353,0:3:2;1:2:1;1:2:1;1:2:1,1,3,1,1,1,0,1,1,1,1,1,5,6,1
52354,0:3:2;1:2:1;1:2:1;1:2:1,1,4,1,1,1,0,1,1,1,1,1,5,6,1
52355,0:3:2;1:2:1;1:2:1;1:2:1,1,5,1,1,1,0,1,1,1,1,1,5,6,1
52356,0:3:2;1:2:1;1:2:1;1:2:1,2,0,1,1,1,0,1,1,1,1,1,5,6,7
52357,0:3:2;1:2:1;1:2:1;1:2:1,2,1,1,1,1,0,1,1,1,1,1,5,6,7
52358,0:3:2;1:2:1;1:2:1;1:2:1,2,2,1,1,1,0,1,1,1,1,1,5,6,1
52359,0:3:2;1:2:1;1:2:1;1:2:1,2,3,1,1,1,0,1,1,1,1,1,5,6,1
52360,0:3:2;1:2:1;1:2:1;1:2:1,2,4,1,1,1,0,1,1,1,1,1,5,6,1
52361,0:3:2;1:2:1;1:2:1;1:2:1,2,5,1,1,1,0,1,1,1,1,1,5,6,1
52362,0:3:2;1:2:1;1:2:1;1:2:1,3,0,1,1,1,0,1,1,1,1,1,5,6,7
52363,0:3:2;1:2:1;1:2:1;1:2:1,3,1,1,1,1,0,1,1,1,1,1,5,6,7
52364,0:3:2;1:2:1;1:2:1;1:2:1,3,2,1,1,1,0,1,1,1,1,1,5,6,1
52365,0:3:2;1:2:1;1:2:1;1:2:1,3,3,1,1,1,0,1,1,1,1,1,5,6,1
52366,0:3:2;1:2:1;1:2:1;1:2:1,3,4,1,1,1,0,1,1,1,1,1,5,6,1
52367,0:3:2;1:2:1;1:2:1;1:2:1,3,5,1,1,1,0,1,1,1,1,1,5,6,1
52368,0:3:2;1:2:1;1:2:1;1:2:1,4,0,1,1,1,0,1,1,1,1,1,5,6,7
52369,0:3:2;1:2:1;1:2:1;1:2:1,4,1,1,1,1,0,1,1,1,1,1,5,6,7
52370,0:3:2;1:2:1;1:2:1;1:2:1,4,2,1,1,1,0,1,1,1,1,1,5,6,1
52371,0:3:2;1:2:1;1:2:1;1:2:1,4,3,1,1,1,0,1,1,1,1,1,5,6,1
52372,0:3:2;1:2:1;1:2:1;1:2:1,4,4,1,1,1,0,1,1,1,1,1,5,6,1
52373,0:3:2;1:2:1;1:2:1;1:2:1,4,5,1,1,1,0,1,1,1,1,1,5,6,1
52374,0:3:2;1:2:1;1:2:1;1:2:1,5,0,1,1,1,0,1,1,1,1,1,5,6,7
52375,0:3:2;1:2:1;1:2:1;1:2:1,5,1,1,1,1,0,1,1,1,1,1,5,6,7
52376,0:3:2;1:2:1;1:2:1;1:2:1,5,2,1,1,1,0,1,1,1,1,1,5,6,1
52377,0:3:2;1:2:1;1:2:1;1:2:1,5,3,1,1,1,0,1,1,1,1,1,5,6,1
52378,0:3:2;1:2:1;1:2:1;1:2:1,5,4,1,1,1,0,1,1,1,1,1,5,6,1
52379,0:3:2;1:2:1;1:2:1;1:2:1,5,5,1,1,1,0,1,1,1,1,1,5,6,1
52380,0:3:2;1:2:1;1:2:1;1:2:2,0,0,0,0,0,1,0,0,0,0,0,0,1,24
52381,0:3:2;1:2:1;1:2:1;1:2:2,0,1,0,0,0,1,0,0,0,0,0,0,2,24
52382,0:3:2;1:2:1;1:2:1;1:2:2,0,2,0,0,0,1,0,0,0,0,0,0,13,24
52383,0:3:2;1:2:1;1:2:1;1:2:2,0,3,0,0,0,1,0,0,0,0,0,0,13,24
52384,0:3:2;1:2:1;1:2:1;1:2:2,0,4,0,0,0,1,0,0,0,0,0,0,13,24
52385,0:3:2;1:2:1;1:2:1;1:2:2,0,5,0,0,0,1,0,0,0,0,0,0,13,24
52386,0:3:2;1:2:1;1:2:1;1:2:2,1,0,1,1,0,0,1,1,1,1,1,5,7,7
52387,0:3:2;1:2:1;1:2:1;1:2:2,1,1,1,1,0,0,1,1,1,1,1,5,7,7
52388,0:3:2;1:2:1;1:2:1;1:2:2,1,2,1,1,1,0,1,1,1,1,1,5,7,1
52389,0:3:2;1:2:1;1:2:1;1:2:2,1,3,1,1,1,0,1,1,1,1,1,5,7,1
52390,0:3:2;1:2:1;1:2:1;1:2:2,1,4,1,1,1,0,1,1,1,1,1,5,7,1
52391,0:3:2;1:2:1;1:2:1;1:2:2,1,5,1,1,1,0,1,1,1,1,1,5,7,1
52392,0:3:2;1:2:1;1:2:1;1:2:2,2,0,1,1,0,0,1,1,1,1,1,5,7,7
52393,0:3:2;1:2:1;1:2:1;1:2:2,2,1,1,1,1,0,1,1,1,1,1,5,7,7
52394,0:3:2;1:2:1;1:2:1;1:2:2,2,2,1,1,1,0,1,1,1,1,1,5,7,1
52395,0:3:2;1:2:1;1:2:1;1:2:2,2,3,1,1,1,0,1,1,1,1,1,5,7,1
52396,0:3:2;1:2:1;1:2:1;1:2:2,2,4,1,1,1,0,1,1,1,1,1,5,7,1
52397,0:3:2;1:2:1;1:2:1;1:2:2,2,5,1,1,1,0,1,1,1,1,1,5,7,1
52398,0:3:2;1:2:1;1:2:1;1:2:2,3,0,1,1,1,0,1,1,1,1,1,5,7,7
52399,0:3:2;1:2:1;1:2:1;1:2:2,3,1,1,1,1,0,1,1,1,1,1,5,7,7
52400,0:3:2;1:2:1;1:2:1;1:2:2,3,2,1,1,1,0,1,1,1,1,1,5,7,1
52401,0:3:2;1:2:1;1:2:1;1:2:2,3,3,1,1,1,0,1,1,1,1,1,5,7,1
52402,0:3:2;1:2:1;1:2:1;1:2:2,3,4,1,1,1,0,1,1,1,1,1,5,7,1
52403,0:3:2;1:2:1;1:2:1;1:2:2,3,5,1,1,1,0,1,1,1,1,1,5,7,1
52404,0:3:2;1:2:1;1:2:1;1:2:2,4,0,1,1,1,0,1,1,1,1,1,5,7,7
52405,0:3:2;1:2:1;1:2:1;1:2:2,4,1,1,1,1,0,1,1,1,1,1,5,7,7
52406,0:3:2;1:2:1;1:2:1;1:2:2,4,2,1,1,1,0,1,1,1,1,1,5,7,1
52407,0:3:2;1:2:1;1:2:1;1:2:2,4,3,1,1,1,0,1,1,1,1,1,5,7,1
52408,0:3:2;1:2:1;1:2:1;1:2:2,4,4,1,1,1,0,1,1,1,1,1,5,7,1
52409,0:3:2;1:2:1;1:2:1;1:2:2,4,5,1,1,1,0,1,1,1,1,1,5,7,1
52410,0:3:2;1:2:1;1:2:1;1:2:2,5,0,1,1,1,0,1,1,1,1,1,5,7,7
52411,0:3:2;1:2:1;1:2:1;1:2:2,5,1,1,1,1,0,1,1,1,1,1,5,7,7
52412,0:3:2;1:2:1;1:2:1;1:2:2,5,2,1,1,1,0,1,1,1,1,1,5,7,1
52413,0:3:2;1:2:1;1:2:1;1:2:2,5,3,1,1,1,0,1,1,1,1,1,5,7,1
52414,0:3:2;1:2:1;1:2:1;1:2:2,5,4,1,1,1,0,1,1,1,1,1,5,7,1
52415,0:3:2;1:2:1;1:2:1;1:2:2,5,5,1,1,1,0,1,1,1,1,1,5,7,1
52416,0:3:2;1:2:1;1:2:1;1:3:2,0,0,0,0,0,1,0,0,0,0,0,0,1,24
52417,0:3:2;1:2:1;1:2:1;1:3:2,0,1,0,0,0,1,0,0,0,0,0,0,2,24
52418,0:3:2;1:2:1;1:2:1;1:3:2,0,2,0,0,0,1,0,0,0,0,0,0,13,24
52419,0:3:2;1:2:1;1:2:1;1:3:2,0,3,0,0,0,1,0,0,0,0,0,0,13,24
52420,0:3:2;1:2:1;1:2:1;1:3:2,0,4,0,0,0,1,0,0,0,0,0,0,13,24
52421,0:3:2;1:2:1;1:2:1;1:3:2,0,5,0,0,0,1,0,0,0,0,0,0,13,24
52422,0:3:2;1:2:1;1:2:1;1:3:2,1,0,1,1,0,0,1,1,1,1,1,5,7,7
52423,0:3:2;1:2:1;1:2:1;1:3:2,1,1,1,1,0,0,1,1,1,1,1,5,7,7
52424,0:3:2;1:2:1;1:2:1;1:3:2,1,2,1,1,1,0,1,1,1,1,1,5,7,1
52425,0:3:2;1:2:1;1:2:1;1:3:2,1,3,1,1,1,0,1,1,1,1,1,5,7,1
52426,0:3:2;1:2:1;1:2:1;1:3:2,1,4,1,1,1,0,1,1,1,1,1,5,7,1
52427,0:3:2;1:2:1;1:2:1;1:3:2,1,5,1,1,1,0,1,1,1,1,1,5,7,1
52428,0:3:2;1:2:1;1:2:1;1:3:2,2,0,1,1,0,0,1,1,1,1,1,5,7,7
52429,0:3:2;1:2:1;1:2:1;1:3:2,2,1,1,1,1,0,1,1,1,1,1,5,7,7
52430,0:3:2;1:2:1;1:2:1;1:3:2,2,2,1,1,1,0,1,1,1,1,1,5,7,1
52431,0:3:2;1:2:1;1:2:1;1:3:2,2,3,1,1,1,0,1,1,1,1,1,5,7,1
52432,0:3:2;1:2:1;1:2:1;1:3:2,2,4,1,1,1,0,1,1,1,1,1,5,7,1
52433,0:3:2;1:2:1;1:2:1;1:3:2,2,5,1,1,1,0,1,1,1,1,1,5,7,1
52434,0:3:2;1:2:1;1:2:1;1:3:2,3,0,1,1,1,0,1,1,1,1,1,5,7,7
52435,0:3:2;1:2:1;1:2:1;1:3:2,3,1,1,1,1,0,1,1,1,1,1,5,7,7
52436,0:3:2;1:2:1;1:2:1;1:3:2,3,2,1,1,1,0,1,1,1,1,1,5,7,1
52437,0:3:2;1:2:1;1:2:1;1:3:2,3,3,1,1,1,0,1,1,1,1,1,5,7,1
52438,0:3:2;1:2:1;1:2:1;1:3:2,3,4,1,1,1,0,1,1,1,1,1,5,7,1
52439,0:3:2;1:2:1;1:2:1;1:3:2,3,5,1,1,1,0,1,1,1,1,1,5,7,1
52440,0:3:2;1:2:1;1:2:1;1:3:2,4,0,1,1,1,0,1,1,1,1,1,5,7,7
52441,0:3:2;1:2:1;1:2:1;1:3:2,4,1,1,1,1,0,1,1,1,1,1,5,7,7
52442,0:3:2;1:2:1;1:2:1;1:3:2,4,2,1,1,1,0,1,1,1,1,1,5,7,1
52443,0:3:2;1:2:1;1:2:1;1:3:2,4,3,1,1,1,0,1,1,1,1,1,5,7,1
52444,0:3:2;1:2:1;1:2:1;1:3:2,4,4,1,1,1,0,1,1,1,1,1,5,7,1
52445,0:3:2;1:2:1;1:2:1;1:3:2,4,5,1,1,1,0,1,1,1,1,1,5,7,1
52446,0:3:2;1:2:1;1:2:1;1:3:2,5,0,1,1,1,0,1,1,1,1,1,5,7,7
52447,0:3:2;1:2:1;1:2:1;1:3:2,5,1,1,1,1,0,1,1,1,1,1,5,7,7
52448,0:3:2;1:2:1;1:2:1;1:3:2,5,2,1,1,1,0,1,1,1,1,1,5,7,1
52449,0:3:2;1:2:1;1:2:1;1:3:2,5,3,1,1,1,0,1,1,1,1,1,5,7,1
52450,0:3:2;1:2:1;1:2:1;1:3:2,5,4,1,1,1,0,1,1,1,1,1,5,7,1
52451,0:3:2;1:2:1;1:2:1;1:3:2,5,5,1,1,1,0,1,1,1,1,1,5,7,1
52452,0:3:2;1:2:1;1:2:1;1:3:3,0,0,0,0,0,1,0,0,0,0,0,0,1,24
52453,0:3:2;1:2:1;1:2:1;1:3:3,0,1,0,0,0,1,0,0,0,0,0,0,2,24
52454,0:3:2;1:2:1;1:2:1;1:3:3,0,2,0,0,0,1,0,0,0,0,0,0,14,24
52455,0:3:2;1:2:1;1:2:1;1:3:3,0,3,0,0,0,1,0,0,0,0,0,0,14,24
52456,0:3:2;1:2:1;1:2:1;1:3:3,0,4,0,0,0,1,0,0,0,0,0,0,14,24
52457,0:3:2;1:2:1;1:2:1;1:3:3,0,5,0,0,0,1,0,0,0,0,0,0,14,24
52458,0:3:2;1:2:1;1:2:1;1:3:3,1,0,0,0,0,1,0,0,0,0,0,0,17,24
52459,0:3:2;1:2:1;1:2:1;1:3:3,1,1,0,0,0,1,0,0,0,0,0,0,19,24
52460,0:3:2;1:2:1;1:2:1;1:3:3,1,2,0,0,0,1,0,0,0,0,0,0,23,24
52461,0:3:2;1:2:1;1:2:1;1:3:3,1,3,0,0,0,1,0,0,0,0,0,0,23,24
52462,0:3:2;1:2:1;1:2:1;1:3:3,1,4,0,0,0,1,0,0,0,0,0,0,23,24
52463,0:3:2;1:2:1;1:2:1;1:3:3,1,5,0,0,0,1,0,0,0,0,0,0,23,24
52464,0:3:2;1:2:1;1:2:1;1:3:3,2,0,1,1,0,0,1,1,1,1,1,5,8,7
52465,0:3:2;1:2:1;1:2:1;1:3:3,2,1,1,1,0,0,1,1,1,1,1,5,8,7
52466,0:3:2;1:2:1;1:2:1;1:3:3,2,2,1,1,1,0,1,1,1,1,1,5,8,1
52467,0:3:2;1:2:1;1:2:1;1:3:3,2,3,1,1,1,0,1,1,1,1,1,5,8,1
52468,0:3:2;1:2:1;1:2:1;1:3:3,2,4,1,1,1,0,1,1,1,1,1,5,8,1
52469,0:3:2;1:2:1;1:2:1;1:3:3,2,5,1,1,1,0,1,1,1,1,1,5,8,1
52470,0:3:2;1:2:1;1:2:1;1:3:3,3,0,1,1,0,0,1,1,1,1,1,5,8,7
52471,0:3:2;1:2:1;1:2:1;1:3:3,3,1,1,1,1,0,1,1,1,1,1,5,8,7
52472,0:3:2;1:2:1;1:2:1;1:3:3,3,2,1,1,1,0,1,1,1,1,1,5,8,1
52473,0:3:2;1:2:1;1:2:1;1:3:3,3,3,1,1,1,0,1,1,1,1,1,5,8,1
52474,0:3:2;1:2:1;1:2:1;1:3:3,3,4,1,1,1,0,1,1,1,1,1,5,8,1
52475,0:3:2;1:2:1;1:2:1;1:3:3,3,5,1,1,1,0,1,1,1,1,1,5,8,1
52476,0:3:2;1:2:1;1:2:1;1:3:3,4,0,1,1,1,0,1,1,1,1,1,5,8,7
52477,0:3:2;1:2:1;1:2:1;1:3:3,4,1,1,1,1,0,1,1,1,1,1,5,8,7
52478,0:3:2;1:2:1;1:2:1;1:3:3,4,2,1,1,1,0,1,1,1,1,1,5,8,1
52479,0:3:2;1:2:1;1:2:1;1:3:3,4,3,1,1,1,0,1,1,1,1,1,5,8,1
52480,0:3:2;1:2:1;1:2:1;1:3:3,4,4,1,1,1,0,1,1,1,1,1,5,8,1
52481,0:3:2;1:2:1;1:2:1;1:3:3,4,5,1,1,1,0,1,1,1,1,1,5,8,1
52482,0:3:2;1:2:1;1:2:1;1:3:3,5,0,1,1,1,0,1,1,1,1,1,5,8,7
52483,0:3:2;1:2:1;1:2:1;1:3:3,5,1,1,1,1,0,1,1,1,1,1,5,8,7
52484,0:3:2;1:2:1;1:2:1;1:3:3,5,2,1,1,1,0,1,1,1,1,1,5,8,1
52485,0:3:2;1:2:1;1:2:1;1:3:3,5,3,1,1,1,0,1,1,1,1,1,5,8,1
52486,0:3:2;1:2:1;1:2:1;1:3:3,5,4,1,1,1,0,1,1,1,1,1,5,8,1
52487,0:3:2;1:2:1;1:2:1;1:3:3,5,5,1,1,1,0,1,1,1,1,1,5,8,1
52488,0:3:2;1:2:1;1:2:1;1:4:3,0,0,0,0,0,1,0,0,0,0,0,0,1,24
52489,0:3:2;1:2:1;1:2:1;1:4:3,0,1,0,0,0,1,0,0,0,0,0,0,2,24
52490,0:3:2;1:2:1;1:2:1;1:4:3,0,2,0,0,0,1,0,0,0,0,0,0,14,24
52491,0:3:2;1:2:1;1:2:1;1:4:3,0,3,0,0,0,1,0,0,0,0,0,0,14,24
52492,0:3:2;1:2:1;1:2:1;1:4:3,0,4,0,0,0,1,0,0,0,0,0,0,14,24
52493,0:3:2;1:2:1;1:2:1;1:4:3,0,5,0,0,0,1,0,0,0,0,0,0,14,24
52494,0:3:2;1:2:1;1:2:1;1:4:3,1,0,0,0,0,1,0,0,0,0,0,0,17,24
52495,0:3:2;1:2:1;1:2:1;1:4:3,1,1,0,0,0,1,0,0,0,0,0,0,19,24
52496,0:3:2;1:2:1;1:2:1;1:4:3,1,2,0,0,0,1,0,0,0,0,0,0,23,24
52497,0:3:2;1:2:1;1:2:1;1:4:3,1,3,0,0,0,1,0,0,0,0,0,0,23,24
52498,0:3:2;1:2:1;1:2:1;1:4:3,1,4,0,0,0,1,0,0,0,0,0,0,23,24
52499,0:3:2;1:2:1;1:2:1;1:4:3,1,5,0,0,0,1,0,0,0,0,0,0,23,24
52500,0:3:2;1:2:1;1:2:1;1:4:3,2,0,1,1,0,0,1,1,1,1,1,5,8,7
52501,0:3:2;1:2:1;1:2:1;1:4:3,2,1,1,1,0,0,1,1,1,1,1,5,8,7
52502,0:3:2;1:2:1;1:2:1;1:4:3,2,2,1,1,1,0,1,1,1,1,1,5,8,1
52503,0:3:2;1:2:1;1:2:1;1:4:3,2,3,1,1,1,0,1,1,1,1,1,5,8,1
52504,0:3:2;1:2:1;1:2:1;1:4:3,2,4,1,1,1,0,1,1,1,1,1,5,8,1
52505,0:3:2;1:2:1;1:2:1;1:4:3,2,5,1,1,1,0,1,1,1,1,1,5,8,1
52506,0:3:2;1:2:1;1:2:1;1:4:3,3,0,1,1,0,0,1,1,1,1,1,5,8,7
52507,0:3:2;1:2:1;1:2:1;1:4:3,3,1,1,1,1,0,1,1,1,1,1,5,8,7
52508,0:3:2;1:2:1;1:2:1;1:4:3,3,2,1,1,1,0,1,1,1,1,1,5,8,1
52509,0:3:2;1:2:1;1:2:1;1:4:3,3,3,1,1,1,0,1,1,1,1,1,5,8,1
52510,0:3:2;1:2:1;1:2:1;1:4:3,3,4,1,1,1,0,1,1,1,1,1,5,8,1
52511,0:3:2;1:2:1;1:2:1;1:4:3,3,5,1,1,1,0,1,1,1,1,1,5,8,1
52512,0:3:2;1:2:1;1:2:1;1:4:3,4,0,1,1,1,0,1,1,1,1,1,5,8,7
52513,0:3:2;1:2:1;1:2:1;1:4:3,4,1,1,1,1,0,1,1,1,1,1,5,8,7
52514,0:3:2;1:2:1;1:2:1;1:4:3,4,2,1,1,1,0,1,1,1,1,1,5,8,1
52515,0:3:2;1:2:1;1:2:1;1:4:3,4,3,1,1,1,0,1,1,1,1,1,5,8,1
52516,0:3:2;1:2:1;1:2:1;1:4:3,4,4,1,1,1,0,1,1,1,1,1,5,8,1
52517,0:3:2;1:2:1;1:2:1;1:4:3,4,5,1,1,1,0,1,1,1,1,1,5,8,1
52518,0:3:2;1:2:1;1:2:1;1:4:3,5,0,1,1,1,0,1,1,1,1,1,5,8,7
52519,0:3:2;1:2:1;1:2:1;1:4:3,5,1,1,1,1,0,1,1,1,1,1,5,8,7
52520,0:3:2;1:2:1;1:2:1;1:4:3,5,2,1,1,1,0,1,1,1,1,1,5,8,1
52521,0:3:2;1:2:1;1:2:1;1:4:3,5,3,1,1,1,0,1,1,1,1,1,5,8,1
52522,0:3:2;1:2:1;1:2:1;1:4:3,5,4,1,1,1,0,1,1,1,1,1,5,8,1
52523,0:3:2;1:2:1;1:2:1;1:4:3,5,5,1,1,1,0,1,1,1,1,1,5,8,1
52524,0:3:2;1:2:1;1:2:2;1:2:2,0,0,0,0,0,1,0,0,0,0,0,0,1,24
52525,0:3:2;1:2:1;1:2:2;1:2:2,0,1,0,0,0,1,0,0,0,0,0,0,2,24
52526,0:3:2;1:2:1;1:2:2;1:2:2,0,2,0,0,0,1,0,0,0,0,0,0,16,24
52527,0:3:2;1:2:1;1:2:2;1:2:2,0,3,0,0,0,1,0,0,0,0,0,0,16,24
52528,0:3:2;1:2:1;1:2:2;1:2:2,0,4,0,0,0,1,0,0,0,0,0,0,16,24
52529,0:3:2;1:2:1;1:2:2;1:2:2,0,5,0,0,0,1,0,0,0,0,0,0,16,24
52530,0:3:2;1:2:1;1:2:2;1:2:2,1,0,0,0,0,1,0,0,0,0,0,0,13,24
52531,0:3:2;1:2:1;1:2:2;1:2:2,1,1,0,0,0,1,0,0,0,0,0,0,16,24
52532,0:3:2;1:2:1;1:2:2;1:2:2,1,2,0,0,0,1,0,0,0,0,0,0,25,24
52533,0:3:2;1:2:1;1:2:2;1:2:2,1,3,0,0,0,1,0,0,0,0,0,0,25,24
52534,0:3:2;1:2:1;1:2:2;1:2:2,1,4,0,0,0,1,0,0,0,0,0,0,25,24
52535,0:3:2;1:2:1;1:2:2;1:2:2,1,5,0,0,0,1,0,0,0,0,0,0,25,24
52536,0:3:2;1:2:1;1:2:2;1:2:2,2,0,1,1,0,0,1,1,1,1,1,5,8,7
52537,0:3:2;1:2:1;1:2:2;1:2:2,2,1,1,1,1,0,1,1,1,1,1,5,8,7
52538,0:3:2;1:2:1;1:2:2;1:2:2,2,2,1,1,1,0,1,1,1,1,1,5,8,1
52539,0:3:2;1:2:1;1:2:2;1:2:2,2,3,1,1,1,0,1,1,1,1,1,5,8,1
52540,0:3:2;1:2:1;1:2:2;1:2:2,2,4,1,1,1,0,1,1,1,1,1,5,8,1
52541,0:3:2;1:2:1;1:2:2;1:2:2,2,5,1,1,1,0,1,1,1,1,1,5,8,1
52542,0:3:2;1:2:1;1:2:2;1:2:2,3,0,1,1,1,0,1,1,1,1,1,5,8,7
52543,0:3:2;1:2:1;1:2:2;1:2:2,3,1,1,1,1,0,1,1,1,1,1,5,8,7
52544,0:3:2;1:2:1;1:2:2;1:2:2,3,2,1,1,1,0,1,1,1,1,1,5,8,1
52545,0:3:2;1:2:1;1:2:2;1:2:2,3,3,1,1,1,0,1,1,1,1,1,5,8,1
52546,0:3:2;1:2:1;1:2:2;1:2:2,3,4,1,1,1,0,1,1,1,1,1,5,8,1
52547,0:3:2;1:2:1;1:2:2;1:2:2,3,5,1,1,1,0,1,1,1,1,1,5,8,1
52548,0:3:2;1:2:1;1:2:2;1:2:2,4,0,1,1,1,0,1,1,1,1,1,5,8,7
52549,0:3:2;1:2:1;1:2:2;1:2:2,4,1,1,1,1,0,1,1,1,1,1,5,8,7
52550,0:3:2;1:2:1;1:2:2;1:2:2,4,2,1,1,1,0,1,1,1,1,1,5,8,1
52551,0:3:2;1:2:1;1:2:2;1:2:2,4,3,1,1,1,0,1,1,1,1,1,5,8,1
52552,0:3:2;1:2:1;1:2:2;1:2:2,4,4,1,1,1,0,1,1,1,1,1,5,8,1
52553,0:3:2;1:2:1;1:2:2;1:2:2,4,5,1,1,1,0,1,1,1,1,1,5,8,1
52554,0:3:2;1:2:1;1:2:2;1:2:2,5,0,1,1,1,0,1,1,1,1,1,5,8,7
52555,0:3:2;1:2:1;1:2:2;1:2:2,5,1,1,1,1,0,1,1,1,1,1,5,8,7
52556,0:3:2;1:2:1;1:2:2;1:2:2,5,2,1,1,1,0,1,1,1,1,1,5,8,1
52557,0:3:2;1:2:1;1:2:2;1:2:2,5,3,1,1,1,0,1,1,1,1,1,5,8,1
52558,0:3:2;1:2:1;1:2:2;1:2:2,5,4,1,1,1,0,1,1,1,1,1,5,8,1
52559,0:3:2;1:2:1;1:2:2;1:2:2,5,5,1,1,1,0,1,1,1,1,1,5,8,1
52560,0:3:2;1:2:1;1:2:2;1:3:2,0,0,0,0,0,1,0,0,0,0,0,0,1,24
52561,0:3:2;1:2:1;1:2:2;1:3:2,0,1,0,0,0,1,0,0,0,0,0,0,2,24
52562,0:3:2;1:2:1;1:2:2;1:3:2,0,2,0,0,0,1,0,0,0,0,0,0,16,24
52563,0:3:2;1:2:1;1:2:2;1:3:2,0,3,0,0,0,1,0,0,0,0,0,0,16,24
52564,0:3:2;1:2:1;1:2:2;1:3:2,0,4,0,0,0,1,0,0,0,0,0,0,16,24
52565,0:3:2;1:2:1;1:2:2;1:3:2,0,5,0,0,0,1,0,0,0,0,0,0,16,24
52566,0:3:2;1:2:1;1:2:2;1:3:2,1,0,0,0,0,1,0,0,0,0,0,0,13,24
52567,0:3:2;1:2:1;1:2:2;1:3:2,1,1,0,0,0,1,0,0,0,0,0,0,16,24
52568,0:3:2;1:2:1;1:2:2;1:3:2,1,2,0,0,0,1,0,0,0,0,0,0,25,24
52569,0:3:2;1:2:1;1:2:2;1:3:2,1,3,0,0,0,1,0,0,0,0,0,0,25,24
52570,0:3:2;1:2:1;1:2:2;1:3:2,1,4,0,0,0,1,0,0,0,0,0,0,25,24
52571,0:3:2;1:2:1;1:2:2;1:3:2,1,5,0,0,0,1,0,0,0,0,0,0,25,24
52572,0:3:2;1:2:1;1:2:2;1:3:2,2,0,1,1,0,0,1,1,1,1,1,5,8,7
52573,0:3:2;1:2:1;1:2:2;1:3:2,2,1,1,1,1,0,1,1,1,1,1,5,8,7
52574,0:3:2;1:2:1;1:2:2;1:3:2,2,2,1,1,1,0,1,1,1,1,1,5,8,1
52575,0:3:2;1:2:1;1:2:2;1:3:2,2,3,1,1,1,0,1,1,1,1,1,5,8,1
52576,0:3:2;1:2:1;1:2:2;1:3:2,2,4,1,1,1,0,1,1,1,1,1,5,8,1
52577,0:3:2;1:2:1;1:2:2;1:3:2,2,5,1,1,1,0,1,1,1,1,1,5,8,1
52578,0:3:2;1:2:1;1:2:2;1:3:2,3,0,1,1,1,0,1,1,1,1,1,5,8,7
52579,0:3:2;1:2:1;1:2:2;1:3:2,3,1,1,1,1,0,1,1,1,1,1,5,8,7
52580,0:3:2;1:2:1;1:2:2;1:3:2,3,2,1,1,1,0,1,1,1,1,1,5,8,1
52581,0:3:2;1:2:1;1:2:2;1:3:2,3,3,1,1,1,0,1,1,1,1,1,5,8,1
52582,0:3:2;1:2:1;1:2:2;1:3:2,3,4,1,1,1,0,1,1,1,1,1,5,8,1
52583,0:3:2;1:2:1;1:2:2;1:3:2,3,5,1,1,1,0,1,1,1,1,1,5,8,1
52584,0:3:2;1:2:1;1:2:2;1:3:2,4,0,1,1,1,0,1,1,1,1,1,5,8,7
52585,0:3:2;1:2:1;1:2:2;1:3:2,4,1,1,1,1,0,1,1,1,1,1,5,8,7
52586,0:3:2;1:2:1;1:2:2;1:3:2,4,2,1,1,1,0,1,1,1,1,1,5,8,1
52587,0:3:2;1:2:1;1:2:2;1:3:2,4,3,1,1,1,0,1,1,1,1,1,5,8,1
52588,0:3:2;1:2:1;1:2:2;1:3:2,4,4,1,1,1,0,1,1,1,1,1,5,8,1
52589,0:3:2;1:2:1;1:2:2;1:3:2,4,5,1,1,1,0,1,1,1,1,1,5,8,1
52590,0:3:2;1:2:1;1:2:2;1:3:2,5,0,1,1,1,0,1,1,1,1,1,5,8,7
52591,0:3:2;1:2:1;1:2:2;1:3:2,5,1,1,1,1,0,1,1,1,1,1,5,8,7
52592,0:3:2;1:2:1;1:2:2;1:3:2,5,2,1,1,1,0,1,1,1,1,1,5,8,1
52593,0:3:2;1:2:1;1:2:2;1:3:2,5,3,1,1,1,0,1,1,1,1,1,5,8,1
52594,0:3:2;1:2:1;1:2:2;1:3:2,5,4,1,1,1,0,1,1,1,1,1,5,8,1
52595,0:3:2;1:2:1;1:2:2;1:3:2,5,5,1,1,1,0,1,1,1,1,1,5,8,1
52596,0:3:2;1:2:1;1:2:2;1:3:3,0,0,0,0,0,1,0,0,0,0,0,0,1,24
52597,0:3:2;1:2:1;1:2:2;1:3:3,0,1,0,0,0,1,0,0,0,0,0,0,2,24
52598,0:3:2;1:2:1;1:2:2;1:3:3,0,2,0,0,0,1,0,0,0,0,0,0,17,24
52599,0:3:2;1:2:1;1:2:2;1:3:3,0,3,0,0,0,1,0,0,0,0,0,0,17,24
52600,0:3:2;1:2:1;1:2:2;1:3:3,0,4,0,0,0,1,0,0,0,0,0,0,17,24
52601,0:3:2;1:2:1;1:2:2;1:3:3,0,5,0,0,0,1,0,0,0,0,0,0,17,24
52602,0:3:2;1:2:1;1:2:2;1:3:3,1,0,0,0,0,1,0,0,0,0,0,0,14,24
52603,0:3:2;1:2:1;1:2:2;1:3:3,1,1,0,0,0,1,0,0,0,0,0,0,17,24
52604,0:3:2;1:2:1;1:2:2;1:3:3,1,2,0,0,0,1,0,0,0,0,0,0,28,24
52605,0:3:2;1:2:1;1:2:2;1:3:3,1,3,0,0,0,1,0,0,0,0,0,0,28,24
52606,0:3:2;1:2:1;1:2:2;1:3:3,1,4,0,0,0,1,0,0,0,0,0,0,28,24
52607,0:3:2;1:2:1;1:2:2;1:3:3,1,5,0,0,0,1,0,0,0,0,0,0,28,24
52608,0:3:2;1:2:1;1:2:2;1:3:3,2,0,0,0,0,1,0,0,0,0,0,0,28,24
52609,0:3:2;1:2:1;1:2:2;1:3:3,2,1,0,0,0,1,0,0,0,0,0,0,33,24
52610,0:3:2;1:2:1;1:2:2;1:3:3,2,2,0,0,0,1,0,0,0,0,0,0,41,24
52611,0:3:2;1:2:1;1:2:2;1:3:3,2,3,0,0,0,1,0,0,0,0,0,0,41,24
52612,0:3:2;1:2:1;1:2:2;1:3:3,2,4,0,0,0,1,0,0,0,0,0,0,41,24
52613,0:3:2;1:2:1;1:2:2;1:3:3,2,5,0,0,0,1,0,0,0,0,0,0,41,24
52614,0:3:2;1:2:1;1:2:2;1:3:3,3,0,1,1,0,0,1,1,1,1,1,5,9,7
52615,0:3:2;1:2:1;1:2:2;1:3:3,3,1,1,1,1,0,1,1,1,1,1,5,9,7
52616,0:3:2;1:2:1;1:2:2;1:3:3,3,2,1,1,1,0,1,1,1,1,1,5,9,1
52617,0:3:2;1:2:1;1:2:2;1:3:3,3,3,1,1,1,0,1,1,1,1,1,5,9,1
52618,0:3:2;1:2:1;1:2:2;1:3:3,3,4,1,1,1,0,1,1,1,1,1,5,9,1
52619,0:3:2;1:2:1;1:2:2;1:3:3,3,5,1,1,1,0,1,1,1,1,1,5,9,1
52620,0:3:2;1:2:1;1:2:2;1:3:3,4,0,1,1,1,0,1,1,1,1,1,5,9,7
52621,0:3:2;1:2:1;1:2:2;1:3:3,4,1,1,1,1,0,1,1,1,1,1,5,9,7
52622,0:3:2;1:2:1;1:2:2;1:3:3,4,2,1,1,1,0,1,1,1,1,1,5,9,1
52623,0:3:2;1:2:1;1:2:2;1:3:3,4,3,1,1,1,0,1,1,1,1,1,5,9,1
52624,0:3:2;1:2:1;1:2:2;1:3:3,4,4,1,1,1,0,1,1,1,1,1,5,9,1
52625,0:3:2;1:2:1;1:2:2;1:3:3,4,5,1,1,1,0,1,1,1,1,1,5,9,1
52626,0:3:2;1:2:1;1:2:2;1:3:3,5,0,1,1,1,0,1,1,1,1,1,5,9,7
52627,0:3:2;1:2:1;1:2:2;1:3:3,5,1,1,1,1,0,1,1,1,1,1,5,9,7
52628,0:3:2;1:2:1;1:2:2;1:3:3,5,2,1,1,1,0,1,1,1,1,1,5,9,1
52629,0:3:2;1:2:1;1:2:2;1:3:3,5,3,1,1,1,0,1,1,1,1,1,5,9,1
52630,0:3:2;1:2:1;1:2:2;1:3:3,5,4,1,1,1,0,1,1,1,1,1,5,9,1
52631,0:3:2;1:2:1;1:2:2;1:3:3,5,5,1,1,1,0,1,1,1,1,1,5,9,1
52632,0:3:2;1:2:1;1:2:2;1:4:3,0,0,0,0,0,1,0,0,0,0,0,0,1,24
52633,0:3:2;1:2:1;1:2:2;1:4:3,0,1,0,0,0,1,0,0,0,0,0,0,2,24
52634,0:3:2;1:2:1;1:2:2;1:4:3,0,2,0,0,0,1,0,0,0,0,0,0,17,24
52635,0:3:2;1:2:1;1:2:2;1:4:3,0,3,0,0,0,1,0,0,0,0,0,0,17,24
52636,0:3:2;1:2:1;1:2:2;1:4:3,0,4,0,0,0,1,0,0,0,0,0,0,17,24
52637,0:3:2;1:2:1;1:2:2;1:4:3,0,5,0,0,0,1,0,0,0,0,0,0,17,24
52638,0:3:2;1:2:1;1:2:2;1:4:3,1,0,0,0,0,1,0,0,0,0,0,0,14,24
52639,0:3:2;1:2:1;1:2:2;1:4:3,1,1,0,0,0,1,0,0,0,0,0,0,17,24
52640,0:3:2;1:2:1;1:2:2;1:4:3,1,2,0,0,0,1,0,0,0,0,0,0,28,24
52641,0:3:2;1:2:1;1:2:2;1:4:3,1,3,0,0,0,1,0,0,0,0,0,0,28,24
52642,0:3:2;1:2:1;1:2:2;1:4:3,1,4,0,0,0,1,0,0,0,0,0,0,28,24
52643,0:3:2;1:2:1;1:2:2;1:4:3,1,5,0,0,0,1,0,0,0,0,0,0,28,24
52644,0:3:2;1:2:1;1:2:2;1:4:3,2,0,0,0,0,1,0,0,0,0,0,0,28,24
52645,0:3:2;1:2:1;1:2:2;1:4:3,2,1,0,0,0,1,0,0,0,0,0,0,33,24
52646,0:3:2;1:2:1;1:2:2;1:4:3,2,2,0,0,0,1,0,0,0,0,0,0,41,24
52647,0:3:2;1:2:1;1:2:2;1:4:3,2,3,0,0,0,1,0,0,0,0,0,0,41,24
52648,0:3:2;1:2:1;1:2:2;1:4:3,2,4,0,0,0,1,0,0,0,0,0,0,41,24
52649,0:3:2;1:2:1;1:2:2;1:4:3,2,5,0,0,0,1,0,0,0,0,0,0,41,24
52650,0:3:2;1:2:1;1:2:2;1:4:3,3,0,1,1,0,0,1,1,1,1,1,5,9,7
52651,0:3:2;1:2:1;1:2:2;1:4:3,3,1,1,1,1,0,1,1,1,1,1,5,9,7
52652,0:3:2;1:2:1;1:2:2;1:4:3,3,2,1,1,1,0,1,1,1,1,1,5,9,1
52653,0:3:2;1:2:1;1:2:2;1:4:3,3,3,1,1,1,0,1,1,1,1,1,5,9,1
52654,0:3:2;1:2:1;1:2:2;1:4:3,3,4,1,1,1,0,1,1,1,1,1,5,9,1
52655,0:3:2;1:2:1;1:2:2;1:4:3,3,5,1,1,1,0,1,1,1,1,1,5,9,1
52656,0:3:2;1:2:1;1:2:2;1:4:3,4,0,1,1,1,0,1,1,1,1,1,5,9,7
52657,0:3:2;1:2:1;1:2:2;1:4:3,4,1,1,1,1,0,1,1,1,1,1,5,9,7
52658,0:3:2;1:2:1;1:2:2;1:4:3,4,2,1,1,1,0,1,1,1,1,1,5,9,1
52659,0:3:2;1:2:1;1:2:2;1:4:3,4,3,1,1,1,0,1,1,1,1,1,5,9,1
52660,0:3:2;1:2:1;1:2:2;1:4:3,4,4,1,1,1,0,1,1,1,1,1,5,9,1
52661,0:3:2;1:2:1;1:2:2;1:4:3,4,5,1,1,1,0,1,1,1,1,1,5,9,1
52662,0:3:2;1:2:1;1:2:2;1:4:3,5,0,1,1,1,0,1,1,1,1,1,5,9,7
52663,0:3:2;1:2:1;1:2:2;1:4:3,5,1,1,1,1,0,1,1,1,1,1,5,9,7
52664,0:3:2;1:2:1;1:2:2;1:4:3,5,2,1,1,1,0,1,1,1,1,1,5,9,1
52665,0:3:2;1:2:1;1:2:2;1:4:3,5,3,1,1,1,0,1,1,1,1,1,5,9,1
52666,0:3:2;1:2:1;1:2:2;1:4:3,5,4,1,1,1,0,1,1,1,1,1,5,9,1
52667,0:3:2;1:2:1;1:2:2;1:4:3,5,5,1,1,1,0,1,1,1,1,1,5,9,1
52668,0:3:2;1:2:1;1:3:2;1:3:2,0,0,0,0,0,1,0,0,0,0,0,0,1,24
52669,0:3:2;1:2:1;1:3:2;1:3:2,0,1,0,0,0,1,0,0,0,0,0,0,2,24
52670,0:3:2;1:2:1;1:3:2;1:3:2,0,2,0,0,0,1,0,0,0,0,0,0,16,24
52671,0:3:2;1:2:1;1:3:2;1:3:2,0,3,0,0,0,1,0,0,0,0,0,0,16,24
52672,0:3:2;1:2:1;1:3:2;1:3:2,0,4,0,0,0,1,0,0,0,0,0,0,16,24
52673,0:3:2;1:2:1;1:3:2;1:3:2,0,5,0,0,0,1,0,0,0,0,0,0,16,24
52674,0:3:2;1:2:1;1:3:2;1:3:2,1,0,0,0,0,1,0,0,0,0,0,0,13,24
52675,0:3:2;1:2:1;1:3:2;1:3:2,1,1,0,0,0,1,0,0,0,0,0,0,16,24
52676,0:3:2;1:2:1;1:3:2;1:3:2,1,2,0,0,0,1,0,0,0,0,0,0,25,24
52677,0:3:2;1:2:1;1:3:2;1:3:2,1,3,0,0,0,1,0,0,0,0,0,0,25,24
52678,0:3:2;1:2:1;1:3:2;1:3:2,1,4,0,0,0,1,0,0,0,0,0,0,25,24
52679,0:3:2;1:2:1;1:3:2;1:3:2,1,5,0,0,0,1,0,0,0,0,0,0,25,24
52680,0:3:2;1:2:1;1:3:2;1:3:2,2,0,1,1,0,0,1,1,1,1,1,5,8,7
52681,0:3:2;1:2:1;1:3:2;1:3:2,2,1,1,1,1,0,1,1,1,1,1,5,8,7
52682,0:3:2;1:2:1;1:3:2;1:3:2,2,2,1,1,1,0,1,1,1,1,1,5,8,1
52683,0:3:2;1:2:1;1:3:2;1:3:2,2,3,1,1,1,0,1,1,1,1,1,5,8,1
52684,0:3:2;1:2:1;1:3:2;1:3:2,2,4,1,1,1,0,1,1,1,1,1,5,8,1
52685,0:3:2;1:2:1;1:3:2;1:3:2,2,5,1,1,1,0,1,1,1,1,1,5,8,1
52686,0:3:2;1:2:1;1:3:2;1:3:2,3,0,1,1,1,0,1,1,1,1,1,5,8,7
52687,0:3:2;1:2:1;1:3:2;1:3:2,3,1,1,1,1,0,1,1,1,1,1,5,8,7
52688,0:3:2;1:2:1;1:3:2;1:3:2,3,2,1,1,1,0,1,1,1,1,1,5,8,1
52689,0:3:2;1:2:1;1:3:2;1:3:2,3,3,1,1,1,0,1,1,1,1,1,5,8,1
52690,0:3:2;1:2:1;1:3:2;1:3:2,3,4,1,1,1,0,1,1,1,1,1,5,8,1
52691,0:3:2;1:2:1;1:3:2;1:3:2,3,5,1,1,1,0,1,1,1,1,1,5,8,1
52692,0:3:2;1:2:1;1:3:2;1:3:2,4,0,1,1,1,0,1,1,1,1,1,5,8,7
52693,0:3:2;1:2:1;1:3:2;1:3:2,4,1,1,1,1,0,1,1,1,1,1,5,8,7
52694,0:3:2;1:2:1;1:3:2;1:3:2,4,2,1,1,1,0,1,1,1,1,1,5,8,1
52695,0:3:2;1:2:1;1:3:2;1:3:2,4,3,1,1,1,0,1,1,1,1,1,5,8,1
52696,0:3:2;1:2:1;1:3:2;1:3:2,4,4,1,1,1,0,1,1,1,1,1,5,8,1
52697,0:3:2;1:2:1;1:3:2;1:3:2,4,5,1,1,1,0,1,1,1,1,1,5,8,1
52698,0:3:2;1:2:1;1:3:2;1:3:2,5,0,1,1,1,0,1,1,1,1,1,5,8,7
52699,0:3:2;1:2:1;1:3:2;1:3:2,5,1,1,1,1,0,1,1,1,1,1,5,8,7
52700,0:3:2;1:2:1;1:3:2;1:3:2,5,2,1,1,1,0,1,1,1,1,1,5,8,1
52701,0:3:2;1:2:1;1:3:2;1:3:2,5,3,1,1,1,0,1,1,1,1,1,5,8,1
52702,0:3:2;1:2:1;1:3:2;1:3:2,5,4,1,1,1,0,1,1,1,1,1,5,8,1
52703,0:3:2;1:2:1;1:3:2;1:3:2,5,5,1,1,1,0,1,1,1,1,1,5,8,1
52704,0:3:2;1:2:1;1:3:2;1:3:3,0,0,0,0,0,1,0,0,0,0,0,0,1,24
52705,0:3:2;1:2:1;1:3:2;1:3:3,0,1,0,0,0,1,0,0,0,0,0,0,2,24
52706,0:3:2;1:2:1;1:3:2;1:3:3,0,2,0,0,0,1,0,0,0,0,0,0,17,24
52707,0:3:2;1:2:1;1:3:2;1:3:3,0,3,0,0,0,1,0,0,0,0,0,0,17,24
52708,0:3:2;1:2:1;1:3:2;1:3:3,0,4,0,0,0,1,0,0,0,0,0,0,17,24
52709,0:3:2;1:2:1;1:3:2;1:3:3,0,5,0,0,0,1,0,0,0,0,0,0,17,24
52710,0:3:2;1:2:1;1:3:2;1:3:3,1,0,0,0,0,1,0,0,0,0,0,0,14,24
52711,0:3:2;1:2:1;1:3:2;1:3:3,1,1,0,0,0,1,0,0,0,0,0,0,17,24
52712,0:3:2;1:2:1;1:3:2;1:3:3,1,2,0,0,0,1,0,0,0,0,0,0,28,24
52713,0:3:2;1:2:1;1:3:2;1:3:3,1,3,0,0,0,1,0,0,0,0,0,0,28,24
52714,0:3:2;1:2:1;1:3:2;1:3:3,1,4,0,0,0,1,0,0,0,0,0,0,28,24
52715,0:3:2;1:2:1;1:3:2;1:3:3,1,5,0,0,0,1,0,0,0,0,0,0,28,24
52716,0:3:2;1:2:1;1:3:2;1:3:3,2,0,0,0,0,1,0,0,0,0,0,0,28,24
52717,0:3:2;1:2:1;1:3:2;1:3:3,2,1,0,0,0,1,0,0,0,0,0,0,33,24
52718,0:3:2;1:2:1;1:3:2;1:3:3,2,2,0,0,0,1,0,0,0,0,0,0,41,24
52719,0:3:2;1:2:1;1:3:2;1:3:3,2,3,0,0,0,1,0,0,0,0,0,0,41,24
52720,0:3:2;1:2:1;1:3:2;1:3:3,2,4,0,0,0,1,0,0,0,0,0,0,41,24
52721,0:3:2;1:2:1;1:3:2;1:3:3,2,5,0,0,0,1,0,0,0,0,0,0,41,24
52722,0:3:2;1:2:1;1:3:2;1:3:3,3,0,1,1,0,0,1,1,1,1,1,5,9,7
52723,0:3:2;1:2:1;1:3:2;1:3:3,3,1,1,1,1,0,1,1,1,1,1,5,9,7
52724,0:3:2;1:2:1;1:3:2;1:3:3,3,2,1,1,1,0,1,1,1,1,1,5,9,1
52725,0:3:2;1:2:1;1:3:2;1:3:3,3,3,1,1,1,0,1,1,1,1,1,5,9,1
52726,0:3:2;1:2:1;1:3:2;1:3:3,3,4,1,1,1,0,1,1,1,1,1,5,9,1
52727,0:3:2;1:2:1;1:3:2;1:3:3,3,5,1,1,1,0,1,1,1,1,1,5,9,1
52728,0:3:2;1:2:1;1:3:2;1:3:3,4,0,1,1,1,0,1,1,1,1,1,5,9,7
52729,0:3:2;1:2:1;1:3:2;1:3:3,4,1,1,1,1,0,1,1,1,1,1,5,9,7
52730,0:3:2;1:2:1;1:3:2;1:3:3,4,2,1,1,1,0,1,1,1,1,1,5,9,1
52731,0:3:2;1:2:1;1:3:2;1:3:3,4,3,1,1,1,0,1,1,1,1,1,5,9,1
52732,0:3:2;1:2:1;1:3:2;1:3:3,4,4,1,1,1,0,1,1,1,1,1,5,9,1
52733,0:3:2;1:2:1;1:3:2;1:3:3,4,5,1,1,1,0,1,1,1,1,1,5,9,1
52734,0:3:2;1:2:1;1:3:2;1:3:3,5,0,1,1,1,0,1,1,1,1,1,5,9,7
52735,0:3:2;1:2:1;1:3:2;1:3:3,5,1,1,1,1,0,1,1,1,1,1,5,9,7
52736,0:3:2;1:2:1;1:3:2;1:3:3,5,2,1,1,1,0,1,1,1,1,1,5,9,1
52737,0:3:2;1:2:1;1:3:2;1:3:3,5,3,1,1,1,0,1,1,1,1,1,5,9,1
52738,0:3:2;1:2:1;1:3:2;1:3:3,5,4,1,1,1,0,1,1,1,1,1,5,9,1
52739,0:3:2;1:2:1;1:3:2;1:3:3,5,5,1,1,1,0,1,1,1,1,1,5,9,1
52740,0:3:2;1:2:1;1:3:2;1:4:3,0,0,0,0,0,1,0,0,0,0,0,0,1,24
52741,0:3:2;1:2:1;1:3:2;1:4:3,0,1,0,0,0,1,0,0,0,0,0,0,2,24
52742,0:3:2;1:2:1;1:3:2;1:4:3,0,2,0,0,0,1,0,0,0,0,0,0,17,24
52743,0:3:2;1:2:1;1:3:2;1:4:3,0,3,0,0,0,1,0,0,0,0,0,0,17,24
52744,0:3:2;1:2:1;1:3:2;1:4:3,0,4,0,0,0,1,0,0,0,0,0,0,17,24
52745,0:3:2;1:2:1;1:3:2;1:4:3,0,5,0,0,0,1,0,0,0,0,0,0,17,24
52746,0:3:2;1:2:1;1:3:2;1:4:3,1,0,0,0,0,1,0,0,0,0,0,0,14,24
52747,0:3:2;1:2:1;1:3:2;1:4:3,1,1,0,0,0,1,0,0,0,0,0,0,17,24
52748,0:3:2;1:2:1;1:3:2;1:4:3,1,2,0,0,0,1,0,0,0,0,0,0,28,24
52749,0:3:2;1:2:1;1:3:2;1:4:3,1,3,0,0,0,1,0,0,0,0,0,0,28,24
52750,0:3:2;1:2:1;1:3:2;1:4:3,1,4,0,0,0,1,0,0,0,0,0,0,28,24
52751,0:3:2;1:2:1;1:3:2;1:4:3,1,5,0,0,0,1,0,0,0,0,0,0,28,24
52752,0:3:2;1:2:1;1:3:2;1:4:3,2,0,0,0,0,1,0,0,0,0,0,0,28,24
52753,0:3:2;1:2:1;1:3:2;1:4:3,2,1,0,0,0,1,0,0,0,0,0,0,33,24
52754,0:3:2;1:2:1;1:3:2;1:4:3,2,2,0,0,0,1,0,0,0,0,0,0,41,24
52755,0:3:2;1:2:1;1:3:2;1:4:3,2,3,0,0,0,1,0,0,0,0,0,0,41,24
52756,0:3:2;1:2:1;1:3:2;1:4:3,2,4,0,0,0,1,0,0,0,0,0,0,41,24
52757,0:3:2;1:2:1;1:3:2;1:4:3,2,5,0,0,0,1,0,0,0,0,0,0,41,24
52758,0:3:2;1:2:1;1:3:2;1:4:3,3,0,1,1,0,0,1,1,1,1,1,5,9,7
52759,0:3:2;1:2:1;1:3:2;1:4:3,3,1,1,1,1,0,1,1,1,1,1,5,9,7
52760,0:3:2;1:2:1;1:3:2;1:4:3,3,2,1,1,1,0,1,1,1,1,1,5,9,1
52761,0:3:2;1:2:1;1:3:2;1:4:3,3,3,1,1,1,0,1,1,1,1,1,5,9,1
52762,0:3:2;1:2:1;1:3:2;1:4:3,3,4,1,1,1,0,1,1,1,1,1,5,9,1
52763,0:3:2;1:2:1;1:3:2;1:4:3,3,5,1,1,1,0,1,1,1,1,1,5,9,1
52764,0:3:2;1:2:1;1:3:2;1:4:3,4,0,1,1,1,0,1,1,1,1,1,5,9,7
52765,0:3:2;1:2:1;1:3:2;1:4:3,4,1,1,1,1,0,1,1,1,1,1,5,9,7
52766,0:3:2;1:2:1;1:3:2;1:4:3,4,2,1,1,1,0,1,1,1,1,1,5,9,1
52767,0:3:2;1:2:1;1:3:2;1:4:3,4,3,1,1,1,0,1,1,1,1,1,5,9,1
52768,0:3:2;1:2:1;1:3:2;1:4:3,4,4,1,1,1,0,1,1,1,1,1,5,9,1
52769,0:3:2;1:2:1;1:3:2;1:4:3,4,5,1,1,1,0,1,1,1,1,1,5,9,1
52770,0:3:2;1:2:1;1:3:2;1:4:3,5,0,1,1,1,0,1,1,1,1,1,5,9,7
52771,0:3:2;1:2:1;1:3:2;1:4:3,5,1,1,1,1,0,1,1,1,1,1,5,9,7
52772,0:3:2;1:2:1;1:3:2;1:4:3,5,2,1,1,1,0,1,1,1,1,1,5,9,1
52773,0:3:2;1:2:1;1:3:2;1:4:3,5,3,1,1,1,0,1,1,1,1,1,5,9,1
52774,0:3:2;1:2:1;1:3:2;1:4:3,5,4,1,1,1,0,1,1,1,1,1,5,9,1
52775,0:3:2;1:2:1;1:3:2;1:4:3,5,5,1,1,1,0,1,1,1,1,1,5,9,1
52776,0:3:2;1:2:1;1:3:3;1:3:3,0,0,0,0,0,1,0,0,0,0,0,0,1,24
52777,0:3:2;1:2:1;1:3:3;1:3:3,0,1,0,0,0,1,0,0,0,0,0,0,2,24
52778,0:3:2;1:2:1;1:3:3;1:3:3,0,2,0,0,0,1,0,0,0,0,0,0,18,24
52779,0:3:2;1:2:1;1:3:3;1:3:3,0,3,0,0,0,1,0,0,0,0,0,0,18,24
52780,0:3:2;1:2:1;1:3:3;1:3:3,0,4,0,0,0,1,0,0,0,0,0,0,18,24
52781,0:3:2;1:2:1;1:3:3;1:3:3,0,5,0,0,0,1,0,0,0,0,0,0,18,24
52782,0:3:2;1:2:1;1:3:3;1:3:3,1,0,0,0,0,1,0,0,0,0,0,0,15,24
52783,0:3:2;1:2:1;1:3:3;1:3:3,1,1,0,0,0,1,0,0,0,0,0,0,18,24
52784,0:3:2;1:2:1;1:3:3;1:3:3,1,2,0,0,0,1,0,0,0,0,0,0,31,24
52785,0:3:2;1:2:1;1:3:3;1:3:3,1,3,0,0,0,1,0,0,0,0,0,0,31,24
52786,0:3:2;1:2:1;1:3:3;1:3:3,1,4,0,0,0,1,0,0,0,0,0,0,31,24
52787,0:3:2;1:2:1;1:3:3;1:3:3,1,5,0,0,0,1,0,0,0,0,0,0,31,24
52788,0:3:2;1:2:1;1:3:3;1:3:3,2,0,0,0,0,1,0,0,0,0,0,0,25,24
52789,0:3:2;1:2:1;1:3:3;1:3:3,2,1,0,0,0,1,0,0,0,0,0,0,31,24
52790,0:3:2;1:2:1;1:3:3;1:3:3,2,2,0,0,0,1,0,0,0,0,0,0,46,24
52791,0:3:2;1:2:1;1:3:3;1:3:3,2,3,0,0,0,1,0,0,0,0,0,0,46,24
52792,0:3:2;1:2:1;1:3:3;1:3:3,2,4,0,0,0,1,0,0,0,0,0,0,46,24
52793,0:3:2;1:2:1;1:3:3;1:3:3,2,5,0,0,0,1,0,0,0,0,0,0,46,24
52794,0:3:2;1:2:1;1:3:3;1:3:3,3,0,0,0,0,1,0,0,0,0,0,0,46,24
52795,0:3:2;1:2:1;1:3:3;1:3:3,3,1,0,0,0,1,0,0,0,0,0,0,54,24
52796,0:3:2;1:2:1;1:3:3;1:3:3,3,2,0,0,0,1,0,0,0,0,0,0,63,24
52797,0:3:2;1:2:1;1:3:3;1:3:3,3,3,0,0,0,1,0,0,0,0,0,0,63,24
52798,0:3:2;1:2:1;1:3:3;1:3:3,3,4,0,0,0,1,0,0,0,0,0,0,63,24
52799,0:3:2;1:2:1;1:3:3;1:3:3,3,5,0,0,0,1,0,0,0,0,0,0,63,24
52800,0:3:2;1:2:1;1:3:3;1:3:3,4,0,1,1,1,0,1,1,1,1,1,5,10,7
52801,0:3:2;1:2:1;1:3:3;1:3:3,4,1,1,1,1,0,1,1,1,1,1,5,10,7
52802,0:3:2;1:2:1;1:3:3;1:3:3,4,2,1,1,1,0,1,1,1,1,1,5,10,1
52803,0:3:2;1:2:1;1:3:3;1:3:3,4,3,1,1,1,0,1,1,1,1,1,5,10,1
52804,0:3:2;1:2:1;1:3:3;1:3:3,4,4,1,1,1,0,1,1,1,1,1,5,10,1
52805,0:3:2;1:2:1;1:3:3;1:3:3,4,5,1,1,1,0,1,1,1,1,1,5,10,1
52806,0:3:2;1:2:1;1:3:3;1:3:3,5,0,1,1,1,0,1,1,1,1,1,5,10,7
52807,0:3:2;1:2:1;1:3:3;1:3:3,5,1,1,1,1,0,1,1,1,1,1,5,10,7
52808,0:3:2;1:2:1;1:3:3;1:3:3,5,2,1,1,1,0,1,1,1,1,1,5,10,1
52809,0:3:2;1:2:1;1:3:3;1:3:3,5,3,1,1,1,0,1,1,1,1,1,5,10,1
52810,0:3:2;1:2:1;1:3:3;1:3:3,5,4,1,1,1,0,1,1,1,1,1,5,10,1
52811,0:3:2;1:2:1;1:3:3;1:3:3,5,5,1,1,1,0,1,1,1,1,1,5,10,1
52812,0:3:2;1:2:1;1:3:3;1:4:3,0,0,0,0,0,1,0,0,0,0,0,0,1,24
52813,0:3:2;1:2:1;1:3:3;1:4:3,0,1,0,0,0,1,0,0,0,0,0,0,2,24
52814,0:3:2;1:2:1;1:3:3;1:4:3,0,2,0,0,0,1,0,0,0,0,0,0,18,24
52815,0:3:2;1:2:1;1:3:3;1:4:3,0,3,0,0,0,1,0,0,0,0,0,0,18,24
52816,0:3:2;1:2:1;1:3:3;1:4:3,0,4,0,0,0,1,0,0,0,0,0,0,18,24
52817,0:3:2;1:2:1;1:3:3;1:4:3,0,5,0,0,0,1,0,0,0,0,0,0,18,24
52818,0:3:2;1:2:1;1:3:3;1:4:3,1,0,0,0,0,1,0,0,0,0,0,0,15,24
52819,0:3:2;1:2:1;1:3:3;1:4:3,1,1,0,0,0,1,0,0,0,0,0,0,18,24
52820,0:3:2;1:2:1;1:3:3;1:4:3,1,2,0,0,0,1,0,0,0,0,0,0,31,24
52821,0:3:2;1:2:1;1:3:3;1:4:3,1,3,0,0,0,1,0,0,0,0,0,0,31,24
52822,0:3:2;1:2:1;1:3:3;1:4:3,1,4,0,0,0,1,0,0,0,0,0,0,31,24
52823,0:3:2;1:2:1;1:3:3;1:4:3,1,5,0,0,0,1,0,0,0,0,0,0,31,24
52824,0:3:2;1:2:1;1:3:3;1:4:3,2,0,0,0,0,1,0,0,0,0,0,0,25,24
52825,0:3:2;1:2:1;1:3:3;1:4:3,2,1,0,0,0,1,0,0,0,0,0,0,31,24
52826,0:3:2;1:2:1;1:3:3;1:4:3,2,2,0,0,0,1,0,0,0,0,0,0,46,24
52827,0:3:2;1:2:1;1:3:3;1:4:3,2,3,0,0,0,1,0,0,0,0,0,0,46,24
52828,0:3:2;1:2:1;1:3:3;1:4:3,2,4,0,0,0,1,0,0,0,0,0,0,46,24
52829,0:3:2;1:2:1;1:3:3;1:4:3,2,5,0,0,0,1,0,0,0,0,0,0,46,24
52830,0:3:2;1:2:1;1:3:3;1:4:3,3,0,0,0,0,1,0,0,0,0,0,0,46,24
52831,0:3:2;1:2:1;1:3:3;1:4:3,3,1,0,0,0,1,0,0,0,0,0,0,54,24
52832,0:3:2;1:2:1;1:3:3;1:4:3,3,2,0,0,0,1,0,0,0,0,0,0,63,24
52833,0:3:2;1:2:1;1:3:3;1:4:3,3,3,0,0,0,1,0,0,0,0,0,0,63,24
52834,0:3:2;1:2:1;1:3:3;1:4:3,3,4,0,0,0,1,0,0,0,0,0,0,63,24
52835,0:3:2;1:2:1;1:3:3;1:4:3,3,5,0,0,0,1,0,0,0,0,0,0,63,24
52836,0:3:2;1:2:1;1:3:3;1:4:3,4,0,1,1,1,0,1,1,1,1,1,5,10,7
52837,0:3:2;1:2:1;1:3:3;1:4:3,4,1,1,1,1,0,1,1,1,1,1,5,10,7
52838,0:3:2;1:2:1;1:3:3;1:4:3,4,2,1,1,1,0,1,1,1,1,1,5,10,1
52839,0:3:2;1:2:1;1:3:3;1:4:3,4,3,1,1,1,0,1,1,1,1,1,5,10,1
52840,0:3:2;1:2:1;1:3:3;1:4:3,4,4,1,1,1,0,1,1,1,1,1,5,10,1
52841,0:3:2;1:2:1;1:3:3;1:4:3,4,5,1,1,1,0,1,1,1,1,1,5,10,1
52842,0:3:2;1:2:1;1:3:3;1:4:3,5,0,1,1,1,0,1,1,1,1,1,5,10,7
52843,0:3:2;1:2:1;1:3:3;1:4:3,5,1,1,1,1,0,1,1,1,1,1,5,10,7
52844,0:3:2;1:2:1;1:3:3;1:4:3,5,2,1,1,1,0,1,1,1,1,1,5,10,1
52845,0:3:2;1:2:1;1:3:3;1:4:3,5,3,1,1,1,0,1,1,1,1,1,5,10,1
52846,0:3:2;1:2:1;1:3:3;1:4:3,5,4,1,1,1,0,1,1,1,1,1,5,10,1
52847,0:3:2;1:2:1;1:3:3;1:4:3,5,5,1,1,1,0,1,1,1,1,1,5,10,1
52848,0:3:2;1:2:1;1:4:3;1:4:3,0,0,0,0,0,1,0,0,0,0,0,0,1,24
52849,0:3:2;1:2:1;1:4:3;1:4:3,0,1,0,0,0,1,0,0,0,0,0,0,2,24
52850,0:3:2;1:2:1;1:4:3;1:4:3,0,2,0,0,0,1,0,0,0,0,0,0,18,24
52851,0:3:2;1:2:1;1:4:3;1:4:3,0,3,0,0,0,1,0,0,0,0,0,0,18,24
52852,0:3:2;1:2:1;1:4:3;1:4:3,0,4,0,0,0,1,0,0,0,0,0,0,18,24
52853,0:3:2;1:2:1;1:4:3;1:4:3,0,5,0,0,0,1,0,0,0,0,0,0,18,24
52854,0:3:2;1:2:1;1:4:3;1:4:3,1,0,0,0,0,1,0,0,0,0,0,0,15,24
52855,0:3:2;1:2:1;1:4:3;1:4:3,1,1,0,0,0,1,0,0,0,0,0,0,18,24
52856,0:3:2;1:2:1;1:4:3;1:4:3,1,2,0,0,0,1,0,0,0,0,0,0,31,24
52857,0:3:2;1:2:1;1:4:3;1:4:3,1,3,0,0,0,1,0,0,0,0,0,0,31,24
52858,0:3:2;1:2:1;1:4:3;1:4:3,1,4,0,0,0,1,0,0,0,0,0,0,31,24
52859,0:3:2;1:2:1;1:4:3;1:4:3,1,5,0,0,0,1,0,0,0,0,0,0,31,24
52860,0:3:2;1:2:1;1:4:3;1:4:3,2,0,0,0,0,1,0,0,0,0,0,0,25,24
52861,0:3:2;1:2:1;1:4:3;1:4:3,2,1,0,0,0,1,0,0,0,0,0,0,31,24
52862,0:3:2;1:2:1;1:4:3;1:4:3,2,2,0,0,0,1,0,0,0,0,0,0,46,24
52863,0:3:2;1:2:1;1:4:3;1:4:3,2,3,0,0,0,1,0,0,0,0,0,0,46,24
52864,0:3:2;1:2:1;1:4:3;1:4:3,2,4,0,0,0,1,0,0,0,0,0,0,46,24
52865,0:3:2;1:2:1;1:4:3;1:4:3,2,5,0,0,0,1,0,0,0,0,0,0,46,24
52866,0:3:2;1:2:1;1:4:3;1:4:3,3,0,0,0,0,1,0,0,0,0,0,0,46,24
52867,0:3:2;1:2:1;1:4:3;1:4:3,3,1,0,0,0,1,0,0,0,0,0,0,54,24
52868,0:3:2;1:2:1;1:4:3;1:4:3,3,2,0,0,0,1,0,0,0,0,0,0,63,24
52869,0:3:2;1:2:1;1:4:3;1:4:3,3,3,0,0,0,1,0,0,0,0,0,0,63,24
52870,0:3:2;1:2:1;1:4:3;1:4:3,3,4,0,0,0,1,0,0,0,0,0,0,63,24
52871,0:3:2;1:2:1;1:4:3;1:4:3,3,5,0,0,0,1,0,0,0,0,0,0,63,24
52872,0:3:2;1:2:1;1:4:3;1:4:3,4,0,1,1,1,0,1,1,1,1,1,5,10,7
52873,0:3:2;1:2:1;1:4:3;1:4:3,4,1,1,1,1,0,1,1,1,1,1,5,10,7
52874,0:3:2;1:2:1;1:4:3;1:4:3,4,2,1,1,1,0,1,1,1,1,1,5,10,1
52875,0:3:2;1:2:1;1:4:3;1:4:3,4,3,1,1,1,0,1,1,1,1,1,5,10,1
52876,0:3:2;1:2:1;1:4:3;1:4:3,4,4,1,1,1,0,1,1,1,1,1,5,10,1
52877,0:3:2;1:2:1;1:4:3;1:4:3,4,5,1,1,1,0,1,1,1,1,1,5,10,1
52878,0:3:2;1:2:1;1:4:3;1:4:3,5,0,1,1,1,0,1,1,1,1,1,5,10,7
52879,0:3:2;1:2:1;1:4:3;1:4:3,5,1,1,1,1,0,1,1,1,1,1,5,10,7
52880,0:3:2;1:2:1;1:4:3;1:4:3,5,2,1,1,1,0,1,1,1,1,1,5,10,1
52881,0:3:2;1:2:1;1:4:3;1:4:3,5,3,1,1,1,0,1,1,1,1,1,5,10,1
52882,0:3:2;1:2:1;1:4:3;1:4:3,5,4,1,1,1,0,1,1,1,1,1,5,10,1
52883,0:3:2;1:2:1;1:4:3;1:4:3,5,5,1,1,1,0,1,1,1,1,1,5,10,1
52884,0:3:2;1:2:2;1:2:2;1:2:2,0,0,0,0,0,1,0,0,0,0,0,0,1,24
52885,0:3:2;1:2:2;1:2:2;1:2:2,0,1,0,0,0,1,0,0,0,0,0,0,2,24
52886,0:3:2;1:2:2;1:2:2;1:2:2,0,2,0,0,0,1,0,0,0,0,0,0,19,24
52887,0:3:2;1:2:2;1:2:2;1:2:2,0,3,0,0,0,1,0,0,0,0,0,0,19,24
52888,0:3:2;1:2:2;1:2:2;1:2:2,0,4,0,0,0,1,0,0,0,0,0,0,19,24
52889,0:3:2;1:2:2;1:2:2;1:2:2,0,5,0,0,0,1,0,0,0,0,0,0,19,24
52890,0:3:2;1:2:2;1:2:2;1:2:2,1,0,0,0,0,1,0,0,0,0,0,0,4,24
52891,0:3:2;1:2:2;1:2:2;1:2:2,1,1,0,0,0,1,0,0,0,0,0,0,8,24
52892,0:3:2;1:2:2;1:2:2;1:2:2,1,2,0,0,0,1,0,0,0,0,0,0,31,24
52893,0:3:2;1:2:2;1:2:2;1:2:2,1,3,0,0,0,1,0,0,0,0,0,0,31,24
52894,0:3:2;1:2:2;1:2:2;1:2:2,1,4,0,0,0,1,0,0,0,0,0,0,31,24
52895,0:3:2;1:2:2;1:2:2;1:2:2,1,5,0,0,0,1,0,0,0,0,0,0,31,24
52896,0:3:2;1:2:2;1:2:2;1:2:2,2,0,0,0,0,1,0,0,0,0,0,0,31,24
52897,0:3:2;1:2:2;1:2:2;1:2:2,2,1,0,0,0,1,0,0,0,0,0,0,38,24
52898,0:3:2;1:2:2;1:2:2;1:2:2,2,2,0,0,0,1,0,0,0,0,0,0,46,24
52899,0:3:2;1:2:2;1:2:2;1:2:2,2,3,0,0,0,1,0,0,0,0,0,0,46,24
52900,0:3:2;1:2:2;1:2:2;1:2:2,2,4,0,0,0,1,0,0,0,0,0,0,46,24
52901,0:3:2;1:2:2;1:2:2;1:2:2,2,5,0,0,0,1,0,0,0,0,0,0,46,24
52902,0:3:2;1:2:2;1:2:2;1:2:2,3,0,1,1,1,0,1,1,1,1,1,5,9,7
52903,0:3:2;1:2:2;1:2:2;1:2:2,3,1,1,1,1,0,1,1,1,1,1,5,9,7
52904,0:3:2;1:2:2;1:2:2;1:2:2,3,2,1,1,1,0,1,1,1,1,1,5,9,1
52905,0:3:2;1:2:2;1:2:2;1:2:2,3,3,1,1,1,0,1,1,1,1,1,5,9,1
52906,0:3:2;1:2:2;1:2:2;1:2:2,3,4,1,1,1,0,1,1,1,1,1,5,9,1
52907,0:3:2;1:2:2;1:2:2;1:2:2,3,5,1,1,1,0,1,1,1,1,1,5,9,1
52908,0:3:2;1:2:2;1:2:2;1:2:2,4,0,1,1,1,0,1,1,1,1,1,5,9,7
52909,0:3:2;1:2:2;1:2:2;1:2:2,4,1,1,1,1,0,1,1,1,1,1,5,9,7
52910,0:3:2;1:2:2;1:2:2;1:2:2,4,2,1,1,1,0,1,1,1,1,1,5,9,1
52911,0:3:2;1:2:2;1:2:2;1:2:2,4,3,1,1,1,0,1,1,1,1,1,5,9,1
52912,0:3:2;1:2:2;1:2:2;1:2:2,4,4,1,1,1,0,1,1,1,1,1,5,9,1
52913,0:3:2;1:2:2;1:2:2;1:2:2,4,5,1,1,1,0,1,1,1,1,1,5,9,1
52914,0:3:2;1:2:2;1:2:2;1:2:2,5,0,1,1,1,0,1,1,1,1,1,5,9,7
52915,0:3:2;1:2:2;1:2:2;1:2:2,5,1,1,1,1,0,1,1,1,1,1,5,9,7
52916,0:3:2;1:2:2;1:2:2;1:2:2,5,2,1,1,1,0,1,1,1,1,1,5,9,1
52917,0:3:2;1:2:2;1:2:2;1:2:2,5,3,1,1,1,0,1,1,1,1,1,5,9,1
52918,0:3:2;1:2:2;1:2:2;1:2:2,5,4,1,1,1,0,1,1,1,1,1,5,9,1
52919,0:3:2;1:2:2;1:2:2;1:2:2,5,5,1,1,1,0,1,1,1,1,1,5,9,1
52920,0:3:2;1:2:2;1:2:2;1:3:2,0,0,0,0,0,1,0,0,0,0,0,0,1,24
52921,0:3:2;1:2:2;1:2:2;1:3:2,0,1,0,0,0,1,0,0,0,0,0,0,2,24
52922,0:3:2;1:2:2;1:2:2;1:3:2,0,2,0,0,0,1,0,0,0,0,0,0,19,24
52923,0:3:2;1:2:2;1:2:2;1:3:2,0,3,0,0,0,1,0,0,0,0,0,0,19,24
52924,0:3:2;1:2:2;1:2:2;1:3:2,0,4,0,0,0,1,0,0,0,0,0,0,19,24
52925,0:3:2;1:2:2;1:2:2;1:3:2,0,5,0,0,0,1,0,0,0,0,0,0,19,24
52926,0:3:2;1:2:2;1:2:2;1:3:2,1,0,0,0,0,1,0,0,0,0,0,0,4,24
52927,0:3:2;1:2:2;1:2:2;1:3:2,1,1,0,0,0,1,0,0,0,0,0,0,8,24
52928,0:3:2;1:2:2;1:2:2;1:3:2,1,2,0,0,0,1,0,0,0,0,0,0,31,24
52929,0:3:2;1:2:2;1:2:2;1:3:2,1,3,0,0,0,1,0,0,0,0,0,0,31,24
52930,0:3:2;1:2:2;1:2:2;1:3:2,1,4,0,0,0,1,0,0,0,0,0,0,31,24
52931,0:3:2;1:2:2;1:2:2;1:3:2,1,5,0,0,0,1,0,0,0,0,0,0,31,24
52932,0:3:2;1:2:2;1:2:2;1:3:2,2,0,0,0,0,1,0,0,0,0,0,0,31,24
52933,0:3:2;1:2:2;1:2:2;1:3:2,2,1,0,0,0,1,0,0,0,0,0,0,38,24
52934,0:3:2;1:2:2;1:2:2;1:3:2,2,2,0,0,0,1,0,0,0,0,0,0,46,24
52935,0:3:2;1:2:2;1:2:2;1:3:2,2,3,0,0,0,1,0,0,0,0,0,0,46,24
52936,0:3:2;1:2:2;1:2:2;1:3:2,2,4,0,0,0,1,0,0,0,0,0,0,46,24
52937,0:3:2;1:2:2;1:2:2;1:3:2,2,5,0,0,0,1,0,0,0,0,0,0,46,24
52938,0:3:2;1:2:2;1:2:2;1:3:2,3,0,1,1,1,0,1,1,1,1,1,5,9,7
52939,0:3:2;1:2:2;1:2:2;1:3:2,3,1,1,1,1,0,1,1,1,1,1,5,9,7
52940,0:3:2;1:2:2;1:2:2;1:3:2,3,2,1,1,1,0,1,1,1,1,1,5,9,1
52941,0:3:2;1:2:2;1:2:2;1:3:2,3,3,1,1,1,0,1,1,1,1,1,5,9,1
52942,0:3:2;1:2:2;1:2:2;1:3:2,3,4,1,1,1,0,1,1,1,1,1,5,9,1
52943,0:3:2;1:2:2;1:2:2;1:3:2,3,5,1,1,1,0,1,1,1,1,1,5,9,1
52944,0:3:2;1:2:2;1:2:2;1:3:2,4,0,1,1,1,0,1,1,1,1,1,5,9,7
52945,0:3:2;1:2:2;1:2:2;1:3:2,4,1,1,1,1,0,1,1,1,1,1,5,9,7
52946,0:3:2;1:2:2;1:2:2;1:3:2,4,2,1,1,1,0,1,1,1,1,1,5,9,1
52947,0:3:2;1:2:2;1:2:2;1:3:2,4,3,1,1,1,0,1,1,1,1,1,5,9,1
52948,0:3:2;1:2:2;1:2:2;1:3:2,4,4,1,1,1,0,1,1,1,1,1,5,9,1
52949,0:3:2;1:2:2;1:2:2;1:3:2,4,5,1,1,1,0,1,1,1,1,1,5,9,1
52950,0:3:2;1:2:2;1:2:2;1:3:2,5,0,1,1,1,0,1,1,1,1,1,5,9,7
52951,0:3:2;1:2:2;1:2:2;1:3:2,5,1,1,1,1,0,1,1,1,1,1,5,9,7
52952,0:3:2;1:2:2;1:2:2;1:3:2,5,2,1,1,1,0,1,1,1,1,1,5,9,1
52953,0:3:2;1:2:2;1:2:2;1:3:2,5,3,1,1,1,0,1,1,1,1,1,5,9,1
52954,0:3:2;1:2:2;1:2:2;1:3:2,5,4,1,1,1,0,1,1,1,1,1,5,9,1
52955,0:3:2;1:2:2;1:2:2;1:3:2,5,5,1,1,1,0,1,1,1,1,1,5,9,1
52956,0:3:2;1:2:2;1:2:2;1:3:3,0,0,0,0,0,1,0,0,0,0,0,0,1,24
52957,0:3:2;1:2:2;1:2:2;1:3:3,0,1,0,0,0,1,0,0,0,0,0,0,2,24
52958,0:3:2;1:2:2;1:2:2;1:3:3,0,2,0,0,0,1,0,0,0,0,0,0,20,24
52959,0:3:2;1:2:2;1:2:2;1:3:3,0,3,0,0,0,1,0,0,0,0,0,0,20,24
52960,0:3:2;1:2:2;1:2:2;1:3:3,0,4,0,0,0,1,0,0,0,0,0,0,20,24
52961,0:3:2;1:2:2;1:2:2;1:3:3,0,5,0,0,0,1,0,0,0,0,0,0,20,24
52962,0:3:2;1:2:2;1:2:2;1:3:3,1,0,0,0,0,1,0,0,0,0,0,0,4,24
52963,0:3:2;1:2:2;1:2:2;1:3:3,1,1,0,0,0,1,0,0,0,0,0,0,8,24
52964,0:3:2;1:2:2;1:2:2;1:3:3,1,2,0,0,0,1,0,0,0,0,0,0,34,24
52965,0:3:2;1:2:2;1:2:2;1:3:3,1,3,0,0,0,1,0,0,0,0,0,0,34,24
52966,0:3:2;1:2:2;1:2:2;1:3:3,1,4,0,0,0,1,0,0,0,0,0,0,34,24
52967,0:3:2;1:2:2;1:2:2;1:3:3,1,5,0,0,0,1,0,0,0,0,0,0,34,24
52968,0:3:2;1:2:2;1:2:2;1:3:3,2,0,0,0,0,1,0,0,0,0,0,0,28,24
52969,0:3:2;1:2:2;1:2:2;1:3:3,2,1,0,0,0,1,0,0,0,0,0,0,36,24
52970,0:3:2;1:2:2;1:2:2;1:3:3,2,2,0,0,0,1,0,0,0,0,0,0,52,24
52971,0:3:2;1:2:2;1:2:2;1:3:3,2,3,0,0,0,1,0,0,0,0,0,0,52,24
52972,0:3:2;1:2:2;1:2:2;1:3:3,2,4,0,0,0,1,0,0,0,0,0,0,52,24
52973,0:3:2;1:2:2;1:2:2;1:3:3,2,5,0,0,0,1,0,0,0,0,0,0,52,24
52974,0:3:2;1:2:2;1:2:2;1:3:3,3,0,0,0,0,1,0,0,0,0,0,0,48,24
52975,0:3:2;1:2:2;1:2:2;1:3:3,3,1,0,0,0,1,0,0,0,0,0,0,59,24
52976,0:3:2;1:2:2;1:2:2;1:3:3,3,2,0,0,0,1,0,0,0,0,0,0,71,24
52977,0:3:2;1:2:2;1:2:2;1:3:3,3,3,0,0,0,1,0,0,0,0,0,0,71,24
52978,0:3:2;1:2:2;1:2:2;1:3:3,3,4,0,0,0,1,0,0,0,0,0,0,71,24
52979,0:3:2;1:2:2;1:2:2;1:3:3,3,5,0,0,0,1,0,0,0,0,0,0,71,24
52980,0:3:2;1:2:2;1:2:2;1:3:3,4,0,1,1,1,0,1,1,1,1,1,5,10,7
52981,0:3:2;1:2:2;1:2:2;1:3:3,4,1,1,1,1,0,1,1,1,1,1,5,10,7
52982,0:3:2;1:2:2;1:2:2;1:3:3,4,2,1,1,1,0,1,1,1,1,1,5,10,1
52983,0:3:2;1:2:2;1:2:2;1:3:3,4,3,1,1,1,0,1,1,1,1,1,5,10,1
52984,0:3:2;1:2:2;1:2:2;1:3:3,4,4,1,1,1,0,1,1,1,1,1,5,10,1
52985,0:3:2;1:2:2;1:2:2;1:3:3,4,5,1,1,1,0,1,1,1,1,1,5,10,1
52986,0:3:2;1:2:2;1:2:2;1:3:3,5,0,1,1,1,0,1,1,1,1,1,5,10,7
52987,0:3:2;1:2:2;1:2:2;1:3:3,5,1,1,1,1,0,1,1,1,1,1,5,10,7
52988,0:3:2;1:2:2;1:2:2;1:3:3,5,2,1,1,1,0,1,1,1,1,1,5,10,1
52989,0:3:2;1:2:2;1:2:2;1:3:3,5,3,1,1,1,0,1,1,1,1,1,5,10,1
52990,0:3:2;1:2:2;1:2:2;1:3:3,5,4,1,1,1,0,1,1,1,1,1,5,10,1
52991,0:3:2;1:2:2;1:2:2;1:3:3,5,5,1,1,1,0,1,1,1,1,1,5,10,1
52992,0:3:2;1:2:2;1:2:2;1:4:3,0,0,0,0,0,1,0,0,0,0,0,0,1,24
52993,0:3:2;1:2:2;1:2:2;1:4:3,0,1,0,0,0,1,0,0,0,0,0,0,2,24
52994,0:3:2;1:2:2;1:2:2;1:4:3,0,2,0,0,0,1,0,0,0,0,0,0,20,24
52995,0:3:2;1:2:2;1:2:2;1:4:3,0,3,0,0,0,1,0,0,0,0,0,0,20,24
52996,0:3:2;1:2:2;1:2:2;1:4:3,0,4,0,0,0,1,0,0,0,0,0,0,20,24
52997,0:3:2;1:2:2;1:2:2;1:4:3,0,5,0,0,0,1,0,0,0,0,0,0,20,24
52998,0:3:2;1:2:2;1:2:2;1:4:3,1,0,0,0,0,1,0,0,0,0,0,0,4,24
52999,0:3:2;1:2:2;1:2:2;1:4:3,1,1,0,0,0,1,0,0,0,0,0,0,8,24
53000,0:3:2;1:2:2;1:2:2;1:4:3,1,2,0,0,0,1,0,0,0,0,0,0,34,24
53001,0:3:2;1:2:2;1:2:2;1:4:3,1,3,0,0,0,1,0,0,0,0,0,0,34,24
53002,0:3:2;1:2:2;1:2:2;1:4:3,1,4,0,0,0,1,0,0,0,0,0,0,34,24
53003,0:3:2;1:2:2;1:2:2;1:4:3,1,5,0,0,0,1,0,0,0,0,0,0,34,24
53004,0:3:2;1:2:2;1:2:2;1:4:3,2,0,0,0,0,1,0,0,0,0,0,0,28,24
53005,0:3:2;1:2:2;1:2:2;1:4:3,2,1,0,0,0,1,0,0,0,0,0,0,36,24
53006,0:3:2;1:2:2;1:2:2;1:4:3,2,2,0,0,0,1,0,0,0,0,0,0,52,24
53007,0:3:2;1:2:2;1:2:2;1:4:3,2,3,0,0,0,1,0,0,0,0,0,0,52,24
53008,0:3:2;1:2:2;1:2:2;1:4:3,2,4,0,0,0,1,0,0,0,0,0,0,52,24
53009,0:3:2;1:2:2;1:2:2;1:4:3,2,5,0,0,0,1,0,0,0,0,0,0,52,24
53010,0:3:2;1:2:2;1:2:2;1:4:3,3,0,0,0,0,1,0,0,0,0,0,0,48,24
53011,0:3:2;1:2:2;1:2:2;1:4:3,3,1,0,0,0,1,0,0,0,0,0,0,59,24
53012,0:3:2;1:2:2;1:2:2;1:4:3,3,2,0,0,0,1,0,0,0,0,0,0,71,24
53013,0:3:2;1:2:2;1:2:2;1:4:3,3,3,0,0,0,1,0,0,0,0,0,0,71,24
53014,0:3:2;1:2:2;1:2:2;1:4:3,3,4,0,0,0,1,0,0,0,0,0,0,71,24
53015,0:3:2;1:2:2;1:2:2;1:4:3,3,5,0,0,0,1,0,0,0,0,0,0,71,24
53016,0:3:2;1:2:2;1:2:2;1:4:3,4,0,1,1,1,0,1,1,1,1,1,5,10,7
53017,0:3:2;1:2:2;1:2:2;1:4:3,4,1,1,1,1,0,1,1,1,1,1,5,10,7
53018,0:3:2;1:2:2;1:2:2;1:4:3,4,2,1,1,1,0,1,1,1,1,1,5,10,1
53019,0:3:2;1:2:2;1:2:2;1:4:3,4,3,1,1,1,0,1,1,1,1,1,5,10,1
53020,0:3:2;1:2:2;1:2:2;1:4:3,4,4,1,1,1,0,1,1,1,1,1,5,10,1
53021,0:3:2;1:2:2;1:2:2;1:4:3,4,5,1,1,1,0,1,1,1,1,1,5,10,1
53022,0:3:2;1:2:2;1:2:2;1:4:3,5,0,1,1,1,0,1,1,1,1,1,5,10,7
53023,0:3:2;1:2:2;1:2:2;1:4:3,5,1,1,1,1,0,1,1,1,1,1,5,10,7
53024,0:3:2;1:2:2;1:2:2;1:4:3,5,2,1,1,1,0,1,1,1,1,1,5,10,1
53025,0:3:2;1:2:2;1:2:2;1:4:3,5,3,1,1,1,0,1,1,1,1,1,5,10,1
53026,0:3:2;1:2:2;1:2:2;1:4:3,5,4,1,1,1,0,1,1,1,1,1,5,10,1
53027,0:3:2;1:2:2;1:2:2;1:4:3,5,5,1,1,1,0,1,1,1,1,1,5,10,1
53028,0:3:2;1:2:2;1:3:2;1:3:2,0,0,0,0,0,1,0,0,0,0,0,0,1,24
53029,0:3:2;1:2:2;1:3:2;1:3:2,0,1,0,0,0,1,0,0,0,0,0,0,2,24
53030,0:3:2;1:2:2;1:3:2;1:3:2,0,2,0,0,0,1,0,0,0,0,0,0,19,24
53031,0:3:2;1:2:2;1:3:2;1:3:2,0,3,0,0,0,1,0,0,0,0,0,0,19,24
53032,0:3:2;1:2:2;1:3:2;1:3:2,0,4,0,0,0,1,0,0,0,0,0,0,19,24
53033,0:3:2;1:2:2;1:3:2;1:3:2,0,5,0,0,0,1,0,0,0,0,0,0,19,24
53034,0:3:2;1:2:2;1:3:2;1:3:2,1,0,0,0,0,1,0,0,0,0,0,0,4,24
53035,0:3:2;1:2:2;1:3:2;1:3:2,1,1,0,0,0,1,0,0,0,0,0,0,8,24
53036,0:3:2;1:2:2;1:3:2;1:3:2,1,2,0,0,0,1,0,0,0,0,0,0,31,24
53037,0:3:2;1:2:2;1:3:2;1:3:2,1,3,0,0,0,1,0,0,0,0,0,0,31,24
53038,0:3:2;1:2:2;1:3:2;1:3:2,1,4,0,0,0,1,0,0,0,0,0,0,31,24
53039,0:3:2;1:2:2;1:3:2;1:3:2,1,5,0,0,0,1,0,0,0,0,0,0,31,24
53040,0:3:2;1:2:2;1:3:2;1:3:2,2,0,0,0,0,1,0,0,0,0,0,0,31,24
53041,0:3:2;1:2:2;1:3:2;1:3:2,2,1,0,0,0,1,0,0,0,0,0,0,38,24
53042,0:3:2;1:2:2;1:3:2;1:3:2,2,2,0,0,0,1,0,0,0,0,0,0,46,24
53043,0:3:2;1:2:2;1:3:2;1:3:2,2,3,0,0,0,1,0,0,0,0,0,0,46,24
53044,0:3:2;1:2:2;1:3:2;1:3:2,2,4,0,0,0,1,0,0,0,0,0,0,46,24
53045,0:3:2;1:2:2;1:3:2;1:3:2,2,5,0,0,0,1,0,0,0,0,0,0,46,24
53046,0:3:2;1:2:2;1:3:2;1:3:2,3,0,1,1,1,0,1,1,1,1,1,5,9,7
53047,0:3:2;1:2:2;1:3:2;1:3:2,3,1,1,1,1,0,1,1,1,1,1,5,9,7
53048,0:3:2;1:2:2;1:3:2;1:3:2,3,2,1,1,1,0,1,1,1,1,1,5,9,1
53049,0:3:2;1:2:2;1:3:2;1:3:2,3,3,1,1,1,0,1,1,1,1,1,5,9,1
53050,0:3:2;1:2:2;1:3:2;1:3:2,3,4,1,1,1,0,1,1,1,1,1,5,9,1
53051,0:3:2;1:2:2;1:3:2;1:3:2,3,5,1,1,1,0,1,1,1,1,1,5,9,1
53052,0:3:2;1:2:2;1:3:2;1:3:2,4,0,1,1,1,0,1,1,1,1,1,5,9,7
53053,0:3:2;1:2:2;1:3:2;1:3:2,4,1,1,1,1,0,1,1,1,1,1,5,9,7
53054,0:3:2;1:2:2;1:3:2;1:3:2,4,2,1,1,1,0,1,1,1,1,1,5,9,1
53055,0:3:2;1:2:2;1:3:2;1:3:2,4,3,1,1,1,0,1,1,1,1,1,5,9,1
53056,0:3:2;1:2:2;1:3:2;1:3:2,4,4,1,1,1,0,1,1,1,1,1,5,9,1
53057,0:3:2;1:2:2;1:3:2;1:3:2,4,5,1,1,1,0,1,1,1,1,1,5,9,1
53058,0:3:2;1:2:2;1:3:2;1:3:2,5,0,1,1,1,0,1,1,1,1,1,5,9,7
53059,0:3:2;1:2:2;1:3:2;1:3:2,5,1,1,1,1,0,1,1,1,1,1,5,9,7
53060,0:3:2;1:2:2;1:3:2;1:3:2,5,2,1,1,1,0,1,1,1,1,1,5,9,1
53061,0:3:2;1:2:2;1:3:2;1:3:2,5,3,1,1,1,0,1,1,1,1,1,5,9,1
53062,0:3:2;1:2:2;1:3:2;1:3:2,5,4,1,1,1,0,1,1,1,1,1,5,9,1
53063,0:3:2;1:2:2;1:3:2;1:3:2,5,5,1,1,1,0,1,1,1,1,1,5,9,1
53064,0:3:2;1:2:2;1:3:2;1:3:3,0,0,0,0,0,1,0,0,0,0,0,0,1,24
53065,0:3:2;1:2:2;1:3:2;1:3:3,0,1,0,0,0,1,0,0,0,0,0,0,2,24
53066,0:3:2;1:2:2;1:3:2;1:3:3,0,2,0,0,0,1,0,0,0,0,0,0,20,24
53067,0:3:2;1:2:2;1:3:2;1:3:3,0,3,0,0,0,1,0,0,0,0,0,0,20,24
53068,0:3:2;1:2:2;1:3:2;1:3:3,0,4,0,0,0,1,0,0,0,0,0,0,20,24
53069,0:3:2;1:2:2;1:3:2;1:3:3,0,5,0,0,0,1,0,0,0,0,0,0,20,24
53070,0:3:2;1:2:2;1:3:2;1:3:3,1,0,0,0,0,1,0,0,0,0,0,0,4,24
53071,0:3:2;1:2:2;1:3:2;1:3:3,1,1,0,0,0,1,0,0,0,0,0,0,8,24
53072,0:3:2;1:2:2;1:3:2;1:3:3,1,2,0,0,0,1,0,0,0,0,0,0,34,24
53073,0:3:2;1:2:2;1:3:2;1:3:3,1,3,0,0,0,1,0,0,0,0,0,0,34,24
53074,0:3:2;1:2:2;1:3:2;1:3:3,1,4,0,0,0,1,0,0,0,0,0,0,34,24
53075,0:3:2;1:2:2;1:3:2;1:3:3,1,5,0,0,0,1,0,0,0,0,0,0,34,24
53076,0:3:2;1:2:2;1:3:2;1:3:3,2,0,0,0,0,1,0,0,0,0,0,0,28,24
53077,0:3:2;1:2:2;1:3:2;1:3:3,2,1,0,0,0,1,0,0,0,0,0,0,36,24
53078,0:3:2;1:2:2;1:3:2;1:3:3,2,2,0,0,0,1,0,0,0,0,0,0,52,24
53079,0:3:2;1:2:2;1:3:2;1:3:3,2,3,0,0,0,1,0,0,0,0,0,0,52,24
53080,0:3:2;1:2:2;1:3:2;1:3:3,2,4,0,0,0,1,0,0,0,0,0,0,52,24
53081,0:3:2;1:2:2;1:3:2;1:3:3,2,5,0,0,0,1,0,0,0,0,0,0,52,24
53082,0:3:2;1:2:2;1:3:2;1:3:3,3,0,0,0,0,1,0,0,0,0,0,0,48,24
53083,0:3:2;1:2:2;1:3:2;1:3:3,3,1,0,0,0,1,0,0,0,0,0,0,59,24
53084,0:3:2;1:2:2;1:3:2;1:3:3,3,2,0,0,0,1,0,0,0,0,0,0,71,24
53085,0:3:2;1:2:2;1:3:2;1:3:3,3,3,0,0,0,1,0,0,0,0,0,0,71,24
53086,0:3:2;1:2:2;1:3:2;1:3:3,3,4,0,0,0,1,0,0,0,0,0,0,71,24
53087,0:3:2;1:2:2;1:3:2;1:3:3,3,5,0,0,0,1,0,0,0,0,0,0,71,24
53088,0:3:2;1:2:2;1:3:2;1:3:3,4,0,1,1,1,0,1,1,1,1,1,5,10,7
53089,0:3:2;1:2:2;1:3:2;1:3:3,4,1,1,1,1,0,1,1,1,1,1,5,10,7
53090,0:3:2;1:2:2;1:3:2;1:3:3,4,2,1,1,1,0,1,1,1,1,1,5,10,1
53091,0:3:2;1:2:2;1:3:2;1:3:3,4,3,1,1,1,0,1,1,1,1,1,5,10,1
53092,0:3:2;1:2:2;1:3:2;1:3:3,4,4,1,1,1,0,1,1,1,1,1,5,10,1
53093,0:3:2;1:2:2;1:3:2;1:3:3,4,5,1,1,1,0,1,1,1,1,1,5,10,1
53094,0:3:2;1:2:2;1:3:2;1:3:3,5,0,1,1,1,0,1,1,1,1,1,5,10,7
53095,0:3:2;1:2:2;1:3:2;1:3:3,5,1,1,1,1,0,1,1,1,1,1,5,10,7
53096,0:3:2;1:2:2;1:3:2;1:3:3,5,2,1,1,1,0,1,1,1,1,1,5,10,1
53097,0:3:2;1:2:2;1:3:2;1:3:3,5,3,1,1,1,0,1,1,1,1,1,5,10,1
53098,0:3:2;1:2:2;1:3:2;1:3:3,5,4,1,1,1,0,1,1,1,1,1,5,10,1
53099,0:3:2;1:2:2;1:3:2;1:3:3,5,5,1,1,1,0,1,1,1,1,1,5,10,1
53100,0:3:2;1:2:2;1:3:2;1:4:3,0,0,0,0,0,1,0,0,0,0,0,0,1,24
53101,0:3:2;1:2:2;1:3:2;1:4:3,0,1,0,0,0,1,0,0,0,0,0,0,2,24
53102,0:3:2;1:2:2;1:3:2;1:4:3,0,2,0,0,0,1,0,0,0,0,0,0,20,24
53103,0:3:2;1:2:2;1:3:2;1:4:3,0,3,0,0,0,1,0,0,0,0,0,0,20,24
53104,0:3:2;1:2:2;1:3:2;1:4:3,0,4,0,0,0,1,0,0,0,0,0,0,20,24
53105,0:3:2;1:2:2;1:3:2;1:4:3,0,5,0,0,0,1,0,0,0,0,0,0,20,24
53106,0:3:2;1:2:2;1:3:2;1:4:3,1,0,0,0,0,1,0,0,0,0,0,0,4,24
53107,0:3:2;1:2:2;1:3:2;1:4:3,1,1,0,0,0,1,0,0,0,0,0,0,8,24
53108,0:3:2;1:2:2;1:3:2;1:4:3,1,2,0,0,0,1,0,0,0,0,0,0,34,24
53109,0:3:2;1:2:2;1:3:2;1:4:3,1,3,0,0,0,1,0,0,0,0,0,0,34,24
53110,0:3:2;1:2:2;1:3:2;1:4:3,1,4,0,0,0,1,0,0,0,0,0,0,34,24
53111,0:3:2;1:2:2;1:3:2;1:4:3,1,5,0,0,0,1,0,0,0,0,0,0,34,24
53112,0:3:2;1:2:2;1:3:2;1:4:3,2,0,0,0,0,1,0,0,0,0,0,0,28,24
53113,0:3:2;1:2:2;1:3:2;1:4:3,2,1,0,0,0,1,0,0,0,0,0,0,36,24
53114,0:3:2;1:2:2;1:3:2;1:4:3,2,2,0,0,0,1,0,0,0,0,0,0,52,24
53115,0:3:2;1:2:2;1:3:2;1:4:3,2,3,0,0,0,1,0,0,0,0,0,0,52,24
53116,0:3:2;1:2:2;1:3:2;1:4:3,2,4,0,0,0,1,0,0,0,0,0,0,52,24
53117,0:3:2;1:2:2;1:3:2;1:4:3,2,5,0,0,0,1,0,0,0,0,0,0,52,24
53118,0:3:2;1:2:2;1:3:2;1:4:3,3,0,0,0,0,1,0,0,0,0,0,0,48,24
53119,0:3:2;1:2:2;1:3:2;1:4:3,3,1,0,0,0,1,0,0,0,0,0,0,59,24
53120,0:3:2;1:2:2;1:3:2;1:4:3,3,2,0,0,0,1,0,0,0,0,0,0,71,24
53121,0:3:2;1:2:2;1:3:2;1:4:3,3,3,0,0,0,1,0,0,0,0,0,0,71,24
53122,0:3:2;1:2:2;1:3:2;1:4:3,3,4,0,0,0,1,0,0,0,0,0,0,71,24
53123,0:3:2;1:2:2;1:3:2;1:4:3,3,5,0,0,0,1,0,0,0,0,0,0,71,24
53124,0:3:2;1:2:2;1:3:2;1:4:3,4,0,1,1,1,0,1,1,1,1,1,5,10,7
53125,0:3:2;1:2:2;1:3:2;1:4:3,4,1,1,1,1,0,1,1,1,1,1,5,10,7
53126,0:3:2;1:2:2;1:3:2;1:4:3,4,2,1,1,1,0,1,1,1,1,1,5,10,1
53127,0:3:2;1:2:2;1:3:2;1:4:3,4,3,1,1,1,0,1,1,1,1,1,5,10,1
53128,0:3:2;1:2:2;1:3:2;1:4:3,4,4,1,1,1,0,1,1,1,1,1,5,10,1
53129,0:3:2;1:2:2;1:3:2;1:4:3,4,5,1,1,1,0,1,1,1,1,1,5,10,1
53130,0:3:2;1:2:2;1:3:2;1:4:3,5,0,1,1,1,0,1,1,1,1,1,5,10,7
53131,0:3:2;1:2:2;1:3:2;1:4:3,5,1,1,1,1,0,1,1,1,1,1,5,10,7
53132,0:3:2;1:2:2;1:3:2;1:4:3,5,2,1,1,1,0,1,1,1,1,1,5,10,1
53133,0:3:2;1:2:2;1:3:2;1:4:3,5,3,1,1,1,0,1,1,1,1,1,5,10,1
53134,0:3:2;1:2:2;1:3:2;1:4:3,5,4,1,1,1,0,1,1,1,1,1,5,10,1
53135,0:3:2;1:2:2;1:3:2;1:4:3,5,5,1,1,1,0,1,1,1,1,1,5,10,1
53136,0:3:2;1:2:2;1:3:3;1:3:3,0,0,0,0,0,1,0,0,0,0,0,0,1,24
53137,0:3:2;1:2:2;1:3:3;1:3:3,0,1,0,0,0,1,0,0,0,0,0,0,2,24
53138,0:3:2;1:2:2;1:3:3;1:3:3,0,2,0,0,0,1,0,0,0,0,0,0,21,24
53139,0:3:2;1:2:2;1:3:3;1:3:3,0,3,0,0,0,1,0,0,0,0,0,0,21,24
53140,0:3:2;1:2:2;1:3:3;1:3:3,0,4,0,0,0,1,0,0,0,0,0,0,21,24
53141,0:3:2;1:2:2;1:3:3;1:3:3,0,5,0,0,0,1,0,0,0,0,0,0,21,24
53142,0:3:2;1:2:2;1:3:3;1:3:3,1,0,0,0,0,1,0,0,0,0,0,0,4,24
53143,0:3:2;1:2:2;1:3:3;1:3:3,1,1,0,0,0,1,0,0,0,0,0,0,8,24
53144,0:3:2;1:2:2;1:3:3;1:3:3,1,2,0,0,0,1,0,0,0,0,0,0,37,24
53145,0:3:2;1:2:2;1:3:3;1:3:3,1,3,0,0,0,1,0,0,0,0,0,0,37,24
53146,0:3:2;1:2:2;1:3:3;1:3:3,1,4,0,0,0,1,0,0,0,0,0,0,37,24
53147,0:3:2;1:2:2;1:3:3;1:3:3,1,5,0,0,0,1,0,0,0,0,0,0,37,24
53148,0:3:2;1:2:2;1:3:3;1:3:3,2,0,0,0,0,1,0,0,0,0,0,0,21,24
53149,0:3:2;1:2:2;1:3:3;1:3:3,2,1,0,0,0,1,0,0,0,0,0,0,30,24
53150,0:3:2;1:2:2;1:3:3;1:3:3,2,2,0,0,0,1,0,0,0,0,0,0,58,24
53151,0:3:2;1:2:2;1:3:3;1:3:3,2,3,0,0,0,1,0,0,0,0,0,0,58,24
53152,0:3:2;1:2:2;1:3:3;1:3:3,2,4,0,0,0,1,0,0,0,0,0,0,58,24
53153,0:3:2;1:2:2;1:3:3;1:3:3,2,5,0,0,0,1,0,0,0,0,0,0,58,24
53154,0:3:2;1:2:2;1:3:3;1:3:3,3,0,0,0,0,1,0,0,0,0,0,0,50,24
53155,0:3:2;1:2:2;1:3:3;1:3:3,3,1,0,0,0,1,0,0,0,0,0,0,64,24
53156,0:3:2;1:2:2;1:3:3;1:3:3,3,2,0,0,0,1,0,0,0,0,0,0,82,24
53157,0:3:2;1:2:2;1:3:3;1:3:3,3,3,0,0,0,1,0,0,0,0,0,0,82,24
53158,0:3:2;1:2:2;1:3:3;1:3:3,3,4,0,0,0,1,0,0,0,0,0,0,82,24
53159,0:3:2;1:2:2;1:3:3;1:3:3,3,5,0,0,0,1,0,0,0,0,0,0,82,24
53160,0:3:2;1:2:2;1:3:3;1:3:3,4,0,0,0,0,1,0,0,0,0,0,0,70,24
53161,0:3:2;1:2:2;1:3:3;1:3:3,4,1,0,0,0,1,0,0,0,0,0,0,87,24
53162,0:3:2;1:2:2;1:3:3;1:3:3,4,2,0,0,0,1,0,0,0,0,0,0,105,24
53163,0:3:2;1:2:2;1:3:3;1:3:3,4,3,0,0,0,1,0,0,0,0,0,0,105,24
53164,0:3:2;1:2:2;1:3:3;1:3:3,4,4,0,0,0,1,0,0,0,0,0,0,105,24
53165,0:3:2;1:2:2;1:3:3;1:3:3,4,5,0,0,0,1,0,0,0,0,0,0,105,24
53166,0:3:2;1:2:2;1:3:3;1:3:3,5,0,1,1,1,0,1,1,1,1,1,5,11,7
53167,0:3:2;1:2:2;1:3:3;1:3:3,5,1,1,1,1,0,1,1,1,1,1,5,11,7
53168,0:3:2;1:2:2;1:3:3;1:3:3,5,2,1,1,1,0,1,1,1,1,1,5,11,1
53169,0:3:2;1:2:2;1:3:3;1:3:3,5,3,1,1,1,0,1,1,1,1,1,5,11,1
53170,0:3:2;1:2:2;1:3:3;1:3:3,5,4,1,1,1,0,1,1,1,1,1,5,11,1
53171,0:3:2;1:2:2;1:3:3;1:3:3,5,5,1,1,1,0,1,1,1,1,1,5,11,1
53172,0:3:2;1:2:2;1:3:3;1:4:3,0,0,0,0,0,1,0,0,0,0,0,0,1,24
53173,0:3:2;1:2:2;1:3:3;1:4:3,0,1,0,0,0,1,0,0,0,0,0,0,2,24
53174,0:3:2;1:2:2;1:3:3;1:4:3,0,2,0,0,0,1,0,0,0,0,0,0,21,24
53175,0:3:2;1:2:2;1:3:3;1:4:3,0,3,0,0,0,1,0,0,0,0,0,0,21,24
53176,0:3:2;1:2:2;1:3:3;1:4:3,0,4,0,0,0,1,0,0,0,0,0,0,21,24
53177,0:3:2;1:2:2;1:3:3;1:4:3,0,5,0,0,0,1,0,0,0,0,0,0,21,24
53178,0:3:2;1:2:2;1:3:3;1:4:3,1,0,0,0,0,1,0,0,0,0,0,0,4,24
53179,0:3:2;1:2:2;1:3:3;1:4:3,1,1,0,0,0,1,0,0,0,0,0,0,8,24
53180,0:3:2;1:2:2;1:3:3;1:4:3,1,2,0,0,0,1,0,0,0,0,0,0,37,24
53181,0:3:2;1:2:2;1:3:3;1:4:3,1,3,0,0,0,1,0,0,0,0,0,0,37,24
53182,0:3:2;1:2:2;1:3:3;1:4:3,1,4,0,0,0,1,0,0,0,0,0,0,37,24
53183,0:3:2;1:2:2;1:3:3;1:4:3,1,5,0,0,0,1,0,0,0,0,0,0,37,24
53184,0:3:2;1:2:2;1:3:3;1:4:3,2,0,0,0,0,1,0,0,0,0,0,0,21,24
53185,0:3:2;1:2:2;1:3:3;1:4:3,2,1,0,0,0,1,0,0,0,0,0,0,30,24
53186,0:3:2;1:2:2;1:3:3;1:4:3,2,2,0,0,0,1,0,0,0,0,0,0,58,24
53187,0:3:2;1:2:2;1:3:3;1:4:3,2,3,0,0,0,1,0,0,0,0,0,0,58,24
53188,0:3:2;1:2:2;1:3:3;1:4:3,2,4,0,0,0,1,0,0,0,0,0,0,58,24
53189,0:3:2;1:2:2;1:3:3;1:4:3,2,5,0,0,0,1,0,0,0,0,0,0,58,24
53190,0:3:2;1:2:2;1:3:3;1:4:3,3,0,0,0,0,1,0,0,0,0,0,0,50,24
53191,0:3:2;1:2:2;1:3:3;1:4:3,3,1,0,0,0,1,0,0,0,0,0,0,64,24
53192,0:3:2;1:2:2;1:3:3;1:4:3,3,2,0,0,0,1,0,0,0,0,0,0,82,24
53193,0:3:2;1:2:2;1:3:3;1:4:3,3,3,0,0,0,1,0,0,0,0,0,0,82,24
53194,0:3:2;1:2:2;1:3:3;1:4:3,3,4,0,0,0,1,0,0,0,0,0,0,82,24
53195,0:3:2;1:2:2;1:3:3;1:4:3,3,5,0,0,0,1,0,0,0,0,0,0,82,24
53196,0:3:2;1:2:2;1:3:3;1:4:3,4,0,0,0,0,1,0,0,0,0,0,0,70,24
53197,0:3:2;1:2:2;1:3:3;1:4:3,4,1,0,0,0,1,0,0,0,0,0,0,87,24
53198,0:3:2;1:2:2;1:3:3;1:4:3,4,2,0,0,0,1,0,0,0,0,0,0,105,24
53199,0:3:2;1:2:2;1:3:3;1:4:3,4,3,0,0,0,1,0,0,0,0,0,0,105,24
53200,0:3:2;1:2:2;1:3:3;1:4:3,4,4,0,0,0,1,0,0,0,0,0,0,105,24
53201,0:3:2;1:2:2;1:3:3;1:4:3,4,5,0,0,0,1,0,0,0,0,0,0,105,24
53202,0:3:2;1:2:2;1:3:3;1:4:3,5,0,1,1,1,0,1,1,1,1,1,5,11,7
53203,0:3:2;1:2:2;1:3:3;1:4:3,5,1,1,1,1,0,1,1,1,1,1,5,11,7
53204,0:3:2;1:2:2;1:3:3;1:4:3,5,2,1,1,1,0,1,1,1,1,1,5,11,1
53205,0:3:2;1:2:2;1:3:3;1:4:3,5,3,1,1,1,0,1,1,1,1,1,5,11,1
53206,0:3:2;1:2:2;1:3:3;1:4:3,5,4,1,1,1,0,1,1,1,1,1,5,11,1
53207,0:3:2;1:2:2;1:3:3;1:4:3,5,5,1,1,1,0,1,1,1,1,1,5,11,1
53208,0:3:2;1:2:2;1:4:3;1:4:3,0,0,0,0,0,1,0,0,0,0,0,0,1,24
53209,0:3:2;1:2:2;1:4:3;1:4:3,0,1,0,0,0,1,0,0,0,0,0,0,2,24
53210,0:3:2;1:2:2;1:4:3;1:4:3,0,2,0,0,0,1,0,0,0,0,0,0,21,24
53211,0:3:2;1:2:2;1:4:3;1:4:3,0,3,0,0,0,1,0,0,0,0,0,0,21,24
53212,0:3:2;1:2:2;1:4:3;1:4:3,0,4,0,0,0,1,0,0,0,0,0,0,21,24
53213,0:3:2;1:2:2;1:4:3;1:4:3,0,5,0,0,0,1,0,0,0,0,0,0,21,24
53214,0:3:2;1:2:2;1:4:3;1:4:3,1,0,0,0,0,1,0,0,0,0,0,0,4,24
53215,0:3:2;1:2:2;1:4:3;1:4:3,1,1,0,0,0,1,0,0,0,0,0,0,8,24
53216,0:3:2;1:2:2;1:4:3;1:4:3,1,2,0,0,0,1,0,0,0,0,0,0,37,24
53217,0:3:2;1:2:2;1:4:3;1:4:3,1,3,0,0,0,1,0,0,0,0,0,0,37,24
53218,0:3:2;1:2:2;1:4:3;1:4:3,1,4,0,0,0,1,0,0,0,0,0,0,37,24
53219,0:3:2;1:2:2;1:4:3;1:4:3,1,5,0,0,0,1,0,0,0,0,0,0,37,24
53220,0:3:2;1:2:2;1:4:3;1:4:3,2,0,0,0,0,1,0,0,0,0,0,0,21,24
53221,0:3:2;1:2:2;1:4:3;1:4:3,2,1,0,0,0,1,0,0,0,0,0,0,30,24
53222,0:3:2;1:2:2;1:4:3;1:4:3,2,2,0,0,0,1,0,0,0,0,0,0,58,24
53223,0:3:2;1:2:2;1:4:3;1:4:3,2,3,0,0,0,1,0,0,0,0,0,0,58,24
53224,0:3:2;1:2:2;1:4:3;1:4:3,2,4,0,0,0,1,0,0,0,0,0,0,58,24
53225,0:3:2;1:2:2;1:4:3;1:4:3,2,5,0,0,0,1,0,0,0,0,0,0,58,24
53226,0:3:2;1:2:2;1:4:3;1:4:3,3,0,0,0,0,1,0,0,0,0,0,0,50,24
53227,0:3:2;1:2:2;1:4:3;1:4:3,3,1,0,0,0,1,0,0,0,0,0,0,64,24
53228,0:3:2;1:2:2;1:4:3;1:4:3,3,2,0,0,0,1,0,0,0,0,0,0,82,24
53229,0:3:2;1:2:2;1:4:3;1:4:3,3,3,0,0,0,1,0,0,0,0,0,0,82,24
53230,0:3:2;1:2:2;1:4:3;1:4:3,3,4,0,0,0,1,0,0,0,0,0,0,82,24
53231,0:3:2;1:2:2;1:4:3;1:4:3,3,5,0,0,0,1,0,0,0,0,0,0,82,24
53232,0:3:2;1:2:2;1:4:3;1:4:3,4,0,0,0,0,1,0,0,0,0,0,0,70,24
53233,0:3:2;1:2:2;1:4:3;1:4:3,4,1,0,0,0,1,0,0,0,0,0,0,87,24
53234,0:3:2;1:2:2;1:4:3;1:4:3,4,2,0,0,0,1,0,0,0,0,0,0,105,24
53235,0:3:2;1:2:2;1:4:3;1:4:3,4,3,0,0,0,1,0,0,0,0,0,0,105,24
53236,0:3:2;1:2:2;1:4:3;1:4:3,4,4,0,0,0,1,0,0,0,0,0,0,105,24
53237,0:3:2;1:2:2;1:4:3;1:4:3,4,5,0,0,0,1,0,0,0,0,0,0,105,24
53238,0:3:2;1:2:2;1:4:3;1:4:3,5,0,1,1,1,0,1,1,1,1,1,5,11,7
53239,0:3:2;1:2:2;1:4:3;1:4:3,5,1,1,1,1,0,1,1,1,1,1,5,11,7
53240,0:3:2;1:2:2;1:4:3;1:4:3,5,2,1,1,1,0,1,1,1,1,1,5,11,1
53241,0:3:2;1:2:2;1:4:3;1:4:3,5,3,1,1,1,0,1,1,1,1,1,5,11,1
53242,0:3:2;1:2:2;1:4:3;1:4:3,5,4,1,1,1,0,1,1,1,1,1,5,11,1
53243,0:3:2;1:2:2;1:4:3;1:4:3,5,5,1,1,1,0,1,1,1,1,1,5,11,1
53244,0:3:2;1:3:2;1:3:2;1:3:2,0,0,0,0,0,1,0,0,0,0,0,0,1,24
53245,0:3:2;1:3:2;1:3:2;1:3:2,0,1,0,0,0,1,0,0,0,0,0,0,2,24
53246,0:3:2;1:3:2;1:3:2;1:3:2,0,2,0,0,0,1,0,0,0,0,0,0,19,24
53247,0:3:2;1:3:2;1:3:2;1:3:2,0,3,0,0,0,1,0,0,0,0,0,0,19,24
53248,0:3:2;1:3:2;1:3:2;1:3:2,0,4,0,0,0,1,0,0,0,0,0,0,19,24
53249,0:3:2;1:3:2;1:3:2;1:3:2,0,5,0,0,0,1,0,0,0,0,0,0,19,24
53250,0:3:2;1:3:2;1:3:2;1:3:2,1,0,0,0,0,1,0,0,0,0,0,0,4,24
53251,0:3:2;1:3:2;1:3:2;1:3:2,1,1,0,0,0,1,0,0,0,0,0,0,8,24
53252,0:3:2;1:3:2;1:3:2;1:3:2,1,2,0,0,0,1,0,0,0,0,0,0,31,24
53253,0:3:2;1:3:2;1:3:2;1:3:2,1,3,0,0,0,1,0,0,0,0,0,0,31,24
53254,0:3:2;1:3:2;1:3:2;1:3:2,1,4,0,0,0,1,0,0,0,0,0,0,31,24
53255,0:3:2;1:3:2;1:3:2;1:3:2,1,5,0,0,0,1,0,0,0,0,0,0,31,24
53256,0:3:2;1:3:2;1:3:2;1:3:2,2,0,0,0,0,1,0,0,0,0,0,0,31,24
53257,0:3:2;1:3:2;1:3:2;1:3:2,2,1,0,0,0,1,0,0,0,0,0,0,38,24
53258,0:3:2;1:3:2;1:3:2;1:3:2,2,2,0,0,0,1,0,0,0,0,0,0,46,24
53259,0:3:2;1:3:2;1:3:2;1:3:2,2,3,0,0,0,1,0,0,0,0,0,0,46,24
53260,0:3:2;1:3:2;1:3:2;1:3:2,2,4,0,0,0,1,0,0,0,0,0,0,46,24
53261,0:3:2;1:3:2;1:3:2;1:3:2,2,5,0,0,0,1,0,0,0,0,0,0,46,24
53262,0:3:2;1:3:2;1:3:2;1:3:2,3,0,1,1,1,0,1,1,1,1,1,5,9,7
53263,0:3:2;1:3:2;1:3:2;1:3:2,3,1,1,1,1,0,1,1,1,1,1,5,9,7
53264,0:3:2;1:3:2;1:3:2;1:3:2,3,2,1,1,1,0,1,1,1,1,1,5,9,1
53265,0:3:2;1:3:2;1:3:2;1:3:2,3,3,1,1,1,0,1,1,1,1,1,5,9,1
53266,0:3:2;1:3:2;1:3:2;1:3:2,3,4,1,1,1,0,1,1,1,1,1,5,9,1
53267,0:3:2;1:3:2;1:3:2;1:3:2,3,5,1,1,1,0,1,1,1,1,1,5,9,1
53268,0:3:2;1:3:2;1:3:2;1:3:2,4,0,1,1,1,0,1,1,1,1,1,5,9,7
53269,0:3:2;1:3:2;1:3:2;1:3:2,4,1,1,1,1,0,1,1,1,1,1,5,9,7
53270,0:3:2;1:3:2;1:3:2;1:3:2,4,2,1,1,1,0,1,1,1,1,1,5,9,1
53271,0:3:2;1:3:2;1:3:2;1:3:2,4,3,1,1,1,0,1,1,1,1,1,5,9,1
53272,0:3:2;1:3:2;1:3:2;1:3:2,4,4,1,1,1,0,1,1,1,1,1,5,9,1
53273,0:3:2;1:3:2;1:3:2;1:3:2,4,5,1,1,1,0,1,1,1,1,1,5,9,1
53274,0:3:2;1:3:2;1:3:2;1:3:2,5,0,1,1,1,0,1,1,1,1,1,5,9,7
53275,0:3:2;1:3:2;1:3:2;1:3:2,5,1,1,1,1,0,1,1,1,1,1,5,9,7
53276,0:3:2;1:3:2;1:3:2;1:3:2,5,2,1,1,1,0,1,1,1,1,1,5,9,1
53277,0:3:2;1:3:2;1:3:2;1:3:2,5,3,1,1,1,0,1,1,1,1,1,5,9,1
53278,0:3:2;1:3:2;1:3:2;1:3:2,5,4,1,1,1,0,1,1,1,1,1,5,9,1
53279,0:3:2;1:3:2;1:3:2;1:3:2,5,5,1,1,1,0,1,1,1,1,1,5,9,1
53280,0:3:2;1:3:2;1:3:2;1:3:3,0,0,0,0,0,1,0,0,0,0,0,0,1,24
53281,0:3:2;1:3:2;1:3:2;1:3:3,0,1,0,0,0,1,0,0,0,0,0,0,2,24
53282,0:3:2;1:3:2;1:3:2;1:3:3,0,2,0,0,0,1,0,0,0,0,0,0,20,24
53283,0:3:2;1:3:2;1:3:2;1:3:3,0,3,0,0,0,1,0,0,0,0,0,0,20,24
53284,0:3:2;1:3:2;1:3:2;1:3:3,0,4,0,0,0,1,0,0,0,0,0,0,20,24
53285,0:3:2;1:3:2;1:3:2;1:3:3,0,5,0,0,0,1,0,0,0,0,0,0,20,24
53286,0:3:2;1:3:2;1:3:2;1:3:3,1,0,0,0,0,1,0,0,0,0,0,0,4,24
53287,0:3:2;1:3:2;1:3:2;1:3:3,1,1,0,0,0,1,0,0,0,0,0,0,8,24
53288,0:3:2;1:3:2;1:3:2;1:3:3,1,2,0,0,0,1,0,0,0,0,0,0,34,24
53289,0:3:2;1:3:2;1:3:2;1:3:3,1,3,0,0,0,1,0,0,0,0,0,0,34,24
53290,0:3:2;1:3:2;1:3:2;1:3:3,1,4,0,0,0,1,0,0,0,0,0,0,34,24
53291,0:3:2;1:3:2;1:3:2;1:3:3,1,5,0,0,0,1,0,0,0,0,0,0,34,24
53292,0:3:2;1:3:2;1:3:2;1:3:3,2,0,0,0,0,1,0,0,0,0,0,0,28,24
53293,0:3:2;1:3:2;1:3:2;1:3:3,2,1,0,0,0,1,0,0,0,0,0,0,36,24
53294,0:3:2;1:3:2;1:3:2;1:3:3,2,2,0,0,0,1,0,0,0,0,0,0,52,24
53295,0:3:2;1:3:2;1:3:2;1:3:3,2,3,0,0,0,1,0,0,0,0,0,0,52,24
53296,0:3:2;1:3:2;1:3:2;1:3:3,2,4,0,0,0,1,0,0,0,0,0,0,52,24
53297,0:3:2;1:3:2;1:3:2;1:3:3,2,5,0,0,0,1,0,0,0,0,0,0,52,24
53298,0:3:2;1:3:2;1:3:2;1:3:3,3,0,0,0,0,1,0,0,0,0,0,0,48,24
53299,0:3:2;1:3:2;1:3:2;1:3:3,3,1,0,0,0,1,0,0,0,0,0,0,59,24
53300,0:3:2;1:3:2;1:3:2;1:3:3,3,2,0,0,0,1,0,0,0,0,0,0,71,24
53301,0:3:2;1:3:2;1:3:2;1:3:3,3,3,0,0,0,1,0,0,0,0,0,0,71,24
53302,0:3:2;1:3:2;1:3:2;1:3:3,3,4,0,0,0,1,0,0,0,0,0,0,71,24
53303,0:3:2;1:3:2;1:3:2;1:3:3,3,5,0,0,0,1,0,0,0,0,0,0,71,24
53304,0:3:2;1:3:2;1:3:2;1:3:3,4,0,1,1,1,0,1,1,1,1,1,5,10,7
53305,0:3:2;1:3:2;1:3:2;1:3:3,4,1,1,1,1,0,1,1,1,1,1,5,10,7
53306,0:3:2;1:3:2;1:3:2;1:3:3,4,2,1,1,1,0,1,1,1,1,1,5,10,1
53307,0:3:2;1:3:2;1:3:2;1:3:3,4,3,1,1,1,0,1,1,1,1,1,5,10,1
53308,0:3:2;1:3:2;1:3:2;1:3:3,4,4,1,1,1,0,1,1,1,1,1,5,10,1
53309,0:3:2;1:3:2;1:3:2;1:3:3,4,5,1,1,1,0,1,1,1,1,1,5,10,1
53310,0:3:2;1:3:2;1:3:2;1:3:3,5,0,1,1,1,0,1,1,1,1,1,5,10,7
53311,0:3:2;1:3:2;1:3:2;1:3:3,5,1,1,1,1,0,1,1,1,1,1,5,10,7
53312,0:3:2;1:3:2;1:3:2;1:3:3,5,2,1,1,1,0,1,1,1,1,1,5,10,1
53313,0:3:2;1:3:2;1:3:2;1:3:3,5,3,1,1,1,0,1,1,1,1,1,5,10,1
53314,0:3:2;1:3:2;1:3:2;1:3:3,5,4,1,1,1,0,1,1,1,1,1,5,10,1
53315,0:3:2;1:3:2;1:3:2;1:3:3,5,5,1,1,1,0,1,1,1,1,1,5,10,1
53316,0:3:2;1:3:2;1:3:2;1:4:3,0,0,0,0,0,1,0,0,0,0,0,0,1,24
53317,0:3:2;1:3:2;1:3:2;1:4:3,0,1,0,0,0,1,0,0,0,0,0,0,2,24
53318,0:3:2;1:3:2;1:3:2;1:4:3,0,2,0,0,0,1,0,0,0,0,0,0,20,24
53319,0:3:2;1:3:2;1:3:2;1:4:3,0,3,0,0,0,1,0,0,0,0,0,0,20,24
53320,0:3:2;1:3:2;1:3:2;1:4:3,0,4,0,0,0,1,0,0,0,0,0,0,20,24
53321,0:3:2;1:3:2;1:3:2;1:4:3,0,5,0,0,0,1,0,0,0,0,0,0,20,24
53322,0:3:2;1:3:2;1:3:2;1:4:3,1,0,0,0,0,1,0,0,0,0,0,0,4,24
53323,0:3:2;1:3:2;1:3:2;1:4:3,1,1,0,0,0,1,0,0,0,0,0,0,8,24
53324,0:3:2;1:3:2;1:3:2;1:4:3,1,2,0,0,0,1,0,0,0,0,0,0,34,24
53325,0:3:2;1:3:2;1:3:2;1:4:3,1,3,0,0,0,1,0,0,0,0,0,0,34,24
53326,0:3:2;1:3:2;1:3:2;1:4:3,1,4,0,0,0,1,0,0,0,0,0,0,34,24
53327,0:3:2;1:3:2;1:3:2;1:4:3,1,5,0,0,0,1,0,0,0,0,0,0,34,24
53328,0:3:2;1:3:2;1:3:2;1:4:3,2,0,0,0,0,1,0,0,0,0,0,0,28,24
53329,0:3:2;1:3:2;1:3:2;1:4:3,2,1,0,0,0,1,0,0,0,0,0,0,36,24
53330,0:3:2;1:3:2;1:3:2;1:4:3,2,2,0,0,0,1,0,0,0,0,0,0,52,24
53331,0:3:2;1:3:2;1:3:2;1:4:3,2,3,0,0,0,1,0,0,0,0,0,0,52,24
53332,0:3:2;1:3:2;1:3:2;1:4:3,2,4,0,0,0,1,0,0,0,0,0,0,52,24
53333,0:3:2;1:3:2;1:3:2;1:4:3,2,5,0,0,0,1,0,0,0,0,0,0,52,24
53334,0:3:2;1:3:2;1:3:2;1:4:3,3,0,0,0,0,1,0,0,0,0,0,0,48,24
53335,0:3:2;1:3:2;1:3:2;1:4:3,3,1,0,0,0,1,0,0,0,0,0,0,59,24
53336,0:3:2;1:3:2;1:3:2;1:4:3,3,2,0,0,0,1,0,0,0,0,0,0,71,24
53337,0:3:2;1:3:2;1:3:2;1:4:3,3,3,0,0,0,1,0,0,0,0,0,0,71,24
53338,0:3:2;1:3:2;1:3:2;1:4:3,3,4,0,0,0,1,0,0,0,0,0,0,71,24
53339,0:3:2;1:3:2;1:3:2;1:4:3,3,5,0,0,0,1,0,0,0,0,0,0,71,24
53340,0:3:2;1:3:2;1:3:2;1:4:3,4,0,1,1,1,0,1,1,1,1,1,5,10,7
53341,0:3:2;1:3:2;1:3:2;1:4:3,4,1,1,1,1,0,1,1,1,1,1,5,10,7
53342,0:3:2;1:3:2;1:3:2;1:4:3,4,2,1,1,1,0,1,1,1,1,1,5,10,1
53343,0:3:2;1:3:2;1:3:2;1:4:3,4,3,1,1,1,0,1,1,1,1,1,5,10,1
53344,0:3:2;1:3:2;1:3:2;1:4:3,4,4,1,1,1,0,1,1,1,1,1,5,10,1
53345,0:3:2;1:3:2;1:3:2;1:4:3,4,5,1,1,1,0,1,1,1,1,1,5,10,1
53346,0:3:2;1:3:2;1:3:2;1:4:3,5,0,1,1,1,0,1,1,1,1,1,5,10,7
53347,0:3:2;1:3:2;1:3:2;1:4:3,5,1,1,1,1,0,1,1,1,1,1,5,10,7
53348,0:3:2;1:3:2;1:3:2;1:4:3,5,2,1,1,1,0,1,1,1,1,1,5,10,1
53349,0:3:2;1:3:2;1:3:2;1:4:3,5,3,1,1,1,0,1,1,1,1,1,5,10,1
53350,0:3:2;1:3:2;1:3:2;1:4:3,5,4,1,1,1,0,1,1,1,1,1,5,10,1
53351,0:3:2;1:3:2;1:3:2;1:4:3,5,5,1,1,1,0,1,1,1,1,1,5,10,1
53352,0:3:2;1:3:2;1:3:3;1:3:3,0,0,0,0,0,1,0,0,0,0,0,0,1,24
53353,0:3:2;1:3:2;1:3:3;1:3:3,0,1,0,0,0,1,0,0,0,0,0,0,2,24
53354,0:3:2;1:3:2;1:3:3;1:3:3,0,2,0,0,0,1,0,0,0,0,0,0,21,24
53355,0:3:2;1:3:2;1:3:3;1:3:3,0,3,0,0,0,1,0,0,0,0,0,0,21,24
53356,0:3:2;1:3:2;1:3:3;1:3:3,0,4,0,0,0,1,0,0,0,0,0,0,21,24
53357,0:3:2;1:3:2;1:3:3;1:3:3,0,5,0,0,0,1,0,0,0,0,0,0,21,24
53358,0:3:2;1:3:2;1:3:3;1:3:3,1,0,0,0,0,1,0,0,0,0,0,0,4,24
53359,0:3:2;1:3:2;1:3:3;1:3:3,1,1,0,0,0,1,0,0,0,0,0,0,8,24
53360,0:3:2;1:3:2;1:3:3;1:3:3,1,2,0,0,0,1,0,0,0,0,0,0,37,24
53361,0:3:2;1:3:2;1:3:3;1:3:3,1,3,0,0,0,1,0,0,0,0,0,0,37,24
53362,0:3:2;1:3:2;1:3:3;1:3:3,1,4,0,0,0,1,0,0,0,0,0,0,37,24
53363,0:3:2;1:3:2;1:3:3;1:3:3,1,5,0,0,0,1,0,0,0,0,0,0,37,24
53364,0:3:2;1:3:2;1:3:3;1:3:3,2,0,0,0,0,1,0,0,0,0,0,0,21,24
53365,0:3:2;1:3:2;1:3:3;1:3:3,2,1,0,0,0,1,0,0,0,0,0,0,30,24
53366,0:3:2;1:3:2;1:3:3;1:3:3,2,2,0,0,0,1,0,0,0,0,0,0,58,24
53367,0:3:2;1:3:2;1:3:3;1:3:3,2,3,0,0,0,1,0,0,0,0,0,0,58,24
53368,0:3:2;1:3:2;1:3:3;1:3:3,2,4,0,0,0,1,0,0,0,0,0,0,58,24
53369,0:3:2;1:3:2;1:3:3;1:3:3,2,5,0,0,0,1,0,0,0,0,0,0,58,24
53370,0:3:2;1:3:2;1:3:3;1:3:3,3,0,0,0,0,1,0,0,0,0,0,0,50,24
53371,0:3:2;1:3:2;1:3:3;1:3:3,3,1,0,0,0,1,0,0,0,0,0,0,64,24
53372,0:3:2;1:3:2;1:3:3;1:3:3,3,2,0,0,0,1,0,0,0,0,0,0,82,24
53373,0:3:2;1:3:2;1:3:3;1:3:3,3,3,0,0,0,1,0,0,0,0,0,0,82,24
53374,0:3:2;1:3:2;1:3:3;1:3:3,3,4,0,0,0,1,0,0,0,0,0,0,82,24
53375,0:3:2;1:3:2;1:3:3;1:3:3,3,5,0,0,0,1,0,0,0,0,0,0,82,24
53376,0:3:2;1:3:2;1:3:3;1:3:3,4,0,0,0,0,1,0,0,0,0,0,0,70,24
53377,0:3:2;1:3:2;1:3:3;1:3:3,4,1,0,0,0,1,0,0,0,0,0,0,87,24
53378,0:3:2;1:3:2;1:3:3;1:3:3,4,2,0,0,0,1,0,0,0,0,0,0,105,24
53379,0:3:2;1:3:2;1:3:3;1:3:3,4,3,0,0,0,1,0,0,0,0,0,0,105,24
53380,0:3:2;1:3:2;1:3:3;1:3:3,4,4,0,0,0,1,0,0,0,0,0,0,105,24
53381,0:3:2;1:3:2;1:3:3;1:3:3,4,5,0,0,0,1,0,0,0,0,0,0,105,24
53382,0:3:2;1:3:2;1:3:3;1:3:3,5,0,1,1,1,0,1,1,1,1,1,5,11,7
53383,0:3:2;1:3:2;1:3:3;1:3:3,5,1,1,1,1,0,1,1,1,1,1,5,11,7
53384,0:3:2;1:3:2;1:3:3;1:3:3,5,2,1,1,1,0,1,1,1,1,1,5,11,1
53385,0:3:2;1:3:2;1:3:3;1:3:3,5,3,1,1,1,0,1,1,1,1,1,5,11,1
53386,0:3:2;1:3:2;1:3:3;1:3:3,5,4,1,1,1,0,1,1,1,1,1,5,11,1
53387,0:3:2;1:3:2;1:3:3;1:3:3,5,5,1,1,1,0,1,1,1,1,1,5,11,1
53388,0:3:2;1:3:2;1:3:3;1:4:3,0,0,0,0,0,1,0,0,0,0,0,0,1,24
53389,0:3:2;1:3:2;1:3:3;1:4:3,0,1,0,0,0,1,0,0,0,0,0,0,2,24
53390,0:3:2;1:3:2;1:3:3;1:4:3,0,2,0,0,0,1,0,0,0,0,0,0,21,24
53391,0:3:2;1:3:2;1:3:3;1:4:3,0,3,0,0,0,1,0,0,0,0,0,0,21,24
53392,0:3:2;1:3:2;1:3:3;1:4:3,0,4,0,0,0,1,0,0,0,0,0,0,21,24
53393,0:3:2;1:3:2;1:3:3;1:4:3,0,5,0,0,0,1,0,0,0,0,0,0,21,24
53394,0:3:2;1:3:2;1:3:3;1:4:3,1,0,0,0,0,1,0,0,0,0,0,0,4,24
53395,0:3:2;1:3:2;1:3:3;1:4:3,1,1,0,0,0,1,0,0,0,0,0,0,8,24
53396,0:3:2;1:3:2;1:3:3;1:4:3,1,2,0,0,0,1,0,0,0,0,0,0,37,24
53397,0:3:2;1:3:2;1:3:3;1:4:3,1,3,0,0,0,1,0,0,0,0,0,0,37,24
53398,0:3:2;1:3:2;1:3:3;1:4:3,1,4,0,0,0,1,0,0,0,0,0,0,37,24
53399,0:3:2;1:3:2;1:3:3;1:4:3,1,5,0,0,0,1,0,0,0,0,0,0,37,24
53400,0:3:2;1:3:2;1:3:3;1:4:3,2,0,0,0,0,1,0,0,0,0,0,0,21,24
53401,0:3:2;1:3:2;1:3:3;1:4:3,2,1,0,0,0,1,0,0,0,0,0,0,30,24
53402,0:3:2;1:3:2;1:3:3;1:4:3,2,2,0,0,0,1,0,0,0,0,0,0,58,24
53403,0:3:2;1:3:2;1:3:3;1:4:3,2,3,0,0,0,1,0,0,0,0,0,0,58,24
53404,0:3:2;1:3:2;1:3:3;1:4:3,2,4,0,0,0,1,0,0,0,0,0,0,58,24
53405,0:3:2;1:3:2;1:3:3;1:4:3,2,5,0,0,0,1,0,0,0,0,0,0,58,24
53406,0:3:2;1:3:2;1:3:3;1:4:3,3,0,0,0,0,1,0,0,0,0,0,0,50,24
53407,0:3:2;1:3:2;1:3:3;1:4:3,3,1,0,0,0,1,0,0,0,0,0,0,64,24
53408,0:3:2;1:3:2;1:3:3;1:4:3,3,2,0,0,0,1,0,0,0,0,0,0,82,24
53409,0:3:2;1:3:2;1:3:3;1:4:3,3,3,0,0,0,1,0,0,0,0,0,0,82,24
53410,0:3:2;1:3:2;1:3:3;1:4:3,3,4,0,0,0,1,0,0,0,0,0,0,82,24
53411,0:3:2;1:3:2;1:3:3;1:4:3,3,5,0,0,0,1,0,0,0,0,0,0,82,24
53412,0:3:2;1:3:2;1:3:3;1:4:3,4,0,0,0,0,1,0,0,0,0,0,0,70,24
53413,0:3:2;1:3:2;1:3:3;1:4:3,4,1,0,0,0,1,0,0,0,0,0,0,87,24
53414,0:3:2;1:3:2;1:3:3;1:4:3,4,2,0,0,0,1,0,0,0,0,0,0,105,24
53415,0:3:2;1:3:2;1:3:3;1:4:3,4,3,0,0,0,1,0,0,0,0,0,0,105,24
53416,0:3:2;1:3:2;1:3:3;1:4:3,4,4,0,0,0,1,0,0,0,0,0,0,105,24
53417,0:3:2;1:3:2;1:3:3;1:4:3,4,5,0,0,0,1,0,0,0,0,0,0,105,24
53418,0:3:2;1:3:2;1:3:3;1:4:3,5,0,1,1,1,0,1,1,1,1,1,5,11,7
53419,0:3:2;1:3:2;1:3:3;1:4:3,5,1,1,1,1,0,1,1,1,1,1,5,11,7
53420,0:3:2;1:3:2;1:3:3;1:4:3,5,2,1,1,1,0,1,1,1,1,1,5,11,1
53421,0:3:2;1:3:2;1:3:3;1:4:3,5,3,1,1,1,0,1,1,1,1,1,5,11,1
53422,0:3:2;1:3:2;1:3:3;1:4:3,5,4,1,1,1,0,1,1,1,1,1,5,11,1
53423,0:3:2;1:3:2;1:3:3;1:4:3,5,5,1,1,1,0,1,1,1,1,1,5,11,1
53424,0:3:2;1:3:2;1:4:3;1:4:3,0,0,0,0,0,1,0,0,0,0,0,0,1,24
53425,0:3:2;1:3:2;1:4:3;1:4:3,0,1,0,0,0,1,0,0,0,0,0,0,2,24
53426,0:3:2;1:3:2;1:4:3;1:4:3,0,2,0,0,0,1,0,0,0,0,0,0,21,24
53427,0:3:2;1:3:2;1:4:3;1:4:3,0,3,0,0,0,1,0,0,0,0,0,0,21,24
53428,0:3:2;1:3:2;1:4:3;1:4:3,0,4,0,0,0,1,0,0,0,0,0,0,21,24
53429,0:3:2;1:3:2;1:4:3;1:4:3,0,5,0,0,0,1,0,0,0,0,0,0,21,24
53430,0:3:2;1:3:2;1:4:3;1:4:3,1,0,0,0,0,1,0,0,0,0,0,0,4,24
53431,0:3:2;1:3:2;1:4:3;1:4:3,1,1,0,0,0,1,0,0,0,0,0,0,8,24
53432,0:3:2;1:3:2;1:4:3;1:4:3,1,2,0,0,0,1,0,0,0,0,0,0,37,24
53433,0:3:2;1:3:2;1:4:3;1:4:3,1,3,0,0,0,1,0,0,0,0,0,0,37,24
53434,0:3:2;1:3:2;1:4:3;1:4:3,1,4,0,0,0,1,0,0,0,0,0,0,37,24
53435,0:3:2;1:3:2;1:4:3;1:4:3,1,5,0,0,0,1,0,0,0,0,0,0,37,24
53436,0:3:2;1:3:2;1:4:3;1:4:3,2,0,0,0,0,1,0,0,0,0,0,0,21,24
53437,0:3:2;1:3:2;1:4:3;1:4:3,2,1,0,0,0,1,0,0,0,0,0,0,30,24
53438,0:3:2;1:3:2;1:4:3;1:4:3,2,2,0,0,0,1,0,0,0,0,0,0,58,24
53439,0:3:2;1:3:2;1:4:3;1:4:3,2,3,0,0,0,1,0,0,0,0,0,0,58,24
53440,0:3:2;1:3:2;1:4:3;1:4:3,2,4,0,0,0,1,0,0,0,0,0,0,58,24
53441,0:3:2;1:3:2;1:4:3;1:4:3,2,5,0,0,0,1,0,0,0,0,0,0,58,24
53442,0:3:2;1:3:2;1:4:3;1:4:3,3,0,0,0,0,1,0,0,0,0,0,0,50,24
53443,0:3:2;1:3:2;1:4:3;1:4:3,3,1,0,0,0,1,0,0,0,0,0,0,64,24
53444,0:3:2;1:3:2;1:4:3;1:4:3,3,2,0,0,0,1,0,0,0,0,0,0,82,24
53445,0:3:2;1:3:2;1:4:3;1:4:3,3,3,0,0,0,1,0,0,0,0,0,0,82,24
53446,0:3:2;1:3:2;1:4:3;1:4:3,3,4,0,0,0,1,0,0,0,0,0,0,82,24
53447,0:3:2;1:3:2;1:4:3;1:4:3,3,5,0,0,0,1,0,0,0,0,0,0,82,24
53448,0:3:2;1:3:2;1:4:3;1:4:3,4,0,0,0,0,1,0,0,0,0,0,0,70,24
53449,0:3:2;1:3:2;1:4:3;1:4:3,4,1,0,0,0,1,0,0,0,0,0,0,87,24
53450,0:3:2;1:3:2;1:4:3;1:4:3,4,2,0,0,0,1,0,0,0,0,0,0,105,24
53451,0:3:2;1:3:2;1:4:3;1:4:3,4,3,0,0,0,1,0,0,0,0,0,0,105,24
53452,0:3:2;1:3:2;1:4:3;1:4:3,4,4,0,0,0,1,0,0,0,0,0,0,105,24
53453,0:3:2;1:3:2;1:4:3;1:4:3,4,5,0,0,0,1,0,0,0,0,0,0,105,24
53454,0:3:2;1:3:2;1:4:3;1:4:3,5,0,1,1,1,0,1,1,1,1,1,5,11,7
53455,0:3:2;1:3:2;1:4:3;1:4:3,5,1,1,1,1,0,1,1,1,1,1,5,11,7
53456,0:3:2;1:3:2;1:4:3;1:4:3,5,2,1,1,1,0,1,1,1,1,1,5,11,1
53457,0:3:2;1:3:2;1:4:3;1:4:3,5,3,1,1,1,0,1,1,1,1,1,5,11,1
53458,0:3:2;1:3:2;1:4:3;1:4:3,5,4,1,1,1,0,1,1,1,1,1,5,11,1
53459,0:3:2;1:3:2;1:4:3;1:4:3,5,5,1,1,1,0,1,1,1,1,1,5,11,1
53460,0:3:2;1:3:3;1:3:3;1:3:3,0,0,0,0,0,1,0,0,0,0,0,0,1,24
53461,0:3:2;1:3:3;1:3:3;1:3:3,0,1,0,0,0,1,0,0,0,0,0,0,2,24
53462,0:3:2;1:3:3;1:3:3;1:3:3,0,2,0,0,0,1,0,0,0,0,0,0,22,24
53463,0:3:2;1:3:3;1:3:3;1:3:3,0,3,0,0,0,1,0,0,0,0,0,0,22,24
53464,0:3:2;1:3:3;1:3:3;1:3:3,0,4,0,0,0,1,0,0,0,0,0,0,22,24
53465,0:3:2;1:3:3;1:3:3;1:3:3,0,5,0,0,0,1,0,0,0,0,0,0,22,24
53466,0:3:2;1:3:3;1:3:3;1:3:3,1,0,0,0,0,1,0,0,0,0,0,0,4,24
53467,0:3:2;1:3:3;1:3:3;1:3:3,1,1,0,0,0,1,0,0,0,0,0,0,8,24
53468,0:3:2;1:3:3;1:3:3;1:3:3,1,2,0,0,0,1,0,0,0,0,0,0,40,24
53469,0:3:2;1:3:3;1:3:3;1:3:3,1,3,0,0,0,1,0,0,0,0,0,0,40,24
53470,0:3:2;1:3:3;1:3:3;1:3:3,1,4,0,0,0,1,0,0,0,0,0,0,40,24
53471,0:3:2;1:3:3;1:3:3;1:3:3,1,5,0,0,0,1,0,0,0,0,0,0,40,24
53472,0:3:2;1:3:3;1:3:3;1:3:3,2,0,0,0,0,1,0,0,0,0,0,0,10,24
53473,0:3:2;1:3:3;1:3:3;1:3:3,2,1,0,0,0,1,0,0,0,0,0,0,20,24
53474,0:3:2;1:3:3;1:3:3;1:3:3,2,2,0,0,0,1,0,0,0,0,0,0,64,24
53475,0:3:2;1:3:3;1:3:3;1:3:3,2,3,0,0,0,1,0,0,0,0,0,0,64,24
53476,0:3:2;1:3:3;1:3:3;1:3:3,2,4,0,0,0,1,0,0,0,0,0,0,64,24
53477,0:3:2;1:3:3;1:3:3;1:3:3,2,5,0,0,0,1,0,0,0,0,0,0,64,24
53478,0:3:2;1:3:3;1:3:3;1:3:3,3,0,0,0,0,1,0,0,0,0,0,0,50,24
53479,0:3:2;1:3:3;1:3:3;1:3:3,3,1,0,0,0,1,0,0,0,0,0,0,67,24
53480,0:3:2;1:3:3;1:3:3;1:3:3,3,2,0,0,0,1,0,0,0,0,0,0,94,24
53481,0:3:2;1:3:3;1:3:3;1:3:3,3,3,0,0,0,1,0,0,0,0,0,0,94,24
53482,0:3:2;1:3:3;1:3:3;1:3:3,3,4,0,0,0,1,0,0,0,0,0,0,94,24
53483,0:3:2;1:3:3;1:3:3;1:3:3,3,5,0,0,0,1,0,0,0,0,0,0,94,24
53484,0:3:2;1:3:3;1:3:3;1:3:3,4,0,0,0,0,1,0,0,0,0,0,0,74,24
53485,0:3:2;1:3:3;1:3:3;1:3:3,4,1,0,0,0,1,0,0,0,0,0,0,97,24
53486,0:3:2;1:3:3;1:3:3;1:3:3,4,2,0,0,0,1,0,0,0,0,0,0,124,24
53487,0:3:2;1:3:3;1:3:3;1:3:3,4,3,0,0,0,1,0,0,0,0,0,0,124,24
53488,0:3:2;1:3:3;1:3:3;1:3:3,4,4,0,0,0,1,0,0,0,0,0,0,124,24
53489,0:3:2;1:3:3;1:3:3;1:3:3,4,5,0,0,0,1,0,0,0,0,0,0,124,24
53490,0:3:2;1:3:3;1:3:3;1:3:3,5,0,0,0,0,1,0,0,0,0,0,0,98,24
53491,0:3:2;1:3:3;1:3:3;1:3:3,5,1,0,0,0,1,0,0,0,0,0,0,124,24
53492,0:3:2;1:3:3;1:3:3;1:3:3,5,2,0,0,0,1,0,0,0,0,0,0,151,24
53493,0:3:2;1:3:3;1:3:3;1:3:3,5,3,0,0,0,1,0,0,0,0,0,0,151,24
53494,0:3:2;1:3:3;1:3:3;1:3:3,5,4,0,0,0,1,0,0,0,0,0,0,151,24
53495,0:3:2;1:3:3;1:3:3;1:3:3,5,5,0,0,0,1,0,0,0,0,0,0,151,24
53496,0:3:2;1:3:3;1:3:3;1:4:3,0,0,0,0,0,1,0,0,0,0,0,0,1,24
53497,0:3:2;1:3:3;1:3:3;1:4:3,0,1,0,0,0,1,0,0,0,0,0,0,2,24
53498,0:3:2;1:3:3;1:3:3;1:4:3,0,2,0,0,0,1,0,0,0,0,0,0,22,24
53499,0:3:2;1:3:3;1:3:3;1:4:3,0,3,0,0,0,1,0,0,0,0,0,0,22,24
53500,0:3:2;1:3:3;1:3:3;1:4:3,0,4,0,0,0,1,0,0,0,0,0,0,22,24
53501,0:3:2;1:3:3;1:3:3;1:4:3,0,5,0,0,0,1,0,0,0,0,0,0,22,24
53502,0:3:2;1:3:3;1:3:3;1:4:3,1,0,0,0,0,1,0,0,0,0,0,0,4,24
53503,0:3:2;1:3:3;1:3:3;1:4:3,1,1,0,0,0,1,0,0,0,0,0,0,8,24
53504,0:3:2;1:3:3;1:3:3;1:4:3,1,2,0,0,0,1,0,0,0,0,0,0,40,24
53505,0:3:2;1:3:3;1:3:3;1:4:3,1,3,0,0,0,1,0,0,0,0,0,0,40,24
53506,0:3:2;1:3:3;1:3:3;1:4:3,1,4,0,0,0,1,0,0,0,0,0,0,40,24
53507,0:3:2;1:3:3;1:3:3;1:4:3,1,5,0,0,0,1,0,0,0,0,0,0,40,24
53508,0:3:2;1:3:3;1:3:3;1:4:3,2,0,0,0,0,1,0,0,0,0,0,0,10,24
53509,0:3:2;1:3:3;1:3:3;1:4:3,2,1,0,0,0,1,0,0,0,0,0,0,20,24
53510,0:3:2;1:3:3;1:3:3;1:4:3,2,2,0,0,0,1,0,0,0,0,0,0,64,24
53511,0:3:2;1:3:3;1:3:3;1:4:3,2,3,0,0,0,1,0,0,0,0,0,0,64,24
53512,0:3:2;1:3:3;1:3:3;1:4:3,2,4,0,0,0,1,0,0,0,0,0,0,64,24
53513,0:3:2;1:3:3;1:3:3;1:4:3,2,5,0,0,0,1,0,0,0,0,0,0,64,24
53514,0:3:2;1:3:3;1:3:3;1:4:3,3,0,0,0,0,1,0,0,0,0,0,0,50,24
53515,0:3:2;1:3:3;1:3:3;1:4:3,3,1,0,0,0,1,0,0,0,0,0,0,67,24
53516,0:3:2;1:3:3;1:3:3;1:4:3,3,2,0,0,0,1,0,0,0,0,0,0,94,24
53517,0:3:2;1:3:3;1:3:3;1:4:3,3,3,0,0,0,1,0,0,0,0,0,0,94,24
53518,0:3:2;1:3:3;1:3:3;1:4:3,3,4,0,0,0,1,0,0,0,0,0,0,94,24
53519,0:3:2;1:3:3;1:3:3;1:4:3,3,5,0,0,0,1,0,0,0,0,0,0,94,24
53520,0:3:2;1:3:3;1:3:3;1:4:3,4,0,0,0,0,1,0,0,0,0,0,0,74,24
53521,0:3:2;1:3:3;1:3:3;1:4:3,4,1,0,0,0,1,0,0,0,0,0,0,97,24
53522,0:3:2;1:3:3;1:3:3;1:4:3,4,2,0,0,0,1,0,0,0,0,0,0,124,24
53523,0:3:2;1:3:3;1:3:3;1:4:3,4,3,0,0,0,1,0,0,0,0,0,0,124,24
53524,0:3:2;1:3:3;1:3:3;1:4:3,4,4,0,0,0,1,0,0,0,0,0,0,124,24
53525,0:3:2;1:3:3;1:3:3;1:4:3,4,5,0,0,0,1,0,0,0,0,0,0,124,24
53526,0:3:2;1:3:3;1:3:3;1:4:3,5,0,0,0,0,1,0,0,0,0,0,0,98,24
53527,0:3:2;1:3:3;1:3:3;1:4:3,5,1,0,0,0,1,0,0,0,0,0,0,124,24
53528,0:3:2;1:3:3;1:3:3;1:4:3,5,2,0,0,0,1,0,0,0,0,0,0,151,24
53529,0:3:2;1:3:3;1:3:3;1:4:3,5,3,0,0,0,1,0,0,0,0,0,0,151,24
53530,0:3:2;1:3:3;1:3:3;1:4:3,5,4,0,0,0,1,0,0,0,0,0,0,151,24
53531,0:3:2;1:3:3;1:3:3;1:4:3,5,5,0,0,0,1,0,0,0,0,0,0,151,24
53532,0:3:2;1:3:3;1:4:3;1:4:3,0,0,0,0,0,1,0,0,0,0,0,0,1,24
53533,0:3:2;1:3:3;1:4:3;1:4:3,0,1,0,0,0,1,0,0,0,0,0,0,2,24
53534,0:3:2;1:3:3;1:4:3;1:4:3,0,2,0,0,0,1,0,0,0,0,0,0,22,24
53535,0:3:2;1:3:3;1:4:3;1:4:3,0,3,0,0,0,1,0,0,0,0,0,0,22,24
53536,0:3:2;1:3:3;1:4:3;1:4:3,0,4,0,0,0,1,0,0,0,0,0,0,22,24
53537,0:3:2;1:3:3;1:4:3;1:4:3,0,5,0,0,0,1,0,0,0,0,0,0,22,24
53538,0:3:2;1:3:3;1:4:3;1:4:3,1,0,0,0,0,1,0,0,0,0,0,0,4,24
53539,0:3:2;1:3:3;1:4:3;1:4:3,1,1,0,0,0,1,0,0,0,0,0,0,8,24
53540,0:3:2;1:3:3;1:4:3;1:4:3,1,2,0,0,0,1,0,0,0,0,0,0,40,24
53541,0:3:2;1:3:3;1:4:3;1:4:3,1,3,0,0,0,1,0,0,0,0,0,0,40,24
53542,0:3:2;1:3:3;1:4:3;1:4:3,1,4,0,0,0,1,0,0,0,0,0,0,40,24
53543,0:3:2;1:3:3;1:4:3;1:4:3,1,5,0,0,0,1,0,0,0,0,0,0,40,24
53544,0:3:2;1:3:3;1:4:3;1:4:3,2,0,0,0,0,1,0,0,0,0,0,0,10,24
53545,0:3:2;1:3:3;1:4:3;1:4:3,2,1,0,0,0,1,0,0,0,0,0,0,20,24
53546,0:3:2;1:3:3;1:4:3;1:4:3,2,2,0,0,0,1,0,0,0,0,0,0,64,24
53547,0:3:2;1:3:3;1:4:3;1:4:3,2,3,0,0,0,1,0,0,0,0,0,0,64,24
53548,0:3:2;1:3:3;1:4:3;1:4:3,2,4,0,0,0,1,0,0,0,0,0,0,64,24
53549,0:3:2;1:3:3;1:4:3;1:4:3,2,5,0,0,0,1,0,0,0,0,0,0,64,24
53550,0:3:2;1:3:3;1:4:3;1:4:3,3,0,0,0,0,1,0,0,0,0,0,0,50,24
53551,0:3:2;1:3:3;1:4:3;1:4:3,3,1,0,0,0,1,0,0,0,0,0,0,67,24
53552,0:3:2;1:3:3;1:4:3;1:4:3,3,2,0,0,0,1,0,0,0,0,0,0,94,24
53553,0:3:2;1:3:3;1:4:3;1:4:3,3,3,0,0,0,1,0,0,0,0,0,0,94,24
53554,0:3:2;1:3:3;1:4:3;1:4:3,3,4,0,0,0,1,0,0,0,0,0,0,94,24
53555,0:3:2;1:3:3;1:4:3;1:4:3,3,5,0,0,0,1,0,0,0,0,0,0,94,24
53556,0:3:2;1:3:3;1:4:3;1:4:3,4,0,0,0,0,1,0,0,0,0,0,0,74,24
53557,0:3:2;1:3:3;1:4:3;1:4:3,4,1,0,0,0,1,0,0,0,0,0,0,97,24
53558,0:3:2;1:3:3;1:4:3;1:4:3,4,2,0,0,0,1,0,0,0,0,0,0,124,24
53559,0:3:2;1:3:3;1:4:3;1:4:3,4,3,0,0,0,1,0,0,0,0,0,0,124,24
53560,0:3:2;1:3:3;1:4:3;1:4:3,4,4,0,0,0,1,0,0,0,0,0,0,124,24
53561,0:3:2;1:3:3;1:4:3;1:4:3,4,5,0,0,0,1,0,0,0,0,0,0,124,24
53562,0:3:2;1:3:3;1:4:3;1:4:3,5,0,0,0,0,1,0,0,0,0,0,0,98,24
53563,0:3:2;1:3:3;1:4:3;1:4:3,5,1,0,0,0,1,0,0,0,0,0,0,124,24
53564,0:3:2;1:3:3;1:4:3;1:4:3,5,2,0,0,0,1,0,0,0,0,0,0,151,24
53565,0:3:2;1:3:3;1:4:3;1:4:3,5,3,0,0,0,1,0,0,0,0,0,0,151,24
53566,0:3:2;1:3:3;1:4:3;1:4:3,5,4,0,0,0,1,0,0,0,0,0,0,151,24
53567,0:3:2;1:3:3;1:4:3;1:4:3,5,5,0,0,0,1,0,0,0,0,0,0,151,24
53568,0:3:2;1:4:3;1:4:3;1:4:3,0,0,0,0,0,1,0,0,0,0,0,0,1,24
53569,0:3:2;1:4:3;1:4:3;1:4:3,0,1,0,0,0,1,0,0,0,0,0,0,2,24
53570,0:3:2;1:4:3;1:4:3;1:4:3,0,2,0,0,0,1,0,0,0,0,0,0,22,24
53571,0:3:2;1:4:3;1:4:3;1:4:3,0,3,0,0,0,1,0,0,0,0,0,0,22,24
53572,0:3:2;1:4:3;1:4:3;1:4:3,0,4,0,0,0,1,0,0,0,0,0,0,22,24
53573,0:3:2;1:4:3;1:4:3;1:4:3,0,5,0,0,0,1,0,0,0,0,0,0,22,24
53574,0:3:2;1:4:3;1:4:3;1:4:3,1,0,0,0,0,1,0,0,0,0,0,0,4,24
53575,0:3:2;1:4:3;1:4:3;1:4:3,1,1,0,0,0,1,0,0,0,0,0,0,8,24
53576,0:3:2;1:4:3;1:4:3;1:4:3,1,2,0,0,0,1,0,0,0,0,0,0,40,24
53577,0:3:2;1:4:3;1:4:3;1:4:3,1,3,0,0,0,1,0,0,0,0,0,0,40,24
53578,0:3:2;1:4:3;1:4:3;1:4:3,1,4,0,0,0,1,0,0,0,0,0,0,40,24
53579,0:3:2;1:4:3;1:4:3;1:4:3,1,5,0,0,0,1,0,0,0,0,0,0,40,24
53580,0:3:2;1:4:3;1:4:3;1:4:3,2,0,0,0,0,1,0,0,0,0,0,0,10,24
53581,0:3:2;1:4:3;1:4:3;1:4:3,2,1,0,0,0,1,0,0,0,0,0,0,20,24
53582,0:3:2;1:4:3;1:4:3;1:4:3,2,2,0,0,0,1,0,0,0,0,0,0,64,24
53583,0:3:2;1:4:3;1:4:3;1:4:3,2,3,0,0,0,1,0,0,0,0,0,0,64,24
53584,0:3:2;1:4:3;1:4:3;1:4:3,2,4,0,0,0,1,0,0,0,0,0,0,64,24
53585,0:3:2;1:4:3;1:4:3;1:4:3,2,5,0,0,0,1,0,0,0,0,0,0,64,24
53586,0:3:2;1:4:3;1:4:3;1:4:3,3,0,0,0,0,1,0,0,0,0,0,0,50,24
53587,0:3:2;1:4:3;1:4:3;1:4:3,3,1,0,0,0,1,0,0,0,0,0,0,67,24
53588,0:3:2;1:4:3;1:4:3;1:4:3,3,2,0,0,0,1,0,0,0,0,0,0,94,24
53589,0:3:2;1:4:3;1:4:3;1:4:3,3,3,0,0,0,1,0,0,0,0,0,0,94,24
53590,0:3:2;1:4:3;1:4:3;1:4:3,3,4,0,0,0,1,0,0,0,0,0,0,94,24
53591,0:3:2;1:4:3;1:4:3;1:4:3,3,5,0,0,0,1,0,0,0,0,0,0,94,24
53592,0:3:2;1:4:3;1:4:3;1:4:3,4,0,0,0,0,1,0,0,0,0,0,0,74,24
53593,0:3:2;1:4:3;1:4:3;1:4:3,4,1,0,0,0,1,0,0,0,0,0,0,97,24
53594,0:3:2;1:4:3;1:4:3;1:4:3,4,2,0,0,0,1,0,0,0,0,0,0,124,24
53595,0:3:2;1:4:3;1:4:3;1:4:3,4,3,0,0,0,1,0,0,0,0,0,0,124,24
53596,0:3:2;1:4:3;1:4:3;1:4:3,4,4,0,0,0,1,0,0,0,0,0,0,124,24
53597,0:3:2;1:4:3;1:4:3;1:4:3,4,5,0,0,0,1,0,0,0,0,0,0,124,24
53598,0:3:2;1:4:3;1:4:3;1:4:3,5,0,0,0,0,1,0,0,0,0,0,0,98,24
53599,0:3:2;1:4:3;1:4:3;1:4:3,5,1,0,0,0,1,0,0,0,0,0,0,124,24
53600,0:3:2;1:4:3;1:4:3;1:4:3,5,2,0,0,0,1,0,0,0,0,0,0,151,24
53601,0:3:2;1:4:3;1:4:3;1:4:3,5,3,0,0,0,1,0,0,0,0,0,0,151,24
53602,0:3:2;1:4:3;1:4:3;1:4:3,5,4,0,0,0,1,0,0,0,0,0,0,151,24
53603,0:3:2;1:4:3;1:4:3;1:4:3,5,5,0,0,0,1,0,0,0,0,0,0,151,24
53604,0:3:3;0:3:3;0:3:3;0:3:3,0,0,0,0,0,1,0,0,0,0,0,0,1,24
53605,0:3:3;0:3:3;0:3:3;0:3:3,0,1,0,0,0,1,0,0,0,0,0,0,5,24
53606,0:3:3;0:3:3;0:3:3;0:3:3,0,2,0,0,0,1,0,0,0,0,0,0,15,24
53607,0:3:3;0:3:3;0:3:3;0:3:3,0,3,0,0,0,1,0,0,0,0,0,0,35,24
53608,0:3:3;0:3:3;0:3:3;0:3:3,0,4,0,0,0,1,0,0,0,0,0,0,66,24
53609,0:3:3;0:3:3;0:3:3;0:3:3,0,5,0,0,0,1,0,0,0,0,0,0,106,24
53610,0:3:3;0:3:3;0:3:3;0:3:3,1,0,0,0,0,1,0,0,0,0,0,0,1,24
53611,0:3:3;0:3:3;0:3:3;0:3:3,1,1,0,0,0,1,0,0,0,0,0,0,5,24
53612,0:3:3;0:3:3;0:3:3;0:3:3,1,2,0,0,0,1,0,0,0,0,0,0,15,24
53613,0:3:3;0:3:3;0:3:3;0:3:3,1,3,0,0,0,1,0,0,0,0,0,0,35,24
53614,0:3:3;0:3:3;0:3:3;0:3:3,1,4,0,0,0,1,0,0,0,0,0,0,66,24
53615,0:3:3;0:3:3;0:3:3;0:3:3,1,5,0,0,0,1,0,0,0,0,0,0,106,24
53616,0:3:3;0:3:3;0:3:3;0:3:3,2,0,0,0,0,1,0,0,0,0,0,0,1,24
53617,0:3:3;0:3:3;0:3:3;0:3:3,2,1,0,0,0,1,0,0,0,0,0,0,5,24
53618,0:3:3;0:3:3;0:3:3;0:3:3,2,2,0,0,0,1,0,0,0,0,0,0,15,24
53619,0:3:3;0:3:3;0:3:3;0:3:3,2,3,0,0,0,1,0,0,0,0,0,0,35,24
53620,0:3:3;0:3:3;0:3:3;0:3:3,2,4,0,0,0,1,0,0,0,0,0,0,66,24
53621,0:3:3;0:3:3;0:3:3;0:3:3,2,5,0,0,0,1,0,0,0,0,0,0,106,24
53622,0:3:3;0:3:3;0:3:3;0:3:3,3,0,0,0,0,1,0,0,0,0,0,0,1,24
53623,0:3:3;0:3:3;0:3:3;0:3:3,3,1,0,0,0,1,0,0,0,0,0,0,5,24
53624,0:3:3;0:3:3;0:3:3;0:3:3,3,2,0,0,0,1,0,0,0,0,0,0,15,24
53625,0:3:3;0:3:3;0:3:3;0:3:3,3,3,0,0,0,1,0,0,0,0,0,0,35,24
53626,0:3:3;0:3:3;0:3:3;0:3:3,3,4,0,0,0,1,0,0,0,0,0,0,66,24
53627,0:3:3;0:3:3;0:3:3;0:3:3,3,5,0,0,0,1,0,0,0,0,0,0,106,24
53628,0:3:3;0:3:3;0:3:3;0:3:3,4,0,0,0,0,1,0,0,0,0,0,0,1,24
53629,0:3:3;0:3:3;0:3:3;0:3:3,4,1,0,0,0,1,0,0,0,0,0,0,5,24
53630,0:3:3;0:3:3;0:3:3;0:3:3,4,2,0,0,0,1,0,0,0,0,0,0,15,24
53631,0:3:3;0:3:3;0:3:3;0:3:3,4,3,0,0,0,1,0,0,0,0,0,0,35,24
53632,0:3:3;0:3:3;0:3:3;0:3:3,4,4,0,0,0,1,0,0,0,0,0,0,66,24
53633,0:3:3;0:3:3;0:3:3;0:3:3,4,5,0,0,0,1,0,0,0,0,0,0,106,24
53634,0:3:3;0:3:3;0:3:3;0:3:3,5,0,0,0,0,1,0,0,0,0,0,0,1,24
53635,0:3:3;0:3:3;0:3:3;0:3:3,5,1,0,0,0,1,0,0,0,0,0,0,5,24
53636,0:3:3;0:3:3;0:3:3;0:3:3,5,2,0,0,0,1,0,0,0,0,0,0,15,24
53637,0:3:3;0:3:3;0:3:3;0:3:3,5,3,0,0,0,1,0,0,0,0,0,0,35,24
53638,0:3:3;0:3:3;0:3:3;0:3:3,5,4,0,0,0,1,0,0,0,0,0,0,66,24
53639,0:3:3;0:3:3;0:3:3;0:3:3,5,5,0,0,0,1,0,0,0,0,0,0,106,24
53640,0:3:3;0:3:3;0:3:3;0:4:3,0,0,0,0,0,1,0,0,0,0,0,0,1,24
53641,0:3:3;0:3:3;0:3:3;0:4:3,0,1,0,0,0,1,0,0,0,0,0,0,5,24
53642,0:3:3;0:3:3;0:3:3;0:4:3,0,2,0,0,0,1,0,0,0,0,0,0,15,24
53643,0:3:3;0:3:3;0:3:3;0:4:3,0,3,0,0,0,1,0,0,0,0,0,0,35,24
53644,0:3:3;0:3:3;0:3:3;0:4:3,0,4,0,0,0,1,0,0,0,0,0,0,66,24
53645,0:3:3;0:3:3;0:3:3;0:4:3,0,5,0,0,0,1,0,0,0,0,0,0,106,24
53646,0:3:3;0:3:3;0:3:3;0:4:3,1,0,0,0,0,1,0,0,0,0,0,0,1,24
53647,0:3:3;0:3:3;0:3:3;0:4:3,1,1,0,0,0,1,0,0,0,0,0,0,5,24
53648,0:3:3;0:3:3;0:3:3;0:4:3,1,2,0,0,0,1,0,0,0,0,0,0,15,24
53649,0:3:3;0:3:3;0:3:3;0:4:3,1,3,0,0,0,1,0,0,0,0,0,0,35,24
53650,0:3:3;0:3:3;0:3:3;0:4:3,1,4,0,0,0,1,0,0,0,0,0,0,66,24
53651,0:3:3;0:3:3;0:3:3;0:4:3,1,5,0,0,0,1,0,0,0,0,0,0,106,24
53652,0:3:3;0:3:3;0:3:3;0:4:3,2,0,0,0,0,1,0,0,0,0,0,0,1,24
53653,0:3:3;0:3:3;0:3:3;0:4:3,2,1,0,0,0,1,0,0,0,0,0,0,5,24
53654,0:3:3;0:3:3;0:3:3;0:4:3,2,2,0,0,0,1,0,0,0,0,0,0,15,24
53655,0:3:3;0:3:3;0:3:3;0:4:3,2,3,0,0,0,1,0,0,0,0,0,0,35,24
53656,0:3:3;0:3:3;0:3:3;0:4:3,2,4,0,0,0,1,0,0,0,0,0,0,66,24
53657,0:3:3;0:3:3;0:3:3;0:4:3,2,5,0,0,0,1,0,0,0,0,0,0,106,24
53658,0:3:3;0:3:3;0:3:3;0:4:3,3,0,0,0,0,1,0,0,0,0,0,0,1,24
53659,0:3:3;0:3:3;0:3:3;0:4:3,3,1,0,0,0,1,0,0,0,0,0,0,5,24
53660,0:3:3;0:3:3;0:3:3;0:4:3,3,2,0,0,0,1,0,0,0,0,0,0,15,24
53661,0:3:3;0:3:3;0:3:3;0:4:3,3,3,0,0,0,1,0,0,0,0,0,0,35,24
53662,0:3:3;0:3:3;0:3:3;0:4:3,3,4,0,0,0,1,0,0,0,0,0,0,66,24
53663,0:3:3;0:3:3;0:3:3;0:4:3,3,5,0,0,0,1,0,0,0,0,0,0,106,24
53664,0:3:3;0:3:3;0:3:3;0:4:3,4,0,0,0,0,1,0,0,0,0,0,0,1,24
53665,0:3:3;0:3:3;0:3:3;0:4:3,4,1,0,0,0,1,0,0,0,0,0,0,5,24
53666,0:3:3;0:3:3;0:3:3;0:4:3,4,2,0,0,0,1,0,0,0,0,0,0,15,24
53667,0:3:3;0:3:3;0:3:3;0:4:3,4,3,0,0,0,1,0,0,0,0,0,0,35,24
53668,0:3:3;0:3:3;0:3:3;0:4:3,4,4,0,0,0,1,0,0,0,0,0,0,66,24
53669,0:3:3;0:3:3;0:3:3;0:4:3,4,5,0,0,0,1,0,0,0,0,0,0,106,24
53670,0:3:3;0:3:3;0:3:3;0:4:3,5,0,0,0,0,1,0,0,0,0,0,0,1,24
53671,0:3:3;0:3:3;0:3:3;0:4:3,5,1,0,0,0,1,0,0,0,0,0,0,5,24
53672,0:3:3;0:3:3;0:3:3;0:4:3,5,2,0,0,0,1,0,0,0,0,0,0,15,24
53673,0:3:3;0:3:3;0:3:3;0:4:3,5,3,0,0,0,1,0,0,0,0,0,0,35,24
53674,0:3:3;0:3:3;0:3:3;0:4:3,5,4,0,0,0,1,0,0,0,0,0,0,66,24
53675,0:3:3;0:3:3;0:3:3;0:4:3,5,5,0,0,0,1,0,0,0,0,0,0,106,24
53676,0:3:3;0:3:3;0:3:3;1:1:1,0,0,0,0,0,1,0,0,0,0,0,0,1,24
53677,0:3:3;0:3:3;0:3:3;1:1:1,0,1,0,0,0,1,0,0,0,0,0,0,4,24
53678,0:3:3;0:3:3;0:3:3;1:1:1,0,2,0,0,0,1,0,0,0,0,0,0,10,24
53679,0:3:3;0:3:3;0:3:3;1:1:1,0,3,0,0,0,1,0,0,0,0,0,0,29,24
53680,0:3:3;0:3:3;0:3:3;1:1:1,0,4,0,0,0,1,0,0,0,0,0,0,50,24
53681,0:3:3;0:3:3;0:3:3;1:1:1,0,5,0,0,0,1,0,0,0,0,0,0,71,24
53682,0:3:3;0:3:3;0:3:3;1:1:1,1,0,0,0,0,1,0,0,0,0,0,0,5,24
53683,0:3:3;0:3:3;0:3:3;1:1:1,1,1,0,0,0,1,0,0,0,0,0,0,14,24
53684,0:3:3;0:3:3;0:3:3;1:1:1,1,2,0,0,0,1,0,0,0,0,0,0,30,24
53685,0:3:3;0:3:3;0:3:3;1:1:1,1,3,0,0,0,1,0,0,0,0,0,0,52,24
53686,0:3:3;0:3:3;0:3:3;1:1:1,1,4,0,0,0,1,0,0,0,0,0,0,76,24
53687,0:3:3;0:3:3;0:3:3;1:1:1,1,5,0,0,0,1,0,0,0,0,0,0,98,24
53688,0:3:3;0:3:3;0:3:3;1:1:1,2,0,0,0,0,1,0,0,0,0,0,0,5,24
53689,0:3:3;0:3:3;0:3:3;1:1:1,2,1,0,0,0,1,0,0,0,0,0,0,14,24
53690,0:3:3;0:3:3;0:3:3;1:1:1,2,2,0,0,0,1,0,0,0,0,0,0,30,24
53691,0:3:3;0:3:3;0:3:3;1:1:1,2,3,0,0,0,1,0,0,0,0,0,0,52,24
53692,0:3:3;0:3:3;0:3:3;1:1:1,2,4,0,0,0,1,0,0,0,0,0,0,76,24
53693,0:3:3;0:3:3;0:3:3;1:1:1,2,5,0,0,0,1,0,0,0,0,0,0,98,24
53694,0:3:3;0:3:3;0:3:3;1:1:1,3,0,0,0,0,1,0,0,0,0,0,0,5,24
53695,0:3:3;0:3:3;0:3:3;1:1:1,3,1,0,0,0,1,0,0,0,0,0,0,14,24
53696,0:3:3;0:3:3;0:3:3;1:1:1,3,2,0,0,0,1,0,0,0,0,0,0,30,24
53697,0:3:3;0:3:3;0:3:3;1:1:1,3,3,0,0,0,1,0,0,0,0,0,0,52,24
53698,0:3:3;0:3:3;0:3:3;1:1:1,3,4,0,0,0,1,0,0,0,0,0,0,76,24
53699,0:3:3;0:3:3;0:3:3;1:1:1,3,5,0,0,0,1,0,0,0,0,0,0,98,24
53700,0:3:3;0:3:3;0:3:3;1:1:1,4,0,0,0,0,1,0,0,0,0,0,0,5,24
53701,0:3:3;0:3:3;0:3:3;1:1:1,4,1,0,0,0,1,0,0,0,0,0,0,14,24
53702,0:3:3;0:3:3;0:3:3;1:1:1,4,2,0,0,0,1,0,0,0,0,0,0,30,24
53703,0:3:3;0:3:3;0:3:3;1:1:1,4,3,0,0,0,1,0,0,0,0,0,0,52,24
53704,0:3:3;0:3:3;0:3:3;1:1:1,4,4,0,0,0,1,0,0,0,0,0,0,76,24
53705,0:3:3;0:3:3;0:3:3;1:1:1,4,5,0,0,0,1,0,0,0,0,0,0,98,24
53706,0:3:3;0:3:3;0:3:3;1:1:1,5,0,0,0,0,1,0,0,0,0,0,0,5,24
53707,0:3:3;0:3:3;0:3:3;1:1:1,5,1,0,0,0,1,0,0,0,0,0,0,14,24
53708,0:3:3;0:3:3;0:3:3;1:1:1,5,2,0,0,0,1,0,0,0,0,0,0,30,24
53709,0:3:3;0:3:3;0:3:3;1:1:1,5,3,0,0,0,1,0,0,0,0,0,0,52,24
53710,0:3:3;0:3:3;0:3:3;1:1:1,5,4,0,0,0,1,0,0,0,0,0,0,76,24
53711,0:3:3;0:3:3;0:3:3;1:1:1,5,5,0,0,0,1,0,0,0,0,0,0,98,24
53712,0:3:3;0:3:3;0:3:3;1:2:1,0,0,0,0,0,1,0,0,0,0,0,0,1,24
53713,0:3:3;0:3:3;0:3:3;1:2:1,0,1,0,0,0,1,0,0,0,0,0,0,4,24
53714,0:3:3;0:3:3;0:3:3;1:2:1,0,2,0,0,0,1,0,0,0,0,0,0,10,24
53715,0:3:3;0:3:3;0:3:3;1:2:1,0,3,0,0,0,1,0,0,0,0,0,0,38,24
53716,0:3:3;0:3:3;0:3:3;1:2:1,0,4,0,0,0,1,0,0,0,0,0,0,59,24
53717,0:3:3;0:3:3;0:3:3;1:2:1,0,5,0,0,0,1,0,0,0,0,0,0,77,24
53718,0:3:3;0:3:3;0:3:3;1:2:1,1,0,0,0,0,1,0,0,0,0,0,0,11,24
53719,0:3:3;0:3:3;0:3:3;1:2:1,1,1,0,0,0,1,0,0,0,0,0,0,24,24
53720,0:3:3;0:3:3;0:3:3;1:2:1,1,2,0,0,0,1,0,0,0,0,0,0,42,24
53721,0:3:3;0:3:3;0:3:3;1:2:1,1,3,0,0,0,1,0,0,0,0,0,0,64,24
53722,0:3:3;0:3:3;0:3:3;1:2:1,1,4,0,0,0,1,0,0,0,0,0,0,86,24
53723,0:3:3;0:3:3;0:3:3;1:2:1,1,5,0,0,0,1,0,0,0,0,0,0,104,24
53724,0:3:3;0:3:3;0:3:3;1:2:1,2,0,0,0,0,1,0,0,0,0,0,0,11,24
53725,0:3:3;0:3:3;0:3:3;1:2:1,2,1,0,0,0,1,0,0,0,0,0,0,24,24
53726,0:3:3;0:3:3;0:3:3;1:2:1,2,2,0,0,0,1,0,0,0,0,0,0,42,24
53727,0:3:3;0:3:3;0:3:3;1:2:1,2,3,0,0,0,1,0,0,0,0,0,0,64,24
53728,0:3:3;0:3:3;0:3:3;1:2:1,2,4,0,0,0,1,0,0,0,0,0,0,86,24
53729,0:3:3;0:3:3;0:3:3;1:2:1,2,5,0,0,0,1,0,0,0,0,0,0,104,24
53730,0:3:3;0:3:3;0:3:3;1:2:1,3,0,0,0,0,1,0,0,0,0,0,0,11,24
53731,0:3:3;0:3:3;0:3:3;1:2:1,3,1,0,0,0,1,0,0,0,0,0,0,24,24
53732,0:3:3;0:3:3;0:3:3;1:2:1,3,2,0,0,0,1,0,0,0,0,0,0,42,24
53733,0:3:3;0:3:3;0:3:3;1:2:1,3,3,0,0,0,1,0,0,0,0,0,0,64,24
53734,0:3:3;0:3:3;0:3:3;1:2:1,3,4,0,0,0,1,0,0,0,0,0,0,86,24
53735,0:3:3;0:3:3;0:3:3;1:2:1,3,5,0,0,0,1,0,0,0,0,0,0,104,24
53736,0:3:3;0:3:3;0:3:3;1:2:1,4,0,0,0,0,1,0,0,0,0,0,0,11,24
53737,0:3:3;0:3:3;0:3:3;1:2:1,4,1,0,0,0,1,0,0,0,0,0,0,24,24
53738,0:3:3;0:3:3;0:3:3;1:2:1,4,2,0,0,0,1,0,0,0,0,0,0,42,24
53739,0:3:3;0:3:3;0:3:3;1:2:1,4,3,0,0,0,1,0,0,0,0,0,0,64,24
53740,0:3:3;0:3:3;0:3:3;1:2:1,4,4,0,0,0,1,0,0,0,0,0,0,86,24
53741,0:3:3;0:3:3;0:3:3;1:2:1,4,5,0,0,0,1,0,0,0,0,0,0,104,24
53742,0:3:3;0:3:3;0:3:3;1:2:1,5,0,0,0,0,1,0,0,0,0,0,0,11,24
53743,0:3:3;0:3:3;0:3:3;1:2:1,5,1,0,0,0,1,0,0,0,0,0,0,24,24
53744,0:3:3;0:3:3;0:3:3;1:2:1,5,2,0,0,0,1,0,0,0,0,0,0,42,24
53745,0:3:3;0:3:3;0:3:3;1:2:1,5,3,0,0,0,1,0,0,0,0,0,0,64,24
53746,0:3:3;0:3:3;0:3:3;1:2:1,5,4,0,0,0,1,0,0,0,0,0,0,86,24
53747,0:3:3;0:3:3;0:3:3;1:2:1,5,5,0,0,0,1,0,0,0,0,0,0,104,24
53748,0:3:3;0:3:3;0:3:3;1:2:2,0,0,0,0,0,1,0,0,0,0,0,0,1,24
53749,0:3:3;0:3:3;0:3:3;1:2:2,0,1,0,0,0,1,0,0,0,0,0,0,4,24
53750,0:3:3;0:3:3;0:3:3;1:2:2,0,2,0,0,0,1,0,0,0,0,0,0,10,24
53751,0:3:3;0:3:3;0:3:3;1:2:2,0,3,0,0,0,1,0,0,0,0,0,0,41,24
53752,0:3:3;0:3:3;0:3:3;1:2:2,0,4,0,0,0,1,0,0,0,0,0,0,68,24
53753,0:3:3;0:3:3;0:3:3;1:2:2,0,5,0,0,0,1,0,0,0,0,0,0,95,24
53754,0:3:3;0:3:3;0:3:3;1:2:2,1,0,0,0,0,1,0,0,0,0,0,0,2,24
53755,0:3:3;0:3:3;0:3:3;1:2:2,1,1,0,0,0,1,0,0,0,0,0,0,8,24
53756,0:3:3;0:3:3;0:3:3;1:2:2,1,2,0,0,0,1,0,0,0,0,0,0,20,24
53757,0:3:3;0:3:3;0:3:3;1:2:2,1,3,0,0,0,1,0,0,0,0,0,0,58,24
53758,0:3:3;0:3:3;0:3:3;1:2:2,1,4,0,0,0,1,0,0,0,0,0,0,91,24
53759,0:3:3;0:3:3;0:3:3;1:2:2,1,5,0,0,0,1,0,0,0,0,0,0,121,24
53760,0:3:3;0:3:3;0:3:3;1:2:2,2,0,0,0,0,1,0,0,0,0,0,0,12,24
53761,0:3:3;0:3:3;0:3:3;1:2:2,2,1,0,0,0,1,0,0,0,0,0,0,28,24
53762,0:3:3;0:3:3;0:3:3;1:2:2,2,2,0,0,0,1,0,0,0,0,0,0,52,24
53763,0:3:3;0:3:3;0:3:3;1:2:2,2,3,0,0,0,1,0,0,0,0,0,0,84,24
53764,0:3:3;0:3:3;0:3:3;1:2:2,2,4,0,0,0,1,0,0,0,0,0,0,118,24
53765,0:3:3;0:3:3;0:3:3;1:2:2,2,5,0,0,0,1,0,0,0,0,0,0,148,24
53766,0:3:3;0:3:3;0:3:3;1:2:2,3,0,0,0,0,1,0,0,0,0,0,0,12,24
53767,0:3:3;0:3:3;0:3:3;1:2:2,3,1,0,0,0,1,0,0,0,0,0,0,28,24
53768,0:3:3;0:3:3;0:3:3;1:2:2,3,2,0,0,0,1,0,0,0,0,0,0,52,24
53769,0:3:3;0:3:3;0:3:3;1:2:2,3,3,0,0,0,1,0,0,0,0,0,0,84,24
53770,0:3:3;0:3:3;0:3:3;1:2:2,3,4,0,0,0,1,0,0,0,0,0,0,118,24
53771,0:3:3;0:3:3;0:3:3;1:2:2,3,5,0,0,0,1,0,0,0,0,0,0,148,24
53772,0:3:3;0:3:3;0:3:3;1:2:2,4,0,0,0,0,1,0,0,0,0,0,0,12,24
53773,0:3:3;0:3:3;0:3:3;1:2:2,4,1,0,0,0,1,0,0,0,0,0,0,28,24
53774,0:3:3;0:3:3;0:3:3;1:2:2,4,2,0,0,0,1,0,0,0,0,0,0,52,24
53775,0:3:3;0:3:3;0:3:3;1:2:2,4,3,0,0,0,1,0,0,0,0,0,0,84,24
53776,0:3:3;0:3:3;0:3:3;1:2:2,4,4,0,0,0,1,0,0,0,0,0,0,118,24
53777,0:3:3;0:3:3;0:3:3;1:2:2,4,5,0,0,0,1,0,0,0,0,0,0,148,24
53778,0:3:3;0:3:3;0:3:3;1:2:2,5,0,0,0,0,1,0,0,0,0,0,0,12,24
53779,0:3:3;0:3:3;0:3:3;1:2:2,5,1,0,0,0,1,0,0,0,0,0,0,28,24
53780,0:3:3;0:3:3;0:3:3;1:2:2,5,2,0,0,0,1,0,0,0,0,0,0,52,24
53781,0:3:3;0:3:3;0:3:3;1:2:2,5,3,0,0,0,1,0,0,0,0,0,0,84,24
53782,0:3:3;0:3:3;0:3:3;1:2:2,5,4,0,0,0,1,0,0,0,0,0,0,118,24
53783,0:3:3;0:3:3;0:3:3;1:2:2,5,5,0,0,0,1,0,0,0,0,0,0,148,24
53784,0:3:3;0:3:3;0:3:3;1:3:2,0,0,0,0,0,1,0,0,0,0,0,0,1,24
53785,0:3:3;0:3:3;0:3:3;1:3:2,0,1,0,0,0,1,0,0,0,0,0,0,4,24
53786,0:3:3;0:3:3;0:3:3;1:3:2,0,2,0,0,0,1,0,0,0,0,0,0,10,24
53787,0:3:3;0:3:3;0:3:3;1:3:2,0,3,0,0,0,1,0,0,0,0,0,0,50,24
53788,0:3:3;0:3:3;0:3:3;1:3:2,0,4,0,0,0,1,0,0,0,0,0,0,74,24
53789,0:3:3;0:3:3;0:3:3;1:3:2,0,5,0,0,0,1,0,0,0,0,0,0,98,24
53790,0:3:3;0:3:3;0:3:3;1:3:2,1,0,0,0,0,1,0,0,0,0,0,0,2,24
53791,0:3:3;0:3:3;0:3:3;1:3:2,1,1,0,0,0,1,0,0,0,0,0,0,8,24
53792,0:3:3;0:3:3;0:3:3;1:3:2,1,2,0,0,0,1,0,0,0,0,0,0,20,24
53793,0:3:3;0:3:3;0:3:3;1:3:2,1,3,0,0,0,1,0,0,0,0,0,0,67,24
53794,0:3:3;0:3:3;0:3:3;1:3:2,1,4,0,0,0,1,0,0,0,0,0,0,97,24
53795,0:3:3;0:3:3;0:3:3;1:3:2,1,5,0,0,0,1,0,0,0,0,0,0,124,24
53796,0:3:3;0:3:3;0:3:3;1:3:2,2,0,0,0,0,1,0,0,0,0,0,0,22,24
53797,0:3:3;0:3:3;0:3:3;1:3:2,2,1,0,0,0,1,0,0,0,0,0,0,40,24
53798,0:3:3;0:3:3;0:3:3;1:3:2,2,2,0,0,0,1,0,0,0,0,0,0,64,24
53799,0:3:3;0:3:3;0:3:3;1:3:2,2,3,0,0,0,1,0,0,0,0,0,0,94,24
53800,0:3:3;0:3:3;0:3:3;1:3:2,2,4,0,0,0,1,0,0,0,0,0,0,124,24
53801,0:3:3;0:3:3;0:3:3;1:3:2,2,5,0,0,0,1,0,0,0,0,0,0,151,24
53802,0:3:3;0:3:3;0:3:3;1:3:2,3,0,0,0,0,1,0,0,0,0,0,0,22,24
53803,0:3:3;0:3:3;0:3:3;1:3:2,3,1,0,0,0,1,0,0,0,0,0,0,40,24
53804,0:3:3;0:3:3;0:3:3;1:3:2,3,2,0,0,0,1,0,0,0,0,0,0,64,24
53805,0:3:3;0:3:3;0:3:3;1:3:2,3,3,0,0,0,1,0,0,0,0,0,0,94,24
53806,0:3:3;0:3:3;0:3:3;1:3:2,3,4,0,0,0,1,0,0,0,0,0,0,124,24
53807,0:3:3;0:3:3;0:3:3;1:3:2,3,5,0,0,0,1,0,0,0,0,0,0,151,24
53808,0:3:3;0:3:3;0:3:3;1:3:2,4,0,0,0,0,1,0,0,0,0,0,0,22,24
53809,0:3:3;0:3:3;0:3:3;1:3:2,4,1,0,0,0,1,0,0,0,0,0,0,40,24
53810,0:3:3;0:3:3;0:3:3;1:3:2,4,2,0,0,0,1,0,0,0,0,0,0,64,24
53811,0:3:3;0:3:3;0:3:3;1:3:2,4,3,0,0,0,1,0,0,0,0,0,0,94,24
53812,0:3:3;0:3:3;0:3:3;1:3:2,4,4,0,0,0,1,0,0,0,0,0,0,124,24
53813,0:3:3;0:3:3;0:3:3;1:3:2,4,5,0,0,0,1,0,0,0,0,0,0,151,24
53814,0:3:3;0:3:3;0:3:3;1:3:2,5,0,0,0,0,1,0,0,0,0,0,0,22,24
53815,0:3:3;0:3:3;0:3:3;1:3:2,5,1,0,0,0,1,0,0,0,0,0,0,40,24
53816,0:3:3;0:3:3;0:3:3;1:3:2,5,2,0,0,0,1,0,0,0,0,0,0,64,24
53817,0:3:3;0:3:3;0:3:3;1:3:2,5,3,0,0,0,1,0,0,0,0,0,0,94,24
53818,0:3:3;0:3:3;0:3:3;1:3:2,5,4,0,0,0,1,0,0,0,0,0,0,124,24
53819,0:3:3;0:3:3;0:3:3;1:3:2,5,5,0,0,0,1,0,0,0,0,0,0,151,24
53820,0:3:3;0:3:3;0:3:3;1:3:3,0,0,0,0,0,1,0,0,0,0,0,0,1,24
53821,0:3:3;0:3:3;0:3:3;1:3:3,0,1,0,0,0,1,0,0,0,0,0,0,4,24
53822,0:3:3;0:3:3;0:3:3;1:3:3,0,2,0,0,0,1,0,0,0,0,0,0,10,24
53823,0:3:3;0:3:3;0:3:3;1:3:3,0,3,0,0,0,1,0,0,0,0,0,0,53,24
53824,0:3:3;0:3:3;0:3:3;1:3:3,0,4,0,0,0,1,0,0,0,0,0,0,83,24
53825,0:3:3;0:3:3;0:3:3;1:3:3,0,5,0,0,0,1,0,0,0,0,0,0,116,24
53826,0:3:3;0:3:3;0:3:3;1:3:3,1,0,0,0,0,1,0,0,0,0,0,0,2,24
53827,0:3:3;0:3:3;0:3:3;1:3:3,1,1,0,0,0,1,0,0,0,0,0,0,8,24
53828,0:3:3;0:3:3;0:3:3;1:3:3,1,2,0,0,0,1,0,0,0,0,0,0,20,24
53829,0:3:3;0:3:3;0:3:3;1:3:3,1,3,0,0,0,1,0,0,0,0,0,0,70,24
53830,0:3:3;0:3:3;0:3:3;1:3:3,1,4,0,0,0,1,0,0,0,0,0,0,106,24
53831,0:3:3;0:3:3;0:3:3;1:3:3,1,5,0,0,0,1,0,0,0,0,0,0,142,24
53832,0:3:3;0:3:3;0:3:3;1:3:3,2,0,0,0,0,1,0,0,0,0,0,0,3,24
53833,0:3:3;0:3:3;0:3:3;1:3:3,2,1,0,0,0,1,0,0,0,0,0,0,12,24
53834,0:3:3;0:3:3;0:3:3;1:3:3,2,2,0,0,0,1,0,0,0,0,0,0,30,24
53835,0:3:3;0:3:3;0:3:3;1:3:3,2,3,0,0,0,1,0,0,0,0,0,0,87,24
53836,0:3:3;0:3:3;0:3:3;1:3:3,2,4,0,0,0,1,0,0,0,0,0,0,129,24
53837,0:3:3;0:3:3;0:3:3;1:3:3,2,5,0,0,0,1,0,0,0,0,0,0,168,24
53838,0:3:3;0:3:3;0:3:3;1:3:3,3,0,0,0,0,1,0,0,0,0,0,0,23,24
53839,0:3:3;0:3:3;0:3:3;1:3:3,3,1,0,0,0,1,0,0,0,0,0,0,44,24
53840,0:3:3;0:3:3;0:3:3;1:3:3,3,2,0,0,0,1,0,0,0,0,0,0,74,24
53841,0:3:3;0:3:3;0:3:3;1:3:3,3,3,0,0,0,1,0,0,0,0,0,0,114,24
53842,0:3:3;0:3:3;0:3:3;1:3:3,3,4,0,0,0,1,0,0,0,0,0,0,156,24
53843,0:3:3;0:3:3;0:3:3;1:3:3,3,5,0,0,0,1,0,0,0,0,0,0,195,24
53844,0:3:3;0:3:3;0:3:3;1:3:3,4,0,0,0,0,1,0,0,0,0,0,0,23,24
53845,0:3:3;0:3:3;0:3:3;1:3:3,4,1,0,0,0,1,0,0,0,0,0,0,44,24
53846,0:3:3;0:3:3;0:3:3;1:3:3,4,2,0,0,0,1,0,0,0,0,0,0,74,24
53847,0:3:3;0:3:3;0:3:3;1:3:3,4,3,0,0,0,1,0,0,0,0,0,0,114,24
53848,0:3:3;0:3:3;0:3:3;1:3:3,4,4,0,0,0,1,0,0,0,0,0,0,156,24
53849,0:3:3;0:3:3;0:3:3;1:3:3,4,5,0,0,0,1,0,0,0,0,0,0,195,24
53850,0:3:3;0:3:3;0:3:3;1:3:3,5,0,0,0,0,1,0,0,0,0,0,0,23,24
53851,0:3:3;0:3:3;0:3:3;1:3:3,5,1,0,0,0,1,0,0,0,0,0,0,44,24
53852,0:3:3;0:3:3;0:3:3;1:3:3,5,2,0,0,0,1,0,0,0,0,0,0,74,24
53853,0:3:3;0:3:3;0:3:3;1:3:3,5,3,0,0,0,1,0,0,0,0,0,0,114,24
53854,0:3:3;0:3:3;0:3:3;1:3:3,5,4,0,0,0,1,0,0,0,0,0,0,156,24
53855,0:3:3;0:3:3;0:3:3;1:3:3,5,5,0,0,0,1,0,0,0,0,0,0,195,24
53856,0:3:3;0:3:3;0:3:3;1:4:3,0,0,0,0,0,1,0,0,0,0,0,0,1,24
53857,0:3:3;0:3:3;0:3:3;1:4:3,0,1,0,0,0,1,0,0,0,0,0,0,4,24
53858,0:3:3;0:3:3;0:3:3;1:4:3,0,2,0,0,0,1,0,0,0,0,0,0,10,24
53859,0:3:3;0:3:3;0:3:3;1:4:3,0,3,0,0,0,1,0,0,0,0,0,0,59,24
53860,0:3:3;0:3:3;0:3:3;1:4:3,0,4,0,0,0,1,0,0,0,0,0,0,86,24
53861,0:3:3;0:3:3;0:3:3;1:4:3,0,5,1,1,1,0,1,1,1,1,1,5,13,5
53862,0:3:3;0:3:3;0:3:3;1:4:3,1,0,0,0,0,1,0,0,0,0,0,0,2,24
53863,0:3:3;0:3:3;0:3:3;1:4:3,1,1,0,0,0,1,0,0,0,0,0,0,8,24
53864,0:3:3;0:3:3;0:3:3;1:4:3,1,2,0,0,0,1,0,0,0,0,0,0,20,24
53865,0:3:3;0:3:3;0:3:3;1:4:3,1,3,0,0,0,1,0,0,0,0,0,0,76,24
53866,0:3:3;0:3:3;0:3:3;1:4:3,1,4,0,0,0,1,0,0,0,0,0,0,109,24
53867,0:3:3;0:3:3;0:3:3;1:4:3,1,5,1,1,1,0,1,1,1,1,1,5,13,5
53868,0:3:3;0:3:3;0:3:3;1:4:3,2,0,0,0,0,1,0,0,0,0,0,0,3,24
53869,0:3:3;0:3:3;0:3:3;1:4:3,2,1,0,0,0,1,0,0,0,0,0,0,12,24
53870,0:3:3;0:3:3;0:3:3;1:4:3,2,2,0,0,0,1,0,0,0,0,0,0,30,24
53871,0:3:3;0:3:3;0:3:3;1:4:3,2,3,0,0,0,1,0,0,0,0,0,0,93,24
53872,0:3:3;0:3:3;0:3:3;1:4:3,2,4,0,0,0,1,0,0,0,0,0,0,132,24
53873,0:3:3;0:3:3;0:3:3;1:4:3,2,5,1,1,1,0,1,1,1,1,1,5,13,5
53874,0:3:3;0:3:3;0:3:3;1:4:3,3,0,0,0,0,1,0,0,0,0,0,0,35,24
53875,0:3:3;0:3:3;0:3:3;1:4:3,3,1,0,0,0,1,0,0,0,0,0,0,56,24
53876,0:3:3;0:3:3;0:3:3;1:4:3,3,2,0,0,0,1,0,0,0,0,0,0,84,24
53877,0:3:3;0:3:3;0:3:3;1:4:3,3,3,0,0,0,1,0,0,0,0,0,0,120,24
53878,0:3:3;0:3:3;0:3:3;1:4:3,3,4,0,0,0,1,0,0,0,0,0,0,159,24
53879,0:3:3;0:3:3;0:3:3;1:4:3,3,5,1,1,1,0,1,1,1,1,1,5,13,5
53880,0:3:3;0:3:3;0:3:3;1:4:3,4,0,0,0,0,1,0,0,0,0,0,0,35,24
53881,0:3:3;0:3:3;0:3:3;1:4:3,4,1,0,0,0,1,0,0,0,0,0,0,56,24
53882,0:3:3;0:3:3;0:3:3;1:4:3,4,2,0,0,0,1,0,0,0,0,0,0,84,24
53883,0:3:3;0:3:3;0:3:3;1:4:3,4,3,0,0,0,1,0,0,0,0,0,0,120,24
53884,0:3:3;0:3:3;0:3:3;1:4:3,4,4,0,0,0,1,0,0,0,0,0,0,159,24
53885,0:3:3;0:3:3;0:3:3;1:4:3,4,5,1,1,1,0,1,1,1,1,1,5,13,5
53886,0:3:3;0:3:3;0:3:3;1:4:3,5,0,0,0,0,1,0,0,0,0,0,0,35,24
53887,0:3:3;0:3:3;0:3:3;1:4:3,5,1,0,0,0,1,0,0,0,0,0,0,56,24
53888,0:3:3;0:3:3;0:3:3;1:4:3,5,2,0,0,0,1,0,0,0,0,0,0,84,24
53889,0:3:3;0:3:3;0:3:3;1:4:3,5,3,0,0,0,1,0,0,0,0,0,0,120,24
53890,0:3:3;0:3:3;0:3:3;1:4:3,5,4,0,0,0,1,0,0,0,0,0,0,159,24
53891,0:3:3;0:3:3;0:3:3;1:4:3,5,5,1,1,1,0,1,1,1,1,1,5,13,5
53892,0:3:3;0:3:3;0:4:3;0:4:3,0,0,0,0,0,1,0,0,0,0,0,0,1,24
53893,0:3:3;0:3:3;0:4:3;0:4:3,0,1,0,0,0,1,0,0,0,0,0,0,5,24
53894,0:3:3;0:3:3;0:4:3;0:4:3,0,2,0,0,0,1,0,0,0,0,0,0,15,24
53895,0:3:3;0:3:3;0:4:3;0:4:3,0,3,0,0,0,1,0,0,0,0,0,0,35,24
53896,0:3:3;0:3:3;0:4:3;0:4:3,0,4,0,0,0,1,0,0,0,0,0,0,66,24
53897,0:3:3;0:3:3;0:4:3;0:4:3,0,5,0,0,0,1,0,0,0,0,0,0,106,24
53898,0:3:3;0:3:3;0:4:3;0:4:3,1,0,0,0,0,1,0,0,0,0,0,0,1,24
53899,0:3:3;0:3:3;0:4:3;0:4:3,1,1,0,0,0,1,0,0,0,0,0,0,5,24
53900,0:3:3;0:3:3;0:4:3;0:4:3,1,2,0,0,0,1,0,0,0,0,0,0,15,24
53901,0:3:3;0:3:3;0:4:3;0:4:3,1,3,0,0,0,1,0,0,0,0,0,0,35,24
53902,0:3:3;0:3:3;0:4:3;0:4:3,1,4,0,0,0,1,0,0,0,0,0,0,66,24
53903,0:3:3;0:3:3;0:4:3;0:4:3,1,5,0,0,0,1,0,0,0,0,0,0,106,24
53904,0:3:3;0:3:3;0:4:3;0:4:3,2,0,0,0,0,1,0,0,0,0,0,0,1,24
53905,0:3:3;0:3:3;0:4:3;0:4:3,2,1,0,0,0,1,0,0,0,0,0,0,5,24
53906,0:3:3;0:3:3;0:4:3;0:4:3,2,2,0,0,0,1,0,0,0,0,0,0,15,24
53907,0:3:3;0:3:3;0:4:3;0:4:3,2,3,0,0,0,1,0,0,0,0,0,0,35,24
53908,0:3:3;0:3:3;0:4:3;0:4:3,2,4,0,0,0,1,0,0,0,0,0,0,66,24
53909,0:3:3;0:3:3;0:4:3;0:4:3,2,5,0,0,0,1,0,0,0,0,0,0,106,24
53910,0:3:3;0:3:3;0:4:3;0:4:3,3,0,0,0,0,1,0,0,0,0,0,0,1,24
53911,0:3:3;0:3:3;0:4:3;0:4:3,3,1,0,0,0,1,0,0,0,0,0,0,5,24
53912,0:3:3;0:3:3;0:4:3;0:4:3,3,2,0,0,0,1,0,0,0,0,0,0,15,24
53913,0:3:3;0:3:3;0:4:3;0:4:3,3,3,0,0,0,1,0,0,0,0,0,0,35,24
53914,0:3:3;0:3:3;0:4:3;0:4:3,3,4,0,0,0,1,0,0,0,0,0,0,66,24
53915,0:3:3;0:3:3;0:4:3;0:4:3,3,5,0,0,0,1,0,0,0,0,0,0,106,24
53916,0:3:3;0:3:3;0:4:3;0:4:3,4,0,0,0,0,1,0,0,0,0,0,0,1,24
53917,0:3:3;0:3:3;0:4:3;0:4:3,4,1,0,0,0,1,0,0,0,0,0,0,5,24
53918,0:3:3;0:3:3;0:4:3;0:4:3,4,2,0,0,0,1,0,0,0,0,0,0,15,24
53919,0:3:3;0:3:3;0:4:3;0:4:3,4,3,0,0,0,1,0,0,0,0,0,0,35,24
53920,0:3:3;0:3:3;0:4:3;0:4:3,4,4,0,0,0,1,0,0,0,0,0,0,66,24
53921,0:3:3;0:3:3;0:4:3;0:4:3,4,5,0,0,0,1,0,0,0,0,0,0,106,24
53922,0:3:3;0:3:3;0:4:3;0:4:3,5,0,0,0,0,1,0,0,0,0,0,0,1,24
53923,0:3:3;0:3:3;0:4:3;0:4:3,5,1,0,0,0,1,0,0,0,0,0,0,5,24
53924,0:3:3;0:3:3;0:4:3;0:4:3,5,2,0,0,0,1,0,0,0,0,0,0,15,24
53925,0:3:3;0:3:3;0:4:3;0:4:3,5,3,0,0,0,1,0,0,0,0,0,0,35,24
53926,0:3:3;0:3:3;0:4:3;0:4:3,5,4,0,0,0,1,0,0,0,0,0,0,66,24
53927,0:3:3;0:3:3;0:4:3;0:4:3,5,5,0,0,0,1,0,0,0,0,0,0,106,24
53928,0:3:3;0:3:3;0:4:3;1:1:1,0,0,0,0,0,1,0,0,0,0,0,0,1,24
53929,0:3:3;0:3:3;0:4:3;1:1:1,0,1,0,0,0,1,0,0,0,0,0,0,4,24
53930,0:3:3;0:3:3;0:4:3;1:1:1,0,2,0,0,0,1,0,0,0,0,0,0,10,24
53931,0:3:3;0:3:3;0:4:3;1:1:1,0,3,0,0,0,1,0,0,0,0,0,0,29,24
53932,0:3:3;0:3:3;0:4:3;1:1:1,0,4,0,0,0,1,0,0,0,0,0,0,50,24
53933,0:3:3;0:3:3;0:4:3;1:1:1,0,5,0,0,0,1,0,0,0,0,0,0,71,24
53934,0:3:3;0:3:3;0:4:3;1:1:1,1,0,0,0,0,1,0,0,0,0,0,0,5,24
53935,0:3:3;0:3:3;0:4:3;1:1:1,1,1,0,0,0,1,0,0,0,0,0,0,14,24
53936,0:3:3;0:3:3;0:4:3;1:1:1,1,2,0,0,0,1,0,0,0,0,0,0,30,24
53937,0:3:3;0:3:3;0:4:3;1:1:1,1,3,0,0,0,1,0,0,0,0,0,0,52,24
53938,0:3:3;0:3:3;0:4:3;1:1:1,1,4,0,0,0,1,0,0,0,0,0,0,76,24
53939,0:3:3;0:3:3;0:4:3;1:1:1,1,5,0,0,0,1,0,0,0,0,0,0,98,24
53940,0:3:3;0:3:3;0:4:3;1:1:1,2,0,0,0,0,1,0,0,0,0,0,0,5,24
53941,0:3:3;0:3:3;0:4:3;1:1:1,2,1,0,0,0,1,0,0,0,0,0,0,14,24
53942,0:3:3;0:3:3;0:4:3;1:1:1,2,2,0,0,0,1,0,0,0,0,0,0,30,24
53943,0:3:3;0:3:3;0:4:3;1:1:1,2,3,0,0,0,1,0,0,0,0,0,0,52,24
53944,0:3:3;0:3:3;0:4:3;1:1:1,2,4,0,0,0,1,0,0,0,0,0,0,76,24
53945,0:3:3;0:3:3;0:4:3;1:1:1,2,5,0,0,0,1,0,0,0,0,0,0,98,24
53946,0:3:3;0:3:3;0:4:3;1:1:1,3,0,0,0,0,1,0,0,0,0,0,0,5,24
53947,0:3:3;0:3:3;0:4:3;1:1:1,3,1,0,0,0,1,0,0,0,0,0,0,14,24
53948,0:3:3;0:3:3;0:4:3;1:1:1,3,2,0,0,0,1,0,0,0,0,0,0,30,24
53949,0:3:3;0:3:3;0:4:3;1:1:1,3,3,0,0,0,1,0,0,0,0,0,0,52,24
53950,0:3:3;0:3:3;0:4:3;1:1:1,3,4,0,0,0,1,0,0,0,0,0,0,76,24
53951,0:3:3;0:3:3;0:4:3;1:1:1,3,5,0,0,0,1,0,0,0,0,0,0,98,24
53952,0:3:3;0:3:3;0:4:3;1:1:1,4,0,0,0,0,1,0,0,0,0,0,0,5,24
53953,0:3:3;0:3:3;0:4:3;1:1:1,4,1,0,0,0,1,0,0,0,0,0,0,14,24
53954,0:3:3;0:3:3;0:4:3;1:1:1,4,2,0,0,0,1,0,0,0,0,0,0,30,24
53955,0:3:3;0:3:3;0:4:3;1:1:1,4,3,0,0,0,1,0,0,0,0,0,0,52,24
53956,0:3:3;0:3:3;0:4:3;1:1:1,4,4,0,0,0,1,0,0,0,0,0,0,76,24
53957,0:3:3;0:3:3;0:4:3;1:1:1,4,5,0,0,0,1,0,0,0,0,0,0,98,24
53958,0:3:3;0:3:3;0:4:3;1:1:1,5,0,0,0,0,1,0,0,0,0,0,0,5,24
53959,0:3:3;0:3:3;0:4:3;1:1:1,5,1,0,0,0,1,0,0,0,0,0,0,14,24
53960,0:3:3;0:3:3;0:4:3;1:1:1,5,2,0,0,0,1,0,0,0,0,0,0,30,24
53961,0:3:3;0:3:3;0:4:3;1:1:1,5,3,0,0,0,1,0,0,0,0,0,0,52,24
53962,0:3:3;0:3:3;0:4:3;1:1:1,5,4,0,0,0,1,0,0,0,0,0,0,76,24
53963,0:3:3;0:3:3;0:4:3;1:1:1,5,5,0,0,0,1,0,0,0,0,0,0,98,24
53964,0:3:3;0:3:3;0:4:3;1:2:1,0,0,0,0,0,1,0,0,0,0,0,0,1,24
53965,0:3:3;0:3:3;0:4:3;1:2:1,0,1,0,0,0,1,0,0,0,0,0,0,4,24
53966,0:3:3;0:3:3;0:4:3;1:2:1,0,2,0,0,0,1,0,0,0,0,0,0,10,24
53967,0:3:3;0:3:3;0:4:3;1:2:1,0,3,0,0,0,1,0,0,0,0,0,0,38,24
53968,0:3:3;0:3:3;0:4:3;1:2:1,0,4,0,0,0,1,0,0,0,0,0,0,59,24
53969,0:3:3;0:3:3;0:4:3;1:2:1,0,5,0,0,0,1,0,0,0,0,0,0,77,24
53970,0:3:3;0:3:3;0:4:3;1:2:1,1,0,0,0,0,1,0,0,0,0,0,0,11,24
53971,0:3:3;0:3:3;0:4:3;1:2:1,1,1,0,0,0,1,0,0,0,0,0,0,24,24
53972,0:3:3;0:3:3;0:4:3;1:2:1,1,2,0,0,0,1,0,0,0,0,0,0,42,24
53973,0:3:3;0:3:3;0:4:3;1:2:1,1,3,0,0,0,1,0,0,0,0,0,0,64,24
53974,0:3:3;0:3:3;0:4:3;1:2:1,1,4,0,0,0,1,0,0,0,0,0,0,86,24
53975,0:3:3;0:3:3;0:4:3;1:2:1,1,5,0,0,0,1,0,0,0,0,0,0,104,24
53976,0:3:3;0:3:3;0:4:3;1:2:1,2,0,0,0,0,1,0,0,0,0,0,0,11,24
53977,0:3:3;0:3:3;0:4:3;1:2:1,2,1,0,0,0,1,0,0,0,0,0,0,24,24
53978,0:3:3;0:3:3;0:4:3;1:2:1,2,2,0,0,0,1,0,0,0,0,0,0,42,24
53979,0:3:3;0:3:3;0:4:3;1:2:1,2,3,0,0,0,1,0,0,0,0,0,0,64,24
53980,0:3:3;0:3:3;0:4:3;1:2:1,2,4,0,0,0,1,0,0,0,0,0,0,86,24
53981,0:3:3;0:3:3;0:4:3;1:2:1,2,5,0,0,0,1,0,0,0,0,0,0,104,24
53982,0:3:3;0:3:3;0:4:3;1:2:1,3,0,0,0,0,1,0,0,0,0,0,0,11,24
53983,0:3:3;0:3:3;0:4:3;1:2:1,3,1,0,0,0,1,0,0,0,0,0,0,24,24
53984,0:3:3;0:3:3;0:4:3;1:2:1,3,2,0,0,0,1,0,0,0,0,0,0,42,24
53985,0:3:3;0:3:3;0:4:3;1:2:1,3,3,0,0,0,1,0,0,0,0,0,0,64,24
53986,0:3:3;0:3:3;0:4:3;1:2:1,3,4,0,0,0,1,0,0,0,0,0,0,86,24
53987,0:3:3;0:3:3;0:4:3;1:2:1,3,5,0,0,0,1,0,0,0,0,0,0,104,24
53988,0:3:3;0:3:3;0:4:3;1:2:1,4,0,0,0,0,1,0,0,0,0,0,0,11,24
53989,0:3:3;0:3:3;0:4:3;1:2:1,4,1,0,0,0,1,0,0,0,0,0,0,24,24
53990,0:3:3;0:3:3;0:4:3;1:2:1,4,2,0,0,0,1,0,0,0,0,0,0,42,24
53991,0:3:3;0:3:3;0:4:3;1:2:1,4,3,0,0,0,1,0,0,0,0,0,0,64,24
53992,0:3:3;0:3:3;0:4:3;1:2:1,4,4,0,0,0,1,0,0,0,0,0,0,86,24
53993,0:3:3;0:3:3;0:4:3;1:2:1,4,5,0,0,0,1,0,0,0,0,0,0,104,24
53994,0:3:3;0:3:3;0:4:3;1:2:1,5,0,0,0,0,1,0,0,0,0,0,0,11,24
53995,0:3:3;0:3:3;0:4:3;1:2:1,5,1,0,0,0,1,0,0,0,0,0,0,24,24
53996,0:3:3;0:3:3;0:4:3;1:2:1,5,2,0,0,0,1,0,0,0,0,0,0,42,24
53997,0:3:3;0:3:3;0:4:3;1:2:1,5,3,0,0,0,1,0,0,0,0,0,0,64,24
53998,0:3:3;0:3:3;0:4:3;1:2:1,5,4,0,0,0,1,0,0,0,0,0,0,86,24
53999,0:3:3;0:3:3;0:4:3;1:2:1,5,5,0,0,0,1,0,0,0,0,0,0,104,24
54000,0:3:3;0:3:3;0:4:3;1:2:2,0,0,0,0,0,1,0,0,0,0,0,0,1,24
54001,0:3:3;0:3:3;0:4:3;1:2:2,0,1,0,0,0,1,0,0,0,0,0,0,4,24
54002,0:3:3;0:3:3;0:4:3;1:2:2,0,2,0,0,0,1,0,0,0,0,0,0,10,24
54003,0:3:3;0:3:3;0:4:3;1:2:2,0,3,0,0,0,1,0,0,0,0,0,0,41,24
54004,0:3:3;0:3:3;0:4:3;1:2:2,0,4,0,0,0,1,0,0,0,0,0,0,68,24
54005,0:3:3;0:3:3;0:4:3;1:2:2,0,5,0,0,0,1,0,0,0,0,0,0,95,24
54006,0:3:3;0:3:3;0:4:3;1:2:2,1,0,0,0,0,1,0,0,0,0,0,0,2,24
54007,0:3:3;0:3:3;0:4:3;1:2:2,1,1,0,0,0,1,0,0,0,0,0,0,8,24
54008,0:3:3;0:3:3;0:4:3;1:2:2,1,2,0,0,0,1,0,0,0,0,0,0,20,24
54009,0:3:3;0:3:3;0:4:3;1:2:2,1,3,0,0,0,1,0,0,0,0,0,0,58,24
54010,0:3:3;0:3:3;0:4:3;1:2:2,1,4,0,0,0,1,0,0,0,0,0,0,91,24
54011,0:3:3;0:3:3;0:4:3;1:2:2,1,5,0,0,0,1,0,0,0,0,0,0,121,24
54012,0:3:3;0:3:3;0:4:3;1:2:2,2,0,0,0,0,1,0,0,0,0,0,0,12,24
54013,0:3:3;0:3:3;0:4:3;1:2:2,2,1,0,0,0,1,0,0,0,0,0,0,28,24
54014,0:3:3;0:3:3;0:4:3;1:2:2,2,2,0,0,0,1,0,0,0,0,0,0,52,24
54015,0:3:3;0:3:3;0:4:3;1:2:2,2,3,0,0,0,1,0,0,0,0,0,0,84,24
54016,0:3:3;0:3:3;0:4:3;1:2:2,2,4,0,0,0,1,0,0,0,0,0,0,118,24
54017,0:3:3;0:3:3;0:4:3;1:2:2,2,5,0,0,0,1,0,0,0,0,0,0,148,24
54018,0:3:3;0:3:3;0:4:3;1:2:2,3,0,0,0,0,1,0,0,0,0,0,0,12,24
54019,0:3:3;0:3:3;0:4:3;1:2:2,3,1,0,0,0,1,0,0,0,0,0,0,28,24
54020,0:3:3;0:3:3;0:4:3;1:2:2,3,2,0,0,0,1,0,0,0,0,0,0,52,24
54021,0:3:3;0:3:3;0:4:3;1:2:2,3,3,0,0,0,1,0,0,0,0,0,0,84,24
54022,0:3:3;0:3:3;0:4:3;1:2:2,3,4,0,0,0,1,0,0,0,0,0,0,118,24
54023,0:3:3;0:3:3;0:4:3;1:2:2,3,5,0,0,0,1,0,0,0,0,0,0,148,24
54024,0:3:3;0:3:3;0:4:3;1:2:2,4,0,0,0,0,1,0,0,0,0,0,0,12,24
54025,0:3:3;0:3:3;0:4:3;1:2:2,4,1,0,0,0,1,0,0,0,0,0,0,28,24
54026,0:3:3;0:3:3;0:4:3;1:2:2,4,2,0,0,0,1,0,0,0,0,0,0,52,24
54027,0:3:3;0:3:3;0:4:3;1:2:2,4,3,0,0,0,1,0,0,0,0,0,0,84,24
54028,0:3:3;0:3:3;0:4:3;1:2:2,4,4,0,0,0,1,0,0,0,0,0,0,118,24
54029,0:3:3;0:3:3;0:4:3;1:2:2,4,5,0,0,0,1,0,0,0,0,0,0,148,24
54030,0:3:3;0:3:3;0:4:3;1:2:2,5,0,0,0,0,1,0,0,0,0,0,0,12,24
54031,0:3:3;0:3:3;0:4:3;1:2:2,5,1,0,0,0,1,0,0,0,0,0,0,28,24
54032,0:3:3;0:3:3;0:4:3;1:2:2,5,2,0,0,0,1,0,0,0,0,0,0,52,24
54033,0:3:3;0:3:3;0:4:3;1:2:2,5,3,0,0,0,1,0,0,0,0,0,0,84,24
54034,0:3:3;0:3:3;0:4:3;1:2:2,5,4,0,0,0,1,0,0,0,0,0,0,118,24
54035,0:3:3;0:3:3;0:4:3;1:2:2,5,5,0,0,0,1,0,0,0,0,0,0,148,24
54036,0:3:3;0:3:3;0:4:3;1:3:2,0,0,0,0,0,1,0,0,0,0,0,0,1,24
54037,0:3:3;0:3:3;0:4:3;1:3:2,0,1,0,0,0,1,0,0,0,0,0,0,4,24
54038,0:3:3;0:3:3;0:4:3;1:3:2,0,2,0,0,0,1,0,0,0,0,0,0,10,24
54039,0:3:3;0:3:3;0:4:3;1:3:2,0,3,0,0,0,1,0,0,0,0,0,0,50,24
54040,0:3:3;0:3:3;0:4:3;1:3:2,0,4,0,0,0,1,0,0,0,0,0,0,74,24
54041,0:3:3;0:3:3;0:4:3;1:3:2,0,5,0,0,0,1,0,0,0,0,0,0,98,24
54042,0:3:3;0:3:3;0:4:3;1:3:2,1,0,0,0,0,1,0,0,0,0,0,0,2,24
54043,0:3:3;0:3:3;0:4:3;1:3:2,1,1,0,0,0,1,0,0,0,0,0,0,8,24
54044,0:3:3;0:3:3;0:4:3;1:3:2,1,2,0,0,0,1,0,0,0,0,0,0,20,24
54045,0:3:3;0:3:3;0:4:3;1:3:2,1,3,0,0,0,1,0,0,0,0,0,0,67,24
54046,0:3:3;0:3:3;0:4:3;1:3:2,1,4,0,0,0,1,0,0,0,0,0,0,97,24
54047,0:3:3;0:3:3;0:4:3;1:3:2,1,5,0,0,0,1,0,0,0,0,0,0,124,24
54048,0:3:3;0:3:3;0:4:3;1:3:2,2,0,0,0,0,1,0,0,0,0,0,0,22,24
54049,0:3:3;0:3:3;0:4:3;1:3:2,2,1,0,0,0,1,0,0,0,0,0,0,40,24
54050,0:3:3;0:3:3;0:4:3;1:3:2,2,2,0,0,0,1,0,0,0,0,0,0,64,24
54051,0:3:3;0:3:3;0:4:3;1:3:2,2,3,0,0,0,1,0,0,0,0,0,0,94,24
54052,0:3:3;0:3:3;0:4:3;1:3:2,2,4,0,0,0,1,0,0,0,0,0,0,124,24
54053,0:3:3;0:3:3;0:4:3;1:3:2,2,5,0,0,0,1,0,0,0,0,0,0,151,24
54054,0:3:3;0:3:3;0:4:3;1:3:2,3,0,0,0,0,1,0,0,0,0,0,0,22,24
54055,0:3:3;0:3:3;0:4:3;1:3:2,3,1,0,0,0,1,0,0,0,0,0,0,40,24
54056,0:3:3;0:3:3;0:4:3;1:3:2,3,2,0,0,0,1,0,0,0,0,0,0,64,24
54057,0:3:3;0:3:3;0:4:3;1:3:2,3,3,0,0,0,1,0,0,0,0,0,0,94,24
54058,0:3:3;0:3:3;0:4:3;1:3:2,3,4,0,0,0,1,0,0,0,0,0,0,124,24
54059,0:3:3;0:3:3;0:4:3;1:3:2,3,5,0,0,0,1,0,0,0,0,0,0,151,24
54060,0:3:3;0:3:3;0:4:3;1:3:2,4,0,0,0,0,1,0,0,0,0,0,0,22,24
54061,0:3:3;0:3:3;0:4:3;1:3:2,4,1,0,0,0,1,0,0,0,0,0,0,40,24
54062,0:3:3;0:3:3;0:4:3;1:3:2,4,2,0,0,0,1,0,0,0,0,0,0,64,24
54063,0:3:3;0:3:3;0:4:3;1:3:2,4,3,0,0,0,1,0,0,0,0,0,0,94,24
54064,0:3:3;0:3:3;0:4:3;1:3:2,4,4,0,0,0,1,0,0,0,0,0,0,124,24
54065,0:3:3;0:3:3;0:4:3;1:3:2,4,5,0,0,0,1,0,0,0,0,0,0,151,24
54066,0:3:3;0:3:3;0:4:3;1:3:2,5,0,0,0,0,1,0,0,0,0,0,0,22,24
54067,0:3:3;0:3:3;0:4:3;1:3:2,5,1,0,0,0,1,0,0,0,0,0,0,40,24
54068,0:3:3;0:3:3;0:4:3;1:3:2,5,2,0,0,0,1,0,0,0,0,0,0,64,24
54069,0:3:3;0:3:3;0:4:3;1:3:2,5,3,0,0,0,1,0,0,0,0,0,0,94,24
54070,0:3:3;0:3:3;0:4:3;1:3:2,5,4,0,0,0,1,0,0,0,0,0,0,124,24
54071,0:3:3;0:3:3;0:4:3;1:3:2,5,5,0,0,0,1,0,0,0,0,0,0,151,24
54072,0:3:3;0:3:3;0:4:3;1:3:3,0,0,0,0,0,1,0,0,0,0,0,0,1,24
54073,0:3:3;0:3:3;0:4:3;1:3:3,0,1,0,0,0,1,0,0,0,0,0,0,4,24
54074,0:3:3;0:3:3;0:4:3;1:3:3,0,2,0,0,0,1,0,0,0,0,0,0,10,24
54075,0:3:3;0:3:3;0:4:3;1:3:3,0,3,0,0,0,1,0,0,0,0,0,0,53,24
54076,0:3:3;0:3:3;0:4:3;1:3:3,0,4,0,0,0,1,0,0,0,0,0,0,83,24
54077,0:3:3;0:3:3;0:4:3;1:3:3,0,5,0,0,0,1,0,0,0,0,0,0,116,24
54078,0:3:3;0:3:3;0:4:3;1:3:3,1,0,0,0,0,1,0,0,0,0,0,0,2,24
54079,0:3:3;0:3:3;0:4:3;1:3:3,1,1,0,0,0,1,0,0,0,0,0,0,8,24
54080,0:3:3;0:3:3;0:4:3;1:3:3,1,2,0,0,0,1,0,0,0,0,0,0,20,24
54081,0:3:3;0:3:3;0:4:3;1:3:3,1,3,0,0,0,1,0,0,0,0,0,0,70,24
54082,0:3:3;0:3:3;0:4:3;1:3:3,1,4,0,0,0,1,0,0,0,0,0,0,106,24
54083,0:3:3;0:3:3;0:4:3;1:3:3,1,5,0,0,0,1,0,0,0,0,0,0,142,24
54084,0:3:3;0:3:3;0:4:3;1:3:3,2,0,0,0,0,1,0,0,0,0,0,0,3,24
54085,0:3:3;0:3:3;0:4:3;1:3:3,2,1,0,0,0,1,0,0,0,0,0,0,12,24
54086,0:3:3;0:3:3;0:4:3;1:3:3,2,2,0,0,0,1,0,0,0,0,0,0,30,24
54087,0:3:3;0:3:3;0:4:3;1:3:3,2,3,0,0,0,1,0,0,0,0,0,0,87,24
54088,0:3:3;0:3:3;0:4:3;1:3:3,2,4,0,0,0,1,0,0,0,0,0,0,129,24
54089,0:3:3;0:3:3;0:4:3;1:3:3,2,5,0,0,0,1,0,0,0,0,0,0,168,24
54090,0:3:3;0:3:3;0:4:3;1:3:3,3,0,0,0,0,1,0,0,0,0,0,0,23,24
54091,0:3:3;0:3:3;0:4:3;1:3:3,3,1,0,0,0,1,0,0,0,0,0,0,44,24
54092,0:3:3;0:3:3;0:4:3;1:3:3,3,2,0,0,0,1,0,0,0,0,0,0,74,24
54093,0:3:3;0:3:3;0:4:3;1:3:3,3,3,0,0,0,1,0,0,0,0,0,0,114,24
54094,0:3:3;0:3:3;0:4:3;1:3:3,3,4,0,0,0,1,0,0,0,0,0,0,156,24
54095,0:3:3;0:3:3;0:4:3;1:3:3,3,5,0,0,0,1,0,0,0,0,0,0,195,24
54096,0:3:3;0:3:3;0:4:3;1:3:3,4,0,0,0,0,1,0,0,0,0,0,0,23,24
54097,0:3:3;0:3:3;0:4:3;1:3:3,4,1,0,0,0,1,0,0,0,0,0,0,44,24
54098,0:3:3;0:3:3;0:4:3;1:3:3,4,2,0,0,0,1,0,0,0,0,0,0,74,24
54099,0:3:3;0:3:3;0:4:3;1:3:3,4,3,0,0,0,1,0,0,0,0,0,0,114,24
54100,0:3:3;0:3:3;0:4:3;1:3:3,4,4,0,0,0,1,0,0,0,0,0,0,156,24
54101,0:3:3;0:3:3;0:4:3;1:3:3,4,5,0,0,0,1,0,0,0,0,0,0,195,24
54102,0:3:3;0:3:3;0:4:3;1:3:3,5,0,0,0,0,1,0,0,0,0,0,0,23,24
54103,0:3:3;0:3:3;0:4:3;1:3:3,5,1,0,0,0,1,0,0,0,0,0,0,44,24
54104,0:3:3;0:3:3;0:4:3;1:3:3,5,2,0,0,0,1,0,0,0,0,0,0,74,24
54105,0:3:3;0:3:3;0:4:3;1:3:3,5,3,0,0,0,1,0,0,0,0,0,0,114,24
54106,0:3:3;0:3:3;0:4:3;1:3:3,5,4,0,0,0,1,0,0,0,0,0,0,156,24
54107,0:3:3;0:3:3;0:4:3;1:3:3,5,5,0,0,0,1,0,0,0,0,0,0,195,24
54108,0:3:3;0:3:3;0:4:3;1:4:3,0,0,0,0,0,1,0,0,0,0,0,0,1,24
54109,0:3:3;0:3:3;0:4:3;1:4:3,0,1,0,0,0,1,0,0,0,0,0,0,4,24
54110,0:3:3;0:3:3;0:4:3;1:4:3,0,2,0,0,0,1,0,0,0,0,0,0,10,24
54111,0:3:3;0:3:3;0:4:3;1:4:3,0,3,0,0,0,1,0,0,0,0,0,0,59,24
54112,0:3:3;0:3:3;0:4:3;1:4:3,0,4,0,0,0,1,0,0,0,0,0,0,86,24
54113,0:3:3;0:3:3;0:4:3;1:4:3,0,5,1,1,1,0,1,1,1,1,1,5,13,5
54114,0:3:3;0:3:3;0:4:3;1:4:3,1,0,0,0,0,1,0,0,0,0,0,0,2,24
54115,0:3:3;0:3:3;0:4:3;1:4:3,1,1,0,0,0,1,0,0,0,0,0,0,8,24
54116,0:3:3;0:3:3;0:4:3;1:4:3,1,2,0,0,0,1,0,0,0,0,0,0,20,24
54117,0:3:3;0:3:3;0:4:3;1:4:3,1,3,0,0,0,1,0,0,0,0,0,0,76,24
54118,0:3:3;0:3:3;0:4:3;1:4:3,1,4,0,0,0,1,0,0,0,0,0,0,109,24
54119,0:3:3;0:3:3;0:4:3;1:4:3,1,5,1,1,1,0,1,1,1,1,1,5,13,5
54120,0:3:3;0:3:3;0:4:3;1:4:3,2,0,0,0,0,1,0,0,0,0,0,0,3,24
54121,0:3:3;0:3:3;0:4:3;1:4:3,2,1,0,0,0,1,0,0,0,0,0,0,12,24
54122,0:3:3;0:3:3;0:4:3;1:4:3,2,2,0,0,0,1,0,0,0,0,0,0,30,24
54123,0:3:3;0:3:3;0:4:3;1:4:3,2,3,0,0,0,1,0,0,0,0,0,0,93,24
54124,0:3:3;0:3:3;0:4:3;1:4:3,2,4,0,0,0,1,0,0,0,0,0,0,132,24
54125,0:3:3;0:3:3;0:4:3;1:4:3,2,5,1,1,1,0,1,1,1,1,1,5,13,5
54126,0:3:3;0:3:3;0:4:3;1:4:3,3,0,0,0,0,1,0,0,0,0,0,0,35,24
54127,0:3:3;0:3:3;0:4:3;1:4:3,3,1,0,0,0,1,0,0,0,0,0,0,56,24
54128,0:3:3;0:3:3;0:4:3;1:4:3,3,2,0,0,0,1,0,0,0,0,0,0,84,24
54129,0:3:3;0:3:3;0:4:3;1:4:3,3,3,0,0,0,1,0,0,0,0,0,0,120,24
54130,0:3:3;0:3:3;0:4:3;1:4:3,3,4,0,0,0,1,0,0,0,0,0,0,159,24
54131,0:3:3;0:3:3;0:4:3;1:4:3,3,5,1,1,1,0,1,1,1,1,1,5,13,5
54132,0:3:3;0:3:3;0:4:3;1:4:3,4,0,0,0,0,1,0,0,0,0,0,0,35,24
54133,0:3:3;0:3:3;0:4:3;1:4:3,4,1,0,0,0,1,0,0,0,0,0,0,56,24
54134,0:3:3;0:3:3;0:4:3;1:4:3,4,2,0,0,0,1,0,0,0,0,0,0,84,24
54135,0:3:3;0:3:3;0:4:3;1:4:3,4,3,0,0,0,1,0,0,0,0,0,0,120,24
54136,0:3:3;0:3:3;0:4:3;1:4:3,4,4,0,0,0,1,0,0,0,0,0,0,159,24
54137,0:3:3;0:3:3;0:4:3;1:4:3,4,5,1,1,1,0,1,1,1,1,1,5,13,5
54138,0:3:3;0:3:3;0:4:3;1:4:3,5,0,0,0,0,1,0,0,0,0,0,0,35,24
54139,0:3:3;0:3:3;0:4:3;1:4:3,5,1,0,0,0,1,0,0,0,0,0,0,56,24
54140,0:3:3;0:3:3;0:4:3;1:4:3,5,2,0,0,0,1,0,0,0,0,0,0,84,24
54141,0:3:3;0:3:3;0:4:3;1:4:3,5,3,0,0,0,1,0,0,0,0,0,0,120,24
54142,0:3:3;0:3:3;0:4:3;1:4:3,5,4,0,0,0,1,0,0,0,0,0,0,159,24
54143,0:3:3;0:3:3;0:4:3;1:4:3,5,5,1,1,1,0,1,1,1,1,1,5,13,5
54144,0:3:3;0:3:3;1:1:1;1:1:1,0,0,0,0,0,1,0,0,0,0,0,0,1,24
54145,0:3:3;0:3:3;1:1:1;1:1:1,0,1,0,0,0,1,0,0,0,0,0,0,3,24
54146,0:3:3;0:3:3;1:1:1;1:1:1,0,2,0,0,0,1,0,0,0,0,0,0,6,24
54147,0:3:3;0:3:3;1:1:1;1:1:1,0,3,0,0,0,1,0,0,0,0,0,0,24,24
54148,0:3:3;0:3:3;1:1:1;1:1:1,0,4,1,1,1,0,1,1,1,1,1,5,9,4
54149,0:3:3;0:3:3;1:1:1;1:1:1,0,5,1,1,1,0,1,1,1,1,1,5,9,3
54150,0:3:3;0:3:3;1:1:1;1:1:1,1,0,0,0,0,1,0,0,0,0,0,0,7,24
54151,0:3:3;0:3:3;1:1:1;1:1:1,1,1,0,0,0,1,0,0,0,0,0,0,15,24
54152,0:3:3;0:3:3;1:1:1;1:1:1,1,2,0,0,0,1,0,0,0,0,0,0,30,24
54153,0:3:3;0:3:3;1:1:1;1:1:1,1,3,0,0,0,1,0,0,0,0,0,0,42,24
54154,0:3:3;0:3:3;1:1:1;1:1:1,1,4,1,1,1,0,1,1,1,1,1,5,9,4
54155,0:3:3;0:3:3;1:1:1;1:1:1,1,5,1,1,1,0,1,1,1,1,1,5,9,3
54156,0:3:3;0:3:3;1:1:1;1:1:1,2,0,0,0,0,1,0,0,0,0,0,0,13,24
54157,0:3:3;0:3:3;1:1:1;1:1:1,2,1,0,0,0,1,0,0,0,0,0,0,25,24
54158,0:3:3;0:3:3;1:1:1;1:1:1,2,2,0,0,0,1,0,0,0,0,0,0,39,24
54159,0:3:3;0:3:3;1:1:1;1:1:1,2,3,0,0,0,1,0,0,0,0,0,0,51,24
54160,0:3:3;0:3:3;1:1:1;1:1:1,2,4,1,1,1,0,1,1,1,1,1,5,9,4
54161,0:3:3;0:3:3;1:1:1;1:1:1,2,5,1,1,1,0,1,1,1,1,1,5,9,3
54162,0:3:3;0:3:3;1:1:1;1:1:1,3,0,0,0,0,1,0,0,0,0,0,0,13,24
54163,0:3:3;0:3:3;1:1:1;1:1:1,3,1,0,0,0,1,0,0,0,0,0,0,25,24
54164,0:3:3;0:3:3;1:1:1;1:1:1,3,2,0,0,0,1,0,0,0,0,0,0,39,24
54165,0:3:3;0:3:3;1:1:1;1:1:1,3,3,0,0,0,1,0,0,0,0,0,0,51,24
54166,0:3:3;0:3:3;1:1:1;1:1:1,3,4,1,1,1,0,1,1,1,1,1,5,9,4
54167,0:3:3;0:3:3;1:1:1;1:1:1,3,5,1,1,1,0,1,1,1,1,1,5,9,3
54168,0:3:3;0:3:3;1:1:1;1:1:1,4,0,0,0,0,1,0,0,0,0,0,0,13,24
54169,0:3:3;0:3:3;1:1:1;1:1:1,4,1,0,0,0,1,0,0,0,0,0,0,25,24
54170,0:3:3;0:3:3;1:1:1;1:1:1,4,2,0,0,0,1,0,0,0,0,0,0,39,24
54171,0:3:3;0:3:3;1:1:1;1:1:1,4,3,0,0,0,1,0,0,0,0,0,0,51,24
54172,0:3:3;0:3:3;1:1:1;1:1:1,4,4,1,1,1,0,1,1,1,1,1,5,9,4
54173,0:3:3;0:3:3;1:1:1;1:1:1,4,5,1,1,1,0,1,1,1,1,1,5,9,3
54174,0:3:3;0:3:3;1:1:1;1:1:1,5,0,0,0,0,1,0,0,0,0,0,0,13,24
54175,0:3:3;0:3:3;1:1:1;1:1:1,5,1,0,0,0,1,0,0,0,0,0,0,25,24
54176,0:3:3;0:3:3;1:1:1;1:1:1,5,2,0,0,0,1,0,0,0,0,0,0,39,24
54177,0:3:3;0:3:3;1:1:1;1:1:1,5,3,0,0,0,1,0,0,0,0,0,0,51,24
54178,0:3:3;0:3:3;1:1:1;1:1:1,5,4,1,1,1,0,1,1,1,1,1,5,9,4
54179,0:3:3;0:3:3;1:1:1;1:1:1,5,5,1,1,1,0,1,1,1,1,1,5,9,3
54180,0:3:3;0:3:3;1:1:1;1:2:1,0,0,0,0,0,1,0,0,0,0,0,0,1,24
54181,0:3:3;0:3:3;1:1:1;1:2:1,0,1,0,0,0,1,0,0,0,0,0,0,3,24
54182,0:3:3;0:3:3;1:1:1;1:2:1,0,2,0,0,0,1,0,0,0,0,0,0,6,24
54183,0:3:3;0:3:3;1:1:1;1:2:1,0,3,1,1,1,0,1,1,1,1,1,5,9,4
54184,0:3:3;0:3:3;1:1:1;1:2:1,0,4,1,1,1,0,1,1,1,1,1,5,9,4
54185,0:3:3;0:3:3;1:1:1;1:2:1,0,5,1,1,1,0,1,1,1,1,1,5,9,3
54186,0:3:3;0:3:3;1:1:1;1:2:1,1,0,0,0,0,1,0,0,0,0,0,0,10,24
54187,0:3:3;0:3:3;1:1:1;1:2:1,1,1,0,0,0,1,0,0,0,0,0,0,23,24
54188,0:3:3;0:3:3;1:1:1;1:2:1,1,2,0,0,0,1,0,0,0,0,0,0,35,24
54189,0:3:3;0:3:3;1:1:1;1:2:1,1,3,1,1,1,0,1,1,1,1,1,5,9,4
54190,0:3:3;0:3:3;1:1:1;1:2:1,1,4,1,1,1,0,1,1,1,1,1,5,9,4
54191,0:3:3;0:3:3;1:1:1;1:2:1,1,5,1,1,1,0,1,1,1,1,1,5,9,3
54192,0:3:3;0:3:3;1:1:1;1:2:1,2,0,0,0,0,1,0,0,0,0,0,0,20,24
54193,0:3:3;0:3:3;1:1:1;1:2:1,2,1,0,0,0,1,0,0,0,0,0,0,32,24
54194,0:3:3;0:3:3;1:1:1;1:2:1,2,2,0,0,0,1,0,0,0,0,0,0,44,24
54195,0:3:3;0:3:3;1:1:1;1:2:1,2,3,1,1,1,0,1,1,1,1,1,5,9,4
54196,0:3:3;0:3:3;1:1:1;1:2:1,2,4,1,1,1,0,1,1,1,1,1,5,9,4
54197,0:3:3;0:3:3;1:1:1;1:2:1,2,5,1,1,1,0,1,1,1,1,1,5,9,3
54198,0:3:3;0:3:3;1:1:1;1:2:1,3,0,0,0,0,1,0,0,0,0,0,0,20,24
54199,0:3:3;0:3:3;1:1:1;1:2:1,3,1,0,0,0,1,0,0,0,0,0,0,32,24
54200,0:3:3;0:3:3;1:1:1;1:2:1,3,2,0,0,0,1,0,0,0,0,0,0,44,24
54201,0:3:3;0:3:3;1:1:1;1:2:1,3,3,1,1,1,0,1,1,1,1,1,5,9,4
54202,0:3:3;0:3:3;1:1:1;1:2:1,3,4,1,1,1,0,1,1,1,1,1,5,9,4
54203,0:3:3;0:3:3;1:1:1;1:2:1,3,5,1,1,1,0,1,1,1,1,1,5,9,3
54204,0:3:3;0:3:3;1:1:1;1:2:1,4,0,0,0,0,1,0,0,0,0,0,0,20,24
54205,0:3:3;0:3:3;1:1:1;1:2:1,4,1,0,0,0,1,0,0,0,0,0,0,32,24
54206,0:3:3;0:3:3;1:1:1;1:2:1,4,2,0,0,0,1,0,0,0,0,0,0,44,24
54207,0:3:3;0:3:3;1:1:1;1:2:1,4,3,1,1,1,0,1,1,1,1,1,5,9,4
54208,0:3:3;0:3:3;1:1:1;1:2:1,4,4,1,1,1,0,1,1,1,1,1,5,9,4
54209,0:3:3;0:3:3;1:1:1;1:2:1,4,5,1,1,1,0,1,1,1,1,1,5,9,3
54210,0:3:3;0:3:3;1:1:1;1:2:1,5,0,0,0,0,1,0,0,0,0,0,0,20,24
54211,0:3:3;0:3:3;1:1:1;1:2:1,5,1,0,0,0,1,0,0,0,0,0,0,32,24
54212,0:3:3;0:3:3;1:1:1;1:2:1,5,2,0,0,0,1,0,0,0,0,0,0,44,24
54213,0:3:3;0:3:3;1:1:1;1:2:1,5,3,1,1,1,0,1,1,1,1,1,5,9,4
54214,0:3:3;0:3:3;1:1:1;1:2:1,5,4,1,1,1,0,1,1,1,1,1,5,9,4
54215,0:3:3;0:3:3;1:1:1;1:2:1,5,5,1,1,1,0,1,1,1,1,1,5,9,3
54216,0:3:3;0:3:3;1:1:1;1:2:2,0,0,0,0,0,1,0,0,0,0,0,0,1,24
54217,0:3:3;0:3:3;1:1:1;1:2:2,0,1,0,0,0,1,0,0,0,0,0,0,3,24
54218,0:3:3;0:3:3;1:1:1;1:2:2,0,2,0,0,0,1,0,0,0,0,0,0,6,24
54219,0:3:3;0:3:3;1:1:1;1:2:2,0,3,1,1,0,0,1,1,1,1,1,5,10,4
54220,0:3:3;0:3:3;1:1:1;1:2:2,0,4,1,1,1,0,1,1,1,1,1,5,10,4
54221,0:3:3;0:3:3;1:1:1;1:2:2,0,5,1,1,1,0,1,1,1,1,1,5,10,3
54222,0:3:3;0:3:3;1:1:1;1:2:2,1,0,0,0,0,1,0,0,0,0,0,0,5,24
54223,0:3:3;0:3:3;1:1:1;1:2:2,1,1,0,0,0,1,0,0,0,0,0,0,12,24
54224,0:3:3;0:3:3;1:1:1;1:2:2,1,2,0,0,0,1,0,0,0,0,0,0,30,24
54225,0:3:3;0:3:3;1:1:1;1:2:2,1,3,1,1,1,0,1,1,1,1,1,5,10,4
54226,0:3:3;0:3:3;1:1:1;1:2:2,1,4,1,1,1,0,1,1,1,1,1,5,10,4
54227,0:3:3;0:3:3;1:1:1;1:2:2,1,5,1,1,1,0,1,1,1,1,1,5,10,3
54228,0:3:3;0:3:3;1:1:1;1:2:2,2,0,0,0,0,1,0,0,0,0,0,0,14,24
54229,0:3:3;0:3:3;1:1:1;1:2:2,2,1,0,0,0,1,0,0,0,0,0,0,32,24
54230,0:3:3;0:3:3;1:1:1;1:2:2,2,2,0,0,0,1,0,0,0,0,0,0,51,24
54231,0:3:3;0:3:3;1:1:1;1:2:2,2,3,1,1,1,0,1,1,1,1,1,5,10,4
54232,0:3:3;0:3:3;1:1:1;1:2:2,2,4,1,1,1,0,1,1,1,1,1,5,10,4
54233,0:3:3;0:3:3;1:1:1;1:2:2,2,5,1,1,1,0,1,1,1,1,1,5,10,3
54234,0:3:3;0:3:3;1:1:1;1:2:2,3,0,0,0,0,1,0,0,0,0,0,0,24,24
54235,0:3:3;0:3:3;1:1:1;1:2:2,3,1,0,0,0,1,0,0,0,0,0,0,41,24
54236,0:3:3;0:3:3;1:1:1;1:2:2,3,2,0,0,0,1,0,0,0,0,0,0,60,24
54237,0:3:3;0:3:3;1:1:1;1:2:2,3,3,1,1,1,0,1,1,1,1,1,5,10,4
54238,0:3:3;0:3:3;1:1:1;1:2:2,3,4,1,1,1,0,1,1,1,1,1,5,10,4
54239,0:3:3;0:3:3;1:1:1;1:2:2,3,5,1,1,1,0,1,1,1,1,1,5,10,3
54240,0:3:3;0:3:3;1:1:1;1:2:2,4,0,0,0,0,1,0,0,0,0,0,0,24,24
54241,0:3:3;0:3:3;1:1:1;1:2:2,4,1,0,0,0,1,0,0,0,0,0,0,41,24
54242,0:3:3;0:3:3;1:1:1;1:2:2,4,2,0,0,0,1,0,0,0,0,0,0,60,24
54243,0:3:3;0:3:3;1:1:1;1:2:2,4,3,1,1,1,0,1,1,1,1,1,5,10,4
54244,0:3:3;0:3:3;1:1:1;1:2:2,4,4,1,1,1,0,1,1,1,1,1,5,10,4
54245,0:3:3;0:3:3;1:1:1;1:2:2,4,5,1,1,1,0,1,1,1,1,1,5,10,3
54246,0:3:3;0:3:3;1:1:1;1:2:2,5,0,0,0,0,1,0,0,0,0,0,0,24,24
54247,0:3:3;0:3:3;1:1:1;1:2:2,5,1,0,0,0,1,0,0,0,0,0,0,41,24
54248,0:3:3;0:3:3;1:1:1;1:2:2,5,2,0,0,0,1,0,0,0,0,0,0,60,24
54249,0:3:3;0:3:3;1:1:1;1:2:2,5,3,1,1,1,0,1,1,1,1,1,5,10,4
54250,0:3:3;0:3:3;1:1:1;1:2:2,5,4,1,1,1,0,1,1,1,1,1,5,10,4
54251,0:3:3;0:3:3;1:1:1;1:2:2,5,5,1,1,1,0,1,1,1,1,1,5,10,3
54252,0:3:3;0:3:3;1:1:1;1:3:2,0,0,0,0,0,1,0,0,0,0,0,0,1,24
54253,0:3:3;0:3:3;1:1:1;1:3:2,0,1,0,0,0,1,0,0,0,0,0,0,3,24
54254,0:3:3;0:3:3;1:1:1;1:3:2,0,2,1,0,0,1,0,0,0,0,0,1,6,24
54255,0:3:3;0:3:3;1:1:1;1:3:2,0,3,1,1,0,0,1,1,1,1,1,5,10,4
54256,0:3:3;0:3:3;1:1:1;1:3:2,0,4,1,1,1,0,1,1,1,1,1,5,10,4
54257,0:3:3;0:3:3;1:1:1;1:3:2,0,5,1,1,1,0,1,1,1,1,1,5,10,3
54258,0:3:3;0:3:3;1:1:1;1:3:2,1,0,0,0,0,1,0,0,0,0,0,0,5,24
54259,0:3:3;0:3:3;1:1:1;1:3:2,1,1,0,0,0,1,0,0,0,0,0,0,12,24
54260,0:3:3;0:3:3;1:1:1;1:3:2,1,2,1,1,0,0,1,1,1,1,1,5,10,14
54261,0:3:3;0:3:3;1:1:1;1:3:2,1,3,1,1,1,0,1,1,1,1,1,5,10,4
54262,0:3:3;0:3:3;1:1:1;1:3:2,1,4,1,1,1,0,1,1,1,1,1,5,10,4
54263,0:3:3;0:3:3;1:1:1;1:3:2,1,5,1,1,1,0,1,1,1,1,1,5,10,3
54264,0:3:3;0:3:3;1:1:1;1:3:2,2,0,0,0,0,1,0,0,0,0,0,0,22,24
54265,0:3:3;0:3:3;1:1:1;1:3:2,2,1,0,0,0,1,0,0,0,0,0,0,37,24
54266,0:3:3;0:3:3;1:1:1;1:3:2,2,2,1,1,1,0,1,1,1,1,1,5,10,14
54267,0:3:3;0:3:3;1:1:1;1:3:2,2,3,1,1,1,0,1,1,1,1,1,5,10,4
54268,0:3:3;0:3:3;1:1:1;1:3:2,2,4,1,1,1,0,1,1,1,1,1,5,10,4
54269,0:3:3;0:3:3;1:1:1;1:3:2,2,5,1,1,1,0,1,1,1,1,1,5,10,3
54270,0:3:3;0:3:3;1:1:1;1:3:2,3,0,0,0,0,1,0,0,0,0,0,0,31,24
54271,0:3:3;0:3:3;1:1:1;1:3:2,3,1,0,0,0,1,0,0,0,0,0,0,46,24
54272,0:3:3;0:3:3;1:1:1;1:3:2,3,2,1,1,1,0,1,1,1,1,1,5,10,14
54273,0:3:3;0:3:3;1:1:1;1:3:2,3,3,1,1,1,0,1,1,1,1,1,5,10,4
54274,0:3:3;0:3:3;1:1:1;1:3:2,3,4,1,1,1,0,1,1,1,1,1,5,10,4
54275,0:3:3;0:3:3;1:1:1;1:3:2,3,5,1,1,1,0,1,1,1,1,1,5,10,3
54276,0:3:3;0:3:3;1:1:1;1:3:2,4,0,0,0,0,1,0,0,0,0,0,0,31,24
54277,0:3:3;0:3:3;1:1:1;1:3:2,4,1,0,0,0,1,0,0,0,0,0,0,46,24
54278,0:3:3;0:3:3;1:1:1;1:3:2,4,2,1,1,1,0,1,1,1,1,1,5,10,14
54279,0:3:3;0:3:3;1:1:1;1:3:2,4,3,1,1,1,0,1,1,1,1,1,5,10,4
54280,0:3:3;0:3:3;1:1:1;1:3:2,4,4,1,1,1,0,1,1,1,1,1,5,10,4
54281,0:3:3;0:3:3;1:1:1;1:3:2,4,5,1,1,1,0,1,1,1,1,1,5,10,3
54282,0:3:3;0:3:3;1:1:1;1:3:2,5,0,0,0,0,1,0,0,0,0,0,0,31,24
54283,0:3:3;0:3:3;1:1:1;1:3:2,5,1,0,0,0,1,0,0,0,0,0,0,46,24
54284,0:3:3;0:3:3;1:1:1;1:3:2,5,2,1,1,1,0,1,1,1,1,1,5,10,14
54285,0:3:3;0:3:3;1:1:1;1:3:2,5,3,1,1,1,0,1,1,1,1,1,5,10,4
54286,0:3:3;0:3:3;1:1:1;1:3:2,5,4,1,1,1,0,1,1,1,1,1,5,10,4
54287,0:3:3;0:3:3;1:1:1;1:3:2,5,5,1,1,1,0,1,1,1,1,1,5,10,3
54288,0:3:3;0:3:3;1:1:1;1:3:3,0,0,0,0,0,1,0,0,0,0,0,0,1,24
54289,0:3:3;0:3:3;1:1:1;1:3:3,0,1,0,0,0,1,0,0,0,0,0,0,3,24
54290,0:3:3;0:3:3;1:1:1;1:3:3,0,2,1,0,0,1,0,0,0,0,0,1,6,24
54291,0:3:3;0:3:3;1:1:1;1:3:3,0,3,1,1,0,1,0,0,1,0,1,6,17,5
54292,0:3:3;0:3:3;1:1:1;1:3:3,0,4,1,1,0,1,0,0,1,0,1,6,17,5
54293,0:3:3;0:3:3;1:1:1;1:3:3,0,5,1,1,1,0,1,1,1,1,1,5,11,3
54294,0:3:3;0:3:3;1:1:1;1:3:3,1,0,0,0,0,1,0,0,0,0,0,0,5,24
54295,0:3:3;0:3:3;1:1:1;1:3:3,1,1,0,0,0,1,0,0,0,0,0,0,12,24
54296,0:3:3;0:3:3;1:1:1;1:3:3,1,2,1,1,0,0,1,1,1,1,1,5,11,14
54297,0:3:3;0:3:3;1:1:1;1:3:3,1,3,1,1,0,0,1,1,1,1,1,5,11,4
54298,0:3:3;0:3:3;1:1:1;1:3:3,1,4,1,1,1,0,1,1,1,1,1,5,11,4
54299,0:3:3;0:3:3;1:1:1;1:3:3,1,5,1,1,1,0,1,1,1,1,1,5,11,3
54300,0:3:3;0:3:3;1:1:1;1:3:3,2,0,0,0,0,1,0,0,0,0,0,0,9,24
54301,0:3:3;0:3:3;1:1:1;1:3:3,2,1,0,0,0,1,0,0,0,0,0,0,21,24
54302,0:3:3;0:3:3;1:1:1;1:3:3,2,2,1,1,0,0,1,1,1,1,1,5,11,14
54303,0:3:3;0:3:3;1:1:1;1:3:3,2,3,1,1,1,0,1,1,1,1,1,5,11,4
54304,0:3:3;0:3:3;1:1:1;1:3:3,2,4,1,1,1,0,1,1,1,1,1,5,11,4
54305,0:3:3;0:3:3;1:1:1;1:3:3,2,5,1,1,1,0,1,1,1,1,1,5,11,3
54306,0:3:3;0:3:3;1:1:1;1:3:3,3,0,0,0,0,1,0,0,0,0,0,0,26,24
54307,0:3:3;0:3:3;1:1:1;1:3:3,3,1,0,0,0,1,0,0,0,0,0,0,46,24
54308,0:3:3;0:3:3;1:1:1;1:3:3,3,2,1,1,1,0,1,1,1,1,1,5,11,14
54309,0:3:3;0:3:3;1:1:1;1:3:3,3,3,1,1,1,0,1,1,1,1,1,5,11,4
54310,0:3:3;0:3:3;1:1:1;1:3:3,3,4,1,1,1,0,1,1,1,1,1,5,11,4
54311,0:3:3;0:3:3;1:1:1;1:3:3,3,5,1,1,1,0,1,1,1,1,1,5,11,3
54312,0:3:3;0:3:3;1:1:1;1:3:3,4,0,0,0,0,1,0,0,0,0,0,0,35,24
54313,0:3:3;0:3:3;1:1:1;1:3:3,4,1,0,0,0,1,0,0,0,0,0,0,55,24
54314,0:3:3;0:3:3;1:1:1;1:3:3,4,2,1,1,1,0,1,1,1,1,1,5,11,14
54315,0:3:3;0:3:3;1:1:1;1:3:3,4,3,1,1,1,0,1,1,1,1,1,5,11,4
54316,0:3:3;0:3:3;1:1:1;1:3:3,4,4,1,1,1,0,1,1,1,1,1,5,11,4
54317,0:3:3;0:3:3;1:1:1;1:3:3,4,5,1,1,1,0,1,1,1,1,1,5,11,3
54318,0:3:3;0:3:3;1:1:1;1:3:3,5,0,0,0,0,1,0,0,0,0,0,0,35,24
54319,0:3:3;0:3:3;1:1:1;1:3:3,5,1,0,0,0,1,0,0,0,0,0,0,55,24
54320,0:3:3;0:3:3;1:1:1;1:3:3,5,2,1,1,1,0,1,1,1,1,1,5,11,14
54321,0:3:3;0:3:3;1:1:1;1:3:3,5,3,1,1,1,0,1,1,1,1,1,5,11,4
54322,0:3:3;0:3:3;1:1:1;1:3:3,5,4,1,1,1,0,1,1,1,1,1,5,11,4
54323,0:3:3;0:3:3;1:1:1;1:3:3,5,5,1,1,1,0,1,1,1,1,1,5,11,3
54324,0:3:3;0:3:3;1:1:1;1:4:3,0,0,0,0,0,1,0,0,0,0,0,0,1,24
54325,0:3:3;0:3:3;1:1:1;1:4:3,0,1,1,0,0,1,0,0,0,0,0,1,3,24
54326,0:3:3;0:3:3;1:1:1;1:4:3,0,2,1,0,0,1,0,0,0,0,0,1,6,24
54327,0:3:3;0:3:3;1:1:1;1:4:3,0,3,1,1,0,1,0,0,1,1,1,6,17,5
54328,0:3:3;0:3:3;1:1:1;1:4:3,0,4,1,1,0,1,0,0,1,1,1,6,17,5
54329,0:3:3;0:3:3;1:1:1;1:4:3,0,5,1,1,1,0,1,1,1,1,1,5,11,3
54330,0:3:3;0:3:3;1:1:1;1:4:3,1,0,0,0,0,1,0,0,0,0,0,0,5,24
54331,0:3:3;0:3:3;1:1:1;1:4:3,1,1,1,0,0,1,0,0,0,0,0,2,12,24
54332,0:3:3;0:3:3;1:1:1;1:4:3,1,2,1,1,0,0,1,1,1,1,1,5,11,14
54333,0:3:3;0:3:3;1:1:1;1:4:3,1,3,1,1,0,0,1,1,1,1,1,5,11,4
54334,0:3:3;0:3:3;1:1:1;1:4:3,1,4,1,1,1,0,1,1,1,1,1,5,11,4
54335,0:3:3;0:3:3;1:1:1;1:4:3,1,5,1,1,1,0,1,1,1,1,1,5,11,3
54336,0:3:3;0:3:3;1:1:1;1:4:3,2,0,0,0,0,1,0,0,0,0,0,0,9,24
54337,0:3:3;0:3:3;1:1:1;1:4:3,2,1,1,0,0,1,0,0,0,0,0,2,21,24
54338,0:3:3;0:3:3;1:1:1;1:4:3,2,2,1,1,0,0,1,1,1,1,1,5,11,14
54339,0:3:3;0:3:3;1:1:1;1:4:3,2,3,1,1,1,0,1,1,1,1,1,5,11,4
54340,0:3:3;0:3:3;1:1:1;1:4:3,2,4,1,1,1,0,1,1,1,1,1,5,11,4
54341,0:3:3;0:3:3;1:1:1;1:4:3,2,5,1,1,1,0,1,1,1,1,1,5,11,3
54342,0:3:3;0:3:3;1:1:1;1:4:3,3,0,0,0,0,1,0,0,0,0,0,0,31,24
54343,0:3:3;0:3:3;1:1:1;1:4:3,3,1,1,1,0,1,0,0,1,1,1,6,20,20
54344,0:3:3;0:3:3;1:1:1;1:4:3,3,2,1,1,1,0,1,1,1,1,1,5,11,14
54345,0:3:3;0:3:3;1:1:1;1:4:3,3,3,1,1,1,0,1,1,1,1,1,5,11,4
54346,0:3:3;0:3:3;1:1:1;1:4:3,3,4,1,1,1,0,1,1,1,1,1,5,11,4
54347,0:3:3;0:3:3;1:1:1;1:4:3,3,5,1,1,1,0,1,1,1,1,1,5,11,3
54348,0:3:3;0:3:3;1:1:1;1:4:3,4,0,0,0,0,1,0,0,0,0,0,0,40,24
54349,0:3:3;0:3:3;1:1:1;1:4:3,4,1,1,1,1,0,1,1,1,1,1,5,11,17
54350,0:3:3;0:3:3;1:1:1;1:4:3,4,2,1,1,1,0,1,1,1,1,1,5,11,14
54351,0:3:3;0:3:3;1:1:1;1:4:3,4,3,1,1,1,0,1,1,1,1,1,5,11,4
54352,0:3:3;0:3:3;1:1:1;1:4:3,4,4,1,1,1,0,1,1,1,1,1,5,11,4
54353,0:3:3;0:3:3;1:1:1;1:4:3,4,5,1,1,1,0,1,1,1,1,1,5,11,3
54354,0:3:3;0:3:3;1:1:1;1:4:3,5,0,0,0,0,1,0,0,0,0,0,0,40,24
54355,0:3:3;0:3:3;1:1:1;1:4:3,5,1,1,1,1,0,1,1,1,1,1,5,11,17
54356,0:3:3;0:3:3;1:1:1;1:4:3,5,2,1,1,1,0,1,1,1,1,1,5,11,14
54357,0:3:3;0:3:3;1:1:1;1:4:3,5,3,1,1,1,0,1,1,1,1,1,5,11,4
54358,0:3:3;0:3:3;1:1:1;1:4:3,5,4,1,1,1,0,1,1,1,1,1,5,11,4
54359,0:3:3;0:3:3;1:1:1;1:4:3,5,5,1,1,1,0,1,1,1,1,1,5,11,3
54360,0:3:3;0:3:3;1:2:1;1:2:1,0,0,0,0,0,1,0,0,0,0,0,0,1,24
54361,0:3:3;0:3:3;1:2:1;1:2:1,0,1,0,0,0,1,0,0,0,0,0,0,3,24
54362,0:3:3;0:3:3;1:2:1;1:2:1,0,2,1,0,0,1,0,0,0,0,0,1,6,24
54363,0:3:3;0:3:3;1:2:1;1:2:1,0,3,1,1,1,0,1,1,1,1,1,5,9,4
54364,0:3:3;0:3:3;1:2:1;1:2:1,0,4,1,1,1,0,1,1,1,1,1,5,9,3
54365,0:3:3;0:3:3;1:2:1;1:2:1,0,5,1,1,1,0,1,1,1,1,1,5,9,3
54366,0:3:3;0:3:3;1:2:1;1:2:1,1,0,0,0,0,1,0,0,0,0,0,0,13,24
54367,0:3:3;0:3:3;1:2:1;1:2:1,1,1,0,0,0,1,0,0,0,0,0,0,29,24
54368,0:3:3;0:3:3;1:2:1;1:2:1,1,2,1,1,1,0,1,1,1,1,1,5,9,14
54369,0:3:3;0:3:3;1:2:1;1:2:1,1,3,1,1,1,0,1,1,1,1,1,5,9,4
54370,0:3:3;0:3:3;1:2:1;1:2:1,1,4,1,1,1,0,1,1,1,1,1,5,9,3
54371,0:3:3;0:3:3;1:2:1;1:2:1,1,5,1,1,1,0,1,1,1,1,1,5,9,3
54372,0:3:3;0:3:3;1:2:1;1:2:1,2,0,0,0,0,1,0,0,0,0,0,0,26,24
54373,0:3:3;0:3:3;1:2:1;1:2:1,2,1,0,0,0,1,0,0,0,0,0,0,38,24
54374,0:3:3;0:3:3;1:2:1;1:2:1,2,2,1,1,1,0,1,1,1,1,1,5,9,14
54375,0:3:3;0:3:3;1:2:1;1:2:1,2,3,1,1,1,0,1,1,1,1,1,5,9,4
54376,0:3:3;0:3:3;1:2:1;1:2:1,2,4,1,1,1,0,1,1,1,1,1,5,9,3
54377,0:3:3;0:3:3;1:2:1;1:2:1,2,5,1,1,1,0,1,1,1,1,1,5,9,3
54378,0:3:3;0:3:3;1:2:1;1:2:1,3,0,0,0,0,1,0,0,0,0,0,0,26,24
54379,0:3:3;0:3:3;1:2:1;1:2:1,3,1,0,0,0,1,0,0,0,0,0,0,38,24
54380,0:3:3;0:3:3;1:2:1;1:2:1,3,2,1,1,1,0,1,1,1,1,1,5,9,14
54381,0:3:3;0:3:3;1:2:1;1:2:1,3,3,1,1,1,0,1,1,1,1,1,5,9,4
54382,0:3:3;0:3:3;1:2:1;1:2:1,3,4,1,1,1,0,1,1,1,1,1,5,9,3
54383,0:3:3;0:3:3;1:2:1;1:2:1,3,5,1,1,1,0,1,1,1,1,1,5,9,3
54384,0:3:3;0:3:3;1:2:1;1:2:1,4,0,0,0,0,1,0,0,0,0,0,0,26,24
54385,0:3:3;0:3:3;1:2:1;1:2:1,4,1,0,0,0,1,0,0,0,0,0,0,38,24
54386,0:3:3;0:3:3;1:2:1;1:2:1,4,2,1,1,1,0,1,1,1,1,1,5,9,14
54387,0:3:3;0:3:3;1:2:1;1:2:1,4,3,1,1,1,0,1,1,1,1,1,5,9,4
54388,0:3:3;0:3:3;1:2:1;1:2:1,4,4,1,1,1,0,1,1,1,1,1,5,9,3
54389,0:3:3;0:3:3;1:2:1;1:2:1,4,5,1,1,1,0,1,1,1,1,1,5,9,3
54390,0:3:3;0:3:3;1:2:1;1:2:1,5,0,0,0,0,1,0,0,0,0,0,0,26,24
54391,0:3:3;0:3:3;1:2:1;1:2:1,5,1,0,0,0,1,0,0,0,0,0,0,38,24
54392,0:3:3;0:3:3;1:2:1;1:2:1,5,2,1,1,1,0,1,1,1,1,1,5,9,14
54393,0:3:3;0:3:3;1:2:1;1:2:1,5,3,1,1,1,0,1,1,1,1,1,5,9,4
54394,0:3:3;0:3:3;1:2:1;1:2:1,5,4,1,1,1,0,1,1,1,1,1,5,9,3
54395,0:3:3;0:3:3;1:2:1;1:2:1,5,5,1,1,1,0,1,1,1,1,1,5,9,3
54396,0:3:3;0:3:3;1:2:1;1:2:2,0,0,0,0,0,1,0,0,0,0,0,0,1,24
54397,0:3:3;0:3:3;1:2:1;1:2:2,0,1,0,0,0,1,0,0,0,0,0,0,3,24
54398,0:3:3;0:3:3;1:2:1;1:2:2,0,2,1,0,0,1,0,0,0,0,0,1,6,24
54399,0:3:3;0:3:3;1:2:1;1:2:2,0,3,1,1,0,0,1,1,1,1,1,5,10,4
54400,0:3:3;0:3:3;1:2:1;1:2:2,0,4,1,1,1,0,1,1,1,1,1,5,10,3
54401,0:3:3;0:3:3;1:2:1;1:2:2,0,5,1,1,1,0,1,1,1,1,1,5,10,3
54402,0:3:3;0:3:3;1:2:1;1:2:2,1,0,0,0,0,1,0,0,0,0,0,0,8,24
54403,0:3:3;0:3:3;1:2:1;1:2:2,1,1,0,0,0,1,0,0,0,0,0,0,24,24
54404,0:3:3;0:3:3;1:2:1;1:2:2,1,2,1,1,0,0,1,1,1,1,1,5,10,14
54405,0:3:3;0:3:3;1:2:1;1:2:2,1,3,1,1,1,0,1,1,1,1,1,5,10,4
54406,0:3:3;0:3:3;1:2:1;1:2:2,1,4,1,1,1,0,1,1,1,1,1,5,10,3
54407,0:3:3;0:3:3;1:2:1;1:2:2,1,5,1,1,1,0,1,1,1,1,1,5,10,3
54408,0:3:3;0:3:3;1:2:1;1:2:2,2,0,0,0,0,1,0,0,0,0,0,0,20,24
54409,0:3:3;0:3:3;1:2:1;1:2:2,2,1,0,0,0,1,0,0,0,0,0,0,42,24
54410,0:3:3;0:3:3;1:2:1;1:2:2,2,2,1,1,1,0,1,1,1,1,1,5,10,14
54411,0:3:3;0:3:3;1:2:1;1:2:2,2,3,1,1,1,0,1,1,1,1,1,5,10,4
54412,0:3:3;0:3:3;1:2:1;1:2:2,2,4,1,1,1,0,1,1,1,1,1,5,10,3
54413,0:3:3;0:3:3;1:2:1;1:2:2,2,5,1,1,1,0,1,1,1,1,1,5,10,3
54414,0:3:3;0:3:3;1:2:1;1:2:2,3,0,0,0,0,1,0,0,0,0,0,0,33,24
54415,0:3:3;0:3:3;1:2:1;1:2:2,3,1,0,0,0,1,0,0,0,0,0,0,51,24
54416,0:3:3;0:3:3;1:2:1;1:2:2,3,2,1,1,1,0,1,1,1,1,1,5,10,14
54417,0:3:3;0:3:3;1:2:1;1:2:2,3,3,1,1,1,0,1,1,1,1,1,5,10,4
54418,0:3:3;0:3:3;1:2:1;1:2:2,3,4,1,1,1,0,1,1,1,1,1,5,10,3
54419,0:3:3;0:3:3;1:2:1;1:2:2,3,5,1,1,1,0,1,1,1,1,1,5,10,3
54420,0:3:3;0:3:3;1:2:1;1:2:2,4,0,0,0,0,1,0,0,0,0,0,0,33,24
54421,0:3:3;0:3:3;1:2:1;1:2:2,4,1,0,0,0,1,0,0,0,0,0,0,51,24
54422,0:3:3;0:3:3;1:2:1;1:2:2,4,2,1,1,1,0,1,1,1,1,1,5,10,14
54423,0:3:3;0:3:3;1:2:1;1:2:2,4,3,1,1,1,0,1,1,1,1,1,5,10,4
54424,0:3:3;0:3:3;1:2:1;1:2:2,4,4,1,1,1,0,1,1,1,1,1,5,10,3
54425,0:3:3;0:3:3;1:2:1;1:2:2,4,5,1,1,1,0,1,1,1,1,1,5,10,3
54426,0:3:3;0:3:3;1:2:1;1:2:2,5,0,0,0,0,1,0,0,0,0,0,0,33,24
54427,0:3:3;0:3:3;1:2:1;1:2:2,5,1,0,0,0,1,0,0,0,0,0,0,51,24
54428,0:3:3;0:3:3;1:2:1;1:2:2,5,2,1,1,1,0,1,1,1,1,1,5,10,14
54429,0:3:3;0:3:3;1:2:1;1:2:2,5,3,1,1,1,0,1,1,1,1,1,5,10,4
54430,0:3:3;0:3:3;1:2:1;1:2:2,5,4,1,1,1,0,1,1,1,1,1,5,10,3
54431,0:3:3;0:3:3;1:2:1;1:2:2,5,5,1,1,1,0,1,1,1,1,1,5,10,3
54432,0:3:3;0:3:3;1:2:1;1:3:2,0,0,0,0,0,1,0,0,0,0,0,0,1,24
54433,0:3:3;0:3:3;1:2:1;1:3:2,0,1,1,0,0,1,0,0,0,0,0,1,3,24
54434,0:3:3;0:3:3;1:2:1;1:3:2,0,2,1,0,0,1,0,0,0,0,0,1,6,24
54435,0:3:3;0:3:3;1:2:1;1:3:2,0,3,1,1,0,0,1,1,1,1,1,5,10,4
54436,0:3:3;0:3:3;1:2:1;1:3:2,0,4,1,1,1,0,1,1,1,1,1,5,10,3
54437,0:3:3;0:3:3;1:2:1;1:3:2,0,5,1,1,1,0,1,1,1,1,1,5,10,3
54438,0:3:3;0:3:3;1:2:1;1:3:2,1,0,0,0,0,1,0,0,0,0,0,0,8,24
54439,0:3:3;0:3:3;1:2:1;1:3:2,1,1,1,1,0,0,1,1,1,1,1,5,10,14
54440,0:3:3;0:3:3;1:2:1;1:3:2,1,2,1,1,0,0,1,1,1,1,1,5,10,14
54441,0:3:3;0:3:3;1:2:1;1:3:2,1,3,1,1,1,0,1,1,1,1,1,5,10,4
54442,0:3:3;0:3:3;1:2:1;1:3:2,1,4,1,1,1,0,1,1,1,1,1,5,10,3
54443,0:3:3;0:3:3;1:2:1;1:3:2,1,5,1,1,1,0,1,1,1,1,1,5,10,3
54444,0:3:3;0:3:3;1:2:1;1:3:2,2,0,0,0,0,1,0,0,0,0,0,0,30,24
54445,0:3:3;0:3:3;1:2:1;1:3:2,2,1,1,1,0,0,1,1,1,1,1,5,10,14
54446,0:3:3;0:3:3;1:2:1;1:3:2,2,2,1,1,1,0,1,1,1,1,1,5,10,14
54447,0:3:3;0:3:3;1:2:1;1:3:2,2,3,1,1,1,0,1,1,1,1,1,5,10,4
54448,0:3:3;0:3:3;1:2:1;1:3:2,2,4,1,1,1,0,1,1,1,1,1,5,10,3
54449,0:3:3;0:3:3;1:2:1;1:3:2,2,5,1,1,1,0,1,1,1,1,1,5,10,3
54450,0:3:3;0:3:3;1:2:1;1:3:2,3,0,0,0,0,1,0,0,0,0,0,0,39,24
54451,0:3:3;0:3:3;1:2:1;1:3:2,3,1,1,1,1,0,1,1,1,1,1,5,10,14
54452,0:3:3;0:3:3;1:2:1;1:3:2,3,2,1,1,1,0,1,1,1,1,1,5,10,14
54453,0:3:3;0:3:3;1:2:1;1:3:2,3,3,1,1,1,0,1,1,1,1,1,5,10,4
54454,0:3:3;0:3:3;1:2:1;1:3:2,3,4,1,1,1,0,1,1,1,1,1,5,10,3
54455,0:3:3;0:3:3;1:2:1;1:3:2,3,5,1,1,1,0,1,1,1,1,1,5,10,3
54456,0:3:3;0:3:3;1:2:1;1:3:2,4,0,0,0,0,1,0,0,0,0,0,0,39,24
54457,0:3:3;0:3:3;1:2:1;1:3:2,4,1,1,1,1,0,1,1,1,1,1,5,10,14
54458,0:3:3;0:3:3;1:2:1;1:3:2,4,2,1,1,1,0,1,1,1,1,1,5,10,14
54459,0:3:3;0:3:3;1:2:1;1:3:2,4,3,1,1,1,0,1,1,1,1,1,5,10,4
54460,0:3:3;0:3:3;1:2:1;1:3:2,4,4,1,1,1,0,1,1,1,1,1,5,10,3
54461,0:3:3;0:3:3;1:2:1;1:3:2,4,5,1,1,1,0,1,1,1,1,1,5,10,3
54462,0:3:3;0:3:3;1:2:1;1:3:2,5,0,0,0,0,1,0,0,0,0,0,0,39,24
54463,0:3:3;0:3:3;1:2:1;1:3:2,5,1,1,1,1,0,1,1,1,1,1,5,10,14
54464,0:3:3;0:3:3;1:2:1;1:3:2,5,2,1,1,1,0,1,1,1,1,1,5,10,14
54465,0:3:3;0:3:3;1:2:1;1:3:2,5,3,1,1,1,0,1,1,1,1,1,5,10,4
54466,0:3:3;0:3:3;1:2:1;1:3:2,5,4,1,1,1,0,1,1,1,1,1,5,10,3
54467,0:3:3;0:3:3;1:2:1;1:3:2,5,5,1,1,1,0,1,1,1,1,1,5,10,3
54468,0:3:3;0:3:3;1:2:1;1:3:3,0,0,0,0,0,1,0,0,0,0,0,0,1,24
54469,0:3:3;0:3:3;1:2:1;1:3:3,0,1,1,0,0,1,0,0,0,0,0,1,3,24
54470,0:3:3;0:3:3;1:2:1;1:3:3,0,2,1,0,0,1,0,0,0,0,0,1,6,24
54471,0:3:3;0:3:3;1:2:1;1:3:3,0,3,1,1,0,1,0,0,1,0,1,6,20,5
54472,0:3:3;0:3:3;1:2:1;1:3:3,0,4,1,1,0,0,1,1,1,1,1,5,11,3
54473,0:3:3;0:3:3;1:2:1;1:3:3,0,5,1,1,1,0,1,1,1,1,1,5,11,3
54474,0:3:3;0:3:3;1:2:1;1:3:3,1,0,0,0,0,1,0,0,0,0,0,0,8,24
54475,0:3:3;0:3:3;1:2:1;1:3:3,1,1,1,1,0,0,1,1,1,1,1,5,11,14
54476,0:3:3;0:3:3;1:2:1;1:3:3,1,2,1,1,0,0,1,1,1,1,1,5,11,14
54477,0:3:3;0:3:3;1:2:1;1:3:3,1,3,1,1,0,0,1,1,1,1,1,5,11,4
54478,0:3:3;0:3:3;1:2:1;1:3:3,1,4,1,1,1,0,1,1,1,1,1,5,11,3
54479,0:3:3;0:3:3;1:2:1;1:3:3,1,5,1,1,1,0,1,1,1,1,1,5,11,3
54480,0:3:3;0:3:3;1:2:1;1:3:3,2,0,0,0,0,1,0,0,0,0,0,0,15,24
54481,0:3:3;0:3:3;1:2:1;1:3:3,2,1,1,1,0,0,1,1,1,1,1,5,11,14
54482,0:3:3;0:3:3;1:2:1;1:3:3,2,2,1,1,0,0,1,1,1,1,1,5,11,14
54483,0:3:3;0:3:3;1:2:1;1:3:3,2,3,1,1,1,0,1,1,1,1,1,5,11,4
54484,0:3:3;0:3:3;1:2:1;1:3:3,2,4,1,1,1,0,1,1,1,1,1,5,11,3
54485,0:3:3;0:3:3;1:2:1;1:3:3,2,5,1,1,1,0,1,1,1,1,1,5,11,3
54486,0:3:3;0:3:3;1:2:1;1:3:3,3,0,0,0,0,1,0,0,0,0,0,0,37,24
54487,0:3:3;0:3:3;1:2:1;1:3:3,3,1,1,1,0,0,1,1,1,1,1,5,11,14
54488,0:3:3;0:3:3;1:2:1;1:3:3,3,2,1,1,1,0,1,1,1,1,1,5,11,14
54489,0:3:3;0:3:3;1:2:1;1:3:3,3,3,1,1,1,0,1,1,1,1,1,5,11,4
54490,0:3:3;0:3:3;1:2:1;1:3:3,3,4,1,1,1,0,1,1,1,1,1,5,11,3
54491,0:3:3;0:3:3;1:2:1;1:3:3,3,5,1,1,1,0,1,1,1,1,1,5,11,3
54492,0:3:3;0:3:3;1:2:1;1:3:3,4,0,0,0,0,1,0,0,0,0,0,0,46,24
54493,0:3:3;0:3:3;1:2:1;1:3:3,4,1,1,1,1,0,1,1,1,1,1,5,11,14
54494,0:3:3;0:3:3;1:2:1;1:3:3,4,2,1,1,1,0,1,1,1,1,1,5,11,14
54495,0:3:3;0:3:3;1:2:1;1:3:3,4,3,1,1,1,0,1,1,1,1,1,5,11,4
54496,0:3:3;0:3:3;1:2:1;1:3:3,4,4,1,1,1,0,1,1,1,1,1,5,11,3
54497,0:3:3;0:3:3;1:2:1;1:3:3,4,5,1,1,1,0,1,1,1,1,1,5,11,3
54498,0:3:3;0:3:3;1:2:1;1:3:3,5,0,0,0,0,1,0,0,0,0,0,0,46,24
54499,0:3:3;0:3:3;1:2:1;1:3:3,5,1,1,1,1,0,1,1,1,1,1,5,11,14
54500,0:3:3;0:3:3;1:2:1;1:3:3,5,2,1,1,1,0,1,1,1,1,1,5,11,14
54501,0:3:3;0:3:3;1:2:1;1:3:3,5,3,1,1,1,0,1,1,1,1,1,5,11,4
54502,0:3:3;0:3:3;1:2:1;1:3:3,5,4,1,1,1,0,1,1,1,1,1,5,11,3
54503,0:3:3;0:3:3;1:2:1;1:3:3,5,5,1,1,1,0,1,1,1,1,1,5,11,3
54504,0:3:3;0:3:3;1:2:1;1:4:3,0,0,1,0,0,1,0,0,0,0,0,1,1,24
54505,0:3:3;0:3:3;1:2:1;1:4:3,0,1,1,0,0,1,0,0,0,0,0,1,3,24
54506,0:3:3;0:3:3;1:2:1;1:4:3,0,2,1,0,0,1,0,0,0,0,0,1,6,24
54507,0:3:3;0:3:3;1:2:1;1:4:3,0,3,1,1,0,1,0,0,1,0,1,6,20,5
54508,0:3:3;0:3:3;1:2:1;1:4:3,0,4,1,1,0,0,1,1,1,1,1,5,11,3
54509,0:3:3;0:3:3;1:2:1;1:4:3,0,5,1,1,1,0,1,1,1,1,1,5,11,3
54510,0:3:3;0:3:3;1:2:1;1:4:3,1,0,1,0,0,1,0,0,0,0,0,2,8,24
54511,0:3:3;0:3:3;1:2:1;1:4:3,1,1,1,1,0,0,1,1,1,1,1,5,11,14
54512,0:3:3;0:3:3;1:2:1;1:4:3,1,2,1,1,0,0,1,1,1,1,1,5,11,14
54513,0:3:3;0:3:3;1:2:1;1:4:3,1,3,1,1,0,0,1,1,1,1,1,5,11,4
54514,0:3:3;0:3:3;1:2:1;1:4:3,1,4,1,1,1,0,1,1,1,1,1,5,11,3
54515,0:3:3;0:3:3;1:2:1;1:4:3,1,5,1,1,1,0,1,1,1,1,1,5,11,3
54516,0:3:3;0:3:3;1:2:1;1:4:3,2,0,1,0,0,1,0,0,0,0,0,2,15,24
54517,0:3:3;0:3:3;1:2:1;1:4:3,2,1,1,1,0,0,1,1,1,1,1,5,11,14
54518,0:3:3;0:3:3;1:2:1;1:4:3,2,2,1,1,0,0,1,1,1,1,1,5,11,14
54519,0:3:3;0:3:3;1:2:1;1:4:3,2,3,1,1,1,0,1,1,1,1,1,5,11,4
54520,0:3:3;0:3:3;1:2:1;1:4:3,2,4,1,1,1,0,1,1,1,1,1,5,11,3
54521,0:3:3;0:3:3;1:2:1;1:4:3,2,5,1,1,1,0,1,1,1,1,1,5,11,3
54522,0:3:3;0:3:3;1:2:1;1:4:3,3,0,1,1,0,1,0,0,1,0,1,6,29,20
54523,0:3:3;0:3:3;1:2:1;1:4:3,3,1,1,1,0,0,1,1,1,1,1,5,11,14
54524,0:3:3;0:3:3;1:2:1;1:4:3,3,2,1,1,1,0,1,1,1,1,1,5,11,14
54525,0:3:3;0:3:3;1:2:1;1:4:3,3,3,1,1,1,0,1,1,1,1,1,5,11,4
54526,0:3:3;0:3:3;1:2:1;1:4:3,3,4,1,1,1,0,1,1,1,1,1,5,11,3
54527,0:3:3;0:3:3;1:2:1;1:4:3,3,5,1,1,1,0,1,1,1,1,1,5,11,3
54528,0:3:3;0:3:3;1:2:1;1:4:3,4,0,1,1,0,0,1,1,1,1,1,5,11,17
54529,0:3:3;0:3:3;1:2:1;1:4:3,4,1,1,1,1,0,1,1,1,1,1,5,11,14
54530,0:3:3;0:3:3;1:2:1;1:4:3,4,2,1,1,1,0,1,1,1,1,1,5,11,14
54531,0:3:3;0:3:3;1:2:1;1:4:3,4,3,1,1,1,0,1,1,1,1,1,5,11,4
54532,0:3:3;0:3:3;1:2:1;1:4:3,4,4,1,1,1,0,1,1,1,1,1,5,11,3
54533,0:3:3;0:3:3;1:2:1;1:4:3,4,5,1,1,1,0,1,1,1,1,1,5,11,3
54534,0:3:3;0:3:3;1:2:1;1:4:3,5,0,1,1,1,0,1,1,1,1,1,5,11,17
54535,0:3:3;0:3:3;1:2:1;1:4:3,5,1,1,1,1,0,1,1,1,1,1,5,11,14
54536,0:3:3;0:3:3;1:2:1;1:4:3,5,2,1,1,1,0,1,1,1,1,1,5,11,14
54537,0:3:3;0:3:3;1:2:1;1:4:3,5,3,1,1,1,0,1,1,1,1,1,5,11,4
54538,0:3:3;0:3:3;1:2:1;1:4:3,5,4,1,1,1,0,1,1,1,1,1,5,11,3
54539,0:3:3;0:3:3;1:2:1;1:4:3,5,5,1,1,1,0,1,1,1,1,1,5,11,3
54540,0:3:3;0:3:3;1:2:2;1:2:2,0,0,0,0,0,1,0,0,0,0,0,0,1,24
54541,0:3:3;0:3:3;1:2:2;1:2:2,0,1,0,0,0,1,0,0,0,0,0,0,3,24
54542,0:3:3;0:3:3;1:2:2;1:2:2,0,2,1,0,0,1,0,0,0,0,0,1,6,24
54543,0:3:3;0:3:3;1:2:2;1:2:2,0,3,1,0,0,1,0,0,0,0,0,7,40,24
54544,0:3:3;0:3:3;1:2:2;1:2:2,0,4,1,1,1,0,1,1,1,1,1,5,11,3
54545,0:3:3;0:3:3;1:2:2;1:2:2,0,5,1,1,1,0,1,1,1,1,1,5,11,3
54546,0:3:3;0:3:3;1:2:2;1:2:2,1,0,0,0,0,1,0,0,0,0,0,0,3,24
54547,0:3:3;0:3:3;1:2:2;1:2:2,1,1,0,0,0,1,0,0,0,0,0,0,9,24
54548,0:3:3;0:3:3;1:2:2;1:2:2,1,2,1,0,0,1,0,0,0,0,0,1,18,24
54549,0:3:3;0:3:3;1:2:2;1:2:2,1,3,1,1,1,0,1,1,1,1,1,5,11,4
54550,0:3:3;0:3:3;1:2:2;1:2:2,1,4,1,1,1,0,1,1,1,1,1,5,11,3
54551,0:3:3;0:3:3;1:2:2;1:2:2,1,5,1,1,1,0,1,1,1,1,1,5,11,3
54552,0:3:3;0:3:3;1:2:2;1:2:2,2,0,0,0,0,1,0,0,0,0,0,0,16,24
54553,0:3:3;0:3:3;1:2:2;1:2:2,2,1,0,0,0,1,0,0,0,0,0,0,42,24
54554,0:3:3;0:3:3;1:2:2;1:2:2,2,2,1,1,1,0,1,1,1,1,1,5,11,14
54555,0:3:3;0:3:3;1:2:2;1:2:2,2,3,1,1,1,0,1,1,1,1,1,5,11,4
54556,0:3:3;0:3:3;1:2:2;1:2:2,2,4,1,1,1,0,1,1,1,1,1,5,11,3
54557,0:3:3;0:3:3;1:2:2;1:2:2,2,5,1,1,1,0,1,1,1,1,1,5,11,3
54558,0:3:3;0:3:3;1:2:2;1:2:2,3,0,0,0,0,1,0,0,0,0,0,0,28,24
54559,0:3:3;0:3:3;1:2:2;1:2:2,3,1,0,0,0,1,0,0,0,0,0,0,58,24
54560,0:3:3;0:3:3;1:2:2;1:2:2,3,2,1,1,1,0,1,1,1,1,1,5,11,14
54561,0:3:3;0:3:3;1:2:2;1:2:2,3,3,1,1,1,0,1,1,1,1,1,5,11,4
54562,0:3:3;0:3:3;1:2:2;1:2:2,3,4,1,1,1,0,1,1,1,1,1,5,11,3
54563,0:3:3;0:3:3;1:2:2;1:2:2,3,5,1,1,1,0,1,1,1,1,1,5,11,3
54564,0:3:3;0:3:3;1:2:2;1:2:2,4,0,0,0,0,1,0,0,0,0,0,0,41,24
54565,0:3:3;0:3:3;1:2:2;1:2:2,4,1,0,0,0,1,0,0,0,0,0,0,67,24
54566,0:3:3;0:3:3;1:2:2;1:2:2,4,2,1,1,1,0,1,1,1,1,1,5,11,14
54567,0:3:3;0:3:3;1:2:2;1:2:2,4,3,1,1,1,0,1,1,1,1,1,5,11,4
54568,0:3:3;0:3:3;1:2:2;1:2:2,4,4,1,1,1,0,1,1,1,1,1,5,11,3
54569,0:3:3;0:3:3;1:2:2;1:2:2,4,5,1,1,1,0,1,1,1,1,1,5,11,3
54570,0:3:3;0:3:3;1:2:2;1:2:2,5,0,0,0,0,1,0,0,0,0,0,0,41,24
54571,0:3:3;0:3:3;1:2:2;1:2:2,5,1,0,0,0,1,0,0,0,0,0,0,67,24
54572,0:3:3;0:3:3;1:2:2;1:2:2,5,2,1,1,1,0,1,1,1,1,1,5,11,14
54573,0:3:3;0:3:3;1:2:2;1:2:2,5,3,1,1,1,0,1,1,1,1,1,5,11,4
54574,0:3:3;0:3:3;1:2:2;1:2:2,5,4,1,1,1,0,1,1,1,1,1,5,11,3
54575,0:3:3;0:3:3;1:2:2;1:2:2,5,5,1,1,1,0,1,1,1,1,1,5,11,3
54576,0:3:3;0:3:3;1:2:2;1:3:2,0,0,0,0,0,1,0,0,0,0,0,0,1,24
54577,0:3:3;0:3:3;1:2:2;1:3:2,0,1,1,0,0,1,0,0,0,0,0,1,3,24
54578,0:3:3;0:3:3;1:2:2;1:3:2,0,2,1,0,0,1,0,0,0,0,0,1,6,24
54579,0:3:3;0:3:3;1:2:2;1:3:2,0,3,1,1,0,1,0,0,0,1,1,6,17,5
54580,0:3:3;0:3:3;1:2:2;1:3:2,0,4,1,1,1,0,1,1,1,1,1,5,11,3
54581,0:3:3;0:3:3;1:2:2;1:3:2,0,5,1,1,1,0,1,1,1,1,1,5,11,3
54582,0:3:3;0:3:3;1:2:2;1:3:2,1,0,0,0,0,1,0,0,0,0,0,0,3,24
54583,0:3:3;0:3:3;1:2:2;1:3:2,1,1,1,0,0,1,0,0,0,0,0,1,9,24
54584,0:3:3;0:3:3;1:2:2;1:3:2,1,2,1,0,0,1,0,0,0,0,0,1,18,24
54585,0:3:3;0:3:3;1:2:2;1:3:2,1,3,1,1,1,0,1,1,1,1,1,5,11,4
54586,0:3:3;0:3:3;1:2:2;1:3:2,1,4,1,1,1,0,1,1,1,1,1,5,11,3
54587,0:3:3;0:3:3;1:2:2;1:3:2,1,5,1,1,1,0,1,1,1,1,1,5,11,3
54588,0:3:3;0:3:3;1:2:2;1:3:2,2,0,0,0,0,1,0,0,0,0,0,0,28,24
54589,0:3:3;0:3:3;1:2:2;1:3:2,2,1,1,1,0,0,1,1,1,1,1,5,11,14
54590,0:3:3;0:3:3;1:2:2;1:3:2,2,2,1,1,1,0,1,1,1,1,1,5,11,14
54591,0:3:3;0:3:3;1:2:2;1:3:2,2,3,1,1,1,0,1,1,1,1,1,5,11,4
54592,0:3:3;0:3:3;1:2:2;1:3:2,2,4,1,1,1,0,1,1,1,1,1,5,11,3
54593,0:3:3;0:3:3;1:2:2;1:3:2,2,5,1,1,1,0,1,1,1,1,1,5,11,3
54594,0:3:3;0:3:3;1:2:2;1:3:2,3,0,0,0,0,1,0,0,0,0,0,0,42,24
54595,0:3:3;0:3:3;1:2:2;1:3:2,3,1,1,1,1,0,1,1,1,1,1,5,11,14
54596,0:3:3;0:3:3;1:2:2;1:3:2,3,2,1,1,1,0,1,1,1,1,1,5,11,14
54597,0:3:3;0:3:3;1:2:2;1:3:2,3,3,1,1,1,0,1,1,1,1,1,5,11,4
54598,0:3:3;0:3:3;1:2:2;1:3:2,3,4,1,1,1,0,1,1,1,1,1,5,11,3
54599,0:3:3;0:3:3;1:2:2;1:3:2,3,5,1,1,1,0,1,1,1,1,1,5,11,3
54600,0:3:3;0:3:3;1:2:2;1:3:2,4,0,0,0,0,1,0,0,0,0,0,0,51,24
54601,0:3:3;0:3:3;1:2:2;1:3:2,4,1,1,1,1,0,1,1,1,1,1,5,11,14
54602,0:3:3;0:3:3;1:2:2;1:3:2,4,2,1,1,1,0,1,1,1,1,1,5,11,14
54603,0:3:3;0:3:3;1:2:2;1:3:2,4,3,1,1,1,0,1,1,1,1,1,5,11,4
54604,0:3:3;0:3:3;1:2:2;1:3:2,4,4,1,1,1,0,1,1,1,1,1,5,11,3
54605,0:3:3;0:3:3;1:2:2;1:3:2,4,5,1,1,1,0,1,1,1,1,1,5,11,3
54606,0:3:3;0:3:3;1:2:2;1:3:2,5,0,0,0,0,1,0,0,0,0,0,0,51,24
54607,0:3:3;0:3:3;1:2:2;1:3:2,5,1,1,1,1,0,1,1,1,1,1,5,11,14
54608,0:3:3;0:3:3;1:2:2;1:3:2,5,2,1,1,1,0,1,1,1,1,1,5,11,14
54609,0:3:3;0:3:3;1:2:2;1:3:2,5,3,1,1,1,0,1,1,1,1,1,5,11,4
54610,0:3:3;0:3:3;1:2:2;1:3:2,5,4,1,1,1,0,1,1,1,1,1,5,11,3
54611,0:3:3;0:3:3;1:2:2;1:3:2,5,5,1,1,1,0,1,1,1,1,1,5,11,3
54612,0:3:3;0:3:3;1:2:2;1:3:3,0,0,0,0,0,1,0,0,0,0,0,0,1,24
54613,0:3:3;0:3:3;1:2:2;1:3:3,0,1,1,0,0,1,0,0,0,0,0,1,3,24
54614,0:3:3;0:3:3;1:2:2;1:3:3,0,2,1,0,0,1,0,0,0,0,0,1,6,24
54615,0:3:3;0:3:3;1:2:2;1:3:3,0,3,1,1,0,1,0,0,1,0,1,6,21,5
54616,0:3:3;0:3:3;1:2:2;1:3:3,0,4,1,1,0,0,1,1,1,1,1,5,12,3
54617,0:3:3;0:3:3;1:2:2;1:3:3,0,5,1,1,1,0,1,1,1,1,1,5,12,3
54618,0:3:3;0:3:3;1:2:2;1:3:3,1,0,0,0,0,1,0,0,0,0,0,0,3,24
54619,0:3:3;0:3:3;1:2:2;1:3:3,1,1,1,0,0,1,0,0,0,0,0,1,9,24
54620,0:3:3;0:3:3;1:2:2;1:3:3,1,2,1,0,0,1,0,0,0,0,0,1,18,24
54621,0:3:3;0:3:3;1:2:2;1:3:3,1,3,1,1,0,1,0,0,1,0,1,6,21,5
54622,0:3:3;0:3:3;1:2:2;1:3:3,1,4,1,1,1,0,1,1,1,1,1,5,12,3
54623,0:3:3;0:3:3;1:2:2;1:3:3,1,5,1,1,1,0,1,1,1,1,1,5,12,3
54624,0:3:3;0:3:3;1:2:2;1:3:3,2,0,0,0,0,1,0,0,0,0,0,0,11,24
54625,0:3:3;0:3:3;1:2:2;1:3:3,2,1,1,1,0,0,1,1,1,1,1,5,12,14
54626,0:3:3;0:3:3;1:2:2;1:3:3,2,2,1,1,0,0,1,1,1,1,1,5,12,14
54627,0:3:3;0:3:3;1:2:2;1:3:3,2,3,1,1,1,0,1,1,1,1,1,5,12,4
54628,0:3:3;0:3:3;1:2:2;1:3:3,2,4,1,1,1,0,1,1,1,1,1,5,12,3
54629,0:3:3;0:3:3;1:2:2;1:3:3,2,5,1,1,1,0,1,1,1,1,1,5,12,3
54630,0:3:3;0:3:3;1:2:2;1:3:3,3,0,0,0,0,1,0,0,0,0,0,0,36,24
54631,0:3:3;0:3:3;1:2:2;1:3:3,3,1,1,1,0,0,1,1,1,1,1,5,12,14
54632,0:3:3;0:3:3;1:2:2;1:3:3,3,2,1,1,1,0,1,1,1,1,1,5,12,14
54633,0:3:3;0:3:3;1:2:2;1:3:3,3,3,1,1,1,0,1,1,1,1,1,5,12,4
54634,0:3:3;0:3:3;1:2:2;1:3:3,3,4,1,1,1,0,1,1,1,1,1,5,12,3
54635,0:3:3;0:3:3;1:2:2;1:3:3,3,5,1,1,1,0,1,1,1,1,1,5,12,3
54636,0:3:3;0:3:3;1:2:2;1:3:3,4,0,0,0,0,1,0,0,0,0,0,0,50,24
54637,0:3:3;0:3:3;1:2:2;1:3:3,4,1,1,1,1,0,1,1,1,1,1,5,12,14
54638,0:3:3;0:3:3;1:2:2;1:3:3,4,2,1,1,1,0,1,1,1,1,1,5,12,14
54639,0:3:3;0:3:3;1:2:2;1:3:3,4,3,1,1,1,0,1,1,1,1,1,5,12,4
54640,0:3:3;0:3:3;1:2:2;1:3:3,4,4,1,1,1,0,1,1,1,1,1,5,12,3
54641,0:3:3;0:3:3;1:2:2;1:3:3,4,5,1,1,1,0,1,1,1,1,1,5,12,3
54642,0:3:3;0:3:3;1:2:2;1:3:3,5,0,0,0,0,1,0,0,0,0,0,0,59,24
54643,0:3:3;0:3:3;1:2:2;1:3:3,5,1,1,1,1,0,1,1,1,1,1,5,12,14
54644,0:3:3;0:3:3;1:2:2;1:3:3,5,2,1,1,1,0,1,1,1,1,1,5,12,14
54645,0:3:3;0:3:3;1:2:2;1:3:3,5,3,1,1,1,0,1,1,1,1,1,5,12,4
54646,0:3:3;0:3:3;1:2:2;1:3:3,5,4,1,1,1,0,1,1,1,1,1,5,12,3
54647,0:3:3;0:3:3;1:2:2;1:3:3,5,5,1,1,1,0,1,1,1,1,1,5,12,3
54648,0:3:3;0:3:3;1:2:2;1:4:3,0,0,1,0,0,1,0,0,0,0,0,1,1,24
54649,0:3:3;0:3:3;1:2:2;1:4:3,0,1,1,0,0,1,0,0,0,0,0,1,3,24
54650,0:3:3;0:3:3;1:2:2;1:4:3,0,2,1,0,0,1,0,0,0,0,0,1,6,24
54651,0:3:3;0:3:3;1:2:2;1:4:3,0,3,1,1,0,1,0,0,1,1,1,6,21,5
54652,0:3:3;0:3:3;1:2:2;1:4:3,0,4,1,1,0,0,1,1,1,1,1,5,12,3
54653,0:3:3;0:3:3;1:2:2;1:4:3,0,5,1,1,1,0,1,1,1,1,1,5,12,3
54654,0:3:3;0:3:3;1:2:2;1:4:3,1,0,1,0,0,1,0,0,0,0,0,1,3,24
54655,0:3:3;0:3:3;1:2:2;1:4:3,1,1,1,0,0,1,0,0,0,0,0,1,9,24
54656,0:3:3;0:3:3;1:2:2;1:4:3,1,2,1,0,0,1,0,0,0,0,0,1,18,24
54657,0:3:3;0:3:3;1:2:2;1:4:3,1,3,1,1,0,1,0,0,1,1,1,6,21,5
54658,0:3:3;0:3:3;1:2:2;1:4:3,1,4,1,1,1,0,1,1,1,1,1,5,12,3
54659,0:3:3;0:3:3;1:2:2;1:4:3,1,5,1,1,1,0,1,1,1,1,1,5,12,3
54660,0:3:3;0:3:3;1:2:2;1:4:3,2,0,1,0,0,1,0,0,0,0,0,2,11,24
54661,0:3:3;0:3:3;1:2:2;1:4:3,2,1,1,1,0,0,1,1,1,1,1,5,12,14
54662,0:3:3;0:3:3;1:2:2;1:4:3,2,2,1,1,0,0,1,1,1,1,1,5,12,14
54663,0:3:3;0:3:3;1:2:2;1:4:3,2,3,1,1,1,0,1,1,1,1,1,5,12,4
54664,0:3:3;0:3:3;1:2:2;1:4:3,2,4,1,1,1,0,1,1,1,1,1,5,12,3
54665,0:3:3;0:3:3;1:2:2;1:4:3,2,5,1,1,1,0,1,1,1,1,1,5,12,3
54666,0:3:3;0:3:3;1:2:2;1:4:3,3,0,1,1,0,1,0,0,1,1,1,6,27,20
54667,0:3:3;0:3:3;1:2:2;1:4:3,3,1,1,1,0,0,1,1,1,1,1,5,12,14
54668,0:3:3;0:3:3;1:2:2;1:4:3,3,2,1,1,1,0,1,1,1,1,1,5,12,14
54669,0:3:3;0:3:3;1:2:2;1:4:3,3,3,1,1,1,0,1,1,1,1,1,5,12,4
54670,0:3:3;0:3:3;1:2:2;1:4:3,3,4,1,1,1,0,1,1,1,1,1,5,12,3
54671,0:3:3;0:3:3;1:2:2;1:4:3,3,5,1,1,1,0,1,1,1,1,1,5,12,3
54672,0:3:3;0:3:3;1:2:2;1:4:3,4,0,1,1,0,1,0,0,1,1,1,6,30,20
54673,0:3:3;0:3:3;1:2:2;1:4:3,4,1,1,1,1,0,1,1,1,1,1,5,12,14
54674,0:3:3;0:3:3;1:2:2;1:4:3,4,2,1,1,1,0,1,1,1,1,1,5,12,14
54675,0:3:3;0:3:3;1:2:2;1:4:3,4,3,1,1,1,0,1,1,1,1,1,5,12,4
54676,0:3:3;0:3:3;1:2:2;1:4:3,4,4,1,1,1,0,1,1,1,1,1,5,12,3
54677,0:3:3;0:3:3;1:2:2;1:4:3,4,5,1,1,1,0,1,1,1,1,1,5,12,3
54678,0:3:3;0:3:3;1:2:2;1:4:3,5,0,1,1,1,0,1,1,1,1,1,5,12,17
54679,0:3:3;0:3:3;1:2:2;1:4:3,5,1,1,1,1,0,1,1,1,1,1,5,12,14
54680,0:3:3;0:3:3;1:2:2;1:4:3,5,2,1,1,1,0,1,1,1,1,1,5,12,14
54681,0:3:3;0:3:3;1:2:2;1:4:3,5,3,1,1,1,0,1,1,1,1,1,5,12,4
54682,0:3:3;0:3:3;1:2:2;1:4:3,5,4,1,1,1,0,1,1,1,1,1,5,12,3
54683,0:3:3;0:3:3;1:2:2;1:4:3,5,5,1,1,1,0,1,1,1,1,1,5,12,3
54684,0:3:3;0:3:3;1:3:2;1:3:2,0,0,1,0,0,1,0,0,0,0,0,1,1,24
54685,0:3:3;0:3:3;1:3:2;1:3:2,0,1,1,0,0,1,0,0,0,0,0,1,3,24
54686,0:3:3;0:3:3;1:3:2;1:3:2,0,2,1,0,0,1,0,0,0,0,0,1,6,24
54687,0:3:3;0:3:3;1:3:2;1:3:2,0,3,1,1,0,0,1,1,1,1,1,5,11,3
54688,0:3:3;0:3:3;1:3:2;1:3:2,0,4,1,1,1,0,1,1,1,1,1,5,11,3
54689,0:3:3;0:3:3;1:3:2;1:3:2,0,5,1,1,1,0,1,1,1,1,1,5,11,3
54690,0:3:3;0:3:3;1:3:2;1:3:2,1,0,1,0,0,1,0,0,0,0,0,1,3,24
54691,0:3:3;0:3:3;1:3:2;1:3:2,1,1,1,0,0,1,0,0,0,0,0,1,9,24
54692,0:3:3;0:3:3;1:3:2;1:3:2,1,2,1,0,0,1,0,0,0,0,0,1,18,24
54693,0:3:3;0:3:3;1:3:2;1:3:2,1,3,1,1,1,0,1,1,1,1,1,5,11,3
54694,0:3:3;0:3:3;1:3:2;1:3:2,1,4,1,1,1,0,1,1,1,1,1,5,11,3
54695,0:3:3;0:3:3;1:3:2;1:3:2,1,5,1,1,1,0,1,1,1,1,1,5,11,3
54696,0:3:3;0:3:3;1:3:2;1:3:2,2,0,1,1,0,0,1,1,1,1,1,5,11,14
54697,0:3:3;0:3:3;1:3:2;1:3:2,2,1,1,1,0,0,1,1,1,1,1,5,11,14
54698,0:3:3;0:3:3;1:3:2;1:3:2,2,2,1,1,1,0,1,1,1,1,1,5,11,14
54699,0:3:3;0:3:3;1:3:2;1:3:2,2,3,1,1,1,0,1,1,1,1,1,5,11,3
54700,0:3:3;0:3:3;1:3:2;1:3:2,2,4,1,1,1,0,1,1,1,1,1,5,11,3
54701,0:3:3;0:3:3;1:3:2;1:3:2,2,5,1,1,1,0,1,1,1,1,1,5,11,3
54702,0:3:3;0:3:3;1:3:2;1:3:2,3,0,1,1,0,0,1,1,1,1,1,5,11,14
54703,0:3:3;0:3:3;1:3:2;1:3:2,3,1,1,1,1,0,1,1,1,1,1,5,11,14
54704,0:3:3;0:3:3;1:3:2;1:3:2,3,2,1,1,1,0,1,1,1,1,1,5,11,14
54705,0:3:3;0:3:3;1:3:2;1:3:2,3,3,1,1,1,0,1,1,1,1,1,5,11,3
54706,0:3:3;0:3:3;1:3:2;1:3:2,3,4,1,1,1,0,1,1,1,1,1,5,11,3
54707,0:3:3;0:3:3;1:3:2;1:3:2,3,5,1,1,1,0,1,1,1,1,1,5,11,3
54708,0:3:3;0:3:3;1:3:2;1:3:2,4,0,1,1,1,0,1,1,1,1,1,5,11,14
54709,0:3:3;0:3:3;1:3:2;1:3:2,4,1,1,1,1,0,1,1,1,1,1,5,11,14
54710,0:3:3;0:3:3;1:3:2;1:3:2,4,2,1,1,1,0,1,1,1,1,1,5,11,14
54711,0:3:3;0:3:3;1:3:2;1:3:2,4,3,1,1,1,0,1,1,1,1,1,5,11,3
54712,0:3:3;0:3:3;1:3:2;1:3:2,4,4,1,1,1,0,1,1,1,1,1,5,11,3
54713,0:3:3;0:3:3;1:3:2;1:3:2,4,5,1,1,1,0,1,1,1,1,1,5,11,3
54714,0:3:3;0:3:3;1:3:2;1:3:2,5,0,1,1,1,0,1,1,1,1,1,5,11,14
54715,0:3:3;0:3:3;1:3:2;1:3:2,5,1,1,1,1,0,1,1,1,1,1,5,11,14
54716,0:3:3;0:3:3;1:3:2;1:3:2,5,2,1,1,1,0,1,1,1,1,1,5,11,14
54717,0:3:3;0:3:3;1:3:2;1:3:2,5,3,1,1,1,0,1,1,1,1,1,5,11,3
54718,0:3:3;0:3:3;1:3:2;1:3:2,5,4,1,1,1,0,1,1,1,1,1,5,11,3
54719,0:3:3;0:3:3;1:3:2;1:3:2,5,5,1,1,1,0,1,1,1,1,1,5,11,3
54720,0:3:3;0:3:3;1:3:2;1:3:3,0,0,1,0,0,1,0,0,0,0,0,1,1,24
54721,0:3:3;0:3:3;1:3:2;1:3:3,0,1,1,0,0,1,0,0,0,0,0,1,3,24
54722,0:3:3;0:3:3;1:3:2;1:3:3,0,2,1,0,0,1,0,0,0,0,0,1,6,24
54723,0:3:3;0:3:3;1:3:2;1:3:3,0,3,1,1,0,0,1,1,1,1,1,5,12,3
54724,0:3:3;0:3:3;1:3:2;1:3:3,0,4,1,1,0,0,1,1,1,1,1,5,12,3
54725,0:3:3;0:3:3;1:3:2;1:3:3,0,5,1,1,1,0,1,1,1,1,1,5,12,3
54726,0:3:3;0:3:3;1:3:2;1:3:3,1,0,1,0,0,1,0,0,0,0,0,1,3,24
54727,0:3:3;0:3:3;1:3:2;1:3:3,1,1,1,0,0,1,0,0,0,0,0,1,9,24
54728,0:3:3;0:3:3;1:3:2;1:3:3,1,2,1,0,0,1,0,0,0,0,0,1,18,24
54729,0:3:3;0:3:3;1:3:2;1:3:3,1,3,1,1,0,0,1,1,1,1,1,5,12,3
54730,0:3:3;0:3:3;1:3:2;1:3:3,1,4,1,1,1,0,1,1,1,1,1,5,12,3
54731,0:3:3;0:3:3;1:3:2;1:3:3,1,5,1,1,1,0,1,1,1,1,1,5,12,3
54732,0:3:3;0:3:3;1:3:2;1:3:3,2,0,1,1,0,0,1,1,1,1,1,5,12,14
54733,0:3:3;0:3:3;1:3:2;1:3:3,2,1,1,1,0,0,1,1,1,1,1,5,12,14
54734,0:3:3;0:3:3;1:3:2;1:3:3,2,2,1,1,0,0,1,1,1,1,1,5,12,14
54735,0:3:3;0:3:3;1:3:2;1:3:3,2,3,1,1,1,0,1,1,1,1,1,5,12,3
54736,0:3:3;0:3:3;1:3:2;1:3:3,2,4,1,1,1,0,1,1,1,1,1,5,12,3
54737,0:3:3;0:3:3;1:3:2;1:3:3,2,5,1,1,1,0,1,1,1,1,1,5,12,3
54738,0:3:3;0:3:3;1:3:2;1:3:3,3,0,1,1,0,0,1,1,1,1,1,5,12,14
54739,0:3:3;0:3:3;1:3:2;1:3:3,3,1,1,1,0,0,1,1,1,1,1,5,12,14
54740,0:3:3;0:3:3;1:3:2;1:3:3,3,2,1,1,1,0,1,1,1,1,1,5,12,14
54741,0:3:3;0:3:3;1:3:2;1:3:3,3,3,1,1,1,0,1,1,1,1,1,5,12,3
54742,0:3:3;0:3:3;1:3:2;1:3:3,3,4,1,1,1,0,1,1,1,1,1,5,12,3
54743,0:3:3;0:3:3;1:3:2;1:3:3,3,5,1,1,1,0,1,1,1,1,1,5,12,3
54744,0:3:3;0:3:3;1:3:2;1:3:3,4,0,1,1,0,0,1,1,1,1,1,5,12,14
54745,0:3:3;0:3:3;1:3:2;1:3:3,4,1,1,1,1,0,1,1,1,1,1,5,12,14
54746,0:3:3;0:3:3;1:3:2;1:3:3,4,2,1,1,1,0,1,1,1,1,1,5,12,14
54747,0:3:3;0:3:3;1:3:2;1:3:3,4,3,1,1,1,0,1,1,1,1,1,5,12,3
54748,0:3:3;0:3:3;1:3:2;1:3:3,4,4,1,1,1,0,1,1,1,1,1,5,12,3
54749,0:3:3;0:3:3;1:3:2;1:3:3,4,5,1,1,1,0,1,1,1,1,1,5,12,3
54750,0:3:3;0:3:3;1:3:2;1:3:3,5,0,1,1,1,0,1,1,1,1,1,5,12,14
54751,0:3:3;0:3:3;1:3:2;1:3:3,5,1,1,1,1,0,1,1,1,1,1,5,12,14
54752,0:3:3;0:3:3;1:3:2;1:3:3,5,2,1,1,1,0,1,1,1,1,1,5,12,14
54753,0:3:3;0:3:3;1:3:2;1:3:3,5,3,1,1,1,0,1,1,1,1,1,5,12,3
54754,0:3:3;0:3:3;1:3:2;1:3:3,5,4,1,1,1,0,1,1,1,1,1,5,12,3
54755,0:3:3;0:3:3;1:3:2;1:3:3,5,5,1,1,1,0,1,1,1,1,1,5,12,3
54756,0:3:3;0:3:3;1:3:2;1:4:3,0,0,1,0,0,1,0,0,0,0,0,1,1,24
54757,0:3:3;0:3:3;1:3:2;1:4:3,0,1,1,0,0,1,0,0,0,0,0,1,3,24
54758,0:3:3;0:3:3;1:3:2;1:4:3,0,2,1,0,0,1,0,0,0,0,0,1,6,24
54759,0:3:3;0:3:3;1:3:2;1:4:3,0,3,1,1,0,0,1,1,1,1,1,5,12,3
54760,0:3:3;0:3:3;1:3:2;1:4:3,0,4,1,1,0,0,1,1,1,1,1,5,12,3
54761,0:3:3;0:3:3;1:3:2;1:4:3,0,5,1,1,1,0,1,1,1,1,1,5,12,3
54762,0:3:3;0:3:3;1:3:2;1:4:3,1,0,1,0,0,1,0,0,0,0,0,1,3,24
54763,0:3:3;0:3:3;1:3:2;1:4:3,1,1,1,0,0,1,0,0,0,0,0,1,9,24
54764,0:3:3;0:3:3;1:3:2;1:4:3,1,2,1,0,0,1,0,0,0,0,0,1,18,24
54765,0:3:3;0:3:3;1:3:2;1:4:3,1,3,1,1,0,0,1,1,1,1,1,5,12,3
54766,0:3:3;0:3:3;1:3:2;1:4:3,1,4,1,1,1,0,1,1,1,1,1,5,12,3
54767,0:3:3;0:3:3;1:3:2;1:4:3,1,5,1,1,1,0,1,1,1,1,1,5,12,3
54768,0:3:3;0:3:3;1:3:2;1:4:3,2,0,1,1,0,0,1,1,1,1,1,5,12,14
54769,0:3:3;0:3:3;1:3:2;1:4:3,2,1,1,1,0,0,1,1,1,1,1,5,12,14
54770,0:3:3;0:3:3;1:3:2;1:4:3,2,2,1,1,0,0,1,1,1,1,1,5,12,14
54771,0:3:3;0:3:3;1:3:2;1:4:3,2,3,1,1,1,0,1,1,1,1,1,5,12,3
54772,0:3:3;0:3:3;1:3:2;1:4:3,2,4,1,1,1,0,1,1,1,1,1,5,12,3
54773,0:3:3;0:3:3;1:3:2;1:4:3,2,5,1,1,1,0,1,1,1,1,1,5,12,3
54774,0:3:3;0:3:3;1:3:2;1:4:3,3,0,1,1,0,0,1,1,1,1,1,5,12,14
54775,0:3:3;0:3:3;1:3:2;1:4:3,3,1,1,1,0,0,1,1,1,1,1,5,12,14
54776,0:3:3;0:3:3;1:3:2;1:4:3,3,2,1,1,1,0,1,1,1,1,1,5,12,14
54777,0:3:3;0:3:3;1:3:2;1:4:3,3,3,1,1,1,0,1,1,1,1,1,5,12,3
54778,0:3:3;0:3:3;1:3:2;1:4:3,3,4,1,1,1,0,1,1,1,1,1,5,12,3
54779,0:3:3;0:3:3;1:3:2;1:4:3,3,5,1,1,1,0,1,1,1,1,1,5,12,3
54780,0:3:3;0:3:3;1:3:2;1:4:3,4,0,1,1,0,0,1,1,1,1,1,5,12,14
54781,0:3:3;0:3:3;1:3:2;1:4:3,4,1,1,1,1,0,1,1,1,1,1,5,12,14
54782,0:3:3;0:3:3;1:3:2;1:4:3,4,2,1,1,1,0,1,1,1,1,1,5,12,14
54783,0:3:3;0:3:3;1:3:2;1:4:3,4,3,1,1,1,0,1,1,1,1,1,5,12,3
54784,0:3:3;0:3:3;1:3:2;1:4:3,4,4,1,1,1,0,1,1,1,1,1,5,12,3
54785,0:3:3;0:3:3;1:3:2;1:4:3,4,5,1,1,1,0,1,1,1,1,1,5,12,3
54786,0:3:3;0:3:3;1:3:2;1:4:3,5,0,1,1,1,0,1,1,1,1,1,5,12,14
54787,0:3:3;0:3:3;1:3:2;1:4:3,5,1,1,1,1,0,1,1,1,1,1,5,12,14
54788,0:3:3;0:3:3;1:3:2;1:4:3,5,2,1,1,1,0,1,1,1,1,1,5,12,14
54789,0:3:3;0:3:3;1:3:2;1:4:3,5,3,1,1,1,0,1,1,1,1,1,5,12,3
54790,0:3:3;0:3:3;1:3:2;1:4:3,5,4,1,1,1,0,1,1,1,1,1,5,12,3
54791,0:3:3;0:3:3;1:3:2;1:4:3,5,5,1,1,1,0,1,1,1,1,1,5,12,3
54792,0:3:3;0:3:3;1:3:3;1:3:3,0,0,1,0,0,1,0,0,0,0,0,1,1,24
54793,0:3:3;0:3:3;1:3:3;1:3:3,0,1,1,0,0,1,0,0,0,0,0,1,3,24
54794,0:3:3;0:3:3;1:3:3;1:3:3,0,2,1,0,0,1,0,0,0,0,0,1,6,24
54795,0:3:3;0:3:3;1:3:3;1:3:3,0,3,1,1,0,0,1,1,1,1,1,5,13,3
54796,0:3:3;0:3:3;1:3:3;1:3:3,0,4,1,1,0,0,1,1,1,1,1,5,13,3
54797,0:3:3;0:3:3;1:3:3;1:3:3,0,5,1,1,1,0,1,1,1,1,1,5,13,3
54798,0:3:3;0:3:3;1:3:3;1:3:3,1,0,1,0,0,1,0,0,0,0,0,1,3,24
54799,0:3:3;0:3:3;1:3:3;1:3:3,1,1,1,0,0,1,0,0,0,0,0,1,9,24
54800,0:3:3;0:3:3;1:3:3;1:3:3,1,2,1,0,0,1,0,0,0,0,0,1,18,24
54801,0:3:3;0:3:3;1:3:3;1:3:3,1,3,1,1,0,0,1,1,1,1,1,5,13,3
54802,0:3:3;0:3:3;1:3:3;1:3:3,1,4,1,1,1,0,1,1,1,1,1,5,13,3
54803,0:3:3;0:3:3;1:3:3;1:3:3,1,5,1,1,1,0,1,1,1,1,1,5,13,3
54804,0:3:3;0:3:3;1:3:3;1:3:3,2,0,1,0,0,1,0,0,0,0,0,1,6,24
54805,0:3:3;0:3:3;1:3:3;1:3:3,2,1,1,0,0,1,0,0,0,0,0,1,18,24
54806,0:3:3;0:3:3;1:3:3;1:3:3,2,2,1,0,0,1,0,0,0,0,0,1,36,24
54807,0:3:3;0:3:3;1:3:3;1:3:3,2,3,1,1,1,0,1,1,1,1,1,5,13,3
54808,0:3:3;0:3:3;1:3:3;1:3:3,2,4,1,1,1,0,1,1,1,1,1,5,13,3
54809,0:3:3;0:3:3;1:3:3;1:3:3,2,5,1,1,1,0,1,1,1,1,1,5,13,3
54810,0:3:3;0:3:3;1:3:3;1:3:3,3,0,1,1,0,0,1,1,1,1,1,5,13,14
54811,0:3:3;0:3:3;1:3:3;1:3:3,3,1,1,1,0,0,1,1,1,1,1,5,13,14
54812,0:3:3;0:3:3;1:3:3;1:3:3,3,2,1,1,1,0,1,1,1,1,1,5,13,14
54813,0:3:3;0:3:3;1:3:3;1:3:3,3,3,1,1,1,0,1,1,1,1,1,5,13,3
54814,0:3:3;0:3:3;1:3:3;1:3:3,3,4,1,1,1,0,1,1,1,1,1,5,13,3
54815,0:3:3;0:3:3;1:3:3;1:3:3,3,5,1,1,1,0,1,1,1,1,1,5,13,3
54816,0:3:3;0:3:3;1:3:3;1:3:3,4,0,1,1,0,0,1,1,1,1,1,5,13,14
54817,0:3:3;0:3:3;1:3:3;1:3:3,4,1,1,1,1,0,1,1,1,1,1,5,13,14
54818,0:3:3;0:3:3;1:3:3;1:3:3,4,2,1,1,1,0,1,1,1,1,1,5,13,14
54819,0:3:3;0:3:3;1:3:3;1:3:3,4,3,1,1,1,0,1,1,1,1,1,5,13,3
54820,0:3:3;0:3:3;1:3:3;1:3:3,4,4,1,1,1,0,1,1,1,1,1,5,13,3
54821,0:3:3;0:3:3;1:3:3;1:3:3,4,5,1,1,1,0,1,1,1,1,1,5,13,3
54822,0:3:3;0:3:3;1:3:3;1:3:3,5,0,1,1,1,0,1,1,1,1,1,5,13,14
54823,0:3:3;0:3:3;1:3:3;1:3:3,5,1,1,1,1,0,1,1,1,1,1,5,13,14
54824,0:3:3;0:3:3;1:3:3;1:3:3,5,2,1,1,1,0,1,1,1,1,1,5,13,14
54825,0:3:3;0:3:3;1:3:3;1:3:3,5,3,1,1,1,0,1,1,1,1,1,5,13,3
54826,0:3:3;0:3:3;1:3:3;1:3:3,5,4,1,1,1,0,1,1,1,1,1,5,13,3
54827,0:3:3;0:3:3;1:3:3;1:3:3,5,5,1,1,1,0,1,1,1,1,1,5,13,3
54828,0:3:3;0:3:3;1:3:3;1:4:3,0,0,1,0,0,1,0,0,0,0,0,1,1,24
54829,0:3:3;0:3:3;1:3:3;1:4:3,0,1,1,0,0,1,0,0,0,0,0,1,3,24
54830,0:3:3;0:3:3;1:3:3;1:4:3,0,2,1,0,0,1,0,0,0,0,0,1,6,24
54831,0:3:3;0:3:3;1:3:3;1:4:3,0,3,1,1,0,0,1,1,1,1,1,5,13,3
54832,0:3:3;0:3:3;1:3:3;1:4:3,0,4,1,1,0,0,1,1,1,1,1,5,13,3
54833,0:3:3;0:3:3;1:3:3;1:4:3,0,5,1,1,1,0,1,1,1,1,1,5,13,3
54834,0:3:3;0:3:3;1:3:3;1:4:3,1,0,1,0,0,1,0,0,0,0,0,1,3,24
54835,0:3:3;0:3:3;1:3:3;1:4:3,1,1,1,0,0,1,0,0,0,0,0,1,9,24
54836,0:3:3;0:3:3;1:3:3;1:4:3,1,2,1,0,0,1,0,0,0,0,0,1,18,24
54837,0:3:3;0:3:3;1:3:3;1:4:3,1,3,1,1,0,0,1,1,1,1,1,5,13,3
54838,0:3:3;0:3:3;1:3:3;1:4:3,1,4,1,1,1,0,1,1,1,1,1,5,13,3
54839,0:3:3;0:3:3;1:3:3;1:4:3,1,5,1,1,1,0,1,1,1,1,1,5,13,3
54840,0:3:3;0:3:3;1:3:3;1:4:3,2,0,1,0,0,1,0,0,0,0,0,1,6,24
54841,0:3:3;0:3:3;1:3:3;1:4:3,2,1,1,0,0,1,0,0,0,0,0,1,18,24
54842,0:3:3;0:3:3;1:3:3;1:4:3,2,2,1,0,0,1,0,0,0,0,0,1,36,24
54843,0:3:3;0:3:3;1:3:3;1:4:3,2,3,1,1,1,0,1,1,1,1,1,5,13,3
54844,0:3:3;0:3:3;1:3:3;1:4:3,2,4,1,1,1,0,1,1,1,1,1,5,13,3
54845,0:3:3;0:3:3;1:3:3;1:4:3,2,5,1,1,1,0,1,1,1,1,1,5,13,3
54846,0:3:3;0:3:3;1:3:3;1:4:3,3,0,1,1,0,0,1,1,1,1,1,5,13,14
54847,0:3:3;0:3:3;1:3:3;1:4:3,3,1,1,1,0,0,1,1,1,1,1,5,13,14
54848,0:3:3;0:3:3;1:3:3;1:4:3,3,2,1,1,1,0,1,1,1,1,1,5,13,14
54849,0:3:3;0:3:3;1:3:3;1:4:3,3,3,1,1,1,0,1,1,1,1,1,5,13,3
54850,0:3:3;0:3:3;1:3:3;1:4:3,3,4,1,1,1,0,1,1,1,1,1,5,13,3
54851,0:3:3;0:3:3;1:3:3;1:4:3,3,5,1,1,1,0,1,1,1,1,1,5,13,3
54852,0:3:3;0:3:3;1:3:3;1:4:3,4,0,1,1,0,0,1,1,1,1,1,5,13,14
54853,0:3:3;0:3:3;1:3:3;1:4:3,4,1,1,1,1,0,1,1,1,1,1,5,13,14
54854,0:3:3;0:3:3;1:3:3;1:4:3,4,2,1,1,1,0,1,1,1,1,1,5,13,14
54855,0:3:3;0:3:3;1:3:3;1:4:3,4,3,1,1,1,0,1,1,1,1,1,5,13,3
54856,0:3:3;0:3:3;1:3:3;1:4:3,4,4,1,1,1,0,1,1,1,1,1,5,13,3
54857,0:3:3;0:3:3;1:3:3;1:4:3,4,5,1,1,1,0,1,1,1,1,1,5,13,3
54858,0:3:3;0:3:3;1:3:3;1:4:3,5,0,1,1,1,0,1,1,1,1,1,5,13,14
54859,0:3:3;0:3:3;1:3:3;1:4:3,5,1,1,1,1,0,1,1,1,1,1,5,13,14
54860,0:3:3;0:3:3;1:3:3;1:4:3,5,2,1,1,1,0,1,1,1,1,1,5,13,14
54861,0:3:3;0:3:3;1:3:3;1:4:3,5,3,1,1,1,0,1,1,1,1,1,5,13,3
54862,0:3:3;0:3:3;1:3:3;1:4:3,5,4,1,1,1,0,1,1,1,1,1,5,13,3
54863,0:3:3;0:3:3;1:3:3;1:4:3,5,5,1,1,1,0,1,1,1,1,1,5,13,3
54864,0:3:3;0:3:3;1:4:3;1:4:3,0,0,1,0,0,1,0,0,0,0,0,1,1,24
54865,0:3:3;0:3:3;1:4:3;1:4:3,0,1,1,0,0,1,0,0,0,0,0,1,3,24
54866,0:3:3;0:3:3;1:4:3;1:4:3,0,2,1,0,0,1,0,0,0,0,0,1,6,24
54867,0:3:3;0:3:3;1:4:3;1:4:3,0,3,1,1,0,0,1,1,1,1,1,5,13,3
54868,0:3:3;0:3:3;1:4:3;1:4:3,0,4,1,1,0,0,1,1,1,1,1,5,13,3
54869,0:3:3;0:3:3;1:4:3;1:4:3,0,5,1,1,1,0,1,1,1,1,1,5,13,3
54870,0:3:3;0:3:3;1:4:3;1:4:3,1,0,1,0,0,1,0,0,0,0,0,1,3,24
54871,0:3:3;0:3:3;1:4:3;1:4:3,1,1,1,0,0,1,0,0,0,0,0,1,9,24
54872,0:3:3;0:3:3;1:4:3;1:4:3,1,2,1,0,0,1,0,0,0,0,0,1,18,24
54873,0:3:3;0:3:3;1:4:3;1:4:3,1,3,1,1,0,0,1,1,1,1,1,5,13,3
54874,0:3:3;0:3:3;1:4:3;1:4:3,1,4,1,1,1,0,1,1,1,1,1,5,13,3
54875,0:3:3;0:3:3;1:4:3;1:4:3,1,5,1,1,1,0,1,1,1,1,1,5,13,3
54876,0:3:3;0:3:3;1:4:3;1:4:3,2,0,1,0,0,1,0,0,0,0,0,1,6,24
54877,0:3:3;0:3:3;1:4:3;1:4:3,2,1,1,0,0,1,0,0,0,0,0,1,18,24
54878,0:3:3;0:3:3;1:4:3;1:4:3,2,2,1,0,0,1,0,0,0,0,0,1,36,24
54879,0:3:3;0:3:3;1:4:3;1:4:3,2,3,1,1,1,0,1,1,1,1,1,5,13,3
54880,0:3:3;0:3:3;1:4:3;1:4:3,2,4,1,1,1,0,1,1,1,1,1,5,13,3
54881,0:3:3;0:3:3;1:4:3;1:4:3,2,5,1,1,1,0,1,1,1,1,1,5,13,3
54882,0:3:3;0:3:3;1:4:3;1:4:3,3,0,1,1,0,0,1,1,1,1,1,5,13,14
54883,0:3:3;0:3:3;1:4:3;1:4:3,3,1,1,1,0,0,1,1,1,1,1,5,13,14
54884,0:3:3;0:3:3;1:4:3;1:4:3,3,2,1,1,1,0,1,1,1,1,1,5,13,13
54885,0:3:3;0:3:3;1:4:3;1:4:3,3,3,1,1,1,0,1,1,1,1,1,5,13,3
54886,0:3:3;0:3:3;1:4:3;1:4:3,3,4,1,1,1,0,1,1,1,1,1,5,13,3
54887,0:3:3;0:3:3;1:4:3;1:4:3,3,5,1,1,1,0,1,1,1,1,1,5,13,3
54888,0:3:3;0:3:3;1:4:3;1:4:3,4,0,1,1,0,0,1,1,1,1,1,5,13,14
54889,0:3:3;0:3:3;1:4:3;1:4:3,4,1,1,1,1,0,1,1,1,1,1,5,13,14
54890,0:3:3;0:3:3;1:4:3;1:4:3,4,2,1,1,1,0,1,1,1,1,1,5,13,13
54891,0:3:3;0:3:3;1:4:3;1:4:3,4,3,1,1,1,0,1,1,1,1,1,5,13,3
54892,0:3:3;0:3:3;1:4:3;1:4:3,4,4,1,1,1,0,1,1,1,1,1,5,13,3
54893,0:3:3;0:3:3;1:4:3;1:4:3,4,5,1,1,1,0,1,1,1,1,1,5,13,3
54894,0:3:3;0:3:3;1:4:3;1:4:3,5,0,1,1,1,0,1,1,1,1,1,5,13,14
54895,0:3:3;0:3:3;1:4:3;1:4:3,5,1,1,1,1,0,1,1,1,1,1,5,13,14
54896,0:3:3;0:3:3;1:4:3;1:4:3,5,2,1,1,1,0,1,1,1,1,1,5,13,13
54897,0:3:3;0:3:3;1:4:3;1:4:3,5,3,1,1,1,0,1,1,1,1,1,5,13,3
54898,0:3:3;0:3:3;1:4:3;1:4:3,5,4,1,1,1,0,1,1,1,1,1,5,13,3
54899,0:3:3;0:3:3;1:4:3;1:4:3,5,5,1,1,1,0,1,1,1,1,1,5,13,3
54900,0:3:3;0:4:3;0:4:3;0:4:3,0,0,0,0,0,1,0,0,0,0,0,0,1,24
54901,0:3:3;0:4:3;0:4:3;0:4:3,0,1,0,0,0,1,0,0,0,0,0,0,5,24
54902,0:3:3;0:4:3;0:4:3;0:4:3,0,2,0,0,0,1,0,0,0,0,0,0,15,24
54903,0:3:3;0:4:3;0:4:3;0:4:3,0,3,0,0,0,1,0,0,0,0,0,0,35,24
54904,0:3:3;0:4:3;0:4:3;0:4:3,0,4,0,0,0,1,0,0,0,0,0,0,66,24
54905,0:3:3;0:4:3;0:4:3;0:4:3,0,5,0,0,0,1,0,0,0,0,0,0,106,24
54906,0:3:3;0:4:3;0:4:3;0:4:3,1,0,0,0,0,1,0,0,0,0,0,0,1,24
54907,0:3:3;0:4:3;0:4:3;0:4:3,1,1,0,0,0,1,0,0,0,0,0,0,5,24
54908,0:3:3;0:4:3;0:4:3;0:4:3,1,2,0,0,0,1,0,0,0,0,0,0,15,24
54909,0:3:3;0:4:3;0:4:3;0:4:3,1,3,0,0,0,1,0,0,0,0,0,0,35,24
54910,0:3:3;0:4:3;0:4:3;0:4:3,1,4,0,0,0,1,0,0,0,0,0,0,66,24
54911,0:3:3;0:4:3;0:4:3;0:4:3,1,5,0,0,0,1,0,0,0,0,0,0,106,24
54912,0:3:3;0:4:3;0:4:3;0:4:3,2,0,0,0,0,1,0,0,0,0,0,0,1,24
54913,0:3:3;0:4:3;0:4:3;0:4:3,2,1,0,0,0,1,0,0,0,0,0,0,5,24
54914,0:3:3;0:4:3;0:4:3;0:4:3,2,2,0,0,0,1,0,0,0,0,0,0,15,24
54915,0:3:3;0:4:3;0:4:3;0:4:3,2,3,0,0,0,1,0,0,0,0,0,0,35,24
54916,0:3:3;0:4:3;0:4:3;0:4:3,2,4,0,0,0,1,0,0,0,0,0,0,66,24
54917,0:3:3;0:4:3;0:4:3;0:4:3,2,5,0,0,0,1,0,0,0,0,0,0,106,24
54918,0:3:3;0:4:3;0:4:3;0:4:3,3,0,0,0,0,1,0,0,0,0,0,0,1,24
54919,0:3:3;0:4:3;0:4:3;0:4:3,3,1,0,0,0,1,0,0,0,0,0,0,5,24
54920,0:3:3;0:4:3;0:4:3;0:4:3,3,2,0,0,0,1,0,0,0,0,0,0,15,24
54921,0:3:3;0:4:3;0:4:3;0:4:3,3,3,0,0,0,1,0,0,0,0,0,0,35,24
54922,0:3:3;0:4:3;0:4:3;0:4:3,3,4,0,0,0,1,0,0,0,0,0,0,66,24
54923,0:3:3;0:4:3;0:4:3;0:4:3,3,5,0,0,0,1,0,0,0,0,0,0,106,24
54924,0:3:3;0:4:3;0:4:3;0:4:3,4,0,0,0,0,1,0,0,0,0,0,0,1,24
54925,0:3:3;0:4:3;0:4:3;0:4:3,4,1,0,0,0,1,0,0,0,0,0,0,5,24
54926,0:3:3;0:4:3;0:4:3;0:4:3,4,2,0,0,0,1,0,0,0,0,0,0,15,24
54927,0:3:3;0:4:3;0:4:3;0:4:3,4,3,0,0,0,1,0,0,0,0,0,0,35,24
54928,0:3:3;0:4:3;0:4:3;0:4:3,4,4,0,0,0,1,0,0,0,0,0,0,66,24
54929,0:3:3;0:4:3;0:4:3;0:4:3,4,5,0,0,0,1,0,0,0,0,0,0,106,24
54930,0:3:3;0:4:3;0:4:3;0:4:3,5,0,0,0,0,1,0,0,0,0,0,0,1,24
54931,0:3:3;0:4:3;0:4:3;0:4:3,5,1,0,0,0,1,0,0,0,0,0,0,5,24
54932,0:3:3;0:4:3;0:4:3;0:4:3,5,2,0,0,0,1,0,0,0,0,0,0,15,24
54933,0:3:3;0:4:3;0:4:3;0:4:3,5,3,0,0,0,1,0,0,0,0,0,0,35,24
54934,0:3:3;0:4:3;0:4:3;0:4:3,5,4,0,0,0,1,0,0,0,0,0,0,66,24
54935,0:3:3;0:4:3;0:4:3;0:4:3,5,5,0,0,0,1,0,0,0,0,0,0,106,24
54936,0:3:3;0:4:3;0:4:3;1:1:1,0,0,0,0,0,1,0,0,0,0,0,0,1,24
54937,0:3:3;0:4:3;0:4:3;1:1:1,0,1,0,0,0,1,0,0,0,0,0,0,4,24
54938,0:3:3;0:4:3;0:4:3;1:1:1,0,2,0,0,0,1,0,0,0,0,0,0,10,24
54939,0:3:3;0:4:3;0:4:3;1:1:1,0,3,0,0,0,1,0,0,0,0,0,0,29,24
54940,0:3:3;0:4:3;0:4:3;1:1:1,0,4,0,0,0,1,0,0,0,0,0,0,50,24
54941,0:3:3;0:4:3;0:4:3;1:1:1,0,5,0,0,0,1,0,0,0,0,0,0,71,24
54942,0:3:3;0:4:3;0:4:3;1:1:1,1,0,0,0,0,1,0,0,0,0,0,0,5,24
54943,0:3:3;0:4:3;0:4:3;1:1:1,1,1,0,0,0,1,0,0,0,0,0,0,14,24
54944,0:3:3;0:4:3;0:4:3;1:1:1,1,2,0,0,0,1,0,0,0,0,0,0,30,24
54945,0:3:3;0:4:3;0:4:3;1:1:1,1,3,0,0,0,1,0,0,0,0,0,0,52,24
54946,0:3:3;0:4:3;0:4:3;1:1:1,1,4,0,0,0,1,0,0,0,0,0,0,76,24
54947,0:3:3;0:4:3;0:4:3;1:1:1,1,5,0,0,0,1,0,0,0,0,0,0,98,24
54948,0:3:3;0:4:3;0:4:3;1:1:1,2,0,0,0,0,1,0,0,0,0,0,0,5,24
54949,0:3:3;0:4:3;0:4:3;1:1:1,2,1,0,0,0,1,0,0,0,0,0,0,14,24
54950,0:3:3;0:4:3;0:4:3;1:1:1,2,2,0,0,0,1,0,0,0,0,0,0,30,24
54951,0:3:3;0:4:3;0:4:3;1:1:1,2,3,0,0,0,1,0,0,0,0,0,0,52,24
54952,0:3:3;0:4:3;0:4:3;1:1:1,2,4,0,0,0,1,0,0,0,0,0,0,76,24
54953,0:3:3;0:4:3;0:4:3;1:1:1,2,5,0,0,0,1,0,0,0,0,0,0,98,24
54954,0:3:3;0:4:3;0:4:3;1:1:1,3,0,0,0,0,1,0,0,0,0,0,0,5,24
54955,0:3:3;0:4:3;0:4:3;1:1:1,3,1,0,0,0,1,0,0,0,0,0,0,14,24
54956,0:3:3;0:4:3;0:4:3;1:1:1,3,2,0,0,0,1,0,0,0,0,0,0,30,24
54957,0:3:3;0:4:3;0:4:3;1:1:1,3,3,0,0,0,1,0,0,0,0,0,0,52,24
54958,0:3:3;0:4:3;0:4:3;1:1:1,3,4,0,0,0,1,0,0,0,0,0,0,76,24
54959,0:3:3;0:4:3;0:4:3;1:1:1,3,5,0,0,0,1,0,0,0,0,0,0,98,24
54960,0:3:3;0:4:3;0:4:3;1:1:1,4,0,0,0,0,1,0,0,0,0,0,0,5,24
54961,0:3:3;0:4:3;0:4:3;1:1:1,4,1,0,0,0,1,0,0,0,0,0,0,14,24
54962,0:3:3;0:4:3;0:4:3;1:1:1,4,2,0,0,0,1,0,0,0,0,0,0,30,24
54963,0:3:3;0:4:3;0:4:3;1:1:1,4,3,0,0,0,1,0,0,0,0,0,0,52,24
54964,0:3:3;0:4:3;0:4:3;1:1:1,4,4,0,0,0,1,0,0,0,0,0,0,76,24
54965,0:3:3;0:4:3;0:4:3;1:1:1,4,5,0,0,0,1,0,0,0,0,0,0,98,24
54966,0:3:3;0:4:3;0:4:3;1:1:1,5,0,0,0,0,1,0,0,0,0,0,0,5,24
54967,0:3:3;0:4:3;0:4:3;1:1:1,5,1,0,0,0,1,0,0,0,0,0,0,14,24
54968,0:3:3;0:4:3;0:4:3;1:1:1,5,2,0,0,0,1,0,0,0,0,0,0,30,24
54969,0:3:3;0:4:3;0:4:3;1:1:1,5,3,0,0,0,1,0,0,0,0,0,0,52,24
54970,0:3:3;0:4:3;0:4:3;1:1:1,5,4,0,0,0,1,0,0,0,0,0,0,76,24
54971,0:3:3;0:4:3;0:4:3;1:1:1,5,5,0,0,0,1,0,0,0,0,0,0,98,24
54972,0:3:3;0:4:3;0:4:3;1:2:1,0,0,0,0,0,1,0,0,0,0,0,0,1,24
54973,0:3:3;0:4:3;0:4:3;1:2:1,0,1,0,0,0,1,0,0,0,0,0,0,4,24
54974,0:3:3;0:4:3;0:4:3;1:2:1,0,2,0,0,0,1,0,0,0,0,0,0,10,24
54975,0:3:3;0:4:3;0:4:3;1:2:1,0,3,0,0,0,1,0,0,0,0,0,0,38,24
54976,0:3:3;0:4:3;0:4:3;1:2:1,0,4,0,0,0,1,0,0,0,0,0,0,59,24
54977,0:3:3;0:4:3;0:4:3;1:2:1,0,5,0,0,0,1,0,0,0,0,0,0,77,24
54978,0:3:3;0:4:3;0:4:3;1:2:1,1,0,0,0,0,1,0,0,0,0,0,0,11,24
54979,0:3:3;0:4:3;0:4:3;1:2:1,1,1,0,0,0,1,0,0,0,0,0,0,24,24
54980,0:3:3;0:4:3;0:4:3;1:2:1,1,2,0,0,0,1,0,0,0,0,0,0,42,24
54981,0:3:3;0:4:3;0:4:3;1:2:1,1,3,0,0,0,1,0,0,0,0,0,0,64,24
54982,0:3:3;0:4:3;0:4:3;1:2:1,1,4,0,0,0,1,0,0,0,0,0,0,86,24
54983,0:3:3;0:4:3;0:4:3;1:2:1,1,5,0,0,0,1,0,0,0,0,0,0,104,24
54984,0:3:3;0:4:3;0:4:3;1:2:1,2,0,0,0,0,1,0,0,0,0,0,0,11,24
54985,0:3:3;0:4:3;0:4:3;1:2:1,2,1,0,0,0,1,0,0,0,0,0,0,24,24
54986,0:3:3;0:4:3;0:4:3;1:2:1,2,2,0,0,0,1,0,0,0,0,0,0,42,24
54987,0:3:3;0:4:3;0:4:3;1:2:1,2,3,0,0,0,1,0,0,0,0,0,0,64,24
54988,0:3:3;0:4:3;0:4:3;1:2:1,2,4,0,0,0,1,0,0,0,0,0,0,86,24
54989,0:3:3;0:4:3;0:4:3;1:2:1,2,5,0,0,0,1,0,0,0,0,0,0,104,24
54990,0:3:3;0:4:3;0:4:3;1:2:1,3,0,0,0,0,1,0,0,0,0,0,0,11,24
54991,0:3:3;0:4:3;0:4:3;1:2:1,3,1,0,0,0,1,0,0,0,0,0,0,24,24
54992,0:3:3;0:4:3;0:4:3;1:2:1,3,2,0,0,0,1,0,0,0,0,0,0,42,24
54993,0:3:3;0:4:3;0:4:3;1:2:1,3,3,0,0,0,1,0,0,0,0,0,0,64,24
54994,0:3:3;0:4:3;0:4:3;1:2:1,3,4,0,0,0,1,0,0,0,0,0,0,86,24
54995,0:3:3;0:4:3;0:4:3;1:2:1,3,5,0,0,0,1,0,0,0,0,0,0,104,24
54996,0:3:3;0:4:3;0:4:3;1:2:1,4,0,0,0,0,1,0,0,0,0,0,0,11,24
54997,0:3:3;0:4:3;0:4:3;1:2:1,4,1,0,0,0,1,0,0,0,0,0,0,24,24
54998,0:3:3;0:4:3;0:4:3;1:2:1,4,2,0,0,0,1,0,0,0,0,0,0,42,24
54999,0:3:3;0:4:3;0:4:3;1:2:1,4,3,0,0,0,1,0,0,0,0,0,0,64,24
55000,0:3:3;0:4:3;0:4:3;1:2:1,4,4,0,0,0,1,0,0,0,0,0,0,86,24
55001,0:3:3;0:4:3;0:4:3;1:2:1,4,5,0,0,0,1,0,0,0,0,0,0,104,24
55002,0:3:3;0:4:3;0:4:3;1:2:1,5,0,0,0,0,1,0,0,0,0,0,0,11,24
55003,0:3:3;0:4:3;0:4:3;1:2:1,5,1,0,0,0,1,0,0,0,0,0,0,24,24
55004,0:3:3;0:4:3;0:4:3;1:2:1,5,2,0,0,0,1,0,0,0,0,0,0,42,24
55005,0:3:3;0:4:3;0:4:3;1:2:1,5,3,0,0,0,1,0,0,0,0,0,0,64,24
55006,0:3:3;0:4:3;0:4:3;1:2:1,5,4,0,0,0,1,0,0,0,0,0,0,86,24
55007,0:3:3;0:4:3;0:4:3;1:2:1,5,5,0,0,0,1,0,0,0,0,0,0,104,24
55008,0:3:3;0:4:3;0:4:3;1:2:2,0,0,0,0,0,1,0,0,0,0,0,0,1,24
55009,0:3:3;0:4:3;0:4:3;1:2:2,0,1,0,0,0,1,0,0,0,0,0,0,4,24
55010,0:3:3;0:4:3;0:4:3;1:2:2,0,2,0,0,0,1,0,0,0,0,0,0,10,24
55011,0:3:3;0:4:3;0:4:3;1:2:2,0,3,0,0,0,1,0,0,0,0,0,0,41,24
55012,0:3:3;0:4:3;0:4:3;1:2:2,0,4,0,0,0,1,0,0,0,0,0,0,68,24
55013,0:3:3;0:4:3;0:4:3;1:2:2,0,5,0,0,0,1,0,0,0,0,0,0,95,24
55014,0:3:3;0:4:3;0:4:3;1:2:2,1,0,0,0,0,1,0,0,0,0,0,0,2,24
55015,0:3:3;0:4:3;0:4:3;1:2:2,1,1,0,0,0,1,0,0,0,0,0,0,8,24
55016,0:3:3;0:4:3;0:4:3;1:2:2,1,2,0,0,0,1,0,0,0,0,0,0,20,24
55017,0:3:3;0:4:3;0:4:3;1:2:2,1,3,0,0,0,1,0,0,0,0,0,0,58,24
55018,0:3:3;0:4:3;0:4:3;1:2:2,1,4,0,0,0,1,0,0,0,0,0,0,91,24
55019,0:3:3;0:4:3;0:4:3;1:2:2,1,5,0,0,0,1,0,0,0,0,0,0,121,24
55020,0:3:3;0:4:3;0:4:3;1:2:2,2,0,0,0,0,1,0,0,0,0,0,0,12,24
55021,0:3:3;0:4:3;0:4:3;1:2:2,2,1,0,0,0,1,0,0,0,0,0,0,28,24
55022,0:3:3;0:4:3;0:4:3;1:2:2,2,2,0,0,0,1,0,0,0,0,0,0,52,24
55023,0:3:3;0:4:3;0:4:3;1:2:2,2,3,0,0,0,1,0,0,0,0,0,0,84,24
55024,0:3:3;0:4:3;0:4:3;1:2:2,2,4,0,0,0,1,0,0,0,0,0,0,118,24
55025,0:3:3;0:4:3;0:4:3;1:2:2,2,5,0,0,0,1,0,0,0,0,0,0,148,24
55026,0:3:3;0:4:3;0:4:3;1:2:2,3,0,0,0,0,1,0,0,0,0,0,0,12,24
55027,0:3:3;0:4:3;0:4:3;1:2:2,3,1,0,0,0,1,0,0,0,0,0,0,28,24
55028,0:3:3;0:4:3;0:4:3;1:2:2,3,2,0,0,0,1,0,0,0,0,0,0,52,24
55029,0:3:3;0:4:3;0:4:3;1:2:2,3,3,0,0,0,1,0,0,0,0,0,0,84,24
55030,0:3:3;0:4:3;0:4:3;1:2:2,3,4,0,0,0,1,0,0,0,0,0,0,118,24
55031,0:3:3;0:4:3;0:4:3;1:2:2,3,5,0,0,0,1,0,0,0,0,0,0,148,24
55032,0:3:3;0:4:3;0:4:3;1:2:2,4,0,0,0,0,1,0,0,0,0,0,0,12,24
55033,0:3:3;0:4:3;0:4:3;1:2:2,4,1,0,0,0,1,0,0,0,0,0,0,28,24
55034,0:3:3;0:4:3;0:4:3;1:2:2,4,2,0,0,0,1,0,0,0,0,0,0,52,24
55035,0:3:3;0:4:3;0:4:3;1:2:2,4,3,0,0,0,1,0,0,0,0,0,0,84,24
55036,0:3:3;0:4:3;0:4:3;1:2:2,4,4,0,0,0,1,0,0,0,0,0,0,118,24
55037,0:3:3;0:4:3;0:4:3;1:2:2,4,5,0,0,0,1,0,0,0,0,0,0,148,24
55038,0:3:3;0:4:3;0:4:3;1:2:2,5,0,0,0,0,1,0,0,0,0,0,0,12,24
55039,0:3:3;0:4:3;0:4:3;1:2:2,5,1,0,0,0,1,0,0,0,0,0,0,28,24
55040,0:3:3;0:4:3;0:4:3;1:2:2,5,2,0,0,0,1,0,0,0,0,0,0,52,24
55041,0:3:3;0:4:3;0:4:3;1:2:2,5,3,0,0,0,1,0,0,0,0,0,0,84,24
55042,0:3:3;0:4:3;0:4:3;1:2:2,5,4,0,0,0,1,0,0,0,0,0,0,118,24
55043,0:3:3;0:4:3;0:4:3;1:2:2,5,5,0,0,0,1,0,0,0,0,0,0,148,24
55044,0:3:3;0:4:3;0:4:3;1:3:2,0,0,0,0,0,1,0,0,0,0,0,0,1,24
55045,0:3:3;0:4:3;0:4:3;1:3:2,0,1,0,0,0,1,0,0,0,0,0,0,4,24
55046,0:3:3;0:4:3;0:4:3;1:3:2,0,2,0,0,0,1,0,0,0,0,0,0,10,24
55047,0:3:3;0:4:3;0:4:3;1:3:2,0,3,0,0,0,1,0,0,0,0,0,0,50,24
55048,0:3:3;0:4:3;0:4:3;1:3:2,0,4,0,0,0,1,0,0,0,0,0,0,74,24
55049,0:3:3;0:4:3;0:4:3;1:3:2,0,5,0,0,0,1,0,0,0,0,0,0,98,24
55050,0:3:3;0:4:3;0:4:3;1:3:2,1,0,0,0,0,1,0,0,0,0,0,0,2,24
55051,0:3:3;0:4:3;0:4:3;1:3:2,1,1,0,0,0,1,0,0,0,0,0,0,8,24
55052,0:3:3;0:4:3;0:4:3;1:3:2,1,2,0,0,0,1,0,0,0,0,0,0,20,24
55053,0:3:3;0:4:3;0:4:3;1:3:2,1,3,0,0,0,1,0,0,0,0,0,0,67,24
55054,0:3:3;0:4:3;0:4:3;1:3:2,1,4,0,0,0,1,0,0,0,0,0,0,97,24
55055,0:3:3;0:4:3;0:4:3;1:3:2,1,5,0,0,0,1,0,0,0,0,0,0,124,24
55056,0:3:3;0:4:3;0:4:3;1:3:2,2,0,0,0,0,1,0,0,0,0,0,0,22,24
55057,0:3:3;0:4:3;0:4:3;1:3:2,2,1,0,0,0,1,0,0,0,0,0,0,40,24
55058,0:3:3;0:4:3;0:4:3;1:3:2,2,2,0,0,0,1,0,0,0,0,0,0,64,24
55059,0:3:3;0:4:3;0:4:3;1:3:2,2,3,0,0,0,1,0,0,0,0,0,0,94,24
55060,0:3:3;0:4:3;0:4:3;1:3:2,2,4,0,0,0,1,0,0,0,0,0,0,124,24
55061,0:3:3;0:4:3;0:4:3;1:3:2,2,5,0,0,0,1,0,0,0,0,0,0,151,24
55062,0:3:3;0:4:3;0:4:3;1:3:2,3,0,0,0,0,1,0,0,0,0,0,0,22,24
55063,0:3:3;0:4:3;0:4:3;1:3:2,3,1,0,0,0,1,0,0,0,0,0,0,40,24
55064,0:3:3;0:4:3;0:4:3;1:3:2,3,2,0,0,0,1,0,0,0,0,0,0,64,24
55065,0:3:3;0:4:3;0:4:3;1:3:2,3,3,0,0,0,1,0,0,0,0,0,0,94,24
55066,0:3:3;0:4:3;0:4:3;1:3:2,3,4,0,0,0,1,0,0,0,0,0,0,124,24
55067,0:3:3;0:4:3;0:4:3;1:3:2,3,5,0,0,0,1,0,0,0,0,0,0,151,24
55068,0:3:3;0:4:3;0:4:3;1:3:2,4,0,0,0,0,1,0,0,0,0,0,0,22,24
55069,0:3:3;0:4:3;0:4:3;1:3:2,4,1,0,0,0,1,0,0,0,0,0,0,40,24
55070,0:3:3;0:4:3;0:4:3;1:3:2,4,2,0,0,0,1,0,0,0,0,0,0,64,24
55071,0:3:3;0:4:3;0:4:3;1:3:2,4,3,0,0,0,1,0,0,0,0,0,0,94,24
55072,0:3:3;0:4:3;0:4:3;1:3:2,4,4,0,0,0,1,0,0,0,0,0,0,124,24
55073,0:3:3;0:4:3;0:4:3;1:3:2,4,5,0,0,0,1,0,0,0,0,0,0,151,24
55074,0:3:3;0:4:3;0:4:3;1:3:2,5,0,0,0,0,1,0,0,0,0,0,0,22,24
55075,0:3:3;0:4:3;0:4:3;1:3:2,5,1,0,0,0,1,0,0,0,0,0,0,40,24
55076,0:3:3;0:4:3;0:4:3;1:3:2,5,2,0,0,0,1,0,0,0,0,0,0,64,24
55077,0:3:3;0:4:3;0:4:3;1:3:2,5,3,0,0,0,1,0,0,0,0,0,0,94,24
55078,0:3:3;0:4:3;0:4:3;1:3:2,5,4,0,0,0,1,0,0,0,0,0,0,124,24
55079,0:3:3;0:4:3;0:4:3;1:3:2,5,5,0,0,0,1,0,0,0,0,0,0,151,24
55080,0:3:3;0:4:3;0:4:3;1:3:3,0,0,0,0,0,1,0,0,0,0,0,0,1,24
55081,0:3:3;0:4:3;0:4:3;1:3:3,0,1,0,0,0,1,0,0,0,0,0,0,4,24
55082,0:3:3;0:4:3;0:4:3;1:3:3,0,2,0,0,0,1,0,0,0,0,0,0,10,24
55083,0:3:3;0:4:3;0:4:3;1:3:3,0,3,0,0,0,1,0,0,0,0,0,0,53,24
55084,0:3:3;0:4:3;0:4:3;1:3:3,0,4,0,0,0,1,0,0,0,0,0,0,83,24
55085,0:3:3;0:4:3;0:4:3;1:3:3,0,5,0,0,0,1,0,0,0,0,0,0,116,24
55086,0:3:3;0:4:3;0:4:3;1:3:3,1,0,0,0,0,1,0,0,0,0,0,0,2,24
55087,0:3:3;0:4:3;0:4:3;1:3:3,1,1,0,0,0,1,0,0,0,0,0,0,8,24
55088,0:3:3;0:4:3;0:4:3;1:3:3,1,2,0,0,0,1,0,0,0,0,0,0,20,24
55089,0:3:3;0:4:3;0:4:3;1:3:3,1,3,0,0,0,1,0,0,0,0,0,0,70,24
55090,0:3:3;0:4:3;0:4:3;1:3:3,1,4,0,0,0,1,0,0,0,0,0,0,106,24
55091,0:3:3;0:4:3;0:4:3;1:3:3,1,5,0,0,0,1,0,0,0,0,0,0,142,24
55092,0:3:3;0:4:3;0:4:3;1:3:3,2,0,0,0,0,1,0,0,0,0,0,0,3,24
55093,0:3:3;0:4:3;0:4:3;1:3:3,2,1,0,0,0,1,0,0,0,0,0,0,12,24
55094,0:3:3;0:4:3;0:4:3;1:3:3,2,2,0,0,0,1,0,0,0,0,0,0,30,24
55095,0:3:3;0:4:3;0:4:3;1:3:3,2,3,0,0,0,1,0,0,0,0,0,0,87,24
55096,0:3:3;0:4:3;0:4:3;1:3:3,2,4,0,0,0,1,0,0,0,0,0,0,129,24
55097,0:3:3;0:4:3;0:4:3;1:3:3,2,5,0,0,0,1,0,0,0,0,0,0,168,24
55098,0:3:3;0:4:3;0:4:3;1:3:3,3,0,0,0,0,1,0,0,0,0,0,0,23,24
55099,0:3:3;0:4:3;0:4:3;1:3:3,3,1,0,0,0,1,0,0,0,0,0,0,44,24
55100,0:3:3;0:4:3;0:4:3;1:3:3,3,2,0,0,0,1,0,0,0,0,0,0,74,24
55101,0:3:3;0:4:3;0:4:3;1:3:3,3,3,0,0,0,1,0,0,0,0,0,0,114,24
55102,0:3:3;0:4:3;0:4:3;1:3:3,3,4,0,0,0,1,0,0,0,0,0,0,156,24
55103,0:3:3;0:4:3;0:4:3;1:3:3,3,5,0,0,0,1,0,0,0,0,0,0,195,24
55104,0:3:3;0:4:3;0:4:3;1:3:3,4,0,0,0,0,1,0,0,0,0,0,0,23,24
55105,0:3:3;0:4:3;0:4:3;1:3:3,4,1,0,0,0,1,0,0,0,0,0,0,44,24
55106,0:3:3;0:4:3;0:4:3;1:3:3,4,2,0,0,0,1,0,0,0,0,0,0,74,24
55107,0:3:3;0:4:3;0:4:3;1:3:3,4,3,0,0,0,1,0,0,0,0,0,0,114,24
55108,0:3:3;0:4:3;0:4:3;1:3:3,4,4,0,0,0,1,0,0,0,0,0,0,156,24
55109,0:3:3;0:4:3;0:4:3;1:3:3,4,5,0,0,0,1,0,0,0,0,0,0,195,24
55110,0:3:3;0:4:3;0:4:3;1:3:3,5,0,0,0,0,1,0,0,0,0,0,0,23,24
55111,0:3:3;0:4:3;0:4:3;1:3:3,5,1,0,0,0,1,0,0,0,0,0,0,44,24
55112,0:3:3;0:4:3;0:4:3;1:3:3,5,2,0,0,0,1,0,0,0,0,0,0,74,24
55113,0:3:3;0:4:3;0:4:3;1:3:3,5,3,0,0,0,1,0,0,0,0,0,0,114,24
55114,0:3:3;0:4:3;0:4:3;1:3:3,5,4,0,0,0,1,0,0,0,0,0,0,156,24
55115,0:3:3;0:4:3;0:4:3;1:3:3,5,5,0,0,0,1,0,0,0,0,0,0,195,24
55116,0:3:3;0:4:3;0:4:3;1:4:3,0,0,0,0,0,1,0,0,0,0,0,0,1,24
55117,0:3:3;0:4:3;0:4:3;1:4:3,0,1,0,0,0,1,0,0,0,0,0,0,4,24
55118,0:3:3;0:4:3;0:4:3;1:4:3,0,2,0,0,0,1,0,0,0,0,0,0,10,24
55119,0:3:3;0:4:3;0:4:3;1:4:3,0,3,0,0,0,1,0,0,0,0,0,0,59,24
55120,0:3:3;0:4:3;0:4:3;1:4:3,0,4,0,0,0,1,0,0,0,0,0,0,86,24
55121,0:3:3;0:4:3;0:4:3;1:4:3,0,5,1,1,1,0,1,1,1,1,1,5,13,5
55122,0:3:3;0:4:3;0:4:3;1:4:3,1,0,0,0,0,1,0,0,0,0,0,0,2,24
55123,0:3:3;0:4:3;0:4:3;1:4:3,1,1,0,0,0,1,0,0,0,0,0,0,8,24
55124,0:3:3;0:4:3;0:4:3;1:4:3,1,2,0,0,0,1,0,0,0,0,0,0,20,24
55125,0:3:3;0:4:3;0:4:3;1:4:3,1,3,0,0,0,1,0,0,0,0,0,0,76,24
55126,0:3:3;0:4:3;0:4:3;1:4:3,1,4,0,0,0,1,0,0,0,0,0,0,109,24
55127,0:3:3;0:4:3;0:4:3;1:4:3,1,5,1,1,1,0,1,1,1,1,1,5,13,5
55128,0:3:3;0:4:3;0:4:3;1:4:3,2,0,0,0,0,1,0,0,0,0,0,0,3,24
55129,0:3:3;0:4:3;0:4:3;1:4:3,2,1,0,0,0,1,0,0,0,0,0,0,12,24
55130,0:3:3;0:4:3;0:4:3;1:4:3,2,2,0,0,0,1,0,0,0,0,0,0,30,24
55131,0:3:3;0:4:3;0:4:3;1:4:3,2,3,0,0,0,1,0,0,0,0,0,0,93,24
55132,0:3:3;0:4:3;0:4:3;1:4:3,2,4,0,0,0,1,0,0,0,0,0,0,132,24
55133,0:3:3;0:4:3;0:4:3;1:4:3,2,5,1,1,1,0,1,1,1,1,1,5,13,5
55134,0:3:3;0:4:3;0:4:3;1:4:3,3,0,0,0,0,1,0,0,0,0,0,0,35,24
55135,0:3:3;0:4:3;0:4:3;1:4:3,3,1,0,0,0,1,0,0,0,0,0,0,56,24
55136,0:3:3;0:4:3;0:4:3;1:4:3,3,2,0,0,0,1,0,0,0,0,0,0,84,24
55137,0:3:3;0:4:3;0:4:3;1:4:3,3,3,0,0,0,1,0,0,0,0,0,0,120,24
55138,0:3:3;0:4:3;0:4:3;1:4:3,3,4,0,0,0,1,0,0,0,0,0,0,159,24
55139,0:3:3;0:4:3;0:4:3;1:4:3,3,5,1,1,1,0,1,1,1,1,1,5,13,5
55140,0:3:3;0:4:3;0:4:3;1:4:3,4,0,0,0,0,1,0,0,0,0,0,0,35,24
55141,0:3:3;0:4:3;0:4:3;1:4:3,4,1,0,0,0,1,0,0,0,0,0,0,56,24
55142,0:3:3;0:4:3;0:4:3;1:4:3,4,2,0,0,0,1,0,0,0,0,0,0,84,24
55143,0:3:3;0:4:3;0:4:3;1:4:3,4,3,0,0,0,1,0,0,0,0,0,0,120,24
55144,0:3:3;0:4:3;0:4:3;1:4:3,4,4,0,0,0,1,0,0,0,0,0,0,159,24
55145,0:3:3;0:4:3;0:4:3;1:4:3,4,5,1,1,1,0,1,1,1,1,1,5,13,5
55146,0:3:3;0:4:3;0:4:3;1:4:3,5,0,0,0,0,1,0,0,0,0,0,0,35,24
55147,0:3:3;0:4:3;0:4:3;1:4:3,5,1,0,0,0,1,0,0,0,0,0,0,56,24
55148,0:3:3;0:4:3;0:4:3;1:4:3,5,2,0,0,0,1,0,0,0,0,0,0,84,24
55149,0:3:3;0:4:3;0:4:3;1:4:3,5,3,0,0,0,1,0,0,0,0,0,0,120,24
55150,0:3:3;0:4:3;0:4:3;1:4:3,5,4,0,0,0,1,0,0,0,0,0,0,159,24
55151,0:3:3;0:4:3;0:4:3;1:4:3,5,5,1,1,1,0,1,1,1,1,1,5,13,5
55152,0:3:3;0:4:3;1:1:1;1:1:1,0,0,0,0,0,1,0,0,0,0,0,0,1,24
55153,0:3:3;0:4:3;1:1:1;1:1:1,0,1,0,0,0,1,0,0,0,0,0,0,3,24
55154,0:3:3;0:4:3;1:1:1;1:1:1,0,2,0,0,0,1,0,0,0,0,0,0,6,24
55155,0:3:3;0:4:3;1:1:1;1:1:1,0,3,0,0,0,1,0,0,0,0,0,0,24,24
55156,0:3:3;0:4:3;1:1:1;1:1:1,0,4,1,1,1,0,1,1,1,1,1,5,9,4
55157,0:3:3;0:4:3;1:1:1;1:1:1,0,5,1,1,1,0,1,1,1,1,1,5,9,3
55158,0:3:3;0:4:3;1:1:1;1:1:1,1,0,0,0,0,1,0,0,0,0,0,0,7,24
55159,0:3:3;0:4:3;1:1:1;1:1:1,1,1,0,0,0,1,0,0,0,0,0,0,15,24
55160,0:3:3;0:4:3;1:1:1;1:1:1,1,2,0,0,0,1,0,0,0,0,0,0,30,24
55161,0:3:3;0:4:3;1:1:1;1:1:1,1,3,0,0,0,1,0,0,0,0,0,0,42,24
55162,0:3:3;0:4:3;1:1:1;1:1:1,1,4,1,1,1,0,1,1,1,1,1,5,9,4
55163,0:3:3;0:4:3;1:1:1;1:1:1,1,5,1,1,1,0,1,1,1,1,1,5,9,3
55164,0:3:3;0:4:3;1:1:1;1:1:1,2,0,0,0,0,1,0,0,0,0,0,0,13,24
55165,0:3:3;0:4:3;1:1:1;1:1:1,2,1,0,0,0,1,0,0,0,0,0,0,25,24
55166,0:3:3;0:4:3;1:1:1;1:1:1,2,2,0,0,0,1,0,0,0,0,0,0,39,24
55167,0:3:3;0:4:3;1:1:1;1:1:1,2,3,0,0,0,1,0,0,0,0,0,0,51,24
55168,0:3:3;0:4:3;1:1:1;1:1:1,2,4,1,1,1,0,1,1,1,1,1,5,9,4
55169,0:3:3;0:4:3;1:1:1;1:1:1,2,5,1,1,1,0,1,1,1,1,1,5,9,3
55170,0:3:3;0:4:3;1:1:1;1:1:1,3,0,0,0,0,1,0,0,0,0,0,0,13,24
55171,0:3:3;0:4:3;1:1:1;1:1:1,3,1,0,0,0,1,0,0,0,0,0,0,25,24
55172,0:3:3;0:4:3;1:1:1;1:1:1,3,2,0,0,0,1,0,0,0,0,0,0,39,24
55173,0:3:3;0:4:3;1:1:1;1:1:1,3,3,0,0,0,1,0,0,0,0,0,0,51,24
55174,0:3:3;0:4:3;1:1:1;1:1:1,3,4,1,1,1,0,1,1,1,1,1,5,9,4
55175,0:3:3;0:4:3;1:1:1;1:1:1,3,5,1,1,1,0,1,1,1,1,1,5,9,3
55176,0:3:3;0:4:3;1:1:1;1:1:1,4,0,0,0,0,1,0,0,0,0,0,0,13,24
55177,0:3:3;0:4:3;1:1:1;1:1:1,4,1,0,0,0,1,0,0,0,0,0,0,25,24
55178,0:3:3;0:4:3;1:1:1;1:1:1,4,2,0,0,0,1,0,0,0,0,0,0,39,24
55179,0:3:3;0:4:3;1:1:1;1:1:1,4,3,0,0,0,1,0,0,0,0,0,0,51,24
55180,0:3:3;0:4:3;1:1:1;1:1:1,4,4,1,1,1,0,1,1,1,1,1,5,9,4
55181,0:3:3;0:4:3;1:1:1;1:1:1,4,5,1,1,1,0,1,1,1,1,1,5,9,3
55182,0:3:3;0:4:3;1:1:1;1:1:1,5,0,0,0,0,1,0,0,0,0,0,0,13,24
55183,0:3:3;0:4:3;1:1:1;1:1:1,5,1,0,0,0,1,0,0,0,0,0,0,25,24
55184,0:3:3;0:4:3;1:1:1;1:1:1,5,2,0,0,0,1,0,0,0,0,0,0,39,24
55185,0:3:3;0:4:3;1:1:1;1:1:1,5,3,0,0,0,1,0,0,0,0,0,0,51,24
55186,0:3:3;0:4:3;1:1:1;1:1:1,5,4,1,1,1,0,1,1,1,1,1,5,9,4
55187,0:3:3;0:4:3;1:1:1;1:1:1,5,5,1,1,1,0,1,1,1,1,1,5,9,3
55188,0:3:3;0:4:3;1:1:1;1:2:1,0,0,0,0,0,1,0,0,0,0,0,0,1,24
55189,0:3:3;0:4:3;1:1:1;1:2:1,0,1,0,0,0,1,0,0,0,0,0,0,3,24
55190,0:3:3;0:4:3;1:1:1;1:2:1,0,2,0,0,0,1,0,0,0,0,0,0,6,24
55191,0:3:3;0:4:3;1:1:1;1:2:1,0,3,1,1,1,0,1,1,1,1,1,5,9,4
55192,0:3:3;0:4:3;1:1:1;1:2:1,0,4,1,1,1,0,1,1,1,1,1,5,9,4
55193,0:3:3;0:4:3;1:1:1;1:2:1,0,5,1,1,1,0,1,1,1,1,1,5,9,3
55194,0:3:3;0:4:3;1:1:1;1:2:1,1,0,0,0,0,1,0,0,0,0,0,0,10,24
55195,0:3:3;0:4:3;1:1:1;1:2:1,1,1,0,0,0,1,0,0,0,0,0,0,23,24
55196,0:3:3;0:4:3;1:1:1;1:2:1,1,2,0,0,0,1,0,0,0,0,0,0,35,24
55197,0:3:3;0:4:3;1:1:1;1:2:1,1,3,1,1,1,0,1,1,1,1,1,5,9,4
55198,0:3:3;0:4:3;1:1:1;1:2:1,1,4,1,1,1,0,1,1,1,1,1,5,9,4
55199,0:3:3;0:4:3;1:1:1;1:2:1,1,5,1,1,1,0,1,1,1,1,1,5,9,3
55200,0:3:3;0:4:3;1:1:1;1:2:1,2,0,0,0,0,1,0,0,0,0,0,0,20,24
55201,0:3:3;0:4:3;1:1:1;1:2:1,2,1,0,0,0,1,0,0,0,0,0,0,32,24
55202,0:3:3;0:4:3;1:1:1;1:2:1,2,2,0,0,0,1,0,0,0,0,0,0,44,24
55203,0:3:3;0:4:3;1:1:1;1:2:1,2,3,1,1,1,0,1,1,1,1,1,5,9,4
55204,0:3:3;0:4:3;1:1:1;1:2:1,2,4,1,1,1,0,1,1,1,1,1,5,9,4
55205,0:3:3;0:4:3;1:1:1;1:2:1,2,5,1,1,1,0,1,1,1,1,1,5,9,3
55206,0:3:3;0:4:3;1:1:1;1:2:1,3,0,0,0,0,1,0,0,0,0,0,0,20,24
55207,0:3:3;0:4:3;1:1:1;1:2:1,3,1,0,0,0,1,0,0,0,0,0,0,32,24
55208,0:3:3;0:4:3;1:1:1;1:2:1,3,2,0,0,0,1,0,0,0,0,0,0,44,24
55209,0:3:3;0:4:3;1:1:1;1:2:1,3,3,1,1,1,0,1,1,1,1,1,5,9,4
55210,0:3:3;0:4:3;1:1:1;1:2:1,3,4,1,1,1,0,1,1,1,1,1,5,9,4
55211,0:3:3;0:4:3;1:1:1;1:2:1,3,5,1,1,1,0,1,1,1,1,1,5,9,3
55212,0:3:3;0:4:3;1:1:1;1:2:1,4,0,0,0,0,1,0,0,0,0,0,0,20,24
55213,0:3:3;0:4:3;1:1:1;1:2:1,4,1,0,0,0,1,0,0,0,0,0,0,32,24
55214,0:3:3;0:4:3;1:1:1;1:2:1,4,2,0,0,0,1,0,0,0,0,0,0,44,24
55215,0:3:3;0:4:3;1:1:1;1:2:1,4,3,1,1,1,0,1,1,1,1,1,5,9,4
55216,0:3:3;0:4:3;1:1:1;1:2:1,4,4,1,1,1,0,1,1,1,1,1,5,9,4
55217,0:3:3;0:4:3;1:1:1;1:2:1,4,5,1,1,1,0,1,1,1,1,1,5,9,3
55218,0:3:3;0:4:3;1:1:1;1:2:1,5,0,0,0,0,1,0,0,0,0,0,0,20,24
55219,0:3:3;0:4:3;1:1:1;1:2:1,5,1,0,0,0,1,0,0,0,0,0,0,32,24
55220,0:3:3;0:4:3;1:1:1;1:2:1,5,2,0,0,0,1,0,0,0,0,0,0,44,24
55221,0:3:3;0:4:3;1:1:1;1:2:1,5,3,1,1,1,0,1,1,1,1,1,5,9,4
55222,0:3:3;0:4:3;1:1:1;1:2:1,5,4,1,1,1,0,1,1,1,1,1,5,9,4
55223,0:3:3;0:4:3;1:1:1;1:2:1,5,5,1,1,1,0,1,1,1,1,1,5,9,3
55224,0:3:3;0:4:3;1:1:1;1:2:2,0,0,0,0,0,1,0,0,0,0,0,0,1,24
55225,0:3:3;0:4:3;1:1:1;1:2:2,0,1,0,0,0,1,0,0,0,0,0,0,3,24
55226,0:3:3;0:4:3;1:1:1;1:2:2,0,2,0,0,0,1,0,0,0,0,0,0,6,24
55227,0:3:3;0:4:3;1:1:1;1:2:2,0,3,1,1,0,0,1,1,1,1,1,5,10,4
55228,0:3:3;0:4:3;1:1:1;1:2:2,0,4,1,1,1,0,1,1,1,1,1,5,10,4
55229,0:3:3;0:4:3;1:1:1;1:2:2,0,5,1,1,1,0,1,1,1,1,1,5,10,3
55230,0:3:3;0:4:3;1:1:1;1:2:2,1,0,0,0,0,1,0,0,0,0,0,0,5,24
55231,0:3:3;0:4:3;1:1:1;1:2:2,1,1,0,0,0,1,0,0,0,0,0,0,12,24
55232,0:3:3;0:4:3;1:1:1;1:2:2,1,2,0,0,0,1,0,0,0,0,0,0,30,24
55233,0:3:3;0:4:3;1:1:1;1:2:2,1,3,1,1,1,0,1,1,1,1,1,5,10,4
55234,0:3:3;0:4:3;1:1:1;1:2:2,1,4,1,1,1,0,1,1,1,1,1,5,10,4
55235,0:3:3;0:4:3;1:1:1;1:2:2,1,5,1,1,1,0,1,1,1,1,1,5,10,3
55236,0:3:3;0:4:3;1:1:1;1:2:2,2,0,0,0,0,1,0,0,0,0,0,0,14,24
55237,0:3:3;0:4:3;1:1:1;1:2:2,2,1,0,0,0,1,0,0,0,0,0,0,32,24
55238,0:3:3;0:4:3;1:1:1;1:2:2,2,2,0,0,0,1,0,0,0,0,0,0,51,24
55239,0:3:3;0:4:3;1:1:1;1:2:2,2,3,1,1,1,0,1,1,1,1,1,5,10,4
55240,0:3:3;0:4:3;1:1:1;1:2:2,2,4,1,1,1,0,1,1,1,1,1,5,10,4
55241,0:3:3;0:4:3;1:1:1;1:2:2,2,5,1,1,1,0,1,1,1,1,1,5,10,3
55242,0:3:3;0:4:3;1:1:1;1:2:2,3,0,0,0,0,1,0,0,0,0,0,0,24,24
55243,0:3:3;0:4:3;1:1:1;1:2:2,3,1,0,0,0,1,0,0,0,0,0,0,41,24
55244,0:3:3;0:4:3;1:1:1;1:2:2,3,2,0,0,0,1,0,0,0,0,0,0,60,24
55245,0:3:3;0:4:3;1:1:1;1:2:2,3,3,1,1,1,0,1,1,1,1,1,5,10,4
55246,0:3:3;0:4:3;1:1:1;1:2:2,3,4,1,1,1,0,1,1,1,1,1,5,10,4
55247,0:3:3;0:4:3;1:1:1;1:2:2,3,5,1,1,1,0,1,1,1,1,1,5,10,3
55248,0:3:3;0:4:3;1:1:1;1:2:2,4,0,0,0,0,1,0,0,0,0,0,0,24,24
55249,0:3:3;0:4:3;1:1:1;1:2:2,4,1,0,0,0,1,0,0,0,0,0,0,41,24
55250,0:3:3;0:4:3;1:1:1;1:2:2,4,2,0,0,0,1,0,0,0,0,0,0,60,24
55251,0:3:3;0:4:3;1:1:1;1:2:2,4,3,1,1,1,0,1,1,1,1,1,5,10,4
55252,0:3:3;0:4:3;1:1:1;1:2:2,4,4,1,1,1,0,1,1,1,1,1,5,10,4
55253,0:3:3;0:4:3;1:1:1;1:2:2,4,5,1,1,1,0,1,1,1,1,1,5,10,3
55254,0:3:3;0:4:3;1:1:1;1:2:2,5,0,0,0,0,1,0,0,0,0,0,0,24,24
55255,0:3:3;0:4:3;1:1:1;1:2:2,5,1,0,0,0,1,0,0,0,0,0,0,41,24
55256,0:3:3;0:4:3;1:1:1;1:2:2,5,2,0,0,0,1,0,0,0,0,0,0,60,24
55257,0:3:3;0:4:3;1:1:1;1:2:2,5,3,1,1,1,0,1,1,1,1,1,5,10,4
55258,0:3:3;0:4:3;1:1:1;1:2:2,5,4,1,1,1,0,1,1,1,1,1,5,10,4
55259,0:3:3;0:4:3;1:1:1;1:2:2,5,5,1,1,1,0,1,1,1,1,1,5,10,3
55260,0:3:3;0:4:3;1:1:1;1:3:2,0,0,0,0,0,1,0,0,0,0,0,0,1,24
55261,0:3:3;0:4:3;1:1:1;1:3:2,0,1,0,0,0,1,0,0,0,0,0,0,3,24
55262,0:3:3;0:4:3;1:1:1;1:3:2,0,2,1,0,0,1,0,0,0,0,0,1,6,24
55263,0:3:3;0:4:3;1:1:1;1:3:2,0,3,1,1,0,0,1,1,1,1,1,5,10,4
55264,0:3:3;0:4:3;1:1:1;1:3:2,0,4,1,1,1,0,1,1,1,1,1,5,10,4
55265,0:3:3;0:4:3;1:1:1;1:3:2,0,5,1,1,1,0,1,1,1,1,1,5,10,3
55266,0:3:3;0:4:3;1:1:1;1:3:2,1,0,0,0,0,1,0,0,0,0,0,0,5,24
55267,0:3:3;0:4:3;1:1:1;1:3:2,1,1,0,0,0,1,0,0,0,0,0,0,12,24
55268,0:3:3;0:4:3;1:1:1;1:3:2,1,2,1,1,0,0,1,1,1,1,1,5,10,14
55269,0:3:3;0:4:3;1:1:1;1:3:2,1,3,1,1,1,0,1,1,1,1,1,5,10,4
55270,0:3:3;0:4:3;1:1:1;1:3:2,1,4,1,1,1,0,1,1,1,1,1,5,10,4
55271,0:3:3;0:4:3;1:1:1;1:3:2,1,5,1,1,1,0,1,1,1,1,1,5,10,3
55272,0:3:3;0:4:3;1:1:1;1:3:2,2,0,0,0,0,1,0,0,0,0,0,0,22,24
55273,0:3:3;0:4:3;1:1:1;1:3:2,2,1,0,0,0,1,0,0,0,0,0,0,37,24
55274,0:3:3;0:4:3;1:1:1;1:3:2,2,2,1,1,1,0,1,1,1,1,1,5,10,14
55275,0:3:3;0:4:3;1:1:1;1:3:2,2,3,1,1,1,0,1,1,1,1,1,5,10,4
55276,0:3:3;0:4:3;1:1:1;1:3:2,2,4,1,1,1,0,1,1,1,1,1,5,10,4
55277,0:3:3;0:4:3;1:1:1;1:3:2,2,5,1,1,1,0,1,1,1,1,1,5,10,3
55278,0:3:3;0:4:3;1:1:1;1:3:2,3,0,0,0,0,1,0,0,0,0,0,0,31,24
55279,0:3:3;0:4:3;1:1:1;1:3:2,3,1,0,0,0,1,0,0,0,0,0,0,46,24
55280,0:3:3;0:4:3;1:1:1;1:3:2,3,2,1,1,1,0,1,1,1,1,1,5,10,14
55281,0:3:3;0:4:3;1:1:1;1:3:2,3,3,1,1,1,0,1,1,1,1,1,5,10,4
55282,0:3:3;0:4:3;1:1:1;1:3:2,3,4,1,1,1,0,1,1,1,1,1,5,10,4
55283,0:3:3;0:4:3;1:1:1;1:3:2,3,5,1,1,1,0,1,1,1,1,1,5,10,3
55284,0:3:3;0:4:3;1:1:1;1:3:2,4,0,0,0,0,1,0,0,0,0,0,0,31,24
55285,0:3:3;0:4:3;1:1:1;1:3:2,4,1,0,0,0,1,0,0,0,0,0,0,46,24
55286,0:3:3;0:4:3;1:1:1;1:3:2,4,2,1,1,1,0,1,1,1,1,1,5,10,14
55287,0:3:3;0:4:3;1:1:1;1:3:2,4,3,1,1,1,0,1,1,1,1,1,5,10,4
55288,0:3:3;0:4:3;1:1:1;1:3:2,4,4,1,1,1,0,1,1,1,1,1,5,10,4
55289,0:3:3;0:4:3;1:1:1;1:3:2,4,5,1,1,1,0,1,1,1,1,1,5,10,3
55290,0:3:3;0:4:3;1:1:1;1:3:2,5,0,0,0,0,1,0,0,0,0,0,0,31,24
55291,0:3:3;0:4:3;1:1:1;1:3:2,5,1,0,0,0,1,0,0,0,0,0,0,46,24
55292,0:3:3;0:4:3;1:1:1;1:3:2,5,2,1,1,1,0,1,1,1,1,1,5,10,14
55293,0:3:3;0:4:3;1:1:1;1:3:2,5,3,1,1,1,0,1,1,1,1,1,5,10,4
55294,0:3:3;0:4:3;1:1:1;1:3:2,5,4,1,1,1,0,1,1,1,1,1,5,10,4
55295,0:3:3;0:4:3;1:1:1;1:3:2,5,5,1,1,1,0,1,1,1,1,1,5,10,3
55296,0:3:3;0:4:3;1:1:1;1:3:3,0,0,0,0,0,1,0,0,0,0,0,0,1,24
55297,0:3:3;0:4:3;1:1:1;1:3:3,0,1,0,0,0,1,0,0,0,0,0,0,3,24
55298,0:3:3;0:4:3;1:1:1;1:3:3,0,2,1,0,0,1,0,0,0,0,0,1,6,24
55299,0:3:3;0:4:3;1:1:1;1:3:3,0,3,1,1,0,1,0,0,1,1,1,6,17,5
55300,0:3:3;0:4:3;1:1:1;1:3:3,0,4,1,1,0,1,0,0,1,1,1,6,17,5
55301,0:3:3;0:4:3;1:1:1;1:3:3,0,5,1,1,1,0,1,1,1,1,1,5,11,3
55302,0:3:3;0:4:3;1:1:1;1:3:3,1,0,0,0,0,1,0,0,0,0,0,0,5,24
55303,0:3:3;0:4:3;1:1:1;1:3:3,1,1,0,0,0,1,0,0,0,0,0,0,12,24
55304,0:3:3;0:4:3;1:1:1;1:3:3,1,2,1,1,0,0,1,1,1,1,1,5,11,14
55305,0:3:3;0:4:3;1:1:1;1:3:3,1,3,1,1,0,0,1,1,1,1,1,5,11,4
55306,0:3:3;0:4:3;1:1:1;1:3:3,1,4,1,1,1,0,1,1,1,1,1,5,11,4
55307,0:3:3;0:4:3;1:1:1;1:3:3,1,5,1,1,1,0,1,1,1,1,1,5,11,3
55308,0:3:3;0:4:3;1:1:1;1:3:3,2,0,0,0,0,1,0,0,0,0,0,0,9,24
55309,0:3:3;0:4:3;1:1:1;1:3:3,2,1,0,0,0,1,0,0,0,0,0,0,21,24
55310,0:3:3;0:4:3;1:1:1;1:3:3,2,2,1,1,0,0,1,1,1,1,1,5,11,14
55311,0:3:3;0:4:3;1:1:1;1:3:3,2,3,1,1,1,0,1,1,1,1,1,5,11,4
55312,0:3:3;0:4:3;1:1:1;1:3:3,2,4,1,1,1,0,1,1,1,1,1,5,11,4
55313,0:3:3;0:4:3;1:1:1;1:3:3,2,5,1,1,1,0,1,1,1,1,1,5,11,3
55314,0:3:3;0:4:3;1:1:1;1:3:3,3,0,0,0,0,1,0,0,0,0,0,0,26,24
55315,0:3:3;0:4:3;1:1:1;1:3:3,3,1,0,0,0,1,0,0,0,0,0,0,46,24
55316,0:3:3;0:4:3;1:1:1;1:3:3,3,2,1,1,1,0,1,1,1,1,1,5,11,14
55317,0:3:3;0:4:3;1:1:1;1:3:3,3,3,1,1,1,0,1,1,1,1,1,5,11,4
55318,0:3:3;0:4:3;1:1:1;1:3:3,3,4,1,1,1,0,1,1,1,1,1,5,11,4
55319,0:3:3;0:4:3;1:1:1;1:3:3,3,5,1,1,1,0,1,1,1,1,1,5,11,3
55320,0:3:3;0:4:3;1:1:1;1:3:3,4,0,0,0,0,1,0,0,0,0,0,0,35,24
55321,0:3:3;0:4:3;1:1:1;1:3:3,4,1,0,0,0,1,0,0,0,0,0,0,55,24
55322,0:3:3;0:4:3;1:1:1;1:3:3,4,2,1,1,1,0,1,1,1,1,1,5,11,14
55323,0:3:3;0:4:3;1:1:1;1:3:3,4,3,1,1,1,0,1,1,1,1,1,5,11,4
55324,0:3:3;0:4:3;1:1:1;1:3:3,4,4,1,1,1,0,1,1,1,1,1,5,11,4
55325,0:3:3;0:4:3;1:1:1;1:3:3,4,5,1,1,1,0,1,1,1,1,1,5,11,3
55326,0:3:3;0:4:3;1:1:1;1:3:3,5,0,0,0,0,1,0,0,0,0,0,0,35,24
55327,0:3:3;0:4:3;1:1:1;1:3:3,5,1,0,0,0,1,0,0,0,0,0,0,55,24
55328,0:3:3;0:4:3;1:1:1;1:3:3,5,2,1,1,1,0,1,1,1,1,1,5,11,14
55329,0:3:3;0:4:3;1:1:1;1:3:3,5,3,1,1,1,0,1,1,1,1,1,5,11,4
55330,0:3:3;0:4:3;1:1:1;1:3:3,5,4,1,1,1,0,1,1,1,1,1,5,11,4
55331,0:3:3;0:4:3;1:1:1;1:3:3,5,5,1,1,1,0,1,1,1,1,1,5,11,3
55332,0:3:3;0:4:3;1:1:1;1:4:3,0,0,0,0,0,1,0,0,0,0,0,0,1,24
55333,0:3:3;0:4:3;1:1:1;1:4:3,0,1,1,0,0,1,0,0,0,0,0,1,3,24
55334,0:3:3;0:4:3;1:1:1;1:4:3,0,2,1,0,0,1,0,0,0,0,0,1,6,24
55335,0:3:3;0:4:3;1:1:1;1:4:3,0,3,1,1,0,1,0,0,1,1,1,6,17,5
55336,0:3:3;0:4:3;1:1:1;1:4:3,0,4,1,1,0,1,0,0,1,1,1,6,17,5
55337,0:3:3;0:4:3;1:1:1;1:4:3,0,5,1,1,1,0,1,1,1,1,1,5,11,3
55338,0:3:3;0:4:3;1:1:1;1:4:3,1,0,0,0,0,1,0,0,0,0,0,0,5,24
55339,0:3:3;0:4:3;1:1:1;1:4:3,1,1,1,0,0,1,0,0,0,0,0,2,12,24
55340,0:3:3;0:4:3;1:1:1;1:4:3,1,2,1,1,0,0,1,1,1,1,1,5,11,14
55341,0:3:3;0:4:3;1:1:1;1:4:3,1,3,1,1,0,0,1,1,1,1,1,5,11,4
55342,0:3:3;0:4:3;1:1:1;1:4:3,1,4,1,1,1,0,1,1,1,1,1,5,11,4
55343,0:3:3;0:4:3;1:1:1;1:4:3,1,5,1,1,1,0,1,1,1,1,1,5,11,3
55344,0:3:3;0:4:3;1:1:1;1:4:3,2,0,0,0,0,1,0,0,0,0,0,0,9,24
55345,0:3:3;0:4:3;1:1:1;1:4:3,2,1,1,0,0,1,0,0,0,0,0,2,21,24
55346,0:3:3;0:4:3;1:1:1;1:4:3,2,2,1,1,0,0,1,1,1,1,1,5,11,14
55347,0:3:3;0:4:3;1:1:1;1:4:3,2,3,1,1,1,0,1,1,1,1,1,5,11,4
55348,0:3:3;0:4:3;1:1:1;1:4:3,2,4,1,1,1,0,1,1,1,1,1,5,11,4
55349,0:3:3;0:4:3;1:1:1;1:4:3,2,5,1,1,1,0,1,1,1,1,1,5,11,3
55350,0:3:3;0:4:3;1:1:1;1:4:3,3,0,0,0,0,1,0,0,0,0,0,0,31,24
55351,0:3:3;0:4:3;1:1:1;1:4:3,3,1,1,1,0,1,0,0,1,1,1,6,20,20
55352,0:3:3;0:4:3;1:1:1;1:4:3,3,2,1,1,1,0,1,1,1,1,1,5,11,14
55353,0:3:3;0:4:3;1:1:1;1:4:3,3,3,1,1,1,0,1,1,1,1,1,5,11,4
55354,0:3:3;0:4:3;1:1:1;1:4:3,3,4,1,1,1,0,1,1,1,1,1,5,11,4
55355,0:3:3;0:4:3;1:1:1;1:4:3,3,5,1,1,1,0,1,1,1,1,1,5,11,3
55356,0:3:3;0:4:3;1:1:1;1:4:3,4,0,0,0,0,1,0,0,0,0,0,0,40,24
55357,0:3:3;0:4:3;1:1:1;1:4:3,4,1,1,1,1,0,1,1,1,1,1,5,11,17
55358,0:3:3;0:4:3;1:1:1;1:4:3,4,2,1,1,1,0,1,1,1,1,1,5,11,14
55359,0:3:3;0:4:3;1:1:1;1:4:3,4,3,1,1,1,0,1,1,1,1,1,5,11,4
55360,0:3:3;0:4:3;1:1:1;1:4:3,4,4,1,1,1,0,1,1,1,1,1,5,11,4
55361,0:3:3;0:4:3;1:1:1;1:4:3,4,5,1,1,1,0,1,1,1,1,1,5,11,3
55362,0:3:3;0:4:3;1:1:1;1:4:3,5,0,0,0,0,1,0,0,0,0,0,0,40,24
55363,0:3:3;0:4:3;1:1:1;1:4:3,5,1,1,1,1,0,1,1,1,1,1,5,11,17
55364,0:3:3;0:4:3;1:1:1;1:4:3,5,2,1,1,1,0,1,1,1,1,1,5,11,14
55365,0:3:3;0:4:3;1:1:1;1:4:3,5,3,1,1,1,0,1,1,1,1,1,5,11,4
55366,0:3:3;0:4:3;1:1:1;1:4:3,5,4,1,1,1,0,1,1,1,1,1,5,11,4
55367,0:3:3;0:4:3;1:1:1;1:4:3,5,5,1,1,1,0,1,1,1,1,1,5,11,3
55368,0:3:3;0:4:3;1:2:1;1:2:1,0,0,0,0,0,1,0,0,0,0,0,0,1,24
55369,0:3:3;0:4:3;1:2:1;1:2:1,0,1,0,0,0,1,0,0,0,0,0,0,3,24
55370,0:3:3;0:4:3;1:2:1;1:2:1,0,2,1,0,0,1,0,0,0,0,0,1,6,24
55371,0:3:3;0:4:3;1:2:1;1:2:1,0,3,1,1,1,0,1,1,1,1,1,5,9,4
55372,0:3:3;0:4:3;1:2:1;1:2:1,0,4,1,1,1,0,1,1,1,1,1,5,9,3
55373,0:3:3;0:4:3;1:2:1;1:2:1,0,5,1,1,1,0,1,1,1,1,1,5,9,3
55374,0:3:3;0:4:3;1:2:1;1:2:1,1,0,0,0,0,1,0,0,0,0,0,0,13,24
55375,0:3:3;0:4:3;1:2:1;1:2:1,1,1,0,0,0,1,0,0,0,0,0,0,29,24
55376,0:3:3;0:4:3;1:2:1;1:2:1,1,2,1,1,1,0,1,1,1,1,1,5,9,14
55377,0:3:3;0:4:3;1:2:1;1:2:1,1,3,1,1,1,0,1,1,1,1,1,5,9,4
55378,0:3:3;0:4:3;1:2:1;1:2:1,1,4,1,1,1,0,1,1,1,1,1,5,9,3
55379,0:3:3;0:4:3;1:2:1;1:2:1,1,5,1,1,1,0,1,1,1,1,1,5,9,3
55380,0:3:3;0:4:3;1:2:1;1:2:1,2,0,0,0,0,1,0,0,0,0,0,0,26,24
55381,0:3:3;0:4:3;1:2:1;1:2:1,2,1,0,0,0,1,0,0,0,0,0,0,38,24
55382,0:3:3;0:4:3;1:2:1;1:2:1,2,2,1,1,1,0,1,1,1,1,1,5,9,14
55383,0:3:3;0:4:3;1:2:1;1:2:1,2,3,1,1,1,0,1,1,1,1,1,5,9,4
55384,0:3:3;0:4:3;1:2:1;1:2:1,2,4,1,1,1,0,1,1,1,1,1,5,9,3
55385,0:3:3;0:4:3;1:2:1;1:2:1,2,5,1,1,1,0,1,1,1,1,1,5,9,3
55386,0:3:3;0:4:3;1:2:1;1:2:1,3,0,0,0,0,1,0,0,0,0,0,0,26,24
55387,0:3:3;0:4:3;1:2:1;1:2:1,3,1,0,0,0,1,0,0,0,0,0,0,38,24
55388,0:3:3;0:4:3;1:2:1;1:2:1,3,2,1,1,1,0,1,1,1,1,1,5,9,14
55389,0:3:3;0:4:3;1:2:1;1:2:1,3,3,1,1,1,0,1,1,1,1,1,5,9,4
55390,0:3:3;0:4:3;1:2:1;1:2:1,3,4,1,1,1,0,1,1,1,1,1,5,9,3
55391,0:3:3;0:4:3;1:2:1;1:2:1,3,5,1,1,1,0,1,1,1,1,1,5,9,3
55392,0:3:3;0:4:3;1:2:1;1:2:1,4,0,0,0,0,1,0,0,0,0,0,0,26,24
55393,0:3:3;0:4:3;1:2:1;1:2:1,4,1,0,0,0,1,0,0,0,0,0,0,38,24
55394,0:3:3;0:4:3;1:2:1;1:2:1,4,2,1,1,1,0,1,1,1,1,1,5,9,14
55395,0:3:3;0:4:3;1:2:1;1:2:1,4,3,1,1,1,0,1,1,1,1,1,5,9,4
55396,0:3:3;0:4:3;1:2:1;1:2:1,4,4,1,1,1,0,1,1,1,1,1,5,9,3
55397,0:3:3;0:4:3;1:2:1;1:2:1,4,5,1,1,1,0,1,1,1,1,1,5,9,3
55398,0:3:3;0:4:3;1:2:1;1:2:1,5,0,0,0,0,1,0,0,0,0,0,0,26,24
55399,0:3:3;0:4:3;1:2:1;1:2:1,5,1,0,0,0,1,0,0,0,0,0,0,38,24
55400,0:3:3;0:4:3;1:2:1;1:2:1,5,2,1,1,1,0,1,1,1,1,1,5,9,14
55401,0:3:3;0:4:3;1:2:1;1:2:1,5,3,1,1,1,0,1,1,1,1,1,5,9,4
55402,0:3:3;0:4:3;1:2:1;1:2:1,5,4,1,1,1,0,1,1,1,1,1,5,9,3
55403,0:3:3;0:4:3;1:2:1;1:2:1,5,5,1,1,1,0,1,1,1,1,1,5,9,3
55404,0:3:3;0:4:3;1:2:1;1:2:2,0,0,0,0,0,1,0,0,0,0,0,0,1,24
55405,0:3:3;0:4:3;1:2:1;1:2:2,0,1,0,0,0,1,0,0,0,0,0,0,3,24
55406,0:3:3;0:4:3;1:2:1;1:2:2,0,2,1,0,0,1,0,0,0,0,0,1,6,24
55407,0:3:3;0:4:3;1:2:1;1:2:2,0,3,1,1,0,0,1,1,1,1,1,5,10,4
55408,0:3:3;0:4:3;1:2:1;1:2:2,0,4,1,1,1,0,1,1,1,1,1,5,10,3
55409,0:3:3;0:4:3;1:2:1;1:2:2,0,5,1,1,1,0,1,1,1,1,1,5,10,3
55410,0:3:3;0:4:3;1:2:1;1:2:2,1,0,0,0,0,1,0,0,0,0,0,0,8,24
55411,0:3:3;0:4:3;1:2:1;1:2:2,1,1,0,0,0,1,0,0,0,0,0,0,24,24
55412,0:3:3;0:4:3;1:2:1;1:2:2,1,2,1,1,0,0,1,1,1,1,1,5,10,14
55413,0:3:3;0:4:3;1:2:1;1:2:2,1,3,1,1,1,0,1,1,1,1,1,5,10,4
55414,0:3:3;0:4:3;1:2:1;1:2:2,1,4,1,1,1,0,1,1,1,1,1,5,10,3
55415,0:3:3;0:4:3;1:2:1;1:2:2,1,5,1,1,1,0,1,1,1,1,1,5,10,3
55416,0:3:3;0:4:3;1:2:1;1:2:2,2,0,0,0,0,1,0,0,0,0,0,0,20,24
55417,0:3:3;0:4:3;1:2:1;1:2:2,2,1,0,0,0,1,0,0,0,0,0,0,42,24
55418,0:3:3;0:4:3;1:2:1;1:2:2,2,2,1,1,1,0,1,1,1,1,1,5,10,14
55419,0:3:3;0:4:3;1:2:1;1:2:2,2,3,1,1,1,0,1,1,1,1,1,5,10,4
55420,0:3:3;0:4:3;1:2:1;1:2:2,2,4,1,1,1,0,1,1,1,1,1,5,10,3
55421,0:3:3;0:4:3;1:2:1;1:2:2,2,5,1,1,1,0,1,1,1,1,1,5,10,3
55422,0:3:3;0:4:3;1:2:1;1:2:2,3,0,0,0,0,1,0,0,0,0,0,0,33,24
55423,0:3:3;0:4:3;1:2:1;1:2:2,3,1,0,0,0,1,0,0,0,0,0,0,51,24
55424,0:3:3;0:4:3;1:2:1;1:2:2,3,2,1,1,1,0,1,1,1,1,1,5,10,14
55425,0:3:3;0:4:3;1:2:1;1:2:2,3,3,1,1,1,0,1,1,1,1,1,5,10,4
55426,0:3:3;0:4:3;1:2:1;1:2:2,3,4,1,1,1,0,1,1,1,1,1,5,10,3
55427,0:3:3;0:4:3;1:2:1;1:2:2,3,5,1,1,1,0,1,1,1,1,1,5,10,3
55428,0:3:3;0:4:3;1:2:1;1:2:2,4,0,0,0,0,1,0,0,0,0,0,0,33,24
55429,0:3:3;0:4:3;1:2:1;1:2:2,4,1,0,0,0,1,0,0,0,0,0,0,51,24
55430,0:3:3;0:4:3;1:2:1;1:2:2,4,2,1,1,1,0,1,1,1,1,1,5,10,14
55431,0:3:3;0:4:3;1:2:1;1:2:2,4,3,1,1,1,0,1,1,1,1,1,5,10,4
55432,0:3:3;0:4:3;1:2:1;1:2:2,4,4,1,1,1,0,1,1,1,1,1,5,10,3
55433,0:3:3;0:4:3;1:2:1;1:2:2,4,5,1,1,1,0,1,1,1,1,1,5,10,3
55434,0:3:3;0:4:3;1:2:1;1:2:2,5,0,0,0,0,1,0,0,0,0,0,0,33,24
55435,0:3:3;0:4:3;1:2:1;1:2:2,5,1,0,0,0,1,0,0,0,0,0,0,51,24
55436,0:3:3;0:4:3;1:2:1;1:2:2,5,2,1,1,1,0,1,1,1,1,1,5,10,14
55437,0:3:3;0:4:3;1:2:1;1:2:2,5,3,1,1,1,0,1,1,1,1,1,5,10,4
55438,0:3:3;0:4:3;1:2:1;1:2:2,5,4,1,1,1,0,1,1,1,1,1,5,10,3
55439,0:3:3;0:4:3;1:2:1;1:2:2,5,5,1,1,1,0,1,1,1,1,1,5,10,3
55440,0:3:3;0:4:3;1:2:1;1:3:2,0,0,0,0,0,1,0,0,0,0,0,0,1,24
55441,0:3:3;0:4:3;1:2:1;1:3:2,0,1,1,0,0,1,0,0,0,0,0,1,3,24
55442,0:3:3;0:4:3;1:2:1;1:3:2,0,2,1,0,0,1,0,0,0,0,0,1,6,24
55443,0:3:3;0:4:3;1:2:1;1:3:2,0,3,1,1,0,0,1,1,1,1,1,5,10,4
55444,0:3:3;0:4:3;1:2:1;1:3:2,0,4,1,1,1,0,1,1,1,1,1,5,10,3
55445,0:3:3;0:4:3;1:2:1;1:3:2,0,5,1,1,1,0,1,1,1,1,1,5,10,3
55446,0:3:3;0:4:3;1:2:1;1:3:2,1,0,0,0,0,1,0,0,0,0,0,0,8,24
55447,0:3:3;0:4:3;1:2:1;1:3:2,1,1,1,1,0,0,1,1,1,1,1,5,10,14
55448,0:3:3;0:4:3;1:2:1;1:3:2,1,2,1,1,0,0,1,1,1,1,1,5,10,14
55449,0:3:3;0:4:3;1:2:1;1:3:2,1,3,1,1,1,0,1,1,1,1,1,5,10,4
55450,0:3:3;0:4:3;1:2:1;1:3:2,1,4,1,1,1,0,1,1,1,1,1,5,10,3
55451,0:3:3;0:4:3;1:2:1;1:3:2,1,5,1,1,1,0,1,1,1,1,1,5,10,3
55452,0:3:3;0:4:3;1:2:1;1:3:2,2,0,0,0,0,1,0,0,0,0,0,0,30,24
55453,0:3:3;0:4:3;1:2:1;1:3:2,2,1,1,1,0,0,1,1,1,1,1,5,10,14
55454,0:3:3;0:4:3;1:2:1;1:3:2,2,2,1,1,1,0,1,1,1,1,1,5,10,14
55455,0:3:3;0:4:3;1:2:1;1:3:2,2,3,1,1,1,0,1,1,1,1,1,5,10,4
55456,0:3:3;0:4:3;1:2:1;1:3:2,2,4,1,1,1,0,1,1,1,1,1,5,10,3
55457,0:3:3;0:4:3;1:2:1;1:3:2,2,5,1,1,1,0,1,1,1,1,1,5,10,3
55458,0:3:3;0:4:3;1:2:1;1:3:2,3,0,0,0,0,1,0,0,0,0,0,0,39,24
55459,0:3:3;0:4:3;1:2:1;1:3:2,3,1,1,1,1,0,1,1,1,1,1,5,10,14
55460,0:3:3;0:4:3;1:2:1;1:3:2,3,2,1,1,1,0,1,1,1,1,1,5,10,14
55461,0:3:3;0:4:3;1:2:1;1:3:2,3,3,1,1,1,0,1,1,1,1,1,5,10,4
55462,0:3:3;0:4:3;1:2:1;1:3:2,3,4,1,1,1,0,1,1,1,1,1,5,10,3
55463,0:3:3;0:4:3;1:2:1;1:3:2,3,5,1,1,1,0,1,1,1,1,1,5,10,3
55464,0:3:3;0:4:3;1:2:1;1:3:2,4,0,0,0,0,1,0,0,0,0,0,0,39,24
55465,0:3:3;0:4:3;1:2:1;1:3:2,4,1,1,1,1,0,1,1,1,1,1,5,10,14
55466,0:3:3;0:4:3;1:2:1;1:3:2,4,2,1,1,1,0,1,1,1,1,1,5,10,14
55467,0:3:3;0:4:3;1:2:1;1:3:2,4,3,1,1,1,0,1,1,1,1,1,5,10,4
55468,0:3:3;0:4:3;1:2:1;1:3:2,4,4,1,1,1,0,1,1,1,1,1,5,10,3
55469,0:3:3;0:4:3;1:2:1;1:3:2,4,5,1,1,1,0,1,1,1,1,1,5,10,3
55470,0:3:3;0:4:3;1:2:1;1:3:2,5,0,0,0,0,1,0,0,0,0,0,0,39,24
55471,0:3:3;0:4:3;1:2:1;1:3:2,5,1,1,1,1,0,1,1,1,1,1,5,10,14
55472,0:3:3;0:4:3;1:2:1;1:3:2,5,2,1,1,1,0,1,1,1,1,1,5,10,14
55473,0:3:3;0:4:3;1:2:1;1:3:2,5,3,1,1,1,0,1,1,1,1,1,5,10,4
55474,0:3:3;0:4:3;1:2:1;1:3:2,5,4,1,1,1,0,1,1,1,1,1,5,10,3
55475,0:3:3;0:4:3;1:2:1;1:3:2,5,5,1,1,1,0,1,1,1,1,1,5,10,3
55476,0:3:3;0:4:3;1:2:1;1:3:3,0,0,0,0,0,1,0,0,0,0,0,0,1,24
55477,0:3:3;0:4:3;1:2:1;1:3:3,0,1,1,0,0,1,0,0,0,0,0,1,3,24
55478,0:3:3;0:4:3;1:2:1;1:3:3,0,2,1,0,0,1,0,0,0,0,0,1,6,24
55479,0:3:3;0:4:3;1:2:1;1:3:3,0,3,1,1,0,1,0,0,1,1,1,6,20,5
55480,0:3:3;0:4:3;1:2:1;1:3:3,0,4,1,1,0,0,1,1,1,1,1,5,11,3
55481,0:3:3;0:4:3;1:2:1;1:3:3,0,5,1,1,1,0,1,1,1,1,1,5,11,3
55482,0:3:3;0:4:3;1:2:1;1:3:3,1,0,0,0,0,1,0,0,0,0,0,0,8,24
55483,0:3:3;0:4:3;1:2:1;1:3:3,1,1,1,1,0,0,1,1,1,1,1,5,11,14
55484,0:3:3;0:4:3;1:2:1;1:3:3,1,2,1,1,0,0,1,1,1,1,1,5,11,14
55485,0:3:3;0:4:3;1:2:1;1:3:3,1,3,1,1,0,0,1,1,1,1,1,5,11,4
55486,0:3:3;0:4:3;1:2:1;1:3:3,1,4,1,1,1,0,1,1,1,1,1,5,11,3
55487,0:3:3;0:4:3;1:2:1;1:3:3,1,5,1,1,1,0,1,1,1,1,1,5,11,3
55488,0:3:3;0:4:3;1:2:1;1:3:3,2,0,0,0,0,1,0,0,0,0,0,0,15,24
55489,0:3:3;0:4:3;1:2:1;1:3:3,2,1,1,1,0,0,1,1,1,1,1,5,11,14
55490,0:3:3;0:4:3;1:2:1;1:3:3,2,2,1,1,0,0,1,1,1,1,1,5,11,14
55491,0:3:3;0:4:3;1:2:1;1:3:3,2,3,1,1,1,0,1,1,1,1,1,5,11,4
55492,0:3:3;0:4:3;1:2:1;1:3:3,2,4,1,1,1,0,1,1,1,1,1,5,11,3
55493,0:3:3;0:4:3;1:2:1;1:3:3,2,5,1,1,1,0,1,1,1,1,1,5,11,3
55494,0:3:3;0:4:3;1:2:1;1:3:3,3,0,0,0,0,1,0,0,0,0,0,0,37,24
55495,0:3:3;0:4:3;1:2:1;1:3:3,3,1,1,1,0,0,1,1,1,1,1,5,11,14
55496,0:3:3;0:4:3;1:2:1;1:3:3,3,2,1,1,1,0,1,1,1,1,1,5,11,14
55497,0:3:3;0:4:3;1:2:1;1:3:3,3,3,1,1,1,0,1,1,1,1,1,5,11,4
55498,0:3:3;0:4:3;1:2:1;1:3:3,3,4,1,1,1,0,1,1,1,1,1,5,11,3
55499,0:3:3;0:4:3;1:2:1;1:3:3,3,5,1,1,1,0,1,1,1,1,1,5,11,3
55500,0:3:3;0:4:3;1:2:1;1:3:3,4,0,0,0,0,1,0,0,0,0,0,0,46,24
55501,0:3:3;0:4:3;1:2:1;1:3:3,4,1,1,1,1,0,1,1,1,1,1,5,11,14
55502,0:3:3;0:4:3;1:2:1;1:3:3,4,2,1,1,1,0,1,1,1,1,1,5,11,14
55503,0:3:3;0:4:3;1:2:1;1:3:3,4,3,1,1,1,0,1,1,1,1,1,5,11,4
55504,0:3:3;0:4:3;1:2:1;1:3:3,4,4,1,1,1,0,1,1,1,1,1,5,11,3
55505,0:3:3;0:4:3;1:2:1;1:3:3,4,5,1,1,1,0,1,1,1,1,1,5,11,3
55506,0:3:3;0:4:3;1:2:1;1:3:3,5,0,0,0,0,1,0,0,0,0,0,0,46,24
55507,0:3:3;0:4:3;1:2:1;1:3:3,5,1,1,1,1,0,1,1,1,1,1,5,11,14
55508,0:3:3;0:4:3;1:2:1;1:3:3,5,2,1,1,1,0,1,1,1,1,1,5,11,14
55509,0:3:3;0:4:3;1:2:1;1:3:3,5,3,1,1,1,0,1,1,1,1,1,5,11,4
55510,0:3:3;0:4:3;1:2:1;1:3:3,5,4,1,1,1,0,1,1,1,1,1,5,11,3
55511,0:3:3;0:4:3;1:2:1;1:3:3,5,5,1,1,1,0,1,1,1,1,1,5,11,3
55512,0:3:3;0:4:3;1:2:1;1:4:3,0,0,1,0,0,1,0,0,0,0,0,1,1,24
55513,0:3:3;0:4:3;1:2:1;1:4:3,0,1,1,0,0,1,0,0,0,0,0,1,3,24
55514,0:3:3;0:4:3;1:2:1;1:4:3,0,2,1,0,0,1,0,0,0,0,0,1,6,24
55515,0:3:3;0:4:3;1:2:1;1:4:3,0,3,1,1,0,1,0,0,1,1,1,6,20,5
55516,0:3:3;0:4:3;1:2:1;1:4:3,0,4,1,1,0,0,1,1,1,1,1,5,11,3
55517,0:3:3;0:4:3;1:2:1;1:4:3,0,5,1,1,1,0,1,1,1,1,1,5,11,3
55518,0:3:3;0:4:3;1:2:1;1:4:3,1,0,1,0,0,1,0,0,0,0,0,2,8,24
55519,0:3:3;0:4:3;1:2:1;1:4:3,1,1,1,1,0,0,1,1,1,1,1,5,11,14
55520,0:3:3;0:4:3;1:2:1;1:4:3,1,2,1,1,0,0,1,1,1,1,1,5,11,14
55521,0:3:3;0:4:3;1:2:1;1:4:3,1,3,1,1,0,0,1,1,1,1,1,5,11,4
55522,0:3:3;0:4:3;1:2:1;1:4:3,1,4,1,1,1,0,1,1,1,1,1,5,11,3
55523,0:3:3;0:4:3;1:2:1;1:4:3,1,5,1,1,1,0,1,1,1,1,1,5,11,3
55524,0:3:3;0:4:3;1:2:1;1:4:3,2,0,1,0,0,1,0,0,0,0,0,2,15,24
55525,0:3:3;0:4:3;1:2:1;1:4:3,2,1,1,1,0,0,1,1,1,1,1,5,11,14
55526,0:3:3;0:4:3;1:2:1;1:4:3,2,2,1,1,0,0,1,1,1,1,1,5,11,14
55527,0:3:3;0:4:3;1:2:1;1:4:3,2,3,1,1,1,0,1,1,1,1,1,5,11,4
55528,0:3:3;0:4:3;1:2:1;1:4:3,2,4,1,1,1,0,1,1,1,1,1,5,11,3
55529,0:3:3;0:4:3;1:2:1;1:4:3,2,5,1,1,1,0,1,1,1,1,1,5,11,3
55530,0:3:3;0:4:3;1:2:1;1:4:3,3,0,1,1,0,1,0,0,1,0,1,6,29,20
55531,0:3:3;0:4:3;1:2:1;1:4:3,3,1,1,1,0,0,1,1,1,1,1,5,11,14
55532,0:3:3;0:4:3;1:2:1;1:4:3,3,2,1,1,1,0,1,1,1,1,1,5,11,14
55533,0:3:3;0:4:3;1:2:1;1:4:3,3,3,1,1,1,0,1,1,1,1,1,5,11,4
55534,0:3:3;0:4:3;1:2:1;1:4:3,3,4,1,1,1,0,1,1,1,1,1,5,11,3
55535,0:3:3;0:4:3;1:2:1;1:4:3,3,5,1,1,1,0,1,1,1,1,1,5,11,3
55536,0:3:3;0:4:3;1:2:1;1:4:3,4,0,1,1,0,0,1,1,1,1,1,5,11,17
55537,0:3:3;0:4:3;1:2:1;1:4:3,4,1,1,1,1,0,1,1,1,1,1,5,11,14
55538,0:3:3;0:4:3;1:2:1;1:4:3,4,2,1,1,1,0,1,1,1,1,1,5,11,14
55539,0:3:3;0:4:3;1:2:1;1:4:3,4,3,1,1,1,0,1,1,1,1,1,5,11,4
55540,0:3:3;0:4:3;1:2:1;1:4:3,4,4,1,1,1,0,1,1,1,1,1,5,11,3
55541,0:3:3;0:4:3;1:2:1;1:4:3,4,5,1,1,1,0,1,1,1,1,1,5,11,3
55542,0:3:3;0:4:3;1:2:1;1:4:3,5,0,1,1,1,0,1,1,1,1,1,5,11,17
55543,0:3:3;0:4:3;1:2:1;1:4:3,5,1,1,1,1,0,1,1,1,1,1,5,11,14
55544,0:3:3;0:4:3;1:2:1;1:4:3,5,2,1,1,1,0,1,1,1,1,1,5,11,14
55545,0:3:3;0:4:3;1:2:1;1:4:3,5,3,1,1,1,0,1,1,1,1,1,5,11,4
55546,0:3:3;0:4:3;1:2:1;1:4:3,5,4,1,1,1,0,1,1,1,1,1,5,11,3
55547,0:3:3;0:4:3;1:2:1;1:4:3,5,5,1,1,1,0,1,1,1,1,1,5,11,3
55548,0:3:3;0:4:3;1:2:2;1:2:2,0,0,0,0,0,1,0,0,0,0,0,0,1,24
55549,0:3:3;0:4:3;1:2:2;1:2:2,0,1,0,0,0,1,0,0,0,0,0,0,3,24
55550,0:3:3;0:4:3;1:2:2;1:2:2,0,2,1,0,0,1,0,0,0,0,0,1,6,24
55551,0:3:3;0:4:3;1:2:2;1:2:2,0,3,1,1,0,1,0,0,0,1,1,8,32,10
55552,0:3:3;0:4:3;1:2:2;1:2:2,0,4,1,1,1,0,1,1,1,1,1,5,11,3
55553,0:3:3;0:4:3;1:2:2;1:2:2,0,5,1,1,1,0,1,1,1,1,1,5,11,3
55554,0:3:3;0:4:3;1:2:2;1:2:2,1,0,0,0,0,1,0,0,0,0,0,0,3,24
55555,0:3:3;0:4:3;1:2:2;1:2:2,1,1,0,0,0,1,0,0,0,0,0,0,9,24
55556,0:3:3;0:4:3;1:2:2;1:2:2,1,2,1,0,0,1,0,0,0,0,0,1,18,24
55557,0:3:3;0:4:3;1:2:2;1:2:2,1,3,1,1,1,0,1,1,1,1,1,5,11,4
55558,0:3:3;0:4:3;1:2:2;1:2:2,1,4,1,1,1,0,1,1,1,1,1,5,11,3
55559,0:3:3;0:4:3;1:2:2;1:2:2,1,5,1,1,1,0,1,1,1,1,1,5,11,3
55560,0:3:3;0:4:3;1:2:2;1:2:2,2,0,0,0,0,1,0,0,0,0,0,0,16,24
55561,0:3:3;0:4:3;1:2:2;1:2:2,2,1,0,0,0,1,0,0,0,0,0,0,42,24
55562,0:3:3;0:4:3;1:2:2;1:2:2,2,2,1,1,1,0,1,1,1,1,1,5,11,14
55563,0:3:3;0:4:3;1:2:2;1:2:2,2,3,1,1,1,0,1,1,1,1,1,5,11,4
55564,0:3:3;0:4:3;1:2:2;1:2:2,2,4,1,1,1,0,1,1,1,1,1,5,11,3
55565,0:3:3;0:4:3;1:2:2;1:2:2,2,5,1,1,1,0,1,1,1,1,1,5,11,3
55566,0:3:3;0:4:3;1:2:2;1:2:2,3,0,0,0,0,1,0,0,0,0,0,0,28,24
55567,0:3:3;0:4:3;1:2:2;1:2:2,3,1,0,0,0,1,0,0,0,0,0,0,58,24
55568,0:3:3;0:4:3;1:2:2;1:2:2,3,2,1,1,1,0,1,1,1,1,1,5,11,14
55569,0:3:3;0:4:3;1:2:2;1:2:2,3,3,1,1,1,0,1,1,1,1,1,5,11,4
55570,0:3:3;0:4:3;1:2:2;1:2:2,3,4,1,1,1,0,1,1,1,1,1,5,11,3
55571,0:3:3;0:4:3;1:2:2;1:2:2,3,5,1,1,1,0,1,1,1,1,1,5,11,3
55572,0:3:3;0:4:3;1:2:2;1:2:2,4,0,0,0,0,1,0,0,0,0,0,0,41,24
55573,0:3:3;0:4:3;1:2:2;1:2:2,4,1,0,0,0,1,0,0,0,0,0,0,67,24
55574,0:3:3;0:4:3;1:2:2;1:2:2,4,2,1,1,1,0,1,1,1,1,1,5,11,14
55575,0:3:3;0:4:3;1:2:2;1:2:2,4,3,1,1,1,0,1,1,1,1,1,5,11,4
55576,0:3:3;0:4:3;1:2:2;1:2:2,4,4,1,1,1,0,1,1,1,1,1,5,11,3
55577,0:3:3;0:4:3;1:2:2;1:2:2,4,5,1,1,1,0,1,1,1,1,1,5,11,3
55578,0:3:3;0:4:3;1:2:2;1:2:2,5,0,0,0,0,1,0,0,0,0,0,0,41,24
55579,0:3:3;0:4:3;1:2:2;1:2:2,5,1,0,0,0,1,0,0,0,0,0,0,67,24
55580,0:3:3;0:4:3;1:2:2;1:2:2,5,2,1,1,1,0,1,1,1,1,1,5,11,14
55581,0:3:3;0:4:3;1:2:2;1:2:2,5,3,1,1,1,0,1,1,1,1,1,5,11,4
55582,0:3:3;0:4:3;1:2:2;1:2:2,5,4,1,1,1,0,1,1,1,1,1,5,11,3
55583,0:3:3;0:4:3;1:2:2;1:2:2,5,5,1,1,1,0,1,1,1,1,1,5,11,3
55584,0:3:3;0:4:3;1:2:2;1:3:2,0,0,0,0,0,1,0,0,0,0,0,0,1,24
55585,0:3:3;0:4:3;1:2:2;1:3:2,0,1,1,0,0,1,0,0,0,0,0,1,3,24
55586,0:3:3;0:4:3;1:2:2;1:3:2,0,2,1,0,0,1,0,0,0,0,0,1,6,24
55587,0:3:3;0:4:3;1:2:2;1:3:2,0,3,1,1,0,1,0,0,0,1,1,6,17,5
55588,0:3:3;0:4:3;1:2:2;1:3:2,0,4,1,1,1,0,1,1,1,1,1,5,11,3
55589,0:3:3;0:4:3;1:2:2;1:3:2,0,5,1,1,1,0,1,1,1,1,1,5,11,3
55590,0:3:3;0:4:3;1:2:2;1:3:2,1,0,0,0,0,1,0,0,0,0,0,0,3,24
55591,0:3:3;0:4:3;1:2:2;1:3:2,1,1,1,0,0,1,0,0,0,0,0,1,9,24
55592,0:3:3;0:4:3;1:2:2;1:3:2,1,2,1,0,0,1,0,0,0,0,0,1,18,24
55593,0:3:3;0:4:3;1:2:2;1:3:2,1,3,1,1,1,0,1,1,1,1,1,5,11,4
55594,0:3:3;0:4:3;1:2:2;1:3:2,1,4,1,1,1,0,1,1,1,1,1,5,11,3
55595,0:3:3;0:4:3;1:2:2;1:3:2,1,5,1,1,1,0,1,1,1,1,1,5,11,3
55596,0:3:3;0:4:3;1:2:2;1:3:2,2,0,0,0,0,1,0,0,0,0,0,0,28,24
55597,0:3:3;0:4:3;1:2:2;1:3:2,2,1,1,1,0,0,1,1,1,1,1,5,11,14
55598,0:3:3;0:4:3;1:2:2;1:3:2,2,2,1,1,1,0,1,1,1,1,1,5,11,14
55599,0:3:3;0:4:3;1:2:2;1:3:2,2,3,1,1,1,0,1,1,1,1,1,5,11,4
55600,0:3:3;0:4:3;1:2:2;1:3:2,2,4,1,1,1,0,1,1,1,1,1,5,11,3
55601,0:3:3;0:4:3;1:2:2;1:3:2,2,5,1,1,1,0,1,1,1,1,1,5,11,3
55602,0:3:3;0:4:3;1:2:2;1:3:2,3,0,0,0,0,1,0,0,0,0,0,0,42,24
55603,0:3:3;0:4:3;1:2:2;1:3:2,3,1,1,1,1,0,1,1,1,1,1,5,11,14
55604,0:3:3;0:4:3;1:2:2;1:3:2,3,2,1,1,1,0,1,1,1,1,1,5,11,14
55605,0:3:3;0:4:3;1:2:2;1:3:2,3,3,1,1,1,0,1,1,1,1,1,5,11,4
55606,0:3:3;0:4:3;1:2:2;1:3:2,3,4,1,1,1,0,1,1,1,1,1,5,11,3
55607,0:3:3;0:4:3;1:2:2;1:3:2,3,5,1,1,1,0,1,1,1,1,1,5,11,3
55608,0:3:3;0:4:3;1:2:2;1:3:2,4,0,0,0,0,1,0,0,0,0,0,0,51,24
55609,0:3:3;0:4:3;1:2:2;1:3:2,4,1,1,1,1,0,1,1,1,1,1,5,11,14
55610,0:3:3;0:4:3;1:2:2;1:3:2,4,2,1,1,1,0,1,1,1,1,1,5,11,14
55611,0:3:3;0:4:3;1:2:2;1:3:2,4,3,1,1,1,0,1,1,1,1,1,5,11,4
55612,0:3:3;0:4:3;1:2:2;1:3:2,4,4,1,1,1,0,1,1,1,1,1,5,11,3
55613,0:3:3;0:4:3;1:2:2;1:3:2,4,5,1,1,1,0,1,1,1,1,1,5,11,3
55614,0:3:3;0:4:3;1:2:2;1:3:2,5,0,0,0,0,1,0,0,0,0,0,0,51,24
55615,0:3:3;0:4:3;1:2:2;1:3:2,5,1,1,1,1,0,1,1,1,1,1,5,11,14
55616,0:3:3;0:4:3;1:2:2;1:3:2,5,2,1,1,1,0,1,1,1,1,1,5,11,14
55617,0:3:3;0:4:3;1:2:2;1:3:2,5,3,1,1,1,0,1,1,1,1,1,5,11,4
55618,0:3:3;0:4:3;1:2:2;1:3:2,5,4,1,1,1,0,1,1,1,1,1,5,11,3
55619,0:3:3;0:4:3;1:2:2;1:3:2,5,5,1,1,1,0,1,1,1,1,1,5,11,3
55620,0:3:3;0:4:3;1:2:2;1:3:3,0,0,0,0,0,1,0,0,0,0,0,0,1,24
55621,0:3:3;0:4:3;1:2:2;1:3:3,0,1,1,0,0,1,0,0,0,0,0,1,3,24
55622,0:3:3;0:4:3;1:2:2;1:3:3,0,2,1,0,0,1,0,0,0,0,0,1,6,24
55623,0:3:3;0:4:3;1:2:2;1:3:3,0,3,1,1,0,1,0,0,1,0,1,6,21,5
55624,0:3:3;0:4:3;1:2:2;1:3:3,0,4,1,1,0,0,1,1,1,1,1,5,12,3
55625,0:3:3;0:4:3;1:2:2;1:3:3,0,5,1,1,1,0,1,1,1,1,1,5,12,3
55626,0:3:3;0:4:3;1:2:2;1:3:3,1,0,0,0,0,1,0,0,0,0,0,0,3,24
55627,0:3:3;0:4:3;1:2:2;1:3:3,1,1,1,0,0,1,0,0,0,0,0,1,9,24
55628,0:3:3;0:4:3;1:2:2;1:3:3,1,2,1,0,0,1,0,0,0,0,0,1,18,24
55629,0:3:3;0:4:3;1:2:2;1:3:3,1,3,1,1,0,1,0,0,1,1,1,6,21,5
55630,0:3:3;0:4:3;1:2:2;1:3:3,1,4,1,1,1,0,1,1,1,1,1,5,12,3
55631,0:3:3;0:4:3;1:2:2;1:3:3,1,5,1,1,1,0,1,1,1,1,1,5,12,3
55632,0:3:3;0:4:3;1:2:2;1:3:3,2,0,0,0,0,1,0,0,0,0,0,0,11,24
55633,0:3:3;0:4:3;1:2:2;1:3:3,2,1,1,1,0,0,1,1,1,1,1,5,12,14
55634,0:3:3;0:4:3;1:2:2;1:3:3,2,2,1,1,0,0,1,1,1,1,1,5,12,14
55635,0:3:3;0:4:3;1:2:2;1:3:3,2,3,1,1,1,0,1,1,1,1,1,5,12,4
55636,0:3:3;0:4:3;1:2:2;1:3:3,2,4,1,1,1,0,1,1,1,1,1,5,12,3
55637,0:3:3;0:4:3;1:2:2;1:3:3,2,5,1,1,1,0,1,1,1,1,1,5,12,3
55638,0:3:3;0:4:3;1:2:2;1:3:3,3,0,0,0,0,1,0,0,0,0,0,0,36,24
55639,0:3:3;0:4:3;1:2:2;1:3:3,3,1,1,1,0,0,1,1,1,1,1,5,12,14
55640,0:3:3;0:4:3;1:2:2;1:3:3,3,2,1,1,1,0,1,1,1,1,1,5,12,14
55641,0:3:3;0:4:3;1:2:2;1:3:3,3,3,1,1,1,0,1,1,1,1,1,5,12,4
55642,0:3:3;0:4:3;1:2:2;1:3:3,3,4,1,1,1,0,1,1,1,1,1,5,12,3
55643,0:3:3;0:4:3;1:2:2;1:3:3,3,5,1,1,1,0,1,1,1,1,1,5,12,3
55644,0:3:3;0:4:3;1:2:2;1:3:3,4,0,0,0,0,1,0,0,0,0,0,0,50,24
55645,0:3:3;0:4:3;1:2:2;1:3:3,4,1,1,1,1,0,1,1,1,1,1,5,12,14
55646,0:3:3;0:4:3;1:2:2;1:3:3,4,2,1,1,1,0,1,1,1,1,1,5,12,14
55647,0:3:3;0:4:3;1:2:2;1:3:3,4,3,1,1,1,0,1,1,1,1,1,5,12,4
55648,0:3:3;0:4:3;1:2:2;1:3:3,4,4,1,1,1,0,1,1,1,1,1,5,12,3
55649,0:3:3;0:4:3;1:2:2;1:3:3,4,5,1,1,1,0,1,1,1,1,1,5,12,3
55650,0:3:3;0:4:3;1:2:2;1:3:3,5,0,0,0,0,1,0,0,0,0,0,0,59,24
55651,0:3:3;0:4:3;1:2:2;1:3:3,5,1,1,1,1,0,1,1,1,1,1,5,12,14
55652,0:3:3;0:4:3;1:2:2;1:3:3,5,2,1,1,1,0,1,1,1,1,1,5,12,14
55653,0:3:3;0:4:3;1:2:2;1:3:3,5,3,1,1,1,0,1,1,1,1,1,5,12,4
55654,0:3:3;0:4:3;1:2:2;1:3:3,5,4,1,1,1,0,1,1,1,1,1,5,12,3
55655,0:3:3;0:4:3;1:2:2;1:3:3,5,5,1,1,1,0,1,1,1,1,1,5,12,3
55656,0:3:3;0:4:3;1:2:2;1:4:3,0,0,1,0,0,1,0,0,0,0,0,1,1,24
55657,0:3:3;0:4:3;1:2:2;1:4:3,0,1,1,0,0,1,0,0,0,0,0,1,3,24
55658,0:3:3;0:4:3;1:2:2;1:4:3,0,2,1,0,0,1,0,0,0,0,0,1,6,24
55659,0:3:3;0:4:3;1:2:2;1:4:3,0,3,1,1,0,1,0,0,1,1,1,6,21,5
55660,0:3:3;0:4:3;1:2:2;1:4:3,0,4,1,1,0,0,1,1,1,1,1,5,12,3
55661,0:3:3;0:4:3;1:2:2;1:4:3,0,5,1,1,1,0,1,1,1,1,1,5,12,3
55662,0:3:3;0:4:3;1:2:2;1:4:3,1,0,1,0,0,1,0,0,0,0,0,1,3,24
55663,0:3:3;0:4:3;1:2:2;1:4:3,1,1,1,0,0,1,0,0,0,0,0,1,9,24
55664,0:3:3;0:4:3;1:2:2;1:4:3,1,2,1,0,0,1,0,0,0,0,0,1,18,24
55665,0:3:3;0:4:3;1:2:2;1:4:3,1,3,1,1,0,1,0,0,1,1,1,6,21,5
55666,0:3:3;0:4:3;1:2:2;1:4:3,1,4,1,1,1,0,1,1,1,1,1,5,12,3
55667,0:3:3;0:4:3;1:2:2;1:4:3,1,5,1,1,1,0,1,1,1,1,1,5,12,3
55668,0:3:3;0:4:3;1:2:2;1:4:3,2,0,1,0,0,1,0,0,0,0,0,2,11,24
55669,0:3:3;0:4:3;1:2:2;1:4:3,2,1,1,1,0,0,1,1,1,1,1,5,12,14
55670,0:3:3;0:4:3;1:2:2;1:4:3,2,2,1,1,0,0,1,1,1,1,1,5,12,14
55671,0:3:3;0:4:3;1:2:2;1:4:3,2,3,1,1,1,0,1,1,1,1,1,5,12,4
55672,0:3:3;0:4:3;1:2:2;1:4:3,2,4,1,1,1,0,1,1,1,1,1,5,12,3
55673,0:3:3;0:4:3;1:2:2;1:4:3,2,5,1,1,1,0,1,1,1,1,1,5,12,3
55674,0:3:3;0:4:3;1:2:2;1:4:3,3,0,1,1,0,1,0,0,1,1,1,6,27,20
55675,0:3:3;0:4:3;1:2:2;1:4:3,3,1,1,1,0,0,1,1,1,1,1,5,12,14
55676,0:3:3;0:4:3;1:2:2;1:4:3,3,2,1,1,1,0,1,1,1,1,1,5,12,14
55677,0:3:3;0:4:3;1:2:2;1:4:3,3,3,1,1,1,0,1,1,1,1,1,5,12,4
55678,0:3:3;0:4:3;1:2:2;1:4:3,3,4,1,1,1,0,1,1,1,1,1,5,12,3
55679,0:3:3;0:4:3;1:2:2;1:4:3,3,5,1,1,1,0,1,1,1,1,1,5,12,3
55680,0:3:3;0:4:3;1:2:2;1:4:3,4,0,1,1,0,1,0,0,1,1,1,6,30,20
55681,0:3:3;0:4:3;1:2:2;1:4:3,4,1,1,1,1,0,1,1,1,1,1,5,12,14
55682,0:3:3;0:4:3;1:2:2;1:4:3,4,2,1,1,1,0,1,1,1,1,1,5,12,14
55683,0:3:3;0:4:3;1:2:2;1:4:3,4,3,1,1,1,0,1,1,1,1,1,5,12,4
55684,0:3:3;0:4:3;1:2:2;1:4:3,4,4,1,1,1,0,1,1,1,1,1,5,12,3
55685,0:3:3;0:4:3;1:2:2;1:4:3,4,5,1,1,1,0,1,1,1,1,1,5,12,3
55686,0:3:3;0:4:3;1:2:2;1:4:3,5,0,1,1,1,0,1,1,1,1,1,5,12,17
55687,0:3:3;0:4:3;1:2:2;1:4:3,5,1,1,1,1,0,1,1,1,1,1,5,12,14
55688,0:3:3;0:4:3;1:2:2;1:4:3,5,2,1,1,1,0,1,1,1,1,1,5,12,14
55689,0:3:3;0:4:3;1:2:2;1:4:3,5,3,1,1,1,0,1,1,1,1,1,5,12,4
55690,0:3:3;0:4:3;1:2:2;1:4:3,5,4,1,1,1,0,1,1,1,1,1,5,12,3
55691,0:3:3;0:4:3;1:2:2;1:4:3,5,5,1,1,1,0,1,1,1,1,1,5,12,3
55692,0:3:3;0:4:3;1:3:2;1:3:2,0,0,1,0,0,1,0,0,0,0,0,1,1,24
55693,0:3:3;0:4:3;1:3:2;1:3:2,0,1,1,0,0,1,0,0,0,0,0,1,3,24
55694,0:3:3;0:4:3;1:3:2;1:3:2,0,2,1,0,0,1,0,0,0,0,0,1,6,24
55695,0:3:3;0:4:3;1:3:2;1:3:2,0,3,1,1,0,0,1,1,1,1,1,5,11,3
55696,0:3:3;0:4:3;1:3:2;1:3:2,0,4,1,1,1,0,1,1,1,1,1,5,11,3
55697,0:3:3;0:4:3;1:3:2;1:3:2,0,5,1,1,1,0,1,1,1,1,1,5,11,3
55698,0:3:3;0:4:3;1:3:2;1:3:2,1,0,1,0,0,1,0,0,0,0,0,1,3,24
55699,0:3:3;0:4:3;1:3:2;1:3:2,1,1,1,0,0,1,0,0,0,0,0,1,9,24
55700,0:3:3;0:4:3;1:3:2;1:3:2,1,2,1,0,0,1,0,0,0,0,0,1,18,24
55701,0:3:3;0:4:3;1:3:2;1:3:2,1,3,1,1,1,0,1,1,1,1,1,5,11,3
55702,0:3:3;0:4:3;1:3:2;1:3:2,1,4,1,1,1,0,1,1,1,1,1,5,11,3
55703,0:3:3;0:4:3;1:3:2;1:3:2,1,5,1,1,1,0,1,1,1,1,1,5,11,3
55704,0:3:3;0:4:3;1:3:2;1:3:2,2,0,1,1,0,0,1,1,1,1,1,5,11,14
55705,0:3:3;0:4:3;1:3:2;1:3:2,2,1,1,1,0,0,1,1,1,1,1,5,11,14
55706,0:3:3;0:4:3;1:3:2;1:3:2,2,2,1,1,1,0,1,1,1,1,1,5,11,14
55707,0:3:3;0:4:3;1:3:2;1:3:2,2,3,1,1,1,0,1,1,1,1,1,5,11,3
55708,0:3:3;0:4:3;1:3:2;1:3:2,2,4,1,1,1,0,1,1,1,1,1,5,11,3
55709,0:3:3;0:4:3;1:3:2;1:3:2,2,5,1,1,1,0,1,1,1,1,1,5,11,3
55710,0:3:3;0:4:3;1:3:2;1:3:2,3,0,1,1,0,0,1,1,1,1,1,5,11,14
55711,0:3:3;0:4:3;1:3:2;1:3:2,3,1,1,1,1,0,1,1,1,1,1,5,11,14
55712,0:3:3;0:4:3;1:3:2;1:3:2,3,2,1,1,1,0,1,1,1,1,1,5,11,14
55713,0:3:3;0:4:3;1:3:2;1:3:2,3,3,1,1,1,0,1,1,1,1,1,5,11,3
55714,0:3:3;0:4:3;1:3:2;1:3:2,3,4,1,1,1,0,1,1,1,1,1,5,11,3
55715,0:3:3;0:4:3;1:3:2;1:3:2,3,5,1,1,1,0,1,1,1,1,1,5,11,3
55716,0:3:3;0:4:3;1:3:2;1:3:2,4,0,1,1,1,0,1,1,1,1,1,5,11,14
55717,0:3:3;0:4:3;1:3:2;1:3:2,4,1,1,1,1,0,1,1,1,1,1,5,11,14
55718,0:3:3;0:4:3;1:3:2;1:3:2,4,2,1,1,1,0,1,1,1,1,1,5,11,14
55719,0:3:3;0:4:3;1:3:2;1:3:2,4,3,1,1,1,0,1,1,1,1,1,5,11,3
55720,0:3:3;0:4:3;1:3:2;1:3:2,4,4,1,1,1,0,1,1,1,1,1,5,11,3
55721,0:3:3;0:4:3;1:3:2;1:3:2,4,5,1,1,1,0,1,1,1,1,1,5,11,3
55722,0:3:3;0:4:3;1:3:2;1:3:2,5,0,1,1,1,0,1,1,1,1,1,5,11,14
55723,0:3:3;0:4:3;1:3:2;1:3:2,5,1,1,1,1,0,1,1,1,1,1,5,11,14
55724,0:3:3;0:4:3;1:3:2;1:3:2,5,2,1,1,1,0,1,1,1,1,1,5,11,14
55725,0:3:3;0:4:3;1:3:2;1:3:2,5,3,1,1,1,0,1,1,1,1,1,5,11,3
55726,0:3:3;0:4:3;1:3:2;1:3:2,5,4,1,1,1,0,1,1,1,1,1,5,11,3
55727,0:3:3;0:4:3;1:3:2;1:3:2,5,5,1,1,1,0,1,1,1,1,1,5,11,3
55728,0:3:3;0:4:3;1:3:2;1:3:3,0,0,1,0,0,1,0,0,0,0,0,1,1,24
55729,0:3:3;0:4:3;1:3:2;1:3:3,0,1,1,0,0,1,0,0,0,0,0,1,3,24
55730,0:3:3;0:4:3;1:3:2;1:3:3,0,2,1,0,0,1,0,0,0,0,0,1,6,24
55731,0:3:3;0:4:3;1:3:2;1:3:3,0,3,1,1,0,0,1,1,1,1,1,5,12,3
55732,0:3:3;0:4:3;1:3:2;1:3:3,0,4,1,1,0,0,1,1,1,1,1,5,12,3
55733,0:3:3;0:4:3;1:3:2;1:3:3,0,5,1,1,1,0,1,1,1,1,1,5,12,3
55734,0:3:3;0:4:3;1:3:2;1:3:3,1,0,1,0,0,1,0,0,0,0,0,1,3,24
55735,0:3:3;0:4:3;1:3:2;1:3:3,1,1,1,0,0,1,0,0,0,0,0,1,9,24
55736,0:3:3;0:4:3;1:3:2;1:3:3,1,2,1,0,0,1,0,0,0,0,0,1,18,24
55737,0:3:3;0:4:3;1:3:2;1:3:3,1,3,1,1,0,0,1,1,1,1,1,5,12,3
55738,0:3:3;0:4:3;1:3:2;1:3:3,1,4,1,1,1,0,1,1,1,1,1,5,12,3
55739,0:3:3;0:4:3;1:3:2;1:3:3,1,5,1,1,1,0,1,1,1,1,1,5,12,3
55740,0:3:3;0:4:3;1:3:2;1:3:3,2,0,1,1,0,0,1,1,1,1,1,5,12,14
55741,0:3:3;0:4:3;1:3:2;1:3:3,2,1,1,1,0,0,1,1,1,1,1,5,12,14
55742,0:3:3;0:4:3;1:3:2;1:3:3,2,2,1,1,0,0,1,1,1,1,1,5,12,14
55743,0:3:3;0:4:3;1:3:2;1:3:3,2,3,1,1,1,0,1,1,1,1,1,5,12,3
55744,0:3:3;0:4:3;1:3:2;1:3:3,2,4,1,1,1,0,1,1,1,1,1,5,12,3
55745,0:3:3;0:4:3;1:3:2;1:3:3,2,5,1,1,1,0,1,1,1,1,1,5,12,3
55746,0:3:3;0:4:3;1:3:2;1:3:3,3,0,1,1,0,0,1,1,1,1,1,5,12,14
55747,0:3:3;0:4:3;1:3:2;1:3:3,3,1,1,1,0,0,1,1,1,1,1,5,12,14
55748,0:3:3;0:4:3;1:3:2;1:3:3,3,2,1,1,1,0,1,1,1,1,1,5,12,14
55749,0:3:3;0:4:3;1:3:2;1:3:3,3,3,1,1,1,0,1,1,1,1,1,5,12,3
55750,0:3:3;0:4:3;1:3:2;1:3:3,3,4,1,1,1,0,1,1,1,1,1,5,12,3
55751,0:3:3;0:4:3;1:3:2;1:3:3,3,5,1,1,1,0,1,1,1,1,1,5,12,3
55752,0:3:3;0:4:3;1:3:2;1:3:3,4,0,1,1,0,0,1,1,1,1,1,5,12,14
55753,0:3:3;0:4:3;1:3:2;1:3:3,4,1,1,1,1,0,1,1,1,1,1,5,12,14
55754,0:3:3;0:4:3;1:3:2;1:3:3,4,2,1,1,1,0,1,1,1,1,1,5,12,14
55755,0:3:3;0:4:3;1:3:2;1:3:3,4,3,1,1,1,0,1,1,1,1,1,5,12,3
55756,0:3:3;0:4:3;1:3:2;1:3:3,4,4,1,1,1,0,1,1,1,1,1,5,12,3
55757,0:3:3;0:4:3;1:3:2;1:3:3,4,5,1,1,1,0,1,1,1,1,1,5,12,3
55758,0:3:3;0:4:3;1:3:2;1:3:3,5,0,1,1,1,0,1,1,1,1,1,5,12,14
55759,0:3:3;0:4:3;1:3:2;1:3:3,5,1,1,1,1,0,1,1,1,1,1,5,12,14
55760,0:3:3;0:4:3;1:3:2;1:3:3,5,2,1,1,1,0,1,1,1,1,1,5,12,14
55761,0:3:3;0:4:3;1:3:2;1:3:3,5,3,1,1,1,0,1,1,1,1,1,5,12,3
55762,0:3:3;0:4:3;1:3:2;1:3:3,5,4,1,1,1,0,1,1,1,1,1,5,12,3
55763,0:3:3;0:4:3;1:3:2;1:3:3,5,5,1,1,1,0,1,1,1,1,1,5,12,3
55764,0:3:3;0:4:3;1:3:2;1:4:3,0,0,1,0,0,1,0,0,0,0,0,1,1,24
55765,0:3:3;0:4:3;1:3:2;1:4:3,0,1,1,0,0,1,0,0,0,0,0,1,3,24
55766,0:3:3;0:4:3;1:3:2;1:4:3,0,2,1,0,0,1,0,0,0,0,0,1,6,24
55767,0:3:3;0:4:3;1:3:2;1:4:3,0,3,1,1,0,0,1,1,1,1,1,5,12,3
55768,0:3:3;0:4:3;1:3:2;1:4:3,0,4,1,1,0,0,1,1,1,1,1,5,12,3
55769,0:3:3;0:4:3;1:3:2;1:4:3,0,5,1,1,1,0,1,1,1,1,1,5,12,3
55770,0:3:3;0:4:3;1:3:2;1:4:3,1,0,1,0,0,1,0,0,0,0,0,1,3,24
55771,0:3:3;0:4:3;1:3:2;1:4:3,1,1,1,0,0,1,0,0,0,0,0,1,9,24
55772,0:3:3;0:4:3;1:3:2;1:4:3,1,2,1,0,0,1,0,0,0,0,0,1,18,24
55773,0:3:3;0:4:3;1:3:2;1:4:3,1,3,1,1,0,0,1,1,1,1,1,5,12,3
55774,0:3:3;0:4:3;1:3:2;1:4:3,1,4,1,1,1,0,1,1,1,1,1,5,12,3
55775,0:3:3;0:4:3;1:3:2;1:4:3,1,5,1,1,1,0,1,1,1,1,1,5,12,3
55776,0:3:3;0:4:3;1:3:2;1:4:3,2,0,1,1,0,0,1,1,1,1,1,5,12,14
55777,0:3:3;0:4:3;1:3:2;1:4:3,2,1,1,1,0,0,1,1,1,1,1,5,12,14
55778,0:3:3;0:4:3;1:3:2;1:4:3,2,2,1,1,0,0,1,1,1,1,1,5,12,14
55779,0:3:3;0:4:3;1:3:2;1:4:3,2,3,1,1,1,0,1,1,1,1,1,5,12,3
55780,0:3:3;0:4:3;1:3:2;1:4:3,2,4,1,1,1,0,1,1,1,1,1,5,12,3
55781,0:3:3;0:4:3;1:3:2;1:4:3,2,5,1,1,1,0,1,1,1,1,1,5,12,3
55782,0:3:3;0:4:3;1:3:2;1:4:3,3,0,1,1,0,0,1,1,1,1,1,5,12,14
55783,0:3:3;0:4:3;1:3:2;1:4:3,3,1,1,1,0,0,1,1,1,1,1,5,12,14
55784,0:3:3;0:4:3;1:3:2;1:4:3,3,2,1,1,1,0,1,1,1,1,1,5,12,14
55785,0:3:3;0:4:3;1:3:2;1:4:3,3,3,1,1,1,0,1,1,1,1,1,5,12,3
55786,0:3:3;0:4:3;1:3:2;1:4:3,3,4,1,1,1,0,1,1,1,1,1,5,12,3
55787,0:3:3;0:4:3;1:3:2;1:4:3,3,5,1,1,1,0,1,1,1,1,1,5,12,3
55788,0:3:3;0:4:3;1:3:2;1:4:3,4,0,1,1,0,0,1,1,1,1,1,5,12,14
55789,0:3:3;0:4:3;1:3:2;1:4:3,4,1,1,1,1,0,1,1,1,1,1,5,12,14
55790,0:3:3;0:4:3;1:3:2;1:4:3,4,2,1,1,1,0,1,1,1,1,1,5,12,14
55791,0:3:3;0:4:3;1:3:2;1:4:3,4,3,1,1,1,0,1,1,1,1,1,5,12,3
55792,0:3:3;0:4:3;1:3:2;1:4:3,4,4,1,1,1,0,1,1,1,1,1,5,12,3
55793,0:3:3;0:4:3;1:3:2;1:4:3,4,5,1,1,1,0,1,1,1,1,1,5,12,3
55794,0:3:3;0:4:3;1:3:2;1:4:3,5,0,1,1,1,0,1,1,1,1,1,5,12,14
55795,0:3:3;0:4:3;1:3:2;1:4:3,5,1,1,1,1,0,1,1,1,1,1,5,12,14
55796,0:3:3;0:4:3;1:3:2;1:4:3,5,2,1,1,1,0,1,1,1,1,1,5,12,14
55797,0:3:3;0:4:3;1:3:2;1:4:3,5,3,1,1,1,0,1,1,1,1,1,5,12,3
55798,0:3:3;0:4:3;1:3:2;1:4:3,5,4,1,1,1,0,1,1,1,1,1,5,12,3
55799,0:3:3;0:4:3;1:3:2;1:4:3,5,5,1,1,1,0,1,1,1,1,1,5,12,3
55800,0:3:3;0:4:3;1:3:3;1:3:3,0,0,1,0,0,1,0,0,0,0,0,1,1,24
55801,0:3:3;0:4:3;1:3:3;1:3:3,0,1,1,0,0,1,0,0,0,0,0,1,3,24
55802,0:3:3;0:4:3;1:3:3;1:3:3,0,2,1,0,0,1,0,0,0,0,0,1,6,24
55803,0:3:3;0:4:3;1:3:3;1:3:3,0,3,1,1,0,0,1,1,1,1,1,5,13,3
55804,0:3:3;0:4:3;1:3:3;1:3:3,0,4,1,1,0,0,1,1,1,1,1,5,13,3
55805,0:3:3;0:4:3;1:3:3;1:3:3,0,5,1,1,1,0,1,1,1,1,1,5,13,3
55806,0:3:3;0:4:3;1:3:3;1:3:3,1,0,1,0,0,1,0,0,0,0,0,1,3,24
55807,0:3:3;0:4:3;1:3:3;1:3:3,1,1,1,0,0,1,0,0,0,0,0,1,9,24
55808,0:3:3;0:4:3;1:3:3;1:3:3,1,2,1,0,0,1,0,0,0,0,0,1,18,24
55809,0:3:3;0:4:3;1:3:3;1:3:3,1,3,1,1,0,0,1,1,1,1,1,5,13,3
55810,0:3:3;0:4:3;1:3:3;1:3:3,1,4,1,1,1,0,1,1,1,1,1,5,13,3
55811,0:3:3;0:4:3;1:3:3;1:3:3,1,5,1,1,1,0,1,1,1,1,1,5,13,3
55812,0:3:3;0:4:3;1:3:3;1:3:3,2,0,1,0,0,1,0,0,0,0,0,1,6,24
55813,0:3:3;0:4:3;1:3:3;1:3:3,2,1,1,0,0,1,0,0,0,0,0,1,18,24
55814,0:3:3;0:4:3;1:3:3;1:3:3,2,2,1,0,0,1,0,0,0,0,0,1,36,24
55815,0:3:3;0:4:3;1:3:3;1:3:3,2,3,1,1,1,0,1,1,1,1,1,5,13,3
55816,0:3:3;0:4:3;1:3:3;1:3:3,2,4,1,1,1,0,1,1,1,1,1,5,13,3
55817,0:3:3;0:4:3;1:3:3;1:3:3,2,5,1,1,1,0,1,1,1,1,1,5,13,3
55818,0:3:3;0:4:3;1:3:3;1:3:3,3,0,1,1,0,0,1,1,1,1,1,5,13,14
55819,0:3:3;0:4:3;1:3:3;1:3:3,3,1,1,1,0,0,1,1,1,1,1,5,13,14
55820,0:3:3;0:4:3;1:3:3;1:3:3,3,2,1,1,1,0,1,1,1,1,1,5,13,14
55821,0:3:3;0:4:3;1:3:3;1:3:3,3,3,1,1,1,0,1,1,1,1,1,5,13,3
55822,0:3:3;0:4:3;1:3:3;1:3:3,3,4,1,1,1,0,1,1,1,1,1,5,13,3
55823,0:3:3;0:4:3;1:3:3;1:3:3,3,5,1,1,1,0,1,1,1,1,1,5,13,3
55824,0:3:3;0:4:3;1:3:3;1:3:3,4,0,1,1,0,0,1,1,1,1,1,5,13,14
55825,0:3:3;0:4:3;1:3:3;1:3:3,4,1,1,1,1,0,1,1,1,1,1,5,13,14
55826,0:3:3;0:4:3;1:3:3;1:3:3,4,2,1,1,1,0,1,1,1,1,1,5,13,14
55827,0:3:3;0:4:3;1:3:3;1:3:3,4,3,1,1,1,0,1,1,1,1,1,5,13,3
55828,0:3:3;0:4:3;1:3:3;1:3:3,4,4,1,1,1,0,1,1,1,1,1,5,13,3
55829,0:3:3;0:4:3;1:3:3;1:3:3,4,5,1,1,1,0,1,1,1,1,1,5,13,3
55830,0:3:3;0:4:3;1:3:3;1:3:3,5,0,1,1,1,0,1,1,1,1,1,5,13,14
55831,0:3:3;0:4:3;1:3:3;1:3:3,5,1,1,1,1,0,1,1,1,1,1,5,13,14
55832,0:3:3;0:4:3;1:3:3;1:3:3,5,2,1,1,1,0,1,1,1,1,1,5,13,14
55833,0:3:3;0:4:3;1:3:3;1:3:3,5,3,1,1,1,0,1,1,1,1,1,5,13,3
55834,0:3:3;0:4:3;1:3:3;1:3:3,5,4,1,1,1,0,1,1,1,1,1,5,13,3
55835,0:3:3;0:4:3;1:3:3;1:3:3,5,5,1,1,1,0,1,1,1,1,1,5,13,3
55836,0:3:3;0:4:3;1:3:3;1:4:3,0,0,1,0,0,1,0,0,0,0,0,1,1,24
55837,0:3:3;0:4:3;1:3:3;1:4:3,0,1,1,0,0,1,0,0,0,0,0,1,3,24
55838,0:3:3;0:4:3;1:3:3;1:4:3,0,2,1,0,0,1,0,0,0,0,0,1,6,24
55839,0:3:3;0:4:3;1:3:3;1:4:3,0,3,1,1,0,0,1,1,1,1,1,5,13,3
55840,0:3:3;0:4:3;1:3:3;1:4:3,0,4,1,1,0,0,1,1,1,1,1,5,13,3
55841,0:3:3;0:4:3;1:3:3;1:4:3,0,5,1,1,1,0,1,1,1,1,1,5,13,3
55842,0:3:3;0:4:3;1:3:3;1:4:3,1,0,1,0,0,1,0,0,0,0,0,1,3,24
55843,0:3:3;0:4:3;1:3:3;1:4:3,1,1,1,0,0,1,0,0,0,0,0,1,9,24
55844,0:3:3;0:4:3;1:3:3;1:4:3,1,2,1,0,0,1,0,0,0,0,0,1,18,24
55845,0:3:3;0:4:3;1:3:3;1:4:3,1,3,1,1,0,0,1,1,1,1,1,5,13,3
55846,0:3:3;0:4:3;1:3:3;1:4:3,1,4,1,1,1,0,1,1,1,1,1,5,13,3
55847,0:3:3;0:4:3;1:3:3;1:4:3,1,5,1,1,1,0,1,1,1,1,1,5,13,3
55848,0:3:3;0:4:3;1:3:3;1:4:3,2,0,1,0,0,1,0,0,0,0,0,1,6,24
55849,0:3:3;0:4:3;1:3:3;1:4:3,2,1,1,0,0,1,0,0,0,0,0,1,18,24
55850,0:3:3;0:4:3;1:3:3;1:4:3,2,2,1,0,0,1,0,0,0,0,0,1,36,24
55851,0:3:3;0:4:3;1:3:3;1:4:3,2,3,1,1,1,0,1,1,1,1,1,5,13,3
55852,0:3:3;0:4:3;1:3:3;1:4:3,2,4,1,1,1,0,1,1,1,1,1,5,13,3
55853,0:3:3;0:4:3;1:3:3;1:4:3,2,5,1,1,1,0,1,1,1,1,1,5,13,3
55854,0:3:3;0:4:3;1:3:3;1:4:3,3,0,1,1,0,0,1,1,1,1,1,5,13,14
55855,0:3:3;0:4:3;1:3:3;1:4:3,3,1,1,1,0,0,1,1,1,1,1,5,13,14
55856,0:3:3;0:4:3;1:3:3;1:4:3,3,2,1,1,1,0,1,1,1,1,1,5,13,14
55857,0:3:3;0:4:3;1:3:3;1:4:3,3,3,1,1,1,0,1,1,1,1,1,5,13,3
55858,0:3:3;0:4:3;1:3:3;1:4:3,3,4,1,1,1,0,1,1,1,1,1,5,13,3
55859,0:3:3;0:4:3;1:3:3;1:4:3,3,5,1,1,1,0,1,1,1,1,1,5,13,3
55860,0:3:3;0:4:3;1:3:3;1:4:3,4,0,1,1,0,0,1,1,1,1,1,5,13,14
55861,0:3:3;0:4:3;1:3:3;1:4:3,4,1,1,1,1,0,1,1,1,1,1,5,13,14
55862,0:3:3;0:4:3;1:3:3;1:4:3,4,2,1,1,1,0,1,1,1,1,1,5,13,14
55863,0:3:3;0:4:3;1:3:3;1:4:3,4,3,1,1,1,0,1,1,1,1,1,5,13,3
55864,0:3:3;0:4:3;1:3:3;1:4:3,4,4,1,1,1,0,1,1,1,1,1,5,13,3
55865,0:3:3;0:4:3;1:3:3;1:4:3,4,5,1,1,1,0,1,1,1,1,1,5,13,3
55866,0:3:3;0:4:3;1:3:3;1:4:3,5,0,1,1,1,0,1,1,1,1,1,5,13,14
55867,0:3:3;0:4:3;1:3:3;1:4:3,5,1,1,1,1,0,1,1,1,1,1,5,13,14
55868,0:3:3;0:4:3;1:3:3;1:4:3,5,2,1,1,1,0,1,1,1,1,1,5,13,14
55869,0:3:3;0:4:3;1:3:3;1:4:3,5,3,1,1,1,0,1,1,1,1,1,5,13,3
55870,0:3:3;0:4:3;1:3:3;1:4:3,5,4,1,1,1,0,1,1,1,1,1,5,13,3
55871,0:3:3;0:4:3;1:3:3;1:4:3,5,5,1,1,1,0,1,1,1,1,1,5,13,3
55872,0:3:3;0:4:3;1:4:3;1:4:3,0,0,1,0,0,1,0,0,0,0,0,1,1,24
55873,0:3:3;0:4:3;1:4:3;1:4:3,0,1,1,0,0,1,0,0,0,0,0,1,3,24
55874,0:3:3;0:4:3;1:4:3;1:4:3,0,2,1,0,0,1,0,0,0,0,0,1,6,24
55875,0:3:3;0:4:3;1:4:3;1:4:3,0,3,1,1,0,0,1,1,1,1,1,5,13,3
55876,0:3:3;0:4:3;1:4:3;1:4:3,0,4,1,1,0,0,1,1,1,1,1,5,13,3
55877,0:3:3;0:4:3;1:4:3;1:4:3,0,5,1,1,1,0,1,1,1,1,1,5,13,3
55878,0:3:3;0:4:3;1:4:3;1:4:3,1,0,1,0,0,1,0,0,0,0,0,1,3,24
55879,0:3:3;0:4:3;1:4:3;1:4:3,1,1,1,0,0,1,0,0,0,0,0,1,9,24
55880,0:3:3;0:4:3;1:4:3;1:4:3,1,2,1,0,0,1,0,0,0,0,0,1,18,24
55881,0:3:3;0:4:3;1:4:3;1:4:3,1,3,1,1,0,0,1,1,1,1,1,5,13,3
55882,0:3:3;0:4:3;1:4:3;1:4:3,1,4,1,1,1,0,1,1,1,1,1,5,13,3
55883,0:3:3;0:4:3;1:4:3;1:4:3,1,5,1,1,1,0,1,1,1,1,1,5,13,3
55884,0:3:3;0:4:3;1:4:3;1:4:3,2,0,1,0,0,1,0,0,0,0,0,1,6,24
55885,0:3:3;0:4:3;1:4:3;1:4:3,2,1,1,0,0,1,0,0,0,0,0,1,18,24
55886,0:3:3;0:4:3;1:4:3;1:4:3,2,2,1,0,0,1,0,0,0,0,0,1,36,24
55887,0:3:3;0:4:3;1:4:3;1:4:3,2,3,1,1,1,0,1,1,1,1,1,5,13,3
55888,0:3:3;0:4:3;1:4:3;1:4:3,2,4,1,1,1,0,1,1,1,1,1,5,13,3
55889,0:3:3;0:4:3;1:4:3;1:4:3,2,5,1,1,1,0,1,1,1,1,1,5,13,3
55890,0:3:3;0:4:3;1:4:3;1:4:3,3,0,1,1,0,0,1,1,1,1,1,5,13,14
55891,0:3:3;0:4:3;1:4:3;1:4:3,3,1,1,1,0,0,1,1,1,1,1,5,13,14
55892,0:3:3;0:4:3;1:4:3;1:4:3,3,2,1,1,1,0,1,1,1,1,1,5,13,13
55893,0:3:3;0:4:3;1:4:3;1:4:3,3,3,1,1,1,0,1,1,1,1,1,5,13,3
55894,0:3:3;0:4:3;1:4:3;1:4:3,3,4,1,1,1,0,1,1,1,1,1,5,13,3
55895,0:3:3;0:4:3;1:4:3;1:4:3,3,5,1,1,1,0,1,1,1,1,1,5,13,3
55896,0:3:3;0:4:3;1:4:3;1:4:3,4,0,1,1,0,0,1,1,1,1,1,5,13,14
55897,0:3:3;0:4:3;1:4:3;1:4:3,4,1,1,1,1,0,1,1,1,1,1,5,13,14
55898,0:3:3;0:4:3;1:4:3;1:4:3,4,2,1,1,1,0,1,1,1,1,1,5,13,13
55899,0:3:3;0:4:3;1:4:3;1:4:3,4,3,1,1,1,0,1,1,1,1,1,5,13,3
55900,0:3:3;0:4:3;1:4:3;1:4:3,4,4,1,1,1,0,1,1,1,1,1,5,13,3
55901,0:3:3;0:4:3;1:4:3;1:4:3,4,5,1,1,1,0,1,1,1,1,1,5,13,3
55902,0:3:3;0:4:3;1:4:3;1:4:3,5,0,1,1,1,0,1,1,1,1,1,5,13,14
55903,0:3:3;0:4:3;1:4:3;1:4:3,5,1,1,1,1,0,1,1,1,1,1,5,13,14
55904,0:3:3;0:4:3;1:4:3;1:4:3,5,2,1,1,1,0,1,1,1,1,1,5,13,13
55905,0:3:3;0:4:3;1:4:3;1:4:3,5,3,1,1,1,0,1,1,1,1,1,5,13,3
55906,0:3:3;0:4:3;1:4:3;1:4:3,5,4,1,1,1,0,1,1,1,1,1,5,13,3
55907,0:3:3;0:4:3;1:4:3;1:4:3,5,5,1,1,1,0,1,1,1,1,1,5,13,3
55908,0:3:3;1:1:1;1:1:1;1:1:1,0,0,1,0,0,1,0,0,0,0,0,1,1,24
55909,0:3:3;1:1:1;1:1:1;1:1:1,0,1,1,0,0,1,0,0,0,0,0,1,2,24
55910,0:3:3;1:1:1;1:1:1;1:1:1,0,2,1,0,0,1,0,0,0,0,0,1,3,24
55911,0:3:3;1:1:1;1:1:1;1:1:1,0,3,1,1,1,0,1,1,1,1,1,5,7,1
55912,0:3:3;1:1:1;1:1:1;1:1:1,0,4,1,1,1,0,1,1,1,1,1,5,7,1
55913,0:3:3;1:1:1;1:1:1;1:1:1,0,5,1,1,1,0,1,1,1,1,1,5,7,1
55914,0:3:3;1:1:1;1:1:1;1:1:1,1,0,1,0,0,1,0,0,0,0,0,4,7,24
55915,0:3:3;1:1:1;1:1:1;1:1:1,1,1,1,0,0,1,0,0,0,0,0,4,11,24
55916,0:3:3;1:1:1;1:1:1;1:1:1,1,2,1,1,1,0,1,1,1,1,1,5,7,7
55917,0:3:3;1:1:1;1:1:1;1:1:1,1,3,1,1,1,0,1,1,1,1,1,5,7,1
55918,0:3:3;1:1:1;1:1:1;1:1:1,1,4,1,1,1,0,1,1,1,1,1,5,7,1
55919,0:3:3;1:1:1;1:1:1;1:1:1,1,5,1,1,1,0,1,1,1,1,1,5,7,1
55920,0:3:3;1:1:1;1:1:1;1:1:1,2,0,1,0,0,1,0,0,0,0,0,7,16,24
55921,0:3:3;1:1:1;1:1:1;1:1:1,2,1,1,1,1,0,1,1,1,1,1,5,7,9
55922,0:3:3;1:1:1;1:1:1;1:1:1,2,2,1,1,1,0,1,1,1,1,1,5,7,7
55923,0:3:3;1:1:1;1:1:1;1:1:1,2,3,1,1,1,0,1,1,1,1,1,5,7,1
55924,0:3:3;1:1:1;1:1:1;1:1:1,2,4,1,1,1,0,1,1,1,1,1,5,7,1
55925,0:3:3;1:1:1;1:1:1;1:1:1,2,5,1,1,1,0,1,1,1,1,1,5,7,1
55926,0:3:3;1:1:1;1:1:1;1:1:1,3,0,1,1,1,0,1,1,1,1,1,5,7,10
55927,0:3:3;1:1:1;1:1:1;1:1:1,3,1,1,1,1,0,1,1,1,1,1,5,7,9
55928,0:3:3;1:1:1;1:1:1;1:1:1,3,2,1,1,1,0,1,1,1,1,1,5,7,7
55929,0:3:3;1:1:1;1:1:1;1:1:1,3,3,1,1,1,0,1,1,1,1,1,5,7,1
55930,0:3:3;1:1:1;1:1:1;1:1:1,3,4,1,1,1,0,1,1,1,1,1,5,7,1
55931,0:3:3;1:1:1;1:1:1;1:1:1,3,5,1,1,1,0,1,1,1,1,1,5,7,1
55932,0:3:3;1:1:1;1:1:1;1:1:1,4,0,1,1,1,0,1,1,1,1,1,5,7,10
55933,0:3:3;1:1:1;1:1:1;1:1:1,4,1,1,1,1,0,1,1,1,1,1,5,7,9
55934,0:3:3;1:1:1;1:1:1;1:1:1,4,2,1,1,1,0,1,1,1,1,1,5,7,7
55935,0:3:3;1:1:1;1:1:1;1:1:1,4,3,1,1,1,0,1,1,1,1,1,5,7,1
55936,0:3:3;1:1:1;1:1:1;1:1:1,4,4,1,1,1,0,1,1,1,1,1,5,7,1
55937,0:3:3;1:1:1;1:1:1;1:1:1,4,5,1,1,1,0,1,1,1,1,1,5,7,1
55938,0:3:3;1:1:1;1:1:1;1:1:1,5,0,1,1,1,0,1,1,1,1,1,5,7,10
55939,0:3:3;1:1:1;1:1:1;1:1:1,5,1,1,1,1,0,1,1,1,1,1,5,7,9
55940,0:3:3;1:1:1;1:1:1;1:1:1,5,2,1,1,1,0,1,1,1,1,1,5,7,7
55941,0:3:3;1:1:1;1:1:1;1:1:1,5,3,1,1,1,0,1,1,1,1,1,5,7,1
55942,0:3:3;1:1:1;1:1:1;1:1:1,5,4,1,1,1,0,1,1,1,1,1,5,7,1
55943,0:3:3;1:1:1;1:1:1;1:1:1,5,5,1,1,1,0,1,1,1,1,1,5,7,1
55944,0:3:3;1:1:1;1:1:1;1:2:1,0,0,1,0,0,1,0,0,0,0,0,1,1,24
55945,0:3:3;1:1:1;1:1:1;1:2:1,0,1,1,0,0,1,0,0,0,0,0,1,2,24
55946,0:3:3;1:1:1;1:1:1;1:2:1,0,2,1,0,0,1,0,0,0,0,0,1,3,24
55947,0:3:3;1:1:1;1:1:1;1:2:1,0,3,1,1,1,0,1,1,1,1,1,5,7,1
55948,0:3:3;1:1:1;1:1:1;1:2:1,0,4,1,1,1,0,1,1,1,1,1,5,7,1
55949,0:3:3;1:1:1;1:1:1;1:2:1,0,5,1,1,1,0,1,1,1,1,1,5,7,1
55950,0:3:3;1:1:1;1:1:1;1:2:1,1,0,1,0,0,1,0,0,0,0,0,4,8,24
55951,0:3:3;1:1:1;1:1:1;1:2:1,1,1,1,1,0,1,0,0,0,1,1,7,11,19
55952,0:3:3;1:1:1;1:1:1;1:2:1,1,2,1,1,1,0,1,1,1,1,1,5,7,7
55953,0:3:3;1:1:1;1:1:1;1:2:1,1,3,1,1,1,0,1,1,1,1,1,5,7,1
55954,0:3:3;1:1:1;1:1:1;1:2:1,1,4,1,1,1,0,1,1,1,1,1,5,7,1
55955,0:3:3;1:1:1;1:1:1;1:2:1,1,5,1,1,1,0,1,1,1,1,1,5,7,1
55956,0:3:3;1:1:1;1:1:1;1:2:1,2,0,1,1,0,1,0,0,0,1,1,6,9,11
55957,0:3:3;1:1:1;1:1:1;1:2:1,2,1,1,1,1,0,1,1,1,1,1,5,7,9
55958,0:3:3;1:1:1;1:1:1;1:2:1,2,2,1,1,1,0,1,1,1,1,1,5,7,7
55959,0:3:3;1:1:1;1:1:1;1:2:1,2,3,1,1,1,0,1,1,1,1,1,5,7,1
55960,0:3:3;1:1:1;1:1:1;1:2:1,2,4,1,1,1,0,1,1,1,1,1,5,7,1
55961,0:3:3;1:1:1;1:1:1;1:2:1,2,5,1,1,1,0,1,1,1,1,1,5,7,1
55962,0:3:3;1:1:1;1:1:1;1:2:1,3,0,1,1,1,0,1,1,1,1,1,5,7,10
55963,0:3:3;1:1:1;1:1:1;1:2:1,3,1,1,1,1,0,1,1,1,1,1,5,7,9
55964,0:3:3;1:1:1;1:1:1;1:2:1,3,2,1,1,1,0,1,1,1,1,1,5,7,7
55965,0:3:3;1:1:1;1:1:1;1:2:1,3,3,1,1,1,0,1,1,1,1,1,5,7,1
55966,0:3:3;1:1:1;1:1:1;1:2:1,3,4,1,1,1,0,1,1,1,1,1,5,7,1
55967,0:3:3;1:1:1;1:1:1;1:2:1,3,5,1,1,1,0,1,1,1,1,1,5,7,1
55968,0:3:3;1:1:1;1:1:1;1:2:1,4,0,1,1,1,0,1,1,1,1,1,5,7,10
55969,0:3:3;1:1:1;1:1:1;1:2:1,4,1,1,1,1,0,1,1,1,1,1,5,7,9
55970,0:3:3;1:1:1;1:1:1;1:2:1,4,2,1,1,1,0,1,1,1,1,1,5,7,7
55971,0:3:3;1:1:1;1:1:1;1:2:1,4,3,1,1,1,0,1,1,1,1,1,5,7,1
55972,0:3:3;1:1:1;1:1:1;1:2:1,4,4,1,1,1,0,1,1,1,1,1,5,7,1
55973,0:3:3;1:1:1;1:1:1;1:2:1,4,5,1,1,1,0,1,1,1,1,1,5,7,1
55974,0:3:3;1:1:1;1:1:1;1:2:1,5,0,1,1,1,0,1,1,1,1,1,5,7,10
55975,0:3:3;1:1:1;1:1:1;1:2:1,5,1,1,1,1,0,1,1,1,1,1,5,7,9
55976,0:3:3;1:1:1;1:1:1;1:2:1,5,2,1,1,1,0,1,1,1,1,1,5,7,7
55977,0:3:3;1:1:1;1:1:1;1:2:1,5,3,1,1,1,0,1,1,1,1,1,5,7,1
55978,0:3:3;1:1:1;1:1:1;1:2:1,5,4,1,1,1,0,1,1,1,1,1,5,7,1
55979,0:3:3;1:1:1;1:1:1;1:2:1,5,5,1,1,1,0,1,1,1,1,1,5,7,1
55980,0:3:3;1:1:1;1:1:1;1:2:2,0,0,0,0,0,1,0,0,0,0,0,0,1,24
55981,0:3:3;1:1:1;1:1:1;1:2:2,0,1,0,0,0,1,0,0,0,0,0,0,2,24
55982,0:3:3;1:1:1;1:1:1;1:2:2,0,2,0,0,0,1,0,0,0,0,0,0,3,24
55983,0:3:3;1:1:1;1:1:1;1:2:2,0,3,0,0,0,1,0,0,0,0,0,0,14,24
55984,0:3:3;1:1:1;1:1:1;1:2:2,0,4,0,0,0,1,0,0,0,0,0,0,14,24
55985,0:3:3;1:1:1;1:1:1;1:2:2,0,5,0,0,0,1,0,0,0,0,0,0,14,24
55986,0:3:3;1:1:1;1:1:1;1:2:2,1,0,1,0,0,1,0,0,0,0,0,3,6,24
55987,0:3:3;1:1:1;1:1:1;1:2:2,1,1,1,0,0,1,0,0,0,0,0,3,10,24
55988,0:3:3;1:1:1;1:1:1;1:2:2,1,2,1,1,0,0,1,1,1,1,1,5,8,7
55989,0:3:3;1:1:1;1:1:1;1:2:2,1,3,1,1,1,0,1,1,1,1,1,5,8,1
55990,0:3:3;1:1:1;1:1:1;1:2:2,1,4,1,1,1,0,1,1,1,1,1,5,8,1
55991,0:3:3;1:1:1;1:1:1;1:2:2,1,5,1,1,1,0,1,1,1,1,1,5,8,1
55992,0:3:3;1:1:1;1:1:1;1:2:2,2,0,1,0,0,1,0,0,0,0,0,5,16,24
55993,0:3:3;1:1:1;1:1:1;1:2:2,2,1,1,1,0,0,1,1,1,1,1,5,8,9
55994,0:3:3;1:1:1;1:1:1;1:2:2,2,2,1,1,1,0,1,1,1,1,1,5,8,7
55995,0:3:3;1:1:1;1:1:1;1:2:2,2,3,1,1,1,0,1,1,1,1,1,5,8,1
55996,0:3:3;1:1:1;1:1:1;1:2:2,2,4,1,1,1,0,1,1,1,1,1,5,8,1
55997,0:3:3;1:1:1;1:1:1;1:2:2,2,5,1,1,1,0,1,1,1,1,1,5,8,1
55998,0:3:3;1:1:1;1:1:1;1:2:2,3,0,1,1,0,1,0,0,1,0,1,6,12,11
55999,0:3:3;1:1:1;1:1:1;1:2:2,3,1,1,1,1,0,1,1,1,1,1,5,8,9
56000,0:3:3;1:1:1;1:1:1;1:2:2,3,2,1,1,1,0,1,1,1,1,1,5,8,7
56001,0:3:3;1:1:1;1:1:1;1:2:2,3,3,1,1,1,0,1,1,1,1,1,5,8,1
56002,0:3:3;1:1:1;1:1:1;1:2:2,3,4,1,1,1,0,1,1,1,1,1,5,8,1
56003,0:3:3;1:1:1;1:1:1;1:2:2,3,5,1,1,1,0,1,1,1,1,1,5,8,1
56004,0:3:3;1:1:1;1:1:1;1:2:2,4,0,1,1,1,0,1,1,1,1,1,5,8,10
56005,0:3:3;1:1:1;1:1:1;1:2:2,4,1,1,1,1,0,1,1,1,1,1,5,8,9
56006,0:3:3;1:1:1;1:1:1;1:2:2,4,2,1,1,1,0,1,1,1,1,1,5,8,7
56007,0:3:3;1:1:1;1:1:1;1:2:2,4,3,1,1,1,0,1,1,1,1,1,5,8,1
56008,0:3:3;1:1:1;1:1:1;1:2:2,4,4,1,1,1,0,1,1,1,1,1,5,8,1
56009,0:3:3;1:1:1;1:1:1;1:2:2,4,5,1,1,1,0,1,1,1,1,1,5,8,1
56010,0:3:3;1:1:1;1:1:1;1:2:2,5,0,1,1,1,0,1,1,1,1,1,5,8,10
56011,0:3:3;1:1:1;1:1:1;1:2:2,5,1,1,1,1,0,1,1,1,1,1,5,8,9
56012,0:3:3;1:1:1;1:1:1;1:2:2,5,2,1,1,1,0,1,1,1,1,1,5,8,7
56013,0:3:3;1:1:1;1:1:1;1:2:2,5,3,1,1,1,0,1,1,1,1,1,5,8,1
56014,0:3:3;1:1:1;1:1:1;1:2:2,5,4,1,1,1,0,1,1,1,1,1,5,8,1
56015,0:3:3;1:1:1;1:1:1;1:2:2,5,5,1,1,1,0,1,1,1,1,1,5,8,1
56016,0:3:3;1:1:1;1:1:1;1:3:2,0,0,0,0,0,1,0,0,0,0,0,0,1,24
56017,0:3:3;1:1:1;1:1:1;1:3:2,0,1,0,0,0,1,0,0,0,0,0,0,2,24
56018,0:3:3;1:1:1;1:1:1;1:3:2,0,2,0,0,0,1,0,0,0,0,0,0,3,24
56019,0:3:3;1:1:1;1:1:1;1:3:2,0,3,0,0,0,1,0,0,0,0,0,0,14,24
56020,0:3:3;1:1:1;1:1:1;1:3:2,0,4,0,0,0,1,0,0,0,0,0,0,14,24
56021,0:3:3;1:1:1;1:1:1;1:3:2,0,5,0,0,0,1,0,0,0,0,0,0,14,24
56022,0:3:3;1:1:1;1:1:1;1:3:2,1,0,1,0,0,1,0,0,0,0,0,3,6,24
56023,0:3:3;1:1:1;1:1:1;1:3:2,1,1,1,0,0,1,0,0,0,0,0,3,10,24
56024,0:3:3;1:1:1;1:1:1;1:3:2,1,2,1,1,0,0,1,1,1,1,1,5,8,7
56025,0:3:3;1:1:1;1:1:1;1:3:2,1,3,1,1,1,0,1,1,1,1,1,5,8,1
56026,0:3:3;1:1:1;1:1:1;1:3:2,1,4,1,1,1,0,1,1,1,1,1,5,8,1
56027,0:3:3;1:1:1;1:1:1;1:3:2,1,5,1,1,1,0,1,1,1,1,1,5,8,1
56028,0:3:3;1:1:1;1:1:1;1:3:2,2,0,1,1,0,1,0,0,1,1,1,8,19,19
56029,0:3:3;1:1:1;1:1:1;1:3:2,2,1,1,1,0,0,1,1,1,1,1,5,8,9
56030,0:3:3;1:1:1;1:1:1;1:3:2,2,2,1,1,1,0,1,1,1,1,1,5,8,7
56031,0:3:3;1:1:1;1:1:1;1:3:2,2,3,1,1,1,0,1,1,1,1,1,5,8,1
56032,0:3:3;1:1:1;1:1:1;1:3:2,2,4,1,1,1,0,1,1,1,1,1,5,8,1
56033,0:3:3;1:1:1;1:1:1;1:3:2,2,5,1,1,1,0,1,1,1,1,1,5,8,1
56034,0:3:3;1:1:1;1:1:1;1:3:2,3,0,1,1,0,1,0,0,1,1,1,6,12,11
56035,0:3:3;1:1:1;1:1:1;1:3:2,3,1,1,1,1,0,1,1,1,1,1,5,8,9
56036,0:3:3;1:1:1;1:1:1;1:3:2,3,2,1,1,1,0,1,1,1,1,1,5,8,7
56037,0:3:3;1:1:1;1:1:1;1:3:2,3,3,1,1,1,0,1,1,1,1,1,5,8,1
56038,0:3:3;1:1:1;1:1:1;1:3:2,3,4,1,1,1,0,1,1,1,1,1,5,8,1
56039,0:3:3;1:1:1;1:1:1;1:3:2,3,5,1,1,1,0,1,1,1,1,1,5,8,1
56040,0:3:3;1:1:1;1:1:1;1:3:2,4,0,1,1,1,0,1,1,1,1,1,5,8,10
56041,0:3:3;1:1:1;1:1:1;1:3:2,4,1,1,1,1,0,1,1,1,1,1,5,8,9
56042,0:3:3;1:1:1;1:1:1;1:3:2,4,2,1,1,1,0,1,1,1,1,1,5,8,7
56043,0:3:3;1:1:1;1:1:1;1:3:2,4,3,1,1,1,0,1,1,1,1,1,5,8,1
56044,0:3:3;1:1:1;1:1:1;1:3:2,4,4,1,1,1,0,1,1,1,1,1,5,8,1
56045,0:3:3;1:1:1;1:1:1;1:3:2,4,5,1,1,1,0,1,1,1,1,1,5,8,1
56046,0:3:3;1:1:1;1:1:1;1:3:2,5,0,1,1,1,0,1,1,1,1,1,5,8,10
56047,0:3:3;1:1:1;1:1:1;1:3:2,5,1,1,1,1,0,1,1,1,1,1,5,8,9
56048,0:3:3;1:1:1;1:1:1;1:3:2,5,2,1,1,1,0,1,1,1,1,1,5,8,7
56049,0:3:3;1:1:1;1:1:1;1:3:2,5,3,1,1,1,0,1,1,1,1,1,5,8,1
56050,0:3:3;1:1:1;1:1:1;1:3:2,5,4,1,1,1,0,1,1,1,1,1,5,8,1
56051,0:3:3;1:1:1;1:1:1;1:3:2,5,5,1,1,1,0,1,1,1,1,1,5,8,1
56052,0:3:3;1:1:1;1:1:1;1:3:3,0,0,0,0,0,1,0,0,0,0,0,0,1,24
56053,0:3:3;1:1:1;1:1:1;1:3:3,0,1,0,0,0,1,0,0,0,0,0,0,2,24
56054,0:3:3;1:1:1;1:1:1;1:3:3,0,2,0,0,0,1,0,0,0,0,0,0,3,24
56055,0:3:3;1:1:1;1:1:1;1:3:3,0,3,0,0,0,1,0,0,0,0,0,0,15,24
56056,0:3:3;1:1:1;1:1:1;1:3:3,0,4,0,0,0,1,0,0,0,0,0,0,15,24
56057,0:3:3;1:1:1;1:1:1;1:3:3,0,5,0,0,0,1,0,0,0,0,0,0,15,24
56058,0:3:3;1:1:1;1:1:1;1:3:3,1,0,0,0,0,1,0,0,0,0,0,0,6,24
56059,0:3:3;1:1:1;1:1:1;1:3:3,1,1,0,0,0,1,0,0,0,0,0,0,10,24
56060,0:3:3;1:1:1;1:1:1;1:3:3,1,2,0,0,0,1,0,0,0,0,0,0,23,24
56061,0:3:3;1:1:1;1:1:1;1:3:3,1,3,0,0,0,1,0,0,0,0,0,0,27,24
56062,0:3:3;1:1:1;1:1:1;1:3:3,1,4,0,0,0,1,0,0,0,0,0,0,27,24
56063,0:3:3;1:1:1;1:1:1;1:3:3,1,5,0,0,0,1,0,0,0,0,0,0,27,24
56064,0:3:3;1:1:1;1:1:1;1:3:3,2,0,1,0,0,1,0,0,0,0,0,4,14,24
56065,0:3:3;1:1:1;1:1:1;1:3:3,2,1,1,1,0,0,1,1,1,1,1,5,9,9
56066,0:3:3;1:1:1;1:1:1;1:3:3,2,2,1,1,0,0,1,1,1,1,1,5,9,7
56067,0:3:3;1:1:1;1:1:1;1:3:3,2,3,1,1,1,0,1,1,1,1,1,5,9,1
56068,0:3:3;1:1:1;1:1:1;1:3:3,2,4,1,1,1,0,1,1,1,1,1,5,9,1
56069,0:3:3;1:1:1;1:1:1;1:3:3,2,5,1,1,1,0,1,1,1,1,1,5,9,1
56070,0:3:3;1:1:1;1:1:1;1:3:3,3,0,1,1,0,1,0,0,1,0,1,8,27,19
56071,0:3:3;1:1:1;1:1:1;1:3:3,3,1,1,1,0,0,1,1,1,1,1,5,9,9
56072,0:3:3;1:1:1;1:1:1;1:3:3,3,2,1,1,1,0,1,1,1,1,1,5,9,7
56073,0:3:3;1:1:1;1:1:1;1:3:3,3,3,1,1,1,0,1,1,1,1,1,5,9,1
56074,0:3:3;1:1:1;1:1:1;1:3:3,3,4,1,1,1,0,1,1,1,1,1,5,9,1
56075,0:3:3;1:1:1;1:1:1;1:3:3,3,5,1,1,1,0,1,1,1,1,1,5,9,1
56076,0:3:3;1:1:1;1:1:1;1:3:3,4,0,1,1,0,1,0,0,1,0,1,6,15,11
56077,0:3:3;1:1:1;1:1:1;1:3:3,4,1,1,1,1,0,1,1,1,1,1,5,9,9
56078,0:3:3;1:1:1;1:1:1;1:3:3,4,2,1,1,1,0,1,1,1,1,1,5,9,7
56079,0:3:3;1:1:1;1:1:1;1:3:3,4,3,1,1,1,0,1,1,1,1,1,5,9,1
56080,0:3:3;1:1:1;1:1:1;1:3:3,4,4,1,1,1,0,1,1,1,1,1,5,9,1
56081,0:3:3;1:1:1;1:1:1;1:3:3,4,5,1,1,1,0,1,1,1,1,1,5,9,1
56082,0:3:3;1:1:1;1:1:1;1:3:3,5,0,1,1,1,0,1,1,1,1,1,5,9,10
56083,0:3:3;1:1:1;1:1:1;1:3:3,5,1,1,1,1,0,1,1,1,1,1,5,9,9
56084,0:3:3;1:1:1;1:1:1;1:3:3,5,2,1,1,1,0,1,1,1,1,1,5,9,7
56085,0:3:3;1:1:1;1:1:1;1:3:3,5,3,1,1,1,0,1,1,1,1,1,5,9,1
56086,0:3:3;1:1:1;1:1:1;1:3:3,5,4,1,1,1,0,1,1,1,1,1,5,9,1
56087,0:3:3;1:1:1;1:1:1;1:3:3,5,5,1,1,1,0,1,1,1,1,1,5,9,1
56088,0:3:3;1:1:1;1:1:1;1:4:3,0,0,0,0,0,1,0,0,0,0,0,0,1,24
56089,0:3:3;1:1:1;1:1:1;1:4:3,0,1,0,0,0,1,0,0,0,0,0,0,2,24
56090,0:3:3;1:1:1;1:1:1;1:4:3,0,2,0,0,0,1,0,0,0,0,0,0,3,24
56091,0:3:3;1:1:1;1:1:1;1:4:3,0,3,0,0,0,1,0,0,0,0,0,0,15,24
56092,0:3:3;1:1:1;1:1:1;1:4:3,0,4,0,0,0,1,0,0,0,0,0,0,15,24
56093,0:3:3;1:1:1;1:1:1;1:4:3,0,5,0,0,0,1,0,0,0,0,0,0,15,24
56094,0:3:3;1:1:1;1:1:1;1:4:3,1,0,0,0,0,1,0,0,0,0,0,0,6,24
56095,0:3:3;1:1:1;1:1:1;1:4:3,1,1,0,0,0,1,0,0,0,0,0,0,10,24
56096,0:3:3;1:1:1;1:1:1;1:4:3,1,2,0,0,0,1,0,0,0,0,0,0,23,24
56097,0:3:3;1:1:1;1:1:1;1:4:3,1,3,0,0,0,1,0,0,0,0,0,0,27,24
56098,0:3:3;1:1:1;1:1:1;1:4:3,1,4,0,0,0,1,0,0,0,0,0,0,27,24
56099,0:3:3;1:1:1;1:1:1;1:4:3,1,5,0,0,0,1,0,0,0,0,0,0,27,24
56100,0:3:3;1:1:1;1:1:1;1:4:3,2,0,1,0,0,1,0,0,0,0,0,4,14,24
56101,0:3:3;1:1:1;1:1:1;1:4:3,2,1,1,1,0,0,1,1,1,1,1,5,9,9
56102,0:3:3;1:1:1;1:1:1;1:4:3,2,2,1,1,0,0,1,1,1,1,1,5,9,7
56103,0:3:3;1:1:1;1:1:1;1:4:3,2,3,1,1,1,0,1,1,1,1,1,5,9,1
56104,0:3:3;1:1:1;1:1:1;1:4:3,2,4,1,1,1,0,1,1,1,1,1,5,9,1
56105,0:3:3;1:1:1;1:1:1;1:4:3,2,5,1,1,1,0,1,1,1,1,1,5,9,1
56106,0:3:3;1:1:1;1:1:1;1:4:3,3,0,1,1,0,1,0,0,1,1,1,8,27,19
56107,0:3:3;1:1:1;1:1:1;1:4:3,3,1,1,1,0,0,1,1,1,1,1,5,9,9
56108,0:3:3;1:1:1;1:1:1;1:4:3,3,2,1,1,1,0,1,1,1,1,1,5,9,7
56109,0:3:3;1:1:1;1:1:1;1:4:3,3,3,1,1,1,0,1,1,1,1,1,5,9,1
56110,0:3:3;1:1:1;1:1:1;1:4:3,3,4,1,1,1,0,1,1,1,1,1,5,9,1
56111,0:3:3;1:1:1;1:1:1;1:4:3,3,5,1,1,1,0,1,1,1,1,1,5,9,1
56112,0:3:3;1:1:1;1:1:1;1:4:3,4,0,1,1,0,1,0,0,1,1,1,6,15,11
56113,0:3:3;1:1:1;1:1:1;1:4:3,4,1,1,1,1,0,1,1,1,1,1,5,9,9
56114,0:3:3;1:1:1;1:1:1;1:4:3,4,2,1,1,1,0,1,1,1,1,1,5,9,7
56115,0:3:3;1:1:1;1:1:1;1:4:3,4,3,1,1,1,0,1,1,1,1,1,5,9,1
56116,0:3:3;1:1:1;1:1:1;1:4:3,4,4,1,1,1,0,1,1,1,1,1,5,9,1
56117,0:3:3;1:1:1;1:1:1;1:4:3,4,5,1,1,1,0,1,1,1,1,1,5,9,1
56118,0:3:3;1:1:1;1:1:1;1:4:3,5,0,1,1,1,0,1,1,1,1,1,5,9,10
56119,0:3:3;1:1:1;1:1:1;1:4:3,5,1,1,1,1,0,1,1,1,1,1,5,9,9
56120,0:3:3;1:1:1;1:1:1;1:4:3,5,2,1,1,1,0,1,1,1,1,1,5,9,7
56121,0:3:3;1:1:1;1:1:1;1:4:3,5,3,1,1,1,0,1,1,1,1,1,5,9,1
56122,0:3:3;1:1:1;1:1:1;1:4:3,5,4,1,1,1,0,1,1,1,1,1,5,9,1
56123,0:3:3;1:1:1;1:1:1;1:4:3,5,5,1,1,1,0,1,1,1,1,1,5,9,1
56124,0:3:3;1:1:1;1:2:1;1:2:1,0,0,1,0,0,1,0,0,0,0,0,1,1,24
56125,0:3:3;1:1:1;1:2:1;1:2:1,0,1,1,0,0,1,0,0,0,0,0,1,2,24
56126,0:3:3;1:1:1;1:2:1;1:2:1,0,2,1,0,0,1,0,0,0,0,0,1,3,24
56127,0:3:3;1:1:1;1:2:1;1:2:1,0,3,1,1,1,0,1,1,1,1,1,5,7,1
56128,0:3:3;1:1:1;1:2:1;1:2:1,0,4,1,1,1,0,1,1,1,1,1,5,7,1
56129,0:3:3;1:1:1;1:2:1;1:2:1,0,5,1,1,1,0,1,1,1,1,1,5,7,1
56130,0:3:3;1:1:1;1:2:1;1:2:1,1,0,1,0,0,1,0,0,0,0,0,4,9,24
56131,0:3:3;1:1:1;1:2:1;1:2:1,1,1,1,1,0,1,0,0,0,1,1,6,9,13
56132,0:3:3;1:1:1;1:2:1;1:2:1,1,2,1,1,1,0,1,1,1,1,1,5,7,7
56133,0:3:3;1:1:1;1:2:1;1:2:1,1,3,1,1,1,0,1,1,1,1,1,5,7,1
56134,0:3:3;1:1:1;1:2:1;1:2:1,1,4,1,1,1,0,1,1,1,1,1,5,7,1
56135,0:3:3;1:1:1;1:2:1;1:2:1,1,5,1,1,1,0,1,1,1,1,1,5,7,1
56136,0:3:3;1:1:1;1:2:1;1:2:1,2,0,1,1,0,0,1,1,1,1,1,5,7,9
56137,0:3:3;1:1:1;1:2:1;1:2:1,2,1,1,1,1,0,1,1,1,1,1,5,7,9
56138,0:3:3;1:1:1;1:2:1;1:2:1,2,2,1,1,1,0,1,1,1,1,1,5,7,7
56139,0:3:3;1:1:1;1:2:1;1:2:1,2,3,1,1,1,0,1,1,1,1,1,5,7,1
56140,0:3:3;1:1:1;1:2:1;1:2:1,2,4,1,1,1,0,1,1,1,1,1,5,7,1
56141,0:3:3;1:1:1;1:2:1;1:2:1,2,5,1,1,1,0,1,1,1,1,1,5,7,1
56142,0:3:3;1:1:1;1:2:1;1:2:1,3,0,1,1,1,0,1,1,1,1,1,5,7,9
56143,0:3:3;1:1:1;1:2:1;1:2:1,3,1,1,1,1,0,1,1,1,1,1,5,7,9
56144,0:3:3;1:1:1;1:2:1;1:2:1,3,2,1,1,1,0,1,1,1,1,1,5,7,7
56145,0:3:3;1:1:1;1:2:1;1:2:1,3,3,1,1,1,0,1,1,1,1,1,5,7,1
56146,0:3:3;1:1:1;1:2:1;1:2:1,3,4,1,1,1,0,1,1,1,1,1,5,7,1
56147,0:3:3;1:1:1;1:2:1;1:2:1,3,5,1,1,1,0,1,1,1,1,1,5,7,1
56148,0:3:3;1:1:1;1:2:1;1:2:1,4,0,1,1,1,0,1,1,1,1,1,5,7,9
56149,0:3:3;1:1:1;1:2:1;1:2:1,4,1,1,1,1,0,1,1,1,1,1,5,7,9
56150,0:3:3;1:1:1;1:2:1;1:2:1,4,2,1,1,1,0,1,1,1,1,1,5,7,7
56151,0:3:3;1:1:1;1:2:1;1:2:1,4,3,1,1,1,0,1,1,1,1,1,5,7,1
56152,0:3:3;1:1:1;1:2:1;1:2:1,4,4,1,1,1,0,1,1,1,1,1,5,7,1
56153,0:3:3;1:1:1;1:2:1;1:2:1,4,5,1,1,1,0,1,1,1,1,1,5,7,1
56154,0:3:3;1:1:1;1:2:1;1:2:1,5,0,1,1,1,0,1,1,1,1,1,5,7,9
56155,0:3:3;1:1:1;1:2:1;1:2:1,5,1,1,1,1,0,1,1,1,1,1,5,7,9
56156,0:3:3;1:1:1;1:2:1;1:2:1,5,2,1,1,1,0,1,1,1,1,1,5,7,7
56157,0:3:3;1:1:1;1:2:1;1:2:1,5,3,1,1,1,0,1,1,1,1,1,5,7,1
56158,0:3:3;1:1:1;1:2:1;1:2:1,5,4,1,1,1,0,1,1,1,1,1,5,7,1
56159,0:3:3;1:1:1;1:2:1;1:2:1,5,5,1,1,1,0,1,1,1,1,1,5,7,1
56160,0:3:3;1:1:1;1:2:1;1:2:2,0,0,0,0,0,1,0,0,0,0,0,0,1,24
56161,0:3:3;1:1:1;1:2:1;1:2:2,0,1,0,0,0,1,0,0,0,0,0,0,2,24
56162,0:3:3;1:1:1;1:2:1;1:2:2,0,2,0,0,0,1,0,0,0,0,0,0,3,24
56163,0:3:3;1:1:1;1:2:1;1:2:2,0,3,0,0,0,1,0,0,0,0,0,0,14,24
56164,0:3:3;1:1:1;1:2:1;1:2:2,0,4,0,0,0,1,0,0,0,0,0,0,14,24
56165,0:3:3;1:1:1;1:2:1;1:2:2,0,5,0,0,0,1,0,0,0,0,0,0,14,24
56166,0:3:3;1:1:1;1:2:1;1:2:2,1,0,1,0,0,1,0,0,0,0,0,3,7,24
56167,0:3:3;1:1:1;1:2:1;1:2:2,1,1,1,1,0,1,0,0,0,1,1,6,10,13
56168,0:3:3;1:1:1;1:2:1;1:2:2,1,2,1,1,0,0,1,1,1,1,1,5,8,7
56169,0:3:3;1:1:1;1:2:1;1:2:2,1,3,1,1,1,0,1,1,1,1,1,5,8,1
56170,0:3:3;1:1:1;1:2:1;1:2:2,1,4,1,1,1,0,1,1,1,1,1,5,8,1
56171,0:3:3;1:1:1;1:2:1;1:2:2,1,5,1,1,1,0,1,1,1,1,1,5,8,1
56172,0:3:3;1:1:1;1:2:1;1:2:2,2,0,1,1,0,1,1,1,0,1,1,5,8,9
56173,0:3:3;1:1:1;1:2:1;1:2:2,2,1,1,1,0,0,1,1,1,1,1,5,8,9
56174,0:3:3;1:1:1;1:2:1;1:2:2,2,2,1,1,1,0,1,1,1,1,1,5,8,7
56175,0:3:3;1:1:1;1:2:1;1:2:2,2,3,1,1,1,0,1,1,1,1,1,5,8,1
56176,0:3:3;1:1:1;1:2:1;1:2:2,2,4,1,1,1,0,1,1,1,1,1,5,8,1
56177,0:3:3;1:1:1;1:2:1;1:2:2,2,5,1,1,1,0,1,1,1,1,1,5,8,1
56178,0:3:3;1:1:1;1:2:1;1:2:2,3,0,1,1,0,0,1,1,1,1,1,5,8,9
56179,0:3:3;1:1:1;1:2:1;1:2:2,3,1,1,1,1,0,1,1,1,1,1,5,8,9
56180,0:3:3;1:1:1;1:2:1;1:2:2,3,2,1,1,1,0,1,1,1,1,1,5,8,7
56181,0:3:3;1:1:1;1:2:1;1:2:2,3,3,1,1,1,0,1,1,1,1,1,5,8,1
56182,0:3:3;1:1:1;1:2:1;1:2:2,3,4,1,1,1,0,1,1,1,1,1,5,8,1
56183,0:3:3;1:1:1;1:2:1;1:2:2,3,5,1,1,1,0,1,1,1,1,1,5,8,1
56184,0:3:3;1:1:1;1:2:1;1:2:2,4,0,1,1,1,0,1,1,1,1,1,5,8,9
56185,0:3:3;1:1:1;1:2:1;1:2:2,4,1,1,1,1,0,1,1,1,1,1,5,8,9
56186,0:3:3;1:1:1;1:2:1;1:2:2,4,2,1,1,1,0,1,1,1,1,1,5,8,7
56187,0:3:3;1:1:1;1:2:1;1:2:2,4,3,1,1,1,0,1,1,1,1,1,5,8,1
56188,0:3:3;1:1:1;1:2:1;1:2:2,4,4,1,1,1,0,1,1,1,1,1,5,8,1
56189,0:3:3;1:1:1;1:2:1;1:2:2,4,5,1,1,1,0,1,1,1,1,1,5,8,1
56190,0:3:3;1:1:1;1:2:1;1:2:2,5,0,1,1,1,0,1,1,1,1,1,5,8,9
56191,0:3:3;1:1:1;1:2:1;1:2:2,5,1,1,1,1,0,1,1,1,1,1,5,8,9
56192,0:3:3;1:1:1;1:2:1;1:2:2,5,2,1,1,1,0,1,1,1,1,1,5,8,7
56193,0:3:3;1:1:1;1:2:1;1:2:2,5,3,1,1,1,0,1,1,1,1,1,5,8,1
56194,0:3:3;1:1:1;1:2:1;1:2:2,5,4,1,1,1,0,1,1,1,1,1,5,8,1
56195,0:3:3;1:1:1;1:2:1;1:2:2,5,5,1,1,1,0,1,1,1,1,1,5,8,1
56196,0:3:3;1:1:1;1:2:1;1:3:2,0,0,0,0,0,1,0,0,0,0,0,0,1,24
56197,0:3:3;1:1:1;1:2:1;1:3:2,0,1,0,0,0,1,0,0,0,0,0,0,2,24
56198,0:3:3;1:1:1;1:2:1;1:3:2,0,2,0,0,0,1,0,0,0,0,0,0,3,24
56199,0:3:3;1:1:1;1:2:1;1:3:2,0,3,0,0,0,1,0,0,0,0,0,0,14,24
56200,0:3:3;1:1:1;1:2:1;1:3:2,0,4,0,0,0,1,0,0,0,0,0,0,14,24
56201,0:3:3;1:1:1;1:2:1;1:3:2,0,5,0,0,0,1,0,0,0,0,0,0,14,24
56202,0:3:3;1:1:1;1:2:1;1:3:2,1,0,1,0,0,1,0,0,0,0,0,3,7,24
56203,0:3:3;1:1:1;1:2:1;1:3:2,1,1,1,1,0,1,0,0,0,1,1,6,10,13
56204,0:3:3;1:1:1;1:2:1;1:3:2,1,2,1,1,0,0,1,1,1,1,1,5,8,7
56205,0:3:3;1:1:1;1:2:1;1:3:2,1,3,1,1,1,0,1,1,1,1,1,5,8,1
56206,0:3:3;1:1:1;1:2:1;1:3:2,1,4,1,1,1,0,1,1,1,1,1,5,8,1
56207,0:3:3;1:1:1;1:2:1;1:3:2,1,5,1,1,1,0,1,1,1,1,1,5,8,1
56208,0:3:3;1:1:1;1:2:1;1:3:2,2,0,1,1,0,0,1,1,1,1,1,5,8,9
56209,0:3:3;1:1:1;1:2:1;1:3:2,2,1,1,1,0,0,1,1,1,1,1,5,8,9
56210,0:3:3;1:1:1;1:2:1;1:3:2,2,2,1,1,1,0,1,1,1,1,1,5,8,7
56211,0:3:3;1:1:1;1:2:1;1:3:2,2,3,1,1,1,0,1,1,1,1,1,5,8,1
56212,0:3:3;1:1:1;1:2:1;1:3:2,2,4,1,1,1,0,1,1,1,1,1,5,8,1
56213,0:3:3;1:1:1;1:2:1;1:3:2,2,5,1,1,1,0,1,1,1,1,1,5,8,1
56214,0:3:3;1:1:1;1:2:1;1:3:2,3,0,1,1,0,0,1,1,1,1,1,5,8,9
56215,0:3:3;1:1:1;1:2:1;1:3:2,3,1,1,1,1,0,1,1,1,1,1,5,8,9
56216,0:3:3;1:1:1;1:2:1;1:3:2,3,2,1,1,1,0,1,1,1,1,1,5,8,7
56217,0:3:3;1:1:1;1:2:1;1:3:2,3,3,1,1,1,0,1,1,1,1,1,5,8,1
56218,0:3:3;1:1:1;1:2:1;1:3:2,3,4,1,1,1,0,1,1,1,1,1,5,8,1
56219,0:3:3;1:1:1;1:2:1;1:3:2,3,5,1,1,1,0,1,1,1,1,1,5,8,1
56220,0:3:3;1:1:1;1:2:1;1:3:2,4,0,1,1,1,0,1,1,1,1,1,5,8,9
56221,0:3:3;1:1:1;1:2:1;1:3:2,4,1,1,1,1,0,1,1,1,1,1,5,8,9
56222,0:3:3;1:1:1;1:2:1;1:3:2,4,2,1,1,1,0,1,1,1,1,1,5,8,7
56223,0:3:3;1:1:1;1:2:1;1:3:2,4,3,1,1,1,0,1,1,1,1,1,5,8,1
56224,0:3:3;1:1:1;1:2:1;1:3:2,4,4,1,1,1,0,1,1,1,1,1,5,8,1
56225,0:3:3;1:1:1;1:2:1;1:3:2,4,5,1,1,1,0,1,1,1,1,1,5,8,1
56226,0:3:3;1:1:1;1:2:1;1:3:2,5,0,1,1,1,0,1,1,1,1,1,5,8,9
56227,0:3:3;1:1:1;1:2:1;1:3:2,5,1,1,1,1,0,1,1,1,1,1,5,8,9
56228,0:3:3;1:1:1;1:2:1;1:3:2,5,2,1,1,1,0,1,1,1,1,1,5,8,7
56229,0:3:3;1:1:1;1:2:1;1:3:2,5,3,1,1,1,0,1,1,1,1,1,5,8,1
56230,0:3:3;1:1:1;1:2:1;1:3:2,5,4,1,1,1,0,1,1,1,1,1,5,8,1
56231,0:3:3;1:1:1;1:2:1;1:3:2,5,5,1,1,1,0,1,1,1,1,1,5,8,1
56232,0:3:3;1:1:1;1:2:1;1:3:3,0,0,0,0,0,1,0,0,0,0,0,0,1,24
56233,0:3:3;1:1:1;1:2:1;1:3:3,0,1,0,0,0,1,0,0,0,0,0,0,2,24
56234,0:3:3;1:1:1;1:2:1;1:3:3,0,2,0,0,0,1,0,0,0,0,0,0,3,24
56235,0:3:3;1:1:1;1:2:1;1:3:3,0,3,0,0,0,1,0,0,0,0,0,0,15,24
56236,0:3:3;1:1:1;1:2:1;1:3:3,0,4,0,0,0,1,0,0,0,0,0,0,15,24
56237,0:3:3;1:1:1;1:2:1;1:3:3,0,5,0,0,0,1,0,0,0,0,0,0,15,24
56238,0:3:3;1:1:1;1:2:1;1:3:3,1,0,0,0,0,1,0,0,0,0,0,0,7,24
56239,0:3:3;1:1:1;1:2:1;1:3:3,1,1,0,0,0,1,0,0,0,0,0,0,17,24
56240,0:3:3;1:1:1;1:2:1;1:3:3,1,2,0,0,0,1,0,0,0,0,0,0,23,24
56241,0:3:3;1:1:1;1:2:1;1:3:3,1,3,0,0,0,1,0,0,0,0,0,0,27,24
56242,0:3:3;1:1:1;1:2:1;1:3:3,1,4,0,0,0,1,0,0,0,0,0,0,27,24
56243,0:3:3;1:1:1;1:2:1;1:3:3,1,5,0,0,0,1,0,0,0,0,0,0,27,24
56244,0:3:3;1:1:1;1:2:1;1:3:3,2,0,1,1,0,0,1,1,1,1,1,5,9,9
56245,0:3:3;1:1:1;1:2:1;1:3:3,2,1,1,1,0,0,1,1,1,1,1,5,9,9
56246,0:3:3;1:1:1;1:2:1;1:3:3,2,2,1,1,0,0,1,1,1,1,1,5,9,7
56247,0:3:3;1:1:1;1:2:1;1:3:3,2,3,1,1,1,0,1,1,1,1,1,5,9,1
56248,0:3:3;1:1:1;1:2:1;1:3:3,2,4,1,1,1,0,1,1,1,1,1,5,9,1
56249,0:3:3;1:1:1;1:2:1;1:3:3,2,5,1,1,1,0,1,1,1,1,1,5,9,1
56250,0:3:3;1:1:1;1:2:1;1:3:3,3,0,1,1,0,0,1,1,1,1,1,5,9,9
56251,0:3:3;1:1:1;1:2:1;1:3:3,3,1,1,1,0,0,1,1,1,1,1,5,9,9
56252,0:3:3;1:1:1;1:2:1;1:3:3,3,2,1,1,1,0,1,1,1,1,1,5,9,7
56253,0:3:3;1:1:1;1:2:1;1:3:3,3,3,1,1,1,0,1,1,1,1,1,5,9,1
56254,0:3:3;1:1:1;1:2:1;1:3:3,3,4,1,1,1,0,1,1,1,1,1,5,9,1
56255,0:3:3;1:1:1;1:2:1;1:3:3,3,5,1,1,1,0,1,1,1,1,1,5,9,1
56256,0:3:3;1:1:1;1:2:1;1:3:3,4,0,1,1,0,0,1,1,1,1,1,5,9,9
56257,0:3:3;1:1:1;1:2:1;1:3:3,4,1,1,1,1,0,1,1,1,1,1,5,9,9
56258,0:3:3;1:1:1;1:2:1;1:3:3,4,2,1,1,1,0,1,1,1,1,1,5,9,7
56259,0:3:3;1:1:1;1:2:1;1:3:3,4,3,1,1,1,0,1,1,1,1,1,5,9,1
56260,0:3:3;1:1:1;1:2:1;1:3:3,4,4,1,1,1,0,1,1,1,1,1,5,9,1
56261,0:3:3;1:1:1;1:2:1;1:3:3,4,5,1,1,1,0,1,1,1,1,1,5,9,1
56262,0:3:3;1:1:1;1:2:1;1:3:3,5,0,1,1,1,0,1,1,1,1,1,5,9,9
56263,0:3:3;1:1:1;1:2:1;1:3:3,5,1,1,1,1,0,1,1,1,1,1,5,9,9
56264,0:3:3;1:1:1;1:2:1;1:3:3,5,2,1,1,1,0,1,1,1,1,1,5,9,7
56265,0:3:3;1:1:1;1:2:1;1:3:3,5,3,1,1,1,0,1,1,1,1,1,5,9,1
56266,0:3:3;1:1:1;1:2:1;1:3:3,5,4,1,1,1,0,1,1,1,1,1,5,9,1
56267,0:3:3;1:1:1;1:2:1;1:3:3,5,5,1,1,1,0,1,1,1,1,1,5,9,1
56268,0:3:3;1:1:1;1:2:1;1:4:3,0,0,0,0,0,1,0,0,0,0,0,0,1,24
56269,0:3:3;1:1:1;1:2:1;1:4:3,0,1,0,0,0,1,0,0,0,0,0,0,2,24
56270,0:3:3;1:1:1;1:2:1;1:4:3,0,2,0,0,0,1,0,0,0,0,0,0,3,24
56271,0:3:3;1:1:1;1:2:1;1:4:3,0,3,0,0,0,1,0,0,0,0,0,0,15,24
56272,0:3:3;1:1:1;1:2:1;1:4:3,0,4,0,0,0,1,0,0,0,0,0,0,15,24
56273,0:3:3;1:1:1;1:2:1;1:4:3,0,5,0,0,0,1,0,0,0,0,0,0,15,24
56274,0:3:3;1:1:1;1:2:1;1:4:3,1,0,0,0,0,1,0,0,0,0,0,0,7,24
56275,0:3:3;1:1:1;1:2:1;1:4:3,1,1,0,0,0,1,0,0,0,0,0,0,17,24
56276,0:3:3;1:1:1;1:2:1;1:4:3,1,2,0,0,0,1,0,0,0,0,0,0,23,24
56277,0:3:3;1:1:1;1:2:1;1:4:3,1,3,0,0,0,1,0,0,0,0,0,0,27,24
56278,0:3:3;1:1:1;1:2:1;1:4:3,1,4,0,0,0,1,0,0,0,0,0,0,27,24
56279,0:3:3;1:1:1;1:2:1;1:4:3,1,5,0,0,0,1,0,0,0,0,0,0,27,24
56280,0:3:3;1:1:1;1:2:1;1:4:3,2,0,1,1,0,0,1,1,1,1,1,5,9,9
56281,0:3:3;1:1:1;1:2:1;1:4:3,2,1,1,1,0,0,1,1,1,1,1,5,9,9
56282,0:3:3;1:1:1;1:2:1;1:4:3,2,2,1,1,0,0,1,1,1,1,1,5,9,7
56283,0:3:3;1:1:1;1:2:1;1:4:3,2,3,1,1,1,0,1,1,1,1,1,5,9,1
56284,0:3:3;1:1:1;1:2:1;1:4:3,2,4,1,1,1,0,1,1,1,1,1,5,9,1
56285,0:3:3;1:1:1;1:2:1;1:4:3,2,5,1,1,1,0,1,1,1,1,1,5,9,1
56286,0:3:3;1:1:1;1:2:1;1:4:3,3,0,1,1,0,0,1,1,1,1,1,5,9,9
56287,0:3:3;1:1:1;1:2:1;1:4:3,3,1,1,1,0,0,1,1,1,1,1,5,9,9
56288,0:3:3;1:1:1;1:2:1;1:4:3,3,2,1,1,1,0,1,1,1,1,1,5,9,7
56289,0:3:3;1:1:1;1:2:1;1:4:3,3,3,1,1,1,0,1,1,1,1,1,5,9,1
56290,0:3:3;1:1:1;1:2:1;1:4:3,3,4,1,1,1,0,1,1,1,1,1,5,9,1
56291,0:3:3;1:1:1;1:2:1;1:4:3,3,5,1,1,1,0,1,1,1,1,1,5,9,1
56292,0:3:3;1:1:1;1:2:1;1:4:3,4,0,1,1,0,0,1,1,1,1,1,5,9,9
56293,0:3:3;1:1:1;1:2:1;1:4:3,4,1,1,1,1,0,1,1,1,1,1,5,9,9
56294,0:3:3;1:1:1;1:2:1;1:4:3,4,2,1,1,1,0,1,1,1,1,1,5,9,7
56295,0:3:3;1:1:1;1:2:1;1:4:3,4,3,1,1,1,0,1,1,1,1,1,5,9,1
56296,0:3:3;1:1:1;1:2:1;1:4:3,4,4,1,1,1,0,1,1,1,1,1,5,9,1
56297,0:3:3;1:1:1;1:2:1;1:4:3,4,5,1,1,1,0,1,1,1,1,1,5,9,1
56298,0:3:3;1:1:1;1:2:1;1:4:3,5,0,1,1,1,0,1,1,1,1,1,5,9,9
56299,0:3:3;1:1:1;1:2:1;1:4:3,5,1,1,1,1,0,1,1,1,1,1,5,9,9
56300,0:3:3;1:1:1;1:2:1;1:4:3,5,2,1,1,1,0,1,1,1,1,1,5,9,7
56301,0:3:3;1:1:1;1:2:1;1:4:3,5,3,1,1,1,0,1,1,1,1,1,5,9,1
56302,0:3:3;1:1:1;1:2:1;1:4:3,5,4,1,1,1,0,1,1,1,1,1,5,9,1
56303,0:3:3;1:1:1;1:2:1;1:4:3,5,5,1,1,1,0,1,1,1,1,1,5,9,1
56304,0:3:3;1:1:1;1:2:2;1:2:2,0,0,0,0,0,1,0,0,0,0,0,0,1,24
56305,0:3:3;1:1:1;1:2:2;1:2:2,0,1,0,0,0,1,0,0,0,0,0,0,2,24
56306,0:3:3;1:1:1;1:2:2;1:2:2,0,2,0,0,0,1,0,0,0,0,0,0,3,24
56307,0:3:3;1:1:1;1:2:2;1:2:2,0,3,0,0,0,1,0,0,0,0,0,0,17,24
56308,0:3:3;1:1:1;1:2:2;1:2:2,0,4,0,0,0,1,0,0,0,0,0,0,17,24
56309,0:3:3;1:1:1;1:2:2;1:2:2,0,5,0,0,0,1,0,0,0,0,0,0,17,24
56310,0:3:3;1:1:1;1:2:2;1:2:2,1,0,0,0,0,1,0,0,0,0,0,0,5,24
56311,0:3:3;1:1:1;1:2:2;1:2:2,1,1,0,0,0,1,0,0,0,0,0,0,9,24
56312,0:3:3;1:1:1;1:2:2;1:2:2,1,2,0,0,0,1,0,0,0,0,0,0,20,24
56313,0:3:3;1:1:1;1:2:2;1:2:2,1,3,0,0,0,1,0,0,0,0,0,0,29,24
56314,0:3:3;1:1:1;1:2:2;1:2:2,1,4,0,0,0,1,0,0,0,0,0,0,29,24
56315,0:3:3;1:1:1;1:2:2;1:2:2,1,5,0,0,0,1,0,0,0,0,0,0,29,24
56316,0:3:3;1:1:1;1:2:2;1:2:2,2,0,1,0,0,1,0,0,0,0,0,4,16,24
56317,0:3:3;1:1:1;1:2:2;1:2:2,2,1,1,1,0,1,0,0,1,0,1,6,15,13
56318,0:3:3;1:1:1;1:2:2;1:2:2,2,2,1,1,1,0,1,1,1,1,1,5,9,7
56319,0:3:3;1:1:1;1:2:2;1:2:2,2,3,1,1,1,0,1,1,1,1,1,5,9,1
56320,0:3:3;1:1:1;1:2:2;1:2:2,2,4,1,1,1,0,1,1,1,1,1,5,9,1
56321,0:3:3;1:1:1;1:2:2;1:2:2,2,5,1,1,1,0,1,1,1,1,1,5,9,1
56322,0:3:3;1:1:1;1:2:2;1:2:2,3,0,1,1,0,0,1,1,1,1,1,5,9,9
56323,0:3:3;1:1:1;1:2:2;1:2:2,3,1,1,1,1,0,1,1,1,1,1,5,9,9
56324,0:3:3;1:1:1;1:2:2;1:2:2,3,2,1,1,1,0,1,1,1,1,1,5,9,7
56325,0:3:3;1:1:1;1:2:2;1:2:2,3,3,1,1,1,0,1,1,1,1,1,5,9,1
56326,0:3:3;1:1:1;1:2:2;1:2:2,3,4,1,1,1,0,1,1,1,1,1,5,9,1
56327,0:3:3;1:1:1;1:2:2;1:2:2,3,5,1,1,1,0,1,1,1,1,1,5,9,1
56328,0:3:3;1:1:1;1:2:2;1:2:2,4,0,1,1,1,0,1,1,1,1,1,5,9,9
56329,0:3:3;1:1:1;1:2:2;1:2:2,4,1,1,1,1,0,1,1,1,1,1,5,9,9
56330,0:3:3;1:1:1;1:2:2;1:2:2,4,2,1,1,1,0,1,1,1,1,1,5,9,7
56331,0:3:3;1:1:1;1:2:2;1:2:2,4,3,1,1,1,0,1,1,1,1,1,5,9,1
56332,0:3:3;1:1:1;1:2:2;1:2:2,4,4,1,1,1,0,1,1,1,1,1,5,9,1
56333,0:3:3;1:1:1;1:2:2;1:2:2,4,5,1,1,1,0,1,1,1,1,1,5,9,1
56334,0:3:3;1:1:1;1:2:2;1:2:2,5,0,1,1,1,0,1,1,1,1,1,5,9,9
56335,0:3:3;1:1:1;1:2:2;1:2:2,5,1,1,1,1,0,1,1,1,1,1,5,9,9
56336,0:3:3;1:1:1;1:2:2;1:2:2,5,2,1,1,1,0,1,1,1,1,1,5,9,7
56337,0:3:3;1:1:1;1:2:2;1:2:2,5,3,1,1,1,0,1,1,1,1,1,5,9,1
56338,0:3:3;1:1:1;1:2:2;1:2:2,5,4,1,1,1,0,1,1,1,1,1,5,9,1
56339,0:3:3;1:1:1;1:2:2;1:2:2,5,5,1,1,1,0,1,1,1,1,1,5,9,1
56340,0:3:3;1:1:1;1:2:2;1:3:2,0,0,0,0,0,1,0,0,0,0,0,0,1,24
56341,0:3:3;1:1:1;1:2:2;1:3:2,0,1,0,0,0,1,0,0,0,0,0,0,2,24
56342,0:3:3;1:1:1;1:2:2;1:3:2,0,2,0,0,0,1,0,0,0,0,0,0,3,24
56343,0:3:3;1:1:1;1:2:2;1:3:2,0,3,0,0,0,1,0,0,0,0,0,0,17,24
56344,0:3:3;1:1:1;1:2:2;1:3:2,0,4,0,0,0,1,0,0,0,0,0,0,17,24
56345,0:3:3;1:1:1;1:2:2;1:3:2,0,5,0,0,0,1,0,0,0,0,0,0,17,24
56346,0:3:3;1:1:1;1:2:2;1:3:2,1,0,0,0,0,1,0,0,0,0,0,0,5,24
56347,0:3:3;1:1:1;1:2:2;1:3:2,1,1,0,0,0,1,0,0,0,0,0,0,9,24
56348,0:3:3;1:1:1;1:2:2;1:3:2,1,2,0,0,0,1,0,0,0,0,0,0,20,24
56349,0:3:3;1:1:1;1:2:2;1:3:2,1,3,0,0,0,1,0,0,0,0,0,0,29,24
56350,0:3:3;1:1:1;1:2:2;1:3:2,1,4,0,0,0,1,0,0,0,0,0,0,29,24
56351,0:3:3;1:1:1;1:2:2;1:3:2,1,5,0,0,0,1,0,0,0,0,0,0,29,24
56352,0:3:3;1:1:1;1:2:2;1:3:2,2,0,1,1,0,1,0,0,0,1,1,7,20,19
56353,0:3:3;1:1:1;1:2:2;1:3:2,2,1,1,1,0,1,0,0,1,1,1,6,15,13
56354,0:3:3;1:1:1;1:2:2;1:3:2,2,2,1,1,1,0,1,1,1,1,1,5,9,7
56355,0:3:3;1:1:1;1:2:2;1:3:2,2,3,1,1,1,0,1,1,1,1,1,5,9,1
56356,0:3:3;1:1:1;1:2:2;1:3:2,2,4,1,1,1,0,1,1,1,1,1,5,9,1
56357,0:3:3;1:1:1;1:2:2;1:3:2,2,5,1,1,1,0,1,1,1,1,1,5,9,1
56358,0:3:3;1:1:1;1:2:2;1:3:2,3,0,1,1,0,0,1,1,1,1,1,5,9,9
56359,0:3:3;1:1:1;1:2:2;1:3:2,3,1,1,1,1,0,1,1,1,1,1,5,9,9
56360,0:3:3;1:1:1;1:2:2;1:3:2,3,2,1,1,1,0,1,1,1,1,1,5,9,7
56361,0:3:3;1:1:1;1:2:2;1:3:2,3,3,1,1,1,0,1,1,1,1,1,5,9,1
56362,0:3:3;1:1:1;1:2:2;1:3:2,3,4,1,1,1,0,1,1,1,1,1,5,9,1
56363,0:3:3;1:1:1;1:2:2;1:3:2,3,5,1,1,1,0,1,1,1,1,1,5,9,1
56364,0:3:3;1:1:1;1:2:2;1:3:2,4,0,1,1,1,0,1,1,1,1,1,5,9,9
56365,0:3:3;1:1:1;1:2:2;1:3:2,4,1,1,1,1,0,1,1,1,1,1,5,9,9
56366,0:3:3;1:1:1;1:2:2;1:3:2,4,2,1,1,1,0,1,1,1,1,1,5,9,7
56367,0:3:3;1:1:1;1:2:2;1:3:2,4,3,1,1,1,0,1,1,1,1,1,5,9,1
56368,0:3:3;1:1:1;1:2:2;1:3:2,4,4,1,1,1,0,1,1,1,1,1,5,9,1
56369,0:3:3;1:1:1;1:2:2;1:3:2,4,5,1,1,1,0,1,1,1,1,1,5,9,1
56370,0:3:3;1:1:1;1:2:2;1:3:2,5,0,1,1,1,0,1,1,1,1,1,5,9,9
56371,0:3:3;1:1:1;1:2:2;1:3:2,5,1,1,1,1,0,1,1,1,1,1,5,9,9
56372,0:3:3;1:1:1;1:2:2;1:3:2,5,2,1,1,1,0,1,1,1,1,1,5,9,7
56373,0:3:3;1:1:1;1:2:2;1:3:2,5,3,1,1,1,0,1,1,1,1,1,5,9,1
56374,0:3:3;1:1:1;1:2:2;1:3:2,5,4,1,1,1,0,1,1,1,1,1,5,9,1
56375,0:3:3;1:1:1;1:2:2;1:3:2,5,5,1,1,1,0,1,1,1,1,1,5,9,1
56376,0:3:3;1:1:1;1:2:2;1:3:3,0,0,0,0,0,1,0,0,0,0,0,0,1,24
56377,0:3:3;1:1:1;1:2:2;1:3:3,0,1,0,0,0,1,0,0,0,0,0,0,2,24
56378,0:3:3;1:1:1;1:2:2;1:3:3,0,2,0,0,0,1,0,0,0,0,0,0,3,24
56379,0:3:3;1:1:1;1:2:2;1:3:3,0,3,0,0,0,1,0,0,0,0,0,0,18,24
56380,0:3:3;1:1:1;1:2:2;1:3:3,0,4,0,0,0,1,0,0,0,0,0,0,18,24
56381,0:3:3;1:1:1;1:2:2;1:3:3,0,5,0,0,0,1,0,0,0,0,0,0,18,24
56382,0:3:3;1:1:1;1:2:2;1:3:3,1,0,0,0,0,1,0,0,0,0,0,0,5,24
56383,0:3:3;1:1:1;1:2:2;1:3:3,1,1,0,0,0,1,0,0,0,0,0,0,9,24
56384,0:3:3;1:1:1;1:2:2;1:3:3,1,2,0,0,0,1,0,0,0,0,0,0,21,24
56385,0:3:3;1:1:1;1:2:2;1:3:3,1,3,0,0,0,1,0,0,0,0,0,0,32,24
56386,0:3:3;1:1:1;1:2:2;1:3:3,1,4,0,0,0,1,0,0,0,0,0,0,32,24
56387,0:3:3;1:1:1;1:2:2;1:3:3,1,5,0,0,0,1,0,0,0,0,0,0,32,24
56388,0:3:3;1:1:1;1:2:2;1:3:3,2,0,0,0,0,1,0,0,0,0,0,0,14,24
56389,0:3:3;1:1:1;1:2:2;1:3:3,2,1,0,0,0,1,0,0,0,0,0,0,29,24
56390,0:3:3;1:1:1;1:2:2;1:3:3,2,2,0,0,0,1,0,0,0,0,0,0,42,24
56391,0:3:3;1:1:1;1:2:2;1:3:3,2,3,0,0,0,1,0,0,0,0,0,0,50,24
56392,0:3:3;1:1:1;1:2:2;1:3:3,2,4,0,0,0,1,0,0,0,0,0,0,50,24
56393,0:3:3;1:1:1;1:2:2;1:3:3,2,5,0,0,0,1,0,0,0,0,0,0,50,24
56394,0:3:3;1:1:1;1:2:2;1:3:3,3,0,1,1,0,0,1,1,1,1,1,5,10,9
56395,0:3:3;1:1:1;1:2:2;1:3:3,3,1,1,1,0,0,1,1,1,1,1,5,10,9
56396,0:3:3;1:1:1;1:2:2;1:3:3,3,2,1,1,1,0,1,1,1,1,1,5,10,7
56397,0:3:3;1:1:1;1:2:2;1:3:3,3,3,1,1,1,0,1,1,1,1,1,5,10,1
56398,0:3:3;1:1:1;1:2:2;1:3:3,3,4,1,1,1,0,1,1,1,1,1,5,10,1
56399,0:3:3;1:1:1;1:2:2;1:3:3,3,5,1,1,1,0,1,1,1,1,1,5,10,1
56400,0:3:3;1:1:1;1:2:2;1:3:3,4,0,1,1,0,0,1,1,1,1,1,5,10,9
56401,0:3:3;1:1:1;1:2:2;1:3:3,4,1,1,1,1,0,1,1,1,1,1,5,10,9
56402,0:3:3;1:1:1;1:2:2;1:3:3,4,2,1,1,1,0,1,1,1,1,1,5,10,7
56403,0:3:3;1:1:1;1:2:2;1:3:3,4,3,1,1,1,0,1,1,1,1,1,5,10,1
56404,0:3:3;1:1:1;1:2:2;1:3:3,4,4,1,1,1,0,1,1,1,1,1,5,10,1
56405,0:3:3;1:1:1;1:2:2;1:3:3,4,5,1,1,1,0,1,1,1,1,1,5,10,1
56406,0:3:3;1:1:1;1:2:2;1:3:3,5,0,1,1,1,0,1,1,1,1,1,5,10,9
56407,0:3:3;1:1:1;1:2:2;1:3:3,5,1,1,1,1,0,1,1,1,1,1,5,10,9
56408,0:3:3;1:1:1;1:2:2;1:3:3,5,2,1,1,1,0,1,1,1,1,1,5,10,7
56409,0:3:3;1:1:1;1:2:2;1:3:3,5,3,1,1,1,0,1,1,1,1,1,5,10,1
56410,0:3:3;1:1:1;1:2:2;1:3:3,5,4,1,1,1,0,1,1,1,1,1,5,10,1
56411,0:3:3;1:1:1;1:2:2;1:3:3,5,5,1,1,1,0,1,1,1,1,1,5,10,1
56412,0:3:3;1:1:1;1:2:2;1:4:3,0,0,0,0,0,1,0,0,0,0,0,0,1,24
56413,0:3:3;1:1:1;1:2:2;1:4:3,0,1,0,0,0,1,0,0,0,0,0,0,2,24
56414,0:3:3;1:1:1;1:2:2;1:4:3,0,2,0,0,0,1,0,0,0,0,0,0,3,24
56415,0:3:3;1:1:1;1:2:2;1:4:3,0,3,0,0,0,1,0,0,0,0,0,0,18,24
56416,0:3:3;1:1:1;1:2:2;1:4:3,0,4,0,0,0,1,0,0,0,0,0,0,18,24
56417,0:3:3;1:1:1;1:2:2;1:4:3,0,5,0,0,0,1,0,0,0,0,0,0,18,24
56418,0:3:3;1:1:1;1:2:2;1:4:3,1,0,0,0,0,1,0,0,0,0,0,0,5,24
56419,0:3:3;1:1:1;1:2:2;1:4:3,1,1,0,0,0,1,0,0,0,0,0,0,9,24
56420,0:3:3;1:1:1;1:2:2;1:4:3,1,2,0,0,0,1,0,0,0,0,0,0,21,24
56421,0:3:3;1:1:1;1:2:2;1:4:3,1,3,0,0,0,1,0,0,0,0,0,0,32,24
56422,0:3:3;1:1:1;1:2:2;1:4:3,1,4,0,0,0,1,0,0,0,0,0,0,32,24
56423,0:3:3;1:1:1;1:2:2;1:4:3,1,5,0,0,0,1,0,0,0,0,0,0,32,24
56424,0:3:3;1:1:1;1:2:2;1:4:3,2,0,0,0,0,1,0,0,0,0,0,0,14,24
56425,0:3:3;1:1:1;1:2:2;1:4:3,2,1,0,0,0,1,0,0,0,0,0,0,29,24
56426,0:3:3;1:1:1;1:2:2;1:4:3,2,2,0,0,0,1,0,0,0,0,0,0,42,24
56427,0:3:3;1:1:1;1:2:2;1:4:3,2,3,0,0,0,1,0,0,0,0,0,0,50,24
56428,0:3:3;1:1:1;1:2:2;1:4:3,2,4,0,0,0,1,0,0,0,0,0,0,50,24
56429,0:3:3;1:1:1;1:2:2;1:4:3,2,5,0,0,0,1,0,0,0,0,0,0,50,24
56430,0:3:3;1:1:1;1:2:2;1:4:3,3,0,1,1,0,0,1,1,1,1,1,5,10,9
56431,0:3:3;1:1:1;1:2:2;1:4:3,3,1,1,1,0,0,1,1,1,1,1,5,10,9
56432,0:3:3;1:1:1;1:2:2;1:4:3,3,2,1,1,1,0,1,1,1,1,1,5,10,7
56433,0:3:3;1:1:1;1:2:2;1:4:3,3,3,1,1,1,0,1,1,1,1,1,5,10,1
56434,0:3:3;1:1:1;1:2:2;1:4:3,3,4,1,1,1,0,1,1,1,1,1,5,10,1
56435,0:3:3;1:1:1;1:2:2;1:4:3,3,5,1,1,1,0,1,1,1,1,1,5,10,1
56436,0:3:3;1:1:1;1:2:2;1:4:3,4,0,1,1,0,0,1,1,1,1,1,5,10,9
56437,0:3:3;1:1:1;1:2:2;1:4:3,4,1,1,1,1,0,1,1,1,1,1,5,10,9
56438,0:3:3;1:1:1;1:2:2;1:4:3,4,2,1,1,1,0,1,1,1,1,1,5,10,7
56439,0:3:3;1:1:1;1:2:2;1:4:3,4,3,1,1,1,0,1,1,1,1,1,5,10,1
56440,0:3:3;1:1:1;1:2:2;1:4:3,4,4,1,1,1,0,1,1,1,1,1,5,10,1
56441,0:3:3;1:1:1;1:2:2;1:4:3,4,5,1,1,1,0,1,1,1,1,1,5,10,1
56442,0:3:3;1:1:1;1:2:2;1:4:3,5,0,1,1,1,0,1,1,1,1,1,5,10,9
56443,0:3:3;1:1:1;1:2:2;1:4:3,5,1,1,1,1,0,1,1,1,1,1,5,10,9
56444,0:3:3;1:1:1;1:2:2;1:4:3,5,2,1,1,1,0,1,1,1,1,1,5,10,7
56445,0:3:3;1:1:1;1:2:2;1:4:3,5,3,1,1,1,0,1,1,1,1,1,5,10,1
56446,0:3:3;1:1:1;1:2:2;1:4:3,5,4,1,1,1,0,1,1,1,1,1,5,10,1
56447,0:3:3;1:1:1;1:2:2;1:4:3,5,5,1,1,1,0,1,1,1,1,1,5,10,1
56448,0:3:3;1:1:1;1:3:2;1:3:2,0,0,0,0,0,1,0,0,0,0,0,0,1,24
56449,0:3:3;1:1:1;1:3:2;1:3:2,0,1,0,0,0,1,0,0,0,0,0,0,2,24
56450,0:3:3;1:1:1;1:3:2;1:3:2,0,2,0,0,0,1,0,0,0,0,0,0,3,24
56451,0:3:3;1:1:1;1:3:2;1:3:2,0,3,0,0,0,1,0,0,0,0,0,0,17,24
56452,0:3:3;1:1:1;1:3:2;1:3:2,0,4,0,0,0,1,0,0,0,0,0,0,17,24
56453,0:3:3;1:1:1;1:3:2;1:3:2,0,5,0,0,0,1,0,0,0,0,0,0,17,24
56454,0:3:3;1:1:1;1:3:2;1:3:2,1,0,0,0,0,1,0,0,0,0,0,0,5,24
56455,0:3:3;1:1:1;1:3:2;1:3:2,1,1,0,0,0,1,0,0,0,0,0,0,9,24
56456,0:3:3;1:1:1;1:3:2;1:3:2,1,2,0,0,0,1,0,0,0,0,0,0,20,24
56457,0:3:3;1:1:1;1:3:2;1:3:2,1,3,0,0,0,1,0,0,0,0,0,0,29,24
56458,0:3:3;1:1:1;1:3:2;1:3:2,1,4,0,0,0,1,0,0,0,0,0,0,29,24
56459,0:3:3;1:1:1;1:3:2;1:3:2,1,5,0,0,0,1,0,0,0,0,0,0,29,24
56460,0:3:3;1:1:1;1:3:2;1:3:2,2,0,1,1,0,1,0,0,1,1,1,6,15,13
56461,0:3:3;1:1:1;1:3:2;1:3:2,2,1,1,1,0,1,0,0,1,1,1,6,15,13
56462,0:3:3;1:1:1;1:3:2;1:3:2,2,2,1,1,1,0,1,1,1,1,1,5,9,7
56463,0:3:3;1:1:1;1:3:2;1:3:2,2,3,1,1,1,0,1,1,1,1,1,5,9,1
56464,0:3:3;1:1:1;1:3:2;1:3:2,2,4,1,1,1,0,1,1,1,1,1,5,9,1
56465,0:3:3;1:1:1;1:3:2;1:3:2,2,5,1,1,1,0,1,1,1,1,1,5,9,1
56466,0:3:3;1:1:1;1:3:2;1:3:2,3,0,1,1,0,0,1,1,1,1,1,5,9,9
56467,0:3:3;1:1:1;1:3:2;1:3:2,3,1,1,1,1,0,1,1,1,1,1,5,9,9
56468,0:3:3;1:1:1;1:3:2;1:3:2,3,2,1,1,1,0,1,1,1,1,1,5,9,7
56469,0:3:3;1:1:1;1:3:2;1:3:2,3,3,1,1,1,0,1,1,1,1,1,5,9,1
56470,0:3:3;1:1:1;1:3:2;1:3:2,3,4,1,1,1,0,1,1,1,1,1,5,9,1
56471,0:3:3;1:1:1;1:3:2;1:3:2,3,5,1,1,1,0,1,1,1,1,1,5,9,1
56472,0:3:3;1:1:1;1:3:2;1:3:2,4,0,1,1,1,0,1,1,1,1,1,5,9,9
56473,0:3:3;1:1:1;1:3:2;1:3:2,4,1,1,1,1,0,1,1,1,1,1,5,9,9
56474,0:3:3;1:1:1;1:3:2;1:3:2,4,2,1,1,1,0,1,1,1,1,1,5,9,7
56475,0:3:3;1:1:1;1:3:2;1:3:2,4,3,1,1,1,0,1,1,1,1,1,5,9,1
56476,0:3:3;1:1:1;1:3:2;1:3:2,4,4,1,1,1,0,1,1,1,1,1,5,9,1
56477,0:3:3;1:1:1;1:3:2;1:3:2,4,5,1,1,1,0,1,1,1,1,1,5,9,1
56478,0:3:3;1:1:1;1:3:2;1:3:2,5,0,1,1,1,0,1,1,1,1,1,5,9,9
56479,0:3:3;1:1:1;1:3:2;1:3:2,5,1,1,1,1,0,1,1,1,1,1,5,9,9
56480,0:3:3;1:1:1;1:3:2;1:3:2,5,2,1,1,1,0,1,1,1,1,1,5,9,7
56481,0:3:3;1:1:1;1:3:2;1:3:2,5,3,1,1,1,0,1,1,1,1,1,5,9,1
56482,0:3:3;1:1:1;1:3:2;1:3:2,5,4,1,1,1,0,1,1,1,1,1,5,9,1
56483,0:3:3;1:1:1;1:3:2;1:3:2,5,5,1,1,1,0,1,1,1,1,1,5,9,1
56484,0:3:3;1:1:1;1:3:2;1:3:3,0,0,0,0,0,1,0,0,0,0,0,0,1,24
56485,0:3:3;1:1:1;1:3:2;1:3:3,0,1,0,0,0,1,0,0,0,0,0,0,2,24
56486,0:3:3;1:1:1;1:3:2;1:3:3,0,2,0,0,0,1,0,0,0,0,0,0,3,24
56487,0:3:3;1:1:1;1:3:2;1:3:3,0,3,0,0,0,1,0,0,0,0,0,0,18,24
56488,0:3:3;1:1:1;1:3:2;1:3:3,0,4,0,0,0,1,0,0,0,0,0,0,18,24
56489,0:3:3;1:1:1;1:3:2;1:3:3,0,5,0,0,0,1,0,0,0,0,0,0,18,24
56490,0:3:3;1:1:1;1:3:2;1:3:3,1,0,0,0,0,1,0,0,0,0,0,0,5,24
56491,0:3:3;1:1:1;1:3:2;1:3:3,1,1,0,0,0,1,0,0,0,0,0,0,9,24
56492,0:3:3;1:1:1;1:3:2;1:3:3,1,2,0,0,0,1,0,0,0,0,0,0,21,24
56493,0:3:3;1:1:1;1:3:2;1:3:3,1,3,0,0,0,1,0,0,0,0,0,0,32,24
56494,0:3:3;1:1:1;1:3:2;1:3:3,1,4,0,0,0,1,0,0,0,0,0,0,32,24
56495,0:3:3;1:1:1;1:3:2;1:3:3,1,5,0,0,0,1,0,0,0,0,0,0,32,24
56496,0:3:3;1:1:1;1:3:2;1:3:3,2,0,0,0,0,1,0,0,0,0,0,0,21,24
56497,0:3:3;1:1:1;1:3:2;1:3:3,2,1,0,0,0,1,0,0,0,0,0,0,29,24
56498,0:3:3;1:1:1;1:3:2;1:3:3,2,2,0,0,0,1,0,0,0,0,0,0,42,24
56499,0:3:3;1:1:1;1:3:2;1:3:3,2,3,0,0,0,1,0,0,0,0,0,0,50,24
56500,0:3:3;1:1:1;1:3:2;1:3:3,2,4,0,0,0,1,0,0,0,0,0,0,50,24
56501,0:3:3;1:1:1;1:3:2;1:3:3,2,5,0,0,0,1,0,0,0,0,0,0,50,24
56502,0:3:3;1:1:1;1:3:2;1:3:3,3,0,1,1,0,0,1,1,1,1,1,5,10,9
56503,0:3:3;1:1:1;1:3:2;1:3:3,3,1,1,1,0,0,1,1,1,1,1,5,10,9
56504,0:3:3;1:1:1;1:3:2;1:3:3,3,2,1,1,1,0,1,1,1,1,1,5,10,7
56505,0:3:3;1:1:1;1:3:2;1:3:3,3,3,1,1,1,0,1,1,1,1,1,5,10,1
56506,0:3:3;1:1:1;1:3:2;1:3:3,3,4,1,1,1,0,1,1,1,1,1,5,10,1
56507,0:3:3;1:1:1;1:3:2;1:3:3,3,5,1,1,1,0,1,1,1,1,1,5,10,1
56508,0:3:3;1:1:1;1:3:2;1:3:3,4,0,1,1,0,0,1,1,1,1,1,5,10,9
56509,0:3:3;1:1:1;1:3:2;1:3:3,4,1,1,1,1,0,1,1,1,1,1,5,10,9
56510,0:3:3;1:1:1;1:3:2;1:3:3,4,2,1,1,1,0,1,1,1,1,1,5,10,7
56511,0:3:3;1:1:1;1:3:2;1:3:3,4,3,1,1,1,0,1,1,1,1,1,5,10,1
56512,0:3:3;1:1:1;1:3:2;1:3:3,4,4,1,1,1,0,1,1,1,1,1,5,10,1
56513,0:3:3;1:1:1;1:3:2;1:3:3,4,5,1,1,1,0,1,1,1,1,1,5,10,1
56514,0:3:3;1:1:1;1:3:2;1:3:3,5,0,1,1,1,0,1,1,1,1,1,5,10,9
56515,0:3:3;1:1:1;1:3:2;1:3:3,5,1,1,1,1,0,1,1,1,1,1,5,10,9
56516,0:3:3;1:1:1;1:3:2;1:3:3,5,2,1,1,1,0,1,1,1,1,1,5,10,7
56517,0:3:3;1:1:1;1:3:2;1:3:3,5,3,1,1,1,0,1,1,1,1,1,5,10,1
56518,0:3:3;1:1:1;1:3:2;1:3:3,5,4,1,1,1,0,1,1,1,1,1,5,10,1
56519,0:3:3;1:1:1;1:3:2;1:3:3,5,5,1,1,1,0,1,1,1,1,1,5,10,1
56520,0:3:3;1:1:1;1:3:2;1:4:3,0,0,0,0,0,1,0,0,0,0,0,0,1,24
56521,0:3:3;1:1:1;1:3:2;1:4:3,0,1,0,0,0,1,0,0,0,0,0,0,2,24
56522,0:3:3;1:1:1;1:3:2;1:4:3,0,2,0,0,0,1,0,0,0,0,0,0,3,24
56523,0:3:3;1:1:1;1:3:2;1:4:3,0,3,0,0,0,1,0,0,0,0,0,0,18,24
56524,0:3:3;1:1:1;1:3:2;1:4:3,0,4,0,0,0,1,0,0,0,0,0,0,18,24
56525,0:3:3;1:1:1;1:3:2;1:4:3,0,5,0,0,0,1,0,0,0,0,0,0,18,24
56526,0:3:3;1:1:1;1:3:2;1:4:3,1,0,0,0,0,1,0,0,0,0,0,0,5,24
56527,0:3:3;1:1:1;1:3:2;1:4:3,1,1,0,0,0,1,0,0,0,0,0,0,9,24
56528,0:3:3;1:1:1;1:3:2;1:4:3,1,2,0,0,0,1,0,0,0,0,0,0,21,24
56529,0:3:3;1:1:1;1:3:2;1:4:3,1,3,0,0,0,1,0,0,0,0,0,0,32,24
56530,0:3:3;1:1:1;1:3:2;1:4:3,1,4,0,0,0,1,0,0,0,0,0,0,32,24
56531,0:3:3;1:1:1;1:3:2;1:4:3,1,5,0,0,0,1,0,0,0,0,0,0,32,24
56532,0:3:3;1:1:1;1:3:2;1:4:3,2,0,0,0,0,1,0,0,0,0,0,0,21,24
56533,0:3:3;1:1:1;1:3:2;1:4:3,2,1,0,0,0,1,0,0,0,0,0,0,29,24
56534,0:3:3;1:1:1;1:3:2;1:4:3,2,2,0,0,0,1,0,0,0,0,0,0,42,24
56535,0:3:3;1:1:1;1:3:2;1:4:3,2,3,0,0,0,1,0,0,0,0,0,0,50,24
56536,0:3:3;1:1:1;1:3:2;1:4:3,2,4,0,0,0,1,0,0,0,0,0,0,50,24
56537,0:3:3;1:1:1;1:3:2;1:4:3,2,5,0,0,0,1,0,0,0,0,0,0,50,24
56538,0:3:3;1:1:1;1:3:2;1:4:3,3,0,1,1,0,0,1,1,1,1,1,5,10,9
56539,0:3:3;1:1:1;1:3:2;1:4:3,3,1,1,1,0,0,1,1,1,1,1,5,10,9
56540,0:3:3;1:1:1;1:3:2;1:4:3,3,2,1,1,1,0,1,1,1,1,1,5,10,7
56541,0:3:3;1:1:1;1:3:2;1:4:3,3,3,1,1,1,0,1,1,1,1,1,5,10,1
56542,0:3:3;1:1:1;1:3:2;1:4:3,3,4,1,1,1,0,1,1,1,1,1,5,10,1
56543,0:3:3;1:1:1;1:3:2;1:4:3,3,5,1,1,1,0,1,1,1,1,1,5,10,1
56544,0:3:3;1:1:1;1:3:2;1:4:3,4,0,1,1,0,0,1,1,1,1,1,5,10,9
56545,0:3:3;1:1:1;1:3:2;1:4:3,4,1,1,1,1,0,1,1,1,1,1,5,10,9
56546,0:3:3;1:1:1;1:3:2;1:4:3,4,2,1,1,1,0,1,1,1,1,1,5,10,7
56547,0:3:3;1:1:1;1:3:2;1:4:3,4,3,1,1,1,0,1,1,1,1,1,5,10,1
56548,0:3:3;1:1:1;1:3:2;1:4:3,4,4,1,1,1,0,1,1,1,1,1,5,10,1
56549,0:3:3;1:1:1;1:3:2;1:4:3,4,5,1,1,1,0,1,1,1,1,1,5,10,1
56550,0:3:3;1:1:1;1:3:2;1:4:3,5,0,1,1,1,0,1,1,1,1,1,5,10,9
56551,0:3:3;1:1:1;1:3:2;1:4:3,5,1,1,1,1,0,1,1,1,1,1,5,10,9
56552,0:3:3;1:1:1;1:3:2;1:4:3,5,2,1,1,1,0,1,1,1,1,1,5,10,7
56553,0:3:3;1:1:1;1:3:2;1:4:3,5,3,1,1,1,0,1,1,1,1,1,5,10,1
56554,0:3:3;1:1:1;1:3:2;1:4:3,5,4,1,1,1,0,1,1,1,1,1,5,10,1
56555,0:3:3;1:1:1;1:3:2;1:4:3,5,5,1,1,1,0,1,1,1,1,1,5,10,1
56556,0:3:3;1:1:1;1:3:3;1:3:3,0,0,0,0,0,1,0,0,0,0,0,0,1,24
56557,0:3:3;1:1:1;1:3:3;1:3:3,0,1,0,0,0,1,0,0,0,0,0,0,2,24
56558,0:3:3;1:1:1;1:3:3;1:3:3,0,2,0,0,0,1,0,0,0,0,0,0,3,24
56559,0:3:3;1:1:1;1:3:3;1:3:3,0,3,0,0,0,1,0,0,0,0,0,0,19,24
56560,0:3:3;1:1:1;1:3:3;1:3:3,0,4,0,0,0,1,0,0,0,0,0,0,19,24
56561,0:3:3;1:1:1;1:3:3;1:3:3,0,5,0,0,0,1,0,0,0,0,0,0,19,24
56562,0:3:3;1:1:1;1:3:3;1:3:3,1,0,0,0,0,1,0,0,0,0,0,0,5,24
56563,0:3:3;1:1:1;1:3:3;1:3:3,1,1,0,0,0,1,0,0,0,0,0,0,9,24
56564,0:3:3;1:1:1;1:3:3;1:3:3,1,2,0,0,0,1,0,0,0,0,0,0,22,24
56565,0:3:3;1:1:1;1:3:3;1:3:3,1,3,0,0,0,1,0,0,0,0,0,0,35,24
56566,0:3:3;1:1:1;1:3:3;1:3:3,1,4,0,0,0,1,0,0,0,0,0,0,35,24
56567,0:3:3;1:1:1;1:3:3;1:3:3,1,5,0,0,0,1,0,0,0,0,0,0,35,24
56568,0:3:3;1:1:1;1:3:3;1:3:3,2,0,0,0,0,1,0,0,0,0,0,0,12,24
56569,0:3:3;1:1:1;1:3:3;1:3:3,2,1,0,0,0,1,0,0,0,0,0,0,21,24
56570,0:3:3;1:1:1;1:3:3;1:3:3,2,2,0,0,0,1,0,0,0,0,0,0,40,24
56571,0:3:3;1:1:1;1:3:3;1:3:3,2,3,0,0,0,1,0,0,0,0,0,0,55,24
56572,0:3:3;1:1:1;1:3:3;1:3:3,2,4,0,0,0,1,0,0,0,0,0,0,55,24
56573,0:3:3;1:1:1;1:3:3;1:3:3,2,5,0,0,0,1,0,0,0,0,0,0,55,24
56574,0:3:3;1:1:1;1:3:3;1:3:3,3,0,0,0,0,1,0,0,0,0,0,0,39,24
56575,0:3:3;1:1:1;1:3:3;1:3:3,3,1,0,0,0,1,0,0,0,0,0,0,53,24
56576,0:3:3;1:1:1;1:3:3;1:3:3,3,2,0,0,0,1,0,0,0,0,0,0,70,24
56577,0:3:3;1:1:1;1:3:3;1:3:3,3,3,0,0,0,1,0,0,0,0,0,0,79,24
56578,0:3:3;1:1:1;1:3:3;1:3:3,3,4,0,0,0,1,0,0,0,0,0,0,79,24
56579,0:3:3;1:1:1;1:3:3;1:3:3,3,5,0,0,0,1,0,0,0,0,0,0,79,24
56580,0:3:3;1:1:1;1:3:3;1:3:3,4,0,1,1,0,0,1,1,1,1,1,5,11,9
56581,0:3:3;1:1:1;1:3:3;1:3:3,4,1,1,1,1,0,1,1,1,1,1,5,11,9
56582,0:3:3;1:1:1;1:3:3;1:3:3,4,2,1,1,1,0,1,1,1,1,1,5,11,7
56583,0:3:3;1:1:1;1:3:3;1:3:3,4,3,1,1,1,0,1,1,1,1,1,5,11,1
56584,0:3:3;1:1:1;1:3:3;1:3:3,4,4,1,1,1,0,1,1,1,1,1,5,11,1
56585,0:3:3;1:1:1;1:3:3;1:3:3,4,5,1,1,1,0,1,1,1,1,1,5,11,1
56586,0:3:3;1:1:1;1:3:3;1:3:3,5,0,1,1,1,0,1,1,1,1,1,5,11,9
56587,0:3:3;1:1:1;1:3:3;1:3:3,5,1,1,1,1,0,1,1,1,1,1,5,11,9
56588,0:3:3;1:1:1;1:3:3;1:3:3,5,2,1,1,1,0,1,1,1,1,1,5,11,7
56589,0:3:3;1:1:1;1:3:3;1:3:3,5,3,1,1,1,0,1,1,1,1,1,5,11,1
56590,0:3:3;1:1:1;1:3:3;1:3:3,5,4,1,1,1,0,1,1,1,1,1,5,11,1
56591,0:3:3;1:1:1;1:3:3;1:3:3,5,5,1,1,1,0,1,1,1,1,1,5,11,1
56592,0:3:3;1:1:1;1:3:3;1:4:3,0,0,0,0,0,1,0,0,0,0,0,0,1,24
56593,0:3:3;1:1:1;1:3:3;1:4:3,0,1,0,0,0,1,0,0,0,0,0,0,2,24
56594,0:3:3;1:1:1;1:3:3;1:4:3,0,2,0,0,0,1,0,0,0,0,0,0,3,24
56595,0:3:3;1:1:1;1:3:3;1:4:3,0,3,0,0,0,1,0,0,0,0,0,0,19,24
56596,0:3:3;1:1:1;1:3:3;1:4:3,0,4,0,0,0,1,0,0,0,0,0,0,19,24
56597,0:3:3;1:1:1;1:3:3;1:4:3,0,5,0,0,0,1,0,0,0,0,0,0,19,24
56598,0:3:3;1:1:1;1:3:3;1:4:3,1,0,0,0,0,1,0,0,0,0,0,0,5,24
56599,0:3:3;1:1:1;1:3:3;1:4:3,1,1,0,0,0,1,0,0,0,0,0,0,9,24
56600,0:3:3;1:1:1;1:3:3;1:4:3,1,2,0,0,0,1,0,0,0,0,0,0,22,24
56601,0:3:3;1:1:1;1:3:3;1:4:3,1,3,0,0,0,1,0,0,0,0,0,0,35,24
56602,0:3:3;1:1:1;1:3:3;1:4:3,1,4,0,0,0,1,0,0,0,0,0,0,35,24
56603,0:3:3;1:1:1;1:3:3;1:4:3,1,5,0,0,0,1,0,0,0,0,0,0,35,24
56604,0:3:3;1:1:1;1:3:3;1:4:3,2,0,0,0,0,1,0,0,0,0,0,0,12,24
56605,0:3:3;1:1:1;1:3:3;1:4:3,2,1,0,0,0,1,0,0,0,0,0,0,21,24
56606,0:3:3;1:1:1;1:3:3;1:4:3,2,2,0,0,0,1,0,0,0,0,0,0,40,24
56607,0:3:3;1:1:1;1:3:3;1:4:3,2,3,0,0,0,1,0,0,0,0,0,0,55,24
56608,0:3:3;1:1:1;1:3:3;1:4:3,2,4,0,0,0,1,0,0,0,0,0,0,55,24
56609,0:3:3;1:1:1;1:3:3;1:4:3,2,5,0,0,0,1,0,0,0,0,0,0,55,24
56610,0:3:3;1:1:1;1:3:3;1:4:3,3,0,0,0,0,1,0,0,0,0,0,0,39,24
56611,0:3:3;1:1:1;1:3:3;1:4:3,3,1,0,0,0,1,0,0,0,0,0,0,53,24
56612,0:3:3;1:1:1;1:3:3;1:4:3,3,2,0,0,0,1,0,0,0,0,0,0,70,24
56613,0:3:3;1:1:1;1:3:3;1:4:3,3,3,0,0,0,1,0,0,0,0,0,0,79,24
56614,0:3:3;1:1:1;1:3:3;1:4:3,3,4,0,0,0,1,0,0,0,0,0,0,79,24
56615,0:3:3;1:1:1;1:3:3;1:4:3,3,5,0,0,0,1,0,0,0,0,0,0,79,24
56616,0:3:3;1:1:1;1:3:3;1:4:3,4,0,1,1,0,0,1,1,1,1,1,5,11,9
56617,0:3:3;1:1:1;1:3:3;1:4:3,4,1,1,1,1,0,1,1,1,1,1,5,11,9
56618,0:3:3;1:1:1;1:3:3;1:4:3,4,2,1,1,1,0,1,1,1,1,1,5,11,7
56619,0:3:3;1:1:1;1:3:3;1:4:3,4,3,1,1,1,0,1,1,1,1,1,5,11,1
56620,0:3:3;1:1:1;1:3:3;1:4:3,4,4,1,1,1,0,1,1,1,1,1,5,11,1
56621,0:3:3;1:1:1;1:3:3;1:4:3,4,5,1,1,1,0,1,1,1,1,1,5,11,1
56622,0:3:3;1:1:1;1:3:3;1:4:3,5,0,1,1,1,0,1,1,1,1,1,5,11,9
56623,0:3:3;1:1:1;1:3:3;1:4:3,5,1,1,1,1,0,1,1,1,1,1,5,11,9
56624,0:3:3;1:1:1;1:3:3;1:4:3,5,2,1,1,1,0,1,1,1,1,1,5,11,7
56625,0:3:3;1:1:1;1:3:3;1:4:3,5,3,1,1,1,0,1,1,1,1,1,5,11,1
56626,0:3:3;1:1:1;1:3:3;1:4:3,5,4,1,1,1,0,1,1,1,1,1,5,11,1
56627,0:3:3;1:1:1;1:3:3;1:4:3,5,5,1,1,1,0,1,1,1,1,1,5,11,1
56628,0:3:3;1:1:1;1:4:3;1:4:3,0,0,0,0,0,1,0,0,0,0,0,0,1,24
56629,0:3:3;1:1:1;1:4:3;1:4:3,0,1,0,0,0,1,0,0,0,0,0,0,2,24
56630,0:3:3;1:1:1;1:4:3;1:4:3,0,2,0,0,0,1,0,0,0,0,0,0,3,24
56631,0:3:3;1:1:1;1:4:3;1:4:3,0,3,0,0,0,1,0,0,0,0,0,0,19,24
56632,0:3:3;1:1:1;1:4:3;1:4:3,0,4,0,0,0,1,0,0,0,0,0,0,19,24
56633,0:3:3;1:1:1;1:4:3;1:4:3,0,5,0,0,0,1,0,0,0,0,0,0,19,24
56634,0:3:3;1:1:1;1:4:3;1:4:3,1,0,0,0,0,1,0,0,0,0,0,0,5,24
56635,0:3:3;1:1:1;1:4:3;1:4:3,1,1,0,0,0,1,0,0,0,0,0,0,9,24
56636,0:3:3;1:1:1;1:4:3;1:4:3,1,2,0,0,0,1,0,0,0,0,0,0,22,24
56637,0:3:3;1:1:1;1:4:3;1:4:3,1,3,0,0,0,1,0,0,0,0,0,0,35,24
56638,0:3:3;1:1:1;1:4:3;1:4:3,1,4,0,0,0,1,0,0,0,0,0,0,35,24
56639,0:3:3;1:1:1;1:4:3;1:4:3,1,5,0,0,0,1,0,0,0,0,0,0,35,24
56640,0:3:3;1:1:1;1:4:3;1:4:3,2,0,0,0,0,1,0,0,0,0,0,0,12,24
56641,0:3:3;1:1:1;1:4:3;1:4:3,2,1,0,0,0,1,0,0,0,0,0,0,21,24
56642,0:3:3;1:1:1;1:4:3;1:4:3,2,2,0,0,0,1,0,0,0,0,0,0,40,24
56643,0:3:3;1:1:1;1:4:3;1:4:3,2,3,0,0,0,1,0,0,0,0,0,0,55,24
56644,0:3:3;1:1:1;1:4:3;1:4:3,2,4,0,0,0,1,0,0,0,0,0,0,55,24
56645,0:3:3;1:1:1;1:4:3;1:4:3,2,5,0,0,0,1,0,0,0,0,0,0,55,24
56646,0:3:3;1:1:1;1:4:3;1:4:3,3,0,0,0,0,1,0,0,0,0,0,0,39,24
56647,0:3:3;1:1:1;1:4:3;1:4:3,3,1,0,0,0,1,0,0,0,0,0,0,53,24
56648,0:3:3;1:1:1;1:4:3;1:4:3,3,2,0,0,0,1,0,0,0,0,0,0,70,24
56649,0:3:3;1:1:1;1:4:3;1:4:3,3,3,0,0,0,1,0,0,0,0,0,0,79,24
56650,0:3:3;1:1:1;1:4:3;1:4:3,3,4,0,0,0,1,0,0,0,0,0,0,79,24
56651,0:3:3;1:1:1;1:4:3;1:4:3,3,5,0,0,0,1,0,0,0,0,0,0,79,24
56652,0:3:3;1:1:1;1:4:3;1:4:3,4,0,1,1,0,0,1,1,1,1,1,5,11,9
56653,0:3:3;1:1:1;1:4:3;1:4:3,4,1,1,1,1,0,1,1,1,1,1,5,11,9
56654,0:3:3;1:1:1;1:4:3;1:4:3,4,2,1,1,1,0,1,1,1,1,1,5,11,7
56655,0:3:3;1:1:1;1:4:3;1:4:3,4,3,1,1,1,0,1,1,1,1,1,5,11,1
56656,0:3:3;1:1:1;1:4:3;1:4:3,4,4,1,1,1,0,1,1,1,1,1,5,11,1
56657,0:3:3;1:1:1;1:4:3;1:4:3,4,5,1,1,1,0,1,1,1,1,1,5,11,1
56658,0:3:3;1:1:1;1:4:3;1:4:3,5,0,1,1,1,0,1,1,1,1,1,5,11,9
56659,0:3:3;1:1:1;1:4:3;1:4:3,5,1,1,1,1,0,1,1,1,1,1,5,11,9
56660,0:3:3;1:1:1;1:4:3;1:4:3,5,2,1,1,1,0,1,1,1,1,1,5,11,7
56661,0:3:3;1:1:1;1:4:3;1:4:3,5,3,1,1,1,0,1,1,1,1,1,5,11,1
56662,0:3:3;1:1:1;1:4:3;1:4:3,5,4,1,1,1,0,1,1,1,1,1,5,11,1
56663,0:3:3;1:1:1;1:4:3;1:4:3,5,5,1,1,1,0,1,1,1,1,1,5,11,1
56664,0:3:3;1:2:1;1:2:1;1:2:1,0,0,1,0,0,1,0,0,0,0,0,1,1,24
56665,0:3:3;1:2:1;1:2:1;1:2:1,0,1,1,0,0,1,0,0,0,0,0,1,2,24
56666,0:3:3;1:2:1;1:2:1;1:2:1,0,2,1,0,0,1,0,0,0,0,0,1,3,24
56667,0:3:3;1:2:1;1:2:1;1:2:1,0,3,1,1,1,0,1,1,1,1,1,5,7,1
56668,0:3:3;1:2:1;1:2:1;1:2:1,0,4,1,1,1,0,1,1,1,1,1,5,7,1
56669,0:3:3;1:2:1;1:2:1;1:2:1,0,5,1,1,1,0,1,1,1,1,1,5,7,1
56670,0:3:3;1:2:1;1:2:1;1:2:1,1,0,1,0,0,1,0,0,0,0,0,4,10,24
56671,0:3:3;1:2:1;1:2:1;1:2:1,1,1,1,1,0,0,1,1,1,1,1,5,7,7
56672,0:3:3;1:2:1;1:2:1;1:2:1,1,2,1,1,1,0,1,1,1,1,1,5,7,7
56673,0:3:3;1:2:1;1:2:1;1:2:1,1,3,1,1,1,0,1,1,1,1,1,5,7,1
56674,0:3:3;1:2:1;1:2:1;1:2:1,1,4,1,1,1,0,1,1,1,1,1,5,7,1
56675,0:3:3;1:2:1;1:2:1;1:2:1,1,5,1,1,1,0,1,1,1,1,1,5,7,1
56676,0:3:3;1:2:1;1:2:1;1:2:1,2,0,1,1,0,0,1,1,1,1,1,5,7,9
56677,0:3:3;1:2:1;1:2:1;1:2:1,2,1,1,1,1,0,1,1,1,1,1,5,7,7
56678,0:3:3;1:2:1;1:2:1;1:2:1,2,2,1,1,1,0,1,1,1,1,1,5,7,7
56679,0:3:3;1:2:1;1:2:1;1:2:1,2,3,1,1,1,0,1,1,1,1,1,5,7,1
56680,0:3:3;1:2:1;1:2:1;1:2:1,2,4,1,1,1,0,1,1,1,1,1,5,7,1
56681,0:3:3;1:2:1;1:2:1;1:2:1,2,5,1,1,1,0,1,1,1,1,1,5,7,1
56682,0:3:3;1:2:1;1:2:1;1:2:1,3,0,1,1,1,0,1,1,1,1,1,5,7,9
56683,0:3:3;1:2:1;1:2:1;1:2:1,3,1,1,1,1,0,1,1,1,1,1,5,7,7
56684,0:3:3;1:2:1;1:2:1;1:2:1,3,2,1,1,1,0,1,1,1,1,1,5,7,7
56685,0:3:3;1:2:1;1:2:1;1:2:1,3,3,1,1,1,0,1,1,1,1,1,5,7,1
56686,0:3:3;1:2:1;1:2:1;1:2:1,3,4,1,1,1,0,1,1,1,1,1,5,7,1
56687,0:3:3;1:2:1;1:2:1;1:2:1,3,5,1,1,1,0,1,1,1,1,1,5,7,1
56688,0:3:3;1:2:1;1:2:1;1:2:1,4,0,1,1,1,0,1,1,1,1,1,5,7,9
56689,0:3:3;1:2:1;1:2:1;1:2:1,4,1,1,1,1,0,1,1,1,1,1,5,7,7
56690,0:3:3;1:2:1;1:2:1;1:2:1,4,2,1,1,1,0,1,1,1,1,1,5,7,7
56691,0:3:3;1:2:1;1:2:1;1:2:1,4,3,1,1,1,0,1,1,1,1,1,5,7,1
56692,0:3:3;1:2:1;1:2:1;1:2:1,4,4,1,1,1,0,1,1,1,1,1,5,7,1
56693,0:3:3;1:2:1;1:2:1;1:2:1,4,5,1,1,1,0,1,1,1,1,1,5,7,1
56694,0:3:3;1:2:1;1:2:1;1:2:1,5,0,1,1,1,0,1,1,1,1,1,5,7,9
56695,0:3:3;1:2:1;1:2:1;1:2:1,5,1,1,1,1,0,1,1,1,1,1,5,7,7
56696,0:3:3;1:2:1;1:2:1;1:2:1,5,2,1,1,1,0,1,1,1,1,1,5,7,7
56697,0:3:3;1:2:1;1:2:1;1:2:1,5,3,1,1,1,0,1,1,1,1,1,5,7,1
56698,0:3:3;1:2:1;1:2:1;1:2:1,5,4,1,1,1,0,1,1,1,1,1,5,7,1
56699,0:3:3;1:2:1;1:2:1;1:2:1,5,5,1,1,1,0,1,1,1,1,1,5,7,1
56700,0:3:3;1:2:1;1:2:1;1:2:2,0,0,0,0,0,1,0,0,0,0,0,0,1,24
56701,0:3:3;1:2:1;1:2:1;1:2:2,0,1,0,0,0,1,0,0,0,0,0,0,2,24
56702,0:3:3;1:2:1;1:2:1;1:2:2,0,2,0,0,0,1,0,0,0,0,0,0,3,24
56703,0:3:3;1:2:1;1:2:1;1:2:2,0,3,0,0,0,1,0,0,0,0,0,0,14,24
56704,0:3:3;1:2:1;1:2:1;1:2:2,0,4,0,0,0,1,0,0,0,0,0,0,14,24
56705,0:3:3;1:2:1;1:2:1;1:2:2,0,5,0,0,0,1,0,0,0,0,0,0,14,24
56706,0:3:3;1:2:1;1:2:1;1:2:2,1,0,1,0,0,1,0,0,0,0,0,3,8,24
56707,0:3:3;1:2:1;1:2:1;1:2:2,1,1,1,1,0,0,1,1,1,1,1,5,8,7
56708,0:3:3;1:2:1;1:2:1;1:2:2,1,2,1,1,0,0,1,1,1,1,1,5,8,7
56709,0:3:3;1:2:1;1:2:1;1:2:2,1,3,1,1,1,0,1,1,1,1,1,5,8,1
56710,0:3:3;1:2:1;1:2:1;1:2:2,1,4,1,1,1,0,1,1,1,1,1,5,8,1
56711,0:3:3;1:2:1;1:2:1;1:2:2,1,5,1,1,1,0,1,1,1,1,1,5,8,1
56712,0:3:3;1:2:1;1:2:1;1:2:2,2,0,1,1,0,1,1,1,0,1,1,5,8,9
56713,0:3:3;1:2:1;1:2:1;1:2:2,2,1,1,1,0,0,1,1,1,1,1,5,8,7
56714,0:3:3;1:2:1;1:2:1;1:2:2,2,2,1,1,1,0,1,1,1,1,1,5,8,7
56715,0:3:3;1:2:1;1:2:1;1:2:2,2,3,1,1,1,0,1,1,1,1,1,5,8,1
56716,0:3:3;1:2:1;1:2:1;1:2:2,2,4,1,1,1,0,1,1,1,1,1,5,8,1
56717,0:3:3;1:2:1;1:2:1;1:2:2,2,5,1,1,1,0,1,1,1,1,1,5,8,1
56718,0:3:3;1:2:1;1:2:1;1:2:2,3,0,1,1,0,0,1,1,1,1,1,5,8,9
56719,0:3:3;1:2:1;1:2:1;1:2:2,3,1,1,1,1,0,1,1,1,1,1,5,8,7
56720,0:3:3;1:2:1;1:2:1;1:2:2,3,2,1,1,1,0,1,1,1,1,1,5,8,7
56721,0:3:3;1:2:1;1:2:1;1:2:2,3,3,1,1,1,0,1,1,1,1,1,5,8,1
56722,0:3:3;1:2:1;1:2:1;1:2:2,3,4,1,1,1,0,1,1,1,1,1,5,8,1
56723,0:3:3;1:2:1;1:2:1;1:2:2,3,5,1,1,1,0,1,1,1,1,1,5,8,1
56724,0:3:3;1:2:1;1:2:1;1:2:2,4,0,1,1,1,0,1,1,1,1,1,5,8,9
56725,0:3:3;1:2:1;1:2:1;1:2:2,4,1,1,1,1,0,1,1,1,1,1,5,8,7
56726,0:3:3;1:2:1;1:2:1;1:2:2,4,2,1,1,1,0,1,1,1,1,1,5,8,7
56727,0:3:3;1:2:1;1:2:1;1:2:2,4,3,1,1,1,0,1,1,1,1,1,5,8,1
56728,0:3:3;1:2:1;1:2:1;1:2:2,4,4,1,1,1,0,1,1,1,1,1,5,8,1
56729,0:3:3;1:2:1;1:2:1;1:2:2,4,5,1,1,1,0,1,1,1,1,1,5,8,1
56730,0:3:3;1:2:1;1:2:1;1:2:2,5,0,1,1,1,0,1,1,1,1,1,5,8,9
56731,0:3:3;1:2:1;1:2:1;1:2:2,5,1,1,1,1,0,1,1,1,1,1,5,8,7
56732,0:3:3;1:2:1;1:2:1;1:2:2,5,2,1,1,1,0,1,1,1,1,1,5,8,7
56733,0:3:3;1:2:1;1:2:1;1:2:2,5,3,1,1,1,0,1,1,1,1,1,5,8,1
56734,0:3:3;1:2:1;1:2:1;1:2:2,5,4,1,1,1,0,1,1,1,1,1,5,8,1
56735,0:3:3;1:2:1;1:2:1;1:2:2,5,5,1,1,1,0,1,1,1,1,1,5,8,1
56736,0:3:3;1:2:1;1:2:1;1:3:2,0,0,0,0,0,1,0,0,0,0,0,0,1,24
56737,0:3:3;1:2:1;1:2:1;1:3:2,0,1,0,0,0,1,0,0,0,0,0,0,2,24
56738,0:3:3;1:2:1;1:2:1;1:3:2,0,2,0,0,0,1,0,0,0,0,0,0,3,24
56739,0:3:3;1:2:1;1:2:1;1:3:2,0,3,0,0,0,1,0,0,0,0,0,0,14,24
56740,0:3:3;1:2:1;1:2:1;1:3:2,0,4,0,0,0,1,0,0,0,0,0,0,14,24
56741,0:3:3;1:2:1;1:2:1;1:3:2,0,5,0,0,0,1,0,0,0,0,0,0,14,24
56742,0:3:3;1:2:1;1:2:1;1:3:2,1,0,1,0,0,1,0,0,0,0,0,3,8,24
56743,0:3:3;1:2:1;1:2:1;1:3:2,1,1,1,1,0,0,1,1,1,1,1,5,8,7
56744,0:3:3;1:2:1;1:2:1;1:3:2,1,2,1,1,0,0,1,1,1,1,1,5,8,7
56745,0:3:3;1:2:1;1:2:1;1:3:2,1,3,1,1,1,0,1,1,1,1,1,5,8,1
56746,0:3:3;1:2:1;1:2:1;1:3:2,1,4,1,1,1,0,1,1,1,1,1,5,8,1
56747,0:3:3;1:2:1;1:2:1;1:3:2,1,5,1,1,1,0,1,1,1,1,1,5,8,1
56748,0:3:3;1:2:1;1:2:1;1:3:2,2,0,1,1,0,0,1,1,1,1,1,5,8,9
56749,0:3:3;1:2:1;1:2:1;1:3:2,2,1,1,1,0,0,1,1,1,1,1,5,8,7
56750,0:3:3;1:2:1;1:2:1;1:3:2,2,2,1,1,1,0,1,1,1,1,1,5,8,7
56751,0:3:3;1:2:1;1:2:1;1:3:2,2,3,1,1,1,0,1,1,1,1,1,5,8,1
56752,0:3:3;1:2:1;1:2:1;1:3:2,2,4,1,1,1,0,1,1,1,1,1,5,8,1
56753,0:3:3;1:2:1;1:2:1;1:3:2,2,5,1,1,1,0,1,1,1,1,1,5,8,1
56754,0:3:3;1:2:1;1:2:1;1:3:2,3,0,1,1,0,0,1,1,1,1,1,5,8,9
56755,0:3:3;1:2:1;1:2:1;1:3:2,3,1,1,1,1,0,1,1,1,1,1,5,8,7
56756,0:3:3;1:2:1;1:2:1;1:3:2,3,2,1,1,1,0,1,1,1,1,1,5,8,7
56757,0:3:3;1:2:1;1:2:1;1:3:2,3,3,1,1,1,0,1,1,1,1,1,5,8,1
56758,0:3:3;1:2:1;1:2:1;1:3:2,3,4,1,1,1,0,1,1,1,1,1,5,8,1
56759,0:3:3;1:2:1;1:2:1;1:3:2,3,5,1,1,1,0,1,1,1,1,1,5,8,1
56760,0:3:3;1:2:1;1:2:1;1:3:2,4,0,1,1,1,0,1,1,1,1,1,5,8,9
56761,0:3:3;1:2:1;1:2:1;1:3:2,4,1,1,1,1,0,1,1,1,1,1,5,8,7
56762,0:3:3;1:2:1;1:2:1;1:3:2,4,2,1,1,1,0,1,1,1,1,1,5,8,7
56763,0:3:3;1:2:1;1:2:1;1:3:2,4,3,1,1,1,0,1,1,1,1,1,5,8,1
56764,0:3:3;1:2:1;1:2:1;1:3:2,4,4,1,1,1,0,1,1,1,1,1,5,8,1
56765,0:3:3;1:2:1;1:2:1;1:3:2,4,5,1,1,1,0,1,1,1,1,1,5,8,1
56766,0:3:3;1:2:1;1:2:1;1:3:2,5,0,1,1,1,0,1,1,1,1,1,5,8,9
56767,0:3:3;1:2:1;1:2:1;1:3:2,5,1,1,1,1,0,1,1,1,1,1,5,8,7
56768,0:3:3;1:2:1;1:2:1;1:3:2,5,2,1,1,1,0,1,1,1,1,1,5,8,7
56769,0:3:3;1:2:1;1:2:1;1:3:2,5,3,1,1,1,0,1,1,1,1,1,5,8,1
56770,0:3:3;1:2:1;1:2:1;1:3:2,5,4,1,1,1,0,1,1,1,1,1,5,8,1
56771,0:3:3;1:2:1;1:2:1;1:3:2,5,5,1,1,1,0,1,1,1,1,1,5,8,1
56772,0:3:3;1:2:1;1:2:1;1:3:3,0,0,0,0,0,1,0,0,0,0,0,0,1,24
56773,0:3:3;1:2:1;1:2:1;1:3:3,0,1,0,0,0,1,0,0,0,0,0,0,2,24
56774,0:3:3;1:2:1;1:2:1;1:3:3,0,2,0,0,0,1,0,0,0,0,0,0,3,24
56775,0:3:3;1:2:1;1:2:1;1:3:3,0,3,0,0,0,1,0,0,0,0,0,0,15,24
56776,0:3:3;1:2:1;1:2:1;1:3:3,0,4,0,0,0,1,0,0,0,0,0,0,15,24
56777,0:3:3;1:2:1;1:2:1;1:3:3,0,5,0,0,0,1,0,0,0,0,0,0,15,24
56778,0:3:3;1:2:1;1:2:1;1:3:3,1,0,0,0,0,1,0,0,0,0,0,0,8,24
56779,0:3:3;1:2:1;1:2:1;1:3:3,1,1,0,0,0,1,0,0,0,0,0,0,21,24
56780,0:3:3;1:2:1;1:2:1;1:3:3,1,2,0,0,0,1,0,0,0,0,0,0,23,24
56781,0:3:3;1:2:1;1:2:1;1:3:3,1,3,0,0,0,1,0,0,0,0,0,0,27,24
56782,0:3:3;1:2:1;1:2:1;1:3:3,1,4,0,0,0,1,0,0,0,0,0,0,27,24
56783,0:3:3;1:2:1;1:2:1;1:3:3,1,5,0,0,0,1,0,0,0,0,0,0,27,24
56784,0:3:3;1:2:1;1:2:1;1:3:3,2,0,1,1,0,0,1,1,1,1,1,5,9,9
56785,0:3:3;1:2:1;1:2:1;1:3:3,2,1,1,1,0,0,1,1,1,1,1,5,9,7
56786,0:3:3;1:2:1;1:2:1;1:3:3,2,2,1,1,0,0,1,1,1,1,1,5,9,7
56787,0:3:3;1:2:1;1:2:1;1:3:3,2,3,1,1,1,0,1,1,1,1,1,5,9,1
56788,0:3:3;1:2:1;1:2:1;1:3:3,2,4,1,1,1,0,1,1,1,1,1,5,9,1
56789,0:3:3;1:2:1;1:2:1;1:3:3,2,5,1,1,1,0,1,1,1,1,1,5,9,1
56790,0:3:3;1:2:1;1:2:1;1:3:3,3,0,1,1,0,0,1,1,1,1,1,5,9,9
56791,0:3:3;1:2:1;1:2:1;1:3:3,3,1,1,1,0,0,1,1,1,1,1,5,9,7
56792,0:3:3;1:2:1;1:2:1;1:3:3,3,2,1,1,1,0,1,1,1,1,1,5,9,7
56793,0:3:3;1:2:1;1:2:1;1:3:3,3,3,1,1,1,0,1,1,1,1,1,5,9,1
56794,0:3:3;1:2:1;1:2:1;1:3:3,3,4,1,1,1,0,1,1,1,1,1,5,9,1
56795,0:3:3;1:2:1;1:2:1;1:3:3,3,5,1,1,1,0,1,1,1,1,1,5,9,1
56796,0:3:3;1:2:1;1:2:1;1:3:3,4,0,1,1,0,0,1,1,1,1,1,5,9,9
56797,0:3:3;1:2:1;1:2:1;1:3:3,4,1,1,1,1,0,1,1,1,1,1,5,9,7
56798,0:3:3;1:2:1;1:2:1;1:3:3,4,2,1,1,1,0,1,1,1,1,1,5,9,7
56799,0:3:3;1:2:1;1:2:1;1:3:3,4,3,1,1,1,0,1,1,1,1,1,5,9,1
56800,0:3:3;1:2:1;1:2:1;1:3:3,4,4,1,1,1,0,1,1,1,1,1,5,9,1
56801,0:3:3;1:2:1;1:2:1;1:3:3,4,5,1,1,1,0,1,1,1,1,1,5,9,1
56802,0:3:3;1:2:1;1:2:1;1:3:3,5,0,1,1,1,0,1,1,1,1,1,5,9,9
56803,0:3:3;1:2:1;1:2:1;1:3:3,5,1,1,1,1,0,1,1,1,1,1,5,9,7
56804,0:3:3;1:2:1;1:2:1;1:3:3,5,2,1,1,1,0,1,1,1,1,1,5,9,7
56805,0:3:3;1:2:1;1:2:1;1:3:3,5,3,1,1,1,0,1,1,1,1,1,5,9,1
56806,0:3:3;1:2:1;1:2:1;1:3:3,5,4,1,1,1,0,1,1,1,1,1,5,9,1
56807,0:3:3;1:2:1;1:2:1;1:3:3,5,5,1,1,1,0,1,1,1,1,1,5,9,1
56808,0:3:3;1:2:1;1:2:1;1:4:3,0,0,0,0,0,1,0,0,0,0,0,0,1,24
56809,0:3:3;1:2:1;1:2:1;1:4:3,0,1,0,0,0,1,0,0,0,0,0,0,2,24
56810,0:3:3;1:2:1;1:2:1;1:4:3,0,2,0,0,0,1,0,0,0,0,0,0,3,24
56811,0:3:3;1:2:1;1:2:1;1:4:3,0,3,0,0,0,1,0,0,0,0,0,0,15,24
56812,0:3:3;1:2:1;1:2:1;1:4:3,0,4,0,0,0,1,0,0,0,0,0,0,15,24
56813,0:3:3;1:2:1;1:2:1;1:4:3,0,5,0,0,0,1,0,0,0,0,0,0,15,24
56814,0:3:3;1:2:1;1:2:1;1:4:3,1,0,0,0,0,1,0,0,0,0,0,0,8,24
56815,0:3:3;1:2:1;1:2:1;1:4:3,1,1,0,0,0,1,0,0,0,0,0,0,21,24
56816,0:3:3;1:2:1;1:2:1;1:4:3,1,2,0,0,0,1,0,0,0,0,0,0,23,24
56817,0:3:3;1:2:1;1:2:1;1:4:3,1,3,0,0,0,1,0,0,0,0,0,0,27,24
56818,0:3:3;1:2:1;1:2:1;1:4:3,1,4,0,0,0,1,0,0,0,0,0,0,27,24
56819,0:3:3;1:2:1;1:2:1;1:4:3,1,5,0,0,0,1,0,0,0,0,0,0,27,24
56820,0:3:3;1:2:1;1:2:1;1:4:3,2,0,1,1,0,0,1,1,1,1,1,5,9,9
56821,0:3:3;1:2:1;1:2:1;1:4:3,2,1,1,1,0,0,1,1,1,1,1,5,9,7
56822,0:3:3;1:2:1;1:2:1;1:4:3,2,2,1,1,0,0,1,1,1,1,1,5,9,7
56823,0:3:3;1:2:1;1:2:1;1:4:3,2,3,1,1,1,0,1,1,1,1,1,5,9,1
56824,0:3:3;1:2:1;1:2:1;1:4:3,2,4,1,1,1,0,1,1,1,1,1,5,9,1
56825,0:3:3;1:2:1;1:2:1;1:4:3,2,5,1,1,1,0,1,1,1,1,1,5,9,1
56826,0:3:3;1:2:1;1:2:1;1:4:3,3,0,1,1,0,0,1,1,1,1,1,5,9,9
56827,0:3:3;1:2:1;1:2:1;1:4:3,3,1,1,1,0,0,1,1,1,1,1,5,9,7
56828,0:3:3;1:2:1;1:2:1;1:4:3,3,2,1,1,1,0,1,1,1,1,1,5,9,7
56829,0:3:3;1:2:1;1:2:1;1:4:3,3,3,1,1,1,0,1,1,1,1,1,5,9,1
56830,0:3:3;1:2:1;1:2:1;1:4:3,3,4,1,1,1,0,1,1,1,1,1,5,9,1
56831,0:3:3;1:2:1;1:2:1;1:4:3,3,5,1,1,1,0,1,1,1,1,1,5,9,1
56832,0:3:3;1:2:1;1:2:1;1:4:3,4,0,1,1,0,0,1,1,1,1,1,5,9,9
56833,0:3:3;1:2:1;1:2:1;1:4:3,4,1,1,1,1,0,1,1,1,1,1,5,9,7
56834,0:3:3;1:2:1;1:2:1;1:4:3,4,2,1,1,1,0,1,1,1,1,1,5,9,7
56835,0:3:3;1:2:1;1:2:1;1:4:3,4,3,1,1,1,0,1,1,1,1,1,5,9,1
56836,0:3:3;1:2:1;1:2:1;1:4:3,4,4,1,1,1,0,1,1,1,1,1,5,9,1
56837,0:3:3;1:2:1;1:2:1;1:4:3,4,5,1,1,1,0,1,1,1,1,1,5,9,1
56838,0:3:3;1:2:1;1:2:1;1:4:3,5,0,1,1,1,0,1,1,1,1,1,5,9,9
56839,0:3:3;1:2:1;1:2:1;1:4:3,5,1,1,1,1,0,1,1,1,1,1,5,9,7
56840,0:3:3;1:2:1;1:2:1;1:4:3,5,2,1,1,1,0,1,1,1,1,1,5,9,7
56841,0:3:3;1:2:1;1:2:1;1:4:3,5,3,1,1,1,0,1,1,1,1,1,5,9,1
56842,0:3:3;1:2:1;1:2:1;1:4:3,5,4,1,1,1,0,1,1,1,1,1,5,9,1
56843,0:3:3;1:2:1;1:2:1;1:4:3,5,5,1,1,1,0,1,1,1,1,1,5,9,1
56844,0:3:3;1:2:1;1:2:2;1:2:2,0,0,0,0,0,1,0,0,0,0,0,0,1,24
56845,0:3:3;1:2:1;1:2:2;1:2:2,0,1,0,0,0,1,0,0,0,0,0,0,2,24
56846,0:3:3;1:2:1;1:2:2;1:2:2,0,2,0,0,0,1,0,0,0,0,0,0,3,24
56847,0:3:3;1:2:1;1:2:2;1:2:2,0,3,0,0,0,1,0,0,0,0,0,0,17,24
56848,0:3:3;1:2:1;1:2:2;1:2:2,0,4,0,0,0,1,0,0,0,0,0,0,17,24
56849,0:3:3;1:2:1;1:2:2;1:2:2,0,5,0,0,0,1,0,0,0,0,0,0,17,24
56850,0:3:3;1:2:1;1:2:2;1:2:2,1,0,0,0,0,1,0,0,0,0,0,0,6,24
56851,0:3:3;1:2:1;1:2:2;1:2:2,1,1,0,0,0,1,0,0,0,0,0,0,17,24
56852,0:3:3;1:2:1;1:2:2;1:2:2,1,2,0,0,0,1,0,0,0,0,0,0,20,24
56853,0:3:3;1:2:1;1:2:2;1:2:2,1,3,0,0,0,1,0,0,0,0,0,0,29,24
56854,0:3:3;1:2:1;1:2:2;1:2:2,1,4,0,0,0,1,0,0,0,0,0,0,29,24
56855,0:3:3;1:2:1;1:2:2;1:2:2,1,5,0,0,0,1,0,0,0,0,0,0,29,24
56856,0:3:3;1:2:1;1:2:2;1:2:2,2,0,1,0,0,1,0,0,0,0,0,4,19,24
56857,0:3:3;1:2:1;1:2:2;1:2:2,2,1,1,1,0,0,1,1,1,1,1,5,9,7
56858,0:3:3;1:2:1;1:2:2;1:2:2,2,2,1,1,1,0,1,1,1,1,1,5,9,7
56859,0:3:3;1:2:1;1:2:2;1:2:2,2,3,1,1,1,0,1,1,1,1,1,5,9,1
56860,0:3:3;1:2:1;1:2:2;1:2:2,2,4,1,1,1,0,1,1,1,1,1,5,9,1
56861,0:3:3;1:2:1;1:2:2;1:2:2,2,5,1,1,1,0,1,1,1,1,1,5,9,1
56862,0:3:3;1:2:1;1:2:2;1:2:2,3,0,1,1,0,0,1,1,1,1,1,5,9,9
56863,0:3:3;1:2:1;1:2:2;1:2:2,3,1,1,1,1,0,1,1,1,1,1,5,9,7
56864,0:3:3;1:2:1;1:2:2;1:2:2,3,2,1,1,1,0,1,1,1,1,1,5,9,7
56865,0:3:3;1:2:1;1:2:2;1:2:2,3,3,1,1,1,0,1,1,1,1,1,5,9,1
56866,0:3:3;1:2:1;1:2:2;1:2:2,3,4,1,1,1,0,1,1,1,1,1,5,9,1
56867,0:3:3;1:2:1;1:2:2;1:2:2,3,5,1,1,1,0,1,1,1,1,1,5,9,1
56868,0:3:3;1:2:1;1:2:2;1:2:2,4,0,1,1,1,0,1,1,1,1,1,5,9,9
56869,0:3:3;1:2:1;1:2:2;1:2:2,4,1,1,1,1,0,1,1,1,1,1,5,9,7
56870,0:3:3;1:2:1;1:2:2;1:2:2,4,2,1,1,1,0,1,1,1,1,1,5,9,7
56871,0:3:3;1:2:1;1:2:2;1:2:2,4,3,1,1,1,0,1,1,1,1,1,5,9,1
56872,0:3:3;1:2:1;1:2:2;1:2:2,4,4,1,1,1,0,1,1,1,1,1,5,9,1
56873,0:3:3;1:2:1;1:2:2;1:2:2,4,5,1,1,1,0,1,1,1,1,1,5,9,1
56874,0:3:3;1:2:1;1:2:2;1:2:2,5,0,1,1,1,0,1,1,1,1,1,5,9,9
56875,0:3:3;1:2:1;1:2:2;1:2:2,5,1,1,1,1,0,1,1,1,1,1,5,9,7
56876,0:3:3;1:2:1;1:2:2;1:2:2,5,2,1,1,1,0,1,1,1,1,1,5,9,7
56877,0:3:3;1:2:1;1:2:2;1:2:2,5,3,1,1,1,0,1,1,1,1,1,5,9,1
56878,0:3:3;1:2:1;1:2:2;1:2:2,5,4,1,1,1,0,1,1,1,1,1,5,9,1
56879,0:3:3;1:2:1;1:2:2;1:2:2,5,5,1,1,1,0,1,1,1,1,1,5,9,1
56880,0:3:3;1:2:1;1:2:2;1:3:2,0,0,0,0,0,1,0,0,0,0,0,0,1,24
56881,0:3:3;1:2:1;1:2:2;1:3:2,0,1,0,0,0,1,0,0,0,0,0,0,2,24
56882,0:3:3;1:2:1;1:2:2;1:3:2,0,2,0,0,0,1,0,0,0,0,0,0,3,24
56883,0:3:3;1:2:1;1:2:2;1:3:2,0,3,0,0,0,1,0,0,0,0,0,0,17,24
56884,0:3:3;1:2:1;1:2:2;1:3:2,0,4,0,0,0,1,0,0,0,0,0,0,17,24
56885,0:3:3;1:2:1;1:2:2;1:3:2,0,5,0,0,0,1,0,0,0,0,0,0,17,24
56886,0:3:3;1:2:1;1:2:2;1:3:2,1,0,0,0,0,1,0,0,0,0,0,0,6,24
56887,0:3:3;1:2:1;1:2:2;1:3:2,1,1,0,0,0,1,0,0,0,0,0,0,17,24
56888,0:3:3;1:2:1;1:2:2;1:3:2,1,2,0,0,0,1,0,0,0,0,0,0,20,24
56889,0:3:3;1:2:1;1:2:2;1:3:2,1,3,0,0,0,1,0,0,0,0,0,0,29,24
56890,0:3:3;1:2:1;1:2:2;1:3:2,1,4,0,0,0,1,0,0,0,0,0,0,29,24
56891,0:3:3;1:2:1;1:2:2;1:3:2,1,5,0,0,0,1,0,0,0,0,0,0,29,24
56892,0:3:3;1:2:1;1:2:2;1:3:2,2,0,1,1,0,1,0,0,0,0,1,7,23,19
56893,0:3:3;1:2:1;1:2:2;1:3:2,2,1,1,1,0,0,1,1,1,1,1,5,9,7
56894,0:3:3;1:2:1;1:2:2;1:3:2,2,2,1,1,1,0,1,1,1,1,1,5,9,7
56895,0:3:3;1:2:1;1:2:2;1:3:2,2,3,1,1,1,0,1,1,1,1,1,5,9,1
56896,0:3:3;1:2:1;1:2:2;1:3:2,2,4,1,1,1,0,1,1,1,1,1,5,9,1
56897,0:3:3;1:2:1;1:2:2;1:3:2,2,5,1,1,1,0,1,1,1,1,1,5,9,1
56898,0:3:3;1:2:1;1:2:2;1:3:2,3,0,1,1,0,0,1,1,1,1,1,5,9,9
56899,0:3:3;1:2:1;1:2:2;1:3:2,3,1,1,1,1,0,1,1,1,1,1,5,9,7
56900,0:3:3;1:2:1;1:2:2;1:3:2,3,2,1,1,1,0,1,1,1,1,1,5,9,7
56901,0:3:3;1:2:1;1:2:2;1:3:2,3,3,1,1,1,0,1,1,1,1,1,5,9,1
56902,0:3:3;1:2:1;1:2:2;1:3:2,3,4,1,1,1,0,1,1,1,1,1,5,9,1
56903,0:3:3;1:2:1;1:2:2;1:3:2,3,5,1,1,1,0,1,1,1,1,1,5,9,1
56904,0:3:3;1:2:1;1:2:2;1:3:2,4,0,1,1,1,0,1,1,1,1,1,5,9,9
56905,0:3:3;1:2:1;1:2:2;1:3:2,4,1,1,1,1,0,1,1,1,1,1,5,9,7
56906,0:3:3;1:2:1;1:2:2;1:3:2,4,2,1,1,1,0,1,1,1,1,1,5,9,7
56907,0:3:3;1:2:1;1:2:2;1:3:2,4,3,1,1,1,0,1,1,1,1,1,5,9,1
56908,0:3:3;1:2:1;1:2:2;1:3:2,4,4,1,1,1,0,1,1,1,1,1,5,9,1
56909,0:3:3;1:2:1;1:2:2;1:3:2,4,5,1,1,1,0,1,1,1,1,1,5,9,1
56910,0:3:3;1:2:1;1:2:2;1:3:2,5,0,1,1,1,0,1,1,1,1,1,5,9,9
56911,0:3:3;1:2:1;1:2:2;1:3:2,5,1,1,1,1,0,1,1,1,1,1,5,9,7
56912,0:3:3;1:2:1;1:2:2;1:3:2,5,2,1,1,1,0,1,1,1,1,1,5,9,7
56913,0:3:3;1:2:1;1:2:2;1:3:2,5,3,1,1,1,0,1,1,1,1,1,5,9,1
56914,0:3:3;1:2:1;1:2:2;1:3:2,5,4,1,1,1,0,1,1,1,1,1,5,9,1
56915,0:3:3;1:2:1;1:2:2;1:3:2,5,5,1,1,1,0,1,1,1,1,1,5,9,1
56916,0:3:3;1:2:1;1:2:2;1:3:3,0,0,0,0,0,1,0,0,0,0,0,0,1,24
56917,0:3:3;1:2:1;1:2:2;1:3:3,0,1,0,0,0,1,0,0,0,0,0,0,2,24
56918,0:3:3;1:2:1;1:2:2;1:3:3,0,2,0,0,0,1,0,0,0,0,0,0,3,24
56919,0:3:3;1:2:1;1:2:2;1:3:3,0,3,0,0,0,1,0,0,0,0,0,0,18,24
56920,0:3:3;1:2:1;1:2:2;1:3:3,0,4,0,0,0,1,0,0,0,0,0,0,18,24
56921,0:3:3;1:2:1;1:2:2;1:3:3,0,5,0,0,0,1,0,0,0,0,0,0,18,24
56922,0:3:3;1:2:1;1:2:2;1:3:3,1,0,0,0,0,1,0,0,0,0,0,0,6,24
56923,0:3:3;1:2:1;1:2:2;1:3:3,1,1,0,0,0,1,0,0,0,0,0,0,18,24
56924,0:3:3;1:2:1;1:2:2;1:3:3,1,2,0,0,0,1,0,0,0,0,0,0,21,24
56925,0:3:3;1:2:1;1:2:2;1:3:3,1,3,0,0,0,1,0,0,0,0,0,0,32,24
56926,0:3:3;1:2:1;1:2:2;1:3:3,1,4,0,0,0,1,0,0,0,0,0,0,32,24
56927,0:3:3;1:2:1;1:2:2;1:3:3,1,5,0,0,0,1,0,0,0,0,0,0,32,24
56928,0:3:3;1:2:1;1:2:2;1:3:3,2,0,0,0,0,1,0,0,0,0,0,0,17,24
56929,0:3:3;1:2:1;1:2:2;1:3:3,2,1,0,0,0,1,0,0,0,0,0,0,37,24
56930,0:3:3;1:2:1;1:2:2;1:3:3,2,2,0,0,0,1,0,0,0,0,0,0,42,24
56931,0:3:3;1:2:1;1:2:2;1:3:3,2,3,0,0,0,1,0,0,0,0,0,0,50,24
56932,0:3:3;1:2:1;1:2:2;1:3:3,2,4,0,0,0,1,0,0,0,0,0,0,50,24
56933,0:3:3;1:2:1;1:2:2;1:3:3,2,5,0,0,0,1,0,0,0,0,0,0,50,24
56934,0:3:3;1:2:1;1:2:2;1:3:3,3,0,1,1,0,0,1,1,1,1,1,5,10,9
56935,0:3:3;1:2:1;1:2:2;1:3:3,3,1,1,1,0,0,1,1,1,1,1,5,10,7
56936,0:3:3;1:2:1;1:2:2;1:3:3,3,2,1,1,1,0,1,1,1,1,1,5,10,7
56937,0:3:3;1:2:1;1:2:2;1:3:3,3,3,1,1,1,0,1,1,1,1,1,5,10,1
56938,0:3:3;1:2:1;1:2:2;1:3:3,3,4,1,1,1,0,1,1,1,1,1,5,10,1
56939,0:3:3;1:2:1;1:2:2;1:3:3,3,5,1,1,1,0,1,1,1,1,1,5,10,1
56940,0:3:3;1:2:1;1:2:2;1:3:3,4,0,1,1,0,0,1,1,1,1,1,5,10,9
56941,0:3:3;1:2:1;1:2:2;1:3:3,4,1,1,1,1,0,1,1,1,1,1,5,10,7
56942,0:3:3;1:2:1;1:2:2;1:3:3,4,2,1,1,1,0,1,1,1,1,1,5,10,7
56943,0:3:3;1:2:1;1:2:2;1:3:3,4,3,1,1,1,0,1,1,1,1,1,5,10,1
56944,0:3:3;1:2:1;1:2:2;1:3:3,4,4,1,1,1,0,1,1,1,1,1,5,10,1
56945,0:3:3;1:2:1;1:2:2;1:3:3,4,5,1,1,1,0,1,1,1,1,1,5,10,1
56946,0:3:3;1:2:1;1:2:2;1:3:3,5,0,1,1,1,0,1,1,1,1,1,5,10,9
56947,0:3:3;1:2:1;1:2:2;1:3:3,5,1,1,1,1,0,1,1,1,1,1,5,10,7
56948,0:3:3;1:2:1;1:2:2;1:3:3,5,2,1,1,1,0,1,1,1,1,1,5,10,7
56949,0:3:3;1:2:1;1:2:2;1:3:3,5,3,1,1,1,0,1,1,1,1,1,5,10,1
56950,0:3:3;1:2:1;1:2:2;1:3:3,5,4,1,1,1,0,1,1,1,1,1,5,10,1
56951,0:3:3;1:2:1;1:2:2;1:3:3,5,5,1,1,1,0,1,1,1,1,1,5,10,1
56952,0:3:3;1:2:1;1:2:2;1:4:3,0,0,0,0,0,1,0,0,0,0,0,0,1,24
56953,0:3:3;1:2:1;1:2:2;1:4:3,0,1,0,0,0,1,0,0,0,0,0,0,2,24
56954,0:3:3;1:2:1;1:2:2;1:4:3,0,2,0,0,0,1,0,0,0,0,0,0,3,24
56955,0:3:3;1:2:1;1:2:2;1:4:3,0,3,0,0,0,1,0,0,0,0,0,0,18,24
56956,0:3:3;1:2:1;1:2:2;1:4:3,0,4,0,0,0,1,0,0,0,0,0,0,18,24
56957,0:3:3;1:2:1;1:2:2;1:4:3,0,5,0,0,0,1,0,0,0,0,0,0,18,24
56958,0:3:3;1:2:1;1:2:2;1:4:3,1,0,0,0,0,1,0,0,0,0,0,0,6,24
56959,0:3:3;1:2:1;1:2:2;1:4:3,1,1,0,0,0,1,0,0,0,0,0,0,18,24
56960,0:3:3;1:2:1;1:2:2;1:4:3,1,2,0,0,0,1,0,0,0,0,0,0,21,24
56961,0:3:3;1:2:1;1:2:2;1:4:3,1,3,0,0,0,1,0,0,0,0,0,0,32,24
56962,0:3:3;1:2:1;1:2:2;1:4:3,1,4,0,0,0,1,0,0,0,0,0,0,32,24
56963,0:3:3;1:2:1;1:2:2;1:4:3,1,5,0,0,0,1,0,0,0,0,0,0,32,24
56964,0:3:3;1:2:1;1:2:2;1:4:3,2,0,0,0,0,1,0,0,0,0,0,0,17,24
56965,0:3:3;1:2:1;1:2:2;1:4:3,2,1,0,0,0,1,0,0,0,0,0,0,37,24
56966,0:3:3;1:2:1;1:2:2;1:4:3,2,2,0,0,0,1,0,0,0,0,0,0,42,24
56967,0:3:3;1:2:1;1:2:2;1:4:3,2,3,0,0,0,1,0,0,0,0,0,0,50,24
56968,0:3:3;1:2:1;1:2:2;1:4:3,2,4,0,0,0,1,0,0,0,0,0,0,50,24
56969,0:3:3;1:2:1;1:2:2;1:4:3,2,5,0,0,0,1,0,0,0,0,0,0,50,24
56970,0:3:3;1:2:1;1:2:2;1:4:3,3,0,1,1,0,0,1,1,1,1,1,5,10,9
56971,0:3:3;1:2:1;1:2:2;1:4:3,3,1,1,1,0,0,1,1,1,1,1,5,10,7
56972,0:3:3;1:2:1;1:2:2;1:4:3,3,2,1,1,1,0,1,1,1,1,1,5,10,7
56973,0:3:3;1:2:1;1:2:2;1:4:3,3,3,1,1,1,0,1,1,1,1,1,5,10,1
56974,0:3:3;1:2:1;1:2:2;1:4:3,3,4,1,1,1,0,1,1,1,1,1,5,10,1
56975,0:3:3;1:2:1;1:2:2;1:4:3,3,5,1,1,1,0,1,1,1,1,1,5,10,1
56976,0:3:3;1:2:1;1:2:2;1:4:3,4,0,1,1,0,0,1,1,1,1,1,5,10,9
56977,0:3:3;1:2:1;1:2:2;1:4:3,4,1,1,1,1,0,1,1,1,1,1,5,10,7
56978,0:3:3;1:2:1;1:2:2;1:4:3,4,2,1,1,1,0,1,1,1,1,1,5,10,7
56979,0:3:3;1:2:1;1:2:2;1:4:3,4,3,1,1,1,0,1,1,1,1,1,5,10,1
56980,0:3:3;1:2:1;1:2:2;1:4:3,4,4,1,1,1,0,1,1,1,1,1,5,10,1
56981,0:3:3;1:2:1;1:2:2;1:4:3,4,5,1,1,1,0,1,1,1,1,1,5,10,1
56982,0:3:3;1:2:1;1:2:2;1:4:3,5,0,1,1,1,0,1,1,1,1,1,5,10,9
56983,0:3:3;1:2:1;1:2:2;1:4:3,5,1,1,1,1,0,1,1,1,1,1,5,10,7
56984,0:3:3;1:2:1;1:2:2;1:4:3,5,2,1,1,1,0,1,1,1,1,1,5,10,7
56985,0:3:3;1:2:1;1:2:2;1:4:3,5,3,1,1,1,0,1,1,1,1,1,5,10,1
56986,0:3:3;1:2:1;1:2:2;1:4:3,5,4,1,1,1,0,1,1,1,1,1,5,10,1
56987,0:3:3;1:2:1;1:2:2;1:4:3,5,5,1,1,1,0,1,1,1,1,1,5,10,1
56988,0:3:3;1:2:1;1:3:2;1:3:2,0,0,0,0,0,1,0,0,0,0,0,0,1,24
56989,0:3:3;1:2:1;1:3:2;1:3:2,0,1,0,0,0,1,0,0,0,0,0,0,2,24
56990,0:3:3;1:2:1;1:3:2;1:3:2,0,2,0,0,0,1,0,0,0,0,0,0,3,24
56991,0:3:3;1:2:1;1:3:2;1:3:2,0,3,0,0,0,1,0,0,0,0,0,0,17,24
56992,0:3:3;1:2:1;1:3:2;1:3:2,0,4,0,0,0,1,0,0,0,0,0,0,17,24
56993,0:3:3;1:2:1;1:3:2;1:3:2,0,5,0,0,0,1,0,0,0,0,0,0,17,24
56994,0:3:3;1:2:1;1:3:2;1:3:2,1,0,0,0,0,1,0,0,0,0,0,0,6,24
56995,0:3:3;1:2:1;1:3:2;1:3:2,1,1,0,0,0,1,0,0,0,0,0,0,17,24
56996,0:3:3;1:2:1;1:3:2;1:3:2,1,2,0,0,0,1,0,0,0,0,0,0,20,24
56997,0:3:3;1:2:1;1:3:2;1:3:2,1,3,0,0,0,1,0,0,0,0,0,0,29,24
56998,0:3:3;1:2:1;1:3:2;1:3:2,1,4,0,0,0,1,0,0,0,0,0,0,29,24
56999,0:3:3;1:2:1;1:3:2;1:3:2,1,5,0,0,0,1,0,0,0,0,0,0,29,24
57000,0:3:3;1:2:1;1:3:2;1:3:2,2,0,1,1,0,1,0,0,1,0,1,6,18,13
57001,0:3:3;1:2:1;1:3:2;1:3:2,2,1,1,1,0,0,1,1,1,1,1,5,9,7
57002,0:3:3;1:2:1;1:3:2;1:3:2,2,2,1,1,1,0,1,1,1,1,1,5,9,7
57003,0:3:3;1:2:1;1:3:2;1:3:2,2,3,1,1,1,0,1,1,1,1,1,5,9,1
57004,0:3:3;1:2:1;1:3:2;1:3:2,2,4,1,1,1,0,1,1,1,1,1,5,9,1
57005,0:3:3;1:2:1;1:3:2;1:3:2,2,5,1,1,1,0,1,1,1,1,1,5,9,1
57006,0:3:3;1:2:1;1:3:2;1:3:2,3,0,1,1,0,0,1,1,1,1,1,5,9,9
57007,0:3:3;1:2:1;1:3:2;1:3:2,3,1,1,1,1,0,1,1,1,1,1,5,9,7
57008,0:3:3;1:2:1;1:3:2;1:3:2,3,2,1,1,1,0,1,1,1,1,1,5,9,7
57009,0:3:3;1:2:1;1:3:2;1:3:2,3,3,1,1,1,0,1,1,1,1,1,5,9,1
57010,0:3:3;1:2:1;1:3:2;1:3:2,3,4,1,1,1,0,1,1,1,1,1,5,9,1
57011,0:3:3;1:2:1;1:3:2;1:3:2,3,5,1,1,1,0,1,1,1,1,1,5,9,1
57012,0:3:3;1:2:1;1:3:2;1:3:2,4,0,1,1,1,0,1,1,1,1,1,5,9,9
57013,0:3:3;1:2:1;1:3:2;1:3:2,4,1,1,1,1,0,1,1,1,1,1,5,9,7
57014,0:3:3;1:2:1;1:3:2;1:3:2,4,2,1,1,1,0,1,1,1,1,1,5,9,7
57015,0:3:3;1:2:1;1:3:2;1:3:2,4,3,1,1,1,0,1,1,1,1,1,5,9,1
57016,0:3:3;1:2:1;1:3:2;1:3:2,4,4,1,1,1,0,1,1,1,1,1,5,9,1
57017,0:3:3;1:2:1;1:3:2;1:3:2,4,5,1,1,1,0,1,1,1,1,1,5,9,1
57018,0:3:3;1:2:1;1:3:2;1:3:2,5,0,1,1,1,0,1,1,1,1,1,5,9,9
57019,0:3:3;1:2:1;1:3:2;1:3:2,5,1,1,1,1,0,1,1,1,1,1,5,9,7
57020,0:3:3;1:2:1;1:3:2;1:3:2,5,2,1,1,1,0,1,1,1,1,1,5,9,7
57021,0:3:3;1:2:1;1:3:2;1:3:2,5,3,1,1,1,0,1,1,1,1,1,5,9,1
57022,0:3:3;1:2:1;1:3:2;1:3:2,5,4,1,1,1,0,1,1,1,1,1,5,9,1
57023,0:3:3;1:2:1;1:3:2;1:3:2,5,5,1,1,1,0,1,1,1,1,1,5,9,1
57024,0:3:3;1:2:1;1:3:2;1:3:3,0,0,0,0,0,1,0,0,0,0,0,0,1,24
57025,0:3:3;1:2:1;1:3:2;1:3:3,0,1,0,0,0,1,0,0,0,0,0,0,2,24
57026,0:3:3;1:2:1;1:3:2;1:3:3,0,2,0,0,0,1,0,0,0,0,0,0,3,24
57027,0:3:3;1:2:1;1:3:2;1:3:3,0,3,0,0,0,1,0,0,0,0,0,0,18,24
57028,0:3:3;1:2:1;1:3:2;1:3:3,0,4,0,0,0,1,0,0,0,0,0,0,18,24
57029,0:3:3;1:2:1;1:3:2;1:3:3,0,5,0,0,0,1,0,0,0,0,0,0,18,24
57030,0:3:3;1:2:1;1:3:2;1:3:3,1,0,0,0,0,1,0,0,0,0,0,0,6,24
57031,0:3:3;1:2:1;1:3:2;1:3:3,1,1,0,0,0,1,0,0,0,0,0,0,18,24
57032,0:3:3;1:2:1;1:3:2;1:3:3,1,2,0,0,0,1,0,0,0,0,0,0,21,24
57033,0:3:3;1:2:1;1:3:2;1:3:3,1,3,0,0,0,1,0,0,0,0,0,0,32,24
57034,0:3:3;1:2:1;1:3:2;1:3:3,1,4,0,0,0,1,0,0,0,0,0,0,32,24
57035,0:3:3;1:2:1;1:3:2;1:3:3,1,5,0,0,0,1,0,0,0,0,0,0,32,24
57036,0:3:3;1:2:1;1:3:2;1:3:3,2,0,0,0,0,1,0,0,0,0,0,0,24,24
57037,0:3:3;1:2:1;1:3:2;1:3:3,2,1,0,0,0,1,0,0,0,0,0,0,37,24
57038,0:3:3;1:2:1;1:3:2;1:3:3,2,2,0,0,0,1,0,0,0,0,0,0,42,24
57039,0:3:3;1:2:1;1:3:2;1:3:3,2,3,0,0,0,1,0,0,0,0,0,0,50,24
57040,0:3:3;1:2:1;1:3:2;1:3:3,2,4,0,0,0,1,0,0,0,0,0,0,50,24
57041,0:3:3;1:2:1;1:3:2;1:3:3,2,5,0,0,0,1,0,0,0,0,0,0,50,24
57042,0:3:3;1:2:1;1:3:2;1:3:3,3,0,1,1,0,0,1,1,1,1,1,5,10,9
57043,0:3:3;1:2:1;1:3:2;1:3:3,3,1,1,1,0,0,1,1,1,1,1,5,10,7
57044,0:3:3;1:2:1;1:3:2;1:3:3,3,2,1,1,1,0,1,1,1,1,1,5,10,7
57045,0:3:3;1:2:1;1:3:2;1:3:3,3,3,1,1,1,0,1,1,1,1,1,5,10,1
57046,0:3:3;1:2:1;1:3:2;1:3:3,3,4,1,1,1,0,1,1,1,1,1,5,10,1
57047,0:3:3;1:2:1;1:3:2;1:3:3,3,5,1,1,1,0,1,1,1,1,1,5,10,1
57048,0:3:3;1:2:1;1:3:2;1:3:3,4,0,1,1,0,0,1,1,1,1,1,5,10,9
57049,0:3:3;1:2:1;1:3:2;1:3:3,4,1,1,1,1,0,1,1,1,1,1,5,10,7
57050,0:3:3;1:2:1;1:3:2;1:3:3,4,2,1,1,1,0,1,1,1,1,1,5,10,7
57051,0:3:3;1:2:1;1:3:2;1:3:3,4,3,1,1,1,0,1,1,1,1,1,5,10,1
57052,0:3:3;1:2:1;1:3:2;1:3:3,4,4,1,1,1,0,1,1,1,1,1,5,10,1
57053,0:3:3;1:2:1;1:3:2;1:3:3,4,5,1,1,1,0,1,1,1,1,1,5,10,1
57054,0:3:3;1:2:1;1:3:2;1:3:3,5,0,1,1,1,0,1,1,1,1,1,5,10,9
57055,0:3:3;1:2:1;1:3:2;1:3:3,5,1,1,1,1,0,1,1,1,1,1,5,10,7
57056,0:3:3;1:2:1;1:3:2;1:3:3,5,2,1,1,1,0,1,1,1,1,1,5,10,7
57057,0:3:3;1:2:1;1:3:2;1:3:3,5,3,1,1,1,0,1,1,1,1,1,5,10,1
57058,0:3:3;1:2:1;1:3:2;1:3:3,5,4,1,1,1,0,1,1,1,1,1,5,10,1
57059,0:3:3;1:2:1;1:3:2;1:3:3,5,5,1,1,1,0,1,1,1,1,1,5,10,1
57060,0:3:3;1:2:1;1:3:2;1:4:3,0,0,0,0,0,1,0,0,0,0,0,0,1,24
57061,0:3:3;1:2:1;1:3:2;1:4:3,0,1,0,0,0,1,0,0,0,0,0,0,2,24
57062,0:3:3;1:2:1;1:3:2;1:4:3,0,2,0,0,0,1,0,0,0,0,0,0,3,24
57063,0:3:3;1:2:1;1:3:2;1:4:3,0,3,0,0,0,1,0,0,0,0,0,0,18,24
57064,0:3:3;1:2:1;1:3:2;1:4:3,0,4,0,0,0,1,0,0,0,0,0,0,18,24
57065,0:3:3;1:2:1;1:3:2;1:4:3,0,5,0,0,0,1,0,0,0,0,0,0,18,24
57066,0:3:3;1:2:1;1:3:2;1:4:3,1,0,0,0,0,1,0,0,0,0,0,0,6,24
57067,0:3:3;1:2:1;1:3:2;1:4:3,1,1,0,0,0,1,0,0,0,0,0,0,18,24
57068,0:3:3;1:2:1;1:3:2;1:4:3,1,2,0,0,0,1,0,0,0,0,0,0,21,24
57069,0:3:3;1:2:1;1:3:2;1:4:3,1,3,0,0,0,1,0,0,0,0,0,0,32,24
57070,0:3:3;1:2:1;1:3:2;1:4:3,1,4,0,0,0,1,0,0,0,0,0,0,32,24
57071,0:3:3;1:2:1;1:3:2;1:4:3,1,5,0,0,0,1,0,0,0,0,0,0,32,24
57072,0:3:3;1:2:1;1:3:2;1:4:3,2,0,0,0,0,1,0,0,0,0,0,0,24,24
57073,0:3:3;1:2:1;1:3:2;1:4:3,2,1,0,0,0,1,0,0,0,0,0,0,37,24
57074,0:3:3;1:2:1;1:3:2;1:4:3,2,2,0,0,0,1,0,0,0,0,0,0,42,24
57075,0:3:3;1:2:1;1:3:2;1:4:3,2,3,0,0,0,1,0,0,0,0,0,0,50,24
57076,0:3:3;1:2:1;1:3:2;1:4:3,2,4,0,0,0,1,0,0,0,0,0,0,50,24
57077,0:3:3;1:2:1;1:3:2;1:4:3,2,5,0,0,0,1,0,0,0,0,0,0,50,24
57078,0:3:3;1:2:1;1:3:2;1:4:3,3,0,1,1,0,0,1,1,1,1,1,5,10,9
57079,0:3:3;1:2:1;1:3:2;1:4:3,3,1,1,1,0,0,1,1,1,1,1,5,10,7
57080,0:3:3;1:2:1;1:3:2;1:4:3,3,2,1,1,1,0,1,1,1,1,1,5,10,7
57081,0:3:3;1:2:1;1:3:2;1:4:3,3,3,1,1,1,0,1,1,1,1,1,5,10,1
57082,0:3:3;1:2:1;1:3:2;1:4:3,3,4,1,1,1,0,1,1,1,1,1,5,10,1
57083,0:3:3;1:2:1;1:3:2;1:4:3,3,5,1,1,1,0,1,1,1,1,1,5,10,1
57084,0:3:3;1:2:1;1:3:2;1:4:3,4,0,1,1,0,0,1,1,1,1,1,5,10,9
57085,0:3:3;1:2:1;1:3:2;1:4:3,4,1,1,1,1,0,1,1,1,1,1,5,10,7
57086,0:3:3;1:2:1;1:3:2;1:4:3,4,2,1,1,1,0,1,1,1,1,1,5,10,7
57087,0:3:3;1:2:1;1:3:2;1:4:3,4,3,1,1,1,0,1,1,1,1,1,5,10,1
57088,0:3:3;1:2:1;1:3:2;1:4:3,4,4,1,1,1,0,1,1,1,1,1,5,10,1
57089,0:3:3;1:2:1;1:3:2;1:4:3,4,5,1,1,1,0,1,1,1,1,1,5,10,1
57090,0:3:3;1:2:1;1:3:2;1:4:3,5,0,1,1,1,0,1,1,1,1,1,5,10,9
57091,0:3:3;1:2:1;1:3:2;1:4:3,5,1,1,1,1,0,1,1,1,1,1,5,10,7
57092,0:3:3;1:2:1;1:3:2;1:4:3,5,2,1,1,1,0,1,1,1,1,1,5,10,7
57093,0:3:3;1:2:1;1:3:2;1:4:3,5,3,1,1,1,0,1,1,1,1,1,5,10,1
57094,0:3:3;1:2:1;1:3:2;1:4:3,5,4,1,1,1,0,1,1,1,1,1,5,10,1
57095,0:3:3;1:2:1;1:3:2;1:4:3,5,5,1,1,1,0,1,1,1,1,1,5,10,1
57096,0:3:3;1:2:1;1:3:3;1:3:3,0,0,0,0,0,1,0,0,0,0,0,0,1,24
57097,0:3:3;1:2:1;1:3:3;1:3:3,0,1,0,0,0,1,0,0,0,0,0,0,2,24
57098,0:3:3;1:2:1;1:3:3;1:3:3,0,2,0,0,0,1,0,0,0,0,0,0,3,24
57099,0:3:3;1:2:1;1:3:3;1:3:3,0,3,0,0,0,1,0,0,0,0,0,0,19,24
57100,0:3:3;1:2:1;1:3:3;1:3:3,0,4,0,0,0,1,0,0,0,0,0,0,19,24
57101,0:3:3;1:2:1;1:3:3;1:3:3,0,5,0,0,0,1,0,0,0,0,0,0,19,24
57102,0:3:3;1:2:1;1:3:3;1:3:3,1,0,0,0,0,1,0,0,0,0,0,0,6,24
57103,0:3:3;1:2:1;1:3:3;1:3:3,1,1,0,0,0,1,0,0,0,0,0,0,19,24
57104,0:3:3;1:2:1;1:3:3;1:3:3,1,2,0,0,0,1,0,0,0,0,0,0,22,24
57105,0:3:3;1:2:1;1:3:3;1:3:3,1,3,0,0,0,1,0,0,0,0,0,0,35,24
57106,0:3:3;1:2:1;1:3:3;1:3:3,1,4,0,0,0,1,0,0,0,0,0,0,35,24
57107,0:3:3;1:2:1;1:3:3;1:3:3,1,5,0,0,0,1,0,0,0,0,0,0,35,24
57108,0:3:3;1:2:1;1:3:3;1:3:3,2,0,0,0,0,1,0,0,0,0,0,0,15,24
57109,0:3:3;1:2:1;1:3:3;1:3:3,2,1,0,0,0,1,0,0,0,0,0,0,34,24
57110,0:3:3;1:2:1;1:3:3;1:3:3,2,2,0,0,0,1,0,0,0,0,0,0,40,24
57111,0:3:3;1:2:1;1:3:3;1:3:3,2,3,0,0,0,1,0,0,0,0,0,0,55,24
57112,0:3:3;1:2:1;1:3:3;1:3:3,2,4,0,0,0,1,0,0,0,0,0,0,55,24
57113,0:3:3;1:2:1;1:3:3;1:3:3,2,5,0,0,0,1,0,0,0,0,0,0,55,24
57114,0:3:3;1:2:1;1:3:3;1:3:3,3,0,0,0,0,1,0,0,0,0,0,0,45,24
57115,0:3:3;1:2:1;1:3:3;1:3:3,3,1,0,0,0,1,0,0,0,0,0,0,62,24
57116,0:3:3;1:2:1;1:3:3;1:3:3,3,2,0,0,0,1,0,0,0,0,0,0,70,24
57117,0:3:3;1:2:1;1:3:3;1:3:3,3,3,0,0,0,1,0,0,0,0,0,0,79,24
57118,0:3:3;1:2:1;1:3:3;1:3:3,3,4,0,0,0,1,0,0,0,0,0,0,79,24
57119,0:3:3;1:2:1;1:3:3;1:3:3,3,5,0,0,0,1,0,0,0,0,0,0,79,24
57120,0:3:3;1:2:1;1:3:3;1:3:3,4,0,1,1,0,0,1,1,1,1,1,5,11,9
57121,0:3:3;1:2:1;1:3:3;1:3:3,4,1,1,1,1,0,1,1,1,1,1,5,11,7
57122,0:3:3;1:2:1;1:3:3;1:3:3,4,2,1,1,1,0,1,1,1,1,1,5,11,7
57123,0:3:3;1:2:1;1:3:3;1:3:3,4,3,1,1,1,0,1,1,1,1,1,5,11,1
57124,0:3:3;1:2:1;1:3:3;1:3:3,4,4,1,1,1,0,1,1,1,1,1,5,11,1
57125,0:3:3;1:2:1;1:3:3;1:3:3,4,5,1,1,1,0,1,1,1,1,1,5,11,1
57126,0:3:3;1:2:1;1:3:3;1:3:3,5,0,1,1,1,0,1,1,1,1,1,5,11,9
57127,0:3:3;1:2:1;1:3:3;1:3:3,5,1,1,1,1,0,1,1,1,1,1,5,11,7
57128,0:3:3;1:2:1;1:3:3;1:3:3,5,2,1,1,1,0,1,1,1,1,1,5,11,7
57129,0:3:3;1:2:1;1:3:3;1:3:3,5,3,1,1,1,0,1,1,1,1,1,5,11,1
57130,0:3:3;1:2:1;1:3:3;1:3:3,5,4,1,1,1,0,1,1,1,1,1,5,11,1
57131,0:3:3;1:2:1;1:3:3;1:3:3,5,5,1,1,1,0,1,1,1,1,1,5,11,1
57132,0:3:3;1:2:1;1:3:3;1:4:3,0,0,0,0,0,1,0,0,0,0,0,0,1,24
57133,0:3:3;1:2:1;1:3:3;1:4:3,0,1,0,0,0,1,0,0,0,0,0,0,2,24
57134,0:3:3;1:2:1;1:3:3;1:4:3,0,2,0,0,0,1,0,0,0,0,0,0,3,24
57135,0:3:3;1:2:1;1:3:3;1:4:3,0,3,0,0,0,1,0,0,0,0,0,0,19,24
57136,0:3:3;1:2:1;1:3:3;1:4:3,0,4,0,0,0,1,0,0,0,0,0,0,19,24
57137,0:3:3;1:2:1;1:3:3;1:4:3,0,5,0,0,0,1,0,0,0,0,0,0,19,24
57138,0:3:3;1:2:1;1:3:3;1:4:3,1,0,0,0,0,1,0,0,0,0,0,0,6,24
57139,0:3:3;1:2:1;1:3:3;1:4:3,1,1,0,0,0,1,0,0,0,0,0,0,19,24
57140,0:3:3;1:2:1;1:3:3;1:4:3,1,2,0,0,0,1,0,0,0,0,0,0,22,24
57141,0:3:3;1:2:1;1:3:3;1:4:3,1,3,0,0,0,1,0,0,0,0,0,0,35,24
57142,0:3:3;1:2:1;1:3:3;1:4:3,1,4,0,0,0,1,0,0,0,0,0,0,35,24
57143,0:3:3;1:2:1;1:3:3;1:4:3,1,5,0,0,0,1,0,0,0,0,0,0,35,24
57144,0:3:3;1:2:1;1:3:3;1:4:3,2,0,0,0,0,1,0,0,0,0,0,0,15,24
57145,0:3:3;1:2:1;1:3:3;1:4:3,2,1,0,0,0,1,0,0,0,0,0,0,34,24
57146,0:3:3;1:2:1;1:3:3;1:4:3,2,2,0,0,0,1,0,0,0,0,0,0,40,24
57147,0:3:3;1:2:1;1:3:3;1:4:3,2,3,0,0,0,1,0,0,0,0,0,0,55,24
57148,0:3:3;1:2:1;1:3:3;1:4:3,2,4,0,0,0,1,0,0,0,0,0,0,55,24
57149,0:3:3;1:2:1;1:3:3;1:4:3,2,5,0,0,0,1,0,0,0,0,0,0,55,24
57150,0:3:3;1:2:1;1:3:3;1:4:3,3,0,0,0,0,1,0,0,0,0,0,0,45,24
57151,0:3:3;1:2:1;1:3:3;1:4:3,3,1,0,0,0,1,0,0,0,0,0,0,62,24
57152,0:3:3;1:2:1;1:3:3;1:4:3,3,2,0,0,0,1,0,0,0,0,0,0,70,24
57153,0:3:3;1:2:1;1:3:3;1:4:3,3,3,0,0,0,1,0,0,0,0,0,0,79,24
57154,0:3:3;1:2:1;1:3:3;1:4:3,3,4,0,0,0,1,0,0,0,0,0,0,79,24
57155,0:3:3;1:2:1;1:3:3;1:4:3,3,5,0,0,0,1,0,0,0,0,0,0,79,24
57156,0:3:3;1:2:1;1:3:3;1:4:3,4,0,1,1,0,0,1,1,1,1,1,5,11,9
57157,0:3:3;1:2:1;1:3:3;1:4:3,4,1,1,1,1,0,1,1,1,1,1,5,11,7
57158,0:3:3;1:2:1;1:3:3;1:4:3,4,2,1,1,1,0,1,1,1,1,1,5,11,7
57159,0:3:3;1:2:1;1:3:3;1:4:3,4,3,1,1,1,0,1,1,1,1,1,5,11,1
57160,0:3:3;1:2:1;1:3:3;1:4:3,4,4,1,1,1,0,1,1,1,1,1,5,11,1
57161,0:3:3;1:2:1;1:3:3;1:4:3,4,5,1,1,1,0,1,1,1,1,1,5,11,1
57162,0:3:3;1:2:1;1:3:3;1:4:3,5,0,1,1,1,0,1,1,1,1,1,5,11,9
57163,0:3:3;1:2:1;1:3:3;1:4:3,5,1,1,1,1,0,1,1,1,1,1,5,11,7
57164,0:3:3;1:2:1;1:3:3;1:4:3,5,2,1,1,1,0,1,1,1,1,1,5,11,7
57165,0:3:3;1:2:1;1:3:3;1:4:3,5,3,1,1,1,0,1,1,1,1,1,5,11,1
57166,0:3:3;1:2:1;1:3:3;1:4:3,5,4,1,1,1,0,1,1,1,1,1,5,11,1
57167,0:3:3;1:2:1;1:3:3;1:4:3,5,5,1,1,1,0,1,1,1,1,1,5,11,1
57168,0:3:3;1:2:1;1:4:3;1:4:3,0,0,0,0,0,1,0,0,0,0,0,0,1,24
57169,0:3:3;1:2:1;1:4:3;1:4:3,0,1,0,0,0,1,0,0,0,0,0,0,2,24
57170,0:3:3;1:2:1;1:4:3;1:4:3,0,2,0,0,0,1,0,0,0,0,0,0,3,24
57171,0:3:3;1:2:1;1:4:3;1:4:3,0,3,0,0,0,1,0,0,0,0,0,0,19,24
57172,0:3:3;1:2:1;1:4:3;1:4:3,0,4,0,0,0,1,0,0,0,0,0,0,19,24
57173,0:3:3;1:2:1;1:4:3;1:4:3,0,5,0,0,0,1,0,0,0,0,0,0,19,24
57174,0:3:3;1:2:1;1:4:3;1:4:3,1,0,0,0,0,1,0,0,0,0,0,0,6,24
57175,0:3:3;1:2:1;1:4:3;1:4:3,1,1,0,0,0,1,0,0,0,0,0,0,19,24
57176,0:3:3;1:2:1;1:4:3;1:4:3,1,2,0,0,0,1,0,0,0,0,0,0,22,24
57177,0:3:3;1:2:1;1:4:3;1:4:3,1,3,0,0,0,1,0,0,0,0,0,0,35,24
57178,0:3:3;1:2:1;1:4:3;1:4:3,1,4,0,0,0,1,0,0,0,0,0,0,35,24
57179,0:3:3;1:2:1;1:4:3;1:4:3,1,5,0,0,0,1,0,0,0,0,0,0,35,24
57180,0:3:3;1:2:1;1:4:3;1:4:3,2,0,0,0,0,1,0,0,0,0,0,0,15,24
57181,0:3:3;1:2:1;1:4:3;1:4:3,2,1,0,0,0,1,0,0,0,0,0,0,34,24
57182,0:3:3;1:2:1;1:4:3;1:4:3,2,2,0,0,0,1,0,0,0,0,0,0,40,24
57183,0:3:3;1:2:1;1:4:3;1:4:3,2,3,0,0,0,1,0,0,0,0,0,0,55,24
57184,0:3:3;1:2:1;1:4:3;1:4:3,2,4,0,0,0,1,0,0,0,0,0,0,55,24
57185,0:3:3;1:2:1;1:4:3;1:4:3,2,5,0,0,0,1,0,0,0,0,0,0,55,24
57186,0:3:3;1:2:1;1:4:3;1:4:3,3,0,0,0,0,1,0,0,0,0,0,0,45,24
57187,0:3:3;1:2:1;1:4:3;1:4:3,3,1,0,0,0,1,0,0,0,0,0,0,62,24
57188,0:3:3;1:2:1;1:4:3;1:4:3,3,2,0,0,0,1,0,0,0,0,0,0,70,24
57189,0:3:3;1:2:1;1:4:3;1:4:3,3,3,0,0,0,1,0,0,0,0,0,0,79,24
57190,0:3:3;1:2:1;1:4:3;1:4:3,3,4,0,0,0,1,0,0,0,0,0,0,79,24
57191,0:3:3;1:2:1;1:4:3;1:4:3,3,5,0,0,0,1,0,0,0,0,0,0,79,24
57192,0:3:3;1:2:1;1:4:3;1:4:3,4,0,1,1,0,0,1,1,1,1,1,5,11,9
57193,0:3:3;1:2:1;1:4:3;1:4:3,4,1,1,1,1,0,1,1,1,1,1,5,11,7
57194,0:3:3;1:2:1;1:4:3;1:4:3,4,2,1,1,1,0,1,1,1,1,1,5,11,7
57195,0:3:3;1:2:1;1:4:3;1:4:3,4,3,1,1,1,0,1,1,1,1,1,5,11,1
57196,0:3:3;1:2:1;1:4:3;1:4:3,4,4,1,1,1,0,1,1,1,1,1,5,11,1
57197,0:3:3;1:2:1;1:4:3;1:4:3,4,5,1,1,1,0,1,1,1,1,1,5,11,1
57198,0:3:3;1:2:1;1:4:3;1:4:3,5,0,1,1,1,0,1,1,1,1,1,5,11,9
57199,0:3:3;1:2:1;1:4:3;1:4:3,5,1,1,1,1,0,1,1,1,1,1,5,11,7
57200,0:3:3;1:2:1;1:4:3;1:4:3,5,2,1,1,1,0,1,1,1,1,1,5,11,7
57201,0:3:3;1:2:1;1:4:3;1:4:3,5,3,1,1,1,0,1,1,1,1,1,5,11,1
57202,0:3:3;1:2:1;1:4:3;1:4:3,5,4,1,1,1,0,1,1,1,1,1,5,11,1
57203,0:3:3;1:2:1;1:4:3;1:4:3,5,5,1,1,1,0,1,1,1,1,1,5,11,1
57204,0:3:3;1:2:2;1:2:2;1:2:2,0,0,0,0,0,1,0,0,0,0,0,0,1,24
57205,0:3:3;1:2:2;1:2:2;1:2:2,0,1,0,0,0,1,0,0,0,0,0,0,2,24
57206,0:3:3;1:2:2;1:2:2;1:2:2,0,2,0,0,0,1,0,0,0,0,0,0,3,24
57207,0:3:3;1:2:2;1:2:2;1:2:2,0,3,0,0,0,1,0,0,0,0,0,0,20,24
57208,0:3:3;1:2:2;1:2:2;1:2:2,0,4,0,0,0,1,0,0,0,0,0,0,20,24
57209,0:3:3;1:2:2;1:2:2;1:2:2,0,5,0,0,0,1,0,0,0,0,0,0,20,24
57210,0:3:3;1:2:2;1:2:2;1:2:2,1,0,0,0,0,1,0,0,0,0,0,0,4,24
57211,0:3:3;1:2:2;1:2:2;1:2:2,1,1,0,0,0,1,0,0,0,0,0,0,8,24
57212,0:3:3;1:2:2;1:2:2;1:2:2,1,2,0,0,0,1,0,0,0,0,0,0,12,24
57213,0:3:3;1:2:2;1:2:2;1:2:2,1,3,0,0,0,1,0,0,0,0,0,0,35,24
57214,0:3:3;1:2:2;1:2:2;1:2:2,1,4,0,0,0,1,0,0,0,0,0,0,35,24
57215,0:3:3;1:2:2;1:2:2;1:2:2,1,5,0,0,0,1,0,0,0,0,0,0,35,24
57216,0:3:3;1:2:2;1:2:2;1:2:2,2,0,0,0,0,1,0,0,0,0,0,0,16,24
57217,0:3:3;1:2:2;1:2:2;1:2:2,2,1,0,0,0,1,0,0,0,0,0,0,41,24
57218,0:3:3;1:2:2;1:2:2;1:2:2,2,2,0,0,0,1,0,0,0,0,0,0,48,24
57219,0:3:3;1:2:2;1:2:2;1:2:2,2,3,0,0,0,1,0,0,0,0,0,0,56,24
57220,0:3:3;1:2:2;1:2:2;1:2:2,2,4,0,0,0,1,0,0,0,0,0,0,56,24
57221,0:3:3;1:2:2;1:2:2;1:2:2,2,5,0,0,0,1,0,0,0,0,0,0,56,24
57222,0:3:3;1:2:2;1:2:2;1:2:2,3,0,1,0,0,1,0,0,0,0,0,4,35,24
57223,0:3:3;1:2:2;1:2:2;1:2:2,3,1,1,1,1,0,1,1,1,1,1,5,10,7
57224,0:3:3;1:2:2;1:2:2;1:2:2,3,2,1,1,1,0,1,1,1,1,1,5,10,7
57225,0:3:3;1:2:2;1:2:2;1:2:2,3,3,1,1,1,0,1,1,1,1,1,5,10,1
57226,0:3:3;1:2:2;1:2:2;1:2:2,3,4,1,1,1,0,1,1,1,1,1,5,10,1
57227,0:3:3;1:2:2;1:2:2;1:2:2,3,5,1,1,1,0,1,1,1,1,1,5,10,1
57228,0:3:3;1:2:2;1:2:2;1:2:2,4,0,1,1,1,0,1,1,1,1,1,5,10,9
57229,0:3:3;1:2:2;1:2:2;1:2:2,4,1,1,1,1,0,1,1,1,1,1,5,10,7
57230,0:3:3;1:2:2;1:2:2;1:2:2,4,2,1,1,1,0,1,1,1,1,1,5,10,7
57231,0:3:3;1:2:2;1:2:2;1:2:2,4,3,1,1,1,0,1,1,1,1,1,5,10,1
57232,0:3:3;1:2:2;1:2:2;1:2:2,4,4,1,1,1,0,1,1,1,1,1,5,10,1
57233,0:3:3;1:2:2;1:2:2;1:2:2,4,5,1,1,1,0,1,1,1,1,1,5,10,1
57234,0:3:3;1:2:2;1:2:2;1:2:2,5,0,1,1,1,0,1,1,1,1,1,5,10,9
57235,0:3:3;1:2:2;1:2:2;1:2:2,5,1,1,1,1,0,1,1,1,1,1,5,10,7
57236,0:3:3;1:2:2;1:2:2;1:2:2,5,2,1,1,1,0,1,1,1,1,1,5,10,7
57237,0:3:3;1:2:2;1:2:2;1:2:2,5,3,1,1,1,0,1,1,1,1,1,5,10,1
57238,0:3:3;1:2:2;1:2:2;1:2:2,5,4,1,1,1,0,1,1,1,1,1,5,10,1
57239,0:3:3;1:2:2;1:2:2;1:2:2,5,5,1,1,1,0,1,1,1,1,1,5,10,1
57240,0:3:3;1:2:2;1:2:2;1:3:2,0,0,0,0,0,1,0,0,0,0,0,0,1,24
57241,0:3:3;1:2:2;1:2:2;1:3:2,0,1,0,0,0,1,0,0,0,0,0,0,2,24
57242,0:3:3;1:2:2;1:2:2;1:3:2,0,2,0,0,0,1,0,0,0,0,0,0,3,24
57243,0:3:3;1:2:2;1:2:2;1:3:2,0,3,0,0,0,1,0,0,0,0,0,0,20,24
57244,0:3:3;1:2:2;1:2:2;1:3:2,0,4,0,0,0,1,0,0,0,0,0,0,20,24
57245,0:3:3;1:2:2;1:2:2;1:3:2,0,5,0,0,0,1,0,0,0,0,0,0,20,24
57246,0:3:3;1:2:2;1:2:2;1:3:2,1,0,0,0,0,1,0,0,0,0,0,0,4,24
57247,0:3:3;1:2:2;1:2:2;1:3:2,1,1,0,0,0,1,0,0,0,0,0,0,8,24
57248,0:3:3;1:2:2;1:2:2;1:3:2,1,2,0,0,0,1,0,0,0,0,0,0,12,24
57249,0:3:3;1:2:2;1:2:2;1:3:2,1,3,0,0,0,1,0,0,0,0,0,0,35,24
57250,0:3:3;1:2:2;1:2:2;1:3:2,1,4,0,0,0,1,0,0,0,0,0,0,35,24
57251,0:3:3;1:2:2;1:2:2;1:3:2,1,5,0,0,0,1,0,0,0,0,0,0,35,24
57252,0:3:3;1:2:2;1:2:2;1:3:2,2,0,0,0,0,1,0,0,0,0,0,0,24,24
57253,0:3:3;1:2:2;1:2:2;1:3:2,2,1,0,0,0,1,0,0,0,0,0,0,41,24
57254,0:3:3;1:2:2;1:2:2;1:3:2,2,2,0,0,0,1,0,0,0,0,0,0,48,24
57255,0:3:3;1:2:2;1:2:2;1:3:2,2,3,0,0,0,1,0,0,0,0,0,0,56,24
57256,0:3:3;1:2:2;1:2:2;1:3:2,2,4,0,0,0,1,0,0,0,0,0,0,56,24
57257,0:3:3;1:2:2;1:2:2;1:3:2,2,5,0,0,0,1,0,0,0,0,0,0,56,24
57258,0:3:3;1:2:2;1:2:2;1:3:2,3,0,1,1,0,1,0,0,0,1,1,7,24,19
57259,0:3:3;1:2:2;1:2:2;1:3:2,3,1,1,1,1,0,1,1,1,1,1,5,10,7
57260,0:3:3;1:2:2;1:2:2;1:3:2,3,2,1,1,1,0,1,1,1,1,1,5,10,7
57261,0:3:3;1:2:2;1:2:2;1:3:2,3,3,1,1,1,0,1,1,1,1,1,5,10,1
57262,0:3:3;1:2:2;1:2:2;1:3:2,3,4,1,1,1,0,1,1,1,1,1,5,10,1
57263,0:3:3;1:2:2;1:2:2;1:3:2,3,5,1,1,1,0,1,1,1,1,1,5,10,1
57264,0:3:3;1:2:2;1:2:2;1:3:2,4,0,1,1,1,0,1,1,1,1,1,5,10,9
57265,0:3:3;1:2:2;1:2:2;1:3:2,4,1,1,1,1,0,1,1,1,1,1,5,10,7
57266,0:3:3;1:2:2;1:2:2;1:3:2,4,2,1,1,1,0,1,1,1,1,1,5,10,7
57267,0:3:3;1:2:2;1:2:2;1:3:2,4,3,1,1,1,0,1,1,1,1,1,5,10,1
57268,0:3:3;1:2:2;1:2:2;1:3:2,4,4,1,1,1,0,1,1,1,1,1,5,10,1
57269,0:3:3;1:2:2;1:2:2;1:3:2,4,5,1,1,1,0,1,1,1,1,1,5,10,1
57270,0:3:3;1:2:2;1:2:2;1:3:2,5,0,1,1,1,0,1,1,1,1,1,5,10,9
57271,0:3:3;1:2:2;1:2:2;1:3:2,5,1,1,1,1,0,1,1,1,1,1,5,10,7
57272,0:3:3;1:2:2;1:2:2;1:3:2,5,2,1,1,1,0,1,1,1,1,1,5,10,7
57273,0:3:3;1:2:2;1:2:2;1:3:2,5,3,1,1,1,0,1,1,1,1,1,5,10,1
57274,0:3:3;1:2:2;1:2:2;1:3:2,5,4,1,1,1,0,1,1,1,1,1,5,10,1
57275,0:3:3;1:2:2;1:2:2;1:3:2,5,5,1,1,1,0,1,1,1,1,1,5,10,1
57276,0:3:3;1:2:2;1:2:2;1:3:3,0,0,0,0,0,1,0,0,0,0,0,0,1,24
57277,0:3:3;1:2:2;1:2:2;1:3:3,0,1,0,0,0,1,0,0,0,0,0,0,2,24
57278,0:3:3;1:2:2;1:2:2;1:3:3,0,2,0,0,0,1,0,0,0,0,0,0,3,24
57279,0:3:3;1:2:2;1:2:2;1:3:3,0,3,0,0,0,1,0,0,0,0,0,0,21,24
57280,0:3:3;1:2:2;1:2:2;1:3:3,0,4,0,0,0,1,0,0,0,0,0,0,21,24
57281,0:3:3;1:2:2;1:2:2;1:3:3,0,5,0,0,0,1,0,0,0,0,0,0,21,24
57282,0:3:3;1:2:2;1:2:2;1:3:3,1,0,0,0,0,1,0,0,0,0,0,0,4,24
57283,0:3:3;1:2:2;1:2:2;1:3:3,1,1,0,0,0,1,0,0,0,0,0,0,8,24
57284,0:3:3;1:2:2;1:2:2;1:3:3,1,2,0,0,0,1,0,0,0,0,0,0,12,24
57285,0:3:3;1:2:2;1:2:2;1:3:3,1,3,0,0,0,1,0,0,0,0,0,0,38,24
57286,0:3:3;1:2:2;1:2:2;1:3:3,1,4,0,0,0,1,0,0,0,0,0,0,38,24
57287,0:3:3;1:2:2;1:2:2;1:3:3,1,5,0,0,0,1,0,0,0,0,0,0,38,24
57288,0:3:3;1:2:2;1:2:2;1:3:3,2,0,0,0,0,1,0,0,0,0,0,0,14,24
57289,0:3:3;1:2:2;1:2:2;1:3:3,2,1,0,0,0,1,0,0,0,0,0,0,38,24
57290,0:3:3;1:2:2;1:2:2;1:3:3,2,2,0,0,0,1,0,0,0,0,0,0,46,24
57291,0:3:3;1:2:2;1:2:2;1:3:3,2,3,0,0,0,1,0,0,0,0,0,0,62,24
57292,0:3:3;1:2:2;1:2:2;1:3:3,2,4,0,0,0,1,0,0,0,0,0,0,62,24
57293,0:3:3;1:2:2;1:2:2;1:3:3,2,5,0,0,0,1,0,0,0,0,0,0,62,24
57294,0:3:3;1:2:2;1:2:2;1:3:3,3,0,0,0,0,1,0,0,0,0,0,0,40,24
57295,0:3:3;1:2:2;1:2:2;1:3:3,3,1,0,0,0,1,0,0,0,0,0,0,66,24
57296,0:3:3;1:2:2;1:2:2;1:3:3,3,2,0,0,0,1,0,0,0,0,0,0,77,24
57297,0:3:3;1:2:2;1:2:2;1:3:3,3,3,0,0,0,1,0,0,0,0,0,0,89,24
57298,0:3:3;1:2:2;1:2:2;1:3:3,3,4,0,0,0,1,0,0,0,0,0,0,89,24
57299,0:3:3;1:2:2;1:2:2;1:3:3,3,5,0,0,0,1,0,0,0,0,0,0,89,24
57300,0:3:3;1:2:2;1:2:2;1:3:3,4,0,1,1,0,0,1,1,1,1,1,5,11,9
57301,0:3:3;1:2:2;1:2:2;1:3:3,4,1,1,1,1,0,1,1,1,1,1,5,11,7
57302,0:3:3;1:2:2;1:2:2;1:3:3,4,2,1,1,1,0,1,1,1,1,1,5,11,7
57303,0:3:3;1:2:2;1:2:2;1:3:3,4,3,1,1,1,0,1,1,1,1,1,5,11,1
57304,0:3:3;1:2:2;1:2:2;1:3:3,4,4,1,1,1,0,1,1,1,1,1,5,11,1
57305,0:3:3;1:2:2;1:2:2;1:3:3,4,5,1,1,1,0,1,1,1,1,1,5,11,1
57306,0:3:3;1:2:2;1:2:2;1:3:3,5,0,1,1,1,0,1,1,1,1,1,5,11,9
57307,0:3:3;1:2:2;1:2:2;1:3:3,5,1,1,1,1,0,1,1,1,1,1,5,11,7
57308,0:3:3;1:2:2;1:2:2;1:3:3,5,2,1,1,1,0,1,1,1,1,1,5,11,7
57309,0:3:3;1:2:2;1:2:2;1:3:3,5,3,1,1,1,0,1,1,1,1,1,5,11,1
57310,0:3:3;1:2:2;1:2:2;1:3:3,5,4,1,1,1,0,1,1,1,1,1,5,11,1
57311,0:3:3;1:2:2;1:2:2;1:3:3,5,5,1,1,1,0,1,1,1,1,1,5,11,1
57312,0:3:3;1:2:2;1:2:2;1:4:3,0,0,0,0,0,1,0,0,0,0,0,0,1,24
57313,0:3:3;1:2:2;1:2:2;1:4:3,0,1,0,0,0,1,0,0,0,0,0,0,2,24
57314,0:3:3;1:2:2;1:2:2;1:4:3,0,2,0,0,0,1,0,0,0,0,0,0,3,24
57315,0:3:3;1:2:2;1:2:2;1:4:3,0,3,0,0,0,1,0,0,0,0,0,0,21,24
57316,0:3:3;1:2:2;1:2:2;1:4:3,0,4,0,0,0,1,0,0,0,0,0,0,21,24
57317,0:3:3;1:2:2;1:2:2;1:4:3,0,5,0,0,0,1,0,0,0,0,0,0,21,24
57318,0:3:3;1:2:2;1:2:2;1:4:3,1,0,0,0,0,1,0,0,0,0,0,0,4,24
57319,0:3:3;1:2:2;1:2:2;1:4:3,1,1,0,0,0,1,0,0,0,0,0,0,8,24
57320,0:3:3;1:2:2;1:2:2;1:4:3,1,2,0,0,0,1,0,0,0,0,0,0,12,24
57321,0:3:3;1:2:2;1:2:2;1:4:3,1,3,0,0,0,1,0,0,0,0,0,0,38,24
57322,0:3:3;1:2:2;1:2:2;1:4:3,1,4,0,0,0,1,0,0,0,0,0,0,38,24
57323,0:3:3;1:2:2;1:2:2;1:4:3,1,5,0,0,0,1,0,0,0,0,0,0,38,24
57324,0:3:3;1:2:2;1:2:2;1:4:3,2,0,0,0,0,1,0,0,0,0,0,0,14,24
57325,0:3:3;1:2:2;1:2:2;1:4:3,2,1,0,0,0,1,0,0,0,0,0,0,38,24
57326,0:3:3;1:2:2;1:2:2;1:4:3,2,2,0,0,0,1,0,0,0,0,0,0,46,24
57327,0:3:3;1:2:2;1:2:2;1:4:3,2,3,0,0,0,1,0,0,0,0,0,0,62,24
57328,0:3:3;1:2:2;1:2:2;1:4:3,2,4,0,0,0,1,0,0,0,0,0,0,62,24
57329,0:3:3;1:2:2;1:2:2;1:4:3,2,5,0,0,0,1,0,0,0,0,0,0,62,24
57330,0:3:3;1:2:2;1:2:2;1:4:3,3,0,0,0,0,1,0,0,0,0,0,0,40,24
57331,0:3:3;1:2:2;1:2:2;1:4:3,3,1,0,0,0,1,0,0,0,0,0,0,66,24
57332,0:3:3;1:2:2;1:2:2;1:4:3,3,2,0,0,0,1,0,0,0,0,0,0,77,24
57333,0:3:3;1:2:2;1:2:2;1:4:3,3,3,0,0,0,1,0,0,0,0,0,0,89,24
57334,0:3:3;1:2:2;1:2:2;1:4:3,3,4,0,0,0,1,0,0,0,0,0,0,89,24
57335,0:3:3;1:2:2;1:2:2;1:4:3,3,5,0,0,0,1,0,0,0,0,0,0,89,24
57336,0:3:3;1:2:2;1:2:2;1:4:3,4,0,1,1,0,0,1,1,1,1,1,5,11,9
57337,0:3:3;1:2:2;1:2:2;1:4:3,4,1,1,1,1,0,1,1,1,1,1,5,11,7
57338,0:3:3;1:2:2;1:2:2;1:4:3,4,2,1,1,1,0,1,1,1,1,1,5,11,7
57339,0:3:3;1:2:2;1:2:2;1:4:3,4,3,1,1,1,0,1,1,1,1,1,5,11,1
57340,0:3:3;1:2:2;1:2:2;1:4:3,4,4,1,1,1,0,1,1,1,1,1,5,11,1
57341,0:3:3;1:2:2;1:2:2;1:4:3,4,5,1,1,1,0,1,1,1,1,1,5,11,1
57342,0:3:3;1:2:2;1:2:2;1:4:3,5,0,1,1,1,0,1,1,1,1,1,5,11,9
57343,0:3:3;1:2:2;1:2:2;1:4:3,5,1,1,1,1,0,1,1,1,1,1,5,11,7
