case,runs,f0,f1,final_fits,feasible,guard,any_deadlock,fifo_complete,small_complete,large_complete,garbage_complete,chunk_feasible,subset_states,chunk_states,permutations_tried
16384,0:1:1;0:1:1;0:1:1;0:2:1,0,4,1,1,1,0,1,1,1,1,1,5,5,1
16385,0:1:1;0:1:1;0:1:1;0:2:1,0,5,1,1,1,0,1,1,1,1,1,5,5,1
16386,0:1:1;0:1:1;0:1:1;0:2:1,1,0,0,0,0,1,0,0,0,0,0,0,1,24
16387,0:1:1;0:1:1;0:1:1;0:2:1,1,1,0,0,0,1,0,0,0,0,0,0,5,24
16388,0:1:1;0:1:1;0:1:1;0:2:1,1,2,0,0,0,1,0,0,0,0,0,0,11,24
16389,0:1:1;0:1:1;0:1:1;0:2:1,1,3,0,0,0,1,0,0,0,0,0,0,15,24
16390,0:1:1;0:1:1;0:1:1;0:2:1,1,4,1,1,1,0,1,1,1,1,1,5,5,1
16391,0:1:1;0:1:1;0:1:1;0:2:1,1,5,1,1,1,0,1,1,1,1,1,5,5,1
16392,0:1:1;0:1:1;0:1:1;0:2:1,2,0,0,0,0,1,0,0,0,0,0,0,1,24
16393,0:1:1;0:1:1;0:1:1;0:2:1,2,1,0,0,0,1,0,0,0,0,0,0,5,24
16394,0:1:1;0:1:1;0:1:1;0:2:1,2,2,0,0,0,1,0,0,0,0,0,0,11,24
16395,0:1:1;0:1:1;0:1:1;0:2:1,2,3,0,0,0,1,0,0,0,0,0,0,15,24
16396,0:1:1;0:1:1;0:1:1;0:2:1,2,4,1,1,1,0,1,1,1,1,1,5,5,1
16397,0:1:1;0:1:1;0:1:1;0:2:1,2,5,1,1,1,0,1,1,1,1,1,5,5,1
16398,0:1:1;0:1:1;0:1:1;0:2:1,3,0,0,0,0,1,0,0,0,0,0,0,1,24
16399,0:1:1;0:1:1;0:1:1;0:2:1,3,1,0,0,0,1,0,0,0,0,0,0,5,24
16400,0:1:1;0:1:1;0:1:1;0:2:1,3,2,0,0,0,1,0,0,0,0,0,0,11,24
16401,0:1:1;0:1:1;0:1:1;0:2:1,3,3,0,0,0,1,0,0,0,0,0,0,15,24
16402,0:1:1;0:1:1;0:1:1;0:2:1,3,4,1,1,1,0,1,1,1,1,1,5,5,1
16403,0:1:1;0:1:1;0:1:1;0:2:1,3,5,1,1,1,0,1,1,1,1,1,5,5,1
16404,0:1:1;0:1:1;0:1:1;0:2:1,4,0,0,0,0,1,0,0,0,0,0,0,1,24
16405,0:1:1;0:1:1;0:1:1;0:2:1,4,1,0,0,0,1,0,0,0,0,0,0,5,24
16406,0:1:1;0:1:1;0:1:1;0:2:1,4,2,0,0,0,1,0,0,0,0,0,0,11,24
16407,0:1:1;0:1:1;0:1:1;0:2:1,4,3,0,0,0,1,0,0,0,0,0,0,15,24
16408,0:1:1;0:1:1;0:1:1;0:2:1,4,4,1,1,1,0,1,1,1,1,1,5,5,1
16409,0:1:1;0:1:1;0:1:1;0:2:1,4,5,1,1,1,0,1,1,1,1,1,5,5,1
16410,0:1:1;0:1:1;0:1:1;0:2:1,5,0,0,0,0,1,0,0,0,0,0,0,1,24
16411,0:1:1;0:1:1;0:1:1;0:2:1,5,1,0,0,0,1,0,0,0,0,0,0,5,24
16412,0:1:1;0:1:1;0:1:1;0:2:1,5,2,0,0,0,1,0,0,0,0,0,0,11,24
16413,0:1:1;0:1:1;0:1:1;0:2:1,5,3,0,0,0,1,0,0,0,0,0,0,15,24
16414,0:1:1;0:1:1;0:1:1;0:2:1,5,4,1,1,1,0,1,1,1,1,1,5,5,1
16415,0:1:1;0:1:1;0:1:1;0:2:1,5,5,1,1,1,0,1,1,1,1,1,5,5,1
16416,0:1:1;0:1:1;0:1:1;0:2:2,0,0,0,0,0,1,0,0,0,0,0,0,1,24
16417,0:1:1;0:1:1;0:1:1;0:2:2,0,1,0,0,0,1,0,0,0,0,0,0,5,24
16418,0:1:1;0:1:1;0:1:1;0:2:2,0,2,0,0,0,1,0,0,0,0,0,0,12,24
16419,0:1:1;0:1:1;0:1:1;0:2:2,0,3,0,0,0,1,0,0,0,0,0,0,19,24
16420,0:1:1;0:1:1;0:1:1;0:2:2,0,4,0,0,0,1,0,0,0,0,0,0,23,24
16421,0:1:1;0:1:1;0:1:1;0:2:2,0,5,1,1,1,0,1,1,1,1,1,5,6,1
16422,0:1:1;0:1:1;0:1:1;0:2:2,1,0,0,0,0,1,0,0,0,0,0,0,1,24
16423,0:1:1;0:1:1;0:1:1;0:2:2,1,1,0,0,0,1,0,0,0,0,0,0,5,24
16424,0:1:1;0:1:1;0:1:1;0:2:2,1,2,0,0,0,1,0,0,0,0,0,0,12,24
16425,0:1:1;0:1:1;0:1:1;0:2:2,1,3,0,0,0,1,0,0,0,0,0,0,19,24
16426,0:1:1;0:1:1;0:1:1;0:2:2,1,4,0,0,0,1,0,0,0,0,0,0,23,24
16427,0:1:1;0:1:1;0:1:1;0:2:2,1,5,1,1,1,0,1,1,1,1,1,5,6,1
16428,0:1:1;0:1:1;0:1:1;0:2:2,2,0,0,0,0,1,0,0,0,0,0,0,1,24
16429,0:1:1;0:1:1;0:1:1;0:2:2,2,1,0,0,0,1,0,0,0,0,0,0,5,24
16430,0:1:1;0:1:1;0:1:1;0:2:2,2,2,0,0,0,1,0,0,0,0,0,0,12,24
16431,0:1:1;0:1:1;0:1:1;0:2:2,2,3,0,0,0,1,0,0,0,0,0,0,19,24
16432,0:1:1;0:1:1;0:1:1;0:2:2,2,4,0,0,0,1,0,0,0,0,0,0,23,24
16433,0:1:1;0:1:1;0:1:1;0:2:2,2,5,1,1,1,0,1,1,1,1,1,5,6,1
16434,0:1:1;0:1:1;0:1:1;0:2:2,3,0,0,0,0,1,0,0,0,0,0,0,1,24
16435,0:1:1;0:1:1;0:1:1;0:2:2,3,1,0,0,0,1,0,0,0,0,0,0,5,24
16436,0:1:1;0:1:1;0:1:1;0:2:2,3,2,0,0,0,1,0,0,0,0,0,0,12,24
16437,0:1:1;0:1:1;0:1:1;0:2:2,3,3,0,0,0,1,0,0,0,0,0,0,19,24
16438,0:1:1;0:1:1;0:1:1;0:2:2,3,4,0,0,0,1,0,0,0,0,0,0,23,24
16439,0:1:1;0:1:1;0:1:1;0:2:2,3,5,1,1,1,0,1,1,1,1,1,5,6,1
16440,0:1:1;0:1:1;0:1:1;0:2:2,4,0,0,0,0,1,0,0,0,0,0,0,1,24
16441,0:1:1;0:1:1;0:1:1;0:2:2,4,1,0,0,0,1,0,0,0,0,0,0,5,24
16442,0:1:1;0:1:1;0:1:1;0:2:2,4,2,0,0,0,1,0,0,0,0,0,0,12,24
16443,0:1:1;0:1:1;0:1:1;0:2:2,4,3,0,0,0,1,0,0,0,0,0,0,19,24
16444,0:1:1;0:1:1;0:1:1;0:2:2,4,4,0,0,0,1,0,0,0,0,0,0,23,24
16445,0:1:1;0:1:1;0:1:1;0:2:2,4,5,1,1,1,0,1,1,1,1,1,5,6,1
16446,0:1:1;0:1:1;0:1:1;0:2:2,5,0,0,0,0,1,0,0,0,0,0,0,1,24
16447,0:1:1;0:1:1;0:1:1;0:2:2,5,1,0,0,0,1,0,0,0,0,0,0,5,24
16448,0:1:1;0:1:1;0:1:1;0:2:2,5,2,0,0,0,1,0,0,0,0,0,0,12,24
16449,0:1:1;0:1:1;0:1:1;0:2:2,5,3,0,0,0,1,0,0,0,0,0,0,19,24
16450,0:1:1;0:1:1;0:1:1;0:2:2,5,4,0,0,0,1,0,0,0,0,0,0,23,24
16451,0:1:1;0:1:1;0:1:1;0:2:2,5,5,1,1,1,0,1,1,1,1,1,5,6,1
16452,0:1:1;0:1:1;0:1:1;0:3:2,0,0,0,0,0,1,0,0,0,0,0,0,1,24
16453,0:1:1;0:1:1;0:1:1;0:3:2,0,1,0,0,0,1,0,0,0,0,0,0,5,24
16454,0:1:1;0:1:1;0:1:1;0:3:2,0,2,0,0,0,1,0,0,0,0,0,0,12,24
16455,0:1:1;0:1:1;0:1:1;0:3:2,0,3,0,0,0,1,0,0,0,0,0,0,19,24
16456,0:1:1;0:1:1;0:1:1;0:3:2,0,4,0,0,0,1,0,0,0,0,0,0,23,24
16457,0:1:1;0:1:1;0:1:1;0:3:2,0,5,1,1,1,0,1,1,1,1,1,5,6,1
16458,0:1:1;0:1:1;0:1:1;0:3:2,1,0,0,0,0,1,0,0,0,0,0,0,1,24
16459,0:1:1;0:1:1;0:1:1;0:3:2,1,1,0,0,0,1,0,0,0,0,0,0,5,24
16460,0:1:1;0:1:1;0:1:1;0:3:2,1,2,0,0,0,1,0,0,0,0,0,0,12,24
16461,0:1:1;0:1:1;0:1:1;0:3:2,1,3,0,0,0,1,0,0,0,0,0,0,19,24
16462,0:1:1;0:1:1;0:1:1;0:3:2,1,4,0,0,0,1,0,0,0,0,0,0,23,24
16463,0:1:1;0:1:1;0:1:1;0:3:2,1,5,1,1,1,0,1,1,1,1,1,5,6,1
16464,0:1:1;0:1:1;0:1:1;0:3:2,2,0,0,0,0,1,0,0,0,0,0,0,1,24
16465,0:1:1;0:1:1;0:1:1;0:3:2,2,1,0,0,0,1,0,0,0,0,0,0,5,24
16466,0:1:1;0:1:1;0:1:1;0:3:2,2,2,0,0,0,1,0,0,0,0,0,0,12,24
16467,0:1:1;0:1:1;0:1:1;0:3:2,2,3,0,0,0,1,0,0,0,0,0,0,19,24
16468,0:1:1;0:1:1;0:1:1;0:3:2,2,4,0,0,0,1,0,0,0,0,0,0,23,24
16469,0:1:1;0:1:1;0:1:1;0:3:2,2,5,1,1,1,0,1,1,1,1,1,5,6,1
16470,0:1:1;0:1:1;0:1:1;0:3:2,3,0,0,0,0,1,0,0,0,0,0,0,1,24
16471,0:1:1;0:1:1;0:1:1;0:3:2,3,1,0,0,0,1,0,0,0,0,0,0,5,24
16472,0:1:1;0:1:1;0:1:1;0:3:2,3,2,0,0,0,1,0,0,0,0,0,0,12,24
16473,0:1:1;0:1:1;0:1:1;0:3:2,3,3,0,0,0,1,0,0,0,0,0,0,19,24
16474,0:1:1;0:1:1;0:1:1;0:3:2,3,4,0,0,0,1,0,0,0,0,0,0,23,24
16475,0:1:1;0:1:1;0:1:1;0:3:2,3,5,1,1,1,0,1,1,1,1,1,5,6,1
16476,0:1:1;0:1:1;0:1:1;0:3:2,4,0,0,0,0,1,0,0,0,0,0,0,1,24
16477,0:1:1;0:1:1;0:1:1;0:3:2,4,1,0,0,0,1,0,0,0,0,0,0,5,24
16478,0:1:1;0:1:1;0:1:1;0:3:2,4,2,0,0,0,1,0,0,0,0,0,0,12,24
16479,0:1:1;0:1:1;0:1:1;0:3:2,4,3,0,0,0,1,0,0,0,0,0,0,19,24
16480,0:1:1;0:1:1;0:1:1;0:3:2,4,4,0,0,0,1,0,0,0,0,0,0,23,24
16481,0:1:1;0:1:1;0:1:1;0:3:2,4,5,1,1,1,0,1,1,1,1,1,5,6,1
16482,0:1:1;0:1:1;0:1:1;0:3:2,5,0,0,0,0,1,0,0,0,0,0,0,1,24
16483,0:1:1;0:1:1;0:1:1;0:3:2,5,1,0,0,0,1,0,0,0,0,0,0,5,24
16484,0:1:1;0:1:1;0:1:1;0:3:2,5,2,0,0,0,1,0,0,0,0,0,0,12,24
16485,0:1:1;0:1:1;0:1:1;0:3:2,5,3,0,0,0,1,0,0,0,0,0,0,19,24
16486,0:1:1;0:1:1;0:1:1;0:3:2,5,4,0,0,0,1,0,0,0,0,0,0,23,24
16487,0:1:1;0:1:1;0:1:1;0:3:2,5,5,1,1,1,0,1,1,1,1,1,5,6,1
16488,0:1:1;0:1:1;0:1:1;0:3:3,0,0,0,0,0,1,0,0,0,0,0,0,1,24
16489,0:1:1;0:1:1;0:1:1;0:3:3,0,1,0,0,0,1,0,0,0,0,0,0,5,24
16490,0:1:1;0:1:1;0:1:1;0:3:3,0,2,0,0,0,1,0,0,0,0,0,0,12,24
16491,0:1:1;0:1:1;0:1:1;0:3:3,0,3,0,0,0,1,0,0,0,0,0,0,20,24
16492,0:1:1;0:1:1;0:1:1;0:3:3,0,4,0,0,0,1,0,0,0,0,0,0,27,24
16493,0:1:1;0:1:1;0:1:1;0:3:3,0,5,0,0,0,1,0,0,0,0,0,0,31,24
16494,0:1:1;0:1:1;0:1:1;0:3:3,1,0,0,0,0,1,0,0,0,0,0,0,1,24
16495,0:1:1;0:1:1;0:1:1;0:3:3,1,1,0,0,0,1,0,0,0,0,0,0,5,24
16496,0:1:1;0:1:1;0:1:1;0:3:3,1,2,0,0,0,1,0,0,0,0,0,0,12,24
16497,0:1:1;0:1:1;0:1:1;0:3:3,1,3,0,0,0,1,0,0,0,0,0,0,20,24
16498,0:1:1;0:1:1;0:1:1;0:3:3,1,4,0,0,0,1,0,0,0,0,0,0,27,24
16499,0:1:1;0:1:1;0:1:1;0:3:3,1,5,0,0,0,1,0,0,0,0,0,0,31,24
16500,0:1:1;0:1:1;0:1:1;0:3:3,2,0,0,0,0,1,0,0,0,0,0,0,1,24
16501,0:1:1;0:1:1;0:1:1;0:3:3,2,1,0,0,0,1,0,0,0,0,0,0,5,24
16502,0:1:1;0:1:1;0:1:1;0:3:3,2,2,0,0,0,1,0,0,0,0,0,0,12,24
16503,0:1:1;0:1:1;0:1:1;0:3:3,2,3,0,0,0,1,0,0,0,0,0,0,20,24
16504,0:1:1;0:1:1;0:1:1;0:3:3,2,4,0,0,0,1,0,0,0,0,0,0,27,24
16505,0:1:1;0:1:1;0:1:1;0:3:3,2,5,0,0,0,1,0,0,0,0,0,0,31,24
16506,0:1:1;0:1:1;0:1:1;0:3:3,3,0,0,0,0,1,0,0,0,0,0,0,1,24
16507,0:1:1;0:1:1;0:1:1;0:3:3,3,1,0,0,0,1,0,0,0,0,0,0,5,24
16508,0:1:1;0:1:1;0:1:1;0:3:3,3,2,0,0,0,1,0,0,0,0,0,0,12,24
16509,0:1:1;0:1:1;0:1:1;0:3:3,3,3,0,0,0,1,0,0,0,0,0,0,20,24
16510,0:1:1;0:1:1;0:1:1;0:3:3,3,4,0,0,0,1,0,0,0,0,0,0,27,24
16511,0:1:1;0:1:1;0:1:1;0:3:3,3,5,0,0,0,1,0,0,0,0,0,0,31,24
16512,0:1:1;0:1:1;0:1:1;0:3:3,4,0,0,0,0,1,0,0,0,0,0,0,1,24
16513,0:1:1;0:1:1;0:1:1;0:3:3,4,1,0,0,0,1,0,0,0,0,0,0,5,24
16514,0:1:1;0:1:1;0:1:1;0:3:3,4,2,0,0,0,1,0,0,0,0,0,0,12,24
16515,0:1:1;0:1:1;0:1:1;0:3:3,4,3,0,0,0,1,0,0,0,0,0,0,20,24
16516,0:1:1;0:1:1;0:1:1;0:3:3,4,4,0,0,0,1,0,0,0,0,0,0,27,24
16517,0:1:1;0:1:1;0:1:1;0:3:3,4,5,0,0,0,1,0,0,0,0,0,0,31,24
16518,0:1:1;0:1:1;0:1:1;0:3:3,5,0,0,0,0,1,0,0,0,0,0,0,1,24
16519,0:1:1;0:1:1;0:1:1;0:3:3,5,1,0,0,0,1,0,0,0,0,0,0,5,24
16520,0:1:1;0:1:1;0:1:1;0:3:3,5,2,0,0,0,1,0,0,0,0,0,0,12,24
16521,0:1:1;0:1:1;0:1:1;0:3:3,5,3,0,0,0,1,0,0,0,0,0,0,20,24
16522,0:1:1;0:1:1;0:1:1;0:3:3,5,4,0,0,0,1,0,0,0,0,0,0,27,24
16523,0:1:1;0:1:1;0:1:1;0:3:3,5,5,0,0,0,1,0,0,0,0,0,0,31,24
16524,0:1:1;0:1:1;0:1:1;0:4:3,0,0,0,0,0,1,0,0,0,0,0,0,1,24
16525,0:1:1;0:1:1;0:1:1;0:4:3,0,1,0,0,0,1,0,0,0,0,0,0,5,24
16526,0:1:1;0:1:1;0:1:1;0:4:3,0,2,0,0,0,1,0,0,0,0,0,0,12,24
16527,0:1:1;0:1:1;0:1:1;0:4:3,0,3,0,0,0,1,0,0,0,0,0,0,20,24
16528,0:1:1;0:1:1;0:1:1;0:4:3,0,4,0,0,0,1,0,0,0,0,0,0,27,24
16529,0:1:1;0:1:1;0:1:1;0:4:3,0,5,0,0,0,1,0,0,0,0,0,0,31,24
16530,0:1:1;0:1:1;0:1:1;0:4:3,1,0,0,0,0,1,0,0,0,0,0,0,1,24
16531,0:1:1;0:1:1;0:1:1;0:4:3,1,1,0,0,0,1,0,0,0,0,0,0,5,24
16532,0:1:1;0:1:1;0:1:1;0:4:3,1,2,0,0,0,1,0,0,0,0,0,0,12,24
16533,0:1:1;0:1:1;0:1:1;0:4:3,1,3,0,0,0,1,0,0,0,0,0,0,20,24
16534,0:1:1;0:1:1;0:1:1;0:4:3,1,4,0,0,0,1,0,0,0,0,0,0,27,24
16535,0:1:1;0:1:1;0:1:1;0:4:3,1,5,0,0,0,1,0,0,0,0,0,0,31,24
16536,0:1:1;0:1:1;0:1:1;0:4:3,2,0,0,0,0,1,0,0,0,0,0,0,1,24
16537,0:1:1;0:1:1;0:1:1;0:4:3,2,1,0,0,0,1,0,0,0,0,0,0,5,24
16538,0:1:1;0:1:1;0:1:1;0:4:3,2,2,0,0,0,1,0,0,0,0,0,0,12,24
16539,0:1:1;0:1:1;0:1:1;0:4:3,2,3,0,0,0,1,0,0,0,0,0,0,20,24
16540,0:1:1;0:1:1;0:1:1;0:4:3,2,4,0,0,0,1,0,0,0,0,0,0,27,24
16541,0:1:1;0:1:1;0:1:1;0:4:3,2,5,0,0,0,1,0,0,0,0,0,0,31,24
16542,0:1:1;0:1:1;0:1:1;0:4:3,3,0,0,0,0,1,0,0,0,0,0,0,1,24
16543,0:1:1;0:1:1;0:1:1;0:4:3,3,1,0,0,0,1,0,0,0,0,0,0,5,24
16544,0:1:1;0:1:1;0:1:1;0:4:3,3,2,0,0,0,1,0,0,0,0,0,0,12,24
16545,0:1:1;0:1:1;0:1:1;0:4:3,3,3,0,0,0,1,0,0,0,0,0,0,20,24
16546,0:1:1;0:1:1;0:1:1;0:4:3,3,4,0,0,0,1,0,0,0,0,0,0,27,24
16547,0:1:1;0:1:1;0:1:1;0:4:3,3,5,0,0,0,1,0,0,0,0,0,0,31,24
16548,0:1:1;0:1:1;0:1:1;0:4:3,4,0,0,0,0,1,0,0,0,0,0,0,1,24
16549,0:1:1;0:1:1;0:1:1;0:4:3,4,1,0,0,0,1,0,0,0,0,0,0,5,24
16550,0:1:1;0:1:1;0:1:1;0:4:3,4,2,0,0,0,1,0,0,0,0,0,0,12,24
16551,0:1:1;0:1:1;0:1:1;0:4:3,4,3,0,0,0,1,0,0,0,0,0,0,20,24
16552,0:1:1;0:1:1;0:1:1;0:4:3,4,4,0,0,0,1,0,0,0,0,0,0,27,24
16553,0:1:1;0:1:1;0:1:1;0:4:3,4,5,0,0,0,1,0,0,0,0,0,0,31,24
16554,0:1:1;0:1:1;0:1:1;0:4:3,5,0,0,0,0,1,0,0,0,0,0,0,1,24
16555,0:1:1;0:1:1;0:1:1;0:4:3,5,1,0,0,0,1,0,0,0,0,0,0,5,24
16556,0:1:1;0:1:1;0:1:1;0:4:3,5,2,0,0,0,1,0,0,0,0,0,0,12,24
16557,0:1:1;0:1:1;0:1:1;0:4:3,5,3,0,0,0,1,0,0,0,0,0,0,20,24
16558,0:1:1;0:1:1;0:1:1;0:4:3,5,4,0,0,0,1,0,0,0,0,0,0,27,24
16559,0:1:1;0:1:1;0:1:1;0:4:3,5,5,0,0,0,1,0,0,0,0,0,0,31,24
16560,0:1:1;0:1:1;0:1:1;1:1:1,0,0,0,0,0,1,0,0,0,0,0,0,1,24
16561,0:1:1;0:1:1;0:1:1;1:1:1,0,1,0,0,0,1,0,0,0,0,0,0,10,24
16562,0:1:1;0:1:1;0:1:1;1:1:1,0,2,1,1,1,0,1,1,1,1,1,5,5,2
16563,0:1:1;0:1:1;0:1:1;1:1:1,0,3,1,1,1,0,1,1,1,1,1,5,5,1
16564,0:1:1;0:1:1;0:1:1;1:1:1,0,4,1,1,1,0,1,1,1,1,1,5,5,1
16565,0:1:1;0:1:1;0:1:1;1:1:1,0,5,1,1,1,0,1,1,1,1,1,5,5,1
16566,0:1:1;0:1:1;0:1:1;1:1:1,1,0,0,0,0,1,0,0,0,0,0,0,5,24
16567,0:1:1;0:1:1;0:1:1;1:1:1,1,1,0,0,0,1,0,0,0,0,0,0,11,24
16568,0:1:1;0:1:1;0:1:1;1:1:1,1,2,1,1,1,0,1,1,1,1,1,5,5,2
16569,0:1:1;0:1:1;0:1:1;1:1:1,1,3,1,1,1,0,1,1,1,1,1,5,5,1
16570,0:1:1;0:1:1;0:1:1;1:1:1,1,4,1,1,1,0,1,1,1,1,1,5,5,1
16571,0:1:1;0:1:1;0:1:1;1:1:1,1,5,1,1,1,0,1,1,1,1,1,5,5,1
16572,0:1:1;0:1:1;0:1:1;1:1:1,2,0,0,0,0,1,0,0,0,0,0,0,5,24
16573,0:1:1;0:1:1;0:1:1;1:1:1,2,1,0,0,0,1,0,0,0,0,0,0,11,24
16574,0:1:1;0:1:1;0:1:1;1:1:1,2,2,1,1,1,0,1,1,1,1,1,5,5,2
16575,0:1:1;0:1:1;0:1:1;1:1:1,2,3,1,1,1,0,1,1,1,1,1,5,5,1
16576,0:1:1;0:1:1;0:1:1;1:1:1,2,4,1,1,1,0,1,1,1,1,1,5,5,1
16577,0:1:1;0:1:1;0:1:1;1:1:1,2,5,1,1,1,0,1,1,1,1,1,5,5,1
16578,0:1:1;0:1:1;0:1:1;1:1:1,3,0,0,0,0,1,0,0,0,0,0,0,5,24
16579,0:1:1;0:1:1;0:1:1;1:1:1,3,1,0,0,0,1,0,0,0,0,0,0,11,24
16580,0:1:1;0:1:1;0:1:1;1:1:1,3,2,1,1,1,0,1,1,1,1,1,5,5,2
16581,0:1:1;0:1:1;0:1:1;1:1:1,3,3,1,1,1,0,1,1,1,1,1,5,5,1
16582,0:1:1;0:1:1;0:1:1;1:1:1,3,4,1,1,1,0,1,1,1,1,1,5,5,1
16583,0:1:1;0:1:1;0:1:1;1:1:1,3,5,1,1,1,0,1,1,1,1,1,5,5,1
16584,0:1:1;0:1:1;0:1:1;1:1:1,4,0,0,0,0,1,0,0,0,0,0,0,5,24
16585,0:1:1;0:1:1;0:1:1;1:1:1,4,1,0,0,0,1,0,0,0,0,0,0,11,24
16586,0:1:1;0:1:1;0:1:1;1:1:1,4,2,1,1,1,0,1,1,1,1,1,5,5,2
16587,0:1:1;0:1:1;0:1:1;1:1:1,4,3,1,1,1,0,1,1,1,1,1,5,5,1
16588,0:1:1;0:1:1;0:1:1;1:1:1,4,4,1,1,1,0,1,1,1,1,1,5,5,1
16589,0:1:1;0:1:1;0:1:1;1:1:1,4,5,1,1,1,0,1,1,1,1,1,5,5,1
16590,0:1:1;0:1:1;0:1:1;1:1:1,5,0,0,0,0,1,0,0,0,0,0,0,5,24
16591,0:1:1;0:1:1;0:1:1;1:1:1,5,1,0,0,0,1,0,0,0,0,0,0,11,24
16592,0:1:1;0:1:1;0:1:1;1:1:1,5,2,1,1,1,0,1,1,1,1,1,5,5,2
16593,0:1:1;0:1:1;0:1:1;1:1:1,5,3,1,1,1,0,1,1,1,1,1,5,5,1
16594,0:1:1;0:1:1;0:1:1;1:1:1,5,4,1,1,1,0,1,1,1,1,1,5,5,1
16595,0:1:1;0:1:1;0:1:1;1:1:1,5,5,1,1,1,0,1,1,1,1,1,5,5,1
16596,0:1:1;0:1:1;0:1:1;1:2:1,0,0,0,0,0,1,0,0,0,0,0,0,1,24
16597,0:1:1;0:1:1;0:1:1;1:2:1,0,1,1,1,1,0,1,1,1,1,1,5,5,5
16598,0:1:1;0:1:1;0:1:1;1:2:1,0,2,1,1,1,0,1,1,1,1,1,5,5,2
16599,0:1:1;0:1:1;0:1:1;1:2:1,0,3,1,1,1,0,1,1,1,1,1,5,5,1
16600,0:1:1;0:1:1;0:1:1;1:2:1,0,4,1,1,1,0,1,1,1,1,1,5,5,1
16601,0:1:1;0:1:1;0:1:1;1:2:1,0,5,1,1,1,0,1,1,1,1,1,5,5,1
16602,0:1:1;0:1:1;0:1:1;1:2:1,1,0,0,0,0,1,0,0,0,0,0,0,8,24
16603,0:1:1;0:1:1;0:1:1;1:2:1,1,1,1,1,1,0,1,1,1,1,1,5,5,5
16604,0:1:1;0:1:1;0:1:1;1:2:1,1,2,1,1,1,0,1,1,1,1,1,5,5,2
16605,0:1:1;0:1:1;0:1:1;1:2:1,1,3,1,1,1,0,1,1,1,1,1,5,5,1
16606,0:1:1;0:1:1;0:1:1;1:2:1,1,4,1,1,1,0,1,1,1,1,1,5,5,1
16607,0:1:1;0:1:1;0:1:1;1:2:1,1,5,1,1,1,0,1,1,1,1,1,5,5,1
16608,0:1:1;0:1:1;0:1:1;1:2:1,2,0,0,0,0,1,0,0,0,0,0,0,8,24
16609,0:1:1;0:1:1;0:1:1;1:2:1,2,1,1,1,1,0,1,1,1,1,1,5,5,5
16610,0:1:1;0:1:1;0:1:1;1:2:1,2,2,1,1,1,0,1,1,1,1,1,5,5,2
16611,0:1:1;0:1:1;0:1:1;1:2:1,2,3,1,1,1,0,1,1,1,1,1,5,5,1
16612,0:1:1;0:1:1;0:1:1;1:2:1,2,4,1,1,1,0,1,1,1,1,1,5,5,1
16613,0:1:1;0:1:1;0:1:1;1:2:1,2,5,1,1,1,0,1,1,1,1,1,5,5,1
16614,0:1:1;0:1:1;0:1:1;1:2:1,3,0,0,0,0,1,0,0,0,0,0,0,8,24
16615,0:1:1;0:1:1;0:1:1;1:2:1,3,1,1,1,1,0,1,1,1,1,1,5,5,5
16616,0:1:1;0:1:1;0:1:1;1:2:1,3,2,1,1,1,0,1,1,1,1,1,5,5,2
16617,0:1:1;0:1:1;0:1:1;1:2:1,3,3,1,1,1,0,1,1,1,1,1,5,5,1
16618,0:1:1;0:1:1;0:1:1;1:2:1,3,4,1,1,1,0,1,1,1,1,1,5,5,1
16619,0:1:1;0:1:1;0:1:1;1:2:1,3,5,1,1,1,0,1,1,1,1,1,5,5,1
16620,0:1:1;0:1:1;0:1:1;1:2:1,4,0,0,0,0,1,0,0,0,0,0,0,8,24
16621,0:1:1;0:1:1;0:1:1;1:2:1,4,1,1,1,1,0,1,1,1,1,1,5,5,5
16622,0:1:1;0:1:1;0:1:1;1:2:1,4,2,1,1,1,0,1,1,1,1,1,5,5,2
16623,0:1:1;0:1:1;0:1:1;1:2:1,4,3,1,1,1,0,1,1,1,1,1,5,5,1
16624,0:1:1;0:1:1;0:1:1;1:2:1,4,4,1,1,1,0,1,1,1,1,1,5,5,1
16625,0:1:1;0:1:1;0:1:1;1:2:1,4,5,1,1,1,0,1,1,1,1,1,5,5,1
16626,0:1:1;0:1:1;0:1:1;1:2:1,5,0,0,0,0,1,0,0,0,0,0,0,8,24
16627,0:1:1;0:1:1;0:1:1;1:2:1,5,1,1,1,1,0,1,1,1,1,1,5,5,5
16628,0:1:1;0:1:1;0:1:1;1:2:1,5,2,1,1,1,0,1,1,1,1,1,5,5,2
16629,0:1:1;0:1:1;0:1:1;1:2:1,5,3,1,1,1,0,1,1,1,1,1,5,5,1
16630,0:1:1;0:1:1;0:1:1;1:2:1,5,4,1,1,1,0,1,1,1,1,1,5,5,1
16631,0:1:1;0:1:1;0:1:1;1:2:1,5,5,1,1,1,0,1,1,1,1,1,5,5,1
16632,0:1:1;0:1:1;0:1:1;1:2:2,0,0,0,0,0,1,0,0,0,0,0,0,1,24
16633,0:1:1;0:1:1;0:1:1;1:2:2,0,1,1,0,0,1,0,0,0,0,0,4,7,24
16634,0:1:1;0:1:1;0:1:1;1:2:2,0,2,1,1,1,0,1,1,1,1,1,5,6,2
16635,0:1:1;0:1:1;0:1:1;1:2:2,0,3,1,1,1,0,1,1,1,1,1,5,6,1
16636,0:1:1;0:1:1;0:1:1;1:2:2,0,4,1,1,1,0,1,1,1,1,1,5,6,1
16637,0:1:1;0:1:1;0:1:1;1:2:2,0,5,1,1,1,0,1,1,1,1,1,5,6,1
16638,0:1:1;0:1:1;0:1:1;1:2:2,1,0,0,0,0,1,0,0,0,0,0,0,2,24
16639,0:1:1;0:1:1;0:1:1;1:2:2,1,1,1,1,1,0,1,1,1,1,1,5,6,5
16640,0:1:1;0:1:1;0:1:1;1:2:2,1,2,1,1,1,0,1,1,1,1,1,5,6,2
16641,0:1:1;0:1:1;0:1:1;1:2:2,1,3,1,1,1,0,1,1,1,1,1,5,6,1
16642,0:1:1;0:1:1;0:1:1;1:2:2,1,4,1,1,1,0,1,1,1,1,1,5,6,1
16643,0:1:1;0:1:1;0:1:1;1:2:2,1,5,1,1,1,0,1,1,1,1,1,5,6,1
16644,0:1:1;0:1:1;0:1:1;1:2:2,2,0,0,0,0,1,0,0,0,0,0,0,9,24
16645,0:1:1;0:1:1;0:1:1;1:2:2,2,1,1,1,1,0,1,1,1,1,1,5,6,5
16646,0:1:1;0:1:1;0:1:1;1:2:2,2,2,1,1,1,0,1,1,1,1,1,5,6,2
16647,0:1:1;0:1:1;0:1:1;1:2:2,2,3,1,1,1,0,1,1,1,1,1,5,6,1
16648,0:1:1;0:1:1;0:1:1;1:2:2,2,4,1,1,1,0,1,1,1,1,1,5,6,1
16649,0:1:1;0:1:1;0:1:1;1:2:2,2,5,1,1,1,0,1,1,1,1,1,5,6,1
16650,0:1:1;0:1:1;0:1:1;1:2:2,3,0,0,0,0,1,0,0,0,0,0,0,9,24
16651,0:1:1;0:1:1;0:1:1;1:2:2,3,1,1,1,1,0,1,1,1,1,1,5,6,5
16652,0:1:1;0:1:1;0:1:1;1:2:2,3,2,1,1,1,0,1,1,1,1,1,5,6,2
16653,0:1:1;0:1:1;0:1:1;1:2:2,3,3,1,1,1,0,1,1,1,1,1,5,6,1
16654,0:1:1;0:1:1;0:1:1;1:2:2,3,4,1,1,1,0,1,1,1,1,1,5,6,1
16655,0:1:1;0:1:1;0:1:1;1:2:2,3,5,1,1,1,0,1,1,1,1,1,5,6,1
16656,0:1:1;0:1:1;0:1:1;1:2:2,4,0,0,0,0,1,0,0,0,0,0,0,9,24
16657,0:1:1;0:1:1;0:1:1;1:2:2,4,1,1,1,1,0,1,1,1,1,1,5,6,5
16658,0:1:1;0:1:1;0:1:1;1:2:2,4,2,1,1,1,0,1,1,1,1,1,5,6,2
16659,0:1:1;0:1:1;0:1:1;1:2:2,4,3,1,1,1,0,1,1,1,1,1,5,6,1
16660,0:1:1;0:1:1;0:1:1;1:2:2,4,4,1,1,1,0,1,1,1,1,1,5,6,1
16661,0:1:1;0:1:1;0:1:1;1:2:2,4,5,1,1,1,0,1,1,1,1,1,5,6,1
16662,0:1:1;0:1:1;0:1:1;1:2:2,5,0,0,0,0,1,0,0,0,0,0,0,9,24
16663,0:1:1;0:1:1;0:1:1;1:2:2,5,1,1,1,1,0,1,1,1,1,1,5,6,5
16664,0:1:1;0:1:1;0:1:1;1:2:2,5,2,1,1,1,0,1,1,1,1,1,5,6,2
16665,0:1:1;0:1:1;0:1:1;1:2:2,5,3,1,1,1,0,1,1,1,1,1,5,6,1
16666,0:1:1;0:1:1;0:1:1;1:2:2,5,4,1,1,1,0,1,1,1,1,1,5,6,1
16667,0:1:1;0:1:1;0:1:1;1:2:2,5,5,1,1,1,0,1,1,1,1,1,5,6,1
16668,0:1:1;0:1:1;0:1:1;1:3:2,0,0,1,0,0,1,0,0,0,0,0,1,1,24
16669,0:1:1;0:1:1;0:1:1;1:3:2,0,1,1,0,0,1,0,0,0,0,0,4,7,24
16670,0:1:1;0:1:1;0:1:1;1:3:2,0,2,1,1,1,0,1,1,1,1,1,5,6,2
16671,0:1:1;0:1:1;0:1:1;1:3:2,0,3,1,1,1,0,1,1,1,1,1,5,6,1
16672,0:1:1;0:1:1;0:1:1;1:3:2,0,4,1,1,1,0,1,1,1,1,1,5,6,1
16673,0:1:1;0:1:1;0:1:1;1:3:2,0,5,1,1,1,0,1,1,1,1,1,5,6,1
16674,0:1:1;0:1:1;0:1:1;1:3:2,1,0,1,0,0,1,0,0,0,0,0,1,2,24
16675,0:1:1;0:1:1;0:1:1;1:3:2,1,1,1,1,1,0,1,1,1,1,1,5,6,5
16676,0:1:1;0:1:1;0:1:1;1:3:2,1,2,1,1,1,0,1,1,1,1,1,5,6,2
16677,0:1:1;0:1:1;0:1:1;1:3:2,1,3,1,1,1,0,1,1,1,1,1,5,6,1
16678,0:1:1;0:1:1;0:1:1;1:3:2,1,4,1,1,1,0,1,1,1,1,1,5,6,1
16679,0:1:1;0:1:1;0:1:1;1:3:2,1,5,1,1,1,0,1,1,1,1,1,5,6,1
16680,0:1:1;0:1:1;0:1:1;1:3:2,2,0,1,1,1,0,1,1,1,1,1,5,6,19
16681,0:1:1;0:1:1;0:1:1;1:3:2,2,1,1,1,1,0,1,1,1,1,1,5,6,5
16682,0:1:1;0:1:1;0:1:1;1:3:2,2,2,1,1,1,0,1,1,1,1,1,5,6,2
16683,0:1:1;0:1:1;0:1:1;1:3:2,2,3,1,1,1,0,1,1,1,1,1,5,6,1
16684,0:1:1;0:1:1;0:1:1;1:3:2,2,4,1,1,1,0,1,1,1,1,1,5,6,1
16685,0:1:1;0:1:1;0:1:1;1:3:2,2,5,1,1,1,0,1,1,1,1,1,5,6,1
16686,0:1:1;0:1:1;0:1:1;1:3:2,3,0,1,1,1,0,1,1,1,1,1,5,6,19
16687,0:1:1;0:1:1;0:1:1;1:3:2,3,1,1,1,1,0,1,1,1,1,1,5,6,5
16688,0:1:1;0:1:1;0:1:1;1:3:2,3,2,1,1,1,0,1,1,1,1,1,5,6,2
16689,0:1:1;0:1:1;0:1:1;1:3:2,3,3,1,1,1,0,1,1,1,1,1,5,6,1
16690,0:1:1;0:1:1;0:1:1;1:3:2,3,4,1,1,1,0,1,1,1,1,1,5,6,1
16691,0:1:1;0:1:1;0:1:1;1:3:2,3,5,1,1,1,0,1,1,1,1,1,5,6,1
16692,0:1:1;0:1:1;0:1:1;1:3:2,4,0,1,1,1,0,1,1,1,1,1,5,6,19
16693,0:1:1;0:1:1;0:1:1;1:3:2,4,1,1,1,1,0,1,1,1,1,1,5,6,5
16694,0:1:1;0:1:1;0:1:1;1:3:2,4,2,1,1,1,0,1,1,1,1,1,5,6,2
16695,0:1:1;0:1:1;0:1:1;1:3:2,4,3,1,1,1,0,1,1,1,1,1,5,6,1
16696,0:1:1;0:1:1;0:1:1;1:3:2,4,4,1,1,1,0,1,1,1,1,1,5,6,1
16697,0:1:1;0:1:1;0:1:1;1:3:2,4,5,1,1,1,0,1,1,1,1,1,5,6,1
16698,0:1:1;0:1:1;0:1:1;1:3:2,5,0,1,1,1,0,1,1,1,1,1,5,6,19
16699,0:1:1;0:1:1;0:1:1;1:3:2,5,1,1,1,1,0,1,1,1,1,1,5,6,5
16700,0:1:1;0:1:1;0:1:1;1:3:2,5,2,1,1,1,0,1,1,1,1,1,5,6,2
16701,0:1:1;0:1:1;0:1:1;1:3:2,5,3,1,1,1,0,1,1,1,1,1,5,6,1
16702,0:1:1;0:1:1;0:1:1;1:3:2,5,4,1,1,1,0,1,1,1,1,1,5,6,1
16703,0:1:1;0:1:1;0:1:1;1:3:2,5,5,1,1,1,0,1,1,1,1,1,5,6,1
16704,0:1:1;0:1:1;0:1:1;1:3:3,0,0,1,0,0,1,0,0,0,0,0,1,1,24
16705,0:1:1;0:1:1;0:1:1;1:3:3,0,1,1,0,0,1,0,0,0,0,0,4,7,24
16706,0:1:1;0:1:1;0:1:1;1:3:3,0,2,1,0,0,1,0,0,0,0,0,7,16,24
16707,0:1:1;0:1:1;0:1:1;1:3:3,0,3,1,1,1,0,1,1,1,1,1,5,7,1
16708,0:1:1;0:1:1;0:1:1;1:3:3,0,4,1,1,1,0,1,1,1,1,1,5,7,1
16709,0:1:1;0:1:1;0:1:1;1:3:3,0,5,1,1,1,0,1,1,1,1,1,5,7,1
16710,0:1:1;0:1:1;0:1:1;1:3:3,1,0,1,0,0,1,0,0,0,0,0,1,2,24
16711,0:1:1;0:1:1;0:1:1;1:3:3,1,1,1,0,0,1,0,0,0,0,0,4,11,24
16712,0:1:1;0:1:1;0:1:1;1:3:3,1,2,1,1,1,0,1,1,1,1,1,5,7,2
16713,0:1:1;0:1:1;0:1:1;1:3:3,1,3,1,1,1,0,1,1,1,1,1,5,7,1
16714,0:1:1;0:1:1;0:1:1;1:3:3,1,4,1,1,1,0,1,1,1,1,1,5,7,1
16715,0:1:1;0:1:1;0:1:1;1:3:3,1,5,1,1,1,0,1,1,1,1,1,5,7,1
16716,0:1:1;0:1:1;0:1:1;1:3:3,2,0,1,0,0,1,0,0,0,0,0,1,3,24
16717,0:1:1;0:1:1;0:1:1;1:3:3,2,1,1,1,1,0,1,1,1,1,1,5,7,5
16718,0:1:1;0:1:1;0:1:1;1:3:3,2,2,1,1,1,0,1,1,1,1,1,5,7,2
16719,0:1:1;0:1:1;0:1:1;1:3:3,2,3,1,1,1,0,1,1,1,1,1,5,7,1
16720,0:1:1;0:1:1;0:1:1;1:3:3,2,4,1,1,1,0,1,1,1,1,1,5,7,1
16721,0:1:1;0:1:1;0:1:1;1:3:3,2,5,1,1,1,0,1,1,1,1,1,5,7,1
16722,0:1:1;0:1:1;0:1:1;1:3:3,3,0,1,1,1,0,1,1,1,1,1,5,7,19
16723,0:1:1;0:1:1;0:1:1;1:3:3,3,1,1,1,1,0,1,1,1,1,1,5,7,5
16724,0:1:1;0:1:1;0:1:1;1:3:3,3,2,1,1,1,0,1,1,1,1,1,5,7,2
16725,0:1:1;0:1:1;0:1:1;1:3:3,3,3,1,1,1,0,1,1,1,1,1,5,7,1
16726,0:1:1;0:1:1;0:1:1;1:3:3,3,4,1,1,1,0,1,1,1,1,1,5,7,1
16727,0:1:1;0:1:1;0:1:1;1:3:3,3,5,1,1,1,0,1,1,1,1,1,5,7,1
16728,0:1:1;0:1:1;0:1:1;1:3:3,4,0,1,1,1,0,1,1,1,1,1,5,7,19
16729,0:1:1;0:1:1;0:1:1;1:3:3,4,1,1,1,1,0,1,1,1,1,1,5,7,5
16730,0:1:1;0:1:1;0:1:1;1:3:3,4,2,1,1,1,0,1,1,1,1,1,5,7,2
16731,0:1:1;0:1:1;0:1:1;1:3:3,4,3,1,1,1,0,1,1,1,1,1,5,7,1
16732,0:1:1;0:1:1;0:1:1;1:3:3,4,4,1,1,1,0,1,1,1,1,1,5,7,1
16733,0:1:1;0:1:1;0:1:1;1:3:3,4,5,1,1,1,0,1,1,1,1,1,5,7,1
16734,0:1:1;0:1:1;0:1:1;1:3:3,5,0,1,1,1,0,1,1,1,1,1,5,7,19
16735,0:1:1;0:1:1;0:1:1;1:3:3,5,1,1,1,1,0,1,1,1,1,1,5,7,5
16736,0:1:1;0:1:1;0:1:1;1:3:3,5,2,1,1,1,0,1,1,1,1,1,5,7,2
16737,0:1:1;0:1:1;0:1:1;1:3:3,5,3,1,1,1,0,1,1,1,1,1,5,7,1
16738,0:1:1;0:1:1;0:1:1;1:3:3,5,4,1,1,1,0,1,1,1,1,1,5,7,1
16739,0:1:1;0:1:1;0:1:1;1:3:3,5,5,1,1,1,0,1,1,1,1,1,5,7,1
16740,0:1:1;0:1:1;0:1:1;1:4:3,0,0,1,0,0,1,0,0,0,0,0,1,1,24
16741,0:1:1;0:1:1;0:1:1;1:4:3,0,1,1,0,0,1,0,0,0,0,0,4,7,24
16742,0:1:1;0:1:1;0:1:1;1:4:3,0,2,1,0,0,1,0,0,0,0,0,7,16,24
16743,0:1:1;0:1:1;0:1:1;1:4:3,0,3,1,1,1,0,1,1,1,1,1,5,7,1
16744,0:1:1;0:1:1;0:1:1;1:4:3,0,4,1,1,1,0,1,1,1,1,1,5,7,1
16745,0:1:1;0:1:1;0:1:1;1:4:3,0,5,1,1,1,0,1,1,1,1,1,5,7,1
16746,0:1:1;0:1:1;0:1:1;1:4:3,1,0,1,0,0,1,0,0,0,0,0,1,2,24
16747,0:1:1;0:1:1;0:1:1;1:4:3,1,1,1,0,0,1,0,0,0,0,0,4,11,24
16748,0:1:1;0:1:1;0:1:1;1:4:3,1,2,1,1,1,0,1,1,1,1,1,5,7,2
16749,0:1:1;0:1:1;0:1:1;1:4:3,1,3,1,1,1,0,1,1,1,1,1,5,7,1
16750,0:1:1;0:1:1;0:1:1;1:4:3,1,4,1,1,1,0,1,1,1,1,1,5,7,1
16751,0:1:1;0:1:1;0:1:1;1:4:3,1,5,1,1,1,0,1,1,1,1,1,5,7,1
16752,0:1:1;0:1:1;0:1:1;1:4:3,2,0,1,0,0,1,0,0,0,0,0,1,3,24
16753,0:1:1;0:1:1;0:1:1;1:4:3,2,1,1,1,1,0,1,1,1,1,1,5,7,5
16754,0:1:1;0:1:1;0:1:1;1:4:3,2,2,1,1,1,0,1,1,1,1,1,5,7,2
16755,0:1:1;0:1:1;0:1:1;1:4:3,2,3,1,1,1,0,1,1,1,1,1,5,7,1
16756,0:1:1;0:1:1;0:1:1;1:4:3,2,4,1,1,1,0,1,1,1,1,1,5,7,1
16757,0:1:1;0:1:1;0:1:1;1:4:3,2,5,1,1,1,0,1,1,1,1,1,5,7,1
16758,0:1:1;0:1:1;0:1:1;1:4:3,3,0,1,1,1,0,1,1,1,1,1,5,7,19
16759,0:1:1;0:1:1;0:1:1;1:4:3,3,1,1,1,1,0,1,1,1,1,1,5,7,5
16760,0:1:1;0:1:1;0:1:1;1:4:3,3,2,1,1,1,0,1,1,1,1,1,5,7,2
16761,0:1:1;0:1:1;0:1:1;1:4:3,3,3,1,1,1,0,1,1,1,1,1,5,7,1
16762,0:1:1;0:1:1;0:1:1;1:4:3,3,4,1,1,1,0,1,1,1,1,1,5,7,1
16763,0:1:1;0:1:1;0:1:1;1:4:3,3,5,1,1,1,0,1,1,1,1,1,5,7,1
16764,0:1:1;0:1:1;0:1:1;1:4:3,4,0,1,1,1,0,1,1,1,1,1,5,7,19
16765,0:1:1;0:1:1;0:1:1;1:4:3,4,1,1,1,1,0,1,1,1,1,1,5,7,5
16766,0:1:1;0:1:1;0:1:1;1:4:3,4,2,1,1,1,0,1,1,1,1,1,5,7,2
16767,0:1:1;0:1:1;0:1:1;1:4:3,4,3,1,1,1,0,1,1,1,1,1,5,7,1
16768,0:1:1;0:1:1;0:1:1;1:4:3,4,4,1,1,1,0,1,1,1,1,1,5,7,1
16769,0:1:1;0:1:1;0:1:1;1:4:3,4,5,1,1,1,0,1,1,1,1,1,5,7,1
16770,0:1:1;0:1:1;0:1:1;1:4:3,5,0,1,1,1,0,1,1,1,1,1,5,7,19
16771,0:1:1;0:1:1;0:1:1;1:4:3,5,1,1,1,1,0,1,1,1,1,1,5,7,5
16772,0:1:1;0:1:1;0:1:1;1:4:3,5,2,1,1,1,0,1,1,1,1,1,5,7,2
16773,0:1:1;0:1:1;0:1:1;1:4:3,5,3,1,1,1,0,1,1,1,1,1,5,7,1
16774,0:1:1;0:1:1;0:1:1;1:4:3,5,4,1,1,1,0,1,1,1,1,1,5,7,1
16775,0:1:1;0:1:1;0:1:1;1:4:3,5,5,1,1,1,0,1,1,1,1,1,5,7,1
16776,0:1:1;0:1:1;0:2:1;0:2:1,0,0,0,0,0,1,0,0,0,0,0,0,1,24
16777,0:1:1;0:1:1;0:2:1;0:2:1,0,1,0,0,0,1,0,0,0,0,0,0,5,24
16778,0:1:1;0:1:1;0:2:1;0:2:1,0,2,0,0,0,1,0,0,0,0,0,0,11,24
16779,0:1:1;0:1:1;0:2:1;0:2:1,0,3,0,0,0,1,0,0,0,0,0,0,15,24
16780,0:1:1;0:1:1;0:2:1;0:2:1,0,4,1,1,1,0,1,1,1,1,1,5,5,1
16781,0:1:1;0:1:1;0:2:1;0:2:1,0,5,1,1,1,0,1,1,1,1,1,5,5,1
16782,0:1:1;0:1:1;0:2:1;0:2:1,1,0,0,0,0,1,0,0,0,0,0,0,1,24
16783,0:1:1;0:1:1;0:2:1;0:2:1,1,1,0,0,0,1,0,0,0,0,0,0,5,24
16784,0:1:1;0:1:1;0:2:1;0:2:1,1,2,0,0,0,1,0,0,0,0,0,0,11,24
16785,0:1:1;0:1:1;0:2:1;0:2:1,1,3,0,0,0,1,0,0,0,0,0,0,15,24
16786,0:1:1;0:1:1;0:2:1;0:2:1,1,4,1,1,1,0,1,1,1,1,1,5,5,1
16787,0:1:1;0:1:1;0:2:1;0:2:1,1,5,1,1,1,0,1,1,1,1,1,5,5,1
16788,0:1:1;0:1:1;0:2:1;0:2:1,2,0,0,0,0,1,0,0,0,0,0,0,1,24
16789,0:1:1;0:1:1;0:2:1;0:2:1,2,1,0,0,0,1,0,0,0,0,0,0,5,24
16790,0:1:1;0:1:1;0:2:1;0:2:1,2,2,0,0,0,1,0,0,0,0,0,0,11,24
16791,0:1:1;0:1:1;0:2:1;0:2:1,2,3,0,0,0,1,0,0,0,0,0,0,15,24
16792,0:1:1;0:1:1;0:2:1;0:2:1,2,4,1,1,1,0,1,1,1,1,1,5,5,1
16793,0:1:1;0:1:1;0:2:1;0:2:1,2,5,1,1,1,0,1,1,1,1,1,5,5,1
16794,0:1:1;0:1:1;0:2:1;0:2:1,3,0,0,0,0,1,0,0,0,0,0,0,1,24
16795,0:1:1;0:1:1;0:2:1;0:2:1,3,1,0,0,0,1,0,0,0,0,0,0,5,24
16796,0:1:1;0:1:1;0:2:1;0:2:1,3,2,0,0,0,1,0,0,0,0,0,0,11,24
16797,0:1:1;0:1:1;0:2:1;0:2:1,3,3,0,0,0,1,0,0,0,0,0,0,15,24
16798,0:1:1;0:1:1;0:2:1;0:2:1,3,4,1,1,1,0,1,1,1,1,1,5,5,1
16799,0:1:1;0:1:1;0:2:1;0:2:1,3,5,1,1,1,0,1,1,1,1,1,5,5,1
16800,0:1:1;0:1:1;0:2:1;0:2:1,4,0,0,0,0,1,0,0,0,0,0,0,1,24
16801,0:1:1;0:1:1;0:2:1;0:2:1,4,1,0,0,0,1,0,0,0,0,0,0,5,24
16802,0:1:1;0:1:1;0:2:1;0:2:1,4,2,0,0,0,1,0,0,0,0,0,0,11,24
16803,0:1:1;0:1:1;0:2:1;0:2:1,4,3,0,0,0,1,0,0,0,0,0,0,15,24
16804,0:1:1;0:1:1;0:2:1;0:2:1,4,4,1,1,1,0,1,1,1,1,1,5,5,1
16805,0:1:1;0:1:1;0:2:1;0:2:1,4,5,1,1,1,0,1,1,1,1,1,5,5,1
16806,0:1:1;0:1:1;0:2:1;0:2:1,5,0,0,0,0,1,0,0,0,0,0,0,1,24
16807,0:1:1;0:1:1;0:2:1;0:2:1,5,1,0,0,0,1,0,0,0,0,0,0,5,24
16808,0:1:1;0:1:1;0:2:1;0:2:1,5,2,0,0,0,1,0,0,0,0,0,0,11,24
16809,0:1:1;0:1:1;0:2:1;0:2:1,5,3,0,0,0,1,0,0,0,0,0,0,15,24
16810,0:1:1;0:1:1;0:2:1;0:2:1,5,4,1,1,1,0,1,1,1,1,1,5,5,1
16811,0:1:1;0:1:1;0:2:1;0:2:1,5,5,1,1,1,0,1,1,1,1,1,5,5,1
16812,0:1:1;0:1:1;0:2:1;0:2:2,0,0,0,0,0,1,0,0,0,0,0,0,1,24
16813,0:1:1;0:1:1;0:2:1;0:2:2,0,1,0,0,0,1,0,0,0,0,0,0,5,24
16814,0:1:1;0:1:1;0:2:1;0:2:2,0,2,0,0,0,1,0,0,0,0,0,0,12,24
16815,0:1:1;0:1:1;0:2:1;0:2:2,0,3,0,0,0,1,0,0,0,0,0,0,19,24
16816,0:1:1;0:1:1;0:2:1;0:2:2,0,4,0,0,0,1,0,0,0,0,0,0,23,24
16817,0:1:1;0:1:1;0:2:1;0:2:2,0,5,1,1,1,0,1,1,1,1,1,5,6,1
16818,0:1:1;0:1:1;0:2:1;0:2:2,1,0,0,0,0,1,0,0,0,0,0,0,1,24
16819,0:1:1;0:1:1;0:2:1;0:2:2,1,1,0,0,0,1,0,0,0,0,0,0,5,24
16820,0:1:1;0:1:1;0:2:1;0:2:2,1,2,0,0,0,1,0,0,0,0,0,0,12,24
16821,0:1:1;0:1:1;0:2:1;0:2:2,1,3,0,0,0,1,0,0,0,0,0,0,19,24
16822,0:1:1;0:1:1;0:2:1;0:2:2,1,4,0,0,0,1,0,0,0,0,0,0,23,24
16823,0:1:1;0:1:1;0:2:1;0:2:2,1,5,1,1,1,0,1,1,1,1,1,5,6,1
16824,0:1:1;0:1:1;0:2:1;0:2:2,2,0,0,0,0,1,0,0,0,0,0,0,1,24
16825,0:1:1;0:1:1;0:2:1;0:2:2,2,1,0,0,0,1,0,0,0,0,0,0,5,24
16826,0:1:1;0:1:1;0:2:1;0:2:2,2,2,0,0,0,1,0,0,0,0,0,0,12,24
16827,0:1:1;0:1:1;0:2:1;0:2:2,2,3,0,0,0,1,0,0,0,0,0,0,19,24
16828,0:1:1;0:1:1;0:2:1;0:2:2,2,4,0,0,0,1,0,0,0,0,0,0,23,24
16829,0:1:1;0:1:1;0:2:1;0:2:2,2,5,1,1,1,0,1,1,1,1,1,5,6,1
16830,0:1:1;0:1:1;0:2:1;0:2:2,3,0,0,0,0,1,0,0,0,0,0,0,1,24
16831,0:1:1;0:1:1;0:2:1;0:2:2,3,1,0,0,0,1,0,0,0,0,0,0,5,24
16832,0:1:1;0:1:1;0:2:1;0:2:2,3,2,0,0,0,1,0,0,0,0,0,0,12,24
16833,0:1:1;0:1:1;0:2:1;0:2:2,3,3,0,0,0,1,0,0,0,0,0,0,19,24
16834,0:1:1;0:1:1;0:2:1;0:2:2,3,4,0,0,0,1,0,0,0,0,0,0,23,24
16835,0:1:1;0:1:1;0:2:1;0:2:2,3,5,1,1,1,0,1,1,1,1,1,5,6,1
16836,0:1:1;0:1:1;0:2:1;0:2:2,4,0,0,0,0,1,0,0,0,0,0,0,1,24
16837,0:1:1;0:1:1;0:2:1;0:2:2,4,1,0,0,0,1,0,0,0,0,0,0,5,24
16838,0:1:1;0:1:1;0:2:1;0:2:2,4,2,0,0,0,1,0,0,0,0,0,0,12,24
16839,0:1:1;0:1:1;0:2:1;0:2:2,4,3,0,0,0,1,0,0,0,0,0,0,19,24
16840,0:1:1;0:1:1;0:2:1;0:2:2,4,4,0,0,0,1,0,0,0,0,0,0,23,24
16841,0:1:1;0:1:1;0:2:1;0:2:2,4,5,1,1,1,0,1,1,1,1,1,5,6,1
16842,0:1:1;0:1:1;0:2:1;0:2:2,5,0,0,0,0,1,0,0,0,0,0,0,1,24
16843,0:1:1;0:1:1;0:2:1;0:2:2,5,1,0,0,0,1,0,0,0,0,0,0,5,24
16844,0:1:1;0:1:1;0:2:1;0:2:2,5,2,0,0,0,1,0,0,0,0,0,0,12,24
16845,0:1:1;0:1:1;0:2:1;0:2:2,5,3,0,0,0,1,0,0,0,0,0,0,19,24
16846,0:1:1;0:1:1;0:2:1;0:2:2,5,4,0,0,0,1,0,0,0,0,0,0,23,24
16847,0:1:1;0:1:1;0:2:1;0:2:2,5,5,1,1,1,0,1,1,1,1,1,5,6,1
16848,0:1:1;0:1:1;0:2:1;0:3:2,0,0,0,0,0,1,0,0,0,0,0,0,1,24
16849,0:1:1;0:1:1;0:2:1;0:3:2,0,1,0,0,0,1,0,0,0,0,0,0,5,24
16850,0:1:1;0:1:1;0:2:1;0:3:2,0,2,0,0,0,1,0,0,0,0,0,0,12,24
16851,0:1:1;0:1:1;0:2:1;0:3:2,0,3,0,0,0,1,0,0,0,0,0,0,19,24
16852,0:1:1;0:1:1;0:2:1;0:3:2,0,4,0,0,0,1,0,0,0,0,0,0,23,24
16853,0:1:1;0:1:1;0:2:1;0:3:2,0,5,1,1,1,0,1,1,1,1,1,5,6,1
16854,0:1:1;0:1:1;0:2:1;0:3:2,1,0,0,0,0,1,0,0,0,0,0,0,1,24
16855,0:1:1;0:1:1;0:2:1;0:3:2,1,1,0,0,0,1,0,0,0,0,0,0,5,24
16856,0:1:1;0:1:1;0:2:1;0:3:2,1,2,0,0,0,1,0,0,0,0,0,0,12,24
16857,0:1:1;0:1:1;0:2:1;0:3:2,1,3,0,0,0,1,0,0,0,0,0,0,19,24
16858,0:1:1;0:1:1;0:2:1;0:3:2,1,4,0,0,0,1,0,0,0,0,0,0,23,24
16859,0:1:1;0:1:1;0:2:1;0:3:2,1,5,1,1,1,0,1,1,1,1,1,5,6,1
16860,0:1:1;0:1:1;0:2:1;0:3:2,2,0,0,0,0,1,0,0,0,0,0,0,1,24
16861,0:1:1;0:1:1;0:2:1;0:3:2,2,1,0,0,0,1,0,0,0,0,0,0,5,24
16862,0:1:1;0:1:1;0:2:1;0:3:2,2,2,0,0,0,1,0,0,0,0,0,0,12,24
16863,0:1:1;0:1:1;0:2:1;0:3:2,2,3,0,0,0,1,0,0,0,0,0,0,19,24
16864,0:1:1;0:1:1;0:2:1;0:3:2,2,4,0,0,0,1,0,0,0,0,0,0,23,24
16865,0:1:1;0:1:1;0:2:1;0:3:2,2,5,1,1,1,0,1,1,1,1,1,5,6,1
16866,0:1:1;0:1:1;0:2:1;0:3:2,3,0,0,0,0,1,0,0,0,0,0,0,1,24
16867,0:1:1;0:1:1;0:2:1;0:3:2,3,1,0,0,0,1,0,0,0,0,0,0,5,24
16868,0:1:1;0:1:1;0:2:1;0:3:2,3,2,0,0,0,1,0,0,0,0,0,0,12,24
16869,0:1:1;0:1:1;0:2:1;0:3:2,3,3,0,0,0,1,0,0,0,0,0,0,19,24
16870,0:1:1;0:1:1;0:2:1;0:3:2,3,4,0,0,0,1,0,0,0,0,0,0,23,24
16871,0:1:1;0:1:1;0:2:1;0:3:2,3,5,1,1,1,0,1,1,1,1,1,5,6,1
16872,0:1:1;0:1:1;0:2:1;0:3:2,4,0,0,0,0,1,0,0,0,0,0,0,1,24
16873,0:1:1;0:1:1;0:2:1;0:3:2,4,1,0,0,0,1,0,0,0,0,0,0,5,24
16874,0:1:1;0:1:1;0:2:1;0:3:2,4,2,0,0,0,1,0,0,0,0,0,0,12,24
16875,0:1:1;0:1:1;0:2:1;0:3:2,4,3,0,0,0,1,0,0,0,0,0,0,19,24
16876,0:1:1;0:1:1;0:2:1;0:3:2,4,4,0,0,0,1,0,0,0,0,0,0,23,24
16877,0:1:1;0:1:1;0:2:1;0:3:2,4,5,1,1,1,0,1,1,1,1,1,5,6,1
16878,0:1:1;0:1:1;0:2:1;0:3:2,5,0,0,0,0,1,0,0,0,0,0,0,1,24
16879,0:1:1;0:1:1;0:2:1;0:3:2,5,1,0,0,0,1,0,0,0,0,0,0,5,24
16880,0:1:1;0:1:1;0:2:1;0:3:2,5,2,0,0,0,1,0,0,0,0,0,0,12,24
16881,0:1:1;0:1:1;0:2:1;0:3:2,5,3,0,0,0,1,0,0,0,0,0,0,19,24
16882,0:1:1;0:1:1;0:2:1;0:3:2,5,4,0,0,0,1,0,0,0,0,0,0,23,24
16883,0:1:1;0:1:1;0:2:1;0:3:2,5,5,1,1,1,0,1,1,1,1,1,5,6,1
16884,0:1:1;0:1:1;0:2:1;0:3:3,0,0,0,0,0,1,0,0,0,0,0,0,1,24
16885,0:1:1;0:1:1;0:2:1;0:3:3,0,1,0,0,0,1,0,0,0,0,0,0,5,24
16886,0:1:1;0:1:1;0:2:1;0:3:3,0,2,0,0,0,1,0,0,0,0,0,0,12,24
16887,0:1:1;0:1:1;0:2:1;0:3:3,0,3,0,0,0,1,0,0,0,0,0,0,20,24
16888,0:1:1;0:1:1;0:2:1;0:3:3,0,4,0,0,0,1,0,0,0,0,0,0,27,24
16889,0:1:1;0:1:1;0:2:1;0:3:3,0,5,0,0,0,1,0,0,0,0,0,0,31,24
16890,0:1:1;0:1:1;0:2:1;0:3:3,1,0,0,0,0,1,0,0,0,0,0,0,1,24
16891,0:1:1;0:1:1;0:2:1;0:3:3,1,1,0,0,0,1,0,0,0,0,0,0,5,24
16892,0:1:1;0:1:1;0:2:1;0:3:3,1,2,0,0,0,1,0,0,0,0,0,0,12,24
16893,0:1:1;0:1:1;0:2:1;0:3:3,1,3,0,0,0,1,0,0,0,0,0,0,20,24
16894,0:1:1;0:1:1;0:2:1;0:3:3,1,4,0,0,0,1,0,0,0,0,0,0,27,24
16895,0:1:1;0:1:1;0:2:1;0:3:3,1,5,0,0,0,1,0,0,0,0,0,0,31,24
16896,0:1:1;0:1:1;0:2:1;0:3:3,2,0,0,0,0,1,0,0,0,0,0,0,1,24
16897,0:1:1;0:1:1;0:2:1;0:3:3,2,1,0,0,0,1,0,0,0,0,0,0,5,24
16898,0:1:1;0:1:1;0:2:1;0:3:3,2,2,0,0,0,1,0,0,0,0,0,0,12,24
16899,0:1:1;0:1:1;0:2:1;0:3:3,2,3,0,0,0,1,0,0,0,0,0,0,20,24
16900,0:1:1;0:1:1;0:2:1;0:3:3,2,4,0,0,0,1,0,0,0,0,0,0,27,24
16901,0:1:1;0:1:1;0:2:1;0:3:3,2,5,0,0,0,1,0,0,0,0,0,0,31,24
16902,0:1:1;0:1:1;0:2:1;0:3:3,3,0,0,0,0,1,0,0,0,0,0,0,1,24
16903,0:1:1;0:1:1;0:2:1;0:3:3,3,1,0,0,0,1,0,0,0,0,0,0,5,24
16904,0:1:1;0:1:1;0:2:1;0:3:3,3,2,0,0,0,1,0,0,0,0,0,0,12,24
16905,0:1:1;0:1:1;0:2:1;0:3:3,3,3,0,0,0,1,0,0,0,0,0,0,20,24
16906,0:1:1;0:1:1;0:2:1;0:3:3,3,4,0,0,0,1,0,0,0,0,0,0,27,24
16907,0:1:1;0:1:1;0:2:1;0:3:3,3,5,0,0,0,1,0,0,0,0,0,0,31,24
16908,0:1:1;0:1:1;0:2:1;0:3:3,4,0,0,0,0,1,0,0,0,0,0,0,1,24
16909,0:1:1;0:1:1;0:2:1;0:3:3,4,1,0,0,0,1,0,0,0,0,0,0,5,24
16910,0:1:1;0:1:1;0:2:1;0:3:3,4,2,0,0,0,1,0,0,0,0,0,0,12,24
16911,0:1:1;0:1:1;0:2:1;0:3:3,4,3,0,0,0,1,0,0,0,0,0,0,20,24
16912,0:1:1;0:1:1;0:2:1;0:3:3,4,4,0,0,0,1,0,0,0,0,0,0,27,24
16913,0:1:1;0:1:1;0:2:1;0:3:3,4,5,0,0,0,1,0,0,0,0,0,0,31,24
16914,0:1:1;0:1:1;0:2:1;0:3:3,5,0,0,0,0,1,0,0,0,0,0,0,1,24
16915,0:1:1;0:1:1;0:2:1;0:3:3,5,1,0,0,0,1,0,0,0,0,0,0,5,24
16916,0:1:1;0:1:1;0:2:1;0:3:3,5,2,0,0,0,1,0,0,0,0,0,0,12,24
16917,0:1:1;0:1:1;0:2:1;0:3:3,5,3,0,0,0,1,0,0,0,0,0,0,20,24
16918,0:1:1;0:1:1;0:2:1;0:3:3,5,4,0,0,0,1,0,0,0,0,0,0,27,24
16919,0:1:1;0:1:1;0:2:1;0:3:3,5,5,0,0,0,1,0,0,0,0,0,0,31,24
16920,0:1:1;0:1:1;0:2:1;0:4:3,0,0,0,0,0,1,0,0,0,0,0,0,1,24
16921,0:1:1;0:1:1;0:2:1;0:4:3,0,1,0,0,0,1,0,0,0,0,0,0,5,24
16922,0:1:1;0:1:1;0:2:1;0:4:3,0,2,0,0,0,1,0,0,0,0,0,0,12,24
16923,0:1:1;0:1:1;0:2:1;0:4:3,0,3,0,0,0,1,0,0,0,0,0,0,20,24
16924,0:1:1;0:1:1;0:2:1;0:4:3,0,4,0,0,0,1,0,0,0,0,0,0,27,24
16925,0:1:1;0:1:1;0:2:1;0:4:3,0,5,0,0,0,1,0,0,0,0,0,0,31,24
16926,0:1:1;0:1:1;0:2:1;0:4:3,1,0,0,0,0,1,0,0,0,0,0,0,1,24
16927,0:1:1;0:1:1;0:2:1;0:4:3,1,1,0,0,0,1,0,0,0,0,0,0,5,24
16928,0:1:1;0:1:1;0:2:1;0:4:3,1,2,0,0,0,1,0,0,0,0,0,0,12,24
16929,0:1:1;0:1:1;0:2:1;0:4:3,1,3,0,0,0,1,0,0,0,0,0,0,20,24
16930,0:1:1;0:1:1;0:2:1;0:4:3,1,4,0,0,0,1,0,0,0,0,0,0,27,24
16931,0:1:1;0:1:1;0:2:1;0:4:3,1,5,0,0,0,1,0,0,0,0,0,0,31,24
16932,0:1:1;0:1:1;0:2:1;0:4:3,2,0,0,0,0,1,0,0,0,0,0,0,1,24
16933,0:1:1;0:1:1;0:2:1;0:4:3,2,1,0,0,0,1,0,0,0,0,0,0,5,24
16934,0:1:1;0:1:1;0:2:1;0:4:3,2,2,0,0,0,1,0,0,0,0,0,0,12,24
16935,0:1:1;0:1:1;0:2:1;0:4:3,2,3,0,0,0,1,0,0,0,0,0,0,20,24
16936,0:1:1;0:1:1;0:2:1;0:4:3,2,4,0,0,0,1,0,0,0,0,0,0,27,24
16937,0:1:1;0:1:1;0:2:1;0:4:3,2,5,0,0,0,1,0,0,0,0,0,0,31,24
16938,0:1:1;0:1:1;0:2:1;0:4:3,3,0,0,0,0,1,0,0,0,0,0,0,1,24
16939,0:1:1;0:1:1;0:2:1;0:4:3,3,1,0,0,0,1,0,0,0,0,0,0,5,24
16940,0:1:1;0:1:1;0:2:1;0:4:3,3,2,0,0,0,1,0,0,0,0,0,0,12,24
16941,0:1:1;0:1:1;0:2:1;0:4:3,3,3,0,0,0,1,0,0,0,0,0,0,20,24
16942,0:1:1;0:1:1;0:2:1;0:4:3,3,4,0,0,0,1,0,0,0,0,0,0,27,24
16943,0:1:1;0:1:1;0:2:1;0:4:3,3,5,0,0,0,1,0,0,0,0,0,0,31,24
16944,0:1:1;0:1:1;0:2:1;0:4:3,4,0,0,0,0,1,0,0,0,0,0,0,1,24
16945,0:1:1;0:1:1;0:2:1;0:4:3,4,1,0,0,0,1,0,0,0,0,0,0,5,24
16946,0:1:1;0:1:1;0:2:1;0:4:3,4,2,0,0,0,1,0,0,0,0,0,0,12,24
16947,0:1:1;0:1:1;0:2:1;0:4:3,4,3,0,0,0,1,0,0,0,0,0,0,20,24
16948,0:1:1;0:1:1;0:2:1;0:4:3,4,4,0,0,0,1,0,0,0,0,0,0,27,24
16949,0:1:1;0:1:1;0:2:1;0:4:3,4,5,0,0,0,1,0,0,0,0,0,0,31,24
16950,0:1:1;0:1:1;0:2:1;0:4:3,5,0,0,0,0,1,0,0,0,0,0,0,1,24
16951,0:1:1;0:1:1;0:2:1;0:4:3,5,1,0,0,0,1,0,0,0,0,0,0,5,24
16952,0:1:1;0:1:1;0:2:1;0:4:3,5,2,0,0,0,1,0,0,0,0,0,0,12,24
16953,0:1:1;0:1:1;0:2:1;0:4:3,5,3,0,0,0,1,0,0,0,0,0,0,20,24
16954,0:1:1;0:1:1;0:2:1;0:4:3,5,4,0,0,0,1,0,0,0,0,0,0,27,24
16955,0:1:1;0:1:1;0:2:1;0:4:3,5,5,0,0,0,1,0,0,0,0,0,0,31,24
16956,0:1:1;0:1:1;0:2:1;1:1:1,0,0,0,0,0,1,0,0,0,0,0,0,1,24
16957,0:1:1;0:1:1;0:2:1;1:1:1,0,1,0,0,0,1,0,0,0,0,0,0,10,24
16958,0:1:1;0:1:1;0:2:1;1:1:1,0,2,1,1,1,0,1,1,1,1,1,5,5,2
16959,0:1:1;0:1:1;0:2:1;1:1:1,0,3,1,1,1,0,1,1,1,1,1,5,5,1
16960,0:1:1;0:1:1;0:2:1;1:1:1,0,4,1,1,1,0,1,1,1,1,1,5,5,1
16961,0:1:1;0:1:1;0:2:1;1:1:1,0,5,1,1,1,0,1,1,1,1,1,5,5,1
16962,0:1:1;0:1:1;0:2:1;1:1:1,1,0,0,0,0,1,0,0,0,0,0,0,5,24
16963,0:1:1;0:1:1;0:2:1;1:1:1,1,1,0,0,0,1,0,0,0,0,0,0,11,24
16964,0:1:1;0:1:1;0:2:1;1:1:1,1,2,1,1,1,0,1,1,1,1,1,5,5,2
16965,0:1:1;0:1:1;0:2:1;1:1:1,1,3,1,1,1,0,1,1,1,1,1,5,5,1
16966,0:1:1;0:1:1;0:2:1;1:1:1,1,4,1,1,1,0,1,1,1,1,1,5,5,1
16967,0:1:1;0:1:1;0:2:1;1:1:1,1,5,1,1,1,0,1,1,1,1,1,5,5,1
16968,0:1:1;0:1:1;0:2:1;1:1:1,2,0,0,0,0,1,0,0,0,0,0,0,5,24
16969,0:1:1;0:1:1;0:2:1;1:1:1,2,1,0,0,0,1,0,0,0,0,0,0,11,24
16970,0:1:1;0:1:1;0:2:1;1:1:1,2,2,1,1,1,0,1,1,1,1,1,5,5,2
16971,0:1:1;0:1:1;0:2:1;1:1:1,2,3,1,1,1,0,1,1,1,1,1,5,5,1
16972,0:1:1;0:1:1;0:2:1;1:1:1,2,4,1,1,1,0,1,1,1,1,1,5,5,1
16973,0:1:1;0:1:1;0:2:1;1:1:1,2,5,1,1,1,0,1,1,1,1,1,5,5,1
16974,0:1:1;0:1:1;0:2:1;1:1:1,3,0,0,0,0,1,0,0,0,0,0,0,5,24
16975,0:1:1;0:1:1;0:2:1;1:1:1,3,1,0,0,0,1,0,0,0,0,0,0,11,24
16976,0:1:1;0:1:1;0:2:1;1:1:1,3,2,1,1,1,0,1,1,1,1,1,5,5,2
16977,0:1:1;0:1:1;0:2:1;1:1:1,3,3,1,1,1,0,1,1,1,1,1,5,5,1
16978,0:1:1;0:1:1;0:2:1;1:1:1,3,4,1,1,1,0,1,1,1,1,1,5,5,1
16979,0:1:1;0:1:1;0:2:1;1:1:1,3,5,1,1,1,0,1,1,1,1,1,5,5,1
16980,0:1:1;0:1:1;0:2:1;1:1:1,4,0,0,0,0,1,0,0,0,0,0,0,5,24
16981,0:1:1;0:1:1;0:2:1;1:1:1,4,1,0,0,0,1,0,0,0,0,0,0,11,24
16982,0:1:1;0:1:1;0:2:1;1:1:1,4,2,1,1,1,0,1,1,1,1,1,5,5,2
16983,0:1:1;0:1:1;0:2:1;1:1:1,4,3,1,1,1,0,1,1,1,1,1,5,5,1
16984,0:1:1;0:1:1;0:2:1;1:1:1,4,4,1,1,1,0,1,1,1,1,1,5,5,1
16985,0:1:1;0:1:1;0:2:1;1:1:1,4,5,1,1,1,0,1,1,1,1,1,5,5,1
16986,0:1:1;0:1:1;0:2:1;1:1:1,5,0,0,0,0,1,0,0,0,0,0,0,5,24
16987,0:1:1;0:1:1;0:2:1;1:1:1,5,1,0,0,0,1,0,0,0,0,0,0,11,24
16988,0:1:1;0:1:1;0:2:1;1:1:1,5,2,1,1,1,0,1,1,1,1,1,5,5,2
16989,0:1:1;0:1:1;0:2:1;1:1:1,5,3,1,1,1,0,1,1,1,1,1,5,5,1
16990,0:1:1;0:1:1;0:2:1;1:1:1,5,4,1,1,1,0,1,1,1,1,1,5,5,1
16991,0:1:1;0:1:1;0:2:1;1:1:1,5,5,1,1,1,0,1,1,1,1,1,5,5,1
16992,0:1:1;0:1:1;0:2:1;1:2:1,0,0,0,0,0,1,0,0,0,0,0,0,1,24
16993,0:1:1;0:1:1;0:2:1;1:2:1,0,1,1,1,1,0,1,1,1,1,1,5,5,5
16994,0:1:1;0:1:1;0:2:1;1:2:1,0,2,1,1,1,0,1,1,1,1,1,5,5,2
16995,0:1:1;0:1:1;0:2:1;1:2:1,0,3,1,1,1,0,1,1,1,1,1,5,5,1
16996,0:1:1;0:1:1;0:2:1;1:2:1,0,4,1,1,1,0,1,1,1,1,1,5,5,1
16997,0:1:1;0:1:1;0:2:1;1:2:1,0,5,1,1,1,0,1,1,1,1,1,5,5,1
16998,0:1:1;0:1:1;0:2:1;1:2:1,1,0,0,0,0,1,0,0,0,0,0,0,8,24
16999,0:1:1;0:1:1;0:2:1;1:2:1,1,1,1,1,1,0,1,1,1,1,1,5,5,5
17000,0:1:1;0:1:1;0:2:1;1:2:1,1,2,1,1,1,0,1,1,1,1,1,5,5,2
17001,0:1:1;0:1:1;0:2:1;1:2:1,1,3,1,1,1,0,1,1,1,1,1,5,5,1
17002,0:1:1;0:1:1;0:2:1;1:2:1,1,4,1,1,1,0,1,1,1,1,1,5,5,1
17003,0:1:1;0:1:1;0:2:1;1:2:1,1,5,1,1,1,0,1,1,1,1,1,5,5,1
17004,0:1:1;0:1:1;0:2:1;1:2:1,2,0,0,0,0,1,0,0,0,0,0,0,8,24
17005,0:1:1;0:1:1;0:2:1;1:2:1,2,1,1,1,1,0,1,1,1,1,1,5,5,5
17006,0:1:1;0:1:1;0:2:1;1:2:1,2,2,1,1,1,0,1,1,1,1,1,5,5,2
17007,0:1:1;0:1:1;0:2:1;1:2:1,2,3,1,1,1,0,1,1,1,1,1,5,5,1
17008,0:1:1;0:1:1;0:2:1;1:2:1,2,4,1,1,1,0,1,1,1,1,1,5,5,1
17009,0:1:1;0:1:1;0:2:1;1:2:1,2,5,1,1,1,0,1,1,1,1,1,5,5,1
17010,0:1:1;0:1:1;0:2:1;1:2:1,3,0,0,0,0,1,0,0,0,0,0,0,8,24
17011,0:1:1;0:1:1;0:2:1;1:2:1,3,1,1,1,1,0,1,1,1,1,1,5,5,5
17012,0:1:1;0:1:1;0:2:1;1:2:1,3,2,1,1,1,0,1,1,1,1,1,5,5,2
17013,0:1:1;0:1:1;0:2:1;1:2:1,3,3,1,1,1,0,1,1,1,1,1,5,5,1
17014,0:1:1;0:1:1;0:2:1;1:2:1,3,4,1,1,1,0,1,1,1,1,1,5,5,1
17015,0:1:1;0:1:1;0:2:1;1:2:1,3,5,1,1,1,0,1,1,1,1,1,5,5,1
17016,0:1:1;0:1:1;0:2:1;1:2:1,4,0,0,0,0,1,0,0,0,0,0,0,8,24
17017,0:1:1;0:1:1;0:2:1;1:2:1,4,1,1,1,1,0,1,1,1,1,1,5,5,5
17018,0:1:1;0:1:1;0:2:1;1:2:1,4,2,1,1,1,0,1,1,1,1,1,5,5,2
17019,0:1:1;0:1:1;0:2:1;1:2:1,4,3,1,1,1,0,1,1,1,1,1,5,5,1
17020,0:1:1;0:1:1;0:2:1;1:2:1,4,4,1,1,1,0,1,1,1,1,1,5,5,1
17021,0:1:1;0:1:1;0:2:1;1:2:1,4,5,1,1,1,0,1,1,1,1,1,5,5,1
17022,0:1:1;0:1:1;0:2:1;1:2:1,5,0,0,0,0,1,0,0,0,0,0,0,8,24
17023,0:1:1;0:1:1;0:2:1;1:2:1,5,1,1,1,1,0,1,1,1,1,1,5,5,5
17024,0:1:1;0:1:1;0:2:1;1:2:1,5,2,1,1,1,0,1,1,1,1,1,5,5,2
17025,0:1:1;0:1:1;0:2:1;1:2:1,5,3,1,1,1,0,1,1,1,1,1,5,5,1
17026,0:1:1;0:1:1;0:2:1;1:2:1,5,4,1,1,1,0,1,1,1,1,1,5,5,1
17027,0:1:1;0:1:1;0:2:1;1:2:1,5,5,1,1,1,0,1,1,1,1,1,5,5,1
17028,0:1:1;0:1:1;0:2:1;1:2:2,0,0,0,0,0,1,0,0,0,0,0,0,1,24
17029,0:1:1;0:1:1;0:2:1;1:2:2,0,1,1,1,0,1,0,0,0,1,1,7,10,17
17030,0:1:1;0:1:1;0:2:1;1:2:2,0,2,1,1,1,0,1,1,1,1,1,5,6,2
17031,0:1:1;0:1:1;0:2:1;1:2:2,0,3,1,1,1,0,1,1,1,1,1,5,6,1
17032,0:1:1;0:1:1;0:2:1;1:2:2,0,4,1,1,1,0,1,1,1,1,1,5,6,1
17033,0:1:1;0:1:1;0:2:1;1:2:2,0,5,1,1,1,0,1,1,1,1,1,5,6,1
17034,0:1:1;0:1:1;0:2:1;1:2:2,1,0,0,0,0,1,0,0,0,0,0,0,2,24
17035,0:1:1;0:1:1;0:2:1;1:2:2,1,1,1,1,1,0,1,1,1,1,1,5,6,5
17036,0:1:1;0:1:1;0:2:1;1:2:2,1,2,1,1,1,0,1,1,1,1,1,5,6,2
17037,0:1:1;0:1:1;0:2:1;1:2:2,1,3,1,1,1,0,1,1,1,1,1,5,6,1
17038,0:1:1;0:1:1;0:2:1;1:2:2,1,4,1,1,1,0,1,1,1,1,1,5,6,1
17039,0:1:1;0:1:1;0:2:1;1:2:2,1,5,1,1,1,0,1,1,1,1,1,5,6,1
17040,0:1:1;0:1:1;0:2:1;1:2:2,2,0,0,0,0,1,0,0,0,0,0,0,9,24
17041,0:1:1;0:1:1;0:2:1;1:2:2,2,1,1,1,1,0,1,1,1,1,1,5,6,5
17042,0:1:1;0:1:1;0:2:1;1:2:2,2,2,1,1,1,0,1,1,1,1,1,5,6,2
17043,0:1:1;0:1:1;0:2:1;1:2:2,2,3,1,1,1,0,1,1,1,1,1,5,6,1
17044,0:1:1;0:1:1;0:2:1;1:2:2,2,4,1,1,1,0,1,1,1,1,1,5,6,1
17045,0:1:1;0:1:1;0:2:1;1:2:2,2,5,1,1,1,0,1,1,1,1,1,5,6,1
17046,0:1:1;0:1:1;0:2:1;1:2:2,3,0,0,0,0,1,0,0,0,0,0,0,9,24
17047,0:1:1;0:1:1;0:2:1;1:2:2,3,1,1,1,1,0,1,1,1,1,1,5,6,5
17048,0:1:1;0:1:1;0:2:1;1:2:2,3,2,1,1,1,0,1,1,1,1,1,5,6,2
17049,0:1:1;0:1:1;0:2:1;1:2:2,3,3,1,1,1,0,1,1,1,1,1,5,6,1
17050,0:1:1;0:1:1;0:2:1;1:2:2,3,4,1,1,1,0,1,1,1,1,1,5,6,1
17051,0:1:1;0:1:1;0:2:1;1:2:2,3,5,1,1,1,0,1,1,1,1,1,5,6,1
17052,0:1:1;0:1:1;0:2:1;1:2:2,4,0,0,0,0,1,0,0,0,0,0,0,9,24
17053,0:1:1;0:1:1;0:2:1;1:2:2,4,1,1,1,1,0,1,1,1,1,1,5,6,5
17054,0:1:1;0:1:1;0:2:1;1:2:2,4,2,1,1,1,0,1,1,1,1,1,5,6,2
17055,0:1:1;0:1:1;0:2:1;1:2:2,4,3,1,1,1,0,1,1,1,1,1,5,6,1
17056,0:1:1;0:1:1;0:2:1;1:2:2,4,4,1,1,1,0,1,1,1,1,1,5,6,1
17057,0:1:1;0:1:1;0:2:1;1:2:2,4,5,1,1,1,0,1,1,1,1,1,5,6,1
17058,0:1:1;0:1:1;0:2:1;1:2:2,5,0,0,0,0,1,0,0,0,0,0,0,9,24
17059,0:1:1;0:1:1;0:2:1;1:2:2,5,1,1,1,1,0,1,1,1,1,1,5,6,5
17060,0:1:1;0:1:1;0:2:1;1:2:2,5,2,1,1,1,0,1,1,1,1,1,5,6,2
17061,0:1:1;0:1:1;0:2:1;1:2:2,5,3,1,1,1,0,1,1,1,1,1,5,6,1
17062,0:1:1;0:1:1;0:2:1;1:2:2,5,4,1,1,1,0,1,1,1,1,1,5,6,1
17063,0:1:1;0:1:1;0:2:1;1:2:2,5,5,1,1,1,0,1,1,1,1,1,5,6,1
17064,0:1:1;0:1:1;0:2:1;1:3:2,0,0,1,0,0,1,0,0,0,0,0,1,1,24
17065,0:1:1;0:1:1;0:2:1;1:3:2,0,1,1,1,0,1,0,0,0,1,1,7,10,17
17066,0:1:1;0:1:1;0:2:1;1:3:2,0,2,1,1,1,0,1,1,1,1,1,5,6,2
17067,0:1:1;0:1:1;0:2:1;1:3:2,0,3,1,1,1,0,1,1,1,1,1,5,6,1
17068,0:1:1;0:1:1;0:2:1;1:3:2,0,4,1,1,1,0,1,1,1,1,1,5,6,1
17069,0:1:1;0:1:1;0:2:1;1:3:2,0,5,1,1,1,0,1,1,1,1,1,5,6,1
17070,0:1:1;0:1:1;0:2:1;1:3:2,1,0,1,0,0,1,0,0,0,0,0,1,2,24
17071,0:1:1;0:1:1;0:2:1;1:3:2,1,1,1,1,1,0,1,1,1,1,1,5,6,5
17072,0:1:1;0:1:1;0:2:1;1:3:2,1,2,1,1,1,0,1,1,1,1,1,5,6,2
17073,0:1:1;0:1:1;0:2:1;1:3:2,1,3,1,1,1,0,1,1,1,1,1,5,6,1
17074,0:1:1;0:1:1;0:2:1;1:3:2,1,4,1,1,1,0,1,1,1,1,1,5,6,1
17075,0:1:1;0:1:1;0:2:1;1:3:2,1,5,1,1,1,0,1,1,1,1,1,5,6,1
17076,0:1:1;0:1:1;0:2:1;1:3:2,2,0,1,1,1,0,1,1,1,1,1,5,6,19
17077,0:1:1;0:1:1;0:2:1;1:3:2,2,1,1,1,1,0,1,1,1,1,1,5,6,5
17078,0:1:1;0:1:1;0:2:1;1:3:2,2,2,1,1,1,0,1,1,1,1,1,5,6,2
17079,0:1:1;0:1:1;0:2:1;1:3:2,2,3,1,1,1,0,1,1,1,1,1,5,6,1
17080,0:1:1;0:1:1;0:2:1;1:3:2,2,4,1,1,1,0,1,1,1,1,1,5,6,1
17081,0:1:1;0:1:1;0:2:1;1:3:2,2,5,1,1,1,0,1,1,1,1,1,5,6,1
17082,0:1:1;0:1:1;0:2:1;1:3:2,3,0,1,1,1,0,1,1,1,1,1,5,6,19
17083,0:1:1;0:1:1;0:2:1;1:3:2,3,1,1,1,1,0,1,1,1,1,1,5,6,5
17084,0:1:1;0:1:1;0:2:1;1:3:2,3,2,1,1,1,0,1,1,1,1,1,5,6,2
17085,0:1:1;0:1:1;0:2:1;1:3:2,3,3,1,1,1,0,1,1,1,1,1,5,6,1
17086,0:1:1;0:1:1;0:2:1;1:3:2,3,4,1,1,1,0,1,1,1,1,1,5,6,1
17087,0:1:1;0:1:1;0:2:1;1:3:2,3,5,1,1,1,0,1,1,1,1,1,5,6,1
17088,0:1:1;0:1:1;0:2:1;1:3:2,4,0,1,1,1,0,1,1,1,1,1,5,6,19
17089,0:1:1;0:1:1;0:2:1;1:3:2,4,1,1,1,1,0,1,1,1,1,1,5,6,5
17090,0:1:1;0:1:1;0:2:1;1:3:2,4,2,1,1,1,0,1,1,1,1,1,5,6,2
17091,0:1:1;0:1:1;0:2:1;1:3:2,4,3,1,1,1,0,1,1,1,1,1,5,6,1
17092,0:1:1;0:1:1;0:2:1;1:3:2,4,4,1,1,1,0,1,1,1,1,1,5,6,1
17093,0:1:1;0:1:1;0:2:1;1:3:2,4,5,1,1,1,0,1,1,1,1,1,5,6,1
17094,0:1:1;0:1:1;0:2:1;1:3:2,5,0,1,1,1,0,1,1,1,1,1,5,6,19
17095,0:1:1;0:1:1;0:2:1;1:3:2,5,1,1,1,1,0,1,1,1,1,1,5,6,5
17096,0:1:1;0:1:1;0:2:1;1:3:2,5,2,1,1,1,0,1,1,1,1,1,5,6,2
17097,0:1:1;0:1:1;0:2:1;1:3:2,5,3,1,1,1,0,1,1,1,1,1,5,6,1
17098,0:1:1;0:1:1;0:2:1;1:3:2,5,4,1,1,1,0,1,1,1,1,1,5,6,1
17099,0:1:1;0:1:1;0:2:1;1:3:2,5,5,1,1,1,0,1,1,1,1,1,5,6,1
17100,0:1:1;0:1:1;0:2:1;1:3:3,0,0,1,0,0,1,0,0,0,0,0,1,1,24
17101,0:1:1;0:1:1;0:2:1;1:3:3,0,1,1,0,0,1,0,0,0,0,0,4,8,24
17102,0:1:1;0:1:1;0:2:1;1:3:3,0,2,1,1,0,1,0,0,0,1,1,6,10,4
17103,0:1:1;0:1:1;0:2:1;1:3:3,0,3,1,1,1,0,1,1,1,1,1,5,7,1
17104,0:1:1;0:1:1;0:2:1;1:3:3,0,4,1,1,1,0,1,1,1,1,1,5,7,1
17105,0:1:1;0:1:1;0:2:1;1:3:3,0,5,1,1,1,0,1,1,1,1,1,5,7,1
17106,0:1:1;0:1:1;0:2:1;1:3:3,1,0,1,0,0,1,0,0,0,0,0,1,2,24
17107,0:1:1;0:1:1;0:2:1;1:3:3,1,1,1,1,0,1,0,0,0,1,1,7,13,17
17108,0:1:1;0:1:1;0:2:1;1:3:3,1,2,1,1,1,0,1,1,1,1,1,5,7,2
17109,0:1:1;0:1:1;0:2:1;1:3:3,1,3,1,1,1,0,1,1,1,1,1,5,7,1
17110,0:1:1;0:1:1;0:2:1;1:3:3,1,4,1,1,1,0,1,1,1,1,1,5,7,1
17111,0:1:1;0:1:1;0:2:1;1:3:3,1,5,1,1,1,0,1,1,1,1,1,5,7,1
17112,0:1:1;0:1:1;0:2:1;1:3:3,2,0,1,0,0,1,0,0,0,0,0,1,3,24
17113,0:1:1;0:1:1;0:2:1;1:3:3,2,1,1,1,1,0,1,1,1,1,1,5,7,5
17114,0:1:1;0:1:1;0:2:1;1:3:3,2,2,1,1,1,0,1,1,1,1,1,5,7,2
17115,0:1:1;0:1:1;0:2:1;1:3:3,2,3,1,1,1,0,1,1,1,1,1,5,7,1
17116,0:1:1;0:1:1;0:2:1;1:3:3,2,4,1,1,1,0,1,1,1,1,1,5,7,1
17117,0:1:1;0:1:1;0:2:1;1:3:3,2,5,1,1,1,0,1,1,1,1,1,5,7,1
17118,0:1:1;0:1:1;0:2:1;1:3:3,3,0,1,1,1,0,1,1,1,1,1,5,7,19
17119,0:1:1;0:1:1;0:2:1;1:3:3,3,1,1,1,1,0,1,1,1,1,1,5,7,5
17120,0:1:1;0:1:1;0:2:1;1:3:3,3,2,1,1,1,0,1,1,1,1,1,5,7,2
17121,0:1:1;0:1:1;0:2:1;1:3:3,3,3,1,1,1,0,1,1,1,1,1,5,7,1
17122,0:1:1;0:1:1;0:2:1;1:3:3,3,4,1,1,1,0,1,1,1,1,1,5,7,1
17123,0:1:1;0:1:1;0:2:1;1:3:3,3,5,1,1,1,0,1,1,1,1,1,5,7,1
17124,0:1:1;0:1:1;0:2:1;1:3:3,4,0,1,1,1,0,1,1,1,1,1,5,7,19
17125,0:1:1;0:1:1;0:2:1;1:3:3,4,1,1,1,1,0,1,1,1,1,1,5,7,5
17126,0:1:1;0:1:1;0:2:1;1:3:3,4,2,1,1,1,0,1,1,1,1,1,5,7,2
17127,0:1:1;0:1:1;0:2:1;1:3:3,4,3,1,1,1,0,1,1,1,1,1,5,7,1
17128,0:1:1;0:1:1;0:2:1;1:3:3,4,4,1,1,1,0,1,1,1,1,1,5,7,1
17129,0:1:1;0:1:1;0:2:1;1:3:3,4,5,1,1,1,0,1,1,1,1,1,5,7,1
17130,0:1:1;0:1:1;0:2:1;1:3:3,5,0,1,1,1,0,1,1,1,1,1,5,7,19
17131,0:1:1;0:1:1;0:2:1;1:3:3,5,1,1,1,1,0,1,1,1,1,1,5,7,5
17132,0:1:1;0:1:1;0:2:1;1:3:3,5,2,1,1,1,0,1,1,1,1,1,5,7,2
17133,0:1:1;0:1:1;0:2:1;1:3:3,5,3,1,1,1,0,1,1,1,1,1,5,7,1
17134,0:1:1;0:1:1;0:2:1;1:3:3,5,4,1,1,1,0,1,1,1,1,1,5,7,1
17135,0:1:1;0:1:1;0:2:1;1:3:3,5,5,1,1,1,0,1,1,1,1,1,5,7,1
17136,0:1:1;0:1:1;0:2:1;1:4:3,0,0,1,0,0,1,0,0,0,0,0,1,1,24
17137,0:1:1;0:1:1;0:2:1;1:4:3,0,1,1,0,0,1,0,0,0,0,0,4,8,24
17138,0:1:1;0:1:1;0:2:1;1:4:3,0,2,1,1,0,1,0,0,0,1,1,6,10,4
17139,0:1:1;0:1:1;0:2:1;1:4:3,0,3,1,1,1,0,1,1,1,1,1,5,7,1
17140,0:1:1;0:1:1;0:2:1;1:4:3,0,4,1,1,1,0,1,1,1,1,1,5,7,1
17141,0:1:1;0:1:1;0:2:1;1:4:3,0,5,1,1,1,0,1,1,1,1,1,5,7,1
17142,0:1:1;0:1:1;0:2:1;1:4:3,1,0,1,0,0,1,0,0,0,0,0,1,2,24
17143,0:1:1;0:1:1;0:2:1;1:4:3,1,1,1,1,0,1,0,0,0,1,1,7,13,17
17144,0:1:1;0:1:1;0:2:1;1:4:3,1,2,1,1,1,0,1,1,1,1,1,5,7,2
17145,0:1:1;0:1:1;0:2:1;1:4:3,1,3,1,1,1,0,1,1,1,1,1,5,7,1
17146,0:1:1;0:1:1;0:2:1;1:4:3,1,4,1,1,1,0,1,1,1,1,1,5,7,1
17147,0:1:1;0:1:1;0:2:1;1:4:3,1,5,1,1,1,0,1,1,1,1,1,5,7,1
17148,0:1:1;0:1:1;0:2:1;1:4:3,2,0,1,0,0,1,0,0,0,0,0,1,3,24
17149,0:1:1;0:1:1;0:2:1;1:4:3,2,1,1,1,1,0,1,1,1,1,1,5,7,5
17150,0:1:1;0:1:1;0:2:1;1:4:3,2,2,1,1,1,0,1,1,1,1,1,5,7,2
17151,0:1:1;0:1:1;0:2:1;1:4:3,2,3,1,1,1,0,1,1,1,1,1,5,7,1
17152,0:1:1;0:1:1;0:2:1;1:4:3,2,4,1,1,1,0,1,1,1,1,1,5,7,1
17153,0:1:1;0:1:1;0:2:1;1:4:3,2,5,1,1,1,0,1,1,1,1,1,5,7,1
17154,0:1:1;0:1:1;0:2:1;1:4:3,3,0,1,1,1,0,1,1,1,1,1,5,7,19
17155,0:1:1;0:1:1;0:2:1;1:4:3,3,1,1,1,1,0,1,1,1,1,1,5,7,5
17156,0:1:1;0:1:1;0:2:1;1:4:3,3,2,1,1,1,0,1,1,1,1,1,5,7,2
17157,0:1:1;0:1:1;0:2:1;1:4:3,3,3,1,1,1,0,1,1,1,1,1,5,7,1
17158,0:1:1;0:1:1;0:2:1;1:4:3,3,4,1,1,1,0,1,1,1,1,1,5,7,1
17159,0:1:1;0:1:1;0:2:1;1:4:3,3,5,1,1,1,0,1,1,1,1,1,5,7,1
17160,0:1:1;0:1:1;0:2:1;1:4:3,4,0,1,1,1,0,1,1,1,1,1,5,7,19
17161,0:1:1;0:1:1;0:2:1;1:4:3,4,1,1,1,1,0,1,1,1,1,1,5,7,5
17162,0:1:1;0:1:1;0:2:1;1:4:3,4,2,1,1,1,0,1,1,1,1,1,5,7,2
17163,0:1:1;0:1:1;0:2:1;1:4:3,4,3,1,1,1,0,1,1,1,1,1,5,7,1
17164,0:1:1;0:1:1;0:2:1;1:4:3,4,4,1,1,1,0,1,1,1,1,1,5,7,1
17165,0:1:1;0:1:1;0:2:1;1:4:3,4,5,1,1,1,0,1,1,1,1,1,5,7,1
17166,0:1:1;0:1:1;0:2:1;1:4:3,5,0,1,1,1,0,1,1,1,1,1,5,7,19
17167,0:1:1;0:1:1;0:2:1;1:4:3,5,1,1,1,1,0,1,1,1,1,1,5,7,5
17168,0:1:1;0:1:1;0:2:1;1:4:3,5,2,1,1,1,0,1,1,1,1,1,5,7,2
17169,0:1:1;0:1:1;0:2:1;1:4:3,5,3,1,1,1,0,1,1,1,1,1,5,7,1
17170,0:1:1;0:1:1;0:2:1;1:4:3,5,4,1,1,1,0,1,1,1,1,1,5,7,1
17171,0:1:1;0:1:1;0:2:1;1:4:3,5,5,1,1,1,0,1,1,1,1,1,5,7,1
17172,0:1:1;0:1:1;0:2:2;0:2:2,0,0,0,0,0,1,0,0,0,0,0,0,1,24
17173,0:1:1;0:1:1;0:2:2;0:2:2,0,1,0,0,0,1,0,0,0,0,0,0,5,24
17174,0:1:1;0:1:1;0:2:2;0:2:2,0,2,0,0,0,1,0,0,0,0,0,0,13,24
17175,0:1:1;0:1:1;0:2:2;0:2:2,0,3,0,0,0,1,0,0,0,0,0,0,23,24
17176,0:1:1;0:1:1;0:2:2;0:2:2,0,4,0,0,0,1,0,0,0,0,0,0,31,24
17177,0:1:1;0:1:1;0:2:2;0:2:2,0,5,0,0,0,1,0,0,0,0,0,0,35,24
17178,0:1:1;0:1:1;0:2:2;0:2:2,1,0,0,0,0,1,0,0,0,0,0,0,1,24
17179,0:1:1;0:1:1;0:2:2;0:2:2,1,1,0,0,0,1,0,0,0,0,0,0,5,24
17180,0:1:1;0:1:1;0:2:2;0:2:2,1,2,0,0,0,1,0,0,0,0,0,0,13,24
17181,0:1:1;0:1:1;0:2:2;0:2:2,1,3,0,0,0,1,0,0,0,0,0,0,23,24
17182,0:1:1;0:1:1;0:2:2;0:2:2,1,4,0,0,0,1,0,0,0,0,0,0,31,24
17183,0:1:1;0:1:1;0:2:2;0:2:2,1,5,0,0,0,1,0,0,0,0,0,0,35,24
17184,0:1:1;0:1:1;0:2:2;0:2:2,2,0,0,0,0,1,0,0,0,0,0,0,1,24
17185,0:1:1;0:1:1;0:2:2;0:2:2,2,1,0,0,0,1,0,0,0,0,0,0,5,24
17186,0:1:1;0:1:1;0:2:2;0:2:2,2,2,0,0,0,1,0,0,0,0,0,0,13,24
17187,0:1:1;0:1:1;0:2:2;0:2:2,2,3,0,0,0,1,0,0,0,0,0,0,23,24
17188,0:1:1;0:1:1;0:2:2;0:2:2,2,4,0,0,0,1,0,0,0,0,0,0,31,24
17189,0:1:1;0:1:1;0:2:2;0:2:2,2,5,0,0,0,1,0,0,0,0,0,0,35,24
17190,0:1:1;0:1:1;0:2:2;0:2:2,3,0,0,0,0,1,0,0,0,0,0,0,1,24
17191,0:1:1;0:1:1;0:2:2;0:2:2,3,1,0,0,0,1,0,0,0,0,0,0,5,24
17192,0:1:1;0:1:1;0:2:2;0:2:2,3,2,0,0,0,1,0,0,0,0,0,0,13,24
17193,0:1:1;0:1:1;0:2:2;0:2:2,3,3,0,0,0,1,0,0,0,0,0,0,23,24
17194,0:1:1;0:1:1;0:2:2;0:2:2,3,4,0,0,0,1,0,0,0,0,0,0,31,24
17195,0:1:1;0:1:1;0:2:2;0:2:2,3,5,0,0,0,1,0,0,0,0,0,0,35,24
17196,0:1:1;0:1:1;0:2:2;0:2:2,4,0,0,0,0,1,0,0,0,0,0,0,1,24
17197,0:1:1;0:1:1;0:2:2;0:2:2,4,1,0,0,0,1,0,0,0,0,0,0,5,24
17198,0:1:1;0:1:1;0:2:2;0:2:2,4,2,0,0,0,1,0,0,0,0,0,0,13,24
17199,0:1:1;0:1:1;0:2:2;0:2:2,4,3,0,0,0,1,0,0,0,0,0,0,23,24
17200,0:1:1;0:1:1;0:2:2;0:2:2,4,4,0,0,0,1,0,0,0,0,0,0,31,24
17201,0:1:1;0:1:1;0:2:2;0:2:2,4,5,0,0,0,1,0,0,0,0,0,0,35,24
17202,0:1:1;0:1:1;0:2:2;0:2:2,5,0,0,0,0,1,0,0,0,0,0,0,1,24
17203,0:1:1;0:1:1;0:2:2;0:2:2,5,1,0,0,0,1,0,0,0,0,0,0,5,24
17204,0:1:1;0:1:1;0:2:2;0:2:2,5,2,0,0,0,1,0,0,0,0,0,0,13,24
17205,0:1:1;0:1:1;0:2:2;0:2:2,5,3,0,0,0,1,0,0,0,0,0,0,23,24
17206,0:1:1;0:1:1;0:2:2;0:2:2,5,4,0,0,0,1,0,0,0,0,0,0,31,24
17207,0:1:1;0:1:1;0:2:2;0:2:2,5,5,0,0,0,1,0,0,0,0,0,0,35,24
17208,0:1:1;0:1:1;0:2:2;0:3:2,0,0,0,0,0,1,0,0,0,0,0,0,1,24
17209,0:1:1;0:1:1;0:2:2;0:3:2,0,1,0,0,0,1,0,0,0,0,0,0,5,24
17210,0:1:1;0:1:1;0:2:2;0:3:2,0,2,0,0,0,1,0,0,0,0,0,0,13,24
17211,0:1:1;0:1:1;0:2:2;0:3:2,0,3,0,0,0,1,0,0,0,0,0,0,23,24
17212,0:1:1;0:1:1;0:2:2;0:3:2,0,4,0,0,0,1,0,0,0,0,0,0,31,24
17213,0:1:1;0:1:1;0:2:2;0:3:2,0,5,0,0,0,1,0,0,0,0,0,0,35,24
17214,0:1:1;0:1:1;0:2:2;0:3:2,1,0,0,0,0,1,0,0,0,0,0,0,1,24
17215,0:1:1;0:1:1;0:2:2;0:3:2,1,1,0,0,0,1,0,0,0,0,0,0,5,24
17216,0:1:1;0:1:1;0:2:2;0:3:2,1,2,0,0,0,1,0,0,0,0,0,0,13,24
17217,0:1:1;0:1:1;0:2:2;0:3:2,1,3,0,0,0,1,0,0,0,0,0,0,23,24
17218,0:1:1;0:1:1;0:2:2;0:3:2,1,4,0,0,0,1,0,0,0,0,0,0,31,24
17219,0:1:1;0:1:1;0:2:2;0:3:2,1,5,0,0,0,1,0,0,0,0,0,0,35,24
17220,0:1:1;0:1:1;0:2:2;0:3:2,2,0,0,0,0,1,0,0,0,0,0,0,1,24
17221,0:1:1;0:1:1;0:2:2;0:3:2,2,1,0,0,0,1,0,0,0,0,0,0,5,24
17222,0:1:1;0:1:1;0:2:2;0:3:2,2,2,0,0,0,1,0,0,0,0,0,0,13,24
17223,0:1:1;0:1:1;0:2:2;0:3:2,2,3,0,0,0,1,0,0,0,0,0,0,23,24
17224,0:1:1;0:1:1;0:2:2;0:3:2,2,4,0,0,0,1,0,0,0,0,0,0,31,24
17225,0:1:1;0:1:1;0:2:2;0:3:2,2,5,0,0,0,1,0,0,0,0,0,0,35,24
17226,0:1:1;0:1:1;0:2:2;0:3:2,3,0,0,0,0,1,0,0,0,0,0,0,1,24
17227,0:1:1;0:1:1;0:2:2;0:3:2,3,1,0,0,0,1,0,0,0,0,0,0,5,24
17228,0:1:1;0:1:1;0:2:2;0:3:2,3,2,0,0,0,1,0,0,0,0,0,0,13,24
17229,0:1:1;0:1:1;0:2:2;0:3:2,3,3,0,0,0,1,0,0,0,0,0,0,23,24
17230,0:1:1;0:1:1;0:2:2;0:3:2,3,4,0,0,0,1,0,0,0,0,0,0,31,24
17231,0:1:1;0:1:1;0:2:2;0:3:2,3,5,0,0,0,1,0,0,0,0,0,0,35,24
17232,0:1:1;0:1:1;0:2:2;0:3:2,4,0,0,0,0,1,0,0,0,0,0,0,1,24
17233,0:1:1;0:1:1;0:2:2;0:3:2,4,1,0,0,0,1,0,0,0,0,0,0,5,24
17234,0:1:1;0:1:1;0:2:2;0:3:2,4,2,0,0,0,1,0,0,0,0,0,0,13,24
17235,0:1:1;0:1:1;0:2:2;0:3:2,4,3,0,0,0,1,0,0,0,0,0,0,23,24
17236,0:1:1;0:1:1;0:2:2;0:3:2,4,4,0,0,0,1,0,0,0,0,0,0,31,24
17237,0:1:1;0:1:1;0:2:2;0:3:2,4,5,0,0,0,1,0,0,0,0,0,0,35,24
17238,0:1:1;0:1:1;0:2:2;0:3:2,5,0,0,0,0,1,0,0,0,0,0,0,1,24
17239,0:1:1;0:1:1;0:2:2;0:3:2,5,1,0,0,0,1,0,0,0,0,0,0,5,24
17240,0:1:1;0:1:1;0:2:2;0:3:2,5,2,0,0,0,1,0,0,0,0,0,0,13,24
17241,0:1:1;0:1:1;0:2:2;0:3:2,5,3,0,0,0,1,0,0,0,0,0,0,23,24
17242,0:1:1;0:1:1;0:2:2;0:3:2,5,4,0,0,0,1,0,0,0,0,0,0,31,24
17243,0:1:1;0:1:1;0:2:2;0:3:2,5,5,0,0,0,1,0,0,0,0,0,0,35,24
17244,0:1:1;0:1:1;0:2:2;0:3:3,0,0,0,0,0,1,0,0,0,0,0,0,1,24
17245,0:1:1;0:1:1;0:2:2;0:3:3,0,1,0,0,0,1,0,0,0,0,0,0,5,24
17246,0:1:1;0:1:1;0:2:2;0:3:3,0,2,0,0,0,1,0,0,0,0,0,0,13,24
17247,0:1:1;0:1:1;0:2:2;0:3:3,0,3,0,0,0,1,0,0,0,0,0,0,24,24
17248,0:1:1;0:1:1;0:2:2;0:3:3,0,4,0,0,0,1,0,0,0,0,0,0,35,24
17249,0:1:1;0:1:1;0:2:2;0:3:3,0,5,0,0,0,1,0,0,0,0,0,0,43,24
17250,0:1:1;0:1:1;0:2:2;0:3:3,1,0,0,0,0,1,0,0,0,0,0,0,1,24
17251,0:1:1;0:1:1;0:2:2;0:3:3,1,1,0,0,0,1,0,0,0,0,0,0,5,24
17252,0:1:1;0:1:1;0:2:2;0:3:3,1,2,0,0,0,1,0,0,0,0,0,0,13,24
17253,0:1:1;0:1:1;0:2:2;0:3:3,1,3,0,0,0,1,0,0,0,0,0,0,24,24
17254,0:1:1;0:1:1;0:2:2;0:3:3,1,4,0,0,0,1,0,0,0,0,0,0,35,24
17255,0:1:1;0:1:1;0:2:2;0:3:3,1,5,0,0,0,1,0,0,0,0,0,0,43,24
17256,0:1:1;0:1:1;0:2:2;0:3:3,2,0,0,0,0,1,0,0,0,0,0,0,1,24
17257,0:1:1;0:1:1;0:2:2;0:3:3,2,1,0,0,0,1,0,0,0,0,0,0,5,24
17258,0:1:1;0:1:1;0:2:2;0:3:3,2,2,0,0,0,1,0,0,0,0,0,0,13,24
17259,0:1:1;0:1:1;0:2:2;0:3:3,2,3,0,0,0,1,0,0,0,0,0,0,24,24
17260,0:1:1;0:1:1;0:2:2;0:3:3,2,4,0,0,0,1,0,0,0,0,0,0,35,24
17261,0:1:1;0:1:1;0:2:2;0:3:3,2,5,0,0,0,1,0,0,0,0,0,0,43,24
17262,0:1:1;0:1:1;0:2:2;0:3:3,3,0,0,0,0,1,0,0,0,0,0,0,1,24
17263,0:1:1;0:1:1;0:2:2;0:3:3,3,1,0,0,0,1,0,0,0,0,0,0,5,24
17264,0:1:1;0:1:1;0:2:2;0:3:3,3,2,0,0,0,1,0,0,0,0,0,0,13,24
17265,0:1:1;0:1:1;0:2:2;0:3:3,3,3,0,0,0,1,0,0,0,0,0,0,24,24
17266,0:1:1;0:1:1;0:2:2;0:3:3,3,4,0,0,0,1,0,0,0,0,0,0,35,24
17267,0:1:1;0:1:1;0:2:2;0:3:3,3,5,0,0,0,1,0,0,0,0,0,0,43,24
17268,0:1:1;0:1:1;0:2:2;0:3:3,4,0,0,0,0,1,0,0,0,0,0,0,1,24
17269,0:1:1;0:1:1;0:2:2;0:3:3,4,1,0,0,0,1,0,0,0,0,0,0,5,24
17270,0:1:1;0:1:1;0:2:2;0:3:3,4,2,0,0,0,1,0,0,0,0,0,0,13,24
17271,0:1:1;0:1:1;0:2:2;0:3:3,4,3,0,0,0,1,0,0,0,0,0,0,24,24
17272,0:1:1;0:1:1;0:2:2;0:3:3,4,4,0,0,0,1,0,0,0,0,0,0,35,24
17273,0:1:1;0:1:1;0:2:2;0:3:3,4,5,0,0,0,1,0,0,0,0,0,0,43,24
17274,0:1:1;0:1:1;0:2:2;0:3:3,5,0,0,0,0,1,0,0,0,0,0,0,1,24
17275,0:1:1;0:1:1;0:2:2;0:3:3,5,1,0,0,0,1,0,0,0,0,0,0,5,24
17276,0:1:1;0:1:1;0:2:2;0:3:3,5,2,0,0,0,1,0,0,0,0,0,0,13,24
17277,0:1:1;0:1:1;0:2:2;0:3:3,5,3,0,0,0,1,0,0,0,0,0,0,24,24
17278,0:1:1;0:1:1;0:2:2;0:3:3,5,4,0,0,0,1,0,0,0,0,0,0,35,24
17279,0:1:1;0:1:1;0:2:2;0:3:3,5,5,0,0,0,1,0,0,0,0,0,0,43,24
17280,0:1:1;0:1:1;0:2:2;0:4:3,0,0,0,0,0,1,0,0,0,0,0,0,1,24
17281,0:1:1;0:1:1;0:2:2;0:4:3,0,1,0,0,0,1,0,0,0,0,0,0,5,24
17282,0:1:1;0:1:1;0:2:2;0:4:3,0,2,0,0,0,1,0,0,0,0,0,0,13,24
17283,0:1:1;0:1:1;0:2:2;0:4:3,0,3,0,0,0,1,0,0,0,0,0,0,24,24
17284,0:1:1;0:1:1;0:2:2;0:4:3,0,4,0,0,0,1,0,0,0,0,0,0,35,24
17285,0:1:1;0:1:1;0:2:2;0:4:3,0,5,0,0,0,1,0,0,0,0,0,0,43,24
17286,0:1:1;0:1:1;0:2:2;0:4:3,1,0,0,0,0,1,0,0,0,0,0,0,1,24
17287,0:1:1;0:1:1;0:2:2;0:4:3,1,1,0,0,0,1,0,0,0,0,0,0,5,24
17288,0:1:1;0:1:1;0:2:2;0:4:3,1,2,0,0,0,1,0,0,0,0,0,0,13,24
17289,0:1:1;0:1:1;0:2:2;0:4:3,1,3,0,0,0,1,0,0,0,0,0,0,24,24
17290,0:1:1;0:1:1;0:2:2;0:4:3,1,4,0,0,0,1,0,0,0,0,0,0,35,24
17291,0:1:1;0:1:1;0:2:2;0:4:3,1,5,0,0,0,1,0,0,0,0,0,0,43,24
17292,0:1:1;0:1:1;0:2:2;0:4:3,2,0,0,0,0,1,0,0,0,0,0,0,1,24
17293,0:1:1;0:1:1;0:2:2;0:4:3,2,1,0,0,0,1,0,0,0,0,0,0,5,24
17294,0:1:1;0:1:1;0:2:2;0:4:3,2,2,0,0,0,1,0,0,0,0,0,0,13,24
17295,0:1:1;0:1:1;0:2:2;0:4:3,2,3,0,0,0,1,0,0,0,0,0,0,24,24
17296,0:1:1;0:1:1;0:2:2;0:4:3,2,4,0,0,0,1,0,0,0,0,0,0,35,24
17297,0:1:1;0:1:1;0:2:2;0:4:3,2,5,0,0,0,1,0,0,0,0,0,0,43,24
17298,0:1:1;0:1:1;0:2:2;0:4:3,3,0,0,0,0,1,0,0,0,0,0,0,1,24
17299,0:1:1;0:1:1;0:2:2;0:4:3,3,1,0,0,0,1,0,0,0,0,0,0,5,24
17300,0:1:1;0:1:1;0:2:2;0:4:3,3,2,0,0,0,1,0,0,0,0,0,0,13,24
17301,0:1:1;0:1:1;0:2:2;0:4:3,3,3,0,0,0,1,0,0,0,0,0,0,24,24
17302,0:1:1;0:1:1;0:2:2;0:4:3,3,4,0,0,0,1,0,0,0,0,0,0,35,24
17303,0:1:1;0:1:1;0:2:2;0:4:3,3,5,0,0,0,1,0,0,0,0,0,0,43,24
17304,0:1:1;0:1:1;0:2:2;0:4:3,4,0,0,0,0,1,0,0,0,0,0,0,1,24
17305,0:1:1;0:1:1;0:2:2;0:4:3,4,1,0,0,0,1,0,0,0,0,0,0,5,24
17306,0:1:1;0:1:1;0:2:2;0:4:3,4,2,0,0,0,1,0,0,0,0,0,0,13,24
17307,0:1:1;0:1:1;0:2:2;0:4:3,4,3,0,0,0,1,0,0,0,0,0,0,24,24
17308,0:1:1;0:1:1;0:2:2;0:4:3,4,4,0,0,0,1,0,0,0,0,0,0,35,24
17309,0:1:1;0:1:1;0:2:2;0:4:3,4,5,0,0,0,1,0,0,0,0,0,0,43,24
17310,0:1:1;0:1:1;0:2:2;0:4:3,5,0,0,0,0,1,0,0,0,0,0,0,1,24
17311,0:1:1;0:1:1;0:2:2;0:4:3,5,1,0,0,0,1,0,0,0,0,0,0,5,24
17312,0:1:1;0:1:1;0:2:2;0:4:3,5,2,0,0,0,1,0,0,0,0,0,0,13,24
17313,0:1:1;0:1:1;0:2:2;0:4:3,5,3,0,0,0,1,0,0,0,0,0,0,24,24
17314,0:1:1;0:1:1;0:2:2;0:4:3,5,4,0,0,0,1,0,0,0,0,0,0,35,24
17315,0:1:1;0:1:1;0:2:2;0:4:3,5,5,0,0,0,1,0,0,0,0,0,0,43,24
17316,0:1:1;0:1:1;0:2:2;1:1:1,0,0,0,0,0,1,0,0,0,0,0,0,1,24
17317,0:1:1;0:1:1;0:2:2;1:1:1,0,1,0,0,0,1,0,0,0,0,0,0,9,24
17318,0:1:1;0:1:1;0:2:2;1:1:1,0,2,0,0,0,1,0,0,0,0,0,0,17,24
17319,0:1:1;0:1:1;0:2:2;1:1:1,0,3,1,1,1,0,1,1,1,1,1,5,6,2
17320,0:1:1;0:1:1;0:2:2;1:1:1,0,4,1,1,1,0,1,1,1,1,1,5,6,1
17321,0:1:1;0:1:1;0:2:2;1:1:1,0,5,1,1,1,0,1,1,1,1,1,5,6,1
17322,0:1:1;0:1:1;0:2:2;1:1:1,1,0,0,0,0,1,0,0,0,0,0,0,5,24
17323,0:1:1;0:1:1;0:2:2;1:1:1,1,1,0,0,0,1,0,0,0,0,0,0,12,24
17324,0:1:1;0:1:1;0:2:2;1:1:1,1,2,0,0,0,1,0,0,0,0,0,0,19,24
17325,0:1:1;0:1:1;0:2:2;1:1:1,1,3,1,1,1,0,1,1,1,1,1,5,6,2
17326,0:1:1;0:1:1;0:2:2;1:1:1,1,4,1,1,1,0,1,1,1,1,1,5,6,1
17327,0:1:1;0:1:1;0:2:2;1:1:1,1,5,1,1,1,0,1,1,1,1,1,5,6,1
17328,0:1:1;0:1:1;0:2:2;1:1:1,2,0,0,0,0,1,0,0,0,0,0,0,5,24
17329,0:1:1;0:1:1;0:2:2;1:1:1,2,1,0,0,0,1,0,0,0,0,0,0,12,24
17330,0:1:1;0:1:1;0:2:2;1:1:1,2,2,0,0,0,1,0,0,0,0,0,0,19,24
17331,0:1:1;0:1:1;0:2:2;1:1:1,2,3,1,1,1,0,1,1,1,1,1,5,6,2
17332,0:1:1;0:1:1;0:2:2;1:1:1,2,4,1,1,1,0,1,1,1,1,1,5,6,1
17333,0:1:1;0:1:1;0:2:2;1:1:1,2,5,1,1,1,0,1,1,1,1,1,5,6,1
17334,0:1:1;0:1:1;0:2:2;1:1:1,3,0,0,0,0,1,0,0,0,0,0,0,5,24
17335,0:1:1;0:1:1;0:2:2;1:1:1,3,1,0,0,0,1,0,0,0,0,0,0,12,24
17336,0:1:1;0:1:1;0:2:2;1:1:1,3,2,0,0,0,1,0,0,0,0,0,0,19,24
17337,0:1:1;0:1:1;0:2:2;1:1:1,3,3,1,1,1,0,1,1,1,1,1,5,6,2
17338,0:1:1;0:1:1;0:2:2;1:1:1,3,4,1,1,1,0,1,1,1,1,1,5,6,1
17339,0:1:1;0:1:1;0:2:2;1:1:1,3,5,1,1,1,0,1,1,1,1,1,5,6,1
17340,0:1:1;0:1:1;0:2:2;1:1:1,4,0,0,0,0,1,0,0,0,0,0,0,5,24
17341,0:1:1;0:1:1;0:2:2;1:1:1,4,1,0,0,0,1,0,0,0,0,0,0,12,24
17342,0:1:1;0:1:1;0:2:2;1:1:1,4,2,0,0,0,1,0,0,0,0,0,0,19,24
17343,0:1:1;0:1:1;0:2:2;1:1:1,4,3,1,1,1,0,1,1,1,1,1,5,6,2
17344,0:1:1;0:1:1;0:2:2;1:1:1,4,4,1,1,1,0,1,1,1,1,1,5,6,1
17345,0:1:1;0:1:1;0:2:2;1:1:1,4,5,1,1,1,0,1,1,1,1,1,5,6,1
17346,0:1:1;0:1:1;0:2:2;1:1:1,5,0,0,0,0,1,0,0,0,0,0,0,5,24
17347,0:1:1;0:1:1;0:2:2;1:1:1,5,1,0,0,0,1,0,0,0,0,0,0,12,24
17348,0:1:1;0:1:1;0:2:2;1:1:1,5,2,0,0,0,1,0,0,0,0,0,0,19,24
17349,0:1:1;0:1:1;0:2:2;1:1:1,5,3,1,1,1,0,1,1,1,1,1,5,6,2
17350,0:1:1;0:1:1;0:2:2;1:1:1,5,4,1,1,1,0,1,1,1,1,1,5,6,1
17351,0:1:1;0:1:1;0:2:2;1:1:1,5,5,1,1,1,0,1,1,1,1,1,5,6,1
17352,0:1:1;0:1:1;0:2:2;1:2:1,0,0,0,0,0,1,0,0,0,0,0,0,1,24
17353,0:1:1;0:1:1;0:2:2;1:2:1,0,1,0,0,0,1,0,0,0,0,0,0,12,24
17354,0:1:1;0:1:1;0:2:2;1:2:1,0,2,1,1,1,0,1,1,1,1,1,5,6,2
17355,0:1:1;0:1:1;0:2:2;1:2:1,0,3,1,1,1,0,1,1,1,1,1,5,6,2
17356,0:1:1;0:1:1;0:2:2;1:2:1,0,4,1,1,1,0,1,1,1,1,1,5,6,1
17357,0:1:1;0:1:1;0:2:2;1:2:1,0,5,1,1,1,0,1,1,1,1,1,5,6,1
17358,0:1:1;0:1:1;0:2:2;1:2:1,1,0,0,0,0,1,0,0,0,0,0,0,9,24
17359,0:1:1;0:1:1;0:2:2;1:2:1,1,1,0,0,0,1,0,0,0,0,0,0,15,24
17360,0:1:1;0:1:1;0:2:2;1:2:1,1,2,1,1,1,0,1,1,1,1,1,5,6,2
17361,0:1:1;0:1:1;0:2:2;1:2:1,1,3,1,1,1,0,1,1,1,1,1,5,6,2
17362,0:1:1;0:1:1;0:2:2;1:2:1,1,4,1,1,1,0,1,1,1,1,1,5,6,1
17363,0:1:1;0:1:1;0:2:2;1:2:1,1,5,1,1,1,0,1,1,1,1,1,5,6,1
17364,0:1:1;0:1:1;0:2:2;1:2:1,2,0,0,0,0,1,0,0,0,0,0,0,9,24
17365,0:1:1;0:1:1;0:2:2;1:2:1,2,1,0,0,0,1,0,0,0,0,0,0,15,24
17366,0:1:1;0:1:1;0:2:2;1:2:1,2,2,1,1,1,0,1,1,1,1,1,5,6,2
17367,0:1:1;0:1:1;0:2:2;1:2:1,2,3,1,1,1,0,1,1,1,1,1,5,6,2
17368,0:1:1;0:1:1;0:2:2;1:2:1,2,4,1,1,1,0,1,1,1,1,1,5,6,1
17369,0:1:1;0:1:1;0:2:2;1:2:1,2,5,1,1,1,0,1,1,1,1,1,5,6,1
17370,0:1:1;0:1:1;0:2:2;1:2:1,3,0,0,0,0,1,0,0,0,0,0,0,9,24
17371,0:1:1;0:1:1;0:2:2;1:2:1,3,1,0,0,0,1,0,0,0,0,0,0,15,24
17372,0:1:1;0:1:1;0:2:2;1:2:1,3,2,1,1,1,0,1,1,1,1,1,5,6,2
17373,0:1:1;0:1:1;0:2:2;1:2:1,3,3,1,1,1,0,1,1,1,1,1,5,6,2
17374,0:1:1;0:1:1;0:2:2;1:2:1,3,4,1,1,1,0,1,1,1,1,1,5,6,1
17375,0:1:1;0:1:1;0:2:2;1:2:1,3,5,1,1,1,0,1,1,1,1,1,5,6,1
17376,0:1:1;0:1:1;0:2:2;1:2:1,4,0,0,0,0,1,0,0,0,0,0,0,9,24
17377,0:1:1;0:1:1;0:2:2;1:2:1,4,1,0,0,0,1,0,0,0,0,0,0,15,24
17378,0:1:1;0:1:1;0:2:2;1:2:1,4,2,1,1,1,0,1,1,1,1,1,5,6,2
17379,0:1:1;0:1:1;0:2:2;1:2:1,4,3,1,1,1,0,1,1,1,1,1,5,6,2
17380,0:1:1;0:1:1;0:2:2;1:2:1,4,4,1,1,1,0,1,1,1,1,1,5,6,1
17381,0:1:1;0:1:1;0:2:2;1:2:1,4,5,1,1,1,0,1,1,1,1,1,5,6,1
17382,0:1:1;0:1:1;0:2:2;1:2:1,5,0,0,0,0,1,0,0,0,0,0,0,9,24
17383,0:1:1;0:1:1;0:2:2;1:2:1,5,1,0,0,0,1,0,0,0,0,0,0,15,24
17384,0:1:1;0:1:1;0:2:2;1:2:1,5,2,1,1,1,0,1,1,1,1,1,5,6,2
17385,0:1:1;0:1:1;0:2:2;1:2:1,5,3,1,1,1,0,1,1,1,1,1,5,6,2
17386,0:1:1;0:1:1;0:2:2;1:2:1,5,4,1,1,1,0,1,1,1,1,1,5,6,1
17387,0:1:1;0:1:1;0:2:2;1:2:1,5,5,1,1,1,0,1,1,1,1,1,5,6,1
17388,0:1:1;0:1:1;0:2:2;1:2:2,0,0,0,0,0,1,0,0,0,0,0,0,1,24
17389,0:1:1;0:1:1;0:2:2;1:2:2,0,1,0,0,0,1,0,0,0,0,0,0,6,24
17390,0:1:1;0:1:1;0:2:2;1:2:2,0,2,1,1,0,0,1,1,1,1,1,5,7,2
17391,0:1:1;0:1:1;0:2:2;1:2:2,0,3,1,1,1,0,1,1,1,1,1,5,7,2
17392,0:1:1;0:1:1;0:2:2;1:2:2,0,4,1,1,1,0,1,1,1,1,1,5,7,1
17393,0:1:1;0:1:1;0:2:2;1:2:2,0,5,1,1,1,0,1,1,1,1,1,5,7,1
17394,0:1:1;0:1:1;0:2:2;1:2:2,1,0,0,0,0,1,0,0,0,0,0,0,2,24
17395,0:1:1;0:1:1;0:2:2;1:2:2,1,1,0,0,0,1,0,0,0,0,0,0,16,24
17396,0:1:1;0:1:1;0:2:2;1:2:2,1,2,1,1,1,0,1,1,1,1,1,5,7,2
17397,0:1:1;0:1:1;0:2:2;1:2:2,1,3,1,1,1,0,1,1,1,1,1,5,7,2
17398,0:1:1;0:1:1;0:2:2;1:2:2,1,4,1,1,1,0,1,1,1,1,1,5,7,1
17399,0:1:1;0:1:1;0:2:2;1:2:2,1,5,1,1,1,0,1,1,1,1,1,5,7,1
17400,0:1:1;0:1:1;0:2:2;1:2:2,2,0,0,0,0,1,0,0,0,0,0,0,10,24
17401,0:1:1;0:1:1;0:2:2;1:2:2,2,1,0,0,0,1,0,0,0,0,0,0,19,24
17402,0:1:1;0:1:1;0:2:2;1:2:2,2,2,1,1,1,0,1,1,1,1,1,5,7,2
17403,0:1:1;0:1:1;0:2:2;1:2:2,2,3,1,1,1,0,1,1,1,1,1,5,7,2
17404,0:1:1;0:1:1;0:2:2;1:2:2,2,4,1,1,1,0,1,1,1,1,1,5,7,1
17405,0:1:1;0:1:1;0:2:2;1:2:2,2,5,1,1,1,0,1,1,1,1,1,5,7,1
17406,0:1:1;0:1:1;0:2:2;1:2:2,3,0,0,0,0,1,0,0,0,0,0,0,10,24
17407,0:1:1;0:1:1;0:2:2;1:2:2,3,1,0,0,0,1,0,0,0,0,0,0,19,24
17408,0:1:1;0:1:1;0:2:2;1:2:2,3,2,1,1,1,0,1,1,1,1,1,5,7,2
17409,0:1:1;0:1:1;0:2:2;1:2:2,3,3,1,1,1,0,1,1,1,1,1,5,7,2
17410,0:1:1;0:1:1;0:2:2;1:2:2,3,4,1,1,1,0,1,1,1,1,1,5,7,1
17411,0:1:1;0:1:1;0:2:2;1:2:2,3,5,1,1,1,0,1,1,1,1,1,5,7,1
17412,0:1:1;0:1:1;0:2:2;1:2:2,4,0,0,0,0,1,0,0,0,0,0,0,10,24
17413,0:1:1;0:1:1;0:2:2;1:2:2,4,1,0,0,0,1,0,0,0,0,0,0,19,24
17414,0:1:1;0:1:1;0:2:2;1:2:2,4,2,1,1,1,0,1,1,1,1,1,5,7,2
17415,0:1:1;0:1:1;0:2:2;1:2:2,4,3,1,1,1,0,1,1,1,1,1,5,7,2
17416,0:1:1;0:1:1;0:2:2;1:2:2,4,4,1,1,1,0,1,1,1,1,1,5,7,1
17417,0:1:1;0:1:1;0:2:2;1:2:2,4,5,1,1,1,0,1,1,1,1,1,5,7,1
17418,0:1:1;0:1:1;0:2:2;1:2:2,5,0,0,0,0,1,0,0,0,0,0,0,10,24
17419,0:1:1;0:1:1;0:2:2;1:2:2,5,1,0,0,0,1,0,0,0,0,0,0,19,24
17420,0:1:1;0:1:1;0:2:2;1:2:2,5,2,1,1,1,0,1,1,1,1,1,5,7,2
17421,0:1:1;0:1:1;0:2:2;1:2:2,5,3,1,1,1,0,1,1,1,1,1,5,7,2
17422,0:1:1;0:1:1;0:2:2;1:2:2,5,4,1,1,1,0,1,1,1,1,1,5,7,1
17423,0:1:1;0:1:1;0:2:2;1:2:2,5,5,1,1,1,0,1,1,1,1,1,5,7,1
17424,0:1:1;0:1:1;0:2:2;1:3:2,0,0,0,0,0,1,0,0,0,0,0,0,1,24
17425,0:1:1;0:1:1;0:2:2;1:3:2,0,1,1,0,0,1,0,0,0,0,0,3,6,24
17426,0:1:1;0:1:1;0:2:2;1:3:2,0,2,1,1,0,0,1,1,1,1,1,5,7,2
17427,0:1:1;0:1:1;0:2:2;1:3:2,0,3,1,1,1,0,1,1,1,1,1,5,7,2
17428,0:1:1;0:1:1;0:2:2;1:3:2,0,4,1,1,1,0,1,1,1,1,1,5,7,1
17429,0:1:1;0:1:1;0:2:2;1:3:2,0,5,1,1,1,0,1,1,1,1,1,5,7,1
17430,0:1:1;0:1:1;0:2:2;1:3:2,1,0,0,0,0,1,0,0,0,0,0,0,2,24
17431,0:1:1;0:1:1;0:2:2;1:3:2,1,1,1,1,0,0,1,1,1,1,1,5,7,5
17432,0:1:1;0:1:1;0:2:2;1:3:2,1,2,1,1,1,0,1,1,1,1,1,5,7,2
17433,0:1:1;0:1:1;0:2:2;1:3:2,1,3,1,1,1,0,1,1,1,1,1,5,7,2
17434,0:1:1;0:1:1;0:2:2;1:3:2,1,4,1,1,1,0,1,1,1,1,1,5,7,1
17435,0:1:1;0:1:1;0:2:2;1:3:2,1,5,1,1,1,0,1,1,1,1,1,5,7,1
17436,0:1:1;0:1:1;0:2:2;1:3:2,2,0,0,0,0,1,0,0,0,0,0,0,13,24
17437,0:1:1;0:1:1;0:2:2;1:3:2,2,1,1,1,1,0,1,1,1,1,1,5,7,5
17438,0:1:1;0:1:1;0:2:2;1:3:2,2,2,1,1,1,0,1,1,1,1,1,5,7,2
17439,0:1:1;0:1:1;0:2:2;1:3:2,2,3,1,1,1,0,1,1,1,1,1,5,7,2
17440,0:1:1;0:1:1;0:2:2;1:3:2,2,4,1,1,1,0,1,1,1,1,1,5,7,1
17441,0:1:1;0:1:1;0:2:2;1:3:2,2,5,1,1,1,0,1,1,1,1,1,5,7,1
17442,0:1:1;0:1:1;0:2:2;1:3:2,3,0,0,0,0,1,0,0,0,0,0,0,13,24
17443,0:1:1;0:1:1;0:2:2;1:3:2,3,1,1,1,1,0,1,1,1,1,1,5,7,5
17444,0:1:1;0:1:1;0:2:2;1:3:2,3,2,1,1,1,0,1,1,1,1,1,5,7,2
17445,0:1:1;0:1:1;0:2:2;1:3:2,3,3,1,1,1,0,1,1,1,1,1,5,7,2
17446,0:1:1;0:1:1;0:2:2;1:3:2,3,4,1,1,1,0,1,1,1,1,1,5,7,1
17447,0:1:1;0:1:1;0:2:2;1:3:2,3,5,1,1,1,0,1,1,1,1,1,5,7,1
17448,0:1:1;0:1:1;0:2:2;1:3:2,4,0,0,0,0,1,0,0,0,0,0,0,13,24
17449,0:1:1;0:1:1;0:2:2;1:3:2,4,1,1,1,1,0,1,1,1,1,1,5,7,5
17450,0:1:1;0:1:1;0:2:2;1:3:2,4,2,1,1,1,0,1,1,1,1,1,5,7,2
17451,0:1:1;0:1:1;0:2:2;1:3:2,4,3,1,1,1,0,1,1,1,1,1,5,7,2
17452,0:1:1;0:1:1;0:2:2;1:3:2,4,4,1,1,1,0,1,1,1,1,1,5,7,1
17453,0:1:1;0:1:1;0:2:2;1:3:2,4,5,1,1,1,0,1,1,1,1,1,5,7,1
17454,0:1:1;0:1:1;0:2:2;1:3:2,5,0,0,0,0,1,0,0,0,0,0,0,13,24
17455,0:1:1;0:1:1;0:2:2;1:3:2,5,1,1,1,1,0,1,1,1,1,1,5,7,5
17456,0:1:1;0:1:1;0:2:2;1:3:2,5,2,1,1,1,0,1,1,1,1,1,5,7,2
17457,0:1:1;0:1:1;0:2:2;1:3:2,5,3,1,1,1,0,1,1,1,1,1,5,7,2
17458,0:1:1;0:1:1;0:2:2;1:3:2,5,4,1,1,1,0,1,1,1,1,1,5,7,1
17459,0:1:1;0:1:1;0:2:2;1:3:2,5,5,1,1,1,0,1,1,1,1,1,5,7,1
17460,0:1:1;0:1:1;0:2:2;1:3:3,0,0,0,0,0,1,0,0,0,0,0,0,1,24
17461,0:1:1;0:1:1;0:2:2;1:3:3,0,1,1,0,0,1,0,0,0,0,0,3,6,24
17462,0:1:1;0:1:1;0:2:2;1:3:3,0,2,1,0,0,1,0,0,0,0,0,5,16,24
17463,0:1:1;0:1:1;0:2:2;1:3:3,0,3,1,1,0,1,0,0,1,0,1,6,14,4
17464,0:1:1;0:1:1;0:2:2;1:3:3,0,4,1,1,1,0,1,1,1,1,1,5,8,1
17465,0:1:1;0:1:1;0:2:2;1:3:3,0,5,1,1,1,0,1,1,1,1,1,5,8,1
17466,0:1:1;0:1:1;0:2:2;1:3:3,1,0,0,0,0,1,0,0,0,0,0,0,2,24
17467,0:1:1;0:1:1;0:2:2;1:3:3,1,1,1,0,0,1,0,0,0,0,0,3,10,24
17468,0:1:1;0:1:1;0:2:2;1:3:3,1,2,1,1,0,0,1,1,1,1,1,5,8,2
17469,0:1:1;0:1:1;0:2:2;1:3:3,1,3,1,1,1,0,1,1,1,1,1,5,8,2
17470,0:1:1;0:1:1;0:2:2;1:3:3,1,4,1,1,1,0,1,1,1,1,1,5,8,1
17471,0:1:1;0:1:1;0:2:2;1:3:3,1,5,1,1,1,0,1,1,1,1,1,5,8,1
17472,0:1:1;0:1:1;0:2:2;1:3:3,2,0,0,0,0,1,0,0,0,0,0,0,3,24
17473,0:1:1;0:1:1;0:2:2;1:3:3,2,1,1,1,0,0,1,1,1,1,1,5,8,5
17474,0:1:1;0:1:1;0:2:2;1:3:3,2,2,1,1,1,0,1,1,1,1,1,5,8,2
17475,0:1:1;0:1:1;0:2:2;1:3:3,2,3,1,1,1,0,1,1,1,1,1,5,8,2
17476,0:1:1;0:1:1;0:2:2;1:3:3,2,4,1,1,1,0,1,1,1,1,1,5,8,1
17477,0:1:1;0:1:1;0:2:2;1:3:3,2,5,1,1,1,0,1,1,1,1,1,5,8,1
17478,0:1:1;0:1:1;0:2:2;1:3:3,3,0,0,0,0,1,0,0,0,0,0,0,14,24
17479,0:1:1;0:1:1;0:2:2;1:3:3,3,1,1,1,1,0,1,1,1,1,1,5,8,5
17480,0:1:1;0:1:1;0:2:2;1:3:3,3,2,1,1,1,0,1,1,1,1,1,5,8,2
17481,0:1:1;0:1:1;0:2:2;1:3:3,3,3,1,1,1,0,1,1,1,1,1,5,8,2
17482,0:1:1;0:1:1;0:2:2;1:3:3,3,4,1,1,1,0,1,1,1,1,1,5,8,1
17483,0:1:1;0:1:1;0:2:2;1:3:3,3,5,1,1,1,0,1,1,1,1,1,5,8,1
17484,0:1:1;0:1:1;0:2:2;1:3:3,4,0,0,0,0,1,0,0,0,0,0,0,14,24
17485,0:1:1;0:1:1;0:2:2;1:3:3,4,1,1,1,1,0,1,1,1,1,1,5,8,5
17486,0:1:1;0:1:1;0:2:2;1:3:3,4,2,1,1,1,0,1,1,1,1,1,5,8,2
17487,0:1:1;0:1:1;0:2:2;1:3:3,4,3,1,1,1,0,1,1,1,1,1,5,8,2
17488,0:1:1;0:1:1;0:2:2;1:3:3,4,4,1,1,1,0,1,1,1,1,1,5,8,1
17489,0:1:1;0:1:1;0:2:2;1:3:3,4,5,1,1,1,0,1,1,1,1,1,5,8,1
17490,0:1:1;0:1:1;0:2:2;1:3:3,5,0,0,0,0,1,0,0,0,0,0,0,14,24
17491,0:1:1;0:1:1;0:2:2;1:3:3,5,1,1,1,1,0,1,1,1,1,1,5,8,5
17492,0:1:1;0:1:1;0:2:2;1:3:3,5,2,1,1,1,0,1,1,1,1,1,5,8,2
17493,0:1:1;0:1:1;0:2:2;1:3:3,5,3,1,1,1,0,1,1,1,1,1,5,8,2
17494,0:1:1;0:1:1;0:2:2;1:3:3,5,4,1,1,1,0,1,1,1,1,1,5,8,1
17495,0:1:1;0:1:1;0:2:2;1:3:3,5,5,1,1,1,0,1,1,1,1,1,5,8,1
17496,0:1:1;0:1:1;0:2:2;1:4:3,0,0,1,0,0,1,0,0,0,0,0,1,1,24
17497,0:1:1;0:1:1;0:2:2;1:4:3,0,1,1,0,0,1,0,0,0,0,0,3,6,24
17498,0:1:1;0:1:1;0:2:2;1:4:3,0,2,1,0,0,1,0,0,0,0,0,5,16,24
17499,0:1:1;0:1:1;0:2:2;1:4:3,0,3,1,1,0,1,0,0,1,0,1,6,14,4
17500,0:1:1;0:1:1;0:2:2;1:4:3,0,4,1,1,1,0,1,1,1,1,1,5,8,1
17501,0:1:1;0:1:1;0:2:2;1:4:3,0,5,1,1,1,0,1,1,1,1,1,5,8,1
17502,0:1:1;0:1:1;0:2:2;1:4:3,1,0,1,0,0,1,0,0,0,0,0,1,2,24
17503,0:1:1;0:1:1;0:2:2;1:4:3,1,1,1,0,0,1,0,0,0,0,0,3,10,24
17504,0:1:1;0:1:1;0:2:2;1:4:3,1,2,1,1,0,0,1,1,1,1,1,5,8,2
17505,0:1:1;0:1:1;0:2:2;1:4:3,1,3,1,1,1,0,1,1,1,1,1,5,8,2
17506,0:1:1;0:1:1;0:2:2;1:4:3,1,4,1,1,1,0,1,1,1,1,1,5,8,1
17507,0:1:1;0:1:1;0:2:2;1:4:3,1,5,1,1,1,0,1,1,1,1,1,5,8,1
17508,0:1:1;0:1:1;0:2:2;1:4:3,2,0,1,0,0,1,0,0,0,0,0,1,3,24
17509,0:1:1;0:1:1;0:2:2;1:4:3,2,1,1,1,0,0,1,1,1,1,1,5,8,5
17510,0:1:1;0:1:1;0:2:2;1:4:3,2,2,1,1,1,0,1,1,1,1,1,5,8,2
17511,0:1:1;0:1:1;0:2:2;1:4:3,2,3,1,1,1,0,1,1,1,1,1,5,8,2
17512,0:1:1;0:1:1;0:2:2;1:4:3,2,4,1,1,1,0,1,1,1,1,1,5,8,1
17513,0:1:1;0:1:1;0:2:2;1:4:3,2,5,1,1,1,0,1,1,1,1,1,5,8,1
17514,0:1:1;0:1:1;0:2:2;1:4:3,3,0,1,1,0,0,1,1,1,1,1,5,8,19
17515,0:1:1;0:1:1;0:2:2;1:4:3,3,1,1,1,1,0,1,1,1,1,1,5,8,5
17516,0:1:1;0:1:1;0:2:2;1:4:3,3,2,1,1,1,0,1,1,1,1,1,5,8,2
17517,0:1:1;0:1:1;0:2:2;1:4:3,3,3,1,1,1,0,1,1,1,1,1,5,8,2
17518,0:1:1;0:1:1;0:2:2;1:4:3,3,4,1,1,1,0,1,1,1,1,1,5,8,1
17519,0:1:1;0:1:1;0:2:2;1:4:3,3,5,1,1,1,0,1,1,1,1,1,5,8,1
17520,0:1:1;0:1:1;0:2:2;1:4:3,4,0,1,1,1,0,1,1,1,1,1,5,8,19
17521,0:1:1;0:1:1;0:2:2;1:4:3,4,1,1,1,1,0,1,1,1,1,1,5,8,5
17522,0:1:1;0:1:1;0:2:2;1:4:3,4,2,1,1,1,0,1,1,1,1,1,5,8,2
17523,0:1:1;0:1:1;0:2:2;1:4:3,4,3,1,1,1,0,1,1,1,1,1,5,8,2
17524,0:1:1;0:1:1;0:2:2;1:4:3,4,4,1,1,1,0,1,1,1,1,1,5,8,1
17525,0:1:1;0:1:1;0:2:2;1:4:3,4,5,1,1,1,0,1,1,1,1,1,5,8,1
17526,0:1:1;0:1:1;0:2:2;1:4:3,5,0,1,1,1,0,1,1,1,1,1,5,8,19
17527,0:1:1;0:1:1;0:2:2;1:4:3,5,1,1,1,1,0,1,1,1,1,1,5,8,5
17528,0:1:1;0:1:1;0:2:2;1:4:3,5,2,1,1,1,0,1,1,1,1,1,5,8,2
17529,0:1:1;0:1:1;0:2:2;1:4:3,5,3,1,1,1,0,1,1,1,1,1,5,8,2
17530,0:1:1;0:1:1;0:2:2;1:4:3,5,4,1,1,1,0,1,1,1,1,1,5,8,1
17531,0:1:1;0:1:1;0:2:2;1:4:3,5,5,1,1,1,0,1,1,1,1,1,5,8,1
17532,0:1:1;0:1:1;0:3:2;0:3:2,0,0,0,0,0,1,0,0,0,0,0,0,1,24
17533,0:1:1;0:1:1;0:3:2;0:3:2,0,1,0,0,0,1,0,0,0,0,0,0,5,24
17534,0:1:1;0:1:1;0:3:2;0:3:2,0,2,0,0,0,1,0,0,0,0,0,0,13,24
17535,0:1:1;0:1:1;0:3:2;0:3:2,0,3,0,0,0,1,0,0,0,0,0,0,23,24
17536,0:1:1;0:1:1;0:3:2;0:3:2,0,4,0,0,0,1,0,0,0,0,0,0,31,24
17537,0:1:1;0:1:1;0:3:2;0:3:2,0,5,0,0,0,1,0,0,0,0,0,0,35,24
17538,0:1:1;0:1:1;0:3:2;0:3:2,1,0,0,0,0,1,0,0,0,0,0,0,1,24
17539,0:1:1;0:1:1;0:3:2;0:3:2,1,1,0,0,0,1,0,0,0,0,0,0,5,24
17540,0:1:1;0:1:1;0:3:2;0:3:2,1,2,0,0,0,1,0,0,0,0,0,0,13,24
17541,0:1:1;0:1:1;0:3:2;0:3:2,1,3,0,0,0,1,0,0,0,0,0,0,23,24
17542,0:1:1;0:1:1;0:3:2;0:3:2,1,4,0,0,0,1,0,0,0,0,0,0,31,24
17543,0:1:1;0:1:1;0:3:2;0:3:2,1,5,0,0,0,1,0,0,0,0,0,0,35,24
17544,0:1:1;0:1:1;0:3:2;0:3:2,2,0,0,0,0,1,0,0,0,0,0,0,1,24
17545,0:1:1;0:1:1;0:3:2;0:3:2,2,1,0,0,0,1,0,0,0,0,0,0,5,24
17546,0:1:1;0:1:1;0:3:2;0:3:2,2,2,0,0,0,1,0,0,0,0,0,0,13,24
17547,0:1:1;0:1:1;0:3:2;0:3:2,2,3,0,0,0,1,0,0,0,0,0,0,23,24
17548,0:1:1;0:1:1;0:3:2;0:3:2,2,4,0,0,0,1,0,0,0,0,0,0,31,24
17549,0:1:1;0:1:1;0:3:2;0:3:2,2,5,0,0,0,1,0,0,0,0,0,0,35,24
17550,0:1:1;0:1:1;0:3:2;0:3:2,3,0,0,0,0,1,0,0,0,0,0,0,1,24
17551,0:1:1;0:1:1;0:3:2;0:3:2,3,1,0,0,0,1,0,0,0,0,0,0,5,24
17552,0:1:1;0:1:1;0:3:2;0:3:2,3,2,0,0,0,1,0,0,0,0,0,0,13,24
17553,0:1:1;0:1:1;0:3:2;0:3:2,3,3,0,0,0,1,0,0,0,0,0,0,23,24
17554,0:1:1;0:1:1;0:3:2;0:3:2,3,4,0,0,0,1,0,0,0,0,0,0,31,24
17555,0:1:1;0:1:1;0:3:2;0:3:2,3,5,0,0,0,1,0,0,0,0,0,0,35,24
17556,0:1:1;0:1:1;0:3:2;0:3:2,4,0,0,0,0,1,0,0,0,0,0,0,1,24
17557,0:1:1;0:1:1;0:3:2;0:3:2,4,1,0,0,0,1,0,0,0,0,0,0,5,24
17558,0:1:1;0:1:1;0:3:2;0:3:2,4,2,0,0,0,1,0,0,0,0,0,0,13,24
17559,0:1:1;0:1:1;0:3:2;0:3:2,4,3,0,0,0,1,0,0,0,0,0,0,23,24
17560,0:1:1;0:1:1;0:3:2;0:3:2,4,4,0,0,0,1,0,0,0,0,0,0,31,24
17561,0:1:1;0:1:1;0:3:2;0:3:2,4,5,0,0,0,1,0,0,0,0,0,0,35,24
17562,0:1:1;0:1:1;0:3:2;0:3:2,5,0,0,0,0,1,0,0,0,0,0,0,1,24
17563,0:1:1;0:1:1;0:3:2;0:3:2,5,1,0,0,0,1,0,0,0,0,0,0,5,24
17564,0:1:1;0:1:1;0:3:2;0:3:2,5,2,0,0,0,1,0,0,0,0,0,0,13,24
17565,0:1:1;0:1:1;0:3:2;0:3:2,5,3,0,0,0,1,0,0,0,0,0,0,23,24
17566,0:1:1;0:1:1;0:3:2;0:3:2,5,4,0,0,0,1,0,0,0,0,0,0,31,24
17567,0:1:1;0:1:1;0:3:2;0:3:2,5,5,0,0,0,1,0,0,0,0,0,0,35,24
17568,0:1:1;0:1:1;0:3:2;0:3:3,0,0,0,0,0,1,0,0,0,0,0,0,1,24
17569,0:1:1;0:1:1;0:3:2;0:3:3,0,1,0,0,0,1,0,0,0,0,0,0,5,24
17570,0:1:1;0:1:1;0:3:2;0:3:3,0,2,0,0,0,1,0,0,0,0,0,0,13,24
17571,0:1:1;0:1:1;0:3:2;0:3:3,0,3,0,0,0,1,0,0,0,0,0,0,24,24
17572,0:1:1;0:1:1;0:3:2;0:3:3,0,4,0,0,0,1,0,0,0,0,0,0,35,24
17573,0:1:1;0:1:1;0:3:2;0:3:3,0,5,0,0,0,1,0,0,0,0,0,0,43,24
17574,0:1:1;0:1:1;0:3:2;0:3:3,1,0,0,0,0,1,0,0,0,0,0,0,1,24
17575,0:1:1;0:1:1;0:3:2;0:3:3,1,1,0,0,0,1,0,0,0,0,0,0,5,24
17576,0:1:1;0:1:1;0:3:2;0:3:3,1,2,0,0,0,1,0,0,0,0,0,0,13,24
17577,0:1:1;0:1:1;0:3:2;0:3:3,1,3,0,0,0,1,0,0,0,0,0,0,24,24
17578,0:1:1;0:1:1;0:3:2;0:3:3,1,4,0,0,0,1,0,0,0,0,0,0,35,24
17579,0:1:1;0:1:1;0:3:2;0:3:3,1,5,0,0,0,1,0,0,0,0,0,0,43,24
17580,0:1:1;0:1:1;0:3:2;0:3:3,2,0,0,0,0,1,0,0,0,0,0,0,1,24
17581,0:1:1;0:1:1;0:3:2;0:3:3,2,1,0,0,0,1,0,0,0,0,0,0,5,24
17582,0:1:1;0:1:1;0:3:2;0:3:3,2,2,0,0,0,1,0,0,0,0,0,0,13,24
17583,0:1:1;0:1:1;0:3:2;0:3:3,2,3,0,0,0,1,0,0,0,0,0,0,24,24
17584,0:1:1;0:1:1;0:3:2;0:3:3,2,4,0,0,0,1,0,0,0,0,0,0,35,24
17585,0:1:1;0:1:1;0:3:2;0:3:3,2,5,0,0,0,1,0,0,0,0,0,0,43,24
17586,0:1:1;0:1:1;0:3:2;0:3:3,3,0,0,0,0,1,0,0,0,0,0,0,1,24
17587,0:1:1;0:1:1;0:3:2;0:3:3,3,1,0,0,0,1,0,0,0,0,0,0,5,24
17588,0:1:1;0:1:1;0:3:2;0:3:3,3,2,0,0,0,1,0,0,0,0,0,0,13,24
17589,0:1:1;0:1:1;0:3:2;0:3:3,3,3,0,0,0,1,0,0,0,0,0,0,24,24
17590,0:1:1;0:1:1;0:3:2;0:3:3,3,4,0,0,0,1,0,0,0,0,0,0,35,24
17591,0:1:1;0:1:1;0:3:2;0:3:3,3,5,0,0,0,1,0,0,0,0,0,0,43,24
17592,0:1:1;0:1:1;0:3:2;0:3:3,4,0,0,0,0,1,0,0,0,0,0,0,1,24
17593,0:1:1;0:1:1;0:3:2;0:3:3,4,1,0,0,0,1,0,0,0,0,0,0,5,24
17594,0:1:1;0:1:1;0:3:2;0:3:3,4,2,0,0,0,1,0,0,0,0,0,0,13,24
17595,0:1:1;0:1:1;0:3:2;0:3:3,4,3,0,0,0,1,0,0,0,0,0,0,24,24
17596,0:1:1;0:1:1;0:3:2;0:3:3,4,4,0,0,0,1,0,0,0,0,0,0,35,24
17597,0:1:1;0:1:1;0:3:2;0:3:3,4,5,0,0,0,1,0,0,0,0,0,0,43,24
17598,0:1:1;0:1:1;0:3:2;0:3:3,5,0,0,0,0,1,0,0,0,0,0,0,1,24
17599,0:1:1;0:1:1;0:3:2;0:3:3,5,1,0,0,0,1,0,0,0,0,0,0,5,24
17600,0:1:1;0:1:1;0:3:2;0:3:3,5,2,0,0,0,1,0,0,0,0,0,0,13,24
17601,0:1:1;0:1:1;0:3:2;0:3:3,5,3,0,0,0,1,0,0,0,0,0,0,24,24
17602,0:1:1;0:1:1;0:3:2;0:3:3,5,4,0,0,0,1,0,0,0,0,0,0,35,24
17603,0:1:1;0:1:1;0:3:2;0:3:3,5,5,0,0,0,1,0,0,0,0,0,0,43,24
17604,0:1:1;0:1:1;0:3:2;0:4:3,0,0,0,0,0,1,0,0,0,0,0,0,1,24
17605,0:1:1;0:1:1;0:3:2;0:4:3,0,1,0,0,0,1,0,0,0,0,0,0,5,24
17606,0:1:1;0:1:1;0:3:2;0:4:3,0,2,0,0,0,1,0,0,0,0,0,0,13,24
17607,0:1:1;0:1:1;0:3:2;0:4:3,0,3,0,0,0,1,0,0,0,0,0,0,24,24
17608,0:1:1;0:1:1;0:3:2;0:4:3,0,4,0,0,0,1,0,0,0,0,0,0,35,24
17609,0:1:1;0:1:1;0:3:2;0:4:3,0,5,0,0,0,1,0,0,0,0,0,0,43,24
17610,0:1:1;0:1:1;0:3:2;0:4:3,1,0,0,0,0,1,0,0,0,0,0,0,1,24
17611,0:1:1;0:1:1;0:3:2;0:4:3,1,1,0,0,0,1,0,0,0,0,0,0,5,24
17612,0:1:1;0:1:1;0:3:2;0:4:3,1,2,0,0,0,1,0,0,0,0,0,0,13,24
17613,0:1:1;0:1:1;0:3:2;0:4:3,1,3,0,0,0,1,0,0,0,0,0,0,24,24
17614,0:1:1;0:1:1;0:3:2;0:4:3,1,4,0,0,0,1,0,0,0,0,0,0,35,24
17615,0:1:1;0:1:1;0:3:2;0:4:3,1,5,0,0,0,1,0,0,0,0,0,0,43,24
17616,0:1:1;0:1:1;0:3:2;0:4:3,2,0,0,0,0,1,0,0,0,0,0,0,1,24
17617,0:1:1;0:1:1;0:3:2;0:4:3,2,1,0,0,0,1,0,0,0,0,0,0,5,24
17618,0:1:1;0:1:1;0:3:2;0:4:3,2,2,0,0,0,1,0,0,0,0,0,0,13,24
17619,0:1:1;0:1:1;0:3:2;0:4:3,2,3,0,0,0,1,0,0,0,0,0,0,24,24
17620,0:1:1;0:1:1;0:3:2;0:4:3,2,4,0,0,0,1,0,0,0,0,0,0,35,24
17621,0:1:1;0:1:1;0:3:2;0:4:3,2,5,0,0,0,1,0,0,0,0,0,0,43,24
17622,0:1:1;0:1:1;0:3:2;0:4:3,3,0,0,0,0,1,0,0,0,0,0,0,1,24
17623,0:1:1;0:1:1;0:3:2;0:4:3,3,1,0,0,0,1,0,0,0,0,0,0,5,24
17624,0:1:1;0:1:1;0:3:2;0:4:3,3,2,0,0,0,1,0,0,0,0,0,0,13,24
17625,0:1:1;0:1:1;0:3:2;0:4:3,3,3,0,0,0,1,0,0,0,0,0,0,24,24
17626,0:1:1;0:1:1;0:3:2;0:4:3,3,4,0,0,0,1,0,0,0,0,0,0,35,24
17627,0:1:1;0:1:1;0:3:2;0:4:3,3,5,0,0,0,1,0,0,0,0,0,0,43,24
17628,0:1:1;0:1:1;0:3:2;0:4:3,4,0,0,0,0,1,0,0,0,0,0,0,1,24
17629,0:1:1;0:1:1;0:3:2;0:4:3,4,1,0,0,0,1,0,0,0,0,0,0,5,24
17630,0:1:1;0:1:1;0:3:2;0:4:3,4,2,0,0,0,1,0,0,0,0,0,0,13,24
17631,0:1:1;0:1:1;0:3:2;0:4:3,4,3,0,0,0,1,0,0,0,0,0,0,24,24
17632,0:1:1;0:1:1;0:3:2;0:4:3,4,4,0,0,0,1,0,0,0,0,0,0,35,24
17633,0:1:1;0:1:1;0:3:2;0:4:3,4,5,0,0,0,1,0,0,0,0,0,0,43,24
17634,0:1:1;0:1:1;0:3:2;0:4:3,5,0,0,0,0,1,0,0,0,0,0,0,1,24
17635,0:1:1;0:1:1;0:3:2;0:4:3,5,1,0,0,0,1,0,0,0,0,0,0,5,24
17636,0:1:1;0:1:1;0:3:2;0:4:3,5,2,0,0,0,1,0,0,0,0,0,0,13,24
17637,0:1:1;0:1:1;0:3:2;0:4:3,5,3,0,0,0,1,0,0,0,0,0,0,24,24
17638,0:1:1;0:1:1;0:3:2;0:4:3,5,4,0,0,0,1,0,0,0,0,0,0,35,24
17639,0:1:1;0:1:1;0:3:2;0:4:3,5,5,0,0,0,1,0,0,0,0,0,0,43,24
17640,0:1:1;0:1:1;0:3:2;1:1:1,0,0,0,0,0,1,0,0,0,0,0,0,1,24
17641,0:1:1;0:1:1;0:3:2;1:1:1,0,1,0,0,0,1,0,0,0,0,0,0,9,24
17642,0:1:1;0:1:1;0:3:2;1:1:1,0,2,0,0,0,1,0,0,0,0,0,0,17,24
17643,0:1:1;0:1:1;0:3:2;1:1:1,0,3,1,1,1,0,1,1,1,1,1,5,6,2
17644,0:1:1;0:1:1;0:3:2;1:1:1,0,4,1,1,1,0,1,1,1,1,1,5,6,1
17645,0:1:1;0:1:1;0:3:2;1:1:1,0,5,1,1,1,0,1,1,1,1,1,5,6,1
17646,0:1:1;0:1:1;0:3:2;1:1:1,1,0,0,0,0,1,0,0,0,0,0,0,5,24
17647,0:1:1;0:1:1;0:3:2;1:1:1,1,1,0,0,0,1,0,0,0,0,0,0,12,24
17648,0:1:1;0:1:1;0:3:2;1:1:1,1,2,0,0,0,1,0,0,0,0,0,0,19,24
17649,0:1:1;0:1:1;0:3:2;1:1:1,1,3,1,1,1,0,1,1,1,1,1,5,6,2
17650,0:1:1;0:1:1;0:3:2;1:1:1,1,4,1,1,1,0,1,1,1,1,1,5,6,1
17651,0:1:1;0:1:1;0:3:2;1:1:1,1,5,1,1,1,0,1,1,1,1,1,5,6,1
17652,0:1:1;0:1:1;0:3:2;1:1:1,2,0,0,0,0,1,0,0,0,0,0,0,5,24
17653,0:1:1;0:1:1;0:3:2;1:1:1,2,1,0,0,0,1,0,0,0,0,0,0,12,24
17654,0:1:1;0:1:1;0:3:2;1:1:1,2,2,0,0,0,1,0,0,0,0,0,0,19,24
17655,0:1:1;0:1:1;0:3:2;1:1:1,2,3,1,1,1,0,1,1,1,1,1,5,6,2
17656,0:1:1;0:1:1;0:3:2;1:1:1,2,4,1,1,1,0,1,1,1,1,1,5,6,1
17657,0:1:1;0:1:1;0:3:2;1:1:1,2,5,1,1,1,0,1,1,1,1,1,5,6,1
17658,0:1:1;0:1:1;0:3:2;1:1:1,3,0,0,0,0,1,0,0,0,0,0,0,5,24
17659,0:1:1;0:1:1;0:3:2;1:1:1,3,1,0,0,0,1,0,0,0,0,0,0,12,24
17660,0:1:1;0:1:1;0:3:2;1:1:1,3,2,0,0,0,1,0,0,0,0,0,0,19,24
17661,0:1:1;0:1:1;0:3:2;1:1:1,3,3,1,1,1,0,1,1,1,1,1,5,6,2
17662,0:1:1;0:1:1;0:3:2;1:1:1,3,4,1,1,1,0,1,1,1,1,1,5,6,1
17663,0:1:1;0:1:1;0:3:2;1:1:1,3,5,1,1,1,0,1,1,1,1,1,5,6,1
17664,0:1:1;0:1:1;0:3:2;1:1:1,4,0,0,0,0,1,0,0,0,0,0,0,5,24
17665,0:1:1;0:1:1;0:3:2;1:1:1,4,1,0,0,0,1,0,0,0,0,0,0,12,24
17666,0:1:1;0:1:1;0:3:2;1:1:1,4,2,0,0,0,1,0,0,0,0,0,0,19,24
17667,0:1:1;0:1:1;0:3:2;1:1:1,4,3,1,1,1,0,1,1,1,1,1,5,6,2
17668,0:1:1;0:1:1;0:3:2;1:1:1,4,4,1,1,1,0,1,1,1,1,1,5,6,1
17669,0:1:1;0:1:1;0:3:2;1:1:1,4,5,1,1,1,0,1,1,1,1,1,5,6,1
17670,0:1:1;0:1:1;0:3:2;1:1:1,5,0,0,0,0,1,0,0,0,0,0,0,5,24
17671,0:1:1;0:1:1;0:3:2;1:1:1,5,1,0,0,0,1,0,0,0,0,0,0,12,24
17672,0:1:1;0:1:1;0:3:2;1:1:1,5,2,0,0,0,1,0,0,0,0,0,0,19,24
17673,0:1:1;0:1:1;0:3:2;1:1:1,5,3,1,1,1,0,1,1,1,1,1,5,6,2
17674,0:1:1;0:1:1;0:3:2;1:1:1,5,4,1,1,1,0,1,1,1,1,1,5,6,1
17675,0:1:1;0:1:1;0:3:2;1:1:1,5,5,1,1,1,0,1,1,1,1,1,5,6,1
17676,0:1:1;0:1:1;0:3:2;1:2:1,0,0,0,0,0,1,0,0,0,0,0,0,1,24
17677,0:1:1;0:1:1;0:3:2;1:2:1,0,1,0,0,0,1,0,0,0,0,0,0,12,24
17678,0:1:1;0:1:1;0:3:2;1:2:1,0,2,1,1,1,0,1,1,1,1,1,5,6,2
17679,0:1:1;0:1:1;0:3:2;1:2:1,0,3,1,1,1,0,1,1,1,1,1,5,6,2
17680,0:1:1;0:1:1;0:3:2;1:2:1,0,4,1,1,1,0,1,1,1,1,1,5,6,1
17681,0:1:1;0:1:1;0:3:2;1:2:1,0,5,1,1,1,0,1,1,1,1,1,5,6,1
17682,0:1:1;0:1:1;0:3:2;1:2:1,1,0,0,0,0,1,0,0,0,0,0,0,9,24
17683,0:1:1;0:1:1;0:3:2;1:2:1,1,1,0,0,0,1,0,0,0,0,0,0,15,24
17684,0:1:1;0:1:1;0:3:2;1:2:1,1,2,1,1,1,0,1,1,1,1,1,5,6,2
17685,0:1:1;0:1:1;0:3:2;1:2:1,1,3,1,1,1,0,1,1,1,1,1,5,6,2
17686,0:1:1;0:1:1;0:3:2;1:2:1,1,4,1,1,1,0,1,1,1,1,1,5,6,1
17687,0:1:1;0:1:1;0:3:2;1:2:1,1,5,1,1,1,0,1,1,1,1,1,5,6,1
17688,0:1:1;0:1:1;0:3:2;1:2:1,2,0,0,0,0,1,0,0,0,0,0,0,9,24
17689,0:1:1;0:1:1;0:3:2;1:2:1,2,1,0,0,0,1,0,0,0,0,0,0,15,24
17690,0:1:1;0:1:1;0:3:2;1:2:1,2,2,1,1,1,0,1,1,1,1,1,5,6,2
17691,0:1:1;0:1:1;0:3:2;1:2:1,2,3,1,1,1,0,1,1,1,1,1,5,6,2
17692,0:1:1;0:1:1;0:3:2;1:2:1,2,4,1,1,1,0,1,1,1,1,1,5,6,1
17693,0:1:1;0:1:1;0:3:2;1:2:1,2,5,1,1,1,0,1,1,1,1,1,5,6,1
17694,0:1:1;0:1:1;0:3:2;1:2:1,3,0,0,0,0,1,0,0,0,0,0,0,9,24
17695,0:1:1;0:1:1;0:3:2;1:2:1,3,1,0,0,0,1,0,0,0,0,0,0,15,24
17696,0:1:1;0:1:1;0:3:2;1:2:1,3,2,1,1,1,0,1,1,1,1,1,5,6,2
17697,0:1:1;0:1:1;0:3:2;1:2:1,3,3,1,1,1,0,1,1,1,1,1,5,6,2
17698,0:1:1;0:1:1;0:3:2;1:2:1,3,4,1,1,1,0,1,1,1,1,1,5,6,1
17699,0:1:1;0:1:1;0:3:2;1:2:1,3,5,1,1,1,0,1,1,1,1,1,5,6,1
17700,0:1:1;0:1:1;0:3:2;1:2:1,4,0,0,0,0,1,0,0,0,0,0,0,9,24
17701,0:1:1;0:1:1;0:3:2;1:2:1,4,1,0,0,0,1,0,0,0,0,0,0,15,24
17702,0:1:1;0:1:1;0:3:2;1:2:1,4,2,1,1,1,0,1,1,1,1,1,5,6,2
17703,0:1:1;0:1:1;0:3:2;1:2:1,4,3,1,1,1,0,1,1,1,1,1,5,6,2
17704,0:1:1;0:1:1;0:3:2;1:2:1,4,4,1,1,1,0,1,1,1,1,1,5,6,1
17705,0:1:1;0:1:1;0:3:2;1:2:1,4,5,1,1,1,0,1,1,1,1,1,5,6,1
17706,0:1:1;0:1:1;0:3:2;1:2:1,5,0,0,0,0,1,0,0,0,0,0,0,9,24
17707,0:1:1;0:1:1;0:3:2;1:2:1,5,1,0,0,0,1,0,0,0,0,0,0,15,24
17708,0:1:1;0:1:1;0:3:2;1:2:1,5,2,1,1,1,0,1,1,1,1,1,5,6,2
17709,0:1:1;0:1:1;0:3:2;1:2:1,5,3,1,1,1,0,1,1,1,1,1,5,6,2
17710,0:1:1;0:1:1;0:3:2;1:2:1,5,4,1,1,1,0,1,1,1,1,1,5,6,1
17711,0:1:1;0:1:1;0:3:2;1:2:1,5,5,1,1,1,0,1,1,1,1,1,5,6,1
17712,0:1:1;0:1:1;0:3:2;1:2:2,0,0,0,0,0,1,0,0,0,0,0,0,1,24
17713,0:1:1;0:1:1;0:3:2;1:2:2,0,1,0,0,0,1,0,0,0,0,0,0,6,24
17714,0:1:1;0:1:1;0:3:2;1:2:2,0,2,1,1,0,0,1,1,1,1,1,5,7,2
17715,0:1:1;0:1:1;0:3:2;1:2:2,0,3,1,1,1,0,1,1,1,1,1,5,7,2
17716,0:1:1;0:1:1;0:3:2;1:2:2,0,4,1,1,1,0,1,1,1,1,1,5,7,1
17717,0:1:1;0:1:1;0:3:2;1:2:2,0,5,1,1,1,0,1,1,1,1,1,5,7,1
17718,0:1:1;0:1:1;0:3:2;1:2:2,1,0,0,0,0,1,0,0,0,0,0,0,2,24
17719,0:1:1;0:1:1;0:3:2;1:2:2,1,1,0,0,0,1,0,0,0,0,0,0,16,24
17720,0:1:1;0:1:1;0:3:2;1:2:2,1,2,1,1,1,0,1,1,1,1,1,5,7,2
17721,0:1:1;0:1:1;0:3:2;1:2:2,1,3,1,1,1,0,1,1,1,1,1,5,7,2
17722,0:1:1;0:1:1;0:3:2;1:2:2,1,4,1,1,1,0,1,1,1,1,1,5,7,1
17723,0:1:1;0:1:1;0:3:2;1:2:2,1,5,1,1,1,0,1,1,1,1,1,5,7,1
17724,0:1:1;0:1:1;0:3:2;1:2:2,2,0,0,0,0,1,0,0,0,0,0,0,10,24
17725,0:1:1;0:1:1;0:3:2;1:2:2,2,1,0,0,0,1,0,0,0,0,0,0,19,24
17726,0:1:1;0:1:1;0:3:2;1:2:2,2,2,1,1,1,0,1,1,1,1,1,5,7,2
17727,0:1:1;0:1:1;0:3:2;1:2:2,2,3,1,1,1,0,1,1,1,1,1,5,7,2
17728,0:1:1;0:1:1;0:3:2;1:2:2,2,4,1,1,1,0,1,1,1,1,1,5,7,1
17729,0:1:1;0:1:1;0:3:2;1:2:2,2,5,1,1,1,0,1,1,1,1,1,5,7,1
17730,0:1:1;0:1:1;0:3:2;1:2:2,3,0,0,0,0,1,0,0,0,0,0,0,10,24
17731,0:1:1;0:1:1;0:3:2;1:2:2,3,1,0,0,0,1,0,0,0,0,0,0,19,24
17732,0:1:1;0:1:1;0:3:2;1:2:2,3,2,1,1,1,0,1,1,1,1,1,5,7,2
17733,0:1:1;0:1:1;0:3:2;1:2:2,3,3,1,1,1,0,1,1,1,1,1,5,7,2
17734,0:1:1;0:1:1;0:3:2;1:2:2,3,4,1,1,1,0,1,1,1,1,1,5,7,1
17735,0:1:1;0:1:1;0:3:2;1:2:2,3,5,1,1,1,0,1,1,1,1,1,5,7,1
17736,0:1:1;0:1:1;0:3:2;1:2:2,4,0,0,0,0,1,0,0,0,0,0,0,10,24
17737,0:1:1;0:1:1;0:3:2;1:2:2,4,1,0,0,0,1,0,0,0,0,0,0,19,24
17738,0:1:1;0:1:1;0:3:2;1:2:2,4,2,1,1,1,0,1,1,1,1,1,5,7,2
17739,0:1:1;0:1:1;0:3:2;1:2:2,4,3,1,1,1,0,1,1,1,1,1,5,7,2
17740,0:1:1;0:1:1;0:3:2;1:2:2,4,4,1,1,1,0,1,1,1,1,1,5,7,1
17741,0:1:1;0:1:1;0:3:2;1:2:2,4,5,1,1,1,0,1,1,1,1,1,5,7,1
17742,0:1:1;0:1:1;0:3:2;1:2:2,5,0,0,0,0,1,0,0,0,0,0,0,10,24
17743,0:1:1;0:1:1;0:3:2;1:2:2,5,1,0,0,0,1,0,0,0,0,0,0,19,24
17744,0:1:1;0:1:1;0:3:2;1:2:2,5,2,1,1,1,0,1,1,1,1,1,5,7,2
17745,0:1:1;0:1:1;0:3:2;1:2:2,5,3,1,1,1,0,1,1,1,1,1,5,7,2
17746,0:1:1;0:1:1;0:3:2;1:2:2,5,4,1,1,1,0,1,1,1,1,1,5,7,1
17747,0:1:1;0:1:1;0:3:2;1:2:2,5,5,1,1,1,0,1,1,1,1,1,5,7,1
17748,0:1:1;0:1:1;0:3:2;1:3:2,0,0,0,0,0,1,0,0,0,0,0,0,1,24
17749,0:1:1;0:1:1;0:3:2;1:3:2,0,1,1,0,0,1,0,0,0,0,0,3,6,24
17750,0:1:1;0:1:1;0:3:2;1:3:2,0,2,1,1,0,0,1,1,1,1,1,5,7,2
17751,0:1:1;0:1:1;0:3:2;1:3:2,0,3,1,1,1,0,1,1,1,1,1,5,7,2
17752,0:1:1;0:1:1;0:3:2;1:3:2,0,4,1,1,1,0,1,1,1,1,1,5,7,1
17753,0:1:1;0:1:1;0:3:2;1:3:2,0,5,1,1,1,0,1,1,1,1,1,5,7,1
17754,0:1:1;0:1:1;0:3:2;1:3:2,1,0,0,0,0,1,0,0,0,0,0,0,2,24
17755,0:1:1;0:1:1;0:3:2;1:3:2,1,1,1,1,0,0,1,1,1,1,1,5,7,5
17756,0:1:1;0:1:1;0:3:2;1:3:2,1,2,1,1,1,0,1,1,1,1,1,5,7,2
17757,0:1:1;0:1:1;0:3:2;1:3:2,1,3,1,1,1,0,1,1,1,1,1,5,7,2
17758,0:1:1;0:1:1;0:3:2;1:3:2,1,4,1,1,1,0,1,1,1,1,1,5,7,1
17759,0:1:1;0:1:1;0:3:2;1:3:2,1,5,1,1,1,0,1,1,1,1,1,5,7,1
17760,0:1:1;0:1:1;0:3:2;1:3:2,2,0,0,0,0,1,0,0,0,0,0,0,13,24
17761,0:1:1;0:1:1;0:3:2;1:3:2,2,1,1,1,1,0,1,1,1,1,1,5,7,5
17762,0:1:1;0:1:1;0:3:2;1:3:2,2,2,1,1,1,0,1,1,1,1,1,5,7,2
17763,0:1:1;0:1:1;0:3:2;1:3:2,2,3,1,1,1,0,1,1,1,1,1,5,7,2
17764,0:1:1;0:1:1;0:3:2;1:3:2,2,4,1,1,1,0,1,1,1,1,1,5,7,1
17765,0:1:1;0:1:1;0:3:2;1:3:2,2,5,1,1,1,0,1,1,1,1,1,5,7,1
17766,0:1:1;0:1:1;0:3:2;1:3:2,3,0,0,0,0,1,0,0,0,0,0,0,13,24
17767,0:1:1;0:1:1;0:3:2;1:3:2,3,1,1,1,1,0,1,1,1,1,1,5,7,5
17768,0:1:1;0:1:1;0:3:2;1:3:2,3,2,1,1,1,0,1,1,1,1,1,5,7,2
17769,0:1:1;0:1:1;0:3:2;1:3:2,3,3,1,1,1,0,1,1,1,1,1,5,7,2
17770,0:1:1;0:1:1;0:3:2;1:3:2,3,4,1,1,1,0,1,1,1,1,1,5,7,1
17771,0:1:1;0:1:1;0:3:2;1:3:2,3,5,1,1,1,0,1,1,1,1,1,5,7,1
17772,0:1:1;0:1:1;0:3:2;1:3:2,4,0,0,0,0,1,0,0,0,0,0,0,13,24
17773,0:1:1;0:1:1;0:3:2;1:3:2,4,1,1,1,1,0,1,1,1,1,1,5,7,5
17774,0:1:1;0:1:1;0:3:2;1:3:2,4,2,1,1,1,0,1,1,1,1,1,5,7,2
17775,0:1:1;0:1:1;0:3:2;1:3:2,4,3,1,1,1,0,1,1,1,1,1,5,7,2
17776,0:1:1;0:1:1;0:3:2;1:3:2,4,4,1,1,1,0,1,1,1,1,1,5,7,1
17777,0:1:1;0:1:1;0:3:2;1:3:2,4,5,1,1,1,0,1,1,1,1,1,5,7,1
17778,0:1:1;0:1:1;0:3:2;1:3:2,5,0,0,0,0,1,0,0,0,0,0,0,13,24
17779,0:1:1;0:1:1;0:3:2;1:3:2,5,1,1,1,1,0,1,1,1,1,1,5,7,5
17780,0:1:1;0:1:1;0:3:2;1:3:2,5,2,1,1,1,0,1,1,1,1,1,5,7,2
17781,0:1:1;0:1:1;0:3:2;1:3:2,5,3,1,1,1,0,1,1,1,1,1,5,7,2
17782,0:1:1;0:1:1;0:3:2;1:3:2,5,4,1,1,1,0,1,1,1,1,1,5,7,1
17783,0:1:1;0:1:1;0:3:2;1:3:2,5,5,1,1,1,0,1,1,1,1,1,5,7,1
17784,0:1:1;0:1:1;0:3:2;1:3:3,0,0,0,0,0,1,0,0,0,0,0,0,1,24
17785,0:1:1;0:1:1;0:3:2;1:3:3,0,1,1,0,0,1,0,0,0,0,0,3,6,24
17786,0:1:1;0:1:1;0:3:2;1:3:3,0,2,1,1,0,1,0,0,1,1,1,8,19,17
17787,0:1:1;0:1:1;0:3:2;1:3:3,0,3,1,1,0,1,0,0,1,1,1,6,14,4
17788,0:1:1;0:1:1;0:3:2;1:3:3,0,4,1,1,1,0,1,1,1,1,1,5,8,1
17789,0:1:1;0:1:1;0:3:2;1:3:3,0,5,1,1,1,0,1,1,1,1,1,5,8,1
17790,0:1:1;0:1:1;0:3:2;1:3:3,1,0,0,0,0,1,0,0,0,0,0,0,2,24
17791,0:1:1;0:1:1;0:3:2;1:3:3,1,1,1,0,0,1,0,0,0,0,0,3,10,24
17792,0:1:1;0:1:1;0:3:2;1:3:3,1,2,1,1,0,0,1,1,1,1,1,5,8,2
17793,0:1:1;0:1:1;0:3:2;1:3:3,1,3,1,1,1,0,1,1,1,1,1,5,8,2
17794,0:1:1;0:1:1;0:3:2;1:3:3,1,4,1,1,1,0,1,1,1,1,1,5,8,1
17795,0:1:1;0:1:1;0:3:2;1:3:3,1,5,1,1,1,0,1,1,1,1,1,5,8,1
17796,0:1:1;0:1:1;0:3:2;1:3:3,2,0,0,0,0,1,0,0,0,0,0,0,3,24
17797,0:1:1;0:1:1;0:3:2;1:3:3,2,1,1,1,0,0,1,1,1,1,1,5,8,5
17798,0:1:1;0:1:1;0:3:2;1:3:3,2,2,1,1,1,0,1,1,1,1,1,5,8,2
17799,0:1:1;0:1:1;0:3:2;1:3:3,2,3,1,1,1,0,1,1,1,1,1,5,8,2
17800,0:1:1;0:1:1;0:3:2;1:3:3,2,4,1,1,1,0,1,1,1,1,1,5,8,1
17801,0:1:1;0:1:1;0:3:2;1:3:3,2,5,1,1,1,0,1,1,1,1,1,5,8,1
17802,0:1:1;0:1:1;0:3:2;1:3:3,3,0,0,0,0,1,0,0,0,0,0,0,14,24
17803,0:1:1;0:1:1;0:3:2;1:3:3,3,1,1,1,1,0,1,1,1,1,1,5,8,5
17804,0:1:1;0:1:1;0:3:2;1:3:3,3,2,1,1,1,0,1,1,1,1,1,5,8,2
17805,0:1:1;0:1:1;0:3:2;1:3:3,3,3,1,1,1,0,1,1,1,1,1,5,8,2
17806,0:1:1;0:1:1;0:3:2;1:3:3,3,4,1,1,1,0,1,1,1,1,1,5,8,1
17807,0:1:1;0:1:1;0:3:2;1:3:3,3,5,1,1,1,0,1,1,1,1,1,5,8,1
17808,0:1:1;0:1:1;0:3:2;1:3:3,4,0,0,0,0,1,0,0,0,0,0,0,14,24
17809,0:1:1;0:1:1;0:3:2;1:3:3,4,1,1,1,1,0,1,1,1,1,1,5,8,5
17810,0:1:1;0:1:1;0:3:2;1:3:3,4,2,1,1,1,0,1,1,1,1,1,5,8,2
17811,0:1:1;0:1:1;0:3:2;1:3:3,4,3,1,1,1,0,1,1,1,1,1,5,8,2
17812,0:1:1;0:1:1;0:3:2;1:3:3,4,4,1,1,1,0,1,1,1,1,1,5,8,1
17813,0:1:1;0:1:1;0:3:2;1:3:3,4,5,1,1,1,0,1,1,1,1,1,5,8,1
17814,0:1:1;0:1:1;0:3:2;1:3:3,5,0,0,0,0,1,0,0,0,0,0,0,14,24
17815,0:1:1;0:1:1;0:3:2;1:3:3,5,1,1,1,1,0,1,1,1,1,1,5,8,5
17816,0:1:1;0:1:1;0:3:2;1:3:3,5,2,1,1,1,0,1,1,1,1,1,5,8,2
17817,0:1:1;0:1:1;0:3:2;1:3:3,5,3,1,1,1,0,1,1,1,1,1,5,8,2
17818,0:1:1;0:1:1;0:3:2;1:3:3,5,4,1,1,1,0,1,1,1,1,1,5,8,1
17819,0:1:1;0:1:1;0:3:2;1:3:3,5,5,1,1,1,0,1,1,1,1,1,5,8,1
17820,0:1:1;0:1:1;0:3:2;1:4:3,0,0,1,0,0,1,0,0,0,0,0,1,1,24
17821,0:1:1;0:1:1;0:3:2;1:4:3,0,1,1,0,0,1,0,0,0,0,0,3,6,24
17822,0:1:1;0:1:1;0:3:2;1:4:3,0,2,1,1,0,1,0,0,1,1,1,8,19,17
17823,0:1:1;0:1:1;0:3:2;1:4:3,0,3,1,1,0,1,0,0,1,1,1,6,14,4
17824,0:1:1;0:1:1;0:3:2;1:4:3,0,4,1,1,1,0,1,1,1,1,1,5,8,1
17825,0:1:1;0:1:1;0:3:2;1:4:3,0,5,1,1,1,0,1,1,1,1,1,5,8,1
17826,0:1:1;0:1:1;0:3:2;1:4:3,1,0,1,0,0,1,0,0,0,0,0,1,2,24
17827,0:1:1;0:1:1;0:3:2;1:4:3,1,1,1,0,0,1,0,0,0,0,0,3,10,24
17828,0:1:1;0:1:1;0:3:2;1:4:3,1,2,1,1,0,0,1,1,1,1,1,5,8,2
17829,0:1:1;0:1:1;0:3:2;1:4:3,1,3,1,1,1,0,1,1,1,1,1,5,8,2
17830,0:1:1;0:1:1;0:3:2;1:4:3,1,4,1,1,1,0,1,1,1,1,1,5,8,1
17831,0:1:1;0:1:1;0:3:2;1:4:3,1,5,1,1,1,0,1,1,1,1,1,5,8,1
17832,0:1:1;0:1:1;0:3:2;1:4:3,2,0,1,0,0,1,0,0,0,0,0,1,3,24
17833,0:1:1;0:1:1;0:3:2;1:4:3,2,1,1,1,0,0,1,1,1,1,1,5,8,5
17834,0:1:1;0:1:1;0:3:2;1:4:3,2,2,1,1,1,0,1,1,1,1,1,5,8,2
17835,0:1:1;0:1:1;0:3:2;1:4:3,2,3,1,1,1,0,1,1,1,1,1,5,8,2
17836,0:1:1;0:1:1;0:3:2;1:4:3,2,4,1,1,1,0,1,1,1,1,1,5,8,1
17837,0:1:1;0:1:1;0:3:2;1:4:3,2,5,1,1,1,0,1,1,1,1,1,5,8,1
17838,0:1:1;0:1:1;0:3:2;1:4:3,3,0,1,1,0,0,1,1,1,1,1,5,8,19
17839,0:1:1;0:1:1;0:3:2;1:4:3,3,1,1,1,1,0,1,1,1,1,1,5,8,5
17840,0:1:1;0:1:1;0:3:2;1:4:3,3,2,1,1,1,0,1,1,1,1,1,5,8,2
17841,0:1:1;0:1:1;0:3:2;1:4:3,3,3,1,1,1,0,1,1,1,1,1,5,8,2
17842,0:1:1;0:1:1;0:3:2;1:4:3,3,4,1,1,1,0,1,1,1,1,1,5,8,1
17843,0:1:1;0:1:1;0:3:2;1:4:3,3,5,1,1,1,0,1,1,1,1,1,5,8,1
17844,0:1:1;0:1:1;0:3:2;1:4:3,4,0,1,1,1,0,1,1,1,1,1,5,8,19
17845,0:1:1;0:1:1;0:3:2;1:4:3,4,1,1,1,1,0,1,1,1,1,1,5,8,5
17846,0:1:1;0:1:1;0:3:2;1:4:3,4,2,1,1,1,0,1,1,1,1,1,5,8,2
17847,0:1:1;0:1:1;0:3:2;1:4:3,4,3,1,1,1,0,1,1,1,1,1,5,8,2
17848,0:1:1;0:1:1;0:3:2;1:4:3,4,4,1,1,1,0,1,1,1,1,1,5,8,1
17849,0:1:1;0:1:1;0:3:2;1:4:3,4,5,1,1,1,0,1,1,1,1,1,5,8,1
17850,0:1:1;0:1:1;0:3:2;1:4:3,5,0,1,1,1,0,1,1,1,1,1,5,8,19
17851,0:1:1;0:1:1;0:3:2;1:4:3,5,1,1,1,1,0,1,1,1,1,1,5,8,5
17852,0:1:1;0:1:1;0:3:2;1:4:3,5,2,1,1,1,0,1,1,1,1,1,5,8,2
17853,0:1:1;0:1:1;0:3:2;1:4:3,5,3,1,1,1,0,1,1,1,1,1,5,8,2
17854,0:1:1;0:1:1;0:3:2;1:4:3,5,4,1,1,1,0,1,1,1,1,1,5,8,1
17855,0:1:1;0:1:1;0:3:2;1:4:3,5,5,1,1,1,0,1,1,1,1,1,5,8,1
17856,0:1:1;0:1:1;0:3:3;0:3:3,0,0,0,0,0,1,0,0,0,0,0,0,1,24
17857,0:1:1;0:1:1;0:3:3;0:3:3,0,1,0,0,0,1,0,0,0,0,0,0,5,24
17858,0:1:1;0:1:1;0:3:3;0:3:3,0,2,0,0,0,1,0,0,0,0,0,0,13,24
17859,0:1:1;0:1:1;0:3:3;0:3:3,0,3,0,0,0,1,0,0,0,0,0,0,25,24
17860,0:1:1;0:1:1;0:3:3;0:3:3,0,4,0,0,0,1,0,0,0,0,0,0,39,24
17861,0:1:1;0:1:1;0:3:3;0:3:3,0,5,0,0,0,1,0,0,0,0,0,0,51,24
17862,0:1:1;0:1:1;0:3:3;0:3:3,1,0,0,0,0,1,0,0,0,0,0,0,1,24
17863,0:1:1;0:1:1;0:3:3;0:3:3,1,1,0,0,0,1,0,0,0,0,0,0,5,24
17864,0:1:1;0:1:1;0:3:3;0:3:3,1,2,0,0,0,1,0,0,0,0,0,0,13,24
17865,0:1:1;0:1:1;0:3:3;0:3:3,1,3,0,0,0,1,0,0,0,0,0,0,25,24
17866,0:1:1;0:1:1;0:3:3;0:3:3,1,4,0,0,0,1,0,0,0,0,0,0,39,24
17867,0:1:1;0:1:1;0:3:3;0:3:3,1,5,0,0,0,1,0,0,0,0,0,0,51,24
17868,0:1:1;0:1:1;0:3:3;0:3:3,2,0,0,0,0,1,0,0,0,0,0,0,1,24
17869,0:1:1;0:1:1;0:3:3;0:3:3,2,1,0,0,0,1,0,0,0,0,0,0,5,24
17870,0:1:1;0:1:1;0:3:3;0:3:3,2,2,0,0,0,1,0,0,0,0,0,0,13,24
17871,0:1:1;0:1:1;0:3:3;0:3:3,2,3,0,0,0,1,0,0,0,0,0,0,25,24
17872,0:1:1;0:1:1;0:3:3;0:3:3,2,4,0,0,0,1,0,0,0,0,0,0,39,24
17873,0:1:1;0:1:1;0:3:3;0:3:3,2,5,0,0,0,1,0,0,0,0,0,0,51,24
17874,0:1:1;0:1:1;0:3:3;0:3:3,3,0,0,0,0,1,0,0,0,0,0,0,1,24
17875,0:1:1;0:1:1;0:3:3;0:3:3,3,1,0,0,0,1,0,0,0,0,0,0,5,24
17876,0:1:1;0:1:1;0:3:3;0:3:3,3,2,0,0,0,1,0,0,0,0,0,0,13,24
17877,0:1:1;0:1:1;0:3:3;0:3:3,3,3,0,0,0,1,0,0,0,0,0,0,25,24
17878,0:1:1;0:1:1;0:3:3;0:3:3,3,4,0,0,0,1,0,0,0,0,0,0,39,24
17879,0:1:1;0:1:1;0:3:3;0:3:3,3,5,0,0,0,1,0,0,0,0,0,0,51,24
17880,0:1:1;0:1:1;0:3:3;0:3:3,4,0,0,0,0,1,0,0,0,0,0,0,1,24
17881,0:1:1;0:1:1;0:3:3;0:3:3,4,1,0,0,0,1,0,0,0,0,0,0,5,24
17882,0:1:1;0:1:1;0:3:3;0:3:3,4,2,0,0,0,1,0,0,0,0,0,0,13,24
17883,0:1:1;0:1:1;0:3:3;0:3:3,4,3,0,0,0,1,0,0,0,0,0,0,25,24
17884,0:1:1;0:1:1;0:3:3;0:3:3,4,4,0,0,0,1,0,0,0,0,0,0,39,24
17885,0:1:1;0:1:1;0:3:3;0:3:3,4,5,0,0,0,1,0,0,0,0,0,0,51,24
17886,0:1:1;0:1:1;0:3:3;0:3:3,5,0,0,0,0,1,0,0,0,0,0,0,1,24
17887,0:1:1;0:1:1;0:3:3;0:3:3,5,1,0,0,0,1,0,0,0,0,0,0,5,24
17888,0:1:1;0:1:1;0:3:3;0:3:3,5,2,0,0,0,1,0,0,0,0,0,0,13,24
17889,0:1:1;0:1:1;0:3:3;0:3:3,5,3,0,0,0,1,0,0,0,0,0,0,25,24
17890,0:1:1;0:1:1;0:3:3;0:3:3,5,4,0,0,0,1,0,0,0,0,0,0,39,24
17891,0:1:1;0:1:1;0:3:3;0:3:3,5,5,0,0,0,1,0,0,0,0,0,0,51,24
17892,0:1:1;0:1:1;0:3:3;0:4:3,0,0,0,0,0,1,0,0,0,0,0,0,1,24
17893,0:1:1;0:1:1;0:3:3;0:4:3,0,1,0,0,0,1,0,0,0,0,0,0,5,24
17894,0:1:1;0:1:1;0:3:3;0:4:3,0,2,0,0,0,1,0,0,0,0,0,0,13,24
17895,0:1:1;0:1:1;0:3:3;0:4:3,0,3,0,0,0,1,0,0,0,0,0,0,25,24
17896,0:1:1;0:1:1;0:3:3;0:4:3,0,4,0,0,0,1,0,0,0,0,0,0,39,24
17897,0:1:1;0:1:1;0:3:3;0:4:3,0,5,0,0,0,1,0,0,0,0,0,0,51,24
17898,0:1:1;0:1:1;0:3:3;0:4:3,1,0,0,0,0,1,0,0,0,0,0,0,1,24
17899,0:1:1;0:1:1;0:3:3;0:4:3,1,1,0,0,0,1,0,0,0,0,0,0,5,24
17900,0:1:1;0:1:1;0:3:3;0:4:3,1,2,0,0,0,1,0,0,0,0,0,0,13,24
17901,0:1:1;0:1:1;0:3:3;0:4:3,1,3,0,0,0,1,0,0,0,0,0,0,25,24
17902,0:1:1;0:1:1;0:3:3;0:4:3,1,4,0,0,0,1,0,0,0,0,0,0,39,24
17903,0:1:1;0:1:1;0:3:3;0:4:3,1,5,0,0,0,1,0,0,0,0,0,0,51,24
17904,0:1:1;0:1:1;0:3:3;0:4:3,2,0,0,0,0,1,0,0,0,0,0,0,1,24
17905,0:1:1;0:1:1;0:3:3;0:4:3,2,1,0,0,0,1,0,0,0,0,0,0,5,24
17906,0:1:1;0:1:1;0:3:3;0:4:3,2,2,0,0,0,1,0,0,0,0,0,0,13,24
17907,0:1:1;0:1:1;0:3:3;0:4:3,2,3,0,0,0,1,0,0,0,0,0,0,25,24
17908,0:1:1;0:1:1;0:3:3;0:4:3,2,4,0,0,0,1,0,0,0,0,0,0,39,24
17909,0:1:1;0:1:1;0:3:3;0:4:3,2,5,0,0,0,1,0,0,0,0,0,0,51,24
17910,0:1:1;0:1:1;0:3:3;0:4:3,3,0,0,0,0,1,0,0,0,0,0,0,1,24
17911,0:1:1;0:1:1;0:3:3;0:4:3,3,1,0,0,0,1,0,0,0,0,0,0,5,24
17912,0:1:1;0:1:1;0:3:3;0:4:3,3,2,0,0,0,1,0,0,0,0,0,0,13,24
17913,0:1:1;0:1:1;0:3:3;0:4:3,3,3,0,0,0,1,0,0,0,0,0,0,25,24
17914,0:1:1;0:1:1;0:3:3;0:4:3,3,4,0,0,0,1,0,0,0,0,0,0,39,24
17915,0:1:1;0:1:1;0:3:3;0:4:3,3,5,0,0,0,1,0,0,0,0,0,0,51,24
17916,0:1:1;0:1:1;0:3:3;0:4:3,4,0,0,0,0,1,0,0,0,0,0,0,1,24
17917,0:1:1;0:1:1;0:3:3;0:4:3,4,1,0,0,0,1,0,0,0,0,0,0,5,24
17918,0:1:1;0:1:1;0:3:3;0:4:3,4,2,0,0,0,1,0,0,0,0,0,0,13,24
17919,0:1:1;0:1:1;0:3:3;0:4:3,4,3,0,0,0,1,0,0,0,0,0,0,25,24
17920,0:1:1;0:1:1;0:3:3;0:4:3,4,4,0,0,0,1,0,0,0,0,0,0,39,24
17921,0:1:1;0:1:1;0:3:3;0:4:3,4,5,0,0,0,1,0,0,0,0,0,0,51,24
17922,0:1:1;0:1:1;0:3:3;0:4:3,5,0,0,0,0,1,0,0,0,0,0,0,1,24
17923,0:1:1;0:1:1;0:3:3;0:4:3,5,1,0,0,0,1,0,0,0,0,0,0,5,24
17924,0:1:1;0:1:1;0:3:3;0:4:3,5,2,0,0,0,1,0,0,0,0,0,0,13,24
17925,0:1:1;0:1:1;0:3:3;0:4:3,5,3,0,0,0,1,0,0,0,0,0,0,25,24
17926,0:1:1;0:1:1;0:3:3;0:4:3,5,4,0,0,0,1,0,0,0,0,0,0,39,24
17927,0:1:1;0:1:1;0:3:3;0:4:3,5,5,0,0,0,1,0,0,0,0,0,0,51,24
17928,0:1:1;0:1:1;0:3:3;1:1:1,0,0,0,0,0,1,0,0,0,0,0,0,1,24
17929,0:1:1;0:1:1;0:3:3;1:1:1,0,1,0,0,0,1,0,0,0,0,0,0,9,24
17930,0:1:1;0:1:1;0:3:3;1:1:1,0,2,0,0,0,1,0,0,0,0,0,0,16,24
17931,0:1:1;0:1:1;0:3:3;1:1:1,0,3,0,0,0,1,0,0,0,0,0,0,24,24
17932,0:1:1;0:1:1;0:3:3;1:1:1,0,4,1,1,1,0,1,1,1,1,1,5,7,2
17933,0:1:1;0:1:1;0:3:3;1:1:1,0,5,1,1,1,0,1,1,1,1,1,5,7,1
17934,0:1:1;0:1:1;0:3:3;1:1:1,1,0,0,0,0,1,0,0,0,0,0,0,5,24
17935,0:1:1;0:1:1;0:3:3;1:1:1,1,1,0,0,0,1,0,0,0,0,0,0,12,24
17936,0:1:1;0:1:1;0:3:3;1:1:1,1,2,0,0,0,1,0,0,0,0,0,0,20,24
17937,0:1:1;0:1:1;0:3:3;1:1:1,1,3,0,0,0,1,0,0,0,0,0,0,27,24
17938,0:1:1;0:1:1;0:3:3;1:1:1,1,4,1,1,1,0,1,1,1,1,1,5,7,2
17939,0:1:1;0:1:1;0:3:3;1:1:1,1,5,1,1,1,0,1,1,1,1,1,5,7,1
17940,0:1:1;0:1:1;0:3:3;1:1:1,2,0,0,0,0,1,0,0,0,0,0,0,5,24
17941,0:1:1;0:1:1;0:3:3;1:1:1,2,1,0,0,0,1,0,0,0,0,0,0,12,24
17942,0:1:1;0:1:1;0:3:3;1:1:1,2,2,0,0,0,1,0,0,0,0,0,0,20,24
17943,0:1:1;0:1:1;0:3:3;1:1:1,2,3,0,0,0,1,0,0,0,0,0,0,27,24
17944,0:1:1;0:1:1;0:3:3;1:1:1,2,4,1,1,1,0,1,1,1,1,1,5,7,2
17945,0:1:1;0:1:1;0:3:3;1:1:1,2,5,1,1,1,0,1,1,1,1,1,5,7,1
17946,0:1:1;0:1:1;0:3:3;1:1:1,3,0,0,0,0,1,0,0,0,0,0,0,5,24
17947,0:1:1;0:1:1;0:3:3;1:1:1,3,1,0,0,0,1,0,0,0,0,0,0,12,24
17948,0:1:1;0:1:1;0:3:3;1:1:1,3,2,0,0,0,1,0,0,0,0,0,0,20,24
17949,0:1:1;0:1:1;0:3:3;1:1:1,3,3,0,0,0,1,0,0,0,0,0,0,27,24
17950,0:1:1;0:1:1;0:3:3;1:1:1,3,4,1,1,1,0,1,1,1,1,1,5,7,2
17951,0:1:1;0:1:1;0:3:3;1:1:1,3,5,1,1,1,0,1,1,1,1,1,5,7,1
17952,0:1:1;0:1:1;0:3:3;1:1:1,4,0,0,0,0,1,0,0,0,0,0,0,5,24
17953,0:1:1;0:1:1;0:3:3;1:1:1,4,1,0,0,0,1,0,0,0,0,0,0,12,24
17954,0:1:1;0:1:1;0:3:3;1:1:1,4,2,0,0,0,1,0,0,0,0,0,0,20,24
17955,0:1:1;0:1:1;0:3:3;1:1:1,4,3,0,0,0,1,0,0,0,0,0,0,27,24
17956,0:1:1;0:1:1;0:3:3;1:1:1,4,4,1,1,1,0,1,1,1,1,1,5,7,2
17957,0:1:1;0:1:1;0:3:3;1:1:1,4,5,1,1,1,0,1,1,1,1,1,5,7,1
17958,0:1:1;0:1:1;0:3:3;1:1:1,5,0,0,0,0,1,0,0,0,0,0,0,5,24
17959,0:1:1;0:1:1;0:3:3;1:1:1,5,1,0,0,0,1,0,0,0,0,0,0,12,24
17960,0:1:1;0:1:1;0:3:3;1:1:1,5,2,0,0,0,1,0,0,0,0,0,0,20,24
17961,0:1:1;0:1:1;0:3:3;1:1:1,5,3,0,0,0,1,0,0,0,0,0,0,27,24
17962,0:1:1;0:1:1;0:3:3;1:1:1,5,4,1,1,1,0,1,1,1,1,1,5,7,2
17963,0:1:1;0:1:1;0:3:3;1:1:1,5,5,1,1,1,0,1,1,1,1,1,5,7,1
17964,0:1:1;0:1:1;0:3:3;1:2:1,0,0,0,0,0,1,0,0,0,0,0,0,1,24
17965,0:1:1;0:1:1;0:3:3;1:2:1,0,1,0,0,0,1,0,0,0,0,0,0,12,24
17966,0:1:1;0:1:1;0:3:3;1:2:1,0,2,0,0,0,1,0,0,0,0,0,0,19,24
17967,0:1:1;0:1:1;0:3:3;1:2:1,0,3,1,1,1,0,1,1,1,1,1,5,7,2
17968,0:1:1;0:1:1;0:3:3;1:2:1,0,4,1,1,1,0,1,1,1,1,1,5,7,2
17969,0:1:1;0:1:1;0:3:3;1:2:1,0,5,1,1,1,0,1,1,1,1,1,5,7,1
17970,0:1:1;0:1:1;0:3:3;1:2:1,1,0,0,0,0,1,0,0,0,0,0,0,9,24
17971,0:1:1;0:1:1;0:3:3;1:2:1,1,1,0,0,0,1,0,0,0,0,0,0,16,24
17972,0:1:1;0:1:1;0:3:3;1:2:1,1,2,0,0,0,1,0,0,0,0,0,0,23,24
17973,0:1:1;0:1:1;0:3:3;1:2:1,1,3,1,1,1,0,1,1,1,1,1,5,7,2
17974,0:1:1;0:1:1;0:3:3;1:2:1,1,4,1,1,1,0,1,1,1,1,1,5,7,2
17975,0:1:1;0:1:1;0:3:3;1:2:1,1,5,1,1,1,0,1,1,1,1,1,5,7,1
17976,0:1:1;0:1:1;0:3:3;1:2:1,2,0,0,0,0,1,0,0,0,0,0,0,9,24
17977,0:1:1;0:1:1;0:3:3;1:2:1,2,1,0,0,0,1,0,0,0,0,0,0,16,24
17978,0:1:1;0:1:1;0:3:3;1:2:1,2,2,0,0,0,1,0,0,0,0,0,0,23,24
17979,0:1:1;0:1:1;0:3:3;1:2:1,2,3,1,1,1,0,1,1,1,1,1,5,7,2
17980,0:1:1;0:1:1;0:3:3;1:2:1,2,4,1,1,1,0,1,1,1,1,1,5,7,2
17981,0:1:1;0:1:1;0:3:3;1:2:1,2,5,1,1,1,0,1,1,1,1,1,5,7,1
17982,0:1:1;0:1:1;0:3:3;1:2:1,3,0,0,0,0,1,0,0,0,0,0,0,9,24
17983,0:1:1;0:1:1;0:3:3;1:2:1,3,1,0,0,0,1,0,0,0,0,0,0,16,24
17984,0:1:1;0:1:1;0:3:3;1:2:1,3,2,0,0,0,1,0,0,0,0,0,0,23,24
17985,0:1:1;0:1:1;0:3:3;1:2:1,3,3,1,1,1,0,1,1,1,1,1,5,7,2
17986,0:1:1;0:1:1;0:3:3;1:2:1,3,4,1,1,1,0,1,1,1,1,1,5,7,2
17987,0:1:1;0:1:1;0:3:3;1:2:1,3,5,1,1,1,0,1,1,1,1,1,5,7,1
17988,0:1:1;0:1:1;0:3:3;1:2:1,4,0,0,0,0,1,0,0,0,0,0,0,9,24
17989,0:1:1;0:1:1;0:3:3;1:2:1,4,1,0,0,0,1,0,0,0,0,0,0,16,24
17990,0:1:1;0:1:1;0:3:3;1:2:1,4,2,0,0,0,1,0,0,0,0,0,0,23,24
17991,0:1:1;0:1:1;0:3:3;1:2:1,4,3,1,1,1,0,1,1,1,1,1,5,7,2
17992,0:1:1;0:1:1;0:3:3;1:2:1,4,4,1,1,1,0,1,1,1,1,1,5,7,2
17993,0:1:1;0:1:1;0:3:3;1:2:1,4,5,1,1,1,0,1,1,1,1,1,5,7,1
17994,0:1:1;0:1:1;0:3:3;1:2:1,5,0,0,0,0,1,0,0,0,0,0,0,9,24
17995,0:1:1;0:1:1;0:3:3;1:2:1,5,1,0,0,0,1,0,0,0,0,0,0,16,24
17996,0:1:1;0:1:1;0:3:3;1:2:1,5,2,0,0,0,1,0,0,0,0,0,0,23,24
17997,0:1:1;0:1:1;0:3:3;1:2:1,5,3,1,1,1,0,1,1,1,1,1,5,7,2
17998,0:1:1;0:1:1;0:3:3;1:2:1,5,4,1,1,1,0,1,1,1,1,1,5,7,2
17999,0:1:1;0:1:1;0:3:3;1:2:1,5,5,1,1,1,0,1,1,1,1,1,5,7,1
18000,0:1:1;0:1:1;0:3:3;1:2:2,0,0,0,0,0,1,0,0,0,0,0,0,1,24
18001,0:1:1;0:1:1;0:3:3;1:2:2,0,1,0,0,0,1,0,0,0,0,0,0,6,24
18002,0:1:1;0:1:1;0:3:3;1:2:2,0,2,0,0,0,1,0,0,0,0,0,0,16,24
18003,0:1:1;0:1:1;0:3:3;1:2:2,0,3,1,1,0,0,1,1,1,1,1,5,8,2
18004,0:1:1;0:1:1;0:3:3;1:2:2,0,4,1,1,1,0,1,1,1,1,1,5,8,2
18005,0:1:1;0:1:1;0:3:3;1:2:2,0,5,1,1,1,0,1,1,1,1,1,5,8,1
18006,0:1:1;0:1:1;0:3:3;1:2:2,1,0,0,0,0,1,0,0,0,0,0,0,2,24
18007,0:1:1;0:1:1;0:3:3;1:2:2,1,1,0,0,0,1,0,0,0,0,0,0,16,24
18008,0:1:1;0:1:1;0:3:3;1:2:2,1,2,0,0,0,1,0,0,0,0,0,0,27,24
18009,0:1:1;0:1:1;0:3:3;1:2:2,1,3,1,1,1,0,1,1,1,1,1,5,8,2
18010,0:1:1;0:1:1;0:3:3;1:2:2,1,4,1,1,1,0,1,1,1,1,1,5,8,2
18011,0:1:1;0:1:1;0:3:3;1:2:2,1,5,1,1,1,0,1,1,1,1,1,5,8,1
18012,0:1:1;0:1:1;0:3:3;1:2:2,2,0,0,0,0,1,0,0,0,0,0,0,10,24
18013,0:1:1;0:1:1;0:3:3;1:2:2,2,1,0,0,0,1,0,0,0,0,0,0,20,24
18014,0:1:1;0:1:1;0:3:3;1:2:2,2,2,0,0,0,1,0,0,0,0,0,0,31,24
18015,0:1:1;0:1:1;0:3:3;1:2:2,2,3,1,1,1,0,1,1,1,1,1,5,8,2
18016,0:1:1;0:1:1;0:3:3;1:2:2,2,4,1,1,1,0,1,1,1,1,1,5,8,2
18017,0:1:1;0:1:1;0:3:3;1:2:2,2,5,1,1,1,0,1,1,1,1,1,5,8,1
18018,0:1:1;0:1:1;0:3:3;1:2:2,3,0,0,0,0,1,0,0,0,0,0,0,10,24
18019,0:1:1;0:1:1;0:3:3;1:2:2,3,1,0,0,0,1,0,0,0,0,0,0,20,24
18020,0:1:1;0:1:1;0:3:3;1:2:2,3,2,0,0,0,1,0,0,0,0,0,0,31,24
18021,0:1:1;0:1:1;0:3:3;1:2:2,3,3,1,1,1,0,1,1,1,1,1,5,8,2
18022,0:1:1;0:1:1;0:3:3;1:2:2,3,4,1,1,1,0,1,1,1,1,1,5,8,2
18023,0:1:1;0:1:1;0:3:3;1:2:2,3,5,1,1,1,0,1,1,1,1,1,5,8,1
18024,0:1:1;0:1:1;0:3:3;1:2:2,4,0,0,0,0,1,0,0,0,0,0,0,10,24
18025,0:1:1;0:1:1;0:3:3;1:2:2,4,1,0,0,0,1,0,0,0,0,0,0,20,24
18026,0:1:1;0:1:1;0:3:3;1:2:2,4,2,0,0,0,1,0,0,0,0,0,0,31,24
18027,0:1:1;0:1:1;0:3:3;1:2:2,4,3,1,1,1,0,1,1,1,1,1,5,8,2
18028,0:1:1;0:1:1;0:3:3;1:2:2,4,4,1,1,1,0,1,1,1,1,1,5,8,2
18029,0:1:1;0:1:1;0:3:3;1:2:2,4,5,1,1,1,0,1,1,1,1,1,5,8,1
18030,0:1:1;0:1:1;0:3:3;1:2:2,5,0,0,0,0,1,0,0,0,0,0,0,10,24
18031,0:1:1;0:1:1;0:3:3;1:2:2,5,1,0,0,0,1,0,0,0,0,0,0,20,24
18032,0:1:1;0:1:1;0:3:3;1:2:2,5,2,0,0,0,1,0,0,0,0,0,0,31,24
18033,0:1:1;0:1:1;0:3:3;1:2:2,5,3,1,1,1,0,1,1,1,1,1,5,8,2
18034,0:1:1;0:1:1;0:3:3;1:2:2,5,4,1,1,1,0,1,1,1,1,1,5,8,2
18035,0:1:1;0:1:1;0:3:3;1:2:2,5,5,1,1,1,0,1,1,1,1,1,5,8,1
18036,0:1:1;0:1:1;0:3:3;1:3:2,0,0,0,0,0,1,0,0,0,0,0,0,1,24
18037,0:1:1;0:1:1;0:3:3;1:3:2,0,1,0,0,0,1,0,0,0,0,0,0,6,24
18038,0:1:1;0:1:1;0:3:3;1:3:2,0,2,1,1,0,0,1,1,1,1,1,5,8,2
18039,0:1:1;0:1:1;0:3:3;1:3:2,0,3,1,1,0,0,1,1,1,1,1,5,8,2
18040,0:1:1;0:1:1;0:3:3;1:3:2,0,4,1,1,1,0,1,1,1,1,1,5,8,2
18041,0:1:1;0:1:1;0:3:3;1:3:2,0,5,1,1,1,0,1,1,1,1,1,5,8,1
18042,0:1:1;0:1:1;0:3:3;1:3:2,1,0,0,0,0,1,0,0,0,0,0,0,2,24
18043,0:1:1;0:1:1;0:3:3;1:3:2,1,1,0,0,0,1,0,0,0,0,0,0,19,24
18044,0:1:1;0:1:1;0:3:3;1:3:2,1,2,1,1,0,0,1,1,1,1,1,5,8,2
18045,0:1:1;0:1:1;0:3:3;1:3:2,1,3,1,1,1,0,1,1,1,1,1,5,8,2
18046,0:1:1;0:1:1;0:3:3;1:3:2,1,4,1,1,1,0,1,1,1,1,1,5,8,2
18047,0:1:1;0:1:1;0:3:3;1:3:2,1,5,1,1,1,0,1,1,1,1,1,5,8,1
18048,0:1:1;0:1:1;0:3:3;1:3:2,2,0,0,0,0,1,0,0,0,0,0,0,14,24
18049,0:1:1;0:1:1;0:3:3;1:3:2,2,1,0,0,0,1,0,0,0,0,0,0,23,24
18050,0:1:1;0:1:1;0:3:3;1:3:2,2,2,1,1,1,0,1,1,1,1,1,5,8,2
18051,0:1:1;0:1:1;0:3:3;1:3:2,2,3,1,1,1,0,1,1,1,1,1,5,8,2
18052,0:1:1;0:1:1;0:3:3;1:3:2,2,4,1,1,1,0,1,1,1,1,1,5,8,2
18053,0:1:1;0:1:1;0:3:3;1:3:2,2,5,1,1,1,0,1,1,1,1,1,5,8,1
18054,0:1:1;0:1:1;0:3:3;1:3:2,3,0,0,0,0,1,0,0,0,0,0,0,14,24
18055,0:1:1;0:1:1;0:3:3;1:3:2,3,1,0,0,0,1,0,0,0,0,0,0,23,24
18056,0:1:1;0:1:1;0:3:3;1:3:2,3,2,1,1,1,0,1,1,1,1,1,5,8,2
18057,0:1:1;0:1:1;0:3:3;1:3:2,3,3,1,1,1,0,1,1,1,1,1,5,8,2
18058,0:1:1;0:1:1;0:3:3;1:3:2,3,4,1,1,1,0,1,1,1,1,1,5,8,2
18059,0:1:1;0:1:1;0:3:3;1:3:2,3,5,1,1,1,0,1,1,1,1,1,5,8,1
18060,0:1:1;0:1:1;0:3:3;1:3:2,4,0,0,0,0,1,0,0,0,0,0,0,14,24
18061,0:1:1;0:1:1;0:3:3;1:3:2,4,1,0,0,0,1,0,0,0,0,0,0,23,24
18062,0:1:1;0:1:1;0:3:3;1:3:2,4,2,1,1,1,0,1,1,1,1,1,5,8,2
18063,0:1:1;0:1:1;0:3:3;1:3:2,4,3,1,1,1,0,1,1,1,1,1,5,8,2
18064,0:1:1;0:1:1;0:3:3;1:3:2,4,4,1,1,1,0,1,1,1,1,1,5,8,2
18065,0:1:1;0:1:1;0:3:3;1:3:2,4,5,1,1,1,0,1,1,1,1,1,5,8,1
18066,0:1:1;0:1:1;0:3:3;1:3:2,5,0,0,0,0,1,0,0,0,0,0,0,14,24
18067,0:1:1;0:1:1;0:3:3;1:3:2,5,1,0,0,0,1,0,0,0,0,0,0,23,24
18068,0:1:1;0:1:1;0:3:3;1:3:2,5,2,1,1,1,0,1,1,1,1,1,5,8,2
18069,0:1:1;0:1:1;0:3:3;1:3:2,5,3,1,1,1,0,1,1,1,1,1,5,8,2
18070,0:1:1;0:1:1;0:3:3;1:3:2,5,4,1,1,1,0,1,1,1,1,1,5,8,2
18071,0:1:1;0:1:1;0:3:3;1:3:2,5,5,1,1,1,0,1,1,1,1,1,5,8,1
18072,0:1:1;0:1:1;0:3:3;1:3:3,0,0,0,0,0,1,0,0,0,0,0,0,1,24
18073,0:1:1;0:1:1;0:3:3;1:3:3,0,1,0,0,0,1,0,0,0,0,0,0,6,24
18074,0:1:1;0:1:1;0:3:3;1:3:3,0,2,1,0,0,1,0,0,0,0,0,4,14,24
18075,0:1:1;0:1:1;0:3:3;1:3:3,0,3,1,1,0,1,0,0,1,0,1,8,27,17
18076,0:1:1;0:1:1;0:3:3;1:3:3,0,4,1,1,0,1,0,0,1,0,1,6,18,4
18077,0:1:1;0:1:1;0:3:3;1:3:3,0,5,1,1,1,0,1,1,1,1,1,5,9,1
18078,0:1:1;0:1:1;0:3:3;1:3:3,1,0,0,0,0,1,0,0,0,0,0,0,2,24
18079,0:1:1;0:1:1;0:3:3;1:3:3,1,1,0,0,0,1,0,0,0,0,0,0,10,24
18080,0:1:1;0:1:1;0:3:3;1:3:3,1,2,1,1,0,0,1,1,1,1,1,5,9,2
18081,0:1:1;0:1:1;0:3:3;1:3:3,1,3,1,1,0,0,1,1,1,1,1,5,9,2
18082,0:1:1;0:1:1;0:3:3;1:3:3,1,4,1,1,1,0,1,1,1,1,1,5,9,2
18083,0:1:1;0:1:1;0:3:3;1:3:3,1,5,1,1,1,0,1,1,1,1,1,5,9,1
18084,0:1:1;0:1:1;0:3:3;1:3:3,2,0,0,0,0,1,0,0,0,0,0,0,3,24
18085,0:1:1;0:1:1;0:3:3;1:3:3,2,1,0,0,0,1,0,0,0,0,0,0,23,24
18086,0:1:1;0:1:1;0:3:3;1:3:3,2,2,1,1,0,0,1,1,1,1,1,5,9,2
18087,0:1:1;0:1:1;0:3:3;1:3:3,2,3,1,1,1,0,1,1,1,1,1,5,9,2
18088,0:1:1;0:1:1;0:3:3;1:3:3,2,4,1,1,1,0,1,1,1,1,1,5,9,2
18089,0:1:1;0:1:1;0:3:3;1:3:3,2,5,1,1,1,0,1,1,1,1,1,5,9,1
18090,0:1:1;0:1:1;0:3:3;1:3:3,3,0,0,0,0,1,0,0,0,0,0,0,15,24
18091,0:1:1;0:1:1;0:3:3;1:3:3,3,1,0,0,0,1,0,0,0,0,0,0,27,24
18092,0:1:1;0:1:1;0:3:3;1:3:3,3,2,1,1,1,0,1,1,1,1,1,5,9,2
18093,0:1:1;0:1:1;0:3:3;1:3:3,3,3,1,1,1,0,1,1,1,1,1,5,9,2
18094,0:1:1;0:1:1;0:3:3;1:3:3,3,4,1,1,1,0,1,1,1,1,1,5,9,2
18095,0:1:1;0:1:1;0:3:3;1:3:3,3,5,1,1,1,0,1,1,1,1,1,5,9,1
18096,0:1:1;0:1:1;0:3:3;1:3:3,4,0,0,0,0,1,0,0,0,0,0,0,15,24
18097,0:1:1;0:1:1;0:3:3;1:3:3,4,1,0,0,0,1,0,0,0,0,0,0,27,24
18098,0:1:1;0:1:1;0:3:3;1:3:3,4,2,1,1,1,0,1,1,1,1,1,5,9,2
18099,0:1:1;0:1:1;0:3:3;1:3:3,4,3,1,1,1,0,1,1,1,1,1,5,9,2
18100,0:1:1;0:1:1;0:3:3;1:3:3,4,4,1,1,1,0,1,1,1,1,1,5,9,2
18101,0:1:1;0:1:1;0:3:3;1:3:3,4,5,1,1,1,0,1,1,1,1,1,5,9,1
18102,0:1:1;0:1:1;0:3:3;1:3:3,5,0,0,0,0,1,0,0,0,0,0,0,15,24
18103,0:1:1;0:1:1;0:3:3;1:3:3,5,1,0,0,0,1,0,0,0,0,0,0,27,24
18104,0:1:1;0:1:1;0:3:3;1:3:3,5,2,1,1,1,0,1,1,1,1,1,5,9,2
18105,0:1:1;0:1:1;0:3:3;1:3:3,5,3,1,1,1,0,1,1,1,1,1,5,9,2
18106,0:1:1;0:1:1;0:3:3;1:3:3,5,4,1,1,1,0,1,1,1,1,1,5,9,2
18107,0:1:1;0:1:1;0:3:3;1:3:3,5,5,1,1,1,0,1,1,1,1,1,5,9,1
18108,0:1:1;0:1:1;0:3:3;1:4:3,0,0,0,0,0,1,0,0,0,0,0,0,1,24
18109,0:1:1;0:1:1;0:3:3;1:4:3,0,1,1,0,0,1,0,0,0,0,0,3,6,24
18110,0:1:1;0:1:1;0:3:3;1:4:3,0,2,1,0,0,1,0,0,0,0,0,4,14,24
18111,0:1:1;0:1:1;0:3:3;1:4:3,0,3,1,1,0,1,0,0,1,0,1,8,27,17
18112,0:1:1;0:1:1;0:3:3;1:4:3,0,4,1,1,0,1,0,0,1,0,1,6,18,4
18113,0:1:1;0:1:1;0:3:3;1:4:3,0,5,1,1,1,0,1,1,1,1,1,5,9,1
18114,0:1:1;0:1:1;0:3:3;1:4:3,1,0,0,0,0,1,0,0,0,0,0,0,2,24
18115,0:1:1;0:1:1;0:3:3;1:4:3,1,1,1,0,0,1,0,0,0,0,0,3,10,24
18116,0:1:1;0:1:1;0:3:3;1:4:3,1,2,1,1,0,0,1,1,1,1,1,5,9,2
18117,0:1:1;0:1:1;0:3:3;1:4:3,1,3,1,1,0,0,1,1,1,1,1,5,9,2
18118,0:1:1;0:1:1;0:3:3;1:4:3,1,4,1,1,1,0,1,1,1,1,1,5,9,2
18119,0:1:1;0:1:1;0:3:3;1:4:3,1,5,1,1,1,0,1,1,1,1,1,5,9,1
18120,0:1:1;0:1:1;0:3:3;1:4:3,2,0,0,0,0,1,0,0,0,0,0,0,3,24
18121,0:1:1;0:1:1;0:3:3;1:4:3,2,1,1,1,0,0,1,1,1,1,1,5,9,5
18122,0:1:1;0:1:1;0:3:3;1:4:3,2,2,1,1,0,0,1,1,1,1,1,5,9,2
18123,0:1:1;0:1:1;0:3:3;1:4:3,2,3,1,1,1,0,1,1,1,1,1,5,9,2
18124,0:1:1;0:1:1;0:3:3;1:4:3,2,4,1,1,1,0,1,1,1,1,1,5,9,2
18125,0:1:1;0:1:1;0:3:3;1:4:3,2,5,1,1,1,0,1,1,1,1,1,5,9,1
18126,0:1:1;0:1:1;0:3:3;1:4:3,3,0,0,0,0,1,0,0,0,0,0,0,18,24
18127,0:1:1;0:1:1;0:3:3;1:4:3,3,1,1,1,0,0,1,1,1,1,1,5,9,5
18128,0:1:1;0:1:1;0:3:3;1:4:3,3,2,1,1,1,0,1,1,1,1,1,5,9,2
18129,0:1:1;0:1:1;0:3:3;1:4:3,3,3,1,1,1,0,1,1,1,1,1,5,9,2
18130,0:1:1;0:1:1;0:3:3;1:4:3,3,4,1,1,1,0,1,1,1,1,1,5,9,2
18131,0:1:1;0:1:1;0:3:3;1:4:3,3,5,1,1,1,0,1,1,1,1,1,5,9,1
18132,0:1:1;0:1:1;0:3:3;1:4:3,4,0,0,0,0,1,0,0,0,0,0,0,18,24
18133,0:1:1;0:1:1;0:3:3;1:4:3,4,1,1,1,1,0,1,1,1,1,1,5,9,5
18134,0:1:1;0:1:1;0:3:3;1:4:3,4,2,1,1,1,0,1,1,1,1,1,5,9,2
18135,0:1:1;0:1:1;0:3:3;1:4:3,4,3,1,1,1,0,1,1,1,1,1,5,9,2
18136,0:1:1;0:1:1;0:3:3;1:4:3,4,4,1,1,1,0,1,1,1,1,1,5,9,2
18137,0:1:1;0:1:1;0:3:3;1:4:3,4,5,1,1,1,0,1,1,1,1,1,5,9,1
18138,0:1:1;0:1:1;0:3:3;1:4:3,5,0,0,0,0,1,0,0,0,0,0,0,18,24
18139,0:1:1;0:1:1;0:3:3;1:4:3,5,1,1,1,1,0,1,1,1,1,1,5,9,5
18140,0:1:1;0:1:1;0:3:3;1:4:3,5,2,1,1,1,0,1,1,1,1,1,5,9,2
18141,0:1:1;0:1:1;0:3:3;1:4:3,5,3,1,1,1,0,1,1,1,1,1,5,9,2
18142,0:1:1;0:1:1;0:3:3;1:4:3,5,4,1,1,1,0,1,1,1,1,1,5,9,2
18143,0:1:1;0:1:1;0:3:3;1:4:3,5,5,1,1,1,0,1,1,1,1,1,5,9,1
18144,0:1:1;0:1:1;0:4:3;0:4:3,0,0,0,0,0,1,0,0,0,0,0,0,1,24
18145,0:1:1;0:1:1;0:4:3;0:4:3,0,1,0,0,0,1,0,0,0,0,0,0,5,24
18146,0:1:1;0:1:1;0:4:3;0:4:3,0,2,0,0,0,1,0,0,0,0,0,0,13,24
18147,0:1:1;0:1:1;0:4:3;0:4:3,0,3,0,0,0,1,0,0,0,0,0,0,25,24
18148,0:1:1;0:1:1;0:4:3;0:4:3,0,4,0,0,0,1,0,0,0,0,0,0,39,24
18149,0:1:1;0:1:1;0:4:3;0:4:3,0,5,0,0,0,1,0,0,0,0,0,0,51,24
18150,0:1:1;0:1:1;0:4:3;0:4:3,1,0,0,0,0,1,0,0,0,0,0,0,1,24
18151,0:1:1;0:1:1;0:4:3;0:4:3,1,1,0,0,0,1,0,0,0,0,0,0,5,24
18152,0:1:1;0:1:1;0:4:3;0:4:3,1,2,0,0,0,1,0,0,0,0,0,0,13,24
18153,0:1:1;0:1:1;0:4:3;0:4:3,1,3,0,0,0,1,0,0,0,0,0,0,25,24
18154,0:1:1;0:1:1;0:4:3;0:4:3,1,4,0,0,0,1,0,0,0,0,0,0,39,24
18155,0:1:1;0:1:1;0:4:3;0:4:3,1,5,0,0,0,1,0,0,0,0,0,0,51,24
18156,0:1:1;0:1:1;0:4:3;0:4:3,2,0,0,0,0,1,0,0,0,0,0,0,1,24
18157,0:1:1;0:1:1;0:4:3;0:4:3,2,1,0,0,0,1,0,0,0,0,0,0,5,24
18158,0:1:1;0:1:1;0:4:3;0:4:3,2,2,0,0,0,1,0,0,0,0,0,0,13,24
18159,0:1:1;0:1:1;0:4:3;0:4:3,2,3,0,0,0,1,0,0,0,0,0,0,25,24
18160,0:1:1;0:1:1;0:4:3;0:4:3,2,4,0,0,0,1,0,0,0,0,0,0,39,24
18161,0:1:1;0:1:1;0:4:3;0:4:3,2,5,0,0,0,1,0,0,0,0,0,0,51,24
18162,0:1:1;0:1:1;0:4:3;0:4:3,3,0,0,0,0,1,0,0,0,0,0,0,1,24
18163,0:1:1;0:1:1;0:4:3;0:4:3,3,1,0,0,0,1,0,0,0,0,0,0,5,24
18164,0:1:1;0:1:1;0:4:3;0:4:3,3,2,0,0,0,1,0,0,0,0,0,0,13,24
18165,0:1:1;0:1:1;0:4:3;0:4:3,3,3,0,0,0,1,0,0,0,0,0,0,25,24
18166,0:1:1;0:1:1;0:4:3;0:4:3,3,4,0,0,0,1,0,0,0,0,0,0,39,24
18167,0:1:1;0:1:1;0:4:3;0:4:3,3,5,0,0,0,1,0,0,0,0,0,0,51,24
18168,0:1:1;0:1:1;0:4:3;0:4:3,4,0,0,0,0,1,0,0,0,0,0,0,1,24
18169,0:1:1;0:1:1;0:4:3;0:4:3,4,1,0,0,0,1,0,0,0,0,0,0,5,24
18170,0:1:1;0:1:1;0:4:3;0:4:3,4,2,0,0,0,1,0,0,0,0,0,0,13,24
18171,0:1:1;0:1:1;0:4:3;0:4:3,4,3,0,0,0,1,0,0,0,0,0,0,25,24
18172,0:1:1;0:1:1;0:4:3;0:4:3,4,4,0,0,0,1,0,0,0,0,0,0,39,24
18173,0:1:1;0:1:1;0:4:3;0:4:3,4,5,0,0,0,1,0,0,0,0,0,0,51,24
18174,0:1:1;0:1:1;0:4:3;0:4:3,5,0,0,0,0,1,0,0,0,0,0,0,1,24
18175,0:1:1;0:1:1;0:4:3;0:4:3,5,1,0,0,0,1,0,0,0,0,0,0,5,24
18176,0:1:1;0:1:1;0:4:3;0:4:3,5,2,0,0,0,1,0,0,0,0,0,0,13,24
18177,0:1:1;0:1:1;0:4:3;0:4:3,5,3,0,0,0,1,0,0,0,0,0,0,25,24
18178,0:1:1;0:1:1;0:4:3;0:4:3,5,4,0,0,0,1,0,0,0,0,0,0,39,24
18179,0:1:1;0:1:1;0:4:3;0:4:3,5,5,0,0,0,1,0,0,0,0,0,0,51,24
18180,0:1:1;0:1:1;0:4:3;1:1:1,0,0,0,0,0,1,0,0,0,0,0,0,1,24
18181,0:1:1;0:1:1;0:4:3;1:1:1,0,1,0,0,0,1,0,0,0,0,0,0,9,24
18182,0:1:1;0:1:1;0:4:3;1:1:1,0,2,0,0,0,1,0,0,0,0,0,0,16,24
18183,0:1:1;0:1:1;0:4:3;1:1:1,0,3,0,0,0,1,0,0,0,0,0,0,24,24
18184,0:1:1;0:1:1;0:4:3;1:1:1,0,4,1,1,1,0,1,1,1,1,1,5,7,2
18185,0:1:1;0:1:1;0:4:3;1:1:1,0,5,1,1,1,0,1,1,1,1,1,5,7,1
18186,0:1:1;0:1:1;0:4:3;1:1:1,1,0,0,0,0,1,0,0,0,0,0,0,5,24
18187,0:1:1;0:1:1;0:4:3;1:1:1,1,1,0,0,0,1,0,0,0,0,0,0,12,24
18188,0:1:1;0:1:1;0:4:3;1:1:1,1,2,0,0,0,1,0,0,0,0,0,0,20,24
18189,0:1:1;0:1:1;0:4:3;1:1:1,1,3,0,0,0,1,0,0,0,0,0,0,27,24
18190,0:1:1;0:1:1;0:4:3;1:1:1,1,4,1,1,1,0,1,1,1,1,1,5,7,2
18191,0:1:1;0:1:1;0:4:3;1:1:1,1,5,1,1,1,0,1,1,1,1,1,5,7,1
18192,0:1:1;0:1:1;0:4:3;1:1:1,2,0,0,0,0,1,0,0,0,0,0,0,5,24
18193,0:1:1;0:1:1;0:4:3;1:1:1,2,1,0,0,0,1,0,0,0,0,0,0,12,24
18194,0:1:1;0:1:1;0:4:3;1:1:1,2,2,0,0,0,1,0,0,0,0,0,0,20,24
18195,0:1:1;0:1:1;0:4:3;1:1:1,2,3,0,0,0,1,0,0,0,0,0,0,27,24
18196,0:1:1;0:1:1;0:4:3;1:1:1,2,4,1,1,1,0,1,1,1,1,1,5,7,2
18197,0:1:1;0:1:1;0:4:3;1:1:1,2,5,1,1,1,0,1,1,1,1,1,5,7,1
18198,0:1:1;0:1:1;0:4:3;1:1:1,3,0,0,0,0,1,0,0,0,0,0,0,5,24
18199,0:1:1;0:1:1;0:4:3;1:1:1,3,1,0,0,0,1,0,0,0,0,0,0,12,24
18200,0:1:1;0:1:1;0:4:3;1:1:1,3,2,0,0,0,1,0,0,0,0,0,0,20,24
18201,0:1:1;0:1:1;0:4:3;1:1:1,3,3,0,0,0,1,0,0,0,0,0,0,27,24
18202,0:1:1;0:1:1;0:4:3;1:1:1,3,4,1,1,1,0,1,1,1,1,1,5,7,2
18203,0:1:1;0:1:1;0:4:3;1:1:1,3,5,1,1,1,0,1,1,1,1,1,5,7,1
18204,0:1:1;0:1:1;0:4:3;1:1:1,4,0,0,0,0,1,0,0,0,0,0,0,5,24
18205,0:1:1;0:1:1;0:4:3;1:1:1,4,1,0,0,0,1,0,0,0,0,0,0,12,24
18206,0:1:1;0:1:1;0:4:3;1:1:1,4,2,0,0,0,1,0,0,0,0,0,0,20,24
18207,0:1:1;0:1:1;0:4:3;1:1:1,4,3,0,0,0,1,0,0,0,0,0,0,27,24
18208,0:1:1;0:1:1;0:4:3;1:1:1,4,4,1,1,1,0,1,1,1,1,1,5,7,2
18209,0:1:1;0:1:1;0:4:3;1:1:1,4,5,1,1,1,0,1,1,1,1,1,5,7,1
18210,0:1:1;0:1:1;0:4:3;1:1:1,5,0,0,0,0,1,0,0,0,0,0,0,5,24
18211,0:1:1;0:1:1;0:4:3;1:1:1,5,1,0,0,0,1,0,0,0,0,0,0,12,24
18212,0:1:1;0:1:1;0:4:3;1:1:1,5,2,0,0,0,1,0,0,0,0,0,0,20,24
18213,0:1:1;0:1:1;0:4:3;1:1:1,5,3,0,0,0,1,0,0,0,0,0,0,27,24
18214,0:1:1;0:1:1;0:4:3;1:1:1,5,4,1,1,1,0,1,1,1,1,1,5,7,2
18215,0:1:1;0:1:1;0:4:3;1:1:1,5,5,1,1,1,0,1,1,1,1,1,5,7,1
18216,0:1:1;0:1:1;0:4:3;1:2:1,0,0,0,0,0,1,0,0,0,0,0,0,1,24
18217,0:1:1;0:1:1;0:4:3;1:2:1,0,1,0,0,0,1,0,0,0,0,0,0,12,24
18218,0:1:1;0:1:1;0:4:3;1:2:1,0,2,0,0,0,1,0,0,0,0,0,0,19,24
18219,0:1:1;0:1:1;0:4:3;1:2:1,0,3,1,1,1,0,1,1,1,1,1,5,7,2
18220,0:1:1;0:1:1;0:4:3;1:2:1,0,4,1,1,1,0,1,1,1,1,1,5,7,2
18221,0:1:1;0:1:1;0:4:3;1:2:1,0,5,1,1,1,0,1,1,1,1,1,5,7,1
18222,0:1:1;0:1:1;0:4:3;1:2:1,1,0,0,0,0,1,0,0,0,0,0,0,9,24
18223,0:1:1;0:1:1;0:4:3;1:2:1,1,1,0,0,0,1,0,0,0,0,0,0,16,24
18224,0:1:1;0:1:1;0:4:3;1:2:1,1,2,0,0,0,1,0,0,0,0,0,0,23,24
18225,0:1:1;0:1:1;0:4:3;1:2:1,1,3,1,1,1,0,1,1,1,1,1,5,7,2
18226,0:1:1;0:1:1;0:4:3;1:2:1,1,4,1,1,1,0,1,1,1,1,1,5,7,2
18227,0:1:1;0:1:1;0:4:3;1:2:1,1,5,1,1,1,0,1,1,1,1,1,5,7,1
18228,0:1:1;0:1:1;0:4:3;1:2:1,2,0,0,0,0,1,0,0,0,0,0,0,9,24
18229,0:1:1;0:1:1;0:4:3;1:2:1,2,1,0,0,0,1,0,0,0,0,0,0,16,24
18230,0:1:1;0:1:1;0:4:3;1:2:1,2,2,0,0,0,1,0,0,0,0,0,0,23,24
18231,0:1:1;0:1:1;0:4:3;1:2:1,2,3,1,1,1,0,1,1,1,1,1,5,7,2
18232,0:1:1;0:1:1;0:4:3;1:2:1,2,4,1,1,1,0,1,1,1,1,1,5,7,2
18233,0:1:1;0:1:1;0:4:3;1:2:1,2,5,1,1,1,0,1,1,1,1,1,5,7,1
18234,0:1:1;0:1:1;0:4:3;1:2:1,3,0,0,0,0,1,0,0,0,0,0,0,9,24
18235,0:1:1;0:1:1;0:4:3;1:2:1,3,1,0,0,0,1,0,0,0,0,0,0,16,24
18236,0:1:1;0:1:1;0:4:3;1:2:1,3,2,0,0,0,1,0,0,0,0,0,0,23,24
18237,0:1:1;0:1:1;0:4:3;1:2:1,3,3,1,1,1,0,1,1,1,1,1,5,7,2
18238,0:1:1;0:1:1;0:4:3;1:2:1,3,4,1,1,1,0,1,1,1,1,1,5,7,2
18239,0:1:1;0:1:1;0:4:3;1:2:1,3,5,1,1,1,0,1,1,1,1,1,5,7,1
18240,0:1:1;0:1:1;0:4:3;1:2:1,4,0,0,0,0,1,0,0,0,0,0,0,9,24
18241,0:1:1;0:1:1;0:4:3;1:2:1,4,1,0,0,0,1,0,0,0,0,0,0,16,24
18242,0:1:1;0:1:1;0:4:3;1:2:1,4,2,0,0,0,1,0,0,0,0,0,0,23,24
18243,0:1:1;0:1:1;0:4:3;1:2:1,4,3,1,1,1,0,1,1,1,1,1,5,7,2
18244,0:1:1;0:1:1;0:4:3;1:2:1,4,4,1,1,1,0,1,1,1,1,1,5,7,2
18245,0:1:1;0:1:1;0:4:3;1:2:1,4,5,1,1,1,0,1,1,1,1,1,5,7,1
18246,0:1:1;0:1:1;0:4:3;1:2:1,5,0,0,0,0,1,0,0,0,0,0,0,9,24
18247,0:1:1;0:1:1;0:4:3;1:2:1,5,1,0,0,0,1,0,0,0,0,0,0,16,24
18248,0:1:1;0:1:1;0:4:3;1:2:1,5,2,0,0,0,1,0,0,0,0,0,0,23,24
18249,0:1:1;0:1:1;0:4:3;1:2:1,5,3,1,1,1,0,1,1,1,1,1,5,7,2
18250,0:1:1;0:1:1;0:4:3;1:2:1,5,4,1,1,1,0,1,1,1,1,1,5,7,2
18251,0:1:1;0:1:1;0:4:3;1:2:1,5,5,1,1,1,0,1,1,1,1,1,5,7,1
18252,0:1:1;0:1:1;0:4:3;1:2:2,0,0,0,0,0,1,0,0,0,0,0,0,1,24
18253,0:1:1;0:1:1;0:4:3;1:2:2,0,1,0,0,0,1,0,0,0,0,0,0,6,24
18254,0:1:1;0:1:1;0:4:3;1:2:2,0,2,0,0,0,1,0,0,0,0,0,0,16,24
18255,0:1:1;0:1:1;0:4:3;1:2:2,0,3,1,1,0,0,1,1,1,1,1,5,8,2
18256,0:1:1;0:1:1;0:4:3;1:2:2,0,4,1,1,1,0,1,1,1,1,1,5,8,2
18257,0:1:1;0:1:1;0:4:3;1:2:2,0,5,1,1,1,0,1,1,1,1,1,5,8,1
18258,0:1:1;0:1:1;0:4:3;1:2:2,1,0,0,0,0,1,0,0,0,0,0,0,2,24
18259,0:1:1;0:1:1;0:4:3;1:2:2,1,1,0,0,0,1,0,0,0,0,0,0,16,24
18260,0:1:1;0:1:1;0:4:3;1:2:2,1,2,0,0,0,1,0,0,0,0,0,0,27,24
18261,0:1:1;0:1:1;0:4:3;1:2:2,1,3,1,1,1,0,1,1,1,1,1,5,8,2
18262,0:1:1;0:1:1;0:4:3;1:2:2,1,4,1,1,1,0,1,1,1,1,1,5,8,2
18263,0:1:1;0:1:1;0:4:3;1:2:2,1,5,1,1,1,0,1,1,1,1,1,5,8,1
18264,0:1:1;0:1:1;0:4:3;1:2:2,2,0,0,0,0,1,0,0,0,0,0,0,10,24
18265,0:1:1;0:1:1;0:4:3;1:2:2,2,1,0,0,0,1,0,0,0,0,0,0,20,24
18266,0:1:1;0:1:1;0:4:3;1:2:2,2,2,0,0,0,1,0,0,0,0,0,0,31,24
18267,0:1:1;0:1:1;0:4:3;1:2:2,2,3,1,1,1,0,1,1,1,1,1,5,8,2
18268,0:1:1;0:1:1;0:4:3;1:2:2,2,4,1,1,1,0,1,1,1,1,1,5,8,2
18269,0:1:1;0:1:1;0:4:3;1:2:2,2,5,1,1,1,0,1,1,1,1,1,5,8,1
18270,0:1:1;0:1:1;0:4:3;1:2:2,3,0,0,0,0,1,0,0,0,0,0,0,10,24
18271,0:1:1;0:1:1;0:4:3;1:2:2,3,1,0,0,0,1,0,0,0,0,0,0,20,24
18272,0:1:1;0:1:1;0:4:3;1:2:2,3,2,0,0,0,1,0,0,0,0,0,0,31,24
18273,0:1:1;0:1:1;0:4:3;1:2:2,3,3,1,1,1,0,1,1,1,1,1,5,8,2
18274,0:1:1;0:1:1;0:4:3;1:2:2,3,4,1,1,1,0,1,1,1,1,1,5,8,2
18275,0:1:1;0:1:1;0:4:3;1:2:2,3,5,1,1,1,0,1,1,1,1,1,5,8,1
18276,0:1:1;0:1:1;0:4:3;1:2:2,4,0,0,0,0,1,0,0,0,0,0,0,10,24
18277,0:1:1;0:1:1;0:4:3;1:2:2,4,1,0,0,0,1,0,0,0,0,0,0,20,24
18278,0:1:1;0:1:1;0:4:3;1:2:2,4,2,0,0,0,1,0,0,0,0,0,0,31,24
18279,0:1:1;0:1:1;0:4:3;1:2:2,4,3,1,1,1,0,1,1,1,1,1,5,8,2
18280,0:1:1;0:1:1;0:4:3;1:2:2,4,4,1,1,1,0,1,1,1,1,1,5,8,2
18281,0:1:1;0:1:1;0:4:3;1:2:2,4,5,1,1,1,0,1,1,1,1,1,5,8,1
18282,0:1:1;0:1:1;0:4:3;1:2:2,5,0,0,0,0,1,0,0,0,0,0,0,10,24
18283,0:1:1;0:1:1;0:4:3;1:2:2,5,1,0,0,0,1,0,0,0,0,0,0,20,24
18284,0:1:1;0:1:1;0:4:3;1:2:2,5,2,0,0,0,1,0,0,0,0,0,0,31,24
18285,0:1:1;0:1:1;0:4:3;1:2:2,5,3,1,1,1,0,1,1,1,1,1,5,8,2
18286,0:1:1;0:1:1;0:4:3;1:2:2,5,4,1,1,1,0,1,1,1,1,1,5,8,2
18287,0:1:1;0:1:1;0:4:3;1:2:2,5,5,1,1,1,0,1,1,1,1,1,5,8,1
18288,0:1:1;0:1:1;0:4:3;1:3:2,0,0,0,0,0,1,0,0,0,0,0,0,1,24
18289,0:1:1;0:1:1;0:4:3;1:3:2,0,1,0,0,0,1,0,0,0,0,0,0,6,24
18290,0:1:1;0:1:1;0:4:3;1:3:2,0,2,1,1,0,0,1,1,1,1,1,5,8,2
18291,0:1:1;0:1:1;0:4:3;1:3:2,0,3,1,1,0,0,1,1,1,1,1,5,8,2
18292,0:1:1;0:1:1;0:4:3;1:3:2,0,4,1,1,1,0,1,1,1,1,1,5,8,2
18293,0:1:1;0:1:1;0:4:3;1:3:2,0,5,1,1,1,0,1,1,1,1,1,5,8,1
18294,0:1:1;0:1:1;0:4:3;1:3:2,1,0,0,0,0,1,0,0,0,0,0,0,2,24
18295,0:1:1;0:1:1;0:4:3;1:3:2,1,1,0,0,0,1,0,0,0,0,0,0,19,24
18296,0:1:1;0:1:1;0:4:3;1:3:2,1,2,1,1,0,0,1,1,1,1,1,5,8,2
18297,0:1:1;0:1:1;0:4:3;1:3:2,1,3,1,1,1,0,1,1,1,1,1,5,8,2
18298,0:1:1;0:1:1;0:4:3;1:3:2,1,4,1,1,1,0,1,1,1,1,1,5,8,2
18299,0:1:1;0:1:1;0:4:3;1:3:2,1,5,1,1,1,0,1,1,1,1,1,5,8,1
18300,0:1:1;0:1:1;0:4:3;1:3:2,2,0,0,0,0,1,0,0,0,0,0,0,14,24
18301,0:1:1;0:1:1;0:4:3;1:3:2,2,1,0,0,0,1,0,0,0,0,0,0,23,24
18302,0:1:1;0:1:1;0:4:3;1:3:2,2,2,1,1,1,0,1,1,1,1,1,5,8,2
18303,0:1:1;0:1:1;0:4:3;1:3:2,2,3,1,1,1,0,1,1,1,1,1,5,8,2
18304,0:1:1;0:1:1;0:4:3;1:3:2,2,4,1,1,1,0,1,1,1,1,1,5,8,2
18305,0:1:1;0:1:1;0:4:3;1:3:2,2,5,1,1,1,0,1,1,1,1,1,5,8,1
18306,0:1:1;0:1:1;0:4:3;1:3:2,3,0,0,0,0,1,0,0,0,0,0,0,14,24
18307,0:1:1;0:1:1;0:4:3;1:3:2,3,1,0,0,0,1,0,0,0,0,0,0,23,24
18308,0:1:1;0:1:1;0:4:3;1:3:2,3,2,1,1,1,0,1,1,1,1,1,5,8,2
18309,0:1:1;0:1:1;0:4:3;1:3:2,3,3,1,1,1,0,1,1,1,1,1,5,8,2
18310,0:1:1;0:1:1;0:4:3;1:3:2,3,4,1,1,1,0,1,1,1,1,1,5,8,2
18311,0:1:1;0:1:1;0:4:3;1:3:2,3,5,1,1,1,0,1,1,1,1,1,5,8,1
18312,0:1:1;0:1:1;0:4:3;1:3:2,4,0,0,0,0,1,0,0,0,0,0,0,14,24
18313,0:1:1;0:1:1;0:4:3;1:3:2,4,1,0,0,0,1,0,0,0,0,0,0,23,24
18314,0:1:1;0:1:1;0:4:3;1:3:2,4,2,1,1,1,0,1,1,1,1,1,5,8,2
18315,0:1:1;0:1:1;0:4:3;1:3:2,4,3,1,1,1,0,1,1,1,1,1,5,8,2
18316,0:1:1;0:1:1;0:4:3;1:3:2,4,4,1,1,1,0,1,1,1,1,1,5,8,2
18317,0:1:1;0:1:1;0:4:3;1:3:2,4,5,1,1,1,0,1,1,1,1,1,5,8,1
18318,0:1:1;0:1:1;0:4:3;1:3:2,5,0,0,0,0,1,0,0,0,0,0,0,14,24
18319,0:1:1;0:1:1;0:4:3;1:3:2,5,1,0,0,0,1,0,0,0,0,0,0,23,24
18320,0:1:1;0:1:1;0:4:3;1:3:2,5,2,1,1,1,0,1,1,1,1,1,5,8,2
18321,0:1:1;0:1:1;0:4:3;1:3:2,5,3,1,1,1,0,1,1,1,1,1,5,8,2
18322,0:1:1;0:1:1;0:4:3;1:3:2,5,4,1,1,1,0,1,1,1,1,1,5,8,2
18323,0:1:1;0:1:1;0:4:3;1:3:2,5,5,1,1,1,0,1,1,1,1,1,5,8,1
18324,0:1:1;0:1:1;0:4:3;1:3:3,0,0,0,0,0,1,0,0,0,0,0,0,1,24
18325,0:1:1;0:1:1;0:4:3;1:3:3,0,1,0,0,0,1,0,0,0,0,0,0,6,24
18326,0:1:1;0:1:1;0:4:3;1:3:3,0,2,1,0,0,1,0,0,0,0,0,4,14,24
18327,0:1:1;0:1:1;0:4:3;1:3:3,0,3,1,1,0,1,0,0,1,1,1,8,27,17
18328,0:1:1;0:1:1;0:4:3;1:3:3,0,4,1,1,0,1,0,0,1,1,1,6,18,4
18329,0:1:1;0:1:1;0:4:3;1:3:3,0,5,1,1,1,0,1,1,1,1,1,5,9,1
18330,0:1:1;0:1:1;0:4:3;1:3:3,1,0,0,0,0,1,0,0,0,0,0,0,2,24
18331,0:1:1;0:1:1;0:4:3;1:3:3,1,1,0,0,0,1,0,0,0,0,0,0,10,24
18332,0:1:1;0:1:1;0:4:3;1:3:3,1,2,1,1,0,0,1,1,1,1,1,5,9,2
18333,0:1:1;0:1:1;0:4:3;1:3:3,1,3,1,1,0,0,1,1,1,1,1,5,9,2
18334,0:1:1;0:1:1;0:4:3;1:3:3,1,4,1,1,1,0,1,1,1,1,1,5,9,2
18335,0:1:1;0:1:1;0:4:3;1:3:3,1,5,1,1,1,0,1,1,1,1,1,5,9,1
18336,0:1:1;0:1:1;0:4:3;1:3:3,2,0,0,0,0,1,0,0,0,0,0,0,3,24
18337,0:1:1;0:1:1;0:4:3;1:3:3,2,1,0,0,0,1,0,0,0,0,0,0,23,24
18338,0:1:1;0:1:1;0:4:3;1:3:3,2,2,1,1,0,0,1,1,1,1,1,5,9,2
18339,0:1:1;0:1:1;0:4:3;1:3:3,2,3,1,1,1,0,1,1,1,1,1,5,9,2
18340,0:1:1;0:1:1;0:4:3;1:3:3,2,4,1,1,1,0,1,1,1,1,1,5,9,2
18341,0:1:1;0:1:1;0:4:3;1:3:3,2,5,1,1,1,0,1,1,1,1,1,5,9,1
18342,0:1:1;0:1:1;0:4:3;1:3:3,3,0,0,0,0,1,0,0,0,0,0,0,15,24
18343,0:1:1;0:1:1;0:4:3;1:3:3,3,1,0,0,0,1,0,0,0,0,0,0,27,24
18344,0:1:1;0:1:1;0:4:3;1:3:3,3,2,1,1,1,0,1,1,1,1,1,5,9,2
18345,0:1:1;0:1:1;0:4:3;1:3:3,3,3,1,1,1,0,1,1,1,1,1,5,9,2
18346,0:1:1;0:1:1;0:4:3;1:3:3,3,4,1,1,1,0,1,1,1,1,1,5,9,2
18347,0:1:1;0:1:1;0:4:3;1:3:3,3,5,1,1,1,0,1,1,1,1,1,5,9,1
18348,0:1:1;0:1:1;0:4:3;1:3:3,4,0,0,0,0,1,0,0,0,0,0,0,15,24
18349,0:1:1;0:1:1;0:4:3;1:3:3,4,1,0,0,0,1,0,0,0,0,0,0,27,24
18350,0:1:1;0:1:1;0:4:3;1:3:3,4,2,1,1,1,0,1,1,1,1,1,5,9,2
18351,0:1:1;0:1:1;0:4:3;1:3:3,4,3,1,1,1,0,1,1,1,1,1,5,9,2
18352,0:1:1;0:1:1;0:4:3;1:3:3,4,4,1,1,1,0,1,1,1,1,1,5,9,2
18353,0:1:1;0:1:1;0:4:3;1:3:3,4,5,1,1,1,0,1,1,1,1,1,5,9,1
18354,0:1:1;0:1:1;0:4:3;1:3:3,5,0,0,0,0,1,0,0,0,0,0,0,15,24
18355,0:1:1;0:1:1;0:4:3;1:3:3,5,1,0,0,0,1,0,0,0,0,0,0,27,24
18356,0:1:1;0:1:1;0:4:3;1:3:3,5,2,1,1,1,0,1,1,1,1,1,5,9,2
18357,0:1:1;0:1:1;0:4:3;1:3:3,5,3,1,1,1,0,1,1,1,1,1,5,9,2
18358,0:1:1;0:1:1;0:4:3;1:3:3,5,4,1,1,1,0,1,1,1,1,1,5,9,2
18359,0:1:1;0:1:1;0:4:3;1:3:3,5,5,1,1,1,0,1,1,1,1,1,5,9,1
18360,0:1:1;0:1:1;0:4:3;1:4:3,0,0,0,0,0,1,0,0,0,0,0,0,1,24
18361,0:1:1;0:1:1;0:4:3;1:4:3,0,1,1,0,0,1,0,0,0,0,0,3,6,24
18362,0:1:1;0:1:1;0:4:3;1:4:3,0,2,1,0,0,1,0,0,0,0,0,4,14,24
18363,0:1:1;0:1:1;0:4:3;1:4:3,0,3,1,1,0,1,0,0,1,1,1,8,27,17
18364,0:1:1;0:1:1;0:4:3;1:4:3,0,4,1,1,0,1,0,0,1,1,1,6,18,4
18365,0:1:1;0:1:1;0:4:3;1:4:3,0,5,1,1,1,0,1,1,1,1,1,5,9,1
18366,0:1:1;0:1:1;0:4:3;1:4:3,1,0,0,0,0,1,0,0,0,0,0,0,2,24
18367,0:1:1;0:1:1;0:4:3;1:4:3,1,1,1,0,0,1,0,0,0,0,0,3,10,24
18368,0:1:1;0:1:1;0:4:3;1:4:3,1,2,1,1,0,0,1,1,1,1,1,5,9,2
18369,0:1:1;0:1:1;0:4:3;1:4:3,1,3,1,1,0,0,1,1,1,1,1,5,9,2
18370,0:1:1;0:1:1;0:4:3;1:4:3,1,4,1,1,1,0,1,1,1,1,1,5,9,2
18371,0:1:1;0:1:1;0:4:3;1:4:3,1,5,1,1,1,0,1,1,1,1,1,5,9,1
18372,0:1:1;0:1:1;0:4:3;1:4:3,2,0,0,0,0,1,0,0,0,0,0,0,3,24
18373,0:1:1;0:1:1;0:4:3;1:4:3,2,1,1,1,0,0,1,1,1,1,1,5,9,5
18374,0:1:1;0:1:1;0:4:3;1:4:3,2,2,1,1,0,0,1,1,1,1,1,5,9,2
18375,0:1:1;0:1:1;0:4:3;1:4:3,2,3,1,1,1,0,1,1,1,1,1,5,9,2
18376,0:1:1;0:1:1;0:4:3;1:4:3,2,4,1,1,1,0,1,1,1,1,1,5,9,2
18377,0:1:1;0:1:1;0:4:3;1:4:3,2,5,1,1,1,0,1,1,1,1,1,5,9,1
18378,0:1:1;0:1:1;0:4:3;1:4:3,3,0,0,0,0,1,0,0,0,0,0,0,18,24
18379,0:1:1;0:1:1;0:4:3;1:4:3,3,1,1,1,0,0,1,1,1,1,1,5,9,5
18380,0:1:1;0:1:1;0:4:3;1:4:3,3,2,1,1,1,0,1,1,1,1,1,5,9,2
18381,0:1:1;0:1:1;0:4:3;1:4:3,3,3,1,1,1,0,1,1,1,1,1,5,9,2
18382,0:1:1;0:1:1;0:4:3;1:4:3,3,4,1,1,1,0,1,1,1,1,1,5,9,2
18383,0:1:1;0:1:1;0:4:3;1:4:3,3,5,1,1,1,0,1,1,1,1,1,5,9,1
18384,0:1:1;0:1:1;0:4:3;1:4:3,4,0,0,0,0,1,0,0,0,0,0,0,18,24
18385,0:1:1;0:1:1;0:4:3;1:4:3,4,1,1,1,1,0,1,1,1,1,1,5,9,5
18386,0:1:1;0:1:1;0:4:3;1:4:3,4,2,1,1,1,0,1,1,1,1,1,5,9,2
18387,0:1:1;0:1:1;0:4:3;1:4:3,4,3,1,1,1,0,1,1,1,1,1,5,9,2
18388,0:1:1;0:1:1;0:4:3;1:4:3,4,4,1,1,1,0,1,1,1,1,1,5,9,2
18389,0:1:1;0:1:1;0:4:3;1:4:3,4,5,1,1,1,0,1,1,1,1,1,5,9,1
18390,0:1:1;0:1:1;0:4:3;1:4:3,5,0,0,0,0,1,0,0,0,0,0,0,18,24
18391,0:1:1;0:1:1;0:4:3;1:4:3,5,1,1,1,1,0,1,1,1,1,1,5,9,5
18392,0:1:1;0:1:1;0:4:3;1:4:3,5,2,1,1,1,0,1,1,1,1,1,5,9,2
18393,0:1:1;0:1:1;0:4:3;1:4:3,5,3,1,1,1,0,1,1,1,1,1,5,9,2
18394,0:1:1;0:1:1;0:4:3;1:4:3,5,4,1,1,1,0,1,1,1,1,1,5,9,2
18395,0:1:1;0:1:1;0:4:3;1:4:3,5,5,1,1,1,0,1,1,1,1,1,5,9,1
18396,0:1:1;0:1:1;1:1:1;1:1:1,0,0,1,0,0,1,0,0,0,0,0,1,1,24
18397,0:1:1;0:1:1;1:1:1;1:1:1,0,1,1,1,1,0,1,1,1,1,1,5,5,3
18398,0:1:1;0:1:1;1:1:1;1:1:1,0,2,1,1,1,0,1,1,1,1,1,5,5,1
18399,0:1:1;0:1:1;1:1:1;1:1:1,0,3,1,1,1,0,1,1,1,1,1,5,5,1
18400,0:1:1;0:1:1;1:1:1;1:1:1,0,4,1,1,1,0,1,1,1,1,1,5,5,1
18401,0:1:1;0:1:1;1:1:1;1:1:1,0,5,1,1,1,0,1,1,1,1,1,5,5,1
18402,0:1:1;0:1:1;1:1:1;1:1:1,1,0,1,1,1,0,1,1,1,1,1,5,5,14
18403,0:1:1;0:1:1;1:1:1;1:1:1,1,1,1,1,1,0,1,1,1,1,1,5,5,3
18404,0:1:1;0:1:1;1:1:1;1:1:1,1,2,1,1,1,0,1,1,1,1,1,5,5,1
18405,0:1:1;0:1:1;1:1:1;1:1:1,1,3,1,1,1,0,1,1,1,1,1,5,5,1
18406,0:1:1;0:1:1;1:1:1;1:1:1,1,4,1,1,1,0,1,1,1,1,1,5,5,1
18407,0:1:1;0:1:1;1:1:1;1:1:1,1,5,1,1,1,0,1,1,1,1,1,5,5,1
18408,0:1:1;0:1:1;1:1:1;1:1:1,2,0,1,1,1,0,1,1,1,1,1,5,5,14
18409,0:1:1;0:1:1;1:1:1;1:1:1,2,1,1,1,1,0,1,1,1,1,1,5,5,3
18410,0:1:1;0:1:1;1:1:1;1:1:1,2,2,1,1,1,0,1,1,1,1,1,5,5,1
18411,0:1:1;0:1:1;1:1:1;1:1:1,2,3,1,1,1,0,1,1,1,1,1,5,5,1
18412,0:1:1;0:1:1;1:1:1;1:1:1,2,4,1,1,1,0,1,1,1,1,1,5,5,1
18413,0:1:1;0:1:1;1:1:1;1:1:1,2,5,1,1,1,0,1,1,1,1,1,5,5,1
18414,0:1:1;0:1:1;1:1:1;1:1:1,3,0,1,1,1,0,1,1,1,1,1,5,5,14
18415,0:1:1;0:1:1;1:1:1;1:1:1,3,1,1,1,1,0,1,1,1,1,1,5,5,3
18416,0:1:1;0:1:1;1:1:1;1:1:1,3,2,1,1,1,0,1,1,1,1,1,5,5,1
18417,0:1:1;0:1:1;1:1:1;1:1:1,3,3,1,1,1,0,1,1,1,1,1,5,5,1
18418,0:1:1;0:1:1;1:1:1;1:1:1,3,4,1,1,1,0,1,1,1,1,1,5,5,1
18419,0:1:1;0:1:1;1:1:1;1:1:1,3,5,1,1,1,0,1,1,1,1,1,5,5,1
18420,0:1:1;0:1:1;1:1:1;1:1:1,4,0,1,1,1,0,1,1,1,1,1,5,5,14
18421,0:1:1;0:1:1;1:1:1;1:1:1,4,1,1,1,1,0,1,1,1,1,1,5,5,3
18422,0:1:1;0:1:1;1:1:1;1:1:1,4,2,1,1,1,0,1,1,1,1,1,5,5,1
18423,0:1:1;0:1:1;1:1:1;1:1:1,4,3,1,1,1,0,1,1,1,1,1,5,5,1
18424,0:1:1;0:1:1;1:1:1;1:1:1,4,4,1,1,1,0,1,1,1,1,1,5,5,1
18425,0:1:1;0:1:1;1:1:1;1:1:1,4,5,1,1,1,0,1,1,1,1,1,5,5,1
18426,0:1:1;0:1:1;1:1:1;1:1:1,5,0,1,1,1,0,1,1,1,1,1,5,5,14
18427,0:1:1;0:1:1;1:1:1;1:1:1,5,1,1,1,1,0,1,1,1,1,1,5,5,3
18428,0:1:1;0:1:1;1:1:1;1:1:1,5,2,1,1,1,0,1,1,1,1,1,5,5,1
18429,0:1:1;0:1:1;1:1:1;1:1:1,5,3,1,1,1,0,1,1,1,1,1,5,5,1
18430,0:1:1;0:1:1;1:1:1;1:1:1,5,4,1,1,1,0,1,1,1,1,1,5,5,1
18431,0:1:1;0:1:1;1:1:1;1:1:1,5,5,1,1,1,0,1,1,1,1,1,5,5,1
18432,0:1:1;0:1:1;1:1:1;1:2:1,0,0,1,0,0,1,0,0,0,0,0,1,1,24
18433,0:1:1;0:1:1;1:1:1;1:2:1,0,1,1,1,1,0,1,1,1,1,1,5,5,3
18434,0:1:1;0:1:1;1:1:1;1:2:1,0,2,1,1,1,0,1,1,1,1,1,5,5,1
18435,0:1:1;0:1:1;1:1:1;1:2:1,0,3,1,1,1,0,1,1,1,1,1,5,5,1
18436,0:1:1;0:1:1;1:1:1;1:2:1,0,4,1,1,1,0,1,1,1,1,1,5,5,1
18437,0:1:1;0:1:1;1:1:1;1:2:1,0,5,1,1,1,0,1,1,1,1,1,5,5,1
18438,0:1:1;0:1:1;1:1:1;1:2:1,1,0,1,1,1,0,1,1,1,1,1,5,5,14
18439,0:1:1;0:1:1;1:1:1;1:2:1,1,1,1,1,1,0,1,1,1,1,1,5,5,3
18440,0:1:1;0:1:1;1:1:1;1:2:1,1,2,1,1,1,0,1,1,1,1,1,5,5,1
18441,0:1:1;0:1:1;1:1:1;1:2:1,1,3,1,1,1,0,1,1,1,1,1,5,5,1
18442,0:1:1;0:1:1;1:1:1;1:2:1,1,4,1,1,1,0,1,1,1,1,1,5,5,1
18443,0:1:1;0:1:1;1:1:1;1:2:1,1,5,1,1,1,0,1,1,1,1,1,5,5,1
18444,0:1:1;0:1:1;1:1:1;1:2:1,2,0,1,1,1,0,1,1,1,1,1,5,5,14
18445,0:1:1;0:1:1;1:1:1;1:2:1,2,1,1,1,1,0,1,1,1,1,1,5,5,3
18446,0:1:1;0:1:1;1:1:1;1:2:1,2,2,1,1,1,0,1,1,1,1,1,5,5,1
18447,0:1:1;0:1:1;1:1:1;1:2:1,2,3,1,1,1,0,1,1,1,1,1,5,5,1
18448,0:1:1;0:1:1;1:1:1;1:2:1,2,4,1,1,1,0,1,1,1,1,1,5,5,1
18449,0:1:1;0:1:1;1:1:1;1:2:1,2,5,1,1,1,0,1,1,1,1,1,5,5,1
18450,0:1:1;0:1:1;1:1:1;1:2:1,3,0,1,1,1,0,1,1,1,1,1,5,5,14
18451,0:1:1;0:1:1;1:1:1;1:2:1,3,1,1,1,1,0,1,1,1,1,1,5,5,3
18452,0:1:1;0:1:1;1:1:1;1:2:1,3,2,1,1,1,0,1,1,1,1,1,5,5,1
18453,0:1:1;0:1:1;1:1:1;1:2:1,3,3,1,1,1,0,1,1,1,1,1,5,5,1
18454,0:1:1;0:1:1;1:1:1;1:2:1,3,4,1,1,1,0,1,1,1,1,1,5,5,1
18455,0:1:1;0:1:1;1:1:1;1:2:1,3,5,1,1,1,0,1,1,1,1,1,5,5,1
18456,0:1:1;0:1:1;1:1:1;1:2:1,4,0,1,1,1,0,1,1,1,1,1,5,5,14
18457,0:1:1;0:1:1;1:1:1;1:2:1,4,1,1,1,1,0,1,1,1,1,1,5,5,3
18458,0:1:1;0:1:1;1:1:1;1:2:1,4,2,1,1,1,0,1,1,1,1,1,5,5,1
18459,0:1:1;0:1:1;1:1:1;1:2:1,4,3,1,1,1,0,1,1,1,1,1,5,5,1
18460,0:1:1;0:1:1;1:1:1;1:2:1,4,4,1,1,1,0,1,1,1,1,1,5,5,1
18461,0:1:1;0:1:1;1:1:1;1:2:1,4,5,1,1,1,0,1,1,1,1,1,5,5,1
18462,0:1:1;0:1:1;1:1:1;1:2:1,5,0,1,1,1,0,1,1,1,1,1,5,5,14
18463,0:1:1;0:1:1;1:1:1;1:2:1,5,1,1,1,1,0,1,1,1,1,1,5,5,3
18464,0:1:1;0:1:1;1:1:1;1:2:1,5,2,1,1,1,0,1,1,1,1,1,5,5,1
18465,0:1:1;0:1:1;1:1:1;1:2:1,5,3,1,1,1,0,1,1,1,1,1,5,5,1
18466,0:1:1;0:1:1;1:1:1;1:2:1,5,4,1,1,1,0,1,1,1,1,1,5,5,1
18467,0:1:1;0:1:1;1:1:1;1:2:1,5,5,1,1,1,0,1,1,1,1,1,5,5,1
18468,0:1:1;0:1:1;1:1:1;1:2:2,0,0,0,0,0,1,0,0,0,0,0,0,1,24
18469,0:1:1;0:1:1;1:1:1;1:2:2,0,1,0,0,0,1,0,0,0,0,0,0,9,24
18470,0:1:1;0:1:1;1:1:1;1:2:2,0,2,0,0,0,1,0,0,0,0,0,0,12,24
18471,0:1:1;0:1:1;1:1:1;1:2:2,0,3,0,0,0,1,0,0,0,0,0,0,12,24
18472,0:1:1;0:1:1;1:1:1;1:2:2,0,4,0,0,0,1,0,0,0,0,0,0,12,24
18473,0:1:1;0:1:1;1:1:1;1:2:2,0,5,0,0,0,1,0,0,0,0,0,0,12,24
18474,0:1:1;0:1:1;1:1:1;1:2:2,1,0,1,0,0,1,0,0,0,0,0,4,7,24
18475,0:1:1;0:1:1;1:1:1;1:2:2,1,1,1,1,1,0,1,1,1,1,1,5,6,3
18476,0:1:1;0:1:1;1:1:1;1:2:2,1,2,1,1,1,0,1,1,1,1,1,5,6,1
18477,0:1:1;0:1:1;1:1:1;1:2:2,1,3,1,1,1,0,1,1,1,1,1,5,6,1
18478,0:1:1;0:1:1;1:1:1;1:2:2,1,4,1,1,1,0,1,1,1,1,1,5,6,1
18479,0:1:1;0:1:1;1:1:1;1:2:2,1,5,1,1,1,0,1,1,1,1,1,5,6,1
18480,0:1:1;0:1:1;1:1:1;1:2:2,2,0,1,1,1,0,1,1,1,1,1,5,6,14
18481,0:1:1;0:1:1;1:1:1;1:2:2,2,1,1,1,1,0,1,1,1,1,1,5,6,3
18482,0:1:1;0:1:1;1:1:1;1:2:2,2,2,1,1,1,0,1,1,1,1,1,5,6,1
18483,0:1:1;0:1:1;1:1:1;1:2:2,2,3,1,1,1,0,1,1,1,1,1,5,6,1
18484,0:1:1;0:1:1;1:1:1;1:2:2,2,4,1,1,1,0,1,1,1,1,1,5,6,1
18485,0:1:1;0:1:1;1:1:1;1:2:2,2,5,1,1,1,0,1,1,1,1,1,5,6,1
18486,0:1:1;0:1:1;1:1:1;1:2:2,3,0,1,1,1,0,1,1,1,1,1,5,6,14
18487,0:1:1;0:1:1;1:1:1;1:2:2,3,1,1,1,1,0,1,1,1,1,1,5,6,3
18488,0:1:1;0:1:1;1:1:1;1:2:2,3,2,1,1,1,0,1,1,1,1,1,5,6,1
18489,0:1:1;0:1:1;1:1:1;1:2:2,3,3,1,1,1,0,1,1,1,1,1,5,6,1
18490,0:1:1;0:1:1;1:1:1;1:2:2,3,4,1,1,1,0,1,1,1,1,1,5,6,1
18491,0:1:1;0:1:1;1:1:1;1:2:2,3,5,1,1,1,0,1,1,1,1,1,5,6,1
18492,0:1:1;0:1:1;1:1:1;1:2:2,4,0,1,1,1,0,1,1,1,1,1,5,6,14
18493,0:1:1;0:1:1;1:1:1;1:2:2,4,1,1,1,1,0,1,1,1,1,1,5,6,3
18494,0:1:1;0:1:1;1:1:1;1:2:2,4,2,1,1,1,0,1,1,1,1,1,5,6,1
18495,0:1:1;0:1:1;1:1:1;1:2:2,4,3,1,1,1,0,1,1,1,1,1,5,6,1
18496,0:1:1;0:1:1;1:1:1;1:2:2,4,4,1,1,1,0,1,1,1,1,1,5,6,1
18497,0:1:1;0:1:1;1:1:1;1:2:2,4,5,1,1,1,0,1,1,1,1,1,5,6,1
18498,0:1:1;0:1:1;1:1:1;1:2:2,5,0,1,1,1,0,1,1,1,1,1,5,6,14
18499,0:1:1;0:1:1;1:1:1;1:2:2,5,1,1,1,1,0,1,1,1,1,1,5,6,3
18500,0:1:1;0:1:1;1:1:1;1:2:2,5,2,1,1,1,0,1,1,1,1,1,5,6,1
18501,0:1:1;0:1:1;1:1:1;1:2:2,5,3,1,1,1,0,1,1,1,1,1,5,6,1
18502,0:1:1;0:1:1;1:1:1;1:2:2,5,4,1,1,1,0,1,1,1,1,1,5,6,1
18503,0:1:1;0:1:1;1:1:1;1:2:2,5,5,1,1,1,0,1,1,1,1,1,5,6,1
18504,0:1:1;0:1:1;1:1:1;1:3:2,0,0,0,0,0,1,0,0,0,0,0,0,1,24
18505,0:1:1;0:1:1;1:1:1;1:3:2,0,1,0,0,0,1,0,0,0,0,0,0,9,24
18506,0:1:1;0:1:1;1:1:1;1:3:2,0,2,0,0,0,1,0,0,0,0,0,0,12,24
18507,0:1:1;0:1:1;1:1:1;1:3:2,0,3,0,0,0,1,0,0,0,0,0,0,12,24
18508,0:1:1;0:1:1;1:1:1;1:3:2,0,4,0,0,0,1,0,0,0,0,0,0,12,24
18509,0:1:1;0:1:1;1:1:1;1:3:2,0,5,0,0,0,1,0,0,0,0,0,0,12,24
18510,0:1:1;0:1:1;1:1:1;1:3:2,1,0,1,0,0,1,0,0,0,0,0,4,7,24
18511,0:1:1;0:1:1;1:1:1;1:3:2,1,1,1,1,1,0,1,1,1,1,1,5,6,3
18512,0:1:1;0:1:1;1:1:1;1:3:2,1,2,1,1,1,0,1,1,1,1,1,5,6,1
18513,0:1:1;0:1:1;1:1:1;1:3:2,1,3,1,1,1,0,1,1,1,1,1,5,6,1
18514,0:1:1;0:1:1;1:1:1;1:3:2,1,4,1,1,1,0,1,1,1,1,1,5,6,1
18515,0:1:1;0:1:1;1:1:1;1:3:2,1,5,1,1,1,0,1,1,1,1,1,5,6,1
18516,0:1:1;0:1:1;1:1:1;1:3:2,2,0,1,1,1,0,1,1,1,1,1,5,6,14
18517,0:1:1;0:1:1;1:1:1;1:3:2,2,1,1,1,1,0,1,1,1,1,1,5,6,3
18518,0:1:1;0:1:1;1:1:1;1:3:2,2,2,1,1,1,0,1,1,1,1,1,5,6,1
18519,0:1:1;0:1:1;1:1:1;1:3:2,2,3,1,1,1,0,1,1,1,1,1,5,6,1
18520,0:1:1;0:1:1;1:1:1;1:3:2,2,4,1,1,1,0,1,1,1,1,1,5,6,1
18521,0:1:1;0:1:1;1:1:1;1:3:2,2,5,1,1,1,0,1,1,1,1,1,5,6,1
18522,0:1:1;0:1:1;1:1:1;1:3:2,3,0,1,1,1,0,1,1,1,1,1,5,6,14
18523,0:1:1;0:1:1;1:1:1;1:3:2,3,1,1,1,1,0,1,1,1,1,1,5,6,3
18524,0:1:1;0:1:1;1:1:1;1:3:2,3,2,1,1,1,0,1,1,1,1,1,5,6,1
18525,0:1:1;0:1:1;1:1:1;1:3:2,3,3,1,1,1,0,1,1,1,1,1,5,6,1
18526,0:1:1;0:1:1;1:1:1;1:3:2,3,4,1,1,1,0,1,1,1,1,1,5,6,1
18527,0:1:1;0:1:1;1:1:1;1:3:2,3,5,1,1,1,0,1,1,1,1,1,5,6,1
18528,0:1:1;0:1:1;1:1:1;1:3:2,4,0,1,1,1,0,1,1,1,1,1,5,6,14
18529,0:1:1;0:1:1;1:1:1;1:3:2,4,1,1,1,1,0,1,1,1,1,1,5,6,3
18530,0:1:1;0:1:1;1:1:1;1:3:2,4,2,1,1,1,0,1,1,1,1,1,5,6,1
18531,0:1:1;0:1:1;1:1:1;1:3:2,4,3,1,1,1,0,1,1,1,1,1,5,6,1
18532,0:1:1;0:1:1;1:1:1;1:3:2,4,4,1,1,1,0,1,1,1,1,1,5,6,1
18533,0:1:1;0:1:1;1:1:1;1:3:2,4,5,1,1,1,0,1,1,1,1,1,5,6,1
18534,0:1:1;0:1:1;1:1:1;1:3:2,5,0,1,1,1,0,1,1,1,1,1,5,6,14
18535,0:1:1;0:1:1;1:1:1;1:3:2,5,1,1,1,1,0,1,1,1,1,1,5,6,3
18536,0:1:1;0:1:1;1:1:1;1:3:2,5,2,1,1,1,0,1,1,1,1,1,5,6,1
18537,0:1:1;0:1:1;1:1:1;1:3:2,5,3,1,1,1,0,1,1,1,1,1,5,6,1
18538,0:1:1;0:1:1;1:1:1;1:3:2,5,4,1,1,1,0,1,1,1,1,1,5,6,1
18539,0:1:1;0:1:1;1:1:1;1:3:2,5,5,1,1,1,0,1,1,1,1,1,5,6,1
18540,0:1:1;0:1:1;1:1:1;1:3:3,0,0,0,0,0,1,0,0,0,0,0,0,1,24
18541,0:1:1;0:1:1;1:1:1;1:3:3,0,1,0,0,0,1,0,0,0,0,0,0,9,24
18542,0:1:1;0:1:1;1:1:1;1:3:3,0,2,0,0,0,1,0,0,0,0,0,0,12,24
18543,0:1:1;0:1:1;1:1:1;1:3:3,0,3,0,0,0,1,0,0,0,0,0,0,12,24
18544,0:1:1;0:1:1;1:1:1;1:3:3,0,4,0,0,0,1,0,0,0,0,0,0,12,24
18545,0:1:1;0:1:1;1:1:1;1:3:3,0,5,0,0,0,1,0,0,0,0,0,0,12,24
18546,0:1:1;0:1:1;1:1:1;1:3:3,1,0,0,0,0,1,0,0,0,0,0,0,7,24
18547,0:1:1;0:1:1;1:1:1;1:3:3,1,1,0,0,0,1,0,0,0,0,0,0,16,24
18548,0:1:1;0:1:1;1:1:1;1:3:3,1,2,0,0,0,1,0,0,0,0,0,0,20,24
18549,0:1:1;0:1:1;1:1:1;1:3:3,1,3,0,0,0,1,0,0,0,0,0,0,20,24
18550,0:1:1;0:1:1;1:1:1;1:3:3,1,4,0,0,0,1,0,0,0,0,0,0,20,24
18551,0:1:1;0:1:1;1:1:1;1:3:3,1,5,0,0,0,1,0,0,0,0,0,0,20,24
18552,0:1:1;0:1:1;1:1:1;1:3:3,2,0,1,0,0,1,0,0,0,0,0,4,11,24
18553,0:1:1;0:1:1;1:1:1;1:3:3,2,1,1,1,1,0,1,1,1,1,1,5,7,3
18554,0:1:1;0:1:1;1:1:1;1:3:3,2,2,1,1,1,0,1,1,1,1,1,5,7,1
18555,0:1:1;0:1:1;1:1:1;1:3:3,2,3,1,1,1,0,1,1,1,1,1,5,7,1
18556,0:1:1;0:1:1;1:1:1;1:3:3,2,4,1,1,1,0,1,1,1,1,1,5,7,1
18557,0:1:1;0:1:1;1:1:1;1:3:3,2,5,1,1,1,0,1,1,1,1,1,5,7,1
18558,0:1:1;0:1:1;1:1:1;1:3:3,3,0,1,1,1,0,1,1,1,1,1,5,7,14
18559,0:1:1;0:1:1;1:1:1;1:3:3,3,1,1,1,1,0,1,1,1,1,1,5,7,3
18560,0:1:1;0:1:1;1:1:1;1:3:3,3,2,1,1,1,0,1,1,1,1,1,5,7,1
18561,0:1:1;0:1:1;1:1:1;1:3:3,3,3,1,1,1,0,1,1,1,1,1,5,7,1
18562,0:1:1;0:1:1;1:1:1;1:3:3,3,4,1,1,1,0,1,1,1,1,1,5,7,1
18563,0:1:1;0:1:1;1:1:1;1:3:3,3,5,1,1,1,0,1,1,1,1,1,5,7,1
18564,0:1:1;0:1:1;1:1:1;1:3:3,4,0,1,1,1,0,1,1,1,1,1,5,7,14
18565,0:1:1;0:1:1;1:1:1;1:3:3,4,1,1,1,1,0,1,1,1,1,1,5,7,3
18566,0:1:1;0:1:1;1:1:1;1:3:3,4,2,1,1,1,0,1,1,1,1,1,5,7,1
18567,0:1:1;0:1:1;1:1:1;1:3:3,4,3,1,1,1,0,1,1,1,1,1,5,7,1
18568,0:1:1;0:1:1;1:1:1;1:3:3,4,4,1,1,1,0,1,1,1,1,1,5,7,1
18569,0:1:1;0:1:1;1:1:1;1:3:3,4,5,1,1,1,0,1,1,1,1,1,5,7,1
18570,0:1:1;0:1:1;1:1:1;1:3:3,5,0,1,1,1,0,1,1,1,1,1,5,7,14
18571,0:1:1;0:1:1;1:1:1;1:3:3,5,1,1,1,1,0,1,1,1,1,1,5,7,3
18572,0:1:1;0:1:1;1:1:1;1:3:3,5,2,1,1,1,0,1,1,1,1,1,5,7,1
18573,0:1:1;0:1:1;1:1:1;1:3:3,5,3,1,1,1,0,1,1,1,1,1,5,7,1
18574,0:1:1;0:1:1;1:1:1;1:3:3,5,4,1,1,1,0,1,1,1,1,1,5,7,1
18575,0:1:1;0:1:1;1:1:1;1:3:3,5,5,1,1,1,0,1,1,1,1,1,5,7,1
18576,0:1:1;0:1:1;1:1:1;1:4:3,0,0,0,0,0,1,0,0,0,0,0,0,1,24
18577,0:1:1;0:1:1;1:1:1;1:4:3,0,1,0,0,0,1,0,0,0,0,0,0,9,24
18578,0:1:1;0:1:1;1:1:1;1:4:3,0,2,0,0,0,1,0,0,0,0,0,0,12,24
18579,0:1:1;0:1:1;1:1:1;1:4:3,0,3,0,0,0,1,0,0,0,0,0,0,12,24
18580,0:1:1;0:1:1;1:1:1;1:4:3,0,4,0,0,0,1,0,0,0,0,0,0,12,24
18581,0:1:1;0:1:1;1:1:1;1:4:3,0,5,0,0,0,1,0,0,0,0,0,0,12,24
18582,0:1:1;0:1:1;1:1:1;1:4:3,1,0,0,0,0,1,0,0,0,0,0,0,7,24
18583,0:1:1;0:1:1;1:1:1;1:4:3,1,1,0,0,0,1,0,0,0,0,0,0,16,24
18584,0:1:1;0:1:1;1:1:1;1:4:3,1,2,0,0,0,1,0,0,0,0,0,0,20,24
18585,0:1:1;0:1:1;1:1:1;1:4:3,1,3,0,0,0,1,0,0,0,0,0,0,20,24
18586,0:1:1;0:1:1;1:1:1;1:4:3,1,4,0,0,0,1,0,0,0,0,0,0,20,24
18587,0:1:1;0:1:1;1:1:1;1:4:3,1,5,0,0,0,1,0,0,0,0,0,0,20,24
18588,0:1:1;0:1:1;1:1:1;1:4:3,2,0,1,0,0,1,0,0,0,0,0,4,11,24
18589,0:1:1;0:1:1;1:1:1;1:4:3,2,1,1,1,1,0,1,1,1,1,1,5,7,3
18590,0:1:1;0:1:1;1:1:1;1:4:3,2,2,1,1,1,0,1,1,1,1,1,5,7,1
18591,0:1:1;0:1:1;1:1:1;1:4:3,2,3,1,1,1,0,1,1,1,1,1,5,7,1
18592,0:1:1;0:1:1;1:1:1;1:4:3,2,4,1,1,1,0,1,1,1,1,1,5,7,1
18593,0:1:1;0:1:1;1:1:1;1:4:3,2,5,1,1,1,0,1,1,1,1,1,5,7,1
18594,0:1:1;0:1:1;1:1:1;1:4:3,3,0,1,1,1,0,1,1,1,1,1,5,7,14
18595,0:1:1;0:1:1;1:1:1;1:4:3,3,1,1,1,1,0,1,1,1,1,1,5,7,3
18596,0:1:1;0:1:1;1:1:1;1:4:3,3,2,1,1,1,0,1,1,1,1,1,5,7,1
18597,0:1:1;0:1:1;1:1:1;1:4:3,3,3,1,1,1,0,1,1,1,1,1,5,7,1
18598,0:1:1;0:1:1;1:1:1;1:4:3,3,4,1,1,1,0,1,1,1,1,1,5,7,1
18599,0:1:1;0:1:1;1:1:1;1:4:3,3,5,1,1,1,0,1,1,1,1,1,5,7,1
18600,0:1:1;0:1:1;1:1:1;1:4:3,4,0,1,1,1,0,1,1,1,1,1,5,7,14
18601,0:1:1;0:1:1;1:1:1;1:4:3,4,1,1,1,1,0,1,1,1,1,1,5,7,3
18602,0:1:1;0:1:1;1:1:1;1:4:3,4,2,1,1,1,0,1,1,1,1,1,5,7,1
18603,0:1:1;0:1:1;1:1:1;1:4:3,4,3,1,1,1,0,1,1,1,1,1,5,7,1
18604,0:1:1;0:1:1;1:1:1;1:4:3,4,4,1,1,1,0,1,1,1,1,1,5,7,1
18605,0:1:1;0:1:1;1:1:1;1:4:3,4,5,1,1,1,0,1,1,1,1,1,5,7,1
18606,0:1:1;0:1:1;1:1:1;1:4:3,5,0,1,1,1,0,1,1,1,1,1,5,7,14
18607,0:1:1;0:1:1;1:1:1;1:4:3,5,1,1,1,1,0,1,1,1,1,1,5,7,3
18608,0:1:1;0:1:1;1:1:1;1:4:3,5,2,1,1,1,0,1,1,1,1,1,5,7,1
18609,0:1:1;0:1:1;1:1:1;1:4:3,5,3,1,1,1,0,1,1,1,1,1,5,7,1
18610,0:1:1;0:1:1;1:1:1;1:4:3,5,4,1,1,1,0,1,1,1,1,1,5,7,1
18611,0:1:1;0:1:1;1:1:1;1:4:3,5,5,1,1,1,0,1,1,1,1,1,5,7,1
18612,0:1:1;0:1:1;1:2:1;1:2:1,0,0,1,0,0,1,0,0,0,0,0,1,1,24
18613,0:1:1;0:1:1;1:2:1;1:2:1,0,1,1,1,1,0,1,1,1,1,1,5,5,3
18614,0:1:1;0:1:1;1:2:1;1:2:1,0,2,1,1,1,0,1,1,1,1,1,5,5,1
18615,0:1:1;0:1:1;1:2:1;1:2:1,0,3,1,1,1,0,1,1,1,1,1,5,5,1
18616,0:1:1;0:1:1;1:2:1;1:2:1,0,4,1,1,1,0,1,1,1,1,1,5,5,1
18617,0:1:1;0:1:1;1:2:1;1:2:1,0,5,1,1,1,0,1,1,1,1,1,5,5,1
18618,0:1:1;0:1:1;1:2:1;1:2:1,1,0,1,1,1,0,1,1,1,1,1,5,5,13
18619,0:1:1;0:1:1;1:2:1;1:2:1,1,1,1,1,1,0,1,1,1,1,1,5,5,3
18620,0:1:1;0:1:1;1:2:1;1:2:1,1,2,1,1,1,0,1,1,1,1,1,5,5,1
18621,0:1:1;0:1:1;1:2:1;1:2:1,1,3,1,1,1,0,1,1,1,1,1,5,5,1
18622,0:1:1;0:1:1;1:2:1;1:2:1,1,4,1,1,1,0,1,1,1,1,1,5,5,1
18623,0:1:1;0:1:1;1:2:1;1:2:1,1,5,1,1,1,0,1,1,1,1,1,5,5,1
18624,0:1:1;0:1:1;1:2:1;1:2:1,2,0,1,1,1,0,1,1,1,1,1,5,5,13
18625,0:1:1;0:1:1;1:2:1;1:2:1,2,1,1,1,1,0,1,1,1,1,1,5,5,3
18626,0:1:1;0:1:1;1:2:1;1:2:1,2,2,1,1,1,0,1,1,1,1,1,5,5,1
18627,0:1:1;0:1:1;1:2:1;1:2:1,2,3,1,1,1,0,1,1,1,1,1,5,5,1
18628,0:1:1;0:1:1;1:2:1;1:2:1,2,4,1,1,1,0,1,1,1,1,1,5,5,1
18629,0:1:1;0:1:1;1:2:1;1:2:1,2,5,1,1,1,0,1,1,1,1,1,5,5,1
18630,0:1:1;0:1:1;1:2:1;1:2:1,3,0,1,1,1,0,1,1,1,1,1,5,5,13
18631,0:1:1;0:1:1;1:2:1;1:2:1,3,1,1,1,1,0,1,1,1,1,1,5,5,3
18632,0:1:1;0:1:1;1:2:1;1:2:1,3,2,1,1,1,0,1,1,1,1,1,5,5,1
18633,0:1:1;0:1:1;1:2:1;1:2:1,3,3,1,1,1,0,1,1,1,1,1,5,5,1
18634,0:1:1;0:1:1;1:2:1;1:2:1,3,4,1,1,1,0,1,1,1,1,1,5,5,1
18635,0:1:1;0:1:1;1:2:1;1:2:1,3,5,1,1,1,0,1,1,1,1,1,5,5,1
18636,0:1:1;0:1:1;1:2:1;1:2:1,4,0,1,1,1,0,1,1,1,1,1,5,5,13
18637,0:1:1;0:1:1;1:2:1;1:2:1,4,1,1,1,1,0,1,1,1,1,1,5,5,3
18638,0:1:1;0:1:1;1:2:1;1:2:1,4,2,1,1,1,0,1,1,1,1,1,5,5,1
18639,0:1:1;0:1:1;1:2:1;1:2:1,4,3,1,1,1,0,1,1,1,1,1,5,5,1
18640,0:1:1;0:1:1;1:2:1;1:2:1,4,4,1,1,1,0,1,1,1,1,1,5,5,1
18641,0:1:1;0:1:1;1:2:1;1:2:1,4,5,1,1,1,0,1,1,1,1,1,5,5,1
18642,0:1:1;0:1:1;1:2:1;1:2:1,5,0,1,1,1,0,1,1,1,1,1,5,5,13
18643,0:1:1;0:1:1;1:2:1;1:2:1,5,1,1,1,1,0,1,1,1,1,1,5,5,3
18644,0:1:1;0:1:1;1:2:1;1:2:1,5,2,1,1,1,0,1,1,1,1,1,5,5,1
18645,0:1:1;0:1:1;1:2:1;1:2:1,5,3,1,1,1,0,1,1,1,1,1,5,5,1
18646,0:1:1;0:1:1;1:2:1;1:2:1,5,4,1,1,1,0,1,1,1,1,1,5,5,1
18647,0:1:1;0:1:1;1:2:1;1:2:1,5,5,1,1,1,0,1,1,1,1,1,5,5,1
18648,0:1:1;0:1:1;1:2:1;1:2:2,0,0,0,0,0,1,0,0,0,0,0,0,1,24
18649,0:1:1;0:1:1;1:2:1;1:2:2,0,1,0,0,0,1,0,0,0,0,0,0,9,24
18650,0:1:1;0:1:1;1:2:1;1:2:2,0,2,0,0,0,1,0,0,0,0,0,0,12,24
18651,0:1:1;0:1:1;1:2:1;1:2:2,0,3,0,0,0,1,0,0,0,0,0,0,12,24
18652,0:1:1;0:1:1;1:2:1;1:2:2,0,4,0,0,0,1,0,0,0,0,0,0,12,24
18653,0:1:1;0:1:1;1:2:1;1:2:2,0,5,0,0,0,1,0,0,0,0,0,0,12,24
18654,0:1:1;0:1:1;1:2:1;1:2:2,1,0,1,1,0,0,1,1,1,1,1,5,6,13
18655,0:1:1;0:1:1;1:2:1;1:2:2,1,1,1,1,1,0,1,1,1,1,1,5,6,3
18656,0:1:1;0:1:1;1:2:1;1:2:2,1,2,1,1,1,0,1,1,1,1,1,5,6,1
18657,0:1:1;0:1:1;1:2:1;1:2:2,1,3,1,1,1,0,1,1,1,1,1,5,6,1
18658,0:1:1;0:1:1;1:2:1;1:2:2,1,4,1,1,1,0,1,1,1,1,1,5,6,1
18659,0:1:1;0:1:1;1:2:1;1:2:2,1,5,1,1,1,0,1,1,1,1,1,5,6,1
18660,0:1:1;0:1:1;1:2:1;1:2:2,2,0,1,1,1,0,1,1,1,1,1,5,6,13
18661,0:1:1;0:1:1;1:2:1;1:2:2,2,1,1,1,1,0,1,1,1,1,1,5,6,3
18662,0:1:1;0:1:1;1:2:1;1:2:2,2,2,1,1,1,0,1,1,1,1,1,5,6,1
18663,0:1:1;0:1:1;1:2:1;1:2:2,2,3,1,1,1,0,1,1,1,1,1,5,6,1
18664,0:1:1;0:1:1;1:2:1;1:2:2,2,4,1,1,1,0,1,1,1,1,1,5,6,1
18665,0:1:1;0:1:1;1:2:1;1:2:2,2,5,1,1,1,0,1,1,1,1,1,5,6,1
18666,0:1:1;0:1:1;1:2:1;1:2:2,3,0,1,1,1,0,1,1,1,1,1,5,6,13
18667,0:1:1;0:1:1;1:2:1;1:2:2,3,1,1,1,1,0,1,1,1,1,1,5,6,3
18668,0:1:1;0:1:1;1:2:1;1:2:2,3,2,1,1,1,0,1,1,1,1,1,5,6,1
18669,0:1:1;0:1:1;1:2:1;1:2:2,3,3,1,1,1,0,1,1,1,1,1,5,6,1
18670,0:1:1;0:1:1;1:2:1;1:2:2,3,4,1,1,1,0,1,1,1,1,1,5,6,1
18671,0:1:1;0:1:1;1:2:1;1:2:2,3,5,1,1,1,0,1,1,1,1,1,5,6,1
18672,0:1:1;0:1:1;1:2:1;1:2:2,4,0,1,1,1,0,1,1,1,1,1,5,6,13
18673,0:1:1;0:1:1;1:2:1;1:2:2,4,1,1,1,1,0,1,1,1,1,1,5,6,3
18674,0:1:1;0:1:1;1:2:1;1:2:2,4,2,1,1,1,0,1,1,1,1,1,5,6,1
18675,0:1:1;0:1:1;1:2:1;1:2:2,4,3,1,1,1,0,1,1,1,1,1,5,6,1
18676,0:1:1;0:1:1;1:2:1;1:2:2,4,4,1,1,1,0,1,1,1,1,1,5,6,1
18677,0:1:1;0:1:1;1:2:1;1:2:2,4,5,1,1,1,0,1,1,1,1,1,5,6,1
18678,0:1:1;0:1:1;1:2:1;1:2:2,5,0,1,1,1,0,1,1,1,1,1,5,6,13
18679,0:1:1;0:1:1;1:2:1;1:2:2,5,1,1,1,1,0,1,1,1,1,1,5,6,3
18680,0:1:1;0:1:1;1:2:1;1:2:2,5,2,1,1,1,0,1,1,1,1,1,5,6,1
18681,0:1:1;0:1:1;1:2:1;1:2:2,5,3,1,1,1,0,1,1,1,1,1,5,6,1
18682,0:1:1;0:1:1;1:2:1;1:2:2,5,4,1,1,1,0,1,1,1,1,1,5,6,1
18683,0:1:1;0:1:1;1:2:1;1:2:2,5,5,1,1,1,0,1,1,1,1,1,5,6,1
18684,0:1:1;0:1:1;1:2:1;1:3:2,0,0,0,0,0,1,0,0,0,0,0,0,1,24
18685,0:1:1;0:1:1;1:2:1;1:3:2,0,1,0,0,0,1,0,0,0,0,0,0,9,24
18686,0:1:1;0:1:1;1:2:1;1:3:2,0,2,0,0,0,1,0,0,0,0,0,0,12,24
18687,0:1:1;0:1:1;1:2:1;1:3:2,0,3,0,0,0,1,0,0,0,0,0,0,12,24
18688,0:1:1;0:1:1;1:2:1;1:3:2,0,4,0,0,0,1,0,0,0,0,0,0,12,24
18689,0:1:1;0:1:1;1:2:1;1:3:2,0,5,0,0,0,1,0,0,0,0,0,0,12,24
18690,0:1:1;0:1:1;1:2:1;1:3:2,1,0,1,1,0,0,1,1,1,1,1,5,6,13
18691,0:1:1;0:1:1;1:2:1;1:3:2,1,1,1,1,1,0,1,1,1,1,1,5,6,3
18692,0:1:1;0:1:1;1:2:1;1:3:2,1,2,1,1,1,0,1,1,1,1,1,5,6,1
18693,0:1:1;0:1:1;1:2:1;1:3:2,1,3,1,1,1,0,1,1,1,1,1,5,6,1
18694,0:1:1;0:1:1;1:2:1;1:3:2,1,4,1,1,1,0,1,1,1,1,1,5,6,1
18695,0:1:1;0:1:1;1:2:1;1:3:2,1,5,1,1,1,0,1,1,1,1,1,5,6,1
18696,0:1:1;0:1:1;1:2:1;1:3:2,2,0,1,1,1,0,1,1,1,1,1,5,6,13
18697,0:1:1;0:1:1;1:2:1;1:3:2,2,1,1,1,1,0,1,1,1,1,1,5,6,3
18698,0:1:1;0:1:1;1:2:1;1:3:2,2,2,1,1,1,0,1,1,1,1,1,5,6,1
18699,0:1:1;0:1:1;1:2:1;1:3:2,2,3,1,1,1,0,1,1,1,1,1,5,6,1
18700,0:1:1;0:1:1;1:2:1;1:3:2,2,4,1,1,1,0,1,1,1,1,1,5,6,1
18701,0:1:1;0:1:1;1:2:1;1:3:2,2,5,1,1,1,0,1,1,1,1,1,5,6,1
18702,0:1:1;0:1:1;1:2:1;1:3:2,3,0,1,1,1,0,1,1,1,1,1,5,6,13
18703,0:1:1;0:1:1;1:2:1;1:3:2,3,1,1,1,1,0,1,1,1,1,1,5,6,3
18704,0:1:1;0:1:1;1:2:1;1:3:2,3,2,1,1,1,0,1,1,1,1,1,5,6,1
18705,0:1:1;0:1:1;1:2:1;1:3:2,3,3,1,1,1,0,1,1,1,1,1,5,6,1
18706,0:1:1;0:1:1;1:2:1;1:3:2,3,4,1,1,1,0,1,1,1,1,1,5,6,1
18707,0:1:1;0:1:1;1:2:1;1:3:2,3,5,1,1,1,0,1,1,1,1,1,5,6,1
18708,0:1:1;0:1:1;1:2:1;1:3:2,4,0,1,1,1,0,1,1,1,1,1,5,6,13
18709,0:1:1;0:1:1;1:2:1;1:3:2,4,1,1,1,1,0,1,1,1,1,1,5,6,3
18710,0:1:1;0:1:1;1:2:1;1:3:2,4,2,1,1,1,0,1,1,1,1,1,5,6,1
18711,0:1:1;0:1:1;1:2:1;1:3:2,4,3,1,1,1,0,1,1,1,1,1,5,6,1
18712,0:1:1;0:1:1;1:2:1;1:3:2,4,4,1,1,1,0,1,1,1,1,1,5,6,1
18713,0:1:1;0:1:1;1:2:1;1:3:2,4,5,1,1,1,0,1,1,1,1,1,5,6,1
18714,0:1:1;0:1:1;1:2:1;1:3:2,5,0,1,1,1,0,1,1,1,1,1,5,6,13
18715,0:1:1;0:1:1;1:2:1;1:3:2,5,1,1,1,1,0,1,1,1,1,1,5,6,3
18716,0:1:1;0:1:1;1:2:1;1:3:2,5,2,1,1,1,0,1,1,1,1,1,5,6,1
18717,0:1:1;0:1:1;1:2:1;1:3:2,5,3,1,1,1,0,1,1,1,1,1,5,6,1
18718,0:1:1;0:1:1;1:2:1;1:3:2,5,4,1,1,1,0,1,1,1,1,1,5,6,1
18719,0:1:1;0:1:1;1:2:1;1:3:2,5,5,1,1,1,0,1,1,1,1,1,5,6,1
18720,0:1:1;0:1:1;1:2:1;1:3:3,0,0,0,0,0,1,0,0,0,0,0,0,1,24
18721,0:1:1;0:1:1;1:2:1;1:3:3,0,1,0,0,0,1,0,0,0,0,0,0,9,24
18722,0:1:1;0:1:1;1:2:1;1:3:3,0,2,0,0,0,1,0,0,0,0,0,0,12,24
18723,0:1:1;0:1:1;1:2:1;1:3:3,0,3,0,0,0,1,0,0,0,0,0,0,12,24
18724,0:1:1;0:1:1;1:2:1;1:3:3,0,4,0,0,0,1,0,0,0,0,0,0,12,24
18725,0:1:1;0:1:1;1:2:1;1:3:3,0,5,0,0,0,1,0,0,0,0,0,0,12,24
18726,0:1:1;0:1:1;1:2:1;1:3:3,1,0,0,0,0,1,0,0,0,0,0,0,10,24
18727,0:1:1;0:1:1;1:2:1;1:3:3,1,1,0,0,0,1,0,0,0,0,0,0,16,24
18728,0:1:1;0:1:1;1:2:1;1:3:3,1,2,0,0,0,1,0,0,0,0,0,0,20,24
18729,0:1:1;0:1:1;1:2:1;1:3:3,1,3,0,0,0,1,0,0,0,0,0,0,20,24
18730,0:1:1;0:1:1;1:2:1;1:3:3,1,4,0,0,0,1,0,0,0,0,0,0,20,24
18731,0:1:1;0:1:1;1:2:1;1:3:3,1,5,0,0,0,1,0,0,0,0,0,0,20,24
18732,0:1:1;0:1:1;1:2:1;1:3:3,2,0,1,1,0,0,1,1,1,1,1,5,7,13
18733,0:1:1;0:1:1;1:2:1;1:3:3,2,1,1,1,1,0,1,1,1,1,1,5,7,3
18734,0:1:1;0:1:1;1:2:1;1:3:3,2,2,1,1,1,0,1,1,1,1,1,5,7,1
18735,0:1:1;0:1:1;1:2:1;1:3:3,2,3,1,1,1,0,1,1,1,1,1,5,7,1
18736,0:1:1;0:1:1;1:2:1;1:3:3,2,4,1,1,1,0,1,1,1,1,1,5,7,1
18737,0:1:1;0:1:1;1:2:1;1:3:3,2,5,1,1,1,0,1,1,1,1,1,5,7,1
18738,0:1:1;0:1:1;1:2:1;1:3:3,3,0,1,1,1,0,1,1,1,1,1,5,7,13
18739,0:1:1;0:1:1;1:2:1;1:3:3,3,1,1,1,1,0,1,1,1,1,1,5,7,3
18740,0:1:1;0:1:1;1:2:1;1:3:3,3,2,1,1,1,0,1,1,1,1,1,5,7,1
18741,0:1:1;0:1:1;1:2:1;1:3:3,3,3,1,1,1,0,1,1,1,1,1,5,7,1
18742,0:1:1;0:1:1;1:2:1;1:3:3,3,4,1,1,1,0,1,1,1,1,1,5,7,1
18743,0:1:1;0:1:1;1:2:1;1:3:3,3,5,1,1,1,0,1,1,1,1,1,5,7,1
18744,0:1:1;0:1:1;1:2:1;1:3:3,4,0,1,1,1,0,1,1,1,1,1,5,7,13
18745,0:1:1;0:1:1;1:2:1;1:3:3,4,1,1,1,1,0,1,1,1,1,1,5,7,3
18746,0:1:1;0:1:1;1:2:1;1:3:3,4,2,1,1,1,0,1,1,1,1,1,5,7,1
18747,0:1:1;0:1:1;1:2:1;1:3:3,4,3,1,1,1,0,1,1,1,1,1,5,7,1
18748,0:1:1;0:1:1;1:2:1;1:3:3,4,4,1,1,1,0,1,1,1,1,1,5,7,1
18749,0:1:1;0:1:1;1:2:1;1:3:3,4,5,1,1,1,0,1,1,1,1,1,5,7,1
18750,0:1:1;0:1:1;1:2:1;1:3:3,5,0,1,1,1,0,1,1,1,1,1,5,7,13
18751,0:1:1;0:1:1;1:2:1;1:3:3,5,1,1,1,1,0,1,1,1,1,1,5,7,3
18752,0:1:1;0:1:1;1:2:1;1:3:3,5,2,1,1,1,0,1,1,1,1,1,5,7,1
18753,0:1:1;0:1:1;1:2:1;1:3:3,5,3,1,1,1,0,1,1,1,1,1,5,7,1
18754,0:1:1;0:1:1;1:2:1;1:3:3,5,4,1,1,1,0,1,1,1,1,1,5,7,1
18755,0:1:1;0:1:1;1:2:1;1:3:3,5,5,1,1,1,0,1,1,1,1,1,5,7,1
18756,0:1:1;0:1:1;1:2:1;1:4:3,0,0,0,0,0,1,0,0,0,0,0,0,1,24
18757,0:1:1;0:1:1;1:2:1;1:4:3,0,1,0,0,0,1,0,0,0,0,0,0,9,24
18758,0:1:1;0:1:1;1:2:1;1:4:3,0,2,0,0,0,1,0,0,0,0,0,0,12,24
18759,0:1:1;0:1:1;1:2:1;1:4:3,0,3,0,0,0,1,0,0,0,0,0,0,12,24
18760,0:1:1;0:1:1;1:2:1;1:4:3,0,4,0,0,0,1,0,0,0,0,0,0,12,24
18761,0:1:1;0:1:1;1:2:1;1:4:3,0,5,0,0,0,1,0,0,0,0,0,0,12,24
18762,0:1:1;0:1:1;1:2:1;1:4:3,1,0,0,0,0,1,0,0,0,0,0,0,10,24
18763,0:1:1;0:1:1;1:2:1;1:4:3,1,1,0,0,0,1,0,0,0,0,0,0,16,24
18764,0:1:1;0:1:1;1:2:1;1:4:3,1,2,0,0,0,1,0,0,0,0,0,0,20,24
18765,0:1:1;0:1:1;1:2:1;1:4:3,1,3,0,0,0,1,0,0,0,0,0,0,20,24
18766,0:1:1;0:1:1;1:2:1;1:4:3,1,4,0,0,0,1,0,0,0,0,0,0,20,24
18767,0:1:1;0:1:1;1:2:1;1:4:3,1,5,0,0,0,1,0,0,0,0,0,0,20,24
18768,0:1:1;0:1:1;1:2:1;1:4:3,2,0,1,1,0,0,1,1,1,1,1,5,7,13
18769,0:1:1;0:1:1;1:2:1;1:4:3,2,1,1,1,1,0,1,1,1,1,1,5,7,3
18770,0:1:1;0:1:1;1:2:1;1:4:3,2,2,1,1,1,0,1,1,1,1,1,5,7,1
18771,0:1:1;0:1:1;1:2:1;1:4:3,2,3,1,1,1,0,1,1,1,1,1,5,7,1
18772,0:1:1;0:1:1;1:2:1;1:4:3,2,4,1,1,1,0,1,1,1,1,1,5,7,1
18773,0:1:1;0:1:1;1:2:1;1:4:3,2,5,1,1,1,0,1,1,1,1,1,5,7,1
18774,0:1:1;0:1:1;1:2:1;1:4:3,3,0,1,1,1,0,1,1,1,1,1,5,7,13
18775,0:1:1;0:1:1;1:2:1;1:4:3,3,1,1,1,1,0,1,1,1,1,1,5,7,3
18776,0:1:1;0:1:1;1:2:1;1:4:3,3,2,1,1,1,0,1,1,1,1,1,5,7,1
18777,0:1:1;0:1:1;1:2:1;1:4:3,3,3,1,1,1,0,1,1,1,1,1,5,7,1
18778,0:1:1;0:1:1;1:2:1;1:4:3,3,4,1,1,1,0,1,1,1,1,1,5,7,1
18779,0:1:1;0:1:1;1:2:1;1:4:3,3,5,1,1,1,0,1,1,1,1,1,5,7,1
18780,0:1:1;0:1:1;1:2:1;1:4:3,4,0,1,1,1,0,1,1,1,1,1,5,7,13
18781,0:1:1;0:1:1;1:2:1;1:4:3,4,1,1,1,1,0,1,1,1,1,1,5,7,3
18782,0:1:1;0:1:1;1:2:1;1:4:3,4,2,1,1,1,0,1,1,1,1,1,5,7,1
18783,0:1:1;0:1:1;1:2:1;1:4:3,4,3,1,1,1,0,1,1,1,1,1,5,7,1
18784,0:1:1;0:1:1;1:2:1;1:4:3,4,4,1,1,1,0,1,1,1,1,1,5,7,1
18785,0:1:1;0:1:1;1:2:1;1:4:3,4,5,1,1,1,0,1,1,1,1,1,5,7,1
18786,0:1:1;0:1:1;1:2:1;1:4:3,5,0,1,1,1,0,1,1,1,1,1,5,7,13
18787,0:1:1;0:1:1;1:2:1;1:4:3,5,1,1,1,1,0,1,1,1,1,1,5,7,3
18788,0:1:1;0:1:1;1:2:1;1:4:3,5,2,1,1,1,0,1,1,1,1,1,5,7,1
18789,0:1:1;0:1:1;1:2:1;1:4:3,5,3,1,1,1,0,1,1,1,1,1,5,7,1
18790,0:1:1;0:1:1;1:2:1;1:4:3,5,4,1,1,1,0,1,1,1,1,1,5,7,1
18791,0:1:1;0:1:1;1:2:1;1:4:3,5,5,1,1,1,0,1,1,1,1,1,5,7,1
18792,0:1:1;0:1:1;1:2:2;1:2:2,0,0,0,0,0,1,0,0,0,0,0,0,1,24
18793,0:1:1;0:1:1;1:2:2;1:2:2,0,1,0,0,0,1,0,0,0,0,0,0,7,24
18794,0:1:1;0:1:1;1:2:2;1:2:2,0,2,0,0,0,1,0,0,0,0,0,0,13,24
18795,0:1:1;0:1:1;1:2:2;1:2:2,0,3,0,0,0,1,0,0,0,0,0,0,13,24
18796,0:1:1;0:1:1;1:2:2;1:2:2,0,4,0,0,0,1,0,0,0,0,0,0,13,24
18797,0:1:1;0:1:1;1:2:2;1:2:2,0,5,0,0,0,1,0,0,0,0,0,0,13,24
18798,0:1:1;0:1:1;1:2:2;1:2:2,1,0,0,0,0,1,0,0,0,0,0,0,3,24
18799,0:1:1;0:1:1;1:2:2;1:2:2,1,1,0,0,0,1,0,0,0,0,0,0,19,24
18800,0:1:1;0:1:1;1:2:2;1:2:2,1,2,0,0,0,1,0,0,0,0,0,0,23,24
18801,0:1:1;0:1:1;1:2:2;1:2:2,1,3,0,0,0,1,0,0,0,0,0,0,23,24
18802,0:1:1;0:1:1;1:2:2;1:2:2,1,4,0,0,0,1,0,0,0,0,0,0,23,24
18803,0:1:1;0:1:1;1:2:2;1:2:2,1,5,0,0,0,1,0,0,0,0,0,0,23,24
18804,0:1:1;0:1:1;1:2:2;1:2:2,2,0,1,1,1,0,1,1,1,1,1,5,7,13
18805,0:1:1;0:1:1;1:2:2;1:2:2,2,1,1,1,1,0,1,1,1,1,1,5,7,3
18806,0:1:1;0:1:1;1:2:2;1:2:2,2,2,1,1,1,0,1,1,1,1,1,5,7,1
18807,0:1:1;0:1:1;1:2:2;1:2:2,2,3,1,1,1,0,1,1,1,1,1,5,7,1
18808,0:1:1;0:1:1;1:2:2;1:2:2,2,4,1,1,1,0,1,1,1,1,1,5,7,1
18809,0:1:1;0:1:1;1:2:2;1:2:2,2,5,1,1,1,0,1,1,1,1,1,5,7,1
18810,0:1:1;0:1:1;1:2:2;1:2:2,3,0,1,1,1,0,1,1,1,1,1,5,7,13
18811,0:1:1;0:1:1;1:2:2;1:2:2,3,1,1,1,1,0,1,1,1,1,1,5,7,3
18812,0:1:1;0:1:1;1:2:2;1:2:2,3,2,1,1,1,0,1,1,1,1,1,5,7,1
18813,0:1:1;0:1:1;1:2:2;1:2:2,3,3,1,1,1,0,1,1,1,1,1,5,7,1
18814,0:1:1;0:1:1;1:2:2;1:2:2,3,4,1,1,1,0,1,1,1,1,1,5,7,1
18815,0:1:1;0:1:1;1:2:2;1:2:2,3,5,1,1,1,0,1,1,1,1,1,5,7,1
18816,0:1:1;0:1:1;1:2:2;1:2:2,4,0,1,1,1,0,1,1,1,1,1,5,7,13
18817,0:1:1;0:1:1;1:2:2;1:2:2,4,1,1,1,1,0,1,1,1,1,1,5,7,3
18818,0:1:1;0:1:1;1:2:2;1:2:2,4,2,1,1,1,0,1,1,1,1,1,5,7,1
18819,0:1:1;0:1:1;1:2:2;1:2:2,4,3,1,1,1,0,1,1,1,1,1,5,7,1
18820,0:1:1;0:1:1;1:2:2;1:2:2,4,4,1,1,1,0,1,1,1,1,1,5,7,1
18821,0:1:1;0:1:1;1:2:2;1:2:2,4,5,1,1,1,0,1,1,1,1,1,5,7,1
18822,0:1:1;0:1:1;1:2:2;1:2:2,5,0,1,1,1,0,1,1,1,1,1,5,7,13
18823,0:1:1;0:1:1;1:2:2;1:2:2,5,1,1,1,1,0,1,1,1,1,1,5,7,3
18824,0:1:1;0:1:1;1:2:2;1:2:2,5,2,1,1,1,0,1,1,1,1,1,5,7,1
18825,0:1:1;0:1:1;1:2:2;1:2:2,5,3,1,1,1,0,1,1,1,1,1,5,7,1
18826,0:1:1;0:1:1;1:2:2;1:2:2,5,4,1,1,1,0,1,1,1,1,1,5,7,1
18827,0:1:1;0:1:1;1:2:2;1:2:2,5,5,1,1,1,0,1,1,1,1,1,5,7,1
18828,0:1:1;0:1:1;1:2:2;1:3:2,0,0,0,0,0,1,0,0,0,0,0,0,1,24
18829,0:1:1;0:1:1;1:2:2;1:3:2,0,1,0,0,0,1,0,0,0,0,0,0,7,24
18830,0:1:1;0:1:1;1:2:2;1:3:2,0,2,0,0,0,1,0,0,0,0,0,0,13,24
18831,0:1:1;0:1:1;1:2:2;1:3:2,0,3,0,0,0,1,0,0,0,0,0,0,13,24
18832,0:1:1;0:1:1;1:2:2;1:3:2,0,4,0,0,0,1,0,0,0,0,0,0,13,24
18833,0:1:1;0:1:1;1:2:2;1:3:2,0,5,0,0,0,1,0,0,0,0,0,0,13,24
18834,0:1:1;0:1:1;1:2:2;1:3:2,1,0,0,0,0,1,0,0,0,0,0,0,3,24
18835,0:1:1;0:1:1;1:2:2;1:3:2,1,1,0,0,0,1,0,0,0,0,0,0,19,24
18836,0:1:1;0:1:1;1:2:2;1:3:2,1,2,0,0,0,1,0,0,0,0,0,0,23,24
18837,0:1:1;0:1:1;1:2:2;1:3:2,1,3,0,0,0,1,0,0,0,0,0,0,23,24
18838,0:1:1;0:1:1;1:2:2;1:3:2,1,4,0,0,0,1,0,0,0,0,0,0,23,24
18839,0:1:1;0:1:1;1:2:2;1:3:2,1,5,0,0,0,1,0,0,0,0,0,0,23,24
18840,0:1:1;0:1:1;1:2:2;1:3:2,2,0,1,1,1,0,1,1,1,1,1,5,7,13
18841,0:1:1;0:1:1;1:2:2;1:3:2,2,1,1,1,1,0,1,1,1,1,1,5,7,3
18842,0:1:1;0:1:1;1:2:2;1:3:2,2,2,1,1,1,0,1,1,1,1,1,5,7,1
18843,0:1:1;0:1:1;1:2:2;1:3:2,2,3,1,1,1,0,1,1,1,1,1,5,7,1
18844,0:1:1;0:1:1;1:2:2;1:3:2,2,4,1,1,1,0,1,1,1,1,1,5,7,1
18845,0:1:1;0:1:1;1:2:2;1:3:2,2,5,1,1,1,0,1,1,1,1,1,5,7,1
18846,0:1:1;0:1:1;1:2:2;1:3:2,3,0,1,1,1,0,1,1,1,1,1,5,7,13
18847,0:1:1;0:1:1;1:2:2;1:3:2,3,1,1,1,1,0,1,1,1,1,1,5,7,3
18848,0:1:1;0:1:1;1:2:2;1:3:2,3,2,1,1,1,0,1,1,1,1,1,5,7,1
18849,0:1:1;0:1:1;1:2:2;1:3:2,3,3,1,1,1,0,1,1,1,1,1,5,7,1
18850,0:1:1;0:1:1;1:2:2;1:3:2,3,4,1,1,1,0,1,1,1,1,1,5,7,1
18851,0:1:1;0:1:1;1:2:2;1:3:2,3,5,1,1,1,0,1,1,1,1,1,5,7,1
18852,0:1:1;0:1:1;1:2:2;1:3:2,4,0,1,1,1,0,1,1,1,1,1,5,7,13
18853,0:1:1;0:1:1;1:2:2;1:3:2,4,1,1,1,1,0,1,1,1,1,1,5,7,3
18854,0:1:1;0:1:1;1:2:2;1:3:2,4,2,1,1,1,0,1,1,1,1,1,5,7,1
18855,0:1:1;0:1:1;1:2:2;1:3:2,4,3,1,1,1,0,1,1,1,1,1,5,7,1
18856,0:1:1;0:1:1;1:2:2;1:3:2,4,4,1,1,1,0,1,1,1,1,1,5,7,1
18857,0:1:1;0:1:1;1:2:2;1:3:2,4,5,1,1,1,0,1,1,1,1,1,5,7,1
18858,0:1:1;0:1:1;1:2:2;1:3:2,5,0,1,1,1,0,1,1,1,1,1,5,7,13
18859,0:1:1;0:1:1;1:2:2;1:3:2,5,1,1,1,1,0,1,1,1,1,1,5,7,3
18860,0:1:1;0:1:1;1:2:2;1:3:2,5,2,1,1,1,0,1,1,1,1,1,5,7,1
18861,0:1:1;0:1:1;1:2:2;1:3:2,5,3,1,1,1,0,1,1,1,1,1,5,7,1
18862,0:1:1;0:1:1;1:2:2;1:3:2,5,4,1,1,1,0,1,1,1,1,1,5,7,1
18863,0:1:1;0:1:1;1:2:2;1:3:2,5,5,1,1,1,0,1,1,1,1,1,5,7,1
18864,0:1:1;0:1:1;1:2:2;1:3:3,0,0,0,0,0,1,0,0,0,0,0,0,1,24
18865,0:1:1;0:1:1;1:2:2;1:3:3,0,1,0,0,0,1,0,0,0,0,0,0,7,24
18866,0:1:1;0:1:1;1:2:2;1:3:3,0,2,0,0,0,1,0,0,0,0,0,0,13,24
18867,0:1:1;0:1:1;1:2:2;1:3:3,0,3,0,0,0,1,0,0,0,0,0,0,13,24
18868,0:1:1;0:1:1;1:2:2;1:3:3,0,4,0,0,0,1,0,0,0,0,0,0,13,24
18869,0:1:1;0:1:1;1:2:2;1:3:3,0,5,0,0,0,1,0,0,0,0,0,0,13,24
18870,0:1:1;0:1:1;1:2:2;1:3:3,1,0,0,0,0,1,0,0,0,0,0,0,3,24
18871,0:1:1;0:1:1;1:2:2;1:3:3,1,1,0,0,0,1,0,0,0,0,0,0,17,24
18872,0:1:1;0:1:1;1:2:2;1:3:3,1,2,0,0,0,1,0,0,0,0,0,0,24,24
18873,0:1:1;0:1:1;1:2:2;1:3:3,1,3,0,0,0,1,0,0,0,0,0,0,24,24
18874,0:1:1;0:1:1;1:2:2;1:3:3,1,4,0,0,0,1,0,0,0,0,0,0,24,24
18875,0:1:1;0:1:1;1:2:2;1:3:3,1,5,0,0,0,1,0,0,0,0,0,0,24,24
18876,0:1:1;0:1:1;1:2:2;1:3:3,2,0,0,0,0,1,0,0,0,0,0,0,13,24
18877,0:1:1;0:1:1;1:2:2;1:3:3,2,1,0,0,0,1,0,0,0,0,0,0,29,24
18878,0:1:1;0:1:1;1:2:2;1:3:3,2,2,0,0,0,1,0,0,0,0,0,0,35,24
18879,0:1:1;0:1:1;1:2:2;1:3:3,2,3,0,0,0,1,0,0,0,0,0,0,35,24
18880,0:1:1;0:1:1;1:2:2;1:3:3,2,4,0,0,0,1,0,0,0,0,0,0,35,24
18881,0:1:1;0:1:1;1:2:2;1:3:3,2,5,0,0,0,1,0,0,0,0,0,0,35,24
18882,0:1:1;0:1:1;1:2:2;1:3:3,3,0,1,1,1,0,1,1,1,1,1,5,8,13
18883,0:1:1;0:1:1;1:2:2;1:3:3,3,1,1,1,1,0,1,1,1,1,1,5,8,3
18884,0:1:1;0:1:1;1:2:2;1:3:3,3,2,1,1,1,0,1,1,1,1,1,5,8,1
18885,0:1:1;0:1:1;1:2:2;1:3:3,3,3,1,1,1,0,1,1,1,1,1,5,8,1
18886,0:1:1;0:1:1;1:2:2;1:3:3,3,4,1,1,1,0,1,1,1,1,1,5,8,1
18887,0:1:1;0:1:1;1:2:2;1:3:3,3,5,1,1,1,0,1,1,1,1,1,5,8,1
18888,0:1:1;0:1:1;1:2:2;1:3:3,4,0,1,1,1,0,1,1,1,1,1,5,8,13
18889,0:1:1;0:1:1;1:2:2;1:3:3,4,1,1,1,1,0,1,1,1,1,1,5,8,3
18890,0:1:1;0:1:1;1:2:2;1:3:3,4,2,1,1,1,0,1,1,1,1,1,5,8,1
18891,0:1:1;0:1:1;1:2:2;1:3:3,4,3,1,1,1,0,1,1,1,1,1,5,8,1
18892,0:1:1;0:1:1;1:2:2;1:3:3,4,4,1,1,1,0,1,1,1,1,1,5,8,1
18893,0:1:1;0:1:1;1:2:2;1:3:3,4,5,1,1,1,0,1,1,1,1,1,5,8,1
18894,0:1:1;0:1:1;1:2:2;1:3:3,5,0,1,1,1,0,1,1,1,1,1,5,8,13
18895,0:1:1;0:1:1;1:2:2;1:3:3,5,1,1,1,1,0,1,1,1,1,1,5,8,3
18896,0:1:1;0:1:1;1:2:2;1:3:3,5,2,1,1,1,0,1,1,1,1,1,5,8,1
18897,0:1:1;0:1:1;1:2:2;1:3:3,5,3,1,1,1,0,1,1,1,1,1,5,8,1
18898,0:1:1;0:1:1;1:2:2;1:3:3,5,4,1,1,1,0,1,1,1,1,1,5,8,1
18899,0:1:1;0:1:1;1:2:2;1:3:3,5,5,1,1,1,0,1,1,1,1,1,5,8,1
18900,0:1:1;0:1:1;1:2:2;1:4:3,0,0,0,0,0,1,0,0,0,0,0,0,1,24
18901,0:1:1;0:1:1;1:2:2;1:4:3,0,1,0,0,0,1,0,0,0,0,0,0,7,24
18902,0:1:1;0:1:1;1:2:2;1:4:3,0,2,0,0,0,1,0,0,0,0,0,0,13,24
18903,0:1:1;0:1:1;1:2:2;1:4:3,0,3,0,0,0,1,0,0,0,0,0,0,13,24
18904,0:1:1;0:1:1;1:2:2;1:4:3,0,4,0,0,0,1,0,0,0,0,0,0,13,24
18905,0:1:1;0:1:1;1:2:2;1:4:3,0,5,0,0,0,1,0,0,0,0,0,0,13,24
18906,0:1:1;0:1:1;1:2:2;1:4:3,1,0,0,0,0,1,0,0,0,0,0,0,3,24
18907,0:1:1;0:1:1;1:2:2;1:4:3,1,1,0,0,0,1,0,0,0,0,0,0,17,24
18908,0:1:1;0:1:1;1:2:2;1:4:3,1,2,0,0,0,1,0,0,0,0,0,0,24,24
18909,0:1:1;0:1:1;1:2:2;1:4:3,1,3,0,0,0,1,0,0,0,0,0,0,24,24
18910,0:1:1;0:1:1;1:2:2;1:4:3,1,4,0,0,0,1,0,0,0,0,0,0,24,24
18911,0:1:1;0:1:1;1:2:2;1:4:3,1,5,0,0,0,1,0,0,0,0,0,0,24,24
18912,0:1:1;0:1:1;1:2:2;1:4:3,2,0,0,0,0,1,0,0,0,0,0,0,13,24
18913,0:1:1;0:1:1;1:2:2;1:4:3,2,1,0,0,0,1,0,0,0,0,0,0,29,24
18914,0:1:1;0:1:1;1:2:2;1:4:3,2,2,0,0,0,1,0,0,0,0,0,0,35,24
18915,0:1:1;0:1:1;1:2:2;1:4:3,2,3,0,0,0,1,0,0,0,0,0,0,35,24
18916,0:1:1;0:1:1;1:2:2;1:4:3,2,4,0,0,0,1,0,0,0,0,0,0,35,24
18917,0:1:1;0:1:1;1:2:2;1:4:3,2,5,0,0,0,1,0,0,0,0,0,0,35,24
18918,0:1:1;0:1:1;1:2:2;1:4:3,3,0,1,1,1,0,1,1,1,1,1,5,8,13
18919,0:1:1;0:1:1;1:2:2;1:4:3,3,1,1,1,1,0,1,1,1,1,1,5,8,3
18920,0:1:1;0:1:1;1:2:2;1:4:3,3,2,1,1,1,0,1,1,1,1,1,5,8,1
18921,0:1:1;0:1:1;1:2:2;1:4:3,3,3,1,1,1,0,1,1,1,1,1,5,8,1
18922,0:1:1;0:1:1;1:2:2;1:4:3,3,4,1,1,1,0,1,1,1,1,1,5,8,1
18923,0:1:1;0:1:1;1:2:2;1:4:3,3,5,1,1,1,0,1,1,1,1,1,5,8,1
18924,0:1:1;0:1:1;1:2:2;1:4:3,4,0,1,1,1,0,1,1,1,1,1,5,8,13
18925,0:1:1;0:1:1;1:2:2;1:4:3,4,1,1,1,1,0,1,1,1,1,1,5,8,3
18926,0:1:1;0:1:1;1:2:2;1:4:3,4,2,1,1,1,0,1,1,1,1,1,5,8,1
18927,0:1:1;0:1:1;1:2:2;1:4:3,4,3,1,1,1,0,1,1,1,1,1,5,8,1
18928,0:1:1;0:1:1;1:2:2;1:4:3,4,4,1,1,1,0,1,1,1,1,1,5,8,1
18929,0:1:1;0:1:1;1:2:2;1:4:3,4,5,1,1,1,0,1,1,1,1,1,5,8,1
18930,0:1:1;0:1:1;1:2:2;1:4:3,5,0,1,1,1,0,1,1,1,1,1,5,8,13
18931,0:1:1;0:1:1;1:2:2;1:4:3,5,1,1,1,1,0,1,1,1,1,1,5,8,3
18932,0:1:1;0:1:1;1:2:2;1:4:3,5,2,1,1,1,0,1,1,1,1,1,5,8,1
18933,0:1:1;0:1:1;1:2:2;1:4:3,5,3,1,1,1,0,1,1,1,1,1,5,8,1
18934,0:1:1;0:1:1;1:2:2;1:4:3,5,4,1,1,1,0,1,1,1,1,1,5,8,1
18935,0:1:1;0:1:1;1:2:2;1:4:3,5,5,1,1,1,0,1,1,1,1,1,5,8,1
18936,0:1:1;0:1:1;1:3:2;1:3:2,0,0,0,0,0,1,0,0,0,0,0,0,1,24
18937,0:1:1;0:1:1;1:3:2;1:3:2,0,1,0,0,0,1,0,0,0,0,0,0,7,24
18938,0:1:1;0:1:1;1:3:2;1:3:2,0,2,0,0,0,1,0,0,0,0,0,0,13,24
18939,0:1:1;0:1:1;1:3:2;1:3:2,0,3,0,0,0,1,0,0,0,0,0,0,13,24
18940,0:1:1;0:1:1;1:3:2;1:3:2,0,4,0,0,0,1,0,0,0,0,0,0,13,24
18941,0:1:1;0:1:1;1:3:2;1:3:2,0,5,0,0,0,1,0,0,0,0,0,0,13,24
18942,0:1:1;0:1:1;1:3:2;1:3:2,1,0,0,0,0,1,0,0,0,0,0,0,3,24
18943,0:1:1;0:1:1;1:3:2;1:3:2,1,1,0,0,0,1,0,0,0,0,0,0,19,24
18944,0:1:1;0:1:1;1:3:2;1:3:2,1,2,0,0,0,1,0,0,0,0,0,0,23,24
18945,0:1:1;0:1:1;1:3:2;1:3:2,1,3,0,0,0,1,0,0,0,0,0,0,23,24
18946,0:1:1;0:1:1;1:3:2;1:3:2,1,4,0,0,0,1,0,0,0,0,0,0,23,24
18947,0:1:1;0:1:1;1:3:2;1:3:2,1,5,0,0,0,1,0,0,0,0,0,0,23,24
18948,0:1:1;0:1:1;1:3:2;1:3:2,2,0,1,1,1,0,1,1,1,1,1,5,7,13
18949,0:1:1;0:1:1;1:3:2;1:3:2,2,1,1,1,1,0,1,1,1,1,1,5,7,3
18950,0:1:1;0:1:1;1:3:2;1:3:2,2,2,1,1,1,0,1,1,1,1,1,5,7,1
18951,0:1:1;0:1:1;1:3:2;1:3:2,2,3,1,1,1,0,1,1,1,1,1,5,7,1
18952,0:1:1;0:1:1;1:3:2;1:3:2,2,4,1,1,1,0,1,1,1,1,1,5,7,1
18953,0:1:1;0:1:1;1:3:2;1:3:2,2,5,1,1,1,0,1,1,1,1,1,5,7,1
18954,0:1:1;0:1:1;1:3:2;1:3:2,3,0,1,1,1,0,1,1,1,1,1,5,7,13
18955,0:1:1;0:1:1;1:3:2;1:3:2,3,1,1,1,1,0,1,1,1,1,1,5,7,3
18956,0:1:1;0:1:1;1:3:2;1:3:2,3,2,1,1,1,0,1,1,1,1,1,5,7,1
18957,0:1:1;0:1:1;1:3:2;1:3:2,3,3,1,1,1,0,1,1,1,1,1,5,7,1
18958,0:1:1;0:1:1;1:3:2;1:3:2,3,4,1,1,1,0,1,1,1,1,1,5,7,1
18959,0:1:1;0:1:1;1:3:2;1:3:2,3,5,1,1,1,0,1,1,1,1,1,5,7,1
18960,0:1:1;0:1:1;1:3:2;1:3:2,4,0,1,1,1,0,1,1,1,1,1,5,7,13
18961,0:1:1;0:1:1;1:3:2;1:3:2,4,1,1,1,1,0,1,1,1,1,1,5,7,3
18962,0:1:1;0:1:1;1:3:2;1:3:2,4,2,1,1,1,0,1,1,1,1,1,5,7,1
18963,0:1:1;0:1:1;1:3:2;1:3:2,4,3,1,1,1,0,1,1,1,1,1,5,7,1
18964,0:1:1;0:1:1;1:3:2;1:3:2,4,4,1,1,1,0,1,1,1,1,1,5,7,1
18965,0:1:1;0:1:1;1:3:2;1:3:2,4,5,1,1,1,0,1,1,1,1,1,5,7,1
18966,0:1:1;0:1:1;1:3:2;1:3:2,5,0,1,1,1,0,1,1,1,1,1,5,7,13
18967,0:1:1;0:1:1;1:3:2;1:3:2,5,1,1,1,1,0,1,1,1,1,1,5,7,3
18968,0:1:1;0:1:1;1:3:2;1:3:2,5,2,1,1,1,0,1,1,1,1,1,5,7,1
18969,0:1:1;0:1:1;1:3:2;1:3:2,5,3,1,1,1,0,1,1,1,1,1,5,7,1
18970,0:1:1;0:1:1;1:3:2;1:3:2,5,4,1,1,1,0,1,1,1,1,1,5,7,1
18971,0:1:1;0:1:1;1:3:2;1:3:2,5,5,1,1,1,0,1,1,1,1,1,5,7,1
18972,0:1:1;0:1:1;1:3:2;1:3:3,0,0,0,0,0,1,0,0,0,0,0,0,1,24
18973,0:1:1;0:1:1;1:3:2;1:3:3,0,1,0,0,0,1,0,0,0,0,0,0,7,24
18974,0:1:1;0:1:1;1:3:2;1:3:3,0,2,0,0,0,1,0,0,0,0,0,0,13,24
18975,0:1:1;0:1:1;1:3:2;1:3:3,0,3,0,0,0,1,0,0,0,0,0,0,13,24
18976,0:1:1;0:1:1;1:3:2;1:3:3,0,4,0,0,0,1,0,0,0,0,0,0,13,24
18977,0:1:1;0:1:1;1:3:2;1:3:3,0,5,0,0,0,1,0,0,0,0,0,0,13,24
18978,0:1:1;0:1:1;1:3:2;1:3:3,1,0,0,0,0,1,0,0,0,0,0,0,3,24
18979,0:1:1;0:1:1;1:3:2;1:3:3,1,1,0,0,0,1,0,0,0,0,0,0,17,24
18980,0:1:1;0:1:1;1:3:2;1:3:3,1,2,0,0,0,1,0,0,0,0,0,0,24,24
18981,0:1:1;0:1:1;1:3:2;1:3:3,1,3,0,0,0,1,0,0,0,0,0,0,24,24
18982,0:1:1;0:1:1;1:3:2;1:3:3,1,4,0,0,0,1,0,0,0,0,0,0,24,24
18983,0:1:1;0:1:1;1:3:2;1:3:3,1,5,0,0,0,1,0,0,0,0,0,0,24,24
18984,0:1:1;0:1:1;1:3:2;1:3:3,2,0,0,0,0,1,0,0,0,0,0,0,13,24
18985,0:1:1;0:1:1;1:3:2;1:3:3,2,1,0,0,0,1,0,0,0,0,0,0,29,24
18986,0:1:1;0:1:1;1:3:2;1:3:3,2,2,0,0,0,1,0,0,0,0,0,0,35,24
18987,0:1:1;0:1:1;1:3:2;1:3:3,2,3,0,0,0,1,0,0,0,0,0,0,35,24
18988,0:1:1;0:1:1;1:3:2;1:3:3,2,4,0,0,0,1,0,0,0,0,0,0,35,24
18989,0:1:1;0:1:1;1:3:2;1:3:3,2,5,0,0,0,1,0,0,0,0,0,0,35,24
18990,0:1:1;0:1:1;1:3:2;1:3:3,3,0,1,1,1,0,1,1,1,1,1,5,8,13
18991,0:1:1;0:1:1;1:3:2;1:3:3,3,1,1,1,1,0,1,1,1,1,1,5,8,3
18992,0:1:1;0:1:1;1:3:2;1:3:3,3,2,1,1,1,0,1,1,1,1,1,5,8,1
18993,0:1:1;0:1:1;1:3:2;1:3:3,3,3,1,1,1,0,1,1,1,1,1,5,8,1
18994,0:1:1;0:1:1;1:3:2;1:3:3,3,4,1,1,1,0,1,1,1,1,1,5,8,1
18995,0:1:1;0:1:1;1:3:2;1:3:3,3,5,1,1,1,0,1,1,1,1,1,5,8,1
18996,0:1:1;0:1:1;1:3:2;1:3:3,4,0,1,1,1,0,1,1,1,1,1,5,8,13
18997,0:1:1;0:1:1;1:3:2;1:3:3,4,1,1,1,1,0,1,1,1,1,1,5,8,3
18998,0:1:1;0:1:1;1:3:2;1:3:3,4,2,1,1,1,0,1,1,1,1,1,5,8,1
18999,0:1:1;0:1:1;1:3:2;1:3:3,4,3,1,1,1,0,1,1,1,1,1,5,8,1
19000,0:1:1;0:1:1;1:3:2;1:3:3,4,4,1,1,1,0,1,1,1,1,1,5,8,1
19001,0:1:1;0:1:1;1:3:2;1:3:3,4,5,1,1,1,0,1,1,1,1,1,5,8,1
19002,0:1:1;0:1:1;1:3:2;1:3:3,5,0,1,1,1,0,1,1,1,1,1,5,8,13
19003,0:1:1;0:1:1;1:3:2;1:3:3,5,1,1,1,1,0,1,1,1,1,1,5,8,3
19004,0:1:1;0:1:1;1:3:2;1:3:3,5,2,1,1,1,0,1,1,1,1,1,5,8,1
19005,0:1:1;0:1:1;1:3:2;1:3:3,5,3,1,1,1,0,1,1,1,1,1,5,8,1
19006,0:1:1;0:1:1;1:3:2;1:3:3,5,4,1,1,1,0,1,1,1,1,1,5,8,1
19007,0:1:1;0:1:1;1:3:2;1:3:3,5,5,1,1,1,0,1,1,1,1,1,5,8,1
19008,0:1:1;0:1:1;1:3:2;1:4:3,0,0,0,0,0,1,0,0,0,0,0,0,1,24
19009,0:1:1;0:1:1;1:3:2;1:4:3,0,1,0,0,0,1,0,0,0,0,0,0,7,24
19010,0:1:1;0:1:1;1:3:2;1:4:3,0,2,0,0,0,1,0,0,0,0,0,0,13,24
19011,0:1:1;0:1:1;1:3:2;1:4:3,0,3,0,0,0,1,0,0,0,0,0,0,13,24
19012,0:1:1;0:1:1;1:3:2;1:4:3,0,4,0,0,0,1,0,0,0,0,0,0,13,24
19013,0:1:1;0:1:1;1:3:2;1:4:3,0,5,0,0,0,1,0,0,0,0,0,0,13,24
19014,0:1:1;0:1:1;1:3:2;1:4:3,1,0,0,0,0,1,0,0,0,0,0,0,3,24
19015,0:1:1;0:1:1;1:3:2;1:4:3,1,1,0,0,0,1,0,0,0,0,0,0,17,24
19016,0:1:1;0:1:1;1:3:2;1:4:3,1,2,0,0,0,1,0,0,0,0,0,0,24,24
19017,0:1:1;0:1:1;1:3:2;1:4:3,1,3,0,0,0,1,0,0,0,0,0,0,24,24
19018,0:1:1;0:1:1;1:3:2;1:4:3,1,4,0,0,0,1,0,0,0,0,0,0,24,24
19019,0:1:1;0:1:1;1:3:2;1:4:3,1,5,0,0,0,1,0,0,0,0,0,0,24,24
19020,0:1:1;0:1:1;1:3:2;1:4:3,2,0,0,0,0,1,0,0,0,0,0,0,13,24
19021,0:1:1;0:1:1;1:3:2;1:4:3,2,1,0,0,0,1,0,0,0,0,0,0,29,24
19022,0:1:1;0:1:1;1:3:2;1:4:3,2,2,0,0,0,1,0,0,0,0,0,0,35,24
19023,0:1:1;0:1:1;1:3:2;1:4:3,2,3,0,0,0,1,0,0,0,0,0,0,35,24
19024,0:1:1;0:1:1;1:3:2;1:4:3,2,4,0,0,0,1,0,0,0,0,0,0,35,24
19025,0:1:1;0:1:1;1:3:2;1:4:3,2,5,0,0,0,1,0,0,0,0,0,0,35,24
19026,0:1:1;0:1:1;1:3:2;1:4:3,3,0,1,1,1,0,1,1,1,1,1,5,8,13
19027,0:1:1;0:1:1;1:3:2;1:4:3,3,1,1,1,1,0,1,1,1,1,1,5,8,3
19028,0:1:1;0:1:1;1:3:2;1:4:3,3,2,1,1,1,0,1,1,1,1,1,5,8,1
19029,0:1:1;0:1:1;1:3:2;1:4:3,3,3,1,1,1,0,1,1,1,1,1,5,8,1
19030,0:1:1;0:1:1;1:3:2;1:4:3,3,4,1,1,1,0,1,1,1,1,1,5,8,1
19031,0:1:1;0:1:1;1:3:2;1:4:3,3,5,1,1,1,0,1,1,1,1,1,5,8,1
19032,0:1:1;0:1:1;1:3:2;1:4:3,4,0,1,1,1,0,1,1,1,1,1,5,8,13
19033,0:1:1;0:1:1;1:3:2;1:4:3,4,1,1,1,1,0,1,1,1,1,1,5,8,3
19034,0:1:1;0:1:1;1:3:2;1:4:3,4,2,1,1,1,0,1,1,1,1,1,5,8,1
19035,0:1:1;0:1:1;1:3:2;1:4:3,4,3,1,1,1,0,1,1,1,1,1,5,8,1
19036,0:1:1;0:1:1;1:3:2;1:4:3,4,4,1,1,1,0,1,1,1,1,1,5,8,1
19037,0:1:1;0:1:1;1:3:2;1:4:3,4,5,1,1,1,0,1,1,1,1,1,5,8,1
19038,0:1:1;0:1:1;1:3:2;1:4:3,5,0,1,1,1,0,1,1,1,1,1,5,8,13
19039,0:1:1;0:1:1;1:3:2;1:4:3,5,1,1,1,1,0,1,1,1,1,1,5,8,3
19040,0:1:1;0:1:1;1:3:2;1:4:3,5,2,1,1,1,0,1,1,1,1,1,5,8,1
19041,0:1:1;0:1:1;1:3:2;1:4:3,5,3,1,1,1,0,1,1,1,1,1,5,8,1
19042,0:1:1;0:1:1;1:3:2;1:4:3,5,4,1,1,1,0,1,1,1,1,1,5,8,1
19043,0:1:1;0:1:1;1:3:2;1:4:3,5,5,1,1,1,0,1,1,1,1,1,5,8,1
19044,0:1:1;0:1:1;1:3:3;1:3:3,0,0,0,0,0,1,0,0,0,0,0,0,1,24
19045,0:1:1;0:1:1;1:3:3;1:3:3,0,1,0,0,0,1,0,0,0,0,0,0,7,24
19046,0:1:1;0:1:1;1:3:3;1:3:3,0,2,0,0,0,1,0,0,0,0,0,0,13,24
19047,0:1:1;0:1:1;1:3:3;1:3:3,0,3,0,0,0,1,0,0,0,0,0,0,13,24
19048,0:1:1;0:1:1;1:3:3;1:3:3,0,4,0,0,0,1,0,0,0,0,0,0,13,24
19049,0:1:1;0:1:1;1:3:3;1:3:3,0,5,0,0,0,1,0,0,0,0,0,0,13,24
19050,0:1:1;0:1:1;1:3:3;1:3:3,1,0,0,0,0,1,0,0,0,0,0,0,3,24
19051,0:1:1;0:1:1;1:3:3;1:3:3,1,1,0,0,0,1,0,0,0,0,0,0,15,24
19052,0:1:1;0:1:1;1:3:3;1:3:3,1,2,0,0,0,1,0,0,0,0,0,0,25,24
19053,0:1:1;0:1:1;1:3:3;1:3:3,1,3,0,0,0,1,0,0,0,0,0,0,25,24
19054,0:1:1;0:1:1;1:3:3;1:3:3,1,4,0,0,0,1,0,0,0,0,0,0,25,24
19055,0:1:1;0:1:1;1:3:3;1:3:3,1,5,0,0,0,1,0,0,0,0,0,0,25,24
19056,0:1:1;0:1:1;1:3:3;1:3:3,2,0,0,0,0,1,0,0,0,0,0,0,6,24
19057,0:1:1;0:1:1;1:3:3;1:3:3,2,1,0,0,0,1,0,0,0,0,0,0,30,24
19058,0:1:1;0:1:1;1:3:3;1:3:3,2,2,0,0,0,1,0,0,0,0,0,0,39,24
19059,0:1:1;0:1:1;1:3:3;1:3:3,2,3,0,0,0,1,0,0,0,0,0,0,39,24
19060,0:1:1;0:1:1;1:3:3;1:3:3,2,4,0,0,0,1,0,0,0,0,0,0,39,24
19061,0:1:1;0:1:1;1:3:3;1:3:3,2,5,0,0,0,1,0,0,0,0,0,0,39,24
19062,0:1:1;0:1:1;1:3:3;1:3:3,3,0,0,0,0,1,0,0,0,0,0,0,24,24
19063,0:1:1;0:1:1;1:3:3;1:3:3,3,1,0,0,0,1,0,0,0,0,0,0,42,24
19064,0:1:1;0:1:1;1:3:3;1:3:3,3,2,0,0,0,1,0,0,0,0,0,0,51,24
19065,0:1:1;0:1:1;1:3:3;1:3:3,3,3,0,0,0,1,0,0,0,0,0,0,51,24
19066,0:1:1;0:1:1;1:3:3;1:3:3,3,4,0,0,0,1,0,0,0,0,0,0,51,24
19067,0:1:1;0:1:1;1:3:3;1:3:3,3,5,0,0,0,1,0,0,0,0,0,0,51,24
19068,0:1:1;0:1:1;1:3:3;1:3:3,4,0,1,1,1,0,1,1,1,1,1,5,9,13
19069,0:1:1;0:1:1;1:3:3;1:3:3,4,1,1,1,1,0,1,1,1,1,1,5,9,3
19070,0:1:1;0:1:1;1:3:3;1:3:3,4,2,1,1,1,0,1,1,1,1,1,5,9,1
19071,0:1:1;0:1:1;1:3:3;1:3:3,4,3,1,1,1,0,1,1,1,1,1,5,9,1
19072,0:1:1;0:1:1;1:3:3;1:3:3,4,4,1,1,1,0,1,1,1,1,1,5,9,1
19073,0:1:1;0:1:1;1:3:3;1:3:3,4,5,1,1,1,0,1,1,1,1,1,5,9,1
19074,0:1:1;0:1:1;1:3:3;1:3:3,5,0,1,1,1,0,1,1,1,1,1,5,9,13
19075,0:1:1;0:1:1;1:3:3;1:3:3,5,1,1,1,1,0,1,1,1,1,1,5,9,3
19076,0:1:1;0:1:1;1:3:3;1:3:3,5,2,1,1,1,0,1,1,1,1,1,5,9,1
19077,0:1:1;0:1:1;1:3:3;1:3:3,5,3,1,1,1,0,1,1,1,1,1,5,9,1
19078,0:1:1;0:1:1;1:3:3;1:3:3,5,4,1,1,1,0,1,1,1,1,1,5,9,1
19079,0:1:1;0:1:1;1:3:3;1:3:3,5,5,1,1,1,0,1,1,1,1,1,5,9,1
19080,0:1:1;0:1:1;1:3:3;1:4:3,0,0,0,0,0,1,0,0,0,0,0,0,1,24
19081,0:1:1;0:1:1;1:3:3;1:4:3,0,1,0,0,0,1,0,0,0,0,0,0,7,24
19082,0:1:1;0:1:1;1:3:3;1:4:3,0,2,0,0,0,1,0,0,0,0,0,0,13,24
19083,0:1:1;0:1:1;1:3:3;1:4:3,0,3,0,0,0,1,0,0,0,0,0,0,13,24
19084,0:1:1;0:1:1;1:3:3;1:4:3,0,4,0,0,0,1,0,0,0,0,0,0,13,24
19085,0:1:1;0:1:1;1:3:3;1:4:3,0,5,0,0,0,1,0,0,0,0,0,0,13,24
19086,0:1:1;0:1:1;1:3:3;1:4:3,1,0,0,0,0,1,0,0,0,0,0,0,3,24
19087,0:1:1;0:1:1;1:3:3;1:4:3,1,1,0,0,0,1,0,0,0,0,0,0,15,24
19088,0:1:1;0:1:1;1:3:3;1:4:3,1,2,0,0,0,1,0,0,0,0,0,0,25,24
19089,0:1:1;0:1:1;1:3:3;1:4:3,1,3,0,0,0,1,0,0,0,0,0,0,25,24
19090,0:1:1;0:1:1;1:3:3;1:4:3,1,4,0,0,0,1,0,0,0,0,0,0,25,24
19091,0:1:1;0:1:1;1:3:3;1:4:3,1,5,0,0,0,1,0,0,0,0,0,0,25,24
19092,0:1:1;0:1:1;1:3:3;1:4:3,2,0,0,0,0,1,0,0,0,0,0,0,6,24
19093,0:1:1;0:1:1;1:3:3;1:4:3,2,1,0,0,0,1,0,0,0,0,0,0,30,24
19094,0:1:1;0:1:1;1:3:3;1:4:3,2,2,0,0,0,1,0,0,0,0,0,0,39,24
19095,0:1:1;0:1:1;1:3:3;1:4:3,2,3,0,0,0,1,0,0,0,0,0,0,39,24
19096,0:1:1;0:1:1;1:3:3;1:4:3,2,4,0,0,0,1,0,0,0,0,0,0,39,24
19097,0:1:1;0:1:1;1:3:3;1:4:3,2,5,0,0,0,1,0,0,0,0,0,0,39,24
19098,0:1:1;0:1:1;1:3:3;1:4:3,3,0,0,0,0,1,0,0,0,0,0,0,24,24
19099,0:1:1;0:1:1;1:3:3;1:4:3,3,1,0,0,0,1,0,0,0,0,0,0,42,24
19100,0:1:1;0:1:1;1:3:3;1:4:3,3,2,0,0,0,1,0,0,0,0,0,0,51,24
19101,0:1:1;0:1:1;1:3:3;1:4:3,3,3,0,0,0,1,0,0,0,0,0,0,51,24
19102,0:1:1;0:1:1;1:3:3;1:4:3,3,4,0,0,0,1,0,0,0,0,0,0,51,24
19103,0:1:1;0:1:1;1:3:3;1:4:3,3,5,0,0,0,1,0,0,0,0,0,0,51,24
19104,0:1:1;0:1:1;1:3:3;1:4:3,4,0,1,1,1,0,1,1,1,1,1,5,9,13
19105,0:1:1;0:1:1;1:3:3;1:4:3,4,1,1,1,1,0,1,1,1,1,1,5,9,3
19106,0:1:1;0:1:1;1:3:3;1:4:3,4,2,1,1,1,0,1,1,1,1,1,5,9,1
19107,0:1:1;0:1:1;1:3:3;1:4:3,4,3,1,1,1,0,1,1,1,1,1,5,9,1
19108,0:1:1;0:1:1;1:3:3;1:4:3,4,4,1,1,1,0,1,1,1,1,1,5,9,1
19109,0:1:1;0:1:1;1:3:3;1:4:3,4,5,1,1,1,0,1,1,1,1,1,5,9,1
19110,0:1:1;0:1:1;1:3:3;1:4:3,5,0,1,1,1,0,1,1,1,1,1,5,9,13
19111,0:1:1;0:1:1;1:3:3;1:4:3,5,1,1,1,1,0,1,1,1,1,1,5,9,3
19112,0:1:1;0:1:1;1:3:3;1:4:3,5,2,1,1,1,0,1,1,1,1,1,5,9,1
19113,0:1:1;0:1:1;1:3:3;1:4:3,5,3,1,1,1,0,1,1,1,1,1,5,9,1
19114,0:1:1;0:1:1;1:3:3;1:4:3,5,4,1,1,1,0,1,1,1,1,1,5,9,1
19115,0:1:1;0:1:1;1:3:3;1:4:3,5,5,1,1,1,0,1,1,1,1,1,5,9,1
19116,0:1:1;0:1:1;1:4:3;1:4:3,0,0,0,0,0,1,0,0,0,0,0,0,1,24
19117,0:1:1;0:1:1;1:4:3;1:4:3,0,1,0,0,0,1,0,0,0,0,0,0,7,24
19118,0:1:1;0:1:1;1:4:3;1:4:3,0,2,0,0,0,1,0,0,0,0,0,0,13,24
19119,0:1:1;0:1:1;1:4:3;1:4:3,0,3,0,0,0,1,0,0,0,0,0,0,13,24
19120,0:1:1;0:1:1;1:4:3;1:4:3,0,4,0,0,0,1,0,0,0,0,0,0,13,24
19121,0:1:1;0:1:1;1:4:3;1:4:3,0,5,0,0,0,1,0,0,0,0,0,0,13,24
19122,0:1:1;0:1:1;1:4:3;1:4:3,1,0,0,0,0,1,0,0,0,0,0,0,3,24
19123,0:1:1;0:1:1;1:4:3;1:4:3,1,1,0,0,0,1,0,0,0,0,0,0,15,24
19124,0:1:1;0:1:1;1:4:3;1:4:3,1,2,0,0,0,1,0,0,0,0,0,0,25,24
19125,0:1:1;0:1:1;1:4:3;1:4:3,1,3,0,0,0,1,0,0,0,0,0,0,25,24
19126,0:1:1;0:1:1;1:4:3;1:4:3,1,4,0,0,0,1,0,0,0,0,0,0,25,24
19127,0:1:1;0:1:1;1:4:3;1:4:3,1,5,0,0,0,1,0,0,0,0,0,0,25,24
19128,0:1:1;0:1:1;1:4:3;1:4:3,2,0,0,0,0,1,0,0,0,0,0,0,6,24
19129,0:1:1;0:1:1;1:4:3;1:4:3,2,1,0,0,0,1,0,0,0,0,0,0,30,24
19130,0:1:1;0:1:1;1:4:3;1:4:3,2,2,0,0,0,1,0,0,0,0,0,0,39,24
19131,0:1:1;0:1:1;1:4:3;1:4:3,2,3,0,0,0,1,0,0,0,0,0,0,39,24
19132,0:1:1;0:1:1;1:4:3;1:4:3,2,4,0,0,0,1,0,0,0,0,0,0,39,24
19133,0:1:1;0:1:1;1:4:3;1:4:3,2,5,0,0,0,1,0,0,0,0,0,0,39,24
19134,0:1:1;0:1:1;1:4:3;1:4:3,3,0,0,0,0,1,0,0,0,0,0,0,24,24
19135,0:1:1;0:1:1;1:4:3;1:4:3,3,1,0,0,0,1,0,0,0,0,0,0,42,24
19136,0:1:1;0:1:1;1:4:3;1:4:3,3,2,0,0,0,1,0,0,0,0,0,0,51,24
19137,0:1:1;0:1:1;1:4:3;1:4:3,3,3,0,0,0,1,0,0,0,0,0,0,51,24
19138,0:1:1;0:1:1;1:4:3;1:4:3,3,4,0,0,0,1,0,0,0,0,0,0,51,24
19139,0:1:1;0:1:1;1:4:3;1:4:3,3,5,0,0,0,1,0,0,0,0,0,0,51,24
19140,0:1:1;0:1:1;1:4:3;1:4:3,4,0,1,1,1,0,1,1,1,1,1,5,9,13
19141,0:1:1;0:1:1;1:4:3;1:4:3,4,1,1,1,1,0,1,1,1,1,1,5,9,3
19142,0:1:1;0:1:1;1:4:3;1:4:3,4,2,1,1,1,0,1,1,1,1,1,5,9,1
19143,0:1:1;0:1:1;1:4:3;1:4:3,4,3,1,1,1,0,1,1,1,1,1,5,9,1
19144,0:1:1;0:1:1;1:4:3;1:4:3,4,4,1,1,1,0,1,1,1,1,1,5,9,1
19145,0:1:1;0:1:1;1:4:3;1:4:3,4,5,1,1,1,0,1,1,1,1,1,5,9,1
19146,0:1:1;0:1:1;1:4:3;1:4:3,5,0,1,1,1,0,1,1,1,1,1,5,9,13
19147,0:1:1;0:1:1;1:4:3;1:4:3,5,1,1,1,1,0,1,1,1,1,1,5,9,3
19148,0:1:1;0:1:1;1:4:3;1:4:3,5,2,1,1,1,0,1,1,1,1,1,5,9,1
19149,0:1:1;0:1:1;1:4:3;1:4:3,5,3,1,1,1,0,1,1,1,1,1,5,9,1
19150,0:1:1;0:1:1;1:4:3;1:4:3,5,4,1,1,1,0,1,1,1,1,1,5,9,1
19151,0:1:1;0:1:1;1:4:3;1:4:3,5,5,1,1,1,0,1,1,1,1,1,5,9,1
19152,0:1:1;0:2:1;0:2:1;0:2:1,0,0,0,0,0,1,0,0,0,0,0,0,1,24
19153,0:1:1;0:2:1;0:2:1;0:2:1,0,1,0,0,0,1,0,0,0,0,0,0,5,24
19154,0:1:1;0:2:1;0:2:1;0:2:1,0,2,0,0,0,1,0,0,0,0,0,0,11,24
19155,0:1:1;0:2:1;0:2:1;0:2:1,0,3,0,0,0,1,0,0,0,0,0,0,15,24
19156,0:1:1;0:2:1;0:2:1;0:2:1,0,4,1,1,1,0,1,1,1,1,1,5,5,1
19157,0:1:1;0:2:1;0:2:1;0:2:1,0,5,1,1,1,0,1,1,1,1,1,5,5,1
19158,0:1:1;0:2:1;0:2:1;0:2:1,1,0,0,0,0,1,0,0,0,0,0,0,1,24
19159,0:1:1;0:2:1;0:2:1;0:2:1,1,1,0,0,0,1,0,0,0,0,0,0,5,24
19160,0:1:1;0:2:1;0:2:1;0:2:1,1,2,0,0,0,1,0,0,0,0,0,0,11,24
19161,0:1:1;0:2:1;0:2:1;0:2:1,1,3,0,0,0,1,0,0,0,0,0,0,15,24
19162,0:1:1;0:2:1;0:2:1;0:2:1,1,4,1,1,1,0,1,1,1,1,1,5,5,1
19163,0:1:1;0:2:1;0:2:1;0:2:1,1,5,1,1,1,0,1,1,1,1,1,5,5,1
19164,0:1:1;0:2:1;0:2:1;0:2:1,2,0,0,0,0,1,0,0,0,0,0,0,1,24
19165,0:1:1;0:2:1;0:2:1;0:2:1,2,1,0,0,0,1,0,0,0,0,0,0,5,24
19166,0:1:1;0:2:1;0:2:1;0:2:1,2,2,0,0,0,1,0,0,0,0,0,0,11,24
19167,0:1:1;0:2:1;0:2:1;0:2:1,2,3,0,0,0,1,0,0,0,0,0,0,15,24
19168,0:1:1;0:2:1;0:2:1;0:2:1,2,4,1,1,1,0,1,1,1,1,1,5,5,1
19169,0:1:1;0:2:1;0:2:1;0:2:1,2,5,1,1,1,0,1,1,1,1,1,5,5,1
19170,0:1:1;0:2:1;0:2:1;0:2:1,3,0,0,0,0,1,0,0,0,0,0,0,1,24
19171,0:1:1;0:2:1;0:2:1;0:2:1,3,1,0,0,0,1,0,0,0,0,0,0,5,24
19172,0:1:1;0:2:1;0:2:1;0:2:1,3,2,0,0,0,1,0,0,0,0,0,0,11,24
19173,0:1:1;0:2:1;0:2:1;0:2:1,3,3,0,0,0,1,0,0,0,0,0,0,15,24
19174,0:1:1;0:2:1;0:2:1;0:2:1,3,4,1,1,1,0,1,1,1,1,1,5,5,1
19175,0:1:1;0:2:1;0:2:1;0:2:1,3,5,1,1,1,0,1,1,1,1,1,5,5,1
19176,0:1:1;0:2:1;0:2:1;0:2:1,4,0,0,0,0,1,0,0,0,0,0,0,1,24
19177,0:1:1;0:2:1;0:2:1;0:2:1,4,1,0,0,0,1,0,0,0,0,0,0,5,24
19178,0:1:1;0:2:1;0:2:1;0:2:1,4,2,0,0,0,1,0,0,0,0,0,0,11,24
19179,0:1:1;0:2:1;0:2:1;0:2:1,4,3,0,0,0,1,0,0,0,0,0,0,15,24
19180,0:1:1;0:2:1;0:2:1;0:2:1,4,4,1,1,1,0,1,1,1,1,1,5,5,1
19181,0:1:1;0:2:1;0:2:1;0:2:1,4,5,1,1,1,0,1,1,1,1,1,5,5,1
19182,0:1:1;0:2:1;0:2:1;0:2:1,5,0,0,0,0,1,0,0,0,0,0,0,1,24
19183,0:1:1;0:2:1;0:2:1;0:2:1,5,1,0,0,0,1,0,0,0,0,0,0,5,24
19184,0:1:1;0:2:1;0:2:1;0:2:1,5,2,0,0,0,1,0,0,0,0,0,0,11,24
19185,0:1:1;0:2:1;0:2:1;0:2:1,5,3,0,0,0,1,0,0,0,0,0,0,15,24
19186,0:1:1;0:2:1;0:2:1;0:2:1,5,4,1,1,1,0,1,1,1,1,1,5,5,1
19187,0:1:1;0:2:1;0:2:1;0:2:1,5,5,1,1,1,0,1,1,1,1,1,5,5,1
19188,0:1:1;0:2:1;0:2:1;0:2:2,0,0,0,0,0,1,0,0,0,0,0,0,1,24
19189,0:1:1;0:2:1;0:2:1;0:2:2,0,1,0,0,0,1,0,0,0,0,0,0,5,24
19190,0:1:1;0:2:1;0:2:1;0:2:2,0,2,0,0,0,1,0,0,0,0,0,0,12,24
19191,0:1:1;0:2:1;0:2:1;0:2:2,0,3,0,0,0,1,0,0,0,0,0,0,19,24
19192,0:1:1;0:2:1;0:2:1;0:2:2,0,4,0,0,0,1,0,0,0,0,0,0,23,24
19193,0:1:1;0:2:1;0:2:1;0:2:2,0,5,1,1,1,0,1,1,1,1,1,5,6,1
19194,0:1:1;0:2:1;0:2:1;0:2:2,1,0,0,0,0,1,0,0,0,0,0,0,1,24
19195,0:1:1;0:2:1;0:2:1;0:2:2,1,1,0,0,0,1,0,0,0,0,0,0,5,24
19196,0:1:1;0:2:1;0:2:1;0:2:2,1,2,0,0,0,1,0,0,0,0,0,0,12,24
19197,0:1:1;0:2:1;0:2:1;0:2:2,1,3,0,0,0,1,0,0,0,0,0,0,19,24
19198,0:1:1;0:2:1;0:2:1;0:2:2,1,4,0,0,0,1,0,0,0,0,0,0,23,24
19199,0:1:1;0:2:1;0:2:1;0:2:2,1,5,1,1,1,0,1,1,1,1,1,5,6,1
19200,0:1:1;0:2:1;0:2:1;0:2:2,2,0,0,0,0,1,0,0,0,0,0,0,1,24
19201,0:1:1;0:2:1;0:2:1;0:2:2,2,1,0,0,0,1,0,0,0,0,0,0,5,24
19202,0:1:1;0:2:1;0:2:1;0:2:2,2,2,0,0,0,1,0,0,0,0,0,0,12,24
19203,0:1:1;0:2:1;0:2:1;0:2:2,2,3,0,0,0,1,0,0,0,0,0,0,19,24
19204,0:1:1;0:2:1;0:2:1;0:2:2,2,4,0,0,0,1,0,0,0,0,0,0,23,24
19205,0:1:1;0:2:1;0:2:1;0:2:2,2,5,1,1,1,0,1,1,1,1,1,5,6,1
19206,0:1:1;0:2:1;0:2:1;0:2:2,3,0,0,0,0,1,0,0,0,0,0,0,1,24
19207,0:1:1;0:2:1;0:2:1;0:2:2,3,1,0,0,0,1,0,0,0,0,0,0,5,24
19208,0:1:1;0:2:1;0:2:1;0:2:2,3,2,0,0,0,1,0,0,0,0,0,0,12,24
19209,0:1:1;0:2:1;0:2:1;0:2:2,3,3,0,0,0,1,0,0,0,0,0,0,19,24
19210,0:1:1;0:2:1;0:2:1;0:2:2,3,4,0,0,0,1,0,0,0,0,0,0,23,24
19211,0:1:1;0:2:1;0:2:1;0:2:2,3,5,1,1,1,0,1,1,1,1,1,5,6,1
19212,0:1:1;0:2:1;0:2:1;0:2:2,4,0,0,0,0,1,0,0,0,0,0,0,1,24
19213,0:1:1;0:2:1;0:2:1;0:2:2,4,1,0,0,0,1,0,0,0,0,0,0,5,24
19214,0:1:1;0:2:1;0:2:1;0:2:2,4,2,0,0,0,1,0,0,0,0,0,0,12,24
19215,0:1:1;0:2:1;0:2:1;0:2:2,4,3,0,0,0,1,0,0,0,0,0,0,19,24
19216,0:1:1;0:2:1;0:2:1;0:2:2,4,4,0,0,0,1,0,0,0,0,0,0,23,24
19217,0:1:1;0:2:1;0:2:1;0:2:2,4,5,1,1,1,0,1,1,1,1,1,5,6,1
19218,0:1:1;0:2:1;0:2:1;0:2:2,5,0,0,0,0,1,0,0,0,0,0,0,1,24
19219,0:1:1;0:2:1;0:2:1;0:2:2,5,1,0,0,0,1,0,0,0,0,0,0,5,24
19220,0:1:1;0:2:1;0:2:1;0:2:2,5,2,0,0,0,1,0,0,0,0,0,0,12,24
19221,0:1:1;0:2:1;0:2:1;0:2:2,5,3,0,0,0,1,0,0,0,0,0,0,19,24
19222,0:1:1;0:2:1;0:2:1;0:2:2,5,4,0,0,0,1,0,0,0,0,0,0,23,24
19223,0:1:1;0:2:1;0:2:1;0:2:2,5,5,1,1,1,0,1,1,1,1,1,5,6,1
19224,0:1:1;0:2:1;0:2:1;0:3:2,0,0,0,0,0,1,0,0,0,0,0,0,1,24
19225,0:1:1;0:2:1;0:2:1;0:3:2,0,1,0,0,0,1,0,0,0,0,0,0,5,24
19226,0:1:1;0:2:1;0:2:1;0:3:2,0,2,0,0,0,1,0,0,0,0,0,0,12,24
19227,0:1:1;0:2:1;0:2:1;0:3:2,0,3,0,0,0,1,0,0,0,0,0,0,19,24
19228,0:1:1;0:2:1;0:2:1;0:3:2,0,4,0,0,0,1,0,0,0,0,0,0,23,24
19229,0:1:1;0:2:1;0:2:1;0:3:2,0,5,1,1,1,0,1,1,1,1,1,5,6,1
19230,0:1:1;0:2:1;0:2:1;0:3:2,1,0,0,0,0,1,0,0,0,0,0,0,1,24
19231,0:1:1;0:2:1;0:2:1;0:3:2,1,1,0,0,0,1,0,0,0,0,0,0,5,24
19232,0:1:1;0:2:1;0:2:1;0:3:2,1,2,0,0,0,1,0,0,0,0,0,0,12,24
19233,0:1:1;0:2:1;0:2:1;0:3:2,1,3,0,0,0,1,0,0,0,0,0,0,19,24
19234,0:1:1;0:2:1;0:2:1;0:3:2,1,4,0,0,0,1,0,0,0,0,0,0,23,24
19235,0:1:1;0:2:1;0:2:1;0:3:2,1,5,1,1,1,0,1,1,1,1,1,5,6,1
19236,0:1:1;0:2:1;0:2:1;0:3:2,2,0,0,0,0,1,0,0,0,0,0,0,1,24
19237,0:1:1;0:2:1;0:2:1;0:3:2,2,1,0,0,0,1,0,0,0,0,0,0,5,24
19238,0:1:1;0:2:1;0:2:1;0:3:2,2,2,0,0,0,1,0,0,0,0,0,0,12,24
19239,0:1:1;0:2:1;0:2:1;0:3:2,2,3,0,0,0,1,0,0,0,0,0,0,19,24
19240,0:1:1;0:2:1;0:2:1;0:3:2,2,4,0,0,0,1,0,0,0,0,0,0,23,24
19241,0:1:1;0:2:1;0:2:1;0:3:2,2,5,1,1,1,0,1,1,1,1,1,5,6,1
19242,0:1:1;0:2:1;0:2:1;0:3:2,3,0,0,0,0,1,0,0,0,0,0,0,1,24
19243,0:1:1;0:2:1;0:2:1;0:3:2,3,1,0,0,0,1,0,0,0,0,0,0,5,24
19244,0:1:1;0:2:1;0:2:1;0:3:2,3,2,0,0,0,1,0,0,0,0,0,0,12,24
19245,0:1:1;0:2:1;0:2:1;0:3:2,3,3,0,0,0,1,0,0,0,0,0,0,19,24
19246,0:1:1;0:2:1;0:2:1;0:3:2,3,4,0,0,0,1,0,0,0,0,0,0,23,24
19247,0:1:1;0:2:1;0:2:1;0:3:2,3,5,1,1,1,0,1,1,1,1,1,5,6,1
19248,0:1:1;0:2:1;0:2:1;0:3:2,4,0,0,0,0,1,0,0,0,0,0,0,1,24
19249,0:1:1;0:2:1;0:2:1;0:3:2,4,1,0,0,0,1,0,0,0,0,0,0,5,24
19250,0:1:1;0:2:1;0:2:1;0:3:2,4,2,0,0,0,1,0,0,0,0,0,0,12,24
19251,0:1:1;0:2:1;0:2:1;0:3:2,4,3,0,0,0,1,0,0,0,0,0,0,19,24
19252,0:1:1;0:2:1;0:2:1;0:3:2,4,4,0,0,0,1,0,0,0,0,0,0,23,24
19253,0:1:1;0:2:1;0:2:1;0:3:2,4,5,1,1,1,0,1,1,1,1,1,5,6,1
19254,0:1:1;0:2:1;0:2:1;0:3:2,5,0,0,0,0,1,0,0,0,0,0,0,1,24
19255,0:1:1;0:2:1;0:2:1;0:3:2,5,1,0,0,0,1,0,0,0,0,0,0,5,24
19256,0:1:1;0:2:1;0:2:1;0:3:2,5,2,0,0,0,1,0,0,0,0,0,0,12,24
19257,0:1:1;0:2:1;0:2:1;0:3:2,5,3,0,0,0,1,0,0,0,0,0,0,19,24
19258,0:1:1;0:2:1;0:2:1;0:3:2,5,4,0,0,0,1,0,0,0,0,0,0,23,24
19259,0:1:1;0:2:1;0:2:1;0:3:2,5,5,1,1,1,0,1,1,1,1,1,5,6,1
19260,0:1:1;0:2:1;0:2:1;0:3:3,0,0,0,0,0,1,0,0,0,0,0,0,1,24
19261,0:1:1;0:2:1;0:2:1;0:3:3,0,1,0,0,0,1,0,0,0,0,0,0,5,24
19262,0:1:1;0:2:1;0:2:1;0:3:3,0,2,0,0,0,1,0,0,0,0,0,0,12,24
19263,0:1:1;0:2:1;0:2:1;0:3:3,0,3,0,0,0,1,0,0,0,0,0,0,20,24
19264,0:1:1;0:2:1;0:2:1;0:3:3,0,4,0,0,0,1,0,0,0,0,0,0,27,24
19265,0:1:1;0:2:1;0:2:1;0:3:3,0,5,0,0,0,1,0,0,0,0,0,0,31,24
19266,0:1:1;0:2:1;0:2:1;0:3:3,1,0,0,0,0,1,0,0,0,0,0,0,1,24
19267,0:1:1;0:2:1;0:2:1;0:3:3,1,1,0,0,0,1,0,0,0,0,0,0,5,24
19268,0:1:1;0:2:1;0:2:1;0:3:3,1,2,0,0,0,1,0,0,0,0,0,0,12,24
19269,0:1:1;0:2:1;0:2:1;0:3:3,1,3,0,0,0,1,0,0,0,0,0,0,20,24
19270,0:1:1;0:2:1;0:2:1;0:3:3,1,4,0,0,0,1,0,0,0,0,0,0,27,24
19271,0:1:1;0:2:1;0:2:1;0:3:3,1,5,0,0,0,1,0,0,0,0,0,0,31,24
19272,0:1:1;0:2:1;0:2:1;0:3:3,2,0,0,0,0,1,0,0,0,0,0,0,1,24
19273,0:1:1;0:2:1;0:2:1;0:3:3,2,1,0,0,0,1,0,0,0,0,0,0,5,24
19274,0:1:1;0:2:1;0:2:1;0:3:3,2,2,0,0,0,1,0,0,0,0,0,0,12,24
19275,0:1:1;0:2:1;0:2:1;0:3:3,2,3,0,0,0,1,0,0,0,0,0,0,20,24
19276,0:1:1;0:2:1;0:2:1;0:3:3,2,4,0,0,0,1,0,0,0,0,0,0,27,24
19277,0:1:1;0:2:1;0:2:1;0:3:3,2,5,0,0,0,1,0,0,0,0,0,0,31,24
19278,0:1:1;0:2:1;0:2:1;0:3:3,3,0,0,0,0,1,0,0,0,0,0,0,1,24
19279,0:1:1;0:2:1;0:2:1;0:3:3,3,1,0,0,0,1,0,0,0,0,0,0,5,24
19280,0:1:1;0:2:1;0:2:1;0:3:3,3,2,0,0,0,1,0,0,0,0,0,0,12,24
19281,0:1:1;0:2:1;0:2:1;0:3:3,3,3,0,0,0,1,0,0,0,0,0,0,20,24
19282,0:1:1;0:2:1;0:2:1;0:3:3,3,4,0,0,0,1,0,0,0,0,0,0,27,24
19283,0:1:1;0:2:1;0:2:1;0:3:3,3,5,0,0,0,1,0,0,0,0,0,0,31,24
19284,0:1:1;0:2:1;0:2:1;0:3:3,4,0,0,0,0,1,0,0,0,0,0,0,1,24
19285,0:1:1;0:2:1;0:2:1;0:3:3,4,1,0,0,0,1,0,0,0,0,0,0,5,24
19286,0:1:1;0:2:1;0:2:1;0:3:3,4,2,0,0,0,1,0,0,0,0,0,0,12,24
19287,0:1:1;0:2:1;0:2:1;0:3:3,4,3,0,0,0,1,0,0,0,0,0,0,20,24
19288,0:1:1;0:2:1;0:2:1;0:3:3,4,4,0,0,0,1,0,0,0,0,0,0,27,24
19289,0:1:1;0:2:1;0:2:1;0:3:3,4,5,0,0,0,1,0,0,0,0,0,0,31,24
19290,0:1:1;0:2:1;0:2:1;0:3:3,5,0,0,0,0,1,0,0,0,0,0,0,1,24
19291,0:1:1;0:2:1;0:2:1;0:3:3,5,1,0,0,0,1,0,0,0,0,0,0,5,24
19292,0:1:1;0:2:1;0:2:1;0:3:3,5,2,0,0,0,1,0,0,0,0,0,0,12,24
19293,0:1:1;0:2:1;0:2:1;0:3:3,5,3,0,0,0,1,0,0,0,0,0,0,20,24
19294,0:1:1;0:2:1;0:2:1;0:3:3,5,4,0,0,0,1,0,0,0,0,0,0,27,24
19295,0:1:1;0:2:1;0:2:1;0:3:3,5,5,0,0,0,1,0,0,0,0,0,0,31,24
19296,0:1:1;0:2:1;0:2:1;0:4:3,0,0,0,0,0,1,0,0,0,0,0,0,1,24
19297,0:1:1;0:2:1;0:2:1;0:4:3,0,1,0,0,0,1,0,0,0,0,0,0,5,24
19298,0:1:1;0:2:1;0:2:1;0:4:3,0,2,0,0,0,1,0,0,0,0,0,0,12,24
19299,0:1:1;0:2:1;0:2:1;0:4:3,0,3,0,0,0,1,0,0,0,0,0,0,20,24
19300,0:1:1;0:2:1;0:2:1;0:4:3,0,4,0,0,0,1,0,0,0,0,0,0,27,24
19301,0:1:1;0:2:1;0:2:1;0:4:3,0,5,0,0,0,1,0,0,0,0,0,0,31,24
19302,0:1:1;0:2:1;0:2:1;0:4:3,1,0,0,0,0,1,0,0,0,0,0,0,1,24
19303,0:1:1;0:2:1;0:2:1;0:4:3,1,1,0,0,0,1,0,0,0,0,0,0,5,24
19304,0:1:1;0:2:1;0:2:1;0:4:3,1,2,0,0,0,1,0,0,0,0,0,0,12,24
19305,0:1:1;0:2:1;0:2:1;0:4:3,1,3,0,0,0,1,0,0,0,0,0,0,20,24
19306,0:1:1;0:2:1;0:2:1;0:4:3,1,4,0,0,0,1,0,0,0,0,0,0,27,24
19307,0:1:1;0:2:1;0:2:1;0:4:3,1,5,0,0,0,1,0,0,0,0,0,0,31,24
19308,0:1:1;0:2:1;0:2:1;0:4:3,2,0,0,0,0,1,0,0,0,0,0,0,1,24
19309,0:1:1;0:2:1;0:2:1;0:4:3,2,1,0,0,0,1,0,0,0,0,0,0,5,24
19310,0:1:1;0:2:1;0:2:1;0:4:3,2,2,0,0,0,1,0,0,0,0,0,0,12,24
19311,0:1:1;0:2:1;0:2:1;0:4:3,2,3,0,0,0,1,0,0,0,0,0,0,20,24
19312,0:1:1;0:2:1;0:2:1;0:4:3,2,4,0,0,0,1,0,0,0,0,0,0,27,24
19313,0:1:1;0:2:1;0:2:1;0:4:3,2,5,0,0,0,1,0,0,0,0,0,0,31,24
19314,0:1:1;0:2:1;0:2:1;0:4:3,3,0,0,0,0,1,0,0,0,0,0,0,1,24
19315,0:1:1;0:2:1;0:2:1;0:4:3,3,1,0,0,0,1,0,0,0,0,0,0,5,24
19316,0:1:1;0:2:1;0:2:1;0:4:3,3,2,0,0,0,1,0,0,0,0,0,0,12,24
19317,0:1:1;0:2:1;0:2:1;0:4:3,3,3,0,0,0,1,0,0,0,0,0,0,20,24
19318,0:1:1;0:2:1;0:2:1;0:4:3,3,4,0,0,0,1,0,0,0,0,0,0,27,24
19319,0:1:1;0:2:1;0:2:1;0:4:3,3,5,0,0,0,1,0,0,0,0,0,0,31,24
19320,0:1:1;0:2:1;0:2:1;0:4:3,4,0,0,0,0,1,0,0,0,0,0,0,1,24
19321,0:1:1;0:2:1;0:2:1;0:4:3,4,1,0,0,0,1,0,0,0,0,0,0,5,24
19322,0:1:1;0:2:1;0:2:1;0:4:3,4,2,0,0,0,1,0,0,0,0,0,0,12,24
19323,0:1:1;0:2:1;0:2:1;0:4:3,4,3,0,0,0,1,0,0,0,0,0,0,20,24
19324,0:1:1;0:2:1;0:2:1;0:4:3,4,4,0,0,0,1,0,0,0,0,0,0,27,24
19325,0:1:1;0:2:1;0:2:1;0:4:3,4,5,0,0,0,1,0,0,0,0,0,0,31,24
19326,0:1:1;0:2:1;0:2:1;0:4:3,5,0,0,0,0,1,0,0,0,0,0,0,1,24
19327,0:1:1;0:2:1;0:2:1;0:4:3,5,1,0,0,0,1,0,0,0,0,0,0,5,24
19328,0:1:1;0:2:1;0:2:1;0:4:3,5,2,0,0,0,1,0,0,0,0,0,0,12,24
19329,0:1:1;0:2:1;0:2:1;0:4:3,5,3,0,0,0,1,0,0,0,0,0,0,20,24
19330,0:1:1;0:2:1;0:2:1;0:4:3,5,4,0,0,0,1,0,0,0,0,0,0,27,24
19331,0:1:1;0:2:1;0:2:1;0:4:3,5,5,0,0,0,1,0,0,0,0,0,0,31,24
19332,0:1:1;0:2:1;0:2:1;1:1:1,0,0,0,0,0,1,0,0,0,0,0,0,1,24
19333,0:1:1;0:2:1;0:2:1;1:1:1,0,1,0,0,0,1,0,0,0,0,0,0,10,24
19334,0:1:1;0:2:1;0:2:1;1:1:1,0,2,1,1,1,0,1,1,1,1,1,5,5,2
19335,0:1:1;0:2:1;0:2:1;1:1:1,0,3,1,1,1,0,1,1,1,1,1,5,5,1
19336,0:1:1;0:2:1;0:2:1;1:1:1,0,4,1,1,1,0,1,1,1,1,1,5,5,1
19337,0:1:1;0:2:1;0:2:1;1:1:1,0,5,1,1,1,0,1,1,1,1,1,5,5,1
19338,0:1:1;0:2:1;0:2:1;1:1:1,1,0,0,0,0,1,0,0,0,0,0,0,5,24
19339,0:1:1;0:2:1;0:2:1;1:1:1,1,1,0,0,0,1,0,0,0,0,0,0,11,24
19340,0:1:1;0:2:1;0:2:1;1:1:1,1,2,1,1,1,0,1,1,1,1,1,5,5,2
19341,0:1:1;0:2:1;0:2:1;1:1:1,1,3,1,1,1,0,1,1,1,1,1,5,5,1
19342,0:1:1;0:2:1;0:2:1;1:1:1,1,4,1,1,1,0,1,1,1,1,1,5,5,1
19343,0:1:1;0:2:1;0:2:1;1:1:1,1,5,1,1,1,0,1,1,1,1,1,5,5,1
19344,0:1:1;0:2:1;0:2:1;1:1:1,2,0,0,0,0,1,0,0,0,0,0,0,5,24
19345,0:1:1;0:2:1;0:2:1;1:1:1,2,1,0,0,0,1,0,0,0,0,0,0,11,24
19346,0:1:1;0:2:1;0:2:1;1:1:1,2,2,1,1,1,0,1,1,1,1,1,5,5,2
19347,0:1:1;0:2:1;0:2:1;1:1:1,2,3,1,1,1,0,1,1,1,1,1,5,5,1
19348,0:1:1;0:2:1;0:2:1;1:1:1,2,4,1,1,1,0,1,1,1,1,1,5,5,1
19349,0:1:1;0:2:1;0:2:1;1:1:1,2,5,1,1,1,0,1,1,1,1,1,5,5,1
19350,0:1:1;0:2:1;0:2:1;1:1:1,3,0,0,0,0,1,0,0,0,0,0,0,5,24
19351,0:1:1;0:2:1;0:2:1;1:1:1,3,1,0,0,0,1,0,0,0,0,0,0,11,24
19352,0:1:1;0:2:1;0:2:1;1:1:1,3,2,1,1,1,0,1,1,1,1,1,5,5,2
19353,0:1:1;0:2:1;0:2:1;1:1:1,3,3,1,1,1,0,1,1,1,1,1,5,5,1
19354,0:1:1;0:2:1;0:2:1;1:1:1,3,4,1,1,1,0,1,1,1,1,1,5,5,1
19355,0:1:1;0:2:1;0:2:1;1:1:1,3,5,1,1,1,0,1,1,1,1,1,5,5,1
19356,0:1:1;0:2:1;0:2:1;1:1:1,4,0,0,0,0,1,0,0,0,0,0,0,5,24
19357,0:1:1;0:2:1;0:2:1;1:1:1,4,1,0,0,0,1,0,0,0,0,0,0,11,24
19358,0:1:1;0:2:1;0:2:1;1:1:1,4,2,1,1,1,0,1,1,1,1,1,5,5,2
19359,0:1:1;0:2:1;0:2:1;1:1:1,4,3,1,1,1,0,1,1,1,1,1,5,5,1
19360,0:1:1;0:2:1;0:2:1;1:1:1,4,4,1,1,1,0,1,1,1,1,1,5,5,1
19361,0:1:1;0:2:1;0:2:1;1:1:1,4,5,1,1,1,0,1,1,1,1,1,5,5,1
19362,0:1:1;0:2:1;0:2:1;1:1:1,5,0,0,0,0,1,0,0,0,0,0,0,5,24
19363,0:1:1;0:2:1;0:2:1;1:1:1,5,1,0,0,0,1,0,0,0,0,0,0,11,24
19364,0:1:1;0:2:1;0:2:1;1:1:1,5,2,1,1,1,0,1,1,1,1,1,5,5,2
19365,0:1:1;0:2:1;0:2:1;1:1:1,5,3,1,1,1,0,1,1,1,1,1,5,5,1
19366,0:1:1;0:2:1;0:2:1;1:1:1,5,4,1,1,1,0,1,1,1,1,1,5,5,1
19367,0:1:1;0:2:1;0:2:1;1:1:1,5,5,1,1,1,0,1,1,1,1,1,5,5,1
19368,0:1:1;0:2:1;0:2:1;1:2:1,0,0,0,0,0,1,0,0,0,0,0,0,1,24
19369,0:1:1;0:2:1;0:2:1;1:2:1,0,1,1,1,1,0,1,1,1,1,1,5,5,5
19370,0:1:1;0:2:1;0:2:1;1:2:1,0,2,1,1,1,0,1,1,1,1,1,5,5,2
19371,0:1:1;0:2:1;0:2:1;1:2:1,0,3,1,1,1,0,1,1,1,1,1,5,5,1
19372,0:1:1;0:2:1;0:2:1;1:2:1,0,4,1,1,1,0,1,1,1,1,1,5,5,1
19373,0:1:1;0:2:1;0:2:1;1:2:1,0,5,1,1,1,0,1,1,1,1,1,5,5,1
19374,0:1:1;0:2:1;0:2:1;1:2:1,1,0,0,0,0,1,0,0,0,0,0,0,8,24
19375,0:1:1;0:2:1;0:2:1;1:2:1,1,1,1,1,1,0,1,1,1,1,1,5,5,5
19376,0:1:1;0:2:1;0:2:1;1:2:1,1,2,1,1,1,0,1,1,1,1,1,5,5,2
19377,0:1:1;0:2:1;0:2:1;1:2:1,1,3,1,1,1,0,1,1,1,1,1,5,5,1
19378,0:1:1;0:2:1;0:2:1;1:2:1,1,4,1,1,1,0,1,1,1,1,1,5,5,1
19379,0:1:1;0:2:1;0:2:1;1:2:1,1,5,1,1,1,0,1,1,1,1,1,5,5,1
19380,0:1:1;0:2:1;0:2:1;1:2:1,2,0,0,0,0,1,0,0,0,0,0,0,8,24
19381,0:1:1;0:2:1;0:2:1;1:2:1,2,1,1,1,1,0,1,1,1,1,1,5,5,5
19382,0:1:1;0:2:1;0:2:1;1:2:1,2,2,1,1,1,0,1,1,1,1,1,5,5,2
19383,0:1:1;0:2:1;0:2:1;1:2:1,2,3,1,1,1,0,1,1,1,1,1,5,5,1
19384,0:1:1;0:2:1;0:2:1;1:2:1,2,4,1,1,1,0,1,1,1,1,1,5,5,1
19385,0:1:1;0:2:1;0:2:1;1:2:1,2,5,1,1,1,0,1,1,1,1,1,5,5,1
19386,0:1:1;0:2:1;0:2:1;1:2:1,3,0,0,0,0,1,0,0,0,0,0,0,8,24
19387,0:1:1;0:2:1;0:2:1;1:2:1,3,1,1,1,1,0,1,1,1,1,1,5,5,5
19388,0:1:1;0:2:1;0:2:1;1:2:1,3,2,1,1,1,0,1,1,1,1,1,5,5,2
19389,0:1:1;0:2:1;0:2:1;1:2:1,3,3,1,1,1,0,1,1,1,1,1,5,5,1
19390,0:1:1;0:2:1;0:2:1;1:2:1,3,4,1,1,1,0,1,1,1,1,1,5,5,1
19391,0:1:1;0:2:1;0:2:1;1:2:1,3,5,1,1,1,0,1,1,1,1,1,5,5,1
19392,0:1:1;0:2:1;0:2:1;1:2:1,4,0,0,0,0,1,0,0,0,0,0,0,8,24
19393,0:1:1;0:2:1;0:2:1;1:2:1,4,1,1,1,1,0,1,1,1,1,1,5,5,5
19394,0:1:1;0:2:1;0:2:1;1:2:1,4,2,1,1,1,0,1,1,1,1,1,5,5,2
19395,0:1:1;0:2:1;0:2:1;1:2:1,4,3,1,1,1,0,1,1,1,1,1,5,5,1
19396,0:1:1;0:2:1;0:2:1;1:2:1,4,4,1,1,1,0,1,1,1,1,1,5,5,1
19397,0:1:1;0:2:1;0:2:1;1:2:1,4,5,1,1,1,0,1,1,1,1,1,5,5,1
19398,0:1:1;0:2:1;0:2:1;1:2:1,5,0,0,0,0,1,0,0,0,0,0,0,8,24
19399,0:1:1;0:2:1;0:2:1;1:2:1,5,1,1,1,1,0,1,1,1,1,1,5,5,5
19400,0:1:1;0:2:1;0:2:1;1:2:1,5,2,1,1,1,0,1,1,1,1,1,5,5,2
19401,0:1:1;0:2:1;0:2:1;1:2:1,5,3,1,1,1,0,1,1,1,1,1,5,5,1
19402,0:1:1;0:2:1;0:2:1;1:2:1,5,4,1,1,1,0,1,1,1,1,1,5,5,1
19403,0:1:1;0:2:1;0:2:1;1:2:1,5,5,1,1,1,0,1,1,1,1,1,5,5,1
19404,0:1:1;0:2:1;0:2:1;1:2:2,0,0,0,0,0,1,0,0,0,0,0,0,1,24
19405,0:1:1;0:2:1;0:2:1;1:2:2,0,1,1,1,0,1,0,0,0,1,1,6,8,11
19406,0:1:1;0:2:1;0:2:1;1:2:2,0,2,1,1,1,0,1,1,1,1,1,5,6,2
19407,0:1:1;0:2:1;0:2:1;1:2:2,0,3,1,1,1,0,1,1,1,1,1,5,6,1
19408,0:1:1;0:2:1;0:2:1;1:2:2,0,4,1,1,1,0,1,1,1,1,1,5,6,1
19409,0:1:1;0:2:1;0:2:1;1:2:2,0,5,1,1,1,0,1,1,1,1,1,5,6,1
19410,0:1:1;0:2:1;0:2:1;1:2:2,1,0,0,0,0,1,0,0,0,0,0,0,2,24
19411,0:1:1;0:2:1;0:2:1;1:2:2,1,1,1,1,1,0,1,1,1,1,1,5,6,5
19412,0:1:1;0:2:1;0:2:1;1:2:2,1,2,1,1,1,0,1,1,1,1,1,5,6,2
19413,0:1:1;0:2:1;0:2:1;1:2:2,1,3,1,1,1,0,1,1,1,1,1,5,6,1
19414,0:1:1;0:2:1;0:2:1;1:2:2,1,4,1,1,1,0,1,1,1,1,1,5,6,1
19415,0:1:1;0:2:1;0:2:1;1:2:2,1,5,1,1,1,0,1,1,1,1,1,5,6,1
19416,0:1:1;0:2:1;0:2:1;1:2:2,2,0,0,0,0,1,0,0,0,0,0,0,9,24
19417,0:1:1;0:2:1;0:2:1;1:2:2,2,1,1,1,1,0,1,1,1,1,1,5,6,5
19418,0:1:1;0:2:1;0:2:1;1:2:2,2,2,1,1,1,0,1,1,1,1,1,5,6,2
19419,0:1:1;0:2:1;0:2:1;1:2:2,2,3,1,1,1,0,1,1,1,1,1,5,6,1
19420,0:1:1;0:2:1;0:2:1;1:2:2,2,4,1,1,1,0,1,1,1,1,1,5,6,1
19421,0:1:1;0:2:1;0:2:1;1:2:2,2,5,1,1,1,0,1,1,1,1,1,5,6,1
19422,0:1:1;0:2:1;0:2:1;1:2:2,3,0,0,0,0,1,0,0,0,0,0,0,9,24
19423,0:1:1;0:2:1;0:2:1;1:2:2,3,1,1,1,1,0,1,1,1,1,1,5,6,5
19424,0:1:1;0:2:1;0:2:1;1:2:2,3,2,1,1,1,0,1,1,1,1,1,5,6,2
19425,0:1:1;0:2:1;0:2:1;1:2:2,3,3,1,1,1,0,1,1,1,1,1,5,6,1
19426,0:1:1;0:2:1;0:2:1;1:2:2,3,4,1,1,1,0,1,1,1,1,1,5,6,1
19427,0:1:1;0:2:1;0:2:1;1:2:2,3,5,1,1,1,0,1,1,1,1,1,5,6,1
19428,0:1:1;0:2:1;0:2:1;1:2:2,4,0,0,0,0,1,0,0,0,0,0,0,9,24
19429,0:1:1;0:2:1;0:2:1;1:2:2,4,1,1,1,1,0,1,1,1,1,1,5,6,5
19430,0:1:1;0:2:1;0:2:1;1:2:2,4,2,1,1,1,0,1,1,1,1,1,5,6,2
19431,0:1:1;0:2:1;0:2:1;1:2:2,4,3,1,1,1,0,1,1,1,1,1,5,6,1
19432,0:1:1;0:2:1;0:2:1;1:2:2,4,4,1,1,1,0,1,1,1,1,1,5,6,1
19433,0:1:1;0:2:1;0:2:1;1:2:2,4,5,1,1,1,0,1,1,1,1,1,5,6,1
19434,0:1:1;0:2:1;0:2:1;1:2:2,5,0,0,0,0,1,0,0,0,0,0,0,9,24
19435,0:1:1;0:2:1;0:2:1;1:2:2,5,1,1,1,1,0,1,1,1,1,1,5,6,5
19436,0:1:1;0:2:1;0:2:1;1:2:2,5,2,1,1,1,0,1,1,1,1,1,5,6,2
19437,0:1:1;0:2:1;0:2:1;1:2:2,5,3,1,1,1,0,1,1,1,1,1,5,6,1
19438,0:1:1;0:2:1;0:2:1;1:2:2,5,4,1,1,1,0,1,1,1,1,1,5,6,1
19439,0:1:1;0:2:1;0:2:1;1:2:2,5,5,1,1,1,0,1,1,1,1,1,5,6,1
19440,0:1:1;0:2:1;0:2:1;1:3:2,0,0,1,0,0,1,0,0,0,0,0,1,1,24
19441,0:1:1;0:2:1;0:2:1;1:3:2,0,1,1,1,0,1,0,0,0,1,1,6,8,11
19442,0:1:1;0:2:1;0:2:1;1:3:2,0,2,1,1,1,0,1,1,1,1,1,5,6,2
19443,0:1:1;0:2:1;0:2:1;1:3:2,0,3,1,1,1,0,1,1,1,1,1,5,6,1
19444,0:1:1;0:2:1;0:2:1;1:3:2,0,4,1,1,1,0,1,1,1,1,1,5,6,1
19445,0:1:1;0:2:1;0:2:1;1:3:2,0,5,1,1,1,0,1,1,1,1,1,5,6,1
19446,0:1:1;0:2:1;0:2:1;1:3:2,1,0,1,0,0,1,0,0,0,0,0,1,2,24
19447,0:1:1;0:2:1;0:2:1;1:3:2,1,1,1,1,1,0,1,1,1,1,1,5,6,5
19448,0:1:1;0:2:1;0:2:1;1:3:2,1,2,1,1,1,0,1,1,1,1,1,5,6,2
19449,0:1:1;0:2:1;0:2:1;1:3:2,1,3,1,1,1,0,1,1,1,1,1,5,6,1
19450,0:1:1;0:2:1;0:2:1;1:3:2,1,4,1,1,1,0,1,1,1,1,1,5,6,1
19451,0:1:1;0:2:1;0:2:1;1:3:2,1,5,1,1,1,0,1,1,1,1,1,5,6,1
19452,0:1:1;0:2:1;0:2:1;1:3:2,2,0,1,1,1,0,1,1,1,1,1,5,6,19
19453,0:1:1;0:2:1;0:2:1;1:3:2,2,1,1,1,1,0,1,1,1,1,1,5,6,5
19454,0:1:1;0:2:1;0:2:1;1:3:2,2,2,1,1,1,0,1,1,1,1,1,5,6,2
19455,0:1:1;0:2:1;0:2:1;1:3:2,2,3,1,1,1,0,1,1,1,1,1,5,6,1
19456,0:1:1;0:2:1;0:2:1;1:3:2,2,4,1,1,1,0,1,1,1,1,1,5,6,1
19457,0:1:1;0:2:1;0:2:1;1:3:2,2,5,1,1,1,0,1,1,1,1,1,5,6,1
19458,0:1:1;0:2:1;0:2:1;1:3:2,3,0,1,1,1,0,1,1,1,1,1,5,6,19
19459,0:1:1;0:2:1;0:2:1;1:3:2,3,1,1,1,1,0,1,1,1,1,1,5,6,5
19460,0:1:1;0:2:1;0:2:1;1:3:2,3,2,1,1,1,0,1,1,1,1,1,5,6,2
19461,0:1:1;0:2:1;0:2:1;1:3:2,3,3,1,1,1,0,1,1,1,1,1,5,6,1
19462,0:1:1;0:2:1;0:2:1;1:3:2,3,4,1,1,1,0,1,1,1,1,1,5,6,1
19463,0:1:1;0:2:1;0:2:1;1:3:2,3,5,1,1,1,0,1,1,1,1,1,5,6,1
19464,0:1:1;0:2:1;0:2:1;1:3:2,4,0,1,1,1,0,1,1,1,1,1,5,6,19
19465,0:1:1;0:2:1;0:2:1;1:3:2,4,1,1,1,1,0,1,1,1,1,1,5,6,5
19466,0:1:1;0:2:1;0:2:1;1:3:2,4,2,1,1,1,0,1,1,1,1,1,5,6,2
19467,0:1:1;0:2:1;0:2:1;1:3:2,4,3,1,1,1,0,1,1,1,1,1,5,6,1
19468,0:1:1;0:2:1;0:2:1;1:3:2,4,4,1,1,1,0,1,1,1,1,1,5,6,1
19469,0:1:1;0:2:1;0:2:1;1:3:2,4,5,1,1,1,0,1,1,1,1,1,5,6,1
19470,0:1:1;0:2:1;0:2:1;1:3:2,5,0,1,1,1,0,1,1,1,1,1,5,6,19
19471,0:1:1;0:2:1;0:2:1;1:3:2,5,1,1,1,1,0,1,1,1,1,1,5,6,5
19472,0:1:1;0:2:1;0:2:1;1:3:2,5,2,1,1,1,0,1,1,1,1,1,5,6,2
19473,0:1:1;0:2:1;0:2:1;1:3:2,5,3,1,1,1,0,1,1,1,1,1,5,6,1
19474,0:1:1;0:2:1;0:2:1;1:3:2,5,4,1,1,1,0,1,1,1,1,1,5,6,1
19475,0:1:1;0:2:1;0:2:1;1:3:2,5,5,1,1,1,0,1,1,1,1,1,5,6,1
19476,0:1:1;0:2:1;0:2:1;1:3:3,0,0,1,0,0,1,0,0,0,0,0,1,1,24
19477,0:1:1;0:2:1;0:2:1;1:3:3,0,1,1,0,0,1,0,0,0,0,0,4,9,24
19478,0:1:1;0:2:1;0:2:1;1:3:3,0,2,1,1,0,0,1,1,1,1,1,5,7,2
19479,0:1:1;0:2:1;0:2:1;1:3:3,0,3,1,1,1,0,1,1,1,1,1,5,7,1
19480,0:1:1;0:2:1;0:2:1;1:3:3,0,4,1,1,1,0,1,1,1,1,1,5,7,1
19481,0:1:1;0:2:1;0:2:1;1:3:3,0,5,1,1,1,0,1,1,1,1,1,5,7,1
19482,0:1:1;0:2:1;0:2:1;1:3:3,1,0,1,0,0,1,0,0,0,0,0,1,2,24
19483,0:1:1;0:2:1;0:2:1;1:3:3,1,1,1,1,0,1,0,0,0,1,1,6,10,11
19484,0:1:1;0:2:1;0:2:1;1:3:3,1,2,1,1,1,0,1,1,1,1,1,5,7,2
19485,0:1:1;0:2:1;0:2:1;1:3:3,1,3,1,1,1,0,1,1,1,1,1,5,7,1
19486,0:1:1;0:2:1;0:2:1;1:3:3,1,4,1,1,1,0,1,1,1,1,1,5,7,1
19487,0:1:1;0:2:1;0:2:1;1:3:3,1,5,1,1,1,0,1,1,1,1,1,5,7,1
19488,0:1:1;0:2:1;0:2:1;1:3:3,2,0,1,0,0,1,0,0,0,0,0,1,3,24
19489,0:1:1;0:2:1;0:2:1;1:3:3,2,1,1,1,1,0,1,1,1,1,1,5,7,5
19490,0:1:1;0:2:1;0:2:1;1:3:3,2,2,1,1,1,0,1,1,1,1,1,5,7,2
19491,0:1:1;0:2:1;0:2:1;1:3:3,2,3,1,1,1,0,1,1,1,1,1,5,7,1
19492,0:1:1;0:2:1;0:2:1;1:3:3,2,4,1,1,1,0,1,1,1,1,1,5,7,1
19493,0:1:1;0:2:1;0:2:1;1:3:3,2,5,1,1,1,0,1,1,1,1,1,5,7,1
19494,0:1:1;0:2:1;0:2:1;1:3:3,3,0,1,1,1,0,1,1,1,1,1,5,7,19
19495,0:1:1;0:2:1;0:2:1;1:3:3,3,1,1,1,1,0,1,1,1,1,1,5,7,5
19496,0:1:1;0:2:1;0:2:1;1:3:3,3,2,1,1,1,0,1,1,1,1,1,5,7,2
19497,0:1:1;0:2:1;0:2:1;1:3:3,3,3,1,1,1,0,1,1,1,1,1,5,7,1
19498,0:1:1;0:2:1;0:2:1;1:3:3,3,4,1,1,1,0,1,1,1,1,1,5,7,1
19499,0:1:1;0:2:1;0:2:1;1:3:3,3,5,1,1,1,0,1,1,1,1,1,5,7,1
19500,0:1:1;0:2:1;0:2:1;1:3:3,4,0,1,1,1,0,1,1,1,1,1,5,7,19
19501,0:1:1;0:2:1;0:2:1;1:3:3,4,1,1,1,1,0,1,1,1,1,1,5,7,5
19502,0:1:1;0:2:1;0:2:1;1:3:3,4,2,1,1,1,0,1,1,1,1,1,5,7,2
19503,0:1:1;0:2:1;0:2:1;1:3:3,4,3,1,1,1,0,1,1,1,1,1,5,7,1
19504,0:1:1;0:2:1;0:2:1;1:3:3,4,4,1,1,1,0,1,1,1,1,1,5,7,1
19505,0:1:1;0:2:1;0:2:1;1:3:3,4,5,1,1,1,0,1,1,1,1,1,5,7,1
19506,0:1:1;0:2:1;0:2:1;1:3:3,5,0,1,1,1,0,1,1,1,1,1,5,7,19
19507,0:1:1;0:2:1;0:2:1;1:3:3,5,1,1,1,1,0,1,1,1,1,1,5,7,5
19508,0:1:1;0:2:1;0:2:1;1:3:3,5,2,1,1,1,0,1,1,1,1,1,5,7,2
19509,0:1:1;0:2:1;0:2:1;1:3:3,5,3,1,1,1,0,1,1,1,1,1,5,7,1
19510,0:1:1;0:2:1;0:2:1;1:3:3,5,4,1,1,1,0,1,1,1,1,1,5,7,1
19511,0:1:1;0:2:1;0:2:1;1:3:3,5,5,1,1,1,0,1,1,1,1,1,5,7,1
19512,0:1:1;0:2:1;0:2:1;1:4:3,0,0,1,0,0,1,0,0,0,0,0,1,1,24
19513,0:1:1;0:2:1;0:2:1;1:4:3,0,1,1,0,0,1,0,0,0,0,0,4,9,24
19514,0:1:1;0:2:1;0:2:1;1:4:3,0,2,1,1,0,0,1,1,1,1,1,5,7,2
19515,0:1:1;0:2:1;0:2:1;1:4:3,0,3,1,1,1,0,1,1,1,1,1,5,7,1
19516,0:1:1;0:2:1;0:2:1;1:4:3,0,4,1,1,1,0,1,1,1,1,1,5,7,1
19517,0:1:1;0:2:1;0:2:1;1:4:3,0,5,1,1,1,0,1,1,1,1,1,5,7,1
19518,0:1:1;0:2:1;0:2:1;1:4:3,1,0,1,0,0,1,0,0,0,0,0,1,2,24
19519,0:1:1;0:2:1;0:2:1;1:4:3,1,1,1,1,0,1,0,0,0,1,1,6,10,11
19520,0:1:1;0:2:1;0:2:1;1:4:3,1,2,1,1,1,0,1,1,1,1,1,5,7,2
19521,0:1:1;0:2:1;0:2:1;1:4:3,1,3,1,1,1,0,1,1,1,1,1,5,7,1
19522,0:1:1;0:2:1;0:2:1;1:4:3,1,4,1,1,1,0,1,1,1,1,1,5,7,1
19523,0:1:1;0:2:1;0:2:1;1:4:3,1,5,1,1,1,0,1,1,1,1,1,5,7,1
19524,0:1:1;0:2:1;0:2:1;1:4:3,2,0,1,0,0,1,0,0,0,0,0,1,3,24
19525,0:1:1;0:2:1;0:2:1;1:4:3,2,1,1,1,1,0,1,1,1,1,1,5,7,5
19526,0:1:1;0:2:1;0:2:1;1:4:3,2,2,1,1,1,0,1,1,1,1,1,5,7,2
19527,0:1:1;0:2:1;0:2:1;1:4:3,2,3,1,1,1,0,1,1,1,1,1,5,7,1
19528,0:1:1;0:2:1;0:2:1;1:4:3,2,4,1,1,1,0,1,1,1,1,1,5,7,1
19529,0:1:1;0:2:1;0:2:1;1:4:3,2,5,1,1,1,0,1,1,1,1,1,5,7,1
19530,0:1:1;0:2:1;0:2:1;1:4:3,3,0,1,1,1,0,1,1,1,1,1,5,7,19
19531,0:1:1;0:2:1;0:2:1;1:4:3,3,1,1,1,1,0,1,1,1,1,1,5,7,5
19532,0:1:1;0:2:1;0:2:1;1:4:3,3,2,1,1,1,0,1,1,1,1,1,5,7,2
19533,0:1:1;0:2:1;0:2:1;1:4:3,3,3,1,1,1,0,1,1,1,1,1,5,7,1
19534,0:1:1;0:2:1;0:2:1;1:4:3,3,4,1,1,1,0,1,1,1,1,1,5,7,1
19535,0:1:1;0:2:1;0:2:1;1:4:3,3,5,1,1,1,0,1,1,1,1,1,5,7,1
19536,0:1:1;0:2:1;0:2:1;1:4:3,4,0,1,1,1,0,1,1,1,1,1,5,7,19
19537,0:1:1;0:2:1;0:2:1;1:4:3,4,1,1,1,1,0,1,1,1,1,1,5,7,5
19538,0:1:1;0:2:1;0:2:1;1:4:3,4,2,1,1,1,0,1,1,1,1,1,5,7,2
19539,0:1:1;0:2:1;0:2:1;1:4:3,4,3,1,1,1,0,1,1,1,1,1,5,7,1
19540,0:1:1;0:2:1;0:2:1;1:4:3,4,4,1,1,1,0,1,1,1,1,1,5,7,1
19541,0:1:1;0:2:1;0:2:1;1:4:3,4,5,1,1,1,0,1,1,1,1,1,5,7,1
19542,0:1:1;0:2:1;0:2:1;1:4:3,5,0,1,1,1,0,1,1,1,1,1,5,7,19
19543,0:1:1;0:2:1;0:2:1;1:4:3,5,1,1,1,1,0,1,1,1,1,1,5,7,5
19544,0:1:1;0:2:1;0:2:1;1:4:3,5,2,1,1,1,0,1,1,1,1,1,5,7,2
19545,0:1:1;0:2:1;0:2:1;1:4:3,5,3,1,1,1,0,1,1,1,1,1,5,7,1
19546,0:1:1;0:2:1;0:2:1;1:4:3,5,4,1,1,1,0,1,1,1,1,1,5,7,1
19547,0:1:1;0:2:1;0:2:1;1:4:3,5,5,1,1,1,0,1,1,1,1,1,5,7,1
19548,0:1:1;0:2:1;0:2:2;0:2:2,0,0,0,0,0,1,0,0,0,0,0,0,1,24
19549,0:1:1;0:2:1;0:2:2;0:2:2,0,1,0,0,0,1,0,0,0,0,0,0,5,24
19550,0:1:1;0:2:1;0:2:2;0:2:2,0,2,0,0,0,1,0,0,0,0,0,0,13,24
19551,0:1:1;0:2:1;0:2:2;0:2:2,0,3,0,0,0,1,0,0,0,0,0,0,23,24
19552,0:1:1;0:2:1;0:2:2;0:2:2,0,4,0,0,0,1,0,0,0,0,0,0,31,24
19553,0:1:1;0:2:1;0:2:2;0:2:2,0,5,0,0,0,1,0,0,0,0,0,0,35,24
19554,0:1:1;0:2:1;0:2:2;0:2:2,1,0,0,0,0,1,0,0,0,0,0,0,1,24
19555,0:1:1;0:2:1;0:2:2;0:2:2,1,1,0,0,0,1,0,0,0,0,0,0,5,24
19556,0:1:1;0:2:1;0:2:2;0:2:2,1,2,0,0,0,1,0,0,0,0,0,0,13,24
19557,0:1:1;0:2:1;0:2:2;0:2:2,1,3,0,0,0,1,0,0,0,0,0,0,23,24
19558,0:1:1;0:2:1;0:2:2;0:2:2,1,4,0,0,0,1,0,0,0,0,0,0,31,24
19559,0:1:1;0:2:1;0:2:2;0:2:2,1,5,0,0,0,1,0,0,0,0,0,0,35,24
19560,0:1:1;0:2:1;0:2:2;0:2:2,2,0,0,0,0,1,0,0,0,0,0,0,1,24
19561,0:1:1;0:2:1;0:2:2;0:2:2,2,1,0,0,0,1,0,0,0,0,0,0,5,24
19562,0:1:1;0:2:1;0:2:2;0:2:2,2,2,0,0,0,1,0,0,0,0,0,0,13,24
19563,0:1:1;0:2:1;0:2:2;0:2:2,2,3,0,0,0,1,0,0,0,0,0,0,23,24
19564,0:1:1;0:2:1;0:2:2;0:2:2,2,4,0,0,0,1,0,0,0,0,0,0,31,24
19565,0:1:1;0:2:1;0:2:2;0:2:2,2,5,0,0,0,1,0,0,0,0,0,0,35,24
19566,0:1:1;0:2:1;0:2:2;0:2:2,3,0,0,0,0,1,0,0,0,0,0,0,1,24
19567,0:1:1;0:2:1;0:2:2;0:2:2,3,1,0,0,0,1,0,0,0,0,0,0,5,24
19568,0:1:1;0:2:1;0:2:2;0:2:2,3,2,0,0,0,1,0,0,0,0,0,0,13,24
19569,0:1:1;0:2:1;0:2:2;0:2:2,3,3,0,0,0,1,0,0,0,0,0,0,23,24
19570,0:1:1;0:2:1;0:2:2;0:2:2,3,4,0,0,0,1,0,0,0,0,0,0,31,24
19571,0:1:1;0:2:1;0:2:2;0:2:2,3,5,0,0,0,1,0,0,0,0,0,0,35,24
19572,0:1:1;0:2:1;0:2:2;0:2:2,4,0,0,0,0,1,0,0,0,0,0,0,1,24
19573,0:1:1;0:2:1;0:2:2;0:2:2,4,1,0,0,0,1,0,0,0,0,0,0,5,24
19574,0:1:1;0:2:1;0:2:2;0:2:2,4,2,0,0,0,1,0,0,0,0,0,0,13,24
19575,0:1:1;0:2:1;0:2:2;0:2:2,4,3,0,0,0,1,0,0,0,0,0,0,23,24
19576,0:1:1;0:2:1;0:2:2;0:2:2,4,4,0,0,0,1,0,0,0,0,0,0,31,24
19577,0:1:1;0:2:1;0:2:2;0:2:2,4,5,0,0,0,1,0,0,0,0,0,0,35,24
19578,0:1:1;0:2:1;0:2:2;0:2:2,5,0,0,0,0,1,0,0,0,0,0,0,1,24
19579,0:1:1;0:2:1;0:2:2;0:2:2,5,1,0,0,0,1,0,0,0,0,0,0,5,24
19580,0:1:1;0:2:1;0:2:2;0:2:2,5,2,0,0,0,1,0,0,0,0,0,0,13,24
19581,0:1:1;0:2:1;0:2:2;0:2:2,5,3,0,0,0,1,0,0,0,0,0,0,23,24
19582,0:1:1;0:2:1;0:2:2;0:2:2,5,4,0,0,0,1,0,0,0,0,0,0,31,24
19583,0:1:1;0:2:1;0:2:2;0:2:2,5,5,0,0,0,1,0,0,0,0,0,0,35,24
19584,0:1:1;0:2:1;0:2:2;0:3:2,0,0,0,0,0,1,0,0,0,0,0,0,1,24
19585,0:1:1;0:2:1;0:2:2;0:3:2,0,1,0,0,0,1,0,0,0,0,0,0,5,24
19586,0:1:1;0:2:1;0:2:2;0:3:2,0,2,0,0,0,1,0,0,0,0,0,0,13,24
19587,0:1:1;0:2:1;0:2:2;0:3:2,0,3,0,0,0,1,0,0,0,0,0,0,23,24
19588,0:1:1;0:2:1;0:2:2;0:3:2,0,4,0,0,0,1,0,0,0,0,0,0,31,24
19589,0:1:1;0:2:1;0:2:2;0:3:2,0,5,0,0,0,1,0,0,0,0,0,0,35,24
19590,0:1:1;0:2:1;0:2:2;0:3:2,1,0,0,0,0,1,0,0,0,0,0,0,1,24
19591,0:1:1;0:2:1;0:2:2;0:3:2,1,1,0,0,0,1,0,0,0,0,0,0,5,24
19592,0:1:1;0:2:1;0:2:2;0:3:2,1,2,0,0,0,1,0,0,0,0,0,0,13,24
19593,0:1:1;0:2:1;0:2:2;0:3:2,1,3,0,0,0,1,0,0,0,0,0,0,23,24
19594,0:1:1;0:2:1;0:2:2;0:3:2,1,4,0,0,0,1,0,0,0,0,0,0,31,24
19595,0:1:1;0:2:1;0:2:2;0:3:2,1,5,0,0,0,1,0,0,0,0,0,0,35,24
19596,0:1:1;0:2:1;0:2:2;0:3:2,2,0,0,0,0,1,0,0,0,0,0,0,1,24
19597,0:1:1;0:2:1;0:2:2;0:3:2,2,1,0,0,0,1,0,0,0,0,0,0,5,24
19598,0:1:1;0:2:1;0:2:2;0:3:2,2,2,0,0,0,1,0,0,0,0,0,0,13,24
19599,0:1:1;0:2:1;0:2:2;0:3:2,2,3,0,0,0,1,0,0,0,0,0,0,23,24
19600,0:1:1;0:2:1;0:2:2;0:3:2,2,4,0,0,0,1,0,0,0,0,0,0,31,24
19601,0:1:1;0:2:1;0:2:2;0:3:2,2,5,0,0,0,1,0,0,0,0,0,0,35,24
19602,0:1:1;0:2:1;0:2:2;0:3:2,3,0,0,0,0,1,0,0,0,0,0,0,1,24
19603,0:1:1;0:2:1;0:2:2;0:3:2,3,1,0,0,0,1,0,0,0,0,0,0,5,24
19604,0:1:1;0:2:1;0:2:2;0:3:2,3,2,0,0,0,1,0,0,0,0,0,0,13,24
19605,0:1:1;0:2:1;0:2:2;0:3:2,3,3,0,0,0,1,0,0,0,0,0,0,23,24
19606,0:1:1;0:2:1;0:2:2;0:3:2,3,4,0,0,0,1,0,0,0,0,0,0,31,24
19607,0:1:1;0:2:1;0:2:2;0:3:2,3,5,0,0,0,1,0,0,0,0,0,0,35,24
19608,0:1:1;0:2:1;0:2:2;0:3:2,4,0,0,0,0,1,0,0,0,0,0,0,1,24
19609,0:1:1;0:2:1;0:2:2;0:3:2,4,1,0,0,0,1,0,0,0,0,0,0,5,24
19610,0:1:1;0:2:1;0:2:2;0:3:2,4,2,0,0,0,1,0,0,0,0,0,0,13,24
19611,0:1:1;0:2:1;0:2:2;0:3:2,4,3,0,0,0,1,0,0,0,0,0,0,23,24
19612,0:1:1;0:2:1;0:2:2;0:3:2,4,4,0,0,0,1,0,0,0,0,0,0,31,24
19613,0:1:1;0:2:1;0:2:2;0:3:2,4,5,0,0,0,1,0,0,0,0,0,0,35,24
19614,0:1:1;0:2:1;0:2:2;0:3:2,5,0,0,0,0,1,0,0,0,0,0,0,1,24
19615,0:1:1;0:2:1;0:2:2;0:3:2,5,1,0,0,0,1,0,0,0,0,0,0,5,24
19616,0:1:1;0:2:1;0:2:2;0:3:2,5,2,0,0,0,1,0,0,0,0,0,0,13,24
19617,0:1:1;0:2:1;0:2:2;0:3:2,5,3,0,0,0,1,0,0,0,0,0,0,23,24
19618,0:1:1;0:2:1;0:2:2;0:3:2,5,4,0,0,0,1,0,0,0,0,0,0,31,24
19619,0:1:1;0:2:1;0:2:2;0:3:2,5,5,0,0,0,1,0,0,0,0,0,0,35,24
19620,0:1:1;0:2:1;0:2:2;0:3:3,0,0,0,0,0,1,0,0,0,0,0,0,1,24
19621,0:1:1;0:2:1;0:2:2;0:3:3,0,1,0,0,0,1,0,0,0,0,0,0,5,24
19622,0:1:1;0:2:1;0:2:2;0:3:3,0,2,0,0,0,1,0,0,0,0,0,0,13,24
19623,0:1:1;0:2:1;0:2:2;0:3:3,0,3,0,0,0,1,0,0,0,0,0,0,24,24
19624,0:1:1;0:2:1;0:2:2;0:3:3,0,4,0,0,0,1,0,0,0,0,0,0,35,24
19625,0:1:1;0:2:1;0:2:2;0:3:3,0,5,0,0,0,1,0,0,0,0,0,0,43,24
19626,0:1:1;0:2:1;0:2:2;0:3:3,1,0,0,0,0,1,0,0,0,0,0,0,1,24
19627,0:1:1;0:2:1;0:2:2;0:3:3,1,1,0,0,0,1,0,0,0,0,0,0,5,24
19628,0:1:1;0:2:1;0:2:2;0:3:3,1,2,0,0,0,1,0,0,0,0,0,0,13,24
19629,0:1:1;0:2:1;0:2:2;0:3:3,1,3,0,0,0,1,0,0,0,0,0,0,24,24
19630,0:1:1;0:2:1;0:2:2;0:3:3,1,4,0,0,0,1,0,0,0,0,0,0,35,24
19631,0:1:1;0:2:1;0:2:2;0:3:3,1,5,0,0,0,1,0,0,0,0,0,0,43,24
19632,0:1:1;0:2:1;0:2:2;0:3:3,2,0,0,0,0,1,0,0,0,0,0,0,1,24
19633,0:1:1;0:2:1;0:2:2;0:3:3,2,1,0,0,0,1,0,0,0,0,0,0,5,24
19634,0:1:1;0:2:1;0:2:2;0:3:3,2,2,0,0,0,1,0,0,0,0,0,0,13,24
19635,0:1:1;0:2:1;0:2:2;0:3:3,2,3,0,0,0,1,0,0,0,0,0,0,24,24
19636,0:1:1;0:2:1;0:2:2;0:3:3,2,4,0,0,0,1,0,0,0,0,0,0,35,24
19637,0:1:1;0:2:1;0:2:2;0:3:3,2,5,0,0,0,1,0,0,0,0,0,0,43,24
19638,0:1:1;0:2:1;0:2:2;0:3:3,3,0,0,0,0,1,0,0,0,0,0,0,1,24
19639,0:1:1;0:2:1;0:2:2;0:3:3,3,1,0,0,0,1,0,0,0,0,0,0,5,24
19640,0:1:1;0:2:1;0:2:2;0:3:3,3,2,0,0,0,1,0,0,0,0,0,0,13,24
19641,0:1:1;0:2:1;0:2:2;0:3:3,3,3,0,0,0,1,0,0,0,0,0,0,24,24
19642,0:1:1;0:2:1;0:2:2;0:3:3,3,4,0,0,0,1,0,0,0,0,0,0,35,24
19643,0:1:1;0:2:1;0:2:2;0:3:3,3,5,0,0,0,1,0,0,0,0,0,0,43,24
19644,0:1:1;0:2:1;0:2:2;0:3:3,4,0,0,0,0,1,0,0,0,0,0,0,1,24
19645,0:1:1;0:2:1;0:2:2;0:3:3,4,1,0,0,0,1,0,0,0,0,0,0,5,24
19646,0:1:1;0:2:1;0:2:2;0:3:3,4,2,0,0,0,1,0,0,0,0,0,0,13,24
19647,0:1:1;0:2:1;0:2:2;0:3:3,4,3,0,0,0,1,0,0,0,0,0,0,24,24
19648,0:1:1;0:2:1;0:2:2;0:3:3,4,4,0,0,0,1,0,0,0,0,0,0,35,24
19649,0:1:1;0:2:1;0:2:2;0:3:3,4,5,0,0,0,1,0,0,0,0,0,0,43,24
19650,0:1:1;0:2:1;0:2:2;0:3:3,5,0,0,0,0,1,0,0,0,0,0,0,1,24
19651,0:1:1;0:2:1;0:2:2;0:3:3,5,1,0,0,0,1,0,0,0,0,0,0,5,24
19652,0:1:1;0:2:1;0:2:2;0:3:3,5,2,0,0,0,1,0,0,0,0,0,0,13,24
19653,0:1:1;0:2:1;0:2:2;0:3:3,5,3,0,0,0,1,0,0,0,0,0,0,24,24
19654,0:1:1;0:2:1;0:2:2;0:3:3,5,4,0,0,0,1,0,0,0,0,0,0,35,24
19655,0:1:1;0:2:1;0:2:2;0:3:3,5,5,0,0,0,1,0,0,0,0,0,0,43,24
19656,0:1:1;0:2:1;0:2:2;0:4:3,0,0,0,0,0,1,0,0,0,0,0,0,1,24
19657,0:1:1;0:2:1;0:2:2;0:4:3,0,1,0,0,0,1,0,0,0,0,0,0,5,24
19658,0:1:1;0:2:1;0:2:2;0:4:3,0,2,0,0,0,1,0,0,0,0,0,0,13,24
19659,0:1:1;0:2:1;0:2:2;0:4:3,0,3,0,0,0,1,0,0,0,0,0,0,24,24
19660,0:1:1;0:2:1;0:2:2;0:4:3,0,4,0,0,0,1,0,0,0,0,0,0,35,24
19661,0:1:1;0:2:1;0:2:2;0:4:3,0,5,0,0,0,1,0,0,0,0,0,0,43,24
19662,0:1:1;0:2:1;0:2:2;0:4:3,1,0,0,0,0,1,0,0,0,0,0,0,1,24
19663,0:1:1;0:2:1;0:2:2;0:4:3,1,1,0,0,0,1,0,0,0,0,0,0,5,24
19664,0:1:1;0:2:1;0:2:2;0:4:3,1,2,0,0,0,1,0,0,0,0,0,0,13,24
19665,0:1:1;0:2:1;0:2:2;0:4:3,1,3,0,0,0,1,0,0,0,0,0,0,24,24
19666,0:1:1;0:2:1;0:2:2;0:4:3,1,4,0,0,0,1,0,0,0,0,0,0,35,24
19667,0:1:1;0:2:1;0:2:2;0:4:3,1,5,0,0,0,1,0,0,0,0,0,0,43,24
19668,0:1:1;0:2:1;0:2:2;0:4:3,2,0,0,0,0,1,0,0,0,0,0,0,1,24
19669,0:1:1;0:2:1;0:2:2;0:4:3,2,1,0,0,0,1,0,0,0,0,0,0,5,24
19670,0:1:1;0:2:1;0:2:2;0:4:3,2,2,0,0,0,1,0,0,0,0,0,0,13,24
19671,0:1:1;0:2:1;0:2:2;0:4:3,2,3,0,0,0,1,0,0,0,0,0,0,24,24
19672,0:1:1;0:2:1;0:2:2;0:4:3,2,4,0,0,0,1,0,0,0,0,0,0,35,24
19673,0:1:1;0:2:1;0:2:2;0:4:3,2,5,0,0,0,1,0,0,0,0,0,0,43,24
19674,0:1:1;0:2:1;0:2:2;0:4:3,3,0,0,0,0,1,0,0,0,0,0,0,1,24
19675,0:1:1;0:2:1;0:2:2;0:4:3,3,1,0,0,0,1,0,0,0,0,0,0,5,24
19676,0:1:1;0:2:1;0:2:2;0:4:3,3,2,0,0,0,1,0,0,0,0,0,0,13,24
19677,0:1:1;0:2:1;0:2:2;0:4:3,3,3,0,0,0,1,0,0,0,0,0,0,24,24
19678,0:1:1;0:2:1;0:2:2;0:4:3,3,4,0,0,0,1,0,0,0,0,0,0,35,24
19679,0:1:1;0:2:1;0:2:2;0:4:3,3,5,0,0,0,1,0,0,0,0,0,0,43,24
19680,0:1:1;0:2:1;0:2:2;0:4:3,4,0,0,0,0,1,0,0,0,0,0,0,1,24
19681,0:1:1;0:2:1;0:2:2;0:4:3,4,1,0,0,0,1,0,0,0,0,0,0,5,24
19682,0:1:1;0:2:1;0:2:2;0:4:3,4,2,0,0,0,1,0,0,0,0,0,0,13,24
19683,0:1:1;0:2:1;0:2:2;0:4:3,4,3,0,0,0,1,0,0,0,0,0,0,24,24
19684,0:1:1;0:2:1;0:2:2;0:4:3,4,4,0,0,0,1,0,0,0,0,0,0,35,24
19685,0:1:1;0:2:1;0:2:2;0:4:3,4,5,0,0,0,1,0,0,0,0,0,0,43,24
19686,0:1:1;0:2:1;0:2:2;0:4:3,5,0,0,0,0,1,0,0,0,0,0,0,1,24
19687,0:1:1;0:2:1;0:2:2;0:4:3,5,1,0,0,0,1,0,0,0,0,0,0,5,24
19688,0:1:1;0:2:1;0:2:2;0:4:3,5,2,0,0,0,1,0,0,0,0,0,0,13,24
19689,0:1:1;0:2:1;0:2:2;0:4:3,5,3,0,0,0,1,0,0,0,0,0,0,24,24
19690,0:1:1;0:2:1;0:2:2;0:4:3,5,4,0,0,0,1,0,0,0,0,0,0,35,24
19691,0:1:1;0:2:1;0:2:2;0:4:3,5,5,0,0,0,1,0,0,0,0,0,0,43,24
19692,0:1:1;0:2:1;0:2:2;1:1:1,0,0,0,0,0,1,0,0,0,0,0,0,1,24
19693,0:1:1;0:2:1;0:2:2;1:1:1,0,1,0,0,0,1,0,0,0,0,0,0,9,24
19694,0:1:1;0:2:1;0:2:2;1:1:1,0,2,0,0,0,1,0,0,0,0,0,0,17,24
19695,0:1:1;0:2:1;0:2:2;1:1:1,0,3,1,1,1,0,1,1,1,1,1,5,6,2
19696,0:1:1;0:2:1;0:2:2;1:1:1,0,4,1,1,1,0,1,1,1,1,1,5,6,1
19697,0:1:1;0:2:1;0:2:2;1:1:1,0,5,1,1,1,0,1,1,1,1,1,5,6,1
19698,0:1:1;0:2:1;0:2:2;1:1:1,1,0,0,0,0,1,0,0,0,0,0,0,5,24
19699,0:1:1;0:2:1;0:2:2;1:1:1,1,1,0,0,0,1,0,0,0,0,0,0,12,24
19700,0:1:1;0:2:1;0:2:2;1:1:1,1,2,0,0,0,1,0,0,0,0,0,0,19,24
19701,0:1:1;0:2:1;0:2:2;1:1:1,1,3,1,1,1,0,1,1,1,1,1,5,6,2
19702,0:1:1;0:2:1;0:2:2;1:1:1,1,4,1,1,1,0,1,1,1,1,1,5,6,1
19703,0:1:1;0:2:1;0:2:2;1:1:1,1,5,1,1,1,0,1,1,1,1,1,5,6,1
19704,0:1:1;0:2:1;0:2:2;1:1:1,2,0,0,0,0,1,0,0,0,0,0,0,5,24
19705,0:1:1;0:2:1;0:2:2;1:1:1,2,1,0,0,0,1,0,0,0,0,0,0,12,24
19706,0:1:1;0:2:1;0:2:2;1:1:1,2,2,0,0,0,1,0,0,0,0,0,0,19,24
19707,0:1:1;0:2:1;0:2:2;1:1:1,2,3,1,1,1,0,1,1,1,1,1,5,6,2
19708,0:1:1;0:2:1;0:2:2;1:1:1,2,4,1,1,1,0,1,1,1,1,1,5,6,1
19709,0:1:1;0:2:1;0:2:2;1:1:1,2,5,1,1,1,0,1,1,1,1,1,5,6,1
19710,0:1:1;0:2:1;0:2:2;1:1:1,3,0,0,0,0,1,0,0,0,0,0,0,5,24
19711,0:1:1;0:2:1;0:2:2;1:1:1,3,1,0,0,0,1,0,0,0,0,0,0,12,24
19712,0:1:1;0:2:1;0:2:2;1:1:1,3,2,0,0,0,1,0,0,0,0,0,0,19,24
19713,0:1:1;0:2:1;0:2:2;1:1:1,3,3,1,1,1,0,1,1,1,1,1,5,6,2
19714,0:1:1;0:2:1;0:2:2;1:1:1,3,4,1,1,1,0,1,1,1,1,1,5,6,1
19715,0:1:1;0:2:1;0:2:2;1:1:1,3,5,1,1,1,0,1,1,1,1,1,5,6,1
19716,0:1:1;0:2:1;0:2:2;1:1:1,4,0,0,0,0,1,0,0,0,0,0,0,5,24
19717,0:1:1;0:2:1;0:2:2;1:1:1,4,1,0,0,0,1,0,0,0,0,0,0,12,24
19718,0:1:1;0:2:1;0:2:2;1:1:1,4,2,0,0,0,1,0,0,0,0,0,0,19,24
19719,0:1:1;0:2:1;0:2:2;1:1:1,4,3,1,1,1,0,1,1,1,1,1,5,6,2
19720,0:1:1;0:2:1;0:2:2;1:1:1,4,4,1,1,1,0,1,1,1,1,1,5,6,1
19721,0:1:1;0:2:1;0:2:2;1:1:1,4,5,1,1,1,0,1,1,1,1,1,5,6,1
19722,0:1:1;0:2:1;0:2:2;1:1:1,5,0,0,0,0,1,0,0,0,0,0,0,5,24
19723,0:1:1;0:2:1;0:2:2;1:1:1,5,1,0,0,0,1,0,0,0,0,0,0,12,24
19724,0:1:1;0:2:1;0:2:2;1:1:1,5,2,0,0,0,1,0,0,0,0,0,0,19,24
19725,0:1:1;0:2:1;0:2:2;1:1:1,5,3,1,1,1,0,1,1,1,1,1,5,6,2
19726,0:1:1;0:2:1;0:2:2;1:1:1,5,4,1,1,1,0,1,1,1,1,1,5,6,1
19727,0:1:1;0:2:1;0:2:2;1:1:1,5,5,1,1,1,0,1,1,1,1,1,5,6,1
19728,0:1:1;0:2:1;0:2:2;1:2:1,0,0,0,0,0,1,0,0,0,0,0,0,1,24
19729,0:1:1;0:2:1;0:2:2;1:2:1,0,1,0,0,0,1,0,0,0,0,0,0,12,24
19730,0:1:1;0:2:1;0:2:2;1:2:1,0,2,1,1,1,0,1,1,1,1,1,5,6,2
19731,0:1:1;0:2:1;0:2:2;1:2:1,0,3,1,1,1,0,1,1,1,1,1,5,6,2
19732,0:1:1;0:2:1;0:2:2;1:2:1,0,4,1,1,1,0,1,1,1,1,1,5,6,1
19733,0:1:1;0:2:1;0:2:2;1:2:1,0,5,1,1,1,0,1,1,1,1,1,5,6,1
19734,0:1:1;0:2:1;0:2:2;1:2:1,1,0,0,0,0,1,0,0,0,0,0,0,9,24
19735,0:1:1;0:2:1;0:2:2;1:2:1,1,1,0,0,0,1,0,0,0,0,0,0,15,24
19736,0:1:1;0:2:1;0:2:2;1:2:1,1,2,1,1,1,0,1,1,1,1,1,5,6,2
19737,0:1:1;0:2:1;0:2:2;1:2:1,1,3,1,1,1,0,1,1,1,1,1,5,6,2
19738,0:1:1;0:2:1;0:2:2;1:2:1,1,4,1,1,1,0,1,1,1,1,1,5,6,1
19739,0:1:1;0:2:1;0:2:2;1:2:1,1,5,1,1,1,0,1,1,1,1,1,5,6,1
19740,0:1:1;0:2:1;0:2:2;1:2:1,2,0,0,0,0,1,0,0,0,0,0,0,9,24
19741,0:1:1;0:2:1;0:2:2;1:2:1,2,1,0,0,0,1,0,0,0,0,0,0,15,24
19742,0:1:1;0:2:1;0:2:2;1:2:1,2,2,1,1,1,0,1,1,1,1,1,5,6,2
19743,0:1:1;0:2:1;0:2:2;1:2:1,2,3,1,1,1,0,1,1,1,1,1,5,6,2
19744,0:1:1;0:2:1;0:2:2;1:2:1,2,4,1,1,1,0,1,1,1,1,1,5,6,1
19745,0:1:1;0:2:1;0:2:2;1:2:1,2,5,1,1,1,0,1,1,1,1,1,5,6,1
19746,0:1:1;0:2:1;0:2:2;1:2:1,3,0,0,0,0,1,0,0,0,0,0,0,9,24
19747,0:1:1;0:2:1;0:2:2;1:2:1,3,1,0,0,0,1,0,0,0,0,0,0,15,24
19748,0:1:1;0:2:1;0:2:2;1:2:1,3,2,1,1,1,0,1,1,1,1,1,5,6,2
19749,0:1:1;0:2:1;0:2:2;1:2:1,3,3,1,1,1,0,1,1,1,1,1,5,6,2
19750,0:1:1;0:2:1;0:2:2;1:2:1,3,4,1,1,1,0,1,1,1,1,1,5,6,1
19751,0:1:1;0:2:1;0:2:2;1:2:1,3,5,1,1,1,0,1,1,1,1,1,5,6,1
19752,0:1:1;0:2:1;0:2:2;1:2:1,4,0,0,0,0,1,0,0,0,0,0,0,9,24
19753,0:1:1;0:2:1;0:2:2;1:2:1,4,1,0,0,0,1,0,0,0,0,0,0,15,24
19754,0:1:1;0:2:1;0:2:2;1:2:1,4,2,1,1,1,0,1,1,1,1,1,5,6,2
19755,0:1:1;0:2:1;0:2:2;1:2:1,4,3,1,1,1,0,1,1,1,1,1,5,6,2
19756,0:1:1;0:2:1;0:2:2;1:2:1,4,4,1,1,1,0,1,1,1,1,1,5,6,1
19757,0:1:1;0:2:1;0:2:2;1:2:1,4,5,1,1,1,0,1,1,1,1,1,5,6,1
19758,0:1:1;0:2:1;0:2:2;1:2:1,5,0,0,0,0,1,0,0,0,0,0,0,9,24
19759,0:1:1;0:2:1;0:2:2;1:2:1,5,1,0,0,0,1,0,0,0,0,0,0,15,24
19760,0:1:1;0:2:1;0:2:2;1:2:1,5,2,1,1,1,0,1,1,1,1,1,5,6,2
19761,0:1:1;0:2:1;0:2:2;1:2:1,5,3,1,1,1,0,1,1,1,1,1,5,6,2
19762,0:1:1;0:2:1;0:2:2;1:2:1,5,4,1,1,1,0,1,1,1,1,1,5,6,1
19763,0:1:1;0:2:1;0:2:2;1:2:1,5,5,1,1,1,0,1,1,1,1,1,5,6,1
19764,0:1:1;0:2:1;0:2:2;1:2:2,0,0,0,0,0,1,0,0,0,0,0,0,1,24
19765,0:1:1;0:2:1;0:2:2;1:2:2,0,1,0,0,0,1,0,0,0,0,0,0,11,24
19766,0:1:1;0:2:1;0:2:2;1:2:2,0,2,1,1,0,0,1,1,1,1,1,5,7,2
19767,0:1:1;0:2:1;0:2:2;1:2:2,0,3,1,1,1,0,1,1,1,1,1,5,7,2
19768,0:1:1;0:2:1;0:2:2;1:2:2,0,4,1,1,1,0,1,1,1,1,1,5,7,1
19769,0:1:1;0:2:1;0:2:2;1:2:2,0,5,1,1,1,0,1,1,1,1,1,5,7,1
19770,0:1:1;0:2:1;0:2:2;1:2:2,1,0,0,0,0,1,0,0,0,0,0,0,2,24
19771,0:1:1;0:2:1;0:2:2;1:2:2,1,1,0,0,0,1,0,0,0,0,0,0,16,24
19772,0:1:1;0:2:1;0:2:2;1:2:2,1,2,1,1,1,0,1,1,1,1,1,5,7,2
19773,0:1:1;0:2:1;0:2:2;1:2:2,1,3,1,1,1,0,1,1,1,1,1,5,7,2
19774,0:1:1;0:2:1;0:2:2;1:2:2,1,4,1,1,1,0,1,1,1,1,1,5,7,1
19775,0:1:1;0:2:1;0:2:2;1:2:2,1,5,1,1,1,0,1,1,1,1,1,5,7,1
19776,0:1:1;0:2:1;0:2:2;1:2:2,2,0,0,0,0,1,0,0,0,0,0,0,10,24
19777,0:1:1;0:2:1;0:2:2;1:2:2,2,1,0,0,0,1,0,0,0,0,0,0,19,24
19778,0:1:1;0:2:1;0:2:2;1:2:2,2,2,1,1,1,0,1,1,1,1,1,5,7,2
19779,0:1:1;0:2:1;0:2:2;1:2:2,2,3,1,1,1,0,1,1,1,1,1,5,7,2
19780,0:1:1;0:2:1;0:2:2;1:2:2,2,4,1,1,1,0,1,1,1,1,1,5,7,1
19781,0:1:1;0:2:1;0:2:2;1:2:2,2,5,1,1,1,0,1,1,1,1,1,5,7,1
19782,0:1:1;0:2:1;0:2:2;1:2:2,3,0,0,0,0,1,0,0,0,0,0,0,10,24
19783,0:1:1;0:2:1;0:2:2;1:2:2,3,1,0,0,0,1,0,0,0,0,0,0,19,24
19784,0:1:1;0:2:1;0:2:2;1:2:2,3,2,1,1,1,0,1,1,1,1,1,5,7,2
19785,0:1:1;0:2:1;0:2:2;1:2:2,3,3,1,1,1,0,1,1,1,1,1,5,7,2
19786,0:1:1;0:2:1;0:2:2;1:2:2,3,4,1,1,1,0,1,1,1,1,1,5,7,1
19787,0:1:1;0:2:1;0:2:2;1:2:2,3,5,1,1,1,0,1,1,1,1,1,5,7,1
19788,0:1:1;0:2:1;0:2:2;1:2:2,4,0,0,0,0,1,0,0,0,0,0,0,10,24
19789,0:1:1;0:2:1;0:2:2;1:2:2,4,1,0,0,0,1,0,0,0,0,0,0,19,24
19790,0:1:1;0:2:1;0:2:2;1:2:2,4,2,1,1,1,0,1,1,1,1,1,5,7,2
19791,0:1:1;0:2:1;0:2:2;1:2:2,4,3,1,1,1,0,1,1,1,1,1,5,7,2
19792,0:1:1;0:2:1;0:2:2;1:2:2,4,4,1,1,1,0,1,1,1,1,1,5,7,1
19793,0:1:1;0:2:1;0:2:2;1:2:2,4,5,1,1,1,0,1,1,1,1,1,5,7,1
19794,0:1:1;0:2:1;0:2:2;1:2:2,5,0,0,0,0,1,0,0,0,0,0,0,10,24
19795,0:1:1;0:2:1;0:2:2;1:2:2,5,1,0,0,0,1,0,0,0,0,0,0,19,24
19796,0:1:1;0:2:1;0:2:2;1:2:2,5,2,1,1,1,0,1,1,1,1,1,5,7,2
19797,0:1:1;0:2:1;0:2:2;1:2:2,5,3,1,1,1,0,1,1,1,1,1,5,7,2
19798,0:1:1;0:2:1;0:2:2;1:2:2,5,4,1,1,1,0,1,1,1,1,1,5,7,1
19799,0:1:1;0:2:1;0:2:2;1:2:2,5,5,1,1,1,0,1,1,1,1,1,5,7,1
19800,0:1:1;0:2:1;0:2:2;1:3:2,0,0,0,0,0,1,0,0,0,0,0,0,1,24
19801,0:1:1;0:2:1;0:2:2;1:3:2,0,1,1,1,0,1,0,0,0,1,1,6,9,11
19802,0:1:1;0:2:1;0:2:2;1:3:2,0,2,1,1,0,0,1,1,1,1,1,5,7,2
19803,0:1:1;0:2:1;0:2:2;1:3:2,0,3,1,1,1,0,1,1,1,1,1,5,7,2
19804,0:1:1;0:2:1;0:2:2;1:3:2,0,4,1,1,1,0,1,1,1,1,1,5,7,1
19805,0:1:1;0:2:1;0:2:2;1:3:2,0,5,1,1,1,0,1,1,1,1,1,5,7,1
19806,0:1:1;0:2:1;0:2:2;1:3:2,1,0,0,0,0,1,0,0,0,0,0,0,2,24
19807,0:1:1;0:2:1;0:2:2;1:3:2,1,1,1,1,0,0,1,1,1,1,1,5,7,5
19808,0:1:1;0:2:1;0:2:2;1:3:2,1,2,1,1,1,0,1,1,1,1,1,5,7,2
19809,0:1:1;0:2:1;0:2:2;1:3:2,1,3,1,1,1,0,1,1,1,1,1,5,7,2
19810,0:1:1;0:2:1;0:2:2;1:3:2,1,4,1,1,1,0,1,1,1,1,1,5,7,1
19811,0:1:1;0:2:1;0:2:2;1:3:2,1,5,1,1,1,0,1,1,1,1,1,5,7,1
19812,0:1:1;0:2:1;0:2:2;1:3:2,2,0,0,0,0,1,0,0,0,0,0,0,13,24
19813,0:1:1;0:2:1;0:2:2;1:3:2,2,1,1,1,1,0,1,1,1,1,1,5,7,5
19814,0:1:1;0:2:1;0:2:2;1:3:2,2,2,1,1,1,0,1,1,1,1,1,5,7,2
19815,0:1:1;0:2:1;0:2:2;1:3:2,2,3,1,1,1,0,1,1,1,1,1,5,7,2
19816,0:1:1;0:2:1;0:2:2;1:3:2,2,4,1,1,1,0,1,1,1,1,1,5,7,1
19817,0:1:1;0:2:1;0:2:2;1:3:2,2,5,1,1,1,0,1,1,1,1,1,5,7,1
19818,0:1:1;0:2:1;0:2:2;1:3:2,3,0,0,0,0,1,0,0,0,0,0,0,13,24
19819,0:1:1;0:2:1;0:2:2;1:3:2,3,1,1,1,1,0,1,1,1,1,1,5,7,5
19820,0:1:1;0:2:1;0:2:2;1:3:2,3,2,1,1,1,0,1,1,1,1,1,5,7,2
19821,0:1:1;0:2:1;0:2:2;1:3:2,3,3,1,1,1,0,1,1,1,1,1,5,7,2
19822,0:1:1;0:2:1;0:2:2;1:3:2,3,4,1,1,1,0,1,1,1,1,1,5,7,1
19823,0:1:1;0:2:1;0:2:2;1:3:2,3,5,1,1,1,0,1,1,1,1,1,5,7,1
19824,0:1:1;0:2:1;0:2:2;1:3:2,4,0,0,0,0,1,0,0,0,0,0,0,13,24
19825,0:1:1;0:2:1;0:2:2;1:3:2,4,1,1,1,1,0,1,1,1,1,1,5,7,5
19826,0:1:1;0:2:1;0:2:2;1:3:2,4,2,1,1,1,0,1,1,1,1,1,5,7,2
19827,0:1:1;0:2:1;0:2:2;1:3:2,4,3,1,1,1,0,1,1,1,1,1,5,7,2
19828,0:1:1;0:2:1;0:2:2;1:3:2,4,4,1,1,1,0,1,1,1,1,1,5,7,1
19829,0:1:1;0:2:1;0:2:2;1:3:2,4,5,1,1,1,0,1,1,1,1,1,5,7,1
19830,0:1:1;0:2:1;0:2:2;1:3:2,5,0,0,0,0,1,0,0,0,0,0,0,13,24
19831,0:1:1;0:2:1;0:2:2;1:3:2,5,1,1,1,1,0,1,1,1,1,1,5,7,5
19832,0:1:1;0:2:1;0:2:2;1:3:2,5,2,1,1,1,0,1,1,1,1,1,5,7,2
19833,0:1:1;0:2:1;0:2:2;1:3:2,5,3,1,1,1,0,1,1,1,1,1,5,7,2
19834,0:1:1;0:2:1;0:2:2;1:3:2,5,4,1,1,1,0,1,1,1,1,1,5,7,1
19835,0:1:1;0:2:1;0:2:2;1:3:2,5,5,1,1,1,0,1,1,1,1,1,5,7,1
19836,0:1:1;0:2:1;0:2:2;1:3:3,0,0,0,0,0,1,0,0,0,0,0,0,1,24
19837,0:1:1;0:2:1;0:2:2;1:3:3,0,1,1,0,0,1,0,0,0,0,0,3,7,24
19838,0:1:1;0:2:1;0:2:2;1:3:3,0,2,1,1,0,1,1,1,0,1,1,5,8,2
19839,0:1:1;0:2:1;0:2:2;1:3:3,0,3,1,1,0,0,1,1,1,1,1,5,8,2
19840,0:1:1;0:2:1;0:2:2;1:3:3,0,4,1,1,1,0,1,1,1,1,1,5,8,1
19841,0:1:1;0:2:1;0:2:2;1:3:3,0,5,1,1,1,0,1,1,1,1,1,5,8,1
19842,0:1:1;0:2:1;0:2:2;1:3:3,1,0,0,0,0,1,0,0,0,0,0,0,2,24
19843,0:1:1;0:2:1;0:2:2;1:3:3,1,1,1,1,0,1,0,0,0,1,1,6,11,11
19844,0:1:1;0:2:1;0:2:2;1:3:3,1,2,1,1,0,0,1,1,1,1,1,5,8,2
19845,0:1:1;0:2:1;0:2:2;1:3:3,1,3,1,1,1,0,1,1,1,1,1,5,8,2
19846,0:1:1;0:2:1;0:2:2;1:3:3,1,4,1,1,1,0,1,1,1,1,1,5,8,1
19847,0:1:1;0:2:1;0:2:2;1:3:3,1,5,1,1,1,0,1,1,1,1,1,5,8,1
19848,0:1:1;0:2:1;0:2:2;1:3:3,2,0,0,0,0,1,0,0,0,0,0,0,3,24
19849,0:1:1;0:2:1;0:2:2;1:3:3,2,1,1,1,0,0,1,1,1,1,1,5,8,5
19850,0:1:1;0:2:1;0:2:2;1:3:3,2,2,1,1,1,0,1,1,1,1,1,5,8,2
19851,0:1:1;0:2:1;0:2:2;1:3:3,2,3,1,1,1,0,1,1,1,1,1,5,8,2
19852,0:1:1;0:2:1;0:2:2;1:3:3,2,4,1,1,1,0,1,1,1,1,1,5,8,1
19853,0:1:1;0:2:1;0:2:2;1:3:3,2,5,1,1,1,0,1,1,1,1,1,5,8,1
19854,0:1:1;0:2:1;0:2:2;1:3:3,3,0,0,0,0,1,0,0,0,0,0,0,14,24
19855,0:1:1;0:2:1;0:2:2;1:3:3,3,1,1,1,1,0,1,1,1,1,1,5,8,5
19856,0:1:1;0:2:1;0:2:2;1:3:3,3,2,1,1,1,0,1,1,1,1,1,5,8,2
19857,0:1:1;0:2:1;0:2:2;1:3:3,3,3,1,1,1,0,1,1,1,1,1,5,8,2
19858,0:1:1;0:2:1;0:2:2;1:3:3,3,4,1,1,1,0,1,1,1,1,1,5,8,1
19859,0:1:1;0:2:1;0:2:2;1:3:3,3,5,1,1,1,0,1,1,1,1,1,5,8,1
19860,0:1:1;0:2:1;0:2:2;1:3:3,4,0,0,0,0,1,0,0,0,0,0,0,14,24
19861,0:1:1;0:2:1;0:2:2;1:3:3,4,1,1,1,1,0,1,1,1,1,1,5,8,5
19862,0:1:1;0:2:1;0:2:2;1:3:3,4,2,1,1,1,0,1,1,1,1,1,5,8,2
19863,0:1:1;0:2:1;0:2:2;1:3:3,4,3,1,1,1,0,1,1,1,1,1,5,8,2
19864,0:1:1;0:2:1;0:2:2;1:3:3,4,4,1,1,1,0,1,1,1,1,1,5,8,1
19865,0:1:1;0:2:1;0:2:2;1:3:3,4,5,1,1,1,0,1,1,1,1,1,5,8,1
19866,0:1:1;0:2:1;0:2:2;1:3:3,5,0,0,0,0,1,0,0,0,0,0,0,14,24
19867,0:1:1;0:2:1;0:2:2;1:3:3,5,1,1,1,1,0,1,1,1,1,1,5,8,5
19868,0:1:1;0:2:1;0:2:2;1:3:3,5,2,1,1,1,0,1,1,1,1,1,5,8,2
19869,0:1:1;0:2:1;0:2:2;1:3:3,5,3,1,1,1,0,1,1,1,1,1,5,8,2
19870,0:1:1;0:2:1;0:2:2;1:3:3,5,4,1,1,1,0,1,1,1,1,1,5,8,1
19871,0:1:1;0:2:1;0:2:2;1:3:3,5,5,1,1,1,0,1,1,1,1,1,5,8,1
19872,0:1:1;0:2:1;0:2:2;1:4:3,0,0,1,0,0,1,0,0,0,0,0,1,1,24
19873,0:1:1;0:2:1;0:2:2;1:4:3,0,1,1,0,0,1,0,0,0,0,0,3,7,24
19874,0:1:1;0:2:1;0:2:2;1:4:3,0,2,1,1,0,1,1,1,0,1,1,5,8,2
19875,0:1:1;0:2:1;0:2:2;1:4:3,0,3,1,1,0,0,1,1,1,1,1,5,8,2
19876,0:1:1;0:2:1;0:2:2;1:4:3,0,4,1,1,1,0,1,1,1,1,1,5,8,1
19877,0:1:1;0:2:1;0:2:2;1:4:3,0,5,1,1,1,0,1,1,1,1,1,5,8,1
19878,0:1:1;0:2:1;0:2:2;1:4:3,1,0,1,0,0,1,0,0,0,0,0,1,2,24
19879,0:1:1;0:2:1;0:2:2;1:4:3,1,1,1,1,0,1,0,0,0,1,1,6,11,11
19880,0:1:1;0:2:1;0:2:2;1:4:3,1,2,1,1,0,0,1,1,1,1,1,5,8,2
19881,0:1:1;0:2:1;0:2:2;1:4:3,1,3,1,1,1,0,1,1,1,1,1,5,8,2
19882,0:1:1;0:2:1;0:2:2;1:4:3,1,4,1,1,1,0,1,1,1,1,1,5,8,1
19883,0:1:1;0:2:1;0:2:2;1:4:3,1,5,1,1,1,0,1,1,1,1,1,5,8,1
19884,0:1:1;0:2:1;0:2:2;1:4:3,2,0,1,0,0,1,0,0,0,0,0,1,3,24
19885,0:1:1;0:2:1;0:2:2;1:4:3,2,1,1,1,0,0,1,1,1,1,1,5,8,5
19886,0:1:1;0:2:1;0:2:2;1:4:3,2,2,1,1,1,0,1,1,1,1,1,5,8,2
19887,0:1:1;0:2:1;0:2:2;1:4:3,2,3,1,1,1,0,1,1,1,1,1,5,8,2
19888,0:1:1;0:2:1;0:2:2;1:4:3,2,4,1,1,1,0,1,1,1,1,1,5,8,1
19889,0:1:1;0:2:1;0:2:2;1:4:3,2,5,1,1,1,0,1,1,1,1,1,5,8,1
19890,0:1:1;0:2:1;0:2:2;1:4:3,3,0,1,1,0,0,1,1,1,1,1,5,8,19
19891,0:1:1;0:2:1;0:2:2;1:4:3,3,1,1,1,1,0,1,1,1,1,1,5,8,5
19892,0:1:1;0:2:1;0:2:2;1:4:3,3,2,1,1,1,0,1,1,1,1,1,5,8,2
19893,0:1:1;0:2:1;0:2:2;1:4:3,3,3,1,1,1,0,1,1,1,1,1,5,8,2
19894,0:1:1;0:2:1;0:2:2;1:4:3,3,4,1,1,1,0,1,1,1,1,1,5,8,1
19895,0:1:1;0:2:1;0:2:2;1:4:3,3,5,1,1,1,0,1,1,1,1,1,5,8,1
19896,0:1:1;0:2:1;0:2:2;1:4:3,4,0,1,1,1,0,1,1,1,1,1,5,8,19
19897,0:1:1;0:2:1;0:2:2;1:4:3,4,1,1,1,1,0,1,1,1,1,1,5,8,5
19898,0:1:1;0:2:1;0:2:2;1:4:3,4,2,1,1,1,0,1,1,1,1,1,5,8,2
19899,0:1:1;0:2:1;0:2:2;1:4:3,4,3,1,1,1,0,1,1,1,1,1,5,8,2
19900,0:1:1;0:2:1;0:2:2;1:4:3,4,4,1,1,1,0,1,1,1,1,1,5,8,1
19901,0:1:1;0:2:1;0:2:2;1:4:3,4,5,1,1,1,0,1,1,1,1,1,5,8,1
19902,0:1:1;0:2:1;0:2:2;1:4:3,5,0,1,1,1,0,1,1,1,1,1,5,8,19
19903,0:1:1;0:2:1;0:2:2;1:4:3,5,1,1,1,1,0,1,1,1,1,1,5,8,5
19904,0:1:1;0:2:1;0:2:2;1:4:3,5,2,1,1,1,0,1,1,1,1,1,5,8,2
19905,0:1:1;0:2:1;0:2:2;1:4:3,5,3,1,1,1,0,1,1,1,1,1,5,8,2
19906,0:1:1;0:2:1;0:2:2;1:4:3,5,4,1,1,1,0,1,1,1,1,1,5,8,1
19907,0:1:1;0:2:1;0:2:2;1:4:3,5,5,1,1,1,0,1,1,1,1,1,5,8,1
19908,0:1:1;0:2:1;0:3:2;0:3:2,0,0,0,0,0,1,0,0,0,0,0,0,1,24
19909,0:1:1;0:2:1;0:3:2;0:3:2,0,1,0,0,0,1,0,0,0,0,0,0,5,24
19910,0:1:1;0:2:1;0:3:2;0:3:2,0,2,0,0,0,1,0,0,0,0,0,0,13,24
19911,0:1:1;0:2:1;0:3:2;0:3:2,0,3,0,0,0,1,0,0,0,0,0,0,23,24
19912,0:1:1;0:2:1;0:3:2;0:3:2,0,4,0,0,0,1,0,0,0,0,0,0,31,24
19913,0:1:1;0:2:1;0:3:2;0:3:2,0,5,0,0,0,1,0,0,0,0,0,0,35,24
19914,0:1:1;0:2:1;0:3:2;0:3:2,1,0,0,0,0,1,0,0,0,0,0,0,1,24
19915,0:1:1;0:2:1;0:3:2;0:3:2,1,1,0,0,0,1,0,0,0,0,0,0,5,24
19916,0:1:1;0:2:1;0:3:2;0:3:2,1,2,0,0,0,1,0,0,0,0,0,0,13,24
19917,0:1:1;0:2:1;0:3:2;0:3:2,1,3,0,0,0,1,0,0,0,0,0,0,23,24
19918,0:1:1;0:2:1;0:3:2;0:3:2,1,4,0,0,0,1,0,0,0,0,0,0,31,24
19919,0:1:1;0:2:1;0:3:2;0:3:2,1,5,0,0,0,1,0,0,0,0,0,0,35,24
19920,0:1:1;0:2:1;0:3:2;0:3:2,2,0,0,0,0,1,0,0,0,0,0,0,1,24
19921,0:1:1;0:2:1;0:3:2;0:3:2,2,1,0,0,0,1,0,0,0,0,0,0,5,24
19922,0:1:1;0:2:1;0:3:2;0:3:2,2,2,0,0,0,1,0,0,0,0,0,0,13,24
19923,0:1:1;0:2:1;0:3:2;0:3:2,2,3,0,0,0,1,0,0,0,0,0,0,23,24
19924,0:1:1;0:2:1;0:3:2;0:3:2,2,4,0,0,0,1,0,0,0,0,0,0,31,24
19925,0:1:1;0:2:1;0:3:2;0:3:2,2,5,0,0,0,1,0,0,0,0,0,0,35,24
19926,0:1:1;0:2:1;0:3:2;0:3:2,3,0,0,0,0,1,0,0,0,0,0,0,1,24
19927,0:1:1;0:2:1;0:3:2;0:3:2,3,1,0,0,0,1,0,0,0,0,0,0,5,24
19928,0:1:1;0:2:1;0:3:2;0:3:2,3,2,0,0,0,1,0,0,0,0,0,0,13,24
19929,0:1:1;0:2:1;0:3:2;0:3:2,3,3,0,0,0,1,0,0,0,0,0,0,23,24
19930,0:1:1;0:2:1;0:3:2;0:3:2,3,4,0,0,0,1,0,0,0,0,0,0,31,24
19931,0:1:1;0:2:1;0:3:2;0:3:2,3,5,0,0,0,1,0,0,0,0,0,0,35,24
19932,0:1:1;0:2:1;0:3:2;0:3:2,4,0,0,0,0,1,0,0,0,0,0,0,1,24
19933,0:1:1;0:2:1;0:3:2;0:3:2,4,1,0,0,0,1,0,0,0,0,0,0,5,24
19934,0:1:1;0:2:1;0:3:2;0:3:2,4,2,0,0,0,1,0,0,0,0,0,0,13,24
19935,0:1:1;0:2:1;0:3:2;0:3:2,4,3,0,0,0,1,0,0,0,0,0,0,23,24
19936,0:1:1;0:2:1;0:3:2;0:3:2,4,4,0,0,0,1,0,0,0,0,0,0,31,24
19937,0:1:1;0:2:1;0:3:2;0:3:2,4,5,0,0,0,1,0,0,0,0,0,0,35,24
19938,0:1:1;0:2:1;0:3:2;0:3:2,5,0,0,0,0,1,0,0,0,0,0,0,1,24
19939,0:1:1;0:2:1;0:3:2;0:3:2,5,1,0,0,0,1,0,0,0,0,0,0,5,24
19940,0:1:1;0:2:1;0:3:2;0:3:2,5,2,0,0,0,1,0,0,0,0,0,0,13,24
19941,0:1:1;0:2:1;0:3:2;0:3:2,5,3,0,0,0,1,0,0,0,0,0,0,23,24
19942,0:1:1;0:2:1;0:3:2;0:3:2,5,4,0,0,0,1,0,0,0,0,0,0,31,24
19943,0:1:1;0:2:1;0:3:2;0:3:2,5,5,0,0,0,1,0,0,0,0,0,0,35,24
19944,0:1:1;0:2:1;0:3:2;0:3:3,0,0,0,0,0,1,0,0,0,0,0,0,1,24
19945,0:1:1;0:2:1;0:3:2;0:3:3,0,1,0,0,0,1,0,0,0,0,0,0,5,24
19946,0:1:1;0:2:1;0:3:2;0:3:3,0,2,0,0,0,1,0,0,0,0,0,0,13,24
19947,0:1:1;0:2:1;0:3:2;0:3:3,0,3,0,0,0,1,0,0,0,0,0,0,24,24
19948,0:1:1;0:2:1;0:3:2;0:3:3,0,4,0,0,0,1,0,0,0,0,0,0,35,24
19949,0:1:1;0:2:1;0:3:2;0:3:3,0,5,0,0,0,1,0,0,0,0,0,0,43,24
19950,0:1:1;0:2:1;0:3:2;0:3:3,1,0,0,0,0,1,0,0,0,0,0,0,1,24
19951,0:1:1;0:2:1;0:3:2;0:3:3,1,1,0,0,0,1,0,0,0,0,0,0,5,24
19952,0:1:1;0:2:1;0:3:2;0:3:3,1,2,0,0,0,1,0,0,0,0,0,0,13,24
19953,0:1:1;0:2:1;0:3:2;0:3:3,1,3,0,0,0,1,0,0,0,0,0,0,24,24
19954,0:1:1;0:2:1;0:3:2;0:3:3,1,4,0,0,0,1,0,0,0,0,0,0,35,24
19955,0:1:1;0:2:1;0:3:2;0:3:3,1,5,0,0,0,1,0,0,0,0,0,0,43,24
19956,0:1:1;0:2:1;0:3:2;0:3:3,2,0,0,0,0,1,0,0,0,0,0,0,1,24
19957,0:1:1;0:2:1;0:3:2;0:3:3,2,1,0,0,0,1,0,0,0,0,0,0,5,24
19958,0:1:1;0:2:1;0:3:2;0:3:3,2,2,0,0,0,1,0,0,0,0,0,0,13,24
19959,0:1:1;0:2:1;0:3:2;0:3:3,2,3,0,0,0,1,0,0,0,0,0,0,24,24
19960,0:1:1;0:2:1;0:3:2;0:3:3,2,4,0,0,0,1,0,0,0,0,0,0,35,24
19961,0:1:1;0:2:1;0:3:2;0:3:3,2,5,0,0,0,1,0,0,0,0,0,0,43,24
19962,0:1:1;0:2:1;0:3:2;0:3:3,3,0,0,0,0,1,0,0,0,0,0,0,1,24
19963,0:1:1;0:2:1;0:3:2;0:3:3,3,1,0,0,0,1,0,0,0,0,0,0,5,24
19964,0:1:1;0:2:1;0:3:2;0:3:3,3,2,0,0,0,1,0,0,0,0,0,0,13,24
19965,0:1:1;0:2:1;0:3:2;0:3:3,3,3,0,0,0,1,0,0,0,0,0,0,24,24
19966,0:1:1;0:2:1;0:3:2;0:3:3,3,4,0,0,0,1,0,0,0,0,0,0,35,24
19967,0:1:1;0:2:1;0:3:2;0:3:3,3,5,0,0,0,1,0,0,0,0,0,0,43,24
19968,0:1:1;0:2:1;0:3:2;0:3:3,4,0,0,0,0,1,0,0,0,0,0,0,1,24
19969,0:1:1;0:2:1;0:3:2;0:3:3,4,1,0,0,0,1,0,0,0,0,0,0,5,24
19970,0:1:1;0:2:1;0:3:2;0:3:3,4,2,0,0,0,1,0,0,0,0,0,0,13,24
19971,0:1:1;0:2:1;0:3:2;0:3:3,4,3,0,0,0,1,0,0,0,0,0,0,24,24
19972,0:1:1;0:2:1;0:3:2;0:3:3,4,4,0,0,0,1,0,0,0,0,0,0,35,24
19973,0:1:1;0:2:1;0:3:2;0:3:3,4,5,0,0,0,1,0,0,0,0,0,0,43,24
19974,0:1:1;0:2:1;0:3:2;0:3:3,5,0,0,0,0,1,0,0,0,0,0,0,1,24
19975,0:1:1;0:2:1;0:3:2;0:3:3,5,1,0,0,0,1,0,0,0,0,0,0,5,24
19976,0:1:1;0:2:1;0:3:2;0:3:3,5,2,0,0,0,1,0,0,0,0,0,0,13,24
19977,0:1:1;0:2:1;0:3:2;0:3:3,5,3,0,0,0,1,0,0,0,0,0,0,24,24
19978,0:1:1;0:2:1;0:3:2;0:3:3,5,4,0,0,0,1,0,0,0,0,0,0,35,24
19979,0:1:1;0:2:1;0:3:2;0:3:3,5,5,0,0,0,1,0,0,0,0,0,0,43,24
19980,0:1:1;0:2:1;0:3:2;0:4:3,0,0,0,0,0,1,0,0,0,0,0,0,1,24
19981,0:1:1;0:2:1;0:3:2;0:4:3,0,1,0,0,0,1,0,0,0,0,0,0,5,24
19982,0:1:1;0:2:1;0:3:2;0:4:3,0,2,0,0,0,1,0,0,0,0,0,0,13,24
19983,0:1:1;0:2:1;0:3:2;0:4:3,0,3,0,0,0,1,0,0,0,0,0,0,24,24
19984,0:1:1;0:2:1;0:3:2;0:4:3,0,4,0,0,0,1,0,0,0,0,0,0,35,24
19985,0:1:1;0:2:1;0:3:2;0:4:3,0,5,0,0,0,1,0,0,0,0,0,0,43,24
19986,0:1:1;0:2:1;0:3:2;0:4:3,1,0,0,0,0,1,0,0,0,0,0,0,1,24
19987,0:1:1;0:2:1;0:3:2;0:4:3,1,1,0,0,0,1,0,0,0,0,0,0,5,24
19988,0:1:1;0:2:1;0:3:2;0:4:3,1,2,0,0,0,1,0,0,0,0,0,0,13,24
19989,0:1:1;0:2:1;0:3:2;0:4:3,1,3,0,0,0,1,0,0,0,0,0,0,24,24
19990,0:1:1;0:2:1;0:3:2;0:4:3,1,4,0,0,0,1,0,0,0,0,0,0,35,24
19991,0:1:1;0:2:1;0:3:2;0:4:3,1,5,0,0,0,1,0,0,0,0,0,0,43,24
19992,0:1:1;0:2:1;0:3:2;0:4:3,2,0,0,0,0,1,0,0,0,0,0,0,1,24
19993,0:1:1;0:2:1;0:3:2;0:4:3,2,1,0,0,0,1,0,0,0,0,0,0,5,24
19994,0:1:1;0:2:1;0:3:2;0:4:3,2,2,0,0,0,1,0,0,0,0,0,0,13,24
19995,0:1:1;0:2:1;0:3:2;0:4:3,2,3,0,0,0,1,0,0,0,0,0,0,24,24
19996,0:1:1;0:2:1;0:3:2;0:4:3,2,4,0,0,0,1,0,0,0,0,0,0,35,24
19997,0:1:1;0:2:1;0:3:2;0:4:3,2,5,0,0,0,1,0,0,0,0,0,0,43,24
19998,0:1:1;0:2:1;0:3:2;0:4:3,3,0,0,0,0,1,0,0,0,0,0,0,1,24
19999,0:1:1;0:2:1;0:3:2;0:4:3,3,1,0,0,0,1,0,0,0,0,0,0,5,24
20000,0:1:1;0:2:1;0:3:2;0:4:3,3,2,0,0,0,1,0,0,0,0,0,0,13,24
20001,0:1:1;0:2:1;0:3:2;0:4:3,3,3,0,0,0,1,0,0,0,0,0,0,24,24
20002,0:1:1;0:2:1;0:3:2;0:4:3,3,4,0,0,0,1,0,0,0,0,0,0,35,24
20003,0:1:1;0:2:1;0:3:2;0:4:3,3,5,0,0,0,1,0,0,0,0,0,0,43,24
20004,0:1:1;0:2:1;0:3:2;0:4:3,4,0,0,0,0,1,0,0,0,0,0,0,1,24
20005,0:1:1;0:2:1;0:3:2;0:4:3,4,1,0,0,0,1,0,0,0,0,0,0,5,24
20006,0:1:1;0:2:1;0:3:2;0:4:3,4,2,0,0,0,1,0,0,0,0,0,0,13,24
20007,0:1:1;0:2:1;0:3:2;0:4:3,4,3,0,0,0,1,0,0,0,0,0,0,24,24
20008,0:1:1;0:2:1;0:3:2;0:4:3,4,4,0,0,0,1,0,0,0,0,0,0,35,24
20009,0:1:1;0:2:1;0:3:2;0:4:3,4,5,0,0,0,1,0,0,0,0,0,0,43,24
20010,0:1:1;0:2:1;0:3:2;0:4:3,5,0,0,0,0,1,0,0,0,0,0,0,1,24
20011,0:1:1;0:2:1;0:3:2;0:4:3,5,1,0,0,0,1,0,0,0,0,0,0,5,24
20012,0:1:1;0:2:1;0:3:2;0:4:3,5,2,0,0,0,1,0,0,0,0,0,0,13,24
20013,0:1:1;0:2:1;0:3:2;0:4:3,5,3,0,0,0,1,0,0,0,0,0,0,24,24
20014,0:1:1;0:2:1;0:3:2;0:4:3,5,4,0,0,0,1,0,0,0,0,0,0,35,24
20015,0:1:1;0:2:1;0:3:2;0:4:3,5,5,0,0,0,1,0,0,0,0,0,0,43,24
20016,0:1:1;0:2:1;0:3:2;1:1:1,0,0,0,0,0,1,0,0,0,0,0,0,1,24
20017,0:1:1;0:2:1;0:3:2;1:1:1,0,1,0,0,0,1,0,0,0,0,0,0,9,24
20018,0:1:1;0:2:1;0:3:2;1:1:1,0,2,0,0,0,1,0,0,0,0,0,0,17,24
20019,0:1:1;0:2:1;0:3:2;1:1:1,0,3,1,1,1,0,1,1,1,1,1,5,6,2
20020,0:1:1;0:2:1;0:3:2;1:1:1,0,4,1,1,1,0,1,1,1,1,1,5,6,1
20021,0:1:1;0:2:1;0:3:2;1:1:1,0,5,1,1,1,0,1,1,1,1,1,5,6,1
20022,0:1:1;0:2:1;0:3:2;1:1:1,1,0,0,0,0,1,0,0,0,0,0,0,5,24
20023,0:1:1;0:2:1;0:3:2;1:1:1,1,1,0,0,0,1,0,0,0,0,0,0,12,24
20024,0:1:1;0:2:1;0:3:2;1:1:1,1,2,0,0,0,1,0,0,0,0,0,0,19,24
20025,0:1:1;0:2:1;0:3:2;1:1:1,1,3,1,1,1,0,1,1,1,1,1,5,6,2
20026,0:1:1;0:2:1;0:3:2;1:1:1,1,4,1,1,1,0,1,1,1,1,1,5,6,1
20027,0:1:1;0:2:1;0:3:2;1:1:1,1,5,1,1,1,0,1,1,1,1,1,5,6,1
20028,0:1:1;0:2:1;0:3:2;1:1:1,2,0,0,0,0,1,0,0,0,0,0,0,5,24
20029,0:1:1;0:2:1;0:3:2;1:1:1,2,1,0,0,0,1,0,0,0,0,0,0,12,24
20030,0:1:1;0:2:1;0:3:2;1:1:1,2,2,0,0,0,1,0,0,0,0,0,0,19,24
20031,0:1:1;0:2:1;0:3:2;1:1:1,2,3,1,1,1,0,1,1,1,1,1,5,6,2
20032,0:1:1;0:2:1;0:3:2;1:1:1,2,4,1,1,1,0,1,1,1,1,1,5,6,1
20033,0:1:1;0:2:1;0:3:2;1:1:1,2,5,1,1,1,0,1,1,1,1,1,5,6,1
20034,0:1:1;0:2:1;0:3:2;1:1:1,3,0,0,0,0,1,0,0,0,0,0,0,5,24
20035,0:1:1;0:2:1;0:3:2;1:1:1,3,1,0,0,0,1,0,0,0,0,0,0,12,24
20036,0:1:1;0:2:1;0:3:2;1:1:1,3,2,0,0,0,1,0,0,0,0,0,0,19,24
20037,0:1:1;0:2:1;0:3:2;1:1:1,3,3,1,1,1,0,1,1,1,1,1,5,6,2
20038,0:1:1;0:2:1;0:3:2;1:1:1,3,4,1,1,1,0,1,1,1,1,1,5,6,1
20039,0:1:1;0:2:1;0:3:2;1:1:1,3,5,1,1,1,0,1,1,1,1,1,5,6,1
20040,0:1:1;0:2:1;0:3:2;1:1:1,4,0,0,0,0,1,0,0,0,0,0,0,5,24
20041,0:1:1;0:2:1;0:3:2;1:1:1,4,1,0,0,0,1,0,0,0,0,0,0,12,24
20042,0:1:1;0:2:1;0:3:2;1:1:1,4,2,0,0,0,1,0,0,0,0,0,0,19,24
20043,0:1:1;0:2:1;0:3:2;1:1:1,4,3,1,1,1,0,1,1,1,1,1,5,6,2
20044,0:1:1;0:2:1;0:3:2;1:1:1,4,4,1,1,1,0,1,1,1,1,1,5,6,1
20045,0:1:1;0:2:1;0:3:2;1:1:1,4,5,1,1,1,0,1,1,1,1,1,5,6,1
20046,0:1:1;0:2:1;0:3:2;1:1:1,5,0,0,0,0,1,0,0,0,0,0,0,5,24
20047,0:1:1;0:2:1;0:3:2;1:1:1,5,1,0,0,0,1,0,0,0,0,0,0,12,24
20048,0:1:1;0:2:1;0:3:2;1:1:1,5,2,0,0,0,1,0,0,0,0,0,0,19,24
20049,0:1:1;0:2:1;0:3:2;1:1:1,5,3,1,1,1,0,1,1,1,1,1,5,6,2
20050,0:1:1;0:2:1;0:3:2;1:1:1,5,4,1,1,1,0,1,1,1,1,1,5,6,1
20051,0:1:1;0:2:1;0:3:2;1:1:1,5,5,1,1,1,0,1,1,1,1,1,5,6,1
20052,0:1:1;0:2:1;0:3:2;1:2:1,0,0,0,0,0,1,0,0,0,0,0,0,1,24
20053,0:1:1;0:2:1;0:3:2;1:2:1,0,1,0,0,0,1,0,0,0,0,0,0,12,24
20054,0:1:1;0:2:1;0:3:2;1:2:1,0,2,1,1,1,0,1,1,1,1,1,5,6,2
20055,0:1:1;0:2:1;0:3:2;1:2:1,0,3,1,1,1,0,1,1,1,1,1,5,6,2
20056,0:1:1;0:2:1;0:3:2;1:2:1,0,4,1,1,1,0,1,1,1,1,1,5,6,1
20057,0:1:1;0:2:1;0:3:2;1:2:1,0,5,1,1,1,0,1,1,1,1,1,5,6,1
20058,0:1:1;0:2:1;0:3:2;1:2:1,1,0,0,0,0,1,0,0,0,0,0,0,9,24
20059,0:1:1;0:2:1;0:3:2;1:2:1,1,1,0,0,0,1,0,0,0,0,0,0,15,24
20060,0:1:1;0:2:1;0:3:2;1:2:1,1,2,1,1,1,0,1,1,1,1,1,5,6,2
20061,0:1:1;0:2:1;0:3:2;1:2:1,1,3,1,1,1,0,1,1,1,1,1,5,6,2
20062,0:1:1;0:2:1;0:3:2;1:2:1,1,4,1,1,1,0,1,1,1,1,1,5,6,1
20063,0:1:1;0:2:1;0:3:2;1:2:1,1,5,1,1,1,0,1,1,1,1,1,5,6,1
20064,0:1:1;0:2:1;0:3:2;1:2:1,2,0,0,0,0,1,0,0,0,0,0,0,9,24
20065,0:1:1;0:2:1;0:3:2;1:2:1,2,1,0,0,0,1,0,0,0,0,0,0,15,24
20066,0:1:1;0:2:1;0:3:2;1:2:1,2,2,1,1,1,0,1,1,1,1,1,5,6,2
20067,0:1:1;0:2:1;0:3:2;1:2:1,2,3,1,1,1,0,1,1,1,1,1,5,6,2
20068,0:1:1;0:2:1;0:3:2;1:2:1,2,4,1,1,1,0,1,1,1,1,1,5,6,1
20069,0:1:1;0:2:1;0:3:2;1:2:1,2,5,1,1,1,0,1,1,1,1,1,5,6,1
20070,0:1:1;0:2:1;0:3:2;1:2:1,3,0,0,0,0,1,0,0,0,0,0,0,9,24
20071,0:1:1;0:2:1;0:3:2;1:2:1,3,1,0,0,0,1,0,0,0,0,0,0,15,24
20072,0:1:1;0:2:1;0:3:2;1:2:1,3,2,1,1,1,0,1,1,1,1,1,5,6,2
20073,0:1:1;0:2:1;0:3:2;1:2:1,3,3,1,1,1,0,1,1,1,1,1,5,6,2
20074,0:1:1;0:2:1;0:3:2;1:2:1,3,4,1,1,1,0,1,1,1,1,1,5,6,1
20075,0:1:1;0:2:1;0:3:2;1:2:1,3,5,1,1,1,0,1,1,1,1,1,5,6,1
20076,0:1:1;0:2:1;0:3:2;1:2:1,4,0,0,0,0,1,0,0,0,0,0,0,9,24
20077,0:1:1;0:2:1;0:3:2;1:2:1,4,1,0,0,0,1,0,0,0,0,0,0,15,24
20078,0:1:1;0:2:1;0:3:2;1:2:1,4,2,1,1,1,0,1,1,1,1,1,5,6,2
20079,0:1:1;0:2:1;0:3:2;1:2:1,4,3,1,1,1,0,1,1,1,1,1,5,6,2
20080,0:1:1;0:2:1;0:3:2;1:2:1,4,4,1,1,1,0,1,1,1,1,1,5,6,1
20081,0:1:1;0:2:1;0:3:2;1:2:1,4,5,1,1,1,0,1,1,1,1,1,5,6,1
20082,0:1:1;0:2:1;0:3:2;1:2:1,5,0,0,0,0,1,0,0,0,0,0,0,9,24
20083,0:1:1;0:2:1;0:3:2;1:2:1,5,1,0,0,0,1,0,0,0,0,0,0,15,24
20084,0:1:1;0:2:1;0:3:2;1:2:1,5,2,1,1,1,0,1,1,1,1,1,5,6,2
20085,0:1:1;0:2:1;0:3:2;1:2:1,5,3,1,1,1,0,1,1,1,1,1,5,6,2
20086,0:1:1;0:2:1;0:3:2;1:2:1,5,4,1,1,1,0,1,1,1,1,1,5,6,1
20087,0:1:1;0:2:1;0:3:2;1:2:1,5,5,1,1,1,0,1,1,1,1,1,5,6,1
20088,0:1:1;0:2:1;0:3:2;1:2:2,0,0,0,0,0,1,0,0,0,0,0,0,1,24
20089,0:1:1;0:2:1;0:3:2;1:2:2,0,1,0,0,0,1,0,0,0,0,0,0,11,24
20090,0:1:1;0:2:1;0:3:2;1:2:2,0,2,1,1,0,0,1,1,1,1,1,5,7,2
20091,0:1:1;0:2:1;0:3:2;1:2:2,0,3,1,1,1,0,1,1,1,1,1,5,7,2
20092,0:1:1;0:2:1;0:3:2;1:2:2,0,4,1,1,1,0,1,1,1,1,1,5,7,1
20093,0:1:1;0:2:1;0:3:2;1:2:2,0,5,1,1,1,0,1,1,1,1,1,5,7,1
20094,0:1:1;0:2:1;0:3:2;1:2:2,1,0,0,0,0,1,0,0,0,0,0,0,2,24
20095,0:1:1;0:2:1;0:3:2;1:2:2,1,1,0,0,0,1,0,0,0,0,0,0,16,24
20096,0:1:1;0:2:1;0:3:2;1:2:2,1,2,1,1,1,0,1,1,1,1,1,5,7,2
20097,0:1:1;0:2:1;0:3:2;1:2:2,1,3,1,1,1,0,1,1,1,1,1,5,7,2
20098,0:1:1;0:2:1;0:3:2;1:2:2,1,4,1,1,1,0,1,1,1,1,1,5,7,1
20099,0:1:1;0:2:1;0:3:2;1:2:2,1,5,1,1,1,0,1,1,1,1,1,5,7,1
20100,0:1:1;0:2:1;0:3:2;1:2:2,2,0,0,0,0,1,0,0,0,0,0,0,10,24
20101,0:1:1;0:2:1;0:3:2;1:2:2,2,1,0,0,0,1,0,0,0,0,0,0,19,24
20102,0:1:1;0:2:1;0:3:2;1:2:2,2,2,1,1,1,0,1,1,1,1,1,5,7,2
20103,0:1:1;0:2:1;0:3:2;1:2:2,2,3,1,1,1,0,1,1,1,1,1,5,7,2
20104,0:1:1;0:2:1;0:3:2;1:2:2,2,4,1,1,1,0,1,1,1,1,1,5,7,1
20105,0:1:1;0:2:1;0:3:2;1:2:2,2,5,1,1,1,0,1,1,1,1,1,5,7,1
20106,0:1:1;0:2:1;0:3:2;1:2:2,3,0,0,0,0,1,0,0,0,0,0,0,10,24
20107,0:1:1;0:2:1;0:3:2;1:2:2,3,1,0,0,0,1,0,0,0,0,0,0,19,24
20108,0:1:1;0:2:1;0:3:2;1:2:2,3,2,1,1,1,0,1,1,1,1,1,5,7,2
20109,0:1:1;0:2:1;0:3:2;1:2:2,3,3,1,1,1,0,1,1,1,1,1,5,7,2
20110,0:1:1;0:2:1;0:3:2;1:2:2,3,4,1,1,1,0,1,1,1,1,1,5,7,1
20111,0:1:1;0:2:1;0:3:2;1:2:2,3,5,1,1,1,0,1,1,1,1,1,5,7,1
20112,0:1:1;0:2:1;0:3:2;1:2:2,4,0,0,0,0,1,0,0,0,0,0,0,10,24
20113,0:1:1;0:2:1;0:3:2;1:2:2,4,1,0,0,0,1,0,0,0,0,0,0,19,24
20114,0:1:1;0:2:1;0:3:2;1:2:2,4,2,1,1,1,0,1,1,1,1,1,5,7,2
20115,0:1:1;0:2:1;0:3:2;1:2:2,4,3,1,1,1,0,1,1,1,1,1,5,7,2
20116,0:1:1;0:2:1;0:3:2;1:2:2,4,4,1,1,1,0,1,1,1,1,1,5,7,1
20117,0:1:1;0:2:1;0:3:2;1:2:2,4,5,1,1,1,0,1,1,1,1,1,5,7,1
20118,0:1:1;0:2:1;0:3:2;1:2:2,5,0,0,0,0,1,0,0,0,0,0,0,10,24
20119,0:1:1;0:2:1;0:3:2;1:2:2,5,1,0,0,0,1,0,0,0,0,0,0,19,24
20120,0:1:1;0:2:1;0:3:2;1:2:2,5,2,1,1,1,0,1,1,1,1,1,5,7,2
20121,0:1:1;0:2:1;0:3:2;1:2:2,5,3,1,1,1,0,1,1,1,1,1,5,7,2
20122,0:1:1;0:2:1;0:3:2;1:2:2,5,4,1,1,1,0,1,1,1,1,1,5,7,1
20123,0:1:1;0:2:1;0:3:2;1:2:2,5,5,1,1,1,0,1,1,1,1,1,5,7,1
20124,0:1:1;0:2:1;0:3:2;1:3:2,0,0,0,0,0,1,0,0,0,0,0,0,1,24
20125,0:1:1;0:2:1;0:3:2;1:3:2,0,1,1,1,0,1,0,0,0,1,1,6,9,11
20126,0:1:1;0:2:1;0:3:2;1:3:2,0,2,1,1,0,0,1,1,1,1,1,5,7,2
20127,0:1:1;0:2:1;0:3:2;1:3:2,0,3,1,1,1,0,1,1,1,1,1,5,7,2
20128,0:1:1;0:2:1;0:3:2;1:3:2,0,4,1,1,1,0,1,1,1,1,1,5,7,1
20129,0:1:1;0:2:1;0:3:2;1:3:2,0,5,1,1,1,0,1,1,1,1,1,5,7,1
20130,0:1:1;0:2:1;0:3:2;1:3:2,1,0,0,0,0,1,0,0,0,0,0,0,2,24
20131,0:1:1;0:2:1;0:3:2;1:3:2,1,1,1,1,0,0,1,1,1,1,1,5,7,5
20132,0:1:1;0:2:1;0:3:2;1:3:2,1,2,1,1,1,0,1,1,1,1,1,5,7,2
20133,0:1:1;0:2:1;0:3:2;1:3:2,1,3,1,1,1,0,1,1,1,1,1,5,7,2
20134,0:1:1;0:2:1;0:3:2;1:3:2,1,4,1,1,1,0,1,1,1,1,1,5,7,1
20135,0:1:1;0:2:1;0:3:2;1:3:2,1,5,1,1,1,0,1,1,1,1,1,5,7,1
20136,0:1:1;0:2:1;0:3:2;1:3:2,2,0,0,0,0,1,0,0,0,0,0,0,13,24
20137,0:1:1;0:2:1;0:3:2;1:3:2,2,1,1,1,1,0,1,1,1,1,1,5,7,5
20138,0:1:1;0:2:1;0:3:2;1:3:2,2,2,1,1,1,0,1,1,1,1,1,5,7,2
20139,0:1:1;0:2:1;0:3:2;1:3:2,2,3,1,1,1,0,1,1,1,1,1,5,7,2
20140,0:1:1;0:2:1;0:3:2;1:3:2,2,4,1,1,1,0,1,1,1,1,1,5,7,1
20141,0:1:1;0:2:1;0:3:2;1:3:2,2,5,1,1,1,0,1,1,1,1,1,5,7,1
20142,0:1:1;0:2:1;0:3:2;1:3:2,3,0,0,0,0,1,0,0,0,0,0,0,13,24
20143,0:1:1;0:2:1;0:3:2;1:3:2,3,1,1,1,1,0,1,1,1,1,1,5,7,5
20144,0:1:1;0:2:1;0:3:2;1:3:2,3,2,1,1,1,0,1,1,1,1,1,5,7,2
20145,0:1:1;0:2:1;0:3:2;1:3:2,3,3,1,1,1,0,1,1,1,1,1,5,7,2
20146,0:1:1;0:2:1;0:3:2;1:3:2,3,4,1,1,1,0,1,1,1,1,1,5,7,1
20147,0:1:1;0:2:1;0:3:2;1:3:2,3,5,1,1,1,0,1,1,1,1,1,5,7,1
20148,0:1:1;0:2:1;0:3:2;1:3:2,4,0,0,0,0,1,0,0,0,0,0,0,13,24
20149,0:1:1;0:2:1;0:3:2;1:3:2,4,1,1,1,1,0,1,1,1,1,1,5,7,5
20150,0:1:1;0:2:1;0:3:2;1:3:2,4,2,1,1,1,0,1,1,1,1,1,5,7,2
20151,0:1:1;0:2:1;0:3:2;1:3:2,4,3,1,1,1,0,1,1,1,1,1,5,7,2
20152,0:1:1;0:2:1;0:3:2;1:3:2,4,4,1,1,1,0,1,1,1,1,1,5,7,1
20153,0:1:1;0:2:1;0:3:2;1:3:2,4,5,1,1,1,0,1,1,1,1,1,5,7,1
20154,0:1:1;0:2:1;0:3:2;1:3:2,5,0,0,0,0,1,0,0,0,0,0,0,13,24
20155,0:1:1;0:2:1;0:3:2;1:3:2,5,1,1,1,1,0,1,1,1,1,1,5,7,5
20156,0:1:1;0:2:1;0:3:2;1:3:2,5,2,1,1,1,0,1,1,1,1,1,5,7,2
20157,0:1:1;0:2:1;0:3:2;1:3:2,5,3,1,1,1,0,1,1,1,1,1,5,7,2
20158,0:1:1;0:2:1;0:3:2;1:3:2,5,4,1,1,1,0,1,1,1,1,1,5,7,1
20159,0:1:1;0:2:1;0:3:2;1:3:2,5,5,1,1,1,0,1,1,1,1,1,5,7,1
20160,0:1:1;0:2:1;0:3:2;1:3:3,0,0,0,0,0,1,0,0,0,0,0,0,1,24
20161,0:1:1;0:2:1;0:3:2;1:3:3,0,1,1,0,0,1,0,0,0,0,0,3,7,24
20162,0:1:1;0:2:1;0:3:2;1:3:3,0,2,1,1,0,0,1,1,1,1,1,5,8,2
20163,0:1:1;0:2:1;0:3:2;1:3:3,0,3,1,1,0,0,1,1,1,1,1,5,8,2
20164,0:1:1;0:2:1;0:3:2;1:3:3,0,4,1,1,1,0,1,1,1,1,1,5,8,1
20165,0:1:1;0:2:1;0:3:2;1:3:3,0,5,1,1,1,0,1,1,1,1,1,5,8,1
20166,0:1:1;0:2:1;0:3:2;1:3:3,1,0,0,0,0,1,0,0,0,0,0,0,2,24
20167,0:1:1;0:2:1;0:3:2;1:3:3,1,1,1,1,0,1,0,0,0,1,1,6,11,11
20168,0:1:1;0:2:1;0:3:2;1:3:3,1,2,1,1,0,0,1,1,1,1,1,5,8,2
20169,0:1:1;0:2:1;0:3:2;1:3:3,1,3,1,1,1,0,1,1,1,1,1,5,8,2
20170,0:1:1;0:2:1;0:3:2;1:3:3,1,4,1,1,1,0,1,1,1,1,1,5,8,1
20171,0:1:1;0:2:1;0:3:2;1:3:3,1,5,1,1,1,0,1,1,1,1,1,5,8,1
20172,0:1:1;0:2:1;0:3:2;1:3:3,2,0,0,0,0,1,0,0,0,0,0,0,3,24
20173,0:1:1;0:2:1;0:3:2;1:3:3,2,1,1,1,0,0,1,1,1,1,1,5,8,5
20174,0:1:1;0:2:1;0:3:2;1:3:3,2,2,1,1,1,0,1,1,1,1,1,5,8,2
20175,0:1:1;0:2:1;0:3:2;1:3:3,2,3,1,1,1,0,1,1,1,1,1,5,8,2
20176,0:1:1;0:2:1;0:3:2;1:3:3,2,4,1,1,1,0,1,1,1,1,1,5,8,1
20177,0:1:1;0:2:1;0:3:2;1:3:3,2,5,1,1,1,0,1,1,1,1,1,5,8,1
20178,0:1:1;0:2:1;0:3:2;1:3:3,3,0,0,0,0,1,0,0,0,0,0,0,14,24
20179,0:1:1;0:2:1;0:3:2;1:3:3,3,1,1,1,1,0,1,1,1,1,1,5,8,5
20180,0:1:1;0:2:1;0:3:2;1:3:3,3,2,1,1,1,0,1,1,1,1,1,5,8,2
20181,0:1:1;0:2:1;0:3:2;1:3:3,3,3,1,1,1,0,1,1,1,1,1,5,8,2
20182,0:1:1;0:2:1;0:3:2;1:3:3,3,4,1,1,1,0,1,1,1,1,1,5,8,1
20183,0:1:1;0:2:1;0:3:2;1:3:3,3,5,1,1,1,0,1,1,1,1,1,5,8,1
20184,0:1:1;0:2:1;0:3:2;1:3:3,4,0,0,0,0,1,0,0,0,0,0,0,14,24
20185,0:1:1;0:2:1;0:3:2;1:3:3,4,1,1,1,1,0,1,1,1,1,1,5,8,5
20186,0:1:1;0:2:1;0:3:2;1:3:3,4,2,1,1,1,0,1,1,1,1,1,5,8,2
20187,0:1:1;0:2:1;0:3:2;1:3:3,4,3,1,1,1,0,1,1,1,1,1,5,8,2
20188,0:1:1;0:2:1;0:3:2;1:3:3,4,4,1,1,1,0,1,1,1,1,1,5,8,1
20189,0:1:1;0:2:1;0:3:2;1:3:3,4,5,1,1,1,0,1,1,1,1,1,5,8,1
20190,0:1:1;0:2:1;0:3:2;1:3:3,5,0,0,0,0,1,0,0,0,0,0,0,14,24
20191,0:1:1;0:2:1;0:3:2;1:3:3,5,1,1,1,1,0,1,1,1,1,1,5,8,5
20192,0:1:1;0:2:1;0:3:2;1:3:3,5,2,1,1,1,0,1,1,1,1,1,5,8,2
20193,0:1:1;0:2:1;0:3:2;1:3:3,5,3,1,1,1,0,1,1,1,1,1,5,8,2
20194,0:1:1;0:2:1;0:3:2;1:3:3,5,4,1,1,1,0,1,1,1,1,1,5,8,1
20195,0:1:1;0:2:1;0:3:2;1:3:3,5,5,1,1,1,0,1,1,1,1,1,5,8,1
20196,0:1:1;0:2:1;0:3:2;1:4:3,0,0,1,0,0,1,0,0,0,0,0,1,1,24
20197,0:1:1;0:2:1;0:3:2;1:4:3,0,1,1,0,0,1,0,0,0,0,0,3,7,24
20198,0:1:1;0:2:1;0:3:2;1:4:3,0,2,1,1,0,0,1,1,1,1,1,5,8,2
20199,0:1:1;0:2:1;0:3:2;1:4:3,0,3,1,1,0,0,1,1,1,1,1,5,8,2
20200,0:1:1;0:2:1;0:3:2;1:4:3,0,4,1,1,1,0,1,1,1,1,1,5,8,1
20201,0:1:1;0:2:1;0:3:2;1:4:3,0,5,1,1,1,0,1,1,1,1,1,5,8,1
20202,0:1:1;0:2:1;0:3:2;1:4:3,1,0,1,0,0,1,0,0,0,0,0,1,2,24
20203,0:1:1;0:2:1;0:3:2;1:4:3,1,1,1,1,0,1,0,0,0,1,1,6,11,11
20204,0:1:1;0:2:1;0:3:2;1:4:3,1,2,1,1,0,0,1,1,1,1,1,5,8,2
20205,0:1:1;0:2:1;0:3:2;1:4:3,1,3,1,1,1,0,1,1,1,1,1,5,8,2
20206,0:1:1;0:2:1;0:3:2;1:4:3,1,4,1,1,1,0,1,1,1,1,1,5,8,1
20207,0:1:1;0:2:1;0:3:2;1:4:3,1,5,1,1,1,0,1,1,1,1,1,5,8,1
20208,0:1:1;0:2:1;0:3:2;1:4:3,2,0,1,0,0,1,0,0,0,0,0,1,3,24
20209,0:1:1;0:2:1;0:3:2;1:4:3,2,1,1,1,0,0,1,1,1,1,1,5,8,5
20210,0:1:1;0:2:1;0:3:2;1:4:3,2,2,1,1,1,0,1,1,1,1,1,5,8,2
20211,0:1:1;0:2:1;0:3:2;1:4:3,2,3,1,1,1,0,1,1,1,1,1,5,8,2
20212,0:1:1;0:2:1;0:3:2;1:4:3,2,4,1,1,1,0,1,1,1,1,1,5,8,1
20213,0:1:1;0:2:1;0:3:2;1:4:3,2,5,1,1,1,0,1,1,1,1,1,5,8,1
20214,0:1:1;0:2:1;0:3:2;1:4:3,3,0,1,1,0,0,1,1,1,1,1,5,8,19
20215,0:1:1;0:2:1;0:3:2;1:4:3,3,1,1,1,1,0,1,1,1,1,1,5,8,5
20216,0:1:1;0:2:1;0:3:2;1:4:3,3,2,1,1,1,0,1,1,1,1,1,5,8,2
20217,0:1:1;0:2:1;0:3:2;1:4:3,3,3,1,1,1,0,1,1,1,1,1,5,8,2
20218,0:1:1;0:2:1;0:3:2;1:4:3,3,4,1,1,1,0,1,1,1,1,1,5,8,1
20219,0:1:1;0:2:1;0:3:2;1:4:3,3,5,1,1,1,0,1,1,1,1,1,5,8,1
20220,0:1:1;0:2:1;0:3:2;1:4:3,4,0,1,1,1,0,1,1,1,1,1,5,8,19
20221,0:1:1;0:2:1;0:3:2;1:4:3,4,1,1,1,1,0,1,1,1,1,1,5,8,5
20222,0:1:1;0:2:1;0:3:2;1:4:3,4,2,1,1,1,0,1,1,1,1,1,5,8,2
20223,0:1:1;0:2:1;0:3:2;1:4:3,4,3,1,1,1,0,1,1,1,1,1,5,8,2
20224,0:1:1;0:2:1;0:3:2;1:4:3,4,4,1,1,1,0,1,1,1,1,1,5,8,1
20225,0:1:1;0:2:1;0:3:2;1:4:3,4,5,1,1,1,0,1,1,1,1,1,5,8,1
20226,0:1:1;0:2:1;0:3:2;1:4:3,5,0,1,1,1,0,1,1,1,1,1,5,8,19
20227,0:1:1;0:2:1;0:3:2;1:4:3,5,1,1,1,1,0,1,1,1,1,1,5,8,5
20228,0:1:1;0:2:1;0:3:2;1:4:3,5,2,1,1,1,0,1,1,1,1,1,5,8,2
20229,0:1:1;0:2:1;0:3:2;1:4:3,5,3,1,1,1,0,1,1,1,1,1,5,8,2
20230,0:1:1;0:2:1;0:3:2;1:4:3,5,4,1,1,1,0,1,1,1,1,1,5,8,1
20231,0:1:1;0:2:1;0:3:2;1:4:3,5,5,1,1,1,0,1,1,1,1,1,5,8,1
20232,0:1:1;0:2:1;0:3:3;0:3:3,0,0,0,0,0,1,0,0,0,0,0,0,1,24
20233,0:1:1;0:2:1;0:3:3;0:3:3,0,1,0,0,0,1,0,0,0,0,0,0,5,24
20234,0:1:1;0:2:1;0:3:3;0:3:3,0,2,0,0,0,1,0,0,0,0,0,0,13,24
20235,0:1:1;0:2:1;0:3:3;0:3:3,0,3,0,0,0,1,0,0,0,0,0,0,25,24
20236,0:1:1;0:2:1;0:3:3;0:3:3,0,4,0,0,0,1,0,0,0,0,0,0,39,24
20237,0:1:1;0:2:1;0:3:3;0:3:3,0,5,0,0,0,1,0,0,0,0,0,0,51,24
20238,0:1:1;0:2:1;0:3:3;0:3:3,1,0,0,0,0,1,0,0,0,0,0,0,1,24
20239,0:1:1;0:2:1;0:3:3;0:3:3,1,1,0,0,0,1,0,0,0,0,0,0,5,24
20240,0:1:1;0:2:1;0:3:3;0:3:3,1,2,0,0,0,1,0,0,0,0,0,0,13,24
20241,0:1:1;0:2:1;0:3:3;0:3:3,1,3,0,0,0,1,0,0,0,0,0,0,25,24
20242,0:1:1;0:2:1;0:3:3;0:3:3,1,4,0,0,0,1,0,0,0,0,0,0,39,24
20243,0:1:1;0:2:1;0:3:3;0:3:3,1,5,0,0,0,1,0,0,0,0,0,0,51,24
20244,0:1:1;0:2:1;0:3:3;0:3:3,2,0,0,0,0,1,0,0,0,0,0,0,1,24
20245,0:1:1;0:2:1;0:3:3;0:3:3,2,1,0,0,0,1,0,0,0,0,0,0,5,24
20246,0:1:1;0:2:1;0:3:3;0:3:3,2,2,0,0,0,1,0,0,0,0,0,0,13,24
20247,0:1:1;0:2:1;0:3:3;0:3:3,2,3,0,0,0,1,0,0,0,0,0,0,25,24
20248,0:1:1;0:2:1;0:3:3;0:3:3,2,4,0,0,0,1,0,0,0,0,0,0,39,24
20249,0:1:1;0:2:1;0:3:3;0:3:3,2,5,0,0,0,1,0,0,0,0,0,0,51,24
20250,0:1:1;0:2:1;0:3:3;0:3:3,3,0,0,0,0,1,0,0,0,0,0,0,1,24
20251,0:1:1;0:2:1;0:3:3;0:3:3,3,1,0,0,0,1,0,0,0,0,0,0,5,24
20252,0:1:1;0:2:1;0:3:3;0:3:3,3,2,0,0,0,1,0,0,0,0,0,0,13,24
20253,0:1:1;0:2:1;0:3:3;0:3:3,3,3,0,0,0,1,0,0,0,0,0,0,25,24
20254,0:1:1;0:2:1;0:3:3;0:3:3,3,4,0,0,0,1,0,0,0,0,0,0,39,24
20255,0:1:1;0:2:1;0:3:3;0:3:3,3,5,0,0,0,1,0,0,0,0,0,0,51,24
20256,0:1:1;0:2:1;0:3:3;0:3:3,4,0,0,0,0,1,0,0,0,0,0,0,1,24
20257,0:1:1;0:2:1;0:3:3;0:3:3,4,1,0,0,0,1,0,0,0,0,0,0,5,24
20258,0:1:1;0:2:1;0:3:3;0:3:3,4,2,0,0,0,1,0,0,0,0,0,0,13,24
20259,0:1:1;0:2:1;0:3:3;0:3:3,4,3,0,0,0,1,0,0,0,0,0,0,25,24
20260,0:1:1;0:2:1;0:3:3;0:3:3,4,4,0,0,0,1,0,0,0,0,0,0,39,24
20261,0:1:1;0:2:1;0:3:3;0:3:3,4,5,0,0,0,1,0,0,0,0,0,0,51,24
20262,0:1:1;0:2:1;0:3:3;0:3:3,5,0,0,0,0,1,0,0,0,0,0,0,1,24
20263,0:1:1;0:2:1;0:3:3;0:3:3,5,1,0,0,0,1,0,0,0,0,0,0,5,24
20264,0:1:1;0:2:1;0:3:3;0:3:3,5,2,0,0,0,1,0,0,0,0,0,0,13,24
20265,0:1:1;0:2:1;0:3:3;0:3:3,5,3,0,0,0,1,0,0,0,0,0,0,25,24
20266,0:1:1;0:2:1;0:3:3;0:3:3,5,4,0,0,0,1,0,0,0,0,0,0,39,24
20267,0:1:1;0:2:1;0:3:3;0:3:3,5,5,0,0,0,1,0,0,0,0,0,0,51,24
20268,0:1:1;0:2:1;0:3:3;0:4:3,0,0,0,0,0,1,0,0,0,0,0,0,1,24
20269,0:1:1;0:2:1;0:3:3;0:4:3,0,1,0,0,0,1,0,0,0,0,0,0,5,24
20270,0:1:1;0:2:1;0:3:3;0:4:3,0,2,0,0,0,1,0,0,0,0,0,0,13,24
20271,0:1:1;0:2:1;0:3:3;0:4:3,0,3,0,0,0,1,0,0,0,0,0,0,25,24
20272,0:1:1;0:2:1;0:3:3;0:4:3,0,4,0,0,0,1,0,0,0,0,0,0,39,24
20273,0:1:1;0:2:1;0:3:3;0:4:3,0,5,0,0,0,1,0,0,0,0,0,0,51,24
20274,0:1:1;0:2:1;0:3:3;0:4:3,1,0,0,0,0,1,0,0,0,0,0,0,1,24
20275,0:1:1;0:2:1;0:3:3;0:4:3,1,1,0,0,0,1,0,0,0,0,0,0,5,24
20276,0:1:1;0:2:1;0:3:3;0:4:3,1,2,0,0,0,1,0,0,0,0,0,0,13,24
20277,0:1:1;0:2:1;0:3:3;0:4:3,1,3,0,0,0,1,0,0,0,0,0,0,25,24
20278,0:1:1;0:2:1;0:3:3;0:4:3,1,4,0,0,0,1,0,0,0,0,0,0,39,24
20279,0:1:1;0:2:1;0:3:3;0:4:3,1,5,0,0,0,1,0,0,0,0,0,0,51,24
20280,0:1:1;0:2:1;0:3:3;0:4:3,2,0,0,0,0,1,0,0,0,0,0,0,1,24
20281,0:1:1;0:2:1;0:3:3;0:4:3,2,1,0,0,0,1,0,0,0,0,0,0,5,24
20282,0:1:1;0:2:1;0:3:3;0:4:3,2,2,0,0,0,1,0,0,0,0,0,0,13,24
20283,0:1:1;0:2:1;0:3:3;0:4:3,2,3,0,0,0,1,0,0,0,0,0,0,25,24
20284,0:1:1;0:2:1;0:3:3;0:4:3,2,4,0,0,0,1,0,0,0,0,0,0,39,24
20285,0:1:1;0:2:1;0:3:3;0:4:3,2,5,0,0,0,1,0,0,0,0,0,0,51,24
20286,0:1:1;0:2:1;0:3:3;0:4:3,3,0,0,0,0,1,0,0,0,0,0,0,1,24
20287,0:1:1;0:2:1;0:3:3;0:4:3,3,1,0,0,0,1,0,0,0,0,0,0,5,24
20288,0:1:1;0:2:1;0:3:3;0:4:3,3,2,0,0,0,1,0,0,0,0,0,0,13,24
20289,0:1:1;0:2:1;0:3:3;0:4:3,3,3,0,0,0,1,0,0,0,0,0,0,25,24
20290,0:1:1;0:2:1;0:3:3;0:4:3,3,4,0,0,0,1,0,0,0,0,0,0,39,24
20291,0:1:1;0:2:1;0:3:3;0:4:3,3,5,0,0,0,1,0,0,0,0,0,0,51,24
20292,0:1:1;0:2:1;0:3:3;0:4:3,4,0,0,0,0,1,0,0,0,0,0,0,1,24
20293,0:1:1;0:2:1;0:3:3;0:4:3,4,1,0,0,0,1,0,0,0,0,0,0,5,24
20294,0:1:1;0:2:1;0:3:3;0:4:3,4,2,0,0,0,1,0,0,0,0,0,0,13,24
20295,0:1:1;0:2:1;0:3:3;0:4:3,4,3,0,0,0,1,0,0,0,0,0,0,25,24
20296,0:1:1;0:2:1;0:3:3;0:4:3,4,4,0,0,0,1,0,0,0,0,0,0,39,24
20297,0:1:1;0:2:1;0:3:3;0:4:3,4,5,0,0,0,1,0,0,0,0,0,0,51,24
20298,0:1:1;0:2:1;0:3:3;0:4:3,5,0,0,0,0,1,0,0,0,0,0,0,1,24
20299,0:1:1;0:2:1;0:3:3;0:4:3,5,1,0,0,0,1,0,0,0,0,0,0,5,24
20300,0:1:1;0:2:1;0:3:3;0:4:3,5,2,0,0,0,1,0,0,0,0,0,0,13,24
20301,0:1:1;0:2:1;0:3:3;0:4:3,5,3,0,0,0,1,0,0,0,0,0,0,25,24
20302,0:1:1;0:2:1;0:3:3;0:4:3,5,4,0,0,0,1,0,0,0,0,0,0,39,24
20303,0:1:1;0:2:1;0:3:3;0:4:3,5,5,0,0,0,1,0,0,0,0,0,0,51,24
20304,0:1:1;0:2:1;0:3:3;1:1:1,0,0,0,0,0,1,0,0,0,0,0,0,1,24
20305,0:1:1;0:2:1;0:3:3;1:1:1,0,1,0,0,0,1,0,0,0,0,0,0,9,24
20306,0:1:1;0:2:1;0:3:3;1:1:1,0,2,0,0,0,1,0,0,0,0,0,0,16,24
20307,0:1:1;0:2:1;0:3:3;1:1:1,0,3,0,0,0,1,0,0,0,0,0,0,24,24
20308,0:1:1;0:2:1;0:3:3;1:1:1,0,4,1,1,1,0,1,1,1,1,1,5,7,2
20309,0:1:1;0:2:1;0:3:3;1:1:1,0,5,1,1,1,0,1,1,1,1,1,5,7,1
20310,0:1:1;0:2:1;0:3:3;1:1:1,1,0,0,0,0,1,0,0,0,0,0,0,5,24
20311,0:1:1;0:2:1;0:3:3;1:1:1,1,1,0,0,0,1,0,0,0,0,0,0,12,24
20312,0:1:1;0:2:1;0:3:3;1:1:1,1,2,0,0,0,1,0,0,0,0,0,0,20,24
20313,0:1:1;0:2:1;0:3:3;1:1:1,1,3,0,0,0,1,0,0,0,0,0,0,27,24
20314,0:1:1;0:2:1;0:3:3;1:1:1,1,4,1,1,1,0,1,1,1,1,1,5,7,2
20315,0:1:1;0:2:1;0:3:3;1:1:1,1,5,1,1,1,0,1,1,1,1,1,5,7,1
20316,0:1:1;0:2:1;0:3:3;1:1:1,2,0,0,0,0,1,0,0,0,0,0,0,5,24
20317,0:1:1;0:2:1;0:3:3;1:1:1,2,1,0,0,0,1,0,0,0,0,0,0,12,24
20318,0:1:1;0:2:1;0:3:3;1:1:1,2,2,0,0,0,1,0,0,0,0,0,0,20,24
20319,0:1:1;0:2:1;0:3:3;1:1:1,2,3,0,0,0,1,0,0,0,0,0,0,27,24
20320,0:1:1;0:2:1;0:3:3;1:1:1,2,4,1,1,1,0,1,1,1,1,1,5,7,2
20321,0:1:1;0:2:1;0:3:3;1:1:1,2,5,1,1,1,0,1,1,1,1,1,5,7,1
20322,0:1:1;0:2:1;0:3:3;1:1:1,3,0,0,0,0,1,0,0,0,0,0,0,5,24
20323,0:1:1;0:2:1;0:3:3;1:1:1,3,1,0,0,0,1,0,0,0,0,0,0,12,24
20324,0:1:1;0:2:1;0:3:3;1:1:1,3,2,0,0,0,1,0,0,0,0,0,0,20,24
20325,0:1:1;0:2:1;0:3:3;1:1:1,3,3,0,0,0,1,0,0,0,0,0,0,27,24
20326,0:1:1;0:2:1;0:3:3;1:1:1,3,4,1,1,1,0,1,1,1,1,1,5,7,2
20327,0:1:1;0:2:1;0:3:3;1:1:1,3,5,1,1,1,0,1,1,1,1,1,5,7,1
20328,0:1:1;0:2:1;0:3:3;1:1:1,4,0,0,0,0,1,0,0,0,0,0,0,5,24
20329,0:1:1;0:2:1;0:3:3;1:1:1,4,1,0,0,0,1,0,0,0,0,0,0,12,24
20330,0:1:1;0:2:1;0:3:3;1:1:1,4,2,0,0,0,1,0,0,0,0,0,0,20,24
20331,0:1:1;0:2:1;0:3:3;1:1:1,4,3,0,0,0,1,0,0,0,0,0,0,27,24
20332,0:1:1;0:2:1;0:3:3;1:1:1,4,4,1,1,1,0,1,1,1,1,1,5,7,2
20333,0:1:1;0:2:1;0:3:3;1:1:1,4,5,1,1,1,0,1,1,1,1,1,5,7,1
20334,0:1:1;0:2:1;0:3:3;1:1:1,5,0,0,0,0,1,0,0,0,0,0,0,5,24
20335,0:1:1;0:2:1;0:3:3;1:1:1,5,1,0,0,0,1,0,0,0,0,0,0,12,24
20336,0:1:1;0:2:1;0:3:3;1:1:1,5,2,0,0,0,1,0,0,0,0,0,0,20,24
20337,0:1:1;0:2:1;0:3:3;1:1:1,5,3,0,0,0,1,0,0,0,0,0,0,27,24
20338,0:1:1;0:2:1;0:3:3;1:1:1,5,4,1,1,1,0,1,1,1,1,1,5,7,2
20339,0:1:1;0:2:1;0:3:3;1:1:1,5,5,1,1,1,0,1,1,1,1,1,5,7,1
20340,0:1:1;0:2:1;0:3:3;1:2:1,0,0,0,0,0,1,0,0,0,0,0,0,1,24
20341,0:1:1;0:2:1;0:3:3;1:2:1,0,1,0,0,0,1,0,0,0,0,0,0,12,24
20342,0:1:1;0:2:1;0:3:3;1:2:1,0,2,0,0,0,1,0,0,0,0,0,0,19,24
20343,0:1:1;0:2:1;0:3:3;1:2:1,0,3,1,1,1,0,1,1,1,1,1,5,7,2
20344,0:1:1;0:2:1;0:3:3;1:2:1,0,4,1,1,1,0,1,1,1,1,1,5,7,2
20345,0:1:1;0:2:1;0:3:3;1:2:1,0,5,1,1,1,0,1,1,1,1,1,5,7,1
20346,0:1:1;0:2:1;0:3:3;1:2:1,1,0,0,0,0,1,0,0,0,0,0,0,9,24
20347,0:1:1;0:2:1;0:3:3;1:2:1,1,1,0,0,0,1,0,0,0,0,0,0,16,24
20348,0:1:1;0:2:1;0:3:3;1:2:1,1,2,0,0,0,1,0,0,0,0,0,0,23,24
20349,0:1:1;0:2:1;0:3:3;1:2:1,1,3,1,1,1,0,1,1,1,1,1,5,7,2
20350,0:1:1;0:2:1;0:3:3;1:2:1,1,4,1,1,1,0,1,1,1,1,1,5,7,2
20351,0:1:1;0:2:1;0:3:3;1:2:1,1,5,1,1,1,0,1,1,1,1,1,5,7,1
20352,0:1:1;0:2:1;0:3:3;1:2:1,2,0,0,0,0,1,0,0,0,0,0,0,9,24
20353,0:1:1;0:2:1;0:3:3;1:2:1,2,1,0,0,0,1,0,0,0,0,0,0,16,24
20354,0:1:1;0:2:1;0:3:3;1:2:1,2,2,0,0,0,1,0,0,0,0,0,0,23,24
20355,0:1:1;0:2:1;0:3:3;1:2:1,2,3,1,1,1,0,1,1,1,1,1,5,7,2
20356,0:1:1;0:2:1;0:3:3;1:2:1,2,4,1,1,1,0,1,1,1,1,1,5,7,2
20357,0:1:1;0:2:1;0:3:3;1:2:1,2,5,1,1,1,0,1,1,1,1,1,5,7,1
20358,0:1:1;0:2:1;0:3:3;1:2:1,3,0,0,0,0,1,0,0,0,0,0,0,9,24
20359,0:1:1;0:2:1;0:3:3;1:2:1,3,1,0,0,0,1,0,0,0,0,0,0,16,24
20360,0:1:1;0:2:1;0:3:3;1:2:1,3,2,0,0,0,1,0,0,0,0,0,0,23,24
20361,0:1:1;0:2:1;0:3:3;1:2:1,3,3,1,1,1,0,1,1,1,1,1,5,7,2
20362,0:1:1;0:2:1;0:3:3;1:2:1,3,4,1,1,1,0,1,1,1,1,1,5,7,2
20363,0:1:1;0:2:1;0:3:3;1:2:1,3,5,1,1,1,0,1,1,1,1,1,5,7,1
20364,0:1:1;0:2:1;0:3:3;1:2:1,4,0,0,0,0,1,0,0,0,0,0,0,9,24
20365,0:1:1;0:2:1;0:3:3;1:2:1,4,1,0,0,0,1,0,0,0,0,0,0,16,24
20366,0:1:1;0:2:1;0:3:3;1:2:1,4,2,0,0,0,1,0,0,0,0,0,0,23,24
20367,0:1:1;0:2:1;0:3:3;1:2:1,4,3,1,1,1,0,1,1,1,1,1,5,7,2
20368,0:1:1;0:2:1;0:3:3;1:2:1,4,4,1,1,1,0,1,1,1,1,1,5,7,2
20369,0:1:1;0:2:1;0:3:3;1:2:1,4,5,1,1,1,0,1,1,1,1,1,5,7,1
20370,0:1:1;0:2:1;0:3:3;1:2:1,5,0,0,0,0,1,0,0,0,0,0,0,9,24
20371,0:1:1;0:2:1;0:3:3;1:2:1,5,1,0,0,0,1,0,0,0,0,0,0,16,24
20372,0:1:1;0:2:1;0:3:3;1:2:1,5,2,0,0,0,1,0,0,0,0,0,0,23,24
20373,0:1:1;0:2:1;0:3:3;1:2:1,5,3,1,1,1,0,1,1,1,1,1,5,7,2
20374,0:1:1;0:2:1;0:3:3;1:2:1,5,4,1,1,1,0,1,1,1,1,1,5,7,2
20375,0:1:1;0:2:1;0:3:3;1:2:1,5,5,1,1,1,0,1,1,1,1,1,5,7,1
20376,0:1:1;0:2:1;0:3:3;1:2:2,0,0,0,0,0,1,0,0,0,0,0,0,1,24
20377,0:1:1;0:2:1;0:3:3;1:2:2,0,1,0,0,0,1,0,0,0,0,0,0,11,24
20378,0:1:1;0:2:1;0:3:3;1:2:2,0,2,0,0,0,1,0,0,0,0,0,0,20,24
20379,0:1:1;0:2:1;0:3:3;1:2:2,0,3,1,1,0,0,1,1,1,1,1,5,8,2
20380,0:1:1;0:2:1;0:3:3;1:2:2,0,4,1,1,1,0,1,1,1,1,1,5,8,2
20381,0:1:1;0:2:1;0:3:3;1:2:2,0,5,1,1,1,0,1,1,1,1,1,5,8,1
20382,0:1:1;0:2:1;0:3:3;1:2:2,1,0,0,0,0,1,0,0,0,0,0,0,2,24
20383,0:1:1;0:2:1;0:3:3;1:2:2,1,1,0,0,0,1,0,0,0,0,0,0,16,24
20384,0:1:1;0:2:1;0:3:3;1:2:2,1,2,0,0,0,1,0,0,0,0,0,0,27,24
20385,0:1:1;0:2:1;0:3:3;1:2:2,1,3,1,1,1,0,1,1,1,1,1,5,8,2
20386,0:1:1;0:2:1;0:3:3;1:2:2,1,4,1,1,1,0,1,1,1,1,1,5,8,2
20387,0:1:1;0:2:1;0:3:3;1:2:2,1,5,1,1,1,0,1,1,1,1,1,5,8,1
20388,0:1:1;0:2:1;0:3:3;1:2:2,2,0,0,0,0,1,0,0,0,0,0,0,10,24
20389,0:1:1;0:2:1;0:3:3;1:2:2,2,1,0,0,0,1,0,0,0,0,0,0,20,24
20390,0:1:1;0:2:1;0:3:3;1:2:2,2,2,0,0,0,1,0,0,0,0,0,0,31,24
20391,0:1:1;0:2:1;0:3:3;1:2:2,2,3,1,1,1,0,1,1,1,1,1,5,8,2
20392,0:1:1;0:2:1;0:3:3;1:2:2,2,4,1,1,1,0,1,1,1,1,1,5,8,2
20393,0:1:1;0:2:1;0:3:3;1:2:2,2,5,1,1,1,0,1,1,1,1,1,5,8,1
20394,0:1:1;0:2:1;0:3:3;1:2:2,3,0,0,0,0,1,0,0,0,0,0,0,10,24
20395,0:1:1;0:2:1;0:3:3;1:2:2,3,1,0,0,0,1,0,0,0,0,0,0,20,24
20396,0:1:1;0:2:1;0:3:3;1:2:2,3,2,0,0,0,1,0,0,0,0,0,0,31,24
20397,0:1:1;0:2:1;0:3:3;1:2:2,3,3,1,1,1,0,1,1,1,1,1,5,8,2
20398,0:1:1;0:2:1;0:3:3;1:2:2,3,4,1,1,1,0,1,1,1,1,1,5,8,2
20399,0:1:1;0:2:1;0:3:3;1:2:2,3,5,1,1,1,0,1,1,1,1,1,5,8,1
20400,0:1:1;0:2:1;0:3:3;1:2:2,4,0,0,0,0,1,0,0,0,0,0,0,10,24
20401,0:1:1;0:2:1;0:3:3;1:2:2,4,1,0,0,0,1,0,0,0,0,0,0,20,24
20402,0:1:1;0:2:1;0:3:3;1:2:2,4,2,0,0,0,1,0,0,0,0,0,0,31,24
20403,0:1:1;0:2:1;0:3:3;1:2:2,4,3,1,1,1,0,1,1,1,1,1,5,8,2
20404,0:1:1;0:2:1;0:3:3;1:2:2,4,4,1,1,1,0,1,1,1,1,1,5,8,2
20405,0:1:1;0:2:1;0:3:3;1:2:2,4,5,1,1,1,0,1,1,1,1,1,5,8,1
20406,0:1:1;0:2:1;0:3:3;1:2:2,5,0,0,0,0,1,0,0,0,0,0,0,10,24
20407,0:1:1;0:2:1;0:3:3;1:2:2,5,1,0,0,0,1,0,0,0,0,0,0,20,24
20408,0:1:1;0:2:1;0:3:3;1:2:2,5,2,0,0,0,1,0,0,0,0,0,0,31,24
20409,0:1:1;0:2:1;0:3:3;1:2:2,5,3,1,1,1,0,1,1,1,1,1,5,8,2
20410,0:1:1;0:2:1;0:3:3;1:2:2,5,4,1,1,1,0,1,1,1,1,1,5,8,2
20411,0:1:1;0:2:1;0:3:3;1:2:2,5,5,1,1,1,0,1,1,1,1,1,5,8,1
20412,0:1:1;0:2:1;0:3:3;1:3:2,0,0,0,0,0,1,0,0,0,0,0,0,1,24
20413,0:1:1;0:2:1;0:3:3;1:3:2,0,1,0,0,0,1,0,0,0,0,0,0,13,24
20414,0:1:1;0:2:1;0:3:3;1:3:2,0,2,1,1,0,0,1,1,1,1,1,5,8,2
20415,0:1:1;0:2:1;0:3:3;1:3:2,0,3,1,1,0,0,1,1,1,1,1,5,8,2
20416,0:1:1;0:2:1;0:3:3;1:3:2,0,4,1,1,1,0,1,1,1,1,1,5,8,2
20417,0:1:1;0:2:1;0:3:3;1:3:2,0,5,1,1,1,0,1,1,1,1,1,5,8,1
20418,0:1:1;0:2:1;0:3:3;1:3:2,1,0,0,0,0,1,0,0,0,0,0,0,2,24
20419,0:1:1;0:2:1;0:3:3;1:3:2,1,1,0,0,0,1,0,0,0,0,0,0,19,24
20420,0:1:1;0:2:1;0:3:3;1:3:2,1,2,1,1,0,0,1,1,1,1,1,5,8,2
20421,0:1:1;0:2:1;0:3:3;1:3:2,1,3,1,1,1,0,1,1,1,1,1,5,8,2
20422,0:1:1;0:2:1;0:3:3;1:3:2,1,4,1,1,1,0,1,1,1,1,1,5,8,2
20423,0:1:1;0:2:1;0:3:3;1:3:2,1,5,1,1,1,0,1,1,1,1,1,5,8,1
20424,0:1:1;0:2:1;0:3:3;1:3:2,2,0,0,0,0,1,0,0,0,0,0,0,14,24
20425,0:1:1;0:2:1;0:3:3;1:3:2,2,1,0,0,0,1,0,0,0,0,0,0,23,24
20426,0:1:1;0:2:1;0:3:3;1:3:2,2,2,1,1,1,0,1,1,1,1,1,5,8,2
20427,0:1:1;0:2:1;0:3:3;1:3:2,2,3,1,1,1,0,1,1,1,1,1,5,8,2
20428,0:1:1;0:2:1;0:3:3;1:3:2,2,4,1,1,1,0,1,1,1,1,1,5,8,2
20429,0:1:1;0:2:1;0:3:3;1:3:2,2,5,1,1,1,0,1,1,1,1,1,5,8,1
20430,0:1:1;0:2:1;0:3:3;1:3:2,3,0,0,0,0,1,0,0,0,0,0,0,14,24
20431,0:1:1;0:2:1;0:3:3;1:3:2,3,1,0,0,0,1,0,0,0,0,0,0,23,24
20432,0:1:1;0:2:1;0:3:3;1:3:2,3,2,1,1,1,0,1,1,1,1,1,5,8,2
20433,0:1:1;0:2:1;0:3:3;1:3:2,3,3,1,1,1,0,1,1,1,1,1,5,8,2
20434,0:1:1;0:2:1;0:3:3;1:3:2,3,4,1,1,1,0,1,1,1,1,1,5,8,2
20435,0:1:1;0:2:1;0:3:3;1:3:2,3,5,1,1,1,0,1,1,1,1,1,5,8,1
20436,0:1:1;0:2:1;0:3:3;1:3:2,4,0,0,0,0,1,0,0,0,0,0,0,14,24
20437,0:1:1;0:2:1;0:3:3;1:3:2,4,1,0,0,0,1,0,0,0,0,0,0,23,24
20438,0:1:1;0:2:1;0:3:3;1:3:2,4,2,1,1,1,0,1,1,1,1,1,5,8,2
20439,0:1:1;0:2:1;0:3:3;1:3:2,4,3,1,1,1,0,1,1,1,1,1,5,8,2
20440,0:1:1;0:2:1;0:3:3;1:3:2,4,4,1,1,1,0,1,1,1,1,1,5,8,2
20441,0:1:1;0:2:1;0:3:3;1:3:2,4,5,1,1,1,0,1,1,1,1,1,5,8,1
20442,0:1:1;0:2:1;0:3:3;1:3:2,5,0,0,0,0,1,0,0,0,0,0,0,14,24
20443,0:1:1;0:2:1;0:3:3;1:3:2,5,1,0,0,0,1,0,0,0,0,0,0,23,24
20444,0:1:1;0:2:1;0:3:3;1:3:2,5,2,1,1,1,0,1,1,1,1,1,5,8,2
20445,0:1:1;0:2:1;0:3:3;1:3:2,5,3,1,1,1,0,1,1,1,1,1,5,8,2
20446,0:1:1;0:2:1;0:3:3;1:3:2,5,4,1,1,1,0,1,1,1,1,1,5,8,2
20447,0:1:1;0:2:1;0:3:3;1:3:2,5,5,1,1,1,0,1,1,1,1,1,5,8,1
20448,0:1:1;0:2:1;0:3:3;1:3:3,0,0,0,0,0,1,0,0,0,0,0,0,1,24
20449,0:1:1;0:2:1;0:3:3;1:3:3,0,1,0,0,0,1,0,0,0,0,0,0,7,24
20450,0:1:1;0:2:1;0:3:3;1:3:3,0,2,1,1,0,0,1,1,1,1,1,5,9,2
20451,0:1:1;0:2:1;0:3:3;1:3:3,0,3,1,1,0,0,1,1,1,1,1,5,9,2
20452,0:1:1;0:2:1;0:3:3;1:3:3,0,4,1,1,0,0,1,1,1,1,1,5,9,2
20453,0:1:1;0:2:1;0:3:3;1:3:3,0,5,1,1,1,0,1,1,1,1,1,5,9,1
20454,0:1:1;0:2:1;0:3:3;1:3:3,1,0,0,0,0,1,0,0,0,0,0,0,2,24
20455,0:1:1;0:2:1;0:3:3;1:3:3,1,1,0,0,0,1,0,0,0,0,0,0,17,24
20456,0:1:1;0:2:1;0:3:3;1:3:3,1,2,1,1,0,0,1,1,1,1,1,5,9,2
20457,0:1:1;0:2:1;0:3:3;1:3:3,1,3,1,1,0,0,1,1,1,1,1,5,9,2
20458,0:1:1;0:2:1;0:3:3;1:3:3,1,4,1,1,1,0,1,1,1,1,1,5,9,2
20459,0:1:1;0:2:1;0:3:3;1:3:3,1,5,1,1,1,0,1,1,1,1,1,5,9,1
20460,0:1:1;0:2:1;0:3:3;1:3:3,2,0,0,0,0,1,0,0,0,0,0,0,3,24
20461,0:1:1;0:2:1;0:3:3;1:3:3,2,1,0,0,0,1,0,0,0,0,0,0,23,24
20462,0:1:1;0:2:1;0:3:3;1:3:3,2,2,1,1,0,0,1,1,1,1,1,5,9,2
20463,0:1:1;0:2:1;0:3:3;1:3:3,2,3,1,1,1,0,1,1,1,1,1,5,9,2
20464,0:1:1;0:2:1;0:3:3;1:3:3,2,4,1,1,1,0,1,1,1,1,1,5,9,2
20465,0:1:1;0:2:1;0:3:3;1:3:3,2,5,1,1,1,0,1,1,1,1,1,5,9,1
20466,0:1:1;0:2:1;0:3:3;1:3:3,3,0,0,0,0,1,0,0,0,0,0,0,15,24
20467,0:1:1;0:2:1;0:3:3;1:3:3,3,1,0,0,0,1,0,0,0,0,0,0,27,24
20468,0:1:1;0:2:1;0:3:3;1:3:3,3,2,1,1,1,0,1,1,1,1,1,5,9,2
20469,0:1:1;0:2:1;0:3:3;1:3:3,3,3,1,1,1,0,1,1,1,1,1,5,9,2
20470,0:1:1;0:2:1;0:3:3;1:3:3,3,4,1,1,1,0,1,1,1,1,1,5,9,2
20471,0:1:1;0:2:1;0:3:3;1:3:3,3,5,1,1,1,0,1,1,1,1,1,5,9,1
20472,0:1:1;0:2:1;0:3:3;1:3:3,4,0,0,0,0,1,0,0,0,0,0,0,15,24
20473,0:1:1;0:2:1;0:3:3;1:3:3,4,1,0,0,0,1,0,0,0,0,0,0,27,24
20474,0:1:1;0:2:1;0:3:3;1:3:3,4,2,1,1,1,0,1,1,1,1,1,5,9,2
20475,0:1:1;0:2:1;0:3:3;1:3:3,4,3,1,1,1,0,1,1,1,1,1,5,9,2
20476,0:1:1;0:2:1;0:3:3;1:3:3,4,4,1,1,1,0,1,1,1,1,1,5,9,2
20477,0:1:1;0:2:1;0:3:3;1:3:3,4,5,1,1,1,0,1,1,1,1,1,5,9,1
20478,0:1:1;0:2:1;0:3:3;1:3:3,5,0,0,0,0,1,0,0,0,0,0,0,15,24
20479,0:1:1;0:2:1;0:3:3;1:3:3,5,1,0,0,0,1,0,0,0,0,0,0,27,24
20480,0:1:1;0:2:1;0:3:3;1:3:3,5,2,1,1,1,0,1,1,1,1,1,5,9,2
20481,0:1:1;0:2:1;0:3:3;1:3:3,5,3,1,1,1,0,1,1,1,1,1,5,9,2
20482,0:1:1;0:2:1;0:3:3;1:3:3,5,4,1,1,1,0,1,1,1,1,1,5,9,2
20483,0:1:1;0:2:1;0:3:3;1:3:3,5,5,1,1,1,0,1,1,1,1,1,5,9,1
20484,0:1:1;0:2:1;0:3:3;1:4:3,0,0,0,0,0,1,0,0,0,0,0,0,1,24
20485,0:1:1;0:2:1;0:3:3;1:4:3,0,1,1,0,0,1,0,0,0,0,0,3,7,24
20486,0:1:1;0:2:1;0:3:3;1:4:3,0,2,1,1,0,0,1,1,1,1,1,5,9,2
20487,0:1:1;0:2:1;0:3:3;1:4:3,0,3,1,1,0,0,1,1,1,1,1,5,9,2
20488,0:1:1;0:2:1;0:3:3;1:4:3,0,4,1,1,0,0,1,1,1,1,1,5,9,2
20489,0:1:1;0:2:1;0:3:3;1:4:3,0,5,1,1,1,0,1,1,1,1,1,5,9,1
20490,0:1:1;0:2:1;0:3:3;1:4:3,1,0,0,0,0,1,0,0,0,0,0,0,2,24
20491,0:1:1;0:2:1;0:3:3;1:4:3,1,1,1,1,0,1,0,0,0,1,1,6,12,11
20492,0:1:1;0:2:1;0:3:3;1:4:3,1,2,1,1,0,0,1,1,1,1,1,5,9,2
20493,0:1:1;0:2:1;0:3:3;1:4:3,1,3,1,1,0,0,1,1,1,1,1,5,9,2
20494,0:1:1;0:2:1;0:3:3;1:4:3,1,4,1,1,1,0,1,1,1,1,1,5,9,2
20495,0:1:1;0:2:1;0:3:3;1:4:3,1,5,1,1,1,0,1,1,1,1,1,5,9,1
20496,0:1:1;0:2:1;0:3:3;1:4:3,2,0,0,0,0,1,0,0,0,0,0,0,3,24
20497,0:1:1;0:2:1;0:3:3;1:4:3,2,1,1,1,0,0,1,1,1,1,1,5,9,5
20498,0:1:1;0:2:1;0:3:3;1:4:3,2,2,1,1,0,0,1,1,1,1,1,5,9,2
20499,0:1:1;0:2:1;0:3:3;1:4:3,2,3,1,1,1,0,1,1,1,1,1,5,9,2
20500,0:1:1;0:2:1;0:3:3;1:4:3,2,4,1,1,1,0,1,1,1,1,1,5,9,2
20501,0:1:1;0:2:1;0:3:3;1:4:3,2,5,1,1,1,0,1,1,1,1,1,5,9,1
20502,0:1:1;0:2:1;0:3:3;1:4:3,3,0,0,0,0,1,0,0,0,0,0,0,18,24
20503,0:1:1;0:2:1;0:3:3;1:4:3,3,1,1,1,0,0,1,1,1,1,1,5,9,5
20504,0:1:1;0:2:1;0:3:3;1:4:3,3,2,1,1,1,0,1,1,1,1,1,5,9,2
20505,0:1:1;0:2:1;0:3:3;1:4:3,3,3,1,1,1,0,1,1,1,1,1,5,9,2
20506,0:1:1;0:2:1;0:3:3;1:4:3,3,4,1,1,1,0,1,1,1,1,1,5,9,2
20507,0:1:1;0:2:1;0:3:3;1:4:3,3,5,1,1,1,0,1,1,1,1,1,5,9,1
20508,0:1:1;0:2:1;0:3:3;1:4:3,4,0,0,0,0,1,0,0,0,0,0,0,18,24
20509,0:1:1;0:2:1;0:3:3;1:4:3,4,1,1,1,1,0,1,1,1,1,1,5,9,5
20510,0:1:1;0:2:1;0:3:3;1:4:3,4,2,1,1,1,0,1,1,1,1,1,5,9,2
20511,0:1:1;0:2:1;0:3:3;1:4:3,4,3,1,1,1,0,1,1,1,1,1,5,9,2
20512,0:1:1;0:2:1;0:3:3;1:4:3,4,4,1,1,1,0,1,1,1,1,1,5,9,2
20513,0:1:1;0:2:1;0:3:3;1:4:3,4,5,1,1,1,0,1,1,1,1,1,5,9,1
20514,0:1:1;0:2:1;0:3:3;1:4:3,5,0,0,0,0,1,0,0,0,0,0,0,18,24
20515,0:1:1;0:2:1;0:3:3;1:4:3,5,1,1,1,1,0,1,1,1,1,1,5,9,5
20516,0:1:1;0:2:1;0:3:3;1:4:3,5,2,1,1,1,0,1,1,1,1,1,5,9,2
20517,0:1:1;0:2:1;0:3:3;1:4:3,5,3,1,1,1,0,1,1,1,1,1,5,9,2
20518,0:1:1;0:2:1;0:3:3;1:4:3,5,4,1,1,1,0,1,1,1,1,1,5,9,2
20519,0:1:1;0:2:1;0:3:3;1:4:3,5,5,1,1,1,0,1,1,1,1,1,5,9,1
20520,0:1:1;0:2:1;0:4:3;0:4:3,0,0,0,0,0,1,0,0,0,0,0,0,1,24
20521,0:1:1;0:2:1;0:4:3;0:4:3,0,1,0,0,0,1,0,0,0,0,0,0,5,24
20522,0:1:1;0:2:1;0:4:3;0:4:3,0,2,0,0,0,1,0,0,0,0,0,0,13,24
20523,0:1:1;0:2:1;0:4:3;0:4:3,0,3,0,0,0,1,0,0,0,0,0,0,25,24
20524,0:1:1;0:2:1;0:4:3;0:4:3,0,4,0,0,0,1,0,0,0,0,0,0,39,24
20525,0:1:1;0:2:1;0:4:3;0:4:3,0,5,0,0,0,1,0,0,0,0,0,0,51,24
20526,0:1:1;0:2:1;0:4:3;0:4:3,1,0,0,0,0,1,0,0,0,0,0,0,1,24
20527,0:1:1;0:2:1;0:4:3;0:4:3,1,1,0,0,0,1,0,0,0,0,0,0,5,24
20528,0:1:1;0:2:1;0:4:3;0:4:3,1,2,0,0,0,1,0,0,0,0,0,0,13,24
20529,0:1:1;0:2:1;0:4:3;0:4:3,1,3,0,0,0,1,0,0,0,0,0,0,25,24
20530,0:1:1;0:2:1;0:4:3;0:4:3,1,4,0,0,0,1,0,0,0,0,0,0,39,24
20531,0:1:1;0:2:1;0:4:3;0:4:3,1,5,0,0,0,1,0,0,0,0,0,0,51,24
20532,0:1:1;0:2:1;0:4:3;0:4:3,2,0,0,0,0,1,0,0,0,0,0,0,1,24
20533,0:1:1;0:2:1;0:4:3;0:4:3,2,1,0,0,0,1,0,0,0,0,0,0,5,24
20534,0:1:1;0:2:1;0:4:3;0:4:3,2,2,0,0,0,1,0,0,0,0,0,0,13,24
20535,0:1:1;0:2:1;0:4:3;0:4:3,2,3,0,0,0,1,0,0,0,0,0,0,25,24
20536,0:1:1;0:2:1;0:4:3;0:4:3,2,4,0,0,0,1,0,0,0,0,0,0,39,24
20537,0:1:1;0:2:1;0:4:3;0:4:3,2,5,0,0,0,1,0,0,0,0,0,0,51,24
20538,0:1:1;0:2:1;0:4:3;0:4:3,3,0,0,0,0,1,0,0,0,0,0,0,1,24
20539,0:1:1;0:2:1;0:4:3;0:4:3,3,1,0,0,0,1,0,0,0,0,0,0,5,24
20540,0:1:1;0:2:1;0:4:3;0:4:3,3,2,0,0,0,1,0,0,0,0,0,0,13,24
20541,0:1:1;0:2:1;0:4:3;0:4:3,3,3,0,0,0,1,0,0,0,0,0,0,25,24
20542,0:1:1;0:2:1;0:4:3;0:4:3,3,4,0,0,0,1,0,0,0,0,0,0,39,24
20543,0:1:1;0:2:1;0:4:3;0:4:3,3,5,0,0,0,1,0,0,0,0,0,0,51,24
20544,0:1:1;0:2:1;0:4:3;0:4:3,4,0,0,0,0,1,0,0,0,0,0,0,1,24
20545,0:1:1;0:2:1;0:4:3;0:4:3,4,1,0,0,0,1,0,0,0,0,0,0,5,24
20546,0:1:1;0:2:1;0:4:3;0:4:3,4,2,0,0,0,1,0,0,0,0,0,0,13,24
20547,0:1:1;0:2:1;0:4:3;0:4:3,4,3,0,0,0,1,0,0,0,0,0,0,25,24
20548,0:1:1;0:2:1;0:4:3;0:4:3,4,4,0,0,0,1,0,0,0,0,0,0,39,24
20549,0:1:1;0:2:1;0:4:3;0:4:3,4,5,0,0,0,1,0,0,0,0,0,0,51,24
20550,0:1:1;0:2:1;0:4:3;0:4:3,5,0,0,0,0,1,0,0,0,0,0,0,1,24
20551,0:1:1;0:2:1;0:4:3;0:4:3,5,1,0,0,0,1,0,0,0,0,0,0,5,24
20552,0:1:1;0:2:1;0:4:3;0:4:3,5,2,0,0,0,1,0,0,0,0,0,0,13,24
20553,0:1:1;0:2:1;0:4:3;0:4:3,5,3,0,0,0,1,0,0,0,0,0,0,25,24
20554,0:1:1;0:2:1;0:4:3;0:4:3,5,4,0,0,0,1,0,0,0,0,0,0,39,24
20555,0:1:1;0:2:1;0:4:3;0:4:3,5,5,0,0,0,1,0,0,0,0,0,0,51,24
20556,0:1:1;0:2:1;0:4:3;1:1:1,0,0,0,0,0,1,0,0,0,0,0,0,1,24
20557,0:1:1;0:2:1;0:4:3;1:1:1,0,1,0,0,0,1,0,0,0,0,0,0,9,24
20558,0:1:1;0:2:1;0:4:3;1:1:1,0,2,0,0,0,1,0,0,0,0,0,0,16,24
20559,0:1:1;0:2:1;0:4:3;1:1:1,0,3,0,0,0,1,0,0,0,0,0,0,24,24
20560,0:1:1;0:2:1;0:4:3;1:1:1,0,4,1,1,1,0,1,1,1,1,1,5,7,2
20561,0:1:1;0:2:1;0:4:3;1:1:1,0,5,1,1,1,0,1,1,1,1,1,5,7,1
20562,0:1:1;0:2:1;0:4:3;1:1:1,1,0,0,0,0,1,0,0,0,0,0,0,5,24
20563,0:1:1;0:2:1;0:4:3;1:1:1,1,1,0,0,0,1,0,0,0,0,0,0,12,24
20564,0:1:1;0:2:1;0:4:3;1:1:1,1,2,0,0,0,1,0,0,0,0,0,0,20,24
20565,0:1:1;0:2:1;0:4:3;1:1:1,1,3,0,0,0,1,0,0,0,0,0,0,27,24
20566,0:1:1;0:2:1;0:4:3;1:1:1,1,4,1,1,1,0,1,1,1,1,1,5,7,2
20567,0:1:1;0:2:1;0:4:3;1:1:1,1,5,1,1,1,0,1,1,1,1,1,5,7,1
20568,0:1:1;0:2:1;0:4:3;1:1:1,2,0,0,0,0,1,0,0,0,0,0,0,5,24
20569,0:1:1;0:2:1;0:4:3;1:1:1,2,1,0,0,0,1,0,0,0,0,0,0,12,24
20570,0:1:1;0:2:1;0:4:3;1:1:1,2,2,0,0,0,1,0,0,0,0,0,0,20,24
20571,0:1:1;0:2:1;0:4:3;1:1:1,2,3,0,0,0,1,0,0,0,0,0,0,27,24
20572,0:1:1;0:2:1;0:4:3;1:1:1,2,4,1,1,1,0,1,1,1,1,1,5,7,2
20573,0:1:1;0:2:1;0:4:3;1:1:1,2,5,1,1,1,0,1,1,1,1,1,5,7,1
20574,0:1:1;0:2:1;0:4:3;1:1:1,3,0,0,0,0,1,0,0,0,0,0,0,5,24
20575,0:1:1;0:2:1;0:4:3;1:1:1,3,1,0,0,0,1,0,0,0,0,0,0,12,24
20576,0:1:1;0:2:1;0:4:3;1:1:1,3,2,0,0,0,1,0,0,0,0,0,0,20,24
20577,0:1:1;0:2:1;0:4:3;1:1:1,3,3,0,0,0,1,0,0,0,0,0,0,27,24
20578,0:1:1;0:2:1;0:4:3;1:1:1,3,4,1,1,1,0,1,1,1,1,1,5,7,2
20579,0:1:1;0:2:1;0:4:3;1:1:1,3,5,1,1,1,0,1,1,1,1,1,5,7,1
20580,0:1:1;0:2:1;0:4:3;1:1:1,4,0,0,0,0,1,0,0,0,0,0,0,5,24
20581,0:1:1;0:2:1;0:4:3;1:1:1,4,1,0,0,0,1,0,0,0,0,0,0,12,24
20582,0:1:1;0:2:1;0:4:3;1:1:1,4,2,0,0,0,1,0,0,0,0,0,0,20,24
20583,0:1:1;0:2:1;0:4:3;1:1:1,4,3,0,0,0,1,0,0,0,0,0,0,27,24
20584,0:1:1;0:2:1;0:4:3;1:1:1,4,4,1,1,1,0,1,1,1,1,1,5,7,2
20585,0:1:1;0:2:1;0:4:3;1:1:1,4,5,1,1,1,0,1,1,1,1,1,5,7,1
20586,0:1:1;0:2:1;0:4:3;1:1:1,5,0,0,0,0,1,0,0,0,0,0,0,5,24
20587,0:1:1;0:2:1;0:4:3;1:1:1,5,1,0,0,0,1,0,0,0,0,0,0,12,24
20588,0:1:1;0:2:1;0:4:3;1:1:1,5,2,0,0,0,1,0,0,0,0,0,0,20,24
20589,0:1:1;0:2:1;0:4:3;1:1:1,5,3,0,0,0,1,0,0,0,0,0,0,27,24
20590,0:1:1;0:2:1;0:4:3;1:1:1,5,4,1,1,1,0,1,1,1,1,1,5,7,2
20591,0:1:1;0:2:1;0:4:3;1:1:1,5,5,1,1,1,0,1,1,1,1,1,5,7,1
20592,0:1:1;0:2:1;0:4:3;1:2:1,0,0,0,0,0,1,0,0,0,0,0,0,1,24
20593,0:1:1;0:2:1;0:4:3;1:2:1,0,1,0,0,0,1,0,0,0,0,0,0,12,24
20594,0:1:1;0:2:1;0:4:3;1:2:1,0,2,0,0,0,1,0,0,0,0,0,0,19,24
20595,0:1:1;0:2:1;0:4:3;1:2:1,0,3,1,1,1,0,1,1,1,1,1,5,7,2
20596,0:1:1;0:2:1;0:4:3;1:2:1,0,4,1,1,1,0,1,1,1,1,1,5,7,2
20597,0:1:1;0:2:1;0:4:3;1:2:1,0,5,1,1,1,0,1,1,1,1,1,5,7,1
20598,0:1:1;0:2:1;0:4:3;1:2:1,1,0,0,0,0,1,0,0,0,0,0,0,9,24
20599,0:1:1;0:2:1;0:4:3;1:2:1,1,1,0,0,0,1,0,0,0,0,0,0,16,24
20600,0:1:1;0:2:1;0:4:3;1:2:1,1,2,0,0,0,1,0,0,0,0,0,0,23,24
20601,0:1:1;0:2:1;0:4:3;1:2:1,1,3,1,1,1,0,1,1,1,1,1,5,7,2
20602,0:1:1;0:2:1;0:4:3;1:2:1,1,4,1,1,1,0,1,1,1,1,1,5,7,2
20603,0:1:1;0:2:1;0:4:3;1:2:1,1,5,1,1,1,0,1,1,1,1,1,5,7,1
20604,0:1:1;0:2:1;0:4:3;1:2:1,2,0,0,0,0,1,0,0,0,0,0,0,9,24
20605,0:1:1;0:2:1;0:4:3;1:2:1,2,1,0,0,0,1,0,0,0,0,0,0,16,24
20606,0:1:1;0:2:1;0:4:3;1:2:1,2,2,0,0,0,1,0,0,0,0,0,0,23,24
20607,0:1:1;0:2:1;0:4:3;1:2:1,2,3,1,1,1,0,1,1,1,1,1,5,7,2
20608,0:1:1;0:2:1;0:4:3;1:2:1,2,4,1,1,1,0,1,1,1,1,1,5,7,2
20609,0:1:1;0:2:1;0:4:3;1:2:1,2,5,1,1,1,0,1,1,1,1,1,5,7,1
20610,0:1:1;0:2:1;0:4:3;1:2:1,3,0,0,0,0,1,0,0,0,0,0,0,9,24
20611,0:1:1;0:2:1;0:4:3;1:2:1,3,1,0,0,0,1,0,0,0,0,0,0,16,24
20612,0:1:1;0:2:1;0:4:3;1:2:1,3,2,0,0,0,1,0,0,0,0,0,0,23,24
20613,0:1:1;0:2:1;0:4:3;1:2:1,3,3,1,1,1,0,1,1,1,1,1,5,7,2
20614,0:1:1;0:2:1;0:4:3;1:2:1,3,4,1,1,1,0,1,1,1,1,1,5,7,2
20615,0:1:1;0:2:1;0:4:3;1:2:1,3,5,1,1,1,0,1,1,1,1,1,5,7,1
20616,0:1:1;0:2:1;0:4:3;1:2:1,4,0,0,0,0,1,0,0,0,0,0,0,9,24
20617,0:1:1;0:2:1;0:4:3;1:2:1,4,1,0,0,0,1,0,0,0,0,0,0,16,24
20618,0:1:1;0:2:1;0:4:3;1:2:1,4,2,0,0,0,1,0,0,0,0,0,0,23,24
20619,0:1:1;0:2:1;0:4:3;1:2:1,4,3,1,1,1,0,1,1,1,1,1,5,7,2
20620,0:1:1;0:2:1;0:4:3;1:2:1,4,4,1,1,1,0,1,1,1,1,1,5,7,2
20621,0:1:1;0:2:1;0:4:3;1:2:1,4,5,1,1,1,0,1,1,1,1,1,5,7,1
20622,0:1:1;0:2:1;0:4:3;1:2:1,5,0,0,0,0,1,0,0,0,0,0,0,9,24
20623,0:1:1;0:2:1;0:4:3;1:2:1,5,1,0,0,0,1,0,0,0,0,0,0,16,24
20624,0:1:1;0:2:1;0:4:3;1:2:1,5,2,0,0,0,1,0,0,0,0,0,0,23,24
20625,0:1:1;0:2:1;0:4:3;1:2:1,5,3,1,1,1,0,1,1,1,1,1,5,7,2
20626,0:1:1;0:2:1;0:4:3;1:2:1,5,4,1,1,1,0,1,1,1,1,1,5,7,2
20627,0:1:1;0:2:1;0:4:3;1:2:1,5,5,1,1,1,0,1,1,1,1,1,5,7,1
20628,0:1:1;0:2:1;0:4:3;1:2:2,0,0,0,0,0,1,0,0,0,0,0,0,1,24
20629,0:1:1;0:2:1;0:4:3;1:2:2,0,1,0,0,0,1,0,0,0,0,0,0,11,24
20630,0:1:1;0:2:1;0:4:3;1:2:2,0,2,0,0,0,1,0,0,0,0,0,0,20,24
20631,0:1:1;0:2:1;0:4:3;1:2:2,0,3,1,1,0,0,1,1,1,1,1,5,8,2
20632,0:1:1;0:2:1;0:4:3;1:2:2,0,4,1,1,1,0,1,1,1,1,1,5,8,2
20633,0:1:1;0:2:1;0:4:3;1:2:2,0,5,1,1,1,0,1,1,1,1,1,5,8,1
20634,0:1:1;0:2:1;0:4:3;1:2:2,1,0,0,0,0,1,0,0,0,0,0,0,2,24
20635,0:1:1;0:2:1;0:4:3;1:2:2,1,1,0,0,0,1,0,0,0,0,0,0,16,24
20636,0:1:1;0:2:1;0:4:3;1:2:2,1,2,0,0,0,1,0,0,0,0,0,0,27,24
20637,0:1:1;0:2:1;0:4:3;1:2:2,1,3,1,1,1,0,1,1,1,1,1,5,8,2
20638,0:1:1;0:2:1;0:4:3;1:2:2,1,4,1,1,1,0,1,1,1,1,1,5,8,2
20639,0:1:1;0:2:1;0:4:3;1:2:2,1,5,1,1,1,0,1,1,1,1,1,5,8,1
20640,0:1:1;0:2:1;0:4:3;1:2:2,2,0,0,0,0,1,0,0,0,0,0,0,10,24
20641,0:1:1;0:2:1;0:4:3;1:2:2,2,1,0,0,0,1,0,0,0,0,0,0,20,24
20642,0:1:1;0:2:1;0:4:3;1:2:2,2,2,0,0,0,1,0,0,0,0,0,0,31,24
20643,0:1:1;0:2:1;0:4:3;1:2:2,2,3,1,1,1,0,1,1,1,1,1,5,8,2
20644,0:1:1;0:2:1;0:4:3;1:2:2,2,4,1,1,1,0,1,1,1,1,1,5,8,2
20645,0:1:1;0:2:1;0:4:3;1:2:2,2,5,1,1,1,0,1,1,1,1,1,5,8,1
20646,0:1:1;0:2:1;0:4:3;1:2:2,3,0,0,0,0,1,0,0,0,0,0,0,10,24
20647,0:1:1;0:2:1;0:4:3;1:2:2,3,1,0,0,0,1,0,0,0,0,0,0,20,24
20648,0:1:1;0:2:1;0:4:3;1:2:2,3,2,0,0,0,1,0,0,0,0,0,0,31,24
20649,0:1:1;0:2:1;0:4:3;1:2:2,3,3,1,1,1,0,1,1,1,1,1,5,8,2
20650,0:1:1;0:2:1;0:4:3;1:2:2,3,4,1,1,1,0,1,1,1,1,1,5,8,2
20651,0:1:1;0:2:1;0:4:3;1:2:2,3,5,1,1,1,0,1,1,1,1,1,5,8,1
20652,0:1:1;0:2:1;0:4:3;1:2:2,4,0,0,0,0,1,0,0,0,0,0,0,10,24
20653,0:1:1;0:2:1;0:4:3;1:2:2,4,1,0,0,0,1,0,0,0,0,0,0,20,24
20654,0:1:1;0:2:1;0:4:3;1:2:2,4,2,0,0,0,1,0,0,0,0,0,0,31,24
20655,0:1:1;0:2:1;0:4:3;1:2:2,4,3,1,1,1,0,1,1,1,1,1,5,8,2
20656,0:1:1;0:2:1;0:4:3;1:2:2,4,4,1,1,1,0,1,1,1,1,1,5,8,2
20657,0:1:1;0:2:1;0:4:3;1:2:2,4,5,1,1,1,0,1,1,1,1,1,5,8,1
20658,0:1:1;0:2:1;0:4:3;1:2:2,5,0,0,0,0,1,0,0,0,0,0,0,10,24
20659,0:1:1;0:2:1;0:4:3;1:2:2,5,1,0,0,0,1,0,0,0,0,0,0,20,24
20660,0:1:1;0:2:1;0:4:3;1:2:2,5,2,0,0,0,1,0,0,0,0,0,0,31,24
20661,0:1:1;0:2:1;0:4:3;1:2:2,5,3,1,1,1,0,1,1,1,1,1,5,8,2
20662,0:1:1;0:2:1;0:4:3;1:2:2,5,4,1,1,1,0,1,1,1,1,1,5,8,2
20663,0:1:1;0:2:1;0:4:3;1:2:2,5,5,1,1,1,0,1,1,1,1,1,5,8,1
20664,0:1:1;0:2:1;0:4:3;1:3:2,0,0,0,0,0,1,0,0,0,0,0,0,1,24
20665,0:1:1;0:2:1;0:4:3;1:3:2,0,1,0,0,0,1,0,0,0,0,0,0,13,24
20666,0:1:1;0:2:1;0:4:3;1:3:2,0,2,1,1,0,0,1,1,1,1,1,5,8,2
20667,0:1:1;0:2:1;0:4:3;1:3:2,0,3,1,1,0,0,1,1,1,1,1,5,8,2
20668,0:1:1;0:2:1;0:4:3;1:3:2,0,4,1,1,1,0,1,1,1,1,1,5,8,2
20669,0:1:1;0:2:1;0:4:3;1:3:2,0,5,1,1,1,0,1,1,1,1,1,5,8,1
20670,0:1:1;0:2:1;0:4:3;1:3:2,1,0,0,0,0,1,0,0,0,0,0,0,2,24
20671,0:1:1;0:2:1;0:4:3;1:3:2,1,1,0,0,0,1,0,0,0,0,0,0,19,24
20672,0:1:1;0:2:1;0:4:3;1:3:2,1,2,1,1,0,0,1,1,1,1,1,5,8,2
20673,0:1:1;0:2:1;0:4:3;1:3:2,1,3,1,1,1,0,1,1,1,1,1,5,8,2
20674,0:1:1;0:2:1;0:4:3;1:3:2,1,4,1,1,1,0,1,1,1,1,1,5,8,2
20675,0:1:1;0:2:1;0:4:3;1:3:2,1,5,1,1,1,0,1,1,1,1,1,5,8,1
20676,0:1:1;0:2:1;0:4:3;1:3:2,2,0,0,0,0,1,0,0,0,0,0,0,14,24
20677,0:1:1;0:2:1;0:4:3;1:3:2,2,1,0,0,0,1,0,0,0,0,0,0,23,24
20678,0:1:1;0:2:1;0:4:3;1:3:2,2,2,1,1,1,0,1,1,1,1,1,5,8,2
20679,0:1:1;0:2:1;0:4:3;1:3:2,2,3,1,1,1,0,1,1,1,1,1,5,8,2
20680,0:1:1;0:2:1;0:4:3;1:3:2,2,4,1,1,1,0,1,1,1,1,1,5,8,2
20681,0:1:1;0:2:1;0:4:3;1:3:2,2,5,1,1,1,0,1,1,1,1,1,5,8,1
20682,0:1:1;0:2:1;0:4:3;1:3:2,3,0,0,0,0,1,0,0,0,0,0,0,14,24
20683,0:1:1;0:2:1;0:4:3;1:3:2,3,1,0,0,0,1,0,0,0,0,0,0,23,24
20684,0:1:1;0:2:1;0:4:3;1:3:2,3,2,1,1,1,0,1,1,1,1,1,5,8,2
20685,0:1:1;0:2:1;0:4:3;1:3:2,3,3,1,1,1,0,1,1,1,1,1,5,8,2
20686,0:1:1;0:2:1;0:4:3;1:3:2,3,4,1,1,1,0,1,1,1,1,1,5,8,2
20687,0:1:1;0:2:1;0:4:3;1:3:2,3,5,1,1,1,0,1,1,1,1,1,5,8,1
20688,0:1:1;0:2:1;0:4:3;1:3:2,4,0,0,0,0,1,0,0,0,0,0,0,14,24
20689,0:1:1;0:2:1;0:4:3;1:3:2,4,1,0,0,0,1,0,0,0,0,0,0,23,24
20690,0:1:1;0:2:1;0:4:3;1:3:2,4,2,1,1,1,0,1,1,1,1,1,5,8,2
20691,0:1:1;0:2:1;0:4:3;1:3:2,4,3,1,1,1,0,1,1,1,1,1,5,8,2
20692,0:1:1;0:2:1;0:4:3;1:3:2,4,4,1,1,1,0,1,1,1,1,1,5,8,2
20693,0:1:1;0:2:1;0:4:3;1:3:2,4,5,1,1,1,0,1,1,1,1,1,5,8,1
20694,0:1:1;0:2:1;0:4:3;1:3:2,5,0,0,0,0,1,0,0,0,0,0,0,14,24
20695,0:1:1;0:2:1;0:4:3;1:3:2,5,1,0,0,0,1,0,0,0,0,0,0,23,24
20696,0:1:1;0:2:1;0:4:3;1:3:2,5,2,1,1,1,0,1,1,1,1,1,5,8,2
20697,0:1:1;0:2:1;0:4:3;1:3:2,5,3,1,1,1,0,1,1,1,1,1,5,8,2
20698,0:1:1;0:2:1;0:4:3;1:3:2,5,4,1,1,1,0,1,1,1,1,1,5,8,2
20699,0:1:1;0:2:1;0:4:3;1:3:2,5,5,1,1,1,0,1,1,1,1,1,5,8,1
20700,0:1:1;0:2:1;0:4:3;1:3:3,0,0,0,0,0,1,0,0,0,0,0,0,1,24
20701,0:1:1;0:2:1;0:4:3;1:3:3,0,1,0,0,0,1,0,0,0,0,0,0,7,24
20702,0:1:1;0:2:1;0:4:3;1:3:3,0,2,1,1,0,0,1,1,1,1,1,5,9,2
20703,0:1:1;0:2:1;0:4:3;1:3:3,0,3,1,1,0,0,1,1,1,1,1,5,9,2
20704,0:1:1;0:2:1;0:4:3;1:3:3,0,4,1,1,0,0,1,1,1,1,1,5,9,2
20705,0:1:1;0:2:1;0:4:3;1:3:3,0,5,1,1,1,0,1,1,1,1,1,5,9,1
20706,0:1:1;0:2:1;0:4:3;1:3:3,1,0,0,0,0,1,0,0,0,0,0,0,2,24
20707,0:1:1;0:2:1;0:4:3;1:3:3,1,1,0,0,0,1,0,0,0,0,0,0,17,24
20708,0:1:1;0:2:1;0:4:3;1:3:3,1,2,1,1,0,0,1,1,1,1,1,5,9,2
20709,0:1:1;0:2:1;0:4:3;1:3:3,1,3,1,1,0,0,1,1,1,1,1,5,9,2
20710,0:1:1;0:2:1;0:4:3;1:3:3,1,4,1,1,1,0,1,1,1,1,1,5,9,2
20711,0:1:1;0:2:1;0:4:3;1:3:3,1,5,1,1,1,0,1,1,1,1,1,5,9,1
20712,0:1:1;0:2:1;0:4:3;1:3:3,2,0,0,0,0,1,0,0,0,0,0,0,3,24
20713,0:1:1;0:2:1;0:4:3;1:3:3,2,1,0,0,0,1,0,0,0,0,0,0,23,24
20714,0:1:1;0:2:1;0:4:3;1:3:3,2,2,1,1,0,0,1,1,1,1,1,5,9,2
20715,0:1:1;0:2:1;0:4:3;1:3:3,2,3,1,1,1,0,1,1,1,1,1,5,9,2
20716,0:1:1;0:2:1;0:4:3;1:3:3,2,4,1,1,1,0,1,1,1,1,1,5,9,2
20717,0:1:1;0:2:1;0:4:3;1:3:3,2,5,1,1,1,0,1,1,1,1,1,5,9,1
20718,0:1:1;0:2:1;0:4:3;1:3:3,3,0,0,0,0,1,0,0,0,0,0,0,15,24
20719,0:1:1;0:2:1;0:4:3;1:3:3,3,1,0,0,0,1,0,0,0,0,0,0,27,24
20720,0:1:1;0:2:1;0:4:3;1:3:3,3,2,1,1,1,0,1,1,1,1,1,5,9,2
20721,0:1:1;0:2:1;0:4:3;1:3:3,3,3,1,1,1,0,1,1,1,1,1,5,9,2
20722,0:1:1;0:2:1;0:4:3;1:3:3,3,4,1,1,1,0,1,1,1,1,1,5,9,2
20723,0:1:1;0:2:1;0:4:3;1:3:3,3,5,1,1,1,0,1,1,1,1,1,5,9,1
20724,0:1:1;0:2:1;0:4:3;1:3:3,4,0,0,0,0,1,0,0,0,0,0,0,15,24
20725,0:1:1;0:2:1;0:4:3;1:3:3,4,1,0,0,0,1,0,0,0,0,0,0,27,24
20726,0:1:1;0:2:1;0:4:3;1:3:3,4,2,1,1,1,0,1,1,1,1,1,5,9,2
20727,0:1:1;0:2:1;0:4:3;1:3:3,4,3,1,1,1,0,1,1,1,1,1,5,9,2
20728,0:1:1;0:2:1;0:4:3;1:3:3,4,4,1,1,1,0,1,1,1,1,1,5,9,2
20729,0:1:1;0:2:1;0:4:3;1:3:3,4,5,1,1,1,0,1,1,1,1,1,5,9,1
20730,0:1:1;0:2:1;0:4:3;1:3:3,5,0,0,0,0,1,0,0,0,0,0,0,15,24
20731,0:1:1;0:2:1;0:4:3;1:3:3,5,1,0,0,0,1,0,0,0,0,0,0,27,24
20732,0:1:1;0:2:1;0:4:3;1:3:3,5,2,1,1,1,0,1,1,1,1,1,5,9,2
20733,0:1:1;0:2:1;0:4:3;1:3:3,5,3,1,1,1,0,1,1,1,1,1,5,9,2
20734,0:1:1;0:2:1;0:4:3;1:3:3,5,4,1,1,1,0,1,1,1,1,1,5,9,2
20735,0:1:1;0:2:1;0:4:3;1:3:3,5,5,1,1,1,0,1,1,1,1,1,5,9,1
20736,0:1:1;0:2:1;0:4:3;1:4:3,0,0,0,0,0,1,0,0,0,0,0,0,1,24
20737,0:1:1;0:2:1;0:4:3;1:4:3,0,1,1,0,0,1,0,0,0,0,0,3,7,24
20738,0:1:1;0:2:1;0:4:3;1:4:3,0,2,1,1,0,0,1,1,1,1,1,5,9,2
20739,0:1:1;0:2:1;0:4:3;1:4:3,0,3,1,1,0,0,1,1,1,1,1,5,9,2
20740,0:1:1;0:2:1;0:4:3;1:4:3,0,4,1,1,0,0,1,1,1,1,1,5,9,2
20741,0:1:1;0:2:1;0:4:3;1:4:3,0,5,1,1,1,0,1,1,1,1,1,5,9,1
20742,0:1:1;0:2:1;0:4:3;1:4:3,1,0,0,0,0,1,0,0,0,0,0,0,2,24
20743,0:1:1;0:2:1;0:4:3;1:4:3,1,1,1,1,0,1,0,0,0,1,1,6,12,11
20744,0:1:1;0:2:1;0:4:3;1:4:3,1,2,1,1,0,0,1,1,1,1,1,5,9,2
20745,0:1:1;0:2:1;0:4:3;1:4:3,1,3,1,1,0,0,1,1,1,1,1,5,9,2
20746,0:1:1;0:2:1;0:4:3;1:4:3,1,4,1,1,1,0,1,1,1,1,1,5,9,2
20747,0:1:1;0:2:1;0:4:3;1:4:3,1,5,1,1,1,0,1,1,1,1,1,5,9,1
20748,0:1:1;0:2:1;0:4:3;1:4:3,2,0,0,0,0,1,0,0,0,0,0,0,3,24
20749,0:1:1;0:2:1;0:4:3;1:4:3,2,1,1,1,0,0,1,1,1,1,1,5,9,5
20750,0:1:1;0:2:1;0:4:3;1:4:3,2,2,1,1,0,0,1,1,1,1,1,5,9,2
20751,0:1:1;0:2:1;0:4:3;1:4:3,2,3,1,1,1,0,1,1,1,1,1,5,9,2
20752,0:1:1;0:2:1;0:4:3;1:4:3,2,4,1,1,1,0,1,1,1,1,1,5,9,2
20753,0:1:1;0:2:1;0:4:3;1:4:3,2,5,1,1,1,0,1,1,1,1,1,5,9,1
20754,0:1:1;0:2:1;0:4:3;1:4:3,3,0,0,0,0,1,0,0,0,0,0,0,18,24
20755,0:1:1;0:2:1;0:4:3;1:4:3,3,1,1,1,0,0,1,1,1,1,1,5,9,5
20756,0:1:1;0:2:1;0:4:3;1:4:3,3,2,1,1,1,0,1,1,1,1,1,5,9,2
20757,0:1:1;0:2:1;0:4:3;1:4:3,3,3,1,1,1,0,1,1,1,1,1,5,9,2
20758,0:1:1;0:2:1;0:4:3;1:4:3,3,4,1,1,1,0,1,1,1,1,1,5,9,2
20759,0:1:1;0:2:1;0:4:3;1:4:3,3,5,1,1,1,0,1,1,1,1,1,5,9,1
20760,0:1:1;0:2:1;0:4:3;1:4:3,4,0,0,0,0,1,0,0,0,0,0,0,18,24
20761,0:1:1;0:2:1;0:4:3;1:4:3,4,1,1,1,1,0,1,1,1,1,1,5,9,5
20762,0:1:1;0:2:1;0:4:3;1:4:3,4,2,1,1,1,0,1,1,1,1,1,5,9,2
20763,0:1:1;0:2:1;0:4:3;1:4:3,4,3,1,1,1,0,1,1,1,1,1,5,9,2
20764,0:1:1;0:2:1;0:4:3;1:4:3,4,4,1,1,1,0,1,1,1,1,1,5,9,2
20765,0:1:1;0:2:1;0:4:3;1:4:3,4,5,1,1,1,0,1,1,1,1,1,5,9,1
20766,0:1:1;0:2:1;0:4:3;1:4:3,5,0,0,0,0,1,0,0,0,0,0,0,18,24
20767,0:1:1;0:2:1;0:4:3;1:4:3,5,1,1,1,1,0,1,1,1,1,1,5,9,5
20768,0:1:1;0:2:1;0:4:3;1:4:3,5,2,1,1,1,0,1,1,1,1,1,5,9,2
20769,0:1:1;0:2:1;0:4:3;1:4:3,5,3,1,1,1,0,1,1,1,1,1,5,9,2
20770,0:1:1;0:2:1;0:4:3;1:4:3,5,4,1,1,1,0,1,1,1,1,1,5,9,2
20771,0:1:1;0:2:1;0:4:3;1:4:3,5,5,1,1,1,0,1,1,1,1,1,5,9,1
20772,0:1:1;0:2:1;1:1:1;1:1:1,0,0,1,0,0,1,0,0,0,0,0,1,1,24
20773,0:1:1;0:2:1;1:1:1;1:1:1,0,1,1,1,1,0,1,1,1,1,1,5,5,3
20774,0:1:1;0:2:1;1:1:1;1:1:1,0,2,1,1,1,0,1,1,1,1,1,5,5,1
20775,0:1:1;0:2:1;1:1:1;1:1:1,0,3,1,1,1,0,1,1,1,1,1,5,5,1
20776,0:1:1;0:2:1;1:1:1;1:1:1,0,4,1,1,1,0,1,1,1,1,1,5,5,1
20777,0:1:1;0:2:1;1:1:1;1:1:1,0,5,1,1,1,0,1,1,1,1,1,5,5,1
20778,0:1:1;0:2:1;1:1:1;1:1:1,1,0,1,1,1,0,1,1,1,1,1,5,5,14
20779,0:1:1;0:2:1;1:1:1;1:1:1,1,1,1,1,1,0,1,1,1,1,1,5,5,3
20780,0:1:1;0:2:1;1:1:1;1:1:1,1,2,1,1,1,0,1,1,1,1,1,5,5,1
20781,0:1:1;0:2:1;1:1:1;1:1:1,1,3,1,1,1,0,1,1,1,1,1,5,5,1
20782,0:1:1;0:2:1;1:1:1;1:1:1,1,4,1,1,1,0,1,1,1,1,1,5,5,1
20783,0:1:1;0:2:1;1:1:1;1:1:1,1,5,1,1,1,0,1,1,1,1,1,5,5,1
20784,0:1:1;0:2:1;1:1:1;1:1:1,2,0,1,1,1,0,1,1,1,1,1,5,5,14
20785,0:1:1;0:2:1;1:1:1;1:1:1,2,1,1,1,1,0,1,1,1,1,1,5,5,3
20786,0:1:1;0:2:1;1:1:1;1:1:1,2,2,1,1,1,0,1,1,1,1,1,5,5,1
20787,0:1:1;0:2:1;1:1:1;1:1:1,2,3,1,1,1,0,1,1,1,1,1,5,5,1
20788,0:1:1;0:2:1;1:1:1;1:1:1,2,4,1,1,1,0,1,1,1,1,1,5,5,1
20789,0:1:1;0:2:1;1:1:1;1:1:1,2,5,1,1,1,0,1,1,1,1,1,5,5,1
20790,0:1:1;0:2:1;1:1:1;1:1:1,3,0,1,1,1,0,1,1,1,1,1,5,5,14
20791,0:1:1;0:2:1;1:1:1;1:1:1,3,1,1,1,1,0,1,1,1,1,1,5,5,3
20792,0:1:1;0:2:1;1:1:1;1:1:1,3,2,1,1,1,0,1,1,1,1,1,5,5,1
20793,0:1:1;0:2:1;1:1:1;1:1:1,3,3,1,1,1,0,1,1,1,1,1,5,5,1
20794,0:1:1;0:2:1;1:1:1;1:1:1,3,4,1,1,1,0,1,1,1,1,1,5,5,1
20795,0:1:1;0:2:1;1:1:1;1:1:1,3,5,1,1,1,0,1,1,1,1,1,5,5,1
20796,0:1:1;0:2:1;1:1:1;1:1:1,4,0,1,1,1,0,1,1,1,1,1,5,5,14
20797,0:1:1;0:2:1;1:1:1;1:1:1,4,1,1,1,1,0,1,1,1,1,1,5,5,3
20798,0:1:1;0:2:1;1:1:1;1:1:1,4,2,1,1,1,0,1,1,1,1,1,5,5,1
20799,0:1:1;0:2:1;1:1:1;1:1:1,4,3,1,1,1,0,1,1,1,1,1,5,5,1
20800,0:1:1;0:2:1;1:1:1;1:1:1,4,4,1,1,1,0,1,1,1,1,1,5,5,1
20801,0:1:1;0:2:1;1:1:1;1:1:1,4,5,1,1,1,0,1,1,1,1,1,5,5,1
20802,0:1:1;0:2:1;1:1:1;1:1:1,5,0,1,1,1,0,1,1,1,1,1,5,5,14
20803,0:1:1;0:2:1;1:1:1;1:1:1,5,1,1,1,1,0,1,1,1,1,1,5,5,3
20804,0:1:1;0:2:1;1:1:1;1:1:1,5,2,1,1,1,0,1,1,1,1,1,5,5,1
20805,0:1:1;0:2:1;1:1:1;1:1:1,5,3,1,1,1,0,1,1,1,1,1,5,5,1
20806,0:1:1;0:2:1;1:1:1;1:1:1,5,4,1,1,1,0,1,1,1,1,1,5,5,1
20807,0:1:1;0:2:1;1:1:1;1:1:1,5,5,1,1,1,0,1,1,1,1,1,5,5,1
20808,0:1:1;0:2:1;1:1:1;1:2:1,0,0,1,0,0,1,0,0,0,0,0,1,1,24
20809,0:1:1;0:2:1;1:1:1;1:2:1,0,1,1,1,1,0,1,1,1,1,1,5,5,3
20810,0:1:1;0:2:1;1:1:1;1:2:1,0,2,1,1,1,0,1,1,1,1,1,5,5,1
20811,0:1:1;0:2:1;1:1:1;1:2:1,0,3,1,1,1,0,1,1,1,1,1,5,5,1
20812,0:1:1;0:2:1;1:1:1;1:2:1,0,4,1,1,1,0,1,1,1,1,1,5,5,1
20813,0:1:1;0:2:1;1:1:1;1:2:1,0,5,1,1,1,0,1,1,1,1,1,5,5,1
20814,0:1:1;0:2:1;1:1:1;1:2:1,1,0,1,1,1,0,1,1,1,1,1,5,5,14
20815,0:1:1;0:2:1;1:1:1;1:2:1,1,1,1,1,1,0,1,1,1,1,1,5,5,3
20816,0:1:1;0:2:1;1:1:1;1:2:1,1,2,1,1,1,0,1,1,1,1,1,5,5,1
20817,0:1:1;0:2:1;1:1:1;1:2:1,1,3,1,1,1,0,1,1,1,1,1,5,5,1
20818,0:1:1;0:2:1;1:1:1;1:2:1,1,4,1,1,1,0,1,1,1,1,1,5,5,1
20819,0:1:1;0:2:1;1:1:1;1:2:1,1,5,1,1,1,0,1,1,1,1,1,5,5,1
20820,0:1:1;0:2:1;1:1:1;1:2:1,2,0,1,1,1,0,1,1,1,1,1,5,5,14
20821,0:1:1;0:2:1;1:1:1;1:2:1,2,1,1,1,1,0,1,1,1,1,1,5,5,3
20822,0:1:1;0:2:1;1:1:1;1:2:1,2,2,1,1,1,0,1,1,1,1,1,5,5,1
20823,0:1:1;0:2:1;1:1:1;1:2:1,2,3,1,1,1,0,1,1,1,1,1,5,5,1
20824,0:1:1;0:2:1;1:1:1;1:2:1,2,4,1,1,1,0,1,1,1,1,1,5,5,1
20825,0:1:1;0:2:1;1:1:1;1:2:1,2,5,1,1,1,0,1,1,1,1,1,5,5,1
20826,0:1:1;0:2:1;1:1:1;1:2:1,3,0,1,1,1,0,1,1,1,1,1,5,5,14
20827,0:1:1;0:2:1;1:1:1;1:2:1,3,1,1,1,1,0,1,1,1,1,1,5,5,3
20828,0:1:1;0:2:1;1:1:1;1:2:1,3,2,1,1,1,0,1,1,1,1,1,5,5,1
20829,0:1:1;0:2:1;1:1:1;1:2:1,3,3,1,1,1,0,1,1,1,1,1,5,5,1
20830,0:1:1;0:2:1;1:1:1;1:2:1,3,4,1,1,1,0,1,1,1,1,1,5,5,1
20831,0:1:1;0:2:1;1:1:1;1:2:1,3,5,1,1,1,0,1,1,1,1,1,5,5,1
20832,0:1:1;0:2:1;1:1:1;1:2:1,4,0,1,1,1,0,1,1,1,1,1,5,5,14
20833,0:1:1;0:2:1;1:1:1;1:2:1,4,1,1,1,1,0,1,1,1,1,1,5,5,3
20834,0:1:1;0:2:1;1:1:1;1:2:1,4,2,1,1,1,0,1,1,1,1,1,5,5,1
20835,0:1:1;0:2:1;1:1:1;1:2:1,4,3,1,1,1,0,1,1,1,1,1,5,5,1
20836,0:1:1;0:2:1;1:1:1;1:2:1,4,4,1,1,1,0,1,1,1,1,1,5,5,1
20837,0:1:1;0:2:1;1:1:1;1:2:1,4,5,1,1,1,0,1,1,1,1,1,5,5,1
20838,0:1:1;0:2:1;1:1:1;1:2:1,5,0,1,1,1,0,1,1,1,1,1,5,5,14
20839,0:1:1;0:2:1;1:1:1;1:2:1,5,1,1,1,1,0,1,1,1,1,1,5,5,3
20840,0:1:1;0:2:1;1:1:1;1:2:1,5,2,1,1,1,0,1,1,1,1,1,5,5,1
20841,0:1:1;0:2:1;1:1:1;1:2:1,5,3,1,1,1,0,1,1,1,1,1,5,5,1
20842,0:1:1;0:2:1;1:1:1;1:2:1,5,4,1,1,1,0,1,1,1,1,1,5,5,1
20843,0:1:1;0:2:1;1:1:1;1:2:1,5,5,1,1,1,0,1,1,1,1,1,5,5,1
20844,0:1:1;0:2:1;1:1:1;1:2:2,0,0,1,0,0,1,0,0,0,0,0,1,1,24
20845,0:1:1;0:2:1;1:1:1;1:2:2,0,1,1,1,0,0,1,1,1,1,1,5,6,3
20846,0:1:1;0:2:1;1:1:1;1:2:2,0,2,1,1,1,0,1,1,1,1,1,5,6,1
20847,0:1:1;0:2:1;1:1:1;1:2:2,0,3,1,1,1,0,1,1,1,1,1,5,6,1
20848,0:1:1;0:2:1;1:1:1;1:2:2,0,4,1,1,1,0,1,1,1,1,1,5,6,1
20849,0:1:1;0:2:1;1:1:1;1:2:2,0,5,1,1,1,0,1,1,1,1,1,5,6,1
20850,0:1:1;0:2:1;1:1:1;1:2:2,1,0,1,1,0,1,0,0,0,1,1,6,8,16
20851,0:1:1;0:2:1;1:1:1;1:2:2,1,1,1,1,1,0,1,1,1,1,1,5,6,3
20852,0:1:1;0:2:1;1:1:1;1:2:2,1,2,1,1,1,0,1,1,1,1,1,5,6,1
20853,0:1:1;0:2:1;1:1:1;1:2:2,1,3,1,1,1,0,1,1,1,1,1,5,6,1
20854,0:1:1;0:2:1;1:1:1;1:2:2,1,4,1,1,1,0,1,1,1,1,1,5,6,1
20855,0:1:1;0:2:1;1:1:1;1:2:2,1,5,1,1,1,0,1,1,1,1,1,5,6,1
20856,0:1:1;0:2:1;1:1:1;1:2:2,2,0,1,1,1,0,1,1,1,1,1,5,6,14
20857,0:1:1;0:2:1;1:1:1;1:2:2,2,1,1,1,1,0,1,1,1,1,1,5,6,3
20858,0:1:1;0:2:1;1:1:1;1:2:2,2,2,1,1,1,0,1,1,1,1,1,5,6,1
20859,0:1:1;0:2:1;1:1:1;1:2:2,2,3,1,1,1,0,1,1,1,1,1,5,6,1
20860,0:1:1;0:2:1;1:1:1;1:2:2,2,4,1,1,1,0,1,1,1,1,1,5,6,1
20861,0:1:1;0:2:1;1:1:1;1:2:2,2,5,1,1,1,0,1,1,1,1,1,5,6,1
20862,0:1:1;0:2:1;1:1:1;1:2:2,3,0,1,1,1,0,1,1,1,1,1,5,6,14
20863,0:1:1;0:2:1;1:1:1;1:2:2,3,1,1,1,1,0,1,1,1,1,1,5,6,3
20864,0:1:1;0:2:1;1:1:1;1:2:2,3,2,1,1,1,0,1,1,1,1,1,5,6,1
20865,0:1:1;0:2:1;1:1:1;1:2:2,3,3,1,1,1,0,1,1,1,1,1,5,6,1
20866,0:1:1;0:2:1;1:1:1;1:2:2,3,4,1,1,1,0,1,1,1,1,1,5,6,1
20867,0:1:1;0:2:1;1:1:1;1:2:2,3,5,1,1,1,0,1,1,1,1,1,5,6,1
20868,0:1:1;0:2:1;1:1:1;1:2:2,4,0,1,1,1,0,1,1,1,1,1,5,6,14
20869,0:1:1;0:2:1;1:1:1;1:2:2,4,1,1,1,1,0,1,1,1,1,1,5,6,3
20870,0:1:1;0:2:1;1:1:1;1:2:2,4,2,1,1,1,0,1,1,1,1,1,5,6,1
20871,0:1:1;0:2:1;1:1:1;1:2:2,4,3,1,1,1,0,1,1,1,1,1,5,6,1
20872,0:1:1;0:2:1;1:1:1;1:2:2,4,4,1,1,1,0,1,1,1,1,1,5,6,1
20873,0:1:1;0:2:1;1:1:1;1:2:2,4,5,1,1,1,0,1,1,1,1,1,5,6,1
20874,0:1:1;0:2:1;1:1:1;1:2:2,5,0,1,1,1,0,1,1,1,1,1,5,6,14
20875,0:1:1;0:2:1;1:1:1;1:2:2,5,1,1,1,1,0,1,1,1,1,1,5,6,3
20876,0:1:1;0:2:1;1:1:1;1:2:2,5,2,1,1,1,0,1,1,1,1,1,5,6,1
20877,0:1:1;0:2:1;1:1:1;1:2:2,5,3,1,1,1,0,1,1,1,1,1,5,6,1
20878,0:1:1;0:2:1;1:1:1;1:2:2,5,4,1,1,1,0,1,1,1,1,1,5,6,1
20879,0:1:1;0:2:1;1:1:1;1:2:2,5,5,1,1,1,0,1,1,1,1,1,5,6,1
20880,0:1:1;0:2:1;1:1:1;1:3:2,0,0,1,0,0,1,0,0,0,0,0,1,1,24
20881,0:1:1;0:2:1;1:1:1;1:3:2,0,1,1,1,0,0,1,1,1,1,1,5,6,3
20882,0:1:1;0:2:1;1:1:1;1:3:2,0,2,1,1,1,0,1,1,1,1,1,5,6,1
20883,0:1:1;0:2:1;1:1:1;1:3:2,0,3,1,1,1,0,1,1,1,1,1,5,6,1
20884,0:1:1;0:2:1;1:1:1;1:3:2,0,4,1,1,1,0,1,1,1,1,1,5,6,1
20885,0:1:1;0:2:1;1:1:1;1:3:2,0,5,1,1,1,0,1,1,1,1,1,5,6,1
20886,0:1:1;0:2:1;1:1:1;1:3:2,1,0,1,1,0,1,0,0,0,1,1,6,8,16
20887,0:1:1;0:2:1;1:1:1;1:3:2,1,1,1,1,1,0,1,1,1,1,1,5,6,3
20888,0:1:1;0:2:1;1:1:1;1:3:2,1,2,1,1,1,0,1,1,1,1,1,5,6,1
20889,0:1:1;0:2:1;1:1:1;1:3:2,1,3,1,1,1,0,1,1,1,1,1,5,6,1
20890,0:1:1;0:2:1;1:1:1;1:3:2,1,4,1,1,1,0,1,1,1,1,1,5,6,1
20891,0:1:1;0:2:1;1:1:1;1:3:2,1,5,1,1,1,0,1,1,1,1,1,5,6,1
20892,0:1:1;0:2:1;1:1:1;1:3:2,2,0,1,1,1,0,1,1,1,1,1,5,6,14
20893,0:1:1;0:2:1;1:1:1;1:3:2,2,1,1,1,1,0,1,1,1,1,1,5,6,3
20894,0:1:1;0:2:1;1:1:1;1:3:2,2,2,1,1,1,0,1,1,1,1,1,5,6,1
20895,0:1:1;0:2:1;1:1:1;1:3:2,2,3,1,1,1,0,1,1,1,1,1,5,6,1
20896,0:1:1;0:2:1;1:1:1;1:3:2,2,4,1,1,1,0,1,1,1,1,1,5,6,1
20897,0:1:1;0:2:1;1:1:1;1:3:2,2,5,1,1,1,0,1,1,1,1,1,5,6,1
20898,0:1:1;0:2:1;1:1:1;1:3:2,3,0,1,1,1,0,1,1,1,1,1,5,6,14
20899,0:1:1;0:2:1;1:1:1;1:3:2,3,1,1,1,1,0,1,1,1,1,1,5,6,3
20900,0:1:1;0:2:1;1:1:1;1:3:2,3,2,1,1,1,0,1,1,1,1,1,5,6,1
20901,0:1:1;0:2:1;1:1:1;1:3:2,3,3,1,1,1,0,1,1,1,1,1,5,6,1
20902,0:1:1;0:2:1;1:1:1;1:3:2,3,4,1,1,1,0,1,1,1,1,1,5,6,1
20903,0:1:1;0:2:1;1:1:1;1:3:2,3,5,1,1,1,0,1,1,1,1,1,5,6,1
20904,0:1:1;0:2:1;1:1:1;1:3:2,4,0,1,1,1,0,1,1,1,1,1,5,6,14
20905,0:1:1;0:2:1;1:1:1;1:3:2,4,1,1,1,1,0,1,1,1,1,1,5,6,3
20906,0:1:1;0:2:1;1:1:1;1:3:2,4,2,1,1,1,0,1,1,1,1,1,5,6,1
20907,0:1:1;0:2:1;1:1:1;1:3:2,4,3,1,1,1,0,1,1,1,1,1,5,6,1
20908,0:1:1;0:2:1;1:1:1;1:3:2,4,4,1,1,1,0,1,1,1,1,1,5,6,1
20909,0:1:1;0:2:1;1:1:1;1:3:2,4,5,1,1,1,0,1,1,1,1,1,5,6,1
20910,0:1:1;0:2:1;1:1:1;1:3:2,5,0,1,1,1,0,1,1,1,1,1,5,6,14
20911,0:1:1;0:2:1;1:1:1;1:3:2,5,1,1,1,1,0,1,1,1,1,1,5,6,3
20912,0:1:1;0:2:1;1:1:1;1:3:2,5,2,1,1,1,0,1,1,1,1,1,5,6,1
20913,0:1:1;0:2:1;1:1:1;1:3:2,5,3,1,1,1,0,1,1,1,1,1,5,6,1
20914,0:1:1;0:2:1;1:1:1;1:3:2,5,4,1,1,1,0,1,1,1,1,1,5,6,1
20915,0:1:1;0:2:1;1:1:1;1:3:2,5,5,1,1,1,0,1,1,1,1,1,5,6,1
20916,0:1:1;0:2:1;1:1:1;1:3:3,0,0,0,0,0,1,0,0,0,0,0,0,1,24
20917,0:1:1;0:2:1;1:1:1;1:3:3,0,1,0,0,0,1,0,0,0,0,0,0,12,24
20918,0:1:1;0:2:1;1:1:1;1:3:3,0,2,0,0,0,1,0,0,0,0,0,0,16,24
20919,0:1:1;0:2:1;1:1:1;1:3:3,0,3,0,0,0,1,0,0,0,0,0,0,16,24
20920,0:1:1;0:2:1;1:1:1;1:3:3,0,4,0,0,0,1,0,0,0,0,0,0,16,24
20921,0:1:1;0:2:1;1:1:1;1:3:3,0,5,0,0,0,1,0,0,0,0,0,0,16,24
20922,0:1:1;0:2:1;1:1:1;1:3:3,1,0,1,0,0,1,0,0,0,0,0,4,8,24
20923,0:1:1;0:2:1;1:1:1;1:3:3,1,1,1,1,0,0,1,1,1,1,1,5,7,3
20924,0:1:1;0:2:1;1:1:1;1:3:3,1,2,1,1,1,0,1,1,1,1,1,5,7,1
20925,0:1:1;0:2:1;1:1:1;1:3:3,1,3,1,1,1,0,1,1,1,1,1,5,7,1
20926,0:1:1;0:2:1;1:1:1;1:3:3,1,4,1,1,1,0,1,1,1,1,1,5,7,1
20927,0:1:1;0:2:1;1:1:1;1:3:3,1,5,1,1,1,0,1,1,1,1,1,5,7,1
20928,0:1:1;0:2:1;1:1:1;1:3:3,2,0,1,1,0,1,0,0,0,1,1,6,10,16
20929,0:1:1;0:2:1;1:1:1;1:3:3,2,1,1,1,1,0,1,1,1,1,1,5,7,3
20930,0:1:1;0:2:1;1:1:1;1:3:3,2,2,1,1,1,0,1,1,1,1,1,5,7,1
20931,0:1:1;0:2:1;1:1:1;1:3:3,2,3,1,1,1,0,1,1,1,1,1,5,7,1
20932,0:1:1;0:2:1;1:1:1;1:3:3,2,4,1,1,1,0,1,1,1,1,1,5,7,1
20933,0:1:1;0:2:1;1:1:1;1:3:3,2,5,1,1,1,0,1,1,1,1,1,5,7,1
20934,0:1:1;0:2:1;1:1:1;1:3:3,3,0,1,1,1,0,1,1,1,1,1,5,7,14
20935,0:1:1;0:2:1;1:1:1;1:3:3,3,1,1,1,1,0,1,1,1,1,1,5,7,3
20936,0:1:1;0:2:1;1:1:1;1:3:3,3,2,1,1,1,0,1,1,1,1,1,5,7,1
20937,0:1:1;0:2:1;1:1:1;1:3:3,3,3,1,1,1,0,1,1,1,1,1,5,7,1
20938,0:1:1;0:2:1;1:1:1;1:3:3,3,4,1,1,1,0,1,1,1,1,1,5,7,1
20939,0:1:1;0:2:1;1:1:1;1:3:3,3,5,1,1,1,0,1,1,1,1,1,5,7,1
20940,0:1:1;0:2:1;1:1:1;1:3:3,4,0,1,1,1,0,1,1,1,1,1,5,7,14
20941,0:1:1;0:2:1;1:1:1;1:3:3,4,1,1,1,1,0,1,1,1,1,1,5,7,3
20942,0:1:1;0:2:1;1:1:1;1:3:3,4,2,1,1,1,0,1,1,1,1,1,5,7,1
20943,0:1:1;0:2:1;1:1:1;1:3:3,4,3,1,1,1,0,1,1,1,1,1,5,7,1
20944,0:1:1;0:2:1;1:1:1;1:3:3,4,4,1,1,1,0,1,1,1,1,1,5,7,1
20945,0:1:1;0:2:1;1:1:1;1:3:3,4,5,1,1,1,0,1,1,1,1,1,5,7,1
20946,0:1:1;0:2:1;1:1:1;1:3:3,5,0,1,1,1,0,1,1,1,1,1,5,7,14
20947,0:1:1;0:2:1;1:1:1;1:3:3,5,1,1,1,1,0,1,1,1,1,1,5,7,3
20948,0:1:1;0:2:1;1:1:1;1:3:3,5,2,1,1,1,0,1,1,1,1,1,5,7,1
20949,0:1:1;0:2:1;1:1:1;1:3:3,5,3,1,1,1,0,1,1,1,1,1,5,7,1
20950,0:1:1;0:2:1;1:1:1;1:3:3,5,4,1,1,1,0,1,1,1,1,1,5,7,1
20951,0:1:1;0:2:1;1:1:1;1:3:3,5,5,1,1,1,0,1,1,1,1,1,5,7,1
20952,0:1:1;0:2:1;1:1:1;1:4:3,0,0,0,0,0,1,0,0,0,0,0,0,1,24
20953,0:1:1;0:2:1;1:1:1;1:4:3,0,1,0,0,0,1,0,0,0,0,0,0,12,24
20954,0:1:1;0:2:1;1:1:1;1:4:3,0,2,0,0,0,1,0,0,0,0,0,0,16,24
20955,0:1:1;0:2:1;1:1:1;1:4:3,0,3,0,0,0,1,0,0,0,0,0,0,16,24
20956,0:1:1;0:2:1;1:1:1;1:4:3,0,4,0,0,0,1,0,0,0,0,0,0,16,24
20957,0:1:1;0:2:1;1:1:1;1:4:3,0,5,0,0,0,1,0,0,0,0,0,0,16,24
20958,0:1:1;0:2:1;1:1:1;1:4:3,1,0,1,0,0,1,0,0,0,0,0,4,8,24
20959,0:1:1;0:2:1;1:1:1;1:4:3,1,1,1,1,0,0,1,1,1,1,1,5,7,3
20960,0:1:1;0:2:1;1:1:1;1:4:3,1,2,1,1,1,0,1,1,1,1,1,5,7,1
20961,0:1:1;0:2:1;1:1:1;1:4:3,1,3,1,1,1,0,1,1,1,1,1,5,7,1
20962,0:1:1;0:2:1;1:1:1;1:4:3,1,4,1,1,1,0,1,1,1,1,1,5,7,1
20963,0:1:1;0:2:1;1:1:1;1:4:3,1,5,1,1,1,0,1,1,1,1,1,5,7,1
20964,0:1:1;0:2:1;1:1:1;1:4:3,2,0,1,1,0,1,0,0,0,1,1,6,10,16
20965,0:1:1;0:2:1;1:1:1;1:4:3,2,1,1,1,1,0,1,1,1,1,1,5,7,3
20966,0:1:1;0:2:1;1:1:1;1:4:3,2,2,1,1,1,0,1,1,1,1,1,5,7,1
20967,0:1:1;0:2:1;1:1:1;1:4:3,2,3,1,1,1,0,1,1,1,1,1,5,7,1
20968,0:1:1;0:2:1;1:1:1;1:4:3,2,4,1,1,1,0,1,1,1,1,1,5,7,1
20969,0:1:1;0:2:1;1:1:1;1:4:3,2,5,1,1,1,0,1,1,1,1,1,5,7,1
20970,0:1:1;0:2:1;1:1:1;1:4:3,3,0,1,1,1,0,1,1,1,1,1,5,7,14
20971,0:1:1;0:2:1;1:1:1;1:4:3,3,1,1,1,1,0,1,1,1,1,1,5,7,3
20972,0:1:1;0:2:1;1:1:1;1:4:3,3,2,1,1,1,0,1,1,1,1,1,5,7,1
20973,0:1:1;0:2:1;1:1:1;1:4:3,3,3,1,1,1,0,1,1,1,1,1,5,7,1
20974,0:1:1;0:2:1;1:1:1;1:4:3,3,4,1,1,1,0,1,1,1,1,1,5,7,1
20975,0:1:1;0:2:1;1:1:1;1:4:3,3,5,1,1,1,0,1,1,1,1,1,5,7,1
20976,0:1:1;0:2:1;1:1:1;1:4:3,4,0,1,1,1,0,1,1,1,1,1,5,7,14
20977,0:1:1;0:2:1;1:1:1;1:4:3,4,1,1,1,1,0,1,1,1,1,1,5,7,3
20978,0:1:1;0:2:1;1:1:1;1:4:3,4,2,1,1,1,0,1,1,1,1,1,5,7,1
20979,0:1:1;0:2:1;1:1:1;1:4:3,4,3,1,1,1,0,1,1,1,1,1,5,7,1
20980,0:1:1;0:2:1;1:1:1;1:4:3,4,4,1,1,1,0,1,1,1,1,1,5,7,1
20981,0:1:1;0:2:1;1:1:1;1:4:3,4,5,1,1,1,0,1,1,1,1,1,5,7,1
20982,0:1:1;0:2:1;1:1:1;1:4:3,5,0,1,1,1,0,1,1,1,1,1,5,7,14
20983,0:1:1;0:2:1;1:1:1;1:4:3,5,1,1,1,1,0,1,1,1,1,1,5,7,3
20984,0:1:1;0:2:1;1:1:1;1:4:3,5,2,1,1,1,0,1,1,1,1,1,5,7,1
20985,0:1:1;0:2:1;1:1:1;1:4:3,5,3,1,1,1,0,1,1,1,1,1,5,7,1
20986,0:1:1;0:2:1;1:1:1;1:4:3,5,4,1,1,1,0,1,1,1,1,1,5,7,1
20987,0:1:1;0:2:1;1:1:1;1:4:3,5,5,1,1,1,0,1,1,1,1,1,5,7,1
20988,0:1:1;0:2:1;1:2:1;1:2:1,0,0,1,0,0,1,0,0,0,0,0,1,1,24
20989,0:1:1;0:2:1;1:2:1;1:2:1,0,1,1,1,1,0,1,1,1,1,1,5,5,3
20990,0:1:1;0:2:1;1:2:1;1:2:1,0,2,1,1,1,0,1,1,1,1,1,5,5,1
20991,0:1:1;0:2:1;1:2:1;1:2:1,0,3,1,1,1,0,1,1,1,1,1,5,5,1
20992,0:1:1;0:2:1;1:2:1;1:2:1,0,4,1,1,1,0,1,1,1,1,1,5,5,1
20993,0:1:1;0:2:1;1:2:1;1:2:1,0,5,1,1,1,0,1,1,1,1,1,5,5,1
20994,0:1:1;0:2:1;1:2:1;1:2:1,1,0,1,1,1,0,1,1,1,1,1,5,5,13
20995,0:1:1;0:2:1;1:2:1;1:2:1,1,1,1,1,1,0,1,1,1,1,1,5,5,3
20996,0:1:1;0:2:1;1:2:1;1:2:1,1,2,1,1,1,0,1,1,1,1,1,5,5,1
20997,0:1:1;0:2:1;1:2:1;1:2:1,1,3,1,1,1,0,1,1,1,1,1,5,5,1
20998,0:1:1;0:2:1;1:2:1;1:2:1,1,4,1,1,1,0,1,1,1,1,1,5,5,1
20999,0:1:1;0:2:1;1:2:1;1:2:1,1,5,1,1,1,0,1,1,1,1,1,5,5,1
21000,0:1:1;0:2:1;1:2:1;1:2:1,2,0,1,1,1,0,1,1,1,1,1,5,5,13
21001,0:1:1;0:2:1;1:2:1;1:2:1,2,1,1,1,1,0,1,1,1,1,1,5,5,3
21002,0:1:1;0:2:1;1:2:1;1:2:1,2,2,1,1,1,0,1,1,1,1,1,5,5,1
21003,0:1:1;0:2:1;1:2:1;1:2:1,2,3,1,1,1,0,1,1,1,1,1,5,5,1
21004,0:1:1;0:2:1;1:2:1;1:2:1,2,4,1,1,1,0,1,1,1,1,1,5,5,1
21005,0:1:1;0:2:1;1:2:1;1:2:1,2,5,1,1,1,0,1,1,1,1,1,5,5,1
21006,0:1:1;0:2:1;1:2:1;1:2:1,3,0,1,1,1,0,1,1,1,1,1,5,5,13
21007,0:1:1;0:2:1;1:2:1;1:2:1,3,1,1,1,1,0,1,1,1,1,1,5,5,3
21008,0:1:1;0:2:1;1:2:1;1:2:1,3,2,1,1,1,0,1,1,1,1,1,5,5,1
21009,0:1:1;0:2:1;1:2:1;1:2:1,3,3,1,1,1,0,1,1,1,1,1,5,5,1
21010,0:1:1;0:2:1;1:2:1;1:2:1,3,4,1,1,1,0,1,1,1,1,1,5,5,1
21011,0:1:1;0:2:1;1:2:1;1:2:1,3,5,1,1,1,0,1,1,1,1,1,5,5,1
21012,0:1:1;0:2:1;1:2:1;1:2:1,4,0,1,1,1,0,1,1,1,1,1,5,5,13
21013,0:1:1;0:2:1;1:2:1;1:2:1,4,1,1,1,1,0,1,1,1,1,1,5,5,3
21014,0:1:1;0:2:1;1:2:1;1:2:1,4,2,1,1,1,0,1,1,1,1,1,5,5,1
21015,0:1:1;0:2:1;1:2:1;1:2:1,4,3,1,1,1,0,1,1,1,1,1,5,5,1
21016,0:1:1;0:2:1;1:2:1;1:2:1,4,4,1,1,1,0,1,1,1,1,1,5,5,1
21017,0:1:1;0:2:1;1:2:1;1:2:1,4,5,1,1,1,0,1,1,1,1,1,5,5,1
21018,0:1:1;0:2:1;1:2:1;1:2:1,5,0,1,1,1,0,1,1,1,1,1,5,5,13
21019,0:1:1;0:2:1;1:2:1;1:2:1,5,1,1,1,1,0,1,1,1,1,1,5,5,3
21020,0:1:1;0:2:1;1:2:1;1:2:1,5,2,1,1,1,0,1,1,1,1,1,5,5,1
21021,0:1:1;0:2:1;1:2:1;1:2:1,5,3,1,1,1,0,1,1,1,1,1,5,5,1
21022,0:1:1;0:2:1;1:2:1;1:2:1,5,4,1,1,1,0,1,1,1,1,1,5,5,1
21023,0:1:1;0:2:1;1:2:1;1:2:1,5,5,1,1,1,0,1,1,1,1,1,5,5,1
21024,0:1:1;0:2:1;1:2:1;1:2:2,0,0,1,0,0,1,0,0,0,0,0,1,1,24
21025,0:1:1;0:2:1;1:2:1;1:2:2,0,1,1,1,0,0,1,1,1,1,1,5,6,3
21026,0:1:1;0:2:1;1:2:1;1:2:2,0,2,1,1,1,0,1,1,1,1,1,5,6,1
21027,0:1:1;0:2:1;1:2:1;1:2:2,0,3,1,1,1,0,1,1,1,1,1,5,6,1
21028,0:1:1;0:2:1;1:2:1;1:2:2,0,4,1,1,1,0,1,1,1,1,1,5,6,1
21029,0:1:1;0:2:1;1:2:1;1:2:2,0,5,1,1,1,0,1,1,1,1,1,5,6,1
21030,0:1:1;0:2:1;1:2:1;1:2:2,1,0,1,1,0,0,1,1,1,1,1,5,6,13
21031,0:1:1;0:2:1;1:2:1;1:2:2,1,1,1,1,1,0,1,1,1,1,1,5,6,3
21032,0:1:1;0:2:1;1:2:1;1:2:2,1,2,1,1,1,0,1,1,1,1,1,5,6,1
21033,0:1:1;0:2:1;1:2:1;1:2:2,1,3,1,1,1,0,1,1,1,1,1,5,6,1
21034,0:1:1;0:2:1;1:2:1;1:2:2,1,4,1,1,1,0,1,1,1,1,1,5,6,1
21035,0:1:1;0:2:1;1:2:1;1:2:2,1,5,1,1,1,0,1,1,1,1,1,5,6,1
21036,0:1:1;0:2:1;1:2:1;1:2:2,2,0,1,1,1,0,1,1,1,1,1,5,6,13
21037,0:1:1;0:2:1;1:2:1;1:2:2,2,1,1,1,1,0,1,1,1,1,1,5,6,3
21038,0:1:1;0:2:1;1:2:1;1:2:2,2,2,1,1,1,0,1,1,1,1,1,5,6,1
21039,0:1:1;0:2:1;1:2:1;1:2:2,2,3,1,1,1,0,1,1,1,1,1,5,6,1
21040,0:1:1;0:2:1;1:2:1;1:2:2,2,4,1,1,1,0,1,1,1,1,1,5,6,1
21041,0:1:1;0:2:1;1:2:1;1:2:2,2,5,1,1,1,0,1,1,1,1,1,5,6,1
21042,0:1:1;0:2:1;1:2:1;1:2:2,3,0,1,1,1,0,1,1,1,1,1,5,6,13
21043,0:1:1;0:2:1;1:2:1;1:2:2,3,1,1,1,1,0,1,1,1,1,1,5,6,3
21044,0:1:1;0:2:1;1:2:1;1:2:2,3,2,1,1,1,0,1,1,1,1,1,5,6,1
21045,0:1:1;0:2:1;1:2:1;1:2:2,3,3,1,1,1,0,1,1,1,1,1,5,6,1
21046,0:1:1;0:2:1;1:2:1;1:2:2,3,4,1,1,1,0,1,1,1,1,1,5,6,1
21047,0:1:1;0:2:1;1:2:1;1:2:2,3,5,1,1,1,0,1,1,1,1,1,5,6,1
21048,0:1:1;0:2:1;1:2:1;1:2:2,4,0,1,1,1,0,1,1,1,1,1,5,6,13
21049,0:1:1;0:2:1;1:2:1;1:2:2,4,1,1,1,1,0,1,1,1,1,1,5,6,3
21050,0:1:1;0:2:1;1:2:1;1:2:2,4,2,1,1,1,0,1,1,1,1,1,5,6,1
21051,0:1:1;0:2:1;1:2:1;1:2:2,4,3,1,1,1,0,1,1,1,1,1,5,6,1
21052,0:1:1;0:2:1;1:2:1;1:2:2,4,4,1,1,1,0,1,1,1,1,1,5,6,1
21053,0:1:1;0:2:1;1:2:1;1:2:2,4,5,1,1,1,0,1,1,1,1,1,5,6,1
21054,0:1:1;0:2:1;1:2:1;1:2:2,5,0,1,1,1,0,1,1,1,1,1,5,6,13
21055,0:1:1;0:2:1;1:2:1;1:2:2,5,1,1,1,1,0,1,1,1,1,1,5,6,3
21056,0:1:1;0:2:1;1:2:1;1:2:2,5,2,1,1,1,0,1,1,1,1,1,5,6,1
21057,0:1:1;0:2:1;1:2:1;1:2:2,5,3,1,1,1,0,1,1,1,1,1,5,6,1
21058,0:1:1;0:2:1;1:2:1;1:2:2,5,4,1,1,1,0,1,1,1,1,1,5,6,1
21059,0:1:1;0:2:1;1:2:1;1:2:2,5,5,1,1,1,0,1,1,1,1,1,5,6,1
21060,0:1:1;0:2:1;1:2:1;1:3:2,0,0,1,0,0,1,0,0,0,0,0,1,1,24
21061,0:1:1;0:2:1;1:2:1;1:3:2,0,1,1,1,0,0,1,1,1,1,1,5,6,3
21062,0:1:1;0:2:1;1:2:1;1:3:2,0,2,1,1,1,0,1,1,1,1,1,5,6,1
21063,0:1:1;0:2:1;1:2:1;1:3:2,0,3,1,1,1,0,1,1,1,1,1,5,6,1
21064,0:1:1;0:2:1;1:2:1;1:3:2,0,4,1,1,1,0,1,1,1,1,1,5,6,1
21065,0:1:1;0:2:1;1:2:1;1:3:2,0,5,1,1,1,0,1,1,1,1,1,5,6,1
21066,0:1:1;0:2:1;1:2:1;1:3:2,1,0,1,1,0,0,1,1,1,1,1,5,6,13
21067,0:1:1;0:2:1;1:2:1;1:3:2,1,1,1,1,1,0,1,1,1,1,1,5,6,3
21068,0:1:1;0:2:1;1:2:1;1:3:2,1,2,1,1,1,0,1,1,1,1,1,5,6,1
21069,0:1:1;0:2:1;1:2:1;1:3:2,1,3,1,1,1,0,1,1,1,1,1,5,6,1
21070,0:1:1;0:2:1;1:2:1;1:3:2,1,4,1,1,1,0,1,1,1,1,1,5,6,1
21071,0:1:1;0:2:1;1:2:1;1:3:2,1,5,1,1,1,0,1,1,1,1,1,5,6,1
21072,0:1:1;0:2:1;1:2:1;1:3:2,2,0,1,1,1,0,1,1,1,1,1,5,6,13
21073,0:1:1;0:2:1;1:2:1;1:3:2,2,1,1,1,1,0,1,1,1,1,1,5,6,3
21074,0:1:1;0:2:1;1:2:1;1:3:2,2,2,1,1,1,0,1,1,1,1,1,5,6,1
21075,0:1:1;0:2:1;1:2:1;1:3:2,2,3,1,1,1,0,1,1,1,1,1,5,6,1
21076,0:1:1;0:2:1;1:2:1;1:3:2,2,4,1,1,1,0,1,1,1,1,1,5,6,1
21077,0:1:1;0:2:1;1:2:1;1:3:2,2,5,1,1,1,0,1,1,1,1,1,5,6,1
21078,0:1:1;0:2:1;1:2:1;1:3:2,3,0,1,1,1,0,1,1,1,1,1,5,6,13
21079,0:1:1;0:2:1;1:2:1;1:3:2,3,1,1,1,1,0,1,1,1,1,1,5,6,3
21080,0:1:1;0:2:1;1:2:1;1:3:2,3,2,1,1,1,0,1,1,1,1,1,5,6,1
21081,0:1:1;0:2:1;1:2:1;1:3:2,3,3,1,1,1,0,1,1,1,1,1,5,6,1
21082,0:1:1;0:2:1;1:2:1;1:3:2,3,4,1,1,1,0,1,1,1,1,1,5,6,1
21083,0:1:1;0:2:1;1:2:1;1:3:2,3,5,1,1,1,0,1,1,1,1,1,5,6,1
21084,0:1:1;0:2:1;1:2:1;1:3:2,4,0,1,1,1,0,1,1,1,1,1,5,6,13
21085,0:1:1;0:2:1;1:2:1;1:3:2,4,1,1,1,1,0,1,1,1,1,1,5,6,3
21086,0:1:1;0:2:1;1:2:1;1:3:2,4,2,1,1,1,0,1,1,1,1,1,5,6,1
21087,0:1:1;0:2:1;1:2:1;1:3:2,4,3,1,1,1,0,1,1,1,1,1,5,6,1
21088,0:1:1;0:2:1;1:2:1;1:3:2,4,4,1,1,1,0,1,1,1,1,1,5,6,1
21089,0:1:1;0:2:1;1:2:1;1:3:2,4,5,1,1,1,0,1,1,1,1,1,5,6,1
21090,0:1:1;0:2:1;1:2:1;1:3:2,5,0,1,1,1,0,1,1,1,1,1,5,6,13
21091,0:1:1;0:2:1;1:2:1;1:3:2,5,1,1,1,1,0,1,1,1,1,1,5,6,3
21092,0:1:1;0:2:1;1:2:1;1:3:2,5,2,1,1,1,0,1,1,1,1,1,5,6,1
21093,0:1:1;0:2:1;1:2:1;1:3:2,5,3,1,1,1,0,1,1,1,1,1,5,6,1
21094,0:1:1;0:2:1;1:2:1;1:3:2,5,4,1,1,1,0,1,1,1,1,1,5,6,1
21095,0:1:1;0:2:1;1:2:1;1:3:2,5,5,1,1,1,0,1,1,1,1,1,5,6,1
21096,0:1:1;0:2:1;1:2:1;1:3:3,0,0,0,0,0,1,0,0,0,0,0,0,1,24
21097,0:1:1;0:2:1;1:2:1;1:3:3,0,1,0,0,0,1,0,0,0,0,0,0,12,24
21098,0:1:1;0:2:1;1:2:1;1:3:3,0,2,0,0,0,1,0,0,0,0,0,0,16,24
21099,0:1:1;0:2:1;1:2:1;1:3:3,0,3,0,0,0,1,0,0,0,0,0,0,16,24
21100,0:1:1;0:2:1;1:2:1;1:3:3,0,4,0,0,0,1,0,0,0,0,0,0,16,24
21101,0:1:1;0:2:1;1:2:1;1:3:3,0,5,0,0,0,1,0,0,0,0,0,0,16,24
21102,0:1:1;0:2:1;1:2:1;1:3:3,1,0,1,1,0,0,1,1,1,1,1,5,7,13
21103,0:1:1;0:2:1;1:2:1;1:3:3,1,1,1,1,0,0,1,1,1,1,1,5,7,3
21104,0:1:1;0:2:1;1:2:1;1:3:3,1,2,1,1,1,0,1,1,1,1,1,5,7,1
21105,0:1:1;0:2:1;1:2:1;1:3:3,1,3,1,1,1,0,1,1,1,1,1,5,7,1
21106,0:1:1;0:2:1;1:2:1;1:3:3,1,4,1,1,1,0,1,1,1,1,1,5,7,1
21107,0:1:1;0:2:1;1:2:1;1:3:3,1,5,1,1,1,0,1,1,1,1,1,5,7,1
21108,0:1:1;0:2:1;1:2:1;1:3:3,2,0,1,1,0,0,1,1,1,1,1,5,7,13
21109,0:1:1;0:2:1;1:2:1;1:3:3,2,1,1,1,1,0,1,1,1,1,1,5,7,3
21110,0:1:1;0:2:1;1:2:1;1:3:3,2,2,1,1,1,0,1,1,1,1,1,5,7,1
21111,0:1:1;0:2:1;1:2:1;1:3:3,2,3,1,1,1,0,1,1,1,1,1,5,7,1
21112,0:1:1;0:2:1;1:2:1;1:3:3,2,4,1,1,1,0,1,1,1,1,1,5,7,1
21113,0:1:1;0:2:1;1:2:1;1:3:3,2,5,1,1,1,0,1,1,1,1,1,5,7,1
21114,0:1:1;0:2:1;1:2:1;1:3:3,3,0,1,1,1,0,1,1,1,1,1,5,7,13
21115,0:1:1;0:2:1;1:2:1;1:3:3,3,1,1,1,1,0,1,1,1,1,1,5,7,3
21116,0:1:1;0:2:1;1:2:1;1:3:3,3,2,1,1,1,0,1,1,1,1,1,5,7,1
21117,0:1:1;0:2:1;1:2:1;1:3:3,3,3,1,1,1,0,1,1,1,1,1,5,7,1
21118,0:1:1;0:2:1;1:2:1;1:3:3,3,4,1,1,1,0,1,1,1,1,1,5,7,1
21119,0:1:1;0:2:1;1:2:1;1:3:3,3,5,1,1,1,0,1,1,1,1,1,5,7,1
21120,0:1:1;0:2:1;1:2:1;1:3:3,4,0,1,1,1,0,1,1,1,1,1,5,7,13
21121,0:1:1;0:2:1;1:2:1;1:3:3,4,1,1,1,1,0,1,1,1,1,1,5,7,3
21122,0:1:1;0:2:1;1:2:1;1:3:3,4,2,1,1,1,0,1,1,1,1,1,5,7,1
21123,0:1:1;0:2:1;1:2:1;1:3:3,4,3,1,1,1,0,1,1,1,1,1,5,7,1
21124,0:1:1;0:2:1;1:2:1;1:3:3,4,4,1,1,1,0,1,1,1,1,1,5,7,1
21125,0:1:1;0:2:1;1:2:1;1:3:3,4,5,1,1,1,0,1,1,1,1,1,5,7,1
21126,0:1:1;0:2:1;1:2:1;1:3:3,5,0,1,1,1,0,1,1,1,1,1,5,7,13
21127,0:1:1;0:2:1;1:2:1;1:3:3,5,1,1,1,1,0,1,1,1,1,1,5,7,3
21128,0:1:1;0:2:1;1:2:1;1:3:3,5,2,1,1,1,0,1,1,1,1,1,5,7,1
21129,0:1:1;0:2:1;1:2:1;1:3:3,5,3,1,1,1,0,1,1,1,1,1,5,7,1
21130,0:1:1;0:2:1;1:2:1;1:3:3,5,4,1,1,1,0,1,1,1,1,1,5,7,1
21131,0:1:1;0:2:1;1:2:1;1:3:3,5,5,1,1,1,0,1,1,1,1,1,5,7,1
21132,0:1:1;0:2:1;1:2:1;1:4:3,0,0,0,0,0,1,0,0,0,0,0,0,1,24
21133,0:1:1;0:2:1;1:2:1;1:4:3,0,1,0,0,0,1,0,0,0,0,0,0,12,24
21134,0:1:1;0:2:1;1:2:1;1:4:3,0,2,0,0,0,1,0,0,0,0,0,0,16,24
21135,0:1:1;0:2:1;1:2:1;1:4:3,0,3,0,0,0,1,0,0,0,0,0,0,16,24
21136,0:1:1;0:2:1;1:2:1;1:4:3,0,4,0,0,0,1,0,0,0,0,0,0,16,24
21137,0:1:1;0:2:1;1:2:1;1:4:3,0,5,0,0,0,1,0,0,0,0,0,0,16,24
21138,0:1:1;0:2:1;1:2:1;1:4:3,1,0,1,1,0,0,1,1,1,1,1,5,7,13
21139,0:1:1;0:2:1;1:2:1;1:4:3,1,1,1,1,0,0,1,1,1,1,1,5,7,3
21140,0:1:1;0:2:1;1:2:1;1:4:3,1,2,1,1,1,0,1,1,1,1,1,5,7,1
21141,0:1:1;0:2:1;1:2:1;1:4:3,1,3,1,1,1,0,1,1,1,1,1,5,7,1
21142,0:1:1;0:2:1;1:2:1;1:4:3,1,4,1,1,1,0,1,1,1,1,1,5,7,1
21143,0:1:1;0:2:1;1:2:1;1:4:3,1,5,1,1,1,0,1,1,1,1,1,5,7,1
21144,0:1:1;0:2:1;1:2:1;1:4:3,2,0,1,1,0,0,1,1,1,1,1,5,7,13
21145,0:1:1;0:2:1;1:2:1;1:4:3,2,1,1,1,1,0,1,1,1,1,1,5,7,3
21146,0:1:1;0:2:1;1:2:1;1:4:3,2,2,1,1,1,0,1,1,1,1,1,5,7,1
21147,0:1:1;0:2:1;1:2:1;1:4:3,2,3,1,1,1,0,1,1,1,1,1,5,7,1
21148,0:1:1;0:2:1;1:2:1;1:4:3,2,4,1,1,1,0,1,1,1,1,1,5,7,1
21149,0:1:1;0:2:1;1:2:1;1:4:3,2,5,1,1,1,0,1,1,1,1,1,5,7,1
21150,0:1:1;0:2:1;1:2:1;1:4:3,3,0,1,1,1,0,1,1,1,1,1,5,7,13
21151,0:1:1;0:2:1;1:2:1;1:4:3,3,1,1,1,1,0,1,1,1,1,1,5,7,3
21152,0:1:1;0:2:1;1:2:1;1:4:3,3,2,1,1,1,0,1,1,1,1,1,5,7,1
21153,0:1:1;0:2:1;1:2:1;1:4:3,3,3,1,1,1,0,1,1,1,1,1,5,7,1
21154,0:1:1;0:2:1;1:2:1;1:4:3,3,4,1,1,1,0,1,1,1,1,1,5,7,1
21155,0:1:1;0:2:1;1:2:1;1:4:3,3,5,1,1,1,0,1,1,1,1,1,5,7,1
21156,0:1:1;0:2:1;1:2:1;1:4:3,4,0,1,1,1,0,1,1,1,1,1,5,7,13
21157,0:1:1;0:2:1;1:2:1;1:4:3,4,1,1,1,1,0,1,1,1,1,1,5,7,3
21158,0:1:1;0:2:1;1:2:1;1:4:3,4,2,1,1,1,0,1,1,1,1,1,5,7,1
21159,0:1:1;0:2:1;1:2:1;1:4:3,4,3,1,1,1,0,1,1,1,1,1,5,7,1
21160,0:1:1;0:2:1;1:2:1;1:4:3,4,4,1,1,1,0,1,1,1,1,1,5,7,1
21161,0:1:1;0:2:1;1:2:1;1:4:3,4,5,1,1,1,0,1,1,1,1,1,5,7,1
21162,0:1:1;0:2:1;1:2:1;1:4:3,5,0,1,1,1,0,1,1,1,1,1,5,7,13
21163,0:1:1;0:2:1;1:2:1;1:4:3,5,1,1,1,1,0,1,1,1,1,1,5,7,3
21164,0:1:1;0:2:1;1:2:1;1:4:3,5,2,1,1,1,0,1,1,1,1,1,5,7,1
21165,0:1:1;0:2:1;1:2:1;1:4:3,5,3,1,1,1,0,1,1,1,1,1,5,7,1
21166,0:1:1;0:2:1;1:2:1;1:4:3,5,4,1,1,1,0,1,1,1,1,1,5,7,1
21167,0:1:1;0:2:1;1:2:1;1:4:3,5,5,1,1,1,0,1,1,1,1,1,5,7,1
21168,0:1:1;0:2:1;1:2:2;1:2:2,0,0,0,0,0,1,0,0,0,0,0,0,1,24
21169,0:1:1;0:2:1;1:2:2;1:2:2,0,1,0,0,0,1,0,0,0,0,0,0,14,24
21170,0:1:1;0:2:1;1:2:2;1:2:2,0,2,0,0,0,1,0,0,0,0,0,0,18,24
21171,0:1:1;0:2:1;1:2:2;1:2:2,0,3,0,0,0,1,0,0,0,0,0,0,18,24
21172,0:1:1;0:2:1;1:2:2;1:2:2,0,4,0,0,0,1,0,0,0,0,0,0,18,24
21173,0:1:1;0:2:1;1:2:2;1:2:2,0,5,0,0,0,1,0,0,0,0,0,0,18,24
21174,0:1:1;0:2:1;1:2:2;1:2:2,1,0,1,0,0,1,0,0,0,0,0,1,3,24
21175,0:1:1;0:2:1;1:2:2;1:2:2,1,1,1,1,1,0,1,1,1,1,1,5,7,3
21176,0:1:1;0:2:1;1:2:2;1:2:2,1,2,1,1,1,0,1,1,1,1,1,5,7,1
21177,0:1:1;0:2:1;1:2:2;1:2:2,1,3,1,1,1,0,1,1,1,1,1,5,7,1
21178,0:1:1;0:2:1;1:2:2;1:2:2,1,4,1,1,1,0,1,1,1,1,1,5,7,1
21179,0:1:1;0:2:1;1:2:2;1:2:2,1,5,1,1,1,0,1,1,1,1,1,5,7,1
21180,0:1:1;0:2:1;1:2:2;1:2:2,2,0,1,1,1,0,1,1,1,1,1,5,7,13
21181,0:1:1;0:2:1;1:2:2;1:2:2,2,1,1,1,1,0,1,1,1,1,1,5,7,3
21182,0:1:1;0:2:1;1:2:2;1:2:2,2,2,1,1,1,0,1,1,1,1,1,5,7,1
21183,0:1:1;0:2:1;1:2:2;1:2:2,2,3,1,1,1,0,1,1,1,1,1,5,7,1
21184,0:1:1;0:2:1;1:2:2;1:2:2,2,4,1,1,1,0,1,1,1,1,1,5,7,1
21185,0:1:1;0:2:1;1:2:2;1:2:2,2,5,1,1,1,0,1,1,1,1,1,5,7,1
21186,0:1:1;0:2:1;1:2:2;1:2:2,3,0,1,1,1,0,1,1,1,1,1,5,7,13
21187,0:1:1;0:2:1;1:2:2;1:2:2,3,1,1,1,1,0,1,1,1,1,1,5,7,3
21188,0:1:1;0:2:1;1:2:2;1:2:2,3,2,1,1,1,0,1,1,1,1,1,5,7,1
21189,0:1:1;0:2:1;1:2:2;1:2:2,3,3,1,1,1,0,1,1,1,1,1,5,7,1
21190,0:1:1;0:2:1;1:2:2;1:2:2,3,4,1,1,1,0,1,1,1,1,1,5,7,1
21191,0:1:1;0:2:1;1:2:2;1:2:2,3,5,1,1,1,0,1,1,1,1,1,5,7,1
21192,0:1:1;0:2:1;1:2:2;1:2:2,4,0,1,1,1,0,1,1,1,1,1,5,7,13
21193,0:1:1;0:2:1;1:2:2;1:2:2,4,1,1,1,1,0,1,1,1,1,1,5,7,3
21194,0:1:1;0:2:1;1:2:2;1:2:2,4,2,1,1,1,0,1,1,1,1,1,5,7,1
21195,0:1:1;0:2:1;1:2:2;1:2:2,4,3,1,1,1,0,1,1,1,1,1,5,7,1
21196,0:1:1;0:2:1;1:2:2;1:2:2,4,4,1,1,1,0,1,1,1,1,1,5,7,1
21197,0:1:1;0:2:1;1:2:2;1:2:2,4,5,1,1,1,0,1,1,1,1,1,5,7,1
21198,0:1:1;0:2:1;1:2:2;1:2:2,5,0,1,1,1,0,1,1,1,1,1,5,7,13
21199,0:1:1;0:2:1;1:2:2;1:2:2,5,1,1,1,1,0,1,1,1,1,1,5,7,3
21200,0:1:1;0:2:1;1:2:2;1:2:2,5,2,1,1,1,0,1,1,1,1,1,5,7,1
21201,0:1:1;0:2:1;1:2:2;1:2:2,5,3,1,1,1,0,1,1,1,1,1,5,7,1
21202,0:1:1;0:2:1;1:2:2;1:2:2,5,4,1,1,1,0,1,1,1,1,1,5,7,1
21203,0:1:1;0:2:1;1:2:2;1:2:2,5,5,1,1,1,0,1,1,1,1,1,5,7,1
21204,0:1:1;0:2:1;1:2:2;1:3:2,0,0,0,0,0,1,0,0,0,0,0,0,1,24
21205,0:1:1;0:2:1;1:2:2;1:3:2,0,1,0,0,0,1,0,0,0,0,0,0,14,24
21206,0:1:1;0:2:1;1:2:2;1:3:2,0,2,0,0,0,1,0,0,0,0,0,0,18,24
21207,0:1:1;0:2:1;1:2:2;1:3:2,0,3,0,0,0,1,0,0,0,0,0,0,18,24
21208,0:1:1;0:2:1;1:2:2;1:3:2,0,4,0,0,0,1,0,0,0,0,0,0,18,24
21209,0:1:1;0:2:1;1:2:2;1:3:2,0,5,0,0,0,1,0,0,0,0,0,0,18,24
21210,0:1:1;0:2:1;1:2:2;1:3:2,1,0,1,0,0,1,0,0,0,0,0,1,3,24
21211,0:1:1;0:2:1;1:2:2;1:3:2,1,1,1,1,1,0,1,1,1,1,1,5,7,3
21212,0:1:1;0:2:1;1:2:2;1:3:2,1,2,1,1,1,0,1,1,1,1,1,5,7,1
21213,0:1:1;0:2:1;1:2:2;1:3:2,1,3,1,1,1,0,1,1,1,1,1,5,7,1
21214,0:1:1;0:2:1;1:2:2;1:3:2,1,4,1,1,1,0,1,1,1,1,1,5,7,1
21215,0:1:1;0:2:1;1:2:2;1:3:2,1,5,1,1,1,0,1,1,1,1,1,5,7,1
21216,0:1:1;0:2:1;1:2:2;1:3:2,2,0,1,1,1,0,1,1,1,1,1,5,7,13
21217,0:1:1;0:2:1;1:2:2;1:3:2,2,1,1,1,1,0,1,1,1,1,1,5,7,3
21218,0:1:1;0:2:1;1:2:2;1:3:2,2,2,1,1,1,0,1,1,1,1,1,5,7,1
21219,0:1:1;0:2:1;1:2:2;1:3:2,2,3,1,1,1,0,1,1,1,1,1,5,7,1
21220,0:1:1;0:2:1;1:2:2;1:3:2,2,4,1,1,1,0,1,1,1,1,1,5,7,1
21221,0:1:1;0:2:1;1:2:2;1:3:2,2,5,1,1,1,0,1,1,1,1,1,5,7,1
21222,0:1:1;0:2:1;1:2:2;1:3:2,3,0,1,1,1,0,1,1,1,1,1,5,7,13
21223,0:1:1;0:2:1;1:2:2;1:3:2,3,1,1,1,1,0,1,1,1,1,1,5,7,3
21224,0:1:1;0:2:1;1:2:2;1:3:2,3,2,1,1,1,0,1,1,1,1,1,5,7,1
21225,0:1:1;0:2:1;1:2:2;1:3:2,3,3,1,1,1,0,1,1,1,1,1,5,7,1
21226,0:1:1;0:2:1;1:2:2;1:3:2,3,4,1,1,1,0,1,1,1,1,1,5,7,1
21227,0:1:1;0:2:1;1:2:2;1:3:2,3,5,1,1,1,0,1,1,1,1,1,5,7,1
21228,0:1:1;0:2:1;1:2:2;1:3:2,4,0,1,1,1,0,1,1,1,1,1,5,7,13
21229,0:1:1;0:2:1;1:2:2;1:3:2,4,1,1,1,1,0,1,1,1,1,1,5,7,3
21230,0:1:1;0:2:1;1:2:2;1:3:2,4,2,1,1,1,0,1,1,1,1,1,5,7,1
21231,0:1:1;0:2:1;1:2:2;1:3:2,4,3,1,1,1,0,1,1,1,1,1,5,7,1
21232,0:1:1;0:2:1;1:2:2;1:3:2,4,4,1,1,1,0,1,1,1,1,1,5,7,1
21233,0:1:1;0:2:1;1:2:2;1:3:2,4,5,1,1,1,0,1,1,1,1,1,5,7,1
21234,0:1:1;0:2:1;1:2:2;1:3:2,5,0,1,1,1,0,1,1,1,1,1,5,7,13
21235,0:1:1;0:2:1;1:2:2;1:3:2,5,1,1,1,1,0,1,1,1,1,1,5,7,3
21236,0:1:1;0:2:1;1:2:2;1:3:2,5,2,1,1,1,0,1,1,1,1,1,5,7,1
21237,0:1:1;0:2:1;1:2:2;1:3:2,5,3,1,1,1,0,1,1,1,1,1,5,7,1
21238,0:1:1;0:2:1;1:2:2;1:3:2,5,4,1,1,1,0,1,1,1,1,1,5,7,1
21239,0:1:1;0:2:1;1:2:2;1:3:2,5,5,1,1,1,0,1,1,1,1,1,5,7,1
21240,0:1:1;0:2:1;1:2:2;1:3:3,0,0,0,0,0,1,0,0,0,0,0,0,1,24
21241,0:1:1;0:2:1;1:2:2;1:3:3,0,1,0,0,0,1,0,0,0,0,0,0,12,24
21242,0:1:1;0:2:1;1:2:2;1:3:3,0,2,0,0,0,1,0,0,0,0,0,0,19,24
21243,0:1:1;0:2:1;1:2:2;1:3:3,0,3,0,0,0,1,0,0,0,0,0,0,19,24
21244,0:1:1;0:2:1;1:2:2;1:3:3,0,4,0,0,0,1,0,0,0,0,0,0,19,24
21245,0:1:1;0:2:1;1:2:2;1:3:3,0,5,0,0,0,1,0,0,0,0,0,0,19,24
21246,0:1:1;0:2:1;1:2:2;1:3:3,1,0,0,0,0,1,0,0,0,0,0,0,3,24
21247,0:1:1;0:2:1;1:2:2;1:3:3,1,1,0,0,0,1,0,0,0,0,0,0,23,24
21248,0:1:1;0:2:1;1:2:2;1:3:3,1,2,0,0,0,1,0,0,0,0,0,0,29,24
21249,0:1:1;0:2:1;1:2:2;1:3:3,1,3,0,0,0,1,0,0,0,0,0,0,29,24
21250,0:1:1;0:2:1;1:2:2;1:3:3,1,4,0,0,0,1,0,0,0,0,0,0,29,24
21251,0:1:1;0:2:1;1:2:2;1:3:3,1,5,0,0,0,1,0,0,0,0,0,0,29,24
21252,0:1:1;0:2:1;1:2:2;1:3:3,2,0,1,1,0,0,1,1,1,1,1,5,8,13
21253,0:1:1;0:2:1;1:2:2;1:3:3,2,1,1,1,1,0,1,1,1,1,1,5,8,3
21254,0:1:1;0:2:1;1:2:2;1:3:3,2,2,1,1,1,0,1,1,1,1,1,5,8,1
21255,0:1:1;0:2:1;1:2:2;1:3:3,2,3,1,1,1,0,1,1,1,1,1,5,8,1
21256,0:1:1;0:2:1;1:2:2;1:3:3,2,4,1,1,1,0,1,1,1,1,1,5,8,1
21257,0:1:1;0:2:1;1:2:2;1:3:3,2,5,1,1,1,0,1,1,1,1,1,5,8,1
21258,0:1:1;0:2:1;1:2:2;1:3:3,3,0,1,1,1,0,1,1,1,1,1,5,8,13
21259,0:1:1;0:2:1;1:2:2;1:3:3,3,1,1,1,1,0,1,1,1,1,1,5,8,3
21260,0:1:1;0:2:1;1:2:2;1:3:3,3,2,1,1,1,0,1,1,1,1,1,5,8,1
21261,0:1:1;0:2:1;1:2:2;1:3:3,3,3,1,1,1,0,1,1,1,1,1,5,8,1
21262,0:1:1;0:2:1;1:2:2;1:3:3,3,4,1,1,1,0,1,1,1,1,1,5,8,1
21263,0:1:1;0:2:1;1:2:2;1:3:3,3,5,1,1,1,0,1,1,1,1,1,5,8,1
21264,0:1:1;0:2:1;1:2:2;1:3:3,4,0,1,1,1,0,1,1,1,1,1,5,8,13
21265,0:1:1;0:2:1;1:2:2;1:3:3,4,1,1,1,1,0,1,1,1,1,1,5,8,3
21266,0:1:1;0:2:1;1:2:2;1:3:3,4,2,1,1,1,0,1,1,1,1,1,5,8,1
21267,0:1:1;0:2:1;1:2:2;1:3:3,4,3,1,1,1,0,1,1,1,1,1,5,8,1
21268,0:1:1;0:2:1;1:2:2;1:3:3,4,4,1,1,1,0,1,1,1,1,1,5,8,1
21269,0:1:1;0:2:1;1:2:2;1:3:3,4,5,1,1,1,0,1,1,1,1,1,5,8,1
21270,0:1:1;0:2:1;1:2:2;1:3:3,5,0,1,1,1,0,1,1,1,1,1,5,8,13
21271,0:1:1;0:2:1;1:2:2;1:3:3,5,1,1,1,1,0,1,1,1,1,1,5,8,3
21272,0:1:1;0:2:1;1:2:2;1:3:3,5,2,1,1,1,0,1,1,1,1,1,5,8,1
21273,0:1:1;0:2:1;1:2:2;1:3:3,5,3,1,1,1,0,1,1,1,1,1,5,8,1
21274,0:1:1;0:2:1;1:2:2;1:3:3,5,4,1,1,1,0,1,1,1,1,1,5,8,1
21275,0:1:1;0:2:1;1:2:2;1:3:3,5,5,1,1,1,0,1,1,1,1,1,5,8,1
21276,0:1:1;0:2:1;1:2:2;1:4:3,0,0,0,0,0,1,0,0,0,0,0,0,1,24
21277,0:1:1;0:2:1;1:2:2;1:4:3,0,1,0,0,0,1,0,0,0,0,0,0,12,24
21278,0:1:1;0:2:1;1:2:2;1:4:3,0,2,0,0,0,1,0,0,0,0,0,0,19,24
21279,0:1:1;0:2:1;1:2:2;1:4:3,0,3,0,0,0,1,0,0,0,0,0,0,19,24
21280,0:1:1;0:2:1;1:2:2;1:4:3,0,4,0,0,0,1,0,0,0,0,0,0,19,24
21281,0:1:1;0:2:1;1:2:2;1:4:3,0,5,0,0,0,1,0,0,0,0,0,0,19,24
21282,0:1:1;0:2:1;1:2:2;1:4:3,1,0,0,0,0,1,0,0,0,0,0,0,3,24
21283,0:1:1;0:2:1;1:2:2;1:4:3,1,1,0,0,0,1,0,0,0,0,0,0,23,24
21284,0:1:1;0:2:1;1:2:2;1:4:3,1,2,0,0,0,1,0,0,0,0,0,0,29,24
21285,0:1:1;0:2:1;1:2:2;1:4:3,1,3,0,0,0,1,0,0,0,0,0,0,29,24
21286,0:1:1;0:2:1;1:2:2;1:4:3,1,4,0,0,0,1,0,0,0,0,0,0,29,24
21287,0:1:1;0:2:1;1:2:2;1:4:3,1,5,0,0,0,1,0,0,0,0,0,0,29,24
21288,0:1:1;0:2:1;1:2:2;1:4:3,2,0,1,1,0,0,1,1,1,1,1,5,8,13
21289,0:1:1;0:2:1;1:2:2;1:4:3,2,1,1,1,1,0,1,1,1,1,1,5,8,3
21290,0:1:1;0:2:1;1:2:2;1:4:3,2,2,1,1,1,0,1,1,1,1,1,5,8,1
21291,0:1:1;0:2:1;1:2:2;1:4:3,2,3,1,1,1,0,1,1,1,1,1,5,8,1
21292,0:1:1;0:2:1;1:2:2;1:4:3,2,4,1,1,1,0,1,1,1,1,1,5,8,1
21293,0:1:1;0:2:1;1:2:2;1:4:3,2,5,1,1,1,0,1,1,1,1,1,5,8,1
21294,0:1:1;0:2:1;1:2:2;1:4:3,3,0,1,1,1,0,1,1,1,1,1,5,8,13
21295,0:1:1;0:2:1;1:2:2;1:4:3,3,1,1,1,1,0,1,1,1,1,1,5,8,3
21296,0:1:1;0:2:1;1:2:2;1:4:3,3,2,1,1,1,0,1,1,1,1,1,5,8,1
21297,0:1:1;0:2:1;1:2:2;1:4:3,3,3,1,1,1,0,1,1,1,1,1,5,8,1
21298,0:1:1;0:2:1;1:2:2;1:4:3,3,4,1,1,1,0,1,1,1,1,1,5,8,1
21299,0:1:1;0:2:1;1:2:2;1:4:3,3,5,1,1,1,0,1,1,1,1,1,5,8,1
21300,0:1:1;0:2:1;1:2:2;1:4:3,4,0,1,1,1,0,1,1,1,1,1,5,8,13
21301,0:1:1;0:2:1;1:2:2;1:4:3,4,1,1,1,1,0,1,1,1,1,1,5,8,3
21302,0:1:1;0:2:1;1:2:2;1:4:3,4,2,1,1,1,0,1,1,1,1,1,5,8,1
21303,0:1:1;0:2:1;1:2:2;1:4:3,4,3,1,1,1,0,1,1,1,1,1,5,8,1
21304,0:1:1;0:2:1;1:2:2;1:4:3,4,4,1,1,1,0,1,1,1,1,1,5,8,1
21305,0:1:1;0:2:1;1:2:2;1:4:3,4,5,1,1,1,0,1,1,1,1,1,5,8,1
21306,0:1:1;0:2:1;1:2:2;1:4:3,5,0,1,1,1,0,1,1,1,1,1,5,8,13
21307,0:1:1;0:2:1;1:2:2;1:4:3,5,1,1,1,1,0,1,1,1,1,1,5,8,3
21308,0:1:1;0:2:1;1:2:2;1:4:3,5,2,1,1,1,0,1,1,1,1,1,5,8,1
21309,0:1:1;0:2:1;1:2:2;1:4:3,5,3,1,1,1,0,1,1,1,1,1,5,8,1
21310,0:1:1;0:2:1;1:2:2;1:4:3,5,4,1,1,1,0,1,1,1,1,1,5,8,1
21311,0:1:1;0:2:1;1:2:2;1:4:3,5,5,1,1,1,0,1,1,1,1,1,5,8,1
21312,0:1:1;0:2:1;1:3:2;1:3:2,0,0,0,0,0,1,0,0,0,0,0,0,1,24
21313,0:1:1;0:2:1;1:3:2;1:3:2,0,1,0,0,0,1,0,0,0,0,0,0,14,24
21314,0:1:1;0:2:1;1:3:2;1:3:2,0,2,0,0,0,1,0,0,0,0,0,0,18,24
21315,0:1:1;0:2:1;1:3:2;1:3:2,0,3,0,0,0,1,0,0,0,0,0,0,18,24
21316,0:1:1;0:2:1;1:3:2;1:3:2,0,4,0,0,0,1,0,0,0,0,0,0,18,24
21317,0:1:1;0:2:1;1:3:2;1:3:2,0,5,0,0,0,1,0,0,0,0,0,0,18,24
21318,0:1:1;0:2:1;1:3:2;1:3:2,1,0,1,0,0,1,0,0,0,0,0,1,3,24
21319,0:1:1;0:2:1;1:3:2;1:3:2,1,1,1,1,1,0,1,1,1,1,1,5,7,3
21320,0:1:1;0:2:1;1:3:2;1:3:2,1,2,1,1,1,0,1,1,1,1,1,5,7,1
21321,0:1:1;0:2:1;1:3:2;1:3:2,1,3,1,1,1,0,1,1,1,1,1,5,7,1
21322,0:1:1;0:2:1;1:3:2;1:3:2,1,4,1,1,1,0,1,1,1,1,1,5,7,1
21323,0:1:1;0:2:1;1:3:2;1:3:2,1,5,1,1,1,0,1,1,1,1,1,5,7,1
21324,0:1:1;0:2:1;1:3:2;1:3:2,2,0,1,1,1,0,1,1,1,1,1,5,7,13
21325,0:1:1;0:2:1;1:3:2;1:3:2,2,1,1,1,1,0,1,1,1,1,1,5,7,3
21326,0:1:1;0:2:1;1:3:2;1:3:2,2,2,1,1,1,0,1,1,1,1,1,5,7,1
21327,0:1:1;0:2:1;1:3:2;1:3:2,2,3,1,1,1,0,1,1,1,1,1,5,7,1
21328,0:1:1;0:2:1;1:3:2;1:3:2,2,4,1,1,1,0,1,1,1,1,1,5,7,1
21329,0:1:1;0:2:1;1:3:2;1:3:2,2,5,1,1,1,0,1,1,1,1,1,5,7,1
21330,0:1:1;0:2:1;1:3:2;1:3:2,3,0,1,1,1,0,1,1,1,1,1,5,7,13
21331,0:1:1;0:2:1;1:3:2;1:3:2,3,1,1,1,1,0,1,1,1,1,1,5,7,3
21332,0:1:1;0:2:1;1:3:2;1:3:2,3,2,1,1,1,0,1,1,1,1,1,5,7,1
21333,0:1:1;0:2:1;1:3:2;1:3:2,3,3,1,1,1,0,1,1,1,1,1,5,7,1
21334,0:1:1;0:2:1;1:3:2;1:3:2,3,4,1,1,1,0,1,1,1,1,1,5,7,1
21335,0:1:1;0:2:1;1:3:2;1:3:2,3,5,1,1,1,0,1,1,1,1,1,5,7,1
21336,0:1:1;0:2:1;1:3:2;1:3:2,4,0,1,1,1,0,1,1,1,1,1,5,7,13
21337,0:1:1;0:2:1;1:3:2;1:3:2,4,1,1,1,1,0,1,1,1,1,1,5,7,3
21338,0:1:1;0:2:1;1:3:2;1:3:2,4,2,1,1,1,0,1,1,1,1,1,5,7,1
21339,0:1:1;0:2:1;1:3:2;1:3:2,4,3,1,1,1,0,1,1,1,1,1,5,7,1
21340,0:1:1;0:2:1;1:3:2;1:3:2,4,4,1,1,1,0,1,1,1,1,1,5,7,1
21341,0:1:1;0:2:1;1:3:2;1:3:2,4,5,1,1,1,0,1,1,1,1,1,5,7,1
21342,0:1:1;0:2:1;1:3:2;1:3:2,5,0,1,1,1,0,1,1,1,1,1,5,7,13
21343,0:1:1;0:2:1;1:3:2;1:3:2,5,1,1,1,1,0,1,1,1,1,1,5,7,3
21344,0:1:1;0:2:1;1:3:2;1:3:2,5,2,1,1,1,0,1,1,1,1,1,5,7,1
21345,0:1:1;0:2:1;1:3:2;1:3:2,5,3,1,1,1,0,1,1,1,1,1,5,7,1
21346,0:1:1;0:2:1;1:3:2;1:3:2,5,4,1,1,1,0,1,1,1,1,1,5,7,1
21347,0:1:1;0:2:1;1:3:2;1:3:2,5,5,1,1,1,0,1,1,1,1,1,5,7,1
21348,0:1:1;0:2:1;1:3:2;1:3:3,0,0,0,0,0,1,0,0,0,0,0,0,1,24
21349,0:1:1;0:2:1;1:3:2;1:3:3,0,1,0,0,0,1,0,0,0,0,0,0,12,24
21350,0:1:1;0:2:1;1:3:2;1:3:3,0,2,0,0,0,1,0,0,0,0,0,0,19,24
21351,0:1:1;0:2:1;1:3:2;1:3:3,0,3,0,0,0,1,0,0,0,0,0,0,19,24
21352,0:1:1;0:2:1;1:3:2;1:3:3,0,4,0,0,0,1,0,0,0,0,0,0,19,24
21353,0:1:1;0:2:1;1:3:2;1:3:3,0,5,0,0,0,1,0,0,0,0,0,0,19,24
21354,0:1:1;0:2:1;1:3:2;1:3:3,1,0,0,0,0,1,0,0,0,0,0,0,3,24
21355,0:1:1;0:2:1;1:3:2;1:3:3,1,1,0,0,0,1,0,0,0,0,0,0,23,24
21356,0:1:1;0:2:1;1:3:2;1:3:3,1,2,0,0,0,1,0,0,0,0,0,0,29,24
21357,0:1:1;0:2:1;1:3:2;1:3:3,1,3,0,0,0,1,0,0,0,0,0,0,29,24
21358,0:1:1;0:2:1;1:3:2;1:3:3,1,4,0,0,0,1,0,0,0,0,0,0,29,24
21359,0:1:1;0:2:1;1:3:2;1:3:3,1,5,0,0,0,1,0,0,0,0,0,0,29,24
21360,0:1:1;0:2:1;1:3:2;1:3:3,2,0,1,1,0,0,1,1,1,1,1,5,8,13
21361,0:1:1;0:2:1;1:3:2;1:3:3,2,1,1,1,1,0,1,1,1,1,1,5,8,3
21362,0:1:1;0:2:1;1:3:2;1:3:3,2,2,1,1,1,0,1,1,1,1,1,5,8,1
21363,0:1:1;0:2:1;1:3:2;1:3:3,2,3,1,1,1,0,1,1,1,1,1,5,8,1
21364,0:1:1;0:2:1;1:3:2;1:3:3,2,4,1,1,1,0,1,1,1,1,1,5,8,1
21365,0:1:1;0:2:1;1:3:2;1:3:3,2,5,1,1,1,0,1,1,1,1,1,5,8,1
21366,0:1:1;0:2:1;1:3:2;1:3:3,3,0,1,1,1,0,1,1,1,1,1,5,8,13
21367,0:1:1;0:2:1;1:3:2;1:3:3,3,1,1,1,1,0,1,1,1,1,1,5,8,3
21368,0:1:1;0:2:1;1:3:2;1:3:3,3,2,1,1,1,0,1,1,1,1,1,5,8,1
21369,0:1:1;0:2:1;1:3:2;1:3:3,3,3,1,1,1,0,1,1,1,1,1,5,8,1
21370,0:1:1;0:2:1;1:3:2;1:3:3,3,4,1,1,1,0,1,1,1,1,1,5,8,1
21371,0:1:1;0:2:1;1:3:2;1:3:3,3,5,1,1,1,0,1,1,1,1,1,5,8,1
21372,0:1:1;0:2:1;1:3:2;1:3:3,4,0,1,1,1,0,1,1,1,1,1,5,8,13
21373,0:1:1;0:2:1;1:3:2;1:3:3,4,1,1,1,1,0,1,1,1,1,1,5,8,3
21374,0:1:1;0:2:1;1:3:2;1:3:3,4,2,1,1,1,0,1,1,1,1,1,5,8,1
21375,0:1:1;0:2:1;1:3:2;1:3:3,4,3,1,1,1,0,1,1,1,1,1,5,8,1
21376,0:1:1;0:2:1;1:3:2;1:3:3,4,4,1,1,1,0,1,1,1,1,1,5,8,1
21377,0:1:1;0:2:1;1:3:2;1:3:3,4,5,1,1,1,0,1,1,1,1,1,5,8,1
21378,0:1:1;0:2:1;1:3:2;1:3:3,5,0,1,1,1,0,1,1,1,1,1,5,8,13
21379,0:1:1;0:2:1;1:3:2;1:3:3,5,1,1,1,1,0,1,1,1,1,1,5,8,3
21380,0:1:1;0:2:1;1:3:2;1:3:3,5,2,1,1,1,0,1,1,1,1,1,5,8,1
21381,0:1:1;0:2:1;1:3:2;1:3:3,5,3,1,1,1,0,1,1,1,1,1,5,8,1
21382,0:1:1;0:2:1;1:3:2;1:3:3,5,4,1,1,1,0,1,1,1,1,1,5,8,1
21383,0:1:1;0:2:1;1:3:2;1:3:3,5,5,1,1,1,0,1,1,1,1,1,5,8,1
21384,0:1:1;0:2:1;1:3:2;1:4:3,0,0,0,0,0,1,0,0,0,0,0,0,1,24
21385,0:1:1;0:2:1;1:3:2;1:4:3,0,1,0,0,0,1,0,0,0,0,0,0,12,24
21386,0:1:1;0:2:1;1:3:2;1:4:3,0,2,0,0,0,1,0,0,0,0,0,0,19,24
21387,0:1:1;0:2:1;1:3:2;1:4:3,0,3,0,0,0,1,0,0,0,0,0,0,19,24
21388,0:1:1;0:2:1;1:3:2;1:4:3,0,4,0,0,0,1,0,0,0,0,0,0,19,24
21389,0:1:1;0:2:1;1:3:2;1:4:3,0,5,0,0,0,1,0,0,0,0,0,0,19,24
21390,0:1:1;0:2:1;1:3:2;1:4:3,1,0,0,0,0,1,0,0,0,0,0,0,3,24
21391,0:1:1;0:2:1;1:3:2;1:4:3,1,1,0,0,0,1,0,0,0,0,0,0,23,24
21392,0:1:1;0:2:1;1:3:2;1:4:3,1,2,0,0,0,1,0,0,0,0,0,0,29,24
21393,0:1:1;0:2:1;1:3:2;1:4:3,1,3,0,0,0,1,0,0,0,0,0,0,29,24
21394,0:1:1;0:2:1;1:3:2;1:4:3,1,4,0,0,0,1,0,0,0,0,0,0,29,24
21395,0:1:1;0:2:1;1:3:2;1:4:3,1,5,0,0,0,1,0,0,0,0,0,0,29,24
21396,0:1:1;0:2:1;1:3:2;1:4:3,2,0,1,1,0,0,1,1,1,1,1,5,8,13
21397,0:1:1;0:2:1;1:3:2;1:4:3,2,1,1,1,1,0,1,1,1,1,1,5,8,3
21398,0:1:1;0:2:1;1:3:2;1:4:3,2,2,1,1,1,0,1,1,1,1,1,5,8,1
21399,0:1:1;0:2:1;1:3:2;1:4:3,2,3,1,1,1,0,1,1,1,1,1,5,8,1
21400,0:1:1;0:2:1;1:3:2;1:4:3,2,4,1,1,1,0,1,1,1,1,1,5,8,1
21401,0:1:1;0:2:1;1:3:2;1:4:3,2,5,1,1,1,0,1,1,1,1,1,5,8,1
21402,0:1:1;0:2:1;1:3:2;1:4:3,3,0,1,1,1,0,1,1,1,1,1,5,8,13
21403,0:1:1;0:2:1;1:3:2;1:4:3,3,1,1,1,1,0,1,1,1,1,1,5,8,3
21404,0:1:1;0:2:1;1:3:2;1:4:3,3,2,1,1,1,0,1,1,1,1,1,5,8,1
21405,0:1:1;0:2:1;1:3:2;1:4:3,3,3,1,1,1,0,1,1,1,1,1,5,8,1
21406,0:1:1;0:2:1;1:3:2;1:4:3,3,4,1,1,1,0,1,1,1,1,1,5,8,1
21407,0:1:1;0:2:1;1:3:2;1:4:3,3,5,1,1,1,0,1,1,1,1,1,5,8,1
21408,0:1:1;0:2:1;1:3:2;1:4:3,4,0,1,1,1,0,1,1,1,1,1,5,8,13
21409,0:1:1;0:2:1;1:3:2;1:4:3,4,1,1,1,1,0,1,1,1,1,1,5,8,3
21410,0:1:1;0:2:1;1:3:2;1:4:3,4,2,1,1,1,0,1,1,1,1,1,5,8,1
21411,0:1:1;0:2:1;1:3:2;1:4:3,4,3,1,1,1,0,1,1,1,1,1,5,8,1
21412,0:1:1;0:2:1;1:3:2;1:4:3,4,4,1,1,1,0,1,1,1,1,1,5,8,1
21413,0:1:1;0:2:1;1:3:2;1:4:3,4,5,1,1,1,0,1,1,1,1,1,5,8,1
21414,0:1:1;0:2:1;1:3:2;1:4:3,5,0,1,1,1,0,1,1,1,1,1,5,8,13
21415,0:1:1;0:2:1;1:3:2;1:4:3,5,1,1,1,1,0,1,1,1,1,1,5,8,3
21416,0:1:1;0:2:1;1:3:2;1:4:3,5,2,1,1,1,0,1,1,1,1,1,5,8,1
21417,0:1:1;0:2:1;1:3:2;1:4:3,5,3,1,1,1,0,1,1,1,1,1,5,8,1
21418,0:1:1;0:2:1;1:3:2;1:4:3,5,4,1,1,1,0,1,1,1,1,1,5,8,1
21419,0:1:1;0:2:1;1:3:2;1:4:3,5,5,1,1,1,0,1,1,1,1,1,5,8,1
21420,0:1:1;0:2:1;1:3:3;1:3:3,0,0,0,0,0,1,0,0,0,0,0,0,1,24
21421,0:1:1;0:2:1;1:3:3;1:3:3,0,1,0,0,0,1,0,0,0,0,0,0,10,24
21422,0:1:1;0:2:1;1:3:3;1:3:3,0,2,0,0,0,1,0,0,0,0,0,0,20,24
21423,0:1:1;0:2:1;1:3:3;1:3:3,0,3,0,0,0,1,0,0,0,0,0,0,20,24
21424,0:1:1;0:2:1;1:3:3;1:3:3,0,4,0,0,0,1,0,0,0,0,0,0,20,24
21425,0:1:1;0:2:1;1:3:3;1:3:3,0,5,0,0,0,1,0,0,0,0,0,0,20,24
21426,0:1:1;0:2:1;1:3:3;1:3:3,1,0,0,0,0,1,0,0,0,0,0,0,3,24
21427,0:1:1;0:2:1;1:3:3;1:3:3,1,1,0,0,0,1,0,0,0,0,0,0,23,24
21428,0:1:1;0:2:1;1:3:3;1:3:3,1,2,0,0,0,1,0,0,0,0,0,0,32,24
21429,0:1:1;0:2:1;1:3:3;1:3:3,1,3,0,0,0,1,0,0,0,0,0,0,32,24
21430,0:1:1;0:2:1;1:3:3;1:3:3,1,4,0,0,0,1,0,0,0,0,0,0,32,24
21431,0:1:1;0:2:1;1:3:3;1:3:3,1,5,0,0,0,1,0,0,0,0,0,0,32,24
21432,0:1:1;0:2:1;1:3:3;1:3:3,2,0,0,0,0,1,0,0,0,0,0,0,6,24
21433,0:1:1;0:2:1;1:3:3;1:3:3,2,1,0,0,0,1,0,0,0,0,0,0,35,24
21434,0:1:1;0:2:1;1:3:3;1:3:3,2,2,0,0,0,1,0,0,0,0,0,0,44,24
21435,0:1:1;0:2:1;1:3:3;1:3:3,2,3,0,0,0,1,0,0,0,0,0,0,44,24
21436,0:1:1;0:2:1;1:3:3;1:3:3,2,4,0,0,0,1,0,0,0,0,0,0,44,24
21437,0:1:1;0:2:1;1:3:3;1:3:3,2,5,0,0,0,1,0,0,0,0,0,0,44,24
21438,0:1:1;0:2:1;1:3:3;1:3:3,3,0,1,1,1,0,1,1,1,1,1,5,9,13
21439,0:1:1;0:2:1;1:3:3;1:3:3,3,1,1,1,1,0,1,1,1,1,1,5,9,3
21440,0:1:1;0:2:1;1:3:3;1:3:3,3,2,1,1,1,0,1,1,1,1,1,5,9,1
21441,0:1:1;0:2:1;1:3:3;1:3:3,3,3,1,1,1,0,1,1,1,1,1,5,9,1
21442,0:1:1;0:2:1;1:3:3;1:3:3,3,4,1,1,1,0,1,1,1,1,1,5,9,1
21443,0:1:1;0:2:1;1:3:3;1:3:3,3,5,1,1,1,0,1,1,1,1,1,5,9,1
21444,0:1:1;0:2:1;1:3:3;1:3:3,4,0,1,1,1,0,1,1,1,1,1,5,9,13
21445,0:1:1;0:2:1;1:3:3;1:3:3,4,1,1,1,1,0,1,1,1,1,1,5,9,3
21446,0:1:1;0:2:1;1:3:3;1:3:3,4,2,1,1,1,0,1,1,1,1,1,5,9,1
21447,0:1:1;0:2:1;1:3:3;1:3:3,4,3,1,1,1,0,1,1,1,1,1,5,9,1
21448,0:1:1;0:2:1;1:3:3;1:3:3,4,4,1,1,1,0,1,1,1,1,1,5,9,1
21449,0:1:1;0:2:1;1:3:3;1:3:3,4,5,1,1,1,0,1,1,1,1,1,5,9,1
21450,0:1:1;0:2:1;1:3:3;1:3:3,5,0,1,1,1,0,1,1,1,1,1,5,9,13
21451,0:1:1;0:2:1;1:3:3;1:3:3,5,1,1,1,1,0,1,1,1,1,1,5,9,3
21452,0:1:1;0:2:1;1:3:3;1:3:3,5,2,1,1,1,0,1,1,1,1,1,5,9,1
21453,0:1:1;0:2:1;1:3:3;1:3:3,5,3,1,1,1,0,1,1,1,1,1,5,9,1
21454,0:1:1;0:2:1;1:3:3;1:3:3,5,4,1,1,1,0,1,1,1,1,1,5,9,1
21455,0:1:1;0:2:1;1:3:3;1:3:3,5,5,1,1,1,0,1,1,1,1,1,5,9,1
21456,0:1:1;0:2:1;1:3:3;1:4:3,0,0,0,0,0,1,0,0,0,0,0,0,1,24
21457,0:1:1;0:2:1;1:3:3;1:4:3,0,1,0,0,0,1,0,0,0,0,0,0,10,24
21458,0:1:1;0:2:1;1:3:3;1:4:3,0,2,0,0,0,1,0,0,0,0,0,0,20,24
21459,0:1:1;0:2:1;1:3:3;1:4:3,0,3,0,0,0,1,0,0,0,0,0,0,20,24
21460,0:1:1;0:2:1;1:3:3;1:4:3,0,4,0,0,0,1,0,0,0,0,0,0,20,24
21461,0:1:1;0:2:1;1:3:3;1:4:3,0,5,0,0,0,1,0,0,0,0,0,0,20,24
21462,0:1:1;0:2:1;1:3:3;1:4:3,1,0,0,0,0,1,0,0,0,0,0,0,3,24
21463,0:1:1;0:2:1;1:3:3;1:4:3,1,1,0,0,0,1,0,0,0,0,0,0,23,24
21464,0:1:1;0:2:1;1:3:3;1:4:3,1,2,0,0,0,1,0,0,0,0,0,0,32,24
21465,0:1:1;0:2:1;1:3:3;1:4:3,1,3,0,0,0,1,0,0,0,0,0,0,32,24
21466,0:1:1;0:2:1;1:3:3;1:4:3,1,4,0,0,0,1,0,0,0,0,0,0,32,24
21467,0:1:1;0:2:1;1:3:3;1:4:3,1,5,0,0,0,1,0,0,0,0,0,0,32,24
21468,0:1:1;0:2:1;1:3:3;1:4:3,2,0,0,0,0,1,0,0,0,0,0,0,6,24
21469,0:1:1;0:2:1;1:3:3;1:4:3,2,1,0,0,0,1,0,0,0,0,0,0,35,24
21470,0:1:1;0:2:1;1:3:3;1:4:3,2,2,0,0,0,1,0,0,0,0,0,0,44,24
21471,0:1:1;0:2:1;1:3:3;1:4:3,2,3,0,0,0,1,0,0,0,0,0,0,44,24
21472,0:1:1;0:2:1;1:3:3;1:4:3,2,4,0,0,0,1,0,0,0,0,0,0,44,24
21473,0:1:1;0:2:1;1:3:3;1:4:3,2,5,0,0,0,1,0,0,0,0,0,0,44,24
21474,0:1:1;0:2:1;1:3:3;1:4:3,3,0,1,1,1,0,1,1,1,1,1,5,9,13
21475,0:1:1;0:2:1;1:3:3;1:4:3,3,1,1,1,1,0,1,1,1,1,1,5,9,3
21476,0:1:1;0:2:1;1:3:3;1:4:3,3,2,1,1,1,0,1,1,1,1,1,5,9,1
21477,0:1:1;0:2:1;1:3:3;1:4:3,3,3,1,1,1,0,1,1,1,1,1,5,9,1
21478,0:1:1;0:2:1;1:3:3;1:4:3,3,4,1,1,1,0,1,1,1,1,1,5,9,1
21479,0:1:1;0:2:1;1:3:3;1:4:3,3,5,1,1,1,0,1,1,1,1,1,5,9,1
21480,0:1:1;0:2:1;1:3:3;1:4:3,4,0,1,1,1,0,1,1,1,1,1,5,9,13
21481,0:1:1;0:2:1;1:3:3;1:4:3,4,1,1,1,1,0,1,1,1,1,1,5,9,3
21482,0:1:1;0:2:1;1:3:3;1:4:3,4,2,1,1,1,0,1,1,1,1,1,5,9,1
21483,0:1:1;0:2:1;1:3:3;1:4:3,4,3,1,1,1,0,1,1,1,1,1,5,9,1
21484,0:1:1;0:2:1;1:3:3;1:4:3,4,4,1,1,1,0,1,1,1,1,1,5,9,1
21485,0:1:1;0:2:1;1:3:3;1:4:3,4,5,1,1,1,0,1,1,1,1,1,5,9,1
21486,0:1:1;0:2:1;1:3:3;1:4:3,5,0,1,1,1,0,1,1,1,1,1,5,9,13
21487,0:1:1;0:2:1;1:3:3;1:4:3,5,1,1,1,1,0,1,1,1,1,1,5,9,3
21488,0:1:1;0:2:1;1:3:3;1:4:3,5,2,1,1,1,0,1,1,1,1,1,5,9,1
21489,0:1:1;0:2:1;1:3:3;1:4:3,5,3,1,1,1,0,1,1,1,1,1,5,9,1
21490,0:1:1;0:2:1;1:3:3;1:4:3,5,4,1,1,1,0,1,1,1,1,1,5,9,1
21491,0:1:1;0:2:1;1:3:3;1:4:3,5,5,1,1,1,0,1,1,1,1,1,5,9,1
21492,0:1:1;0:2:1;1:4:3;1:4:3,0,0,0,0,0,1,0,0,0,0,0,0,1,24
21493,0:1:1;0:2:1;1:4:3;1:4:3,0,1,0,0,0,1,0,0,0,0,0,0,10,24
21494,0:1:1;0:2:1;1:4:3;1:4:3,0,2,0,0,0,1,0,0,0,0,0,0,20,24
21495,0:1:1;0:2:1;1:4:3;1:4:3,0,3,0,0,0,1,0,0,0,0,0,0,20,24
21496,0:1:1;0:2:1;1:4:3;1:4:3,0,4,0,0,0,1,0,0,0,0,0,0,20,24
21497,0:1:1;0:2:1;1:4:3;1:4:3,0,5,0,0,0,1,0,0,0,0,0,0,20,24
21498,0:1:1;0:2:1;1:4:3;1:4:3,1,0,0,0,0,1,0,0,0,0,0,0,3,24
21499,0:1:1;0:2:1;1:4:3;1:4:3,1,1,0,0,0,1,0,0,0,0,0,0,23,24
21500,0:1:1;0:2:1;1:4:3;1:4:3,1,2,0,0,0,1,0,0,0,0,0,0,32,24
21501,0:1:1;0:2:1;1:4:3;1:4:3,1,3,0,0,0,1,0,0,0,0,0,0,32,24
21502,0:1:1;0:2:1;1:4:3;1:4:3,1,4,0,0,0,1,0,0,0,0,0,0,32,24
21503,0:1:1;0:2:1;1:4:3;1:4:3,1,5,0,0,0,1,0,0,0,0,0,0,32,24
21504,0:1:1;0:2:1;1:4:3;1:4:3,2,0,0,0,0,1,0,0,0,0,0,0,6,24
21505,0:1:1;0:2:1;1:4:3;1:4:3,2,1,0,0,0,1,0,0,0,0,0,0,35,24
21506,0:1:1;0:2:1;1:4:3;1:4:3,2,2,0,0,0,1,0,0,0,0,0,0,44,24
21507,0:1:1;0:2:1;1:4:3;1:4:3,2,3,0,0,0,1,0,0,0,0,0,0,44,24
21508,0:1:1;0:2:1;1:4:3;1:4:3,2,4,0,0,0,1,0,0,0,0,0,0,44,24
21509,0:1:1;0:2:1;1:4:3;1:4:3,2,5,0,0,0,1,0,0,0,0,0,0,44,24
21510,0:1:1;0:2:1;1:4:3;1:4:3,3,0,1,1,1,0,1,1,1,1,1,5,9,13
21511,0:1:1;0:2:1;1:4:3;1:4:3,3,1,1,1,1,0,1,1,1,1,1,5,9,3
21512,0:1:1;0:2:1;1:4:3;1:4:3,3,2,1,1,1,0,1,1,1,1,1,5,9,1
21513,0:1:1;0:2:1;1:4:3;1:4:3,3,3,1,1,1,0,1,1,1,1,1,5,9,1
21514,0:1:1;0:2:1;1:4:3;1:4:3,3,4,1,1,1,0,1,1,1,1,1,5,9,1
21515,0:1:1;0:2:1;1:4:3;1:4:3,3,5,1,1,1,0,1,1,1,1,1,5,9,1
21516,0:1:1;0:2:1;1:4:3;1:4:3,4,0,1,1,1,0,1,1,1,1,1,5,9,13
21517,0:1:1;0:2:1;1:4:3;1:4:3,4,1,1,1,1,0,1,1,1,1,1,5,9,3
21518,0:1:1;0:2:1;1:4:3;1:4:3,4,2,1,1,1,0,1,1,1,1,1,5,9,1
21519,0:1:1;0:2:1;1:4:3;1:4:3,4,3,1,1,1,0,1,1,1,1,1,5,9,1
21520,0:1:1;0:2:1;1:4:3;1:4:3,4,4,1,1,1,0,1,1,1,1,1,5,9,1
21521,0:1:1;0:2:1;1:4:3;1:4:3,4,5,1,1,1,0,1,1,1,1,1,5,9,1
21522,0:1:1;0:2:1;1:4:3;1:4:3,5,0,1,1,1,0,1,1,1,1,1,5,9,13
21523,0:1:1;0:2:1;1:4:3;1:4:3,5,1,1,1,1,0,1,1,1,1,1,5,9,3
21524,0:1:1;0:2:1;1:4:3;1:4:3,5,2,1,1,1,0,1,1,1,1,1,5,9,1
21525,0:1:1;0:2:1;1:4:3;1:4:3,5,3,1,1,1,0,1,1,1,1,1,5,9,1
21526,0:1:1;0:2:1;1:4:3;1:4:3,5,4,1,1,1,0,1,1,1,1,1,5,9,1
21527,0:1:1;0:2:1;1:4:3;1:4:3,5,5,1,1,1,0,1,1,1,1,1,5,9,1
21528,0:1:1;0:2:2;0:2:2;0:2:2,0,0,0,0,0,1,0,0,0,0,0,0,1,24
21529,0:1:1;0:2:2;0:2:2;0:2:2,0,1,0,0,0,1,0,0,0,0,0,0,5,24
21530,0:1:1;0:2:2;0:2:2;0:2:2,0,2,0,0,0,1,0,0,0,0,0,0,14,24
21531,0:1:1;0:2:2;0:2:2;0:2:2,0,3,0,0,0,1,0,0,0,0,0,0,27,24
21532,0:1:1;0:2:2;0:2:2;0:2:2,0,4,0,0,0,1,0,0,0,0,0,0,40,24
21533,0:1:1;0:2:2;0:2:2;0:2:2,0,5,0,0,0,1,0,0,0,0,0,0,49,24
21534,0:1:1;0:2:2;0:2:2;0:2:2,1,0,0,0,0,1,0,0,0,0,0,0,1,24
21535,0:1:1;0:2:2;0:2:2;0:2:2,1,1,0,0,0,1,0,0,0,0,0,0,5,24
21536,0:1:1;0:2:2;0:2:2;0:2:2,1,2,0,0,0,1,0,0,0,0,0,0,14,24
21537,0:1:1;0:2:2;0:2:2;0:2:2,1,3,0,0,0,1,0,0,0,0,0,0,27,24
21538,0:1:1;0:2:2;0:2:2;0:2:2,1,4,0,0,0,1,0,0,0,0,0,0,40,24
21539,0:1:1;0:2:2;0:2:2;0:2:2,1,5,0,0,0,1,0,0,0,0,0,0,49,24
21540,0:1:1;0:2:2;0:2:2;0:2:2,2,0,0,0,0,1,0,0,0,0,0,0,1,24
21541,0:1:1;0:2:2;0:2:2;0:2:2,2,1,0,0,0,1,0,0,0,0,0,0,5,24
21542,0:1:1;0:2:2;0:2:2;0:2:2,2,2,0,0,0,1,0,0,0,0,0,0,14,24
21543,0:1:1;0:2:2;0:2:2;0:2:2,2,3,0,0,0,1,0,0,0,0,0,0,27,24
21544,0:1:1;0:2:2;0:2:2;0:2:2,2,4,0,0,0,1,0,0,0,0,0,0,40,24
21545,0:1:1;0:2:2;0:2:2;0:2:2,2,5,0,0,0,1,0,0,0,0,0,0,49,24
21546,0:1:1;0:2:2;0:2:2;0:2:2,3,0,0,0,0,1,0,0,0,0,0,0,1,24
21547,0:1:1;0:2:2;0:2:2;0:2:2,3,1,0,0,0,1,0,0,0,0,0,0,5,24
21548,0:1:1;0:2:2;0:2:2;0:2:2,3,2,0,0,0,1,0,0,0,0,0,0,14,24
21549,0:1:1;0:2:2;0:2:2;0:2:2,3,3,0,0,0,1,0,0,0,0,0,0,27,24
21550,0:1:1;0:2:2;0:2:2;0:2:2,3,4,0,0,0,1,0,0,0,0,0,0,40,24
21551,0:1:1;0:2:2;0:2:2;0:2:2,3,5,0,0,0,1,0,0,0,0,0,0,49,24
21552,0:1:1;0:2:2;0:2:2;0:2:2,4,0,0,0,0,1,0,0,0,0,0,0,1,24
21553,0:1:1;0:2:2;0:2:2;0:2:2,4,1,0,0,0,1,0,0,0,0,0,0,5,24
21554,0:1:1;0:2:2;0:2:2;0:2:2,4,2,0,0,0,1,0,0,0,0,0,0,14,24
21555,0:1:1;0:2:2;0:2:2;0:2:2,4,3,0,0,0,1,0,0,0,0,0,0,27,24
21556,0:1:1;0:2:2;0:2:2;0:2:2,4,4,0,0,0,1,0,0,0,0,0,0,40,24
21557,0:1:1;0:2:2;0:2:2;0:2:2,4,5,0,0,0,1,0,0,0,0,0,0,49,24
21558,0:1:1;0:2:2;0:2:2;0:2:2,5,0,0,0,0,1,0,0,0,0,0,0,1,24
21559,0:1:1;0:2:2;0:2:2;0:2:2,5,1,0,0,0,1,0,0,0,0,0,0,5,24
21560,0:1:1;0:2:2;0:2:2;0:2:2,5,2,0,0,0,1,0,0,0,0,0,0,14,24
21561,0:1:1;0:2:2;0:2:2;0:2:2,5,3,0,0,0,1,0,0,0,0,0,0,27,24
21562,0:1:1;0:2:2;0:2:2;0:2:2,5,4,0,0,0,1,0,0,0,0,0,0,40,24
21563,0:1:1;0:2:2;0:2:2;0:2:2,5,5,0,0,0,1,0,0,0,0,0,0,49,24
21564,0:1:1;0:2:2;0:2:2;0:3:2,0,0,0,0,0,1,0,0,0,0,0,0,1,24
21565,0:1:1;0:2:2;0:2:2;0:3:2,0,1,0,0,0,1,0,0,0,0,0,0,5,24
21566,0:1:1;0:2:2;0:2:2;0:3:2,0,2,0,0,0,1,0,0,0,0,0,0,14,24
21567,0:1:1;0:2:2;0:2:2;0:3:2,0,3,0,0,0,1,0,0,0,0,0,0,27,24
21568,0:1:1;0:2:2;0:2:2;0:3:2,0,4,0,0,0,1,0,0,0,0,0,0,40,24
21569,0:1:1;0:2:2;0:2:2;0:3:2,0,5,0,0,0,1,0,0,0,0,0,0,49,24
21570,0:1:1;0:2:2;0:2:2;0:3:2,1,0,0,0,0,1,0,0,0,0,0,0,1,24
21571,0:1:1;0:2:2;0:2:2;0:3:2,1,1,0,0,0,1,0,0,0,0,0,0,5,24
21572,0:1:1;0:2:2;0:2:2;0:3:2,1,2,0,0,0,1,0,0,0,0,0,0,14,24
21573,0:1:1;0:2:2;0:2:2;0:3:2,1,3,0,0,0,1,0,0,0,0,0,0,27,24
21574,0:1:1;0:2:2;0:2:2;0:3:2,1,4,0,0,0,1,0,0,0,0,0,0,40,24
21575,0:1:1;0:2:2;0:2:2;0:3:2,1,5,0,0,0,1,0,0,0,0,0,0,49,24
21576,0:1:1;0:2:2;0:2:2;0:3:2,2,0,0,0,0,1,0,0,0,0,0,0,1,24
21577,0:1:1;0:2:2;0:2:2;0:3:2,2,1,0,0,0,1,0,0,0,0,0,0,5,24
21578,0:1:1;0:2:2;0:2:2;0:3:2,2,2,0,0,0,1,0,0,0,0,0,0,14,24
21579,0:1:1;0:2:2;0:2:2;0:3:2,2,3,0,0,0,1,0,0,0,0,0,0,27,24
21580,0:1:1;0:2:2;0:2:2;0:3:2,2,4,0,0,0,1,0,0,0,0,0,0,40,24
21581,0:1:1;0:2:2;0:2:2;0:3:2,2,5,0,0,0,1,0,0,0,0,0,0,49,24
21582,0:1:1;0:2:2;0:2:2;0:3:2,3,0,0,0,0,1,0,0,0,0,0,0,1,24
21583,0:1:1;0:2:2;0:2:2;0:3:2,3,1,0,0,0,1,0,0,0,0,0,0,5,24
21584,0:1:1;0:2:2;0:2:2;0:3:2,3,2,0,0,0,1,0,0,0,0,0,0,14,24
21585,0:1:1;0:2:2;0:2:2;0:3:2,3,3,0,0,0,1,0,0,0,0,0,0,27,24
21586,0:1:1;0:2:2;0:2:2;0:3:2,3,4,0,0,0,1,0,0,0,0,0,0,40,24
21587,0:1:1;0:2:2;0:2:2;0:3:2,3,5,0,0,0,1,0,0,0,0,0,0,49,24
21588,0:1:1;0:2:2;0:2:2;0:3:2,4,0,0,0,0,1,0,0,0,0,0,0,1,24
21589,0:1:1;0:2:2;0:2:2;0:3:2,4,1,0,0,0,1,0,0,0,0,0,0,5,24
21590,0:1:1;0:2:2;0:2:2;0:3:2,4,2,0,0,0,1,0,0,0,0,0,0,14,24
21591,0:1:1;0:2:2;0:2:2;0:3:2,4,3,0,0,0,1,0,0,0,0,0,0,27,24
21592,0:1:1;0:2:2;0:2:2;0:3:2,4,4,0,0,0,1,0,0,0,0,0,0,40,24
21593,0:1:1;0:2:2;0:2:2;0:3:2,4,5,0,0,0,1,0,0,0,0,0,0,49,24
21594,0:1:1;0:2:2;0:2:2;0:3:2,5,0,0,0,0,1,0,0,0,0,0,0,1,24
21595,0:1:1;0:2:2;0:2:2;0:3:2,5,1,0,0,0,1,0,0,0,0,0,0,5,24
21596,0:1:1;0:2:2;0:2:2;0:3:2,5,2,0,0,0,1,0,0,0,0,0,0,14,24
21597,0:1:1;0:2:2;0:2:2;0:3:2,5,3,0,0,0,1,0,0,0,0,0,0,27,24
21598,0:1:1;0:2:2;0:2:2;0:3:2,5,4,0,0,0,1,0,0,0,0,0,0,40,24
21599,0:1:1;0:2:2;0:2:2;0:3:2,5,5,0,0,0,1,0,0,0,0,0,0,49,24
21600,0:1:1;0:2:2;0:2:2;0:3:3,0,0,0,0,0,1,0,0,0,0,0,0,1,24
21601,0:1:1;0:2:2;0:2:2;0:3:3,0,1,0,0,0,1,0,0,0,0,0,0,5,24
21602,0:1:1;0:2:2;0:2:2;0:3:3,0,2,0,0,0,1,0,0,0,0,0,0,14,24
21603,0:1:1;0:2:2;0:2:2;0:3:3,0,3,0,0,0,1,0,0,0,0,0,0,28,24
21604,0:1:1;0:2:2;0:2:2;0:3:3,0,4,0,0,0,1,0,0,0,0,0,0,44,24
21605,0:1:1;0:2:2;0:2:2;0:3:3,0,5,0,0,0,1,0,0,0,0,0,0,58,24
21606,0:1:1;0:2:2;0:2:2;0:3:3,1,0,0,0,0,1,0,0,0,0,0,0,1,24
21607,0:1:1;0:2:2;0:2:2;0:3:3,1,1,0,0,0,1,0,0,0,0,0,0,5,24
21608,0:1:1;0:2:2;0:2:2;0:3:3,1,2,0,0,0,1,0,0,0,0,0,0,14,24
21609,0:1:1;0:2:2;0:2:2;0:3:3,1,3,0,0,0,1,0,0,0,0,0,0,28,24
21610,0:1:1;0:2:2;0:2:2;0:3:3,1,4,0,0,0,1,0,0,0,0,0,0,44,24
21611,0:1:1;0:2:2;0:2:2;0:3:3,1,5,0,0,0,1,0,0,0,0,0,0,58,24
21612,0:1:1;0:2:2;0:2:2;0:3:3,2,0,0,0,0,1,0,0,0,0,0,0,1,24
21613,0:1:1;0:2:2;0:2:2;0:3:3,2,1,0,0,0,1,0,0,0,0,0,0,5,24
21614,0:1:1;0:2:2;0:2:2;0:3:3,2,2,0,0,0,1,0,0,0,0,0,0,14,24
21615,0:1:1;0:2:2;0:2:2;0:3:3,2,3,0,0,0,1,0,0,0,0,0,0,28,24
21616,0:1:1;0:2:2;0:2:2;0:3:3,2,4,0,0,0,1,0,0,0,0,0,0,44,24
21617,0:1:1;0:2:2;0:2:2;0:3:3,2,5,0,0,0,1,0,0,0,0,0,0,58,24
21618,0:1:1;0:2:2;0:2:2;0:3:3,3,0,0,0,0,1,0,0,0,0,0,0,1,24
21619,0:1:1;0:2:2;0:2:2;0:3:3,3,1,0,0,0,1,0,0,0,0,0,0,5,24
21620,0:1:1;0:2:2;0:2:2;0:3:3,3,2,0,0,0,1,0,0,0,0,0,0,14,24
21621,0:1:1;0:2:2;0:2:2;0:3:3,3,3,0,0,0,1,0,0,0,0,0,0,28,24
21622,0:1:1;0:2:2;0:2:2;0:3:3,3,4,0,0,0,1,0,0,0,0,0,0,44,24
21623,0:1:1;0:2:2;0:2:2;0:3:3,3,5,0,0,0,1,0,0,0,0,0,0,58,24
21624,0:1:1;0:2:2;0:2:2;0:3:3,4,0,0,0,0,1,0,0,0,0,0,0,1,24
21625,0:1:1;0:2:2;0:2:2;0:3:3,4,1,0,0,0,1,0,0,0,0,0,0,5,24
21626,0:1:1;0:2:2;0:2:2;0:3:3,4,2,0,0,0,1,0,0,0,0,0,0,14,24
21627,0:1:1;0:2:2;0:2:2;0:3:3,4,3,0,0,0,1,0,0,0,0,0,0,28,24
21628,0:1:1;0:2:2;0:2:2;0:3:3,4,4,0,0,0,1,0,0,0,0,0,0,44,24
21629,0:1:1;0:2:2;0:2:2;0:3:3,4,5,0,0,0,1,0,0,0,0,0,0,58,24
21630,0:1:1;0:2:2;0:2:2;0:3:3,5,0,0,0,0,1,0,0,0,0,0,0,1,24
21631,0:1:1;0:2:2;0:2:2;0:3:3,5,1,0,0,0,1,0,0,0,0,0,0,5,24
21632,0:1:1;0:2:2;0:2:2;0:3:3,5,2,0,0,0,1,0,0,0,0,0,0,14,24
21633,0:1:1;0:2:2;0:2:2;0:3:3,5,3,0,0,0,1,0,0,0,0,0,0,28,24
21634,0:1:1;0:2:2;0:2:2;0:3:3,5,4,0,0,0,1,0,0,0,0,0,0,44,24
21635,0:1:1;0:2:2;0:2:2;0:3:3,5,5,0,0,0,1,0,0,0,0,0,0,58,24
21636,0:1:1;0:2:2;0:2:2;0:4:3,0,0,0,0,0,1,0,0,0,0,0,0,1,24
21637,0:1:1;0:2:2;0:2:2;0:4:3,0,1,0,0,0,1,0,0,0,0,0,0,5,24
21638,0:1:1;0:2:2;0:2:2;0:4:3,0,2,0,0,0,1,0,0,0,0,0,0,14,24
21639,0:1:1;0:2:2;0:2:2;0:4:3,0,3,0,0,0,1,0,0,0,0,0,0,28,24
21640,0:1:1;0:2:2;0:2:2;0:4:3,0,4,0,0,0,1,0,0,0,0,0,0,44,24
21641,0:1:1;0:2:2;0:2:2;0:4:3,0,5,0,0,0,1,0,0,0,0,0,0,58,24
21642,0:1:1;0:2:2;0:2:2;0:4:3,1,0,0,0,0,1,0,0,0,0,0,0,1,24
21643,0:1:1;0:2:2;0:2:2;0:4:3,1,1,0,0,0,1,0,0,0,0,0,0,5,24
21644,0:1:1;0:2:2;0:2:2;0:4:3,1,2,0,0,0,1,0,0,0,0,0,0,14,24
21645,0:1:1;0:2:2;0:2:2;0:4:3,1,3,0,0,0,1,0,0,0,0,0,0,28,24
21646,0:1:1;0:2:2;0:2:2;0:4:3,1,4,0,0,0,1,0,0,0,0,0,0,44,24
21647,0:1:1;0:2:2;0:2:2;0:4:3,1,5,0,0,0,1,0,0,0,0,0,0,58,24
21648,0:1:1;0:2:2;0:2:2;0:4:3,2,0,0,0,0,1,0,0,0,0,0,0,1,24
21649,0:1:1;0:2:2;0:2:2;0:4:3,2,1,0,0,0,1,0,0,0,0,0,0,5,24
21650,0:1:1;0:2:2;0:2:2;0:4:3,2,2,0,0,0,1,0,0,0,0,0,0,14,24
21651,0:1:1;0:2:2;0:2:2;0:4:3,2,3,0,0,0,1,0,0,0,0,0,0,28,24
21652,0:1:1;0:2:2;0:2:2;0:4:3,2,4,0,0,0,1,0,0,0,0,0,0,44,24
21653,0:1:1;0:2:2;0:2:2;0:4:3,2,5,0,0,0,1,0,0,0,0,0,0,58,24
21654,0:1:1;0:2:2;0:2:2;0:4:3,3,0,0,0,0,1,0,0,0,0,0,0,1,24
21655,0:1:1;0:2:2;0:2:2;0:4:3,3,1,0,0,0,1,0,0,0,0,0,0,5,24
21656,0:1:1;0:2:2;0:2:2;0:4:3,3,2,0,0,0,1,0,0,0,0,0,0,14,24
21657,0:1:1;0:2:2;0:2:2;0:4:3,3,3,0,0,0,1,0,0,0,0,0,0,28,24
21658,0:1:1;0:2:2;0:2:2;0:4:3,3,4,0,0,0,1,0,0,0,0,0,0,44,24
21659,0:1:1;0:2:2;0:2:2;0:4:3,3,5,0,0,0,1,0,0,0,0,0,0,58,24
21660,0:1:1;0:2:2;0:2:2;0:4:3,4,0,0,0,0,1,0,0,0,0,0,0,1,24
21661,0:1:1;0:2:2;0:2:2;0:4:3,4,1,0,0,0,1,0,0,0,0,0,0,5,24
21662,0:1:1;0:2:2;0:2:2;0:4:3,4,2,0,0,0,1,0,0,0,0,0,0,14,24
21663,0:1:1;0:2:2;0:2:2;0:4:3,4,3,0,0,0,1,0,0,0,0,0,0,28,24
21664,0:1:1;0:2:2;0:2:2;0:4:3,4,4,0,0,0,1,0,0,0,0,0,0,44,24
21665,0:1:1;0:2:2;0:2:2;0:4:3,4,5,0,0,0,1,0,0,0,0,0,0,58,24
21666,0:1:1;0:2:2;0:2:2;0:4:3,5,0,0,0,0,1,0,0,0,0,0,0,1,24
21667,0:1:1;0:2:2;0:2:2;0:4:3,5,1,0,0,0,1,0,0,0,0,0,0,5,24
21668,0:1:1;0:2:2;0:2:2;0:4:3,5,2,0,0,0,1,0,0,0,0,0,0,14,24
21669,0:1:1;0:2:2;0:2:2;0:4:3,5,3,0,0,0,1,0,0,0,0,0,0,28,24
21670,0:1:1;0:2:2;0:2:2;0:4:3,5,4,0,0,0,1,0,0,0,0,0,0,44,24
21671,0:1:1;0:2:2;0:2:2;0:4:3,5,5,0,0,0,1,0,0,0,0,0,0,58,24
21672,0:1:1;0:2:2;0:2:2;1:1:1,0,0,0,0,0,1,0,0,0,0,0,0,1,24
21673,0:1:1;0:2:2;0:2:2;1:1:1,0,1,0,0,0,1,0,0,0,0,0,0,7,24
21674,0:1:1;0:2:2;0:2:2;1:1:1,0,2,0,0,0,1,0,0,0,0,0,0,19,24
21675,0:1:1;0:2:2;0:2:2;1:1:1,0,3,0,0,0,1,0,0,0,0,0,0,27,24
21676,0:1:1;0:2:2;0:2:2;1:1:1,0,4,1,1,1,0,1,1,1,1,1,5,7,2
21677,0:1:1;0:2:2;0:2:2;1:1:1,0,5,1,1,1,0,1,1,1,1,1,5,7,1
21678,0:1:1;0:2:2;0:2:2;1:1:1,1,0,0,0,0,1,0,0,0,0,0,0,5,24
21679,0:1:1;0:2:2;0:2:2;1:1:1,1,1,0,0,0,1,0,0,0,0,0,0,13,24
21680,0:1:1;0:2:2;0:2:2;1:1:1,1,2,0,0,0,1,0,0,0,0,0,0,23,24
21681,0:1:1;0:2:2;0:2:2;1:1:1,1,3,0,0,0,1,0,0,0,0,0,0,31,24
21682,0:1:1;0:2:2;0:2:2;1:1:1,1,4,1,1,1,0,1,1,1,1,1,5,7,2
21683,0:1:1;0:2:2;0:2:2;1:1:1,1,5,1,1,1,0,1,1,1,1,1,5,7,1
21684,0:1:1;0:2:2;0:2:2;1:1:1,2,0,0,0,0,1,0,0,0,0,0,0,5,24
21685,0:1:1;0:2:2;0:2:2;1:1:1,2,1,0,0,0,1,0,0,0,0,0,0,13,24
21686,0:1:1;0:2:2;0:2:2;1:1:1,2,2,0,0,0,1,0,0,0,0,0,0,23,24
21687,0:1:1;0:2:2;0:2:2;1:1:1,2,3,0,0,0,1,0,0,0,0,0,0,31,24
21688,0:1:1;0:2:2;0:2:2;1:1:1,2,4,1,1,1,0,1,1,1,1,1,5,7,2
21689,0:1:1;0:2:2;0:2:2;1:1:1,2,5,1,1,1,0,1,1,1,1,1,5,7,1
21690,0:1:1;0:2:2;0:2:2;1:1:1,3,0,0,0,0,1,0,0,0,0,0,0,5,24
21691,0:1:1;0:2:2;0:2:2;1:1:1,3,1,0,0,0,1,0,0,0,0,0,0,13,24
21692,0:1:1;0:2:2;0:2:2;1:1:1,3,2,0,0,0,1,0,0,0,0,0,0,23,24
21693,0:1:1;0:2:2;0:2:2;1:1:1,3,3,0,0,0,1,0,0,0,0,0,0,31,24
21694,0:1:1;0:2:2;0:2:2;1:1:1,3,4,1,1,1,0,1,1,1,1,1,5,7,2
21695,0:1:1;0:2:2;0:2:2;1:1:1,3,5,1,1,1,0,1,1,1,1,1,5,7,1
21696,0:1:1;0:2:2;0:2:2;1:1:1,4,0,0,0,0,1,0,0,0,0,0,0,5,24
21697,0:1:1;0:2:2;0:2:2;1:1:1,4,1,0,0,0,1,0,0,0,0,0,0,13,24
21698,0:1:1;0:2:2;0:2:2;1:1:1,4,2,0,0,0,1,0,0,0,0,0,0,23,24
21699,0:1:1;0:2:2;0:2:2;1:1:1,4,3,0,0,0,1,0,0,0,0,0,0,31,24
21700,0:1:1;0:2:2;0:2:2;1:1:1,4,4,1,1,1,0,1,1,1,1,1,5,7,2
21701,0:1:1;0:2:2;0:2:2;1:1:1,4,5,1,1,1,0,1,1,1,1,1,5,7,1
21702,0:1:1;0:2:2;0:2:2;1:1:1,5,0,0,0,0,1,0,0,0,0,0,0,5,24
21703,0:1:1;0:2:2;0:2:2;1:1:1,5,1,0,0,0,1,0,0,0,0,0,0,13,24
21704,0:1:1;0:2:2;0:2:2;1:1:1,5,2,0,0,0,1,0,0,0,0,0,0,23,24
21705,0:1:1;0:2:2;0:2:2;1:1:1,5,3,0,0,0,1,0,0,0,0,0,0,31,24
21706,0:1:1;0:2:2;0:2:2;1:1:1,5,4,1,1,1,0,1,1,1,1,1,5,7,2
21707,0:1:1;0:2:2;0:2:2;1:1:1,5,5,1,1,1,0,1,1,1,1,1,5,7,1
21708,0:1:1;0:2:2;0:2:2;1:2:1,0,0,0,0,0,1,0,0,0,0,0,0,1,24
21709,0:1:1;0:2:2;0:2:2;1:2:1,0,1,0,0,0,1,0,0,0,0,0,0,10,24
21710,0:1:1;0:2:2;0:2:2;1:2:1,0,2,0,0,0,1,0,0,0,0,0,0,22,24
21711,0:1:1;0:2:2;0:2:2;1:2:1,0,3,1,1,1,0,1,1,1,1,1,5,7,2
21712,0:1:1;0:2:2;0:2:2;1:2:1,0,4,1,1,1,0,1,1,1,1,1,5,7,2
21713,0:1:1;0:2:2;0:2:2;1:2:1,0,5,1,1,1,0,1,1,1,1,1,5,7,1
21714,0:1:1;0:2:2;0:2:2;1:2:1,1,0,0,0,0,1,0,0,0,0,0,0,10,24
21715,0:1:1;0:2:2;0:2:2;1:2:1,1,1,0,0,0,1,0,0,0,0,0,0,18,24
21716,0:1:1;0:2:2;0:2:2;1:2:1,1,2,0,0,0,1,0,0,0,0,0,0,26,24
21717,0:1:1;0:2:2;0:2:2;1:2:1,1,3,1,1,1,0,1,1,1,1,1,5,7,2
21718,0:1:1;0:2:2;0:2:2;1:2:1,1,4,1,1,1,0,1,1,1,1,1,5,7,2
21719,0:1:1;0:2:2;0:2:2;1:2:1,1,5,1,1,1,0,1,1,1,1,1,5,7,1
21720,0:1:1;0:2:2;0:2:2;1:2:1,2,0,0,0,0,1,0,0,0,0,0,0,10,24
21721,0:1:1;0:2:2;0:2:2;1:2:1,2,1,0,0,0,1,0,0,0,0,0,0,18,24
21722,0:1:1;0:2:2;0:2:2;1:2:1,2,2,0,0,0,1,0,0,0,0,0,0,26,24
21723,0:1:1;0:2:2;0:2:2;1:2:1,2,3,1,1,1,0,1,1,1,1,1,5,7,2
21724,0:1:1;0:2:2;0:2:2;1:2:1,2,4,1,1,1,0,1,1,1,1,1,5,7,2
21725,0:1:1;0:2:2;0:2:2;1:2:1,2,5,1,1,1,0,1,1,1,1,1,5,7,1
21726,0:1:1;0:2:2;0:2:2;1:2:1,3,0,0,0,0,1,0,0,0,0,0,0,10,24
21727,0:1:1;0:2:2;0:2:2;1:2:1,3,1,0,0,0,1,0,0,0,0,0,0,18,24
21728,0:1:1;0:2:2;0:2:2;1:2:1,3,2,0,0,0,1,0,0,0,0,0,0,26,24
21729,0:1:1;0:2:2;0:2:2;1:2:1,3,3,1,1,1,0,1,1,1,1,1,5,7,2
21730,0:1:1;0:2:2;0:2:2;1:2:1,3,4,1,1,1,0,1,1,1,1,1,5,7,2
21731,0:1:1;0:2:2;0:2:2;1:2:1,3,5,1,1,1,0,1,1,1,1,1,5,7,1
21732,0:1:1;0:2:2;0:2:2;1:2:1,4,0,0,0,0,1,0,0,0,0,0,0,10,24
21733,0:1:1;0:2:2;0:2:2;1:2:1,4,1,0,0,0,1,0,0,0,0,0,0,18,24
21734,0:1:1;0:2:2;0:2:2;1:2:1,4,2,0,0,0,1,0,0,0,0,0,0,26,24
21735,0:1:1;0:2:2;0:2:2;1:2:1,4,3,1,1,1,0,1,1,1,1,1,5,7,2
21736,0:1:1;0:2:2;0:2:2;1:2:1,4,4,1,1,1,0,1,1,1,1,1,5,7,2
21737,0:1:1;0:2:2;0:2:2;1:2:1,4,5,1,1,1,0,1,1,1,1,1,5,7,1
21738,0:1:1;0:2:2;0:2:2;1:2:1,5,0,0,0,0,1,0,0,0,0,0,0,10,24
21739,0:1:1;0:2:2;0:2:2;1:2:1,5,1,0,0,0,1,0,0,0,0,0,0,18,24
21740,0:1:1;0:2:2;0:2:2;1:2:1,5,2,0,0,0,1,0,0,0,0,0,0,26,24
21741,0:1:1;0:2:2;0:2:2;1:2:1,5,3,1,1,1,0,1,1,1,1,1,5,7,2
21742,0:1:1;0:2:2;0:2:2;1:2:1,5,4,1,1,1,0,1,1,1,1,1,5,7,2
21743,0:1:1;0:2:2;0:2:2;1:2:1,5,5,1,1,1,0,1,1,1,1,1,5,7,1
21744,0:1:1;0:2:2;0:2:2;1:2:2,0,0,0,0,0,1,0,0,0,0,0,0,1,24
21745,0:1:1;0:2:2;0:2:2;1:2:2,0,1,0,0,0,1,0,0,0,0,0,0,5,24
21746,0:1:1;0:2:2;0:2:2;1:2:2,0,2,0,0,0,1,0,0,0,0,0,0,23,24
21747,0:1:1;0:2:2;0:2:2;1:2:2,0,3,1,1,1,0,1,1,1,1,1,5,8,2
21748,0:1:1;0:2:2;0:2:2;1:2:2,0,4,1,1,1,0,1,1,1,1,1,5,8,2
21749,0:1:1;0:2:2;0:2:2;1:2:2,0,5,1,1,1,0,1,1,1,1,1,5,8,1
21750,0:1:1;0:2:2;0:2:2;1:2:2,1,0,0,0,0,1,0,0,0,0,0,0,2,24
21751,0:1:1;0:2:2;0:2:2;1:2:2,1,1,0,0,0,1,0,0,0,0,0,0,14,24
21752,0:1:1;0:2:2;0:2:2;1:2:2,1,2,0,0,0,1,0,0,0,0,0,0,31,24
21753,0:1:1;0:2:2;0:2:2;1:2:2,1,3,1,1,1,0,1,1,1,1,1,5,8,2
21754,0:1:1;0:2:2;0:2:2;1:2:2,1,4,1,1,1,0,1,1,1,1,1,5,8,2
21755,0:1:1;0:2:2;0:2:2;1:2:2,1,5,1,1,1,0,1,1,1,1,1,5,8,1
21756,0:1:1;0:2:2;0:2:2;1:2:2,2,0,0,0,0,1,0,0,0,0,0,0,11,24
21757,0:1:1;0:2:2;0:2:2;1:2:2,2,1,0,0,0,1,0,0,0,0,0,0,22,24
21758,0:1:1;0:2:2;0:2:2;1:2:2,2,2,0,0,0,1,0,0,0,0,0,0,35,24
21759,0:1:1;0:2:2;0:2:2;1:2:2,2,3,1,1,1,0,1,1,1,1,1,5,8,2
21760,0:1:1;0:2:2;0:2:2;1:2:2,2,4,1,1,1,0,1,1,1,1,1,5,8,2
21761,0:1:1;0:2:2;0:2:2;1:2:2,2,5,1,1,1,0,1,1,1,1,1,5,8,1
21762,0:1:1;0:2:2;0:2:2;1:2:2,3,0,0,0,0,1,0,0,0,0,0,0,11,24
21763,0:1:1;0:2:2;0:2:2;1:2:2,3,1,0,0,0,1,0,0,0,0,0,0,22,24
21764,0:1:1;0:2:2;0:2:2;1:2:2,3,2,0,0,0,1,0,0,0,0,0,0,35,24
21765,0:1:1;0:2:2;0:2:2;1:2:2,3,3,1,1,1,0,1,1,1,1,1,5,8,2
21766,0:1:1;0:2:2;0:2:2;1:2:2,3,4,1,1,1,0,1,1,1,1,1,5,8,2
21767,0:1:1;0:2:2;0:2:2;1:2:2,3,5,1,1,1,0,1,1,1,1,1,5,8,1
21768,0:1:1;0:2:2;0:2:2;1:2:2,4,0,0,0,0,1,0,0,0,0,0,0,11,24
21769,0:1:1;0:2:2;0:2:2;1:2:2,4,1,0,0,0,1,0,0,0,0,0,0,22,24
21770,0:1:1;0:2:2;0:2:2;1:2:2,4,2,0,0,0,1,0,0,0,0,0,0,35,24
21771,0:1:1;0:2:2;0:2:2;1:2:2,4,3,1,1,1,0,1,1,1,1,1,5,8,2
21772,0:1:1;0:2:2;0:2:2;1:2:2,4,4,1,1,1,0,1,1,1,1,1,5,8,2
21773,0:1:1;0:2:2;0:2:2;1:2:2,4,5,1,1,1,0,1,1,1,1,1,5,8,1
21774,0:1:1;0:2:2;0:2:2;1:2:2,5,0,0,0,0,1,0,0,0,0,0,0,11,24
21775,0:1:1;0:2:2;0:2:2;1:2:2,5,1,0,0,0,1,0,0,0,0,0,0,22,24
21776,0:1:1;0:2:2;0:2:2;1:2:2,5,2,0,0,0,1,0,0,0,0,0,0,35,24
21777,0:1:1;0:2:2;0:2:2;1:2:2,5,3,1,1,1,0,1,1,1,1,1,5,8,2
21778,0:1:1;0:2:2;0:2:2;1:2:2,5,4,1,1,1,0,1,1,1,1,1,5,8,2
21779,0:1:1;0:2:2;0:2:2;1:2:2,5,5,1,1,1,0,1,1,1,1,1,5,8,1
21780,0:1:1;0:2:2;0:2:2;1:3:2,0,0,0,0,0,1,0,0,0,0,0,0,1,24
21781,0:1:1;0:2:2;0:2:2;1:3:2,0,1,0,0,0,1,0,0,0,0,0,0,5,24
21782,0:1:1;0:2:2;0:2:2;1:3:2,0,2,1,1,0,1,0,0,1,0,1,6,14,11
21783,0:1:1;0:2:2;0:2:2;1:3:2,0,3,1,1,1,0,1,1,1,1,1,5,8,2
21784,0:1:1;0:2:2;0:2:2;1:3:2,0,4,1,1,1,0,1,1,1,1,1,5,8,2
21785,0:1:1;0:2:2;0:2:2;1:3:2,0,5,1,1,1,0,1,1,1,1,1,5,8,1
21786,0:1:1;0:2:2;0:2:2;1:3:2,1,0,0,0,0,1,0,0,0,0,0,0,2,24
21787,0:1:1;0:2:2;0:2:2;1:3:2,1,1,0,0,0,1,0,0,0,0,0,0,16,24
21788,0:1:1;0:2:2;0:2:2;1:3:2,1,2,1,1,1,0,1,1,1,1,1,5,8,5
21789,0:1:1;0:2:2;0:2:2;1:3:2,1,3,1,1,1,0,1,1,1,1,1,5,8,2
21790,0:1:1;0:2:2;0:2:2;1:3:2,1,4,1,1,1,0,1,1,1,1,1,5,8,2
21791,0:1:1;0:2:2;0:2:2;1:3:2,1,5,1,1,1,0,1,1,1,1,1,5,8,1
21792,0:1:1;0:2:2;0:2:2;1:3:2,2,0,0,0,0,1,0,0,0,0,0,0,16,24
21793,0:1:1;0:2:2;0:2:2;1:3:2,2,1,0,0,0,1,0,0,0,0,0,0,25,24
21794,0:1:1;0:2:2;0:2:2;1:3:2,2,2,1,1,1,0,1,1,1,1,1,5,8,5
21795,0:1:1;0:2:2;0:2:2;1:3:2,2,3,1,1,1,0,1,1,1,1,1,5,8,2
21796,0:1:1;0:2:2;0:2:2;1:3:2,2,4,1,1,1,0,1,1,1,1,1,5,8,2
21797,0:1:1;0:2:2;0:2:2;1:3:2,2,5,1,1,1,0,1,1,1,1,1,5,8,1
21798,0:1:1;0:2:2;0:2:2;1:3:2,3,0,0,0,0,1,0,0,0,0,0,0,16,24
21799,0:1:1;0:2:2;0:2:2;1:3:2,3,1,0,0,0,1,0,0,0,0,0,0,25,24
21800,0:1:1;0:2:2;0:2:2;1:3:2,3,2,1,1,1,0,1,1,1,1,1,5,8,5
21801,0:1:1;0:2:2;0:2:2;1:3:2,3,3,1,1,1,0,1,1,1,1,1,5,8,2
21802,0:1:1;0:2:2;0:2:2;1:3:2,3,4,1,1,1,0,1,1,1,1,1,5,8,2
21803,0:1:1;0:2:2;0:2:2;1:3:2,3,5,1,1,1,0,1,1,1,1,1,5,8,1
21804,0:1:1;0:2:2;0:2:2;1:3:2,4,0,0,0,0,1,0,0,0,0,0,0,16,24
21805,0:1:1;0:2:2;0:2:2;1:3:2,4,1,0,0,0,1,0,0,0,0,0,0,25,24
21806,0:1:1;0:2:2;0:2:2;1:3:2,4,2,1,1,1,0,1,1,1,1,1,5,8,5
21807,0:1:1;0:2:2;0:2:2;1:3:2,4,3,1,1,1,0,1,1,1,1,1,5,8,2
21808,0:1:1;0:2:2;0:2:2;1:3:2,4,4,1,1,1,0,1,1,1,1,1,5,8,2
21809,0:1:1;0:2:2;0:2:2;1:3:2,4,5,1,1,1,0,1,1,1,1,1,5,8,1
21810,0:1:1;0:2:2;0:2:2;1:3:2,5,0,0,0,0,1,0,0,0,0,0,0,16,24
21811,0:1:1;0:2:2;0:2:2;1:3:2,5,1,0,0,0,1,0,0,0,0,0,0,25,24
21812,0:1:1;0:2:2;0:2:2;1:3:2,5,2,1,1,1,0,1,1,1,1,1,5,8,5
21813,0:1:1;0:2:2;0:2:2;1:3:2,5,3,1,1,1,0,1,1,1,1,1,5,8,2
21814,0:1:1;0:2:2;0:2:2;1:3:2,5,4,1,1,1,0,1,1,1,1,1,5,8,2
21815,0:1:1;0:2:2;0:2:2;1:3:2,5,5,1,1,1,0,1,1,1,1,1,5,8,1
21816,0:1:1;0:2:2;0:2:2;1:3:3,0,0,0,0,0,1,0,0,0,0,0,0,1,24
21817,0:1:1;0:2:2;0:2:2;1:3:3,0,1,0,0,0,1,0,0,0,0,0,0,5,24
21818,0:1:1;0:2:2;0:2:2;1:3:3,0,2,1,0,0,1,0,0,0,0,0,4,16,24
21819,0:1:1;0:2:2;0:2:2;1:3:3,0,3,1,1,0,0,1,1,1,1,1,5,9,2
21820,0:1:1;0:2:2;0:2:2;1:3:3,0,4,1,1,1,0,1,1,1,1,1,5,9,2
21821,0:1:1;0:2:2;0:2:2;1:3:3,0,5,1,1,1,0,1,1,1,1,1,5,9,1
21822,0:1:1;0:2:2;0:2:2;1:3:3,1,0,0,0,0,1,0,0,0,0,0,0,2,24
21823,0:1:1;0:2:2;0:2:2;1:3:3,1,1,0,0,0,1,0,0,0,0,0,0,9,24
21824,0:1:1;0:2:2;0:2:2;1:3:3,1,2,1,1,0,1,0,0,1,0,1,6,18,11
21825,0:1:1;0:2:2;0:2:2;1:3:3,1,3,1,1,1,0,1,1,1,1,1,5,9,2
21826,0:1:1;0:2:2;0:2:2;1:3:3,1,4,1,1,1,0,1,1,1,1,1,5,9,2
21827,0:1:1;0:2:2;0:2:2;1:3:3,1,5,1,1,1,0,1,1,1,1,1,5,9,1
21828,0:1:1;0:2:2;0:2:2;1:3:3,2,0,0,0,0,1,0,0,0,0,0,0,3,24
21829,0:1:1;0:2:2;0:2:2;1:3:3,2,1,0,0,0,1,0,0,0,0,0,0,20,24
21830,0:1:1;0:2:2;0:2:2;1:3:3,2,2,1,1,1,0,1,1,1,1,1,5,9,5
21831,0:1:1;0:2:2;0:2:2;1:3:3,2,3,1,1,1,0,1,1,1,1,1,5,9,2
21832,0:1:1;0:2:2;0:2:2;1:3:3,2,4,1,1,1,0,1,1,1,1,1,5,9,2
21833,0:1:1;0:2:2;0:2:2;1:3:3,2,5,1,1,1,0,1,1,1,1,1,5,9,1
21834,0:1:1;0:2:2;0:2:2;1:3:3,3,0,0,0,0,1,0,0,0,0,0,0,17,24
21835,0:1:1;0:2:2;0:2:2;1:3:3,3,1,0,0,0,1,0,0,0,0,0,0,29,24
21836,0:1:1;0:2:2;0:2:2;1:3:3,3,2,1,1,1,0,1,1,1,1,1,5,9,5
21837,0:1:1;0:2:2;0:2:2;1:3:3,3,3,1,1,1,0,1,1,1,1,1,5,9,2
21838,0:1:1;0:2:2;0:2:2;1:3:3,3,4,1,1,1,0,1,1,1,1,1,5,9,2
21839,0:1:1;0:2:2;0:2:2;1:3:3,3,5,1,1,1,0,1,1,1,1,1,5,9,1
21840,0:1:1;0:2:2;0:2:2;1:3:3,4,0,0,0,0,1,0,0,0,0,0,0,17,24
21841,0:1:1;0:2:2;0:2:2;1:3:3,4,1,0,0,0,1,0,0,0,0,0,0,29,24
21842,0:1:1;0:2:2;0:2:2;1:3:3,4,2,1,1,1,0,1,1,1,1,1,5,9,5
21843,0:1:1;0:2:2;0:2:2;1:3:3,4,3,1,1,1,0,1,1,1,1,1,5,9,2
21844,0:1:1;0:2:2;0:2:2;1:3:3,4,4,1,1,1,0,1,1,1,1,1,5,9,2
21845,0:1:1;0:2:2;0:2:2;1:3:3,4,5,1,1,1,0,1,1,1,1,1,5,9,1
21846,0:1:1;0:2:2;0:2:2;1:3:3,5,0,0,0,0,1,0,0,0,0,0,0,17,24
21847,0:1:1;0:2:2;0:2:2;1:3:3,5,1,0,0,0,1,0,0,0,0,0,0,29,24
21848,0:1:1;0:2:2;0:2:2;1:3:3,5,2,1,1,1,0,1,1,1,1,1,5,9,5
21849,0:1:1;0:2:2;0:2:2;1:3:3,5,3,1,1,1,0,1,1,1,1,1,5,9,2
21850,0:1:1;0:2:2;0:2:2;1:3:3,5,4,1,1,1,0,1,1,1,1,1,5,9,2
21851,0:1:1;0:2:2;0:2:2;1:3:3,5,5,1,1,1,0,1,1,1,1,1,5,9,1
21852,0:1:1;0:2:2;0:2:2;1:4:3,0,0,0,0,0,1,0,0,0,0,0,0,1,24
21853,0:1:1;0:2:2;0:2:2;1:4:3,0,1,1,0,0,1,0,0,0,0,0,2,5,24
21854,0:1:1;0:2:2;0:2:2;1:4:3,0,2,1,0,0,1,0,0,0,0,0,4,16,24
21855,0:1:1;0:2:2;0:2:2;1:4:3,0,3,1,1,0,0,1,1,1,1,1,5,9,2
21856,0:1:1;0:2:2;0:2:2;1:4:3,0,4,1,1,1,0,1,1,1,1,1,5,9,2
21857,0:1:1;0:2:2;0:2:2;1:4:3,0,5,1,1,1,0,1,1,1,1,1,5,9,1
21858,0:1:1;0:2:2;0:2:2;1:4:3,1,0,0,0,0,1,0,0,0,0,0,0,2,24
21859,0:1:1;0:2:2;0:2:2;1:4:3,1,1,1,0,0,1,0,0,0,0,0,2,9,24
21860,0:1:1;0:2:2;0:2:2;1:4:3,1,2,1,1,0,1,0,0,1,0,1,6,18,11
21861,0:1:1;0:2:2;0:2:2;1:4:3,1,3,1,1,1,0,1,1,1,1,1,5,9,2
21862,0:1:1;0:2:2;0:2:2;1:4:3,1,4,1,1,1,0,1,1,1,1,1,5,9,2
21863,0:1:1;0:2:2;0:2:2;1:4:3,1,5,1,1,1,0,1,1,1,1,1,5,9,1
21864,0:1:1;0:2:2;0:2:2;1:4:3,2,0,0,0,0,1,0,0,0,0,0,0,3,24
21865,0:1:1;0:2:2;0:2:2;1:4:3,2,1,1,1,0,0,1,1,1,1,1,5,9,5
21866,0:1:1;0:2:2;0:2:2;1:4:3,2,2,1,1,1,0,1,1,1,1,1,5,9,5
21867,0:1:1;0:2:2;0:2:2;1:4:3,2,3,1,1,1,0,1,1,1,1,1,5,9,2
21868,0:1:1;0:2:2;0:2:2;1:4:3,2,4,1,1,1,0,1,1,1,1,1,5,9,2
21869,0:1:1;0:2:2;0:2:2;1:4:3,2,5,1,1,1,0,1,1,1,1,1,5,9,1
21870,0:1:1;0:2:2;0:2:2;1:4:3,3,0,0,0,0,1,0,0,0,0,0,0,20,24
21871,0:1:1;0:2:2;0:2:2;1:4:3,3,1,1,1,1,0,1,1,1,1,1,5,9,5
21872,0:1:1;0:2:2;0:2:2;1:4:3,3,2,1,1,1,0,1,1,1,1,1,5,9,5
21873,0:1:1;0:2:2;0:2:2;1:4:3,3,3,1,1,1,0,1,1,1,1,1,5,9,2
21874,0:1:1;0:2:2;0:2:2;1:4:3,3,4,1,1,1,0,1,1,1,1,1,5,9,2
21875,0:1:1;0:2:2;0:2:2;1:4:3,3,5,1,1,1,0,1,1,1,1,1,5,9,1
21876,0:1:1;0:2:2;0:2:2;1:4:3,4,0,0,0,0,1,0,0,0,0,0,0,20,24
21877,0:1:1;0:2:2;0:2:2;1:4:3,4,1,1,1,1,0,1,1,1,1,1,5,9,5
21878,0:1:1;0:2:2;0:2:2;1:4:3,4,2,1,1,1,0,1,1,1,1,1,5,9,5
21879,0:1:1;0:2:2;0:2:2;1:4:3,4,3,1,1,1,0,1,1,1,1,1,5,9,2
21880,0:1:1;0:2:2;0:2:2;1:4:3,4,4,1,1,1,0,1,1,1,1,1,5,9,2
21881,0:1:1;0:2:2;0:2:2;1:4:3,4,5,1,1,1,0,1,1,1,1,1,5,9,1
21882,0:1:1;0:2:2;0:2:2;1:4:3,5,0,0,0,0,1,0,0,0,0,0,0,20,24
21883,0:1:1;0:2:2;0:2:2;1:4:3,5,1,1,1,1,0,1,1,1,1,1,5,9,5
21884,0:1:1;0:2:2;0:2:2;1:4:3,5,2,1,1,1,0,1,1,1,1,1,5,9,5
21885,0:1:1;0:2:2;0:2:2;1:4:3,5,3,1,1,1,0,1,1,1,1,1,5,9,2
21886,0:1:1;0:2:2;0:2:2;1:4:3,5,4,1,1,1,0,1,1,1,1,1,5,9,2
21887,0:1:1;0:2:2;0:2:2;1:4:3,5,5,1,1,1,0,1,1,1,1,1,5,9,1
21888,0:1:1;0:2:2;0:3:2;0:3:2,0,0,0,0,0,1,0,0,0,0,0,0,1,24
21889,0:1:1;0:2:2;0:3:2;0:3:2,0,1,0,0,0,1,0,0,0,0,0,0,5,24
21890,0:1:1;0:2:2;0:3:2;0:3:2,0,2,0,0,0,1,0,0,0,0,0,0,14,24
21891,0:1:1;0:2:2;0:3:2;0:3:2,0,3,0,0,0,1,0,0,0,0,0,0,27,24
21892,0:1:1;0:2:2;0:3:2;0:3:2,0,4,0,0,0,1,0,0,0,0,0,0,40,24
21893,0:1:1;0:2:2;0:3:2;0:3:2,0,5,0,0,0,1,0,0,0,0,0,0,49,24
21894,0:1:1;0:2:2;0:3:2;0:3:2,1,0,0,0,0,1,0,0,0,0,0,0,1,24
21895,0:1:1;0:2:2;0:3:2;0:3:2,1,1,0,0,0,1,0,0,0,0,0,0,5,24
21896,0:1:1;0:2:2;0:3:2;0:3:2,1,2,0,0,0,1,0,0,0,0,0,0,14,24
21897,0:1:1;0:2:2;0:3:2;0:3:2,1,3,0,0,0,1,0,0,0,0,0,0,27,24
21898,0:1:1;0:2:2;0:3:2;0:3:2,1,4,0,0,0,1,0,0,0,0,0,0,40,24
21899,0:1:1;0:2:2;0:3:2;0:3:2,1,5,0,0,0,1,0,0,0,0,0,0,49,24
21900,0:1:1;0:2:2;0:3:2;0:3:2,2,0,0,0,0,1,0,0,0,0,0,0,1,24
21901,0:1:1;0:2:2;0:3:2;0:3:2,2,1,0,0,0,1,0,0,0,0,0,0,5,24
21902,0:1:1;0:2:2;0:3:2;0:3:2,2,2,0,0,0,1,0,0,0,0,0,0,14,24
21903,0:1:1;0:2:2;0:3:2;0:3:2,2,3,0,0,0,1,0,0,0,0,0,0,27,24
21904,0:1:1;0:2:2;0:3:2;0:3:2,2,4,0,0,0,1,0,0,0,0,0,0,40,24
21905,0:1:1;0:2:2;0:3:2;0:3:2,2,5,0,0,0,1,0,0,0,0,0,0,49,24
21906,0:1:1;0:2:2;0:3:2;0:3:2,3,0,0,0,0,1,0,0,0,0,0,0,1,24
21907,0:1:1;0:2:2;0:3:2;0:3:2,3,1,0,0,0,1,0,0,0,0,0,0,5,24
21908,0:1:1;0:2:2;0:3:2;0:3:2,3,2,0,0,0,1,0,0,0,0,0,0,14,24
21909,0:1:1;0:2:2;0:3:2;0:3:2,3,3,0,0,0,1,0,0,0,0,0,0,27,24
21910,0:1:1;0:2:2;0:3:2;0:3:2,3,4,0,0,0,1,0,0,0,0,0,0,40,24
21911,0:1:1;0:2:2;0:3:2;0:3:2,3,5,0,0,0,1,0,0,0,0,0,0,49,24
21912,0:1:1;0:2:2;0:3:2;0:3:2,4,0,0,0,0,1,0,0,0,0,0,0,1,24
21913,0:1:1;0:2:2;0:3:2;0:3:2,4,1,0,0,0,1,0,0,0,0,0,0,5,24
21914,0:1:1;0:2:2;0:3:2;0:3:2,4,2,0,0,0,1,0,0,0,0,0,0,14,24
21915,0:1:1;0:2:2;0:3:2;0:3:2,4,3,0,0,0,1,0,0,0,0,0,0,27,24
21916,0:1:1;0:2:2;0:3:2;0:3:2,4,4,0,0,0,1,0,0,0,0,0,0,40,24
21917,0:1:1;0:2:2;0:3:2;0:3:2,4,5,0,0,0,1,0,0,0,0,0,0,49,24
21918,0:1:1;0:2:2;0:3:2;0:3:2,5,0,0,0,0,1,0,0,0,0,0,0,1,24
21919,0:1:1;0:2:2;0:3:2;0:3:2,5,1,0,0,0,1,0,0,0,0,0,0,5,24
21920,0:1:1;0:2:2;0:3:2;0:3:2,5,2,0,0,0,1,0,0,0,0,0,0,14,24
21921,0:1:1;0:2:2;0:3:2;0:3:2,5,3,0,0,0,1,0,0,0,0,0,0,27,24
21922,0:1:1;0:2:2;0:3:2;0:3:2,5,4,0,0,0,1,0,0,0,0,0,0,40,24
21923,0:1:1;0:2:2;0:3:2;0:3:2,5,5,0,0,0,1,0,0,0,0,0,0,49,24
21924,0:1:1;0:2:2;0:3:2;0:3:3,0,0,0,0,0,1,0,0,0,0,0,0,1,24
21925,0:1:1;0:2:2;0:3:2;0:3:3,0,1,0,0,0,1,0,0,0,0,0,0,5,24
21926,0:1:1;0:2:2;0:3:2;0:3:3,0,2,0,0,0,1,0,0,0,0,0,0,14,24
21927,0:1:1;0:2:2;0:3:2;0:3:3,0,3,0,0,0,1,0,0,0,0,0,0,28,24
21928,0:1:1;0:2:2;0:3:2;0:3:3,0,4,0,0,0,1,0,0,0,0,0,0,44,24
21929,0:1:1;0:2:2;0:3:2;0:3:3,0,5,0,0,0,1,0,0,0,0,0,0,58,24
21930,0:1:1;0:2:2;0:3:2;0:3:3,1,0,0,0,0,1,0,0,0,0,0,0,1,24
21931,0:1:1;0:2:2;0:3:2;0:3:3,1,1,0,0,0,1,0,0,0,0,0,0,5,24
21932,0:1:1;0:2:2;0:3:2;0:3:3,1,2,0,0,0,1,0,0,0,0,0,0,14,24
21933,0:1:1;0:2:2;0:3:2;0:3:3,1,3,0,0,0,1,0,0,0,0,0,0,28,24
21934,0:1:1;0:2:2;0:3:2;0:3:3,1,4,0,0,0,1,0,0,0,0,0,0,44,24
21935,0:1:1;0:2:2;0:3:2;0:3:3,1,5,0,0,0,1,0,0,0,0,0,0,58,24
21936,0:1:1;0:2:2;0:3:2;0:3:3,2,0,0,0,0,1,0,0,0,0,0,0,1,24
21937,0:1:1;0:2:2;0:3:2;0:3:3,2,1,0,0,0,1,0,0,0,0,0,0,5,24
21938,0:1:1;0:2:2;0:3:2;0:3:3,2,2,0,0,0,1,0,0,0,0,0,0,14,24
21939,0:1:1;0:2:2;0:3:2;0:3:3,2,3,0,0,0,1,0,0,0,0,0,0,28,24
21940,0:1:1;0:2:2;0:3:2;0:3:3,2,4,0,0,0,1,0,0,0,0,0,0,44,24
21941,0:1:1;0:2:2;0:3:2;0:3:3,2,5,0,0,0,1,0,0,0,0,0,0,58,24
21942,0:1:1;0:2:2;0:3:2;0:3:3,3,0,0,0,0,1,0,0,0,0,0,0,1,24
21943,0:1:1;0:2:2;0:3:2;0:3:3,3,1,0,0,0,1,0,0,0,0,0,0,5,24
21944,0:1:1;0:2:2;0:3:2;0:3:3,3,2,0,0,0,1,0,0,0,0,0,0,14,24
21945,0:1:1;0:2:2;0:3:2;0:3:3,3,3,0,0,0,1,0,0,0,0,0,0,28,24
21946,0:1:1;0:2:2;0:3:2;0:3:3,3,4,0,0,0,1,0,0,0,0,0,0,44,24
21947,0:1:1;0:2:2;0:3:2;0:3:3,3,5,0,0,0,1,0,0,0,0,0,0,58,24
21948,0:1:1;0:2:2;0:3:2;0:3:3,4,0,0,0,0,1,0,0,0,0,0,0,1,24
21949,0:1:1;0:2:2;0:3:2;0:3:3,4,1,0,0,0,1,0,0,0,0,0,0,5,24
21950,0:1:1;0:2:2;0:3:2;0:3:3,4,2,0,0,0,1,0,0,0,0,0,0,14,24
21951,0:1:1;0:2:2;0:3:2;0:3:3,4,3,0,0,0,1,0,0,0,0,0,0,28,24
21952,0:1:1;0:2:2;0:3:2;0:3:3,4,4,0,0,0,1,0,0,0,0,0,0,44,24
21953,0:1:1;0:2:2;0:3:2;0:3:3,4,5,0,0,0,1,0,0,0,0,0,0,58,24
21954,0:1:1;0:2:2;0:3:2;0:3:3,5,0,0,0,0,1,0,0,0,0,0,0,1,24
21955,0:1:1;0:2:2;0:3:2;0:3:3,5,1,0,0,0,1,0,0,0,0,0,0,5,24
21956,0:1:1;0:2:2;0:3:2;0:3:3,5,2,0,0,0,1,0,0,0,0,0,0,14,24
21957,0:1:1;0:2:2;0:3:2;0:3:3,5,3,0,0,0,1,0,0,0,0,0,0,28,24
21958,0:1:1;0:2:2;0:3:2;0:3:3,5,4,0,0,0,1,0,0,0,0,0,0,44,24
21959,0:1:1;0:2:2;0:3:2;0:3:3,5,5,0,0,0,1,0,0,0,0,0,0,58,24
21960,0:1:1;0:2:2;0:3:2;0:4:3,0,0,0,0,0,1,0,0,0,0,0,0,1,24
21961,0:1:1;0:2:2;0:3:2;0:4:3,0,1,0,0,0,1,0,0,0,0,0,0,5,24
21962,0:1:1;0:2:2;0:3:2;0:4:3,0,2,0,0,0,1,0,0,0,0,0,0,14,24
21963,0:1:1;0:2:2;0:3:2;0:4:3,0,3,0,0,0,1,0,0,0,0,0,0,28,24
21964,0:1:1;0:2:2;0:3:2;0:4:3,0,4,0,0,0,1,0,0,0,0,0,0,44,24
21965,0:1:1;0:2:2;0:3:2;0:4:3,0,5,0,0,0,1,0,0,0,0,0,0,58,24
21966,0:1:1;0:2:2;0:3:2;0:4:3,1,0,0,0,0,1,0,0,0,0,0,0,1,24
21967,0:1:1;0:2:2;0:3:2;0:4:3,1,1,0,0,0,1,0,0,0,0,0,0,5,24
21968,0:1:1;0:2:2;0:3:2;0:4:3,1,2,0,0,0,1,0,0,0,0,0,0,14,24
21969,0:1:1;0:2:2;0:3:2;0:4:3,1,3,0,0,0,1,0,0,0,0,0,0,28,24
21970,0:1:1;0:2:2;0:3:2;0:4:3,1,4,0,0,0,1,0,0,0,0,0,0,44,24
21971,0:1:1;0:2:2;0:3:2;0:4:3,1,5,0,0,0,1,0,0,0,0,0,0,58,24
21972,0:1:1;0:2:2;0:3:2;0:4:3,2,0,0,0,0,1,0,0,0,0,0,0,1,24
21973,0:1:1;0:2:2;0:3:2;0:4:3,2,1,0,0,0,1,0,0,0,0,0,0,5,24
21974,0:1:1;0:2:2;0:3:2;0:4:3,2,2,0,0,0,1,0,0,0,0,0,0,14,24
21975,0:1:1;0:2:2;0:3:2;0:4:3,2,3,0,0,0,1,0,0,0,0,0,0,28,24
21976,0:1:1;0:2:2;0:3:2;0:4:3,2,4,0,0,0,1,0,0,0,0,0,0,44,24
21977,0:1:1;0:2:2;0:3:2;0:4:3,2,5,0,0,0,1,0,0,0,0,0,0,58,24
21978,0:1:1;0:2:2;0:3:2;0:4:3,3,0,0,0,0,1,0,0,0,0,0,0,1,24
21979,0:1:1;0:2:2;0:3:2;0:4:3,3,1,0,0,0,1,0,0,0,0,0,0,5,24
21980,0:1:1;0:2:2;0:3:2;0:4:3,3,2,0,0,0,1,0,0,0,0,0,0,14,24
21981,0:1:1;0:2:2;0:3:2;0:4:3,3,3,0,0,0,1,0,0,0,0,0,0,28,24
21982,0:1:1;0:2:2;0:3:2;0:4:3,3,4,0,0,0,1,0,0,0,0,0,0,44,24
21983,0:1:1;0:2:2;0:3:2;0:4:3,3,5,0,0,0,1,0,0,0,0,0,0,58,24
21984,0:1:1;0:2:2;0:3:2;0:4:3,4,0,0,0,0,1,0,0,0,0,0,0,1,24
21985,0:1:1;0:2:2;0:3:2;0:4:3,4,1,0,0,0,1,0,0,0,0,0,0,5,24
21986,0:1:1;0:2:2;0:3:2;0:4:3,4,2,0,0,0,1,0,0,0,0,0,0,14,24
21987,0:1:1;0:2:2;0:3:2;0:4:3,4,3,0,0,0,1,0,0,0,0,0,0,28,24
21988,0:1:1;0:2:2;0:3:2;0:4:3,4,4,0,0,0,1,0,0,0,0,0,0,44,24
21989,0:1:1;0:2:2;0:3:2;0:4:3,4,5,0,0,0,1,0,0,0,0,0,0,58,24
21990,0:1:1;0:2:2;0:3:2;0:4:3,5,0,0,0,0,1,0,0,0,0,0,0,1,24
21991,0:1:1;0:2:2;0:3:2;0:4:3,5,1,0,0,0,1,0,0,0,0,0,0,5,24
21992,0:1:1;0:2:2;0:3:2;0:4:3,5,2,0,0,0,1,0,0,0,0,0,0,14,24
21993,0:1:1;0:2:2;0:3:2;0:4:3,5,3,0,0,0,1,0,0,0,0,0,0,28,24
21994,0:1:1;0:2:2;0:3:2;0:4:3,5,4,0,0,0,1,0,0,0,0,0,0,44,24
21995,0:1:1;0:2:2;0:3:2;0:4:3,5,5,0,0,0,1,0,0,0,0,0,0,58,24
21996,0:1:1;0:2:2;0:3:2;1:1:1,0,0,0,0,0,1,0,0,0,0,0,0,1,24
21997,0:1:1;0:2:2;0:3:2;1:1:1,0,1,0,0,0,1,0,0,0,0,0,0,7,24
21998,0:1:1;0:2:2;0:3:2;1:1:1,0,2,0,0,0,1,0,0,0,0,0,0,19,24
21999,0:1:1;0:2:2;0:3:2;1:1:1,0,3,0,0,0,1,0,0,0,0,0,0,27,24
22000,0:1:1;0:2:2;0:3:2;1:1:1,0,4,1,1,1,0,1,1,1,1,1,5,7,2
22001,0:1:1;0:2:2;0:3:2;1:1:1,0,5,1,1,1,0,1,1,1,1,1,5,7,1
22002,0:1:1;0:2:2;0:3:2;1:1:1,1,0,0,0,0,1,0,0,0,0,0,0,5,24
22003,0:1:1;0:2:2;0:3:2;1:1:1,1,1,0,0,0,1,0,0,0,0,0,0,13,24
22004,0:1:1;0:2:2;0:3:2;1:1:1,1,2,0,0,0,1,0,0,0,0,0,0,23,24
22005,0:1:1;0:2:2;0:3:2;1:1:1,1,3,0,0,0,1,0,0,0,0,0,0,31,24
22006,0:1:1;0:2:2;0:3:2;1:1:1,1,4,1,1,1,0,1,1,1,1,1,5,7,2
22007,0:1:1;0:2:2;0:3:2;1:1:1,1,5,1,1,1,0,1,1,1,1,1,5,7,1
22008,0:1:1;0:2:2;0:3:2;1:1:1,2,0,0,0,0,1,0,0,0,0,0,0,5,24
22009,0:1:1;0:2:2;0:3:2;1:1:1,2,1,0,0,0,1,0,0,0,0,0,0,13,24
22010,0:1:1;0:2:2;0:3:2;1:1:1,2,2,0,0,0,1,0,0,0,0,0,0,23,24
22011,0:1:1;0:2:2;0:3:2;1:1:1,2,3,0,0,0,1,0,0,0,0,0,0,31,24
22012,0:1:1;0:2:2;0:3:2;1:1:1,2,4,1,1,1,0,1,1,1,1,1,5,7,2
22013,0:1:1;0:2:2;0:3:2;1:1:1,2,5,1,1,1,0,1,1,1,1,1,5,7,1
22014,0:1:1;0:2:2;0:3:2;1:1:1,3,0,0,0,0,1,0,0,0,0,0,0,5,24
22015,0:1:1;0:2:2;0:3:2;1:1:1,3,1,0,0,0,1,0,0,0,0,0,0,13,24
22016,0:1:1;0:2:2;0:3:2;1:1:1,3,2,0,0,0,1,0,0,0,0,0,0,23,24
22017,0:1:1;0:2:2;0:3:2;1:1:1,3,3,0,0,0,1,0,0,0,0,0,0,31,24
22018,0:1:1;0:2:2;0:3:2;1:1:1,3,4,1,1,1,0,1,1,1,1,1,5,7,2
22019,0:1:1;0:2:2;0:3:2;1:1:1,3,5,1,1,1,0,1,1,1,1,1,5,7,1
22020,0:1:1;0:2:2;0:3:2;1:1:1,4,0,0,0,0,1,0,0,0,0,0,0,5,24
22021,0:1:1;0:2:2;0:3:2;1:1:1,4,1,0,0,0,1,0,0,0,0,0,0,13,24
22022,0:1:1;0:2:2;0:3:2;1:1:1,4,2,0,0,0,1,0,0,0,0,0,0,23,24
22023,0:1:1;0:2:2;0:3:2;1:1:1,4,3,0,0,0,1,0,0,0,0,0,0,31,24
22024,0:1:1;0:2:2;0:3:2;1:1:1,4,4,1,1,1,0,1,1,1,1,1,5,7,2
22025,0:1:1;0:2:2;0:3:2;1:1:1,4,5,1,1,1,0,1,1,1,1,1,5,7,1
22026,0:1:1;0:2:2;0:3:2;1:1:1,5,0,0,0,0,1,0,0,0,0,0,0,5,24
22027,0:1:1;0:2:2;0:3:2;1:1:1,5,1,0,0,0,1,0,0,0,0,0,0,13,24
22028,0:1:1;0:2:2;0:3:2;1:1:1,5,2,0,0,0,1,0,0,0,0,0,0,23,24
22029,0:1:1;0:2:2;0:3:2;1:1:1,5,3,0,0,0,1,0,0,0,0,0,0,31,24
22030,0:1:1;0:2:2;0:3:2;1:1:1,5,4,1,1,1,0,1,1,1,1,1,5,7,2
22031,0:1:1;0:2:2;0:3:2;1:1:1,5,5,1,1,1,0,1,1,1,1,1,5,7,1
22032,0:1:1;0:2:2;0:3:2;1:2:1,0,0,0,0,0,1,0,0,0,0,0,0,1,24
22033,0:1:1;0:2:2;0:3:2;1:2:1,0,1,0,0,0,1,0,0,0,0,0,0,10,24
22034,0:1:1;0:2:2;0:3:2;1:2:1,0,2,0,0,0,1,0,0,0,0,0,0,22,24
22035,0:1:1;0:2:2;0:3:2;1:2:1,0,3,1,1,1,0,1,1,1,1,1,5,7,2
22036,0:1:1;0:2:2;0:3:2;1:2:1,0,4,1,1,1,0,1,1,1,1,1,5,7,2
22037,0:1:1;0:2:2;0:3:2;1:2:1,0,5,1,1,1,0,1,1,1,1,1,5,7,1
22038,0:1:1;0:2:2;0:3:2;1:2:1,1,0,0,0,0,1,0,0,0,0,0,0,10,24
22039,0:1:1;0:2:2;0:3:2;1:2:1,1,1,0,0,0,1,0,0,0,0,0,0,18,24
22040,0:1:1;0:2:2;0:3:2;1:2:1,1,2,0,0,0,1,0,0,0,0,0,0,26,24
22041,0:1:1;0:2:2;0:3:2;1:2:1,1,3,1,1,1,0,1,1,1,1,1,5,7,2
22042,0:1:1;0:2:2;0:3:2;1:2:1,1,4,1,1,1,0,1,1,1,1,1,5,7,2
22043,0:1:1;0:2:2;0:3:2;1:2:1,1,5,1,1,1,0,1,1,1,1,1,5,7,1
22044,0:1:1;0:2:2;0:3:2;1:2:1,2,0,0,0,0,1,0,0,0,0,0,0,10,24
22045,0:1:1;0:2:2;0:3:2;1:2:1,2,1,0,0,0,1,0,0,0,0,0,0,18,24
22046,0:1:1;0:2:2;0:3:2;1:2:1,2,2,0,0,0,1,0,0,0,0,0,0,26,24
22047,0:1:1;0:2:2;0:3:2;1:2:1,2,3,1,1,1,0,1,1,1,1,1,5,7,2
22048,0:1:1;0:2:2;0:3:2;1:2:1,2,4,1,1,1,0,1,1,1,1,1,5,7,2
22049,0:1:1;0:2:2;0:3:2;1:2:1,2,5,1,1,1,0,1,1,1,1,1,5,7,1
22050,0:1:1;0:2:2;0:3:2;1:2:1,3,0,0,0,0,1,0,0,0,0,0,0,10,24
22051,0:1:1;0:2:2;0:3:2;1:2:1,3,1,0,0,0,1,0,0,0,0,0,0,18,24
22052,0:1:1;0:2:2;0:3:2;1:2:1,3,2,0,0,0,1,0,0,0,0,0,0,26,24
22053,0:1:1;0:2:2;0:3:2;1:2:1,3,3,1,1,1,0,1,1,1,1,1,5,7,2
22054,0:1:1;0:2:2;0:3:2;1:2:1,3,4,1,1,1,0,1,1,1,1,1,5,7,2
22055,0:1:1;0:2:2;0:3:2;1:2:1,3,5,1,1,1,0,1,1,1,1,1,5,7,1
22056,0:1:1;0:2:2;0:3:2;1:2:1,4,0,0,0,0,1,0,0,0,0,0,0,10,24
22057,0:1:1;0:2:2;0:3:2;1:2:1,4,1,0,0,0,1,0,0,0,0,0,0,18,24
22058,0:1:1;0:2:2;0:3:2;1:2:1,4,2,0,0,0,1,0,0,0,0,0,0,26,24
22059,0:1:1;0:2:2;0:3:2;1:2:1,4,3,1,1,1,0,1,1,1,1,1,5,7,2
22060,0:1:1;0:2:2;0:3:2;1:2:1,4,4,1,1,1,0,1,1,1,1,1,5,7,2
22061,0:1:1;0:2:2;0:3:2;1:2:1,4,5,1,1,1,0,1,1,1,1,1,5,7,1
22062,0:1:1;0:2:2;0:3:2;1:2:1,5,0,0,0,0,1,0,0,0,0,0,0,10,24
22063,0:1:1;0:2:2;0:3:2;1:2:1,5,1,0,0,0,1,0,0,0,0,0,0,18,24
22064,0:1:1;0:2:2;0:3:2;1:2:1,5,2,0,0,0,1,0,0,0,0,0,0,26,24
22065,0:1:1;0:2:2;0:3:2;1:2:1,5,3,1,1,1,0,1,1,1,1,1,5,7,2
22066,0:1:1;0:2:2;0:3:2;1:2:1,5,4,1,1,1,0,1,1,1,1,1,5,7,2
22067,0:1:1;0:2:2;0:3:2;1:2:1,5,5,1,1,1,0,1,1,1,1,1,5,7,1
22068,0:1:1;0:2:2;0:3:2;1:2:2,0,0,0,0,0,1,0,0,0,0,0,0,1,24
22069,0:1:1;0:2:2;0:3:2;1:2:2,0,1,0,0,0,1,0,0,0,0,0,0,5,24
22070,0:1:1;0:2:2;0:3:2;1:2:2,0,2,0,0,0,1,0,0,0,0,0,0,23,24
22071,0:1:1;0:2:2;0:3:2;1:2:2,0,3,1,1,1,0,1,1,1,1,1,5,8,2
22072,0:1:1;0:2:2;0:3:2;1:2:2,0,4,1,1,1,0,1,1,1,1,1,5,8,2
22073,0:1:1;0:2:2;0:3:2;1:2:2,0,5,1,1,1,0,1,1,1,1,1,5,8,1
22074,0:1:1;0:2:2;0:3:2;1:2:2,1,0,0,0,0,1,0,0,0,0,0,0,2,24
22075,0:1:1;0:2:2;0:3:2;1:2:2,1,1,0,0,0,1,0,0,0,0,0,0,14,24
22076,0:1:1;0:2:2;0:3:2;1:2:2,1,2,0,0,0,1,0,0,0,0,0,0,31,24
22077,0:1:1;0:2:2;0:3:2;1:2:2,1,3,1,1,1,0,1,1,1,1,1,5,8,2
22078,0:1:1;0:2:2;0:3:2;1:2:2,1,4,1,1,1,0,1,1,1,1,1,5,8,2
22079,0:1:1;0:2:2;0:3:2;1:2:2,1,5,1,1,1,0,1,1,1,1,1,5,8,1
22080,0:1:1;0:2:2;0:3:2;1:2:2,2,0,0,0,0,1,0,0,0,0,0,0,11,24
22081,0:1:1;0:2:2;0:3:2;1:2:2,2,1,0,0,0,1,0,0,0,0,0,0,22,24
22082,0:1:1;0:2:2;0:3:2;1:2:2,2,2,0,0,0,1,0,0,0,0,0,0,35,24
22083,0:1:1;0:2:2;0:3:2;1:2:2,2,3,1,1,1,0,1,1,1,1,1,5,8,2
22084,0:1:1;0:2:2;0:3:2;1:2:2,2,4,1,1,1,0,1,1,1,1,1,5,8,2
22085,0:1:1;0:2:2;0:3:2;1:2:2,2,5,1,1,1,0,1,1,1,1,1,5,8,1
22086,0:1:1;0:2:2;0:3:2;1:2:2,3,0,0,0,0,1,0,0,0,0,0,0,11,24
22087,0:1:1;0:2:2;0:3:2;1:2:2,3,1,0,0,0,1,0,0,0,0,0,0,22,24
22088,0:1:1;0:2:2;0:3:2;1:2:2,3,2,0,0,0,1,0,0,0,0,0,0,35,24
22089,0:1:1;0:2:2;0:3:2;1:2:2,3,3,1,1,1,0,1,1,1,1,1,5,8,2
22090,0:1:1;0:2:2;0:3:2;1:2:2,3,4,1,1,1,0,1,1,1,1,1,5,8,2
22091,0:1:1;0:2:2;0:3:2;1:2:2,3,5,1,1,1,0,1,1,1,1,1,5,8,1
22092,0:1:1;0:2:2;0:3:2;1:2:2,4,0,0,0,0,1,0,0,0,0,0,0,11,24
22093,0:1:1;0:2:2;0:3:2;1:2:2,4,1,0,0,0,1,0,0,0,0,0,0,22,24
22094,0:1:1;0:2:2;0:3:2;1:2:2,4,2,0,0,0,1,0,0,0,0,0,0,35,24
22095,0:1:1;0:2:2;0:3:2;1:2:2,4,3,1,1,1,0,1,1,1,1,1,5,8,2
22096,0:1:1;0:2:2;0:3:2;1:2:2,4,4,1,1,1,0,1,1,1,1,1,5,8,2
22097,0:1:1;0:2:2;0:3:2;1:2:2,4,5,1,1,1,0,1,1,1,1,1,5,8,1
22098,0:1:1;0:2:2;0:3:2;1:2:2,5,0,0,0,0,1,0,0,0,0,0,0,11,24
22099,0:1:1;0:2:2;0:3:2;1:2:2,5,1,0,0,0,1,0,0,0,0,0,0,22,24
22100,0:1:1;0:2:2;0:3:2;1:2:2,5,2,0,0,0,1,0,0,0,0,0,0,35,24
22101,0:1:1;0:2:2;0:3:2;1:2:2,5,3,1,1,1,0,1,1,1,1,1,5,8,2
22102,0:1:1;0:2:2;0:3:2;1:2:2,5,4,1,1,1,0,1,1,1,1,1,5,8,2
22103,0:1:1;0:2:2;0:3:2;1:2:2,5,5,1,1,1,0,1,1,1,1,1,5,8,1
22104,0:1:1;0:2:2;0:3:2;1:3:2,0,0,0,0,0,1,0,0,0,0,0,0,1,24
22105,0:1:1;0:2:2;0:3:2;1:3:2,0,1,0,0,0,1,0,0,0,0,0,0,5,24
22106,0:1:1;0:2:2;0:3:2;1:3:2,0,2,1,1,0,1,0,0,1,1,1,6,14,11
22107,0:1:1;0:2:2;0:3:2;1:3:2,0,3,1,1,1,0,1,1,1,1,1,5,8,2
22108,0:1:1;0:2:2;0:3:2;1:3:2,0,4,1,1,1,0,1,1,1,1,1,5,8,2
22109,0:1:1;0:2:2;0:3:2;1:3:2,0,5,1,1,1,0,1,1,1,1,1,5,8,1
22110,0:1:1;0:2:2;0:3:2;1:3:2,1,0,0,0,0,1,0,0,0,0,0,0,2,24
22111,0:1:1;0:2:2;0:3:2;1:3:2,1,1,0,0,0,1,0,0,0,0,0,0,16,24
22112,0:1:1;0:2:2;0:3:2;1:3:2,1,2,1,1,1,0,1,1,1,1,1,5,8,5
22113,0:1:1;0:2:2;0:3:2;1:3:2,1,3,1,1,1,0,1,1,1,1,1,5,8,2
22114,0:1:1;0:2:2;0:3:2;1:3:2,1,4,1,1,1,0,1,1,1,1,1,5,8,2
22115,0:1:1;0:2:2;0:3:2;1:3:2,1,5,1,1,1,0,1,1,1,1,1,5,8,1
22116,0:1:1;0:2:2;0:3:2;1:3:2,2,0,0,0,0,1,0,0,0,0,0,0,16,24
22117,0:1:1;0:2:2;0:3:2;1:3:2,2,1,0,0,0,1,0,0,0,0,0,0,25,24
22118,0:1:1;0:2:2;0:3:2;1:3:2,2,2,1,1,1,0,1,1,1,1,1,5,8,5
22119,0:1:1;0:2:2;0:3:2;1:3:2,2,3,1,1,1,0,1,1,1,1,1,5,8,2
22120,0:1:1;0:2:2;0:3:2;1:3:2,2,4,1,1,1,0,1,1,1,1,1,5,8,2
22121,0:1:1;0:2:2;0:3:2;1:3:2,2,5,1,1,1,0,1,1,1,1,1,5,8,1
22122,0:1:1;0:2:2;0:3:2;1:3:2,3,0,0,0,0,1,0,0,0,0,0,0,16,24
22123,0:1:1;0:2:2;0:3:2;1:3:2,3,1,0,0,0,1,0,0,0,0,0,0,25,24
22124,0:1:1;0:2:2;0:3:2;1:3:2,3,2,1,1,1,0,1,1,1,1,1,5,8,5
22125,0:1:1;0:2:2;0:3:2;1:3:2,3,3,1,1,1,0,1,1,1,1,1,5,8,2
22126,0:1:1;0:2:2;0:3:2;1:3:2,3,4,1,1,1,0,1,1,1,1,1,5,8,2
22127,0:1:1;0:2:2;0:3:2;1:3:2,3,5,1,1,1,0,1,1,1,1,1,5,8,1
22128,0:1:1;0:2:2;0:3:2;1:3:2,4,0,0,0,0,1,0,0,0,0,0,0,16,24
22129,0:1:1;0:2:2;0:3:2;1:3:2,4,1,0,0,0,1,0,0,0,0,0,0,25,24
22130,0:1:1;0:2:2;0:3:2;1:3:2,4,2,1,1,1,0,1,1,1,1,1,5,8,5
22131,0:1:1;0:2:2;0:3:2;1:3:2,4,3,1,1,1,0,1,1,1,1,1,5,8,2
22132,0:1:1;0:2:2;0:3:2;1:3:2,4,4,1,1,1,0,1,1,1,1,1,5,8,2
22133,0:1:1;0:2:2;0:3:2;1:3:2,4,5,1,1,1,0,1,1,1,1,1,5,8,1
22134,0:1:1;0:2:2;0:3:2;1:3:2,5,0,0,0,0,1,0,0,0,0,0,0,16,24
22135,0:1:1;0:2:2;0:3:2;1:3:2,5,1,0,0,0,1,0,0,0,0,0,0,25,24
22136,0:1:1;0:2:2;0:3:2;1:3:2,5,2,1,1,1,0,1,1,1,1,1,5,8,5
22137,0:1:1;0:2:2;0:3:2;1:3:2,5,3,1,1,1,0,1,1,1,1,1,5,8,2
22138,0:1:1;0:2:2;0:3:2;1:3:2,5,4,1,1,1,0,1,1,1,1,1,5,8,2
22139,0:1:1;0:2:2;0:3:2;1:3:2,5,5,1,1,1,0,1,1,1,1,1,5,8,1
22140,0:1:1;0:2:2;0:3:2;1:3:3,0,0,0,0,0,1,0,0,0,0,0,0,1,24
22141,0:1:1;0:2:2;0:3:2;1:3:3,0,1,0,0,0,1,0,0,0,0,0,0,5,24
22142,0:1:1;0:2:2;0:3:2;1:3:3,0,2,1,1,0,1,0,0,0,1,1,7,20,17
22143,0:1:1;0:2:2;0:3:2;1:3:3,0,3,1,1,0,0,1,1,1,1,1,5,9,2
22144,0:1:1;0:2:2;0:3:2;1:3:3,0,4,1,1,1,0,1,1,1,1,1,5,9,2
22145,0:1:1;0:2:2;0:3:2;1:3:3,0,5,1,1,1,0,1,1,1,1,1,5,9,1
22146,0:1:1;0:2:2;0:3:2;1:3:3,1,0,0,0,0,1,0,0,0,0,0,0,2,24
22147,0:1:1;0:2:2;0:3:2;1:3:3,1,1,0,0,0,1,0,0,0,0,0,0,9,24
22148,0:1:1;0:2:2;0:3:2;1:3:3,1,2,1,1,0,1,0,0,1,1,1,6,18,11
22149,0:1:1;0:2:2;0:3:2;1:3:3,1,3,1,1,1,0,1,1,1,1,1,5,9,2
22150,0:1:1;0:2:2;0:3:2;1:3:3,1,4,1,1,1,0,1,1,1,1,1,5,9,2
22151,0:1:1;0:2:2;0:3:2;1:3:3,1,5,1,1,1,0,1,1,1,1,1,5,9,1
22152,0:1:1;0:2:2;0:3:2;1:3:3,2,0,0,0,0,1,0,0,0,0,0,0,3,24
22153,0:1:1;0:2:2;0:3:2;1:3:3,2,1,0,0,0,1,0,0,0,0,0,0,20,24
22154,0:1:1;0:2:2;0:3:2;1:3:3,2,2,1,1,1,0,1,1,1,1,1,5,9,5
22155,0:1:1;0:2:2;0:3:2;1:3:3,2,3,1,1,1,0,1,1,1,1,1,5,9,2
22156,0:1:1;0:2:2;0:3:2;1:3:3,2,4,1,1,1,0,1,1,1,1,1,5,9,2
22157,0:1:1;0:2:2;0:3:2;1:3:3,2,5,1,1,1,0,1,1,1,1,1,5,9,1
22158,0:1:1;0:2:2;0:3:2;1:3:3,3,0,0,0,0,1,0,0,0,0,0,0,17,24
22159,0:1:1;0:2:2;0:3:2;1:3:3,3,1,0,0,0,1,0,0,0,0,0,0,29,24
22160,0:1:1;0:2:2;0:3:2;1:3:3,3,2,1,1,1,0,1,1,1,1,1,5,9,5
22161,0:1:1;0:2:2;0:3:2;1:3:3,3,3,1,1,1,0,1,1,1,1,1,5,9,2
22162,0:1:1;0:2:2;0:3:2;1:3:3,3,4,1,1,1,0,1,1,1,1,1,5,9,2
22163,0:1:1;0:2:2;0:3:2;1:3:3,3,5,1,1,1,0,1,1,1,1,1,5,9,1
22164,0:1:1;0:2:2;0:3:2;1:3:3,4,0,0,0,0,1,0,0,0,0,0,0,17,24
22165,0:1:1;0:2:2;0:3:2;1:3:3,4,1,0,0,0,1,0,0,0,0,0,0,29,24
22166,0:1:1;0:2:2;0:3:2;1:3:3,4,2,1,1,1,0,1,1,1,1,1,5,9,5
22167,0:1:1;0:2:2;0:3:2;1:3:3,4,3,1,1,1,0,1,1,1,1,1,5,9,2
22168,0:1:1;0:2:2;0:3:2;1:3:3,4,4,1,1,1,0,1,1,1,1,1,5,9,2
22169,0:1:1;0:2:2;0:3:2;1:3:3,4,5,1,1,1,0,1,1,1,1,1,5,9,1
22170,0:1:1;0:2:2;0:3:2;1:3:3,5,0,0,0,0,1,0,0,0,0,0,0,17,24
22171,0:1:1;0:2:2;0:3:2;1:3:3,5,1,0,0,0,1,0,0,0,0,0,0,29,24
22172,0:1:1;0:2:2;0:3:2;1:3:3,5,2,1,1,1,0,1,1,1,1,1,5,9,5
22173,0:1:1;0:2:2;0:3:2;1:3:3,5,3,1,1,1,0,1,1,1,1,1,5,9,2
22174,0:1:1;0:2:2;0:3:2;1:3:3,5,4,1,1,1,0,1,1,1,1,1,5,9,2
22175,0:1:1;0:2:2;0:3:2;1:3:3,5,5,1,1,1,0,1,1,1,1,1,5,9,1
22176,0:1:1;0:2:2;0:3:2;1:4:3,0,0,0,0,0,1,0,0,0,0,0,0,1,24
22177,0:1:1;0:2:2;0:3:2;1:4:3,0,1,1,0,0,1,0,0,0,0,0,2,5,24
22178,0:1:1;0:2:2;0:3:2;1:4:3,0,2,1,1,0,1,0,0,0,1,1,7,20,17
22179,0:1:1;0:2:2;0:3:2;1:4:3,0,3,1,1,0,0,1,1,1,1,1,5,9,2
22180,0:1:1;0:2:2;0:3:2;1:4:3,0,4,1,1,1,0,1,1,1,1,1,5,9,2
22181,0:1:1;0:2:2;0:3:2;1:4:3,0,5,1,1,1,0,1,1,1,1,1,5,9,1
22182,0:1:1;0:2:2;0:3:2;1:4:3,1,0,0,0,0,1,0,0,0,0,0,0,2,24
22183,0:1:1;0:2:2;0:3:2;1:4:3,1,1,1,0,0,1,0,0,0,0,0,2,9,24
22184,0:1:1;0:2:2;0:3:2;1:4:3,1,2,1,1,0,1,0,0,1,1,1,6,18,11
22185,0:1:1;0:2:2;0:3:2;1:4:3,1,3,1,1,1,0,1,1,1,1,1,5,9,2
22186,0:1:1;0:2:2;0:3:2;1:4:3,1,4,1,1,1,0,1,1,1,1,1,5,9,2
22187,0:1:1;0:2:2;0:3:2;1:4:3,1,5,1,1,1,0,1,1,1,1,1,5,9,1
22188,0:1:1;0:2:2;0:3:2;1:4:3,2,0,0,0,0,1,0,0,0,0,0,0,3,24
22189,0:1:1;0:2:2;0:3:2;1:4:3,2,1,1,1,0,0,1,1,1,1,1,5,9,5
22190,0:1:1;0:2:2;0:3:2;1:4:3,2,2,1,1,1,0,1,1,1,1,1,5,9,5
22191,0:1:1;0:2:2;0:3:2;1:4:3,2,3,1,1,1,0,1,1,1,1,1,5,9,2
22192,0:1:1;0:2:2;0:3:2;1:4:3,2,4,1,1,1,0,1,1,1,1,1,5,9,2
22193,0:1:1;0:2:2;0:3:2;1:4:3,2,5,1,1,1,0,1,1,1,1,1,5,9,1
22194,0:1:1;0:2:2;0:3:2;1:4:3,3,0,0,0,0,1,0,0,0,0,0,0,20,24
22195,0:1:1;0:2:2;0:3:2;1:4:3,3,1,1,1,1,0,1,1,1,1,1,5,9,5
22196,0:1:1;0:2:2;0:3:2;1:4:3,3,2,1,1,1,0,1,1,1,1,1,5,9,5
22197,0:1:1;0:2:2;0:3:2;1:4:3,3,3,1,1,1,0,1,1,1,1,1,5,9,2
22198,0:1:1;0:2:2;0:3:2;1:4:3,3,4,1,1,1,0,1,1,1,1,1,5,9,2
22199,0:1:1;0:2:2;0:3:2;1:4:3,3,5,1,1,1,0,1,1,1,1,1,5,9,1
22200,0:1:1;0:2:2;0:3:2;1:4:3,4,0,0,0,0,1,0,0,0,0,0,0,20,24
22201,0:1:1;0:2:2;0:3:2;1:4:3,4,1,1,1,1,0,1,1,1,1,1,5,9,5
22202,0:1:1;0:2:2;0:3:2;1:4:3,4,2,1,1,1,0,1,1,1,1,1,5,9,5
22203,0:1:1;0:2:2;0:3:2;1:4:3,4,3,1,1,1,0,1,1,1,1,1,5,9,2
22204,0:1:1;0:2:2;0:3:2;1:4:3,4,4,1,1,1,0,1,1,1,1,1,5,9,2
22205,0:1:1;0:2:2;0:3:2;1:4:3,4,5,1,1,1,0,1,1,1,1,1,5,9,1
22206,0:1:1;0:2:2;0:3:2;1:4:3,5,0,0,0,0,1,0,0,0,0,0,0,20,24
22207,0:1:1;0:2:2;0:3:2;1:4:3,5,1,1,1,1,0,1,1,1,1,1,5,9,5
22208,0:1:1;0:2:2;0:3:2;1:4:3,5,2,1,1,1,0,1,1,1,1,1,5,9,5
22209,0:1:1;0:2:2;0:3:2;1:4:3,5,3,1,1,1,0,1,1,1,1,1,5,9,2
22210,0:1:1;0:2:2;0:3:2;1:4:3,5,4,1,1,1,0,1,1,1,1,1,5,9,2
22211,0:1:1;0:2:2;0:3:2;1:4:3,5,5,1,1,1,0,1,1,1,1,1,5,9,1
22212,0:1:1;0:2:2;0:3:3;0:3:3,0,0,0,0,0,1,0,0,0,0,0,0,1,24
22213,0:1:1;0:2:2;0:3:3;0:3:3,0,1,0,0,0,1,0,0,0,0,0,0,5,24
22214,0:1:1;0:2:2;0:3:3;0:3:3,0,2,0,0,0,1,0,0,0,0,0,0,14,24
22215,0:1:1;0:2:2;0:3:3;0:3:3,0,3,0,0,0,1,0,0,0,0,0,0,29,24
22216,0:1:1;0:2:2;0:3:3;0:3:3,0,4,0,0,0,1,0,0,0,0,0,0,48,24
22217,0:1:1;0:2:2;0:3:3;0:3:3,0,5,0,0,0,1,0,0,0,0,0,0,67,24
22218,0:1:1;0:2:2;0:3:3;0:3:3,1,0,0,0,0,1,0,0,0,0,0,0,1,24
22219,0:1:1;0:2:2;0:3:3;0:3:3,1,1,0,0,0,1,0,0,0,0,0,0,5,24
22220,0:1:1;0:2:2;0:3:3;0:3:3,1,2,0,0,0,1,0,0,0,0,0,0,14,24
22221,0:1:1;0:2:2;0:3:3;0:3:3,1,3,0,0,0,1,0,0,0,0,0,0,29,24
22222,0:1:1;0:2:2;0:3:3;0:3:3,1,4,0,0,0,1,0,0,0,0,0,0,48,24
22223,0:1:1;0:2:2;0:3:3;0:3:3,1,5,0,0,0,1,0,0,0,0,0,0,67,24
22224,0:1:1;0:2:2;0:3:3;0:3:3,2,0,0,0,0,1,0,0,0,0,0,0,1,24
22225,0:1:1;0:2:2;0:3:3;0:3:3,2,1,0,0,0,1,0,0,0,0,0,0,5,24
22226,0:1:1;0:2:2;0:3:3;0:3:3,2,2,0,0,0,1,0,0,0,0,0,0,14,24
22227,0:1:1;0:2:2;0:3:3;0:3:3,2,3,0,0,0,1,0,0,0,0,0,0,29,24
22228,0:1:1;0:2:2;0:3:3;0:3:3,2,4,0,0,0,1,0,0,0,0,0,0,48,24
22229,0:1:1;0:2:2;0:3:3;0:3:3,2,5,0,0,0,1,0,0,0,0,0,0,67,24
22230,0:1:1;0:2:2;0:3:3;0:3:3,3,0,0,0,0,1,0,0,0,0,0,0,1,24
22231,0:1:1;0:2:2;0:3:3;0:3:3,3,1,0,0,0,1,0,0,0,0,0,0,5,24
22232,0:1:1;0:2:2;0:3:3;0:3:3,3,2,0,0,0,1,0,0,0,0,0,0,14,24
22233,0:1:1;0:2:2;0:3:3;0:3:3,3,3,0,0,0,1,0,0,0,0,0,0,29,24
22234,0:1:1;0:2:2;0:3:3;0:3:3,3,4,0,0,0,1,0,0,0,0,0,0,48,24
22235,0:1:1;0:2:2;0:3:3;0:3:3,3,5,0,0,0,1,0,0,0,0,0,0,67,24
22236,0:1:1;0:2:2;0:3:3;0:3:3,4,0,0,0,0,1,0,0,0,0,0,0,1,24
22237,0:1:1;0:2:2;0:3:3;0:3:3,4,1,0,0,0,1,0,0,0,0,0,0,5,24
22238,0:1:1;0:2:2;0:3:3;0:3:3,4,2,0,0,0,1,0,0,0,0,0,0,14,24
22239,0:1:1;0:2:2;0:3:3;0:3:3,4,3,0,0,0,1,0,0,0,0,0,0,29,24
22240,0:1:1;0:2:2;0:3:3;0:3:3,4,4,0,0,0,1,0,0,0,0,0,0,48,24
22241,0:1:1;0:2:2;0:3:3;0:3:3,4,5,0,0,0,1,0,0,0,0,0,0,67,24
22242,0:1:1;0:2:2;0:3:3;0:3:3,5,0,0,0,0,1,0,0,0,0,0,0,1,24
22243,0:1:1;0:2:2;0:3:3;0:3:3,5,1,0,0,0,1,0,0,0,0,0,0,5,24
22244,0:1:1;0:2:2;0:3:3;0:3:3,5,2,0,0,0,1,0,0,0,0,0,0,14,24
22245,0:1:1;0:2:2;0:3:3;0:3:3,5,3,0,0,0,1,0,0,0,0,0,0,29,24
22246,0:1:1;0:2:2;0:3:3;0:3:3,5,4,0,0,0,1,0,0,0,0,0,0,48,24
22247,0:1:1;0:2:2;0:3:3;0:3:3,5,5,0,0,0,1,0,0,0,0,0,0,67,24
22248,0:1:1;0:2:2;0:3:3;0:4:3,0,0,0,0,0,1,0,0,0,0,0,0,1,24
22249,0:1:1;0:2:2;0:3:3;0:4:3,0,1,0,0,0,1,0,0,0,0,0,0,5,24
22250,0:1:1;0:2:2;0:3:3;0:4:3,0,2,0,0,0,1,0,0,0,0,0,0,14,24
22251,0:1:1;0:2:2;0:3:3;0:4:3,0,3,0,0,0,1,0,0,0,0,0,0,29,24
22252,0:1:1;0:2:2;0:3:3;0:4:3,0,4,0,0,0,1,0,0,0,0,0,0,48,24
22253,0:1:1;0:2:2;0:3:3;0:4:3,0,5,0,0,0,1,0,0,0,0,0,0,67,24
22254,0:1:1;0:2:2;0:3:3;0:4:3,1,0,0,0,0,1,0,0,0,0,0,0,1,24
22255,0:1:1;0:2:2;0:3:3;0:4:3,1,1,0,0,0,1,0,0,0,0,0,0,5,24
22256,0:1:1;0:2:2;0:3:3;0:4:3,1,2,0,0,0,1,0,0,0,0,0,0,14,24
22257,0:1:1;0:2:2;0:3:3;0:4:3,1,3,0,0,0,1,0,0,0,0,0,0,29,24
22258,0:1:1;0:2:2;0:3:3;0:4:3,1,4,0,0,0,1,0,0,0,0,0,0,48,24
22259,0:1:1;0:2:2;0:3:3;0:4:3,1,5,0,0,0,1,0,0,0,0,0,0,67,24
22260,0:1:1;0:2:2;0:3:3;0:4:3,2,0,0,0,0,1,0,0,0,0,0,0,1,24
22261,0:1:1;0:2:2;0:3:3;0:4:3,2,1,0,0,0,1,0,0,0,0,0,0,5,24
22262,0:1:1;0:2:2;0:3:3;0:4:3,2,2,0,0,0,1,0,0,0,0,0,0,14,24
22263,0:1:1;0:2:2;0:3:3;0:4:3,2,3,0,0,0,1,0,0,0,0,0,0,29,24
22264,0:1:1;0:2:2;0:3:3;0:4:3,2,4,0,0,0,1,0,0,0,0,0,0,48,24
22265,0:1:1;0:2:2;0:3:3;0:4:3,2,5,0,0,0,1,0,0,0,0,0,0,67,24
22266,0:1:1;0:2:2;0:3:3;0:4:3,3,0,0,0,0,1,0,0,0,0,0,0,1,24
22267,0:1:1;0:2:2;0:3:3;0:4:3,3,1,0,0,0,1,0,0,0,0,0,0,5,24
22268,0:1:1;0:2:2;0:3:3;0:4:3,3,2,0,0,0,1,0,0,0,0,0,0,14,24
22269,0:1:1;0:2:2;0:3:3;0:4:3,3,3,0,0,0,1,0,0,0,0,0,0,29,24
22270,0:1:1;0:2:2;0:3:3;0:4:3,3,4,0,0,0,1,0,0,0,0,0,0,48,24
22271,0:1:1;0:2:2;0:3:3;0:4:3,3,5,0,0,0,1,0,0,0,0,0,0,67,24
22272,0:1:1;0:2:2;0:3:3;0:4:3,4,0,0,0,0,1,0,0,0,0,0,0,1,24
22273,0:1:1;0:2:2;0:3:3;0:4:3,4,1,0,0,0,1,0,0,0,0,0,0,5,24
22274,0:1:1;0:2:2;0:3:3;0:4:3,4,2,0,0,0,1,0,0,0,0,0,0,14,24
22275,0:1:1;0:2:2;0:3:3;0:4:3,4,3,0,0,0,1,0,0,0,0,0,0,29,24
22276,0:1:1;0:2:2;0:3:3;0:4:3,4,4,0,0,0,1,0,0,0,0,0,0,48,24
22277,0:1:1;0:2:2;0:3:3;0:4:3,4,5,0,0,0,1,0,0,0,0,0,0,67,24
22278,0:1:1;0:2:2;0:3:3;0:4:3,5,0,0,0,0,1,0,0,0,0,0,0,1,24
22279,0:1:1;0:2:2;0:3:3;0:4:3,5,1,0,0,0,1,0,0,0,0,0,0,5,24
22280,0:1:1;0:2:2;0:3:3;0:4:3,5,2,0,0,0,1,0,0,0,0,0,0,14,24
22281,0:1:1;0:2:2;0:3:3;0:4:3,5,3,0,0,0,1,0,0,0,0,0,0,29,24
22282,0:1:1;0:2:2;0:3:3;0:4:3,5,4,0,0,0,1,0,0,0,0,0,0,48,24
22283,0:1:1;0:2:2;0:3:3;0:4:3,5,5,0,0,0,1,0,0,0,0,0,0,67,24
22284,0:1:1;0:2:2;0:3:3;1:1:1,0,0,0,0,0,1,0,0,0,0,0,0,1,24
22285,0:1:1;0:2:2;0:3:3;1:1:1,0,1,0,0,0,1,0,0,0,0,0,0,7,24
22286,0:1:1;0:2:2;0:3:3;1:1:1,0,2,0,0,0,1,0,0,0,0,0,0,17,24
22287,0:1:1;0:2:2;0:3:3;1:1:1,0,3,0,0,0,1,0,0,0,0,0,0,29,24
22288,0:1:1;0:2:2;0:3:3;1:1:1,0,4,0,0,0,1,0,0,0,0,0,0,37,24
22289,0:1:1;0:2:2;0:3:3;1:1:1,0,5,1,1,1,0,1,1,1,1,1,5,8,2
22290,0:1:1;0:2:2;0:3:3;1:1:1,1,0,0,0,0,1,0,0,0,0,0,0,5,24
22291,0:1:1;0:2:2;0:3:3;1:1:1,1,1,0,0,0,1,0,0,0,0,0,0,13,24
22292,0:1:1;0:2:2;0:3:3;1:1:1,1,2,0,0,0,1,0,0,0,0,0,0,24,24
22293,0:1:1;0:2:2;0:3:3;1:1:1,1,3,0,0,0,1,0,0,0,0,0,0,35,24
22294,0:1:1;0:2:2;0:3:3;1:1:1,1,4,0,0,0,1,0,0,0,0,0,0,43,24
22295,0:1:1;0:2:2;0:3:3;1:1:1,1,5,1,1,1,0,1,1,1,1,1,5,8,2
22296,0:1:1;0:2:2;0:3:3;1:1:1,2,0,0,0,0,1,0,0,0,0,0,0,5,24
22297,0:1:1;0:2:2;0:3:3;1:1:1,2,1,0,0,0,1,0,0,0,0,0,0,13,24
22298,0:1:1;0:2:2;0:3:3;1:1:1,2,2,0,0,0,1,0,0,0,0,0,0,24,24
22299,0:1:1;0:2:2;0:3:3;1:1:1,2,3,0,0,0,1,0,0,0,0,0,0,35,24
22300,0:1:1;0:2:2;0:3:3;1:1:1,2,4,0,0,0,1,0,0,0,0,0,0,43,24
22301,0:1:1;0:2:2;0:3:3;1:1:1,2,5,1,1,1,0,1,1,1,1,1,5,8,2
22302,0:1:1;0:2:2;0:3:3;1:1:1,3,0,0,0,0,1,0,0,0,0,0,0,5,24
22303,0:1:1;0:2:2;0:3:3;1:1:1,3,1,0,0,0,1,0,0,0,0,0,0,13,24
22304,0:1:1;0:2:2;0:3:3;1:1:1,3,2,0,0,0,1,0,0,0,0,0,0,24,24
22305,0:1:1;0:2:2;0:3:3;1:1:1,3,3,0,0,0,1,0,0,0,0,0,0,35,24
22306,0:1:1;0:2:2;0:3:3;1:1:1,3,4,0,0,0,1,0,0,0,0,0,0,43,24
22307,0:1:1;0:2:2;0:3:3;1:1:1,3,5,1,1,1,0,1,1,1,1,1,5,8,2
22308,0:1:1;0:2:2;0:3:3;1:1:1,4,0,0,0,0,1,0,0,0,0,0,0,5,24
22309,0:1:1;0:2:2;0:3:3;1:1:1,4,1,0,0,0,1,0,0,0,0,0,0,13,24
22310,0:1:1;0:2:2;0:3:3;1:1:1,4,2,0,0,0,1,0,0,0,0,0,0,24,24
22311,0:1:1;0:2:2;0:3:3;1:1:1,4,3,0,0,0,1,0,0,0,0,0,0,35,24
22312,0:1:1;0:2:2;0:3:3;1:1:1,4,4,0,0,0,1,0,0,0,0,0,0,43,24
22313,0:1:1;0:2:2;0:3:3;1:1:1,4,5,1,1,1,0,1,1,1,1,1,5,8,2
22314,0:1:1;0:2:2;0:3:3;1:1:1,5,0,0,0,0,1,0,0,0,0,0,0,5,24
22315,0:1:1;0:2:2;0:3:3;1:1:1,5,1,0,0,0,1,0,0,0,0,0,0,13,24
22316,0:1:1;0:2:2;0:3:3;1:1:1,5,2,0,0,0,1,0,0,0,0,0,0,24,24
22317,0:1:1;0:2:2;0:3:3;1:1:1,5,3,0,0,0,1,0,0,0,0,0,0,35,24
22318,0:1:1;0:2:2;0:3:3;1:1:1,5,4,0,0,0,1,0,0,0,0,0,0,43,24
22319,0:1:1;0:2:2;0:3:3;1:1:1,5,5,1,1,1,0,1,1,1,1,1,5,8,2
22320,0:1:1;0:2:2;0:3:3;1:2:1,0,0,0,0,0,1,0,0,0,0,0,0,1,24
22321,0:1:1;0:2:2;0:3:3;1:2:1,0,1,0,0,0,1,0,0,0,0,0,0,10,24
22322,0:1:1;0:2:2;0:3:3;1:2:1,0,2,0,0,0,1,0,0,0,0,0,0,21,24
22323,0:1:1;0:2:2;0:3:3;1:2:1,0,3,0,0,0,1,0,0,0,0,0,0,32,24
22324,0:1:1;0:2:2;0:3:3;1:2:1,0,4,1,1,1,0,1,1,1,1,1,5,8,2
22325,0:1:1;0:2:2;0:3:3;1:2:1,0,5,1,1,1,0,1,1,1,1,1,5,8,2
22326,0:1:1;0:2:2;0:3:3;1:2:1,1,0,0,0,0,1,0,0,0,0,0,0,10,24
22327,0:1:1;0:2:2;0:3:3;1:2:1,1,1,0,0,0,1,0,0,0,0,0,0,19,24
22328,0:1:1;0:2:2;0:3:3;1:2:1,1,2,0,0,0,1,0,0,0,0,0,0,29,24
22329,0:1:1;0:2:2;0:3:3;1:2:1,1,3,0,0,0,1,0,0,0,0,0,0,38,24
22330,0:1:1;0:2:2;0:3:3;1:2:1,1,4,1,1,1,0,1,1,1,1,1,5,8,2
22331,0:1:1;0:2:2;0:3:3;1:2:1,1,5,1,1,1,0,1,1,1,1,1,5,8,2
22332,0:1:1;0:2:2;0:3:3;1:2:1,2,0,0,0,0,1,0,0,0,0,0,0,10,24
22333,0:1:1;0:2:2;0:3:3;1:2:1,2,1,0,0,0,1,0,0,0,0,0,0,19,24
22334,0:1:1;0:2:2;0:3:3;1:2:1,2,2,0,0,0,1,0,0,0,0,0,0,29,24
22335,0:1:1;0:2:2;0:3:3;1:2:1,2,3,0,0,0,1,0,0,0,0,0,0,38,24
22336,0:1:1;0:2:2;0:3:3;1:2:1,2,4,1,1,1,0,1,1,1,1,1,5,8,2
22337,0:1:1;0:2:2;0:3:3;1:2:1,2,5,1,1,1,0,1,1,1,1,1,5,8,2
22338,0:1:1;0:2:2;0:3:3;1:2:1,3,0,0,0,0,1,0,0,0,0,0,0,10,24
22339,0:1:1;0:2:2;0:3:3;1:2:1,3,1,0,0,0,1,0,0,0,0,0,0,19,24
22340,0:1:1;0:2:2;0:3:3;1:2:1,3,2,0,0,0,1,0,0,0,0,0,0,29,24
22341,0:1:1;0:2:2;0:3:3;1:2:1,3,3,0,0,0,1,0,0,0,0,0,0,38,24
22342,0:1:1;0:2:2;0:3:3;1:2:1,3,4,1,1,1,0,1,1,1,1,1,5,8,2
22343,0:1:1;0:2:2;0:3:3;1:2:1,3,5,1,1,1,0,1,1,1,1,1,5,8,2
22344,0:1:1;0:2:2;0:3:3;1:2:1,4,0,0,0,0,1,0,0,0,0,0,0,10,24
22345,0:1:1;0:2:2;0:3:3;1:2:1,4,1,0,0,0,1,0,0,0,0,0,0,19,24
22346,0:1:1;0:2:2;0:3:3;1:2:1,4,2,0,0,0,1,0,0,0,0,0,0,29,24
22347,0:1:1;0:2:2;0:3:3;1:2:1,4,3,0,0,0,1,0,0,0,0,0,0,38,24
22348,0:1:1;0:2:2;0:3:3;1:2:1,4,4,1,1,1,0,1,1,1,1,1,5,8,2
22349,0:1:1;0:2:2;0:3:3;1:2:1,4,5,1,1,1,0,1,1,1,1,1,5,8,2
22350,0:1:1;0:2:2;0:3:3;1:2:1,5,0,0,0,0,1,0,0,0,0,0,0,10,24
22351,0:1:1;0:2:2;0:3:3;1:2:1,5,1,0,0,0,1,0,0,0,0,0,0,19,24
22352,0:1:1;0:2:2;0:3:3;1:2:1,5,2,0,0,0,1,0,0,0,0,0,0,29,24
22353,0:1:1;0:2:2;0:3:3;1:2:1,5,3,0,0,0,1,0,0,0,0,0,0,38,24
22354,0:1:1;0:2:2;0:3:3;1:2:1,5,4,1,1,1,0,1,1,1,1,1,5,8,2
22355,0:1:1;0:2:2;0:3:3;1:2:1,5,5,1,1,1,0,1,1,1,1,1,5,8,2
22356,0:1:1;0:2:2;0:3:3;1:2:2,0,0,0,0,0,1,0,0,0,0,0,0,1,24
22357,0:1:1;0:2:2;0:3:3;1:2:2,0,1,0,0,0,1,0,0,0,0,0,0,5,24
22358,0:1:1;0:2:2;0:3:3;1:2:2,0,2,0,0,0,1,0,0,0,0,0,0,18,24
22359,0:1:1;0:2:2;0:3:3;1:2:2,0,3,0,0,0,1,0,0,0,0,0,0,35,24
22360,0:1:1;0:2:2;0:3:3;1:2:2,0,4,1,1,1,0,1,1,1,1,1,5,9,2
22361,0:1:1;0:2:2;0:3:3;1:2:2,0,5,1,1,1,0,1,1,1,1,1,5,9,2
22362,0:1:1;0:2:2;0:3:3;1:2:2,1,0,0,0,0,1,0,0,0,0,0,0,2,24
22363,0:1:1;0:2:2;0:3:3;1:2:2,1,1,0,0,0,1,0,0,0,0,0,0,14,24
22364,0:1:1;0:2:2;0:3:3;1:2:2,1,2,0,0,0,1,0,0,0,0,0,0,30,24
22365,0:1:1;0:2:2;0:3:3;1:2:2,1,3,0,0,0,1,0,0,0,0,0,0,47,24
22366,0:1:1;0:2:2;0:3:3;1:2:2,1,4,1,1,1,0,1,1,1,1,1,5,9,2
22367,0:1:1;0:2:2;0:3:3;1:2:2,1,5,1,1,1,0,1,1,1,1,1,5,9,2
22368,0:1:1;0:2:2;0:3:3;1:2:2,2,0,0,0,0,1,0,0,0,0,0,0,11,24
22369,0:1:1;0:2:2;0:3:3;1:2:2,2,1,0,0,0,1,0,0,0,0,0,0,23,24
22370,0:1:1;0:2:2;0:3:3;1:2:2,2,2,0,0,0,1,0,0,0,0,0,0,38,24
22371,0:1:1;0:2:2;0:3:3;1:2:2,2,3,0,0,0,1,0,0,0,0,0,0,53,24
22372,0:1:1;0:2:2;0:3:3;1:2:2,2,4,1,1,1,0,1,1,1,1,1,5,9,2
22373,0:1:1;0:2:2;0:3:3;1:2:2,2,5,1,1,1,0,1,1,1,1,1,5,9,2
22374,0:1:1;0:2:2;0:3:3;1:2:2,3,0,0,0,0,1,0,0,0,0,0,0,11,24
22375,0:1:1;0:2:2;0:3:3;1:2:2,3,1,0,0,0,1,0,0,0,0,0,0,23,24
22376,0:1:1;0:2:2;0:3:3;1:2:2,3,2,0,0,0,1,0,0,0,0,0,0,38,24
22377,0:1:1;0:2:2;0:3:3;1:2:2,3,3,0,0,0,1,0,0,0,0,0,0,53,24
22378,0:1:1;0:2:2;0:3:3;1:2:2,3,4,1,1,1,0,1,1,1,1,1,5,9,2
22379,0:1:1;0:2:2;0:3:3;1:2:2,3,5,1,1,1,0,1,1,1,1,1,5,9,2
22380,0:1:1;0:2:2;0:3:3;1:2:2,4,0,0,0,0,1,0,0,0,0,0,0,11,24
22381,0:1:1;0:2:2;0:3:3;1:2:2,4,1,0,0,0,1,0,0,0,0,0,0,23,24
22382,0:1:1;0:2:2;0:3:3;1:2:2,4,2,0,0,0,1,0,0,0,0,0,0,38,24
22383,0:1:1;0:2:2;0:3:3;1:2:2,4,3,0,0,0,1,0,0,0,0,0,0,53,24
22384,0:1:1;0:2:2;0:3:3;1:2:2,4,4,1,1,1,0,1,1,1,1,1,5,9,2
22385,0:1:1;0:2:2;0:3:3;1:2:2,4,5,1,1,1,0,1,1,1,1,1,5,9,2
22386,0:1:1;0:2:2;0:3:3;1:2:2,5,0,0,0,0,1,0,0,0,0,0,0,11,24
22387,0:1:1;0:2:2;0:3:3;1:2:2,5,1,0,0,0,1,0,0,0,0,0,0,23,24
22388,0:1:1;0:2:2;0:3:3;1:2:2,5,2,0,0,0,1,0,0,0,0,0,0,38,24
22389,0:1:1;0:2:2;0:3:3;1:2:2,5,3,0,0,0,1,0,0,0,0,0,0,53,24
22390,0:1:1;0:2:2;0:3:3;1:2:2,5,4,1,1,1,0,1,1,1,1,1,5,9,2
22391,0:1:1;0:2:2;0:3:3;1:2:2,5,5,1,1,1,0,1,1,1,1,1,5,9,2
22392,0:1:1;0:2:2;0:3:3;1:3:2,0,0,0,0,0,1,0,0,0,0,0,0,1,24
22393,0:1:1;0:2:2;0:3:3;1:3:2,0,1,0,0,0,1,0,0,0,0,0,0,5,24
22394,0:1:1;0:2:2;0:3:3;1:3:2,0,2,0,0,0,1,0,0,0,0,0,0,20,24
22395,0:1:1;0:2:2;0:3:3;1:3:2,0,3,1,1,0,0,1,1,1,1,1,5,9,2
22396,0:1:1;0:2:2;0:3:3;1:3:2,0,4,1,1,1,0,1,1,1,1,1,5,9,2
22397,0:1:1;0:2:2;0:3:3;1:3:2,0,5,1,1,1,0,1,1,1,1,1,5,9,2
22398,0:1:1;0:2:2;0:3:3;1:3:2,1,0,0,0,0,1,0,0,0,0,0,0,2,24
22399,0:1:1;0:2:2;0:3:3;1:3:2,1,1,0,0,0,1,0,0,0,0,0,0,17,24
22400,0:1:1;0:2:2;0:3:3;1:3:2,1,2,0,0,0,1,0,0,0,0,0,0,33,24
22401,0:1:1;0:2:2;0:3:3;1:3:2,1,3,1,1,1,0,1,1,1,1,1,5,9,2
22402,0:1:1;0:2:2;0:3:3;1:3:2,1,4,1,1,1,0,1,1,1,1,1,5,9,2
22403,0:1:1;0:2:2;0:3:3;1:3:2,1,5,1,1,1,0,1,1,1,1,1,5,9,2
22404,0:1:1;0:2:2;0:3:3;1:3:2,2,0,0,0,0,1,0,0,0,0,0,0,17,24
22405,0:1:1;0:2:2;0:3:3;1:3:2,2,1,0,0,0,1,0,0,0,0,0,0,28,24
22406,0:1:1;0:2:2;0:3:3;1:3:2,2,2,0,0,0,1,0,0,0,0,0,0,41,24
22407,0:1:1;0:2:2;0:3:3;1:3:2,2,3,1,1,1,0,1,1,1,1,1,5,9,2
22408,0:1:1;0:2:2;0:3:3;1:3:2,2,4,1,1,1,0,1,1,1,1,1,5,9,2
22409,0:1:1;0:2:2;0:3:3;1:3:2,2,5,1,1,1,0,1,1,1,1,1,5,9,2
22410,0:1:1;0:2:2;0:3:3;1:3:2,3,0,0,0,0,1,0,0,0,0,0,0,17,24
22411,0:1:1;0:2:2;0:3:3;1:3:2,3,1,0,0,0,1,0,0,0,0,0,0,28,24
22412,0:1:1;0:2:2;0:3:3;1:3:2,3,2,0,0,0,1,0,0,0,0,0,0,41,24
22413,0:1:1;0:2:2;0:3:3;1:3:2,3,3,1,1,1,0,1,1,1,1,1,5,9,2
22414,0:1:1;0:2:2;0:3:3;1:3:2,3,4,1,1,1,0,1,1,1,1,1,5,9,2
22415,0:1:1;0:2:2;0:3:3;1:3:2,3,5,1,1,1,0,1,1,1,1,1,5,9,2
22416,0:1:1;0:2:2;0:3:3;1:3:2,4,0,0,0,0,1,0,0,0,0,0,0,17,24
22417,0:1:1;0:2:2;0:3:3;1:3:2,4,1,0,0,0,1,0,0,0,0,0,0,28,24
22418,0:1:1;0:2:2;0:3:3;1:3:2,4,2,0,0,0,1,0,0,0,0,0,0,41,24
22419,0:1:1;0:2:2;0:3:3;1:3:2,4,3,1,1,1,0,1,1,1,1,1,5,9,2
22420,0:1:1;0:2:2;0:3:3;1:3:2,4,4,1,1,1,0,1,1,1,1,1,5,9,2
22421,0:1:1;0:2:2;0:3:3;1:3:2,4,5,1,1,1,0,1,1,1,1,1,5,9,2
22422,0:1:1;0:2:2;0:3:3;1:3:2,5,0,0,0,0,1,0,0,0,0,0,0,17,24
22423,0:1:1;0:2:2;0:3:3;1:3:2,5,1,0,0,0,1,0,0,0,0,0,0,28,24
22424,0:1:1;0:2:2;0:3:3;1:3:2,5,2,0,0,0,1,0,0,0,0,0,0,41,24
22425,0:1:1;0:2:2;0:3:3;1:3:2,5,3,1,1,1,0,1,1,1,1,1,5,9,2
22426,0:1:1;0:2:2;0:3:3;1:3:2,5,4,1,1,1,0,1,1,1,1,1,5,9,2
22427,0:1:1;0:2:2;0:3:3;1:3:2,5,5,1,1,1,0,1,1,1,1,1,5,9,2
22428,0:1:1;0:2:2;0:3:3;1:3:3,0,0,0,0,0,1,0,0,0,0,0,0,1,24
22429,0:1:1;0:2:2;0:3:3;1:3:3,0,1,0,0,0,1,0,0,0,0,0,0,5,24
22430,0:1:1;0:2:2;0:3:3;1:3:3,0,2,0,0,0,1,0,0,0,0,0,0,14,24
22431,0:1:1;0:2:2;0:3:3;1:3:3,0,3,1,1,0,0,1,1,1,1,1,5,10,2
22432,0:1:1;0:2:2;0:3:3;1:3:3,0,4,1,1,0,0,1,1,1,1,1,5,10,2
22433,0:1:1;0:2:2;0:3:3;1:3:3,0,5,1,1,1,0,1,1,1,1,1,5,10,2
22434,0:1:1;0:2:2;0:3:3;1:3:3,1,0,0,0,0,1,0,0,0,0,0,0,2,24
22435,0:1:1;0:2:2;0:3:3;1:3:3,1,1,0,0,0,1,0,0,0,0,0,0,9,24
22436,0:1:1;0:2:2;0:3:3;1:3:3,1,2,0,0,0,1,0,0,0,0,0,0,29,24
22437,0:1:1;0:2:2;0:3:3;1:3:3,1,3,1,1,0,0,1,1,1,1,1,5,10,2
22438,0:1:1;0:2:2;0:3:3;1:3:3,1,4,1,1,1,0,1,1,1,1,1,5,10,2
22439,0:1:1;0:2:2;0:3:3;1:3:3,1,5,1,1,1,0,1,1,1,1,1,5,10,2
22440,0:1:1;0:2:2;0:3:3;1:3:3,2,0,0,0,0,1,0,0,0,0,0,0,3,24
22441,0:1:1;0:2:2;0:3:3;1:3:3,2,1,0,0,0,1,0,0,0,0,0,0,21,24
22442,0:1:1;0:2:2;0:3:3;1:3:3,2,2,0,0,0,1,0,0,0,0,0,0,42,24
22443,0:1:1;0:2:2;0:3:3;1:3:3,2,3,1,1,1,0,1,1,1,1,1,5,10,2
22444,0:1:1;0:2:2;0:3:3;1:3:3,2,4,1,1,1,0,1,1,1,1,1,5,10,2
22445,0:1:1;0:2:2;0:3:3;1:3:3,2,5,1,1,1,0,1,1,1,1,1,5,10,2
22446,0:1:1;0:2:2;0:3:3;1:3:3,3,0,0,0,0,1,0,0,0,0,0,0,18,24
22447,0:1:1;0:2:2;0:3:3;1:3:3,3,1,0,0,0,1,0,0,0,0,0,0,32,24
22448,0:1:1;0:2:2;0:3:3;1:3:3,3,2,0,0,0,1,0,0,0,0,0,0,50,24
22449,0:1:1;0:2:2;0:3:3;1:3:3,3,3,1,1,1,0,1,1,1,1,1,5,10,2
22450,0:1:1;0:2:2;0:3:3;1:3:3,3,4,1,1,1,0,1,1,1,1,1,5,10,2
22451,0:1:1;0:2:2;0:3:3;1:3:3,3,5,1,1,1,0,1,1,1,1,1,5,10,2
22452,0:1:1;0:2:2;0:3:3;1:3:3,4,0,0,0,0,1,0,0,0,0,0,0,18,24
22453,0:1:1;0:2:2;0:3:3;1:3:3,4,1,0,0,0,1,0,0,0,0,0,0,32,24
22454,0:1:1;0:2:2;0:3:3;1:3:3,4,2,0,0,0,1,0,0,0,0,0,0,50,24
22455,0:1:1;0:2:2;0:3:3;1:3:3,4,3,1,1,1,0,1,1,1,1,1,5,10,2
22456,0:1:1;0:2:2;0:3:3;1:3:3,4,4,1,1,1,0,1,1,1,1,1,5,10,2
22457,0:1:1;0:2:2;0:3:3;1:3:3,4,5,1,1,1,0,1,1,1,1,1,5,10,2
22458,0:1:1;0:2:2;0:3:3;1:3:3,5,0,0,0,0,1,0,0,0,0,0,0,18,24
22459,0:1:1;0:2:2;0:3:3;1:3:3,5,1,0,0,0,1,0,0,0,0,0,0,32,24
22460,0:1:1;0:2:2;0:3:3;1:3:3,5,2,0,0,0,1,0,0,0,0,0,0,50,24
22461,0:1:1;0:2:2;0:3:3;1:3:3,5,3,1,1,1,0,1,1,1,1,1,5,10,2
22462,0:1:1;0:2:2;0:3:3;1:3:3,5,4,1,1,1,0,1,1,1,1,1,5,10,2
22463,0:1:1;0:2:2;0:3:3;1:3:3,5,5,1,1,1,0,1,1,1,1,1,5,10,2
22464,0:1:1;0:2:2;0:3:3;1:4:3,0,0,0,0,0,1,0,0,0,0,0,0,1,24
22465,0:1:1;0:2:2;0:3:3;1:4:3,0,1,0,0,0,1,0,0,0,0,0,0,5,24
22466,0:1:1;0:2:2;0:3:3;1:4:3,0,2,1,0,0,1,0,0,0,0,0,3,14,24
22467,0:1:1;0:2:2;0:3:3;1:4:3,0,3,1,1,0,0,1,1,1,1,1,5,10,2
22468,0:1:1;0:2:2;0:3:3;1:4:3,0,4,1,1,0,0,1,1,1,1,1,5,10,2
22469,0:1:1;0:2:2;0:3:3;1:4:3,0,5,1,1,1,0,1,1,1,1,1,5,10,2
22470,0:1:1;0:2:2;0:3:3;1:4:3,1,0,0,0,0,1,0,0,0,0,0,0,2,24
22471,0:1:1;0:2:2;0:3:3;1:4:3,1,1,0,0,0,1,0,0,0,0,0,0,9,24
22472,0:1:1;0:2:2;0:3:3;1:4:3,1,2,1,1,0,1,0,0,1,0,1,6,19,11
22473,0:1:1;0:2:2;0:3:3;1:4:3,1,3,1,1,0,0,1,1,1,1,1,5,10,2
22474,0:1:1;0:2:2;0:3:3;1:4:3,1,4,1,1,1,0,1,1,1,1,1,5,10,2
22475,0:1:1;0:2:2;0:3:3;1:4:3,1,5,1,1,1,0,1,1,1,1,1,5,10,2
22476,0:1:1;0:2:2;0:3:3;1:4:3,2,0,0,0,0,1,0,0,0,0,0,0,3,24
22477,0:1:1;0:2:2;0:3:3;1:4:3,2,1,0,0,0,1,0,0,0,0,0,0,23,24
22478,0:1:1;0:2:2;0:3:3;1:4:3,2,2,1,1,0,0,1,1,1,1,1,5,10,5
22479,0:1:1;0:2:2;0:3:3;1:4:3,2,3,1,1,1,0,1,1,1,1,1,5,10,2
22480,0:1:1;0:2:2;0:3:3;1:4:3,2,4,1,1,1,0,1,1,1,1,1,5,10,2
22481,0:1:1;0:2:2;0:3:3;1:4:3,2,5,1,1,1,0,1,1,1,1,1,5,10,2
22482,0:1:1;0:2:2;0:3:3;1:4:3,3,0,0,0,0,1,0,0,0,0,0,0,23,24
22483,0:1:1;0:2:2;0:3:3;1:4:3,3,1,0,0,0,1,0,0,0,0,0,0,35,24
22484,0:1:1;0:2:2;0:3:3;1:4:3,3,2,1,1,1,0,1,1,1,1,1,5,10,5
22485,0:1:1;0:2:2;0:3:3;1:4:3,3,3,1,1,1,0,1,1,1,1,1,5,10,2
22486,0:1:1;0:2:2;0:3:3;1:4:3,3,4,1,1,1,0,1,1,1,1,1,5,10,2
22487,0:1:1;0:2:2;0:3:3;1:4:3,3,5,1,1,1,0,1,1,1,1,1,5,10,2
22488,0:1:1;0:2:2;0:3:3;1:4:3,4,0,0,0,0,1,0,0,0,0,0,0,23,24
22489,0:1:1;0:2:2;0:3:3;1:4:3,4,1,0,0,0,1,0,0,0,0,0,0,35,24
22490,0:1:1;0:2:2;0:3:3;1:4:3,4,2,1,1,1,0,1,1,1,1,1,5,10,5
22491,0:1:1;0:2:2;0:3:3;1:4:3,4,3,1,1,1,0,1,1,1,1,1,5,10,2
22492,0:1:1;0:2:2;0:3:3;1:4:3,4,4,1,1,1,0,1,1,1,1,1,5,10,2
22493,0:1:1;0:2:2;0:3:3;1:4:3,4,5,1,1,1,0,1,1,1,1,1,5,10,2
22494,0:1:1;0:2:2;0:3:3;1:4:3,5,0,0,0,0,1,0,0,0,0,0,0,23,24
22495,0:1:1;0:2:2;0:3:3;1:4:3,5,1,0,0,0,1,0,0,0,0,0,0,35,24
22496,0:1:1;0:2:2;0:3:3;1:4:3,5,2,1,1,1,0,1,1,1,1,1,5,10,5
22497,0:1:1;0:2:2;0:3:3;1:4:3,5,3,1,1,1,0,1,1,1,1,1,5,10,2
22498,0:1:1;0:2:2;0:3:3;1:4:3,5,4,1,1,1,0,1,1,1,1,1,5,10,2
22499,0:1:1;0:2:2;0:3:3;1:4:3,5,5,1,1,1,0,1,1,1,1,1,5,10,2
22500,0:1:1;0:2:2;0:4:3;0:4:3,0,0,0,0,0,1,0,0,0,0,0,0,1,24
22501,0:1:1;0:2:2;0:4:3;0:4:3,0,1,0,0,0,1,0,0,0,0,0,0,5,24
22502,0:1:1;0:2:2;0:4:3;0:4:3,0,2,0,0,0,1,0,0,0,0,0,0,14,24
22503,0:1:1;0:2:2;0:4:3;0:4:3,0,3,0,0,0,1,0,0,0,0,0,0,29,24
22504,0:1:1;0:2:2;0:4:3;0:4:3,0,4,0,0,0,1,0,0,0,0,0,0,48,24
22505,0:1:1;0:2:2;0:4:3;0:4:3,0,5,0,0,0,1,0,0,0,0,0,0,67,24
22506,0:1:1;0:2:2;0:4:3;0:4:3,1,0,0,0,0,1,0,0,0,0,0,0,1,24
22507,0:1:1;0:2:2;0:4:3;0:4:3,1,1,0,0,0,1,0,0,0,0,0,0,5,24
22508,0:1:1;0:2:2;0:4:3;0:4:3,1,2,0,0,0,1,0,0,0,0,0,0,14,24
22509,0:1:1;0:2:2;0:4:3;0:4:3,1,3,0,0,0,1,0,0,0,0,0,0,29,24
22510,0:1:1;0:2:2;0:4:3;0:4:3,1,4,0,0,0,1,0,0,0,0,0,0,48,24
22511,0:1:1;0:2:2;0:4:3;0:4:3,1,5,0,0,0,1,0,0,0,0,0,0,67,24
22512,0:1:1;0:2:2;0:4:3;0:4:3,2,0,0,0,0,1,0,0,0,0,0,0,1,24
22513,0:1:1;0:2:2;0:4:3;0:4:3,2,1,0,0,0,1,0,0,0,0,0,0,5,24
22514,0:1:1;0:2:2;0:4:3;0:4:3,2,2,0,0,0,1,0,0,0,0,0,0,14,24
22515,0:1:1;0:2:2;0:4:3;0:4:3,2,3,0,0,0,1,0,0,0,0,0,0,29,24
22516,0:1:1;0:2:2;0:4:3;0:4:3,2,4,0,0,0,1,0,0,0,0,0,0,48,24
22517,0:1:1;0:2:2;0:4:3;0:4:3,2,5,0,0,0,1,0,0,0,0,0,0,67,24
22518,0:1:1;0:2:2;0:4:3;0:4:3,3,0,0,0,0,1,0,0,0,0,0,0,1,24
22519,0:1:1;0:2:2;0:4:3;0:4:3,3,1,0,0,0,1,0,0,0,0,0,0,5,24
22520,0:1:1;0:2:2;0:4:3;0:4:3,3,2,0,0,0,1,0,0,0,0,0,0,14,24
22521,0:1:1;0:2:2;0:4:3;0:4:3,3,3,0,0,0,1,0,0,0,0,0,0,29,24
22522,0:1:1;0:2:2;0:4:3;0:4:3,3,4,0,0,0,1,0,0,0,0,0,0,48,24
22523,0:1:1;0:2:2;0:4:3;0:4:3,3,5,0,0,0,1,0,0,0,0,0,0,67,24
22524,0:1:1;0:2:2;0:4:3;0:4:3,4,0,0,0,0,1,0,0,0,0,0,0,1,24
22525,0:1:1;0:2:2;0:4:3;0:4:3,4,1,0,0,0,1,0,0,0,0,0,0,5,24
22526,0:1:1;0:2:2;0:4:3;0:4:3,4,2,0,0,0,1,0,0,0,0,0,0,14,24
22527,0:1:1;0:2:2;0:4:3;0:4:3,4,3,0,0,0,1,0,0,0,0,0,0,29,24
22528,0:1:1;0:2:2;0:4:3;0:4:3,4,4,0,0,0,1,0,0,0,0,0,0,48,24
22529,0:1:1;0:2:2;0:4:3;0:4:3,4,5,0,0,0,1,0,0,0,0,0,0,67,24
22530,0:1:1;0:2:2;0:4:3;0:4:3,5,0,0,0,0,1,0,0,0,0,0,0,1,24
22531,0:1:1;0:2:2;0:4:3;0:4:3,5,1,0,0,0,1,0,0,0,0,0,0,5,24
22532,0:1:1;0:2:2;0:4:3;0:4:3,5,2,0,0,0,1,0,0,0,0,0,0,14,24
22533,0:1:1;0:2:2;0:4:3;0:4:3,5,3,0,0,0,1,0,0,0,0,0,0,29,24
22534,0:1:1;0:2:2;0:4:3;0:4:3,5,4,0,0,0,1,0,0,0,0,0,0,48,24
22535,0:1:1;0:2:2;0:4:3;0:4:3,5,5,0,0,0,1,0,0,0,0,0,0,67,24
22536,0:1:1;0:2:2;0:4:3;1:1:1,0,0,0,0,0,1,0,0,0,0,0,0,1,24
22537,0:1:1;0:2:2;0:4:3;1:1:1,0,1,0,0,0,1,0,0,0,0,0,0,7,24
22538,0:1:1;0:2:2;0:4:3;1:1:1,0,2,0,0,0,1,0,0,0,0,0,0,17,24
22539,0:1:1;0:2:2;0:4:3;1:1:1,0,3,0,0,0,1,0,0,0,0,0,0,29,24
22540,0:1:1;0:2:2;0:4:3;1:1:1,0,4,0,0,0,1,0,0,0,0,0,0,37,24
22541,0:1:1;0:2:2;0:4:3;1:1:1,0,5,1,1,1,0,1,1,1,1,1,5,8,2
22542,0:1:1;0:2:2;0:4:3;1:1:1,1,0,0,0,0,1,0,0,0,0,0,0,5,24
22543,0:1:1;0:2:2;0:4:3;1:1:1,1,1,0,0,0,1,0,0,0,0,0,0,13,24
22544,0:1:1;0:2:2;0:4:3;1:1:1,1,2,0,0,0,1,0,0,0,0,0,0,24,24
22545,0:1:1;0:2:2;0:4:3;1:1:1,1,3,0,0,0,1,0,0,0,0,0,0,35,24
22546,0:1:1;0:2:2;0:4:3;1:1:1,1,4,0,0,0,1,0,0,0,0,0,0,43,24
22547,0:1:1;0:2:2;0:4:3;1:1:1,1,5,1,1,1,0,1,1,1,1,1,5,8,2
22548,0:1:1;0:2:2;0:4:3;1:1:1,2,0,0,0,0,1,0,0,0,0,0,0,5,24
22549,0:1:1;0:2:2;0:4:3;1:1:1,2,1,0,0,0,1,0,0,0,0,0,0,13,24
22550,0:1:1;0:2:2;0:4:3;1:1:1,2,2,0,0,0,1,0,0,0,0,0,0,24,24
22551,0:1:1;0:2:2;0:4:3;1:1:1,2,3,0,0,0,1,0,0,0,0,0,0,35,24
22552,0:1:1;0:2:2;0:4:3;1:1:1,2,4,0,0,0,1,0,0,0,0,0,0,43,24
22553,0:1:1;0:2:2;0:4:3;1:1:1,2,5,1,1,1,0,1,1,1,1,1,5,8,2
22554,0:1:1;0:2:2;0:4:3;1:1:1,3,0,0,0,0,1,0,0,0,0,0,0,5,24
22555,0:1:1;0:2:2;0:4:3;1:1:1,3,1,0,0,0,1,0,0,0,0,0,0,13,24
22556,0:1:1;0:2:2;0:4:3;1:1:1,3,2,0,0,0,1,0,0,0,0,0,0,24,24
22557,0:1:1;0:2:2;0:4:3;1:1:1,3,3,0,0,0,1,0,0,0,0,0,0,35,24
22558,0:1:1;0:2:2;0:4:3;1:1:1,3,4,0,0,0,1,0,0,0,0,0,0,43,24
22559,0:1:1;0:2:2;0:4:3;1:1:1,3,5,1,1,1,0,1,1,1,1,1,5,8,2
22560,0:1:1;0:2:2;0:4:3;1:1:1,4,0,0,0,0,1,0,0,0,0,0,0,5,24
22561,0:1:1;0:2:2;0:4:3;1:1:1,4,1,0,0,0,1,0,0,0,0,0,0,13,24
22562,0:1:1;0:2:2;0:4:3;1:1:1,4,2,0,0,0,1,0,0,0,0,0,0,24,24
22563,0:1:1;0:2:2;0:4:3;1:1:1,4,3,0,0,0,1,0,0,0,0,0,0,35,24
22564,0:1:1;0:2:2;0:4:3;1:1:1,4,4,0,0,0,1,0,0,0,0,0,0,43,24
22565,0:1:1;0:2:2;0:4:3;1:1:1,4,5,1,1,1,0,1,1,1,1,1,5,8,2
22566,0:1:1;0:2:2;0:4:3;1:1:1,5,0,0,0,0,1,0,0,0,0,0,0,5,24
22567,0:1:1;0:2:2;0:4:3;1:1:1,5,1,0,0,0,1,0,0,0,0,0,0,13,24
22568,0:1:1;0:2:2;0:4:3;1:1:1,5,2,0,0,0,1,0,0,0,0,0,0,24,24
22569,0:1:1;0:2:2;0:4:3;1:1:1,5,3,0,0,0,1,0,0,0,0,0,0,35,24
22570,0:1:1;0:2:2;0:4:3;1:1:1,5,4,0,0,0,1,0,0,0,0,0,0,43,24
22571,0:1:1;0:2:2;0:4:3;1:1:1,5,5,1,1,1,0,1,1,1,1,1,5,8,2
22572,0:1:1;0:2:2;0:4:3;1:2:1,0,0,0,0,0,1,0,0,0,0,0,0,1,24
22573,0:1:1;0:2:2;0:4:3;1:2:1,0,1,0,0,0,1,0,0,0,0,0,0,10,24
22574,0:1:1;0:2:2;0:4:3;1:2:1,0,2,0,0,0,1,0,0,0,0,0,0,21,24
22575,0:1:1;0:2:2;0:4:3;1:2:1,0,3,0,0,0,1,0,0,0,0,0,0,32,24
22576,0:1:1;0:2:2;0:4:3;1:2:1,0,4,1,1,1,0,1,1,1,1,1,5,8,2
22577,0:1:1;0:2:2;0:4:3;1:2:1,0,5,1,1,1,0,1,1,1,1,1,5,8,2
22578,0:1:1;0:2:2;0:4:3;1:2:1,1,0,0,0,0,1,0,0,0,0,0,0,10,24
22579,0:1:1;0:2:2;0:4:3;1:2:1,1,1,0,0,0,1,0,0,0,0,0,0,19,24
22580,0:1:1;0:2:2;0:4:3;1:2:1,1,2,0,0,0,1,0,0,0,0,0,0,29,24
22581,0:1:1;0:2:2;0:4:3;1:2:1,1,3,0,0,0,1,0,0,0,0,0,0,38,24
22582,0:1:1;0:2:2;0:4:3;1:2:1,1,4,1,1,1,0,1,1,1,1,1,5,8,2
22583,0:1:1;0:2:2;0:4:3;1:2:1,1,5,1,1,1,0,1,1,1,1,1,5,8,2
22584,0:1:1;0:2:2;0:4:3;1:2:1,2,0,0,0,0,1,0,0,0,0,0,0,10,24
22585,0:1:1;0:2:2;0:4:3;1:2:1,2,1,0,0,0,1,0,0,0,0,0,0,19,24
22586,0:1:1;0:2:2;0:4:3;1:2:1,2,2,0,0,0,1,0,0,0,0,0,0,29,24
22587,0:1:1;0:2:2;0:4:3;1:2:1,2,3,0,0,0,1,0,0,0,0,0,0,38,24
22588,0:1:1;0:2:2;0:4:3;1:2:1,2,4,1,1,1,0,1,1,1,1,1,5,8,2
22589,0:1:1;0:2:2;0:4:3;1:2:1,2,5,1,1,1,0,1,1,1,1,1,5,8,2
22590,0:1:1;0:2:2;0:4:3;1:2:1,3,0,0,0,0,1,0,0,0,0,0,0,10,24
22591,0:1:1;0:2:2;0:4:3;1:2:1,3,1,0,0,0,1,0,0,0,0,0,0,19,24
22592,0:1:1;0:2:2;0:4:3;1:2:1,3,2,0,0,0,1,0,0,0,0,0,0,29,24
22593,0:1:1;0:2:2;0:4:3;1:2:1,3,3,0,0,0,1,0,0,0,0,0,0,38,24
22594,0:1:1;0:2:2;0:4:3;1:2:1,3,4,1,1,1,0,1,1,1,1,1,5,8,2
22595,0:1:1;0:2:2;0:4:3;1:2:1,3,5,1,1,1,0,1,1,1,1,1,5,8,2
22596,0:1:1;0:2:2;0:4:3;1:2:1,4,0,0,0,0,1,0,0,0,0,0,0,10,24
22597,0:1:1;0:2:2;0:4:3;1:2:1,4,1,0,0,0,1,0,0,0,0,0,0,19,24
22598,0:1:1;0:2:2;0:4:3;1:2:1,4,2,0,0,0,1,0,0,0,0,0,0,29,24
22599,0:1:1;0:2:2;0:4:3;1:2:1,4,3,0,0,0,1,0,0,0,0,0,0,38,24
22600,0:1:1;0:2:2;0:4:3;1:2:1,4,4,1,1,1,0,1,1,1,1,1,5,8,2
22601,0:1:1;0:2:2;0:4:3;1:2:1,4,5,1,1,1,0,1,1,1,1,1,5,8,2
22602,0:1:1;0:2:2;0:4:3;1:2:1,5,0,0,0,0,1,0,0,0,0,0,0,10,24
22603,0:1:1;0:2:2;0:4:3;1:2:1,5,1,0,0,0,1,0,0,0,0,0,0,19,24
22604,0:1:1;0:2:2;0:4:3;1:2:1,5,2,0,0,0,1,0,0,0,0,0,0,29,24
22605,0:1:1;0:2:2;0:4:3;1:2:1,5,3,0,0,0,1,0,0,0,0,0,0,38,24
22606,0:1:1;0:2:2;0:4:3;1:2:1,5,4,1,1,1,0,1,1,1,1,1,5,8,2
22607,0:1:1;0:2:2;0:4:3;1:2:1,5,5,1,1,1,0,1,1,1,1,1,5,8,2
22608,0:1:1;0:2:2;0:4:3;1:2:2,0,0,0,0,0,1,0,0,0,0,0,0,1,24
22609,0:1:1;0:2:2;0:4:3;1:2:2,0,1,0,0,0,1,0,0,0,0,0,0,5,24
22610,0:1:1;0:2:2;0:4:3;1:2:2,0,2,0,0,0,1,0,0,0,0,0,0,18,24
22611,0:1:1;0:2:2;0:4:3;1:2:2,0,3,0,0,0,1,0,0,0,0,0,0,35,24
22612,0:1:1;0:2:2;0:4:3;1:2:2,0,4,1,1,1,0,1,1,1,1,1,5,9,2
22613,0:1:1;0:2:2;0:4:3;1:2:2,0,5,1,1,1,0,1,1,1,1,1,5,9,2
22614,0:1:1;0:2:2;0:4:3;1:2:2,1,0,0,0,0,1,0,0,0,0,0,0,2,24
22615,0:1:1;0:2:2;0:4:3;1:2:2,1,1,0,0,0,1,0,0,0,0,0,0,14,24
22616,0:1:1;0:2:2;0:4:3;1:2:2,1,2,0,0,0,1,0,0,0,0,0,0,30,24
22617,0:1:1;0:2:2;0:4:3;1:2:2,1,3,0,0,0,1,0,0,0,0,0,0,47,24
22618,0:1:1;0:2:2;0:4:3;1:2:2,1,4,1,1,1,0,1,1,1,1,1,5,9,2
22619,0:1:1;0:2:2;0:4:3;1:2:2,1,5,1,1,1,0,1,1,1,1,1,5,9,2
22620,0:1:1;0:2:2;0:4:3;1:2:2,2,0,0,0,0,1,0,0,0,0,0,0,11,24
22621,0:1:1;0:2:2;0:4:3;1:2:2,2,1,0,0,0,1,0,0,0,0,0,0,23,24
22622,0:1:1;0:2:2;0:4:3;1:2:2,2,2,0,0,0,1,0,0,0,0,0,0,38,24
22623,0:1:1;0:2:2;0:4:3;1:2:2,2,3,0,0,0,1,0,0,0,0,0,0,53,24
22624,0:1:1;0:2:2;0:4:3;1:2:2,2,4,1,1,1,0,1,1,1,1,1,5,9,2
22625,0:1:1;0:2:2;0:4:3;1:2:2,2,5,1,1,1,0,1,1,1,1,1,5,9,2
22626,0:1:1;0:2:2;0:4:3;1:2:2,3,0,0,0,0,1,0,0,0,0,0,0,11,24
22627,0:1:1;0:2:2;0:4:3;1:2:2,3,1,0,0,0,1,0,0,0,0,0,0,23,24
22628,0:1:1;0:2:2;0:4:3;1:2:2,3,2,0,0,0,1,0,0,0,0,0,0,38,24
22629,0:1:1;0:2:2;0:4:3;1:2:2,3,3,0,0,0,1,0,0,0,0,0,0,53,24
22630,0:1:1;0:2:2;0:4:3;1:2:2,3,4,1,1,1,0,1,1,1,1,1,5,9,2
22631,0:1:1;0:2:2;0:4:3;1:2:2,3,5,1,1,1,0,1,1,1,1,1,5,9,2
22632,0:1:1;0:2:2;0:4:3;1:2:2,4,0,0,0,0,1,0,0,0,0,0,0,11,24
22633,0:1:1;0:2:2;0:4:3;1:2:2,4,1,0,0,0,1,0,0,0,0,0,0,23,24
22634,0:1:1;0:2:2;0:4:3;1:2:2,4,2,0,0,0,1,0,0,0,0,0,0,38,24
22635,0:1:1;0:2:2;0:4:3;1:2:2,4,3,0,0,0,1,0,0,0,0,0,0,53,24
22636,0:1:1;0:2:2;0:4:3;1:2:2,4,4,1,1,1,0,1,1,1,1,1,5,9,2
22637,0:1:1;0:2:2;0:4:3;1:2:2,4,5,1,1,1,0,1,1,1,1,1,5,9,2
22638,0:1:1;0:2:2;0:4:3;1:2:2,5,0,0,0,0,1,0,0,0,0,0,0,11,24
22639,0:1:1;0:2:2;0:4:3;1:2:2,5,1,0,0,0,1,0,0,0,0,0,0,23,24
22640,0:1:1;0:2:2;0:4:3;1:2:2,5,2,0,0,0,1,0,0,0,0,0,0,38,24
22641,0:1:1;0:2:2;0:4:3;1:2:2,5,3,0,0,0,1,0,0,0,0,0,0,53,24
22642,0:1:1;0:2:2;0:4:3;1:2:2,5,4,1,1,1,0,1,1,1,1,1,5,9,2
22643,0:1:1;0:2:2;0:4:3;1:2:2,5,5,1,1,1,0,1,1,1,1,1,5,9,2
22644,0:1:1;0:2:2;0:4:3;1:3:2,0,0,0,0,0,1,0,0,0,0,0,0,1,24
22645,0:1:1;0:2:2;0:4:3;1:3:2,0,1,0,0,0,1,0,0,0,0,0,0,5,24
22646,0:1:1;0:2:2;0:4:3;1:3:2,0,2,0,0,0,1,0,0,0,0,0,0,20,24
22647,0:1:1;0:2:2;0:4:3;1:3:2,0,3,1,1,0,0,1,1,1,1,1,5,9,2
22648,0:1:1;0:2:2;0:4:3;1:3:2,0,4,1,1,1,0,1,1,1,1,1,5,9,2
22649,0:1:1;0:2:2;0:4:3;1:3:2,0,5,1,1,1,0,1,1,1,1,1,5,9,2
22650,0:1:1;0:2:2;0:4:3;1:3:2,1,0,0,0,0,1,0,0,0,0,0,0,2,24
22651,0:1:1;0:2:2;0:4:3;1:3:2,1,1,0,0,0,1,0,0,0,0,0,0,17,24
22652,0:1:1;0:2:2;0:4:3;1:3:2,1,2,0,0,0,1,0,0,0,0,0,0,33,24
22653,0:1:1;0:2:2;0:4:3;1:3:2,1,3,1,1,1,0,1,1,1,1,1,5,9,2
22654,0:1:1;0:2:2;0:4:3;1:3:2,1,4,1,1,1,0,1,1,1,1,1,5,9,2
22655,0:1:1;0:2:2;0:4:3;1:3:2,1,5,1,1,1,0,1,1,1,1,1,5,9,2
22656,0:1:1;0:2:2;0:4:3;1:3:2,2,0,0,0,0,1,0,0,0,0,0,0,17,24
22657,0:1:1;0:2:2;0:4:3;1:3:2,2,1,0,0,0,1,0,0,0,0,0,0,28,24
22658,0:1:1;0:2:2;0:4:3;1:3:2,2,2,0,0,0,1,0,0,0,0,0,0,41,24
22659,0:1:1;0:2:2;0:4:3;1:3:2,2,3,1,1,1,0,1,1,1,1,1,5,9,2
22660,0:1:1;0:2:2;0:4:3;1:3:2,2,4,1,1,1,0,1,1,1,1,1,5,9,2
22661,0:1:1;0:2:2;0:4:3;1:3:2,2,5,1,1,1,0,1,1,1,1,1,5,9,2
22662,0:1:1;0:2:2;0:4:3;1:3:2,3,0,0,0,0,1,0,0,0,0,0,0,17,24
22663,0:1:1;0:2:2;0:4:3;1:3:2,3,1,0,0,0,1,0,0,0,0,0,0,28,24
22664,0:1:1;0:2:2;0:4:3;1:3:2,3,2,0,0,0,1,0,0,0,0,0,0,41,24
22665,0:1:1;0:2:2;0:4:3;1:3:2,3,3,1,1,1,0,1,1,1,1,1,5,9,2
22666,0:1:1;0:2:2;0:4:3;1:3:2,3,4,1,1,1,0,1,1,1,1,1,5,9,2
22667,0:1:1;0:2:2;0:4:3;1:3:2,3,5,1,1,1,0,1,1,1,1,1,5,9,2
22668,0:1:1;0:2:2;0:4:3;1:3:2,4,0,0,0,0,1,0,0,0,0,0,0,17,24
22669,0:1:1;0:2:2;0:4:3;1:3:2,4,1,0,0,0,1,0,0,0,0,0,0,28,24
22670,0:1:1;0:2:2;0:4:3;1:3:2,4,2,0,0,0,1,0,0,0,0,0,0,41,24
22671,0:1:1;0:2:2;0:4:3;1:3:2,4,3,1,1,1,0,1,1,1,1,1,5,9,2
22672,0:1:1;0:2:2;0:4:3;1:3:2,4,4,1,1,1,0,1,1,1,1,1,5,9,2
22673,0:1:1;0:2:2;0:4:3;1:3:2,4,5,1,1,1,0,1,1,1,1,1,5,9,2
22674,0:1:1;0:2:2;0:4:3;1:3:2,5,0,0,0,0,1,0,0,0,0,0,0,17,24
22675,0:1:1;0:2:2;0:4:3;1:3:2,5,1,0,0,0,1,0,0,0,0,0,0,28,24
22676,0:1:1;0:2:2;0:4:3;1:3:2,5,2,0,0,0,1,0,0,0,0,0,0,41,24
22677,0:1:1;0:2:2;0:4:3;1:3:2,5,3,1,1,1,0,1,1,1,1,1,5,9,2
22678,0:1:1;0:2:2;0:4:3;1:3:2,5,4,1,1,1,0,1,1,1,1,1,5,9,2
22679,0:1:1;0:2:2;0:4:3;1:3:2,5,5,1,1,1,0,1,1,1,1,1,5,9,2
22680,0:1:1;0:2:2;0:4:3;1:3:3,0,0,0,0,0,1,0,0,0,0,0,0,1,24
22681,0:1:1;0:2:2;0:4:3;1:3:3,0,1,0,0,0,1,0,0,0,0,0,0,5,24
22682,0:1:1;0:2:2;0:4:3;1:3:3,0,2,0,0,0,1,0,0,0,0,0,0,14,24
22683,0:1:1;0:2:2;0:4:3;1:3:3,0,3,1,1,0,0,1,1,1,1,1,5,10,2
22684,0:1:1;0:2:2;0:4:3;1:3:3,0,4,1,1,0,0,1,1,1,1,1,5,10,2
22685,0:1:1;0:2:2;0:4:3;1:3:3,0,5,1,1,1,0,1,1,1,1,1,5,10,2
22686,0:1:1;0:2:2;0:4:3;1:3:3,1,0,0,0,0,1,0,0,0,0,0,0,2,24
22687,0:1:1;0:2:2;0:4:3;1:3:3,1,1,0,0,0,1,0,0,0,0,0,0,9,24
22688,0:1:1;0:2:2;0:4:3;1:3:3,1,2,0,0,0,1,0,0,0,0,0,0,29,24
22689,0:1:1;0:2:2;0:4:3;1:3:3,1,3,1,1,0,0,1,1,1,1,1,5,10,2
22690,0:1:1;0:2:2;0:4:3;1:3:3,1,4,1,1,1,0,1,1,1,1,1,5,10,2
22691,0:1:1;0:2:2;0:4:3;1:3:3,1,5,1,1,1,0,1,1,1,1,1,5,10,2
22692,0:1:1;0:2:2;0:4:3;1:3:3,2,0,0,0,0,1,0,0,0,0,0,0,3,24
22693,0:1:1;0:2:2;0:4:3;1:3:3,2,1,0,0,0,1,0,0,0,0,0,0,21,24
22694,0:1:1;0:2:2;0:4:3;1:3:3,2,2,0,0,0,1,0,0,0,0,0,0,42,24
22695,0:1:1;0:2:2;0:4:3;1:3:3,2,3,1,1,1,0,1,1,1,1,1,5,10,2
22696,0:1:1;0:2:2;0:4:3;1:3:3,2,4,1,1,1,0,1,1,1,1,1,5,10,2
22697,0:1:1;0:2:2;0:4:3;1:3:3,2,5,1,1,1,0,1,1,1,1,1,5,10,2
22698,0:1:1;0:2:2;0:4:3;1:3:3,3,0,0,0,0,1,0,0,0,0,0,0,18,24
22699,0:1:1;0:2:2;0:4:3;1:3:3,3,1,0,0,0,1,0,0,0,0,0,0,32,24
22700,0:1:1;0:2:2;0:4:3;1:3:3,3,2,0,0,0,1,0,0,0,0,0,0,50,24
22701,0:1:1;0:2:2;0:4:3;1:3:3,3,3,1,1,1,0,1,1,1,1,1,5,10,2
22702,0:1:1;0:2:2;0:4:3;1:3:3,3,4,1,1,1,0,1,1,1,1,1,5,10,2
22703,0:1:1;0:2:2;0:4:3;1:3:3,3,5,1,1,1,0,1,1,1,1,1,5,10,2
22704,0:1:1;0:2:2;0:4:3;1:3:3,4,0,0,0,0,1,0,0,0,0,0,0,18,24
22705,0:1:1;0:2:2;0:4:3;1:3:3,4,1,0,0,0,1,0,0,0,0,0,0,32,24
22706,0:1:1;0:2:2;0:4:3;1:3:3,4,2,0,0,0,1,0,0,0,0,0,0,50,24
22707,0:1:1;0:2:2;0:4:3;1:3:3,4,3,1,1,1,0,1,1,1,1,1,5,10,2
22708,0:1:1;0:2:2;0:4:3;1:3:3,4,4,1,1,1,0,1,1,1,1,1,5,10,2
22709,0:1:1;0:2:2;0:4:3;1:3:3,4,5,1,1,1,0,1,1,1,1,1,5,10,2
22710,0:1:1;0:2:2;0:4:3;1:3:3,5,0,0,0,0,1,0,0,0,0,0,0,18,24
22711,0:1:1;0:2:2;0:4:3;1:3:3,5,1,0,0,0,1,0,0,0,0,0,0,32,24
22712,0:1:1;0:2:2;0:4:3;1:3:3,5,2,0,0,0,1,0,0,0,0,0,0,50,24
22713,0:1:1;0:2:2;0:4:3;1:3:3,5,3,1,1,1,0,1,1,1,1,1,5,10,2
22714,0:1:1;0:2:2;0:4:3;1:3:3,5,4,1,1,1,0,1,1,1,1,1,5,10,2
22715,0:1:1;0:2:2;0:4:3;1:3:3,5,5,1,1,1,0,1,1,1,1,1,5,10,2
22716,0:1:1;0:2:2;0:4:3;1:4:3,0,0,0,0,0,1,0,0,0,0,0,0,1,24
22717,0:1:1;0:2:2;0:4:3;1:4:3,0,1,0,0,0,1,0,0,0,0,0,0,5,24
22718,0:1:1;0:2:2;0:4:3;1:4:3,0,2,1,0,0,1,0,0,0,0,0,3,14,24
22719,0:1:1;0:2:2;0:4:3;1:4:3,0,3,1,1,0,0,1,1,1,1,1,5,10,2
22720,0:1:1;0:2:2;0:4:3;1:4:3,0,4,1,1,0,0,1,1,1,1,1,5,10,2
22721,0:1:1;0:2:2;0:4:3;1:4:3,0,5,1,1,1,0,1,1,1,1,1,5,10,2
22722,0:1:1;0:2:2;0:4:3;1:4:3,1,0,0,0,0,1,0,0,0,0,0,0,2,24
22723,0:1:1;0:2:2;0:4:3;1:4:3,1,1,0,0,0,1,0,0,0,0,0,0,9,24
22724,0:1:1;0:2:2;0:4:3;1:4:3,1,2,1,1,0,1,0,0,1,0,1,6,19,11
22725,0:1:1;0:2:2;0:4:3;1:4:3,1,3,1,1,0,0,1,1,1,1,1,5,10,2
22726,0:1:1;0:2:2;0:4:3;1:4:3,1,4,1,1,1,0,1,1,1,1,1,5,10,2
22727,0:1:1;0:2:2;0:4:3;1:4:3,1,5,1,1,1,0,1,1,1,1,1,5,10,2
22728,0:1:1;0:2:2;0:4:3;1:4:3,2,0,0,0,0,1,0,0,0,0,0,0,3,24
22729,0:1:1;0:2:2;0:4:3;1:4:3,2,1,0,0,0,1,0,0,0,0,0,0,23,24
22730,0:1:1;0:2:2;0:4:3;1:4:3,2,2,1,1,0,0,1,1,1,1,1,5,10,5
22731,0:1:1;0:2:2;0:4:3;1:4:3,2,3,1,1,1,0,1,1,1,1,1,5,10,2
22732,0:1:1;0:2:2;0:4:3;1:4:3,2,4,1,1,1,0,1,1,1,1,1,5,10,2
22733,0:1:1;0:2:2;0:4:3;1:4:3,2,5,1,1,1,0,1,1,1,1,1,5,10,2
22734,0:1:1;0:2:2;0:4:3;1:4:3,3,0,0,0,0,1,0,0,0,0,0,0,23,24
22735,0:1:1;0:2:2;0:4:3;1:4:3,3,1,0,0,0,1,0,0,0,0,0,0,35,24
22736,0:1:1;0:2:2;0:4:3;1:4:3,3,2,1,1,1,0,1,1,1,1,1,5,10,5
22737,0:1:1;0:2:2;0:4:3;1:4:3,3,3,1,1,1,0,1,1,1,1,1,5,10,2
22738,0:1:1;0:2:2;0:4:3;1:4:3,3,4,1,1,1,0,1,1,1,1,1,5,10,2
22739,0:1:1;0:2:2;0:4:3;1:4:3,3,5,1,1,1,0,1,1,1,1,1,5,10,2
22740,0:1:1;0:2:2;0:4:3;1:4:3,4,0,0,0,0,1,0,0,0,0,0,0,23,24
22741,0:1:1;0:2:2;0:4:3;1:4:3,4,1,0,0,0,1,0,0,0,0,0,0,35,24
22742,0:1:1;0:2:2;0:4:3;1:4:3,4,2,1,1,1,0,1,1,1,1,1,5,10,5
22743,0:1:1;0:2:2;0:4:3;1:4:3,4,3,1,1,1,0,1,1,1,1,1,5,10,2
22744,0:1:1;0:2:2;0:4:3;1:4:3,4,4,1,1,1,0,1,1,1,1,1,5,10,2
22745,0:1:1;0:2:2;0:4:3;1:4:3,4,5,1,1,1,0,1,1,1,1,1,5,10,2
22746,0:1:1;0:2:2;0:4:3;1:4:3,5,0,0,0,0,1,0,0,0,0,0,0,23,24
22747,0:1:1;0:2:2;0:4:3;1:4:3,5,1,0,0,0,1,0,0,0,0,0,0,35,24
22748,0:1:1;0:2:2;0:4:3;1:4:3,5,2,1,1,1,0,1,1,1,1,1,5,10,5
22749,0:1:1;0:2:2;0:4:3;1:4:3,5,3,1,1,1,0,1,1,1,1,1,5,10,2
22750,0:1:1;0:2:2;0:4:3;1:4:3,5,4,1,1,1,0,1,1,1,1,1,5,10,2
22751,0:1:1;0:2:2;0:4:3;1:4:3,5,5,1,1,1,0,1,1,1,1,1,5,10,2
22752,0:1:1;0:2:2;1:1:1;1:1:1,0,0,0,0,0,1,0,0,0,0,0,0,1,24
22753,0:1:1;0:2:2;1:1:1;1:1:1,0,1,1,0,0,1,0,0,0,0,0,4,7,24
22754,0:1:1;0:2:2;1:1:1;1:1:1,0,2,1,1,1,0,1,1,1,1,1,5,6,3
22755,0:1:1;0:2:2;1:1:1;1:1:1,0,3,1,1,1,0,1,1,1,1,1,5,6,1
22756,0:1:1;0:2:2;1:1:1;1:1:1,0,4,1,1,1,0,1,1,1,1,1,5,6,1
22757,0:1:1;0:2:2;1:1:1;1:1:1,0,5,1,1,1,0,1,1,1,1,1,5,6,1
22758,0:1:1;0:2:2;1:1:1;1:1:1,1,0,0,0,0,1,0,0,0,0,0,0,9,24
22759,0:1:1;0:2:2;1:1:1;1:1:1,1,1,1,1,1,0,1,1,1,1,1,5,6,4
22760,0:1:1;0:2:2;1:1:1;1:1:1,1,2,1,1,1,0,1,1,1,1,1,5,6,3
22761,0:1:1;0:2:2;1:1:1;1:1:1,1,3,1,1,1,0,1,1,1,1,1,5,6,1
22762,0:1:1;0:2:2;1:1:1;1:1:1,1,4,1,1,1,0,1,1,1,1,1,5,6,1
22763,0:1:1;0:2:2;1:1:1;1:1:1,1,5,1,1,1,0,1,1,1,1,1,5,6,1
22764,0:1:1;0:2:2;1:1:1;1:1:1,2,0,0,0,0,1,0,0,0,0,0,0,12,24
22765,0:1:1;0:2:2;1:1:1;1:1:1,2,1,1,1,1,0,1,1,1,1,1,5,6,4
22766,0:1:1;0:2:2;1:1:1;1:1:1,2,2,1,1,1,0,1,1,1,1,1,5,6,3
22767,0:1:1;0:2:2;1:1:1;1:1:1,2,3,1,1,1,0,1,1,1,1,1,5,6,1
22768,0:1:1;0:2:2;1:1:1;1:1:1,2,4,1,1,1,0,1,1,1,1,1,5,6,1
22769,0:1:1;0:2:2;1:1:1;1:1:1,2,5,1,1,1,0,1,1,1,1,1,5,6,1
22770,0:1:1;0:2:2;1:1:1;1:1:1,3,0,0,0,0,1,0,0,0,0,0,0,12,24
22771,0:1:1;0:2:2;1:1:1;1:1:1,3,1,1,1,1,0,1,1,1,1,1,5,6,4
22772,0:1:1;0:2:2;1:1:1;1:1:1,3,2,1,1,1,0,1,1,1,1,1,5,6,3
22773,0:1:1;0:2:2;1:1:1;1:1:1,3,3,1,1,1,0,1,1,1,1,1,5,6,1
22774,0:1:1;0:2:2;1:1:1;1:1:1,3,4,1,1,1,0,1,1,1,1,1,5,6,1
22775,0:1:1;0:2:2;1:1:1;1:1:1,3,5,1,1,1,0,1,1,1,1,1,5,6,1
22776,0:1:1;0:2:2;1:1:1;1:1:1,4,0,0,0,0,1,0,0,0,0,0,0,12,24
22777,0:1:1;0:2:2;1:1:1;1:1:1,4,1,1,1,1,0,1,1,1,1,1,5,6,4
22778,0:1:1;0:2:2;1:1:1;1:1:1,4,2,1,1,1,0,1,1,1,1,1,5,6,3
22779,0:1:1;0:2:2;1:1:1;1:1:1,4,3,1,1,1,0,1,1,1,1,1,5,6,1
22780,0:1:1;0:2:2;1:1:1;1:1:1,4,4,1,1,1,0,1,1,1,1,1,5,6,1
22781,0:1:1;0:2:2;1:1:1;1:1:1,4,5,1,1,1,0,1,1,1,1,1,5,6,1
22782,0:1:1;0:2:2;1:1:1;1:1:1,5,0,0,0,0,1,0,0,0,0,0,0,12,24
22783,0:1:1;0:2:2;1:1:1;1:1:1,5,1,1,1,1,0,1,1,1,1,1,5,6,4
22784,0:1:1;0:2:2;1:1:1;1:1:1,5,2,1,1,1,0,1,1,1,1,1,5,6,3
22785,0:1:1;0:2:2;1:1:1;1:1:1,5,3,1,1,1,0,1,1,1,1,1,5,6,1
22786,0:1:1;0:2:2;1:1:1;1:1:1,5,4,1,1,1,0,1,1,1,1,1,5,6,1
22787,0:1:1;0:2:2;1:1:1;1:1:1,5,5,1,1,1,0,1,1,1,1,1,5,6,1
22788,0:1:1;0:2:2;1:1:1;1:2:1,0,0,1,0,0,1,0,0,0,0,0,1,1,24
22789,0:1:1;0:2:2;1:1:1;1:2:1,0,1,1,1,0,1,0,0,0,1,1,6,8,5
22790,0:1:1;0:2:2;1:1:1;1:2:1,0,2,1,1,1,0,1,1,1,1,1,5,6,3
22791,0:1:1;0:2:2;1:1:1;1:2:1,0,3,1,1,1,0,1,1,1,1,1,5,6,1
22792,0:1:1;0:2:2;1:1:1;1:2:1,0,4,1,1,1,0,1,1,1,1,1,5,6,1
22793,0:1:1;0:2:2;1:1:1;1:2:1,0,5,1,1,1,0,1,1,1,1,1,5,6,1
22794,0:1:1;0:2:2;1:1:1;1:2:1,1,0,1,1,0,0,1,1,1,1,1,5,6,14
22795,0:1:1;0:2:2;1:1:1;1:2:1,1,1,1,1,1,0,1,1,1,1,1,5,6,4
22796,0:1:1;0:2:2;1:1:1;1:2:1,1,2,1,1,1,0,1,1,1,1,1,5,6,3
22797,0:1:1;0:2:2;1:1:1;1:2:1,1,3,1,1,1,0,1,1,1,1,1,5,6,1
22798,0:1:1;0:2:2;1:1:1;1:2:1,1,4,1,1,1,0,1,1,1,1,1,5,6,1
22799,0:1:1;0:2:2;1:1:1;1:2:1,1,5,1,1,1,0,1,1,1,1,1,5,6,1
22800,0:1:1;0:2:2;1:1:1;1:2:1,2,0,1,1,1,0,1,1,1,1,1,5,6,14
22801,0:1:1;0:2:2;1:1:1;1:2:1,2,1,1,1,1,0,1,1,1,1,1,5,6,4
22802,0:1:1;0:2:2;1:1:1;1:2:1,2,2,1,1,1,0,1,1,1,1,1,5,6,3
22803,0:1:1;0:2:2;1:1:1;1:2:1,2,3,1,1,1,0,1,1,1,1,1,5,6,1
22804,0:1:1;0:2:2;1:1:1;1:2:1,2,4,1,1,1,0,1,1,1,1,1,5,6,1
22805,0:1:1;0:2:2;1:1:1;1:2:1,2,5,1,1,1,0,1,1,1,1,1,5,6,1
22806,0:1:1;0:2:2;1:1:1;1:2:1,3,0,1,1,1,0,1,1,1,1,1,5,6,14
22807,0:1:1;0:2:2;1:1:1;1:2:1,3,1,1,1,1,0,1,1,1,1,1,5,6,4
22808,0:1:1;0:2:2;1:1:1;1:2:1,3,2,1,1,1,0,1,1,1,1,1,5,6,3
22809,0:1:1;0:2:2;1:1:1;1:2:1,3,3,1,1,1,0,1,1,1,1,1,5,6,1
22810,0:1:1;0:2:2;1:1:1;1:2:1,3,4,1,1,1,0,1,1,1,1,1,5,6,1
22811,0:1:1;0:2:2;1:1:1;1:2:1,3,5,1,1,1,0,1,1,1,1,1,5,6,1
22812,0:1:1;0:2:2;1:1:1;1:2:1,4,0,1,1,1,0,1,1,1,1,1,5,6,14
22813,0:1:1;0:2:2;1:1:1;1:2:1,4,1,1,1,1,0,1,1,1,1,1,5,6,4
22814,0:1:1;0:2:2;1:1:1;1:2:1,4,2,1,1,1,0,1,1,1,1,1,5,6,3
22815,0:1:1;0:2:2;1:1:1;1:2:1,4,3,1,1,1,0,1,1,1,1,1,5,6,1
22816,0:1:1;0:2:2;1:1:1;1:2:1,4,4,1,1,1,0,1,1,1,1,1,5,6,1
22817,0:1:1;0:2:2;1:1:1;1:2:1,4,5,1,1,1,0,1,1,1,1,1,5,6,1
22818,0:1:1;0:2:2;1:1:1;1:2:1,5,0,1,1,1,0,1,1,1,1,1,5,6,14
22819,0:1:1;0:2:2;1:1:1;1:2:1,5,1,1,1,1,0,1,1,1,1,1,5,6,4
22820,0:1:1;0:2:2;1:1:1;1:2:1,5,2,1,1,1,0,1,1,1,1,1,5,6,3
22821,0:1:1;0:2:2;1:1:1;1:2:1,5,3,1,1,1,0,1,1,1,1,1,5,6,1
22822,0:1:1;0:2:2;1:1:1;1:2:1,5,4,1,1,1,0,1,1,1,1,1,5,6,1
22823,0:1:1;0:2:2;1:1:1;1:2:1,5,5,1,1,1,0,1,1,1,1,1,5,6,1
22824,0:1:1;0:2:2;1:1:1;1:2:2,0,0,1,0,0,1,0,0,0,0,0,1,1,24
22825,0:1:1;0:2:2;1:1:1;1:2:2,0,1,1,0,0,1,0,0,0,0,0,3,6,24
22826,0:1:1;0:2:2;1:1:1;1:2:2,0,2,1,1,0,0,1,1,1,1,1,5,7,3
22827,0:1:1;0:2:2;1:1:1;1:2:2,0,3,1,1,1,0,1,1,1,1,1,5,7,1
22828,0:1:1;0:2:2;1:1:1;1:2:2,0,4,1,1,1,0,1,1,1,1,1,5,7,1
22829,0:1:1;0:2:2;1:1:1;1:2:2,0,5,1,1,1,0,1,1,1,1,1,5,7,1
22830,0:1:1;0:2:2;1:1:1;1:2:2,1,0,1,0,0,1,0,0,0,0,0,3,6,24
22831,0:1:1;0:2:2;1:1:1;1:2:2,1,1,1,1,0,1,0,0,1,0,1,6,11,5
22832,0:1:1;0:2:2;1:1:1;1:2:2,1,2,1,1,1,0,1,1,1,1,1,5,7,3
22833,0:1:1;0:2:2;1:1:1;1:2:2,1,3,1,1,1,0,1,1,1,1,1,5,7,1
22834,0:1:1;0:2:2;1:1:1;1:2:2,1,4,1,1,1,0,1,1,1,1,1,5,7,1
22835,0:1:1;0:2:2;1:1:1;1:2:2,1,5,1,1,1,0,1,1,1,1,1,5,7,1
22836,0:1:1;0:2:2;1:1:1;1:2:2,2,0,1,1,0,0,1,1,1,1,1,5,7,14
22837,0:1:1;0:2:2;1:1:1;1:2:2,2,1,1,1,1,0,1,1,1,1,1,5,7,4
22838,0:1:1;0:2:2;1:1:1;1:2:2,2,2,1,1,1,0,1,1,1,1,1,5,7,3
22839,0:1:1;0:2:2;1:1:1;1:2:2,2,3,1,1,1,0,1,1,1,1,1,5,7,1
22840,0:1:1;0:2:2;1:1:1;1:2:2,2,4,1,1,1,0,1,1,1,1,1,5,7,1
22841,0:1:1;0:2:2;1:1:1;1:2:2,2,5,1,1,1,0,1,1,1,1,1,5,7,1
22842,0:1:1;0:2:2;1:1:1;1:2:2,3,0,1,1,1,0,1,1,1,1,1,5,7,14
22843,0:1:1;0:2:2;1:1:1;1:2:2,3,1,1,1,1,0,1,1,1,1,1,5,7,4
22844,0:1:1;0:2:2;1:1:1;1:2:2,3,2,1,1,1,0,1,1,1,1,1,5,7,3
22845,0:1:1;0:2:2;1:1:1;1:2:2,3,3,1,1,1,0,1,1,1,1,1,5,7,1
22846,0:1:1;0:2:2;1:1:1;1:2:2,3,4,1,1,1,0,1,1,1,1,1,5,7,1
22847,0:1:1;0:2:2;1:1:1;1:2:2,3,5,1,1,1,0,1,1,1,1,1,5,7,1
22848,0:1:1;0:2:2;1:1:1;1:2:2,4,0,1,1,1,0,1,1,1,1,1,5,7,14
22849,0:1:1;0:2:2;1:1:1;1:2:2,4,1,1,1,1,0,1,1,1,1,1,5,7,4
22850,0:1:1;0:2:2;1:1:1;1:2:2,4,2,1,1,1,0,1,1,1,1,1,5,7,3
22851,0:1:1;0:2:2;1:1:1;1:2:2,4,3,1,1,1,0,1,1,1,1,1,5,7,1
22852,0:1:1;0:2:2;1:1:1;1:2:2,4,4,1,1,1,0,1,1,1,1,1,5,7,1
22853,0:1:1;0:2:2;1:1:1;1:2:2,4,5,1,1,1,0,1,1,1,1,1,5,7,1
22854,0:1:1;0:2:2;1:1:1;1:2:2,5,0,1,1,1,0,1,1,1,1,1,5,7,14
22855,0:1:1;0:2:2;1:1:1;1:2:2,5,1,1,1,1,0,1,1,1,1,1,5,7,4
22856,0:1:1;0:2:2;1:1:1;1:2:2,5,2,1,1,1,0,1,1,1,1,1,5,7,3
22857,0:1:1;0:2:2;1:1:1;1:2:2,5,3,1,1,1,0,1,1,1,1,1,5,7,1
22858,0:1:1;0:2:2;1:1:1;1:2:2,5,4,1,1,1,0,1,1,1,1,1,5,7,1
22859,0:1:1;0:2:2;1:1:1;1:2:2,5,5,1,1,1,0,1,1,1,1,1,5,7,1
22860,0:1:1;0:2:2;1:1:1;1:3:2,0,0,1,0,0,1,0,0,0,0,0,1,1,24
22861,0:1:1;0:2:2;1:1:1;1:3:2,0,1,1,0,0,1,0,0,0,0,0,3,6,24
22862,0:1:1;0:2:2;1:1:1;1:3:2,0,2,1,1,0,0,1,1,1,1,1,5,7,3
22863,0:1:1;0:2:2;1:1:1;1:3:2,0,3,1,1,1,0,1,1,1,1,1,5,7,1
22864,0:1:1;0:2:2;1:1:1;1:3:2,0,4,1,1,1,0,1,1,1,1,1,5,7,1
22865,0:1:1;0:2:2;1:1:1;1:3:2,0,5,1,1,1,0,1,1,1,1,1,5,7,1
22866,0:1:1;0:2:2;1:1:1;1:3:2,1,0,1,0,0,1,0,0,0,0,0,3,6,24
22867,0:1:1;0:2:2;1:1:1;1:3:2,1,1,1,1,0,1,0,0,1,1,1,6,11,5
22868,0:1:1;0:2:2;1:1:1;1:3:2,1,2,1,1,1,0,1,1,1,1,1,5,7,3
22869,0:1:1;0:2:2;1:1:1;1:3:2,1,3,1,1,1,0,1,1,1,1,1,5,7,1
22870,0:1:1;0:2:2;1:1:1;1:3:2,1,4,1,1,1,0,1,1,1,1,1,5,7,1
22871,0:1:1;0:2:2;1:1:1;1:3:2,1,5,1,1,1,0,1,1,1,1,1,5,7,1
22872,0:1:1;0:2:2;1:1:1;1:3:2,2,0,1,1,0,0,1,1,1,1,1,5,7,14
22873,0:1:1;0:2:2;1:1:1;1:3:2,2,1,1,1,1,0,1,1,1,1,1,5,7,4
22874,0:1:1;0:2:2;1:1:1;1:3:2,2,2,1,1,1,0,1,1,1,1,1,5,7,3
22875,0:1:1;0:2:2;1:1:1;1:3:2,2,3,1,1,1,0,1,1,1,1,1,5,7,1
22876,0:1:1;0:2:2;1:1:1;1:3:2,2,4,1,1,1,0,1,1,1,1,1,5,7,1
22877,0:1:1;0:2:2;1:1:1;1:3:2,2,5,1,1,1,0,1,1,1,1,1,5,7,1
22878,0:1:1;0:2:2;1:1:1;1:3:2,3,0,1,1,1,0,1,1,1,1,1,5,7,14
22879,0:1:1;0:2:2;1:1:1;1:3:2,3,1,1,1,1,0,1,1,1,1,1,5,7,4
22880,0:1:1;0:2:2;1:1:1;1:3:2,3,2,1,1,1,0,1,1,1,1,1,5,7,3
22881,0:1:1;0:2:2;1:1:1;1:3:2,3,3,1,1,1,0,1,1,1,1,1,5,7,1
22882,0:1:1;0:2:2;1:1:1;1:3:2,3,4,1,1,1,0,1,1,1,1,1,5,7,1
22883,0:1:1;0:2:2;1:1:1;1:3:2,3,5,1,1,1,0,1,1,1,1,1,5,7,1
22884,0:1:1;0:2:2;1:1:1;1:3:2,4,0,1,1,1,0,1,1,1,1,1,5,7,14
22885,0:1:1;0:2:2;1:1:1;1:3:2,4,1,1,1,1,0,1,1,1,1,1,5,7,4
22886,0:1:1;0:2:2;1:1:1;1:3:2,4,2,1,1,1,0,1,1,1,1,1,5,7,3
22887,0:1:1;0:2:2;1:1:1;1:3:2,4,3,1,1,1,0,1,1,1,1,1,5,7,1
22888,0:1:1;0:2:2;1:1:1;1:3:2,4,4,1,1,1,0,1,1,1,1,1,5,7,1
22889,0:1:1;0:2:2;1:1:1;1:3:2,4,5,1,1,1,0,1,1,1,1,1,5,7,1
22890,0:1:1;0:2:2;1:1:1;1:3:2,5,0,1,1,1,0,1,1,1,1,1,5,7,14
22891,0:1:1;0:2:2;1:1:1;1:3:2,5,1,1,1,1,0,1,1,1,1,1,5,7,4
22892,0:1:1;0:2:2;1:1:1;1:3:2,5,2,1,1,1,0,1,1,1,1,1,5,7,3
22893,0:1:1;0:2:2;1:1:1;1:3:2,5,3,1,1,1,0,1,1,1,1,1,5,7,1
22894,0:1:1;0:2:2;1:1:1;1:3:2,5,4,1,1,1,0,1,1,1,1,1,5,7,1
22895,0:1:1;0:2:2;1:1:1;1:3:2,5,5,1,1,1,0,1,1,1,1,1,5,7,1
22896,0:1:1;0:2:2;1:1:1;1:3:3,0,0,0,0,0,1,0,0,0,0,0,0,1,24
22897,0:1:1;0:2:2;1:1:1;1:3:3,0,1,0,0,0,1,0,0,0,0,0,0,6,24
22898,0:1:1;0:2:2;1:1:1;1:3:3,0,2,0,0,0,1,0,0,0,0,0,0,16,24
22899,0:1:1;0:2:2;1:1:1;1:3:3,0,3,0,0,0,1,0,0,0,0,0,0,20,24
22900,0:1:1;0:2:2;1:1:1;1:3:3,0,4,0,0,0,1,0,0,0,0,0,0,20,24
22901,0:1:1;0:2:2;1:1:1;1:3:3,0,5,0,0,0,1,0,0,0,0,0,0,20,24
22902,0:1:1;0:2:2;1:1:1;1:3:3,1,0,1,0,0,1,0,0,0,0,0,3,6,24
22903,0:1:1;0:2:2;1:1:1;1:3:3,1,1,1,0,0,1,0,0,0,0,0,5,16,24
22904,0:1:1;0:2:2;1:1:1;1:3:3,1,2,1,1,0,0,1,1,1,1,1,5,8,3
22905,0:1:1;0:2:2;1:1:1;1:3:3,1,3,1,1,1,0,1,1,1,1,1,5,8,1
22906,0:1:1;0:2:2;1:1:1;1:3:3,1,4,1,1,1,0,1,1,1,1,1,5,8,1
22907,0:1:1;0:2:2;1:1:1;1:3:3,1,5,1,1,1,0,1,1,1,1,1,5,8,1
22908,0:1:1;0:2:2;1:1:1;1:3:3,2,0,1,0,0,1,0,0,0,0,0,3,10,24
22909,0:1:1;0:2:2;1:1:1;1:3:3,2,1,1,1,0,1,0,0,1,0,1,6,14,5
22910,0:1:1;0:2:2;1:1:1;1:3:3,2,2,1,1,1,0,1,1,1,1,1,5,8,3
22911,0:1:1;0:2:2;1:1:1;1:3:3,2,3,1,1,1,0,1,1,1,1,1,5,8,1
22912,0:1:1;0:2:2;1:1:1;1:3:3,2,4,1,1,1,0,1,1,1,1,1,5,8,1
22913,0:1:1;0:2:2;1:1:1;1:3:3,2,5,1,1,1,0,1,1,1,1,1,5,8,1
22914,0:1:1;0:2:2;1:1:1;1:3:3,3,0,1,1,0,0,1,1,1,1,1,5,8,14
22915,0:1:1;0:2:2;1:1:1;1:3:3,3,1,1,1,1,0,1,1,1,1,1,5,8,4
22916,0:1:1;0:2:2;1:1:1;1:3:3,3,2,1,1,1,0,1,1,1,1,1,5,8,3
22917,0:1:1;0:2:2;1:1:1;1:3:3,3,3,1,1,1,0,1,1,1,1,1,5,8,1
22918,0:1:1;0:2:2;1:1:1;1:3:3,3,4,1,1,1,0,1,1,1,1,1,5,8,1
22919,0:1:1;0:2:2;1:1:1;1:3:3,3,5,1,1,1,0,1,1,1,1,1,5,8,1
22920,0:1:1;0:2:2;1:1:1;1:3:3,4,0,1,1,1,0,1,1,1,1,1,5,8,14
22921,0:1:1;0:2:2;1:1:1;1:3:3,4,1,1,1,1,0,1,1,1,1,1,5,8,4
22922,0:1:1;0:2:2;1:1:1;1:3:3,4,2,1,1,1,0,1,1,1,1,1,5,8,3
22923,0:1:1;0:2:2;1:1:1;1:3:3,4,3,1,1,1,0,1,1,1,1,1,5,8,1
22924,0:1:1;0:2:2;1:1:1;1:3:3,4,4,1,1,1,0,1,1,1,1,1,5,8,1
22925,0:1:1;0:2:2;1:1:1;1:3:3,4,5,1,1,1,0,1,1,1,1,1,5,8,1
22926,0:1:1;0:2:2;1:1:1;1:3:3,5,0,1,1,1,0,1,1,1,1,1,5,8,14
22927,0:1:1;0:2:2;1:1:1;1:3:3,5,1,1,1,1,0,1,1,1,1,1,5,8,4
22928,0:1:1;0:2:2;1:1:1;1:3:3,5,2,1,1,1,0,1,1,1,1,1,5,8,3
22929,0:1:1;0:2:2;1:1:1;1:3:3,5,3,1,1,1,0,1,1,1,1,1,5,8,1
22930,0:1:1;0:2:2;1:1:1;1:3:3,5,4,1,1,1,0,1,1,1,1,1,5,8,1
22931,0:1:1;0:2:2;1:1:1;1:3:3,5,5,1,1,1,0,1,1,1,1,1,5,8,1
22932,0:1:1;0:2:2;1:1:1;1:4:3,0,0,0,0,0,1,0,0,0,0,0,0,1,24
22933,0:1:1;0:2:2;1:1:1;1:4:3,0,1,0,0,0,1,0,0,0,0,0,0,6,24
22934,0:1:1;0:2:2;1:1:1;1:4:3,0,2,0,0,0,1,0,0,0,0,0,0,16,24
22935,0:1:1;0:2:2;1:1:1;1:4:3,0,3,0,0,0,1,0,0,0,0,0,0,20,24
22936,0:1:1;0:2:2;1:1:1;1:4:3,0,4,0,0,0,1,0,0,0,0,0,0,20,24
22937,0:1:1;0:2:2;1:1:1;1:4:3,0,5,0,0,0,1,0,0,0,0,0,0,20,24
22938,0:1:1;0:2:2;1:1:1;1:4:3,1,0,1,0,0,1,0,0,0,0,0,3,6,24
22939,0:1:1;0:2:2;1:1:1;1:4:3,1,1,1,0,0,1,0,0,0,0,0,5,16,24
22940,0:1:1;0:2:2;1:1:1;1:4:3,1,2,1,1,0,0,1,1,1,1,1,5,8,3
22941,0:1:1;0:2:2;1:1:1;1:4:3,1,3,1,1,1,0,1,1,1,1,1,5,8,1
22942,0:1:1;0:2:2;1:1:1;1:4:3,1,4,1,1,1,0,1,1,1,1,1,5,8,1
22943,0:1:1;0:2:2;1:1:1;1:4:3,1,5,1,1,1,0,1,1,1,1,1,5,8,1
22944,0:1:1;0:2:2;1:1:1;1:4:3,2,0,1,0,0,1,0,0,0,0,0,3,10,24
22945,0:1:1;0:2:2;1:1:1;1:4:3,2,1,1,1,0,1,0,0,1,1,1,6,14,5
22946,0:1:1;0:2:2;1:1:1;1:4:3,2,2,1,1,1,0,1,1,1,1,1,5,8,3
22947,0:1:1;0:2:2;1:1:1;1:4:3,2,3,1,1,1,0,1,1,1,1,1,5,8,1
22948,0:1:1;0:2:2;1:1:1;1:4:3,2,4,1,1,1,0,1,1,1,1,1,5,8,1
22949,0:1:1;0:2:2;1:1:1;1:4:3,2,5,1,1,1,0,1,1,1,1,1,5,8,1
22950,0:1:1;0:2:2;1:1:1;1:4:3,3,0,1,1,0,0,1,1,1,1,1,5,8,14
22951,0:1:1;0:2:2;1:1:1;1:4:3,3,1,1,1,1,0,1,1,1,1,1,5,8,4
22952,0:1:1;0:2:2;1:1:1;1:4:3,3,2,1,1,1,0,1,1,1,1,1,5,8,3
22953,0:1:1;0:2:2;1:1:1;1:4:3,3,3,1,1,1,0,1,1,1,1,1,5,8,1
22954,0:1:1;0:2:2;1:1:1;1:4:3,3,4,1,1,1,0,1,1,1,1,1,5,8,1
22955,0:1:1;0:2:2;1:1:1;1:4:3,3,5,1,1,1,0,1,1,1,1,1,5,8,1
22956,0:1:1;0:2:2;1:1:1;1:4:3,4,0,1,1,1,0,1,1,1,1,1,5,8,14
22957,0:1:1;0:2:2;1:1:1;1:4:3,4,1,1,1,1,0,1,1,1,1,1,5,8,4
22958,0:1:1;0:2:2;1:1:1;1:4:3,4,2,1,1,1,0,1,1,1,1,1,5,8,3
22959,0:1:1;0:2:2;1:1:1;1:4:3,4,3,1,1,1,0,1,1,1,1,1,5,8,1
22960,0:1:1;0:2:2;1:1:1;1:4:3,4,4,1,1,1,0,1,1,1,1,1,5,8,1
22961,0:1:1;0:2:2;1:1:1;1:4:3,4,5,1,1,1,0,1,1,1,1,1,5,8,1
22962,0:1:1;0:2:2;1:1:1;1:4:3,5,0,1,1,1,0,1,1,1,1,1,5,8,14
22963,0:1:1;0:2:2;1:1:1;1:4:3,5,1,1,1,1,0,1,1,1,1,1,5,8,4
22964,0:1:1;0:2:2;1:1:1;1:4:3,5,2,1,1,1,0,1,1,1,1,1,5,8,3
22965,0:1:1;0:2:2;1:1:1;1:4:3,5,3,1,1,1,0,1,1,1,1,1,5,8,1
22966,0:1:1;0:2:2;1:1:1;1:4:3,5,4,1,1,1,0,1,1,1,1,1,5,8,1
22967,0:1:1;0:2:2;1:1:1;1:4:3,5,5,1,1,1,0,1,1,1,1,1,5,8,1
22968,0:1:1;0:2:2;1:2:1;1:2:1,0,0,1,0,0,1,0,0,0,0,0,1,1,24
22969,0:1:1;0:2:2;1:2:1;1:2:1,0,1,1,1,0,0,1,1,1,1,1,5,6,3
22970,0:1:1;0:2:2;1:2:1;1:2:1,0,2,1,1,1,0,1,1,1,1,1,5,6,3
22971,0:1:1;0:2:2;1:2:1;1:2:1,0,3,1,1,1,0,1,1,1,1,1,5,6,1
22972,0:1:1;0:2:2;1:2:1;1:2:1,0,4,1,1,1,0,1,1,1,1,1,5,6,1
22973,0:1:1;0:2:2;1:2:1;1:2:1,0,5,1,1,1,0,1,1,1,1,1,5,6,1
22974,0:1:1;0:2:2;1:2:1;1:2:1,1,0,1,1,0,0,1,1,1,1,1,5,6,14
22975,0:1:1;0:2:2;1:2:1;1:2:1,1,1,1,1,1,0,1,1,1,1,1,5,6,3
22976,0:1:1;0:2:2;1:2:1;1:2:1,1,2,1,1,1,0,1,1,1,1,1,5,6,3
22977,0:1:1;0:2:2;1:2:1;1:2:1,1,3,1,1,1,0,1,1,1,1,1,5,6,1
22978,0:1:1;0:2:2;1:2:1;1:2:1,1,4,1,1,1,0,1,1,1,1,1,5,6,1
22979,0:1:1;0:2:2;1:2:1;1:2:1,1,5,1,1,1,0,1,1,1,1,1,5,6,1
22980,0:1:1;0:2:2;1:2:1;1:2:1,2,0,1,1,1,0,1,1,1,1,1,5,6,14
22981,0:1:1;0:2:2;1:2:1;1:2:1,2,1,1,1,1,0,1,1,1,1,1,5,6,3
22982,0:1:1;0:2:2;1:2:1;1:2:1,2,2,1,1,1,0,1,1,1,1,1,5,6,3
22983,0:1:1;0:2:2;1:2:1;1:2:1,2,3,1,1,1,0,1,1,1,1,1,5,6,1
22984,0:1:1;0:2:2;1:2:1;1:2:1,2,4,1,1,1,0,1,1,1,1,1,5,6,1
22985,0:1:1;0:2:2;1:2:1;1:2:1,2,5,1,1,1,0,1,1,1,1,1,5,6,1
22986,0:1:1;0:2:2;1:2:1;1:2:1,3,0,1,1,1,0,1,1,1,1,1,5,6,14
22987,0:1:1;0:2:2;1:2:1;1:2:1,3,1,1,1,1,0,1,1,1,1,1,5,6,3
22988,0:1:1;0:2:2;1:2:1;1:2:1,3,2,1,1,1,0,1,1,1,1,1,5,6,3
22989,0:1:1;0:2:2;1:2:1;1:2:1,3,3,1,1,1,0,1,1,1,1,1,5,6,1
22990,0:1:1;0:2:2;1:2:1;1:2:1,3,4,1,1,1,0,1,1,1,1,1,5,6,1
22991,0:1:1;0:2:2;1:2:1;1:2:1,3,5,1,1,1,0,1,1,1,1,1,5,6,1
22992,0:1:1;0:2:2;1:2:1;1:2:1,4,0,1,1,1,0,1,1,1,1,1,5,6,14
22993,0:1:1;0:2:2;1:2:1;1:2:1,4,1,1,1,1,0,1,1,1,1,1,5,6,3
22994,0:1:1;0:2:2;1:2:1;1:2:1,4,2,1,1,1,0,1,1,1,1,1,5,6,3
22995,0:1:1;0:2:2;1:2:1;1:2:1,4,3,1,1,1,0,1,1,1,1,1,5,6,1
22996,0:1:1;0:2:2;1:2:1;1:2:1,4,4,1,1,1,0,1,1,1,1,1,5,6,1
22997,0:1:1;0:2:2;1:2:1;1:2:1,4,5,1,1,1,0,1,1,1,1,1,5,6,1
22998,0:1:1;0:2:2;1:2:1;1:2:1,5,0,1,1,1,0,1,1,1,1,1,5,6,14
22999,0:1:1;0:2:2;1:2:1;1:2:1,5,1,1,1,1,0,1,1,1,1,1,5,6,3
23000,0:1:1;0:2:2;1:2:1;1:2:1,5,2,1,1,1,0,1,1,1,1,1,5,6,3
23001,0:1:1;0:2:2;1:2:1;1:2:1,5,3,1,1,1,0,1,1,1,1,1,5,6,1
23002,0:1:1;0:2:2;1:2:1;1:2:1,5,4,1,1,1,0,1,1,1,1,1,5,6,1
23003,0:1:1;0:2:2;1:2:1;1:2:1,5,5,1,1,1,0,1,1,1,1,1,5,6,1
23004,0:1:1;0:2:2;1:2:1;1:2:2,0,0,1,0,0,1,0,0,0,0,0,1,1,24
23005,0:1:1;0:2:2;1:2:1;1:2:2,0,1,1,1,0,0,1,1,1,1,1,5,7,3
23006,0:1:1;0:2:2;1:2:1;1:2:2,0,2,1,1,0,0,1,1,1,1,1,5,7,3
23007,0:1:1;0:2:2;1:2:1;1:2:2,0,3,1,1,1,0,1,1,1,1,1,5,7,1
23008,0:1:1;0:2:2;1:2:1;1:2:2,0,4,1,1,1,0,1,1,1,1,1,5,7,1
23009,0:1:1;0:2:2;1:2:1;1:2:2,0,5,1,1,1,0,1,1,1,1,1,5,7,1
23010,0:1:1;0:2:2;1:2:1;1:2:2,1,0,1,1,0,1,0,0,1,0,1,6,11,16
23011,0:1:1;0:2:2;1:2:1;1:2:2,1,1,1,1,0,0,1,1,1,1,1,5,7,3
23012,0:1:1;0:2:2;1:2:1;1:2:2,1,2,1,1,1,0,1,1,1,1,1,5,7,3
23013,0:1:1;0:2:2;1:2:1;1:2:2,1,3,1,1,1,0,1,1,1,1,1,5,7,1
23014,0:1:1;0:2:2;1:2:1;1:2:2,1,4,1,1,1,0,1,1,1,1,1,5,7,1
23015,0:1:1;0:2:2;1:2:1;1:2:2,1,5,1,1,1,0,1,1,1,1,1,5,7,1
23016,0:1:1;0:2:2;1:2:1;1:2:2,2,0,1,1,0,0,1,1,1,1,1,5,7,14
23017,0:1:1;0:2:2;1:2:1;1:2:2,2,1,1,1,1,0,1,1,1,1,1,5,7,3
23018,0:1:1;0:2:2;1:2:1;1:2:2,2,2,1,1,1,0,1,1,1,1,1,5,7,3
23019,0:1:1;0:2:2;1:2:1;1:2:2,2,3,1,1,1,0,1,1,1,1,1,5,7,1
23020,0:1:1;0:2:2;1:2:1;1:2:2,2,4,1,1,1,0,1,1,1,1,1,5,7,1
23021,0:1:1;0:2:2;1:2:1;1:2:2,2,5,1,1,1,0,1,1,1,1,1,5,7,1
23022,0:1:1;0:2:2;1:2:1;1:2:2,3,0,1,1,1,0,1,1,1,1,1,5,7,14
23023,0:1:1;0:2:2;1:2:1;1:2:2,3,1,1,1,1,0,1,1,1,1,1,5,7,3
23024,0:1:1;0:2:2;1:2:1;1:2:2,3,2,1,1,1,0,1,1,1,1,1,5,7,3
23025,0:1:1;0:2:2;1:2:1;1:2:2,3,3,1,1,1,0,1,1,1,1,1,5,7,1
23026,0:1:1;0:2:2;1:2:1;1:2:2,3,4,1,1,1,0,1,1,1,1,1,5,7,1
23027,0:1:1;0:2:2;1:2:1;1:2:2,3,5,1,1,1,0,1,1,1,1,1,5,7,1
23028,0:1:1;0:2:2;1:2:1;1:2:2,4,0,1,1,1,0,1,1,1,1,1,5,7,14
23029,0:1:1;0:2:2;1:2:1;1:2:2,4,1,1,1,1,0,1,1,1,1,1,5,7,3
23030,0:1:1;0:2:2;1:2:1;1:2:2,4,2,1,1,1,0,1,1,1,1,1,5,7,3
23031,0:1:1;0:2:2;1:2:1;1:2:2,4,3,1,1,1,0,1,1,1,1,1,5,7,1
23032,0:1:1;0:2:2;1:2:1;1:2:2,4,4,1,1,1,0,1,1,1,1,1,5,7,1
23033,0:1:1;0:2:2;1:2:1;1:2:2,4,5,1,1,1,0,1,1,1,1,1,5,7,1
23034,0:1:1;0:2:2;1:2:1;1:2:2,5,0,1,1,1,0,1,1,1,1,1,5,7,14
23035,0:1:1;0:2:2;1:2:1;1:2:2,5,1,1,1,1,0,1,1,1,1,1,5,7,3
23036,0:1:1;0:2:2;1:2:1;1:2:2,5,2,1,1,1,0,1,1,1,1,1,5,7,3
23037,0:1:1;0:2:2;1:2:1;1:2:2,5,3,1,1,1,0,1,1,1,1,1,5,7,1
23038,0:1:1;0:2:2;1:2:1;1:2:2,5,4,1,1,1,0,1,1,1,1,1,5,7,1
23039,0:1:1;0:2:2;1:2:1;1:2:2,5,5,1,1,1,0,1,1,1,1,1,5,7,1
23040,0:1:1;0:2:2;1:2:1;1:3:2,0,0,1,0,0,1,0,0,0,0,0,1,1,24
23041,0:1:1;0:2:2;1:2:1;1:3:2,0,1,1,1,0,0,1,1,1,1,1,5,7,3
23042,0:1:1;0:2:2;1:2:1;1:3:2,0,2,1,1,0,0,1,1,1,1,1,5,7,3
23043,0:1:1;0:2:2;1:2:1;1:3:2,0,3,1,1,1,0,1,1,1,1,1,5,7,1
23044,0:1:1;0:2:2;1:2:1;1:3:2,0,4,1,1,1,0,1,1,1,1,1,5,7,1
23045,0:1:1;0:2:2;1:2:1;1:3:2,0,5,1,1,1,0,1,1,1,1,1,5,7,1
23046,0:1:1;0:2:2;1:2:1;1:3:2,1,0,1,1,0,1,0,0,1,0,1,6,11,16
23047,0:1:1;0:2:2;1:2:1;1:3:2,1,1,1,1,0,0,1,1,1,1,1,5,7,3
23048,0:1:1;0:2:2;1:2:1;1:3:2,1,2,1,1,1,0,1,1,1,1,1,5,7,3
23049,0:1:1;0:2:2;1:2:1;1:3:2,1,3,1,1,1,0,1,1,1,1,1,5,7,1
23050,0:1:1;0:2:2;1:2:1;1:3:2,1,4,1,1,1,0,1,1,1,1,1,5,7,1
23051,0:1:1;0:2:2;1:2:1;1:3:2,1,5,1,1,1,0,1,1,1,1,1,5,7,1
23052,0:1:1;0:2:2;1:2:1;1:3:2,2,0,1,1,0,0,1,1,1,1,1,5,7,14
23053,0:1:1;0:2:2;1:2:1;1:3:2,2,1,1,1,1,0,1,1,1,1,1,5,7,3
23054,0:1:1;0:2:2;1:2:1;1:3:2,2,2,1,1,1,0,1,1,1,1,1,5,7,3
23055,0:1:1;0:2:2;1:2:1;1:3:2,2,3,1,1,1,0,1,1,1,1,1,5,7,1
23056,0:1:1;0:2:2;1:2:1;1:3:2,2,4,1,1,1,0,1,1,1,1,1,5,7,1
23057,0:1:1;0:2:2;1:2:1;1:3:2,2,5,1,1,1,0,1,1,1,1,1,5,7,1
23058,0:1:1;0:2:2;1:2:1;1:3:2,3,0,1,1,1,0,1,1,1,1,1,5,7,14
23059,0:1:1;0:2:2;1:2:1;1:3:2,3,1,1,1,1,0,1,1,1,1,1,5,7,3
23060,0:1:1;0:2:2;1:2:1;1:3:2,3,2,1,1,1,0,1,1,1,1,1,5,7,3
23061,0:1:1;0:2:2;1:2:1;1:3:2,3,3,1,1,1,0,1,1,1,1,1,5,7,1
23062,0:1:1;0:2:2;1:2:1;1:3:2,3,4,1,1,1,0,1,1,1,1,1,5,7,1
23063,0:1:1;0:2:2;1:2:1;1:3:2,3,5,1,1,1,0,1,1,1,1,1,5,7,1
23064,0:1:1;0:2:2;1:2:1;1:3:2,4,0,1,1,1,0,1,1,1,1,1,5,7,14
23065,0:1:1;0:2:2;1:2:1;1:3:2,4,1,1,1,1,0,1,1,1,1,1,5,7,3
23066,0:1:1;0:2:2;1:2:1;1:3:2,4,2,1,1,1,0,1,1,1,1,1,5,7,3
23067,0:1:1;0:2:2;1:2:1;1:3:2,4,3,1,1,1,0,1,1,1,1,1,5,7,1
23068,0:1:1;0:2:2;1:2:1;1:3:2,4,4,1,1,1,0,1,1,1,1,1,5,7,1
23069,0:1:1;0:2:2;1:2:1;1:3:2,4,5,1,1,1,0,1,1,1,1,1,5,7,1
23070,0:1:1;0:2:2;1:2:1;1:3:2,5,0,1,1,1,0,1,1,1,1,1,5,7,14
23071,0:1:1;0:2:2;1:2:1;1:3:2,5,1,1,1,1,0,1,1,1,1,1,5,7,3
23072,0:1:1;0:2:2;1:2:1;1:3:2,5,2,1,1,1,0,1,1,1,1,1,5,7,3
23073,0:1:1;0:2:2;1:2:1;1:3:2,5,3,1,1,1,0,1,1,1,1,1,5,7,1
23074,0:1:1;0:2:2;1:2:1;1:3:2,5,4,1,1,1,0,1,1,1,1,1,5,7,1
23075,0:1:1;0:2:2;1:2:1;1:3:2,5,5,1,1,1,0,1,1,1,1,1,5,7,1
23076,0:1:1;0:2:2;1:2:1;1:3:3,0,0,0,0,0,1,0,0,0,0,0,0,1,24
23077,0:1:1;0:2:2;1:2:1;1:3:3,0,1,0,0,0,1,0,0,0,0,0,0,9,24
23078,0:1:1;0:2:2;1:2:1;1:3:3,0,2,0,0,0,1,0,0,0,0,0,0,16,24
23079,0:1:1;0:2:2;1:2:1;1:3:3,0,3,0,0,0,1,0,0,0,0,0,0,20,24
23080,0:1:1;0:2:2;1:2:1;1:3:3,0,4,0,0,0,1,0,0,0,0,0,0,20,24
23081,0:1:1;0:2:2;1:2:1;1:3:3,0,5,0,0,0,1,0,0,0,0,0,0,20,24
23082,0:1:1;0:2:2;1:2:1;1:3:3,1,0,1,0,0,1,0,0,0,0,0,4,11,24
23083,0:1:1;0:2:2;1:2:1;1:3:3,1,1,1,1,0,0,1,1,1,1,1,5,8,3
23084,0:1:1;0:2:2;1:2:1;1:3:3,1,2,1,1,0,0,1,1,1,1,1,5,8,3
23085,0:1:1;0:2:2;1:2:1;1:3:3,1,3,1,1,1,0,1,1,1,1,1,5,8,1
23086,0:1:1;0:2:2;1:2:1;1:3:3,1,4,1,1,1,0,1,1,1,1,1,5,8,1
23087,0:1:1;0:2:2;1:2:1;1:3:3,1,5,1,1,1,0,1,1,1,1,1,5,8,1
23088,0:1:1;0:2:2;1:2:1;1:3:3,2,0,1,1,0,1,0,0,1,0,1,6,14,16
23089,0:1:1;0:2:2;1:2:1;1:3:3,2,1,1,1,0,0,1,1,1,1,1,5,8,3
23090,0:1:1;0:2:2;1:2:1;1:3:3,2,2,1,1,1,0,1,1,1,1,1,5,8,3
23091,0:1:1;0:2:2;1:2:1;1:3:3,2,3,1,1,1,0,1,1,1,1,1,5,8,1
23092,0:1:1;0:2:2;1:2:1;1:3:3,2,4,1,1,1,0,1,1,1,1,1,5,8,1
23093,0:1:1;0:2:2;1:2:1;1:3:3,2,5,1,1,1,0,1,1,1,1,1,5,8,1
23094,0:1:1;0:2:2;1:2:1;1:3:3,3,0,1,1,0,0,1,1,1,1,1,5,8,14
23095,0:1:1;0:2:2;1:2:1;1:3:3,3,1,1,1,1,0,1,1,1,1,1,5,8,3
23096,0:1:1;0:2:2;1:2:1;1:3:3,3,2,1,1,1,0,1,1,1,1,1,5,8,3
23097,0:1:1;0:2:2;1:2:1;1:3:3,3,3,1,1,1,0,1,1,1,1,1,5,8,1
23098,0:1:1;0:2:2;1:2:1;1:3:3,3,4,1,1,1,0,1,1,1,1,1,5,8,1
23099,0:1:1;0:2:2;1:2:1;1:3:3,3,5,1,1,1,0,1,1,1,1,1,5,8,1
23100,0:1:1;0:2:2;1:2:1;1:3:3,4,0,1,1,1,0,1,1,1,1,1,5,8,14
23101,0:1:1;0:2:2;1:2:1;1:3:3,4,1,1,1,1,0,1,1,1,1,1,5,8,3
23102,0:1:1;0:2:2;1:2:1;1:3:3,4,2,1,1,1,0,1,1,1,1,1,5,8,3
23103,0:1:1;0:2:2;1:2:1;1:3:3,4,3,1,1,1,0,1,1,1,1,1,5,8,1
23104,0:1:1;0:2:2;1:2:1;1:3:3,4,4,1,1,1,0,1,1,1,1,1,5,8,1
23105,0:1:1;0:2:2;1:2:1;1:3:3,4,5,1,1,1,0,1,1,1,1,1,5,8,1
23106,0:1:1;0:2:2;1:2:1;1:3:3,5,0,1,1,1,0,1,1,1,1,1,5,8,14
23107,0:1:1;0:2:2;1:2:1;1:3:3,5,1,1,1,1,0,1,1,1,1,1,5,8,3
23108,0:1:1;0:2:2;1:2:1;1:3:3,5,2,1,1,1,0,1,1,1,1,1,5,8,3
23109,0:1:1;0:2:2;1:2:1;1:3:3,5,3,1,1,1,0,1,1,1,1,1,5,8,1
23110,0:1:1;0:2:2;1:2:1;1:3:3,5,4,1,1,1,0,1,1,1,1,1,5,8,1
23111,0:1:1;0:2:2;1:2:1;1:3:3,5,5,1,1,1,0,1,1,1,1,1,5,8,1
23112,0:1:1;0:2:2;1:2:1;1:4:3,0,0,0,0,0,1,0,0,0,0,0,0,1,24
23113,0:1:1;0:2:2;1:2:1;1:4:3,0,1,0,0,0,1,0,0,0,0,0,0,9,24
23114,0:1:1;0:2:2;1:2:1;1:4:3,0,2,0,0,0,1,0,0,0,0,0,0,16,24
23115,0:1:1;0:2:2;1:2:1;1:4:3,0,3,0,0,0,1,0,0,0,0,0,0,20,24
23116,0:1:1;0:2:2;1:2:1;1:4:3,0,4,0,0,0,1,0,0,0,0,0,0,20,24
23117,0:1:1;0:2:2;1:2:1;1:4:3,0,5,0,0,0,1,0,0,0,0,0,0,20,24
23118,0:1:1;0:2:2;1:2:1;1:4:3,1,0,1,0,0,1,0,0,0,0,0,4,11,24
23119,0:1:1;0:2:2;1:2:1;1:4:3,1,1,1,1,0,0,1,1,1,1,1,5,8,3
23120,0:1:1;0:2:2;1:2:1;1:4:3,1,2,1,1,0,0,1,1,1,1,1,5,8,3
23121,0:1:1;0:2:2;1:2:1;1:4:3,1,3,1,1,1,0,1,1,1,1,1,5,8,1
23122,0:1:1;0:2:2;1:2:1;1:4:3,1,4,1,1,1,0,1,1,1,1,1,5,8,1
23123,0:1:1;0:2:2;1:2:1;1:4:3,1,5,1,1,1,0,1,1,1,1,1,5,8,1
23124,0:1:1;0:2:2;1:2:1;1:4:3,2,0,1,1,0,1,0,0,1,0,1,6,14,16
23125,0:1:1;0:2:2;1:2:1;1:4:3,2,1,1,1,0,0,1,1,1,1,1,5,8,3
23126,0:1:1;0:2:2;1:2:1;1:4:3,2,2,1,1,1,0,1,1,1,1,1,5,8,3
23127,0:1:1;0:2:2;1:2:1;1:4:3,2,3,1,1,1,0,1,1,1,1,1,5,8,1
23128,0:1:1;0:2:2;1:2:1;1:4:3,2,4,1,1,1,0,1,1,1,1,1,5,8,1
23129,0:1:1;0:2:2;1:2:1;1:4:3,2,5,1,1,1,0,1,1,1,1,1,5,8,1
23130,0:1:1;0:2:2;1:2:1;1:4:3,3,0,1,1,0,0,1,1,1,1,1,5,8,14
23131,0:1:1;0:2:2;1:2:1;1:4:3,3,1,1,1,1,0,1,1,1,1,1,5,8,3
23132,0:1:1;0:2:2;1:2:1;1:4:3,3,2,1,1,1,0,1,1,1,1,1,5,8,3
23133,0:1:1;0:2:2;1:2:1;1:4:3,3,3,1,1,1,0,1,1,1,1,1,5,8,1
23134,0:1:1;0:2:2;1:2:1;1:4:3,3,4,1,1,1,0,1,1,1,1,1,5,8,1
23135,0:1:1;0:2:2;1:2:1;1:4:3,3,5,1,1,1,0,1,1,1,1,1,5,8,1
23136,0:1:1;0:2:2;1:2:1;1:4:3,4,0,1,1,1,0,1,1,1,1,1,5,8,14
23137,0:1:1;0:2:2;1:2:1;1:4:3,4,1,1,1,1,0,1,1,1,1,1,5,8,3
23138,0:1:1;0:2:2;1:2:1;1:4:3,4,2,1,1,1,0,1,1,1,1,1,5,8,3
23139,0:1:1;0:2:2;1:2:1;1:4:3,4,3,1,1,1,0,1,1,1,1,1,5,8,1
23140,0:1:1;0:2:2;1:2:1;1:4:3,4,4,1,1,1,0,1,1,1,1,1,5,8,1
23141,0:1:1;0:2:2;1:2:1;1:4:3,4,5,1,1,1,0,1,1,1,1,1,5,8,1
23142,0:1:1;0:2:2;1:2:1;1:4:3,5,0,1,1,1,0,1,1,1,1,1,5,8,14
23143,0:1:1;0:2:2;1:2:1;1:4:3,5,1,1,1,1,0,1,1,1,1,1,5,8,3
23144,0:1:1;0:2:2;1:2:1;1:4:3,5,2,1,1,1,0,1,1,1,1,1,5,8,3
23145,0:1:1;0:2:2;1:2:1;1:4:3,5,3,1,1,1,0,1,1,1,1,1,5,8,1
23146,0:1:1;0:2:2;1:2:1;1:4:3,5,4,1,1,1,0,1,1,1,1,1,5,8,1
23147,0:1:1;0:2:2;1:2:1;1:4:3,5,5,1,1,1,0,1,1,1,1,1,5,8,1
23148,0:1:1;0:2:2;1:2:2;1:2:2,0,0,0,0,0,1,0,0,0,0,0,0,1,24
23149,0:1:1;0:2:2;1:2:2;1:2:2,0,1,0,0,0,1,0,0,0,0,0,0,5,24
23150,0:1:1;0:2:2;1:2:2;1:2:2,0,2,0,0,0,1,0,0,0,0,0,0,18,24
23151,0:1:1;0:2:2;1:2:2;1:2:2,0,3,0,0,0,1,0,0,0,0,0,0,22,24
23152,0:1:1;0:2:2;1:2:2;1:2:2,0,4,0,0,0,1,0,0,0,0,0,0,22,24
23153,0:1:1;0:2:2;1:2:2;1:2:2,0,5,0,0,0,1,0,0,0,0,0,0,22,24
23154,0:1:1;0:2:2;1:2:2;1:2:2,1,0,1,0,0,1,0,0,0,0,0,1,3,24
23155,0:1:1;0:2:2;1:2:2;1:2:2,1,1,1,1,0,0,1,1,1,1,1,5,8,3
23156,0:1:1;0:2:2;1:2:2;1:2:2,1,2,1,1,1,0,1,1,1,1,1,5,8,3
23157,0:1:1;0:2:2;1:2:2;1:2:2,1,3,1,1,1,0,1,1,1,1,1,5,8,1
23158,0:1:1;0:2:2;1:2:2;1:2:2,1,4,1,1,1,0,1,1,1,1,1,5,8,1
23159,0:1:1;0:2:2;1:2:2;1:2:2,1,5,1,1,1,0,1,1,1,1,1,5,8,1
23160,0:1:1;0:2:2;1:2:2;1:2:2,2,0,1,1,0,1,0,0,1,0,1,6,12,16
23161,0:1:1;0:2:2;1:2:2;1:2:2,2,1,1,1,1,0,1,1,1,1,1,5,8,3
23162,0:1:1;0:2:2;1:2:2;1:2:2,2,2,1,1,1,0,1,1,1,1,1,5,8,3
23163,0:1:1;0:2:2;1:2:2;1:2:2,2,3,1,1,1,0,1,1,1,1,1,5,8,1
23164,0:1:1;0:2:2;1:2:2;1:2:2,2,4,1,1,1,0,1,1,1,1,1,5,8,1
23165,0:1:1;0:2:2;1:2:2;1:2:2,2,5,1,1,1,0,1,1,1,1,1,5,8,1
23166,0:1:1;0:2:2;1:2:2;1:2:2,3,0,1,1,1,0,1,1,1,1,1,5,8,14
23167,0:1:1;0:2:2;1:2:2;1:2:2,3,1,1,1,1,0,1,1,1,1,1,5,8,3
23168,0:1:1;0:2:2;1:2:2;1:2:2,3,2,1,1,1,0,1,1,1,1,1,5,8,3
23169,0:1:1;0:2:2;1:2:2;1:2:2,3,3,1,1,1,0,1,1,1,1,1,5,8,1
23170,0:1:1;0:2:2;1:2:2;1:2:2,3,4,1,1,1,0,1,1,1,1,1,5,8,1
23171,0:1:1;0:2:2;1:2:2;1:2:2,3,5,1,1,1,0,1,1,1,1,1,5,8,1
23172,0:1:1;0:2:2;1:2:2;1:2:2,4,0,1,1,1,0,1,1,1,1,1,5,8,14
23173,0:1:1;0:2:2;1:2:2;1:2:2,4,1,1,1,1,0,1,1,1,1,1,5,8,3
23174,0:1:1;0:2:2;1:2:2;1:2:2,4,2,1,1,1,0,1,1,1,1,1,5,8,3
23175,0:1:1;0:2:2;1:2:2;1:2:2,4,3,1,1,1,0,1,1,1,1,1,5,8,1
23176,0:1:1;0:2:2;1:2:2;1:2:2,4,4,1,1,1,0,1,1,1,1,1,5,8,1
23177,0:1:1;0:2:2;1:2:2;1:2:2,4,5,1,1,1,0,1,1,1,1,1,5,8,1
23178,0:1:1;0:2:2;1:2:2;1:2:2,5,0,1,1,1,0,1,1,1,1,1,5,8,14
23179,0:1:1;0:2:2;1:2:2;1:2:2,5,1,1,1,1,0,1,1,1,1,1,5,8,3
23180,0:1:1;0:2:2;1:2:2;1:2:2,5,2,1,1,1,0,1,1,1,1,1,5,8,3
23181,0:1:1;0:2:2;1:2:2;1:2:2,5,3,1,1,1,0,1,1,1,1,1,5,8,1
23182,0:1:1;0:2:2;1:2:2;1:2:2,5,4,1,1,1,0,1,1,1,1,1,5,8,1
23183,0:1:1;0:2:2;1:2:2;1:2:2,5,5,1,1,1,0,1,1,1,1,1,5,8,1
23184,0:1:1;0:2:2;1:2:2;1:3:2,0,0,0,0,0,1,0,0,0,0,0,0,1,24
23185,0:1:1;0:2:2;1:2:2;1:3:2,0,1,0,0,0,1,0,0,0,0,0,0,5,24
23186,0:1:1;0:2:2;1:2:2;1:3:2,0,2,0,0,0,1,0,0,0,0,0,0,18,24
23187,0:1:1;0:2:2;1:2:2;1:3:2,0,3,0,0,0,1,0,0,0,0,0,0,22,24
23188,0:1:1;0:2:2;1:2:2;1:3:2,0,4,0,0,0,1,0,0,0,0,0,0,22,24
23189,0:1:1;0:2:2;1:2:2;1:3:2,0,5,0,0,0,1,0,0,0,0,0,0,22,24
23190,0:1:1;0:2:2;1:2:2;1:3:2,1,0,1,0,0,1,0,0,0,0,0,1,3,24
23191,0:1:1;0:2:2;1:2:2;1:3:2,1,1,1,1,0,0,1,1,1,1,1,5,8,3
23192,0:1:1;0:2:2;1:2:2;1:3:2,1,2,1,1,1,0,1,1,1,1,1,5,8,3
23193,0:1:1;0:2:2;1:2:2;1:3:2,1,3,1,1,1,0,1,1,1,1,1,5,8,1
23194,0:1:1;0:2:2;1:2:2;1:3:2,1,4,1,1,1,0,1,1,1,1,1,5,8,1
23195,0:1:1;0:2:2;1:2:2;1:3:2,1,5,1,1,1,0,1,1,1,1,1,5,8,1
23196,0:1:1;0:2:2;1:2:2;1:3:2,2,0,1,1,0,1,0,0,1,1,1,6,12,16
23197,0:1:1;0:2:2;1:2:2;1:3:2,2,1,1,1,1,0,1,1,1,1,1,5,8,3
23198,0:1:1;0:2:2;1:2:2;1:3:2,2,2,1,1,1,0,1,1,1,1,1,5,8,3
23199,0:1:1;0:2:2;1:2:2;1:3:2,2,3,1,1,1,0,1,1,1,1,1,5,8,1
23200,0:1:1;0:2:2;1:2:2;1:3:2,2,4,1,1,1,0,1,1,1,1,1,5,8,1
23201,0:1:1;0:2:2;1:2:2;1:3:2,2,5,1,1,1,0,1,1,1,1,1,5,8,1
23202,0:1:1;0:2:2;1:2:2;1:3:2,3,0,1,1,1,0,1,1,1,1,1,5,8,14
23203,0:1:1;0:2:2;1:2:2;1:3:2,3,1,1,1,1,0,1,1,1,1,1,5,8,3
23204,0:1:1;0:2:2;1:2:2;1:3:2,3,2,1,1,1,0,1,1,1,1,1,5,8,3
23205,0:1:1;0:2:2;1:2:2;1:3:2,3,3,1,1,1,0,1,1,1,1,1,5,8,1
23206,0:1:1;0:2:2;1:2:2;1:3:2,3,4,1,1,1,0,1,1,1,1,1,5,8,1
23207,0:1:1;0:2:2;1:2:2;1:3:2,3,5,1,1,1,0,1,1,1,1,1,5,8,1
23208,0:1:1;0:2:2;1:2:2;1:3:2,4,0,1,1,1,0,1,1,1,1,1,5,8,14
23209,0:1:1;0:2:2;1:2:2;1:3:2,4,1,1,1,1,0,1,1,1,1,1,5,8,3
23210,0:1:1;0:2:2;1:2:2;1:3:2,4,2,1,1,1,0,1,1,1,1,1,5,8,3
23211,0:1:1;0:2:2;1:2:2;1:3:2,4,3,1,1,1,0,1,1,1,1,1,5,8,1
23212,0:1:1;0:2:2;1:2:2;1:3:2,4,4,1,1,1,0,1,1,1,1,1,5,8,1
23213,0:1:1;0:2:2;1:2:2;1:3:2,4,5,1,1,1,0,1,1,1,1,1,5,8,1
23214,0:1:1;0:2:2;1:2:2;1:3:2,5,0,1,1,1,0,1,1,1,1,1,5,8,14
23215,0:1:1;0:2:2;1:2:2;1:3:2,5,1,1,1,1,0,1,1,1,1,1,5,8,3
23216,0:1:1;0:2:2;1:2:2;1:3:2,5,2,1,1,1,0,1,1,1,1,1,5,8,3
23217,0:1:1;0:2:2;1:2:2;1:3:2,5,3,1,1,1,0,1,1,1,1,1,5,8,1
23218,0:1:1;0:2:2;1:2:2;1:3:2,5,4,1,1,1,0,1,1,1,1,1,5,8,1
23219,0:1:1;0:2:2;1:2:2;1:3:2,5,5,1,1,1,0,1,1,1,1,1,5,8,1
23220,0:1:1;0:2:2;1:2:2;1:3:3,0,0,0,0,0,1,0,0,0,0,0,0,1,24
23221,0:1:1;0:2:2;1:2:2;1:3:3,0,1,0,0,0,1,0,0,0,0,0,0,5,24
23222,0:1:1;0:2:2;1:2:2;1:3:3,0,2,0,0,0,1,0,0,0,0,0,0,16,24
23223,0:1:1;0:2:2;1:2:2;1:3:3,0,3,0,0,0,1,0,0,0,0,0,0,23,24
23224,0:1:1;0:2:2;1:2:2;1:3:3,0,4,0,0,0,1,0,0,0,0,0,0,23,24
23225,0:1:1;0:2:2;1:2:2;1:3:3,0,5,0,0,0,1,0,0,0,0,0,0,23,24
23226,0:1:1;0:2:2;1:2:2;1:3:3,1,0,0,0,0,1,0,0,0,0,0,0,3,24
23227,0:1:1;0:2:2;1:2:2;1:3:3,1,1,0,0,0,1,0,0,0,0,0,0,16,24
23228,0:1:1;0:2:2;1:2:2;1:3:3,1,2,0,0,0,1,0,0,0,0,0,0,32,24
23229,0:1:1;0:2:2;1:2:2;1:3:3,1,3,0,0,0,1,0,0,0,0,0,0,38,24
23230,0:1:1;0:2:2;1:2:2;1:3:3,1,4,0,0,0,1,0,0,0,0,0,0,38,24
23231,0:1:1;0:2:2;1:2:2;1:3:3,1,5,0,0,0,1,0,0,0,0,0,0,38,24
23232,0:1:1;0:2:2;1:2:2;1:3:3,2,0,1,0,0,1,0,0,0,0,0,4,14,24
23233,0:1:1;0:2:2;1:2:2;1:3:3,2,1,1,1,0,0,1,1,1,1,1,5,9,3
23234,0:1:1;0:2:2;1:2:2;1:3:3,2,2,1,1,1,0,1,1,1,1,1,5,9,3
23235,0:1:1;0:2:2;1:2:2;1:3:3,2,3,1,1,1,0,1,1,1,1,1,5,9,1
23236,0:1:1;0:2:2;1:2:2;1:3:3,2,4,1,1,1,0,1,1,1,1,1,5,9,1
23237,0:1:1;0:2:2;1:2:2;1:3:3,2,5,1,1,1,0,1,1,1,1,1,5,9,1
23238,0:1:1;0:2:2;1:2:2;1:3:3,3,0,1,1,0,1,0,0,1,0,1,6,15,16
23239,0:1:1;0:2:2;1:2:2;1:3:3,3,1,1,1,1,0,1,1,1,1,1,5,9,3
23240,0:1:1;0:2:2;1:2:2;1:3:3,3,2,1,1,1,0,1,1,1,1,1,5,9,3
23241,0:1:1;0:2:2;1:2:2;1:3:3,3,3,1,1,1,0,1,1,1,1,1,5,9,1
23242,0:1:1;0:2:2;1:2:2;1:3:3,3,4,1,1,1,0,1,1,1,1,1,5,9,1
23243,0:1:1;0:2:2;1:2:2;1:3:3,3,5,1,1,1,0,1,1,1,1,1,5,9,1
23244,0:1:1;0:2:2;1:2:2;1:3:3,4,0,1,1,1,0,1,1,1,1,1,5,9,14
23245,0:1:1;0:2:2;1:2:2;1:3:3,4,1,1,1,1,0,1,1,1,1,1,5,9,3
23246,0:1:1;0:2:2;1:2:2;1:3:3,4,2,1,1,1,0,1,1,1,1,1,5,9,3
23247,0:1:1;0:2:2;1:2:2;1:3:3,4,3,1,1,1,0,1,1,1,1,1,5,9,1
23248,0:1:1;0:2:2;1:2:2;1:3:3,4,4,1,1,1,0,1,1,1,1,1,5,9,1
23249,0:1:1;0:2:2;1:2:2;1:3:3,4,5,1,1,1,0,1,1,1,1,1,5,9,1
23250,0:1:1;0:2:2;1:2:2;1:3:3,5,0,1,1,1,0,1,1,1,1,1,5,9,14
23251,0:1:1;0:2:2;1:2:2;1:3:3,5,1,1,1,1,0,1,1,1,1,1,5,9,3
23252,0:1:1;0:2:2;1:2:2;1:3:3,5,2,1,1,1,0,1,1,1,1,1,5,9,3
23253,0:1:1;0:2:2;1:2:2;1:3:3,5,3,1,1,1,0,1,1,1,1,1,5,9,1
23254,0:1:1;0:2:2;1:2:2;1:3:3,5,4,1,1,1,0,1,1,1,1,1,5,9,1
23255,0:1:1;0:2:2;1:2:2;1:3:3,5,5,1,1,1,0,1,1,1,1,1,5,9,1
23256,0:1:1;0:2:2;1:2:2;1:4:3,0,0,0,0,0,1,0,0,0,0,0,0,1,24
23257,0:1:1;0:2:2;1:2:2;1:4:3,0,1,0,0,0,1,0,0,0,0,0,0,5,24
23258,0:1:1;0:2:2;1:2:2;1:4:3,0,2,0,0,0,1,0,0,0,0,0,0,16,24
23259,0:1:1;0:2:2;1:2:2;1:4:3,0,3,0,0,0,1,0,0,0,0,0,0,23,24
23260,0:1:1;0:2:2;1:2:2;1:4:3,0,4,0,0,0,1,0,0,0,0,0,0,23,24
23261,0:1:1;0:2:2;1:2:2;1:4:3,0,5,0,0,0,1,0,0,0,0,0,0,23,24
23262,0:1:1;0:2:2;1:2:2;1:4:3,1,0,0,0,0,1,0,0,0,0,0,0,3,24
23263,0:1:1;0:2:2;1:2:2;1:4:3,1,1,0,0,0,1,0,0,0,0,0,0,16,24
23264,0:1:1;0:2:2;1:2:2;1:4:3,1,2,0,0,0,1,0,0,0,0,0,0,32,24
23265,0:1:1;0:2:2;1:2:2;1:4:3,1,3,0,0,0,1,0,0,0,0,0,0,38,24
23266,0:1:1;0:2:2;1:2:2;1:4:3,1,4,0,0,0,1,0,0,0,0,0,0,38,24
23267,0:1:1;0:2:2;1:2:2;1:4:3,1,5,0,0,0,1,0,0,0,0,0,0,38,24
23268,0:1:1;0:2:2;1:2:2;1:4:3,2,0,1,0,0,1,0,0,0,0,0,4,14,24
23269,0:1:1;0:2:2;1:2:2;1:4:3,2,1,1,1,0,0,1,1,1,1,1,5,9,3
23270,0:1:1;0:2:2;1:2:2;1:4:3,2,2,1,1,1,0,1,1,1,1,1,5,9,3
23271,0:1:1;0:2:2;1:2:2;1:4:3,2,3,1,1,1,0,1,1,1,1,1,5,9,1
23272,0:1:1;0:2:2;1:2:2;1:4:3,2,4,1,1,1,0,1,1,1,1,1,5,9,1
23273,0:1:1;0:2:2;1:2:2;1:4:3,2,5,1,1,1,0,1,1,1,1,1,5,9,1
23274,0:1:1;0:2:2;1:2:2;1:4:3,3,0,1,1,0,1,0,0,1,1,1,6,15,16
23275,0:1:1;0:2:2;1:2:2;1:4:3,3,1,1,1,1,0,1,1,1,1,1,5,9,3
23276,0:1:1;0:2:2;1:2:2;1:4:3,3,2,1,1,1,0,1,1,1,1,1,5,9,3
23277,0:1:1;0:2:2;1:2:2;1:4:3,3,3,1,1,1,0,1,1,1,1,1,5,9,1
23278,0:1:1;0:2:2;1:2:2;1:4:3,3,4,1,1,1,0,1,1,1,1,1,5,9,1
23279,0:1:1;0:2:2;1:2:2;1:4:3,3,5,1,1,1,0,1,1,1,1,1,5,9,1
23280,0:1:1;0:2:2;1:2:2;1:4:3,4,0,1,1,1,0,1,1,1,1,1,5,9,14
23281,0:1:1;0:2:2;1:2:2;1:4:3,4,1,1,1,1,0,1,1,1,1,1,5,9,3
23282,0:1:1;0:2:2;1:2:2;1:4:3,4,2,1,1,1,0,1,1,1,1,1,5,9,3
23283,0:1:1;0:2:2;1:2:2;1:4:3,4,3,1,1,1,0,1,1,1,1,1,5,9,1
23284,0:1:1;0:2:2;1:2:2;1:4:3,4,4,1,1,1,0,1,1,1,1,1,5,9,1
23285,0:1:1;0:2:2;1:2:2;1:4:3,4,5,1,1,1,0,1,1,1,1,1,5,9,1
23286,0:1:1;0:2:2;1:2:2;1:4:3,5,0,1,1,1,0,1,1,1,1,1,5,9,14
23287,0:1:1;0:2:2;1:2:2;1:4:3,5,1,1,1,1,0,1,1,1,1,1,5,9,3
23288,0:1:1;0:2:2;1:2:2;1:4:3,5,2,1,1,1,0,1,1,1,1,1,5,9,3
23289,0:1:1;0:2:2;1:2:2;1:4:3,5,3,1,1,1,0,1,1,1,1,1,5,9,1
23290,0:1:1;0:2:2;1:2:2;1:4:3,5,4,1,1,1,0,1,1,1,1,1,5,9,1
23291,0:1:1;0:2:2;1:2:2;1:4:3,5,5,1,1,1,0,1,1,1,1,1,5,9,1
23292,0:1:1;0:2:2;1:3:2;1:3:2,0,0,0,0,0,1,0,0,0,0,0,0,1,24
23293,0:1:1;0:2:2;1:3:2;1:3:2,0,1,0,0,0,1,0,0,0,0,0,0,5,24
23294,0:1:1;0:2:2;1:3:2;1:3:2,0,2,0,0,0,1,0,0,0,0,0,0,18,24
23295,0:1:1;0:2:2;1:3:2;1:3:2,0,3,0,0,0,1,0,0,0,0,0,0,22,24
23296,0:1:1;0:2:2;1:3:2;1:3:2,0,4,0,0,0,1,0,0,0,0,0,0,22,24
23297,0:1:1;0:2:2;1:3:2;1:3:2,0,5,0,0,0,1,0,0,0,0,0,0,22,24
23298,0:1:1;0:2:2;1:3:2;1:3:2,1,0,1,0,0,1,0,0,0,0,0,1,3,24
23299,0:1:1;0:2:2;1:3:2;1:3:2,1,1,1,1,0,0,1,1,1,1,1,5,8,3
23300,0:1:1;0:2:2;1:3:2;1:3:2,1,2,1,1,1,0,1,1,1,1,1,5,8,3
23301,0:1:1;0:2:2;1:3:2;1:3:2,1,3,1,1,1,0,1,1,1,1,1,5,8,1
23302,0:1:1;0:2:2;1:3:2;1:3:2,1,4,1,1,1,0,1,1,1,1,1,5,8,1
23303,0:1:1;0:2:2;1:3:2;1:3:2,1,5,1,1,1,0,1,1,1,1,1,5,8,1
23304,0:1:1;0:2:2;1:3:2;1:3:2,2,0,1,1,0,0,1,1,1,1,1,5,8,13
23305,0:1:1;0:2:2;1:3:2;1:3:2,2,1,1,1,1,0,1,1,1,1,1,5,8,3
23306,0:1:1;0:2:2;1:3:2;1:3:2,2,2,1,1,1,0,1,1,1,1,1,5,8,3
23307,0:1:1;0:2:2;1:3:2;1:3:2,2,3,1,1,1,0,1,1,1,1,1,5,8,1
23308,0:1:1;0:2:2;1:3:2;1:3:2,2,4,1,1,1,0,1,1,1,1,1,5,8,1
23309,0:1:1;0:2:2;1:3:2;1:3:2,2,5,1,1,1,0,1,1,1,1,1,5,8,1
23310,0:1:1;0:2:2;1:3:2;1:3:2,3,0,1,1,1,0,1,1,1,1,1,5,8,13
23311,0:1:1;0:2:2;1:3:2;1:3:2,3,1,1,1,1,0,1,1,1,1,1,5,8,3
23312,0:1:1;0:2:2;1:3:2;1:3:2,3,2,1,1,1,0,1,1,1,1,1,5,8,3
23313,0:1:1;0:2:2;1:3:2;1:3:2,3,3,1,1,1,0,1,1,1,1,1,5,8,1
23314,0:1:1;0:2:2;1:3:2;1:3:2,3,4,1,1,1,0,1,1,1,1,1,5,8,1
23315,0:1:1;0:2:2;1:3:2;1:3:2,3,5,1,1,1,0,1,1,1,1,1,5,8,1
23316,0:1:1;0:2:2;1:3:2;1:3:2,4,0,1,1,1,0,1,1,1,1,1,5,8,13
23317,0:1:1;0:2:2;1:3:2;1:3:2,4,1,1,1,1,0,1,1,1,1,1,5,8,3
23318,0:1:1;0:2:2;1:3:2;1:3:2,4,2,1,1,1,0,1,1,1,1,1,5,8,3
23319,0:1:1;0:2:2;1:3:2;1:3:2,4,3,1,1,1,0,1,1,1,1,1,5,8,1
23320,0:1:1;0:2:2;1:3:2;1:3:2,4,4,1,1,1,0,1,1,1,1,1,5,8,1
23321,0:1:1;0:2:2;1:3:2;1:3:2,4,5,1,1,1,0,1,1,1,1,1,5,8,1
23322,0:1:1;0:2:2;1:3:2;1:3:2,5,0,1,1,1,0,1,1,1,1,1,5,8,13
23323,0:1:1;0:2:2;1:3:2;1:3:2,5,1,1,1,1,0,1,1,1,1,1,5,8,3
23324,0:1:1;0:2:2;1:3:2;1:3:2,5,2,1,1,1,0,1,1,1,1,1,5,8,3
23325,0:1:1;0:2:2;1:3:2;1:3:2,5,3,1,1,1,0,1,1,1,1,1,5,8,1
23326,0:1:1;0:2:2;1:3:2;1:3:2,5,4,1,1,1,0,1,1,1,1,1,5,8,1
23327,0:1:1;0:2:2;1:3:2;1:3:2,5,5,1,1,1,0,1,1,1,1,1,5,8,1
23328,0:1:1;0:2:2;1:3:2;1:3:3,0,0,0,0,0,1,0,0,0,0,0,0,1,24
23329,0:1:1;0:2:2;1:3:2;1:3:3,0,1,0,0,0,1,0,0,0,0,0,0,5,24
23330,0:1:1;0:2:2;1:3:2;1:3:3,0,2,0,0,0,1,0,0,0,0,0,0,16,24
23331,0:1:1;0:2:2;1:3:2;1:3:3,0,3,0,0,0,1,0,0,0,0,0,0,23,24
23332,0:1:1;0:2:2;1:3:2;1:3:3,0,4,0,0,0,1,0,0,0,0,0,0,23,24
23333,0:1:1;0:2:2;1:3:2;1:3:3,0,5,0,0,0,1,0,0,0,0,0,0,23,24
23334,0:1:1;0:2:2;1:3:2;1:3:3,1,0,0,0,0,1,0,0,0,0,0,0,3,24
23335,0:1:1;0:2:2;1:3:2;1:3:3,1,1,0,0,0,1,0,0,0,0,0,0,16,24
23336,0:1:1;0:2:2;1:3:2;1:3:3,1,2,0,0,0,1,0,0,0,0,0,0,32,24
23337,0:1:1;0:2:2;1:3:2;1:3:3,1,3,0,0,0,1,0,0,0,0,0,0,38,24
23338,0:1:1;0:2:2;1:3:2;1:3:3,1,4,0,0,0,1,0,0,0,0,0,0,38,24
23339,0:1:1;0:2:2;1:3:2;1:3:3,1,5,0,0,0,1,0,0,0,0,0,0,38,24
23340,0:1:1;0:2:2;1:3:2;1:3:3,2,0,1,1,0,0,1,1,1,1,1,5,9,13
23341,0:1:1;0:2:2;1:3:2;1:3:3,2,1,1,1,0,0,1,1,1,1,1,5,9,3
23342,0:1:1;0:2:2;1:3:2;1:3:3,2,2,1,1,1,0,1,1,1,1,1,5,9,3
23343,0:1:1;0:2:2;1:3:2;1:3:3,2,3,1,1,1,0,1,1,1,1,1,5,9,1
23344,0:1:1;0:2:2;1:3:2;1:3:3,2,4,1,1,1,0,1,1,1,1,1,5,9,1
23345,0:1:1;0:2:2;1:3:2;1:3:3,2,5,1,1,1,0,1,1,1,1,1,5,9,1
23346,0:1:1;0:2:2;1:3:2;1:3:3,3,0,1,1,0,0,1,1,1,1,1,5,9,13
23347,0:1:1;0:2:2;1:3:2;1:3:3,3,1,1,1,1,0,1,1,1,1,1,5,9,3
23348,0:1:1;0:2:2;1:3:2;1:3:3,3,2,1,1,1,0,1,1,1,1,1,5,9,3
23349,0:1:1;0:2:2;1:3:2;1:3:3,3,3,1,1,1,0,1,1,1,1,1,5,9,1
23350,0:1:1;0:2:2;1:3:2;1:3:3,3,4,1,1,1,0,1,1,1,1,1,5,9,1
23351,0:1:1;0:2:2;1:3:2;1:3:3,3,5,1,1,1,0,1,1,1,1,1,5,9,1
23352,0:1:1;0:2:2;1:3:2;1:3:3,4,0,1,1,1,0,1,1,1,1,1,5,9,13
23353,0:1:1;0:2:2;1:3:2;1:3:3,4,1,1,1,1,0,1,1,1,1,1,5,9,3
23354,0:1:1;0:2:2;1:3:2;1:3:3,4,2,1,1,1,0,1,1,1,1,1,5,9,3
23355,0:1:1;0:2:2;1:3:2;1:3:3,4,3,1,1,1,0,1,1,1,1,1,5,9,1
23356,0:1:1;0:2:2;1:3:2;1:3:3,4,4,1,1,1,0,1,1,1,1,1,5,9,1
23357,0:1:1;0:2:2;1:3:2;1:3:3,4,5,1,1,1,0,1,1,1,1,1,5,9,1
23358,0:1:1;0:2:2;1:3:2;1:3:3,5,0,1,1,1,0,1,1,1,1,1,5,9,13
23359,0:1:1;0:2:2;1:3:2;1:3:3,5,1,1,1,1,0,1,1,1,1,1,5,9,3
23360,0:1:1;0:2:2;1:3:2;1:3:3,5,2,1,1,1,0,1,1,1,1,1,5,9,3
23361,0:1:1;0:2:2;1:3:2;1:3:3,5,3,1,1,1,0,1,1,1,1,1,5,9,1
23362,0:1:1;0:2:2;1:3:2;1:3:3,5,4,1,1,1,0,1,1,1,1,1,5,9,1
23363,0:1:1;0:2:2;1:3:2;1:3:3,5,5,1,1,1,0,1,1,1,1,1,5,9,1
23364,0:1:1;0:2:2;1:3:2;1:4:3,0,0,0,0,0,1,0,0,0,0,0,0,1,24
23365,0:1:1;0:2:2;1:3:2;1:4:3,0,1,0,0,0,1,0,0,0,0,0,0,5,24
23366,0:1:1;0:2:2;1:3:2;1:4:3,0,2,0,0,0,1,0,0,0,0,0,0,16,24
23367,0:1:1;0:2:2;1:3:2;1:4:3,0,3,0,0,0,1,0,0,0,0,0,0,23,24
23368,0:1:1;0:2:2;1:3:2;1:4:3,0,4,0,0,0,1,0,0,0,0,0,0,23,24
23369,0:1:1;0:2:2;1:3:2;1:4:3,0,5,0,0,0,1,0,0,0,0,0,0,23,24
23370,0:1:1;0:2:2;1:3:2;1:4:3,1,0,0,0,0,1,0,0,0,0,0,0,3,24
23371,0:1:1;0:2:2;1:3:2;1:4:3,1,1,0,0,0,1,0,0,0,0,0,0,16,24
23372,0:1:1;0:2:2;1:3:2;1:4:3,1,2,0,0,0,1,0,0,0,0,0,0,32,24
23373,0:1:1;0:2:2;1:3:2;1:4:3,1,3,0,0,0,1,0,0,0,0,0,0,38,24
23374,0:1:1;0:2:2;1:3:2;1:4:3,1,4,0,0,0,1,0,0,0,0,0,0,38,24
23375,0:1:1;0:2:2;1:3:2;1:4:3,1,5,0,0,0,1,0,0,0,0,0,0,38,24
23376,0:1:1;0:2:2;1:3:2;1:4:3,2,0,1,1,0,0,1,1,1,1,1,5,9,13
23377,0:1:1;0:2:2;1:3:2;1:4:3,2,1,1,1,0,0,1,1,1,1,1,5,9,3
23378,0:1:1;0:2:2;1:3:2;1:4:3,2,2,1,1,1,0,1,1,1,1,1,5,9,3
23379,0:1:1;0:2:2;1:3:2;1:4:3,2,3,1,1,1,0,1,1,1,1,1,5,9,1
23380,0:1:1;0:2:2;1:3:2;1:4:3,2,4,1,1,1,0,1,1,1,1,1,5,9,1
23381,0:1:1;0:2:2;1:3:2;1:4:3,2,5,1,1,1,0,1,1,1,1,1,5,9,1
23382,0:1:1;0:2:2;1:3:2;1:4:3,3,0,1,1,0,0,1,1,1,1,1,5,9,13
23383,0:1:1;0:2:2;1:3:2;1:4:3,3,1,1,1,1,0,1,1,1,1,1,5,9,3
23384,0:1:1;0:2:2;1:3:2;1:4:3,3,2,1,1,1,0,1,1,1,1,1,5,9,3
23385,0:1:1;0:2:2;1:3:2;1:4:3,3,3,1,1,1,0,1,1,1,1,1,5,9,1
23386,0:1:1;0:2:2;1:3:2;1:4:3,3,4,1,1,1,0,1,1,1,1,1,5,9,1
23387,0:1:1;0:2:2;1:3:2;1:4:3,3,5,1,1,1,0,1,1,1,1,1,5,9,1
23388,0:1:1;0:2:2;1:3:2;1:4:3,4,0,1,1,1,0,1,1,1,1,1,5,9,13
23389,0:1:1;0:2:2;1:3:2;1:4:3,4,1,1,1,1,0,1,1,1,1,1,5,9,3
23390,0:1:1;0:2:2;1:3:2;1:4:3,4,2,1,1,1,0,1,1,1,1,1,5,9,3
23391,0:1:1;0:2:2;1:3:2;1:4:3,4,3,1,1,1,0,1,1,1,1,1,5,9,1
23392,0:1:1;0:2:2;1:3:2;1:4:3,4,4,1,1,1,0,1,1,1,1,1,5,9,1
23393,0:1:1;0:2:2;1:3:2;1:4:3,4,5,1,1,1,0,1,1,1,1,1,5,9,1
23394,0:1:1;0:2:2;1:3:2;1:4:3,5,0,1,1,1,0,1,1,1,1,1,5,9,13
23395,0:1:1;0:2:2;1:3:2;1:4:3,5,1,1,1,1,0,1,1,1,1,1,5,9,3
23396,0:1:1;0:2:2;1:3:2;1:4:3,5,2,1,1,1,0,1,1,1,1,1,5,9,3
23397,0:1:1;0:2:2;1:3:2;1:4:3,5,3,1,1,1,0,1,1,1,1,1,5,9,1
23398,0:1:1;0:2:2;1:3:2;1:4:3,5,4,1,1,1,0,1,1,1,1,1,5,9,1
23399,0:1:1;0:2:2;1:3:2;1:4:3,5,5,1,1,1,0,1,1,1,1,1,5,9,1
23400,0:1:1;0:2:2;1:3:3;1:3:3,0,0,0,0,0,1,0,0,0,0,0,0,1,24
23401,0:1:1;0:2:2;1:3:3;1:3:3,0,1,0,0,0,1,0,0,0,0,0,0,5,24
23402,0:1:1;0:2:2;1:3:3;1:3:3,0,2,0,0,0,1,0,0,0,0,0,0,14,24
23403,0:1:1;0:2:2;1:3:3;1:3:3,0,3,0,0,0,1,0,0,0,0,0,0,24,24
23404,0:1:1;0:2:2;1:3:3;1:3:3,0,4,0,0,0,1,0,0,0,0,0,0,24,24
23405,0:1:1;0:2:2;1:3:3;1:3:3,0,5,0,0,0,1,0,0,0,0,0,0,24,24
23406,0:1:1;0:2:2;1:3:3;1:3:3,1,0,0,0,0,1,0,0,0,0,0,0,3,24
23407,0:1:1;0:2:2;1:3:3;1:3:3,1,1,0,0,0,1,0,0,0,0,0,0,12,24
23408,0:1:1;0:2:2;1:3:3;1:3:3,1,2,0,0,0,1,0,0,0,0,0,0,32,24
23409,0:1:1;0:2:2;1:3:3;1:3:3,1,3,0,0,0,1,0,0,0,0,0,0,41,24
23410,0:1:1;0:2:2;1:3:3;1:3:3,1,4,0,0,0,1,0,0,0,0,0,0,41,24
23411,0:1:1;0:2:2;1:3:3;1:3:3,1,5,0,0,0,1,0,0,0,0,0,0,41,24
23412,0:1:1;0:2:2;1:3:3;1:3:3,2,0,0,0,0,1,0,0,0,0,0,0,6,24
23413,0:1:1;0:2:2;1:3:3;1:3:3,2,1,0,0,0,1,0,0,0,0,0,0,30,24
23414,0:1:1;0:2:2;1:3:3;1:3:3,2,2,0,0,0,1,0,0,0,0,0,0,51,24
23415,0:1:1;0:2:2;1:3:3;1:3:3,2,3,0,0,0,1,0,0,0,0,0,0,60,24
23416,0:1:1;0:2:2;1:3:3;1:3:3,2,4,0,0,0,1,0,0,0,0,0,0,60,24
23417,0:1:1;0:2:2;1:3:3;1:3:3,2,5,0,0,0,1,0,0,0,0,0,0,60,24
23418,0:1:1;0:2:2;1:3:3;1:3:3,3,0,1,1,0,0,1,1,1,1,1,5,10,13
23419,0:1:1;0:2:2;1:3:3;1:3:3,3,1,1,1,1,0,1,1,1,1,1,5,10,3
23420,0:1:1;0:2:2;1:3:3;1:3:3,3,2,1,1,1,0,1,1,1,1,1,5,10,3
23421,0:1:1;0:2:2;1:3:3;1:3:3,3,3,1,1,1,0,1,1,1,1,1,5,10,1
23422,0:1:1;0:2:2;1:3:3;1:3:3,3,4,1,1,1,0,1,1,1,1,1,5,10,1
23423,0:1:1;0:2:2;1:3:3;1:3:3,3,5,1,1,1,0,1,1,1,1,1,5,10,1
23424,0:1:1;0:2:2;1:3:3;1:3:3,4,0,1,1,1,0,1,1,1,1,1,5,10,13
23425,0:1:1;0:2:2;1:3:3;1:3:3,4,1,1,1,1,0,1,1,1,1,1,5,10,3
23426,0:1:1;0:2:2;1:3:3;1:3:3,4,2,1,1,1,0,1,1,1,1,1,5,10,3
23427,0:1:1;0:2:2;1:3:3;1:3:3,4,3,1,1,1,0,1,1,1,1,1,5,10,1
23428,0:1:1;0:2:2;1:3:3;1:3:3,4,4,1,1,1,0,1,1,1,1,1,5,10,1
23429,0:1:1;0:2:2;1:3:3;1:3:3,4,5,1,1,1,0,1,1,1,1,1,5,10,1
23430,0:1:1;0:2:2;1:3:3;1:3:3,5,0,1,1,1,0,1,1,1,1,1,5,10,13
23431,0:1:1;0:2:2;1:3:3;1:3:3,5,1,1,1,1,0,1,1,1,1,1,5,10,3
23432,0:1:1;0:2:2;1:3:3;1:3:3,5,2,1,1,1,0,1,1,1,1,1,5,10,3
23433,0:1:1;0:2:2;1:3:3;1:3:3,5,3,1,1,1,0,1,1,1,1,1,5,10,1
23434,0:1:1;0:2:2;1:3:3;1:3:3,5,4,1,1,1,0,1,1,1,1,1,5,10,1
23435,0:1:1;0:2:2;1:3:3;1:3:3,5,5,1,1,1,0,1,1,1,1,1,5,10,1
23436,0:1:1;0:2:2;1:3:3;1:4:3,0,0,0,0,0,1,0,0,0,0,0,0,1,24
23437,0:1:1;0:2:2;1:3:3;1:4:3,0,1,0,0,0,1,0,0,0,0,0,0,5,24
23438,0:1:1;0:2:2;1:3:3;1:4:3,0,2,0,0,0,1,0,0,0,0,0,0,14,24
23439,0:1:1;0:2:2;1:3:3;1:4:3,0,3,0,0,0,1,0,0,0,0,0,0,24,24
23440,0:1:1;0:2:2;1:3:3;1:4:3,0,4,0,0,0,1,0,0,0,0,0,0,24,24
23441,0:1:1;0:2:2;1:3:3;1:4:3,0,5,0,0,0,1,0,0,0,0,0,0,24,24
23442,0:1:1;0:2:2;1:3:3;1:4:3,1,0,0,0,0,1,0,0,0,0,0,0,3,24
23443,0:1:1;0:2:2;1:3:3;1:4:3,1,1,0,0,0,1,0,0,0,0,0,0,12,24
23444,0:1:1;0:2:2;1:3:3;1:4:3,1,2,0,0,0,1,0,0,0,0,0,0,32,24
23445,0:1:1;0:2:2;1:3:3;1:4:3,1,3,0,0,0,1,0,0,0,0,0,0,41,24
23446,0:1:1;0:2:2;1:3:3;1:4:3,1,4,0,0,0,1,0,0,0,0,0,0,41,24
23447,0:1:1;0:2:2;1:3:3;1:4:3,1,5,0,0,0,1,0,0,0,0,0,0,41,24
23448,0:1:1;0:2:2;1:3:3;1:4:3,2,0,0,0,0,1,0,0,0,0,0,0,6,24
23449,0:1:1;0:2:2;1:3:3;1:4:3,2,1,0,0,0,1,0,0,0,0,0,0,30,24
23450,0:1:1;0:2:2;1:3:3;1:4:3,2,2,0,0,0,1,0,0,0,0,0,0,51,24
23451,0:1:1;0:2:2;1:3:3;1:4:3,2,3,0,0,0,1,0,0,0,0,0,0,60,24
23452,0:1:1;0:2:2;1:3:3;1:4:3,2,4,0,0,0,1,0,0,0,0,0,0,60,24
23453,0:1:1;0:2:2;1:3:3;1:4:3,2,5,0,0,0,1,0,0,0,0,0,0,60,24
23454,0:1:1;0:2:2;1:3:3;1:4:3,3,0,1,1,0,0,1,1,1,1,1,5,10,13
23455,0:1:1;0:2:2;1:3:3;1:4:3,3,1,1,1,1,0,1,1,1,1,1,5,10,3
23456,0:1:1;0:2:2;1:3:3;1:4:3,3,2,1,1,1,0,1,1,1,1,1,5,10,3
23457,0:1:1;0:2:2;1:3:3;1:4:3,3,3,1,1,1,0,1,1,1,1,1,5,10,1
23458,0:1:1;0:2:2;1:3:3;1:4:3,3,4,1,1,1,0,1,1,1,1,1,5,10,1
23459,0:1:1;0:2:2;1:3:3;1:4:3,3,5,1,1,1,0,1,1,1,1,1,5,10,1
23460,0:1:1;0:2:2;1:3:3;1:4:3,4,0,1,1,1,0,1,1,1,1,1,5,10,13
23461,0:1:1;0:2:2;1:3:3;1:4:3,4,1,1,1,1,0,1,1,1,1,1,5,10,3
23462,0:1:1;0:2:2;1:3:3;1:4:3,4,2,1,1,1,0,1,1,1,1,1,5,10,3
23463,0:1:1;0:2:2;1:3:3;1:4:3,4,3,1,1,1,0,1,1,1,1,1,5,10,1
23464,0:1:1;0:2:2;1:3:3;1:4:3,4,4,1,1,1,0,1,1,1,1,1,5,10,1
23465,0:1:1;0:2:2;1:3:3;1:4:3,4,5,1,1,1,0,1,1,1,1,1,5,10,1
23466,0:1:1;0:2:2;1:3:3;1:4:3,5,0,1,1,1,0,1,1,1,1,1,5,10,13
23467,0:1:1;0:2:2;1:3:3;1:4:3,5,1,1,1,1,0,1,1,1,1,1,5,10,3
23468,0:1:1;0:2:2;1:3:3;1:4:3,5,2,1,1,1,0,1,1,1,1,1,5,10,3
23469,0:1:1;0:2:2;1:3:3;1:4:3,5,3,1,1,1,0,1,1,1,1,1,5,10,1
23470,0:1:1;0:2:2;1:3:3;1:4:3,5,4,1,1,1,0,1,1,1,1,1,5,10,1
23471,0:1:1;0:2:2;1:3:3;1:4:3,5,5,1,1,1,0,1,1,1,1,1,5,10,1
23472,0:1:1;0:2:2;1:4:3;1:4:3,0,0,0,0,0,1,0,0,0,0,0,0,1,24
23473,0:1:1;0:2:2;1:4:3;1:4:3,0,1,0,0,0,1,0,0,0,0,0,0,5,24
23474,0:1:1;0:2:2;1:4:3;1:4:3,0,2,0,0,0,1,0,0,0,0,0,0,14,24
23475,0:1:1;0:2:2;1:4:3;1:4:3,0,3,0,0,0,1,0,0,0,0,0,0,24,24
23476,0:1:1;0:2:2;1:4:3;1:4:3,0,4,0,0,0,1,0,0,0,0,0,0,24,24
23477,0:1:1;0:2:2;1:4:3;1:4:3,0,5,0,0,0,1,0,0,0,0,0,0,24,24
23478,0:1:1;0:2:2;1:4:3;1:4:3,1,0,0,0,0,1,0,0,0,0,0,0,3,24
23479,0:1:1;0:2:2;1:4:3;1:4:3,1,1,0,0,0,1,0,0,0,0,0,0,12,24
23480,0:1:1;0:2:2;1:4:3;1:4:3,1,2,0,0,0,1,0,0,0,0,0,0,32,24
23481,0:1:1;0:2:2;1:4:3;1:4:3,1,3,0,0,0,1,0,0,0,0,0,0,41,24
23482,0:1:1;0:2:2;1:4:3;1:4:3,1,4,0,0,0,1,0,0,0,0,0,0,41,24
23483,0:1:1;0:2:2;1:4:3;1:4:3,1,5,0,0,0,1,0,0,0,0,0,0,41,24
23484,0:1:1;0:2:2;1:4:3;1:4:3,2,0,0,0,0,1,0,0,0,0,0,0,6,24
23485,0:1:1;0:2:2;1:4:3;1:4:3,2,1,0,0,0,1,0,0,0,0,0,0,30,24
23486,0:1:1;0:2:2;1:4:3;1:4:3,2,2,0,0,0,1,0,0,0,0,0,0,51,24
23487,0:1:1;0:2:2;1:4:3;1:4:3,2,3,0,0,0,1,0,0,0,0,0,0,60,24
23488,0:1:1;0:2:2;1:4:3;1:4:3,2,4,0,0,0,1,0,0,0,0,0,0,60,24
23489,0:1:1;0:2:2;1:4:3;1:4:3,2,5,0,0,0,1,0,0,0,0,0,0,60,24
23490,0:1:1;0:2:2;1:4:3;1:4:3,3,0,1,1,0,0,1,1,1,1,1,5,10,13
23491,0:1:1;0:2:2;1:4:3;1:4:3,3,1,1,1,1,0,1,1,1,1,1,5,10,3
23492,0:1:1;0:2:2;1:4:3;1:4:3,3,2,1,1,1,0,1,1,1,1,1,5,10,3
23493,0:1:1;0:2:2;1:4:3;1:4:3,3,3,1,1,1,0,1,1,1,1,1,5,10,1
23494,0:1:1;0:2:2;1:4:3;1:4:3,3,4,1,1,1,0,1,1,1,1,1,5,10,1
23495,0:1:1;0:2:2;1:4:3;1:4:3,3,5,1,1,1,0,1,1,1,1,1,5,10,1
23496,0:1:1;0:2:2;1:4:3;1:4:3,4,0,1,1,1,0,1,1,1,1,1,5,10,13
23497,0:1:1;0:2:2;1:4:3;1:4:3,4,1,1,1,1,0,1,1,1,1,1,5,10,3
23498,0:1:1;0:2:2;1:4:3;1:4:3,4,2,1,1,1,0,1,1,1,1,1,5,10,3
23499,0:1:1;0:2:2;1:4:3;1:4:3,4,3,1,1,1,0,1,1,1,1,1,5,10,1
23500,0:1:1;0:2:2;1:4:3;1:4:3,4,4,1,1,1,0,1,1,1,1,1,5,10,1
23501,0:1:1;0:2:2;1:4:3;1:4:3,4,5,1,1,1,0,1,1,1,1,1,5,10,1
23502,0:1:1;0:2:2;1:4:3;1:4:3,5,0,1,1,1,0,1,1,1,1,1,5,10,13
23503,0:1:1;0:2:2;1:4:3;1:4:3,5,1,1,1,1,0,1,1,1,1,1,5,10,3
23504,0:1:1;0:2:2;1:4:3;1:4:3,5,2,1,1,1,0,1,1,1,1,1,5,10,3
23505,0:1:1;0:2:2;1:4:3;1:4:3,5,3,1,1,1,0,1,1,1,1,1,5,10,1
23506,0:1:1;0:2:2;1:4:3;1:4:3,5,4,1,1,1,0,1,1,1,1,1,5,10,1
23507,0:1:1;0:2:2;1:4:3;1:4:3,5,5,1,1,1,0,1,1,1,1,1,5,10,1
23508,0:1:1;0:3:2;0:3:2;0:3:2,0,0,0,0,0,1,0,0,0,0,0,0,1,24
23509,0:1:1;0:3:2;0:3:2;0:3:2,0,1,0,0,0,1,0,0,0,0,0,0,5,24
23510,0:1:1;0:3:2;0:3:2;0:3:2,0,2,0,0,0,1,0,0,0,0,0,0,14,24
23511,0:1:1;0:3:2;0:3:2;0:3:2,0,3,0,0,0,1,0,0,0,0,0,0,27,24
23512,0:1:1;0:3:2;0:3:2;0:3:2,0,4,0,0,0,1,0,0,0,0,0,0,40,24
23513,0:1:1;0:3:2;0:3:2;0:3:2,0,5,0,0,0,1,0,0,0,0,0,0,49,24
23514,0:1:1;0:3:2;0:3:2;0:3:2,1,0,0,0,0,1,0,0,0,0,0,0,1,24
23515,0:1:1;0:3:2;0:3:2;0:3:2,1,1,0,0,0,1,0,0,0,0,0,0,5,24
23516,0:1:1;0:3:2;0:3:2;0:3:2,1,2,0,0,0,1,0,0,0,0,0,0,14,24
23517,0:1:1;0:3:2;0:3:2;0:3:2,1,3,0,0,0,1,0,0,0,0,0,0,27,24
23518,0:1:1;0:3:2;0:3:2;0:3:2,1,4,0,0,0,1,0,0,0,0,0,0,40,24
23519,0:1:1;0:3:2;0:3:2;0:3:2,1,5,0,0,0,1,0,0,0,0,0,0,49,24
23520,0:1:1;0:3:2;0:3:2;0:3:2,2,0,0,0,0,1,0,0,0,0,0,0,1,24
23521,0:1:1;0:3:2;0:3:2;0:3:2,2,1,0,0,0,1,0,0,0,0,0,0,5,24
23522,0:1:1;0:3:2;0:3:2;0:3:2,2,2,0,0,0,1,0,0,0,0,0,0,14,24
23523,0:1:1;0:3:2;0:3:2;0:3:2,2,3,0,0,0,1,0,0,0,0,0,0,27,24
23524,0:1:1;0:3:2;0:3:2;0:3:2,2,4,0,0,0,1,0,0,0,0,0,0,40,24
23525,0:1:1;0:3:2;0:3:2;0:3:2,2,5,0,0,0,1,0,0,0,0,0,0,49,24
23526,0:1:1;0:3:2;0:3:2;0:3:2,3,0,0,0,0,1,0,0,0,0,0,0,1,24
23527,0:1:1;0:3:2;0:3:2;0:3:2,3,1,0,0,0,1,0,0,0,0,0,0,5,24
23528,0:1:1;0:3:2;0:3:2;0:3:2,3,2,0,0,0,1,0,0,0,0,0,0,14,24
23529,0:1:1;0:3:2;0:3:2;0:3:2,3,3,0,0,0,1,0,0,0,0,0,0,27,24
23530,0:1:1;0:3:2;0:3:2;0:3:2,3,4,0,0,0,1,0,0,0,0,0,0,40,24
23531,0:1:1;0:3:2;0:3:2;0:3:2,3,5,0,0,0,1,0,0,0,0,0,0,49,24
23532,0:1:1;0:3:2;0:3:2;0:3:2,4,0,0,0,0,1,0,0,0,0,0,0,1,24
23533,0:1:1;0:3:2;0:3:2;0:3:2,4,1,0,0,0,1,0,0,0,0,0,0,5,24
23534,0:1:1;0:3:2;0:3:2;0:3:2,4,2,0,0,0,1,0,0,0,0,0,0,14,24
23535,0:1:1;0:3:2;0:3:2;0:3:2,4,3,0,0,0,1,0,0,0,0,0,0,27,24
23536,0:1:1;0:3:2;0:3:2;0:3:2,4,4,0,0,0,1,0,0,0,0,0,0,40,24
23537,0:1:1;0:3:2;0:3:2;0:3:2,4,5,0,0,0,1,0,0,0,0,0,0,49,24
23538,0:1:1;0:3:2;0:3:2;0:3:2,5,0,0,0,0,1,0,0,0,0,0,0,1,24
23539,0:1:1;0:3:2;0:3:2;0:3:2,5,1,0,0,0,1,0,0,0,0,0,0,5,24
23540,0:1:1;0:3:2;0:3:2;0:3:2,5,2,0,0,0,1,0,0,0,0,0,0,14,24
23541,0:1:1;0:3:2;0:3:2;0:3:2,5,3,0,0,0,1,0,0,0,0,0,0,27,24
23542,0:1:1;0:3:2;0:3:2;0:3:2,5,4,0,0,0,1,0,0,0,0,0,0,40,24
23543,0:1:1;0:3:2;0:3:2;0:3:2,5,5,0,0,0,1,0,0,0,0,0,0,49,24
23544,0:1:1;0:3:2;0:3:2;0:3:3,0,0,0,0,0,1,0,0,0,0,0,0,1,24
23545,0:1:1;0:3:2;0:3:2;0:3:3,0,1,0,0,0,1,0,0,0,0,0,0,5,24
23546,0:1:1;0:3:2;0:3:2;0:3:3,0,2,0,0,0,1,0,0,0,0,0,0,14,24
23547,0:1:1;0:3:2;0:3:2;0:3:3,0,3,0,0,0,1,0,0,0,0,0,0,28,24
23548,0:1:1;0:3:2;0:3:2;0:3:3,0,4,0,0,0,1,0,0,0,0,0,0,44,24
23549,0:1:1;0:3:2;0:3:2;0:3:3,0,5,0,0,0,1,0,0,0,0,0,0,58,24
23550,0:1:1;0:3:2;0:3:2;0:3:3,1,0,0,0,0,1,0,0,0,0,0,0,1,24
23551,0:1:1;0:3:2;0:3:2;0:3:3,1,1,0,0,0,1,0,0,0,0,0,0,5,24
23552,0:1:1;0:3:2;0:3:2;0:3:3,1,2,0,0,0,1,0,0,0,0,0,0,14,24
23553,0:1:1;0:3:2;0:3:2;0:3:3,1,3,0,0,0,1,0,0,0,0,0,0,28,24
23554,0:1:1;0:3:2;0:3:2;0:3:3,1,4,0,0,0,1,0,0,0,0,0,0,44,24
23555,0:1:1;0:3:2;0:3:2;0:3:3,1,5,0,0,0,1,0,0,0,0,0,0,58,24
23556,0:1:1;0:3:2;0:3:2;0:3:3,2,0,0,0,0,1,0,0,0,0,0,0,1,24
23557,0:1:1;0:3:2;0:3:2;0:3:3,2,1,0,0,0,1,0,0,0,0,0,0,5,24
23558,0:1:1;0:3:2;0:3:2;0:3:3,2,2,0,0,0,1,0,0,0,0,0,0,14,24
23559,0:1:1;0:3:2;0:3:2;0:3:3,2,3,0,0,0,1,0,0,0,0,0,0,28,24
23560,0:1:1;0:3:2;0:3:2;0:3:3,2,4,0,0,0,1,0,0,0,0,0,0,44,24
23561,0:1:1;0:3:2;0:3:2;0:3:3,2,5,0,0,0,1,0,0,0,0,0,0,58,24
23562,0:1:1;0:3:2;0:3:2;0:3:3,3,0,0,0,0,1,0,0,0,0,0,0,1,24
23563,0:1:1;0:3:2;0:3:2;0:3:3,3,1,0,0,0,1,0,0,0,0,0,0,5,24
23564,0:1:1;0:3:2;0:3:2;0:3:3,3,2,0,0,0,1,0,0,0,0,0,0,14,24
23565,0:1:1;0:3:2;0:3:2;0:3:3,3,3,0,0,0,1,0,0,0,0,0,0,28,24
23566,0:1:1;0:3:2;0:3:2;0:3:3,3,4,0,0,0,1,0,0,0,0,0,0,44,24
23567,0:1:1;0:3:2;0:3:2;0:3:3,3,5,0,0,0,1,0,0,0,0,0,0,58,24
23568,0:1:1;0:3:2;0:3:2;0:3:3,4,0,0,0,0,1,0,0,0,0,0,0,1,24
23569,0:1:1;0:3:2;0:3:2;0:3:3,4,1,0,0,0,1,0,0,0,0,0,0,5,24
23570,0:1:1;0:3:2;0:3:2;0:3:3,4,2,0,0,0,1,0,0,0,0,0,0,14,24
23571,0:1:1;0:3:2;0:3:2;0:3:3,4,3,0,0,0,1,0,0,0,0,0,0,28,24
23572,0:1:1;0:3:2;0:3:2;0:3:3,4,4,0,0,0,1,0,0,0,0,0,0,44,24
23573,0:1:1;0:3:2;0:3:2;0:3:3,4,5,0,0,0,1,0,0,0,0,0,0,58,24
23574,0:1:1;0:3:2;0:3:2;0:3:3,5,0,0,0,0,1,0,0,0,0,0,0,1,24
23575,0:1:1;0:3:2;0:3:2;0:3:3,5,1,0,0,0,1,0,0,0,0,0,0,5,24
23576,0:1:1;0:3:2;0:3:2;0:3:3,5,2,0,0,0,1,0,0,0,0,0,0,14,24
23577,0:1:1;0:3:2;0:3:2;0:3:3,5,3,0,0,0,1,0,0,0,0,0,0,28,24
23578,0:1:1;0:3:2;0:3:2;0:3:3,5,4,0,0,0,1,0,0,0,0,0,0,44,24
23579,0:1:1;0:3:2;0:3:2;0:3:3,5,5,0,0,0,1,0,0,0,0,0,0,58,24
23580,0:1:1;0:3:2;0:3:2;0:4:3,0,0,0,0,0,1,0,0,0,0,0,0,1,24
23581,0:1:1;0:3:2;0:3:2;0:4:3,0,1,0,0,0,1,0,0,0,0,0,0,5,24
23582,0:1:1;0:3:2;0:3:2;0:4:3,0,2,0,0,0,1,0,0,0,0,0,0,14,24
23583,0:1:1;0:3:2;0:3:2;0:4:3,0,3,0,0,0,1,0,0,0,0,0,0,28,24
23584,0:1:1;0:3:2;0:3:2;0:4:3,0,4,0,0,0,1,0,0,0,0,0,0,44,24
23585,0:1:1;0:3:2;0:3:2;0:4:3,0,5,0,0,0,1,0,0,0,0,0,0,58,24
23586,0:1:1;0:3:2;0:3:2;0:4:3,1,0,0,0,0,1,0,0,0,0,0,0,1,24
23587,0:1:1;0:3:2;0:3:2;0:4:3,1,1,0,0,0,1,0,0,0,0,0,0,5,24
23588,0:1:1;0:3:2;0:3:2;0:4:3,1,2,0,0,0,1,0,0,0,0,0,0,14,24
23589,0:1:1;0:3:2;0:3:2;0:4:3,1,3,0,0,0,1,0,0,0,0,0,0,28,24
23590,0:1:1;0:3:2;0:3:2;0:4:3,1,4,0,0,0,1,0,0,0,0,0,0,44,24
23591,0:1:1;0:3:2;0:3:2;0:4:3,1,5,0,0,0,1,0,0,0,0,0,0,58,24
23592,0:1:1;0:3:2;0:3:2;0:4:3,2,0,0,0,0,1,0,0,0,0,0,0,1,24
23593,0:1:1;0:3:2;0:3:2;0:4:3,2,1,0,0,0,1,0,0,0,0,0,0,5,24
23594,0:1:1;0:3:2;0:3:2;0:4:3,2,2,0,0,0,1,0,0,0,0,0,0,14,24
23595,0:1:1;0:3:2;0:3:2;0:4:3,2,3,0,0,0,1,0,0,0,0,0,0,28,24
23596,0:1:1;0:3:2;0:3:2;0:4:3,2,4,0,0,0,1,0,0,0,0,0,0,44,24
23597,0:1:1;0:3:2;0:3:2;0:4:3,2,5,0,0,0,1,0,0,0,0,0,0,58,24
23598,0:1:1;0:3:2;0:3:2;0:4:3,3,0,0,0,0,1,0,0,0,0,0,0,1,24
23599,0:1:1;0:3:2;0:3:2;0:4:3,3,1,0,0,0,1,0,0,0,0,0,0,5,24
23600,0:1:1;0:3:2;0:3:2;0:4:3,3,2,0,0,0,1,0,0,0,0,0,0,14,24
23601,0:1:1;0:3:2;0:3:2;0:4:3,3,3,0,0,0,1,0,0,0,0,0,0,28,24
23602,0:1:1;0:3:2;0:3:2;0:4:3,3,4,0,0,0,1,0,0,0,0,0,0,44,24
23603,0:1:1;0:3:2;0:3:2;0:4:3,3,5,0,0,0,1,0,0,0,0,0,0,58,24
23604,0:1:1;0:3:2;0:3:2;0:4:3,4,0,0,0,0,1,0,0,0,0,0,0,1,24
23605,0:1:1;0:3:2;0:3:2;0:4:3,4,1,0,0,0,1,0,0,0,0,0,0,5,24
23606,0:1:1;0:3:2;0:3:2;0:4:3,4,2,0,0,0,1,0,0,0,0,0,0,14,24
23607,0:1:1;0:3:2;0:3:2;0:4:3,4,3,0,0,0,1,0,0,0,0,0,0,28,24
23608,0:1:1;0:3:2;0:3:2;0:4:3,4,4,0,0,0,1,0,0,0,0,0,0,44,24
23609,0:1:1;0:3:2;0:3:2;0:4:3,4,5,0,0,0,1,0,0,0,0,0,0,58,24
23610,0:1:1;0:3:2;0:3:2;0:4:3,5,0,0,0,0,1,0,0,0,0,0,0,1,24
23611,0:1:1;0:3:2;0:3:2;0:4:3,5,1,0,0,0,1,0,0,0,0,0,0,5,24
23612,0:1:1;0:3:2;0:3:2;0:4:3,5,2,0,0,0,1,0,0,0,0,0,0,14,24
23613,0:1:1;0:3:2;0:3:2;0:4:3,5,3,0,0,0,1,0,0,0,0,0,0,28,24
23614,0:1:1;0:3:2;0:3:2;0:4:3,5,4,0,0,0,1,0,0,0,0,0,0,44,24
23615,0:1:1;0:3:2;0:3:2;0:4:3,5,5,0,0,0,1,0,0,0,0,0,0,58,24
23616,0:1:1;0:3:2;0:3:2;1:1:1,0,0,0,0,0,1,0,0,0,0,0,0,1,24
23617,0:1:1;0:3:2;0:3:2;1:1:1,0,1,0,0,0,1,0,0,0,0,0,0,7,24
23618,0:1:1;0:3:2;0:3:2;1:1:1,0,2,0,0,0,1,0,0,0,0,0,0,19,24
23619,0:1:1;0:3:2;0:3:2;1:1:1,0,3,0,0,0,1,0,0,0,0,0,0,27,24
23620,0:1:1;0:3:2;0:3:2;1:1:1,0,4,1,1,1,0,1,1,1,1,1,5,7,2
23621,0:1:1;0:3:2;0:3:2;1:1:1,0,5,1,1,1,0,1,1,1,1,1,5,7,1
23622,0:1:1;0:3:2;0:3:2;1:1:1,1,0,0,0,0,1,0,0,0,0,0,0,5,24
23623,0:1:1;0:3:2;0:3:2;1:1:1,1,1,0,0,0,1,0,0,0,0,0,0,13,24
23624,0:1:1;0:3:2;0:3:2;1:1:1,1,2,0,0,0,1,0,0,0,0,0,0,23,24
23625,0:1:1;0:3:2;0:3:2;1:1:1,1,3,0,0,0,1,0,0,0,0,0,0,31,24
23626,0:1:1;0:3:2;0:3:2;1:1:1,1,4,1,1,1,0,1,1,1,1,1,5,7,2
23627,0:1:1;0:3:2;0:3:2;1:1:1,1,5,1,1,1,0,1,1,1,1,1,5,7,1
23628,0:1:1;0:3:2;0:3:2;1:1:1,2,0,0,0,0,1,0,0,0,0,0,0,5,24
23629,0:1:1;0:3:2;0:3:2;1:1:1,2,1,0,0,0,1,0,0,0,0,0,0,13,24
23630,0:1:1;0:3:2;0:3:2;1:1:1,2,2,0,0,0,1,0,0,0,0,0,0,23,24
23631,0:1:1;0:3:2;0:3:2;1:1:1,2,3,0,0,0,1,0,0,0,0,0,0,31,24
23632,0:1:1;0:3:2;0:3:2;1:1:1,2,4,1,1,1,0,1,1,1,1,1,5,7,2
23633,0:1:1;0:3:2;0:3:2;1:1:1,2,5,1,1,1,0,1,1,1,1,1,5,7,1
23634,0:1:1;0:3:2;0:3:2;1:1:1,3,0,0,0,0,1,0,0,0,0,0,0,5,24
23635,0:1:1;0:3:2;0:3:2;1:1:1,3,1,0,0,0,1,0,0,0,0,0,0,13,24
23636,0:1:1;0:3:2;0:3:2;1:1:1,3,2,0,0,0,1,0,0,0,0,0,0,23,24
23637,0:1:1;0:3:2;0:3:2;1:1:1,3,3,0,0,0,1,0,0,0,0,0,0,31,24
23638,0:1:1;0:3:2;0:3:2;1:1:1,3,4,1,1,1,0,1,1,1,1,1,5,7,2
23639,0:1:1;0:3:2;0:3:2;1:1:1,3,5,1,1,1,0,1,1,1,1,1,5,7,1
23640,0:1:1;0:3:2;0:3:2;1:1:1,4,0,0,0,0,1,0,0,0,0,0,0,5,24
23641,0:1:1;0:3:2;0:3:2;1:1:1,4,1,0,0,0,1,0,0,0,0,0,0,13,24
23642,0:1:1;0:3:2;0:3:2;1:1:1,4,2,0,0,0,1,0,0,0,0,0,0,23,24
23643,0:1:1;0:3:2;0:3:2;1:1:1,4,3,0,0,0,1,0,0,0,0,0,0,31,24
23644,0:1:1;0:3:2;0:3:2;1:1:1,4,4,1,1,1,0,1,1,1,1,1,5,7,2
23645,0:1:1;0:3:2;0:3:2;1:1:1,4,5,1,1,1,0,1,1,1,1,1,5,7,1
23646,0:1:1;0:3:2;0:3:2;1:1:1,5,0,0,0,0,1,0,0,0,0,0,0,5,24
23647,0:1:1;0:3:2;0:3:2;1:1:1,5,1,0,0,0,1,0,0,0,0,0,0,13,24
23648,0:1:1;0:3:2;0:3:2;1:1:1,5,2,0,0,0,1,0,0,0,0,0,0,23,24
23649,0:1:1;0:3:2;0:3:2;1:1:1,5,3,0,0,0,1,0,0,0,0,0,0,31,24
23650,0:1:1;0:3:2;0:3:2;1:1:1,5,4,1,1,1,0,1,1,1,1,1,5,7,2
23651,0:1:1;0:3:2;0:3:2;1:1:1,5,5,1,1,1,0,1,1,1,1,1,5,7,1
23652,0:1:1;0:3:2;0:3:2;1:2:1,0,0,0,0,0,1,0,0,0,0,0,0,1,24
23653,0:1:1;0:3:2;0:3:2;1:2:1,0,1,0,0,0,1,0,0,0,0,0,0,10,24
23654,0:1:1;0:3:2;0:3:2;1:2:1,0,2,0,0,0,1,0,0,0,0,0,0,22,24
23655,0:1:1;0:3:2;0:3:2;1:2:1,0,3,1,1,1,0,1,1,1,1,1,5,7,2
23656,0:1:1;0:3:2;0:3:2;1:2:1,0,4,1,1,1,0,1,1,1,1,1,5,7,2
23657,0:1:1;0:3:2;0:3:2;1:2:1,0,5,1,1,1,0,1,1,1,1,1,5,7,1
23658,0:1:1;0:3:2;0:3:2;1:2:1,1,0,0,0,0,1,0,0,0,0,0,0,10,24
23659,0:1:1;0:3:2;0:3:2;1:2:1,1,1,0,0,0,1,0,0,0,0,0,0,18,24
23660,0:1:1;0:3:2;0:3:2;1:2:1,1,2,0,0,0,1,0,0,0,0,0,0,26,24
23661,0:1:1;0:3:2;0:3:2;1:2:1,1,3,1,1,1,0,1,1,1,1,1,5,7,2
23662,0:1:1;0:3:2;0:3:2;1:2:1,1,4,1,1,1,0,1,1,1,1,1,5,7,2
23663,0:1:1;0:3:2;0:3:2;1:2:1,1,5,1,1,1,0,1,1,1,1,1,5,7,1
23664,0:1:1;0:3:2;0:3:2;1:2:1,2,0,0,0,0,1,0,0,0,0,0,0,10,24
23665,0:1:1;0:3:2;0:3:2;1:2:1,2,1,0,0,0,1,0,0,0,0,0,0,18,24
23666,0:1:1;0:3:2;0:3:2;1:2:1,2,2,0,0,0,1,0,0,0,0,0,0,26,24
23667,0:1:1;0:3:2;0:3:2;1:2:1,2,3,1,1,1,0,1,1,1,1,1,5,7,2
23668,0:1:1;0:3:2;0:3:2;1:2:1,2,4,1,1,1,0,1,1,1,1,1,5,7,2
23669,0:1:1;0:3:2;0:3:2;1:2:1,2,5,1,1,1,0,1,1,1,1,1,5,7,1
23670,0:1:1;0:3:2;0:3:2;1:2:1,3,0,0,0,0,1,0,0,0,0,0,0,10,24
23671,0:1:1;0:3:2;0:3:2;1:2:1,3,1,0,0,0,1,0,0,0,0,0,0,18,24
23672,0:1:1;0:3:2;0:3:2;1:2:1,3,2,0,0,0,1,0,0,0,0,0,0,26,24
23673,0:1:1;0:3:2;0:3:2;1:2:1,3,3,1,1,1,0,1,1,1,1,1,5,7,2
23674,0:1:1;0:3:2;0:3:2;1:2:1,3,4,1,1,1,0,1,1,1,1,1,5,7,2
23675,0:1:1;0:3:2;0:3:2;1:2:1,3,5,1,1,1,0,1,1,1,1,1,5,7,1
23676,0:1:1;0:3:2;0:3:2;1:2:1,4,0,0,0,0,1,0,0,0,0,0,0,10,24
23677,0:1:1;0:3:2;0:3:2;1:2:1,4,1,0,0,0,1,0,0,0,0,0,0,18,24
23678,0:1:1;0:3:2;0:3:2;1:2:1,4,2,0,0,0,1,0,0,0,0,0,0,26,24
23679,0:1:1;0:3:2;0:3:2;1:2:1,4,3,1,1,1,0,1,1,1,1,1,5,7,2
23680,0:1:1;0:3:2;0:3:2;1:2:1,4,4,1,1,1,0,1,1,1,1,1,5,7,2
23681,0:1:1;0:3:2;0:3:2;1:2:1,4,5,1,1,1,0,1,1,1,1,1,5,7,1
23682,0:1:1;0:3:2;0:3:2;1:2:1,5,0,0,0,0,1,0,0,0,0,0,0,10,24
23683,0:1:1;0:3:2;0:3:2;1:2:1,5,1,0,0,0,1,0,0,0,0,0,0,18,24
23684,0:1:1;0:3:2;0:3:2;1:2:1,5,2,0,0,0,1,0,0,0,0,0,0,26,24
23685,0:1:1;0:3:2;0:3:2;1:2:1,5,3,1,1,1,0,1,1,1,1,1,5,7,2
23686,0:1:1;0:3:2;0:3:2;1:2:1,5,4,1,1,1,0,1,1,1,1,1,5,7,2
23687,0:1:1;0:3:2;0:3:2;1:2:1,5,5,1,1,1,0,1,1,1,1,1,5,7,1
23688,0:1:1;0:3:2;0:3:2;1:2:2,0,0,0,0,0,1,0,0,0,0,0,0,1,24
23689,0:1:1;0:3:2;0:3:2;1:2:2,0,1,0,0,0,1,0,0,0,0,0,0,5,24
23690,0:1:1;0:3:2;0:3:2;1:2:2,0,2,0,0,0,1,0,0,0,0,0,0,23,24
23691,0:1:1;0:3:2;0:3:2;1:2:2,0,3,1,1,1,0,1,1,1,1,1,5,8,2
23692,0:1:1;0:3:2;0:3:2;1:2:2,0,4,1,1,1,0,1,1,1,1,1,5,8,2
23693,0:1:1;0:3:2;0:3:2;1:2:2,0,5,1,1,1,0,1,1,1,1,1,5,8,1
23694,0:1:1;0:3:2;0:3:2;1:2:2,1,0,0,0,0,1,0,0,0,0,0,0,2,24
23695,0:1:1;0:3:2;0:3:2;1:2:2,1,1,0,0,0,1,0,0,0,0,0,0,14,24
23696,0:1:1;0:3:2;0:3:2;1:2:2,1,2,0,0,0,1,0,0,0,0,0,0,31,24
23697,0:1:1;0:3:2;0:3:2;1:2:2,1,3,1,1,1,0,1,1,1,1,1,5,8,2
23698,0:1:1;0:3:2;0:3:2;1:2:2,1,4,1,1,1,0,1,1,1,1,1,5,8,2
23699,0:1:1;0:3:2;0:3:2;1:2:2,1,5,1,1,1,0,1,1,1,1,1,5,8,1
23700,0:1:1;0:3:2;0:3:2;1:2:2,2,0,0,0,0,1,0,0,0,0,0,0,11,24
23701,0:1:1;0:3:2;0:3:2;1:2:2,2,1,0,0,0,1,0,0,0,0,0,0,22,24
23702,0:1:1;0:3:2;0:3:2;1:2:2,2,2,0,0,0,1,0,0,0,0,0,0,35,24
23703,0:1:1;0:3:2;0:3:2;1:2:2,2,3,1,1,1,0,1,1,1,1,1,5,8,2
23704,0:1:1;0:3:2;0:3:2;1:2:2,2,4,1,1,1,0,1,1,1,1,1,5,8,2
23705,0:1:1;0:3:2;0:3:2;1:2:2,2,5,1,1,1,0,1,1,1,1,1,5,8,1
23706,0:1:1;0:3:2;0:3:2;1:2:2,3,0,0,0,0,1,0,0,0,0,0,0,11,24
23707,0:1:1;0:3:2;0:3:2;1:2:2,3,1,0,0,0,1,0,0,0,0,0,0,22,24
23708,0:1:1;0:3:2;0:3:2;1:2:2,3,2,0,0,0,1,0,0,0,0,0,0,35,24
23709,0:1:1;0:3:2;0:3:2;1:2:2,3,3,1,1,1,0,1,1,1,1,1,5,8,2
23710,0:1:1;0:3:2;0:3:2;1:2:2,3,4,1,1,1,0,1,1,1,1,1,5,8,2
23711,0:1:1;0:3:2;0:3:2;1:2:2,3,5,1,1,1,0,1,1,1,1,1,5,8,1
23712,0:1:1;0:3:2;0:3:2;1:2:2,4,0,0,0,0,1,0,0,0,0,0,0,11,24
23713,0:1:1;0:3:2;0:3:2;1:2:2,4,1,0,0,0,1,0,0,0,0,0,0,22,24
23714,0:1:1;0:3:2;0:3:2;1:2:2,4,2,0,0,0,1,0,0,0,0,0,0,35,24
23715,0:1:1;0:3:2;0:3:2;1:2:2,4,3,1,1,1,0,1,1,1,1,1,5,8,2
23716,0:1:1;0:3:2;0:3:2;1:2:2,4,4,1,1,1,0,1,1,1,1,1,5,8,2
23717,0:1:1;0:3:2;0:3:2;1:2:2,4,5,1,1,1,0,1,1,1,1,1,5,8,1
23718,0:1:1;0:3:2;0:3:2;1:2:2,5,0,0,0,0,1,0,0,0,0,0,0,11,24
23719,0:1:1;0:3:2;0:3:2;1:2:2,5,1,0,0,0,1,0,0,0,0,0,0,22,24
23720,0:1:1;0:3:2;0:3:2;1:2:2,5,2,0,0,0,1,0,0,0,0,0,0,35,24
23721,0:1:1;0:3:2;0:3:2;1:2:2,5,3,1,1,1,0,1,1,1,1,1,5,8,2
23722,0:1:1;0:3:2;0:3:2;1:2:2,5,4,1,1,1,0,1,1,1,1,1,5,8,2
23723,0:1:1;0:3:2;0:3:2;1:2:2,5,5,1,1,1,0,1,1,1,1,1,5,8,1
23724,0:1:1;0:3:2;0:3:2;1:3:2,0,0,0,0,0,1,0,0,0,0,0,0,1,24
23725,0:1:1;0:3:2;0:3:2;1:3:2,0,1,0,0,0,1,0,0,0,0,0,0,5,24
23726,0:1:1;0:3:2;0:3:2;1:3:2,0,2,1,1,0,1,0,0,1,1,1,6,14,11
23727,0:1:1;0:3:2;0:3:2;1:3:2,0,3,1,1,1,0,1,1,1,1,1,5,8,2
23728,0:1:1;0:3:2;0:3:2;1:3:2,0,4,1,1,1,0,1,1,1,1,1,5,8,2
23729,0:1:1;0:3:2;0:3:2;1:3:2,0,5,1,1,1,0,1,1,1,1,1,5,8,1
23730,0:1:1;0:3:2;0:3:2;1:3:2,1,0,0,0,0,1,0,0,0,0,0,0,2,24
23731,0:1:1;0:3:2;0:3:2;1:3:2,1,1,0,0,0,1,0,0,0,0,0,0,16,24
23732,0:1:1;0:3:2;0:3:2;1:3:2,1,2,1,1,1,0,1,1,1,1,1,5,8,5
23733,0:1:1;0:3:2;0:3:2;1:3:2,1,3,1,1,1,0,1,1,1,1,1,5,8,2
23734,0:1:1;0:3:2;0:3:2;1:3:2,1,4,1,1,1,0,1,1,1,1,1,5,8,2
23735,0:1:1;0:3:2;0:3:2;1:3:2,1,5,1,1,1,0,1,1,1,1,1,5,8,1
23736,0:1:1;0:3:2;0:3:2;1:3:2,2,0,0,0,0,1,0,0,0,0,0,0,16,24
23737,0:1:1;0:3:2;0:3:2;1:3:2,2,1,0,0,0,1,0,0,0,0,0,0,25,24
23738,0:1:1;0:3:2;0:3:2;1:3:2,2,2,1,1,1,0,1,1,1,1,1,5,8,5
23739,0:1:1;0:3:2;0:3:2;1:3:2,2,3,1,1,1,0,1,1,1,1,1,5,8,2
23740,0:1:1;0:3:2;0:3:2;1:3:2,2,4,1,1,1,0,1,1,1,1,1,5,8,2
23741,0:1:1;0:3:2;0:3:2;1:3:2,2,5,1,1,1,0,1,1,1,1,1,5,8,1
23742,0:1:1;0:3:2;0:3:2;1:3:2,3,0,0,0,0,1,0,0,0,0,0,0,16,24
23743,0:1:1;0:3:2;0:3:2;1:3:2,3,1,0,0,0,1,0,0,0,0,0,0,25,24
23744,0:1:1;0:3:2;0:3:2;1:3:2,3,2,1,1,1,0,1,1,1,1,1,5,8,5
23745,0:1:1;0:3:2;0:3:2;1:3:2,3,3,1,1,1,0,1,1,1,1,1,5,8,2
23746,0:1:1;0:3:2;0:3:2;1:3:2,3,4,1,1,1,0,1,1,1,1,1,5,8,2
23747,0:1:1;0:3:2;0:3:2;1:3:2,3,5,1,1,1,0,1,1,1,1,1,5,8,1
23748,0:1:1;0:3:2;0:3:2;1:3:2,4,0,0,0,0,1,0,0,0,0,0,0,16,24
23749,0:1:1;0:3:2;0:3:2;1:3:2,4,1,0,0,0,1,0,0,0,0,0,0,25,24
23750,0:1:1;0:3:2;0:3:2;1:3:2,4,2,1,1,1,0,1,1,1,1,1,5,8,5
23751,0:1:1;0:3:2;0:3:2;1:3:2,4,3,1,1,1,0,1,1,1,1,1,5,8,2
23752,0:1:1;0:3:2;0:3:2;1:3:2,4,4,1,1,1,0,1,1,1,1,1,5,8,2
23753,0:1:1;0:3:2;0:3:2;1:3:2,4,5,1,1,1,0,1,1,1,1,1,5,8,1
23754,0:1:1;0:3:2;0:3:2;1:3:2,5,0,0,0,0,1,0,0,0,0,0,0,16,24
23755,0:1:1;0:3:2;0:3:2;1:3:2,5,1,0,0,0,1,0,0,0,0,0,0,25,24
23756,0:1:1;0:3:2;0:3:2;1:3:2,5,2,1,1,1,0,1,1,1,1,1,5,8,5
23757,0:1:1;0:3:2;0:3:2;1:3:2,5,3,1,1,1,0,1,1,1,1,1,5,8,2
23758,0:1:1;0:3:2;0:3:2;1:3:2,5,4,1,1,1,0,1,1,1,1,1,5,8,2
23759,0:1:1;0:3:2;0:3:2;1:3:2,5,5,1,1,1,0,1,1,1,1,1,5,8,1
23760,0:1:1;0:3:2;0:3:2;1:3:3,0,0,0,0,0,1,0,0,0,0,0,0,1,24
23761,0:1:1;0:3:2;0:3:2;1:3:3,0,1,0,0,0,1,0,0,0,0,0,0,5,24
23762,0:1:1;0:3:2;0:3:2;1:3:3,0,2,1,1,0,1,0,0,1,1,1,6,15,11
23763,0:1:1;0:3:2;0:3:2;1:3:3,0,3,1,1,0,0,1,1,1,1,1,5,9,2
23764,0:1:1;0:3:2;0:3:2;1:3:3,0,4,1,1,1,0,1,1,1,1,1,5,9,2
23765,0:1:1;0:3:2;0:3:2;1:3:3,0,5,1,1,1,0,1,1,1,1,1,5,9,1
23766,0:1:1;0:3:2;0:3:2;1:3:3,1,0,0,0,0,1,0,0,0,0,0,0,2,24
23767,0:1:1;0:3:2;0:3:2;1:3:3,1,1,0,0,0,1,0,0,0,0,0,0,9,24
23768,0:1:1;0:3:2;0:3:2;1:3:3,1,2,1,1,0,1,0,0,1,1,1,6,18,11
23769,0:1:1;0:3:2;0:3:2;1:3:3,1,3,1,1,1,0,1,1,1,1,1,5,9,2
23770,0:1:1;0:3:2;0:3:2;1:3:3,1,4,1,1,1,0,1,1,1,1,1,5,9,2
23771,0:1:1;0:3:2;0:3:2;1:3:3,1,5,1,1,1,0,1,1,1,1,1,5,9,1
23772,0:1:1;0:3:2;0:3:2;1:3:3,2,0,0,0,0,1,0,0,0,0,0,0,3,24
23773,0:1:1;0:3:2;0:3:2;1:3:3,2,1,0,0,0,1,0,0,0,0,0,0,20,24
23774,0:1:1;0:3:2;0:3:2;1:3:3,2,2,1,1,1,0,1,1,1,1,1,5,9,5
23775,0:1:1;0:3:2;0:3:2;1:3:3,2,3,1,1,1,0,1,1,1,1,1,5,9,2
23776,0:1:1;0:3:2;0:3:2;1:3:3,2,4,1,1,1,0,1,1,1,1,1,5,9,2
23777,0:1:1;0:3:2;0:3:2;1:3:3,2,5,1,1,1,0,1,1,1,1,1,5,9,1
23778,0:1:1;0:3:2;0:3:2;1:3:3,3,0,0,0,0,1,0,0,0,0,0,0,17,24
23779,0:1:1;0:3:2;0:3:2;1:3:3,3,1,0,0,0,1,0,0,0,0,0,0,29,24
23780,0:1:1;0:3:2;0:3:2;1:3:3,3,2,1,1,1,0,1,1,1,1,1,5,9,5
23781,0:1:1;0:3:2;0:3:2;1:3:3,3,3,1,1,1,0,1,1,1,1,1,5,9,2
23782,0:1:1;0:3:2;0:3:2;1:3:3,3,4,1,1,1,0,1,1,1,1,1,5,9,2
23783,0:1:1;0:3:2;0:3:2;1:3:3,3,5,1,1,1,0,1,1,1,1,1,5,9,1
23784,0:1:1;0:3:2;0:3:2;1:3:3,4,0,0,0,0,1,0,0,0,0,0,0,17,24
23785,0:1:1;0:3:2;0:3:2;1:3:3,4,1,0,0,0,1,0,0,0,0,0,0,29,24
23786,0:1:1;0:3:2;0:3:2;1:3:3,4,2,1,1,1,0,1,1,1,1,1,5,9,5
23787,0:1:1;0:3:2;0:3:2;1:3:3,4,3,1,1,1,0,1,1,1,1,1,5,9,2
23788,0:1:1;0:3:2;0:3:2;1:3:3,4,4,1,1,1,0,1,1,1,1,1,5,9,2
23789,0:1:1;0:3:2;0:3:2;1:3:3,4,5,1,1,1,0,1,1,1,1,1,5,9,1
23790,0:1:1;0:3:2;0:3:2;1:3:3,5,0,0,0,0,1,0,0,0,0,0,0,17,24
23791,0:1:1;0:3:2;0:3:2;1:3:3,5,1,0,0,0,1,0,0,0,0,0,0,29,24
23792,0:1:1;0:3:2;0:3:2;1:3:3,5,2,1,1,1,0,1,1,1,1,1,5,9,5
23793,0:1:1;0:3:2;0:3:2;1:3:3,5,3,1,1,1,0,1,1,1,1,1,5,9,2
23794,0:1:1;0:3:2;0:3:2;1:3:3,5,4,1,1,1,0,1,1,1,1,1,5,9,2
23795,0:1:1;0:3:2;0:3:2;1:3:3,5,5,1,1,1,0,1,1,1,1,1,5,9,1
23796,0:1:1;0:3:2;0:3:2;1:4:3,0,0,0,0,0,1,0,0,0,0,0,0,1,24
23797,0:1:1;0:3:2;0:3:2;1:4:3,0,1,1,0,0,1,0,0,0,0,0,2,5,24
23798,0:1:1;0:3:2;0:3:2;1:4:3,0,2,1,1,0,1,0,0,1,1,1,6,15,11
23799,0:1:1;0:3:2;0:3:2;1:4:3,0,3,1,1,0,0,1,1,1,1,1,5,9,2
23800,0:1:1;0:3:2;0:3:2;1:4:3,0,4,1,1,1,0,1,1,1,1,1,5,9,2
23801,0:1:1;0:3:2;0:3:2;1:4:3,0,5,1,1,1,0,1,1,1,1,1,5,9,1
23802,0:1:1;0:3:2;0:3:2;1:4:3,1,0,0,0,0,1,0,0,0,0,0,0,2,24
23803,0:1:1;0:3:2;0:3:2;1:4:3,1,1,1,0,0,1,0,0,0,0,0,2,9,24
23804,0:1:1;0:3:2;0:3:2;1:4:3,1,2,1,1,0,1,0,0,1,1,1,6,18,11
23805,0:1:1;0:3:2;0:3:2;1:4:3,1,3,1,1,1,0,1,1,1,1,1,5,9,2
23806,0:1:1;0:3:2;0:3:2;1:4:3,1,4,1,1,1,0,1,1,1,1,1,5,9,2
23807,0:1:1;0:3:2;0:3:2;1:4:3,1,5,1,1,1,0,1,1,1,1,1,5,9,1
23808,0:1:1;0:3:2;0:3:2;1:4:3,2,0,0,0,0,1,0,0,0,0,0,0,3,24
23809,0:1:1;0:3:2;0:3:2;1:4:3,2,1,1,1,0,0,1,1,1,1,1,5,9,5
23810,0:1:1;0:3:2;0:3:2;1:4:3,2,2,1,1,1,0,1,1,1,1,1,5,9,5
23811,0:1:1;0:3:2;0:3:2;1:4:3,2,3,1,1,1,0,1,1,1,1,1,5,9,2
23812,0:1:1;0:3:2;0:3:2;1:4:3,2,4,1,1,1,0,1,1,1,1,1,5,9,2
23813,0:1:1;0:3:2;0:3:2;1:4:3,2,5,1,1,1,0,1,1,1,1,1,5,9,1
23814,0:1:1;0:3:2;0:3:2;1:4:3,3,0,0,0,0,1,0,0,0,0,0,0,20,24
23815,0:1:1;0:3:2;0:3:2;1:4:3,3,1,1,1,1,0,1,1,1,1,1,5,9,5
23816,0:1:1;0:3:2;0:3:2;1:4:3,3,2,1,1,1,0,1,1,1,1,1,5,9,5
23817,0:1:1;0:3:2;0:3:2;1:4:3,3,3,1,1,1,0,1,1,1,1,1,5,9,2
23818,0:1:1;0:3:2;0:3:2;1:4:3,3,4,1,1,1,0,1,1,1,1,1,5,9,2
23819,0:1:1;0:3:2;0:3:2;1:4:3,3,5,1,1,1,0,1,1,1,1,1,5,9,1
23820,0:1:1;0:3:2;0:3:2;1:4:3,4,0,0,0,0,1,0,0,0,0,0,0,20,24
23821,0:1:1;0:3:2;0:3:2;1:4:3,4,1,1,1,1,0,1,1,1,1,1,5,9,5
23822,0:1:1;0:3:2;0:3:2;1:4:3,4,2,1,1,1,0,1,1,1,1,1,5,9,5
23823,0:1:1;0:3:2;0:3:2;1:4:3,4,3,1,1,1,0,1,1,1,1,1,5,9,2
23824,0:1:1;0:3:2;0:3:2;1:4:3,4,4,1,1,1,0,1,1,1,1,1,5,9,2
23825,0:1:1;0:3:2;0:3:2;1:4:3,4,5,1,1,1,0,1,1,1,1,1,5,9,1
23826,0:1:1;0:3:2;0:3:2;1:4:3,5,0,0,0,0,1,0,0,0,0,0,0,20,24
23827,0:1:1;0:3:2;0:3:2;1:4:3,5,1,1,1,1,0,1,1,1,1,1,5,9,5
23828,0:1:1;0:3:2;0:3:2;1:4:3,5,2,1,1,1,0,1,1,1,1,1,5,9,5
23829,0:1:1;0:3:2;0:3:2;1:4:3,5,3,1,1,1,0,1,1,1,1,1,5,9,2
23830,0:1:1;0:3:2;0:3:2;1:4:3,5,4,1,1,1,0,1,1,1,1,1,5,9,2
23831,0:1:1;0:3:2;0:3:2;1:4:3,5,5,1,1,1,0,1,1,1,1,1,5,9,1
23832,0:1:1;0:3:2;0:3:3;0:3:3,0,0,0,0,0,1,0,0,0,0,0,0,1,24
23833,0:1:1;0:3:2;0:3:3;0:3:3,0,1,0,0,0,1,0,0,0,0,0,0,5,24
23834,0:1:1;0:3:2;0:3:3;0:3:3,0,2,0,0,0,1,0,0,0,0,0,0,14,24
23835,0:1:1;0:3:2;0:3:3;0:3:3,0,3,0,0,0,1,0,0,0,0,0,0,29,24
23836,0:1:1;0:3:2;0:3:3;0:3:3,0,4,0,0,0,1,0,0,0,0,0,0,48,24
23837,0:1:1;0:3:2;0:3:3;0:3:3,0,5,0,0,0,1,0,0,0,0,0,0,67,24
23838,0:1:1;0:3:2;0:3:3;0:3:3,1,0,0,0,0,1,0,0,0,0,0,0,1,24
23839,0:1:1;0:3:2;0:3:3;0:3:3,1,1,0,0,0,1,0,0,0,0,0,0,5,24
23840,0:1:1;0:3:2;0:3:3;0:3:3,1,2,0,0,0,1,0,0,0,0,0,0,14,24
23841,0:1:1;0:3:2;0:3:3;0:3:3,1,3,0,0,0,1,0,0,0,0,0,0,29,24
23842,0:1:1;0:3:2;0:3:3;0:3:3,1,4,0,0,0,1,0,0,0,0,0,0,48,24
23843,0:1:1;0:3:2;0:3:3;0:3:3,1,5,0,0,0,1,0,0,0,0,0,0,67,24
23844,0:1:1;0:3:2;0:3:3;0:3:3,2,0,0,0,0,1,0,0,0,0,0,0,1,24
23845,0:1:1;0:3:2;0:3:3;0:3:3,2,1,0,0,0,1,0,0,0,0,0,0,5,24
23846,0:1:1;0:3:2;0:3:3;0:3:3,2,2,0,0,0,1,0,0,0,0,0,0,14,24
23847,0:1:1;0:3:2;0:3:3;0:3:3,2,3,0,0,0,1,0,0,0,0,0,0,29,24
23848,0:1:1;0:3:2;0:3:3;0:3:3,2,4,0,0,0,1,0,0,0,0,0,0,48,24
23849,0:1:1;0:3:2;0:3:3;0:3:3,2,5,0,0,0,1,0,0,0,0,0,0,67,24
23850,0:1:1;0:3:2;0:3:3;0:3:3,3,0,0,0,0,1,0,0,0,0,0,0,1,24
23851,0:1:1;0:3:2;0:3:3;0:3:3,3,1,0,0,0,1,0,0,0,0,0,0,5,24
23852,0:1:1;0:3:2;0:3:3;0:3:3,3,2,0,0,0,1,0,0,0,0,0,0,14,24
23853,0:1:1;0:3:2;0:3:3;0:3:3,3,3,0,0,0,1,0,0,0,0,0,0,29,24
23854,0:1:1;0:3:2;0:3:3;0:3:3,3,4,0,0,0,1,0,0,0,0,0,0,48,24
23855,0:1:1;0:3:2;0:3:3;0:3:3,3,5,0,0,0,1,0,0,0,0,0,0,67,24
23856,0:1:1;0:3:2;0:3:3;0:3:3,4,0,0,0,0,1,0,0,0,0,0,0,1,24
23857,0:1:1;0:3:2;0:3:3;0:3:3,4,1,0,0,0,1,0,0,0,0,0,0,5,24
23858,0:1:1;0:3:2;0:3:3;0:3:3,4,2,0,0,0,1,0,0,0,0,0,0,14,24
23859,0:1:1;0:3:2;0:3:3;0:3:3,4,3,0,0,0,1,0,0,0,0,0,0,29,24
23860,0:1:1;0:3:2;0:3:3;0:3:3,4,4,0,0,0,1,0,0,0,0,0,0,48,24
23861,0:1:1;0:3:2;0:3:3;0:3:3,4,5,0,0,0,1,0,0,0,0,0,0,67,24
23862,0:1:1;0:3:2;0:3:3;0:3:3,5,0,0,0,0,1,0,0,0,0,0,0,1,24
23863,0:1:1;0:3:2;0:3:3;0:3:3,5,1,0,0,0,1,0,0,0,0,0,0,5,24
23864,0:1:1;0:3:2;0:3:3;0:3:3,5,2,0,0,0,1,0,0,0,0,0,0,14,24
23865,0:1:1;0:3:2;0:3:3;0:3:3,5,3,0,0,0,1,0,0,0,0,0,0,29,24
23866,0:1:1;0:3:2;0:3:3;0:3:3,5,4,0,0,0,1,0,0,0,0,0,0,48,24
23867,0:1:1;0:3:2;0:3:3;0:3:3,5,5,0,0,0,1,0,0,0,0,0,0,67,24
23868,0:1:1;0:3:2;0:3:3;0:4:3,0,0,0,0,0,1,0,0,0,0,0,0,1,24
23869,0:1:1;0:3:2;0:3:3;0:4:3,0,1,0,0,0,1,0,0,0,0,0,0,5,24
23870,0:1:1;0:3:2;0:3:3;0:4:3,0,2,0,0,0,1,0,0,0,0,0,0,14,24
23871,0:1:1;0:3:2;0:3:3;0:4:3,0,3,0,0,0,1,0,0,0,0,0,0,29,24
23872,0:1:1;0:3:2;0:3:3;0:4:3,0,4,0,0,0,1,0,0,0,0,0,0,48,24
23873,0:1:1;0:3:2;0:3:3;0:4:3,0,5,0,0,0,1,0,0,0,0,0,0,67,24
23874,0:1:1;0:3:2;0:3:3;0:4:3,1,0,0,0,0,1,0,0,0,0,0,0,1,24
23875,0:1:1;0:3:2;0:3:3;0:4:3,1,1,0,0,0,1,0,0,0,0,0,0,5,24
23876,0:1:1;0:3:2;0:3:3;0:4:3,1,2,0,0,0,1,0,0,0,0,0,0,14,24
23877,0:1:1;0:3:2;0:3:3;0:4:3,1,3,0,0,0,1,0,0,0,0,0,0,29,24
23878,0:1:1;0:3:2;0:3:3;0:4:3,1,4,0,0,0,1,0,0,0,0,0,0,48,24
23879,0:1:1;0:3:2;0:3:3;0:4:3,1,5,0,0,0,1,0,0,0,0,0,0,67,24
23880,0:1:1;0:3:2;0:3:3;0:4:3,2,0,0,0,0,1,0,0,0,0,0,0,1,24
23881,0:1:1;0:3:2;0:3:3;0:4:3,2,1,0,0,0,1,0,0,0,0,0,0,5,24
23882,0:1:1;0:3:2;0:3:3;0:4:3,2,2,0,0,0,1,0,0,0,0,0,0,14,24
23883,0:1:1;0:3:2;0:3:3;0:4:3,2,3,0,0,0,1,0,0,0,0,0,0,29,24
23884,0:1:1;0:3:2;0:3:3;0:4:3,2,4,0,0,0,1,0,0,0,0,0,0,48,24
23885,0:1:1;0:3:2;0:3:3;0:4:3,2,5,0,0,0,1,0,0,0,0,0,0,67,24
23886,0:1:1;0:3:2;0:3:3;0:4:3,3,0,0,0,0,1,0,0,0,0,0,0,1,24
23887,0:1:1;0:3:2;0:3:3;0:4:3,3,1,0,0,0,1,0,0,0,0,0,0,5,24
23888,0:1:1;0:3:2;0:3:3;0:4:3,3,2,0,0,0,1,0,0,0,0,0,0,14,24
23889,0:1:1;0:3:2;0:3:3;0:4:3,3,3,0,0,0,1,0,0,0,0,0,0,29,24
23890,0:1:1;0:3:2;0:3:3;0:4:3,3,4,0,0,0,1,0,0,0,0,0,0,48,24
23891,0:1:1;0:3:2;0:3:3;0:4:3,3,5,0,0,0,1,0,0,0,0,0,0,67,24
23892,0:1:1;0:3:2;0:3:3;0:4:3,4,0,0,0,0,1,0,0,0,0,0,0,1,24
23893,0:1:1;0:3:2;0:3:3;0:4:3,4,1,0,0,0,1,0,0,0,0,0,0,5,24
23894,0:1:1;0:3:2;0:3:3;0:4:3,4,2,0,0,0,1,0,0,0,0,0,0,14,24
23895,0:1:1;0:3:2;0:3:3;0:4:3,4,3,0,0,0,1,0,0,0,0,0,0,29,24
23896,0:1:1;0:3:2;0:3:3;0:4:3,4,4,0,0,0,1,0,0,0,0,0,0,48,24
23897,0:1:1;0:3:2;0:3:3;0:4:3,4,5,0,0,0,1,0,0,0,0,0,0,67,24
23898,0:1:1;0:3:2;0:3:3;0:4:3,5,0,0,0,0,1,0,0,0,0,0,0,1,24
23899,0:1:1;0:3:2;0:3:3;0:4:3,5,1,0,0,0,1,0,0,0,0,0,0,5,24
23900,0:1:1;0:3:2;0:3:3;0:4:3,5,2,0,0,0,1,0,0,0,0,0,0,14,24
23901,0:1:1;0:3:2;0:3:3;0:4:3,5,3,0,0,0,1,0,0,0,0,0,0,29,24
23902,0:1:1;0:3:2;0:3:3;0:4:3,5,4,0,0,0,1,0,0,0,0,0,0,48,24
23903,0:1:1;0:3:2;0:3:3;0:4:3,5,5,0,0,0,1,0,0,0,0,0,0,67,24
23904,0:1:1;0:3:2;0:3:3;1:1:1,0,0,0,0,0,1,0,0,0,0,0,0,1,24
23905,0:1:1;0:3:2;0:3:3;1:1:1,0,1,0,0,0,1,0,0,0,0,0,0,7,24
23906,0:1:1;0:3:2;0:3:3;1:1:1,0,2,0,0,0,1,0,0,0,0,0,0,17,24
23907,0:1:1;0:3:2;0:3:3;1:1:1,0,3,0,0,0,1,0,0,0,0,0,0,29,24
23908,0:1:1;0:3:2;0:3:3;1:1:1,0,4,0,0,0,1,0,0,0,0,0,0,37,24
23909,0:1:1;0:3:2;0:3:3;1:1:1,0,5,1,1,1,0,1,1,1,1,1,5,8,2
23910,0:1:1;0:3:2;0:3:3;1:1:1,1,0,0,0,0,1,0,0,0,0,0,0,5,24
23911,0:1:1;0:3:2;0:3:3;1:1:1,1,1,0,0,0,1,0,0,0,0,0,0,13,24
23912,0:1:1;0:3:2;0:3:3;1:1:1,1,2,0,0,0,1,0,0,0,0,0,0,24,24
23913,0:1:1;0:3:2;0:3:3;1:1:1,1,3,0,0,0,1,0,0,0,0,0,0,35,24
23914,0:1:1;0:3:2;0:3:3;1:1:1,1,4,0,0,0,1,0,0,0,0,0,0,43,24
23915,0:1:1;0:3:2;0:3:3;1:1:1,1,5,1,1,1,0,1,1,1,1,1,5,8,2
23916,0:1:1;0:3:2;0:3:3;1:1:1,2,0,0,0,0,1,0,0,0,0,0,0,5,24
23917,0:1:1;0:3:2;0:3:3;1:1:1,2,1,0,0,0,1,0,0,0,0,0,0,13,24
23918,0:1:1;0:3:2;0:3:3;1:1:1,2,2,0,0,0,1,0,0,0,0,0,0,24,24
23919,0:1:1;0:3:2;0:3:3;1:1:1,2,3,0,0,0,1,0,0,0,0,0,0,35,24
23920,0:1:1;0:3:2;0:3:3;1:1:1,2,4,0,0,0,1,0,0,0,0,0,0,43,24
23921,0:1:1;0:3:2;0:3:3;1:1:1,2,5,1,1,1,0,1,1,1,1,1,5,8,2
23922,0:1:1;0:3:2;0:3:3;1:1:1,3,0,0,0,0,1,0,0,0,0,0,0,5,24
23923,0:1:1;0:3:2;0:3:3;1:1:1,3,1,0,0,0,1,0,0,0,0,0,0,13,24
23924,0:1:1;0:3:2;0:3:3;1:1:1,3,2,0,0,0,1,0,0,0,0,0,0,24,24
23925,0:1:1;0:3:2;0:3:3;1:1:1,3,3,0,0,0,1,0,0,0,0,0,0,35,24
23926,0:1:1;0:3:2;0:3:3;1:1:1,3,4,0,0,0,1,0,0,0,0,0,0,43,24
23927,0:1:1;0:3:2;0:3:3;1:1:1,3,5,1,1,1,0,1,1,1,1,1,5,8,2
23928,0:1:1;0:3:2;0:3:3;1:1:1,4,0,0,0,0,1,0,0,0,0,0,0,5,24
23929,0:1:1;0:3:2;0:3:3;1:1:1,4,1,0,0,0,1,0,0,0,0,0,0,13,24
23930,0:1:1;0:3:2;0:3:3;1:1:1,4,2,0,0,0,1,0,0,0,0,0,0,24,24
23931,0:1:1;0:3:2;0:3:3;1:1:1,4,3,0,0,0,1,0,0,0,0,0,0,35,24
23932,0:1:1;0:3:2;0:3:3;1:1:1,4,4,0,0,0,1,0,0,0,0,0,0,43,24
23933,0:1:1;0:3:2;0:3:3;1:1:1,4,5,1,1,1,0,1,1,1,1,1,5,8,2
23934,0:1:1;0:3:2;0:3:3;1:1:1,5,0,0,0,0,1,0,0,0,0,0,0,5,24
23935,0:1:1;0:3:2;0:3:3;1:1:1,5,1,0,0,0,1,0,0,0,0,0,0,13,24
23936,0:1:1;0:3:2;0:3:3;1:1:1,5,2,0,0,0,1,0,0,0,0,0,0,24,24
23937,0:1:1;0:3:2;0:3:3;1:1:1,5,3,0,0,0,1,0,0,0,0,0,0,35,24
23938,0:1:1;0:3:2;0:3:3;1:1:1,5,4,0,0,0,1,0,0,0,0,0,0,43,24
23939,0:1:1;0:3:2;0:3:3;1:1:1,5,5,1,1,1,0,1,1,1,1,1,5,8,2
23940,0:1:1;0:3:2;0:3:3;1:2:1,0,0,0,0,0,1,0,0,0,0,0,0,1,24
23941,0:1:1;0:3:2;0:3:3;1:2:1,0,1,0,0,0,1,0,0,0,0,0,0,10,24
23942,0:1:1;0:3:2;0:3:3;1:2:1,0,2,0,0,0,1,0,0,0,0,0,0,21,24
23943,0:1:1;0:3:2;0:3:3;1:2:1,0,3,0,0,0,1,0,0,0,0,0,0,32,24
23944,0:1:1;0:3:2;0:3:3;1:2:1,0,4,1,1,1,0,1,1,1,1,1,5,8,2
23945,0:1:1;0:3:2;0:3:3;1:2:1,0,5,1,1,1,0,1,1,1,1,1,5,8,2
23946,0:1:1;0:3:2;0:3:3;1:2:1,1,0,0,0,0,1,0,0,0,0,0,0,10,24
23947,0:1:1;0:3:2;0:3:3;1:2:1,1,1,0,0,0,1,0,0,0,0,0,0,19,24
23948,0:1:1;0:3:2;0:3:3;1:2:1,1,2,0,0,0,1,0,0,0,0,0,0,29,24
23949,0:1:1;0:3:2;0:3:3;1:2:1,1,3,0,0,0,1,0,0,0,0,0,0,38,24
23950,0:1:1;0:3:2;0:3:3;1:2:1,1,4,1,1,1,0,1,1,1,1,1,5,8,2
23951,0:1:1;0:3:2;0:3:3;1:2:1,1,5,1,1,1,0,1,1,1,1,1,5,8,2
23952,0:1:1;0:3:2;0:3:3;1:2:1,2,0,0,0,0,1,0,0,0,0,0,0,10,24
23953,0:1:1;0:3:2;0:3:3;1:2:1,2,1,0,0,0,1,0,0,0,0,0,0,19,24
23954,0:1:1;0:3:2;0:3:3;1:2:1,2,2,0,0,0,1,0,0,0,0,0,0,29,24
23955,0:1:1;0:3:2;0:3:3;1:2:1,2,3,0,0,0,1,0,0,0,0,0,0,38,24
23956,0:1:1;0:3:2;0:3:3;1:2:1,2,4,1,1,1,0,1,1,1,1,1,5,8,2
23957,0:1:1;0:3:2;0:3:3;1:2:1,2,5,1,1,1,0,1,1,1,1,1,5,8,2
23958,0:1:1;0:3:2;0:3:3;1:2:1,3,0,0,0,0,1,0,0,0,0,0,0,10,24
23959,0:1:1;0:3:2;0:3:3;1:2:1,3,1,0,0,0,1,0,0,0,0,0,0,19,24
23960,0:1:1;0:3:2;0:3:3;1:2:1,3,2,0,0,0,1,0,0,0,0,0,0,29,24
23961,0:1:1;0:3:2;0:3:3;1:2:1,3,3,0,0,0,1,0,0,0,0,0,0,38,24
23962,0:1:1;0:3:2;0:3:3;1:2:1,3,4,1,1,1,0,1,1,1,1,1,5,8,2
23963,0:1:1;0:3:2;0:3:3;1:2:1,3,5,1,1,1,0,1,1,1,1,1,5,8,2
23964,0:1:1;0:3:2;0:3:3;1:2:1,4,0,0,0,0,1,0,0,0,0,0,0,10,24
23965,0:1:1;0:3:2;0:3:3;1:2:1,4,1,0,0,0,1,0,0,0,0,0,0,19,24
23966,0:1:1;0:3:2;0:3:3;1:2:1,4,2,0,0,0,1,0,0,0,0,0,0,29,24
23967,0:1:1;0:3:2;0:3:3;1:2:1,4,3,0,0,0,1,0,0,0,0,0,0,38,24
23968,0:1:1;0:3:2;0:3:3;1:2:1,4,4,1,1,1,0,1,1,1,1,1,5,8,2
23969,0:1:1;0:3:2;0:3:3;1:2:1,4,5,1,1,1,0,1,1,1,1,1,5,8,2
23970,0:1:1;0:3:2;0:3:3;1:2:1,5,0,0,0,0,1,0,0,0,0,0,0,10,24
23971,0:1:1;0:3:2;0:3:3;1:2:1,5,1,0,0,0,1,0,0,0,0,0,0,19,24
23972,0:1:1;0:3:2;0:3:3;1:2:1,5,2,0,0,0,1,0,0,0,0,0,0,29,24
23973,0:1:1;0:3:2;0:3:3;1:2:1,5,3,0,0,0,1,0,0,0,0,0,0,38,24
23974,0:1:1;0:3:2;0:3:3;1:2:1,5,4,1,1,1,0,1,1,1,1,1,5,8,2
23975,0:1:1;0:3:2;0:3:3;1:2:1,5,5,1,1,1,0,1,1,1,1,1,5,8,2
23976,0:1:1;0:3:2;0:3:3;1:2:2,0,0,0,0,0,1,0,0,0,0,0,0,1,24
23977,0:1:1;0:3:2;0:3:3;1:2:2,0,1,0,0,0,1,0,0,0,0,0,0,5,24
23978,0:1:1;0:3:2;0:3:3;1:2:2,0,2,0,0,0,1,0,0,0,0,0,0,18,24
23979,0:1:1;0:3:2;0:3:3;1:2:2,0,3,0,0,0,1,0,0,0,0,0,0,35,24
23980,0:1:1;0:3:2;0:3:3;1:2:2,0,4,1,1,1,0,1,1,1,1,1,5,9,2
23981,0:1:1;0:3:2;0:3:3;1:2:2,0,5,1,1,1,0,1,1,1,1,1,5,9,2
23982,0:1:1;0:3:2;0:3:3;1:2:2,1,0,0,0,0,1,0,0,0,0,0,0,2,24
23983,0:1:1;0:3:2;0:3:3;1:2:2,1,1,0,0,0,1,0,0,0,0,0,0,14,24
23984,0:1:1;0:3:2;0:3:3;1:2:2,1,2,0,0,0,1,0,0,0,0,0,0,30,24
23985,0:1:1;0:3:2;0:3:3;1:2:2,1,3,0,0,0,1,0,0,0,0,0,0,47,24
23986,0:1:1;0:3:2;0:3:3;1:2:2,1,4,1,1,1,0,1,1,1,1,1,5,9,2
23987,0:1:1;0:3:2;0:3:3;1:2:2,1,5,1,1,1,0,1,1,1,1,1,5,9,2
23988,0:1:1;0:3:2;0:3:3;1:2:2,2,0,0,0,0,1,0,0,0,0,0,0,11,24
23989,0:1:1;0:3:2;0:3:3;1:2:2,2,1,0,0,0,1,0,0,0,0,0,0,23,24
23990,0:1:1;0:3:2;0:3:3;1:2:2,2,2,0,0,0,1,0,0,0,0,0,0,38,24
23991,0:1:1;0:3:2;0:3:3;1:2:2,2,3,0,0,0,1,0,0,0,0,0,0,53,24
23992,0:1:1;0:3:2;0:3:3;1:2:2,2,4,1,1,1,0,1,1,1,1,1,5,9,2
23993,0:1:1;0:3:2;0:3:3;1:2:2,2,5,1,1,1,0,1,1,1,1,1,5,9,2
23994,0:1:1;0:3:2;0:3:3;1:2:2,3,0,0,0,0,1,0,0,0,0,0,0,11,24
23995,0:1:1;0:3:2;0:3:3;1:2:2,3,1,0,0,0,1,0,0,0,0,0,0,23,24
23996,0:1:1;0:3:2;0:3:3;1:2:2,3,2,0,0,0,1,0,0,0,0,0,0,38,24
23997,0:1:1;0:3:2;0:3:3;1:2:2,3,3,0,0,0,1,0,0,0,0,0,0,53,24
23998,0:1:1;0:3:2;0:3:3;1:2:2,3,4,1,1,1,0,1,1,1,1,1,5,9,2
23999,0:1:1;0:3:2;0:3:3;1:2:2,3,5,1,1,1,0,1,1,1,1,1,5,9,2
24000,0:1:1;0:3:2;0:3:3;1:2:2,4,0,0,0,0,1,0,0,0,0,0,0,11,24
24001,0:1:1;0:3:2;0:3:3;1:2:2,4,1,0,0,0,1,0,0,0,0,0,0,23,24
24002,0:1:1;0:3:2;0:3:3;1:2:2,4,2,0,0,0,1,0,0,0,0,0,0,38,24
24003,0:1:1;0:3:2;0:3:3;1:2:2,4,3,0,0,0,1,0,0,0,0,0,0,53,24
24004,0:1:1;0:3:2;0:3:3;1:2:2,4,4,1,1,1,0,1,1,1,1,1,5,9,2
24005,0:1:1;0:3:2;0:3:3;1:2:2,4,5,1,1,1,0,1,1,1,1,1,5,9,2
24006,0:1:1;0:3:2;0:3:3;1:2:2,5,0,0,0,0,1,0,0,0,0,0,0,11,24
24007,0:1:1;0:3:2;0:3:3;1:2:2,5,1,0,0,0,1,0,0,0,0,0,0,23,24
24008,0:1:1;0:3:2;0:3:3;1:2:2,5,2,0,0,0,1,0,0,0,0,0,0,38,24
24009,0:1:1;0:3:2;0:3:3;1:2:2,5,3,0,0,0,1,0,0,0,0,0,0,53,24
24010,0:1:1;0:3:2;0:3:3;1:2:2,5,4,1,1,1,0,1,1,1,1,1,5,9,2
24011,0:1:1;0:3:2;0:3:3;1:2:2,5,5,1,1,1,0,1,1,1,1,1,5,9,2
24012,0:1:1;0:3:2;0:3:3;1:3:2,0,0,0,0,0,1,0,0,0,0,0,0,1,24
24013,0:1:1;0:3:2;0:3:3;1:3:2,0,1,0,0,0,1,0,0,0,0,0,0,5,24
24014,0:1:1;0:3:2;0:3:3;1:3:2,0,2,0,0,0,1,0,0,0,0,0,0,20,24
24015,0:1:1;0:3:2;0:3:3;1:3:2,0,3,1,1,0,0,1,1,1,1,1,5,9,2
24016,0:1:1;0:3:2;0:3:3;1:3:2,0,4,1,1,1,0,1,1,1,1,1,5,9,2
24017,0:1:1;0:3:2;0:3:3;1:3:2,0,5,1,1,1,0,1,1,1,1,1,5,9,2
24018,0:1:1;0:3:2;0:3:3;1:3:2,1,0,0,0,0,1,0,0,0,0,0,0,2,24
24019,0:1:1;0:3:2;0:3:3;1:3:2,1,1,0,0,0,1,0,0,0,0,0,0,17,24
24020,0:1:1;0:3:2;0:3:3;1:3:2,1,2,0,0,0,1,0,0,0,0,0,0,33,24
24021,0:1:1;0:3:2;0:3:3;1:3:2,1,3,1,1,1,0,1,1,1,1,1,5,9,2
24022,0:1:1;0:3:2;0:3:3;1:3:2,1,4,1,1,1,0,1,1,1,1,1,5,9,2
24023,0:1:1;0:3:2;0:3:3;1:3:2,1,5,1,1,1,0,1,1,1,1,1,5,9,2
24024,0:1:1;0:3:2;0:3:3;1:3:2,2,0,0,0,0,1,0,0,0,0,0,0,17,24
24025,0:1:1;0:3:2;0:3:3;1:3:2,2,1,0,0,0,1,0,0,0,0,0,0,28,24
24026,0:1:1;0:3:2;0:3:3;1:3:2,2,2,0,0,0,1,0,0,0,0,0,0,41,24
24027,0:1:1;0:3:2;0:3:3;1:3:2,2,3,1,1,1,0,1,1,1,1,1,5,9,2
24028,0:1:1;0:3:2;0:3:3;1:3:2,2,4,1,1,1,0,1,1,1,1,1,5,9,2
24029,0:1:1;0:3:2;0:3:3;1:3:2,2,5,1,1,1,0,1,1,1,1,1,5,9,2
24030,0:1:1;0:3:2;0:3:3;1:3:2,3,0,0,0,0,1,0,0,0,0,0,0,17,24
24031,0:1:1;0:3:2;0:3:3;1:3:2,3,1,0,0,0,1,0,0,0,0,0,0,28,24
24032,0:1:1;0:3:2;0:3:3;1:3:2,3,2,0,0,0,1,0,0,0,0,0,0,41,24
24033,0:1:1;0:3:2;0:3:3;1:3:2,3,3,1,1,1,0,1,1,1,1,1,5,9,2
24034,0:1:1;0:3:2;0:3:3;1:3:2,3,4,1,1,1,0,1,1,1,1,1,5,9,2
24035,0:1:1;0:3:2;0:3:3;1:3:2,3,5,1,1,1,0,1,1,1,1,1,5,9,2
24036,0:1:1;0:3:2;0:3:3;1:3:2,4,0,0,0,0,1,0,0,0,0,0,0,17,24
24037,0:1:1;0:3:2;0:3:3;1:3:2,4,1,0,0,0,1,0,0,0,0,0,0,28,24
24038,0:1:1;0:3:2;0:3:3;1:3:2,4,2,0,0,0,1,0,0,0,0,0,0,41,24
24039,0:1:1;0:3:2;0:3:3;1:3:2,4,3,1,1,1,0,1,1,1,1,1,5,9,2
24040,0:1:1;0:3:2;0:3:3;1:3:2,4,4,1,1,1,0,1,1,1,1,1,5,9,2
24041,0:1:1;0:3:2;0:3:3;1:3:2,4,5,1,1,1,0,1,1,1,1,1,5,9,2
24042,0:1:1;0:3:2;0:3:3;1:3:2,5,0,0,0,0,1,0,0,0,0,0,0,17,24
24043,0:1:1;0:3:2;0:3:3;1:3:2,5,1,0,0,0,1,0,0,0,0,0,0,28,24
24044,0:1:1;0:3:2;0:3:3;1:3:2,5,2,0,0,0,1,0,0,0,0,0,0,41,24
24045,0:1:1;0:3:2;0:3:3;1:3:2,5,3,1,1,1,0,1,1,1,1,1,5,9,2
24046,0:1:1;0:3:2;0:3:3;1:3:2,5,4,1,1,1,0,1,1,1,1,1,5,9,2
24047,0:1:1;0:3:2;0:3:3;1:3:2,5,5,1,1,1,0,1,1,1,1,1,5,9,2
24048,0:1:1;0:3:2;0:3:3;1:3:3,0,0,0,0,0,1,0,0,0,0,0,0,1,24
24049,0:1:1;0:3:2;0:3:3;1:3:3,0,1,0,0,0,1,0,0,0,0,0,0,5,24
24050,0:1:1;0:3:2;0:3:3;1:3:3,0,2,0,0,0,1,0,0,0,0,0,0,21,24
24051,0:1:1;0:3:2;0:3:3;1:3:3,0,3,1,1,0,0,1,1,1,1,1,5,10,2
24052,0:1:1;0:3:2;0:3:3;1:3:3,0,4,1,1,0,0,1,1,1,1,1,5,10,2
24053,0:1:1;0:3:2;0:3:3;1:3:3,0,5,1,1,1,0,1,1,1,1,1,5,10,2
24054,0:1:1;0:3:2;0:3:3;1:3:3,1,0,0,0,0,1,0,0,0,0,0,0,2,24
24055,0:1:1;0:3:2;0:3:3;1:3:3,1,1,0,0,0,1,0,0,0,0,0,0,9,24
24056,0:1:1;0:3:2;0:3:3;1:3:3,1,2,0,0,0,1,0,0,0,0,0,0,29,24
24057,0:1:1;0:3:2;0:3:3;1:3:3,1,3,1,1,0,0,1,1,1,1,1,5,10,2
24058,0:1:1;0:3:2;0:3:3;1:3:3,1,4,1,1,1,0,1,1,1,1,1,5,10,2
24059,0:1:1;0:3:2;0:3:3;1:3:3,1,5,1,1,1,0,1,1,1,1,1,5,10,2
24060,0:1:1;0:3:2;0:3:3;1:3:3,2,0,0,0,0,1,0,0,0,0,0,0,3,24
24061,0:1:1;0:3:2;0:3:3;1:3:3,2,1,0,0,0,1,0,0,0,0,0,0,21,24
24062,0:1:1;0:3:2;0:3:3;1:3:3,2,2,0,0,0,1,0,0,0,0,0,0,42,24
24063,0:1:1;0:3:2;0:3:3;1:3:3,2,3,1,1,1,0,1,1,1,1,1,5,10,2
24064,0:1:1;0:3:2;0:3:3;1:3:3,2,4,1,1,1,0,1,1,1,1,1,5,10,2
24065,0:1:1;0:3:2;0:3:3;1:3:3,2,5,1,1,1,0,1,1,1,1,1,5,10,2
24066,0:1:1;0:3:2;0:3:3;1:3:3,3,0,0,0,0,1,0,0,0,0,0,0,18,24
24067,0:1:1;0:3:2;0:3:3;1:3:3,3,1,0,0,0,1,0,0,0,0,0,0,32,24
24068,0:1:1;0:3:2;0:3:3;1:3:3,3,2,0,0,0,1,0,0,0,0,0,0,50,24
24069,0:1:1;0:3:2;0:3:3;1:3:3,3,3,1,1,1,0,1,1,1,1,1,5,10,2
24070,0:1:1;0:3:2;0:3:3;1:3:3,3,4,1,1,1,0,1,1,1,1,1,5,10,2
24071,0:1:1;0:3:2;0:3:3;1:3:3,3,5,1,1,1,0,1,1,1,1,1,5,10,2
24072,0:1:1;0:3:2;0:3:3;1:3:3,4,0,0,0,0,1,0,0,0,0,0,0,18,24
24073,0:1:1;0:3:2;0:3:3;1:3:3,4,1,0,0,0,1,0,0,0,0,0,0,32,24
24074,0:1:1;0:3:2;0:3:3;1:3:3,4,2,0,0,0,1,0,0,0,0,0,0,50,24
24075,0:1:1;0:3:2;0:3:3;1:3:3,4,3,1,1,1,0,1,1,1,1,1,5,10,2
24076,0:1:1;0:3:2;0:3:3;1:3:3,4,4,1,1,1,0,1,1,1,1,1,5,10,2
24077,0:1:1;0:3:2;0:3:3;1:3:3,4,5,1,1,1,0,1,1,1,1,1,5,10,2
24078,0:1:1;0:3:2;0:3:3;1:3:3,5,0,0,0,0,1,0,0,0,0,0,0,18,24
24079,0:1:1;0:3:2;0:3:3;1:3:3,5,1,0,0,0,1,0,0,0,0,0,0,32,24
24080,0:1:1;0:3:2;0:3:3;1:3:3,5,2,0,0,0,1,0,0,0,0,0,0,50,24
24081,0:1:1;0:3:2;0:3:3;1:3:3,5,3,1,1,1,0,1,1,1,1,1,5,10,2
24082,0:1:1;0:3:2;0:3:3;1:3:3,5,4,1,1,1,0,1,1,1,1,1,5,10,2
24083,0:1:1;0:3:2;0:3:3;1:3:3,5,5,1,1,1,0,1,1,1,1,1,5,10,2
24084,0:1:1;0:3:2;0:3:3;1:4:3,0,0,0,0,0,1,0,0,0,0,0,0,1,24
24085,0:1:1;0:3:2;0:3:3;1:4:3,0,1,0,0,0,1,0,0,0,0,0,0,5,24
24086,0:1:1;0:3:2;0:3:3;1:4:3,0,2,1,1,0,1,0,0,1,1,1,6,16,11
24087,0:1:1;0:3:2;0:3:3;1:4:3,0,3,1,1,0,0,1,1,1,1,1,5,10,2
24088,0:1:1;0:3:2;0:3:3;1:4:3,0,4,1,1,0,0,1,1,1,1,1,5,10,2
24089,0:1:1;0:3:2;0:3:3;1:4:3,0,5,1,1,1,0,1,1,1,1,1,5,10,2
24090,0:1:1;0:3:2;0:3:3;1:4:3,1,0,0,0,0,1,0,0,0,0,0,0,2,24
24091,0:1:1;0:3:2;0:3:3;1:4:3,1,1,0,0,0,1,0,0,0,0,0,0,9,24
24092,0:1:1;0:3:2;0:3:3;1:4:3,1,2,1,1,0,1,0,0,1,1,1,6,19,11
24093,0:1:1;0:3:2;0:3:3;1:4:3,1,3,1,1,0,0,1,1,1,1,1,5,10,2
24094,0:1:1;0:3:2;0:3:3;1:4:3,1,4,1,1,1,0,1,1,1,1,1,5,10,2
24095,0:1:1;0:3:2;0:3:3;1:4:3,1,5,1,1,1,0,1,1,1,1,1,5,10,2
24096,0:1:1;0:3:2;0:3:3;1:4:3,2,0,0,0,0,1,0,0,0,0,0,0,3,24
24097,0:1:1;0:3:2;0:3:3;1:4:3,2,1,0,0,0,1,0,0,0,0,0,0,23,24
24098,0:1:1;0:3:2;0:3:3;1:4:3,2,2,1,1,0,0,1,1,1,1,1,5,10,5
24099,0:1:1;0:3:2;0:3:3;1:4:3,2,3,1,1,1,0,1,1,1,1,1,5,10,2
24100,0:1:1;0:3:2;0:3:3;1:4:3,2,4,1,1,1,0,1,1,1,1,1,5,10,2
24101,0:1:1;0:3:2;0:3:3;1:4:3,2,5,1,1,1,0,1,1,1,1,1,5,10,2
24102,0:1:1;0:3:2;0:3:3;1:4:3,3,0,0,0,0,1,0,0,0,0,0,0,23,24
24103,0:1:1;0:3:2;0:3:3;1:4:3,3,1,0,0,0,1,0,0,0,0,0,0,35,24
24104,0:1:1;0:3:2;0:3:3;1:4:3,3,2,1,1,1,0,1,1,1,1,1,5,10,5
24105,0:1:1;0:3:2;0:3:3;1:4:3,3,3,1,1,1,0,1,1,1,1,1,5,10,2
24106,0:1:1;0:3:2;0:3:3;1:4:3,3,4,1,1,1,0,1,1,1,1,1,5,10,2
24107,0:1:1;0:3:2;0:3:3;1:4:3,3,5,1,1,1,0,1,1,1,1,1,5,10,2
24108,0:1:1;0:3:2;0:3:3;1:4:3,4,0,0,0,0,1,0,0,0,0,0,0,23,24
24109,0:1:1;0:3:2;0:3:3;1:4:3,4,1,0,0,0,1,0,0,0,0,0,0,35,24
24110,0:1:1;0:3:2;0:3:3;1:4:3,4,2,1,1,1,0,1,1,1,1,1,5,10,5
24111,0:1:1;0:3:2;0:3:3;1:4:3,4,3,1,1,1,0,1,1,1,1,1,5,10,2
24112,0:1:1;0:3:2;0:3:3;1:4:3,4,4,1,1,1,0,1,1,1,1,1,5,10,2
24113,0:1:1;0:3:2;0:3:3;1:4:3,4,5,1,1,1,0,1,1,1,1,1,5,10,2
24114,0:1:1;0:3:2;0:3:3;1:4:3,5,0,0,0,0,1,0,0,0,0,0,0,23,24
24115,0:1:1;0:3:2;0:3:3;1:4:3,5,1,0,0,0,1,0,0,0,0,0,0,35,24
24116,0:1:1;0:3:2;0:3:3;1:4:3,5,2,1,1,1,0,1,1,1,1,1,5,10,5
24117,0:1:1;0:3:2;0:3:3;1:4:3,5,3,1,1,1,0,1,1,1,1,1,5,10,2
24118,0:1:1;0:3:2;0:3:3;1:4:3,5,4,1,1,1,0,1,1,1,1,1,5,10,2
24119,0:1:1;0:3:2;0:3:3;1:4:3,5,5,1,1,1,0,1,1,1,1,1,5,10,2
24120,0:1:1;0:3:2;0:4:3;0:4:3,0,0,0,0,0,1,0,0,0,0,0,0,1,24
24121,0:1:1;0:3:2;0:4:3;0:4:3,0,1,0,0,0,1,0,0,0,0,0,0,5,24
24122,0:1:1;0:3:2;0:4:3;0:4:3,0,2,0,0,0,1,0,0,0,0,0,0,14,24
24123,0:1:1;0:3:2;0:4:3;0:4:3,0,3,0,0,0,1,0,0,0,0,0,0,29,24
24124,0:1:1;0:3:2;0:4:3;0:4:3,0,4,0,0,0,1,0,0,0,0,0,0,48,24
24125,0:1:1;0:3:2;0:4:3;0:4:3,0,5,0,0,0,1,0,0,0,0,0,0,67,24
24126,0:1:1;0:3:2;0:4:3;0:4:3,1,0,0,0,0,1,0,0,0,0,0,0,1,24
24127,0:1:1;0:3:2;0:4:3;0:4:3,1,1,0,0,0,1,0,0,0,0,0,0,5,24
24128,0:1:1;0:3:2;0:4:3;0:4:3,1,2,0,0,0,1,0,0,0,0,0,0,14,24
24129,0:1:1;0:3:2;0:4:3;0:4:3,1,3,0,0,0,1,0,0,0,0,0,0,29,24
24130,0:1:1;0:3:2;0:4:3;0:4:3,1,4,0,0,0,1,0,0,0,0,0,0,48,24
24131,0:1:1;0:3:2;0:4:3;0:4:3,1,5,0,0,0,1,0,0,0,0,0,0,67,24
24132,0:1:1;0:3:2;0:4:3;0:4:3,2,0,0,0,0,1,0,0,0,0,0,0,1,24
24133,0:1:1;0:3:2;0:4:3;0:4:3,2,1,0,0,0,1,0,0,0,0,0,0,5,24
24134,0:1:1;0:3:2;0:4:3;0:4:3,2,2,0,0,0,1,0,0,0,0,0,0,14,24
24135,0:1:1;0:3:2;0:4:3;0:4:3,2,3,0,0,0,1,0,0,0,0,0,0,29,24
24136,0:1:1;0:3:2;0:4:3;0:4:3,2,4,0,0,0,1,0,0,0,0,0,0,48,24
24137,0:1:1;0:3:2;0:4:3;0:4:3,2,5,0,0,0,1,0,0,0,0,0,0,67,24
24138,0:1:1;0:3:2;0:4:3;0:4:3,3,0,0,0,0,1,0,0,0,0,0,0,1,24
24139,0:1:1;0:3:2;0:4:3;0:4:3,3,1,0,0,0,1,0,0,0,0,0,0,5,24
24140,0:1:1;0:3:2;0:4:3;0:4:3,3,2,0,0,0,1,0,0,0,0,0,0,14,24
24141,0:1:1;0:3:2;0:4:3;0:4:3,3,3,0,0,0,1,0,0,0,0,0,0,29,24
24142,0:1:1;0:3:2;0:4:3;0:4:3,3,4,0,0,0,1,0,0,0,0,0,0,48,24
24143,0:1:1;0:3:2;0:4:3;0:4:3,3,5,0,0,0,1,0,0,0,0,0,0,67,24
24144,0:1:1;0:3:2;0:4:3;0:4:3,4,0,0,0,0,1,0,0,0,0,0,0,1,24
24145,0:1:1;0:3:2;0:4:3;0:4:3,4,1,0,0,0,1,0,0,0,0,0,0,5,24
24146,0:1:1;0:3:2;0:4:3;0:4:3,4,2,0,0,0,1,0,0,0,0,0,0,14,24
24147,0:1:1;0:3:2;0:4:3;0:4:3,4,3,0,0,0,1,0,0,0,0,0,0,29,24
24148,0:1:1;0:3:2;0:4:3;0:4:3,4,4,0,0,0,1,0,0,0,0,0,0,48,24
24149,0:1:1;0:3:2;0:4:3;0:4:3,4,5,0,0,0,1,0,0,0,0,0,0,67,24
24150,0:1:1;0:3:2;0:4:3;0:4:3,5,0,0,0,0,1,0,0,0,0,0,0,1,24
24151,0:1:1;0:3:2;0:4:3;0:4:3,5,1,0,0,0,1,0,0,0,0,0,0,5,24
24152,0:1:1;0:3:2;0:4:3;0:4:3,5,2,0,0,0,1,0,0,0,0,0,0,14,24
24153,0:1:1;0:3:2;0:4:3;0:4:3,5,3,0,0,0,1,0,0,0,0,0,0,29,24
24154,0:1:1;0:3:2;0:4:3;0:4:3,5,4,0,0,0,1,0,0,0,0,0,0,48,24
24155,0:1:1;0:3:2;0:4:3;0:4:3,5,5,0,0,0,1,0,0,0,0,0,0,67,24
24156,0:1:1;0:3:2;0:4:3;1:1:1,0,0,0,0,0,1,0,0,0,0,0,0,1,24
24157,0:1:1;0:3:2;0:4:3;1:1:1,0,1,0,0,0,1,0,0,0,0,0,0,7,24
24158,0:1:1;0:3:2;0:4:3;1:1:1,0,2,0,0,0,1,0,0,0,0,0,0,17,24
24159,0:1:1;0:3:2;0:4:3;1:1:1,0,3,0,0,0,1,0,0,0,0,0,0,29,24
24160,0:1:1;0:3:2;0:4:3;1:1:1,0,4,0,0,0,1,0,0,0,0,0,0,37,24
24161,0:1:1;0:3:2;0:4:3;1:1:1,0,5,1,1,1,0,1,1,1,1,1,5,8,2
24162,0:1:1;0:3:2;0:4:3;1:1:1,1,0,0,0,0,1,0,0,0,0,0,0,5,24
24163,0:1:1;0:3:2;0:4:3;1:1:1,1,1,0,0,0,1,0,0,0,0,0,0,13,24
24164,0:1:1;0:3:2;0:4:3;1:1:1,1,2,0,0,0,1,0,0,0,0,0,0,24,24
24165,0:1:1;0:3:2;0:4:3;1:1:1,1,3,0,0,0,1,0,0,0,0,0,0,35,24
24166,0:1:1;0:3:2;0:4:3;1:1:1,1,4,0,0,0,1,0,0,0,0,0,0,43,24
24167,0:1:1;0:3:2;0:4:3;1:1:1,1,5,1,1,1,0,1,1,1,1,1,5,8,2
24168,0:1:1;0:3:2;0:4:3;1:1:1,2,0,0,0,0,1,0,0,0,0,0,0,5,24
24169,0:1:1;0:3:2;0:4:3;1:1:1,2,1,0,0,0,1,0,0,0,0,0,0,13,24
24170,0:1:1;0:3:2;0:4:3;1:1:1,2,2,0,0,0,1,0,0,0,0,0,0,24,24
24171,0:1:1;0:3:2;0:4:3;1:1:1,2,3,0,0,0,1,0,0,0,0,0,0,35,24
24172,0:1:1;0:3:2;0:4:3;1:1:1,2,4,0,0,0,1,0,0,0,0,0,0,43,24
24173,0:1:1;0:3:2;0:4:3;1:1:1,2,5,1,1,1,0,1,1,1,1,1,5,8,2
24174,0:1:1;0:3:2;0:4:3;1:1:1,3,0,0,0,0,1,0,0,0,0,0,0,5,24
24175,0:1:1;0:3:2;0:4:3;1:1:1,3,1,0,0,0,1,0,0,0,0,0,0,13,24
24176,0:1:1;0:3:2;0:4:3;1:1:1,3,2,0,0,0,1,0,0,0,0,0,0,24,24
24177,0:1:1;0:3:2;0:4:3;1:1:1,3,3,0,0,0,1,0,0,0,0,0,0,35,24
24178,0:1:1;0:3:2;0:4:3;1:1:1,3,4,0,0,0,1,0,0,0,0,0,0,43,24
24179,0:1:1;0:3:2;0:4:3;1:1:1,3,5,1,1,1,0,1,1,1,1,1,5,8,2
24180,0:1:1;0:3:2;0:4:3;1:1:1,4,0,0,0,0,1,0,0,0,0,0,0,5,24
24181,0:1:1;0:3:2;0:4:3;1:1:1,4,1,0,0,0,1,0,0,0,0,0,0,13,24
24182,0:1:1;0:3:2;0:4:3;1:1:1,4,2,0,0,0,1,0,0,0,0,0,0,24,24
24183,0:1:1;0:3:2;0:4:3;1:1:1,4,3,0,0,0,1,0,0,0,0,0,0,35,24
24184,0:1:1;0:3:2;0:4:3;1:1:1,4,4,0,0,0,1,0,0,0,0,0,0,43,24
24185,0:1:1;0:3:2;0:4:3;1:1:1,4,5,1,1,1,0,1,1,1,1,1,5,8,2
24186,0:1:1;0:3:2;0:4:3;1:1:1,5,0,0,0,0,1,0,0,0,0,0,0,5,24
24187,0:1:1;0:3:2;0:4:3;1:1:1,5,1,0,0,0,1,0,0,0,0,0,0,13,24
24188,0:1:1;0:3:2;0:4:3;1:1:1,5,2,0,0,0,1,0,0,0,0,0,0,24,24
24189,0:1:1;0:3:2;0:4:3;1:1:1,5,3,0,0,0,1,0,0,0,0,0,0,35,24
24190,0:1:1;0:3:2;0:4:3;1:1:1,5,4,0,0,0,1,0,0,0,0,0,0,43,24
24191,0:1:1;0:3:2;0:4:3;1:1:1,5,5,1,1,1,0,1,1,1,1,1,5,8,2
24192,0:1:1;0:3:2;0:4:3;1:2:1,0,0,0,0,0,1,0,0,0,0,0,0,1,24
24193,0:1:1;0:3:2;0:4:3;1:2:1,0,1,0,0,0,1,0,0,0,0,0,0,10,24
24194,0:1:1;0:3:2;0:4:3;1:2:1,0,2,0,0,0,1,0,0,0,0,0,0,21,24
24195,0:1:1;0:3:2;0:4:3;1:2:1,0,3,0,0,0,1,0,0,0,0,0,0,32,24
24196,0:1:1;0:3:2;0:4:3;1:2:1,0,4,1,1,1,0,1,1,1,1,1,5,8,2
24197,0:1:1;0:3:2;0:4:3;1:2:1,0,5,1,1,1,0,1,1,1,1,1,5,8,2
24198,0:1:1;0:3:2;0:4:3;1:2:1,1,0,0,0,0,1,0,0,0,0,0,0,10,24
24199,0:1:1;0:3:2;0:4:3;1:2:1,1,1,0,0,0,1,0,0,0,0,0,0,19,24
24200,0:1:1;0:3:2;0:4:3;1:2:1,1,2,0,0,0,1,0,0,0,0,0,0,29,24
24201,0:1:1;0:3:2;0:4:3;1:2:1,1,3,0,0,0,1,0,0,0,0,0,0,38,24
24202,0:1:1;0:3:2;0:4:3;1:2:1,1,4,1,1,1,0,1,1,1,1,1,5,8,2
24203,0:1:1;0:3:2;0:4:3;1:2:1,1,5,1,1,1,0,1,1,1,1,1,5,8,2
24204,0:1:1;0:3:2;0:4:3;1:2:1,2,0,0,0,0,1,0,0,0,0,0,0,10,24
24205,0:1:1;0:3:2;0:4:3;1:2:1,2,1,0,0,0,1,0,0,0,0,0,0,19,24
24206,0:1:1;0:3:2;0:4:3;1:2:1,2,2,0,0,0,1,0,0,0,0,0,0,29,24
24207,0:1:1;0:3:2;0:4:3;1:2:1,2,3,0,0,0,1,0,0,0,0,0,0,38,24
24208,0:1:1;0:3:2;0:4:3;1:2:1,2,4,1,1,1,0,1,1,1,1,1,5,8,2
24209,0:1:1;0:3:2;0:4:3;1:2:1,2,5,1,1,1,0,1,1,1,1,1,5,8,2
24210,0:1:1;0:3:2;0:4:3;1:2:1,3,0,0,0,0,1,0,0,0,0,0,0,10,24
24211,0:1:1;0:3:2;0:4:3;1:2:1,3,1,0,0,0,1,0,0,0,0,0,0,19,24
24212,0:1:1;0:3:2;0:4:3;1:2:1,3,2,0,0,0,1,0,0,0,0,0,0,29,24
24213,0:1:1;0:3:2;0:4:3;1:2:1,3,3,0,0,0,1,0,0,0,0,0,0,38,24
24214,0:1:1;0:3:2;0:4:3;1:2:1,3,4,1,1,1,0,1,1,1,1,1,5,8,2
24215,0:1:1;0:3:2;0:4:3;1:2:1,3,5,1,1,1,0,1,1,1,1,1,5,8,2
24216,0:1:1;0:3:2;0:4:3;1:2:1,4,0,0,0,0,1,0,0,0,0,0,0,10,24
24217,0:1:1;0:3:2;0:4:3;1:2:1,4,1,0,0,0,1,0,0,0,0,0,0,19,24
24218,0:1:1;0:3:2;0:4:3;1:2:1,4,2,0,0,0,1,0,0,0,0,0,0,29,24
24219,0:1:1;0:3:2;0:4:3;1:2:1,4,3,0,0,0,1,0,0,0,0,0,0,38,24
24220,0:1:1;0:3:2;0:4:3;1:2:1,4,4,1,1,1,0,1,1,1,1,1,5,8,2
24221,0:1:1;0:3:2;0:4:3;1:2:1,4,5,1,1,1,0,1,1,1,1,1,5,8,2
24222,0:1:1;0:3:2;0:4:3;1:2:1,5,0,0,0,0,1,0,0,0,0,0,0,10,24
24223,0:1:1;0:3:2;0:4:3;1:2:1,5,1,0,0,0,1,0,0,0,0,0,0,19,24
24224,0:1:1;0:3:2;0:4:3;1:2:1,5,2,0,0,0,1,0,0,0,0,0,0,29,24
24225,0:1:1;0:3:2;0:4:3;1:2:1,5,3,0,0,0,1,0,0,0,0,0,0,38,24
24226,0:1:1;0:3:2;0:4:3;1:2:1,5,4,1,1,1,0,1,1,1,1,1,5,8,2
24227,0:1:1;0:3:2;0:4:3;1:2:1,5,5,1,1,1,0,1,1,1,1,1,5,8,2
24228,0:1:1;0:3:2;0:4:3;1:2:2,0,0,0,0,0,1,0,0,0,0,0,0,1,24
24229,0:1:1;0:3:2;0:4:3;1:2:2,0,1,0,0,0,1,0,0,0,0,0,0,5,24
24230,0:1:1;0:3:2;0:4:3;1:2:2,0,2,0,0,0,1,0,0,0,0,0,0,18,24
24231,0:1:1;0:3:2;0:4:3;1:2:2,0,3,0,0,0,1,0,0,0,0,0,0,35,24
24232,0:1:1;0:3:2;0:4:3;1:2:2,0,4,1,1,1,0,1,1,1,1,1,5,9,2
24233,0:1:1;0:3:2;0:4:3;1:2:2,0,5,1,1,1,0,1,1,1,1,1,5,9,2
24234,0:1:1;0:3:2;0:4:3;1:2:2,1,0,0,0,0,1,0,0,0,0,0,0,2,24
24235,0:1:1;0:3:2;0:4:3;1:2:2,1,1,0,0,0,1,0,0,0,0,0,0,14,24
24236,0:1:1;0:3:2;0:4:3;1:2:2,1,2,0,0,0,1,0,0,0,0,0,0,30,24
24237,0:1:1;0:3:2;0:4:3;1:2:2,1,3,0,0,0,1,0,0,0,0,0,0,47,24
24238,0:1:1;0:3:2;0:4:3;1:2:2,1,4,1,1,1,0,1,1,1,1,1,5,9,2
24239,0:1:1;0:3:2;0:4:3;1:2:2,1,5,1,1,1,0,1,1,1,1,1,5,9,2
24240,0:1:1;0:3:2;0:4:3;1:2:2,2,0,0,0,0,1,0,0,0,0,0,0,11,24
24241,0:1:1;0:3:2;0:4:3;1:2:2,2,1,0,0,0,1,0,0,0,0,0,0,23,24
24242,0:1:1;0:3:2;0:4:3;1:2:2,2,2,0,0,0,1,0,0,0,0,0,0,38,24
24243,0:1:1;0:3:2;0:4:3;1:2:2,2,3,0,0,0,1,0,0,0,0,0,0,53,24
24244,0:1:1;0:3:2;0:4:3;1:2:2,2,4,1,1,1,0,1,1,1,1,1,5,9,2
24245,0:1:1;0:3:2;0:4:3;1:2:2,2,5,1,1,1,0,1,1,1,1,1,5,9,2
24246,0:1:1;0:3:2;0:4:3;1:2:2,3,0,0,0,0,1,0,0,0,0,0,0,11,24
24247,0:1:1;0:3:2;0:4:3;1:2:2,3,1,0,0,0,1,0,0,0,0,0,0,23,24
24248,0:1:1;0:3:2;0:4:3;1:2:2,3,2,0,0,0,1,0,0,0,0,0,0,38,24
24249,0:1:1;0:3:2;0:4:3;1:2:2,3,3,0,0,0,1,0,0,0,0,0,0,53,24
24250,0:1:1;0:3:2;0:4:3;1:2:2,3,4,1,1,1,0,1,1,1,1,1,5,9,2
24251,0:1:1;0:3:2;0:4:3;1:2:2,3,5,1,1,1,0,1,1,1,1,1,5,9,2
24252,0:1:1;0:3:2;0:4:3;1:2:2,4,0,0,0,0,1,0,0,0,0,0,0,11,24
24253,0:1:1;0:3:2;0:4:3;1:2:2,4,1,0,0,0,1,0,0,0,0,0,0,23,24
24254,0:1:1;0:3:2;0:4:3;1:2:2,4,2,0,0,0,1,0,0,0,0,0,0,38,24
24255,0:1:1;0:3:2;0:4:3;1:2:2,4,3,0,0,0,1,0,0,0,0,0,0,53,24
24256,0:1:1;0:3:2;0:4:3;1:2:2,4,4,1,1,1,0,1,1,1,1,1,5,9,2
24257,0:1:1;0:3:2;0:4:3;1:2:2,4,5,1,1,1,0,1,1,1,1,1,5,9,2
24258,0:1:1;0:3:2;0:4:3;1:2:2,5,0,0,0,0,1,0,0,0,0,0,0,11,24
24259,0:1:1;0:3:2;0:4:3;1:2:2,5,1,0,0,0,1,0,0,0,0,0,0,23,24
24260,0:1:1;0:3:2;0:4:3;1:2:2,5,2,0,0,0,1,0,0,0,0,0,0,38,24
24261,0:1:1;0:3:2;0:4:3;1:2:2,5,3,0,0,0,1,0,0,0,0,0,0,53,24
24262,0:1:1;0:3:2;0:4:3;1:2:2,5,4,1,1,1,0,1,1,1,1,1,5,9,2
24263,0:1:1;0:3:2;0:4:3;1:2:2,5,5,1,1,1,0,1,1,1,1,1,5,9,2
24264,0:1:1;0:3:2;0:4:3;1:3:2,0,0,0,0,0,1,0,0,0,0,0,0,1,24
24265,0:1:1;0:3:2;0:4:3;1:3:2,0,1,0,0,0,1,0,0,0,0,0,0,5,24
24266,0:1:1;0:3:2;0:4:3;1:3:2,0,2,0,0,0,1,0,0,0,0,0,0,20,24
24267,0:1:1;0:3:2;0:4:3;1:3:2,0,3,1,1,0,0,1,1,1,1,1,5,9,2
24268,0:1:1;0:3:2;0:4:3;1:3:2,0,4,1,1,1,0,1,1,1,1,1,5,9,2
24269,0:1:1;0:3:2;0:4:3;1:3:2,0,5,1,1,1,0,1,1,1,1,1,5,9,2
24270,0:1:1;0:3:2;0:4:3;1:3:2,1,0,0,0,0,1,0,0,0,0,0,0,2,24
24271,0:1:1;0:3:2;0:4:3;1:3:2,1,1,0,0,0,1,0,0,0,0,0,0,17,24
24272,0:1:1;0:3:2;0:4:3;1:3:2,1,2,0,0,0,1,0,0,0,0,0,0,33,24
24273,0:1:1;0:3:2;0:4:3;1:3:2,1,3,1,1,1,0,1,1,1,1,1,5,9,2
24274,0:1:1;0:3:2;0:4:3;1:3:2,1,4,1,1,1,0,1,1,1,1,1,5,9,2
24275,0:1:1;0:3:2;0:4:3;1:3:2,1,5,1,1,1,0,1,1,1,1,1,5,9,2
24276,0:1:1;0:3:2;0:4:3;1:3:2,2,0,0,0,0,1,0,0,0,0,0,0,17,24
24277,0:1:1;0:3:2;0:4:3;1:3:2,2,1,0,0,0,1,0,0,0,0,0,0,28,24
24278,0:1:1;0:3:2;0:4:3;1:3:2,2,2,0,0,0,1,0,0,0,0,0,0,41,24
24279,0:1:1;0:3:2;0:4:3;1:3:2,2,3,1,1,1,0,1,1,1,1,1,5,9,2
24280,0:1:1;0:3:2;0:4:3;1:3:2,2,4,1,1,1,0,1,1,1,1,1,5,9,2
24281,0:1:1;0:3:2;0:4:3;1:3:2,2,5,1,1,1,0,1,1,1,1,1,5,9,2
24282,0:1:1;0:3:2;0:4:3;1:3:2,3,0,0,0,0,1,0,0,0,0,0,0,17,24
24283,0:1:1;0:3:2;0:4:3;1:3:2,3,1,0,0,0,1,0,0,0,0,0,0,28,24
24284,0:1:1;0:3:2;0:4:3;1:3:2,3,2,0,0,0,1,0,0,0,0,0,0,41,24
24285,0:1:1;0:3:2;0:4:3;1:3:2,3,3,1,1,1,0,1,1,1,1,1,5,9,2
24286,0:1:1;0:3:2;0:4:3;1:3:2,3,4,1,1,1,0,1,1,1,1,1,5,9,2
24287,0:1:1;0:3:2;0:4:3;1:3:2,3,5,1,1,1,0,1,1,1,1,1,5,9,2
24288,0:1:1;0:3:2;0:4:3;1:3:2,4,0,0,0,0,1,0,0,0,0,0,0,17,24
24289,0:1:1;0:3:2;0:4:3;1:3:2,4,1,0,0,0,1,0,0,0,0,0,0,28,24
24290,0:1:1;0:3:2;0:4:3;1:3:2,4,2,0,0,0,1,0,0,0,0,0,0,41,24
24291,0:1:1;0:3:2;0:4:3;1:3:2,4,3,1,1,1,0,1,1,1,1,1,5,9,2
24292,0:1:1;0:3:2;0:4:3;1:3:2,4,4,1,1,1,0,1,1,1,1,1,5,9,2
24293,0:1:1;0:3:2;0:4:3;1:3:2,4,5,1,1,1,0,1,1,1,1,1,5,9,2
24294,0:1:1;0:3:2;0:4:3;1:3:2,5,0,0,0,0,1,0,0,0,0,0,0,17,24
24295,0:1:1;0:3:2;0:4:3;1:3:2,5,1,0,0,0,1,0,0,0,0,0,0,28,24
24296,0:1:1;0:3:2;0:4:3;1:3:2,5,2,0,0,0,1,0,0,0,0,0,0,41,24
24297,0:1:1;0:3:2;0:4:3;1:3:2,5,3,1,1,1,0,1,1,1,1,1,5,9,2
24298,0:1:1;0:3:2;0:4:3;1:3:2,5,4,1,1,1,0,1,1,1,1,1,5,9,2
24299,0:1:1;0:3:2;0:4:3;1:3:2,5,5,1,1,1,0,1,1,1,1,1,5,9,2
24300,0:1:1;0:3:2;0:4:3;1:3:3,0,0,0,0,0,1,0,0,0,0,0,0,1,24
24301,0:1:1;0:3:2;0:4:3;1:3:3,0,1,0,0,0,1,0,0,0,0,0,0,5,24
24302,0:1:1;0:3:2;0:4:3;1:3:3,0,2,0,0,0,1,0,0,0,0,0,0,21,24
24303,0:1:1;0:3:2;0:4:3;1:3:3,0,3,1,1,0,0,1,1,1,1,1,5,10,2
24304,0:1:1;0:3:2;0:4:3;1:3:3,0,4,1,1,0,0,1,1,1,1,1,5,10,2
24305,0:1:1;0:3:2;0:4:3;1:3:3,0,5,1,1,1,0,1,1,1,1,1,5,10,2
24306,0:1:1;0:3:2;0:4:3;1:3:3,1,0,0,0,0,1,0,0,0,0,0,0,2,24
24307,0:1:1;0:3:2;0:4:3;1:3:3,1,1,0,0,0,1,0,0,0,0,0,0,9,24
24308,0:1:1;0:3:2;0:4:3;1:3:3,1,2,0,0,0,1,0,0,0,0,0,0,29,24
24309,0:1:1;0:3:2;0:4:3;1:3:3,1,3,1,1,0,0,1,1,1,1,1,5,10,2
24310,0:1:1;0:3:2;0:4:3;1:3:3,1,4,1,1,1,0,1,1,1,1,1,5,10,2
24311,0:1:1;0:3:2;0:4:3;1:3:3,1,5,1,1,1,0,1,1,1,1,1,5,10,2
24312,0:1:1;0:3:2;0:4:3;1:3:3,2,0,0,0,0,1,0,0,0,0,0,0,3,24
24313,0:1:1;0:3:2;0:4:3;1:3:3,2,1,0,0,0,1,0,0,0,0,0,0,21,24
24314,0:1:1;0:3:2;0:4:3;1:3:3,2,2,0,0,0,1,0,0,0,0,0,0,42,24
24315,0:1:1;0:3:2;0:4:3;1:3:3,2,3,1,1,1,0,1,1,1,1,1,5,10,2
24316,0:1:1;0:3:2;0:4:3;1:3:3,2,4,1,1,1,0,1,1,1,1,1,5,10,2
24317,0:1:1;0:3:2;0:4:3;1:3:3,2,5,1,1,1,0,1,1,1,1,1,5,10,2
24318,0:1:1;0:3:2;0:4:3;1:3:3,3,0,0,0,0,1,0,0,0,0,0,0,18,24
24319,0:1:1;0:3:2;0:4:3;1:3:3,3,1,0,0,0,1,0,0,0,0,0,0,32,24
24320,0:1:1;0:3:2;0:4:3;1:3:3,3,2,0,0,0,1,0,0,0,0,0,0,50,24
24321,0:1:1;0:3:2;0:4:3;1:3:3,3,3,1,1,1,0,1,1,1,1,1,5,10,2
24322,0:1:1;0:3:2;0:4:3;1:3:3,3,4,1,1,1,0,1,1,1,1,1,5,10,2
24323,0:1:1;0:3:2;0:4:3;1:3:3,3,5,1,1,1,0,1,1,1,1,1,5,10,2
24324,0:1:1;0:3:2;0:4:3;1:3:3,4,0,0,0,0,1,0,0,0,0,0,0,18,24
24325,0:1:1;0:3:2;0:4:3;1:3:3,4,1,0,0,0,1,0,0,0,0,0,0,32,24
24326,0:1:1;0:3:2;0:4:3;1:3:3,4,2,0,0,0,1,0,0,0,0,0,0,50,24
24327,0:1:1;0:3:2;0:4:3;1:3:3,4,3,1,1,1,0,1,1,1,1,1,5,10,2
24328,0:1:1;0:3:2;0:4:3;1:3:3,4,4,1,1,1,0,1,1,1,1,1,5,10,2
24329,0:1:1;0:3:2;0:4:3;1:3:3,4,5,1,1,1,0,1,1,1,1,1,5,10,2
24330,0:1:1;0:3:2;0:4:3;1:3:3,5,0,0,0,0,1,0,0,0,0,0,0,18,24
24331,0:1:1;0:3:2;0:4:3;1:3:3,5,1,0,0,0,1,0,0,0,0,0,0,32,24
24332,0:1:1;0:3:2;0:4:3;1:3:3,5,2,0,0,0,1,0,0,0,0,0,0,50,24
24333,0:1:1;0:3:2;0:4:3;1:3:3,5,3,1,1,1,0,1,1,1,1,1,5,10,2
24334,0:1:1;0:3:2;0:4:3;1:3:3,5,4,1,1,1,0,1,1,1,1,1,5,10,2
24335,0:1:1;0:3:2;0:4:3;1:3:3,5,5,1,1,1,0,1,1,1,1,1,5,10,2
24336,0:1:1;0:3:2;0:4:3;1:4:3,0,0,0,0,0,1,0,0,0,0,0,0,1,24
24337,0:1:1;0:3:2;0:4:3;1:4:3,0,1,0,0,0,1,0,0,0,0,0,0,5,24
24338,0:1:1;0:3:2;0:4:3;1:4:3,0,2,1,1,0,1,0,0,1,1,1,6,16,11
24339,0:1:1;0:3:2;0:4:3;1:4:3,0,3,1,1,0,0,1,1,1,1,1,5,10,2
24340,0:1:1;0:3:2;0:4:3;1:4:3,0,4,1,1,0,0,1,1,1,1,1,5,10,2
24341,0:1:1;0:3:2;0:4:3;1:4:3,0,5,1,1,1,0,1,1,1,1,1,5,10,2
24342,0:1:1;0:3:2;0:4:3;1:4:3,1,0,0,0,0,1,0,0,0,0,0,0,2,24
24343,0:1:1;0:3:2;0:4:3;1:4:3,1,1,0,0,0,1,0,0,0,0,0,0,9,24
24344,0:1:1;0:3:2;0:4:3;1:4:3,1,2,1,1,0,1,0,0,1,1,1,6,19,11
24345,0:1:1;0:3:2;0:4:3;1:4:3,1,3,1,1,0,0,1,1,1,1,1,5,10,2
24346,0:1:1;0:3:2;0:4:3;1:4:3,1,4,1,1,1,0,1,1,1,1,1,5,10,2
24347,0:1:1;0:3:2;0:4:3;1:4:3,1,5,1,1,1,0,1,1,1,1,1,5,10,2
24348,0:1:1;0:3:2;0:4:3;1:4:3,2,0,0,0,0,1,0,0,0,0,0,0,3,24
24349,0:1:1;0:3:2;0:4:3;1:4:3,2,1,0,0,0,1,0,0,0,0,0,0,23,24
24350,0:1:1;0:3:2;0:4:3;1:4:3,2,2,1,1,0,0,1,1,1,1,1,5,10,5
24351,0:1:1;0:3:2;0:4:3;1:4:3,2,3,1,1,1,0,1,1,1,1,1,5,10,2
24352,0:1:1;0:3:2;0:4:3;1:4:3,2,4,1,1,1,0,1,1,1,1,1,5,10,2
24353,0:1:1;0:3:2;0:4:3;1:4:3,2,5,1,1,1,0,1,1,1,1,1,5,10,2
24354,0:1:1;0:3:2;0:4:3;1:4:3,3,0,0,0,0,1,0,0,0,0,0,0,23,24
24355,0:1:1;0:3:2;0:4:3;1:4:3,3,1,0,0,0,1,0,0,0,0,0,0,35,24
24356,0:1:1;0:3:2;0:4:3;1:4:3,3,2,1,1,1,0,1,1,1,1,1,5,10,5
24357,0:1:1;0:3:2;0:4:3;1:4:3,3,3,1,1,1,0,1,1,1,1,1,5,10,2
24358,0:1:1;0:3:2;0:4:3;1:4:3,3,4,1,1,1,0,1,1,1,1,1,5,10,2
24359,0:1:1;0:3:2;0:4:3;1:4:3,3,5,1,1,1,0,1,1,1,1,1,5,10,2
24360,0:1:1;0:3:2;0:4:3;1:4:3,4,0,0,0,0,1,0,0,0,0,0,0,23,24
24361,0:1:1;0:3:2;0:4:3;1:4:3,4,1,0,0,0,1,0,0,0,0,0,0,35,24
24362,0:1:1;0:3:2;0:4:3;1:4:3,4,2,1,1,1,0,1,1,1,1,1,5,10,5
24363,0:1:1;0:3:2;0:4:3;1:4:3,4,3,1,1,1,0,1,1,1,1,1,5,10,2
24364,0:1:1;0:3:2;0:4:3;1:4:3,4,4,1,1,1,0,1,1,1,1,1,5,10,2
24365,0:1:1;0:3:2;0:4:3;1:4:3,4,5,1,1,1,0,1,1,1,1,1,5,10,2
24366,0:1:1;0:3:2;0:4:3;1:4:3,5,0,0,0,0,1,0,0,0,0,0,0,23,24
24367,0:1:1;0:3:2;0:4:3;1:4:3,5,1,0,0,0,1,0,0,0,0,0,0,35,24
24368,0:1:1;0:3:2;0:4:3;1:4:3,5,2,1,1,1,0,1,1,1,1,1,5,10,5
24369,0:1:1;0:3:2;0:4:3;1:4:3,5,3,1,1,1,0,1,1,1,1,1,5,10,2
24370,0:1:1;0:3:2;0:4:3;1:4:3,5,4,1,1,1,0,1,1,1,1,1,5,10,2
24371,0:1:1;0:3:2;0:4:3;1:4:3,5,5,1,1,1,0,1,1,1,1,1,5,10,2
24372,0:1:1;0:3:2;1:1:1;1:1:1,0,0,0,0,0,1,0,0,0,0,0,0,1,24
24373,0:1:1;0:3:2;1:1:1;1:1:1,0,1,1,0,0,1,0,0,0,0,0,4,7,24
24374,0:1:1;0:3:2;1:1:1;1:1:1,0,2,1,1,1,0,1,1,1,1,1,5,6,3
24375,0:1:1;0:3:2;1:1:1;1:1:1,0,3,1,1,1,0,1,1,1,1,1,5,6,1
24376,0:1:1;0:3:2;1:1:1;1:1:1,0,4,1,1,1,0,1,1,1,1,1,5,6,1
24377,0:1:1;0:3:2;1:1:1;1:1:1,0,5,1,1,1,0,1,1,1,1,1,5,6,1
24378,0:1:1;0:3:2;1:1:1;1:1:1,1,0,0,0,0,1,0,0,0,0,0,0,9,24
24379,0:1:1;0:3:2;1:1:1;1:1:1,1,1,1,1,1,0,1,1,1,1,1,5,6,4
24380,0:1:1;0:3:2;1:1:1;1:1:1,1,2,1,1,1,0,1,1,1,1,1,5,6,3
24381,0:1:1;0:3:2;1:1:1;1:1:1,1,3,1,1,1,0,1,1,1,1,1,5,6,1
24382,0:1:1;0:3:2;1:1:1;1:1:1,1,4,1,1,1,0,1,1,1,1,1,5,6,1
24383,0:1:1;0:3:2;1:1:1;1:1:1,1,5,1,1,1,0,1,1,1,1,1,5,6,1
24384,0:1:1;0:3:2;1:1:1;1:1:1,2,0,0,0,0,1,0,0,0,0,0,0,12,24
24385,0:1:1;0:3:2;1:1:1;1:1:1,2,1,1,1,1,0,1,1,1,1,1,5,6,4
24386,0:1:1;0:3:2;1:1:1;1:1:1,2,2,1,1,1,0,1,1,1,1,1,5,6,3
24387,0:1:1;0:3:2;1:1:1;1:1:1,2,3,1,1,1,0,1,1,1,1,1,5,6,1
24388,0:1:1;0:3:2;1:1:1;1:1:1,2,4,1,1,1,0,1,1,1,1,1,5,6,1
24389,0:1:1;0:3:2;1:1:1;1:1:1,2,5,1,1,1,0,1,1,1,1,1,5,6,1
24390,0:1:1;0:3:2;1:1:1;1:1:1,3,0,0,0,0,1,0,0,0,0,0,0,12,24
24391,0:1:1;0:3:2;1:1:1;1:1:1,3,1,1,1,1,0,1,1,1,1,1,5,6,4
24392,0:1:1;0:3:2;1:1:1;1:1:1,3,2,1,1,1,0,1,1,1,1,1,5,6,3
24393,0:1:1;0:3:2;1:1:1;1:1:1,3,3,1,1,1,0,1,1,1,1,1,5,6,1
24394,0:1:1;0:3:2;1:1:1;1:1:1,3,4,1,1,1,0,1,1,1,1,1,5,6,1
24395,0:1:1;0:3:2;1:1:1;1:1:1,3,5,1,1,1,0,1,1,1,1,1,5,6,1
24396,0:1:1;0:3:2;1:1:1;1:1:1,4,0,0,0,0,1,0,0,0,0,0,0,12,24
24397,0:1:1;0:3:2;1:1:1;1:1:1,4,1,1,1,1,0,1,1,1,1,1,5,6,4
24398,0:1:1;0:3:2;1:1:1;1:1:1,4,2,1,1,1,0,1,1,1,1,1,5,6,3
24399,0:1:1;0:3:2;1:1:1;1:1:1,4,3,1,1,1,0,1,1,1,1,1,5,6,1
24400,0:1:1;0:3:2;1:1:1;1:1:1,4,4,1,1,1,0,1,1,1,1,1,5,6,1
24401,0:1:1;0:3:2;1:1:1;1:1:1,4,5,1,1,1,0,1,1,1,1,1,5,6,1
24402,0:1:1;0:3:2;1:1:1;1:1:1,5,0,0,0,0,1,0,0,0,0,0,0,12,24
24403,0:1:1;0:3:2;1:1:1;1:1:1,5,1,1,1,1,0,1,1,1,1,1,5,6,4
24404,0:1:1;0:3:2;1:1:1;1:1:1,5,2,1,1,1,0,1,1,1,1,1,5,6,3
24405,0:1:1;0:3:2;1:1:1;1:1:1,5,3,1,1,1,0,1,1,1,1,1,5,6,1
24406,0:1:1;0:3:2;1:1:1;1:1:1,5,4,1,1,1,0,1,1,1,1,1,5,6,1
24407,0:1:1;0:3:2;1:1:1;1:1:1,5,5,1,1,1,0,1,1,1,1,1,5,6,1
24408,0:1:1;0:3:2;1:1:1;1:2:1,0,0,1,0,0,1,0,0,0,0,0,1,1,24
24409,0:1:1;0:3:2;1:1:1;1:2:1,0,1,1,1,0,1,0,0,0,1,1,6,8,5
24410,0:1:1;0:3:2;1:1:1;1:2:1,0,2,1,1,1,0,1,1,1,1,1,5,6,3
24411,0:1:1;0:3:2;1:1:1;1:2:1,0,3,1,1,1,0,1,1,1,1,1,5,6,1
24412,0:1:1;0:3:2;1:1:1;1:2:1,0,4,1,1,1,0,1,1,1,1,1,5,6,1
24413,0:1:1;0:3:2;1:1:1;1:2:1,0,5,1,1,1,0,1,1,1,1,1,5,6,1
24414,0:1:1;0:3:2;1:1:1;1:2:1,1,0,1,1,0,0,1,1,1,1,1,5,6,14
24415,0:1:1;0:3:2;1:1:1;1:2:1,1,1,1,1,1,0,1,1,1,1,1,5,6,4
24416,0:1:1;0:3:2;1:1:1;1:2:1,1,2,1,1,1,0,1,1,1,1,1,5,6,3
24417,0:1:1;0:3:2;1:1:1;1:2:1,1,3,1,1,1,0,1,1,1,1,1,5,6,1
24418,0:1:1;0:3:2;1:1:1;1:2:1,1,4,1,1,1,0,1,1,1,1,1,5,6,1
24419,0:1:1;0:3:2;1:1:1;1:2:1,1,5,1,1,1,0,1,1,1,1,1,5,6,1
24420,0:1:1;0:3:2;1:1:1;1:2:1,2,0,1,1,1,0,1,1,1,1,1,5,6,14
24421,0:1:1;0:3:2;1:1:1;1:2:1,2,1,1,1,1,0,1,1,1,1,1,5,6,4
24422,0:1:1;0:3:2;1:1:1;1:2:1,2,2,1,1,1,0,1,1,1,1,1,5,6,3
24423,0:1:1;0:3:2;1:1:1;1:2:1,2,3,1,1,1,0,1,1,1,1,1,5,6,1
24424,0:1:1;0:3:2;1:1:1;1:2:1,2,4,1,1,1,0,1,1,1,1,1,5,6,1
24425,0:1:1;0:3:2;1:1:1;1:2:1,2,5,1,1,1,0,1,1,1,1,1,5,6,1
24426,0:1:1;0:3:2;1:1:1;1:2:1,3,0,1,1,1,0,1,1,1,1,1,5,6,14
24427,0:1:1;0:3:2;1:1:1;1:2:1,3,1,1,1,1,0,1,1,1,1,1,5,6,4
24428,0:1:1;0:3:2;1:1:1;1:2:1,3,2,1,1,1,0,1,1,1,1,1,5,6,3
24429,0:1:1;0:3:2;1:1:1;1:2:1,3,3,1,1,1,0,1,1,1,1,1,5,6,1
24430,0:1:1;0:3:2;1:1:1;1:2:1,3,4,1,1,1,0,1,1,1,1,1,5,6,1
24431,0:1:1;0:3:2;1:1:1;1:2:1,3,5,1,1,1,0,1,1,1,1,1,5,6,1
24432,0:1:1;0:3:2;1:1:1;1:2:1,4,0,1,1,1,0,1,1,1,1,1,5,6,14
24433,0:1:1;0:3:2;1:1:1;1:2:1,4,1,1,1,1,0,1,1,1,1,1,5,6,4
24434,0:1:1;0:3:2;1:1:1;1:2:1,4,2,1,1,1,0,1,1,1,1,1,5,6,3
24435,0:1:1;0:3:2;1:1:1;1:2:1,4,3,1,1,1,0,1,1,1,1,1,5,6,1
24436,0:1:1;0:3:2;1:1:1;1:2:1,4,4,1,1,1,0,1,1,1,1,1,5,6,1
24437,0:1:1;0:3:2;1:1:1;1:2:1,4,5,1,1,1,0,1,1,1,1,1,5,6,1
24438,0:1:1;0:3:2;1:1:1;1:2:1,5,0,1,1,1,0,1,1,1,1,1,5,6,14
24439,0:1:1;0:3:2;1:1:1;1:2:1,5,1,1,1,1,0,1,1,1,1,1,5,6,4
24440,0:1:1;0:3:2;1:1:1;1:2:1,5,2,1,1,1,0,1,1,1,1,1,5,6,3
24441,0:1:1;0:3:2;1:1:1;1:2:1,5,3,1,1,1,0,1,1,1,1,1,5,6,1
24442,0:1:1;0:3:2;1:1:1;1:2:1,5,4,1,1,1,0,1,1,1,1,1,5,6,1
24443,0:1:1;0:3:2;1:1:1;1:2:1,5,5,1,1,1,0,1,1,1,1,1,5,6,1
24444,0:1:1;0:3:2;1:1:1;1:2:2,0,0,1,0,0,1,0,0,0,0,0,1,1,24
24445,0:1:1;0:3:2;1:1:1;1:2:2,0,1,1,0,0,1,0,0,0,0,0,3,6,24
24446,0:1:1;0:3:2;1:1:1;1:2:2,0,2,1,1,0,0,1,1,1,1,1,5,7,3
24447,0:1:1;0:3:2;1:1:1;1:2:2,0,3,1,1,1,0,1,1,1,1,1,5,7,1
24448,0:1:1;0:3:2;1:1:1;1:2:2,0,4,1,1,1,0,1,1,1,1,1,5,7,1
24449,0:1:1;0:3:2;1:1:1;1:2:2,0,5,1,1,1,0,1,1,1,1,1,5,7,1
24450,0:1:1;0:3:2;1:1:1;1:2:2,1,0,1,0,0,1,0,0,0,0,0,3,6,24
24451,0:1:1;0:3:2;1:1:1;1:2:2,1,1,1,1,0,1,0,0,1,0,1,6,11,5
24452,0:1:1;0:3:2;1:1:1;1:2:2,1,2,1,1,1,0,1,1,1,1,1,5,7,3
24453,0:1:1;0:3:2;1:1:1;1:2:2,1,3,1,1,1,0,1,1,1,1,1,5,7,1
24454,0:1:1;0:3:2;1:1:1;1:2:2,1,4,1,1,1,0,1,1,1,1,1,5,7,1
24455,0:1:1;0:3:2;1:1:1;1:2:2,1,5,1,1,1,0,1,1,1,1,1,5,7,1
24456,0:1:1;0:3:2;1:1:1;1:2:2,2,0,1,1,0,0,1,1,1,1,1,5,7,14
24457,0:1:1;0:3:2;1:1:1;1:2:2,2,1,1,1,1,0,1,1,1,1,1,5,7,4
24458,0:1:1;0:3:2;1:1:1;1:2:2,2,2,1,1,1,0,1,1,1,1,1,5,7,3
24459,0:1:1;0:3:2;1:1:1;1:2:2,2,3,1,1,1,0,1,1,1,1,1,5,7,1
24460,0:1:1;0:3:2;1:1:1;1:2:2,2,4,1,1,1,0,1,1,1,1,1,5,7,1
24461,0:1:1;0:3:2;1:1:1;1:2:2,2,5,1,1,1,0,1,1,1,1,1,5,7,1
24462,0:1:1;0:3:2;1:1:1;1:2:2,3,0,1,1,1,0,1,1,1,1,1,5,7,14
24463,0:1:1;0:3:2;1:1:1;1:2:2,3,1,1,1,1,0,1,1,1,1,1,5,7,4
24464,0:1:1;0:3:2;1:1:1;1:2:2,3,2,1,1,1,0,1,1,1,1,1,5,7,3
24465,0:1:1;0:3:2;1:1:1;1:2:2,3,3,1,1,1,0,1,1,1,1,1,5,7,1
24466,0:1:1;0:3:2;1:1:1;1:2:2,3,4,1,1,1,0,1,1,1,1,1,5,7,1
24467,0:1:1;0:3:2;1:1:1;1:2:2,3,5,1,1,1,0,1,1,1,1,1,5,7,1
24468,0:1:1;0:3:2;1:1:1;1:2:2,4,0,1,1,1,0,1,1,1,1,1,5,7,14
24469,0:1:1;0:3:2;1:1:1;1:2:2,4,1,1,1,1,0,1,1,1,1,1,5,7,4
24470,0:1:1;0:3:2;1:1:1;1:2:2,4,2,1,1,1,0,1,1,1,1,1,5,7,3
24471,0:1:1;0:3:2;1:1:1;1:2:2,4,3,1,1,1,0,1,1,1,1,1,5,7,1
24472,0:1:1;0:3:2;1:1:1;1:2:2,4,4,1,1,1,0,1,1,1,1,1,5,7,1
24473,0:1:1;0:3:2;1:1:1;1:2:2,4,5,1,1,1,0,1,1,1,1,1,5,7,1
24474,0:1:1;0:3:2;1:1:1;1:2:2,5,0,1,1,1,0,1,1,1,1,1,5,7,14
24475,0:1:1;0:3:2;1:1:1;1:2:2,5,1,1,1,1,0,1,1,1,1,1,5,7,4
24476,0:1:1;0:3:2;1:1:1;1:2:2,5,2,1,1,1,0,1,1,1,1,1,5,7,3
24477,0:1:1;0:3:2;1:1:1;1:2:2,5,3,1,1,1,0,1,1,1,1,1,5,7,1
24478,0:1:1;0:3:2;1:1:1;1:2:2,5,4,1,1,1,0,1,1,1,1,1,5,7,1
24479,0:1:1;0:3:2;1:1:1;1:2:2,5,5,1,1,1,0,1,1,1,1,1,5,7,1
24480,0:1:1;0:3:2;1:1:1;1:3:2,0,0,1,0,0,1,0,0,0,0,0,1,1,24
24481,0:1:1;0:3:2;1:1:1;1:3:2,0,1,1,0,0,1,0,0,0,0,0,3,6,24
24482,0:1:1;0:3:2;1:1:1;1:3:2,0,2,1,1,0,0,1,1,1,1,1,5,7,3
24483,0:1:1;0:3:2;1:1:1;1:3:2,0,3,1,1,1,0,1,1,1,1,1,5,7,1
24484,0:1:1;0:3:2;1:1:1;1:3:2,0,4,1,1,1,0,1,1,1,1,1,5,7,1
24485,0:1:1;0:3:2;1:1:1;1:3:2,0,5,1,1,1,0,1,1,1,1,1,5,7,1
24486,0:1:1;0:3:2;1:1:1;1:3:2,1,0,1,0,0,1,0,0,0,0,0,3,6,24
24487,0:1:1;0:3:2;1:1:1;1:3:2,1,1,1,1,0,1,0,0,1,1,1,6,11,5
24488,0:1:1;0:3:2;1:1:1;1:3:2,1,2,1,1,1,0,1,1,1,1,1,5,7,3
24489,0:1:1;0:3:2;1:1:1;1:3:2,1,3,1,1,1,0,1,1,1,1,1,5,7,1
24490,0:1:1;0:3:2;1:1:1;1:3:2,1,4,1,1,1,0,1,1,1,1,1,5,7,1
24491,0:1:1;0:3:2;1:1:1;1:3:2,1,5,1,1,1,0,1,1,1,1,1,5,7,1
24492,0:1:1;0:3:2;1:1:1;1:3:2,2,0,1,1,0,0,1,1,1,1,1,5,7,14
24493,0:1:1;0:3:2;1:1:1;1:3:2,2,1,1,1,1,0,1,1,1,1,1,5,7,4
24494,0:1:1;0:3:2;1:1:1;1:3:2,2,2,1,1,1,0,1,1,1,1,1,5,7,3
24495,0:1:1;0:3:2;1:1:1;1:3:2,2,3,1,1,1,0,1,1,1,1,1,5,7,1
24496,0:1:1;0:3:2;1:1:1;1:3:2,2,4,1,1,1,0,1,1,1,1,1,5,7,1
24497,0:1:1;0:3:2;1:1:1;1:3:2,2,5,1,1,1,0,1,1,1,1,1,5,7,1
24498,0:1:1;0:3:2;1:1:1;1:3:2,3,0,1,1,1,0,1,1,1,1,1,5,7,14
24499,0:1:1;0:3:2;1:1:1;1:3:2,3,1,1,1,1,0,1,1,1,1,1,5,7,4
24500,0:1:1;0:3:2;1:1:1;1:3:2,3,2,1,1,1,0,1,1,1,1,1,5,7,3
24501,0:1:1;0:3:2;1:1:1;1:3:2,3,3,1,1,1,0,1,1,1,1,1,5,7,1
24502,0:1:1;0:3:2;1:1:1;1:3:2,3,4,1,1,1,0,1,1,1,1,1,5,7,1
24503,0:1:1;0:3:2;1:1:1;1:3:2,3,5,1,1,1,0,1,1,1,1,1,5,7,1
24504,0:1:1;0:3:2;1:1:1;1:3:2,4,0,1,1,1,0,1,1,1,1,1,5,7,14
24505,0:1:1;0:3:2;1:1:1;1:3:2,4,1,1,1,1,0,1,1,1,1,1,5,7,4
24506,0:1:1;0:3:2;1:1:1;1:3:2,4,2,1,1,1,0,1,1,1,1,1,5,7,3
24507,0:1:1;0:3:2;1:1:1;1:3:2,4,3,1,1,1,0,1,1,1,1,1,5,7,1
24508,0:1:1;0:3:2;1:1:1;1:3:2,4,4,1,1,1,0,1,1,1,1,1,5,7,1
24509,0:1:1;0:3:2;1:1:1;1:3:2,4,5,1,1,1,0,1,1,1,1,1,5,7,1
24510,0:1:1;0:3:2;1:1:1;1:3:2,5,0,1,1,1,0,1,1,1,1,1,5,7,14
24511,0:1:1;0:3:2;1:1:1;1:3:2,5,1,1,1,1,0,1,1,1,1,1,5,7,4
24512,0:1:1;0:3:2;1:1:1;1:3:2,5,2,1,1,1,0,1,1,1,1,1,5,7,3
24513,0:1:1;0:3:2;1:1:1;1:3:2,5,3,1,1,1,0,1,1,1,1,1,5,7,1
24514,0:1:1;0:3:2;1:1:1;1:3:2,5,4,1,1,1,0,1,1,1,1,1,5,7,1
24515,0:1:1;0:3:2;1:1:1;1:3:2,5,5,1,1,1,0,1,1,1,1,1,5,7,1
24516,0:1:1;0:3:2;1:1:1;1:3:3,0,0,1,0,0,1,0,0,0,0,0,1,1,24
24517,0:1:1;0:3:2;1:1:1;1:3:3,0,1,1,0,0,1,0,0,0,0,0,3,6,24
24518,0:1:1;0:3:2;1:1:1;1:3:3,0,2,1,1,0,0,1,1,1,1,1,5,8,3
24519,0:1:1;0:3:2;1:1:1;1:3:3,0,3,1,1,0,0,1,1,1,1,1,5,8,1
24520,0:1:1;0:3:2;1:1:1;1:3:3,0,4,1,1,1,0,1,1,1,1,1,5,8,1
24521,0:1:1;0:3:2;1:1:1;1:3:3,0,5,1,1,1,0,1,1,1,1,1,5,8,1
24522,0:1:1;0:3:2;1:1:1;1:3:3,1,0,1,0,0,1,0,0,0,0,0,3,6,24
24523,0:1:1;0:3:2;1:1:1;1:3:3,1,1,1,1,0,1,0,0,0,0,1,7,15,16
24524,0:1:1;0:3:2;1:1:1;1:3:3,1,2,1,1,0,0,1,1,1,1,1,5,8,3
24525,0:1:1;0:3:2;1:1:1;1:3:3,1,3,1,1,1,0,1,1,1,1,1,5,8,1
24526,0:1:1;0:3:2;1:1:1;1:3:3,1,4,1,1,1,0,1,1,1,1,1,5,8,1
24527,0:1:1;0:3:2;1:1:1;1:3:3,1,5,1,1,1,0,1,1,1,1,1,5,8,1
24528,0:1:1;0:3:2;1:1:1;1:3:3,2,0,1,0,0,1,0,0,0,0,0,3,10,24
24529,0:1:1;0:3:2;1:1:1;1:3:3,2,1,1,1,0,1,0,0,1,0,1,6,14,5
24530,0:1:1;0:3:2;1:1:1;1:3:3,2,2,1,1,1,0,1,1,1,1,1,5,8,3
24531,0:1:1;0:3:2;1:1:1;1:3:3,2,3,1,1,1,0,1,1,1,1,1,5,8,1
24532,0:1:1;0:3:2;1:1:1;1:3:3,2,4,1,1,1,0,1,1,1,1,1,5,8,1
24533,0:1:1;0:3:2;1:1:1;1:3:3,2,5,1,1,1,0,1,1,1,1,1,5,8,1
24534,0:1:1;0:3:2;1:1:1;1:3:3,3,0,1,1,0,0,1,1,1,1,1,5,8,14
24535,0:1:1;0:3:2;1:1:1;1:3:3,3,1,1,1,1,0,1,1,1,1,1,5,8,4
24536,0:1:1;0:3:2;1:1:1;1:3:3,3,2,1,1,1,0,1,1,1,1,1,5,8,3
24537,0:1:1;0:3:2;1:1:1;1:3:3,3,3,1,1,1,0,1,1,1,1,1,5,8,1
24538,0:1:1;0:3:2;1:1:1;1:3:3,3,4,1,1,1,0,1,1,1,1,1,5,8,1
24539,0:1:1;0:3:2;1:1:1;1:3:3,3,5,1,1,1,0,1,1,1,1,1,5,8,1
24540,0:1:1;0:3:2;1:1:1;1:3:3,4,0,1,1,1,0,1,1,1,1,1,5,8,14
24541,0:1:1;0:3:2;1:1:1;1:3:3,4,1,1,1,1,0,1,1,1,1,1,5,8,4
24542,0:1:1;0:3:2;1:1:1;1:3:3,4,2,1,1,1,0,1,1,1,1,1,5,8,3
24543,0:1:1;0:3:2;1:1:1;1:3:3,4,3,1,1,1,0,1,1,1,1,1,5,8,1
24544,0:1:1;0:3:2;1:1:1;1:3:3,4,4,1,1,1,0,1,1,1,1,1,5,8,1
24545,0:1:1;0:3:2;1:1:1;1:3:3,4,5,1,1,1,0,1,1,1,1,1,5,8,1
24546,0:1:1;0:3:2;1:1:1;1:3:3,5,0,1,1,1,0,1,1,1,1,1,5,8,14
24547,0:1:1;0:3:2;1:1:1;1:3:3,5,1,1,1,1,0,1,1,1,1,1,5,8,4
24548,0:1:1;0:3:2;1:1:1;1:3:3,5,2,1,1,1,0,1,1,1,1,1,5,8,3
24549,0:1:1;0:3:2;1:1:1;1:3:3,5,3,1,1,1,0,1,1,1,1,1,5,8,1
24550,0:1:1;0:3:2;1:1:1;1:3:3,5,4,1,1,1,0,1,1,1,1,1,5,8,1
24551,0:1:1;0:3:2;1:1:1;1:3:3,5,5,1,1,1,0,1,1,1,1,1,5,8,1
24552,0:1:1;0:3:2;1:1:1;1:4:3,0,0,1,0,0,1,0,0,0,0,0,1,1,24
24553,0:1:1;0:3:2;1:1:1;1:4:3,0,1,1,0,0,1,0,0,0,0,0,3,6,24
24554,0:1:1;0:3:2;1:1:1;1:4:3,0,2,1,1,0,0,1,1,1,1,1,5,8,3
24555,0:1:1;0:3:2;1:1:1;1:4:3,0,3,1,1,0,0,1,1,1,1,1,5,8,1
24556,0:1:1;0:3:2;1:1:1;1:4:3,0,4,1,1,1,0,1,1,1,1,1,5,8,1
24557,0:1:1;0:3:2;1:1:1;1:4:3,0,5,1,1,1,0,1,1,1,1,1,5,8,1
24558,0:1:1;0:3:2;1:1:1;1:4:3,1,0,1,0,0,1,0,0,0,0,0,3,6,24
24559,0:1:1;0:3:2;1:1:1;1:4:3,1,1,1,1,0,1,0,0,0,0,1,7,15,16
24560,0:1:1;0:3:2;1:1:1;1:4:3,1,2,1,1,0,0,1,1,1,1,1,5,8,3
24561,0:1:1;0:3:2;1:1:1;1:4:3,1,3,1,1,1,0,1,1,1,1,1,5,8,1
24562,0:1:1;0:3:2;1:1:1;1:4:3,1,4,1,1,1,0,1,1,1,1,1,5,8,1
24563,0:1:1;0:3:2;1:1:1;1:4:3,1,5,1,1,1,0,1,1,1,1,1,5,8,1
24564,0:1:1;0:3:2;1:1:1;1:4:3,2,0,1,0,0,1,0,0,0,0,0,3,10,24
24565,0:1:1;0:3:2;1:1:1;1:4:3,2,1,1,1,0,1,0,0,1,1,1,6,14,5
24566,0:1:1;0:3:2;1:1:1;1:4:3,2,2,1,1,1,0,1,1,1,1,1,5,8,3
24567,0:1:1;0:3:2;1:1:1;1:4:3,2,3,1,1,1,0,1,1,1,1,1,5,8,1
24568,0:1:1;0:3:2;1:1:1;1:4:3,2,4,1,1,1,0,1,1,1,1,1,5,8,1
24569,0:1:1;0:3:2;1:1:1;1:4:3,2,5,1,1,1,0,1,1,1,1,1,5,8,1
24570,0:1:1;0:3:2;1:1:1;1:4:3,3,0,1,1,0,0,1,1,1,1,1,5,8,14
24571,0:1:1;0:3:2;1:1:1;1:4:3,3,1,1,1,1,0,1,1,1,1,1,5,8,4
24572,0:1:1;0:3:2;1:1:1;1:4:3,3,2,1,1,1,0,1,1,1,1,1,5,8,3
24573,0:1:1;0:3:2;1:1:1;1:4:3,3,3,1,1,1,0,1,1,1,1,1,5,8,1
24574,0:1:1;0:3:2;1:1:1;1:4:3,3,4,1,1,1,0,1,1,1,1,1,5,8,1
24575,0:1:1;0:3:2;1:1:1;1:4:3,3,5,1,1,1,0,1,1,1,1,1,5,8,1
