case,runs,f0,f1,final_fits,feasible,guard,any_deadlock,fifo_complete,small_complete,large_complete,garbage_complete,chunk_feasible,subset_states,chunk_states,permutations_tried
40960,0:2:2;0:2:2;0:4:3;1:4:3,4,4,1,1,1,0,1,1,1,1,1,5,11,2
40961,0:2:2;0:2:2;0:4:3;1:4:3,4,5,1,1,1,0,1,1,1,1,1,5,11,2
40962,0:2:2;0:2:2;0:4:3;1:4:3,5,0,0,0,0,1,0,0,0,0,0,0,29,24
40963,0:2:2;0:2:2;0:4:3;1:4:3,5,1,0,0,0,1,0,0,0,0,0,0,44,24
40964,0:2:2;0:2:2;0:4:3;1:4:3,5,2,0,0,0,1,0,0,0,0,0,0,65,24
40965,0:2:2;0:2:2;0:4:3;1:4:3,5,3,1,1,1,0,1,1,1,1,1,5,11,5
40966,0:2:2;0:2:2;0:4:3;1:4:3,5,4,1,1,1,0,1,1,1,1,1,5,11,2
40967,0:2:2;0:2:2;0:4:3;1:4:3,5,5,1,1,1,0,1,1,1,1,1,5,11,2
40968,0:2:2;0:2:2;1:1:1;1:1:1,0,0,0,0,0,1,0,0,0,0,0,0,1,24
40969,0:2:2;0:2:2;1:1:1;1:1:1,0,1,0,0,0,1,0,0,0,0,0,0,3,24
40970,0:2:2;0:2:2;1:1:1;1:1:1,0,2,1,1,1,0,1,1,1,1,1,5,7,4
40971,0:2:2;0:2:2;1:1:1;1:1:1,0,3,1,1,1,0,1,1,1,1,1,5,7,3
40972,0:2:2;0:2:2;1:1:1;1:1:1,0,4,1,1,1,0,1,1,1,1,1,5,7,1
40973,0:2:2;0:2:2;1:1:1;1:1:1,0,5,1,1,1,0,1,1,1,1,1,5,7,1
40974,0:2:2;0:2:2;1:1:1;1:1:1,1,0,0,0,0,1,0,0,0,0,0,0,7,24
40975,0:2:2;0:2:2;1:1:1;1:1:1,1,1,0,0,0,1,0,0,0,0,0,0,19,24
40976,0:2:2;0:2:2;1:1:1;1:1:1,1,2,1,1,1,0,1,1,1,1,1,5,7,4
40977,0:2:2;0:2:2;1:1:1;1:1:1,1,3,1,1,1,0,1,1,1,1,1,5,7,3
40978,0:2:2;0:2:2;1:1:1;1:1:1,1,4,1,1,1,0,1,1,1,1,1,5,7,1
40979,0:2:2;0:2:2;1:1:1;1:1:1,1,5,1,1,1,0,1,1,1,1,1,5,7,1
40980,0:2:2;0:2:2;1:1:1;1:1:1,2,0,0,0,0,1,0,0,0,0,0,0,13,24
40981,0:2:2;0:2:2;1:1:1;1:1:1,2,1,0,0,0,1,0,0,0,0,0,0,23,24
40982,0:2:2;0:2:2;1:1:1;1:1:1,2,2,1,1,1,0,1,1,1,1,1,5,7,4
40983,0:2:2;0:2:2;1:1:1;1:1:1,2,3,1,1,1,0,1,1,1,1,1,5,7,3
40984,0:2:2;0:2:2;1:1:1;1:1:1,2,4,1,1,1,0,1,1,1,1,1,5,7,1
40985,0:2:2;0:2:2;1:1:1;1:1:1,2,5,1,1,1,0,1,1,1,1,1,5,7,1
40986,0:2:2;0:2:2;1:1:1;1:1:1,3,0,0,0,0,1,0,0,0,0,0,0,13,24
40987,0:2:2;0:2:2;1:1:1;1:1:1,3,1,0,0,0,1,0,0,0,0,0,0,23,24
40988,0:2:2;0:2:2;1:1:1;1:1:1,3,2,1,1,1,0,1,1,1,1,1,5,7,4
40989,0:2:2;0:2:2;1:1:1;1:1:1,3,3,1,1,1,0,1,1,1,1,1,5,7,3
40990,0:2:2;0:2:2;1:1:1;1:1:1,3,4,1,1,1,0,1,1,1,1,1,5,7,1
40991,0:2:2;0:2:2;1:1:1;1:1:1,3,5,1,1,1,0,1,1,1,1,1,5,7,1
40992,0:2:2;0:2:2;1:1:1;1:1:1,4,0,0,0,0,1,0,0,0,0,0,0,13,24
40993,0:2:2;0:2:2;1:1:1;1:1:1,4,1,0,0,0,1,0,0,0,0,0,0,23,24
40994,0:2:2;0:2:2;1:1:1;1:1:1,4,2,1,1,1,0,1,1,1,1,1,5,7,4
40995,0:2:2;0:2:2;1:1:1;1:1:1,4,3,1,1,1,0,1,1,1,1,1,5,7,3
40996,0:2:2;0:2:2;1:1:1;1:1:1,4,4,1,1,1,0,1,1,1,1,1,5,7,1
40997,0:2:2;0:2:2;1:1:1;1:1:1,4,5,1,1,1,0,1,1,1,1,1,5,7,1
40998,0:2:2;0:2:2;1:1:1;1:1:1,5,0,0,0,0,1,0,0,0,0,0,0,13,24
40999,0:2:2;0:2:2;1:1:1;1:1:1,5,1,0,0,0,1,0,0,0,0,0,0,23,24
41000,0:2:2;0:2:2;1:1:1;1:1:1,5,2,1,1,1,0,1,1,1,1,1,5,7,4
41001,0:2:2;0:2:2;1:1:1;1:1:1,5,3,1,1,1,0,1,1,1,1,1,5,7,3
41002,0:2:2;0:2:2;1:1:1;1:1:1,5,4,1,1,1,0,1,1,1,1,1,5,7,1
41003,0:2:2;0:2:2;1:1:1;1:1:1,5,5,1,1,1,0,1,1,1,1,1,5,7,1
41004,0:2:2;0:2:2;1:1:1;1:2:1,0,0,0,0,0,1,0,0,0,0,0,0,1,24
41005,0:2:2;0:2:2;1:1:1;1:2:1,0,1,1,0,0,1,0,0,0,0,0,1,3,24
41006,0:2:2;0:2:2;1:1:1;1:2:1,0,2,1,1,1,0,1,1,1,1,1,5,7,4
41007,0:2:2;0:2:2;1:1:1;1:2:1,0,3,1,1,1,0,1,1,1,1,1,5,7,3
41008,0:2:2;0:2:2;1:1:1;1:2:1,0,4,1,1,1,0,1,1,1,1,1,5,7,1
41009,0:2:2;0:2:2;1:1:1;1:2:1,0,5,1,1,1,0,1,1,1,1,1,5,7,1
41010,0:2:2;0:2:2;1:1:1;1:2:1,1,0,0,0,0,1,0,0,0,0,0,0,14,24
41011,0:2:2;0:2:2;1:1:1;1:2:1,1,1,1,1,1,0,1,1,1,1,1,5,7,14
41012,0:2:2;0:2:2;1:1:1;1:2:1,1,2,1,1,1,0,1,1,1,1,1,5,7,4
41013,0:2:2;0:2:2;1:1:1;1:2:1,1,3,1,1,1,0,1,1,1,1,1,5,7,3
41014,0:2:2;0:2:2;1:1:1;1:2:1,1,4,1,1,1,0,1,1,1,1,1,5,7,1
41015,0:2:2;0:2:2;1:1:1;1:2:1,1,5,1,1,1,0,1,1,1,1,1,5,7,1
41016,0:2:2;0:2:2;1:1:1;1:2:1,2,0,0,0,0,1,0,0,0,0,0,0,18,24
41017,0:2:2;0:2:2;1:1:1;1:2:1,2,1,1,1,1,0,1,1,1,1,1,5,7,14
41018,0:2:2;0:2:2;1:1:1;1:2:1,2,2,1,1,1,0,1,1,1,1,1,5,7,4
41019,0:2:2;0:2:2;1:1:1;1:2:1,2,3,1,1,1,0,1,1,1,1,1,5,7,3
41020,0:2:2;0:2:2;1:1:1;1:2:1,2,4,1,1,1,0,1,1,1,1,1,5,7,1
41021,0:2:2;0:2:2;1:1:1;1:2:1,2,5,1,1,1,0,1,1,1,1,1,5,7,1
41022,0:2:2;0:2:2;1:1:1;1:2:1,3,0,0,0,0,1,0,0,0,0,0,0,18,24
41023,0:2:2;0:2:2;1:1:1;1:2:1,3,1,1,1,1,0,1,1,1,1,1,5,7,14
41024,0:2:2;0:2:2;1:1:1;1:2:1,3,2,1,1,1,0,1,1,1,1,1,5,7,4
41025,0:2:2;0:2:2;1:1:1;1:2:1,3,3,1,1,1,0,1,1,1,1,1,5,7,3
41026,0:2:2;0:2:2;1:1:1;1:2:1,3,4,1,1,1,0,1,1,1,1,1,5,7,1
41027,0:2:2;0:2:2;1:1:1;1:2:1,3,5,1,1,1,0,1,1,1,1,1,5,7,1
41028,0:2:2;0:2:2;1:1:1;1:2:1,4,0,0,0,0,1,0,0,0,0,0,0,18,24
41029,0:2:2;0:2:2;1:1:1;1:2:1,4,1,1,1,1,0,1,1,1,1,1,5,7,14
41030,0:2:2;0:2:2;1:1:1;1:2:1,4,2,1,1,1,0,1,1,1,1,1,5,7,4
41031,0:2:2;0:2:2;1:1:1;1:2:1,4,3,1,1,1,0,1,1,1,1,1,5,7,3
41032,0:2:2;0:2:2;1:1:1;1:2:1,4,4,1,1,1,0,1,1,1,1,1,5,7,1
41033,0:2:2;0:2:2;1:1:1;1:2:1,4,5,1,1,1,0,1,1,1,1,1,5,7,1
41034,0:2:2;0:2:2;1:1:1;1:2:1,5,0,0,0,0,1,0,0,0,0,0,0,18,24
41035,0:2:2;0:2:2;1:1:1;1:2:1,5,1,1,1,1,0,1,1,1,1,1,5,7,14
41036,0:2:2;0:2:2;1:1:1;1:2:1,5,2,1,1,1,0,1,1,1,1,1,5,7,4
41037,0:2:2;0:2:2;1:1:1;1:2:1,5,3,1,1,1,0,1,1,1,1,1,5,7,3
41038,0:2:2;0:2:2;1:1:1;1:2:1,5,4,1,1,1,0,1,1,1,1,1,5,7,1
41039,0:2:2;0:2:2;1:1:1;1:2:1,5,5,1,1,1,0,1,1,1,1,1,5,7,1
41040,0:2:2;0:2:2;1:1:1;1:2:2,0,0,0,0,0,1,0,0,0,0,0,0,1,24
41041,0:2:2;0:2:2;1:1:1;1:2:2,0,1,1,0,0,1,0,0,0,0,0,1,3,24
41042,0:2:2;0:2:2;1:1:1;1:2:2,0,2,1,1,0,1,0,0,1,0,1,6,12,5
41043,0:2:2;0:2:2;1:1:1;1:2:2,0,3,1,1,1,0,1,1,1,1,1,5,8,3
41044,0:2:2;0:2:2;1:1:1;1:2:2,0,4,1,1,1,0,1,1,1,1,1,5,8,1
41045,0:2:2;0:2:2;1:1:1;1:2:2,0,5,1,1,1,0,1,1,1,1,1,5,8,1
41046,0:2:2;0:2:2;1:1:1;1:2:2,1,0,0,0,0,1,0,0,0,0,0,0,5,24
41047,0:2:2;0:2:2;1:1:1;1:2:2,1,1,1,1,0,0,1,1,1,1,1,5,8,14
41048,0:2:2;0:2:2;1:1:1;1:2:2,1,2,1,1,1,0,1,1,1,1,1,5,8,4
41049,0:2:2;0:2:2;1:1:1;1:2:2,1,3,1,1,1,0,1,1,1,1,1,5,8,3
41050,0:2:2;0:2:2;1:1:1;1:2:2,1,4,1,1,1,0,1,1,1,1,1,5,8,1
41051,0:2:2;0:2:2;1:1:1;1:2:2,1,5,1,1,1,0,1,1,1,1,1,5,8,1
41052,0:2:2;0:2:2;1:1:1;1:2:2,2,0,0,0,0,1,0,0,0,0,0,0,18,24
41053,0:2:2;0:2:2;1:1:1;1:2:2,2,1,1,1,1,0,1,1,1,1,1,5,8,14
41054,0:2:2;0:2:2;1:1:1;1:2:2,2,2,1,1,1,0,1,1,1,1,1,5,8,4
41055,0:2:2;0:2:2;1:1:1;1:2:2,2,3,1,1,1,0,1,1,1,1,1,5,8,3
41056,0:2:2;0:2:2;1:1:1;1:2:2,2,4,1,1,1,0,1,1,1,1,1,5,8,1
41057,0:2:2;0:2:2;1:1:1;1:2:2,2,5,1,1,1,0,1,1,1,1,1,5,8,1
41058,0:2:2;0:2:2;1:1:1;1:2:2,3,0,0,0,0,1,0,0,0,0,0,0,22,24
41059,0:2:2;0:2:2;1:1:1;1:2:2,3,1,1,1,1,0,1,1,1,1,1,5,8,14
41060,0:2:2;0:2:2;1:1:1;1:2:2,3,2,1,1,1,0,1,1,1,1,1,5,8,4
41061,0:2:2;0:2:2;1:1:1;1:2:2,3,3,1,1,1,0,1,1,1,1,1,5,8,3
41062,0:2:2;0:2:2;1:1:1;1:2:2,3,4,1,1,1,0,1,1,1,1,1,5,8,1
41063,0:2:2;0:2:2;1:1:1;1:2:2,3,5,1,1,1,0,1,1,1,1,1,5,8,1
41064,0:2:2;0:2:2;1:1:1;1:2:2,4,0,0,0,0,1,0,0,0,0,0,0,22,24
41065,0:2:2;0:2:2;1:1:1;1:2:2,4,1,1,1,1,0,1,1,1,1,1,5,8,14
41066,0:2:2;0:2:2;1:1:1;1:2:2,4,2,1,1,1,0,1,1,1,1,1,5,8,4
41067,0:2:2;0:2:2;1:1:1;1:2:2,4,3,1,1,1,0,1,1,1,1,1,5,8,3
41068,0:2:2;0:2:2;1:1:1;1:2:2,4,4,1,1,1,0,1,1,1,1,1,5,8,1
41069,0:2:2;0:2:2;1:1:1;1:2:2,4,5,1,1,1,0,1,1,1,1,1,5,8,1
41070,0:2:2;0:2:2;1:1:1;1:2:2,5,0,0,0,0,1,0,0,0,0,0,0,22,24
41071,0:2:2;0:2:2;1:1:1;1:2:2,5,1,1,1,1,0,1,1,1,1,1,5,8,14
41072,0:2:2;0:2:2;1:1:1;1:2:2,5,2,1,1,1,0,1,1,1,1,1,5,8,4
41073,0:2:2;0:2:2;1:1:1;1:2:2,5,3,1,1,1,0,1,1,1,1,1,5,8,3
41074,0:2:2;0:2:2;1:1:1;1:2:2,5,4,1,1,1,0,1,1,1,1,1,5,8,1
41075,0:2:2;0:2:2;1:1:1;1:2:2,5,5,1,1,1,0,1,1,1,1,1,5,8,1
41076,0:2:2;0:2:2;1:1:1;1:3:2,0,0,1,0,0,1,0,0,0,0,0,1,1,24
41077,0:2:2;0:2:2;1:1:1;1:3:2,0,1,1,0,0,1,0,0,0,0,0,1,3,24
41078,0:2:2;0:2:2;1:1:1;1:3:2,0,2,1,1,0,1,0,0,1,1,1,6,12,5
41079,0:2:2;0:2:2;1:1:1;1:3:2,0,3,1,1,1,0,1,1,1,1,1,5,8,3
41080,0:2:2;0:2:2;1:1:1;1:3:2,0,4,1,1,1,0,1,1,1,1,1,5,8,1
41081,0:2:2;0:2:2;1:1:1;1:3:2,0,5,1,1,1,0,1,1,1,1,1,5,8,1
41082,0:2:2;0:2:2;1:1:1;1:3:2,1,0,1,0,0,1,0,0,0,0,0,2,5,24
41083,0:2:2;0:2:2;1:1:1;1:3:2,1,1,1,1,0,0,1,1,1,1,1,5,8,14
41084,0:2:2;0:2:2;1:1:1;1:3:2,1,2,1,1,1,0,1,1,1,1,1,5,8,4
41085,0:2:2;0:2:2;1:1:1;1:3:2,1,3,1,1,1,0,1,1,1,1,1,5,8,3
41086,0:2:2;0:2:2;1:1:1;1:3:2,1,4,1,1,1,0,1,1,1,1,1,5,8,1
41087,0:2:2;0:2:2;1:1:1;1:3:2,1,5,1,1,1,0,1,1,1,1,1,5,8,1
41088,0:2:2;0:2:2;1:1:1;1:3:2,2,0,1,1,0,1,0,0,1,1,1,6,14,20
41089,0:2:2;0:2:2;1:1:1;1:3:2,2,1,1,1,1,0,1,1,1,1,1,5,8,14
41090,0:2:2;0:2:2;1:1:1;1:3:2,2,2,1,1,1,0,1,1,1,1,1,5,8,4
41091,0:2:2;0:2:2;1:1:1;1:3:2,2,3,1,1,1,0,1,1,1,1,1,5,8,3
41092,0:2:2;0:2:2;1:1:1;1:3:2,2,4,1,1,1,0,1,1,1,1,1,5,8,1
41093,0:2:2;0:2:2;1:1:1;1:3:2,2,5,1,1,1,0,1,1,1,1,1,5,8,1
41094,0:2:2;0:2:2;1:1:1;1:3:2,3,0,1,1,1,0,1,1,1,1,1,5,8,17
41095,0:2:2;0:2:2;1:1:1;1:3:2,3,1,1,1,1,0,1,1,1,1,1,5,8,14
41096,0:2:2;0:2:2;1:1:1;1:3:2,3,2,1,1,1,0,1,1,1,1,1,5,8,4
41097,0:2:2;0:2:2;1:1:1;1:3:2,3,3,1,1,1,0,1,1,1,1,1,5,8,3
41098,0:2:2;0:2:2;1:1:1;1:3:2,3,4,1,1,1,0,1,1,1,1,1,5,8,1
41099,0:2:2;0:2:2;1:1:1;1:3:2,3,5,1,1,1,0,1,1,1,1,1,5,8,1
41100,0:2:2;0:2:2;1:1:1;1:3:2,4,0,1,1,1,0,1,1,1,1,1,5,8,17
41101,0:2:2;0:2:2;1:1:1;1:3:2,4,1,1,1,1,0,1,1,1,1,1,5,8,14
41102,0:2:2;0:2:2;1:1:1;1:3:2,4,2,1,1,1,0,1,1,1,1,1,5,8,4
41103,0:2:2;0:2:2;1:1:1;1:3:2,4,3,1,1,1,0,1,1,1,1,1,5,8,3
41104,0:2:2;0:2:2;1:1:1;1:3:2,4,4,1,1,1,0,1,1,1,1,1,5,8,1
41105,0:2:2;0:2:2;1:1:1;1:3:2,4,5,1,1,1,0,1,1,1,1,1,5,8,1
41106,0:2:2;0:2:2;1:1:1;1:3:2,5,0,1,1,1,0,1,1,1,1,1,5,8,17
41107,0:2:2;0:2:2;1:1:1;1:3:2,5,1,1,1,1,0,1,1,1,1,1,5,8,14
41108,0:2:2;0:2:2;1:1:1;1:3:2,5,2,1,1,1,0,1,1,1,1,1,5,8,4
41109,0:2:2;0:2:2;1:1:1;1:3:2,5,3,1,1,1,0,1,1,1,1,1,5,8,3
41110,0:2:2;0:2:2;1:1:1;1:3:2,5,4,1,1,1,0,1,1,1,1,1,5,8,1
41111,0:2:2;0:2:2;1:1:1;1:3:2,5,5,1,1,1,0,1,1,1,1,1,5,8,1
41112,0:2:2;0:2:2;1:1:1;1:3:3,0,0,1,0,0,1,0,0,0,0,0,1,1,24
41113,0:2:2;0:2:2;1:1:1;1:3:3,0,1,1,0,0,1,0,0,0,0,0,1,3,24
41114,0:2:2;0:2:2;1:1:1;1:3:3,0,2,1,0,0,1,0,0,0,0,0,5,18,24
41115,0:2:2;0:2:2;1:1:1;1:3:3,0,3,1,1,0,0,1,1,1,1,1,5,9,3
41116,0:2:2;0:2:2;1:1:1;1:3:3,0,4,1,1,1,0,1,1,1,1,1,5,9,1
41117,0:2:2;0:2:2;1:1:1;1:3:3,0,5,1,1,1,0,1,1,1,1,1,5,9,1
41118,0:2:2;0:2:2;1:1:1;1:3:3,1,0,1,0,0,1,0,0,0,0,0,2,5,24
41119,0:2:2;0:2:2;1:1:1;1:3:3,1,1,1,0,0,1,0,0,0,0,0,4,16,24
41120,0:2:2;0:2:2;1:1:1;1:3:3,1,2,1,1,0,1,0,0,1,0,1,6,15,5
41121,0:2:2;0:2:2;1:1:1;1:3:3,1,3,1,1,1,0,1,1,1,1,1,5,9,3
41122,0:2:2;0:2:2;1:1:1;1:3:3,1,4,1,1,1,0,1,1,1,1,1,5,9,1
41123,0:2:2;0:2:2;1:1:1;1:3:3,1,5,1,1,1,0,1,1,1,1,1,5,9,1
41124,0:2:2;0:2:2;1:1:1;1:3:3,2,0,1,0,0,1,0,0,0,0,0,2,9,24
41125,0:2:2;0:2:2;1:1:1;1:3:3,2,1,1,1,0,0,1,1,1,1,1,5,9,14
41126,0:2:2;0:2:2;1:1:1;1:3:3,2,2,1,1,1,0,1,1,1,1,1,5,9,4
41127,0:2:2;0:2:2;1:1:1;1:3:3,2,3,1,1,1,0,1,1,1,1,1,5,9,3
41128,0:2:2;0:2:2;1:1:1;1:3:3,2,4,1,1,1,0,1,1,1,1,1,5,9,1
41129,0:2:2;0:2:2;1:1:1;1:3:3,2,5,1,1,1,0,1,1,1,1,1,5,9,1
41130,0:2:2;0:2:2;1:1:1;1:3:3,3,0,1,1,0,1,0,0,1,0,1,6,18,20
41131,0:2:2;0:2:2;1:1:1;1:3:3,3,1,1,1,1,0,1,1,1,1,1,5,9,14
41132,0:2:2;0:2:2;1:1:1;1:3:3,3,2,1,1,1,0,1,1,1,1,1,5,9,4
41133,0:2:2;0:2:2;1:1:1;1:3:3,3,3,1,1,1,0,1,1,1,1,1,5,9,3
41134,0:2:2;0:2:2;1:1:1;1:3:3,3,4,1,1,1,0,1,1,1,1,1,5,9,1
41135,0:2:2;0:2:2;1:1:1;1:3:3,3,5,1,1,1,0,1,1,1,1,1,5,9,1
41136,0:2:2;0:2:2;1:1:1;1:3:3,4,0,1,1,1,0,1,1,1,1,1,5,9,17
41137,0:2:2;0:2:2;1:1:1;1:3:3,4,1,1,1,1,0,1,1,1,1,1,5,9,14
41138,0:2:2;0:2:2;1:1:1;1:3:3,4,2,1,1,1,0,1,1,1,1,1,5,9,4
41139,0:2:2;0:2:2;1:1:1;1:3:3,4,3,1,1,1,0,1,1,1,1,1,5,9,3
41140,0:2:2;0:2:2;1:1:1;1:3:3,4,4,1,1,1,0,1,1,1,1,1,5,9,1
41141,0:2:2;0:2:2;1:1:1;1:3:3,4,5,1,1,1,0,1,1,1,1,1,5,9,1
41142,0:2:2;0:2:2;1:1:1;1:3:3,5,0,1,1,1,0,1,1,1,1,1,5,9,17
41143,0:2:2;0:2:2;1:1:1;1:3:3,5,1,1,1,1,0,1,1,1,1,1,5,9,14
41144,0:2:2;0:2:2;1:1:1;1:3:3,5,2,1,1,1,0,1,1,1,1,1,5,9,4
41145,0:2:2;0:2:2;1:1:1;1:3:3,5,3,1,1,1,0,1,1,1,1,1,5,9,3
41146,0:2:2;0:2:2;1:1:1;1:3:3,5,4,1,1,1,0,1,1,1,1,1,5,9,1
41147,0:2:2;0:2:2;1:1:1;1:3:3,5,5,1,1,1,0,1,1,1,1,1,5,9,1
41148,0:2:2;0:2:2;1:1:1;1:4:3,0,0,1,0,0,1,0,0,0,0,0,1,1,24
41149,0:2:2;0:2:2;1:1:1;1:4:3,0,1,1,0,0,1,0,0,0,0,0,1,3,24
41150,0:2:2;0:2:2;1:1:1;1:4:3,0,2,1,0,0,1,0,0,0,0,0,5,18,24
41151,0:2:2;0:2:2;1:1:1;1:4:3,0,3,1,1,0,0,1,1,1,1,1,5,9,3
41152,0:2:2;0:2:2;1:1:1;1:4:3,0,4,1,1,1,0,1,1,1,1,1,5,9,1
41153,0:2:2;0:2:2;1:1:1;1:4:3,0,5,1,1,1,0,1,1,1,1,1,5,9,1
41154,0:2:2;0:2:2;1:1:1;1:4:3,1,0,1,0,0,1,0,0,0,0,0,2,5,24
41155,0:2:2;0:2:2;1:1:1;1:4:3,1,1,1,0,0,1,0,0,0,0,0,4,16,24
41156,0:2:2;0:2:2;1:1:1;1:4:3,1,2,1,1,0,1,0,0,1,1,1,6,15,5
41157,0:2:2;0:2:2;1:1:1;1:4:3,1,3,1,1,1,0,1,1,1,1,1,5,9,3
41158,0:2:2;0:2:2;1:1:1;1:4:3,1,4,1,1,1,0,1,1,1,1,1,5,9,1
41159,0:2:2;0:2:2;1:1:1;1:4:3,1,5,1,1,1,0,1,1,1,1,1,5,9,1
41160,0:2:2;0:2:2;1:1:1;1:4:3,2,0,1,0,0,1,0,0,0,0,0,2,9,24
41161,0:2:2;0:2:2;1:1:1;1:4:3,2,1,1,1,0,0,1,1,1,1,1,5,9,14
41162,0:2:2;0:2:2;1:1:1;1:4:3,2,2,1,1,1,0,1,1,1,1,1,5,9,4
41163,0:2:2;0:2:2;1:1:1;1:4:3,2,3,1,1,1,0,1,1,1,1,1,5,9,3
41164,0:2:2;0:2:2;1:1:1;1:4:3,2,4,1,1,1,0,1,1,1,1,1,5,9,1
41165,0:2:2;0:2:2;1:1:1;1:4:3,2,5,1,1,1,0,1,1,1,1,1,5,9,1
41166,0:2:2;0:2:2;1:1:1;1:4:3,3,0,1,1,0,1,0,0,1,1,1,6,18,19
41167,0:2:2;0:2:2;1:1:1;1:4:3,3,1,1,1,1,0,1,1,1,1,1,5,9,14
41168,0:2:2;0:2:2;1:1:1;1:4:3,3,2,1,1,1,0,1,1,1,1,1,5,9,4
41169,0:2:2;0:2:2;1:1:1;1:4:3,3,3,1,1,1,0,1,1,1,1,1,5,9,3
41170,0:2:2;0:2:2;1:1:1;1:4:3,3,4,1,1,1,0,1,1,1,1,1,5,9,1
41171,0:2:2;0:2:2;1:1:1;1:4:3,3,5,1,1,1,0,1,1,1,1,1,5,9,1
41172,0:2:2;0:2:2;1:1:1;1:4:3,4,0,1,1,1,0,1,1,1,1,1,5,9,17
41173,0:2:2;0:2:2;1:1:1;1:4:3,4,1,1,1,1,0,1,1,1,1,1,5,9,14
41174,0:2:2;0:2:2;1:1:1;1:4:3,4,2,1,1,1,0,1,1,1,1,1,5,9,4
41175,0:2:2;0:2:2;1:1:1;1:4:3,4,3,1,1,1,0,1,1,1,1,1,5,9,3
41176,0:2:2;0:2:2;1:1:1;1:4:3,4,4,1,1,1,0,1,1,1,1,1,5,9,1
41177,0:2:2;0:2:2;1:1:1;1:4:3,4,5,1,1,1,0,1,1,1,1,1,5,9,1
41178,0:2:2;0:2:2;1:1:1;1:4:3,5,0,1,1,1,0,1,1,1,1,1,5,9,17
41179,0:2:2;0:2:2;1:1:1;1:4:3,5,1,1,1,1,0,1,1,1,1,1,5,9,14
41180,0:2:2;0:2:2;1:1:1;1:4:3,5,2,1,1,1,0,1,1,1,1,1,5,9,4
41181,0:2:2;0:2:2;1:1:1;1:4:3,5,3,1,1,1,0,1,1,1,1,1,5,9,3
41182,0:2:2;0:2:2;1:1:1;1:4:3,5,4,1,1,1,0,1,1,1,1,1,5,9,1
41183,0:2:2;0:2:2;1:1:1;1:4:3,5,5,1,1,1,0,1,1,1,1,1,5,9,1
41184,0:2:2;0:2:2;1:2:1;1:2:1,0,0,1,0,0,1,0,0,0,0,0,1,1,24
41185,0:2:2;0:2:2;1:2:1;1:2:1,0,1,1,0,0,1,0,0,0,0,0,1,3,24
41186,0:2:2;0:2:2;1:2:1;1:2:1,0,2,1,1,1,0,1,1,1,1,1,5,7,3
41187,0:2:2;0:2:2;1:2:1;1:2:1,0,3,1,1,1,0,1,1,1,1,1,5,7,3
41188,0:2:2;0:2:2;1:2:1;1:2:1,0,4,1,1,1,0,1,1,1,1,1,5,7,1
41189,0:2:2;0:2:2;1:2:1;1:2:1,0,5,1,1,1,0,1,1,1,1,1,5,7,1
41190,0:2:2;0:2:2;1:2:1;1:2:1,1,0,1,1,0,0,1,1,1,1,1,5,7,14
41191,0:2:2;0:2:2;1:2:1;1:2:1,1,1,1,1,1,0,1,1,1,1,1,5,7,14
41192,0:2:2;0:2:2;1:2:1;1:2:1,1,2,1,1,1,0,1,1,1,1,1,5,7,3
41193,0:2:2;0:2:2;1:2:1;1:2:1,1,3,1,1,1,0,1,1,1,1,1,5,7,3
41194,0:2:2;0:2:2;1:2:1;1:2:1,1,4,1,1,1,0,1,1,1,1,1,5,7,1
41195,0:2:2;0:2:2;1:2:1;1:2:1,1,5,1,1,1,0,1,1,1,1,1,5,7,1
41196,0:2:2;0:2:2;1:2:1;1:2:1,2,0,1,1,1,0,1,1,1,1,1,5,7,14
41197,0:2:2;0:2:2;1:2:1;1:2:1,2,1,1,1,1,0,1,1,1,1,1,5,7,14
41198,0:2:2;0:2:2;1:2:1;1:2:1,2,2,1,1,1,0,1,1,1,1,1,5,7,3
41199,0:2:2;0:2:2;1:2:1;1:2:1,2,3,1,1,1,0,1,1,1,1,1,5,7,3
41200,0:2:2;0:2:2;1:2:1;1:2:1,2,4,1,1,1,0,1,1,1,1,1,5,7,1
41201,0:2:2;0:2:2;1:2:1;1:2:1,2,5,1,1,1,0,1,1,1,1,1,5,7,1
41202,0:2:2;0:2:2;1:2:1;1:2:1,3,0,1,1,1,0,1,1,1,1,1,5,7,14
41203,0:2:2;0:2:2;1:2:1;1:2:1,3,1,1,1,1,0,1,1,1,1,1,5,7,14
41204,0:2:2;0:2:2;1:2:1;1:2:1,3,2,1,1,1,0,1,1,1,1,1,5,7,3
41205,0:2:2;0:2:2;1:2:1;1:2:1,3,3,1,1,1,0,1,1,1,1,1,5,7,3
41206,0:2:2;0:2:2;1:2:1;1:2:1,3,4,1,1,1,0,1,1,1,1,1,5,7,1
41207,0:2:2;0:2:2;1:2:1;1:2:1,3,5,1,1,1,0,1,1,1,1,1,5,7,1
41208,0:2:2;0:2:2;1:2:1;1:2:1,4,0,1,1,1,0,1,1,1,1,1,5,7,14
41209,0:2:2;0:2:2;1:2:1;1:2:1,4,1,1,1,1,0,1,1,1,1,1,5,7,14
41210,0:2:2;0:2:2;1:2:1;1:2:1,4,2,1,1,1,0,1,1,1,1,1,5,7,3
41211,0:2:2;0:2:2;1:2:1;1:2:1,4,3,1,1,1,0,1,1,1,1,1,5,7,3
41212,0:2:2;0:2:2;1:2:1;1:2:1,4,4,1,1,1,0,1,1,1,1,1,5,7,1
41213,0:2:2;0:2:2;1:2:1;1:2:1,4,5,1,1,1,0,1,1,1,1,1,5,7,1
41214,0:2:2;0:2:2;1:2:1;1:2:1,5,0,1,1,1,0,1,1,1,1,1,5,7,14
41215,0:2:2;0:2:2;1:2:1;1:2:1,5,1,1,1,1,0,1,1,1,1,1,5,7,14
41216,0:2:2;0:2:2;1:2:1;1:2:1,5,2,1,1,1,0,1,1,1,1,1,5,7,3
41217,0:2:2;0:2:2;1:2:1;1:2:1,5,3,1,1,1,0,1,1,1,1,1,5,7,3
41218,0:2:2;0:2:2;1:2:1;1:2:1,5,4,1,1,1,0,1,1,1,1,1,5,7,1
41219,0:2:2;0:2:2;1:2:1;1:2:1,5,5,1,1,1,0,1,1,1,1,1,5,7,1
41220,0:2:2;0:2:2;1:2:1;1:2:2,0,0,1,0,0,1,0,0,0,0,0,1,1,24
41221,0:2:2;0:2:2;1:2:1;1:2:2,0,1,1,0,0,1,0,0,0,0,0,1,3,24
41222,0:2:2;0:2:2;1:2:1;1:2:2,0,2,1,1,0,0,1,1,1,1,1,5,8,3
41223,0:2:2;0:2:2;1:2:1;1:2:2,0,3,1,1,1,0,1,1,1,1,1,5,8,3
41224,0:2:2;0:2:2;1:2:1;1:2:2,0,4,1,1,1,0,1,1,1,1,1,5,8,1
41225,0:2:2;0:2:2;1:2:1;1:2:2,0,5,1,1,1,0,1,1,1,1,1,5,8,1
41226,0:2:2;0:2:2;1:2:1;1:2:2,1,0,1,1,0,0,1,1,1,1,1,5,8,14
41227,0:2:2;0:2:2;1:2:1;1:2:2,1,1,1,1,0,0,1,1,1,1,1,5,8,14
41228,0:2:2;0:2:2;1:2:1;1:2:2,1,2,1,1,1,0,1,1,1,1,1,5,8,3
41229,0:2:2;0:2:2;1:2:1;1:2:2,1,3,1,1,1,0,1,1,1,1,1,5,8,3
41230,0:2:2;0:2:2;1:2:1;1:2:2,1,4,1,1,1,0,1,1,1,1,1,5,8,1
41231,0:2:2;0:2:2;1:2:1;1:2:2,1,5,1,1,1,0,1,1,1,1,1,5,8,1
41232,0:2:2;0:2:2;1:2:1;1:2:2,2,0,1,1,0,0,1,1,1,1,1,5,8,14
41233,0:2:2;0:2:2;1:2:1;1:2:2,2,1,1,1,1,0,1,1,1,1,1,5,8,14
41234,0:2:2;0:2:2;1:2:1;1:2:2,2,2,1,1,1,0,1,1,1,1,1,5,8,3
41235,0:2:2;0:2:2;1:2:1;1:2:2,2,3,1,1,1,0,1,1,1,1,1,5,8,3
41236,0:2:2;0:2:2;1:2:1;1:2:2,2,4,1,1,1,0,1,1,1,1,1,5,8,1
41237,0:2:2;0:2:2;1:2:1;1:2:2,2,5,1,1,1,0,1,1,1,1,1,5,8,1
41238,0:2:2;0:2:2;1:2:1;1:2:2,3,0,1,1,1,0,1,1,1,1,1,5,8,14
41239,0:2:2;0:2:2;1:2:1;1:2:2,3,1,1,1,1,0,1,1,1,1,1,5,8,14
41240,0:2:2;0:2:2;1:2:1;1:2:2,3,2,1,1,1,0,1,1,1,1,1,5,8,3
41241,0:2:2;0:2:2;1:2:1;1:2:2,3,3,1,1,1,0,1,1,1,1,1,5,8,3
41242,0:2:2;0:2:2;1:2:1;1:2:2,3,4,1,1,1,0,1,1,1,1,1,5,8,1
41243,0:2:2;0:2:2;1:2:1;1:2:2,3,5,1,1,1,0,1,1,1,1,1,5,8,1
41244,0:2:2;0:2:2;1:2:1;1:2:2,4,0,1,1,1,0,1,1,1,1,1,5,8,14
41245,0:2:2;0:2:2;1:2:1;1:2:2,4,1,1,1,1,0,1,1,1,1,1,5,8,14
41246,0:2:2;0:2:2;1:2:1;1:2:2,4,2,1,1,1,0,1,1,1,1,1,5,8,3
41247,0:2:2;0:2:2;1:2:1;1:2:2,4,3,1,1,1,0,1,1,1,1,1,5,8,3
41248,0:2:2;0:2:2;1:2:1;1:2:2,4,4,1,1,1,0,1,1,1,1,1,5,8,1
41249,0:2:2;0:2:2;1:2:1;1:2:2,4,5,1,1,1,0,1,1,1,1,1,5,8,1
41250,0:2:2;0:2:2;1:2:1;1:2:2,5,0,1,1,1,0,1,1,1,1,1,5,8,14
41251,0:2:2;0:2:2;1:2:1;1:2:2,5,1,1,1,1,0,1,1,1,1,1,5,8,14
41252,0:2:2;0:2:2;1:2:1;1:2:2,5,2,1,1,1,0,1,1,1,1,1,5,8,3
41253,0:2:2;0:2:2;1:2:1;1:2:2,5,3,1,1,1,0,1,1,1,1,1,5,8,3
41254,0:2:2;0:2:2;1:2:1;1:2:2,5,4,1,1,1,0,1,1,1,1,1,5,8,1
41255,0:2:2;0:2:2;1:2:1;1:2:2,5,5,1,1,1,0,1,1,1,1,1,5,8,1
41256,0:2:2;0:2:2;1:2:1;1:3:2,0,0,1,0,0,1,0,0,0,0,0,1,1,24
41257,0:2:2;0:2:2;1:2:1;1:3:2,0,1,1,0,0,1,0,0,0,0,0,1,3,24
41258,0:2:2;0:2:2;1:2:1;1:3:2,0,2,1,1,0,0,1,1,1,1,1,5,8,3
41259,0:2:2;0:2:2;1:2:1;1:3:2,0,3,1,1,1,0,1,1,1,1,1,5,8,3
41260,0:2:2;0:2:2;1:2:1;1:3:2,0,4,1,1,1,0,1,1,1,1,1,5,8,1
41261,0:2:2;0:2:2;1:2:1;1:3:2,0,5,1,1,1,0,1,1,1,1,1,5,8,1
41262,0:2:2;0:2:2;1:2:1;1:3:2,1,0,1,1,0,0,1,1,1,1,1,5,8,14
41263,0:2:2;0:2:2;1:2:1;1:3:2,1,1,1,1,0,0,1,1,1,1,1,5,8,14
41264,0:2:2;0:2:2;1:2:1;1:3:2,1,2,1,1,1,0,1,1,1,1,1,5,8,3
41265,0:2:2;0:2:2;1:2:1;1:3:2,1,3,1,1,1,0,1,1,1,1,1,5,8,3
41266,0:2:2;0:2:2;1:2:1;1:3:2,1,4,1,1,1,0,1,1,1,1,1,5,8,1
41267,0:2:2;0:2:2;1:2:1;1:3:2,1,5,1,1,1,0,1,1,1,1,1,5,8,1
41268,0:2:2;0:2:2;1:2:1;1:3:2,2,0,1,1,0,0,1,1,1,1,1,5,8,14
41269,0:2:2;0:2:2;1:2:1;1:3:2,2,1,1,1,1,0,1,1,1,1,1,5,8,14
41270,0:2:2;0:2:2;1:2:1;1:3:2,2,2,1,1,1,0,1,1,1,1,1,5,8,3
41271,0:2:2;0:2:2;1:2:1;1:3:2,2,3,1,1,1,0,1,1,1,1,1,5,8,3
41272,0:2:2;0:2:2;1:2:1;1:3:2,2,4,1,1,1,0,1,1,1,1,1,5,8,1
41273,0:2:2;0:2:2;1:2:1;1:3:2,2,5,1,1,1,0,1,1,1,1,1,5,8,1
41274,0:2:2;0:2:2;1:2:1;1:3:2,3,0,1,1,1,0,1,1,1,1,1,5,8,14
41275,0:2:2;0:2:2;1:2:1;1:3:2,3,1,1,1,1,0,1,1,1,1,1,5,8,14
41276,0:2:2;0:2:2;1:2:1;1:3:2,3,2,1,1,1,0,1,1,1,1,1,5,8,3
41277,0:2:2;0:2:2;1:2:1;1:3:2,3,3,1,1,1,0,1,1,1,1,1,5,8,3
41278,0:2:2;0:2:2;1:2:1;1:3:2,3,4,1,1,1,0,1,1,1,1,1,5,8,1
41279,0:2:2;0:2:2;1:2:1;1:3:2,3,5,1,1,1,0,1,1,1,1,1,5,8,1
41280,0:2:2;0:2:2;1:2:1;1:3:2,4,0,1,1,1,0,1,1,1,1,1,5,8,14
41281,0:2:2;0:2:2;1:2:1;1:3:2,4,1,1,1,1,0,1,1,1,1,1,5,8,14
41282,0:2:2;0:2:2;1:2:1;1:3:2,4,2,1,1,1,0,1,1,1,1,1,5,8,3
41283,0:2:2;0:2:2;1:2:1;1:3:2,4,3,1,1,1,0,1,1,1,1,1,5,8,3
41284,0:2:2;0:2:2;1:2:1;1:3:2,4,4,1,1,1,0,1,1,1,1,1,5,8,1
41285,0:2:2;0:2:2;1:2:1;1:3:2,4,5,1,1,1,0,1,1,1,1,1,5,8,1
41286,0:2:2;0:2:2;1:2:1;1:3:2,5,0,1,1,1,0,1,1,1,1,1,5,8,14
41287,0:2:2;0:2:2;1:2:1;1:3:2,5,1,1,1,1,0,1,1,1,1,1,5,8,14
41288,0:2:2;0:2:2;1:2:1;1:3:2,5,2,1,1,1,0,1,1,1,1,1,5,8,3
41289,0:2:2;0:2:2;1:2:1;1:3:2,5,3,1,1,1,0,1,1,1,1,1,5,8,3
41290,0:2:2;0:2:2;1:2:1;1:3:2,5,4,1,1,1,0,1,1,1,1,1,5,8,1
41291,0:2:2;0:2:2;1:2:1;1:3:2,5,5,1,1,1,0,1,1,1,1,1,5,8,1
41292,0:2:2;0:2:2;1:2:1;1:3:3,0,0,1,0,0,1,0,0,0,0,0,1,1,24
41293,0:2:2;0:2:2;1:2:1;1:3:3,0,1,1,0,0,1,0,0,0,0,0,1,3,24
41294,0:2:2;0:2:2;1:2:1;1:3:3,0,2,1,1,0,0,1,1,1,1,1,5,9,3
41295,0:2:2;0:2:2;1:2:1;1:3:3,0,3,1,1,0,0,1,1,1,1,1,5,9,3
41296,0:2:2;0:2:2;1:2:1;1:3:3,0,4,1,1,1,0,1,1,1,1,1,5,9,1
41297,0:2:2;0:2:2;1:2:1;1:3:3,0,5,1,1,1,0,1,1,1,1,1,5,9,1
41298,0:2:2;0:2:2;1:2:1;1:3:3,1,0,1,0,0,1,0,0,0,0,0,4,12,24
41299,0:2:2;0:2:2;1:2:1;1:3:3,1,1,1,0,0,1,0,0,0,0,0,4,22,24
41300,0:2:2;0:2:2;1:2:1;1:3:3,1,2,1,1,0,0,1,1,1,1,1,5,9,3
41301,0:2:2;0:2:2;1:2:1;1:3:3,1,3,1,1,1,0,1,1,1,1,1,5,9,3
41302,0:2:2;0:2:2;1:2:1;1:3:3,1,4,1,1,1,0,1,1,1,1,1,5,9,1
41303,0:2:2;0:2:2;1:2:1;1:3:3,1,5,1,1,1,0,1,1,1,1,1,5,9,1
41304,0:2:2;0:2:2;1:2:1;1:3:3,2,0,1,1,0,0,1,1,1,1,1,5,9,14
41305,0:2:2;0:2:2;1:2:1;1:3:3,2,1,1,1,0,0,1,1,1,1,1,5,9,14
41306,0:2:2;0:2:2;1:2:1;1:3:3,2,2,1,1,1,0,1,1,1,1,1,5,9,3
41307,0:2:2;0:2:2;1:2:1;1:3:3,2,3,1,1,1,0,1,1,1,1,1,5,9,3
41308,0:2:2;0:2:2;1:2:1;1:3:3,2,4,1,1,1,0,1,1,1,1,1,5,9,1
41309,0:2:2;0:2:2;1:2:1;1:3:3,2,5,1,1,1,0,1,1,1,1,1,5,9,1
41310,0:2:2;0:2:2;1:2:1;1:3:3,3,0,1,1,0,0,1,1,1,1,1,5,9,14
41311,0:2:2;0:2:2;1:2:1;1:3:3,3,1,1,1,1,0,1,1,1,1,1,5,9,14
41312,0:2:2;0:2:2;1:2:1;1:3:3,3,2,1,1,1,0,1,1,1,1,1,5,9,3
41313,0:2:2;0:2:2;1:2:1;1:3:3,3,3,1,1,1,0,1,1,1,1,1,5,9,3
41314,0:2:2;0:2:2;1:2:1;1:3:3,3,4,1,1,1,0,1,1,1,1,1,5,9,1
41315,0:2:2;0:2:2;1:2:1;1:3:3,3,5,1,1,1,0,1,1,1,1,1,5,9,1
41316,0:2:2;0:2:2;1:2:1;1:3:3,4,0,1,1,1,0,1,1,1,1,1,5,9,14
41317,0:2:2;0:2:2;1:2:1;1:3:3,4,1,1,1,1,0,1,1,1,1,1,5,9,14
41318,0:2:2;0:2:2;1:2:1;1:3:3,4,2,1,1,1,0,1,1,1,1,1,5,9,3
41319,0:2:2;0:2:2;1:2:1;1:3:3,4,3,1,1,1,0,1,1,1,1,1,5,9,3
41320,0:2:2;0:2:2;1:2:1;1:3:3,4,4,1,1,1,0,1,1,1,1,1,5,9,1
41321,0:2:2;0:2:2;1:2:1;1:3:3,4,5,1,1,1,0,1,1,1,1,1,5,9,1
41322,0:2:2;0:2:2;1:2:1;1:3:3,5,0,1,1,1,0,1,1,1,1,1,5,9,14
41323,0:2:2;0:2:2;1:2:1;1:3:3,5,1,1,1,1,0,1,1,1,1,1,5,9,14
41324,0:2:2;0:2:2;1:2:1;1:3:3,5,2,1,1,1,0,1,1,1,1,1,5,9,3
41325,0:2:2;0:2:2;1:2:1;1:3:3,5,3,1,1,1,0,1,1,1,1,1,5,9,3
41326,0:2:2;0:2:2;1:2:1;1:3:3,5,4,1,1,1,0,1,1,1,1,1,5,9,1
41327,0:2:2;0:2:2;1:2:1;1:3:3,5,5,1,1,1,0,1,1,1,1,1,5,9,1
41328,0:2:2;0:2:2;1:2:1;1:4:3,0,0,1,0,0,1,0,0,0,0,0,1,1,24
41329,0:2:2;0:2:2;1:2:1;1:4:3,0,1,1,0,0,1,0,0,0,0,0,1,3,24
41330,0:2:2;0:2:2;1:2:1;1:4:3,0,2,1,1,0,0,1,1,1,1,1,5,9,3
41331,0:2:2;0:2:2;1:2:1;1:4:3,0,3,1,1,0,0,1,1,1,1,1,5,9,3
41332,0:2:2;0:2:2;1:2:1;1:4:3,0,4,1,1,1,0,1,1,1,1,1,5,9,1
41333,0:2:2;0:2:2;1:2:1;1:4:3,0,5,1,1,1,0,1,1,1,1,1,5,9,1
41334,0:2:2;0:2:2;1:2:1;1:4:3,1,0,1,0,0,1,0,0,0,0,0,4,12,24
41335,0:2:2;0:2:2;1:2:1;1:4:3,1,1,1,0,0,1,0,0,0,0,0,4,22,24
41336,0:2:2;0:2:2;1:2:1;1:4:3,1,2,1,1,0,0,1,1,1,1,1,5,9,3
41337,0:2:2;0:2:2;1:2:1;1:4:3,1,3,1,1,1,0,1,1,1,1,1,5,9,3
41338,0:2:2;0:2:2;1:2:1;1:4:3,1,4,1,1,1,0,1,1,1,1,1,5,9,1
41339,0:2:2;0:2:2;1:2:1;1:4:3,1,5,1,1,1,0,1,1,1,1,1,5,9,1
41340,0:2:2;0:2:2;1:2:1;1:4:3,2,0,1,1,0,0,1,1,1,1,1,5,9,14
41341,0:2:2;0:2:2;1:2:1;1:4:3,2,1,1,1,0,0,1,1,1,1,1,5,9,14
41342,0:2:2;0:2:2;1:2:1;1:4:3,2,2,1,1,1,0,1,1,1,1,1,5,9,3
41343,0:2:2;0:2:2;1:2:1;1:4:3,2,3,1,1,1,0,1,1,1,1,1,5,9,3
41344,0:2:2;0:2:2;1:2:1;1:4:3,2,4,1,1,1,0,1,1,1,1,1,5,9,1
41345,0:2:2;0:2:2;1:2:1;1:4:3,2,5,1,1,1,0,1,1,1,1,1,5,9,1
41346,0:2:2;0:2:2;1:2:1;1:4:3,3,0,1,1,0,0,1,1,1,1,1,5,9,14
41347,0:2:2;0:2:2;1:2:1;1:4:3,3,1,1,1,1,0,1,1,1,1,1,5,9,14
41348,0:2:2;0:2:2;1:2:1;1:4:3,3,2,1,1,1,0,1,1,1,1,1,5,9,3
41349,0:2:2;0:2:2;1:2:1;1:4:3,3,3,1,1,1,0,1,1,1,1,1,5,9,3
41350,0:2:2;0:2:2;1:2:1;1:4:3,3,4,1,1,1,0,1,1,1,1,1,5,9,1
41351,0:2:2;0:2:2;1:2:1;1:4:3,3,5,1,1,1,0,1,1,1,1,1,5,9,1
41352,0:2:2;0:2:2;1:2:1;1:4:3,4,0,1,1,1,0,1,1,1,1,1,5,9,14
41353,0:2:2;0:2:2;1:2:1;1:4:3,4,1,1,1,1,0,1,1,1,1,1,5,9,14
41354,0:2:2;0:2:2;1:2:1;1:4:3,4,2,1,1,1,0,1,1,1,1,1,5,9,3
41355,0:2:2;0:2:2;1:2:1;1:4:3,4,3,1,1,1,0,1,1,1,1,1,5,9,3
41356,0:2:2;0:2:2;1:2:1;1:4:3,4,4,1,1,1,0,1,1,1,1,1,5,9,1
41357,0:2:2;0:2:2;1:2:1;1:4:3,4,5,1,1,1,0,1,1,1,1,1,5,9,1
41358,0:2:2;0:2:2;1:2:1;1:4:3,5,0,1,1,1,0,1,1,1,1,1,5,9,14
41359,0:2:2;0:2:2;1:2:1;1:4:3,5,1,1,1,1,0,1,1,1,1,1,5,9,14
41360,0:2:2;0:2:2;1:2:1;1:4:3,5,2,1,1,1,0,1,1,1,1,1,5,9,3
41361,0:2:2;0:2:2;1:2:1;1:4:3,5,3,1,1,1,0,1,1,1,1,1,5,9,3
41362,0:2:2;0:2:2;1:2:1;1:4:3,5,4,1,1,1,0,1,1,1,1,1,5,9,1
41363,0:2:2;0:2:2;1:2:1;1:4:3,5,5,1,1,1,0,1,1,1,1,1,5,9,1
41364,0:2:2;0:2:2;1:2:2;1:2:2,0,0,1,0,0,1,0,0,0,0,0,1,1,24
41365,0:2:2;0:2:2;1:2:2;1:2:2,0,1,1,0,0,1,0,0,0,0,0,1,3,24
41366,0:2:2;0:2:2;1:2:2;1:2:2,0,2,1,1,0,0,1,1,1,1,1,5,9,3
41367,0:2:2;0:2:2;1:2:2;1:2:2,0,3,1,1,1,0,1,1,1,1,1,5,9,3
41368,0:2:2;0:2:2;1:2:2;1:2:2,0,4,1,1,1,0,1,1,1,1,1,5,9,1
41369,0:2:2;0:2:2;1:2:2;1:2:2,0,5,1,1,1,0,1,1,1,1,1,5,9,1
41370,0:2:2;0:2:2;1:2:2;1:2:2,1,0,1,0,0,1,0,0,0,0,0,1,3,24
41371,0:2:2;0:2:2;1:2:2;1:2:2,1,1,1,0,0,1,0,0,0,0,0,1,9,24
41372,0:2:2;0:2:2;1:2:2;1:2:2,1,2,1,1,1,0,1,1,1,1,1,5,9,3
41373,0:2:2;0:2:2;1:2:2;1:2:2,1,3,1,1,1,0,1,1,1,1,1,5,9,3
41374,0:2:2;0:2:2;1:2:2;1:2:2,1,4,1,1,1,0,1,1,1,1,1,5,9,1
41375,0:2:2;0:2:2;1:2:2;1:2:2,1,5,1,1,1,0,1,1,1,1,1,5,9,1
41376,0:2:2;0:2:2;1:2:2;1:2:2,2,0,1,1,0,0,1,1,1,1,1,5,9,14
41377,0:2:2;0:2:2;1:2:2;1:2:2,2,1,1,1,1,0,1,1,1,1,1,5,9,14
41378,0:2:2;0:2:2;1:2:2;1:2:2,2,2,1,1,1,0,1,1,1,1,1,5,9,3
41379,0:2:2;0:2:2;1:2:2;1:2:2,2,3,1,1,1,0,1,1,1,1,1,5,9,3
41380,0:2:2;0:2:2;1:2:2;1:2:2,2,4,1,1,1,0,1,1,1,1,1,5,9,1
41381,0:2:2;0:2:2;1:2:2;1:2:2,2,5,1,1,1,0,1,1,1,1,1,5,9,1
41382,0:2:2;0:2:2;1:2:2;1:2:2,3,0,1,1,1,0,1,1,1,1,1,5,9,14
41383,0:2:2;0:2:2;1:2:2;1:2:2,3,1,1,1,1,0,1,1,1,1,1,5,9,14
41384,0:2:2;0:2:2;1:2:2;1:2:2,3,2,1,1,1,0,1,1,1,1,1,5,9,3
41385,0:2:2;0:2:2;1:2:2;1:2:2,3,3,1,1,1,0,1,1,1,1,1,5,9,3
41386,0:2:2;0:2:2;1:2:2;1:2:2,3,4,1,1,1,0,1,1,1,1,1,5,9,1
41387,0:2:2;0:2:2;1:2:2;1:2:2,3,5,1,1,1,0,1,1,1,1,1,5,9,1
41388,0:2:2;0:2:2;1:2:2;1:2:2,4,0,1,1,1,0,1,1,1,1,1,5,9,14
41389,0:2:2;0:2:2;1:2:2;1:2:2,4,1,1,1,1,0,1,1,1,1,1,5,9,14
41390,0:2:2;0:2:2;1:2:2;1:2:2,4,2,1,1,1,0,1,1,1,1,1,5,9,3
41391,0:2:2;0:2:2;1:2:2;1:2:2,4,3,1,1,1,0,1,1,1,1,1,5,9,3
41392,0:2:2;0:2:2;1:2:2;1:2:2,4,4,1,1,1,0,1,1,1,1,1,5,9,1
41393,0:2:2;0:2:2;1:2:2;1:2:2,4,5,1,1,1,0,1,1,1,1,1,5,9,1
41394,0:2:2;0:2:2;1:2:2;1:2:2,5,0,1,1,1,0,1,1,1,1,1,5,9,14
41395,0:2:2;0:2:2;1:2:2;1:2:2,5,1,1,1,1,0,1,1,1,1,1,5,9,14
41396,0:2:2;0:2:2;1:2:2;1:2:2,5,2,1,1,1,0,1,1,1,1,1,5,9,3
41397,0:2:2;0:2:2;1:2:2;1:2:2,5,3,1,1,1,0,1,1,1,1,1,5,9,3
41398,0:2:2;0:2:2;1:2:2;1:2:2,5,4,1,1,1,0,1,1,1,1,1,5,9,1
41399,0:2:2;0:2:2;1:2:2;1:2:2,5,5,1,1,1,0,1,1,1,1,1,5,9,1
41400,0:2:2;0:2:2;1:2:2;1:3:2,0,0,1,0,0,1,0,0,0,0,0,1,1,24
41401,0:2:2;0:2:2;1:2:2;1:3:2,0,1,1,0,0,1,0,0,0,0,0,1,3,24
41402,0:2:2;0:2:2;1:2:2;1:3:2,0,2,1,1,0,0,1,1,1,1,1,5,9,3
41403,0:2:2;0:2:2;1:2:2;1:3:2,0,3,1,1,1,0,1,1,1,1,1,5,9,3
41404,0:2:2;0:2:2;1:2:2;1:3:2,0,4,1,1,1,0,1,1,1,1,1,5,9,1
41405,0:2:2;0:2:2;1:2:2;1:3:2,0,5,1,1,1,0,1,1,1,1,1,5,9,1
41406,0:2:2;0:2:2;1:2:2;1:3:2,1,0,1,0,0,1,0,0,0,0,0,1,3,24
41407,0:2:2;0:2:2;1:2:2;1:3:2,1,1,1,0,0,1,0,0,0,0,0,1,9,24
41408,0:2:2;0:2:2;1:2:2;1:3:2,1,2,1,1,1,0,1,1,1,1,1,5,9,3
41409,0:2:2;0:2:2;1:2:2;1:3:2,1,3,1,1,1,0,1,1,1,1,1,5,9,3
41410,0:2:2;0:2:2;1:2:2;1:3:2,1,4,1,1,1,0,1,1,1,1,1,5,9,1
41411,0:2:2;0:2:2;1:2:2;1:3:2,1,5,1,1,1,0,1,1,1,1,1,5,9,1
41412,0:2:2;0:2:2;1:2:2;1:3:2,2,0,1,1,0,0,1,1,1,1,1,5,9,14
41413,0:2:2;0:2:2;1:2:2;1:3:2,2,1,1,1,1,0,1,1,1,1,1,5,9,14
41414,0:2:2;0:2:2;1:2:2;1:3:2,2,2,1,1,1,0,1,1,1,1,1,5,9,3
41415,0:2:2;0:2:2;1:2:2;1:3:2,2,3,1,1,1,0,1,1,1,1,1,5,9,3
41416,0:2:2;0:2:2;1:2:2;1:3:2,2,4,1,1,1,0,1,1,1,1,1,5,9,1
41417,0:2:2;0:2:2;1:2:2;1:3:2,2,5,1,1,1,0,1,1,1,1,1,5,9,1
41418,0:2:2;0:2:2;1:2:2;1:3:2,3,0,1,1,1,0,1,1,1,1,1,5,9,14
41419,0:2:2;0:2:2;1:2:2;1:3:2,3,1,1,1,1,0,1,1,1,1,1,5,9,14
41420,0:2:2;0:2:2;1:2:2;1:3:2,3,2,1,1,1,0,1,1,1,1,1,5,9,3
41421,0:2:2;0:2:2;1:2:2;1:3:2,3,3,1,1,1,0,1,1,1,1,1,5,9,3
41422,0:2:2;0:2:2;1:2:2;1:3:2,3,4,1,1,1,0,1,1,1,1,1,5,9,1
41423,0:2:2;0:2:2;1:2:2;1:3:2,3,5,1,1,1,0,1,1,1,1,1,5,9,1
41424,0:2:2;0:2:2;1:2:2;1:3:2,4,0,1,1,1,0,1,1,1,1,1,5,9,14
41425,0:2:2;0:2:2;1:2:2;1:3:2,4,1,1,1,1,0,1,1,1,1,1,5,9,14
41426,0:2:2;0:2:2;1:2:2;1:3:2,4,2,1,1,1,0,1,1,1,1,1,5,9,3
41427,0:2:2;0:2:2;1:2:2;1:3:2,4,3,1,1,1,0,1,1,1,1,1,5,9,3
41428,0:2:2;0:2:2;1:2:2;1:3:2,4,4,1,1,1,0,1,1,1,1,1,5,9,1
41429,0:2:2;0:2:2;1:2:2;1:3:2,4,5,1,1,1,0,1,1,1,1,1,5,9,1
41430,0:2:2;0:2:2;1:2:2;1:3:2,5,0,1,1,1,0,1,1,1,1,1,5,9,14
41431,0:2:2;0:2:2;1:2:2;1:3:2,5,1,1,1,1,0,1,1,1,1,1,5,9,14
41432,0:2:2;0:2:2;1:2:2;1:3:2,5,2,1,1,1,0,1,1,1,1,1,5,9,3
41433,0:2:2;0:2:2;1:2:2;1:3:2,5,3,1,1,1,0,1,1,1,1,1,5,9,3
41434,0:2:2;0:2:2;1:2:2;1:3:2,5,4,1,1,1,0,1,1,1,1,1,5,9,1
41435,0:2:2;0:2:2;1:2:2;1:3:2,5,5,1,1,1,0,1,1,1,1,1,5,9,1
41436,0:2:2;0:2:2;1:2:2;1:3:3,0,0,0,0,0,1,0,0,0,0,0,0,1,24
41437,0:2:2;0:2:2;1:2:2;1:3:3,0,1,0,0,0,1,0,0,0,0,0,0,3,24
41438,0:2:2;0:2:2;1:2:2;1:3:3,0,2,0,0,0,1,0,0,0,0,0,0,21,24
41439,0:2:2;0:2:2;1:2:2;1:3:3,0,3,0,0,0,1,0,0,0,0,0,0,31,24
41440,0:2:2;0:2:2;1:2:2;1:3:3,0,4,0,0,0,1,0,0,0,0,0,0,39,24
41441,0:2:2;0:2:2;1:2:2;1:3:3,0,5,0,0,0,1,0,0,0,0,0,0,39,24
41442,0:2:2;0:2:2;1:2:2;1:3:3,1,0,1,0,0,1,0,0,0,0,0,1,3,24
41443,0:2:2;0:2:2;1:2:2;1:3:3,1,1,1,0,0,1,0,0,0,0,0,1,9,24
41444,0:2:2;0:2:2;1:2:2;1:3:3,1,2,1,1,0,0,1,1,1,1,1,5,10,3
41445,0:2:2;0:2:2;1:2:2;1:3:3,1,3,1,1,1,0,1,1,1,1,1,5,10,3
41446,0:2:2;0:2:2;1:2:2;1:3:3,1,4,1,1,1,0,1,1,1,1,1,5,10,1
41447,0:2:2;0:2:2;1:2:2;1:3:3,1,5,1,1,1,0,1,1,1,1,1,5,10,1
41448,0:2:2;0:2:2;1:2:2;1:3:3,2,0,1,0,0,1,0,0,0,0,0,4,15,24
41449,0:2:2;0:2:2;1:2:2;1:3:3,2,1,1,0,0,1,0,0,0,0,0,4,31,24
41450,0:2:2;0:2:2;1:2:2;1:3:3,2,2,1,1,1,0,1,1,1,1,1,5,10,3
41451,0:2:2;0:2:2;1:2:2;1:3:3,2,3,1,1,1,0,1,1,1,1,1,5,10,3
41452,0:2:2;0:2:2;1:2:2;1:3:3,2,4,1,1,1,0,1,1,1,1,1,5,10,1
41453,0:2:2;0:2:2;1:2:2;1:3:3,2,5,1,1,1,0,1,1,1,1,1,5,10,1
41454,0:2:2;0:2:2;1:2:2;1:3:3,3,0,1,1,0,0,1,1,1,1,1,5,10,14
41455,0:2:2;0:2:2;1:2:2;1:3:3,3,1,1,1,1,0,1,1,1,1,1,5,10,14
41456,0:2:2;0:2:2;1:2:2;1:3:3,3,2,1,1,1,0,1,1,1,1,1,5,10,3
41457,0:2:2;0:2:2;1:2:2;1:3:3,3,3,1,1,1,0,1,1,1,1,1,5,10,3
41458,0:2:2;0:2:2;1:2:2;1:3:3,3,4,1,1,1,0,1,1,1,1,1,5,10,1
41459,0:2:2;0:2:2;1:2:2;1:3:3,3,5,1,1,1,0,1,1,1,1,1,5,10,1
41460,0:2:2;0:2:2;1:2:2;1:3:3,4,0,1,1,1,0,1,1,1,1,1,5,10,14
41461,0:2:2;0:2:2;1:2:2;1:3:3,4,1,1,1,1,0,1,1,1,1,1,5,10,14
41462,0:2:2;0:2:2;1:2:2;1:3:3,4,2,1,1,1,0,1,1,1,1,1,5,10,3
41463,0:2:2;0:2:2;1:2:2;1:3:3,4,3,1,1,1,0,1,1,1,1,1,5,10,3
41464,0:2:2;0:2:2;1:2:2;1:3:3,4,4,1,1,1,0,1,1,1,1,1,5,10,1
41465,0:2:2;0:2:2;1:2:2;1:3:3,4,5,1,1,1,0,1,1,1,1,1,5,10,1
41466,0:2:2;0:2:2;1:2:2;1:3:3,5,0,1,1,1,0,1,1,1,1,1,5,10,14
41467,0:2:2;0:2:2;1:2:2;1:3:3,5,1,1,1,1,0,1,1,1,1,1,5,10,14
41468,0:2:2;0:2:2;1:2:2;1:3:3,5,2,1,1,1,0,1,1,1,1,1,5,10,3
41469,0:2:2;0:2:2;1:2:2;1:3:3,5,3,1,1,1,0,1,1,1,1,1,5,10,3
41470,0:2:2;0:2:2;1:2:2;1:3:3,5,4,1,1,1,0,1,1,1,1,1,5,10,1
41471,0:2:2;0:2:2;1:2:2;1:3:3,5,5,1,1,1,0,1,1,1,1,1,5,10,1
41472,0:2:2;0:2:2;1:2:2;1:4:3,0,0,0,0,0,1,0,0,0,0,0,0,1,24
41473,0:2:2;0:2:2;1:2:2;1:4:3,0,1,0,0,0,1,0,0,0,0,0,0,3,24
41474,0:2:2;0:2:2;1:2:2;1:4:3,0,2,0,0,0,1,0,0,0,0,0,0,21,24
41475,0:2:2;0:2:2;1:2:2;1:4:3,0,3,0,0,0,1,0,0,0,0,0,0,31,24
41476,0:2:2;0:2:2;1:2:2;1:4:3,0,4,0,0,0,1,0,0,0,0,0,0,39,24
41477,0:2:2;0:2:2;1:2:2;1:4:3,0,5,0,0,0,1,0,0,0,0,0,0,39,24
41478,0:2:2;0:2:2;1:2:2;1:4:3,1,0,1,0,0,1,0,0,0,0,0,1,3,24
41479,0:2:2;0:2:2;1:2:2;1:4:3,1,1,1,0,0,1,0,0,0,0,0,1,9,24
41480,0:2:2;0:2:2;1:2:2;1:4:3,1,2,1,1,0,0,1,1,1,1,1,5,10,3
41481,0:2:2;0:2:2;1:2:2;1:4:3,1,3,1,1,1,0,1,1,1,1,1,5,10,3
41482,0:2:2;0:2:2;1:2:2;1:4:3,1,4,1,1,1,0,1,1,1,1,1,5,10,1
41483,0:2:2;0:2:2;1:2:2;1:4:3,1,5,1,1,1,0,1,1,1,1,1,5,10,1
41484,0:2:2;0:2:2;1:2:2;1:4:3,2,0,1,0,0,1,0,0,0,0,0,4,15,24
41485,0:2:2;0:2:2;1:2:2;1:4:3,2,1,1,0,0,1,0,0,0,0,0,4,31,24
41486,0:2:2;0:2:2;1:2:2;1:4:3,2,2,1,1,1,0,1,1,1,1,1,5,10,3
41487,0:2:2;0:2:2;1:2:2;1:4:3,2,3,1,1,1,0,1,1,1,1,1,5,10,3
41488,0:2:2;0:2:2;1:2:2;1:4:3,2,4,1,1,1,0,1,1,1,1,1,5,10,1
41489,0:2:2;0:2:2;1:2:2;1:4:3,2,5,1,1,1,0,1,1,1,1,1,5,10,1
41490,0:2:2;0:2:2;1:2:2;1:4:3,3,0,1,1,0,0,1,1,1,1,1,5,10,14
41491,0:2:2;0:2:2;1:2:2;1:4:3,3,1,1,1,1,0,1,1,1,1,1,5,10,14
41492,0:2:2;0:2:2;1:2:2;1:4:3,3,2,1,1,1,0,1,1,1,1,1,5,10,3
41493,0:2:2;0:2:2;1:2:2;1:4:3,3,3,1,1,1,0,1,1,1,1,1,5,10,3
41494,0:2:2;0:2:2;1:2:2;1:4:3,3,4,1,1,1,0,1,1,1,1,1,5,10,1
41495,0:2:2;0:2:2;1:2:2;1:4:3,3,5,1,1,1,0,1,1,1,1,1,5,10,1
41496,0:2:2;0:2:2;1:2:2;1:4:3,4,0,1,1,1,0,1,1,1,1,1,5,10,14
41497,0:2:2;0:2:2;1:2:2;1:4:3,4,1,1,1,1,0,1,1,1,1,1,5,10,14
41498,0:2:2;0:2:2;1:2:2;1:4:3,4,2,1,1,1,0,1,1,1,1,1,5,10,3
41499,0:2:2;0:2:2;1:2:2;1:4:3,4,3,1,1,1,0,1,1,1,1,1,5,10,3
41500,0:2:2;0:2:2;1:2:2;1:4:3,4,4,1,1,1,0,1,1,1,1,1,5,10,1
41501,0:2:2;0:2:2;1:2:2;1:4:3,4,5,1,1,1,0,1,1,1,1,1,5,10,1
41502,0:2:2;0:2:2;1:2:2;1:4:3,5,0,1,1,1,0,1,1,1,1,1,5,10,14
41503,0:2:2;0:2:2;1:2:2;1:4:3,5,1,1,1,1,0,1,1,1,1,1,5,10,14
41504,0:2:2;0:2:2;1:2:2;1:4:3,5,2,1,1,1,0,1,1,1,1,1,5,10,3
41505,0:2:2;0:2:2;1:2:2;1:4:3,5,3,1,1,1,0,1,1,1,1,1,5,10,3
41506,0:2:2;0:2:2;1:2:2;1:4:3,5,4,1,1,1,0,1,1,1,1,1,5,10,1
41507,0:2:2;0:2:2;1:2:2;1:4:3,5,5,1,1,1,0,1,1,1,1,1,5,10,1
41508,0:2:2;0:2:2;1:3:2;1:3:2,0,0,1,0,0,1,0,0,0,0,0,1,1,24
41509,0:2:2;0:2:2;1:3:2;1:3:2,0,1,1,0,0,1,0,0,0,0,0,1,3,24
41510,0:2:2;0:2:2;1:3:2;1:3:2,0,2,1,1,0,0,1,1,1,1,1,5,9,3
41511,0:2:2;0:2:2;1:3:2;1:3:2,0,3,1,1,1,0,1,1,1,1,1,5,9,3
41512,0:2:2;0:2:2;1:3:2;1:3:2,0,4,1,1,1,0,1,1,1,1,1,5,9,1
41513,0:2:2;0:2:2;1:3:2;1:3:2,0,5,1,1,1,0,1,1,1,1,1,5,9,1
41514,0:2:2;0:2:2;1:3:2;1:3:2,1,0,1,0,0,1,0,0,0,0,0,1,3,24
41515,0:2:2;0:2:2;1:3:2;1:3:2,1,1,1,0,0,1,0,0,0,0,0,1,9,24
41516,0:2:2;0:2:2;1:3:2;1:3:2,1,2,1,1,1,0,1,1,1,1,1,5,9,3
41517,0:2:2;0:2:2;1:3:2;1:3:2,1,3,1,1,1,0,1,1,1,1,1,5,9,3
41518,0:2:2;0:2:2;1:3:2;1:3:2,1,4,1,1,1,0,1,1,1,1,1,5,9,1
41519,0:2:2;0:2:2;1:3:2;1:3:2,1,5,1,1,1,0,1,1,1,1,1,5,9,1
41520,0:2:2;0:2:2;1:3:2;1:3:2,2,0,1,1,0,0,1,1,1,1,1,5,9,14
41521,0:2:2;0:2:2;1:3:2;1:3:2,2,1,1,1,1,0,1,1,1,1,1,5,9,13
41522,0:2:2;0:2:2;1:3:2;1:3:2,2,2,1,1,1,0,1,1,1,1,1,5,9,3
41523,0:2:2;0:2:2;1:3:2;1:3:2,2,3,1,1,1,0,1,1,1,1,1,5,9,3
41524,0:2:2;0:2:2;1:3:2;1:3:2,2,4,1,1,1,0,1,1,1,1,1,5,9,1
41525,0:2:2;0:2:2;1:3:2;1:3:2,2,5,1,1,1,0,1,1,1,1,1,5,9,1
41526,0:2:2;0:2:2;1:3:2;1:3:2,3,0,1,1,1,0,1,1,1,1,1,5,9,14
41527,0:2:2;0:2:2;1:3:2;1:3:2,3,1,1,1,1,0,1,1,1,1,1,5,9,13
41528,0:2:2;0:2:2;1:3:2;1:3:2,3,2,1,1,1,0,1,1,1,1,1,5,9,3
41529,0:2:2;0:2:2;1:3:2;1:3:2,3,3,1,1,1,0,1,1,1,1,1,5,9,3
41530,0:2:2;0:2:2;1:3:2;1:3:2,3,4,1,1,1,0,1,1,1,1,1,5,9,1
41531,0:2:2;0:2:2;1:3:2;1:3:2,3,5,1,1,1,0,1,1,1,1,1,5,9,1
41532,0:2:2;0:2:2;1:3:2;1:3:2,4,0,1,1,1,0,1,1,1,1,1,5,9,14
41533,0:2:2;0:2:2;1:3:2;1:3:2,4,1,1,1,1,0,1,1,1,1,1,5,9,13
41534,0:2:2;0:2:2;1:3:2;1:3:2,4,2,1,1,1,0,1,1,1,1,1,5,9,3
41535,0:2:2;0:2:2;1:3:2;1:3:2,4,3,1,1,1,0,1,1,1,1,1,5,9,3
41536,0:2:2;0:2:2;1:3:2;1:3:2,4,4,1,1,1,0,1,1,1,1,1,5,9,1
41537,0:2:2;0:2:2;1:3:2;1:3:2,4,5,1,1,1,0,1,1,1,1,1,5,9,1
41538,0:2:2;0:2:2;1:3:2;1:3:2,5,0,1,1,1,0,1,1,1,1,1,5,9,14
41539,0:2:2;0:2:2;1:3:2;1:3:2,5,1,1,1,1,0,1,1,1,1,1,5,9,13
41540,0:2:2;0:2:2;1:3:2;1:3:2,5,2,1,1,1,0,1,1,1,1,1,5,9,3
41541,0:2:2;0:2:2;1:3:2;1:3:2,5,3,1,1,1,0,1,1,1,1,1,5,9,3
41542,0:2:2;0:2:2;1:3:2;1:3:2,5,4,1,1,1,0,1,1,1,1,1,5,9,1
41543,0:2:2;0:2:2;1:3:2;1:3:2,5,5,1,1,1,0,1,1,1,1,1,5,9,1
41544,0:2:2;0:2:2;1:3:2;1:3:3,0,0,0,0,0,1,0,0,0,0,0,0,1,24
41545,0:2:2;0:2:2;1:3:2;1:3:3,0,1,0,0,0,1,0,0,0,0,0,0,3,24
41546,0:2:2;0:2:2;1:3:2;1:3:3,0,2,0,0,0,1,0,0,0,0,0,0,21,24
41547,0:2:2;0:2:2;1:3:2;1:3:3,0,3,0,0,0,1,0,0,0,0,0,0,31,24
41548,0:2:2;0:2:2;1:3:2;1:3:3,0,4,0,0,0,1,0,0,0,0,0,0,39,24
41549,0:2:2;0:2:2;1:3:2;1:3:3,0,5,0,0,0,1,0,0,0,0,0,0,39,24
41550,0:2:2;0:2:2;1:3:2;1:3:3,1,0,1,0,0,1,0,0,0,0,0,1,3,24
41551,0:2:2;0:2:2;1:3:2;1:3:3,1,1,1,0,0,1,0,0,0,0,0,1,9,24
41552,0:2:2;0:2:2;1:3:2;1:3:3,1,2,1,1,0,0,1,1,1,1,1,5,10,3
41553,0:2:2;0:2:2;1:3:2;1:3:3,1,3,1,1,1,0,1,1,1,1,1,5,10,3
41554,0:2:2;0:2:2;1:3:2;1:3:3,1,4,1,1,1,0,1,1,1,1,1,5,10,1
41555,0:2:2;0:2:2;1:3:2;1:3:3,1,5,1,1,1,0,1,1,1,1,1,5,10,1
41556,0:2:2;0:2:2;1:3:2;1:3:3,2,0,1,0,0,1,0,0,0,0,0,4,21,24
41557,0:2:2;0:2:2;1:3:2;1:3:3,2,1,1,1,0,0,1,1,1,1,1,5,10,13
41558,0:2:2;0:2:2;1:3:2;1:3:3,2,2,1,1,1,0,1,1,1,1,1,5,10,3
41559,0:2:2;0:2:2;1:3:2;1:3:3,2,3,1,1,1,0,1,1,1,1,1,5,10,3
41560,0:2:2;0:2:2;1:3:2;1:3:3,2,4,1,1,1,0,1,1,1,1,1,5,10,1
41561,0:2:2;0:2:2;1:3:2;1:3:3,2,5,1,1,1,0,1,1,1,1,1,5,10,1
41562,0:2:2;0:2:2;1:3:2;1:3:3,3,0,1,1,0,0,1,1,1,1,1,5,10,14
41563,0:2:2;0:2:2;1:3:2;1:3:3,3,1,1,1,1,0,1,1,1,1,1,5,10,13
41564,0:2:2;0:2:2;1:3:2;1:3:3,3,2,1,1,1,0,1,1,1,1,1,5,10,3
41565,0:2:2;0:2:2;1:3:2;1:3:3,3,3,1,1,1,0,1,1,1,1,1,5,10,3
41566,0:2:2;0:2:2;1:3:2;1:3:3,3,4,1,1,1,0,1,1,1,1,1,5,10,1
41567,0:2:2;0:2:2;1:3:2;1:3:3,3,5,1,1,1,0,1,1,1,1,1,5,10,1
41568,0:2:2;0:2:2;1:3:2;1:3:3,4,0,1,1,1,0,1,1,1,1,1,5,10,14
41569,0:2:2;0:2:2;1:3:2;1:3:3,4,1,1,1,1,0,1,1,1,1,1,5,10,13
41570,0:2:2;0:2:2;1:3:2;1:3:3,4,2,1,1,1,0,1,1,1,1,1,5,10,3
41571,0:2:2;0:2:2;1:3:2;1:3:3,4,3,1,1,1,0,1,1,1,1,1,5,10,3
41572,0:2:2;0:2:2;1:3:2;1:3:3,4,4,1,1,1,0,1,1,1,1,1,5,10,1
41573,0:2:2;0:2:2;1:3:2;1:3:3,4,5,1,1,1,0,1,1,1,1,1,5,10,1
41574,0:2:2;0:2:2;1:3:2;1:3:3,5,0,1,1,1,0,1,1,1,1,1,5,10,14
41575,0:2:2;0:2:2;1:3:2;1:3:3,5,1,1,1,1,0,1,1,1,1,1,5,10,13
41576,0:2:2;0:2:2;1:3:2;1:3:3,5,2,1,1,1,0,1,1,1,1,1,5,10,3
41577,0:2:2;0:2:2;1:3:2;1:3:3,5,3,1,1,1,0,1,1,1,1,1,5,10,3
41578,0:2:2;0:2:2;1:3:2;1:3:3,5,4,1,1,1,0,1,1,1,1,1,5,10,1
41579,0:2:2;0:2:2;1:3:2;1:3:3,5,5,1,1,1,0,1,1,1,1,1,5,10,1
41580,0:2:2;0:2:2;1:3:2;1:4:3,0,0,0,0,0,1,0,0,0,0,0,0,1,24
41581,0:2:2;0:2:2;1:3:2;1:4:3,0,1,0,0,0,1,0,0,0,0,0,0,3,24
41582,0:2:2;0:2:2;1:3:2;1:4:3,0,2,0,0,0,1,0,0,0,0,0,0,21,24
41583,0:2:2;0:2:2;1:3:2;1:4:3,0,3,0,0,0,1,0,0,0,0,0,0,31,24
41584,0:2:2;0:2:2;1:3:2;1:4:3,0,4,0,0,0,1,0,0,0,0,0,0,39,24
41585,0:2:2;0:2:2;1:3:2;1:4:3,0,5,0,0,0,1,0,0,0,0,0,0,39,24
41586,0:2:2;0:2:2;1:3:2;1:4:3,1,0,1,0,0,1,0,0,0,0,0,1,3,24
41587,0:2:2;0:2:2;1:3:2;1:4:3,1,1,1,0,0,1,0,0,0,0,0,1,9,24
41588,0:2:2;0:2:2;1:3:2;1:4:3,1,2,1,1,0,0,1,1,1,1,1,5,10,3
41589,0:2:2;0:2:2;1:3:2;1:4:3,1,3,1,1,1,0,1,1,1,1,1,5,10,3
41590,0:2:2;0:2:2;1:3:2;1:4:3,1,4,1,1,1,0,1,1,1,1,1,5,10,1
41591,0:2:2;0:2:2;1:3:2;1:4:3,1,5,1,1,1,0,1,1,1,1,1,5,10,1
41592,0:2:2;0:2:2;1:3:2;1:4:3,2,0,1,0,0,1,0,0,0,0,0,4,21,24
41593,0:2:2;0:2:2;1:3:2;1:4:3,2,1,1,1,0,0,1,1,1,1,1,5,10,13
41594,0:2:2;0:2:2;1:3:2;1:4:3,2,2,1,1,1,0,1,1,1,1,1,5,10,3
41595,0:2:2;0:2:2;1:3:2;1:4:3,2,3,1,1,1,0,1,1,1,1,1,5,10,3
41596,0:2:2;0:2:2;1:3:2;1:4:3,2,4,1,1,1,0,1,1,1,1,1,5,10,1
41597,0:2:2;0:2:2;1:3:2;1:4:3,2,5,1,1,1,0,1,1,1,1,1,5,10,1
41598,0:2:2;0:2:2;1:3:2;1:4:3,3,0,1,1,0,0,1,1,1,1,1,5,10,14
41599,0:2:2;0:2:2;1:3:2;1:4:3,3,1,1,1,1,0,1,1,1,1,1,5,10,13
41600,0:2:2;0:2:2;1:3:2;1:4:3,3,2,1,1,1,0,1,1,1,1,1,5,10,3
41601,0:2:2;0:2:2;1:3:2;1:4:3,3,3,1,1,1,0,1,1,1,1,1,5,10,3
41602,0:2:2;0:2:2;1:3:2;1:4:3,3,4,1,1,1,0,1,1,1,1,1,5,10,1
41603,0:2:2;0:2:2;1:3:2;1:4:3,3,5,1,1,1,0,1,1,1,1,1,5,10,1
41604,0:2:2;0:2:2;1:3:2;1:4:3,4,0,1,1,1,0,1,1,1,1,1,5,10,14
41605,0:2:2;0:2:2;1:3:2;1:4:3,4,1,1,1,1,0,1,1,1,1,1,5,10,13
41606,0:2:2;0:2:2;1:3:2;1:4:3,4,2,1,1,1,0,1,1,1,1,1,5,10,3
41607,0:2:2;0:2:2;1:3:2;1:4:3,4,3,1,1,1,0,1,1,1,1,1,5,10,3
41608,0:2:2;0:2:2;1:3:2;1:4:3,4,4,1,1,1,0,1,1,1,1,1,5,10,1
41609,0:2:2;0:2:2;1:3:2;1:4:3,4,5,1,1,1,0,1,1,1,1,1,5,10,1
41610,0:2:2;0:2:2;1:3:2;1:4:3,5,0,1,1,1,0,1,1,1,1,1,5,10,14
41611,0:2:2;0:2:2;1:3:2;1:4:3,5,1,1,1,1,0,1,1,1,1,1,5,10,13
41612,0:2:2;0:2:2;1:3:2;1:4:3,5,2,1,1,1,0,1,1,1,1,1,5,10,3
41613,0:2:2;0:2:2;1:3:2;1:4:3,5,3,1,1,1,0,1,1,1,1,1,5,10,3
41614,0:2:2;0:2:2;1:3:2;1:4:3,5,4,1,1,1,0,1,1,1,1,1,5,10,1
41615,0:2:2;0:2:2;1:3:2;1:4:3,5,5,1,1,1,0,1,1,1,1,1,5,10,1
41616,0:2:2;0:2:2;1:3:3;1:3:3,0,0,0,0,0,1,0,0,0,0,0,0,1,24
41617,0:2:2;0:2:2;1:3:3;1:3:3,0,1,0,0,0,1,0,0,0,0,0,0,3,24
41618,0:2:2;0:2:2;1:3:3;1:3:3,0,2,0,0,0,1,0,0,0,0,0,0,16,24
41619,0:2:2;0:2:2;1:3:3;1:3:3,0,3,0,0,0,1,0,0,0,0,0,0,28,24
41620,0:2:2;0:2:2;1:3:3;1:3:3,0,4,0,0,0,1,0,0,0,0,0,0,41,24
41621,0:2:2;0:2:2;1:3:3;1:3:3,0,5,0,0,0,1,0,0,0,0,0,0,41,24
41622,0:2:2;0:2:2;1:3:3;1:3:3,1,0,0,0,0,1,0,0,0,0,0,0,3,24
41623,0:2:2;0:2:2;1:3:3;1:3:3,1,1,0,0,0,1,0,0,0,0,0,0,9,24
41624,0:2:2;0:2:2;1:3:3;1:3:3,1,2,0,0,0,1,0,0,0,0,0,0,42,24
41625,0:2:2;0:2:2;1:3:3;1:3:3,1,3,0,0,0,1,0,0,0,0,0,0,58,24
41626,0:2:2;0:2:2;1:3:3;1:3:3,1,4,0,0,0,1,0,0,0,0,0,0,67,24
41627,0:2:2;0:2:2;1:3:3;1:3:3,1,5,0,0,0,1,0,0,0,0,0,0,67,24
41628,0:2:2;0:2:2;1:3:3;1:3:3,2,0,1,0,0,1,0,0,0,0,0,1,6,24
41629,0:2:2;0:2:2;1:3:3;1:3:3,2,1,1,0,0,1,0,0,0,0,0,1,18,24
41630,0:2:2;0:2:2;1:3:3;1:3:3,2,2,1,1,1,0,1,1,1,1,1,5,11,3
41631,0:2:2;0:2:2;1:3:3;1:3:3,2,3,1,1,1,0,1,1,1,1,1,5,11,3
41632,0:2:2;0:2:2;1:3:3;1:3:3,2,4,1,1,1,0,1,1,1,1,1,5,11,1
41633,0:2:2;0:2:2;1:3:3;1:3:3,2,5,1,1,1,0,1,1,1,1,1,5,11,1
41634,0:2:2;0:2:2;1:3:3;1:3:3,3,0,1,0,0,1,0,0,0,0,0,7,40,24
41635,0:2:2;0:2:2;1:3:3;1:3:3,3,1,1,1,1,0,1,1,1,1,1,5,11,13
41636,0:2:2;0:2:2;1:3:3;1:3:3,3,2,1,1,1,0,1,1,1,1,1,5,11,3
41637,0:2:2;0:2:2;1:3:3;1:3:3,3,3,1,1,1,0,1,1,1,1,1,5,11,3
41638,0:2:2;0:2:2;1:3:3;1:3:3,3,4,1,1,1,0,1,1,1,1,1,5,11,1
41639,0:2:2;0:2:2;1:3:3;1:3:3,3,5,1,1,1,0,1,1,1,1,1,5,11,1
41640,0:2:2;0:2:2;1:3:3;1:3:3,4,0,1,1,1,0,1,1,1,1,1,5,11,14
41641,0:2:2;0:2:2;1:3:3;1:3:3,4,1,1,1,1,0,1,1,1,1,1,5,11,13
41642,0:2:2;0:2:2;1:3:3;1:3:3,4,2,1,1,1,0,1,1,1,1,1,5,11,3
41643,0:2:2;0:2:2;1:3:3;1:3:3,4,3,1,1,1,0,1,1,1,1,1,5,11,3
41644,0:2:2;0:2:2;1:3:3;1:3:3,4,4,1,1,1,0,1,1,1,1,1,5,11,1
41645,0:2:2;0:2:2;1:3:3;1:3:3,4,5,1,1,1,0,1,1,1,1,1,5,11,1
41646,0:2:2;0:2:2;1:3:3;1:3:3,5,0,1,1,1,0,1,1,1,1,1,5,11,14
41647,0:2:2;0:2:2;1:3:3;1:3:3,5,1,1,1,1,0,1,1,1,1,1,5,11,13
41648,0:2:2;0:2:2;1:3:3;1:3:3,5,2,1,1,1,0,1,1,1,1,1,5,11,3
41649,0:2:2;0:2:2;1:3:3;1:3:3,5,3,1,1,1,0,1,1,1,1,1,5,11,3
41650,0:2:2;0:2:2;1:3:3;1:3:3,5,4,1,1,1,0,1,1,1,1,1,5,11,1
41651,0:2:2;0:2:2;1:3:3;1:3:3,5,5,1,1,1,0,1,1,1,1,1,5,11,1
41652,0:2:2;0:2:2;1:3:3;1:4:3,0,0,0,0,0,1,0,0,0,0,0,0,1,24
41653,0:2:2;0:2:2;1:3:3;1:4:3,0,1,0,0,0,1,0,0,0,0,0,0,3,24
41654,0:2:2;0:2:2;1:3:3;1:4:3,0,2,0,0,0,1,0,0,0,0,0,0,16,24
41655,0:2:2;0:2:2;1:3:3;1:4:3,0,3,0,0,0,1,0,0,0,0,0,0,28,24
41656,0:2:2;0:2:2;1:3:3;1:4:3,0,4,0,0,0,1,0,0,0,0,0,0,41,24
41657,0:2:2;0:2:2;1:3:3;1:4:3,0,5,0,0,0,1,0,0,0,0,0,0,41,24
41658,0:2:2;0:2:2;1:3:3;1:4:3,1,0,0,0,0,1,0,0,0,0,0,0,3,24
41659,0:2:2;0:2:2;1:3:3;1:4:3,1,1,0,0,0,1,0,0,0,0,0,0,9,24
41660,0:2:2;0:2:2;1:3:3;1:4:3,1,2,0,0,0,1,0,0,0,0,0,0,42,24
41661,0:2:2;0:2:2;1:3:3;1:4:3,1,3,0,0,0,1,0,0,0,0,0,0,58,24
41662,0:2:2;0:2:2;1:3:3;1:4:3,1,4,0,0,0,1,0,0,0,0,0,0,67,24
41663,0:2:2;0:2:2;1:3:3;1:4:3,1,5,0,0,0,1,0,0,0,0,0,0,67,24
41664,0:2:2;0:2:2;1:3:3;1:4:3,2,0,1,0,0,1,0,0,0,0,0,1,6,24
41665,0:2:2;0:2:2;1:3:3;1:4:3,2,1,1,0,0,1,0,0,0,0,0,1,18,24
41666,0:2:2;0:2:2;1:3:3;1:4:3,2,2,1,1,1,0,1,1,1,1,1,5,11,3
41667,0:2:2;0:2:2;1:3:3;1:4:3,2,3,1,1,1,0,1,1,1,1,1,5,11,3
41668,0:2:2;0:2:2;1:3:3;1:4:3,2,4,1,1,1,0,1,1,1,1,1,5,11,1
41669,0:2:2;0:2:2;1:3:3;1:4:3,2,5,1,1,1,0,1,1,1,1,1,5,11,1
41670,0:2:2;0:2:2;1:3:3;1:4:3,3,0,1,1,0,1,0,0,0,1,1,8,32,19
41671,0:2:2;0:2:2;1:3:3;1:4:3,3,1,1,1,1,0,1,1,1,1,1,5,11,13
41672,0:2:2;0:2:2;1:3:3;1:4:3,3,2,1,1,1,0,1,1,1,1,1,5,11,3
41673,0:2:2;0:2:2;1:3:3;1:4:3,3,3,1,1,1,0,1,1,1,1,1,5,11,3
41674,0:2:2;0:2:2;1:3:3;1:4:3,3,4,1,1,1,0,1,1,1,1,1,5,11,1
41675,0:2:2;0:2:2;1:3:3;1:4:3,3,5,1,1,1,0,1,1,1,1,1,5,11,1
41676,0:2:2;0:2:2;1:3:3;1:4:3,4,0,1,1,1,0,1,1,1,1,1,5,11,14
41677,0:2:2;0:2:2;1:3:3;1:4:3,4,1,1,1,1,0,1,1,1,1,1,5,11,13
41678,0:2:2;0:2:2;1:3:3;1:4:3,4,2,1,1,1,0,1,1,1,1,1,5,11,3
41679,0:2:2;0:2:2;1:3:3;1:4:3,4,3,1,1,1,0,1,1,1,1,1,5,11,3
41680,0:2:2;0:2:2;1:3:3;1:4:3,4,4,1,1,1,0,1,1,1,1,1,5,11,1
41681,0:2:2;0:2:2;1:3:3;1:4:3,4,5,1,1,1,0,1,1,1,1,1,5,11,1
41682,0:2:2;0:2:2;1:3:3;1:4:3,5,0,1,1,1,0,1,1,1,1,1,5,11,14
41683,0:2:2;0:2:2;1:3:3;1:4:3,5,1,1,1,1,0,1,1,1,1,1,5,11,13
41684,0:2:2;0:2:2;1:3:3;1:4:3,5,2,1,1,1,0,1,1,1,1,1,5,11,3
41685,0:2:2;0:2:2;1:3:3;1:4:3,5,3,1,1,1,0,1,1,1,1,1,5,11,3
41686,0:2:2;0:2:2;1:3:3;1:4:3,5,4,1,1,1,0,1,1,1,1,1,5,11,1
41687,0:2:2;0:2:2;1:3:3;1:4:3,5,5,1,1,1,0,1,1,1,1,1,5,11,1
41688,0:2:2;0:2:2;1:4:3;1:4:3,0,0,0,0,0,1,0,0,0,0,0,0,1,24
41689,0:2:2;0:2:2;1:4:3;1:4:3,0,1,0,0,0,1,0,0,0,0,0,0,3,24
41690,0:2:2;0:2:2;1:4:3;1:4:3,0,2,0,0,0,1,0,0,0,0,0,0,16,24
41691,0:2:2;0:2:2;1:4:3;1:4:3,0,3,0,0,0,1,0,0,0,0,0,0,28,24
41692,0:2:2;0:2:2;1:4:3;1:4:3,0,4,0,0,0,1,0,0,0,0,0,0,41,24
41693,0:2:2;0:2:2;1:4:3;1:4:3,0,5,0,0,0,1,0,0,0,0,0,0,41,24
41694,0:2:2;0:2:2;1:4:3;1:4:3,1,0,0,0,0,1,0,0,0,0,0,0,3,24
41695,0:2:2;0:2:2;1:4:3;1:4:3,1,1,0,0,0,1,0,0,0,0,0,0,9,24
41696,0:2:2;0:2:2;1:4:3;1:4:3,1,2,0,0,0,1,0,0,0,0,0,0,42,24
41697,0:2:2;0:2:2;1:4:3;1:4:3,1,3,0,0,0,1,0,0,0,0,0,0,58,24
41698,0:2:2;0:2:2;1:4:3;1:4:3,1,4,0,0,0,1,0,0,0,0,0,0,67,24
41699,0:2:2;0:2:2;1:4:3;1:4:3,1,5,0,0,0,1,0,0,0,0,0,0,67,24
41700,0:2:2;0:2:2;1:4:3;1:4:3,2,0,1,0,0,1,0,0,0,0,0,1,6,24
41701,0:2:2;0:2:2;1:4:3;1:4:3,2,1,1,0,0,1,0,0,0,0,0,1,18,24
41702,0:2:2;0:2:2;1:4:3;1:4:3,2,2,1,1,1,0,1,1,1,1,1,5,11,3
41703,0:2:2;0:2:2;1:4:3;1:4:3,2,3,1,1,1,0,1,1,1,1,1,5,11,3
41704,0:2:2;0:2:2;1:4:3;1:4:3,2,4,1,1,1,0,1,1,1,1,1,5,11,1
41705,0:2:2;0:2:2;1:4:3;1:4:3,2,5,1,1,1,0,1,1,1,1,1,5,11,1
41706,0:2:2;0:2:2;1:4:3;1:4:3,3,0,1,1,0,0,1,1,1,1,1,5,11,13
41707,0:2:2;0:2:2;1:4:3;1:4:3,3,1,1,1,1,0,1,1,1,1,1,5,11,13
41708,0:2:2;0:2:2;1:4:3;1:4:3,3,2,1,1,1,0,1,1,1,1,1,5,11,3
41709,0:2:2;0:2:2;1:4:3;1:4:3,3,3,1,1,1,0,1,1,1,1,1,5,11,3
41710,0:2:2;0:2:2;1:4:3;1:4:3,3,4,1,1,1,0,1,1,1,1,1,5,11,1
41711,0:2:2;0:2:2;1:4:3;1:4:3,3,5,1,1,1,0,1,1,1,1,1,5,11,1
41712,0:2:2;0:2:2;1:4:3;1:4:3,4,0,1,1,1,0,1,1,1,1,1,5,11,13
41713,0:2:2;0:2:2;1:4:3;1:4:3,4,1,1,1,1,0,1,1,1,1,1,5,11,13
41714,0:2:2;0:2:2;1:4:3;1:4:3,4,2,1,1,1,0,1,1,1,1,1,5,11,3
41715,0:2:2;0:2:2;1:4:3;1:4:3,4,3,1,1,1,0,1,1,1,1,1,5,11,3
41716,0:2:2;0:2:2;1:4:3;1:4:3,4,4,1,1,1,0,1,1,1,1,1,5,11,1
41717,0:2:2;0:2:2;1:4:3;1:4:3,4,5,1,1,1,0,1,1,1,1,1,5,11,1
41718,0:2:2;0:2:2;1:4:3;1:4:3,5,0,1,1,1,0,1,1,1,1,1,5,11,13
41719,0:2:2;0:2:2;1:4:3;1:4:3,5,1,1,1,1,0,1,1,1,1,1,5,11,13
41720,0:2:2;0:2:2;1:4:3;1:4:3,5,2,1,1,1,0,1,1,1,1,1,5,11,3
41721,0:2:2;0:2:2;1:4:3;1:4:3,5,3,1,1,1,0,1,1,1,1,1,5,11,3
41722,0:2:2;0:2:2;1:4:3;1:4:3,5,4,1,1,1,0,1,1,1,1,1,5,11,1
41723,0:2:2;0:2:2;1:4:3;1:4:3,5,5,1,1,1,0,1,1,1,1,1,5,11,1
41724,0:2:2;0:3:2;0:3:2;0:3:2,0,0,0,0,0,1,0,0,0,0,0,0,1,24
41725,0:2:2;0:3:2;0:3:2;0:3:2,0,1,0,0,0,1,0,0,0,0,0,0,5,24
41726,0:2:2;0:3:2;0:3:2;0:3:2,0,2,0,0,0,1,0,0,0,0,0,0,15,24
41727,0:2:2;0:3:2;0:3:2;0:3:2,0,3,0,0,0,1,0,0,0,0,0,0,31,24
41728,0:2:2;0:3:2;0:3:2;0:3:2,0,4,0,0,0,1,0,0,0,0,0,0,50,24
41729,0:2:2;0:3:2;0:3:2;0:3:2,0,5,0,0,0,1,0,0,0,0,0,0,66,24
41730,0:2:2;0:3:2;0:3:2;0:3:2,1,0,0,0,0,1,0,0,0,0,0,0,1,24
41731,0:2:2;0:3:2;0:3:2;0:3:2,1,1,0,0,0,1,0,0,0,0,0,0,5,24
41732,0:2:2;0:3:2;0:3:2;0:3:2,1,2,0,0,0,1,0,0,0,0,0,0,15,24
41733,0:2:2;0:3:2;0:3:2;0:3:2,1,3,0,0,0,1,0,0,0,0,0,0,31,24
41734,0:2:2;0:3:2;0:3:2;0:3:2,1,4,0,0,0,1,0,0,0,0,0,0,50,24
41735,0:2:2;0:3:2;0:3:2;0:3:2,1,5,0,0,0,1,0,0,0,0,0,0,66,24
41736,0:2:2;0:3:2;0:3:2;0:3:2,2,0,0,0,0,1,0,0,0,0,0,0,1,24
41737,0:2:2;0:3:2;0:3:2;0:3:2,2,1,0,0,0,1,0,0,0,0,0,0,5,24
41738,0:2:2;0:3:2;0:3:2;0:3:2,2,2,0,0,0,1,0,0,0,0,0,0,15,24
41739,0:2:2;0:3:2;0:3:2;0:3:2,2,3,0,0,0,1,0,0,0,0,0,0,31,24
41740,0:2:2;0:3:2;0:3:2;0:3:2,2,4,0,0,0,1,0,0,0,0,0,0,50,24
41741,0:2:2;0:3:2;0:3:2;0:3:2,2,5,0,0,0,1,0,0,0,0,0,0,66,24
41742,0:2:2;0:3:2;0:3:2;0:3:2,3,0,0,0,0,1,0,0,0,0,0,0,1,24
41743,0:2:2;0:3:2;0:3:2;0:3:2,3,1,0,0,0,1,0,0,0,0,0,0,5,24
41744,0:2:2;0:3:2;0:3:2;0:3:2,3,2,0,0,0,1,0,0,0,0,0,0,15,24
41745,0:2:2;0:3:2;0:3:2;0:3:2,3,3,0,0,0,1,0,0,0,0,0,0,31,24
41746,0:2:2;0:3:2;0:3:2;0:3:2,3,4,0,0,0,1,0,0,0,0,0,0,50,24
41747,0:2:2;0:3:2;0:3:2;0:3:2,3,5,0,0,0,1,0,0,0,0,0,0,66,24
41748,0:2:2;0:3:2;0:3:2;0:3:2,4,0,0,0,0,1,0,0,0,0,0,0,1,24
41749,0:2:2;0:3:2;0:3:2;0:3:2,4,1,0,0,0,1,0,0,0,0,0,0,5,24
41750,0:2:2;0:3:2;0:3:2;0:3:2,4,2,0,0,0,1,0,0,0,0,0,0,15,24
41751,0:2:2;0:3:2;0:3:2;0:3:2,4,3,0,0,0,1,0,0,0,0,0,0,31,24
41752,0:2:2;0:3:2;0:3:2;0:3:2,4,4,0,0,0,1,0,0,0,0,0,0,50,24
41753,0:2:2;0:3:2;0:3:2;0:3:2,4,5,0,0,0,1,0,0,0,0,0,0,66,24
41754,0:2:2;0:3:2;0:3:2;0:3:2,5,0,0,0,0,1,0,0,0,0,0,0,1,24
41755,0:2:2;0:3:2;0:3:2;0:3:2,5,1,0,0,0,1,0,0,0,0,0,0,5,24
41756,0:2:2;0:3:2;0:3:2;0:3:2,5,2,0,0,0,1,0,0,0,0,0,0,15,24
41757,0:2:2;0:3:2;0:3:2;0:3:2,5,3,0,0,0,1,0,0,0,0,0,0,31,24
41758,0:2:2;0:3:2;0:3:2;0:3:2,5,4,0,0,0,1,0,0,0,0,0,0,50,24
41759,0:2:2;0:3:2;0:3:2;0:3:2,5,5,0,0,0,1,0,0,0,0,0,0,66,24
41760,0:2:2;0:3:2;0:3:2;0:3:3,0,0,0,0,0,1,0,0,0,0,0,0,1,24
41761,0:2:2;0:3:2;0:3:2;0:3:3,0,1,0,0,0,1,0,0,0,0,0,0,5,24
41762,0:2:2;0:3:2;0:3:2;0:3:3,0,2,0,0,0,1,0,0,0,0,0,0,15,24
41763,0:2:2;0:3:2;0:3:2;0:3:3,0,3,0,0,0,1,0,0,0,0,0,0,32,24
41764,0:2:2;0:3:2;0:3:2;0:3:3,0,4,0,0,0,1,0,0,0,0,0,0,54,24
41765,0:2:2;0:3:2;0:3:2;0:3:3,0,5,0,0,0,1,0,0,0,0,0,0,76,24
41766,0:2:2;0:3:2;0:3:2;0:3:3,1,0,0,0,0,1,0,0,0,0,0,0,1,24
41767,0:2:2;0:3:2;0:3:2;0:3:3,1,1,0,0,0,1,0,0,0,0,0,0,5,24
41768,0:2:2;0:3:2;0:3:2;0:3:3,1,2,0,0,0,1,0,0,0,0,0,0,15,24
41769,0:2:2;0:3:2;0:3:2;0:3:3,1,3,0,0,0,1,0,0,0,0,0,0,32,24
41770,0:2:2;0:3:2;0:3:2;0:3:3,1,4,0,0,0,1,0,0,0,0,0,0,54,24
41771,0:2:2;0:3:2;0:3:2;0:3:3,1,5,0,0,0,1,0,0,0,0,0,0,76,24
41772,0:2:2;0:3:2;0:3:2;0:3:3,2,0,0,0,0,1,0,0,0,0,0,0,1,24
41773,0:2:2;0:3:2;0:3:2;0:3:3,2,1,0,0,0,1,0,0,0,0,0,0,5,24
41774,0:2:2;0:3:2;0:3:2;0:3:3,2,2,0,0,0,1,0,0,0,0,0,0,15,24
41775,0:2:2;0:3:2;0:3:2;0:3:3,2,3,0,0,0,1,0,0,0,0,0,0,32,24
41776,0:2:2;0:3:2;0:3:2;0:3:3,2,4,0,0,0,1,0,0,0,0,0,0,54,24
41777,0:2:2;0:3:2;0:3:2;0:3:3,2,5,0,0,0,1,0,0,0,0,0,0,76,24
41778,0:2:2;0:3:2;0:3:2;0:3:3,3,0,0,0,0,1,0,0,0,0,0,0,1,24
41779,0:2:2;0:3:2;0:3:2;0:3:3,3,1,0,0,0,1,0,0,0,0,0,0,5,24
41780,0:2:2;0:3:2;0:3:2;0:3:3,3,2,0,0,0,1,0,0,0,0,0,0,15,24
41781,0:2:2;0:3:2;0:3:2;0:3:3,3,3,0,0,0,1,0,0,0,0,0,0,32,24
41782,0:2:2;0:3:2;0:3:2;0:3:3,3,4,0,0,0,1,0,0,0,0,0,0,54,24
41783,0:2:2;0:3:2;0:3:2;0:3:3,3,5,0,0,0,1,0,0,0,0,0,0,76,24
41784,0:2:2;0:3:2;0:3:2;0:3:3,4,0,0,0,0,1,0,0,0,0,0,0,1,24
41785,0:2:2;0:3:2;0:3:2;0:3:3,4,1,0,0,0,1,0,0,0,0,0,0,5,24
41786,0:2:2;0:3:2;0:3:2;0:3:3,4,2,0,0,0,1,0,0,0,0,0,0,15,24
41787,0:2:2;0:3:2;0:3:2;0:3:3,4,3,0,0,0,1,0,0,0,0,0,0,32,24
41788,0:2:2;0:3:2;0:3:2;0:3:3,4,4,0,0,0,1,0,0,0,0,0,0,54,24
41789,0:2:2;0:3:2;0:3:2;0:3:3,4,5,0,0,0,1,0,0,0,0,0,0,76,24
41790,0:2:2;0:3:2;0:3:2;0:3:3,5,0,0,0,0,1,0,0,0,0,0,0,1,24
41791,0:2:2;0:3:2;0:3:2;0:3:3,5,1,0,0,0,1,0,0,0,0,0,0,5,24
41792,0:2:2;0:3:2;0:3:2;0:3:3,5,2,0,0,0,1,0,0,0,0,0,0,15,24
41793,0:2:2;0:3:2;0:3:2;0:3:3,5,3,0,0,0,1,0,0,0,0,0,0,32,24
41794,0:2:2;0:3:2;0:3:2;0:3:3,5,4,0,0,0,1,0,0,0,0,0,0,54,24
41795,0:2:2;0:3:2;0:3:2;0:3:3,5,5,0,0,0,1,0,0,0,0,0,0,76,24
41796,0:2:2;0:3:2;0:3:2;0:4:3,0,0,0,0,0,1,0,0,0,0,0,0,1,24
41797,0:2:2;0:3:2;0:3:2;0:4:3,0,1,0,0,0,1,0,0,0,0,0,0,5,24
41798,0:2:2;0:3:2;0:3:2;0:4:3,0,2,0,0,0,1,0,0,0,0,0,0,15,24
41799,0:2:2;0:3:2;0:3:2;0:4:3,0,3,0,0,0,1,0,0,0,0,0,0,32,24
41800,0:2:2;0:3:2;0:3:2;0:4:3,0,4,0,0,0,1,0,0,0,0,0,0,54,24
41801,0:2:2;0:3:2;0:3:2;0:4:3,0,5,0,0,0,1,0,0,0,0,0,0,76,24
41802,0:2:2;0:3:2;0:3:2;0:4:3,1,0,0,0,0,1,0,0,0,0,0,0,1,24
41803,0:2:2;0:3:2;0:3:2;0:4:3,1,1,0,0,0,1,0,0,0,0,0,0,5,24
41804,0:2:2;0:3:2;0:3:2;0:4:3,1,2,0,0,0,1,0,0,0,0,0,0,15,24
41805,0:2:2;0:3:2;0:3:2;0:4:3,1,3,0,0,0,1,0,0,0,0,0,0,32,24
41806,0:2:2;0:3:2;0:3:2;0:4:3,1,4,0,0,0,1,0,0,0,0,0,0,54,24
41807,0:2:2;0:3:2;0:3:2;0:4:3,1,5,0,0,0,1,0,0,0,0,0,0,76,24
41808,0:2:2;0:3:2;0:3:2;0:4:3,2,0,0,0,0,1,0,0,0,0,0,0,1,24
41809,0:2:2;0:3:2;0:3:2;0:4:3,2,1,0,0,0,1,0,0,0,0,0,0,5,24
41810,0:2:2;0:3:2;0:3:2;0:4:3,2,2,0,0,0,1,0,0,0,0,0,0,15,24
41811,0:2:2;0:3:2;0:3:2;0:4:3,2,3,0,0,0,1,0,0,0,0,0,0,32,24
41812,0:2:2;0:3:2;0:3:2;0:4:3,2,4,0,0,0,1,0,0,0,0,0,0,54,24
41813,0:2:2;0:3:2;0:3:2;0:4:3,2,5,0,0,0,1,0,0,0,0,0,0,76,24
41814,0:2:2;0:3:2;0:3:2;0:4:3,3,0,0,0,0,1,0,0,0,0,0,0,1,24
41815,0:2:2;0:3:2;0:3:2;0:4:3,3,1,0,0,0,1,0,0,0,0,0,0,5,24
41816,0:2:2;0:3:2;0:3:2;0:4:3,3,2,0,0,0,1,0,0,0,0,0,0,15,24
41817,0:2:2;0:3:2;0:3:2;0:4:3,3,3,0,0,0,1,0,0,0,0,0,0,32,24
41818,0:2:2;0:3:2;0:3:2;0:4:3,3,4,0,0,0,1,0,0,0,0,0,0,54,24
41819,0:2:2;0:3:2;0:3:2;0:4:3,3,5,0,0,0,1,0,0,0,0,0,0,76,24
41820,0:2:2;0:3:2;0:3:2;0:4:3,4,0,0,0,0,1,0,0,0,0,0,0,1,24
41821,0:2:2;0:3:2;0:3:2;0:4:3,4,1,0,0,0,1,0,0,0,0,0,0,5,24
41822,0:2:2;0:3:2;0:3:2;0:4:3,4,2,0,0,0,1,0,0,0,0,0,0,15,24
41823,0:2:2;0:3:2;0:3:2;0:4:3,4,3,0,0,0,1,0,0,0,0,0,0,32,24
41824,0:2:2;0:3:2;0:3:2;0:4:3,4,4,0,0,0,1,0,0,0,0,0,0,54,24
41825,0:2:2;0:3:2;0:3:2;0:4:3,4,5,0,0,0,1,0,0,0,0,0,0,76,24
41826,0:2:2;0:3:2;0:3:2;0:4:3,5,0,0,0,0,1,0,0,0,0,0,0,1,24
41827,0:2:2;0:3:2;0:3:2;0:4:3,5,1,0,0,0,1,0,0,0,0,0,0,5,24
41828,0:2:2;0:3:2;0:3:2;0:4:3,5,2,0,0,0,1,0,0,0,0,0,0,15,24
41829,0:2:2;0:3:2;0:3:2;0:4:3,5,3,0,0,0,1,0,0,0,0,0,0,32,24
41830,0:2:2;0:3:2;0:3:2;0:4:3,5,4,0,0,0,1,0,0,0,0,0,0,54,24
41831,0:2:2;0:3:2;0:3:2;0:4:3,5,5,0,0,0,1,0,0,0,0,0,0,76,24
41832,0:2:2;0:3:2;0:3:2;1:1:1,0,0,0,0,0,1,0,0,0,0,0,0,1,24
41833,0:2:2;0:3:2;0:3:2;1:1:1,0,1,0,0,0,1,0,0,0,0,0,0,4,24
41834,0:2:2;0:3:2;0:3:2;1:1:1,0,2,0,0,0,1,0,0,0,0,0,0,19,24
41835,0:2:2;0:3:2;0:3:2;1:1:1,0,3,0,0,0,1,0,0,0,0,0,0,32,24
41836,0:2:2;0:3:2;0:3:2;1:1:1,0,4,0,0,0,1,0,0,0,0,0,0,41,24
41837,0:2:2;0:3:2;0:3:2;1:1:1,0,5,1,1,1,0,1,1,1,1,1,5,8,2
41838,0:2:2;0:3:2;0:3:2;1:1:1,1,0,0,0,0,1,0,0,0,0,0,0,5,24
41839,0:2:2;0:3:2;0:3:2;1:1:1,1,1,0,0,0,1,0,0,0,0,0,0,14,24
41840,0:2:2;0:3:2;0:3:2;1:1:1,1,2,0,0,0,1,0,0,0,0,0,0,27,24
41841,0:2:2;0:3:2;0:3:2;1:1:1,1,3,0,0,0,1,0,0,0,0,0,0,40,24
41842,0:2:2;0:3:2;0:3:2;1:1:1,1,4,0,0,0,1,0,0,0,0,0,0,49,24
41843,0:2:2;0:3:2;0:3:2;1:1:1,1,5,1,1,1,0,1,1,1,1,1,5,8,2
41844,0:2:2;0:3:2;0:3:2;1:1:1,2,0,0,0,0,1,0,0,0,0,0,0,5,24
41845,0:2:2;0:3:2;0:3:2;1:1:1,2,1,0,0,0,1,0,0,0,0,0,0,14,24
41846,0:2:2;0:3:2;0:3:2;1:1:1,2,2,0,0,0,1,0,0,0,0,0,0,27,24
41847,0:2:2;0:3:2;0:3:2;1:1:1,2,3,0,0,0,1,0,0,0,0,0,0,40,24
41848,0:2:2;0:3:2;0:3:2;1:1:1,2,4,0,0,0,1,0,0,0,0,0,0,49,24
41849,0:2:2;0:3:2;0:3:2;1:1:1,2,5,1,1,1,0,1,1,1,1,1,5,8,2
41850,0:2:2;0:3:2;0:3:2;1:1:1,3,0,0,0,0,1,0,0,0,0,0,0,5,24
41851,0:2:2;0:3:2;0:3:2;1:1:1,3,1,0,0,0,1,0,0,0,0,0,0,14,24
41852,0:2:2;0:3:2;0:3:2;1:1:1,3,2,0,0,0,1,0,0,0,0,0,0,27,24
41853,0:2:2;0:3:2;0:3:2;1:1:1,3,3,0,0,0,1,0,0,0,0,0,0,40,24
41854,0:2:2;0:3:2;0:3:2;1:1:1,3,4,0,0,0,1,0,0,0,0,0,0,49,24
41855,0:2:2;0:3:2;0:3:2;1:1:1,3,5,1,1,1,0,1,1,1,1,1,5,8,2
41856,0:2:2;0:3:2;0:3:2;1:1:1,4,0,0,0,0,1,0,0,0,0,0,0,5,24
41857,0:2:2;0:3:2;0:3:2;1:1:1,4,1,0,0,0,1,0,0,0,0,0,0,14,24
41858,0:2:2;0:3:2;0:3:2;1:1:1,4,2,0,0,0,1,0,0,0,0,0,0,27,24
41859,0:2:2;0:3:2;0:3:2;1:1:1,4,3,0,0,0,1,0,0,0,0,0,0,40,24
41860,0:2:2;0:3:2;0:3:2;1:1:1,4,4,0,0,0,1,0,0,0,0,0,0,49,24
41861,0:2:2;0:3:2;0:3:2;1:1:1,4,5,1,1,1,0,1,1,1,1,1,5,8,2
41862,0:2:2;0:3:2;0:3:2;1:1:1,5,0,0,0,0,1,0,0,0,0,0,0,5,24
41863,0:2:2;0:3:2;0:3:2;1:1:1,5,1,0,0,0,1,0,0,0,0,0,0,14,24
41864,0:2:2;0:3:2;0:3:2;1:1:1,5,2,0,0,0,1,0,0,0,0,0,0,27,24
41865,0:2:2;0:3:2;0:3:2;1:1:1,5,3,0,0,0,1,0,0,0,0,0,0,40,24
41866,0:2:2;0:3:2;0:3:2;1:1:1,5,4,0,0,0,1,0,0,0,0,0,0,49,24
41867,0:2:2;0:3:2;0:3:2;1:1:1,5,5,1,1,1,0,1,1,1,1,1,5,8,2
41868,0:2:2;0:3:2;0:3:2;1:2:1,0,0,0,0,0,1,0,0,0,0,0,0,1,24
41869,0:2:2;0:3:2;0:3:2;1:2:1,0,1,0,0,0,1,0,0,0,0,0,0,4,24
41870,0:2:2;0:3:2;0:3:2;1:2:1,0,2,0,0,0,1,0,0,0,0,0,0,25,24
41871,0:2:2;0:3:2;0:3:2;1:2:1,0,3,0,0,0,1,0,0,0,0,0,0,35,24
41872,0:2:2;0:3:2;0:3:2;1:2:1,0,4,1,1,1,0,1,1,1,1,1,5,8,2
41873,0:2:2;0:3:2;0:3:2;1:2:1,0,5,1,1,1,0,1,1,1,1,1,5,8,2
41874,0:2:2;0:3:2;0:3:2;1:2:1,1,0,0,0,0,1,0,0,0,0,0,0,11,24
41875,0:2:2;0:3:2;0:3:2;1:2:1,1,1,0,0,0,1,0,0,0,0,0,0,21,24
41876,0:2:2;0:3:2;0:3:2;1:2:1,1,2,0,0,0,1,0,0,0,0,0,0,33,24
41877,0:2:2;0:3:2;0:3:2;1:2:1,1,3,0,0,0,1,0,0,0,0,0,0,43,24
41878,0:2:2;0:3:2;0:3:2;1:2:1,1,4,1,1,1,0,1,1,1,1,1,5,8,2
41879,0:2:2;0:3:2;0:3:2;1:2:1,1,5,1,1,1,0,1,1,1,1,1,5,8,2
41880,0:2:2;0:3:2;0:3:2;1:2:1,2,0,0,0,0,1,0,0,0,0,0,0,11,24
41881,0:2:2;0:3:2;0:3:2;1:2:1,2,1,0,0,0,1,0,0,0,0,0,0,21,24
41882,0:2:2;0:3:2;0:3:2;1:2:1,2,2,0,0,0,1,0,0,0,0,0,0,33,24
41883,0:2:2;0:3:2;0:3:2;1:2:1,2,3,0,0,0,1,0,0,0,0,0,0,43,24
41884,0:2:2;0:3:2;0:3:2;1:2:1,2,4,1,1,1,0,1,1,1,1,1,5,8,2
41885,0:2:2;0:3:2;0:3:2;1:2:1,2,5,1,1,1,0,1,1,1,1,1,5,8,2
41886,0:2:2;0:3:2;0:3:2;1:2:1,3,0,0,0,0,1,0,0,0,0,0,0,11,24
41887,0:2:2;0:3:2;0:3:2;1:2:1,3,1,0,0,0,1,0,0,0,0,0,0,21,24
41888,0:2:2;0:3:2;0:3:2;1:2:1,3,2,0,0,0,1,0,0,0,0,0,0,33,24
41889,0:2:2;0:3:2;0:3:2;1:2:1,3,3,0,0,0,1,0,0,0,0,0,0,43,24
41890,0:2:2;0:3:2;0:3:2;1:2:1,3,4,1,1,1,0,1,1,1,1,1,5,8,2
41891,0:2:2;0:3:2;0:3:2;1:2:1,3,5,1,1,1,0,1,1,1,1,1,5,8,2
41892,0:2:2;0:3:2;0:3:2;1:2:1,4,0,0,0,0,1,0,0,0,0,0,0,11,24
41893,0:2:2;0:3:2;0:3:2;1:2:1,4,1,0,0,0,1,0,0,0,0,0,0,21,24
41894,0:2:2;0:3:2;0:3:2;1:2:1,4,2,0,0,0,1,0,0,0,0,0,0,33,24
41895,0:2:2;0:3:2;0:3:2;1:2:1,4,3,0,0,0,1,0,0,0,0,0,0,43,24
41896,0:2:2;0:3:2;0:3:2;1:2:1,4,4,1,1,1,0,1,1,1,1,1,5,8,2
41897,0:2:2;0:3:2;0:3:2;1:2:1,4,5,1,1,1,0,1,1,1,1,1,5,8,2
41898,0:2:2;0:3:2;0:3:2;1:2:1,5,0,0,0,0,1,0,0,0,0,0,0,11,24
41899,0:2:2;0:3:2;0:3:2;1:2:1,5,1,0,0,0,1,0,0,0,0,0,0,21,24
41900,0:2:2;0:3:2;0:3:2;1:2:1,5,2,0,0,0,1,0,0,0,0,0,0,33,24
41901,0:2:2;0:3:2;0:3:2;1:2:1,5,3,0,0,0,1,0,0,0,0,0,0,43,24
41902,0:2:2;0:3:2;0:3:2;1:2:1,5,4,1,1,1,0,1,1,1,1,1,5,8,2
41903,0:2:2;0:3:2;0:3:2;1:2:1,5,5,1,1,1,0,1,1,1,1,1,5,8,2
41904,0:2:2;0:3:2;0:3:2;1:2:2,0,0,0,0,0,1,0,0,0,0,0,0,1,24
41905,0:2:2;0:3:2;0:3:2;1:2:2,0,1,0,0,0,1,0,0,0,0,0,0,4,24
41906,0:2:2;0:3:2;0:3:2;1:2:2,0,2,0,0,0,1,0,0,0,0,0,0,28,24
41907,0:2:2;0:3:2;0:3:2;1:2:2,0,3,0,0,0,1,0,0,0,0,0,0,44,24
41908,0:2:2;0:3:2;0:3:2;1:2:2,0,4,1,1,1,0,1,1,1,1,1,5,9,2
41909,0:2:2;0:3:2;0:3:2;1:2:2,0,5,1,1,1,0,1,1,1,1,1,5,9,2
41910,0:2:2;0:3:2;0:3:2;1:2:2,1,0,0,0,0,1,0,0,0,0,0,0,2,24
41911,0:2:2;0:3:2;0:3:2;1:2:2,1,1,0,0,0,1,0,0,0,0,0,0,8,24
41912,0:2:2;0:3:2;0:3:2;1:2:2,1,2,0,0,0,1,0,0,0,0,0,0,35,24
41913,0:2:2;0:3:2;0:3:2;1:2:2,1,3,0,0,0,1,0,0,0,0,0,0,52,24
41914,0:2:2;0:3:2;0:3:2;1:2:2,1,4,1,1,1,0,1,1,1,1,1,5,9,2
41915,0:2:2;0:3:2;0:3:2;1:2:2,1,5,1,1,1,0,1,1,1,1,1,5,9,2
41916,0:2:2;0:3:2;0:3:2;1:2:2,2,0,0,0,0,1,0,0,0,0,0,0,12,24
41917,0:2:2;0:3:2;0:3:2;1:2:2,2,1,0,0,0,1,0,0,0,0,0,0,25,24
41918,0:2:2;0:3:2;0:3:2;1:2:2,2,2,0,0,0,1,0,0,0,0,0,0,43,24
41919,0:2:2;0:3:2;0:3:2;1:2:2,2,3,0,0,0,1,0,0,0,0,0,0,60,24
41920,0:2:2;0:3:2;0:3:2;1:2:2,2,4,1,1,1,0,1,1,1,1,1,5,9,2
41921,0:2:2;0:3:2;0:3:2;1:2:2,2,5,1,1,1,0,1,1,1,1,1,5,9,2
41922,0:2:2;0:3:2;0:3:2;1:2:2,3,0,0,0,0,1,0,0,0,0,0,0,12,24
41923,0:2:2;0:3:2;0:3:2;1:2:2,3,1,0,0,0,1,0,0,0,0,0,0,25,24
41924,0:2:2;0:3:2;0:3:2;1:2:2,3,2,0,0,0,1,0,0,0,0,0,0,43,24
41925,0:2:2;0:3:2;0:3:2;1:2:2,3,3,0,0,0,1,0,0,0,0,0,0,60,24
41926,0:2:2;0:3:2;0:3:2;1:2:2,3,4,1,1,1,0,1,1,1,1,1,5,9,2
41927,0:2:2;0:3:2;0:3:2;1:2:2,3,5,1,1,1,0,1,1,1,1,1,5,9,2
41928,0:2:2;0:3:2;0:3:2;1:2:2,4,0,0,0,0,1,0,0,0,0,0,0,12,24
41929,0:2:2;0:3:2;0:3:2;1:2:2,4,1,0,0,0,1,0,0,0,0,0,0,25,24
41930,0:2:2;0:3:2;0:3:2;1:2:2,4,2,0,0,0,1,0,0,0,0,0,0,43,24
41931,0:2:2;0:3:2;0:3:2;1:2:2,4,3,0,0,0,1,0,0,0,0,0,0,60,24
41932,0:2:2;0:3:2;0:3:2;1:2:2,4,4,1,1,1,0,1,1,1,1,1,5,9,2
41933,0:2:2;0:3:2;0:3:2;1:2:2,4,5,1,1,1,0,1,1,1,1,1,5,9,2
41934,0:2:2;0:3:2;0:3:2;1:2:2,5,0,0,0,0,1,0,0,0,0,0,0,12,24
41935,0:2:2;0:3:2;0:3:2;1:2:2,5,1,0,0,0,1,0,0,0,0,0,0,25,24
41936,0:2:2;0:3:2;0:3:2;1:2:2,5,2,0,0,0,1,0,0,0,0,0,0,43,24
41937,0:2:2;0:3:2;0:3:2;1:2:2,5,3,0,0,0,1,0,0,0,0,0,0,60,24
41938,0:2:2;0:3:2;0:3:2;1:2:2,5,4,1,1,1,0,1,1,1,1,1,5,9,2
41939,0:2:2;0:3:2;0:3:2;1:2:2,5,5,1,1,1,0,1,1,1,1,1,5,9,2
41940,0:2:2;0:3:2;0:3:2;1:3:2,0,0,0,0,0,1,0,0,0,0,0,0,1,24
41941,0:2:2;0:3:2;0:3:2;1:3:2,0,1,0,0,0,1,0,0,0,0,0,0,4,24
41942,0:2:2;0:3:2;0:3:2;1:3:2,0,2,0,0,0,1,0,0,0,0,0,0,31,24
41943,0:2:2;0:3:2;0:3:2;1:3:2,0,3,1,1,1,0,1,1,1,1,1,5,9,5
41944,0:2:2;0:3:2;0:3:2;1:3:2,0,4,1,1,1,0,1,1,1,1,1,5,9,2
41945,0:2:2;0:3:2;0:3:2;1:3:2,0,5,1,1,1,0,1,1,1,1,1,5,9,2
41946,0:2:2;0:3:2;0:3:2;1:3:2,1,0,0,0,0,1,0,0,0,0,0,0,2,24
41947,0:2:2;0:3:2;0:3:2;1:3:2,1,1,0,0,0,1,0,0,0,0,0,0,8,24
41948,0:2:2;0:3:2;0:3:2;1:3:2,1,2,0,0,0,1,0,0,0,0,0,0,38,24
41949,0:2:2;0:3:2;0:3:2;1:3:2,1,3,1,1,1,0,1,1,1,1,1,5,9,5
41950,0:2:2;0:3:2;0:3:2;1:3:2,1,4,1,1,1,0,1,1,1,1,1,5,9,2
41951,0:2:2;0:3:2;0:3:2;1:3:2,1,5,1,1,1,0,1,1,1,1,1,5,9,2
41952,0:2:2;0:3:2;0:3:2;1:3:2,2,0,0,0,0,1,0,0,0,0,0,0,19,24
41953,0:2:2;0:3:2;0:3:2;1:3:2,2,1,0,0,0,1,0,0,0,0,0,0,31,24
41954,0:2:2;0:3:2;0:3:2;1:3:2,2,2,0,0,0,1,0,0,0,0,0,0,46,24
41955,0:2:2;0:3:2;0:3:2;1:3:2,2,3,1,1,1,0,1,1,1,1,1,5,9,5
41956,0:2:2;0:3:2;0:3:2;1:3:2,2,4,1,1,1,0,1,1,1,1,1,5,9,2
41957,0:2:2;0:3:2;0:3:2;1:3:2,2,5,1,1,1,0,1,1,1,1,1,5,9,2
41958,0:2:2;0:3:2;0:3:2;1:3:2,3,0,0,0,0,1,0,0,0,0,0,0,19,24
41959,0:2:2;0:3:2;0:3:2;1:3:2,3,1,0,0,0,1,0,0,0,0,0,0,31,24
41960,0:2:2;0:3:2;0:3:2;1:3:2,3,2,0,0,0,1,0,0,0,0,0,0,46,24
41961,0:2:2;0:3:2;0:3:2;1:3:2,3,3,1,1,1,0,1,1,1,1,1,5,9,5
41962,0:2:2;0:3:2;0:3:2;1:3:2,3,4,1,1,1,0,1,1,1,1,1,5,9,2
41963,0:2:2;0:3:2;0:3:2;1:3:2,3,5,1,1,1,0,1,1,1,1,1,5,9,2
41964,0:2:2;0:3:2;0:3:2;1:3:2,4,0,0,0,0,1,0,0,0,0,0,0,19,24
41965,0:2:2;0:3:2;0:3:2;1:3:2,4,1,0,0,0,1,0,0,0,0,0,0,31,24
41966,0:2:2;0:3:2;0:3:2;1:3:2,4,2,0,0,0,1,0,0,0,0,0,0,46,24
41967,0:2:2;0:3:2;0:3:2;1:3:2,4,3,1,1,1,0,1,1,1,1,1,5,9,5
41968,0:2:2;0:3:2;0:3:2;1:3:2,4,4,1,1,1,0,1,1,1,1,1,5,9,2
41969,0:2:2;0:3:2;0:3:2;1:3:2,4,5,1,1,1,0,1,1,1,1,1,5,9,2
41970,0:2:2;0:3:2;0:3:2;1:3:2,5,0,0,0,0,1,0,0,0,0,0,0,19,24
41971,0:2:2;0:3:2;0:3:2;1:3:2,5,1,0,0,0,1,0,0,0,0,0,0,31,24
41972,0:2:2;0:3:2;0:3:2;1:3:2,5,2,0,0,0,1,0,0,0,0,0,0,46,24
41973,0:2:2;0:3:2;0:3:2;1:3:2,5,3,1,1,1,0,1,1,1,1,1,5,9,5
41974,0:2:2;0:3:2;0:3:2;1:3:2,5,4,1,1,1,0,1,1,1,1,1,5,9,2
41975,0:2:2;0:3:2;0:3:2;1:3:2,5,5,1,1,1,0,1,1,1,1,1,5,9,2
41976,0:2:2;0:3:2;0:3:2;1:3:3,0,0,0,0,0,1,0,0,0,0,0,0,1,24
41977,0:2:2;0:3:2;0:3:2;1:3:3,0,1,0,0,0,1,0,0,0,0,0,0,4,24
41978,0:2:2;0:3:2;0:3:2;1:3:3,0,2,0,0,0,1,0,0,0,0,0,0,30,24
41979,0:2:2;0:3:2;0:3:2;1:3:3,0,3,1,1,0,1,0,0,0,1,1,6,19,11
41980,0:2:2;0:3:2;0:3:2;1:3:3,0,4,1,1,1,0,1,1,1,1,1,5,10,2
41981,0:2:2;0:3:2;0:3:2;1:3:3,0,5,1,1,1,0,1,1,1,1,1,5,10,2
41982,0:2:2;0:3:2;0:3:2;1:3:3,1,0,0,0,0,1,0,0,0,0,0,0,2,24
41983,0:2:2;0:3:2;0:3:2;1:3:3,1,1,0,0,0,1,0,0,0,0,0,0,8,24
41984,0:2:2;0:3:2;0:3:2;1:3:3,1,2,0,0,0,1,0,0,0,0,0,0,41,24
41985,0:2:2;0:3:2;0:3:2;1:3:3,1,3,1,1,1,0,1,1,1,1,1,5,10,5
41986,0:2:2;0:3:2;0:3:2;1:3:3,1,4,1,1,1,0,1,1,1,1,1,5,10,2
41987,0:2:2;0:3:2;0:3:2;1:3:3,1,5,1,1,1,0,1,1,1,1,1,5,10,2
41988,0:2:2;0:3:2;0:3:2;1:3:3,2,0,0,0,0,1,0,0,0,0,0,0,3,24
41989,0:2:2;0:3:2;0:3:2;1:3:3,2,1,0,0,0,1,0,0,0,0,0,0,12,24
41990,0:2:2;0:3:2;0:3:2;1:3:3,2,2,0,0,0,1,0,0,0,0,0,0,48,24
41991,0:2:2;0:3:2;0:3:2;1:3:3,2,3,1,1,1,0,1,1,1,1,1,5,10,5
41992,0:2:2;0:3:2;0:3:2;1:3:3,2,4,1,1,1,0,1,1,1,1,1,5,10,2
41993,0:2:2;0:3:2;0:3:2;1:3:3,2,5,1,1,1,0,1,1,1,1,1,5,10,2
41994,0:2:2;0:3:2;0:3:2;1:3:3,3,0,0,0,0,1,0,0,0,0,0,0,20,24
41995,0:2:2;0:3:2;0:3:2;1:3:3,3,1,0,0,0,1,0,0,0,0,0,0,35,24
41996,0:2:2;0:3:2;0:3:2;1:3:3,3,2,0,0,0,1,0,0,0,0,0,0,56,24
41997,0:2:2;0:3:2;0:3:2;1:3:3,3,3,1,1,1,0,1,1,1,1,1,5,10,5
41998,0:2:2;0:3:2;0:3:2;1:3:3,3,4,1,1,1,0,1,1,1,1,1,5,10,2
41999,0:2:2;0:3:2;0:3:2;1:3:3,3,5,1,1,1,0,1,1,1,1,1,5,10,2
42000,0:2:2;0:3:2;0:3:2;1:3:3,4,0,0,0,0,1,0,0,0,0,0,0,20,24
42001,0:2:2;0:3:2;0:3:2;1:3:3,4,1,0,0,0,1,0,0,0,0,0,0,35,24
42002,0:2:2;0:3:2;0:3:2;1:3:3,4,2,0,0,0,1,0,0,0,0,0,0,56,24
42003,0:2:2;0:3:2;0:3:2;1:3:3,4,3,1,1,1,0,1,1,1,1,1,5,10,5
42004,0:2:2;0:3:2;0:3:2;1:3:3,4,4,1,1,1,0,1,1,1,1,1,5,10,2
42005,0:2:2;0:3:2;0:3:2;1:3:3,4,5,1,1,1,0,1,1,1,1,1,5,10,2
42006,0:2:2;0:3:2;0:3:2;1:3:3,5,0,0,0,0,1,0,0,0,0,0,0,20,24
42007,0:2:2;0:3:2;0:3:2;1:3:3,5,1,0,0,0,1,0,0,0,0,0,0,35,24
42008,0:2:2;0:3:2;0:3:2;1:3:3,5,2,0,0,0,1,0,0,0,0,0,0,56,24
42009,0:2:2;0:3:2;0:3:2;1:3:3,5,3,1,1,1,0,1,1,1,1,1,5,10,5
42010,0:2:2;0:3:2;0:3:2;1:3:3,5,4,1,1,1,0,1,1,1,1,1,5,10,2
42011,0:2:2;0:3:2;0:3:2;1:3:3,5,5,1,1,1,0,1,1,1,1,1,5,10,2
42012,0:2:2;0:3:2;0:3:2;1:4:3,0,0,0,0,0,1,0,0,0,0,0,0,1,24
42013,0:2:2;0:3:2;0:3:2;1:4:3,0,1,0,0,0,1,0,0,0,0,0,0,4,24
42014,0:2:2;0:3:2;0:3:2;1:4:3,0,2,1,1,0,1,0,0,0,1,1,6,16,11
42015,0:2:2;0:3:2;0:3:2;1:4:3,0,3,1,1,0,1,0,0,0,1,1,6,19,11
42016,0:2:2;0:3:2;0:3:2;1:4:3,0,4,1,1,1,0,1,1,1,1,1,5,10,2
42017,0:2:2;0:3:2;0:3:2;1:4:3,0,5,1,1,1,0,1,1,1,1,1,5,10,2
42018,0:2:2;0:3:2;0:3:2;1:4:3,1,0,0,0,0,1,0,0,0,0,0,0,2,24
42019,0:2:2;0:3:2;0:3:2;1:4:3,1,1,0,0,0,1,0,0,0,0,0,0,8,24
42020,0:2:2;0:3:2;0:3:2;1:4:3,1,2,1,1,0,0,1,1,1,1,1,5,10,5
42021,0:2:2;0:3:2;0:3:2;1:4:3,1,3,1,1,1,0,1,1,1,1,1,5,10,5
42022,0:2:2;0:3:2;0:3:2;1:4:3,1,4,1,1,1,0,1,1,1,1,1,5,10,2
42023,0:2:2;0:3:2;0:3:2;1:4:3,1,5,1,1,1,0,1,1,1,1,1,5,10,2
42024,0:2:2;0:3:2;0:3:2;1:4:3,2,0,0,0,0,1,0,0,0,0,0,0,3,24
42025,0:2:2;0:3:2;0:3:2;1:4:3,2,1,0,0,0,1,0,0,0,0,0,0,12,24
42026,0:2:2;0:3:2;0:3:2;1:4:3,2,2,1,1,1,0,1,1,1,1,1,5,10,5
42027,0:2:2;0:3:2;0:3:2;1:4:3,2,3,1,1,1,0,1,1,1,1,1,5,10,5
42028,0:2:2;0:3:2;0:3:2;1:4:3,2,4,1,1,1,0,1,1,1,1,1,5,10,2
42029,0:2:2;0:3:2;0:3:2;1:4:3,2,5,1,1,1,0,1,1,1,1,1,5,10,2
42030,0:2:2;0:3:2;0:3:2;1:4:3,3,0,0,0,0,1,0,0,0,0,0,0,26,24
42031,0:2:2;0:3:2;0:3:2;1:4:3,3,1,0,0,0,1,0,0,0,0,0,0,38,24
42032,0:2:2;0:3:2;0:3:2;1:4:3,3,2,1,1,1,0,1,1,1,1,1,5,10,5
42033,0:2:2;0:3:2;0:3:2;1:4:3,3,3,1,1,1,0,1,1,1,1,1,5,10,5
42034,0:2:2;0:3:2;0:3:2;1:4:3,3,4,1,1,1,0,1,1,1,1,1,5,10,2
42035,0:2:2;0:3:2;0:3:2;1:4:3,3,5,1,1,1,0,1,1,1,1,1,5,10,2
42036,0:2:2;0:3:2;0:3:2;1:4:3,4,0,0,0,0,1,0,0,0,0,0,0,26,24
42037,0:2:2;0:3:2;0:3:2;1:4:3,4,1,0,0,0,1,0,0,0,0,0,0,38,24
42038,0:2:2;0:3:2;0:3:2;1:4:3,4,2,1,1,1,0,1,1,1,1,1,5,10,5
42039,0:2:2;0:3:2;0:3:2;1:4:3,4,3,1,1,1,0,1,1,1,1,1,5,10,5
42040,0:2:2;0:3:2;0:3:2;1:4:3,4,4,1,1,1,0,1,1,1,1,1,5,10,2
42041,0:2:2;0:3:2;0:3:2;1:4:3,4,5,1,1,1,0,1,1,1,1,1,5,10,2
42042,0:2:2;0:3:2;0:3:2;1:4:3,5,0,0,0,0,1,0,0,0,0,0,0,26,24
42043,0:2:2;0:3:2;0:3:2;1:4:3,5,1,0,0,0,1,0,0,0,0,0,0,38,24
42044,0:2:2;0:3:2;0:3:2;1:4:3,5,2,1,1,1,0,1,1,1,1,1,5,10,5
42045,0:2:2;0:3:2;0:3:2;1:4:3,5,3,1,1,1,0,1,1,1,1,1,5,10,5
42046,0:2:2;0:3:2;0:3:2;1:4:3,5,4,1,1,1,0,1,1,1,1,1,5,10,2
42047,0:2:2;0:3:2;0:3:2;1:4:3,5,5,1,1,1,0,1,1,1,1,1,5,10,2
42048,0:2:2;0:3:2;0:3:3;0:3:3,0,0,0,0,0,1,0,0,0,0,0,0,1,24
42049,0:2:2;0:3:2;0:3:3;0:3:3,0,1,0,0,0,1,0,0,0,0,0,0,5,24
42050,0:2:2;0:3:2;0:3:3;0:3:3,0,2,0,0,0,1,0,0,0,0,0,0,15,24
42051,0:2:2;0:3:2;0:3:3;0:3:3,0,3,0,0,0,1,0,0,0,0,0,0,33,24
42052,0:2:2;0:3:2;0:3:3;0:3:3,0,4,0,0,0,1,0,0,0,0,0,0,58,24
42053,0:2:2;0:3:2;0:3:3;0:3:3,0,5,0,0,0,1,0,0,0,0,0,0,86,24
42054,0:2:2;0:3:2;0:3:3;0:3:3,1,0,0,0,0,1,0,0,0,0,0,0,1,24
42055,0:2:2;0:3:2;0:3:3;0:3:3,1,1,0,0,0,1,0,0,0,0,0,0,5,24
42056,0:2:2;0:3:2;0:3:3;0:3:3,1,2,0,0,0,1,0,0,0,0,0,0,15,24
42057,0:2:2;0:3:2;0:3:3;0:3:3,1,3,0,0,0,1,0,0,0,0,0,0,33,24
42058,0:2:2;0:3:2;0:3:3;0:3:3,1,4,0,0,0,1,0,0,0,0,0,0,58,24
42059,0:2:2;0:3:2;0:3:3;0:3:3,1,5,0,0,0,1,0,0,0,0,0,0,86,24
42060,0:2:2;0:3:2;0:3:3;0:3:3,2,0,0,0,0,1,0,0,0,0,0,0,1,24
42061,0:2:2;0:3:2;0:3:3;0:3:3,2,1,0,0,0,1,0,0,0,0,0,0,5,24
42062,0:2:2;0:3:2;0:3:3;0:3:3,2,2,0,0,0,1,0,0,0,0,0,0,15,24
42063,0:2:2;0:3:2;0:3:3;0:3:3,2,3,0,0,0,1,0,0,0,0,0,0,33,24
42064,0:2:2;0:3:2;0:3:3;0:3:3,2,4,0,0,0,1,0,0,0,0,0,0,58,24
42065,0:2:2;0:3:2;0:3:3;0:3:3,2,5,0,0,0,1,0,0,0,0,0,0,86,24
42066,0:2:2;0:3:2;0:3:3;0:3:3,3,0,0,0,0,1,0,0,0,0,0,0,1,24
42067,0:2:2;0:3:2;0:3:3;0:3:3,3,1,0,0,0,1,0,0,0,0,0,0,5,24
42068,0:2:2;0:3:2;0:3:3;0:3:3,3,2,0,0,0,1,0,0,0,0,0,0,15,24
42069,0:2:2;0:3:2;0:3:3;0:3:3,3,3,0,0,0,1,0,0,0,0,0,0,33,24
42070,0:2:2;0:3:2;0:3:3;0:3:3,3,4,0,0,0,1,0,0,0,0,0,0,58,24
42071,0:2:2;0:3:2;0:3:3;0:3:3,3,5,0,0,0,1,0,0,0,0,0,0,86,24
42072,0:2:2;0:3:2;0:3:3;0:3:3,4,0,0,0,0,1,0,0,0,0,0,0,1,24
42073,0:2:2;0:3:2;0:3:3;0:3:3,4,1,0,0,0,1,0,0,0,0,0,0,5,24
42074,0:2:2;0:3:2;0:3:3;0:3:3,4,2,0,0,0,1,0,0,0,0,0,0,15,24
42075,0:2:2;0:3:2;0:3:3;0:3:3,4,3,0,0,0,1,0,0,0,0,0,0,33,24
42076,0:2:2;0:3:2;0:3:3;0:3:3,4,4,0,0,0,1,0,0,0,0,0,0,58,24
42077,0:2:2;0:3:2;0:3:3;0:3:3,4,5,0,0,0,1,0,0,0,0,0,0,86,24
42078,0:2:2;0:3:2;0:3:3;0:3:3,5,0,0,0,0,1,0,0,0,0,0,0,1,24
42079,0:2:2;0:3:2;0:3:3;0:3:3,5,1,0,0,0,1,0,0,0,0,0,0,5,24
42080,0:2:2;0:3:2;0:3:3;0:3:3,5,2,0,0,0,1,0,0,0,0,0,0,15,24
42081,0:2:2;0:3:2;0:3:3;0:3:3,5,3,0,0,0,1,0,0,0,0,0,0,33,24
42082,0:2:2;0:3:2;0:3:3;0:3:3,5,4,0,0,0,1,0,0,0,0,0,0,58,24
42083,0:2:2;0:3:2;0:3:3;0:3:3,5,5,0,0,0,1,0,0,0,0,0,0,86,24
42084,0:2:2;0:3:2;0:3:3;0:4:3,0,0,0,0,0,1,0,0,0,0,0,0,1,24
42085,0:2:2;0:3:2;0:3:3;0:4:3,0,1,0,0,0,1,0,0,0,0,0,0,5,24
42086,0:2:2;0:3:2;0:3:3;0:4:3,0,2,0,0,0,1,0,0,0,0,0,0,15,24
42087,0:2:2;0:3:2;0:3:3;0:4:3,0,3,0,0,0,1,0,0,0,0,0,0,33,24
42088,0:2:2;0:3:2;0:3:3;0:4:3,0,4,0,0,0,1,0,0,0,0,0,0,58,24
42089,0:2:2;0:3:2;0:3:3;0:4:3,0,5,0,0,0,1,0,0,0,0,0,0,86,24
42090,0:2:2;0:3:2;0:3:3;0:4:3,1,0,0,0,0,1,0,0,0,0,0,0,1,24
42091,0:2:2;0:3:2;0:3:3;0:4:3,1,1,0,0,0,1,0,0,0,0,0,0,5,24
42092,0:2:2;0:3:2;0:3:3;0:4:3,1,2,0,0,0,1,0,0,0,0,0,0,15,24
42093,0:2:2;0:3:2;0:3:3;0:4:3,1,3,0,0,0,1,0,0,0,0,0,0,33,24
42094,0:2:2;0:3:2;0:3:3;0:4:3,1,4,0,0,0,1,0,0,0,0,0,0,58,24
42095,0:2:2;0:3:2;0:3:3;0:4:3,1,5,0,0,0,1,0,0,0,0,0,0,86,24
42096,0:2:2;0:3:2;0:3:3;0:4:3,2,0,0,0,0,1,0,0,0,0,0,0,1,24
42097,0:2:2;0:3:2;0:3:3;0:4:3,2,1,0,0,0,1,0,0,0,0,0,0,5,24
42098,0:2:2;0:3:2;0:3:3;0:4:3,2,2,0,0,0,1,0,0,0,0,0,0,15,24
42099,0:2:2;0:3:2;0:3:3;0:4:3,2,3,0,0,0,1,0,0,0,0,0,0,33,24
42100,0:2:2;0:3:2;0:3:3;0:4:3,2,4,0,0,0,1,0,0,0,0,0,0,58,24
42101,0:2:2;0:3:2;0:3:3;0:4:3,2,5,0,0,0,1,0,0,0,0,0,0,86,24
42102,0:2:2;0:3:2;0:3:3;0:4:3,3,0,0,0,0,1,0,0,0,0,0,0,1,24
42103,0:2:2;0:3:2;0:3:3;0:4:3,3,1,0,0,0,1,0,0,0,0,0,0,5,24
42104,0:2:2;0:3:2;0:3:3;0:4:3,3,2,0,0,0,1,0,0,0,0,0,0,15,24
42105,0:2:2;0:3:2;0:3:3;0:4:3,3,3,0,0,0,1,0,0,0,0,0,0,33,24
42106,0:2:2;0:3:2;0:3:3;0:4:3,3,4,0,0,0,1,0,0,0,0,0,0,58,24
42107,0:2:2;0:3:2;0:3:3;0:4:3,3,5,0,0,0,1,0,0,0,0,0,0,86,24
42108,0:2:2;0:3:2;0:3:3;0:4:3,4,0,0,0,0,1,0,0,0,0,0,0,1,24
42109,0:2:2;0:3:2;0:3:3;0:4:3,4,1,0,0,0,1,0,0,0,0,0,0,5,24
42110,0:2:2;0:3:2;0:3:3;0:4:3,4,2,0,0,0,1,0,0,0,0,0,0,15,24
42111,0:2:2;0:3:2;0:3:3;0:4:3,4,3,0,0,0,1,0,0,0,0,0,0,33,24
42112,0:2:2;0:3:2;0:3:3;0:4:3,4,4,0,0,0,1,0,0,0,0,0,0,58,24
42113,0:2:2;0:3:2;0:3:3;0:4:3,4,5,0,0,0,1,0,0,0,0,0,0,86,24
42114,0:2:2;0:3:2;0:3:3;0:4:3,5,0,0,0,0,1,0,0,0,0,0,0,1,24
42115,0:2:2;0:3:2;0:3:3;0:4:3,5,1,0,0,0,1,0,0,0,0,0,0,5,24
42116,0:2:2;0:3:2;0:3:3;0:4:3,5,2,0,0,0,1,0,0,0,0,0,0,15,24
42117,0:2:2;0:3:2;0:3:3;0:4:3,5,3,0,0,0,1,0,0,0,0,0,0,33,24
42118,0:2:2;0:3:2;0:3:3;0:4:3,5,4,0,0,0,1,0,0,0,0,0,0,58,24
42119,0:2:2;0:3:2;0:3:3;0:4:3,5,5,0,0,0,1,0,0,0,0,0,0,86,24
42120,0:2:2;0:3:2;0:3:3;1:1:1,0,0,0,0,0,1,0,0,0,0,0,0,1,24
42121,0:2:2;0:3:2;0:3:3;1:1:1,0,1,0,0,0,1,0,0,0,0,0,0,4,24
42122,0:2:2;0:3:2;0:3:3;1:1:1,0,2,0,0,0,1,0,0,0,0,0,0,16,24
42123,0:2:2;0:3:2;0:3:3;1:1:1,0,3,0,0,0,1,0,0,0,0,0,0,32,24
42124,0:2:2;0:3:2;0:3:3;1:1:1,0,4,0,0,0,1,0,0,0,0,0,0,46,24
42125,0:2:2;0:3:2;0:3:3;1:1:1,0,5,0,0,0,1,0,0,0,0,0,0,55,24
42126,0:2:2;0:3:2;0:3:3;1:1:1,1,0,0,0,0,1,0,0,0,0,0,0,5,24
42127,0:2:2;0:3:2;0:3:3;1:1:1,1,1,0,0,0,1,0,0,0,0,0,0,14,24
42128,0:2:2;0:3:2;0:3:3;1:1:1,1,2,0,0,0,1,0,0,0,0,0,0,28,24
42129,0:2:2;0:3:2;0:3:3;1:1:1,1,3,0,0,0,1,0,0,0,0,0,0,44,24
42130,0:2:2;0:3:2;0:3:3;1:1:1,1,4,0,0,0,1,0,0,0,0,0,0,58,24
42131,0:2:2;0:3:2;0:3:3;1:1:1,1,5,0,0,0,1,0,0,0,0,0,0,67,24
42132,0:2:2;0:3:2;0:3:3;1:1:1,2,0,0,0,0,1,0,0,0,0,0,0,5,24
42133,0:2:2;0:3:2;0:3:3;1:1:1,2,1,0,0,0,1,0,0,0,0,0,0,14,24
42134,0:2:2;0:3:2;0:3:3;1:1:1,2,2,0,0,0,1,0,0,0,0,0,0,28,24
42135,0:2:2;0:3:2;0:3:3;1:1:1,2,3,0,0,0,1,0,0,0,0,0,0,44,24
42136,0:2:2;0:3:2;0:3:3;1:1:1,2,4,0,0,0,1,0,0,0,0,0,0,58,24
42137,0:2:2;0:3:2;0:3:3;1:1:1,2,5,0,0,0,1,0,0,0,0,0,0,67,24
42138,0:2:2;0:3:2;0:3:3;1:1:1,3,0,0,0,0,1,0,0,0,0,0,0,5,24
42139,0:2:2;0:3:2;0:3:3;1:1:1,3,1,0,0,0,1,0,0,0,0,0,0,14,24
42140,0:2:2;0:3:2;0:3:3;1:1:1,3,2,0,0,0,1,0,0,0,0,0,0,28,24
42141,0:2:2;0:3:2;0:3:3;1:1:1,3,3,0,0,0,1,0,0,0,0,0,0,44,24
42142,0:2:2;0:3:2;0:3:3;1:1:1,3,4,0,0,0,1,0,0,0,0,0,0,58,24
42143,0:2:2;0:3:2;0:3:3;1:1:1,3,5,0,0,0,1,0,0,0,0,0,0,67,24
42144,0:2:2;0:3:2;0:3:3;1:1:1,4,0,0,0,0,1,0,0,0,0,0,0,5,24
42145,0:2:2;0:3:2;0:3:3;1:1:1,4,1,0,0,0,1,0,0,0,0,0,0,14,24
42146,0:2:2;0:3:2;0:3:3;1:1:1,4,2,0,0,0,1,0,0,0,0,0,0,28,24
42147,0:2:2;0:3:2;0:3:3;1:1:1,4,3,0,0,0,1,0,0,0,0,0,0,44,24
42148,0:2:2;0:3:2;0:3:3;1:1:1,4,4,0,0,0,1,0,0,0,0,0,0,58,24
42149,0:2:2;0:3:2;0:3:3;1:1:1,4,5,0,0,0,1,0,0,0,0,0,0,67,24
42150,0:2:2;0:3:2;0:3:3;1:1:1,5,0,0,0,0,1,0,0,0,0,0,0,5,24
42151,0:2:2;0:3:2;0:3:3;1:1:1,5,1,0,0,0,1,0,0,0,0,0,0,14,24
42152,0:2:2;0:3:2;0:3:3;1:1:1,5,2,0,0,0,1,0,0,0,0,0,0,28,24
42153,0:2:2;0:3:2;0:3:3;1:1:1,5,3,0,0,0,1,0,0,0,0,0,0,44,24
42154,0:2:2;0:3:2;0:3:3;1:1:1,5,4,0,0,0,1,0,0,0,0,0,0,58,24
42155,0:2:2;0:3:2;0:3:3;1:1:1,5,5,0,0,0,1,0,0,0,0,0,0,67,24
42156,0:2:2;0:3:2;0:3:3;1:2:1,0,0,0,0,0,1,0,0,0,0,0,0,1,24
42157,0:2:2;0:3:2;0:3:3;1:2:1,0,1,0,0,0,1,0,0,0,0,0,0,4,24
42158,0:2:2;0:3:2;0:3:3;1:2:1,0,2,0,0,0,1,0,0,0,0,0,0,21,24
42159,0:2:2;0:3:2;0:3:3;1:2:1,0,3,0,0,0,1,0,0,0,0,0,0,38,24
42160,0:2:2;0:3:2;0:3:3;1:2:1,0,4,0,0,0,1,0,0,0,0,0,0,49,24
42161,0:2:2;0:3:2;0:3:3;1:2:1,0,5,1,1,1,0,1,1,1,1,1,5,9,2
42162,0:2:2;0:3:2;0:3:3;1:2:1,1,0,0,0,0,1,0,0,0,0,0,0,11,24
42163,0:2:2;0:3:2;0:3:3;1:2:1,1,1,0,0,0,1,0,0,0,0,0,0,22,24
42164,0:2:2;0:3:2;0:3:3;1:2:1,1,2,0,0,0,1,0,0,0,0,0,0,36,24
42165,0:2:2;0:3:2;0:3:3;1:2:1,1,3,0,0,0,1,0,0,0,0,0,0,50,24
42166,0:2:2;0:3:2;0:3:3;1:2:1,1,4,0,0,0,1,0,0,0,0,0,0,61,24
42167,0:2:2;0:3:2;0:3:3;1:2:1,1,5,1,1,1,0,1,1,1,1,1,5,9,2
42168,0:2:2;0:3:2;0:3:3;1:2:1,2,0,0,0,0,1,0,0,0,0,0,0,11,24
42169,0:2:2;0:3:2;0:3:3;1:2:1,2,1,0,0,0,1,0,0,0,0,0,0,22,24
42170,0:2:2;0:3:2;0:3:3;1:2:1,2,2,0,0,0,1,0,0,0,0,0,0,36,24
42171,0:2:2;0:3:2;0:3:3;1:2:1,2,3,0,0,0,1,0,0,0,0,0,0,50,24
42172,0:2:2;0:3:2;0:3:3;1:2:1,2,4,0,0,0,1,0,0,0,0,0,0,61,24
42173,0:2:2;0:3:2;0:3:3;1:2:1,2,5,1,1,1,0,1,1,1,1,1,5,9,2
42174,0:2:2;0:3:2;0:3:3;1:2:1,3,0,0,0,0,1,0,0,0,0,0,0,11,24
42175,0:2:2;0:3:2;0:3:3;1:2:1,3,1,0,0,0,1,0,0,0,0,0,0,22,24
42176,0:2:2;0:3:2;0:3:3;1:2:1,3,2,0,0,0,1,0,0,0,0,0,0,36,24
42177,0:2:2;0:3:2;0:3:3;1:2:1,3,3,0,0,0,1,0,0,0,0,0,0,50,24
42178,0:2:2;0:3:2;0:3:3;1:2:1,3,4,0,0,0,1,0,0,0,0,0,0,61,24
42179,0:2:2;0:3:2;0:3:3;1:2:1,3,5,1,1,1,0,1,1,1,1,1,5,9,2
42180,0:2:2;0:3:2;0:3:3;1:2:1,4,0,0,0,0,1,0,0,0,0,0,0,11,24
42181,0:2:2;0:3:2;0:3:3;1:2:1,4,1,0,0,0,1,0,0,0,0,0,0,22,24
42182,0:2:2;0:3:2;0:3:3;1:2:1,4,2,0,0,0,1,0,0,0,0,0,0,36,24
42183,0:2:2;0:3:2;0:3:3;1:2:1,4,3,0,0,0,1,0,0,0,0,0,0,50,24
42184,0:2:2;0:3:2;0:3:3;1:2:1,4,4,0,0,0,1,0,0,0,0,0,0,61,24
42185,0:2:2;0:3:2;0:3:3;1:2:1,4,5,1,1,1,0,1,1,1,1,1,5,9,2
42186,0:2:2;0:3:2;0:3:3;1:2:1,5,0,0,0,0,1,0,0,0,0,0,0,11,24
42187,0:2:2;0:3:2;0:3:3;1:2:1,5,1,0,0,0,1,0,0,0,0,0,0,22,24
42188,0:2:2;0:3:2;0:3:3;1:2:1,5,2,0,0,0,1,0,0,0,0,0,0,36,24
42189,0:2:2;0:3:2;0:3:3;1:2:1,5,3,0,0,0,1,0,0,0,0,0,0,50,24
42190,0:2:2;0:3:2;0:3:3;1:2:1,5,4,0,0,0,1,0,0,0,0,0,0,61,24
42191,0:2:2;0:3:2;0:3:3;1:2:1,5,5,1,1,1,0,1,1,1,1,1,5,9,2
42192,0:2:2;0:3:2;0:3:3;1:2:2,0,0,0,0,0,1,0,0,0,0,0,0,1,24
42193,0:2:2;0:3:2;0:3:3;1:2:2,0,1,0,0,0,1,0,0,0,0,0,0,4,24
42194,0:2:2;0:3:2;0:3:3;1:2:2,0,2,0,0,0,1,0,0,0,0,0,0,23,24
42195,0:2:2;0:3:2;0:3:3;1:2:2,0,3,0,0,0,1,0,0,0,0,0,0,45,24
42196,0:2:2;0:3:2;0:3:3;1:2:2,0,4,0,0,0,1,0,0,0,0,0,0,63,24
42197,0:2:2;0:3:2;0:3:3;1:2:2,0,5,1,1,1,0,1,1,1,1,1,5,10,2
42198,0:2:2;0:3:2;0:3:3;1:2:2,1,0,0,0,0,1,0,0,0,0,0,0,2,24
42199,0:2:2;0:3:2;0:3:3;1:2:2,1,1,0,0,0,1,0,0,0,0,0,0,8,24
42200,0:2:2;0:3:2;0:3:3;1:2:2,1,2,0,0,0,1,0,0,0,0,0,0,31,24
42201,0:2:2;0:3:2;0:3:3;1:2:2,1,3,0,0,0,1,0,0,0,0,0,0,56,24
42202,0:2:2;0:3:2;0:3:3;1:2:2,1,4,0,0,0,1,0,0,0,0,0,0,75,24
42203,0:2:2;0:3:2;0:3:3;1:2:2,1,5,1,1,1,0,1,1,1,1,1,5,10,2
42204,0:2:2;0:3:2;0:3:3;1:2:2,2,0,0,0,0,1,0,0,0,0,0,0,12,24
42205,0:2:2;0:3:2;0:3:3;1:2:2,2,1,0,0,0,1,0,0,0,0,0,0,26,24
42206,0:2:2;0:3:2;0:3:3;1:2:2,2,2,0,0,0,1,0,0,0,0,0,0,46,24
42207,0:2:2;0:3:2;0:3:3;1:2:2,2,3,0,0,0,1,0,0,0,0,0,0,68,24
42208,0:2:2;0:3:2;0:3:3;1:2:2,2,4,0,0,0,1,0,0,0,0,0,0,87,24
42209,0:2:2;0:3:2;0:3:3;1:2:2,2,5,1,1,1,0,1,1,1,1,1,5,10,2
42210,0:2:2;0:3:2;0:3:3;1:2:2,3,0,0,0,0,1,0,0,0,0,0,0,12,24
42211,0:2:2;0:3:2;0:3:3;1:2:2,3,1,0,0,0,1,0,0,0,0,0,0,26,24
42212,0:2:2;0:3:2;0:3:3;1:2:2,3,2,0,0,0,1,0,0,0,0,0,0,46,24
42213,0:2:2;0:3:2;0:3:3;1:2:2,3,3,0,0,0,1,0,0,0,0,0,0,68,24
42214,0:2:2;0:3:2;0:3:3;1:2:2,3,4,0,0,0,1,0,0,0,0,0,0,87,24
42215,0:2:2;0:3:2;0:3:3;1:2:2,3,5,1,1,1,0,1,1,1,1,1,5,10,2
42216,0:2:2;0:3:2;0:3:3;1:2:2,4,0,0,0,0,1,0,0,0,0,0,0,12,24
42217,0:2:2;0:3:2;0:3:3;1:2:2,4,1,0,0,0,1,0,0,0,0,0,0,26,24
42218,0:2:2;0:3:2;0:3:3;1:2:2,4,2,0,0,0,1,0,0,0,0,0,0,46,24
42219,0:2:2;0:3:2;0:3:3;1:2:2,4,3,0,0,0,1,0,0,0,0,0,0,68,24
42220,0:2:2;0:3:2;0:3:3;1:2:2,4,4,0,0,0,1,0,0,0,0,0,0,87,24
42221,0:2:2;0:3:2;0:3:3;1:2:2,4,5,1,1,1,0,1,1,1,1,1,5,10,2
42222,0:2:2;0:3:2;0:3:3;1:2:2,5,0,0,0,0,1,0,0,0,0,0,0,12,24
42223,0:2:2;0:3:2;0:3:3;1:2:2,5,1,0,0,0,1,0,0,0,0,0,0,26,24
42224,0:2:2;0:3:2;0:3:3;1:2:2,5,2,0,0,0,1,0,0,0,0,0,0,46,24
42225,0:2:2;0:3:2;0:3:3;1:2:2,5,3,0,0,0,1,0,0,0,0,0,0,68,24
42226,0:2:2;0:3:2;0:3:3;1:2:2,5,4,0,0,0,1,0,0,0,0,0,0,87,24
42227,0:2:2;0:3:2;0:3:3;1:2:2,5,5,1,1,1,0,1,1,1,1,1,5,10,2
42228,0:2:2;0:3:2;0:3:3;1:3:2,0,0,0,0,0,1,0,0,0,0,0,0,1,24
42229,0:2:2;0:3:2;0:3:3;1:3:2,0,1,0,0,0,1,0,0,0,0,0,0,4,24
42230,0:2:2;0:3:2;0:3:3;1:3:2,0,2,0,0,0,1,0,0,0,0,0,0,28,24
42231,0:2:2;0:3:2;0:3:3;1:3:2,0,3,0,0,0,1,0,0,0,0,0,0,48,24
42232,0:2:2;0:3:2;0:3:3;1:3:2,0,4,1,1,1,0,1,1,1,1,1,5,10,2
42233,0:2:2;0:3:2;0:3:3;1:3:2,0,5,1,1,1,0,1,1,1,1,1,5,10,2
42234,0:2:2;0:3:2;0:3:3;1:3:2,1,0,0,0,0,1,0,0,0,0,0,0,2,24
42235,0:2:2;0:3:2;0:3:3;1:3:2,1,1,0,0,0,1,0,0,0,0,0,0,8,24
42236,0:2:2;0:3:2;0:3:3;1:3:2,1,2,0,0,0,1,0,0,0,0,0,0,36,24
42237,0:2:2;0:3:2;0:3:3;1:3:2,1,3,0,0,0,1,0,0,0,0,0,0,59,24
42238,0:2:2;0:3:2;0:3:3;1:3:2,1,4,1,1,1,0,1,1,1,1,1,5,10,2
42239,0:2:2;0:3:2;0:3:3;1:3:2,1,5,1,1,1,0,1,1,1,1,1,5,10,2
42240,0:2:2;0:3:2;0:3:3;1:3:2,2,0,0,0,0,1,0,0,0,0,0,0,20,24
42241,0:2:2;0:3:2;0:3:3;1:3:2,2,1,0,0,0,1,0,0,0,0,0,0,34,24
42242,0:2:2;0:3:2;0:3:3;1:3:2,2,2,0,0,0,1,0,0,0,0,0,0,52,24
42243,0:2:2;0:3:2;0:3:3;1:3:2,2,3,0,0,0,1,0,0,0,0,0,0,71,24
42244,0:2:2;0:3:2;0:3:3;1:3:2,2,4,1,1,1,0,1,1,1,1,1,5,10,2
42245,0:2:2;0:3:2;0:3:3;1:3:2,2,5,1,1,1,0,1,1,1,1,1,5,10,2
42246,0:2:2;0:3:2;0:3:3;1:3:2,3,0,0,0,0,1,0,0,0,0,0,0,20,24
42247,0:2:2;0:3:2;0:3:3;1:3:2,3,1,0,0,0,1,0,0,0,0,0,0,34,24
42248,0:2:2;0:3:2;0:3:3;1:3:2,3,2,0,0,0,1,0,0,0,0,0,0,52,24
42249,0:2:2;0:3:2;0:3:3;1:3:2,3,3,0,0,0,1,0,0,0,0,0,0,71,24
42250,0:2:2;0:3:2;0:3:3;1:3:2,3,4,1,1,1,0,1,1,1,1,1,5,10,2
42251,0:2:2;0:3:2;0:3:3;1:3:2,3,5,1,1,1,0,1,1,1,1,1,5,10,2
42252,0:2:2;0:3:2;0:3:3;1:3:2,4,0,0,0,0,1,0,0,0,0,0,0,20,24
42253,0:2:2;0:3:2;0:3:3;1:3:2,4,1,0,0,0,1,0,0,0,0,0,0,34,24
42254,0:2:2;0:3:2;0:3:3;1:3:2,4,2,0,0,0,1,0,0,0,0,0,0,52,24
42255,0:2:2;0:3:2;0:3:3;1:3:2,4,3,0,0,0,1,0,0,0,0,0,0,71,24
42256,0:2:2;0:3:2;0:3:3;1:3:2,4,4,1,1,1,0,1,1,1,1,1,5,10,2
42257,0:2:2;0:3:2;0:3:3;1:3:2,4,5,1,1,1,0,1,1,1,1,1,5,10,2
42258,0:2:2;0:3:2;0:3:3;1:3:2,5,0,0,0,0,1,0,0,0,0,0,0,20,24
42259,0:2:2;0:3:2;0:3:3;1:3:2,5,1,0,0,0,1,0,0,0,0,0,0,34,24
42260,0:2:2;0:3:2;0:3:3;1:3:2,5,2,0,0,0,1,0,0,0,0,0,0,52,24
42261,0:2:2;0:3:2;0:3:3;1:3:2,5,3,0,0,0,1,0,0,0,0,0,0,71,24
42262,0:2:2;0:3:2;0:3:3;1:3:2,5,4,1,1,1,0,1,1,1,1,1,5,10,2
42263,0:2:2;0:3:2;0:3:3;1:3:2,5,5,1,1,1,0,1,1,1,1,1,5,10,2
42264,0:2:2;0:3:2;0:3:3;1:3:3,0,0,0,0,0,1,0,0,0,0,0,0,1,24
42265,0:2:2;0:3:2;0:3:3;1:3:3,0,1,0,0,0,1,0,0,0,0,0,0,4,24
42266,0:2:2;0:3:2;0:3:3;1:3:3,0,2,0,0,0,1,0,0,0,0,0,0,23,24
42267,0:2:2;0:3:2;0:3:3;1:3:3,0,3,0,0,0,1,0,0,0,0,0,0,49,24
42268,0:2:2;0:3:2;0:3:3;1:3:3,0,4,1,1,0,0,1,1,1,1,1,5,11,2
42269,0:2:2;0:3:2;0:3:3;1:3:3,0,5,1,1,1,0,1,1,1,1,1,5,11,2
42270,0:2:2;0:3:2;0:3:3;1:3:3,1,0,0,0,0,1,0,0,0,0,0,0,2,24
42271,0:2:2;0:3:2;0:3:3;1:3:3,1,1,0,0,0,1,0,0,0,0,0,0,8,24
42272,0:2:2;0:3:2;0:3:3;1:3:3,1,2,0,0,0,1,0,0,0,0,0,0,38,24
42273,0:2:2;0:3:2;0:3:3;1:3:3,1,3,0,0,0,1,0,0,0,0,0,0,66,24
42274,0:2:2;0:3:2;0:3:3;1:3:3,1,4,1,1,1,0,1,1,1,1,1,5,11,2
42275,0:2:2;0:3:2;0:3:3;1:3:3,1,5,1,1,1,0,1,1,1,1,1,5,11,2
42276,0:2:2;0:3:2;0:3:3;1:3:3,2,0,0,0,0,1,0,0,0,0,0,0,3,24
42277,0:2:2;0:3:2;0:3:3;1:3:3,2,1,0,0,0,1,0,0,0,0,0,0,12,24
42278,0:2:2;0:3:2;0:3:3;1:3:3,2,2,0,0,0,1,0,0,0,0,0,0,46,24
42279,0:2:2;0:3:2;0:3:3;1:3:3,2,3,0,0,0,1,0,0,0,0,0,0,77,24
42280,0:2:2;0:3:2;0:3:3;1:3:3,2,4,1,1,1,0,1,1,1,1,1,5,11,2
42281,0:2:2;0:3:2;0:3:3;1:3:3,2,5,1,1,1,0,1,1,1,1,1,5,11,2
42282,0:2:2;0:3:2;0:3:3;1:3:3,3,0,0,0,0,1,0,0,0,0,0,0,21,24
42283,0:2:2;0:3:2;0:3:3;1:3:3,3,1,0,0,0,1,0,0,0,0,0,0,38,24
42284,0:2:2;0:3:2;0:3:3;1:3:3,3,2,0,0,0,1,0,0,0,0,0,0,62,24
42285,0:2:2;0:3:2;0:3:3;1:3:3,3,3,0,0,0,1,0,0,0,0,0,0,89,24
42286,0:2:2;0:3:2;0:3:3;1:3:3,3,4,1,1,1,0,1,1,1,1,1,5,11,2
42287,0:2:2;0:3:2;0:3:3;1:3:3,3,5,1,1,1,0,1,1,1,1,1,5,11,2
42288,0:2:2;0:3:2;0:3:3;1:3:3,4,0,0,0,0,1,0,0,0,0,0,0,21,24
42289,0:2:2;0:3:2;0:3:3;1:3:3,4,1,0,0,0,1,0,0,0,0,0,0,38,24
42290,0:2:2;0:3:2;0:3:3;1:3:3,4,2,0,0,0,1,0,0,0,0,0,0,62,24
42291,0:2:2;0:3:2;0:3:3;1:3:3,4,3,0,0,0,1,0,0,0,0,0,0,89,24
42292,0:2:2;0:3:2;0:3:3;1:3:3,4,4,1,1,1,0,1,1,1,1,1,5,11,2
42293,0:2:2;0:3:2;0:3:3;1:3:3,4,5,1,1,1,0,1,1,1,1,1,5,11,2
42294,0:2:2;0:3:2;0:3:3;1:3:3,5,0,0,0,0,1,0,0,0,0,0,0,21,24
42295,0:2:2;0:3:2;0:3:3;1:3:3,5,1,0,0,0,1,0,0,0,0,0,0,38,24
42296,0:2:2;0:3:2;0:3:3;1:3:3,5,2,0,0,0,1,0,0,0,0,0,0,62,24
42297,0:2:2;0:3:2;0:3:3;1:3:3,5,3,0,0,0,1,0,0,0,0,0,0,89,24
42298,0:2:2;0:3:2;0:3:3;1:3:3,5,4,1,1,1,0,1,1,1,1,1,5,11,2
42299,0:2:2;0:3:2;0:3:3;1:3:3,5,5,1,1,1,0,1,1,1,1,1,5,11,2
42300,0:2:2;0:3:2;0:3:3;1:4:3,0,0,0,0,0,1,0,0,0,0,0,0,1,24
42301,0:2:2;0:3:2;0:3:3;1:4:3,0,1,0,0,0,1,0,0,0,0,0,0,4,24
42302,0:2:2;0:3:2;0:3:3;1:4:3,0,2,0,0,0,1,0,0,0,0,0,0,25,24
42303,0:2:2;0:3:2;0:3:3;1:4:3,0,3,1,1,0,1,0,0,1,1,1,6,20,11
42304,0:2:2;0:3:2;0:3:3;1:4:3,0,4,1,1,0,0,1,1,1,1,1,5,11,2
42305,0:2:2;0:3:2;0:3:3;1:4:3,0,5,1,1,1,0,1,1,1,1,1,5,11,2
42306,0:2:2;0:3:2;0:3:3;1:4:3,1,0,0,0,0,1,0,0,0,0,0,0,2,24
42307,0:2:2;0:3:2;0:3:3;1:4:3,1,1,0,0,0,1,0,0,0,0,0,0,8,24
42308,0:2:2;0:3:2;0:3:3;1:4:3,1,2,0,0,0,1,0,0,0,0,0,0,41,24
42309,0:2:2;0:3:2;0:3:3;1:4:3,1,3,1,1,0,0,1,1,1,1,1,5,11,5
42310,0:2:2;0:3:2;0:3:3;1:4:3,1,4,1,1,1,0,1,1,1,1,1,5,11,2
42311,0:2:2;0:3:2;0:3:3;1:4:3,1,5,1,1,1,0,1,1,1,1,1,5,11,2
42312,0:2:2;0:3:2;0:3:3;1:4:3,2,0,0,0,0,1,0,0,0,0,0,0,3,24
42313,0:2:2;0:3:2;0:3:3;1:4:3,2,1,0,0,0,1,0,0,0,0,0,0,12,24
42314,0:2:2;0:3:2;0:3:3;1:4:3,2,2,0,0,0,1,0,0,0,0,0,0,49,24
42315,0:2:2;0:3:2;0:3:3;1:4:3,2,3,1,1,1,0,1,1,1,1,1,5,11,5
42316,0:2:2;0:3:2;0:3:3;1:4:3,2,4,1,1,1,0,1,1,1,1,1,5,11,2
42317,0:2:2;0:3:2;0:3:3;1:4:3,2,5,1,1,1,0,1,1,1,1,1,5,11,2
42318,0:2:2;0:3:2;0:3:3;1:4:3,3,0,0,0,0,1,0,0,0,0,0,0,29,24
42319,0:2:2;0:3:2;0:3:3;1:4:3,3,1,0,0,0,1,0,0,0,0,0,0,44,24
42320,0:2:2;0:3:2;0:3:3;1:4:3,3,2,0,0,0,1,0,0,0,0,0,0,65,24
42321,0:2:2;0:3:2;0:3:3;1:4:3,3,3,1,1,1,0,1,1,1,1,1,5,11,5
42322,0:2:2;0:3:2;0:3:3;1:4:3,3,4,1,1,1,0,1,1,1,1,1,5,11,2
42323,0:2:2;0:3:2;0:3:3;1:4:3,3,5,1,1,1,0,1,1,1,1,1,5,11,2
42324,0:2:2;0:3:2;0:3:3;1:4:3,4,0,0,0,0,1,0,0,0,0,0,0,29,24
42325,0:2:2;0:3:2;0:3:3;1:4:3,4,1,0,0,0,1,0,0,0,0,0,0,44,24
42326,0:2:2;0:3:2;0:3:3;1:4:3,4,2,0,0,0,1,0,0,0,0,0,0,65,24
42327,0:2:2;0:3:2;0:3:3;1:4:3,4,3,1,1,1,0,1,1,1,1,1,5,11,5
42328,0:2:2;0:3:2;0:3:3;1:4:3,4,4,1,1,1,0,1,1,1,1,1,5,11,2
42329,0:2:2;0:3:2;0:3:3;1:4:3,4,5,1,1,1,0,1,1,1,1,1,5,11,2
42330,0:2:2;0:3:2;0:3:3;1:4:3,5,0,0,0,0,1,0,0,0,0,0,0,29,24
42331,0:2:2;0:3:2;0:3:3;1:4:3,5,1,0,0,0,1,0,0,0,0,0,0,44,24
42332,0:2:2;0:3:2;0:3:3;1:4:3,5,2,0,0,0,1,0,0,0,0,0,0,65,24
42333,0:2:2;0:3:2;0:3:3;1:4:3,5,3,1,1,1,0,1,1,1,1,1,5,11,5
42334,0:2:2;0:3:2;0:3:3;1:4:3,5,4,1,1,1,0,1,1,1,1,1,5,11,2
42335,0:2:2;0:3:2;0:3:3;1:4:3,5,5,1,1,1,0,1,1,1,1,1,5,11,2
42336,0:2:2;0:3:2;0:4:3;0:4:3,0,0,0,0,0,1,0,0,0,0,0,0,1,24
42337,0:2:2;0:3:2;0:4:3;0:4:3,0,1,0,0,0,1,0,0,0,0,0,0,5,24
42338,0:2:2;0:3:2;0:4:3;0:4:3,0,2,0,0,0,1,0,0,0,0,0,0,15,24
42339,0:2:2;0:3:2;0:4:3;0:4:3,0,3,0,0,0,1,0,0,0,0,0,0,33,24
42340,0:2:2;0:3:2;0:4:3;0:4:3,0,4,0,0,0,1,0,0,0,0,0,0,58,24
42341,0:2:2;0:3:2;0:4:3;0:4:3,0,5,0,0,0,1,0,0,0,0,0,0,86,24
42342,0:2:2;0:3:2;0:4:3;0:4:3,1,0,0,0,0,1,0,0,0,0,0,0,1,24
42343,0:2:2;0:3:2;0:4:3;0:4:3,1,1,0,0,0,1,0,0,0,0,0,0,5,24
42344,0:2:2;0:3:2;0:4:3;0:4:3,1,2,0,0,0,1,0,0,0,0,0,0,15,24
42345,0:2:2;0:3:2;0:4:3;0:4:3,1,3,0,0,0,1,0,0,0,0,0,0,33,24
42346,0:2:2;0:3:2;0:4:3;0:4:3,1,4,0,0,0,1,0,0,0,0,0,0,58,24
42347,0:2:2;0:3:2;0:4:3;0:4:3,1,5,0,0,0,1,0,0,0,0,0,0,86,24
42348,0:2:2;0:3:2;0:4:3;0:4:3,2,0,0,0,0,1,0,0,0,0,0,0,1,24
42349,0:2:2;0:3:2;0:4:3;0:4:3,2,1,0,0,0,1,0,0,0,0,0,0,5,24
42350,0:2:2;0:3:2;0:4:3;0:4:3,2,2,0,0,0,1,0,0,0,0,0,0,15,24
42351,0:2:2;0:3:2;0:4:3;0:4:3,2,3,0,0,0,1,0,0,0,0,0,0,33,24
42352,0:2:2;0:3:2;0:4:3;0:4:3,2,4,0,0,0,1,0,0,0,0,0,0,58,24
42353,0:2:2;0:3:2;0:4:3;0:4:3,2,5,0,0,0,1,0,0,0,0,0,0,86,24
42354,0:2:2;0:3:2;0:4:3;0:4:3,3,0,0,0,0,1,0,0,0,0,0,0,1,24
42355,0:2:2;0:3:2;0:4:3;0:4:3,3,1,0,0,0,1,0,0,0,0,0,0,5,24
42356,0:2:2;0:3:2;0:4:3;0:4:3,3,2,0,0,0,1,0,0,0,0,0,0,15,24
42357,0:2:2;0:3:2;0:4:3;0:4:3,3,3,0,0,0,1,0,0,0,0,0,0,33,24
42358,0:2:2;0:3:2;0:4:3;0:4:3,3,4,0,0,0,1,0,0,0,0,0,0,58,24
42359,0:2:2;0:3:2;0:4:3;0:4:3,3,5,0,0,0,1,0,0,0,0,0,0,86,24
42360,0:2:2;0:3:2;0:4:3;0:4:3,4,0,0,0,0,1,0,0,0,0,0,0,1,24
42361,0:2:2;0:3:2;0:4:3;0:4:3,4,1,0,0,0,1,0,0,0,0,0,0,5,24
42362,0:2:2;0:3:2;0:4:3;0:4:3,4,2,0,0,0,1,0,0,0,0,0,0,15,24
42363,0:2:2;0:3:2;0:4:3;0:4:3,4,3,0,0,0,1,0,0,0,0,0,0,33,24
42364,0:2:2;0:3:2;0:4:3;0:4:3,4,4,0,0,0,1,0,0,0,0,0,0,58,24
42365,0:2:2;0:3:2;0:4:3;0:4:3,4,5,0,0,0,1,0,0,0,0,0,0,86,24
42366,0:2:2;0:3:2;0:4:3;0:4:3,5,0,0,0,0,1,0,0,0,0,0,0,1,24
42367,0:2:2;0:3:2;0:4:3;0:4:3,5,1,0,0,0,1,0,0,0,0,0,0,5,24
42368,0:2:2;0:3:2;0:4:3;0:4:3,5,2,0,0,0,1,0,0,0,0,0,0,15,24
42369,0:2:2;0:3:2;0:4:3;0:4:3,5,3,0,0,0,1,0,0,0,0,0,0,33,24
42370,0:2:2;0:3:2;0:4:3;0:4:3,5,4,0,0,0,1,0,0,0,0,0,0,58,24
42371,0:2:2;0:3:2;0:4:3;0:4:3,5,5,0,0,0,1,0,0,0,0,0,0,86,24
42372,0:2:2;0:3:2;0:4:3;1:1:1,0,0,0,0,0,1,0,0,0,0,0,0,1,24
42373,0:2:2;0:3:2;0:4:3;1:1:1,0,1,0,0,0,1,0,0,0,0,0,0,4,24
42374,0:2:2;0:3:2;0:4:3;1:1:1,0,2,0,0,0,1,0,0,0,0,0,0,16,24
42375,0:2:2;0:3:2;0:4:3;1:1:1,0,3,0,0,0,1,0,0,0,0,0,0,32,24
42376,0:2:2;0:3:2;0:4:3;1:1:1,0,4,0,0,0,1,0,0,0,0,0,0,46,24
42377,0:2:2;0:3:2;0:4:3;1:1:1,0,5,0,0,0,1,0,0,0,0,0,0,55,24
42378,0:2:2;0:3:2;0:4:3;1:1:1,1,0,0,0,0,1,0,0,0,0,0,0,5,24
42379,0:2:2;0:3:2;0:4:3;1:1:1,1,1,0,0,0,1,0,0,0,0,0,0,14,24
42380,0:2:2;0:3:2;0:4:3;1:1:1,1,2,0,0,0,1,0,0,0,0,0,0,28,24
42381,0:2:2;0:3:2;0:4:3;1:1:1,1,3,0,0,0,1,0,0,0,0,0,0,44,24
42382,0:2:2;0:3:2;0:4:3;1:1:1,1,4,0,0,0,1,0,0,0,0,0,0,58,24
42383,0:2:2;0:3:2;0:4:3;1:1:1,1,5,0,0,0,1,0,0,0,0,0,0,67,24
42384,0:2:2;0:3:2;0:4:3;1:1:1,2,0,0,0,0,1,0,0,0,0,0,0,5,24
42385,0:2:2;0:3:2;0:4:3;1:1:1,2,1,0,0,0,1,0,0,0,0,0,0,14,24
42386,0:2:2;0:3:2;0:4:3;1:1:1,2,2,0,0,0,1,0,0,0,0,0,0,28,24
42387,0:2:2;0:3:2;0:4:3;1:1:1,2,3,0,0,0,1,0,0,0,0,0,0,44,24
42388,0:2:2;0:3:2;0:4:3;1:1:1,2,4,0,0,0,1,0,0,0,0,0,0,58,24
42389,0:2:2;0:3:2;0:4:3;1:1:1,2,5,0,0,0,1,0,0,0,0,0,0,67,24
42390,0:2:2;0:3:2;0:4:3;1:1:1,3,0,0,0,0,1,0,0,0,0,0,0,5,24
42391,0:2:2;0:3:2;0:4:3;1:1:1,3,1,0,0,0,1,0,0,0,0,0,0,14,24
42392,0:2:2;0:3:2;0:4:3;1:1:1,3,2,0,0,0,1,0,0,0,0,0,0,28,24
42393,0:2:2;0:3:2;0:4:3;1:1:1,3,3,0,0,0,1,0,0,0,0,0,0,44,24
42394,0:2:2;0:3:2;0:4:3;1:1:1,3,4,0,0,0,1,0,0,0,0,0,0,58,24
42395,0:2:2;0:3:2;0:4:3;1:1:1,3,5,0,0,0,1,0,0,0,0,0,0,67,24
42396,0:2:2;0:3:2;0:4:3;1:1:1,4,0,0,0,0,1,0,0,0,0,0,0,5,24
42397,0:2:2;0:3:2;0:4:3;1:1:1,4,1,0,0,0,1,0,0,0,0,0,0,14,24
42398,0:2:2;0:3:2;0:4:3;1:1:1,4,2,0,0,0,1,0,0,0,0,0,0,28,24
42399,0:2:2;0:3:2;0:4:3;1:1:1,4,3,0,0,0,1,0,0,0,0,0,0,44,24
42400,0:2:2;0:3:2;0:4:3;1:1:1,4,4,0,0,0,1,0,0,0,0,0,0,58,24
42401,0:2:2;0:3:2;0:4:3;1:1:1,4,5,0,0,0,1,0,0,0,0,0,0,67,24
42402,0:2:2;0:3:2;0:4:3;1:1:1,5,0,0,0,0,1,0,0,0,0,0,0,5,24
42403,0:2:2;0:3:2;0:4:3;1:1:1,5,1,0,0,0,1,0,0,0,0,0,0,14,24
42404,0:2:2;0:3:2;0:4:3;1:1:1,5,2,0,0,0,1,0,0,0,0,0,0,28,24
42405,0:2:2;0:3:2;0:4:3;1:1:1,5,3,0,0,0,1,0,0,0,0,0,0,44,24
42406,0:2:2;0:3:2;0:4:3;1:1:1,5,4,0,0,0,1,0,0,0,0,0,0,58,24
42407,0:2:2;0:3:2;0:4:3;1:1:1,5,5,0,0,0,1,0,0,0,0,0,0,67,24
42408,0:2:2;0:3:2;0:4:3;1:2:1,0,0,0,0,0,1,0,0,0,0,0,0,1,24
42409,0:2:2;0:3:2;0:4:3;1:2:1,0,1,0,0,0,1,0,0,0,0,0,0,4,24
42410,0:2:2;0:3:2;0:4:3;1:2:1,0,2,0,0,0,1,0,0,0,0,0,0,21,24
42411,0:2:2;0:3:2;0:4:3;1:2:1,0,3,0,0,0,1,0,0,0,0,0,0,38,24
42412,0:2:2;0:3:2;0:4:3;1:2:1,0,4,0,0,0,1,0,0,0,0,0,0,49,24
42413,0:2:2;0:3:2;0:4:3;1:2:1,0,5,1,1,1,0,1,1,1,1,1,5,9,2
42414,0:2:2;0:3:2;0:4:3;1:2:1,1,0,0,0,0,1,0,0,0,0,0,0,11,24
42415,0:2:2;0:3:2;0:4:3;1:2:1,1,1,0,0,0,1,0,0,0,0,0,0,22,24
42416,0:2:2;0:3:2;0:4:3;1:2:1,1,2,0,0,0,1,0,0,0,0,0,0,36,24
42417,0:2:2;0:3:2;0:4:3;1:2:1,1,3,0,0,0,1,0,0,0,0,0,0,50,24
42418,0:2:2;0:3:2;0:4:3;1:2:1,1,4,0,0,0,1,0,0,0,0,0,0,61,24
42419,0:2:2;0:3:2;0:4:3;1:2:1,1,5,1,1,1,0,1,1,1,1,1,5,9,2
42420,0:2:2;0:3:2;0:4:3;1:2:1,2,0,0,0,0,1,0,0,0,0,0,0,11,24
42421,0:2:2;0:3:2;0:4:3;1:2:1,2,1,0,0,0,1,0,0,0,0,0,0,22,24
42422,0:2:2;0:3:2;0:4:3;1:2:1,2,2,0,0,0,1,0,0,0,0,0,0,36,24
42423,0:2:2;0:3:2;0:4:3;1:2:1,2,3,0,0,0,1,0,0,0,0,0,0,50,24
42424,0:2:2;0:3:2;0:4:3;1:2:1,2,4,0,0,0,1,0,0,0,0,0,0,61,24
42425,0:2:2;0:3:2;0:4:3;1:2:1,2,5,1,1,1,0,1,1,1,1,1,5,9,2
42426,0:2:2;0:3:2;0:4:3;1:2:1,3,0,0,0,0,1,0,0,0,0,0,0,11,24
42427,0:2:2;0:3:2;0:4:3;1:2:1,3,1,0,0,0,1,0,0,0,0,0,0,22,24
42428,0:2:2;0:3:2;0:4:3;1:2:1,3,2,0,0,0,1,0,0,0,0,0,0,36,24
42429,0:2:2;0:3:2;0:4:3;1:2:1,3,3,0,0,0,1,0,0,0,0,0,0,50,24
42430,0:2:2;0:3:2;0:4:3;1:2:1,3,4,0,0,0,1,0,0,0,0,0,0,61,24
42431,0:2:2;0:3:2;0:4:3;1:2:1,3,5,1,1,1,0,1,1,1,1,1,5,9,2
42432,0:2:2;0:3:2;0:4:3;1:2:1,4,0,0,0,0,1,0,0,0,0,0,0,11,24
42433,0:2:2;0:3:2;0:4:3;1:2:1,4,1,0,0,0,1,0,0,0,0,0,0,22,24
42434,0:2:2;0:3:2;0:4:3;1:2:1,4,2,0,0,0,1,0,0,0,0,0,0,36,24
42435,0:2:2;0:3:2;0:4:3;1:2:1,4,3,0,0,0,1,0,0,0,0,0,0,50,24
42436,0:2:2;0:3:2;0:4:3;1:2:1,4,4,0,0,0,1,0,0,0,0,0,0,61,24
42437,0:2:2;0:3:2;0:4:3;1:2:1,4,5,1,1,1,0,1,1,1,1,1,5,9,2
42438,0:2:2;0:3:2;0:4:3;1:2:1,5,0,0,0,0,1,0,0,0,0,0,0,11,24
42439,0:2:2;0:3:2;0:4:3;1:2:1,5,1,0,0,0,1,0,0,0,0,0,0,22,24
42440,0:2:2;0:3:2;0:4:3;1:2:1,5,2,0,0,0,1,0,0,0,0,0,0,36,24
42441,0:2:2;0:3:2;0:4:3;1:2:1,5,3,0,0,0,1,0,0,0,0,0,0,50,24
42442,0:2:2;0:3:2;0:4:3;1:2:1,5,4,0,0,0,1,0,0,0,0,0,0,61,24
42443,0:2:2;0:3:2;0:4:3;1:2:1,5,5,1,1,1,0,1,1,1,1,1,5,9,2
42444,0:2:2;0:3:2;0:4:3;1:2:2,0,0,0,0,0,1,0,0,0,0,0,0,1,24
42445,0:2:2;0:3:2;0:4:3;1:2:2,0,1,0,0,0,1,0,0,0,0,0,0,4,24
42446,0:2:2;0:3:2;0:4:3;1:2:2,0,2,0,0,0,1,0,0,0,0,0,0,23,24
42447,0:2:2;0:3:2;0:4:3;1:2:2,0,3,0,0,0,1,0,0,0,0,0,0,45,24
42448,0:2:2;0:3:2;0:4:3;1:2:2,0,4,0,0,0,1,0,0,0,0,0,0,63,24
42449,0:2:2;0:3:2;0:4:3;1:2:2,0,5,1,1,1,0,1,1,1,1,1,5,10,2
42450,0:2:2;0:3:2;0:4:3;1:2:2,1,0,0,0,0,1,0,0,0,0,0,0,2,24
42451,0:2:2;0:3:2;0:4:3;1:2:2,1,1,0,0,0,1,0,0,0,0,0,0,8,24
42452,0:2:2;0:3:2;0:4:3;1:2:2,1,2,0,0,0,1,0,0,0,0,0,0,31,24
42453,0:2:2;0:3:2;0:4:3;1:2:2,1,3,0,0,0,1,0,0,0,0,0,0,56,24
42454,0:2:2;0:3:2;0:4:3;1:2:2,1,4,0,0,0,1,0,0,0,0,0,0,75,24
42455,0:2:2;0:3:2;0:4:3;1:2:2,1,5,1,1,1,0,1,1,1,1,1,5,10,2
42456,0:2:2;0:3:2;0:4:3;1:2:2,2,0,0,0,0,1,0,0,0,0,0,0,12,24
42457,0:2:2;0:3:2;0:4:3;1:2:2,2,1,0,0,0,1,0,0,0,0,0,0,26,24
42458,0:2:2;0:3:2;0:4:3;1:2:2,2,2,0,0,0,1,0,0,0,0,0,0,46,24
42459,0:2:2;0:3:2;0:4:3;1:2:2,2,3,0,0,0,1,0,0,0,0,0,0,68,24
42460,0:2:2;0:3:2;0:4:3;1:2:2,2,4,0,0,0,1,0,0,0,0,0,0,87,24
42461,0:2:2;0:3:2;0:4:3;1:2:2,2,5,1,1,1,0,1,1,1,1,1,5,10,2
42462,0:2:2;0:3:2;0:4:3;1:2:2,3,0,0,0,0,1,0,0,0,0,0,0,12,24
42463,0:2:2;0:3:2;0:4:3;1:2:2,3,1,0,0,0,1,0,0,0,0,0,0,26,24
42464,0:2:2;0:3:2;0:4:3;1:2:2,3,2,0,0,0,1,0,0,0,0,0,0,46,24
42465,0:2:2;0:3:2;0:4:3;1:2:2,3,3,0,0,0,1,0,0,0,0,0,0,68,24
42466,0:2:2;0:3:2;0:4:3;1:2:2,3,4,0,0,0,1,0,0,0,0,0,0,87,24
42467,0:2:2;0:3:2;0:4:3;1:2:2,3,5,1,1,1,0,1,1,1,1,1,5,10,2
42468,0:2:2;0:3:2;0:4:3;1:2:2,4,0,0,0,0,1,0,0,0,0,0,0,12,24
42469,0:2:2;0:3:2;0:4:3;1:2:2,4,1,0,0,0,1,0,0,0,0,0,0,26,24
42470,0:2:2;0:3:2;0:4:3;1:2:2,4,2,0,0,0,1,0,0,0,0,0,0,46,24
42471,0:2:2;0:3:2;0:4:3;1:2:2,4,3,0,0,0,1,0,0,0,0,0,0,68,24
42472,0:2:2;0:3:2;0:4:3;1:2:2,4,4,0,0,0,1,0,0,0,0,0,0,87,24
42473,0:2:2;0:3:2;0:4:3;1:2:2,4,5,1,1,1,0,1,1,1,1,1,5,10,2
42474,0:2:2;0:3:2;0:4:3;1:2:2,5,0,0,0,0,1,0,0,0,0,0,0,12,24
42475,0:2:2;0:3:2;0:4:3;1:2:2,5,1,0,0,0,1,0,0,0,0,0,0,26,24
42476,0:2:2;0:3:2;0:4:3;1:2:2,5,2,0,0,0,1,0,0,0,0,0,0,46,24
42477,0:2:2;0:3:2;0:4:3;1:2:2,5,3,0,0,0,1,0,0,0,0,0,0,68,24
42478,0:2:2;0:3:2;0:4:3;1:2:2,5,4,0,0,0,1,0,0,0,0,0,0,87,24
42479,0:2:2;0:3:2;0:4:3;1:2:2,5,5,1,1,1,0,1,1,1,1,1,5,10,2
42480,0:2:2;0:3:2;0:4:3;1:3:2,0,0,0,0,0,1,0,0,0,0,0,0,1,24
42481,0:2:2;0:3:2;0:4:3;1:3:2,0,1,0,0,0,1,0,0,0,0,0,0,4,24
42482,0:2:2;0:3:2;0:4:3;1:3:2,0,2,0,0,0,1,0,0,0,0,0,0,28,24
42483,0:2:2;0:3:2;0:4:3;1:3:2,0,3,0,0,0,1,0,0,0,0,0,0,48,24
42484,0:2:2;0:3:2;0:4:3;1:3:2,0,4,1,1,1,0,1,1,1,1,1,5,10,2
42485,0:2:2;0:3:2;0:4:3;1:3:2,0,5,1,1,1,0,1,1,1,1,1,5,10,2
42486,0:2:2;0:3:2;0:4:3;1:3:2,1,0,0,0,0,1,0,0,0,0,0,0,2,24
42487,0:2:2;0:3:2;0:4:3;1:3:2,1,1,0,0,0,1,0,0,0,0,0,0,8,24
42488,0:2:2;0:3:2;0:4:3;1:3:2,1,2,0,0,0,1,0,0,0,0,0,0,36,24
42489,0:2:2;0:3:2;0:4:3;1:3:2,1,3,0,0,0,1,0,0,0,0,0,0,59,24
42490,0:2:2;0:3:2;0:4:3;1:3:2,1,4,1,1,1,0,1,1,1,1,1,5,10,2
42491,0:2:2;0:3:2;0:4:3;1:3:2,1,5,1,1,1,0,1,1,1,1,1,5,10,2
42492,0:2:2;0:3:2;0:4:3;1:3:2,2,0,0,0,0,1,0,0,0,0,0,0,20,24
42493,0:2:2;0:3:2;0:4:3;1:3:2,2,1,0,0,0,1,0,0,0,0,0,0,34,24
42494,0:2:2;0:3:2;0:4:3;1:3:2,2,2,0,0,0,1,0,0,0,0,0,0,52,24
42495,0:2:2;0:3:2;0:4:3;1:3:2,2,3,0,0,0,1,0,0,0,0,0,0,71,24
42496,0:2:2;0:3:2;0:4:3;1:3:2,2,4,1,1,1,0,1,1,1,1,1,5,10,2
42497,0:2:2;0:3:2;0:4:3;1:3:2,2,5,1,1,1,0,1,1,1,1,1,5,10,2
42498,0:2:2;0:3:2;0:4:3;1:3:2,3,0,0,0,0,1,0,0,0,0,0,0,20,24
42499,0:2:2;0:3:2;0:4:3;1:3:2,3,1,0,0,0,1,0,0,0,0,0,0,34,24
42500,0:2:2;0:3:2;0:4:3;1:3:2,3,2,0,0,0,1,0,0,0,0,0,0,52,24
42501,0:2:2;0:3:2;0:4:3;1:3:2,3,3,0,0,0,1,0,0,0,0,0,0,71,24
42502,0:2:2;0:3:2;0:4:3;1:3:2,3,4,1,1,1,0,1,1,1,1,1,5,10,2
42503,0:2:2;0:3:2;0:4:3;1:3:2,3,5,1,1,1,0,1,1,1,1,1,5,10,2
42504,0:2:2;0:3:2;0:4:3;1:3:2,4,0,0,0,0,1,0,0,0,0,0,0,20,24
42505,0:2:2;0:3:2;0:4:3;1:3:2,4,1,0,0,0,1,0,0,0,0,0,0,34,24
42506,0:2:2;0:3:2;0:4:3;1:3:2,4,2,0,0,0,1,0,0,0,0,0,0,52,24
42507,0:2:2;0:3:2;0:4:3;1:3:2,4,3,0,0,0,1,0,0,0,0,0,0,71,24
42508,0:2:2;0:3:2;0:4:3;1:3:2,4,4,1,1,1,0,1,1,1,1,1,5,10,2
42509,0:2:2;0:3:2;0:4:3;1:3:2,4,5,1,1,1,0,1,1,1,1,1,5,10,2
42510,0:2:2;0:3:2;0:4:3;1:3:2,5,0,0,0,0,1,0,0,0,0,0,0,20,24
42511,0:2:2;0:3:2;0:4:3;1:3:2,5,1,0,0,0,1,0,0,0,0,0,0,34,24
42512,0:2:2;0:3:2;0:4:3;1:3:2,5,2,0,0,0,1,0,0,0,0,0,0,52,24
42513,0:2:2;0:3:2;0:4:3;1:3:2,5,3,0,0,0,1,0,0,0,0,0,0,71,24
42514,0:2:2;0:3:2;0:4:3;1:3:2,5,4,1,1,1,0,1,1,1,1,1,5,10,2
42515,0:2:2;0:3:2;0:4:3;1:3:2,5,5,1,1,1,0,1,1,1,1,1,5,10,2
42516,0:2:2;0:3:2;0:4:3;1:3:3,0,0,0,0,0,1,0,0,0,0,0,0,1,24
42517,0:2:2;0:3:2;0:4:3;1:3:3,0,1,0,0,0,1,0,0,0,0,0,0,4,24
42518,0:2:2;0:3:2;0:4:3;1:3:3,0,2,0,0,0,1,0,0,0,0,0,0,23,24
42519,0:2:2;0:3:2;0:4:3;1:3:3,0,3,0,0,0,1,0,0,0,0,0,0,49,24
42520,0:2:2;0:3:2;0:4:3;1:3:3,0,4,1,1,0,0,1,1,1,1,1,5,11,2
42521,0:2:2;0:3:2;0:4:3;1:3:3,0,5,1,1,1,0,1,1,1,1,1,5,11,2
42522,0:2:2;0:3:2;0:4:3;1:3:3,1,0,0,0,0,1,0,0,0,0,0,0,2,24
42523,0:2:2;0:3:2;0:4:3;1:3:3,1,1,0,0,0,1,0,0,0,0,0,0,8,24
42524,0:2:2;0:3:2;0:4:3;1:3:3,1,2,0,0,0,1,0,0,0,0,0,0,38,24
42525,0:2:2;0:3:2;0:4:3;1:3:3,1,3,0,0,0,1,0,0,0,0,0,0,66,24
42526,0:2:2;0:3:2;0:4:3;1:3:3,1,4,1,1,1,0,1,1,1,1,1,5,11,2
42527,0:2:2;0:3:2;0:4:3;1:3:3,1,5,1,1,1,0,1,1,1,1,1,5,11,2
42528,0:2:2;0:3:2;0:4:3;1:3:3,2,0,0,0,0,1,0,0,0,0,0,0,3,24
42529,0:2:2;0:3:2;0:4:3;1:3:3,2,1,0,0,0,1,0,0,0,0,0,0,12,24
42530,0:2:2;0:3:2;0:4:3;1:3:3,2,2,0,0,0,1,0,0,0,0,0,0,46,24
42531,0:2:2;0:3:2;0:4:3;1:3:3,2,3,0,0,0,1,0,0,0,0,0,0,77,24
42532,0:2:2;0:3:2;0:4:3;1:3:3,2,4,1,1,1,0,1,1,1,1,1,5,11,2
42533,0:2:2;0:3:2;0:4:3;1:3:3,2,5,1,1,1,0,1,1,1,1,1,5,11,2
42534,0:2:2;0:3:2;0:4:3;1:3:3,3,0,0,0,0,1,0,0,0,0,0,0,21,24
42535,0:2:2;0:3:2;0:4:3;1:3:3,3,1,0,0,0,1,0,0,0,0,0,0,38,24
42536,0:2:2;0:3:2;0:4:3;1:3:3,3,2,0,0,0,1,0,0,0,0,0,0,62,24
42537,0:2:2;0:3:2;0:4:3;1:3:3,3,3,0,0,0,1,0,0,0,0,0,0,89,24
42538,0:2:2;0:3:2;0:4:3;1:3:3,3,4,1,1,1,0,1,1,1,1,1,5,11,2
42539,0:2:2;0:3:2;0:4:3;1:3:3,3,5,1,1,1,0,1,1,1,1,1,5,11,2
42540,0:2:2;0:3:2;0:4:3;1:3:3,4,0,0,0,0,1,0,0,0,0,0,0,21,24
42541,0:2:2;0:3:2;0:4:3;1:3:3,4,1,0,0,0,1,0,0,0,0,0,0,38,24
42542,0:2:2;0:3:2;0:4:3;1:3:3,4,2,0,0,0,1,0,0,0,0,0,0,62,24
42543,0:2:2;0:3:2;0:4:3;1:3:3,4,3,0,0,0,1,0,0,0,0,0,0,89,24
42544,0:2:2;0:3:2;0:4:3;1:3:3,4,4,1,1,1,0,1,1,1,1,1,5,11,2
42545,0:2:2;0:3:2;0:4:3;1:3:3,4,5,1,1,1,0,1,1,1,1,1,5,11,2
42546,0:2:2;0:3:2;0:4:3;1:3:3,5,0,0,0,0,1,0,0,0,0,0,0,21,24
42547,0:2:2;0:3:2;0:4:3;1:3:3,5,1,0,0,0,1,0,0,0,0,0,0,38,24
42548,0:2:2;0:3:2;0:4:3;1:3:3,5,2,0,0,0,1,0,0,0,0,0,0,62,24
42549,0:2:2;0:3:2;0:4:3;1:3:3,5,3,0,0,0,1,0,0,0,0,0,0,89,24
42550,0:2:2;0:3:2;0:4:3;1:3:3,5,4,1,1,1,0,1,1,1,1,1,5,11,2
42551,0:2:2;0:3:2;0:4:3;1:3:3,5,5,1,1,1,0,1,1,1,1,1,5,11,2
42552,0:2:2;0:3:2;0:4:3;1:4:3,0,0,0,0,0,1,0,0,0,0,0,0,1,24
42553,0:2:2;0:3:2;0:4:3;1:4:3,0,1,0,0,0,1,0,0,0,0,0,0,4,24
42554,0:2:2;0:3:2;0:4:3;1:4:3,0,2,0,0,0,1,0,0,0,0,0,0,25,24
42555,0:2:2;0:3:2;0:4:3;1:4:3,0,3,1,1,0,1,0,0,1,1,1,6,20,11
42556,0:2:2;0:3:2;0:4:3;1:4:3,0,4,1,1,0,0,1,1,1,1,1,5,11,2
42557,0:2:2;0:3:2;0:4:3;1:4:3,0,5,1,1,1,0,1,1,1,1,1,5,11,2
42558,0:2:2;0:3:2;0:4:3;1:4:3,1,0,0,0,0,1,0,0,0,0,0,0,2,24
42559,0:2:2;0:3:2;0:4:3;1:4:3,1,1,0,0,0,1,0,0,0,0,0,0,8,24
42560,0:2:2;0:3:2;0:4:3;1:4:3,1,2,0,0,0,1,0,0,0,0,0,0,41,24
42561,0:2:2;0:3:2;0:4:3;1:4:3,1,3,1,1,0,0,1,1,1,1,1,5,11,5
42562,0:2:2;0:3:2;0:4:3;1:4:3,1,4,1,1,1,0,1,1,1,1,1,5,11,2
42563,0:2:2;0:3:2;0:4:3;1:4:3,1,5,1,1,1,0,1,1,1,1,1,5,11,2
42564,0:2:2;0:3:2;0:4:3;1:4:3,2,0,0,0,0,1,0,0,0,0,0,0,3,24
42565,0:2:2;0:3:2;0:4:3;1:4:3,2,1,0,0,0,1,0,0,0,0,0,0,12,24
42566,0:2:2;0:3:2;0:4:3;1:4:3,2,2,0,0,0,1,0,0,0,0,0,0,49,24
42567,0:2:2;0:3:2;0:4:3;1:4:3,2,3,1,1,1,0,1,1,1,1,1,5,11,5
42568,0:2:2;0:3:2;0:4:3;1:4:3,2,4,1,1,1,0,1,1,1,1,1,5,11,2
42569,0:2:2;0:3:2;0:4:3;1:4:3,2,5,1,1,1,0,1,1,1,1,1,5,11,2
42570,0:2:2;0:3:2;0:4:3;1:4:3,3,0,0,0,0,1,0,0,0,0,0,0,29,24
42571,0:2:2;0:3:2;0:4:3;1:4:3,3,1,0,0,0,1,0,0,0,0,0,0,44,24
42572,0:2:2;0:3:2;0:4:3;1:4:3,3,2,0,0,0,1,0,0,0,0,0,0,65,24
42573,0:2:2;0:3:2;0:4:3;1:4:3,3,3,1,1,1,0,1,1,1,1,1,5,11,5
42574,0:2:2;0:3:2;0:4:3;1:4:3,3,4,1,1,1,0,1,1,1,1,1,5,11,2
42575,0:2:2;0:3:2;0:4:3;1:4:3,3,5,1,1,1,0,1,1,1,1,1,5,11,2
42576,0:2:2;0:3:2;0:4:3;1:4:3,4,0,0,0,0,1,0,0,0,0,0,0,29,24
42577,0:2:2;0:3:2;0:4:3;1:4:3,4,1,0,0,0,1,0,0,0,0,0,0,44,24
42578,0:2:2;0:3:2;0:4:3;1:4:3,4,2,0,0,0,1,0,0,0,0,0,0,65,24
42579,0:2:2;0:3:2;0:4:3;1:4:3,4,3,1,1,1,0,1,1,1,1,1,5,11,5
42580,0:2:2;0:3:2;0:4:3;1:4:3,4,4,1,1,1,0,1,1,1,1,1,5,11,2
42581,0:2:2;0:3:2;0:4:3;1:4:3,4,5,1,1,1,0,1,1,1,1,1,5,11,2
42582,0:2:2;0:3:2;0:4:3;1:4:3,5,0,0,0,0,1,0,0,0,0,0,0,29,24
42583,0:2:2;0:3:2;0:4:3;1:4:3,5,1,0,0,0,1,0,0,0,0,0,0,44,24
42584,0:2:2;0:3:2;0:4:3;1:4:3,5,2,0,0,0,1,0,0,0,0,0,0,65,24
42585,0:2:2;0:3:2;0:4:3;1:4:3,5,3,1,1,1,0,1,1,1,1,1,5,11,5
42586,0:2:2;0:3:2;0:4:3;1:4:3,5,4,1,1,1,0,1,1,1,1,1,5,11,2
42587,0:2:2;0:3:2;0:4:3;1:4:3,5,5,1,1,1,0,1,1,1,1,1,5,11,2
42588,0:2:2;0:3:2;1:1:1;1:1:1,0,0,0,0,0,1,0,0,0,0,0,0,1,24
42589,0:2:2;0:3:2;1:1:1;1:1:1,0,1,0,0,0,1,0,0,0,0,0,0,3,24
42590,0:2:2;0:3:2;1:1:1;1:1:1,0,2,1,1,1,0,1,1,1,1,1,5,7,4
42591,0:2:2;0:3:2;1:1:1;1:1:1,0,3,1,1,1,0,1,1,1,1,1,5,7,3
42592,0:2:2;0:3:2;1:1:1;1:1:1,0,4,1,1,1,0,1,1,1,1,1,5,7,1
42593,0:2:2;0:3:2;1:1:1;1:1:1,0,5,1,1,1,0,1,1,1,1,1,5,7,1
42594,0:2:2;0:3:2;1:1:1;1:1:1,1,0,0,0,0,1,0,0,0,0,0,0,7,24
42595,0:2:2;0:3:2;1:1:1;1:1:1,1,1,0,0,0,1,0,0,0,0,0,0,19,24
42596,0:2:2;0:3:2;1:1:1;1:1:1,1,2,1,1,1,0,1,1,1,1,1,5,7,4
42597,0:2:2;0:3:2;1:1:1;1:1:1,1,3,1,1,1,0,1,1,1,1,1,5,7,3
42598,0:2:2;0:3:2;1:1:1;1:1:1,1,4,1,1,1,0,1,1,1,1,1,5,7,1
42599,0:2:2;0:3:2;1:1:1;1:1:1,1,5,1,1,1,0,1,1,1,1,1,5,7,1
42600,0:2:2;0:3:2;1:1:1;1:1:1,2,0,0,0,0,1,0,0,0,0,0,0,13,24
42601,0:2:2;0:3:2;1:1:1;1:1:1,2,1,0,0,0,1,0,0,0,0,0,0,23,24
42602,0:2:2;0:3:2;1:1:1;1:1:1,2,2,1,1,1,0,1,1,1,1,1,5,7,4
42603,0:2:2;0:3:2;1:1:1;1:1:1,2,3,1,1,1,0,1,1,1,1,1,5,7,3
42604,0:2:2;0:3:2;1:1:1;1:1:1,2,4,1,1,1,0,1,1,1,1,1,5,7,1
42605,0:2:2;0:3:2;1:1:1;1:1:1,2,5,1,1,1,0,1,1,1,1,1,5,7,1
42606,0:2:2;0:3:2;1:1:1;1:1:1,3,0,0,0,0,1,0,0,0,0,0,0,13,24
42607,0:2:2;0:3:2;1:1:1;1:1:1,3,1,0,0,0,1,0,0,0,0,0,0,23,24
42608,0:2:2;0:3:2;1:1:1;1:1:1,3,2,1,1,1,0,1,1,1,1,1,5,7,4
42609,0:2:2;0:3:2;1:1:1;1:1:1,3,3,1,1,1,0,1,1,1,1,1,5,7,3
42610,0:2:2;0:3:2;1:1:1;1:1:1,3,4,1,1,1,0,1,1,1,1,1,5,7,1
42611,0:2:2;0:3:2;1:1:1;1:1:1,3,5,1,1,1,0,1,1,1,1,1,5,7,1
42612,0:2:2;0:3:2;1:1:1;1:1:1,4,0,0,0,0,1,0,0,0,0,0,0,13,24
42613,0:2:2;0:3:2;1:1:1;1:1:1,4,1,0,0,0,1,0,0,0,0,0,0,23,24
42614,0:2:2;0:3:2;1:1:1;1:1:1,4,2,1,1,1,0,1,1,1,1,1,5,7,4
42615,0:2:2;0:3:2;1:1:1;1:1:1,4,3,1,1,1,0,1,1,1,1,1,5,7,3
42616,0:2:2;0:3:2;1:1:1;1:1:1,4,4,1,1,1,0,1,1,1,1,1,5,7,1
42617,0:2:2;0:3:2;1:1:1;1:1:1,4,5,1,1,1,0,1,1,1,1,1,5,7,1
42618,0:2:2;0:3:2;1:1:1;1:1:1,5,0,0,0,0,1,0,0,0,0,0,0,13,24
42619,0:2:2;0:3:2;1:1:1;1:1:1,5,1,0,0,0,1,0,0,0,0,0,0,23,24
42620,0:2:2;0:3:2;1:1:1;1:1:1,5,2,1,1,1,0,1,1,1,1,1,5,7,4
42621,0:2:2;0:3:2;1:1:1;1:1:1,5,3,1,1,1,0,1,1,1,1,1,5,7,3
42622,0:2:2;0:3:2;1:1:1;1:1:1,5,4,1,1,1,0,1,1,1,1,1,5,7,1
42623,0:2:2;0:3:2;1:1:1;1:1:1,5,5,1,1,1,0,1,1,1,1,1,5,7,1
42624,0:2:2;0:3:2;1:1:1;1:2:1,0,0,0,0,0,1,0,0,0,0,0,0,1,24
42625,0:2:2;0:3:2;1:1:1;1:2:1,0,1,1,0,0,1,0,0,0,0,0,1,3,24
42626,0:2:2;0:3:2;1:1:1;1:2:1,0,2,1,1,1,0,1,1,1,1,1,5,7,4
42627,0:2:2;0:3:2;1:1:1;1:2:1,0,3,1,1,1,0,1,1,1,1,1,5,7,3
42628,0:2:2;0:3:2;1:1:1;1:2:1,0,4,1,1,1,0,1,1,1,1,1,5,7,1
42629,0:2:2;0:3:2;1:1:1;1:2:1,0,5,1,1,1,0,1,1,1,1,1,5,7,1
42630,0:2:2;0:3:2;1:1:1;1:2:1,1,0,0,0,0,1,0,0,0,0,0,0,14,24
42631,0:2:2;0:3:2;1:1:1;1:2:1,1,1,1,1,1,0,1,1,1,1,1,5,7,14
42632,0:2:2;0:3:2;1:1:1;1:2:1,1,2,1,1,1,0,1,1,1,1,1,5,7,4
42633,0:2:2;0:3:2;1:1:1;1:2:1,1,3,1,1,1,0,1,1,1,1,1,5,7,3
42634,0:2:2;0:3:2;1:1:1;1:2:1,1,4,1,1,1,0,1,1,1,1,1,5,7,1
42635,0:2:2;0:3:2;1:1:1;1:2:1,1,5,1,1,1,0,1,1,1,1,1,5,7,1
42636,0:2:2;0:3:2;1:1:1;1:2:1,2,0,0,0,0,1,0,0,0,0,0,0,18,24
42637,0:2:2;0:3:2;1:1:1;1:2:1,2,1,1,1,1,0,1,1,1,1,1,5,7,14
42638,0:2:2;0:3:2;1:1:1;1:2:1,2,2,1,1,1,0,1,1,1,1,1,5,7,4
42639,0:2:2;0:3:2;1:1:1;1:2:1,2,3,1,1,1,0,1,1,1,1,1,5,7,3
42640,0:2:2;0:3:2;1:1:1;1:2:1,2,4,1,1,1,0,1,1,1,1,1,5,7,1
42641,0:2:2;0:3:2;1:1:1;1:2:1,2,5,1,1,1,0,1,1,1,1,1,5,7,1
42642,0:2:2;0:3:2;1:1:1;1:2:1,3,0,0,0,0,1,0,0,0,0,0,0,18,24
42643,0:2:2;0:3:2;1:1:1;1:2:1,3,1,1,1,1,0,1,1,1,1,1,5,7,14
42644,0:2:2;0:3:2;1:1:1;1:2:1,3,2,1,1,1,0,1,1,1,1,1,5,7,4
42645,0:2:2;0:3:2;1:1:1;1:2:1,3,3,1,1,1,0,1,1,1,1,1,5,7,3
42646,0:2:2;0:3:2;1:1:1;1:2:1,3,4,1,1,1,0,1,1,1,1,1,5,7,1
42647,0:2:2;0:3:2;1:1:1;1:2:1,3,5,1,1,1,0,1,1,1,1,1,5,7,1
42648,0:2:2;0:3:2;1:1:1;1:2:1,4,0,0,0,0,1,0,0,0,0,0,0,18,24
42649,0:2:2;0:3:2;1:1:1;1:2:1,4,1,1,1,1,0,1,1,1,1,1,5,7,14
42650,0:2:2;0:3:2;1:1:1;1:2:1,4,2,1,1,1,0,1,1,1,1,1,5,7,4
42651,0:2:2;0:3:2;1:1:1;1:2:1,4,3,1,1,1,0,1,1,1,1,1,5,7,3
42652,0:2:2;0:3:2;1:1:1;1:2:1,4,4,1,1,1,0,1,1,1,1,1,5,7,1
42653,0:2:2;0:3:2;1:1:1;1:2:1,4,5,1,1,1,0,1,1,1,1,1,5,7,1
42654,0:2:2;0:3:2;1:1:1;1:2:1,5,0,0,0,0,1,0,0,0,0,0,0,18,24
42655,0:2:2;0:3:2;1:1:1;1:2:1,5,1,1,1,1,0,1,1,1,1,1,5,7,14
42656,0:2:2;0:3:2;1:1:1;1:2:1,5,2,1,1,1,0,1,1,1,1,1,5,7,4
42657,0:2:2;0:3:2;1:1:1;1:2:1,5,3,1,1,1,0,1,1,1,1,1,5,7,3
42658,0:2:2;0:3:2;1:1:1;1:2:1,5,4,1,1,1,0,1,1,1,1,1,5,7,1
42659,0:2:2;0:3:2;1:1:1;1:2:1,5,5,1,1,1,0,1,1,1,1,1,5,7,1
42660,0:2:2;0:3:2;1:1:1;1:2:2,0,0,0,0,0,1,0,0,0,0,0,0,1,24
42661,0:2:2;0:3:2;1:1:1;1:2:2,0,1,1,0,0,1,0,0,0,0,0,1,3,24
42662,0:2:2;0:3:2;1:1:1;1:2:2,0,2,1,1,0,1,0,0,1,1,1,6,12,5
42663,0:2:2;0:3:2;1:1:1;1:2:2,0,3,1,1,1,0,1,1,1,1,1,5,8,3
42664,0:2:2;0:3:2;1:1:1;1:2:2,0,4,1,1,1,0,1,1,1,1,1,5,8,1
42665,0:2:2;0:3:2;1:1:1;1:2:2,0,5,1,1,1,0,1,1,1,1,1,5,8,1
42666,0:2:2;0:3:2;1:1:1;1:2:2,1,0,0,0,0,1,0,0,0,0,0,0,5,24
42667,0:2:2;0:3:2;1:1:1;1:2:2,1,1,1,1,0,0,1,1,1,1,1,5,8,14
42668,0:2:2;0:3:2;1:1:1;1:2:2,1,2,1,1,1,0,1,1,1,1,1,5,8,4
42669,0:2:2;0:3:2;1:1:1;1:2:2,1,3,1,1,1,0,1,1,1,1,1,5,8,3
42670,0:2:2;0:3:2;1:1:1;1:2:2,1,4,1,1,1,0,1,1,1,1,1,5,8,1
42671,0:2:2;0:3:2;1:1:1;1:2:2,1,5,1,1,1,0,1,1,1,1,1,5,8,1
42672,0:2:2;0:3:2;1:1:1;1:2:2,2,0,0,0,0,1,0,0,0,0,0,0,18,24
42673,0:2:2;0:3:2;1:1:1;1:2:2,2,1,1,1,1,0,1,1,1,1,1,5,8,14
42674,0:2:2;0:3:2;1:1:1;1:2:2,2,2,1,1,1,0,1,1,1,1,1,5,8,4
42675,0:2:2;0:3:2;1:1:1;1:2:2,2,3,1,1,1,0,1,1,1,1,1,5,8,3
42676,0:2:2;0:3:2;1:1:1;1:2:2,2,4,1,1,1,0,1,1,1,1,1,5,8,1
42677,0:2:2;0:3:2;1:1:1;1:2:2,2,5,1,1,1,0,1,1,1,1,1,5,8,1
42678,0:2:2;0:3:2;1:1:1;1:2:2,3,0,0,0,0,1,0,0,0,0,0,0,22,24
42679,0:2:2;0:3:2;1:1:1;1:2:2,3,1,1,1,1,0,1,1,1,1,1,5,8,14
42680,0:2:2;0:3:2;1:1:1;1:2:2,3,2,1,1,1,0,1,1,1,1,1,5,8,4
42681,0:2:2;0:3:2;1:1:1;1:2:2,3,3,1,1,1,0,1,1,1,1,1,5,8,3
42682,0:2:2;0:3:2;1:1:1;1:2:2,3,4,1,1,1,0,1,1,1,1,1,5,8,1
42683,0:2:2;0:3:2;1:1:1;1:2:2,3,5,1,1,1,0,1,1,1,1,1,5,8,1
42684,0:2:2;0:3:2;1:1:1;1:2:2,4,0,0,0,0,1,0,0,0,0,0,0,22,24
42685,0:2:2;0:3:2;1:1:1;1:2:2,4,1,1,1,1,0,1,1,1,1,1,5,8,14
42686,0:2:2;0:3:2;1:1:1;1:2:2,4,2,1,1,1,0,1,1,1,1,1,5,8,4
42687,0:2:2;0:3:2;1:1:1;1:2:2,4,3,1,1,1,0,1,1,1,1,1,5,8,3
42688,0:2:2;0:3:2;1:1:1;1:2:2,4,4,1,1,1,0,1,1,1,1,1,5,8,1
42689,0:2:2;0:3:2;1:1:1;1:2:2,4,5,1,1,1,0,1,1,1,1,1,5,8,1
42690,0:2:2;0:3:2;1:1:1;1:2:2,5,0,0,0,0,1,0,0,0,0,0,0,22,24
42691,0:2:2;0:3:2;1:1:1;1:2:2,5,1,1,1,1,0,1,1,1,1,1,5,8,14
42692,0:2:2;0:3:2;1:1:1;1:2:2,5,2,1,1,1,0,1,1,1,1,1,5,8,4
42693,0:2:2;0:3:2;1:1:1;1:2:2,5,3,1,1,1,0,1,1,1,1,1,5,8,3
42694,0:2:2;0:3:2;1:1:1;1:2:2,5,4,1,1,1,0,1,1,1,1,1,5,8,1
42695,0:2:2;0:3:2;1:1:1;1:2:2,5,5,1,1,1,0,1,1,1,1,1,5,8,1
42696,0:2:2;0:3:2;1:1:1;1:3:2,0,0,1,0,0,1,0,0,0,0,0,1,1,24
42697,0:2:2;0:3:2;1:1:1;1:3:2,0,1,1,0,0,1,0,0,0,0,0,1,3,24
42698,0:2:2;0:3:2;1:1:1;1:3:2,0,2,1,1,0,1,0,0,1,1,1,6,12,5
42699,0:2:2;0:3:2;1:1:1;1:3:2,0,3,1,1,1,0,1,1,1,1,1,5,8,3
42700,0:2:2;0:3:2;1:1:1;1:3:2,0,4,1,1,1,0,1,1,1,1,1,5,8,1
42701,0:2:2;0:3:2;1:1:1;1:3:2,0,5,1,1,1,0,1,1,1,1,1,5,8,1
42702,0:2:2;0:3:2;1:1:1;1:3:2,1,0,1,0,0,1,0,0,0,0,0,2,5,24
42703,0:2:2;0:3:2;1:1:1;1:3:2,1,1,1,1,0,0,1,1,1,1,1,5,8,14
42704,0:2:2;0:3:2;1:1:1;1:3:2,1,2,1,1,1,0,1,1,1,1,1,5,8,4
42705,0:2:2;0:3:2;1:1:1;1:3:2,1,3,1,1,1,0,1,1,1,1,1,5,8,3
42706,0:2:2;0:3:2;1:1:1;1:3:2,1,4,1,1,1,0,1,1,1,1,1,5,8,1
42707,0:2:2;0:3:2;1:1:1;1:3:2,1,5,1,1,1,0,1,1,1,1,1,5,8,1
42708,0:2:2;0:3:2;1:1:1;1:3:2,2,0,1,1,0,1,0,0,1,1,1,6,14,20
42709,0:2:2;0:3:2;1:1:1;1:3:2,2,1,1,1,1,0,1,1,1,1,1,5,8,14
42710,0:2:2;0:3:2;1:1:1;1:3:2,2,2,1,1,1,0,1,1,1,1,1,5,8,4
42711,0:2:2;0:3:2;1:1:1;1:3:2,2,3,1,1,1,0,1,1,1,1,1,5,8,3
42712,0:2:2;0:3:2;1:1:1;1:3:2,2,4,1,1,1,0,1,1,1,1,1,5,8,1
42713,0:2:2;0:3:2;1:1:1;1:3:2,2,5,1,1,1,0,1,1,1,1,1,5,8,1
42714,0:2:2;0:3:2;1:1:1;1:3:2,3,0,1,1,1,0,1,1,1,1,1,5,8,17
42715,0:2:2;0:3:2;1:1:1;1:3:2,3,1,1,1,1,0,1,1,1,1,1,5,8,14
42716,0:2:2;0:3:2;1:1:1;1:3:2,3,2,1,1,1,0,1,1,1,1,1,5,8,4
42717,0:2:2;0:3:2;1:1:1;1:3:2,3,3,1,1,1,0,1,1,1,1,1,5,8,3
42718,0:2:2;0:3:2;1:1:1;1:3:2,3,4,1,1,1,0,1,1,1,1,1,5,8,1
42719,0:2:2;0:3:2;1:1:1;1:3:2,3,5,1,1,1,0,1,1,1,1,1,5,8,1
42720,0:2:2;0:3:2;1:1:1;1:3:2,4,0,1,1,1,0,1,1,1,1,1,5,8,17
42721,0:2:2;0:3:2;1:1:1;1:3:2,4,1,1,1,1,0,1,1,1,1,1,5,8,14
42722,0:2:2;0:3:2;1:1:1;1:3:2,4,2,1,1,1,0,1,1,1,1,1,5,8,4
42723,0:2:2;0:3:2;1:1:1;1:3:2,4,3,1,1,1,0,1,1,1,1,1,5,8,3
42724,0:2:2;0:3:2;1:1:1;1:3:2,4,4,1,1,1,0,1,1,1,1,1,5,8,1
42725,0:2:2;0:3:2;1:1:1;1:3:2,4,5,1,1,1,0,1,1,1,1,1,5,8,1
42726,0:2:2;0:3:2;1:1:1;1:3:2,5,0,1,1,1,0,1,1,1,1,1,5,8,17
42727,0:2:2;0:3:2;1:1:1;1:3:2,5,1,1,1,1,0,1,1,1,1,1,5,8,14
42728,0:2:2;0:3:2;1:1:1;1:3:2,5,2,1,1,1,0,1,1,1,1,1,5,8,4
42729,0:2:2;0:3:2;1:1:1;1:3:2,5,3,1,1,1,0,1,1,1,1,1,5,8,3
42730,0:2:2;0:3:2;1:1:1;1:3:2,5,4,1,1,1,0,1,1,1,1,1,5,8,1
42731,0:2:2;0:3:2;1:1:1;1:3:2,5,5,1,1,1,0,1,1,1,1,1,5,8,1
42732,0:2:2;0:3:2;1:1:1;1:3:3,0,0,1,0,0,1,0,0,0,0,0,1,1,24
42733,0:2:2;0:3:2;1:1:1;1:3:3,0,1,1,0,0,1,0,0,0,0,0,1,3,24
42734,0:2:2;0:3:2;1:1:1;1:3:3,0,2,1,1,0,1,0,0,0,0,1,8,24,11
42735,0:2:2;0:3:2;1:1:1;1:3:3,0,3,1,1,0,0,1,1,1,1,1,5,9,3
42736,0:2:2;0:3:2;1:1:1;1:3:3,0,4,1,1,1,0,1,1,1,1,1,5,9,1
42737,0:2:2;0:3:2;1:1:1;1:3:3,0,5,1,1,1,0,1,1,1,1,1,5,9,1
42738,0:2:2;0:3:2;1:1:1;1:3:3,1,0,1,0,0,1,0,0,0,0,0,2,5,24
42739,0:2:2;0:3:2;1:1:1;1:3:3,1,1,1,1,0,1,0,0,0,1,1,6,16,16
42740,0:2:2;0:3:2;1:1:1;1:3:3,1,2,1,1,0,1,0,0,1,1,1,6,15,5
42741,0:2:2;0:3:2;1:1:1;1:3:3,1,3,1,1,1,0,1,1,1,1,1,5,9,3
42742,0:2:2;0:3:2;1:1:1;1:3:3,1,4,1,1,1,0,1,1,1,1,1,5,9,1
42743,0:2:2;0:3:2;1:1:1;1:3:3,1,5,1,1,1,0,1,1,1,1,1,5,9,1
42744,0:2:2;0:3:2;1:1:1;1:3:3,2,0,1,0,0,1,0,0,0,0,0,2,9,24
42745,0:2:2;0:3:2;1:1:1;1:3:3,2,1,1,1,0,0,1,1,1,1,1,5,9,14
42746,0:2:2;0:3:2;1:1:1;1:3:3,2,2,1,1,1,0,1,1,1,1,1,5,9,4
42747,0:2:2;0:3:2;1:1:1;1:3:3,2,3,1,1,1,0,1,1,1,1,1,5,9,3
42748,0:2:2;0:3:2;1:1:1;1:3:3,2,4,1,1,1,0,1,1,1,1,1,5,9,1
42749,0:2:2;0:3:2;1:1:1;1:3:3,2,5,1,1,1,0,1,1,1,1,1,5,9,1
42750,0:2:2;0:3:2;1:1:1;1:3:3,3,0,1,1,0,1,0,0,1,0,1,6,18,20
42751,0:2:2;0:3:2;1:1:1;1:3:3,3,1,1,1,1,0,1,1,1,1,1,5,9,14
42752,0:2:2;0:3:2;1:1:1;1:3:3,3,2,1,1,1,0,1,1,1,1,1,5,9,4
42753,0:2:2;0:3:2;1:1:1;1:3:3,3,3,1,1,1,0,1,1,1,1,1,5,9,3
42754,0:2:2;0:3:2;1:1:1;1:3:3,3,4,1,1,1,0,1,1,1,1,1,5,9,1
42755,0:2:2;0:3:2;1:1:1;1:3:3,3,5,1,1,1,0,1,1,1,1,1,5,9,1
42756,0:2:2;0:3:2;1:1:1;1:3:3,4,0,1,1,1,0,1,1,1,1,1,5,9,17
42757,0:2:2;0:3:2;1:1:1;1:3:3,4,1,1,1,1,0,1,1,1,1,1,5,9,14
42758,0:2:2;0:3:2;1:1:1;1:3:3,4,2,1,1,1,0,1,1,1,1,1,5,9,4
42759,0:2:2;0:3:2;1:1:1;1:3:3,4,3,1,1,1,0,1,1,1,1,1,5,9,3
42760,0:2:2;0:3:2;1:1:1;1:3:3,4,4,1,1,1,0,1,1,1,1,1,5,9,1
42761,0:2:2;0:3:2;1:1:1;1:3:3,4,5,1,1,1,0,1,1,1,1,1,5,9,1
42762,0:2:2;0:3:2;1:1:1;1:3:3,5,0,1,1,1,0,1,1,1,1,1,5,9,17
42763,0:2:2;0:3:2;1:1:1;1:3:3,5,1,1,1,1,0,1,1,1,1,1,5,9,14
42764,0:2:2;0:3:2;1:1:1;1:3:3,5,2,1,1,1,0,1,1,1,1,1,5,9,4
42765,0:2:2;0:3:2;1:1:1;1:3:3,5,3,1,1,1,0,1,1,1,1,1,5,9,3
42766,0:2:2;0:3:2;1:1:1;1:3:3,5,4,1,1,1,0,1,1,1,1,1,5,9,1
42767,0:2:2;0:3:2;1:1:1;1:3:3,5,5,1,1,1,0,1,1,1,1,1,5,9,1
42768,0:2:2;0:3:2;1:1:1;1:4:3,0,0,1,0,0,1,0,0,0,0,0,1,1,24
42769,0:2:2;0:3:2;1:1:1;1:4:3,0,1,1,0,0,1,0,0,0,0,0,1,3,24
42770,0:2:2;0:3:2;1:1:1;1:4:3,0,2,1,1,0,1,0,0,0,1,1,8,24,11
42771,0:2:2;0:3:2;1:1:1;1:4:3,0,3,1,1,0,0,1,1,1,1,1,5,9,3
42772,0:2:2;0:3:2;1:1:1;1:4:3,0,4,1,1,1,0,1,1,1,1,1,5,9,1
42773,0:2:2;0:3:2;1:1:1;1:4:3,0,5,1,1,1,0,1,1,1,1,1,5,9,1
42774,0:2:2;0:3:2;1:1:1;1:4:3,1,0,1,0,0,1,0,0,0,0,0,2,5,24
42775,0:2:2;0:3:2;1:1:1;1:4:3,1,1,1,1,0,1,0,0,0,1,1,6,16,16
42776,0:2:2;0:3:2;1:1:1;1:4:3,1,2,1,1,0,1,0,0,1,1,1,6,15,5
42777,0:2:2;0:3:2;1:1:1;1:4:3,1,3,1,1,1,0,1,1,1,1,1,5,9,3
42778,0:2:2;0:3:2;1:1:1;1:4:3,1,4,1,1,1,0,1,1,1,1,1,5,9,1
42779,0:2:2;0:3:2;1:1:1;1:4:3,1,5,1,1,1,0,1,1,1,1,1,5,9,1
42780,0:2:2;0:3:2;1:1:1;1:4:3,2,0,1,0,0,1,0,0,0,0,0,2,9,24
42781,0:2:2;0:3:2;1:1:1;1:4:3,2,1,1,1,0,0,1,1,1,1,1,5,9,14
42782,0:2:2;0:3:2;1:1:1;1:4:3,2,2,1,1,1,0,1,1,1,1,1,5,9,4
42783,0:2:2;0:3:2;1:1:1;1:4:3,2,3,1,1,1,0,1,1,1,1,1,5,9,3
42784,0:2:2;0:3:2;1:1:1;1:4:3,2,4,1,1,1,0,1,1,1,1,1,5,9,1
42785,0:2:2;0:3:2;1:1:1;1:4:3,2,5,1,1,1,0,1,1,1,1,1,5,9,1
42786,0:2:2;0:3:2;1:1:1;1:4:3,3,0,1,1,0,1,0,0,1,1,1,6,18,19
42787,0:2:2;0:3:2;1:1:1;1:4:3,3,1,1,1,1,0,1,1,1,1,1,5,9,14
42788,0:2:2;0:3:2;1:1:1;1:4:3,3,2,1,1,1,0,1,1,1,1,1,5,9,4
42789,0:2:2;0:3:2;1:1:1;1:4:3,3,3,1,1,1,0,1,1,1,1,1,5,9,3
42790,0:2:2;0:3:2;1:1:1;1:4:3,3,4,1,1,1,0,1,1,1,1,1,5,9,1
42791,0:2:2;0:3:2;1:1:1;1:4:3,3,5,1,1,1,0,1,1,1,1,1,5,9,1
42792,0:2:2;0:3:2;1:1:1;1:4:3,4,0,1,1,1,0,1,1,1,1,1,5,9,17
42793,0:2:2;0:3:2;1:1:1;1:4:3,4,1,1,1,1,0,1,1,1,1,1,5,9,14
42794,0:2:2;0:3:2;1:1:1;1:4:3,4,2,1,1,1,0,1,1,1,1,1,5,9,4
42795,0:2:2;0:3:2;1:1:1;1:4:3,4,3,1,1,1,0,1,1,1,1,1,5,9,3
42796,0:2:2;0:3:2;1:1:1;1:4:3,4,4,1,1,1,0,1,1,1,1,1,5,9,1
42797,0:2:2;0:3:2;1:1:1;1:4:3,4,5,1,1,1,0,1,1,1,1,1,5,9,1
42798,0:2:2;0:3:2;1:1:1;1:4:3,5,0,1,1,1,0,1,1,1,1,1,5,9,17
42799,0:2:2;0:3:2;1:1:1;1:4:3,5,1,1,1,1,0,1,1,1,1,1,5,9,14
42800,0:2:2;0:3:2;1:1:1;1:4:3,5,2,1,1,1,0,1,1,1,1,1,5,9,4
42801,0:2:2;0:3:2;1:1:1;1:4:3,5,3,1,1,1,0,1,1,1,1,1,5,9,3
42802,0:2:2;0:3:2;1:1:1;1:4:3,5,4,1,1,1,0,1,1,1,1,1,5,9,1
42803,0:2:2;0:3:2;1:1:1;1:4:3,5,5,1,1,1,0,1,1,1,1,1,5,9,1
42804,0:2:2;0:3:2;1:2:1;1:2:1,0,0,1,0,0,1,0,0,0,0,0,1,1,24
42805,0:2:2;0:3:2;1:2:1;1:2:1,0,1,1,0,0,1,0,0,0,0,0,1,3,24
42806,0:2:2;0:3:2;1:2:1;1:2:1,0,2,1,1,1,0,1,1,1,1,1,5,7,3
42807,0:2:2;0:3:2;1:2:1;1:2:1,0,3,1,1,1,0,1,1,1,1,1,5,7,3
42808,0:2:2;0:3:2;1:2:1;1:2:1,0,4,1,1,1,0,1,1,1,1,1,5,7,1
42809,0:2:2;0:3:2;1:2:1;1:2:1,0,5,1,1,1,0,1,1,1,1,1,5,7,1
42810,0:2:2;0:3:2;1:2:1;1:2:1,1,0,1,1,0,0,1,1,1,1,1,5,7,14
42811,0:2:2;0:3:2;1:2:1;1:2:1,1,1,1,1,1,0,1,1,1,1,1,5,7,14
42812,0:2:2;0:3:2;1:2:1;1:2:1,1,2,1,1,1,0,1,1,1,1,1,5,7,3
42813,0:2:2;0:3:2;1:2:1;1:2:1,1,3,1,1,1,0,1,1,1,1,1,5,7,3
42814,0:2:2;0:3:2;1:2:1;1:2:1,1,4,1,1,1,0,1,1,1,1,1,5,7,1
42815,0:2:2;0:3:2;1:2:1;1:2:1,1,5,1,1,1,0,1,1,1,1,1,5,7,1
42816,0:2:2;0:3:2;1:2:1;1:2:1,2,0,1,1,1,0,1,1,1,1,1,5,7,14
42817,0:2:2;0:3:2;1:2:1;1:2:1,2,1,1,1,1,0,1,1,1,1,1,5,7,14
42818,0:2:2;0:3:2;1:2:1;1:2:1,2,2,1,1,1,0,1,1,1,1,1,5,7,3
42819,0:2:2;0:3:2;1:2:1;1:2:1,2,3,1,1,1,0,1,1,1,1,1,5,7,3
42820,0:2:2;0:3:2;1:2:1;1:2:1,2,4,1,1,1,0,1,1,1,1,1,5,7,1
42821,0:2:2;0:3:2;1:2:1;1:2:1,2,5,1,1,1,0,1,1,1,1,1,5,7,1
42822,0:2:2;0:3:2;1:2:1;1:2:1,3,0,1,1,1,0,1,1,1,1,1,5,7,14
42823,0:2:2;0:3:2;1:2:1;1:2:1,3,1,1,1,1,0,1,1,1,1,1,5,7,14
42824,0:2:2;0:3:2;1:2:1;1:2:1,3,2,1,1,1,0,1,1,1,1,1,5,7,3
42825,0:2:2;0:3:2;1:2:1;1:2:1,3,3,1,1,1,0,1,1,1,1,1,5,7,3
42826,0:2:2;0:3:2;1:2:1;1:2:1,3,4,1,1,1,0,1,1,1,1,1,5,7,1
42827,0:2:2;0:3:2;1:2:1;1:2:1,3,5,1,1,1,0,1,1,1,1,1,5,7,1
42828,0:2:2;0:3:2;1:2:1;1:2:1,4,0,1,1,1,0,1,1,1,1,1,5,7,14
42829,0:2:2;0:3:2;1:2:1;1:2:1,4,1,1,1,1,0,1,1,1,1,1,5,7,14
42830,0:2:2;0:3:2;1:2:1;1:2:1,4,2,1,1,1,0,1,1,1,1,1,5,7,3
42831,0:2:2;0:3:2;1:2:1;1:2:1,4,3,1,1,1,0,1,1,1,1,1,5,7,3
42832,0:2:2;0:3:2;1:2:1;1:2:1,4,4,1,1,1,0,1,1,1,1,1,5,7,1
42833,0:2:2;0:3:2;1:2:1;1:2:1,4,5,1,1,1,0,1,1,1,1,1,5,7,1
42834,0:2:2;0:3:2;1:2:1;1:2:1,5,0,1,1,1,0,1,1,1,1,1,5,7,14
42835,0:2:2;0:3:2;1:2:1;1:2:1,5,1,1,1,1,0,1,1,1,1,1,5,7,14
42836,0:2:2;0:3:2;1:2:1;1:2:1,5,2,1,1,1,0,1,1,1,1,1,5,7,3
42837,0:2:2;0:3:2;1:2:1;1:2:1,5,3,1,1,1,0,1,1,1,1,1,5,7,3
42838,0:2:2;0:3:2;1:2:1;1:2:1,5,4,1,1,1,0,1,1,1,1,1,5,7,1
42839,0:2:2;0:3:2;1:2:1;1:2:1,5,5,1,1,1,0,1,1,1,1,1,5,7,1
42840,0:2:2;0:3:2;1:2:1;1:2:2,0,0,1,0,0,1,0,0,0,0,0,1,1,24
42841,0:2:2;0:3:2;1:2:1;1:2:2,0,1,1,0,0,1,0,0,0,0,0,1,3,24
42842,0:2:2;0:3:2;1:2:1;1:2:2,0,2,1,1,0,0,1,1,1,1,1,5,8,3
42843,0:2:2;0:3:2;1:2:1;1:2:2,0,3,1,1,1,0,1,1,1,1,1,5,8,3
42844,0:2:2;0:3:2;1:2:1;1:2:2,0,4,1,1,1,0,1,1,1,1,1,5,8,1
42845,0:2:2;0:3:2;1:2:1;1:2:2,0,5,1,1,1,0,1,1,1,1,1,5,8,1
42846,0:2:2;0:3:2;1:2:1;1:2:2,1,0,1,1,0,0,1,1,1,1,1,5,8,14
42847,0:2:2;0:3:2;1:2:1;1:2:2,1,1,1,1,0,0,1,1,1,1,1,5,8,14
42848,0:2:2;0:3:2;1:2:1;1:2:2,1,2,1,1,1,0,1,1,1,1,1,5,8,3
42849,0:2:2;0:3:2;1:2:1;1:2:2,1,3,1,1,1,0,1,1,1,1,1,5,8,3
42850,0:2:2;0:3:2;1:2:1;1:2:2,1,4,1,1,1,0,1,1,1,1,1,5,8,1
42851,0:2:2;0:3:2;1:2:1;1:2:2,1,5,1,1,1,0,1,1,1,1,1,5,8,1
42852,0:2:2;0:3:2;1:2:1;1:2:2,2,0,1,1,0,0,1,1,1,1,1,5,8,14
42853,0:2:2;0:3:2;1:2:1;1:2:2,2,1,1,1,1,0,1,1,1,1,1,5,8,14
42854,0:2:2;0:3:2;1:2:1;1:2:2,2,2,1,1,1,0,1,1,1,1,1,5,8,3
42855,0:2:2;0:3:2;1:2:1;1:2:2,2,3,1,1,1,0,1,1,1,1,1,5,8,3
42856,0:2:2;0:3:2;1:2:1;1:2:2,2,4,1,1,1,0,1,1,1,1,1,5,8,1
42857,0:2:2;0:3:2;1:2:1;1:2:2,2,5,1,1,1,0,1,1,1,1,1,5,8,1
42858,0:2:2;0:3:2;1:2:1;1:2:2,3,0,1,1,1,0,1,1,1,1,1,5,8,14
42859,0:2:2;0:3:2;1:2:1;1:2:2,3,1,1,1,1,0,1,1,1,1,1,5,8,14
42860,0:2:2;0:3:2;1:2:1;1:2:2,3,2,1,1,1,0,1,1,1,1,1,5,8,3
42861,0:2:2;0:3:2;1:2:1;1:2:2,3,3,1,1,1,0,1,1,1,1,1,5,8,3
42862,0:2:2;0:3:2;1:2:1;1:2:2,3,4,1,1,1,0,1,1,1,1,1,5,8,1
42863,0:2:2;0:3:2;1:2:1;1:2:2,3,5,1,1,1,0,1,1,1,1,1,5,8,1
42864,0:2:2;0:3:2;1:2:1;1:2:2,4,0,1,1,1,0,1,1,1,1,1,5,8,14
42865,0:2:2;0:3:2;1:2:1;1:2:2,4,1,1,1,1,0,1,1,1,1,1,5,8,14
42866,0:2:2;0:3:2;1:2:1;1:2:2,4,2,1,1,1,0,1,1,1,1,1,5,8,3
42867,0:2:2;0:3:2;1:2:1;1:2:2,4,3,1,1,1,0,1,1,1,1,1,5,8,3
42868,0:2:2;0:3:2;1:2:1;1:2:2,4,4,1,1,1,0,1,1,1,1,1,5,8,1
42869,0:2:2;0:3:2;1:2:1;1:2:2,4,5,1,1,1,0,1,1,1,1,1,5,8,1
42870,0:2:2;0:3:2;1:2:1;1:2:2,5,0,1,1,1,0,1,1,1,1,1,5,8,14
42871,0:2:2;0:3:2;1:2:1;1:2:2,5,1,1,1,1,0,1,1,1,1,1,5,8,14
42872,0:2:2;0:3:2;1:2:1;1:2:2,5,2,1,1,1,0,1,1,1,1,1,5,8,3
42873,0:2:2;0:3:2;1:2:1;1:2:2,5,3,1,1,1,0,1,1,1,1,1,5,8,3
42874,0:2:2;0:3:2;1:2:1;1:2:2,5,4,1,1,1,0,1,1,1,1,1,5,8,1
42875,0:2:2;0:3:2;1:2:1;1:2:2,5,5,1,1,1,0,1,1,1,1,1,5,8,1
42876,0:2:2;0:3:2;1:2:1;1:3:2,0,0,1,0,0,1,0,0,0,0,0,1,1,24
42877,0:2:2;0:3:2;1:2:1;1:3:2,0,1,1,0,0,1,0,0,0,0,0,1,3,24
42878,0:2:2;0:3:2;1:2:1;1:3:2,0,2,1,1,0,0,1,1,1,1,1,5,8,3
42879,0:2:2;0:3:2;1:2:1;1:3:2,0,3,1,1,1,0,1,1,1,1,1,5,8,3
42880,0:2:2;0:3:2;1:2:1;1:3:2,0,4,1,1,1,0,1,1,1,1,1,5,8,1
42881,0:2:2;0:3:2;1:2:1;1:3:2,0,5,1,1,1,0,1,1,1,1,1,5,8,1
42882,0:2:2;0:3:2;1:2:1;1:3:2,1,0,1,1,0,0,1,1,1,1,1,5,8,14
42883,0:2:2;0:3:2;1:2:1;1:3:2,1,1,1,1,0,0,1,1,1,1,1,5,8,14
42884,0:2:2;0:3:2;1:2:1;1:3:2,1,2,1,1,1,0,1,1,1,1,1,5,8,3
42885,0:2:2;0:3:2;1:2:1;1:3:2,1,3,1,1,1,0,1,1,1,1,1,5,8,3
42886,0:2:2;0:3:2;1:2:1;1:3:2,1,4,1,1,1,0,1,1,1,1,1,5,8,1
42887,0:2:2;0:3:2;1:2:1;1:3:2,1,5,1,1,1,0,1,1,1,1,1,5,8,1
42888,0:2:2;0:3:2;1:2:1;1:3:2,2,0,1,1,0,0,1,1,1,1,1,5,8,14
42889,0:2:2;0:3:2;1:2:1;1:3:2,2,1,1,1,1,0,1,1,1,1,1,5,8,14
42890,0:2:2;0:3:2;1:2:1;1:3:2,2,2,1,1,1,0,1,1,1,1,1,5,8,3
42891,0:2:2;0:3:2;1:2:1;1:3:2,2,3,1,1,1,0,1,1,1,1,1,5,8,3
42892,0:2:2;0:3:2;1:2:1;1:3:2,2,4,1,1,1,0,1,1,1,1,1,5,8,1
42893,0:2:2;0:3:2;1:2:1;1:3:2,2,5,1,1,1,0,1,1,1,1,1,5,8,1
42894,0:2:2;0:3:2;1:2:1;1:3:2,3,0,1,1,1,0,1,1,1,1,1,5,8,14
42895,0:2:2;0:3:2;1:2:1;1:3:2,3,1,1,1,1,0,1,1,1,1,1,5,8,14
42896,0:2:2;0:3:2;1:2:1;1:3:2,3,2,1,1,1,0,1,1,1,1,1,5,8,3
42897,0:2:2;0:3:2;1:2:1;1:3:2,3,3,1,1,1,0,1,1,1,1,1,5,8,3
42898,0:2:2;0:3:2;1:2:1;1:3:2,3,4,1,1,1,0,1,1,1,1,1,5,8,1
42899,0:2:2;0:3:2;1:2:1;1:3:2,3,5,1,1,1,0,1,1,1,1,1,5,8,1
42900,0:2:2;0:3:2;1:2:1;1:3:2,4,0,1,1,1,0,1,1,1,1,1,5,8,14
42901,0:2:2;0:3:2;1:2:1;1:3:2,4,1,1,1,1,0,1,1,1,1,1,5,8,14
42902,0:2:2;0:3:2;1:2:1;1:3:2,4,2,1,1,1,0,1,1,1,1,1,5,8,3
42903,0:2:2;0:3:2;1:2:1;1:3:2,4,3,1,1,1,0,1,1,1,1,1,5,8,3
42904,0:2:2;0:3:2;1:2:1;1:3:2,4,4,1,1,1,0,1,1,1,1,1,5,8,1
42905,0:2:2;0:3:2;1:2:1;1:3:2,4,5,1,1,1,0,1,1,1,1,1,5,8,1
42906,0:2:2;0:3:2;1:2:1;1:3:2,5,0,1,1,1,0,1,1,1,1,1,5,8,14
42907,0:2:2;0:3:2;1:2:1;1:3:2,5,1,1,1,1,0,1,1,1,1,1,5,8,14
42908,0:2:2;0:3:2;1:2:1;1:3:2,5,2,1,1,1,0,1,1,1,1,1,5,8,3
42909,0:2:2;0:3:2;1:2:1;1:3:2,5,3,1,1,1,0,1,1,1,1,1,5,8,3
42910,0:2:2;0:3:2;1:2:1;1:3:2,5,4,1,1,1,0,1,1,1,1,1,5,8,1
42911,0:2:2;0:3:2;1:2:1;1:3:2,5,5,1,1,1,0,1,1,1,1,1,5,8,1
42912,0:2:2;0:3:2;1:2:1;1:3:3,0,0,1,0,0,1,0,0,0,0,0,1,1,24
42913,0:2:2;0:3:2;1:2:1;1:3:3,0,1,1,0,0,1,0,0,0,0,0,1,3,24
42914,0:2:2;0:3:2;1:2:1;1:3:3,0,2,1,1,0,0,1,1,1,1,1,5,9,3
42915,0:2:2;0:3:2;1:2:1;1:3:3,0,3,1,1,0,0,1,1,1,1,1,5,9,3
42916,0:2:2;0:3:2;1:2:1;1:3:3,0,4,1,1,1,0,1,1,1,1,1,5,9,1
42917,0:2:2;0:3:2;1:2:1;1:3:3,0,5,1,1,1,0,1,1,1,1,1,5,9,1
42918,0:2:2;0:3:2;1:2:1;1:3:3,1,0,1,1,0,1,0,0,0,1,1,6,14,16
42919,0:2:2;0:3:2;1:2:1;1:3:3,1,1,1,1,0,1,0,0,0,1,1,6,15,16
42920,0:2:2;0:3:2;1:2:1;1:3:3,1,2,1,1,0,0,1,1,1,1,1,5,9,3
42921,0:2:2;0:3:2;1:2:1;1:3:3,1,3,1,1,1,0,1,1,1,1,1,5,9,3
42922,0:2:2;0:3:2;1:2:1;1:3:3,1,4,1,1,1,0,1,1,1,1,1,5,9,1
42923,0:2:2;0:3:2;1:2:1;1:3:3,1,5,1,1,1,0,1,1,1,1,1,5,9,1
42924,0:2:2;0:3:2;1:2:1;1:3:3,2,0,1,1,0,0,1,1,1,1,1,5,9,14
42925,0:2:2;0:3:2;1:2:1;1:3:3,2,1,1,1,0,0,1,1,1,1,1,5,9,14
42926,0:2:2;0:3:2;1:2:1;1:3:3,2,2,1,1,1,0,1,1,1,1,1,5,9,3
42927,0:2:2;0:3:2;1:2:1;1:3:3,2,3,1,1,1,0,1,1,1,1,1,5,9,3
42928,0:2:2;0:3:2;1:2:1;1:3:3,2,4,1,1,1,0,1,1,1,1,1,5,9,1
42929,0:2:2;0:3:2;1:2:1;1:3:3,2,5,1,1,1,0,1,1,1,1,1,5,9,1
42930,0:2:2;0:3:2;1:2:1;1:3:3,3,0,1,1,0,0,1,1,1,1,1,5,9,14
42931,0:2:2;0:3:2;1:2:1;1:3:3,3,1,1,1,1,0,1,1,1,1,1,5,9,14
42932,0:2:2;0:3:2;1:2:1;1:3:3,3,2,1,1,1,0,1,1,1,1,1,5,9,3
42933,0:2:2;0:3:2;1:2:1;1:3:3,3,3,1,1,1,0,1,1,1,1,1,5,9,3
42934,0:2:2;0:3:2;1:2:1;1:3:3,3,4,1,1,1,0,1,1,1,1,1,5,9,1
42935,0:2:2;0:3:2;1:2:1;1:3:3,3,5,1,1,1,0,1,1,1,1,1,5,9,1
42936,0:2:2;0:3:2;1:2:1;1:3:3,4,0,1,1,1,0,1,1,1,1,1,5,9,14
42937,0:2:2;0:3:2;1:2:1;1:3:3,4,1,1,1,1,0,1,1,1,1,1,5,9,14
42938,0:2:2;0:3:2;1:2:1;1:3:3,4,2,1,1,1,0,1,1,1,1,1,5,9,3
42939,0:2:2;0:3:2;1:2:1;1:3:3,4,3,1,1,1,0,1,1,1,1,1,5,9,3
42940,0:2:2;0:3:2;1:2:1;1:3:3,4,4,1,1,1,0,1,1,1,1,1,5,9,1
42941,0:2:2;0:3:2;1:2:1;1:3:3,4,5,1,1,1,0,1,1,1,1,1,5,9,1
42942,0:2:2;0:3:2;1:2:1;1:3:3,5,0,1,1,1,0,1,1,1,1,1,5,9,14
42943,0:2:2;0:3:2;1:2:1;1:3:3,5,1,1,1,1,0,1,1,1,1,1,5,9,14
42944,0:2:2;0:3:2;1:2:1;1:3:3,5,2,1,1,1,0,1,1,1,1,1,5,9,3
42945,0:2:2;0:3:2;1:2:1;1:3:3,5,3,1,1,1,0,1,1,1,1,1,5,9,3
42946,0:2:2;0:3:2;1:2:1;1:3:3,5,4,1,1,1,0,1,1,1,1,1,5,9,1
42947,0:2:2;0:3:2;1:2:1;1:3:3,5,5,1,1,1,0,1,1,1,1,1,5,9,1
42948,0:2:2;0:3:2;1:2:1;1:4:3,0,0,1,0,0,1,0,0,0,0,0,1,1,24
42949,0:2:2;0:3:2;1:2:1;1:4:3,0,1,1,0,0,1,0,0,0,0,0,1,3,24
42950,0:2:2;0:3:2;1:2:1;1:4:3,0,2,1,1,0,0,1,1,1,1,1,5,9,3
42951,0:2:2;0:3:2;1:2:1;1:4:3,0,3,1,1,0,0,1,1,1,1,1,5,9,3
42952,0:2:2;0:3:2;1:2:1;1:4:3,0,4,1,1,1,0,1,1,1,1,1,5,9,1
42953,0:2:2;0:3:2;1:2:1;1:4:3,0,5,1,1,1,0,1,1,1,1,1,5,9,1
42954,0:2:2;0:3:2;1:2:1;1:4:3,1,0,1,1,0,1,0,0,0,1,1,6,14,16
42955,0:2:2;0:3:2;1:2:1;1:4:3,1,1,1,1,0,1,0,0,0,1,1,6,15,16
42956,0:2:2;0:3:2;1:2:1;1:4:3,1,2,1,1,0,0,1,1,1,1,1,5,9,3
42957,0:2:2;0:3:2;1:2:1;1:4:3,1,3,1,1,1,0,1,1,1,1,1,5,9,3
42958,0:2:2;0:3:2;1:2:1;1:4:3,1,4,1,1,1,0,1,1,1,1,1,5,9,1
42959,0:2:2;0:3:2;1:2:1;1:4:3,1,5,1,1,1,0,1,1,1,1,1,5,9,1
42960,0:2:2;0:3:2;1:2:1;1:4:3,2,0,1,1,0,0,1,1,1,1,1,5,9,14
42961,0:2:2;0:3:2;1:2:1;1:4:3,2,1,1,1,0,0,1,1,1,1,1,5,9,14
42962,0:2:2;0:3:2;1:2:1;1:4:3,2,2,1,1,1,0,1,1,1,1,1,5,9,3
42963,0:2:2;0:3:2;1:2:1;1:4:3,2,3,1,1,1,0,1,1,1,1,1,5,9,3
42964,0:2:2;0:3:2;1:2:1;1:4:3,2,4,1,1,1,0,1,1,1,1,1,5,9,1
42965,0:2:2;0:3:2;1:2:1;1:4:3,2,5,1,1,1,0,1,1,1,1,1,5,9,1
42966,0:2:2;0:3:2;1:2:1;1:4:3,3,0,1,1,0,0,1,1,1,1,1,5,9,14
42967,0:2:2;0:3:2;1:2:1;1:4:3,3,1,1,1,1,0,1,1,1,1,1,5,9,14
42968,0:2:2;0:3:2;1:2:1;1:4:3,3,2,1,1,1,0,1,1,1,1,1,5,9,3
42969,0:2:2;0:3:2;1:2:1;1:4:3,3,3,1,1,1,0,1,1,1,1,1,5,9,3
42970,0:2:2;0:3:2;1:2:1;1:4:3,3,4,1,1,1,0,1,1,1,1,1,5,9,1
42971,0:2:2;0:3:2;1:2:1;1:4:3,3,5,1,1,1,0,1,1,1,1,1,5,9,1
42972,0:2:2;0:3:2;1:2:1;1:4:3,4,0,1,1,1,0,1,1,1,1,1,5,9,14
42973,0:2:2;0:3:2;1:2:1;1:4:3,4,1,1,1,1,0,1,1,1,1,1,5,9,14
42974,0:2:2;0:3:2;1:2:1;1:4:3,4,2,1,1,1,0,1,1,1,1,1,5,9,3
42975,0:2:2;0:3:2;1:2:1;1:4:3,4,3,1,1,1,0,1,1,1,1,1,5,9,3
42976,0:2:2;0:3:2;1:2:1;1:4:3,4,4,1,1,1,0,1,1,1,1,1,5,9,1
42977,0:2:2;0:3:2;1:2:1;1:4:3,4,5,1,1,1,0,1,1,1,1,1,5,9,1
42978,0:2:2;0:3:2;1:2:1;1:4:3,5,0,1,1,1,0,1,1,1,1,1,5,9,14
42979,0:2:2;0:3:2;1:2:1;1:4:3,5,1,1,1,1,0,1,1,1,1,1,5,9,14
42980,0:2:2;0:3:2;1:2:1;1:4:3,5,2,1,1,1,0,1,1,1,1,1,5,9,3
42981,0:2:2;0:3:2;1:2:1;1:4:3,5,3,1,1,1,0,1,1,1,1,1,5,9,3
42982,0:2:2;0:3:2;1:2:1;1:4:3,5,4,1,1,1,0,1,1,1,1,1,5,9,1
42983,0:2:2;0:3:2;1:2:1;1:4:3,5,5,1,1,1,0,1,1,1,1,1,5,9,1
42984,0:2:2;0:3:2;1:2:2;1:2:2,0,0,1,0,0,1,0,0,0,0,0,1,1,24
42985,0:2:2;0:3:2;1:2:2;1:2:2,0,1,1,0,0,1,0,0,0,0,0,1,3,24
42986,0:2:2;0:3:2;1:2:2;1:2:2,0,2,1,1,0,0,1,1,1,1,1,5,9,3
42987,0:2:2;0:3:2;1:2:2;1:2:2,0,3,1,1,1,0,1,1,1,1,1,5,9,3
42988,0:2:2;0:3:2;1:2:2;1:2:2,0,4,1,1,1,0,1,1,1,1,1,5,9,1
42989,0:2:2;0:3:2;1:2:2;1:2:2,0,5,1,1,1,0,1,1,1,1,1,5,9,1
42990,0:2:2;0:3:2;1:2:2;1:2:2,1,0,1,0,0,1,0,0,0,0,0,1,3,24
42991,0:2:2;0:3:2;1:2:2;1:2:2,1,1,1,0,0,1,0,0,0,0,0,1,9,24
42992,0:2:2;0:3:2;1:2:2;1:2:2,1,2,1,1,1,0,1,1,1,1,1,5,9,3
42993,0:2:2;0:3:2;1:2:2;1:2:2,1,3,1,1,1,0,1,1,1,1,1,5,9,3
42994,0:2:2;0:3:2;1:2:2;1:2:2,1,4,1,1,1,0,1,1,1,1,1,5,9,1
42995,0:2:2;0:3:2;1:2:2;1:2:2,1,5,1,1,1,0,1,1,1,1,1,5,9,1
42996,0:2:2;0:3:2;1:2:2;1:2:2,2,0,1,1,0,0,1,1,1,1,1,5,9,14
42997,0:2:2;0:3:2;1:2:2;1:2:2,2,1,1,1,1,0,1,1,1,1,1,5,9,14
42998,0:2:2;0:3:2;1:2:2;1:2:2,2,2,1,1,1,0,1,1,1,1,1,5,9,3
42999,0:2:2;0:3:2;1:2:2;1:2:2,2,3,1,1,1,0,1,1,1,1,1,5,9,3
43000,0:2:2;0:3:2;1:2:2;1:2:2,2,4,1,1,1,0,1,1,1,1,1,5,9,1
43001,0:2:2;0:3:2;1:2:2;1:2:2,2,5,1,1,1,0,1,1,1,1,1,5,9,1
43002,0:2:2;0:3:2;1:2:2;1:2:2,3,0,1,1,1,0,1,1,1,1,1,5,9,14
43003,0:2:2;0:3:2;1:2:2;1:2:2,3,1,1,1,1,0,1,1,1,1,1,5,9,14
43004,0:2:2;0:3:2;1:2:2;1:2:2,3,2,1,1,1,0,1,1,1,1,1,5,9,3
43005,0:2:2;0:3:2;1:2:2;1:2:2,3,3,1,1,1,0,1,1,1,1,1,5,9,3
43006,0:2:2;0:3:2;1:2:2;1:2:2,3,4,1,1,1,0,1,1,1,1,1,5,9,1
43007,0:2:2;0:3:2;1:2:2;1:2:2,3,5,1,1,1,0,1,1,1,1,1,5,9,1
43008,0:2:2;0:3:2;1:2:2;1:2:2,4,0,1,1,1,0,1,1,1,1,1,5,9,14
43009,0:2:2;0:3:2;1:2:2;1:2:2,4,1,1,1,1,0,1,1,1,1,1,5,9,14
43010,0:2:2;0:3:2;1:2:2;1:2:2,4,2,1,1,1,0,1,1,1,1,1,5,9,3
43011,0:2:2;0:3:2;1:2:2;1:2:2,4,3,1,1,1,0,1,1,1,1,1,5,9,3
43012,0:2:2;0:3:2;1:2:2;1:2:2,4,4,1,1,1,0,1,1,1,1,1,5,9,1
43013,0:2:2;0:3:2;1:2:2;1:2:2,4,5,1,1,1,0,1,1,1,1,1,5,9,1
43014,0:2:2;0:3:2;1:2:2;1:2:2,5,0,1,1,1,0,1,1,1,1,1,5,9,14
43015,0:2:2;0:3:2;1:2:2;1:2:2,5,1,1,1,1,0,1,1,1,1,1,5,9,14
43016,0:2:2;0:3:2;1:2:2;1:2:2,5,2,1,1,1,0,1,1,1,1,1,5,9,3
43017,0:2:2;0:3:2;1:2:2;1:2:2,5,3,1,1,1,0,1,1,1,1,1,5,9,3
43018,0:2:2;0:3:2;1:2:2;1:2:2,5,4,1,1,1,0,1,1,1,1,1,5,9,1
43019,0:2:2;0:3:2;1:2:2;1:2:2,5,5,1,1,1,0,1,1,1,1,1,5,9,1
43020,0:2:2;0:3:2;1:2:2;1:3:2,0,0,1,0,0,1,0,0,0,0,0,1,1,24
43021,0:2:2;0:3:2;1:2:2;1:3:2,0,1,1,0,0,1,0,0,0,0,0,1,3,24
43022,0:2:2;0:3:2;1:2:2;1:3:2,0,2,1,1,0,0,1,1,1,1,1,5,9,3
43023,0:2:2;0:3:2;1:2:2;1:3:2,0,3,1,1,1,0,1,1,1,1,1,5,9,3
43024,0:2:2;0:3:2;1:2:2;1:3:2,0,4,1,1,1,0,1,1,1,1,1,5,9,1
43025,0:2:2;0:3:2;1:2:2;1:3:2,0,5,1,1,1,0,1,1,1,1,1,5,9,1
43026,0:2:2;0:3:2;1:2:2;1:3:2,1,0,1,0,0,1,0,0,0,0,0,1,3,24
43027,0:2:2;0:3:2;1:2:2;1:3:2,1,1,1,0,0,1,0,0,0,0,0,1,9,24
43028,0:2:2;0:3:2;1:2:2;1:3:2,1,2,1,1,1,0,1,1,1,1,1,5,9,3
43029,0:2:2;0:3:2;1:2:2;1:3:2,1,3,1,1,1,0,1,1,1,1,1,5,9,3
43030,0:2:2;0:3:2;1:2:2;1:3:2,1,4,1,1,1,0,1,1,1,1,1,5,9,1
43031,0:2:2;0:3:2;1:2:2;1:3:2,1,5,1,1,1,0,1,1,1,1,1,5,9,1
43032,0:2:2;0:3:2;1:2:2;1:3:2,2,0,1,1,0,0,1,1,1,1,1,5,9,14
43033,0:2:2;0:3:2;1:2:2;1:3:2,2,1,1,1,1,0,1,1,1,1,1,5,9,14
43034,0:2:2;0:3:2;1:2:2;1:3:2,2,2,1,1,1,0,1,1,1,1,1,5,9,3
43035,0:2:2;0:3:2;1:2:2;1:3:2,2,3,1,1,1,0,1,1,1,1,1,5,9,3
43036,0:2:2;0:3:2;1:2:2;1:3:2,2,4,1,1,1,0,1,1,1,1,1,5,9,1
43037,0:2:2;0:3:2;1:2:2;1:3:2,2,5,1,1,1,0,1,1,1,1,1,5,9,1
43038,0:2:2;0:3:2;1:2:2;1:3:2,3,0,1,1,1,0,1,1,1,1,1,5,9,14
43039,0:2:2;0:3:2;1:2:2;1:3:2,3,1,1,1,1,0,1,1,1,1,1,5,9,14
43040,0:2:2;0:3:2;1:2:2;1:3:2,3,2,1,1,1,0,1,1,1,1,1,5,9,3
43041,0:2:2;0:3:2;1:2:2;1:3:2,3,3,1,1,1,0,1,1,1,1,1,5,9,3
43042,0:2:2;0:3:2;1:2:2;1:3:2,3,4,1,1,1,0,1,1,1,1,1,5,9,1
43043,0:2:2;0:3:2;1:2:2;1:3:2,3,5,1,1,1,0,1,1,1,1,1,5,9,1
43044,0:2:2;0:3:2;1:2:2;1:3:2,4,0,1,1,1,0,1,1,1,1,1,5,9,14
43045,0:2:2;0:3:2;1:2:2;1:3:2,4,1,1,1,1,0,1,1,1,1,1,5,9,14
43046,0:2:2;0:3:2;1:2:2;1:3:2,4,2,1,1,1,0,1,1,1,1,1,5,9,3
43047,0:2:2;0:3:2;1:2:2;1:3:2,4,3,1,1,1,0,1,1,1,1,1,5,9,3
43048,0:2:2;0:3:2;1:2:2;1:3:2,4,4,1,1,1,0,1,1,1,1,1,5,9,1
43049,0:2:2;0:3:2;1:2:2;1:3:2,4,5,1,1,1,0,1,1,1,1,1,5,9,1
43050,0:2:2;0:3:2;1:2:2;1:3:2,5,0,1,1,1,0,1,1,1,1,1,5,9,14
43051,0:2:2;0:3:2;1:2:2;1:3:2,5,1,1,1,1,0,1,1,1,1,1,5,9,14
43052,0:2:2;0:3:2;1:2:2;1:3:2,5,2,1,1,1,0,1,1,1,1,1,5,9,3
43053,0:2:2;0:3:2;1:2:2;1:3:2,5,3,1,1,1,0,1,1,1,1,1,5,9,3
43054,0:2:2;0:3:2;1:2:2;1:3:2,5,4,1,1,1,0,1,1,1,1,1,5,9,1
43055,0:2:2;0:3:2;1:2:2;1:3:2,5,5,1,1,1,0,1,1,1,1,1,5,9,1
43056,0:2:2;0:3:2;1:2:2;1:3:3,0,0,1,0,0,1,0,0,0,0,0,1,1,24
43057,0:2:2;0:3:2;1:2:2;1:3:3,0,1,1,0,0,1,0,0,0,0,0,1,3,24
43058,0:2:2;0:3:2;1:2:2;1:3:3,0,2,1,1,0,0,1,1,1,1,1,5,10,3
43059,0:2:2;0:3:2;1:2:2;1:3:3,0,3,1,1,0,0,1,1,1,1,1,5,10,3
43060,0:2:2;0:3:2;1:2:2;1:3:3,0,4,1,1,1,0,1,1,1,1,1,5,10,1
43061,0:2:2;0:3:2;1:2:2;1:3:3,0,5,1,1,1,0,1,1,1,1,1,5,10,1
43062,0:2:2;0:3:2;1:2:2;1:3:3,1,0,1,0,0,1,0,0,0,0,0,1,3,24
43063,0:2:2;0:3:2;1:2:2;1:3:3,1,1,1,0,0,1,0,0,0,0,0,1,9,24
43064,0:2:2;0:3:2;1:2:2;1:3:3,1,2,1,1,0,0,1,1,1,1,1,5,10,3
43065,0:2:2;0:3:2;1:2:2;1:3:3,1,3,1,1,1,0,1,1,1,1,1,5,10,3
43066,0:2:2;0:3:2;1:2:2;1:3:3,1,4,1,1,1,0,1,1,1,1,1,5,10,1
43067,0:2:2;0:3:2;1:2:2;1:3:3,1,5,1,1,1,0,1,1,1,1,1,5,10,1
43068,0:2:2;0:3:2;1:2:2;1:3:3,2,0,1,1,0,1,0,0,0,1,1,6,15,16
43069,0:2:2;0:3:2;1:2:2;1:3:3,2,1,1,1,0,1,0,0,0,1,1,6,16,16
43070,0:2:2;0:3:2;1:2:2;1:3:3,2,2,1,1,1,0,1,1,1,1,1,5,10,3
43071,0:2:2;0:3:2;1:2:2;1:3:3,2,3,1,1,1,0,1,1,1,1,1,5,10,3
43072,0:2:2;0:3:2;1:2:2;1:3:3,2,4,1,1,1,0,1,1,1,1,1,5,10,1
43073,0:2:2;0:3:2;1:2:2;1:3:3,2,5,1,1,1,0,1,1,1,1,1,5,10,1
43074,0:2:2;0:3:2;1:2:2;1:3:3,3,0,1,1,0,0,1,1,1,1,1,5,10,14
43075,0:2:2;0:3:2;1:2:2;1:3:3,3,1,1,1,1,0,1,1,1,1,1,5,10,14
43076,0:2:2;0:3:2;1:2:2;1:3:3,3,2,1,1,1,0,1,1,1,1,1,5,10,3
43077,0:2:2;0:3:2;1:2:2;1:3:3,3,3,1,1,1,0,1,1,1,1,1,5,10,3
43078,0:2:2;0:3:2;1:2:2;1:3:3,3,4,1,1,1,0,1,1,1,1,1,5,10,1
43079,0:2:2;0:3:2;1:2:2;1:3:3,3,5,1,1,1,0,1,1,1,1,1,5,10,1
43080,0:2:2;0:3:2;1:2:2;1:3:3,4,0,1,1,1,0,1,1,1,1,1,5,10,14
43081,0:2:2;0:3:2;1:2:2;1:3:3,4,1,1,1,1,0,1,1,1,1,1,5,10,14
43082,0:2:2;0:3:2;1:2:2;1:3:3,4,2,1,1,1,0,1,1,1,1,1,5,10,3
43083,0:2:2;0:3:2;1:2:2;1:3:3,4,3,1,1,1,0,1,1,1,1,1,5,10,3
43084,0:2:2;0:3:2;1:2:2;1:3:3,4,4,1,1,1,0,1,1,1,1,1,5,10,1
43085,0:2:2;0:3:2;1:2:2;1:3:3,4,5,1,1,1,0,1,1,1,1,1,5,10,1
43086,0:2:2;0:3:2;1:2:2;1:3:3,5,0,1,1,1,0,1,1,1,1,1,5,10,14
43087,0:2:2;0:3:2;1:2:2;1:3:3,5,1,1,1,1,0,1,1,1,1,1,5,10,14
43088,0:2:2;0:3:2;1:2:2;1:3:3,5,2,1,1,1,0,1,1,1,1,1,5,10,3
43089,0:2:2;0:3:2;1:2:2;1:3:3,5,3,1,1,1,0,1,1,1,1,1,5,10,3
43090,0:2:2;0:3:2;1:2:2;1:3:3,5,4,1,1,1,0,1,1,1,1,1,5,10,1
43091,0:2:2;0:3:2;1:2:2;1:3:3,5,5,1,1,1,0,1,1,1,1,1,5,10,1
43092,0:2:2;0:3:2;1:2:2;1:4:3,0,0,1,0,0,1,0,0,0,0,0,1,1,24
43093,0:2:2;0:3:2;1:2:2;1:4:3,0,1,1,0,0,1,0,0,0,0,0,1,3,24
43094,0:2:2;0:3:2;1:2:2;1:4:3,0,2,1,1,0,0,1,1,1,1,1,5,10,3
43095,0:2:2;0:3:2;1:2:2;1:4:3,0,3,1,1,0,0,1,1,1,1,1,5,10,3
43096,0:2:2;0:3:2;1:2:2;1:4:3,0,4,1,1,1,0,1,1,1,1,1,5,10,1
43097,0:2:2;0:3:2;1:2:2;1:4:3,0,5,1,1,1,0,1,1,1,1,1,5,10,1
43098,0:2:2;0:3:2;1:2:2;1:4:3,1,0,1,0,0,1,0,0,0,0,0,1,3,24
43099,0:2:2;0:3:2;1:2:2;1:4:3,1,1,1,0,0,1,0,0,0,0,0,1,9,24
43100,0:2:2;0:3:2;1:2:2;1:4:3,1,2,1,1,0,0,1,1,1,1,1,5,10,3
43101,0:2:2;0:3:2;1:2:2;1:4:3,1,3,1,1,1,0,1,1,1,1,1,5,10,3
43102,0:2:2;0:3:2;1:2:2;1:4:3,1,4,1,1,1,0,1,1,1,1,1,5,10,1
43103,0:2:2;0:3:2;1:2:2;1:4:3,1,5,1,1,1,0,1,1,1,1,1,5,10,1
43104,0:2:2;0:3:2;1:2:2;1:4:3,2,0,1,1,0,1,0,0,0,1,1,6,15,16
43105,0:2:2;0:3:2;1:2:2;1:4:3,2,1,1,1,0,1,0,0,0,1,1,6,16,16
43106,0:2:2;0:3:2;1:2:2;1:4:3,2,2,1,1,1,0,1,1,1,1,1,5,10,3
43107,0:2:2;0:3:2;1:2:2;1:4:3,2,3,1,1,1,0,1,1,1,1,1,5,10,3
43108,0:2:2;0:3:2;1:2:2;1:4:3,2,4,1,1,1,0,1,1,1,1,1,5,10,1
43109,0:2:2;0:3:2;1:2:2;1:4:3,2,5,1,1,1,0,1,1,1,1,1,5,10,1
43110,0:2:2;0:3:2;1:2:2;1:4:3,3,0,1,1,0,0,1,1,1,1,1,5,10,14
43111,0:2:2;0:3:2;1:2:2;1:4:3,3,1,1,1,1,0,1,1,1,1,1,5,10,14
43112,0:2:2;0:3:2;1:2:2;1:4:3,3,2,1,1,1,0,1,1,1,1,1,5,10,3
43113,0:2:2;0:3:2;1:2:2;1:4:3,3,3,1,1,1,0,1,1,1,1,1,5,10,3
43114,0:2:2;0:3:2;1:2:2;1:4:3,3,4,1,1,1,0,1,1,1,1,1,5,10,1
43115,0:2:2;0:3:2;1:2:2;1:4:3,3,5,1,1,1,0,1,1,1,1,1,5,10,1
43116,0:2:2;0:3:2;1:2:2;1:4:3,4,0,1,1,1,0,1,1,1,1,1,5,10,14
43117,0:2:2;0:3:2;1:2:2;1:4:3,4,1,1,1,1,0,1,1,1,1,1,5,10,14
43118,0:2:2;0:3:2;1:2:2;1:4:3,4,2,1,1,1,0,1,1,1,1,1,5,10,3
43119,0:2:2;0:3:2;1:2:2;1:4:3,4,3,1,1,1,0,1,1,1,1,1,5,10,3
43120,0:2:2;0:3:2;1:2:2;1:4:3,4,4,1,1,1,0,1,1,1,1,1,5,10,1
43121,0:2:2;0:3:2;1:2:2;1:4:3,4,5,1,1,1,0,1,1,1,1,1,5,10,1
43122,0:2:2;0:3:2;1:2:2;1:4:3,5,0,1,1,1,0,1,1,1,1,1,5,10,14
43123,0:2:2;0:3:2;1:2:2;1:4:3,5,1,1,1,1,0,1,1,1,1,1,5,10,14
43124,0:2:2;0:3:2;1:2:2;1:4:3,5,2,1,1,1,0,1,1,1,1,1,5,10,3
43125,0:2:2;0:3:2;1:2:2;1:4:3,5,3,1,1,1,0,1,1,1,1,1,5,10,3
43126,0:2:2;0:3:2;1:2:2;1:4:3,5,4,1,1,1,0,1,1,1,1,1,5,10,1
43127,0:2:2;0:3:2;1:2:2;1:4:3,5,5,1,1,1,0,1,1,1,1,1,5,10,1
43128,0:2:2;0:3:2;1:3:2;1:3:2,0,0,1,0,0,1,0,0,0,0,0,1,1,24
43129,0:2:2;0:3:2;1:3:2;1:3:2,0,1,1,0,0,1,0,0,0,0,0,1,3,24
43130,0:2:2;0:3:2;1:3:2;1:3:2,0,2,1,1,0,0,1,1,1,1,1,5,9,3
43131,0:2:2;0:3:2;1:3:2;1:3:2,0,3,1,1,1,0,1,1,1,1,1,5,9,3
43132,0:2:2;0:3:2;1:3:2;1:3:2,0,4,1,1,1,0,1,1,1,1,1,5,9,1
43133,0:2:2;0:3:2;1:3:2;1:3:2,0,5,1,1,1,0,1,1,1,1,1,5,9,1
43134,0:2:2;0:3:2;1:3:2;1:3:2,1,0,1,0,0,1,0,0,0,0,0,1,3,24
43135,0:2:2;0:3:2;1:3:2;1:3:2,1,1,1,0,0,1,0,0,0,0,0,1,9,24
43136,0:2:2;0:3:2;1:3:2;1:3:2,1,2,1,1,1,0,1,1,1,1,1,5,9,3
43137,0:2:2;0:3:2;1:3:2;1:3:2,1,3,1,1,1,0,1,1,1,1,1,5,9,3
43138,0:2:2;0:3:2;1:3:2;1:3:2,1,4,1,1,1,0,1,1,1,1,1,5,9,1
43139,0:2:2;0:3:2;1:3:2;1:3:2,1,5,1,1,1,0,1,1,1,1,1,5,9,1
43140,0:2:2;0:3:2;1:3:2;1:3:2,2,0,1,1,0,0,1,1,1,1,1,5,9,14
43141,0:2:2;0:3:2;1:3:2;1:3:2,2,1,1,1,1,0,1,1,1,1,1,5,9,13
43142,0:2:2;0:3:2;1:3:2;1:3:2,2,2,1,1,1,0,1,1,1,1,1,5,9,3
43143,0:2:2;0:3:2;1:3:2;1:3:2,2,3,1,1,1,0,1,1,1,1,1,5,9,3
43144,0:2:2;0:3:2;1:3:2;1:3:2,2,4,1,1,1,0,1,1,1,1,1,5,9,1
43145,0:2:2;0:3:2;1:3:2;1:3:2,2,5,1,1,1,0,1,1,1,1,1,5,9,1
43146,0:2:2;0:3:2;1:3:2;1:3:2,3,0,1,1,1,0,1,1,1,1,1,5,9,14
43147,0:2:2;0:3:2;1:3:2;1:3:2,3,1,1,1,1,0,1,1,1,1,1,5,9,13
43148,0:2:2;0:3:2;1:3:2;1:3:2,3,2,1,1,1,0,1,1,1,1,1,5,9,3
43149,0:2:2;0:3:2;1:3:2;1:3:2,3,3,1,1,1,0,1,1,1,1,1,5,9,3
43150,0:2:2;0:3:2;1:3:2;1:3:2,3,4,1,1,1,0,1,1,1,1,1,5,9,1
43151,0:2:2;0:3:2;1:3:2;1:3:2,3,5,1,1,1,0,1,1,1,1,1,5,9,1
43152,0:2:2;0:3:2;1:3:2;1:3:2,4,0,1,1,1,0,1,1,1,1,1,5,9,14
43153,0:2:2;0:3:2;1:3:2;1:3:2,4,1,1,1,1,0,1,1,1,1,1,5,9,13
43154,0:2:2;0:3:2;1:3:2;1:3:2,4,2,1,1,1,0,1,1,1,1,1,5,9,3
43155,0:2:2;0:3:2;1:3:2;1:3:2,4,3,1,1,1,0,1,1,1,1,1,5,9,3
43156,0:2:2;0:3:2;1:3:2;1:3:2,4,4,1,1,1,0,1,1,1,1,1,5,9,1
43157,0:2:2;0:3:2;1:3:2;1:3:2,4,5,1,1,1,0,1,1,1,1,1,5,9,1
43158,0:2:2;0:3:2;1:3:2;1:3:2,5,0,1,1,1,0,1,1,1,1,1,5,9,14
43159,0:2:2;0:3:2;1:3:2;1:3:2,5,1,1,1,1,0,1,1,1,1,1,5,9,13
43160,0:2:2;0:3:2;1:3:2;1:3:2,5,2,1,1,1,0,1,1,1,1,1,5,9,3
43161,0:2:2;0:3:2;1:3:2;1:3:2,5,3,1,1,1,0,1,1,1,1,1,5,9,3
43162,0:2:2;0:3:2;1:3:2;1:3:2,5,4,1,1,1,0,1,1,1,1,1,5,9,1
43163,0:2:2;0:3:2;1:3:2;1:3:2,5,5,1,1,1,0,1,1,1,1,1,5,9,1
43164,0:2:2;0:3:2;1:3:2;1:3:3,0,0,1,0,0,1,0,0,0,0,0,1,1,24
43165,0:2:2;0:3:2;1:3:2;1:3:3,0,1,1,0,0,1,0,0,0,0,0,1,3,24
43166,0:2:2;0:3:2;1:3:2;1:3:3,0,2,1,1,0,0,1,1,1,1,1,5,10,3
43167,0:2:2;0:3:2;1:3:2;1:3:3,0,3,1,1,0,0,1,1,1,1,1,5,10,3
43168,0:2:2;0:3:2;1:3:2;1:3:3,0,4,1,1,1,0,1,1,1,1,1,5,10,1
43169,0:2:2;0:3:2;1:3:2;1:3:3,0,5,1,1,1,0,1,1,1,1,1,5,10,1
43170,0:2:2;0:3:2;1:3:2;1:3:3,1,0,1,0,0,1,0,0,0,0,0,1,3,24
43171,0:2:2;0:3:2;1:3:2;1:3:3,1,1,1,0,0,1,0,0,0,0,0,1,9,24
43172,0:2:2;0:3:2;1:3:2;1:3:3,1,2,1,1,0,0,1,1,1,1,1,5,10,3
43173,0:2:2;0:3:2;1:3:2;1:3:3,1,3,1,1,1,0,1,1,1,1,1,5,10,3
43174,0:2:2;0:3:2;1:3:2;1:3:3,1,4,1,1,1,0,1,1,1,1,1,5,10,1
43175,0:2:2;0:3:2;1:3:2;1:3:3,1,5,1,1,1,0,1,1,1,1,1,5,10,1
43176,0:2:2;0:3:2;1:3:2;1:3:3,2,0,1,1,0,1,0,0,0,1,1,6,16,16
43177,0:2:2;0:3:2;1:3:2;1:3:3,2,1,1,1,0,0,1,1,1,1,1,5,10,13
43178,0:2:2;0:3:2;1:3:2;1:3:3,2,2,1,1,1,0,1,1,1,1,1,5,10,3
43179,0:2:2;0:3:2;1:3:2;1:3:3,2,3,1,1,1,0,1,1,1,1,1,5,10,3
43180,0:2:2;0:3:2;1:3:2;1:3:3,2,4,1,1,1,0,1,1,1,1,1,5,10,1
43181,0:2:2;0:3:2;1:3:2;1:3:3,2,5,1,1,1,0,1,1,1,1,1,5,10,1
43182,0:2:2;0:3:2;1:3:2;1:3:3,3,0,1,1,0,0,1,1,1,1,1,5,10,14
43183,0:2:2;0:3:2;1:3:2;1:3:3,3,1,1,1,1,0,1,1,1,1,1,5,10,13
43184,0:2:2;0:3:2;1:3:2;1:3:3,3,2,1,1,1,0,1,1,1,1,1,5,10,3
43185,0:2:2;0:3:2;1:3:2;1:3:3,3,3,1,1,1,0,1,1,1,1,1,5,10,3
43186,0:2:2;0:3:2;1:3:2;1:3:3,3,4,1,1,1,0,1,1,1,1,1,5,10,1
43187,0:2:2;0:3:2;1:3:2;1:3:3,3,5,1,1,1,0,1,1,1,1,1,5,10,1
43188,0:2:2;0:3:2;1:3:2;1:3:3,4,0,1,1,1,0,1,1,1,1,1,5,10,14
43189,0:2:2;0:3:2;1:3:2;1:3:3,4,1,1,1,1,0,1,1,1,1,1,5,10,13
43190,0:2:2;0:3:2;1:3:2;1:3:3,4,2,1,1,1,0,1,1,1,1,1,5,10,3
43191,0:2:2;0:3:2;1:3:2;1:3:3,4,3,1,1,1,0,1,1,1,1,1,5,10,3
43192,0:2:2;0:3:2;1:3:2;1:3:3,4,4,1,1,1,0,1,1,1,1,1,5,10,1
43193,0:2:2;0:3:2;1:3:2;1:3:3,4,5,1,1,1,0,1,1,1,1,1,5,10,1
43194,0:2:2;0:3:2;1:3:2;1:3:3,5,0,1,1,1,0,1,1,1,1,1,5,10,14
43195,0:2:2;0:3:2;1:3:2;1:3:3,5,1,1,1,1,0,1,1,1,1,1,5,10,13
43196,0:2:2;0:3:2;1:3:2;1:3:3,5,2,1,1,1,0,1,1,1,1,1,5,10,3
43197,0:2:2;0:3:2;1:3:2;1:3:3,5,3,1,1,1,0,1,1,1,1,1,5,10,3
43198,0:2:2;0:3:2;1:3:2;1:3:3,5,4,1,1,1,0,1,1,1,1,1,5,10,1
43199,0:2:2;0:3:2;1:3:2;1:3:3,5,5,1,1,1,0,1,1,1,1,1,5,10,1
43200,0:2:2;0:3:2;1:3:2;1:4:3,0,0,1,0,0,1,0,0,0,0,0,1,1,24
43201,0:2:2;0:3:2;1:3:2;1:4:3,0,1,1,0,0,1,0,0,0,0,0,1,3,24
43202,0:2:2;0:3:2;1:3:2;1:4:3,0,2,1,1,0,0,1,1,1,1,1,5,10,3
43203,0:2:2;0:3:2;1:3:2;1:4:3,0,3,1,1,0,0,1,1,1,1,1,5,10,3
43204,0:2:2;0:3:2;1:3:2;1:4:3,0,4,1,1,1,0,1,1,1,1,1,5,10,1
43205,0:2:2;0:3:2;1:3:2;1:4:3,0,5,1,1,1,0,1,1,1,1,1,5,10,1
43206,0:2:2;0:3:2;1:3:2;1:4:3,1,0,1,0,0,1,0,0,0,0,0,1,3,24
43207,0:2:2;0:3:2;1:3:2;1:4:3,1,1,1,0,0,1,0,0,0,0,0,1,9,24
43208,0:2:2;0:3:2;1:3:2;1:4:3,1,2,1,1,0,0,1,1,1,1,1,5,10,3
43209,0:2:2;0:3:2;1:3:2;1:4:3,1,3,1,1,1,0,1,1,1,1,1,5,10,3
43210,0:2:2;0:3:2;1:3:2;1:4:3,1,4,1,1,1,0,1,1,1,1,1,5,10,1
43211,0:2:2;0:3:2;1:3:2;1:4:3,1,5,1,1,1,0,1,1,1,1,1,5,10,1
43212,0:2:2;0:3:2;1:3:2;1:4:3,2,0,1,1,0,1,0,0,0,1,1,6,16,16
43213,0:2:2;0:3:2;1:3:2;1:4:3,2,1,1,1,0,0,1,1,1,1,1,5,10,13
43214,0:2:2;0:3:2;1:3:2;1:4:3,2,2,1,1,1,0,1,1,1,1,1,5,10,3
43215,0:2:2;0:3:2;1:3:2;1:4:3,2,3,1,1,1,0,1,1,1,1,1,5,10,3
43216,0:2:2;0:3:2;1:3:2;1:4:3,2,4,1,1,1,0,1,1,1,1,1,5,10,1
43217,0:2:2;0:3:2;1:3:2;1:4:3,2,5,1,1,1,0,1,1,1,1,1,5,10,1
43218,0:2:2;0:3:2;1:3:2;1:4:3,3,0,1,1,0,0,1,1,1,1,1,5,10,14
43219,0:2:2;0:3:2;1:3:2;1:4:3,3,1,1,1,1,0,1,1,1,1,1,5,10,13
43220,0:2:2;0:3:2;1:3:2;1:4:3,3,2,1,1,1,0,1,1,1,1,1,5,10,3
43221,0:2:2;0:3:2;1:3:2;1:4:3,3,3,1,1,1,0,1,1,1,1,1,5,10,3
43222,0:2:2;0:3:2;1:3:2;1:4:3,3,4,1,1,1,0,1,1,1,1,1,5,10,1
43223,0:2:2;0:3:2;1:3:2;1:4:3,3,5,1,1,1,0,1,1,1,1,1,5,10,1
43224,0:2:2;0:3:2;1:3:2;1:4:3,4,0,1,1,1,0,1,1,1,1,1,5,10,14
43225,0:2:2;0:3:2;1:3:2;1:4:3,4,1,1,1,1,0,1,1,1,1,1,5,10,13
43226,0:2:2;0:3:2;1:3:2;1:4:3,4,2,1,1,1,0,1,1,1,1,1,5,10,3
43227,0:2:2;0:3:2;1:3:2;1:4:3,4,3,1,1,1,0,1,1,1,1,1,5,10,3
43228,0:2:2;0:3:2;1:3:2;1:4:3,4,4,1,1,1,0,1,1,1,1,1,5,10,1
43229,0:2:2;0:3:2;1:3:2;1:4:3,4,5,1,1,1,0,1,1,1,1,1,5,10,1
43230,0:2:2;0:3:2;1:3:2;1:4:3,5,0,1,1,1,0,1,1,1,1,1,5,10,14
43231,0:2:2;0:3:2;1:3:2;1:4:3,5,1,1,1,1,0,1,1,1,1,1,5,10,13
43232,0:2:2;0:3:2;1:3:2;1:4:3,5,2,1,1,1,0,1,1,1,1,1,5,10,3
43233,0:2:2;0:3:2;1:3:2;1:4:3,5,3,1,1,1,0,1,1,1,1,1,5,10,3
43234,0:2:2;0:3:2;1:3:2;1:4:3,5,4,1,1,1,0,1,1,1,1,1,5,10,1
43235,0:2:2;0:3:2;1:3:2;1:4:3,5,5,1,1,1,0,1,1,1,1,1,5,10,1
43236,0:2:2;0:3:2;1:3:3;1:3:3,0,0,0,0,0,1,0,0,0,0,0,0,1,24
43237,0:2:2;0:3:2;1:3:3;1:3:3,0,1,0,0,0,1,0,0,0,0,0,0,3,24
43238,0:2:2;0:3:2;1:3:3;1:3:3,0,2,0,0,0,1,0,0,0,0,0,0,28,24
43239,0:2:2;0:3:2;1:3:3;1:3:3,0,3,0,0,0,1,0,0,0,0,0,0,42,24
43240,0:2:2;0:3:2;1:3:3;1:3:3,0,4,0,0,0,1,0,0,0,0,0,0,51,24
43241,0:2:2;0:3:2;1:3:3;1:3:3,0,5,0,0,0,1,0,0,0,0,0,0,51,24
43242,0:2:2;0:3:2;1:3:3;1:3:3,1,0,1,0,0,1,0,0,0,0,0,1,3,24
43243,0:2:2;0:3:2;1:3:3;1:3:3,1,1,1,0,0,1,0,0,0,0,0,1,9,24
43244,0:2:2;0:3:2;1:3:3;1:3:3,1,2,1,1,0,0,1,1,1,1,1,5,11,3
43245,0:2:2;0:3:2;1:3:3;1:3:3,1,3,1,1,1,0,1,1,1,1,1,5,11,3
43246,0:2:2;0:3:2;1:3:3;1:3:3,1,4,1,1,1,0,1,1,1,1,1,5,11,1
43247,0:2:2;0:3:2;1:3:3;1:3:3,1,5,1,1,1,0,1,1,1,1,1,5,11,1
43248,0:2:2;0:3:2;1:3:3;1:3:3,2,0,1,0,0,1,0,0,0,0,0,1,6,24
43249,0:2:2;0:3:2;1:3:3;1:3:3,2,1,1,0,0,1,0,0,0,0,0,1,18,24
43250,0:2:2;0:3:2;1:3:3;1:3:3,2,2,1,1,1,0,1,1,1,1,1,5,11,3
43251,0:2:2;0:3:2;1:3:3;1:3:3,2,3,1,1,1,0,1,1,1,1,1,5,11,3
43252,0:2:2;0:3:2;1:3:3;1:3:3,2,4,1,1,1,0,1,1,1,1,1,5,11,1
43253,0:2:2;0:3:2;1:3:3;1:3:3,2,5,1,1,1,0,1,1,1,1,1,5,11,1
43254,0:2:2;0:3:2;1:3:3;1:3:3,3,0,1,1,0,1,0,0,0,1,1,6,17,16
43255,0:2:2;0:3:2;1:3:3;1:3:3,3,1,1,1,1,0,1,1,1,1,1,5,11,13
43256,0:2:2;0:3:2;1:3:3;1:3:3,3,2,1,1,1,0,1,1,1,1,1,5,11,3
43257,0:2:2;0:3:2;1:3:3;1:3:3,3,3,1,1,1,0,1,1,1,1,1,5,11,3
43258,0:2:2;0:3:2;1:3:3;1:3:3,3,4,1,1,1,0,1,1,1,1,1,5,11,1
43259,0:2:2;0:3:2;1:3:3;1:3:3,3,5,1,1,1,0,1,1,1,1,1,5,11,1
43260,0:2:2;0:3:2;1:3:3;1:3:3,4,0,1,1,1,0,1,1,1,1,1,5,11,14
43261,0:2:2;0:3:2;1:3:3;1:3:3,4,1,1,1,1,0,1,1,1,1,1,5,11,13
43262,0:2:2;0:3:2;1:3:3;1:3:3,4,2,1,1,1,0,1,1,1,1,1,5,11,3
43263,0:2:2;0:3:2;1:3:3;1:3:3,4,3,1,1,1,0,1,1,1,1,1,5,11,3
43264,0:2:2;0:3:2;1:3:3;1:3:3,4,4,1,1,1,0,1,1,1,1,1,5,11,1
43265,0:2:2;0:3:2;1:3:3;1:3:3,4,5,1,1,1,0,1,1,1,1,1,5,11,1
43266,0:2:2;0:3:2;1:3:3;1:3:3,5,0,1,1,1,0,1,1,1,1,1,5,11,14
43267,0:2:2;0:3:2;1:3:3;1:3:3,5,1,1,1,1,0,1,1,1,1,1,5,11,13
43268,0:2:2;0:3:2;1:3:3;1:3:3,5,2,1,1,1,0,1,1,1,1,1,5,11,3
43269,0:2:2;0:3:2;1:3:3;1:3:3,5,3,1,1,1,0,1,1,1,1,1,5,11,3
43270,0:2:2;0:3:2;1:3:3;1:3:3,5,4,1,1,1,0,1,1,1,1,1,5,11,1
43271,0:2:2;0:3:2;1:3:3;1:3:3,5,5,1,1,1,0,1,1,1,1,1,5,11,1
43272,0:2:2;0:3:2;1:3:3;1:4:3,0,0,0,0,0,1,0,0,0,0,0,0,1,24
43273,0:2:2;0:3:2;1:3:3;1:4:3,0,1,0,0,0,1,0,0,0,0,0,0,3,24
43274,0:2:2;0:3:2;1:3:3;1:4:3,0,2,0,0,0,1,0,0,0,0,0,0,28,24
43275,0:2:2;0:3:2;1:3:3;1:4:3,0,3,0,0,0,1,0,0,0,0,0,0,42,24
43276,0:2:2;0:3:2;1:3:3;1:4:3,0,4,0,0,0,1,0,0,0,0,0,0,51,24
43277,0:2:2;0:3:2;1:3:3;1:4:3,0,5,0,0,0,1,0,0,0,0,0,0,51,24
43278,0:2:2;0:3:2;1:3:3;1:4:3,1,0,1,0,0,1,0,0,0,0,0,1,3,24
43279,0:2:2;0:3:2;1:3:3;1:4:3,1,1,1,0,0,1,0,0,0,0,0,1,9,24
43280,0:2:2;0:3:2;1:3:3;1:4:3,1,2,1,1,0,0,1,1,1,1,1,5,11,3
43281,0:2:2;0:3:2;1:3:3;1:4:3,1,3,1,1,1,0,1,1,1,1,1,5,11,3
43282,0:2:2;0:3:2;1:3:3;1:4:3,1,4,1,1,1,0,1,1,1,1,1,5,11,1
43283,0:2:2;0:3:2;1:3:3;1:4:3,1,5,1,1,1,0,1,1,1,1,1,5,11,1
43284,0:2:2;0:3:2;1:3:3;1:4:3,2,0,1,0,0,1,0,0,0,0,0,1,6,24
43285,0:2:2;0:3:2;1:3:3;1:4:3,2,1,1,0,0,1,0,0,0,0,0,1,18,24
43286,0:2:2;0:3:2;1:3:3;1:4:3,2,2,1,1,1,0,1,1,1,1,1,5,11,3
43287,0:2:2;0:3:2;1:3:3;1:4:3,2,3,1,1,1,0,1,1,1,1,1,5,11,3
43288,0:2:2;0:3:2;1:3:3;1:4:3,2,4,1,1,1,0,1,1,1,1,1,5,11,1
43289,0:2:2;0:3:2;1:3:3;1:4:3,2,5,1,1,1,0,1,1,1,1,1,5,11,1
43290,0:2:2;0:3:2;1:3:3;1:4:3,3,0,1,1,0,1,0,0,0,1,1,6,17,16
43291,0:2:2;0:3:2;1:3:3;1:4:3,3,1,1,1,1,0,1,1,1,1,1,5,11,13
43292,0:2:2;0:3:2;1:3:3;1:4:3,3,2,1,1,1,0,1,1,1,1,1,5,11,3
43293,0:2:2;0:3:2;1:3:3;1:4:3,3,3,1,1,1,0,1,1,1,1,1,5,11,3
43294,0:2:2;0:3:2;1:3:3;1:4:3,3,4,1,1,1,0,1,1,1,1,1,5,11,1
43295,0:2:2;0:3:2;1:3:3;1:4:3,3,5,1,1,1,0,1,1,1,1,1,5,11,1
43296,0:2:2;0:3:2;1:3:3;1:4:3,4,0,1,1,1,0,1,1,1,1,1,5,11,14
43297,0:2:2;0:3:2;1:3:3;1:4:3,4,1,1,1,1,0,1,1,1,1,1,5,11,13
43298,0:2:2;0:3:2;1:3:3;1:4:3,4,2,1,1,1,0,1,1,1,1,1,5,11,3
43299,0:2:2;0:3:2;1:3:3;1:4:3,4,3,1,1,1,0,1,1,1,1,1,5,11,3
43300,0:2:2;0:3:2;1:3:3;1:4:3,4,4,1,1,1,0,1,1,1,1,1,5,11,1
43301,0:2:2;0:3:2;1:3:3;1:4:3,4,5,1,1,1,0,1,1,1,1,1,5,11,1
43302,0:2:2;0:3:2;1:3:3;1:4:3,5,0,1,1,1,0,1,1,1,1,1,5,11,14
43303,0:2:2;0:3:2;1:3:3;1:4:3,5,1,1,1,1,0,1,1,1,1,1,5,11,13
43304,0:2:2;0:3:2;1:3:3;1:4:3,5,2,1,1,1,0,1,1,1,1,1,5,11,3
43305,0:2:2;0:3:2;1:3:3;1:4:3,5,3,1,1,1,0,1,1,1,1,1,5,11,3
43306,0:2:2;0:3:2;1:3:3;1:4:3,5,4,1,1,1,0,1,1,1,1,1,5,11,1
43307,0:2:2;0:3:2;1:3:3;1:4:3,5,5,1,1,1,0,1,1,1,1,1,5,11,1
43308,0:2:2;0:3:2;1:4:3;1:4:3,0,0,0,0,0,1,0,0,0,0,0,0,1,24
43309,0:2:2;0:3:2;1:4:3;1:4:3,0,1,0,0,0,1,0,0,0,0,0,0,3,24
43310,0:2:2;0:3:2;1:4:3;1:4:3,0,2,0,0,0,1,0,0,0,0,0,0,28,24
43311,0:2:2;0:3:2;1:4:3;1:4:3,0,3,0,0,0,1,0,0,0,0,0,0,42,24
43312,0:2:2;0:3:2;1:4:3;1:4:3,0,4,0,0,0,1,0,0,0,0,0,0,51,24
43313,0:2:2;0:3:2;1:4:3;1:4:3,0,5,0,0,0,1,0,0,0,0,0,0,51,24
43314,0:2:2;0:3:2;1:4:3;1:4:3,1,0,1,0,0,1,0,0,0,0,0,1,3,24
43315,0:2:2;0:3:2;1:4:3;1:4:3,1,1,1,0,0,1,0,0,0,0,0,1,9,24
43316,0:2:2;0:3:2;1:4:3;1:4:3,1,2,1,1,0,0,1,1,1,1,1,5,11,3
43317,0:2:2;0:3:2;1:4:3;1:4:3,1,3,1,1,1,0,1,1,1,1,1,5,11,3
43318,0:2:2;0:3:2;1:4:3;1:4:3,1,4,1,1,1,0,1,1,1,1,1,5,11,1
43319,0:2:2;0:3:2;1:4:3;1:4:3,1,5,1,1,1,0,1,1,1,1,1,5,11,1
43320,0:2:2;0:3:2;1:4:3;1:4:3,2,0,1,0,0,1,0,0,0,0,0,1,6,24
43321,0:2:2;0:3:2;1:4:3;1:4:3,2,1,1,0,0,1,0,0,0,0,0,1,18,24
43322,0:2:2;0:3:2;1:4:3;1:4:3,2,2,1,1,1,0,1,1,1,1,1,5,11,3
43323,0:2:2;0:3:2;1:4:3;1:4:3,2,3,1,1,1,0,1,1,1,1,1,5,11,3
43324,0:2:2;0:3:2;1:4:3;1:4:3,2,4,1,1,1,0,1,1,1,1,1,5,11,1
43325,0:2:2;0:3:2;1:4:3;1:4:3,2,5,1,1,1,0,1,1,1,1,1,5,11,1
43326,0:2:2;0:3:2;1:4:3;1:4:3,3,0,1,1,0,0,1,1,1,1,1,5,11,13
43327,0:2:2;0:3:2;1:4:3;1:4:3,3,1,1,1,1,0,1,1,1,1,1,5,11,13
43328,0:2:2;0:3:2;1:4:3;1:4:3,3,2,1,1,1,0,1,1,1,1,1,5,11,3
43329,0:2:2;0:3:2;1:4:3;1:4:3,3,3,1,1,1,0,1,1,1,1,1,5,11,3
43330,0:2:2;0:3:2;1:4:3;1:4:3,3,4,1,1,1,0,1,1,1,1,1,5,11,1
43331,0:2:2;0:3:2;1:4:3;1:4:3,3,5,1,1,1,0,1,1,1,1,1,5,11,1
43332,0:2:2;0:3:2;1:4:3;1:4:3,4,0,1,1,1,0,1,1,1,1,1,5,11,13
43333,0:2:2;0:3:2;1:4:3;1:4:3,4,1,1,1,1,0,1,1,1,1,1,5,11,13
43334,0:2:2;0:3:2;1:4:3;1:4:3,4,2,1,1,1,0,1,1,1,1,1,5,11,3
43335,0:2:2;0:3:2;1:4:3;1:4:3,4,3,1,1,1,0,1,1,1,1,1,5,11,3
43336,0:2:2;0:3:2;1:4:3;1:4:3,4,4,1,1,1,0,1,1,1,1,1,5,11,1
43337,0:2:2;0:3:2;1:4:3;1:4:3,4,5,1,1,1,0,1,1,1,1,1,5,11,1
43338,0:2:2;0:3:2;1:4:3;1:4:3,5,0,1,1,1,0,1,1,1,1,1,5,11,13
43339,0:2:2;0:3:2;1:4:3;1:4:3,5,1,1,1,1,0,1,1,1,1,1,5,11,13
43340,0:2:2;0:3:2;1:4:3;1:4:3,5,2,1,1,1,0,1,1,1,1,1,5,11,3
43341,0:2:2;0:3:2;1:4:3;1:4:3,5,3,1,1,1,0,1,1,1,1,1,5,11,3
43342,0:2:2;0:3:2;1:4:3;1:4:3,5,4,1,1,1,0,1,1,1,1,1,5,11,1
43343,0:2:2;0:3:2;1:4:3;1:4:3,5,5,1,1,1,0,1,1,1,1,1,5,11,1
43344,0:2:2;0:3:3;0:3:3;0:3:3,0,0,0,0,0,1,0,0,0,0,0,0,1,24
43345,0:2:2;0:3:3;0:3:3;0:3:3,0,1,0,0,0,1,0,0,0,0,0,0,5,24
43346,0:2:2;0:3:3;0:3:3;0:3:3,0,2,0,0,0,1,0,0,0,0,0,0,15,24
43347,0:2:2;0:3:3;0:3:3;0:3:3,0,3,0,0,0,1,0,0,0,0,0,0,34,24
43348,0:2:2;0:3:3;0:3:3;0:3:3,0,4,0,0,0,1,0,0,0,0,0,0,62,24
43349,0:2:2;0:3:3;0:3:3;0:3:3,0,5,0,0,0,1,0,0,0,0,0,0,96,24
43350,0:2:2;0:3:3;0:3:3;0:3:3,1,0,0,0,0,1,0,0,0,0,0,0,1,24
43351,0:2:2;0:3:3;0:3:3;0:3:3,1,1,0,0,0,1,0,0,0,0,0,0,5,24
43352,0:2:2;0:3:3;0:3:3;0:3:3,1,2,0,0,0,1,0,0,0,0,0,0,15,24
43353,0:2:2;0:3:3;0:3:3;0:3:3,1,3,0,0,0,1,0,0,0,0,0,0,34,24
43354,0:2:2;0:3:3;0:3:3;0:3:3,1,4,0,0,0,1,0,0,0,0,0,0,62,24
43355,0:2:2;0:3:3;0:3:3;0:3:3,1,5,0,0,0,1,0,0,0,0,0,0,96,24
43356,0:2:2;0:3:3;0:3:3;0:3:3,2,0,0,0,0,1,0,0,0,0,0,0,1,24
43357,0:2:2;0:3:3;0:3:3;0:3:3,2,1,0,0,0,1,0,0,0,0,0,0,5,24
43358,0:2:2;0:3:3;0:3:3;0:3:3,2,2,0,0,0,1,0,0,0,0,0,0,15,24
43359,0:2:2;0:3:3;0:3:3;0:3:3,2,3,0,0,0,1,0,0,0,0,0,0,34,24
43360,0:2:2;0:3:3;0:3:3;0:3:3,2,4,0,0,0,1,0,0,0,0,0,0,62,24
43361,0:2:2;0:3:3;0:3:3;0:3:3,2,5,0,0,0,1,0,0,0,0,0,0,96,24
43362,0:2:2;0:3:3;0:3:3;0:3:3,3,0,0,0,0,1,0,0,0,0,0,0,1,24
43363,0:2:2;0:3:3;0:3:3;0:3:3,3,1,0,0,0,1,0,0,0,0,0,0,5,24
43364,0:2:2;0:3:3;0:3:3;0:3:3,3,2,0,0,0,1,0,0,0,0,0,0,15,24
43365,0:2:2;0:3:3;0:3:3;0:3:3,3,3,0,0,0,1,0,0,0,0,0,0,34,24
43366,0:2:2;0:3:3;0:3:3;0:3:3,3,4,0,0,0,1,0,0,0,0,0,0,62,24
43367,0:2:2;0:3:3;0:3:3;0:3:3,3,5,0,0,0,1,0,0,0,0,0,0,96,24
43368,0:2:2;0:3:3;0:3:3;0:3:3,4,0,0,0,0,1,0,0,0,0,0,0,1,24
43369,0:2:2;0:3:3;0:3:3;0:3:3,4,1,0,0,0,1,0,0,0,0,0,0,5,24
43370,0:2:2;0:3:3;0:3:3;0:3:3,4,2,0,0,0,1,0,0,0,0,0,0,15,24
43371,0:2:2;0:3:3;0:3:3;0:3:3,4,3,0,0,0,1,0,0,0,0,0,0,34,24
43372,0:2:2;0:3:3;0:3:3;0:3:3,4,4,0,0,0,1,0,0,0,0,0,0,62,24
43373,0:2:2;0:3:3;0:3:3;0:3:3,4,5,0,0,0,1,0,0,0,0,0,0,96,24
43374,0:2:2;0:3:3;0:3:3;0:3:3,5,0,0,0,0,1,0,0,0,0,0,0,1,24
43375,0:2:2;0:3:3;0:3:3;0:3:3,5,1,0,0,0,1,0,0,0,0,0,0,5,24
43376,0:2:2;0:3:3;0:3:3;0:3:3,5,2,0,0,0,1,0,0,0,0,0,0,15,24
43377,0:2:2;0:3:3;0:3:3;0:3:3,5,3,0,0,0,1,0,0,0,0,0,0,34,24
43378,0:2:2;0:3:3;0:3:3;0:3:3,5,4,0,0,0,1,0,0,0,0,0,0,62,24
43379,0:2:2;0:3:3;0:3:3;0:3:3,5,5,0,0,0,1,0,0,0,0,0,0,96,24
43380,0:2:2;0:3:3;0:3:3;0:4:3,0,0,0,0,0,1,0,0,0,0,0,0,1,24
43381,0:2:2;0:3:3;0:3:3;0:4:3,0,1,0,0,0,1,0,0,0,0,0,0,5,24
43382,0:2:2;0:3:3;0:3:3;0:4:3,0,2,0,0,0,1,0,0,0,0,0,0,15,24
43383,0:2:2;0:3:3;0:3:3;0:4:3,0,3,0,0,0,1,0,0,0,0,0,0,34,24
43384,0:2:2;0:3:3;0:3:3;0:4:3,0,4,0,0,0,1,0,0,0,0,0,0,62,24
43385,0:2:2;0:3:3;0:3:3;0:4:3,0,5,0,0,0,1,0,0,0,0,0,0,96,24
43386,0:2:2;0:3:3;0:3:3;0:4:3,1,0,0,0,0,1,0,0,0,0,0,0,1,24
43387,0:2:2;0:3:3;0:3:3;0:4:3,1,1,0,0,0,1,0,0,0,0,0,0,5,24
43388,0:2:2;0:3:3;0:3:3;0:4:3,1,2,0,0,0,1,0,0,0,0,0,0,15,24
43389,0:2:2;0:3:3;0:3:3;0:4:3,1,3,0,0,0,1,0,0,0,0,0,0,34,24
43390,0:2:2;0:3:3;0:3:3;0:4:3,1,4,0,0,0,1,0,0,0,0,0,0,62,24
43391,0:2:2;0:3:3;0:3:3;0:4:3,1,5,0,0,0,1,0,0,0,0,0,0,96,24
43392,0:2:2;0:3:3;0:3:3;0:4:3,2,0,0,0,0,1,0,0,0,0,0,0,1,24
43393,0:2:2;0:3:3;0:3:3;0:4:3,2,1,0,0,0,1,0,0,0,0,0,0,5,24
43394,0:2:2;0:3:3;0:3:3;0:4:3,2,2,0,0,0,1,0,0,0,0,0,0,15,24
43395,0:2:2;0:3:3;0:3:3;0:4:3,2,3,0,0,0,1,0,0,0,0,0,0,34,24
43396,0:2:2;0:3:3;0:3:3;0:4:3,2,4,0,0,0,1,0,0,0,0,0,0,62,24
43397,0:2:2;0:3:3;0:3:3;0:4:3,2,5,0,0,0,1,0,0,0,0,0,0,96,24
43398,0:2:2;0:3:3;0:3:3;0:4:3,3,0,0,0,0,1,0,0,0,0,0,0,1,24
43399,0:2:2;0:3:3;0:3:3;0:4:3,3,1,0,0,0,1,0,0,0,0,0,0,5,24
43400,0:2:2;0:3:3;0:3:3;0:4:3,3,2,0,0,0,1,0,0,0,0,0,0,15,24
43401,0:2:2;0:3:3;0:3:3;0:4:3,3,3,0,0,0,1,0,0,0,0,0,0,34,24
43402,0:2:2;0:3:3;0:3:3;0:4:3,3,4,0,0,0,1,0,0,0,0,0,0,62,24
43403,0:2:2;0:3:3;0:3:3;0:4:3,3,5,0,0,0,1,0,0,0,0,0,0,96,24
43404,0:2:2;0:3:3;0:3:3;0:4:3,4,0,0,0,0,1,0,0,0,0,0,0,1,24
43405,0:2:2;0:3:3;0:3:3;0:4:3,4,1,0,0,0,1,0,0,0,0,0,0,5,24
43406,0:2:2;0:3:3;0:3:3;0:4:3,4,2,0,0,0,1,0,0,0,0,0,0,15,24
43407,0:2:2;0:3:3;0:3:3;0:4:3,4,3,0,0,0,1,0,0,0,0,0,0,34,24
43408,0:2:2;0:3:3;0:3:3;0:4:3,4,4,0,0,0,1,0,0,0,0,0,0,62,24
43409,0:2:2;0:3:3;0:3:3;0:4:3,4,5,0,0,0,1,0,0,0,0,0,0,96,24
43410,0:2:2;0:3:3;0:3:3;0:4:3,5,0,0,0,0,1,0,0,0,0,0,0,1,24
43411,0:2:2;0:3:3;0:3:3;0:4:3,5,1,0,0,0,1,0,0,0,0,0,0,5,24
43412,0:2:2;0:3:3;0:3:3;0:4:3,5,2,0,0,0,1,0,0,0,0,0,0,15,24
43413,0:2:2;0:3:3;0:3:3;0:4:3,5,3,0,0,0,1,0,0,0,0,0,0,34,24
43414,0:2:2;0:3:3;0:3:3;0:4:3,5,4,0,0,0,1,0,0,0,0,0,0,62,24
43415,0:2:2;0:3:3;0:3:3;0:4:3,5,5,0,0,0,1,0,0,0,0,0,0,96,24
43416,0:2:2;0:3:3;0:3:3;1:1:1,0,0,0,0,0,1,0,0,0,0,0,0,1,24
43417,0:2:2;0:3:3;0:3:3;1:1:1,0,1,0,0,0,1,0,0,0,0,0,0,4,24
43418,0:2:2;0:3:3;0:3:3;1:1:1,0,2,0,0,0,1,0,0,0,0,0,0,13,24
43419,0:2:2;0:3:3;0:3:3;1:1:1,0,3,0,0,0,1,0,0,0,0,0,0,31,24
43420,0:2:2;0:3:3;0:3:3;1:1:1,0,4,0,0,0,1,0,0,0,0,0,0,49,24
43421,0:2:2;0:3:3;0:3:3;1:1:1,0,5,0,0,0,1,0,0,0,0,0,0,64,24
43422,0:2:2;0:3:3;0:3:3;1:1:1,1,0,0,0,0,1,0,0,0,0,0,0,5,24
43423,0:2:2;0:3:3;0:3:3;1:1:1,1,1,0,0,0,1,0,0,0,0,0,0,14,24
43424,0:2:2;0:3:3;0:3:3;1:1:1,1,2,0,0,0,1,0,0,0,0,0,0,29,24
43425,0:2:2;0:3:3;0:3:3;1:1:1,1,3,0,0,0,1,0,0,0,0,0,0,48,24
43426,0:2:2;0:3:3;0:3:3;1:1:1,1,4,0,0,0,1,0,0,0,0,0,0,67,24
43427,0:2:2;0:3:3;0:3:3;1:1:1,1,5,0,0,0,1,0,0,0,0,0,0,82,24
43428,0:2:2;0:3:3;0:3:3;1:1:1,2,0,0,0,0,1,0,0,0,0,0,0,5,24
43429,0:2:2;0:3:3;0:3:3;1:1:1,2,1,0,0,0,1,0,0,0,0,0,0,14,24
43430,0:2:2;0:3:3;0:3:3;1:1:1,2,2,0,0,0,1,0,0,0,0,0,0,29,24
43431,0:2:2;0:3:3;0:3:3;1:1:1,2,3,0,0,0,1,0,0,0,0,0,0,48,24
43432,0:2:2;0:3:3;0:3:3;1:1:1,2,4,0,0,0,1,0,0,0,0,0,0,67,24
43433,0:2:2;0:3:3;0:3:3;1:1:1,2,5,0,0,0,1,0,0,0,0,0,0,82,24
43434,0:2:2;0:3:3;0:3:3;1:1:1,3,0,0,0,0,1,0,0,0,0,0,0,5,24
43435,0:2:2;0:3:3;0:3:3;1:1:1,3,1,0,0,0,1,0,0,0,0,0,0,14,24
43436,0:2:2;0:3:3;0:3:3;1:1:1,3,2,0,0,0,1,0,0,0,0,0,0,29,24
43437,0:2:2;0:3:3;0:3:3;1:1:1,3,3,0,0,0,1,0,0,0,0,0,0,48,24
43438,0:2:2;0:3:3;0:3:3;1:1:1,3,4,0,0,0,1,0,0,0,0,0,0,67,24
43439,0:2:2;0:3:3;0:3:3;1:1:1,3,5,0,0,0,1,0,0,0,0,0,0,82,24
43440,0:2:2;0:3:3;0:3:3;1:1:1,4,0,0,0,0,1,0,0,0,0,0,0,5,24
43441,0:2:2;0:3:3;0:3:3;1:1:1,4,1,0,0,0,1,0,0,0,0,0,0,14,24
43442,0:2:2;0:3:3;0:3:3;1:1:1,4,2,0,0,0,1,0,0,0,0,0,0,29,24
43443,0:2:2;0:3:3;0:3:3;1:1:1,4,3,0,0,0,1,0,0,0,0,0,0,48,24
43444,0:2:2;0:3:3;0:3:3;1:1:1,4,4,0,0,0,1,0,0,0,0,0,0,67,24
43445,0:2:2;0:3:3;0:3:3;1:1:1,4,5,0,0,0,1,0,0,0,0,0,0,82,24
43446,0:2:2;0:3:3;0:3:3;1:1:1,5,0,0,0,0,1,0,0,0,0,0,0,5,24
43447,0:2:2;0:3:3;0:3:3;1:1:1,5,1,0,0,0,1,0,0,0,0,0,0,14,24
43448,0:2:2;0:3:3;0:3:3;1:1:1,5,2,0,0,0,1,0,0,0,0,0,0,29,24
43449,0:2:2;0:3:3;0:3:3;1:1:1,5,3,0,0,0,1,0,0,0,0,0,0,48,24
43450,0:2:2;0:3:3;0:3:3;1:1:1,5,4,0,0,0,1,0,0,0,0,0,0,67,24
43451,0:2:2;0:3:3;0:3:3;1:1:1,5,5,0,0,0,1,0,0,0,0,0,0,82,24
43452,0:2:2;0:3:3;0:3:3;1:2:1,0,0,0,0,0,1,0,0,0,0,0,0,1,24
43453,0:2:2;0:3:3;0:3:3;1:2:1,0,1,0,0,0,1,0,0,0,0,0,0,4,24
43454,0:2:2;0:3:3;0:3:3;1:2:1,0,2,0,0,0,1,0,0,0,0,0,0,16,24
43455,0:2:2;0:3:3;0:3:3;1:2:1,0,3,0,0,0,1,0,0,0,0,0,0,39,24
43456,0:2:2;0:3:3;0:3:3;1:2:1,0,4,0,0,0,1,0,0,0,0,0,0,55,24
43457,0:2:2;0:3:3;0:3:3;1:2:1,0,5,0,0,0,1,0,0,0,0,0,0,67,24
43458,0:2:2;0:3:3;0:3:3;1:2:1,1,0,0,0,0,1,0,0,0,0,0,0,11,24
43459,0:2:2;0:3:3;0:3:3;1:2:1,1,1,0,0,0,1,0,0,0,0,0,0,23,24
43460,0:2:2;0:3:3;0:3:3;1:2:1,1,2,0,0,0,1,0,0,0,0,0,0,39,24
43461,0:2:2;0:3:3;0:3:3;1:2:1,1,3,0,0,0,1,0,0,0,0,0,0,57,24
43462,0:2:2;0:3:3;0:3:3;1:2:1,1,4,0,0,0,1,0,0,0,0,0,0,73,24
43463,0:2:2;0:3:3;0:3:3;1:2:1,1,5,0,0,0,1,0,0,0,0,0,0,85,24
43464,0:2:2;0:3:3;0:3:3;1:2:1,2,0,0,0,0,1,0,0,0,0,0,0,11,24
43465,0:2:2;0:3:3;0:3:3;1:2:1,2,1,0,0,0,1,0,0,0,0,0,0,23,24
43466,0:2:2;0:3:3;0:3:3;1:2:1,2,2,0,0,0,1,0,0,0,0,0,0,39,24
43467,0:2:2;0:3:3;0:3:3;1:2:1,2,3,0,0,0,1,0,0,0,0,0,0,57,24
43468,0:2:2;0:3:3;0:3:3;1:2:1,2,4,0,0,0,1,0,0,0,0,0,0,73,24
43469,0:2:2;0:3:3;0:3:3;1:2:1,2,5,0,0,0,1,0,0,0,0,0,0,85,24
43470,0:2:2;0:3:3;0:3:3;1:2:1,3,0,0,0,0,1,0,0,0,0,0,0,11,24
43471,0:2:2;0:3:3;0:3:3;1:2:1,3,1,0,0,0,1,0,0,0,0,0,0,23,24
43472,0:2:2;0:3:3;0:3:3;1:2:1,3,2,0,0,0,1,0,0,0,0,0,0,39,24
43473,0:2:2;0:3:3;0:3:3;1:2:1,3,3,0,0,0,1,0,0,0,0,0,0,57,24
43474,0:2:2;0:3:3;0:3:3;1:2:1,3,4,0,0,0,1,0,0,0,0,0,0,73,24
43475,0:2:2;0:3:3;0:3:3;1:2:1,3,5,0,0,0,1,0,0,0,0,0,0,85,24
43476,0:2:2;0:3:3;0:3:3;1:2:1,4,0,0,0,0,1,0,0,0,0,0,0,11,24
43477,0:2:2;0:3:3;0:3:3;1:2:1,4,1,0,0,0,1,0,0,0,0,0,0,23,24
43478,0:2:2;0:3:3;0:3:3;1:2:1,4,2,0,0,0,1,0,0,0,0,0,0,39,24
43479,0:2:2;0:3:3;0:3:3;1:2:1,4,3,0,0,0,1,0,0,0,0,0,0,57,24
43480,0:2:2;0:3:3;0:3:3;1:2:1,4,4,0,0,0,1,0,0,0,0,0,0,73,24
43481,0:2:2;0:3:3;0:3:3;1:2:1,4,5,0,0,0,1,0,0,0,0,0,0,85,24
43482,0:2:2;0:3:3;0:3:3;1:2:1,5,0,0,0,0,1,0,0,0,0,0,0,11,24
43483,0:2:2;0:3:3;0:3:3;1:2:1,5,1,0,0,0,1,0,0,0,0,0,0,23,24
43484,0:2:2;0:3:3;0:3:3;1:2:1,5,2,0,0,0,1,0,0,0,0,0,0,39,24
43485,0:2:2;0:3:3;0:3:3;1:2:1,5,3,0,0,0,1,0,0,0,0,0,0,57,24
43486,0:2:2;0:3:3;0:3:3;1:2:1,5,4,0,0,0,1,0,0,0,0,0,0,73,24
43487,0:2:2;0:3:3;0:3:3;1:2:1,5,5,0,0,0,1,0,0,0,0,0,0,85,24
43488,0:2:2;0:3:3;0:3:3;1:2:2,0,0,0,0,0,1,0,0,0,0,0,0,1,24
43489,0:2:2;0:3:3;0:3:3;1:2:2,0,1,0,0,0,1,0,0,0,0,0,0,4,24
43490,0:2:2;0:3:3;0:3:3;1:2:2,0,2,0,0,0,1,0,0,0,0,0,0,17,24
43491,0:2:2;0:3:3;0:3:3;1:2:2,0,3,0,0,0,1,0,0,0,0,0,0,44,24
43492,0:2:2;0:3:3;0:3:3;1:2:2,0,4,0,0,0,1,0,0,0,0,0,0,67,24
43493,0:2:2;0:3:3;0:3:3;1:2:2,0,5,0,0,0,1,0,0,0,0,0,0,87,24
43494,0:2:2;0:3:3;0:3:3;1:2:2,1,0,0,0,0,1,0,0,0,0,0,0,2,24
43495,0:2:2;0:3:3;0:3:3;1:2:2,1,1,0,0,0,1,0,0,0,0,0,0,8,24
43496,0:2:2;0:3:3;0:3:3;1:2:2,1,2,0,0,0,1,0,0,0,0,0,0,26,24
43497,0:2:2;0:3:3;0:3:3;1:2:2,1,3,0,0,0,1,0,0,0,0,0,0,58,24
43498,0:2:2;0:3:3;0:3:3;1:2:2,1,4,0,0,0,1,0,0,0,0,0,0,84,24
43499,0:2:2;0:3:3;0:3:3;1:2:2,1,5,0,0,0,1,0,0,0,0,0,0,105,24
43500,0:2:2;0:3:3;0:3:3;1:2:2,2,0,0,0,0,1,0,0,0,0,0,0,12,24
43501,0:2:2;0:3:3;0:3:3;1:2:2,2,1,0,0,0,1,0,0,0,0,0,0,27,24
43502,0:2:2;0:3:3;0:3:3;1:2:2,2,2,0,0,0,1,0,0,0,0,0,0,49,24
43503,0:2:2;0:3:3;0:3:3;1:2:2,2,3,0,0,0,1,0,0,0,0,0,0,76,24
43504,0:2:2;0:3:3;0:3:3;1:2:2,2,4,0,0,0,1,0,0,0,0,0,0,102,24
43505,0:2:2;0:3:3;0:3:3;1:2:2,2,5,0,0,0,1,0,0,0,0,0,0,123,24
43506,0:2:2;0:3:3;0:3:3;1:2:2,3,0,0,0,0,1,0,0,0,0,0,0,12,24
43507,0:2:2;0:3:3;0:3:3;1:2:2,3,1,0,0,0,1,0,0,0,0,0,0,27,24
43508,0:2:2;0:3:3;0:3:3;1:2:2,3,2,0,0,0,1,0,0,0,0,0,0,49,24
43509,0:2:2;0:3:3;0:3:3;1:2:2,3,3,0,0,0,1,0,0,0,0,0,0,76,24
43510,0:2:2;0:3:3;0:3:3;1:2:2,3,4,0,0,0,1,0,0,0,0,0,0,102,24
43511,0:2:2;0:3:3;0:3:3;1:2:2,3,5,0,0,0,1,0,0,0,0,0,0,123,24
43512,0:2:2;0:3:3;0:3:3;1:2:2,4,0,0,0,0,1,0,0,0,0,0,0,12,24
43513,0:2:2;0:3:3;0:3:3;1:2:2,4,1,0,0,0,1,0,0,0,0,0,0,27,24
43514,0:2:2;0:3:3;0:3:3;1:2:2,4,2,0,0,0,1,0,0,0,0,0,0,49,24
43515,0:2:2;0:3:3;0:3:3;1:2:2,4,3,0,0,0,1,0,0,0,0,0,0,76,24
43516,0:2:2;0:3:3;0:3:3;1:2:2,4,4,0,0,0,1,0,0,0,0,0,0,102,24
43517,0:2:2;0:3:3;0:3:3;1:2:2,4,5,0,0,0,1,0,0,0,0,0,0,123,24
43518,0:2:2;0:3:3;0:3:3;1:2:2,5,0,0,0,0,1,0,0,0,0,0,0,12,24
43519,0:2:2;0:3:3;0:3:3;1:2:2,5,1,0,0,0,1,0,0,0,0,0,0,27,24
43520,0:2:2;0:3:3;0:3:3;1:2:2,5,2,0,0,0,1,0,0,0,0,0,0,49,24
43521,0:2:2;0:3:3;0:3:3;1:2:2,5,3,0,0,0,1,0,0,0,0,0,0,76,24
43522,0:2:2;0:3:3;0:3:3;1:2:2,5,4,0,0,0,1,0,0,0,0,0,0,102,24
43523,0:2:2;0:3:3;0:3:3;1:2:2,5,5,0,0,0,1,0,0,0,0,0,0,123,24
43524,0:2:2;0:3:3;0:3:3;1:3:2,0,0,0,0,0,1,0,0,0,0,0,0,1,24
43525,0:2:2;0:3:3;0:3:3;1:3:2,0,1,0,0,0,1,0,0,0,0,0,0,4,24
43526,0:2:2;0:3:3;0:3:3;1:3:2,0,2,0,0,0,1,0,0,0,0,0,0,21,24
43527,0:2:2;0:3:3;0:3:3;1:3:2,0,3,0,0,0,1,0,0,0,0,0,0,50,24
43528,0:2:2;0:3:3;0:3:3;1:3:2,0,4,0,0,0,1,0,0,0,0,0,0,70,24
43529,0:2:2;0:3:3;0:3:3;1:3:2,0,5,1,1,1,0,1,1,1,1,1,5,11,2
43530,0:2:2;0:3:3;0:3:3;1:3:2,1,0,0,0,0,1,0,0,0,0,0,0,2,24
43531,0:2:2;0:3:3;0:3:3;1:3:2,1,1,0,0,0,1,0,0,0,0,0,0,8,24
43532,0:2:2;0:3:3;0:3:3;1:3:2,1,2,0,0,0,1,0,0,0,0,0,0,30,24
43533,0:2:2;0:3:3;0:3:3;1:3:2,1,3,0,0,0,1,0,0,0,0,0,0,64,24
43534,0:2:2;0:3:3;0:3:3;1:3:2,1,4,0,0,0,1,0,0,0,0,0,0,87,24
43535,0:2:2;0:3:3;0:3:3;1:3:2,1,5,1,1,1,0,1,1,1,1,1,5,11,2
43536,0:2:2;0:3:3;0:3:3;1:3:2,2,0,0,0,0,1,0,0,0,0,0,0,21,24
43537,0:2:2;0:3:3;0:3:3;1:3:2,2,1,0,0,0,1,0,0,0,0,0,0,37,24
43538,0:2:2;0:3:3;0:3:3;1:3:2,2,2,0,0,0,1,0,0,0,0,0,0,58,24
43539,0:2:2;0:3:3;0:3:3;1:3:2,2,3,0,0,0,1,0,0,0,0,0,0,82,24
43540,0:2:2;0:3:3;0:3:3;1:3:2,2,4,0,0,0,1,0,0,0,0,0,0,105,24
43541,0:2:2;0:3:3;0:3:3;1:3:2,2,5,1,1,1,0,1,1,1,1,1,5,11,2
43542,0:2:2;0:3:3;0:3:3;1:3:2,3,0,0,0,0,1,0,0,0,0,0,0,21,24
43543,0:2:2;0:3:3;0:3:3;1:3:2,3,1,0,0,0,1,0,0,0,0,0,0,37,24
43544,0:2:2;0:3:3;0:3:3;1:3:2,3,2,0,0,0,1,0,0,0,0,0,0,58,24
43545,0:2:2;0:3:3;0:3:3;1:3:2,3,3,0,0,0,1,0,0,0,0,0,0,82,24
43546,0:2:2;0:3:3;0:3:3;1:3:2,3,4,0,0,0,1,0,0,0,0,0,0,105,24
43547,0:2:2;0:3:3;0:3:3;1:3:2,3,5,1,1,1,0,1,1,1,1,1,5,11,2
43548,0:2:2;0:3:3;0:3:3;1:3:2,4,0,0,0,0,1,0,0,0,0,0,0,21,24
43549,0:2:2;0:3:3;0:3:3;1:3:2,4,1,0,0,0,1,0,0,0,0,0,0,37,24
43550,0:2:2;0:3:3;0:3:3;1:3:2,4,2,0,0,0,1,0,0,0,0,0,0,58,24
43551,0:2:2;0:3:3;0:3:3;1:3:2,4,3,0,0,0,1,0,0,0,0,0,0,82,24
43552,0:2:2;0:3:3;0:3:3;1:3:2,4,4,0,0,0,1,0,0,0,0,0,0,105,24
43553,0:2:2;0:3:3;0:3:3;1:3:2,4,5,1,1,1,0,1,1,1,1,1,5,11,2
43554,0:2:2;0:3:3;0:3:3;1:3:2,5,0,0,0,0,1,0,0,0,0,0,0,21,24
43555,0:2:2;0:3:3;0:3:3;1:3:2,5,1,0,0,0,1,0,0,0,0,0,0,37,24
43556,0:2:2;0:3:3;0:3:3;1:3:2,5,2,0,0,0,1,0,0,0,0,0,0,58,24
43557,0:2:2;0:3:3;0:3:3;1:3:2,5,3,0,0,0,1,0,0,0,0,0,0,82,24
43558,0:2:2;0:3:3;0:3:3;1:3:2,5,4,0,0,0,1,0,0,0,0,0,0,105,24
43559,0:2:2;0:3:3;0:3:3;1:3:2,5,5,1,1,1,0,1,1,1,1,1,5,11,2
43560,0:2:2;0:3:3;0:3:3;1:3:3,0,0,0,0,0,1,0,0,0,0,0,0,1,24
43561,0:2:2;0:3:3;0:3:3;1:3:3,0,1,0,0,0,1,0,0,0,0,0,0,4,24
43562,0:2:2;0:3:3;0:3:3;1:3:3,0,2,0,0,0,1,0,0,0,0,0,0,12,24
43563,0:2:2;0:3:3;0:3:3;1:3:3,0,3,0,0,0,1,0,0,0,0,0,0,46,24
43564,0:2:2;0:3:3;0:3:3;1:3:3,0,4,0,0,0,1,0,0,0,0,0,0,73,24
43565,0:2:2;0:3:3;0:3:3;1:3:3,0,5,1,1,1,0,1,1,1,1,1,5,12,2
43566,0:2:2;0:3:3;0:3:3;1:3:3,1,0,0,0,0,1,0,0,0,0,0,0,2,24
43567,0:2:2;0:3:3;0:3:3;1:3:3,1,1,0,0,0,1,0,0,0,0,0,0,8,24
43568,0:2:2;0:3:3;0:3:3;1:3:3,1,2,0,0,0,1,0,0,0,0,0,0,31,24
43569,0:2:2;0:3:3;0:3:3;1:3:3,1,3,0,0,0,1,0,0,0,0,0,0,69,24
43570,0:2:2;0:3:3;0:3:3;1:3:3,1,4,0,0,0,1,0,0,0,0,0,0,99,24
43571,0:2:2;0:3:3;0:3:3;1:3:3,1,5,1,1,1,0,1,1,1,1,1,5,12,2
43572,0:2:2;0:3:3;0:3:3;1:3:3,2,0,0,0,0,1,0,0,0,0,0,0,3,24
43573,0:2:2;0:3:3;0:3:3;1:3:3,2,1,0,0,0,1,0,0,0,0,0,0,12,24
43574,0:2:2;0:3:3;0:3:3;1:3:3,2,2,0,0,0,1,0,0,0,0,0,0,40,24
43575,0:2:2;0:3:3;0:3:3;1:3:3,2,3,0,0,0,1,0,0,0,0,0,0,83,24
43576,0:2:2;0:3:3;0:3:3;1:3:3,2,4,0,0,0,1,0,0,0,0,0,0,116,24
43577,0:2:2;0:3:3;0:3:3;1:3:3,2,5,1,1,1,0,1,1,1,1,1,5,12,2
43578,0:2:2;0:3:3;0:3:3;1:3:3,3,0,0,0,0,1,0,0,0,0,0,0,22,24
43579,0:2:2;0:3:3;0:3:3;1:3:3,3,1,0,0,0,1,0,0,0,0,0,0,41,24
43580,0:2:2;0:3:3;0:3:3;1:3:3,3,2,0,0,0,1,0,0,0,0,0,0,68,24
43581,0:2:2;0:3:3;0:3:3;1:3:3,3,3,0,0,0,1,0,0,0,0,0,0,101,24
43582,0:2:2;0:3:3;0:3:3;1:3:3,3,4,0,0,0,1,0,0,0,0,0,0,134,24
43583,0:2:2;0:3:3;0:3:3;1:3:3,3,5,1,1,1,0,1,1,1,1,1,5,12,2
43584,0:2:2;0:3:3;0:3:3;1:3:3,4,0,0,0,0,1,0,0,0,0,0,0,22,24
43585,0:2:2;0:3:3;0:3:3;1:3:3,4,1,0,0,0,1,0,0,0,0,0,0,41,24
43586,0:2:2;0:3:3;0:3:3;1:3:3,4,2,0,0,0,1,0,0,0,0,0,0,68,24
43587,0:2:2;0:3:3;0:3:3;1:3:3,4,3,0,0,0,1,0,0,0,0,0,0,101,24
43588,0:2:2;0:3:3;0:3:3;1:3:3,4,4,0,0,0,1,0,0,0,0,0,0,134,24
43589,0:2:2;0:3:3;0:3:3;1:3:3,4,5,1,1,1,0,1,1,1,1,1,5,12,2
43590,0:2:2;0:3:3;0:3:3;1:3:3,5,0,0,0,0,1,0,0,0,0,0,0,22,24
43591,0:2:2;0:3:3;0:3:3;1:3:3,5,1,0,0,0,1,0,0,0,0,0,0,41,24
43592,0:2:2;0:3:3;0:3:3;1:3:3,5,2,0,0,0,1,0,0,0,0,0,0,68,24
43593,0:2:2;0:3:3;0:3:3;1:3:3,5,3,0,0,0,1,0,0,0,0,0,0,101,24
43594,0:2:2;0:3:3;0:3:3;1:3:3,5,4,0,0,0,1,0,0,0,0,0,0,134,24
43595,0:2:2;0:3:3;0:3:3;1:3:3,5,5,1,1,1,0,1,1,1,1,1,5,12,2
43596,0:2:2;0:3:3;0:3:3;1:4:3,0,0,0,0,0,1,0,0,0,0,0,0,1,24
43597,0:2:2;0:3:3;0:3:3;1:4:3,0,1,0,0,0,1,0,0,0,0,0,0,4,24
43598,0:2:2;0:3:3;0:3:3;1:4:3,0,2,0,0,0,1,0,0,0,0,0,0,12,24
43599,0:2:2;0:3:3;0:3:3;1:4:3,0,3,0,0,0,1,0,0,0,0,0,0,49,24
43600,0:2:2;0:3:3;0:3:3;1:4:3,0,4,1,1,0,1,0,0,1,0,1,6,30,11
43601,0:2:2;0:3:3;0:3:3;1:4:3,0,5,1,1,1,0,1,1,1,1,1,5,12,2
43602,0:2:2;0:3:3;0:3:3;1:4:3,1,0,0,0,0,1,0,0,0,0,0,0,2,24
43603,0:2:2;0:3:3;0:3:3;1:4:3,1,1,0,0,0,1,0,0,0,0,0,0,8,24
43604,0:2:2;0:3:3;0:3:3;1:4:3,1,2,0,0,0,1,0,0,0,0,0,0,34,24
43605,0:2:2;0:3:3;0:3:3;1:4:3,1,3,0,0,0,1,0,0,0,0,0,0,72,24
43606,0:2:2;0:3:3;0:3:3;1:4:3,1,4,1,1,1,0,1,1,1,1,1,5,12,5
43607,0:2:2;0:3:3;0:3:3;1:4:3,1,5,1,1,1,0,1,1,1,1,1,5,12,2
43608,0:2:2;0:3:3;0:3:3;1:4:3,2,0,0,0,0,1,0,0,0,0,0,0,3,24
43609,0:2:2;0:3:3;0:3:3;1:4:3,2,1,0,0,0,1,0,0,0,0,0,0,12,24
43610,0:2:2;0:3:3;0:3:3;1:4:3,2,2,0,0,0,1,0,0,0,0,0,0,43,24
43611,0:2:2;0:3:3;0:3:3;1:4:3,2,3,0,0,0,1,0,0,0,0,0,0,86,24
43612,0:2:2;0:3:3;0:3:3;1:4:3,2,4,1,1,1,0,1,1,1,1,1,5,12,5
43613,0:2:2;0:3:3;0:3:3;1:4:3,2,5,1,1,1,0,1,1,1,1,1,5,12,2
43614,0:2:2;0:3:3;0:3:3;1:4:3,3,0,0,0,0,1,0,0,0,0,0,0,32,24
43615,0:2:2;0:3:3;0:3:3;1:4:3,3,1,0,0,0,1,0,0,0,0,0,0,50,24
43616,0:2:2;0:3:3;0:3:3;1:4:3,3,2,0,0,0,1,0,0,0,0,0,0,74,24
43617,0:2:2;0:3:3;0:3:3;1:4:3,3,3,0,0,0,1,0,0,0,0,0,0,104,24
43618,0:2:2;0:3:3;0:3:3;1:4:3,3,4,1,1,1,0,1,1,1,1,1,5,12,5
43619,0:2:2;0:3:3;0:3:3;1:4:3,3,5,1,1,1,0,1,1,1,1,1,5,12,2
43620,0:2:2;0:3:3;0:3:3;1:4:3,4,0,0,0,0,1,0,0,0,0,0,0,32,24
43621,0:2:2;0:3:3;0:3:3;1:4:3,4,1,0,0,0,1,0,0,0,0,0,0,50,24
43622,0:2:2;0:3:3;0:3:3;1:4:3,4,2,0,0,0,1,0,0,0,0,0,0,74,24
43623,0:2:2;0:3:3;0:3:3;1:4:3,4,3,0,0,0,1,0,0,0,0,0,0,104,24
43624,0:2:2;0:3:3;0:3:3;1:4:3,4,4,1,1,1,0,1,1,1,1,1,5,12,5
43625,0:2:2;0:3:3;0:3:3;1:4:3,4,5,1,1,1,0,1,1,1,1,1,5,12,2
43626,0:2:2;0:3:3;0:3:3;1:4:3,5,0,0,0,0,1,0,0,0,0,0,0,32,24
43627,0:2:2;0:3:3;0:3:3;1:4:3,5,1,0,0,0,1,0,0,0,0,0,0,50,24
43628,0:2:2;0:3:3;0:3:3;1:4:3,5,2,0,0,0,1,0,0,0,0,0,0,74,24
43629,0:2:2;0:3:3;0:3:3;1:4:3,5,3,0,0,0,1,0,0,0,0,0,0,104,24
43630,0:2:2;0:3:3;0:3:3;1:4:3,5,4,1,1,1,0,1,1,1,1,1,5,12,5
43631,0:2:2;0:3:3;0:3:3;1:4:3,5,5,1,1,1,0,1,1,1,1,1,5,12,2
43632,0:2:2;0:3:3;0:4:3;0:4:3,0,0,0,0,0,1,0,0,0,0,0,0,1,24
43633,0:2:2;0:3:3;0:4:3;0:4:3,0,1,0,0,0,1,0,0,0,0,0,0,5,24
43634,0:2:2;0:3:3;0:4:3;0:4:3,0,2,0,0,0,1,0,0,0,0,0,0,15,24
43635,0:2:2;0:3:3;0:4:3;0:4:3,0,3,0,0,0,1,0,0,0,0,0,0,34,24
43636,0:2:2;0:3:3;0:4:3;0:4:3,0,4,0,0,0,1,0,0,0,0,0,0,62,24
43637,0:2:2;0:3:3;0:4:3;0:4:3,0,5,0,0,0,1,0,0,0,0,0,0,96,24
43638,0:2:2;0:3:3;0:4:3;0:4:3,1,0,0,0,0,1,0,0,0,0,0,0,1,24
43639,0:2:2;0:3:3;0:4:3;0:4:3,1,1,0,0,0,1,0,0,0,0,0,0,5,24
43640,0:2:2;0:3:3;0:4:3;0:4:3,1,2,0,0,0,1,0,0,0,0,0,0,15,24
43641,0:2:2;0:3:3;0:4:3;0:4:3,1,3,0,0,0,1,0,0,0,0,0,0,34,24
43642,0:2:2;0:3:3;0:4:3;0:4:3,1,4,0,0,0,1,0,0,0,0,0,0,62,24
43643,0:2:2;0:3:3;0:4:3;0:4:3,1,5,0,0,0,1,0,0,0,0,0,0,96,24
43644,0:2:2;0:3:3;0:4:3;0:4:3,2,0,0,0,0,1,0,0,0,0,0,0,1,24
43645,0:2:2;0:3:3;0:4:3;0:4:3,2,1,0,0,0,1,0,0,0,0,0,0,5,24
43646,0:2:2;0:3:3;0:4:3;0:4:3,2,2,0,0,0,1,0,0,0,0,0,0,15,24
43647,0:2:2;0:3:3;0:4:3;0:4:3,2,3,0,0,0,1,0,0,0,0,0,0,34,24
43648,0:2:2;0:3:3;0:4:3;0:4:3,2,4,0,0,0,1,0,0,0,0,0,0,62,24
43649,0:2:2;0:3:3;0:4:3;0:4:3,2,5,0,0,0,1,0,0,0,0,0,0,96,24
43650,0:2:2;0:3:3;0:4:3;0:4:3,3,0,0,0,0,1,0,0,0,0,0,0,1,24
43651,0:2:2;0:3:3;0:4:3;0:4:3,3,1,0,0,0,1,0,0,0,0,0,0,5,24
43652,0:2:2;0:3:3;0:4:3;0:4:3,3,2,0,0,0,1,0,0,0,0,0,0,15,24
43653,0:2:2;0:3:3;0:4:3;0:4:3,3,3,0,0,0,1,0,0,0,0,0,0,34,24
43654,0:2:2;0:3:3;0:4:3;0:4:3,3,4,0,0,0,1,0,0,0,0,0,0,62,24
43655,0:2:2;0:3:3;0:4:3;0:4:3,3,5,0,0,0,1,0,0,0,0,0,0,96,24
43656,0:2:2;0:3:3;0:4:3;0:4:3,4,0,0,0,0,1,0,0,0,0,0,0,1,24
43657,0:2:2;0:3:3;0:4:3;0:4:3,4,1,0,0,0,1,0,0,0,0,0,0,5,24
43658,0:2:2;0:3:3;0:4:3;0:4:3,4,2,0,0,0,1,0,0,0,0,0,0,15,24
43659,0:2:2;0:3:3;0:4:3;0:4:3,4,3,0,0,0,1,0,0,0,0,0,0,34,24
43660,0:2:2;0:3:3;0:4:3;0:4:3,4,4,0,0,0,1,0,0,0,0,0,0,62,24
43661,0:2:2;0:3:3;0:4:3;0:4:3,4,5,0,0,0,1,0,0,0,0,0,0,96,24
43662,0:2:2;0:3:3;0:4:3;0:4:3,5,0,0,0,0,1,0,0,0,0,0,0,1,24
43663,0:2:2;0:3:3;0:4:3;0:4:3,5,1,0,0,0,1,0,0,0,0,0,0,5,24
43664,0:2:2;0:3:3;0:4:3;0:4:3,5,2,0,0,0,1,0,0,0,0,0,0,15,24
43665,0:2:2;0:3:3;0:4:3;0:4:3,5,3,0,0,0,1,0,0,0,0,0,0,34,24
43666,0:2:2;0:3:3;0:4:3;0:4:3,5,4,0,0,0,1,0,0,0,0,0,0,62,24
43667,0:2:2;0:3:3;0:4:3;0:4:3,5,5,0,0,0,1,0,0,0,0,0,0,96,24
43668,0:2:2;0:3:3;0:4:3;1:1:1,0,0,0,0,0,1,0,0,0,0,0,0,1,24
43669,0:2:2;0:3:3;0:4:3;1:1:1,0,1,0,0,0,1,0,0,0,0,0,0,4,24
43670,0:2:2;0:3:3;0:4:3;1:1:1,0,2,0,0,0,1,0,0,0,0,0,0,13,24
43671,0:2:2;0:3:3;0:4:3;1:1:1,0,3,0,0,0,1,0,0,0,0,0,0,31,24
43672,0:2:2;0:3:3;0:4:3;1:1:1,0,4,0,0,0,1,0,0,0,0,0,0,49,24
43673,0:2:2;0:3:3;0:4:3;1:1:1,0,5,0,0,0,1,0,0,0,0,0,0,64,24
43674,0:2:2;0:3:3;0:4:3;1:1:1,1,0,0,0,0,1,0,0,0,0,0,0,5,24
43675,0:2:2;0:3:3;0:4:3;1:1:1,1,1,0,0,0,1,0,0,0,0,0,0,14,24
43676,0:2:2;0:3:3;0:4:3;1:1:1,1,2,0,0,0,1,0,0,0,0,0,0,29,24
43677,0:2:2;0:3:3;0:4:3;1:1:1,1,3,0,0,0,1,0,0,0,0,0,0,48,24
43678,0:2:2;0:3:3;0:4:3;1:1:1,1,4,0,0,0,1,0,0,0,0,0,0,67,24
43679,0:2:2;0:3:3;0:4:3;1:1:1,1,5,0,0,0,1,0,0,0,0,0,0,82,24
43680,0:2:2;0:3:3;0:4:3;1:1:1,2,0,0,0,0,1,0,0,0,0,0,0,5,24
43681,0:2:2;0:3:3;0:4:3;1:1:1,2,1,0,0,0,1,0,0,0,0,0,0,14,24
43682,0:2:2;0:3:3;0:4:3;1:1:1,2,2,0,0,0,1,0,0,0,0,0,0,29,24
43683,0:2:2;0:3:3;0:4:3;1:1:1,2,3,0,0,0,1,0,0,0,0,0,0,48,24
43684,0:2:2;0:3:3;0:4:3;1:1:1,2,4,0,0,0,1,0,0,0,0,0,0,67,24
43685,0:2:2;0:3:3;0:4:3;1:1:1,2,5,0,0,0,1,0,0,0,0,0,0,82,24
43686,0:2:2;0:3:3;0:4:3;1:1:1,3,0,0,0,0,1,0,0,0,0,0,0,5,24
43687,0:2:2;0:3:3;0:4:3;1:1:1,3,1,0,0,0,1,0,0,0,0,0,0,14,24
43688,0:2:2;0:3:3;0:4:3;1:1:1,3,2,0,0,0,1,0,0,0,0,0,0,29,24
43689,0:2:2;0:3:3;0:4:3;1:1:1,3,3,0,0,0,1,0,0,0,0,0,0,48,24
43690,0:2:2;0:3:3;0:4:3;1:1:1,3,4,0,0,0,1,0,0,0,0,0,0,67,24
43691,0:2:2;0:3:3;0:4:3;1:1:1,3,5,0,0,0,1,0,0,0,0,0,0,82,24
43692,0:2:2;0:3:3;0:4:3;1:1:1,4,0,0,0,0,1,0,0,0,0,0,0,5,24
43693,0:2:2;0:3:3;0:4:3;1:1:1,4,1,0,0,0,1,0,0,0,0,0,0,14,24
43694,0:2:2;0:3:3;0:4:3;1:1:1,4,2,0,0,0,1,0,0,0,0,0,0,29,24
43695,0:2:2;0:3:3;0:4:3;1:1:1,4,3,0,0,0,1,0,0,0,0,0,0,48,24
43696,0:2:2;0:3:3;0:4:3;1:1:1,4,4,0,0,0,1,0,0,0,0,0,0,67,24
43697,0:2:2;0:3:3;0:4:3;1:1:1,4,5,0,0,0,1,0,0,0,0,0,0,82,24
43698,0:2:2;0:3:3;0:4:3;1:1:1,5,0,0,0,0,1,0,0,0,0,0,0,5,24
43699,0:2:2;0:3:3;0:4:3;1:1:1,5,1,0,0,0,1,0,0,0,0,0,0,14,24
43700,0:2:2;0:3:3;0:4:3;1:1:1,5,2,0,0,0,1,0,0,0,0,0,0,29,24
43701,0:2:2;0:3:3;0:4:3;1:1:1,5,3,0,0,0,1,0,0,0,0,0,0,48,24
43702,0:2:2;0:3:3;0:4:3;1:1:1,5,4,0,0,0,1,0,0,0,0,0,0,67,24
43703,0:2:2;0:3:3;0:4:3;1:1:1,5,5,0,0,0,1,0,0,0,0,0,0,82,24
43704,0:2:2;0:3:3;0:4:3;1:2:1,0,0,0,0,0,1,0,0,0,0,0,0,1,24
43705,0:2:2;0:3:3;0:4:3;1:2:1,0,1,0,0,0,1,0,0,0,0,0,0,4,24
43706,0:2:2;0:3:3;0:4:3;1:2:1,0,2,0,0,0,1,0,0,0,0,0,0,16,24
43707,0:2:2;0:3:3;0:4:3;1:2:1,0,3,0,0,0,1,0,0,0,0,0,0,39,24
43708,0:2:2;0:3:3;0:4:3;1:2:1,0,4,0,0,0,1,0,0,0,0,0,0,55,24
43709,0:2:2;0:3:3;0:4:3;1:2:1,0,5,0,0,0,1,0,0,0,0,0,0,67,24
43710,0:2:2;0:3:3;0:4:3;1:2:1,1,0,0,0,0,1,0,0,0,0,0,0,11,24
43711,0:2:2;0:3:3;0:4:3;1:2:1,1,1,0,0,0,1,0,0,0,0,0,0,23,24
43712,0:2:2;0:3:3;0:4:3;1:2:1,1,2,0,0,0,1,0,0,0,0,0,0,39,24
43713,0:2:2;0:3:3;0:4:3;1:2:1,1,3,0,0,0,1,0,0,0,0,0,0,57,24
43714,0:2:2;0:3:3;0:4:3;1:2:1,1,4,0,0,0,1,0,0,0,0,0,0,73,24
43715,0:2:2;0:3:3;0:4:3;1:2:1,1,5,0,0,0,1,0,0,0,0,0,0,85,24
43716,0:2:2;0:3:3;0:4:3;1:2:1,2,0,0,0,0,1,0,0,0,0,0,0,11,24
43717,0:2:2;0:3:3;0:4:3;1:2:1,2,1,0,0,0,1,0,0,0,0,0,0,23,24
43718,0:2:2;0:3:3;0:4:3;1:2:1,2,2,0,0,0,1,0,0,0,0,0,0,39,24
43719,0:2:2;0:3:3;0:4:3;1:2:1,2,3,0,0,0,1,0,0,0,0,0,0,57,24
43720,0:2:2;0:3:3;0:4:3;1:2:1,2,4,0,0,0,1,0,0,0,0,0,0,73,24
43721,0:2:2;0:3:3;0:4:3;1:2:1,2,5,0,0,0,1,0,0,0,0,0,0,85,24
43722,0:2:2;0:3:3;0:4:3;1:2:1,3,0,0,0,0,1,0,0,0,0,0,0,11,24
43723,0:2:2;0:3:3;0:4:3;1:2:1,3,1,0,0,0,1,0,0,0,0,0,0,23,24
43724,0:2:2;0:3:3;0:4:3;1:2:1,3,2,0,0,0,1,0,0,0,0,0,0,39,24
43725,0:2:2;0:3:3;0:4:3;1:2:1,3,3,0,0,0,1,0,0,0,0,0,0,57,24
43726,0:2:2;0:3:3;0:4:3;1:2:1,3,4,0,0,0,1,0,0,0,0,0,0,73,24
43727,0:2:2;0:3:3;0:4:3;1:2:1,3,5,0,0,0,1,0,0,0,0,0,0,85,24
43728,0:2:2;0:3:3;0:4:3;1:2:1,4,0,0,0,0,1,0,0,0,0,0,0,11,24
43729,0:2:2;0:3:3;0:4:3;1:2:1,4,1,0,0,0,1,0,0,0,0,0,0,23,24
43730,0:2:2;0:3:3;0:4:3;1:2:1,4,2,0,0,0,1,0,0,0,0,0,0,39,24
43731,0:2:2;0:3:3;0:4:3;1:2:1,4,3,0,0,0,1,0,0,0,0,0,0,57,24
43732,0:2:2;0:3:3;0:4:3;1:2:1,4,4,0,0,0,1,0,0,0,0,0,0,73,24
43733,0:2:2;0:3:3;0:4:3;1:2:1,4,5,0,0,0,1,0,0,0,0,0,0,85,24
43734,0:2:2;0:3:3;0:4:3;1:2:1,5,0,0,0,0,1,0,0,0,0,0,0,11,24
43735,0:2:2;0:3:3;0:4:3;1:2:1,5,1,0,0,0,1,0,0,0,0,0,0,23,24
43736,0:2:2;0:3:3;0:4:3;1:2:1,5,2,0,0,0,1,0,0,0,0,0,0,39,24
43737,0:2:2;0:3:3;0:4:3;1:2:1,5,3,0,0,0,1,0,0,0,0,0,0,57,24
43738,0:2:2;0:3:3;0:4:3;1:2:1,5,4,0,0,0,1,0,0,0,0,0,0,73,24
43739,0:2:2;0:3:3;0:4:3;1:2:1,5,5,0,0,0,1,0,0,0,0,0,0,85,24
43740,0:2:2;0:3:3;0:4:3;1:2:2,0,0,0,0,0,1,0,0,0,0,0,0,1,24
43741,0:2:2;0:3:3;0:4:3;1:2:2,0,1,0,0,0,1,0,0,0,0,0,0,4,24
43742,0:2:2;0:3:3;0:4:3;1:2:2,0,2,0,0,0,1,0,0,0,0,0,0,17,24
43743,0:2:2;0:3:3;0:4:3;1:2:2,0,3,0,0,0,1,0,0,0,0,0,0,44,24
43744,0:2:2;0:3:3;0:4:3;1:2:2,0,4,0,0,0,1,0,0,0,0,0,0,67,24
43745,0:2:2;0:3:3;0:4:3;1:2:2,0,5,0,0,0,1,0,0,0,0,0,0,87,24
43746,0:2:2;0:3:3;0:4:3;1:2:2,1,0,0,0,0,1,0,0,0,0,0,0,2,24
43747,0:2:2;0:3:3;0:4:3;1:2:2,1,1,0,0,0,1,0,0,0,0,0,0,8,24
43748,0:2:2;0:3:3;0:4:3;1:2:2,1,2,0,0,0,1,0,0,0,0,0,0,26,24
43749,0:2:2;0:3:3;0:4:3;1:2:2,1,3,0,0,0,1,0,0,0,0,0,0,58,24
43750,0:2:2;0:3:3;0:4:3;1:2:2,1,4,0,0,0,1,0,0,0,0,0,0,84,24
43751,0:2:2;0:3:3;0:4:3;1:2:2,1,5,0,0,0,1,0,0,0,0,0,0,105,24
43752,0:2:2;0:3:3;0:4:3;1:2:2,2,0,0,0,0,1,0,0,0,0,0,0,12,24
43753,0:2:2;0:3:3;0:4:3;1:2:2,2,1,0,0,0,1,0,0,0,0,0,0,27,24
43754,0:2:2;0:3:3;0:4:3;1:2:2,2,2,0,0,0,1,0,0,0,0,0,0,49,24
43755,0:2:2;0:3:3;0:4:3;1:2:2,2,3,0,0,0,1,0,0,0,0,0,0,76,24
43756,0:2:2;0:3:3;0:4:3;1:2:2,2,4,0,0,0,1,0,0,0,0,0,0,102,24
43757,0:2:2;0:3:3;0:4:3;1:2:2,2,5,0,0,0,1,0,0,0,0,0,0,123,24
43758,0:2:2;0:3:3;0:4:3;1:2:2,3,0,0,0,0,1,0,0,0,0,0,0,12,24
43759,0:2:2;0:3:3;0:4:3;1:2:2,3,1,0,0,0,1,0,0,0,0,0,0,27,24
43760,0:2:2;0:3:3;0:4:3;1:2:2,3,2,0,0,0,1,0,0,0,0,0,0,49,24
43761,0:2:2;0:3:3;0:4:3;1:2:2,3,3,0,0,0,1,0,0,0,0,0,0,76,24
43762,0:2:2;0:3:3;0:4:3;1:2:2,3,4,0,0,0,1,0,0,0,0,0,0,102,24
43763,0:2:2;0:3:3;0:4:3;1:2:2,3,5,0,0,0,1,0,0,0,0,0,0,123,24
43764,0:2:2;0:3:3;0:4:3;1:2:2,4,0,0,0,0,1,0,0,0,0,0,0,12,24
43765,0:2:2;0:3:3;0:4:3;1:2:2,4,1,0,0,0,1,0,0,0,0,0,0,27,24
43766,0:2:2;0:3:3;0:4:3;1:2:2,4,2,0,0,0,1,0,0,0,0,0,0,49,24
43767,0:2:2;0:3:3;0:4:3;1:2:2,4,3,0,0,0,1,0,0,0,0,0,0,76,24
43768,0:2:2;0:3:3;0:4:3;1:2:2,4,4,0,0,0,1,0,0,0,0,0,0,102,24
43769,0:2:2;0:3:3;0:4:3;1:2:2,4,5,0,0,0,1,0,0,0,0,0,0,123,24
43770,0:2:2;0:3:3;0:4:3;1:2:2,5,0,0,0,0,1,0,0,0,0,0,0,12,24
43771,0:2:2;0:3:3;0:4:3;1:2:2,5,1,0,0,0,1,0,0,0,0,0,0,27,24
43772,0:2:2;0:3:3;0:4:3;1:2:2,5,2,0,0,0,1,0,0,0,0,0,0,49,24
43773,0:2:2;0:3:3;0:4:3;1:2:2,5,3,0,0,0,1,0,0,0,0,0,0,76,24
43774,0:2:2;0:3:3;0:4:3;1:2:2,5,4,0,0,0,1,0,0,0,0,0,0,102,24
43775,0:2:2;0:3:3;0:4:3;1:2:2,5,5,0,0,0,1,0,0,0,0,0,0,123,24
43776,0:2:2;0:3:3;0:4:3;1:3:2,0,0,0,0,0,1,0,0,0,0,0,0,1,24
43777,0:2:2;0:3:3;0:4:3;1:3:2,0,1,0,0,0,1,0,0,0,0,0,0,4,24
43778,0:2:2;0:3:3;0:4:3;1:3:2,0,2,0,0,0,1,0,0,0,0,0,0,21,24
43779,0:2:2;0:3:3;0:4:3;1:3:2,0,3,0,0,0,1,0,0,0,0,0,0,50,24
43780,0:2:2;0:3:3;0:4:3;1:3:2,0,4,0,0,0,1,0,0,0,0,0,0,70,24
43781,0:2:2;0:3:3;0:4:3;1:3:2,0,5,1,1,1,0,1,1,1,1,1,5,11,2
43782,0:2:2;0:3:3;0:4:3;1:3:2,1,0,0,0,0,1,0,0,0,0,0,0,2,24
43783,0:2:2;0:3:3;0:4:3;1:3:2,1,1,0,0,0,1,0,0,0,0,0,0,8,24
43784,0:2:2;0:3:3;0:4:3;1:3:2,1,2,0,0,0,1,0,0,0,0,0,0,30,24
43785,0:2:2;0:3:3;0:4:3;1:3:2,1,3,0,0,0,1,0,0,0,0,0,0,64,24
43786,0:2:2;0:3:3;0:4:3;1:3:2,1,4,0,0,0,1,0,0,0,0,0,0,87,24
43787,0:2:2;0:3:3;0:4:3;1:3:2,1,5,1,1,1,0,1,1,1,1,1,5,11,2
43788,0:2:2;0:3:3;0:4:3;1:3:2,2,0,0,0,0,1,0,0,0,0,0,0,21,24
43789,0:2:2;0:3:3;0:4:3;1:3:2,2,1,0,0,0,1,0,0,0,0,0,0,37,24
43790,0:2:2;0:3:3;0:4:3;1:3:2,2,2,0,0,0,1,0,0,0,0,0,0,58,24
43791,0:2:2;0:3:3;0:4:3;1:3:2,2,3,0,0,0,1,0,0,0,0,0,0,82,24
43792,0:2:2;0:3:3;0:4:3;1:3:2,2,4,0,0,0,1,0,0,0,0,0,0,105,24
43793,0:2:2;0:3:3;0:4:3;1:3:2,2,5,1,1,1,0,1,1,1,1,1,5,11,2
43794,0:2:2;0:3:3;0:4:3;1:3:2,3,0,0,0,0,1,0,0,0,0,0,0,21,24
43795,0:2:2;0:3:3;0:4:3;1:3:2,3,1,0,0,0,1,0,0,0,0,0,0,37,24
43796,0:2:2;0:3:3;0:4:3;1:3:2,3,2,0,0,0,1,0,0,0,0,0,0,58,24
43797,0:2:2;0:3:3;0:4:3;1:3:2,3,3,0,0,0,1,0,0,0,0,0,0,82,24
43798,0:2:2;0:3:3;0:4:3;1:3:2,3,4,0,0,0,1,0,0,0,0,0,0,105,24
43799,0:2:2;0:3:3;0:4:3;1:3:2,3,5,1,1,1,0,1,1,1,1,1,5,11,2
43800,0:2:2;0:3:3;0:4:3;1:3:2,4,0,0,0,0,1,0,0,0,0,0,0,21,24
43801,0:2:2;0:3:3;0:4:3;1:3:2,4,1,0,0,0,1,0,0,0,0,0,0,37,24
43802,0:2:2;0:3:3;0:4:3;1:3:2,4,2,0,0,0,1,0,0,0,0,0,0,58,24
43803,0:2:2;0:3:3;0:4:3;1:3:2,4,3,0,0,0,1,0,0,0,0,0,0,82,24
43804,0:2:2;0:3:3;0:4:3;1:3:2,4,4,0,0,0,1,0,0,0,0,0,0,105,24
43805,0:2:2;0:3:3;0:4:3;1:3:2,4,5,1,1,1,0,1,1,1,1,1,5,11,2
43806,0:2:2;0:3:3;0:4:3;1:3:2,5,0,0,0,0,1,0,0,0,0,0,0,21,24
43807,0:2:2;0:3:3;0:4:3;1:3:2,5,1,0,0,0,1,0,0,0,0,0,0,37,24
43808,0:2:2;0:3:3;0:4:3;1:3:2,5,2,0,0,0,1,0,0,0,0,0,0,58,24
43809,0:2:2;0:3:3;0:4:3;1:3:2,5,3,0,0,0,1,0,0,0,0,0,0,82,24
43810,0:2:2;0:3:3;0:4:3;1:3:2,5,4,0,0,0,1,0,0,0,0,0,0,105,24
43811,0:2:2;0:3:3;0:4:3;1:3:2,5,5,1,1,1,0,1,1,1,1,1,5,11,2
43812,0:2:2;0:3:3;0:4:3;1:3:3,0,0,0,0,0,1,0,0,0,0,0,0,1,24
43813,0:2:2;0:3:3;0:4:3;1:3:3,0,1,0,0,0,1,0,0,0,0,0,0,4,24
43814,0:2:2;0:3:3;0:4:3;1:3:3,0,2,0,0,0,1,0,0,0,0,0,0,12,24
43815,0:2:2;0:3:3;0:4:3;1:3:3,0,3,0,0,0,1,0,0,0,0,0,0,46,24
43816,0:2:2;0:3:3;0:4:3;1:3:3,0,4,0,0,0,1,0,0,0,0,0,0,73,24
43817,0:2:2;0:3:3;0:4:3;1:3:3,0,5,1,1,1,0,1,1,1,1,1,5,12,2
43818,0:2:2;0:3:3;0:4:3;1:3:3,1,0,0,0,0,1,0,0,0,0,0,0,2,24
43819,0:2:2;0:3:3;0:4:3;1:3:3,1,1,0,0,0,1,0,0,0,0,0,0,8,24
43820,0:2:2;0:3:3;0:4:3;1:3:3,1,2,0,0,0,1,0,0,0,0,0,0,31,24
43821,0:2:2;0:3:3;0:4:3;1:3:3,1,3,0,0,0,1,0,0,0,0,0,0,69,24
43822,0:2:2;0:3:3;0:4:3;1:3:3,1,4,0,0,0,1,0,0,0,0,0,0,99,24
43823,0:2:2;0:3:3;0:4:3;1:3:3,1,5,1,1,1,0,1,1,1,1,1,5,12,2
43824,0:2:2;0:3:3;0:4:3;1:3:3,2,0,0,0,0,1,0,0,0,0,0,0,3,24
43825,0:2:2;0:3:3;0:4:3;1:3:3,2,1,0,0,0,1,0,0,0,0,0,0,12,24
43826,0:2:2;0:3:3;0:4:3;1:3:3,2,2,0,0,0,1,0,0,0,0,0,0,40,24
43827,0:2:2;0:3:3;0:4:3;1:3:3,2,3,0,0,0,1,0,0,0,0,0,0,83,24
43828,0:2:2;0:3:3;0:4:3;1:3:3,2,4,0,0,0,1,0,0,0,0,0,0,116,24
43829,0:2:2;0:3:3;0:4:3;1:3:3,2,5,1,1,1,0,1,1,1,1,1,5,12,2
43830,0:2:2;0:3:3;0:4:3;1:3:3,3,0,0,0,0,1,0,0,0,0,0,0,22,24
43831,0:2:2;0:3:3;0:4:3;1:3:3,3,1,0,0,0,1,0,0,0,0,0,0,41,24
43832,0:2:2;0:3:3;0:4:3;1:3:3,3,2,0,0,0,1,0,0,0,0,0,0,68,24
43833,0:2:2;0:3:3;0:4:3;1:3:3,3,3,0,0,0,1,0,0,0,0,0,0,101,24
43834,0:2:2;0:3:3;0:4:3;1:3:3,3,4,0,0,0,1,0,0,0,0,0,0,134,24
43835,0:2:2;0:3:3;0:4:3;1:3:3,3,5,1,1,1,0,1,1,1,1,1,5,12,2
43836,0:2:2;0:3:3;0:4:3;1:3:3,4,0,0,0,0,1,0,0,0,0,0,0,22,24
43837,0:2:2;0:3:3;0:4:3;1:3:3,4,1,0,0,0,1,0,0,0,0,0,0,41,24
43838,0:2:2;0:3:3;0:4:3;1:3:3,4,2,0,0,0,1,0,0,0,0,0,0,68,24
43839,0:2:2;0:3:3;0:4:3;1:3:3,4,3,0,0,0,1,0,0,0,0,0,0,101,24
43840,0:2:2;0:3:3;0:4:3;1:3:3,4,4,0,0,0,1,0,0,0,0,0,0,134,24
43841,0:2:2;0:3:3;0:4:3;1:3:3,4,5,1,1,1,0,1,1,1,1,1,5,12,2
43842,0:2:2;0:3:3;0:4:3;1:3:3,5,0,0,0,0,1,0,0,0,0,0,0,22,24
43843,0:2:2;0:3:3;0:4:3;1:3:3,5,1,0,0,0,1,0,0,0,0,0,0,41,24
43844,0:2:2;0:3:3;0:4:3;1:3:3,5,2,0,0,0,1,0,0,0,0,0,0,68,24
43845,0:2:2;0:3:3;0:4:3;1:3:3,5,3,0,0,0,1,0,0,0,0,0,0,101,24
43846,0:2:2;0:3:3;0:4:3;1:3:3,5,4,0,0,0,1,0,0,0,0,0,0,134,24
43847,0:2:2;0:3:3;0:4:3;1:3:3,5,5,1,1,1,0,1,1,1,1,1,5,12,2
43848,0:2:2;0:3:3;0:4:3;1:4:3,0,0,0,0,0,1,0,0,0,0,0,0,1,24
43849,0:2:2;0:3:3;0:4:3;1:4:3,0,1,0,0,0,1,0,0,0,0,0,0,4,24
43850,0:2:2;0:3:3;0:4:3;1:4:3,0,2,0,0,0,1,0,0,0,0,0,0,12,24
43851,0:2:2;0:3:3;0:4:3;1:4:3,0,3,0,0,0,1,0,0,0,0,0,0,49,24
43852,0:2:2;0:3:3;0:4:3;1:4:3,0,4,1,1,0,1,0,0,1,1,1,6,30,11
43853,0:2:2;0:3:3;0:4:3;1:4:3,0,5,1,1,1,0,1,1,1,1,1,5,12,2
43854,0:2:2;0:3:3;0:4:3;1:4:3,1,0,0,0,0,1,0,0,0,0,0,0,2,24
43855,0:2:2;0:3:3;0:4:3;1:4:3,1,1,0,0,0,1,0,0,0,0,0,0,8,24
43856,0:2:2;0:3:3;0:4:3;1:4:3,1,2,0,0,0,1,0,0,0,0,0,0,34,24
43857,0:2:2;0:3:3;0:4:3;1:4:3,1,3,0,0,0,1,0,0,0,0,0,0,72,24
43858,0:2:2;0:3:3;0:4:3;1:4:3,1,4,1,1,1,0,1,1,1,1,1,5,12,5
43859,0:2:2;0:3:3;0:4:3;1:4:3,1,5,1,1,1,0,1,1,1,1,1,5,12,2
43860,0:2:2;0:3:3;0:4:3;1:4:3,2,0,0,0,0,1,0,0,0,0,0,0,3,24
43861,0:2:2;0:3:3;0:4:3;1:4:3,2,1,0,0,0,1,0,0,0,0,0,0,12,24
43862,0:2:2;0:3:3;0:4:3;1:4:3,2,2,0,0,0,1,0,0,0,0,0,0,43,24
43863,0:2:2;0:3:3;0:4:3;1:4:3,2,3,0,0,0,1,0,0,0,0,0,0,86,24
43864,0:2:2;0:3:3;0:4:3;1:4:3,2,4,1,1,1,0,1,1,1,1,1,5,12,5
43865,0:2:2;0:3:3;0:4:3;1:4:3,2,5,1,1,1,0,1,1,1,1,1,5,12,2
43866,0:2:2;0:3:3;0:4:3;1:4:3,3,0,0,0,0,1,0,0,0,0,0,0,32,24
43867,0:2:2;0:3:3;0:4:3;1:4:3,3,1,0,0,0,1,0,0,0,0,0,0,50,24
43868,0:2:2;0:3:3;0:4:3;1:4:3,3,2,0,0,0,1,0,0,0,0,0,0,74,24
43869,0:2:2;0:3:3;0:4:3;1:4:3,3,3,0,0,0,1,0,0,0,0,0,0,104,24
43870,0:2:2;0:3:3;0:4:3;1:4:3,3,4,1,1,1,0,1,1,1,1,1,5,12,5
43871,0:2:2;0:3:3;0:4:3;1:4:3,3,5,1,1,1,0,1,1,1,1,1,5,12,2
43872,0:2:2;0:3:3;0:4:3;1:4:3,4,0,0,0,0,1,0,0,0,0,0,0,32,24
43873,0:2:2;0:3:3;0:4:3;1:4:3,4,1,0,0,0,1,0,0,0,0,0,0,50,24
43874,0:2:2;0:3:3;0:4:3;1:4:3,4,2,0,0,0,1,0,0,0,0,0,0,74,24
43875,0:2:2;0:3:3;0:4:3;1:4:3,4,3,0,0,0,1,0,0,0,0,0,0,104,24
43876,0:2:2;0:3:3;0:4:3;1:4:3,4,4,1,1,1,0,1,1,1,1,1,5,12,5
43877,0:2:2;0:3:3;0:4:3;1:4:3,4,5,1,1,1,0,1,1,1,1,1,5,12,2
43878,0:2:2;0:3:3;0:4:3;1:4:3,5,0,0,0,0,1,0,0,0,0,0,0,32,24
43879,0:2:2;0:3:3;0:4:3;1:4:3,5,1,0,0,0,1,0,0,0,0,0,0,50,24
43880,0:2:2;0:3:3;0:4:3;1:4:3,5,2,0,0,0,1,0,0,0,0,0,0,74,24
43881,0:2:2;0:3:3;0:4:3;1:4:3,5,3,0,0,0,1,0,0,0,0,0,0,104,24
43882,0:2:2;0:3:3;0:4:3;1:4:3,5,4,1,1,1,0,1,1,1,1,1,5,12,5
43883,0:2:2;0:3:3;0:4:3;1:4:3,5,5,1,1,1,0,1,1,1,1,1,5,12,2
43884,0:2:2;0:3:3;1:1:1;1:1:1,0,0,0,0,0,1,0,0,0,0,0,0,1,24
43885,0:2:2;0:3:3;1:1:1;1:1:1,0,1,0,0,0,1,0,0,0,0,0,0,3,24
43886,0:2:2;0:3:3;1:1:1;1:1:1,0,2,0,0,0,1,0,0,0,0,0,0,13,24
43887,0:2:2;0:3:3;1:1:1;1:1:1,0,3,1,1,1,0,1,1,1,1,1,5,8,4
43888,0:2:2;0:3:3;1:1:1;1:1:1,0,4,1,1,1,0,1,1,1,1,1,5,8,3
43889,0:2:2;0:3:3;1:1:1;1:1:1,0,5,1,1,1,0,1,1,1,1,1,5,8,1
43890,0:2:2;0:3:3;1:1:1;1:1:1,1,0,0,0,0,1,0,0,0,0,0,0,7,24
43891,0:2:2;0:3:3;1:1:1;1:1:1,1,1,0,0,0,1,0,0,0,0,0,0,17,24
43892,0:2:2;0:3:3;1:1:1;1:1:1,1,2,0,0,0,1,0,0,0,0,0,0,29,24
43893,0:2:2;0:3:3;1:1:1;1:1:1,1,3,1,1,1,0,1,1,1,1,1,5,8,4
43894,0:2:2;0:3:3;1:1:1;1:1:1,1,4,1,1,1,0,1,1,1,1,1,5,8,3
43895,0:2:2;0:3:3;1:1:1;1:1:1,1,5,1,1,1,0,1,1,1,1,1,5,8,1
43896,0:2:2;0:3:3;1:1:1;1:1:1,2,0,0,0,0,1,0,0,0,0,0,0,13,24
43897,0:2:2;0:3:3;1:1:1;1:1:1,2,1,0,0,0,1,0,0,0,0,0,0,24,24
43898,0:2:2;0:3:3;1:1:1;1:1:1,2,2,0,0,0,1,0,0,0,0,0,0,35,24
43899,0:2:2;0:3:3;1:1:1;1:1:1,2,3,1,1,1,0,1,1,1,1,1,5,8,4
43900,0:2:2;0:3:3;1:1:1;1:1:1,2,4,1,1,1,0,1,1,1,1,1,5,8,3
43901,0:2:2;0:3:3;1:1:1;1:1:1,2,5,1,1,1,0,1,1,1,1,1,5,8,1
43902,0:2:2;0:3:3;1:1:1;1:1:1,3,0,0,0,0,1,0,0,0,0,0,0,13,24
43903,0:2:2;0:3:3;1:1:1;1:1:1,3,1,0,0,0,1,0,0,0,0,0,0,24,24
43904,0:2:2;0:3:3;1:1:1;1:1:1,3,2,0,0,0,1,0,0,0,0,0,0,35,24
43905,0:2:2;0:3:3;1:1:1;1:1:1,3,3,1,1,1,0,1,1,1,1,1,5,8,4
43906,0:2:2;0:3:3;1:1:1;1:1:1,3,4,1,1,1,0,1,1,1,1,1,5,8,3
43907,0:2:2;0:3:3;1:1:1;1:1:1,3,5,1,1,1,0,1,1,1,1,1,5,8,1
43908,0:2:2;0:3:3;1:1:1;1:1:1,4,0,0,0,0,1,0,0,0,0,0,0,13,24
43909,0:2:2;0:3:3;1:1:1;1:1:1,4,1,0,0,0,1,0,0,0,0,0,0,24,24
43910,0:2:2;0:3:3;1:1:1;1:1:1,4,2,0,0,0,1,0,0,0,0,0,0,35,24
43911,0:2:2;0:3:3;1:1:1;1:1:1,4,3,1,1,1,0,1,1,1,1,1,5,8,4
43912,0:2:2;0:3:3;1:1:1;1:1:1,4,4,1,1,1,0,1,1,1,1,1,5,8,3
43913,0:2:2;0:3:3;1:1:1;1:1:1,4,5,1,1,1,0,1,1,1,1,1,5,8,1
43914,0:2:2;0:3:3;1:1:1;1:1:1,5,0,0,0,0,1,0,0,0,0,0,0,13,24
43915,0:2:2;0:3:3;1:1:1;1:1:1,5,1,0,0,0,1,0,0,0,0,0,0,24,24
43916,0:2:2;0:3:3;1:1:1;1:1:1,5,2,0,0,0,1,0,0,0,0,0,0,35,24
43917,0:2:2;0:3:3;1:1:1;1:1:1,5,3,1,1,1,0,1,1,1,1,1,5,8,4
43918,0:2:2;0:3:3;1:1:1;1:1:1,5,4,1,1,1,0,1,1,1,1,1,5,8,3
43919,0:2:2;0:3:3;1:1:1;1:1:1,5,5,1,1,1,0,1,1,1,1,1,5,8,1
43920,0:2:2;0:3:3;1:1:1;1:2:1,0,0,0,0,0,1,0,0,0,0,0,0,1,24
43921,0:2:2;0:3:3;1:1:1;1:2:1,0,1,0,0,0,1,0,0,0,0,0,0,3,24
43922,0:2:2;0:3:3;1:1:1;1:2:1,0,2,1,1,0,0,1,1,1,1,1,5,8,4
43923,0:2:2;0:3:3;1:1:1;1:2:1,0,3,1,1,1,0,1,1,1,1,1,5,8,4
43924,0:2:2;0:3:3;1:1:1;1:2:1,0,4,1,1,1,0,1,1,1,1,1,5,8,3
43925,0:2:2;0:3:3;1:1:1;1:2:1,0,5,1,1,1,0,1,1,1,1,1,5,8,1
43926,0:2:2;0:3:3;1:1:1;1:2:1,1,0,0,0,0,1,0,0,0,0,0,0,12,24
43927,0:2:2;0:3:3;1:1:1;1:2:1,1,1,0,0,0,1,0,0,0,0,0,0,23,24
43928,0:2:2;0:3:3;1:1:1;1:2:1,1,2,1,1,1,0,1,1,1,1,1,5,8,4
43929,0:2:2;0:3:3;1:1:1;1:2:1,1,3,1,1,1,0,1,1,1,1,1,5,8,4
43930,0:2:2;0:3:3;1:1:1;1:2:1,1,4,1,1,1,0,1,1,1,1,1,5,8,3
43931,0:2:2;0:3:3;1:1:1;1:2:1,1,5,1,1,1,0,1,1,1,1,1,5,8,1
43932,0:2:2;0:3:3;1:1:1;1:2:1,2,0,0,0,0,1,0,0,0,0,0,0,19,24
43933,0:2:2;0:3:3;1:1:1;1:2:1,2,1,0,0,0,1,0,0,0,0,0,0,29,24
43934,0:2:2;0:3:3;1:1:1;1:2:1,2,2,1,1,1,0,1,1,1,1,1,5,8,4
43935,0:2:2;0:3:3;1:1:1;1:2:1,2,3,1,1,1,0,1,1,1,1,1,5,8,4
43936,0:2:2;0:3:3;1:1:1;1:2:1,2,4,1,1,1,0,1,1,1,1,1,5,8,3
43937,0:2:2;0:3:3;1:1:1;1:2:1,2,5,1,1,1,0,1,1,1,1,1,5,8,1
43938,0:2:2;0:3:3;1:1:1;1:2:1,3,0,0,0,0,1,0,0,0,0,0,0,19,24
43939,0:2:2;0:3:3;1:1:1;1:2:1,3,1,0,0,0,1,0,0,0,0,0,0,29,24
43940,0:2:2;0:3:3;1:1:1;1:2:1,3,2,1,1,1,0,1,1,1,1,1,5,8,4
43941,0:2:2;0:3:3;1:1:1;1:2:1,3,3,1,1,1,0,1,1,1,1,1,5,8,4
43942,0:2:2;0:3:3;1:1:1;1:2:1,3,4,1,1,1,0,1,1,1,1,1,5,8,3
43943,0:2:2;0:3:3;1:1:1;1:2:1,3,5,1,1,1,0,1,1,1,1,1,5,8,1
43944,0:2:2;0:3:3;1:1:1;1:2:1,4,0,0,0,0,1,0,0,0,0,0,0,19,24
43945,0:2:2;0:3:3;1:1:1;1:2:1,4,1,0,0,0,1,0,0,0,0,0,0,29,24
43946,0:2:2;0:3:3;1:1:1;1:2:1,4,2,1,1,1,0,1,1,1,1,1,5,8,4
43947,0:2:2;0:3:3;1:1:1;1:2:1,4,3,1,1,1,0,1,1,1,1,1,5,8,4
43948,0:2:2;0:3:3;1:1:1;1:2:1,4,4,1,1,1,0,1,1,1,1,1,5,8,3
43949,0:2:2;0:3:3;1:1:1;1:2:1,4,5,1,1,1,0,1,1,1,1,1,5,8,1
43950,0:2:2;0:3:3;1:1:1;1:2:1,5,0,0,0,0,1,0,0,0,0,0,0,19,24
43951,0:2:2;0:3:3;1:1:1;1:2:1,5,1,0,0,0,1,0,0,0,0,0,0,29,24
43952,0:2:2;0:3:3;1:1:1;1:2:1,5,2,1,1,1,0,1,1,1,1,1,5,8,4
43953,0:2:2;0:3:3;1:1:1;1:2:1,5,3,1,1,1,0,1,1,1,1,1,5,8,4
43954,0:2:2;0:3:3;1:1:1;1:2:1,5,4,1,1,1,0,1,1,1,1,1,5,8,3
43955,0:2:2;0:3:3;1:1:1;1:2:1,5,5,1,1,1,0,1,1,1,1,1,5,8,1
43956,0:2:2;0:3:3;1:1:1;1:2:2,0,0,0,0,0,1,0,0,0,0,0,0,1,24
43957,0:2:2;0:3:3;1:1:1;1:2:2,0,1,0,0,0,1,0,0,0,0,0,0,3,24
43958,0:2:2;0:3:3;1:1:1;1:2:2,0,2,1,0,0,1,0,0,0,0,0,4,14,24
43959,0:2:2;0:3:3;1:1:1;1:2:2,0,3,1,1,0,1,0,0,1,0,1,6,13,5
43960,0:2:2;0:3:3;1:1:1;1:2:2,0,4,1,1,1,0,1,1,1,1,1,5,9,3
43961,0:2:2;0:3:3;1:1:1;1:2:2,0,5,1,1,1,0,1,1,1,1,1,5,9,1
43962,0:2:2;0:3:3;1:1:1;1:2:2,1,0,0,0,0,1,0,0,0,0,0,0,5,24
43963,0:2:2;0:3:3;1:1:1;1:2:2,1,1,0,0,0,1,0,0,0,0,0,0,16,24
43964,0:2:2;0:3:3;1:1:1;1:2:2,1,2,1,1,0,0,1,1,1,1,1,5,9,4
43965,0:2:2;0:3:3;1:1:1;1:2:2,1,3,1,1,1,0,1,1,1,1,1,5,9,4
43966,0:2:2;0:3:3;1:1:1;1:2:2,1,4,1,1,1,0,1,1,1,1,1,5,9,3
43967,0:2:2;0:3:3;1:1:1;1:2:2,1,5,1,1,1,0,1,1,1,1,1,5,9,1
43968,0:2:2;0:3:3;1:1:1;1:2:2,2,0,0,0,0,1,0,0,0,0,0,0,16,24
43969,0:2:2;0:3:3;1:1:1;1:2:2,2,1,0,0,0,1,0,0,0,0,0,0,32,24
43970,0:2:2;0:3:3;1:1:1;1:2:2,2,2,1,1,1,0,1,1,1,1,1,5,9,4
43971,0:2:2;0:3:3;1:1:1;1:2:2,2,3,1,1,1,0,1,1,1,1,1,5,9,4
43972,0:2:2;0:3:3;1:1:1;1:2:2,2,4,1,1,1,0,1,1,1,1,1,5,9,3
43973,0:2:2;0:3:3;1:1:1;1:2:2,2,5,1,1,1,0,1,1,1,1,1,5,9,1
43974,0:2:2;0:3:3;1:1:1;1:2:2,3,0,0,0,0,1,0,0,0,0,0,0,23,24
43975,0:2:2;0:3:3;1:1:1;1:2:2,3,1,0,0,0,1,0,0,0,0,0,0,38,24
43976,0:2:2;0:3:3;1:1:1;1:2:2,3,2,1,1,1,0,1,1,1,1,1,5,9,4
43977,0:2:2;0:3:3;1:1:1;1:2:2,3,3,1,1,1,0,1,1,1,1,1,5,9,4
43978,0:2:2;0:3:3;1:1:1;1:2:2,3,4,1,1,1,0,1,1,1,1,1,5,9,3
43979,0:2:2;0:3:3;1:1:1;1:2:2,3,5,1,1,1,0,1,1,1,1,1,5,9,1
43980,0:2:2;0:3:3;1:1:1;1:2:2,4,0,0,0,0,1,0,0,0,0,0,0,23,24
43981,0:2:2;0:3:3;1:1:1;1:2:2,4,1,0,0,0,1,0,0,0,0,0,0,38,24
43982,0:2:2;0:3:3;1:1:1;1:2:2,4,2,1,1,1,0,1,1,1,1,1,5,9,4
43983,0:2:2;0:3:3;1:1:1;1:2:2,4,3,1,1,1,0,1,1,1,1,1,5,9,4
43984,0:2:2;0:3:3;1:1:1;1:2:2,4,4,1,1,1,0,1,1,1,1,1,5,9,3
43985,0:2:2;0:3:3;1:1:1;1:2:2,4,5,1,1,1,0,1,1,1,1,1,5,9,1
43986,0:2:2;0:3:3;1:1:1;1:2:2,5,0,0,0,0,1,0,0,0,0,0,0,23,24
43987,0:2:2;0:3:3;1:1:1;1:2:2,5,1,0,0,0,1,0,0,0,0,0,0,38,24
43988,0:2:2;0:3:3;1:1:1;1:2:2,5,2,1,1,1,0,1,1,1,1,1,5,9,4
43989,0:2:2;0:3:3;1:1:1;1:2:2,5,3,1,1,1,0,1,1,1,1,1,5,9,4
43990,0:2:2;0:3:3;1:1:1;1:2:2,5,4,1,1,1,0,1,1,1,1,1,5,9,3
43991,0:2:2;0:3:3;1:1:1;1:2:2,5,5,1,1,1,0,1,1,1,1,1,5,9,1
43992,0:2:2;0:3:3;1:1:1;1:3:2,0,0,0,0,0,1,0,0,0,0,0,0,1,24
43993,0:2:2;0:3:3;1:1:1;1:3:2,0,1,1,0,0,1,0,0,0,0,0,1,3,24
43994,0:2:2;0:3:3;1:1:1;1:3:2,0,2,1,1,0,1,0,0,1,1,1,6,13,5
43995,0:2:2;0:3:3;1:1:1;1:3:2,0,3,1,1,0,1,0,0,1,1,1,6,13,5
43996,0:2:2;0:3:3;1:1:1;1:3:2,0,4,1,1,1,0,1,1,1,1,1,5,9,3
43997,0:2:2;0:3:3;1:1:1;1:3:2,0,5,1,1,1,0,1,1,1,1,1,5,9,1
43998,0:2:2;0:3:3;1:1:1;1:3:2,1,0,0,0,0,1,0,0,0,0,0,0,5,24
43999,0:2:2;0:3:3;1:1:1;1:3:2,1,1,1,1,0,0,1,1,1,1,1,5,9,14
44000,0:2:2;0:3:3;1:1:1;1:3:2,1,2,1,1,0,0,1,1,1,1,1,5,9,4
44001,0:2:2;0:3:3;1:1:1;1:3:2,1,3,1,1,1,0,1,1,1,1,1,5,9,4
44002,0:2:2;0:3:3;1:1:1;1:3:2,1,4,1,1,1,0,1,1,1,1,1,5,9,3
44003,0:2:2;0:3:3;1:1:1;1:3:2,1,5,1,1,1,0,1,1,1,1,1,5,9,1
44004,0:2:2;0:3:3;1:1:1;1:3:2,2,0,0,0,0,1,0,0,0,0,0,0,22,24
44005,0:2:2;0:3:3;1:1:1;1:3:2,2,1,1,1,0,0,1,1,1,1,1,5,9,14
44006,0:2:2;0:3:3;1:1:1;1:3:2,2,2,1,1,1,0,1,1,1,1,1,5,9,4
44007,0:2:2;0:3:3;1:1:1;1:3:2,2,3,1,1,1,0,1,1,1,1,1,5,9,4
44008,0:2:2;0:3:3;1:1:1;1:3:2,2,4,1,1,1,0,1,1,1,1,1,5,9,3
44009,0:2:2;0:3:3;1:1:1;1:3:2,2,5,1,1,1,0,1,1,1,1,1,5,9,1
44010,0:2:2;0:3:3;1:1:1;1:3:2,3,0,0,0,0,1,0,0,0,0,0,0,28,24
44011,0:2:2;0:3:3;1:1:1;1:3:2,3,1,1,1,1,0,1,1,1,1,1,5,9,14
44012,0:2:2;0:3:3;1:1:1;1:3:2,3,2,1,1,1,0,1,1,1,1,1,5,9,4
44013,0:2:2;0:3:3;1:1:1;1:3:2,3,3,1,1,1,0,1,1,1,1,1,5,9,4
44014,0:2:2;0:3:3;1:1:1;1:3:2,3,4,1,1,1,0,1,1,1,1,1,5,9,3
44015,0:2:2;0:3:3;1:1:1;1:3:2,3,5,1,1,1,0,1,1,1,1,1,5,9,1
44016,0:2:2;0:3:3;1:1:1;1:3:2,4,0,0,0,0,1,0,0,0,0,0,0,28,24
44017,0:2:2;0:3:3;1:1:1;1:3:2,4,1,1,1,1,0,1,1,1,1,1,5,9,14
44018,0:2:2;0:3:3;1:1:1;1:3:2,4,2,1,1,1,0,1,1,1,1,1,5,9,4
44019,0:2:2;0:3:3;1:1:1;1:3:2,4,3,1,1,1,0,1,1,1,1,1,5,9,4
44020,0:2:2;0:3:3;1:1:1;1:3:2,4,4,1,1,1,0,1,1,1,1,1,5,9,3
44021,0:2:2;0:3:3;1:1:1;1:3:2,4,5,1,1,1,0,1,1,1,1,1,5,9,1
44022,0:2:2;0:3:3;1:1:1;1:3:2,5,0,0,0,0,1,0,0,0,0,0,0,28,24
44023,0:2:2;0:3:3;1:1:1;1:3:2,5,1,1,1,1,0,1,1,1,1,1,5,9,14
44024,0:2:2;0:3:3;1:1:1;1:3:2,5,2,1,1,1,0,1,1,1,1,1,5,9,4
44025,0:2:2;0:3:3;1:1:1;1:3:2,5,3,1,1,1,0,1,1,1,1,1,5,9,4
44026,0:2:2;0:3:3;1:1:1;1:3:2,5,4,1,1,1,0,1,1,1,1,1,5,9,3
44027,0:2:2;0:3:3;1:1:1;1:3:2,5,5,1,1,1,0,1,1,1,1,1,5,9,1
44028,0:2:2;0:3:3;1:1:1;1:3:3,0,0,0,0,0,1,0,0,0,0,0,0,1,24
44029,0:2:2;0:3:3;1:1:1;1:3:3,0,1,1,0,0,1,0,0,0,0,0,1,3,24
44030,0:2:2;0:3:3;1:1:1;1:3:3,0,2,1,0,0,1,0,0,0,0,0,3,12,24
44031,0:2:2;0:3:3;1:1:1;1:3:3,0,3,1,1,0,1,0,0,1,0,1,8,31,11
44032,0:2:2;0:3:3;1:1:1;1:3:3,0,4,1,1,0,0,1,1,1,1,1,5,10,3
44033,0:2:2;0:3:3;1:1:1;1:3:3,0,5,1,1,1,0,1,1,1,1,1,5,10,1
44034,0:2:2;0:3:3;1:1:1;1:3:3,1,0,0,0,0,1,0,0,0,0,0,0,5,24
44035,0:2:2;0:3:3;1:1:1;1:3:3,1,1,1,0,0,1,0,0,0,0,0,3,14,24
44036,0:2:2;0:3:3;1:1:1;1:3:3,1,2,1,1,0,1,0,0,1,0,1,6,16,5
44037,0:2:2;0:3:3;1:1:1;1:3:3,1,3,1,1,0,1,0,0,1,0,1,6,16,5
44038,0:2:2;0:3:3;1:1:1;1:3:3,1,4,1,1,1,0,1,1,1,1,1,5,10,3
44039,0:2:2;0:3:3;1:1:1;1:3:3,1,5,1,1,1,0,1,1,1,1,1,5,10,1
44040,0:2:2;0:3:3;1:1:1;1:3:3,2,0,0,0,0,1,0,0,0,0,0,0,9,24
44041,0:2:2;0:3:3;1:1:1;1:3:3,2,1,1,1,0,0,1,1,1,1,1,5,10,14
44042,0:2:2;0:3:3;1:1:1;1:3:3,2,2,1,1,0,0,1,1,1,1,1,5,10,4
44043,0:2:2;0:3:3;1:1:1;1:3:3,2,3,1,1,1,0,1,1,1,1,1,5,10,4
44044,0:2:2;0:3:3;1:1:1;1:3:3,2,4,1,1,1,0,1,1,1,1,1,5,10,3
44045,0:2:2;0:3:3;1:1:1;1:3:3,2,5,1,1,1,0,1,1,1,1,1,5,10,1
44046,0:2:2;0:3:3;1:1:1;1:3:3,3,0,0,0,0,1,0,0,0,0,0,0,26,24
44047,0:2:2;0:3:3;1:1:1;1:3:3,3,1,1,1,0,0,1,1,1,1,1,5,10,14
44048,0:2:2;0:3:3;1:1:1;1:3:3,3,2,1,1,1,0,1,1,1,1,1,5,10,4
44049,0:2:2;0:3:3;1:1:1;1:3:3,3,3,1,1,1,0,1,1,1,1,1,5,10,4
44050,0:2:2;0:3:3;1:1:1;1:3:3,3,4,1,1,1,0,1,1,1,1,1,5,10,3
44051,0:2:2;0:3:3;1:1:1;1:3:3,3,5,1,1,1,0,1,1,1,1,1,5,10,1
44052,0:2:2;0:3:3;1:1:1;1:3:3,4,0,0,0,0,1,0,0,0,0,0,0,32,24
44053,0:2:2;0:3:3;1:1:1;1:3:3,4,1,1,1,1,0,1,1,1,1,1,5,10,14
44054,0:2:2;0:3:3;1:1:1;1:3:3,4,2,1,1,1,0,1,1,1,1,1,5,10,4
44055,0:2:2;0:3:3;1:1:1;1:3:3,4,3,1,1,1,0,1,1,1,1,1,5,10,4
44056,0:2:2;0:3:3;1:1:1;1:3:3,4,4,1,1,1,0,1,1,1,1,1,5,10,3
44057,0:2:2;0:3:3;1:1:1;1:3:3,4,5,1,1,1,0,1,1,1,1,1,5,10,1
44058,0:2:2;0:3:3;1:1:1;1:3:3,5,0,0,0,0,1,0,0,0,0,0,0,32,24
44059,0:2:2;0:3:3;1:1:1;1:3:3,5,1,1,1,1,0,1,1,1,1,1,5,10,14
44060,0:2:2;0:3:3;1:1:1;1:3:3,5,2,1,1,1,0,1,1,1,1,1,5,10,4
44061,0:2:2;0:3:3;1:1:1;1:3:3,5,3,1,1,1,0,1,1,1,1,1,5,10,4
44062,0:2:2;0:3:3;1:1:1;1:3:3,5,4,1,1,1,0,1,1,1,1,1,5,10,3
44063,0:2:2;0:3:3;1:1:1;1:3:3,5,5,1,1,1,0,1,1,1,1,1,5,10,1
44064,0:2:2;0:3:3;1:1:1;1:4:3,0,0,1,0,0,1,0,0,0,0,0,1,1,24
44065,0:2:2;0:3:3;1:1:1;1:4:3,0,1,1,0,0,1,0,0,0,0,0,1,3,24
44066,0:2:2;0:3:3;1:1:1;1:4:3,0,2,1,0,0,1,0,0,0,0,0,3,12,24
44067,0:2:2;0:3:3;1:1:1;1:4:3,0,3,1,1,0,1,0,0,1,0,1,8,31,11
44068,0:2:2;0:3:3;1:1:1;1:4:3,0,4,1,1,0,0,1,1,1,1,1,5,10,3
44069,0:2:2;0:3:3;1:1:1;1:4:3,0,5,1,1,1,0,1,1,1,1,1,5,10,1
44070,0:2:2;0:3:3;1:1:1;1:4:3,1,0,1,0,0,1,0,0,0,0,0,2,5,24
44071,0:2:2;0:3:3;1:1:1;1:4:3,1,1,1,0,0,1,0,0,0,0,0,3,14,24
44072,0:2:2;0:3:3;1:1:1;1:4:3,1,2,1,1,0,1,0,0,1,1,1,6,16,5
44073,0:2:2;0:3:3;1:1:1;1:4:3,1,3,1,1,0,1,0,0,1,1,1,6,16,5
44074,0:2:2;0:3:3;1:1:1;1:4:3,1,4,1,1,1,0,1,1,1,1,1,5,10,3
44075,0:2:2;0:3:3;1:1:1;1:4:3,1,5,1,1,1,0,1,1,1,1,1,5,10,1
44076,0:2:2;0:3:3;1:1:1;1:4:3,2,0,1,0,0,1,0,0,0,0,0,2,9,24
44077,0:2:2;0:3:3;1:1:1;1:4:3,2,1,1,1,0,0,1,1,1,1,1,5,10,14
44078,0:2:2;0:3:3;1:1:1;1:4:3,2,2,1,1,0,0,1,1,1,1,1,5,10,4
44079,0:2:2;0:3:3;1:1:1;1:4:3,2,3,1,1,1,0,1,1,1,1,1,5,10,4
44080,0:2:2;0:3:3;1:1:1;1:4:3,2,4,1,1,1,0,1,1,1,1,1,5,10,3
44081,0:2:2;0:3:3;1:1:1;1:4:3,2,5,1,1,1,0,1,1,1,1,1,5,10,1
44082,0:2:2;0:3:3;1:1:1;1:4:3,3,0,1,1,0,1,0,0,1,1,1,6,19,20
44083,0:2:2;0:3:3;1:1:1;1:4:3,3,1,1,1,0,0,1,1,1,1,1,5,10,14
44084,0:2:2;0:3:3;1:1:1;1:4:3,3,2,1,1,1,0,1,1,1,1,1,5,10,4
44085,0:2:2;0:3:3;1:1:1;1:4:3,3,3,1,1,1,0,1,1,1,1,1,5,10,4
44086,0:2:2;0:3:3;1:1:1;1:4:3,3,4,1,1,1,0,1,1,1,1,1,5,10,3
44087,0:2:2;0:3:3;1:1:1;1:4:3,3,5,1,1,1,0,1,1,1,1,1,5,10,1
44088,0:2:2;0:3:3;1:1:1;1:4:3,4,0,1,1,0,0,1,1,1,1,1,5,10,17
44089,0:2:2;0:3:3;1:1:1;1:4:3,4,1,1,1,1,0,1,1,1,1,1,5,10,14
44090,0:2:2;0:3:3;1:1:1;1:4:3,4,2,1,1,1,0,1,1,1,1,1,5,10,4
44091,0:2:2;0:3:3;1:1:1;1:4:3,4,3,1,1,1,0,1,1,1,1,1,5,10,4
44092,0:2:2;0:3:3;1:1:1;1:4:3,4,4,1,1,1,0,1,1,1,1,1,5,10,3
44093,0:2:2;0:3:3;1:1:1;1:4:3,4,5,1,1,1,0,1,1,1,1,1,5,10,1
44094,0:2:2;0:3:3;1:1:1;1:4:3,5,0,1,1,1,0,1,1,1,1,1,5,10,17
44095,0:2:2;0:3:3;1:1:1;1:4:3,5,1,1,1,1,0,1,1,1,1,1,5,10,14
44096,0:2:2;0:3:3;1:1:1;1:4:3,5,2,1,1,1,0,1,1,1,1,1,5,10,4
44097,0:2:2;0:3:3;1:1:1;1:4:3,5,3,1,1,1,0,1,1,1,1,1,5,10,4
44098,0:2:2;0:3:3;1:1:1;1:4:3,5,4,1,1,1,0,1,1,1,1,1,5,10,3
44099,0:2:2;0:3:3;1:1:1;1:4:3,5,5,1,1,1,0,1,1,1,1,1,5,10,1
44100,0:2:2;0:3:3;1:2:1;1:2:1,0,0,0,0,0,1,0,0,0,0,0,0,1,24
44101,0:2:2;0:3:3;1:2:1;1:2:1,0,1,1,0,0,1,0,0,0,0,0,1,3,24
44102,0:2:2;0:3:3;1:2:1;1:2:1,0,2,1,1,0,0,1,1,1,1,1,5,8,4
44103,0:2:2;0:3:3;1:2:1;1:2:1,0,3,1,1,1,0,1,1,1,1,1,5,8,3
44104,0:2:2;0:3:3;1:2:1;1:2:1,0,4,1,1,1,0,1,1,1,1,1,5,8,3
44105,0:2:2;0:3:3;1:2:1;1:2:1,0,5,1,1,1,0,1,1,1,1,1,5,8,1
44106,0:2:2;0:3:3;1:2:1;1:2:1,1,0,0,0,0,1,0,0,0,0,0,0,16,24
44107,0:2:2;0:3:3;1:2:1;1:2:1,1,1,1,1,0,0,1,1,1,1,1,5,8,14
44108,0:2:2;0:3:3;1:2:1;1:2:1,1,2,1,1,1,0,1,1,1,1,1,5,8,4
44109,0:2:2;0:3:3;1:2:1;1:2:1,1,3,1,1,1,0,1,1,1,1,1,5,8,3
44110,0:2:2;0:3:3;1:2:1;1:2:1,1,4,1,1,1,0,1,1,1,1,1,5,8,3
44111,0:2:2;0:3:3;1:2:1;1:2:1,1,5,1,1,1,0,1,1,1,1,1,5,8,1
44112,0:2:2;0:3:3;1:2:1;1:2:1,2,0,0,0,0,1,0,0,0,0,0,0,24,24
44113,0:2:2;0:3:3;1:2:1;1:2:1,2,1,1,1,1,0,1,1,1,1,1,5,8,14
44114,0:2:2;0:3:3;1:2:1;1:2:1,2,2,1,1,1,0,1,1,1,1,1,5,8,4
44115,0:2:2;0:3:3;1:2:1;1:2:1,2,3,1,1,1,0,1,1,1,1,1,5,8,3
44116,0:2:2;0:3:3;1:2:1;1:2:1,2,4,1,1,1,0,1,1,1,1,1,5,8,3
44117,0:2:2;0:3:3;1:2:1;1:2:1,2,5,1,1,1,0,1,1,1,1,1,5,8,1
44118,0:2:2;0:3:3;1:2:1;1:2:1,3,0,0,0,0,1,0,0,0,0,0,0,24,24
44119,0:2:2;0:3:3;1:2:1;1:2:1,3,1,1,1,1,0,1,1,1,1,1,5,8,14
44120,0:2:2;0:3:3;1:2:1;1:2:1,3,2,1,1,1,0,1,1,1,1,1,5,8,4
44121,0:2:2;0:3:3;1:2:1;1:2:1,3,3,1,1,1,0,1,1,1,1,1,5,8,3
44122,0:2:2;0:3:3;1:2:1;1:2:1,3,4,1,1,1,0,1,1,1,1,1,5,8,3
44123,0:2:2;0:3:3;1:2:1;1:2:1,3,5,1,1,1,0,1,1,1,1,1,5,8,1
44124,0:2:2;0:3:3;1:2:1;1:2:1,4,0,0,0,0,1,0,0,0,0,0,0,24,24
44125,0:2:2;0:3:3;1:2:1;1:2:1,4,1,1,1,1,0,1,1,1,1,1,5,8,14
44126,0:2:2;0:3:3;1:2:1;1:2:1,4,2,1,1,1,0,1,1,1,1,1,5,8,4
44127,0:2:2;0:3:3;1:2:1;1:2:1,4,3,1,1,1,0,1,1,1,1,1,5,8,3
44128,0:2:2;0:3:3;1:2:1;1:2:1,4,4,1,1,1,0,1,1,1,1,1,5,8,3
44129,0:2:2;0:3:3;1:2:1;1:2:1,4,5,1,1,1,0,1,1,1,1,1,5,8,1
44130,0:2:2;0:3:3;1:2:1;1:2:1,5,0,0,0,0,1,0,0,0,0,0,0,24,24
44131,0:2:2;0:3:3;1:2:1;1:2:1,5,1,1,1,1,0,1,1,1,1,1,5,8,14
44132,0:2:2;0:3:3;1:2:1;1:2:1,5,2,1,1,1,0,1,1,1,1,1,5,8,4
44133,0:2:2;0:3:3;1:2:1;1:2:1,5,3,1,1,1,0,1,1,1,1,1,5,8,3
44134,0:2:2;0:3:3;1:2:1;1:2:1,5,4,1,1,1,0,1,1,1,1,1,5,8,3
44135,0:2:2;0:3:3;1:2:1;1:2:1,5,5,1,1,1,0,1,1,1,1,1,5,8,1
44136,0:2:2;0:3:3;1:2:1;1:2:2,0,0,0,0,0,1,0,0,0,0,0,0,1,24
44137,0:2:2;0:3:3;1:2:1;1:2:2,0,1,1,0,0,1,0,0,0,0,0,1,3,24
44138,0:2:2;0:3:3;1:2:1;1:2:2,0,2,1,0,0,1,0,0,0,0,0,4,16,24
44139,0:2:2;0:3:3;1:2:1;1:2:2,0,3,1,1,0,0,1,1,1,1,1,5,9,3
44140,0:2:2;0:3:3;1:2:1;1:2:2,0,4,1,1,1,0,1,1,1,1,1,5,9,3
44141,0:2:2;0:3:3;1:2:1;1:2:2,0,5,1,1,1,0,1,1,1,1,1,5,9,1
44142,0:2:2;0:3:3;1:2:1;1:2:2,1,0,0,0,0,1,0,0,0,0,0,0,12,24
44143,0:2:2;0:3:3;1:2:1;1:2:2,1,1,1,1,0,0,1,1,1,1,1,5,9,14
44144,0:2:2;0:3:3;1:2:1;1:2:2,1,2,1,1,0,0,1,1,1,1,1,5,9,4
44145,0:2:2;0:3:3;1:2:1;1:2:2,1,3,1,1,1,0,1,1,1,1,1,5,9,3
44146,0:2:2;0:3:3;1:2:1;1:2:2,1,4,1,1,1,0,1,1,1,1,1,5,9,3
44147,0:2:2;0:3:3;1:2:1;1:2:2,1,5,1,1,1,0,1,1,1,1,1,5,9,1
44148,0:2:2;0:3:3;1:2:1;1:2:2,2,0,0,0,0,1,0,0,0,0,0,0,23,24
44149,0:2:2;0:3:3;1:2:1;1:2:2,2,1,1,1,0,0,1,1,1,1,1,5,9,14
44150,0:2:2;0:3:3;1:2:1;1:2:2,2,2,1,1,1,0,1,1,1,1,1,5,9,4
44151,0:2:2;0:3:3;1:2:1;1:2:2,2,3,1,1,1,0,1,1,1,1,1,5,9,3
44152,0:2:2;0:3:3;1:2:1;1:2:2,2,4,1,1,1,0,1,1,1,1,1,5,9,3
44153,0:2:2;0:3:3;1:2:1;1:2:2,2,5,1,1,1,0,1,1,1,1,1,5,9,1
44154,0:2:2;0:3:3;1:2:1;1:2:2,3,0,0,0,0,1,0,0,0,0,0,0,31,24
44155,0:2:2;0:3:3;1:2:1;1:2:2,3,1,1,1,1,0,1,1,1,1,1,5,9,14
44156,0:2:2;0:3:3;1:2:1;1:2:2,3,2,1,1,1,0,1,1,1,1,1,5,9,4
44157,0:2:2;0:3:3;1:2:1;1:2:2,3,3,1,1,1,0,1,1,1,1,1,5,9,3
44158,0:2:2;0:3:3;1:2:1;1:2:2,3,4,1,1,1,0,1,1,1,1,1,5,9,3
44159,0:2:2;0:3:3;1:2:1;1:2:2,3,5,1,1,1,0,1,1,1,1,1,5,9,1
44160,0:2:2;0:3:3;1:2:1;1:2:2,4,0,0,0,0,1,0,0,0,0,0,0,31,24
44161,0:2:2;0:3:3;1:2:1;1:2:2,4,1,1,1,1,0,1,1,1,1,1,5,9,14
44162,0:2:2;0:3:3;1:2:1;1:2:2,4,2,1,1,1,0,1,1,1,1,1,5,9,4
44163,0:2:2;0:3:3;1:2:1;1:2:2,4,3,1,1,1,0,1,1,1,1,1,5,9,3
44164,0:2:2;0:3:3;1:2:1;1:2:2,4,4,1,1,1,0,1,1,1,1,1,5,9,3
44165,0:2:2;0:3:3;1:2:1;1:2:2,4,5,1,1,1,0,1,1,1,1,1,5,9,1
44166,0:2:2;0:3:3;1:2:1;1:2:2,5,0,0,0,0,1,0,0,0,0,0,0,31,24
44167,0:2:2;0:3:3;1:2:1;1:2:2,5,1,1,1,1,0,1,1,1,1,1,5,9,14
44168,0:2:2;0:3:3;1:2:1;1:2:2,5,2,1,1,1,0,1,1,1,1,1,5,9,4
44169,0:2:2;0:3:3;1:2:1;1:2:2,5,3,1,1,1,0,1,1,1,1,1,5,9,3
44170,0:2:2;0:3:3;1:2:1;1:2:2,5,4,1,1,1,0,1,1,1,1,1,5,9,3
44171,0:2:2;0:3:3;1:2:1;1:2:2,5,5,1,1,1,0,1,1,1,1,1,5,9,1
44172,0:2:2;0:3:3;1:2:1;1:3:2,0,0,1,0,0,1,0,0,0,0,0,1,1,24
44173,0:2:2;0:3:3;1:2:1;1:3:2,0,1,1,0,0,1,0,0,0,0,0,1,3,24
44174,0:2:2;0:3:3;1:2:1;1:3:2,0,2,1,1,0,1,0,0,1,0,1,6,15,5
44175,0:2:2;0:3:3;1:2:1;1:3:2,0,3,1,1,0,0,1,1,1,1,1,5,9,3
44176,0:2:2;0:3:3;1:2:1;1:3:2,0,4,1,1,1,0,1,1,1,1,1,5,9,3
44177,0:2:2;0:3:3;1:2:1;1:3:2,0,5,1,1,1,0,1,1,1,1,1,5,9,1
44178,0:2:2;0:3:3;1:2:1;1:3:2,1,0,1,1,0,0,1,1,1,1,1,5,9,14
44179,0:2:2;0:3:3;1:2:1;1:3:2,1,1,1,1,0,0,1,1,1,1,1,5,9,14
44180,0:2:2;0:3:3;1:2:1;1:3:2,1,2,1,1,0,0,1,1,1,1,1,5,9,4
44181,0:2:2;0:3:3;1:2:1;1:3:2,1,3,1,1,1,0,1,1,1,1,1,5,9,3
44182,0:2:2;0:3:3;1:2:1;1:3:2,1,4,1,1,1,0,1,1,1,1,1,5,9,3
44183,0:2:2;0:3:3;1:2:1;1:3:2,1,5,1,1,1,0,1,1,1,1,1,5,9,1
44184,0:2:2;0:3:3;1:2:1;1:3:2,2,0,1,1,0,0,1,1,1,1,1,5,9,14
44185,0:2:2;0:3:3;1:2:1;1:3:2,2,1,1,1,0,0,1,1,1,1,1,5,9,14
44186,0:2:2;0:3:3;1:2:1;1:3:2,2,2,1,1,1,0,1,1,1,1,1,5,9,4
44187,0:2:2;0:3:3;1:2:1;1:3:2,2,3,1,1,1,0,1,1,1,1,1,5,9,3
44188,0:2:2;0:3:3;1:2:1;1:3:2,2,4,1,1,1,0,1,1,1,1,1,5,9,3
44189,0:2:2;0:3:3;1:2:1;1:3:2,2,5,1,1,1,0,1,1,1,1,1,5,9,1
44190,0:2:2;0:3:3;1:2:1;1:3:2,3,0,1,1,0,0,1,1,1,1,1,5,9,14
44191,0:2:2;0:3:3;1:2:1;1:3:2,3,1,1,1,1,0,1,1,1,1,1,5,9,14
44192,0:2:2;0:3:3;1:2:1;1:3:2,3,2,1,1,1,0,1,1,1,1,1,5,9,4
44193,0:2:2;0:3:3;1:2:1;1:3:2,3,3,1,1,1,0,1,1,1,1,1,5,9,3
44194,0:2:2;0:3:3;1:2:1;1:3:2,3,4,1,1,1,0,1,1,1,1,1,5,9,3
44195,0:2:2;0:3:3;1:2:1;1:3:2,3,5,1,1,1,0,1,1,1,1,1,5,9,1
44196,0:2:2;0:3:3;1:2:1;1:3:2,4,0,1,1,1,0,1,1,1,1,1,5,9,14
44197,0:2:2;0:3:3;1:2:1;1:3:2,4,1,1,1,1,0,1,1,1,1,1,5,9,14
44198,0:2:2;0:3:3;1:2:1;1:3:2,4,2,1,1,1,0,1,1,1,1,1,5,9,4
44199,0:2:2;0:3:3;1:2:1;1:3:2,4,3,1,1,1,0,1,1,1,1,1,5,9,3
44200,0:2:2;0:3:3;1:2:1;1:3:2,4,4,1,1,1,0,1,1,1,1,1,5,9,3
44201,0:2:2;0:3:3;1:2:1;1:3:2,4,5,1,1,1,0,1,1,1,1,1,5,9,1
44202,0:2:2;0:3:3;1:2:1;1:3:2,5,0,1,1,1,0,1,1,1,1,1,5,9,14
44203,0:2:2;0:3:3;1:2:1;1:3:2,5,1,1,1,1,0,1,1,1,1,1,5,9,14
44204,0:2:2;0:3:3;1:2:1;1:3:2,5,2,1,1,1,0,1,1,1,1,1,5,9,4
44205,0:2:2;0:3:3;1:2:1;1:3:2,5,3,1,1,1,0,1,1,1,1,1,5,9,3
44206,0:2:2;0:3:3;1:2:1;1:3:2,5,4,1,1,1,0,1,1,1,1,1,5,9,3
44207,0:2:2;0:3:3;1:2:1;1:3:2,5,5,1,1,1,0,1,1,1,1,1,5,9,1
44208,0:2:2;0:3:3;1:2:1;1:3:3,0,0,1,0,0,1,0,0,0,0,0,1,1,24
44209,0:2:2;0:3:3;1:2:1;1:3:3,0,1,1,0,0,1,0,0,0,0,0,1,3,24
44210,0:2:2;0:3:3;1:2:1;1:3:3,0,2,1,0,0,1,0,0,0,0,0,3,14,24
44211,0:2:2;0:3:3;1:2:1;1:3:3,0,3,1,1,0,0,1,1,1,1,1,5,10,3
44212,0:2:2;0:3:3;1:2:1;1:3:3,0,4,1,1,0,0,1,1,1,1,1,5,10,3
44213,0:2:2;0:3:3;1:2:1;1:3:3,0,5,1,1,1,0,1,1,1,1,1,5,10,1
44214,0:2:2;0:3:3;1:2:1;1:3:3,1,0,1,0,0,1,0,0,0,0,0,3,10,24
44215,0:2:2;0:3:3;1:2:1;1:3:3,1,1,1,1,0,1,0,0,1,0,1,6,21,16
44216,0:2:2;0:3:3;1:2:1;1:3:3,1,2,1,1,0,1,0,0,1,0,1,6,19,5
44217,0:2:2;0:3:3;1:2:1;1:3:3,1,3,1,1,0,0,1,1,1,1,1,5,10,3
44218,0:2:2;0:3:3;1:2:1;1:3:3,1,4,1,1,1,0,1,1,1,1,1,5,10,3
44219,0:2:2;0:3:3;1:2:1;1:3:3,1,5,1,1,1,0,1,1,1,1,1,5,10,1
44220,0:2:2;0:3:3;1:2:1;1:3:3,2,0,1,1,0,0,1,1,1,1,1,5,10,14
44221,0:2:2;0:3:3;1:2:1;1:3:3,2,1,1,1,0,0,1,1,1,1,1,5,10,14
44222,0:2:2;0:3:3;1:2:1;1:3:3,2,2,1,1,0,0,1,1,1,1,1,5,10,4
44223,0:2:2;0:3:3;1:2:1;1:3:3,2,3,1,1,1,0,1,1,1,1,1,5,10,3
44224,0:2:2;0:3:3;1:2:1;1:3:3,2,4,1,1,1,0,1,1,1,1,1,5,10,3
44225,0:2:2;0:3:3;1:2:1;1:3:3,2,5,1,1,1,0,1,1,1,1,1,5,10,1
44226,0:2:2;0:3:3;1:2:1;1:3:3,3,0,1,1,0,0,1,1,1,1,1,5,10,14
44227,0:2:2;0:3:3;1:2:1;1:3:3,3,1,1,1,0,0,1,1,1,1,1,5,10,14
44228,0:2:2;0:3:3;1:2:1;1:3:3,3,2,1,1,1,0,1,1,1,1,1,5,10,4
44229,0:2:2;0:3:3;1:2:1;1:3:3,3,3,1,1,1,0,1,1,1,1,1,5,10,3
44230,0:2:2;0:3:3;1:2:1;1:3:3,3,4,1,1,1,0,1,1,1,1,1,5,10,3
44231,0:2:2;0:3:3;1:2:1;1:3:3,3,5,1,1,1,0,1,1,1,1,1,5,10,1
44232,0:2:2;0:3:3;1:2:1;1:3:3,4,0,1,1,0,0,1,1,1,1,1,5,10,14
44233,0:2:2;0:3:3;1:2:1;1:3:3,4,1,1,1,1,0,1,1,1,1,1,5,10,14
44234,0:2:2;0:3:3;1:2:1;1:3:3,4,2,1,1,1,0,1,1,1,1,1,5,10,4
44235,0:2:2;0:3:3;1:2:1;1:3:3,4,3,1,1,1,0,1,1,1,1,1,5,10,3
44236,0:2:2;0:3:3;1:2:1;1:3:3,4,4,1,1,1,0,1,1,1,1,1,5,10,3
44237,0:2:2;0:3:3;1:2:1;1:3:3,4,5,1,1,1,0,1,1,1,1,1,5,10,1
44238,0:2:2;0:3:3;1:2:1;1:3:3,5,0,1,1,1,0,1,1,1,1,1,5,10,14
44239,0:2:2;0:3:3;1:2:1;1:3:3,5,1,1,1,1,0,1,1,1,1,1,5,10,14
44240,0:2:2;0:3:3;1:2:1;1:3:3,5,2,1,1,1,0,1,1,1,1,1,5,10,4
44241,0:2:2;0:3:3;1:2:1;1:3:3,5,3,1,1,1,0,1,1,1,1,1,5,10,3
44242,0:2:2;0:3:3;1:2:1;1:3:3,5,4,1,1,1,0,1,1,1,1,1,5,10,3
44243,0:2:2;0:3:3;1:2:1;1:3:3,5,5,1,1,1,0,1,1,1,1,1,5,10,1
44244,0:2:2;0:3:3;1:2:1;1:4:3,0,0,1,0,0,1,0,0,0,0,0,1,1,24
44245,0:2:2;0:3:3;1:2:1;1:4:3,0,1,1,0,0,1,0,0,0,0,0,1,3,24
44246,0:2:2;0:3:3;1:2:1;1:4:3,0,2,1,0,0,1,0,0,0,0,0,3,14,24
44247,0:2:2;0:3:3;1:2:1;1:4:3,0,3,1,1,0,0,1,1,1,1,1,5,10,3
44248,0:2:2;0:3:3;1:2:1;1:4:3,0,4,1,1,0,0,1,1,1,1,1,5,10,3
44249,0:2:2;0:3:3;1:2:1;1:4:3,0,5,1,1,1,0,1,1,1,1,1,5,10,1
44250,0:2:2;0:3:3;1:2:1;1:4:3,1,0,1,0,0,1,0,0,0,0,0,3,10,24
44251,0:2:2;0:3:3;1:2:1;1:4:3,1,1,1,1,0,1,0,0,1,0,1,6,21,16
44252,0:2:2;0:3:3;1:2:1;1:4:3,1,2,1,1,0,1,0,0,1,0,1,6,19,5
44253,0:2:2;0:3:3;1:2:1;1:4:3,1,3,1,1,0,0,1,1,1,1,1,5,10,3
44254,0:2:2;0:3:3;1:2:1;1:4:3,1,4,1,1,1,0,1,1,1,1,1,5,10,3
44255,0:2:2;0:3:3;1:2:1;1:4:3,1,5,1,1,1,0,1,1,1,1,1,5,10,1
44256,0:2:2;0:3:3;1:2:1;1:4:3,2,0,1,1,0,0,1,1,1,1,1,5,10,14
44257,0:2:2;0:3:3;1:2:1;1:4:3,2,1,1,1,0,0,1,1,1,1,1,5,10,14
44258,0:2:2;0:3:3;1:2:1;1:4:3,2,2,1,1,0,0,1,1,1,1,1,5,10,4
44259,0:2:2;0:3:3;1:2:1;1:4:3,2,3,1,1,1,0,1,1,1,1,1,5,10,3
44260,0:2:2;0:3:3;1:2:1;1:4:3,2,4,1,1,1,0,1,1,1,1,1,5,10,3
44261,0:2:2;0:3:3;1:2:1;1:4:3,2,5,1,1,1,0,1,1,1,1,1,5,10,1
44262,0:2:2;0:3:3;1:2:1;1:4:3,3,0,1,1,0,0,1,1,1,1,1,5,10,14
44263,0:2:2;0:3:3;1:2:1;1:4:3,3,1,1,1,0,0,1,1,1,1,1,5,10,14
44264,0:2:2;0:3:3;1:2:1;1:4:3,3,2,1,1,1,0,1,1,1,1,1,5,10,4
44265,0:2:2;0:3:3;1:2:1;1:4:3,3,3,1,1,1,0,1,1,1,1,1,5,10,3
44266,0:2:2;0:3:3;1:2:1;1:4:3,3,4,1,1,1,0,1,1,1,1,1,5,10,3
44267,0:2:2;0:3:3;1:2:1;1:4:3,3,5,1,1,1,0,1,1,1,1,1,5,10,1
44268,0:2:2;0:3:3;1:2:1;1:4:3,4,0,1,1,0,0,1,1,1,1,1,5,10,14
44269,0:2:2;0:3:3;1:2:1;1:4:3,4,1,1,1,1,0,1,1,1,1,1,5,10,14
44270,0:2:2;0:3:3;1:2:1;1:4:3,4,2,1,1,1,0,1,1,1,1,1,5,10,4
44271,0:2:2;0:3:3;1:2:1;1:4:3,4,3,1,1,1,0,1,1,1,1,1,5,10,3
44272,0:2:2;0:3:3;1:2:1;1:4:3,4,4,1,1,1,0,1,1,1,1,1,5,10,3
44273,0:2:2;0:3:3;1:2:1;1:4:3,4,5,1,1,1,0,1,1,1,1,1,5,10,1
44274,0:2:2;0:3:3;1:2:1;1:4:3,5,0,1,1,1,0,1,1,1,1,1,5,10,14
44275,0:2:2;0:3:3;1:2:1;1:4:3,5,1,1,1,1,0,1,1,1,1,1,5,10,14
44276,0:2:2;0:3:3;1:2:1;1:4:3,5,2,1,1,1,0,1,1,1,1,1,5,10,4
44277,0:2:2;0:3:3;1:2:1;1:4:3,5,3,1,1,1,0,1,1,1,1,1,5,10,3
44278,0:2:2;0:3:3;1:2:1;1:4:3,5,4,1,1,1,0,1,1,1,1,1,5,10,3
44279,0:2:2;0:3:3;1:2:1;1:4:3,5,5,1,1,1,0,1,1,1,1,1,5,10,1
44280,0:2:2;0:3:3;1:2:2;1:2:2,0,0,0,0,0,1,0,0,0,0,0,0,1,24
44281,0:2:2;0:3:3;1:2:2;1:2:2,0,1,1,0,0,1,0,0,0,0,0,1,3,24
44282,0:2:2;0:3:3;1:2:2;1:2:2,0,2,1,0,0,1,0,0,0,0,0,4,15,24
44283,0:2:2;0:3:3;1:2:2;1:2:2,0,3,1,1,0,0,1,1,1,1,1,5,10,3
44284,0:2:2;0:3:3;1:2:2;1:2:2,0,4,1,1,1,0,1,1,1,1,1,5,10,3
44285,0:2:2;0:3:3;1:2:2;1:2:2,0,5,1,1,1,0,1,1,1,1,1,5,10,1
44286,0:2:2;0:3:3;1:2:2;1:2:2,1,0,0,0,0,1,0,0,0,0,0,0,3,24
44287,0:2:2;0:3:3;1:2:2;1:2:2,1,1,1,0,0,1,0,0,0,0,0,1,9,24
44288,0:2:2;0:3:3;1:2:2;1:2:2,1,2,1,0,0,1,0,0,0,0,0,4,31,24
44289,0:2:2;0:3:3;1:2:2;1:2:2,1,3,1,1,1,0,1,1,1,1,1,5,10,3
44290,0:2:2;0:3:3;1:2:2;1:2:2,1,4,1,1,1,0,1,1,1,1,1,5,10,3
44291,0:2:2;0:3:3;1:2:2;1:2:2,1,5,1,1,1,0,1,1,1,1,1,5,10,1
44292,0:2:2;0:3:3;1:2:2;1:2:2,2,0,0,0,0,1,0,0,0,0,0,0,21,24
44293,0:2:2;0:3:3;1:2:2;1:2:2,2,1,1,1,0,0,1,1,1,1,1,5,10,14
44294,0:2:2;0:3:3;1:2:2;1:2:2,2,2,1,1,1,0,1,1,1,1,1,5,10,4
44295,0:2:2;0:3:3;1:2:2;1:2:2,2,3,1,1,1,0,1,1,1,1,1,5,10,3
44296,0:2:2;0:3:3;1:2:2;1:2:2,2,4,1,1,1,0,1,1,1,1,1,5,10,3
44297,0:2:2;0:3:3;1:2:2;1:2:2,2,5,1,1,1,0,1,1,1,1,1,5,10,1
44298,0:2:2;0:3:3;1:2:2;1:2:2,3,0,0,0,0,1,0,0,0,0,0,0,31,24
44299,0:2:2;0:3:3;1:2:2;1:2:2,3,1,1,1,1,0,1,1,1,1,1,5,10,14
44300,0:2:2;0:3:3;1:2:2;1:2:2,3,2,1,1,1,0,1,1,1,1,1,5,10,4
44301,0:2:2;0:3:3;1:2:2;1:2:2,3,3,1,1,1,0,1,1,1,1,1,5,10,3
44302,0:2:2;0:3:3;1:2:2;1:2:2,3,4,1,1,1,0,1,1,1,1,1,5,10,3
44303,0:2:2;0:3:3;1:2:2;1:2:2,3,5,1,1,1,0,1,1,1,1,1,5,10,1
44304,0:2:2;0:3:3;1:2:2;1:2:2,4,0,0,0,0,1,0,0,0,0,0,0,39,24
44305,0:2:2;0:3:3;1:2:2;1:2:2,4,1,1,1,1,0,1,1,1,1,1,5,10,14
44306,0:2:2;0:3:3;1:2:2;1:2:2,4,2,1,1,1,0,1,1,1,1,1,5,10,4
44307,0:2:2;0:3:3;1:2:2;1:2:2,4,3,1,1,1,0,1,1,1,1,1,5,10,3
44308,0:2:2;0:3:3;1:2:2;1:2:2,4,4,1,1,1,0,1,1,1,1,1,5,10,3
44309,0:2:2;0:3:3;1:2:2;1:2:2,4,5,1,1,1,0,1,1,1,1,1,5,10,1
44310,0:2:2;0:3:3;1:2:2;1:2:2,5,0,0,0,0,1,0,0,0,0,0,0,39,24
44311,0:2:2;0:3:3;1:2:2;1:2:2,5,1,1,1,1,0,1,1,1,1,1,5,10,14
44312,0:2:2;0:3:3;1:2:2;1:2:2,5,2,1,1,1,0,1,1,1,1,1,5,10,4
44313,0:2:2;0:3:3;1:2:2;1:2:2,5,3,1,1,1,0,1,1,1,1,1,5,10,3
44314,0:2:2;0:3:3;1:2:2;1:2:2,5,4,1,1,1,0,1,1,1,1,1,5,10,3
44315,0:2:2;0:3:3;1:2:2;1:2:2,5,5,1,1,1,0,1,1,1,1,1,5,10,1
44316,0:2:2;0:3:3;1:2:2;1:3:2,0,0,1,0,0,1,0,0,0,0,0,1,1,24
44317,0:2:2;0:3:3;1:2:2;1:3:2,0,1,1,0,0,1,0,0,0,0,0,1,3,24
44318,0:2:2;0:3:3;1:2:2;1:3:2,0,2,1,1,0,1,0,0,0,1,1,6,15,5
44319,0:2:2;0:3:3;1:2:2;1:3:2,0,3,1,1,0,0,1,1,1,1,1,5,10,3
44320,0:2:2;0:3:3;1:2:2;1:3:2,0,4,1,1,1,0,1,1,1,1,1,5,10,3
44321,0:2:2;0:3:3;1:2:2;1:3:2,0,5,1,1,1,0,1,1,1,1,1,5,10,1
44322,0:2:2;0:3:3;1:2:2;1:3:2,1,0,1,0,0,1,0,0,0,0,0,1,3,24
44323,0:2:2;0:3:3;1:2:2;1:3:2,1,1,1,0,0,1,0,0,0,0,0,1,9,24
44324,0:2:2;0:3:3;1:2:2;1:3:2,1,2,1,1,0,1,0,0,0,1,1,6,16,5
44325,0:2:2;0:3:3;1:2:2;1:3:2,1,3,1,1,1,0,1,1,1,1,1,5,10,3
44326,0:2:2;0:3:3;1:2:2;1:3:2,1,4,1,1,1,0,1,1,1,1,1,5,10,3
44327,0:2:2;0:3:3;1:2:2;1:3:2,1,5,1,1,1,0,1,1,1,1,1,5,10,1
44328,0:2:2;0:3:3;1:2:2;1:3:2,2,0,1,1,0,0,1,1,1,1,1,5,10,14
44329,0:2:2;0:3:3;1:2:2;1:3:2,2,1,1,1,0,0,1,1,1,1,1,5,10,14
44330,0:2:2;0:3:3;1:2:2;1:3:2,2,2,1,1,1,0,1,1,1,1,1,5,10,4
44331,0:2:2;0:3:3;1:2:2;1:3:2,2,3,1,1,1,0,1,1,1,1,1,5,10,3
44332,0:2:2;0:3:3;1:2:2;1:3:2,2,4,1,1,1,0,1,1,1,1,1,5,10,3
44333,0:2:2;0:3:3;1:2:2;1:3:2,2,5,1,1,1,0,1,1,1,1,1,5,10,1
44334,0:2:2;0:3:3;1:2:2;1:3:2,3,0,1,1,0,0,1,1,1,1,1,5,10,14
44335,0:2:2;0:3:3;1:2:2;1:3:2,3,1,1,1,1,0,1,1,1,1,1,5,10,14
44336,0:2:2;0:3:3;1:2:2;1:3:2,3,2,1,1,1,0,1,1,1,1,1,5,10,4
44337,0:2:2;0:3:3;1:2:2;1:3:2,3,3,1,1,1,0,1,1,1,1,1,5,10,3
44338,0:2:2;0:3:3;1:2:2;1:3:2,3,4,1,1,1,0,1,1,1,1,1,5,10,3
44339,0:2:2;0:3:3;1:2:2;1:3:2,3,5,1,1,1,0,1,1,1,1,1,5,10,1
44340,0:2:2;0:3:3;1:2:2;1:3:2,4,0,1,1,1,0,1,1,1,1,1,5,10,14
44341,0:2:2;0:3:3;1:2:2;1:3:2,4,1,1,1,1,0,1,1,1,1,1,5,10,14
44342,0:2:2;0:3:3;1:2:2;1:3:2,4,2,1,1,1,0,1,1,1,1,1,5,10,4
44343,0:2:2;0:3:3;1:2:2;1:3:2,4,3,1,1,1,0,1,1,1,1,1,5,10,3
44344,0:2:2;0:3:3;1:2:2;1:3:2,4,4,1,1,1,0,1,1,1,1,1,5,10,3
44345,0:2:2;0:3:3;1:2:2;1:3:2,4,5,1,1,1,0,1,1,1,1,1,5,10,1
44346,0:2:2;0:3:3;1:2:2;1:3:2,5,0,1,1,1,0,1,1,1,1,1,5,10,14
44347,0:2:2;0:3:3;1:2:2;1:3:2,5,1,1,1,1,0,1,1,1,1,1,5,10,14
44348,0:2:2;0:3:3;1:2:2;1:3:2,5,2,1,1,1,0,1,1,1,1,1,5,10,4
44349,0:2:2;0:3:3;1:2:2;1:3:2,5,3,1,1,1,0,1,1,1,1,1,5,10,3
44350,0:2:2;0:3:3;1:2:2;1:3:2,5,4,1,1,1,0,1,1,1,1,1,5,10,3
44351,0:2:2;0:3:3;1:2:2;1:3:2,5,5,1,1,1,0,1,1,1,1,1,5,10,1
44352,0:2:2;0:3:3;1:2:2;1:3:3,0,0,1,0,0,1,0,0,0,0,0,1,1,24
44353,0:2:2;0:3:3;1:2:2;1:3:3,0,1,1,0,0,1,0,0,0,0,0,1,3,24
44354,0:2:2;0:3:3;1:2:2;1:3:3,0,2,1,0,0,1,0,0,0,0,0,3,13,24
44355,0:2:2;0:3:3;1:2:2;1:3:3,0,3,1,1,0,0,1,1,1,1,1,5,11,3
44356,0:2:2;0:3:3;1:2:2;1:3:3,0,4,1,1,0,0,1,1,1,1,1,5,11,3
44357,0:2:2;0:3:3;1:2:2;1:3:3,0,5,1,1,1,0,1,1,1,1,1,5,11,1
44358,0:2:2;0:3:3;1:2:2;1:3:3,1,0,1,0,0,1,0,0,0,0,0,1,3,24
44359,0:2:2;0:3:3;1:2:2;1:3:3,1,1,1,0,0,1,0,0,0,0,0,1,9,24
44360,0:2:2;0:3:3;1:2:2;1:3:3,1,2,1,1,0,1,0,0,1,0,1,6,20,5
44361,0:2:2;0:3:3;1:2:2;1:3:3,1,3,1,1,0,0,1,1,1,1,1,5,11,3
44362,0:2:2;0:3:3;1:2:2;1:3:3,1,4,1,1,1,0,1,1,1,1,1,5,11,3
44363,0:2:2;0:3:3;1:2:2;1:3:3,1,5,1,1,1,0,1,1,1,1,1,5,11,1
44364,0:2:2;0:3:3;1:2:2;1:3:3,2,0,1,0,0,1,0,0,0,0,0,3,13,24
44365,0:2:2;0:3:3;1:2:2;1:3:3,2,1,1,1,0,1,0,0,1,0,1,6,25,16
44366,0:2:2;0:3:3;1:2:2;1:3:3,2,2,1,1,0,1,0,0,1,0,1,6,20,5
44367,0:2:2;0:3:3;1:2:2;1:3:3,2,3,1,1,1,0,1,1,1,1,1,5,11,3
44368,0:2:2;0:3:3;1:2:2;1:3:3,2,4,1,1,1,0,1,1,1,1,1,5,11,3
44369,0:2:2;0:3:3;1:2:2;1:3:3,2,5,1,1,1,0,1,1,1,1,1,5,11,1
44370,0:2:2;0:3:3;1:2:2;1:3:3,3,0,1,1,0,0,1,1,1,1,1,5,11,14
44371,0:2:2;0:3:3;1:2:2;1:3:3,3,1,1,1,0,0,1,1,1,1,1,5,11,14
44372,0:2:2;0:3:3;1:2:2;1:3:3,3,2,1,1,1,0,1,1,1,1,1,5,11,4
44373,0:2:2;0:3:3;1:2:2;1:3:3,3,3,1,1,1,0,1,1,1,1,1,5,11,3
44374,0:2:2;0:3:3;1:2:2;1:3:3,3,4,1,1,1,0,1,1,1,1,1,5,11,3
44375,0:2:2;0:3:3;1:2:2;1:3:3,3,5,1,1,1,0,1,1,1,1,1,5,11,1
44376,0:2:2;0:3:3;1:2:2;1:3:3,4,0,1,1,0,0,1,1,1,1,1,5,11,14
44377,0:2:2;0:3:3;1:2:2;1:3:3,4,1,1,1,1,0,1,1,1,1,1,5,11,14
44378,0:2:2;0:3:3;1:2:2;1:3:3,4,2,1,1,1,0,1,1,1,1,1,5,11,4
44379,0:2:2;0:3:3;1:2:2;1:3:3,4,3,1,1,1,0,1,1,1,1,1,5,11,3
44380,0:2:2;0:3:3;1:2:2;1:3:3,4,4,1,1,1,0,1,1,1,1,1,5,11,3
44381,0:2:2;0:3:3;1:2:2;1:3:3,4,5,1,1,1,0,1,1,1,1,1,5,11,1
44382,0:2:2;0:3:3;1:2:2;1:3:3,5,0,1,1,1,0,1,1,1,1,1,5,11,14
44383,0:2:2;0:3:3;1:2:2;1:3:3,5,1,1,1,1,0,1,1,1,1,1,5,11,14
44384,0:2:2;0:3:3;1:2:2;1:3:3,5,2,1,1,1,0,1,1,1,1,1,5,11,4
44385,0:2:2;0:3:3;1:2:2;1:3:3,5,3,1,1,1,0,1,1,1,1,1,5,11,3
44386,0:2:2;0:3:3;1:2:2;1:3:3,5,4,1,1,1,0,1,1,1,1,1,5,11,3
44387,0:2:2;0:3:3;1:2:2;1:3:3,5,5,1,1,1,0,1,1,1,1,1,5,11,1
44388,0:2:2;0:3:3;1:2:2;1:4:3,0,0,1,0,0,1,0,0,0,0,0,1,1,24
44389,0:2:2;0:3:3;1:2:2;1:4:3,0,1,1,0,0,1,0,0,0,0,0,1,3,24
44390,0:2:2;0:3:3;1:2:2;1:4:3,0,2,1,0,0,1,0,0,0,0,0,3,13,24
44391,0:2:2;0:3:3;1:2:2;1:4:3,0,3,1,1,0,0,1,1,1,1,1,5,11,3
44392,0:2:2;0:3:3;1:2:2;1:4:3,0,4,1,1,0,0,1,1,1,1,1,5,11,3
44393,0:2:2;0:3:3;1:2:2;1:4:3,0,5,1,1,1,0,1,1,1,1,1,5,11,1
44394,0:2:2;0:3:3;1:2:2;1:4:3,1,0,1,0,0,1,0,0,0,0,0,1,3,24
44395,0:2:2;0:3:3;1:2:2;1:4:3,1,1,1,0,0,1,0,0,0,0,0,1,9,24
44396,0:2:2;0:3:3;1:2:2;1:4:3,1,2,1,1,0,1,0,0,1,1,1,6,20,5
44397,0:2:2;0:3:3;1:2:2;1:4:3,1,3,1,1,0,0,1,1,1,1,1,5,11,3
44398,0:2:2;0:3:3;1:2:2;1:4:3,1,4,1,1,1,0,1,1,1,1,1,5,11,3
44399,0:2:2;0:3:3;1:2:2;1:4:3,1,5,1,1,1,0,1,1,1,1,1,5,11,1
44400,0:2:2;0:3:3;1:2:2;1:4:3,2,0,1,0,0,1,0,0,0,0,0,3,13,24
44401,0:2:2;0:3:3;1:2:2;1:4:3,2,1,1,1,0,1,0,0,1,0,1,6,25,16
44402,0:2:2;0:3:3;1:2:2;1:4:3,2,2,1,1,0,1,0,0,1,1,1,6,20,5
44403,0:2:2;0:3:3;1:2:2;1:4:3,2,3,1,1,1,0,1,1,1,1,1,5,11,3
44404,0:2:2;0:3:3;1:2:2;1:4:3,2,4,1,1,1,0,1,1,1,1,1,5,11,3
44405,0:2:2;0:3:3;1:2:2;1:4:3,2,5,1,1,1,0,1,1,1,1,1,5,11,1
44406,0:2:2;0:3:3;1:2:2;1:4:3,3,0,1,1,0,0,1,1,1,1,1,5,11,14
44407,0:2:2;0:3:3;1:2:2;1:4:3,3,1,1,1,0,0,1,1,1,1,1,5,11,14
44408,0:2:2;0:3:3;1:2:2;1:4:3,3,2,1,1,1,0,1,1,1,1,1,5,11,4
44409,0:2:2;0:3:3;1:2:2;1:4:3,3,3,1,1,1,0,1,1,1,1,1,5,11,3
44410,0:2:2;0:3:3;1:2:2;1:4:3,3,4,1,1,1,0,1,1,1,1,1,5,11,3
44411,0:2:2;0:3:3;1:2:2;1:4:3,3,5,1,1,1,0,1,1,1,1,1,5,11,1
44412,0:2:2;0:3:3;1:2:2;1:4:3,4,0,1,1,0,0,1,1,1,1,1,5,11,14
44413,0:2:2;0:3:3;1:2:2;1:4:3,4,1,1,1,1,0,1,1,1,1,1,5,11,14
44414,0:2:2;0:3:3;1:2:2;1:4:3,4,2,1,1,1,0,1,1,1,1,1,5,11,4
44415,0:2:2;0:3:3;1:2:2;1:4:3,4,3,1,1,1,0,1,1,1,1,1,5,11,3
44416,0:2:2;0:3:3;1:2:2;1:4:3,4,4,1,1,1,0,1,1,1,1,1,5,11,3
44417,0:2:2;0:3:3;1:2:2;1:4:3,4,5,1,1,1,0,1,1,1,1,1,5,11,1
44418,0:2:2;0:3:3;1:2:2;1:4:3,5,0,1,1,1,0,1,1,1,1,1,5,11,14
44419,0:2:2;0:3:3;1:2:2;1:4:3,5,1,1,1,1,0,1,1,1,1,1,5,11,14
44420,0:2:2;0:3:3;1:2:2;1:4:3,5,2,1,1,1,0,1,1,1,1,1,5,11,4
44421,0:2:2;0:3:3;1:2:2;1:4:3,5,3,1,1,1,0,1,1,1,1,1,5,11,3
44422,0:2:2;0:3:3;1:2:2;1:4:3,5,4,1,1,1,0,1,1,1,1,1,5,11,3
44423,0:2:2;0:3:3;1:2:2;1:4:3,5,5,1,1,1,0,1,1,1,1,1,5,11,1
44424,0:2:2;0:3:3;1:3:2;1:3:2,0,0,1,0,0,1,0,0,0,0,0,1,1,24
44425,0:2:2;0:3:3;1:3:2;1:3:2,0,1,1,0,0,1,0,0,0,0,0,1,3,24
44426,0:2:2;0:3:3;1:3:2;1:3:2,0,2,1,1,0,0,1,1,1,1,1,5,10,3
44427,0:2:2;0:3:3;1:3:2;1:3:2,0,3,1,1,0,0,1,1,1,1,1,5,10,3
44428,0:2:2;0:3:3;1:3:2;1:3:2,0,4,1,1,1,0,1,1,1,1,1,5,10,3
44429,0:2:2;0:3:3;1:3:2;1:3:2,0,5,1,1,1,0,1,1,1,1,1,5,10,1
44430,0:2:2;0:3:3;1:3:2;1:3:2,1,0,1,0,0,1,0,0,0,0,0,1,3,24
44431,0:2:2;0:3:3;1:3:2;1:3:2,1,1,1,0,0,1,0,0,0,0,0,1,9,24
44432,0:2:2;0:3:3;1:3:2;1:3:2,1,2,1,1,0,0,1,1,1,1,1,5,10,3
44433,0:2:2;0:3:3;1:3:2;1:3:2,1,3,1,1,1,0,1,1,1,1,1,5,10,3
44434,0:2:2;0:3:3;1:3:2;1:3:2,1,4,1,1,1,0,1,1,1,1,1,5,10,3
44435,0:2:2;0:3:3;1:3:2;1:3:2,1,5,1,1,1,0,1,1,1,1,1,5,10,1
44436,0:2:2;0:3:3;1:3:2;1:3:2,2,0,1,1,0,0,1,1,1,1,1,5,10,14
44437,0:2:2;0:3:3;1:3:2;1:3:2,2,1,1,1,0,0,1,1,1,1,1,5,10,14
44438,0:2:2;0:3:3;1:3:2;1:3:2,2,2,1,1,1,0,1,1,1,1,1,5,10,3
44439,0:2:2;0:3:3;1:3:2;1:3:2,2,3,1,1,1,0,1,1,1,1,1,5,10,3
44440,0:2:2;0:3:3;1:3:2;1:3:2,2,4,1,1,1,0,1,1,1,1,1,5,10,3
44441,0:2:2;0:3:3;1:3:2;1:3:2,2,5,1,1,1,0,1,1,1,1,1,5,10,1
44442,0:2:2;0:3:3;1:3:2;1:3:2,3,0,1,1,0,0,1,1,1,1,1,5,10,14
44443,0:2:2;0:3:3;1:3:2;1:3:2,3,1,1,1,1,0,1,1,1,1,1,5,10,14
44444,0:2:2;0:3:3;1:3:2;1:3:2,3,2,1,1,1,0,1,1,1,1,1,5,10,3
44445,0:2:2;0:3:3;1:3:2;1:3:2,3,3,1,1,1,0,1,1,1,1,1,5,10,3
44446,0:2:2;0:3:3;1:3:2;1:3:2,3,4,1,1,1,0,1,1,1,1,1,5,10,3
44447,0:2:2;0:3:3;1:3:2;1:3:2,3,5,1,1,1,0,1,1,1,1,1,5,10,1
44448,0:2:2;0:3:3;1:3:2;1:3:2,4,0,1,1,1,0,1,1,1,1,1,5,10,14
44449,0:2:2;0:3:3;1:3:2;1:3:2,4,1,1,1,1,0,1,1,1,1,1,5,10,14
44450,0:2:2;0:3:3;1:3:2;1:3:2,4,2,1,1,1,0,1,1,1,1,1,5,10,3
44451,0:2:2;0:3:3;1:3:2;1:3:2,4,3,1,1,1,0,1,1,1,1,1,5,10,3
44452,0:2:2;0:3:3;1:3:2;1:3:2,4,4,1,1,1,0,1,1,1,1,1,5,10,3
44453,0:2:2;0:3:3;1:3:2;1:3:2,4,5,1,1,1,0,1,1,1,1,1,5,10,1
44454,0:2:2;0:3:3;1:3:2;1:3:2,5,0,1,1,1,0,1,1,1,1,1,5,10,14
44455,0:2:2;0:3:3;1:3:2;1:3:2,5,1,1,1,1,0,1,1,1,1,1,5,10,14
44456,0:2:2;0:3:3;1:3:2;1:3:2,5,2,1,1,1,0,1,1,1,1,1,5,10,3
44457,0:2:2;0:3:3;1:3:2;1:3:2,5,3,1,1,1,0,1,1,1,1,1,5,10,3
44458,0:2:2;0:3:3;1:3:2;1:3:2,5,4,1,1,1,0,1,1,1,1,1,5,10,3
44459,0:2:2;0:3:3;1:3:2;1:3:2,5,5,1,1,1,0,1,1,1,1,1,5,10,1
44460,0:2:2;0:3:3;1:3:2;1:3:3,0,0,1,0,0,1,0,0,0,0,0,1,1,24
44461,0:2:2;0:3:3;1:3:2;1:3:3,0,1,1,0,0,1,0,0,0,0,0,1,3,24
44462,0:2:2;0:3:3;1:3:2;1:3:3,0,2,1,1,0,0,1,1,1,1,1,5,11,3
44463,0:2:2;0:3:3;1:3:2;1:3:3,0,3,1,1,0,0,1,1,1,1,1,5,11,3
44464,0:2:2;0:3:3;1:3:2;1:3:3,0,4,1,1,0,0,1,1,1,1,1,5,11,3
44465,0:2:2;0:3:3;1:3:2;1:3:3,0,5,1,1,1,0,1,1,1,1,1,5,11,1
44466,0:2:2;0:3:3;1:3:2;1:3:3,1,0,1,0,0,1,0,0,0,0,0,1,3,24
44467,0:2:2;0:3:3;1:3:2;1:3:3,1,1,1,0,0,1,0,0,0,0,0,1,9,24
44468,0:2:2;0:3:3;1:3:2;1:3:3,1,2,1,1,0,0,1,1,1,1,1,5,11,3
44469,0:2:2;0:3:3;1:3:2;1:3:3,1,3,1,1,0,0,1,1,1,1,1,5,11,3
44470,0:2:2;0:3:3;1:3:2;1:3:3,1,4,1,1,1,0,1,1,1,1,1,5,11,3
44471,0:2:2;0:3:3;1:3:2;1:3:3,1,5,1,1,1,0,1,1,1,1,1,5,11,1
44472,0:2:2;0:3:3;1:3:2;1:3:3,2,0,1,1,0,1,0,0,1,0,1,6,20,16
44473,0:2:2;0:3:3;1:3:2;1:3:3,2,1,1,1,0,1,0,0,1,0,1,6,20,16
44474,0:2:2;0:3:3;1:3:2;1:3:3,2,2,1,1,0,0,1,1,1,1,1,5,11,3
44475,0:2:2;0:3:3;1:3:2;1:3:3,2,3,1,1,1,0,1,1,1,1,1,5,11,3
44476,0:2:2;0:3:3;1:3:2;1:3:3,2,4,1,1,1,0,1,1,1,1,1,5,11,3
44477,0:2:2;0:3:3;1:3:2;1:3:3,2,5,1,1,1,0,1,1,1,1,1,5,11,1
44478,0:2:2;0:3:3;1:3:2;1:3:3,3,0,1,1,0,0,1,1,1,1,1,5,11,14
44479,0:2:2;0:3:3;1:3:2;1:3:3,3,1,1,1,0,0,1,1,1,1,1,5,11,14
44480,0:2:2;0:3:3;1:3:2;1:3:3,3,2,1,1,1,0,1,1,1,1,1,5,11,3
44481,0:2:2;0:3:3;1:3:2;1:3:3,3,3,1,1,1,0,1,1,1,1,1,5,11,3
44482,0:2:2;0:3:3;1:3:2;1:3:3,3,4,1,1,1,0,1,1,1,1,1,5,11,3
44483,0:2:2;0:3:3;1:3:2;1:3:3,3,5,1,1,1,0,1,1,1,1,1,5,11,1
44484,0:2:2;0:3:3;1:3:2;1:3:3,4,0,1,1,0,0,1,1,1,1,1,5,11,14
44485,0:2:2;0:3:3;1:3:2;1:3:3,4,1,1,1,1,0,1,1,1,1,1,5,11,14
44486,0:2:2;0:3:3;1:3:2;1:3:3,4,2,1,1,1,0,1,1,1,1,1,5,11,3
44487,0:2:2;0:3:3;1:3:2;1:3:3,4,3,1,1,1,0,1,1,1,1,1,5,11,3
44488,0:2:2;0:3:3;1:3:2;1:3:3,4,4,1,1,1,0,1,1,1,1,1,5,11,3
44489,0:2:2;0:3:3;1:3:2;1:3:3,4,5,1,1,1,0,1,1,1,1,1,5,11,1
44490,0:2:2;0:3:3;1:3:2;1:3:3,5,0,1,1,1,0,1,1,1,1,1,5,11,14
44491,0:2:2;0:3:3;1:3:2;1:3:3,5,1,1,1,1,0,1,1,1,1,1,5,11,14
44492,0:2:2;0:3:3;1:3:2;1:3:3,5,2,1,1,1,0,1,1,1,1,1,5,11,3
44493,0:2:2;0:3:3;1:3:2;1:3:3,5,3,1,1,1,0,1,1,1,1,1,5,11,3
44494,0:2:2;0:3:3;1:3:2;1:3:3,5,4,1,1,1,0,1,1,1,1,1,5,11,3
44495,0:2:2;0:3:3;1:3:2;1:3:3,5,5,1,1,1,0,1,1,1,1,1,5,11,1
44496,0:2:2;0:3:3;1:3:2;1:4:3,0,0,1,0,0,1,0,0,0,0,0,1,1,24
44497,0:2:2;0:3:3;1:3:2;1:4:3,0,1,1,0,0,1,0,0,0,0,0,1,3,24
44498,0:2:2;0:3:3;1:3:2;1:4:3,0,2,1,1,0,0,1,1,1,1,1,5,11,3
44499,0:2:2;0:3:3;1:3:2;1:4:3,0,3,1,1,0,0,1,1,1,1,1,5,11,3
44500,0:2:2;0:3:3;1:3:2;1:4:3,0,4,1,1,0,0,1,1,1,1,1,5,11,3
44501,0:2:2;0:3:3;1:3:2;1:4:3,0,5,1,1,1,0,1,1,1,1,1,5,11,1
44502,0:2:2;0:3:3;1:3:2;1:4:3,1,0,1,0,0,1,0,0,0,0,0,1,3,24
44503,0:2:2;0:3:3;1:3:2;1:4:3,1,1,1,0,0,1,0,0,0,0,0,1,9,24
44504,0:2:2;0:3:3;1:3:2;1:4:3,1,2,1,1,0,0,1,1,1,1,1,5,11,3
44505,0:2:2;0:3:3;1:3:2;1:4:3,1,3,1,1,0,0,1,1,1,1,1,5,11,3
44506,0:2:2;0:3:3;1:3:2;1:4:3,1,4,1,1,1,0,1,1,1,1,1,5,11,3
44507,0:2:2;0:3:3;1:3:2;1:4:3,1,5,1,1,1,0,1,1,1,1,1,5,11,1
44508,0:2:2;0:3:3;1:3:2;1:4:3,2,0,1,1,0,1,0,0,1,0,1,6,20,16
44509,0:2:2;0:3:3;1:3:2;1:4:3,2,1,1,1,0,1,0,0,1,0,1,6,20,16
44510,0:2:2;0:3:3;1:3:2;1:4:3,2,2,1,1,0,0,1,1,1,1,1,5,11,3
44511,0:2:2;0:3:3;1:3:2;1:4:3,2,3,1,1,1,0,1,1,1,1,1,5,11,3
44512,0:2:2;0:3:3;1:3:2;1:4:3,2,4,1,1,1,0,1,1,1,1,1,5,11,3
44513,0:2:2;0:3:3;1:3:2;1:4:3,2,5,1,1,1,0,1,1,1,1,1,5,11,1
44514,0:2:2;0:3:3;1:3:2;1:4:3,3,0,1,1,0,0,1,1,1,1,1,5,11,14
44515,0:2:2;0:3:3;1:3:2;1:4:3,3,1,1,1,0,0,1,1,1,1,1,5,11,14
44516,0:2:2;0:3:3;1:3:2;1:4:3,3,2,1,1,1,0,1,1,1,1,1,5,11,3
44517,0:2:2;0:3:3;1:3:2;1:4:3,3,3,1,1,1,0,1,1,1,1,1,5,11,3
44518,0:2:2;0:3:3;1:3:2;1:4:3,3,4,1,1,1,0,1,1,1,1,1,5,11,3
44519,0:2:2;0:3:3;1:3:2;1:4:3,3,5,1,1,1,0,1,1,1,1,1,5,11,1
44520,0:2:2;0:3:3;1:3:2;1:4:3,4,0,1,1,0,0,1,1,1,1,1,5,11,14
44521,0:2:2;0:3:3;1:3:2;1:4:3,4,1,1,1,1,0,1,1,1,1,1,5,11,14
44522,0:2:2;0:3:3;1:3:2;1:4:3,4,2,1,1,1,0,1,1,1,1,1,5,11,3
44523,0:2:2;0:3:3;1:3:2;1:4:3,4,3,1,1,1,0,1,1,1,1,1,5,11,3
44524,0:2:2;0:3:3;1:3:2;1:4:3,4,4,1,1,1,0,1,1,1,1,1,5,11,3
44525,0:2:2;0:3:3;1:3:2;1:4:3,4,5,1,1,1,0,1,1,1,1,1,5,11,1
44526,0:2:2;0:3:3;1:3:2;1:4:3,5,0,1,1,1,0,1,1,1,1,1,5,11,14
44527,0:2:2;0:3:3;1:3:2;1:4:3,5,1,1,1,1,0,1,1,1,1,1,5,11,14
44528,0:2:2;0:3:3;1:3:2;1:4:3,5,2,1,1,1,0,1,1,1,1,1,5,11,3
44529,0:2:2;0:3:3;1:3:2;1:4:3,5,3,1,1,1,0,1,1,1,1,1,5,11,3
44530,0:2:2;0:3:3;1:3:2;1:4:3,5,4,1,1,1,0,1,1,1,1,1,5,11,3
44531,0:2:2;0:3:3;1:3:2;1:4:3,5,5,1,1,1,0,1,1,1,1,1,5,11,1
44532,0:2:2;0:3:3;1:3:3;1:3:3,0,0,0,0,0,1,0,0,0,0,0,0,1,24
44533,0:2:2;0:3:3;1:3:3;1:3:3,0,1,0,0,0,1,0,0,0,0,0,0,3,24
44534,0:2:2;0:3:3;1:3:3;1:3:3,0,2,0,0,0,1,0,0,0,0,0,0,11,24
44535,0:2:2;0:3:3;1:3:3;1:3:3,0,3,0,0,0,1,0,0,0,0,0,0,36,24
44536,0:2:2;0:3:3;1:3:3;1:3:3,0,4,0,0,0,1,0,0,0,0,0,0,50,24
44537,0:2:2;0:3:3;1:3:3;1:3:3,0,5,0,0,0,1,0,0,0,0,0,0,59,24
44538,0:2:2;0:3:3;1:3:3;1:3:3,1,0,1,0,0,1,0,0,0,0,0,1,3,24
44539,0:2:2;0:3:3;1:3:3;1:3:3,1,1,1,0,0,1,0,0,0,0,0,1,9,24
44540,0:2:2;0:3:3;1:3:3;1:3:3,1,2,1,1,0,0,1,1,1,1,1,5,12,3
44541,0:2:2;0:3:3;1:3:3;1:3:3,1,3,1,1,0,0,1,1,1,1,1,5,12,3
44542,0:2:2;0:3:3;1:3:3;1:3:3,1,4,1,1,1,0,1,1,1,1,1,5,12,3
44543,0:2:2;0:3:3;1:3:3;1:3:3,1,5,1,1,1,0,1,1,1,1,1,5,12,1
44544,0:2:2;0:3:3;1:3:3;1:3:3,2,0,1,0,0,1,0,0,0,0,0,1,6,24
44545,0:2:2;0:3:3;1:3:3;1:3:3,2,1,1,0,0,1,0,0,0,0,0,1,18,24
44546,0:2:2;0:3:3;1:3:3;1:3:3,2,2,1,1,0,0,1,1,1,1,1,5,12,3
44547,0:2:2;0:3:3;1:3:3;1:3:3,2,3,1,1,1,0,1,1,1,1,1,5,12,3
44548,0:2:2;0:3:3;1:3:3;1:3:3,2,4,1,1,1,0,1,1,1,1,1,5,12,3
44549,0:2:2;0:3:3;1:3:3;1:3:3,2,5,1,1,1,0,1,1,1,1,1,5,12,1
44550,0:2:2;0:3:3;1:3:3;1:3:3,3,0,1,1,0,1,0,0,1,0,1,6,21,16
44551,0:2:2;0:3:3;1:3:3;1:3:3,3,1,1,1,0,1,0,0,1,0,1,6,21,16
44552,0:2:2;0:3:3;1:3:3;1:3:3,3,2,1,1,1,0,1,1,1,1,1,5,12,3
44553,0:2:2;0:3:3;1:3:3;1:3:3,3,3,1,1,1,0,1,1,1,1,1,5,12,3
44554,0:2:2;0:3:3;1:3:3;1:3:3,3,4,1,1,1,0,1,1,1,1,1,5,12,3
44555,0:2:2;0:3:3;1:3:3;1:3:3,3,5,1,1,1,0,1,1,1,1,1,5,12,1
44556,0:2:2;0:3:3;1:3:3;1:3:3,4,0,1,1,0,0,1,1,1,1,1,5,12,14
44557,0:2:2;0:3:3;1:3:3;1:3:3,4,1,1,1,1,0,1,1,1,1,1,5,12,14
44558,0:2:2;0:3:3;1:3:3;1:3:3,4,2,1,1,1,0,1,1,1,1,1,5,12,3
44559,0:2:2;0:3:3;1:3:3;1:3:3,4,3,1,1,1,0,1,1,1,1,1,5,12,3
44560,0:2:2;0:3:3;1:3:3;1:3:3,4,4,1,1,1,0,1,1,1,1,1,5,12,3
44561,0:2:2;0:3:3;1:3:3;1:3:3,4,5,1,1,1,0,1,1,1,1,1,5,12,1
44562,0:2:2;0:3:3;1:3:3;1:3:3,5,0,1,1,1,0,1,1,1,1,1,5,12,14
44563,0:2:2;0:3:3;1:3:3;1:3:3,5,1,1,1,1,0,1,1,1,1,1,5,12,14
44564,0:2:2;0:3:3;1:3:3;1:3:3,5,2,1,1,1,0,1,1,1,1,1,5,12,3
44565,0:2:2;0:3:3;1:3:3;1:3:3,5,3,1,1,1,0,1,1,1,1,1,5,12,3
44566,0:2:2;0:3:3;1:3:3;1:3:3,5,4,1,1,1,0,1,1,1,1,1,5,12,3
44567,0:2:2;0:3:3;1:3:3;1:3:3,5,5,1,1,1,0,1,1,1,1,1,5,12,1
44568,0:2:2;0:3:3;1:3:3;1:4:3,0,0,0,0,0,1,0,0,0,0,0,0,1,24
44569,0:2:2;0:3:3;1:3:3;1:4:3,0,1,0,0,0,1,0,0,0,0,0,0,3,24
44570,0:2:2;0:3:3;1:3:3;1:4:3,0,2,0,0,0,1,0,0,0,0,0,0,11,24
44571,0:2:2;0:3:3;1:3:3;1:4:3,0,3,0,0,0,1,0,0,0,0,0,0,36,24
44572,0:2:2;0:3:3;1:3:3;1:4:3,0,4,0,0,0,1,0,0,0,0,0,0,50,24
44573,0:2:2;0:3:3;1:3:3;1:4:3,0,5,0,0,0,1,0,0,0,0,0,0,59,24
44574,0:2:2;0:3:3;1:3:3;1:4:3,1,0,1,0,0,1,0,0,0,0,0,1,3,24
44575,0:2:2;0:3:3;1:3:3;1:4:3,1,1,1,0,0,1,0,0,0,0,0,1,9,24
44576,0:2:2;0:3:3;1:3:3;1:4:3,1,2,1,1,0,0,1,1,1,1,1,5,12,3
44577,0:2:2;0:3:3;1:3:3;1:4:3,1,3,1,1,0,0,1,1,1,1,1,5,12,3
44578,0:2:2;0:3:3;1:3:3;1:4:3,1,4,1,1,1,0,1,1,1,1,1,5,12,3
44579,0:2:2;0:3:3;1:3:3;1:4:3,1,5,1,1,1,0,1,1,1,1,1,5,12,1
44580,0:2:2;0:3:3;1:3:3;1:4:3,2,0,1,0,0,1,0,0,0,0,0,1,6,24
44581,0:2:2;0:3:3;1:3:3;1:4:3,2,1,1,0,0,1,0,0,0,0,0,1,18,24
44582,0:2:2;0:3:3;1:3:3;1:4:3,2,2,1,1,0,0,1,1,1,1,1,5,12,3
44583,0:2:2;0:3:3;1:3:3;1:4:3,2,3,1,1,1,0,1,1,1,1,1,5,12,3
44584,0:2:2;0:3:3;1:3:3;1:4:3,2,4,1,1,1,0,1,1,1,1,1,5,12,3
44585,0:2:2;0:3:3;1:3:3;1:4:3,2,5,1,1,1,0,1,1,1,1,1,5,12,1
44586,0:2:2;0:3:3;1:3:3;1:4:3,3,0,1,1,0,1,0,0,1,0,1,6,21,16
44587,0:2:2;0:3:3;1:3:3;1:4:3,3,1,1,1,0,1,0,0,1,1,1,6,21,16
44588,0:2:2;0:3:3;1:3:3;1:4:3,3,2,1,1,1,0,1,1,1,1,1,5,12,3
44589,0:2:2;0:3:3;1:3:3;1:4:3,3,3,1,1,1,0,1,1,1,1,1,5,12,3
44590,0:2:2;0:3:3;1:3:3;1:4:3,3,4,1,1,1,0,1,1,1,1,1,5,12,3
44591,0:2:2;0:3:3;1:3:3;1:4:3,3,5,1,1,1,0,1,1,1,1,1,5,12,1
44592,0:2:2;0:3:3;1:3:3;1:4:3,4,0,1,1,0,0,1,1,1,1,1,5,12,14
44593,0:2:2;0:3:3;1:3:3;1:4:3,4,1,1,1,1,0,1,1,1,1,1,5,12,14
44594,0:2:2;0:3:3;1:3:3;1:4:3,4,2,1,1,1,0,1,1,1,1,1,5,12,3
44595,0:2:2;0:3:3;1:3:3;1:4:3,4,3,1,1,1,0,1,1,1,1,1,5,12,3
44596,0:2:2;0:3:3;1:3:3;1:4:3,4,4,1,1,1,0,1,1,1,1,1,5,12,3
44597,0:2:2;0:3:3;1:3:3;1:4:3,4,5,1,1,1,0,1,1,1,1,1,5,12,1
44598,0:2:2;0:3:3;1:3:3;1:4:3,5,0,1,1,1,0,1,1,1,1,1,5,12,14
44599,0:2:2;0:3:3;1:3:3;1:4:3,5,1,1,1,1,0,1,1,1,1,1,5,12,14
44600,0:2:2;0:3:3;1:3:3;1:4:3,5,2,1,1,1,0,1,1,1,1,1,5,12,3
44601,0:2:2;0:3:3;1:3:3;1:4:3,5,3,1,1,1,0,1,1,1,1,1,5,12,3
44602,0:2:2;0:3:3;1:3:3;1:4:3,5,4,1,1,1,0,1,1,1,1,1,5,12,3
44603,0:2:2;0:3:3;1:3:3;1:4:3,5,5,1,1,1,0,1,1,1,1,1,5,12,1
44604,0:2:2;0:3:3;1:4:3;1:4:3,0,0,0,0,0,1,0,0,0,0,0,0,1,24
44605,0:2:2;0:3:3;1:4:3;1:4:3,0,1,0,0,0,1,0,0,0,0,0,0,3,24
44606,0:2:2;0:3:3;1:4:3;1:4:3,0,2,0,0,0,1,0,0,0,0,0,0,11,24
44607,0:2:2;0:3:3;1:4:3;1:4:3,0,3,0,0,0,1,0,0,0,0,0,0,36,24
44608,0:2:2;0:3:3;1:4:3;1:4:3,0,4,0,0,0,1,0,0,0,0,0,0,50,24
44609,0:2:2;0:3:3;1:4:3;1:4:3,0,5,0,0,0,1,0,0,0,0,0,0,59,24
44610,0:2:2;0:3:3;1:4:3;1:4:3,1,0,1,0,0,1,0,0,0,0,0,1,3,24
44611,0:2:2;0:3:3;1:4:3;1:4:3,1,1,1,0,0,1,0,0,0,0,0,1,9,24
44612,0:2:2;0:3:3;1:4:3;1:4:3,1,2,1,1,0,0,1,1,1,1,1,5,12,3
44613,0:2:2;0:3:3;1:4:3;1:4:3,1,3,1,1,0,0,1,1,1,1,1,5,12,3
44614,0:2:2;0:3:3;1:4:3;1:4:3,1,4,1,1,1,0,1,1,1,1,1,5,12,3
44615,0:2:2;0:3:3;1:4:3;1:4:3,1,5,1,1,1,0,1,1,1,1,1,5,12,1
44616,0:2:2;0:3:3;1:4:3;1:4:3,2,0,1,0,0,1,0,0,0,0,0,1,6,24
44617,0:2:2;0:3:3;1:4:3;1:4:3,2,1,1,0,0,1,0,0,0,0,0,1,18,24
44618,0:2:2;0:3:3;1:4:3;1:4:3,2,2,1,1,0,0,1,1,1,1,1,5,12,3
44619,0:2:2;0:3:3;1:4:3;1:4:3,2,3,1,1,1,0,1,1,1,1,1,5,12,3
44620,0:2:2;0:3:3;1:4:3;1:4:3,2,4,1,1,1,0,1,1,1,1,1,5,12,3
44621,0:2:2;0:3:3;1:4:3;1:4:3,2,5,1,1,1,0,1,1,1,1,1,5,12,1
44622,0:2:2;0:3:3;1:4:3;1:4:3,3,0,1,1,0,1,0,0,1,0,1,6,21,16
44623,0:2:2;0:3:3;1:4:3;1:4:3,3,1,1,1,0,0,1,1,1,1,1,5,12,13
44624,0:2:2;0:3:3;1:4:3;1:4:3,3,2,1,1,1,0,1,1,1,1,1,5,12,3
44625,0:2:2;0:3:3;1:4:3;1:4:3,3,3,1,1,1,0,1,1,1,1,1,5,12,3
44626,0:2:2;0:3:3;1:4:3;1:4:3,3,4,1,1,1,0,1,1,1,1,1,5,12,3
44627,0:2:2;0:3:3;1:4:3;1:4:3,3,5,1,1,1,0,1,1,1,1,1,5,12,1
44628,0:2:2;0:3:3;1:4:3;1:4:3,4,0,1,1,0,0,1,1,1,1,1,5,12,14
44629,0:2:2;0:3:3;1:4:3;1:4:3,4,1,1,1,1,0,1,1,1,1,1,5,12,13
44630,0:2:2;0:3:3;1:4:3;1:4:3,4,2,1,1,1,0,1,1,1,1,1,5,12,3
44631,0:2:2;0:3:3;1:4:3;1:4:3,4,3,1,1,1,0,1,1,1,1,1,5,12,3
44632,0:2:2;0:3:3;1:4:3;1:4:3,4,4,1,1,1,0,1,1,1,1,1,5,12,3
44633,0:2:2;0:3:3;1:4:3;1:4:3,4,5,1,1,1,0,1,1,1,1,1,5,12,1
44634,0:2:2;0:3:3;1:4:3;1:4:3,5,0,1,1,1,0,1,1,1,1,1,5,12,14
44635,0:2:2;0:3:3;1:4:3;1:4:3,5,1,1,1,1,0,1,1,1,1,1,5,12,13
44636,0:2:2;0:3:3;1:4:3;1:4:3,5,2,1,1,1,0,1,1,1,1,1,5,12,3
44637,0:2:2;0:3:3;1:4:3;1:4:3,5,3,1,1,1,0,1,1,1,1,1,5,12,3
44638,0:2:2;0:3:3;1:4:3;1:4:3,5,4,1,1,1,0,1,1,1,1,1,5,12,3
44639,0:2:2;0:3:3;1:4:3;1:4:3,5,5,1,1,1,0,1,1,1,1,1,5,12,1
44640,0:2:2;0:4:3;0:4:3;0:4:3,0,0,0,0,0,1,0,0,0,0,0,0,1,24
44641,0:2:2;0:4:3;0:4:3;0:4:3,0,1,0,0,0,1,0,0,0,0,0,0,5,24
44642,0:2:2;0:4:3;0:4:3;0:4:3,0,2,0,0,0,1,0,0,0,0,0,0,15,24
44643,0:2:2;0:4:3;0:4:3;0:4:3,0,3,0,0,0,1,0,0,0,0,0,0,34,24
44644,0:2:2;0:4:3;0:4:3;0:4:3,0,4,0,0,0,1,0,0,0,0,0,0,62,24
44645,0:2:2;0:4:3;0:4:3;0:4:3,0,5,0,0,0,1,0,0,0,0,0,0,96,24
44646,0:2:2;0:4:3;0:4:3;0:4:3,1,0,0,0,0,1,0,0,0,0,0,0,1,24
44647,0:2:2;0:4:3;0:4:3;0:4:3,1,1,0,0,0,1,0,0,0,0,0,0,5,24
44648,0:2:2;0:4:3;0:4:3;0:4:3,1,2,0,0,0,1,0,0,0,0,0,0,15,24
44649,0:2:2;0:4:3;0:4:3;0:4:3,1,3,0,0,0,1,0,0,0,0,0,0,34,24
44650,0:2:2;0:4:3;0:4:3;0:4:3,1,4,0,0,0,1,0,0,0,0,0,0,62,24
44651,0:2:2;0:4:3;0:4:3;0:4:3,1,5,0,0,0,1,0,0,0,0,0,0,96,24
44652,0:2:2;0:4:3;0:4:3;0:4:3,2,0,0,0,0,1,0,0,0,0,0,0,1,24
44653,0:2:2;0:4:3;0:4:3;0:4:3,2,1,0,0,0,1,0,0,0,0,0,0,5,24
44654,0:2:2;0:4:3;0:4:3;0:4:3,2,2,0,0,0,1,0,0,0,0,0,0,15,24
44655,0:2:2;0:4:3;0:4:3;0:4:3,2,3,0,0,0,1,0,0,0,0,0,0,34,24
44656,0:2:2;0:4:3;0:4:3;0:4:3,2,4,0,0,0,1,0,0,0,0,0,0,62,24
44657,0:2:2;0:4:3;0:4:3;0:4:3,2,5,0,0,0,1,0,0,0,0,0,0,96,24
44658,0:2:2;0:4:3;0:4:3;0:4:3,3,0,0,0,0,1,0,0,0,0,0,0,1,24
44659,0:2:2;0:4:3;0:4:3;0:4:3,3,1,0,0,0,1,0,0,0,0,0,0,5,24
44660,0:2:2;0:4:3;0:4:3;0:4:3,3,2,0,0,0,1,0,0,0,0,0,0,15,24
44661,0:2:2;0:4:3;0:4:3;0:4:3,3,3,0,0,0,1,0,0,0,0,0,0,34,24
44662,0:2:2;0:4:3;0:4:3;0:4:3,3,4,0,0,0,1,0,0,0,0,0,0,62,24
44663,0:2:2;0:4:3;0:4:3;0:4:3,3,5,0,0,0,1,0,0,0,0,0,0,96,24
44664,0:2:2;0:4:3;0:4:3;0:4:3,4,0,0,0,0,1,0,0,0,0,0,0,1,24
44665,0:2:2;0:4:3;0:4:3;0:4:3,4,1,0,0,0,1,0,0,0,0,0,0,5,24
44666,0:2:2;0:4:3;0:4:3;0:4:3,4,2,0,0,0,1,0,0,0,0,0,0,15,24
44667,0:2:2;0:4:3;0:4:3;0:4:3,4,3,0,0,0,1,0,0,0,0,0,0,34,24
44668,0:2:2;0:4:3;0:4:3;0:4:3,4,4,0,0,0,1,0,0,0,0,0,0,62,24
44669,0:2:2;0:4:3;0:4:3;0:4:3,4,5,0,0,0,1,0,0,0,0,0,0,96,24
44670,0:2:2;0:4:3;0:4:3;0:4:3,5,0,0,0,0,1,0,0,0,0,0,0,1,24
44671,0:2:2;0:4:3;0:4:3;0:4:3,5,1,0,0,0,1,0,0,0,0,0,0,5,24
44672,0:2:2;0:4:3;0:4:3;0:4:3,5,2,0,0,0,1,0,0,0,0,0,0,15,24
44673,0:2:2;0:4:3;0:4:3;0:4:3,5,3,0,0,0,1,0,0,0,0,0,0,34,24
44674,0:2:2;0:4:3;0:4:3;0:4:3,5,4,0,0,0,1,0,0,0,0,0,0,62,24
44675,0:2:2;0:4:3;0:4:3;0:4:3,5,5,0,0,0,1,0,0,0,0,0,0,96,24
44676,0:2:2;0:4:3;0:4:3;1:1:1,0,0,0,0,0,1,0,0,0,0,0,0,1,24
44677,0:2:2;0:4:3;0:4:3;1:1:1,0,1,0,0,0,1,0,0,0,0,0,0,4,24
44678,0:2:2;0:4:3;0:4:3;1:1:1,0,2,0,0,0,1,0,0,0,0,0,0,13,24
44679,0:2:2;0:4:3;0:4:3;1:1:1,0,3,0,0,0,1,0,0,0,0,0,0,31,24
44680,0:2:2;0:4:3;0:4:3;1:1:1,0,4,0,0,0,1,0,0,0,0,0,0,49,24
44681,0:2:2;0:4:3;0:4:3;1:1:1,0,5,0,0,0,1,0,0,0,0,0,0,64,24
44682,0:2:2;0:4:3;0:4:3;1:1:1,1,0,0,0,0,1,0,0,0,0,0,0,5,24
44683,0:2:2;0:4:3;0:4:3;1:1:1,1,1,0,0,0,1,0,0,0,0,0,0,14,24
44684,0:2:2;0:4:3;0:4:3;1:1:1,1,2,0,0,0,1,0,0,0,0,0,0,29,24
44685,0:2:2;0:4:3;0:4:3;1:1:1,1,3,0,0,0,1,0,0,0,0,0,0,48,24
44686,0:2:2;0:4:3;0:4:3;1:1:1,1,4,0,0,0,1,0,0,0,0,0,0,67,24
44687,0:2:2;0:4:3;0:4:3;1:1:1,1,5,0,0,0,1,0,0,0,0,0,0,82,24
44688,0:2:2;0:4:3;0:4:3;1:1:1,2,0,0,0,0,1,0,0,0,0,0,0,5,24
44689,0:2:2;0:4:3;0:4:3;1:1:1,2,1,0,0,0,1,0,0,0,0,0,0,14,24
44690,0:2:2;0:4:3;0:4:3;1:1:1,2,2,0,0,0,1,0,0,0,0,0,0,29,24
44691,0:2:2;0:4:3;0:4:3;1:1:1,2,3,0,0,0,1,0,0,0,0,0,0,48,24
44692,0:2:2;0:4:3;0:4:3;1:1:1,2,4,0,0,0,1,0,0,0,0,0,0,67,24
44693,0:2:2;0:4:3;0:4:3;1:1:1,2,5,0,0,0,1,0,0,0,0,0,0,82,24
44694,0:2:2;0:4:3;0:4:3;1:1:1,3,0,0,0,0,1,0,0,0,0,0,0,5,24
44695,0:2:2;0:4:3;0:4:3;1:1:1,3,1,0,0,0,1,0,0,0,0,0,0,14,24
44696,0:2:2;0:4:3;0:4:3;1:1:1,3,2,0,0,0,1,0,0,0,0,0,0,29,24
44697,0:2:2;0:4:3;0:4:3;1:1:1,3,3,0,0,0,1,0,0,0,0,0,0,48,24
44698,0:2:2;0:4:3;0:4:3;1:1:1,3,4,0,0,0,1,0,0,0,0,0,0,67,24
44699,0:2:2;0:4:3;0:4:3;1:1:1,3,5,0,0,0,1,0,0,0,0,0,0,82,24
44700,0:2:2;0:4:3;0:4:3;1:1:1,4,0,0,0,0,1,0,0,0,0,0,0,5,24
44701,0:2:2;0:4:3;0:4:3;1:1:1,4,1,0,0,0,1,0,0,0,0,0,0,14,24
44702,0:2:2;0:4:3;0:4:3;1:1:1,4,2,0,0,0,1,0,0,0,0,0,0,29,24
44703,0:2:2;0:4:3;0:4:3;1:1:1,4,3,0,0,0,1,0,0,0,0,0,0,48,24
44704,0:2:2;0:4:3;0:4:3;1:1:1,4,4,0,0,0,1,0,0,0,0,0,0,67,24
44705,0:2:2;0:4:3;0:4:3;1:1:1,4,5,0,0,0,1,0,0,0,0,0,0,82,24
44706,0:2:2;0:4:3;0:4:3;1:1:1,5,0,0,0,0,1,0,0,0,0,0,0,5,24
44707,0:2:2;0:4:3;0:4:3;1:1:1,5,1,0,0,0,1,0,0,0,0,0,0,14,24
44708,0:2:2;0:4:3;0:4:3;1:1:1,5,2,0,0,0,1,0,0,0,0,0,0,29,24
44709,0:2:2;0:4:3;0:4:3;1:1:1,5,3,0,0,0,1,0,0,0,0,0,0,48,24
44710,0:2:2;0:4:3;0:4:3;1:1:1,5,4,0,0,0,1,0,0,0,0,0,0,67,24
44711,0:2:2;0:4:3;0:4:3;1:1:1,5,5,0,0,0,1,0,0,0,0,0,0,82,24
44712,0:2:2;0:4:3;0:4:3;1:2:1,0,0,0,0,0,1,0,0,0,0,0,0,1,24
44713,0:2:2;0:4:3;0:4:3;1:2:1,0,1,0,0,0,1,0,0,0,0,0,0,4,24
44714,0:2:2;0:4:3;0:4:3;1:2:1,0,2,0,0,0,1,0,0,0,0,0,0,16,24
44715,0:2:2;0:4:3;0:4:3;1:2:1,0,3,0,0,0,1,0,0,0,0,0,0,39,24
44716,0:2:2;0:4:3;0:4:3;1:2:1,0,4,0,0,0,1,0,0,0,0,0,0,55,24
44717,0:2:2;0:4:3;0:4:3;1:2:1,0,5,0,0,0,1,0,0,0,0,0,0,67,24
44718,0:2:2;0:4:3;0:4:3;1:2:1,1,0,0,0,0,1,0,0,0,0,0,0,11,24
44719,0:2:2;0:4:3;0:4:3;1:2:1,1,1,0,0,0,1,0,0,0,0,0,0,23,24
44720,0:2:2;0:4:3;0:4:3;1:2:1,1,2,0,0,0,1,0,0,0,0,0,0,39,24
44721,0:2:2;0:4:3;0:4:3;1:2:1,1,3,0,0,0,1,0,0,0,0,0,0,57,24
44722,0:2:2;0:4:3;0:4:3;1:2:1,1,4,0,0,0,1,0,0,0,0,0,0,73,24
44723,0:2:2;0:4:3;0:4:3;1:2:1,1,5,0,0,0,1,0,0,0,0,0,0,85,24
44724,0:2:2;0:4:3;0:4:3;1:2:1,2,0,0,0,0,1,0,0,0,0,0,0,11,24
44725,0:2:2;0:4:3;0:4:3;1:2:1,2,1,0,0,0,1,0,0,0,0,0,0,23,24
44726,0:2:2;0:4:3;0:4:3;1:2:1,2,2,0,0,0,1,0,0,0,0,0,0,39,24
44727,0:2:2;0:4:3;0:4:3;1:2:1,2,3,0,0,0,1,0,0,0,0,0,0,57,24
44728,0:2:2;0:4:3;0:4:3;1:2:1,2,4,0,0,0,1,0,0,0,0,0,0,73,24
44729,0:2:2;0:4:3;0:4:3;1:2:1,2,5,0,0,0,1,0,0,0,0,0,0,85,24
44730,0:2:2;0:4:3;0:4:3;1:2:1,3,0,0,0,0,1,0,0,0,0,0,0,11,24
44731,0:2:2;0:4:3;0:4:3;1:2:1,3,1,0,0,0,1,0,0,0,0,0,0,23,24
44732,0:2:2;0:4:3;0:4:3;1:2:1,3,2,0,0,0,1,0,0,0,0,0,0,39,24
44733,0:2:2;0:4:3;0:4:3;1:2:1,3,3,0,0,0,1,0,0,0,0,0,0,57,24
44734,0:2:2;0:4:3;0:4:3;1:2:1,3,4,0,0,0,1,0,0,0,0,0,0,73,24
44735,0:2:2;0:4:3;0:4:3;1:2:1,3,5,0,0,0,1,0,0,0,0,0,0,85,24
44736,0:2:2;0:4:3;0:4:3;1:2:1,4,0,0,0,0,1,0,0,0,0,0,0,11,24
44737,0:2:2;0:4:3;0:4:3;1:2:1,4,1,0,0,0,1,0,0,0,0,0,0,23,24
44738,0:2:2;0:4:3;0:4:3;1:2:1,4,2,0,0,0,1,0,0,0,0,0,0,39,24
44739,0:2:2;0:4:3;0:4:3;1:2:1,4,3,0,0,0,1,0,0,0,0,0,0,57,24
44740,0:2:2;0:4:3;0:4:3;1:2:1,4,4,0,0,0,1,0,0,0,0,0,0,73,24
44741,0:2:2;0:4:3;0:4:3;1:2:1,4,5,0,0,0,1,0,0,0,0,0,0,85,24
44742,0:2:2;0:4:3;0:4:3;1:2:1,5,0,0,0,0,1,0,0,0,0,0,0,11,24
44743,0:2:2;0:4:3;0:4:3;1:2:1,5,1,0,0,0,1,0,0,0,0,0,0,23,24
44744,0:2:2;0:4:3;0:4:3;1:2:1,5,2,0,0,0,1,0,0,0,0,0,0,39,24
44745,0:2:2;0:4:3;0:4:3;1:2:1,5,3,0,0,0,1,0,0,0,0,0,0,57,24
44746,0:2:2;0:4:3;0:4:3;1:2:1,5,4,0,0,0,1,0,0,0,0,0,0,73,24
44747,0:2:2;0:4:3;0:4:3;1:2:1,5,5,0,0,0,1,0,0,0,0,0,0,85,24
44748,0:2:2;0:4:3;0:4:3;1:2:2,0,0,0,0,0,1,0,0,0,0,0,0,1,24
44749,0:2:2;0:4:3;0:4:3;1:2:2,0,1,0,0,0,1,0,0,0,0,0,0,4,24
44750,0:2:2;0:4:3;0:4:3;1:2:2,0,2,0,0,0,1,0,0,0,0,0,0,17,24
44751,0:2:2;0:4:3;0:4:3;1:2:2,0,3,0,0,0,1,0,0,0,0,0,0,44,24
44752,0:2:2;0:4:3;0:4:3;1:2:2,0,4,0,0,0,1,0,0,0,0,0,0,67,24
44753,0:2:2;0:4:3;0:4:3;1:2:2,0,5,0,0,0,1,0,0,0,0,0,0,87,24
44754,0:2:2;0:4:3;0:4:3;1:2:2,1,0,0,0,0,1,0,0,0,0,0,0,2,24
44755,0:2:2;0:4:3;0:4:3;1:2:2,1,1,0,0,0,1,0,0,0,0,0,0,8,24
44756,0:2:2;0:4:3;0:4:3;1:2:2,1,2,0,0,0,1,0,0,0,0,0,0,26,24
44757,0:2:2;0:4:3;0:4:3;1:2:2,1,3,0,0,0,1,0,0,0,0,0,0,58,24
44758,0:2:2;0:4:3;0:4:3;1:2:2,1,4,0,0,0,1,0,0,0,0,0,0,84,24
44759,0:2:2;0:4:3;0:4:3;1:2:2,1,5,0,0,0,1,0,0,0,0,0,0,105,24
44760,0:2:2;0:4:3;0:4:3;1:2:2,2,0,0,0,0,1,0,0,0,0,0,0,12,24
44761,0:2:2;0:4:3;0:4:3;1:2:2,2,1,0,0,0,1,0,0,0,0,0,0,27,24
44762,0:2:2;0:4:3;0:4:3;1:2:2,2,2,0,0,0,1,0,0,0,0,0,0,49,24
44763,0:2:2;0:4:3;0:4:3;1:2:2,2,3,0,0,0,1,0,0,0,0,0,0,76,24
44764,0:2:2;0:4:3;0:4:3;1:2:2,2,4,0,0,0,1,0,0,0,0,0,0,102,24
44765,0:2:2;0:4:3;0:4:3;1:2:2,2,5,0,0,0,1,0,0,0,0,0,0,123,24
44766,0:2:2;0:4:3;0:4:3;1:2:2,3,0,0,0,0,1,0,0,0,0,0,0,12,24
44767,0:2:2;0:4:3;0:4:3;1:2:2,3,1,0,0,0,1,0,0,0,0,0,0,27,24
44768,0:2:2;0:4:3;0:4:3;1:2:2,3,2,0,0,0,1,0,0,0,0,0,0,49,24
44769,0:2:2;0:4:3;0:4:3;1:2:2,3,3,0,0,0,1,0,0,0,0,0,0,76,24
44770,0:2:2;0:4:3;0:4:3;1:2:2,3,4,0,0,0,1,0,0,0,0,0,0,102,24
44771,0:2:2;0:4:3;0:4:3;1:2:2,3,5,0,0,0,1,0,0,0,0,0,0,123,24
44772,0:2:2;0:4:3;0:4:3;1:2:2,4,0,0,0,0,1,0,0,0,0,0,0,12,24
44773,0:2:2;0:4:3;0:4:3;1:2:2,4,1,0,0,0,1,0,0,0,0,0,0,27,24
44774,0:2:2;0:4:3;0:4:3;1:2:2,4,2,0,0,0,1,0,0,0,0,0,0,49,24
44775,0:2:2;0:4:3;0:4:3;1:2:2,4,3,0,0,0,1,0,0,0,0,0,0,76,24
44776,0:2:2;0:4:3;0:4:3;1:2:2,4,4,0,0,0,1,0,0,0,0,0,0,102,24
44777,0:2:2;0:4:3;0:4:3;1:2:2,4,5,0,0,0,1,0,0,0,0,0,0,123,24
44778,0:2:2;0:4:3;0:4:3;1:2:2,5,0,0,0,0,1,0,0,0,0,0,0,12,24
44779,0:2:2;0:4:3;0:4:3;1:2:2,5,1,0,0,0,1,0,0,0,0,0,0,27,24
44780,0:2:2;0:4:3;0:4:3;1:2:2,5,2,0,0,0,1,0,0,0,0,0,0,49,24
44781,0:2:2;0:4:3;0:4:3;1:2:2,5,3,0,0,0,1,0,0,0,0,0,0,76,24
44782,0:2:2;0:4:3;0:4:3;1:2:2,5,4,0,0,0,1,0,0,0,0,0,0,102,24
44783,0:2:2;0:4:3;0:4:3;1:2:2,5,5,0,0,0,1,0,0,0,0,0,0,123,24
44784,0:2:2;0:4:3;0:4:3;1:3:2,0,0,0,0,0,1,0,0,0,0,0,0,1,24
44785,0:2:2;0:4:3;0:4:3;1:3:2,0,1,0,0,0,1,0,0,0,0,0,0,4,24
44786,0:2:2;0:4:3;0:4:3;1:3:2,0,2,0,0,0,1,0,0,0,0,0,0,21,24
44787,0:2:2;0:4:3;0:4:3;1:3:2,0,3,0,0,0,1,0,0,0,0,0,0,50,24
44788,0:2:2;0:4:3;0:4:3;1:3:2,0,4,0,0,0,1,0,0,0,0,0,0,70,24
44789,0:2:2;0:4:3;0:4:3;1:3:2,0,5,1,1,1,0,1,1,1,1,1,5,11,2
44790,0:2:2;0:4:3;0:4:3;1:3:2,1,0,0,0,0,1,0,0,0,0,0,0,2,24
44791,0:2:2;0:4:3;0:4:3;1:3:2,1,1,0,0,0,1,0,0,0,0,0,0,8,24
44792,0:2:2;0:4:3;0:4:3;1:3:2,1,2,0,0,0,1,0,0,0,0,0,0,30,24
44793,0:2:2;0:4:3;0:4:3;1:3:2,1,3,0,0,0,1,0,0,0,0,0,0,64,24
44794,0:2:2;0:4:3;0:4:3;1:3:2,1,4,0,0,0,1,0,0,0,0,0,0,87,24
44795,0:2:2;0:4:3;0:4:3;1:3:2,1,5,1,1,1,0,1,1,1,1,1,5,11,2
44796,0:2:2;0:4:3;0:4:3;1:3:2,2,0,0,0,0,1,0,0,0,0,0,0,21,24
44797,0:2:2;0:4:3;0:4:3;1:3:2,2,1,0,0,0,1,0,0,0,0,0,0,37,24
44798,0:2:2;0:4:3;0:4:3;1:3:2,2,2,0,0,0,1,0,0,0,0,0,0,58,24
44799,0:2:2;0:4:3;0:4:3;1:3:2,2,3,0,0,0,1,0,0,0,0,0,0,82,24
44800,0:2:2;0:4:3;0:4:3;1:3:2,2,4,0,0,0,1,0,0,0,0,0,0,105,24
44801,0:2:2;0:4:3;0:4:3;1:3:2,2,5,1,1,1,0,1,1,1,1,1,5,11,2
44802,0:2:2;0:4:3;0:4:3;1:3:2,3,0,0,0,0,1,0,0,0,0,0,0,21,24
44803,0:2:2;0:4:3;0:4:3;1:3:2,3,1,0,0,0,1,0,0,0,0,0,0,37,24
44804,0:2:2;0:4:3;0:4:3;1:3:2,3,2,0,0,0,1,0,0,0,0,0,0,58,24
44805,0:2:2;0:4:3;0:4:3;1:3:2,3,3,0,0,0,1,0,0,0,0,0,0,82,24
44806,0:2:2;0:4:3;0:4:3;1:3:2,3,4,0,0,0,1,0,0,0,0,0,0,105,24
44807,0:2:2;0:4:3;0:4:3;1:3:2,3,5,1,1,1,0,1,1,1,1,1,5,11,2
44808,0:2:2;0:4:3;0:4:3;1:3:2,4,0,0,0,0,1,0,0,0,0,0,0,21,24
44809,0:2:2;0:4:3;0:4:3;1:3:2,4,1,0,0,0,1,0,0,0,0,0,0,37,24
44810,0:2:2;0:4:3;0:4:3;1:3:2,4,2,0,0,0,1,0,0,0,0,0,0,58,24
44811,0:2:2;0:4:3;0:4:3;1:3:2,4,3,0,0,0,1,0,0,0,0,0,0,82,24
44812,0:2:2;0:4:3;0:4:3;1:3:2,4,4,0,0,0,1,0,0,0,0,0,0,105,24
44813,0:2:2;0:4:3;0:4:3;1:3:2,4,5,1,1,1,0,1,1,1,1,1,5,11,2
44814,0:2:2;0:4:3;0:4:3;1:3:2,5,0,0,0,0,1,0,0,0,0,0,0,21,24
44815,0:2:2;0:4:3;0:4:3;1:3:2,5,1,0,0,0,1,0,0,0,0,0,0,37,24
44816,0:2:2;0:4:3;0:4:3;1:3:2,5,2,0,0,0,1,0,0,0,0,0,0,58,24
44817,0:2:2;0:4:3;0:4:3;1:3:2,5,3,0,0,0,1,0,0,0,0,0,0,82,24
44818,0:2:2;0:4:3;0:4:3;1:3:2,5,4,0,0,0,1,0,0,0,0,0,0,105,24
44819,0:2:2;0:4:3;0:4:3;1:3:2,5,5,1,1,1,0,1,1,1,1,1,5,11,2
44820,0:2:2;0:4:3;0:4:3;1:3:3,0,0,0,0,0,1,0,0,0,0,0,0,1,24
44821,0:2:2;0:4:3;0:4:3;1:3:3,0,1,0,0,0,1,0,0,0,0,0,0,4,24
44822,0:2:2;0:4:3;0:4:3;1:3:3,0,2,0,0,0,1,0,0,0,0,0,0,12,24
44823,0:2:2;0:4:3;0:4:3;1:3:3,0,3,0,0,0,1,0,0,0,0,0,0,46,24
44824,0:2:2;0:4:3;0:4:3;1:3:3,0,4,0,0,0,1,0,0,0,0,0,0,73,24
44825,0:2:2;0:4:3;0:4:3;1:3:3,0,5,1,1,1,0,1,1,1,1,1,5,12,2
44826,0:2:2;0:4:3;0:4:3;1:3:3,1,0,0,0,0,1,0,0,0,0,0,0,2,24
44827,0:2:2;0:4:3;0:4:3;1:3:3,1,1,0,0,0,1,0,0,0,0,0,0,8,24
44828,0:2:2;0:4:3;0:4:3;1:3:3,1,2,0,0,0,1,0,0,0,0,0,0,31,24
44829,0:2:2;0:4:3;0:4:3;1:3:3,1,3,0,0,0,1,0,0,0,0,0,0,69,24
44830,0:2:2;0:4:3;0:4:3;1:3:3,1,4,0,0,0,1,0,0,0,0,0,0,99,24
44831,0:2:2;0:4:3;0:4:3;1:3:3,1,5,1,1,1,0,1,1,1,1,1,5,12,2
44832,0:2:2;0:4:3;0:4:3;1:3:3,2,0,0,0,0,1,0,0,0,0,0,0,3,24
44833,0:2:2;0:4:3;0:4:3;1:3:3,2,1,0,0,0,1,0,0,0,0,0,0,12,24
44834,0:2:2;0:4:3;0:4:3;1:3:3,2,2,0,0,0,1,0,0,0,0,0,0,40,24
44835,0:2:2;0:4:3;0:4:3;1:3:3,2,3,0,0,0,1,0,0,0,0,0,0,83,24
44836,0:2:2;0:4:3;0:4:3;1:3:3,2,4,0,0,0,1,0,0,0,0,0,0,116,24
44837,0:2:2;0:4:3;0:4:3;1:3:3,2,5,1,1,1,0,1,1,1,1,1,5,12,2
44838,0:2:2;0:4:3;0:4:3;1:3:3,3,0,0,0,0,1,0,0,0,0,0,0,22,24
44839,0:2:2;0:4:3;0:4:3;1:3:3,3,1,0,0,0,1,0,0,0,0,0,0,41,24
44840,0:2:2;0:4:3;0:4:3;1:3:3,3,2,0,0,0,1,0,0,0,0,0,0,68,24
44841,0:2:2;0:4:3;0:4:3;1:3:3,3,3,0,0,0,1,0,0,0,0,0,0,101,24
44842,0:2:2;0:4:3;0:4:3;1:3:3,3,4,0,0,0,1,0,0,0,0,0,0,134,24
44843,0:2:2;0:4:3;0:4:3;1:3:3,3,5,1,1,1,0,1,1,1,1,1,5,12,2
44844,0:2:2;0:4:3;0:4:3;1:3:3,4,0,0,0,0,1,0,0,0,0,0,0,22,24
44845,0:2:2;0:4:3;0:4:3;1:3:3,4,1,0,0,0,1,0,0,0,0,0,0,41,24
44846,0:2:2;0:4:3;0:4:3;1:3:3,4,2,0,0,0,1,0,0,0,0,0,0,68,24
44847,0:2:2;0:4:3;0:4:3;1:3:3,4,3,0,0,0,1,0,0,0,0,0,0,101,24
44848,0:2:2;0:4:3;0:4:3;1:3:3,4,4,0,0,0,1,0,0,0,0,0,0,134,24
44849,0:2:2;0:4:3;0:4:3;1:3:3,4,5,1,1,1,0,1,1,1,1,1,5,12,2
44850,0:2:2;0:4:3;0:4:3;1:3:3,5,0,0,0,0,1,0,0,0,0,0,0,22,24
44851,0:2:2;0:4:3;0:4:3;1:3:3,5,1,0,0,0,1,0,0,0,0,0,0,41,24
44852,0:2:2;0:4:3;0:4:3;1:3:3,5,2,0,0,0,1,0,0,0,0,0,0,68,24
44853,0:2:2;0:4:3;0:4:3;1:3:3,5,3,0,0,0,1,0,0,0,0,0,0,101,24
44854,0:2:2;0:4:3;0:4:3;1:3:3,5,4,0,0,0,1,0,0,0,0,0,0,134,24
44855,0:2:2;0:4:3;0:4:3;1:3:3,5,5,1,1,1,0,1,1,1,1,1,5,12,2
44856,0:2:2;0:4:3;0:4:3;1:4:3,0,0,0,0,0,1,0,0,0,0,0,0,1,24
44857,0:2:2;0:4:3;0:4:3;1:4:3,0,1,0,0,0,1,0,0,0,0,0,0,4,24
44858,0:2:2;0:4:3;0:4:3;1:4:3,0,2,0,0,0,1,0,0,0,0,0,0,12,24
44859,0:2:2;0:4:3;0:4:3;1:4:3,0,3,0,0,0,1,0,0,0,0,0,0,49,24
44860,0:2:2;0:4:3;0:4:3;1:4:3,0,4,1,1,0,1,0,0,1,1,1,6,30,11
44861,0:2:2;0:4:3;0:4:3;1:4:3,0,5,1,1,1,0,1,1,1,1,1,5,12,2
44862,0:2:2;0:4:3;0:4:3;1:4:3,1,0,0,0,0,1,0,0,0,0,0,0,2,24
44863,0:2:2;0:4:3;0:4:3;1:4:3,1,1,0,0,0,1,0,0,0,0,0,0,8,24
44864,0:2:2;0:4:3;0:4:3;1:4:3,1,2,0,0,0,1,0,0,0,0,0,0,34,24
44865,0:2:2;0:4:3;0:4:3;1:4:3,1,3,0,0,0,1,0,0,0,0,0,0,72,24
44866,0:2:2;0:4:3;0:4:3;1:4:3,1,4,1,1,1,0,1,1,1,1,1,5,12,5
44867,0:2:2;0:4:3;0:4:3;1:4:3,1,5,1,1,1,0,1,1,1,1,1,5,12,2
44868,0:2:2;0:4:3;0:4:3;1:4:3,2,0,0,0,0,1,0,0,0,0,0,0,3,24
44869,0:2:2;0:4:3;0:4:3;1:4:3,2,1,0,0,0,1,0,0,0,0,0,0,12,24
44870,0:2:2;0:4:3;0:4:3;1:4:3,2,2,0,0,0,1,0,0,0,0,0,0,43,24
44871,0:2:2;0:4:3;0:4:3;1:4:3,2,3,0,0,0,1,0,0,0,0,0,0,86,24
44872,0:2:2;0:4:3;0:4:3;1:4:3,2,4,1,1,1,0,1,1,1,1,1,5,12,5
44873,0:2:2;0:4:3;0:4:3;1:4:3,2,5,1,1,1,0,1,1,1,1,1,5,12,2
44874,0:2:2;0:4:3;0:4:3;1:4:3,3,0,0,0,0,1,0,0,0,0,0,0,32,24
44875,0:2:2;0:4:3;0:4:3;1:4:3,3,1,0,0,0,1,0,0,0,0,0,0,50,24
44876,0:2:2;0:4:3;0:4:3;1:4:3,3,2,0,0,0,1,0,0,0,0,0,0,74,24
44877,0:2:2;0:4:3;0:4:3;1:4:3,3,3,0,0,0,1,0,0,0,0,0,0,104,24
44878,0:2:2;0:4:3;0:4:3;1:4:3,3,4,1,1,1,0,1,1,1,1,1,5,12,5
44879,0:2:2;0:4:3;0:4:3;1:4:3,3,5,1,1,1,0,1,1,1,1,1,5,12,2
44880,0:2:2;0:4:3;0:4:3;1:4:3,4,0,0,0,0,1,0,0,0,0,0,0,32,24
44881,0:2:2;0:4:3;0:4:3;1:4:3,4,1,0,0,0,1,0,0,0,0,0,0,50,24
44882,0:2:2;0:4:3;0:4:3;1:4:3,4,2,0,0,0,1,0,0,0,0,0,0,74,24
44883,0:2:2;0:4:3;0:4:3;1:4:3,4,3,0,0,0,1,0,0,0,0,0,0,104,24
44884,0:2:2;0:4:3;0:4:3;1:4:3,4,4,1,1,1,0,1,1,1,1,1,5,12,5
44885,0:2:2;0:4:3;0:4:3;1:4:3,4,5,1,1,1,0,1,1,1,1,1,5,12,2
44886,0:2:2;0:4:3;0:4:3;1:4:3,5,0,0,0,0,1,0,0,0,0,0,0,32,24
44887,0:2:2;0:4:3;0:4:3;1:4:3,5,1,0,0,0,1,0,0,0,0,0,0,50,24
44888,0:2:2;0:4:3;0:4:3;1:4:3,5,2,0,0,0,1,0,0,0,0,0,0,74,24
44889,0:2:2;0:4:3;0:4:3;1:4:3,5,3,0,0,0,1,0,0,0,0,0,0,104,24
44890,0:2:2;0:4:3;0:4:3;1:4:3,5,4,1,1,1,0,1,1,1,1,1,5,12,5
44891,0:2:2;0:4:3;0:4:3;1:4:3,5,5,1,1,1,0,1,1,1,1,1,5,12,2
44892,0:2:2;0:4:3;1:1:1;1:1:1,0,0,0,0,0,1,0,0,0,0,0,0,1,24
44893,0:2:2;0:4:3;1:1:1;1:1:1,0,1,0,0,0,1,0,0,0,0,0,0,3,24
44894,0:2:2;0:4:3;1:1:1;1:1:1,0,2,0,0,0,1,0,0,0,0,0,0,13,24
44895,0:2:2;0:4:3;1:1:1;1:1:1,0,3,1,1,1,0,1,1,1,1,1,5,8,4
44896,0:2:2;0:4:3;1:1:1;1:1:1,0,4,1,1,1,0,1,1,1,1,1,5,8,3
44897,0:2:2;0:4:3;1:1:1;1:1:1,0,5,1,1,1,0,1,1,1,1,1,5,8,1
44898,0:2:2;0:4:3;1:1:1;1:1:1,1,0,0,0,0,1,0,0,0,0,0,0,7,24
44899,0:2:2;0:4:3;1:1:1;1:1:1,1,1,0,0,0,1,0,0,0,0,0,0,17,24
44900,0:2:2;0:4:3;1:1:1;1:1:1,1,2,0,0,0,1,0,0,0,0,0,0,29,24
44901,0:2:2;0:4:3;1:1:1;1:1:1,1,3,1,1,1,0,1,1,1,1,1,5,8,4
44902,0:2:2;0:4:3;1:1:1;1:1:1,1,4,1,1,1,0,1,1,1,1,1,5,8,3
44903,0:2:2;0:4:3;1:1:1;1:1:1,1,5,1,1,1,0,1,1,1,1,1,5,8,1
44904,0:2:2;0:4:3;1:1:1;1:1:1,2,0,0,0,0,1,0,0,0,0,0,0,13,24
44905,0:2:2;0:4:3;1:1:1;1:1:1,2,1,0,0,0,1,0,0,0,0,0,0,24,24
44906,0:2:2;0:4:3;1:1:1;1:1:1,2,2,0,0,0,1,0,0,0,0,0,0,35,24
44907,0:2:2;0:4:3;1:1:1;1:1:1,2,3,1,1,1,0,1,1,1,1,1,5,8,4
44908,0:2:2;0:4:3;1:1:1;1:1:1,2,4,1,1,1,0,1,1,1,1,1,5,8,3
44909,0:2:2;0:4:3;1:1:1;1:1:1,2,5,1,1,1,0,1,1,1,1,1,5,8,1
44910,0:2:2;0:4:3;1:1:1;1:1:1,3,0,0,0,0,1,0,0,0,0,0,0,13,24
44911,0:2:2;0:4:3;1:1:1;1:1:1,3,1,0,0,0,1,0,0,0,0,0,0,24,24
44912,0:2:2;0:4:3;1:1:1;1:1:1,3,2,0,0,0,1,0,0,0,0,0,0,35,24
44913,0:2:2;0:4:3;1:1:1;1:1:1,3,3,1,1,1,0,1,1,1,1,1,5,8,4
44914,0:2:2;0:4:3;1:1:1;1:1:1,3,4,1,1,1,0,1,1,1,1,1,5,8,3
44915,0:2:2;0:4:3;1:1:1;1:1:1,3,5,1,1,1,0,1,1,1,1,1,5,8,1
44916,0:2:2;0:4:3;1:1:1;1:1:1,4,0,0,0,0,1,0,0,0,0,0,0,13,24
44917,0:2:2;0:4:3;1:1:1;1:1:1,4,1,0,0,0,1,0,0,0,0,0,0,24,24
44918,0:2:2;0:4:3;1:1:1;1:1:1,4,2,0,0,0,1,0,0,0,0,0,0,35,24
44919,0:2:2;0:4:3;1:1:1;1:1:1,4,3,1,1,1,0,1,1,1,1,1,5,8,4
44920,0:2:2;0:4:3;1:1:1;1:1:1,4,4,1,1,1,0,1,1,1,1,1,5,8,3
44921,0:2:2;0:4:3;1:1:1;1:1:1,4,5,1,1,1,0,1,1,1,1,1,5,8,1
44922,0:2:2;0:4:3;1:1:1;1:1:1,5,0,0,0,0,1,0,0,0,0,0,0,13,24
44923,0:2:2;0:4:3;1:1:1;1:1:1,5,1,0,0,0,1,0,0,0,0,0,0,24,24
44924,0:2:2;0:4:3;1:1:1;1:1:1,5,2,0,0,0,1,0,0,0,0,0,0,35,24
44925,0:2:2;0:4:3;1:1:1;1:1:1,5,3,1,1,1,0,1,1,1,1,1,5,8,4
44926,0:2:2;0:4:3;1:1:1;1:1:1,5,4,1,1,1,0,1,1,1,1,1,5,8,3
44927,0:2:2;0:4:3;1:1:1;1:1:1,5,5,1,1,1,0,1,1,1,1,1,5,8,1
44928,0:2:2;0:4:3;1:1:1;1:2:1,0,0,0,0,0,1,0,0,0,0,0,0,1,24
44929,0:2:2;0:4:3;1:1:1;1:2:1,0,1,0,0,0,1,0,0,0,0,0,0,3,24
44930,0:2:2;0:4:3;1:1:1;1:2:1,0,2,1,1,0,0,1,1,1,1,1,5,8,4
44931,0:2:2;0:4:3;1:1:1;1:2:1,0,3,1,1,1,0,1,1,1,1,1,5,8,4
44932,0:2:2;0:4:3;1:1:1;1:2:1,0,4,1,1,1,0,1,1,1,1,1,5,8,3
44933,0:2:2;0:4:3;1:1:1;1:2:1,0,5,1,1,1,0,1,1,1,1,1,5,8,1
44934,0:2:2;0:4:3;1:1:1;1:2:1,1,0,0,0,0,1,0,0,0,0,0,0,12,24
44935,0:2:2;0:4:3;1:1:1;1:2:1,1,1,0,0,0,1,0,0,0,0,0,0,23,24
44936,0:2:2;0:4:3;1:1:1;1:2:1,1,2,1,1,1,0,1,1,1,1,1,5,8,4
44937,0:2:2;0:4:3;1:1:1;1:2:1,1,3,1,1,1,0,1,1,1,1,1,5,8,4
44938,0:2:2;0:4:3;1:1:1;1:2:1,1,4,1,1,1,0,1,1,1,1,1,5,8,3
44939,0:2:2;0:4:3;1:1:1;1:2:1,1,5,1,1,1,0,1,1,1,1,1,5,8,1
44940,0:2:2;0:4:3;1:1:1;1:2:1,2,0,0,0,0,1,0,0,0,0,0,0,19,24
44941,0:2:2;0:4:3;1:1:1;1:2:1,2,1,0,0,0,1,0,0,0,0,0,0,29,24
44942,0:2:2;0:4:3;1:1:1;1:2:1,2,2,1,1,1,0,1,1,1,1,1,5,8,4
44943,0:2:2;0:4:3;1:1:1;1:2:1,2,3,1,1,1,0,1,1,1,1,1,5,8,4
44944,0:2:2;0:4:3;1:1:1;1:2:1,2,4,1,1,1,0,1,1,1,1,1,5,8,3
44945,0:2:2;0:4:3;1:1:1;1:2:1,2,5,1,1,1,0,1,1,1,1,1,5,8,1
44946,0:2:2;0:4:3;1:1:1;1:2:1,3,0,0,0,0,1,0,0,0,0,0,0,19,24
44947,0:2:2;0:4:3;1:1:1;1:2:1,3,1,0,0,0,1,0,0,0,0,0,0,29,24
44948,0:2:2;0:4:3;1:1:1;1:2:1,3,2,1,1,1,0,1,1,1,1,1,5,8,4
44949,0:2:2;0:4:3;1:1:1;1:2:1,3,3,1,1,1,0,1,1,1,1,1,5,8,4
44950,0:2:2;0:4:3;1:1:1;1:2:1,3,4,1,1,1,0,1,1,1,1,1,5,8,3
44951,0:2:2;0:4:3;1:1:1;1:2:1,3,5,1,1,1,0,1,1,1,1,1,5,8,1
44952,0:2:2;0:4:3;1:1:1;1:2:1,4,0,0,0,0,1,0,0,0,0,0,0,19,24
44953,0:2:2;0:4:3;1:1:1;1:2:1,4,1,0,0,0,1,0,0,0,0,0,0,29,24
44954,0:2:2;0:4:3;1:1:1;1:2:1,4,2,1,1,1,0,1,1,1,1,1,5,8,4
44955,0:2:2;0:4:3;1:1:1;1:2:1,4,3,1,1,1,0,1,1,1,1,1,5,8,4
44956,0:2:2;0:4:3;1:1:1;1:2:1,4,4,1,1,1,0,1,1,1,1,1,5,8,3
44957,0:2:2;0:4:3;1:1:1;1:2:1,4,5,1,1,1,0,1,1,1,1,1,5,8,1
44958,0:2:2;0:4:3;1:1:1;1:2:1,5,0,0,0,0,1,0,0,0,0,0,0,19,24
44959,0:2:2;0:4:3;1:1:1;1:2:1,5,1,0,0,0,1,0,0,0,0,0,0,29,24
44960,0:2:2;0:4:3;1:1:1;1:2:1,5,2,1,1,1,0,1,1,1,1,1,5,8,4
44961,0:2:2;0:4:3;1:1:1;1:2:1,5,3,1,1,1,0,1,1,1,1,1,5,8,4
44962,0:2:2;0:4:3;1:1:1;1:2:1,5,4,1,1,1,0,1,1,1,1,1,5,8,3
44963,0:2:2;0:4:3;1:1:1;1:2:1,5,5,1,1,1,0,1,1,1,1,1,5,8,1
44964,0:2:2;0:4:3;1:1:1;1:2:2,0,0,0,0,0,1,0,0,0,0,0,0,1,24
44965,0:2:2;0:4:3;1:1:1;1:2:2,0,1,0,0,0,1,0,0,0,0,0,0,3,24
44966,0:2:2;0:4:3;1:1:1;1:2:2,0,2,1,0,0,1,0,0,0,0,0,4,14,24
44967,0:2:2;0:4:3;1:1:1;1:2:2,0,3,1,1,0,1,0,0,1,1,1,6,13,5
44968,0:2:2;0:4:3;1:1:1;1:2:2,0,4,1,1,1,0,1,1,1,1,1,5,9,3
44969,0:2:2;0:4:3;1:1:1;1:2:2,0,5,1,1,1,0,1,1,1,1,1,5,9,1
44970,0:2:2;0:4:3;1:1:1;1:2:2,1,0,0,0,0,1,0,0,0,0,0,0,5,24
44971,0:2:2;0:4:3;1:1:1;1:2:2,1,1,0,0,0,1,0,0,0,0,0,0,16,24
44972,0:2:2;0:4:3;1:1:1;1:2:2,1,2,1,1,0,0,1,1,1,1,1,5,9,4
44973,0:2:2;0:4:3;1:1:1;1:2:2,1,3,1,1,1,0,1,1,1,1,1,5,9,4
44974,0:2:2;0:4:3;1:1:1;1:2:2,1,4,1,1,1,0,1,1,1,1,1,5,9,3
44975,0:2:2;0:4:3;1:1:1;1:2:2,1,5,1,1,1,0,1,1,1,1,1,5,9,1
44976,0:2:2;0:4:3;1:1:1;1:2:2,2,0,0,0,0,1,0,0,0,0,0,0,16,24
44977,0:2:2;0:4:3;1:1:1;1:2:2,2,1,0,0,0,1,0,0,0,0,0,0,32,24
44978,0:2:2;0:4:3;1:1:1;1:2:2,2,2,1,1,1,0,1,1,1,1,1,5,9,4
44979,0:2:2;0:4:3;1:1:1;1:2:2,2,3,1,1,1,0,1,1,1,1,1,5,9,4
44980,0:2:2;0:4:3;1:1:1;1:2:2,2,4,1,1,1,0,1,1,1,1,1,5,9,3
44981,0:2:2;0:4:3;1:1:1;1:2:2,2,5,1,1,1,0,1,1,1,1,1,5,9,1
44982,0:2:2;0:4:3;1:1:1;1:2:2,3,0,0,0,0,1,0,0,0,0,0,0,23,24
44983,0:2:2;0:4:3;1:1:1;1:2:2,3,1,0,0,0,1,0,0,0,0,0,0,38,24
44984,0:2:2;0:4:3;1:1:1;1:2:2,3,2,1,1,1,0,1,1,1,1,1,5,9,4
44985,0:2:2;0:4:3;1:1:1;1:2:2,3,3,1,1,1,0,1,1,1,1,1,5,9,4
44986,0:2:2;0:4:3;1:1:1;1:2:2,3,4,1,1,1,0,1,1,1,1,1,5,9,3
44987,0:2:2;0:4:3;1:1:1;1:2:2,3,5,1,1,1,0,1,1,1,1,1,5,9,1
44988,0:2:2;0:4:3;1:1:1;1:2:2,4,0,0,0,0,1,0,0,0,0,0,0,23,24
44989,0:2:2;0:4:3;1:1:1;1:2:2,4,1,0,0,0,1,0,0,0,0,0,0,38,24
44990,0:2:2;0:4:3;1:1:1;1:2:2,4,2,1,1,1,0,1,1,1,1,1,5,9,4
44991,0:2:2;0:4:3;1:1:1;1:2:2,4,3,1,1,1,0,1,1,1,1,1,5,9,4
44992,0:2:2;0:4:3;1:1:1;1:2:2,4,4,1,1,1,0,1,1,1,1,1,5,9,3
44993,0:2:2;0:4:3;1:1:1;1:2:2,4,5,1,1,1,0,1,1,1,1,1,5,9,1
44994,0:2:2;0:4:3;1:1:1;1:2:2,5,0,0,0,0,1,0,0,0,0,0,0,23,24
44995,0:2:2;0:4:3;1:1:1;1:2:2,5,1,0,0,0,1,0,0,0,0,0,0,38,24
44996,0:2:2;0:4:3;1:1:1;1:2:2,5,2,1,1,1,0,1,1,1,1,1,5,9,4
44997,0:2:2;0:4:3;1:1:1;1:2:2,5,3,1,1,1,0,1,1,1,1,1,5,9,4
44998,0:2:2;0:4:3;1:1:1;1:2:2,5,4,1,1,1,0,1,1,1,1,1,5,9,3
44999,0:2:2;0:4:3;1:1:1;1:2:2,5,5,1,1,1,0,1,1,1,1,1,5,9,1
45000,0:2:2;0:4:3;1:1:1;1:3:2,0,0,0,0,0,1,0,0,0,0,0,0,1,24
45001,0:2:2;0:4:3;1:1:1;1:3:2,0,1,1,0,0,1,0,0,0,0,0,1,3,24
45002,0:2:2;0:4:3;1:1:1;1:3:2,0,2,1,1,0,1,0,0,1,1,1,6,13,5
45003,0:2:2;0:4:3;1:1:1;1:3:2,0,3,1,1,0,1,0,0,1,1,1,6,13,5
45004,0:2:2;0:4:3;1:1:1;1:3:2,0,4,1,1,1,0,1,1,1,1,1,5,9,3
45005,0:2:2;0:4:3;1:1:1;1:3:2,0,5,1,1,1,0,1,1,1,1,1,5,9,1
45006,0:2:2;0:4:3;1:1:1;1:3:2,1,0,0,0,0,1,0,0,0,0,0,0,5,24
45007,0:2:2;0:4:3;1:1:1;1:3:2,1,1,1,1,0,0,1,1,1,1,1,5,9,14
45008,0:2:2;0:4:3;1:1:1;1:3:2,1,2,1,1,0,0,1,1,1,1,1,5,9,4
45009,0:2:2;0:4:3;1:1:1;1:3:2,1,3,1,1,1,0,1,1,1,1,1,5,9,4
45010,0:2:2;0:4:3;1:1:1;1:3:2,1,4,1,1,1,0,1,1,1,1,1,5,9,3
45011,0:2:2;0:4:3;1:1:1;1:3:2,1,5,1,1,1,0,1,1,1,1,1,5,9,1
45012,0:2:2;0:4:3;1:1:1;1:3:2,2,0,0,0,0,1,0,0,0,0,0,0,22,24
45013,0:2:2;0:4:3;1:1:1;1:3:2,2,1,1,1,0,0,1,1,1,1,1,5,9,14
45014,0:2:2;0:4:3;1:1:1;1:3:2,2,2,1,1,1,0,1,1,1,1,1,5,9,4
45015,0:2:2;0:4:3;1:1:1;1:3:2,2,3,1,1,1,0,1,1,1,1,1,5,9,4
45016,0:2:2;0:4:3;1:1:1;1:3:2,2,4,1,1,1,0,1,1,1,1,1,5,9,3
45017,0:2:2;0:4:3;1:1:1;1:3:2,2,5,1,1,1,0,1,1,1,1,1,5,9,1
45018,0:2:2;0:4:3;1:1:1;1:3:2,3,0,0,0,0,1,0,0,0,0,0,0,28,24
45019,0:2:2;0:4:3;1:1:1;1:3:2,3,1,1,1,1,0,1,1,1,1,1,5,9,14
45020,0:2:2;0:4:3;1:1:1;1:3:2,3,2,1,1,1,0,1,1,1,1,1,5,9,4
45021,0:2:2;0:4:3;1:1:1;1:3:2,3,3,1,1,1,0,1,1,1,1,1,5,9,4
45022,0:2:2;0:4:3;1:1:1;1:3:2,3,4,1,1,1,0,1,1,1,1,1,5,9,3
45023,0:2:2;0:4:3;1:1:1;1:3:2,3,5,1,1,1,0,1,1,1,1,1,5,9,1
45024,0:2:2;0:4:3;1:1:1;1:3:2,4,0,0,0,0,1,0,0,0,0,0,0,28,24
45025,0:2:2;0:4:3;1:1:1;1:3:2,4,1,1,1,1,0,1,1,1,1,1,5,9,14
45026,0:2:2;0:4:3;1:1:1;1:3:2,4,2,1,1,1,0,1,1,1,1,1,5,9,4
45027,0:2:2;0:4:3;1:1:1;1:3:2,4,3,1,1,1,0,1,1,1,1,1,5,9,4
45028,0:2:2;0:4:3;1:1:1;1:3:2,4,4,1,1,1,0,1,1,1,1,1,5,9,3
45029,0:2:2;0:4:3;1:1:1;1:3:2,4,5,1,1,1,0,1,1,1,1,1,5,9,1
45030,0:2:2;0:4:3;1:1:1;1:3:2,5,0,0,0,0,1,0,0,0,0,0,0,28,24
45031,0:2:2;0:4:3;1:1:1;1:3:2,5,1,1,1,1,0,1,1,1,1,1,5,9,14
45032,0:2:2;0:4:3;1:1:1;1:3:2,5,2,1,1,1,0,1,1,1,1,1,5,9,4
45033,0:2:2;0:4:3;1:1:1;1:3:2,5,3,1,1,1,0,1,1,1,1,1,5,9,4
45034,0:2:2;0:4:3;1:1:1;1:3:2,5,4,1,1,1,0,1,1,1,1,1,5,9,3
45035,0:2:2;0:4:3;1:1:1;1:3:2,5,5,1,1,1,0,1,1,1,1,1,5,9,1
45036,0:2:2;0:4:3;1:1:1;1:3:3,0,0,0,0,0,1,0,0,0,0,0,0,1,24
45037,0:2:2;0:4:3;1:1:1;1:3:3,0,1,1,0,0,1,0,0,0,0,0,1,3,24
45038,0:2:2;0:4:3;1:1:1;1:3:3,0,2,1,0,0,1,0,0,0,0,0,3,12,24
45039,0:2:2;0:4:3;1:1:1;1:3:3,0,3,1,1,0,1,0,0,1,1,1,7,25,10
45040,0:2:2;0:4:3;1:1:1;1:3:3,0,4,1,1,0,0,1,1,1,1,1,5,10,3
45041,0:2:2;0:4:3;1:1:1;1:3:3,0,5,1,1,1,0,1,1,1,1,1,5,10,1
45042,0:2:2;0:4:3;1:1:1;1:3:3,1,0,0,0,0,1,0,0,0,0,0,0,5,24
45043,0:2:2;0:4:3;1:1:1;1:3:3,1,1,1,0,0,1,0,0,0,0,0,3,14,24
45044,0:2:2;0:4:3;1:1:1;1:3:3,1,2,1,1,0,1,0,0,1,0,1,6,16,5
45045,0:2:2;0:4:3;1:1:1;1:3:3,1,3,1,1,0,1,0,0,1,1,1,6,16,5
45046,0:2:2;0:4:3;1:1:1;1:3:3,1,4,1,1,1,0,1,1,1,1,1,5,10,3
45047,0:2:2;0:4:3;1:1:1;1:3:3,1,5,1,1,1,0,1,1,1,1,1,5,10,1
45048,0:2:2;0:4:3;1:1:1;1:3:3,2,0,0,0,0,1,0,0,0,0,0,0,9,24
45049,0:2:2;0:4:3;1:1:1;1:3:3,2,1,1,1,0,0,1,1,1,1,1,5,10,14
45050,0:2:2;0:4:3;1:1:1;1:3:3,2,2,1,1,0,0,1,1,1,1,1,5,10,4
45051,0:2:2;0:4:3;1:1:1;1:3:3,2,3,1,1,1,0,1,1,1,1,1,5,10,4
45052,0:2:2;0:4:3;1:1:1;1:3:3,2,4,1,1,1,0,1,1,1,1,1,5,10,3
45053,0:2:2;0:4:3;1:1:1;1:3:3,2,5,1,1,1,0,1,1,1,1,1,5,10,1
45054,0:2:2;0:4:3;1:1:1;1:3:3,3,0,0,0,0,1,0,0,0,0,0,0,26,24
45055,0:2:2;0:4:3;1:1:1;1:3:3,3,1,1,1,0,0,1,1,1,1,1,5,10,14
45056,0:2:2;0:4:3;1:1:1;1:3:3,3,2,1,1,1,0,1,1,1,1,1,5,10,4
45057,0:2:2;0:4:3;1:1:1;1:3:3,3,3,1,1,1,0,1,1,1,1,1,5,10,4
45058,0:2:2;0:4:3;1:1:1;1:3:3,3,4,1,1,1,0,1,1,1,1,1,5,10,3
45059,0:2:2;0:4:3;1:1:1;1:3:3,3,5,1,1,1,0,1,1,1,1,1,5,10,1
45060,0:2:2;0:4:3;1:1:1;1:3:3,4,0,0,0,0,1,0,0,0,0,0,0,32,24
45061,0:2:2;0:4:3;1:1:1;1:3:3,4,1,1,1,1,0,1,1,1,1,1,5,10,14
45062,0:2:2;0:4:3;1:1:1;1:3:3,4,2,1,1,1,0,1,1,1,1,1,5,10,4
45063,0:2:2;0:4:3;1:1:1;1:3:3,4,3,1,1,1,0,1,1,1,1,1,5,10,4
45064,0:2:2;0:4:3;1:1:1;1:3:3,4,4,1,1,1,0,1,1,1,1,1,5,10,3
45065,0:2:2;0:4:3;1:1:1;1:3:3,4,5,1,1,1,0,1,1,1,1,1,5,10,1
45066,0:2:2;0:4:3;1:1:1;1:3:3,5,0,0,0,0,1,0,0,0,0,0,0,32,24
45067,0:2:2;0:4:3;1:1:1;1:3:3,5,1,1,1,1,0,1,1,1,1,1,5,10,14
45068,0:2:2;0:4:3;1:1:1;1:3:3,5,2,1,1,1,0,1,1,1,1,1,5,10,4
45069,0:2:2;0:4:3;1:1:1;1:3:3,5,3,1,1,1,0,1,1,1,1,1,5,10,4
45070,0:2:2;0:4:3;1:1:1;1:3:3,5,4,1,1,1,0,1,1,1,1,1,5,10,3
45071,0:2:2;0:4:3;1:1:1;1:3:3,5,5,1,1,1,0,1,1,1,1,1,5,10,1
45072,0:2:2;0:4:3;1:1:1;1:4:3,0,0,1,0,0,1,0,0,0,0,0,1,1,24
45073,0:2:2;0:4:3;1:1:1;1:4:3,0,1,1,0,0,1,0,0,0,0,0,1,3,24
45074,0:2:2;0:4:3;1:1:1;1:4:3,0,2,1,0,0,1,0,0,0,0,0,3,12,24
45075,0:2:2;0:4:3;1:1:1;1:4:3,0,3,1,1,0,1,0,0,1,1,1,7,25,10
45076,0:2:2;0:4:3;1:1:1;1:4:3,0,4,1,1,0,0,1,1,1,1,1,5,10,3
45077,0:2:2;0:4:3;1:1:1;1:4:3,0,5,1,1,1,0,1,1,1,1,1,5,10,1
45078,0:2:2;0:4:3;1:1:1;1:4:3,1,0,1,0,0,1,0,0,0,0,0,2,5,24
45079,0:2:2;0:4:3;1:1:1;1:4:3,1,1,1,0,0,1,0,0,0,0,0,3,14,24
45080,0:2:2;0:4:3;1:1:1;1:4:3,1,2,1,1,0,1,0,0,1,1,1,6,16,5
45081,0:2:2;0:4:3;1:1:1;1:4:3,1,3,1,1,0,1,0,0,1,1,1,6,16,5
45082,0:2:2;0:4:3;1:1:1;1:4:3,1,4,1,1,1,0,1,1,1,1,1,5,10,3
45083,0:2:2;0:4:3;1:1:1;1:4:3,1,5,1,1,1,0,1,1,1,1,1,5,10,1
45084,0:2:2;0:4:3;1:1:1;1:4:3,2,0,1,0,0,1,0,0,0,0,0,2,9,24
45085,0:2:2;0:4:3;1:1:1;1:4:3,2,1,1,1,0,0,1,1,1,1,1,5,10,14
45086,0:2:2;0:4:3;1:1:1;1:4:3,2,2,1,1,0,0,1,1,1,1,1,5,10,4
45087,0:2:2;0:4:3;1:1:1;1:4:3,2,3,1,1,1,0,1,1,1,1,1,5,10,4
45088,0:2:2;0:4:3;1:1:1;1:4:3,2,4,1,1,1,0,1,1,1,1,1,5,10,3
45089,0:2:2;0:4:3;1:1:1;1:4:3,2,5,1,1,1,0,1,1,1,1,1,5,10,1
45090,0:2:2;0:4:3;1:1:1;1:4:3,3,0,1,1,0,1,0,0,1,1,1,6,19,20
45091,0:2:2;0:4:3;1:1:1;1:4:3,3,1,1,1,0,0,1,1,1,1,1,5,10,14
45092,0:2:2;0:4:3;1:1:1;1:4:3,3,2,1,1,1,0,1,1,1,1,1,5,10,4
45093,0:2:2;0:4:3;1:1:1;1:4:3,3,3,1,1,1,0,1,1,1,1,1,5,10,4
45094,0:2:2;0:4:3;1:1:1;1:4:3,3,4,1,1,1,0,1,1,1,1,1,5,10,3
45095,0:2:2;0:4:3;1:1:1;1:4:3,3,5,1,1,1,0,1,1,1,1,1,5,10,1
45096,0:2:2;0:4:3;1:1:1;1:4:3,4,0,1,1,0,0,1,1,1,1,1,5,10,17
45097,0:2:2;0:4:3;1:1:1;1:4:3,4,1,1,1,1,0,1,1,1,1,1,5,10,14
45098,0:2:2;0:4:3;1:1:1;1:4:3,4,2,1,1,1,0,1,1,1,1,1,5,10,4
45099,0:2:2;0:4:3;1:1:1;1:4:3,4,3,1,1,1,0,1,1,1,1,1,5,10,4
45100,0:2:2;0:4:3;1:1:1;1:4:3,4,4,1,1,1,0,1,1,1,1,1,5,10,3
45101,0:2:2;0:4:3;1:1:1;1:4:3,4,5,1,1,1,0,1,1,1,1,1,5,10,1
45102,0:2:2;0:4:3;1:1:1;1:4:3,5,0,1,1,1,0,1,1,1,1,1,5,10,17
45103,0:2:2;0:4:3;1:1:1;1:4:3,5,1,1,1,1,0,1,1,1,1,1,5,10,14
45104,0:2:2;0:4:3;1:1:1;1:4:3,5,2,1,1,1,0,1,1,1,1,1,5,10,4
45105,0:2:2;0:4:3;1:1:1;1:4:3,5,3,1,1,1,0,1,1,1,1,1,5,10,4
45106,0:2:2;0:4:3;1:1:1;1:4:3,5,4,1,1,1,0,1,1,1,1,1,5,10,3
45107,0:2:2;0:4:3;1:1:1;1:4:3,5,5,1,1,1,0,1,1,1,1,1,5,10,1
45108,0:2:2;0:4:3;1:2:1;1:2:1,0,0,0,0,0,1,0,0,0,0,0,0,1,24
45109,0:2:2;0:4:3;1:2:1;1:2:1,0,1,1,0,0,1,0,0,0,0,0,1,3,24
45110,0:2:2;0:4:3;1:2:1;1:2:1,0,2,1,1,0,0,1,1,1,1,1,5,8,4
45111,0:2:2;0:4:3;1:2:1;1:2:1,0,3,1,1,1,0,1,1,1,1,1,5,8,3
45112,0:2:2;0:4:3;1:2:1;1:2:1,0,4,1,1,1,0,1,1,1,1,1,5,8,3
45113,0:2:2;0:4:3;1:2:1;1:2:1,0,5,1,1,1,0,1,1,1,1,1,5,8,1
45114,0:2:2;0:4:3;1:2:1;1:2:1,1,0,0,0,0,1,0,0,0,0,0,0,16,24
45115,0:2:2;0:4:3;1:2:1;1:2:1,1,1,1,1,0,0,1,1,1,1,1,5,8,14
45116,0:2:2;0:4:3;1:2:1;1:2:1,1,2,1,1,1,0,1,1,1,1,1,5,8,4
45117,0:2:2;0:4:3;1:2:1;1:2:1,1,3,1,1,1,0,1,1,1,1,1,5,8,3
45118,0:2:2;0:4:3;1:2:1;1:2:1,1,4,1,1,1,0,1,1,1,1,1,5,8,3
45119,0:2:2;0:4:3;1:2:1;1:2:1,1,5,1,1,1,0,1,1,1,1,1,5,8,1
45120,0:2:2;0:4:3;1:2:1;1:2:1,2,0,0,0,0,1,0,0,0,0,0,0,24,24
45121,0:2:2;0:4:3;1:2:1;1:2:1,2,1,1,1,1,0,1,1,1,1,1,5,8,14
45122,0:2:2;0:4:3;1:2:1;1:2:1,2,2,1,1,1,0,1,1,1,1,1,5,8,4
45123,0:2:2;0:4:3;1:2:1;1:2:1,2,3,1,1,1,0,1,1,1,1,1,5,8,3
45124,0:2:2;0:4:3;1:2:1;1:2:1,2,4,1,1,1,0,1,1,1,1,1,5,8,3
45125,0:2:2;0:4:3;1:2:1;1:2:1,2,5,1,1,1,0,1,1,1,1,1,5,8,1
45126,0:2:2;0:4:3;1:2:1;1:2:1,3,0,0,0,0,1,0,0,0,0,0,0,24,24
45127,0:2:2;0:4:3;1:2:1;1:2:1,3,1,1,1,1,0,1,1,1,1,1,5,8,14
45128,0:2:2;0:4:3;1:2:1;1:2:1,3,2,1,1,1,0,1,1,1,1,1,5,8,4
45129,0:2:2;0:4:3;1:2:1;1:2:1,3,3,1,1,1,0,1,1,1,1,1,5,8,3
45130,0:2:2;0:4:3;1:2:1;1:2:1,3,4,1,1,1,0,1,1,1,1,1,5,8,3
45131,0:2:2;0:4:3;1:2:1;1:2:1,3,5,1,1,1,0,1,1,1,1,1,5,8,1
45132,0:2:2;0:4:3;1:2:1;1:2:1,4,0,0,0,0,1,0,0,0,0,0,0,24,24
45133,0:2:2;0:4:3;1:2:1;1:2:1,4,1,1,1,1,0,1,1,1,1,1,5,8,14
45134,0:2:2;0:4:3;1:2:1;1:2:1,4,2,1,1,1,0,1,1,1,1,1,5,8,4
45135,0:2:2;0:4:3;1:2:1;1:2:1,4,3,1,1,1,0,1,1,1,1,1,5,8,3
45136,0:2:2;0:4:3;1:2:1;1:2:1,4,4,1,1,1,0,1,1,1,1,1,5,8,3
45137,0:2:2;0:4:3;1:2:1;1:2:1,4,5,1,1,1,0,1,1,1,1,1,5,8,1
45138,0:2:2;0:4:3;1:2:1;1:2:1,5,0,0,0,0,1,0,0,0,0,0,0,24,24
45139,0:2:2;0:4:3;1:2:1;1:2:1,5,1,1,1,1,0,1,1,1,1,1,5,8,14
45140,0:2:2;0:4:3;1:2:1;1:2:1,5,2,1,1,1,0,1,1,1,1,1,5,8,4
45141,0:2:2;0:4:3;1:2:1;1:2:1,5,3,1,1,1,0,1,1,1,1,1,5,8,3
45142,0:2:2;0:4:3;1:2:1;1:2:1,5,4,1,1,1,0,1,1,1,1,1,5,8,3
45143,0:2:2;0:4:3;1:2:1;1:2:1,5,5,1,1,1,0,1,1,1,1,1,5,8,1
45144,0:2:2;0:4:3;1:2:1;1:2:2,0,0,0,0,0,1,0,0,0,0,0,0,1,24
45145,0:2:2;0:4:3;1:2:1;1:2:2,0,1,1,0,0,1,0,0,0,0,0,1,3,24
45146,0:2:2;0:4:3;1:2:1;1:2:2,0,2,1,0,0,1,0,0,0,0,0,4,16,24
45147,0:2:2;0:4:3;1:2:1;1:2:2,0,3,1,1,0,0,1,1,1,1,1,5,9,3
45148,0:2:2;0:4:3;1:2:1;1:2:2,0,4,1,1,1,0,1,1,1,1,1,5,9,3
45149,0:2:2;0:4:3;1:2:1;1:2:2,0,5,1,1,1,0,1,1,1,1,1,5,9,1
45150,0:2:2;0:4:3;1:2:1;1:2:2,1,0,0,0,0,1,0,0,0,0,0,0,12,24
45151,0:2:2;0:4:3;1:2:1;1:2:2,1,1,1,1,0,0,1,1,1,1,1,5,9,14
45152,0:2:2;0:4:3;1:2:1;1:2:2,1,2,1,1,0,0,1,1,1,1,1,5,9,4
45153,0:2:2;0:4:3;1:2:1;1:2:2,1,3,1,1,1,0,1,1,1,1,1,5,9,3
45154,0:2:2;0:4:3;1:2:1;1:2:2,1,4,1,1,1,0,1,1,1,1,1,5,9,3
45155,0:2:2;0:4:3;1:2:1;1:2:2,1,5,1,1,1,0,1,1,1,1,1,5,9,1
45156,0:2:2;0:4:3;1:2:1;1:2:2,2,0,0,0,0,1,0,0,0,0,0,0,23,24
45157,0:2:2;0:4:3;1:2:1;1:2:2,2,1,1,1,0,0,1,1,1,1,1,5,9,14
45158,0:2:2;0:4:3;1:2:1;1:2:2,2,2,1,1,1,0,1,1,1,1,1,5,9,4
45159,0:2:2;0:4:3;1:2:1;1:2:2,2,3,1,1,1,0,1,1,1,1,1,5,9,3
45160,0:2:2;0:4:3;1:2:1;1:2:2,2,4,1,1,1,0,1,1,1,1,1,5,9,3
45161,0:2:2;0:4:3;1:2:1;1:2:2,2,5,1,1,1,0,1,1,1,1,1,5,9,1
45162,0:2:2;0:4:3;1:2:1;1:2:2,3,0,0,0,0,1,0,0,0,0,0,0,31,24
45163,0:2:2;0:4:3;1:2:1;1:2:2,3,1,1,1,1,0,1,1,1,1,1,5,9,14
45164,0:2:2;0:4:3;1:2:1;1:2:2,3,2,1,1,1,0,1,1,1,1,1,5,9,4
45165,0:2:2;0:4:3;1:2:1;1:2:2,3,3,1,1,1,0,1,1,1,1,1,5,9,3
45166,0:2:2;0:4:3;1:2:1;1:2:2,3,4,1,1,1,0,1,1,1,1,1,5,9,3
45167,0:2:2;0:4:3;1:2:1;1:2:2,3,5,1,1,1,0,1,1,1,1,1,5,9,1
45168,0:2:2;0:4:3;1:2:1;1:2:2,4,0,0,0,0,1,0,0,0,0,0,0,31,24
45169,0:2:2;0:4:3;1:2:1;1:2:2,4,1,1,1,1,0,1,1,1,1,1,5,9,14
45170,0:2:2;0:4:3;1:2:1;1:2:2,4,2,1,1,1,0,1,1,1,1,1,5,9,4
45171,0:2:2;0:4:3;1:2:1;1:2:2,4,3,1,1,1,0,1,1,1,1,1,5,9,3
45172,0:2:2;0:4:3;1:2:1;1:2:2,4,4,1,1,1,0,1,1,1,1,1,5,9,3
45173,0:2:2;0:4:3;1:2:1;1:2:2,4,5,1,1,1,0,1,1,1,1,1,5,9,1
45174,0:2:2;0:4:3;1:2:1;1:2:2,5,0,0,0,0,1,0,0,0,0,0,0,31,24
45175,0:2:2;0:4:3;1:2:1;1:2:2,5,1,1,1,1,0,1,1,1,1,1,5,9,14
45176,0:2:2;0:4:3;1:2:1;1:2:2,5,2,1,1,1,0,1,1,1,1,1,5,9,4
45177,0:2:2;0:4:3;1:2:1;1:2:2,5,3,1,1,1,0,1,1,1,1,1,5,9,3
45178,0:2:2;0:4:3;1:2:1;1:2:2,5,4,1,1,1,0,1,1,1,1,1,5,9,3
45179,0:2:2;0:4:3;1:2:1;1:2:2,5,5,1,1,1,0,1,1,1,1,1,5,9,1
45180,0:2:2;0:4:3;1:2:1;1:3:2,0,0,1,0,0,1,0,0,0,0,0,1,1,24
45181,0:2:2;0:4:3;1:2:1;1:3:2,0,1,1,0,0,1,0,0,0,0,0,1,3,24
45182,0:2:2;0:4:3;1:2:1;1:3:2,0,2,1,1,0,1,0,0,1,0,1,6,15,5
45183,0:2:2;0:4:3;1:2:1;1:3:2,0,3,1,1,0,0,1,1,1,1,1,5,9,3
45184,0:2:2;0:4:3;1:2:1;1:3:2,0,4,1,1,1,0,1,1,1,1,1,5,9,3
45185,0:2:2;0:4:3;1:2:1;1:3:2,0,5,1,1,1,0,1,1,1,1,1,5,9,1
45186,0:2:2;0:4:3;1:2:1;1:3:2,1,0,1,1,0,0,1,1,1,1,1,5,9,14
45187,0:2:2;0:4:3;1:2:1;1:3:2,1,1,1,1,0,0,1,1,1,1,1,5,9,14
45188,0:2:2;0:4:3;1:2:1;1:3:2,1,2,1,1,0,0,1,1,1,1,1,5,9,4
45189,0:2:2;0:4:3;1:2:1;1:3:2,1,3,1,1,1,0,1,1,1,1,1,5,9,3
45190,0:2:2;0:4:3;1:2:1;1:3:2,1,4,1,1,1,0,1,1,1,1,1,5,9,3
45191,0:2:2;0:4:3;1:2:1;1:3:2,1,5,1,1,1,0,1,1,1,1,1,5,9,1
45192,0:2:2;0:4:3;1:2:1;1:3:2,2,0,1,1,0,0,1,1,1,1,1,5,9,14
45193,0:2:2;0:4:3;1:2:1;1:3:2,2,1,1,1,0,0,1,1,1,1,1,5,9,14
45194,0:2:2;0:4:3;1:2:1;1:3:2,2,2,1,1,1,0,1,1,1,1,1,5,9,4
45195,0:2:2;0:4:3;1:2:1;1:3:2,2,3,1,1,1,0,1,1,1,1,1,5,9,3
45196,0:2:2;0:4:3;1:2:1;1:3:2,2,4,1,1,1,0,1,1,1,1,1,5,9,3
45197,0:2:2;0:4:3;1:2:1;1:3:2,2,5,1,1,1,0,1,1,1,1,1,5,9,1
45198,0:2:2;0:4:3;1:2:1;1:3:2,3,0,1,1,0,0,1,1,1,1,1,5,9,14
45199,0:2:2;0:4:3;1:2:1;1:3:2,3,1,1,1,1,0,1,1,1,1,1,5,9,14
45200,0:2:2;0:4:3;1:2:1;1:3:2,3,2,1,1,1,0,1,1,1,1,1,5,9,4
45201,0:2:2;0:4:3;1:2:1;1:3:2,3,3,1,1,1,0,1,1,1,1,1,5,9,3
45202,0:2:2;0:4:3;1:2:1;1:3:2,3,4,1,1,1,0,1,1,1,1,1,5,9,3
45203,0:2:2;0:4:3;1:2:1;1:3:2,3,5,1,1,1,0,1,1,1,1,1,5,9,1
45204,0:2:2;0:4:3;1:2:1;1:3:2,4,0,1,1,1,0,1,1,1,1,1,5,9,14
45205,0:2:2;0:4:3;1:2:1;1:3:2,4,1,1,1,1,0,1,1,1,1,1,5,9,14
45206,0:2:2;0:4:3;1:2:1;1:3:2,4,2,1,1,1,0,1,1,1,1,1,5,9,4
45207,0:2:2;0:4:3;1:2:1;1:3:2,4,3,1,1,1,0,1,1,1,1,1,5,9,3
45208,0:2:2;0:4:3;1:2:1;1:3:2,4,4,1,1,1,0,1,1,1,1,1,5,9,3
45209,0:2:2;0:4:3;1:2:1;1:3:2,4,5,1,1,1,0,1,1,1,1,1,5,9,1
45210,0:2:2;0:4:3;1:2:1;1:3:2,5,0,1,1,1,0,1,1,1,1,1,5,9,14
45211,0:2:2;0:4:3;1:2:1;1:3:2,5,1,1,1,1,0,1,1,1,1,1,5,9,14
45212,0:2:2;0:4:3;1:2:1;1:3:2,5,2,1,1,1,0,1,1,1,1,1,5,9,4
45213,0:2:2;0:4:3;1:2:1;1:3:2,5,3,1,1,1,0,1,1,1,1,1,5,9,3
45214,0:2:2;0:4:3;1:2:1;1:3:2,5,4,1,1,1,0,1,1,1,1,1,5,9,3
45215,0:2:2;0:4:3;1:2:1;1:3:2,5,5,1,1,1,0,1,1,1,1,1,5,9,1
45216,0:2:2;0:4:3;1:2:1;1:3:3,0,0,1,0,0,1,0,0,0,0,0,1,1,24
45217,0:2:2;0:4:3;1:2:1;1:3:3,0,1,1,0,0,1,0,0,0,0,0,1,3,24
45218,0:2:2;0:4:3;1:2:1;1:3:3,0,2,1,0,0,1,0,0,0,0,0,3,14,24
45219,0:2:2;0:4:3;1:2:1;1:3:3,0,3,1,1,0,0,1,1,1,1,1,5,10,3
45220,0:2:2;0:4:3;1:2:1;1:3:3,0,4,1,1,0,0,1,1,1,1,1,5,10,3
45221,0:2:2;0:4:3;1:2:1;1:3:3,0,5,1,1,1,0,1,1,1,1,1,5,10,1
45222,0:2:2;0:4:3;1:2:1;1:3:3,1,0,1,0,0,1,0,0,0,0,0,3,10,24
45223,0:2:2;0:4:3;1:2:1;1:3:3,1,1,1,1,0,1,0,0,1,1,1,6,21,16
45224,0:2:2;0:4:3;1:2:1;1:3:3,1,2,1,1,0,1,0,0,1,1,1,6,19,5
45225,0:2:2;0:4:3;1:2:1;1:3:3,1,3,1,1,0,0,1,1,1,1,1,5,10,3
45226,0:2:2;0:4:3;1:2:1;1:3:3,1,4,1,1,1,0,1,1,1,1,1,5,10,3
45227,0:2:2;0:4:3;1:2:1;1:3:3,1,5,1,1,1,0,1,1,1,1,1,5,10,1
45228,0:2:2;0:4:3;1:2:1;1:3:3,2,0,1,1,0,0,1,1,1,1,1,5,10,14
45229,0:2:2;0:4:3;1:2:1;1:3:3,2,1,1,1,0,0,1,1,1,1,1,5,10,14
45230,0:2:2;0:4:3;1:2:1;1:3:3,2,2,1,1,0,0,1,1,1,1,1,5,10,4
45231,0:2:2;0:4:3;1:2:1;1:3:3,2,3,1,1,1,0,1,1,1,1,1,5,10,3
45232,0:2:2;0:4:3;1:2:1;1:3:3,2,4,1,1,1,0,1,1,1,1,1,5,10,3
45233,0:2:2;0:4:3;1:2:1;1:3:3,2,5,1,1,1,0,1,1,1,1,1,5,10,1
45234,0:2:2;0:4:3;1:2:1;1:3:3,3,0,1,1,0,0,1,1,1,1,1,5,10,14
45235,0:2:2;0:4:3;1:2:1;1:3:3,3,1,1,1,0,0,1,1,1,1,1,5,10,14
45236,0:2:2;0:4:3;1:2:1;1:3:3,3,2,1,1,1,0,1,1,1,1,1,5,10,4
45237,0:2:2;0:4:3;1:2:1;1:3:3,3,3,1,1,1,0,1,1,1,1,1,5,10,3
45238,0:2:2;0:4:3;1:2:1;1:3:3,3,4,1,1,1,0,1,1,1,1,1,5,10,3
45239,0:2:2;0:4:3;1:2:1;1:3:3,3,5,1,1,1,0,1,1,1,1,1,5,10,1
45240,0:2:2;0:4:3;1:2:1;1:3:3,4,0,1,1,0,0,1,1,1,1,1,5,10,14
45241,0:2:2;0:4:3;1:2:1;1:3:3,4,1,1,1,1,0,1,1,1,1,1,5,10,14
45242,0:2:2;0:4:3;1:2:1;1:3:3,4,2,1,1,1,0,1,1,1,1,1,5,10,4
45243,0:2:2;0:4:3;1:2:1;1:3:3,4,3,1,1,1,0,1,1,1,1,1,5,10,3
45244,0:2:2;0:4:3;1:2:1;1:3:3,4,4,1,1,1,0,1,1,1,1,1,5,10,3
45245,0:2:2;0:4:3;1:2:1;1:3:3,4,5,1,1,1,0,1,1,1,1,1,5,10,1
45246,0:2:2;0:4:3;1:2:1;1:3:3,5,0,1,1,1,0,1,1,1,1,1,5,10,14
45247,0:2:2;0:4:3;1:2:1;1:3:3,5,1,1,1,1,0,1,1,1,1,1,5,10,14
45248,0:2:2;0:4:3;1:2:1;1:3:3,5,2,1,1,1,0,1,1,1,1,1,5,10,4
45249,0:2:2;0:4:3;1:2:1;1:3:3,5,3,1,1,1,0,1,1,1,1,1,5,10,3
45250,0:2:2;0:4:3;1:2:1;1:3:3,5,4,1,1,1,0,1,1,1,1,1,5,10,3
45251,0:2:2;0:4:3;1:2:1;1:3:3,5,5,1,1,1,0,1,1,1,1,1,5,10,1
45252,0:2:2;0:4:3;1:2:1;1:4:3,0,0,1,0,0,1,0,0,0,0,0,1,1,24
45253,0:2:2;0:4:3;1:2:1;1:4:3,0,1,1,0,0,1,0,0,0,0,0,1,3,24
45254,0:2:2;0:4:3;1:2:1;1:4:3,0,2,1,0,0,1,0,0,0,0,0,3,14,24
45255,0:2:2;0:4:3;1:2:1;1:4:3,0,3,1,1,0,0,1,1,1,1,1,5,10,3
45256,0:2:2;0:4:3;1:2:1;1:4:3,0,4,1,1,0,0,1,1,1,1,1,5,10,3
45257,0:2:2;0:4:3;1:2:1;1:4:3,0,5,1,1,1,0,1,1,1,1,1,5,10,1
45258,0:2:2;0:4:3;1:2:1;1:4:3,1,0,1,0,0,1,0,0,0,0,0,3,10,24
45259,0:2:2;0:4:3;1:2:1;1:4:3,1,1,1,1,0,1,0,0,1,1,1,6,21,16
45260,0:2:2;0:4:3;1:2:1;1:4:3,1,2,1,1,0,1,0,0,1,1,1,6,19,5
45261,0:2:2;0:4:3;1:2:1;1:4:3,1,3,1,1,0,0,1,1,1,1,1,5,10,3
45262,0:2:2;0:4:3;1:2:1;1:4:3,1,4,1,1,1,0,1,1,1,1,1,5,10,3
45263,0:2:2;0:4:3;1:2:1;1:4:3,1,5,1,1,1,0,1,1,1,1,1,5,10,1
45264,0:2:2;0:4:3;1:2:1;1:4:3,2,0,1,1,0,0,1,1,1,1,1,5,10,14
45265,0:2:2;0:4:3;1:2:1;1:4:3,2,1,1,1,0,0,1,1,1,1,1,5,10,14
45266,0:2:2;0:4:3;1:2:1;1:4:3,2,2,1,1,0,0,1,1,1,1,1,5,10,4
45267,0:2:2;0:4:3;1:2:1;1:4:3,2,3,1,1,1,0,1,1,1,1,1,5,10,3
45268,0:2:2;0:4:3;1:2:1;1:4:3,2,4,1,1,1,0,1,1,1,1,1,5,10,3
45269,0:2:2;0:4:3;1:2:1;1:4:3,2,5,1,1,1,0,1,1,1,1,1,5,10,1
45270,0:2:2;0:4:3;1:2:1;1:4:3,3,0,1,1,0,0,1,1,1,1,1,5,10,14
45271,0:2:2;0:4:3;1:2:1;1:4:3,3,1,1,1,0,0,1,1,1,1,1,5,10,14
45272,0:2:2;0:4:3;1:2:1;1:4:3,3,2,1,1,1,0,1,1,1,1,1,5,10,4
45273,0:2:2;0:4:3;1:2:1;1:4:3,3,3,1,1,1,0,1,1,1,1,1,5,10,3
45274,0:2:2;0:4:3;1:2:1;1:4:3,3,4,1,1,1,0,1,1,1,1,1,5,10,3
45275,0:2:2;0:4:3;1:2:1;1:4:3,3,5,1,1,1,0,1,1,1,1,1,5,10,1
45276,0:2:2;0:4:3;1:2:1;1:4:3,4,0,1,1,0,0,1,1,1,1,1,5,10,14
45277,0:2:2;0:4:3;1:2:1;1:4:3,4,1,1,1,1,0,1,1,1,1,1,5,10,14
45278,0:2:2;0:4:3;1:2:1;1:4:3,4,2,1,1,1,0,1,1,1,1,1,5,10,4
45279,0:2:2;0:4:3;1:2:1;1:4:3,4,3,1,1,1,0,1,1,1,1,1,5,10,3
45280,0:2:2;0:4:3;1:2:1;1:4:3,4,4,1,1,1,0,1,1,1,1,1,5,10,3
45281,0:2:2;0:4:3;1:2:1;1:4:3,4,5,1,1,1,0,1,1,1,1,1,5,10,1
45282,0:2:2;0:4:3;1:2:1;1:4:3,5,0,1,1,1,0,1,1,1,1,1,5,10,14
45283,0:2:2;0:4:3;1:2:1;1:4:3,5,1,1,1,1,0,1,1,1,1,1,5,10,14
45284,0:2:2;0:4:3;1:2:1;1:4:3,5,2,1,1,1,0,1,1,1,1,1,5,10,4
45285,0:2:2;0:4:3;1:2:1;1:4:3,5,3,1,1,1,0,1,1,1,1,1,5,10,3
45286,0:2:2;0:4:3;1:2:1;1:4:3,5,4,1,1,1,0,1,1,1,1,1,5,10,3
45287,0:2:2;0:4:3;1:2:1;1:4:3,5,5,1,1,1,0,1,1,1,1,1,5,10,1
45288,0:2:2;0:4:3;1:2:2;1:2:2,0,0,0,0,0,1,0,0,0,0,0,0,1,24
45289,0:2:2;0:4:3;1:2:2;1:2:2,0,1,1,0,0,1,0,0,0,0,0,1,3,24
45290,0:2:2;0:4:3;1:2:2;1:2:2,0,2,1,0,0,1,0,0,0,0,0,4,15,24
45291,0:2:2;0:4:3;1:2:2;1:2:2,0,3,1,1,0,0,1,1,1,1,1,5,10,3
45292,0:2:2;0:4:3;1:2:2;1:2:2,0,4,1,1,1,0,1,1,1,1,1,5,10,3
45293,0:2:2;0:4:3;1:2:2;1:2:2,0,5,1,1,1,0,1,1,1,1,1,5,10,1
45294,0:2:2;0:4:3;1:2:2;1:2:2,1,0,0,0,0,1,0,0,0,0,0,0,3,24
45295,0:2:2;0:4:3;1:2:2;1:2:2,1,1,1,0,0,1,0,0,0,0,0,1,9,24
45296,0:2:2;0:4:3;1:2:2;1:2:2,1,2,1,0,0,1,0,0,0,0,0,4,31,24
45297,0:2:2;0:4:3;1:2:2;1:2:2,1,3,1,1,1,0,1,1,1,1,1,5,10,3
45298,0:2:2;0:4:3;1:2:2;1:2:2,1,4,1,1,1,0,1,1,1,1,1,5,10,3
45299,0:2:2;0:4:3;1:2:2;1:2:2,1,5,1,1,1,0,1,1,1,1,1,5,10,1
45300,0:2:2;0:4:3;1:2:2;1:2:2,2,0,0,0,0,1,0,0,0,0,0,0,21,24
45301,0:2:2;0:4:3;1:2:2;1:2:2,2,1,1,1,0,0,1,1,1,1,1,5,10,14
45302,0:2:2;0:4:3;1:2:2;1:2:2,2,2,1,1,1,0,1,1,1,1,1,5,10,4
45303,0:2:2;0:4:3;1:2:2;1:2:2,2,3,1,1,1,0,1,1,1,1,1,5,10,3
45304,0:2:2;0:4:3;1:2:2;1:2:2,2,4,1,1,1,0,1,1,1,1,1,5,10,3
45305,0:2:2;0:4:3;1:2:2;1:2:2,2,5,1,1,1,0,1,1,1,1,1,5,10,1
45306,0:2:2;0:4:3;1:2:2;1:2:2,3,0,0,0,0,1,0,0,0,0,0,0,31,24
45307,0:2:2;0:4:3;1:2:2;1:2:2,3,1,1,1,1,0,1,1,1,1,1,5,10,14
45308,0:2:2;0:4:3;1:2:2;1:2:2,3,2,1,1,1,0,1,1,1,1,1,5,10,4
45309,0:2:2;0:4:3;1:2:2;1:2:2,3,3,1,1,1,0,1,1,1,1,1,5,10,3
45310,0:2:2;0:4:3;1:2:2;1:2:2,3,4,1,1,1,0,1,1,1,1,1,5,10,3
45311,0:2:2;0:4:3;1:2:2;1:2:2,3,5,1,1,1,0,1,1,1,1,1,5,10,1
45312,0:2:2;0:4:3;1:2:2;1:2:2,4,0,0,0,0,1,0,0,0,0,0,0,39,24
45313,0:2:2;0:4:3;1:2:2;1:2:2,4,1,1,1,1,0,1,1,1,1,1,5,10,14
45314,0:2:2;0:4:3;1:2:2;1:2:2,4,2,1,1,1,0,1,1,1,1,1,5,10,4
45315,0:2:2;0:4:3;1:2:2;1:2:2,4,3,1,1,1,0,1,1,1,1,1,5,10,3
45316,0:2:2;0:4:3;1:2:2;1:2:2,4,4,1,1,1,0,1,1,1,1,1,5,10,3
45317,0:2:2;0:4:3;1:2:2;1:2:2,4,5,1,1,1,0,1,1,1,1,1,5,10,1
45318,0:2:2;0:4:3;1:2:2;1:2:2,5,0,0,0,0,1,0,0,0,0,0,0,39,24
45319,0:2:2;0:4:3;1:2:2;1:2:2,5,1,1,1,1,0,1,1,1,1,1,5,10,14
45320,0:2:2;0:4:3;1:2:2;1:2:2,5,2,1,1,1,0,1,1,1,1,1,5,10,4
45321,0:2:2;0:4:3;1:2:2;1:2:2,5,3,1,1,1,0,1,1,1,1,1,5,10,3
45322,0:2:2;0:4:3;1:2:2;1:2:2,5,4,1,1,1,0,1,1,1,1,1,5,10,3
45323,0:2:2;0:4:3;1:2:2;1:2:2,5,5,1,1,1,0,1,1,1,1,1,5,10,1
45324,0:2:2;0:4:3;1:2:2;1:3:2,0,0,1,0,0,1,0,0,0,0,0,1,1,24
45325,0:2:2;0:4:3;1:2:2;1:3:2,0,1,1,0,0,1,0,0,0,0,0,1,3,24
45326,0:2:2;0:4:3;1:2:2;1:3:2,0,2,1,1,0,1,0,0,0,1,1,6,15,5
45327,0:2:2;0:4:3;1:2:2;1:3:2,0,3,1,1,0,0,1,1,1,1,1,5,10,3
45328,0:2:2;0:4:3;1:2:2;1:3:2,0,4,1,1,1,0,1,1,1,1,1,5,10,3
45329,0:2:2;0:4:3;1:2:2;1:3:2,0,5,1,1,1,0,1,1,1,1,1,5,10,1
45330,0:2:2;0:4:3;1:2:2;1:3:2,1,0,1,0,0,1,0,0,0,0,0,1,3,24
45331,0:2:2;0:4:3;1:2:2;1:3:2,1,1,1,0,0,1,0,0,0,0,0,1,9,24
45332,0:2:2;0:4:3;1:2:2;1:3:2,1,2,1,1,0,1,0,0,0,1,1,6,16,5
45333,0:2:2;0:4:3;1:2:2;1:3:2,1,3,1,1,1,0,1,1,1,1,1,5,10,3
45334,0:2:2;0:4:3;1:2:2;1:3:2,1,4,1,1,1,0,1,1,1,1,1,5,10,3
45335,0:2:2;0:4:3;1:2:2;1:3:2,1,5,1,1,1,0,1,1,1,1,1,5,10,1
45336,0:2:2;0:4:3;1:2:2;1:3:2,2,0,1,1,0,0,1,1,1,1,1,5,10,14
45337,0:2:2;0:4:3;1:2:2;1:3:2,2,1,1,1,0,0,1,1,1,1,1,5,10,14
45338,0:2:2;0:4:3;1:2:2;1:3:2,2,2,1,1,1,0,1,1,1,1,1,5,10,4
45339,0:2:2;0:4:3;1:2:2;1:3:2,2,3,1,1,1,0,1,1,1,1,1,5,10,3
45340,0:2:2;0:4:3;1:2:2;1:3:2,2,4,1,1,1,0,1,1,1,1,1,5,10,3
45341,0:2:2;0:4:3;1:2:2;1:3:2,2,5,1,1,1,0,1,1,1,1,1,5,10,1
45342,0:2:2;0:4:3;1:2:2;1:3:2,3,0,1,1,0,0,1,1,1,1,1,5,10,14
45343,0:2:2;0:4:3;1:2:2;1:3:2,3,1,1,1,1,0,1,1,1,1,1,5,10,14
45344,0:2:2;0:4:3;1:2:2;1:3:2,3,2,1,1,1,0,1,1,1,1,1,5,10,4
45345,0:2:2;0:4:3;1:2:2;1:3:2,3,3,1,1,1,0,1,1,1,1,1,5,10,3
45346,0:2:2;0:4:3;1:2:2;1:3:2,3,4,1,1,1,0,1,1,1,1,1,5,10,3
45347,0:2:2;0:4:3;1:2:2;1:3:2,3,5,1,1,1,0,1,1,1,1,1,5,10,1
45348,0:2:2;0:4:3;1:2:2;1:3:2,4,0,1,1,1,0,1,1,1,1,1,5,10,14
45349,0:2:2;0:4:3;1:2:2;1:3:2,4,1,1,1,1,0,1,1,1,1,1,5,10,14
45350,0:2:2;0:4:3;1:2:2;1:3:2,4,2,1,1,1,0,1,1,1,1,1,5,10,4
45351,0:2:2;0:4:3;1:2:2;1:3:2,4,3,1,1,1,0,1,1,1,1,1,5,10,3
45352,0:2:2;0:4:3;1:2:2;1:3:2,4,4,1,1,1,0,1,1,1,1,1,5,10,3
45353,0:2:2;0:4:3;1:2:2;1:3:2,4,5,1,1,1,0,1,1,1,1,1,5,10,1
45354,0:2:2;0:4:3;1:2:2;1:3:2,5,0,1,1,1,0,1,1,1,1,1,5,10,14
45355,0:2:2;0:4:3;1:2:2;1:3:2,5,1,1,1,1,0,1,1,1,1,1,5,10,14
45356,0:2:2;0:4:3;1:2:2;1:3:2,5,2,1,1,1,0,1,1,1,1,1,5,10,4
45357,0:2:2;0:4:3;1:2:2;1:3:2,5,3,1,1,1,0,1,1,1,1,1,5,10,3
45358,0:2:2;0:4:3;1:2:2;1:3:2,5,4,1,1,1,0,1,1,1,1,1,5,10,3
45359,0:2:2;0:4:3;1:2:2;1:3:2,5,5,1,1,1,0,1,1,1,1,1,5,10,1
45360,0:2:2;0:4:3;1:2:2;1:3:3,0,0,1,0,0,1,0,0,0,0,0,1,1,24
45361,0:2:2;0:4:3;1:2:2;1:3:3,0,1,1,0,0,1,0,0,0,0,0,1,3,24
45362,0:2:2;0:4:3;1:2:2;1:3:3,0,2,1,0,0,1,0,0,0,0,0,3,13,24
45363,0:2:2;0:4:3;1:2:2;1:3:3,0,3,1,1,0,0,1,1,1,1,1,5,11,3
45364,0:2:2;0:4:3;1:2:2;1:3:3,0,4,1,1,0,0,1,1,1,1,1,5,11,3
45365,0:2:2;0:4:3;1:2:2;1:3:3,0,5,1,1,1,0,1,1,1,1,1,5,11,1
45366,0:2:2;0:4:3;1:2:2;1:3:3,1,0,1,0,0,1,0,0,0,0,0,1,3,24
45367,0:2:2;0:4:3;1:2:2;1:3:3,1,1,1,0,0,1,0,0,0,0,0,1,9,24
45368,0:2:2;0:4:3;1:2:2;1:3:3,1,2,1,1,0,1,0,0,1,0,1,6,20,5
45369,0:2:2;0:4:3;1:2:2;1:3:3,1,3,1,1,0,0,1,1,1,1,1,5,11,3
45370,0:2:2;0:4:3;1:2:2;1:3:3,1,4,1,1,1,0,1,1,1,1,1,5,11,3
45371,0:2:2;0:4:3;1:2:2;1:3:3,1,5,1,1,1,0,1,1,1,1,1,5,11,1
45372,0:2:2;0:4:3;1:2:2;1:3:3,2,0,1,0,0,1,0,0,0,0,0,3,13,24
45373,0:2:2;0:4:3;1:2:2;1:3:3,2,1,1,1,0,1,0,0,1,1,1,6,25,16
45374,0:2:2;0:4:3;1:2:2;1:3:3,2,2,1,1,0,1,0,0,1,0,1,6,20,5
45375,0:2:2;0:4:3;1:2:2;1:3:3,2,3,1,1,1,0,1,1,1,1,1,5,11,3
45376,0:2:2;0:4:3;1:2:2;1:3:3,2,4,1,1,1,0,1,1,1,1,1,5,11,3
45377,0:2:2;0:4:3;1:2:2;1:3:3,2,5,1,1,1,0,1,1,1,1,1,5,11,1
45378,0:2:2;0:4:3;1:2:2;1:3:3,3,0,1,1,0,0,1,1,1,1,1,5,11,14
45379,0:2:2;0:4:3;1:2:2;1:3:3,3,1,1,1,0,0,1,1,1,1,1,5,11,14
45380,0:2:2;0:4:3;1:2:2;1:3:3,3,2,1,1,1,0,1,1,1,1,1,5,11,4
45381,0:2:2;0:4:3;1:2:2;1:3:3,3,3,1,1,1,0,1,1,1,1,1,5,11,3
45382,0:2:2;0:4:3;1:2:2;1:3:3,3,4,1,1,1,0,1,1,1,1,1,5,11,3
45383,0:2:2;0:4:3;1:2:2;1:3:3,3,5,1,1,1,0,1,1,1,1,1,5,11,1
45384,0:2:2;0:4:3;1:2:2;1:3:3,4,0,1,1,0,0,1,1,1,1,1,5,11,14
45385,0:2:2;0:4:3;1:2:2;1:3:3,4,1,1,1,1,0,1,1,1,1,1,5,11,14
45386,0:2:2;0:4:3;1:2:2;1:3:3,4,2,1,1,1,0,1,1,1,1,1,5,11,4
45387,0:2:2;0:4:3;1:2:2;1:3:3,4,3,1,1,1,0,1,1,1,1,1,5,11,3
45388,0:2:2;0:4:3;1:2:2;1:3:3,4,4,1,1,1,0,1,1,1,1,1,5,11,3
45389,0:2:2;0:4:3;1:2:2;1:3:3,4,5,1,1,1,0,1,1,1,1,1,5,11,1
45390,0:2:2;0:4:3;1:2:2;1:3:3,5,0,1,1,1,0,1,1,1,1,1,5,11,14
45391,0:2:2;0:4:3;1:2:2;1:3:3,5,1,1,1,1,0,1,1,1,1,1,5,11,14
45392,0:2:2;0:4:3;1:2:2;1:3:3,5,2,1,1,1,0,1,1,1,1,1,5,11,4
45393,0:2:2;0:4:3;1:2:2;1:3:3,5,3,1,1,1,0,1,1,1,1,1,5,11,3
45394,0:2:2;0:4:3;1:2:2;1:3:3,5,4,1,1,1,0,1,1,1,1,1,5,11,3
45395,0:2:2;0:4:3;1:2:2;1:3:3,5,5,1,1,1,0,1,1,1,1,1,5,11,1
45396,0:2:2;0:4:3;1:2:2;1:4:3,0,0,1,0,0,1,0,0,0,0,0,1,1,24
45397,0:2:2;0:4:3;1:2:2;1:4:3,0,1,1,0,0,1,0,0,0,0,0,1,3,24
45398,0:2:2;0:4:3;1:2:2;1:4:3,0,2,1,0,0,1,0,0,0,0,0,3,13,24
45399,0:2:2;0:4:3;1:2:2;1:4:3,0,3,1,1,0,0,1,1,1,1,1,5,11,3
45400,0:2:2;0:4:3;1:2:2;1:4:3,0,4,1,1,0,0,1,1,1,1,1,5,11,3
45401,0:2:2;0:4:3;1:2:2;1:4:3,0,5,1,1,1,0,1,1,1,1,1,5,11,1
45402,0:2:2;0:4:3;1:2:2;1:4:3,1,0,1,0,0,1,0,0,0,0,0,1,3,24
45403,0:2:2;0:4:3;1:2:2;1:4:3,1,1,1,0,0,1,0,0,0,0,0,1,9,24
45404,0:2:2;0:4:3;1:2:2;1:4:3,1,2,1,1,0,1,0,0,1,1,1,6,20,5
45405,0:2:2;0:4:3;1:2:2;1:4:3,1,3,1,1,0,0,1,1,1,1,1,5,11,3
45406,0:2:2;0:4:3;1:2:2;1:4:3,1,4,1,1,1,0,1,1,1,1,1,5,11,3
45407,0:2:2;0:4:3;1:2:2;1:4:3,1,5,1,1,1,0,1,1,1,1,1,5,11,1
45408,0:2:2;0:4:3;1:2:2;1:4:3,2,0,1,0,0,1,0,0,0,0,0,3,13,24
45409,0:2:2;0:4:3;1:2:2;1:4:3,2,1,1,1,0,1,0,0,1,1,1,6,25,16
45410,0:2:2;0:4:3;1:2:2;1:4:3,2,2,1,1,0,1,0,0,1,1,1,6,20,5
45411,0:2:2;0:4:3;1:2:2;1:4:3,2,3,1,1,1,0,1,1,1,1,1,5,11,3
45412,0:2:2;0:4:3;1:2:2;1:4:3,2,4,1,1,1,0,1,1,1,1,1,5,11,3
45413,0:2:2;0:4:3;1:2:2;1:4:3,2,5,1,1,1,0,1,1,1,1,1,5,11,1
45414,0:2:2;0:4:3;1:2:2;1:4:3,3,0,1,1,0,0,1,1,1,1,1,5,11,14
45415,0:2:2;0:4:3;1:2:2;1:4:3,3,1,1,1,0,0,1,1,1,1,1,5,11,14
45416,0:2:2;0:4:3;1:2:2;1:4:3,3,2,1,1,1,0,1,1,1,1,1,5,11,4
45417,0:2:2;0:4:3;1:2:2;1:4:3,3,3,1,1,1,0,1,1,1,1,1,5,11,3
45418,0:2:2;0:4:3;1:2:2;1:4:3,3,4,1,1,1,0,1,1,1,1,1,5,11,3
45419,0:2:2;0:4:3;1:2:2;1:4:3,3,5,1,1,1,0,1,1,1,1,1,5,11,1
45420,0:2:2;0:4:3;1:2:2;1:4:3,4,0,1,1,0,0,1,1,1,1,1,5,11,14
45421,0:2:2;0:4:3;1:2:2;1:4:3,4,1,1,1,1,0,1,1,1,1,1,5,11,14
45422,0:2:2;0:4:3;1:2:2;1:4:3,4,2,1,1,1,0,1,1,1,1,1,5,11,4
45423,0:2:2;0:4:3;1:2:2;1:4:3,4,3,1,1,1,0,1,1,1,1,1,5,11,3
45424,0:2:2;0:4:3;1:2:2;1:4:3,4,4,1,1,1,0,1,1,1,1,1,5,11,3
45425,0:2:2;0:4:3;1:2:2;1:4:3,4,5,1,1,1,0,1,1,1,1,1,5,11,1
45426,0:2:2;0:4:3;1:2:2;1:4:3,5,0,1,1,1,0,1,1,1,1,1,5,11,14
45427,0:2:2;0:4:3;1:2:2;1:4:3,5,1,1,1,1,0,1,1,1,1,1,5,11,14
45428,0:2:2;0:4:3;1:2:2;1:4:3,5,2,1,1,1,0,1,1,1,1,1,5,11,4
45429,0:2:2;0:4:3;1:2:2;1:4:3,5,3,1,1,1,0,1,1,1,1,1,5,11,3
45430,0:2:2;0:4:3;1:2:2;1:4:3,5,4,1,1,1,0,1,1,1,1,1,5,11,3
45431,0:2:2;0:4:3;1:2:2;1:4:3,5,5,1,1,1,0,1,1,1,1,1,5,11,1
45432,0:2:2;0:4:3;1:3:2;1:3:2,0,0,1,0,0,1,0,0,0,0,0,1,1,24
45433,0:2:2;0:4:3;1:3:2;1:3:2,0,1,1,0,0,1,0,0,0,0,0,1,3,24
45434,0:2:2;0:4:3;1:3:2;1:3:2,0,2,1,1,0,0,1,1,1,1,1,5,10,3
45435,0:2:2;0:4:3;1:3:2;1:3:2,0,3,1,1,0,0,1,1,1,1,1,5,10,3
45436,0:2:2;0:4:3;1:3:2;1:3:2,0,4,1,1,1,0,1,1,1,1,1,5,10,3
45437,0:2:2;0:4:3;1:3:2;1:3:2,0,5,1,1,1,0,1,1,1,1,1,5,10,1
45438,0:2:2;0:4:3;1:3:2;1:3:2,1,0,1,0,0,1,0,0,0,0,0,1,3,24
45439,0:2:2;0:4:3;1:3:2;1:3:2,1,1,1,0,0,1,0,0,0,0,0,1,9,24
45440,0:2:2;0:4:3;1:3:2;1:3:2,1,2,1,1,0,0,1,1,1,1,1,5,10,3
45441,0:2:2;0:4:3;1:3:2;1:3:2,1,3,1,1,1,0,1,1,1,1,1,5,10,3
45442,0:2:2;0:4:3;1:3:2;1:3:2,1,4,1,1,1,0,1,1,1,1,1,5,10,3
45443,0:2:2;0:4:3;1:3:2;1:3:2,1,5,1,1,1,0,1,1,1,1,1,5,10,1
45444,0:2:2;0:4:3;1:3:2;1:3:2,2,0,1,1,0,0,1,1,1,1,1,5,10,14
45445,0:2:2;0:4:3;1:3:2;1:3:2,2,1,1,1,0,0,1,1,1,1,1,5,10,14
45446,0:2:2;0:4:3;1:3:2;1:3:2,2,2,1,1,1,0,1,1,1,1,1,5,10,3
45447,0:2:2;0:4:3;1:3:2;1:3:2,2,3,1,1,1,0,1,1,1,1,1,5,10,3
45448,0:2:2;0:4:3;1:3:2;1:3:2,2,4,1,1,1,0,1,1,1,1,1,5,10,3
45449,0:2:2;0:4:3;1:3:2;1:3:2,2,5,1,1,1,0,1,1,1,1,1,5,10,1
45450,0:2:2;0:4:3;1:3:2;1:3:2,3,0,1,1,0,0,1,1,1,1,1,5,10,14
45451,0:2:2;0:4:3;1:3:2;1:3:2,3,1,1,1,1,0,1,1,1,1,1,5,10,14
45452,0:2:2;0:4:3;1:3:2;1:3:2,3,2,1,1,1,0,1,1,1,1,1,5,10,3
45453,0:2:2;0:4:3;1:3:2;1:3:2,3,3,1,1,1,0,1,1,1,1,1,5,10,3
45454,0:2:2;0:4:3;1:3:2;1:3:2,3,4,1,1,1,0,1,1,1,1,1,5,10,3
45455,0:2:2;0:4:3;1:3:2;1:3:2,3,5,1,1,1,0,1,1,1,1,1,5,10,1
45456,0:2:2;0:4:3;1:3:2;1:3:2,4,0,1,1,1,0,1,1,1,1,1,5,10,14
45457,0:2:2;0:4:3;1:3:2;1:3:2,4,1,1,1,1,0,1,1,1,1,1,5,10,14
45458,0:2:2;0:4:3;1:3:2;1:3:2,4,2,1,1,1,0,1,1,1,1,1,5,10,3
45459,0:2:2;0:4:3;1:3:2;1:3:2,4,3,1,1,1,0,1,1,1,1,1,5,10,3
45460,0:2:2;0:4:3;1:3:2;1:3:2,4,4,1,1,1,0,1,1,1,1,1,5,10,3
45461,0:2:2;0:4:3;1:3:2;1:3:2,4,5,1,1,1,0,1,1,1,1,1,5,10,1
45462,0:2:2;0:4:3;1:3:2;1:3:2,5,0,1,1,1,0,1,1,1,1,1,5,10,14
45463,0:2:2;0:4:3;1:3:2;1:3:2,5,1,1,1,1,0,1,1,1,1,1,5,10,14
45464,0:2:2;0:4:3;1:3:2;1:3:2,5,2,1,1,1,0,1,1,1,1,1,5,10,3
45465,0:2:2;0:4:3;1:3:2;1:3:2,5,3,1,1,1,0,1,1,1,1,1,5,10,3
45466,0:2:2;0:4:3;1:3:2;1:3:2,5,4,1,1,1,0,1,1,1,1,1,5,10,3
45467,0:2:2;0:4:3;1:3:2;1:3:2,5,5,1,1,1,0,1,1,1,1,1,5,10,1
45468,0:2:2;0:4:3;1:3:2;1:3:3,0,0,1,0,0,1,0,0,0,0,0,1,1,24
45469,0:2:2;0:4:3;1:3:2;1:3:3,0,1,1,0,0,1,0,0,0,0,0,1,3,24
45470,0:2:2;0:4:3;1:3:2;1:3:3,0,2,1,1,0,0,1,1,1,1,1,5,11,3
45471,0:2:2;0:4:3;1:3:2;1:3:3,0,3,1,1,0,0,1,1,1,1,1,5,11,3
45472,0:2:2;0:4:3;1:3:2;1:3:3,0,4,1,1,0,0,1,1,1,1,1,5,11,3
45473,0:2:2;0:4:3;1:3:2;1:3:3,0,5,1,1,1,0,1,1,1,1,1,5,11,1
45474,0:2:2;0:4:3;1:3:2;1:3:3,1,0,1,0,0,1,0,0,0,0,0,1,3,24
45475,0:2:2;0:4:3;1:3:2;1:3:3,1,1,1,0,0,1,0,0,0,0,0,1,9,24
45476,0:2:2;0:4:3;1:3:2;1:3:3,1,2,1,1,0,0,1,1,1,1,1,5,11,3
45477,0:2:2;0:4:3;1:3:2;1:3:3,1,3,1,1,0,0,1,1,1,1,1,5,11,3
45478,0:2:2;0:4:3;1:3:2;1:3:3,1,4,1,1,1,0,1,1,1,1,1,5,11,3
45479,0:2:2;0:4:3;1:3:2;1:3:3,1,5,1,1,1,0,1,1,1,1,1,5,11,1
45480,0:2:2;0:4:3;1:3:2;1:3:3,2,0,1,1,0,1,0,0,1,1,1,6,20,16
45481,0:2:2;0:4:3;1:3:2;1:3:3,2,1,1,1,0,1,0,0,1,1,1,6,20,16
45482,0:2:2;0:4:3;1:3:2;1:3:3,2,2,1,1,0,0,1,1,1,1,1,5,11,3
45483,0:2:2;0:4:3;1:3:2;1:3:3,2,3,1,1,1,0,1,1,1,1,1,5,11,3
45484,0:2:2;0:4:3;1:3:2;1:3:3,2,4,1,1,1,0,1,1,1,1,1,5,11,3
45485,0:2:2;0:4:3;1:3:2;1:3:3,2,5,1,1,1,0,1,1,1,1,1,5,11,1
45486,0:2:2;0:4:3;1:3:2;1:3:3,3,0,1,1,0,0,1,1,1,1,1,5,11,14
45487,0:2:2;0:4:3;1:3:2;1:3:3,3,1,1,1,0,0,1,1,1,1,1,5,11,14
45488,0:2:2;0:4:3;1:3:2;1:3:3,3,2,1,1,1,0,1,1,1,1,1,5,11,3
45489,0:2:2;0:4:3;1:3:2;1:3:3,3,3,1,1,1,0,1,1,1,1,1,5,11,3
45490,0:2:2;0:4:3;1:3:2;1:3:3,3,4,1,1,1,0,1,1,1,1,1,5,11,3
45491,0:2:2;0:4:3;1:3:2;1:3:3,3,5,1,1,1,0,1,1,1,1,1,5,11,1
45492,0:2:2;0:4:3;1:3:2;1:3:3,4,0,1,1,0,0,1,1,1,1,1,5,11,14
45493,0:2:2;0:4:3;1:3:2;1:3:3,4,1,1,1,1,0,1,1,1,1,1,5,11,14
45494,0:2:2;0:4:3;1:3:2;1:3:3,4,2,1,1,1,0,1,1,1,1,1,5,11,3
45495,0:2:2;0:4:3;1:3:2;1:3:3,4,3,1,1,1,0,1,1,1,1,1,5,11,3
45496,0:2:2;0:4:3;1:3:2;1:3:3,4,4,1,1,1,0,1,1,1,1,1,5,11,3
45497,0:2:2;0:4:3;1:3:2;1:3:3,4,5,1,1,1,0,1,1,1,1,1,5,11,1
45498,0:2:2;0:4:3;1:3:2;1:3:3,5,0,1,1,1,0,1,1,1,1,1,5,11,14
45499,0:2:2;0:4:3;1:3:2;1:3:3,5,1,1,1,1,0,1,1,1,1,1,5,11,14
45500,0:2:2;0:4:3;1:3:2;1:3:3,5,2,1,1,1,0,1,1,1,1,1,5,11,3
45501,0:2:2;0:4:3;1:3:2;1:3:3,5,3,1,1,1,0,1,1,1,1,1,5,11,3
45502,0:2:2;0:4:3;1:3:2;1:3:3,5,4,1,1,1,0,1,1,1,1,1,5,11,3
45503,0:2:2;0:4:3;1:3:2;1:3:3,5,5,1,1,1,0,1,1,1,1,1,5,11,1
45504,0:2:2;0:4:3;1:3:2;1:4:3,0,0,1,0,0,1,0,0,0,0,0,1,1,24
45505,0:2:2;0:4:3;1:3:2;1:4:3,0,1,1,0,0,1,0,0,0,0,0,1,3,24
45506,0:2:2;0:4:3;1:3:2;1:4:3,0,2,1,1,0,0,1,1,1,1,1,5,11,3
45507,0:2:2;0:4:3;1:3:2;1:4:3,0,3,1,1,0,0,1,1,1,1,1,5,11,3
45508,0:2:2;0:4:3;1:3:2;1:4:3,0,4,1,1,0,0,1,1,1,1,1,5,11,3
45509,0:2:2;0:4:3;1:3:2;1:4:3,0,5,1,1,1,0,1,1,1,1,1,5,11,1
45510,0:2:2;0:4:3;1:3:2;1:4:3,1,0,1,0,0,1,0,0,0,0,0,1,3,24
45511,0:2:2;0:4:3;1:3:2;1:4:3,1,1,1,0,0,1,0,0,0,0,0,1,9,24
45512,0:2:2;0:4:3;1:3:2;1:4:3,1,2,1,1,0,0,1,1,1,1,1,5,11,3
45513,0:2:2;0:4:3;1:3:2;1:4:3,1,3,1,1,0,0,1,1,1,1,1,5,11,3
45514,0:2:2;0:4:3;1:3:2;1:4:3,1,4,1,1,1,0,1,1,1,1,1,5,11,3
45515,0:2:2;0:4:3;1:3:2;1:4:3,1,5,1,1,1,0,1,1,1,1,1,5,11,1
45516,0:2:2;0:4:3;1:3:2;1:4:3,2,0,1,1,0,1,0,0,1,1,1,6,20,16
45517,0:2:2;0:4:3;1:3:2;1:4:3,2,1,1,1,0,1,0,0,1,1,1,6,20,16
45518,0:2:2;0:4:3;1:3:2;1:4:3,2,2,1,1,0,0,1,1,1,1,1,5,11,3
45519,0:2:2;0:4:3;1:3:2;1:4:3,2,3,1,1,1,0,1,1,1,1,1,5,11,3
45520,0:2:2;0:4:3;1:3:2;1:4:3,2,4,1,1,1,0,1,1,1,1,1,5,11,3
45521,0:2:2;0:4:3;1:3:2;1:4:3,2,5,1,1,1,0,1,1,1,1,1,5,11,1
45522,0:2:2;0:4:3;1:3:2;1:4:3,3,0,1,1,0,0,1,1,1,1,1,5,11,14
45523,0:2:2;0:4:3;1:3:2;1:4:3,3,1,1,1,0,0,1,1,1,1,1,5,11,14
45524,0:2:2;0:4:3;1:3:2;1:4:3,3,2,1,1,1,0,1,1,1,1,1,5,11,3
45525,0:2:2;0:4:3;1:3:2;1:4:3,3,3,1,1,1,0,1,1,1,1,1,5,11,3
45526,0:2:2;0:4:3;1:3:2;1:4:3,3,4,1,1,1,0,1,1,1,1,1,5,11,3
45527,0:2:2;0:4:3;1:3:2;1:4:3,3,5,1,1,1,0,1,1,1,1,1,5,11,1
45528,0:2:2;0:4:3;1:3:2;1:4:3,4,0,1,1,0,0,1,1,1,1,1,5,11,14
45529,0:2:2;0:4:3;1:3:2;1:4:3,4,1,1,1,1,0,1,1,1,1,1,5,11,14
45530,0:2:2;0:4:3;1:3:2;1:4:3,4,2,1,1,1,0,1,1,1,1,1,5,11,3
45531,0:2:2;0:4:3;1:3:2;1:4:3,4,3,1,1,1,0,1,1,1,1,1,5,11,3
45532,0:2:2;0:4:3;1:3:2;1:4:3,4,4,1,1,1,0,1,1,1,1,1,5,11,3
45533,0:2:2;0:4:3;1:3:2;1:4:3,4,5,1,1,1,0,1,1,1,1,1,5,11,1
45534,0:2:2;0:4:3;1:3:2;1:4:3,5,0,1,1,1,0,1,1,1,1,1,5,11,14
45535,0:2:2;0:4:3;1:3:2;1:4:3,5,1,1,1,1,0,1,1,1,1,1,5,11,14
45536,0:2:2;0:4:3;1:3:2;1:4:3,5,2,1,1,1,0,1,1,1,1,1,5,11,3
45537,0:2:2;0:4:3;1:3:2;1:4:3,5,3,1,1,1,0,1,1,1,1,1,5,11,3
45538,0:2:2;0:4:3;1:3:2;1:4:3,5,4,1,1,1,0,1,1,1,1,1,5,11,3
45539,0:2:2;0:4:3;1:3:2;1:4:3,5,5,1,1,1,0,1,1,1,1,1,5,11,1
45540,0:2:2;0:4:3;1:3:3;1:3:3,0,0,1,0,0,1,0,0,0,0,0,1,1,24
45541,0:2:2;0:4:3;1:3:3;1:3:3,0,1,1,0,0,1,0,0,0,0,0,1,3,24
45542,0:2:2;0:4:3;1:3:3;1:3:3,0,2,1,0,0,1,0,0,0,0,0,2,11,24
45543,0:2:2;0:4:3;1:3:3;1:3:3,0,3,1,1,0,1,0,0,1,1,1,6,27,9
45544,0:2:2;0:4:3;1:3:3;1:3:3,0,4,1,1,0,1,0,0,1,1,1,6,30,9
45545,0:2:2;0:4:3;1:3:3;1:3:3,0,5,1,1,1,0,1,1,1,1,1,5,12,1
45546,0:2:2;0:4:3;1:3:3;1:3:3,1,0,1,0,0,1,0,0,0,0,0,1,3,24
45547,0:2:2;0:4:3;1:3:3;1:3:3,1,1,1,0,0,1,0,0,0,0,0,1,9,24
45548,0:2:2;0:4:3;1:3:3;1:3:3,1,2,1,1,0,0,1,1,1,1,1,5,12,3
45549,0:2:2;0:4:3;1:3:3;1:3:3,1,3,1,1,0,0,1,1,1,1,1,5,12,3
45550,0:2:2;0:4:3;1:3:3;1:3:3,1,4,1,1,1,0,1,1,1,1,1,5,12,3
45551,0:2:2;0:4:3;1:3:3;1:3:3,1,5,1,1,1,0,1,1,1,1,1,5,12,1
45552,0:2:2;0:4:3;1:3:3;1:3:3,2,0,1,0,0,1,0,0,0,0,0,1,6,24
45553,0:2:2;0:4:3;1:3:3;1:3:3,2,1,1,0,0,1,0,0,0,0,0,1,18,24
45554,0:2:2;0:4:3;1:3:3;1:3:3,2,2,1,1,0,0,1,1,1,1,1,5,12,3
45555,0:2:2;0:4:3;1:3:3;1:3:3,2,3,1,1,1,0,1,1,1,1,1,5,12,3
45556,0:2:2;0:4:3;1:3:3;1:3:3,2,4,1,1,1,0,1,1,1,1,1,5,12,3
45557,0:2:2;0:4:3;1:3:3;1:3:3,2,5,1,1,1,0,1,1,1,1,1,5,12,1
45558,0:2:2;0:4:3;1:3:3;1:3:3,3,0,1,1,0,1,0,0,1,1,1,6,21,16
45559,0:2:2;0:4:3;1:3:3;1:3:3,3,1,1,1,0,1,0,0,1,1,1,6,21,16
45560,0:2:2;0:4:3;1:3:3;1:3:3,3,2,1,1,1,0,1,1,1,1,1,5,12,3
45561,0:2:2;0:4:3;1:3:3;1:3:3,3,3,1,1,1,0,1,1,1,1,1,5,12,3
45562,0:2:2;0:4:3;1:3:3;1:3:3,3,4,1,1,1,0,1,1,1,1,1,5,12,3
45563,0:2:2;0:4:3;1:3:3;1:3:3,3,5,1,1,1,0,1,1,1,1,1,5,12,1
45564,0:2:2;0:4:3;1:3:3;1:3:3,4,0,1,1,0,0,1,1,1,1,1,5,12,14
45565,0:2:2;0:4:3;1:3:3;1:3:3,4,1,1,1,1,0,1,1,1,1,1,5,12,14
45566,0:2:2;0:4:3;1:3:3;1:3:3,4,2,1,1,1,0,1,1,1,1,1,5,12,3
45567,0:2:2;0:4:3;1:3:3;1:3:3,4,3,1,1,1,0,1,1,1,1,1,5,12,3
45568,0:2:2;0:4:3;1:3:3;1:3:3,4,4,1,1,1,0,1,1,1,1,1,5,12,3
45569,0:2:2;0:4:3;1:3:3;1:3:3,4,5,1,1,1,0,1,1,1,1,1,5,12,1
45570,0:2:2;0:4:3;1:3:3;1:3:3,5,0,1,1,1,0,1,1,1,1,1,5,12,14
45571,0:2:2;0:4:3;1:3:3;1:3:3,5,1,1,1,1,0,1,1,1,1,1,5,12,14
45572,0:2:2;0:4:3;1:3:3;1:3:3,5,2,1,1,1,0,1,1,1,1,1,5,12,3
45573,0:2:2;0:4:3;1:3:3;1:3:3,5,3,1,1,1,0,1,1,1,1,1,5,12,3
45574,0:2:2;0:4:3;1:3:3;1:3:3,5,4,1,1,1,0,1,1,1,1,1,5,12,3
45575,0:2:2;0:4:3;1:3:3;1:3:3,5,5,1,1,1,0,1,1,1,1,1,5,12,1
45576,0:2:2;0:4:3;1:3:3;1:4:3,0,0,1,0,0,1,0,0,0,0,0,1,1,24
45577,0:2:2;0:4:3;1:3:3;1:4:3,0,1,1,0,0,1,0,0,0,0,0,1,3,24
45578,0:2:2;0:4:3;1:3:3;1:4:3,0,2,1,0,0,1,0,0,0,0,0,2,11,24
45579,0:2:2;0:4:3;1:3:3;1:4:3,0,3,1,1,0,1,0,0,1,1,1,6,27,9
45580,0:2:2;0:4:3;1:3:3;1:4:3,0,4,1,1,0,1,0,0,1,1,1,6,30,9
45581,0:2:2;0:4:3;1:3:3;1:4:3,0,5,1,1,1,0,1,1,1,1,1,5,12,1
45582,0:2:2;0:4:3;1:3:3;1:4:3,1,0,1,0,0,1,0,0,0,0,0,1,3,24
45583,0:2:2;0:4:3;1:3:3;1:4:3,1,1,1,0,0,1,0,0,0,0,0,1,9,24
45584,0:2:2;0:4:3;1:3:3;1:4:3,1,2,1,1,0,0,1,1,1,1,1,5,12,3
45585,0:2:2;0:4:3;1:3:3;1:4:3,1,3,1,1,0,0,1,1,1,1,1,5,12,3
45586,0:2:2;0:4:3;1:3:3;1:4:3,1,4,1,1,1,0,1,1,1,1,1,5,12,3
45587,0:2:2;0:4:3;1:3:3;1:4:3,1,5,1,1,1,0,1,1,1,1,1,5,12,1
45588,0:2:2;0:4:3;1:3:3;1:4:3,2,0,1,0,0,1,0,0,0,0,0,1,6,24
45589,0:2:2;0:4:3;1:3:3;1:4:3,2,1,1,0,0,1,0,0,0,0,0,1,18,24
45590,0:2:2;0:4:3;1:3:3;1:4:3,2,2,1,1,0,0,1,1,1,1,1,5,12,3
45591,0:2:2;0:4:3;1:3:3;1:4:3,2,3,1,1,1,0,1,1,1,1,1,5,12,3
45592,0:2:2;0:4:3;1:3:3;1:4:3,2,4,1,1,1,0,1,1,1,1,1,5,12,3
45593,0:2:2;0:4:3;1:3:3;1:4:3,2,5,1,1,1,0,1,1,1,1,1,5,12,1
45594,0:2:2;0:4:3;1:3:3;1:4:3,3,0,1,1,0,1,0,0,1,1,1,6,21,16
45595,0:2:2;0:4:3;1:3:3;1:4:3,3,1,1,1,0,1,0,0,1,1,1,6,21,16
45596,0:2:2;0:4:3;1:3:3;1:4:3,3,2,1,1,1,0,1,1,1,1,1,5,12,3
45597,0:2:2;0:4:3;1:3:3;1:4:3,3,3,1,1,1,0,1,1,1,1,1,5,12,3
45598,0:2:2;0:4:3;1:3:3;1:4:3,3,4,1,1,1,0,1,1,1,1,1,5,12,3
45599,0:2:2;0:4:3;1:3:3;1:4:3,3,5,1,1,1,0,1,1,1,1,1,5,12,1
45600,0:2:2;0:4:3;1:3:3;1:4:3,4,0,1,1,0,0,1,1,1,1,1,5,12,14
45601,0:2:2;0:4:3;1:3:3;1:4:3,4,1,1,1,1,0,1,1,1,1,1,5,12,14
45602,0:2:2;0:4:3;1:3:3;1:4:3,4,2,1,1,1,0,1,1,1,1,1,5,12,3
45603,0:2:2;0:4:3;1:3:3;1:4:3,4,3,1,1,1,0,1,1,1,1,1,5,12,3
45604,0:2:2;0:4:3;1:3:3;1:4:3,4,4,1,1,1,0,1,1,1,1,1,5,12,3
45605,0:2:2;0:4:3;1:3:3;1:4:3,4,5,1,1,1,0,1,1,1,1,1,5,12,1
45606,0:2:2;0:4:3;1:3:3;1:4:3,5,0,1,1,1,0,1,1,1,1,1,5,12,14
45607,0:2:2;0:4:3;1:3:3;1:4:3,5,1,1,1,1,0,1,1,1,1,1,5,12,14
45608,0:2:2;0:4:3;1:3:3;1:4:3,5,2,1,1,1,0,1,1,1,1,1,5,12,3
45609,0:2:2;0:4:3;1:3:3;1:4:3,5,3,1,1,1,0,1,1,1,1,1,5,12,3
45610,0:2:2;0:4:3;1:3:3;1:4:3,5,4,1,1,1,0,1,1,1,1,1,5,12,3
45611,0:2:2;0:4:3;1:3:3;1:4:3,5,5,1,1,1,0,1,1,1,1,1,5,12,1
45612,0:2:2;0:4:3;1:4:3;1:4:3,0,0,1,0,0,1,0,0,0,0,0,1,1,24
45613,0:2:2;0:4:3;1:4:3;1:4:3,0,1,1,0,0,1,0,0,0,0,0,1,3,24
45614,0:2:2;0:4:3;1:4:3;1:4:3,0,2,1,0,0,1,0,0,0,0,0,2,11,24
45615,0:2:2;0:4:3;1:4:3;1:4:3,0,3,1,1,0,1,0,0,1,1,1,6,27,9
45616,0:2:2;0:4:3;1:4:3;1:4:3,0,4,1,1,0,1,0,0,1,1,1,6,30,9
45617,0:2:2;0:4:3;1:4:3;1:4:3,0,5,1,1,1,0,1,1,1,1,1,5,12,1
45618,0:2:2;0:4:3;1:4:3;1:4:3,1,0,1,0,0,1,0,0,0,0,0,1,3,24
45619,0:2:2;0:4:3;1:4:3;1:4:3,1,1,1,0,0,1,0,0,0,0,0,1,9,24
45620,0:2:2;0:4:3;1:4:3;1:4:3,1,2,1,1,0,0,1,1,1,1,1,5,12,3
45621,0:2:2;0:4:3;1:4:3;1:4:3,1,3,1,1,0,0,1,1,1,1,1,5,12,3
45622,0:2:2;0:4:3;1:4:3;1:4:3,1,4,1,1,1,0,1,1,1,1,1,5,12,3
45623,0:2:2;0:4:3;1:4:3;1:4:3,1,5,1,1,1,0,1,1,1,1,1,5,12,1
45624,0:2:2;0:4:3;1:4:3;1:4:3,2,0,1,0,0,1,0,0,0,0,0,1,6,24
45625,0:2:2;0:4:3;1:4:3;1:4:3,2,1,1,0,0,1,0,0,0,0,0,1,18,24
45626,0:2:2;0:4:3;1:4:3;1:4:3,2,2,1,1,0,0,1,1,1,1,1,5,12,3
45627,0:2:2;0:4:3;1:4:3;1:4:3,2,3,1,1,1,0,1,1,1,1,1,5,12,3
45628,0:2:2;0:4:3;1:4:3;1:4:3,2,4,1,1,1,0,1,1,1,1,1,5,12,3
45629,0:2:2;0:4:3;1:4:3;1:4:3,2,5,1,1,1,0,1,1,1,1,1,5,12,1
45630,0:2:2;0:4:3;1:4:3;1:4:3,3,0,1,1,0,1,0,0,1,1,1,6,21,16
45631,0:2:2;0:4:3;1:4:3;1:4:3,3,1,1,1,0,0,1,1,1,1,1,5,12,13
45632,0:2:2;0:4:3;1:4:3;1:4:3,3,2,1,1,1,0,1,1,1,1,1,5,12,3
45633,0:2:2;0:4:3;1:4:3;1:4:3,3,3,1,1,1,0,1,1,1,1,1,5,12,3
45634,0:2:2;0:4:3;1:4:3;1:4:3,3,4,1,1,1,0,1,1,1,1,1,5,12,3
45635,0:2:2;0:4:3;1:4:3;1:4:3,3,5,1,1,1,0,1,1,1,1,1,5,12,1
45636,0:2:2;0:4:3;1:4:3;1:4:3,4,0,1,1,0,0,1,1,1,1,1,5,12,14
45637,0:2:2;0:4:3;1:4:3;1:4:3,4,1,1,1,1,0,1,1,1,1,1,5,12,13
45638,0:2:2;0:4:3;1:4:3;1:4:3,4,2,1,1,1,0,1,1,1,1,1,5,12,3
45639,0:2:2;0:4:3;1:4:3;1:4:3,4,3,1,1,1,0,1,1,1,1,1,5,12,3
45640,0:2:2;0:4:3;1:4:3;1:4:3,4,4,1,1,1,0,1,1,1,1,1,5,12,3
45641,0:2:2;0:4:3;1:4:3;1:4:3,4,5,1,1,1,0,1,1,1,1,1,5,12,1
45642,0:2:2;0:4:3;1:4:3;1:4:3,5,0,1,1,1,0,1,1,1,1,1,5,12,14
45643,0:2:2;0:4:3;1:4:3;1:4:3,5,1,1,1,1,0,1,1,1,1,1,5,12,13
45644,0:2:2;0:4:3;1:4:3;1:4:3,5,2,1,1,1,0,1,1,1,1,1,5,12,3
45645,0:2:2;0:4:3;1:4:3;1:4:3,5,3,1,1,1,0,1,1,1,1,1,5,12,3
45646,0:2:2;0:4:3;1:4:3;1:4:3,5,4,1,1,1,0,1,1,1,1,1,5,12,3
45647,0:2:2;0:4:3;1:4:3;1:4:3,5,5,1,1,1,0,1,1,1,1,1,5,12,1
45648,0:2:2;1:1:1;1:1:1;1:1:1,0,0,0,0,0,1,0,0,0,0,0,0,1,24
45649,0:2:2;1:1:1;1:1:1;1:1:1,0,1,0,0,0,1,0,0,0,0,0,0,2,24
45650,0:2:2;1:1:1;1:1:1;1:1:1,0,2,0,0,0,1,0,0,0,0,0,0,9,24
45651,0:2:2;1:1:1;1:1:1;1:1:1,0,3,0,0,0,1,0,0,0,0,0,0,9,24
45652,0:2:2;1:1:1;1:1:1;1:1:1,0,4,0,0,0,1,0,0,0,0,0,0,9,24
45653,0:2:2;1:1:1;1:1:1;1:1:1,0,5,0,0,0,1,0,0,0,0,0,0,9,24
45654,0:2:2;1:1:1;1:1:1;1:1:1,1,0,1,0,0,1,0,0,0,0,0,4,7,24
45655,0:2:2;1:1:1;1:1:1;1:1:1,1,1,1,1,1,0,1,1,1,1,1,5,6,7
45656,0:2:2;1:1:1;1:1:1;1:1:1,1,2,1,1,1,0,1,1,1,1,1,5,6,1
45657,0:2:2;1:1:1;1:1:1;1:1:1,1,3,1,1,1,0,1,1,1,1,1,5,6,1
45658,0:2:2;1:1:1;1:1:1;1:1:1,1,4,1,1,1,0,1,1,1,1,1,5,6,1
45659,0:2:2;1:1:1;1:1:1;1:1:1,1,5,1,1,1,0,1,1,1,1,1,5,6,1
45660,0:2:2;1:1:1;1:1:1;1:1:1,2,0,1,1,1,0,1,1,1,1,1,5,6,9
45661,0:2:2;1:1:1;1:1:1;1:1:1,2,1,1,1,1,0,1,1,1,1,1,5,6,7
45662,0:2:2;1:1:1;1:1:1;1:1:1,2,2,1,1,1,0,1,1,1,1,1,5,6,1
45663,0:2:2;1:1:1;1:1:1;1:1:1,2,3,1,1,1,0,1,1,1,1,1,5,6,1
45664,0:2:2;1:1:1;1:1:1;1:1:1,2,4,1,1,1,0,1,1,1,1,1,5,6,1
45665,0:2:2;1:1:1;1:1:1;1:1:1,2,5,1,1,1,0,1,1,1,1,1,5,6,1
45666,0:2:2;1:1:1;1:1:1;1:1:1,3,0,1,1,1,0,1,1,1,1,1,5,6,9
45667,0:2:2;1:1:1;1:1:1;1:1:1,3,1,1,1,1,0,1,1,1,1,1,5,6,7
45668,0:2:2;1:1:1;1:1:1;1:1:1,3,2,1,1,1,0,1,1,1,1,1,5,6,1
45669,0:2:2;1:1:1;1:1:1;1:1:1,3,3,1,1,1,0,1,1,1,1,1,5,6,1
45670,0:2:2;1:1:1;1:1:1;1:1:1,3,4,1,1,1,0,1,1,1,1,1,5,6,1
45671,0:2:2;1:1:1;1:1:1;1:1:1,3,5,1,1,1,0,1,1,1,1,1,5,6,1
45672,0:2:2;1:1:1;1:1:1;1:1:1,4,0,1,1,1,0,1,1,1,1,1,5,6,9
45673,0:2:2;1:1:1;1:1:1;1:1:1,4,1,1,1,1,0,1,1,1,1,1,5,6,7
45674,0:2:2;1:1:1;1:1:1;1:1:1,4,2,1,1,1,0,1,1,1,1,1,5,6,1
45675,0:2:2;1:1:1;1:1:1;1:1:1,4,3,1,1,1,0,1,1,1,1,1,5,6,1
45676,0:2:2;1:1:1;1:1:1;1:1:1,4,4,1,1,1,0,1,1,1,1,1,5,6,1
45677,0:2:2;1:1:1;1:1:1;1:1:1,4,5,1,1,1,0,1,1,1,1,1,5,6,1
45678,0:2:2;1:1:1;1:1:1;1:1:1,5,0,1,1,1,0,1,1,1,1,1,5,6,9
45679,0:2:2;1:1:1;1:1:1;1:1:1,5,1,1,1,1,0,1,1,1,1,1,5,6,7
45680,0:2:2;1:1:1;1:1:1;1:1:1,5,2,1,1,1,0,1,1,1,1,1,5,6,1
45681,0:2:2;1:1:1;1:1:1;1:1:1,5,3,1,1,1,0,1,1,1,1,1,5,6,1
45682,0:2:2;1:1:1;1:1:1;1:1:1,5,4,1,1,1,0,1,1,1,1,1,5,6,1
45683,0:2:2;1:1:1;1:1:1;1:1:1,5,5,1,1,1,0,1,1,1,1,1,5,6,1
45684,0:2:2;1:1:1;1:1:1;1:2:1,0,0,0,0,0,1,0,0,0,0,0,0,1,24
45685,0:2:2;1:1:1;1:1:1;1:2:1,0,1,0,0,0,1,0,0,0,0,0,0,2,24
45686,0:2:2;1:1:1;1:1:1;1:2:1,0,2,0,0,0,1,0,0,0,0,0,0,9,24
45687,0:2:2;1:1:1;1:1:1;1:2:1,0,3,0,0,0,1,0,0,0,0,0,0,9,24
45688,0:2:2;1:1:1;1:1:1;1:2:1,0,4,0,0,0,1,0,0,0,0,0,0,9,24
45689,0:2:2;1:1:1;1:1:1;1:2:1,0,5,0,0,0,1,0,0,0,0,0,0,9,24
45690,0:2:2;1:1:1;1:1:1;1:2:1,1,0,1,1,0,1,0,0,0,1,1,7,10,19
45691,0:2:2;1:1:1;1:1:1;1:2:1,1,1,1,1,1,0,1,1,1,1,1,5,6,7
45692,0:2:2;1:1:1;1:1:1;1:2:1,1,2,1,1,1,0,1,1,1,1,1,5,6,1
45693,0:2:2;1:1:1;1:1:1;1:2:1,1,3,1,1,1,0,1,1,1,1,1,5,6,1
45694,0:2:2;1:1:1;1:1:1;1:2:1,1,4,1,1,1,0,1,1,1,1,1,5,6,1
45695,0:2:2;1:1:1;1:1:1;1:2:1,1,5,1,1,1,0,1,1,1,1,1,5,6,1
45696,0:2:2;1:1:1;1:1:1;1:2:1,2,0,1,1,1,0,1,1,1,1,1,5,6,9
45697,0:2:2;1:1:1;1:1:1;1:2:1,2,1,1,1,1,0,1,1,1,1,1,5,6,7
45698,0:2:2;1:1:1;1:1:1;1:2:1,2,2,1,1,1,0,1,1,1,1,1,5,6,1
45699,0:2:2;1:1:1;1:1:1;1:2:1,2,3,1,1,1,0,1,1,1,1,1,5,6,1
45700,0:2:2;1:1:1;1:1:1;1:2:1,2,4,1,1,1,0,1,1,1,1,1,5,6,1
45701,0:2:2;1:1:1;1:1:1;1:2:1,2,5,1,1,1,0,1,1,1,1,1,5,6,1
45702,0:2:2;1:1:1;1:1:1;1:2:1,3,0,1,1,1,0,1,1,1,1,1,5,6,9
45703,0:2:2;1:1:1;1:1:1;1:2:1,3,1,1,1,1,0,1,1,1,1,1,5,6,7
45704,0:2:2;1:1:1;1:1:1;1:2:1,3,2,1,1,1,0,1,1,1,1,1,5,6,1
45705,0:2:2;1:1:1;1:1:1;1:2:1,3,3,1,1,1,0,1,1,1,1,1,5,6,1
45706,0:2:2;1:1:1;1:1:1;1:2:1,3,4,1,1,1,0,1,1,1,1,1,5,6,1
45707,0:2:2;1:1:1;1:1:1;1:2:1,3,5,1,1,1,0,1,1,1,1,1,5,6,1
45708,0:2:2;1:1:1;1:1:1;1:2:1,4,0,1,1,1,0,1,1,1,1,1,5,6,9
45709,0:2:2;1:1:1;1:1:1;1:2:1,4,1,1,1,1,0,1,1,1,1,1,5,6,7
45710,0:2:2;1:1:1;1:1:1;1:2:1,4,2,1,1,1,0,1,1,1,1,1,5,6,1
45711,0:2:2;1:1:1;1:1:1;1:2:1,4,3,1,1,1,0,1,1,1,1,1,5,6,1
45712,0:2:2;1:1:1;1:1:1;1:2:1,4,4,1,1,1,0,1,1,1,1,1,5,6,1
45713,0:2:2;1:1:1;1:1:1;1:2:1,4,5,1,1,1,0,1,1,1,1,1,5,6,1
45714,0:2:2;1:1:1;1:1:1;1:2:1,5,0,1,1,1,0,1,1,1,1,1,5,6,9
45715,0:2:2;1:1:1;1:1:1;1:2:1,5,1,1,1,1,0,1,1,1,1,1,5,6,7
45716,0:2:2;1:1:1;1:1:1;1:2:1,5,2,1,1,1,0,1,1,1,1,1,5,6,1
45717,0:2:2;1:1:1;1:1:1;1:2:1,5,3,1,1,1,0,1,1,1,1,1,5,6,1
45718,0:2:2;1:1:1;1:1:1;1:2:1,5,4,1,1,1,0,1,1,1,1,1,5,6,1
45719,0:2:2;1:1:1;1:1:1;1:2:1,5,5,1,1,1,0,1,1,1,1,1,5,6,1
45720,0:2:2;1:1:1;1:1:1;1:2:2,0,0,0,0,0,1,0,0,0,0,0,0,1,24
45721,0:2:2;1:1:1;1:1:1;1:2:2,0,1,0,0,0,1,0,0,0,0,0,0,2,24
45722,0:2:2;1:1:1;1:1:1;1:2:2,0,2,0,0,0,1,0,0,0,0,0,0,10,24
45723,0:2:2;1:1:1;1:1:1;1:2:2,0,3,0,0,0,1,0,0,0,0,0,0,10,24
45724,0:2:2;1:1:1;1:1:1;1:2:2,0,4,0,0,0,1,0,0,0,0,0,0,10,24
45725,0:2:2;1:1:1;1:1:1;1:2:2,0,5,0,0,0,1,0,0,0,0,0,0,10,24
45726,0:2:2;1:1:1;1:1:1;1:2:2,1,0,0,0,0,1,0,0,0,0,0,0,6,24
45727,0:2:2;1:1:1;1:1:1;1:2:2,1,1,0,0,0,1,0,0,0,0,0,0,16,24
45728,0:2:2;1:1:1;1:1:1;1:2:2,1,2,0,0,0,1,0,0,0,0,0,0,19,24
45729,0:2:2;1:1:1;1:1:1;1:2:2,1,3,0,0,0,1,0,0,0,0,0,0,19,24
45730,0:2:2;1:1:1;1:1:1;1:2:2,1,4,0,0,0,1,0,0,0,0,0,0,19,24
45731,0:2:2;1:1:1;1:1:1;1:2:2,1,5,0,0,0,1,0,0,0,0,0,0,19,24
45732,0:2:2;1:1:1;1:1:1;1:2:2,2,0,1,1,0,0,1,1,1,1,1,5,7,9
45733,0:2:2;1:1:1;1:1:1;1:2:2,2,1,1,1,1,0,1,1,1,1,1,5,7,7
45734,0:2:2;1:1:1;1:1:1;1:2:2,2,2,1,1,1,0,1,1,1,1,1,5,7,1
45735,0:2:2;1:1:1;1:1:1;1:2:2,2,3,1,1,1,0,1,1,1,1,1,5,7,1
45736,0:2:2;1:1:1;1:1:1;1:2:2,2,4,1,1,1,0,1,1,1,1,1,5,7,1
45737,0:2:2;1:1:1;1:1:1;1:2:2,2,5,1,1,1,0,1,1,1,1,1,5,7,1
45738,0:2:2;1:1:1;1:1:1;1:2:2,3,0,1,1,1,0,1,1,1,1,1,5,7,9
45739,0:2:2;1:1:1;1:1:1;1:2:2,3,1,1,1,1,0,1,1,1,1,1,5,7,7
45740,0:2:2;1:1:1;1:1:1;1:2:2,3,2,1,1,1,0,1,1,1,1,1,5,7,1
45741,0:2:2;1:1:1;1:1:1;1:2:2,3,3,1,1,1,0,1,1,1,1,1,5,7,1
45742,0:2:2;1:1:1;1:1:1;1:2:2,3,4,1,1,1,0,1,1,1,1,1,5,7,1
45743,0:2:2;1:1:1;1:1:1;1:2:2,3,5,1,1,1,0,1,1,1,1,1,5,7,1
45744,0:2:2;1:1:1;1:1:1;1:2:2,4,0,1,1,1,0,1,1,1,1,1,5,7,9
45745,0:2:2;1:1:1;1:1:1;1:2:2,4,1,1,1,1,0,1,1,1,1,1,5,7,7
45746,0:2:2;1:1:1;1:1:1;1:2:2,4,2,1,1,1,0,1,1,1,1,1,5,7,1
45747,0:2:2;1:1:1;1:1:1;1:2:2,4,3,1,1,1,0,1,1,1,1,1,5,7,1
45748,0:2:2;1:1:1;1:1:1;1:2:2,4,4,1,1,1,0,1,1,1,1,1,5,7,1
45749,0:2:2;1:1:1;1:1:1;1:2:2,4,5,1,1,1,0,1,1,1,1,1,5,7,1
45750,0:2:2;1:1:1;1:1:1;1:2:2,5,0,1,1,1,0,1,1,1,1,1,5,7,9
45751,0:2:2;1:1:1;1:1:1;1:2:2,5,1,1,1,1,0,1,1,1,1,1,5,7,7
45752,0:2:2;1:1:1;1:1:1;1:2:2,5,2,1,1,1,0,1,1,1,1,1,5,7,1
45753,0:2:2;1:1:1;1:1:1;1:2:2,5,3,1,1,1,0,1,1,1,1,1,5,7,1
45754,0:2:2;1:1:1;1:1:1;1:2:2,5,4,1,1,1,0,1,1,1,1,1,5,7,1
45755,0:2:2;1:1:1;1:1:1;1:2:2,5,5,1,1,1,0,1,1,1,1,1,5,7,1
45756,0:2:2;1:1:1;1:1:1;1:3:2,0,0,0,0,0,1,0,0,0,0,0,0,1,24
45757,0:2:2;1:1:1;1:1:1;1:3:2,0,1,0,0,0,1,0,0,0,0,0,0,2,24
45758,0:2:2;1:1:1;1:1:1;1:3:2,0,2,0,0,0,1,0,0,0,0,0,0,10,24
45759,0:2:2;1:1:1;1:1:1;1:3:2,0,3,0,0,0,1,0,0,0,0,0,0,10,24
45760,0:2:2;1:1:1;1:1:1;1:3:2,0,4,0,0,0,1,0,0,0,0,0,0,10,24
45761,0:2:2;1:1:1;1:1:1;1:3:2,0,5,0,0,0,1,0,0,0,0,0,0,10,24
45762,0:2:2;1:1:1;1:1:1;1:3:2,1,0,0,0,0,1,0,0,0,0,0,0,6,24
45763,0:2:2;1:1:1;1:1:1;1:3:2,1,1,0,0,0,1,0,0,0,0,0,0,16,24
45764,0:2:2;1:1:1;1:1:1;1:3:2,1,2,0,0,0,1,0,0,0,0,0,0,19,24
45765,0:2:2;1:1:1;1:1:1;1:3:2,1,3,0,0,0,1,0,0,0,0,0,0,19,24
45766,0:2:2;1:1:1;1:1:1;1:3:2,1,4,0,0,0,1,0,0,0,0,0,0,19,24
45767,0:2:2;1:1:1;1:1:1;1:3:2,1,5,0,0,0,1,0,0,0,0,0,0,19,24
45768,0:2:2;1:1:1;1:1:1;1:3:2,2,0,1,1,0,0,1,1,1,1,1,5,7,9
45769,0:2:2;1:1:1;1:1:1;1:3:2,2,1,1,1,1,0,1,1,1,1,1,5,7,7
45770,0:2:2;1:1:1;1:1:1;1:3:2,2,2,1,1,1,0,1,1,1,1,1,5,7,1
45771,0:2:2;1:1:1;1:1:1;1:3:2,2,3,1,1,1,0,1,1,1,1,1,5,7,1
45772,0:2:2;1:1:1;1:1:1;1:3:2,2,4,1,1,1,0,1,1,1,1,1,5,7,1
45773,0:2:2;1:1:1;1:1:1;1:3:2,2,5,1,1,1,0,1,1,1,1,1,5,7,1
45774,0:2:2;1:1:1;1:1:1;1:3:2,3,0,1,1,1,0,1,1,1,1,1,5,7,9
45775,0:2:2;1:1:1;1:1:1;1:3:2,3,1,1,1,1,0,1,1,1,1,1,5,7,7
45776,0:2:2;1:1:1;1:1:1;1:3:2,3,2,1,1,1,0,1,1,1,1,1,5,7,1
45777,0:2:2;1:1:1;1:1:1;1:3:2,3,3,1,1,1,0,1,1,1,1,1,5,7,1
45778,0:2:2;1:1:1;1:1:1;1:3:2,3,4,1,1,1,0,1,1,1,1,1,5,7,1
45779,0:2:2;1:1:1;1:1:1;1:3:2,3,5,1,1,1,0,1,1,1,1,1,5,7,1
45780,0:2:2;1:1:1;1:1:1;1:3:2,4,0,1,1,1,0,1,1,1,1,1,5,7,9
45781,0:2:2;1:1:1;1:1:1;1:3:2,4,1,1,1,1,0,1,1,1,1,1,5,7,7
45782,0:2:2;1:1:1;1:1:1;1:3:2,4,2,1,1,1,0,1,1,1,1,1,5,7,1
45783,0:2:2;1:1:1;1:1:1;1:3:2,4,3,1,1,1,0,1,1,1,1,1,5,7,1
45784,0:2:2;1:1:1;1:1:1;1:3:2,4,4,1,1,1,0,1,1,1,1,1,5,7,1
45785,0:2:2;1:1:1;1:1:1;1:3:2,4,5,1,1,1,0,1,1,1,1,1,5,7,1
45786,0:2:2;1:1:1;1:1:1;1:3:2,5,0,1,1,1,0,1,1,1,1,1,5,7,9
45787,0:2:2;1:1:1;1:1:1;1:3:2,5,1,1,1,1,0,1,1,1,1,1,5,7,7
45788,0:2:2;1:1:1;1:1:1;1:3:2,5,2,1,1,1,0,1,1,1,1,1,5,7,1
45789,0:2:2;1:1:1;1:1:1;1:3:2,5,3,1,1,1,0,1,1,1,1,1,5,7,1
45790,0:2:2;1:1:1;1:1:1;1:3:2,5,4,1,1,1,0,1,1,1,1,1,5,7,1
45791,0:2:2;1:1:1;1:1:1;1:3:2,5,5,1,1,1,0,1,1,1,1,1,5,7,1
45792,0:2:2;1:1:1;1:1:1;1:3:3,0,0,0,0,0,1,0,0,0,0,0,0,1,24
45793,0:2:2;1:1:1;1:1:1;1:3:3,0,1,0,0,0,1,0,0,0,0,0,0,2,24
45794,0:2:2;1:1:1;1:1:1;1:3:3,0,2,0,0,0,1,0,0,0,0,0,0,10,24
45795,0:2:2;1:1:1;1:1:1;1:3:3,0,3,0,0,0,1,0,0,0,0,0,0,10,24
45796,0:2:2;1:1:1;1:1:1;1:3:3,0,4,0,0,0,1,0,0,0,0,0,0,10,24
45797,0:2:2;1:1:1;1:1:1;1:3:3,0,5,0,0,0,1,0,0,0,0,0,0,10,24
45798,0:2:2;1:1:1;1:1:1;1:3:3,1,0,0,0,0,1,0,0,0,0,0,0,6,24
45799,0:2:2;1:1:1;1:1:1;1:3:3,1,1,0,0,0,1,0,0,0,0,0,0,16,24
45800,0:2:2;1:1:1;1:1:1;1:3:3,1,2,0,0,0,1,0,0,0,0,0,0,20,24
45801,0:2:2;1:1:1;1:1:1;1:3:3,1,3,0,0,0,1,0,0,0,0,0,0,20,24
45802,0:2:2;1:1:1;1:1:1;1:3:3,1,4,0,0,0,1,0,0,0,0,0,0,20,24
45803,0:2:2;1:1:1;1:1:1;1:3:3,1,5,0,0,0,1,0,0,0,0,0,0,20,24
45804,0:2:2;1:1:1;1:1:1;1:3:3,2,0,0,0,0,1,0,0,0,0,0,0,16,24
45805,0:2:2;1:1:1;1:1:1;1:3:3,2,1,0,0,0,1,0,0,0,0,0,0,27,24
45806,0:2:2;1:1:1;1:1:1;1:3:3,2,2,0,0,0,1,0,0,0,0,0,0,31,24
45807,0:2:2;1:1:1;1:1:1;1:3:3,2,3,0,0,0,1,0,0,0,0,0,0,31,24
45808,0:2:2;1:1:1;1:1:1;1:3:3,2,4,0,0,0,1,0,0,0,0,0,0,31,24
45809,0:2:2;1:1:1;1:1:1;1:3:3,2,5,0,0,0,1,0,0,0,0,0,0,31,24
45810,0:2:2;1:1:1;1:1:1;1:3:3,3,0,1,1,0,0,1,1,1,1,1,5,8,9
45811,0:2:2;1:1:1;1:1:1;1:3:3,3,1,1,1,1,0,1,1,1,1,1,5,8,7
45812,0:2:2;1:1:1;1:1:1;1:3:3,3,2,1,1,1,0,1,1,1,1,1,5,8,1
45813,0:2:2;1:1:1;1:1:1;1:3:3,3,3,1,1,1,0,1,1,1,1,1,5,8,1
45814,0:2:2;1:1:1;1:1:1;1:3:3,3,4,1,1,1,0,1,1,1,1,1,5,8,1
45815,0:2:2;1:1:1;1:1:1;1:3:3,3,5,1,1,1,0,1,1,1,1,1,5,8,1
45816,0:2:2;1:1:1;1:1:1;1:3:3,4,0,1,1,1,0,1,1,1,1,1,5,8,9
45817,0:2:2;1:1:1;1:1:1;1:3:3,4,1,1,1,1,0,1,1,1,1,1,5,8,7
45818,0:2:2;1:1:1;1:1:1;1:3:3,4,2,1,1,1,0,1,1,1,1,1,5,8,1
45819,0:2:2;1:1:1;1:1:1;1:3:3,4,3,1,1,1,0,1,1,1,1,1,5,8,1
45820,0:2:2;1:1:1;1:1:1;1:3:3,4,4,1,1,1,0,1,1,1,1,1,5,8,1
45821,0:2:2;1:1:1;1:1:1;1:3:3,4,5,1,1,1,0,1,1,1,1,1,5,8,1
45822,0:2:2;1:1:1;1:1:1;1:3:3,5,0,1,1,1,0,1,1,1,1,1,5,8,9
45823,0:2:2;1:1:1;1:1:1;1:3:3,5,1,1,1,1,0,1,1,1,1,1,5,8,7
45824,0:2:2;1:1:1;1:1:1;1:3:3,5,2,1,1,1,0,1,1,1,1,1,5,8,1
45825,0:2:2;1:1:1;1:1:1;1:3:3,5,3,1,1,1,0,1,1,1,1,1,5,8,1
45826,0:2:2;1:1:1;1:1:1;1:3:3,5,4,1,1,1,0,1,1,1,1,1,5,8,1
45827,0:2:2;1:1:1;1:1:1;1:3:3,5,5,1,1,1,0,1,1,1,1,1,5,8,1
45828,0:2:2;1:1:1;1:1:1;1:4:3,0,0,0,0,0,1,0,0,0,0,0,0,1,24
45829,0:2:2;1:1:1;1:1:1;1:4:3,0,1,0,0,0,1,0,0,0,0,0,0,2,24
45830,0:2:2;1:1:1;1:1:1;1:4:3,0,2,0,0,0,1,0,0,0,0,0,0,10,24
45831,0:2:2;1:1:1;1:1:1;1:4:3,0,3,0,0,0,1,0,0,0,0,0,0,10,24
45832,0:2:2;1:1:1;1:1:1;1:4:3,0,4,0,0,0,1,0,0,0,0,0,0,10,24
45833,0:2:2;1:1:1;1:1:1;1:4:3,0,5,0,0,0,1,0,0,0,0,0,0,10,24
45834,0:2:2;1:1:1;1:1:1;1:4:3,1,0,0,0,0,1,0,0,0,0,0,0,6,24
45835,0:2:2;1:1:1;1:1:1;1:4:3,1,1,0,0,0,1,0,0,0,0,0,0,16,24
45836,0:2:2;1:1:1;1:1:1;1:4:3,1,2,0,0,0,1,0,0,0,0,0,0,20,24
45837,0:2:2;1:1:1;1:1:1;1:4:3,1,3,0,0,0,1,0,0,0,0,0,0,20,24
45838,0:2:2;1:1:1;1:1:1;1:4:3,1,4,0,0,0,1,0,0,0,0,0,0,20,24
45839,0:2:2;1:1:1;1:1:1;1:4:3,1,5,0,0,0,1,0,0,0,0,0,0,20,24
45840,0:2:2;1:1:1;1:1:1;1:4:3,2,0,0,0,0,1,0,0,0,0,0,0,16,24
45841,0:2:2;1:1:1;1:1:1;1:4:3,2,1,0,0,0,1,0,0,0,0,0,0,27,24
45842,0:2:2;1:1:1;1:1:1;1:4:3,2,2,0,0,0,1,0,0,0,0,0,0,31,24
45843,0:2:2;1:1:1;1:1:1;1:4:3,2,3,0,0,0,1,0,0,0,0,0,0,31,24
45844,0:2:2;1:1:1;1:1:1;1:4:3,2,4,0,0,0,1,0,0,0,0,0,0,31,24
45845,0:2:2;1:1:1;1:1:1;1:4:3,2,5,0,0,0,1,0,0,0,0,0,0,31,24
45846,0:2:2;1:1:1;1:1:1;1:4:3,3,0,1,1,0,0,1,1,1,1,1,5,8,9
45847,0:2:2;1:1:1;1:1:1;1:4:3,3,1,1,1,1,0,1,1,1,1,1,5,8,7
45848,0:2:2;1:1:1;1:1:1;1:4:3,3,2,1,1,1,0,1,1,1,1,1,5,8,1
45849,0:2:2;1:1:1;1:1:1;1:4:3,3,3,1,1,1,0,1,1,1,1,1,5,8,1
45850,0:2:2;1:1:1;1:1:1;1:4:3,3,4,1,1,1,0,1,1,1,1,1,5,8,1
45851,0:2:2;1:1:1;1:1:1;1:4:3,3,5,1,1,1,0,1,1,1,1,1,5,8,1
45852,0:2:2;1:1:1;1:1:1;1:4:3,4,0,1,1,1,0,1,1,1,1,1,5,8,9
45853,0:2:2;1:1:1;1:1:1;1:4:3,4,1,1,1,1,0,1,1,1,1,1,5,8,7
45854,0:2:2;1:1:1;1:1:1;1:4:3,4,2,1,1,1,0,1,1,1,1,1,5,8,1
45855,0:2:2;1:1:1;1:1:1;1:4:3,4,3,1,1,1,0,1,1,1,1,1,5,8,1
45856,0:2:2;1:1:1;1:1:1;1:4:3,4,4,1,1,1,0,1,1,1,1,1,5,8,1
45857,0:2:2;1:1:1;1:1:1;1:4:3,4,5,1,1,1,0,1,1,1,1,1,5,8,1
45858,0:2:2;1:1:1;1:1:1;1:4:3,5,0,1,1,1,0,1,1,1,1,1,5,8,9
45859,0:2:2;1:1:1;1:1:1;1:4:3,5,1,1,1,1,0,1,1,1,1,1,5,8,7
45860,0:2:2;1:1:1;1:1:1;1:4:3,5,2,1,1,1,0,1,1,1,1,1,5,8,1
45861,0:2:2;1:1:1;1:1:1;1:4:3,5,3,1,1,1,0,1,1,1,1,1,5,8,1
45862,0:2:2;1:1:1;1:1:1;1:4:3,5,4,1,1,1,0,1,1,1,1,1,5,8,1
45863,0:2:2;1:1:1;1:1:1;1:4:3,5,5,1,1,1,0,1,1,1,1,1,5,8,1
45864,0:2:2;1:1:1;1:2:1;1:2:1,0,0,0,0,0,1,0,0,0,0,0,0,1,24
45865,0:2:2;1:1:1;1:2:1;1:2:1,0,1,0,0,0,1,0,0,0,0,0,0,2,24
45866,0:2:2;1:1:1;1:2:1;1:2:1,0,2,0,0,0,1,0,0,0,0,0,0,9,24
45867,0:2:2;1:1:1;1:2:1;1:2:1,0,3,0,0,0,1,0,0,0,0,0,0,9,24
45868,0:2:2;1:1:1;1:2:1;1:2:1,0,4,0,0,0,1,0,0,0,0,0,0,9,24
45869,0:2:2;1:1:1;1:2:1;1:2:1,0,5,0,0,0,1,0,0,0,0,0,0,9,24
45870,0:2:2;1:1:1;1:2:1;1:2:1,1,0,1,1,0,1,0,0,0,1,1,6,8,13
45871,0:2:2;1:1:1;1:2:1;1:2:1,1,1,1,1,1,0,1,1,1,1,1,5,6,7
45872,0:2:2;1:1:1;1:2:1;1:2:1,1,2,1,1,1,0,1,1,1,1,1,5,6,1
45873,0:2:2;1:1:1;1:2:1;1:2:1,1,3,1,1,1,0,1,1,1,1,1,5,6,1
45874,0:2:2;1:1:1;1:2:1;1:2:1,1,4,1,1,1,0,1,1,1,1,1,5,6,1
45875,0:2:2;1:1:1;1:2:1;1:2:1,1,5,1,1,1,0,1,1,1,1,1,5,6,1
45876,0:2:2;1:1:1;1:2:1;1:2:1,2,0,1,1,1,0,1,1,1,1,1,5,6,9
45877,0:2:2;1:1:1;1:2:1;1:2:1,2,1,1,1,1,0,1,1,1,1,1,5,6,7
45878,0:2:2;1:1:1;1:2:1;1:2:1,2,2,1,1,1,0,1,1,1,1,1,5,6,1
45879,0:2:2;1:1:1;1:2:1;1:2:1,2,3,1,1,1,0,1,1,1,1,1,5,6,1
45880,0:2:2;1:1:1;1:2:1;1:2:1,2,4,1,1,1,0,1,1,1,1,1,5,6,1
45881,0:2:2;1:1:1;1:2:1;1:2:1,2,5,1,1,1,0,1,1,1,1,1,5,6,1
45882,0:2:2;1:1:1;1:2:1;1:2:1,3,0,1,1,1,0,1,1,1,1,1,5,6,9
45883,0:2:2;1:1:1;1:2:1;1:2:1,3,1,1,1,1,0,1,1,1,1,1,5,6,7
45884,0:2:2;1:1:1;1:2:1;1:2:1,3,2,1,1,1,0,1,1,1,1,1,5,6,1
45885,0:2:2;1:1:1;1:2:1;1:2:1,3,3,1,1,1,0,1,1,1,1,1,5,6,1
45886,0:2:2;1:1:1;1:2:1;1:2:1,3,4,1,1,1,0,1,1,1,1,1,5,6,1
45887,0:2:2;1:1:1;1:2:1;1:2:1,3,5,1,1,1,0,1,1,1,1,1,5,6,1
45888,0:2:2;1:1:1;1:2:1;1:2:1,4,0,1,1,1,0,1,1,1,1,1,5,6,9
45889,0:2:2;1:1:1;1:2:1;1:2:1,4,1,1,1,1,0,1,1,1,1,1,5,6,7
45890,0:2:2;1:1:1;1:2:1;1:2:1,4,2,1,1,1,0,1,1,1,1,1,5,6,1
45891,0:2:2;1:1:1;1:2:1;1:2:1,4,3,1,1,1,0,1,1,1,1,1,5,6,1
45892,0:2:2;1:1:1;1:2:1;1:2:1,4,4,1,1,1,0,1,1,1,1,1,5,6,1
45893,0:2:2;1:1:1;1:2:1;1:2:1,4,5,1,1,1,0,1,1,1,1,1,5,6,1
45894,0:2:2;1:1:1;1:2:1;1:2:1,5,0,1,1,1,0,1,1,1,1,1,5,6,9
45895,0:2:2;1:1:1;1:2:1;1:2:1,5,1,1,1,1,0,1,1,1,1,1,5,6,7
45896,0:2:2;1:1:1;1:2:1;1:2:1,5,2,1,1,1,0,1,1,1,1,1,5,6,1
45897,0:2:2;1:1:1;1:2:1;1:2:1,5,3,1,1,1,0,1,1,1,1,1,5,6,1
45898,0:2:2;1:1:1;1:2:1;1:2:1,5,4,1,1,1,0,1,1,1,1,1,5,6,1
45899,0:2:2;1:1:1;1:2:1;1:2:1,5,5,1,1,1,0,1,1,1,1,1,5,6,1
45900,0:2:2;1:1:1;1:2:1;1:2:2,0,0,0,0,0,1,0,0,0,0,0,0,1,24
45901,0:2:2;1:1:1;1:2:1;1:2:2,0,1,0,0,0,1,0,0,0,0,0,0,2,24
45902,0:2:2;1:1:1;1:2:1;1:2:2,0,2,0,0,0,1,0,0,0,0,0,0,10,24
45903,0:2:2;1:1:1;1:2:1;1:2:2,0,3,0,0,0,1,0,0,0,0,0,0,10,24
45904,0:2:2;1:1:1;1:2:1;1:2:2,0,4,0,0,0,1,0,0,0,0,0,0,10,24
45905,0:2:2;1:1:1;1:2:1;1:2:2,0,5,0,0,0,1,0,0,0,0,0,0,10,24
45906,0:2:2;1:1:1;1:2:1;1:2:2,1,0,0,0,0,1,0,0,0,0,0,0,11,24
45907,0:2:2;1:1:1;1:2:1;1:2:2,1,1,0,0,0,1,0,0,0,0,0,0,16,24
45908,0:2:2;1:1:1;1:2:1;1:2:2,1,2,0,0,0,1,0,0,0,0,0,0,19,24
45909,0:2:2;1:1:1;1:2:1;1:2:2,1,3,0,0,0,1,0,0,0,0,0,0,19,24
45910,0:2:2;1:1:1;1:2:1;1:2:2,1,4,0,0,0,1,0,0,0,0,0,0,19,24
45911,0:2:2;1:1:1;1:2:1;1:2:2,1,5,0,0,0,1,0,0,0,0,0,0,19,24
45912,0:2:2;1:1:1;1:2:1;1:2:2,2,0,1,1,0,0,1,1,1,1,1,5,7,9
45913,0:2:2;1:1:1;1:2:1;1:2:2,2,1,1,1,1,0,1,1,1,1,1,5,7,7
45914,0:2:2;1:1:1;1:2:1;1:2:2,2,2,1,1,1,0,1,1,1,1,1,5,7,1
45915,0:2:2;1:1:1;1:2:1;1:2:2,2,3,1,1,1,0,1,1,1,1,1,5,7,1
45916,0:2:2;1:1:1;1:2:1;1:2:2,2,4,1,1,1,0,1,1,1,1,1,5,7,1
45917,0:2:2;1:1:1;1:2:1;1:2:2,2,5,1,1,1,0,1,1,1,1,1,5,7,1
45918,0:2:2;1:1:1;1:2:1;1:2:2,3,0,1,1,1,0,1,1,1,1,1,5,7,9
45919,0:2:2;1:1:1;1:2:1;1:2:2,3,1,1,1,1,0,1,1,1,1,1,5,7,7
45920,0:2:2;1:1:1;1:2:1;1:2:2,3,2,1,1,1,0,1,1,1,1,1,5,7,1
45921,0:2:2;1:1:1;1:2:1;1:2:2,3,3,1,1,1,0,1,1,1,1,1,5,7,1
45922,0:2:2;1:1:1;1:2:1;1:2:2,3,4,1,1,1,0,1,1,1,1,1,5,7,1
45923,0:2:2;1:1:1;1:2:1;1:2:2,3,5,1,1,1,0,1,1,1,1,1,5,7,1
45924,0:2:2;1:1:1;1:2:1;1:2:2,4,0,1,1,1,0,1,1,1,1,1,5,7,9
45925,0:2:2;1:1:1;1:2:1;1:2:2,4,1,1,1,1,0,1,1,1,1,1,5,7,7
45926,0:2:2;1:1:1;1:2:1;1:2:2,4,2,1,1,1,0,1,1,1,1,1,5,7,1
45927,0:2:2;1:1:1;1:2:1;1:2:2,4,3,1,1,1,0,1,1,1,1,1,5,7,1
45928,0:2:2;1:1:1;1:2:1;1:2:2,4,4,1,1,1,0,1,1,1,1,1,5,7,1
45929,0:2:2;1:1:1;1:2:1;1:2:2,4,5,1,1,1,0,1,1,1,1,1,5,7,1
45930,0:2:2;1:1:1;1:2:1;1:2:2,5,0,1,1,1,0,1,1,1,1,1,5,7,9
45931,0:2:2;1:1:1;1:2:1;1:2:2,5,1,1,1,1,0,1,1,1,1,1,5,7,7
45932,0:2:2;1:1:1;1:2:1;1:2:2,5,2,1,1,1,0,1,1,1,1,1,5,7,1
45933,0:2:2;1:1:1;1:2:1;1:2:2,5,3,1,1,1,0,1,1,1,1,1,5,7,1
45934,0:2:2;1:1:1;1:2:1;1:2:2,5,4,1,1,1,0,1,1,1,1,1,5,7,1
45935,0:2:2;1:1:1;1:2:1;1:2:2,5,5,1,1,1,0,1,1,1,1,1,5,7,1
45936,0:2:2;1:1:1;1:2:1;1:3:2,0,0,0,0,0,1,0,0,0,0,0,0,1,24
45937,0:2:2;1:1:1;1:2:1;1:3:2,0,1,0,0,0,1,0,0,0,0,0,0,2,24
45938,0:2:2;1:1:1;1:2:1;1:3:2,0,2,0,0,0,1,0,0,0,0,0,0,10,24
45939,0:2:2;1:1:1;1:2:1;1:3:2,0,3,0,0,0,1,0,0,0,0,0,0,10,24
45940,0:2:2;1:1:1;1:2:1;1:3:2,0,4,0,0,0,1,0,0,0,0,0,0,10,24
45941,0:2:2;1:1:1;1:2:1;1:3:2,0,5,0,0,0,1,0,0,0,0,0,0,10,24
45942,0:2:2;1:1:1;1:2:1;1:3:2,1,0,0,0,0,1,0,0,0,0,0,0,11,24
45943,0:2:2;1:1:1;1:2:1;1:3:2,1,1,0,0,0,1,0,0,0,0,0,0,16,24
45944,0:2:2;1:1:1;1:2:1;1:3:2,1,2,0,0,0,1,0,0,0,0,0,0,19,24
45945,0:2:2;1:1:1;1:2:1;1:3:2,1,3,0,0,0,1,0,0,0,0,0,0,19,24
45946,0:2:2;1:1:1;1:2:1;1:3:2,1,4,0,0,0,1,0,0,0,0,0,0,19,24
45947,0:2:2;1:1:1;1:2:1;1:3:2,1,5,0,0,0,1,0,0,0,0,0,0,19,24
45948,0:2:2;1:1:1;1:2:1;1:3:2,2,0,1,1,0,0,1,1,1,1,1,5,7,9
45949,0:2:2;1:1:1;1:2:1;1:3:2,2,1,1,1,1,0,1,1,1,1,1,5,7,7
45950,0:2:2;1:1:1;1:2:1;1:3:2,2,2,1,1,1,0,1,1,1,1,1,5,7,1
45951,0:2:2;1:1:1;1:2:1;1:3:2,2,3,1,1,1,0,1,1,1,1,1,5,7,1
45952,0:2:2;1:1:1;1:2:1;1:3:2,2,4,1,1,1,0,1,1,1,1,1,5,7,1
45953,0:2:2;1:1:1;1:2:1;1:3:2,2,5,1,1,1,0,1,1,1,1,1,5,7,1
45954,0:2:2;1:1:1;1:2:1;1:3:2,3,0,1,1,1,0,1,1,1,1,1,5,7,9
45955,0:2:2;1:1:1;1:2:1;1:3:2,3,1,1,1,1,0,1,1,1,1,1,5,7,7
45956,0:2:2;1:1:1;1:2:1;1:3:2,3,2,1,1,1,0,1,1,1,1,1,5,7,1
45957,0:2:2;1:1:1;1:2:1;1:3:2,3,3,1,1,1,0,1,1,1,1,1,5,7,1
45958,0:2:2;1:1:1;1:2:1;1:3:2,3,4,1,1,1,0,1,1,1,1,1,5,7,1
45959,0:2:2;1:1:1;1:2:1;1:3:2,3,5,1,1,1,0,1,1,1,1,1,5,7,1
45960,0:2:2;1:1:1;1:2:1;1:3:2,4,0,1,1,1,0,1,1,1,1,1,5,7,9
45961,0:2:2;1:1:1;1:2:1;1:3:2,4,1,1,1,1,0,1,1,1,1,1,5,7,7
45962,0:2:2;1:1:1;1:2:1;1:3:2,4,2,1,1,1,0,1,1,1,1,1,5,7,1
45963,0:2:2;1:1:1;1:2:1;1:3:2,4,3,1,1,1,0,1,1,1,1,1,5,7,1
45964,0:2:2;1:1:1;1:2:1;1:3:2,4,4,1,1,1,0,1,1,1,1,1,5,7,1
45965,0:2:2;1:1:1;1:2:1;1:3:2,4,5,1,1,1,0,1,1,1,1,1,5,7,1
45966,0:2:2;1:1:1;1:2:1;1:3:2,5,0,1,1,1,0,1,1,1,1,1,5,7,9
45967,0:2:2;1:1:1;1:2:1;1:3:2,5,1,1,1,1,0,1,1,1,1,1,5,7,7
45968,0:2:2;1:1:1;1:2:1;1:3:2,5,2,1,1,1,0,1,1,1,1,1,5,7,1
45969,0:2:2;1:1:1;1:2:1;1:3:2,5,3,1,1,1,0,1,1,1,1,1,5,7,1
45970,0:2:2;1:1:1;1:2:1;1:3:2,5,4,1,1,1,0,1,1,1,1,1,5,7,1
45971,0:2:2;1:1:1;1:2:1;1:3:2,5,5,1,1,1,0,1,1,1,1,1,5,7,1
45972,0:2:2;1:1:1;1:2:1;1:3:3,0,0,0,0,0,1,0,0,0,0,0,0,1,24
45973,0:2:2;1:1:1;1:2:1;1:3:3,0,1,0,0,0,1,0,0,0,0,0,0,2,24
45974,0:2:2;1:1:1;1:2:1;1:3:3,0,2,0,0,0,1,0,0,0,0,0,0,10,24
45975,0:2:2;1:1:1;1:2:1;1:3:3,0,3,0,0,0,1,0,0,0,0,0,0,10,24
45976,0:2:2;1:1:1;1:2:1;1:3:3,0,4,0,0,0,1,0,0,0,0,0,0,10,24
45977,0:2:2;1:1:1;1:2:1;1:3:3,0,5,0,0,0,1,0,0,0,0,0,0,10,24
45978,0:2:2;1:1:1;1:2:1;1:3:3,1,0,0,0,0,1,0,0,0,0,0,0,11,24
45979,0:2:2;1:1:1;1:2:1;1:3:3,1,1,0,0,0,1,0,0,0,0,0,0,16,24
45980,0:2:2;1:1:1;1:2:1;1:3:3,1,2,0,0,0,1,0,0,0,0,0,0,20,24
45981,0:2:2;1:1:1;1:2:1;1:3:3,1,3,0,0,0,1,0,0,0,0,0,0,20,24
45982,0:2:2;1:1:1;1:2:1;1:3:3,1,4,0,0,0,1,0,0,0,0,0,0,20,24
45983,0:2:2;1:1:1;1:2:1;1:3:3,1,5,0,0,0,1,0,0,0,0,0,0,20,24
45984,0:2:2;1:1:1;1:2:1;1:3:3,2,0,0,0,0,1,0,0,0,0,0,0,20,24
45985,0:2:2;1:1:1;1:2:1;1:3:3,2,1,0,0,0,1,0,0,0,0,0,0,27,24
45986,0:2:2;1:1:1;1:2:1;1:3:3,2,2,0,0,0,1,0,0,0,0,0,0,31,24
45987,0:2:2;1:1:1;1:2:1;1:3:3,2,3,0,0,0,1,0,0,0,0,0,0,31,24
45988,0:2:2;1:1:1;1:2:1;1:3:3,2,4,0,0,0,1,0,0,0,0,0,0,31,24
45989,0:2:2;1:1:1;1:2:1;1:3:3,2,5,0,0,0,1,0,0,0,0,0,0,31,24
45990,0:2:2;1:1:1;1:2:1;1:3:3,3,0,1,1,0,0,1,1,1,1,1,5,8,9
45991,0:2:2;1:1:1;1:2:1;1:3:3,3,1,1,1,1,0,1,1,1,1,1,5,8,7
45992,0:2:2;1:1:1;1:2:1;1:3:3,3,2,1,1,1,0,1,1,1,1,1,5,8,1
45993,0:2:2;1:1:1;1:2:1;1:3:3,3,3,1,1,1,0,1,1,1,1,1,5,8,1
45994,0:2:2;1:1:1;1:2:1;1:3:3,3,4,1,1,1,0,1,1,1,1,1,5,8,1
45995,0:2:2;1:1:1;1:2:1;1:3:3,3,5,1,1,1,0,1,1,1,1,1,5,8,1
45996,0:2:2;1:1:1;1:2:1;1:3:3,4,0,1,1,1,0,1,1,1,1,1,5,8,9
45997,0:2:2;1:1:1;1:2:1;1:3:3,4,1,1,1,1,0,1,1,1,1,1,5,8,7
45998,0:2:2;1:1:1;1:2:1;1:3:3,4,2,1,1,1,0,1,1,1,1,1,5,8,1
45999,0:2:2;1:1:1;1:2:1;1:3:3,4,3,1,1,1,0,1,1,1,1,1,5,8,1
46000,0:2:2;1:1:1;1:2:1;1:3:3,4,4,1,1,1,0,1,1,1,1,1,5,8,1
46001,0:2:2;1:1:1;1:2:1;1:3:3,4,5,1,1,1,0,1,1,1,1,1,5,8,1
46002,0:2:2;1:1:1;1:2:1;1:3:3,5,0,1,1,1,0,1,1,1,1,1,5,8,9
46003,0:2:2;1:1:1;1:2:1;1:3:3,5,1,1,1,1,0,1,1,1,1,1,5,8,7
46004,0:2:2;1:1:1;1:2:1;1:3:3,5,2,1,1,1,0,1,1,1,1,1,5,8,1
46005,0:2:2;1:1:1;1:2:1;1:3:3,5,3,1,1,1,0,1,1,1,1,1,5,8,1
46006,0:2:2;1:1:1;1:2:1;1:3:3,5,4,1,1,1,0,1,1,1,1,1,5,8,1
46007,0:2:2;1:1:1;1:2:1;1:3:3,5,5,1,1,1,0,1,1,1,1,1,5,8,1
46008,0:2:2;1:1:1;1:2:1;1:4:3,0,0,0,0,0,1,0,0,0,0,0,0,1,24
46009,0:2:2;1:1:1;1:2:1;1:4:3,0,1,0,0,0,1,0,0,0,0,0,0,2,24
46010,0:2:2;1:1:1;1:2:1;1:4:3,0,2,0,0,0,1,0,0,0,0,0,0,10,24
46011,0:2:2;1:1:1;1:2:1;1:4:3,0,3,0,0,0,1,0,0,0,0,0,0,10,24
46012,0:2:2;1:1:1;1:2:1;1:4:3,0,4,0,0,0,1,0,0,0,0,0,0,10,24
46013,0:2:2;1:1:1;1:2:1;1:4:3,0,5,0,0,0,1,0,0,0,0,0,0,10,24
46014,0:2:2;1:1:1;1:2:1;1:4:3,1,0,0,0,0,1,0,0,0,0,0,0,11,24
46015,0:2:2;1:1:1;1:2:1;1:4:3,1,1,0,0,0,1,0,0,0,0,0,0,16,24
46016,0:2:2;1:1:1;1:2:1;1:4:3,1,2,0,0,0,1,0,0,0,0,0,0,20,24
46017,0:2:2;1:1:1;1:2:1;1:4:3,1,3,0,0,0,1,0,0,0,0,0,0,20,24
46018,0:2:2;1:1:1;1:2:1;1:4:3,1,4,0,0,0,1,0,0,0,0,0,0,20,24
46019,0:2:2;1:1:1;1:2:1;1:4:3,1,5,0,0,0,1,0,0,0,0,0,0,20,24
46020,0:2:2;1:1:1;1:2:1;1:4:3,2,0,0,0,0,1,0,0,0,0,0,0,20,24
46021,0:2:2;1:1:1;1:2:1;1:4:3,2,1,0,0,0,1,0,0,0,0,0,0,27,24
46022,0:2:2;1:1:1;1:2:1;1:4:3,2,2,0,0,0,1,0,0,0,0,0,0,31,24
46023,0:2:2;1:1:1;1:2:1;1:4:3,2,3,0,0,0,1,0,0,0,0,0,0,31,24
46024,0:2:2;1:1:1;1:2:1;1:4:3,2,4,0,0,0,1,0,0,0,0,0,0,31,24
46025,0:2:2;1:1:1;1:2:1;1:4:3,2,5,0,0,0,1,0,0,0,0,0,0,31,24
46026,0:2:2;1:1:1;1:2:1;1:4:3,3,0,1,1,0,0,1,1,1,1,1,5,8,9
46027,0:2:2;1:1:1;1:2:1;1:4:3,3,1,1,1,1,0,1,1,1,1,1,5,8,7
46028,0:2:2;1:1:1;1:2:1;1:4:3,3,2,1,1,1,0,1,1,1,1,1,5,8,1
46029,0:2:2;1:1:1;1:2:1;1:4:3,3,3,1,1,1,0,1,1,1,1,1,5,8,1
46030,0:2:2;1:1:1;1:2:1;1:4:3,3,4,1,1,1,0,1,1,1,1,1,5,8,1
46031,0:2:2;1:1:1;1:2:1;1:4:3,3,5,1,1,1,0,1,1,1,1,1,5,8,1
46032,0:2:2;1:1:1;1:2:1;1:4:3,4,0,1,1,1,0,1,1,1,1,1,5,8,9
46033,0:2:2;1:1:1;1:2:1;1:4:3,4,1,1,1,1,0,1,1,1,1,1,5,8,7
46034,0:2:2;1:1:1;1:2:1;1:4:3,4,2,1,1,1,0,1,1,1,1,1,5,8,1
46035,0:2:2;1:1:1;1:2:1;1:4:3,4,3,1,1,1,0,1,1,1,1,1,5,8,1
46036,0:2:2;1:1:1;1:2:1;1:4:3,4,4,1,1,1,0,1,1,1,1,1,5,8,1
46037,0:2:2;1:1:1;1:2:1;1:4:3,4,5,1,1,1,0,1,1,1,1,1,5,8,1
46038,0:2:2;1:1:1;1:2:1;1:4:3,5,0,1,1,1,0,1,1,1,1,1,5,8,9
46039,0:2:2;1:1:1;1:2:1;1:4:3,5,1,1,1,1,0,1,1,1,1,1,5,8,7
46040,0:2:2;1:1:1;1:2:1;1:4:3,5,2,1,1,1,0,1,1,1,1,1,5,8,1
46041,0:2:2;1:1:1;1:2:1;1:4:3,5,3,1,1,1,0,1,1,1,1,1,5,8,1
46042,0:2:2;1:1:1;1:2:1;1:4:3,5,4,1,1,1,0,1,1,1,1,1,5,8,1
46043,0:2:2;1:1:1;1:2:1;1:4:3,5,5,1,1,1,0,1,1,1,1,1,5,8,1
46044,0:2:2;1:1:1;1:2:2;1:2:2,0,0,0,0,0,1,0,0,0,0,0,0,1,24
46045,0:2:2;1:1:1;1:2:2;1:2:2,0,1,0,0,0,1,0,0,0,0,0,0,2,24
46046,0:2:2;1:1:1;1:2:2;1:2:2,0,2,0,0,0,1,0,0,0,0,0,0,11,24
46047,0:2:2;1:1:1;1:2:2;1:2:2,0,3,0,0,0,1,0,0,0,0,0,0,11,24
46048,0:2:2;1:1:1;1:2:2;1:2:2,0,4,0,0,0,1,0,0,0,0,0,0,11,24
46049,0:2:2;1:1:1;1:2:2;1:2:2,0,5,0,0,0,1,0,0,0,0,0,0,11,24
46050,0:2:2;1:1:1;1:2:2;1:2:2,1,0,0,0,0,1,0,0,0,0,0,0,5,24
46051,0:2:2;1:1:1;1:2:2;1:2:2,1,1,0,0,0,1,0,0,0,0,0,0,14,24
46052,0:2:2;1:1:1;1:2:2;1:2:2,1,2,0,0,0,1,0,0,0,0,0,0,22,24
46053,0:2:2;1:1:1;1:2:2;1:2:2,1,3,0,0,0,1,0,0,0,0,0,0,22,24
46054,0:2:2;1:1:1;1:2:2;1:2:2,1,4,0,0,0,1,0,0,0,0,0,0,22,24
46055,0:2:2;1:1:1;1:2:2;1:2:2,1,5,0,0,0,1,0,0,0,0,0,0,22,24
46056,0:2:2;1:1:1;1:2:2;1:2:2,2,0,0,0,0,1,0,0,0,0,0,0,23,24
46057,0:2:2;1:1:1;1:2:2;1:2:2,2,1,0,0,0,1,0,0,0,0,0,0,31,24
46058,0:2:2;1:1:1;1:2:2;1:2:2,2,2,0,0,0,1,0,0,0,0,0,0,35,24
46059,0:2:2;1:1:1;1:2:2;1:2:2,2,3,0,0,0,1,0,0,0,0,0,0,35,24
46060,0:2:2;1:1:1;1:2:2;1:2:2,2,4,0,0,0,1,0,0,0,0,0,0,35,24
46061,0:2:2;1:1:1;1:2:2;1:2:2,2,5,0,0,0,1,0,0,0,0,0,0,35,24
46062,0:2:2;1:1:1;1:2:2;1:2:2,3,0,1,1,1,0,1,1,1,1,1,5,8,9
46063,0:2:2;1:1:1;1:2:2;1:2:2,3,1,1,1,1,0,1,1,1,1,1,5,8,7
46064,0:2:2;1:1:1;1:2:2;1:2:2,3,2,1,1,1,0,1,1,1,1,1,5,8,1
46065,0:2:2;1:1:1;1:2:2;1:2:2,3,3,1,1,1,0,1,1,1,1,1,5,8,1
46066,0:2:2;1:1:1;1:2:2;1:2:2,3,4,1,1,1,0,1,1,1,1,1,5,8,1
46067,0:2:2;1:1:1;1:2:2;1:2:2,3,5,1,1,1,0,1,1,1,1,1,5,8,1
46068,0:2:2;1:1:1;1:2:2;1:2:2,4,0,1,1,1,0,1,1,1,1,1,5,8,9
46069,0:2:2;1:1:1;1:2:2;1:2:2,4,1,1,1,1,0,1,1,1,1,1,5,8,7
46070,0:2:2;1:1:1;1:2:2;1:2:2,4,2,1,1,1,0,1,1,1,1,1,5,8,1
46071,0:2:2;1:1:1;1:2:2;1:2:2,4,3,1,1,1,0,1,1,1,1,1,5,8,1
46072,0:2:2;1:1:1;1:2:2;1:2:2,4,4,1,1,1,0,1,1,1,1,1,5,8,1
46073,0:2:2;1:1:1;1:2:2;1:2:2,4,5,1,1,1,0,1,1,1,1,1,5,8,1
46074,0:2:2;1:1:1;1:2:2;1:2:2,5,0,1,1,1,0,1,1,1,1,1,5,8,9
46075,0:2:2;1:1:1;1:2:2;1:2:2,5,1,1,1,1,0,1,1,1,1,1,5,8,7
46076,0:2:2;1:1:1;1:2:2;1:2:2,5,2,1,1,1,0,1,1,1,1,1,5,8,1
46077,0:2:2;1:1:1;1:2:2;1:2:2,5,3,1,1,1,0,1,1,1,1,1,5,8,1
46078,0:2:2;1:1:1;1:2:2;1:2:2,5,4,1,1,1,0,1,1,1,1,1,5,8,1
46079,0:2:2;1:1:1;1:2:2;1:2:2,5,5,1,1,1,0,1,1,1,1,1,5,8,1
46080,0:2:2;1:1:1;1:2:2;1:3:2,0,0,0,0,0,1,0,0,0,0,0,0,1,24
46081,0:2:2;1:1:1;1:2:2;1:3:2,0,1,0,0,0,1,0,0,0,0,0,0,2,24
46082,0:2:2;1:1:1;1:2:2;1:3:2,0,2,0,0,0,1,0,0,0,0,0,0,11,24
46083,0:2:2;1:1:1;1:2:2;1:3:2,0,3,0,0,0,1,0,0,0,0,0,0,11,24
46084,0:2:2;1:1:1;1:2:2;1:3:2,0,4,0,0,0,1,0,0,0,0,0,0,11,24
46085,0:2:2;1:1:1;1:2:2;1:3:2,0,5,0,0,0,1,0,0,0,0,0,0,11,24
46086,0:2:2;1:1:1;1:2:2;1:3:2,1,0,0,0,0,1,0,0,0,0,0,0,5,24
46087,0:2:2;1:1:1;1:2:2;1:3:2,1,1,0,0,0,1,0,0,0,0,0,0,14,24
46088,0:2:2;1:1:1;1:2:2;1:3:2,1,2,0,0,0,1,0,0,0,0,0,0,22,24
46089,0:2:2;1:1:1;1:2:2;1:3:2,1,3,0,0,0,1,0,0,0,0,0,0,22,24
46090,0:2:2;1:1:1;1:2:2;1:3:2,1,4,0,0,0,1,0,0,0,0,0,0,22,24
46091,0:2:2;1:1:1;1:2:2;1:3:2,1,5,0,0,0,1,0,0,0,0,0,0,22,24
46092,0:2:2;1:1:1;1:2:2;1:3:2,2,0,0,0,0,1,0,0,0,0,0,0,23,24
46093,0:2:2;1:1:1;1:2:2;1:3:2,2,1,0,0,0,1,0,0,0,0,0,0,31,24
46094,0:2:2;1:1:1;1:2:2;1:3:2,2,2,0,0,0,1,0,0,0,0,0,0,35,24
46095,0:2:2;1:1:1;1:2:2;1:3:2,2,3,0,0,0,1,0,0,0,0,0,0,35,24
46096,0:2:2;1:1:1;1:2:2;1:3:2,2,4,0,0,0,1,0,0,0,0,0,0,35,24
46097,0:2:2;1:1:1;1:2:2;1:3:2,2,5,0,0,0,1,0,0,0,0,0,0,35,24
46098,0:2:2;1:1:1;1:2:2;1:3:2,3,0,1,1,1,0,1,1,1,1,1,5,8,9
46099,0:2:2;1:1:1;1:2:2;1:3:2,3,1,1,1,1,0,1,1,1,1,1,5,8,7
46100,0:2:2;1:1:1;1:2:2;1:3:2,3,2,1,1,1,0,1,1,1,1,1,5,8,1
46101,0:2:2;1:1:1;1:2:2;1:3:2,3,3,1,1,1,0,1,1,1,1,1,5,8,1
46102,0:2:2;1:1:1;1:2:2;1:3:2,3,4,1,1,1,0,1,1,1,1,1,5,8,1
46103,0:2:2;1:1:1;1:2:2;1:3:2,3,5,1,1,1,0,1,1,1,1,1,5,8,1
46104,0:2:2;1:1:1;1:2:2;1:3:2,4,0,1,1,1,0,1,1,1,1,1,5,8,9
46105,0:2:2;1:1:1;1:2:2;1:3:2,4,1,1,1,1,0,1,1,1,1,1,5,8,7
46106,0:2:2;1:1:1;1:2:2;1:3:2,4,2,1,1,1,0,1,1,1,1,1,5,8,1
46107,0:2:2;1:1:1;1:2:2;1:3:2,4,3,1,1,1,0,1,1,1,1,1,5,8,1
46108,0:2:2;1:1:1;1:2:2;1:3:2,4,4,1,1,1,0,1,1,1,1,1,5,8,1
46109,0:2:2;1:1:1;1:2:2;1:3:2,4,5,1,1,1,0,1,1,1,1,1,5,8,1
46110,0:2:2;1:1:1;1:2:2;1:3:2,5,0,1,1,1,0,1,1,1,1,1,5,8,9
46111,0:2:2;1:1:1;1:2:2;1:3:2,5,1,1,1,1,0,1,1,1,1,1,5,8,7
46112,0:2:2;1:1:1;1:2:2;1:3:2,5,2,1,1,1,0,1,1,1,1,1,5,8,1
46113,0:2:2;1:1:1;1:2:2;1:3:2,5,3,1,1,1,0,1,1,1,1,1,5,8,1
46114,0:2:2;1:1:1;1:2:2;1:3:2,5,4,1,1,1,0,1,1,1,1,1,5,8,1
46115,0:2:2;1:1:1;1:2:2;1:3:2,5,5,1,1,1,0,1,1,1,1,1,5,8,1
46116,0:2:2;1:1:1;1:2:2;1:3:3,0,0,0,0,0,1,0,0,0,0,0,0,1,24
46117,0:2:2;1:1:1;1:2:2;1:3:3,0,1,0,0,0,1,0,0,0,0,0,0,2,24
46118,0:2:2;1:1:1;1:2:2;1:3:3,0,2,0,0,0,1,0,0,0,0,0,0,11,24
46119,0:2:2;1:1:1;1:2:2;1:3:3,0,3,0,0,0,1,0,0,0,0,0,0,11,24
46120,0:2:2;1:1:1;1:2:2;1:3:3,0,4,0,0,0,1,0,0,0,0,0,0,11,24
46121,0:2:2;1:1:1;1:2:2;1:3:3,0,5,0,0,0,1,0,0,0,0,0,0,11,24
46122,0:2:2;1:1:1;1:2:2;1:3:3,1,0,0,0,0,1,0,0,0,0,0,0,5,24
46123,0:2:2;1:1:1;1:2:2;1:3:3,1,1,0,0,0,1,0,0,0,0,0,0,14,24
46124,0:2:2;1:1:1;1:2:2;1:3:3,1,2,0,0,0,1,0,0,0,0,0,0,23,24
46125,0:2:2;1:1:1;1:2:2;1:3:3,1,3,0,0,0,1,0,0,0,0,0,0,23,24
46126,0:2:2;1:1:1;1:2:2;1:3:3,1,4,0,0,0,1,0,0,0,0,0,0,23,24
46127,0:2:2;1:1:1;1:2:2;1:3:3,1,5,0,0,0,1,0,0,0,0,0,0,23,24
46128,0:2:2;1:1:1;1:2:2;1:3:3,2,0,0,0,0,1,0,0,0,0,0,0,18,24
46129,0:2:2;1:1:1;1:2:2;1:3:3,2,1,0,0,0,1,0,0,0,0,0,0,30,24
46130,0:2:2;1:1:1;1:2:2;1:3:3,2,2,0,0,0,1,0,0,0,0,0,0,38,24
46131,0:2:2;1:1:1;1:2:2;1:3:3,2,3,0,0,0,1,0,0,0,0,0,0,38,24
46132,0:2:2;1:1:1;1:2:2;1:3:3,2,4,0,0,0,1,0,0,0,0,0,0,38,24
46133,0:2:2;1:1:1;1:2:2;1:3:3,2,5,0,0,0,1,0,0,0,0,0,0,38,24
46134,0:2:2;1:1:1;1:2:2;1:3:3,3,0,0,0,0,1,0,0,0,0,0,0,35,24
46135,0:2:2;1:1:1;1:2:2;1:3:3,3,1,0,0,0,1,0,0,0,0,0,0,47,24
46136,0:2:2;1:1:1;1:2:2;1:3:3,3,2,0,0,0,1,0,0,0,0,0,0,53,24
46137,0:2:2;1:1:1;1:2:2;1:3:3,3,3,0,0,0,1,0,0,0,0,0,0,53,24
46138,0:2:2;1:1:1;1:2:2;1:3:3,3,4,0,0,0,1,0,0,0,0,0,0,53,24
46139,0:2:2;1:1:1;1:2:2;1:3:3,3,5,0,0,0,1,0,0,0,0,0,0,53,24
46140,0:2:2;1:1:1;1:2:2;1:3:3,4,0,1,1,1,0,1,1,1,1,1,5,9,9
46141,0:2:2;1:1:1;1:2:2;1:3:3,4,1,1,1,1,0,1,1,1,1,1,5,9,7
46142,0:2:2;1:1:1;1:2:2;1:3:3,4,2,1,1,1,0,1,1,1,1,1,5,9,1
46143,0:2:2;1:1:1;1:2:2;1:3:3,4,3,1,1,1,0,1,1,1,1,1,5,9,1
46144,0:2:2;1:1:1;1:2:2;1:3:3,4,4,1,1,1,0,1,1,1,1,1,5,9,1
46145,0:2:2;1:1:1;1:2:2;1:3:3,4,5,1,1,1,0,1,1,1,1,1,5,9,1
46146,0:2:2;1:1:1;1:2:2;1:3:3,5,0,1,1,1,0,1,1,1,1,1,5,9,9
46147,0:2:2;1:1:1;1:2:2;1:3:3,5,1,1,1,1,0,1,1,1,1,1,5,9,7
46148,0:2:2;1:1:1;1:2:2;1:3:3,5,2,1,1,1,0,1,1,1,1,1,5,9,1
46149,0:2:2;1:1:1;1:2:2;1:3:3,5,3,1,1,1,0,1,1,1,1,1,5,9,1
46150,0:2:2;1:1:1;1:2:2;1:3:3,5,4,1,1,1,0,1,1,1,1,1,5,9,1
46151,0:2:2;1:1:1;1:2:2;1:3:3,5,5,1,1,1,0,1,1,1,1,1,5,9,1
46152,0:2:2;1:1:1;1:2:2;1:4:3,0,0,0,0,0,1,0,0,0,0,0,0,1,24
46153,0:2:2;1:1:1;1:2:2;1:4:3,0,1,0,0,0,1,0,0,0,0,0,0,2,24
46154,0:2:2;1:1:1;1:2:2;1:4:3,0,2,0,0,0,1,0,0,0,0,0,0,11,24
46155,0:2:2;1:1:1;1:2:2;1:4:3,0,3,0,0,0,1,0,0,0,0,0,0,11,24
46156,0:2:2;1:1:1;1:2:2;1:4:3,0,4,0,0,0,1,0,0,0,0,0,0,11,24
46157,0:2:2;1:1:1;1:2:2;1:4:3,0,5,0,0,0,1,0,0,0,0,0,0,11,24
46158,0:2:2;1:1:1;1:2:2;1:4:3,1,0,0,0,0,1,0,0,0,0,0,0,5,24
46159,0:2:2;1:1:1;1:2:2;1:4:3,1,1,0,0,0,1,0,0,0,0,0,0,14,24
46160,0:2:2;1:1:1;1:2:2;1:4:3,1,2,0,0,0,1,0,0,0,0,0,0,23,24
46161,0:2:2;1:1:1;1:2:2;1:4:3,1,3,0,0,0,1,0,0,0,0,0,0,23,24
46162,0:2:2;1:1:1;1:2:2;1:4:3,1,4,0,0,0,1,0,0,0,0,0,0,23,24
46163,0:2:2;1:1:1;1:2:2;1:4:3,1,5,0,0,0,1,0,0,0,0,0,0,23,24
46164,0:2:2;1:1:1;1:2:2;1:4:3,2,0,0,0,0,1,0,0,0,0,0,0,18,24
46165,0:2:2;1:1:1;1:2:2;1:4:3,2,1,0,0,0,1,0,0,0,0,0,0,30,24
46166,0:2:2;1:1:1;1:2:2;1:4:3,2,2,0,0,0,1,0,0,0,0,0,0,38,24
46167,0:2:2;1:1:1;1:2:2;1:4:3,2,3,0,0,0,1,0,0,0,0,0,0,38,24
46168,0:2:2;1:1:1;1:2:2;1:4:3,2,4,0,0,0,1,0,0,0,0,0,0,38,24
46169,0:2:2;1:1:1;1:2:2;1:4:3,2,5,0,0,0,1,0,0,0,0,0,0,38,24
46170,0:2:2;1:1:1;1:2:2;1:4:3,3,0,0,0,0,1,0,0,0,0,0,0,35,24
46171,0:2:2;1:1:1;1:2:2;1:4:3,3,1,0,0,0,1,0,0,0,0,0,0,47,24
46172,0:2:2;1:1:1;1:2:2;1:4:3,3,2,0,0,0,1,0,0,0,0,0,0,53,24
46173,0:2:2;1:1:1;1:2:2;1:4:3,3,3,0,0,0,1,0,0,0,0,0,0,53,24
46174,0:2:2;1:1:1;1:2:2;1:4:3,3,4,0,0,0,1,0,0,0,0,0,0,53,24
46175,0:2:2;1:1:1;1:2:2;1:4:3,3,5,0,0,0,1,0,0,0,0,0,0,53,24
46176,0:2:2;1:1:1;1:2:2;1:4:3,4,0,1,1,1,0,1,1,1,1,1,5,9,9
46177,0:2:2;1:1:1;1:2:2;1:4:3,4,1,1,1,1,0,1,1,1,1,1,5,9,7
46178,0:2:2;1:1:1;1:2:2;1:4:3,4,2,1,1,1,0,1,1,1,1,1,5,9,1
46179,0:2:2;1:1:1;1:2:2;1:4:3,4,3,1,1,1,0,1,1,1,1,1,5,9,1
46180,0:2:2;1:1:1;1:2:2;1:4:3,4,4,1,1,1,0,1,1,1,1,1,5,9,1
46181,0:2:2;1:1:1;1:2:2;1:4:3,4,5,1,1,1,0,1,1,1,1,1,5,9,1
46182,0:2:2;1:1:1;1:2:2;1:4:3,5,0,1,1,1,0,1,1,1,1,1,5,9,9
46183,0:2:2;1:1:1;1:2:2;1:4:3,5,1,1,1,1,0,1,1,1,1,1,5,9,7
46184,0:2:2;1:1:1;1:2:2;1:4:3,5,2,1,1,1,0,1,1,1,1,1,5,9,1
46185,0:2:2;1:1:1;1:2:2;1:4:3,5,3,1,1,1,0,1,1,1,1,1,5,9,1
46186,0:2:2;1:1:1;1:2:2;1:4:3,5,4,1,1,1,0,1,1,1,1,1,5,9,1
46187,0:2:2;1:1:1;1:2:2;1:4:3,5,5,1,1,1,0,1,1,1,1,1,5,9,1
46188,0:2:2;1:1:1;1:3:2;1:3:2,0,0,0,0,0,1,0,0,0,0,0,0,1,24
46189,0:2:2;1:1:1;1:3:2;1:3:2,0,1,0,0,0,1,0,0,0,0,0,0,2,24
46190,0:2:2;1:1:1;1:3:2;1:3:2,0,2,0,0,0,1,0,0,0,0,0,0,11,24
46191,0:2:2;1:1:1;1:3:2;1:3:2,0,3,0,0,0,1,0,0,0,0,0,0,11,24
46192,0:2:2;1:1:1;1:3:2;1:3:2,0,4,0,0,0,1,0,0,0,0,0,0,11,24
46193,0:2:2;1:1:1;1:3:2;1:3:2,0,5,0,0,0,1,0,0,0,0,0,0,11,24
46194,0:2:2;1:1:1;1:3:2;1:3:2,1,0,0,0,0,1,0,0,0,0,0,0,5,24
46195,0:2:2;1:1:1;1:3:2;1:3:2,1,1,0,0,0,1,0,0,0,0,0,0,14,24
46196,0:2:2;1:1:1;1:3:2;1:3:2,1,2,0,0,0,1,0,0,0,0,0,0,22,24
46197,0:2:2;1:1:1;1:3:2;1:3:2,1,3,0,0,0,1,0,0,0,0,0,0,22,24
46198,0:2:2;1:1:1;1:3:2;1:3:2,1,4,0,0,0,1,0,0,0,0,0,0,22,24
46199,0:2:2;1:1:1;1:3:2;1:3:2,1,5,0,0,0,1,0,0,0,0,0,0,22,24
46200,0:2:2;1:1:1;1:3:2;1:3:2,2,0,0,0,0,1,0,0,0,0,0,0,23,24
46201,0:2:2;1:1:1;1:3:2;1:3:2,2,1,0,0,0,1,0,0,0,0,0,0,31,24
46202,0:2:2;1:1:1;1:3:2;1:3:2,2,2,0,0,0,1,0,0,0,0,0,0,35,24
46203,0:2:2;1:1:1;1:3:2;1:3:2,2,3,0,0,0,1,0,0,0,0,0,0,35,24
46204,0:2:2;1:1:1;1:3:2;1:3:2,2,4,0,0,0,1,0,0,0,0,0,0,35,24
46205,0:2:2;1:1:1;1:3:2;1:3:2,2,5,0,0,0,1,0,0,0,0,0,0,35,24
46206,0:2:2;1:1:1;1:3:2;1:3:2,3,0,1,1,1,0,1,1,1,1,1,5,8,9
46207,0:2:2;1:1:1;1:3:2;1:3:2,3,1,1,1,1,0,1,1,1,1,1,5,8,7
46208,0:2:2;1:1:1;1:3:2;1:3:2,3,2,1,1,1,0,1,1,1,1,1,5,8,1
46209,0:2:2;1:1:1;1:3:2;1:3:2,3,3,1,1,1,0,1,1,1,1,1,5,8,1
46210,0:2:2;1:1:1;1:3:2;1:3:2,3,4,1,1,1,0,1,1,1,1,1,5,8,1
46211,0:2:2;1:1:1;1:3:2;1:3:2,3,5,1,1,1,0,1,1,1,1,1,5,8,1
46212,0:2:2;1:1:1;1:3:2;1:3:2,4,0,1,1,1,0,1,1,1,1,1,5,8,9
46213,0:2:2;1:1:1;1:3:2;1:3:2,4,1,1,1,1,0,1,1,1,1,1,5,8,7
46214,0:2:2;1:1:1;1:3:2;1:3:2,4,2,1,1,1,0,1,1,1,1,1,5,8,1
46215,0:2:2;1:1:1;1:3:2;1:3:2,4,3,1,1,1,0,1,1,1,1,1,5,8,1
46216,0:2:2;1:1:1;1:3:2;1:3:2,4,4,1,1,1,0,1,1,1,1,1,5,8,1
46217,0:2:2;1:1:1;1:3:2;1:3:2,4,5,1,1,1,0,1,1,1,1,1,5,8,1
46218,0:2:2;1:1:1;1:3:2;1:3:2,5,0,1,1,1,0,1,1,1,1,1,5,8,9
46219,0:2:2;1:1:1;1:3:2;1:3:2,5,1,1,1,1,0,1,1,1,1,1,5,8,7
46220,0:2:2;1:1:1;1:3:2;1:3:2,5,2,1,1,1,0,1,1,1,1,1,5,8,1
46221,0:2:2;1:1:1;1:3:2;1:3:2,5,3,1,1,1,0,1,1,1,1,1,5,8,1
46222,0:2:2;1:1:1;1:3:2;1:3:2,5,4,1,1,1,0,1,1,1,1,1,5,8,1
46223,0:2:2;1:1:1;1:3:2;1:3:2,5,5,1,1,1,0,1,1,1,1,1,5,8,1
46224,0:2:2;1:1:1;1:3:2;1:3:3,0,0,0,0,0,1,0,0,0,0,0,0,1,24
46225,0:2:2;1:1:1;1:3:2;1:3:3,0,1,0,0,0,1,0,0,0,0,0,0,2,24
46226,0:2:2;1:1:1;1:3:2;1:3:3,0,2,0,0,0,1,0,0,0,0,0,0,11,24
46227,0:2:2;1:1:1;1:3:2;1:3:3,0,3,0,0,0,1,0,0,0,0,0,0,11,24
46228,0:2:2;1:1:1;1:3:2;1:3:3,0,4,0,0,0,1,0,0,0,0,0,0,11,24
46229,0:2:2;1:1:1;1:3:2;1:3:3,0,5,0,0,0,1,0,0,0,0,0,0,11,24
46230,0:2:2;1:1:1;1:3:2;1:3:3,1,0,0,0,0,1,0,0,0,0,0,0,5,24
46231,0:2:2;1:1:1;1:3:2;1:3:3,1,1,0,0,0,1,0,0,0,0,0,0,14,24
46232,0:2:2;1:1:1;1:3:2;1:3:3,1,2,0,0,0,1,0,0,0,0,0,0,23,24
46233,0:2:2;1:1:1;1:3:2;1:3:3,1,3,0,0,0,1,0,0,0,0,0,0,23,24
46234,0:2:2;1:1:1;1:3:2;1:3:3,1,4,0,0,0,1,0,0,0,0,0,0,23,24
46235,0:2:2;1:1:1;1:3:2;1:3:3,1,5,0,0,0,1,0,0,0,0,0,0,23,24
46236,0:2:2;1:1:1;1:3:2;1:3:3,2,0,0,0,0,1,0,0,0,0,0,0,18,24
46237,0:2:2;1:1:1;1:3:2;1:3:3,2,1,0,0,0,1,0,0,0,0,0,0,30,24
46238,0:2:2;1:1:1;1:3:2;1:3:3,2,2,0,0,0,1,0,0,0,0,0,0,38,24
46239,0:2:2;1:1:1;1:3:2;1:3:3,2,3,0,0,0,1,0,0,0,0,0,0,38,24
46240,0:2:2;1:1:1;1:3:2;1:3:3,2,4,0,0,0,1,0,0,0,0,0,0,38,24
46241,0:2:2;1:1:1;1:3:2;1:3:3,2,5,0,0,0,1,0,0,0,0,0,0,38,24
46242,0:2:2;1:1:1;1:3:2;1:3:3,3,0,0,0,0,1,0,0,0,0,0,0,35,24
46243,0:2:2;1:1:1;1:3:2;1:3:3,3,1,0,0,0,1,0,0,0,0,0,0,47,24
46244,0:2:2;1:1:1;1:3:2;1:3:3,3,2,0,0,0,1,0,0,0,0,0,0,53,24
46245,0:2:2;1:1:1;1:3:2;1:3:3,3,3,0,0,0,1,0,0,0,0,0,0,53,24
46246,0:2:2;1:1:1;1:3:2;1:3:3,3,4,0,0,0,1,0,0,0,0,0,0,53,24
46247,0:2:2;1:1:1;1:3:2;1:3:3,3,5,0,0,0,1,0,0,0,0,0,0,53,24
46248,0:2:2;1:1:1;1:3:2;1:3:3,4,0,1,1,1,0,1,1,1,1,1,5,9,9
46249,0:2:2;1:1:1;1:3:2;1:3:3,4,1,1,1,1,0,1,1,1,1,1,5,9,7
46250,0:2:2;1:1:1;1:3:2;1:3:3,4,2,1,1,1,0,1,1,1,1,1,5,9,1
46251,0:2:2;1:1:1;1:3:2;1:3:3,4,3,1,1,1,0,1,1,1,1,1,5,9,1
46252,0:2:2;1:1:1;1:3:2;1:3:3,4,4,1,1,1,0,1,1,1,1,1,5,9,1
46253,0:2:2;1:1:1;1:3:2;1:3:3,4,5,1,1,1,0,1,1,1,1,1,5,9,1
46254,0:2:2;1:1:1;1:3:2;1:3:3,5,0,1,1,1,0,1,1,1,1,1,5,9,9
46255,0:2:2;1:1:1;1:3:2;1:3:3,5,1,1,1,1,0,1,1,1,1,1,5,9,7
46256,0:2:2;1:1:1;1:3:2;1:3:3,5,2,1,1,1,0,1,1,1,1,1,5,9,1
46257,0:2:2;1:1:1;1:3:2;1:3:3,5,3,1,1,1,0,1,1,1,1,1,5,9,1
46258,0:2:2;1:1:1;1:3:2;1:3:3,5,4,1,1,1,0,1,1,1,1,1,5,9,1
46259,0:2:2;1:1:1;1:3:2;1:3:3,5,5,1,1,1,0,1,1,1,1,1,5,9,1
46260,0:2:2;1:1:1;1:3:2;1:4:3,0,0,0,0,0,1,0,0,0,0,0,0,1,24
46261,0:2:2;1:1:1;1:3:2;1:4:3,0,1,0,0,0,1,0,0,0,0,0,0,2,24
46262,0:2:2;1:1:1;1:3:2;1:4:3,0,2,0,0,0,1,0,0,0,0,0,0,11,24
46263,0:2:2;1:1:1;1:3:2;1:4:3,0,3,0,0,0,1,0,0,0,0,0,0,11,24
46264,0:2:2;1:1:1;1:3:2;1:4:3,0,4,0,0,0,1,0,0,0,0,0,0,11,24
46265,0:2:2;1:1:1;1:3:2;1:4:3,0,5,0,0,0,1,0,0,0,0,0,0,11,24
46266,0:2:2;1:1:1;1:3:2;1:4:3,1,0,0,0,0,1,0,0,0,0,0,0,5,24
46267,0:2:2;1:1:1;1:3:2;1:4:3,1,1,0,0,0,1,0,0,0,0,0,0,14,24
46268,0:2:2;1:1:1;1:3:2;1:4:3,1,2,0,0,0,1,0,0,0,0,0,0,23,24
46269,0:2:2;1:1:1;1:3:2;1:4:3,1,3,0,0,0,1,0,0,0,0,0,0,23,24
46270,0:2:2;1:1:1;1:3:2;1:4:3,1,4,0,0,0,1,0,0,0,0,0,0,23,24
46271,0:2:2;1:1:1;1:3:2;1:4:3,1,5,0,0,0,1,0,0,0,0,0,0,23,24
46272,0:2:2;1:1:1;1:3:2;1:4:3,2,0,0,0,0,1,0,0,0,0,0,0,18,24
46273,0:2:2;1:1:1;1:3:2;1:4:3,2,1,0,0,0,1,0,0,0,0,0,0,30,24
46274,0:2:2;1:1:1;1:3:2;1:4:3,2,2,0,0,0,1,0,0,0,0,0,0,38,24
46275,0:2:2;1:1:1;1:3:2;1:4:3,2,3,0,0,0,1,0,0,0,0,0,0,38,24
46276,0:2:2;1:1:1;1:3:2;1:4:3,2,4,0,0,0,1,0,0,0,0,0,0,38,24
46277,0:2:2;1:1:1;1:3:2;1:4:3,2,5,0,0,0,1,0,0,0,0,0,0,38,24
46278,0:2:2;1:1:1;1:3:2;1:4:3,3,0,0,0,0,1,0,0,0,0,0,0,35,24
46279,0:2:2;1:1:1;1:3:2;1:4:3,3,1,0,0,0,1,0,0,0,0,0,0,47,24
46280,0:2:2;1:1:1;1:3:2;1:4:3,3,2,0,0,0,1,0,0,0,0,0,0,53,24
46281,0:2:2;1:1:1;1:3:2;1:4:3,3,3,0,0,0,1,0,0,0,0,0,0,53,24
46282,0:2:2;1:1:1;1:3:2;1:4:3,3,4,0,0,0,1,0,0,0,0,0,0,53,24
46283,0:2:2;1:1:1;1:3:2;1:4:3,3,5,0,0,0,1,0,0,0,0,0,0,53,24
46284,0:2:2;1:1:1;1:3:2;1:4:3,4,0,1,1,1,0,1,1,1,1,1,5,9,9
46285,0:2:2;1:1:1;1:3:2;1:4:3,4,1,1,1,1,0,1,1,1,1,1,5,9,7
46286,0:2:2;1:1:1;1:3:2;1:4:3,4,2,1,1,1,0,1,1,1,1,1,5,9,1
46287,0:2:2;1:1:1;1:3:2;1:4:3,4,3,1,1,1,0,1,1,1,1,1,5,9,1
46288,0:2:2;1:1:1;1:3:2;1:4:3,4,4,1,1,1,0,1,1,1,1,1,5,9,1
46289,0:2:2;1:1:1;1:3:2;1:4:3,4,5,1,1,1,0,1,1,1,1,1,5,9,1
46290,0:2:2;1:1:1;1:3:2;1:4:3,5,0,1,1,1,0,1,1,1,1,1,5,9,9
46291,0:2:2;1:1:1;1:3:2;1:4:3,5,1,1,1,1,0,1,1,1,1,1,5,9,7
46292,0:2:2;1:1:1;1:3:2;1:4:3,5,2,1,1,1,0,1,1,1,1,1,5,9,1
46293,0:2:2;1:1:1;1:3:2;1:4:3,5,3,1,1,1,0,1,1,1,1,1,5,9,1
46294,0:2:2;1:1:1;1:3:2;1:4:3,5,4,1,1,1,0,1,1,1,1,1,5,9,1
46295,0:2:2;1:1:1;1:3:2;1:4:3,5,5,1,1,1,0,1,1,1,1,1,5,9,1
46296,0:2:2;1:1:1;1:3:3;1:3:3,0,0,0,0,0,1,0,0,0,0,0,0,1,24
46297,0:2:2;1:1:1;1:3:3;1:3:3,0,1,0,0,0,1,0,0,0,0,0,0,2,24
46298,0:2:2;1:1:1;1:3:3;1:3:3,0,2,0,0,0,1,0,0,0,0,0,0,11,24
46299,0:2:2;1:1:1;1:3:3;1:3:3,0,3,0,0,0,1,0,0,0,0,0,0,11,24
46300,0:2:2;1:1:1;1:3:3;1:3:3,0,4,0,0,0,1,0,0,0,0,0,0,11,24
46301,0:2:2;1:1:1;1:3:3;1:3:3,0,5,0,0,0,1,0,0,0,0,0,0,11,24
46302,0:2:2;1:1:1;1:3:3;1:3:3,1,0,0,0,0,1,0,0,0,0,0,0,5,24
46303,0:2:2;1:1:1;1:3:3;1:3:3,1,1,0,0,0,1,0,0,0,0,0,0,14,24
46304,0:2:2;1:1:1;1:3:3;1:3:3,1,2,0,0,0,1,0,0,0,0,0,0,24,24
46305,0:2:2;1:1:1;1:3:3;1:3:3,1,3,0,0,0,1,0,0,0,0,0,0,24,24
46306,0:2:2;1:1:1;1:3:3;1:3:3,1,4,0,0,0,1,0,0,0,0,0,0,24,24
46307,0:2:2;1:1:1;1:3:3;1:3:3,1,5,0,0,0,1,0,0,0,0,0,0,24,24
46308,0:2:2;1:1:1;1:3:3;1:3:3,2,0,0,0,0,1,0,0,0,0,0,0,12,24
46309,0:2:2;1:1:1;1:3:3;1:3:3,2,1,0,0,0,1,0,0,0,0,0,0,28,24
46310,0:2:2;1:1:1;1:3:3;1:3:3,2,2,0,0,0,1,0,0,0,0,0,0,41,24
46311,0:2:2;1:1:1;1:3:3;1:3:3,2,3,0,0,0,1,0,0,0,0,0,0,41,24
46312,0:2:2;1:1:1;1:3:3;1:3:3,2,4,0,0,0,1,0,0,0,0,0,0,41,24
46313,0:2:2;1:1:1;1:3:3;1:3:3,2,5,0,0,0,1,0,0,0,0,0,0,41,24
46314,0:2:2;1:1:1;1:3:3;1:3:3,3,0,0,0,0,1,0,0,0,0,0,0,34,24
46315,0:2:2;1:1:1;1:3:3;1:3:3,3,1,0,0,0,1,0,0,0,0,0,0,51,24
46316,0:2:2;1:1:1;1:3:3;1:3:3,3,2,0,0,0,1,0,0,0,0,0,0,60,24
46317,0:2:2;1:1:1;1:3:3;1:3:3,3,3,0,0,0,1,0,0,0,0,0,0,60,24
46318,0:2:2;1:1:1;1:3:3;1:3:3,3,4,0,0,0,1,0,0,0,0,0,0,60,24
46319,0:2:2;1:1:1;1:3:3;1:3:3,3,5,0,0,0,1,0,0,0,0,0,0,60,24
46320,0:2:2;1:1:1;1:3:3;1:3:3,4,0,0,0,0,1,0,0,0,0,0,0,50,24
46321,0:2:2;1:1:1;1:3:3;1:3:3,4,1,0,0,0,1,0,0,0,0,0,0,68,24
46322,0:2:2;1:1:1;1:3:3;1:3:3,4,2,0,0,0,1,0,0,0,0,0,0,77,24
46323,0:2:2;1:1:1;1:3:3;1:3:3,4,3,0,0,0,1,0,0,0,0,0,0,77,24
46324,0:2:2;1:1:1;1:3:3;1:3:3,4,4,0,0,0,1,0,0,0,0,0,0,77,24
46325,0:2:2;1:1:1;1:3:3;1:3:3,4,5,0,0,0,1,0,0,0,0,0,0,77,24
46326,0:2:2;1:1:1;1:3:3;1:3:3,5,0,1,1,1,0,1,1,1,1,1,5,10,9
46327,0:2:2;1:1:1;1:3:3;1:3:3,5,1,1,1,1,0,1,1,1,1,1,5,10,7
46328,0:2:2;1:1:1;1:3:3;1:3:3,5,2,1,1,1,0,1,1,1,1,1,5,10,1
46329,0:2:2;1:1:1;1:3:3;1:3:3,5,3,1,1,1,0,1,1,1,1,1,5,10,1
46330,0:2:2;1:1:1;1:3:3;1:3:3,5,4,1,1,1,0,1,1,1,1,1,5,10,1
46331,0:2:2;1:1:1;1:3:3;1:3:3,5,5,1,1,1,0,1,1,1,1,1,5,10,1
46332,0:2:2;1:1:1;1:3:3;1:4:3,0,0,0,0,0,1,0,0,0,0,0,0,1,24
46333,0:2:2;1:1:1;1:3:3;1:4:3,0,1,0,0,0,1,0,0,0,0,0,0,2,24
46334,0:2:2;1:1:1;1:3:3;1:4:3,0,2,0,0,0,1,0,0,0,0,0,0,11,24
46335,0:2:2;1:1:1;1:3:3;1:4:3,0,3,0,0,0,1,0,0,0,0,0,0,11,24
46336,0:2:2;1:1:1;1:3:3;1:4:3,0,4,0,0,0,1,0,0,0,0,0,0,11,24
46337,0:2:2;1:1:1;1:3:3;1:4:3,0,5,0,0,0,1,0,0,0,0,0,0,11,24
46338,0:2:2;1:1:1;1:3:3;1:4:3,1,0,0,0,0,1,0,0,0,0,0,0,5,24
46339,0:2:2;1:1:1;1:3:3;1:4:3,1,1,0,0,0,1,0,0,0,0,0,0,14,24
46340,0:2:2;1:1:1;1:3:3;1:4:3,1,2,0,0,0,1,0,0,0,0,0,0,24,24
46341,0:2:2;1:1:1;1:3:3;1:4:3,1,3,0,0,0,1,0,0,0,0,0,0,24,24
46342,0:2:2;1:1:1;1:3:3;1:4:3,1,4,0,0,0,1,0,0,0,0,0,0,24,24
46343,0:2:2;1:1:1;1:3:3;1:4:3,1,5,0,0,0,1,0,0,0,0,0,0,24,24
46344,0:2:2;1:1:1;1:3:3;1:4:3,2,0,0,0,0,1,0,0,0,0,0,0,12,24
46345,0:2:2;1:1:1;1:3:3;1:4:3,2,1,0,0,0,1,0,0,0,0,0,0,28,24
46346,0:2:2;1:1:1;1:3:3;1:4:3,2,2,0,0,0,1,0,0,0,0,0,0,41,24
46347,0:2:2;1:1:1;1:3:3;1:4:3,2,3,0,0,0,1,0,0,0,0,0,0,41,24
46348,0:2:2;1:1:1;1:3:3;1:4:3,2,4,0,0,0,1,0,0,0,0,0,0,41,24
46349,0:2:2;1:1:1;1:3:3;1:4:3,2,5,0,0,0,1,0,0,0,0,0,0,41,24
46350,0:2:2;1:1:1;1:3:3;1:4:3,3,0,0,0,0,1,0,0,0,0,0,0,34,24
46351,0:2:2;1:1:1;1:3:3;1:4:3,3,1,0,0,0,1,0,0,0,0,0,0,51,24
46352,0:2:2;1:1:1;1:3:3;1:4:3,3,2,0,0,0,1,0,0,0,0,0,0,60,24
46353,0:2:2;1:1:1;1:3:3;1:4:3,3,3,0,0,0,1,0,0,0,0,0,0,60,24
46354,0:2:2;1:1:1;1:3:3;1:4:3,3,4,0,0,0,1,0,0,0,0,0,0,60,24
46355,0:2:2;1:1:1;1:3:3;1:4:3,3,5,0,0,0,1,0,0,0,0,0,0,60,24
46356,0:2:2;1:1:1;1:3:3;1:4:3,4,0,0,0,0,1,0,0,0,0,0,0,50,24
46357,0:2:2;1:1:1;1:3:3;1:4:3,4,1,0,0,0,1,0,0,0,0,0,0,68,24
46358,0:2:2;1:1:1;1:3:3;1:4:3,4,2,0,0,0,1,0,0,0,0,0,0,77,24
46359,0:2:2;1:1:1;1:3:3;1:4:3,4,3,0,0,0,1,0,0,0,0,0,0,77,24
46360,0:2:2;1:1:1;1:3:3;1:4:3,4,4,0,0,0,1,0,0,0,0,0,0,77,24
46361,0:2:2;1:1:1;1:3:3;1:4:3,4,5,0,0,0,1,0,0,0,0,0,0,77,24
46362,0:2:2;1:1:1;1:3:3;1:4:3,5,0,1,1,1,0,1,1,1,1,1,5,10,9
46363,0:2:2;1:1:1;1:3:3;1:4:3,5,1,1,1,1,0,1,1,1,1,1,5,10,7
46364,0:2:2;1:1:1;1:3:3;1:4:3,5,2,1,1,1,0,1,1,1,1,1,5,10,1
46365,0:2:2;1:1:1;1:3:3;1:4:3,5,3,1,1,1,0,1,1,1,1,1,5,10,1
46366,0:2:2;1:1:1;1:3:3;1:4:3,5,4,1,1,1,0,1,1,1,1,1,5,10,1
46367,0:2:2;1:1:1;1:3:3;1:4:3,5,5,1,1,1,0,1,1,1,1,1,5,10,1
46368,0:2:2;1:1:1;1:4:3;1:4:3,0,0,0,0,0,1,0,0,0,0,0,0,1,24
46369,0:2:2;1:1:1;1:4:3;1:4:3,0,1,0,0,0,1,0,0,0,0,0,0,2,24
46370,0:2:2;1:1:1;1:4:3;1:4:3,0,2,0,0,0,1,0,0,0,0,0,0,11,24
46371,0:2:2;1:1:1;1:4:3;1:4:3,0,3,0,0,0,1,0,0,0,0,0,0,11,24
46372,0:2:2;1:1:1;1:4:3;1:4:3,0,4,0,0,0,1,0,0,0,0,0,0,11,24
46373,0:2:2;1:1:1;1:4:3;1:4:3,0,5,0,0,0,1,0,0,0,0,0,0,11,24
46374,0:2:2;1:1:1;1:4:3;1:4:3,1,0,0,0,0,1,0,0,0,0,0,0,5,24
46375,0:2:2;1:1:1;1:4:3;1:4:3,1,1,0,0,0,1,0,0,0,0,0,0,14,24
46376,0:2:2;1:1:1;1:4:3;1:4:3,1,2,0,0,0,1,0,0,0,0,0,0,24,24
46377,0:2:2;1:1:1;1:4:3;1:4:3,1,3,0,0,0,1,0,0,0,0,0,0,24,24
46378,0:2:2;1:1:1;1:4:3;1:4:3,1,4,0,0,0,1,0,0,0,0,0,0,24,24
46379,0:2:2;1:1:1;1:4:3;1:4:3,1,5,0,0,0,1,0,0,0,0,0,0,24,24
46380,0:2:2;1:1:1;1:4:3;1:4:3,2,0,0,0,0,1,0,0,0,0,0,0,12,24
46381,0:2:2;1:1:1;1:4:3;1:4:3,2,1,0,0,0,1,0,0,0,0,0,0,28,24
46382,0:2:2;1:1:1;1:4:3;1:4:3,2,2,0,0,0,1,0,0,0,0,0,0,41,24
46383,0:2:2;1:1:1;1:4:3;1:4:3,2,3,0,0,0,1,0,0,0,0,0,0,41,24
46384,0:2:2;1:1:1;1:4:3;1:4:3,2,4,0,0,0,1,0,0,0,0,0,0,41,24
46385,0:2:2;1:1:1;1:4:3;1:4:3,2,5,0,0,0,1,0,0,0,0,0,0,41,24
46386,0:2:2;1:1:1;1:4:3;1:4:3,3,0,0,0,0,1,0,0,0,0,0,0,34,24
46387,0:2:2;1:1:1;1:4:3;1:4:3,3,1,0,0,0,1,0,0,0,0,0,0,51,24
46388,0:2:2;1:1:1;1:4:3;1:4:3,3,2,0,0,0,1,0,0,0,0,0,0,60,24
46389,0:2:2;1:1:1;1:4:3;1:4:3,3,3,0,0,0,1,0,0,0,0,0,0,60,24
46390,0:2:2;1:1:1;1:4:3;1:4:3,3,4,0,0,0,1,0,0,0,0,0,0,60,24
46391,0:2:2;1:1:1;1:4:3;1:4:3,3,5,0,0,0,1,0,0,0,0,0,0,60,24
46392,0:2:2;1:1:1;1:4:3;1:4:3,4,0,0,0,0,1,0,0,0,0,0,0,50,24
46393,0:2:2;1:1:1;1:4:3;1:4:3,4,1,0,0,0,1,0,0,0,0,0,0,68,24
46394,0:2:2;1:1:1;1:4:3;1:4:3,4,2,0,0,0,1,0,0,0,0,0,0,77,24
46395,0:2:2;1:1:1;1:4:3;1:4:3,4,3,0,0,0,1,0,0,0,0,0,0,77,24
46396,0:2:2;1:1:1;1:4:3;1:4:3,4,4,0,0,0,1,0,0,0,0,0,0,77,24
46397,0:2:2;1:1:1;1:4:3;1:4:3,4,5,0,0,0,1,0,0,0,0,0,0,77,24
46398,0:2:2;1:1:1;1:4:3;1:4:3,5,0,1,1,1,0,1,1,1,1,1,5,10,9
46399,0:2:2;1:1:1;1:4:3;1:4:3,5,1,1,1,1,0,1,1,1,1,1,5,10,7
46400,0:2:2;1:1:1;1:4:3;1:4:3,5,2,1,1,1,0,1,1,1,1,1,5,10,1
46401,0:2:2;1:1:1;1:4:3;1:4:3,5,3,1,1,1,0,1,1,1,1,1,5,10,1
46402,0:2:2;1:1:1;1:4:3;1:4:3,5,4,1,1,1,0,1,1,1,1,1,5,10,1
46403,0:2:2;1:1:1;1:4:3;1:4:3,5,5,1,1,1,0,1,1,1,1,1,5,10,1
46404,0:2:2;1:2:1;1:2:1;1:2:1,0,0,0,0,0,1,0,0,0,0,0,0,1,24
46405,0:2:2;1:2:1;1:2:1;1:2:1,0,1,0,0,0,1,0,0,0,0,0,0,2,24
46406,0:2:2;1:2:1;1:2:1;1:2:1,0,2,0,0,0,1,0,0,0,0,0,0,9,24
46407,0:2:2;1:2:1;1:2:1;1:2:1,0,3,0,0,0,1,0,0,0,0,0,0,9,24
46408,0:2:2;1:2:1;1:2:1;1:2:1,0,4,0,0,0,1,0,0,0,0,0,0,9,24
46409,0:2:2;1:2:1;1:2:1;1:2:1,0,5,0,0,0,1,0,0,0,0,0,0,9,24
46410,0:2:2;1:2:1;1:2:1;1:2:1,1,0,1,1,0,0,1,1,1,1,1,5,6,7
46411,0:2:2;1:2:1;1:2:1;1:2:1,1,1,1,1,1,0,1,1,1,1,1,5,6,7
46412,0:2:2;1:2:1;1:2:1;1:2:1,1,2,1,1,1,0,1,1,1,1,1,5,6,1
46413,0:2:2;1:2:1;1:2:1;1:2:1,1,3,1,1,1,0,1,1,1,1,1,5,6,1
46414,0:2:2;1:2:1;1:2:1;1:2:1,1,4,1,1,1,0,1,1,1,1,1,5,6,1
46415,0:2:2;1:2:1;1:2:1;1:2:1,1,5,1,1,1,0,1,1,1,1,1,5,6,1
46416,0:2:2;1:2:1;1:2:1;1:2:1,2,0,1,1,1,0,1,1,1,1,1,5,6,7
46417,0:2:2;1:2:1;1:2:1;1:2:1,2,1,1,1,1,0,1,1,1,1,1,5,6,7
46418,0:2:2;1:2:1;1:2:1;1:2:1,2,2,1,1,1,0,1,1,1,1,1,5,6,1
46419,0:2:2;1:2:1;1:2:1;1:2:1,2,3,1,1,1,0,1,1,1,1,1,5,6,1
46420,0:2:2;1:2:1;1:2:1;1:2:1,2,4,1,1,1,0,1,1,1,1,1,5,6,1
46421,0:2:2;1:2:1;1:2:1;1:2:1,2,5,1,1,1,0,1,1,1,1,1,5,6,1
46422,0:2:2;1:2:1;1:2:1;1:2:1,3,0,1,1,1,0,1,1,1,1,1,5,6,7
46423,0:2:2;1:2:1;1:2:1;1:2:1,3,1,1,1,1,0,1,1,1,1,1,5,6,7
46424,0:2:2;1:2:1;1:2:1;1:2:1,3,2,1,1,1,0,1,1,1,1,1,5,6,1
46425,0:2:2;1:2:1;1:2:1;1:2:1,3,3,1,1,1,0,1,1,1,1,1,5,6,1
46426,0:2:2;1:2:1;1:2:1;1:2:1,3,4,1,1,1,0,1,1,1,1,1,5,6,1
46427,0:2:2;1:2:1;1:2:1;1:2:1,3,5,1,1,1,0,1,1,1,1,1,5,6,1
46428,0:2:2;1:2:1;1:2:1;1:2:1,4,0,1,1,1,0,1,1,1,1,1,5,6,7
46429,0:2:2;1:2:1;1:2:1;1:2:1,4,1,1,1,1,0,1,1,1,1,1,5,6,7
46430,0:2:2;1:2:1;1:2:1;1:2:1,4,2,1,1,1,0,1,1,1,1,1,5,6,1
46431,0:2:2;1:2:1;1:2:1;1:2:1,4,3,1,1,1,0,1,1,1,1,1,5,6,1
46432,0:2:2;1:2:1;1:2:1;1:2:1,4,4,1,1,1,0,1,1,1,1,1,5,6,1
46433,0:2:2;1:2:1;1:2:1;1:2:1,4,5,1,1,1,0,1,1,1,1,1,5,6,1
46434,0:2:2;1:2:1;1:2:1;1:2:1,5,0,1,1,1,0,1,1,1,1,1,5,6,7
46435,0:2:2;1:2:1;1:2:1;1:2:1,5,1,1,1,1,0,1,1,1,1,1,5,6,7
46436,0:2:2;1:2:1;1:2:1;1:2:1,5,2,1,1,1,0,1,1,1,1,1,5,6,1
46437,0:2:2;1:2:1;1:2:1;1:2:1,5,3,1,1,1,0,1,1,1,1,1,5,6,1
46438,0:2:2;1:2:1;1:2:1;1:2:1,5,4,1,1,1,0,1,1,1,1,1,5,6,1
46439,0:2:2;1:2:1;1:2:1;1:2:1,5,5,1,1,1,0,1,1,1,1,1,5,6,1
46440,0:2:2;1:2:1;1:2:1;1:2:2,0,0,0,0,0,1,0,0,0,0,0,0,1,24
46441,0:2:2;1:2:1;1:2:1;1:2:2,0,1,0,0,0,1,0,0,0,0,0,0,2,24
46442,0:2:2;1:2:1;1:2:1;1:2:2,0,2,0,0,0,1,0,0,0,0,0,0,10,24
46443,0:2:2;1:2:1;1:2:1;1:2:2,0,3,0,0,0,1,0,0,0,0,0,0,10,24
46444,0:2:2;1:2:1;1:2:1;1:2:2,0,4,0,0,0,1,0,0,0,0,0,0,10,24
46445,0:2:2;1:2:1;1:2:1;1:2:2,0,5,0,0,0,1,0,0,0,0,0,0,10,24
46446,0:2:2;1:2:1;1:2:1;1:2:2,1,0,0,0,0,1,0,0,0,0,0,0,14,24
46447,0:2:2;1:2:1;1:2:1;1:2:2,1,1,0,0,0,1,0,0,0,0,0,0,16,24
46448,0:2:2;1:2:1;1:2:1;1:2:2,1,2,0,0,0,1,0,0,0,0,0,0,19,24
46449,0:2:2;1:2:1;1:2:1;1:2:2,1,3,0,0,0,1,0,0,0,0,0,0,19,24
46450,0:2:2;1:2:1;1:2:1;1:2:2,1,4,0,0,0,1,0,0,0,0,0,0,19,24
46451,0:2:2;1:2:1;1:2:1;1:2:2,1,5,0,0,0,1,0,0,0,0,0,0,19,24
46452,0:2:2;1:2:1;1:2:1;1:2:2,2,0,1,1,0,0,1,1,1,1,1,5,7,7
46453,0:2:2;1:2:1;1:2:1;1:2:2,2,1,1,1,1,0,1,1,1,1,1,5,7,7
46454,0:2:2;1:2:1;1:2:1;1:2:2,2,2,1,1,1,0,1,1,1,1,1,5,7,1
46455,0:2:2;1:2:1;1:2:1;1:2:2,2,3,1,1,1,0,1,1,1,1,1,5,7,1
46456,0:2:2;1:2:1;1:2:1;1:2:2,2,4,1,1,1,0,1,1,1,1,1,5,7,1
46457,0:2:2;1:2:1;1:2:1;1:2:2,2,5,1,1,1,0,1,1,1,1,1,5,7,1
46458,0:2:2;1:2:1;1:2:1;1:2:2,3,0,1,1,1,0,1,1,1,1,1,5,7,7
46459,0:2:2;1:2:1;1:2:1;1:2:2,3,1,1,1,1,0,1,1,1,1,1,5,7,7
46460,0:2:2;1:2:1;1:2:1;1:2:2,3,2,1,1,1,0,1,1,1,1,1,5,7,1
46461,0:2:2;1:2:1;1:2:1;1:2:2,3,3,1,1,1,0,1,1,1,1,1,5,7,1
46462,0:2:2;1:2:1;1:2:1;1:2:2,3,4,1,1,1,0,1,1,1,1,1,5,7,1
46463,0:2:2;1:2:1;1:2:1;1:2:2,3,5,1,1,1,0,1,1,1,1,1,5,7,1
46464,0:2:2;1:2:1;1:2:1;1:2:2,4,0,1,1,1,0,1,1,1,1,1,5,7,7
46465,0:2:2;1:2:1;1:2:1;1:2:2,4,1,1,1,1,0,1,1,1,1,1,5,7,7
46466,0:2:2;1:2:1;1:2:1;1:2:2,4,2,1,1,1,0,1,1,1,1,1,5,7,1
46467,0:2:2;1:2:1;1:2:1;1:2:2,4,3,1,1,1,0,1,1,1,1,1,5,7,1
46468,0:2:2;1:2:1;1:2:1;1:2:2,4,4,1,1,1,0,1,1,1,1,1,5,7,1
46469,0:2:2;1:2:1;1:2:1;1:2:2,4,5,1,1,1,0,1,1,1,1,1,5,7,1
46470,0:2:2;1:2:1;1:2:1;1:2:2,5,0,1,1,1,0,1,1,1,1,1,5,7,7
46471,0:2:2;1:2:1;1:2:1;1:2:2,5,1,1,1,1,0,1,1,1,1,1,5,7,7
46472,0:2:2;1:2:1;1:2:1;1:2:2,5,2,1,1,1,0,1,1,1,1,1,5,7,1
46473,0:2:2;1:2:1;1:2:1;1:2:2,5,3,1,1,1,0,1,1,1,1,1,5,7,1
46474,0:2:2;1:2:1;1:2:1;1:2:2,5,4,1,1,1,0,1,1,1,1,1,5,7,1
46475,0:2:2;1:2:1;1:2:1;1:2:2,5,5,1,1,1,0,1,1,1,1,1,5,7,1
46476,0:2:2;1:2:1;1:2:1;1:3:2,0,0,0,0,0,1,0,0,0,0,0,0,1,24
46477,0:2:2;1:2:1;1:2:1;1:3:2,0,1,0,0,0,1,0,0,0,0,0,0,2,24
46478,0:2:2;1:2:1;1:2:1;1:3:2,0,2,0,0,0,1,0,0,0,0,0,0,10,24
46479,0:2:2;1:2:1;1:2:1;1:3:2,0,3,0,0,0,1,0,0,0,0,0,0,10,24
46480,0:2:2;1:2:1;1:2:1;1:3:2,0,4,0,0,0,1,0,0,0,0,0,0,10,24
46481,0:2:2;1:2:1;1:2:1;1:3:2,0,5,0,0,0,1,0,0,0,0,0,0,10,24
46482,0:2:2;1:2:1;1:2:1;1:3:2,1,0,0,0,0,1,0,0,0,0,0,0,14,24
46483,0:2:2;1:2:1;1:2:1;1:3:2,1,1,0,0,0,1,0,0,0,0,0,0,16,24
46484,0:2:2;1:2:1;1:2:1;1:3:2,1,2,0,0,0,1,0,0,0,0,0,0,19,24
46485,0:2:2;1:2:1;1:2:1;1:3:2,1,3,0,0,0,1,0,0,0,0,0,0,19,24
46486,0:2:2;1:2:1;1:2:1;1:3:2,1,4,0,0,0,1,0,0,0,0,0,0,19,24
46487,0:2:2;1:2:1;1:2:1;1:3:2,1,5,0,0,0,1,0,0,0,0,0,0,19,24
46488,0:2:2;1:2:1;1:2:1;1:3:2,2,0,1,1,0,0,1,1,1,1,1,5,7,7
46489,0:2:2;1:2:1;1:2:1;1:3:2,2,1,1,1,1,0,1,1,1,1,1,5,7,7
46490,0:2:2;1:2:1;1:2:1;1:3:2,2,2,1,1,1,0,1,1,1,1,1,5,7,1
46491,0:2:2;1:2:1;1:2:1;1:3:2,2,3,1,1,1,0,1,1,1,1,1,5,7,1
46492,0:2:2;1:2:1;1:2:1;1:3:2,2,4,1,1,1,0,1,1,1,1,1,5,7,1
46493,0:2:2;1:2:1;1:2:1;1:3:2,2,5,1,1,1,0,1,1,1,1,1,5,7,1
46494,0:2:2;1:2:1;1:2:1;1:3:2,3,0,1,1,1,0,1,1,1,1,1,5,7,7
46495,0:2:2;1:2:1;1:2:1;1:3:2,3,1,1,1,1,0,1,1,1,1,1,5,7,7
46496,0:2:2;1:2:1;1:2:1;1:3:2,3,2,1,1,1,0,1,1,1,1,1,5,7,1
46497,0:2:2;1:2:1;1:2:1;1:3:2,3,3,1,1,1,0,1,1,1,1,1,5,7,1
46498,0:2:2;1:2:1;1:2:1;1:3:2,3,4,1,1,1,0,1,1,1,1,1,5,7,1
46499,0:2:2;1:2:1;1:2:1;1:3:2,3,5,1,1,1,0,1,1,1,1,1,5,7,1
46500,0:2:2;1:2:1;1:2:1;1:3:2,4,0,1,1,1,0,1,1,1,1,1,5,7,7
46501,0:2:2;1:2:1;1:2:1;1:3:2,4,1,1,1,1,0,1,1,1,1,1,5,7,7
46502,0:2:2;1:2:1;1:2:1;1:3:2,4,2,1,1,1,0,1,1,1,1,1,5,7,1
46503,0:2:2;1:2:1;1:2:1;1:3:2,4,3,1,1,1,0,1,1,1,1,1,5,7,1
46504,0:2:2;1:2:1;1:2:1;1:3:2,4,4,1,1,1,0,1,1,1,1,1,5,7,1
46505,0:2:2;1:2:1;1:2:1;1:3:2,4,5,1,1,1,0,1,1,1,1,1,5,7,1
46506,0:2:2;1:2:1;1:2:1;1:3:2,5,0,1,1,1,0,1,1,1,1,1,5,7,7
46507,0:2:2;1:2:1;1:2:1;1:3:2,5,1,1,1,1,0,1,1,1,1,1,5,7,7
46508,0:2:2;1:2:1;1:2:1;1:3:2,5,2,1,1,1,0,1,1,1,1,1,5,7,1
46509,0:2:2;1:2:1;1:2:1;1:3:2,5,3,1,1,1,0,1,1,1,1,1,5,7,1
46510,0:2:2;1:2:1;1:2:1;1:3:2,5,4,1,1,1,0,1,1,1,1,1,5,7,1
46511,0:2:2;1:2:1;1:2:1;1:3:2,5,5,1,1,1,0,1,1,1,1,1,5,7,1
46512,0:2:2;1:2:1;1:2:1;1:3:3,0,0,0,0,0,1,0,0,0,0,0,0,1,24
46513,0:2:2;1:2:1;1:2:1;1:3:3,0,1,0,0,0,1,0,0,0,0,0,0,2,24
46514,0:2:2;1:2:1;1:2:1;1:3:3,0,2,0,0,0,1,0,0,0,0,0,0,10,24
46515,0:2:2;1:2:1;1:2:1;1:3:3,0,3,0,0,0,1,0,0,0,0,0,0,10,24
46516,0:2:2;1:2:1;1:2:1;1:3:3,0,4,0,0,0,1,0,0,0,0,0,0,10,24
46517,0:2:2;1:2:1;1:2:1;1:3:3,0,5,0,0,0,1,0,0,0,0,0,0,10,24
46518,0:2:2;1:2:1;1:2:1;1:3:3,1,0,0,0,0,1,0,0,0,0,0,0,14,24
46519,0:2:2;1:2:1;1:2:1;1:3:3,1,1,0,0,0,1,0,0,0,0,0,0,16,24
46520,0:2:2;1:2:1;1:2:1;1:3:3,1,2,0,0,0,1,0,0,0,0,0,0,20,24
46521,0:2:2;1:2:1;1:2:1;1:3:3,1,3,0,0,0,1,0,0,0,0,0,0,20,24
46522,0:2:2;1:2:1;1:2:1;1:3:3,1,4,0,0,0,1,0,0,0,0,0,0,20,24
46523,0:2:2;1:2:1;1:2:1;1:3:3,1,5,0,0,0,1,0,0,0,0,0,0,20,24
46524,0:2:2;1:2:1;1:2:1;1:3:3,2,0,0,0,0,1,0,0,0,0,0,0,24,24
46525,0:2:2;1:2:1;1:2:1;1:3:3,2,1,0,0,0,1,0,0,0,0,0,0,27,24
46526,0:2:2;1:2:1;1:2:1;1:3:3,2,2,0,0,0,1,0,0,0,0,0,0,31,24
46527,0:2:2;1:2:1;1:2:1;1:3:3,2,3,0,0,0,1,0,0,0,0,0,0,31,24
46528,0:2:2;1:2:1;1:2:1;1:3:3,2,4,0,0,0,1,0,0,0,0,0,0,31,24
46529,0:2:2;1:2:1;1:2:1;1:3:3,2,5,0,0,0,1,0,0,0,0,0,0,31,24
46530,0:2:2;1:2:1;1:2:1;1:3:3,3,0,1,1,0,0,1,1,1,1,1,5,8,7
46531,0:2:2;1:2:1;1:2:1;1:3:3,3,1,1,1,1,0,1,1,1,1,1,5,8,7
46532,0:2:2;1:2:1;1:2:1;1:3:3,3,2,1,1,1,0,1,1,1,1,1,5,8,1
46533,0:2:2;1:2:1;1:2:1;1:3:3,3,3,1,1,1,0,1,1,1,1,1,5,8,1
46534,0:2:2;1:2:1;1:2:1;1:3:3,3,4,1,1,1,0,1,1,1,1,1,5,8,1
46535,0:2:2;1:2:1;1:2:1;1:3:3,3,5,1,1,1,0,1,1,1,1,1,5,8,1
46536,0:2:2;1:2:1;1:2:1;1:3:3,4,0,1,1,1,0,1,1,1,1,1,5,8,7
46537,0:2:2;1:2:1;1:2:1;1:3:3,4,1,1,1,1,0,1,1,1,1,1,5,8,7
46538,0:2:2;1:2:1;1:2:1;1:3:3,4,2,1,1,1,0,1,1,1,1,1,5,8,1
46539,0:2:2;1:2:1;1:2:1;1:3:3,4,3,1,1,1,0,1,1,1,1,1,5,8,1
46540,0:2:2;1:2:1;1:2:1;1:3:3,4,4,1,1,1,0,1,1,1,1,1,5,8,1
46541,0:2:2;1:2:1;1:2:1;1:3:3,4,5,1,1,1,0,1,1,1,1,1,5,8,1
46542,0:2:2;1:2:1;1:2:1;1:3:3,5,0,1,1,1,0,1,1,1,1,1,5,8,7
46543,0:2:2;1:2:1;1:2:1;1:3:3,5,1,1,1,1,0,1,1,1,1,1,5,8,7
46544,0:2:2;1:2:1;1:2:1;1:3:3,5,2,1,1,1,0,1,1,1,1,1,5,8,1
46545,0:2:2;1:2:1;1:2:1;1:3:3,5,3,1,1,1,0,1,1,1,1,1,5,8,1
46546,0:2:2;1:2:1;1:2:1;1:3:3,5,4,1,1,1,0,1,1,1,1,1,5,8,1
46547,0:2:2;1:2:1;1:2:1;1:3:3,5,5,1,1,1,0,1,1,1,1,1,5,8,1
46548,0:2:2;1:2:1;1:2:1;1:4:3,0,0,0,0,0,1,0,0,0,0,0,0,1,24
46549,0:2:2;1:2:1;1:2:1;1:4:3,0,1,0,0,0,1,0,0,0,0,0,0,2,24
46550,0:2:2;1:2:1;1:2:1;1:4:3,0,2,0,0,0,1,0,0,0,0,0,0,10,24
46551,0:2:2;1:2:1;1:2:1;1:4:3,0,3,0,0,0,1,0,0,0,0,0,0,10,24
46552,0:2:2;1:2:1;1:2:1;1:4:3,0,4,0,0,0,1,0,0,0,0,0,0,10,24
46553,0:2:2;1:2:1;1:2:1;1:4:3,0,5,0,0,0,1,0,0,0,0,0,0,10,24
46554,0:2:2;1:2:1;1:2:1;1:4:3,1,0,0,0,0,1,0,0,0,0,0,0,14,24
46555,0:2:2;1:2:1;1:2:1;1:4:3,1,1,0,0,0,1,0,0,0,0,0,0,16,24
46556,0:2:2;1:2:1;1:2:1;1:4:3,1,2,0,0,0,1,0,0,0,0,0,0,20,24
46557,0:2:2;1:2:1;1:2:1;1:4:3,1,3,0,0,0,1,0,0,0,0,0,0,20,24
46558,0:2:2;1:2:1;1:2:1;1:4:3,1,4,0,0,0,1,0,0,0,0,0,0,20,24
46559,0:2:2;1:2:1;1:2:1;1:4:3,1,5,0,0,0,1,0,0,0,0,0,0,20,24
46560,0:2:2;1:2:1;1:2:1;1:4:3,2,0,0,0,0,1,0,0,0,0,0,0,24,24
46561,0:2:2;1:2:1;1:2:1;1:4:3,2,1,0,0,0,1,0,0,0,0,0,0,27,24
46562,0:2:2;1:2:1;1:2:1;1:4:3,2,2,0,0,0,1,0,0,0,0,0,0,31,24
46563,0:2:2;1:2:1;1:2:1;1:4:3,2,3,0,0,0,1,0,0,0,0,0,0,31,24
46564,0:2:2;1:2:1;1:2:1;1:4:3,2,4,0,0,0,1,0,0,0,0,0,0,31,24
46565,0:2:2;1:2:1;1:2:1;1:4:3,2,5,0,0,0,1,0,0,0,0,0,0,31,24
46566,0:2:2;1:2:1;1:2:1;1:4:3,3,0,1,1,0,0,1,1,1,1,1,5,8,7
46567,0:2:2;1:2:1;1:2:1;1:4:3,3,1,1,1,1,0,1,1,1,1,1,5,8,7
46568,0:2:2;1:2:1;1:2:1;1:4:3,3,2,1,1,1,0,1,1,1,1,1,5,8,1
46569,0:2:2;1:2:1;1:2:1;1:4:3,3,3,1,1,1,0,1,1,1,1,1,5,8,1
46570,0:2:2;1:2:1;1:2:1;1:4:3,3,4,1,1,1,0,1,1,1,1,1,5,8,1
46571,0:2:2;1:2:1;1:2:1;1:4:3,3,5,1,1,1,0,1,1,1,1,1,5,8,1
46572,0:2:2;1:2:1;1:2:1;1:4:3,4,0,1,1,1,0,1,1,1,1,1,5,8,7
46573,0:2:2;1:2:1;1:2:1;1:4:3,4,1,1,1,1,0,1,1,1,1,1,5,8,7
46574,0:2:2;1:2:1;1:2:1;1:4:3,4,2,1,1,1,0,1,1,1,1,1,5,8,1
46575,0:2:2;1:2:1;1:2:1;1:4:3,4,3,1,1,1,0,1,1,1,1,1,5,8,1
46576,0:2:2;1:2:1;1:2:1;1:4:3,4,4,1,1,1,0,1,1,1,1,1,5,8,1
46577,0:2:2;1:2:1;1:2:1;1:4:3,4,5,1,1,1,0,1,1,1,1,1,5,8,1
46578,0:2:2;1:2:1;1:2:1;1:4:3,5,0,1,1,1,0,1,1,1,1,1,5,8,7
46579,0:2:2;1:2:1;1:2:1;1:4:3,5,1,1,1,1,0,1,1,1,1,1,5,8,7
46580,0:2:2;1:2:1;1:2:1;1:4:3,5,2,1,1,1,0,1,1,1,1,1,5,8,1
46581,0:2:2;1:2:1;1:2:1;1:4:3,5,3,1,1,1,0,1,1,1,1,1,5,8,1
46582,0:2:2;1:2:1;1:2:1;1:4:3,5,4,1,1,1,0,1,1,1,1,1,5,8,1
46583,0:2:2;1:2:1;1:2:1;1:4:3,5,5,1,1,1,0,1,1,1,1,1,5,8,1
46584,0:2:2;1:2:1;1:2:2;1:2:2,0,0,0,0,0,1,0,0,0,0,0,0,1,24
46585,0:2:2;1:2:1;1:2:2;1:2:2,0,1,0,0,0,1,0,0,0,0,0,0,2,24
46586,0:2:2;1:2:1;1:2:2;1:2:2,0,2,0,0,0,1,0,0,0,0,0,0,11,24
46587,0:2:2;1:2:1;1:2:2;1:2:2,0,3,0,0,0,1,0,0,0,0,0,0,11,24
46588,0:2:2;1:2:1;1:2:2;1:2:2,0,4,0,0,0,1,0,0,0,0,0,0,11,24
46589,0:2:2;1:2:1;1:2:2;1:2:2,0,5,0,0,0,1,0,0,0,0,0,0,11,24
46590,0:2:2;1:2:1;1:2:2;1:2:2,1,0,0,0,0,1,0,0,0,0,0,0,11,24
46591,0:2:2;1:2:1;1:2:2;1:2:2,1,1,0,0,0,1,0,0,0,0,0,0,14,24
46592,0:2:2;1:2:1;1:2:2;1:2:2,1,2,0,0,0,1,0,0,0,0,0,0,22,24
46593,0:2:2;1:2:1;1:2:2;1:2:2,1,3,0,0,0,1,0,0,0,0,0,0,22,24
46594,0:2:2;1:2:1;1:2:2;1:2:2,1,4,0,0,0,1,0,0,0,0,0,0,22,24
46595,0:2:2;1:2:1;1:2:2;1:2:2,1,5,0,0,0,1,0,0,0,0,0,0,22,24
46596,0:2:2;1:2:1;1:2:2;1:2:2,2,0,0,0,0,1,0,0,0,0,0,0,27,24
46597,0:2:2;1:2:1;1:2:2;1:2:2,2,1,0,0,0,1,0,0,0,0,0,0,31,24
46598,0:2:2;1:2:1;1:2:2;1:2:2,2,2,0,0,0,1,0,0,0,0,0,0,35,24
46599,0:2:2;1:2:1;1:2:2;1:2:2,2,3,0,0,0,1,0,0,0,0,0,0,35,24
46600,0:2:2;1:2:1;1:2:2;1:2:2,2,4,0,0,0,1,0,0,0,0,0,0,35,24
46601,0:2:2;1:2:1;1:2:2;1:2:2,2,5,0,0,0,1,0,0,0,0,0,0,35,24
46602,0:2:2;1:2:1;1:2:2;1:2:2,3,0,1,1,1,0,1,1,1,1,1,5,8,7
46603,0:2:2;1:2:1;1:2:2;1:2:2,3,1,1,1,1,0,1,1,1,1,1,5,8,7
46604,0:2:2;1:2:1;1:2:2;1:2:2,3,2,1,1,1,0,1,1,1,1,1,5,8,1
46605,0:2:2;1:2:1;1:2:2;1:2:2,3,3,1,1,1,0,1,1,1,1,1,5,8,1
46606,0:2:2;1:2:1;1:2:2;1:2:2,3,4,1,1,1,0,1,1,1,1,1,5,8,1
46607,0:2:2;1:2:1;1:2:2;1:2:2,3,5,1,1,1,0,1,1,1,1,1,5,8,1
46608,0:2:2;1:2:1;1:2:2;1:2:2,4,0,1,1,1,0,1,1,1,1,1,5,8,7
46609,0:2:2;1:2:1;1:2:2;1:2:2,4,1,1,1,1,0,1,1,1,1,1,5,8,7
46610,0:2:2;1:2:1;1:2:2;1:2:2,4,2,1,1,1,0,1,1,1,1,1,5,8,1
46611,0:2:2;1:2:1;1:2:2;1:2:2,4,3,1,1,1,0,1,1,1,1,1,5,8,1
46612,0:2:2;1:2:1;1:2:2;1:2:2,4,4,1,1,1,0,1,1,1,1,1,5,8,1
46613,0:2:2;1:2:1;1:2:2;1:2:2,4,5,1,1,1,0,1,1,1,1,1,5,8,1
46614,0:2:2;1:2:1;1:2:2;1:2:2,5,0,1,1,1,0,1,1,1,1,1,5,8,7
46615,0:2:2;1:2:1;1:2:2;1:2:2,5,1,1,1,1,0,1,1,1,1,1,5,8,7
46616,0:2:2;1:2:1;1:2:2;1:2:2,5,2,1,1,1,0,1,1,1,1,1,5,8,1
46617,0:2:2;1:2:1;1:2:2;1:2:2,5,3,1,1,1,0,1,1,1,1,1,5,8,1
46618,0:2:2;1:2:1;1:2:2;1:2:2,5,4,1,1,1,0,1,1,1,1,1,5,8,1
46619,0:2:2;1:2:1;1:2:2;1:2:2,5,5,1,1,1,0,1,1,1,1,1,5,8,1
46620,0:2:2;1:2:1;1:2:2;1:3:2,0,0,0,0,0,1,0,0,0,0,0,0,1,24
46621,0:2:2;1:2:1;1:2:2;1:3:2,0,1,0,0,0,1,0,0,0,0,0,0,2,24
46622,0:2:2;1:2:1;1:2:2;1:3:2,0,2,0,0,0,1,0,0,0,0,0,0,11,24
46623,0:2:2;1:2:1;1:2:2;1:3:2,0,3,0,0,0,1,0,0,0,0,0,0,11,24
46624,0:2:2;1:2:1;1:2:2;1:3:2,0,4,0,0,0,1,0,0,0,0,0,0,11,24
46625,0:2:2;1:2:1;1:2:2;1:3:2,0,5,0,0,0,1,0,0,0,0,0,0,11,24
46626,0:2:2;1:2:1;1:2:2;1:3:2,1,0,0,0,0,1,0,0,0,0,0,0,11,24
46627,0:2:2;1:2:1;1:2:2;1:3:2,1,1,0,0,0,1,0,0,0,0,0,0,14,24
46628,0:2:2;1:2:1;1:2:2;1:3:2,1,2,0,0,0,1,0,0,0,0,0,0,22,24
46629,0:2:2;1:2:1;1:2:2;1:3:2,1,3,0,0,0,1,0,0,0,0,0,0,22,24
46630,0:2:2;1:2:1;1:2:2;1:3:2,1,4,0,0,0,1,0,0,0,0,0,0,22,24
46631,0:2:2;1:2:1;1:2:2;1:3:2,1,5,0,0,0,1,0,0,0,0,0,0,22,24
46632,0:2:2;1:2:1;1:2:2;1:3:2,2,0,0,0,0,1,0,0,0,0,0,0,27,24
46633,0:2:2;1:2:1;1:2:2;1:3:2,2,1,0,0,0,1,0,0,0,0,0,0,31,24
46634,0:2:2;1:2:1;1:2:2;1:3:2,2,2,0,0,0,1,0,0,0,0,0,0,35,24
46635,0:2:2;1:2:1;1:2:2;1:3:2,2,3,0,0,0,1,0,0,0,0,0,0,35,24
46636,0:2:2;1:2:1;1:2:2;1:3:2,2,4,0,0,0,1,0,0,0,0,0,0,35,24
46637,0:2:2;1:2:1;1:2:2;1:3:2,2,5,0,0,0,1,0,0,0,0,0,0,35,24
46638,0:2:2;1:2:1;1:2:2;1:3:2,3,0,1,1,1,0,1,1,1,1,1,5,8,7
46639,0:2:2;1:2:1;1:2:2;1:3:2,3,1,1,1,1,0,1,1,1,1,1,5,8,7
46640,0:2:2;1:2:1;1:2:2;1:3:2,3,2,1,1,1,0,1,1,1,1,1,5,8,1
46641,0:2:2;1:2:1;1:2:2;1:3:2,3,3,1,1,1,0,1,1,1,1,1,5,8,1
46642,0:2:2;1:2:1;1:2:2;1:3:2,3,4,1,1,1,0,1,1,1,1,1,5,8,1
46643,0:2:2;1:2:1;1:2:2;1:3:2,3,5,1,1,1,0,1,1,1,1,1,5,8,1
46644,0:2:2;1:2:1;1:2:2;1:3:2,4,0,1,1,1,0,1,1,1,1,1,5,8,7
46645,0:2:2;1:2:1;1:2:2;1:3:2,4,1,1,1,1,0,1,1,1,1,1,5,8,7
46646,0:2:2;1:2:1;1:2:2;1:3:2,4,2,1,1,1,0,1,1,1,1,1,5,8,1
46647,0:2:2;1:2:1;1:2:2;1:3:2,4,3,1,1,1,0,1,1,1,1,1,5,8,1
46648,0:2:2;1:2:1;1:2:2;1:3:2,4,4,1,1,1,0,1,1,1,1,1,5,8,1
46649,0:2:2;1:2:1;1:2:2;1:3:2,4,5,1,1,1,0,1,1,1,1,1,5,8,1
46650,0:2:2;1:2:1;1:2:2;1:3:2,5,0,1,1,1,0,1,1,1,1,1,5,8,7
46651,0:2:2;1:2:1;1:2:2;1:3:2,5,1,1,1,1,0,1,1,1,1,1,5,8,7
46652,0:2:2;1:2:1;1:2:2;1:3:2,5,2,1,1,1,0,1,1,1,1,1,5,8,1
46653,0:2:2;1:2:1;1:2:2;1:3:2,5,3,1,1,1,0,1,1,1,1,1,5,8,1
46654,0:2:2;1:2:1;1:2:2;1:3:2,5,4,1,1,1,0,1,1,1,1,1,5,8,1
46655,0:2:2;1:2:1;1:2:2;1:3:2,5,5,1,1,1,0,1,1,1,1,1,5,8,1
46656,0:2:2;1:2:1;1:2:2;1:3:3,0,0,0,0,0,1,0,0,0,0,0,0,1,24
46657,0:2:2;1:2:1;1:2:2;1:3:3,0,1,0,0,0,1,0,0,0,0,0,0,2,24
46658,0:2:2;1:2:1;1:2:2;1:3:3,0,2,0,0,0,1,0,0,0,0,0,0,11,24
46659,0:2:2;1:2:1;1:2:2;1:3:3,0,3,0,0,0,1,0,0,0,0,0,0,11,24
46660,0:2:2;1:2:1;1:2:2;1:3:3,0,4,0,0,0,1,0,0,0,0,0,0,11,24
46661,0:2:2;1:2:1;1:2:2;1:3:3,0,5,0,0,0,1,0,0,0,0,0,0,11,24
46662,0:2:2;1:2:1;1:2:2;1:3:3,1,0,0,0,0,1,0,0,0,0,0,0,11,24
46663,0:2:2;1:2:1;1:2:2;1:3:3,1,1,0,0,0,1,0,0,0,0,0,0,14,24
46664,0:2:2;1:2:1;1:2:2;1:3:3,1,2,0,0,0,1,0,0,0,0,0,0,23,24
46665,0:2:2;1:2:1;1:2:2;1:3:3,1,3,0,0,0,1,0,0,0,0,0,0,23,24
46666,0:2:2;1:2:1;1:2:2;1:3:3,1,4,0,0,0,1,0,0,0,0,0,0,23,24
46667,0:2:2;1:2:1;1:2:2;1:3:3,1,5,0,0,0,1,0,0,0,0,0,0,23,24
46668,0:2:2;1:2:1;1:2:2;1:3:3,2,0,0,0,0,1,0,0,0,0,0,0,25,24
46669,0:2:2;1:2:1;1:2:2;1:3:3,2,1,0,0,0,1,0,0,0,0,0,0,30,24
46670,0:2:2;1:2:1;1:2:2;1:3:3,2,2,0,0,0,1,0,0,0,0,0,0,38,24
46671,0:2:2;1:2:1;1:2:2;1:3:3,2,3,0,0,0,1,0,0,0,0,0,0,38,24
46672,0:2:2;1:2:1;1:2:2;1:3:3,2,4,0,0,0,1,0,0,0,0,0,0,38,24
46673,0:2:2;1:2:1;1:2:2;1:3:3,2,5,0,0,0,1,0,0,0,0,0,0,38,24
46674,0:2:2;1:2:1;1:2:2;1:3:3,3,0,0,0,0,1,0,0,0,0,0,0,41,24
46675,0:2:2;1:2:1;1:2:2;1:3:3,3,1,0,0,0,1,0,0,0,0,0,0,47,24
46676,0:2:2;1:2:1;1:2:2;1:3:3,3,2,0,0,0,1,0,0,0,0,0,0,53,24
46677,0:2:2;1:2:1;1:2:2;1:3:3,3,3,0,0,0,1,0,0,0,0,0,0,53,24
46678,0:2:2;1:2:1;1:2:2;1:3:3,3,4,0,0,0,1,0,0,0,0,0,0,53,24
46679,0:2:2;1:2:1;1:2:2;1:3:3,3,5,0,0,0,1,0,0,0,0,0,0,53,24
46680,0:2:2;1:2:1;1:2:2;1:3:3,4,0,1,1,1,0,1,1,1,1,1,5,9,7
46681,0:2:2;1:2:1;1:2:2;1:3:3,4,1,1,1,1,0,1,1,1,1,1,5,9,7
46682,0:2:2;1:2:1;1:2:2;1:3:3,4,2,1,1,1,0,1,1,1,1,1,5,9,1
46683,0:2:2;1:2:1;1:2:2;1:3:3,4,3,1,1,1,0,1,1,1,1,1,5,9,1
46684,0:2:2;1:2:1;1:2:2;1:3:3,4,4,1,1,1,0,1,1,1,1,1,5,9,1
46685,0:2:2;1:2:1;1:2:2;1:3:3,4,5,1,1,1,0,1,1,1,1,1,5,9,1
46686,0:2:2;1:2:1;1:2:2;1:3:3,5,0,1,1,1,0,1,1,1,1,1,5,9,7
46687,0:2:2;1:2:1;1:2:2;1:3:3,5,1,1,1,1,0,1,1,1,1,1,5,9,7
46688,0:2:2;1:2:1;1:2:2;1:3:3,5,2,1,1,1,0,1,1,1,1,1,5,9,1
46689,0:2:2;1:2:1;1:2:2;1:3:3,5,3,1,1,1,0,1,1,1,1,1,5,9,1
46690,0:2:2;1:2:1;1:2:2;1:3:3,5,4,1,1,1,0,1,1,1,1,1,5,9,1
46691,0:2:2;1:2:1;1:2:2;1:3:3,5,5,1,1,1,0,1,1,1,1,1,5,9,1
46692,0:2:2;1:2:1;1:2:2;1:4:3,0,0,0,0,0,1,0,0,0,0,0,0,1,24
46693,0:2:2;1:2:1;1:2:2;1:4:3,0,1,0,0,0,1,0,0,0,0,0,0,2,24
46694,0:2:2;1:2:1;1:2:2;1:4:3,0,2,0,0,0,1,0,0,0,0,0,0,11,24
46695,0:2:2;1:2:1;1:2:2;1:4:3,0,3,0,0,0,1,0,0,0,0,0,0,11,24
46696,0:2:2;1:2:1;1:2:2;1:4:3,0,4,0,0,0,1,0,0,0,0,0,0,11,24
46697,0:2:2;1:2:1;1:2:2;1:4:3,0,5,0,0,0,1,0,0,0,0,0,0,11,24
46698,0:2:2;1:2:1;1:2:2;1:4:3,1,0,0,0,0,1,0,0,0,0,0,0,11,24
46699,0:2:2;1:2:1;1:2:2;1:4:3,1,1,0,0,0,1,0,0,0,0,0,0,14,24
46700,0:2:2;1:2:1;1:2:2;1:4:3,1,2,0,0,0,1,0,0,0,0,0,0,23,24
46701,0:2:2;1:2:1;1:2:2;1:4:3,1,3,0,0,0,1,0,0,0,0,0,0,23,24
46702,0:2:2;1:2:1;1:2:2;1:4:3,1,4,0,0,0,1,0,0,0,0,0,0,23,24
46703,0:2:2;1:2:1;1:2:2;1:4:3,1,5,0,0,0,1,0,0,0,0,0,0,23,24
46704,0:2:2;1:2:1;1:2:2;1:4:3,2,0,0,0,0,1,0,0,0,0,0,0,25,24
46705,0:2:2;1:2:1;1:2:2;1:4:3,2,1,0,0,0,1,0,0,0,0,0,0,30,24
46706,0:2:2;1:2:1;1:2:2;1:4:3,2,2,0,0,0,1,0,0,0,0,0,0,38,24
46707,0:2:2;1:2:1;1:2:2;1:4:3,2,3,0,0,0,1,0,0,0,0,0,0,38,24
46708,0:2:2;1:2:1;1:2:2;1:4:3,2,4,0,0,0,1,0,0,0,0,0,0,38,24
46709,0:2:2;1:2:1;1:2:2;1:4:3,2,5,0,0,0,1,0,0,0,0,0,0,38,24
46710,0:2:2;1:2:1;1:2:2;1:4:3,3,0,0,0,0,1,0,0,0,0,0,0,41,24
46711,0:2:2;1:2:1;1:2:2;1:4:3,3,1,0,0,0,1,0,0,0,0,0,0,47,24
46712,0:2:2;1:2:1;1:2:2;1:4:3,3,2,0,0,0,1,0,0,0,0,0,0,53,24
46713,0:2:2;1:2:1;1:2:2;1:4:3,3,3,0,0,0,1,0,0,0,0,0,0,53,24
46714,0:2:2;1:2:1;1:2:2;1:4:3,3,4,0,0,0,1,0,0,0,0,0,0,53,24
46715,0:2:2;1:2:1;1:2:2;1:4:3,3,5,0,0,0,1,0,0,0,0,0,0,53,24
46716,0:2:2;1:2:1;1:2:2;1:4:3,4,0,1,1,1,0,1,1,1,1,1,5,9,7
46717,0:2:2;1:2:1;1:2:2;1:4:3,4,1,1,1,1,0,1,1,1,1,1,5,9,7
46718,0:2:2;1:2:1;1:2:2;1:4:3,4,2,1,1,1,0,1,1,1,1,1,5,9,1
46719,0:2:2;1:2:1;1:2:2;1:4:3,4,3,1,1,1,0,1,1,1,1,1,5,9,1
46720,0:2:2;1:2:1;1:2:2;1:4:3,4,4,1,1,1,0,1,1,1,1,1,5,9,1
46721,0:2:2;1:2:1;1:2:2;1:4:3,4,5,1,1,1,0,1,1,1,1,1,5,9,1
46722,0:2:2;1:2:1;1:2:2;1:4:3,5,0,1,1,1,0,1,1,1,1,1,5,9,7
46723,0:2:2;1:2:1;1:2:2;1:4:3,5,1,1,1,1,0,1,1,1,1,1,5,9,7
46724,0:2:2;1:2:1;1:2:2;1:4:3,5,2,1,1,1,0,1,1,1,1,1,5,9,1
46725,0:2:2;1:2:1;1:2:2;1:4:3,5,3,1,1,1,0,1,1,1,1,1,5,9,1
46726,0:2:2;1:2:1;1:2:2;1:4:3,5,4,1,1,1,0,1,1,1,1,1,5,9,1
46727,0:2:2;1:2:1;1:2:2;1:4:3,5,5,1,1,1,0,1,1,1,1,1,5,9,1
46728,0:2:2;1:2:1;1:3:2;1:3:2,0,0,0,0,0,1,0,0,0,0,0,0,1,24
46729,0:2:2;1:2:1;1:3:2;1:3:2,0,1,0,0,0,1,0,0,0,0,0,0,2,24
46730,0:2:2;1:2:1;1:3:2;1:3:2,0,2,0,0,0,1,0,0,0,0,0,0,11,24
46731,0:2:2;1:2:1;1:3:2;1:3:2,0,3,0,0,0,1,0,0,0,0,0,0,11,24
46732,0:2:2;1:2:1;1:3:2;1:3:2,0,4,0,0,0,1,0,0,0,0,0,0,11,24
46733,0:2:2;1:2:1;1:3:2;1:3:2,0,5,0,0,0,1,0,0,0,0,0,0,11,24
46734,0:2:2;1:2:1;1:3:2;1:3:2,1,0,0,0,0,1,0,0,0,0,0,0,11,24
46735,0:2:2;1:2:1;1:3:2;1:3:2,1,1,0,0,0,1,0,0,0,0,0,0,14,24
46736,0:2:2;1:2:1;1:3:2;1:3:2,1,2,0,0,0,1,0,0,0,0,0,0,22,24
46737,0:2:2;1:2:1;1:3:2;1:3:2,1,3,0,0,0,1,0,0,0,0,0,0,22,24
46738,0:2:2;1:2:1;1:3:2;1:3:2,1,4,0,0,0,1,0,0,0,0,0,0,22,24
46739,0:2:2;1:2:1;1:3:2;1:3:2,1,5,0,0,0,1,0,0,0,0,0,0,22,24
46740,0:2:2;1:2:1;1:3:2;1:3:2,2,0,0,0,0,1,0,0,0,0,0,0,27,24
46741,0:2:2;1:2:1;1:3:2;1:3:2,2,1,0,0,0,1,0,0,0,0,0,0,31,24
46742,0:2:2;1:2:1;1:3:2;1:3:2,2,2,0,0,0,1,0,0,0,0,0,0,35,24
46743,0:2:2;1:2:1;1:3:2;1:3:2,2,3,0,0,0,1,0,0,0,0,0,0,35,24
46744,0:2:2;1:2:1;1:3:2;1:3:2,2,4,0,0,0,1,0,0,0,0,0,0,35,24
46745,0:2:2;1:2:1;1:3:2;1:3:2,2,5,0,0,0,1,0,0,0,0,0,0,35,24
46746,0:2:2;1:2:1;1:3:2;1:3:2,3,0,1,1,1,0,1,1,1,1,1,5,8,7
46747,0:2:2;1:2:1;1:3:2;1:3:2,3,1,1,1,1,0,1,1,1,1,1,5,8,7
46748,0:2:2;1:2:1;1:3:2;1:3:2,3,2,1,1,1,0,1,1,1,1,1,5,8,1
46749,0:2:2;1:2:1;1:3:2;1:3:2,3,3,1,1,1,0,1,1,1,1,1,5,8,1
46750,0:2:2;1:2:1;1:3:2;1:3:2,3,4,1,1,1,0,1,1,1,1,1,5,8,1
46751,0:2:2;1:2:1;1:3:2;1:3:2,3,5,1,1,1,0,1,1,1,1,1,5,8,1
46752,0:2:2;1:2:1;1:3:2;1:3:2,4,0,1,1,1,0,1,1,1,1,1,5,8,7
46753,0:2:2;1:2:1;1:3:2;1:3:2,4,1,1,1,1,0,1,1,1,1,1,5,8,7
46754,0:2:2;1:2:1;1:3:2;1:3:2,4,2,1,1,1,0,1,1,1,1,1,5,8,1
46755,0:2:2;1:2:1;1:3:2;1:3:2,4,3,1,1,1,0,1,1,1,1,1,5,8,1
46756,0:2:2;1:2:1;1:3:2;1:3:2,4,4,1,1,1,0,1,1,1,1,1,5,8,1
46757,0:2:2;1:2:1;1:3:2;1:3:2,4,5,1,1,1,0,1,1,1,1,1,5,8,1
46758,0:2:2;1:2:1;1:3:2;1:3:2,5,0,1,1,1,0,1,1,1,1,1,5,8,7
46759,0:2:2;1:2:1;1:3:2;1:3:2,5,1,1,1,1,0,1,1,1,1,1,5,8,7
46760,0:2:2;1:2:1;1:3:2;1:3:2,5,2,1,1,1,0,1,1,1,1,1,5,8,1
46761,0:2:2;1:2:1;1:3:2;1:3:2,5,3,1,1,1,0,1,1,1,1,1,5,8,1
46762,0:2:2;1:2:1;1:3:2;1:3:2,5,4,1,1,1,0,1,1,1,1,1,5,8,1
46763,0:2:2;1:2:1;1:3:2;1:3:2,5,5,1,1,1,0,1,1,1,1,1,5,8,1
46764,0:2:2;1:2:1;1:3:2;1:3:3,0,0,0,0,0,1,0,0,0,0,0,0,1,24
46765,0:2:2;1:2:1;1:3:2;1:3:3,0,1,0,0,0,1,0,0,0,0,0,0,2,24
46766,0:2:2;1:2:1;1:3:2;1:3:3,0,2,0,0,0,1,0,0,0,0,0,0,11,24
46767,0:2:2;1:2:1;1:3:2;1:3:3,0,3,0,0,0,1,0,0,0,0,0,0,11,24
46768,0:2:2;1:2:1;1:3:2;1:3:3,0,4,0,0,0,1,0,0,0,0,0,0,11,24
46769,0:2:2;1:2:1;1:3:2;1:3:3,0,5,0,0,0,1,0,0,0,0,0,0,11,24
46770,0:2:2;1:2:1;1:3:2;1:3:3,1,0,0,0,0,1,0,0,0,0,0,0,11,24
46771,0:2:2;1:2:1;1:3:2;1:3:3,1,1,0,0,0,1,0,0,0,0,0,0,14,24
46772,0:2:2;1:2:1;1:3:2;1:3:3,1,2,0,0,0,1,0,0,0,0,0,0,23,24
46773,0:2:2;1:2:1;1:3:2;1:3:3,1,3,0,0,0,1,0,0,0,0,0,0,23,24
46774,0:2:2;1:2:1;1:3:2;1:3:3,1,4,0,0,0,1,0,0,0,0,0,0,23,24
46775,0:2:2;1:2:1;1:3:2;1:3:3,1,5,0,0,0,1,0,0,0,0,0,0,23,24
46776,0:2:2;1:2:1;1:3:2;1:3:3,2,0,0,0,0,1,0,0,0,0,0,0,25,24
46777,0:2:2;1:2:1;1:3:2;1:3:3,2,1,0,0,0,1,0,0,0,0,0,0,30,24
46778,0:2:2;1:2:1;1:3:2;1:3:3,2,2,0,0,0,1,0,0,0,0,0,0,38,24
46779,0:2:2;1:2:1;1:3:2;1:3:3,2,3,0,0,0,1,0,0,0,0,0,0,38,24
46780,0:2:2;1:2:1;1:3:2;1:3:3,2,4,0,0,0,1,0,0,0,0,0,0,38,24
46781,0:2:2;1:2:1;1:3:2;1:3:3,2,5,0,0,0,1,0,0,0,0,0,0,38,24
46782,0:2:2;1:2:1;1:3:2;1:3:3,3,0,0,0,0,1,0,0,0,0,0,0,41,24
46783,0:2:2;1:2:1;1:3:2;1:3:3,3,1,0,0,0,1,0,0,0,0,0,0,47,24
46784,0:2:2;1:2:1;1:3:2;1:3:3,3,2,0,0,0,1,0,0,0,0,0,0,53,24
46785,0:2:2;1:2:1;1:3:2;1:3:3,3,3,0,0,0,1,0,0,0,0,0,0,53,24
46786,0:2:2;1:2:1;1:3:2;1:3:3,3,4,0,0,0,1,0,0,0,0,0,0,53,24
46787,0:2:2;1:2:1;1:3:2;1:3:3,3,5,0,0,0,1,0,0,0,0,0,0,53,24
46788,0:2:2;1:2:1;1:3:2;1:3:3,4,0,1,1,1,0,1,1,1,1,1,5,9,7
46789,0:2:2;1:2:1;1:3:2;1:3:3,4,1,1,1,1,0,1,1,1,1,1,5,9,7
46790,0:2:2;1:2:1;1:3:2;1:3:3,4,2,1,1,1,0,1,1,1,1,1,5,9,1
46791,0:2:2;1:2:1;1:3:2;1:3:3,4,3,1,1,1,0,1,1,1,1,1,5,9,1
46792,0:2:2;1:2:1;1:3:2;1:3:3,4,4,1,1,1,0,1,1,1,1,1,5,9,1
46793,0:2:2;1:2:1;1:3:2;1:3:3,4,5,1,1,1,0,1,1,1,1,1,5,9,1
46794,0:2:2;1:2:1;1:3:2;1:3:3,5,0,1,1,1,0,1,1,1,1,1,5,9,7
46795,0:2:2;1:2:1;1:3:2;1:3:3,5,1,1,1,1,0,1,1,1,1,1,5,9,7
46796,0:2:2;1:2:1;1:3:2;1:3:3,5,2,1,1,1,0,1,1,1,1,1,5,9,1
46797,0:2:2;1:2:1;1:3:2;1:3:3,5,3,1,1,1,0,1,1,1,1,1,5,9,1
46798,0:2:2;1:2:1;1:3:2;1:3:3,5,4,1,1,1,0,1,1,1,1,1,5,9,1
46799,0:2:2;1:2:1;1:3:2;1:3:3,5,5,1,1,1,0,1,1,1,1,1,5,9,1
46800,0:2:2;1:2:1;1:3:2;1:4:3,0,0,0,0,0,1,0,0,0,0,0,0,1,24
46801,0:2:2;1:2:1;1:3:2;1:4:3,0,1,0,0,0,1,0,0,0,0,0,0,2,24
46802,0:2:2;1:2:1;1:3:2;1:4:3,0,2,0,0,0,1,0,0,0,0,0,0,11,24
46803,0:2:2;1:2:1;1:3:2;1:4:3,0,3,0,0,0,1,0,0,0,0,0,0,11,24
46804,0:2:2;1:2:1;1:3:2;1:4:3,0,4,0,0,0,1,0,0,0,0,0,0,11,24
46805,0:2:2;1:2:1;1:3:2;1:4:3,0,5,0,0,0,1,0,0,0,0,0,0,11,24
46806,0:2:2;1:2:1;1:3:2;1:4:3,1,0,0,0,0,1,0,0,0,0,0,0,11,24
46807,0:2:2;1:2:1;1:3:2;1:4:3,1,1,0,0,0,1,0,0,0,0,0,0,14,24
46808,0:2:2;1:2:1;1:3:2;1:4:3,1,2,0,0,0,1,0,0,0,0,0,0,23,24
46809,0:2:2;1:2:1;1:3:2;1:4:3,1,3,0,0,0,1,0,0,0,0,0,0,23,24
46810,0:2:2;1:2:1;1:3:2;1:4:3,1,4,0,0,0,1,0,0,0,0,0,0,23,24
46811,0:2:2;1:2:1;1:3:2;1:4:3,1,5,0,0,0,1,0,0,0,0,0,0,23,24
46812,0:2:2;1:2:1;1:3:2;1:4:3,2,0,0,0,0,1,0,0,0,0,0,0,25,24
46813,0:2:2;1:2:1;1:3:2;1:4:3,2,1,0,0,0,1,0,0,0,0,0,0,30,24
46814,0:2:2;1:2:1;1:3:2;1:4:3,2,2,0,0,0,1,0,0,0,0,0,0,38,24
46815,0:2:2;1:2:1;1:3:2;1:4:3,2,3,0,0,0,1,0,0,0,0,0,0,38,24
46816,0:2:2;1:2:1;1:3:2;1:4:3,2,4,0,0,0,1,0,0,0,0,0,0,38,24
46817,0:2:2;1:2:1;1:3:2;1:4:3,2,5,0,0,0,1,0,0,0,0,0,0,38,24
46818,0:2:2;1:2:1;1:3:2;1:4:3,3,0,0,0,0,1,0,0,0,0,0,0,41,24
46819,0:2:2;1:2:1;1:3:2;1:4:3,3,1,0,0,0,1,0,0,0,0,0,0,47,24
46820,0:2:2;1:2:1;1:3:2;1:4:3,3,2,0,0,0,1,0,0,0,0,0,0,53,24
46821,0:2:2;1:2:1;1:3:2;1:4:3,3,3,0,0,0,1,0,0,0,0,0,0,53,24
46822,0:2:2;1:2:1;1:3:2;1:4:3,3,4,0,0,0,1,0,0,0,0,0,0,53,24
46823,0:2:2;1:2:1;1:3:2;1:4:3,3,5,0,0,0,1,0,0,0,0,0,0,53,24
46824,0:2:2;1:2:1;1:3:2;1:4:3,4,0,1,1,1,0,1,1,1,1,1,5,9,7
46825,0:2:2;1:2:1;1:3:2;1:4:3,4,1,1,1,1,0,1,1,1,1,1,5,9,7
46826,0:2:2;1:2:1;1:3:2;1:4:3,4,2,1,1,1,0,1,1,1,1,1,5,9,1
46827,0:2:2;1:2:1;1:3:2;1:4:3,4,3,1,1,1,0,1,1,1,1,1,5,9,1
46828,0:2:2;1:2:1;1:3:2;1:4:3,4,4,1,1,1,0,1,1,1,1,1,5,9,1
46829,0:2:2;1:2:1;1:3:2;1:4:3,4,5,1,1,1,0,1,1,1,1,1,5,9,1
46830,0:2:2;1:2:1;1:3:2;1:4:3,5,0,1,1,1,0,1,1,1,1,1,5,9,7
46831,0:2:2;1:2:1;1:3:2;1:4:3,5,1,1,1,1,0,1,1,1,1,1,5,9,7
46832,0:2:2;1:2:1;1:3:2;1:4:3,5,2,1,1,1,0,1,1,1,1,1,5,9,1
46833,0:2:2;1:2:1;1:3:2;1:4:3,5,3,1,1,1,0,1,1,1,1,1,5,9,1
46834,0:2:2;1:2:1;1:3:2;1:4:3,5,4,1,1,1,0,1,1,1,1,1,5,9,1
46835,0:2:2;1:2:1;1:3:2;1:4:3,5,5,1,1,1,0,1,1,1,1,1,5,9,1
46836,0:2:2;1:2:1;1:3:3;1:3:3,0,0,0,0,0,1,0,0,0,0,0,0,1,24
46837,0:2:2;1:2:1;1:3:3;1:3:3,0,1,0,0,0,1,0,0,0,0,0,0,2,24
46838,0:2:2;1:2:1;1:3:3;1:3:3,0,2,0,0,0,1,0,0,0,0,0,0,11,24
46839,0:2:2;1:2:1;1:3:3;1:3:3,0,3,0,0,0,1,0,0,0,0,0,0,11,24
46840,0:2:2;1:2:1;1:3:3;1:3:3,0,4,0,0,0,1,0,0,0,0,0,0,11,24
46841,0:2:2;1:2:1;1:3:3;1:3:3,0,5,0,0,0,1,0,0,0,0,0,0,11,24
46842,0:2:2;1:2:1;1:3:3;1:3:3,1,0,0,0,0,1,0,0,0,0,0,0,11,24
46843,0:2:2;1:2:1;1:3:3;1:3:3,1,1,0,0,0,1,0,0,0,0,0,0,14,24
46844,0:2:2;1:2:1;1:3:3;1:3:3,1,2,0,0,0,1,0,0,0,0,0,0,24,24
46845,0:2:2;1:2:1;1:3:3;1:3:3,1,3,0,0,0,1,0,0,0,0,0,0,24,24
46846,0:2:2;1:2:1;1:3:3;1:3:3,1,4,0,0,0,1,0,0,0,0,0,0,24,24
46847,0:2:2;1:2:1;1:3:3;1:3:3,1,5,0,0,0,1,0,0,0,0,0,0,24,24
46848,0:2:2;1:2:1;1:3:3;1:3:3,2,0,0,0,0,1,0,0,0,0,0,0,22,24
46849,0:2:2;1:2:1;1:3:3;1:3:3,2,1,0,0,0,1,0,0,0,0,0,0,28,24
46850,0:2:2;1:2:1;1:3:3;1:3:3,2,2,0,0,0,1,0,0,0,0,0,0,41,24
46851,0:2:2;1:2:1;1:3:3;1:3:3,2,3,0,0,0,1,0,0,0,0,0,0,41,24
46852,0:2:2;1:2:1;1:3:3;1:3:3,2,4,0,0,0,1,0,0,0,0,0,0,41,24
46853,0:2:2;1:2:1;1:3:3;1:3:3,2,5,0,0,0,1,0,0,0,0,0,0,41,24
46854,0:2:2;1:2:1;1:3:3;1:3:3,3,0,0,0,0,1,0,0,0,0,0,0,43,24
46855,0:2:2;1:2:1;1:3:3;1:3:3,3,1,0,0,0,1,0,0,0,0,0,0,51,24
46856,0:2:2;1:2:1;1:3:3;1:3:3,3,2,0,0,0,1,0,0,0,0,0,0,60,24
46857,0:2:2;1:2:1;1:3:3;1:3:3,3,3,0,0,0,1,0,0,0,0,0,0,60,24
46858,0:2:2;1:2:1;1:3:3;1:3:3,3,4,0,0,0,1,0,0,0,0,0,0,60,24
46859,0:2:2;1:2:1;1:3:3;1:3:3,3,5,0,0,0,1,0,0,0,0,0,0,60,24
46860,0:2:2;1:2:1;1:3:3;1:3:3,4,0,0,0,0,1,0,0,0,0,0,0,59,24
46861,0:2:2;1:2:1;1:3:3;1:3:3,4,1,0,0,0,1,0,0,0,0,0,0,68,24
46862,0:2:2;1:2:1;1:3:3;1:3:3,4,2,0,0,0,1,0,0,0,0,0,0,77,24
46863,0:2:2;1:2:1;1:3:3;1:3:3,4,3,0,0,0,1,0,0,0,0,0,0,77,24
46864,0:2:2;1:2:1;1:3:3;1:3:3,4,4,0,0,0,1,0,0,0,0,0,0,77,24
46865,0:2:2;1:2:1;1:3:3;1:3:3,4,5,0,0,0,1,0,0,0,0,0,0,77,24
46866,0:2:2;1:2:1;1:3:3;1:3:3,5,0,1,1,1,0,1,1,1,1,1,5,10,7
46867,0:2:2;1:2:1;1:3:3;1:3:3,5,1,1,1,1,0,1,1,1,1,1,5,10,7
46868,0:2:2;1:2:1;1:3:3;1:3:3,5,2,1,1,1,0,1,1,1,1,1,5,10,1
46869,0:2:2;1:2:1;1:3:3;1:3:3,5,3,1,1,1,0,1,1,1,1,1,5,10,1
46870,0:2:2;1:2:1;1:3:3;1:3:3,5,4,1,1,1,0,1,1,1,1,1,5,10,1
46871,0:2:2;1:2:1;1:3:3;1:3:3,5,5,1,1,1,0,1,1,1,1,1,5,10,1
46872,0:2:2;1:2:1;1:3:3;1:4:3,0,0,0,0,0,1,0,0,0,0,0,0,1,24
46873,0:2:2;1:2:1;1:3:3;1:4:3,0,1,0,0,0,1,0,0,0,0,0,0,2,24
46874,0:2:2;1:2:1;1:3:3;1:4:3,0,2,0,0,0,1,0,0,0,0,0,0,11,24
46875,0:2:2;1:2:1;1:3:3;1:4:3,0,3,0,0,0,1,0,0,0,0,0,0,11,24
46876,0:2:2;1:2:1;1:3:3;1:4:3,0,4,0,0,0,1,0,0,0,0,0,0,11,24
46877,0:2:2;1:2:1;1:3:3;1:4:3,0,5,0,0,0,1,0,0,0,0,0,0,11,24
46878,0:2:2;1:2:1;1:3:3;1:4:3,1,0,0,0,0,1,0,0,0,0,0,0,11,24
46879,0:2:2;1:2:1;1:3:3;1:4:3,1,1,0,0,0,1,0,0,0,0,0,0,14,24
46880,0:2:2;1:2:1;1:3:3;1:4:3,1,2,0,0,0,1,0,0,0,0,0,0,24,24
46881,0:2:2;1:2:1;1:3:3;1:4:3,1,3,0,0,0,1,0,0,0,0,0,0,24,24
46882,0:2:2;1:2:1;1:3:3;1:4:3,1,4,0,0,0,1,0,0,0,0,0,0,24,24
46883,0:2:2;1:2:1;1:3:3;1:4:3,1,5,0,0,0,1,0,0,0,0,0,0,24,24
46884,0:2:2;1:2:1;1:3:3;1:4:3,2,0,0,0,0,1,0,0,0,0,0,0,22,24
46885,0:2:2;1:2:1;1:3:3;1:4:3,2,1,0,0,0,1,0,0,0,0,0,0,28,24
46886,0:2:2;1:2:1;1:3:3;1:4:3,2,2,0,0,0,1,0,0,0,0,0,0,41,24
46887,0:2:2;1:2:1;1:3:3;1:4:3,2,3,0,0,0,1,0,0,0,0,0,0,41,24
46888,0:2:2;1:2:1;1:3:3;1:4:3,2,4,0,0,0,1,0,0,0,0,0,0,41,24
46889,0:2:2;1:2:1;1:3:3;1:4:3,2,5,0,0,0,1,0,0,0,0,0,0,41,24
46890,0:2:2;1:2:1;1:3:3;1:4:3,3,0,0,0,0,1,0,0,0,0,0,0,43,24
46891,0:2:2;1:2:1;1:3:3;1:4:3,3,1,0,0,0,1,0,0,0,0,0,0,51,24
46892,0:2:2;1:2:1;1:3:3;1:4:3,3,2,0,0,0,1,0,0,0,0,0,0,60,24
46893,0:2:2;1:2:1;1:3:3;1:4:3,3,3,0,0,0,1,0,0,0,0,0,0,60,24
46894,0:2:2;1:2:1;1:3:3;1:4:3,3,4,0,0,0,1,0,0,0,0,0,0,60,24
46895,0:2:2;1:2:1;1:3:3;1:4:3,3,5,0,0,0,1,0,0,0,0,0,0,60,24
46896,0:2:2;1:2:1;1:3:3;1:4:3,4,0,0,0,0,1,0,0,0,0,0,0,59,24
46897,0:2:2;1:2:1;1:3:3;1:4:3,4,1,0,0,0,1,0,0,0,0,0,0,68,24
46898,0:2:2;1:2:1;1:3:3;1:4:3,4,2,0,0,0,1,0,0,0,0,0,0,77,24
46899,0:2:2;1:2:1;1:3:3;1:4:3,4,3,0,0,0,1,0,0,0,0,0,0,77,24
46900,0:2:2;1:2:1;1:3:3;1:4:3,4,4,0,0,0,1,0,0,0,0,0,0,77,24
46901,0:2:2;1:2:1;1:3:3;1:4:3,4,5,0,0,0,1,0,0,0,0,0,0,77,24
46902,0:2:2;1:2:1;1:3:3;1:4:3,5,0,1,1,1,0,1,1,1,1,1,5,10,7
46903,0:2:2;1:2:1;1:3:3;1:4:3,5,1,1,1,1,0,1,1,1,1,1,5,10,7
46904,0:2:2;1:2:1;1:3:3;1:4:3,5,2,1,1,1,0,1,1,1,1,1,5,10,1
46905,0:2:2;1:2:1;1:3:3;1:4:3,5,3,1,1,1,0,1,1,1,1,1,5,10,1
46906,0:2:2;1:2:1;1:3:3;1:4:3,5,4,1,1,1,0,1,1,1,1,1,5,10,1
46907,0:2:2;1:2:1;1:3:3;1:4:3,5,5,1,1,1,0,1,1,1,1,1,5,10,1
46908,0:2:2;1:2:1;1:4:3;1:4:3,0,0,0,0,0,1,0,0,0,0,0,0,1,24
46909,0:2:2;1:2:1;1:4:3;1:4:3,0,1,0,0,0,1,0,0,0,0,0,0,2,24
46910,0:2:2;1:2:1;1:4:3;1:4:3,0,2,0,0,0,1,0,0,0,0,0,0,11,24
46911,0:2:2;1:2:1;1:4:3;1:4:3,0,3,0,0,0,1,0,0,0,0,0,0,11,24
46912,0:2:2;1:2:1;1:4:3;1:4:3,0,4,0,0,0,1,0,0,0,0,0,0,11,24
46913,0:2:2;1:2:1;1:4:3;1:4:3,0,5,0,0,0,1,0,0,0,0,0,0,11,24
46914,0:2:2;1:2:1;1:4:3;1:4:3,1,0,0,0,0,1,0,0,0,0,0,0,11,24
46915,0:2:2;1:2:1;1:4:3;1:4:3,1,1,0,0,0,1,0,0,0,0,0,0,14,24
46916,0:2:2;1:2:1;1:4:3;1:4:3,1,2,0,0,0,1,0,0,0,0,0,0,24,24
46917,0:2:2;1:2:1;1:4:3;1:4:3,1,3,0,0,0,1,0,0,0,0,0,0,24,24
46918,0:2:2;1:2:1;1:4:3;1:4:3,1,4,0,0,0,1,0,0,0,0,0,0,24,24
46919,0:2:2;1:2:1;1:4:3;1:4:3,1,5,0,0,0,1,0,0,0,0,0,0,24,24
46920,0:2:2;1:2:1;1:4:3;1:4:3,2,0,0,0,0,1,0,0,0,0,0,0,22,24
46921,0:2:2;1:2:1;1:4:3;1:4:3,2,1,0,0,0,1,0,0,0,0,0,0,28,24
46922,0:2:2;1:2:1;1:4:3;1:4:3,2,2,0,0,0,1,0,0,0,0,0,0,41,24
46923,0:2:2;1:2:1;1:4:3;1:4:3,2,3,0,0,0,1,0,0,0,0,0,0,41,24
46924,0:2:2;1:2:1;1:4:3;1:4:3,2,4,0,0,0,1,0,0,0,0,0,0,41,24
46925,0:2:2;1:2:1;1:4:3;1:4:3,2,5,0,0,0,1,0,0,0,0,0,0,41,24
46926,0:2:2;1:2:1;1:4:3;1:4:3,3,0,0,0,0,1,0,0,0,0,0,0,43,24
46927,0:2:2;1:2:1;1:4:3;1:4:3,3,1,0,0,0,1,0,0,0,0,0,0,51,24
46928,0:2:2;1:2:1;1:4:3;1:4:3,3,2,0,0,0,1,0,0,0,0,0,0,60,24
46929,0:2:2;1:2:1;1:4:3;1:4:3,3,3,0,0,0,1,0,0,0,0,0,0,60,24
46930,0:2:2;1:2:1;1:4:3;1:4:3,3,4,0,0,0,1,0,0,0,0,0,0,60,24
46931,0:2:2;1:2:1;1:4:3;1:4:3,3,5,0,0,0,1,0,0,0,0,0,0,60,24
46932,0:2:2;1:2:1;1:4:3;1:4:3,4,0,0,0,0,1,0,0,0,0,0,0,59,24
46933,0:2:2;1:2:1;1:4:3;1:4:3,4,1,0,0,0,1,0,0,0,0,0,0,68,24
46934,0:2:2;1:2:1;1:4:3;1:4:3,4,2,0,0,0,1,0,0,0,0,0,0,77,24
46935,0:2:2;1:2:1;1:4:3;1:4:3,4,3,0,0,0,1,0,0,0,0,0,0,77,24
46936,0:2:2;1:2:1;1:4:3;1:4:3,4,4,0,0,0,1,0,0,0,0,0,0,77,24
46937,0:2:2;1:2:1;1:4:3;1:4:3,4,5,0,0,0,1,0,0,0,0,0,0,77,24
46938,0:2:2;1:2:1;1:4:3;1:4:3,5,0,1,1,1,0,1,1,1,1,1,5,10,7
46939,0:2:2;1:2:1;1:4:3;1:4:3,5,1,1,1,1,0,1,1,1,1,1,5,10,7
46940,0:2:2;1:2:1;1:4:3;1:4:3,5,2,1,1,1,0,1,1,1,1,1,5,10,1
46941,0:2:2;1:2:1;1:4:3;1:4:3,5,3,1,1,1,0,1,1,1,1,1,5,10,1
46942,0:2:2;1:2:1;1:4:3;1:4:3,5,4,1,1,1,0,1,1,1,1,1,5,10,1
46943,0:2:2;1:2:1;1:4:3;1:4:3,5,5,1,1,1,0,1,1,1,1,1,5,10,1
46944,0:2:2;1:2:2;1:2:2;1:2:2,0,0,0,0,0,1,0,0,0,0,0,0,1,24
46945,0:2:2;1:2:2;1:2:2;1:2:2,0,1,0,0,0,1,0,0,0,0,0,0,2,24
46946,0:2:2;1:2:2;1:2:2;1:2:2,0,2,0,0,0,1,0,0,0,0,0,0,12,24
46947,0:2:2;1:2:2;1:2:2;1:2:2,0,3,0,0,0,1,0,0,0,0,0,0,12,24
46948,0:2:2;1:2:2;1:2:2;1:2:2,0,4,0,0,0,1,0,0,0,0,0,0,12,24
46949,0:2:2;1:2:2;1:2:2;1:2:2,0,5,0,0,0,1,0,0,0,0,0,0,12,24
46950,0:2:2;1:2:2;1:2:2;1:2:2,1,0,0,0,0,1,0,0,0,0,0,0,4,24
46951,0:2:2;1:2:2;1:2:2;1:2:2,1,1,0,0,0,1,0,0,0,0,0,0,8,24
46952,0:2:2;1:2:2;1:2:2;1:2:2,1,2,0,0,0,1,0,0,0,0,0,0,25,24
46953,0:2:2;1:2:2;1:2:2;1:2:2,1,3,0,0,0,1,0,0,0,0,0,0,25,24
46954,0:2:2;1:2:2;1:2:2;1:2:2,1,4,0,0,0,1,0,0,0,0,0,0,25,24
46955,0:2:2;1:2:2;1:2:2;1:2:2,1,5,0,0,0,1,0,0,0,0,0,0,25,24
46956,0:2:2;1:2:2;1:2:2;1:2:2,2,0,0,0,0,1,0,0,0,0,0,0,28,24
46957,0:2:2;1:2:2;1:2:2;1:2:2,2,1,0,0,0,1,0,0,0,0,0,0,35,24
46958,0:2:2;1:2:2;1:2:2;1:2:2,2,2,0,0,0,1,0,0,0,0,0,0,43,24
46959,0:2:2;1:2:2;1:2:2;1:2:2,2,3,0,0,0,1,0,0,0,0,0,0,43,24
46960,0:2:2;1:2:2;1:2:2;1:2:2,2,4,0,0,0,1,0,0,0,0,0,0,43,24
46961,0:2:2;1:2:2;1:2:2;1:2:2,2,5,0,0,0,1,0,0,0,0,0,0,43,24
46962,0:2:2;1:2:2;1:2:2;1:2:2,3,0,0,0,0,1,0,0,0,0,0,0,44,24
46963,0:2:2;1:2:2;1:2:2;1:2:2,3,1,0,0,0,1,0,0,0,0,0,0,52,24
46964,0:2:2;1:2:2;1:2:2;1:2:2,3,2,0,0,0,1,0,0,0,0,0,0,60,24
46965,0:2:2;1:2:2;1:2:2;1:2:2,3,3,0,0,0,1,0,0,0,0,0,0,60,24
46966,0:2:2;1:2:2;1:2:2;1:2:2,3,4,0,0,0,1,0,0,0,0,0,0,60,24
46967,0:2:2;1:2:2;1:2:2;1:2:2,3,5,0,0,0,1,0,0,0,0,0,0,60,24
46968,0:2:2;1:2:2;1:2:2;1:2:2,4,0,1,1,1,0,1,1,1,1,1,5,9,7
46969,0:2:2;1:2:2;1:2:2;1:2:2,4,1,1,1,1,0,1,1,1,1,1,5,9,7
46970,0:2:2;1:2:2;1:2:2;1:2:2,4,2,1,1,1,0,1,1,1,1,1,5,9,1
46971,0:2:2;1:2:2;1:2:2;1:2:2,4,3,1,1,1,0,1,1,1,1,1,5,9,1
46972,0:2:2;1:2:2;1:2:2;1:2:2,4,4,1,1,1,0,1,1,1,1,1,5,9,1
46973,0:2:2;1:2:2;1:2:2;1:2:2,4,5,1,1,1,0,1,1,1,1,1,5,9,1
46974,0:2:2;1:2:2;1:2:2;1:2:2,5,0,1,1,1,0,1,1,1,1,1,5,9,7
46975,0:2:2;1:2:2;1:2:2;1:2:2,5,1,1,1,1,0,1,1,1,1,1,5,9,7
46976,0:2:2;1:2:2;1:2:2;1:2:2,5,2,1,1,1,0,1,1,1,1,1,5,9,1
46977,0:2:2;1:2:2;1:2:2;1:2:2,5,3,1,1,1,0,1,1,1,1,1,5,9,1
46978,0:2:2;1:2:2;1:2:2;1:2:2,5,4,1,1,1,0,1,1,1,1,1,5,9,1
46979,0:2:2;1:2:2;1:2:2;1:2:2,5,5,1,1,1,0,1,1,1,1,1,5,9,1
46980,0:2:2;1:2:2;1:2:2;1:3:2,0,0,0,0,0,1,0,0,0,0,0,0,1,24
46981,0:2:2;1:2:2;1:2:2;1:3:2,0,1,0,0,0,1,0,0,0,0,0,0,2,24
46982,0:2:2;1:2:2;1:2:2;1:3:2,0,2,0,0,0,1,0,0,0,0,0,0,12,24
46983,0:2:2;1:2:2;1:2:2;1:3:2,0,3,0,0,0,1,0,0,0,0,0,0,12,24
46984,0:2:2;1:2:2;1:2:2;1:3:2,0,4,0,0,0,1,0,0,0,0,0,0,12,24
46985,0:2:2;1:2:2;1:2:2;1:3:2,0,5,0,0,0,1,0,0,0,0,0,0,12,24
46986,0:2:2;1:2:2;1:2:2;1:3:2,1,0,0,0,0,1,0,0,0,0,0,0,4,24
46987,0:2:2;1:2:2;1:2:2;1:3:2,1,1,0,0,0,1,0,0,0,0,0,0,8,24
46988,0:2:2;1:2:2;1:2:2;1:3:2,1,2,0,0,0,1,0,0,0,0,0,0,25,24
46989,0:2:2;1:2:2;1:2:2;1:3:2,1,3,0,0,0,1,0,0,0,0,0,0,25,24
46990,0:2:2;1:2:2;1:2:2;1:3:2,1,4,0,0,0,1,0,0,0,0,0,0,25,24
46991,0:2:2;1:2:2;1:2:2;1:3:2,1,5,0,0,0,1,0,0,0,0,0,0,25,24
46992,0:2:2;1:2:2;1:2:2;1:3:2,2,0,0,0,0,1,0,0,0,0,0,0,28,24
46993,0:2:2;1:2:2;1:2:2;1:3:2,2,1,0,0,0,1,0,0,0,0,0,0,35,24
46994,0:2:2;1:2:2;1:2:2;1:3:2,2,2,0,0,0,1,0,0,0,0,0,0,43,24
46995,0:2:2;1:2:2;1:2:2;1:3:2,2,3,0,0,0,1,0,0,0,0,0,0,43,24
46996,0:2:2;1:2:2;1:2:2;1:3:2,2,4,0,0,0,1,0,0,0,0,0,0,43,24
46997,0:2:2;1:2:2;1:2:2;1:3:2,2,5,0,0,0,1,0,0,0,0,0,0,43,24
46998,0:2:2;1:2:2;1:2:2;1:3:2,3,0,0,0,0,1,0,0,0,0,0,0,44,24
46999,0:2:2;1:2:2;1:2:2;1:3:2,3,1,0,0,0,1,0,0,0,0,0,0,52,24
47000,0:2:2;1:2:2;1:2:2;1:3:2,3,2,0,0,0,1,0,0,0,0,0,0,60,24
47001,0:2:2;1:2:2;1:2:2;1:3:2,3,3,0,0,0,1,0,0,0,0,0,0,60,24
47002,0:2:2;1:2:2;1:2:2;1:3:2,3,4,0,0,0,1,0,0,0,0,0,0,60,24
47003,0:2:2;1:2:2;1:2:2;1:3:2,3,5,0,0,0,1,0,0,0,0,0,0,60,24
47004,0:2:2;1:2:2;1:2:2;1:3:2,4,0,1,1,1,0,1,1,1,1,1,5,9,7
47005,0:2:2;1:2:2;1:2:2;1:3:2,4,1,1,1,1,0,1,1,1,1,1,5,9,7
47006,0:2:2;1:2:2;1:2:2;1:3:2,4,2,1,1,1,0,1,1,1,1,1,5,9,1
47007,0:2:2;1:2:2;1:2:2;1:3:2,4,3,1,1,1,0,1,1,1,1,1,5,9,1
47008,0:2:2;1:2:2;1:2:2;1:3:2,4,4,1,1,1,0,1,1,1,1,1,5,9,1
47009,0:2:2;1:2:2;1:2:2;1:3:2,4,5,1,1,1,0,1,1,1,1,1,5,9,1
47010,0:2:2;1:2:2;1:2:2;1:3:2,5,0,1,1,1,0,1,1,1,1,1,5,9,7
47011,0:2:2;1:2:2;1:2:2;1:3:2,5,1,1,1,1,0,1,1,1,1,1,5,9,7
47012,0:2:2;1:2:2;1:2:2;1:3:2,5,2,1,1,1,0,1,1,1,1,1,5,9,1
47013,0:2:2;1:2:2;1:2:2;1:3:2,5,3,1,1,1,0,1,1,1,1,1,5,9,1
47014,0:2:2;1:2:2;1:2:2;1:3:2,5,4,1,1,1,0,1,1,1,1,1,5,9,1
47015,0:2:2;1:2:2;1:2:2;1:3:2,5,5,1,1,1,0,1,1,1,1,1,5,9,1
47016,0:2:2;1:2:2;1:2:2;1:3:3,0,0,0,0,0,1,0,0,0,0,0,0,1,24
47017,0:2:2;1:2:2;1:2:2;1:3:3,0,1,0,0,0,1,0,0,0,0,0,0,2,24
47018,0:2:2;1:2:2;1:2:2;1:3:3,0,2,0,0,0,1,0,0,0,0,0,0,12,24
47019,0:2:2;1:2:2;1:2:2;1:3:3,0,3,0,0,0,1,0,0,0,0,0,0,12,24
47020,0:2:2;1:2:2;1:2:2;1:3:3,0,4,0,0,0,1,0,0,0,0,0,0,12,24
47021,0:2:2;1:2:2;1:2:2;1:3:3,0,5,0,0,0,1,0,0,0,0,0,0,12,24
47022,0:2:2;1:2:2;1:2:2;1:3:3,1,0,0,0,0,1,0,0,0,0,0,0,4,24
47023,0:2:2;1:2:2;1:2:2;1:3:3,1,1,0,0,0,1,0,0,0,0,0,0,8,24
47024,0:2:2;1:2:2;1:2:2;1:3:3,1,2,0,0,0,1,0,0,0,0,0,0,26,24
47025,0:2:2;1:2:2;1:2:2;1:3:3,1,3,0,0,0,1,0,0,0,0,0,0,26,24
47026,0:2:2;1:2:2;1:2:2;1:3:3,1,4,0,0,0,1,0,0,0,0,0,0,26,24
47027,0:2:2;1:2:2;1:2:2;1:3:3,1,5,0,0,0,1,0,0,0,0,0,0,26,24
47028,0:2:2;1:2:2;1:2:2;1:3:3,2,0,0,0,0,1,0,0,0,0,0,0,23,24
47029,0:2:2;1:2:2;1:2:2;1:3:3,2,1,0,0,0,1,0,0,0,0,0,0,31,24
47030,0:2:2;1:2:2;1:2:2;1:3:3,2,2,0,0,0,1,0,0,0,0,0,0,46,24
47031,0:2:2;1:2:2;1:2:2;1:3:3,2,3,0,0,0,1,0,0,0,0,0,0,46,24
47032,0:2:2;1:2:2;1:2:2;1:3:3,2,4,0,0,0,1,0,0,0,0,0,0,46,24
47033,0:2:2;1:2:2;1:2:2;1:3:3,2,5,0,0,0,1,0,0,0,0,0,0,46,24
47034,0:2:2;1:2:2;1:2:2;1:3:3,3,0,0,0,0,1,0,0,0,0,0,0,45,24
47035,0:2:2;1:2:2;1:2:2;1:3:3,3,1,0,0,0,1,0,0,0,0,0,0,56,24
47036,0:2:2;1:2:2;1:2:2;1:3:3,3,2,0,0,0,1,0,0,0,0,0,0,68,24
47037,0:2:2;1:2:2;1:2:2;1:3:3,3,3,0,0,0,1,0,0,0,0,0,0,68,24
47038,0:2:2;1:2:2;1:2:2;1:3:3,3,4,0,0,0,1,0,0,0,0,0,0,68,24
47039,0:2:2;1:2:2;1:2:2;1:3:3,3,5,0,0,0,1,0,0,0,0,0,0,68,24
47040,0:2:2;1:2:2;1:2:2;1:3:3,4,0,0,0,0,1,0,0,0,0,0,0,63,24
47041,0:2:2;1:2:2;1:2:2;1:3:3,4,1,0,0,0,1,0,0,0,0,0,0,75,24
47042,0:2:2;1:2:2;1:2:2;1:3:3,4,2,0,0,0,1,0,0,0,0,0,0,87,24
47043,0:2:2;1:2:2;1:2:2;1:3:3,4,3,0,0,0,1,0,0,0,0,0,0,87,24
47044,0:2:2;1:2:2;1:2:2;1:3:3,4,4,0,0,0,1,0,0,0,0,0,0,87,24
47045,0:2:2;1:2:2;1:2:2;1:3:3,4,5,0,0,0,1,0,0,0,0,0,0,87,24
47046,0:2:2;1:2:2;1:2:2;1:3:3,5,0,1,1,1,0,1,1,1,1,1,5,10,7
47047,0:2:2;1:2:2;1:2:2;1:3:3,5,1,1,1,1,0,1,1,1,1,1,5,10,7
47048,0:2:2;1:2:2;1:2:2;1:3:3,5,2,1,1,1,0,1,1,1,1,1,5,10,1
47049,0:2:2;1:2:2;1:2:2;1:3:3,5,3,1,1,1,0,1,1,1,1,1,5,10,1
47050,0:2:2;1:2:2;1:2:2;1:3:3,5,4,1,1,1,0,1,1,1,1,1,5,10,1
47051,0:2:2;1:2:2;1:2:2;1:3:3,5,5,1,1,1,0,1,1,1,1,1,5,10,1
47052,0:2:2;1:2:2;1:2:2;1:4:3,0,0,0,0,0,1,0,0,0,0,0,0,1,24
47053,0:2:2;1:2:2;1:2:2;1:4:3,0,1,0,0,0,1,0,0,0,0,0,0,2,24
47054,0:2:2;1:2:2;1:2:2;1:4:3,0,2,0,0,0,1,0,0,0,0,0,0,12,24
47055,0:2:2;1:2:2;1:2:2;1:4:3,0,3,0,0,0,1,0,0,0,0,0,0,12,24
47056,0:2:2;1:2:2;1:2:2;1:4:3,0,4,0,0,0,1,0,0,0,0,0,0,12,24
47057,0:2:2;1:2:2;1:2:2;1:4:3,0,5,0,0,0,1,0,0,0,0,0,0,12,24
47058,0:2:2;1:2:2;1:2:2;1:4:3,1,0,0,0,0,1,0,0,0,0,0,0,4,24
47059,0:2:2;1:2:2;1:2:2;1:4:3,1,1,0,0,0,1,0,0,0,0,0,0,8,24
47060,0:2:2;1:2:2;1:2:2;1:4:3,1,2,0,0,0,1,0,0,0,0,0,0,26,24
47061,0:2:2;1:2:2;1:2:2;1:4:3,1,3,0,0,0,1,0,0,0,0,0,0,26,24
47062,0:2:2;1:2:2;1:2:2;1:4:3,1,4,0,0,0,1,0,0,0,0,0,0,26,24
47063,0:2:2;1:2:2;1:2:2;1:4:3,1,5,0,0,0,1,0,0,0,0,0,0,26,24
47064,0:2:2;1:2:2;1:2:2;1:4:3,2,0,0,0,0,1,0,0,0,0,0,0,23,24
47065,0:2:2;1:2:2;1:2:2;1:4:3,2,1,0,0,0,1,0,0,0,0,0,0,31,24
47066,0:2:2;1:2:2;1:2:2;1:4:3,2,2,0,0,0,1,0,0,0,0,0,0,46,24
47067,0:2:2;1:2:2;1:2:2;1:4:3,2,3,0,0,0,1,0,0,0,0,0,0,46,24
47068,0:2:2;1:2:2;1:2:2;1:4:3,2,4,0,0,0,1,0,0,0,0,0,0,46,24
47069,0:2:2;1:2:2;1:2:2;1:4:3,2,5,0,0,0,1,0,0,0,0,0,0,46,24
47070,0:2:2;1:2:2;1:2:2;1:4:3,3,0,0,0,0,1,0,0,0,0,0,0,45,24
47071,0:2:2;1:2:2;1:2:2;1:4:3,3,1,0,0,0,1,0,0,0,0,0,0,56,24
47072,0:2:2;1:2:2;1:2:2;1:4:3,3,2,0,0,0,1,0,0,0,0,0,0,68,24
47073,0:2:2;1:2:2;1:2:2;1:4:3,3,3,0,0,0,1,0,0,0,0,0,0,68,24
47074,0:2:2;1:2:2;1:2:2;1:4:3,3,4,0,0,0,1,0,0,0,0,0,0,68,24
47075,0:2:2;1:2:2;1:2:2;1:4:3,3,5,0,0,0,1,0,0,0,0,0,0,68,24
47076,0:2:2;1:2:2;1:2:2;1:4:3,4,0,0,0,0,1,0,0,0,0,0,0,63,24
47077,0:2:2;1:2:2;1:2:2;1:4:3,4,1,0,0,0,1,0,0,0,0,0,0,75,24
47078,0:2:2;1:2:2;1:2:2;1:4:3,4,2,0,0,0,1,0,0,0,0,0,0,87,24
47079,0:2:2;1:2:2;1:2:2;1:4:3,4,3,0,0,0,1,0,0,0,0,0,0,87,24
47080,0:2:2;1:2:2;1:2:2;1:4:3,4,4,0,0,0,1,0,0,0,0,0,0,87,24
47081,0:2:2;1:2:2;1:2:2;1:4:3,4,5,0,0,0,1,0,0,0,0,0,0,87,24
47082,0:2:2;1:2:2;1:2:2;1:4:3,5,0,1,1,1,0,1,1,1,1,1,5,10,7
47083,0:2:2;1:2:2;1:2:2;1:4:3,5,1,1,1,1,0,1,1,1,1,1,5,10,7
47084,0:2:2;1:2:2;1:2:2;1:4:3,5,2,1,1,1,0,1,1,1,1,1,5,10,1
47085,0:2:2;1:2:2;1:2:2;1:4:3,5,3,1,1,1,0,1,1,1,1,1,5,10,1
47086,0:2:2;1:2:2;1:2:2;1:4:3,5,4,1,1,1,0,1,1,1,1,1,5,10,1
47087,0:2:2;1:2:2;1:2:2;1:4:3,5,5,1,1,1,0,1,1,1,1,1,5,10,1
47088,0:2:2;1:2:2;1:3:2;1:3:2,0,0,0,0,0,1,0,0,0,0,0,0,1,24
47089,0:2:2;1:2:2;1:3:2;1:3:2,0,1,0,0,0,1,0,0,0,0,0,0,2,24
47090,0:2:2;1:2:2;1:3:2;1:3:2,0,2,0,0,0,1,0,0,0,0,0,0,12,24
47091,0:2:2;1:2:2;1:3:2;1:3:2,0,3,0,0,0,1,0,0,0,0,0,0,12,24
47092,0:2:2;1:2:2;1:3:2;1:3:2,0,4,0,0,0,1,0,0,0,0,0,0,12,24
47093,0:2:2;1:2:2;1:3:2;1:3:2,0,5,0,0,0,1,0,0,0,0,0,0,12,24
47094,0:2:2;1:2:2;1:3:2;1:3:2,1,0,0,0,0,1,0,0,0,0,0,0,4,24
47095,0:2:2;1:2:2;1:3:2;1:3:2,1,1,0,0,0,1,0,0,0,0,0,0,8,24
47096,0:2:2;1:2:2;1:3:2;1:3:2,1,2,0,0,0,1,0,0,0,0,0,0,25,24
47097,0:2:2;1:2:2;1:3:2;1:3:2,1,3,0,0,0,1,0,0,0,0,0,0,25,24
47098,0:2:2;1:2:2;1:3:2;1:3:2,1,4,0,0,0,1,0,0,0,0,0,0,25,24
47099,0:2:2;1:2:2;1:3:2;1:3:2,1,5,0,0,0,1,0,0,0,0,0,0,25,24
47100,0:2:2;1:2:2;1:3:2;1:3:2,2,0,0,0,0,1,0,0,0,0,0,0,28,24
47101,0:2:2;1:2:2;1:3:2;1:3:2,2,1,0,0,0,1,0,0,0,0,0,0,35,24
47102,0:2:2;1:2:2;1:3:2;1:3:2,2,2,0,0,0,1,0,0,0,0,0,0,43,24
47103,0:2:2;1:2:2;1:3:2;1:3:2,2,3,0,0,0,1,0,0,0,0,0,0,43,24
47104,0:2:2;1:2:2;1:3:2;1:3:2,2,4,0,0,0,1,0,0,0,0,0,0,43,24
47105,0:2:2;1:2:2;1:3:2;1:3:2,2,5,0,0,0,1,0,0,0,0,0,0,43,24
47106,0:2:2;1:2:2;1:3:2;1:3:2,3,0,0,0,0,1,0,0,0,0,0,0,44,24
47107,0:2:2;1:2:2;1:3:2;1:3:2,3,1,0,0,0,1,0,0,0,0,0,0,52,24
47108,0:2:2;1:2:2;1:3:2;1:3:2,3,2,0,0,0,1,0,0,0,0,0,0,60,24
47109,0:2:2;1:2:2;1:3:2;1:3:2,3,3,0,0,0,1,0,0,0,0,0,0,60,24
47110,0:2:2;1:2:2;1:3:2;1:3:2,3,4,0,0,0,1,0,0,0,0,0,0,60,24
47111,0:2:2;1:2:2;1:3:2;1:3:2,3,5,0,0,0,1,0,0,0,0,0,0,60,24
47112,0:2:2;1:2:2;1:3:2;1:3:2,4,0,1,1,1,0,1,1,1,1,1,5,9,7
47113,0:2:2;1:2:2;1:3:2;1:3:2,4,1,1,1,1,0,1,1,1,1,1,5,9,7
47114,0:2:2;1:2:2;1:3:2;1:3:2,4,2,1,1,1,0,1,1,1,1,1,5,9,1
47115,0:2:2;1:2:2;1:3:2;1:3:2,4,3,1,1,1,0,1,1,1,1,1,5,9,1
47116,0:2:2;1:2:2;1:3:2;1:3:2,4,4,1,1,1,0,1,1,1,1,1,5,9,1
47117,0:2:2;1:2:2;1:3:2;1:3:2,4,5,1,1,1,0,1,1,1,1,1,5,9,1
47118,0:2:2;1:2:2;1:3:2;1:3:2,5,0,1,1,1,0,1,1,1,1,1,5,9,7
47119,0:2:2;1:2:2;1:3:2;1:3:2,5,1,1,1,1,0,1,1,1,1,1,5,9,7
47120,0:2:2;1:2:2;1:3:2;1:3:2,5,2,1,1,1,0,1,1,1,1,1,5,9,1
47121,0:2:2;1:2:2;1:3:2;1:3:2,5,3,1,1,1,0,1,1,1,1,1,5,9,1
47122,0:2:2;1:2:2;1:3:2;1:3:2,5,4,1,1,1,0,1,1,1,1,1,5,9,1
47123,0:2:2;1:2:2;1:3:2;1:3:2,5,5,1,1,1,0,1,1,1,1,1,5,9,1
47124,0:2:2;1:2:2;1:3:2;1:3:3,0,0,0,0,0,1,0,0,0,0,0,0,1,24
47125,0:2:2;1:2:2;1:3:2;1:3:3,0,1,0,0,0,1,0,0,0,0,0,0,2,24
47126,0:2:2;1:2:2;1:3:2;1:3:3,0,2,0,0,0,1,0,0,0,0,0,0,12,24
47127,0:2:2;1:2:2;1:3:2;1:3:3,0,3,0,0,0,1,0,0,0,0,0,0,12,24
47128,0:2:2;1:2:2;1:3:2;1:3:3,0,4,0,0,0,1,0,0,0,0,0,0,12,24
47129,0:2:2;1:2:2;1:3:2;1:3:3,0,5,0,0,0,1,0,0,0,0,0,0,12,24
47130,0:2:2;1:2:2;1:3:2;1:3:3,1,0,0,0,0,1,0,0,0,0,0,0,4,24
47131,0:2:2;1:2:2;1:3:2;1:3:3,1,1,0,0,0,1,0,0,0,0,0,0,8,24
47132,0:2:2;1:2:2;1:3:2;1:3:3,1,2,0,0,0,1,0,0,0,0,0,0,26,24
47133,0:2:2;1:2:2;1:3:2;1:3:3,1,3,0,0,0,1,0,0,0,0,0,0,26,24
47134,0:2:2;1:2:2;1:3:2;1:3:3,1,4,0,0,0,1,0,0,0,0,0,0,26,24
47135,0:2:2;1:2:2;1:3:2;1:3:3,1,5,0,0,0,1,0,0,0,0,0,0,26,24
47136,0:2:2;1:2:2;1:3:2;1:3:3,2,0,0,0,0,1,0,0,0,0,0,0,23,24
47137,0:2:2;1:2:2;1:3:2;1:3:3,2,1,0,0,0,1,0,0,0,0,0,0,31,24
47138,0:2:2;1:2:2;1:3:2;1:3:3,2,2,0,0,0,1,0,0,0,0,0,0,46,24
47139,0:2:2;1:2:2;1:3:2;1:3:3,2,3,0,0,0,1,0,0,0,0,0,0,46,24
47140,0:2:2;1:2:2;1:3:2;1:3:3,2,4,0,0,0,1,0,0,0,0,0,0,46,24
47141,0:2:2;1:2:2;1:3:2;1:3:3,2,5,0,0,0,1,0,0,0,0,0,0,46,24
47142,0:2:2;1:2:2;1:3:2;1:3:3,3,0,0,0,0,1,0,0,0,0,0,0,45,24
47143,0:2:2;1:2:2;1:3:2;1:3:3,3,1,0,0,0,1,0,0,0,0,0,0,56,24
47144,0:2:2;1:2:2;1:3:2;1:3:3,3,2,0,0,0,1,0,0,0,0,0,0,68,24
47145,0:2:2;1:2:2;1:3:2;1:3:3,3,3,0,0,0,1,0,0,0,0,0,0,68,24
47146,0:2:2;1:2:2;1:3:2;1:3:3,3,4,0,0,0,1,0,0,0,0,0,0,68,24
47147,0:2:2;1:2:2;1:3:2;1:3:3,3,5,0,0,0,1,0,0,0,0,0,0,68,24
47148,0:2:2;1:2:2;1:3:2;1:3:3,4,0,0,0,0,1,0,0,0,0,0,0,63,24
47149,0:2:2;1:2:2;1:3:2;1:3:3,4,1,0,0,0,1,0,0,0,0,0,0,75,24
47150,0:2:2;1:2:2;1:3:2;1:3:3,4,2,0,0,0,1,0,0,0,0,0,0,87,24
47151,0:2:2;1:2:2;1:3:2;1:3:3,4,3,0,0,0,1,0,0,0,0,0,0,87,24
47152,0:2:2;1:2:2;1:3:2;1:3:3,4,4,0,0,0,1,0,0,0,0,0,0,87,24
47153,0:2:2;1:2:2;1:3:2;1:3:3,4,5,0,0,0,1,0,0,0,0,0,0,87,24
47154,0:2:2;1:2:2;1:3:2;1:3:3,5,0,1,1,1,0,1,1,1,1,1,5,10,7
47155,0:2:2;1:2:2;1:3:2;1:3:3,5,1,1,1,1,0,1,1,1,1,1,5,10,7
47156,0:2:2;1:2:2;1:3:2;1:3:3,5,2,1,1,1,0,1,1,1,1,1,5,10,1
47157,0:2:2;1:2:2;1:3:2;1:3:3,5,3,1,1,1,0,1,1,1,1,1,5,10,1
47158,0:2:2;1:2:2;1:3:2;1:3:3,5,4,1,1,1,0,1,1,1,1,1,5,10,1
47159,0:2:2;1:2:2;1:3:2;1:3:3,5,5,1,1,1,0,1,1,1,1,1,5,10,1
47160,0:2:2;1:2:2;1:3:2;1:4:3,0,0,0,0,0,1,0,0,0,0,0,0,1,24
47161,0:2:2;1:2:2;1:3:2;1:4:3,0,1,0,0,0,1,0,0,0,0,0,0,2,24
47162,0:2:2;1:2:2;1:3:2;1:4:3,0,2,0,0,0,1,0,0,0,0,0,0,12,24
47163,0:2:2;1:2:2;1:3:2;1:4:3,0,3,0,0,0,1,0,0,0,0,0,0,12,24
47164,0:2:2;1:2:2;1:3:2;1:4:3,0,4,0,0,0,1,0,0,0,0,0,0,12,24
47165,0:2:2;1:2:2;1:3:2;1:4:3,0,5,0,0,0,1,0,0,0,0,0,0,12,24
47166,0:2:2;1:2:2;1:3:2;1:4:3,1,0,0,0,0,1,0,0,0,0,0,0,4,24
47167,0:2:2;1:2:2;1:3:2;1:4:3,1,1,0,0,0,1,0,0,0,0,0,0,8,24
47168,0:2:2;1:2:2;1:3:2;1:4:3,1,2,0,0,0,1,0,0,0,0,0,0,26,24
47169,0:2:2;1:2:2;1:3:2;1:4:3,1,3,0,0,0,1,0,0,0,0,0,0,26,24
47170,0:2:2;1:2:2;1:3:2;1:4:3,1,4,0,0,0,1,0,0,0,0,0,0,26,24
47171,0:2:2;1:2:2;1:3:2;1:4:3,1,5,0,0,0,1,0,0,0,0,0,0,26,24
47172,0:2:2;1:2:2;1:3:2;1:4:3,2,0,0,0,0,1,0,0,0,0,0,0,23,24
47173,0:2:2;1:2:2;1:3:2;1:4:3,2,1,0,0,0,1,0,0,0,0,0,0,31,24
47174,0:2:2;1:2:2;1:3:2;1:4:3,2,2,0,0,0,1,0,0,0,0,0,0,46,24
47175,0:2:2;1:2:2;1:3:2;1:4:3,2,3,0,0,0,1,0,0,0,0,0,0,46,24
47176,0:2:2;1:2:2;1:3:2;1:4:3,2,4,0,0,0,1,0,0,0,0,0,0,46,24
47177,0:2:2;1:2:2;1:3:2;1:4:3,2,5,0,0,0,1,0,0,0,0,0,0,46,24
47178,0:2:2;1:2:2;1:3:2;1:4:3,3,0,0,0,0,1,0,0,0,0,0,0,45,24
47179,0:2:2;1:2:2;1:3:2;1:4:3,3,1,0,0,0,1,0,0,0,0,0,0,56,24
47180,0:2:2;1:2:2;1:3:2;1:4:3,3,2,0,0,0,1,0,0,0,0,0,0,68,24
47181,0:2:2;1:2:2;1:3:2;1:4:3,3,3,0,0,0,1,0,0,0,0,0,0,68,24
47182,0:2:2;1:2:2;1:3:2;1:4:3,3,4,0,0,0,1,0,0,0,0,0,0,68,24
47183,0:2:2;1:2:2;1:3:2;1:4:3,3,5,0,0,0,1,0,0,0,0,0,0,68,24
47184,0:2:2;1:2:2;1:3:2;1:4:3,4,0,0,0,0,1,0,0,0,0,0,0,63,24
47185,0:2:2;1:2:2;1:3:2;1:4:3,4,1,0,0,0,1,0,0,0,0,0,0,75,24
47186,0:2:2;1:2:2;1:3:2;1:4:3,4,2,0,0,0,1,0,0,0,0,0,0,87,24
47187,0:2:2;1:2:2;1:3:2;1:4:3,4,3,0,0,0,1,0,0,0,0,0,0,87,24
47188,0:2:2;1:2:2;1:3:2;1:4:3,4,4,0,0,0,1,0,0,0,0,0,0,87,24
47189,0:2:2;1:2:2;1:3:2;1:4:3,4,5,0,0,0,1,0,0,0,0,0,0,87,24
47190,0:2:2;1:2:2;1:3:2;1:4:3,5,0,1,1,1,0,1,1,1,1,1,5,10,7
47191,0:2:2;1:2:2;1:3:2;1:4:3,5,1,1,1,1,0,1,1,1,1,1,5,10,7
47192,0:2:2;1:2:2;1:3:2;1:4:3,5,2,1,1,1,0,1,1,1,1,1,5,10,1
47193,0:2:2;1:2:2;1:3:2;1:4:3,5,3,1,1,1,0,1,1,1,1,1,5,10,1
47194,0:2:2;1:2:2;1:3:2;1:4:3,5,4,1,1,1,0,1,1,1,1,1,5,10,1
47195,0:2:2;1:2:2;1:3:2;1:4:3,5,5,1,1,1,0,1,1,1,1,1,5,10,1
47196,0:2:2;1:2:2;1:3:3;1:3:3,0,0,0,0,0,1,0,0,0,0,0,0,1,24
47197,0:2:2;1:2:2;1:3:3;1:3:3,0,1,0,0,0,1,0,0,0,0,0,0,2,24
47198,0:2:2;1:2:2;1:3:3;1:3:3,0,2,0,0,0,1,0,0,0,0,0,0,12,24
47199,0:2:2;1:2:2;1:3:3;1:3:3,0,3,0,0,0,1,0,0,0,0,0,0,12,24
47200,0:2:2;1:2:2;1:3:3;1:3:3,0,4,0,0,0,1,0,0,0,0,0,0,12,24
47201,0:2:2;1:2:2;1:3:3;1:3:3,0,5,0,0,0,1,0,0,0,0,0,0,12,24
47202,0:2:2;1:2:2;1:3:3;1:3:3,1,0,0,0,0,1,0,0,0,0,0,0,4,24
47203,0:2:2;1:2:2;1:3:3;1:3:3,1,1,0,0,0,1,0,0,0,0,0,0,8,24
47204,0:2:2;1:2:2;1:3:3;1:3:3,1,2,0,0,0,1,0,0,0,0,0,0,27,24
47205,0:2:2;1:2:2;1:3:3;1:3:3,1,3,0,0,0,1,0,0,0,0,0,0,27,24
47206,0:2:2;1:2:2;1:3:3;1:3:3,1,4,0,0,0,1,0,0,0,0,0,0,27,24
47207,0:2:2;1:2:2;1:3:3;1:3:3,1,5,0,0,0,1,0,0,0,0,0,0,27,24
47208,0:2:2;1:2:2;1:3:3;1:3:3,2,0,0,0,0,1,0,0,0,0,0,0,17,24
47209,0:2:2;1:2:2;1:3:3;1:3:3,2,1,0,0,0,1,0,0,0,0,0,0,26,24
47210,0:2:2;1:2:2;1:3:3;1:3:3,2,2,0,0,0,1,0,0,0,0,0,0,49,24
47211,0:2:2;1:2:2;1:3:3;1:3:3,2,3,0,0,0,1,0,0,0,0,0,0,49,24
47212,0:2:2;1:2:2;1:3:3;1:3:3,2,4,0,0,0,1,0,0,0,0,0,0,49,24
47213,0:2:2;1:2:2;1:3:3;1:3:3,2,5,0,0,0,1,0,0,0,0,0,0,49,24
47214,0:2:2;1:2:2;1:3:3;1:3:3,3,0,0,0,0,1,0,0,0,0,0,0,44,24
47215,0:2:2;1:2:2;1:3:3;1:3:3,3,1,0,0,0,1,0,0,0,0,0,0,58,24
47216,0:2:2;1:2:2;1:3:3;1:3:3,3,2,0,0,0,1,0,0,0,0,0,0,76,24
47217,0:2:2;1:2:2;1:3:3;1:3:3,3,3,0,0,0,1,0,0,0,0,0,0,76,24
47218,0:2:2;1:2:2;1:3:3;1:3:3,3,4,0,0,0,1,0,0,0,0,0,0,76,24
47219,0:2:2;1:2:2;1:3:3;1:3:3,3,5,0,0,0,1,0,0,0,0,0,0,76,24
47220,0:2:2;1:2:2;1:3:3;1:3:3,4,0,0,0,0,1,0,0,0,0,0,0,67,24
47221,0:2:2;1:2:2;1:3:3;1:3:3,4,1,0,0,0,1,0,0,0,0,0,0,84,24
47222,0:2:2;1:2:2;1:3:3;1:3:3,4,2,0,0,0,1,0,0,0,0,0,0,102,24
47223,0:2:2;1:2:2;1:3:3;1:3:3,4,3,0,0,0,1,0,0,0,0,0,0,102,24
47224,0:2:2;1:2:2;1:3:3;1:3:3,4,4,0,0,0,1,0,0,0,0,0,0,102,24
47225,0:2:2;1:2:2;1:3:3;1:3:3,4,5,0,0,0,1,0,0,0,0,0,0,102,24
47226,0:2:2;1:2:2;1:3:3;1:3:3,5,0,0,0,0,1,0,0,0,0,0,0,87,24
47227,0:2:2;1:2:2;1:3:3;1:3:3,5,1,0,0,0,1,0,0,0,0,0,0,105,24
47228,0:2:2;1:2:2;1:3:3;1:3:3,5,2,0,0,0,1,0,0,0,0,0,0,123,24
47229,0:2:2;1:2:2;1:3:3;1:3:3,5,3,0,0,0,1,0,0,0,0,0,0,123,24
47230,0:2:2;1:2:2;1:3:3;1:3:3,5,4,0,0,0,1,0,0,0,0,0,0,123,24
47231,0:2:2;1:2:2;1:3:3;1:3:3,5,5,0,0,0,1,0,0,0,0,0,0,123,24
47232,0:2:2;1:2:2;1:3:3;1:4:3,0,0,0,0,0,1,0,0,0,0,0,0,1,24
47233,0:2:2;1:2:2;1:3:3;1:4:3,0,1,0,0,0,1,0,0,0,0,0,0,2,24
47234,0:2:2;1:2:2;1:3:3;1:4:3,0,2,0,0,0,1,0,0,0,0,0,0,12,24
47235,0:2:2;1:2:2;1:3:3;1:4:3,0,3,0,0,0,1,0,0,0,0,0,0,12,24
47236,0:2:2;1:2:2;1:3:3;1:4:3,0,4,0,0,0,1,0,0,0,0,0,0,12,24
47237,0:2:2;1:2:2;1:3:3;1:4:3,0,5,0,0,0,1,0,0,0,0,0,0,12,24
47238,0:2:2;1:2:2;1:3:3;1:4:3,1,0,0,0,0,1,0,0,0,0,0,0,4,24
47239,0:2:2;1:2:2;1:3:3;1:4:3,1,1,0,0,0,1,0,0,0,0,0,0,8,24
47240,0:2:2;1:2:2;1:3:3;1:4:3,1,2,0,0,0,1,0,0,0,0,0,0,27,24
47241,0:2:2;1:2:2;1:3:3;1:4:3,1,3,0,0,0,1,0,0,0,0,0,0,27,24
47242,0:2:2;1:2:2;1:3:3;1:4:3,1,4,0,0,0,1,0,0,0,0,0,0,27,24
47243,0:2:2;1:2:2;1:3:3;1:4:3,1,5,0,0,0,1,0,0,0,0,0,0,27,24
47244,0:2:2;1:2:2;1:3:3;1:4:3,2,0,0,0,0,1,0,0,0,0,0,0,17,24
47245,0:2:2;1:2:2;1:3:3;1:4:3,2,1,0,0,0,1,0,0,0,0,0,0,26,24
47246,0:2:2;1:2:2;1:3:3;1:4:3,2,2,0,0,0,1,0,0,0,0,0,0,49,24
47247,0:2:2;1:2:2;1:3:3;1:4:3,2,3,0,0,0,1,0,0,0,0,0,0,49,24
47248,0:2:2;1:2:2;1:3:3;1:4:3,2,4,0,0,0,1,0,0,0,0,0,0,49,24
47249,0:2:2;1:2:2;1:3:3;1:4:3,2,5,0,0,0,1,0,0,0,0,0,0,49,24
47250,0:2:2;1:2:2;1:3:3;1:4:3,3,0,0,0,0,1,0,0,0,0,0,0,44,24
47251,0:2:2;1:2:2;1:3:3;1:4:3,3,1,0,0,0,1,0,0,0,0,0,0,58,24
47252,0:2:2;1:2:2;1:3:3;1:4:3,3,2,0,0,0,1,0,0,0,0,0,0,76,24
47253,0:2:2;1:2:2;1:3:3;1:4:3,3,3,0,0,0,1,0,0,0,0,0,0,76,24
47254,0:2:2;1:2:2;1:3:3;1:4:3,3,4,0,0,0,1,0,0,0,0,0,0,76,24
47255,0:2:2;1:2:2;1:3:3;1:4:3,3,5,0,0,0,1,0,0,0,0,0,0,76,24
47256,0:2:2;1:2:2;1:3:3;1:4:3,4,0,0,0,0,1,0,0,0,0,0,0,67,24
47257,0:2:2;1:2:2;1:3:3;1:4:3,4,1,0,0,0,1,0,0,0,0,0,0,84,24
47258,0:2:2;1:2:2;1:3:3;1:4:3,4,2,0,0,0,1,0,0,0,0,0,0,102,24
47259,0:2:2;1:2:2;1:3:3;1:4:3,4,3,0,0,0,1,0,0,0,0,0,0,102,24
47260,0:2:2;1:2:2;1:3:3;1:4:3,4,4,0,0,0,1,0,0,0,0,0,0,102,24
47261,0:2:2;1:2:2;1:3:3;1:4:3,4,5,0,0,0,1,0,0,0,0,0,0,102,24
47262,0:2:2;1:2:2;1:3:3;1:4:3,5,0,0,0,0,1,0,0,0,0,0,0,87,24
47263,0:2:2;1:2:2;1:3:3;1:4:3,5,1,0,0,0,1,0,0,0,0,0,0,105,24
47264,0:2:2;1:2:2;1:3:3;1:4:3,5,2,0,0,0,1,0,0,0,0,0,0,123,24
47265,0:2:2;1:2:2;1:3:3;1:4:3,5,3,0,0,0,1,0,0,0,0,0,0,123,24
47266,0:2:2;1:2:2;1:3:3;1:4:3,5,4,0,0,0,1,0,0,0,0,0,0,123,24
47267,0:2:2;1:2:2;1:3:3;1:4:3,5,5,0,0,0,1,0,0,0,0,0,0,123,24
47268,0:2:2;1:2:2;1:4:3;1:4:3,0,0,0,0,0,1,0,0,0,0,0,0,1,24
47269,0:2:2;1:2:2;1:4:3;1:4:3,0,1,0,0,0,1,0,0,0,0,0,0,2,24
47270,0:2:2;1:2:2;1:4:3;1:4:3,0,2,0,0,0,1,0,0,0,0,0,0,12,24
47271,0:2:2;1:2:2;1:4:3;1:4:3,0,3,0,0,0,1,0,0,0,0,0,0,12,24
47272,0:2:2;1:2:2;1:4:3;1:4:3,0,4,0,0,0,1,0,0,0,0,0,0,12,24
47273,0:2:2;1:2:2;1:4:3;1:4:3,0,5,0,0,0,1,0,0,0,0,0,0,12,24
47274,0:2:2;1:2:2;1:4:3;1:4:3,1,0,0,0,0,1,0,0,0,0,0,0,4,24
47275,0:2:2;1:2:2;1:4:3;1:4:3,1,1,0,0,0,1,0,0,0,0,0,0,8,24
47276,0:2:2;1:2:2;1:4:3;1:4:3,1,2,0,0,0,1,0,0,0,0,0,0,27,24
47277,0:2:2;1:2:2;1:4:3;1:4:3,1,3,0,0,0,1,0,0,0,0,0,0,27,24
47278,0:2:2;1:2:2;1:4:3;1:4:3,1,4,0,0,0,1,0,0,0,0,0,0,27,24
47279,0:2:2;1:2:2;1:4:3;1:4:3,1,5,0,0,0,1,0,0,0,0,0,0,27,24
47280,0:2:2;1:2:2;1:4:3;1:4:3,2,0,0,0,0,1,0,0,0,0,0,0,17,24
47281,0:2:2;1:2:2;1:4:3;1:4:3,2,1,0,0,0,1,0,0,0,0,0,0,26,24
47282,0:2:2;1:2:2;1:4:3;1:4:3,2,2,0,0,0,1,0,0,0,0,0,0,49,24
47283,0:2:2;1:2:2;1:4:3;1:4:3,2,3,0,0,0,1,0,0,0,0,0,0,49,24
47284,0:2:2;1:2:2;1:4:3;1:4:3,2,4,0,0,0,1,0,0,0,0,0,0,49,24
47285,0:2:2;1:2:2;1:4:3;1:4:3,2,5,0,0,0,1,0,0,0,0,0,0,49,24
47286,0:2:2;1:2:2;1:4:3;1:4:3,3,0,0,0,0,1,0,0,0,0,0,0,44,24
47287,0:2:2;1:2:2;1:4:3;1:4:3,3,1,0,0,0,1,0,0,0,0,0,0,58,24
47288,0:2:2;1:2:2;1:4:3;1:4:3,3,2,0,0,0,1,0,0,0,0,0,0,76,24
47289,0:2:2;1:2:2;1:4:3;1:4:3,3,3,0,0,0,1,0,0,0,0,0,0,76,24
47290,0:2:2;1:2:2;1:4:3;1:4:3,3,4,0,0,0,1,0,0,0,0,0,0,76,24
47291,0:2:2;1:2:2;1:4:3;1:4:3,3,5,0,0,0,1,0,0,0,0,0,0,76,24
47292,0:2:2;1:2:2;1:4:3;1:4:3,4,0,0,0,0,1,0,0,0,0,0,0,67,24
47293,0:2:2;1:2:2;1:4:3;1:4:3,4,1,0,0,0,1,0,0,0,0,0,0,84,24
47294,0:2:2;1:2:2;1:4:3;1:4:3,4,2,0,0,0,1,0,0,0,0,0,0,102,24
47295,0:2:2;1:2:2;1:4:3;1:4:3,4,3,0,0,0,1,0,0,0,0,0,0,102,24
47296,0:2:2;1:2:2;1:4:3;1:4:3,4,4,0,0,0,1,0,0,0,0,0,0,102,24
47297,0:2:2;1:2:2;1:4:3;1:4:3,4,5,0,0,0,1,0,0,0,0,0,0,102,24
47298,0:2:2;1:2:2;1:4:3;1:4:3,5,0,0,0,0,1,0,0,0,0,0,0,87,24
47299,0:2:2;1:2:2;1:4:3;1:4:3,5,1,0,0,0,1,0,0,0,0,0,0,105,24
47300,0:2:2;1:2:2;1:4:3;1:4:3,5,2,0,0,0,1,0,0,0,0,0,0,123,24
47301,0:2:2;1:2:2;1:4:3;1:4:3,5,3,0,0,0,1,0,0,0,0,0,0,123,24
47302,0:2:2;1:2:2;1:4:3;1:4:3,5,4,0,0,0,1,0,0,0,0,0,0,123,24
47303,0:2:2;1:2:2;1:4:3;1:4:3,5,5,0,0,0,1,0,0,0,0,0,0,123,24
47304,0:2:2;1:3:2;1:3:2;1:3:2,0,0,0,0,0,1,0,0,0,0,0,0,1,24
47305,0:2:2;1:3:2;1:3:2;1:3:2,0,1,0,0,0,1,0,0,0,0,0,0,2,24
47306,0:2:2;1:3:2;1:3:2;1:3:2,0,2,0,0,0,1,0,0,0,0,0,0,12,24
47307,0:2:2;1:3:2;1:3:2;1:3:2,0,3,0,0,0,1,0,0,0,0,0,0,12,24
47308,0:2:2;1:3:2;1:3:2;1:3:2,0,4,0,0,0,1,0,0,0,0,0,0,12,24
47309,0:2:2;1:3:2;1:3:2;1:3:2,0,5,0,0,0,1,0,0,0,0,0,0,12,24
47310,0:2:2;1:3:2;1:3:2;1:3:2,1,0,0,0,0,1,0,0,0,0,0,0,4,24
47311,0:2:2;1:3:2;1:3:2;1:3:2,1,1,0,0,0,1,0,0,0,0,0,0,8,24
47312,0:2:2;1:3:2;1:3:2;1:3:2,1,2,0,0,0,1,0,0,0,0,0,0,25,24
47313,0:2:2;1:3:2;1:3:2;1:3:2,1,3,0,0,0,1,0,0,0,0,0,0,25,24
47314,0:2:2;1:3:2;1:3:2;1:3:2,1,4,0,0,0,1,0,0,0,0,0,0,25,24
47315,0:2:2;1:3:2;1:3:2;1:3:2,1,5,0,0,0,1,0,0,0,0,0,0,25,24
47316,0:2:2;1:3:2;1:3:2;1:3:2,2,0,0,0,0,1,0,0,0,0,0,0,28,24
47317,0:2:2;1:3:2;1:3:2;1:3:2,2,1,0,0,0,1,0,0,0,0,0,0,35,24
47318,0:2:2;1:3:2;1:3:2;1:3:2,2,2,0,0,0,1,0,0,0,0,0,0,43,24
47319,0:2:2;1:3:2;1:3:2;1:3:2,2,3,0,0,0,1,0,0,0,0,0,0,43,24
47320,0:2:2;1:3:2;1:3:2;1:3:2,2,4,0,0,0,1,0,0,0,0,0,0,43,24
47321,0:2:2;1:3:2;1:3:2;1:3:2,2,5,0,0,0,1,0,0,0,0,0,0,43,24
47322,0:2:2;1:3:2;1:3:2;1:3:2,3,0,0,0,0,1,0,0,0,0,0,0,44,24
47323,0:2:2;1:3:2;1:3:2;1:3:2,3,1,0,0,0,1,0,0,0,0,0,0,52,24
47324,0:2:2;1:3:2;1:3:2;1:3:2,3,2,0,0,0,1,0,0,0,0,0,0,60,24
47325,0:2:2;1:3:2;1:3:2;1:3:2,3,3,0,0,0,1,0,0,0,0,0,0,60,24
47326,0:2:2;1:3:2;1:3:2;1:3:2,3,4,0,0,0,1,0,0,0,0,0,0,60,24
47327,0:2:2;1:3:2;1:3:2;1:3:2,3,5,0,0,0,1,0,0,0,0,0,0,60,24
47328,0:2:2;1:3:2;1:3:2;1:3:2,4,0,1,1,1,0,1,1,1,1,1,5,9,7
47329,0:2:2;1:3:2;1:3:2;1:3:2,4,1,1,1,1,0,1,1,1,1,1,5,9,7
47330,0:2:2;1:3:2;1:3:2;1:3:2,4,2,1,1,1,0,1,1,1,1,1,5,9,1
47331,0:2:2;1:3:2;1:3:2;1:3:2,4,3,1,1,1,0,1,1,1,1,1,5,9,1
47332,0:2:2;1:3:2;1:3:2;1:3:2,4,4,1,1,1,0,1,1,1,1,1,5,9,1
47333,0:2:2;1:3:2;1:3:2;1:3:2,4,5,1,1,1,0,1,1,1,1,1,5,9,1
47334,0:2:2;1:3:2;1:3:2;1:3:2,5,0,1,1,1,0,1,1,1,1,1,5,9,7
47335,0:2:2;1:3:2;1:3:2;1:3:2,5,1,1,1,1,0,1,1,1,1,1,5,9,7
47336,0:2:2;1:3:2;1:3:2;1:3:2,5,2,1,1,1,0,1,1,1,1,1,5,9,1
47337,0:2:2;1:3:2;1:3:2;1:3:2,5,3,1,1,1,0,1,1,1,1,1,5,9,1
47338,0:2:2;1:3:2;1:3:2;1:3:2,5,4,1,1,1,0,1,1,1,1,1,5,9,1
47339,0:2:2;1:3:2;1:3:2;1:3:2,5,5,1,1,1,0,1,1,1,1,1,5,9,1
47340,0:2:2;1:3:2;1:3:2;1:3:3,0,0,0,0,0,1,0,0,0,0,0,0,1,24
47341,0:2:2;1:3:2;1:3:2;1:3:3,0,1,0,0,0,1,0,0,0,0,0,0,2,24
47342,0:2:2;1:3:2;1:3:2;1:3:3,0,2,0,0,0,1,0,0,0,0,0,0,12,24
47343,0:2:2;1:3:2;1:3:2;1:3:3,0,3,0,0,0,1,0,0,0,0,0,0,12,24
47344,0:2:2;1:3:2;1:3:2;1:3:3,0,4,0,0,0,1,0,0,0,0,0,0,12,24
47345,0:2:2;1:3:2;1:3:2;1:3:3,0,5,0,0,0,1,0,0,0,0,0,0,12,24
47346,0:2:2;1:3:2;1:3:2;1:3:3,1,0,0,0,0,1,0,0,0,0,0,0,4,24
47347,0:2:2;1:3:2;1:3:2;1:3:3,1,1,0,0,0,1,0,0,0,0,0,0,8,24
47348,0:2:2;1:3:2;1:3:2;1:3:3,1,2,0,0,0,1,0,0,0,0,0,0,26,24
47349,0:2:2;1:3:2;1:3:2;1:3:3,1,3,0,0,0,1,0,0,0,0,0,0,26,24
47350,0:2:2;1:3:2;1:3:2;1:3:3,1,4,0,0,0,1,0,0,0,0,0,0,26,24
47351,0:2:2;1:3:2;1:3:2;1:3:3,1,5,0,0,0,1,0,0,0,0,0,0,26,24
47352,0:2:2;1:3:2;1:3:2;1:3:3,2,0,0,0,0,1,0,0,0,0,0,0,23,24
47353,0:2:2;1:3:2;1:3:2;1:3:3,2,1,0,0,0,1,0,0,0,0,0,0,31,24
47354,0:2:2;1:3:2;1:3:2;1:3:3,2,2,0,0,0,1,0,0,0,0,0,0,46,24
47355,0:2:2;1:3:2;1:3:2;1:3:3,2,3,0,0,0,1,0,0,0,0,0,0,46,24
47356,0:2:2;1:3:2;1:3:2;1:3:3,2,4,0,0,0,1,0,0,0,0,0,0,46,24
47357,0:2:2;1:3:2;1:3:2;1:3:3,2,5,0,0,0,1,0,0,0,0,0,0,46,24
47358,0:2:2;1:3:2;1:3:2;1:3:3,3,0,0,0,0,1,0,0,0,0,0,0,45,24
47359,0:2:2;1:3:2;1:3:2;1:3:3,3,1,0,0,0,1,0,0,0,0,0,0,56,24
47360,0:2:2;1:3:2;1:3:2;1:3:3,3,2,0,0,0,1,0,0,0,0,0,0,68,24
47361,0:2:2;1:3:2;1:3:2;1:3:3,3,3,0,0,0,1,0,0,0,0,0,0,68,24
47362,0:2:2;1:3:2;1:3:2;1:3:3,3,4,0,0,0,1,0,0,0,0,0,0,68,24
47363,0:2:2;1:3:2;1:3:2;1:3:3,3,5,0,0,0,1,0,0,0,0,0,0,68,24
47364,0:2:2;1:3:2;1:3:2;1:3:3,4,0,0,0,0,1,0,0,0,0,0,0,63,24
47365,0:2:2;1:3:2;1:3:2;1:3:3,4,1,0,0,0,1,0,0,0,0,0,0,75,24
47366,0:2:2;1:3:2;1:3:2;1:3:3,4,2,0,0,0,1,0,0,0,0,0,0,87,24
47367,0:2:2;1:3:2;1:3:2;1:3:3,4,3,0,0,0,1,0,0,0,0,0,0,87,24
47368,0:2:2;1:3:2;1:3:2;1:3:3,4,4,0,0,0,1,0,0,0,0,0,0,87,24
47369,0:2:2;1:3:2;1:3:2;1:3:3,4,5,0,0,0,1,0,0,0,0,0,0,87,24
47370,0:2:2;1:3:2;1:3:2;1:3:3,5,0,1,1,1,0,1,1,1,1,1,5,10,7
47371,0:2:2;1:3:2;1:3:2;1:3:3,5,1,1,1,1,0,1,1,1,1,1,5,10,7
47372,0:2:2;1:3:2;1:3:2;1:3:3,5,2,1,1,1,0,1,1,1,1,1,5,10,1
47373,0:2:2;1:3:2;1:3:2;1:3:3,5,3,1,1,1,0,1,1,1,1,1,5,10,1
47374,0:2:2;1:3:2;1:3:2;1:3:3,5,4,1,1,1,0,1,1,1,1,1,5,10,1
47375,0:2:2;1:3:2;1:3:2;1:3:3,5,5,1,1,1,0,1,1,1,1,1,5,10,1
47376,0:2:2;1:3:2;1:3:2;1:4:3,0,0,0,0,0,1,0,0,0,0,0,0,1,24
47377,0:2:2;1:3:2;1:3:2;1:4:3,0,1,0,0,0,1,0,0,0,0,0,0,2,24
47378,0:2:2;1:3:2;1:3:2;1:4:3,0,2,0,0,0,1,0,0,0,0,0,0,12,24
47379,0:2:2;1:3:2;1:3:2;1:4:3,0,3,0,0,0,1,0,0,0,0,0,0,12,24
47380,0:2:2;1:3:2;1:3:2;1:4:3,0,4,0,0,0,1,0,0,0,0,0,0,12,24
47381,0:2:2;1:3:2;1:3:2;1:4:3,0,5,0,0,0,1,0,0,0,0,0,0,12,24
47382,0:2:2;1:3:2;1:3:2;1:4:3,1,0,0,0,0,1,0,0,0,0,0,0,4,24
47383,0:2:2;1:3:2;1:3:2;1:4:3,1,1,0,0,0,1,0,0,0,0,0,0,8,24
47384,0:2:2;1:3:2;1:3:2;1:4:3,1,2,0,0,0,1,0,0,0,0,0,0,26,24
47385,0:2:2;1:3:2;1:3:2;1:4:3,1,3,0,0,0,1,0,0,0,0,0,0,26,24
47386,0:2:2;1:3:2;1:3:2;1:4:3,1,4,0,0,0,1,0,0,0,0,0,0,26,24
47387,0:2:2;1:3:2;1:3:2;1:4:3,1,5,0,0,0,1,0,0,0,0,0,0,26,24
47388,0:2:2;1:3:2;1:3:2;1:4:3,2,0,0,0,0,1,0,0,0,0,0,0,23,24
47389,0:2:2;1:3:2;1:3:2;1:4:3,2,1,0,0,0,1,0,0,0,0,0,0,31,24
47390,0:2:2;1:3:2;1:3:2;1:4:3,2,2,0,0,0,1,0,0,0,0,0,0,46,24
47391,0:2:2;1:3:2;1:3:2;1:4:3,2,3,0,0,0,1,0,0,0,0,0,0,46,24
47392,0:2:2;1:3:2;1:3:2;1:4:3,2,4,0,0,0,1,0,0,0,0,0,0,46,24
47393,0:2:2;1:3:2;1:3:2;1:4:3,2,5,0,0,0,1,0,0,0,0,0,0,46,24
47394,0:2:2;1:3:2;1:3:2;1:4:3,3,0,0,0,0,1,0,0,0,0,0,0,45,24
47395,0:2:2;1:3:2;1:3:2;1:4:3,3,1,0,0,0,1,0,0,0,0,0,0,56,24
47396,0:2:2;1:3:2;1:3:2;1:4:3,3,2,0,0,0,1,0,0,0,0,0,0,68,24
47397,0:2:2;1:3:2;1:3:2;1:4:3,3,3,0,0,0,1,0,0,0,0,0,0,68,24
47398,0:2:2;1:3:2;1:3:2;1:4:3,3,4,0,0,0,1,0,0,0,0,0,0,68,24
47399,0:2:2;1:3:2;1:3:2;1:4:3,3,5,0,0,0,1,0,0,0,0,0,0,68,24
47400,0:2:2;1:3:2;1:3:2;1:4:3,4,0,0,0,0,1,0,0,0,0,0,0,63,24
47401,0:2:2;1:3:2;1:3:2;1:4:3,4,1,0,0,0,1,0,0,0,0,0,0,75,24
47402,0:2:2;1:3:2;1:3:2;1:4:3,4,2,0,0,0,1,0,0,0,0,0,0,87,24
47403,0:2:2;1:3:2;1:3:2;1:4:3,4,3,0,0,0,1,0,0,0,0,0,0,87,24
47404,0:2:2;1:3:2;1:3:2;1:4:3,4,4,0,0,0,1,0,0,0,0,0,0,87,24
47405,0:2:2;1:3:2;1:3:2;1:4:3,4,5,0,0,0,1,0,0,0,0,0,0,87,24
47406,0:2:2;1:3:2;1:3:2;1:4:3,5,0,1,1,1,0,1,1,1,1,1,5,10,7
47407,0:2:2;1:3:2;1:3:2;1:4:3,5,1,1,1,1,0,1,1,1,1,1,5,10,7
47408,0:2:2;1:3:2;1:3:2;1:4:3,5,2,1,1,1,0,1,1,1,1,1,5,10,1
47409,0:2:2;1:3:2;1:3:2;1:4:3,5,3,1,1,1,0,1,1,1,1,1,5,10,1
47410,0:2:2;1:3:2;1:3:2;1:4:3,5,4,1,1,1,0,1,1,1,1,1,5,10,1
47411,0:2:2;1:3:2;1:3:2;1:4:3,5,5,1,1,1,0,1,1,1,1,1,5,10,1
47412,0:2:2;1:3:2;1:3:3;1:3:3,0,0,0,0,0,1,0,0,0,0,0,0,1,24
47413,0:2:2;1:3:2;1:3:3;1:3:3,0,1,0,0,0,1,0,0,0,0,0,0,2,24
47414,0:2:2;1:3:2;1:3:3;1:3:3,0,2,0,0,0,1,0,0,0,0,0,0,12,24
47415,0:2:2;1:3:2;1:3:3;1:3:3,0,3,0,0,0,1,0,0,0,0,0,0,12,24
47416,0:2:2;1:3:2;1:3:3;1:3:3,0,4,0,0,0,1,0,0,0,0,0,0,12,24
47417,0:2:2;1:3:2;1:3:3;1:3:3,0,5,0,0,0,1,0,0,0,0,0,0,12,24
47418,0:2:2;1:3:2;1:3:3;1:3:3,1,0,0,0,0,1,0,0,0,0,0,0,4,24
47419,0:2:2;1:3:2;1:3:3;1:3:3,1,1,0,0,0,1,0,0,0,0,0,0,8,24
47420,0:2:2;1:3:2;1:3:3;1:3:3,1,2,0,0,0,1,0,0,0,0,0,0,27,24
47421,0:2:2;1:3:2;1:3:3;1:3:3,1,3,0,0,0,1,0,0,0,0,0,0,27,24
47422,0:2:2;1:3:2;1:3:3;1:3:3,1,4,0,0,0,1,0,0,0,0,0,0,27,24
47423,0:2:2;1:3:2;1:3:3;1:3:3,1,5,0,0,0,1,0,0,0,0,0,0,27,24
47424,0:2:2;1:3:2;1:3:3;1:3:3,2,0,0,0,0,1,0,0,0,0,0,0,17,24
47425,0:2:2;1:3:2;1:3:3;1:3:3,2,1,0,0,0,1,0,0,0,0,0,0,26,24
47426,0:2:2;1:3:2;1:3:3;1:3:3,2,2,0,0,0,1,0,0,0,0,0,0,49,24
47427,0:2:2;1:3:2;1:3:3;1:3:3,2,3,0,0,0,1,0,0,0,0,0,0,49,24
47428,0:2:2;1:3:2;1:3:3;1:3:3,2,4,0,0,0,1,0,0,0,0,0,0,49,24
47429,0:2:2;1:3:2;1:3:3;1:3:3,2,5,0,0,0,1,0,0,0,0,0,0,49,24
47430,0:2:2;1:3:2;1:3:3;1:3:3,3,0,0,0,0,1,0,0,0,0,0,0,44,24
47431,0:2:2;1:3:2;1:3:3;1:3:3,3,1,0,0,0,1,0,0,0,0,0,0,58,24
47432,0:2:2;1:3:2;1:3:3;1:3:3,3,2,0,0,0,1,0,0,0,0,0,0,76,24
47433,0:2:2;1:3:2;1:3:3;1:3:3,3,3,0,0,0,1,0,0,0,0,0,0,76,24
47434,0:2:2;1:3:2;1:3:3;1:3:3,3,4,0,0,0,1,0,0,0,0,0,0,76,24
47435,0:2:2;1:3:2;1:3:3;1:3:3,3,5,0,0,0,1,0,0,0,0,0,0,76,24
47436,0:2:2;1:3:2;1:3:3;1:3:3,4,0,0,0,0,1,0,0,0,0,0,0,67,24
47437,0:2:2;1:3:2;1:3:3;1:3:3,4,1,0,0,0,1,0,0,0,0,0,0,84,24
47438,0:2:2;1:3:2;1:3:3;1:3:3,4,2,0,0,0,1,0,0,0,0,0,0,102,24
47439,0:2:2;1:3:2;1:3:3;1:3:3,4,3,0,0,0,1,0,0,0,0,0,0,102,24
47440,0:2:2;1:3:2;1:3:3;1:3:3,4,4,0,0,0,1,0,0,0,0,0,0,102,24
47441,0:2:2;1:3:2;1:3:3;1:3:3,4,5,0,0,0,1,0,0,0,0,0,0,102,24
47442,0:2:2;1:3:2;1:3:3;1:3:3,5,0,0,0,0,1,0,0,0,0,0,0,87,24
47443,0:2:2;1:3:2;1:3:3;1:3:3,5,1,0,0,0,1,0,0,0,0,0,0,105,24
47444,0:2:2;1:3:2;1:3:3;1:3:3,5,2,0,0,0,1,0,0,0,0,0,0,123,24
47445,0:2:2;1:3:2;1:3:3;1:3:3,5,3,0,0,0,1,0,0,0,0,0,0,123,24
47446,0:2:2;1:3:2;1:3:3;1:3:3,5,4,0,0,0,1,0,0,0,0,0,0,123,24
47447,0:2:2;1:3:2;1:3:3;1:3:3,5,5,0,0,0,1,0,0,0,0,0,0,123,24
47448,0:2:2;1:3:2;1:3:3;1:4:3,0,0,0,0,0,1,0,0,0,0,0,0,1,24
47449,0:2:2;1:3:2;1:3:3;1:4:3,0,1,0,0,0,1,0,0,0,0,0,0,2,24
47450,0:2:2;1:3:2;1:3:3;1:4:3,0,2,0,0,0,1,0,0,0,0,0,0,12,24
47451,0:2:2;1:3:2;1:3:3;1:4:3,0,3,0,0,0,1,0,0,0,0,0,0,12,24
47452,0:2:2;1:3:2;1:3:3;1:4:3,0,4,0,0,0,1,0,0,0,0,0,0,12,24
47453,0:2:2;1:3:2;1:3:3;1:4:3,0,5,0,0,0,1,0,0,0,0,0,0,12,24
47454,0:2:2;1:3:2;1:3:3;1:4:3,1,0,0,0,0,1,0,0,0,0,0,0,4,24
47455,0:2:2;1:3:2;1:3:3;1:4:3,1,1,0,0,0,1,0,0,0,0,0,0,8,24
47456,0:2:2;1:3:2;1:3:3;1:4:3,1,2,0,0,0,1,0,0,0,0,0,0,27,24
47457,0:2:2;1:3:2;1:3:3;1:4:3,1,3,0,0,0,1,0,0,0,0,0,0,27,24
47458,0:2:2;1:3:2;1:3:3;1:4:3,1,4,0,0,0,1,0,0,0,0,0,0,27,24
47459,0:2:2;1:3:2;1:3:3;1:4:3,1,5,0,0,0,1,0,0,0,0,0,0,27,24
47460,0:2:2;1:3:2;1:3:3;1:4:3,2,0,0,0,0,1,0,0,0,0,0,0,17,24
47461,0:2:2;1:3:2;1:3:3;1:4:3,2,1,0,0,0,1,0,0,0,0,0,0,26,24
47462,0:2:2;1:3:2;1:3:3;1:4:3,2,2,0,0,0,1,0,0,0,0,0,0,49,24
47463,0:2:2;1:3:2;1:3:3;1:4:3,2,3,0,0,0,1,0,0,0,0,0,0,49,24
47464,0:2:2;1:3:2;1:3:3;1:4:3,2,4,0,0,0,1,0,0,0,0,0,0,49,24
47465,0:2:2;1:3:2;1:3:3;1:4:3,2,5,0,0,0,1,0,0,0,0,0,0,49,24
47466,0:2:2;1:3:2;1:3:3;1:4:3,3,0,0,0,0,1,0,0,0,0,0,0,44,24
47467,0:2:2;1:3:2;1:3:3;1:4:3,3,1,0,0,0,1,0,0,0,0,0,0,58,24
47468,0:2:2;1:3:2;1:3:3;1:4:3,3,2,0,0,0,1,0,0,0,0,0,0,76,24
47469,0:2:2;1:3:2;1:3:3;1:4:3,3,3,0,0,0,1,0,0,0,0,0,0,76,24
47470,0:2:2;1:3:2;1:3:3;1:4:3,3,4,0,0,0,1,0,0,0,0,0,0,76,24
47471,0:2:2;1:3:2;1:3:3;1:4:3,3,5,0,0,0,1,0,0,0,0,0,0,76,24
47472,0:2:2;1:3:2;1:3:3;1:4:3,4,0,0,0,0,1,0,0,0,0,0,0,67,24
47473,0:2:2;1:3:2;1:3:3;1:4:3,4,1,0,0,0,1,0,0,0,0,0,0,84,24
47474,0:2:2;1:3:2;1:3:3;1:4:3,4,2,0,0,0,1,0,0,0,0,0,0,102,24
47475,0:2:2;1:3:2;1:3:3;1:4:3,4,3,0,0,0,1,0,0,0,0,0,0,102,24
47476,0:2:2;1:3:2;1:3:3;1:4:3,4,4,0,0,0,1,0,0,0,0,0,0,102,24
47477,0:2:2;1:3:2;1:3:3;1:4:3,4,5,0,0,0,1,0,0,0,0,0,0,102,24
47478,0:2:2;1:3:2;1:3:3;1:4:3,5,0,0,0,0,1,0,0,0,0,0,0,87,24
47479,0:2:2;1:3:2;1:3:3;1:4:3,5,1,0,0,0,1,0,0,0,0,0,0,105,24
47480,0:2:2;1:3:2;1:3:3;1:4:3,5,2,0,0,0,1,0,0,0,0,0,0,123,24
47481,0:2:2;1:3:2;1:3:3;1:4:3,5,3,0,0,0,1,0,0,0,0,0,0,123,24
47482,0:2:2;1:3:2;1:3:3;1:4:3,5,4,0,0,0,1,0,0,0,0,0,0,123,24
47483,0:2:2;1:3:2;1:3:3;1:4:3,5,5,0,0,0,1,0,0,0,0,0,0,123,24
47484,0:2:2;1:3:2;1:4:3;1:4:3,0,0,0,0,0,1,0,0,0,0,0,0,1,24
47485,0:2:2;1:3:2;1:4:3;1:4:3,0,1,0,0,0,1,0,0,0,0,0,0,2,24
47486,0:2:2;1:3:2;1:4:3;1:4:3,0,2,0,0,0,1,0,0,0,0,0,0,12,24
47487,0:2:2;1:3:2;1:4:3;1:4:3,0,3,0,0,0,1,0,0,0,0,0,0,12,24
47488,0:2:2;1:3:2;1:4:3;1:4:3,0,4,0,0,0,1,0,0,0,0,0,0,12,24
47489,0:2:2;1:3:2;1:4:3;1:4:3,0,5,0,0,0,1,0,0,0,0,0,0,12,24
47490,0:2:2;1:3:2;1:4:3;1:4:3,1,0,0,0,0,1,0,0,0,0,0,0,4,24
47491,0:2:2;1:3:2;1:4:3;1:4:3,1,1,0,0,0,1,0,0,0,0,0,0,8,24
47492,0:2:2;1:3:2;1:4:3;1:4:3,1,2,0,0,0,1,0,0,0,0,0,0,27,24
47493,0:2:2;1:3:2;1:4:3;1:4:3,1,3,0,0,0,1,0,0,0,0,0,0,27,24
47494,0:2:2;1:3:2;1:4:3;1:4:3,1,4,0,0,0,1,0,0,0,0,0,0,27,24
47495,0:2:2;1:3:2;1:4:3;1:4:3,1,5,0,0,0,1,0,0,0,0,0,0,27,24
47496,0:2:2;1:3:2;1:4:3;1:4:3,2,0,0,0,0,1,0,0,0,0,0,0,17,24
47497,0:2:2;1:3:2;1:4:3;1:4:3,2,1,0,0,0,1,0,0,0,0,0,0,26,24
47498,0:2:2;1:3:2;1:4:3;1:4:3,2,2,0,0,0,1,0,0,0,0,0,0,49,24
47499,0:2:2;1:3:2;1:4:3;1:4:3,2,3,0,0,0,1,0,0,0,0,0,0,49,24
47500,0:2:2;1:3:2;1:4:3;1:4:3,2,4,0,0,0,1,0,0,0,0,0,0,49,24
47501,0:2:2;1:3:2;1:4:3;1:4:3,2,5,0,0,0,1,0,0,0,0,0,0,49,24
47502,0:2:2;1:3:2;1:4:3;1:4:3,3,0,0,0,0,1,0,0,0,0,0,0,44,24
47503,0:2:2;1:3:2;1:4:3;1:4:3,3,1,0,0,0,1,0,0,0,0,0,0,58,24
47504,0:2:2;1:3:2;1:4:3;1:4:3,3,2,0,0,0,1,0,0,0,0,0,0,76,24
47505,0:2:2;1:3:2;1:4:3;1:4:3,3,3,0,0,0,1,0,0,0,0,0,0,76,24
47506,0:2:2;1:3:2;1:4:3;1:4:3,3,4,0,0,0,1,0,0,0,0,0,0,76,24
47507,0:2:2;1:3:2;1:4:3;1:4:3,3,5,0,0,0,1,0,0,0,0,0,0,76,24
47508,0:2:2;1:3:2;1:4:3;1:4:3,4,0,0,0,0,1,0,0,0,0,0,0,67,24
47509,0:2:2;1:3:2;1:4:3;1:4:3,4,1,0,0,0,1,0,0,0,0,0,0,84,24
47510,0:2:2;1:3:2;1:4:3;1:4:3,4,2,0,0,0,1,0,0,0,0,0,0,102,24
47511,0:2:2;1:3:2;1:4:3;1:4:3,4,3,0,0,0,1,0,0,0,0,0,0,102,24
47512,0:2:2;1:3:2;1:4:3;1:4:3,4,4,0,0,0,1,0,0,0,0,0,0,102,24
47513,0:2:2;1:3:2;1:4:3;1:4:3,4,5,0,0,0,1,0,0,0,0,0,0,102,24
47514,0:2:2;1:3:2;1:4:3;1:4:3,5,0,0,0,0,1,0,0,0,0,0,0,87,24
47515,0:2:2;1:3:2;1:4:3;1:4:3,5,1,0,0,0,1,0,0,0,0,0,0,105,24
47516,0:2:2;1:3:2;1:4:3;1:4:3,5,2,0,0,0,1,0,0,0,0,0,0,123,24
47517,0:2:2;1:3:2;1:4:3;1:4:3,5,3,0,0,0,1,0,0,0,0,0,0,123,24
47518,0:2:2;1:3:2;1:4:3;1:4:3,5,4,0,0,0,1,0,0,0,0,0,0,123,24
47519,0:2:2;1:3:2;1:4:3;1:4:3,5,5,0,0,0,1,0,0,0,0,0,0,123,24
47520,0:2:2;1:3:3;1:3:3;1:3:3,0,0,0,0,0,1,0,0,0,0,0,0,1,24
47521,0:2:2;1:3:3;1:3:3;1:3:3,0,1,0,0,0,1,0,0,0,0,0,0,2,24
47522,0:2:2;1:3:3;1:3:3;1:3:3,0,2,0,0,0,1,0,0,0,0,0,0,12,24
47523,0:2:2;1:3:3;1:3:3;1:3:3,0,3,0,0,0,1,0,0,0,0,0,0,12,24
47524,0:2:2;1:3:3;1:3:3;1:3:3,0,4,0,0,0,1,0,0,0,0,0,0,12,24
47525,0:2:2;1:3:3;1:3:3;1:3:3,0,5,0,0,0,1,0,0,0,0,0,0,12,24
47526,0:2:2;1:3:3;1:3:3;1:3:3,1,0,0,0,0,1,0,0,0,0,0,0,4,24
47527,0:2:2;1:3:3;1:3:3;1:3:3,1,1,0,0,0,1,0,0,0,0,0,0,8,24
47528,0:2:2;1:3:3;1:3:3;1:3:3,1,2,0,0,0,1,0,0,0,0,0,0,28,24
47529,0:2:2;1:3:3;1:3:3;1:3:3,1,3,0,0,0,1,0,0,0,0,0,0,28,24
47530,0:2:2;1:3:3;1:3:3;1:3:3,1,4,0,0,0,1,0,0,0,0,0,0,28,24
47531,0:2:2;1:3:3;1:3:3;1:3:3,1,5,0,0,0,1,0,0,0,0,0,0,28,24
47532,0:2:2;1:3:3;1:3:3;1:3:3,2,0,0,0,0,1,0,0,0,0,0,0,10,24
47533,0:2:2;1:3:3;1:3:3;1:3:3,2,1,0,0,0,1,0,0,0,0,0,0,20,24
47534,0:2:2;1:3:3;1:3:3;1:3:3,2,2,0,0,0,1,0,0,0,0,0,0,52,24
47535,0:2:2;1:3:3;1:3:3;1:3:3,2,3,0,0,0,1,0,0,0,0,0,0,52,24
47536,0:2:2;1:3:3;1:3:3;1:3:3,2,4,0,0,0,1,0,0,0,0,0,0,52,24
47537,0:2:2;1:3:3;1:3:3;1:3:3,2,5,0,0,0,1,0,0,0,0,0,0,52,24
47538,0:2:2;1:3:3;1:3:3;1:3:3,3,0,0,0,0,1,0,0,0,0,0,0,41,24
47539,0:2:2;1:3:3;1:3:3;1:3:3,3,1,0,0,0,1,0,0,0,0,0,0,58,24
47540,0:2:2;1:3:3;1:3:3;1:3:3,3,2,0,0,0,1,0,0,0,0,0,0,84,24
47541,0:2:2;1:3:3;1:3:3;1:3:3,3,3,0,0,0,1,0,0,0,0,0,0,84,24
47542,0:2:2;1:3:3;1:3:3;1:3:3,3,4,0,0,0,1,0,0,0,0,0,0,84,24
47543,0:2:2;1:3:3;1:3:3;1:3:3,3,5,0,0,0,1,0,0,0,0,0,0,84,24
47544,0:2:2;1:3:3;1:3:3;1:3:3,4,0,0,0,0,1,0,0,0,0,0,0,68,24
47545,0:2:2;1:3:3;1:3:3;1:3:3,4,1,0,0,0,1,0,0,0,0,0,0,91,24
47546,0:2:2;1:3:3;1:3:3;1:3:3,4,2,0,0,0,1,0,0,0,0,0,0,118,24
47547,0:2:2;1:3:3;1:3:3;1:3:3,4,3,0,0,0,1,0,0,0,0,0,0,118,24
47548,0:2:2;1:3:3;1:3:3;1:3:3,4,4,0,0,0,1,0,0,0,0,0,0,118,24
47549,0:2:2;1:3:3;1:3:3;1:3:3,4,5,0,0,0,1,0,0,0,0,0,0,118,24
47550,0:2:2;1:3:3;1:3:3;1:3:3,5,0,0,0,0,1,0,0,0,0,0,0,95,24
47551,0:2:2;1:3:3;1:3:3;1:3:3,5,1,0,0,0,1,0,0,0,0,0,0,121,24
47552,0:2:2;1:3:3;1:3:3;1:3:3,5,2,0,0,0,1,0,0,0,0,0,0,148,24
47553,0:2:2;1:3:3;1:3:3;1:3:3,5,3,0,0,0,1,0,0,0,0,0,0,148,24
47554,0:2:2;1:3:3;1:3:3;1:3:3,5,4,0,0,0,1,0,0,0,0,0,0,148,24
47555,0:2:2;1:3:3;1:3:3;1:3:3,5,5,0,0,0,1,0,0,0,0,0,0,148,24
47556,0:2:2;1:3:3;1:3:3;1:4:3,0,0,0,0,0,1,0,0,0,0,0,0,1,24
47557,0:2:2;1:3:3;1:3:3;1:4:3,0,1,0,0,0,1,0,0,0,0,0,0,2,24
47558,0:2:2;1:3:3;1:3:3;1:4:3,0,2,0,0,0,1,0,0,0,0,0,0,12,24
47559,0:2:2;1:3:3;1:3:3;1:4:3,0,3,0,0,0,1,0,0,0,0,0,0,12,24
47560,0:2:2;1:3:3;1:3:3;1:4:3,0,4,0,0,0,1,0,0,0,0,0,0,12,24
47561,0:2:2;1:3:3;1:3:3;1:4:3,0,5,0,0,0,1,0,0,0,0,0,0,12,24
47562,0:2:2;1:3:3;1:3:3;1:4:3,1,0,0,0,0,1,0,0,0,0,0,0,4,24
47563,0:2:2;1:3:3;1:3:3;1:4:3,1,1,0,0,0,1,0,0,0,0,0,0,8,24
47564,0:2:2;1:3:3;1:3:3;1:4:3,1,2,0,0,0,1,0,0,0,0,0,0,28,24
47565,0:2:2;1:3:3;1:3:3;1:4:3,1,3,0,0,0,1,0,0,0,0,0,0,28,24
47566,0:2:2;1:3:3;1:3:3;1:4:3,1,4,0,0,0,1,0,0,0,0,0,0,28,24
47567,0:2:2;1:3:3;1:3:3;1:4:3,1,5,0,0,0,1,0,0,0,0,0,0,28,24
47568,0:2:2;1:3:3;1:3:3;1:4:3,2,0,0,0,0,1,0,0,0,0,0,0,10,24
47569,0:2:2;1:3:3;1:3:3;1:4:3,2,1,0,0,0,1,0,0,0,0,0,0,20,24
47570,0:2:2;1:3:3;1:3:3;1:4:3,2,2,0,0,0,1,0,0,0,0,0,0,52,24
47571,0:2:2;1:3:3;1:3:3;1:4:3,2,3,0,0,0,1,0,0,0,0,0,0,52,24
47572,0:2:2;1:3:3;1:3:3;1:4:3,2,4,0,0,0,1,0,0,0,0,0,0,52,24
47573,0:2:2;1:3:3;1:3:3;1:4:3,2,5,0,0,0,1,0,0,0,0,0,0,52,24
47574,0:2:2;1:3:3;1:3:3;1:4:3,3,0,0,0,0,1,0,0,0,0,0,0,41,24
47575,0:2:2;1:3:3;1:3:3;1:4:3,3,1,0,0,0,1,0,0,0,0,0,0,58,24
47576,0:2:2;1:3:3;1:3:3;1:4:3,3,2,0,0,0,1,0,0,0,0,0,0,84,24
47577,0:2:2;1:3:3;1:3:3;1:4:3,3,3,0,0,0,1,0,0,0,0,0,0,84,24
47578,0:2:2;1:3:3;1:3:3;1:4:3,3,4,0,0,0,1,0,0,0,0,0,0,84,24
47579,0:2:2;1:3:3;1:3:3;1:4:3,3,5,0,0,0,1,0,0,0,0,0,0,84,24
47580,0:2:2;1:3:3;1:3:3;1:4:3,4,0,0,0,0,1,0,0,0,0,0,0,68,24
47581,0:2:2;1:3:3;1:3:3;1:4:3,4,1,0,0,0,1,0,0,0,0,0,0,91,24
47582,0:2:2;1:3:3;1:3:3;1:4:3,4,2,0,0,0,1,0,0,0,0,0,0,118,24
47583,0:2:2;1:3:3;1:3:3;1:4:3,4,3,0,0,0,1,0,0,0,0,0,0,118,24
47584,0:2:2;1:3:3;1:3:3;1:4:3,4,4,0,0,0,1,0,0,0,0,0,0,118,24
47585,0:2:2;1:3:3;1:3:3;1:4:3,4,5,0,0,0,1,0,0,0,0,0,0,118,24
47586,0:2:2;1:3:3;1:3:3;1:4:3,5,0,0,0,0,1,0,0,0,0,0,0,95,24
47587,0:2:2;1:3:3;1:3:3;1:4:3,5,1,0,0,0,1,0,0,0,0,0,0,121,24
47588,0:2:2;1:3:3;1:3:3;1:4:3,5,2,0,0,0,1,0,0,0,0,0,0,148,24
47589,0:2:2;1:3:3;1:3:3;1:4:3,5,3,0,0,0,1,0,0,0,0,0,0,148,24
47590,0:2:2;1:3:3;1:3:3;1:4:3,5,4,0,0,0,1,0,0,0,0,0,0,148,24
47591,0:2:2;1:3:3;1:3:3;1:4:3,5,5,0,0,0,1,0,0,0,0,0,0,148,24
47592,0:2:2;1:3:3;1:4:3;1:4:3,0,0,0,0,0,1,0,0,0,0,0,0,1,24
47593,0:2:2;1:3:3;1:4:3;1:4:3,0,1,0,0,0,1,0,0,0,0,0,0,2,24
47594,0:2:2;1:3:3;1:4:3;1:4:3,0,2,0,0,0,1,0,0,0,0,0,0,12,24
47595,0:2:2;1:3:3;1:4:3;1:4:3,0,3,0,0,0,1,0,0,0,0,0,0,12,24
47596,0:2:2;1:3:3;1:4:3;1:4:3,0,4,0,0,0,1,0,0,0,0,0,0,12,24
47597,0:2:2;1:3:3;1:4:3;1:4:3,0,5,0,0,0,1,0,0,0,0,0,0,12,24
47598,0:2:2;1:3:3;1:4:3;1:4:3,1,0,0,0,0,1,0,0,0,0,0,0,4,24
47599,0:2:2;1:3:3;1:4:3;1:4:3,1,1,0,0,0,1,0,0,0,0,0,0,8,24
47600,0:2:2;1:3:3;1:4:3;1:4:3,1,2,0,0,0,1,0,0,0,0,0,0,28,24
47601,0:2:2;1:3:3;1:4:3;1:4:3,1,3,0,0,0,1,0,0,0,0,0,0,28,24
47602,0:2:2;1:3:3;1:4:3;1:4:3,1,4,0,0,0,1,0,0,0,0,0,0,28,24
47603,0:2:2;1:3:3;1:4:3;1:4:3,1,5,0,0,0,1,0,0,0,0,0,0,28,24
47604,0:2:2;1:3:3;1:4:3;1:4:3,2,0,0,0,0,1,0,0,0,0,0,0,10,24
47605,0:2:2;1:3:3;1:4:3;1:4:3,2,1,0,0,0,1,0,0,0,0,0,0,20,24
47606,0:2:2;1:3:3;1:4:3;1:4:3,2,2,0,0,0,1,0,0,0,0,0,0,52,24
47607,0:2:2;1:3:3;1:4:3;1:4:3,2,3,0,0,0,1,0,0,0,0,0,0,52,24
47608,0:2:2;1:3:3;1:4:3;1:4:3,2,4,0,0,0,1,0,0,0,0,0,0,52,24
47609,0:2:2;1:3:3;1:4:3;1:4:3,2,5,0,0,0,1,0,0,0,0,0,0,52,24
47610,0:2:2;1:3:3;1:4:3;1:4:3,3,0,0,0,0,1,0,0,0,0,0,0,41,24
47611,0:2:2;1:3:3;1:4:3;1:4:3,3,1,0,0,0,1,0,0,0,0,0,0,58,24
47612,0:2:2;1:3:3;1:4:3;1:4:3,3,2,0,0,0,1,0,0,0,0,0,0,84,24
47613,0:2:2;1:3:3;1:4:3;1:4:3,3,3,0,0,0,1,0,0,0,0,0,0,84,24
47614,0:2:2;1:3:3;1:4:3;1:4:3,3,4,0,0,0,1,0,0,0,0,0,0,84,24
47615,0:2:2;1:3:3;1:4:3;1:4:3,3,5,0,0,0,1,0,0,0,0,0,0,84,24
47616,0:2:2;1:3:3;1:4:3;1:4:3,4,0,0,0,0,1,0,0,0,0,0,0,68,24
47617,0:2:2;1:3:3;1:4:3;1:4:3,4,1,0,0,0,1,0,0,0,0,0,0,91,24
47618,0:2:2;1:3:3;1:4:3;1:4:3,4,2,0,0,0,1,0,0,0,0,0,0,118,24
47619,0:2:2;1:3:3;1:4:3;1:4:3,4,3,0,0,0,1,0,0,0,0,0,0,118,24
47620,0:2:2;1:3:3;1:4:3;1:4:3,4,4,0,0,0,1,0,0,0,0,0,0,118,24
47621,0:2:2;1:3:3;1:4:3;1:4:3,4,5,0,0,0,1,0,0,0,0,0,0,118,24
47622,0:2:2;1:3:3;1:4:3;1:4:3,5,0,0,0,0,1,0,0,0,0,0,0,95,24
47623,0:2:2;1:3:3;1:4:3;1:4:3,5,1,0,0,0,1,0,0,0,0,0,0,121,24
47624,0:2:2;1:3:3;1:4:3;1:4:3,5,2,0,0,0,1,0,0,0,0,0,0,148,24
47625,0:2:2;1:3:3;1:4:3;1:4:3,5,3,0,0,0,1,0,0,0,0,0,0,148,24
47626,0:2:2;1:3:3;1:4:3;1:4:3,5,4,0,0,0,1,0,0,0,0,0,0,148,24
47627,0:2:2;1:3:3;1:4:3;1:4:3,5,5,0,0,0,1,0,0,0,0,0,0,148,24
47628,0:2:2;1:4:3;1:4:3;1:4:3,0,0,0,0,0,1,0,0,0,0,0,0,1,24
47629,0:2:2;1:4:3;1:4:3;1:4:3,0,1,0,0,0,1,0,0,0,0,0,0,2,24
47630,0:2:2;1:4:3;1:4:3;1:4:3,0,2,0,0,0,1,0,0,0,0,0,0,12,24
47631,0:2:2;1:4:3;1:4:3;1:4:3,0,3,0,0,0,1,0,0,0,0,0,0,12,24
47632,0:2:2;1:4:3;1:4:3;1:4:3,0,4,0,0,0,1,0,0,0,0,0,0,12,24
47633,0:2:2;1:4:3;1:4:3;1:4:3,0,5,0,0,0,1,0,0,0,0,0,0,12,24
47634,0:2:2;1:4:3;1:4:3;1:4:3,1,0,0,0,0,1,0,0,0,0,0,0,4,24
47635,0:2:2;1:4:3;1:4:3;1:4:3,1,1,0,0,0,1,0,0,0,0,0,0,8,24
47636,0:2:2;1:4:3;1:4:3;1:4:3,1,2,0,0,0,1,0,0,0,0,0,0,28,24
47637,0:2:2;1:4:3;1:4:3;1:4:3,1,3,0,0,0,1,0,0,0,0,0,0,28,24
47638,0:2:2;1:4:3;1:4:3;1:4:3,1,4,0,0,0,1,0,0,0,0,0,0,28,24
47639,0:2:2;1:4:3;1:4:3;1:4:3,1,5,0,0,0,1,0,0,0,0,0,0,28,24
47640,0:2:2;1:4:3;1:4:3;1:4:3,2,0,0,0,0,1,0,0,0,0,0,0,10,24
47641,0:2:2;1:4:3;1:4:3;1:4:3,2,1,0,0,0,1,0,0,0,0,0,0,20,24
47642,0:2:2;1:4:3;1:4:3;1:4:3,2,2,0,0,0,1,0,0,0,0,0,0,52,24
47643,0:2:2;1:4:3;1:4:3;1:4:3,2,3,0,0,0,1,0,0,0,0,0,0,52,24
47644,0:2:2;1:4:3;1:4:3;1:4:3,2,4,0,0,0,1,0,0,0,0,0,0,52,24
47645,0:2:2;1:4:3;1:4:3;1:4:3,2,5,0,0,0,1,0,0,0,0,0,0,52,24
47646,0:2:2;1:4:3;1:4:3;1:4:3,3,0,0,0,0,1,0,0,0,0,0,0,41,24
47647,0:2:2;1:4:3;1:4:3;1:4:3,3,1,0,0,0,1,0,0,0,0,0,0,58,24
47648,0:2:2;1:4:3;1:4:3;1:4:3,3,2,0,0,0,1,0,0,0,0,0,0,84,24
47649,0:2:2;1:4:3;1:4:3;1:4:3,3,3,0,0,0,1,0,0,0,0,0,0,84,24
47650,0:2:2;1:4:3;1:4:3;1:4:3,3,4,0,0,0,1,0,0,0,0,0,0,84,24
47651,0:2:2;1:4:3;1:4:3;1:4:3,3,5,0,0,0,1,0,0,0,0,0,0,84,24
47652,0:2:2;1:4:3;1:4:3;1:4:3,4,0,0,0,0,1,0,0,0,0,0,0,68,24
47653,0:2:2;1:4:3;1:4:3;1:4:3,4,1,0,0,0,1,0,0,0,0,0,0,91,24
47654,0:2:2;1:4:3;1:4:3;1:4:3,4,2,0,0,0,1,0,0,0,0,0,0,118,24
47655,0:2:2;1:4:3;1:4:3;1:4:3,4,3,0,0,0,1,0,0,0,0,0,0,118,24
47656,0:2:2;1:4:3;1:4:3;1:4:3,4,4,0,0,0,1,0,0,0,0,0,0,118,24
47657,0:2:2;1:4:3;1:4:3;1:4:3,4,5,0,0,0,1,0,0,0,0,0,0,118,24
47658,0:2:2;1:4:3;1:4:3;1:4:3,5,0,0,0,0,1,0,0,0,0,0,0,95,24
47659,0:2:2;1:4:3;1:4:3;1:4:3,5,1,0,0,0,1,0,0,0,0,0,0,121,24
47660,0:2:2;1:4:3;1:4:3;1:4:3,5,2,0,0,0,1,0,0,0,0,0,0,148,24
47661,0:2:2;1:4:3;1:4:3;1:4:3,5,3,0,0,0,1,0,0,0,0,0,0,148,24
47662,0:2:2;1:4:3;1:4:3;1:4:3,5,4,0,0,0,1,0,0,0,0,0,0,148,24
47663,0:2:2;1:4:3;1:4:3;1:4:3,5,5,0,0,0,1,0,0,0,0,0,0,148,24
47664,0:3:2;0:3:2;0:3:2;0:3:2,0,0,0,0,0,1,0,0,0,0,0,0,1,24
47665,0:3:2;0:3:2;0:3:2;0:3:2,0,1,0,0,0,1,0,0,0,0,0,0,5,24
47666,0:3:2;0:3:2;0:3:2;0:3:2,0,2,0,0,0,1,0,0,0,0,0,0,15,24
47667,0:3:2;0:3:2;0:3:2;0:3:2,0,3,0,0,0,1,0,0,0,0,0,0,31,24
47668,0:3:2;0:3:2;0:3:2;0:3:2,0,4,0,0,0,1,0,0,0,0,0,0,50,24
47669,0:3:2;0:3:2;0:3:2;0:3:2,0,5,0,0,0,1,0,0,0,0,0,0,66,24
47670,0:3:2;0:3:2;0:3:2;0:3:2,1,0,0,0,0,1,0,0,0,0,0,0,1,24
47671,0:3:2;0:3:2;0:3:2;0:3:2,1,1,0,0,0,1,0,0,0,0,0,0,5,24
47672,0:3:2;0:3:2;0:3:2;0:3:2,1,2,0,0,0,1,0,0,0,0,0,0,15,24
47673,0:3:2;0:3:2;0:3:2;0:3:2,1,3,0,0,0,1,0,0,0,0,0,0,31,24
47674,0:3:2;0:3:2;0:3:2;0:3:2,1,4,0,0,0,1,0,0,0,0,0,0,50,24
47675,0:3:2;0:3:2;0:3:2;0:3:2,1,5,0,0,0,1,0,0,0,0,0,0,66,24
47676,0:3:2;0:3:2;0:3:2;0:3:2,2,0,0,0,0,1,0,0,0,0,0,0,1,24
47677,0:3:2;0:3:2;0:3:2;0:3:2,2,1,0,0,0,1,0,0,0,0,0,0,5,24
47678,0:3:2;0:3:2;0:3:2;0:3:2,2,2,0,0,0,1,0,0,0,0,0,0,15,24
47679,0:3:2;0:3:2;0:3:2;0:3:2,2,3,0,0,0,1,0,0,0,0,0,0,31,24
47680,0:3:2;0:3:2;0:3:2;0:3:2,2,4,0,0,0,1,0,0,0,0,0,0,50,24
47681,0:3:2;0:3:2;0:3:2;0:3:2,2,5,0,0,0,1,0,0,0,0,0,0,66,24
47682,0:3:2;0:3:2;0:3:2;0:3:2,3,0,0,0,0,1,0,0,0,0,0,0,1,24
47683,0:3:2;0:3:2;0:3:2;0:3:2,3,1,0,0,0,1,0,0,0,0,0,0,5,24
47684,0:3:2;0:3:2;0:3:2;0:3:2,3,2,0,0,0,1,0,0,0,0,0,0,15,24
47685,0:3:2;0:3:2;0:3:2;0:3:2,3,3,0,0,0,1,0,0,0,0,0,0,31,24
47686,0:3:2;0:3:2;0:3:2;0:3:2,3,4,0,0,0,1,0,0,0,0,0,0,50,24
47687,0:3:2;0:3:2;0:3:2;0:3:2,3,5,0,0,0,1,0,0,0,0,0,0,66,24
47688,0:3:2;0:3:2;0:3:2;0:3:2,4,0,0,0,0,1,0,0,0,0,0,0,1,24
47689,0:3:2;0:3:2;0:3:2;0:3:2,4,1,0,0,0,1,0,0,0,0,0,0,5,24
47690,0:3:2;0:3:2;0:3:2;0:3:2,4,2,0,0,0,1,0,0,0,0,0,0,15,24
47691,0:3:2;0:3:2;0:3:2;0:3:2,4,3,0,0,0,1,0,0,0,0,0,0,31,24
47692,0:3:2;0:3:2;0:3:2;0:3:2,4,4,0,0,0,1,0,0,0,0,0,0,50,24
47693,0:3:2;0:3:2;0:3:2;0:3:2,4,5,0,0,0,1,0,0,0,0,0,0,66,24
47694,0:3:2;0:3:2;0:3:2;0:3:2,5,0,0,0,0,1,0,0,0,0,0,0,1,24
47695,0:3:2;0:3:2;0:3:2;0:3:2,5,1,0,0,0,1,0,0,0,0,0,0,5,24
47696,0:3:2;0:3:2;0:3:2;0:3:2,5,2,0,0,0,1,0,0,0,0,0,0,15,24
47697,0:3:2;0:3:2;0:3:2;0:3:2,5,3,0,0,0,1,0,0,0,0,0,0,31,24
47698,0:3:2;0:3:2;0:3:2;0:3:2,5,4,0,0,0,1,0,0,0,0,0,0,50,24
47699,0:3:2;0:3:2;0:3:2;0:3:2,5,5,0,0,0,1,0,0,0,0,0,0,66,24
47700,0:3:2;0:3:2;0:3:2;0:3:3,0,0,0,0,0,1,0,0,0,0,0,0,1,24
47701,0:3:2;0:3:2;0:3:2;0:3:3,0,1,0,0,0,1,0,0,0,0,0,0,5,24
47702,0:3:2;0:3:2;0:3:2;0:3:3,0,2,0,0,0,1,0,0,0,0,0,0,15,24
47703,0:3:2;0:3:2;0:3:2;0:3:3,0,3,0,0,0,1,0,0,0,0,0,0,32,24
47704,0:3:2;0:3:2;0:3:2;0:3:3,0,4,0,0,0,1,0,0,0,0,0,0,54,24
47705,0:3:2;0:3:2;0:3:2;0:3:3,0,5,0,0,0,1,0,0,0,0,0,0,76,24
47706,0:3:2;0:3:2;0:3:2;0:3:3,1,0,0,0,0,1,0,0,0,0,0,0,1,24
47707,0:3:2;0:3:2;0:3:2;0:3:3,1,1,0,0,0,1,0,0,0,0,0,0,5,24
47708,0:3:2;0:3:2;0:3:2;0:3:3,1,2,0,0,0,1,0,0,0,0,0,0,15,24
47709,0:3:2;0:3:2;0:3:2;0:3:3,1,3,0,0,0,1,0,0,0,0,0,0,32,24
47710,0:3:2;0:3:2;0:3:2;0:3:3,1,4,0,0,0,1,0,0,0,0,0,0,54,24
47711,0:3:2;0:3:2;0:3:2;0:3:3,1,5,0,0,0,1,0,0,0,0,0,0,76,24
47712,0:3:2;0:3:2;0:3:2;0:3:3,2,0,0,0,0,1,0,0,0,0,0,0,1,24
47713,0:3:2;0:3:2;0:3:2;0:3:3,2,1,0,0,0,1,0,0,0,0,0,0,5,24
47714,0:3:2;0:3:2;0:3:2;0:3:3,2,2,0,0,0,1,0,0,0,0,0,0,15,24
47715,0:3:2;0:3:2;0:3:2;0:3:3,2,3,0,0,0,1,0,0,0,0,0,0,32,24
47716,0:3:2;0:3:2;0:3:2;0:3:3,2,4,0,0,0,1,0,0,0,0,0,0,54,24
47717,0:3:2;0:3:2;0:3:2;0:3:3,2,5,0,0,0,1,0,0,0,0,0,0,76,24
47718,0:3:2;0:3:2;0:3:2;0:3:3,3,0,0,0,0,1,0,0,0,0,0,0,1,24
47719,0:3:2;0:3:2;0:3:2;0:3:3,3,1,0,0,0,1,0,0,0,0,0,0,5,24
47720,0:3:2;0:3:2;0:3:2;0:3:3,3,2,0,0,0,1,0,0,0,0,0,0,15,24
47721,0:3:2;0:3:2;0:3:2;0:3:3,3,3,0,0,0,1,0,0,0,0,0,0,32,24
47722,0:3:2;0:3:2;0:3:2;0:3:3,3,4,0,0,0,1,0,0,0,0,0,0,54,24
47723,0:3:2;0:3:2;0:3:2;0:3:3,3,5,0,0,0,1,0,0,0,0,0,0,76,24
47724,0:3:2;0:3:2;0:3:2;0:3:3,4,0,0,0,0,1,0,0,0,0,0,0,1,24
47725,0:3:2;0:3:2;0:3:2;0:3:3,4,1,0,0,0,1,0,0,0,0,0,0,5,24
47726,0:3:2;0:3:2;0:3:2;0:3:3,4,2,0,0,0,1,0,0,0,0,0,0,15,24
47727,0:3:2;0:3:2;0:3:2;0:3:3,4,3,0,0,0,1,0,0,0,0,0,0,32,24
47728,0:3:2;0:3:2;0:3:2;0:3:3,4,4,0,0,0,1,0,0,0,0,0,0,54,24
47729,0:3:2;0:3:2;0:3:2;0:3:3,4,5,0,0,0,1,0,0,0,0,0,0,76,24
47730,0:3:2;0:3:2;0:3:2;0:3:3,5,0,0,0,0,1,0,0,0,0,0,0,1,24
47731,0:3:2;0:3:2;0:3:2;0:3:3,5,1,0,0,0,1,0,0,0,0,0,0,5,24
47732,0:3:2;0:3:2;0:3:2;0:3:3,5,2,0,0,0,1,0,0,0,0,0,0,15,24
47733,0:3:2;0:3:2;0:3:2;0:3:3,5,3,0,0,0,1,0,0,0,0,0,0,32,24
47734,0:3:2;0:3:2;0:3:2;0:3:3,5,4,0,0,0,1,0,0,0,0,0,0,54,24
47735,0:3:2;0:3:2;0:3:2;0:3:3,5,5,0,0,0,1,0,0,0,0,0,0,76,24
47736,0:3:2;0:3:2;0:3:2;0:4:3,0,0,0,0,0,1,0,0,0,0,0,0,1,24
47737,0:3:2;0:3:2;0:3:2;0:4:3,0,1,0,0,0,1,0,0,0,0,0,0,5,24
47738,0:3:2;0:3:2;0:3:2;0:4:3,0,2,0,0,0,1,0,0,0,0,0,0,15,24
47739,0:3:2;0:3:2;0:3:2;0:4:3,0,3,0,0,0,1,0,0,0,0,0,0,32,24
47740,0:3:2;0:3:2;0:3:2;0:4:3,0,4,0,0,0,1,0,0,0,0,0,0,54,24
47741,0:3:2;0:3:2;0:3:2;0:4:3,0,5,0,0,0,1,0,0,0,0,0,0,76,24
47742,0:3:2;0:3:2;0:3:2;0:4:3,1,0,0,0,0,1,0,0,0,0,0,0,1,24
47743,0:3:2;0:3:2;0:3:2;0:4:3,1,1,0,0,0,1,0,0,0,0,0,0,5,24
47744,0:3:2;0:3:2;0:3:2;0:4:3,1,2,0,0,0,1,0,0,0,0,0,0,15,24
47745,0:3:2;0:3:2;0:3:2;0:4:3,1,3,0,0,0,1,0,0,0,0,0,0,32,24
47746,0:3:2;0:3:2;0:3:2;0:4:3,1,4,0,0,0,1,0,0,0,0,0,0,54,24
47747,0:3:2;0:3:2;0:3:2;0:4:3,1,5,0,0,0,1,0,0,0,0,0,0,76,24
47748,0:3:2;0:3:2;0:3:2;0:4:3,2,0,0,0,0,1,0,0,0,0,0,0,1,24
47749,0:3:2;0:3:2;0:3:2;0:4:3,2,1,0,0,0,1,0,0,0,0,0,0,5,24
47750,0:3:2;0:3:2;0:3:2;0:4:3,2,2,0,0,0,1,0,0,0,0,0,0,15,24
47751,0:3:2;0:3:2;0:3:2;0:4:3,2,3,0,0,0,1,0,0,0,0,0,0,32,24
47752,0:3:2;0:3:2;0:3:2;0:4:3,2,4,0,0,0,1,0,0,0,0,0,0,54,24
47753,0:3:2;0:3:2;0:3:2;0:4:3,2,5,0,0,0,1,0,0,0,0,0,0,76,24
47754,0:3:2;0:3:2;0:3:2;0:4:3,3,0,0,0,0,1,0,0,0,0,0,0,1,24
47755,0:3:2;0:3:2;0:3:2;0:4:3,3,1,0,0,0,1,0,0,0,0,0,0,5,24
47756,0:3:2;0:3:2;0:3:2;0:4:3,3,2,0,0,0,1,0,0,0,0,0,0,15,24
47757,0:3:2;0:3:2;0:3:2;0:4:3,3,3,0,0,0,1,0,0,0,0,0,0,32,24
47758,0:3:2;0:3:2;0:3:2;0:4:3,3,4,0,0,0,1,0,0,0,0,0,0,54,24
47759,0:3:2;0:3:2;0:3:2;0:4:3,3,5,0,0,0,1,0,0,0,0,0,0,76,24
47760,0:3:2;0:3:2;0:3:2;0:4:3,4,0,0,0,0,1,0,0,0,0,0,0,1,24
47761,0:3:2;0:3:2;0:3:2;0:4:3,4,1,0,0,0,1,0,0,0,0,0,0,5,24
47762,0:3:2;0:3:2;0:3:2;0:4:3,4,2,0,0,0,1,0,0,0,0,0,0,15,24
47763,0:3:2;0:3:2;0:3:2;0:4:3,4,3,0,0,0,1,0,0,0,0,0,0,32,24
47764,0:3:2;0:3:2;0:3:2;0:4:3,4,4,0,0,0,1,0,0,0,0,0,0,54,24
47765,0:3:2;0:3:2;0:3:2;0:4:3,4,5,0,0,0,1,0,0,0,0,0,0,76,24
47766,0:3:2;0:3:2;0:3:2;0:4:3,5,0,0,0,0,1,0,0,0,0,0,0,1,24
47767,0:3:2;0:3:2;0:3:2;0:4:3,5,1,0,0,0,1,0,0,0,0,0,0,5,24
47768,0:3:2;0:3:2;0:3:2;0:4:3,5,2,0,0,0,1,0,0,0,0,0,0,15,24
47769,0:3:2;0:3:2;0:3:2;0:4:3,5,3,0,0,0,1,0,0,0,0,0,0,32,24
47770,0:3:2;0:3:2;0:3:2;0:4:3,5,4,0,0,0,1,0,0,0,0,0,0,54,24
47771,0:3:2;0:3:2;0:3:2;0:4:3,5,5,0,0,0,1,0,0,0,0,0,0,76,24
47772,0:3:2;0:3:2;0:3:2;1:1:1,0,0,0,0,0,1,0,0,0,0,0,0,1,24
47773,0:3:2;0:3:2;0:3:2;1:1:1,0,1,0,0,0,1,0,0,0,0,0,0,4,24
47774,0:3:2;0:3:2;0:3:2;1:1:1,0,2,0,0,0,1,0,0,0,0,0,0,19,24
47775,0:3:2;0:3:2;0:3:2;1:1:1,0,3,0,0,0,1,0,0,0,0,0,0,32,24
47776,0:3:2;0:3:2;0:3:2;1:1:1,0,4,0,0,0,1,0,0,0,0,0,0,41,24
47777,0:3:2;0:3:2;0:3:2;1:1:1,0,5,1,1,1,0,1,1,1,1,1,5,8,2
47778,0:3:2;0:3:2;0:3:2;1:1:1,1,0,0,0,0,1,0,0,0,0,0,0,5,24
47779,0:3:2;0:3:2;0:3:2;1:1:1,1,1,0,0,0,1,0,0,0,0,0,0,14,24
47780,0:3:2;0:3:2;0:3:2;1:1:1,1,2,0,0,0,1,0,0,0,0,0,0,27,24
47781,0:3:2;0:3:2;0:3:2;1:1:1,1,3,0,0,0,1,0,0,0,0,0,0,40,24
47782,0:3:2;0:3:2;0:3:2;1:1:1,1,4,0,0,0,1,0,0,0,0,0,0,49,24
47783,0:3:2;0:3:2;0:3:2;1:1:1,1,5,1,1,1,0,1,1,1,1,1,5,8,2
47784,0:3:2;0:3:2;0:3:2;1:1:1,2,0,0,0,0,1,0,0,0,0,0,0,5,24
47785,0:3:2;0:3:2;0:3:2;1:1:1,2,1,0,0,0,1,0,0,0,0,0,0,14,24
47786,0:3:2;0:3:2;0:3:2;1:1:1,2,2,0,0,0,1,0,0,0,0,0,0,27,24
47787,0:3:2;0:3:2;0:3:2;1:1:1,2,3,0,0,0,1,0,0,0,0,0,0,40,24
47788,0:3:2;0:3:2;0:3:2;1:1:1,2,4,0,0,0,1,0,0,0,0,0,0,49,24
47789,0:3:2;0:3:2;0:3:2;1:1:1,2,5,1,1,1,0,1,1,1,1,1,5,8,2
47790,0:3:2;0:3:2;0:3:2;1:1:1,3,0,0,0,0,1,0,0,0,0,0,0,5,24
47791,0:3:2;0:3:2;0:3:2;1:1:1,3,1,0,0,0,1,0,0,0,0,0,0,14,24
47792,0:3:2;0:3:2;0:3:2;1:1:1,3,2,0,0,0,1,0,0,0,0,0,0,27,24
47793,0:3:2;0:3:2;0:3:2;1:1:1,3,3,0,0,0,1,0,0,0,0,0,0,40,24
47794,0:3:2;0:3:2;0:3:2;1:1:1,3,4,0,0,0,1,0,0,0,0,0,0,49,24
47795,0:3:2;0:3:2;0:3:2;1:1:1,3,5,1,1,1,0,1,1,1,1,1,5,8,2
47796,0:3:2;0:3:2;0:3:2;1:1:1,4,0,0,0,0,1,0,0,0,0,0,0,5,24
47797,0:3:2;0:3:2;0:3:2;1:1:1,4,1,0,0,0,1,0,0,0,0,0,0,14,24
47798,0:3:2;0:3:2;0:3:2;1:1:1,4,2,0,0,0,1,0,0,0,0,0,0,27,24
47799,0:3:2;0:3:2;0:3:2;1:1:1,4,3,0,0,0,1,0,0,0,0,0,0,40,24
47800,0:3:2;0:3:2;0:3:2;1:1:1,4,4,0,0,0,1,0,0,0,0,0,0,49,24
47801,0:3:2;0:3:2;0:3:2;1:1:1,4,5,1,1,1,0,1,1,1,1,1,5,8,2
47802,0:3:2;0:3:2;0:3:2;1:1:1,5,0,0,0,0,1,0,0,0,0,0,0,5,24
47803,0:3:2;0:3:2;0:3:2;1:1:1,5,1,0,0,0,1,0,0,0,0,0,0,14,24
47804,0:3:2;0:3:2;0:3:2;1:1:1,5,2,0,0,0,1,0,0,0,0,0,0,27,24
47805,0:3:2;0:3:2;0:3:2;1:1:1,5,3,0,0,0,1,0,0,0,0,0,0,40,24
47806,0:3:2;0:3:2;0:3:2;1:1:1,5,4,0,0,0,1,0,0,0,0,0,0,49,24
47807,0:3:2;0:3:2;0:3:2;1:1:1,5,5,1,1,1,0,1,1,1,1,1,5,8,2
47808,0:3:2;0:3:2;0:3:2;1:2:1,0,0,0,0,0,1,0,0,0,0,0,0,1,24
47809,0:3:2;0:3:2;0:3:2;1:2:1,0,1,0,0,0,1,0,0,0,0,0,0,4,24
47810,0:3:2;0:3:2;0:3:2;1:2:1,0,2,0,0,0,1,0,0,0,0,0,0,25,24
47811,0:3:2;0:3:2;0:3:2;1:2:1,0,3,0,0,0,1,0,0,0,0,0,0,35,24
47812,0:3:2;0:3:2;0:3:2;1:2:1,0,4,1,1,1,0,1,1,1,1,1,5,8,2
47813,0:3:2;0:3:2;0:3:2;1:2:1,0,5,1,1,1,0,1,1,1,1,1,5,8,2
47814,0:3:2;0:3:2;0:3:2;1:2:1,1,0,0,0,0,1,0,0,0,0,0,0,11,24
47815,0:3:2;0:3:2;0:3:2;1:2:1,1,1,0,0,0,1,0,0,0,0,0,0,21,24
47816,0:3:2;0:3:2;0:3:2;1:2:1,1,2,0,0,0,1,0,0,0,0,0,0,33,24
47817,0:3:2;0:3:2;0:3:2;1:2:1,1,3,0,0,0,1,0,0,0,0,0,0,43,24
47818,0:3:2;0:3:2;0:3:2;1:2:1,1,4,1,1,1,0,1,1,1,1,1,5,8,2
47819,0:3:2;0:3:2;0:3:2;1:2:1,1,5,1,1,1,0,1,1,1,1,1,5,8,2
47820,0:3:2;0:3:2;0:3:2;1:2:1,2,0,0,0,0,1,0,0,0,0,0,0,11,24
47821,0:3:2;0:3:2;0:3:2;1:2:1,2,1,0,0,0,1,0,0,0,0,0,0,21,24
47822,0:3:2;0:3:2;0:3:2;1:2:1,2,2,0,0,0,1,0,0,0,0,0,0,33,24
47823,0:3:2;0:3:2;0:3:2;1:2:1,2,3,0,0,0,1,0,0,0,0,0,0,43,24
47824,0:3:2;0:3:2;0:3:2;1:2:1,2,4,1,1,1,0,1,1,1,1,1,5,8,2
47825,0:3:2;0:3:2;0:3:2;1:2:1,2,5,1,1,1,0,1,1,1,1,1,5,8,2
47826,0:3:2;0:3:2;0:3:2;1:2:1,3,0,0,0,0,1,0,0,0,0,0,0,11,24
47827,0:3:2;0:3:2;0:3:2;1:2:1,3,1,0,0,0,1,0,0,0,0,0,0,21,24
47828,0:3:2;0:3:2;0:3:2;1:2:1,3,2,0,0,0,1,0,0,0,0,0,0,33,24
47829,0:3:2;0:3:2;0:3:2;1:2:1,3,3,0,0,0,1,0,0,0,0,0,0,43,24
47830,0:3:2;0:3:2;0:3:2;1:2:1,3,4,1,1,1,0,1,1,1,1,1,5,8,2
47831,0:3:2;0:3:2;0:3:2;1:2:1,3,5,1,1,1,0,1,1,1,1,1,5,8,2
47832,0:3:2;0:3:2;0:3:2;1:2:1,4,0,0,0,0,1,0,0,0,0,0,0,11,24
47833,0:3:2;0:3:2;0:3:2;1:2:1,4,1,0,0,0,1,0,0,0,0,0,0,21,24
47834,0:3:2;0:3:2;0:3:2;1:2:1,4,2,0,0,0,1,0,0,0,0,0,0,33,24
47835,0:3:2;0:3:2;0:3:2;1:2:1,4,3,0,0,0,1,0,0,0,0,0,0,43,24
47836,0:3:2;0:3:2;0:3:2;1:2:1,4,4,1,1,1,0,1,1,1,1,1,5,8,2
47837,0:3:2;0:3:2;0:3:2;1:2:1,4,5,1,1,1,0,1,1,1,1,1,5,8,2
47838,0:3:2;0:3:2;0:3:2;1:2:1,5,0,0,0,0,1,0,0,0,0,0,0,11,24
47839,0:3:2;0:3:2;0:3:2;1:2:1,5,1,0,0,0,1,0,0,0,0,0,0,21,24
47840,0:3:2;0:3:2;0:3:2;1:2:1,5,2,0,0,0,1,0,0,0,0,0,0,33,24
47841,0:3:2;0:3:2;0:3:2;1:2:1,5,3,0,0,0,1,0,0,0,0,0,0,43,24
47842,0:3:2;0:3:2;0:3:2;1:2:1,5,4,1,1,1,0,1,1,1,1,1,5,8,2
47843,0:3:2;0:3:2;0:3:2;1:2:1,5,5,1,1,1,0,1,1,1,1,1,5,8,2
47844,0:3:2;0:3:2;0:3:2;1:2:2,0,0,0,0,0,1,0,0,0,0,0,0,1,24
47845,0:3:2;0:3:2;0:3:2;1:2:2,0,1,0,0,0,1,0,0,0,0,0,0,4,24
47846,0:3:2;0:3:2;0:3:2;1:2:2,0,2,0,0,0,1,0,0,0,0,0,0,28,24
47847,0:3:2;0:3:2;0:3:2;1:2:2,0,3,0,0,0,1,0,0,0,0,0,0,44,24
47848,0:3:2;0:3:2;0:3:2;1:2:2,0,4,1,1,1,0,1,1,1,1,1,5,9,2
47849,0:3:2;0:3:2;0:3:2;1:2:2,0,5,1,1,1,0,1,1,1,1,1,5,9,2
47850,0:3:2;0:3:2;0:3:2;1:2:2,1,0,0,0,0,1,0,0,0,0,0,0,2,24
47851,0:3:2;0:3:2;0:3:2;1:2:2,1,1,0,0,0,1,0,0,0,0,0,0,8,24
47852,0:3:2;0:3:2;0:3:2;1:2:2,1,2,0,0,0,1,0,0,0,0,0,0,35,24
47853,0:3:2;0:3:2;0:3:2;1:2:2,1,3,0,0,0,1,0,0,0,0,0,0,52,24
47854,0:3:2;0:3:2;0:3:2;1:2:2,1,4,1,1,1,0,1,1,1,1,1,5,9,2
47855,0:3:2;0:3:2;0:3:2;1:2:2,1,5,1,1,1,0,1,1,1,1,1,5,9,2
47856,0:3:2;0:3:2;0:3:2;1:2:2,2,0,0,0,0,1,0,0,0,0,0,0,12,24
47857,0:3:2;0:3:2;0:3:2;1:2:2,2,1,0,0,0,1,0,0,0,0,0,0,25,24
47858,0:3:2;0:3:2;0:3:2;1:2:2,2,2,0,0,0,1,0,0,0,0,0,0,43,24
47859,0:3:2;0:3:2;0:3:2;1:2:2,2,3,0,0,0,1,0,0,0,0,0,0,60,24
47860,0:3:2;0:3:2;0:3:2;1:2:2,2,4,1,1,1,0,1,1,1,1,1,5,9,2
47861,0:3:2;0:3:2;0:3:2;1:2:2,2,5,1,1,1,0,1,1,1,1,1,5,9,2
47862,0:3:2;0:3:2;0:3:2;1:2:2,3,0,0,0,0,1,0,0,0,0,0,0,12,24
47863,0:3:2;0:3:2;0:3:2;1:2:2,3,1,0,0,0,1,0,0,0,0,0,0,25,24
47864,0:3:2;0:3:2;0:3:2;1:2:2,3,2,0,0,0,1,0,0,0,0,0,0,43,24
47865,0:3:2;0:3:2;0:3:2;1:2:2,3,3,0,0,0,1,0,0,0,0,0,0,60,24
47866,0:3:2;0:3:2;0:3:2;1:2:2,3,4,1,1,1,0,1,1,1,1,1,5,9,2
47867,0:3:2;0:3:2;0:3:2;1:2:2,3,5,1,1,1,0,1,1,1,1,1,5,9,2
47868,0:3:2;0:3:2;0:3:2;1:2:2,4,0,0,0,0,1,0,0,0,0,0,0,12,24
47869,0:3:2;0:3:2;0:3:2;1:2:2,4,1,0,0,0,1,0,0,0,0,0,0,25,24
47870,0:3:2;0:3:2;0:3:2;1:2:2,4,2,0,0,0,1,0,0,0,0,0,0,43,24
47871,0:3:2;0:3:2;0:3:2;1:2:2,4,3,0,0,0,1,0,0,0,0,0,0,60,24
47872,0:3:2;0:3:2;0:3:2;1:2:2,4,4,1,1,1,0,1,1,1,1,1,5,9,2
47873,0:3:2;0:3:2;0:3:2;1:2:2,4,5,1,1,1,0,1,1,1,1,1,5,9,2
47874,0:3:2;0:3:2;0:3:2;1:2:2,5,0,0,0,0,1,0,0,0,0,0,0,12,24
47875,0:3:2;0:3:2;0:3:2;1:2:2,5,1,0,0,0,1,0,0,0,0,0,0,25,24
47876,0:3:2;0:3:2;0:3:2;1:2:2,5,2,0,0,0,1,0,0,0,0,0,0,43,24
47877,0:3:2;0:3:2;0:3:2;1:2:2,5,3,0,0,0,1,0,0,0,0,0,0,60,24
47878,0:3:2;0:3:2;0:3:2;1:2:2,5,4,1,1,1,0,1,1,1,1,1,5,9,2
47879,0:3:2;0:3:2;0:3:2;1:2:2,5,5,1,1,1,0,1,1,1,1,1,5,9,2
47880,0:3:2;0:3:2;0:3:2;1:3:2,0,0,0,0,0,1,0,0,0,0,0,0,1,24
47881,0:3:2;0:3:2;0:3:2;1:3:2,0,1,0,0,0,1,0,0,0,0,0,0,4,24
47882,0:3:2;0:3:2;0:3:2;1:3:2,0,2,0,0,0,1,0,0,0,0,0,0,31,24
47883,0:3:2;0:3:2;0:3:2;1:3:2,0,3,1,1,1,0,1,1,1,1,1,5,9,5
47884,0:3:2;0:3:2;0:3:2;1:3:2,0,4,1,1,1,0,1,1,1,1,1,5,9,2
47885,0:3:2;0:3:2;0:3:2;1:3:2,0,5,1,1,1,0,1,1,1,1,1,5,9,2
47886,0:3:2;0:3:2;0:3:2;1:3:2,1,0,0,0,0,1,0,0,0,0,0,0,2,24
47887,0:3:2;0:3:2;0:3:2;1:3:2,1,1,0,0,0,1,0,0,0,0,0,0,8,24
47888,0:3:2;0:3:2;0:3:2;1:3:2,1,2,0,0,0,1,0,0,0,0,0,0,38,24
47889,0:3:2;0:3:2;0:3:2;1:3:2,1,3,1,1,1,0,1,1,1,1,1,5,9,5
47890,0:3:2;0:3:2;0:3:2;1:3:2,1,4,1,1,1,0,1,1,1,1,1,5,9,2
47891,0:3:2;0:3:2;0:3:2;1:3:2,1,5,1,1,1,0,1,1,1,1,1,5,9,2
47892,0:3:2;0:3:2;0:3:2;1:3:2,2,0,0,0,0,1,0,0,0,0,0,0,19,24
47893,0:3:2;0:3:2;0:3:2;1:3:2,2,1,0,0,0,1,0,0,0,0,0,0,31,24
47894,0:3:2;0:3:2;0:3:2;1:3:2,2,2,0,0,0,1,0,0,0,0,0,0,46,24
47895,0:3:2;0:3:2;0:3:2;1:3:2,2,3,1,1,1,0,1,1,1,1,1,5,9,5
47896,0:3:2;0:3:2;0:3:2;1:3:2,2,4,1,1,1,0,1,1,1,1,1,5,9,2
47897,0:3:2;0:3:2;0:3:2;1:3:2,2,5,1,1,1,0,1,1,1,1,1,5,9,2
47898,0:3:2;0:3:2;0:3:2;1:3:2,3,0,0,0,0,1,0,0,0,0,0,0,19,24
47899,0:3:2;0:3:2;0:3:2;1:3:2,3,1,0,0,0,1,0,0,0,0,0,0,31,24
47900,0:3:2;0:3:2;0:3:2;1:3:2,3,2,0,0,0,1,0,0,0,0,0,0,46,24
47901,0:3:2;0:3:2;0:3:2;1:3:2,3,3,1,1,1,0,1,1,1,1,1,5,9,5
47902,0:3:2;0:3:2;0:3:2;1:3:2,3,4,1,1,1,0,1,1,1,1,1,5,9,2
47903,0:3:2;0:3:2;0:3:2;1:3:2,3,5,1,1,1,0,1,1,1,1,1,5,9,2
47904,0:3:2;0:3:2;0:3:2;1:3:2,4,0,0,0,0,1,0,0,0,0,0,0,19,24
47905,0:3:2;0:3:2;0:3:2;1:3:2,4,1,0,0,0,1,0,0,0,0,0,0,31,24
47906,0:3:2;0:3:2;0:3:2;1:3:2,4,2,0,0,0,1,0,0,0,0,0,0,46,24
47907,0:3:2;0:3:2;0:3:2;1:3:2,4,3,1,1,1,0,1,1,1,1,1,5,9,5
47908,0:3:2;0:3:2;0:3:2;1:3:2,4,4,1,1,1,0,1,1,1,1,1,5,9,2
47909,0:3:2;0:3:2;0:3:2;1:3:2,4,5,1,1,1,0,1,1,1,1,1,5,9,2
47910,0:3:2;0:3:2;0:3:2;1:3:2,5,0,0,0,0,1,0,0,0,0,0,0,19,24
47911,0:3:2;0:3:2;0:3:2;1:3:2,5,1,0,0,0,1,0,0,0,0,0,0,31,24
47912,0:3:2;0:3:2;0:3:2;1:3:2,5,2,0,0,0,1,0,0,0,0,0,0,46,24
47913,0:3:2;0:3:2;0:3:2;1:3:2,5,3,1,1,1,0,1,1,1,1,1,5,9,5
47914,0:3:2;0:3:2;0:3:2;1:3:2,5,4,1,1,1,0,1,1,1,1,1,5,9,2
47915,0:3:2;0:3:2;0:3:2;1:3:2,5,5,1,1,1,0,1,1,1,1,1,5,9,2
47916,0:3:2;0:3:2;0:3:2;1:3:3,0,0,0,0,0,1,0,0,0,0,0,0,1,24
47917,0:3:2;0:3:2;0:3:2;1:3:3,0,1,0,0,0,1,0,0,0,0,0,0,4,24
47918,0:3:2;0:3:2;0:3:2;1:3:3,0,2,0,0,0,1,0,0,0,0,0,0,34,24
47919,0:3:2;0:3:2;0:3:2;1:3:3,0,3,1,1,0,0,1,1,1,1,1,5,10,5
47920,0:3:2;0:3:2;0:3:2;1:3:3,0,4,1,1,1,0,1,1,1,1,1,5,10,2
47921,0:3:2;0:3:2;0:3:2;1:3:3,0,5,1,1,1,0,1,1,1,1,1,5,10,2
47922,0:3:2;0:3:2;0:3:2;1:3:3,1,0,0,0,0,1,0,0,0,0,0,0,2,24
47923,0:3:2;0:3:2;0:3:2;1:3:3,1,1,0,0,0,1,0,0,0,0,0,0,8,24
47924,0:3:2;0:3:2;0:3:2;1:3:3,1,2,0,0,0,1,0,0,0,0,0,0,41,24
47925,0:3:2;0:3:2;0:3:2;1:3:3,1,3,1,1,1,0,1,1,1,1,1,5,10,5
47926,0:3:2;0:3:2;0:3:2;1:3:3,1,4,1,1,1,0,1,1,1,1,1,5,10,2
47927,0:3:2;0:3:2;0:3:2;1:3:3,1,5,1,1,1,0,1,1,1,1,1,5,10,2
47928,0:3:2;0:3:2;0:3:2;1:3:3,2,0,0,0,0,1,0,0,0,0,0,0,3,24
47929,0:3:2;0:3:2;0:3:2;1:3:3,2,1,0,0,0,1,0,0,0,0,0,0,12,24
47930,0:3:2;0:3:2;0:3:2;1:3:3,2,2,0,0,0,1,0,0,0,0,0,0,48,24
47931,0:3:2;0:3:2;0:3:2;1:3:3,2,3,1,1,1,0,1,1,1,1,1,5,10,5
47932,0:3:2;0:3:2;0:3:2;1:3:3,2,4,1,1,1,0,1,1,1,1,1,5,10,2
47933,0:3:2;0:3:2;0:3:2;1:3:3,2,5,1,1,1,0,1,1,1,1,1,5,10,2
47934,0:3:2;0:3:2;0:3:2;1:3:3,3,0,0,0,0,1,0,0,0,0,0,0,20,24
47935,0:3:2;0:3:2;0:3:2;1:3:3,3,1,0,0,0,1,0,0,0,0,0,0,35,24
47936,0:3:2;0:3:2;0:3:2;1:3:3,3,2,0,0,0,1,0,0,0,0,0,0,56,24
47937,0:3:2;0:3:2;0:3:2;1:3:3,3,3,1,1,1,0,1,1,1,1,1,5,10,5
47938,0:3:2;0:3:2;0:3:2;1:3:3,3,4,1,1,1,0,1,1,1,1,1,5,10,2
47939,0:3:2;0:3:2;0:3:2;1:3:3,3,5,1,1,1,0,1,1,1,1,1,5,10,2
47940,0:3:2;0:3:2;0:3:2;1:3:3,4,0,0,0,0,1,0,0,0,0,0,0,20,24
47941,0:3:2;0:3:2;0:3:2;1:3:3,4,1,0,0,0,1,0,0,0,0,0,0,35,24
47942,0:3:2;0:3:2;0:3:2;1:3:3,4,2,0,0,0,1,0,0,0,0,0,0,56,24
47943,0:3:2;0:3:2;0:3:2;1:3:3,4,3,1,1,1,0,1,1,1,1,1,5,10,5
47944,0:3:2;0:3:2;0:3:2;1:3:3,4,4,1,1,1,0,1,1,1,1,1,5,10,2
47945,0:3:2;0:3:2;0:3:2;1:3:3,4,5,1,1,1,0,1,1,1,1,1,5,10,2
47946,0:3:2;0:3:2;0:3:2;1:3:3,5,0,0,0,0,1,0,0,0,0,0,0,20,24
47947,0:3:2;0:3:2;0:3:2;1:3:3,5,1,0,0,0,1,0,0,0,0,0,0,35,24
47948,0:3:2;0:3:2;0:3:2;1:3:3,5,2,0,0,0,1,0,0,0,0,0,0,56,24
47949,0:3:2;0:3:2;0:3:2;1:3:3,5,3,1,1,1,0,1,1,1,1,1,5,10,5
47950,0:3:2;0:3:2;0:3:2;1:3:3,5,4,1,1,1,0,1,1,1,1,1,5,10,2
47951,0:3:2;0:3:2;0:3:2;1:3:3,5,5,1,1,1,0,1,1,1,1,1,5,10,2
47952,0:3:2;0:3:2;0:3:2;1:4:3,0,0,0,0,0,1,0,0,0,0,0,0,1,24
47953,0:3:2;0:3:2;0:3:2;1:4:3,0,1,0,0,0,1,0,0,0,0,0,0,4,24
47954,0:3:2;0:3:2;0:3:2;1:4:3,0,2,1,1,0,0,1,1,1,1,1,5,10,5
47955,0:3:2;0:3:2;0:3:2;1:4:3,0,3,1,1,0,0,1,1,1,1,1,5,10,5
47956,0:3:2;0:3:2;0:3:2;1:4:3,0,4,1,1,1,0,1,1,1,1,1,5,10,2
47957,0:3:2;0:3:2;0:3:2;1:4:3,0,5,1,1,1,0,1,1,1,1,1,5,10,2
47958,0:3:2;0:3:2;0:3:2;1:4:3,1,0,0,0,0,1,0,0,0,0,0,0,2,24
47959,0:3:2;0:3:2;0:3:2;1:4:3,1,1,0,0,0,1,0,0,0,0,0,0,8,24
47960,0:3:2;0:3:2;0:3:2;1:4:3,1,2,1,1,0,0,1,1,1,1,1,5,10,5
47961,0:3:2;0:3:2;0:3:2;1:4:3,1,3,1,1,1,0,1,1,1,1,1,5,10,5
47962,0:3:2;0:3:2;0:3:2;1:4:3,1,4,1,1,1,0,1,1,1,1,1,5,10,2
47963,0:3:2;0:3:2;0:3:2;1:4:3,1,5,1,1,1,0,1,1,1,1,1,5,10,2
47964,0:3:2;0:3:2;0:3:2;1:4:3,2,0,0,0,0,1,0,0,0,0,0,0,3,24
47965,0:3:2;0:3:2;0:3:2;1:4:3,2,1,0,0,0,1,0,0,0,0,0,0,12,24
47966,0:3:2;0:3:2;0:3:2;1:4:3,2,2,1,1,1,0,1,1,1,1,1,5,10,5
47967,0:3:2;0:3:2;0:3:2;1:4:3,2,3,1,1,1,0,1,1,1,1,1,5,10,5
47968,0:3:2;0:3:2;0:3:2;1:4:3,2,4,1,1,1,0,1,1,1,1,1,5,10,2
47969,0:3:2;0:3:2;0:3:2;1:4:3,2,5,1,1,1,0,1,1,1,1,1,5,10,2
47970,0:3:2;0:3:2;0:3:2;1:4:3,3,0,0,0,0,1,0,0,0,0,0,0,26,24
47971,0:3:2;0:3:2;0:3:2;1:4:3,3,1,0,0,0,1,0,0,0,0,0,0,38,24
47972,0:3:2;0:3:2;0:3:2;1:4:3,3,2,1,1,1,0,1,1,1,1,1,5,10,5
47973,0:3:2;0:3:2;0:3:2;1:4:3,3,3,1,1,1,0,1,1,1,1,1,5,10,5
47974,0:3:2;0:3:2;0:3:2;1:4:3,3,4,1,1,1,0,1,1,1,1,1,5,10,2
47975,0:3:2;0:3:2;0:3:2;1:4:3,3,5,1,1,1,0,1,1,1,1,1,5,10,2
47976,0:3:2;0:3:2;0:3:2;1:4:3,4,0,0,0,0,1,0,0,0,0,0,0,26,24
47977,0:3:2;0:3:2;0:3:2;1:4:3,4,1,0,0,0,1,0,0,0,0,0,0,38,24
47978,0:3:2;0:3:2;0:3:2;1:4:3,4,2,1,1,1,0,1,1,1,1,1,5,10,5
47979,0:3:2;0:3:2;0:3:2;1:4:3,4,3,1,1,1,0,1,1,1,1,1,5,10,5
47980,0:3:2;0:3:2;0:3:2;1:4:3,4,4,1,1,1,0,1,1,1,1,1,5,10,2
47981,0:3:2;0:3:2;0:3:2;1:4:3,4,5,1,1,1,0,1,1,1,1,1,5,10,2
47982,0:3:2;0:3:2;0:3:2;1:4:3,5,0,0,0,0,1,0,0,0,0,0,0,26,24
47983,0:3:2;0:3:2;0:3:2;1:4:3,5,1,0,0,0,1,0,0,0,0,0,0,38,24
47984,0:3:2;0:3:2;0:3:2;1:4:3,5,2,1,1,1,0,1,1,1,1,1,5,10,5
47985,0:3:2;0:3:2;0:3:2;1:4:3,5,3,1,1,1,0,1,1,1,1,1,5,10,5
47986,0:3:2;0:3:2;0:3:2;1:4:3,5,4,1,1,1,0,1,1,1,1,1,5,10,2
47987,0:3:2;0:3:2;0:3:2;1:4:3,5,5,1,1,1,0,1,1,1,1,1,5,10,2
47988,0:3:2;0:3:2;0:3:3;0:3:3,0,0,0,0,0,1,0,0,0,0,0,0,1,24
47989,0:3:2;0:3:2;0:3:3;0:3:3,0,1,0,0,0,1,0,0,0,0,0,0,5,24
47990,0:3:2;0:3:2;0:3:3;0:3:3,0,2,0,0,0,1,0,0,0,0,0,0,15,24
47991,0:3:2;0:3:2;0:3:3;0:3:3,0,3,0,0,0,1,0,0,0,0,0,0,33,24
47992,0:3:2;0:3:2;0:3:3;0:3:3,0,4,0,0,0,1,0,0,0,0,0,0,58,24
47993,0:3:2;0:3:2;0:3:3;0:3:3,0,5,0,0,0,1,0,0,0,0,0,0,86,24
47994,0:3:2;0:3:2;0:3:3;0:3:3,1,0,0,0,0,1,0,0,0,0,0,0,1,24
47995,0:3:2;0:3:2;0:3:3;0:3:3,1,1,0,0,0,1,0,0,0,0,0,0,5,24
47996,0:3:2;0:3:2;0:3:3;0:3:3,1,2,0,0,0,1,0,0,0,0,0,0,15,24
47997,0:3:2;0:3:2;0:3:3;0:3:3,1,3,0,0,0,1,0,0,0,0,0,0,33,24
47998,0:3:2;0:3:2;0:3:3;0:3:3,1,4,0,0,0,1,0,0,0,0,0,0,58,24
47999,0:3:2;0:3:2;0:3:3;0:3:3,1,5,0,0,0,1,0,0,0,0,0,0,86,24
48000,0:3:2;0:3:2;0:3:3;0:3:3,2,0,0,0,0,1,0,0,0,0,0,0,1,24
48001,0:3:2;0:3:2;0:3:3;0:3:3,2,1,0,0,0,1,0,0,0,0,0,0,5,24
48002,0:3:2;0:3:2;0:3:3;0:3:3,2,2,0,0,0,1,0,0,0,0,0,0,15,24
48003,0:3:2;0:3:2;0:3:3;0:3:3,2,3,0,0,0,1,0,0,0,0,0,0,33,24
48004,0:3:2;0:3:2;0:3:3;0:3:3,2,4,0,0,0,1,0,0,0,0,0,0,58,24
48005,0:3:2;0:3:2;0:3:3;0:3:3,2,5,0,0,0,1,0,0,0,0,0,0,86,24
48006,0:3:2;0:3:2;0:3:3;0:3:3,3,0,0,0,0,1,0,0,0,0,0,0,1,24
48007,0:3:2;0:3:2;0:3:3;0:3:3,3,1,0,0,0,1,0,0,0,0,0,0,5,24
48008,0:3:2;0:3:2;0:3:3;0:3:3,3,2,0,0,0,1,0,0,0,0,0,0,15,24
48009,0:3:2;0:3:2;0:3:3;0:3:3,3,3,0,0,0,1,0,0,0,0,0,0,33,24
48010,0:3:2;0:3:2;0:3:3;0:3:3,3,4,0,0,0,1,0,0,0,0,0,0,58,24
48011,0:3:2;0:3:2;0:3:3;0:3:3,3,5,0,0,0,1,0,0,0,0,0,0,86,24
48012,0:3:2;0:3:2;0:3:3;0:3:3,4,0,0,0,0,1,0,0,0,0,0,0,1,24
48013,0:3:2;0:3:2;0:3:3;0:3:3,4,1,0,0,0,1,0,0,0,0,0,0,5,24
48014,0:3:2;0:3:2;0:3:3;0:3:3,4,2,0,0,0,1,0,0,0,0,0,0,15,24
48015,0:3:2;0:3:2;0:3:3;0:3:3,4,3,0,0,0,1,0,0,0,0,0,0,33,24
48016,0:3:2;0:3:2;0:3:3;0:3:3,4,4,0,0,0,1,0,0,0,0,0,0,58,24
48017,0:3:2;0:3:2;0:3:3;0:3:3,4,5,0,0,0,1,0,0,0,0,0,0,86,24
48018,0:3:2;0:3:2;0:3:3;0:3:3,5,0,0,0,0,1,0,0,0,0,0,0,1,24
48019,0:3:2;0:3:2;0:3:3;0:3:3,5,1,0,0,0,1,0,0,0,0,0,0,5,24
48020,0:3:2;0:3:2;0:3:3;0:3:3,5,2,0,0,0,1,0,0,0,0,0,0,15,24
48021,0:3:2;0:3:2;0:3:3;0:3:3,5,3,0,0,0,1,0,0,0,0,0,0,33,24
48022,0:3:2;0:3:2;0:3:3;0:3:3,5,4,0,0,0,1,0,0,0,0,0,0,58,24
48023,0:3:2;0:3:2;0:3:3;0:3:3,5,5,0,0,0,1,0,0,0,0,0,0,86,24
48024,0:3:2;0:3:2;0:3:3;0:4:3,0,0,0,0,0,1,0,0,0,0,0,0,1,24
48025,0:3:2;0:3:2;0:3:3;0:4:3,0,1,0,0,0,1,0,0,0,0,0,0,5,24
48026,0:3:2;0:3:2;0:3:3;0:4:3,0,2,0,0,0,1,0,0,0,0,0,0,15,24
48027,0:3:2;0:3:2;0:3:3;0:4:3,0,3,0,0,0,1,0,0,0,0,0,0,33,24
48028,0:3:2;0:3:2;0:3:3;0:4:3,0,4,0,0,0,1,0,0,0,0,0,0,58,24
48029,0:3:2;0:3:2;0:3:3;0:4:3,0,5,0,0,0,1,0,0,0,0,0,0,86,24
48030,0:3:2;0:3:2;0:3:3;0:4:3,1,0,0,0,0,1,0,0,0,0,0,0,1,24
48031,0:3:2;0:3:2;0:3:3;0:4:3,1,1,0,0,0,1,0,0,0,0,0,0,5,24
48032,0:3:2;0:3:2;0:3:3;0:4:3,1,2,0,0,0,1,0,0,0,0,0,0,15,24
48033,0:3:2;0:3:2;0:3:3;0:4:3,1,3,0,0,0,1,0,0,0,0,0,0,33,24
48034,0:3:2;0:3:2;0:3:3;0:4:3,1,4,0,0,0,1,0,0,0,0,0,0,58,24
48035,0:3:2;0:3:2;0:3:3;0:4:3,1,5,0,0,0,1,0,0,0,0,0,0,86,24
48036,0:3:2;0:3:2;0:3:3;0:4:3,2,0,0,0,0,1,0,0,0,0,0,0,1,24
48037,0:3:2;0:3:2;0:3:3;0:4:3,2,1,0,0,0,1,0,0,0,0,0,0,5,24
48038,0:3:2;0:3:2;0:3:3;0:4:3,2,2,0,0,0,1,0,0,0,0,0,0,15,24
48039,0:3:2;0:3:2;0:3:3;0:4:3,2,3,0,0,0,1,0,0,0,0,0,0,33,24
48040,0:3:2;0:3:2;0:3:3;0:4:3,2,4,0,0,0,1,0,0,0,0,0,0,58,24
48041,0:3:2;0:3:2;0:3:3;0:4:3,2,5,0,0,0,1,0,0,0,0,0,0,86,24
48042,0:3:2;0:3:2;0:3:3;0:4:3,3,0,0,0,0,1,0,0,0,0,0,0,1,24
48043,0:3:2;0:3:2;0:3:3;0:4:3,3,1,0,0,0,1,0,0,0,0,0,0,5,24
48044,0:3:2;0:3:2;0:3:3;0:4:3,3,2,0,0,0,1,0,0,0,0,0,0,15,24
48045,0:3:2;0:3:2;0:3:3;0:4:3,3,3,0,0,0,1,0,0,0,0,0,0,33,24
48046,0:3:2;0:3:2;0:3:3;0:4:3,3,4,0,0,0,1,0,0,0,0,0,0,58,24
48047,0:3:2;0:3:2;0:3:3;0:4:3,3,5,0,0,0,1,0,0,0,0,0,0,86,24
48048,0:3:2;0:3:2;0:3:3;0:4:3,4,0,0,0,0,1,0,0,0,0,0,0,1,24
48049,0:3:2;0:3:2;0:3:3;0:4:3,4,1,0,0,0,1,0,0,0,0,0,0,5,24
48050,0:3:2;0:3:2;0:3:3;0:4:3,4,2,0,0,0,1,0,0,0,0,0,0,15,24
48051,0:3:2;0:3:2;0:3:3;0:4:3,4,3,0,0,0,1,0,0,0,0,0,0,33,24
48052,0:3:2;0:3:2;0:3:3;0:4:3,4,4,0,0,0,1,0,0,0,0,0,0,58,24
48053,0:3:2;0:3:2;0:3:3;0:4:3,4,5,0,0,0,1,0,0,0,0,0,0,86,24
48054,0:3:2;0:3:2;0:3:3;0:4:3,5,0,0,0,0,1,0,0,0,0,0,0,1,24
48055,0:3:2;0:3:2;0:3:3;0:4:3,5,1,0,0,0,1,0,0,0,0,0,0,5,24
48056,0:3:2;0:3:2;0:3:3;0:4:3,5,2,0,0,0,1,0,0,0,0,0,0,15,24
48057,0:3:2;0:3:2;0:3:3;0:4:3,5,3,0,0,0,1,0,0,0,0,0,0,33,24
48058,0:3:2;0:3:2;0:3:3;0:4:3,5,4,0,0,0,1,0,0,0,0,0,0,58,24
48059,0:3:2;0:3:2;0:3:3;0:4:3,5,5,0,0,0,1,0,0,0,0,0,0,86,24
48060,0:3:2;0:3:2;0:3:3;1:1:1,0,0,0,0,0,1,0,0,0,0,0,0,1,24
48061,0:3:2;0:3:2;0:3:3;1:1:1,0,1,0,0,0,1,0,0,0,0,0,0,4,24
48062,0:3:2;0:3:2;0:3:3;1:1:1,0,2,0,0,0,1,0,0,0,0,0,0,16,24
48063,0:3:2;0:3:2;0:3:3;1:1:1,0,3,0,0,0,1,0,0,0,0,0,0,32,24
48064,0:3:2;0:3:2;0:3:3;1:1:1,0,4,0,0,0,1,0,0,0,0,0,0,46,24
48065,0:3:2;0:3:2;0:3:3;1:1:1,0,5,0,0,0,1,0,0,0,0,0,0,55,24
48066,0:3:2;0:3:2;0:3:3;1:1:1,1,0,0,0,0,1,0,0,0,0,0,0,5,24
48067,0:3:2;0:3:2;0:3:3;1:1:1,1,1,0,0,0,1,0,0,0,0,0,0,14,24
48068,0:3:2;0:3:2;0:3:3;1:1:1,1,2,0,0,0,1,0,0,0,0,0,0,28,24
48069,0:3:2;0:3:2;0:3:3;1:1:1,1,3,0,0,0,1,0,0,0,0,0,0,44,24
48070,0:3:2;0:3:2;0:3:3;1:1:1,1,4,0,0,0,1,0,0,0,0,0,0,58,24
48071,0:3:2;0:3:2;0:3:3;1:1:1,1,5,0,0,0,1,0,0,0,0,0,0,67,24
48072,0:3:2;0:3:2;0:3:3;1:1:1,2,0,0,0,0,1,0,0,0,0,0,0,5,24
48073,0:3:2;0:3:2;0:3:3;1:1:1,2,1,0,0,0,1,0,0,0,0,0,0,14,24
48074,0:3:2;0:3:2;0:3:3;1:1:1,2,2,0,0,0,1,0,0,0,0,0,0,28,24
48075,0:3:2;0:3:2;0:3:3;1:1:1,2,3,0,0,0,1,0,0,0,0,0,0,44,24
48076,0:3:2;0:3:2;0:3:3;1:1:1,2,4,0,0,0,1,0,0,0,0,0,0,58,24
48077,0:3:2;0:3:2;0:3:3;1:1:1,2,5,0,0,0,1,0,0,0,0,0,0,67,24
48078,0:3:2;0:3:2;0:3:3;1:1:1,3,0,0,0,0,1,0,0,0,0,0,0,5,24
48079,0:3:2;0:3:2;0:3:3;1:1:1,3,1,0,0,0,1,0,0,0,0,0,0,14,24
48080,0:3:2;0:3:2;0:3:3;1:1:1,3,2,0,0,0,1,0,0,0,0,0,0,28,24
48081,0:3:2;0:3:2;0:3:3;1:1:1,3,3,0,0,0,1,0,0,0,0,0,0,44,24
48082,0:3:2;0:3:2;0:3:3;1:1:1,3,4,0,0,0,1,0,0,0,0,0,0,58,24
48083,0:3:2;0:3:2;0:3:3;1:1:1,3,5,0,0,0,1,0,0,0,0,0,0,67,24
48084,0:3:2;0:3:2;0:3:3;1:1:1,4,0,0,0,0,1,0,0,0,0,0,0,5,24
48085,0:3:2;0:3:2;0:3:3;1:1:1,4,1,0,0,0,1,0,0,0,0,0,0,14,24
48086,0:3:2;0:3:2;0:3:3;1:1:1,4,2,0,0,0,1,0,0,0,0,0,0,28,24
48087,0:3:2;0:3:2;0:3:3;1:1:1,4,3,0,0,0,1,0,0,0,0,0,0,44,24
48088,0:3:2;0:3:2;0:3:3;1:1:1,4,4,0,0,0,1,0,0,0,0,0,0,58,24
48089,0:3:2;0:3:2;0:3:3;1:1:1,4,5,0,0,0,1,0,0,0,0,0,0,67,24
48090,0:3:2;0:3:2;0:3:3;1:1:1,5,0,0,0,0,1,0,0,0,0,0,0,5,24
48091,0:3:2;0:3:2;0:3:3;1:1:1,5,1,0,0,0,1,0,0,0,0,0,0,14,24
48092,0:3:2;0:3:2;0:3:3;1:1:1,5,2,0,0,0,1,0,0,0,0,0,0,28,24
48093,0:3:2;0:3:2;0:3:3;1:1:1,5,3,0,0,0,1,0,0,0,0,0,0,44,24
48094,0:3:2;0:3:2;0:3:3;1:1:1,5,4,0,0,0,1,0,0,0,0,0,0,58,24
48095,0:3:2;0:3:2;0:3:3;1:1:1,5,5,0,0,0,1,0,0,0,0,0,0,67,24
48096,0:3:2;0:3:2;0:3:3;1:2:1,0,0,0,0,0,1,0,0,0,0,0,0,1,24
48097,0:3:2;0:3:2;0:3:3;1:2:1,0,1,0,0,0,1,0,0,0,0,0,0,4,24
48098,0:3:2;0:3:2;0:3:3;1:2:1,0,2,0,0,0,1,0,0,0,0,0,0,21,24
48099,0:3:2;0:3:2;0:3:3;1:2:1,0,3,0,0,0,1,0,0,0,0,0,0,38,24
48100,0:3:2;0:3:2;0:3:3;1:2:1,0,4,0,0,0,1,0,0,0,0,0,0,49,24
48101,0:3:2;0:3:2;0:3:3;1:2:1,0,5,1,1,1,0,1,1,1,1,1,5,9,2
48102,0:3:2;0:3:2;0:3:3;1:2:1,1,0,0,0,0,1,0,0,0,0,0,0,11,24
48103,0:3:2;0:3:2;0:3:3;1:2:1,1,1,0,0,0,1,0,0,0,0,0,0,22,24
48104,0:3:2;0:3:2;0:3:3;1:2:1,1,2,0,0,0,1,0,0,0,0,0,0,36,24
48105,0:3:2;0:3:2;0:3:3;1:2:1,1,3,0,0,0,1,0,0,0,0,0,0,50,24
48106,0:3:2;0:3:2;0:3:3;1:2:1,1,4,0,0,0,1,0,0,0,0,0,0,61,24
48107,0:3:2;0:3:2;0:3:3;1:2:1,1,5,1,1,1,0,1,1,1,1,1,5,9,2
48108,0:3:2;0:3:2;0:3:3;1:2:1,2,0,0,0,0,1,0,0,0,0,0,0,11,24
48109,0:3:2;0:3:2;0:3:3;1:2:1,2,1,0,0,0,1,0,0,0,0,0,0,22,24
48110,0:3:2;0:3:2;0:3:3;1:2:1,2,2,0,0,0,1,0,0,0,0,0,0,36,24
48111,0:3:2;0:3:2;0:3:3;1:2:1,2,3,0,0,0,1,0,0,0,0,0,0,50,24
48112,0:3:2;0:3:2;0:3:3;1:2:1,2,4,0,0,0,1,0,0,0,0,0,0,61,24
48113,0:3:2;0:3:2;0:3:3;1:2:1,2,5,1,1,1,0,1,1,1,1,1,5,9,2
48114,0:3:2;0:3:2;0:3:3;1:2:1,3,0,0,0,0,1,0,0,0,0,0,0,11,24
48115,0:3:2;0:3:2;0:3:3;1:2:1,3,1,0,0,0,1,0,0,0,0,0,0,22,24
48116,0:3:2;0:3:2;0:3:3;1:2:1,3,2,0,0,0,1,0,0,0,0,0,0,36,24
48117,0:3:2;0:3:2;0:3:3;1:2:1,3,3,0,0,0,1,0,0,0,0,0,0,50,24
48118,0:3:2;0:3:2;0:3:3;1:2:1,3,4,0,0,0,1,0,0,0,0,0,0,61,24
48119,0:3:2;0:3:2;0:3:3;1:2:1,3,5,1,1,1,0,1,1,1,1,1,5,9,2
48120,0:3:2;0:3:2;0:3:3;1:2:1,4,0,0,0,0,1,0,0,0,0,0,0,11,24
48121,0:3:2;0:3:2;0:3:3;1:2:1,4,1,0,0,0,1,0,0,0,0,0,0,22,24
48122,0:3:2;0:3:2;0:3:3;1:2:1,4,2,0,0,0,1,0,0,0,0,0,0,36,24
48123,0:3:2;0:3:2;0:3:3;1:2:1,4,3,0,0,0,1,0,0,0,0,0,0,50,24
48124,0:3:2;0:3:2;0:3:3;1:2:1,4,4,0,0,0,1,0,0,0,0,0,0,61,24
48125,0:3:2;0:3:2;0:3:3;1:2:1,4,5,1,1,1,0,1,1,1,1,1,5,9,2
48126,0:3:2;0:3:2;0:3:3;1:2:1,5,0,0,0,0,1,0,0,0,0,0,0,11,24
48127,0:3:2;0:3:2;0:3:3;1:2:1,5,1,0,0,0,1,0,0,0,0,0,0,22,24
48128,0:3:2;0:3:2;0:3:3;1:2:1,5,2,0,0,0,1,0,0,0,0,0,0,36,24
48129,0:3:2;0:3:2;0:3:3;1:2:1,5,3,0,0,0,1,0,0,0,0,0,0,50,24
48130,0:3:2;0:3:2;0:3:3;1:2:1,5,4,0,0,0,1,0,0,0,0,0,0,61,24
48131,0:3:2;0:3:2;0:3:3;1:2:1,5,5,1,1,1,0,1,1,1,1,1,5,9,2
48132,0:3:2;0:3:2;0:3:3;1:2:2,0,0,0,0,0,1,0,0,0,0,0,0,1,24
48133,0:3:2;0:3:2;0:3:3;1:2:2,0,1,0,0,0,1,0,0,0,0,0,0,4,24
48134,0:3:2;0:3:2;0:3:3;1:2:2,0,2,0,0,0,1,0,0,0,0,0,0,23,24
48135,0:3:2;0:3:2;0:3:3;1:2:2,0,3,0,0,0,1,0,0,0,0,0,0,45,24
48136,0:3:2;0:3:2;0:3:3;1:2:2,0,4,0,0,0,1,0,0,0,0,0,0,63,24
48137,0:3:2;0:3:2;0:3:3;1:2:2,0,5,1,1,1,0,1,1,1,1,1,5,10,2
48138,0:3:2;0:3:2;0:3:3;1:2:2,1,0,0,0,0,1,0,0,0,0,0,0,2,24
48139,0:3:2;0:3:2;0:3:3;1:2:2,1,1,0,0,0,1,0,0,0,0,0,0,8,24
48140,0:3:2;0:3:2;0:3:3;1:2:2,1,2,0,0,0,1,0,0,0,0,0,0,31,24
48141,0:3:2;0:3:2;0:3:3;1:2:2,1,3,0,0,0,1,0,0,0,0,0,0,56,24
48142,0:3:2;0:3:2;0:3:3;1:2:2,1,4,0,0,0,1,0,0,0,0,0,0,75,24
48143,0:3:2;0:3:2;0:3:3;1:2:2,1,5,1,1,1,0,1,1,1,1,1,5,10,2
48144,0:3:2;0:3:2;0:3:3;1:2:2,2,0,0,0,0,1,0,0,0,0,0,0,12,24
48145,0:3:2;0:3:2;0:3:3;1:2:2,2,1,0,0,0,1,0,0,0,0,0,0,26,24
48146,0:3:2;0:3:2;0:3:3;1:2:2,2,2,0,0,0,1,0,0,0,0,0,0,46,24
48147,0:3:2;0:3:2;0:3:3;1:2:2,2,3,0,0,0,1,0,0,0,0,0,0,68,24
48148,0:3:2;0:3:2;0:3:3;1:2:2,2,4,0,0,0,1,0,0,0,0,0,0,87,24
48149,0:3:2;0:3:2;0:3:3;1:2:2,2,5,1,1,1,0,1,1,1,1,1,5,10,2
48150,0:3:2;0:3:2;0:3:3;1:2:2,3,0,0,0,0,1,0,0,0,0,0,0,12,24
48151,0:3:2;0:3:2;0:3:3;1:2:2,3,1,0,0,0,1,0,0,0,0,0,0,26,24
48152,0:3:2;0:3:2;0:3:3;1:2:2,3,2,0,0,0,1,0,0,0,0,0,0,46,24
48153,0:3:2;0:3:2;0:3:3;1:2:2,3,3,0,0,0,1,0,0,0,0,0,0,68,24
48154,0:3:2;0:3:2;0:3:3;1:2:2,3,4,0,0,0,1,0,0,0,0,0,0,87,24
48155,0:3:2;0:3:2;0:3:3;1:2:2,3,5,1,1,1,0,1,1,1,1,1,5,10,2
48156,0:3:2;0:3:2;0:3:3;1:2:2,4,0,0,0,0,1,0,0,0,0,0,0,12,24
48157,0:3:2;0:3:2;0:3:3;1:2:2,4,1,0,0,0,1,0,0,0,0,0,0,26,24
48158,0:3:2;0:3:2;0:3:3;1:2:2,4,2,0,0,0,1,0,0,0,0,0,0,46,24
48159,0:3:2;0:3:2;0:3:3;1:2:2,4,3,0,0,0,1,0,0,0,0,0,0,68,24
48160,0:3:2;0:3:2;0:3:3;1:2:2,4,4,0,0,0,1,0,0,0,0,0,0,87,24
48161,0:3:2;0:3:2;0:3:3;1:2:2,4,5,1,1,1,0,1,1,1,1,1,5,10,2
48162,0:3:2;0:3:2;0:3:3;1:2:2,5,0,0,0,0,1,0,0,0,0,0,0,12,24
48163,0:3:2;0:3:2;0:3:3;1:2:2,5,1,0,0,0,1,0,0,0,0,0,0,26,24
48164,0:3:2;0:3:2;0:3:3;1:2:2,5,2,0,0,0,1,0,0,0,0,0,0,46,24
48165,0:3:2;0:3:2;0:3:3;1:2:2,5,3,0,0,0,1,0,0,0,0,0,0,68,24
48166,0:3:2;0:3:2;0:3:3;1:2:2,5,4,0,0,0,1,0,0,0,0,0,0,87,24
48167,0:3:2;0:3:2;0:3:3;1:2:2,5,5,1,1,1,0,1,1,1,1,1,5,10,2
48168,0:3:2;0:3:2;0:3:3;1:3:2,0,0,0,0,0,1,0,0,0,0,0,0,1,24
48169,0:3:2;0:3:2;0:3:3;1:3:2,0,1,0,0,0,1,0,0,0,0,0,0,4,24
48170,0:3:2;0:3:2;0:3:3;1:3:2,0,2,0,0,0,1,0,0,0,0,0,0,28,24
48171,0:3:2;0:3:2;0:3:3;1:3:2,0,3,0,0,0,1,0,0,0,0,0,0,48,24
48172,0:3:2;0:3:2;0:3:3;1:3:2,0,4,1,1,1,0,1,1,1,1,1,5,10,2
48173,0:3:2;0:3:2;0:3:3;1:3:2,0,5,1,1,1,0,1,1,1,1,1,5,10,2
48174,0:3:2;0:3:2;0:3:3;1:3:2,1,0,0,0,0,1,0,0,0,0,0,0,2,24
48175,0:3:2;0:3:2;0:3:3;1:3:2,1,1,0,0,0,1,0,0,0,0,0,0,8,24
48176,0:3:2;0:3:2;0:3:3;1:3:2,1,2,0,0,0,1,0,0,0,0,0,0,36,24
48177,0:3:2;0:3:2;0:3:3;1:3:2,1,3,0,0,0,1,0,0,0,0,0,0,59,24
48178,0:3:2;0:3:2;0:3:3;1:3:2,1,4,1,1,1,0,1,1,1,1,1,5,10,2
48179,0:3:2;0:3:2;0:3:3;1:3:2,1,5,1,1,1,0,1,1,1,1,1,5,10,2
48180,0:3:2;0:3:2;0:3:3;1:3:2,2,0,0,0,0,1,0,0,0,0,0,0,20,24
48181,0:3:2;0:3:2;0:3:3;1:3:2,2,1,0,0,0,1,0,0,0,0,0,0,34,24
48182,0:3:2;0:3:2;0:3:3;1:3:2,2,2,0,0,0,1,0,0,0,0,0,0,52,24
48183,0:3:2;0:3:2;0:3:3;1:3:2,2,3,0,0,0,1,0,0,0,0,0,0,71,24
48184,0:3:2;0:3:2;0:3:3;1:3:2,2,4,1,1,1,0,1,1,1,1,1,5,10,2
48185,0:3:2;0:3:2;0:3:3;1:3:2,2,5,1,1,1,0,1,1,1,1,1,5,10,2
48186,0:3:2;0:3:2;0:3:3;1:3:2,3,0,0,0,0,1,0,0,0,0,0,0,20,24
48187,0:3:2;0:3:2;0:3:3;1:3:2,3,1,0,0,0,1,0,0,0,0,0,0,34,24
48188,0:3:2;0:3:2;0:3:3;1:3:2,3,2,0,0,0,1,0,0,0,0,0,0,52,24
48189,0:3:2;0:3:2;0:3:3;1:3:2,3,3,0,0,0,1,0,0,0,0,0,0,71,24
48190,0:3:2;0:3:2;0:3:3;1:3:2,3,4,1,1,1,0,1,1,1,1,1,5,10,2
48191,0:3:2;0:3:2;0:3:3;1:3:2,3,5,1,1,1,0,1,1,1,1,1,5,10,2
48192,0:3:2;0:3:2;0:3:3;1:3:2,4,0,0,0,0,1,0,0,0,0,0,0,20,24
48193,0:3:2;0:3:2;0:3:3;1:3:2,4,1,0,0,0,1,0,0,0,0,0,0,34,24
48194,0:3:2;0:3:2;0:3:3;1:3:2,4,2,0,0,0,1,0,0,0,0,0,0,52,24
48195,0:3:2;0:3:2;0:3:3;1:3:2,4,3,0,0,0,1,0,0,0,0,0,0,71,24
48196,0:3:2;0:3:2;0:3:3;1:3:2,4,4,1,1,1,0,1,1,1,1,1,5,10,2
48197,0:3:2;0:3:2;0:3:3;1:3:2,4,5,1,1,1,0,1,1,1,1,1,5,10,2
48198,0:3:2;0:3:2;0:3:3;1:3:2,5,0,0,0,0,1,0,0,0,0,0,0,20,24
48199,0:3:2;0:3:2;0:3:3;1:3:2,5,1,0,0,0,1,0,0,0,0,0,0,34,24
48200,0:3:2;0:3:2;0:3:3;1:3:2,5,2,0,0,0,1,0,0,0,0,0,0,52,24
48201,0:3:2;0:3:2;0:3:3;1:3:2,5,3,0,0,0,1,0,0,0,0,0,0,71,24
48202,0:3:2;0:3:2;0:3:3;1:3:2,5,4,1,1,1,0,1,1,1,1,1,5,10,2
48203,0:3:2;0:3:2;0:3:3;1:3:2,5,5,1,1,1,0,1,1,1,1,1,5,10,2
48204,0:3:2;0:3:2;0:3:3;1:3:3,0,0,0,0,0,1,0,0,0,0,0,0,1,24
48205,0:3:2;0:3:2;0:3:3;1:3:3,0,1,0,0,0,1,0,0,0,0,0,0,4,24
48206,0:3:2;0:3:2;0:3:3;1:3:3,0,2,0,0,0,1,0,0,0,0,0,0,30,24
48207,0:3:2;0:3:2;0:3:3;1:3:3,0,3,0,0,0,1,0,0,0,0,0,0,55,24
48208,0:3:2;0:3:2;0:3:3;1:3:3,0,4,1,1,0,0,1,1,1,1,1,5,11,2
48209,0:3:2;0:3:2;0:3:3;1:3:3,0,5,1,1,1,0,1,1,1,1,1,5,11,2
48210,0:3:2;0:3:2;0:3:3;1:3:3,1,0,0,0,0,1,0,0,0,0,0,0,2,24
48211,0:3:2;0:3:2;0:3:3;1:3:3,1,1,0,0,0,1,0,0,0,0,0,0,8,24
48212,0:3:2;0:3:2;0:3:3;1:3:3,1,2,0,0,0,1,0,0,0,0,0,0,38,24
48213,0:3:2;0:3:2;0:3:3;1:3:3,1,3,0,0,0,1,0,0,0,0,0,0,66,24
48214,0:3:2;0:3:2;0:3:3;1:3:3,1,4,1,1,1,0,1,1,1,1,1,5,11,2
48215,0:3:2;0:3:2;0:3:3;1:3:3,1,5,1,1,1,0,1,1,1,1,1,5,11,2
48216,0:3:2;0:3:2;0:3:3;1:3:3,2,0,0,0,0,1,0,0,0,0,0,0,3,24
48217,0:3:2;0:3:2;0:3:3;1:3:3,2,1,0,0,0,1,0,0,0,0,0,0,12,24
48218,0:3:2;0:3:2;0:3:3;1:3:3,2,2,0,0,0,1,0,0,0,0,0,0,46,24
48219,0:3:2;0:3:2;0:3:3;1:3:3,2,3,0,0,0,1,0,0,0,0,0,0,77,24
48220,0:3:2;0:3:2;0:3:3;1:3:3,2,4,1,1,1,0,1,1,1,1,1,5,11,2
48221,0:3:2;0:3:2;0:3:3;1:3:3,2,5,1,1,1,0,1,1,1,1,1,5,11,2
48222,0:3:2;0:3:2;0:3:3;1:3:3,3,0,0,0,0,1,0,0,0,0,0,0,21,24
48223,0:3:2;0:3:2;0:3:3;1:3:3,3,1,0,0,0,1,0,0,0,0,0,0,38,24
48224,0:3:2;0:3:2;0:3:3;1:3:3,3,2,0,0,0,1,0,0,0,0,0,0,62,24
48225,0:3:2;0:3:2;0:3:3;1:3:3,3,3,0,0,0,1,0,0,0,0,0,0,89,24
48226,0:3:2;0:3:2;0:3:3;1:3:3,3,4,1,1,1,0,1,1,1,1,1,5,11,2
48227,0:3:2;0:3:2;0:3:3;1:3:3,3,5,1,1,1,0,1,1,1,1,1,5,11,2
48228,0:3:2;0:3:2;0:3:3;1:3:3,4,0,0,0,0,1,0,0,0,0,0,0,21,24
48229,0:3:2;0:3:2;0:3:3;1:3:3,4,1,0,0,0,1,0,0,0,0,0,0,38,24
48230,0:3:2;0:3:2;0:3:3;1:3:3,4,2,0,0,0,1,0,0,0,0,0,0,62,24
48231,0:3:2;0:3:2;0:3:3;1:3:3,4,3,0,0,0,1,0,0,0,0,0,0,89,24
48232,0:3:2;0:3:2;0:3:3;1:3:3,4,4,1,1,1,0,1,1,1,1,1,5,11,2
48233,0:3:2;0:3:2;0:3:3;1:3:3,4,5,1,1,1,0,1,1,1,1,1,5,11,2
48234,0:3:2;0:3:2;0:3:3;1:3:3,5,0,0,0,0,1,0,0,0,0,0,0,21,24
48235,0:3:2;0:3:2;0:3:3;1:3:3,5,1,0,0,0,1,0,0,0,0,0,0,38,24
48236,0:3:2;0:3:2;0:3:3;1:3:3,5,2,0,0,0,1,0,0,0,0,0,0,62,24
48237,0:3:2;0:3:2;0:3:3;1:3:3,5,3,0,0,0,1,0,0,0,0,0,0,89,24
48238,0:3:2;0:3:2;0:3:3;1:3:3,5,4,1,1,1,0,1,1,1,1,1,5,11,2
48239,0:3:2;0:3:2;0:3:3;1:3:3,5,5,1,1,1,0,1,1,1,1,1,5,11,2
48240,0:3:2;0:3:2;0:3:3;1:4:3,0,0,0,0,0,1,0,0,0,0,0,0,1,24
48241,0:3:2;0:3:2;0:3:3;1:4:3,0,1,0,0,0,1,0,0,0,0,0,0,4,24
48242,0:3:2;0:3:2;0:3:3;1:4:3,0,2,0,0,0,1,0,0,0,0,0,0,33,24
48243,0:3:2;0:3:2;0:3:3;1:4:3,0,3,1,1,0,0,1,1,1,1,1,5,11,5
48244,0:3:2;0:3:2;0:3:3;1:4:3,0,4,1,1,0,0,1,1,1,1,1,5,11,2
48245,0:3:2;0:3:2;0:3:3;1:4:3,0,5,1,1,1,0,1,1,1,1,1,5,11,2
48246,0:3:2;0:3:2;0:3:3;1:4:3,1,0,0,0,0,1,0,0,0,0,0,0,2,24
48247,0:3:2;0:3:2;0:3:3;1:4:3,1,1,0,0,0,1,0,0,0,0,0,0,8,24
48248,0:3:2;0:3:2;0:3:3;1:4:3,1,2,0,0,0,1,0,0,0,0,0,0,41,24
48249,0:3:2;0:3:2;0:3:3;1:4:3,1,3,1,1,0,0,1,1,1,1,1,5,11,5
48250,0:3:2;0:3:2;0:3:3;1:4:3,1,4,1,1,1,0,1,1,1,1,1,5,11,2
48251,0:3:2;0:3:2;0:3:3;1:4:3,1,5,1,1,1,0,1,1,1,1,1,5,11,2
48252,0:3:2;0:3:2;0:3:3;1:4:3,2,0,0,0,0,1,0,0,0,0,0,0,3,24
48253,0:3:2;0:3:2;0:3:3;1:4:3,2,1,0,0,0,1,0,0,0,0,0,0,12,24
48254,0:3:2;0:3:2;0:3:3;1:4:3,2,2,0,0,0,1,0,0,0,0,0,0,49,24
48255,0:3:2;0:3:2;0:3:3;1:4:3,2,3,1,1,1,0,1,1,1,1,1,5,11,5
48256,0:3:2;0:3:2;0:3:3;1:4:3,2,4,1,1,1,0,1,1,1,1,1,5,11,2
48257,0:3:2;0:3:2;0:3:3;1:4:3,2,5,1,1,1,0,1,1,1,1,1,5,11,2
48258,0:3:2;0:3:2;0:3:3;1:4:3,3,0,0,0,0,1,0,0,0,0,0,0,29,24
48259,0:3:2;0:3:2;0:3:3;1:4:3,3,1,0,0,0,1,0,0,0,0,0,0,44,24
48260,0:3:2;0:3:2;0:3:3;1:4:3,3,2,0,0,0,1,0,0,0,0,0,0,65,24
48261,0:3:2;0:3:2;0:3:3;1:4:3,3,3,1,1,1,0,1,1,1,1,1,5,11,5
48262,0:3:2;0:3:2;0:3:3;1:4:3,3,4,1,1,1,0,1,1,1,1,1,5,11,2
48263,0:3:2;0:3:2;0:3:3;1:4:3,3,5,1,1,1,0,1,1,1,1,1,5,11,2
48264,0:3:2;0:3:2;0:3:3;1:4:3,4,0,0,0,0,1,0,0,0,0,0,0,29,24
48265,0:3:2;0:3:2;0:3:3;1:4:3,4,1,0,0,0,1,0,0,0,0,0,0,44,24
48266,0:3:2;0:3:2;0:3:3;1:4:3,4,2,0,0,0,1,0,0,0,0,0,0,65,24
48267,0:3:2;0:3:2;0:3:3;1:4:3,4,3,1,1,1,0,1,1,1,1,1,5,11,5
48268,0:3:2;0:3:2;0:3:3;1:4:3,4,4,1,1,1,0,1,1,1,1,1,5,11,2
48269,0:3:2;0:3:2;0:3:3;1:4:3,4,5,1,1,1,0,1,1,1,1,1,5,11,2
48270,0:3:2;0:3:2;0:3:3;1:4:3,5,0,0,0,0,1,0,0,0,0,0,0,29,24
48271,0:3:2;0:3:2;0:3:3;1:4:3,5,1,0,0,0,1,0,0,0,0,0,0,44,24
48272,0:3:2;0:3:2;0:3:3;1:4:3,5,2,0,0,0,1,0,0,0,0,0,0,65,24
48273,0:3:2;0:3:2;0:3:3;1:4:3,5,3,1,1,1,0,1,1,1,1,1,5,11,5
48274,0:3:2;0:3:2;0:3:3;1:4:3,5,4,1,1,1,0,1,1,1,1,1,5,11,2
48275,0:3:2;0:3:2;0:3:3;1:4:3,5,5,1,1,1,0,1,1,1,1,1,5,11,2
48276,0:3:2;0:3:2;0:4:3;0:4:3,0,0,0,0,0,1,0,0,0,0,0,0,1,24
48277,0:3:2;0:3:2;0:4:3;0:4:3,0,1,0,0,0,1,0,0,0,0,0,0,5,24
48278,0:3:2;0:3:2;0:4:3;0:4:3,0,2,0,0,0,1,0,0,0,0,0,0,15,24
48279,0:3:2;0:3:2;0:4:3;0:4:3,0,3,0,0,0,1,0,0,0,0,0,0,33,24
48280,0:3:2;0:3:2;0:4:3;0:4:3,0,4,0,0,0,1,0,0,0,0,0,0,58,24
48281,0:3:2;0:3:2;0:4:3;0:4:3,0,5,0,0,0,1,0,0,0,0,0,0,86,24
48282,0:3:2;0:3:2;0:4:3;0:4:3,1,0,0,0,0,1,0,0,0,0,0,0,1,24
48283,0:3:2;0:3:2;0:4:3;0:4:3,1,1,0,0,0,1,0,0,0,0,0,0,5,24
48284,0:3:2;0:3:2;0:4:3;0:4:3,1,2,0,0,0,1,0,0,0,0,0,0,15,24
48285,0:3:2;0:3:2;0:4:3;0:4:3,1,3,0,0,0,1,0,0,0,0,0,0,33,24
48286,0:3:2;0:3:2;0:4:3;0:4:3,1,4,0,0,0,1,0,0,0,0,0,0,58,24
48287,0:3:2;0:3:2;0:4:3;0:4:3,1,5,0,0,0,1,0,0,0,0,0,0,86,24
48288,0:3:2;0:3:2;0:4:3;0:4:3,2,0,0,0,0,1,0,0,0,0,0,0,1,24
48289,0:3:2;0:3:2;0:4:3;0:4:3,2,1,0,0,0,1,0,0,0,0,0,0,5,24
48290,0:3:2;0:3:2;0:4:3;0:4:3,2,2,0,0,0,1,0,0,0,0,0,0,15,24
48291,0:3:2;0:3:2;0:4:3;0:4:3,2,3,0,0,0,1,0,0,0,0,0,0,33,24
48292,0:3:2;0:3:2;0:4:3;0:4:3,2,4,0,0,0,1,0,0,0,0,0,0,58,24
48293,0:3:2;0:3:2;0:4:3;0:4:3,2,5,0,0,0,1,0,0,0,0,0,0,86,24
48294,0:3:2;0:3:2;0:4:3;0:4:3,3,0,0,0,0,1,0,0,0,0,0,0,1,24
48295,0:3:2;0:3:2;0:4:3;0:4:3,3,1,0,0,0,1,0,0,0,0,0,0,5,24
48296,0:3:2;0:3:2;0:4:3;0:4:3,3,2,0,0,0,1,0,0,0,0,0,0,15,24
48297,0:3:2;0:3:2;0:4:3;0:4:3,3,3,0,0,0,1,0,0,0,0,0,0,33,24
48298,0:3:2;0:3:2;0:4:3;0:4:3,3,4,0,0,0,1,0,0,0,0,0,0,58,24
48299,0:3:2;0:3:2;0:4:3;0:4:3,3,5,0,0,0,1,0,0,0,0,0,0,86,24
48300,0:3:2;0:3:2;0:4:3;0:4:3,4,0,0,0,0,1,0,0,0,0,0,0,1,24
48301,0:3:2;0:3:2;0:4:3;0:4:3,4,1,0,0,0,1,0,0,0,0,0,0,5,24
48302,0:3:2;0:3:2;0:4:3;0:4:3,4,2,0,0,0,1,0,0,0,0,0,0,15,24
48303,0:3:2;0:3:2;0:4:3;0:4:3,4,3,0,0,0,1,0,0,0,0,0,0,33,24
48304,0:3:2;0:3:2;0:4:3;0:4:3,4,4,0,0,0,1,0,0,0,0,0,0,58,24
48305,0:3:2;0:3:2;0:4:3;0:4:3,4,5,0,0,0,1,0,0,0,0,0,0,86,24
48306,0:3:2;0:3:2;0:4:3;0:4:3,5,0,0,0,0,1,0,0,0,0,0,0,1,24
48307,0:3:2;0:3:2;0:4:3;0:4:3,5,1,0,0,0,1,0,0,0,0,0,0,5,24
48308,0:3:2;0:3:2;0:4:3;0:4:3,5,2,0,0,0,1,0,0,0,0,0,0,15,24
48309,0:3:2;0:3:2;0:4:3;0:4:3,5,3,0,0,0,1,0,0,0,0,0,0,33,24
48310,0:3:2;0:3:2;0:4:3;0:4:3,5,4,0,0,0,1,0,0,0,0,0,0,58,24
48311,0:3:2;0:3:2;0:4:3;0:4:3,5,5,0,0,0,1,0,0,0,0,0,0,86,24
48312,0:3:2;0:3:2;0:4:3;1:1:1,0,0,0,0,0,1,0,0,0,0,0,0,1,24
48313,0:3:2;0:3:2;0:4:3;1:1:1,0,1,0,0,0,1,0,0,0,0,0,0,4,24
48314,0:3:2;0:3:2;0:4:3;1:1:1,0,2,0,0,0,1,0,0,0,0,0,0,16,24
48315,0:3:2;0:3:2;0:4:3;1:1:1,0,3,0,0,0,1,0,0,0,0,0,0,32,24
48316,0:3:2;0:3:2;0:4:3;1:1:1,0,4,0,0,0,1,0,0,0,0,0,0,46,24
48317,0:3:2;0:3:2;0:4:3;1:1:1,0,5,0,0,0,1,0,0,0,0,0,0,55,24
48318,0:3:2;0:3:2;0:4:3;1:1:1,1,0,0,0,0,1,0,0,0,0,0,0,5,24
48319,0:3:2;0:3:2;0:4:3;1:1:1,1,1,0,0,0,1,0,0,0,0,0,0,14,24
48320,0:3:2;0:3:2;0:4:3;1:1:1,1,2,0,0,0,1,0,0,0,0,0,0,28,24
48321,0:3:2;0:3:2;0:4:3;1:1:1,1,3,0,0,0,1,0,0,0,0,0,0,44,24
48322,0:3:2;0:3:2;0:4:3;1:1:1,1,4,0,0,0,1,0,0,0,0,0,0,58,24
48323,0:3:2;0:3:2;0:4:3;1:1:1,1,5,0,0,0,1,0,0,0,0,0,0,67,24
48324,0:3:2;0:3:2;0:4:3;1:1:1,2,0,0,0,0,1,0,0,0,0,0,0,5,24
48325,0:3:2;0:3:2;0:4:3;1:1:1,2,1,0,0,0,1,0,0,0,0,0,0,14,24
48326,0:3:2;0:3:2;0:4:3;1:1:1,2,2,0,0,0,1,0,0,0,0,0,0,28,24
48327,0:3:2;0:3:2;0:4:3;1:1:1,2,3,0,0,0,1,0,0,0,0,0,0,44,24
48328,0:3:2;0:3:2;0:4:3;1:1:1,2,4,0,0,0,1,0,0,0,0,0,0,58,24
48329,0:3:2;0:3:2;0:4:3;1:1:1,2,5,0,0,0,1,0,0,0,0,0,0,67,24
48330,0:3:2;0:3:2;0:4:3;1:1:1,3,0,0,0,0,1,0,0,0,0,0,0,5,24
48331,0:3:2;0:3:2;0:4:3;1:1:1,3,1,0,0,0,1,0,0,0,0,0,0,14,24
48332,0:3:2;0:3:2;0:4:3;1:1:1,3,2,0,0,0,1,0,0,0,0,0,0,28,24
48333,0:3:2;0:3:2;0:4:3;1:1:1,3,3,0,0,0,1,0,0,0,0,0,0,44,24
48334,0:3:2;0:3:2;0:4:3;1:1:1,3,4,0,0,0,1,0,0,0,0,0,0,58,24
48335,0:3:2;0:3:2;0:4:3;1:1:1,3,5,0,0,0,1,0,0,0,0,0,0,67,24
48336,0:3:2;0:3:2;0:4:3;1:1:1,4,0,0,0,0,1,0,0,0,0,0,0,5,24
48337,0:3:2;0:3:2;0:4:3;1:1:1,4,1,0,0,0,1,0,0,0,0,0,0,14,24
48338,0:3:2;0:3:2;0:4:3;1:1:1,4,2,0,0,0,1,0,0,0,0,0,0,28,24
48339,0:3:2;0:3:2;0:4:3;1:1:1,4,3,0,0,0,1,0,0,0,0,0,0,44,24
48340,0:3:2;0:3:2;0:4:3;1:1:1,4,4,0,0,0,1,0,0,0,0,0,0,58,24
48341,0:3:2;0:3:2;0:4:3;1:1:1,4,5,0,0,0,1,0,0,0,0,0,0,67,24
48342,0:3:2;0:3:2;0:4:3;1:1:1,5,0,0,0,0,1,0,0,0,0,0,0,5,24
48343,0:3:2;0:3:2;0:4:3;1:1:1,5,1,0,0,0,1,0,0,0,0,0,0,14,24
48344,0:3:2;0:3:2;0:4:3;1:1:1,5,2,0,0,0,1,0,0,0,0,0,0,28,24
48345,0:3:2;0:3:2;0:4:3;1:1:1,5,3,0,0,0,1,0,0,0,0,0,0,44,24
48346,0:3:2;0:3:2;0:4:3;1:1:1,5,4,0,0,0,1,0,0,0,0,0,0,58,24
48347,0:3:2;0:3:2;0:4:3;1:1:1,5,5,0,0,0,1,0,0,0,0,0,0,67,24
48348,0:3:2;0:3:2;0:4:3;1:2:1,0,0,0,0,0,1,0,0,0,0,0,0,1,24
48349,0:3:2;0:3:2;0:4:3;1:2:1,0,1,0,0,0,1,0,0,0,0,0,0,4,24
48350,0:3:2;0:3:2;0:4:3;1:2:1,0,2,0,0,0,1,0,0,0,0,0,0,21,24
48351,0:3:2;0:3:2;0:4:3;1:2:1,0,3,0,0,0,1,0,0,0,0,0,0,38,24
48352,0:3:2;0:3:2;0:4:3;1:2:1,0,4,0,0,0,1,0,0,0,0,0,0,49,24
48353,0:3:2;0:3:2;0:4:3;1:2:1,0,5,1,1,1,0,1,1,1,1,1,5,9,2
48354,0:3:2;0:3:2;0:4:3;1:2:1,1,0,0,0,0,1,0,0,0,0,0,0,11,24
48355,0:3:2;0:3:2;0:4:3;1:2:1,1,1,0,0,0,1,0,0,0,0,0,0,22,24
48356,0:3:2;0:3:2;0:4:3;1:2:1,1,2,0,0,0,1,0,0,0,0,0,0,36,24
48357,0:3:2;0:3:2;0:4:3;1:2:1,1,3,0,0,0,1,0,0,0,0,0,0,50,24
48358,0:3:2;0:3:2;0:4:3;1:2:1,1,4,0,0,0,1,0,0,0,0,0,0,61,24
48359,0:3:2;0:3:2;0:4:3;1:2:1,1,5,1,1,1,0,1,1,1,1,1,5,9,2
48360,0:3:2;0:3:2;0:4:3;1:2:1,2,0,0,0,0,1,0,0,0,0,0,0,11,24
48361,0:3:2;0:3:2;0:4:3;1:2:1,2,1,0,0,0,1,0,0,0,0,0,0,22,24
48362,0:3:2;0:3:2;0:4:3;1:2:1,2,2,0,0,0,1,0,0,0,0,0,0,36,24
48363,0:3:2;0:3:2;0:4:3;1:2:1,2,3,0,0,0,1,0,0,0,0,0,0,50,24
48364,0:3:2;0:3:2;0:4:3;1:2:1,2,4,0,0,0,1,0,0,0,0,0,0,61,24
48365,0:3:2;0:3:2;0:4:3;1:2:1,2,5,1,1,1,0,1,1,1,1,1,5,9,2
48366,0:3:2;0:3:2;0:4:3;1:2:1,3,0,0,0,0,1,0,0,0,0,0,0,11,24
48367,0:3:2;0:3:2;0:4:3;1:2:1,3,1,0,0,0,1,0,0,0,0,0,0,22,24
48368,0:3:2;0:3:2;0:4:3;1:2:1,3,2,0,0,0,1,0,0,0,0,0,0,36,24
48369,0:3:2;0:3:2;0:4:3;1:2:1,3,3,0,0,0,1,0,0,0,0,0,0,50,24
48370,0:3:2;0:3:2;0:4:3;1:2:1,3,4,0,0,0,1,0,0,0,0,0,0,61,24
48371,0:3:2;0:3:2;0:4:3;1:2:1,3,5,1,1,1,0,1,1,1,1,1,5,9,2
48372,0:3:2;0:3:2;0:4:3;1:2:1,4,0,0,0,0,1,0,0,0,0,0,0,11,24
48373,0:3:2;0:3:2;0:4:3;1:2:1,4,1,0,0,0,1,0,0,0,0,0,0,22,24
48374,0:3:2;0:3:2;0:4:3;1:2:1,4,2,0,0,0,1,0,0,0,0,0,0,36,24
48375,0:3:2;0:3:2;0:4:3;1:2:1,4,3,0,0,0,1,0,0,0,0,0,0,50,24
48376,0:3:2;0:3:2;0:4:3;1:2:1,4,4,0,0,0,1,0,0,0,0,0,0,61,24
48377,0:3:2;0:3:2;0:4:3;1:2:1,4,5,1,1,1,0,1,1,1,1,1,5,9,2
48378,0:3:2;0:3:2;0:4:3;1:2:1,5,0,0,0,0,1,0,0,0,0,0,0,11,24
48379,0:3:2;0:3:2;0:4:3;1:2:1,5,1,0,0,0,1,0,0,0,0,0,0,22,24
48380,0:3:2;0:3:2;0:4:3;1:2:1,5,2,0,0,0,1,0,0,0,0,0,0,36,24
48381,0:3:2;0:3:2;0:4:3;1:2:1,5,3,0,0,0,1,0,0,0,0,0,0,50,24
48382,0:3:2;0:3:2;0:4:3;1:2:1,5,4,0,0,0,1,0,0,0,0,0,0,61,24
48383,0:3:2;0:3:2;0:4:3;1:2:1,5,5,1,1,1,0,1,1,1,1,1,5,9,2
48384,0:3:2;0:3:2;0:4:3;1:2:2,0,0,0,0,0,1,0,0,0,0,0,0,1,24
48385,0:3:2;0:3:2;0:4:3;1:2:2,0,1,0,0,0,1,0,0,0,0,0,0,4,24
48386,0:3:2;0:3:2;0:4:3;1:2:2,0,2,0,0,0,1,0,0,0,0,0,0,23,24
48387,0:3:2;0:3:2;0:4:3;1:2:2,0,3,0,0,0,1,0,0,0,0,0,0,45,24
48388,0:3:2;0:3:2;0:4:3;1:2:2,0,4,0,0,0,1,0,0,0,0,0,0,63,24
48389,0:3:2;0:3:2;0:4:3;1:2:2,0,5,1,1,1,0,1,1,1,1,1,5,10,2
48390,0:3:2;0:3:2;0:4:3;1:2:2,1,0,0,0,0,1,0,0,0,0,0,0,2,24
48391,0:3:2;0:3:2;0:4:3;1:2:2,1,1,0,0,0,1,0,0,0,0,0,0,8,24
48392,0:3:2;0:3:2;0:4:3;1:2:2,1,2,0,0,0,1,0,0,0,0,0,0,31,24
48393,0:3:2;0:3:2;0:4:3;1:2:2,1,3,0,0,0,1,0,0,0,0,0,0,56,24
48394,0:3:2;0:3:2;0:4:3;1:2:2,1,4,0,0,0,1,0,0,0,0,0,0,75,24
48395,0:3:2;0:3:2;0:4:3;1:2:2,1,5,1,1,1,0,1,1,1,1,1,5,10,2
48396,0:3:2;0:3:2;0:4:3;1:2:2,2,0,0,0,0,1,0,0,0,0,0,0,12,24
48397,0:3:2;0:3:2;0:4:3;1:2:2,2,1,0,0,0,1,0,0,0,0,0,0,26,24
48398,0:3:2;0:3:2;0:4:3;1:2:2,2,2,0,0,0,1,0,0,0,0,0,0,46,24
48399,0:3:2;0:3:2;0:4:3;1:2:2,2,3,0,0,0,1,0,0,0,0,0,0,68,24
48400,0:3:2;0:3:2;0:4:3;1:2:2,2,4,0,0,0,1,0,0,0,0,0,0,87,24
48401,0:3:2;0:3:2;0:4:3;1:2:2,2,5,1,1,1,0,1,1,1,1,1,5,10,2
48402,0:3:2;0:3:2;0:4:3;1:2:2,3,0,0,0,0,1,0,0,0,0,0,0,12,24
48403,0:3:2;0:3:2;0:4:3;1:2:2,3,1,0,0,0,1,0,0,0,0,0,0,26,24
48404,0:3:2;0:3:2;0:4:3;1:2:2,3,2,0,0,0,1,0,0,0,0,0,0,46,24
48405,0:3:2;0:3:2;0:4:3;1:2:2,3,3,0,0,0,1,0,0,0,0,0,0,68,24
48406,0:3:2;0:3:2;0:4:3;1:2:2,3,4,0,0,0,1,0,0,0,0,0,0,87,24
48407,0:3:2;0:3:2;0:4:3;1:2:2,3,5,1,1,1,0,1,1,1,1,1,5,10,2
48408,0:3:2;0:3:2;0:4:3;1:2:2,4,0,0,0,0,1,0,0,0,0,0,0,12,24
48409,0:3:2;0:3:2;0:4:3;1:2:2,4,1,0,0,0,1,0,0,0,0,0,0,26,24
48410,0:3:2;0:3:2;0:4:3;1:2:2,4,2,0,0,0,1,0,0,0,0,0,0,46,24
48411,0:3:2;0:3:2;0:4:3;1:2:2,4,3,0,0,0,1,0,0,0,0,0,0,68,24
48412,0:3:2;0:3:2;0:4:3;1:2:2,4,4,0,0,0,1,0,0,0,0,0,0,87,24
48413,0:3:2;0:3:2;0:4:3;1:2:2,4,5,1,1,1,0,1,1,1,1,1,5,10,2
48414,0:3:2;0:3:2;0:4:3;1:2:2,5,0,0,0,0,1,0,0,0,0,0,0,12,24
48415,0:3:2;0:3:2;0:4:3;1:2:2,5,1,0,0,0,1,0,0,0,0,0,0,26,24
48416,0:3:2;0:3:2;0:4:3;1:2:2,5,2,0,0,0,1,0,0,0,0,0,0,46,24
48417,0:3:2;0:3:2;0:4:3;1:2:2,5,3,0,0,0,1,0,0,0,0,0,0,68,24
48418,0:3:2;0:3:2;0:4:3;1:2:2,5,4,0,0,0,1,0,0,0,0,0,0,87,24
48419,0:3:2;0:3:2;0:4:3;1:2:2,5,5,1,1,1,0,1,1,1,1,1,5,10,2
48420,0:3:2;0:3:2;0:4:3;1:3:2,0,0,0,0,0,1,0,0,0,0,0,0,1,24
48421,0:3:2;0:3:2;0:4:3;1:3:2,0,1,0,0,0,1,0,0,0,0,0,0,4,24
48422,0:3:2;0:3:2;0:4:3;1:3:2,0,2,0,0,0,1,0,0,0,0,0,0,28,24
48423,0:3:2;0:3:2;0:4:3;1:3:2,0,3,0,0,0,1,0,0,0,0,0,0,48,24
48424,0:3:2;0:3:2;0:4:3;1:3:2,0,4,1,1,1,0,1,1,1,1,1,5,10,2
48425,0:3:2;0:3:2;0:4:3;1:3:2,0,5,1,1,1,0,1,1,1,1,1,5,10,2
48426,0:3:2;0:3:2;0:4:3;1:3:2,1,0,0,0,0,1,0,0,0,0,0,0,2,24
48427,0:3:2;0:3:2;0:4:3;1:3:2,1,1,0,0,0,1,0,0,0,0,0,0,8,24
48428,0:3:2;0:3:2;0:4:3;1:3:2,1,2,0,0,0,1,0,0,0,0,0,0,36,24
48429,0:3:2;0:3:2;0:4:3;1:3:2,1,3,0,0,0,1,0,0,0,0,0,0,59,24
48430,0:3:2;0:3:2;0:4:3;1:3:2,1,4,1,1,1,0,1,1,1,1,1,5,10,2
48431,0:3:2;0:3:2;0:4:3;1:3:2,1,5,1,1,1,0,1,1,1,1,1,5,10,2
48432,0:3:2;0:3:2;0:4:3;1:3:2,2,0,0,0,0,1,0,0,0,0,0,0,20,24
48433,0:3:2;0:3:2;0:4:3;1:3:2,2,1,0,0,0,1,0,0,0,0,0,0,34,24
48434,0:3:2;0:3:2;0:4:3;1:3:2,2,2,0,0,0,1,0,0,0,0,0,0,52,24
48435,0:3:2;0:3:2;0:4:3;1:3:2,2,3,0,0,0,1,0,0,0,0,0,0,71,24
48436,0:3:2;0:3:2;0:4:3;1:3:2,2,4,1,1,1,0,1,1,1,1,1,5,10,2
48437,0:3:2;0:3:2;0:4:3;1:3:2,2,5,1,1,1,0,1,1,1,1,1,5,10,2
48438,0:3:2;0:3:2;0:4:3;1:3:2,3,0,0,0,0,1,0,0,0,0,0,0,20,24
48439,0:3:2;0:3:2;0:4:3;1:3:2,3,1,0,0,0,1,0,0,0,0,0,0,34,24
48440,0:3:2;0:3:2;0:4:3;1:3:2,3,2,0,0,0,1,0,0,0,0,0,0,52,24
48441,0:3:2;0:3:2;0:4:3;1:3:2,3,3,0,0,0,1,0,0,0,0,0,0,71,24
48442,0:3:2;0:3:2;0:4:3;1:3:2,3,4,1,1,1,0,1,1,1,1,1,5,10,2
48443,0:3:2;0:3:2;0:4:3;1:3:2,3,5,1,1,1,0,1,1,1,1,1,5,10,2
48444,0:3:2;0:3:2;0:4:3;1:3:2,4,0,0,0,0,1,0,0,0,0,0,0,20,24
48445,0:3:2;0:3:2;0:4:3;1:3:2,4,1,0,0,0,1,0,0,0,0,0,0,34,24
48446,0:3:2;0:3:2;0:4:3;1:3:2,4,2,0,0,0,1,0,0,0,0,0,0,52,24
48447,0:3:2;0:3:2;0:4:3;1:3:2,4,3,0,0,0,1,0,0,0,0,0,0,71,24
48448,0:3:2;0:3:2;0:4:3;1:3:2,4,4,1,1,1,0,1,1,1,1,1,5,10,2
48449,0:3:2;0:3:2;0:4:3;1:3:2,4,5,1,1,1,0,1,1,1,1,1,5,10,2
48450,0:3:2;0:3:2;0:4:3;1:3:2,5,0,0,0,0,1,0,0,0,0,0,0,20,24
48451,0:3:2;0:3:2;0:4:3;1:3:2,5,1,0,0,0,1,0,0,0,0,0,0,34,24
48452,0:3:2;0:3:2;0:4:3;1:3:2,5,2,0,0,0,1,0,0,0,0,0,0,52,24
48453,0:3:2;0:3:2;0:4:3;1:3:2,5,3,0,0,0,1,0,0,0,0,0,0,71,24
48454,0:3:2;0:3:2;0:4:3;1:3:2,5,4,1,1,1,0,1,1,1,1,1,5,10,2
48455,0:3:2;0:3:2;0:4:3;1:3:2,5,5,1,1,1,0,1,1,1,1,1,5,10,2
48456,0:3:2;0:3:2;0:4:3;1:3:3,0,0,0,0,0,1,0,0,0,0,0,0,1,24
48457,0:3:2;0:3:2;0:4:3;1:3:3,0,1,0,0,0,1,0,0,0,0,0,0,4,24
48458,0:3:2;0:3:2;0:4:3;1:3:3,0,2,0,0,0,1,0,0,0,0,0,0,30,24
48459,0:3:2;0:3:2;0:4:3;1:3:3,0,3,0,0,0,1,0,0,0,0,0,0,55,24
48460,0:3:2;0:3:2;0:4:3;1:3:3,0,4,1,1,0,0,1,1,1,1,1,5,11,2
48461,0:3:2;0:3:2;0:4:3;1:3:3,0,5,1,1,1,0,1,1,1,1,1,5,11,2
48462,0:3:2;0:3:2;0:4:3;1:3:3,1,0,0,0,0,1,0,0,0,0,0,0,2,24
48463,0:3:2;0:3:2;0:4:3;1:3:3,1,1,0,0,0,1,0,0,0,0,0,0,8,24
48464,0:3:2;0:3:2;0:4:3;1:3:3,1,2,0,0,0,1,0,0,0,0,0,0,38,24
48465,0:3:2;0:3:2;0:4:3;1:3:3,1,3,0,0,0,1,0,0,0,0,0,0,66,24
48466,0:3:2;0:3:2;0:4:3;1:3:3,1,4,1,1,1,0,1,1,1,1,1,5,11,2
48467,0:3:2;0:3:2;0:4:3;1:3:3,1,5,1,1,1,0,1,1,1,1,1,5,11,2
48468,0:3:2;0:3:2;0:4:3;1:3:3,2,0,0,0,0,1,0,0,0,0,0,0,3,24
48469,0:3:2;0:3:2;0:4:3;1:3:3,2,1,0,0,0,1,0,0,0,0,0,0,12,24
48470,0:3:2;0:3:2;0:4:3;1:3:3,2,2,0,0,0,1,0,0,0,0,0,0,46,24
48471,0:3:2;0:3:2;0:4:3;1:3:3,2,3,0,0,0,1,0,0,0,0,0,0,77,24
48472,0:3:2;0:3:2;0:4:3;1:3:3,2,4,1,1,1,0,1,1,1,1,1,5,11,2
48473,0:3:2;0:3:2;0:4:3;1:3:3,2,5,1,1,1,0,1,1,1,1,1,5,11,2
48474,0:3:2;0:3:2;0:4:3;1:3:3,3,0,0,0,0,1,0,0,0,0,0,0,21,24
48475,0:3:2;0:3:2;0:4:3;1:3:3,3,1,0,0,0,1,0,0,0,0,0,0,38,24
48476,0:3:2;0:3:2;0:4:3;1:3:3,3,2,0,0,0,1,0,0,0,0,0,0,62,24
48477,0:3:2;0:3:2;0:4:3;1:3:3,3,3,0,0,0,1,0,0,0,0,0,0,89,24
48478,0:3:2;0:3:2;0:4:3;1:3:3,3,4,1,1,1,0,1,1,1,1,1,5,11,2
48479,0:3:2;0:3:2;0:4:3;1:3:3,3,5,1,1,1,0,1,1,1,1,1,5,11,2
48480,0:3:2;0:3:2;0:4:3;1:3:3,4,0,0,0,0,1,0,0,0,0,0,0,21,24
48481,0:3:2;0:3:2;0:4:3;1:3:3,4,1,0,0,0,1,0,0,0,0,0,0,38,24
48482,0:3:2;0:3:2;0:4:3;1:3:3,4,2,0,0,0,1,0,0,0,0,0,0,62,24
48483,0:3:2;0:3:2;0:4:3;1:3:3,4,3,0,0,0,1,0,0,0,0,0,0,89,24
48484,0:3:2;0:3:2;0:4:3;1:3:3,4,4,1,1,1,0,1,1,1,1,1,5,11,2
48485,0:3:2;0:3:2;0:4:3;1:3:3,4,5,1,1,1,0,1,1,1,1,1,5,11,2
48486,0:3:2;0:3:2;0:4:3;1:3:3,5,0,0,0,0,1,0,0,0,0,0,0,21,24
48487,0:3:2;0:3:2;0:4:3;1:3:3,5,1,0,0,0,1,0,0,0,0,0,0,38,24
48488,0:3:2;0:3:2;0:4:3;1:3:3,5,2,0,0,0,1,0,0,0,0,0,0,62,24
48489,0:3:2;0:3:2;0:4:3;1:3:3,5,3,0,0,0,1,0,0,0,0,0,0,89,24
48490,0:3:2;0:3:2;0:4:3;1:3:3,5,4,1,1,1,0,1,1,1,1,1,5,11,2
48491,0:3:2;0:3:2;0:4:3;1:3:3,5,5,1,1,1,0,1,1,1,1,1,5,11,2
48492,0:3:2;0:3:2;0:4:3;1:4:3,0,0,0,0,0,1,0,0,0,0,0,0,1,24
48493,0:3:2;0:3:2;0:4:3;1:4:3,0,1,0,0,0,1,0,0,0,0,0,0,4,24
48494,0:3:2;0:3:2;0:4:3;1:4:3,0,2,0,0,0,1,0,0,0,0,0,0,33,24
48495,0:3:2;0:3:2;0:4:3;1:4:3,0,3,1,1,0,0,1,1,1,1,1,5,11,5
48496,0:3:2;0:3:2;0:4:3;1:4:3,0,4,1,1,0,0,1,1,1,1,1,5,11,2
48497,0:3:2;0:3:2;0:4:3;1:4:3,0,5,1,1,1,0,1,1,1,1,1,5,11,2
48498,0:3:2;0:3:2;0:4:3;1:4:3,1,0,0,0,0,1,0,0,0,0,0,0,2,24
48499,0:3:2;0:3:2;0:4:3;1:4:3,1,1,0,0,0,1,0,0,0,0,0,0,8,24
48500,0:3:2;0:3:2;0:4:3;1:4:3,1,2,0,0,0,1,0,0,0,0,0,0,41,24
48501,0:3:2;0:3:2;0:4:3;1:4:3,1,3,1,1,0,0,1,1,1,1,1,5,11,5
48502,0:3:2;0:3:2;0:4:3;1:4:3,1,4,1,1,1,0,1,1,1,1,1,5,11,2
48503,0:3:2;0:3:2;0:4:3;1:4:3,1,5,1,1,1,0,1,1,1,1,1,5,11,2
48504,0:3:2;0:3:2;0:4:3;1:4:3,2,0,0,0,0,1,0,0,0,0,0,0,3,24
48505,0:3:2;0:3:2;0:4:3;1:4:3,2,1,0,0,0,1,0,0,0,0,0,0,12,24
48506,0:3:2;0:3:2;0:4:3;1:4:3,2,2,0,0,0,1,0,0,0,0,0,0,49,24
48507,0:3:2;0:3:2;0:4:3;1:4:3,2,3,1,1,1,0,1,1,1,1,1,5,11,5
48508,0:3:2;0:3:2;0:4:3;1:4:3,2,4,1,1,1,0,1,1,1,1,1,5,11,2
48509,0:3:2;0:3:2;0:4:3;1:4:3,2,5,1,1,1,0,1,1,1,1,1,5,11,2
48510,0:3:2;0:3:2;0:4:3;1:4:3,3,0,0,0,0,1,0,0,0,0,0,0,29,24
48511,0:3:2;0:3:2;0:4:3;1:4:3,3,1,0,0,0,1,0,0,0,0,0,0,44,24
48512,0:3:2;0:3:2;0:4:3;1:4:3,3,2,0,0,0,1,0,0,0,0,0,0,65,24
48513,0:3:2;0:3:2;0:4:3;1:4:3,3,3,1,1,1,0,1,1,1,1,1,5,11,5
48514,0:3:2;0:3:2;0:4:3;1:4:3,3,4,1,1,1,0,1,1,1,1,1,5,11,2
48515,0:3:2;0:3:2;0:4:3;1:4:3,3,5,1,1,1,0,1,1,1,1,1,5,11,2
48516,0:3:2;0:3:2;0:4:3;1:4:3,4,0,0,0,0,1,0,0,0,0,0,0,29,24
48517,0:3:2;0:3:2;0:4:3;1:4:3,4,1,0,0,0,1,0,0,0,0,0,0,44,24
48518,0:3:2;0:3:2;0:4:3;1:4:3,4,2,0,0,0,1,0,0,0,0,0,0,65,24
48519,0:3:2;0:3:2;0:4:3;1:4:3,4,3,1,1,1,0,1,1,1,1,1,5,11,5
48520,0:3:2;0:3:2;0:4:3;1:4:3,4,4,1,1,1,0,1,1,1,1,1,5,11,2
48521,0:3:2;0:3:2;0:4:3;1:4:3,4,5,1,1,1,0,1,1,1,1,1,5,11,2
48522,0:3:2;0:3:2;0:4:3;1:4:3,5,0,0,0,0,1,0,0,0,0,0,0,29,24
48523,0:3:2;0:3:2;0:4:3;1:4:3,5,1,0,0,0,1,0,0,0,0,0,0,44,24
48524,0:3:2;0:3:2;0:4:3;1:4:3,5,2,0,0,0,1,0,0,0,0,0,0,65,24
48525,0:3:2;0:3:2;0:4:3;1:4:3,5,3,1,1,1,0,1,1,1,1,1,5,11,5
48526,0:3:2;0:3:2;0:4:3;1:4:3,5,4,1,1,1,0,1,1,1,1,1,5,11,2
48527,0:3:2;0:3:2;0:4:3;1:4:3,5,5,1,1,1,0,1,1,1,1,1,5,11,2
48528,0:3:2;0:3:2;1:1:1;1:1:1,0,0,0,0,0,1,0,0,0,0,0,0,1,24
48529,0:3:2;0:3:2;1:1:1;1:1:1,0,1,0,0,0,1,0,0,0,0,0,0,3,24
48530,0:3:2;0:3:2;1:1:1;1:1:1,0,2,1,1,1,0,1,1,1,1,1,5,7,4
48531,0:3:2;0:3:2;1:1:1;1:1:1,0,3,1,1,1,0,1,1,1,1,1,5,7,3
48532,0:3:2;0:3:2;1:1:1;1:1:1,0,4,1,1,1,0,1,1,1,1,1,5,7,1
48533,0:3:2;0:3:2;1:1:1;1:1:1,0,5,1,1,1,0,1,1,1,1,1,5,7,1
48534,0:3:2;0:3:2;1:1:1;1:1:1,1,0,0,0,0,1,0,0,0,0,0,0,7,24
48535,0:3:2;0:3:2;1:1:1;1:1:1,1,1,0,0,0,1,0,0,0,0,0,0,19,24
48536,0:3:2;0:3:2;1:1:1;1:1:1,1,2,1,1,1,0,1,1,1,1,1,5,7,4
48537,0:3:2;0:3:2;1:1:1;1:1:1,1,3,1,1,1,0,1,1,1,1,1,5,7,3
48538,0:3:2;0:3:2;1:1:1;1:1:1,1,4,1,1,1,0,1,1,1,1,1,5,7,1
48539,0:3:2;0:3:2;1:1:1;1:1:1,1,5,1,1,1,0,1,1,1,1,1,5,7,1
48540,0:3:2;0:3:2;1:1:1;1:1:1,2,0,0,0,0,1,0,0,0,0,0,0,13,24
48541,0:3:2;0:3:2;1:1:1;1:1:1,2,1,0,0,0,1,0,0,0,0,0,0,23,24
48542,0:3:2;0:3:2;1:1:1;1:1:1,2,2,1,1,1,0,1,1,1,1,1,5,7,4
48543,0:3:2;0:3:2;1:1:1;1:1:1,2,3,1,1,1,0,1,1,1,1,1,5,7,3
48544,0:3:2;0:3:2;1:1:1;1:1:1,2,4,1,1,1,0,1,1,1,1,1,5,7,1
48545,0:3:2;0:3:2;1:1:1;1:1:1,2,5,1,1,1,0,1,1,1,1,1,5,7,1
48546,0:3:2;0:3:2;1:1:1;1:1:1,3,0,0,0,0,1,0,0,0,0,0,0,13,24
48547,0:3:2;0:3:2;1:1:1;1:1:1,3,1,0,0,0,1,0,0,0,0,0,0,23,24
48548,0:3:2;0:3:2;1:1:1;1:1:1,3,2,1,1,1,0,1,1,1,1,1,5,7,4
48549,0:3:2;0:3:2;1:1:1;1:1:1,3,3,1,1,1,0,1,1,1,1,1,5,7,3
48550,0:3:2;0:3:2;1:1:1;1:1:1,3,4,1,1,1,0,1,1,1,1,1,5,7,1
48551,0:3:2;0:3:2;1:1:1;1:1:1,3,5,1,1,1,0,1,1,1,1,1,5,7,1
48552,0:3:2;0:3:2;1:1:1;1:1:1,4,0,0,0,0,1,0,0,0,0,0,0,13,24
48553,0:3:2;0:3:2;1:1:1;1:1:1,4,1,0,0,0,1,0,0,0,0,0,0,23,24
48554,0:3:2;0:3:2;1:1:1;1:1:1,4,2,1,1,1,0,1,1,1,1,1,5,7,4
48555,0:3:2;0:3:2;1:1:1;1:1:1,4,3,1,1,1,0,1,1,1,1,1,5,7,3
48556,0:3:2;0:3:2;1:1:1;1:1:1,4,4,1,1,1,0,1,1,1,1,1,5,7,1
48557,0:3:2;0:3:2;1:1:1;1:1:1,4,5,1,1,1,0,1,1,1,1,1,5,7,1
48558,0:3:2;0:3:2;1:1:1;1:1:1,5,0,0,0,0,1,0,0,0,0,0,0,13,24
48559,0:3:2;0:3:2;1:1:1;1:1:1,5,1,0,0,0,1,0,0,0,0,0,0,23,24
48560,0:3:2;0:3:2;1:1:1;1:1:1,5,2,1,1,1,0,1,1,1,1,1,5,7,4
48561,0:3:2;0:3:2;1:1:1;1:1:1,5,3,1,1,1,0,1,1,1,1,1,5,7,3
48562,0:3:2;0:3:2;1:1:1;1:1:1,5,4,1,1,1,0,1,1,1,1,1,5,7,1
48563,0:3:2;0:3:2;1:1:1;1:1:1,5,5,1,1,1,0,1,1,1,1,1,5,7,1
48564,0:3:2;0:3:2;1:1:1;1:2:1,0,0,0,0,0,1,0,0,0,0,0,0,1,24
48565,0:3:2;0:3:2;1:1:1;1:2:1,0,1,1,0,0,1,0,0,0,0,0,1,3,24
48566,0:3:2;0:3:2;1:1:1;1:2:1,0,2,1,1,1,0,1,1,1,1,1,5,7,4
48567,0:3:2;0:3:2;1:1:1;1:2:1,0,3,1,1,1,0,1,1,1,1,1,5,7,3
48568,0:3:2;0:3:2;1:1:1;1:2:1,0,4,1,1,1,0,1,1,1,1,1,5,7,1
48569,0:3:2;0:3:2;1:1:1;1:2:1,0,5,1,1,1,0,1,1,1,1,1,5,7,1
48570,0:3:2;0:3:2;1:1:1;1:2:1,1,0,0,0,0,1,0,0,0,0,0,0,14,24
48571,0:3:2;0:3:2;1:1:1;1:2:1,1,1,1,1,1,0,1,1,1,1,1,5,7,14
48572,0:3:2;0:3:2;1:1:1;1:2:1,1,2,1,1,1,0,1,1,1,1,1,5,7,4
48573,0:3:2;0:3:2;1:1:1;1:2:1,1,3,1,1,1,0,1,1,1,1,1,5,7,3
48574,0:3:2;0:3:2;1:1:1;1:2:1,1,4,1,1,1,0,1,1,1,1,1,5,7,1
48575,0:3:2;0:3:2;1:1:1;1:2:1,1,5,1,1,1,0,1,1,1,1,1,5,7,1
48576,0:3:2;0:3:2;1:1:1;1:2:1,2,0,0,0,0,1,0,0,0,0,0,0,18,24
48577,0:3:2;0:3:2;1:1:1;1:2:1,2,1,1,1,1,0,1,1,1,1,1,5,7,14
48578,0:3:2;0:3:2;1:1:1;1:2:1,2,2,1,1,1,0,1,1,1,1,1,5,7,4
48579,0:3:2;0:3:2;1:1:1;1:2:1,2,3,1,1,1,0,1,1,1,1,1,5,7,3
48580,0:3:2;0:3:2;1:1:1;1:2:1,2,4,1,1,1,0,1,1,1,1,1,5,7,1
48581,0:3:2;0:3:2;1:1:1;1:2:1,2,5,1,1,1,0,1,1,1,1,1,5,7,1
48582,0:3:2;0:3:2;1:1:1;1:2:1,3,0,0,0,0,1,0,0,0,0,0,0,18,24
48583,0:3:2;0:3:2;1:1:1;1:2:1,3,1,1,1,1,0,1,1,1,1,1,5,7,14
48584,0:3:2;0:3:2;1:1:1;1:2:1,3,2,1,1,1,0,1,1,1,1,1,5,7,4
48585,0:3:2;0:3:2;1:1:1;1:2:1,3,3,1,1,1,0,1,1,1,1,1,5,7,3
48586,0:3:2;0:3:2;1:1:1;1:2:1,3,4,1,1,1,0,1,1,1,1,1,5,7,1
48587,0:3:2;0:3:2;1:1:1;1:2:1,3,5,1,1,1,0,1,1,1,1,1,5,7,1
48588,0:3:2;0:3:2;1:1:1;1:2:1,4,0,0,0,0,1,0,0,0,0,0,0,18,24
48589,0:3:2;0:3:2;1:1:1;1:2:1,4,1,1,1,1,0,1,1,1,1,1,5,7,14
48590,0:3:2;0:3:2;1:1:1;1:2:1,4,2,1,1,1,0,1,1,1,1,1,5,7,4
48591,0:3:2;0:3:2;1:1:1;1:2:1,4,3,1,1,1,0,1,1,1,1,1,5,7,3
48592,0:3:2;0:3:2;1:1:1;1:2:1,4,4,1,1,1,0,1,1,1,1,1,5,7,1
48593,0:3:2;0:3:2;1:1:1;1:2:1,4,5,1,1,1,0,1,1,1,1,1,5,7,1
48594,0:3:2;0:3:2;1:1:1;1:2:1,5,0,0,0,0,1,0,0,0,0,0,0,18,24
48595,0:3:2;0:3:2;1:1:1;1:2:1,5,1,1,1,1,0,1,1,1,1,1,5,7,14
48596,0:3:2;0:3:2;1:1:1;1:2:1,5,2,1,1,1,0,1,1,1,1,1,5,7,4
48597,0:3:2;0:3:2;1:1:1;1:2:1,5,3,1,1,1,0,1,1,1,1,1,5,7,3
48598,0:3:2;0:3:2;1:1:1;1:2:1,5,4,1,1,1,0,1,1,1,1,1,5,7,1
48599,0:3:2;0:3:2;1:1:1;1:2:1,5,5,1,1,1,0,1,1,1,1,1,5,7,1
48600,0:3:2;0:3:2;1:1:1;1:2:2,0,0,0,0,0,1,0,0,0,0,0,0,1,24
48601,0:3:2;0:3:2;1:1:1;1:2:2,0,1,1,0,0,1,0,0,0,0,0,1,3,24
48602,0:3:2;0:3:2;1:1:1;1:2:2,0,2,1,1,0,0,1,1,1,1,1,5,8,4
48603,0:3:2;0:3:2;1:1:1;1:2:2,0,3,1,1,1,0,1,1,1,1,1,5,8,3
48604,0:3:2;0:3:2;1:1:1;1:2:2,0,4,1,1,1,0,1,1,1,1,1,5,8,1
48605,0:3:2;0:3:2;1:1:1;1:2:2,0,5,1,1,1,0,1,1,1,1,1,5,8,1
48606,0:3:2;0:3:2;1:1:1;1:2:2,1,0,0,0,0,1,0,0,0,0,0,0,5,24
48607,0:3:2;0:3:2;1:1:1;1:2:2,1,1,1,1,0,0,1,1,1,1,1,5,8,14
48608,0:3:2;0:3:2;1:1:1;1:2:2,1,2,1,1,1,0,1,1,1,1,1,5,8,4
48609,0:3:2;0:3:2;1:1:1;1:2:2,1,3,1,1,1,0,1,1,1,1,1,5,8,3
48610,0:3:2;0:3:2;1:1:1;1:2:2,1,4,1,1,1,0,1,1,1,1,1,5,8,1
48611,0:3:2;0:3:2;1:1:1;1:2:2,1,5,1,1,1,0,1,1,1,1,1,5,8,1
48612,0:3:2;0:3:2;1:1:1;1:2:2,2,0,0,0,0,1,0,0,0,0,0,0,18,24
48613,0:3:2;0:3:2;1:1:1;1:2:2,2,1,1,1,1,0,1,1,1,1,1,5,8,14
48614,0:3:2;0:3:2;1:1:1;1:2:2,2,2,1,1,1,0,1,1,1,1,1,5,8,4
48615,0:3:2;0:3:2;1:1:1;1:2:2,2,3,1,1,1,0,1,1,1,1,1,5,8,3
48616,0:3:2;0:3:2;1:1:1;1:2:2,2,4,1,1,1,0,1,1,1,1,1,5,8,1
48617,0:3:2;0:3:2;1:1:1;1:2:2,2,5,1,1,1,0,1,1,1,1,1,5,8,1
48618,0:3:2;0:3:2;1:1:1;1:2:2,3,0,0,0,0,1,0,0,0,0,0,0,22,24
48619,0:3:2;0:3:2;1:1:1;1:2:2,3,1,1,1,1,0,1,1,1,1,1,5,8,14
48620,0:3:2;0:3:2;1:1:1;1:2:2,3,2,1,1,1,0,1,1,1,1,1,5,8,4
48621,0:3:2;0:3:2;1:1:1;1:2:2,3,3,1,1,1,0,1,1,1,1,1,5,8,3
48622,0:3:2;0:3:2;1:1:1;1:2:2,3,4,1,1,1,0,1,1,1,1,1,5,8,1
48623,0:3:2;0:3:2;1:1:1;1:2:2,3,5,1,1,1,0,1,1,1,1,1,5,8,1
48624,0:3:2;0:3:2;1:1:1;1:2:2,4,0,0,0,0,1,0,0,0,0,0,0,22,24
48625,0:3:2;0:3:2;1:1:1;1:2:2,4,1,1,1,1,0,1,1,1,1,1,5,8,14
48626,0:3:2;0:3:2;1:1:1;1:2:2,4,2,1,1,1,0,1,1,1,1,1,5,8,4
48627,0:3:2;0:3:2;1:1:1;1:2:2,4,3,1,1,1,0,1,1,1,1,1,5,8,3
48628,0:3:2;0:3:2;1:1:1;1:2:2,4,4,1,1,1,0,1,1,1,1,1,5,8,1
48629,0:3:2;0:3:2;1:1:1;1:2:2,4,5,1,1,1,0,1,1,1,1,1,5,8,1
48630,0:3:2;0:3:2;1:1:1;1:2:2,5,0,0,0,0,1,0,0,0,0,0,0,22,24
48631,0:3:2;0:3:2;1:1:1;1:2:2,5,1,1,1,1,0,1,1,1,1,1,5,8,14
48632,0:3:2;0:3:2;1:1:1;1:2:2,5,2,1,1,1,0,1,1,1,1,1,5,8,4
48633,0:3:2;0:3:2;1:1:1;1:2:2,5,3,1,1,1,0,1,1,1,1,1,5,8,3
48634,0:3:2;0:3:2;1:1:1;1:2:2,5,4,1,1,1,0,1,1,1,1,1,5,8,1
48635,0:3:2;0:3:2;1:1:1;1:2:2,5,5,1,1,1,0,1,1,1,1,1,5,8,1
48636,0:3:2;0:3:2;1:1:1;1:3:2,0,0,1,0,0,1,0,0,0,0,0,1,1,24
48637,0:3:2;0:3:2;1:1:1;1:3:2,0,1,1,0,0,1,0,0,0,0,0,1,3,24
48638,0:3:2;0:3:2;1:1:1;1:3:2,0,2,1,1,0,0,1,1,1,1,1,5,8,4
48639,0:3:2;0:3:2;1:1:1;1:3:2,0,3,1,1,1,0,1,1,1,1,1,5,8,3
48640,0:3:2;0:3:2;1:1:1;1:3:2,0,4,1,1,1,0,1,1,1,1,1,5,8,1
48641,0:3:2;0:3:2;1:1:1;1:3:2,0,5,1,1,1,0,1,1,1,1,1,5,8,1
48642,0:3:2;0:3:2;1:1:1;1:3:2,1,0,1,0,0,1,0,0,0,0,0,2,5,24
48643,0:3:2;0:3:2;1:1:1;1:3:2,1,1,1,1,0,0,1,1,1,1,1,5,8,14
48644,0:3:2;0:3:2;1:1:1;1:3:2,1,2,1,1,1,0,1,1,1,1,1,5,8,4
48645,0:3:2;0:3:2;1:1:1;1:3:2,1,3,1,1,1,0,1,1,1,1,1,5,8,3
48646,0:3:2;0:3:2;1:1:1;1:3:2,1,4,1,1,1,0,1,1,1,1,1,5,8,1
48647,0:3:2;0:3:2;1:1:1;1:3:2,1,5,1,1,1,0,1,1,1,1,1,5,8,1
48648,0:3:2;0:3:2;1:1:1;1:3:2,2,0,1,1,0,1,0,0,1,1,1,6,14,20
48649,0:3:2;0:3:2;1:1:1;1:3:2,2,1,1,1,1,0,1,1,1,1,1,5,8,14
48650,0:3:2;0:3:2;1:1:1;1:3:2,2,2,1,1,1,0,1,1,1,1,1,5,8,4
48651,0:3:2;0:3:2;1:1:1;1:3:2,2,3,1,1,1,0,1,1,1,1,1,5,8,3
48652,0:3:2;0:3:2;1:1:1;1:3:2,2,4,1,1,1,0,1,1,1,1,1,5,8,1
48653,0:3:2;0:3:2;1:1:1;1:3:2,2,5,1,1,1,0,1,1,1,1,1,5,8,1
48654,0:3:2;0:3:2;1:1:1;1:3:2,3,0,1,1,1,0,1,1,1,1,1,5,8,17
48655,0:3:2;0:3:2;1:1:1;1:3:2,3,1,1,1,1,0,1,1,1,1,1,5,8,14
48656,0:3:2;0:3:2;1:1:1;1:3:2,3,2,1,1,1,0,1,1,1,1,1,5,8,4
48657,0:3:2;0:3:2;1:1:1;1:3:2,3,3,1,1,1,0,1,1,1,1,1,5,8,3
48658,0:3:2;0:3:2;1:1:1;1:3:2,3,4,1,1,1,0,1,1,1,1,1,5,8,1
48659,0:3:2;0:3:2;1:1:1;1:3:2,3,5,1,1,1,0,1,1,1,1,1,5,8,1
48660,0:3:2;0:3:2;1:1:1;1:3:2,4,0,1,1,1,0,1,1,1,1,1,5,8,17
48661,0:3:2;0:3:2;1:1:1;1:3:2,4,1,1,1,1,0,1,1,1,1,1,5,8,14
48662,0:3:2;0:3:2;1:1:1;1:3:2,4,2,1,1,1,0,1,1,1,1,1,5,8,4
48663,0:3:2;0:3:2;1:1:1;1:3:2,4,3,1,1,1,0,1,1,1,1,1,5,8,3
48664,0:3:2;0:3:2;1:1:1;1:3:2,4,4,1,1,1,0,1,1,1,1,1,5,8,1
48665,0:3:2;0:3:2;1:1:1;1:3:2,4,5,1,1,1,0,1,1,1,1,1,5,8,1
48666,0:3:2;0:3:2;1:1:1;1:3:2,5,0,1,1,1,0,1,1,1,1,1,5,8,17
48667,0:3:2;0:3:2;1:1:1;1:3:2,5,1,1,1,1,0,1,1,1,1,1,5,8,14
48668,0:3:2;0:3:2;1:1:1;1:3:2,5,2,1,1,1,0,1,1,1,1,1,5,8,4
48669,0:3:2;0:3:2;1:1:1;1:3:2,5,3,1,1,1,0,1,1,1,1,1,5,8,3
48670,0:3:2;0:3:2;1:1:1;1:3:2,5,4,1,1,1,0,1,1,1,1,1,5,8,1
48671,0:3:2;0:3:2;1:1:1;1:3:2,5,5,1,1,1,0,1,1,1,1,1,5,8,1
48672,0:3:2;0:3:2;1:1:1;1:3:3,0,0,1,0,0,1,0,0,0,0,0,1,1,24
48673,0:3:2;0:3:2;1:1:1;1:3:3,0,1,1,0,0,1,0,0,0,0,0,1,3,24
48674,0:3:2;0:3:2;1:1:1;1:3:3,0,2,1,1,0,1,0,0,1,0,1,6,15,5
48675,0:3:2;0:3:2;1:1:1;1:3:3,0,3,1,1,0,0,1,1,1,1,1,5,9,3
48676,0:3:2;0:3:2;1:1:1;1:3:3,0,4,1,1,1,0,1,1,1,1,1,5,9,1
48677,0:3:2;0:3:2;1:1:1;1:3:3,0,5,1,1,1,0,1,1,1,1,1,5,9,1
48678,0:3:2;0:3:2;1:1:1;1:3:3,1,0,1,0,0,1,0,0,0,0,0,2,5,24
48679,0:3:2;0:3:2;1:1:1;1:3:3,1,1,1,1,0,0,1,1,1,1,1,5,9,14
48680,0:3:2;0:3:2;1:1:1;1:3:3,1,2,1,1,0,0,1,1,1,1,1,5,9,4
48681,0:3:2;0:3:2;1:1:1;1:3:3,1,3,1,1,1,0,1,1,1,1,1,5,9,3
48682,0:3:2;0:3:2;1:1:1;1:3:3,1,4,1,1,1,0,1,1,1,1,1,5,9,1
48683,0:3:2;0:3:2;1:1:1;1:3:3,1,5,1,1,1,0,1,1,1,1,1,5,9,1
48684,0:3:2;0:3:2;1:1:1;1:3:3,2,0,1,0,0,1,0,0,0,0,0,2,9,24
48685,0:3:2;0:3:2;1:1:1;1:3:3,2,1,1,1,0,0,1,1,1,1,1,5,9,14
48686,0:3:2;0:3:2;1:1:1;1:3:3,2,2,1,1,1,0,1,1,1,1,1,5,9,4
48687,0:3:2;0:3:2;1:1:1;1:3:3,2,3,1,1,1,0,1,1,1,1,1,5,9,3
48688,0:3:2;0:3:2;1:1:1;1:3:3,2,4,1,1,1,0,1,1,1,1,1,5,9,1
48689,0:3:2;0:3:2;1:1:1;1:3:3,2,5,1,1,1,0,1,1,1,1,1,5,9,1
48690,0:3:2;0:3:2;1:1:1;1:3:3,3,0,1,1,0,1,0,0,1,0,1,6,18,20
48691,0:3:2;0:3:2;1:1:1;1:3:3,3,1,1,1,1,0,1,1,1,1,1,5,9,14
48692,0:3:2;0:3:2;1:1:1;1:3:3,3,2,1,1,1,0,1,1,1,1,1,5,9,4
48693,0:3:2;0:3:2;1:1:1;1:3:3,3,3,1,1,1,0,1,1,1,1,1,5,9,3
48694,0:3:2;0:3:2;1:1:1;1:3:3,3,4,1,1,1,0,1,1,1,1,1,5,9,1
48695,0:3:2;0:3:2;1:1:1;1:3:3,3,5,1,1,1,0,1,1,1,1,1,5,9,1
48696,0:3:2;0:3:2;1:1:1;1:3:3,4,0,1,1,1,0,1,1,1,1,1,5,9,17
48697,0:3:2;0:3:2;1:1:1;1:3:3,4,1,1,1,1,0,1,1,1,1,1,5,9,14
48698,0:3:2;0:3:2;1:1:1;1:3:3,4,2,1,1,1,0,1,1,1,1,1,5,9,4
48699,0:3:2;0:3:2;1:1:1;1:3:3,4,3,1,1,1,0,1,1,1,1,1,5,9,3
48700,0:3:2;0:3:2;1:1:1;1:3:3,4,4,1,1,1,0,1,1,1,1,1,5,9,1
48701,0:3:2;0:3:2;1:1:1;1:3:3,4,5,1,1,1,0,1,1,1,1,1,5,9,1
48702,0:3:2;0:3:2;1:1:1;1:3:3,5,0,1,1,1,0,1,1,1,1,1,5,9,17
48703,0:3:2;0:3:2;1:1:1;1:3:3,5,1,1,1,1,0,1,1,1,1,1,5,9,14
48704,0:3:2;0:3:2;1:1:1;1:3:3,5,2,1,1,1,0,1,1,1,1,1,5,9,4
48705,0:3:2;0:3:2;1:1:1;1:3:3,5,3,1,1,1,0,1,1,1,1,1,5,9,3
48706,0:3:2;0:3:2;1:1:1;1:3:3,5,4,1,1,1,0,1,1,1,1,1,5,9,1
48707,0:3:2;0:3:2;1:1:1;1:3:3,5,5,1,1,1,0,1,1,1,1,1,5,9,1
48708,0:3:2;0:3:2;1:1:1;1:4:3,0,0,1,0,0,1,0,0,0,0,0,1,1,24
48709,0:3:2;0:3:2;1:1:1;1:4:3,0,1,1,0,0,1,0,0,0,0,0,1,3,24
48710,0:3:2;0:3:2;1:1:1;1:4:3,0,2,1,1,0,1,0,0,1,1,1,6,15,5
48711,0:3:2;0:3:2;1:1:1;1:4:3,0,3,1,1,0,0,1,1,1,1,1,5,9,3
48712,0:3:2;0:3:2;1:1:1;1:4:3,0,4,1,1,1,0,1,1,1,1,1,5,9,1
48713,0:3:2;0:3:2;1:1:1;1:4:3,0,5,1,1,1,0,1,1,1,1,1,5,9,1
48714,0:3:2;0:3:2;1:1:1;1:4:3,1,0,1,0,0,1,0,0,0,0,0,2,5,24
48715,0:3:2;0:3:2;1:1:1;1:4:3,1,1,1,1,0,0,1,1,1,1,1,5,9,14
48716,0:3:2;0:3:2;1:1:1;1:4:3,1,2,1,1,0,0,1,1,1,1,1,5,9,4
48717,0:3:2;0:3:2;1:1:1;1:4:3,1,3,1,1,1,0,1,1,1,1,1,5,9,3
48718,0:3:2;0:3:2;1:1:1;1:4:3,1,4,1,1,1,0,1,1,1,1,1,5,9,1
48719,0:3:2;0:3:2;1:1:1;1:4:3,1,5,1,1,1,0,1,1,1,1,1,5,9,1
48720,0:3:2;0:3:2;1:1:1;1:4:3,2,0,1,0,0,1,0,0,0,0,0,2,9,24
48721,0:3:2;0:3:2;1:1:1;1:4:3,2,1,1,1,0,0,1,1,1,1,1,5,9,14
48722,0:3:2;0:3:2;1:1:1;1:4:3,2,2,1,1,1,0,1,1,1,1,1,5,9,4
48723,0:3:2;0:3:2;1:1:1;1:4:3,2,3,1,1,1,0,1,1,1,1,1,5,9,3
48724,0:3:2;0:3:2;1:1:1;1:4:3,2,4,1,1,1,0,1,1,1,1,1,5,9,1
48725,0:3:2;0:3:2;1:1:1;1:4:3,2,5,1,1,1,0,1,1,1,1,1,5,9,1
48726,0:3:2;0:3:2;1:1:1;1:4:3,3,0,1,1,0,1,0,0,1,1,1,6,18,19
48727,0:3:2;0:3:2;1:1:1;1:4:3,3,1,1,1,1,0,1,1,1,1,1,5,9,14
48728,0:3:2;0:3:2;1:1:1;1:4:3,3,2,1,1,1,0,1,1,1,1,1,5,9,4
48729,0:3:2;0:3:2;1:1:1;1:4:3,3,3,1,1,1,0,1,1,1,1,1,5,9,3
48730,0:3:2;0:3:2;1:1:1;1:4:3,3,4,1,1,1,0,1,1,1,1,1,5,9,1
48731,0:3:2;0:3:2;1:1:1;1:4:3,3,5,1,1,1,0,1,1,1,1,1,5,9,1
48732,0:3:2;0:3:2;1:1:1;1:4:3,4,0,1,1,1,0,1,1,1,1,1,5,9,17
48733,0:3:2;0:3:2;1:1:1;1:4:3,4,1,1,1,1,0,1,1,1,1,1,5,9,14
48734,0:3:2;0:3:2;1:1:1;1:4:3,4,2,1,1,1,0,1,1,1,1,1,5,9,4
48735,0:3:2;0:3:2;1:1:1;1:4:3,4,3,1,1,1,0,1,1,1,1,1,5,9,3
48736,0:3:2;0:3:2;1:1:1;1:4:3,4,4,1,1,1,0,1,1,1,1,1,5,9,1
48737,0:3:2;0:3:2;1:1:1;1:4:3,4,5,1,1,1,0,1,1,1,1,1,5,9,1
48738,0:3:2;0:3:2;1:1:1;1:4:3,5,0,1,1,1,0,1,1,1,1,1,5,9,17
48739,0:3:2;0:3:2;1:1:1;1:4:3,5,1,1,1,1,0,1,1,1,1,1,5,9,14
48740,0:3:2;0:3:2;1:1:1;1:4:3,5,2,1,1,1,0,1,1,1,1,1,5,9,4
48741,0:3:2;0:3:2;1:1:1;1:4:3,5,3,1,1,1,0,1,1,1,1,1,5,9,3
48742,0:3:2;0:3:2;1:1:1;1:4:3,5,4,1,1,1,0,1,1,1,1,1,5,9,1
48743,0:3:2;0:3:2;1:1:1;1:4:3,5,5,1,1,1,0,1,1,1,1,1,5,9,1
48744,0:3:2;0:3:2;1:2:1;1:2:1,0,0,1,0,0,1,0,0,0,0,0,1,1,24
48745,0:3:2;0:3:2;1:2:1;1:2:1,0,1,1,0,0,1,0,0,0,0,0,1,3,24
48746,0:3:2;0:3:2;1:2:1;1:2:1,0,2,1,1,1,0,1,1,1,1,1,5,7,3
48747,0:3:2;0:3:2;1:2:1;1:2:1,0,3,1,1,1,0,1,1,1,1,1,5,7,3
48748,0:3:2;0:3:2;1:2:1;1:2:1,0,4,1,1,1,0,1,1,1,1,1,5,7,1
48749,0:3:2;0:3:2;1:2:1;1:2:1,0,5,1,1,1,0,1,1,1,1,1,5,7,1
48750,0:3:2;0:3:2;1:2:1;1:2:1,1,0,1,1,0,0,1,1,1,1,1,5,7,14
48751,0:3:2;0:3:2;1:2:1;1:2:1,1,1,1,1,1,0,1,1,1,1,1,5,7,14
48752,0:3:2;0:3:2;1:2:1;1:2:1,1,2,1,1,1,0,1,1,1,1,1,5,7,3
48753,0:3:2;0:3:2;1:2:1;1:2:1,1,3,1,1,1,0,1,1,1,1,1,5,7,3
48754,0:3:2;0:3:2;1:2:1;1:2:1,1,4,1,1,1,0,1,1,1,1,1,5,7,1
48755,0:3:2;0:3:2;1:2:1;1:2:1,1,5,1,1,1,0,1,1,1,1,1,5,7,1
48756,0:3:2;0:3:2;1:2:1;1:2:1,2,0,1,1,1,0,1,1,1,1,1,5,7,14
48757,0:3:2;0:3:2;1:2:1;1:2:1,2,1,1,1,1,0,1,1,1,1,1,5,7,14
48758,0:3:2;0:3:2;1:2:1;1:2:1,2,2,1,1,1,0,1,1,1,1,1,5,7,3
48759,0:3:2;0:3:2;1:2:1;1:2:1,2,3,1,1,1,0,1,1,1,1,1,5,7,3
48760,0:3:2;0:3:2;1:2:1;1:2:1,2,4,1,1,1,0,1,1,1,1,1,5,7,1
48761,0:3:2;0:3:2;1:2:1;1:2:1,2,5,1,1,1,0,1,1,1,1,1,5,7,1
48762,0:3:2;0:3:2;1:2:1;1:2:1,3,0,1,1,1,0,1,1,1,1,1,5,7,14
48763,0:3:2;0:3:2;1:2:1;1:2:1,3,1,1,1,1,0,1,1,1,1,1,5,7,14
48764,0:3:2;0:3:2;1:2:1;1:2:1,3,2,1,1,1,0,1,1,1,1,1,5,7,3
48765,0:3:2;0:3:2;1:2:1;1:2:1,3,3,1,1,1,0,1,1,1,1,1,5,7,3
48766,0:3:2;0:3:2;1:2:1;1:2:1,3,4,1,1,1,0,1,1,1,1,1,5,7,1
48767,0:3:2;0:3:2;1:2:1;1:2:1,3,5,1,1,1,0,1,1,1,1,1,5,7,1
48768,0:3:2;0:3:2;1:2:1;1:2:1,4,0,1,1,1,0,1,1,1,1,1,5,7,14
48769,0:3:2;0:3:2;1:2:1;1:2:1,4,1,1,1,1,0,1,1,1,1,1,5,7,14
48770,0:3:2;0:3:2;1:2:1;1:2:1,4,2,1,1,1,0,1,1,1,1,1,5,7,3
48771,0:3:2;0:3:2;1:2:1;1:2:1,4,3,1,1,1,0,1,1,1,1,1,5,7,3
48772,0:3:2;0:3:2;1:2:1;1:2:1,4,4,1,1,1,0,1,1,1,1,1,5,7,1
48773,0:3:2;0:3:2;1:2:1;1:2:1,4,5,1,1,1,0,1,1,1,1,1,5,7,1
48774,0:3:2;0:3:2;1:2:1;1:2:1,5,0,1,1,1,0,1,1,1,1,1,5,7,14
48775,0:3:2;0:3:2;1:2:1;1:2:1,5,1,1,1,1,0,1,1,1,1,1,5,7,14
48776,0:3:2;0:3:2;1:2:1;1:2:1,5,2,1,1,1,0,1,1,1,1,1,5,7,3
48777,0:3:2;0:3:2;1:2:1;1:2:1,5,3,1,1,1,0,1,1,1,1,1,5,7,3
48778,0:3:2;0:3:2;1:2:1;1:2:1,5,4,1,1,1,0,1,1,1,1,1,5,7,1
48779,0:3:2;0:3:2;1:2:1;1:2:1,5,5,1,1,1,0,1,1,1,1,1,5,7,1
48780,0:3:2;0:3:2;1:2:1;1:2:2,0,0,1,0,0,1,0,0,0,0,0,1,1,24
48781,0:3:2;0:3:2;1:2:1;1:2:2,0,1,1,0,0,1,0,0,0,0,0,1,3,24
48782,0:3:2;0:3:2;1:2:1;1:2:2,0,2,1,1,0,0,1,1,1,1,1,5,8,3
48783,0:3:2;0:3:2;1:2:1;1:2:2,0,3,1,1,1,0,1,1,1,1,1,5,8,3
48784,0:3:2;0:3:2;1:2:1;1:2:2,0,4,1,1,1,0,1,1,1,1,1,5,8,1
48785,0:3:2;0:3:2;1:2:1;1:2:2,0,5,1,1,1,0,1,1,1,1,1,5,8,1
48786,0:3:2;0:3:2;1:2:1;1:2:2,1,0,1,1,0,0,1,1,1,1,1,5,8,14
48787,0:3:2;0:3:2;1:2:1;1:2:2,1,1,1,1,0,0,1,1,1,1,1,5,8,14
48788,0:3:2;0:3:2;1:2:1;1:2:2,1,2,1,1,1,0,1,1,1,1,1,5,8,3
48789,0:3:2;0:3:2;1:2:1;1:2:2,1,3,1,1,1,0,1,1,1,1,1,5,8,3
48790,0:3:2;0:3:2;1:2:1;1:2:2,1,4,1,1,1,0,1,1,1,1,1,5,8,1
48791,0:3:2;0:3:2;1:2:1;1:2:2,1,5,1,1,1,0,1,1,1,1,1,5,8,1
48792,0:3:2;0:3:2;1:2:1;1:2:2,2,0,1,1,0,0,1,1,1,1,1,5,8,14
48793,0:3:2;0:3:2;1:2:1;1:2:2,2,1,1,1,1,0,1,1,1,1,1,5,8,14
48794,0:3:2;0:3:2;1:2:1;1:2:2,2,2,1,1,1,0,1,1,1,1,1,5,8,3
48795,0:3:2;0:3:2;1:2:1;1:2:2,2,3,1,1,1,0,1,1,1,1,1,5,8,3
48796,0:3:2;0:3:2;1:2:1;1:2:2,2,4,1,1,1,0,1,1,1,1,1,5,8,1
48797,0:3:2;0:3:2;1:2:1;1:2:2,2,5,1,1,1,0,1,1,1,1,1,5,8,1
48798,0:3:2;0:3:2;1:2:1;1:2:2,3,0,1,1,1,0,1,1,1,1,1,5,8,14
48799,0:3:2;0:3:2;1:2:1;1:2:2,3,1,1,1,1,0,1,1,1,1,1,5,8,14
48800,0:3:2;0:3:2;1:2:1;1:2:2,3,2,1,1,1,0,1,1,1,1,1,5,8,3
48801,0:3:2;0:3:2;1:2:1;1:2:2,3,3,1,1,1,0,1,1,1,1,1,5,8,3
48802,0:3:2;0:3:2;1:2:1;1:2:2,3,4,1,1,1,0,1,1,1,1,1,5,8,1
48803,0:3:2;0:3:2;1:2:1;1:2:2,3,5,1,1,1,0,1,1,1,1,1,5,8,1
48804,0:3:2;0:3:2;1:2:1;1:2:2,4,0,1,1,1,0,1,1,1,1,1,5,8,14
48805,0:3:2;0:3:2;1:2:1;1:2:2,4,1,1,1,1,0,1,1,1,1,1,5,8,14
48806,0:3:2;0:3:2;1:2:1;1:2:2,4,2,1,1,1,0,1,1,1,1,1,5,8,3
48807,0:3:2;0:3:2;1:2:1;1:2:2,4,3,1,1,1,0,1,1,1,1,1,5,8,3
48808,0:3:2;0:3:2;1:2:1;1:2:2,4,4,1,1,1,0,1,1,1,1,1,5,8,1
48809,0:3:2;0:3:2;1:2:1;1:2:2,4,5,1,1,1,0,1,1,1,1,1,5,8,1
48810,0:3:2;0:3:2;1:2:1;1:2:2,5,0,1,1,1,0,1,1,1,1,1,5,8,14
48811,0:3:2;0:3:2;1:2:1;1:2:2,5,1,1,1,1,0,1,1,1,1,1,5,8,14
48812,0:3:2;0:3:2;1:2:1;1:2:2,5,2,1,1,1,0,1,1,1,1,1,5,8,3
48813,0:3:2;0:3:2;1:2:1;1:2:2,5,3,1,1,1,0,1,1,1,1,1,5,8,3
48814,0:3:2;0:3:2;1:2:1;1:2:2,5,4,1,1,1,0,1,1,1,1,1,5,8,1
48815,0:3:2;0:3:2;1:2:1;1:2:2,5,5,1,1,1,0,1,1,1,1,1,5,8,1
48816,0:3:2;0:3:2;1:2:1;1:3:2,0,0,1,0,0,1,0,0,0,0,0,1,1,24
48817,0:3:2;0:3:2;1:2:1;1:3:2,0,1,1,0,0,1,0,0,0,0,0,1,3,24
48818,0:3:2;0:3:2;1:2:1;1:3:2,0,2,1,1,0,0,1,1,1,1,1,5,8,3
48819,0:3:2;0:3:2;1:2:1;1:3:2,0,3,1,1,1,0,1,1,1,1,1,5,8,3
48820,0:3:2;0:3:2;1:2:1;1:3:2,0,4,1,1,1,0,1,1,1,1,1,5,8,1
48821,0:3:2;0:3:2;1:2:1;1:3:2,0,5,1,1,1,0,1,1,1,1,1,5,8,1
48822,0:3:2;0:3:2;1:2:1;1:3:2,1,0,1,1,0,0,1,1,1,1,1,5,8,14
48823,0:3:2;0:3:2;1:2:1;1:3:2,1,1,1,1,0,0,1,1,1,1,1,5,8,14
48824,0:3:2;0:3:2;1:2:1;1:3:2,1,2,1,1,1,0,1,1,1,1,1,5,8,3
48825,0:3:2;0:3:2;1:2:1;1:3:2,1,3,1,1,1,0,1,1,1,1,1,5,8,3
48826,0:3:2;0:3:2;1:2:1;1:3:2,1,4,1,1,1,0,1,1,1,1,1,5,8,1
48827,0:3:2;0:3:2;1:2:1;1:3:2,1,5,1,1,1,0,1,1,1,1,1,5,8,1
48828,0:3:2;0:3:2;1:2:1;1:3:2,2,0,1,1,0,0,1,1,1,1,1,5,8,14
48829,0:3:2;0:3:2;1:2:1;1:3:2,2,1,1,1,1,0,1,1,1,1,1,5,8,14
48830,0:3:2;0:3:2;1:2:1;1:3:2,2,2,1,1,1,0,1,1,1,1,1,5,8,3
48831,0:3:2;0:3:2;1:2:1;1:3:2,2,3,1,1,1,0,1,1,1,1,1,5,8,3
48832,0:3:2;0:3:2;1:2:1;1:3:2,2,4,1,1,1,0,1,1,1,1,1,5,8,1
48833,0:3:2;0:3:2;1:2:1;1:3:2,2,5,1,1,1,0,1,1,1,1,1,5,8,1
48834,0:3:2;0:3:2;1:2:1;1:3:2,3,0,1,1,1,0,1,1,1,1,1,5,8,14
48835,0:3:2;0:3:2;1:2:1;1:3:2,3,1,1,1,1,0,1,1,1,1,1,5,8,14
48836,0:3:2;0:3:2;1:2:1;1:3:2,3,2,1,1,1,0,1,1,1,1,1,5,8,3
48837,0:3:2;0:3:2;1:2:1;1:3:2,3,3,1,1,1,0,1,1,1,1,1,5,8,3
48838,0:3:2;0:3:2;1:2:1;1:3:2,3,4,1,1,1,0,1,1,1,1,1,5,8,1
48839,0:3:2;0:3:2;1:2:1;1:3:2,3,5,1,1,1,0,1,1,1,1,1,5,8,1
48840,0:3:2;0:3:2;1:2:1;1:3:2,4,0,1,1,1,0,1,1,1,1,1,5,8,14
48841,0:3:2;0:3:2;1:2:1;1:3:2,4,1,1,1,1,0,1,1,1,1,1,5,8,14
48842,0:3:2;0:3:2;1:2:1;1:3:2,4,2,1,1,1,0,1,1,1,1,1,5,8,3
48843,0:3:2;0:3:2;1:2:1;1:3:2,4,3,1,1,1,0,1,1,1,1,1,5,8,3
48844,0:3:2;0:3:2;1:2:1;1:3:2,4,4,1,1,1,0,1,1,1,1,1,5,8,1
48845,0:3:2;0:3:2;1:2:1;1:3:2,4,5,1,1,1,0,1,1,1,1,1,5,8,1
48846,0:3:2;0:3:2;1:2:1;1:3:2,5,0,1,1,1,0,1,1,1,1,1,5,8,14
48847,0:3:2;0:3:2;1:2:1;1:3:2,5,1,1,1,1,0,1,1,1,1,1,5,8,14
48848,0:3:2;0:3:2;1:2:1;1:3:2,5,2,1,1,1,0,1,1,1,1,1,5,8,3
48849,0:3:2;0:3:2;1:2:1;1:3:2,5,3,1,1,1,0,1,1,1,1,1,5,8,3
48850,0:3:2;0:3:2;1:2:1;1:3:2,5,4,1,1,1,0,1,1,1,1,1,5,8,1
48851,0:3:2;0:3:2;1:2:1;1:3:2,5,5,1,1,1,0,1,1,1,1,1,5,8,1
48852,0:3:2;0:3:2;1:2:1;1:3:3,0,0,1,0,0,1,0,0,0,0,0,1,1,24
48853,0:3:2;0:3:2;1:2:1;1:3:3,0,1,1,0,0,1,0,0,0,0,0,1,3,24
48854,0:3:2;0:3:2;1:2:1;1:3:3,0,2,1,1,0,0,1,1,1,1,1,5,9,3
48855,0:3:2;0:3:2;1:2:1;1:3:3,0,3,1,1,0,0,1,1,1,1,1,5,9,3
48856,0:3:2;0:3:2;1:2:1;1:3:3,0,4,1,1,1,0,1,1,1,1,1,5,9,1
48857,0:3:2;0:3:2;1:2:1;1:3:3,0,5,1,1,1,0,1,1,1,1,1,5,9,1
48858,0:3:2;0:3:2;1:2:1;1:3:3,1,0,1,1,0,0,1,1,1,1,1,5,9,14
48859,0:3:2;0:3:2;1:2:1;1:3:3,1,1,1,1,0,0,1,1,1,1,1,5,9,14
48860,0:3:2;0:3:2;1:2:1;1:3:3,1,2,1,1,0,0,1,1,1,1,1,5,9,3
48861,0:3:2;0:3:2;1:2:1;1:3:3,1,3,1,1,1,0,1,1,1,1,1,5,9,3
48862,0:3:2;0:3:2;1:2:1;1:3:3,1,4,1,1,1,0,1,1,1,1,1,5,9,1
48863,0:3:2;0:3:2;1:2:1;1:3:3,1,5,1,1,1,0,1,1,1,1,1,5,9,1
48864,0:3:2;0:3:2;1:2:1;1:3:3,2,0,1,1,0,0,1,1,1,1,1,5,9,14
48865,0:3:2;0:3:2;1:2:1;1:3:3,2,1,1,1,0,0,1,1,1,1,1,5,9,14
48866,0:3:2;0:3:2;1:2:1;1:3:3,2,2,1,1,1,0,1,1,1,1,1,5,9,3
48867,0:3:2;0:3:2;1:2:1;1:3:3,2,3,1,1,1,0,1,1,1,1,1,5,9,3
48868,0:3:2;0:3:2;1:2:1;1:3:3,2,4,1,1,1,0,1,1,1,1,1,5,9,1
48869,0:3:2;0:3:2;1:2:1;1:3:3,2,5,1,1,1,0,1,1,1,1,1,5,9,1
48870,0:3:2;0:3:2;1:2:1;1:3:3,3,0,1,1,0,0,1,1,1,1,1,5,9,14
48871,0:3:2;0:3:2;1:2:1;1:3:3,3,1,1,1,1,0,1,1,1,1,1,5,9,14
48872,0:3:2;0:3:2;1:2:1;1:3:3,3,2,1,1,1,0,1,1,1,1,1,5,9,3
48873,0:3:2;0:3:2;1:2:1;1:3:3,3,3,1,1,1,0,1,1,1,1,1,5,9,3
48874,0:3:2;0:3:2;1:2:1;1:3:3,3,4,1,1,1,0,1,1,1,1,1,5,9,1
48875,0:3:2;0:3:2;1:2:1;1:3:3,3,5,1,1,1,0,1,1,1,1,1,5,9,1
48876,0:3:2;0:3:2;1:2:1;1:3:3,4,0,1,1,1,0,1,1,1,1,1,5,9,14
48877,0:3:2;0:3:2;1:2:1;1:3:3,4,1,1,1,1,0,1,1,1,1,1,5,9,14
48878,0:3:2;0:3:2;1:2:1;1:3:3,4,2,1,1,1,0,1,1,1,1,1,5,9,3
48879,0:3:2;0:3:2;1:2:1;1:3:3,4,3,1,1,1,0,1,1,1,1,1,5,9,3
48880,0:3:2;0:3:2;1:2:1;1:3:3,4,4,1,1,1,0,1,1,1,1,1,5,9,1
48881,0:3:2;0:3:2;1:2:1;1:3:3,4,5,1,1,1,0,1,1,1,1,1,5,9,1
48882,0:3:2;0:3:2;1:2:1;1:3:3,5,0,1,1,1,0,1,1,1,1,1,5,9,14
48883,0:3:2;0:3:2;1:2:1;1:3:3,5,1,1,1,1,0,1,1,1,1,1,5,9,14
48884,0:3:2;0:3:2;1:2:1;1:3:3,5,2,1,1,1,0,1,1,1,1,1,5,9,3
48885,0:3:2;0:3:2;1:2:1;1:3:3,5,3,1,1,1,0,1,1,1,1,1,5,9,3
48886,0:3:2;0:3:2;1:2:1;1:3:3,5,4,1,1,1,0,1,1,1,1,1,5,9,1
48887,0:3:2;0:3:2;1:2:1;1:3:3,5,5,1,1,1,0,1,1,1,1,1,5,9,1
48888,0:3:2;0:3:2;1:2:1;1:4:3,0,0,1,0,0,1,0,0,0,0,0,1,1,24
48889,0:3:2;0:3:2;1:2:1;1:4:3,0,1,1,0,0,1,0,0,0,0,0,1,3,24
48890,0:3:2;0:3:2;1:2:1;1:4:3,0,2,1,1,0,0,1,1,1,1,1,5,9,3
48891,0:3:2;0:3:2;1:2:1;1:4:3,0,3,1,1,0,0,1,1,1,1,1,5,9,3
48892,0:3:2;0:3:2;1:2:1;1:4:3,0,4,1,1,1,0,1,1,1,1,1,5,9,1
48893,0:3:2;0:3:2;1:2:1;1:4:3,0,5,1,1,1,0,1,1,1,1,1,5,9,1
48894,0:3:2;0:3:2;1:2:1;1:4:3,1,0,1,1,0,0,1,1,1,1,1,5,9,14
48895,0:3:2;0:3:2;1:2:1;1:4:3,1,1,1,1,0,0,1,1,1,1,1,5,9,14
48896,0:3:2;0:3:2;1:2:1;1:4:3,1,2,1,1,0,0,1,1,1,1,1,5,9,3
48897,0:3:2;0:3:2;1:2:1;1:4:3,1,3,1,1,1,0,1,1,1,1,1,5,9,3
48898,0:3:2;0:3:2;1:2:1;1:4:3,1,4,1,1,1,0,1,1,1,1,1,5,9,1
48899,0:3:2;0:3:2;1:2:1;1:4:3,1,5,1,1,1,0,1,1,1,1,1,5,9,1
48900,0:3:2;0:3:2;1:2:1;1:4:3,2,0,1,1,0,0,1,1,1,1,1,5,9,14
48901,0:3:2;0:3:2;1:2:1;1:4:3,2,1,1,1,0,0,1,1,1,1,1,5,9,14
48902,0:3:2;0:3:2;1:2:1;1:4:3,2,2,1,1,1,0,1,1,1,1,1,5,9,3
48903,0:3:2;0:3:2;1:2:1;1:4:3,2,3,1,1,1,0,1,1,1,1,1,5,9,3
48904,0:3:2;0:3:2;1:2:1;1:4:3,2,4,1,1,1,0,1,1,1,1,1,5,9,1
48905,0:3:2;0:3:2;1:2:1;1:4:3,2,5,1,1,1,0,1,1,1,1,1,5,9,1
48906,0:3:2;0:3:2;1:2:1;1:4:3,3,0,1,1,0,0,1,1,1,1,1,5,9,14
48907,0:3:2;0:3:2;1:2:1;1:4:3,3,1,1,1,1,0,1,1,1,1,1,5,9,14
48908,0:3:2;0:3:2;1:2:1;1:4:3,3,2,1,1,1,0,1,1,1,1,1,5,9,3
48909,0:3:2;0:3:2;1:2:1;1:4:3,3,3,1,1,1,0,1,1,1,1,1,5,9,3
48910,0:3:2;0:3:2;1:2:1;1:4:3,3,4,1,1,1,0,1,1,1,1,1,5,9,1
48911,0:3:2;0:3:2;1:2:1;1:4:3,3,5,1,1,1,0,1,1,1,1,1,5,9,1
48912,0:3:2;0:3:2;1:2:1;1:4:3,4,0,1,1,1,0,1,1,1,1,1,5,9,14
48913,0:3:2;0:3:2;1:2:1;1:4:3,4,1,1,1,1,0,1,1,1,1,1,5,9,14
48914,0:3:2;0:3:2;1:2:1;1:4:3,4,2,1,1,1,0,1,1,1,1,1,5,9,3
48915,0:3:2;0:3:2;1:2:1;1:4:3,4,3,1,1,1,0,1,1,1,1,1,5,9,3
48916,0:3:2;0:3:2;1:2:1;1:4:3,4,4,1,1,1,0,1,1,1,1,1,5,9,1
48917,0:3:2;0:3:2;1:2:1;1:4:3,4,5,1,1,1,0,1,1,1,1,1,5,9,1
48918,0:3:2;0:3:2;1:2:1;1:4:3,5,0,1,1,1,0,1,1,1,1,1,5,9,14
48919,0:3:2;0:3:2;1:2:1;1:4:3,5,1,1,1,1,0,1,1,1,1,1,5,9,14
48920,0:3:2;0:3:2;1:2:1;1:4:3,5,2,1,1,1,0,1,1,1,1,1,5,9,3
48921,0:3:2;0:3:2;1:2:1;1:4:3,5,3,1,1,1,0,1,1,1,1,1,5,9,3
48922,0:3:2;0:3:2;1:2:1;1:4:3,5,4,1,1,1,0,1,1,1,1,1,5,9,1
48923,0:3:2;0:3:2;1:2:1;1:4:3,5,5,1,1,1,0,1,1,1,1,1,5,9,1
48924,0:3:2;0:3:2;1:2:2;1:2:2,0,0,1,0,0,1,0,0,0,0,0,1,1,24
48925,0:3:2;0:3:2;1:2:2;1:2:2,0,1,1,0,0,1,0,0,0,0,0,1,3,24
48926,0:3:2;0:3:2;1:2:2;1:2:2,0,2,1,1,0,0,1,1,1,1,1,5,9,3
48927,0:3:2;0:3:2;1:2:2;1:2:2,0,3,1,1,1,0,1,1,1,1,1,5,9,3
48928,0:3:2;0:3:2;1:2:2;1:2:2,0,4,1,1,1,0,1,1,1,1,1,5,9,1
48929,0:3:2;0:3:2;1:2:2;1:2:2,0,5,1,1,1,0,1,1,1,1,1,5,9,1
48930,0:3:2;0:3:2;1:2:2;1:2:2,1,0,1,0,0,1,0,0,0,0,0,1,3,24
48931,0:3:2;0:3:2;1:2:2;1:2:2,1,1,1,0,0,1,0,0,0,0,0,1,9,24
48932,0:3:2;0:3:2;1:2:2;1:2:2,1,2,1,1,1,0,1,1,1,1,1,5,9,3
48933,0:3:2;0:3:2;1:2:2;1:2:2,1,3,1,1,1,0,1,1,1,1,1,5,9,3
48934,0:3:2;0:3:2;1:2:2;1:2:2,1,4,1,1,1,0,1,1,1,1,1,5,9,1
48935,0:3:2;0:3:2;1:2:2;1:2:2,1,5,1,1,1,0,1,1,1,1,1,5,9,1
48936,0:3:2;0:3:2;1:2:2;1:2:2,2,0,1,1,0,0,1,1,1,1,1,5,9,14
48937,0:3:2;0:3:2;1:2:2;1:2:2,2,1,1,1,1,0,1,1,1,1,1,5,9,14
48938,0:3:2;0:3:2;1:2:2;1:2:2,2,2,1,1,1,0,1,1,1,1,1,5,9,3
48939,0:3:2;0:3:2;1:2:2;1:2:2,2,3,1,1,1,0,1,1,1,1,1,5,9,3
48940,0:3:2;0:3:2;1:2:2;1:2:2,2,4,1,1,1,0,1,1,1,1,1,5,9,1
48941,0:3:2;0:3:2;1:2:2;1:2:2,2,5,1,1,1,0,1,1,1,1,1,5,9,1
48942,0:3:2;0:3:2;1:2:2;1:2:2,3,0,1,1,1,0,1,1,1,1,1,5,9,14
48943,0:3:2;0:3:2;1:2:2;1:2:2,3,1,1,1,1,0,1,1,1,1,1,5,9,14
48944,0:3:2;0:3:2;1:2:2;1:2:2,3,2,1,1,1,0,1,1,1,1,1,5,9,3
48945,0:3:2;0:3:2;1:2:2;1:2:2,3,3,1,1,1,0,1,1,1,1,1,5,9,3
48946,0:3:2;0:3:2;1:2:2;1:2:2,3,4,1,1,1,0,1,1,1,1,1,5,9,1
48947,0:3:2;0:3:2;1:2:2;1:2:2,3,5,1,1,1,0,1,1,1,1,1,5,9,1
48948,0:3:2;0:3:2;1:2:2;1:2:2,4,0,1,1,1,0,1,1,1,1,1,5,9,14
48949,0:3:2;0:3:2;1:2:2;1:2:2,4,1,1,1,1,0,1,1,1,1,1,5,9,14
48950,0:3:2;0:3:2;1:2:2;1:2:2,4,2,1,1,1,0,1,1,1,1,1,5,9,3
48951,0:3:2;0:3:2;1:2:2;1:2:2,4,3,1,1,1,0,1,1,1,1,1,5,9,3
48952,0:3:2;0:3:2;1:2:2;1:2:2,4,4,1,1,1,0,1,1,1,1,1,5,9,1
48953,0:3:2;0:3:2;1:2:2;1:2:2,4,5,1,1,1,0,1,1,1,1,1,5,9,1
48954,0:3:2;0:3:2;1:2:2;1:2:2,5,0,1,1,1,0,1,1,1,1,1,5,9,14
48955,0:3:2;0:3:2;1:2:2;1:2:2,5,1,1,1,1,0,1,1,1,1,1,5,9,14
48956,0:3:2;0:3:2;1:2:2;1:2:2,5,2,1,1,1,0,1,1,1,1,1,5,9,3
48957,0:3:2;0:3:2;1:2:2;1:2:2,5,3,1,1,1,0,1,1,1,1,1,5,9,3
48958,0:3:2;0:3:2;1:2:2;1:2:2,5,4,1,1,1,0,1,1,1,1,1,5,9,1
48959,0:3:2;0:3:2;1:2:2;1:2:2,5,5,1,1,1,0,1,1,1,1,1,5,9,1
48960,0:3:2;0:3:2;1:2:2;1:3:2,0,0,1,0,0,1,0,0,0,0,0,1,1,24
48961,0:3:2;0:3:2;1:2:2;1:3:2,0,1,1,0,0,1,0,0,0,0,0,1,3,24
48962,0:3:2;0:3:2;1:2:2;1:3:2,0,2,1,1,0,0,1,1,1,1,1,5,9,3
48963,0:3:2;0:3:2;1:2:2;1:3:2,0,3,1,1,1,0,1,1,1,1,1,5,9,3
48964,0:3:2;0:3:2;1:2:2;1:3:2,0,4,1,1,1,0,1,1,1,1,1,5,9,1
48965,0:3:2;0:3:2;1:2:2;1:3:2,0,5,1,1,1,0,1,1,1,1,1,5,9,1
48966,0:3:2;0:3:2;1:2:2;1:3:2,1,0,1,0,0,1,0,0,0,0,0,1,3,24
48967,0:3:2;0:3:2;1:2:2;1:3:2,1,1,1,0,0,1,0,0,0,0,0,1,9,24
48968,0:3:2;0:3:2;1:2:2;1:3:2,1,2,1,1,1,0,1,1,1,1,1,5,9,3
48969,0:3:2;0:3:2;1:2:2;1:3:2,1,3,1,1,1,0,1,1,1,1,1,5,9,3
48970,0:3:2;0:3:2;1:2:2;1:3:2,1,4,1,1,1,0,1,1,1,1,1,5,9,1
48971,0:3:2;0:3:2;1:2:2;1:3:2,1,5,1,1,1,0,1,1,1,1,1,5,9,1
48972,0:3:2;0:3:2;1:2:2;1:3:2,2,0,1,1,0,0,1,1,1,1,1,5,9,14
48973,0:3:2;0:3:2;1:2:2;1:3:2,2,1,1,1,1,0,1,1,1,1,1,5,9,14
48974,0:3:2;0:3:2;1:2:2;1:3:2,2,2,1,1,1,0,1,1,1,1,1,5,9,3
48975,0:3:2;0:3:2;1:2:2;1:3:2,2,3,1,1,1,0,1,1,1,1,1,5,9,3
48976,0:3:2;0:3:2;1:2:2;1:3:2,2,4,1,1,1,0,1,1,1,1,1,5,9,1
48977,0:3:2;0:3:2;1:2:2;1:3:2,2,5,1,1,1,0,1,1,1,1,1,5,9,1
48978,0:3:2;0:3:2;1:2:2;1:3:2,3,0,1,1,1,0,1,1,1,1,1,5,9,14
48979,0:3:2;0:3:2;1:2:2;1:3:2,3,1,1,1,1,0,1,1,1,1,1,5,9,14
48980,0:3:2;0:3:2;1:2:2;1:3:2,3,2,1,1,1,0,1,1,1,1,1,5,9,3
48981,0:3:2;0:3:2;1:2:2;1:3:2,3,3,1,1,1,0,1,1,1,1,1,5,9,3
48982,0:3:2;0:3:2;1:2:2;1:3:2,3,4,1,1,1,0,1,1,1,1,1,5,9,1
48983,0:3:2;0:3:2;1:2:2;1:3:2,3,5,1,1,1,0,1,1,1,1,1,5,9,1
48984,0:3:2;0:3:2;1:2:2;1:3:2,4,0,1,1,1,0,1,1,1,1,1,5,9,14
48985,0:3:2;0:3:2;1:2:2;1:3:2,4,1,1,1,1,0,1,1,1,1,1,5,9,14
48986,0:3:2;0:3:2;1:2:2;1:3:2,4,2,1,1,1,0,1,1,1,1,1,5,9,3
48987,0:3:2;0:3:2;1:2:2;1:3:2,4,3,1,1,1,0,1,1,1,1,1,5,9,3
48988,0:3:2;0:3:2;1:2:2;1:3:2,4,4,1,1,1,0,1,1,1,1,1,5,9,1
48989,0:3:2;0:3:2;1:2:2;1:3:2,4,5,1,1,1,0,1,1,1,1,1,5,9,1
48990,0:3:2;0:3:2;1:2:2;1:3:2,5,0,1,1,1,0,1,1,1,1,1,5,9,14
48991,0:3:2;0:3:2;1:2:2;1:3:2,5,1,1,1,1,0,1,1,1,1,1,5,9,14
48992,0:3:2;0:3:2;1:2:2;1:3:2,5,2,1,1,1,0,1,1,1,1,1,5,9,3
48993,0:3:2;0:3:2;1:2:2;1:3:2,5,3,1,1,1,0,1,1,1,1,1,5,9,3
48994,0:3:2;0:3:2;1:2:2;1:3:2,5,4,1,1,1,0,1,1,1,1,1,5,9,1
48995,0:3:2;0:3:2;1:2:2;1:3:2,5,5,1,1,1,0,1,1,1,1,1,5,9,1
48996,0:3:2;0:3:2;1:2:2;1:3:3,0,0,1,0,0,1,0,0,0,0,0,1,1,24
48997,0:3:2;0:3:2;1:2:2;1:3:3,0,1,1,0,0,1,0,0,0,0,0,1,3,24
48998,0:3:2;0:3:2;1:2:2;1:3:3,0,2,1,1,0,0,1,1,1,1,1,5,10,3
48999,0:3:2;0:3:2;1:2:2;1:3:3,0,3,1,1,0,0,1,1,1,1,1,5,10,3
49000,0:3:2;0:3:2;1:2:2;1:3:3,0,4,1,1,1,0,1,1,1,1,1,5,10,1
49001,0:3:2;0:3:2;1:2:2;1:3:3,0,5,1,1,1,0,1,1,1,1,1,5,10,1
49002,0:3:2;0:3:2;1:2:2;1:3:3,1,0,1,0,0,1,0,0,0,0,0,1,3,24
49003,0:3:2;0:3:2;1:2:2;1:3:3,1,1,1,0,0,1,0,0,0,0,0,1,9,24
49004,0:3:2;0:3:2;1:2:2;1:3:3,1,2,1,1,0,0,1,1,1,1,1,5,10,3
49005,0:3:2;0:3:2;1:2:2;1:3:3,1,3,1,1,1,0,1,1,1,1,1,5,10,3
49006,0:3:2;0:3:2;1:2:2;1:3:3,1,4,1,1,1,0,1,1,1,1,1,5,10,1
49007,0:3:2;0:3:2;1:2:2;1:3:3,1,5,1,1,1,0,1,1,1,1,1,5,10,1
49008,0:3:2;0:3:2;1:2:2;1:3:3,2,0,1,1,0,0,1,1,1,1,1,5,10,14
49009,0:3:2;0:3:2;1:2:2;1:3:3,2,1,1,1,0,0,1,1,1,1,1,5,10,14
49010,0:3:2;0:3:2;1:2:2;1:3:3,2,2,1,1,1,0,1,1,1,1,1,5,10,3
49011,0:3:2;0:3:2;1:2:2;1:3:3,2,3,1,1,1,0,1,1,1,1,1,5,10,3
49012,0:3:2;0:3:2;1:2:2;1:3:3,2,4,1,1,1,0,1,1,1,1,1,5,10,1
49013,0:3:2;0:3:2;1:2:2;1:3:3,2,5,1,1,1,0,1,1,1,1,1,5,10,1
49014,0:3:2;0:3:2;1:2:2;1:3:3,3,0,1,1,0,0,1,1,1,1,1,5,10,14
49015,0:3:2;0:3:2;1:2:2;1:3:3,3,1,1,1,1,0,1,1,1,1,1,5,10,14
49016,0:3:2;0:3:2;1:2:2;1:3:3,3,2,1,1,1,0,1,1,1,1,1,5,10,3
49017,0:3:2;0:3:2;1:2:2;1:3:3,3,3,1,1,1,0,1,1,1,1,1,5,10,3
49018,0:3:2;0:3:2;1:2:2;1:3:3,3,4,1,1,1,0,1,1,1,1,1,5,10,1
49019,0:3:2;0:3:2;1:2:2;1:3:3,3,5,1,1,1,0,1,1,1,1,1,5,10,1
49020,0:3:2;0:3:2;1:2:2;1:3:3,4,0,1,1,1,0,1,1,1,1,1,5,10,14
49021,0:3:2;0:3:2;1:2:2;1:3:3,4,1,1,1,1,0,1,1,1,1,1,5,10,14
49022,0:3:2;0:3:2;1:2:2;1:3:3,4,2,1,1,1,0,1,1,1,1,1,5,10,3
49023,0:3:2;0:3:2;1:2:2;1:3:3,4,3,1,1,1,0,1,1,1,1,1,5,10,3
49024,0:3:2;0:3:2;1:2:2;1:3:3,4,4,1,1,1,0,1,1,1,1,1,5,10,1
49025,0:3:2;0:3:2;1:2:2;1:3:3,4,5,1,1,1,0,1,1,1,1,1,5,10,1
49026,0:3:2;0:3:2;1:2:2;1:3:3,5,0,1,1,1,0,1,1,1,1,1,5,10,14
49027,0:3:2;0:3:2;1:2:2;1:3:3,5,1,1,1,1,0,1,1,1,1,1,5,10,14
49028,0:3:2;0:3:2;1:2:2;1:3:3,5,2,1,1,1,0,1,1,1,1,1,5,10,3
49029,0:3:2;0:3:2;1:2:2;1:3:3,5,3,1,1,1,0,1,1,1,1,1,5,10,3
49030,0:3:2;0:3:2;1:2:2;1:3:3,5,4,1,1,1,0,1,1,1,1,1,5,10,1
49031,0:3:2;0:3:2;1:2:2;1:3:3,5,5,1,1,1,0,1,1,1,1,1,5,10,1
49032,0:3:2;0:3:2;1:2:2;1:4:3,0,0,1,0,0,1,0,0,0,0,0,1,1,24
49033,0:3:2;0:3:2;1:2:2;1:4:3,0,1,1,0,0,1,0,0,0,0,0,1,3,24
49034,0:3:2;0:3:2;1:2:2;1:4:3,0,2,1,1,0,0,1,1,1,1,1,5,10,3
49035,0:3:2;0:3:2;1:2:2;1:4:3,0,3,1,1,0,0,1,1,1,1,1,5,10,3
49036,0:3:2;0:3:2;1:2:2;1:4:3,0,4,1,1,1,0,1,1,1,1,1,5,10,1
49037,0:3:2;0:3:2;1:2:2;1:4:3,0,5,1,1,1,0,1,1,1,1,1,5,10,1
49038,0:3:2;0:3:2;1:2:2;1:4:3,1,0,1,0,0,1,0,0,0,0,0,1,3,24
49039,0:3:2;0:3:2;1:2:2;1:4:3,1,1,1,0,0,1,0,0,0,0,0,1,9,24
49040,0:3:2;0:3:2;1:2:2;1:4:3,1,2,1,1,0,0,1,1,1,1,1,5,10,3
49041,0:3:2;0:3:2;1:2:2;1:4:3,1,3,1,1,1,0,1,1,1,1,1,5,10,3
49042,0:3:2;0:3:2;1:2:2;1:4:3,1,4,1,1,1,0,1,1,1,1,1,5,10,1
49043,0:3:2;0:3:2;1:2:2;1:4:3,1,5,1,1,1,0,1,1,1,1,1,5,10,1
49044,0:3:2;0:3:2;1:2:2;1:4:3,2,0,1,1,0,0,1,1,1,1,1,5,10,14
49045,0:3:2;0:3:2;1:2:2;1:4:3,2,1,1,1,0,0,1,1,1,1,1,5,10,14
49046,0:3:2;0:3:2;1:2:2;1:4:3,2,2,1,1,1,0,1,1,1,1,1,5,10,3
49047,0:3:2;0:3:2;1:2:2;1:4:3,2,3,1,1,1,0,1,1,1,1,1,5,10,3
49048,0:3:2;0:3:2;1:2:2;1:4:3,2,4,1,1,1,0,1,1,1,1,1,5,10,1
49049,0:3:2;0:3:2;1:2:2;1:4:3,2,5,1,1,1,0,1,1,1,1,1,5,10,1
49050,0:3:2;0:3:2;1:2:2;1:4:3,3,0,1,1,0,0,1,1,1,1,1,5,10,14
49051,0:3:2;0:3:2;1:2:2;1:4:3,3,1,1,1,1,0,1,1,1,1,1,5,10,14
49052,0:3:2;0:3:2;1:2:2;1:4:3,3,2,1,1,1,0,1,1,1,1,1,5,10,3
49053,0:3:2;0:3:2;1:2:2;1:4:3,3,3,1,1,1,0,1,1,1,1,1,5,10,3
49054,0:3:2;0:3:2;1:2:2;1:4:3,3,4,1,1,1,0,1,1,1,1,1,5,10,1
49055,0:3:2;0:3:2;1:2:2;1:4:3,3,5,1,1,1,0,1,1,1,1,1,5,10,1
49056,0:3:2;0:3:2;1:2:2;1:4:3,4,0,1,1,1,0,1,1,1,1,1,5,10,14
49057,0:3:2;0:3:2;1:2:2;1:4:3,4,1,1,1,1,0,1,1,1,1,1,5,10,14
49058,0:3:2;0:3:2;1:2:2;1:4:3,4,2,1,1,1,0,1,1,1,1,1,5,10,3
49059,0:3:2;0:3:2;1:2:2;1:4:3,4,3,1,1,1,0,1,1,1,1,1,5,10,3
49060,0:3:2;0:3:2;1:2:2;1:4:3,4,4,1,1,1,0,1,1,1,1,1,5,10,1
49061,0:3:2;0:3:2;1:2:2;1:4:3,4,5,1,1,1,0,1,1,1,1,1,5,10,1
49062,0:3:2;0:3:2;1:2:2;1:4:3,5,0,1,1,1,0,1,1,1,1,1,5,10,14
49063,0:3:2;0:3:2;1:2:2;1:4:3,5,1,1,1,1,0,1,1,1,1,1,5,10,14
49064,0:3:2;0:3:2;1:2:2;1:4:3,5,2,1,1,1,0,1,1,1,1,1,5,10,3
49065,0:3:2;0:3:2;1:2:2;1:4:3,5,3,1,1,1,0,1,1,1,1,1,5,10,3
49066,0:3:2;0:3:2;1:2:2;1:4:3,5,4,1,1,1,0,1,1,1,1,1,5,10,1
49067,0:3:2;0:3:2;1:2:2;1:4:3,5,5,1,1,1,0,1,1,1,1,1,5,10,1
49068,0:3:2;0:3:2;1:3:2;1:3:2,0,0,1,0,0,1,0,0,0,0,0,1,1,24
49069,0:3:2;0:3:2;1:3:2;1:3:2,0,1,1,0,0,1,0,0,0,0,0,1,3,24
49070,0:3:2;0:3:2;1:3:2;1:3:2,0,2,1,1,0,0,1,1,1,1,1,5,9,3
49071,0:3:2;0:3:2;1:3:2;1:3:2,0,3,1,1,1,0,1,1,1,1,1,5,9,3
49072,0:3:2;0:3:2;1:3:2;1:3:2,0,4,1,1,1,0,1,1,1,1,1,5,9,1
49073,0:3:2;0:3:2;1:3:2;1:3:2,0,5,1,1,1,0,1,1,1,1,1,5,9,1
49074,0:3:2;0:3:2;1:3:2;1:3:2,1,0,1,0,0,1,0,0,0,0,0,1,3,24
49075,0:3:2;0:3:2;1:3:2;1:3:2,1,1,1,0,0,1,0,0,0,0,0,1,9,24
49076,0:3:2;0:3:2;1:3:2;1:3:2,1,2,1,1,1,0,1,1,1,1,1,5,9,3
49077,0:3:2;0:3:2;1:3:2;1:3:2,1,3,1,1,1,0,1,1,1,1,1,5,9,3
49078,0:3:2;0:3:2;1:3:2;1:3:2,1,4,1,1,1,0,1,1,1,1,1,5,9,1
49079,0:3:2;0:3:2;1:3:2;1:3:2,1,5,1,1,1,0,1,1,1,1,1,5,9,1
49080,0:3:2;0:3:2;1:3:2;1:3:2,2,0,1,1,0,0,1,1,1,1,1,5,9,14
49081,0:3:2;0:3:2;1:3:2;1:3:2,2,1,1,1,1,0,1,1,1,1,1,5,9,13
49082,0:3:2;0:3:2;1:3:2;1:3:2,2,2,1,1,1,0,1,1,1,1,1,5,9,3
49083,0:3:2;0:3:2;1:3:2;1:3:2,2,3,1,1,1,0,1,1,1,1,1,5,9,3
49084,0:3:2;0:3:2;1:3:2;1:3:2,2,4,1,1,1,0,1,1,1,1,1,5,9,1
49085,0:3:2;0:3:2;1:3:2;1:3:2,2,5,1,1,1,0,1,1,1,1,1,5,9,1
49086,0:3:2;0:3:2;1:3:2;1:3:2,3,0,1,1,1,0,1,1,1,1,1,5,9,14
49087,0:3:2;0:3:2;1:3:2;1:3:2,3,1,1,1,1,0,1,1,1,1,1,5,9,13
49088,0:3:2;0:3:2;1:3:2;1:3:2,3,2,1,1,1,0,1,1,1,1,1,5,9,3
49089,0:3:2;0:3:2;1:3:2;1:3:2,3,3,1,1,1,0,1,1,1,1,1,5,9,3
49090,0:3:2;0:3:2;1:3:2;1:3:2,3,4,1,1,1,0,1,1,1,1,1,5,9,1
49091,0:3:2;0:3:2;1:3:2;1:3:2,3,5,1,1,1,0,1,1,1,1,1,5,9,1
49092,0:3:2;0:3:2;1:3:2;1:3:2,4,0,1,1,1,0,1,1,1,1,1,5,9,14
49093,0:3:2;0:3:2;1:3:2;1:3:2,4,1,1,1,1,0,1,1,1,1,1,5,9,13
49094,0:3:2;0:3:2;1:3:2;1:3:2,4,2,1,1,1,0,1,1,1,1,1,5,9,3
49095,0:3:2;0:3:2;1:3:2;1:3:2,4,3,1,1,1,0,1,1,1,1,1,5,9,3
49096,0:3:2;0:3:2;1:3:2;1:3:2,4,4,1,1,1,0,1,1,1,1,1,5,9,1
49097,0:3:2;0:3:2;1:3:2;1:3:2,4,5,1,1,1,0,1,1,1,1,1,5,9,1
49098,0:3:2;0:3:2;1:3:2;1:3:2,5,0,1,1,1,0,1,1,1,1,1,5,9,14
49099,0:3:2;0:3:2;1:3:2;1:3:2,5,1,1,1,1,0,1,1,1,1,1,5,9,13
49100,0:3:2;0:3:2;1:3:2;1:3:2,5,2,1,1,1,0,1,1,1,1,1,5,9,3
49101,0:3:2;0:3:2;1:3:2;1:3:2,5,3,1,1,1,0,1,1,1,1,1,5,9,3
49102,0:3:2;0:3:2;1:3:2;1:3:2,5,4,1,1,1,0,1,1,1,1,1,5,9,1
49103,0:3:2;0:3:2;1:3:2;1:3:2,5,5,1,1,1,0,1,1,1,1,1,5,9,1
49104,0:3:2;0:3:2;1:3:2;1:3:3,0,0,1,0,0,1,0,0,0,0,0,1,1,24
49105,0:3:2;0:3:2;1:3:2;1:3:3,0,1,1,0,0,1,0,0,0,0,0,1,3,24
49106,0:3:2;0:3:2;1:3:2;1:3:3,0,2,1,1,0,0,1,1,1,1,1,5,10,3
49107,0:3:2;0:3:2;1:3:2;1:3:3,0,3,1,1,0,0,1,1,1,1,1,5,10,3
49108,0:3:2;0:3:2;1:3:2;1:3:3,0,4,1,1,1,0,1,1,1,1,1,5,10,1
49109,0:3:2;0:3:2;1:3:2;1:3:3,0,5,1,1,1,0,1,1,1,1,1,5,10,1
49110,0:3:2;0:3:2;1:3:2;1:3:3,1,0,1,0,0,1,0,0,0,0,0,1,3,24
49111,0:3:2;0:3:2;1:3:2;1:3:3,1,1,1,0,0,1,0,0,0,0,0,1,9,24
49112,0:3:2;0:3:2;1:3:2;1:3:3,1,2,1,1,0,0,1,1,1,1,1,5,10,3
49113,0:3:2;0:3:2;1:3:2;1:3:3,1,3,1,1,1,0,1,1,1,1,1,5,10,3
49114,0:3:2;0:3:2;1:3:2;1:3:3,1,4,1,1,1,0,1,1,1,1,1,5,10,1
49115,0:3:2;0:3:2;1:3:2;1:3:3,1,5,1,1,1,0,1,1,1,1,1,5,10,1
49116,0:3:2;0:3:2;1:3:2;1:3:3,2,0,1,1,0,0,1,1,1,1,1,5,10,14
49117,0:3:2;0:3:2;1:3:2;1:3:3,2,1,1,1,0,0,1,1,1,1,1,5,10,13
49118,0:3:2;0:3:2;1:3:2;1:3:3,2,2,1,1,1,0,1,1,1,1,1,5,10,3
49119,0:3:2;0:3:2;1:3:2;1:3:3,2,3,1,1,1,0,1,1,1,1,1,5,10,3
49120,0:3:2;0:3:2;1:3:2;1:3:3,2,4,1,1,1,0,1,1,1,1,1,5,10,1
49121,0:3:2;0:3:2;1:3:2;1:3:3,2,5,1,1,1,0,1,1,1,1,1,5,10,1
49122,0:3:2;0:3:2;1:3:2;1:3:3,3,0,1,1,0,0,1,1,1,1,1,5,10,14
49123,0:3:2;0:3:2;1:3:2;1:3:3,3,1,1,1,1,0,1,1,1,1,1,5,10,13
49124,0:3:2;0:3:2;1:3:2;1:3:3,3,2,1,1,1,0,1,1,1,1,1,5,10,3
49125,0:3:2;0:3:2;1:3:2;1:3:3,3,3,1,1,1,0,1,1,1,1,1,5,10,3
49126,0:3:2;0:3:2;1:3:2;1:3:3,3,4,1,1,1,0,1,1,1,1,1,5,10,1
49127,0:3:2;0:3:2;1:3:2;1:3:3,3,5,1,1,1,0,1,1,1,1,1,5,10,1
49128,0:3:2;0:3:2;1:3:2;1:3:3,4,0,1,1,1,0,1,1,1,1,1,5,10,14
49129,0:3:2;0:3:2;1:3:2;1:3:3,4,1,1,1,1,0,1,1,1,1,1,5,10,13
49130,0:3:2;0:3:2;1:3:2;1:3:3,4,2,1,1,1,0,1,1,1,1,1,5,10,3
49131,0:3:2;0:3:2;1:3:2;1:3:3,4,3,1,1,1,0,1,1,1,1,1,5,10,3
49132,0:3:2;0:3:2;1:3:2;1:3:3,4,4,1,1,1,0,1,1,1,1,1,5,10,1
49133,0:3:2;0:3:2;1:3:2;1:3:3,4,5,1,1,1,0,1,1,1,1,1,5,10,1
49134,0:3:2;0:3:2;1:3:2;1:3:3,5,0,1,1,1,0,1,1,1,1,1,5,10,14
49135,0:3:2;0:3:2;1:3:2;1:3:3,5,1,1,1,1,0,1,1,1,1,1,5,10,13
49136,0:3:2;0:3:2;1:3:2;1:3:3,5,2,1,1,1,0,1,1,1,1,1,5,10,3
49137,0:3:2;0:3:2;1:3:2;1:3:3,5,3,1,1,1,0,1,1,1,1,1,5,10,3
49138,0:3:2;0:3:2;1:3:2;1:3:3,5,4,1,1,1,0,1,1,1,1,1,5,10,1
49139,0:3:2;0:3:2;1:3:2;1:3:3,5,5,1,1,1,0,1,1,1,1,1,5,10,1
49140,0:3:2;0:3:2;1:3:2;1:4:3,0,0,1,0,0,1,0,0,0,0,0,1,1,24
49141,0:3:2;0:3:2;1:3:2;1:4:3,0,1,1,0,0,1,0,0,0,0,0,1,3,24
49142,0:3:2;0:3:2;1:3:2;1:4:3,0,2,1,1,0,0,1,1,1,1,1,5,10,3
49143,0:3:2;0:3:2;1:3:2;1:4:3,0,3,1,1,0,0,1,1,1,1,1,5,10,3
49144,0:3:2;0:3:2;1:3:2;1:4:3,0,4,1,1,1,0,1,1,1,1,1,5,10,1
49145,0:3:2;0:3:2;1:3:2;1:4:3,0,5,1,1,1,0,1,1,1,1,1,5,10,1
49146,0:3:2;0:3:2;1:3:2;1:4:3,1,0,1,0,0,1,0,0,0,0,0,1,3,24
49147,0:3:2;0:3:2;1:3:2;1:4:3,1,1,1,0,0,1,0,0,0,0,0,1,9,24
49148,0:3:2;0:3:2;1:3:2;1:4:3,1,2,1,1,0,0,1,1,1,1,1,5,10,3
49149,0:3:2;0:3:2;1:3:2;1:4:3,1,3,1,1,1,0,1,1,1,1,1,5,10,3
49150,0:3:2;0:3:2;1:3:2;1:4:3,1,4,1,1,1,0,1,1,1,1,1,5,10,1
49151,0:3:2;0:3:2;1:3:2;1:4:3,1,5,1,1,1,0,1,1,1,1,1,5,10,1
