case,runs,f0,f1,final_fits,feasible,guard,any_deadlock,fifo_complete,small_complete,large_complete,garbage_complete,chunk_feasible,subset_states,chunk_states,permutations_tried
32768,0:2:1;0:2:2;0:3:3;1:4:3,1,2,1,1,0,0,1,1,1,1,1,5,10,5
32769,0:2:1;0:2:2;0:3:3;1:4:3,1,3,1,1,0,0,1,1,1,1,1,5,10,2
32770,0:2:1;0:2:2;0:3:3;1:4:3,1,4,1,1,1,0,1,1,1,1,1,5,10,2
32771,0:2:1;0:2:2;0:3:3;1:4:3,1,5,1,1,1,0,1,1,1,1,1,5,10,2
32772,0:2:1;0:2:2;0:3:3;1:4:3,2,0,0,0,0,1,0,0,0,0,0,0,3,24
32773,0:2:1;0:2:2;0:3:3;1:4:3,2,1,0,0,0,1,0,0,0,0,0,0,23,24
32774,0:2:1;0:2:2;0:3:3;1:4:3,2,2,1,1,0,0,1,1,1,1,1,5,10,5
32775,0:2:1;0:2:2;0:3:3;1:4:3,2,3,1,1,1,0,1,1,1,1,1,5,10,2
32776,0:2:1;0:2:2;0:3:3;1:4:3,2,4,1,1,1,0,1,1,1,1,1,5,10,2
32777,0:2:1;0:2:2;0:3:3;1:4:3,2,5,1,1,1,0,1,1,1,1,1,5,10,2
32778,0:2:1;0:2:2;0:3:3;1:4:3,3,0,0,0,0,1,0,0,0,0,0,0,23,24
32779,0:2:1;0:2:2;0:3:3;1:4:3,3,1,0,0,0,1,0,0,0,0,0,0,35,24
32780,0:2:1;0:2:2;0:3:3;1:4:3,3,2,1,1,1,0,1,1,1,1,1,5,10,5
32781,0:2:1;0:2:2;0:3:3;1:4:3,3,3,1,1,1,0,1,1,1,1,1,5,10,2
32782,0:2:1;0:2:2;0:3:3;1:4:3,3,4,1,1,1,0,1,1,1,1,1,5,10,2
32783,0:2:1;0:2:2;0:3:3;1:4:3,3,5,1,1,1,0,1,1,1,1,1,5,10,2
32784,0:2:1;0:2:2;0:3:3;1:4:3,4,0,0,0,0,1,0,0,0,0,0,0,23,24
32785,0:2:1;0:2:2;0:3:3;1:4:3,4,1,0,0,0,1,0,0,0,0,0,0,35,24
32786,0:2:1;0:2:2;0:3:3;1:4:3,4,2,1,1,1,0,1,1,1,1,1,5,10,5
32787,0:2:1;0:2:2;0:3:3;1:4:3,4,3,1,1,1,0,1,1,1,1,1,5,10,2
32788,0:2:1;0:2:2;0:3:3;1:4:3,4,4,1,1,1,0,1,1,1,1,1,5,10,2
32789,0:2:1;0:2:2;0:3:3;1:4:3,4,5,1,1,1,0,1,1,1,1,1,5,10,2
32790,0:2:1;0:2:2;0:3:3;1:4:3,5,0,0,0,0,1,0,0,0,0,0,0,23,24
32791,0:2:1;0:2:2;0:3:3;1:4:3,5,1,0,0,0,1,0,0,0,0,0,0,35,24
32792,0:2:1;0:2:2;0:3:3;1:4:3,5,2,1,1,1,0,1,1,1,1,1,5,10,5
32793,0:2:1;0:2:2;0:3:3;1:4:3,5,3,1,1,1,0,1,1,1,1,1,5,10,2
32794,0:2:1;0:2:2;0:3:3;1:4:3,5,4,1,1,1,0,1,1,1,1,1,5,10,2
32795,0:2:1;0:2:2;0:3:3;1:4:3,5,5,1,1,1,0,1,1,1,1,1,5,10,2
32796,0:2:1;0:2:2;0:4:3;0:4:3,0,0,0,0,0,1,0,0,0,0,0,0,1,24
32797,0:2:1;0:2:2;0:4:3;0:4:3,0,1,0,0,0,1,0,0,0,0,0,0,5,24
32798,0:2:1;0:2:2;0:4:3;0:4:3,0,2,0,0,0,1,0,0,0,0,0,0,14,24
32799,0:2:1;0:2:2;0:4:3;0:4:3,0,3,0,0,0,1,0,0,0,0,0,0,29,24
32800,0:2:1;0:2:2;0:4:3;0:4:3,0,4,0,0,0,1,0,0,0,0,0,0,48,24
32801,0:2:1;0:2:2;0:4:3;0:4:3,0,5,0,0,0,1,0,0,0,0,0,0,67,24
32802,0:2:1;0:2:2;0:4:3;0:4:3,1,0,0,0,0,1,0,0,0,0,0,0,1,24
32803,0:2:1;0:2:2;0:4:3;0:4:3,1,1,0,0,0,1,0,0,0,0,0,0,5,24
32804,0:2:1;0:2:2;0:4:3;0:4:3,1,2,0,0,0,1,0,0,0,0,0,0,14,24
32805,0:2:1;0:2:2;0:4:3;0:4:3,1,3,0,0,0,1,0,0,0,0,0,0,29,24
32806,0:2:1;0:2:2;0:4:3;0:4:3,1,4,0,0,0,1,0,0,0,0,0,0,48,24
32807,0:2:1;0:2:2;0:4:3;0:4:3,1,5,0,0,0,1,0,0,0,0,0,0,67,24
32808,0:2:1;0:2:2;0:4:3;0:4:3,2,0,0,0,0,1,0,0,0,0,0,0,1,24
32809,0:2:1;0:2:2;0:4:3;0:4:3,2,1,0,0,0,1,0,0,0,0,0,0,5,24
32810,0:2:1;0:2:2;0:4:3;0:4:3,2,2,0,0,0,1,0,0,0,0,0,0,14,24
32811,0:2:1;0:2:2;0:4:3;0:4:3,2,3,0,0,0,1,0,0,0,0,0,0,29,24
32812,0:2:1;0:2:2;0:4:3;0:4:3,2,4,0,0,0,1,0,0,0,0,0,0,48,24
32813,0:2:1;0:2:2;0:4:3;0:4:3,2,5,0,0,0,1,0,0,0,0,0,0,67,24
32814,0:2:1;0:2:2;0:4:3;0:4:3,3,0,0,0,0,1,0,0,0,0,0,0,1,24
32815,0:2:1;0:2:2;0:4:3;0:4:3,3,1,0,0,0,1,0,0,0,0,0,0,5,24
32816,0:2:1;0:2:2;0:4:3;0:4:3,3,2,0,0,0,1,0,0,0,0,0,0,14,24
32817,0:2:1;0:2:2;0:4:3;0:4:3,3,3,0,0,0,1,0,0,0,0,0,0,29,24
32818,0:2:1;0:2:2;0:4:3;0:4:3,3,4,0,0,0,1,0,0,0,0,0,0,48,24
32819,0:2:1;0:2:2;0:4:3;0:4:3,3,5,0,0,0,1,0,0,0,0,0,0,67,24
32820,0:2:1;0:2:2;0:4:3;0:4:3,4,0,0,0,0,1,0,0,0,0,0,0,1,24
32821,0:2:1;0:2:2;0:4:3;0:4:3,4,1,0,0,0,1,0,0,0,0,0,0,5,24
32822,0:2:1;0:2:2;0:4:3;0:4:3,4,2,0,0,0,1,0,0,0,0,0,0,14,24
32823,0:2:1;0:2:2;0:4:3;0:4:3,4,3,0,0,0,1,0,0,0,0,0,0,29,24
32824,0:2:1;0:2:2;0:4:3;0:4:3,4,4,0,0,0,1,0,0,0,0,0,0,48,24
32825,0:2:1;0:2:2;0:4:3;0:4:3,4,5,0,0,0,1,0,0,0,0,0,0,67,24
32826,0:2:1;0:2:2;0:4:3;0:4:3,5,0,0,0,0,1,0,0,0,0,0,0,1,24
32827,0:2:1;0:2:2;0:4:3;0:4:3,5,1,0,0,0,1,0,0,0,0,0,0,5,24
32828,0:2:1;0:2:2;0:4:3;0:4:3,5,2,0,0,0,1,0,0,0,0,0,0,14,24
32829,0:2:1;0:2:2;0:4:3;0:4:3,5,3,0,0,0,1,0,0,0,0,0,0,29,24
32830,0:2:1;0:2:2;0:4:3;0:4:3,5,4,0,0,0,1,0,0,0,0,0,0,48,24
32831,0:2:1;0:2:2;0:4:3;0:4:3,5,5,0,0,0,1,0,0,0,0,0,0,67,24
32832,0:2:1;0:2:2;0:4:3;1:1:1,0,0,0,0,0,1,0,0,0,0,0,0,1,24
32833,0:2:1;0:2:2;0:4:3;1:1:1,0,1,0,0,0,1,0,0,0,0,0,0,7,24
32834,0:2:1;0:2:2;0:4:3;1:1:1,0,2,0,0,0,1,0,0,0,0,0,0,17,24
32835,0:2:1;0:2:2;0:4:3;1:1:1,0,3,0,0,0,1,0,0,0,0,0,0,29,24
32836,0:2:1;0:2:2;0:4:3;1:1:1,0,4,0,0,0,1,0,0,0,0,0,0,37,24
32837,0:2:1;0:2:2;0:4:3;1:1:1,0,5,1,1,1,0,1,1,1,1,1,5,8,2
32838,0:2:1;0:2:2;0:4:3;1:1:1,1,0,0,0,0,1,0,0,0,0,0,0,5,24
32839,0:2:1;0:2:2;0:4:3;1:1:1,1,1,0,0,0,1,0,0,0,0,0,0,13,24
32840,0:2:1;0:2:2;0:4:3;1:1:1,1,2,0,0,0,1,0,0,0,0,0,0,24,24
32841,0:2:1;0:2:2;0:4:3;1:1:1,1,3,0,0,0,1,0,0,0,0,0,0,35,24
32842,0:2:1;0:2:2;0:4:3;1:1:1,1,4,0,0,0,1,0,0,0,0,0,0,43,24
32843,0:2:1;0:2:2;0:4:3;1:1:1,1,5,1,1,1,0,1,1,1,1,1,5,8,2
32844,0:2:1;0:2:2;0:4:3;1:1:1,2,0,0,0,0,1,0,0,0,0,0,0,5,24
32845,0:2:1;0:2:2;0:4:3;1:1:1,2,1,0,0,0,1,0,0,0,0,0,0,13,24
32846,0:2:1;0:2:2;0:4:3;1:1:1,2,2,0,0,0,1,0,0,0,0,0,0,24,24
32847,0:2:1;0:2:2;0:4:3;1:1:1,2,3,0,0,0,1,0,0,0,0,0,0,35,24
32848,0:2:1;0:2:2;0:4:3;1:1:1,2,4,0,0,0,1,0,0,0,0,0,0,43,24
32849,0:2:1;0:2:2;0:4:3;1:1:1,2,5,1,1,1,0,1,1,1,1,1,5,8,2
32850,0:2:1;0:2:2;0:4:3;1:1:1,3,0,0,0,0,1,0,0,0,0,0,0,5,24
32851,0:2:1;0:2:2;0:4:3;1:1:1,3,1,0,0,0,1,0,0,0,0,0,0,13,24
32852,0:2:1;0:2:2;0:4:3;1:1:1,3,2,0,0,0,1,0,0,0,0,0,0,24,24
32853,0:2:1;0:2:2;0:4:3;1:1:1,3,3,0,0,0,1,0,0,0,0,0,0,35,24
32854,0:2:1;0:2:2;0:4:3;1:1:1,3,4,0,0,0,1,0,0,0,0,0,0,43,24
32855,0:2:1;0:2:2;0:4:3;1:1:1,3,5,1,1,1,0,1,1,1,1,1,5,8,2
32856,0:2:1;0:2:2;0:4:3;1:1:1,4,0,0,0,0,1,0,0,0,0,0,0,5,24
32857,0:2:1;0:2:2;0:4:3;1:1:1,4,1,0,0,0,1,0,0,0,0,0,0,13,24
32858,0:2:1;0:2:2;0:4:3;1:1:1,4,2,0,0,0,1,0,0,0,0,0,0,24,24
32859,0:2:1;0:2:2;0:4:3;1:1:1,4,3,0,0,0,1,0,0,0,0,0,0,35,24
32860,0:2:1;0:2:2;0:4:3;1:1:1,4,4,0,0,0,1,0,0,0,0,0,0,43,24
32861,0:2:1;0:2:2;0:4:3;1:1:1,4,5,1,1,1,0,1,1,1,1,1,5,8,2
32862,0:2:1;0:2:2;0:4:3;1:1:1,5,0,0,0,0,1,0,0,0,0,0,0,5,24
32863,0:2:1;0:2:2;0:4:3;1:1:1,5,1,0,0,0,1,0,0,0,0,0,0,13,24
32864,0:2:1;0:2:2;0:4:3;1:1:1,5,2,0,0,0,1,0,0,0,0,0,0,24,24
32865,0:2:1;0:2:2;0:4:3;1:1:1,5,3,0,0,0,1,0,0,0,0,0,0,35,24
32866,0:2:1;0:2:2;0:4:3;1:1:1,5,4,0,0,0,1,0,0,0,0,0,0,43,24
32867,0:2:1;0:2:2;0:4:3;1:1:1,5,5,1,1,1,0,1,1,1,1,1,5,8,2
32868,0:2:1;0:2:2;0:4:3;1:2:1,0,0,0,0,0,1,0,0,0,0,0,0,1,24
32869,0:2:1;0:2:2;0:4:3;1:2:1,0,1,0,0,0,1,0,0,0,0,0,0,10,24
32870,0:2:1;0:2:2;0:4:3;1:2:1,0,2,0,0,0,1,0,0,0,0,0,0,21,24
32871,0:2:1;0:2:2;0:4:3;1:2:1,0,3,0,0,0,1,0,0,0,0,0,0,32,24
32872,0:2:1;0:2:2;0:4:3;1:2:1,0,4,1,1,1,0,1,1,1,1,1,5,8,2
32873,0:2:1;0:2:2;0:4:3;1:2:1,0,5,1,1,1,0,1,1,1,1,1,5,8,2
32874,0:2:1;0:2:2;0:4:3;1:2:1,1,0,0,0,0,1,0,0,0,0,0,0,10,24
32875,0:2:1;0:2:2;0:4:3;1:2:1,1,1,0,0,0,1,0,0,0,0,0,0,19,24
32876,0:2:1;0:2:2;0:4:3;1:2:1,1,2,0,0,0,1,0,0,0,0,0,0,29,24
32877,0:2:1;0:2:2;0:4:3;1:2:1,1,3,0,0,0,1,0,0,0,0,0,0,38,24
32878,0:2:1;0:2:2;0:4:3;1:2:1,1,4,1,1,1,0,1,1,1,1,1,5,8,2
32879,0:2:1;0:2:2;0:4:3;1:2:1,1,5,1,1,1,0,1,1,1,1,1,5,8,2
32880,0:2:1;0:2:2;0:4:3;1:2:1,2,0,0,0,0,1,0,0,0,0,0,0,10,24
32881,0:2:1;0:2:2;0:4:3;1:2:1,2,1,0,0,0,1,0,0,0,0,0,0,19,24
32882,0:2:1;0:2:2;0:4:3;1:2:1,2,2,0,0,0,1,0,0,0,0,0,0,29,24
32883,0:2:1;0:2:2;0:4:3;1:2:1,2,3,0,0,0,1,0,0,0,0,0,0,38,24
32884,0:2:1;0:2:2;0:4:3;1:2:1,2,4,1,1,1,0,1,1,1,1,1,5,8,2
32885,0:2:1;0:2:2;0:4:3;1:2:1,2,5,1,1,1,0,1,1,1,1,1,5,8,2
32886,0:2:1;0:2:2;0:4:3;1:2:1,3,0,0,0,0,1,0,0,0,0,0,0,10,24
32887,0:2:1;0:2:2;0:4:3;1:2:1,3,1,0,0,0,1,0,0,0,0,0,0,19,24
32888,0:2:1;0:2:2;0:4:3;1:2:1,3,2,0,0,0,1,0,0,0,0,0,0,29,24
32889,0:2:1;0:2:2;0:4:3;1:2:1,3,3,0,0,0,1,0,0,0,0,0,0,38,24
32890,0:2:1;0:2:2;0:4:3;1:2:1,3,4,1,1,1,0,1,1,1,1,1,5,8,2
32891,0:2:1;0:2:2;0:4:3;1:2:1,3,5,1,1,1,0,1,1,1,1,1,5,8,2
32892,0:2:1;0:2:2;0:4:3;1:2:1,4,0,0,0,0,1,0,0,0,0,0,0,10,24
32893,0:2:1;0:2:2;0:4:3;1:2:1,4,1,0,0,0,1,0,0,0,0,0,0,19,24
32894,0:2:1;0:2:2;0:4:3;1:2:1,4,2,0,0,0,1,0,0,0,0,0,0,29,24
32895,0:2:1;0:2:2;0:4:3;1:2:1,4,3,0,0,0,1,0,0,0,0,0,0,38,24
32896,0:2:1;0:2:2;0:4:3;1:2:1,4,4,1,1,1,0,1,1,1,1,1,5,8,2
32897,0:2:1;0:2:2;0:4:3;1:2:1,4,5,1,1,1,0,1,1,1,1,1,5,8,2
32898,0:2:1;0:2:2;0:4:3;1:2:1,5,0,0,0,0,1,0,0,0,0,0,0,10,24
32899,0:2:1;0:2:2;0:4:3;1:2:1,5,1,0,0,0,1,0,0,0,0,0,0,19,24
32900,0:2:1;0:2:2;0:4:3;1:2:1,5,2,0,0,0,1,0,0,0,0,0,0,29,24
32901,0:2:1;0:2:2;0:4:3;1:2:1,5,3,0,0,0,1,0,0,0,0,0,0,38,24
32902,0:2:1;0:2:2;0:4:3;1:2:1,5,4,1,1,1,0,1,1,1,1,1,5,8,2
32903,0:2:1;0:2:2;0:4:3;1:2:1,5,5,1,1,1,0,1,1,1,1,1,5,8,2
32904,0:2:1;0:2:2;0:4:3;1:2:2,0,0,0,0,0,1,0,0,0,0,0,0,1,24
32905,0:2:1;0:2:2;0:4:3;1:2:2,0,1,0,0,0,1,0,0,0,0,0,0,11,24
32906,0:2:1;0:2:2;0:4:3;1:2:2,0,2,0,0,0,1,0,0,0,0,0,0,25,24
32907,0:2:1;0:2:2;0:4:3;1:2:2,0,3,0,0,0,1,0,0,0,0,0,0,41,24
32908,0:2:1;0:2:2;0:4:3;1:2:2,0,4,1,1,1,0,1,1,1,1,1,5,9,2
32909,0:2:1;0:2:2;0:4:3;1:2:2,0,5,1,1,1,0,1,1,1,1,1,5,9,2
32910,0:2:1;0:2:2;0:4:3;1:2:2,1,0,0,0,0,1,0,0,0,0,0,0,2,24
32911,0:2:1;0:2:2;0:4:3;1:2:2,1,1,0,0,0,1,0,0,0,0,0,0,14,24
32912,0:2:1;0:2:2;0:4:3;1:2:2,1,2,0,0,0,1,0,0,0,0,0,0,30,24
32913,0:2:1;0:2:2;0:4:3;1:2:2,1,3,0,0,0,1,0,0,0,0,0,0,47,24
32914,0:2:1;0:2:2;0:4:3;1:2:2,1,4,1,1,1,0,1,1,1,1,1,5,9,2
32915,0:2:1;0:2:2;0:4:3;1:2:2,1,5,1,1,1,0,1,1,1,1,1,5,9,2
32916,0:2:1;0:2:2;0:4:3;1:2:2,2,0,0,0,0,1,0,0,0,0,0,0,11,24
32917,0:2:1;0:2:2;0:4:3;1:2:2,2,1,0,0,0,1,0,0,0,0,0,0,23,24
32918,0:2:1;0:2:2;0:4:3;1:2:2,2,2,0,0,0,1,0,0,0,0,0,0,38,24
32919,0:2:1;0:2:2;0:4:3;1:2:2,2,3,0,0,0,1,0,0,0,0,0,0,53,24
32920,0:2:1;0:2:2;0:4:3;1:2:2,2,4,1,1,1,0,1,1,1,1,1,5,9,2
32921,0:2:1;0:2:2;0:4:3;1:2:2,2,5,1,1,1,0,1,1,1,1,1,5,9,2
32922,0:2:1;0:2:2;0:4:3;1:2:2,3,0,0,0,0,1,0,0,0,0,0,0,11,24
32923,0:2:1;0:2:2;0:4:3;1:2:2,3,1,0,0,0,1,0,0,0,0,0,0,23,24
32924,0:2:1;0:2:2;0:4:3;1:2:2,3,2,0,0,0,1,0,0,0,0,0,0,38,24
32925,0:2:1;0:2:2;0:4:3;1:2:2,3,3,0,0,0,1,0,0,0,0,0,0,53,24
32926,0:2:1;0:2:2;0:4:3;1:2:2,3,4,1,1,1,0,1,1,1,1,1,5,9,2
32927,0:2:1;0:2:2;0:4:3;1:2:2,3,5,1,1,1,0,1,1,1,1,1,5,9,2
32928,0:2:1;0:2:2;0:4:3;1:2:2,4,0,0,0,0,1,0,0,0,0,0,0,11,24
32929,0:2:1;0:2:2;0:4:3;1:2:2,4,1,0,0,0,1,0,0,0,0,0,0,23,24
32930,0:2:1;0:2:2;0:4:3;1:2:2,4,2,0,0,0,1,0,0,0,0,0,0,38,24
32931,0:2:1;0:2:2;0:4:3;1:2:2,4,3,0,0,0,1,0,0,0,0,0,0,53,24
32932,0:2:1;0:2:2;0:4:3;1:2:2,4,4,1,1,1,0,1,1,1,1,1,5,9,2
32933,0:2:1;0:2:2;0:4:3;1:2:2,4,5,1,1,1,0,1,1,1,1,1,5,9,2
32934,0:2:1;0:2:2;0:4:3;1:2:2,5,0,0,0,0,1,0,0,0,0,0,0,11,24
32935,0:2:1;0:2:2;0:4:3;1:2:2,5,1,0,0,0,1,0,0,0,0,0,0,23,24
32936,0:2:1;0:2:2;0:4:3;1:2:2,5,2,0,0,0,1,0,0,0,0,0,0,38,24
32937,0:2:1;0:2:2;0:4:3;1:2:2,5,3,0,0,0,1,0,0,0,0,0,0,53,24
32938,0:2:1;0:2:2;0:4:3;1:2:2,5,4,1,1,1,0,1,1,1,1,1,5,9,2
32939,0:2:1;0:2:2;0:4:3;1:2:2,5,5,1,1,1,0,1,1,1,1,1,5,9,2
32940,0:2:1;0:2:2;0:4:3;1:3:2,0,0,0,0,0,1,0,0,0,0,0,0,1,24
32941,0:2:1;0:2:2;0:4:3;1:3:2,0,1,0,0,0,1,0,0,0,0,0,0,14,24
32942,0:2:1;0:2:2;0:4:3;1:3:2,0,2,0,0,0,1,0,0,0,0,0,0,28,24
32943,0:2:1;0:2:2;0:4:3;1:3:2,0,3,1,1,0,0,1,1,1,1,1,5,9,2
32944,0:2:1;0:2:2;0:4:3;1:3:2,0,4,1,1,1,0,1,1,1,1,1,5,9,2
32945,0:2:1;0:2:2;0:4:3;1:3:2,0,5,1,1,1,0,1,1,1,1,1,5,9,2
32946,0:2:1;0:2:2;0:4:3;1:3:2,1,0,0,0,0,1,0,0,0,0,0,0,2,24
32947,0:2:1;0:2:2;0:4:3;1:3:2,1,1,0,0,0,1,0,0,0,0,0,0,17,24
32948,0:2:1;0:2:2;0:4:3;1:3:2,1,2,0,0,0,1,0,0,0,0,0,0,33,24
32949,0:2:1;0:2:2;0:4:3;1:3:2,1,3,1,1,1,0,1,1,1,1,1,5,9,2
32950,0:2:1;0:2:2;0:4:3;1:3:2,1,4,1,1,1,0,1,1,1,1,1,5,9,2
32951,0:2:1;0:2:2;0:4:3;1:3:2,1,5,1,1,1,0,1,1,1,1,1,5,9,2
32952,0:2:1;0:2:2;0:4:3;1:3:2,2,0,0,0,0,1,0,0,0,0,0,0,17,24
32953,0:2:1;0:2:2;0:4:3;1:3:2,2,1,0,0,0,1,0,0,0,0,0,0,28,24
32954,0:2:1;0:2:2;0:4:3;1:3:2,2,2,0,0,0,1,0,0,0,0,0,0,41,24
32955,0:2:1;0:2:2;0:4:3;1:3:2,2,3,1,1,1,0,1,1,1,1,1,5,9,2
32956,0:2:1;0:2:2;0:4:3;1:3:2,2,4,1,1,1,0,1,1,1,1,1,5,9,2
32957,0:2:1;0:2:2;0:4:3;1:3:2,2,5,1,1,1,0,1,1,1,1,1,5,9,2
32958,0:2:1;0:2:2;0:4:3;1:3:2,3,0,0,0,0,1,0,0,0,0,0,0,17,24
32959,0:2:1;0:2:2;0:4:3;1:3:2,3,1,0,0,0,1,0,0,0,0,0,0,28,24
32960,0:2:1;0:2:2;0:4:3;1:3:2,3,2,0,0,0,1,0,0,0,0,0,0,41,24
32961,0:2:1;0:2:2;0:4:3;1:3:2,3,3,1,1,1,0,1,1,1,1,1,5,9,2
32962,0:2:1;0:2:2;0:4:3;1:3:2,3,4,1,1,1,0,1,1,1,1,1,5,9,2
32963,0:2:1;0:2:2;0:4:3;1:3:2,3,5,1,1,1,0,1,1,1,1,1,5,9,2
32964,0:2:1;0:2:2;0:4:3;1:3:2,4,0,0,0,0,1,0,0,0,0,0,0,17,24
32965,0:2:1;0:2:2;0:4:3;1:3:2,4,1,0,0,0,1,0,0,0,0,0,0,28,24
32966,0:2:1;0:2:2;0:4:3;1:3:2,4,2,0,0,0,1,0,0,0,0,0,0,41,24
32967,0:2:1;0:2:2;0:4:3;1:3:2,4,3,1,1,1,0,1,1,1,1,1,5,9,2
32968,0:2:1;0:2:2;0:4:3;1:3:2,4,4,1,1,1,0,1,1,1,1,1,5,9,2
32969,0:2:1;0:2:2;0:4:3;1:3:2,4,5,1,1,1,0,1,1,1,1,1,5,9,2
32970,0:2:1;0:2:2;0:4:3;1:3:2,5,0,0,0,0,1,0,0,0,0,0,0,17,24
32971,0:2:1;0:2:2;0:4:3;1:3:2,5,1,0,0,0,1,0,0,0,0,0,0,28,24
32972,0:2:1;0:2:2;0:4:3;1:3:2,5,2,0,0,0,1,0,0,0,0,0,0,41,24
32973,0:2:1;0:2:2;0:4:3;1:3:2,5,3,1,1,1,0,1,1,1,1,1,5,9,2
32974,0:2:1;0:2:2;0:4:3;1:3:2,5,4,1,1,1,0,1,1,1,1,1,5,9,2
32975,0:2:1;0:2:2;0:4:3;1:3:2,5,5,1,1,1,0,1,1,1,1,1,5,9,2
32976,0:2:1;0:2:2;0:4:3;1:3:3,0,0,0,0,0,1,0,0,0,0,0,0,1,24
32977,0:2:1;0:2:2;0:4:3;1:3:3,0,1,0,0,0,1,0,0,0,0,0,0,6,24
32978,0:2:1;0:2:2;0:4:3;1:3:3,0,2,0,0,0,1,0,0,0,0,0,0,17,24
32979,0:2:1;0:2:2;0:4:3;1:3:3,0,3,1,1,0,0,1,1,1,1,1,5,10,2
32980,0:2:1;0:2:2;0:4:3;1:3:3,0,4,1,1,0,0,1,1,1,1,1,5,10,2
32981,0:2:1;0:2:2;0:4:3;1:3:3,0,5,1,1,1,0,1,1,1,1,1,5,10,2
32982,0:2:1;0:2:2;0:4:3;1:3:3,1,0,0,0,0,1,0,0,0,0,0,0,2,24
32983,0:2:1;0:2:2;0:4:3;1:3:3,1,1,0,0,0,1,0,0,0,0,0,0,18,24
32984,0:2:1;0:2:2;0:4:3;1:3:3,1,2,0,0,0,1,0,0,0,0,0,0,37,24
32985,0:2:1;0:2:2;0:4:3;1:3:3,1,3,1,1,0,0,1,1,1,1,1,5,10,2
32986,0:2:1;0:2:2;0:4:3;1:3:3,1,4,1,1,1,0,1,1,1,1,1,5,10,2
32987,0:2:1;0:2:2;0:4:3;1:3:3,1,5,1,1,1,0,1,1,1,1,1,5,10,2
32988,0:2:1;0:2:2;0:4:3;1:3:3,2,0,0,0,0,1,0,0,0,0,0,0,3,24
32989,0:2:1;0:2:2;0:4:3;1:3:3,2,1,0,0,0,1,0,0,0,0,0,0,21,24
32990,0:2:1;0:2:2;0:4:3;1:3:3,2,2,0,0,0,1,0,0,0,0,0,0,42,24
32991,0:2:1;0:2:2;0:4:3;1:3:3,2,3,1,1,1,0,1,1,1,1,1,5,10,2
32992,0:2:1;0:2:2;0:4:3;1:3:3,2,4,1,1,1,0,1,1,1,1,1,5,10,2
32993,0:2:1;0:2:2;0:4:3;1:3:3,2,5,1,1,1,0,1,1,1,1,1,5,10,2
32994,0:2:1;0:2:2;0:4:3;1:3:3,3,0,0,0,0,1,0,0,0,0,0,0,18,24
32995,0:2:1;0:2:2;0:4:3;1:3:3,3,1,0,0,0,1,0,0,0,0,0,0,32,24
32996,0:2:1;0:2:2;0:4:3;1:3:3,3,2,0,0,0,1,0,0,0,0,0,0,50,24
32997,0:2:1;0:2:2;0:4:3;1:3:3,3,3,1,1,1,0,1,1,1,1,1,5,10,2
32998,0:2:1;0:2:2;0:4:3;1:3:3,3,4,1,1,1,0,1,1,1,1,1,5,10,2
32999,0:2:1;0:2:2;0:4:3;1:3:3,3,5,1,1,1,0,1,1,1,1,1,5,10,2
33000,0:2:1;0:2:2;0:4:3;1:3:3,4,0,0,0,0,1,0,0,0,0,0,0,18,24
33001,0:2:1;0:2:2;0:4:3;1:3:3,4,1,0,0,0,1,0,0,0,0,0,0,32,24
33002,0:2:1;0:2:2;0:4:3;1:3:3,4,2,0,0,0,1,0,0,0,0,0,0,50,24
33003,0:2:1;0:2:2;0:4:3;1:3:3,4,3,1,1,1,0,1,1,1,1,1,5,10,2
33004,0:2:1;0:2:2;0:4:3;1:3:3,4,4,1,1,1,0,1,1,1,1,1,5,10,2
33005,0:2:1;0:2:2;0:4:3;1:3:3,4,5,1,1,1,0,1,1,1,1,1,5,10,2
33006,0:2:1;0:2:2;0:4:3;1:3:3,5,0,0,0,0,1,0,0,0,0,0,0,18,24
33007,0:2:1;0:2:2;0:4:3;1:3:3,5,1,0,0,0,1,0,0,0,0,0,0,32,24
33008,0:2:1;0:2:2;0:4:3;1:3:3,5,2,0,0,0,1,0,0,0,0,0,0,50,24
33009,0:2:1;0:2:2;0:4:3;1:3:3,5,3,1,1,1,0,1,1,1,1,1,5,10,2
33010,0:2:1;0:2:2;0:4:3;1:3:3,5,4,1,1,1,0,1,1,1,1,1,5,10,2
33011,0:2:1;0:2:2;0:4:3;1:3:3,5,5,1,1,1,0,1,1,1,1,1,5,10,2
33012,0:2:1;0:2:2;0:4:3;1:4:3,0,0,0,0,0,1,0,0,0,0,0,0,1,24
33013,0:2:1;0:2:2;0:4:3;1:4:3,0,1,0,0,0,1,0,0,0,0,0,0,6,24
33014,0:2:1;0:2:2;0:4:3;1:4:3,0,2,1,0,0,1,0,0,0,0,0,3,17,24
33015,0:2:1;0:2:2;0:4:3;1:4:3,0,3,1,1,0,0,1,1,1,1,1,5,10,2
33016,0:2:1;0:2:2;0:4:3;1:4:3,0,4,1,1,0,0,1,1,1,1,1,5,10,2
33017,0:2:1;0:2:2;0:4:3;1:4:3,0,5,1,1,1,0,1,1,1,1,1,5,10,2
33018,0:2:1;0:2:2;0:4:3;1:4:3,1,0,0,0,0,1,0,0,0,0,0,0,2,24
33019,0:2:1;0:2:2;0:4:3;1:4:3,1,1,0,0,0,1,0,0,0,0,0,0,20,24
33020,0:2:1;0:2:2;0:4:3;1:4:3,1,2,1,1,0,0,1,1,1,1,1,5,10,5
33021,0:2:1;0:2:2;0:4:3;1:4:3,1,3,1,1,0,0,1,1,1,1,1,5,10,2
33022,0:2:1;0:2:2;0:4:3;1:4:3,1,4,1,1,1,0,1,1,1,1,1,5,10,2
33023,0:2:1;0:2:2;0:4:3;1:4:3,1,5,1,1,1,0,1,1,1,1,1,5,10,2
33024,0:2:1;0:2:2;0:4:3;1:4:3,2,0,0,0,0,1,0,0,0,0,0,0,3,24
33025,0:2:1;0:2:2;0:4:3;1:4:3,2,1,0,0,0,1,0,0,0,0,0,0,23,24
33026,0:2:1;0:2:2;0:4:3;1:4:3,2,2,1,1,0,0,1,1,1,1,1,5,10,5
33027,0:2:1;0:2:2;0:4:3;1:4:3,2,3,1,1,1,0,1,1,1,1,1,5,10,2
33028,0:2:1;0:2:2;0:4:3;1:4:3,2,4,1,1,1,0,1,1,1,1,1,5,10,2
33029,0:2:1;0:2:2;0:4:3;1:4:3,2,5,1,1,1,0,1,1,1,1,1,5,10,2
33030,0:2:1;0:2:2;0:4:3;1:4:3,3,0,0,0,0,1,0,0,0,0,0,0,23,24
33031,0:2:1;0:2:2;0:4:3;1:4:3,3,1,0,0,0,1,0,0,0,0,0,0,35,24
33032,0:2:1;0:2:2;0:4:3;1:4:3,3,2,1,1,1,0,1,1,1,1,1,5,10,5
33033,0:2:1;0:2:2;0:4:3;1:4:3,3,3,1,1,1,0,1,1,1,1,1,5,10,2
33034,0:2:1;0:2:2;0:4:3;1:4:3,3,4,1,1,1,0,1,1,1,1,1,5,10,2
33035,0:2:1;0:2:2;0:4:3;1:4:3,3,5,1,1,1,0,1,1,1,1,1,5,10,2
33036,0:2:1;0:2:2;0:4:3;1:4:3,4,0,0,0,0,1,0,0,0,0,0,0,23,24
33037,0:2:1;0:2:2;0:4:3;1:4:3,4,1,0,0,0,1,0,0,0,0,0,0,35,24
33038,0:2:1;0:2:2;0:4:3;1:4:3,4,2,1,1,1,0,1,1,1,1,1,5,10,5
33039,0:2:1;0:2:2;0:4:3;1:4:3,4,3,1,1,1,0,1,1,1,1,1,5,10,2
33040,0:2:1;0:2:2;0:4:3;1:4:3,4,4,1,1,1,0,1,1,1,1,1,5,10,2
33041,0:2:1;0:2:2;0:4:3;1:4:3,4,5,1,1,1,0,1,1,1,1,1,5,10,2
33042,0:2:1;0:2:2;0:4:3;1:4:3,5,0,0,0,0,1,0,0,0,0,0,0,23,24
33043,0:2:1;0:2:2;0:4:3;1:4:3,5,1,0,0,0,1,0,0,0,0,0,0,35,24
33044,0:2:1;0:2:2;0:4:3;1:4:3,5,2,1,1,1,0,1,1,1,1,1,5,10,5
33045,0:2:1;0:2:2;0:4:3;1:4:3,5,3,1,1,1,0,1,1,1,1,1,5,10,2
33046,0:2:1;0:2:2;0:4:3;1:4:3,5,4,1,1,1,0,1,1,1,1,1,5,10,2
33047,0:2:1;0:2:2;0:4:3;1:4:3,5,5,1,1,1,0,1,1,1,1,1,5,10,2
33048,0:2:1;0:2:2;1:1:1;1:1:1,0,0,0,0,0,1,0,0,0,0,0,0,1,24
33049,0:2:1;0:2:2;1:1:1;1:1:1,0,1,1,1,0,0,1,1,1,1,1,5,6,4
33050,0:2:1;0:2:2;1:1:1;1:1:1,0,2,1,1,1,0,1,1,1,1,1,5,6,3
33051,0:2:1;0:2:2;1:1:1;1:1:1,0,3,1,1,1,0,1,1,1,1,1,5,6,1
33052,0:2:1;0:2:2;1:1:1;1:1:1,0,4,1,1,1,0,1,1,1,1,1,5,6,1
33053,0:2:1;0:2:2;1:1:1;1:1:1,0,5,1,1,1,0,1,1,1,1,1,5,6,1
33054,0:2:1;0:2:2;1:1:1;1:1:1,1,0,0,0,0,1,0,0,0,0,0,0,9,24
33055,0:2:1;0:2:2;1:1:1;1:1:1,1,1,1,1,1,0,1,1,1,1,1,5,6,4
33056,0:2:1;0:2:2;1:1:1;1:1:1,1,2,1,1,1,0,1,1,1,1,1,5,6,3
33057,0:2:1;0:2:2;1:1:1;1:1:1,1,3,1,1,1,0,1,1,1,1,1,5,6,1
33058,0:2:1;0:2:2;1:1:1;1:1:1,1,4,1,1,1,0,1,1,1,1,1,5,6,1
33059,0:2:1;0:2:2;1:1:1;1:1:1,1,5,1,1,1,0,1,1,1,1,1,5,6,1
33060,0:2:1;0:2:2;1:1:1;1:1:1,2,0,0,0,0,1,0,0,0,0,0,0,12,24
33061,0:2:1;0:2:2;1:1:1;1:1:1,2,1,1,1,1,0,1,1,1,1,1,5,6,4
33062,0:2:1;0:2:2;1:1:1;1:1:1,2,2,1,1,1,0,1,1,1,1,1,5,6,3
33063,0:2:1;0:2:2;1:1:1;1:1:1,2,3,1,1,1,0,1,1,1,1,1,5,6,1
33064,0:2:1;0:2:2;1:1:1;1:1:1,2,4,1,1,1,0,1,1,1,1,1,5,6,1
33065,0:2:1;0:2:2;1:1:1;1:1:1,2,5,1,1,1,0,1,1,1,1,1,5,6,1
33066,0:2:1;0:2:2;1:1:1;1:1:1,3,0,0,0,0,1,0,0,0,0,0,0,12,24
33067,0:2:1;0:2:2;1:1:1;1:1:1,3,1,1,1,1,0,1,1,1,1,1,5,6,4
33068,0:2:1;0:2:2;1:1:1;1:1:1,3,2,1,1,1,0,1,1,1,1,1,5,6,3
33069,0:2:1;0:2:2;1:1:1;1:1:1,3,3,1,1,1,0,1,1,1,1,1,5,6,1
33070,0:2:1;0:2:2;1:1:1;1:1:1,3,4,1,1,1,0,1,1,1,1,1,5,6,1
33071,0:2:1;0:2:2;1:1:1;1:1:1,3,5,1,1,1,0,1,1,1,1,1,5,6,1
33072,0:2:1;0:2:2;1:1:1;1:1:1,4,0,0,0,0,1,0,0,0,0,0,0,12,24
33073,0:2:1;0:2:2;1:1:1;1:1:1,4,1,1,1,1,0,1,1,1,1,1,5,6,4
33074,0:2:1;0:2:2;1:1:1;1:1:1,4,2,1,1,1,0,1,1,1,1,1,5,6,3
33075,0:2:1;0:2:2;1:1:1;1:1:1,4,3,1,1,1,0,1,1,1,1,1,5,6,1
33076,0:2:1;0:2:2;1:1:1;1:1:1,4,4,1,1,1,0,1,1,1,1,1,5,6,1
33077,0:2:1;0:2:2;1:1:1;1:1:1,4,5,1,1,1,0,1,1,1,1,1,5,6,1
33078,0:2:1;0:2:2;1:1:1;1:1:1,5,0,0,0,0,1,0,0,0,0,0,0,12,24
33079,0:2:1;0:2:2;1:1:1;1:1:1,5,1,1,1,1,0,1,1,1,1,1,5,6,4
33080,0:2:1;0:2:2;1:1:1;1:1:1,5,2,1,1,1,0,1,1,1,1,1,5,6,3
33081,0:2:1;0:2:2;1:1:1;1:1:1,5,3,1,1,1,0,1,1,1,1,1,5,6,1
33082,0:2:1;0:2:2;1:1:1;1:1:1,5,4,1,1,1,0,1,1,1,1,1,5,6,1
33083,0:2:1;0:2:2;1:1:1;1:1:1,5,5,1,1,1,0,1,1,1,1,1,5,6,1
33084,0:2:1;0:2:2;1:1:1;1:2:1,0,0,1,0,0,1,0,0,0,0,0,1,1,24
33085,0:2:1;0:2:2;1:1:1;1:2:1,0,1,1,1,0,0,1,1,1,1,1,5,6,4
33086,0:2:1;0:2:2;1:1:1;1:2:1,0,2,1,1,1,0,1,1,1,1,1,5,6,3
33087,0:2:1;0:2:2;1:1:1;1:2:1,0,3,1,1,1,0,1,1,1,1,1,5,6,1
33088,0:2:1;0:2:2;1:1:1;1:2:1,0,4,1,1,1,0,1,1,1,1,1,5,6,1
33089,0:2:1;0:2:2;1:1:1;1:2:1,0,5,1,1,1,0,1,1,1,1,1,5,6,1
33090,0:2:1;0:2:2;1:1:1;1:2:1,1,0,1,1,0,0,1,1,1,1,1,5,6,14
33091,0:2:1;0:2:2;1:1:1;1:2:1,1,1,1,1,1,0,1,1,1,1,1,5,6,4
33092,0:2:1;0:2:2;1:1:1;1:2:1,1,2,1,1,1,0,1,1,1,1,1,5,6,3
33093,0:2:1;0:2:2;1:1:1;1:2:1,1,3,1,1,1,0,1,1,1,1,1,5,6,1
33094,0:2:1;0:2:2;1:1:1;1:2:1,1,4,1,1,1,0,1,1,1,1,1,5,6,1
33095,0:2:1;0:2:2;1:1:1;1:2:1,1,5,1,1,1,0,1,1,1,1,1,5,6,1
33096,0:2:1;0:2:2;1:1:1;1:2:1,2,0,1,1,1,0,1,1,1,1,1,5,6,14
33097,0:2:1;0:2:2;1:1:1;1:2:1,2,1,1,1,1,0,1,1,1,1,1,5,6,4
33098,0:2:1;0:2:2;1:1:1;1:2:1,2,2,1,1,1,0,1,1,1,1,1,5,6,3
33099,0:2:1;0:2:2;1:1:1;1:2:1,2,3,1,1,1,0,1,1,1,1,1,5,6,1
33100,0:2:1;0:2:2;1:1:1;1:2:1,2,4,1,1,1,0,1,1,1,1,1,5,6,1
33101,0:2:1;0:2:2;1:1:1;1:2:1,2,5,1,1,1,0,1,1,1,1,1,5,6,1
33102,0:2:1;0:2:2;1:1:1;1:2:1,3,0,1,1,1,0,1,1,1,1,1,5,6,14
33103,0:2:1;0:2:2;1:1:1;1:2:1,3,1,1,1,1,0,1,1,1,1,1,5,6,4
33104,0:2:1;0:2:2;1:1:1;1:2:1,3,2,1,1,1,0,1,1,1,1,1,5,6,3
33105,0:2:1;0:2:2;1:1:1;1:2:1,3,3,1,1,1,0,1,1,1,1,1,5,6,1
33106,0:2:1;0:2:2;1:1:1;1:2:1,3,4,1,1,1,0,1,1,1,1,1,5,6,1
33107,0:2:1;0:2:2;1:1:1;1:2:1,3,5,1,1,1,0,1,1,1,1,1,5,6,1
33108,0:2:1;0:2:2;1:1:1;1:2:1,4,0,1,1,1,0,1,1,1,1,1,5,6,14
33109,0:2:1;0:2:2;1:1:1;1:2:1,4,1,1,1,1,0,1,1,1,1,1,5,6,4
33110,0:2:1;0:2:2;1:1:1;1:2:1,4,2,1,1,1,0,1,1,1,1,1,5,6,3
33111,0:2:1;0:2:2;1:1:1;1:2:1,4,3,1,1,1,0,1,1,1,1,1,5,6,1
33112,0:2:1;0:2:2;1:1:1;1:2:1,4,4,1,1,1,0,1,1,1,1,1,5,6,1
33113,0:2:1;0:2:2;1:1:1;1:2:1,4,5,1,1,1,0,1,1,1,1,1,5,6,1
33114,0:2:1;0:2:2;1:1:1;1:2:1,5,0,1,1,1,0,1,1,1,1,1,5,6,14
33115,0:2:1;0:2:2;1:1:1;1:2:1,5,1,1,1,1,0,1,1,1,1,1,5,6,4
33116,0:2:1;0:2:2;1:1:1;1:2:1,5,2,1,1,1,0,1,1,1,1,1,5,6,3
33117,0:2:1;0:2:2;1:1:1;1:2:1,5,3,1,1,1,0,1,1,1,1,1,5,6,1
33118,0:2:1;0:2:2;1:1:1;1:2:1,5,4,1,1,1,0,1,1,1,1,1,5,6,1
33119,0:2:1;0:2:2;1:1:1;1:2:1,5,5,1,1,1,0,1,1,1,1,1,5,6,1
33120,0:2:1;0:2:2;1:1:1;1:2:2,0,0,1,0,0,1,0,0,0,0,0,1,1,24
33121,0:2:1;0:2:2;1:1:1;1:2:2,0,1,1,1,0,1,0,0,1,0,1,6,11,5
33122,0:2:1;0:2:2;1:1:1;1:2:2,0,2,1,1,0,0,1,1,1,1,1,5,7,3
33123,0:2:1;0:2:2;1:1:1;1:2:2,0,3,1,1,1,0,1,1,1,1,1,5,7,1
33124,0:2:1;0:2:2;1:1:1;1:2:2,0,4,1,1,1,0,1,1,1,1,1,5,7,1
33125,0:2:1;0:2:2;1:1:1;1:2:2,0,5,1,1,1,0,1,1,1,1,1,5,7,1
33126,0:2:1;0:2:2;1:1:1;1:2:2,1,0,1,1,0,0,1,1,1,1,1,5,7,14
33127,0:2:1;0:2:2;1:1:1;1:2:2,1,1,1,1,0,0,1,1,1,1,1,5,7,4
33128,0:2:1;0:2:2;1:1:1;1:2:2,1,2,1,1,1,0,1,1,1,1,1,5,7,3
33129,0:2:1;0:2:2;1:1:1;1:2:2,1,3,1,1,1,0,1,1,1,1,1,5,7,1
33130,0:2:1;0:2:2;1:1:1;1:2:2,1,4,1,1,1,0,1,1,1,1,1,5,7,1
33131,0:2:1;0:2:2;1:1:1;1:2:2,1,5,1,1,1,0,1,1,1,1,1,5,7,1
33132,0:2:1;0:2:2;1:1:1;1:2:2,2,0,1,1,0,0,1,1,1,1,1,5,7,14
33133,0:2:1;0:2:2;1:1:1;1:2:2,2,1,1,1,1,0,1,1,1,1,1,5,7,4
33134,0:2:1;0:2:2;1:1:1;1:2:2,2,2,1,1,1,0,1,1,1,1,1,5,7,3
33135,0:2:1;0:2:2;1:1:1;1:2:2,2,3,1,1,1,0,1,1,1,1,1,5,7,1
33136,0:2:1;0:2:2;1:1:1;1:2:2,2,4,1,1,1,0,1,1,1,1,1,5,7,1
33137,0:2:1;0:2:2;1:1:1;1:2:2,2,5,1,1,1,0,1,1,1,1,1,5,7,1
33138,0:2:1;0:2:2;1:1:1;1:2:2,3,0,1,1,1,0,1,1,1,1,1,5,7,14
33139,0:2:1;0:2:2;1:1:1;1:2:2,3,1,1,1,1,0,1,1,1,1,1,5,7,4
33140,0:2:1;0:2:2;1:1:1;1:2:2,3,2,1,1,1,0,1,1,1,1,1,5,7,3
33141,0:2:1;0:2:2;1:1:1;1:2:2,3,3,1,1,1,0,1,1,1,1,1,5,7,1
33142,0:2:1;0:2:2;1:1:1;1:2:2,3,4,1,1,1,0,1,1,1,1,1,5,7,1
33143,0:2:1;0:2:2;1:1:1;1:2:2,3,5,1,1,1,0,1,1,1,1,1,5,7,1
33144,0:2:1;0:2:2;1:1:1;1:2:2,4,0,1,1,1,0,1,1,1,1,1,5,7,14
33145,0:2:1;0:2:2;1:1:1;1:2:2,4,1,1,1,1,0,1,1,1,1,1,5,7,4
33146,0:2:1;0:2:2;1:1:1;1:2:2,4,2,1,1,1,0,1,1,1,1,1,5,7,3
33147,0:2:1;0:2:2;1:1:1;1:2:2,4,3,1,1,1,0,1,1,1,1,1,5,7,1
33148,0:2:1;0:2:2;1:1:1;1:2:2,4,4,1,1,1,0,1,1,1,1,1,5,7,1
33149,0:2:1;0:2:2;1:1:1;1:2:2,4,5,1,1,1,0,1,1,1,1,1,5,7,1
33150,0:2:1;0:2:2;1:1:1;1:2:2,5,0,1,1,1,0,1,1,1,1,1,5,7,14
33151,0:2:1;0:2:2;1:1:1;1:2:2,5,1,1,1,1,0,1,1,1,1,1,5,7,4
33152,0:2:1;0:2:2;1:1:1;1:2:2,5,2,1,1,1,0,1,1,1,1,1,5,7,3
33153,0:2:1;0:2:2;1:1:1;1:2:2,5,3,1,1,1,0,1,1,1,1,1,5,7,1
33154,0:2:1;0:2:2;1:1:1;1:2:2,5,4,1,1,1,0,1,1,1,1,1,5,7,1
33155,0:2:1;0:2:2;1:1:1;1:2:2,5,5,1,1,1,0,1,1,1,1,1,5,7,1
33156,0:2:1;0:2:2;1:1:1;1:3:2,0,0,1,0,0,1,0,0,0,0,0,1,1,24
33157,0:2:1;0:2:2;1:1:1;1:3:2,0,1,1,1,0,1,0,0,1,1,1,6,11,5
33158,0:2:1;0:2:2;1:1:1;1:3:2,0,2,1,1,0,0,1,1,1,1,1,5,7,3
33159,0:2:1;0:2:2;1:1:1;1:3:2,0,3,1,1,1,0,1,1,1,1,1,5,7,1
33160,0:2:1;0:2:2;1:1:1;1:3:2,0,4,1,1,1,0,1,1,1,1,1,5,7,1
33161,0:2:1;0:2:2;1:1:1;1:3:2,0,5,1,1,1,0,1,1,1,1,1,5,7,1
33162,0:2:1;0:2:2;1:1:1;1:3:2,1,0,1,1,0,0,1,1,1,1,1,5,7,14
33163,0:2:1;0:2:2;1:1:1;1:3:2,1,1,1,1,0,0,1,1,1,1,1,5,7,4
33164,0:2:1;0:2:2;1:1:1;1:3:2,1,2,1,1,1,0,1,1,1,1,1,5,7,3
33165,0:2:1;0:2:2;1:1:1;1:3:2,1,3,1,1,1,0,1,1,1,1,1,5,7,1
33166,0:2:1;0:2:2;1:1:1;1:3:2,1,4,1,1,1,0,1,1,1,1,1,5,7,1
33167,0:2:1;0:2:2;1:1:1;1:3:2,1,5,1,1,1,0,1,1,1,1,1,5,7,1
33168,0:2:1;0:2:2;1:1:1;1:3:2,2,0,1,1,0,0,1,1,1,1,1,5,7,14
33169,0:2:1;0:2:2;1:1:1;1:3:2,2,1,1,1,1,0,1,1,1,1,1,5,7,4
33170,0:2:1;0:2:2;1:1:1;1:3:2,2,2,1,1,1,0,1,1,1,1,1,5,7,3
33171,0:2:1;0:2:2;1:1:1;1:3:2,2,3,1,1,1,0,1,1,1,1,1,5,7,1
33172,0:2:1;0:2:2;1:1:1;1:3:2,2,4,1,1,1,0,1,1,1,1,1,5,7,1
33173,0:2:1;0:2:2;1:1:1;1:3:2,2,5,1,1,1,0,1,1,1,1,1,5,7,1
33174,0:2:1;0:2:2;1:1:1;1:3:2,3,0,1,1,1,0,1,1,1,1,1,5,7,14
33175,0:2:1;0:2:2;1:1:1;1:3:2,3,1,1,1,1,0,1,1,1,1,1,5,7,4
33176,0:2:1;0:2:2;1:1:1;1:3:2,3,2,1,1,1,0,1,1,1,1,1,5,7,3
33177,0:2:1;0:2:2;1:1:1;1:3:2,3,3,1,1,1,0,1,1,1,1,1,5,7,1
33178,0:2:1;0:2:2;1:1:1;1:3:2,3,4,1,1,1,0,1,1,1,1,1,5,7,1
33179,0:2:1;0:2:2;1:1:1;1:3:2,3,5,1,1,1,0,1,1,1,1,1,5,7,1
33180,0:2:1;0:2:2;1:1:1;1:3:2,4,0,1,1,1,0,1,1,1,1,1,5,7,14
33181,0:2:1;0:2:2;1:1:1;1:3:2,4,1,1,1,1,0,1,1,1,1,1,5,7,4
33182,0:2:1;0:2:2;1:1:1;1:3:2,4,2,1,1,1,0,1,1,1,1,1,5,7,3
33183,0:2:1;0:2:2;1:1:1;1:3:2,4,3,1,1,1,0,1,1,1,1,1,5,7,1
33184,0:2:1;0:2:2;1:1:1;1:3:2,4,4,1,1,1,0,1,1,1,1,1,5,7,1
33185,0:2:1;0:2:2;1:1:1;1:3:2,4,5,1,1,1,0,1,1,1,1,1,5,7,1
33186,0:2:1;0:2:2;1:1:1;1:3:2,5,0,1,1,1,0,1,1,1,1,1,5,7,14
33187,0:2:1;0:2:2;1:1:1;1:3:2,5,1,1,1,1,0,1,1,1,1,1,5,7,4
33188,0:2:1;0:2:2;1:1:1;1:3:2,5,2,1,1,1,0,1,1,1,1,1,5,7,3
33189,0:2:1;0:2:2;1:1:1;1:3:2,5,3,1,1,1,0,1,1,1,1,1,5,7,1
33190,0:2:1;0:2:2;1:1:1;1:3:2,5,4,1,1,1,0,1,1,1,1,1,5,7,1
33191,0:2:1;0:2:2;1:1:1;1:3:2,5,5,1,1,1,0,1,1,1,1,1,5,7,1
33192,0:2:1;0:2:2;1:1:1;1:3:3,0,0,1,0,0,1,0,0,0,0,0,1,1,24
33193,0:2:1;0:2:2;1:1:1;1:3:3,0,1,1,0,0,1,0,0,0,0,0,3,9,24
33194,0:2:1;0:2:2;1:1:1;1:3:3,0,2,1,1,0,0,1,1,1,1,1,5,8,3
33195,0:2:1;0:2:2;1:1:1;1:3:3,0,3,1,1,0,0,1,1,1,1,1,5,8,1
33196,0:2:1;0:2:2;1:1:1;1:3:3,0,4,1,1,1,0,1,1,1,1,1,5,8,1
33197,0:2:1;0:2:2;1:1:1;1:3:3,0,5,1,1,1,0,1,1,1,1,1,5,8,1
33198,0:2:1;0:2:2;1:1:1;1:3:3,1,0,1,0,0,1,0,0,0,0,0,3,7,24
33199,0:2:1;0:2:2;1:1:1;1:3:3,1,1,1,1,0,1,0,0,1,0,1,6,14,5
33200,0:2:1;0:2:2;1:1:1;1:3:3,1,2,1,1,0,0,1,1,1,1,1,5,8,3
33201,0:2:1;0:2:2;1:1:1;1:3:3,1,3,1,1,1,0,1,1,1,1,1,5,8,1
33202,0:2:1;0:2:2;1:1:1;1:3:3,1,4,1,1,1,0,1,1,1,1,1,5,8,1
33203,0:2:1;0:2:2;1:1:1;1:3:3,1,5,1,1,1,0,1,1,1,1,1,5,8,1
33204,0:2:1;0:2:2;1:1:1;1:3:3,2,0,1,1,0,0,1,1,1,1,1,5,8,14
33205,0:2:1;0:2:2;1:1:1;1:3:3,2,1,1,1,0,0,1,1,1,1,1,5,8,4
33206,0:2:1;0:2:2;1:1:1;1:3:3,2,2,1,1,1,0,1,1,1,1,1,5,8,3
33207,0:2:1;0:2:2;1:1:1;1:3:3,2,3,1,1,1,0,1,1,1,1,1,5,8,1
33208,0:2:1;0:2:2;1:1:1;1:3:3,2,4,1,1,1,0,1,1,1,1,1,5,8,1
33209,0:2:1;0:2:2;1:1:1;1:3:3,2,5,1,1,1,0,1,1,1,1,1,5,8,1
33210,0:2:1;0:2:2;1:1:1;1:3:3,3,0,1,1,0,0,1,1,1,1,1,5,8,14
33211,0:2:1;0:2:2;1:1:1;1:3:3,3,1,1,1,1,0,1,1,1,1,1,5,8,4
33212,0:2:1;0:2:2;1:1:1;1:3:3,3,2,1,1,1,0,1,1,1,1,1,5,8,3
33213,0:2:1;0:2:2;1:1:1;1:3:3,3,3,1,1,1,0,1,1,1,1,1,5,8,1
33214,0:2:1;0:2:2;1:1:1;1:3:3,3,4,1,1,1,0,1,1,1,1,1,5,8,1
33215,0:2:1;0:2:2;1:1:1;1:3:3,3,5,1,1,1,0,1,1,1,1,1,5,8,1
33216,0:2:1;0:2:2;1:1:1;1:3:3,4,0,1,1,1,0,1,1,1,1,1,5,8,14
33217,0:2:1;0:2:2;1:1:1;1:3:3,4,1,1,1,1,0,1,1,1,1,1,5,8,4
33218,0:2:1;0:2:2;1:1:1;1:3:3,4,2,1,1,1,0,1,1,1,1,1,5,8,3
33219,0:2:1;0:2:2;1:1:1;1:3:3,4,3,1,1,1,0,1,1,1,1,1,5,8,1
33220,0:2:1;0:2:2;1:1:1;1:3:3,4,4,1,1,1,0,1,1,1,1,1,5,8,1
33221,0:2:1;0:2:2;1:1:1;1:3:3,4,5,1,1,1,0,1,1,1,1,1,5,8,1
33222,0:2:1;0:2:2;1:1:1;1:3:3,5,0,1,1,1,0,1,1,1,1,1,5,8,14
33223,0:2:1;0:2:2;1:1:1;1:3:3,5,1,1,1,1,0,1,1,1,1,1,5,8,4
33224,0:2:1;0:2:2;1:1:1;1:3:3,5,2,1,1,1,0,1,1,1,1,1,5,8,3
33225,0:2:1;0:2:2;1:1:1;1:3:3,5,3,1,1,1,0,1,1,1,1,1,5,8,1
33226,0:2:1;0:2:2;1:1:1;1:3:3,5,4,1,1,1,0,1,1,1,1,1,5,8,1
33227,0:2:1;0:2:2;1:1:1;1:3:3,5,5,1,1,1,0,1,1,1,1,1,5,8,1
33228,0:2:1;0:2:2;1:1:1;1:4:3,0,0,1,0,0,1,0,0,0,0,0,1,1,24
33229,0:2:1;0:2:2;1:1:1;1:4:3,0,1,1,0,0,1,0,0,0,0,0,3,9,24
33230,0:2:1;0:2:2;1:1:1;1:4:3,0,2,1,1,0,0,1,1,1,1,1,5,8,3
33231,0:2:1;0:2:2;1:1:1;1:4:3,0,3,1,1,0,0,1,1,1,1,1,5,8,1
33232,0:2:1;0:2:2;1:1:1;1:4:3,0,4,1,1,1,0,1,1,1,1,1,5,8,1
33233,0:2:1;0:2:2;1:1:1;1:4:3,0,5,1,1,1,0,1,1,1,1,1,5,8,1
33234,0:2:1;0:2:2;1:1:1;1:4:3,1,0,1,0,0,1,0,0,0,0,0,3,7,24
33235,0:2:1;0:2:2;1:1:1;1:4:3,1,1,1,1,0,1,0,0,1,1,1,6,14,5
33236,0:2:1;0:2:2;1:1:1;1:4:3,1,2,1,1,0,0,1,1,1,1,1,5,8,3
33237,0:2:1;0:2:2;1:1:1;1:4:3,1,3,1,1,1,0,1,1,1,1,1,5,8,1
33238,0:2:1;0:2:2;1:1:1;1:4:3,1,4,1,1,1,0,1,1,1,1,1,5,8,1
33239,0:2:1;0:2:2;1:1:1;1:4:3,1,5,1,1,1,0,1,1,1,1,1,5,8,1
33240,0:2:1;0:2:2;1:1:1;1:4:3,2,0,1,1,0,0,1,1,1,1,1,5,8,14
33241,0:2:1;0:2:2;1:1:1;1:4:3,2,1,1,1,0,0,1,1,1,1,1,5,8,4
33242,0:2:1;0:2:2;1:1:1;1:4:3,2,2,1,1,1,0,1,1,1,1,1,5,8,3
33243,0:2:1;0:2:2;1:1:1;1:4:3,2,3,1,1,1,0,1,1,1,1,1,5,8,1
33244,0:2:1;0:2:2;1:1:1;1:4:3,2,4,1,1,1,0,1,1,1,1,1,5,8,1
33245,0:2:1;0:2:2;1:1:1;1:4:3,2,5,1,1,1,0,1,1,1,1,1,5,8,1
33246,0:2:1;0:2:2;1:1:1;1:4:3,3,0,1,1,0,0,1,1,1,1,1,5,8,14
33247,0:2:1;0:2:2;1:1:1;1:4:3,3,1,1,1,1,0,1,1,1,1,1,5,8,4
33248,0:2:1;0:2:2;1:1:1;1:4:3,3,2,1,1,1,0,1,1,1,1,1,5,8,3
33249,0:2:1;0:2:2;1:1:1;1:4:3,3,3,1,1,1,0,1,1,1,1,1,5,8,1
33250,0:2:1;0:2:2;1:1:1;1:4:3,3,4,1,1,1,0,1,1,1,1,1,5,8,1
33251,0:2:1;0:2:2;1:1:1;1:4:3,3,5,1,1,1,0,1,1,1,1,1,5,8,1
33252,0:2:1;0:2:2;1:1:1;1:4:3,4,0,1,1,1,0,1,1,1,1,1,5,8,14
33253,0:2:1;0:2:2;1:1:1;1:4:3,4,1,1,1,1,0,1,1,1,1,1,5,8,4
33254,0:2:1;0:2:2;1:1:1;1:4:3,4,2,1,1,1,0,1,1,1,1,1,5,8,3
33255,0:2:1;0:2:2;1:1:1;1:4:3,4,3,1,1,1,0,1,1,1,1,1,5,8,1
33256,0:2:1;0:2:2;1:1:1;1:4:3,4,4,1,1,1,0,1,1,1,1,1,5,8,1
33257,0:2:1;0:2:2;1:1:1;1:4:3,4,5,1,1,1,0,1,1,1,1,1,5,8,1
33258,0:2:1;0:2:2;1:1:1;1:4:3,5,0,1,1,1,0,1,1,1,1,1,5,8,14
33259,0:2:1;0:2:2;1:1:1;1:4:3,5,1,1,1,1,0,1,1,1,1,1,5,8,4
33260,0:2:1;0:2:2;1:1:1;1:4:3,5,2,1,1,1,0,1,1,1,1,1,5,8,3
33261,0:2:1;0:2:2;1:1:1;1:4:3,5,3,1,1,1,0,1,1,1,1,1,5,8,1
33262,0:2:1;0:2:2;1:1:1;1:4:3,5,4,1,1,1,0,1,1,1,1,1,5,8,1
33263,0:2:1;0:2:2;1:1:1;1:4:3,5,5,1,1,1,0,1,1,1,1,1,5,8,1
33264,0:2:1;0:2:2;1:2:1;1:2:1,0,0,1,0,0,1,0,0,0,0,0,1,1,24
33265,0:2:1;0:2:2;1:2:1;1:2:1,0,1,1,1,0,0,1,1,1,1,1,5,6,3
33266,0:2:1;0:2:2;1:2:1;1:2:1,0,2,1,1,1,0,1,1,1,1,1,5,6,3
33267,0:2:1;0:2:2;1:2:1;1:2:1,0,3,1,1,1,0,1,1,1,1,1,5,6,1
33268,0:2:1;0:2:2;1:2:1;1:2:1,0,4,1,1,1,0,1,1,1,1,1,5,6,1
33269,0:2:1;0:2:2;1:2:1;1:2:1,0,5,1,1,1,0,1,1,1,1,1,5,6,1
33270,0:2:1;0:2:2;1:2:1;1:2:1,1,0,1,1,0,0,1,1,1,1,1,5,6,14
33271,0:2:1;0:2:2;1:2:1;1:2:1,1,1,1,1,1,0,1,1,1,1,1,5,6,3
33272,0:2:1;0:2:2;1:2:1;1:2:1,1,2,1,1,1,0,1,1,1,1,1,5,6,3
33273,0:2:1;0:2:2;1:2:1;1:2:1,1,3,1,1,1,0,1,1,1,1,1,5,6,1
33274,0:2:1;0:2:2;1:2:1;1:2:1,1,4,1,1,1,0,1,1,1,1,1,5,6,1
33275,0:2:1;0:2:2;1:2:1;1:2:1,1,5,1,1,1,0,1,1,1,1,1,5,6,1
33276,0:2:1;0:2:2;1:2:1;1:2:1,2,0,1,1,1,0,1,1,1,1,1,5,6,14
33277,0:2:1;0:2:2;1:2:1;1:2:1,2,1,1,1,1,0,1,1,1,1,1,5,6,3
33278,0:2:1;0:2:2;1:2:1;1:2:1,2,2,1,1,1,0,1,1,1,1,1,5,6,3
33279,0:2:1;0:2:2;1:2:1;1:2:1,2,3,1,1,1,0,1,1,1,1,1,5,6,1
33280,0:2:1;0:2:2;1:2:1;1:2:1,2,4,1,1,1,0,1,1,1,1,1,5,6,1
33281,0:2:1;0:2:2;1:2:1;1:2:1,2,5,1,1,1,0,1,1,1,1,1,5,6,1
33282,0:2:1;0:2:2;1:2:1;1:2:1,3,0,1,1,1,0,1,1,1,1,1,5,6,14
33283,0:2:1;0:2:2;1:2:1;1:2:1,3,1,1,1,1,0,1,1,1,1,1,5,6,3
33284,0:2:1;0:2:2;1:2:1;1:2:1,3,2,1,1,1,0,1,1,1,1,1,5,6,3
33285,0:2:1;0:2:2;1:2:1;1:2:1,3,3,1,1,1,0,1,1,1,1,1,5,6,1
33286,0:2:1;0:2:2;1:2:1;1:2:1,3,4,1,1,1,0,1,1,1,1,1,5,6,1
33287,0:2:1;0:2:2;1:2:1;1:2:1,3,5,1,1,1,0,1,1,1,1,1,5,6,1
33288,0:2:1;0:2:2;1:2:1;1:2:1,4,0,1,1,1,0,1,1,1,1,1,5,6,14
33289,0:2:1;0:2:2;1:2:1;1:2:1,4,1,1,1,1,0,1,1,1,1,1,5,6,3
33290,0:2:1;0:2:2;1:2:1;1:2:1,4,2,1,1,1,0,1,1,1,1,1,5,6,3
33291,0:2:1;0:2:2;1:2:1;1:2:1,4,3,1,1,1,0,1,1,1,1,1,5,6,1
33292,0:2:1;0:2:2;1:2:1;1:2:1,4,4,1,1,1,0,1,1,1,1,1,5,6,1
33293,0:2:1;0:2:2;1:2:1;1:2:1,4,5,1,1,1,0,1,1,1,1,1,5,6,1
33294,0:2:1;0:2:2;1:2:1;1:2:1,5,0,1,1,1,0,1,1,1,1,1,5,6,14
33295,0:2:1;0:2:2;1:2:1;1:2:1,5,1,1,1,1,0,1,1,1,1,1,5,6,3
33296,0:2:1;0:2:2;1:2:1;1:2:1,5,2,1,1,1,0,1,1,1,1,1,5,6,3
33297,0:2:1;0:2:2;1:2:1;1:2:1,5,3,1,1,1,0,1,1,1,1,1,5,6,1
33298,0:2:1;0:2:2;1:2:1;1:2:1,5,4,1,1,1,0,1,1,1,1,1,5,6,1
33299,0:2:1;0:2:2;1:2:1;1:2:1,5,5,1,1,1,0,1,1,1,1,1,5,6,1
33300,0:2:1;0:2:2;1:2:1;1:2:2,0,0,1,0,0,1,0,0,0,0,0,1,1,24
33301,0:2:1;0:2:2;1:2:1;1:2:2,0,1,1,1,0,0,1,1,1,1,1,5,7,3
33302,0:2:1;0:2:2;1:2:1;1:2:2,0,2,1,1,0,0,1,1,1,1,1,5,7,3
33303,0:2:1;0:2:2;1:2:1;1:2:2,0,3,1,1,1,0,1,1,1,1,1,5,7,1
33304,0:2:1;0:2:2;1:2:1;1:2:2,0,4,1,1,1,0,1,1,1,1,1,5,7,1
33305,0:2:1;0:2:2;1:2:1;1:2:2,0,5,1,1,1,0,1,1,1,1,1,5,7,1
33306,0:2:1;0:2:2;1:2:1;1:2:2,1,0,1,1,0,0,1,1,1,1,1,5,7,14
33307,0:2:1;0:2:2;1:2:1;1:2:2,1,1,1,1,0,0,1,1,1,1,1,5,7,3
33308,0:2:1;0:2:2;1:2:1;1:2:2,1,2,1,1,1,0,1,1,1,1,1,5,7,3
33309,0:2:1;0:2:2;1:2:1;1:2:2,1,3,1,1,1,0,1,1,1,1,1,5,7,1
33310,0:2:1;0:2:2;1:2:1;1:2:2,1,4,1,1,1,0,1,1,1,1,1,5,7,1
33311,0:2:1;0:2:2;1:2:1;1:2:2,1,5,1,1,1,0,1,1,1,1,1,5,7,1
33312,0:2:1;0:2:2;1:2:1;1:2:2,2,0,1,1,0,0,1,1,1,1,1,5,7,14
33313,0:2:1;0:2:2;1:2:1;1:2:2,2,1,1,1,1,0,1,1,1,1,1,5,7,3
33314,0:2:1;0:2:2;1:2:1;1:2:2,2,2,1,1,1,0,1,1,1,1,1,5,7,3
33315,0:2:1;0:2:2;1:2:1;1:2:2,2,3,1,1,1,0,1,1,1,1,1,5,7,1
33316,0:2:1;0:2:2;1:2:1;1:2:2,2,4,1,1,1,0,1,1,1,1,1,5,7,1
33317,0:2:1;0:2:2;1:2:1;1:2:2,2,5,1,1,1,0,1,1,1,1,1,5,7,1
33318,0:2:1;0:2:2;1:2:1;1:2:2,3,0,1,1,1,0,1,1,1,1,1,5,7,14
33319,0:2:1;0:2:2;1:2:1;1:2:2,3,1,1,1,1,0,1,1,1,1,1,5,7,3
33320,0:2:1;0:2:2;1:2:1;1:2:2,3,2,1,1,1,0,1,1,1,1,1,5,7,3
33321,0:2:1;0:2:2;1:2:1;1:2:2,3,3,1,1,1,0,1,1,1,1,1,5,7,1
33322,0:2:1;0:2:2;1:2:1;1:2:2,3,4,1,1,1,0,1,1,1,1,1,5,7,1
33323,0:2:1;0:2:2;1:2:1;1:2:2,3,5,1,1,1,0,1,1,1,1,1,5,7,1
33324,0:2:1;0:2:2;1:2:1;1:2:2,4,0,1,1,1,0,1,1,1,1,1,5,7,14
33325,0:2:1;0:2:2;1:2:1;1:2:2,4,1,1,1,1,0,1,1,1,1,1,5,7,3
33326,0:2:1;0:2:2;1:2:1;1:2:2,4,2,1,1,1,0,1,1,1,1,1,5,7,3
33327,0:2:1;0:2:2;1:2:1;1:2:2,4,3,1,1,1,0,1,1,1,1,1,5,7,1
33328,0:2:1;0:2:2;1:2:1;1:2:2,4,4,1,1,1,0,1,1,1,1,1,5,7,1
33329,0:2:1;0:2:2;1:2:1;1:2:2,4,5,1,1,1,0,1,1,1,1,1,5,7,1
33330,0:2:1;0:2:2;1:2:1;1:2:2,5,0,1,1,1,0,1,1,1,1,1,5,7,14
33331,0:2:1;0:2:2;1:2:1;1:2:2,5,1,1,1,1,0,1,1,1,1,1,5,7,3
33332,0:2:1;0:2:2;1:2:1;1:2:2,5,2,1,1,1,0,1,1,1,1,1,5,7,3
33333,0:2:1;0:2:2;1:2:1;1:2:2,5,3,1,1,1,0,1,1,1,1,1,5,7,1
33334,0:2:1;0:2:2;1:2:1;1:2:2,5,4,1,1,1,0,1,1,1,1,1,5,7,1
33335,0:2:1;0:2:2;1:2:1;1:2:2,5,5,1,1,1,0,1,1,1,1,1,5,7,1
33336,0:2:1;0:2:2;1:2:1;1:3:2,0,0,1,0,0,1,0,0,0,0,0,1,1,24
33337,0:2:1;0:2:2;1:2:1;1:3:2,0,1,1,1,0,0,1,1,1,1,1,5,7,3
33338,0:2:1;0:2:2;1:2:1;1:3:2,0,2,1,1,0,0,1,1,1,1,1,5,7,3
33339,0:2:1;0:2:2;1:2:1;1:3:2,0,3,1,1,1,0,1,1,1,1,1,5,7,1
33340,0:2:1;0:2:2;1:2:1;1:3:2,0,4,1,1,1,0,1,1,1,1,1,5,7,1
33341,0:2:1;0:2:2;1:2:1;1:3:2,0,5,1,1,1,0,1,1,1,1,1,5,7,1
33342,0:2:1;0:2:2;1:2:1;1:3:2,1,0,1,1,0,0,1,1,1,1,1,5,7,14
33343,0:2:1;0:2:2;1:2:1;1:3:2,1,1,1,1,0,0,1,1,1,1,1,5,7,3
33344,0:2:1;0:2:2;1:2:1;1:3:2,1,2,1,1,1,0,1,1,1,1,1,5,7,3
33345,0:2:1;0:2:2;1:2:1;1:3:2,1,3,1,1,1,0,1,1,1,1,1,5,7,1
33346,0:2:1;0:2:2;1:2:1;1:3:2,1,4,1,1,1,0,1,1,1,1,1,5,7,1
33347,0:2:1;0:2:2;1:2:1;1:3:2,1,5,1,1,1,0,1,1,1,1,1,5,7,1
33348,0:2:1;0:2:2;1:2:1;1:3:2,2,0,1,1,0,0,1,1,1,1,1,5,7,14
33349,0:2:1;0:2:2;1:2:1;1:3:2,2,1,1,1,1,0,1,1,1,1,1,5,7,3
33350,0:2:1;0:2:2;1:2:1;1:3:2,2,2,1,1,1,0,1,1,1,1,1,5,7,3
33351,0:2:1;0:2:2;1:2:1;1:3:2,2,3,1,1,1,0,1,1,1,1,1,5,7,1
33352,0:2:1;0:2:2;1:2:1;1:3:2,2,4,1,1,1,0,1,1,1,1,1,5,7,1
33353,0:2:1;0:2:2;1:2:1;1:3:2,2,5,1,1,1,0,1,1,1,1,1,5,7,1
33354,0:2:1;0:2:2;1:2:1;1:3:2,3,0,1,1,1,0,1,1,1,1,1,5,7,14
33355,0:2:1;0:2:2;1:2:1;1:3:2,3,1,1,1,1,0,1,1,1,1,1,5,7,3
33356,0:2:1;0:2:2;1:2:1;1:3:2,3,2,1,1,1,0,1,1,1,1,1,5,7,3
33357,0:2:1;0:2:2;1:2:1;1:3:2,3,3,1,1,1,0,1,1,1,1,1,5,7,1
33358,0:2:1;0:2:2;1:2:1;1:3:2,3,4,1,1,1,0,1,1,1,1,1,5,7,1
33359,0:2:1;0:2:2;1:2:1;1:3:2,3,5,1,1,1,0,1,1,1,1,1,5,7,1
33360,0:2:1;0:2:2;1:2:1;1:3:2,4,0,1,1,1,0,1,1,1,1,1,5,7,14
33361,0:2:1;0:2:2;1:2:1;1:3:2,4,1,1,1,1,0,1,1,1,1,1,5,7,3
33362,0:2:1;0:2:2;1:2:1;1:3:2,4,2,1,1,1,0,1,1,1,1,1,5,7,3
33363,0:2:1;0:2:2;1:2:1;1:3:2,4,3,1,1,1,0,1,1,1,1,1,5,7,1
33364,0:2:1;0:2:2;1:2:1;1:3:2,4,4,1,1,1,0,1,1,1,1,1,5,7,1
33365,0:2:1;0:2:2;1:2:1;1:3:2,4,5,1,1,1,0,1,1,1,1,1,5,7,1
33366,0:2:1;0:2:2;1:2:1;1:3:2,5,0,1,1,1,0,1,1,1,1,1,5,7,14
33367,0:2:1;0:2:2;1:2:1;1:3:2,5,1,1,1,1,0,1,1,1,1,1,5,7,3
33368,0:2:1;0:2:2;1:2:1;1:3:2,5,2,1,1,1,0,1,1,1,1,1,5,7,3
33369,0:2:1;0:2:2;1:2:1;1:3:2,5,3,1,1,1,0,1,1,1,1,1,5,7,1
33370,0:2:1;0:2:2;1:2:1;1:3:2,5,4,1,1,1,0,1,1,1,1,1,5,7,1
33371,0:2:1;0:2:2;1:2:1;1:3:2,5,5,1,1,1,0,1,1,1,1,1,5,7,1
33372,0:2:1;0:2:2;1:2:1;1:3:3,0,0,1,0,0,1,0,0,0,0,0,1,1,24
33373,0:2:1;0:2:2;1:2:1;1:3:3,0,1,1,1,0,0,1,1,1,1,1,5,8,3
33374,0:2:1;0:2:2;1:2:1;1:3:3,0,2,1,1,0,0,1,1,1,1,1,5,8,3
33375,0:2:1;0:2:2;1:2:1;1:3:3,0,3,1,1,0,0,1,1,1,1,1,5,8,1
33376,0:2:1;0:2:2;1:2:1;1:3:3,0,4,1,1,1,0,1,1,1,1,1,5,8,1
33377,0:2:1;0:2:2;1:2:1;1:3:3,0,5,1,1,1,0,1,1,1,1,1,5,8,1
33378,0:2:1;0:2:2;1:2:1;1:3:3,1,0,1,0,0,1,0,0,0,0,0,4,13,24
33379,0:2:1;0:2:2;1:2:1;1:3:3,1,1,1,1,0,0,1,1,1,1,1,5,8,3
33380,0:2:1;0:2:2;1:2:1;1:3:3,1,2,1,1,0,0,1,1,1,1,1,5,8,3
33381,0:2:1;0:2:2;1:2:1;1:3:3,1,3,1,1,1,0,1,1,1,1,1,5,8,1
33382,0:2:1;0:2:2;1:2:1;1:3:3,1,4,1,1,1,0,1,1,1,1,1,5,8,1
33383,0:2:1;0:2:2;1:2:1;1:3:3,1,5,1,1,1,0,1,1,1,1,1,5,8,1
33384,0:2:1;0:2:2;1:2:1;1:3:3,2,0,1,1,0,0,1,1,1,1,1,5,8,14
33385,0:2:1;0:2:2;1:2:1;1:3:3,2,1,1,1,0,0,1,1,1,1,1,5,8,3
33386,0:2:1;0:2:2;1:2:1;1:3:3,2,2,1,1,1,0,1,1,1,1,1,5,8,3
33387,0:2:1;0:2:2;1:2:1;1:3:3,2,3,1,1,1,0,1,1,1,1,1,5,8,1
33388,0:2:1;0:2:2;1:2:1;1:3:3,2,4,1,1,1,0,1,1,1,1,1,5,8,1
33389,0:2:1;0:2:2;1:2:1;1:3:3,2,5,1,1,1,0,1,1,1,1,1,5,8,1
33390,0:2:1;0:2:2;1:2:1;1:3:3,3,0,1,1,0,0,1,1,1,1,1,5,8,14
33391,0:2:1;0:2:2;1:2:1;1:3:3,3,1,1,1,1,0,1,1,1,1,1,5,8,3
33392,0:2:1;0:2:2;1:2:1;1:3:3,3,2,1,1,1,0,1,1,1,1,1,5,8,3
33393,0:2:1;0:2:2;1:2:1;1:3:3,3,3,1,1,1,0,1,1,1,1,1,5,8,1
33394,0:2:1;0:2:2;1:2:1;1:3:3,3,4,1,1,1,0,1,1,1,1,1,5,8,1
33395,0:2:1;0:2:2;1:2:1;1:3:3,3,5,1,1,1,0,1,1,1,1,1,5,8,1
33396,0:2:1;0:2:2;1:2:1;1:3:3,4,0,1,1,1,0,1,1,1,1,1,5,8,14
33397,0:2:1;0:2:2;1:2:1;1:3:3,4,1,1,1,1,0,1,1,1,1,1,5,8,3
33398,0:2:1;0:2:2;1:2:1;1:3:3,4,2,1,1,1,0,1,1,1,1,1,5,8,3
33399,0:2:1;0:2:2;1:2:1;1:3:3,4,3,1,1,1,0,1,1,1,1,1,5,8,1
33400,0:2:1;0:2:2;1:2:1;1:3:3,4,4,1,1,1,0,1,1,1,1,1,5,8,1
33401,0:2:1;0:2:2;1:2:1;1:3:3,4,5,1,1,1,0,1,1,1,1,1,5,8,1
33402,0:2:1;0:2:2;1:2:1;1:3:3,5,0,1,1,1,0,1,1,1,1,1,5,8,14
33403,0:2:1;0:2:2;1:2:1;1:3:3,5,1,1,1,1,0,1,1,1,1,1,5,8,3
33404,0:2:1;0:2:2;1:2:1;1:3:3,5,2,1,1,1,0,1,1,1,1,1,5,8,3
33405,0:2:1;0:2:2;1:2:1;1:3:3,5,3,1,1,1,0,1,1,1,1,1,5,8,1
33406,0:2:1;0:2:2;1:2:1;1:3:3,5,4,1,1,1,0,1,1,1,1,1,5,8,1
33407,0:2:1;0:2:2;1:2:1;1:3:3,5,5,1,1,1,0,1,1,1,1,1,5,8,1
33408,0:2:1;0:2:2;1:2:1;1:4:3,0,0,1,0,0,1,0,0,0,0,0,1,1,24
33409,0:2:1;0:2:2;1:2:1;1:4:3,0,1,1,1,0,0,1,1,1,1,1,5,8,3
33410,0:2:1;0:2:2;1:2:1;1:4:3,0,2,1,1,0,0,1,1,1,1,1,5,8,3
33411,0:2:1;0:2:2;1:2:1;1:4:3,0,3,1,1,0,0,1,1,1,1,1,5,8,1
33412,0:2:1;0:2:2;1:2:1;1:4:3,0,4,1,1,1,0,1,1,1,1,1,5,8,1
33413,0:2:1;0:2:2;1:2:1;1:4:3,0,5,1,1,1,0,1,1,1,1,1,5,8,1
33414,0:2:1;0:2:2;1:2:1;1:4:3,1,0,1,0,0,1,0,0,0,0,0,4,13,24
33415,0:2:1;0:2:2;1:2:1;1:4:3,1,1,1,1,0,0,1,1,1,1,1,5,8,3
33416,0:2:1;0:2:2;1:2:1;1:4:3,1,2,1,1,0,0,1,1,1,1,1,5,8,3
33417,0:2:1;0:2:2;1:2:1;1:4:3,1,3,1,1,1,0,1,1,1,1,1,5,8,1
33418,0:2:1;0:2:2;1:2:1;1:4:3,1,4,1,1,1,0,1,1,1,1,1,5,8,1
33419,0:2:1;0:2:2;1:2:1;1:4:3,1,5,1,1,1,0,1,1,1,1,1,5,8,1
33420,0:2:1;0:2:2;1:2:1;1:4:3,2,0,1,1,0,0,1,1,1,1,1,5,8,14
33421,0:2:1;0:2:2;1:2:1;1:4:3,2,1,1,1,0,0,1,1,1,1,1,5,8,3
33422,0:2:1;0:2:2;1:2:1;1:4:3,2,2,1,1,1,0,1,1,1,1,1,5,8,3
33423,0:2:1;0:2:2;1:2:1;1:4:3,2,3,1,1,1,0,1,1,1,1,1,5,8,1
33424,0:2:1;0:2:2;1:2:1;1:4:3,2,4,1,1,1,0,1,1,1,1,1,5,8,1
33425,0:2:1;0:2:2;1:2:1;1:4:3,2,5,1,1,1,0,1,1,1,1,1,5,8,1
33426,0:2:1;0:2:2;1:2:1;1:4:3,3,0,1,1,0,0,1,1,1,1,1,5,8,14
33427,0:2:1;0:2:2;1:2:1;1:4:3,3,1,1,1,1,0,1,1,1,1,1,5,8,3
33428,0:2:1;0:2:2;1:2:1;1:4:3,3,2,1,1,1,0,1,1,1,1,1,5,8,3
33429,0:2:1;0:2:2;1:2:1;1:4:3,3,3,1,1,1,0,1,1,1,1,1,5,8,1
33430,0:2:1;0:2:2;1:2:1;1:4:3,3,4,1,1,1,0,1,1,1,1,1,5,8,1
33431,0:2:1;0:2:2;1:2:1;1:4:3,3,5,1,1,1,0,1,1,1,1,1,5,8,1
33432,0:2:1;0:2:2;1:2:1;1:4:3,4,0,1,1,1,0,1,1,1,1,1,5,8,14
33433,0:2:1;0:2:2;1:2:1;1:4:3,4,1,1,1,1,0,1,1,1,1,1,5,8,3
33434,0:2:1;0:2:2;1:2:1;1:4:3,4,2,1,1,1,0,1,1,1,1,1,5,8,3
33435,0:2:1;0:2:2;1:2:1;1:4:3,4,3,1,1,1,0,1,1,1,1,1,5,8,1
33436,0:2:1;0:2:2;1:2:1;1:4:3,4,4,1,1,1,0,1,1,1,1,1,5,8,1
33437,0:2:1;0:2:2;1:2:1;1:4:3,4,5,1,1,1,0,1,1,1,1,1,5,8,1
33438,0:2:1;0:2:2;1:2:1;1:4:3,5,0,1,1,1,0,1,1,1,1,1,5,8,14
33439,0:2:1;0:2:2;1:2:1;1:4:3,5,1,1,1,1,0,1,1,1,1,1,5,8,3
33440,0:2:1;0:2:2;1:2:1;1:4:3,5,2,1,1,1,0,1,1,1,1,1,5,8,3
33441,0:2:1;0:2:2;1:2:1;1:4:3,5,3,1,1,1,0,1,1,1,1,1,5,8,1
33442,0:2:1;0:2:2;1:2:1;1:4:3,5,4,1,1,1,0,1,1,1,1,1,5,8,1
33443,0:2:1;0:2:2;1:2:1;1:4:3,5,5,1,1,1,0,1,1,1,1,1,5,8,1
33444,0:2:1;0:2:2;1:2:2;1:2:2,0,0,1,0,0,1,0,0,0,0,0,1,1,24
33445,0:2:1;0:2:2;1:2:2;1:2:2,0,1,1,1,0,0,1,1,1,1,1,5,8,3
33446,0:2:1;0:2:2;1:2:2;1:2:2,0,2,1,1,0,0,1,1,1,1,1,5,8,3
33447,0:2:1;0:2:2;1:2:2;1:2:2,0,3,1,1,1,0,1,1,1,1,1,5,8,1
33448,0:2:1;0:2:2;1:2:2;1:2:2,0,4,1,1,1,0,1,1,1,1,1,5,8,1
33449,0:2:1;0:2:2;1:2:2;1:2:2,0,5,1,1,1,0,1,1,1,1,1,5,8,1
33450,0:2:1;0:2:2;1:2:2;1:2:2,1,0,1,0,0,1,0,0,0,0,0,1,3,24
33451,0:2:1;0:2:2;1:2:2;1:2:2,1,1,1,1,0,0,1,1,1,1,1,5,8,3
33452,0:2:1;0:2:2;1:2:2;1:2:2,1,2,1,1,1,0,1,1,1,1,1,5,8,3
33453,0:2:1;0:2:2;1:2:2;1:2:2,1,3,1,1,1,0,1,1,1,1,1,5,8,1
33454,0:2:1;0:2:2;1:2:2;1:2:2,1,4,1,1,1,0,1,1,1,1,1,5,8,1
33455,0:2:1;0:2:2;1:2:2;1:2:2,1,5,1,1,1,0,1,1,1,1,1,5,8,1
33456,0:2:1;0:2:2;1:2:2;1:2:2,2,0,1,1,0,0,1,1,1,1,1,5,8,14
33457,0:2:1;0:2:2;1:2:2;1:2:2,2,1,1,1,1,0,1,1,1,1,1,5,8,3
33458,0:2:1;0:2:2;1:2:2;1:2:2,2,2,1,1,1,0,1,1,1,1,1,5,8,3
33459,0:2:1;0:2:2;1:2:2;1:2:2,2,3,1,1,1,0,1,1,1,1,1,5,8,1
33460,0:2:1;0:2:2;1:2:2;1:2:2,2,4,1,1,1,0,1,1,1,1,1,5,8,1
33461,0:2:1;0:2:2;1:2:2;1:2:2,2,5,1,1,1,0,1,1,1,1,1,5,8,1
33462,0:2:1;0:2:2;1:2:2;1:2:2,3,0,1,1,1,0,1,1,1,1,1,5,8,14
33463,0:2:1;0:2:2;1:2:2;1:2:2,3,1,1,1,1,0,1,1,1,1,1,5,8,3
33464,0:2:1;0:2:2;1:2:2;1:2:2,3,2,1,1,1,0,1,1,1,1,1,5,8,3
33465,0:2:1;0:2:2;1:2:2;1:2:2,3,3,1,1,1,0,1,1,1,1,1,5,8,1
33466,0:2:1;0:2:2;1:2:2;1:2:2,3,4,1,1,1,0,1,1,1,1,1,5,8,1
33467,0:2:1;0:2:2;1:2:2;1:2:2,3,5,1,1,1,0,1,1,1,1,1,5,8,1
33468,0:2:1;0:2:2;1:2:2;1:2:2,4,0,1,1,1,0,1,1,1,1,1,5,8,14
33469,0:2:1;0:2:2;1:2:2;1:2:2,4,1,1,1,1,0,1,1,1,1,1,5,8,3
33470,0:2:1;0:2:2;1:2:2;1:2:2,4,2,1,1,1,0,1,1,1,1,1,5,8,3
33471,0:2:1;0:2:2;1:2:2;1:2:2,4,3,1,1,1,0,1,1,1,1,1,5,8,1
33472,0:2:1;0:2:2;1:2:2;1:2:2,4,4,1,1,1,0,1,1,1,1,1,5,8,1
33473,0:2:1;0:2:2;1:2:2;1:2:2,4,5,1,1,1,0,1,1,1,1,1,5,8,1
33474,0:2:1;0:2:2;1:2:2;1:2:2,5,0,1,1,1,0,1,1,1,1,1,5,8,14
33475,0:2:1;0:2:2;1:2:2;1:2:2,5,1,1,1,1,0,1,1,1,1,1,5,8,3
33476,0:2:1;0:2:2;1:2:2;1:2:2,5,2,1,1,1,0,1,1,1,1,1,5,8,3
33477,0:2:1;0:2:2;1:2:2;1:2:2,5,3,1,1,1,0,1,1,1,1,1,5,8,1
33478,0:2:1;0:2:2;1:2:2;1:2:2,5,4,1,1,1,0,1,1,1,1,1,5,8,1
33479,0:2:1;0:2:2;1:2:2;1:2:2,5,5,1,1,1,0,1,1,1,1,1,5,8,1
33480,0:2:1;0:2:2;1:2:2;1:3:2,0,0,1,0,0,1,0,0,0,0,0,1,1,24
33481,0:2:1;0:2:2;1:2:2;1:3:2,0,1,1,1,0,0,1,1,1,1,1,5,8,3
33482,0:2:1;0:2:2;1:2:2;1:3:2,0,2,1,1,0,0,1,1,1,1,1,5,8,3
33483,0:2:1;0:2:2;1:2:2;1:3:2,0,3,1,1,1,0,1,1,1,1,1,5,8,1
33484,0:2:1;0:2:2;1:2:2;1:3:2,0,4,1,1,1,0,1,1,1,1,1,5,8,1
33485,0:2:1;0:2:2;1:2:2;1:3:2,0,5,1,1,1,0,1,1,1,1,1,5,8,1
33486,0:2:1;0:2:2;1:2:2;1:3:2,1,0,1,0,0,1,0,0,0,0,0,1,3,24
33487,0:2:1;0:2:2;1:2:2;1:3:2,1,1,1,1,0,0,1,1,1,1,1,5,8,3
33488,0:2:1;0:2:2;1:2:2;1:3:2,1,2,1,1,1,0,1,1,1,1,1,5,8,3
33489,0:2:1;0:2:2;1:2:2;1:3:2,1,3,1,1,1,0,1,1,1,1,1,5,8,1
33490,0:2:1;0:2:2;1:2:2;1:3:2,1,4,1,1,1,0,1,1,1,1,1,5,8,1
33491,0:2:1;0:2:2;1:2:2;1:3:2,1,5,1,1,1,0,1,1,1,1,1,5,8,1
33492,0:2:1;0:2:2;1:2:2;1:3:2,2,0,1,1,0,0,1,1,1,1,1,5,8,14
33493,0:2:1;0:2:2;1:2:2;1:3:2,2,1,1,1,1,0,1,1,1,1,1,5,8,3
33494,0:2:1;0:2:2;1:2:2;1:3:2,2,2,1,1,1,0,1,1,1,1,1,5,8,3
33495,0:2:1;0:2:2;1:2:2;1:3:2,2,3,1,1,1,0,1,1,1,1,1,5,8,1
33496,0:2:1;0:2:2;1:2:2;1:3:2,2,4,1,1,1,0,1,1,1,1,1,5,8,1
33497,0:2:1;0:2:2;1:2:2;1:3:2,2,5,1,1,1,0,1,1,1,1,1,5,8,1
33498,0:2:1;0:2:2;1:2:2;1:3:2,3,0,1,1,1,0,1,1,1,1,1,5,8,14
33499,0:2:1;0:2:2;1:2:2;1:3:2,3,1,1,1,1,0,1,1,1,1,1,5,8,3
33500,0:2:1;0:2:2;1:2:2;1:3:2,3,2,1,1,1,0,1,1,1,1,1,5,8,3
33501,0:2:1;0:2:2;1:2:2;1:3:2,3,3,1,1,1,0,1,1,1,1,1,5,8,1
33502,0:2:1;0:2:2;1:2:2;1:3:2,3,4,1,1,1,0,1,1,1,1,1,5,8,1
33503,0:2:1;0:2:2;1:2:2;1:3:2,3,5,1,1,1,0,1,1,1,1,1,5,8,1
33504,0:2:1;0:2:2;1:2:2;1:3:2,4,0,1,1,1,0,1,1,1,1,1,5,8,14
33505,0:2:1;0:2:2;1:2:2;1:3:2,4,1,1,1,1,0,1,1,1,1,1,5,8,3
33506,0:2:1;0:2:2;1:2:2;1:3:2,4,2,1,1,1,0,1,1,1,1,1,5,8,3
33507,0:2:1;0:2:2;1:2:2;1:3:2,4,3,1,1,1,0,1,1,1,1,1,5,8,1
33508,0:2:1;0:2:2;1:2:2;1:3:2,4,4,1,1,1,0,1,1,1,1,1,5,8,1
33509,0:2:1;0:2:2;1:2:2;1:3:2,4,5,1,1,1,0,1,1,1,1,1,5,8,1
33510,0:2:1;0:2:2;1:2:2;1:3:2,5,0,1,1,1,0,1,1,1,1,1,5,8,14
33511,0:2:1;0:2:2;1:2:2;1:3:2,5,1,1,1,1,0,1,1,1,1,1,5,8,3
33512,0:2:1;0:2:2;1:2:2;1:3:2,5,2,1,1,1,0,1,1,1,1,1,5,8,3
33513,0:2:1;0:2:2;1:2:2;1:3:2,5,3,1,1,1,0,1,1,1,1,1,5,8,1
33514,0:2:1;0:2:2;1:2:2;1:3:2,5,4,1,1,1,0,1,1,1,1,1,5,8,1
33515,0:2:1;0:2:2;1:2:2;1:3:2,5,5,1,1,1,0,1,1,1,1,1,5,8,1
33516,0:2:1;0:2:2;1:2:2;1:3:3,0,0,0,0,0,1,0,0,0,0,0,0,1,24
33517,0:2:1;0:2:2;1:2:2;1:3:3,0,1,0,0,0,1,0,0,0,0,0,0,12,24
33518,0:2:1;0:2:2;1:2:2;1:3:3,0,2,0,0,0,1,0,0,0,0,0,0,23,24
33519,0:2:1;0:2:2;1:2:2;1:3:3,0,3,0,0,0,1,0,0,0,0,0,0,31,24
33520,0:2:1;0:2:2;1:2:2;1:3:3,0,4,0,0,0,1,0,0,0,0,0,0,31,24
33521,0:2:1;0:2:2;1:2:2;1:3:3,0,5,0,0,0,1,0,0,0,0,0,0,31,24
33522,0:2:1;0:2:2;1:2:2;1:3:3,1,0,1,0,0,1,0,0,0,0,0,1,3,24
33523,0:2:1;0:2:2;1:2:2;1:3:3,1,1,1,1,0,0,1,1,1,1,1,5,9,3
33524,0:2:1;0:2:2;1:2:2;1:3:3,1,2,1,1,0,0,1,1,1,1,1,5,9,3
33525,0:2:1;0:2:2;1:2:2;1:3:3,1,3,1,1,1,0,1,1,1,1,1,5,9,1
33526,0:2:1;0:2:2;1:2:2;1:3:3,1,4,1,1,1,0,1,1,1,1,1,5,9,1
33527,0:2:1;0:2:2;1:2:2;1:3:3,1,5,1,1,1,0,1,1,1,1,1,5,9,1
33528,0:2:1;0:2:2;1:2:2;1:3:3,2,0,1,0,0,1,0,0,0,0,0,4,16,24
33529,0:2:1;0:2:2;1:2:2;1:3:3,2,1,1,1,0,0,1,1,1,1,1,5,9,3
33530,0:2:1;0:2:2;1:2:2;1:3:3,2,2,1,1,1,0,1,1,1,1,1,5,9,3
33531,0:2:1;0:2:2;1:2:2;1:3:3,2,3,1,1,1,0,1,1,1,1,1,5,9,1
33532,0:2:1;0:2:2;1:2:2;1:3:3,2,4,1,1,1,0,1,1,1,1,1,5,9,1
33533,0:2:1;0:2:2;1:2:2;1:3:3,2,5,1,1,1,0,1,1,1,1,1,5,9,1
33534,0:2:1;0:2:2;1:2:2;1:3:3,3,0,1,1,0,0,1,1,1,1,1,5,9,14
33535,0:2:1;0:2:2;1:2:2;1:3:3,3,1,1,1,1,0,1,1,1,1,1,5,9,3
33536,0:2:1;0:2:2;1:2:2;1:3:3,3,2,1,1,1,0,1,1,1,1,1,5,9,3
33537,0:2:1;0:2:2;1:2:2;1:3:3,3,3,1,1,1,0,1,1,1,1,1,5,9,1
33538,0:2:1;0:2:2;1:2:2;1:3:3,3,4,1,1,1,0,1,1,1,1,1,5,9,1
33539,0:2:1;0:2:2;1:2:2;1:3:3,3,5,1,1,1,0,1,1,1,1,1,5,9,1
33540,0:2:1;0:2:2;1:2:2;1:3:3,4,0,1,1,1,0,1,1,1,1,1,5,9,14
33541,0:2:1;0:2:2;1:2:2;1:3:3,4,1,1,1,1,0,1,1,1,1,1,5,9,3
33542,0:2:1;0:2:2;1:2:2;1:3:3,4,2,1,1,1,0,1,1,1,1,1,5,9,3
33543,0:2:1;0:2:2;1:2:2;1:3:3,4,3,1,1,1,0,1,1,1,1,1,5,9,1
33544,0:2:1;0:2:2;1:2:2;1:3:3,4,4,1,1,1,0,1,1,1,1,1,5,9,1
33545,0:2:1;0:2:2;1:2:2;1:3:3,4,5,1,1,1,0,1,1,1,1,1,5,9,1
33546,0:2:1;0:2:2;1:2:2;1:3:3,5,0,1,1,1,0,1,1,1,1,1,5,9,14
33547,0:2:1;0:2:2;1:2:2;1:3:3,5,1,1,1,1,0,1,1,1,1,1,5,9,3
33548,0:2:1;0:2:2;1:2:2;1:3:3,5,2,1,1,1,0,1,1,1,1,1,5,9,3
33549,0:2:1;0:2:2;1:2:2;1:3:3,5,3,1,1,1,0,1,1,1,1,1,5,9,1
33550,0:2:1;0:2:2;1:2:2;1:3:3,5,4,1,1,1,0,1,1,1,1,1,5,9,1
33551,0:2:1;0:2:2;1:2:2;1:3:3,5,5,1,1,1,0,1,1,1,1,1,5,9,1
33552,0:2:1;0:2:2;1:2:2;1:4:3,0,0,0,0,0,1,0,0,0,0,0,0,1,24
33553,0:2:1;0:2:2;1:2:2;1:4:3,0,1,0,0,0,1,0,0,0,0,0,0,12,24
33554,0:2:1;0:2:2;1:2:2;1:4:3,0,2,0,0,0,1,0,0,0,0,0,0,23,24
33555,0:2:1;0:2:2;1:2:2;1:4:3,0,3,0,0,0,1,0,0,0,0,0,0,31,24
33556,0:2:1;0:2:2;1:2:2;1:4:3,0,4,0,0,0,1,0,0,0,0,0,0,31,24
33557,0:2:1;0:2:2;1:2:2;1:4:3,0,5,0,0,0,1,0,0,0,0,0,0,31,24
33558,0:2:1;0:2:2;1:2:2;1:4:3,1,0,1,0,0,1,0,0,0,0,0,1,3,24
33559,0:2:1;0:2:2;1:2:2;1:4:3,1,1,1,1,0,0,1,1,1,1,1,5,9,3
33560,0:2:1;0:2:2;1:2:2;1:4:3,1,2,1,1,0,0,1,1,1,1,1,5,9,3
33561,0:2:1;0:2:2;1:2:2;1:4:3,1,3,1,1,1,0,1,1,1,1,1,5,9,1
33562,0:2:1;0:2:2;1:2:2;1:4:3,1,4,1,1,1,0,1,1,1,1,1,5,9,1
33563,0:2:1;0:2:2;1:2:2;1:4:3,1,5,1,1,1,0,1,1,1,1,1,5,9,1
33564,0:2:1;0:2:2;1:2:2;1:4:3,2,0,1,0,0,1,0,0,0,0,0,4,16,24
33565,0:2:1;0:2:2;1:2:2;1:4:3,2,1,1,1,0,0,1,1,1,1,1,5,9,3
33566,0:2:1;0:2:2;1:2:2;1:4:3,2,2,1,1,1,0,1,1,1,1,1,5,9,3
33567,0:2:1;0:2:2;1:2:2;1:4:3,2,3,1,1,1,0,1,1,1,1,1,5,9,1
33568,0:2:1;0:2:2;1:2:2;1:4:3,2,4,1,1,1,0,1,1,1,1,1,5,9,1
33569,0:2:1;0:2:2;1:2:2;1:4:3,2,5,1,1,1,0,1,1,1,1,1,5,9,1
33570,0:2:1;0:2:2;1:2:2;1:4:3,3,0,1,1,0,0,1,1,1,1,1,5,9,14
33571,0:2:1;0:2:2;1:2:2;1:4:3,3,1,1,1,1,0,1,1,1,1,1,5,9,3
33572,0:2:1;0:2:2;1:2:2;1:4:3,3,2,1,1,1,0,1,1,1,1,1,5,9,3
33573,0:2:1;0:2:2;1:2:2;1:4:3,3,3,1,1,1,0,1,1,1,1,1,5,9,1
33574,0:2:1;0:2:2;1:2:2;1:4:3,3,4,1,1,1,0,1,1,1,1,1,5,9,1
33575,0:2:1;0:2:2;1:2:2;1:4:3,3,5,1,1,1,0,1,1,1,1,1,5,9,1
33576,0:2:1;0:2:2;1:2:2;1:4:3,4,0,1,1,1,0,1,1,1,1,1,5,9,14
33577,0:2:1;0:2:2;1:2:2;1:4:3,4,1,1,1,1,0,1,1,1,1,1,5,9,3
33578,0:2:1;0:2:2;1:2:2;1:4:3,4,2,1,1,1,0,1,1,1,1,1,5,9,3
33579,0:2:1;0:2:2;1:2:2;1:4:3,4,3,1,1,1,0,1,1,1,1,1,5,9,1
33580,0:2:1;0:2:2;1:2:2;1:4:3,4,4,1,1,1,0,1,1,1,1,1,5,9,1
33581,0:2:1;0:2:2;1:2:2;1:4:3,4,5,1,1,1,0,1,1,1,1,1,5,9,1
33582,0:2:1;0:2:2;1:2:2;1:4:3,5,0,1,1,1,0,1,1,1,1,1,5,9,14
33583,0:2:1;0:2:2;1:2:2;1:4:3,5,1,1,1,1,0,1,1,1,1,1,5,9,3
33584,0:2:1;0:2:2;1:2:2;1:4:3,5,2,1,1,1,0,1,1,1,1,1,5,9,3
33585,0:2:1;0:2:2;1:2:2;1:4:3,5,3,1,1,1,0,1,1,1,1,1,5,9,1
33586,0:2:1;0:2:2;1:2:2;1:4:3,5,4,1,1,1,0,1,1,1,1,1,5,9,1
33587,0:2:1;0:2:2;1:2:2;1:4:3,5,5,1,1,1,0,1,1,1,1,1,5,9,1
33588,0:2:1;0:2:2;1:3:2;1:3:2,0,0,1,0,0,1,0,0,0,0,0,1,1,24
33589,0:2:1;0:2:2;1:3:2;1:3:2,0,1,1,1,0,0,1,1,1,1,1,5,8,3
33590,0:2:1;0:2:2;1:3:2;1:3:2,0,2,1,1,0,0,1,1,1,1,1,5,8,3
33591,0:2:1;0:2:2;1:3:2;1:3:2,0,3,1,1,1,0,1,1,1,1,1,5,8,1
33592,0:2:1;0:2:2;1:3:2;1:3:2,0,4,1,1,1,0,1,1,1,1,1,5,8,1
33593,0:2:1;0:2:2;1:3:2;1:3:2,0,5,1,1,1,0,1,1,1,1,1,5,8,1
33594,0:2:1;0:2:2;1:3:2;1:3:2,1,0,1,0,0,1,0,0,0,0,0,1,3,24
33595,0:2:1;0:2:2;1:3:2;1:3:2,1,1,1,1,0,0,1,1,1,1,1,5,8,3
33596,0:2:1;0:2:2;1:3:2;1:3:2,1,2,1,1,1,0,1,1,1,1,1,5,8,3
33597,0:2:1;0:2:2;1:3:2;1:3:2,1,3,1,1,1,0,1,1,1,1,1,5,8,1
33598,0:2:1;0:2:2;1:3:2;1:3:2,1,4,1,1,1,0,1,1,1,1,1,5,8,1
33599,0:2:1;0:2:2;1:3:2;1:3:2,1,5,1,1,1,0,1,1,1,1,1,5,8,1
33600,0:2:1;0:2:2;1:3:2;1:3:2,2,0,1,1,0,0,1,1,1,1,1,5,8,13
33601,0:2:1;0:2:2;1:3:2;1:3:2,2,1,1,1,1,0,1,1,1,1,1,5,8,3
33602,0:2:1;0:2:2;1:3:2;1:3:2,2,2,1,1,1,0,1,1,1,1,1,5,8,3
33603,0:2:1;0:2:2;1:3:2;1:3:2,2,3,1,1,1,0,1,1,1,1,1,5,8,1
33604,0:2:1;0:2:2;1:3:2;1:3:2,2,4,1,1,1,0,1,1,1,1,1,5,8,1
33605,0:2:1;0:2:2;1:3:2;1:3:2,2,5,1,1,1,0,1,1,1,1,1,5,8,1
33606,0:2:1;0:2:2;1:3:2;1:3:2,3,0,1,1,1,0,1,1,1,1,1,5,8,13
33607,0:2:1;0:2:2;1:3:2;1:3:2,3,1,1,1,1,0,1,1,1,1,1,5,8,3
33608,0:2:1;0:2:2;1:3:2;1:3:2,3,2,1,1,1,0,1,1,1,1,1,5,8,3
33609,0:2:1;0:2:2;1:3:2;1:3:2,3,3,1,1,1,0,1,1,1,1,1,5,8,1
33610,0:2:1;0:2:2;1:3:2;1:3:2,3,4,1,1,1,0,1,1,1,1,1,5,8,1
33611,0:2:1;0:2:2;1:3:2;1:3:2,3,5,1,1,1,0,1,1,1,1,1,5,8,1
33612,0:2:1;0:2:2;1:3:2;1:3:2,4,0,1,1,1,0,1,1,1,1,1,5,8,13
33613,0:2:1;0:2:2;1:3:2;1:3:2,4,1,1,1,1,0,1,1,1,1,1,5,8,3
33614,0:2:1;0:2:2;1:3:2;1:3:2,4,2,1,1,1,0,1,1,1,1,1,5,8,3
33615,0:2:1;0:2:2;1:3:2;1:3:2,4,3,1,1,1,0,1,1,1,1,1,5,8,1
33616,0:2:1;0:2:2;1:3:2;1:3:2,4,4,1,1,1,0,1,1,1,1,1,5,8,1
33617,0:2:1;0:2:2;1:3:2;1:3:2,4,5,1,1,1,0,1,1,1,1,1,5,8,1
33618,0:2:1;0:2:2;1:3:2;1:3:2,5,0,1,1,1,0,1,1,1,1,1,5,8,13
33619,0:2:1;0:2:2;1:3:2;1:3:2,5,1,1,1,1,0,1,1,1,1,1,5,8,3
33620,0:2:1;0:2:2;1:3:2;1:3:2,5,2,1,1,1,0,1,1,1,1,1,5,8,3
33621,0:2:1;0:2:2;1:3:2;1:3:2,5,3,1,1,1,0,1,1,1,1,1,5,8,1
33622,0:2:1;0:2:2;1:3:2;1:3:2,5,4,1,1,1,0,1,1,1,1,1,5,8,1
33623,0:2:1;0:2:2;1:3:2;1:3:2,5,5,1,1,1,0,1,1,1,1,1,5,8,1
33624,0:2:1;0:2:2;1:3:2;1:3:3,0,0,0,0,0,1,0,0,0,0,0,0,1,24
33625,0:2:1;0:2:2;1:3:2;1:3:3,0,1,0,0,0,1,0,0,0,0,0,0,12,24
33626,0:2:1;0:2:2;1:3:2;1:3:3,0,2,0,0,0,1,0,0,0,0,0,0,23,24
33627,0:2:1;0:2:2;1:3:2;1:3:3,0,3,0,0,0,1,0,0,0,0,0,0,31,24
33628,0:2:1;0:2:2;1:3:2;1:3:3,0,4,0,0,0,1,0,0,0,0,0,0,31,24
33629,0:2:1;0:2:2;1:3:2;1:3:3,0,5,0,0,0,1,0,0,0,0,0,0,31,24
33630,0:2:1;0:2:2;1:3:2;1:3:3,1,0,1,0,0,1,0,0,0,0,0,1,3,24
33631,0:2:1;0:2:2;1:3:2;1:3:3,1,1,1,1,0,0,1,1,1,1,1,5,9,3
33632,0:2:1;0:2:2;1:3:2;1:3:3,1,2,1,1,0,0,1,1,1,1,1,5,9,3
33633,0:2:1;0:2:2;1:3:2;1:3:3,1,3,1,1,1,0,1,1,1,1,1,5,9,1
33634,0:2:1;0:2:2;1:3:2;1:3:3,1,4,1,1,1,0,1,1,1,1,1,5,9,1
33635,0:2:1;0:2:2;1:3:2;1:3:3,1,5,1,1,1,0,1,1,1,1,1,5,9,1
33636,0:2:1;0:2:2;1:3:2;1:3:3,2,0,1,1,0,0,1,1,1,1,1,5,9,13
33637,0:2:1;0:2:2;1:3:2;1:3:3,2,1,1,1,0,0,1,1,1,1,1,5,9,3
33638,0:2:1;0:2:2;1:3:2;1:3:3,2,2,1,1,1,0,1,1,1,1,1,5,9,3
33639,0:2:1;0:2:2;1:3:2;1:3:3,2,3,1,1,1,0,1,1,1,1,1,5,9,1
33640,0:2:1;0:2:2;1:3:2;1:3:3,2,4,1,1,1,0,1,1,1,1,1,5,9,1
33641,0:2:1;0:2:2;1:3:2;1:3:3,2,5,1,1,1,0,1,1,1,1,1,5,9,1
33642,0:2:1;0:2:2;1:3:2;1:3:3,3,0,1,1,0,0,1,1,1,1,1,5,9,13
33643,0:2:1;0:2:2;1:3:2;1:3:3,3,1,1,1,1,0,1,1,1,1,1,5,9,3
33644,0:2:1;0:2:2;1:3:2;1:3:3,3,2,1,1,1,0,1,1,1,1,1,5,9,3
33645,0:2:1;0:2:2;1:3:2;1:3:3,3,3,1,1,1,0,1,1,1,1,1,5,9,1
33646,0:2:1;0:2:2;1:3:2;1:3:3,3,4,1,1,1,0,1,1,1,1,1,5,9,1
33647,0:2:1;0:2:2;1:3:2;1:3:3,3,5,1,1,1,0,1,1,1,1,1,5,9,1
33648,0:2:1;0:2:2;1:3:2;1:3:3,4,0,1,1,1,0,1,1,1,1,1,5,9,13
33649,0:2:1;0:2:2;1:3:2;1:3:3,4,1,1,1,1,0,1,1,1,1,1,5,9,3
33650,0:2:1;0:2:2;1:3:2;1:3:3,4,2,1,1,1,0,1,1,1,1,1,5,9,3
33651,0:2:1;0:2:2;1:3:2;1:3:3,4,3,1,1,1,0,1,1,1,1,1,5,9,1
33652,0:2:1;0:2:2;1:3:2;1:3:3,4,4,1,1,1,0,1,1,1,1,1,5,9,1
33653,0:2:1;0:2:2;1:3:2;1:3:3,4,5,1,1,1,0,1,1,1,1,1,5,9,1
33654,0:2:1;0:2:2;1:3:2;1:3:3,5,0,1,1,1,0,1,1,1,1,1,5,9,13
33655,0:2:1;0:2:2;1:3:2;1:3:3,5,1,1,1,1,0,1,1,1,1,1,5,9,3
33656,0:2:1;0:2:2;1:3:2;1:3:3,5,2,1,1,1,0,1,1,1,1,1,5,9,3
33657,0:2:1;0:2:2;1:3:2;1:3:3,5,3,1,1,1,0,1,1,1,1,1,5,9,1
33658,0:2:1;0:2:2;1:3:2;1:3:3,5,4,1,1,1,0,1,1,1,1,1,5,9,1
33659,0:2:1;0:2:2;1:3:2;1:3:3,5,5,1,1,1,0,1,1,1,1,1,5,9,1
33660,0:2:1;0:2:2;1:3:2;1:4:3,0,0,0,0,0,1,0,0,0,0,0,0,1,24
33661,0:2:1;0:2:2;1:3:2;1:4:3,0,1,0,0,0,1,0,0,0,0,0,0,12,24
33662,0:2:1;0:2:2;1:3:2;1:4:3,0,2,0,0,0,1,0,0,0,0,0,0,23,24
33663,0:2:1;0:2:2;1:3:2;1:4:3,0,3,0,0,0,1,0,0,0,0,0,0,31,24
33664,0:2:1;0:2:2;1:3:2;1:4:3,0,4,0,0,0,1,0,0,0,0,0,0,31,24
33665,0:2:1;0:2:2;1:3:2;1:4:3,0,5,0,0,0,1,0,0,0,0,0,0,31,24
33666,0:2:1;0:2:2;1:3:2;1:4:3,1,0,1,0,0,1,0,0,0,0,0,1,3,24
33667,0:2:1;0:2:2;1:3:2;1:4:3,1,1,1,1,0,0,1,1,1,1,1,5,9,3
33668,0:2:1;0:2:2;1:3:2;1:4:3,1,2,1,1,0,0,1,1,1,1,1,5,9,3
33669,0:2:1;0:2:2;1:3:2;1:4:3,1,3,1,1,1,0,1,1,1,1,1,5,9,1
33670,0:2:1;0:2:2;1:3:2;1:4:3,1,4,1,1,1,0,1,1,1,1,1,5,9,1
33671,0:2:1;0:2:2;1:3:2;1:4:3,1,5,1,1,1,0,1,1,1,1,1,5,9,1
33672,0:2:1;0:2:2;1:3:2;1:4:3,2,0,1,1,0,0,1,1,1,1,1,5,9,13
33673,0:2:1;0:2:2;1:3:2;1:4:3,2,1,1,1,0,0,1,1,1,1,1,5,9,3
33674,0:2:1;0:2:2;1:3:2;1:4:3,2,2,1,1,1,0,1,1,1,1,1,5,9,3
33675,0:2:1;0:2:2;1:3:2;1:4:3,2,3,1,1,1,0,1,1,1,1,1,5,9,1
33676,0:2:1;0:2:2;1:3:2;1:4:3,2,4,1,1,1,0,1,1,1,1,1,5,9,1
33677,0:2:1;0:2:2;1:3:2;1:4:3,2,5,1,1,1,0,1,1,1,1,1,5,9,1
33678,0:2:1;0:2:2;1:3:2;1:4:3,3,0,1,1,0,0,1,1,1,1,1,5,9,13
33679,0:2:1;0:2:2;1:3:2;1:4:3,3,1,1,1,1,0,1,1,1,1,1,5,9,3
33680,0:2:1;0:2:2;1:3:2;1:4:3,3,2,1,1,1,0,1,1,1,1,1,5,9,3
33681,0:2:1;0:2:2;1:3:2;1:4:3,3,3,1,1,1,0,1,1,1,1,1,5,9,1
33682,0:2:1;0:2:2;1:3:2;1:4:3,3,4,1,1,1,0,1,1,1,1,1,5,9,1
33683,0:2:1;0:2:2;1:3:2;1:4:3,3,5,1,1,1,0,1,1,1,1,1,5,9,1
33684,0:2:1;0:2:2;1:3:2;1:4:3,4,0,1,1,1,0,1,1,1,1,1,5,9,13
33685,0:2:1;0:2:2;1:3:2;1:4:3,4,1,1,1,1,0,1,1,1,1,1,5,9,3
33686,0:2:1;0:2:2;1:3:2;1:4:3,4,2,1,1,1,0,1,1,1,1,1,5,9,3
33687,0:2:1;0:2:2;1:3:2;1:4:3,4,3,1,1,1,0,1,1,1,1,1,5,9,1
33688,0:2:1;0:2:2;1:3:2;1:4:3,4,4,1,1,1,0,1,1,1,1,1,5,9,1
33689,0:2:1;0:2:2;1:3:2;1:4:3,4,5,1,1,1,0,1,1,1,1,1,5,9,1
33690,0:2:1;0:2:2;1:3:2;1:4:3,5,0,1,1,1,0,1,1,1,1,1,5,9,13
33691,0:2:1;0:2:2;1:3:2;1:4:3,5,1,1,1,1,0,1,1,1,1,1,5,9,3
33692,0:2:1;0:2:2;1:3:2;1:4:3,5,2,1,1,1,0,1,1,1,1,1,5,9,3
33693,0:2:1;0:2:2;1:3:2;1:4:3,5,3,1,1,1,0,1,1,1,1,1,5,9,1
33694,0:2:1;0:2:2;1:3:2;1:4:3,5,4,1,1,1,0,1,1,1,1,1,5,9,1
33695,0:2:1;0:2:2;1:3:2;1:4:3,5,5,1,1,1,0,1,1,1,1,1,5,9,1
33696,0:2:1;0:2:2;1:3:3;1:3:3,0,0,0,0,0,1,0,0,0,0,0,0,1,24
33697,0:2:1;0:2:2;1:3:3;1:3:3,0,1,0,0,0,1,0,0,0,0,0,0,8,24
33698,0:2:1;0:2:2;1:3:3;1:3:3,0,2,0,0,0,1,0,0,0,0,0,0,20,24
33699,0:2:1;0:2:2;1:3:3;1:3:3,0,3,0,0,0,1,0,0,0,0,0,0,33,24
33700,0:2:1;0:2:2;1:3:3;1:3:3,0,4,0,0,0,1,0,0,0,0,0,0,33,24
33701,0:2:1;0:2:2;1:3:3;1:3:3,0,5,0,0,0,1,0,0,0,0,0,0,33,24
33702,0:2:1;0:2:2;1:3:3;1:3:3,1,0,0,0,0,1,0,0,0,0,0,0,3,24
33703,0:2:1;0:2:2;1:3:3;1:3:3,1,1,0,0,0,1,0,0,0,0,0,0,24,24
33704,0:2:1;0:2:2;1:3:3;1:3:3,1,2,0,0,0,1,0,0,0,0,0,0,42,24
33705,0:2:1;0:2:2;1:3:3;1:3:3,1,3,0,0,0,1,0,0,0,0,0,0,51,24
33706,0:2:1;0:2:2;1:3:3;1:3:3,1,4,0,0,0,1,0,0,0,0,0,0,51,24
33707,0:2:1;0:2:2;1:3:3;1:3:3,1,5,0,0,0,1,0,0,0,0,0,0,51,24
33708,0:2:1;0:2:2;1:3:3;1:3:3,2,0,1,0,0,1,0,0,0,0,0,1,6,24
33709,0:2:1;0:2:2;1:3:3;1:3:3,2,1,1,1,0,0,1,1,1,1,1,5,10,3
33710,0:2:1;0:2:2;1:3:3;1:3:3,2,2,1,1,1,0,1,1,1,1,1,5,10,3
33711,0:2:1;0:2:2;1:3:3;1:3:3,2,3,1,1,1,0,1,1,1,1,1,5,10,1
33712,0:2:1;0:2:2;1:3:3;1:3:3,2,4,1,1,1,0,1,1,1,1,1,5,10,1
33713,0:2:1;0:2:2;1:3:3;1:3:3,2,5,1,1,1,0,1,1,1,1,1,5,10,1
33714,0:2:1;0:2:2;1:3:3;1:3:3,3,0,1,1,0,0,1,1,1,1,1,5,10,13
33715,0:2:1;0:2:2;1:3:3;1:3:3,3,1,1,1,1,0,1,1,1,1,1,5,10,3
33716,0:2:1;0:2:2;1:3:3;1:3:3,3,2,1,1,1,0,1,1,1,1,1,5,10,3
33717,0:2:1;0:2:2;1:3:3;1:3:3,3,3,1,1,1,0,1,1,1,1,1,5,10,1
33718,0:2:1;0:2:2;1:3:3;1:3:3,3,4,1,1,1,0,1,1,1,1,1,5,10,1
33719,0:2:1;0:2:2;1:3:3;1:3:3,3,5,1,1,1,0,1,1,1,1,1,5,10,1
33720,0:2:1;0:2:2;1:3:3;1:3:3,4,0,1,1,1,0,1,1,1,1,1,5,10,13
33721,0:2:1;0:2:2;1:3:3;1:3:3,4,1,1,1,1,0,1,1,1,1,1,5,10,3
33722,0:2:1;0:2:2;1:3:3;1:3:3,4,2,1,1,1,0,1,1,1,1,1,5,10,3
33723,0:2:1;0:2:2;1:3:3;1:3:3,4,3,1,1,1,0,1,1,1,1,1,5,10,1
33724,0:2:1;0:2:2;1:3:3;1:3:3,4,4,1,1,1,0,1,1,1,1,1,5,10,1
33725,0:2:1;0:2:2;1:3:3;1:3:3,4,5,1,1,1,0,1,1,1,1,1,5,10,1
33726,0:2:1;0:2:2;1:3:3;1:3:3,5,0,1,1,1,0,1,1,1,1,1,5,10,13
33727,0:2:1;0:2:2;1:3:3;1:3:3,5,1,1,1,1,0,1,1,1,1,1,5,10,3
33728,0:2:1;0:2:2;1:3:3;1:3:3,5,2,1,1,1,0,1,1,1,1,1,5,10,3
33729,0:2:1;0:2:2;1:3:3;1:3:3,5,3,1,1,1,0,1,1,1,1,1,5,10,1
33730,0:2:1;0:2:2;1:3:3;1:3:3,5,4,1,1,1,0,1,1,1,1,1,5,10,1
33731,0:2:1;0:2:2;1:3:3;1:3:3,5,5,1,1,1,0,1,1,1,1,1,5,10,1
33732,0:2:1;0:2:2;1:3:3;1:4:3,0,0,0,0,0,1,0,0,0,0,0,0,1,24
33733,0:2:1;0:2:2;1:3:3;1:4:3,0,1,0,0,0,1,0,0,0,0,0,0,8,24
33734,0:2:1;0:2:2;1:3:3;1:4:3,0,2,0,0,0,1,0,0,0,0,0,0,20,24
33735,0:2:1;0:2:2;1:3:3;1:4:3,0,3,0,0,0,1,0,0,0,0,0,0,33,24
33736,0:2:1;0:2:2;1:3:3;1:4:3,0,4,0,0,0,1,0,0,0,0,0,0,33,24
33737,0:2:1;0:2:2;1:3:3;1:4:3,0,5,0,0,0,1,0,0,0,0,0,0,33,24
33738,0:2:1;0:2:2;1:3:3;1:4:3,1,0,0,0,0,1,0,0,0,0,0,0,3,24
33739,0:2:1;0:2:2;1:3:3;1:4:3,1,1,0,0,0,1,0,0,0,0,0,0,24,24
33740,0:2:1;0:2:2;1:3:3;1:4:3,1,2,0,0,0,1,0,0,0,0,0,0,42,24
33741,0:2:1;0:2:2;1:3:3;1:4:3,1,3,0,0,0,1,0,0,0,0,0,0,51,24
33742,0:2:1;0:2:2;1:3:3;1:4:3,1,4,0,0,0,1,0,0,0,0,0,0,51,24
33743,0:2:1;0:2:2;1:3:3;1:4:3,1,5,0,0,0,1,0,0,0,0,0,0,51,24
33744,0:2:1;0:2:2;1:3:3;1:4:3,2,0,1,0,0,1,0,0,0,0,0,1,6,24
33745,0:2:1;0:2:2;1:3:3;1:4:3,2,1,1,1,0,0,1,1,1,1,1,5,10,3
33746,0:2:1;0:2:2;1:3:3;1:4:3,2,2,1,1,1,0,1,1,1,1,1,5,10,3
33747,0:2:1;0:2:2;1:3:3;1:4:3,2,3,1,1,1,0,1,1,1,1,1,5,10,1
33748,0:2:1;0:2:2;1:3:3;1:4:3,2,4,1,1,1,0,1,1,1,1,1,5,10,1
33749,0:2:1;0:2:2;1:3:3;1:4:3,2,5,1,1,1,0,1,1,1,1,1,5,10,1
33750,0:2:1;0:2:2;1:3:3;1:4:3,3,0,1,1,0,0,1,1,1,1,1,5,10,13
33751,0:2:1;0:2:2;1:3:3;1:4:3,3,1,1,1,1,0,1,1,1,1,1,5,10,3
33752,0:2:1;0:2:2;1:3:3;1:4:3,3,2,1,1,1,0,1,1,1,1,1,5,10,3
33753,0:2:1;0:2:2;1:3:3;1:4:3,3,3,1,1,1,0,1,1,1,1,1,5,10,1
33754,0:2:1;0:2:2;1:3:3;1:4:3,3,4,1,1,1,0,1,1,1,1,1,5,10,1
33755,0:2:1;0:2:2;1:3:3;1:4:3,3,5,1,1,1,0,1,1,1,1,1,5,10,1
33756,0:2:1;0:2:2;1:3:3;1:4:3,4,0,1,1,1,0,1,1,1,1,1,5,10,13
33757,0:2:1;0:2:2;1:3:3;1:4:3,4,1,1,1,1,0,1,1,1,1,1,5,10,3
33758,0:2:1;0:2:2;1:3:3;1:4:3,4,2,1,1,1,0,1,1,1,1,1,5,10,3
33759,0:2:1;0:2:2;1:3:3;1:4:3,4,3,1,1,1,0,1,1,1,1,1,5,10,1
33760,0:2:1;0:2:2;1:3:3;1:4:3,4,4,1,1,1,0,1,1,1,1,1,5,10,1
33761,0:2:1;0:2:2;1:3:3;1:4:3,4,5,1,1,1,0,1,1,1,1,1,5,10,1
33762,0:2:1;0:2:2;1:3:3;1:4:3,5,0,1,1,1,0,1,1,1,1,1,5,10,13
33763,0:2:1;0:2:2;1:3:3;1:4:3,5,1,1,1,1,0,1,1,1,1,1,5,10,3
33764,0:2:1;0:2:2;1:3:3;1:4:3,5,2,1,1,1,0,1,1,1,1,1,5,10,3
33765,0:2:1;0:2:2;1:3:3;1:4:3,5,3,1,1,1,0,1,1,1,1,1,5,10,1
33766,0:2:1;0:2:2;1:3:3;1:4:3,5,4,1,1,1,0,1,1,1,1,1,5,10,1
33767,0:2:1;0:2:2;1:3:3;1:4:3,5,5,1,1,1,0,1,1,1,1,1,5,10,1
33768,0:2:1;0:2:2;1:4:3;1:4:3,0,0,0,0,0,1,0,0,0,0,0,0,1,24
33769,0:2:1;0:2:2;1:4:3;1:4:3,0,1,0,0,0,1,0,0,0,0,0,0,8,24
33770,0:2:1;0:2:2;1:4:3;1:4:3,0,2,0,0,0,1,0,0,0,0,0,0,20,24
33771,0:2:1;0:2:2;1:4:3;1:4:3,0,3,0,0,0,1,0,0,0,0,0,0,33,24
33772,0:2:1;0:2:2;1:4:3;1:4:3,0,4,0,0,0,1,0,0,0,0,0,0,33,24
33773,0:2:1;0:2:2;1:4:3;1:4:3,0,5,0,0,0,1,0,0,0,0,0,0,33,24
33774,0:2:1;0:2:2;1:4:3;1:4:3,1,0,0,0,0,1,0,0,0,0,0,0,3,24
33775,0:2:1;0:2:2;1:4:3;1:4:3,1,1,0,0,0,1,0,0,0,0,0,0,24,24
33776,0:2:1;0:2:2;1:4:3;1:4:3,1,2,0,0,0,1,0,0,0,0,0,0,42,24
33777,0:2:1;0:2:2;1:4:3;1:4:3,1,3,0,0,0,1,0,0,0,0,0,0,51,24
33778,0:2:1;0:2:2;1:4:3;1:4:3,1,4,0,0,0,1,0,0,0,0,0,0,51,24
33779,0:2:1;0:2:2;1:4:3;1:4:3,1,5,0,0,0,1,0,0,0,0,0,0,51,24
33780,0:2:1;0:2:2;1:4:3;1:4:3,2,0,1,0,0,1,0,0,0,0,0,1,6,24
33781,0:2:1;0:2:2;1:4:3;1:4:3,2,1,1,1,0,0,1,1,1,1,1,5,10,3
33782,0:2:1;0:2:2;1:4:3;1:4:3,2,2,1,1,1,0,1,1,1,1,1,5,10,3
33783,0:2:1;0:2:2;1:4:3;1:4:3,2,3,1,1,1,0,1,1,1,1,1,5,10,1
33784,0:2:1;0:2:2;1:4:3;1:4:3,2,4,1,1,1,0,1,1,1,1,1,5,10,1
33785,0:2:1;0:2:2;1:4:3;1:4:3,2,5,1,1,1,0,1,1,1,1,1,5,10,1
33786,0:2:1;0:2:2;1:4:3;1:4:3,3,0,1,1,0,0,1,1,1,1,1,5,10,13
33787,0:2:1;0:2:2;1:4:3;1:4:3,3,1,1,1,1,0,1,1,1,1,1,5,10,3
33788,0:2:1;0:2:2;1:4:3;1:4:3,3,2,1,1,1,0,1,1,1,1,1,5,10,3
33789,0:2:1;0:2:2;1:4:3;1:4:3,3,3,1,1,1,0,1,1,1,1,1,5,10,1
33790,0:2:1;0:2:2;1:4:3;1:4:3,3,4,1,1,1,0,1,1,1,1,1,5,10,1
33791,0:2:1;0:2:2;1:4:3;1:4:3,3,5,1,1,1,0,1,1,1,1,1,5,10,1
33792,0:2:1;0:2:2;1:4:3;1:4:3,4,0,1,1,1,0,1,1,1,1,1,5,10,13
33793,0:2:1;0:2:2;1:4:3;1:4:3,4,1,1,1,1,0,1,1,1,1,1,5,10,3
33794,0:2:1;0:2:2;1:4:3;1:4:3,4,2,1,1,1,0,1,1,1,1,1,5,10,3
33795,0:2:1;0:2:2;1:4:3;1:4:3,4,3,1,1,1,0,1,1,1,1,1,5,10,1
33796,0:2:1;0:2:2;1:4:3;1:4:3,4,4,1,1,1,0,1,1,1,1,1,5,10,1
33797,0:2:1;0:2:2;1:4:3;1:4:3,4,5,1,1,1,0,1,1,1,1,1,5,10,1
33798,0:2:1;0:2:2;1:4:3;1:4:3,5,0,1,1,1,0,1,1,1,1,1,5,10,13
33799,0:2:1;0:2:2;1:4:3;1:4:3,5,1,1,1,1,0,1,1,1,1,1,5,10,3
33800,0:2:1;0:2:2;1:4:3;1:4:3,5,2,1,1,1,0,1,1,1,1,1,5,10,3
33801,0:2:1;0:2:2;1:4:3;1:4:3,5,3,1,1,1,0,1,1,1,1,1,5,10,1
33802,0:2:1;0:2:2;1:4:3;1:4:3,5,4,1,1,1,0,1,1,1,1,1,5,10,1
33803,0:2:1;0:2:2;1:4:3;1:4:3,5,5,1,1,1,0,1,1,1,1,1,5,10,1
33804,0:2:1;0:3:2;0:3:2;0:3:2,0,0,0,0,0,1,0,0,0,0,0,0,1,24
33805,0:2:1;0:3:2;0:3:2;0:3:2,0,1,0,0,0,1,0,0,0,0,0,0,5,24
33806,0:2:1;0:3:2;0:3:2;0:3:2,0,2,0,0,0,1,0,0,0,0,0,0,14,24
33807,0:2:1;0:3:2;0:3:2;0:3:2,0,3,0,0,0,1,0,0,0,0,0,0,27,24
33808,0:2:1;0:3:2;0:3:2;0:3:2,0,4,0,0,0,1,0,0,0,0,0,0,40,24
33809,0:2:1;0:3:2;0:3:2;0:3:2,0,5,0,0,0,1,0,0,0,0,0,0,49,24
33810,0:2:1;0:3:2;0:3:2;0:3:2,1,0,0,0,0,1,0,0,0,0,0,0,1,24
33811,0:2:1;0:3:2;0:3:2;0:3:2,1,1,0,0,0,1,0,0,0,0,0,0,5,24
33812,0:2:1;0:3:2;0:3:2;0:3:2,1,2,0,0,0,1,0,0,0,0,0,0,14,24
33813,0:2:1;0:3:2;0:3:2;0:3:2,1,3,0,0,0,1,0,0,0,0,0,0,27,24
33814,0:2:1;0:3:2;0:3:2;0:3:2,1,4,0,0,0,1,0,0,0,0,0,0,40,24
33815,0:2:1;0:3:2;0:3:2;0:3:2,1,5,0,0,0,1,0,0,0,0,0,0,49,24
33816,0:2:1;0:3:2;0:3:2;0:3:2,2,0,0,0,0,1,0,0,0,0,0,0,1,24
33817,0:2:1;0:3:2;0:3:2;0:3:2,2,1,0,0,0,1,0,0,0,0,0,0,5,24
33818,0:2:1;0:3:2;0:3:2;0:3:2,2,2,0,0,0,1,0,0,0,0,0,0,14,24
33819,0:2:1;0:3:2;0:3:2;0:3:2,2,3,0,0,0,1,0,0,0,0,0,0,27,24
33820,0:2:1;0:3:2;0:3:2;0:3:2,2,4,0,0,0,1,0,0,0,0,0,0,40,24
33821,0:2:1;0:3:2;0:3:2;0:3:2,2,5,0,0,0,1,0,0,0,0,0,0,49,24
33822,0:2:1;0:3:2;0:3:2;0:3:2,3,0,0,0,0,1,0,0,0,0,0,0,1,24
33823,0:2:1;0:3:2;0:3:2;0:3:2,3,1,0,0,0,1,0,0,0,0,0,0,5,24
33824,0:2:1;0:3:2;0:3:2;0:3:2,3,2,0,0,0,1,0,0,0,0,0,0,14,24
33825,0:2:1;0:3:2;0:3:2;0:3:2,3,3,0,0,0,1,0,0,0,0,0,0,27,24
33826,0:2:1;0:3:2;0:3:2;0:3:2,3,4,0,0,0,1,0,0,0,0,0,0,40,24
33827,0:2:1;0:3:2;0:3:2;0:3:2,3,5,0,0,0,1,0,0,0,0,0,0,49,24
33828,0:2:1;0:3:2;0:3:2;0:3:2,4,0,0,0,0,1,0,0,0,0,0,0,1,24
33829,0:2:1;0:3:2;0:3:2;0:3:2,4,1,0,0,0,1,0,0,0,0,0,0,5,24
33830,0:2:1;0:3:2;0:3:2;0:3:2,4,2,0,0,0,1,0,0,0,0,0,0,14,24
33831,0:2:1;0:3:2;0:3:2;0:3:2,4,3,0,0,0,1,0,0,0,0,0,0,27,24
33832,0:2:1;0:3:2;0:3:2;0:3:2,4,4,0,0,0,1,0,0,0,0,0,0,40,24
33833,0:2:1;0:3:2;0:3:2;0:3:2,4,5,0,0,0,1,0,0,0,0,0,0,49,24
33834,0:2:1;0:3:2;0:3:2;0:3:2,5,0,0,0,0,1,0,0,0,0,0,0,1,24
33835,0:2:1;0:3:2;0:3:2;0:3:2,5,1,0,0,0,1,0,0,0,0,0,0,5,24
33836,0:2:1;0:3:2;0:3:2;0:3:2,5,2,0,0,0,1,0,0,0,0,0,0,14,24
33837,0:2:1;0:3:2;0:3:2;0:3:2,5,3,0,0,0,1,0,0,0,0,0,0,27,24
33838,0:2:1;0:3:2;0:3:2;0:3:2,5,4,0,0,0,1,0,0,0,0,0,0,40,24
33839,0:2:1;0:3:2;0:3:2;0:3:2,5,5,0,0,0,1,0,0,0,0,0,0,49,24
33840,0:2:1;0:3:2;0:3:2;0:3:3,0,0,0,0,0,1,0,0,0,0,0,0,1,24
33841,0:2:1;0:3:2;0:3:2;0:3:3,0,1,0,0,0,1,0,0,0,0,0,0,5,24
33842,0:2:1;0:3:2;0:3:2;0:3:3,0,2,0,0,0,1,0,0,0,0,0,0,14,24
33843,0:2:1;0:3:2;0:3:2;0:3:3,0,3,0,0,0,1,0,0,0,0,0,0,28,24
33844,0:2:1;0:3:2;0:3:2;0:3:3,0,4,0,0,0,1,0,0,0,0,0,0,44,24
33845,0:2:1;0:3:2;0:3:2;0:3:3,0,5,0,0,0,1,0,0,0,0,0,0,58,24
33846,0:2:1;0:3:2;0:3:2;0:3:3,1,0,0,0,0,1,0,0,0,0,0,0,1,24
33847,0:2:1;0:3:2;0:3:2;0:3:3,1,1,0,0,0,1,0,0,0,0,0,0,5,24
33848,0:2:1;0:3:2;0:3:2;0:3:3,1,2,0,0,0,1,0,0,0,0,0,0,14,24
33849,0:2:1;0:3:2;0:3:2;0:3:3,1,3,0,0,0,1,0,0,0,0,0,0,28,24
33850,0:2:1;0:3:2;0:3:2;0:3:3,1,4,0,0,0,1,0,0,0,0,0,0,44,24
33851,0:2:1;0:3:2;0:3:2;0:3:3,1,5,0,0,0,1,0,0,0,0,0,0,58,24
33852,0:2:1;0:3:2;0:3:2;0:3:3,2,0,0,0,0,1,0,0,0,0,0,0,1,24
33853,0:2:1;0:3:2;0:3:2;0:3:3,2,1,0,0,0,1,0,0,0,0,0,0,5,24
33854,0:2:1;0:3:2;0:3:2;0:3:3,2,2,0,0,0,1,0,0,0,0,0,0,14,24
33855,0:2:1;0:3:2;0:3:2;0:3:3,2,3,0,0,0,1,0,0,0,0,0,0,28,24
33856,0:2:1;0:3:2;0:3:2;0:3:3,2,4,0,0,0,1,0,0,0,0,0,0,44,24
33857,0:2:1;0:3:2;0:3:2;0:3:3,2,5,0,0,0,1,0,0,0,0,0,0,58,24
33858,0:2:1;0:3:2;0:3:2;0:3:3,3,0,0,0,0,1,0,0,0,0,0,0,1,24
33859,0:2:1;0:3:2;0:3:2;0:3:3,3,1,0,0,0,1,0,0,0,0,0,0,5,24
33860,0:2:1;0:3:2;0:3:2;0:3:3,3,2,0,0,0,1,0,0,0,0,0,0,14,24
33861,0:2:1;0:3:2;0:3:2;0:3:3,3,3,0,0,0,1,0,0,0,0,0,0,28,24
33862,0:2:1;0:3:2;0:3:2;0:3:3,3,4,0,0,0,1,0,0,0,0,0,0,44,24
33863,0:2:1;0:3:2;0:3:2;0:3:3,3,5,0,0,0,1,0,0,0,0,0,0,58,24
33864,0:2:1;0:3:2;0:3:2;0:3:3,4,0,0,0,0,1,0,0,0,0,0,0,1,24
33865,0:2:1;0:3:2;0:3:2;0:3:3,4,1,0,0,0,1,0,0,0,0,0,0,5,24
33866,0:2:1;0:3:2;0:3:2;0:3:3,4,2,0,0,0,1,0,0,0,0,0,0,14,24
33867,0:2:1;0:3:2;0:3:2;0:3:3,4,3,0,0,0,1,0,0,0,0,0,0,28,24
33868,0:2:1;0:3:2;0:3:2;0:3:3,4,4,0,0,0,1,0,0,0,0,0,0,44,24
33869,0:2:1;0:3:2;0:3:2;0:3:3,4,5,0,0,0,1,0,0,0,0,0,0,58,24
33870,0:2:1;0:3:2;0:3:2;0:3:3,5,0,0,0,0,1,0,0,0,0,0,0,1,24
33871,0:2:1;0:3:2;0:3:2;0:3:3,5,1,0,0,0,1,0,0,0,0,0,0,5,24
33872,0:2:1;0:3:2;0:3:2;0:3:3,5,2,0,0,0,1,0,0,0,0,0,0,14,24
33873,0:2:1;0:3:2;0:3:2;0:3:3,5,3,0,0,0,1,0,0,0,0,0,0,28,24
33874,0:2:1;0:3:2;0:3:2;0:3:3,5,4,0,0,0,1,0,0,0,0,0,0,44,24
33875,0:2:1;0:3:2;0:3:2;0:3:3,5,5,0,0,0,1,0,0,0,0,0,0,58,24
33876,0:2:1;0:3:2;0:3:2;0:4:3,0,0,0,0,0,1,0,0,0,0,0,0,1,24
33877,0:2:1;0:3:2;0:3:2;0:4:3,0,1,0,0,0,1,0,0,0,0,0,0,5,24
33878,0:2:1;0:3:2;0:3:2;0:4:3,0,2,0,0,0,1,0,0,0,0,0,0,14,24
33879,0:2:1;0:3:2;0:3:2;0:4:3,0,3,0,0,0,1,0,0,0,0,0,0,28,24
33880,0:2:1;0:3:2;0:3:2;0:4:3,0,4,0,0,0,1,0,0,0,0,0,0,44,24
33881,0:2:1;0:3:2;0:3:2;0:4:3,0,5,0,0,0,1,0,0,0,0,0,0,58,24
33882,0:2:1;0:3:2;0:3:2;0:4:3,1,0,0,0,0,1,0,0,0,0,0,0,1,24
33883,0:2:1;0:3:2;0:3:2;0:4:3,1,1,0,0,0,1,0,0,0,0,0,0,5,24
33884,0:2:1;0:3:2;0:3:2;0:4:3,1,2,0,0,0,1,0,0,0,0,0,0,14,24
33885,0:2:1;0:3:2;0:3:2;0:4:3,1,3,0,0,0,1,0,0,0,0,0,0,28,24
33886,0:2:1;0:3:2;0:3:2;0:4:3,1,4,0,0,0,1,0,0,0,0,0,0,44,24
33887,0:2:1;0:3:2;0:3:2;0:4:3,1,5,0,0,0,1,0,0,0,0,0,0,58,24
33888,0:2:1;0:3:2;0:3:2;0:4:3,2,0,0,0,0,1,0,0,0,0,0,0,1,24
33889,0:2:1;0:3:2;0:3:2;0:4:3,2,1,0,0,0,1,0,0,0,0,0,0,5,24
33890,0:2:1;0:3:2;0:3:2;0:4:3,2,2,0,0,0,1,0,0,0,0,0,0,14,24
33891,0:2:1;0:3:2;0:3:2;0:4:3,2,3,0,0,0,1,0,0,0,0,0,0,28,24
33892,0:2:1;0:3:2;0:3:2;0:4:3,2,4,0,0,0,1,0,0,0,0,0,0,44,24
33893,0:2:1;0:3:2;0:3:2;0:4:3,2,5,0,0,0,1,0,0,0,0,0,0,58,24
33894,0:2:1;0:3:2;0:3:2;0:4:3,3,0,0,0,0,1,0,0,0,0,0,0,1,24
33895,0:2:1;0:3:2;0:3:2;0:4:3,3,1,0,0,0,1,0,0,0,0,0,0,5,24
33896,0:2:1;0:3:2;0:3:2;0:4:3,3,2,0,0,0,1,0,0,0,0,0,0,14,24
33897,0:2:1;0:3:2;0:3:2;0:4:3,3,3,0,0,0,1,0,0,0,0,0,0,28,24
33898,0:2:1;0:3:2;0:3:2;0:4:3,3,4,0,0,0,1,0,0,0,0,0,0,44,24
33899,0:2:1;0:3:2;0:3:2;0:4:3,3,5,0,0,0,1,0,0,0,0,0,0,58,24
33900,0:2:1;0:3:2;0:3:2;0:4:3,4,0,0,0,0,1,0,0,0,0,0,0,1,24
33901,0:2:1;0:3:2;0:3:2;0:4:3,4,1,0,0,0,1,0,0,0,0,0,0,5,24
33902,0:2:1;0:3:2;0:3:2;0:4:3,4,2,0,0,0,1,0,0,0,0,0,0,14,24
33903,0:2:1;0:3:2;0:3:2;0:4:3,4,3,0,0,0,1,0,0,0,0,0,0,28,24
33904,0:2:1;0:3:2;0:3:2;0:4:3,4,4,0,0,0,1,0,0,0,0,0,0,44,24
33905,0:2:1;0:3:2;0:3:2;0:4:3,4,5,0,0,0,1,0,0,0,0,0,0,58,24
33906,0:2:1;0:3:2;0:3:2;0:4:3,5,0,0,0,0,1,0,0,0,0,0,0,1,24
33907,0:2:1;0:3:2;0:3:2;0:4:3,5,1,0,0,0,1,0,0,0,0,0,0,5,24
33908,0:2:1;0:3:2;0:3:2;0:4:3,5,2,0,0,0,1,0,0,0,0,0,0,14,24
33909,0:2:1;0:3:2;0:3:2;0:4:3,5,3,0,0,0,1,0,0,0,0,0,0,28,24
33910,0:2:1;0:3:2;0:3:2;0:4:3,5,4,0,0,0,1,0,0,0,0,0,0,44,24
33911,0:2:1;0:3:2;0:3:2;0:4:3,5,5,0,0,0,1,0,0,0,0,0,0,58,24
33912,0:2:1;0:3:2;0:3:2;1:1:1,0,0,0,0,0,1,0,0,0,0,0,0,1,24
33913,0:2:1;0:3:2;0:3:2;1:1:1,0,1,0,0,0,1,0,0,0,0,0,0,7,24
33914,0:2:1;0:3:2;0:3:2;1:1:1,0,2,0,0,0,1,0,0,0,0,0,0,19,24
33915,0:2:1;0:3:2;0:3:2;1:1:1,0,3,0,0,0,1,0,0,0,0,0,0,27,24
33916,0:2:1;0:3:2;0:3:2;1:1:1,0,4,1,1,1,0,1,1,1,1,1,5,7,2
33917,0:2:1;0:3:2;0:3:2;1:1:1,0,5,1,1,1,0,1,1,1,1,1,5,7,1
33918,0:2:1;0:3:2;0:3:2;1:1:1,1,0,0,0,0,1,0,0,0,0,0,0,5,24
33919,0:2:1;0:3:2;0:3:2;1:1:1,1,1,0,0,0,1,0,0,0,0,0,0,13,24
33920,0:2:1;0:3:2;0:3:2;1:1:1,1,2,0,0,0,1,0,0,0,0,0,0,23,24
33921,0:2:1;0:3:2;0:3:2;1:1:1,1,3,0,0,0,1,0,0,0,0,0,0,31,24
33922,0:2:1;0:3:2;0:3:2;1:1:1,1,4,1,1,1,0,1,1,1,1,1,5,7,2
33923,0:2:1;0:3:2;0:3:2;1:1:1,1,5,1,1,1,0,1,1,1,1,1,5,7,1
33924,0:2:1;0:3:2;0:3:2;1:1:1,2,0,0,0,0,1,0,0,0,0,0,0,5,24
33925,0:2:1;0:3:2;0:3:2;1:1:1,2,1,0,0,0,1,0,0,0,0,0,0,13,24
33926,0:2:1;0:3:2;0:3:2;1:1:1,2,2,0,0,0,1,0,0,0,0,0,0,23,24
33927,0:2:1;0:3:2;0:3:2;1:1:1,2,3,0,0,0,1,0,0,0,0,0,0,31,24
33928,0:2:1;0:3:2;0:3:2;1:1:1,2,4,1,1,1,0,1,1,1,1,1,5,7,2
33929,0:2:1;0:3:2;0:3:2;1:1:1,2,5,1,1,1,0,1,1,1,1,1,5,7,1
33930,0:2:1;0:3:2;0:3:2;1:1:1,3,0,0,0,0,1,0,0,0,0,0,0,5,24
33931,0:2:1;0:3:2;0:3:2;1:1:1,3,1,0,0,0,1,0,0,0,0,0,0,13,24
33932,0:2:1;0:3:2;0:3:2;1:1:1,3,2,0,0,0,1,0,0,0,0,0,0,23,24
33933,0:2:1;0:3:2;0:3:2;1:1:1,3,3,0,0,0,1,0,0,0,0,0,0,31,24
33934,0:2:1;0:3:2;0:3:2;1:1:1,3,4,1,1,1,0,1,1,1,1,1,5,7,2
33935,0:2:1;0:3:2;0:3:2;1:1:1,3,5,1,1,1,0,1,1,1,1,1,5,7,1
33936,0:2:1;0:3:2;0:3:2;1:1:1,4,0,0,0,0,1,0,0,0,0,0,0,5,24
33937,0:2:1;0:3:2;0:3:2;1:1:1,4,1,0,0,0,1,0,0,0,0,0,0,13,24
33938,0:2:1;0:3:2;0:3:2;1:1:1,4,2,0,0,0,1,0,0,0,0,0,0,23,24
33939,0:2:1;0:3:2;0:3:2;1:1:1,4,3,0,0,0,1,0,0,0,0,0,0,31,24
33940,0:2:1;0:3:2;0:3:2;1:1:1,4,4,1,1,1,0,1,1,1,1,1,5,7,2
33941,0:2:1;0:3:2;0:3:2;1:1:1,4,5,1,1,1,0,1,1,1,1,1,5,7,1
33942,0:2:1;0:3:2;0:3:2;1:1:1,5,0,0,0,0,1,0,0,0,0,0,0,5,24
33943,0:2:1;0:3:2;0:3:2;1:1:1,5,1,0,0,0,1,0,0,0,0,0,0,13,24
33944,0:2:1;0:3:2;0:3:2;1:1:1,5,2,0,0,0,1,0,0,0,0,0,0,23,24
33945,0:2:1;0:3:2;0:3:2;1:1:1,5,3,0,0,0,1,0,0,0,0,0,0,31,24
33946,0:2:1;0:3:2;0:3:2;1:1:1,5,4,1,1,1,0,1,1,1,1,1,5,7,2
33947,0:2:1;0:3:2;0:3:2;1:1:1,5,5,1,1,1,0,1,1,1,1,1,5,7,1
33948,0:2:1;0:3:2;0:3:2;1:2:1,0,0,0,0,0,1,0,0,0,0,0,0,1,24
33949,0:2:1;0:3:2;0:3:2;1:2:1,0,1,0,0,0,1,0,0,0,0,0,0,10,24
33950,0:2:1;0:3:2;0:3:2;1:2:1,0,2,0,0,0,1,0,0,0,0,0,0,22,24
33951,0:2:1;0:3:2;0:3:2;1:2:1,0,3,1,1,1,0,1,1,1,1,1,5,7,2
33952,0:2:1;0:3:2;0:3:2;1:2:1,0,4,1,1,1,0,1,1,1,1,1,5,7,2
33953,0:2:1;0:3:2;0:3:2;1:2:1,0,5,1,1,1,0,1,1,1,1,1,5,7,1
33954,0:2:1;0:3:2;0:3:2;1:2:1,1,0,0,0,0,1,0,0,0,0,0,0,10,24
33955,0:2:1;0:3:2;0:3:2;1:2:1,1,1,0,0,0,1,0,0,0,0,0,0,18,24
33956,0:2:1;0:3:2;0:3:2;1:2:1,1,2,0,0,0,1,0,0,0,0,0,0,26,24
33957,0:2:1;0:3:2;0:3:2;1:2:1,1,3,1,1,1,0,1,1,1,1,1,5,7,2
33958,0:2:1;0:3:2;0:3:2;1:2:1,1,4,1,1,1,0,1,1,1,1,1,5,7,2
33959,0:2:1;0:3:2;0:3:2;1:2:1,1,5,1,1,1,0,1,1,1,1,1,5,7,1
33960,0:2:1;0:3:2;0:3:2;1:2:1,2,0,0,0,0,1,0,0,0,0,0,0,10,24
33961,0:2:1;0:3:2;0:3:2;1:2:1,2,1,0,0,0,1,0,0,0,0,0,0,18,24
33962,0:2:1;0:3:2;0:3:2;1:2:1,2,2,0,0,0,1,0,0,0,0,0,0,26,24
33963,0:2:1;0:3:2;0:3:2;1:2:1,2,3,1,1,1,0,1,1,1,1,1,5,7,2
33964,0:2:1;0:3:2;0:3:2;1:2:1,2,4,1,1,1,0,1,1,1,1,1,5,7,2
33965,0:2:1;0:3:2;0:3:2;1:2:1,2,5,1,1,1,0,1,1,1,1,1,5,7,1
33966,0:2:1;0:3:2;0:3:2;1:2:1,3,0,0,0,0,1,0,0,0,0,0,0,10,24
33967,0:2:1;0:3:2;0:3:2;1:2:1,3,1,0,0,0,1,0,0,0,0,0,0,18,24
33968,0:2:1;0:3:2;0:3:2;1:2:1,3,2,0,0,0,1,0,0,0,0,0,0,26,24
33969,0:2:1;0:3:2;0:3:2;1:2:1,3,3,1,1,1,0,1,1,1,1,1,5,7,2
33970,0:2:1;0:3:2;0:3:2;1:2:1,3,4,1,1,1,0,1,1,1,1,1,5,7,2
33971,0:2:1;0:3:2;0:3:2;1:2:1,3,5,1,1,1,0,1,1,1,1,1,5,7,1
33972,0:2:1;0:3:2;0:3:2;1:2:1,4,0,0,0,0,1,0,0,0,0,0,0,10,24
33973,0:2:1;0:3:2;0:3:2;1:2:1,4,1,0,0,0,1,0,0,0,0,0,0,18,24
33974,0:2:1;0:3:2;0:3:2;1:2:1,4,2,0,0,0,1,0,0,0,0,0,0,26,24
33975,0:2:1;0:3:2;0:3:2;1:2:1,4,3,1,1,1,0,1,1,1,1,1,5,7,2
33976,0:2:1;0:3:2;0:3:2;1:2:1,4,4,1,1,1,0,1,1,1,1,1,5,7,2
33977,0:2:1;0:3:2;0:3:2;1:2:1,4,5,1,1,1,0,1,1,1,1,1,5,7,1
33978,0:2:1;0:3:2;0:3:2;1:2:1,5,0,0,0,0,1,0,0,0,0,0,0,10,24
33979,0:2:1;0:3:2;0:3:2;1:2:1,5,1,0,0,0,1,0,0,0,0,0,0,18,24
33980,0:2:1;0:3:2;0:3:2;1:2:1,5,2,0,0,0,1,0,0,0,0,0,0,26,24
33981,0:2:1;0:3:2;0:3:2;1:2:1,5,3,1,1,1,0,1,1,1,1,1,5,7,2
33982,0:2:1;0:3:2;0:3:2;1:2:1,5,4,1,1,1,0,1,1,1,1,1,5,7,2
33983,0:2:1;0:3:2;0:3:2;1:2:1,5,5,1,1,1,0,1,1,1,1,1,5,7,1
33984,0:2:1;0:3:2;0:3:2;1:2:2,0,0,0,0,0,1,0,0,0,0,0,0,1,24
33985,0:2:1;0:3:2;0:3:2;1:2:2,0,1,0,0,0,1,0,0,0,0,0,0,11,24
33986,0:2:1;0:3:2;0:3:2;1:2:2,0,2,0,0,0,1,0,0,0,0,0,0,27,24
33987,0:2:1;0:3:2;0:3:2;1:2:2,0,3,1,1,1,0,1,1,1,1,1,5,8,2
33988,0:2:1;0:3:2;0:3:2;1:2:2,0,4,1,1,1,0,1,1,1,1,1,5,8,2
33989,0:2:1;0:3:2;0:3:2;1:2:2,0,5,1,1,1,0,1,1,1,1,1,5,8,1
33990,0:2:1;0:3:2;0:3:2;1:2:2,1,0,0,0,0,1,0,0,0,0,0,0,2,24
33991,0:2:1;0:3:2;0:3:2;1:2:2,1,1,0,0,0,1,0,0,0,0,0,0,14,24
33992,0:2:1;0:3:2;0:3:2;1:2:2,1,2,0,0,0,1,0,0,0,0,0,0,31,24
33993,0:2:1;0:3:2;0:3:2;1:2:2,1,3,1,1,1,0,1,1,1,1,1,5,8,2
33994,0:2:1;0:3:2;0:3:2;1:2:2,1,4,1,1,1,0,1,1,1,1,1,5,8,2
33995,0:2:1;0:3:2;0:3:2;1:2:2,1,5,1,1,1,0,1,1,1,1,1,5,8,1
33996,0:2:1;0:3:2;0:3:2;1:2:2,2,0,0,0,0,1,0,0,0,0,0,0,11,24
33997,0:2:1;0:3:2;0:3:2;1:2:2,2,1,0,0,0,1,0,0,0,0,0,0,22,24
33998,0:2:1;0:3:2;0:3:2;1:2:2,2,2,0,0,0,1,0,0,0,0,0,0,35,24
33999,0:2:1;0:3:2;0:3:2;1:2:2,2,3,1,1,1,0,1,1,1,1,1,5,8,2
34000,0:2:1;0:3:2;0:3:2;1:2:2,2,4,1,1,1,0,1,1,1,1,1,5,8,2
34001,0:2:1;0:3:2;0:3:2;1:2:2,2,5,1,1,1,0,1,1,1,1,1,5,8,1
34002,0:2:1;0:3:2;0:3:2;1:2:2,3,0,0,0,0,1,0,0,0,0,0,0,11,24
34003,0:2:1;0:3:2;0:3:2;1:2:2,3,1,0,0,0,1,0,0,0,0,0,0,22,24
34004,0:2:1;0:3:2;0:3:2;1:2:2,3,2,0,0,0,1,0,0,0,0,0,0,35,24
34005,0:2:1;0:3:2;0:3:2;1:2:2,3,3,1,1,1,0,1,1,1,1,1,5,8,2
34006,0:2:1;0:3:2;0:3:2;1:2:2,3,4,1,1,1,0,1,1,1,1,1,5,8,2
34007,0:2:1;0:3:2;0:3:2;1:2:2,3,5,1,1,1,0,1,1,1,1,1,5,8,1
34008,0:2:1;0:3:2;0:3:2;1:2:2,4,0,0,0,0,1,0,0,0,0,0,0,11,24
34009,0:2:1;0:3:2;0:3:2;1:2:2,4,1,0,0,0,1,0,0,0,0,0,0,22,24
34010,0:2:1;0:3:2;0:3:2;1:2:2,4,2,0,0,0,1,0,0,0,0,0,0,35,24
34011,0:2:1;0:3:2;0:3:2;1:2:2,4,3,1,1,1,0,1,1,1,1,1,5,8,2
34012,0:2:1;0:3:2;0:3:2;1:2:2,4,4,1,1,1,0,1,1,1,1,1,5,8,2
34013,0:2:1;0:3:2;0:3:2;1:2:2,4,5,1,1,1,0,1,1,1,1,1,5,8,1
34014,0:2:1;0:3:2;0:3:2;1:2:2,5,0,0,0,0,1,0,0,0,0,0,0,11,24
34015,0:2:1;0:3:2;0:3:2;1:2:2,5,1,0,0,0,1,0,0,0,0,0,0,22,24
34016,0:2:1;0:3:2;0:3:2;1:2:2,5,2,0,0,0,1,0,0,0,0,0,0,35,24
34017,0:2:1;0:3:2;0:3:2;1:2:2,5,3,1,1,1,0,1,1,1,1,1,5,8,2
34018,0:2:1;0:3:2;0:3:2;1:2:2,5,4,1,1,1,0,1,1,1,1,1,5,8,2
34019,0:2:1;0:3:2;0:3:2;1:2:2,5,5,1,1,1,0,1,1,1,1,1,5,8,1
34020,0:2:1;0:3:2;0:3:2;1:3:2,0,0,0,0,0,1,0,0,0,0,0,0,1,24
34021,0:2:1;0:3:2;0:3:2;1:3:2,0,1,0,0,0,1,0,0,0,0,0,0,13,24
34022,0:2:1;0:3:2;0:3:2;1:3:2,0,2,1,1,0,0,1,1,1,1,1,5,8,5
34023,0:2:1;0:3:2;0:3:2;1:3:2,0,3,1,1,1,0,1,1,1,1,1,5,8,2
34024,0:2:1;0:3:2;0:3:2;1:3:2,0,4,1,1,1,0,1,1,1,1,1,5,8,2
34025,0:2:1;0:3:2;0:3:2;1:3:2,0,5,1,1,1,0,1,1,1,1,1,5,8,1
34026,0:2:1;0:3:2;0:3:2;1:3:2,1,0,0,0,0,1,0,0,0,0,0,0,2,24
34027,0:2:1;0:3:2;0:3:2;1:3:2,1,1,0,0,0,1,0,0,0,0,0,0,16,24
34028,0:2:1;0:3:2;0:3:2;1:3:2,1,2,1,1,1,0,1,1,1,1,1,5,8,5
34029,0:2:1;0:3:2;0:3:2;1:3:2,1,3,1,1,1,0,1,1,1,1,1,5,8,2
34030,0:2:1;0:3:2;0:3:2;1:3:2,1,4,1,1,1,0,1,1,1,1,1,5,8,2
34031,0:2:1;0:3:2;0:3:2;1:3:2,1,5,1,1,1,0,1,1,1,1,1,5,8,1
34032,0:2:1;0:3:2;0:3:2;1:3:2,2,0,0,0,0,1,0,0,0,0,0,0,16,24
34033,0:2:1;0:3:2;0:3:2;1:3:2,2,1,0,0,0,1,0,0,0,0,0,0,25,24
34034,0:2:1;0:3:2;0:3:2;1:3:2,2,2,1,1,1,0,1,1,1,1,1,5,8,5
34035,0:2:1;0:3:2;0:3:2;1:3:2,2,3,1,1,1,0,1,1,1,1,1,5,8,2
34036,0:2:1;0:3:2;0:3:2;1:3:2,2,4,1,1,1,0,1,1,1,1,1,5,8,2
34037,0:2:1;0:3:2;0:3:2;1:3:2,2,5,1,1,1,0,1,1,1,1,1,5,8,1
34038,0:2:1;0:3:2;0:3:2;1:3:2,3,0,0,0,0,1,0,0,0,0,0,0,16,24
34039,0:2:1;0:3:2;0:3:2;1:3:2,3,1,0,0,0,1,0,0,0,0,0,0,25,24
34040,0:2:1;0:3:2;0:3:2;1:3:2,3,2,1,1,1,0,1,1,1,1,1,5,8,5
34041,0:2:1;0:3:2;0:3:2;1:3:2,3,3,1,1,1,0,1,1,1,1,1,5,8,2
34042,0:2:1;0:3:2;0:3:2;1:3:2,3,4,1,1,1,0,1,1,1,1,1,5,8,2
34043,0:2:1;0:3:2;0:3:2;1:3:2,3,5,1,1,1,0,1,1,1,1,1,5,8,1
34044,0:2:1;0:3:2;0:3:2;1:3:2,4,0,0,0,0,1,0,0,0,0,0,0,16,24
34045,0:2:1;0:3:2;0:3:2;1:3:2,4,1,0,0,0,1,0,0,0,0,0,0,25,24
34046,0:2:1;0:3:2;0:3:2;1:3:2,4,2,1,1,1,0,1,1,1,1,1,5,8,5
34047,0:2:1;0:3:2;0:3:2;1:3:2,4,3,1,1,1,0,1,1,1,1,1,5,8,2
34048,0:2:1;0:3:2;0:3:2;1:3:2,4,4,1,1,1,0,1,1,1,1,1,5,8,2
34049,0:2:1;0:3:2;0:3:2;1:3:2,4,5,1,1,1,0,1,1,1,1,1,5,8,1
34050,0:2:1;0:3:2;0:3:2;1:3:2,5,0,0,0,0,1,0,0,0,0,0,0,16,24
34051,0:2:1;0:3:2;0:3:2;1:3:2,5,1,0,0,0,1,0,0,0,0,0,0,25,24
34052,0:2:1;0:3:2;0:3:2;1:3:2,5,2,1,1,1,0,1,1,1,1,1,5,8,5
34053,0:2:1;0:3:2;0:3:2;1:3:2,5,3,1,1,1,0,1,1,1,1,1,5,8,2
34054,0:2:1;0:3:2;0:3:2;1:3:2,5,4,1,1,1,0,1,1,1,1,1,5,8,2
34055,0:2:1;0:3:2;0:3:2;1:3:2,5,5,1,1,1,0,1,1,1,1,1,5,8,1
34056,0:2:1;0:3:2;0:3:2;1:3:3,0,0,0,0,0,1,0,0,0,0,0,0,1,24
34057,0:2:1;0:3:2;0:3:2;1:3:3,0,1,0,0,0,1,0,0,0,0,0,0,6,24
34058,0:2:1;0:3:2;0:3:2;1:3:3,0,2,1,1,0,1,0,0,1,0,1,6,18,11
34059,0:2:1;0:3:2;0:3:2;1:3:3,0,3,1,1,0,0,1,1,1,1,1,5,9,2
34060,0:2:1;0:3:2;0:3:2;1:3:3,0,4,1,1,1,0,1,1,1,1,1,5,9,2
34061,0:2:1;0:3:2;0:3:2;1:3:3,0,5,1,1,1,0,1,1,1,1,1,5,9,1
34062,0:2:1;0:3:2;0:3:2;1:3:3,1,0,0,0,0,1,0,0,0,0,0,0,2,24
34063,0:2:1;0:3:2;0:3:2;1:3:3,1,1,0,0,0,1,0,0,0,0,0,0,17,24
34064,0:2:1;0:3:2;0:3:2;1:3:3,1,2,1,1,0,0,1,1,1,1,1,5,9,5
34065,0:2:1;0:3:2;0:3:2;1:3:3,1,3,1,1,1,0,1,1,1,1,1,5,9,2
34066,0:2:1;0:3:2;0:3:2;1:3:3,1,4,1,1,1,0,1,1,1,1,1,5,9,2
34067,0:2:1;0:3:2;0:3:2;1:3:3,1,5,1,1,1,0,1,1,1,1,1,5,9,1
34068,0:2:1;0:3:2;0:3:2;1:3:3,2,0,0,0,0,1,0,0,0,0,0,0,3,24
34069,0:2:1;0:3:2;0:3:2;1:3:3,2,1,0,0,0,1,0,0,0,0,0,0,20,24
34070,0:2:1;0:3:2;0:3:2;1:3:3,2,2,1,1,1,0,1,1,1,1,1,5,9,5
34071,0:2:1;0:3:2;0:3:2;1:3:3,2,3,1,1,1,0,1,1,1,1,1,5,9,2
34072,0:2:1;0:3:2;0:3:2;1:3:3,2,4,1,1,1,0,1,1,1,1,1,5,9,2
34073,0:2:1;0:3:2;0:3:2;1:3:3,2,5,1,1,1,0,1,1,1,1,1,5,9,1
34074,0:2:1;0:3:2;0:3:2;1:3:3,3,0,0,0,0,1,0,0,0,0,0,0,17,24
34075,0:2:1;0:3:2;0:3:2;1:3:3,3,1,0,0,0,1,0,0,0,0,0,0,29,24
34076,0:2:1;0:3:2;0:3:2;1:3:3,3,2,1,1,1,0,1,1,1,1,1,5,9,5
34077,0:2:1;0:3:2;0:3:2;1:3:3,3,3,1,1,1,0,1,1,1,1,1,5,9,2
34078,0:2:1;0:3:2;0:3:2;1:3:3,3,4,1,1,1,0,1,1,1,1,1,5,9,2
34079,0:2:1;0:3:2;0:3:2;1:3:3,3,5,1,1,1,0,1,1,1,1,1,5,9,1
34080,0:2:1;0:3:2;0:3:2;1:3:3,4,0,0,0,0,1,0,0,0,0,0,0,17,24
34081,0:2:1;0:3:2;0:3:2;1:3:3,4,1,0,0,0,1,0,0,0,0,0,0,29,24
34082,0:2:1;0:3:2;0:3:2;1:3:3,4,2,1,1,1,0,1,1,1,1,1,5,9,5
34083,0:2:1;0:3:2;0:3:2;1:3:3,4,3,1,1,1,0,1,1,1,1,1,5,9,2
34084,0:2:1;0:3:2;0:3:2;1:3:3,4,4,1,1,1,0,1,1,1,1,1,5,9,2
34085,0:2:1;0:3:2;0:3:2;1:3:3,4,5,1,1,1,0,1,1,1,1,1,5,9,1
34086,0:2:1;0:3:2;0:3:2;1:3:3,5,0,0,0,0,1,0,0,0,0,0,0,17,24
34087,0:2:1;0:3:2;0:3:2;1:3:3,5,1,0,0,0,1,0,0,0,0,0,0,29,24
34088,0:2:1;0:3:2;0:3:2;1:3:3,5,2,1,1,1,0,1,1,1,1,1,5,9,5
34089,0:2:1;0:3:2;0:3:2;1:3:3,5,3,1,1,1,0,1,1,1,1,1,5,9,2
34090,0:2:1;0:3:2;0:3:2;1:3:3,5,4,1,1,1,0,1,1,1,1,1,5,9,2
34091,0:2:1;0:3:2;0:3:2;1:3:3,5,5,1,1,1,0,1,1,1,1,1,5,9,1
34092,0:2:1;0:3:2;0:3:2;1:4:3,0,0,0,0,0,1,0,0,0,0,0,0,1,24
34093,0:2:1;0:3:2;0:3:2;1:4:3,0,1,1,0,0,1,0,0,0,0,0,2,6,24
34094,0:2:1;0:3:2;0:3:2;1:4:3,0,2,1,1,0,1,0,0,1,0,1,6,18,11
34095,0:2:1;0:3:2;0:3:2;1:4:3,0,3,1,1,0,0,1,1,1,1,1,5,9,2
34096,0:2:1;0:3:2;0:3:2;1:4:3,0,4,1,1,1,0,1,1,1,1,1,5,9,2
34097,0:2:1;0:3:2;0:3:2;1:4:3,0,5,1,1,1,0,1,1,1,1,1,5,9,1
34098,0:2:1;0:3:2;0:3:2;1:4:3,1,0,0,0,0,1,0,0,0,0,0,0,2,24
34099,0:2:1;0:3:2;0:3:2;1:4:3,1,1,1,1,0,0,1,1,1,1,1,5,9,5
34100,0:2:1;0:3:2;0:3:2;1:4:3,1,2,1,1,0,0,1,1,1,1,1,5,9,5
34101,0:2:1;0:3:2;0:3:2;1:4:3,1,3,1,1,1,0,1,1,1,1,1,5,9,2
34102,0:2:1;0:3:2;0:3:2;1:4:3,1,4,1,1,1,0,1,1,1,1,1,5,9,2
34103,0:2:1;0:3:2;0:3:2;1:4:3,1,5,1,1,1,0,1,1,1,1,1,5,9,1
34104,0:2:1;0:3:2;0:3:2;1:4:3,2,0,0,0,0,1,0,0,0,0,0,0,3,24
34105,0:2:1;0:3:2;0:3:2;1:4:3,2,1,1,1,0,0,1,1,1,1,1,5,9,5
34106,0:2:1;0:3:2;0:3:2;1:4:3,2,2,1,1,1,0,1,1,1,1,1,5,9,5
34107,0:2:1;0:3:2;0:3:2;1:4:3,2,3,1,1,1,0,1,1,1,1,1,5,9,2
34108,0:2:1;0:3:2;0:3:2;1:4:3,2,4,1,1,1,0,1,1,1,1,1,5,9,2
34109,0:2:1;0:3:2;0:3:2;1:4:3,2,5,1,1,1,0,1,1,1,1,1,5,9,1
34110,0:2:1;0:3:2;0:3:2;1:4:3,3,0,0,0,0,1,0,0,0,0,0,0,20,24
34111,0:2:1;0:3:2;0:3:2;1:4:3,3,1,1,1,1,0,1,1,1,1,1,5,9,5
34112,0:2:1;0:3:2;0:3:2;1:4:3,3,2,1,1,1,0,1,1,1,1,1,5,9,5
34113,0:2:1;0:3:2;0:3:2;1:4:3,3,3,1,1,1,0,1,1,1,1,1,5,9,2
34114,0:2:1;0:3:2;0:3:2;1:4:3,3,4,1,1,1,0,1,1,1,1,1,5,9,2
34115,0:2:1;0:3:2;0:3:2;1:4:3,3,5,1,1,1,0,1,1,1,1,1,5,9,1
34116,0:2:1;0:3:2;0:3:2;1:4:3,4,0,0,0,0,1,0,0,0,0,0,0,20,24
34117,0:2:1;0:3:2;0:3:2;1:4:3,4,1,1,1,1,0,1,1,1,1,1,5,9,5
34118,0:2:1;0:3:2;0:3:2;1:4:3,4,2,1,1,1,0,1,1,1,1,1,5,9,5
34119,0:2:1;0:3:2;0:3:2;1:4:3,4,3,1,1,1,0,1,1,1,1,1,5,9,2
34120,0:2:1;0:3:2;0:3:2;1:4:3,4,4,1,1,1,0,1,1,1,1,1,5,9,2
34121,0:2:1;0:3:2;0:3:2;1:4:3,4,5,1,1,1,0,1,1,1,1,1,5,9,1
34122,0:2:1;0:3:2;0:3:2;1:4:3,5,0,0,0,0,1,0,0,0,0,0,0,20,24
34123,0:2:1;0:3:2;0:3:2;1:4:3,5,1,1,1,1,0,1,1,1,1,1,5,9,5
34124,0:2:1;0:3:2;0:3:2;1:4:3,5,2,1,1,1,0,1,1,1,1,1,5,9,5
34125,0:2:1;0:3:2;0:3:2;1:4:3,5,3,1,1,1,0,1,1,1,1,1,5,9,2
34126,0:2:1;0:3:2;0:3:2;1:4:3,5,4,1,1,1,0,1,1,1,1,1,5,9,2
34127,0:2:1;0:3:2;0:3:2;1:4:3,5,5,1,1,1,0,1,1,1,1,1,5,9,1
34128,0:2:1;0:3:2;0:3:3;0:3:3,0,0,0,0,0,1,0,0,0,0,0,0,1,24
34129,0:2:1;0:3:2;0:3:3;0:3:3,0,1,0,0,0,1,0,0,0,0,0,0,5,24
34130,0:2:1;0:3:2;0:3:3;0:3:3,0,2,0,0,0,1,0,0,0,0,0,0,14,24
34131,0:2:1;0:3:2;0:3:3;0:3:3,0,3,0,0,0,1,0,0,0,0,0,0,29,24
34132,0:2:1;0:3:2;0:3:3;0:3:3,0,4,0,0,0,1,0,0,0,0,0,0,48,24
34133,0:2:1;0:3:2;0:3:3;0:3:3,0,5,0,0,0,1,0,0,0,0,0,0,67,24
34134,0:2:1;0:3:2;0:3:3;0:3:3,1,0,0,0,0,1,0,0,0,0,0,0,1,24
34135,0:2:1;0:3:2;0:3:3;0:3:3,1,1,0,0,0,1,0,0,0,0,0,0,5,24
34136,0:2:1;0:3:2;0:3:3;0:3:3,1,2,0,0,0,1,0,0,0,0,0,0,14,24
34137,0:2:1;0:3:2;0:3:3;0:3:3,1,3,0,0,0,1,0,0,0,0,0,0,29,24
34138,0:2:1;0:3:2;0:3:3;0:3:3,1,4,0,0,0,1,0,0,0,0,0,0,48,24
34139,0:2:1;0:3:2;0:3:3;0:3:3,1,5,0,0,0,1,0,0,0,0,0,0,67,24
34140,0:2:1;0:3:2;0:3:3;0:3:3,2,0,0,0,0,1,0,0,0,0,0,0,1,24
34141,0:2:1;0:3:2;0:3:3;0:3:3,2,1,0,0,0,1,0,0,0,0,0,0,5,24
34142,0:2:1;0:3:2;0:3:3;0:3:3,2,2,0,0,0,1,0,0,0,0,0,0,14,24
34143,0:2:1;0:3:2;0:3:3;0:3:3,2,3,0,0,0,1,0,0,0,0,0,0,29,24
34144,0:2:1;0:3:2;0:3:3;0:3:3,2,4,0,0,0,1,0,0,0,0,0,0,48,24
34145,0:2:1;0:3:2;0:3:3;0:3:3,2,5,0,0,0,1,0,0,0,0,0,0,67,24
34146,0:2:1;0:3:2;0:3:3;0:3:3,3,0,0,0,0,1,0,0,0,0,0,0,1,24
34147,0:2:1;0:3:2;0:3:3;0:3:3,3,1,0,0,0,1,0,0,0,0,0,0,5,24
34148,0:2:1;0:3:2;0:3:3;0:3:3,3,2,0,0,0,1,0,0,0,0,0,0,14,24
34149,0:2:1;0:3:2;0:3:3;0:3:3,3,3,0,0,0,1,0,0,0,0,0,0,29,24
34150,0:2:1;0:3:2;0:3:3;0:3:3,3,4,0,0,0,1,0,0,0,0,0,0,48,24
34151,0:2:1;0:3:2;0:3:3;0:3:3,3,5,0,0,0,1,0,0,0,0,0,0,67,24
34152,0:2:1;0:3:2;0:3:3;0:3:3,4,0,0,0,0,1,0,0,0,0,0,0,1,24
34153,0:2:1;0:3:2;0:3:3;0:3:3,4,1,0,0,0,1,0,0,0,0,0,0,5,24
34154,0:2:1;0:3:2;0:3:3;0:3:3,4,2,0,0,0,1,0,0,0,0,0,0,14,24
34155,0:2:1;0:3:2;0:3:3;0:3:3,4,3,0,0,0,1,0,0,0,0,0,0,29,24
34156,0:2:1;0:3:2;0:3:3;0:3:3,4,4,0,0,0,1,0,0,0,0,0,0,48,24
34157,0:2:1;0:3:2;0:3:3;0:3:3,4,5,0,0,0,1,0,0,0,0,0,0,67,24
34158,0:2:1;0:3:2;0:3:3;0:3:3,5,0,0,0,0,1,0,0,0,0,0,0,1,24
34159,0:2:1;0:3:2;0:3:3;0:3:3,5,1,0,0,0,1,0,0,0,0,0,0,5,24
34160,0:2:1;0:3:2;0:3:3;0:3:3,5,2,0,0,0,1,0,0,0,0,0,0,14,24
34161,0:2:1;0:3:2;0:3:3;0:3:3,5,3,0,0,0,1,0,0,0,0,0,0,29,24
34162,0:2:1;0:3:2;0:3:3;0:3:3,5,4,0,0,0,1,0,0,0,0,0,0,48,24
34163,0:2:1;0:3:2;0:3:3;0:3:3,5,5,0,0,0,1,0,0,0,0,0,0,67,24
34164,0:2:1;0:3:2;0:3:3;0:4:3,0,0,0,0,0,1,0,0,0,0,0,0,1,24
34165,0:2:1;0:3:2;0:3:3;0:4:3,0,1,0,0,0,1,0,0,0,0,0,0,5,24
34166,0:2:1;0:3:2;0:3:3;0:4:3,0,2,0,0,0,1,0,0,0,0,0,0,14,24
34167,0:2:1;0:3:2;0:3:3;0:4:3,0,3,0,0,0,1,0,0,0,0,0,0,29,24
34168,0:2:1;0:3:2;0:3:3;0:4:3,0,4,0,0,0,1,0,0,0,0,0,0,48,24
34169,0:2:1;0:3:2;0:3:3;0:4:3,0,5,0,0,0,1,0,0,0,0,0,0,67,24
34170,0:2:1;0:3:2;0:3:3;0:4:3,1,0,0,0,0,1,0,0,0,0,0,0,1,24
34171,0:2:1;0:3:2;0:3:3;0:4:3,1,1,0,0,0,1,0,0,0,0,0,0,5,24
34172,0:2:1;0:3:2;0:3:3;0:4:3,1,2,0,0,0,1,0,0,0,0,0,0,14,24
34173,0:2:1;0:3:2;0:3:3;0:4:3,1,3,0,0,0,1,0,0,0,0,0,0,29,24
34174,0:2:1;0:3:2;0:3:3;0:4:3,1,4,0,0,0,1,0,0,0,0,0,0,48,24
34175,0:2:1;0:3:2;0:3:3;0:4:3,1,5,0,0,0,1,0,0,0,0,0,0,67,24
34176,0:2:1;0:3:2;0:3:3;0:4:3,2,0,0,0,0,1,0,0,0,0,0,0,1,24
34177,0:2:1;0:3:2;0:3:3;0:4:3,2,1,0,0,0,1,0,0,0,0,0,0,5,24
34178,0:2:1;0:3:2;0:3:3;0:4:3,2,2,0,0,0,1,0,0,0,0,0,0,14,24
34179,0:2:1;0:3:2;0:3:3;0:4:3,2,3,0,0,0,1,0,0,0,0,0,0,29,24
34180,0:2:1;0:3:2;0:3:3;0:4:3,2,4,0,0,0,1,0,0,0,0,0,0,48,24
34181,0:2:1;0:3:2;0:3:3;0:4:3,2,5,0,0,0,1,0,0,0,0,0,0,67,24
34182,0:2:1;0:3:2;0:3:3;0:4:3,3,0,0,0,0,1,0,0,0,0,0,0,1,24
34183,0:2:1;0:3:2;0:3:3;0:4:3,3,1,0,0,0,1,0,0,0,0,0,0,5,24
34184,0:2:1;0:3:2;0:3:3;0:4:3,3,2,0,0,0,1,0,0,0,0,0,0,14,24
34185,0:2:1;0:3:2;0:3:3;0:4:3,3,3,0,0,0,1,0,0,0,0,0,0,29,24
34186,0:2:1;0:3:2;0:3:3;0:4:3,3,4,0,0,0,1,0,0,0,0,0,0,48,24
34187,0:2:1;0:3:2;0:3:3;0:4:3,3,5,0,0,0,1,0,0,0,0,0,0,67,24
34188,0:2:1;0:3:2;0:3:3;0:4:3,4,0,0,0,0,1,0,0,0,0,0,0,1,24
34189,0:2:1;0:3:2;0:3:3;0:4:3,4,1,0,0,0,1,0,0,0,0,0,0,5,24
34190,0:2:1;0:3:2;0:3:3;0:4:3,4,2,0,0,0,1,0,0,0,0,0,0,14,24
34191,0:2:1;0:3:2;0:3:3;0:4:3,4,3,0,0,0,1,0,0,0,0,0,0,29,24
34192,0:2:1;0:3:2;0:3:3;0:4:3,4,4,0,0,0,1,0,0,0,0,0,0,48,24
34193,0:2:1;0:3:2;0:3:3;0:4:3,4,5,0,0,0,1,0,0,0,0,0,0,67,24
34194,0:2:1;0:3:2;0:3:3;0:4:3,5,0,0,0,0,1,0,0,0,0,0,0,1,24
34195,0:2:1;0:3:2;0:3:3;0:4:3,5,1,0,0,0,1,0,0,0,0,0,0,5,24
34196,0:2:1;0:3:2;0:3:3;0:4:3,5,2,0,0,0,1,0,0,0,0,0,0,14,24
34197,0:2:1;0:3:2;0:3:3;0:4:3,5,3,0,0,0,1,0,0,0,0,0,0,29,24
34198,0:2:1;0:3:2;0:3:3;0:4:3,5,4,0,0,0,1,0,0,0,0,0,0,48,24
34199,0:2:1;0:3:2;0:3:3;0:4:3,5,5,0,0,0,1,0,0,0,0,0,0,67,24
34200,0:2:1;0:3:2;0:3:3;1:1:1,0,0,0,0,0,1,0,0,0,0,0,0,1,24
34201,0:2:1;0:3:2;0:3:3;1:1:1,0,1,0,0,0,1,0,0,0,0,0,0,7,24
34202,0:2:1;0:3:2;0:3:3;1:1:1,0,2,0,0,0,1,0,0,0,0,0,0,17,24
34203,0:2:1;0:3:2;0:3:3;1:1:1,0,3,0,0,0,1,0,0,0,0,0,0,29,24
34204,0:2:1;0:3:2;0:3:3;1:1:1,0,4,0,0,0,1,0,0,0,0,0,0,37,24
34205,0:2:1;0:3:2;0:3:3;1:1:1,0,5,1,1,1,0,1,1,1,1,1,5,8,2
34206,0:2:1;0:3:2;0:3:3;1:1:1,1,0,0,0,0,1,0,0,0,0,0,0,5,24
34207,0:2:1;0:3:2;0:3:3;1:1:1,1,1,0,0,0,1,0,0,0,0,0,0,13,24
34208,0:2:1;0:3:2;0:3:3;1:1:1,1,2,0,0,0,1,0,0,0,0,0,0,24,24
34209,0:2:1;0:3:2;0:3:3;1:1:1,1,3,0,0,0,1,0,0,0,0,0,0,35,24
34210,0:2:1;0:3:2;0:3:3;1:1:1,1,4,0,0,0,1,0,0,0,0,0,0,43,24
34211,0:2:1;0:3:2;0:3:3;1:1:1,1,5,1,1,1,0,1,1,1,1,1,5,8,2
34212,0:2:1;0:3:2;0:3:3;1:1:1,2,0,0,0,0,1,0,0,0,0,0,0,5,24
34213,0:2:1;0:3:2;0:3:3;1:1:1,2,1,0,0,0,1,0,0,0,0,0,0,13,24
34214,0:2:1;0:3:2;0:3:3;1:1:1,2,2,0,0,0,1,0,0,0,0,0,0,24,24
34215,0:2:1;0:3:2;0:3:3;1:1:1,2,3,0,0,0,1,0,0,0,0,0,0,35,24
34216,0:2:1;0:3:2;0:3:3;1:1:1,2,4,0,0,0,1,0,0,0,0,0,0,43,24
34217,0:2:1;0:3:2;0:3:3;1:1:1,2,5,1,1,1,0,1,1,1,1,1,5,8,2
34218,0:2:1;0:3:2;0:3:3;1:1:1,3,0,0,0,0,1,0,0,0,0,0,0,5,24
34219,0:2:1;0:3:2;0:3:3;1:1:1,3,1,0,0,0,1,0,0,0,0,0,0,13,24
34220,0:2:1;0:3:2;0:3:3;1:1:1,3,2,0,0,0,1,0,0,0,0,0,0,24,24
34221,0:2:1;0:3:2;0:3:3;1:1:1,3,3,0,0,0,1,0,0,0,0,0,0,35,24
34222,0:2:1;0:3:2;0:3:3;1:1:1,3,4,0,0,0,1,0,0,0,0,0,0,43,24
34223,0:2:1;0:3:2;0:3:3;1:1:1,3,5,1,1,1,0,1,1,1,1,1,5,8,2
34224,0:2:1;0:3:2;0:3:3;1:1:1,4,0,0,0,0,1,0,0,0,0,0,0,5,24
34225,0:2:1;0:3:2;0:3:3;1:1:1,4,1,0,0,0,1,0,0,0,0,0,0,13,24
34226,0:2:1;0:3:2;0:3:3;1:1:1,4,2,0,0,0,1,0,0,0,0,0,0,24,24
34227,0:2:1;0:3:2;0:3:3;1:1:1,4,3,0,0,0,1,0,0,0,0,0,0,35,24
34228,0:2:1;0:3:2;0:3:3;1:1:1,4,4,0,0,0,1,0,0,0,0,0,0,43,24
34229,0:2:1;0:3:2;0:3:3;1:1:1,4,5,1,1,1,0,1,1,1,1,1,5,8,2
34230,0:2:1;0:3:2;0:3:3;1:1:1,5,0,0,0,0,1,0,0,0,0,0,0,5,24
34231,0:2:1;0:3:2;0:3:3;1:1:1,5,1,0,0,0,1,0,0,0,0,0,0,13,24
34232,0:2:1;0:3:2;0:3:3;1:1:1,5,2,0,0,0,1,0,0,0,0,0,0,24,24
34233,0:2:1;0:3:2;0:3:3;1:1:1,5,3,0,0,0,1,0,0,0,0,0,0,35,24
34234,0:2:1;0:3:2;0:3:3;1:1:1,5,4,0,0,0,1,0,0,0,0,0,0,43,24
34235,0:2:1;0:3:2;0:3:3;1:1:1,5,5,1,1,1,0,1,1,1,1,1,5,8,2
34236,0:2:1;0:3:2;0:3:3;1:2:1,0,0,0,0,0,1,0,0,0,0,0,0,1,24
34237,0:2:1;0:3:2;0:3:3;1:2:1,0,1,0,0,0,1,0,0,0,0,0,0,10,24
34238,0:2:1;0:3:2;0:3:3;1:2:1,0,2,0,0,0,1,0,0,0,0,0,0,21,24
34239,0:2:1;0:3:2;0:3:3;1:2:1,0,3,0,0,0,1,0,0,0,0,0,0,32,24
34240,0:2:1;0:3:2;0:3:3;1:2:1,0,4,1,1,1,0,1,1,1,1,1,5,8,2
34241,0:2:1;0:3:2;0:3:3;1:2:1,0,5,1,1,1,0,1,1,1,1,1,5,8,2
34242,0:2:1;0:3:2;0:3:3;1:2:1,1,0,0,0,0,1,0,0,0,0,0,0,10,24
34243,0:2:1;0:3:2;0:3:3;1:2:1,1,1,0,0,0,1,0,0,0,0,0,0,19,24
34244,0:2:1;0:3:2;0:3:3;1:2:1,1,2,0,0,0,1,0,0,0,0,0,0,29,24
34245,0:2:1;0:3:2;0:3:3;1:2:1,1,3,0,0,0,1,0,0,0,0,0,0,38,24
34246,0:2:1;0:3:2;0:3:3;1:2:1,1,4,1,1,1,0,1,1,1,1,1,5,8,2
34247,0:2:1;0:3:2;0:3:3;1:2:1,1,5,1,1,1,0,1,1,1,1,1,5,8,2
34248,0:2:1;0:3:2;0:3:3;1:2:1,2,0,0,0,0,1,0,0,0,0,0,0,10,24
34249,0:2:1;0:3:2;0:3:3;1:2:1,2,1,0,0,0,1,0,0,0,0,0,0,19,24
34250,0:2:1;0:3:2;0:3:3;1:2:1,2,2,0,0,0,1,0,0,0,0,0,0,29,24
34251,0:2:1;0:3:2;0:3:3;1:2:1,2,3,0,0,0,1,0,0,0,0,0,0,38,24
34252,0:2:1;0:3:2;0:3:3;1:2:1,2,4,1,1,1,0,1,1,1,1,1,5,8,2
34253,0:2:1;0:3:2;0:3:3;1:2:1,2,5,1,1,1,0,1,1,1,1,1,5,8,2
34254,0:2:1;0:3:2;0:3:3;1:2:1,3,0,0,0,0,1,0,0,0,0,0,0,10,24
34255,0:2:1;0:3:2;0:3:3;1:2:1,3,1,0,0,0,1,0,0,0,0,0,0,19,24
34256,0:2:1;0:3:2;0:3:3;1:2:1,3,2,0,0,0,1,0,0,0,0,0,0,29,24
34257,0:2:1;0:3:2;0:3:3;1:2:1,3,3,0,0,0,1,0,0,0,0,0,0,38,24
34258,0:2:1;0:3:2;0:3:3;1:2:1,3,4,1,1,1,0,1,1,1,1,1,5,8,2
34259,0:2:1;0:3:2;0:3:3;1:2:1,3,5,1,1,1,0,1,1,1,1,1,5,8,2
34260,0:2:1;0:3:2;0:3:3;1:2:1,4,0,0,0,0,1,0,0,0,0,0,0,10,24
34261,0:2:1;0:3:2;0:3:3;1:2:1,4,1,0,0,0,1,0,0,0,0,0,0,19,24
34262,0:2:1;0:3:2;0:3:3;1:2:1,4,2,0,0,0,1,0,0,0,0,0,0,29,24
34263,0:2:1;0:3:2;0:3:3;1:2:1,4,3,0,0,0,1,0,0,0,0,0,0,38,24
34264,0:2:1;0:3:2;0:3:3;1:2:1,4,4,1,1,1,0,1,1,1,1,1,5,8,2
34265,0:2:1;0:3:2;0:3:3;1:2:1,4,5,1,1,1,0,1,1,1,1,1,5,8,2
34266,0:2:1;0:3:2;0:3:3;1:2:1,5,0,0,0,0,1,0,0,0,0,0,0,10,24
34267,0:2:1;0:3:2;0:3:3;1:2:1,5,1,0,0,0,1,0,0,0,0,0,0,19,24
34268,0:2:1;0:3:2;0:3:3;1:2:1,5,2,0,0,0,1,0,0,0,0,0,0,29,24
34269,0:2:1;0:3:2;0:3:3;1:2:1,5,3,0,0,0,1,0,0,0,0,0,0,38,24
34270,0:2:1;0:3:2;0:3:3;1:2:1,5,4,1,1,1,0,1,1,1,1,1,5,8,2
34271,0:2:1;0:3:2;0:3:3;1:2:1,5,5,1,1,1,0,1,1,1,1,1,5,8,2
34272,0:2:1;0:3:2;0:3:3;1:2:2,0,0,0,0,0,1,0,0,0,0,0,0,1,24
34273,0:2:1;0:3:2;0:3:3;1:2:2,0,1,0,0,0,1,0,0,0,0,0,0,11,24
34274,0:2:1;0:3:2;0:3:3;1:2:2,0,2,0,0,0,1,0,0,0,0,0,0,25,24
34275,0:2:1;0:3:2;0:3:3;1:2:2,0,3,0,0,0,1,0,0,0,0,0,0,41,24
34276,0:2:1;0:3:2;0:3:3;1:2:2,0,4,1,1,1,0,1,1,1,1,1,5,9,2
34277,0:2:1;0:3:2;0:3:3;1:2:2,0,5,1,1,1,0,1,1,1,1,1,5,9,2
34278,0:2:1;0:3:2;0:3:3;1:2:2,1,0,0,0,0,1,0,0,0,0,0,0,2,24
34279,0:2:1;0:3:2;0:3:3;1:2:2,1,1,0,0,0,1,0,0,0,0,0,0,14,24
34280,0:2:1;0:3:2;0:3:3;1:2:2,1,2,0,0,0,1,0,0,0,0,0,0,30,24
34281,0:2:1;0:3:2;0:3:3;1:2:2,1,3,0,0,0,1,0,0,0,0,0,0,47,24
34282,0:2:1;0:3:2;0:3:3;1:2:2,1,4,1,1,1,0,1,1,1,1,1,5,9,2
34283,0:2:1;0:3:2;0:3:3;1:2:2,1,5,1,1,1,0,1,1,1,1,1,5,9,2
34284,0:2:1;0:3:2;0:3:3;1:2:2,2,0,0,0,0,1,0,0,0,0,0,0,11,24
34285,0:2:1;0:3:2;0:3:3;1:2:2,2,1,0,0,0,1,0,0,0,0,0,0,23,24
34286,0:2:1;0:3:2;0:3:3;1:2:2,2,2,0,0,0,1,0,0,0,0,0,0,38,24
34287,0:2:1;0:3:2;0:3:3;1:2:2,2,3,0,0,0,1,0,0,0,0,0,0,53,24
34288,0:2:1;0:3:2;0:3:3;1:2:2,2,4,1,1,1,0,1,1,1,1,1,5,9,2
34289,0:2:1;0:3:2;0:3:3;1:2:2,2,5,1,1,1,0,1,1,1,1,1,5,9,2
34290,0:2:1;0:3:2;0:3:3;1:2:2,3,0,0,0,0,1,0,0,0,0,0,0,11,24
34291,0:2:1;0:3:2;0:3:3;1:2:2,3,1,0,0,0,1,0,0,0,0,0,0,23,24
34292,0:2:1;0:3:2;0:3:3;1:2:2,3,2,0,0,0,1,0,0,0,0,0,0,38,24
34293,0:2:1;0:3:2;0:3:3;1:2:2,3,3,0,0,0,1,0,0,0,0,0,0,53,24
34294,0:2:1;0:3:2;0:3:3;1:2:2,3,4,1,1,1,0,1,1,1,1,1,5,9,2
34295,0:2:1;0:3:2;0:3:3;1:2:2,3,5,1,1,1,0,1,1,1,1,1,5,9,2
34296,0:2:1;0:3:2;0:3:3;1:2:2,4,0,0,0,0,1,0,0,0,0,0,0,11,24
34297,0:2:1;0:3:2;0:3:3;1:2:2,4,1,0,0,0,1,0,0,0,0,0,0,23,24
34298,0:2:1;0:3:2;0:3:3;1:2:2,4,2,0,0,0,1,0,0,0,0,0,0,38,24
34299,0:2:1;0:3:2;0:3:3;1:2:2,4,3,0,0,0,1,0,0,0,0,0,0,53,24
34300,0:2:1;0:3:2;0:3:3;1:2:2,4,4,1,1,1,0,1,1,1,1,1,5,9,2
34301,0:2:1;0:3:2;0:3:3;1:2:2,4,5,1,1,1,0,1,1,1,1,1,5,9,2
34302,0:2:1;0:3:2;0:3:3;1:2:2,5,0,0,0,0,1,0,0,0,0,0,0,11,24
34303,0:2:1;0:3:2;0:3:3;1:2:2,5,1,0,0,0,1,0,0,0,0,0,0,23,24
34304,0:2:1;0:3:2;0:3:3;1:2:2,5,2,0,0,0,1,0,0,0,0,0,0,38,24
34305,0:2:1;0:3:2;0:3:3;1:2:2,5,3,0,0,0,1,0,0,0,0,0,0,53,24
34306,0:2:1;0:3:2;0:3:3;1:2:2,5,4,1,1,1,0,1,1,1,1,1,5,9,2
34307,0:2:1;0:3:2;0:3:3;1:2:2,5,5,1,1,1,0,1,1,1,1,1,5,9,2
34308,0:2:1;0:3:2;0:3:3;1:3:2,0,0,0,0,0,1,0,0,0,0,0,0,1,24
34309,0:2:1;0:3:2;0:3:3;1:3:2,0,1,0,0,0,1,0,0,0,0,0,0,14,24
34310,0:2:1;0:3:2;0:3:3;1:3:2,0,2,0,0,0,1,0,0,0,0,0,0,28,24
34311,0:2:1;0:3:2;0:3:3;1:3:2,0,3,1,1,0,0,1,1,1,1,1,5,9,2
34312,0:2:1;0:3:2;0:3:3;1:3:2,0,4,1,1,1,0,1,1,1,1,1,5,9,2
34313,0:2:1;0:3:2;0:3:3;1:3:2,0,5,1,1,1,0,1,1,1,1,1,5,9,2
34314,0:2:1;0:3:2;0:3:3;1:3:2,1,0,0,0,0,1,0,0,0,0,0,0,2,24
34315,0:2:1;0:3:2;0:3:3;1:3:2,1,1,0,0,0,1,0,0,0,0,0,0,17,24
34316,0:2:1;0:3:2;0:3:3;1:3:2,1,2,0,0,0,1,0,0,0,0,0,0,33,24
34317,0:2:1;0:3:2;0:3:3;1:3:2,1,3,1,1,1,0,1,1,1,1,1,5,9,2
34318,0:2:1;0:3:2;0:3:3;1:3:2,1,4,1,1,1,0,1,1,1,1,1,5,9,2
34319,0:2:1;0:3:2;0:3:3;1:3:2,1,5,1,1,1,0,1,1,1,1,1,5,9,2
34320,0:2:1;0:3:2;0:3:3;1:3:2,2,0,0,0,0,1,0,0,0,0,0,0,17,24
34321,0:2:1;0:3:2;0:3:3;1:3:2,2,1,0,0,0,1,0,0,0,0,0,0,28,24
34322,0:2:1;0:3:2;0:3:3;1:3:2,2,2,0,0,0,1,0,0,0,0,0,0,41,24
34323,0:2:1;0:3:2;0:3:3;1:3:2,2,3,1,1,1,0,1,1,1,1,1,5,9,2
34324,0:2:1;0:3:2;0:3:3;1:3:2,2,4,1,1,1,0,1,1,1,1,1,5,9,2
34325,0:2:1;0:3:2;0:3:3;1:3:2,2,5,1,1,1,0,1,1,1,1,1,5,9,2
34326,0:2:1;0:3:2;0:3:3;1:3:2,3,0,0,0,0,1,0,0,0,0,0,0,17,24
34327,0:2:1;0:3:2;0:3:3;1:3:2,3,1,0,0,0,1,0,0,0,0,0,0,28,24
34328,0:2:1;0:3:2;0:3:3;1:3:2,3,2,0,0,0,1,0,0,0,0,0,0,41,24
34329,0:2:1;0:3:2;0:3:3;1:3:2,3,3,1,1,1,0,1,1,1,1,1,5,9,2
34330,0:2:1;0:3:2;0:3:3;1:3:2,3,4,1,1,1,0,1,1,1,1,1,5,9,2
34331,0:2:1;0:3:2;0:3:3;1:3:2,3,5,1,1,1,0,1,1,1,1,1,5,9,2
34332,0:2:1;0:3:2;0:3:3;1:3:2,4,0,0,0,0,1,0,0,0,0,0,0,17,24
34333,0:2:1;0:3:2;0:3:3;1:3:2,4,1,0,0,0,1,0,0,0,0,0,0,28,24
34334,0:2:1;0:3:2;0:3:3;1:3:2,4,2,0,0,0,1,0,0,0,0,0,0,41,24
34335,0:2:1;0:3:2;0:3:3;1:3:2,4,3,1,1,1,0,1,1,1,1,1,5,9,2
34336,0:2:1;0:3:2;0:3:3;1:3:2,4,4,1,1,1,0,1,1,1,1,1,5,9,2
34337,0:2:1;0:3:2;0:3:3;1:3:2,4,5,1,1,1,0,1,1,1,1,1,5,9,2
34338,0:2:1;0:3:2;0:3:3;1:3:2,5,0,0,0,0,1,0,0,0,0,0,0,17,24
34339,0:2:1;0:3:2;0:3:3;1:3:2,5,1,0,0,0,1,0,0,0,0,0,0,28,24
34340,0:2:1;0:3:2;0:3:3;1:3:2,5,2,0,0,0,1,0,0,0,0,0,0,41,24
34341,0:2:1;0:3:2;0:3:3;1:3:2,5,3,1,1,1,0,1,1,1,1,1,5,9,2
34342,0:2:1;0:3:2;0:3:3;1:3:2,5,4,1,1,1,0,1,1,1,1,1,5,9,2
34343,0:2:1;0:3:2;0:3:3;1:3:2,5,5,1,1,1,0,1,1,1,1,1,5,9,2
34344,0:2:1;0:3:2;0:3:3;1:3:3,0,0,0,0,0,1,0,0,0,0,0,0,1,24
34345,0:2:1;0:3:2;0:3:3;1:3:3,0,1,0,0,0,1,0,0,0,0,0,0,6,24
34346,0:2:1;0:3:2;0:3:3;1:3:3,0,2,0,0,0,1,0,0,0,0,0,0,24,24
34347,0:2:1;0:3:2;0:3:3;1:3:3,0,3,1,1,0,0,1,1,1,1,1,5,10,2
34348,0:2:1;0:3:2;0:3:3;1:3:3,0,4,1,1,0,0,1,1,1,1,1,5,10,2
34349,0:2:1;0:3:2;0:3:3;1:3:3,0,5,1,1,1,0,1,1,1,1,1,5,10,2
34350,0:2:1;0:3:2;0:3:3;1:3:3,1,0,0,0,0,1,0,0,0,0,0,0,2,24
34351,0:2:1;0:3:2;0:3:3;1:3:3,1,1,0,0,0,1,0,0,0,0,0,0,18,24
34352,0:2:1;0:3:2;0:3:3;1:3:3,1,2,0,0,0,1,0,0,0,0,0,0,37,24
34353,0:2:1;0:3:2;0:3:3;1:3:3,1,3,1,1,0,0,1,1,1,1,1,5,10,2
34354,0:2:1;0:3:2;0:3:3;1:3:3,1,4,1,1,1,0,1,1,1,1,1,5,10,2
34355,0:2:1;0:3:2;0:3:3;1:3:3,1,5,1,1,1,0,1,1,1,1,1,5,10,2
34356,0:2:1;0:3:2;0:3:3;1:3:3,2,0,0,0,0,1,0,0,0,0,0,0,3,24
34357,0:2:1;0:3:2;0:3:3;1:3:3,2,1,0,0,0,1,0,0,0,0,0,0,21,24
34358,0:2:1;0:3:2;0:3:3;1:3:3,2,2,0,0,0,1,0,0,0,0,0,0,42,24
34359,0:2:1;0:3:2;0:3:3;1:3:3,2,3,1,1,1,0,1,1,1,1,1,5,10,2
34360,0:2:1;0:3:2;0:3:3;1:3:3,2,4,1,1,1,0,1,1,1,1,1,5,10,2
34361,0:2:1;0:3:2;0:3:3;1:3:3,2,5,1,1,1,0,1,1,1,1,1,5,10,2
34362,0:2:1;0:3:2;0:3:3;1:3:3,3,0,0,0,0,1,0,0,0,0,0,0,18,24
34363,0:2:1;0:3:2;0:3:3;1:3:3,3,1,0,0,0,1,0,0,0,0,0,0,32,24
34364,0:2:1;0:3:2;0:3:3;1:3:3,3,2,0,0,0,1,0,0,0,0,0,0,50,24
34365,0:2:1;0:3:2;0:3:3;1:3:3,3,3,1,1,1,0,1,1,1,1,1,5,10,2
34366,0:2:1;0:3:2;0:3:3;1:3:3,3,4,1,1,1,0,1,1,1,1,1,5,10,2
34367,0:2:1;0:3:2;0:3:3;1:3:3,3,5,1,1,1,0,1,1,1,1,1,5,10,2
34368,0:2:1;0:3:2;0:3:3;1:3:3,4,0,0,0,0,1,0,0,0,0,0,0,18,24
34369,0:2:1;0:3:2;0:3:3;1:3:3,4,1,0,0,0,1,0,0,0,0,0,0,32,24
34370,0:2:1;0:3:2;0:3:3;1:3:3,4,2,0,0,0,1,0,0,0,0,0,0,50,24
34371,0:2:1;0:3:2;0:3:3;1:3:3,4,3,1,1,1,0,1,1,1,1,1,5,10,2
34372,0:2:1;0:3:2;0:3:3;1:3:3,4,4,1,1,1,0,1,1,1,1,1,5,10,2
34373,0:2:1;0:3:2;0:3:3;1:3:3,4,5,1,1,1,0,1,1,1,1,1,5,10,2
34374,0:2:1;0:3:2;0:3:3;1:3:3,5,0,0,0,0,1,0,0,0,0,0,0,18,24
34375,0:2:1;0:3:2;0:3:3;1:3:3,5,1,0,0,0,1,0,0,0,0,0,0,32,24
34376,0:2:1;0:3:2;0:3:3;1:3:3,5,2,0,0,0,1,0,0,0,0,0,0,50,24
34377,0:2:1;0:3:2;0:3:3;1:3:3,5,3,1,1,1,0,1,1,1,1,1,5,10,2
34378,0:2:1;0:3:2;0:3:3;1:3:3,5,4,1,1,1,0,1,1,1,1,1,5,10,2
34379,0:2:1;0:3:2;0:3:3;1:3:3,5,5,1,1,1,0,1,1,1,1,1,5,10,2
34380,0:2:1;0:3:2;0:3:3;1:4:3,0,0,0,0,0,1,0,0,0,0,0,0,1,24
34381,0:2:1;0:3:2;0:3:3;1:4:3,0,1,0,0,0,1,0,0,0,0,0,0,6,24
34382,0:2:1;0:3:2;0:3:3;1:4:3,0,2,1,1,0,1,0,0,1,0,1,6,19,11
34383,0:2:1;0:3:2;0:3:3;1:4:3,0,3,1,1,0,0,1,1,1,1,1,5,10,2
34384,0:2:1;0:3:2;0:3:3;1:4:3,0,4,1,1,0,0,1,1,1,1,1,5,10,2
34385,0:2:1;0:3:2;0:3:3;1:4:3,0,5,1,1,1,0,1,1,1,1,1,5,10,2
34386,0:2:1;0:3:2;0:3:3;1:4:3,1,0,0,0,0,1,0,0,0,0,0,0,2,24
34387,0:2:1;0:3:2;0:3:3;1:4:3,1,1,0,0,0,1,0,0,0,0,0,0,20,24
34388,0:2:1;0:3:2;0:3:3;1:4:3,1,2,1,1,0,0,1,1,1,1,1,5,10,5
34389,0:2:1;0:3:2;0:3:3;1:4:3,1,3,1,1,0,0,1,1,1,1,1,5,10,2
34390,0:2:1;0:3:2;0:3:3;1:4:3,1,4,1,1,1,0,1,1,1,1,1,5,10,2
34391,0:2:1;0:3:2;0:3:3;1:4:3,1,5,1,1,1,0,1,1,1,1,1,5,10,2
34392,0:2:1;0:3:2;0:3:3;1:4:3,2,0,0,0,0,1,0,0,0,0,0,0,3,24
34393,0:2:1;0:3:2;0:3:3;1:4:3,2,1,0,0,0,1,0,0,0,0,0,0,23,24
34394,0:2:1;0:3:2;0:3:3;1:4:3,2,2,1,1,0,0,1,1,1,1,1,5,10,5
34395,0:2:1;0:3:2;0:3:3;1:4:3,2,3,1,1,1,0,1,1,1,1,1,5,10,2
34396,0:2:1;0:3:2;0:3:3;1:4:3,2,4,1,1,1,0,1,1,1,1,1,5,10,2
34397,0:2:1;0:3:2;0:3:3;1:4:3,2,5,1,1,1,0,1,1,1,1,1,5,10,2
34398,0:2:1;0:3:2;0:3:3;1:4:3,3,0,0,0,0,1,0,0,0,0,0,0,23,24
34399,0:2:1;0:3:2;0:3:3;1:4:3,3,1,0,0,0,1,0,0,0,0,0,0,35,24
34400,0:2:1;0:3:2;0:3:3;1:4:3,3,2,1,1,1,0,1,1,1,1,1,5,10,5
34401,0:2:1;0:3:2;0:3:3;1:4:3,3,3,1,1,1,0,1,1,1,1,1,5,10,2
34402,0:2:1;0:3:2;0:3:3;1:4:3,3,4,1,1,1,0,1,1,1,1,1,5,10,2
34403,0:2:1;0:3:2;0:3:3;1:4:3,3,5,1,1,1,0,1,1,1,1,1,5,10,2
34404,0:2:1;0:3:2;0:3:3;1:4:3,4,0,0,0,0,1,0,0,0,0,0,0,23,24
34405,0:2:1;0:3:2;0:3:3;1:4:3,4,1,0,0,0,1,0,0,0,0,0,0,35,24
34406,0:2:1;0:3:2;0:3:3;1:4:3,4,2,1,1,1,0,1,1,1,1,1,5,10,5
34407,0:2:1;0:3:2;0:3:3;1:4:3,4,3,1,1,1,0,1,1,1,1,1,5,10,2
34408,0:2:1;0:3:2;0:3:3;1:4:3,4,4,1,1,1,0,1,1,1,1,1,5,10,2
34409,0:2:1;0:3:2;0:3:3;1:4:3,4,5,1,1,1,0,1,1,1,1,1,5,10,2
34410,0:2:1;0:3:2;0:3:3;1:4:3,5,0,0,0,0,1,0,0,0,0,0,0,23,24
34411,0:2:1;0:3:2;0:3:3;1:4:3,5,1,0,0,0,1,0,0,0,0,0,0,35,24
34412,0:2:1;0:3:2;0:3:3;1:4:3,5,2,1,1,1,0,1,1,1,1,1,5,10,5
34413,0:2:1;0:3:2;0:3:3;1:4:3,5,3,1,1,1,0,1,1,1,1,1,5,10,2
34414,0:2:1;0:3:2;0:3:3;1:4:3,5,4,1,1,1,0,1,1,1,1,1,5,10,2
34415,0:2:1;0:3:2;0:3:3;1:4:3,5,5,1,1,1,0,1,1,1,1,1,5,10,2
34416,0:2:1;0:3:2;0:4:3;0:4:3,0,0,0,0,0,1,0,0,0,0,0,0,1,24
34417,0:2:1;0:3:2;0:4:3;0:4:3,0,1,0,0,0,1,0,0,0,0,0,0,5,24
34418,0:2:1;0:3:2;0:4:3;0:4:3,0,2,0,0,0,1,0,0,0,0,0,0,14,24
34419,0:2:1;0:3:2;0:4:3;0:4:3,0,3,0,0,0,1,0,0,0,0,0,0,29,24
34420,0:2:1;0:3:2;0:4:3;0:4:3,0,4,0,0,0,1,0,0,0,0,0,0,48,24
34421,0:2:1;0:3:2;0:4:3;0:4:3,0,5,0,0,0,1,0,0,0,0,0,0,67,24
34422,0:2:1;0:3:2;0:4:3;0:4:3,1,0,0,0,0,1,0,0,0,0,0,0,1,24
34423,0:2:1;0:3:2;0:4:3;0:4:3,1,1,0,0,0,1,0,0,0,0,0,0,5,24
34424,0:2:1;0:3:2;0:4:3;0:4:3,1,2,0,0,0,1,0,0,0,0,0,0,14,24
34425,0:2:1;0:3:2;0:4:3;0:4:3,1,3,0,0,0,1,0,0,0,0,0,0,29,24
34426,0:2:1;0:3:2;0:4:3;0:4:3,1,4,0,0,0,1,0,0,0,0,0,0,48,24
34427,0:2:1;0:3:2;0:4:3;0:4:3,1,5,0,0,0,1,0,0,0,0,0,0,67,24
34428,0:2:1;0:3:2;0:4:3;0:4:3,2,0,0,0,0,1,0,0,0,0,0,0,1,24
34429,0:2:1;0:3:2;0:4:3;0:4:3,2,1,0,0,0,1,0,0,0,0,0,0,5,24
34430,0:2:1;0:3:2;0:4:3;0:4:3,2,2,0,0,0,1,0,0,0,0,0,0,14,24
34431,0:2:1;0:3:2;0:4:3;0:4:3,2,3,0,0,0,1,0,0,0,0,0,0,29,24
34432,0:2:1;0:3:2;0:4:3;0:4:3,2,4,0,0,0,1,0,0,0,0,0,0,48,24
34433,0:2:1;0:3:2;0:4:3;0:4:3,2,5,0,0,0,1,0,0,0,0,0,0,67,24
34434,0:2:1;0:3:2;0:4:3;0:4:3,3,0,0,0,0,1,0,0,0,0,0,0,1,24
34435,0:2:1;0:3:2;0:4:3;0:4:3,3,1,0,0,0,1,0,0,0,0,0,0,5,24
34436,0:2:1;0:3:2;0:4:3;0:4:3,3,2,0,0,0,1,0,0,0,0,0,0,14,24
34437,0:2:1;0:3:2;0:4:3;0:4:3,3,3,0,0,0,1,0,0,0,0,0,0,29,24
34438,0:2:1;0:3:2;0:4:3;0:4:3,3,4,0,0,0,1,0,0,0,0,0,0,48,24
34439,0:2:1;0:3:2;0:4:3;0:4:3,3,5,0,0,0,1,0,0,0,0,0,0,67,24
34440,0:2:1;0:3:2;0:4:3;0:4:3,4,0,0,0,0,1,0,0,0,0,0,0,1,24
34441,0:2:1;0:3:2;0:4:3;0:4:3,4,1,0,0,0,1,0,0,0,0,0,0,5,24
34442,0:2:1;0:3:2;0:4:3;0:4:3,4,2,0,0,0,1,0,0,0,0,0,0,14,24
34443,0:2:1;0:3:2;0:4:3;0:4:3,4,3,0,0,0,1,0,0,0,0,0,0,29,24
34444,0:2:1;0:3:2;0:4:3;0:4:3,4,4,0,0,0,1,0,0,0,0,0,0,48,24
34445,0:2:1;0:3:2;0:4:3;0:4:3,4,5,0,0,0,1,0,0,0,0,0,0,67,24
34446,0:2:1;0:3:2;0:4:3;0:4:3,5,0,0,0,0,1,0,0,0,0,0,0,1,24
34447,0:2:1;0:3:2;0:4:3;0:4:3,5,1,0,0,0,1,0,0,0,0,0,0,5,24
34448,0:2:1;0:3:2;0:4:3;0:4:3,5,2,0,0,0,1,0,0,0,0,0,0,14,24
34449,0:2:1;0:3:2;0:4:3;0:4:3,5,3,0,0,0,1,0,0,0,0,0,0,29,24
34450,0:2:1;0:3:2;0:4:3;0:4:3,5,4,0,0,0,1,0,0,0,0,0,0,48,24
34451,0:2:1;0:3:2;0:4:3;0:4:3,5,5,0,0,0,1,0,0,0,0,0,0,67,24
34452,0:2:1;0:3:2;0:4:3;1:1:1,0,0,0,0,0,1,0,0,0,0,0,0,1,24
34453,0:2:1;0:3:2;0:4:3;1:1:1,0,1,0,0,0,1,0,0,0,0,0,0,7,24
34454,0:2:1;0:3:2;0:4:3;1:1:1,0,2,0,0,0,1,0,0,0,0,0,0,17,24
34455,0:2:1;0:3:2;0:4:3;1:1:1,0,3,0,0,0,1,0,0,0,0,0,0,29,24
34456,0:2:1;0:3:2;0:4:3;1:1:1,0,4,0,0,0,1,0,0,0,0,0,0,37,24
34457,0:2:1;0:3:2;0:4:3;1:1:1,0,5,1,1,1,0,1,1,1,1,1,5,8,2
34458,0:2:1;0:3:2;0:4:3;1:1:1,1,0,0,0,0,1,0,0,0,0,0,0,5,24
34459,0:2:1;0:3:2;0:4:3;1:1:1,1,1,0,0,0,1,0,0,0,0,0,0,13,24
34460,0:2:1;0:3:2;0:4:3;1:1:1,1,2,0,0,0,1,0,0,0,0,0,0,24,24
34461,0:2:1;0:3:2;0:4:3;1:1:1,1,3,0,0,0,1,0,0,0,0,0,0,35,24
34462,0:2:1;0:3:2;0:4:3;1:1:1,1,4,0,0,0,1,0,0,0,0,0,0,43,24
34463,0:2:1;0:3:2;0:4:3;1:1:1,1,5,1,1,1,0,1,1,1,1,1,5,8,2
34464,0:2:1;0:3:2;0:4:3;1:1:1,2,0,0,0,0,1,0,0,0,0,0,0,5,24
34465,0:2:1;0:3:2;0:4:3;1:1:1,2,1,0,0,0,1,0,0,0,0,0,0,13,24
34466,0:2:1;0:3:2;0:4:3;1:1:1,2,2,0,0,0,1,0,0,0,0,0,0,24,24
34467,0:2:1;0:3:2;0:4:3;1:1:1,2,3,0,0,0,1,0,0,0,0,0,0,35,24
34468,0:2:1;0:3:2;0:4:3;1:1:1,2,4,0,0,0,1,0,0,0,0,0,0,43,24
34469,0:2:1;0:3:2;0:4:3;1:1:1,2,5,1,1,1,0,1,1,1,1,1,5,8,2
34470,0:2:1;0:3:2;0:4:3;1:1:1,3,0,0,0,0,1,0,0,0,0,0,0,5,24
34471,0:2:1;0:3:2;0:4:3;1:1:1,3,1,0,0,0,1,0,0,0,0,0,0,13,24
34472,0:2:1;0:3:2;0:4:3;1:1:1,3,2,0,0,0,1,0,0,0,0,0,0,24,24
34473,0:2:1;0:3:2;0:4:3;1:1:1,3,3,0,0,0,1,0,0,0,0,0,0,35,24
34474,0:2:1;0:3:2;0:4:3;1:1:1,3,4,0,0,0,1,0,0,0,0,0,0,43,24
34475,0:2:1;0:3:2;0:4:3;1:1:1,3,5,1,1,1,0,1,1,1,1,1,5,8,2
34476,0:2:1;0:3:2;0:4:3;1:1:1,4,0,0,0,0,1,0,0,0,0,0,0,5,24
34477,0:2:1;0:3:2;0:4:3;1:1:1,4,1,0,0,0,1,0,0,0,0,0,0,13,24
34478,0:2:1;0:3:2;0:4:3;1:1:1,4,2,0,0,0,1,0,0,0,0,0,0,24,24
34479,0:2:1;0:3:2;0:4:3;1:1:1,4,3,0,0,0,1,0,0,0,0,0,0,35,24
34480,0:2:1;0:3:2;0:4:3;1:1:1,4,4,0,0,0,1,0,0,0,0,0,0,43,24
34481,0:2:1;0:3:2;0:4:3;1:1:1,4,5,1,1,1,0,1,1,1,1,1,5,8,2
34482,0:2:1;0:3:2;0:4:3;1:1:1,5,0,0,0,0,1,0,0,0,0,0,0,5,24
34483,0:2:1;0:3:2;0:4:3;1:1:1,5,1,0,0,0,1,0,0,0,0,0,0,13,24
34484,0:2:1;0:3:2;0:4:3;1:1:1,5,2,0,0,0,1,0,0,0,0,0,0,24,24
34485,0:2:1;0:3:2;0:4:3;1:1:1,5,3,0,0,0,1,0,0,0,0,0,0,35,24
34486,0:2:1;0:3:2;0:4:3;1:1:1,5,4,0,0,0,1,0,0,0,0,0,0,43,24
34487,0:2:1;0:3:2;0:4:3;1:1:1,5,5,1,1,1,0,1,1,1,1,1,5,8,2
34488,0:2:1;0:3:2;0:4:3;1:2:1,0,0,0,0,0,1,0,0,0,0,0,0,1,24
34489,0:2:1;0:3:2;0:4:3;1:2:1,0,1,0,0,0,1,0,0,0,0,0,0,10,24
34490,0:2:1;0:3:2;0:4:3;1:2:1,0,2,0,0,0,1,0,0,0,0,0,0,21,24
34491,0:2:1;0:3:2;0:4:3;1:2:1,0,3,0,0,0,1,0,0,0,0,0,0,32,24
34492,0:2:1;0:3:2;0:4:3;1:2:1,0,4,1,1,1,0,1,1,1,1,1,5,8,2
34493,0:2:1;0:3:2;0:4:3;1:2:1,0,5,1,1,1,0,1,1,1,1,1,5,8,2
34494,0:2:1;0:3:2;0:4:3;1:2:1,1,0,0,0,0,1,0,0,0,0,0,0,10,24
34495,0:2:1;0:3:2;0:4:3;1:2:1,1,1,0,0,0,1,0,0,0,0,0,0,19,24
34496,0:2:1;0:3:2;0:4:3;1:2:1,1,2,0,0,0,1,0,0,0,0,0,0,29,24
34497,0:2:1;0:3:2;0:4:3;1:2:1,1,3,0,0,0,1,0,0,0,0,0,0,38,24
34498,0:2:1;0:3:2;0:4:3;1:2:1,1,4,1,1,1,0,1,1,1,1,1,5,8,2
34499,0:2:1;0:3:2;0:4:3;1:2:1,1,5,1,1,1,0,1,1,1,1,1,5,8,2
34500,0:2:1;0:3:2;0:4:3;1:2:1,2,0,0,0,0,1,0,0,0,0,0,0,10,24
34501,0:2:1;0:3:2;0:4:3;1:2:1,2,1,0,0,0,1,0,0,0,0,0,0,19,24
34502,0:2:1;0:3:2;0:4:3;1:2:1,2,2,0,0,0,1,0,0,0,0,0,0,29,24
34503,0:2:1;0:3:2;0:4:3;1:2:1,2,3,0,0,0,1,0,0,0,0,0,0,38,24
34504,0:2:1;0:3:2;0:4:3;1:2:1,2,4,1,1,1,0,1,1,1,1,1,5,8,2
34505,0:2:1;0:3:2;0:4:3;1:2:1,2,5,1,1,1,0,1,1,1,1,1,5,8,2
34506,0:2:1;0:3:2;0:4:3;1:2:1,3,0,0,0,0,1,0,0,0,0,0,0,10,24
34507,0:2:1;0:3:2;0:4:3;1:2:1,3,1,0,0,0,1,0,0,0,0,0,0,19,24
34508,0:2:1;0:3:2;0:4:3;1:2:1,3,2,0,0,0,1,0,0,0,0,0,0,29,24
34509,0:2:1;0:3:2;0:4:3;1:2:1,3,3,0,0,0,1,0,0,0,0,0,0,38,24
34510,0:2:1;0:3:2;0:4:3;1:2:1,3,4,1,1,1,0,1,1,1,1,1,5,8,2
34511,0:2:1;0:3:2;0:4:3;1:2:1,3,5,1,1,1,0,1,1,1,1,1,5,8,2
34512,0:2:1;0:3:2;0:4:3;1:2:1,4,0,0,0,0,1,0,0,0,0,0,0,10,24
34513,0:2:1;0:3:2;0:4:3;1:2:1,4,1,0,0,0,1,0,0,0,0,0,0,19,24
34514,0:2:1;0:3:2;0:4:3;1:2:1,4,2,0,0,0,1,0,0,0,0,0,0,29,24
34515,0:2:1;0:3:2;0:4:3;1:2:1,4,3,0,0,0,1,0,0,0,0,0,0,38,24
34516,0:2:1;0:3:2;0:4:3;1:2:1,4,4,1,1,1,0,1,1,1,1,1,5,8,2
34517,0:2:1;0:3:2;0:4:3;1:2:1,4,5,1,1,1,0,1,1,1,1,1,5,8,2
34518,0:2:1;0:3:2;0:4:3;1:2:1,5,0,0,0,0,1,0,0,0,0,0,0,10,24
34519,0:2:1;0:3:2;0:4:3;1:2:1,5,1,0,0,0,1,0,0,0,0,0,0,19,24
34520,0:2:1;0:3:2;0:4:3;1:2:1,5,2,0,0,0,1,0,0,0,0,0,0,29,24
34521,0:2:1;0:3:2;0:4:3;1:2:1,5,3,0,0,0,1,0,0,0,0,0,0,38,24
34522,0:2:1;0:3:2;0:4:3;1:2:1,5,4,1,1,1,0,1,1,1,1,1,5,8,2
34523,0:2:1;0:3:2;0:4:3;1:2:1,5,5,1,1,1,0,1,1,1,1,1,5,8,2
34524,0:2:1;0:3:2;0:4:3;1:2:2,0,0,0,0,0,1,0,0,0,0,0,0,1,24
34525,0:2:1;0:3:2;0:4:3;1:2:2,0,1,0,0,0,1,0,0,0,0,0,0,11,24
34526,0:2:1;0:3:2;0:4:3;1:2:2,0,2,0,0,0,1,0,0,0,0,0,0,25,24
34527,0:2:1;0:3:2;0:4:3;1:2:2,0,3,0,0,0,1,0,0,0,0,0,0,41,24
34528,0:2:1;0:3:2;0:4:3;1:2:2,0,4,1,1,1,0,1,1,1,1,1,5,9,2
34529,0:2:1;0:3:2;0:4:3;1:2:2,0,5,1,1,1,0,1,1,1,1,1,5,9,2
34530,0:2:1;0:3:2;0:4:3;1:2:2,1,0,0,0,0,1,0,0,0,0,0,0,2,24
34531,0:2:1;0:3:2;0:4:3;1:2:2,1,1,0,0,0,1,0,0,0,0,0,0,14,24
34532,0:2:1;0:3:2;0:4:3;1:2:2,1,2,0,0,0,1,0,0,0,0,0,0,30,24
34533,0:2:1;0:3:2;0:4:3;1:2:2,1,3,0,0,0,1,0,0,0,0,0,0,47,24
34534,0:2:1;0:3:2;0:4:3;1:2:2,1,4,1,1,1,0,1,1,1,1,1,5,9,2
34535,0:2:1;0:3:2;0:4:3;1:2:2,1,5,1,1,1,0,1,1,1,1,1,5,9,2
34536,0:2:1;0:3:2;0:4:3;1:2:2,2,0,0,0,0,1,0,0,0,0,0,0,11,24
34537,0:2:1;0:3:2;0:4:3;1:2:2,2,1,0,0,0,1,0,0,0,0,0,0,23,24
34538,0:2:1;0:3:2;0:4:3;1:2:2,2,2,0,0,0,1,0,0,0,0,0,0,38,24
34539,0:2:1;0:3:2;0:4:3;1:2:2,2,3,0,0,0,1,0,0,0,0,0,0,53,24
34540,0:2:1;0:3:2;0:4:3;1:2:2,2,4,1,1,1,0,1,1,1,1,1,5,9,2
34541,0:2:1;0:3:2;0:4:3;1:2:2,2,5,1,1,1,0,1,1,1,1,1,5,9,2
34542,0:2:1;0:3:2;0:4:3;1:2:2,3,0,0,0,0,1,0,0,0,0,0,0,11,24
34543,0:2:1;0:3:2;0:4:3;1:2:2,3,1,0,0,0,1,0,0,0,0,0,0,23,24
34544,0:2:1;0:3:2;0:4:3;1:2:2,3,2,0,0,0,1,0,0,0,0,0,0,38,24
34545,0:2:1;0:3:2;0:4:3;1:2:2,3,3,0,0,0,1,0,0,0,0,0,0,53,24
34546,0:2:1;0:3:2;0:4:3;1:2:2,3,4,1,1,1,0,1,1,1,1,1,5,9,2
34547,0:2:1;0:3:2;0:4:3;1:2:2,3,5,1,1,1,0,1,1,1,1,1,5,9,2
34548,0:2:1;0:3:2;0:4:3;1:2:2,4,0,0,0,0,1,0,0,0,0,0,0,11,24
34549,0:2:1;0:3:2;0:4:3;1:2:2,4,1,0,0,0,1,0,0,0,0,0,0,23,24
34550,0:2:1;0:3:2;0:4:3;1:2:2,4,2,0,0,0,1,0,0,0,0,0,0,38,24
34551,0:2:1;0:3:2;0:4:3;1:2:2,4,3,0,0,0,1,0,0,0,0,0,0,53,24
34552,0:2:1;0:3:2;0:4:3;1:2:2,4,4,1,1,1,0,1,1,1,1,1,5,9,2
34553,0:2:1;0:3:2;0:4:3;1:2:2,4,5,1,1,1,0,1,1,1,1,1,5,9,2
34554,0:2:1;0:3:2;0:4:3;1:2:2,5,0,0,0,0,1,0,0,0,0,0,0,11,24
34555,0:2:1;0:3:2;0:4:3;1:2:2,5,1,0,0,0,1,0,0,0,0,0,0,23,24
34556,0:2:1;0:3:2;0:4:3;1:2:2,5,2,0,0,0,1,0,0,0,0,0,0,38,24
34557,0:2:1;0:3:2;0:4:3;1:2:2,5,3,0,0,0,1,0,0,0,0,0,0,53,24
34558,0:2:1;0:3:2;0:4:3;1:2:2,5,4,1,1,1,0,1,1,1,1,1,5,9,2
34559,0:2:1;0:3:2;0:4:3;1:2:2,5,5,1,1,1,0,1,1,1,1,1,5,9,2
34560,0:2:1;0:3:2;0:4:3;1:3:2,0,0,0,0,0,1,0,0,0,0,0,0,1,24
34561,0:2:1;0:3:2;0:4:3;1:3:2,0,1,0,0,0,1,0,0,0,0,0,0,14,24
34562,0:2:1;0:3:2;0:4:3;1:3:2,0,2,0,0,0,1,0,0,0,0,0,0,28,24
34563,0:2:1;0:3:2;0:4:3;1:3:2,0,3,1,1,0,0,1,1,1,1,1,5,9,2
34564,0:2:1;0:3:2;0:4:3;1:3:2,0,4,1,1,1,0,1,1,1,1,1,5,9,2
34565,0:2:1;0:3:2;0:4:3;1:3:2,0,5,1,1,1,0,1,1,1,1,1,5,9,2
34566,0:2:1;0:3:2;0:4:3;1:3:2,1,0,0,0,0,1,0,0,0,0,0,0,2,24
34567,0:2:1;0:3:2;0:4:3;1:3:2,1,1,0,0,0,1,0,0,0,0,0,0,17,24
34568,0:2:1;0:3:2;0:4:3;1:3:2,1,2,0,0,0,1,0,0,0,0,0,0,33,24
34569,0:2:1;0:3:2;0:4:3;1:3:2,1,3,1,1,1,0,1,1,1,1,1,5,9,2
34570,0:2:1;0:3:2;0:4:3;1:3:2,1,4,1,1,1,0,1,1,1,1,1,5,9,2
34571,0:2:1;0:3:2;0:4:3;1:3:2,1,5,1,1,1,0,1,1,1,1,1,5,9,2
34572,0:2:1;0:3:2;0:4:3;1:3:2,2,0,0,0,0,1,0,0,0,0,0,0,17,24
34573,0:2:1;0:3:2;0:4:3;1:3:2,2,1,0,0,0,1,0,0,0,0,0,0,28,24
34574,0:2:1;0:3:2;0:4:3;1:3:2,2,2,0,0,0,1,0,0,0,0,0,0,41,24
34575,0:2:1;0:3:2;0:4:3;1:3:2,2,3,1,1,1,0,1,1,1,1,1,5,9,2
34576,0:2:1;0:3:2;0:4:3;1:3:2,2,4,1,1,1,0,1,1,1,1,1,5,9,2
34577,0:2:1;0:3:2;0:4:3;1:3:2,2,5,1,1,1,0,1,1,1,1,1,5,9,2
34578,0:2:1;0:3:2;0:4:3;1:3:2,3,0,0,0,0,1,0,0,0,0,0,0,17,24
34579,0:2:1;0:3:2;0:4:3;1:3:2,3,1,0,0,0,1,0,0,0,0,0,0,28,24
34580,0:2:1;0:3:2;0:4:3;1:3:2,3,2,0,0,0,1,0,0,0,0,0,0,41,24
34581,0:2:1;0:3:2;0:4:3;1:3:2,3,3,1,1,1,0,1,1,1,1,1,5,9,2
34582,0:2:1;0:3:2;0:4:3;1:3:2,3,4,1,1,1,0,1,1,1,1,1,5,9,2
34583,0:2:1;0:3:2;0:4:3;1:3:2,3,5,1,1,1,0,1,1,1,1,1,5,9,2
34584,0:2:1;0:3:2;0:4:3;1:3:2,4,0,0,0,0,1,0,0,0,0,0,0,17,24
34585,0:2:1;0:3:2;0:4:3;1:3:2,4,1,0,0,0,1,0,0,0,0,0,0,28,24
34586,0:2:1;0:3:2;0:4:3;1:3:2,4,2,0,0,0,1,0,0,0,0,0,0,41,24
34587,0:2:1;0:3:2;0:4:3;1:3:2,4,3,1,1,1,0,1,1,1,1,1,5,9,2
34588,0:2:1;0:3:2;0:4:3;1:3:2,4,4,1,1,1,0,1,1,1,1,1,5,9,2
34589,0:2:1;0:3:2;0:4:3;1:3:2,4,5,1,1,1,0,1,1,1,1,1,5,9,2
34590,0:2:1;0:3:2;0:4:3;1:3:2,5,0,0,0,0,1,0,0,0,0,0,0,17,24
34591,0:2:1;0:3:2;0:4:3;1:3:2,5,1,0,0,0,1,0,0,0,0,0,0,28,24
34592,0:2:1;0:3:2;0:4:3;1:3:2,5,2,0,0,0,1,0,0,0,0,0,0,41,24
34593,0:2:1;0:3:2;0:4:3;1:3:2,5,3,1,1,1,0,1,1,1,1,1,5,9,2
34594,0:2:1;0:3:2;0:4:3;1:3:2,5,4,1,1,1,0,1,1,1,1,1,5,9,2
34595,0:2:1;0:3:2;0:4:3;1:3:2,5,5,1,1,1,0,1,1,1,1,1,5,9,2
34596,0:2:1;0:3:2;0:4:3;1:3:3,0,0,0,0,0,1,0,0,0,0,0,0,1,24
34597,0:2:1;0:3:2;0:4:3;1:3:3,0,1,0,0,0,1,0,0,0,0,0,0,6,24
34598,0:2:1;0:3:2;0:4:3;1:3:3,0,2,0,0,0,1,0,0,0,0,0,0,24,24
34599,0:2:1;0:3:2;0:4:3;1:3:3,0,3,1,1,0,0,1,1,1,1,1,5,10,2
34600,0:2:1;0:3:2;0:4:3;1:3:3,0,4,1,1,0,0,1,1,1,1,1,5,10,2
34601,0:2:1;0:3:2;0:4:3;1:3:3,0,5,1,1,1,0,1,1,1,1,1,5,10,2
34602,0:2:1;0:3:2;0:4:3;1:3:3,1,0,0,0,0,1,0,0,0,0,0,0,2,24
34603,0:2:1;0:3:2;0:4:3;1:3:3,1,1,0,0,0,1,0,0,0,0,0,0,18,24
34604,0:2:1;0:3:2;0:4:3;1:3:3,1,2,0,0,0,1,0,0,0,0,0,0,37,24
34605,0:2:1;0:3:2;0:4:3;1:3:3,1,3,1,1,0,0,1,1,1,1,1,5,10,2
34606,0:2:1;0:3:2;0:4:3;1:3:3,1,4,1,1,1,0,1,1,1,1,1,5,10,2
34607,0:2:1;0:3:2;0:4:3;1:3:3,1,5,1,1,1,0,1,1,1,1,1,5,10,2
34608,0:2:1;0:3:2;0:4:3;1:3:3,2,0,0,0,0,1,0,0,0,0,0,0,3,24
34609,0:2:1;0:3:2;0:4:3;1:3:3,2,1,0,0,0,1,0,0,0,0,0,0,21,24
34610,0:2:1;0:3:2;0:4:3;1:3:3,2,2,0,0,0,1,0,0,0,0,0,0,42,24
34611,0:2:1;0:3:2;0:4:3;1:3:3,2,3,1,1,1,0,1,1,1,1,1,5,10,2
34612,0:2:1;0:3:2;0:4:3;1:3:3,2,4,1,1,1,0,1,1,1,1,1,5,10,2
34613,0:2:1;0:3:2;0:4:3;1:3:3,2,5,1,1,1,0,1,1,1,1,1,5,10,2
34614,0:2:1;0:3:2;0:4:3;1:3:3,3,0,0,0,0,1,0,0,0,0,0,0,18,24
34615,0:2:1;0:3:2;0:4:3;1:3:3,3,1,0,0,0,1,0,0,0,0,0,0,32,24
34616,0:2:1;0:3:2;0:4:3;1:3:3,3,2,0,0,0,1,0,0,0,0,0,0,50,24
34617,0:2:1;0:3:2;0:4:3;1:3:3,3,3,1,1,1,0,1,1,1,1,1,5,10,2
34618,0:2:1;0:3:2;0:4:3;1:3:3,3,4,1,1,1,0,1,1,1,1,1,5,10,2
34619,0:2:1;0:3:2;0:4:3;1:3:3,3,5,1,1,1,0,1,1,1,1,1,5,10,2
34620,0:2:1;0:3:2;0:4:3;1:3:3,4,0,0,0,0,1,0,0,0,0,0,0,18,24
34621,0:2:1;0:3:2;0:4:3;1:3:3,4,1,0,0,0,1,0,0,0,0,0,0,32,24
34622,0:2:1;0:3:2;0:4:3;1:3:3,4,2,0,0,0,1,0,0,0,0,0,0,50,24
34623,0:2:1;0:3:2;0:4:3;1:3:3,4,3,1,1,1,0,1,1,1,1,1,5,10,2
34624,0:2:1;0:3:2;0:4:3;1:3:3,4,4,1,1,1,0,1,1,1,1,1,5,10,2
34625,0:2:1;0:3:2;0:4:3;1:3:3,4,5,1,1,1,0,1,1,1,1,1,5,10,2
34626,0:2:1;0:3:2;0:4:3;1:3:3,5,0,0,0,0,1,0,0,0,0,0,0,18,24
34627,0:2:1;0:3:2;0:4:3;1:3:3,5,1,0,0,0,1,0,0,0,0,0,0,32,24
34628,0:2:1;0:3:2;0:4:3;1:3:3,5,2,0,0,0,1,0,0,0,0,0,0,50,24
34629,0:2:1;0:3:2;0:4:3;1:3:3,5,3,1,1,1,0,1,1,1,1,1,5,10,2
34630,0:2:1;0:3:2;0:4:3;1:3:3,5,4,1,1,1,0,1,1,1,1,1,5,10,2
34631,0:2:1;0:3:2;0:4:3;1:3:3,5,5,1,1,1,0,1,1,1,1,1,5,10,2
34632,0:2:1;0:3:2;0:4:3;1:4:3,0,0,0,0,0,1,0,0,0,0,0,0,1,24
34633,0:2:1;0:3:2;0:4:3;1:4:3,0,1,0,0,0,1,0,0,0,0,0,0,6,24
34634,0:2:1;0:3:2;0:4:3;1:4:3,0,2,1,1,0,1,0,0,1,0,1,6,19,11
34635,0:2:1;0:3:2;0:4:3;1:4:3,0,3,1,1,0,0,1,1,1,1,1,5,10,2
34636,0:2:1;0:3:2;0:4:3;1:4:3,0,4,1,1,0,0,1,1,1,1,1,5,10,2
34637,0:2:1;0:3:2;0:4:3;1:4:3,0,5,1,1,1,0,1,1,1,1,1,5,10,2
34638,0:2:1;0:3:2;0:4:3;1:4:3,1,0,0,0,0,1,0,0,0,0,0,0,2,24
34639,0:2:1;0:3:2;0:4:3;1:4:3,1,1,0,0,0,1,0,0,0,0,0,0,20,24
34640,0:2:1;0:3:2;0:4:3;1:4:3,1,2,1,1,0,0,1,1,1,1,1,5,10,5
34641,0:2:1;0:3:2;0:4:3;1:4:3,1,3,1,1,0,0,1,1,1,1,1,5,10,2
34642,0:2:1;0:3:2;0:4:3;1:4:3,1,4,1,1,1,0,1,1,1,1,1,5,10,2
34643,0:2:1;0:3:2;0:4:3;1:4:3,1,5,1,1,1,0,1,1,1,1,1,5,10,2
34644,0:2:1;0:3:2;0:4:3;1:4:3,2,0,0,0,0,1,0,0,0,0,0,0,3,24
34645,0:2:1;0:3:2;0:4:3;1:4:3,2,1,0,0,0,1,0,0,0,0,0,0,23,24
34646,0:2:1;0:3:2;0:4:3;1:4:3,2,2,1,1,0,0,1,1,1,1,1,5,10,5
34647,0:2:1;0:3:2;0:4:3;1:4:3,2,3,1,1,1,0,1,1,1,1,1,5,10,2
34648,0:2:1;0:3:2;0:4:3;1:4:3,2,4,1,1,1,0,1,1,1,1,1,5,10,2
34649,0:2:1;0:3:2;0:4:3;1:4:3,2,5,1,1,1,0,1,1,1,1,1,5,10,2
34650,0:2:1;0:3:2;0:4:3;1:4:3,3,0,0,0,0,1,0,0,0,0,0,0,23,24
34651,0:2:1;0:3:2;0:4:3;1:4:3,3,1,0,0,0,1,0,0,0,0,0,0,35,24
34652,0:2:1;0:3:2;0:4:3;1:4:3,3,2,1,1,1,0,1,1,1,1,1,5,10,5
34653,0:2:1;0:3:2;0:4:3;1:4:3,3,3,1,1,1,0,1,1,1,1,1,5,10,2
34654,0:2:1;0:3:2;0:4:3;1:4:3,3,4,1,1,1,0,1,1,1,1,1,5,10,2
34655,0:2:1;0:3:2;0:4:3;1:4:3,3,5,1,1,1,0,1,1,1,1,1,5,10,2
34656,0:2:1;0:3:2;0:4:3;1:4:3,4,0,0,0,0,1,0,0,0,0,0,0,23,24
34657,0:2:1;0:3:2;0:4:3;1:4:3,4,1,0,0,0,1,0,0,0,0,0,0,35,24
34658,0:2:1;0:3:2;0:4:3;1:4:3,4,2,1,1,1,0,1,1,1,1,1,5,10,5
34659,0:2:1;0:3:2;0:4:3;1:4:3,4,3,1,1,1,0,1,1,1,1,1,5,10,2
34660,0:2:1;0:3:2;0:4:3;1:4:3,4,4,1,1,1,0,1,1,1,1,1,5,10,2
34661,0:2:1;0:3:2;0:4:3;1:4:3,4,5,1,1,1,0,1,1,1,1,1,5,10,2
34662,0:2:1;0:3:2;0:4:3;1:4:3,5,0,0,0,0,1,0,0,0,0,0,0,23,24
34663,0:2:1;0:3:2;0:4:3;1:4:3,5,1,0,0,0,1,0,0,0,0,0,0,35,24
34664,0:2:1;0:3:2;0:4:3;1:4:3,5,2,1,1,1,0,1,1,1,1,1,5,10,5
34665,0:2:1;0:3:2;0:4:3;1:4:3,5,3,1,1,1,0,1,1,1,1,1,5,10,2
34666,0:2:1;0:3:2;0:4:3;1:4:3,5,4,1,1,1,0,1,1,1,1,1,5,10,2
34667,0:2:1;0:3:2;0:4:3;1:4:3,5,5,1,1,1,0,1,1,1,1,1,5,10,2
34668,0:2:1;0:3:2;1:1:1;1:1:1,0,0,0,0,0,1,0,0,0,0,0,0,1,24
34669,0:2:1;0:3:2;1:1:1;1:1:1,0,1,1,1,0,0,1,1,1,1,1,5,6,4
34670,0:2:1;0:3:2;1:1:1;1:1:1,0,2,1,1,1,0,1,1,1,1,1,5,6,3
34671,0:2:1;0:3:2;1:1:1;1:1:1,0,3,1,1,1,0,1,1,1,1,1,5,6,1
34672,0:2:1;0:3:2;1:1:1;1:1:1,0,4,1,1,1,0,1,1,1,1,1,5,6,1
34673,0:2:1;0:3:2;1:1:1;1:1:1,0,5,1,1,1,0,1,1,1,1,1,5,6,1
34674,0:2:1;0:3:2;1:1:1;1:1:1,1,0,0,0,0,1,0,0,0,0,0,0,9,24
34675,0:2:1;0:3:2;1:1:1;1:1:1,1,1,1,1,1,0,1,1,1,1,1,5,6,4
34676,0:2:1;0:3:2;1:1:1;1:1:1,1,2,1,1,1,0,1,1,1,1,1,5,6,3
34677,0:2:1;0:3:2;1:1:1;1:1:1,1,3,1,1,1,0,1,1,1,1,1,5,6,1
34678,0:2:1;0:3:2;1:1:1;1:1:1,1,4,1,1,1,0,1,1,1,1,1,5,6,1
34679,0:2:1;0:3:2;1:1:1;1:1:1,1,5,1,1,1,0,1,1,1,1,1,5,6,1
34680,0:2:1;0:3:2;1:1:1;1:1:1,2,0,0,0,0,1,0,0,0,0,0,0,12,24
34681,0:2:1;0:3:2;1:1:1;1:1:1,2,1,1,1,1,0,1,1,1,1,1,5,6,4
34682,0:2:1;0:3:2;1:1:1;1:1:1,2,2,1,1,1,0,1,1,1,1,1,5,6,3
34683,0:2:1;0:3:2;1:1:1;1:1:1,2,3,1,1,1,0,1,1,1,1,1,5,6,1
34684,0:2:1;0:3:2;1:1:1;1:1:1,2,4,1,1,1,0,1,1,1,1,1,5,6,1
34685,0:2:1;0:3:2;1:1:1;1:1:1,2,5,1,1,1,0,1,1,1,1,1,5,6,1
34686,0:2:1;0:3:2;1:1:1;1:1:1,3,0,0,0,0,1,0,0,0,0,0,0,12,24
34687,0:2:1;0:3:2;1:1:1;1:1:1,3,1,1,1,1,0,1,1,1,1,1,5,6,4
34688,0:2:1;0:3:2;1:1:1;1:1:1,3,2,1,1,1,0,1,1,1,1,1,5,6,3
34689,0:2:1;0:3:2;1:1:1;1:1:1,3,3,1,1,1,0,1,1,1,1,1,5,6,1
34690,0:2:1;0:3:2;1:1:1;1:1:1,3,4,1,1,1,0,1,1,1,1,1,5,6,1
34691,0:2:1;0:3:2;1:1:1;1:1:1,3,5,1,1,1,0,1,1,1,1,1,5,6,1
34692,0:2:1;0:3:2;1:1:1;1:1:1,4,0,0,0,0,1,0,0,0,0,0,0,12,24
34693,0:2:1;0:3:2;1:1:1;1:1:1,4,1,1,1,1,0,1,1,1,1,1,5,6,4
34694,0:2:1;0:3:2;1:1:1;1:1:1,4,2,1,1,1,0,1,1,1,1,1,5,6,3
34695,0:2:1;0:3:2;1:1:1;1:1:1,4,3,1,1,1,0,1,1,1,1,1,5,6,1
34696,0:2:1;0:3:2;1:1:1;1:1:1,4,4,1,1,1,0,1,1,1,1,1,5,6,1
34697,0:2:1;0:3:2;1:1:1;1:1:1,4,5,1,1,1,0,1,1,1,1,1,5,6,1
34698,0:2:1;0:3:2;1:1:1;1:1:1,5,0,0,0,0,1,0,0,0,0,0,0,12,24
34699,0:2:1;0:3:2;1:1:1;1:1:1,5,1,1,1,1,0,1,1,1,1,1,5,6,4
34700,0:2:1;0:3:2;1:1:1;1:1:1,5,2,1,1,1,0,1,1,1,1,1,5,6,3
34701,0:2:1;0:3:2;1:1:1;1:1:1,5,3,1,1,1,0,1,1,1,1,1,5,6,1
34702,0:2:1;0:3:2;1:1:1;1:1:1,5,4,1,1,1,0,1,1,1,1,1,5,6,1
34703,0:2:1;0:3:2;1:1:1;1:1:1,5,5,1,1,1,0,1,1,1,1,1,5,6,1
34704,0:2:1;0:3:2;1:1:1;1:2:1,0,0,1,0,0,1,0,0,0,0,0,1,1,24
34705,0:2:1;0:3:2;1:1:1;1:2:1,0,1,1,1,0,0,1,1,1,1,1,5,6,4
34706,0:2:1;0:3:2;1:1:1;1:2:1,0,2,1,1,1,0,1,1,1,1,1,5,6,3
34707,0:2:1;0:3:2;1:1:1;1:2:1,0,3,1,1,1,0,1,1,1,1,1,5,6,1
34708,0:2:1;0:3:2;1:1:1;1:2:1,0,4,1,1,1,0,1,1,1,1,1,5,6,1
34709,0:2:1;0:3:2;1:1:1;1:2:1,0,5,1,1,1,0,1,1,1,1,1,5,6,1
34710,0:2:1;0:3:2;1:1:1;1:2:1,1,0,1,1,0,0,1,1,1,1,1,5,6,14
34711,0:2:1;0:3:2;1:1:1;1:2:1,1,1,1,1,1,0,1,1,1,1,1,5,6,4
34712,0:2:1;0:3:2;1:1:1;1:2:1,1,2,1,1,1,0,1,1,1,1,1,5,6,3
34713,0:2:1;0:3:2;1:1:1;1:2:1,1,3,1,1,1,0,1,1,1,1,1,5,6,1
34714,0:2:1;0:3:2;1:1:1;1:2:1,1,4,1,1,1,0,1,1,1,1,1,5,6,1
34715,0:2:1;0:3:2;1:1:1;1:2:1,1,5,1,1,1,0,1,1,1,1,1,5,6,1
34716,0:2:1;0:3:2;1:1:1;1:2:1,2,0,1,1,1,0,1,1,1,1,1,5,6,14
34717,0:2:1;0:3:2;1:1:1;1:2:1,2,1,1,1,1,0,1,1,1,1,1,5,6,4
34718,0:2:1;0:3:2;1:1:1;1:2:1,2,2,1,1,1,0,1,1,1,1,1,5,6,3
34719,0:2:1;0:3:2;1:1:1;1:2:1,2,3,1,1,1,0,1,1,1,1,1,5,6,1
34720,0:2:1;0:3:2;1:1:1;1:2:1,2,4,1,1,1,0,1,1,1,1,1,5,6,1
34721,0:2:1;0:3:2;1:1:1;1:2:1,2,5,1,1,1,0,1,1,1,1,1,5,6,1
34722,0:2:1;0:3:2;1:1:1;1:2:1,3,0,1,1,1,0,1,1,1,1,1,5,6,14
34723,0:2:1;0:3:2;1:1:1;1:2:1,3,1,1,1,1,0,1,1,1,1,1,5,6,4
34724,0:2:1;0:3:2;1:1:1;1:2:1,3,2,1,1,1,0,1,1,1,1,1,5,6,3
34725,0:2:1;0:3:2;1:1:1;1:2:1,3,3,1,1,1,0,1,1,1,1,1,5,6,1
34726,0:2:1;0:3:2;1:1:1;1:2:1,3,4,1,1,1,0,1,1,1,1,1,5,6,1
34727,0:2:1;0:3:2;1:1:1;1:2:1,3,5,1,1,1,0,1,1,1,1,1,5,6,1
34728,0:2:1;0:3:2;1:1:1;1:2:1,4,0,1,1,1,0,1,1,1,1,1,5,6,14
34729,0:2:1;0:3:2;1:1:1;1:2:1,4,1,1,1,1,0,1,1,1,1,1,5,6,4
34730,0:2:1;0:3:2;1:1:1;1:2:1,4,2,1,1,1,0,1,1,1,1,1,5,6,3
34731,0:2:1;0:3:2;1:1:1;1:2:1,4,3,1,1,1,0,1,1,1,1,1,5,6,1
34732,0:2:1;0:3:2;1:1:1;1:2:1,4,4,1,1,1,0,1,1,1,1,1,5,6,1
34733,0:2:1;0:3:2;1:1:1;1:2:1,4,5,1,1,1,0,1,1,1,1,1,5,6,1
34734,0:2:1;0:3:2;1:1:1;1:2:1,5,0,1,1,1,0,1,1,1,1,1,5,6,14
34735,0:2:1;0:3:2;1:1:1;1:2:1,5,1,1,1,1,0,1,1,1,1,1,5,6,4
34736,0:2:1;0:3:2;1:1:1;1:2:1,5,2,1,1,1,0,1,1,1,1,1,5,6,3
34737,0:2:1;0:3:2;1:1:1;1:2:1,5,3,1,1,1,0,1,1,1,1,1,5,6,1
34738,0:2:1;0:3:2;1:1:1;1:2:1,5,4,1,1,1,0,1,1,1,1,1,5,6,1
34739,0:2:1;0:3:2;1:1:1;1:2:1,5,5,1,1,1,0,1,1,1,1,1,5,6,1
34740,0:2:1;0:3:2;1:1:1;1:2:2,0,0,1,0,0,1,0,0,0,0,0,1,1,24
34741,0:2:1;0:3:2;1:1:1;1:2:2,0,1,1,1,0,1,0,0,1,0,1,6,11,5
34742,0:2:1;0:3:2;1:1:1;1:2:2,0,2,1,1,0,0,1,1,1,1,1,5,7,3
34743,0:2:1;0:3:2;1:1:1;1:2:2,0,3,1,1,1,0,1,1,1,1,1,5,7,1
34744,0:2:1;0:3:2;1:1:1;1:2:2,0,4,1,1,1,0,1,1,1,1,1,5,7,1
34745,0:2:1;0:3:2;1:1:1;1:2:2,0,5,1,1,1,0,1,1,1,1,1,5,7,1
34746,0:2:1;0:3:2;1:1:1;1:2:2,1,0,1,1,0,0,1,1,1,1,1,5,7,14
34747,0:2:1;0:3:2;1:1:1;1:2:2,1,1,1,1,0,0,1,1,1,1,1,5,7,4
34748,0:2:1;0:3:2;1:1:1;1:2:2,1,2,1,1,1,0,1,1,1,1,1,5,7,3
34749,0:2:1;0:3:2;1:1:1;1:2:2,1,3,1,1,1,0,1,1,1,1,1,5,7,1
34750,0:2:1;0:3:2;1:1:1;1:2:2,1,4,1,1,1,0,1,1,1,1,1,5,7,1
34751,0:2:1;0:3:2;1:1:1;1:2:2,1,5,1,1,1,0,1,1,1,1,1,5,7,1
34752,0:2:1;0:3:2;1:1:1;1:2:2,2,0,1,1,0,0,1,1,1,1,1,5,7,14
34753,0:2:1;0:3:2;1:1:1;1:2:2,2,1,1,1,1,0,1,1,1,1,1,5,7,4
34754,0:2:1;0:3:2;1:1:1;1:2:2,2,2,1,1,1,0,1,1,1,1,1,5,7,3
34755,0:2:1;0:3:2;1:1:1;1:2:2,2,3,1,1,1,0,1,1,1,1,1,5,7,1
34756,0:2:1;0:3:2;1:1:1;1:2:2,2,4,1,1,1,0,1,1,1,1,1,5,7,1
34757,0:2:1;0:3:2;1:1:1;1:2:2,2,5,1,1,1,0,1,1,1,1,1,5,7,1
34758,0:2:1;0:3:2;1:1:1;1:2:2,3,0,1,1,1,0,1,1,1,1,1,5,7,14
34759,0:2:1;0:3:2;1:1:1;1:2:2,3,1,1,1,1,0,1,1,1,1,1,5,7,4
34760,0:2:1;0:3:2;1:1:1;1:2:2,3,2,1,1,1,0,1,1,1,1,1,5,7,3
34761,0:2:1;0:3:2;1:1:1;1:2:2,3,3,1,1,1,0,1,1,1,1,1,5,7,1
34762,0:2:1;0:3:2;1:1:1;1:2:2,3,4,1,1,1,0,1,1,1,1,1,5,7,1
34763,0:2:1;0:3:2;1:1:1;1:2:2,3,5,1,1,1,0,1,1,1,1,1,5,7,1
34764,0:2:1;0:3:2;1:1:1;1:2:2,4,0,1,1,1,0,1,1,1,1,1,5,7,14
34765,0:2:1;0:3:2;1:1:1;1:2:2,4,1,1,1,1,0,1,1,1,1,1,5,7,4
34766,0:2:1;0:3:2;1:1:1;1:2:2,4,2,1,1,1,0,1,1,1,1,1,5,7,3
34767,0:2:1;0:3:2;1:1:1;1:2:2,4,3,1,1,1,0,1,1,1,1,1,5,7,1
34768,0:2:1;0:3:2;1:1:1;1:2:2,4,4,1,1,1,0,1,1,1,1,1,5,7,1
34769,0:2:1;0:3:2;1:1:1;1:2:2,4,5,1,1,1,0,1,1,1,1,1,5,7,1
34770,0:2:1;0:3:2;1:1:1;1:2:2,5,0,1,1,1,0,1,1,1,1,1,5,7,14
34771,0:2:1;0:3:2;1:1:1;1:2:2,5,1,1,1,1,0,1,1,1,1,1,5,7,4
34772,0:2:1;0:3:2;1:1:1;1:2:2,5,2,1,1,1,0,1,1,1,1,1,5,7,3
34773,0:2:1;0:3:2;1:1:1;1:2:2,5,3,1,1,1,0,1,1,1,1,1,5,7,1
34774,0:2:1;0:3:2;1:1:1;1:2:2,5,4,1,1,1,0,1,1,1,1,1,5,7,1
34775,0:2:1;0:3:2;1:1:1;1:2:2,5,5,1,1,1,0,1,1,1,1,1,5,7,1
34776,0:2:1;0:3:2;1:1:1;1:3:2,0,0,1,0,0,1,0,0,0,0,0,1,1,24
34777,0:2:1;0:3:2;1:1:1;1:3:2,0,1,1,1,0,1,0,0,1,1,1,6,11,5
34778,0:2:1;0:3:2;1:1:1;1:3:2,0,2,1,1,0,0,1,1,1,1,1,5,7,3
34779,0:2:1;0:3:2;1:1:1;1:3:2,0,3,1,1,1,0,1,1,1,1,1,5,7,1
34780,0:2:1;0:3:2;1:1:1;1:3:2,0,4,1,1,1,0,1,1,1,1,1,5,7,1
34781,0:2:1;0:3:2;1:1:1;1:3:2,0,5,1,1,1,0,1,1,1,1,1,5,7,1
34782,0:2:1;0:3:2;1:1:1;1:3:2,1,0,1,1,0,0,1,1,1,1,1,5,7,14
34783,0:2:1;0:3:2;1:1:1;1:3:2,1,1,1,1,0,0,1,1,1,1,1,5,7,4
34784,0:2:1;0:3:2;1:1:1;1:3:2,1,2,1,1,1,0,1,1,1,1,1,5,7,3
34785,0:2:1;0:3:2;1:1:1;1:3:2,1,3,1,1,1,0,1,1,1,1,1,5,7,1
34786,0:2:1;0:3:2;1:1:1;1:3:2,1,4,1,1,1,0,1,1,1,1,1,5,7,1
34787,0:2:1;0:3:2;1:1:1;1:3:2,1,5,1,1,1,0,1,1,1,1,1,5,7,1
34788,0:2:1;0:3:2;1:1:1;1:3:2,2,0,1,1,0,0,1,1,1,1,1,5,7,14
34789,0:2:1;0:3:2;1:1:1;1:3:2,2,1,1,1,1,0,1,1,1,1,1,5,7,4
34790,0:2:1;0:3:2;1:1:1;1:3:2,2,2,1,1,1,0,1,1,1,1,1,5,7,3
34791,0:2:1;0:3:2;1:1:1;1:3:2,2,3,1,1,1,0,1,1,1,1,1,5,7,1
34792,0:2:1;0:3:2;1:1:1;1:3:2,2,4,1,1,1,0,1,1,1,1,1,5,7,1
34793,0:2:1;0:3:2;1:1:1;1:3:2,2,5,1,1,1,0,1,1,1,1,1,5,7,1
34794,0:2:1;0:3:2;1:1:1;1:3:2,3,0,1,1,1,0,1,1,1,1,1,5,7,14
34795,0:2:1;0:3:2;1:1:1;1:3:2,3,1,1,1,1,0,1,1,1,1,1,5,7,4
34796,0:2:1;0:3:2;1:1:1;1:3:2,3,2,1,1,1,0,1,1,1,1,1,5,7,3
34797,0:2:1;0:3:2;1:1:1;1:3:2,3,3,1,1,1,0,1,1,1,1,1,5,7,1
34798,0:2:1;0:3:2;1:1:1;1:3:2,3,4,1,1,1,0,1,1,1,1,1,5,7,1
34799,0:2:1;0:3:2;1:1:1;1:3:2,3,5,1,1,1,0,1,1,1,1,1,5,7,1
34800,0:2:1;0:3:2;1:1:1;1:3:2,4,0,1,1,1,0,1,1,1,1,1,5,7,14
34801,0:2:1;0:3:2;1:1:1;1:3:2,4,1,1,1,1,0,1,1,1,1,1,5,7,4
34802,0:2:1;0:3:2;1:1:1;1:3:2,4,2,1,1,1,0,1,1,1,1,1,5,7,3
34803,0:2:1;0:3:2;1:1:1;1:3:2,4,3,1,1,1,0,1,1,1,1,1,5,7,1
34804,0:2:1;0:3:2;1:1:1;1:3:2,4,4,1,1,1,0,1,1,1,1,1,5,7,1
34805,0:2:1;0:3:2;1:1:1;1:3:2,4,5,1,1,1,0,1,1,1,1,1,5,7,1
34806,0:2:1;0:3:2;1:1:1;1:3:2,5,0,1,1,1,0,1,1,1,1,1,5,7,14
34807,0:2:1;0:3:2;1:1:1;1:3:2,5,1,1,1,1,0,1,1,1,1,1,5,7,4
34808,0:2:1;0:3:2;1:1:1;1:3:2,5,2,1,1,1,0,1,1,1,1,1,5,7,3
34809,0:2:1;0:3:2;1:1:1;1:3:2,5,3,1,1,1,0,1,1,1,1,1,5,7,1
34810,0:2:1;0:3:2;1:1:1;1:3:2,5,4,1,1,1,0,1,1,1,1,1,5,7,1
34811,0:2:1;0:3:2;1:1:1;1:3:2,5,5,1,1,1,0,1,1,1,1,1,5,7,1
34812,0:2:1;0:3:2;1:1:1;1:3:3,0,0,1,0,0,1,0,0,0,0,0,1,1,24
34813,0:2:1;0:3:2;1:1:1;1:3:3,0,1,1,0,0,1,0,0,0,0,0,3,9,24
34814,0:2:1;0:3:2;1:1:1;1:3:3,0,2,1,1,0,0,1,1,1,1,1,5,8,3
34815,0:2:1;0:3:2;1:1:1;1:3:3,0,3,1,1,0,0,1,1,1,1,1,5,8,1
34816,0:2:1;0:3:2;1:1:1;1:3:3,0,4,1,1,1,0,1,1,1,1,1,5,8,1
34817,0:2:1;0:3:2;1:1:1;1:3:3,0,5,1,1,1,0,1,1,1,1,1,5,8,1
34818,0:2:1;0:3:2;1:1:1;1:3:3,1,0,1,0,0,1,0,0,0,0,0,3,7,24
34819,0:2:1;0:3:2;1:1:1;1:3:3,1,1,1,1,0,1,0,0,1,0,1,6,14,5
34820,0:2:1;0:3:2;1:1:1;1:3:3,1,2,1,1,0,0,1,1,1,1,1,5,8,3
34821,0:2:1;0:3:2;1:1:1;1:3:3,1,3,1,1,1,0,1,1,1,1,1,5,8,1
34822,0:2:1;0:3:2;1:1:1;1:3:3,1,4,1,1,1,0,1,1,1,1,1,5,8,1
34823,0:2:1;0:3:2;1:1:1;1:3:3,1,5,1,1,1,0,1,1,1,1,1,5,8,1
34824,0:2:1;0:3:2;1:1:1;1:3:3,2,0,1,1,0,0,1,1,1,1,1,5,8,14
34825,0:2:1;0:3:2;1:1:1;1:3:3,2,1,1,1,0,0,1,1,1,1,1,5,8,4
34826,0:2:1;0:3:2;1:1:1;1:3:3,2,2,1,1,1,0,1,1,1,1,1,5,8,3
34827,0:2:1;0:3:2;1:1:1;1:3:3,2,3,1,1,1,0,1,1,1,1,1,5,8,1
34828,0:2:1;0:3:2;1:1:1;1:3:3,2,4,1,1,1,0,1,1,1,1,1,5,8,1
34829,0:2:1;0:3:2;1:1:1;1:3:3,2,5,1,1,1,0,1,1,1,1,1,5,8,1
34830,0:2:1;0:3:2;1:1:1;1:3:3,3,0,1,1,0,0,1,1,1,1,1,5,8,14
34831,0:2:1;0:3:2;1:1:1;1:3:3,3,1,1,1,1,0,1,1,1,1,1,5,8,4
34832,0:2:1;0:3:2;1:1:1;1:3:3,3,2,1,1,1,0,1,1,1,1,1,5,8,3
34833,0:2:1;0:3:2;1:1:1;1:3:3,3,3,1,1,1,0,1,1,1,1,1,5,8,1
34834,0:2:1;0:3:2;1:1:1;1:3:3,3,4,1,1,1,0,1,1,1,1,1,5,8,1
34835,0:2:1;0:3:2;1:1:1;1:3:3,3,5,1,1,1,0,1,1,1,1,1,5,8,1
34836,0:2:1;0:3:2;1:1:1;1:3:3,4,0,1,1,1,0,1,1,1,1,1,5,8,14
34837,0:2:1;0:3:2;1:1:1;1:3:3,4,1,1,1,1,0,1,1,1,1,1,5,8,4
34838,0:2:1;0:3:2;1:1:1;1:3:3,4,2,1,1,1,0,1,1,1,1,1,5,8,3
34839,0:2:1;0:3:2;1:1:1;1:3:3,4,3,1,1,1,0,1,1,1,1,1,5,8,1
34840,0:2:1;0:3:2;1:1:1;1:3:3,4,4,1,1,1,0,1,1,1,1,1,5,8,1
34841,0:2:1;0:3:2;1:1:1;1:3:3,4,5,1,1,1,0,1,1,1,1,1,5,8,1
34842,0:2:1;0:3:2;1:1:1;1:3:3,5,0,1,1,1,0,1,1,1,1,1,5,8,14
34843,0:2:1;0:3:2;1:1:1;1:3:3,5,1,1,1,1,0,1,1,1,1,1,5,8,4
34844,0:2:1;0:3:2;1:1:1;1:3:3,5,2,1,1,1,0,1,1,1,1,1,5,8,3
34845,0:2:1;0:3:2;1:1:1;1:3:3,5,3,1,1,1,0,1,1,1,1,1,5,8,1
34846,0:2:1;0:3:2;1:1:1;1:3:3,5,4,1,1,1,0,1,1,1,1,1,5,8,1
34847,0:2:1;0:3:2;1:1:1;1:3:3,5,5,1,1,1,0,1,1,1,1,1,5,8,1
34848,0:2:1;0:3:2;1:1:1;1:4:3,0,0,1,0,0,1,0,0,0,0,0,1,1,24
34849,0:2:1;0:3:2;1:1:1;1:4:3,0,1,1,0,0,1,0,0,0,0,0,3,9,24
34850,0:2:1;0:3:2;1:1:1;1:4:3,0,2,1,1,0,0,1,1,1,1,1,5,8,3
34851,0:2:1;0:3:2;1:1:1;1:4:3,0,3,1,1,0,0,1,1,1,1,1,5,8,1
34852,0:2:1;0:3:2;1:1:1;1:4:3,0,4,1,1,1,0,1,1,1,1,1,5,8,1
34853,0:2:1;0:3:2;1:1:1;1:4:3,0,5,1,1,1,0,1,1,1,1,1,5,8,1
34854,0:2:1;0:3:2;1:1:1;1:4:3,1,0,1,0,0,1,0,0,0,0,0,3,7,24
34855,0:2:1;0:3:2;1:1:1;1:4:3,1,1,1,1,0,1,0,0,1,1,1,6,14,5
34856,0:2:1;0:3:2;1:1:1;1:4:3,1,2,1,1,0,0,1,1,1,1,1,5,8,3
34857,0:2:1;0:3:2;1:1:1;1:4:3,1,3,1,1,1,0,1,1,1,1,1,5,8,1
34858,0:2:1;0:3:2;1:1:1;1:4:3,1,4,1,1,1,0,1,1,1,1,1,5,8,1
34859,0:2:1;0:3:2;1:1:1;1:4:3,1,5,1,1,1,0,1,1,1,1,1,5,8,1
34860,0:2:1;0:3:2;1:1:1;1:4:3,2,0,1,1,0,0,1,1,1,1,1,5,8,14
34861,0:2:1;0:3:2;1:1:1;1:4:3,2,1,1,1,0,0,1,1,1,1,1,5,8,4
34862,0:2:1;0:3:2;1:1:1;1:4:3,2,2,1,1,1,0,1,1,1,1,1,5,8,3
34863,0:2:1;0:3:2;1:1:1;1:4:3,2,3,1,1,1,0,1,1,1,1,1,5,8,1
34864,0:2:1;0:3:2;1:1:1;1:4:3,2,4,1,1,1,0,1,1,1,1,1,5,8,1
34865,0:2:1;0:3:2;1:1:1;1:4:3,2,5,1,1,1,0,1,1,1,1,1,5,8,1
34866,0:2:1;0:3:2;1:1:1;1:4:3,3,0,1,1,0,0,1,1,1,1,1,5,8,14
34867,0:2:1;0:3:2;1:1:1;1:4:3,3,1,1,1,1,0,1,1,1,1,1,5,8,4
34868,0:2:1;0:3:2;1:1:1;1:4:3,3,2,1,1,1,0,1,1,1,1,1,5,8,3
34869,0:2:1;0:3:2;1:1:1;1:4:3,3,3,1,1,1,0,1,1,1,1,1,5,8,1
34870,0:2:1;0:3:2;1:1:1;1:4:3,3,4,1,1,1,0,1,1,1,1,1,5,8,1
34871,0:2:1;0:3:2;1:1:1;1:4:3,3,5,1,1,1,0,1,1,1,1,1,5,8,1
34872,0:2:1;0:3:2;1:1:1;1:4:3,4,0,1,1,1,0,1,1,1,1,1,5,8,14
34873,0:2:1;0:3:2;1:1:1;1:4:3,4,1,1,1,1,0,1,1,1,1,1,5,8,4
34874,0:2:1;0:3:2;1:1:1;1:4:3,4,2,1,1,1,0,1,1,1,1,1,5,8,3
34875,0:2:1;0:3:2;1:1:1;1:4:3,4,3,1,1,1,0,1,1,1,1,1,5,8,1
34876,0:2:1;0:3:2;1:1:1;1:4:3,4,4,1,1,1,0,1,1,1,1,1,5,8,1
34877,0:2:1;0:3:2;1:1:1;1:4:3,4,5,1,1,1,0,1,1,1,1,1,5,8,1
34878,0:2:1;0:3:2;1:1:1;1:4:3,5,0,1,1,1,0,1,1,1,1,1,5,8,14
34879,0:2:1;0:3:2;1:1:1;1:4:3,5,1,1,1,1,0,1,1,1,1,1,5,8,4
34880,0:2:1;0:3:2;1:1:1;1:4:3,5,2,1,1,1,0,1,1,1,1,1,5,8,3
34881,0:2:1;0:3:2;1:1:1;1:4:3,5,3,1,1,1,0,1,1,1,1,1,5,8,1
34882,0:2:1;0:3:2;1:1:1;1:4:3,5,4,1,1,1,0,1,1,1,1,1,5,8,1
34883,0:2:1;0:3:2;1:1:1;1:4:3,5,5,1,1,1,0,1,1,1,1,1,5,8,1
34884,0:2:1;0:3:2;1:2:1;1:2:1,0,0,1,0,0,1,0,0,0,0,0,1,1,24
34885,0:2:1;0:3:2;1:2:1;1:2:1,0,1,1,1,0,0,1,1,1,1,1,5,6,3
34886,0:2:1;0:3:2;1:2:1;1:2:1,0,2,1,1,1,0,1,1,1,1,1,5,6,3
34887,0:2:1;0:3:2;1:2:1;1:2:1,0,3,1,1,1,0,1,1,1,1,1,5,6,1
34888,0:2:1;0:3:2;1:2:1;1:2:1,0,4,1,1,1,0,1,1,1,1,1,5,6,1
34889,0:2:1;0:3:2;1:2:1;1:2:1,0,5,1,1,1,0,1,1,1,1,1,5,6,1
34890,0:2:1;0:3:2;1:2:1;1:2:1,1,0,1,1,0,0,1,1,1,1,1,5,6,14
34891,0:2:1;0:3:2;1:2:1;1:2:1,1,1,1,1,1,0,1,1,1,1,1,5,6,3
34892,0:2:1;0:3:2;1:2:1;1:2:1,1,2,1,1,1,0,1,1,1,1,1,5,6,3
34893,0:2:1;0:3:2;1:2:1;1:2:1,1,3,1,1,1,0,1,1,1,1,1,5,6,1
34894,0:2:1;0:3:2;1:2:1;1:2:1,1,4,1,1,1,0,1,1,1,1,1,5,6,1
34895,0:2:1;0:3:2;1:2:1;1:2:1,1,5,1,1,1,0,1,1,1,1,1,5,6,1
34896,0:2:1;0:3:2;1:2:1;1:2:1,2,0,1,1,1,0,1,1,1,1,1,5,6,14
34897,0:2:1;0:3:2;1:2:1;1:2:1,2,1,1,1,1,0,1,1,1,1,1,5,6,3
34898,0:2:1;0:3:2;1:2:1;1:2:1,2,2,1,1,1,0,1,1,1,1,1,5,6,3
34899,0:2:1;0:3:2;1:2:1;1:2:1,2,3,1,1,1,0,1,1,1,1,1,5,6,1
34900,0:2:1;0:3:2;1:2:1;1:2:1,2,4,1,1,1,0,1,1,1,1,1,5,6,1
34901,0:2:1;0:3:2;1:2:1;1:2:1,2,5,1,1,1,0,1,1,1,1,1,5,6,1
34902,0:2:1;0:3:2;1:2:1;1:2:1,3,0,1,1,1,0,1,1,1,1,1,5,6,14
34903,0:2:1;0:3:2;1:2:1;1:2:1,3,1,1,1,1,0,1,1,1,1,1,5,6,3
34904,0:2:1;0:3:2;1:2:1;1:2:1,3,2,1,1,1,0,1,1,1,1,1,5,6,3
34905,0:2:1;0:3:2;1:2:1;1:2:1,3,3,1,1,1,0,1,1,1,1,1,5,6,1
34906,0:2:1;0:3:2;1:2:1;1:2:1,3,4,1,1,1,0,1,1,1,1,1,5,6,1
34907,0:2:1;0:3:2;1:2:1;1:2:1,3,5,1,1,1,0,1,1,1,1,1,5,6,1
34908,0:2:1;0:3:2;1:2:1;1:2:1,4,0,1,1,1,0,1,1,1,1,1,5,6,14
34909,0:2:1;0:3:2;1:2:1;1:2:1,4,1,1,1,1,0,1,1,1,1,1,5,6,3
34910,0:2:1;0:3:2;1:2:1;1:2:1,4,2,1,1,1,0,1,1,1,1,1,5,6,3
34911,0:2:1;0:3:2;1:2:1;1:2:1,4,3,1,1,1,0,1,1,1,1,1,5,6,1
34912,0:2:1;0:3:2;1:2:1;1:2:1,4,4,1,1,1,0,1,1,1,1,1,5,6,1
34913,0:2:1;0:3:2;1:2:1;1:2:1,4,5,1,1,1,0,1,1,1,1,1,5,6,1
34914,0:2:1;0:3:2;1:2:1;1:2:1,5,0,1,1,1,0,1,1,1,1,1,5,6,14
34915,0:2:1;0:3:2;1:2:1;1:2:1,5,1,1,1,1,0,1,1,1,1,1,5,6,3
34916,0:2:1;0:3:2;1:2:1;1:2:1,5,2,1,1,1,0,1,1,1,1,1,5,6,3
34917,0:2:1;0:3:2;1:2:1;1:2:1,5,3,1,1,1,0,1,1,1,1,1,5,6,1
34918,0:2:1;0:3:2;1:2:1;1:2:1,5,4,1,1,1,0,1,1,1,1,1,5,6,1
34919,0:2:1;0:3:2;1:2:1;1:2:1,5,5,1,1,1,0,1,1,1,1,1,5,6,1
34920,0:2:1;0:3:2;1:2:1;1:2:2,0,0,1,0,0,1,0,0,0,0,0,1,1,24
34921,0:2:1;0:3:2;1:2:1;1:2:2,0,1,1,1,0,0,1,1,1,1,1,5,7,3
34922,0:2:1;0:3:2;1:2:1;1:2:2,0,2,1,1,0,0,1,1,1,1,1,5,7,3
34923,0:2:1;0:3:2;1:2:1;1:2:2,0,3,1,1,1,0,1,1,1,1,1,5,7,1
34924,0:2:1;0:3:2;1:2:1;1:2:2,0,4,1,1,1,0,1,1,1,1,1,5,7,1
34925,0:2:1;0:3:2;1:2:1;1:2:2,0,5,1,1,1,0,1,1,1,1,1,5,7,1
34926,0:2:1;0:3:2;1:2:1;1:2:2,1,0,1,1,0,0,1,1,1,1,1,5,7,14
34927,0:2:1;0:3:2;1:2:1;1:2:2,1,1,1,1,0,0,1,1,1,1,1,5,7,3
34928,0:2:1;0:3:2;1:2:1;1:2:2,1,2,1,1,1,0,1,1,1,1,1,5,7,3
34929,0:2:1;0:3:2;1:2:1;1:2:2,1,3,1,1,1,0,1,1,1,1,1,5,7,1
34930,0:2:1;0:3:2;1:2:1;1:2:2,1,4,1,1,1,0,1,1,1,1,1,5,7,1
34931,0:2:1;0:3:2;1:2:1;1:2:2,1,5,1,1,1,0,1,1,1,1,1,5,7,1
34932,0:2:1;0:3:2;1:2:1;1:2:2,2,0,1,1,0,0,1,1,1,1,1,5,7,14
34933,0:2:1;0:3:2;1:2:1;1:2:2,2,1,1,1,1,0,1,1,1,1,1,5,7,3
34934,0:2:1;0:3:2;1:2:1;1:2:2,2,2,1,1,1,0,1,1,1,1,1,5,7,3
34935,0:2:1;0:3:2;1:2:1;1:2:2,2,3,1,1,1,0,1,1,1,1,1,5,7,1
34936,0:2:1;0:3:2;1:2:1;1:2:2,2,4,1,1,1,0,1,1,1,1,1,5,7,1
34937,0:2:1;0:3:2;1:2:1;1:2:2,2,5,1,1,1,0,1,1,1,1,1,5,7,1
34938,0:2:1;0:3:2;1:2:1;1:2:2,3,0,1,1,1,0,1,1,1,1,1,5,7,14
34939,0:2:1;0:3:2;1:2:1;1:2:2,3,1,1,1,1,0,1,1,1,1,1,5,7,3
34940,0:2:1;0:3:2;1:2:1;1:2:2,3,2,1,1,1,0,1,1,1,1,1,5,7,3
34941,0:2:1;0:3:2;1:2:1;1:2:2,3,3,1,1,1,0,1,1,1,1,1,5,7,1
34942,0:2:1;0:3:2;1:2:1;1:2:2,3,4,1,1,1,0,1,1,1,1,1,5,7,1
34943,0:2:1;0:3:2;1:2:1;1:2:2,3,5,1,1,1,0,1,1,1,1,1,5,7,1
34944,0:2:1;0:3:2;1:2:1;1:2:2,4,0,1,1,1,0,1,1,1,1,1,5,7,14
34945,0:2:1;0:3:2;1:2:1;1:2:2,4,1,1,1,1,0,1,1,1,1,1,5,7,3
34946,0:2:1;0:3:2;1:2:1;1:2:2,4,2,1,1,1,0,1,1,1,1,1,5,7,3
34947,0:2:1;0:3:2;1:2:1;1:2:2,4,3,1,1,1,0,1,1,1,1,1,5,7,1
34948,0:2:1;0:3:2;1:2:1;1:2:2,4,4,1,1,1,0,1,1,1,1,1,5,7,1
34949,0:2:1;0:3:2;1:2:1;1:2:2,4,5,1,1,1,0,1,1,1,1,1,5,7,1
34950,0:2:1;0:3:2;1:2:1;1:2:2,5,0,1,1,1,0,1,1,1,1,1,5,7,14
34951,0:2:1;0:3:2;1:2:1;1:2:2,5,1,1,1,1,0,1,1,1,1,1,5,7,3
34952,0:2:1;0:3:2;1:2:1;1:2:2,5,2,1,1,1,0,1,1,1,1,1,5,7,3
34953,0:2:1;0:3:2;1:2:1;1:2:2,5,3,1,1,1,0,1,1,1,1,1,5,7,1
34954,0:2:1;0:3:2;1:2:1;1:2:2,5,4,1,1,1,0,1,1,1,1,1,5,7,1
34955,0:2:1;0:3:2;1:2:1;1:2:2,5,5,1,1,1,0,1,1,1,1,1,5,7,1
34956,0:2:1;0:3:2;1:2:1;1:3:2,0,0,1,0,0,1,0,0,0,0,0,1,1,24
34957,0:2:1;0:3:2;1:2:1;1:3:2,0,1,1,1,0,0,1,1,1,1,1,5,7,3
34958,0:2:1;0:3:2;1:2:1;1:3:2,0,2,1,1,0,0,1,1,1,1,1,5,7,3
34959,0:2:1;0:3:2;1:2:1;1:3:2,0,3,1,1,1,0,1,1,1,1,1,5,7,1
34960,0:2:1;0:3:2;1:2:1;1:3:2,0,4,1,1,1,0,1,1,1,1,1,5,7,1
34961,0:2:1;0:3:2;1:2:1;1:3:2,0,5,1,1,1,0,1,1,1,1,1,5,7,1
34962,0:2:1;0:3:2;1:2:1;1:3:2,1,0,1,1,0,0,1,1,1,1,1,5,7,14
34963,0:2:1;0:3:2;1:2:1;1:3:2,1,1,1,1,0,0,1,1,1,1,1,5,7,3
34964,0:2:1;0:3:2;1:2:1;1:3:2,1,2,1,1,1,0,1,1,1,1,1,5,7,3
34965,0:2:1;0:3:2;1:2:1;1:3:2,1,3,1,1,1,0,1,1,1,1,1,5,7,1
34966,0:2:1;0:3:2;1:2:1;1:3:2,1,4,1,1,1,0,1,1,1,1,1,5,7,1
34967,0:2:1;0:3:2;1:2:1;1:3:2,1,5,1,1,1,0,1,1,1,1,1,5,7,1
34968,0:2:1;0:3:2;1:2:1;1:3:2,2,0,1,1,0,0,1,1,1,1,1,5,7,14
34969,0:2:1;0:3:2;1:2:1;1:3:2,2,1,1,1,1,0,1,1,1,1,1,5,7,3
34970,0:2:1;0:3:2;1:2:1;1:3:2,2,2,1,1,1,0,1,1,1,1,1,5,7,3
34971,0:2:1;0:3:2;1:2:1;1:3:2,2,3,1,1,1,0,1,1,1,1,1,5,7,1
34972,0:2:1;0:3:2;1:2:1;1:3:2,2,4,1,1,1,0,1,1,1,1,1,5,7,1
34973,0:2:1;0:3:2;1:2:1;1:3:2,2,5,1,1,1,0,1,1,1,1,1,5,7,1
34974,0:2:1;0:3:2;1:2:1;1:3:2,3,0,1,1,1,0,1,1,1,1,1,5,7,14
34975,0:2:1;0:3:2;1:2:1;1:3:2,3,1,1,1,1,0,1,1,1,1,1,5,7,3
34976,0:2:1;0:3:2;1:2:1;1:3:2,3,2,1,1,1,0,1,1,1,1,1,5,7,3
34977,0:2:1;0:3:2;1:2:1;1:3:2,3,3,1,1,1,0,1,1,1,1,1,5,7,1
34978,0:2:1;0:3:2;1:2:1;1:3:2,3,4,1,1,1,0,1,1,1,1,1,5,7,1
34979,0:2:1;0:3:2;1:2:1;1:3:2,3,5,1,1,1,0,1,1,1,1,1,5,7,1
34980,0:2:1;0:3:2;1:2:1;1:3:2,4,0,1,1,1,0,1,1,1,1,1,5,7,14
34981,0:2:1;0:3:2;1:2:1;1:3:2,4,1,1,1,1,0,1,1,1,1,1,5,7,3
34982,0:2:1;0:3:2;1:2:1;1:3:2,4,2,1,1,1,0,1,1,1,1,1,5,7,3
34983,0:2:1;0:3:2;1:2:1;1:3:2,4,3,1,1,1,0,1,1,1,1,1,5,7,1
34984,0:2:1;0:3:2;1:2:1;1:3:2,4,4,1,1,1,0,1,1,1,1,1,5,7,1
34985,0:2:1;0:3:2;1:2:1;1:3:2,4,5,1,1,1,0,1,1,1,1,1,5,7,1
34986,0:2:1;0:3:2;1:2:1;1:3:2,5,0,1,1,1,0,1,1,1,1,1,5,7,14
34987,0:2:1;0:3:2;1:2:1;1:3:2,5,1,1,1,1,0,1,1,1,1,1,5,7,3
34988,0:2:1;0:3:2;1:2:1;1:3:2,5,2,1,1,1,0,1,1,1,1,1,5,7,3
34989,0:2:1;0:3:2;1:2:1;1:3:2,5,3,1,1,1,0,1,1,1,1,1,5,7,1
34990,0:2:1;0:3:2;1:2:1;1:3:2,5,4,1,1,1,0,1,1,1,1,1,5,7,1
34991,0:2:1;0:3:2;1:2:1;1:3:2,5,5,1,1,1,0,1,1,1,1,1,5,7,1
34992,0:2:1;0:3:2;1:2:1;1:3:3,0,0,1,0,0,1,0,0,0,0,0,1,1,24
34993,0:2:1;0:3:2;1:2:1;1:3:3,0,1,1,1,0,0,1,1,1,1,1,5,8,3
34994,0:2:1;0:3:2;1:2:1;1:3:3,0,2,1,1,0,0,1,1,1,1,1,5,8,3
34995,0:2:1;0:3:2;1:2:1;1:3:3,0,3,1,1,0,0,1,1,1,1,1,5,8,1
34996,0:2:1;0:3:2;1:2:1;1:3:3,0,4,1,1,1,0,1,1,1,1,1,5,8,1
34997,0:2:1;0:3:2;1:2:1;1:3:3,0,5,1,1,1,0,1,1,1,1,1,5,8,1
34998,0:2:1;0:3:2;1:2:1;1:3:3,1,0,1,1,0,1,0,0,1,0,1,6,14,16
34999,0:2:1;0:3:2;1:2:1;1:3:3,1,1,1,1,0,0,1,1,1,1,1,5,8,3
35000,0:2:1;0:3:2;1:2:1;1:3:3,1,2,1,1,0,0,1,1,1,1,1,5,8,3
35001,0:2:1;0:3:2;1:2:1;1:3:3,1,3,1,1,1,0,1,1,1,1,1,5,8,1
35002,0:2:1;0:3:2;1:2:1;1:3:3,1,4,1,1,1,0,1,1,1,1,1,5,8,1
35003,0:2:1;0:3:2;1:2:1;1:3:3,1,5,1,1,1,0,1,1,1,1,1,5,8,1
35004,0:2:1;0:3:2;1:2:1;1:3:3,2,0,1,1,0,0,1,1,1,1,1,5,8,14
35005,0:2:1;0:3:2;1:2:1;1:3:3,2,1,1,1,0,0,1,1,1,1,1,5,8,3
35006,0:2:1;0:3:2;1:2:1;1:3:3,2,2,1,1,1,0,1,1,1,1,1,5,8,3
35007,0:2:1;0:3:2;1:2:1;1:3:3,2,3,1,1,1,0,1,1,1,1,1,5,8,1
35008,0:2:1;0:3:2;1:2:1;1:3:3,2,4,1,1,1,0,1,1,1,1,1,5,8,1
35009,0:2:1;0:3:2;1:2:1;1:3:3,2,5,1,1,1,0,1,1,1,1,1,5,8,1
35010,0:2:1;0:3:2;1:2:1;1:3:3,3,0,1,1,0,0,1,1,1,1,1,5,8,14
35011,0:2:1;0:3:2;1:2:1;1:3:3,3,1,1,1,1,0,1,1,1,1,1,5,8,3
35012,0:2:1;0:3:2;1:2:1;1:3:3,3,2,1,1,1,0,1,1,1,1,1,5,8,3
35013,0:2:1;0:3:2;1:2:1;1:3:3,3,3,1,1,1,0,1,1,1,1,1,5,8,1
35014,0:2:1;0:3:2;1:2:1;1:3:3,3,4,1,1,1,0,1,1,1,1,1,5,8,1
35015,0:2:1;0:3:2;1:2:1;1:3:3,3,5,1,1,1,0,1,1,1,1,1,5,8,1
35016,0:2:1;0:3:2;1:2:1;1:3:3,4,0,1,1,1,0,1,1,1,1,1,5,8,14
35017,0:2:1;0:3:2;1:2:1;1:3:3,4,1,1,1,1,0,1,1,1,1,1,5,8,3
35018,0:2:1;0:3:2;1:2:1;1:3:3,4,2,1,1,1,0,1,1,1,1,1,5,8,3
35019,0:2:1;0:3:2;1:2:1;1:3:3,4,3,1,1,1,0,1,1,1,1,1,5,8,1
35020,0:2:1;0:3:2;1:2:1;1:3:3,4,4,1,1,1,0,1,1,1,1,1,5,8,1
35021,0:2:1;0:3:2;1:2:1;1:3:3,4,5,1,1,1,0,1,1,1,1,1,5,8,1
35022,0:2:1;0:3:2;1:2:1;1:3:3,5,0,1,1,1,0,1,1,1,1,1,5,8,14
35023,0:2:1;0:3:2;1:2:1;1:3:3,5,1,1,1,1,0,1,1,1,1,1,5,8,3
35024,0:2:1;0:3:2;1:2:1;1:3:3,5,2,1,1,1,0,1,1,1,1,1,5,8,3
35025,0:2:1;0:3:2;1:2:1;1:3:3,5,3,1,1,1,0,1,1,1,1,1,5,8,1
35026,0:2:1;0:3:2;1:2:1;1:3:3,5,4,1,1,1,0,1,1,1,1,1,5,8,1
35027,0:2:1;0:3:2;1:2:1;1:3:3,5,5,1,1,1,0,1,1,1,1,1,5,8,1
35028,0:2:1;0:3:2;1:2:1;1:4:3,0,0,1,0,0,1,0,0,0,0,0,1,1,24
35029,0:2:1;0:3:2;1:2:1;1:4:3,0,1,1,1,0,0,1,1,1,1,1,5,8,3
35030,0:2:1;0:3:2;1:2:1;1:4:3,0,2,1,1,0,0,1,1,1,1,1,5,8,3
35031,0:2:1;0:3:2;1:2:1;1:4:3,0,3,1,1,0,0,1,1,1,1,1,5,8,1
35032,0:2:1;0:3:2;1:2:1;1:4:3,0,4,1,1,1,0,1,1,1,1,1,5,8,1
35033,0:2:1;0:3:2;1:2:1;1:4:3,0,5,1,1,1,0,1,1,1,1,1,5,8,1
35034,0:2:1;0:3:2;1:2:1;1:4:3,1,0,1,1,0,1,0,0,1,0,1,6,14,16
35035,0:2:1;0:3:2;1:2:1;1:4:3,1,1,1,1,0,0,1,1,1,1,1,5,8,3
35036,0:2:1;0:3:2;1:2:1;1:4:3,1,2,1,1,0,0,1,1,1,1,1,5,8,3
35037,0:2:1;0:3:2;1:2:1;1:4:3,1,3,1,1,1,0,1,1,1,1,1,5,8,1
35038,0:2:1;0:3:2;1:2:1;1:4:3,1,4,1,1,1,0,1,1,1,1,1,5,8,1
35039,0:2:1;0:3:2;1:2:1;1:4:3,1,5,1,1,1,0,1,1,1,1,1,5,8,1
35040,0:2:1;0:3:2;1:2:1;1:4:3,2,0,1,1,0,0,1,1,1,1,1,5,8,14
35041,0:2:1;0:3:2;1:2:1;1:4:3,2,1,1,1,0,0,1,1,1,1,1,5,8,3
35042,0:2:1;0:3:2;1:2:1;1:4:3,2,2,1,1,1,0,1,1,1,1,1,5,8,3
35043,0:2:1;0:3:2;1:2:1;1:4:3,2,3,1,1,1,0,1,1,1,1,1,5,8,1
35044,0:2:1;0:3:2;1:2:1;1:4:3,2,4,1,1,1,0,1,1,1,1,1,5,8,1
35045,0:2:1;0:3:2;1:2:1;1:4:3,2,5,1,1,1,0,1,1,1,1,1,5,8,1
35046,0:2:1;0:3:2;1:2:1;1:4:3,3,0,1,1,0,0,1,1,1,1,1,5,8,14
35047,0:2:1;0:3:2;1:2:1;1:4:3,3,1,1,1,1,0,1,1,1,1,1,5,8,3
35048,0:2:1;0:3:2;1:2:1;1:4:3,3,2,1,1,1,0,1,1,1,1,1,5,8,3
35049,0:2:1;0:3:2;1:2:1;1:4:3,3,3,1,1,1,0,1,1,1,1,1,5,8,1
35050,0:2:1;0:3:2;1:2:1;1:4:3,3,4,1,1,1,0,1,1,1,1,1,5,8,1
35051,0:2:1;0:3:2;1:2:1;1:4:3,3,5,1,1,1,0,1,1,1,1,1,5,8,1
35052,0:2:1;0:3:2;1:2:1;1:4:3,4,0,1,1,1,0,1,1,1,1,1,5,8,14
35053,0:2:1;0:3:2;1:2:1;1:4:3,4,1,1,1,1,0,1,1,1,1,1,5,8,3
35054,0:2:1;0:3:2;1:2:1;1:4:3,4,2,1,1,1,0,1,1,1,1,1,5,8,3
35055,0:2:1;0:3:2;1:2:1;1:4:3,4,3,1,1,1,0,1,1,1,1,1,5,8,1
35056,0:2:1;0:3:2;1:2:1;1:4:3,4,4,1,1,1,0,1,1,1,1,1,5,8,1
35057,0:2:1;0:3:2;1:2:1;1:4:3,4,5,1,1,1,0,1,1,1,1,1,5,8,1
35058,0:2:1;0:3:2;1:2:1;1:4:3,5,0,1,1,1,0,1,1,1,1,1,5,8,14
35059,0:2:1;0:3:2;1:2:1;1:4:3,5,1,1,1,1,0,1,1,1,1,1,5,8,3
35060,0:2:1;0:3:2;1:2:1;1:4:3,5,2,1,1,1,0,1,1,1,1,1,5,8,3
35061,0:2:1;0:3:2;1:2:1;1:4:3,5,3,1,1,1,0,1,1,1,1,1,5,8,1
35062,0:2:1;0:3:2;1:2:1;1:4:3,5,4,1,1,1,0,1,1,1,1,1,5,8,1
35063,0:2:1;0:3:2;1:2:1;1:4:3,5,5,1,1,1,0,1,1,1,1,1,5,8,1
35064,0:2:1;0:3:2;1:2:2;1:2:2,0,0,1,0,0,1,0,0,0,0,0,1,1,24
35065,0:2:1;0:3:2;1:2:2;1:2:2,0,1,1,1,0,0,1,1,1,1,1,5,8,3
35066,0:2:1;0:3:2;1:2:2;1:2:2,0,2,1,1,0,0,1,1,1,1,1,5,8,3
35067,0:2:1;0:3:2;1:2:2;1:2:2,0,3,1,1,1,0,1,1,1,1,1,5,8,1
35068,0:2:1;0:3:2;1:2:2;1:2:2,0,4,1,1,1,0,1,1,1,1,1,5,8,1
35069,0:2:1;0:3:2;1:2:2;1:2:2,0,5,1,1,1,0,1,1,1,1,1,5,8,1
35070,0:2:1;0:3:2;1:2:2;1:2:2,1,0,1,0,0,1,0,0,0,0,0,1,3,24
35071,0:2:1;0:3:2;1:2:2;1:2:2,1,1,1,1,0,0,1,1,1,1,1,5,8,3
35072,0:2:1;0:3:2;1:2:2;1:2:2,1,2,1,1,1,0,1,1,1,1,1,5,8,3
35073,0:2:1;0:3:2;1:2:2;1:2:2,1,3,1,1,1,0,1,1,1,1,1,5,8,1
35074,0:2:1;0:3:2;1:2:2;1:2:2,1,4,1,1,1,0,1,1,1,1,1,5,8,1
35075,0:2:1;0:3:2;1:2:2;1:2:2,1,5,1,1,1,0,1,1,1,1,1,5,8,1
35076,0:2:1;0:3:2;1:2:2;1:2:2,2,0,1,1,0,0,1,1,1,1,1,5,8,14
35077,0:2:1;0:3:2;1:2:2;1:2:2,2,1,1,1,1,0,1,1,1,1,1,5,8,3
35078,0:2:1;0:3:2;1:2:2;1:2:2,2,2,1,1,1,0,1,1,1,1,1,5,8,3
35079,0:2:1;0:3:2;1:2:2;1:2:2,2,3,1,1,1,0,1,1,1,1,1,5,8,1
35080,0:2:1;0:3:2;1:2:2;1:2:2,2,4,1,1,1,0,1,1,1,1,1,5,8,1
35081,0:2:1;0:3:2;1:2:2;1:2:2,2,5,1,1,1,0,1,1,1,1,1,5,8,1
35082,0:2:1;0:3:2;1:2:2;1:2:2,3,0,1,1,1,0,1,1,1,1,1,5,8,14
35083,0:2:1;0:3:2;1:2:2;1:2:2,3,1,1,1,1,0,1,1,1,1,1,5,8,3
35084,0:2:1;0:3:2;1:2:2;1:2:2,3,2,1,1,1,0,1,1,1,1,1,5,8,3
35085,0:2:1;0:3:2;1:2:2;1:2:2,3,3,1,1,1,0,1,1,1,1,1,5,8,1
35086,0:2:1;0:3:2;1:2:2;1:2:2,3,4,1,1,1,0,1,1,1,1,1,5,8,1
35087,0:2:1;0:3:2;1:2:2;1:2:2,3,5,1,1,1,0,1,1,1,1,1,5,8,1
35088,0:2:1;0:3:2;1:2:2;1:2:2,4,0,1,1,1,0,1,1,1,1,1,5,8,14
35089,0:2:1;0:3:2;1:2:2;1:2:2,4,1,1,1,1,0,1,1,1,1,1,5,8,3
35090,0:2:1;0:3:2;1:2:2;1:2:2,4,2,1,1,1,0,1,1,1,1,1,5,8,3
35091,0:2:1;0:3:2;1:2:2;1:2:2,4,3,1,1,1,0,1,1,1,1,1,5,8,1
35092,0:2:1;0:3:2;1:2:2;1:2:2,4,4,1,1,1,0,1,1,1,1,1,5,8,1
35093,0:2:1;0:3:2;1:2:2;1:2:2,4,5,1,1,1,0,1,1,1,1,1,5,8,1
35094,0:2:1;0:3:2;1:2:2;1:2:2,5,0,1,1,1,0,1,1,1,1,1,5,8,14
35095,0:2:1;0:3:2;1:2:2;1:2:2,5,1,1,1,1,0,1,1,1,1,1,5,8,3
35096,0:2:1;0:3:2;1:2:2;1:2:2,5,2,1,1,1,0,1,1,1,1,1,5,8,3
35097,0:2:1;0:3:2;1:2:2;1:2:2,5,3,1,1,1,0,1,1,1,1,1,5,8,1
35098,0:2:1;0:3:2;1:2:2;1:2:2,5,4,1,1,1,0,1,1,1,1,1,5,8,1
35099,0:2:1;0:3:2;1:2:2;1:2:2,5,5,1,1,1,0,1,1,1,1,1,5,8,1
35100,0:2:1;0:3:2;1:2:2;1:3:2,0,0,1,0,0,1,0,0,0,0,0,1,1,24
35101,0:2:1;0:3:2;1:2:2;1:3:2,0,1,1,1,0,0,1,1,1,1,1,5,8,3
35102,0:2:1;0:3:2;1:2:2;1:3:2,0,2,1,1,0,0,1,1,1,1,1,5,8,3
35103,0:2:1;0:3:2;1:2:2;1:3:2,0,3,1,1,1,0,1,1,1,1,1,5,8,1
35104,0:2:1;0:3:2;1:2:2;1:3:2,0,4,1,1,1,0,1,1,1,1,1,5,8,1
35105,0:2:1;0:3:2;1:2:2;1:3:2,0,5,1,1,1,0,1,1,1,1,1,5,8,1
35106,0:2:1;0:3:2;1:2:2;1:3:2,1,0,1,0,0,1,0,0,0,0,0,1,3,24
35107,0:2:1;0:3:2;1:2:2;1:3:2,1,1,1,1,0,0,1,1,1,1,1,5,8,3
35108,0:2:1;0:3:2;1:2:2;1:3:2,1,2,1,1,1,0,1,1,1,1,1,5,8,3
35109,0:2:1;0:3:2;1:2:2;1:3:2,1,3,1,1,1,0,1,1,1,1,1,5,8,1
35110,0:2:1;0:3:2;1:2:2;1:3:2,1,4,1,1,1,0,1,1,1,1,1,5,8,1
35111,0:2:1;0:3:2;1:2:2;1:3:2,1,5,1,1,1,0,1,1,1,1,1,5,8,1
35112,0:2:1;0:3:2;1:2:2;1:3:2,2,0,1,1,0,0,1,1,1,1,1,5,8,14
35113,0:2:1;0:3:2;1:2:2;1:3:2,2,1,1,1,1,0,1,1,1,1,1,5,8,3
35114,0:2:1;0:3:2;1:2:2;1:3:2,2,2,1,1,1,0,1,1,1,1,1,5,8,3
35115,0:2:1;0:3:2;1:2:2;1:3:2,2,3,1,1,1,0,1,1,1,1,1,5,8,1
35116,0:2:1;0:3:2;1:2:2;1:3:2,2,4,1,1,1,0,1,1,1,1,1,5,8,1
35117,0:2:1;0:3:2;1:2:2;1:3:2,2,5,1,1,1,0,1,1,1,1,1,5,8,1
35118,0:2:1;0:3:2;1:2:2;1:3:2,3,0,1,1,1,0,1,1,1,1,1,5,8,14
35119,0:2:1;0:3:2;1:2:2;1:3:2,3,1,1,1,1,0,1,1,1,1,1,5,8,3
35120,0:2:1;0:3:2;1:2:2;1:3:2,3,2,1,1,1,0,1,1,1,1,1,5,8,3
35121,0:2:1;0:3:2;1:2:2;1:3:2,3,3,1,1,1,0,1,1,1,1,1,5,8,1
35122,0:2:1;0:3:2;1:2:2;1:3:2,3,4,1,1,1,0,1,1,1,1,1,5,8,1
35123,0:2:1;0:3:2;1:2:2;1:3:2,3,5,1,1,1,0,1,1,1,1,1,5,8,1
35124,0:2:1;0:3:2;1:2:2;1:3:2,4,0,1,1,1,0,1,1,1,1,1,5,8,14
35125,0:2:1;0:3:2;1:2:2;1:3:2,4,1,1,1,1,0,1,1,1,1,1,5,8,3
35126,0:2:1;0:3:2;1:2:2;1:3:2,4,2,1,1,1,0,1,1,1,1,1,5,8,3
35127,0:2:1;0:3:2;1:2:2;1:3:2,4,3,1,1,1,0,1,1,1,1,1,5,8,1
35128,0:2:1;0:3:2;1:2:2;1:3:2,4,4,1,1,1,0,1,1,1,1,1,5,8,1
35129,0:2:1;0:3:2;1:2:2;1:3:2,4,5,1,1,1,0,1,1,1,1,1,5,8,1
35130,0:2:1;0:3:2;1:2:2;1:3:2,5,0,1,1,1,0,1,1,1,1,1,5,8,14
35131,0:2:1;0:3:2;1:2:2;1:3:2,5,1,1,1,1,0,1,1,1,1,1,5,8,3
35132,0:2:1;0:3:2;1:2:2;1:3:2,5,2,1,1,1,0,1,1,1,1,1,5,8,3
35133,0:2:1;0:3:2;1:2:2;1:3:2,5,3,1,1,1,0,1,1,1,1,1,5,8,1
35134,0:2:1;0:3:2;1:2:2;1:3:2,5,4,1,1,1,0,1,1,1,1,1,5,8,1
35135,0:2:1;0:3:2;1:2:2;1:3:2,5,5,1,1,1,0,1,1,1,1,1,5,8,1
35136,0:2:1;0:3:2;1:2:2;1:3:3,0,0,1,0,0,1,0,0,0,0,0,1,1,24
35137,0:2:1;0:3:2;1:2:2;1:3:3,0,1,1,1,0,0,1,1,1,1,1,5,9,3
35138,0:2:1;0:3:2;1:2:2;1:3:3,0,2,1,1,0,0,1,1,1,1,1,5,9,3
35139,0:2:1;0:3:2;1:2:2;1:3:3,0,3,1,1,0,0,1,1,1,1,1,5,9,1
35140,0:2:1;0:3:2;1:2:2;1:3:3,0,4,1,1,1,0,1,1,1,1,1,5,9,1
35141,0:2:1;0:3:2;1:2:2;1:3:3,0,5,1,1,1,0,1,1,1,1,1,5,9,1
35142,0:2:1;0:3:2;1:2:2;1:3:3,1,0,1,0,0,1,0,0,0,0,0,1,3,24
35143,0:2:1;0:3:2;1:2:2;1:3:3,1,1,1,1,0,0,1,1,1,1,1,5,9,3
35144,0:2:1;0:3:2;1:2:2;1:3:3,1,2,1,1,0,0,1,1,1,1,1,5,9,3
35145,0:2:1;0:3:2;1:2:2;1:3:3,1,3,1,1,1,0,1,1,1,1,1,5,9,1
35146,0:2:1;0:3:2;1:2:2;1:3:3,1,4,1,1,1,0,1,1,1,1,1,5,9,1
35147,0:2:1;0:3:2;1:2:2;1:3:3,1,5,1,1,1,0,1,1,1,1,1,5,9,1
35148,0:2:1;0:3:2;1:2:2;1:3:3,2,0,1,1,0,1,0,0,1,0,1,6,15,16
35149,0:2:1;0:3:2;1:2:2;1:3:3,2,1,1,1,0,0,1,1,1,1,1,5,9,3
35150,0:2:1;0:3:2;1:2:2;1:3:3,2,2,1,1,1,0,1,1,1,1,1,5,9,3
35151,0:2:1;0:3:2;1:2:2;1:3:3,2,3,1,1,1,0,1,1,1,1,1,5,9,1
35152,0:2:1;0:3:2;1:2:2;1:3:3,2,4,1,1,1,0,1,1,1,1,1,5,9,1
35153,0:2:1;0:3:2;1:2:2;1:3:3,2,5,1,1,1,0,1,1,1,1,1,5,9,1
35154,0:2:1;0:3:2;1:2:2;1:3:3,3,0,1,1,0,0,1,1,1,1,1,5,9,14
35155,0:2:1;0:3:2;1:2:2;1:3:3,3,1,1,1,1,0,1,1,1,1,1,5,9,3
35156,0:2:1;0:3:2;1:2:2;1:3:3,3,2,1,1,1,0,1,1,1,1,1,5,9,3
35157,0:2:1;0:3:2;1:2:2;1:3:3,3,3,1,1,1,0,1,1,1,1,1,5,9,1
35158,0:2:1;0:3:2;1:2:2;1:3:3,3,4,1,1,1,0,1,1,1,1,1,5,9,1
35159,0:2:1;0:3:2;1:2:2;1:3:3,3,5,1,1,1,0,1,1,1,1,1,5,9,1
35160,0:2:1;0:3:2;1:2:2;1:3:3,4,0,1,1,1,0,1,1,1,1,1,5,9,14
35161,0:2:1;0:3:2;1:2:2;1:3:3,4,1,1,1,1,0,1,1,1,1,1,5,9,3
35162,0:2:1;0:3:2;1:2:2;1:3:3,4,2,1,1,1,0,1,1,1,1,1,5,9,3
35163,0:2:1;0:3:2;1:2:2;1:3:3,4,3,1,1,1,0,1,1,1,1,1,5,9,1
35164,0:2:1;0:3:2;1:2:2;1:3:3,4,4,1,1,1,0,1,1,1,1,1,5,9,1
35165,0:2:1;0:3:2;1:2:2;1:3:3,4,5,1,1,1,0,1,1,1,1,1,5,9,1
35166,0:2:1;0:3:2;1:2:2;1:3:3,5,0,1,1,1,0,1,1,1,1,1,5,9,14
35167,0:2:1;0:3:2;1:2:2;1:3:3,5,1,1,1,1,0,1,1,1,1,1,5,9,3
35168,0:2:1;0:3:2;1:2:2;1:3:3,5,2,1,1,1,0,1,1,1,1,1,5,9,3
35169,0:2:1;0:3:2;1:2:2;1:3:3,5,3,1,1,1,0,1,1,1,1,1,5,9,1
35170,0:2:1;0:3:2;1:2:2;1:3:3,5,4,1,1,1,0,1,1,1,1,1,5,9,1
35171,0:2:1;0:3:2;1:2:2;1:3:3,5,5,1,1,1,0,1,1,1,1,1,5,9,1
35172,0:2:1;0:3:2;1:2:2;1:4:3,0,0,1,0,0,1,0,0,0,0,0,1,1,24
35173,0:2:1;0:3:2;1:2:2;1:4:3,0,1,1,1,0,0,1,1,1,1,1,5,9,3
35174,0:2:1;0:3:2;1:2:2;1:4:3,0,2,1,1,0,0,1,1,1,1,1,5,9,3
35175,0:2:1;0:3:2;1:2:2;1:4:3,0,3,1,1,0,0,1,1,1,1,1,5,9,1
35176,0:2:1;0:3:2;1:2:2;1:4:3,0,4,1,1,1,0,1,1,1,1,1,5,9,1
35177,0:2:1;0:3:2;1:2:2;1:4:3,0,5,1,1,1,0,1,1,1,1,1,5,9,1
35178,0:2:1;0:3:2;1:2:2;1:4:3,1,0,1,0,0,1,0,0,0,0,0,1,3,24
35179,0:2:1;0:3:2;1:2:2;1:4:3,1,1,1,1,0,0,1,1,1,1,1,5,9,3
35180,0:2:1;0:3:2;1:2:2;1:4:3,1,2,1,1,0,0,1,1,1,1,1,5,9,3
35181,0:2:1;0:3:2;1:2:2;1:4:3,1,3,1,1,1,0,1,1,1,1,1,5,9,1
35182,0:2:1;0:3:2;1:2:2;1:4:3,1,4,1,1,1,0,1,1,1,1,1,5,9,1
35183,0:2:1;0:3:2;1:2:2;1:4:3,1,5,1,1,1,0,1,1,1,1,1,5,9,1
35184,0:2:1;0:3:2;1:2:2;1:4:3,2,0,1,1,0,1,0,0,1,0,1,6,15,16
35185,0:2:1;0:3:2;1:2:2;1:4:3,2,1,1,1,0,0,1,1,1,1,1,5,9,3
35186,0:2:1;0:3:2;1:2:2;1:4:3,2,2,1,1,1,0,1,1,1,1,1,5,9,3
35187,0:2:1;0:3:2;1:2:2;1:4:3,2,3,1,1,1,0,1,1,1,1,1,5,9,1
35188,0:2:1;0:3:2;1:2:2;1:4:3,2,4,1,1,1,0,1,1,1,1,1,5,9,1
35189,0:2:1;0:3:2;1:2:2;1:4:3,2,5,1,1,1,0,1,1,1,1,1,5,9,1
35190,0:2:1;0:3:2;1:2:2;1:4:3,3,0,1,1,0,0,1,1,1,1,1,5,9,14
35191,0:2:1;0:3:2;1:2:2;1:4:3,3,1,1,1,1,0,1,1,1,1,1,5,9,3
35192,0:2:1;0:3:2;1:2:2;1:4:3,3,2,1,1,1,0,1,1,1,1,1,5,9,3
35193,0:2:1;0:3:2;1:2:2;1:4:3,3,3,1,1,1,0,1,1,1,1,1,5,9,1
35194,0:2:1;0:3:2;1:2:2;1:4:3,3,4,1,1,1,0,1,1,1,1,1,5,9,1
35195,0:2:1;0:3:2;1:2:2;1:4:3,3,5,1,1,1,0,1,1,1,1,1,5,9,1
35196,0:2:1;0:3:2;1:2:2;1:4:3,4,0,1,1,1,0,1,1,1,1,1,5,9,14
35197,0:2:1;0:3:2;1:2:2;1:4:3,4,1,1,1,1,0,1,1,1,1,1,5,9,3
35198,0:2:1;0:3:2;1:2:2;1:4:3,4,2,1,1,1,0,1,1,1,1,1,5,9,3
35199,0:2:1;0:3:2;1:2:2;1:4:3,4,3,1,1,1,0,1,1,1,1,1,5,9,1
35200,0:2:1;0:3:2;1:2:2;1:4:3,4,4,1,1,1,0,1,1,1,1,1,5,9,1
35201,0:2:1;0:3:2;1:2:2;1:4:3,4,5,1,1,1,0,1,1,1,1,1,5,9,1
35202,0:2:1;0:3:2;1:2:2;1:4:3,5,0,1,1,1,0,1,1,1,1,1,5,9,14
35203,0:2:1;0:3:2;1:2:2;1:4:3,5,1,1,1,1,0,1,1,1,1,1,5,9,3
35204,0:2:1;0:3:2;1:2:2;1:4:3,5,2,1,1,1,0,1,1,1,1,1,5,9,3
35205,0:2:1;0:3:2;1:2:2;1:4:3,5,3,1,1,1,0,1,1,1,1,1,5,9,1
35206,0:2:1;0:3:2;1:2:2;1:4:3,5,4,1,1,1,0,1,1,1,1,1,5,9,1
35207,0:2:1;0:3:2;1:2:2;1:4:3,5,5,1,1,1,0,1,1,1,1,1,5,9,1
35208,0:2:1;0:3:2;1:3:2;1:3:2,0,0,1,0,0,1,0,0,0,0,0,1,1,24
35209,0:2:1;0:3:2;1:3:2;1:3:2,0,1,1,1,0,0,1,1,1,1,1,5,8,3
35210,0:2:1;0:3:2;1:3:2;1:3:2,0,2,1,1,0,0,1,1,1,1,1,5,8,3
35211,0:2:1;0:3:2;1:3:2;1:3:2,0,3,1,1,1,0,1,1,1,1,1,5,8,1
35212,0:2:1;0:3:2;1:3:2;1:3:2,0,4,1,1,1,0,1,1,1,1,1,5,8,1
35213,0:2:1;0:3:2;1:3:2;1:3:2,0,5,1,1,1,0,1,1,1,1,1,5,8,1
35214,0:2:1;0:3:2;1:3:2;1:3:2,1,0,1,0,0,1,0,0,0,0,0,1,3,24
35215,0:2:1;0:3:2;1:3:2;1:3:2,1,1,1,1,0,0,1,1,1,1,1,5,8,3
35216,0:2:1;0:3:2;1:3:2;1:3:2,1,2,1,1,1,0,1,1,1,1,1,5,8,3
35217,0:2:1;0:3:2;1:3:2;1:3:2,1,3,1,1,1,0,1,1,1,1,1,5,8,1
35218,0:2:1;0:3:2;1:3:2;1:3:2,1,4,1,1,1,0,1,1,1,1,1,5,8,1
35219,0:2:1;0:3:2;1:3:2;1:3:2,1,5,1,1,1,0,1,1,1,1,1,5,8,1
35220,0:2:1;0:3:2;1:3:2;1:3:2,2,0,1,1,0,0,1,1,1,1,1,5,8,13
35221,0:2:1;0:3:2;1:3:2;1:3:2,2,1,1,1,1,0,1,1,1,1,1,5,8,3
35222,0:2:1;0:3:2;1:3:2;1:3:2,2,2,1,1,1,0,1,1,1,1,1,5,8,3
35223,0:2:1;0:3:2;1:3:2;1:3:2,2,3,1,1,1,0,1,1,1,1,1,5,8,1
35224,0:2:1;0:3:2;1:3:2;1:3:2,2,4,1,1,1,0,1,1,1,1,1,5,8,1
35225,0:2:1;0:3:2;1:3:2;1:3:2,2,5,1,1,1,0,1,1,1,1,1,5,8,1
35226,0:2:1;0:3:2;1:3:2;1:3:2,3,0,1,1,1,0,1,1,1,1,1,5,8,13
35227,0:2:1;0:3:2;1:3:2;1:3:2,3,1,1,1,1,0,1,1,1,1,1,5,8,3
35228,0:2:1;0:3:2;1:3:2;1:3:2,3,2,1,1,1,0,1,1,1,1,1,5,8,3
35229,0:2:1;0:3:2;1:3:2;1:3:2,3,3,1,1,1,0,1,1,1,1,1,5,8,1
35230,0:2:1;0:3:2;1:3:2;1:3:2,3,4,1,1,1,0,1,1,1,1,1,5,8,1
35231,0:2:1;0:3:2;1:3:2;1:3:2,3,5,1,1,1,0,1,1,1,1,1,5,8,1
35232,0:2:1;0:3:2;1:3:2;1:3:2,4,0,1,1,1,0,1,1,1,1,1,5,8,13
35233,0:2:1;0:3:2;1:3:2;1:3:2,4,1,1,1,1,0,1,1,1,1,1,5,8,3
35234,0:2:1;0:3:2;1:3:2;1:3:2,4,2,1,1,1,0,1,1,1,1,1,5,8,3
35235,0:2:1;0:3:2;1:3:2;1:3:2,4,3,1,1,1,0,1,1,1,1,1,5,8,1
35236,0:2:1;0:3:2;1:3:2;1:3:2,4,4,1,1,1,0,1,1,1,1,1,5,8,1
35237,0:2:1;0:3:2;1:3:2;1:3:2,4,5,1,1,1,0,1,1,1,1,1,5,8,1
35238,0:2:1;0:3:2;1:3:2;1:3:2,5,0,1,1,1,0,1,1,1,1,1,5,8,13
35239,0:2:1;0:3:2;1:3:2;1:3:2,5,1,1,1,1,0,1,1,1,1,1,5,8,3
35240,0:2:1;0:3:2;1:3:2;1:3:2,5,2,1,1,1,0,1,1,1,1,1,5,8,3
35241,0:2:1;0:3:2;1:3:2;1:3:2,5,3,1,1,1,0,1,1,1,1,1,5,8,1
35242,0:2:1;0:3:2;1:3:2;1:3:2,5,4,1,1,1,0,1,1,1,1,1,5,8,1
35243,0:2:1;0:3:2;1:3:2;1:3:2,5,5,1,1,1,0,1,1,1,1,1,5,8,1
35244,0:2:1;0:3:2;1:3:2;1:3:3,0,0,1,0,0,1,0,0,0,0,0,1,1,24
35245,0:2:1;0:3:2;1:3:2;1:3:3,0,1,1,1,0,0,1,1,1,1,1,5,9,3
35246,0:2:1;0:3:2;1:3:2;1:3:3,0,2,1,1,0,0,1,1,1,1,1,5,9,3
35247,0:2:1;0:3:2;1:3:2;1:3:3,0,3,1,1,0,0,1,1,1,1,1,5,9,1
35248,0:2:1;0:3:2;1:3:2;1:3:3,0,4,1,1,1,0,1,1,1,1,1,5,9,1
35249,0:2:1;0:3:2;1:3:2;1:3:3,0,5,1,1,1,0,1,1,1,1,1,5,9,1
35250,0:2:1;0:3:2;1:3:2;1:3:3,1,0,1,0,0,1,0,0,0,0,0,1,3,24
35251,0:2:1;0:3:2;1:3:2;1:3:3,1,1,1,1,0,0,1,1,1,1,1,5,9,3
35252,0:2:1;0:3:2;1:3:2;1:3:3,1,2,1,1,0,0,1,1,1,1,1,5,9,3
35253,0:2:1;0:3:2;1:3:2;1:3:3,1,3,1,1,1,0,1,1,1,1,1,5,9,1
35254,0:2:1;0:3:2;1:3:2;1:3:3,1,4,1,1,1,0,1,1,1,1,1,5,9,1
35255,0:2:1;0:3:2;1:3:2;1:3:3,1,5,1,1,1,0,1,1,1,1,1,5,9,1
35256,0:2:1;0:3:2;1:3:2;1:3:3,2,0,1,1,0,0,1,1,1,1,1,5,9,13
35257,0:2:1;0:3:2;1:3:2;1:3:3,2,1,1,1,0,0,1,1,1,1,1,5,9,3
35258,0:2:1;0:3:2;1:3:2;1:3:3,2,2,1,1,1,0,1,1,1,1,1,5,9,3
35259,0:2:1;0:3:2;1:3:2;1:3:3,2,3,1,1,1,0,1,1,1,1,1,5,9,1
35260,0:2:1;0:3:2;1:3:2;1:3:3,2,4,1,1,1,0,1,1,1,1,1,5,9,1
35261,0:2:1;0:3:2;1:3:2;1:3:3,2,5,1,1,1,0,1,1,1,1,1,5,9,1
35262,0:2:1;0:3:2;1:3:2;1:3:3,3,0,1,1,0,0,1,1,1,1,1,5,9,13
35263,0:2:1;0:3:2;1:3:2;1:3:3,3,1,1,1,1,0,1,1,1,1,1,5,9,3
35264,0:2:1;0:3:2;1:3:2;1:3:3,3,2,1,1,1,0,1,1,1,1,1,5,9,3
35265,0:2:1;0:3:2;1:3:2;1:3:3,3,3,1,1,1,0,1,1,1,1,1,5,9,1
35266,0:2:1;0:3:2;1:3:2;1:3:3,3,4,1,1,1,0,1,1,1,1,1,5,9,1
35267,0:2:1;0:3:2;1:3:2;1:3:3,3,5,1,1,1,0,1,1,1,1,1,5,9,1
35268,0:2:1;0:3:2;1:3:2;1:3:3,4,0,1,1,1,0,1,1,1,1,1,5,9,13
35269,0:2:1;0:3:2;1:3:2;1:3:3,4,1,1,1,1,0,1,1,1,1,1,5,9,3
35270,0:2:1;0:3:2;1:3:2;1:3:3,4,2,1,1,1,0,1,1,1,1,1,5,9,3
35271,0:2:1;0:3:2;1:3:2;1:3:3,4,3,1,1,1,0,1,1,1,1,1,5,9,1
35272,0:2:1;0:3:2;1:3:2;1:3:3,4,4,1,1,1,0,1,1,1,1,1,5,9,1
35273,0:2:1;0:3:2;1:3:2;1:3:3,4,5,1,1,1,0,1,1,1,1,1,5,9,1
35274,0:2:1;0:3:2;1:3:2;1:3:3,5,0,1,1,1,0,1,1,1,1,1,5,9,13
35275,0:2:1;0:3:2;1:3:2;1:3:3,5,1,1,1,1,0,1,1,1,1,1,5,9,3
35276,0:2:1;0:3:2;1:3:2;1:3:3,5,2,1,1,1,0,1,1,1,1,1,5,9,3
35277,0:2:1;0:3:2;1:3:2;1:3:3,5,3,1,1,1,0,1,1,1,1,1,5,9,1
35278,0:2:1;0:3:2;1:3:2;1:3:3,5,4,1,1,1,0,1,1,1,1,1,5,9,1
35279,0:2:1;0:3:2;1:3:2;1:3:3,5,5,1,1,1,0,1,1,1,1,1,5,9,1
35280,0:2:1;0:3:2;1:3:2;1:4:3,0,0,1,0,0,1,0,0,0,0,0,1,1,24
35281,0:2:1;0:3:2;1:3:2;1:4:3,0,1,1,1,0,0,1,1,1,1,1,5,9,3
35282,0:2:1;0:3:2;1:3:2;1:4:3,0,2,1,1,0,0,1,1,1,1,1,5,9,3
35283,0:2:1;0:3:2;1:3:2;1:4:3,0,3,1,1,0,0,1,1,1,1,1,5,9,1
35284,0:2:1;0:3:2;1:3:2;1:4:3,0,4,1,1,1,0,1,1,1,1,1,5,9,1
35285,0:2:1;0:3:2;1:3:2;1:4:3,0,5,1,1,1,0,1,1,1,1,1,5,9,1
35286,0:2:1;0:3:2;1:3:2;1:4:3,1,0,1,0,0,1,0,0,0,0,0,1,3,24
35287,0:2:1;0:3:2;1:3:2;1:4:3,1,1,1,1,0,0,1,1,1,1,1,5,9,3
35288,0:2:1;0:3:2;1:3:2;1:4:3,1,2,1,1,0,0,1,1,1,1,1,5,9,3
35289,0:2:1;0:3:2;1:3:2;1:4:3,1,3,1,1,1,0,1,1,1,1,1,5,9,1
35290,0:2:1;0:3:2;1:3:2;1:4:3,1,4,1,1,1,0,1,1,1,1,1,5,9,1
35291,0:2:1;0:3:2;1:3:2;1:4:3,1,5,1,1,1,0,1,1,1,1,1,5,9,1
35292,0:2:1;0:3:2;1:3:2;1:4:3,2,0,1,1,0,0,1,1,1,1,1,5,9,13
35293,0:2:1;0:3:2;1:3:2;1:4:3,2,1,1,1,0,0,1,1,1,1,1,5,9,3
35294,0:2:1;0:3:2;1:3:2;1:4:3,2,2,1,1,1,0,1,1,1,1,1,5,9,3
35295,0:2:1;0:3:2;1:3:2;1:4:3,2,3,1,1,1,0,1,1,1,1,1,5,9,1
35296,0:2:1;0:3:2;1:3:2;1:4:3,2,4,1,1,1,0,1,1,1,1,1,5,9,1
35297,0:2:1;0:3:2;1:3:2;1:4:3,2,5,1,1,1,0,1,1,1,1,1,5,9,1
35298,0:2:1;0:3:2;1:3:2;1:4:3,3,0,1,1,0,0,1,1,1,1,1,5,9,13
35299,0:2:1;0:3:2;1:3:2;1:4:3,3,1,1,1,1,0,1,1,1,1,1,5,9,3
35300,0:2:1;0:3:2;1:3:2;1:4:3,3,2,1,1,1,0,1,1,1,1,1,5,9,3
35301,0:2:1;0:3:2;1:3:2;1:4:3,3,3,1,1,1,0,1,1,1,1,1,5,9,1
35302,0:2:1;0:3:2;1:3:2;1:4:3,3,4,1,1,1,0,1,1,1,1,1,5,9,1
35303,0:2:1;0:3:2;1:3:2;1:4:3,3,5,1,1,1,0,1,1,1,1,1,5,9,1
35304,0:2:1;0:3:2;1:3:2;1:4:3,4,0,1,1,1,0,1,1,1,1,1,5,9,13
35305,0:2:1;0:3:2;1:3:2;1:4:3,4,1,1,1,1,0,1,1,1,1,1,5,9,3
35306,0:2:1;0:3:2;1:3:2;1:4:3,4,2,1,1,1,0,1,1,1,1,1,5,9,3
35307,0:2:1;0:3:2;1:3:2;1:4:3,4,3,1,1,1,0,1,1,1,1,1,5,9,1
35308,0:2:1;0:3:2;1:3:2;1:4:3,4,4,1,1,1,0,1,1,1,1,1,5,9,1
35309,0:2:1;0:3:2;1:3:2;1:4:3,4,5,1,1,1,0,1,1,1,1,1,5,9,1
35310,0:2:1;0:3:2;1:3:2;1:4:3,5,0,1,1,1,0,1,1,1,1,1,5,9,13
35311,0:2:1;0:3:2;1:3:2;1:4:3,5,1,1,1,1,0,1,1,1,1,1,5,9,3
35312,0:2:1;0:3:2;1:3:2;1:4:3,5,2,1,1,1,0,1,1,1,1,1,5,9,3
35313,0:2:1;0:3:2;1:3:2;1:4:3,5,3,1,1,1,0,1,1,1,1,1,5,9,1
35314,0:2:1;0:3:2;1:3:2;1:4:3,5,4,1,1,1,0,1,1,1,1,1,5,9,1
35315,0:2:1;0:3:2;1:3:2;1:4:3,5,5,1,1,1,0,1,1,1,1,1,5,9,1
35316,0:2:1;0:3:2;1:3:3;1:3:3,0,0,0,0,0,1,0,0,0,0,0,0,1,24
35317,0:2:1;0:3:2;1:3:3;1:3:3,0,1,0,0,0,1,0,0,0,0,0,0,8,24
35318,0:2:1;0:3:2;1:3:3;1:3:3,0,2,0,0,0,1,0,0,0,0,0,0,30,24
35319,0:2:1;0:3:2;1:3:3;1:3:3,0,3,0,0,0,1,0,0,0,0,0,0,39,24
35320,0:2:1;0:3:2;1:3:3;1:3:3,0,4,0,0,0,1,0,0,0,0,0,0,39,24
35321,0:2:1;0:3:2;1:3:3;1:3:3,0,5,0,0,0,1,0,0,0,0,0,0,39,24
35322,0:2:1;0:3:2;1:3:3;1:3:3,1,0,1,0,0,1,0,0,0,0,0,1,3,24
35323,0:2:1;0:3:2;1:3:3;1:3:3,1,1,1,1,0,0,1,1,1,1,1,5,10,3
35324,0:2:1;0:3:2;1:3:3;1:3:3,1,2,1,1,0,0,1,1,1,1,1,5,10,3
35325,0:2:1;0:3:2;1:3:3;1:3:3,1,3,1,1,1,0,1,1,1,1,1,5,10,1
35326,0:2:1;0:3:2;1:3:3;1:3:3,1,4,1,1,1,0,1,1,1,1,1,5,10,1
35327,0:2:1;0:3:2;1:3:3;1:3:3,1,5,1,1,1,0,1,1,1,1,1,5,10,1
35328,0:2:1;0:3:2;1:3:3;1:3:3,2,0,1,0,0,1,0,0,0,0,0,1,6,24
35329,0:2:1;0:3:2;1:3:3;1:3:3,2,1,1,1,0,0,1,1,1,1,1,5,10,3
35330,0:2:1;0:3:2;1:3:3;1:3:3,2,2,1,1,1,0,1,1,1,1,1,5,10,3
35331,0:2:1;0:3:2;1:3:3;1:3:3,2,3,1,1,1,0,1,1,1,1,1,5,10,1
35332,0:2:1;0:3:2;1:3:3;1:3:3,2,4,1,1,1,0,1,1,1,1,1,5,10,1
35333,0:2:1;0:3:2;1:3:3;1:3:3,2,5,1,1,1,0,1,1,1,1,1,5,10,1
35334,0:2:1;0:3:2;1:3:3;1:3:3,3,0,1,1,0,0,1,1,1,1,1,5,10,13
35335,0:2:1;0:3:2;1:3:3;1:3:3,3,1,1,1,1,0,1,1,1,1,1,5,10,3
35336,0:2:1;0:3:2;1:3:3;1:3:3,3,2,1,1,1,0,1,1,1,1,1,5,10,3
35337,0:2:1;0:3:2;1:3:3;1:3:3,3,3,1,1,1,0,1,1,1,1,1,5,10,1
35338,0:2:1;0:3:2;1:3:3;1:3:3,3,4,1,1,1,0,1,1,1,1,1,5,10,1
35339,0:2:1;0:3:2;1:3:3;1:3:3,3,5,1,1,1,0,1,1,1,1,1,5,10,1
35340,0:2:1;0:3:2;1:3:3;1:3:3,4,0,1,1,1,0,1,1,1,1,1,5,10,13
35341,0:2:1;0:3:2;1:3:3;1:3:3,4,1,1,1,1,0,1,1,1,1,1,5,10,3
35342,0:2:1;0:3:2;1:3:3;1:3:3,4,2,1,1,1,0,1,1,1,1,1,5,10,3
35343,0:2:1;0:3:2;1:3:3;1:3:3,4,3,1,1,1,0,1,1,1,1,1,5,10,1
35344,0:2:1;0:3:2;1:3:3;1:3:3,4,4,1,1,1,0,1,1,1,1,1,5,10,1
35345,0:2:1;0:3:2;1:3:3;1:3:3,4,5,1,1,1,0,1,1,1,1,1,5,10,1
35346,0:2:1;0:3:2;1:3:3;1:3:3,5,0,1,1,1,0,1,1,1,1,1,5,10,13
35347,0:2:1;0:3:2;1:3:3;1:3:3,5,1,1,1,1,0,1,1,1,1,1,5,10,3
35348,0:2:1;0:3:2;1:3:3;1:3:3,5,2,1,1,1,0,1,1,1,1,1,5,10,3
35349,0:2:1;0:3:2;1:3:3;1:3:3,5,3,1,1,1,0,1,1,1,1,1,5,10,1
35350,0:2:1;0:3:2;1:3:3;1:3:3,5,4,1,1,1,0,1,1,1,1,1,5,10,1
35351,0:2:1;0:3:2;1:3:3;1:3:3,5,5,1,1,1,0,1,1,1,1,1,5,10,1
35352,0:2:1;0:3:2;1:3:3;1:4:3,0,0,0,0,0,1,0,0,0,0,0,0,1,24
35353,0:2:1;0:3:2;1:3:3;1:4:3,0,1,0,0,0,1,0,0,0,0,0,0,8,24
35354,0:2:1;0:3:2;1:3:3;1:4:3,0,2,0,0,0,1,0,0,0,0,0,0,30,24
35355,0:2:1;0:3:2;1:3:3;1:4:3,0,3,0,0,0,1,0,0,0,0,0,0,39,24
35356,0:2:1;0:3:2;1:3:3;1:4:3,0,4,0,0,0,1,0,0,0,0,0,0,39,24
35357,0:2:1;0:3:2;1:3:3;1:4:3,0,5,0,0,0,1,0,0,0,0,0,0,39,24
35358,0:2:1;0:3:2;1:3:3;1:4:3,1,0,1,0,0,1,0,0,0,0,0,1,3,24
35359,0:2:1;0:3:2;1:3:3;1:4:3,1,1,1,1,0,0,1,1,1,1,1,5,10,3
35360,0:2:1;0:3:2;1:3:3;1:4:3,1,2,1,1,0,0,1,1,1,1,1,5,10,3
35361,0:2:1;0:3:2;1:3:3;1:4:3,1,3,1,1,1,0,1,1,1,1,1,5,10,1
35362,0:2:1;0:3:2;1:3:3;1:4:3,1,4,1,1,1,0,1,1,1,1,1,5,10,1
35363,0:2:1;0:3:2;1:3:3;1:4:3,1,5,1,1,1,0,1,1,1,1,1,5,10,1
35364,0:2:1;0:3:2;1:3:3;1:4:3,2,0,1,0,0,1,0,0,0,0,0,1,6,24
35365,0:2:1;0:3:2;1:3:3;1:4:3,2,1,1,1,0,0,1,1,1,1,1,5,10,3
35366,0:2:1;0:3:2;1:3:3;1:4:3,2,2,1,1,1,0,1,1,1,1,1,5,10,3
35367,0:2:1;0:3:2;1:3:3;1:4:3,2,3,1,1,1,0,1,1,1,1,1,5,10,1
35368,0:2:1;0:3:2;1:3:3;1:4:3,2,4,1,1,1,0,1,1,1,1,1,5,10,1
35369,0:2:1;0:3:2;1:3:3;1:4:3,2,5,1,1,1,0,1,1,1,1,1,5,10,1
35370,0:2:1;0:3:2;1:3:3;1:4:3,3,0,1,1,0,0,1,1,1,1,1,5,10,13
35371,0:2:1;0:3:2;1:3:3;1:4:3,3,1,1,1,1,0,1,1,1,1,1,5,10,3
35372,0:2:1;0:3:2;1:3:3;1:4:3,3,2,1,1,1,0,1,1,1,1,1,5,10,3
35373,0:2:1;0:3:2;1:3:3;1:4:3,3,3,1,1,1,0,1,1,1,1,1,5,10,1
35374,0:2:1;0:3:2;1:3:3;1:4:3,3,4,1,1,1,0,1,1,1,1,1,5,10,1
35375,0:2:1;0:3:2;1:3:3;1:4:3,3,5,1,1,1,0,1,1,1,1,1,5,10,1
35376,0:2:1;0:3:2;1:3:3;1:4:3,4,0,1,1,1,0,1,1,1,1,1,5,10,13
35377,0:2:1;0:3:2;1:3:3;1:4:3,4,1,1,1,1,0,1,1,1,1,1,5,10,3
35378,0:2:1;0:3:2;1:3:3;1:4:3,4,2,1,1,1,0,1,1,1,1,1,5,10,3
35379,0:2:1;0:3:2;1:3:3;1:4:3,4,3,1,1,1,0,1,1,1,1,1,5,10,1
35380,0:2:1;0:3:2;1:3:3;1:4:3,4,4,1,1,1,0,1,1,1,1,1,5,10,1
35381,0:2:1;0:3:2;1:3:3;1:4:3,4,5,1,1,1,0,1,1,1,1,1,5,10,1
35382,0:2:1;0:3:2;1:3:3;1:4:3,5,0,1,1,1,0,1,1,1,1,1,5,10,13
35383,0:2:1;0:3:2;1:3:3;1:4:3,5,1,1,1,1,0,1,1,1,1,1,5,10,3
35384,0:2:1;0:3:2;1:3:3;1:4:3,5,2,1,1,1,0,1,1,1,1,1,5,10,3
35385,0:2:1;0:3:2;1:3:3;1:4:3,5,3,1,1,1,0,1,1,1,1,1,5,10,1
35386,0:2:1;0:3:2;1:3:3;1:4:3,5,4,1,1,1,0,1,1,1,1,1,5,10,1
35387,0:2:1;0:3:2;1:3:3;1:4:3,5,5,1,1,1,0,1,1,1,1,1,5,10,1
35388,0:2:1;0:3:2;1:4:3;1:4:3,0,0,0,0,0,1,0,0,0,0,0,0,1,24
35389,0:2:1;0:3:2;1:4:3;1:4:3,0,1,0,0,0,1,0,0,0,0,0,0,8,24
35390,0:2:1;0:3:2;1:4:3;1:4:3,0,2,0,0,0,1,0,0,0,0,0,0,30,24
35391,0:2:1;0:3:2;1:4:3;1:4:3,0,3,0,0,0,1,0,0,0,0,0,0,39,24
35392,0:2:1;0:3:2;1:4:3;1:4:3,0,4,0,0,0,1,0,0,0,0,0,0,39,24
35393,0:2:1;0:3:2;1:4:3;1:4:3,0,5,0,0,0,1,0,0,0,0,0,0,39,24
35394,0:2:1;0:3:2;1:4:3;1:4:3,1,0,1,0,0,1,0,0,0,0,0,1,3,24
35395,0:2:1;0:3:2;1:4:3;1:4:3,1,1,1,1,0,0,1,1,1,1,1,5,10,3
35396,0:2:1;0:3:2;1:4:3;1:4:3,1,2,1,1,0,0,1,1,1,1,1,5,10,3
35397,0:2:1;0:3:2;1:4:3;1:4:3,1,3,1,1,1,0,1,1,1,1,1,5,10,1
35398,0:2:1;0:3:2;1:4:3;1:4:3,1,4,1,1,1,0,1,1,1,1,1,5,10,1
35399,0:2:1;0:3:2;1:4:3;1:4:3,1,5,1,1,1,0,1,1,1,1,1,5,10,1
35400,0:2:1;0:3:2;1:4:3;1:4:3,2,0,1,0,0,1,0,0,0,0,0,1,6,24
35401,0:2:1;0:3:2;1:4:3;1:4:3,2,1,1,1,0,0,1,1,1,1,1,5,10,3
35402,0:2:1;0:3:2;1:4:3;1:4:3,2,2,1,1,1,0,1,1,1,1,1,5,10,3
35403,0:2:1;0:3:2;1:4:3;1:4:3,2,3,1,1,1,0,1,1,1,1,1,5,10,1
35404,0:2:1;0:3:2;1:4:3;1:4:3,2,4,1,1,1,0,1,1,1,1,1,5,10,1
35405,0:2:1;0:3:2;1:4:3;1:4:3,2,5,1,1,1,0,1,1,1,1,1,5,10,1
35406,0:2:1;0:3:2;1:4:3;1:4:3,3,0,1,1,0,0,1,1,1,1,1,5,10,13
35407,0:2:1;0:3:2;1:4:3;1:4:3,3,1,1,1,1,0,1,1,1,1,1,5,10,3
35408,0:2:1;0:3:2;1:4:3;1:4:3,3,2,1,1,1,0,1,1,1,1,1,5,10,3
35409,0:2:1;0:3:2;1:4:3;1:4:3,3,3,1,1,1,0,1,1,1,1,1,5,10,1
35410,0:2:1;0:3:2;1:4:3;1:4:3,3,4,1,1,1,0,1,1,1,1,1,5,10,1
35411,0:2:1;0:3:2;1:4:3;1:4:3,3,5,1,1,1,0,1,1,1,1,1,5,10,1
35412,0:2:1;0:3:2;1:4:3;1:4:3,4,0,1,1,1,0,1,1,1,1,1,5,10,13
35413,0:2:1;0:3:2;1:4:3;1:4:3,4,1,1,1,1,0,1,1,1,1,1,5,10,3
35414,0:2:1;0:3:2;1:4:3;1:4:3,4,2,1,1,1,0,1,1,1,1,1,5,10,3
35415,0:2:1;0:3:2;1:4:3;1:4:3,4,3,1,1,1,0,1,1,1,1,1,5,10,1
35416,0:2:1;0:3:2;1:4:3;1:4:3,4,4,1,1,1,0,1,1,1,1,1,5,10,1
35417,0:2:1;0:3:2;1:4:3;1:4:3,4,5,1,1,1,0,1,1,1,1,1,5,10,1
35418,0:2:1;0:3:2;1:4:3;1:4:3,5,0,1,1,1,0,1,1,1,1,1,5,10,13
35419,0:2:1;0:3:2;1:4:3;1:4:3,5,1,1,1,1,0,1,1,1,1,1,5,10,3
35420,0:2:1;0:3:2;1:4:3;1:4:3,5,2,1,1,1,0,1,1,1,1,1,5,10,3
35421,0:2:1;0:3:2;1:4:3;1:4:3,5,3,1,1,1,0,1,1,1,1,1,5,10,1
35422,0:2:1;0:3:2;1:4:3;1:4:3,5,4,1,1,1,0,1,1,1,1,1,5,10,1
35423,0:2:1;0:3:2;1:4:3;1:4:3,5,5,1,1,1,0,1,1,1,1,1,5,10,1
35424,0:2:1;0:3:3;0:3:3;0:3:3,0,0,0,0,0,1,0,0,0,0,0,0,1,24
35425,0:2:1;0:3:3;0:3:3;0:3:3,0,1,0,0,0,1,0,0,0,0,0,0,5,24
35426,0:2:1;0:3:3;0:3:3;0:3:3,0,2,0,0,0,1,0,0,0,0,0,0,14,24
35427,0:2:1;0:3:3;0:3:3;0:3:3,0,3,0,0,0,1,0,0,0,0,0,0,30,24
35428,0:2:1;0:3:3;0:3:3;0:3:3,0,4,0,0,0,1,0,0,0,0,0,0,52,24
35429,0:2:1;0:3:3;0:3:3;0:3:3,0,5,0,0,0,1,0,0,0,0,0,0,76,24
35430,0:2:1;0:3:3;0:3:3;0:3:3,1,0,0,0,0,1,0,0,0,0,0,0,1,24
35431,0:2:1;0:3:3;0:3:3;0:3:3,1,1,0,0,0,1,0,0,0,0,0,0,5,24
35432,0:2:1;0:3:3;0:3:3;0:3:3,1,2,0,0,0,1,0,0,0,0,0,0,14,24
35433,0:2:1;0:3:3;0:3:3;0:3:3,1,3,0,0,0,1,0,0,0,0,0,0,30,24
35434,0:2:1;0:3:3;0:3:3;0:3:3,1,4,0,0,0,1,0,0,0,0,0,0,52,24
35435,0:2:1;0:3:3;0:3:3;0:3:3,1,5,0,0,0,1,0,0,0,0,0,0,76,24
35436,0:2:1;0:3:3;0:3:3;0:3:3,2,0,0,0,0,1,0,0,0,0,0,0,1,24
35437,0:2:1;0:3:3;0:3:3;0:3:3,2,1,0,0,0,1,0,0,0,0,0,0,5,24
35438,0:2:1;0:3:3;0:3:3;0:3:3,2,2,0,0,0,1,0,0,0,0,0,0,14,24
35439,0:2:1;0:3:3;0:3:3;0:3:3,2,3,0,0,0,1,0,0,0,0,0,0,30,24
35440,0:2:1;0:3:3;0:3:3;0:3:3,2,4,0,0,0,1,0,0,0,0,0,0,52,24
35441,0:2:1;0:3:3;0:3:3;0:3:3,2,5,0,0,0,1,0,0,0,0,0,0,76,24
35442,0:2:1;0:3:3;0:3:3;0:3:3,3,0,0,0,0,1,0,0,0,0,0,0,1,24
35443,0:2:1;0:3:3;0:3:3;0:3:3,3,1,0,0,0,1,0,0,0,0,0,0,5,24
35444,0:2:1;0:3:3;0:3:3;0:3:3,3,2,0,0,0,1,0,0,0,0,0,0,14,24
35445,0:2:1;0:3:3;0:3:3;0:3:3,3,3,0,0,0,1,0,0,0,0,0,0,30,24
35446,0:2:1;0:3:3;0:3:3;0:3:3,3,4,0,0,0,1,0,0,0,0,0,0,52,24
35447,0:2:1;0:3:3;0:3:3;0:3:3,3,5,0,0,0,1,0,0,0,0,0,0,76,24
35448,0:2:1;0:3:3;0:3:3;0:3:3,4,0,0,0,0,1,0,0,0,0,0,0,1,24
35449,0:2:1;0:3:3;0:3:3;0:3:3,4,1,0,0,0,1,0,0,0,0,0,0,5,24
35450,0:2:1;0:3:3;0:3:3;0:3:3,4,2,0,0,0,1,0,0,0,0,0,0,14,24
35451,0:2:1;0:3:3;0:3:3;0:3:3,4,3,0,0,0,1,0,0,0,0,0,0,30,24
35452,0:2:1;0:3:3;0:3:3;0:3:3,4,4,0,0,0,1,0,0,0,0,0,0,52,24
35453,0:2:1;0:3:3;0:3:3;0:3:3,4,5,0,0,0,1,0,0,0,0,0,0,76,24
35454,0:2:1;0:3:3;0:3:3;0:3:3,5,0,0,0,0,1,0,0,0,0,0,0,1,24
35455,0:2:1;0:3:3;0:3:3;0:3:3,5,1,0,0,0,1,0,0,0,0,0,0,5,24
35456,0:2:1;0:3:3;0:3:3;0:3:3,5,2,0,0,0,1,0,0,0,0,0,0,14,24
35457,0:2:1;0:3:3;0:3:3;0:3:3,5,3,0,0,0,1,0,0,0,0,0,0,30,24
35458,0:2:1;0:3:3;0:3:3;0:3:3,5,4,0,0,0,1,0,0,0,0,0,0,52,24
35459,0:2:1;0:3:3;0:3:3;0:3:3,5,5,0,0,0,1,0,0,0,0,0,0,76,24
35460,0:2:1;0:3:3;0:3:3;0:4:3,0,0,0,0,0,1,0,0,0,0,0,0,1,24
35461,0:2:1;0:3:3;0:3:3;0:4:3,0,1,0,0,0,1,0,0,0,0,0,0,5,24
35462,0:2:1;0:3:3;0:3:3;0:4:3,0,2,0,0,0,1,0,0,0,0,0,0,14,24
35463,0:2:1;0:3:3;0:3:3;0:4:3,0,3,0,0,0,1,0,0,0,0,0,0,30,24
35464,0:2:1;0:3:3;0:3:3;0:4:3,0,4,0,0,0,1,0,0,0,0,0,0,52,24
35465,0:2:1;0:3:3;0:3:3;0:4:3,0,5,0,0,0,1,0,0,0,0,0,0,76,24
35466,0:2:1;0:3:3;0:3:3;0:4:3,1,0,0,0,0,1,0,0,0,0,0,0,1,24
35467,0:2:1;0:3:3;0:3:3;0:4:3,1,1,0,0,0,1,0,0,0,0,0,0,5,24
35468,0:2:1;0:3:3;0:3:3;0:4:3,1,2,0,0,0,1,0,0,0,0,0,0,14,24
35469,0:2:1;0:3:3;0:3:3;0:4:3,1,3,0,0,0,1,0,0,0,0,0,0,30,24
35470,0:2:1;0:3:3;0:3:3;0:4:3,1,4,0,0,0,1,0,0,0,0,0,0,52,24
35471,0:2:1;0:3:3;0:3:3;0:4:3,1,5,0,0,0,1,0,0,0,0,0,0,76,24
35472,0:2:1;0:3:3;0:3:3;0:4:3,2,0,0,0,0,1,0,0,0,0,0,0,1,24
35473,0:2:1;0:3:3;0:3:3;0:4:3,2,1,0,0,0,1,0,0,0,0,0,0,5,24
35474,0:2:1;0:3:3;0:3:3;0:4:3,2,2,0,0,0,1,0,0,0,0,0,0,14,24
35475,0:2:1;0:3:3;0:3:3;0:4:3,2,3,0,0,0,1,0,0,0,0,0,0,30,24
35476,0:2:1;0:3:3;0:3:3;0:4:3,2,4,0,0,0,1,0,0,0,0,0,0,52,24
35477,0:2:1;0:3:3;0:3:3;0:4:3,2,5,0,0,0,1,0,0,0,0,0,0,76,24
35478,0:2:1;0:3:3;0:3:3;0:4:3,3,0,0,0,0,1,0,0,0,0,0,0,1,24
35479,0:2:1;0:3:3;0:3:3;0:4:3,3,1,0,0,0,1,0,0,0,0,0,0,5,24
35480,0:2:1;0:3:3;0:3:3;0:4:3,3,2,0,0,0,1,0,0,0,0,0,0,14,24
35481,0:2:1;0:3:3;0:3:3;0:4:3,3,3,0,0,0,1,0,0,0,0,0,0,30,24
35482,0:2:1;0:3:3;0:3:3;0:4:3,3,4,0,0,0,1,0,0,0,0,0,0,52,24
35483,0:2:1;0:3:3;0:3:3;0:4:3,3,5,0,0,0,1,0,0,0,0,0,0,76,24
35484,0:2:1;0:3:3;0:3:3;0:4:3,4,0,0,0,0,1,0,0,0,0,0,0,1,24
35485,0:2:1;0:3:3;0:3:3;0:4:3,4,1,0,0,0,1,0,0,0,0,0,0,5,24
35486,0:2:1;0:3:3;0:3:3;0:4:3,4,2,0,0,0,1,0,0,0,0,0,0,14,24
35487,0:2:1;0:3:3;0:3:3;0:4:3,4,3,0,0,0,1,0,0,0,0,0,0,30,24
35488,0:2:1;0:3:3;0:3:3;0:4:3,4,4,0,0,0,1,0,0,0,0,0,0,52,24
35489,0:2:1;0:3:3;0:3:3;0:4:3,4,5,0,0,0,1,0,0,0,0,0,0,76,24
35490,0:2:1;0:3:3;0:3:3;0:4:3,5,0,0,0,0,1,0,0,0,0,0,0,1,24
35491,0:2:1;0:3:3;0:3:3;0:4:3,5,1,0,0,0,1,0,0,0,0,0,0,5,24
35492,0:2:1;0:3:3;0:3:3;0:4:3,5,2,0,0,0,1,0,0,0,0,0,0,14,24
35493,0:2:1;0:3:3;0:3:3;0:4:3,5,3,0,0,0,1,0,0,0,0,0,0,30,24
35494,0:2:1;0:3:3;0:3:3;0:4:3,5,4,0,0,0,1,0,0,0,0,0,0,52,24
35495,0:2:1;0:3:3;0:3:3;0:4:3,5,5,0,0,0,1,0,0,0,0,0,0,76,24
35496,0:2:1;0:3:3;0:3:3;1:1:1,0,0,0,0,0,1,0,0,0,0,0,0,1,24
35497,0:2:1;0:3:3;0:3:3;1:1:1,0,1,0,0,0,1,0,0,0,0,0,0,7,24
35498,0:2:1;0:3:3;0:3:3;1:1:1,0,2,0,0,0,1,0,0,0,0,0,0,15,24
35499,0:2:1;0:3:3;0:3:3;1:1:1,0,3,0,0,0,1,0,0,0,0,0,0,30,24
35500,0:2:1;0:3:3;0:3:3;1:1:1,0,4,0,0,0,1,0,0,0,0,0,0,42,24
35501,0:2:1;0:3:3;0:3:3;1:1:1,0,5,0,0,0,1,0,0,0,0,0,0,50,24
35502,0:2:1;0:3:3;0:3:3;1:1:1,1,0,0,0,0,1,0,0,0,0,0,0,5,24
35503,0:2:1;0:3:3;0:3:3;1:1:1,1,1,0,0,0,1,0,0,0,0,0,0,13,24
35504,0:2:1;0:3:3;0:3:3;1:1:1,1,2,0,0,0,1,0,0,0,0,0,0,25,24
35505,0:2:1;0:3:3;0:3:3;1:1:1,1,3,0,0,0,1,0,0,0,0,0,0,39,24
35506,0:2:1;0:3:3;0:3:3;1:1:1,1,4,0,0,0,1,0,0,0,0,0,0,51,24
35507,0:2:1;0:3:3;0:3:3;1:1:1,1,5,0,0,0,1,0,0,0,0,0,0,59,24
35508,0:2:1;0:3:3;0:3:3;1:1:1,2,0,0,0,0,1,0,0,0,0,0,0,5,24
35509,0:2:1;0:3:3;0:3:3;1:1:1,2,1,0,0,0,1,0,0,0,0,0,0,13,24
35510,0:2:1;0:3:3;0:3:3;1:1:1,2,2,0,0,0,1,0,0,0,0,0,0,25,24
35511,0:2:1;0:3:3;0:3:3;1:1:1,2,3,0,0,0,1,0,0,0,0,0,0,39,24
35512,0:2:1;0:3:3;0:3:3;1:1:1,2,4,0,0,0,1,0,0,0,0,0,0,51,24
35513,0:2:1;0:3:3;0:3:3;1:1:1,2,5,0,0,0,1,0,0,0,0,0,0,59,24
35514,0:2:1;0:3:3;0:3:3;1:1:1,3,0,0,0,0,1,0,0,0,0,0,0,5,24
35515,0:2:1;0:3:3;0:3:3;1:1:1,3,1,0,0,0,1,0,0,0,0,0,0,13,24
35516,0:2:1;0:3:3;0:3:3;1:1:1,3,2,0,0,0,1,0,0,0,0,0,0,25,24
35517,0:2:1;0:3:3;0:3:3;1:1:1,3,3,0,0,0,1,0,0,0,0,0,0,39,24
35518,0:2:1;0:3:3;0:3:3;1:1:1,3,4,0,0,0,1,0,0,0,0,0,0,51,24
35519,0:2:1;0:3:3;0:3:3;1:1:1,3,5,0,0,0,1,0,0,0,0,0,0,59,24
35520,0:2:1;0:3:3;0:3:3;1:1:1,4,0,0,0,0,1,0,0,0,0,0,0,5,24
35521,0:2:1;0:3:3;0:3:3;1:1:1,4,1,0,0,0,1,0,0,0,0,0,0,13,24
35522,0:2:1;0:3:3;0:3:3;1:1:1,4,2,0,0,0,1,0,0,0,0,0,0,25,24
35523,0:2:1;0:3:3;0:3:3;1:1:1,4,3,0,0,0,1,0,0,0,0,0,0,39,24
35524,0:2:1;0:3:3;0:3:3;1:1:1,4,4,0,0,0,1,0,0,0,0,0,0,51,24
35525,0:2:1;0:3:3;0:3:3;1:1:1,4,5,0,0,0,1,0,0,0,0,0,0,59,24
35526,0:2:1;0:3:3;0:3:3;1:1:1,5,0,0,0,0,1,0,0,0,0,0,0,5,24
35527,0:2:1;0:3:3;0:3:3;1:1:1,5,1,0,0,0,1,0,0,0,0,0,0,13,24
35528,0:2:1;0:3:3;0:3:3;1:1:1,5,2,0,0,0,1,0,0,0,0,0,0,25,24
35529,0:2:1;0:3:3;0:3:3;1:1:1,5,3,0,0,0,1,0,0,0,0,0,0,39,24
35530,0:2:1;0:3:3;0:3:3;1:1:1,5,4,0,0,0,1,0,0,0,0,0,0,51,24
35531,0:2:1;0:3:3;0:3:3;1:1:1,5,5,0,0,0,1,0,0,0,0,0,0,59,24
35532,0:2:1;0:3:3;0:3:3;1:2:1,0,0,0,0,0,1,0,0,0,0,0,0,1,24
35533,0:2:1;0:3:3;0:3:3;1:2:1,0,1,0,0,0,1,0,0,0,0,0,0,10,24
35534,0:2:1;0:3:3;0:3:3;1:2:1,0,2,0,0,0,1,0,0,0,0,0,0,19,24
35535,0:2:1;0:3:3;0:3:3;1:2:1,0,3,0,0,0,1,0,0,0,0,0,0,35,24
35536,0:2:1;0:3:3;0:3:3;1:2:1,0,4,0,0,0,1,0,0,0,0,0,0,45,24
35537,0:2:1;0:3:3;0:3:3;1:2:1,0,5,1,1,1,0,1,1,1,1,1,5,9,2
35538,0:2:1;0:3:3;0:3:3;1:2:1,1,0,0,0,0,1,0,0,0,0,0,0,10,24
35539,0:2:1;0:3:3;0:3:3;1:2:1,1,1,0,0,0,1,0,0,0,0,0,0,20,24
35540,0:2:1;0:3:3;0:3:3;1:2:1,1,2,0,0,0,1,0,0,0,0,0,0,32,24
35541,0:2:1;0:3:3;0:3:3;1:2:1,1,3,0,0,0,1,0,0,0,0,0,0,44,24
35542,0:2:1;0:3:3;0:3:3;1:2:1,1,4,0,0,0,1,0,0,0,0,0,0,54,24
35543,0:2:1;0:3:3;0:3:3;1:2:1,1,5,1,1,1,0,1,1,1,1,1,5,9,2
35544,0:2:1;0:3:3;0:3:3;1:2:1,2,0,0,0,0,1,0,0,0,0,0,0,10,24
35545,0:2:1;0:3:3;0:3:3;1:2:1,2,1,0,0,0,1,0,0,0,0,0,0,20,24
35546,0:2:1;0:3:3;0:3:3;1:2:1,2,2,0,0,0,1,0,0,0,0,0,0,32,24
35547,0:2:1;0:3:3;0:3:3;1:2:1,2,3,0,0,0,1,0,0,0,0,0,0,44,24
35548,0:2:1;0:3:3;0:3:3;1:2:1,2,4,0,0,0,1,0,0,0,0,0,0,54,24
35549,0:2:1;0:3:3;0:3:3;1:2:1,2,5,1,1,1,0,1,1,1,1,1,5,9,2
35550,0:2:1;0:3:3;0:3:3;1:2:1,3,0,0,0,0,1,0,0,0,0,0,0,10,24
35551,0:2:1;0:3:3;0:3:3;1:2:1,3,1,0,0,0,1,0,0,0,0,0,0,20,24
35552,0:2:1;0:3:3;0:3:3;1:2:1,3,2,0,0,0,1,0,0,0,0,0,0,32,24
35553,0:2:1;0:3:3;0:3:3;1:2:1,3,3,0,0,0,1,0,0,0,0,0,0,44,24
35554,0:2:1;0:3:3;0:3:3;1:2:1,3,4,0,0,0,1,0,0,0,0,0,0,54,24
35555,0:2:1;0:3:3;0:3:3;1:2:1,3,5,1,1,1,0,1,1,1,1,1,5,9,2
35556,0:2:1;0:3:3;0:3:3;1:2:1,4,0,0,0,0,1,0,0,0,0,0,0,10,24
35557,0:2:1;0:3:3;0:3:3;1:2:1,4,1,0,0,0,1,0,0,0,0,0,0,20,24
35558,0:2:1;0:3:3;0:3:3;1:2:1,4,2,0,0,0,1,0,0,0,0,0,0,32,24
35559,0:2:1;0:3:3;0:3:3;1:2:1,4,3,0,0,0,1,0,0,0,0,0,0,44,24
35560,0:2:1;0:3:3;0:3:3;1:2:1,4,4,0,0,0,1,0,0,0,0,0,0,54,24
35561,0:2:1;0:3:3;0:3:3;1:2:1,4,5,1,1,1,0,1,1,1,1,1,5,9,2
35562,0:2:1;0:3:3;0:3:3;1:2:1,5,0,0,0,0,1,0,0,0,0,0,0,10,24
35563,0:2:1;0:3:3;0:3:3;1:2:1,5,1,0,0,0,1,0,0,0,0,0,0,20,24
35564,0:2:1;0:3:3;0:3:3;1:2:1,5,2,0,0,0,1,0,0,0,0,0,0,32,24
35565,0:2:1;0:3:3;0:3:3;1:2:1,5,3,0,0,0,1,0,0,0,0,0,0,44,24
35566,0:2:1;0:3:3;0:3:3;1:2:1,5,4,0,0,0,1,0,0,0,0,0,0,54,24
35567,0:2:1;0:3:3;0:3:3;1:2:1,5,5,1,1,1,0,1,1,1,1,1,5,9,2
35568,0:2:1;0:3:3;0:3:3;1:2:2,0,0,0,0,0,1,0,0,0,0,0,0,1,24
35569,0:2:1;0:3:3;0:3:3;1:2:2,0,1,0,0,0,1,0,0,0,0,0,0,11,24
35570,0:2:1;0:3:3;0:3:3;1:2:2,0,2,0,0,0,1,0,0,0,0,0,0,22,24
35571,0:2:1;0:3:3;0:3:3;1:2:2,0,3,0,0,0,1,0,0,0,0,0,0,43,24
35572,0:2:1;0:3:3;0:3:3;1:2:2,0,4,0,0,0,1,0,0,0,0,0,0,59,24
35573,0:2:1;0:3:3;0:3:3;1:2:2,0,5,1,1,1,0,1,1,1,1,1,5,10,2
35574,0:2:1;0:3:3;0:3:3;1:2:2,1,0,0,0,0,1,0,0,0,0,0,0,2,24
35575,0:2:1;0:3:3;0:3:3;1:2:2,1,1,0,0,0,1,0,0,0,0,0,0,14,24
35576,0:2:1;0:3:3;0:3:3;1:2:2,1,2,0,0,0,1,0,0,0,0,0,0,28,24
35577,0:2:1;0:3:3;0:3:3;1:2:2,1,3,0,0,0,1,0,0,0,0,0,0,51,24
35578,0:2:1;0:3:3;0:3:3;1:2:2,1,4,0,0,0,1,0,0,0,0,0,0,68,24
35579,0:2:1;0:3:3;0:3:3;1:2:2,1,5,1,1,1,0,1,1,1,1,1,5,10,2
35580,0:2:1;0:3:3;0:3:3;1:2:2,2,0,0,0,0,1,0,0,0,0,0,0,11,24
35581,0:2:1;0:3:3;0:3:3;1:2:2,2,1,0,0,0,1,0,0,0,0,0,0,24,24
35582,0:2:1;0:3:3;0:3:3;1:2:2,2,2,0,0,0,1,0,0,0,0,0,0,41,24
35583,0:2:1;0:3:3;0:3:3;1:2:2,2,3,0,0,0,1,0,0,0,0,0,0,60,24
35584,0:2:1;0:3:3;0:3:3;1:2:2,2,4,0,0,0,1,0,0,0,0,0,0,77,24
35585,0:2:1;0:3:3;0:3:3;1:2:2,2,5,1,1,1,0,1,1,1,1,1,5,10,2
35586,0:2:1;0:3:3;0:3:3;1:2:2,3,0,0,0,0,1,0,0,0,0,0,0,11,24
35587,0:2:1;0:3:3;0:3:3;1:2:2,3,1,0,0,0,1,0,0,0,0,0,0,24,24
35588,0:2:1;0:3:3;0:3:3;1:2:2,3,2,0,0,0,1,0,0,0,0,0,0,41,24
35589,0:2:1;0:3:3;0:3:3;1:2:2,3,3,0,0,0,1,0,0,0,0,0,0,60,24
35590,0:2:1;0:3:3;0:3:3;1:2:2,3,4,0,0,0,1,0,0,0,0,0,0,77,24
35591,0:2:1;0:3:3;0:3:3;1:2:2,3,5,1,1,1,0,1,1,1,1,1,5,10,2
35592,0:2:1;0:3:3;0:3:3;1:2:2,4,0,0,0,0,1,0,0,0,0,0,0,11,24
35593,0:2:1;0:3:3;0:3:3;1:2:2,4,1,0,0,0,1,0,0,0,0,0,0,24,24
35594,0:2:1;0:3:3;0:3:3;1:2:2,4,2,0,0,0,1,0,0,0,0,0,0,41,24
35595,0:2:1;0:3:3;0:3:3;1:2:2,4,3,0,0,0,1,0,0,0,0,0,0,60,24
35596,0:2:1;0:3:3;0:3:3;1:2:2,4,4,0,0,0,1,0,0,0,0,0,0,77,24
35597,0:2:1;0:3:3;0:3:3;1:2:2,4,5,1,1,1,0,1,1,1,1,1,5,10,2
35598,0:2:1;0:3:3;0:3:3;1:2:2,5,0,0,0,0,1,0,0,0,0,0,0,11,24
35599,0:2:1;0:3:3;0:3:3;1:2:2,5,1,0,0,0,1,0,0,0,0,0,0,24,24
35600,0:2:1;0:3:3;0:3:3;1:2:2,5,2,0,0,0,1,0,0,0,0,0,0,41,24
35601,0:2:1;0:3:3;0:3:3;1:2:2,5,3,0,0,0,1,0,0,0,0,0,0,60,24
35602,0:2:1;0:3:3;0:3:3;1:2:2,5,4,0,0,0,1,0,0,0,0,0,0,77,24
35603,0:2:1;0:3:3;0:3:3;1:2:2,5,5,1,1,1,0,1,1,1,1,1,5,10,2
35604,0:2:1;0:3:3;0:3:3;1:3:2,0,0,0,0,0,1,0,0,0,0,0,0,1,24
35605,0:2:1;0:3:3;0:3:3;1:3:2,0,1,0,0,0,1,0,0,0,0,0,0,15,24
35606,0:2:1;0:3:3;0:3:3;1:3:2,0,2,0,0,0,1,0,0,0,0,0,0,25,24
35607,0:2:1;0:3:3;0:3:3;1:3:2,0,3,0,0,0,1,0,0,0,0,0,0,46,24
35608,0:2:1;0:3:3;0:3:3;1:3:2,0,4,1,1,1,0,1,1,1,1,1,5,10,2
35609,0:2:1;0:3:3;0:3:3;1:3:2,0,5,1,1,1,0,1,1,1,1,1,5,10,2
35610,0:2:1;0:3:3;0:3:3;1:3:2,1,0,0,0,0,1,0,0,0,0,0,0,2,24
35611,0:2:1;0:3:3;0:3:3;1:3:2,1,1,0,0,0,1,0,0,0,0,0,0,18,24
35612,0:2:1;0:3:3;0:3:3;1:3:2,1,2,0,0,0,1,0,0,0,0,0,0,31,24
35613,0:2:1;0:3:3;0:3:3;1:3:2,1,3,0,0,0,1,0,0,0,0,0,0,54,24
35614,0:2:1;0:3:3;0:3:3;1:3:2,1,4,1,1,1,0,1,1,1,1,1,5,10,2
35615,0:2:1;0:3:3;0:3:3;1:3:2,1,5,1,1,1,0,1,1,1,1,1,5,10,2
35616,0:2:1;0:3:3;0:3:3;1:3:2,2,0,0,0,0,1,0,0,0,0,0,0,18,24
35617,0:2:1;0:3:3;0:3:3;1:3:2,2,1,0,0,0,1,0,0,0,0,0,0,31,24
35618,0:2:1;0:3:3;0:3:3;1:3:2,2,2,0,0,0,1,0,0,0,0,0,0,46,24
35619,0:2:1;0:3:3;0:3:3;1:3:2,2,3,0,0,0,1,0,0,0,0,0,0,63,24
35620,0:2:1;0:3:3;0:3:3;1:3:2,2,4,1,1,1,0,1,1,1,1,1,5,10,2
35621,0:2:1;0:3:3;0:3:3;1:3:2,2,5,1,1,1,0,1,1,1,1,1,5,10,2
35622,0:2:1;0:3:3;0:3:3;1:3:2,3,0,0,0,0,1,0,0,0,0,0,0,18,24
35623,0:2:1;0:3:3;0:3:3;1:3:2,3,1,0,0,0,1,0,0,0,0,0,0,31,24
35624,0:2:1;0:3:3;0:3:3;1:3:2,3,2,0,0,0,1,0,0,0,0,0,0,46,24
35625,0:2:1;0:3:3;0:3:3;1:3:2,3,3,0,0,0,1,0,0,0,0,0,0,63,24
35626,0:2:1;0:3:3;0:3:3;1:3:2,3,4,1,1,1,0,1,1,1,1,1,5,10,2
35627,0:2:1;0:3:3;0:3:3;1:3:2,3,5,1,1,1,0,1,1,1,1,1,5,10,2
35628,0:2:1;0:3:3;0:3:3;1:3:2,4,0,0,0,0,1,0,0,0,0,0,0,18,24
35629,0:2:1;0:3:3;0:3:3;1:3:2,4,1,0,0,0,1,0,0,0,0,0,0,31,24
35630,0:2:1;0:3:3;0:3:3;1:3:2,4,2,0,0,0,1,0,0,0,0,0,0,46,24
35631,0:2:1;0:3:3;0:3:3;1:3:2,4,3,0,0,0,1,0,0,0,0,0,0,63,24
35632,0:2:1;0:3:3;0:3:3;1:3:2,4,4,1,1,1,0,1,1,1,1,1,5,10,2
35633,0:2:1;0:3:3;0:3:3;1:3:2,4,5,1,1,1,0,1,1,1,1,1,5,10,2
35634,0:2:1;0:3:3;0:3:3;1:3:2,5,0,0,0,0,1,0,0,0,0,0,0,18,24
35635,0:2:1;0:3:3;0:3:3;1:3:2,5,1,0,0,0,1,0,0,0,0,0,0,31,24
35636,0:2:1;0:3:3;0:3:3;1:3:2,5,2,0,0,0,1,0,0,0,0,0,0,46,24
35637,0:2:1;0:3:3;0:3:3;1:3:2,5,3,0,0,0,1,0,0,0,0,0,0,63,24
35638,0:2:1;0:3:3;0:3:3;1:3:2,5,4,1,1,1,0,1,1,1,1,1,5,10,2
35639,0:2:1;0:3:3;0:3:3;1:3:2,5,5,1,1,1,0,1,1,1,1,1,5,10,2
35640,0:2:1;0:3:3;0:3:3;1:3:3,0,0,0,0,0,1,0,0,0,0,0,0,1,24
35641,0:2:1;0:3:3;0:3:3;1:3:3,0,1,0,0,0,1,0,0,0,0,0,0,6,24
35642,0:2:1;0:3:3;0:3:3;1:3:3,0,2,0,0,0,1,0,0,0,0,0,0,15,24
35643,0:2:1;0:3:3;0:3:3;1:3:3,0,3,0,0,0,1,0,0,0,0,0,0,45,24
35644,0:2:1;0:3:3;0:3:3;1:3:3,0,4,1,1,0,0,1,1,1,1,1,5,11,2
35645,0:2:1;0:3:3;0:3:3;1:3:3,0,5,1,1,1,0,1,1,1,1,1,5,11,2
35646,0:2:1;0:3:3;0:3:3;1:3:3,1,0,0,0,0,1,0,0,0,0,0,0,2,24
35647,0:2:1;0:3:3;0:3:3;1:3:3,1,1,0,0,0,1,0,0,0,0,0,0,19,24
35648,0:2:1;0:3:3;0:3:3;1:3:3,1,2,0,0,0,1,0,0,0,0,0,0,34,24
35649,0:2:1;0:3:3;0:3:3;1:3:3,1,3,0,0,0,1,0,0,0,0,0,0,62,24
35650,0:2:1;0:3:3;0:3:3;1:3:3,1,4,1,1,1,0,1,1,1,1,1,5,11,2
35651,0:2:1;0:3:3;0:3:3;1:3:3,1,5,1,1,1,0,1,1,1,1,1,5,11,2
35652,0:2:1;0:3:3;0:3:3;1:3:3,2,0,0,0,0,1,0,0,0,0,0,0,3,24
35653,0:2:1;0:3:3;0:3:3;1:3:3,2,1,0,0,0,1,0,0,0,0,0,0,22,24
35654,0:2:1;0:3:3;0:3:3;1:3:3,2,2,0,0,0,1,0,0,0,0,0,0,40,24
35655,0:2:1;0:3:3;0:3:3;1:3:3,2,3,0,0,0,1,0,0,0,0,0,0,70,24
35656,0:2:1;0:3:3;0:3:3;1:3:3,2,4,1,1,1,0,1,1,1,1,1,5,11,2
35657,0:2:1;0:3:3;0:3:3;1:3:3,2,5,1,1,1,0,1,1,1,1,1,5,11,2
35658,0:2:1;0:3:3;0:3:3;1:3:3,3,0,0,0,0,1,0,0,0,0,0,0,19,24
35659,0:2:1;0:3:3;0:3:3;1:3:3,3,1,0,0,0,1,0,0,0,0,0,0,35,24
35660,0:2:1;0:3:3;0:3:3;1:3:3,3,2,0,0,0,1,0,0,0,0,0,0,55,24
35661,0:2:1;0:3:3;0:3:3;1:3:3,3,3,0,0,0,1,0,0,0,0,0,0,79,24
35662,0:2:1;0:3:3;0:3:3;1:3:3,3,4,1,1,1,0,1,1,1,1,1,5,11,2
35663,0:2:1;0:3:3;0:3:3;1:3:3,3,5,1,1,1,0,1,1,1,1,1,5,11,2
35664,0:2:1;0:3:3;0:3:3;1:3:3,4,0,0,0,0,1,0,0,0,0,0,0,19,24
35665,0:2:1;0:3:3;0:3:3;1:3:3,4,1,0,0,0,1,0,0,0,0,0,0,35,24
35666,0:2:1;0:3:3;0:3:3;1:3:3,4,2,0,0,0,1,0,0,0,0,0,0,55,24
35667,0:2:1;0:3:3;0:3:3;1:3:3,4,3,0,0,0,1,0,0,0,0,0,0,79,24
35668,0:2:1;0:3:3;0:3:3;1:3:3,4,4,1,1,1,0,1,1,1,1,1,5,11,2
35669,0:2:1;0:3:3;0:3:3;1:3:3,4,5,1,1,1,0,1,1,1,1,1,5,11,2
35670,0:2:1;0:3:3;0:3:3;1:3:3,5,0,0,0,0,1,0,0,0,0,0,0,19,24
35671,0:2:1;0:3:3;0:3:3;1:3:3,5,1,0,0,0,1,0,0,0,0,0,0,35,24
35672,0:2:1;0:3:3;0:3:3;1:3:3,5,2,0,0,0,1,0,0,0,0,0,0,55,24
35673,0:2:1;0:3:3;0:3:3;1:3:3,5,3,0,0,0,1,0,0,0,0,0,0,79,24
35674,0:2:1;0:3:3;0:3:3;1:3:3,5,4,1,1,1,0,1,1,1,1,1,5,11,2
35675,0:2:1;0:3:3;0:3:3;1:3:3,5,5,1,1,1,0,1,1,1,1,1,5,11,2
35676,0:2:1;0:3:3;0:3:3;1:4:3,0,0,0,0,0,1,0,0,0,0,0,0,1,24
35677,0:2:1;0:3:3;0:3:3;1:4:3,0,1,0,0,0,1,0,0,0,0,0,0,6,24
35678,0:2:1;0:3:3;0:3:3;1:4:3,0,2,0,0,0,1,0,0,0,0,0,0,15,24
35679,0:2:1;0:3:3;0:3:3;1:4:3,0,3,1,1,0,1,0,0,1,0,1,6,29,11
35680,0:2:1;0:3:3;0:3:3;1:4:3,0,4,1,1,0,0,1,1,1,1,1,5,11,2
35681,0:2:1;0:3:3;0:3:3;1:4:3,0,5,1,1,1,0,1,1,1,1,1,5,11,2
35682,0:2:1;0:3:3;0:3:3;1:4:3,1,0,0,0,0,1,0,0,0,0,0,0,2,24
35683,0:2:1;0:3:3;0:3:3;1:4:3,1,1,0,0,0,1,0,0,0,0,0,0,22,24
35684,0:2:1;0:3:3;0:3:3;1:4:3,1,2,0,0,0,1,0,0,0,0,0,0,36,24
35685,0:2:1;0:3:3;0:3:3;1:4:3,1,3,1,1,0,0,1,1,1,1,1,5,11,5
35686,0:2:1;0:3:3;0:3:3;1:4:3,1,4,1,1,1,0,1,1,1,1,1,5,11,2
35687,0:2:1;0:3:3;0:3:3;1:4:3,1,5,1,1,1,0,1,1,1,1,1,5,11,2
35688,0:2:1;0:3:3;0:3:3;1:4:3,2,0,0,0,0,1,0,0,0,0,0,0,3,24
35689,0:2:1;0:3:3;0:3:3;1:4:3,2,1,0,0,0,1,0,0,0,0,0,0,25,24
35690,0:2:1;0:3:3;0:3:3;1:4:3,2,2,0,0,0,1,0,0,0,0,0,0,42,24
35691,0:2:1;0:3:3;0:3:3;1:4:3,2,3,1,1,1,0,1,1,1,1,1,5,11,5
35692,0:2:1;0:3:3;0:3:3;1:4:3,2,4,1,1,1,0,1,1,1,1,1,5,11,2
35693,0:2:1;0:3:3;0:3:3;1:4:3,2,5,1,1,1,0,1,1,1,1,1,5,11,2
35694,0:2:1;0:3:3;0:3:3;1:4:3,3,0,0,0,0,1,0,0,0,0,0,0,26,24
35695,0:2:1;0:3:3;0:3:3;1:4:3,3,1,0,0,0,1,0,0,0,0,0,0,40,24
35696,0:2:1;0:3:3;0:3:3;1:4:3,3,2,0,0,0,1,0,0,0,0,0,0,58,24
35697,0:2:1;0:3:3;0:3:3;1:4:3,3,3,1,1,1,0,1,1,1,1,1,5,11,5
35698,0:2:1;0:3:3;0:3:3;1:4:3,3,4,1,1,1,0,1,1,1,1,1,5,11,2
35699,0:2:1;0:3:3;0:3:3;1:4:3,3,5,1,1,1,0,1,1,1,1,1,5,11,2
35700,0:2:1;0:3:3;0:3:3;1:4:3,4,0,0,0,0,1,0,0,0,0,0,0,26,24
35701,0:2:1;0:3:3;0:3:3;1:4:3,4,1,0,0,0,1,0,0,0,0,0,0,40,24
35702,0:2:1;0:3:3;0:3:3;1:4:3,4,2,0,0,0,1,0,0,0,0,0,0,58,24
35703,0:2:1;0:3:3;0:3:3;1:4:3,4,3,1,1,1,0,1,1,1,1,1,5,11,5
35704,0:2:1;0:3:3;0:3:3;1:4:3,4,4,1,1,1,0,1,1,1,1,1,5,11,2
35705,0:2:1;0:3:3;0:3:3;1:4:3,4,5,1,1,1,0,1,1,1,1,1,5,11,2
35706,0:2:1;0:3:3;0:3:3;1:4:3,5,0,0,0,0,1,0,0,0,0,0,0,26,24
35707,0:2:1;0:3:3;0:3:3;1:4:3,5,1,0,0,0,1,0,0,0,0,0,0,40,24
35708,0:2:1;0:3:3;0:3:3;1:4:3,5,2,0,0,0,1,0,0,0,0,0,0,58,24
35709,0:2:1;0:3:3;0:3:3;1:4:3,5,3,1,1,1,0,1,1,1,1,1,5,11,5
35710,0:2:1;0:3:3;0:3:3;1:4:3,5,4,1,1,1,0,1,1,1,1,1,5,11,2
35711,0:2:1;0:3:3;0:3:3;1:4:3,5,5,1,1,1,0,1,1,1,1,1,5,11,2
35712,0:2:1;0:3:3;0:4:3;0:4:3,0,0,0,0,0,1,0,0,0,0,0,0,1,24
35713,0:2:1;0:3:3;0:4:3;0:4:3,0,1,0,0,0,1,0,0,0,0,0,0,5,24
35714,0:2:1;0:3:3;0:4:3;0:4:3,0,2,0,0,0,1,0,0,0,0,0,0,14,24
35715,0:2:1;0:3:3;0:4:3;0:4:3,0,3,0,0,0,1,0,0,0,0,0,0,30,24
35716,0:2:1;0:3:3;0:4:3;0:4:3,0,4,0,0,0,1,0,0,0,0,0,0,52,24
35717,0:2:1;0:3:3;0:4:3;0:4:3,0,5,0,0,0,1,0,0,0,0,0,0,76,24
35718,0:2:1;0:3:3;0:4:3;0:4:3,1,0,0,0,0,1,0,0,0,0,0,0,1,24
35719,0:2:1;0:3:3;0:4:3;0:4:3,1,1,0,0,0,1,0,0,0,0,0,0,5,24
35720,0:2:1;0:3:3;0:4:3;0:4:3,1,2,0,0,0,1,0,0,0,0,0,0,14,24
35721,0:2:1;0:3:3;0:4:3;0:4:3,1,3,0,0,0,1,0,0,0,0,0,0,30,24
35722,0:2:1;0:3:3;0:4:3;0:4:3,1,4,0,0,0,1,0,0,0,0,0,0,52,24
35723,0:2:1;0:3:3;0:4:3;0:4:3,1,5,0,0,0,1,0,0,0,0,0,0,76,24
35724,0:2:1;0:3:3;0:4:3;0:4:3,2,0,0,0,0,1,0,0,0,0,0,0,1,24
35725,0:2:1;0:3:3;0:4:3;0:4:3,2,1,0,0,0,1,0,0,0,0,0,0,5,24
35726,0:2:1;0:3:3;0:4:3;0:4:3,2,2,0,0,0,1,0,0,0,0,0,0,14,24
35727,0:2:1;0:3:3;0:4:3;0:4:3,2,3,0,0,0,1,0,0,0,0,0,0,30,24
35728,0:2:1;0:3:3;0:4:3;0:4:3,2,4,0,0,0,1,0,0,0,0,0,0,52,24
35729,0:2:1;0:3:3;0:4:3;0:4:3,2,5,0,0,0,1,0,0,0,0,0,0,76,24
35730,0:2:1;0:3:3;0:4:3;0:4:3,3,0,0,0,0,1,0,0,0,0,0,0,1,24
35731,0:2:1;0:3:3;0:4:3;0:4:3,3,1,0,0,0,1,0,0,0,0,0,0,5,24
35732,0:2:1;0:3:3;0:4:3;0:4:3,3,2,0,0,0,1,0,0,0,0,0,0,14,24
35733,0:2:1;0:3:3;0:4:3;0:4:3,3,3,0,0,0,1,0,0,0,0,0,0,30,24
35734,0:2:1;0:3:3;0:4:3;0:4:3,3,4,0,0,0,1,0,0,0,0,0,0,52,24
35735,0:2:1;0:3:3;0:4:3;0:4:3,3,5,0,0,0,1,0,0,0,0,0,0,76,24
35736,0:2:1;0:3:3;0:4:3;0:4:3,4,0,0,0,0,1,0,0,0,0,0,0,1,24
35737,0:2:1;0:3:3;0:4:3;0:4:3,4,1,0,0,0,1,0,0,0,0,0,0,5,24
35738,0:2:1;0:3:3;0:4:3;0:4:3,4,2,0,0,0,1,0,0,0,0,0,0,14,24
35739,0:2:1;0:3:3;0:4:3;0:4:3,4,3,0,0,0,1,0,0,0,0,0,0,30,24
35740,0:2:1;0:3:3;0:4:3;0:4:3,4,4,0,0,0,1,0,0,0,0,0,0,52,24
35741,0:2:1;0:3:3;0:4:3;0:4:3,4,5,0,0,0,1,0,0,0,0,0,0,76,24
35742,0:2:1;0:3:3;0:4:3;0:4:3,5,0,0,0,0,1,0,0,0,0,0,0,1,24
35743,0:2:1;0:3:3;0:4:3;0:4:3,5,1,0,0,0,1,0,0,0,0,0,0,5,24
35744,0:2:1;0:3:3;0:4:3;0:4:3,5,2,0,0,0,1,0,0,0,0,0,0,14,24
35745,0:2:1;0:3:3;0:4:3;0:4:3,5,3,0,0,0,1,0,0,0,0,0,0,30,24
35746,0:2:1;0:3:3;0:4:3;0:4:3,5,4,0,0,0,1,0,0,0,0,0,0,52,24
35747,0:2:1;0:3:3;0:4:3;0:4:3,5,5,0,0,0,1,0,0,0,0,0,0,76,24
35748,0:2:1;0:3:3;0:4:3;1:1:1,0,0,0,0,0,1,0,0,0,0,0,0,1,24
35749,0:2:1;0:3:3;0:4:3;1:1:1,0,1,0,0,0,1,0,0,0,0,0,0,7,24
35750,0:2:1;0:3:3;0:4:3;1:1:1,0,2,0,0,0,1,0,0,0,0,0,0,15,24
35751,0:2:1;0:3:3;0:4:3;1:1:1,0,3,0,0,0,1,0,0,0,0,0,0,30,24
35752,0:2:1;0:3:3;0:4:3;1:1:1,0,4,0,0,0,1,0,0,0,0,0,0,42,24
35753,0:2:1;0:3:3;0:4:3;1:1:1,0,5,0,0,0,1,0,0,0,0,0,0,50,24
35754,0:2:1;0:3:3;0:4:3;1:1:1,1,0,0,0,0,1,0,0,0,0,0,0,5,24
35755,0:2:1;0:3:3;0:4:3;1:1:1,1,1,0,0,0,1,0,0,0,0,0,0,13,24
35756,0:2:1;0:3:3;0:4:3;1:1:1,1,2,0,0,0,1,0,0,0,0,0,0,25,24
35757,0:2:1;0:3:3;0:4:3;1:1:1,1,3,0,0,0,1,0,0,0,0,0,0,39,24
35758,0:2:1;0:3:3;0:4:3;1:1:1,1,4,0,0,0,1,0,0,0,0,0,0,51,24
35759,0:2:1;0:3:3;0:4:3;1:1:1,1,5,0,0,0,1,0,0,0,0,0,0,59,24
35760,0:2:1;0:3:3;0:4:3;1:1:1,2,0,0,0,0,1,0,0,0,0,0,0,5,24
35761,0:2:1;0:3:3;0:4:3;1:1:1,2,1,0,0,0,1,0,0,0,0,0,0,13,24
35762,0:2:1;0:3:3;0:4:3;1:1:1,2,2,0,0,0,1,0,0,0,0,0,0,25,24
35763,0:2:1;0:3:3;0:4:3;1:1:1,2,3,0,0,0,1,0,0,0,0,0,0,39,24
35764,0:2:1;0:3:3;0:4:3;1:1:1,2,4,0,0,0,1,0,0,0,0,0,0,51,24
35765,0:2:1;0:3:3;0:4:3;1:1:1,2,5,0,0,0,1,0,0,0,0,0,0,59,24
35766,0:2:1;0:3:3;0:4:3;1:1:1,3,0,0,0,0,1,0,0,0,0,0,0,5,24
35767,0:2:1;0:3:3;0:4:3;1:1:1,3,1,0,0,0,1,0,0,0,0,0,0,13,24
35768,0:2:1;0:3:3;0:4:3;1:1:1,3,2,0,0,0,1,0,0,0,0,0,0,25,24
35769,0:2:1;0:3:3;0:4:3;1:1:1,3,3,0,0,0,1,0,0,0,0,0,0,39,24
35770,0:2:1;0:3:3;0:4:3;1:1:1,3,4,0,0,0,1,0,0,0,0,0,0,51,24
35771,0:2:1;0:3:3;0:4:3;1:1:1,3,5,0,0,0,1,0,0,0,0,0,0,59,24
35772,0:2:1;0:3:3;0:4:3;1:1:1,4,0,0,0,0,1,0,0,0,0,0,0,5,24
35773,0:2:1;0:3:3;0:4:3;1:1:1,4,1,0,0,0,1,0,0,0,0,0,0,13,24
35774,0:2:1;0:3:3;0:4:3;1:1:1,4,2,0,0,0,1,0,0,0,0,0,0,25,24
35775,0:2:1;0:3:3;0:4:3;1:1:1,4,3,0,0,0,1,0,0,0,0,0,0,39,24
35776,0:2:1;0:3:3;0:4:3;1:1:1,4,4,0,0,0,1,0,0,0,0,0,0,51,24
35777,0:2:1;0:3:3;0:4:3;1:1:1,4,5,0,0,0,1,0,0,0,0,0,0,59,24
35778,0:2:1;0:3:3;0:4:3;1:1:1,5,0,0,0,0,1,0,0,0,0,0,0,5,24
35779,0:2:1;0:3:3;0:4:3;1:1:1,5,1,0,0,0,1,0,0,0,0,0,0,13,24
35780,0:2:1;0:3:3;0:4:3;1:1:1,5,2,0,0,0,1,0,0,0,0,0,0,25,24
35781,0:2:1;0:3:3;0:4:3;1:1:1,5,3,0,0,0,1,0,0,0,0,0,0,39,24
35782,0:2:1;0:3:3;0:4:3;1:1:1,5,4,0,0,0,1,0,0,0,0,0,0,51,24
35783,0:2:1;0:3:3;0:4:3;1:1:1,5,5,0,0,0,1,0,0,0,0,0,0,59,24
35784,0:2:1;0:3:3;0:4:3;1:2:1,0,0,0,0,0,1,0,0,0,0,0,0,1,24
35785,0:2:1;0:3:3;0:4:3;1:2:1,0,1,0,0,0,1,0,0,0,0,0,0,10,24
35786,0:2:1;0:3:3;0:4:3;1:2:1,0,2,0,0,0,1,0,0,0,0,0,0,19,24
35787,0:2:1;0:3:3;0:4:3;1:2:1,0,3,0,0,0,1,0,0,0,0,0,0,35,24
35788,0:2:1;0:3:3;0:4:3;1:2:1,0,4,0,0,0,1,0,0,0,0,0,0,45,24
35789,0:2:1;0:3:3;0:4:3;1:2:1,0,5,1,1,1,0,1,1,1,1,1,5,9,2
35790,0:2:1;0:3:3;0:4:3;1:2:1,1,0,0,0,0,1,0,0,0,0,0,0,10,24
35791,0:2:1;0:3:3;0:4:3;1:2:1,1,1,0,0,0,1,0,0,0,0,0,0,20,24
35792,0:2:1;0:3:3;0:4:3;1:2:1,1,2,0,0,0,1,0,0,0,0,0,0,32,24
35793,0:2:1;0:3:3;0:4:3;1:2:1,1,3,0,0,0,1,0,0,0,0,0,0,44,24
35794,0:2:1;0:3:3;0:4:3;1:2:1,1,4,0,0,0,1,0,0,0,0,0,0,54,24
35795,0:2:1;0:3:3;0:4:3;1:2:1,1,5,1,1,1,0,1,1,1,1,1,5,9,2
35796,0:2:1;0:3:3;0:4:3;1:2:1,2,0,0,0,0,1,0,0,0,0,0,0,10,24
35797,0:2:1;0:3:3;0:4:3;1:2:1,2,1,0,0,0,1,0,0,0,0,0,0,20,24
35798,0:2:1;0:3:3;0:4:3;1:2:1,2,2,0,0,0,1,0,0,0,0,0,0,32,24
35799,0:2:1;0:3:3;0:4:3;1:2:1,2,3,0,0,0,1,0,0,0,0,0,0,44,24
35800,0:2:1;0:3:3;0:4:3;1:2:1,2,4,0,0,0,1,0,0,0,0,0,0,54,24
35801,0:2:1;0:3:3;0:4:3;1:2:1,2,5,1,1,1,0,1,1,1,1,1,5,9,2
35802,0:2:1;0:3:3;0:4:3;1:2:1,3,0,0,0,0,1,0,0,0,0,0,0,10,24
35803,0:2:1;0:3:3;0:4:3;1:2:1,3,1,0,0,0,1,0,0,0,0,0,0,20,24
35804,0:2:1;0:3:3;0:4:3;1:2:1,3,2,0,0,0,1,0,0,0,0,0,0,32,24
35805,0:2:1;0:3:3;0:4:3;1:2:1,3,3,0,0,0,1,0,0,0,0,0,0,44,24
35806,0:2:1;0:3:3;0:4:3;1:2:1,3,4,0,0,0,1,0,0,0,0,0,0,54,24
35807,0:2:1;0:3:3;0:4:3;1:2:1,3,5,1,1,1,0,1,1,1,1,1,5,9,2
35808,0:2:1;0:3:3;0:4:3;1:2:1,4,0,0,0,0,1,0,0,0,0,0,0,10,24
35809,0:2:1;0:3:3;0:4:3;1:2:1,4,1,0,0,0,1,0,0,0,0,0,0,20,24
35810,0:2:1;0:3:3;0:4:3;1:2:1,4,2,0,0,0,1,0,0,0,0,0,0,32,24
35811,0:2:1;0:3:3;0:4:3;1:2:1,4,3,0,0,0,1,0,0,0,0,0,0,44,24
35812,0:2:1;0:3:3;0:4:3;1:2:1,4,4,0,0,0,1,0,0,0,0,0,0,54,24
35813,0:2:1;0:3:3;0:4:3;1:2:1,4,5,1,1,1,0,1,1,1,1,1,5,9,2
35814,0:2:1;0:3:3;0:4:3;1:2:1,5,0,0,0,0,1,0,0,0,0,0,0,10,24
35815,0:2:1;0:3:3;0:4:3;1:2:1,5,1,0,0,0,1,0,0,0,0,0,0,20,24
35816,0:2:1;0:3:3;0:4:3;1:2:1,5,2,0,0,0,1,0,0,0,0,0,0,32,24
35817,0:2:1;0:3:3;0:4:3;1:2:1,5,3,0,0,0,1,0,0,0,0,0,0,44,24
35818,0:2:1;0:3:3;0:4:3;1:2:1,5,4,0,0,0,1,0,0,0,0,0,0,54,24
35819,0:2:1;0:3:3;0:4:3;1:2:1,5,5,1,1,1,0,1,1,1,1,1,5,9,2
35820,0:2:1;0:3:3;0:4:3;1:2:2,0,0,0,0,0,1,0,0,0,0,0,0,1,24
35821,0:2:1;0:3:3;0:4:3;1:2:2,0,1,0,0,0,1,0,0,0,0,0,0,11,24
35822,0:2:1;0:3:3;0:4:3;1:2:2,0,2,0,0,0,1,0,0,0,0,0,0,22,24
35823,0:2:1;0:3:3;0:4:3;1:2:2,0,3,0,0,0,1,0,0,0,0,0,0,43,24
35824,0:2:1;0:3:3;0:4:3;1:2:2,0,4,0,0,0,1,0,0,0,0,0,0,59,24
35825,0:2:1;0:3:3;0:4:3;1:2:2,0,5,1,1,1,0,1,1,1,1,1,5,10,2
35826,0:2:1;0:3:3;0:4:3;1:2:2,1,0,0,0,0,1,0,0,0,0,0,0,2,24
35827,0:2:1;0:3:3;0:4:3;1:2:2,1,1,0,0,0,1,0,0,0,0,0,0,14,24
35828,0:2:1;0:3:3;0:4:3;1:2:2,1,2,0,0,0,1,0,0,0,0,0,0,28,24
35829,0:2:1;0:3:3;0:4:3;1:2:2,1,3,0,0,0,1,0,0,0,0,0,0,51,24
35830,0:2:1;0:3:3;0:4:3;1:2:2,1,4,0,0,0,1,0,0,0,0,0,0,68,24
35831,0:2:1;0:3:3;0:4:3;1:2:2,1,5,1,1,1,0,1,1,1,1,1,5,10,2
35832,0:2:1;0:3:3;0:4:3;1:2:2,2,0,0,0,0,1,0,0,0,0,0,0,11,24
35833,0:2:1;0:3:3;0:4:3;1:2:2,2,1,0,0,0,1,0,0,0,0,0,0,24,24
35834,0:2:1;0:3:3;0:4:3;1:2:2,2,2,0,0,0,1,0,0,0,0,0,0,41,24
35835,0:2:1;0:3:3;0:4:3;1:2:2,2,3,0,0,0,1,0,0,0,0,0,0,60,24
35836,0:2:1;0:3:3;0:4:3;1:2:2,2,4,0,0,0,1,0,0,0,0,0,0,77,24
35837,0:2:1;0:3:3;0:4:3;1:2:2,2,5,1,1,1,0,1,1,1,1,1,5,10,2
35838,0:2:1;0:3:3;0:4:3;1:2:2,3,0,0,0,0,1,0,0,0,0,0,0,11,24
35839,0:2:1;0:3:3;0:4:3;1:2:2,3,1,0,0,0,1,0,0,0,0,0,0,24,24
35840,0:2:1;0:3:3;0:4:3;1:2:2,3,2,0,0,0,1,0,0,0,0,0,0,41,24
35841,0:2:1;0:3:3;0:4:3;1:2:2,3,3,0,0,0,1,0,0,0,0,0,0,60,24
35842,0:2:1;0:3:3;0:4:3;1:2:2,3,4,0,0,0,1,0,0,0,0,0,0,77,24
35843,0:2:1;0:3:3;0:4:3;1:2:2,3,5,1,1,1,0,1,1,1,1,1,5,10,2
35844,0:2:1;0:3:3;0:4:3;1:2:2,4,0,0,0,0,1,0,0,0,0,0,0,11,24
35845,0:2:1;0:3:3;0:4:3;1:2:2,4,1,0,0,0,1,0,0,0,0,0,0,24,24
35846,0:2:1;0:3:3;0:4:3;1:2:2,4,2,0,0,0,1,0,0,0,0,0,0,41,24
35847,0:2:1;0:3:3;0:4:3;1:2:2,4,3,0,0,0,1,0,0,0,0,0,0,60,24
35848,0:2:1;0:3:3;0:4:3;1:2:2,4,4,0,0,0,1,0,0,0,0,0,0,77,24
35849,0:2:1;0:3:3;0:4:3;1:2:2,4,5,1,1,1,0,1,1,1,1,1,5,10,2
35850,0:2:1;0:3:3;0:4:3;1:2:2,5,0,0,0,0,1,0,0,0,0,0,0,11,24
35851,0:2:1;0:3:3;0:4:3;1:2:2,5,1,0,0,0,1,0,0,0,0,0,0,24,24
35852,0:2:1;0:3:3;0:4:3;1:2:2,5,2,0,0,0,1,0,0,0,0,0,0,41,24
35853,0:2:1;0:3:3;0:4:3;1:2:2,5,3,0,0,0,1,0,0,0,0,0,0,60,24
35854,0:2:1;0:3:3;0:4:3;1:2:2,5,4,0,0,0,1,0,0,0,0,0,0,77,24
35855,0:2:1;0:3:3;0:4:3;1:2:2,5,5,1,1,1,0,1,1,1,1,1,5,10,2
35856,0:2:1;0:3:3;0:4:3;1:3:2,0,0,0,0,0,1,0,0,0,0,0,0,1,24
35857,0:2:1;0:3:3;0:4:3;1:3:2,0,1,0,0,0,1,0,0,0,0,0,0,15,24
35858,0:2:1;0:3:3;0:4:3;1:3:2,0,2,0,0,0,1,0,0,0,0,0,0,25,24
35859,0:2:1;0:3:3;0:4:3;1:3:2,0,3,0,0,0,1,0,0,0,0,0,0,46,24
35860,0:2:1;0:3:3;0:4:3;1:3:2,0,4,1,1,1,0,1,1,1,1,1,5,10,2
35861,0:2:1;0:3:3;0:4:3;1:3:2,0,5,1,1,1,0,1,1,1,1,1,5,10,2
35862,0:2:1;0:3:3;0:4:3;1:3:2,1,0,0,0,0,1,0,0,0,0,0,0,2,24
35863,0:2:1;0:3:3;0:4:3;1:3:2,1,1,0,0,0,1,0,0,0,0,0,0,18,24
35864,0:2:1;0:3:3;0:4:3;1:3:2,1,2,0,0,0,1,0,0,0,0,0,0,31,24
35865,0:2:1;0:3:3;0:4:3;1:3:2,1,3,0,0,0,1,0,0,0,0,0,0,54,24
35866,0:2:1;0:3:3;0:4:3;1:3:2,1,4,1,1,1,0,1,1,1,1,1,5,10,2
35867,0:2:1;0:3:3;0:4:3;1:3:2,1,5,1,1,1,0,1,1,1,1,1,5,10,2
35868,0:2:1;0:3:3;0:4:3;1:3:2,2,0,0,0,0,1,0,0,0,0,0,0,18,24
35869,0:2:1;0:3:3;0:4:3;1:3:2,2,1,0,0,0,1,0,0,0,0,0,0,31,24
35870,0:2:1;0:3:3;0:4:3;1:3:2,2,2,0,0,0,1,0,0,0,0,0,0,46,24
35871,0:2:1;0:3:3;0:4:3;1:3:2,2,3,0,0,0,1,0,0,0,0,0,0,63,24
35872,0:2:1;0:3:3;0:4:3;1:3:2,2,4,1,1,1,0,1,1,1,1,1,5,10,2
35873,0:2:1;0:3:3;0:4:3;1:3:2,2,5,1,1,1,0,1,1,1,1,1,5,10,2
35874,0:2:1;0:3:3;0:4:3;1:3:2,3,0,0,0,0,1,0,0,0,0,0,0,18,24
35875,0:2:1;0:3:3;0:4:3;1:3:2,3,1,0,0,0,1,0,0,0,0,0,0,31,24
35876,0:2:1;0:3:3;0:4:3;1:3:2,3,2,0,0,0,1,0,0,0,0,0,0,46,24
35877,0:2:1;0:3:3;0:4:3;1:3:2,3,3,0,0,0,1,0,0,0,0,0,0,63,24
35878,0:2:1;0:3:3;0:4:3;1:3:2,3,4,1,1,1,0,1,1,1,1,1,5,10,2
35879,0:2:1;0:3:3;0:4:3;1:3:2,3,5,1,1,1,0,1,1,1,1,1,5,10,2
35880,0:2:1;0:3:3;0:4:3;1:3:2,4,0,0,0,0,1,0,0,0,0,0,0,18,24
35881,0:2:1;0:3:3;0:4:3;1:3:2,4,1,0,0,0,1,0,0,0,0,0,0,31,24
35882,0:2:1;0:3:3;0:4:3;1:3:2,4,2,0,0,0,1,0,0,0,0,0,0,46,24
35883,0:2:1;0:3:3;0:4:3;1:3:2,4,3,0,0,0,1,0,0,0,0,0,0,63,24
35884,0:2:1;0:3:3;0:4:3;1:3:2,4,4,1,1,1,0,1,1,1,1,1,5,10,2
35885,0:2:1;0:3:3;0:4:3;1:3:2,4,5,1,1,1,0,1,1,1,1,1,5,10,2
35886,0:2:1;0:3:3;0:4:3;1:3:2,5,0,0,0,0,1,0,0,0,0,0,0,18,24
35887,0:2:1;0:3:3;0:4:3;1:3:2,5,1,0,0,0,1,0,0,0,0,0,0,31,24
35888,0:2:1;0:3:3;0:4:3;1:3:2,5,2,0,0,0,1,0,0,0,0,0,0,46,24
35889,0:2:1;0:3:3;0:4:3;1:3:2,5,3,0,0,0,1,0,0,0,0,0,0,63,24
35890,0:2:1;0:3:3;0:4:3;1:3:2,5,4,1,1,1,0,1,1,1,1,1,5,10,2
35891,0:2:1;0:3:3;0:4:3;1:3:2,5,5,1,1,1,0,1,1,1,1,1,5,10,2
35892,0:2:1;0:3:3;0:4:3;1:3:3,0,0,0,0,0,1,0,0,0,0,0,0,1,24
35893,0:2:1;0:3:3;0:4:3;1:3:3,0,1,0,0,0,1,0,0,0,0,0,0,6,24
35894,0:2:1;0:3:3;0:4:3;1:3:3,0,2,0,0,0,1,0,0,0,0,0,0,15,24
35895,0:2:1;0:3:3;0:4:3;1:3:3,0,3,0,0,0,1,0,0,0,0,0,0,45,24
35896,0:2:1;0:3:3;0:4:3;1:3:3,0,4,1,1,0,0,1,1,1,1,1,5,11,2
35897,0:2:1;0:3:3;0:4:3;1:3:3,0,5,1,1,1,0,1,1,1,1,1,5,11,2
35898,0:2:1;0:3:3;0:4:3;1:3:3,1,0,0,0,0,1,0,0,0,0,0,0,2,24
35899,0:2:1;0:3:3;0:4:3;1:3:3,1,1,0,0,0,1,0,0,0,0,0,0,19,24
35900,0:2:1;0:3:3;0:4:3;1:3:3,1,2,0,0,0,1,0,0,0,0,0,0,34,24
35901,0:2:1;0:3:3;0:4:3;1:3:3,1,3,0,0,0,1,0,0,0,0,0,0,62,24
35902,0:2:1;0:3:3;0:4:3;1:3:3,1,4,1,1,1,0,1,1,1,1,1,5,11,2
35903,0:2:1;0:3:3;0:4:3;1:3:3,1,5,1,1,1,0,1,1,1,1,1,5,11,2
35904,0:2:1;0:3:3;0:4:3;1:3:3,2,0,0,0,0,1,0,0,0,0,0,0,3,24
35905,0:2:1;0:3:3;0:4:3;1:3:3,2,1,0,0,0,1,0,0,0,0,0,0,22,24
35906,0:2:1;0:3:3;0:4:3;1:3:3,2,2,0,0,0,1,0,0,0,0,0,0,40,24
35907,0:2:1;0:3:3;0:4:3;1:3:3,2,3,0,0,0,1,0,0,0,0,0,0,70,24
35908,0:2:1;0:3:3;0:4:3;1:3:3,2,4,1,1,1,0,1,1,1,1,1,5,11,2
35909,0:2:1;0:3:3;0:4:3;1:3:3,2,5,1,1,1,0,1,1,1,1,1,5,11,2
35910,0:2:1;0:3:3;0:4:3;1:3:3,3,0,0,0,0,1,0,0,0,0,0,0,19,24
35911,0:2:1;0:3:3;0:4:3;1:3:3,3,1,0,0,0,1,0,0,0,0,0,0,35,24
35912,0:2:1;0:3:3;0:4:3;1:3:3,3,2,0,0,0,1,0,0,0,0,0,0,55,24
35913,0:2:1;0:3:3;0:4:3;1:3:3,3,3,0,0,0,1,0,0,0,0,0,0,79,24
35914,0:2:1;0:3:3;0:4:3;1:3:3,3,4,1,1,1,0,1,1,1,1,1,5,11,2
35915,0:2:1;0:3:3;0:4:3;1:3:3,3,5,1,1,1,0,1,1,1,1,1,5,11,2
35916,0:2:1;0:3:3;0:4:3;1:3:3,4,0,0,0,0,1,0,0,0,0,0,0,19,24
35917,0:2:1;0:3:3;0:4:3;1:3:3,4,1,0,0,0,1,0,0,0,0,0,0,35,24
35918,0:2:1;0:3:3;0:4:3;1:3:3,4,2,0,0,0,1,0,0,0,0,0,0,55,24
35919,0:2:1;0:3:3;0:4:3;1:3:3,4,3,0,0,0,1,0,0,0,0,0,0,79,24
35920,0:2:1;0:3:3;0:4:3;1:3:3,4,4,1,1,1,0,1,1,1,1,1,5,11,2
35921,0:2:1;0:3:3;0:4:3;1:3:3,4,5,1,1,1,0,1,1,1,1,1,5,11,2
35922,0:2:1;0:3:3;0:4:3;1:3:3,5,0,0,0,0,1,0,0,0,0,0,0,19,24
35923,0:2:1;0:3:3;0:4:3;1:3:3,5,1,0,0,0,1,0,0,0,0,0,0,35,24
35924,0:2:1;0:3:3;0:4:3;1:3:3,5,2,0,0,0,1,0,0,0,0,0,0,55,24
35925,0:2:1;0:3:3;0:4:3;1:3:3,5,3,0,0,0,1,0,0,0,0,0,0,79,24
35926,0:2:1;0:3:3;0:4:3;1:3:3,5,4,1,1,1,0,1,1,1,1,1,5,11,2
35927,0:2:1;0:3:3;0:4:3;1:3:3,5,5,1,1,1,0,1,1,1,1,1,5,11,2
35928,0:2:1;0:3:3;0:4:3;1:4:3,0,0,0,0,0,1,0,0,0,0,0,0,1,24
35929,0:2:1;0:3:3;0:4:3;1:4:3,0,1,0,0,0,1,0,0,0,0,0,0,6,24
35930,0:2:1;0:3:3;0:4:3;1:4:3,0,2,0,0,0,1,0,0,0,0,0,0,15,24
35931,0:2:1;0:3:3;0:4:3;1:4:3,0,3,1,1,0,1,0,0,1,0,1,6,29,11
35932,0:2:1;0:3:3;0:4:3;1:4:3,0,4,1,1,0,0,1,1,1,1,1,5,11,2
35933,0:2:1;0:3:3;0:4:3;1:4:3,0,5,1,1,1,0,1,1,1,1,1,5,11,2
35934,0:2:1;0:3:3;0:4:3;1:4:3,1,0,0,0,0,1,0,0,0,0,0,0,2,24
35935,0:2:1;0:3:3;0:4:3;1:4:3,1,1,0,0,0,1,0,0,0,0,0,0,22,24
35936,0:2:1;0:3:3;0:4:3;1:4:3,1,2,0,0,0,1,0,0,0,0,0,0,36,24
35937,0:2:1;0:3:3;0:4:3;1:4:3,1,3,1,1,0,0,1,1,1,1,1,5,11,5
35938,0:2:1;0:3:3;0:4:3;1:4:3,1,4,1,1,1,0,1,1,1,1,1,5,11,2
35939,0:2:1;0:3:3;0:4:3;1:4:3,1,5,1,1,1,0,1,1,1,1,1,5,11,2
35940,0:2:1;0:3:3;0:4:3;1:4:3,2,0,0,0,0,1,0,0,0,0,0,0,3,24
35941,0:2:1;0:3:3;0:4:3;1:4:3,2,1,0,0,0,1,0,0,0,0,0,0,25,24
35942,0:2:1;0:3:3;0:4:3;1:4:3,2,2,0,0,0,1,0,0,0,0,0,0,42,24
35943,0:2:1;0:3:3;0:4:3;1:4:3,2,3,1,1,1,0,1,1,1,1,1,5,11,5
35944,0:2:1;0:3:3;0:4:3;1:4:3,2,4,1,1,1,0,1,1,1,1,1,5,11,2
35945,0:2:1;0:3:3;0:4:3;1:4:3,2,5,1,1,1,0,1,1,1,1,1,5,11,2
35946,0:2:1;0:3:3;0:4:3;1:4:3,3,0,0,0,0,1,0,0,0,0,0,0,26,24
35947,0:2:1;0:3:3;0:4:3;1:4:3,3,1,0,0,0,1,0,0,0,0,0,0,40,24
35948,0:2:1;0:3:3;0:4:3;1:4:3,3,2,0,0,0,1,0,0,0,0,0,0,58,24
35949,0:2:1;0:3:3;0:4:3;1:4:3,3,3,1,1,1,0,1,1,1,1,1,5,11,5
35950,0:2:1;0:3:3;0:4:3;1:4:3,3,4,1,1,1,0,1,1,1,1,1,5,11,2
35951,0:2:1;0:3:3;0:4:3;1:4:3,3,5,1,1,1,0,1,1,1,1,1,5,11,2
35952,0:2:1;0:3:3;0:4:3;1:4:3,4,0,0,0,0,1,0,0,0,0,0,0,26,24
35953,0:2:1;0:3:3;0:4:3;1:4:3,4,1,0,0,0,1,0,0,0,0,0,0,40,24
35954,0:2:1;0:3:3;0:4:3;1:4:3,4,2,0,0,0,1,0,0,0,0,0,0,58,24
35955,0:2:1;0:3:3;0:4:3;1:4:3,4,3,1,1,1,0,1,1,1,1,1,5,11,5
35956,0:2:1;0:3:3;0:4:3;1:4:3,4,4,1,1,1,0,1,1,1,1,1,5,11,2
35957,0:2:1;0:3:3;0:4:3;1:4:3,4,5,1,1,1,0,1,1,1,1,1,5,11,2
35958,0:2:1;0:3:3;0:4:3;1:4:3,5,0,0,0,0,1,0,0,0,0,0,0,26,24
35959,0:2:1;0:3:3;0:4:3;1:4:3,5,1,0,0,0,1,0,0,0,0,0,0,40,24
35960,0:2:1;0:3:3;0:4:3;1:4:3,5,2,0,0,0,1,0,0,0,0,0,0,58,24
35961,0:2:1;0:3:3;0:4:3;1:4:3,5,3,1,1,1,0,1,1,1,1,1,5,11,5
35962,0:2:1;0:3:3;0:4:3;1:4:3,5,4,1,1,1,0,1,1,1,1,1,5,11,2
35963,0:2:1;0:3:3;0:4:3;1:4:3,5,5,1,1,1,0,1,1,1,1,1,5,11,2
35964,0:2:1;0:3:3;1:1:1;1:1:1,0,0,0,0,0,1,0,0,0,0,0,0,1,24
35965,0:2:1;0:3:3;1:1:1;1:1:1,0,1,0,0,0,1,0,0,0,0,0,0,10,24
35966,0:2:1;0:3:3;1:1:1;1:1:1,0,2,1,1,0,0,1,1,1,1,1,5,7,4
35967,0:2:1;0:3:3;1:1:1;1:1:1,0,3,1,1,1,0,1,1,1,1,1,5,7,3
35968,0:2:1;0:3:3;1:1:1;1:1:1,0,4,1,1,1,0,1,1,1,1,1,5,7,1
35969,0:2:1;0:3:3;1:1:1;1:1:1,0,5,1,1,1,0,1,1,1,1,1,5,7,1
35970,0:2:1;0:3:3;1:1:1;1:1:1,1,0,0,0,0,1,0,0,0,0,0,0,9,24
35971,0:2:1;0:3:3;1:1:1;1:1:1,1,1,0,0,0,1,0,0,0,0,0,0,16,24
35972,0:2:1;0:3:3;1:1:1;1:1:1,1,2,1,1,1,0,1,1,1,1,1,5,7,4
35973,0:2:1;0:3:3;1:1:1;1:1:1,1,3,1,1,1,0,1,1,1,1,1,5,7,3
35974,0:2:1;0:3:3;1:1:1;1:1:1,1,4,1,1,1,0,1,1,1,1,1,5,7,1
35975,0:2:1;0:3:3;1:1:1;1:1:1,1,5,1,1,1,0,1,1,1,1,1,5,7,1
35976,0:2:1;0:3:3;1:1:1;1:1:1,2,0,0,0,0,1,0,0,0,0,0,0,12,24
35977,0:2:1;0:3:3;1:1:1;1:1:1,2,1,0,0,0,1,0,0,0,0,0,0,20,24
35978,0:2:1;0:3:3;1:1:1;1:1:1,2,2,1,1,1,0,1,1,1,1,1,5,7,4
35979,0:2:1;0:3:3;1:1:1;1:1:1,2,3,1,1,1,0,1,1,1,1,1,5,7,3
35980,0:2:1;0:3:3;1:1:1;1:1:1,2,4,1,1,1,0,1,1,1,1,1,5,7,1
35981,0:2:1;0:3:3;1:1:1;1:1:1,2,5,1,1,1,0,1,1,1,1,1,5,7,1
35982,0:2:1;0:3:3;1:1:1;1:1:1,3,0,0,0,0,1,0,0,0,0,0,0,12,24
35983,0:2:1;0:3:3;1:1:1;1:1:1,3,1,0,0,0,1,0,0,0,0,0,0,20,24
35984,0:2:1;0:3:3;1:1:1;1:1:1,3,2,1,1,1,0,1,1,1,1,1,5,7,4
35985,0:2:1;0:3:3;1:1:1;1:1:1,3,3,1,1,1,0,1,1,1,1,1,5,7,3
35986,0:2:1;0:3:3;1:1:1;1:1:1,3,4,1,1,1,0,1,1,1,1,1,5,7,1
35987,0:2:1;0:3:3;1:1:1;1:1:1,3,5,1,1,1,0,1,1,1,1,1,5,7,1
35988,0:2:1;0:3:3;1:1:1;1:1:1,4,0,0,0,0,1,0,0,0,0,0,0,12,24
35989,0:2:1;0:3:3;1:1:1;1:1:1,4,1,0,0,0,1,0,0,0,0,0,0,20,24
35990,0:2:1;0:3:3;1:1:1;1:1:1,4,2,1,1,1,0,1,1,1,1,1,5,7,4
35991,0:2:1;0:3:3;1:1:1;1:1:1,4,3,1,1,1,0,1,1,1,1,1,5,7,3
35992,0:2:1;0:3:3;1:1:1;1:1:1,4,4,1,1,1,0,1,1,1,1,1,5,7,1
35993,0:2:1;0:3:3;1:1:1;1:1:1,4,5,1,1,1,0,1,1,1,1,1,5,7,1
35994,0:2:1;0:3:3;1:1:1;1:1:1,5,0,0,0,0,1,0,0,0,0,0,0,12,24
35995,0:2:1;0:3:3;1:1:1;1:1:1,5,1,0,0,0,1,0,0,0,0,0,0,20,24
35996,0:2:1;0:3:3;1:1:1;1:1:1,5,2,1,1,1,0,1,1,1,1,1,5,7,4
35997,0:2:1;0:3:3;1:1:1;1:1:1,5,3,1,1,1,0,1,1,1,1,1,5,7,3
35998,0:2:1;0:3:3;1:1:1;1:1:1,5,4,1,1,1,0,1,1,1,1,1,5,7,1
35999,0:2:1;0:3:3;1:1:1;1:1:1,5,5,1,1,1,0,1,1,1,1,1,5,7,1
36000,0:2:1;0:3:3;1:1:1;1:2:1,0,0,0,0,0,1,0,0,0,0,0,0,1,24
36001,0:2:1;0:3:3;1:1:1;1:2:1,0,1,1,1,0,0,1,1,1,1,1,5,7,4
36002,0:2:1;0:3:3;1:1:1;1:2:1,0,2,1,1,0,0,1,1,1,1,1,5,7,4
36003,0:2:1;0:3:3;1:1:1;1:2:1,0,3,1,1,1,0,1,1,1,1,1,5,7,3
36004,0:2:1;0:3:3;1:1:1;1:2:1,0,4,1,1,1,0,1,1,1,1,1,5,7,1
36005,0:2:1;0:3:3;1:1:1;1:2:1,0,5,1,1,1,0,1,1,1,1,1,5,7,1
36006,0:2:1;0:3:3;1:1:1;1:2:1,1,0,0,0,0,1,0,0,0,0,0,0,12,24
36007,0:2:1;0:3:3;1:1:1;1:2:1,1,1,1,1,0,0,1,1,1,1,1,5,7,4
36008,0:2:1;0:3:3;1:1:1;1:2:1,1,2,1,1,1,0,1,1,1,1,1,5,7,4
36009,0:2:1;0:3:3;1:1:1;1:2:1,1,3,1,1,1,0,1,1,1,1,1,5,7,3
36010,0:2:1;0:3:3;1:1:1;1:2:1,1,4,1,1,1,0,1,1,1,1,1,5,7,1
36011,0:2:1;0:3:3;1:1:1;1:2:1,1,5,1,1,1,0,1,1,1,1,1,5,7,1
36012,0:2:1;0:3:3;1:1:1;1:2:1,2,0,0,0,0,1,0,0,0,0,0,0,16,24
36013,0:2:1;0:3:3;1:1:1;1:2:1,2,1,1,1,1,0,1,1,1,1,1,5,7,4
36014,0:2:1;0:3:3;1:1:1;1:2:1,2,2,1,1,1,0,1,1,1,1,1,5,7,4
36015,0:2:1;0:3:3;1:1:1;1:2:1,2,3,1,1,1,0,1,1,1,1,1,5,7,3
36016,0:2:1;0:3:3;1:1:1;1:2:1,2,4,1,1,1,0,1,1,1,1,1,5,7,1
36017,0:2:1;0:3:3;1:1:1;1:2:1,2,5,1,1,1,0,1,1,1,1,1,5,7,1
36018,0:2:1;0:3:3;1:1:1;1:2:1,3,0,0,0,0,1,0,0,0,0,0,0,16,24
36019,0:2:1;0:3:3;1:1:1;1:2:1,3,1,1,1,1,0,1,1,1,1,1,5,7,4
36020,0:2:1;0:3:3;1:1:1;1:2:1,3,2,1,1,1,0,1,1,1,1,1,5,7,4
36021,0:2:1;0:3:3;1:1:1;1:2:1,3,3,1,1,1,0,1,1,1,1,1,5,7,3
36022,0:2:1;0:3:3;1:1:1;1:2:1,3,4,1,1,1,0,1,1,1,1,1,5,7,1
36023,0:2:1;0:3:3;1:1:1;1:2:1,3,5,1,1,1,0,1,1,1,1,1,5,7,1
36024,0:2:1;0:3:3;1:1:1;1:2:1,4,0,0,0,0,1,0,0,0,0,0,0,16,24
36025,0:2:1;0:3:3;1:1:1;1:2:1,4,1,1,1,1,0,1,1,1,1,1,5,7,4
36026,0:2:1;0:3:3;1:1:1;1:2:1,4,2,1,1,1,0,1,1,1,1,1,5,7,4
36027,0:2:1;0:3:3;1:1:1;1:2:1,4,3,1,1,1,0,1,1,1,1,1,5,7,3
36028,0:2:1;0:3:3;1:1:1;1:2:1,4,4,1,1,1,0,1,1,1,1,1,5,7,1
36029,0:2:1;0:3:3;1:1:1;1:2:1,4,5,1,1,1,0,1,1,1,1,1,5,7,1
36030,0:2:1;0:3:3;1:1:1;1:2:1,5,0,0,0,0,1,0,0,0,0,0,0,16,24
36031,0:2:1;0:3:3;1:1:1;1:2:1,5,1,1,1,1,0,1,1,1,1,1,5,7,4
36032,0:2:1;0:3:3;1:1:1;1:2:1,5,2,1,1,1,0,1,1,1,1,1,5,7,4
36033,0:2:1;0:3:3;1:1:1;1:2:1,5,3,1,1,1,0,1,1,1,1,1,5,7,3
36034,0:2:1;0:3:3;1:1:1;1:2:1,5,4,1,1,1,0,1,1,1,1,1,5,7,1
36035,0:2:1;0:3:3;1:1:1;1:2:1,5,5,1,1,1,0,1,1,1,1,1,5,7,1
36036,0:2:1;0:3:3;1:1:1;1:2:2,0,0,0,0,0,1,0,0,0,0,0,0,1,24
36037,0:2:1;0:3:3;1:1:1;1:2:2,0,1,1,0,0,1,0,0,0,0,0,4,11,24
36038,0:2:1;0:3:3;1:1:1;1:2:2,0,2,1,1,0,1,0,0,1,0,1,6,12,5
36039,0:2:1;0:3:3;1:1:1;1:2:2,0,3,1,1,0,0,1,1,1,1,1,5,8,3
36040,0:2:1;0:3:3;1:1:1;1:2:2,0,4,1,1,1,0,1,1,1,1,1,5,8,1
36041,0:2:1;0:3:3;1:1:1;1:2:2,0,5,1,1,1,0,1,1,1,1,1,5,8,1
36042,0:2:1;0:3:3;1:1:1;1:2:2,1,0,0,0,0,1,0,0,0,0,0,0,9,24
36043,0:2:1;0:3:3;1:1:1;1:2:2,1,1,1,1,0,0,1,1,1,1,1,5,8,4
36044,0:2:1;0:3:3;1:1:1;1:2:2,1,2,1,1,0,0,1,1,1,1,1,5,8,4
36045,0:2:1;0:3:3;1:1:1;1:2:2,1,3,1,1,1,0,1,1,1,1,1,5,8,3
36046,0:2:1;0:3:3;1:1:1;1:2:2,1,4,1,1,1,0,1,1,1,1,1,5,8,1
36047,0:2:1;0:3:3;1:1:1;1:2:2,1,5,1,1,1,0,1,1,1,1,1,5,8,1
36048,0:2:1;0:3:3;1:1:1;1:2:2,2,0,0,0,0,1,0,0,0,0,0,0,16,24
36049,0:2:1;0:3:3;1:1:1;1:2:2,2,1,1,1,0,0,1,1,1,1,1,5,8,4
36050,0:2:1;0:3:3;1:1:1;1:2:2,2,2,1,1,1,0,1,1,1,1,1,5,8,4
36051,0:2:1;0:3:3;1:1:1;1:2:2,2,3,1,1,1,0,1,1,1,1,1,5,8,3
36052,0:2:1;0:3:3;1:1:1;1:2:2,2,4,1,1,1,0,1,1,1,1,1,5,8,1
36053,0:2:1;0:3:3;1:1:1;1:2:2,2,5,1,1,1,0,1,1,1,1,1,5,8,1
36054,0:2:1;0:3:3;1:1:1;1:2:2,3,0,0,0,0,1,0,0,0,0,0,0,20,24
36055,0:2:1;0:3:3;1:1:1;1:2:2,3,1,1,1,1,0,1,1,1,1,1,5,8,4
36056,0:2:1;0:3:3;1:1:1;1:2:2,3,2,1,1,1,0,1,1,1,1,1,5,8,4
36057,0:2:1;0:3:3;1:1:1;1:2:2,3,3,1,1,1,0,1,1,1,1,1,5,8,3
36058,0:2:1;0:3:3;1:1:1;1:2:2,3,4,1,1,1,0,1,1,1,1,1,5,8,1
36059,0:2:1;0:3:3;1:1:1;1:2:2,3,5,1,1,1,0,1,1,1,1,1,5,8,1
36060,0:2:1;0:3:3;1:1:1;1:2:2,4,0,0,0,0,1,0,0,0,0,0,0,20,24
36061,0:2:1;0:3:3;1:1:1;1:2:2,4,1,1,1,1,0,1,1,1,1,1,5,8,4
36062,0:2:1;0:3:3;1:1:1;1:2:2,4,2,1,1,1,0,1,1,1,1,1,5,8,4
36063,0:2:1;0:3:3;1:1:1;1:2:2,4,3,1,1,1,0,1,1,1,1,1,5,8,3
36064,0:2:1;0:3:3;1:1:1;1:2:2,4,4,1,1,1,0,1,1,1,1,1,5,8,1
36065,0:2:1;0:3:3;1:1:1;1:2:2,4,5,1,1,1,0,1,1,1,1,1,5,8,1
36066,0:2:1;0:3:3;1:1:1;1:2:2,5,0,0,0,0,1,0,0,0,0,0,0,20,24
36067,0:2:1;0:3:3;1:1:1;1:2:2,5,1,1,1,1,0,1,1,1,1,1,5,8,4
36068,0:2:1;0:3:3;1:1:1;1:2:2,5,2,1,1,1,0,1,1,1,1,1,5,8,4
36069,0:2:1;0:3:3;1:1:1;1:2:2,5,3,1,1,1,0,1,1,1,1,1,5,8,3
36070,0:2:1;0:3:3;1:1:1;1:2:2,5,4,1,1,1,0,1,1,1,1,1,5,8,1
36071,0:2:1;0:3:3;1:1:1;1:2:2,5,5,1,1,1,0,1,1,1,1,1,5,8,1
36072,0:2:1;0:3:3;1:1:1;1:3:2,0,0,1,0,0,1,0,0,0,0,0,1,1,24
36073,0:2:1;0:3:3;1:1:1;1:3:2,0,1,1,1,0,1,0,0,1,1,1,6,12,5
36074,0:2:1;0:3:3;1:1:1;1:3:2,0,2,1,1,0,1,0,0,1,1,1,6,12,5
36075,0:2:1;0:3:3;1:1:1;1:3:2,0,3,1,1,0,0,1,1,1,1,1,5,8,3
36076,0:2:1;0:3:3;1:1:1;1:3:2,0,4,1,1,1,0,1,1,1,1,1,5,8,1
36077,0:2:1;0:3:3;1:1:1;1:3:2,0,5,1,1,1,0,1,1,1,1,1,5,8,1
36078,0:2:1;0:3:3;1:1:1;1:3:2,1,0,1,1,0,0,1,1,1,1,1,5,8,14
36079,0:2:1;0:3:3;1:1:1;1:3:2,1,1,1,1,0,0,1,1,1,1,1,5,8,4
36080,0:2:1;0:3:3;1:1:1;1:3:2,1,2,1,1,0,0,1,1,1,1,1,5,8,4
36081,0:2:1;0:3:3;1:1:1;1:3:2,1,3,1,1,1,0,1,1,1,1,1,5,8,3
36082,0:2:1;0:3:3;1:1:1;1:3:2,1,4,1,1,1,0,1,1,1,1,1,5,8,1
36083,0:2:1;0:3:3;1:1:1;1:3:2,1,5,1,1,1,0,1,1,1,1,1,5,8,1
36084,0:2:1;0:3:3;1:1:1;1:3:2,2,0,1,1,0,0,1,1,1,1,1,5,8,14
36085,0:2:1;0:3:3;1:1:1;1:3:2,2,1,1,1,0,0,1,1,1,1,1,5,8,4
36086,0:2:1;0:3:3;1:1:1;1:3:2,2,2,1,1,1,0,1,1,1,1,1,5,8,4
36087,0:2:1;0:3:3;1:1:1;1:3:2,2,3,1,1,1,0,1,1,1,1,1,5,8,3
36088,0:2:1;0:3:3;1:1:1;1:3:2,2,4,1,1,1,0,1,1,1,1,1,5,8,1
36089,0:2:1;0:3:3;1:1:1;1:3:2,2,5,1,1,1,0,1,1,1,1,1,5,8,1
36090,0:2:1;0:3:3;1:1:1;1:3:2,3,0,1,1,0,0,1,1,1,1,1,5,8,14
36091,0:2:1;0:3:3;1:1:1;1:3:2,3,1,1,1,1,0,1,1,1,1,1,5,8,4
36092,0:2:1;0:3:3;1:1:1;1:3:2,3,2,1,1,1,0,1,1,1,1,1,5,8,4
36093,0:2:1;0:3:3;1:1:1;1:3:2,3,3,1,1,1,0,1,1,1,1,1,5,8,3
36094,0:2:1;0:3:3;1:1:1;1:3:2,3,4,1,1,1,0,1,1,1,1,1,5,8,1
36095,0:2:1;0:3:3;1:1:1;1:3:2,3,5,1,1,1,0,1,1,1,1,1,5,8,1
36096,0:2:1;0:3:3;1:1:1;1:3:2,4,0,1,1,1,0,1,1,1,1,1,5,8,14
36097,0:2:1;0:3:3;1:1:1;1:3:2,4,1,1,1,1,0,1,1,1,1,1,5,8,4
36098,0:2:1;0:3:3;1:1:1;1:3:2,4,2,1,1,1,0,1,1,1,1,1,5,8,4
36099,0:2:1;0:3:3;1:1:1;1:3:2,4,3,1,1,1,0,1,1,1,1,1,5,8,3
36100,0:2:1;0:3:3;1:1:1;1:3:2,4,4,1,1,1,0,1,1,1,1,1,5,8,1
36101,0:2:1;0:3:3;1:1:1;1:3:2,4,5,1,1,1,0,1,1,1,1,1,5,8,1
36102,0:2:1;0:3:3;1:1:1;1:3:2,5,0,1,1,1,0,1,1,1,1,1,5,8,14
36103,0:2:1;0:3:3;1:1:1;1:3:2,5,1,1,1,1,0,1,1,1,1,1,5,8,4
36104,0:2:1;0:3:3;1:1:1;1:3:2,5,2,1,1,1,0,1,1,1,1,1,5,8,4
36105,0:2:1;0:3:3;1:1:1;1:3:2,5,3,1,1,1,0,1,1,1,1,1,5,8,3
36106,0:2:1;0:3:3;1:1:1;1:3:2,5,4,1,1,1,0,1,1,1,1,1,5,8,1
36107,0:2:1;0:3:3;1:1:1;1:3:2,5,5,1,1,1,0,1,1,1,1,1,5,8,1
36108,0:2:1;0:3:3;1:1:1;1:3:3,0,0,1,0,0,1,0,0,0,0,0,1,1,24
36109,0:2:1;0:3:3;1:1:1;1:3:3,0,1,1,0,0,1,0,0,0,0,0,3,9,24
36110,0:2:1;0:3:3;1:1:1;1:3:3,0,2,1,0,0,1,0,0,0,0,0,3,15,24
36111,0:2:1;0:3:3;1:1:1;1:3:3,0,3,1,1,0,0,1,1,1,1,1,5,9,3
36112,0:2:1;0:3:3;1:1:1;1:3:3,0,4,1,1,0,0,1,1,1,1,1,5,9,1
36113,0:2:1;0:3:3;1:1:1;1:3:3,0,5,1,1,1,0,1,1,1,1,1,5,9,1
36114,0:2:1;0:3:3;1:1:1;1:3:3,1,0,1,0,0,1,0,0,0,0,0,3,7,24
36115,0:2:1;0:3:3;1:1:1;1:3:3,1,1,1,1,0,1,0,0,1,0,1,6,15,5
36116,0:2:1;0:3:3;1:1:1;1:3:3,1,2,1,1,0,1,0,0,1,0,1,6,15,5
36117,0:2:1;0:3:3;1:1:1;1:3:3,1,3,1,1,0,0,1,1,1,1,1,5,9,3
36118,0:2:1;0:3:3;1:1:1;1:3:3,1,4,1,1,1,0,1,1,1,1,1,5,9,1
36119,0:2:1;0:3:3;1:1:1;1:3:3,1,5,1,1,1,0,1,1,1,1,1,5,9,1
36120,0:2:1;0:3:3;1:1:1;1:3:3,2,0,1,1,0,0,1,1,1,1,1,5,9,14
36121,0:2:1;0:3:3;1:1:1;1:3:3,2,1,1,1,0,0,1,1,1,1,1,5,9,4
36122,0:2:1;0:3:3;1:1:1;1:3:3,2,2,1,1,0,0,1,1,1,1,1,5,9,4
36123,0:2:1;0:3:3;1:1:1;1:3:3,2,3,1,1,1,0,1,1,1,1,1,5,9,3
36124,0:2:1;0:3:3;1:1:1;1:3:3,2,4,1,1,1,0,1,1,1,1,1,5,9,1
36125,0:2:1;0:3:3;1:1:1;1:3:3,2,5,1,1,1,0,1,1,1,1,1,5,9,1
36126,0:2:1;0:3:3;1:1:1;1:3:3,3,0,1,1,0,0,1,1,1,1,1,5,9,14
36127,0:2:1;0:3:3;1:1:1;1:3:3,3,1,1,1,0,0,1,1,1,1,1,5,9,4
36128,0:2:1;0:3:3;1:1:1;1:3:3,3,2,1,1,1,0,1,1,1,1,1,5,9,4
36129,0:2:1;0:3:3;1:1:1;1:3:3,3,3,1,1,1,0,1,1,1,1,1,5,9,3
36130,0:2:1;0:3:3;1:1:1;1:3:3,3,4,1,1,1,0,1,1,1,1,1,5,9,1
36131,0:2:1;0:3:3;1:1:1;1:3:3,3,5,1,1,1,0,1,1,1,1,1,5,9,1
36132,0:2:1;0:3:3;1:1:1;1:3:3,4,0,1,1,0,0,1,1,1,1,1,5,9,14
36133,0:2:1;0:3:3;1:1:1;1:3:3,4,1,1,1,1,0,1,1,1,1,1,5,9,4
36134,0:2:1;0:3:3;1:1:1;1:3:3,4,2,1,1,1,0,1,1,1,1,1,5,9,4
36135,0:2:1;0:3:3;1:1:1;1:3:3,4,3,1,1,1,0,1,1,1,1,1,5,9,3
36136,0:2:1;0:3:3;1:1:1;1:3:3,4,4,1,1,1,0,1,1,1,1,1,5,9,1
36137,0:2:1;0:3:3;1:1:1;1:3:3,4,5,1,1,1,0,1,1,1,1,1,5,9,1
36138,0:2:1;0:3:3;1:1:1;1:3:3,5,0,1,1,1,0,1,1,1,1,1,5,9,14
36139,0:2:1;0:3:3;1:1:1;1:3:3,5,1,1,1,1,0,1,1,1,1,1,5,9,4
36140,0:2:1;0:3:3;1:1:1;1:3:3,5,2,1,1,1,0,1,1,1,1,1,5,9,4
36141,0:2:1;0:3:3;1:1:1;1:3:3,5,3,1,1,1,0,1,1,1,1,1,5,9,3
36142,0:2:1;0:3:3;1:1:1;1:3:3,5,4,1,1,1,0,1,1,1,1,1,5,9,1
36143,0:2:1;0:3:3;1:1:1;1:3:3,5,5,1,1,1,0,1,1,1,1,1,5,9,1
36144,0:2:1;0:3:3;1:1:1;1:4:3,0,0,1,0,0,1,0,0,0,0,0,1,1,24
36145,0:2:1;0:3:3;1:1:1;1:4:3,0,1,1,0,0,1,0,0,0,0,0,3,9,24
36146,0:2:1;0:3:3;1:1:1;1:4:3,0,2,1,0,0,1,0,0,0,0,0,3,15,24
36147,0:2:1;0:3:3;1:1:1;1:4:3,0,3,1,1,0,0,1,1,1,1,1,5,9,3
36148,0:2:1;0:3:3;1:1:1;1:4:3,0,4,1,1,0,0,1,1,1,1,1,5,9,1
36149,0:2:1;0:3:3;1:1:1;1:4:3,0,5,1,1,1,0,1,1,1,1,1,5,9,1
36150,0:2:1;0:3:3;1:1:1;1:4:3,1,0,1,0,0,1,0,0,0,0,0,3,7,24
36151,0:2:1;0:3:3;1:1:1;1:4:3,1,1,1,1,0,1,0,0,1,1,1,6,15,5
36152,0:2:1;0:3:3;1:1:1;1:4:3,1,2,1,1,0,1,0,0,1,1,1,6,15,5
36153,0:2:1;0:3:3;1:1:1;1:4:3,1,3,1,1,0,0,1,1,1,1,1,5,9,3
36154,0:2:1;0:3:3;1:1:1;1:4:3,1,4,1,1,1,0,1,1,1,1,1,5,9,1
36155,0:2:1;0:3:3;1:1:1;1:4:3,1,5,1,1,1,0,1,1,1,1,1,5,9,1
36156,0:2:1;0:3:3;1:1:1;1:4:3,2,0,1,1,0,0,1,1,1,1,1,5,9,14
36157,0:2:1;0:3:3;1:1:1;1:4:3,2,1,1,1,0,0,1,1,1,1,1,5,9,4
36158,0:2:1;0:3:3;1:1:1;1:4:3,2,2,1,1,0,0,1,1,1,1,1,5,9,4
36159,0:2:1;0:3:3;1:1:1;1:4:3,2,3,1,1,1,0,1,1,1,1,1,5,9,3
36160,0:2:1;0:3:3;1:1:1;1:4:3,2,4,1,1,1,0,1,1,1,1,1,5,9,1
36161,0:2:1;0:3:3;1:1:1;1:4:3,2,5,1,1,1,0,1,1,1,1,1,5,9,1
36162,0:2:1;0:3:3;1:1:1;1:4:3,3,0,1,1,0,0,1,1,1,1,1,5,9,14
36163,0:2:1;0:3:3;1:1:1;1:4:3,3,1,1,1,0,0,1,1,1,1,1,5,9,4
36164,0:2:1;0:3:3;1:1:1;1:4:3,3,2,1,1,1,0,1,1,1,1,1,5,9,4
36165,0:2:1;0:3:3;1:1:1;1:4:3,3,3,1,1,1,0,1,1,1,1,1,5,9,3
36166,0:2:1;0:3:3;1:1:1;1:4:3,3,4,1,1,1,0,1,1,1,1,1,5,9,1
36167,0:2:1;0:3:3;1:1:1;1:4:3,3,5,1,1,1,0,1,1,1,1,1,5,9,1
36168,0:2:1;0:3:3;1:1:1;1:4:3,4,0,1,1,0,0,1,1,1,1,1,5,9,14
36169,0:2:1;0:3:3;1:1:1;1:4:3,4,1,1,1,1,0,1,1,1,1,1,5,9,4
36170,0:2:1;0:3:3;1:1:1;1:4:3,4,2,1,1,1,0,1,1,1,1,1,5,9,4
36171,0:2:1;0:3:3;1:1:1;1:4:3,4,3,1,1,1,0,1,1,1,1,1,5,9,3
36172,0:2:1;0:3:3;1:1:1;1:4:3,4,4,1,1,1,0,1,1,1,1,1,5,9,1
36173,0:2:1;0:3:3;1:1:1;1:4:3,4,5,1,1,1,0,1,1,1,1,1,5,9,1
36174,0:2:1;0:3:3;1:1:1;1:4:3,5,0,1,1,1,0,1,1,1,1,1,5,9,14
36175,0:2:1;0:3:3;1:1:1;1:4:3,5,1,1,1,1,0,1,1,1,1,1,5,9,4
36176,0:2:1;0:3:3;1:1:1;1:4:3,5,2,1,1,1,0,1,1,1,1,1,5,9,4
36177,0:2:1;0:3:3;1:1:1;1:4:3,5,3,1,1,1,0,1,1,1,1,1,5,9,3
36178,0:2:1;0:3:3;1:1:1;1:4:3,5,4,1,1,1,0,1,1,1,1,1,5,9,1
36179,0:2:1;0:3:3;1:1:1;1:4:3,5,5,1,1,1,0,1,1,1,1,1,5,9,1
36180,0:2:1;0:3:3;1:2:1;1:2:1,0,0,1,0,0,1,0,0,0,0,0,1,1,24
36181,0:2:1;0:3:3;1:2:1;1:2:1,0,1,1,1,0,0,1,1,1,1,1,5,7,4
36182,0:2:1;0:3:3;1:2:1;1:2:1,0,2,1,1,0,0,1,1,1,1,1,5,7,3
36183,0:2:1;0:3:3;1:2:1;1:2:1,0,3,1,1,1,0,1,1,1,1,1,5,7,3
36184,0:2:1;0:3:3;1:2:1;1:2:1,0,4,1,1,1,0,1,1,1,1,1,5,7,1
36185,0:2:1;0:3:3;1:2:1;1:2:1,0,5,1,1,1,0,1,1,1,1,1,5,7,1
36186,0:2:1;0:3:3;1:2:1;1:2:1,1,0,1,1,0,0,1,1,1,1,1,5,7,14
36187,0:2:1;0:3:3;1:2:1;1:2:1,1,1,1,1,0,0,1,1,1,1,1,5,7,4
36188,0:2:1;0:3:3;1:2:1;1:2:1,1,2,1,1,1,0,1,1,1,1,1,5,7,3
36189,0:2:1;0:3:3;1:2:1;1:2:1,1,3,1,1,1,0,1,1,1,1,1,5,7,3
36190,0:2:1;0:3:3;1:2:1;1:2:1,1,4,1,1,1,0,1,1,1,1,1,5,7,1
36191,0:2:1;0:3:3;1:2:1;1:2:1,1,5,1,1,1,0,1,1,1,1,1,5,7,1
36192,0:2:1;0:3:3;1:2:1;1:2:1,2,0,1,1,0,0,1,1,1,1,1,5,7,14
36193,0:2:1;0:3:3;1:2:1;1:2:1,2,1,1,1,1,0,1,1,1,1,1,5,7,4
36194,0:2:1;0:3:3;1:2:1;1:2:1,2,2,1,1,1,0,1,1,1,1,1,5,7,3
36195,0:2:1;0:3:3;1:2:1;1:2:1,2,3,1,1,1,0,1,1,1,1,1,5,7,3
36196,0:2:1;0:3:3;1:2:1;1:2:1,2,4,1,1,1,0,1,1,1,1,1,5,7,1
36197,0:2:1;0:3:3;1:2:1;1:2:1,2,5,1,1,1,0,1,1,1,1,1,5,7,1
36198,0:2:1;0:3:3;1:2:1;1:2:1,3,0,1,1,1,0,1,1,1,1,1,5,7,14
36199,0:2:1;0:3:3;1:2:1;1:2:1,3,1,1,1,1,0,1,1,1,1,1,5,7,4
36200,0:2:1;0:3:3;1:2:1;1:2:1,3,2,1,1,1,0,1,1,1,1,1,5,7,3
36201,0:2:1;0:3:3;1:2:1;1:2:1,3,3,1,1,1,0,1,1,1,1,1,5,7,3
36202,0:2:1;0:3:3;1:2:1;1:2:1,3,4,1,1,1,0,1,1,1,1,1,5,7,1
36203,0:2:1;0:3:3;1:2:1;1:2:1,3,5,1,1,1,0,1,1,1,1,1,5,7,1
36204,0:2:1;0:3:3;1:2:1;1:2:1,4,0,1,1,1,0,1,1,1,1,1,5,7,14
36205,0:2:1;0:3:3;1:2:1;1:2:1,4,1,1,1,1,0,1,1,1,1,1,5,7,4
36206,0:2:1;0:3:3;1:2:1;1:2:1,4,2,1,1,1,0,1,1,1,1,1,5,7,3
36207,0:2:1;0:3:3;1:2:1;1:2:1,4,3,1,1,1,0,1,1,1,1,1,5,7,3
36208,0:2:1;0:3:3;1:2:1;1:2:1,4,4,1,1,1,0,1,1,1,1,1,5,7,1
36209,0:2:1;0:3:3;1:2:1;1:2:1,4,5,1,1,1,0,1,1,1,1,1,5,7,1
36210,0:2:1;0:3:3;1:2:1;1:2:1,5,0,1,1,1,0,1,1,1,1,1,5,7,14
36211,0:2:1;0:3:3;1:2:1;1:2:1,5,1,1,1,1,0,1,1,1,1,1,5,7,4
36212,0:2:1;0:3:3;1:2:1;1:2:1,5,2,1,1,1,0,1,1,1,1,1,5,7,3
36213,0:2:1;0:3:3;1:2:1;1:2:1,5,3,1,1,1,0,1,1,1,1,1,5,7,3
36214,0:2:1;0:3:3;1:2:1;1:2:1,5,4,1,1,1,0,1,1,1,1,1,5,7,1
36215,0:2:1;0:3:3;1:2:1;1:2:1,5,5,1,1,1,0,1,1,1,1,1,5,7,1
36216,0:2:1;0:3:3;1:2:1;1:2:2,0,0,1,0,0,1,0,0,0,0,0,1,1,24
36217,0:2:1;0:3:3;1:2:1;1:2:2,0,1,1,0,0,1,0,0,0,0,0,4,13,24
36218,0:2:1;0:3:3;1:2:1;1:2:2,0,2,1,1,0,0,1,1,1,1,1,5,8,3
36219,0:2:1;0:3:3;1:2:1;1:2:2,0,3,1,1,0,0,1,1,1,1,1,5,8,3
36220,0:2:1;0:3:3;1:2:1;1:2:2,0,4,1,1,1,0,1,1,1,1,1,5,8,1
36221,0:2:1;0:3:3;1:2:1;1:2:2,0,5,1,1,1,0,1,1,1,1,1,5,8,1
36222,0:2:1;0:3:3;1:2:1;1:2:2,1,0,1,1,0,0,1,1,1,1,1,5,8,14
36223,0:2:1;0:3:3;1:2:1;1:2:2,1,1,1,1,0,0,1,1,1,1,1,5,8,4
36224,0:2:1;0:3:3;1:2:1;1:2:2,1,2,1,1,0,0,1,1,1,1,1,5,8,3
36225,0:2:1;0:3:3;1:2:1;1:2:2,1,3,1,1,1,0,1,1,1,1,1,5,8,3
36226,0:2:1;0:3:3;1:2:1;1:2:2,1,4,1,1,1,0,1,1,1,1,1,5,8,1
36227,0:2:1;0:3:3;1:2:1;1:2:2,1,5,1,1,1,0,1,1,1,1,1,5,8,1
36228,0:2:1;0:3:3;1:2:1;1:2:2,2,0,1,1,0,0,1,1,1,1,1,5,8,14
36229,0:2:1;0:3:3;1:2:1;1:2:2,2,1,1,1,0,0,1,1,1,1,1,5,8,4
36230,0:2:1;0:3:3;1:2:1;1:2:2,2,2,1,1,1,0,1,1,1,1,1,5,8,3
36231,0:2:1;0:3:3;1:2:1;1:2:2,2,3,1,1,1,0,1,1,1,1,1,5,8,3
36232,0:2:1;0:3:3;1:2:1;1:2:2,2,4,1,1,1,0,1,1,1,1,1,5,8,1
36233,0:2:1;0:3:3;1:2:1;1:2:2,2,5,1,1,1,0,1,1,1,1,1,5,8,1
36234,0:2:1;0:3:3;1:2:1;1:2:2,3,0,1,1,0,0,1,1,1,1,1,5,8,14
36235,0:2:1;0:3:3;1:2:1;1:2:2,3,1,1,1,1,0,1,1,1,1,1,5,8,4
36236,0:2:1;0:3:3;1:2:1;1:2:2,3,2,1,1,1,0,1,1,1,1,1,5,8,3
36237,0:2:1;0:3:3;1:2:1;1:2:2,3,3,1,1,1,0,1,1,1,1,1,5,8,3
36238,0:2:1;0:3:3;1:2:1;1:2:2,3,4,1,1,1,0,1,1,1,1,1,5,8,1
36239,0:2:1;0:3:3;1:2:1;1:2:2,3,5,1,1,1,0,1,1,1,1,1,5,8,1
36240,0:2:1;0:3:3;1:2:1;1:2:2,4,0,1,1,1,0,1,1,1,1,1,5,8,14
36241,0:2:1;0:3:3;1:2:1;1:2:2,4,1,1,1,1,0,1,1,1,1,1,5,8,4
36242,0:2:1;0:3:3;1:2:1;1:2:2,4,2,1,1,1,0,1,1,1,1,1,5,8,3
36243,0:2:1;0:3:3;1:2:1;1:2:2,4,3,1,1,1,0,1,1,1,1,1,5,8,3
36244,0:2:1;0:3:3;1:2:1;1:2:2,4,4,1,1,1,0,1,1,1,1,1,5,8,1
36245,0:2:1;0:3:3;1:2:1;1:2:2,4,5,1,1,1,0,1,1,1,1,1,5,8,1
36246,0:2:1;0:3:3;1:2:1;1:2:2,5,0,1,1,1,0,1,1,1,1,1,5,8,14
36247,0:2:1;0:3:3;1:2:1;1:2:2,5,1,1,1,1,0,1,1,1,1,1,5,8,4
36248,0:2:1;0:3:3;1:2:1;1:2:2,5,2,1,1,1,0,1,1,1,1,1,5,8,3
36249,0:2:1;0:3:3;1:2:1;1:2:2,5,3,1,1,1,0,1,1,1,1,1,5,8,3
36250,0:2:1;0:3:3;1:2:1;1:2:2,5,4,1,1,1,0,1,1,1,1,1,5,8,1
36251,0:2:1;0:3:3;1:2:1;1:2:2,5,5,1,1,1,0,1,1,1,1,1,5,8,1
36252,0:2:1;0:3:3;1:2:1;1:3:2,0,0,1,0,0,1,0,0,0,0,0,1,1,24
36253,0:2:1;0:3:3;1:2:1;1:3:2,0,1,1,1,0,1,0,0,1,0,1,6,14,5
36254,0:2:1;0:3:3;1:2:1;1:3:2,0,2,1,1,0,0,1,1,1,1,1,5,8,3
36255,0:2:1;0:3:3;1:2:1;1:3:2,0,3,1,1,0,0,1,1,1,1,1,5,8,3
36256,0:2:1;0:3:3;1:2:1;1:3:2,0,4,1,1,1,0,1,1,1,1,1,5,8,1
36257,0:2:1;0:3:3;1:2:1;1:3:2,0,5,1,1,1,0,1,1,1,1,1,5,8,1
36258,0:2:1;0:3:3;1:2:1;1:3:2,1,0,1,1,0,0,1,1,1,1,1,5,8,14
36259,0:2:1;0:3:3;1:2:1;1:3:2,1,1,1,1,0,0,1,1,1,1,1,5,8,4
36260,0:2:1;0:3:3;1:2:1;1:3:2,1,2,1,1,0,0,1,1,1,1,1,5,8,3
36261,0:2:1;0:3:3;1:2:1;1:3:2,1,3,1,1,1,0,1,1,1,1,1,5,8,3
36262,0:2:1;0:3:3;1:2:1;1:3:2,1,4,1,1,1,0,1,1,1,1,1,5,8,1
36263,0:2:1;0:3:3;1:2:1;1:3:2,1,5,1,1,1,0,1,1,1,1,1,5,8,1
36264,0:2:1;0:3:3;1:2:1;1:3:2,2,0,1,1,0,0,1,1,1,1,1,5,8,14
36265,0:2:1;0:3:3;1:2:1;1:3:2,2,1,1,1,0,0,1,1,1,1,1,5,8,4
36266,0:2:1;0:3:3;1:2:1;1:3:2,2,2,1,1,1,0,1,1,1,1,1,5,8,3
36267,0:2:1;0:3:3;1:2:1;1:3:2,2,3,1,1,1,0,1,1,1,1,1,5,8,3
36268,0:2:1;0:3:3;1:2:1;1:3:2,2,4,1,1,1,0,1,1,1,1,1,5,8,1
36269,0:2:1;0:3:3;1:2:1;1:3:2,2,5,1,1,1,0,1,1,1,1,1,5,8,1
36270,0:2:1;0:3:3;1:2:1;1:3:2,3,0,1,1,0,0,1,1,1,1,1,5,8,14
36271,0:2:1;0:3:3;1:2:1;1:3:2,3,1,1,1,1,0,1,1,1,1,1,5,8,4
36272,0:2:1;0:3:3;1:2:1;1:3:2,3,2,1,1,1,0,1,1,1,1,1,5,8,3
36273,0:2:1;0:3:3;1:2:1;1:3:2,3,3,1,1,1,0,1,1,1,1,1,5,8,3
36274,0:2:1;0:3:3;1:2:1;1:3:2,3,4,1,1,1,0,1,1,1,1,1,5,8,1
36275,0:2:1;0:3:3;1:2:1;1:3:2,3,5,1,1,1,0,1,1,1,1,1,5,8,1
36276,0:2:1;0:3:3;1:2:1;1:3:2,4,0,1,1,1,0,1,1,1,1,1,5,8,14
36277,0:2:1;0:3:3;1:2:1;1:3:2,4,1,1,1,1,0,1,1,1,1,1,5,8,4
36278,0:2:1;0:3:3;1:2:1;1:3:2,4,2,1,1,1,0,1,1,1,1,1,5,8,3
36279,0:2:1;0:3:3;1:2:1;1:3:2,4,3,1,1,1,0,1,1,1,1,1,5,8,3
36280,0:2:1;0:3:3;1:2:1;1:3:2,4,4,1,1,1,0,1,1,1,1,1,5,8,1
36281,0:2:1;0:3:3;1:2:1;1:3:2,4,5,1,1,1,0,1,1,1,1,1,5,8,1
36282,0:2:1;0:3:3;1:2:1;1:3:2,5,0,1,1,1,0,1,1,1,1,1,5,8,14
36283,0:2:1;0:3:3;1:2:1;1:3:2,5,1,1,1,1,0,1,1,1,1,1,5,8,4
36284,0:2:1;0:3:3;1:2:1;1:3:2,5,2,1,1,1,0,1,1,1,1,1,5,8,3
36285,0:2:1;0:3:3;1:2:1;1:3:2,5,3,1,1,1,0,1,1,1,1,1,5,8,3
36286,0:2:1;0:3:3;1:2:1;1:3:2,5,4,1,1,1,0,1,1,1,1,1,5,8,1
36287,0:2:1;0:3:3;1:2:1;1:3:2,5,5,1,1,1,0,1,1,1,1,1,5,8,1
36288,0:2:1;0:3:3;1:2:1;1:3:3,0,0,1,0,0,1,0,0,0,0,0,1,1,24
36289,0:2:1;0:3:3;1:2:1;1:3:3,0,1,1,0,0,1,0,0,0,0,0,3,11,24
36290,0:2:1;0:3:3;1:2:1;1:3:3,0,2,1,1,0,0,1,1,1,1,1,5,9,3
36291,0:2:1;0:3:3;1:2:1;1:3:3,0,3,1,1,0,0,1,1,1,1,1,5,9,3
36292,0:2:1;0:3:3;1:2:1;1:3:3,0,4,1,1,0,0,1,1,1,1,1,5,9,1
36293,0:2:1;0:3:3;1:2:1;1:3:3,0,5,1,1,1,0,1,1,1,1,1,5,9,1
36294,0:2:1;0:3:3;1:2:1;1:3:3,1,0,1,0,0,1,0,0,0,0,0,3,11,24
36295,0:2:1;0:3:3;1:2:1;1:3:3,1,1,1,1,0,1,0,0,1,0,1,6,18,5
36296,0:2:1;0:3:3;1:2:1;1:3:3,1,2,1,1,0,0,1,1,1,1,1,5,9,3
36297,0:2:1;0:3:3;1:2:1;1:3:3,1,3,1,1,0,0,1,1,1,1,1,5,9,3
36298,0:2:1;0:3:3;1:2:1;1:3:3,1,4,1,1,1,0,1,1,1,1,1,5,9,1
36299,0:2:1;0:3:3;1:2:1;1:3:3,1,5,1,1,1,0,1,1,1,1,1,5,9,1
36300,0:2:1;0:3:3;1:2:1;1:3:3,2,0,1,1,0,0,1,1,1,1,1,5,9,14
36301,0:2:1;0:3:3;1:2:1;1:3:3,2,1,1,1,0,0,1,1,1,1,1,5,9,4
36302,0:2:1;0:3:3;1:2:1;1:3:3,2,2,1,1,0,0,1,1,1,1,1,5,9,3
36303,0:2:1;0:3:3;1:2:1;1:3:3,2,3,1,1,1,0,1,1,1,1,1,5,9,3
36304,0:2:1;0:3:3;1:2:1;1:3:3,2,4,1,1,1,0,1,1,1,1,1,5,9,1
36305,0:2:1;0:3:3;1:2:1;1:3:3,2,5,1,1,1,0,1,1,1,1,1,5,9,1
36306,0:2:1;0:3:3;1:2:1;1:3:3,3,0,1,1,0,0,1,1,1,1,1,5,9,14
36307,0:2:1;0:3:3;1:2:1;1:3:3,3,1,1,1,0,0,1,1,1,1,1,5,9,4
36308,0:2:1;0:3:3;1:2:1;1:3:3,3,2,1,1,1,0,1,1,1,1,1,5,9,3
36309,0:2:1;0:3:3;1:2:1;1:3:3,3,3,1,1,1,0,1,1,1,1,1,5,9,3
36310,0:2:1;0:3:3;1:2:1;1:3:3,3,4,1,1,1,0,1,1,1,1,1,5,9,1
36311,0:2:1;0:3:3;1:2:1;1:3:3,3,5,1,1,1,0,1,1,1,1,1,5,9,1
36312,0:2:1;0:3:3;1:2:1;1:3:3,4,0,1,1,0,0,1,1,1,1,1,5,9,14
36313,0:2:1;0:3:3;1:2:1;1:3:3,4,1,1,1,1,0,1,1,1,1,1,5,9,4
36314,0:2:1;0:3:3;1:2:1;1:3:3,4,2,1,1,1,0,1,1,1,1,1,5,9,3
36315,0:2:1;0:3:3;1:2:1;1:3:3,4,3,1,1,1,0,1,1,1,1,1,5,9,3
36316,0:2:1;0:3:3;1:2:1;1:3:3,4,4,1,1,1,0,1,1,1,1,1,5,9,1
36317,0:2:1;0:3:3;1:2:1;1:3:3,4,5,1,1,1,0,1,1,1,1,1,5,9,1
36318,0:2:1;0:3:3;1:2:1;1:3:3,5,0,1,1,1,0,1,1,1,1,1,5,9,14
36319,0:2:1;0:3:3;1:2:1;1:3:3,5,1,1,1,1,0,1,1,1,1,1,5,9,4
36320,0:2:1;0:3:3;1:2:1;1:3:3,5,2,1,1,1,0,1,1,1,1,1,5,9,3
36321,0:2:1;0:3:3;1:2:1;1:3:3,5,3,1,1,1,0,1,1,1,1,1,5,9,3
36322,0:2:1;0:3:3;1:2:1;1:3:3,5,4,1,1,1,0,1,1,1,1,1,5,9,1
36323,0:2:1;0:3:3;1:2:1;1:3:3,5,5,1,1,1,0,1,1,1,1,1,5,9,1
36324,0:2:1;0:3:3;1:2:1;1:4:3,0,0,1,0,0,1,0,0,0,0,0,1,1,24
36325,0:2:1;0:3:3;1:2:1;1:4:3,0,1,1,0,0,1,0,0,0,0,0,3,11,24
36326,0:2:1;0:3:3;1:2:1;1:4:3,0,2,1,1,0,0,1,1,1,1,1,5,9,3
36327,0:2:1;0:3:3;1:2:1;1:4:3,0,3,1,1,0,0,1,1,1,1,1,5,9,3
36328,0:2:1;0:3:3;1:2:1;1:4:3,0,4,1,1,0,0,1,1,1,1,1,5,9,1
36329,0:2:1;0:3:3;1:2:1;1:4:3,0,5,1,1,1,0,1,1,1,1,1,5,9,1
36330,0:2:1;0:3:3;1:2:1;1:4:3,1,0,1,0,0,1,0,0,0,0,0,3,11,24
36331,0:2:1;0:3:3;1:2:1;1:4:3,1,1,1,1,0,1,0,0,1,0,1,6,18,5
36332,0:2:1;0:3:3;1:2:1;1:4:3,1,2,1,1,0,0,1,1,1,1,1,5,9,3
36333,0:2:1;0:3:3;1:2:1;1:4:3,1,3,1,1,0,0,1,1,1,1,1,5,9,3
36334,0:2:1;0:3:3;1:2:1;1:4:3,1,4,1,1,1,0,1,1,1,1,1,5,9,1
36335,0:2:1;0:3:3;1:2:1;1:4:3,1,5,1,1,1,0,1,1,1,1,1,5,9,1
36336,0:2:1;0:3:3;1:2:1;1:4:3,2,0,1,1,0,0,1,1,1,1,1,5,9,14
36337,0:2:1;0:3:3;1:2:1;1:4:3,2,1,1,1,0,0,1,1,1,1,1,5,9,4
36338,0:2:1;0:3:3;1:2:1;1:4:3,2,2,1,1,0,0,1,1,1,1,1,5,9,3
36339,0:2:1;0:3:3;1:2:1;1:4:3,2,3,1,1,1,0,1,1,1,1,1,5,9,3
36340,0:2:1;0:3:3;1:2:1;1:4:3,2,4,1,1,1,0,1,1,1,1,1,5,9,1
36341,0:2:1;0:3:3;1:2:1;1:4:3,2,5,1,1,1,0,1,1,1,1,1,5,9,1
36342,0:2:1;0:3:3;1:2:1;1:4:3,3,0,1,1,0,0,1,1,1,1,1,5,9,14
36343,0:2:1;0:3:3;1:2:1;1:4:3,3,1,1,1,0,0,1,1,1,1,1,5,9,4
36344,0:2:1;0:3:3;1:2:1;1:4:3,3,2,1,1,1,0,1,1,1,1,1,5,9,3
36345,0:2:1;0:3:3;1:2:1;1:4:3,3,3,1,1,1,0,1,1,1,1,1,5,9,3
36346,0:2:1;0:3:3;1:2:1;1:4:3,3,4,1,1,1,0,1,1,1,1,1,5,9,1
36347,0:2:1;0:3:3;1:2:1;1:4:3,3,5,1,1,1,0,1,1,1,1,1,5,9,1
36348,0:2:1;0:3:3;1:2:1;1:4:3,4,0,1,1,0,0,1,1,1,1,1,5,9,14
36349,0:2:1;0:3:3;1:2:1;1:4:3,4,1,1,1,1,0,1,1,1,1,1,5,9,4
36350,0:2:1;0:3:3;1:2:1;1:4:3,4,2,1,1,1,0,1,1,1,1,1,5,9,3
36351,0:2:1;0:3:3;1:2:1;1:4:3,4,3,1,1,1,0,1,1,1,1,1,5,9,3
36352,0:2:1;0:3:3;1:2:1;1:4:3,4,4,1,1,1,0,1,1,1,1,1,5,9,1
36353,0:2:1;0:3:3;1:2:1;1:4:3,4,5,1,1,1,0,1,1,1,1,1,5,9,1
36354,0:2:1;0:3:3;1:2:1;1:4:3,5,0,1,1,1,0,1,1,1,1,1,5,9,14
36355,0:2:1;0:3:3;1:2:1;1:4:3,5,1,1,1,1,0,1,1,1,1,1,5,9,4
36356,0:2:1;0:3:3;1:2:1;1:4:3,5,2,1,1,1,0,1,1,1,1,1,5,9,3
36357,0:2:1;0:3:3;1:2:1;1:4:3,5,3,1,1,1,0,1,1,1,1,1,5,9,3
36358,0:2:1;0:3:3;1:2:1;1:4:3,5,4,1,1,1,0,1,1,1,1,1,5,9,1
36359,0:2:1;0:3:3;1:2:1;1:4:3,5,5,1,1,1,0,1,1,1,1,1,5,9,1
36360,0:2:1;0:3:3;1:2:2;1:2:2,0,0,1,0,0,1,0,0,0,0,0,1,1,24
36361,0:2:1;0:3:3;1:2:2;1:2:2,0,1,1,0,0,1,0,0,0,0,0,4,12,24
36362,0:2:1;0:3:3;1:2:2;1:2:2,0,2,1,1,0,0,1,1,1,1,1,5,9,3
36363,0:2:1;0:3:3;1:2:2;1:2:2,0,3,1,1,0,0,1,1,1,1,1,5,9,3
36364,0:2:1;0:3:3;1:2:2;1:2:2,0,4,1,1,1,0,1,1,1,1,1,5,9,1
36365,0:2:1;0:3:3;1:2:2;1:2:2,0,5,1,1,1,0,1,1,1,1,1,5,9,1
36366,0:2:1;0:3:3;1:2:2;1:2:2,1,0,1,0,0,1,0,0,0,0,0,1,3,24
36367,0:2:1;0:3:3;1:2:2;1:2:2,1,1,1,0,0,1,0,0,0,0,0,4,22,24
36368,0:2:1;0:3:3;1:2:2;1:2:2,1,2,1,1,0,0,1,1,1,1,1,5,9,3
36369,0:2:1;0:3:3;1:2:2;1:2:2,1,3,1,1,1,0,1,1,1,1,1,5,9,3
36370,0:2:1;0:3:3;1:2:2;1:2:2,1,4,1,1,1,0,1,1,1,1,1,5,9,1
36371,0:2:1;0:3:3;1:2:2;1:2:2,1,5,1,1,1,0,1,1,1,1,1,5,9,1
36372,0:2:1;0:3:3;1:2:2;1:2:2,2,0,1,1,0,0,1,1,1,1,1,5,9,14
36373,0:2:1;0:3:3;1:2:2;1:2:2,2,1,1,1,0,0,1,1,1,1,1,5,9,4
36374,0:2:1;0:3:3;1:2:2;1:2:2,2,2,1,1,1,0,1,1,1,1,1,5,9,3
36375,0:2:1;0:3:3;1:2:2;1:2:2,2,3,1,1,1,0,1,1,1,1,1,5,9,3
36376,0:2:1;0:3:3;1:2:2;1:2:2,2,4,1,1,1,0,1,1,1,1,1,5,9,1
36377,0:2:1;0:3:3;1:2:2;1:2:2,2,5,1,1,1,0,1,1,1,1,1,5,9,1
36378,0:2:1;0:3:3;1:2:2;1:2:2,3,0,1,1,0,0,1,1,1,1,1,5,9,14
36379,0:2:1;0:3:3;1:2:2;1:2:2,3,1,1,1,1,0,1,1,1,1,1,5,9,4
36380,0:2:1;0:3:3;1:2:2;1:2:2,3,2,1,1,1,0,1,1,1,1,1,5,9,3
36381,0:2:1;0:3:3;1:2:2;1:2:2,3,3,1,1,1,0,1,1,1,1,1,5,9,3
36382,0:2:1;0:3:3;1:2:2;1:2:2,3,4,1,1,1,0,1,1,1,1,1,5,9,1
36383,0:2:1;0:3:3;1:2:2;1:2:2,3,5,1,1,1,0,1,1,1,1,1,5,9,1
36384,0:2:1;0:3:3;1:2:2;1:2:2,4,0,1,1,1,0,1,1,1,1,1,5,9,14
36385,0:2:1;0:3:3;1:2:2;1:2:2,4,1,1,1,1,0,1,1,1,1,1,5,9,4
36386,0:2:1;0:3:3;1:2:2;1:2:2,4,2,1,1,1,0,1,1,1,1,1,5,9,3
36387,0:2:1;0:3:3;1:2:2;1:2:2,4,3,1,1,1,0,1,1,1,1,1,5,9,3
36388,0:2:1;0:3:3;1:2:2;1:2:2,4,4,1,1,1,0,1,1,1,1,1,5,9,1
36389,0:2:1;0:3:3;1:2:2;1:2:2,4,5,1,1,1,0,1,1,1,1,1,5,9,1
36390,0:2:1;0:3:3;1:2:2;1:2:2,5,0,1,1,1,0,1,1,1,1,1,5,9,14
36391,0:2:1;0:3:3;1:2:2;1:2:2,5,1,1,1,1,0,1,1,1,1,1,5,9,4
36392,0:2:1;0:3:3;1:2:2;1:2:2,5,2,1,1,1,0,1,1,1,1,1,5,9,3
36393,0:2:1;0:3:3;1:2:2;1:2:2,5,3,1,1,1,0,1,1,1,1,1,5,9,3
36394,0:2:1;0:3:3;1:2:2;1:2:2,5,4,1,1,1,0,1,1,1,1,1,5,9,1
36395,0:2:1;0:3:3;1:2:2;1:2:2,5,5,1,1,1,0,1,1,1,1,1,5,9,1
36396,0:2:1;0:3:3;1:2:2;1:3:2,0,0,1,0,0,1,0,0,0,0,0,1,1,24
36397,0:2:1;0:3:3;1:2:2;1:3:2,0,1,1,1,0,1,0,0,0,1,1,6,14,5
36398,0:2:1;0:3:3;1:2:2;1:3:2,0,2,1,1,0,0,1,1,1,1,1,5,9,3
36399,0:2:1;0:3:3;1:2:2;1:3:2,0,3,1,1,0,0,1,1,1,1,1,5,9,3
36400,0:2:1;0:3:3;1:2:2;1:3:2,0,4,1,1,1,0,1,1,1,1,1,5,9,1
36401,0:2:1;0:3:3;1:2:2;1:3:2,0,5,1,1,1,0,1,1,1,1,1,5,9,1
36402,0:2:1;0:3:3;1:2:2;1:3:2,1,0,1,0,0,1,0,0,0,0,0,1,3,24
36403,0:2:1;0:3:3;1:2:2;1:3:2,1,1,1,1,0,1,0,0,0,1,1,6,15,5
36404,0:2:1;0:3:3;1:2:2;1:3:2,1,2,1,1,0,0,1,1,1,1,1,5,9,3
36405,0:2:1;0:3:3;1:2:2;1:3:2,1,3,1,1,1,0,1,1,1,1,1,5,9,3
36406,0:2:1;0:3:3;1:2:2;1:3:2,1,4,1,1,1,0,1,1,1,1,1,5,9,1
36407,0:2:1;0:3:3;1:2:2;1:3:2,1,5,1,1,1,0,1,1,1,1,1,5,9,1
36408,0:2:1;0:3:3;1:2:2;1:3:2,2,0,1,1,0,0,1,1,1,1,1,5,9,14
36409,0:2:1;0:3:3;1:2:2;1:3:2,2,1,1,1,0,0,1,1,1,1,1,5,9,4
36410,0:2:1;0:3:3;1:2:2;1:3:2,2,2,1,1,1,0,1,1,1,1,1,5,9,3
36411,0:2:1;0:3:3;1:2:2;1:3:2,2,3,1,1,1,0,1,1,1,1,1,5,9,3
36412,0:2:1;0:3:3;1:2:2;1:3:2,2,4,1,1,1,0,1,1,1,1,1,5,9,1
36413,0:2:1;0:3:3;1:2:2;1:3:2,2,5,1,1,1,0,1,1,1,1,1,5,9,1
36414,0:2:1;0:3:3;1:2:2;1:3:2,3,0,1,1,0,0,1,1,1,1,1,5,9,14
36415,0:2:1;0:3:3;1:2:2;1:3:2,3,1,1,1,1,0,1,1,1,1,1,5,9,4
36416,0:2:1;0:3:3;1:2:2;1:3:2,3,2,1,1,1,0,1,1,1,1,1,5,9,3
36417,0:2:1;0:3:3;1:2:2;1:3:2,3,3,1,1,1,0,1,1,1,1,1,5,9,3
36418,0:2:1;0:3:3;1:2:2;1:3:2,3,4,1,1,1,0,1,1,1,1,1,5,9,1
36419,0:2:1;0:3:3;1:2:2;1:3:2,3,5,1,1,1,0,1,1,1,1,1,5,9,1
36420,0:2:1;0:3:3;1:2:2;1:3:2,4,0,1,1,1,0,1,1,1,1,1,5,9,14
36421,0:2:1;0:3:3;1:2:2;1:3:2,4,1,1,1,1,0,1,1,1,1,1,5,9,4
36422,0:2:1;0:3:3;1:2:2;1:3:2,4,2,1,1,1,0,1,1,1,1,1,5,9,3
36423,0:2:1;0:3:3;1:2:2;1:3:2,4,3,1,1,1,0,1,1,1,1,1,5,9,3
36424,0:2:1;0:3:3;1:2:2;1:3:2,4,4,1,1,1,0,1,1,1,1,1,5,9,1
36425,0:2:1;0:3:3;1:2:2;1:3:2,4,5,1,1,1,0,1,1,1,1,1,5,9,1
36426,0:2:1;0:3:3;1:2:2;1:3:2,5,0,1,1,1,0,1,1,1,1,1,5,9,14
36427,0:2:1;0:3:3;1:2:2;1:3:2,5,1,1,1,1,0,1,1,1,1,1,5,9,4
36428,0:2:1;0:3:3;1:2:2;1:3:2,5,2,1,1,1,0,1,1,1,1,1,5,9,3
36429,0:2:1;0:3:3;1:2:2;1:3:2,5,3,1,1,1,0,1,1,1,1,1,5,9,3
36430,0:2:1;0:3:3;1:2:2;1:3:2,5,4,1,1,1,0,1,1,1,1,1,5,9,1
36431,0:2:1;0:3:3;1:2:2;1:3:2,5,5,1,1,1,0,1,1,1,1,1,5,9,1
36432,0:2:1;0:3:3;1:2:2;1:3:3,0,0,1,0,0,1,0,0,0,0,0,1,1,24
36433,0:2:1;0:3:3;1:2:2;1:3:3,0,1,1,0,0,1,0,0,0,0,0,3,10,24
36434,0:2:1;0:3:3;1:2:2;1:3:3,0,2,1,1,0,0,1,1,1,1,1,5,10,3
36435,0:2:1;0:3:3;1:2:2;1:3:3,0,3,1,1,0,0,1,1,1,1,1,5,10,3
36436,0:2:1;0:3:3;1:2:2;1:3:3,0,4,1,1,0,0,1,1,1,1,1,5,10,1
36437,0:2:1;0:3:3;1:2:2;1:3:3,0,5,1,1,1,0,1,1,1,1,1,5,10,1
36438,0:2:1;0:3:3;1:2:2;1:3:3,1,0,1,0,0,1,0,0,0,0,0,1,3,24
36439,0:2:1;0:3:3;1:2:2;1:3:3,1,1,1,1,0,1,0,0,1,0,1,6,19,5
36440,0:2:1;0:3:3;1:2:2;1:3:3,1,2,1,1,0,0,1,1,1,1,1,5,10,3
36441,0:2:1;0:3:3;1:2:2;1:3:3,1,3,1,1,0,0,1,1,1,1,1,5,10,3
36442,0:2:1;0:3:3;1:2:2;1:3:3,1,4,1,1,1,0,1,1,1,1,1,5,10,1
36443,0:2:1;0:3:3;1:2:2;1:3:3,1,5,1,1,1,0,1,1,1,1,1,5,10,1
36444,0:2:1;0:3:3;1:2:2;1:3:3,2,0,1,0,0,1,0,0,0,0,0,3,14,24
36445,0:2:1;0:3:3;1:2:2;1:3:3,2,1,1,1,0,1,0,0,1,0,1,6,19,5
36446,0:2:1;0:3:3;1:2:2;1:3:3,2,2,1,1,0,0,1,1,1,1,1,5,10,3
36447,0:2:1;0:3:3;1:2:2;1:3:3,2,3,1,1,1,0,1,1,1,1,1,5,10,3
36448,0:2:1;0:3:3;1:2:2;1:3:3,2,4,1,1,1,0,1,1,1,1,1,5,10,1
36449,0:2:1;0:3:3;1:2:2;1:3:3,2,5,1,1,1,0,1,1,1,1,1,5,10,1
36450,0:2:1;0:3:3;1:2:2;1:3:3,3,0,1,1,0,0,1,1,1,1,1,5,10,14
36451,0:2:1;0:3:3;1:2:2;1:3:3,3,1,1,1,0,0,1,1,1,1,1,5,10,4
36452,0:2:1;0:3:3;1:2:2;1:3:3,3,2,1,1,1,0,1,1,1,1,1,5,10,3
36453,0:2:1;0:3:3;1:2:2;1:3:3,3,3,1,1,1,0,1,1,1,1,1,5,10,3
36454,0:2:1;0:3:3;1:2:2;1:3:3,3,4,1,1,1,0,1,1,1,1,1,5,10,1
36455,0:2:1;0:3:3;1:2:2;1:3:3,3,5,1,1,1,0,1,1,1,1,1,5,10,1
36456,0:2:1;0:3:3;1:2:2;1:3:3,4,0,1,1,0,0,1,1,1,1,1,5,10,14
36457,0:2:1;0:3:3;1:2:2;1:3:3,4,1,1,1,1,0,1,1,1,1,1,5,10,4
36458,0:2:1;0:3:3;1:2:2;1:3:3,4,2,1,1,1,0,1,1,1,1,1,5,10,3
36459,0:2:1;0:3:3;1:2:2;1:3:3,4,3,1,1,1,0,1,1,1,1,1,5,10,3
36460,0:2:1;0:3:3;1:2:2;1:3:3,4,4,1,1,1,0,1,1,1,1,1,5,10,1
36461,0:2:1;0:3:3;1:2:2;1:3:3,4,5,1,1,1,0,1,1,1,1,1,5,10,1
36462,0:2:1;0:3:3;1:2:2;1:3:3,5,0,1,1,1,0,1,1,1,1,1,5,10,14
36463,0:2:1;0:3:3;1:2:2;1:3:3,5,1,1,1,1,0,1,1,1,1,1,5,10,4
36464,0:2:1;0:3:3;1:2:2;1:3:3,5,2,1,1,1,0,1,1,1,1,1,5,10,3
36465,0:2:1;0:3:3;1:2:2;1:3:3,5,3,1,1,1,0,1,1,1,1,1,5,10,3
36466,0:2:1;0:3:3;1:2:2;1:3:3,5,4,1,1,1,0,1,1,1,1,1,5,10,1
36467,0:2:1;0:3:3;1:2:2;1:3:3,5,5,1,1,1,0,1,1,1,1,1,5,10,1
36468,0:2:1;0:3:3;1:2:2;1:4:3,0,0,1,0,0,1,0,0,0,0,0,1,1,24
36469,0:2:1;0:3:3;1:2:2;1:4:3,0,1,1,0,0,1,0,0,0,0,0,3,10,24
36470,0:2:1;0:3:3;1:2:2;1:4:3,0,2,1,1,0,0,1,1,1,1,1,5,10,3
36471,0:2:1;0:3:3;1:2:2;1:4:3,0,3,1,1,0,0,1,1,1,1,1,5,10,3
36472,0:2:1;0:3:3;1:2:2;1:4:3,0,4,1,1,0,0,1,1,1,1,1,5,10,1
36473,0:2:1;0:3:3;1:2:2;1:4:3,0,5,1,1,1,0,1,1,1,1,1,5,10,1
36474,0:2:1;0:3:3;1:2:2;1:4:3,1,0,1,0,0,1,0,0,0,0,0,1,3,24
36475,0:2:1;0:3:3;1:2:2;1:4:3,1,1,1,1,0,1,0,0,1,1,1,6,19,5
36476,0:2:1;0:3:3;1:2:2;1:4:3,1,2,1,1,0,0,1,1,1,1,1,5,10,3
36477,0:2:1;0:3:3;1:2:2;1:4:3,1,3,1,1,0,0,1,1,1,1,1,5,10,3
36478,0:2:1;0:3:3;1:2:2;1:4:3,1,4,1,1,1,0,1,1,1,1,1,5,10,1
36479,0:2:1;0:3:3;1:2:2;1:4:3,1,5,1,1,1,0,1,1,1,1,1,5,10,1
36480,0:2:1;0:3:3;1:2:2;1:4:3,2,0,1,0,0,1,0,0,0,0,0,3,14,24
36481,0:2:1;0:3:3;1:2:2;1:4:3,2,1,1,1,0,1,0,0,1,1,1,6,19,5
36482,0:2:1;0:3:3;1:2:2;1:4:3,2,2,1,1,0,0,1,1,1,1,1,5,10,3
36483,0:2:1;0:3:3;1:2:2;1:4:3,2,3,1,1,1,0,1,1,1,1,1,5,10,3
36484,0:2:1;0:3:3;1:2:2;1:4:3,2,4,1,1,1,0,1,1,1,1,1,5,10,1
36485,0:2:1;0:3:3;1:2:2;1:4:3,2,5,1,1,1,0,1,1,1,1,1,5,10,1
36486,0:2:1;0:3:3;1:2:2;1:4:3,3,0,1,1,0,0,1,1,1,1,1,5,10,14
36487,0:2:1;0:3:3;1:2:2;1:4:3,3,1,1,1,0,0,1,1,1,1,1,5,10,4
36488,0:2:1;0:3:3;1:2:2;1:4:3,3,2,1,1,1,0,1,1,1,1,1,5,10,3
36489,0:2:1;0:3:3;1:2:2;1:4:3,3,3,1,1,1,0,1,1,1,1,1,5,10,3
36490,0:2:1;0:3:3;1:2:2;1:4:3,3,4,1,1,1,0,1,1,1,1,1,5,10,1
36491,0:2:1;0:3:3;1:2:2;1:4:3,3,5,1,1,1,0,1,1,1,1,1,5,10,1
36492,0:2:1;0:3:3;1:2:2;1:4:3,4,0,1,1,0,0,1,1,1,1,1,5,10,14
36493,0:2:1;0:3:3;1:2:2;1:4:3,4,1,1,1,1,0,1,1,1,1,1,5,10,4
36494,0:2:1;0:3:3;1:2:2;1:4:3,4,2,1,1,1,0,1,1,1,1,1,5,10,3
36495,0:2:1;0:3:3;1:2:2;1:4:3,4,3,1,1,1,0,1,1,1,1,1,5,10,3
36496,0:2:1;0:3:3;1:2:2;1:4:3,4,4,1,1,1,0,1,1,1,1,1,5,10,1
36497,0:2:1;0:3:3;1:2:2;1:4:3,4,5,1,1,1,0,1,1,1,1,1,5,10,1
36498,0:2:1;0:3:3;1:2:2;1:4:3,5,0,1,1,1,0,1,1,1,1,1,5,10,14
36499,0:2:1;0:3:3;1:2:2;1:4:3,5,1,1,1,1,0,1,1,1,1,1,5,10,4
36500,0:2:1;0:3:3;1:2:2;1:4:3,5,2,1,1,1,0,1,1,1,1,1,5,10,3
36501,0:2:1;0:3:3;1:2:2;1:4:3,5,3,1,1,1,0,1,1,1,1,1,5,10,3
36502,0:2:1;0:3:3;1:2:2;1:4:3,5,4,1,1,1,0,1,1,1,1,1,5,10,1
36503,0:2:1;0:3:3;1:2:2;1:4:3,5,5,1,1,1,0,1,1,1,1,1,5,10,1
36504,0:2:1;0:3:3;1:3:2;1:3:2,0,0,1,0,0,1,0,0,0,0,0,1,1,24
36505,0:2:1;0:3:3;1:3:2;1:3:2,0,1,1,1,0,0,1,1,1,1,1,5,9,3
36506,0:2:1;0:3:3;1:3:2;1:3:2,0,2,1,1,0,0,1,1,1,1,1,5,9,3
36507,0:2:1;0:3:3;1:3:2;1:3:2,0,3,1,1,0,0,1,1,1,1,1,5,9,3
36508,0:2:1;0:3:3;1:3:2;1:3:2,0,4,1,1,1,0,1,1,1,1,1,5,9,1
36509,0:2:1;0:3:3;1:3:2;1:3:2,0,5,1,1,1,0,1,1,1,1,1,5,9,1
36510,0:2:1;0:3:3;1:3:2;1:3:2,1,0,1,0,0,1,0,0,0,0,0,1,3,24
36511,0:2:1;0:3:3;1:3:2;1:3:2,1,1,1,1,0,0,1,1,1,1,1,5,9,3
36512,0:2:1;0:3:3;1:3:2;1:3:2,1,2,1,1,0,0,1,1,1,1,1,5,9,3
36513,0:2:1;0:3:3;1:3:2;1:3:2,1,3,1,1,1,0,1,1,1,1,1,5,9,3
36514,0:2:1;0:3:3;1:3:2;1:3:2,1,4,1,1,1,0,1,1,1,1,1,5,9,1
36515,0:2:1;0:3:3;1:3:2;1:3:2,1,5,1,1,1,0,1,1,1,1,1,5,9,1
36516,0:2:1;0:3:3;1:3:2;1:3:2,2,0,1,1,0,0,1,1,1,1,1,5,9,14
36517,0:2:1;0:3:3;1:3:2;1:3:2,2,1,1,1,0,0,1,1,1,1,1,5,9,3
36518,0:2:1;0:3:3;1:3:2;1:3:2,2,2,1,1,1,0,1,1,1,1,1,5,9,3
36519,0:2:1;0:3:3;1:3:2;1:3:2,2,3,1,1,1,0,1,1,1,1,1,5,9,3
36520,0:2:1;0:3:3;1:3:2;1:3:2,2,4,1,1,1,0,1,1,1,1,1,5,9,1
36521,0:2:1;0:3:3;1:3:2;1:3:2,2,5,1,1,1,0,1,1,1,1,1,5,9,1
36522,0:2:1;0:3:3;1:3:2;1:3:2,3,0,1,1,0,0,1,1,1,1,1,5,9,14
36523,0:2:1;0:3:3;1:3:2;1:3:2,3,1,1,1,1,0,1,1,1,1,1,5,9,3
36524,0:2:1;0:3:3;1:3:2;1:3:2,3,2,1,1,1,0,1,1,1,1,1,5,9,3
36525,0:2:1;0:3:3;1:3:2;1:3:2,3,3,1,1,1,0,1,1,1,1,1,5,9,3
36526,0:2:1;0:3:3;1:3:2;1:3:2,3,4,1,1,1,0,1,1,1,1,1,5,9,1
36527,0:2:1;0:3:3;1:3:2;1:3:2,3,5,1,1,1,0,1,1,1,1,1,5,9,1
36528,0:2:1;0:3:3;1:3:2;1:3:2,4,0,1,1,1,0,1,1,1,1,1,5,9,14
36529,0:2:1;0:3:3;1:3:2;1:3:2,4,1,1,1,1,0,1,1,1,1,1,5,9,3
36530,0:2:1;0:3:3;1:3:2;1:3:2,4,2,1,1,1,0,1,1,1,1,1,5,9,3
36531,0:2:1;0:3:3;1:3:2;1:3:2,4,3,1,1,1,0,1,1,1,1,1,5,9,3
36532,0:2:1;0:3:3;1:3:2;1:3:2,4,4,1,1,1,0,1,1,1,1,1,5,9,1
36533,0:2:1;0:3:3;1:3:2;1:3:2,4,5,1,1,1,0,1,1,1,1,1,5,9,1
36534,0:2:1;0:3:3;1:3:2;1:3:2,5,0,1,1,1,0,1,1,1,1,1,5,9,14
36535,0:2:1;0:3:3;1:3:2;1:3:2,5,1,1,1,1,0,1,1,1,1,1,5,9,3
36536,0:2:1;0:3:3;1:3:2;1:3:2,5,2,1,1,1,0,1,1,1,1,1,5,9,3
36537,0:2:1;0:3:3;1:3:2;1:3:2,5,3,1,1,1,0,1,1,1,1,1,5,9,3
36538,0:2:1;0:3:3;1:3:2;1:3:2,5,4,1,1,1,0,1,1,1,1,1,5,9,1
36539,0:2:1;0:3:3;1:3:2;1:3:2,5,5,1,1,1,0,1,1,1,1,1,5,9,1
36540,0:2:1;0:3:3;1:3:2;1:3:3,0,0,1,0,0,1,0,0,0,0,0,1,1,24
36541,0:2:1;0:3:3;1:3:2;1:3:3,0,1,1,1,0,0,1,1,1,1,1,5,10,3
36542,0:2:1;0:3:3;1:3:2;1:3:3,0,2,1,1,0,0,1,1,1,1,1,5,10,3
36543,0:2:1;0:3:3;1:3:2;1:3:3,0,3,1,1,0,0,1,1,1,1,1,5,10,3
36544,0:2:1;0:3:3;1:3:2;1:3:3,0,4,1,1,0,0,1,1,1,1,1,5,10,1
36545,0:2:1;0:3:3;1:3:2;1:3:3,0,5,1,1,1,0,1,1,1,1,1,5,10,1
36546,0:2:1;0:3:3;1:3:2;1:3:3,1,0,1,0,0,1,0,0,0,0,0,1,3,24
36547,0:2:1;0:3:3;1:3:2;1:3:3,1,1,1,1,0,0,1,1,1,1,1,5,10,3
36548,0:2:1;0:3:3;1:3:2;1:3:3,1,2,1,1,0,0,1,1,1,1,1,5,10,3
36549,0:2:1;0:3:3;1:3:2;1:3:3,1,3,1,1,0,0,1,1,1,1,1,5,10,3
36550,0:2:1;0:3:3;1:3:2;1:3:3,1,4,1,1,1,0,1,1,1,1,1,5,10,1
36551,0:2:1;0:3:3;1:3:2;1:3:3,1,5,1,1,1,0,1,1,1,1,1,5,10,1
36552,0:2:1;0:3:3;1:3:2;1:3:3,2,0,1,1,0,1,0,0,1,0,1,6,19,16
36553,0:2:1;0:3:3;1:3:2;1:3:3,2,1,1,1,0,0,1,1,1,1,1,5,10,3
36554,0:2:1;0:3:3;1:3:2;1:3:3,2,2,1,1,0,0,1,1,1,1,1,5,10,3
36555,0:2:1;0:3:3;1:3:2;1:3:3,2,3,1,1,1,0,1,1,1,1,1,5,10,3
36556,0:2:1;0:3:3;1:3:2;1:3:3,2,4,1,1,1,0,1,1,1,1,1,5,10,1
36557,0:2:1;0:3:3;1:3:2;1:3:3,2,5,1,1,1,0,1,1,1,1,1,5,10,1
36558,0:2:1;0:3:3;1:3:2;1:3:3,3,0,1,1,0,0,1,1,1,1,1,5,10,14
36559,0:2:1;0:3:3;1:3:2;1:3:3,3,1,1,1,0,0,1,1,1,1,1,5,10,3
36560,0:2:1;0:3:3;1:3:2;1:3:3,3,2,1,1,1,0,1,1,1,1,1,5,10,3
36561,0:2:1;0:3:3;1:3:2;1:3:3,3,3,1,1,1,0,1,1,1,1,1,5,10,3
36562,0:2:1;0:3:3;1:3:2;1:3:3,3,4,1,1,1,0,1,1,1,1,1,5,10,1
36563,0:2:1;0:3:3;1:3:2;1:3:3,3,5,1,1,1,0,1,1,1,1,1,5,10,1
36564,0:2:1;0:3:3;1:3:2;1:3:3,4,0,1,1,0,0,1,1,1,1,1,5,10,14
36565,0:2:1;0:3:3;1:3:2;1:3:3,4,1,1,1,1,0,1,1,1,1,1,5,10,3
36566,0:2:1;0:3:3;1:3:2;1:3:3,4,2,1,1,1,0,1,1,1,1,1,5,10,3
36567,0:2:1;0:3:3;1:3:2;1:3:3,4,3,1,1,1,0,1,1,1,1,1,5,10,3
36568,0:2:1;0:3:3;1:3:2;1:3:3,4,4,1,1,1,0,1,1,1,1,1,5,10,1
36569,0:2:1;0:3:3;1:3:2;1:3:3,4,5,1,1,1,0,1,1,1,1,1,5,10,1
36570,0:2:1;0:3:3;1:3:2;1:3:3,5,0,1,1,1,0,1,1,1,1,1,5,10,14
36571,0:2:1;0:3:3;1:3:2;1:3:3,5,1,1,1,1,0,1,1,1,1,1,5,10,3
36572,0:2:1;0:3:3;1:3:2;1:3:3,5,2,1,1,1,0,1,1,1,1,1,5,10,3
36573,0:2:1;0:3:3;1:3:2;1:3:3,5,3,1,1,1,0,1,1,1,1,1,5,10,3
36574,0:2:1;0:3:3;1:3:2;1:3:3,5,4,1,1,1,0,1,1,1,1,1,5,10,1
36575,0:2:1;0:3:3;1:3:2;1:3:3,5,5,1,1,1,0,1,1,1,1,1,5,10,1
36576,0:2:1;0:3:3;1:3:2;1:4:3,0,0,1,0,0,1,0,0,0,0,0,1,1,24
36577,0:2:1;0:3:3;1:3:2;1:4:3,0,1,1,1,0,0,1,1,1,1,1,5,10,3
36578,0:2:1;0:3:3;1:3:2;1:4:3,0,2,1,1,0,0,1,1,1,1,1,5,10,3
36579,0:2:1;0:3:3;1:3:2;1:4:3,0,3,1,1,0,0,1,1,1,1,1,5,10,3
36580,0:2:1;0:3:3;1:3:2;1:4:3,0,4,1,1,0,0,1,1,1,1,1,5,10,1
36581,0:2:1;0:3:3;1:3:2;1:4:3,0,5,1,1,1,0,1,1,1,1,1,5,10,1
36582,0:2:1;0:3:3;1:3:2;1:4:3,1,0,1,0,0,1,0,0,0,0,0,1,3,24
36583,0:2:1;0:3:3;1:3:2;1:4:3,1,1,1,1,0,0,1,1,1,1,1,5,10,3
36584,0:2:1;0:3:3;1:3:2;1:4:3,1,2,1,1,0,0,1,1,1,1,1,5,10,3
36585,0:2:1;0:3:3;1:3:2;1:4:3,1,3,1,1,0,0,1,1,1,1,1,5,10,3
36586,0:2:1;0:3:3;1:3:2;1:4:3,1,4,1,1,1,0,1,1,1,1,1,5,10,1
36587,0:2:1;0:3:3;1:3:2;1:4:3,1,5,1,1,1,0,1,1,1,1,1,5,10,1
36588,0:2:1;0:3:3;1:3:2;1:4:3,2,0,1,1,0,1,0,0,1,0,1,6,19,16
36589,0:2:1;0:3:3;1:3:2;1:4:3,2,1,1,1,0,0,1,1,1,1,1,5,10,3
36590,0:2:1;0:3:3;1:3:2;1:4:3,2,2,1,1,0,0,1,1,1,1,1,5,10,3
36591,0:2:1;0:3:3;1:3:2;1:4:3,2,3,1,1,1,0,1,1,1,1,1,5,10,3
36592,0:2:1;0:3:3;1:3:2;1:4:3,2,4,1,1,1,0,1,1,1,1,1,5,10,1
36593,0:2:1;0:3:3;1:3:2;1:4:3,2,5,1,1,1,0,1,1,1,1,1,5,10,1
36594,0:2:1;0:3:3;1:3:2;1:4:3,3,0,1,1,0,0,1,1,1,1,1,5,10,14
36595,0:2:1;0:3:3;1:3:2;1:4:3,3,1,1,1,0,0,1,1,1,1,1,5,10,3
36596,0:2:1;0:3:3;1:3:2;1:4:3,3,2,1,1,1,0,1,1,1,1,1,5,10,3
36597,0:2:1;0:3:3;1:3:2;1:4:3,3,3,1,1,1,0,1,1,1,1,1,5,10,3
36598,0:2:1;0:3:3;1:3:2;1:4:3,3,4,1,1,1,0,1,1,1,1,1,5,10,1
36599,0:2:1;0:3:3;1:3:2;1:4:3,3,5,1,1,1,0,1,1,1,1,1,5,10,1
36600,0:2:1;0:3:3;1:3:2;1:4:3,4,0,1,1,0,0,1,1,1,1,1,5,10,14
36601,0:2:1;0:3:3;1:3:2;1:4:3,4,1,1,1,1,0,1,1,1,1,1,5,10,3
36602,0:2:1;0:3:3;1:3:2;1:4:3,4,2,1,1,1,0,1,1,1,1,1,5,10,3
36603,0:2:1;0:3:3;1:3:2;1:4:3,4,3,1,1,1,0,1,1,1,1,1,5,10,3
36604,0:2:1;0:3:3;1:3:2;1:4:3,4,4,1,1,1,0,1,1,1,1,1,5,10,1
36605,0:2:1;0:3:3;1:3:2;1:4:3,4,5,1,1,1,0,1,1,1,1,1,5,10,1
36606,0:2:1;0:3:3;1:3:2;1:4:3,5,0,1,1,1,0,1,1,1,1,1,5,10,14
36607,0:2:1;0:3:3;1:3:2;1:4:3,5,1,1,1,1,0,1,1,1,1,1,5,10,3
36608,0:2:1;0:3:3;1:3:2;1:4:3,5,2,1,1,1,0,1,1,1,1,1,5,10,3
36609,0:2:1;0:3:3;1:3:2;1:4:3,5,3,1,1,1,0,1,1,1,1,1,5,10,3
36610,0:2:1;0:3:3;1:3:2;1:4:3,5,4,1,1,1,0,1,1,1,1,1,5,10,1
36611,0:2:1;0:3:3;1:3:2;1:4:3,5,5,1,1,1,0,1,1,1,1,1,5,10,1
36612,0:2:1;0:3:3;1:3:3;1:3:3,0,0,0,0,0,1,0,0,0,0,0,0,1,24
36613,0:2:1;0:3:3;1:3:3;1:3:3,0,1,0,0,0,1,0,0,0,0,0,0,8,24
36614,0:2:1;0:3:3;1:3:3;1:3:3,0,2,0,0,0,1,0,0,0,0,0,0,15,24
36615,0:2:1;0:3:3;1:3:3;1:3:3,0,3,0,0,0,1,0,0,0,0,0,0,37,24
36616,0:2:1;0:3:3;1:3:3;1:3:3,0,4,0,0,0,1,0,0,0,0,0,0,46,24
36617,0:2:1;0:3:3;1:3:3;1:3:3,0,5,0,0,0,1,0,0,0,0,0,0,46,24
36618,0:2:1;0:3:3;1:3:3;1:3:3,1,0,1,0,0,1,0,0,0,0,0,1,3,24
36619,0:2:1;0:3:3;1:3:3;1:3:3,1,1,1,1,0,0,1,1,1,1,1,5,11,3
36620,0:2:1;0:3:3;1:3:3;1:3:3,1,2,1,1,0,0,1,1,1,1,1,5,11,3
36621,0:2:1;0:3:3;1:3:3;1:3:3,1,3,1,1,0,0,1,1,1,1,1,5,11,3
36622,0:2:1;0:3:3;1:3:3;1:3:3,1,4,1,1,1,0,1,1,1,1,1,5,11,1
36623,0:2:1;0:3:3;1:3:3;1:3:3,1,5,1,1,1,0,1,1,1,1,1,5,11,1
36624,0:2:1;0:3:3;1:3:3;1:3:3,2,0,1,0,0,1,0,0,0,0,0,1,6,24
36625,0:2:1;0:3:3;1:3:3;1:3:3,2,1,1,1,0,0,1,1,1,1,1,5,11,3
36626,0:2:1;0:3:3;1:3:3;1:3:3,2,2,1,1,0,0,1,1,1,1,1,5,11,3
36627,0:2:1;0:3:3;1:3:3;1:3:3,2,3,1,1,1,0,1,1,1,1,1,5,11,3
36628,0:2:1;0:3:3;1:3:3;1:3:3,2,4,1,1,1,0,1,1,1,1,1,5,11,1
36629,0:2:1;0:3:3;1:3:3;1:3:3,2,5,1,1,1,0,1,1,1,1,1,5,11,1
36630,0:2:1;0:3:3;1:3:3;1:3:3,3,0,1,1,0,1,0,0,1,0,1,6,20,16
36631,0:2:1;0:3:3;1:3:3;1:3:3,3,1,1,1,0,0,1,1,1,1,1,5,11,3
36632,0:2:1;0:3:3;1:3:3;1:3:3,3,2,1,1,1,0,1,1,1,1,1,5,11,3
36633,0:2:1;0:3:3;1:3:3;1:3:3,3,3,1,1,1,0,1,1,1,1,1,5,11,3
36634,0:2:1;0:3:3;1:3:3;1:3:3,3,4,1,1,1,0,1,1,1,1,1,5,11,1
36635,0:2:1;0:3:3;1:3:3;1:3:3,3,5,1,1,1,0,1,1,1,1,1,5,11,1
36636,0:2:1;0:3:3;1:3:3;1:3:3,4,0,1,1,0,0,1,1,1,1,1,5,11,14
36637,0:2:1;0:3:3;1:3:3;1:3:3,4,1,1,1,1,0,1,1,1,1,1,5,11,3
36638,0:2:1;0:3:3;1:3:3;1:3:3,4,2,1,1,1,0,1,1,1,1,1,5,11,3
36639,0:2:1;0:3:3;1:3:3;1:3:3,4,3,1,1,1,0,1,1,1,1,1,5,11,3
36640,0:2:1;0:3:3;1:3:3;1:3:3,4,4,1,1,1,0,1,1,1,1,1,5,11,1
36641,0:2:1;0:3:3;1:3:3;1:3:3,4,5,1,1,1,0,1,1,1,1,1,5,11,1
36642,0:2:1;0:3:3;1:3:3;1:3:3,5,0,1,1,1,0,1,1,1,1,1,5,11,14
36643,0:2:1;0:3:3;1:3:3;1:3:3,5,1,1,1,1,0,1,1,1,1,1,5,11,3
36644,0:2:1;0:3:3;1:3:3;1:3:3,5,2,1,1,1,0,1,1,1,1,1,5,11,3
36645,0:2:1;0:3:3;1:3:3;1:3:3,5,3,1,1,1,0,1,1,1,1,1,5,11,3
36646,0:2:1;0:3:3;1:3:3;1:3:3,5,4,1,1,1,0,1,1,1,1,1,5,11,1
36647,0:2:1;0:3:3;1:3:3;1:3:3,5,5,1,1,1,0,1,1,1,1,1,5,11,1
36648,0:2:1;0:3:3;1:3:3;1:4:3,0,0,0,0,0,1,0,0,0,0,0,0,1,24
36649,0:2:1;0:3:3;1:3:3;1:4:3,0,1,0,0,0,1,0,0,0,0,0,0,8,24
36650,0:2:1;0:3:3;1:3:3;1:4:3,0,2,0,0,0,1,0,0,0,0,0,0,15,24
36651,0:2:1;0:3:3;1:3:3;1:4:3,0,3,0,0,0,1,0,0,0,0,0,0,37,24
36652,0:2:1;0:3:3;1:3:3;1:4:3,0,4,0,0,0,1,0,0,0,0,0,0,46,24
36653,0:2:1;0:3:3;1:3:3;1:4:3,0,5,0,0,0,1,0,0,0,0,0,0,46,24
36654,0:2:1;0:3:3;1:3:3;1:4:3,1,0,1,0,0,1,0,0,0,0,0,1,3,24
36655,0:2:1;0:3:3;1:3:3;1:4:3,1,1,1,1,0,0,1,1,1,1,1,5,11,3
36656,0:2:1;0:3:3;1:3:3;1:4:3,1,2,1,1,0,0,1,1,1,1,1,5,11,3
36657,0:2:1;0:3:3;1:3:3;1:4:3,1,3,1,1,0,0,1,1,1,1,1,5,11,3
36658,0:2:1;0:3:3;1:3:3;1:4:3,1,4,1,1,1,0,1,1,1,1,1,5,11,1
36659,0:2:1;0:3:3;1:3:3;1:4:3,1,5,1,1,1,0,1,1,1,1,1,5,11,1
36660,0:2:1;0:3:3;1:3:3;1:4:3,2,0,1,0,0,1,0,0,0,0,0,1,6,24
36661,0:2:1;0:3:3;1:3:3;1:4:3,2,1,1,1,0,0,1,1,1,1,1,5,11,3
36662,0:2:1;0:3:3;1:3:3;1:4:3,2,2,1,1,0,0,1,1,1,1,1,5,11,3
36663,0:2:1;0:3:3;1:3:3;1:4:3,2,3,1,1,1,0,1,1,1,1,1,5,11,3
36664,0:2:1;0:3:3;1:3:3;1:4:3,2,4,1,1,1,0,1,1,1,1,1,5,11,1
36665,0:2:1;0:3:3;1:3:3;1:4:3,2,5,1,1,1,0,1,1,1,1,1,5,11,1
36666,0:2:1;0:3:3;1:3:3;1:4:3,3,0,1,1,0,1,0,0,1,1,1,6,20,16
36667,0:2:1;0:3:3;1:3:3;1:4:3,3,1,1,1,0,0,1,1,1,1,1,5,11,3
36668,0:2:1;0:3:3;1:3:3;1:4:3,3,2,1,1,1,0,1,1,1,1,1,5,11,3
36669,0:2:1;0:3:3;1:3:3;1:4:3,3,3,1,1,1,0,1,1,1,1,1,5,11,3
36670,0:2:1;0:3:3;1:3:3;1:4:3,3,4,1,1,1,0,1,1,1,1,1,5,11,1
36671,0:2:1;0:3:3;1:3:3;1:4:3,3,5,1,1,1,0,1,1,1,1,1,5,11,1
36672,0:2:1;0:3:3;1:3:3;1:4:3,4,0,1,1,0,0,1,1,1,1,1,5,11,14
36673,0:2:1;0:3:3;1:3:3;1:4:3,4,1,1,1,1,0,1,1,1,1,1,5,11,3
36674,0:2:1;0:3:3;1:3:3;1:4:3,4,2,1,1,1,0,1,1,1,1,1,5,11,3
36675,0:2:1;0:3:3;1:3:3;1:4:3,4,3,1,1,1,0,1,1,1,1,1,5,11,3
36676,0:2:1;0:3:3;1:3:3;1:4:3,4,4,1,1,1,0,1,1,1,1,1,5,11,1
36677,0:2:1;0:3:3;1:3:3;1:4:3,4,5,1,1,1,0,1,1,1,1,1,5,11,1
36678,0:2:1;0:3:3;1:3:3;1:4:3,5,0,1,1,1,0,1,1,1,1,1,5,11,14
36679,0:2:1;0:3:3;1:3:3;1:4:3,5,1,1,1,1,0,1,1,1,1,1,5,11,3
36680,0:2:1;0:3:3;1:3:3;1:4:3,5,2,1,1,1,0,1,1,1,1,1,5,11,3
36681,0:2:1;0:3:3;1:3:3;1:4:3,5,3,1,1,1,0,1,1,1,1,1,5,11,3
36682,0:2:1;0:3:3;1:3:3;1:4:3,5,4,1,1,1,0,1,1,1,1,1,5,11,1
36683,0:2:1;0:3:3;1:3:3;1:4:3,5,5,1,1,1,0,1,1,1,1,1,5,11,1
36684,0:2:1;0:3:3;1:4:3;1:4:3,0,0,0,0,0,1,0,0,0,0,0,0,1,24
36685,0:2:1;0:3:3;1:4:3;1:4:3,0,1,0,0,0,1,0,0,0,0,0,0,8,24
36686,0:2:1;0:3:3;1:4:3;1:4:3,0,2,0,0,0,1,0,0,0,0,0,0,15,24
36687,0:2:1;0:3:3;1:4:3;1:4:3,0,3,0,0,0,1,0,0,0,0,0,0,37,24
36688,0:2:1;0:3:3;1:4:3;1:4:3,0,4,0,0,0,1,0,0,0,0,0,0,46,24
36689,0:2:1;0:3:3;1:4:3;1:4:3,0,5,0,0,0,1,0,0,0,0,0,0,46,24
36690,0:2:1;0:3:3;1:4:3;1:4:3,1,0,1,0,0,1,0,0,0,0,0,1,3,24
36691,0:2:1;0:3:3;1:4:3;1:4:3,1,1,1,1,0,0,1,1,1,1,1,5,11,3
36692,0:2:1;0:3:3;1:4:3;1:4:3,1,2,1,1,0,0,1,1,1,1,1,5,11,3
36693,0:2:1;0:3:3;1:4:3;1:4:3,1,3,1,1,0,0,1,1,1,1,1,5,11,3
36694,0:2:1;0:3:3;1:4:3;1:4:3,1,4,1,1,1,0,1,1,1,1,1,5,11,1
36695,0:2:1;0:3:3;1:4:3;1:4:3,1,5,1,1,1,0,1,1,1,1,1,5,11,1
36696,0:2:1;0:3:3;1:4:3;1:4:3,2,0,1,0,0,1,0,0,0,0,0,1,6,24
36697,0:2:1;0:3:3;1:4:3;1:4:3,2,1,1,1,0,0,1,1,1,1,1,5,11,3
36698,0:2:1;0:3:3;1:4:3;1:4:3,2,2,1,1,0,0,1,1,1,1,1,5,11,3
36699,0:2:1;0:3:3;1:4:3;1:4:3,2,3,1,1,1,0,1,1,1,1,1,5,11,3
36700,0:2:1;0:3:3;1:4:3;1:4:3,2,4,1,1,1,0,1,1,1,1,1,5,11,1
36701,0:2:1;0:3:3;1:4:3;1:4:3,2,5,1,1,1,0,1,1,1,1,1,5,11,1
36702,0:2:1;0:3:3;1:4:3;1:4:3,3,0,1,1,0,0,1,1,1,1,1,5,11,13
36703,0:2:1;0:3:3;1:4:3;1:4:3,3,1,1,1,0,0,1,1,1,1,1,5,11,3
36704,0:2:1;0:3:3;1:4:3;1:4:3,3,2,1,1,1,0,1,1,1,1,1,5,11,3
36705,0:2:1;0:3:3;1:4:3;1:4:3,3,3,1,1,1,0,1,1,1,1,1,5,11,3
36706,0:2:1;0:3:3;1:4:3;1:4:3,3,4,1,1,1,0,1,1,1,1,1,5,11,1
36707,0:2:1;0:3:3;1:4:3;1:4:3,3,5,1,1,1,0,1,1,1,1,1,5,11,1
36708,0:2:1;0:3:3;1:4:3;1:4:3,4,0,1,1,0,0,1,1,1,1,1,5,11,13
36709,0:2:1;0:3:3;1:4:3;1:4:3,4,1,1,1,1,0,1,1,1,1,1,5,11,3
36710,0:2:1;0:3:3;1:4:3;1:4:3,4,2,1,1,1,0,1,1,1,1,1,5,11,3
36711,0:2:1;0:3:3;1:4:3;1:4:3,4,3,1,1,1,0,1,1,1,1,1,5,11,3
36712,0:2:1;0:3:3;1:4:3;1:4:3,4,4,1,1,1,0,1,1,1,1,1,5,11,1
36713,0:2:1;0:3:3;1:4:3;1:4:3,4,5,1,1,1,0,1,1,1,1,1,5,11,1
36714,0:2:1;0:3:3;1:4:3;1:4:3,5,0,1,1,1,0,1,1,1,1,1,5,11,13
36715,0:2:1;0:3:3;1:4:3;1:4:3,5,1,1,1,1,0,1,1,1,1,1,5,11,3
36716,0:2:1;0:3:3;1:4:3;1:4:3,5,2,1,1,1,0,1,1,1,1,1,5,11,3
36717,0:2:1;0:3:3;1:4:3;1:4:3,5,3,1,1,1,0,1,1,1,1,1,5,11,3
36718,0:2:1;0:3:3;1:4:3;1:4:3,5,4,1,1,1,0,1,1,1,1,1,5,11,1
36719,0:2:1;0:3:3;1:4:3;1:4:3,5,5,1,1,1,0,1,1,1,1,1,5,11,1
36720,0:2:1;0:4:3;0:4:3;0:4:3,0,0,0,0,0,1,0,0,0,0,0,0,1,24
36721,0:2:1;0:4:3;0:4:3;0:4:3,0,1,0,0,0,1,0,0,0,0,0,0,5,24
36722,0:2:1;0:4:3;0:4:3;0:4:3,0,2,0,0,0,1,0,0,0,0,0,0,14,24
36723,0:2:1;0:4:3;0:4:3;0:4:3,0,3,0,0,0,1,0,0,0,0,0,0,30,24
36724,0:2:1;0:4:3;0:4:3;0:4:3,0,4,0,0,0,1,0,0,0,0,0,0,52,24
36725,0:2:1;0:4:3;0:4:3;0:4:3,0,5,0,0,0,1,0,0,0,0,0,0,76,24
36726,0:2:1;0:4:3;0:4:3;0:4:3,1,0,0,0,0,1,0,0,0,0,0,0,1,24
36727,0:2:1;0:4:3;0:4:3;0:4:3,1,1,0,0,0,1,0,0,0,0,0,0,5,24
36728,0:2:1;0:4:3;0:4:3;0:4:3,1,2,0,0,0,1,0,0,0,0,0,0,14,24
36729,0:2:1;0:4:3;0:4:3;0:4:3,1,3,0,0,0,1,0,0,0,0,0,0,30,24
36730,0:2:1;0:4:3;0:4:3;0:4:3,1,4,0,0,0,1,0,0,0,0,0,0,52,24
36731,0:2:1;0:4:3;0:4:3;0:4:3,1,5,0,0,0,1,0,0,0,0,0,0,76,24
36732,0:2:1;0:4:3;0:4:3;0:4:3,2,0,0,0,0,1,0,0,0,0,0,0,1,24
36733,0:2:1;0:4:3;0:4:3;0:4:3,2,1,0,0,0,1,0,0,0,0,0,0,5,24
36734,0:2:1;0:4:3;0:4:3;0:4:3,2,2,0,0,0,1,0,0,0,0,0,0,14,24
36735,0:2:1;0:4:3;0:4:3;0:4:3,2,3,0,0,0,1,0,0,0,0,0,0,30,24
36736,0:2:1;0:4:3;0:4:3;0:4:3,2,4,0,0,0,1,0,0,0,0,0,0,52,24
36737,0:2:1;0:4:3;0:4:3;0:4:3,2,5,0,0,0,1,0,0,0,0,0,0,76,24
36738,0:2:1;0:4:3;0:4:3;0:4:3,3,0,0,0,0,1,0,0,0,0,0,0,1,24
36739,0:2:1;0:4:3;0:4:3;0:4:3,3,1,0,0,0,1,0,0,0,0,0,0,5,24
36740,0:2:1;0:4:3;0:4:3;0:4:3,3,2,0,0,0,1,0,0,0,0,0,0,14,24
36741,0:2:1;0:4:3;0:4:3;0:4:3,3,3,0,0,0,1,0,0,0,0,0,0,30,24
36742,0:2:1;0:4:3;0:4:3;0:4:3,3,4,0,0,0,1,0,0,0,0,0,0,52,24
36743,0:2:1;0:4:3;0:4:3;0:4:3,3,5,0,0,0,1,0,0,0,0,0,0,76,24
36744,0:2:1;0:4:3;0:4:3;0:4:3,4,0,0,0,0,1,0,0,0,0,0,0,1,24
36745,0:2:1;0:4:3;0:4:3;0:4:3,4,1,0,0,0,1,0,0,0,0,0,0,5,24
36746,0:2:1;0:4:3;0:4:3;0:4:3,4,2,0,0,0,1,0,0,0,0,0,0,14,24
36747,0:2:1;0:4:3;0:4:3;0:4:3,4,3,0,0,0,1,0,0,0,0,0,0,30,24
36748,0:2:1;0:4:3;0:4:3;0:4:3,4,4,0,0,0,1,0,0,0,0,0,0,52,24
36749,0:2:1;0:4:3;0:4:3;0:4:3,4,5,0,0,0,1,0,0,0,0,0,0,76,24
36750,0:2:1;0:4:3;0:4:3;0:4:3,5,0,0,0,0,1,0,0,0,0,0,0,1,24
36751,0:2:1;0:4:3;0:4:3;0:4:3,5,1,0,0,0,1,0,0,0,0,0,0,5,24
36752,0:2:1;0:4:3;0:4:3;0:4:3,5,2,0,0,0,1,0,0,0,0,0,0,14,24
36753,0:2:1;0:4:3;0:4:3;0:4:3,5,3,0,0,0,1,0,0,0,0,0,0,30,24
36754,0:2:1;0:4:3;0:4:3;0:4:3,5,4,0,0,0,1,0,0,0,0,0,0,52,24
36755,0:2:1;0:4:3;0:4:3;0:4:3,5,5,0,0,0,1,0,0,0,0,0,0,76,24
36756,0:2:1;0:4:3;0:4:3;1:1:1,0,0,0,0,0,1,0,0,0,0,0,0,1,24
36757,0:2:1;0:4:3;0:4:3;1:1:1,0,1,0,0,0,1,0,0,0,0,0,0,7,24
36758,0:2:1;0:4:3;0:4:3;1:1:1,0,2,0,0,0,1,0,0,0,0,0,0,15,24
36759,0:2:1;0:4:3;0:4:3;1:1:1,0,3,0,0,0,1,0,0,0,0,0,0,30,24
36760,0:2:1;0:4:3;0:4:3;1:1:1,0,4,0,0,0,1,0,0,0,0,0,0,42,24
36761,0:2:1;0:4:3;0:4:3;1:1:1,0,5,0,0,0,1,0,0,0,0,0,0,50,24
36762,0:2:1;0:4:3;0:4:3;1:1:1,1,0,0,0,0,1,0,0,0,0,0,0,5,24
36763,0:2:1;0:4:3;0:4:3;1:1:1,1,1,0,0,0,1,0,0,0,0,0,0,13,24
36764,0:2:1;0:4:3;0:4:3;1:1:1,1,2,0,0,0,1,0,0,0,0,0,0,25,24
36765,0:2:1;0:4:3;0:4:3;1:1:1,1,3,0,0,0,1,0,0,0,0,0,0,39,24
36766,0:2:1;0:4:3;0:4:3;1:1:1,1,4,0,0,0,1,0,0,0,0,0,0,51,24
36767,0:2:1;0:4:3;0:4:3;1:1:1,1,5,0,0,0,1,0,0,0,0,0,0,59,24
36768,0:2:1;0:4:3;0:4:3;1:1:1,2,0,0,0,0,1,0,0,0,0,0,0,5,24
36769,0:2:1;0:4:3;0:4:3;1:1:1,2,1,0,0,0,1,0,0,0,0,0,0,13,24
36770,0:2:1;0:4:3;0:4:3;1:1:1,2,2,0,0,0,1,0,0,0,0,0,0,25,24
36771,0:2:1;0:4:3;0:4:3;1:1:1,2,3,0,0,0,1,0,0,0,0,0,0,39,24
36772,0:2:1;0:4:3;0:4:3;1:1:1,2,4,0,0,0,1,0,0,0,0,0,0,51,24
36773,0:2:1;0:4:3;0:4:3;1:1:1,2,5,0,0,0,1,0,0,0,0,0,0,59,24
36774,0:2:1;0:4:3;0:4:3;1:1:1,3,0,0,0,0,1,0,0,0,0,0,0,5,24
36775,0:2:1;0:4:3;0:4:3;1:1:1,3,1,0,0,0,1,0,0,0,0,0,0,13,24
36776,0:2:1;0:4:3;0:4:3;1:1:1,3,2,0,0,0,1,0,0,0,0,0,0,25,24
36777,0:2:1;0:4:3;0:4:3;1:1:1,3,3,0,0,0,1,0,0,0,0,0,0,39,24
36778,0:2:1;0:4:3;0:4:3;1:1:1,3,4,0,0,0,1,0,0,0,0,0,0,51,24
36779,0:2:1;0:4:3;0:4:3;1:1:1,3,5,0,0,0,1,0,0,0,0,0,0,59,24
36780,0:2:1;0:4:3;0:4:3;1:1:1,4,0,0,0,0,1,0,0,0,0,0,0,5,24
36781,0:2:1;0:4:3;0:4:3;1:1:1,4,1,0,0,0,1,0,0,0,0,0,0,13,24
36782,0:2:1;0:4:3;0:4:3;1:1:1,4,2,0,0,0,1,0,0,0,0,0,0,25,24
36783,0:2:1;0:4:3;0:4:3;1:1:1,4,3,0,0,0,1,0,0,0,0,0,0,39,24
36784,0:2:1;0:4:3;0:4:3;1:1:1,4,4,0,0,0,1,0,0,0,0,0,0,51,24
36785,0:2:1;0:4:3;0:4:3;1:1:1,4,5,0,0,0,1,0,0,0,0,0,0,59,24
36786,0:2:1;0:4:3;0:4:3;1:1:1,5,0,0,0,0,1,0,0,0,0,0,0,5,24
36787,0:2:1;0:4:3;0:4:3;1:1:1,5,1,0,0,0,1,0,0,0,0,0,0,13,24
36788,0:2:1;0:4:3;0:4:3;1:1:1,5,2,0,0,0,1,0,0,0,0,0,0,25,24
36789,0:2:1;0:4:3;0:4:3;1:1:1,5,3,0,0,0,1,0,0,0,0,0,0,39,24
36790,0:2:1;0:4:3;0:4:3;1:1:1,5,4,0,0,0,1,0,0,0,0,0,0,51,24
36791,0:2:1;0:4:3;0:4:3;1:1:1,5,5,0,0,0,1,0,0,0,0,0,0,59,24
36792,0:2:1;0:4:3;0:4:3;1:2:1,0,0,0,0,0,1,0,0,0,0,0,0,1,24
36793,0:2:1;0:4:3;0:4:3;1:2:1,0,1,0,0,0,1,0,0,0,0,0,0,10,24
36794,0:2:1;0:4:3;0:4:3;1:2:1,0,2,0,0,0,1,0,0,0,0,0,0,19,24
36795,0:2:1;0:4:3;0:4:3;1:2:1,0,3,0,0,0,1,0,0,0,0,0,0,35,24
36796,0:2:1;0:4:3;0:4:3;1:2:1,0,4,0,0,0,1,0,0,0,0,0,0,45,24
36797,0:2:1;0:4:3;0:4:3;1:2:1,0,5,1,1,1,0,1,1,1,1,1,5,9,2
36798,0:2:1;0:4:3;0:4:3;1:2:1,1,0,0,0,0,1,0,0,0,0,0,0,10,24
36799,0:2:1;0:4:3;0:4:3;1:2:1,1,1,0,0,0,1,0,0,0,0,0,0,20,24
36800,0:2:1;0:4:3;0:4:3;1:2:1,1,2,0,0,0,1,0,0,0,0,0,0,32,24
36801,0:2:1;0:4:3;0:4:3;1:2:1,1,3,0,0,0,1,0,0,0,0,0,0,44,24
36802,0:2:1;0:4:3;0:4:3;1:2:1,1,4,0,0,0,1,0,0,0,0,0,0,54,24
36803,0:2:1;0:4:3;0:4:3;1:2:1,1,5,1,1,1,0,1,1,1,1,1,5,9,2
36804,0:2:1;0:4:3;0:4:3;1:2:1,2,0,0,0,0,1,0,0,0,0,0,0,10,24
36805,0:2:1;0:4:3;0:4:3;1:2:1,2,1,0,0,0,1,0,0,0,0,0,0,20,24
36806,0:2:1;0:4:3;0:4:3;1:2:1,2,2,0,0,0,1,0,0,0,0,0,0,32,24
36807,0:2:1;0:4:3;0:4:3;1:2:1,2,3,0,0,0,1,0,0,0,0,0,0,44,24
36808,0:2:1;0:4:3;0:4:3;1:2:1,2,4,0,0,0,1,0,0,0,0,0,0,54,24
36809,0:2:1;0:4:3;0:4:3;1:2:1,2,5,1,1,1,0,1,1,1,1,1,5,9,2
36810,0:2:1;0:4:3;0:4:3;1:2:1,3,0,0,0,0,1,0,0,0,0,0,0,10,24
36811,0:2:1;0:4:3;0:4:3;1:2:1,3,1,0,0,0,1,0,0,0,0,0,0,20,24
36812,0:2:1;0:4:3;0:4:3;1:2:1,3,2,0,0,0,1,0,0,0,0,0,0,32,24
36813,0:2:1;0:4:3;0:4:3;1:2:1,3,3,0,0,0,1,0,0,0,0,0,0,44,24
36814,0:2:1;0:4:3;0:4:3;1:2:1,3,4,0,0,0,1,0,0,0,0,0,0,54,24
36815,0:2:1;0:4:3;0:4:3;1:2:1,3,5,1,1,1,0,1,1,1,1,1,5,9,2
36816,0:2:1;0:4:3;0:4:3;1:2:1,4,0,0,0,0,1,0,0,0,0,0,0,10,24
36817,0:2:1;0:4:3;0:4:3;1:2:1,4,1,0,0,0,1,0,0,0,0,0,0,20,24
36818,0:2:1;0:4:3;0:4:3;1:2:1,4,2,0,0,0,1,0,0,0,0,0,0,32,24
36819,0:2:1;0:4:3;0:4:3;1:2:1,4,3,0,0,0,1,0,0,0,0,0,0,44,24
36820,0:2:1;0:4:3;0:4:3;1:2:1,4,4,0,0,0,1,0,0,0,0,0,0,54,24
36821,0:2:1;0:4:3;0:4:3;1:2:1,4,5,1,1,1,0,1,1,1,1,1,5,9,2
36822,0:2:1;0:4:3;0:4:3;1:2:1,5,0,0,0,0,1,0,0,0,0,0,0,10,24
36823,0:2:1;0:4:3;0:4:3;1:2:1,5,1,0,0,0,1,0,0,0,0,0,0,20,24
36824,0:2:1;0:4:3;0:4:3;1:2:1,5,2,0,0,0,1,0,0,0,0,0,0,32,24
36825,0:2:1;0:4:3;0:4:3;1:2:1,5,3,0,0,0,1,0,0,0,0,0,0,44,24
36826,0:2:1;0:4:3;0:4:3;1:2:1,5,4,0,0,0,1,0,0,0,0,0,0,54,24
36827,0:2:1;0:4:3;0:4:3;1:2:1,5,5,1,1,1,0,1,1,1,1,1,5,9,2
36828,0:2:1;0:4:3;0:4:3;1:2:2,0,0,0,0,0,1,0,0,0,0,0,0,1,24
36829,0:2:1;0:4:3;0:4:3;1:2:2,0,1,0,0,0,1,0,0,0,0,0,0,11,24
36830,0:2:1;0:4:3;0:4:3;1:2:2,0,2,0,0,0,1,0,0,0,0,0,0,22,24
36831,0:2:1;0:4:3;0:4:3;1:2:2,0,3,0,0,0,1,0,0,0,0,0,0,43,24
36832,0:2:1;0:4:3;0:4:3;1:2:2,0,4,0,0,0,1,0,0,0,0,0,0,59,24
36833,0:2:1;0:4:3;0:4:3;1:2:2,0,5,1,1,1,0,1,1,1,1,1,5,10,2
36834,0:2:1;0:4:3;0:4:3;1:2:2,1,0,0,0,0,1,0,0,0,0,0,0,2,24
36835,0:2:1;0:4:3;0:4:3;1:2:2,1,1,0,0,0,1,0,0,0,0,0,0,14,24
36836,0:2:1;0:4:3;0:4:3;1:2:2,1,2,0,0,0,1,0,0,0,0,0,0,28,24
36837,0:2:1;0:4:3;0:4:3;1:2:2,1,3,0,0,0,1,0,0,0,0,0,0,51,24
36838,0:2:1;0:4:3;0:4:3;1:2:2,1,4,0,0,0,1,0,0,0,0,0,0,68,24
36839,0:2:1;0:4:3;0:4:3;1:2:2,1,5,1,1,1,0,1,1,1,1,1,5,10,2
36840,0:2:1;0:4:3;0:4:3;1:2:2,2,0,0,0,0,1,0,0,0,0,0,0,11,24
36841,0:2:1;0:4:3;0:4:3;1:2:2,2,1,0,0,0,1,0,0,0,0,0,0,24,24
36842,0:2:1;0:4:3;0:4:3;1:2:2,2,2,0,0,0,1,0,0,0,0,0,0,41,24
36843,0:2:1;0:4:3;0:4:3;1:2:2,2,3,0,0,0,1,0,0,0,0,0,0,60,24
36844,0:2:1;0:4:3;0:4:3;1:2:2,2,4,0,0,0,1,0,0,0,0,0,0,77,24
36845,0:2:1;0:4:3;0:4:3;1:2:2,2,5,1,1,1,0,1,1,1,1,1,5,10,2
36846,0:2:1;0:4:3;0:4:3;1:2:2,3,0,0,0,0,1,0,0,0,0,0,0,11,24
36847,0:2:1;0:4:3;0:4:3;1:2:2,3,1,0,0,0,1,0,0,0,0,0,0,24,24
36848,0:2:1;0:4:3;0:4:3;1:2:2,3,2,0,0,0,1,0,0,0,0,0,0,41,24
36849,0:2:1;0:4:3;0:4:3;1:2:2,3,3,0,0,0,1,0,0,0,0,0,0,60,24
36850,0:2:1;0:4:3;0:4:3;1:2:2,3,4,0,0,0,1,0,0,0,0,0,0,77,24
36851,0:2:1;0:4:3;0:4:3;1:2:2,3,5,1,1,1,0,1,1,1,1,1,5,10,2
36852,0:2:1;0:4:3;0:4:3;1:2:2,4,0,0,0,0,1,0,0,0,0,0,0,11,24
36853,0:2:1;0:4:3;0:4:3;1:2:2,4,1,0,0,0,1,0,0,0,0,0,0,24,24
36854,0:2:1;0:4:3;0:4:3;1:2:2,4,2,0,0,0,1,0,0,0,0,0,0,41,24
36855,0:2:1;0:4:3;0:4:3;1:2:2,4,3,0,0,0,1,0,0,0,0,0,0,60,24
36856,0:2:1;0:4:3;0:4:3;1:2:2,4,4,0,0,0,1,0,0,0,0,0,0,77,24
36857,0:2:1;0:4:3;0:4:3;1:2:2,4,5,1,1,1,0,1,1,1,1,1,5,10,2
36858,0:2:1;0:4:3;0:4:3;1:2:2,5,0,0,0,0,1,0,0,0,0,0,0,11,24
36859,0:2:1;0:4:3;0:4:3;1:2:2,5,1,0,0,0,1,0,0,0,0,0,0,24,24
36860,0:2:1;0:4:3;0:4:3;1:2:2,5,2,0,0,0,1,0,0,0,0,0,0,41,24
36861,0:2:1;0:4:3;0:4:3;1:2:2,5,3,0,0,0,1,0,0,0,0,0,0,60,24
36862,0:2:1;0:4:3;0:4:3;1:2:2,5,4,0,0,0,1,0,0,0,0,0,0,77,24
36863,0:2:1;0:4:3;0:4:3;1:2:2,5,5,1,1,1,0,1,1,1,1,1,5,10,2
36864,0:2:1;0:4:3;0:4:3;1:3:2,0,0,0,0,0,1,0,0,0,0,0,0,1,24
36865,0:2:1;0:4:3;0:4:3;1:3:2,0,1,0,0,0,1,0,0,0,0,0,0,15,24
36866,0:2:1;0:4:3;0:4:3;1:3:2,0,2,0,0,0,1,0,0,0,0,0,0,25,24
36867,0:2:1;0:4:3;0:4:3;1:3:2,0,3,0,0,0,1,0,0,0,0,0,0,46,24
36868,0:2:1;0:4:3;0:4:3;1:3:2,0,4,1,1,1,0,1,1,1,1,1,5,10,2
36869,0:2:1;0:4:3;0:4:3;1:3:2,0,5,1,1,1,0,1,1,1,1,1,5,10,2
36870,0:2:1;0:4:3;0:4:3;1:3:2,1,0,0,0,0,1,0,0,0,0,0,0,2,24
36871,0:2:1;0:4:3;0:4:3;1:3:2,1,1,0,0,0,1,0,0,0,0,0,0,18,24
36872,0:2:1;0:4:3;0:4:3;1:3:2,1,2,0,0,0,1,0,0,0,0,0,0,31,24
36873,0:2:1;0:4:3;0:4:3;1:3:2,1,3,0,0,0,1,0,0,0,0,0,0,54,24
36874,0:2:1;0:4:3;0:4:3;1:3:2,1,4,1,1,1,0,1,1,1,1,1,5,10,2
36875,0:2:1;0:4:3;0:4:3;1:3:2,1,5,1,1,1,0,1,1,1,1,1,5,10,2
36876,0:2:1;0:4:3;0:4:3;1:3:2,2,0,0,0,0,1,0,0,0,0,0,0,18,24
36877,0:2:1;0:4:3;0:4:3;1:3:2,2,1,0,0,0,1,0,0,0,0,0,0,31,24
36878,0:2:1;0:4:3;0:4:3;1:3:2,2,2,0,0,0,1,0,0,0,0,0,0,46,24
36879,0:2:1;0:4:3;0:4:3;1:3:2,2,3,0,0,0,1,0,0,0,0,0,0,63,24
36880,0:2:1;0:4:3;0:4:3;1:3:2,2,4,1,1,1,0,1,1,1,1,1,5,10,2
36881,0:2:1;0:4:3;0:4:3;1:3:2,2,5,1,1,1,0,1,1,1,1,1,5,10,2
36882,0:2:1;0:4:3;0:4:3;1:3:2,3,0,0,0,0,1,0,0,0,0,0,0,18,24
36883,0:2:1;0:4:3;0:4:3;1:3:2,3,1,0,0,0,1,0,0,0,0,0,0,31,24
36884,0:2:1;0:4:3;0:4:3;1:3:2,3,2,0,0,0,1,0,0,0,0,0,0,46,24
36885,0:2:1;0:4:3;0:4:3;1:3:2,3,3,0,0,0,1,0,0,0,0,0,0,63,24
36886,0:2:1;0:4:3;0:4:3;1:3:2,3,4,1,1,1,0,1,1,1,1,1,5,10,2
36887,0:2:1;0:4:3;0:4:3;1:3:2,3,5,1,1,1,0,1,1,1,1,1,5,10,2
36888,0:2:1;0:4:3;0:4:3;1:3:2,4,0,0,0,0,1,0,0,0,0,0,0,18,24
36889,0:2:1;0:4:3;0:4:3;1:3:2,4,1,0,0,0,1,0,0,0,0,0,0,31,24
36890,0:2:1;0:4:3;0:4:3;1:3:2,4,2,0,0,0,1,0,0,0,0,0,0,46,24
36891,0:2:1;0:4:3;0:4:3;1:3:2,4,3,0,0,0,1,0,0,0,0,0,0,63,24
36892,0:2:1;0:4:3;0:4:3;1:3:2,4,4,1,1,1,0,1,1,1,1,1,5,10,2
36893,0:2:1;0:4:3;0:4:3;1:3:2,4,5,1,1,1,0,1,1,1,1,1,5,10,2
36894,0:2:1;0:4:3;0:4:3;1:3:2,5,0,0,0,0,1,0,0,0,0,0,0,18,24
36895,0:2:1;0:4:3;0:4:3;1:3:2,5,1,0,0,0,1,0,0,0,0,0,0,31,24
36896,0:2:1;0:4:3;0:4:3;1:3:2,5,2,0,0,0,1,0,0,0,0,0,0,46,24
36897,0:2:1;0:4:3;0:4:3;1:3:2,5,3,0,0,0,1,0,0,0,0,0,0,63,24
36898,0:2:1;0:4:3;0:4:3;1:3:2,5,4,1,1,1,0,1,1,1,1,1,5,10,2
36899,0:2:1;0:4:3;0:4:3;1:3:2,5,5,1,1,1,0,1,1,1,1,1,5,10,2
36900,0:2:1;0:4:3;0:4:3;1:3:3,0,0,0,0,0,1,0,0,0,0,0,0,1,24
36901,0:2:1;0:4:3;0:4:3;1:3:3,0,1,0,0,0,1,0,0,0,0,0,0,6,24
36902,0:2:1;0:4:3;0:4:3;1:3:3,0,2,0,0,0,1,0,0,0,0,0,0,15,24
36903,0:2:1;0:4:3;0:4:3;1:3:3,0,3,0,0,0,1,0,0,0,0,0,0,45,24
36904,0:2:1;0:4:3;0:4:3;1:3:3,0,4,1,1,0,0,1,1,1,1,1,5,11,2
36905,0:2:1;0:4:3;0:4:3;1:3:3,0,5,1,1,1,0,1,1,1,1,1,5,11,2
36906,0:2:1;0:4:3;0:4:3;1:3:3,1,0,0,0,0,1,0,0,0,0,0,0,2,24
36907,0:2:1;0:4:3;0:4:3;1:3:3,1,1,0,0,0,1,0,0,0,0,0,0,19,24
36908,0:2:1;0:4:3;0:4:3;1:3:3,1,2,0,0,0,1,0,0,0,0,0,0,34,24
36909,0:2:1;0:4:3;0:4:3;1:3:3,1,3,0,0,0,1,0,0,0,0,0,0,62,24
36910,0:2:1;0:4:3;0:4:3;1:3:3,1,4,1,1,1,0,1,1,1,1,1,5,11,2
36911,0:2:1;0:4:3;0:4:3;1:3:3,1,5,1,1,1,0,1,1,1,1,1,5,11,2
36912,0:2:1;0:4:3;0:4:3;1:3:3,2,0,0,0,0,1,0,0,0,0,0,0,3,24
36913,0:2:1;0:4:3;0:4:3;1:3:3,2,1,0,0,0,1,0,0,0,0,0,0,22,24
36914,0:2:1;0:4:3;0:4:3;1:3:3,2,2,0,0,0,1,0,0,0,0,0,0,40,24
36915,0:2:1;0:4:3;0:4:3;1:3:3,2,3,0,0,0,1,0,0,0,0,0,0,70,24
36916,0:2:1;0:4:3;0:4:3;1:3:3,2,4,1,1,1,0,1,1,1,1,1,5,11,2
36917,0:2:1;0:4:3;0:4:3;1:3:3,2,5,1,1,1,0,1,1,1,1,1,5,11,2
36918,0:2:1;0:4:3;0:4:3;1:3:3,3,0,0,0,0,1,0,0,0,0,0,0,19,24
36919,0:2:1;0:4:3;0:4:3;1:3:3,3,1,0,0,0,1,0,0,0,0,0,0,35,24
36920,0:2:1;0:4:3;0:4:3;1:3:3,3,2,0,0,0,1,0,0,0,0,0,0,55,24
36921,0:2:1;0:4:3;0:4:3;1:3:3,3,3,0,0,0,1,0,0,0,0,0,0,79,24
36922,0:2:1;0:4:3;0:4:3;1:3:3,3,4,1,1,1,0,1,1,1,1,1,5,11,2
36923,0:2:1;0:4:3;0:4:3;1:3:3,3,5,1,1,1,0,1,1,1,1,1,5,11,2
36924,0:2:1;0:4:3;0:4:3;1:3:3,4,0,0,0,0,1,0,0,0,0,0,0,19,24
36925,0:2:1;0:4:3;0:4:3;1:3:3,4,1,0,0,0,1,0,0,0,0,0,0,35,24
36926,0:2:1;0:4:3;0:4:3;1:3:3,4,2,0,0,0,1,0,0,0,0,0,0,55,24
36927,0:2:1;0:4:3;0:4:3;1:3:3,4,3,0,0,0,1,0,0,0,0,0,0,79,24
36928,0:2:1;0:4:3;0:4:3;1:3:3,4,4,1,1,1,0,1,1,1,1,1,5,11,2
36929,0:2:1;0:4:3;0:4:3;1:3:3,4,5,1,1,1,0,1,1,1,1,1,5,11,2
36930,0:2:1;0:4:3;0:4:3;1:3:3,5,0,0,0,0,1,0,0,0,0,0,0,19,24
36931,0:2:1;0:4:3;0:4:3;1:3:3,5,1,0,0,0,1,0,0,0,0,0,0,35,24
36932,0:2:1;0:4:3;0:4:3;1:3:3,5,2,0,0,0,1,0,0,0,0,0,0,55,24
36933,0:2:1;0:4:3;0:4:3;1:3:3,5,3,0,0,0,1,0,0,0,0,0,0,79,24
36934,0:2:1;0:4:3;0:4:3;1:3:3,5,4,1,1,1,0,1,1,1,1,1,5,11,2
36935,0:2:1;0:4:3;0:4:3;1:3:3,5,5,1,1,1,0,1,1,1,1,1,5,11,2
36936,0:2:1;0:4:3;0:4:3;1:4:3,0,0,0,0,0,1,0,0,0,0,0,0,1,24
36937,0:2:1;0:4:3;0:4:3;1:4:3,0,1,0,0,0,1,0,0,0,0,0,0,6,24
36938,0:2:1;0:4:3;0:4:3;1:4:3,0,2,0,0,0,1,0,0,0,0,0,0,15,24
36939,0:2:1;0:4:3;0:4:3;1:4:3,0,3,1,1,0,1,0,0,1,0,1,6,29,11
36940,0:2:1;0:4:3;0:4:3;1:4:3,0,4,1,1,0,0,1,1,1,1,1,5,11,2
36941,0:2:1;0:4:3;0:4:3;1:4:3,0,5,1,1,1,0,1,1,1,1,1,5,11,2
36942,0:2:1;0:4:3;0:4:3;1:4:3,1,0,0,0,0,1,0,0,0,0,0,0,2,24
36943,0:2:1;0:4:3;0:4:3;1:4:3,1,1,0,0,0,1,0,0,0,0,0,0,22,24
36944,0:2:1;0:4:3;0:4:3;1:4:3,1,2,0,0,0,1,0,0,0,0,0,0,36,24
36945,0:2:1;0:4:3;0:4:3;1:4:3,1,3,1,1,0,0,1,1,1,1,1,5,11,5
36946,0:2:1;0:4:3;0:4:3;1:4:3,1,4,1,1,1,0,1,1,1,1,1,5,11,2
36947,0:2:1;0:4:3;0:4:3;1:4:3,1,5,1,1,1,0,1,1,1,1,1,5,11,2
36948,0:2:1;0:4:3;0:4:3;1:4:3,2,0,0,0,0,1,0,0,0,0,0,0,3,24
36949,0:2:1;0:4:3;0:4:3;1:4:3,2,1,0,0,0,1,0,0,0,0,0,0,25,24
36950,0:2:1;0:4:3;0:4:3;1:4:3,2,2,0,0,0,1,0,0,0,0,0,0,42,24
36951,0:2:1;0:4:3;0:4:3;1:4:3,2,3,1,1,1,0,1,1,1,1,1,5,11,5
36952,0:2:1;0:4:3;0:4:3;1:4:3,2,4,1,1,1,0,1,1,1,1,1,5,11,2
36953,0:2:1;0:4:3;0:4:3;1:4:3,2,5,1,1,1,0,1,1,1,1,1,5,11,2
36954,0:2:1;0:4:3;0:4:3;1:4:3,3,0,0,0,0,1,0,0,0,0,0,0,26,24
36955,0:2:1;0:4:3;0:4:3;1:4:3,3,1,0,0,0,1,0,0,0,0,0,0,40,24
36956,0:2:1;0:4:3;0:4:3;1:4:3,3,2,0,0,0,1,0,0,0,0,0,0,58,24
36957,0:2:1;0:4:3;0:4:3;1:4:3,3,3,1,1,1,0,1,1,1,1,1,5,11,5
36958,0:2:1;0:4:3;0:4:3;1:4:3,3,4,1,1,1,0,1,1,1,1,1,5,11,2
36959,0:2:1;0:4:3;0:4:3;1:4:3,3,5,1,1,1,0,1,1,1,1,1,5,11,2
36960,0:2:1;0:4:3;0:4:3;1:4:3,4,0,0,0,0,1,0,0,0,0,0,0,26,24
36961,0:2:1;0:4:3;0:4:3;1:4:3,4,1,0,0,0,1,0,0,0,0,0,0,40,24
36962,0:2:1;0:4:3;0:4:3;1:4:3,4,2,0,0,0,1,0,0,0,0,0,0,58,24
36963,0:2:1;0:4:3;0:4:3;1:4:3,4,3,1,1,1,0,1,1,1,1,1,5,11,5
36964,0:2:1;0:4:3;0:4:3;1:4:3,4,4,1,1,1,0,1,1,1,1,1,5,11,2
36965,0:2:1;0:4:3;0:4:3;1:4:3,4,5,1,1,1,0,1,1,1,1,1,5,11,2
36966,0:2:1;0:4:3;0:4:3;1:4:3,5,0,0,0,0,1,0,0,0,0,0,0,26,24
36967,0:2:1;0:4:3;0:4:3;1:4:3,5,1,0,0,0,1,0,0,0,0,0,0,40,24
36968,0:2:1;0:4:3;0:4:3;1:4:3,5,2,0,0,0,1,0,0,0,0,0,0,58,24
36969,0:2:1;0:4:3;0:4:3;1:4:3,5,3,1,1,1,0,1,1,1,1,1,5,11,5
36970,0:2:1;0:4:3;0:4:3;1:4:3,5,4,1,1,1,0,1,1,1,1,1,5,11,2
36971,0:2:1;0:4:3;0:4:3;1:4:3,5,5,1,1,1,0,1,1,1,1,1,5,11,2
36972,0:2:1;0:4:3;1:1:1;1:1:1,0,0,0,0,0,1,0,0,0,0,0,0,1,24
36973,0:2:1;0:4:3;1:1:1;1:1:1,0,1,0,0,0,1,0,0,0,0,0,0,10,24
36974,0:2:1;0:4:3;1:1:1;1:1:1,0,2,1,1,0,0,1,1,1,1,1,5,7,4
36975,0:2:1;0:4:3;1:1:1;1:1:1,0,3,1,1,1,0,1,1,1,1,1,5,7,3
36976,0:2:1;0:4:3;1:1:1;1:1:1,0,4,1,1,1,0,1,1,1,1,1,5,7,1
36977,0:2:1;0:4:3;1:1:1;1:1:1,0,5,1,1,1,0,1,1,1,1,1,5,7,1
36978,0:2:1;0:4:3;1:1:1;1:1:1,1,0,0,0,0,1,0,0,0,0,0,0,9,24
36979,0:2:1;0:4:3;1:1:1;1:1:1,1,1,0,0,0,1,0,0,0,0,0,0,16,24
36980,0:2:1;0:4:3;1:1:1;1:1:1,1,2,1,1,1,0,1,1,1,1,1,5,7,4
36981,0:2:1;0:4:3;1:1:1;1:1:1,1,3,1,1,1,0,1,1,1,1,1,5,7,3
36982,0:2:1;0:4:3;1:1:1;1:1:1,1,4,1,1,1,0,1,1,1,1,1,5,7,1
36983,0:2:1;0:4:3;1:1:1;1:1:1,1,5,1,1,1,0,1,1,1,1,1,5,7,1
36984,0:2:1;0:4:3;1:1:1;1:1:1,2,0,0,0,0,1,0,0,0,0,0,0,12,24
36985,0:2:1;0:4:3;1:1:1;1:1:1,2,1,0,0,0,1,0,0,0,0,0,0,20,24
36986,0:2:1;0:4:3;1:1:1;1:1:1,2,2,1,1,1,0,1,1,1,1,1,5,7,4
36987,0:2:1;0:4:3;1:1:1;1:1:1,2,3,1,1,1,0,1,1,1,1,1,5,7,3
36988,0:2:1;0:4:3;1:1:1;1:1:1,2,4,1,1,1,0,1,1,1,1,1,5,7,1
36989,0:2:1;0:4:3;1:1:1;1:1:1,2,5,1,1,1,0,1,1,1,1,1,5,7,1
36990,0:2:1;0:4:3;1:1:1;1:1:1,3,0,0,0,0,1,0,0,0,0,0,0,12,24
36991,0:2:1;0:4:3;1:1:1;1:1:1,3,1,0,0,0,1,0,0,0,0,0,0,20,24
36992,0:2:1;0:4:3;1:1:1;1:1:1,3,2,1,1,1,0,1,1,1,1,1,5,7,4
36993,0:2:1;0:4:3;1:1:1;1:1:1,3,3,1,1,1,0,1,1,1,1,1,5,7,3
36994,0:2:1;0:4:3;1:1:1;1:1:1,3,4,1,1,1,0,1,1,1,1,1,5,7,1
36995,0:2:1;0:4:3;1:1:1;1:1:1,3,5,1,1,1,0,1,1,1,1,1,5,7,1
36996,0:2:1;0:4:3;1:1:1;1:1:1,4,0,0,0,0,1,0,0,0,0,0,0,12,24
36997,0:2:1;0:4:3;1:1:1;1:1:1,4,1,0,0,0,1,0,0,0,0,0,0,20,24
36998,0:2:1;0:4:3;1:1:1;1:1:1,4,2,1,1,1,0,1,1,1,1,1,5,7,4
36999,0:2:1;0:4:3;1:1:1;1:1:1,4,3,1,1,1,0,1,1,1,1,1,5,7,3
37000,0:2:1;0:4:3;1:1:1;1:1:1,4,4,1,1,1,0,1,1,1,1,1,5,7,1
37001,0:2:1;0:4:3;1:1:1;1:1:1,4,5,1,1,1,0,1,1,1,1,1,5,7,1
37002,0:2:1;0:4:3;1:1:1;1:1:1,5,0,0,0,0,1,0,0,0,0,0,0,12,24
37003,0:2:1;0:4:3;1:1:1;1:1:1,5,1,0,0,0,1,0,0,0,0,0,0,20,24
37004,0:2:1;0:4:3;1:1:1;1:1:1,5,2,1,1,1,0,1,1,1,1,1,5,7,4
37005,0:2:1;0:4:3;1:1:1;1:1:1,5,3,1,1,1,0,1,1,1,1,1,5,7,3
37006,0:2:1;0:4:3;1:1:1;1:1:1,5,4,1,1,1,0,1,1,1,1,1,5,7,1
37007,0:2:1;0:4:3;1:1:1;1:1:1,5,5,1,1,1,0,1,1,1,1,1,5,7,1
37008,0:2:1;0:4:3;1:1:1;1:2:1,0,0,0,0,0,1,0,0,0,0,0,0,1,24
37009,0:2:1;0:4:3;1:1:1;1:2:1,0,1,1,1,0,0,1,1,1,1,1,5,7,4
37010,0:2:1;0:4:3;1:1:1;1:2:1,0,2,1,1,0,0,1,1,1,1,1,5,7,4
37011,0:2:1;0:4:3;1:1:1;1:2:1,0,3,1,1,1,0,1,1,1,1,1,5,7,3
37012,0:2:1;0:4:3;1:1:1;1:2:1,0,4,1,1,1,0,1,1,1,1,1,5,7,1
37013,0:2:1;0:4:3;1:1:1;1:2:1,0,5,1,1,1,0,1,1,1,1,1,5,7,1
37014,0:2:1;0:4:3;1:1:1;1:2:1,1,0,0,0,0,1,0,0,0,0,0,0,12,24
37015,0:2:1;0:4:3;1:1:1;1:2:1,1,1,1,1,0,0,1,1,1,1,1,5,7,4
37016,0:2:1;0:4:3;1:1:1;1:2:1,1,2,1,1,1,0,1,1,1,1,1,5,7,4
37017,0:2:1;0:4:3;1:1:1;1:2:1,1,3,1,1,1,0,1,1,1,1,1,5,7,3
37018,0:2:1;0:4:3;1:1:1;1:2:1,1,4,1,1,1,0,1,1,1,1,1,5,7,1
37019,0:2:1;0:4:3;1:1:1;1:2:1,1,5,1,1,1,0,1,1,1,1,1,5,7,1
37020,0:2:1;0:4:3;1:1:1;1:2:1,2,0,0,0,0,1,0,0,0,0,0,0,16,24
37021,0:2:1;0:4:3;1:1:1;1:2:1,2,1,1,1,1,0,1,1,1,1,1,5,7,4
37022,0:2:1;0:4:3;1:1:1;1:2:1,2,2,1,1,1,0,1,1,1,1,1,5,7,4
37023,0:2:1;0:4:3;1:1:1;1:2:1,2,3,1,1,1,0,1,1,1,1,1,5,7,3
37024,0:2:1;0:4:3;1:1:1;1:2:1,2,4,1,1,1,0,1,1,1,1,1,5,7,1
37025,0:2:1;0:4:3;1:1:1;1:2:1,2,5,1,1,1,0,1,1,1,1,1,5,7,1
37026,0:2:1;0:4:3;1:1:1;1:2:1,3,0,0,0,0,1,0,0,0,0,0,0,16,24
37027,0:2:1;0:4:3;1:1:1;1:2:1,3,1,1,1,1,0,1,1,1,1,1,5,7,4
37028,0:2:1;0:4:3;1:1:1;1:2:1,3,2,1,1,1,0,1,1,1,1,1,5,7,4
37029,0:2:1;0:4:3;1:1:1;1:2:1,3,3,1,1,1,0,1,1,1,1,1,5,7,3
37030,0:2:1;0:4:3;1:1:1;1:2:1,3,4,1,1,1,0,1,1,1,1,1,5,7,1
37031,0:2:1;0:4:3;1:1:1;1:2:1,3,5,1,1,1,0,1,1,1,1,1,5,7,1
37032,0:2:1;0:4:3;1:1:1;1:2:1,4,0,0,0,0,1,0,0,0,0,0,0,16,24
37033,0:2:1;0:4:3;1:1:1;1:2:1,4,1,1,1,1,0,1,1,1,1,1,5,7,4
37034,0:2:1;0:4:3;1:1:1;1:2:1,4,2,1,1,1,0,1,1,1,1,1,5,7,4
37035,0:2:1;0:4:3;1:1:1;1:2:1,4,3,1,1,1,0,1,1,1,1,1,5,7,3
37036,0:2:1;0:4:3;1:1:1;1:2:1,4,4,1,1,1,0,1,1,1,1,1,5,7,1
37037,0:2:1;0:4:3;1:1:1;1:2:1,4,5,1,1,1,0,1,1,1,1,1,5,7,1
37038,0:2:1;0:4:3;1:1:1;1:2:1,5,0,0,0,0,1,0,0,0,0,0,0,16,24
37039,0:2:1;0:4:3;1:1:1;1:2:1,5,1,1,1,1,0,1,1,1,1,1,5,7,4
37040,0:2:1;0:4:3;1:1:1;1:2:1,5,2,1,1,1,0,1,1,1,1,1,5,7,4
37041,0:2:1;0:4:3;1:1:1;1:2:1,5,3,1,1,1,0,1,1,1,1,1,5,7,3
37042,0:2:1;0:4:3;1:1:1;1:2:1,5,4,1,1,1,0,1,1,1,1,1,5,7,1
37043,0:2:1;0:4:3;1:1:1;1:2:1,5,5,1,1,1,0,1,1,1,1,1,5,7,1
37044,0:2:1;0:4:3;1:1:1;1:2:2,0,0,0,0,0,1,0,0,0,0,0,0,1,24
37045,0:2:1;0:4:3;1:1:1;1:2:2,0,1,1,0,0,1,0,0,0,0,0,4,11,24
37046,0:2:1;0:4:3;1:1:1;1:2:2,0,2,1,1,0,1,0,0,1,0,1,6,12,5
37047,0:2:1;0:4:3;1:1:1;1:2:2,0,3,1,1,0,0,1,1,1,1,1,5,8,3
37048,0:2:1;0:4:3;1:1:1;1:2:2,0,4,1,1,1,0,1,1,1,1,1,5,8,1
37049,0:2:1;0:4:3;1:1:1;1:2:2,0,5,1,1,1,0,1,1,1,1,1,5,8,1
37050,0:2:1;0:4:3;1:1:1;1:2:2,1,0,0,0,0,1,0,0,0,0,0,0,9,24
37051,0:2:1;0:4:3;1:1:1;1:2:2,1,1,1,1,0,0,1,1,1,1,1,5,8,4
37052,0:2:1;0:4:3;1:1:1;1:2:2,1,2,1,1,0,0,1,1,1,1,1,5,8,4
37053,0:2:1;0:4:3;1:1:1;1:2:2,1,3,1,1,1,0,1,1,1,1,1,5,8,3
37054,0:2:1;0:4:3;1:1:1;1:2:2,1,4,1,1,1,0,1,1,1,1,1,5,8,1
37055,0:2:1;0:4:3;1:1:1;1:2:2,1,5,1,1,1,0,1,1,1,1,1,5,8,1
37056,0:2:1;0:4:3;1:1:1;1:2:2,2,0,0,0,0,1,0,0,0,0,0,0,16,24
37057,0:2:1;0:4:3;1:1:1;1:2:2,2,1,1,1,0,0,1,1,1,1,1,5,8,4
37058,0:2:1;0:4:3;1:1:1;1:2:2,2,2,1,1,1,0,1,1,1,1,1,5,8,4
37059,0:2:1;0:4:3;1:1:1;1:2:2,2,3,1,1,1,0,1,1,1,1,1,5,8,3
37060,0:2:1;0:4:3;1:1:1;1:2:2,2,4,1,1,1,0,1,1,1,1,1,5,8,1
37061,0:2:1;0:4:3;1:1:1;1:2:2,2,5,1,1,1,0,1,1,1,1,1,5,8,1
37062,0:2:1;0:4:3;1:1:1;1:2:2,3,0,0,0,0,1,0,0,0,0,0,0,20,24
37063,0:2:1;0:4:3;1:1:1;1:2:2,3,1,1,1,1,0,1,1,1,1,1,5,8,4
37064,0:2:1;0:4:3;1:1:1;1:2:2,3,2,1,1,1,0,1,1,1,1,1,5,8,4
37065,0:2:1;0:4:3;1:1:1;1:2:2,3,3,1,1,1,0,1,1,1,1,1,5,8,3
37066,0:2:1;0:4:3;1:1:1;1:2:2,3,4,1,1,1,0,1,1,1,1,1,5,8,1
37067,0:2:1;0:4:3;1:1:1;1:2:2,3,5,1,1,1,0,1,1,1,1,1,5,8,1
37068,0:2:1;0:4:3;1:1:1;1:2:2,4,0,0,0,0,1,0,0,0,0,0,0,20,24
37069,0:2:1;0:4:3;1:1:1;1:2:2,4,1,1,1,1,0,1,1,1,1,1,5,8,4
37070,0:2:1;0:4:3;1:1:1;1:2:2,4,2,1,1,1,0,1,1,1,1,1,5,8,4
37071,0:2:1;0:4:3;1:1:1;1:2:2,4,3,1,1,1,0,1,1,1,1,1,5,8,3
37072,0:2:1;0:4:3;1:1:1;1:2:2,4,4,1,1,1,0,1,1,1,1,1,5,8,1
37073,0:2:1;0:4:3;1:1:1;1:2:2,4,5,1,1,1,0,1,1,1,1,1,5,8,1
37074,0:2:1;0:4:3;1:1:1;1:2:2,5,0,0,0,0,1,0,0,0,0,0,0,20,24
37075,0:2:1;0:4:3;1:1:1;1:2:2,5,1,1,1,1,0,1,1,1,1,1,5,8,4
37076,0:2:1;0:4:3;1:1:1;1:2:2,5,2,1,1,1,0,1,1,1,1,1,5,8,4
37077,0:2:1;0:4:3;1:1:1;1:2:2,5,3,1,1,1,0,1,1,1,1,1,5,8,3
37078,0:2:1;0:4:3;1:1:1;1:2:2,5,4,1,1,1,0,1,1,1,1,1,5,8,1
37079,0:2:1;0:4:3;1:1:1;1:2:2,5,5,1,1,1,0,1,1,1,1,1,5,8,1
37080,0:2:1;0:4:3;1:1:1;1:3:2,0,0,1,0,0,1,0,0,0,0,0,1,1,24
37081,0:2:1;0:4:3;1:1:1;1:3:2,0,1,1,1,0,1,0,0,1,1,1,6,12,5
37082,0:2:1;0:4:3;1:1:1;1:3:2,0,2,1,1,0,1,0,0,1,1,1,6,12,5
37083,0:2:1;0:4:3;1:1:1;1:3:2,0,3,1,1,0,0,1,1,1,1,1,5,8,3
37084,0:2:1;0:4:3;1:1:1;1:3:2,0,4,1,1,1,0,1,1,1,1,1,5,8,1
37085,0:2:1;0:4:3;1:1:1;1:3:2,0,5,1,1,1,0,1,1,1,1,1,5,8,1
37086,0:2:1;0:4:3;1:1:1;1:3:2,1,0,1,1,0,0,1,1,1,1,1,5,8,14
37087,0:2:1;0:4:3;1:1:1;1:3:2,1,1,1,1,0,0,1,1,1,1,1,5,8,4
37088,0:2:1;0:4:3;1:1:1;1:3:2,1,2,1,1,0,0,1,1,1,1,1,5,8,4
37089,0:2:1;0:4:3;1:1:1;1:3:2,1,3,1,1,1,0,1,1,1,1,1,5,8,3
37090,0:2:1;0:4:3;1:1:1;1:3:2,1,4,1,1,1,0,1,1,1,1,1,5,8,1
37091,0:2:1;0:4:3;1:1:1;1:3:2,1,5,1,1,1,0,1,1,1,1,1,5,8,1
37092,0:2:1;0:4:3;1:1:1;1:3:2,2,0,1,1,0,0,1,1,1,1,1,5,8,14
37093,0:2:1;0:4:3;1:1:1;1:3:2,2,1,1,1,0,0,1,1,1,1,1,5,8,4
37094,0:2:1;0:4:3;1:1:1;1:3:2,2,2,1,1,1,0,1,1,1,1,1,5,8,4
37095,0:2:1;0:4:3;1:1:1;1:3:2,2,3,1,1,1,0,1,1,1,1,1,5,8,3
37096,0:2:1;0:4:3;1:1:1;1:3:2,2,4,1,1,1,0,1,1,1,1,1,5,8,1
37097,0:2:1;0:4:3;1:1:1;1:3:2,2,5,1,1,1,0,1,1,1,1,1,5,8,1
37098,0:2:1;0:4:3;1:1:1;1:3:2,3,0,1,1,0,0,1,1,1,1,1,5,8,14
37099,0:2:1;0:4:3;1:1:1;1:3:2,3,1,1,1,1,0,1,1,1,1,1,5,8,4
37100,0:2:1;0:4:3;1:1:1;1:3:2,3,2,1,1,1,0,1,1,1,1,1,5,8,4
37101,0:2:1;0:4:3;1:1:1;1:3:2,3,3,1,1,1,0,1,1,1,1,1,5,8,3
37102,0:2:1;0:4:3;1:1:1;1:3:2,3,4,1,1,1,0,1,1,1,1,1,5,8,1
37103,0:2:1;0:4:3;1:1:1;1:3:2,3,5,1,1,1,0,1,1,1,1,1,5,8,1
37104,0:2:1;0:4:3;1:1:1;1:3:2,4,0,1,1,1,0,1,1,1,1,1,5,8,14
37105,0:2:1;0:4:3;1:1:1;1:3:2,4,1,1,1,1,0,1,1,1,1,1,5,8,4
37106,0:2:1;0:4:3;1:1:1;1:3:2,4,2,1,1,1,0,1,1,1,1,1,5,8,4
37107,0:2:1;0:4:3;1:1:1;1:3:2,4,3,1,1,1,0,1,1,1,1,1,5,8,3
37108,0:2:1;0:4:3;1:1:1;1:3:2,4,4,1,1,1,0,1,1,1,1,1,5,8,1
37109,0:2:1;0:4:3;1:1:1;1:3:2,4,5,1,1,1,0,1,1,1,1,1,5,8,1
37110,0:2:1;0:4:3;1:1:1;1:3:2,5,0,1,1,1,0,1,1,1,1,1,5,8,14
37111,0:2:1;0:4:3;1:1:1;1:3:2,5,1,1,1,1,0,1,1,1,1,1,5,8,4
37112,0:2:1;0:4:3;1:1:1;1:3:2,5,2,1,1,1,0,1,1,1,1,1,5,8,4
37113,0:2:1;0:4:3;1:1:1;1:3:2,5,3,1,1,1,0,1,1,1,1,1,5,8,3
37114,0:2:1;0:4:3;1:1:1;1:3:2,5,4,1,1,1,0,1,1,1,1,1,5,8,1
37115,0:2:1;0:4:3;1:1:1;1:3:2,5,5,1,1,1,0,1,1,1,1,1,5,8,1
37116,0:2:1;0:4:3;1:1:1;1:3:3,0,0,1,0,0,1,0,0,0,0,0,1,1,24
37117,0:2:1;0:4:3;1:1:1;1:3:3,0,1,1,0,0,1,0,0,0,0,0,3,9,24
37118,0:2:1;0:4:3;1:1:1;1:3:3,0,2,1,0,0,1,0,0,0,0,0,3,15,24
37119,0:2:1;0:4:3;1:1:1;1:3:3,0,3,1,1,0,0,1,1,1,1,1,5,9,3
37120,0:2:1;0:4:3;1:1:1;1:3:3,0,4,1,1,0,0,1,1,1,1,1,5,9,1
37121,0:2:1;0:4:3;1:1:1;1:3:3,0,5,1,1,1,0,1,1,1,1,1,5,9,1
37122,0:2:1;0:4:3;1:1:1;1:3:3,1,0,1,0,0,1,0,0,0,0,0,3,7,24
37123,0:2:1;0:4:3;1:1:1;1:3:3,1,1,1,1,0,1,0,0,1,0,1,6,15,5
37124,0:2:1;0:4:3;1:1:1;1:3:3,1,2,1,1,0,1,0,0,1,0,1,6,15,5
37125,0:2:1;0:4:3;1:1:1;1:3:3,1,3,1,1,0,0,1,1,1,1,1,5,9,3
37126,0:2:1;0:4:3;1:1:1;1:3:3,1,4,1,1,1,0,1,1,1,1,1,5,9,1
37127,0:2:1;0:4:3;1:1:1;1:3:3,1,5,1,1,1,0,1,1,1,1,1,5,9,1
37128,0:2:1;0:4:3;1:1:1;1:3:3,2,0,1,1,0,0,1,1,1,1,1,5,9,14
37129,0:2:1;0:4:3;1:1:1;1:3:3,2,1,1,1,0,0,1,1,1,1,1,5,9,4
37130,0:2:1;0:4:3;1:1:1;1:3:3,2,2,1,1,0,0,1,1,1,1,1,5,9,4
37131,0:2:1;0:4:3;1:1:1;1:3:3,2,3,1,1,1,0,1,1,1,1,1,5,9,3
37132,0:2:1;0:4:3;1:1:1;1:3:3,2,4,1,1,1,0,1,1,1,1,1,5,9,1
37133,0:2:1;0:4:3;1:1:1;1:3:3,2,5,1,1,1,0,1,1,1,1,1,5,9,1
37134,0:2:1;0:4:3;1:1:1;1:3:3,3,0,1,1,0,0,1,1,1,1,1,5,9,14
37135,0:2:1;0:4:3;1:1:1;1:3:3,3,1,1,1,0,0,1,1,1,1,1,5,9,4
37136,0:2:1;0:4:3;1:1:1;1:3:3,3,2,1,1,1,0,1,1,1,1,1,5,9,4
37137,0:2:1;0:4:3;1:1:1;1:3:3,3,3,1,1,1,0,1,1,1,1,1,5,9,3
37138,0:2:1;0:4:3;1:1:1;1:3:3,3,4,1,1,1,0,1,1,1,1,1,5,9,1
37139,0:2:1;0:4:3;1:1:1;1:3:3,3,5,1,1,1,0,1,1,1,1,1,5,9,1
37140,0:2:1;0:4:3;1:1:1;1:3:3,4,0,1,1,0,0,1,1,1,1,1,5,9,14
37141,0:2:1;0:4:3;1:1:1;1:3:3,4,1,1,1,1,0,1,1,1,1,1,5,9,4
37142,0:2:1;0:4:3;1:1:1;1:3:3,4,2,1,1,1,0,1,1,1,1,1,5,9,4
37143,0:2:1;0:4:3;1:1:1;1:3:3,4,3,1,1,1,0,1,1,1,1,1,5,9,3
37144,0:2:1;0:4:3;1:1:1;1:3:3,4,4,1,1,1,0,1,1,1,1,1,5,9,1
37145,0:2:1;0:4:3;1:1:1;1:3:3,4,5,1,1,1,0,1,1,1,1,1,5,9,1
37146,0:2:1;0:4:3;1:1:1;1:3:3,5,0,1,1,1,0,1,1,1,1,1,5,9,14
37147,0:2:1;0:4:3;1:1:1;1:3:3,5,1,1,1,1,0,1,1,1,1,1,5,9,4
37148,0:2:1;0:4:3;1:1:1;1:3:3,5,2,1,1,1,0,1,1,1,1,1,5,9,4
37149,0:2:1;0:4:3;1:1:1;1:3:3,5,3,1,1,1,0,1,1,1,1,1,5,9,3
37150,0:2:1;0:4:3;1:1:1;1:3:3,5,4,1,1,1,0,1,1,1,1,1,5,9,1
37151,0:2:1;0:4:3;1:1:1;1:3:3,5,5,1,1,1,0,1,1,1,1,1,5,9,1
37152,0:2:1;0:4:3;1:1:1;1:4:3,0,0,1,0,0,1,0,0,0,0,0,1,1,24
37153,0:2:1;0:4:3;1:1:1;1:4:3,0,1,1,0,0,1,0,0,0,0,0,3,9,24
37154,0:2:1;0:4:3;1:1:1;1:4:3,0,2,1,0,0,1,0,0,0,0,0,3,15,24
37155,0:2:1;0:4:3;1:1:1;1:4:3,0,3,1,1,0,0,1,1,1,1,1,5,9,3
37156,0:2:1;0:4:3;1:1:1;1:4:3,0,4,1,1,0,0,1,1,1,1,1,5,9,1
37157,0:2:1;0:4:3;1:1:1;1:4:3,0,5,1,1,1,0,1,1,1,1,1,5,9,1
37158,0:2:1;0:4:3;1:1:1;1:4:3,1,0,1,0,0,1,0,0,0,0,0,3,7,24
37159,0:2:1;0:4:3;1:1:1;1:4:3,1,1,1,1,0,1,0,0,1,1,1,6,15,5
37160,0:2:1;0:4:3;1:1:1;1:4:3,1,2,1,1,0,1,0,0,1,1,1,6,15,5
37161,0:2:1;0:4:3;1:1:1;1:4:3,1,3,1,1,0,0,1,1,1,1,1,5,9,3
37162,0:2:1;0:4:3;1:1:1;1:4:3,1,4,1,1,1,0,1,1,1,1,1,5,9,1
37163,0:2:1;0:4:3;1:1:1;1:4:3,1,5,1,1,1,0,1,1,1,1,1,5,9,1
37164,0:2:1;0:4:3;1:1:1;1:4:3,2,0,1,1,0,0,1,1,1,1,1,5,9,14
37165,0:2:1;0:4:3;1:1:1;1:4:3,2,1,1,1,0,0,1,1,1,1,1,5,9,4
37166,0:2:1;0:4:3;1:1:1;1:4:3,2,2,1,1,0,0,1,1,1,1,1,5,9,4
37167,0:2:1;0:4:3;1:1:1;1:4:3,2,3,1,1,1,0,1,1,1,1,1,5,9,3
37168,0:2:1;0:4:3;1:1:1;1:4:3,2,4,1,1,1,0,1,1,1,1,1,5,9,1
37169,0:2:1;0:4:3;1:1:1;1:4:3,2,5,1,1,1,0,1,1,1,1,1,5,9,1
37170,0:2:1;0:4:3;1:1:1;1:4:3,3,0,1,1,0,0,1,1,1,1,1,5,9,14
37171,0:2:1;0:4:3;1:1:1;1:4:3,3,1,1,1,0,0,1,1,1,1,1,5,9,4
37172,0:2:1;0:4:3;1:1:1;1:4:3,3,2,1,1,1,0,1,1,1,1,1,5,9,4
37173,0:2:1;0:4:3;1:1:1;1:4:3,3,3,1,1,1,0,1,1,1,1,1,5,9,3
37174,0:2:1;0:4:3;1:1:1;1:4:3,3,4,1,1,1,0,1,1,1,1,1,5,9,1
37175,0:2:1;0:4:3;1:1:1;1:4:3,3,5,1,1,1,0,1,1,1,1,1,5,9,1
37176,0:2:1;0:4:3;1:1:1;1:4:3,4,0,1,1,0,0,1,1,1,1,1,5,9,14
37177,0:2:1;0:4:3;1:1:1;1:4:3,4,1,1,1,1,0,1,1,1,1,1,5,9,4
37178,0:2:1;0:4:3;1:1:1;1:4:3,4,2,1,1,1,0,1,1,1,1,1,5,9,4
37179,0:2:1;0:4:3;1:1:1;1:4:3,4,3,1,1,1,0,1,1,1,1,1,5,9,3
37180,0:2:1;0:4:3;1:1:1;1:4:3,4,4,1,1,1,0,1,1,1,1,1,5,9,1
37181,0:2:1;0:4:3;1:1:1;1:4:3,4,5,1,1,1,0,1,1,1,1,1,5,9,1
37182,0:2:1;0:4:3;1:1:1;1:4:3,5,0,1,1,1,0,1,1,1,1,1,5,9,14
37183,0:2:1;0:4:3;1:1:1;1:4:3,5,1,1,1,1,0,1,1,1,1,1,5,9,4
37184,0:2:1;0:4:3;1:1:1;1:4:3,5,2,1,1,1,0,1,1,1,1,1,5,9,4
37185,0:2:1;0:4:3;1:1:1;1:4:3,5,3,1,1,1,0,1,1,1,1,1,5,9,3
37186,0:2:1;0:4:3;1:1:1;1:4:3,5,4,1,1,1,0,1,1,1,1,1,5,9,1
37187,0:2:1;0:4:3;1:1:1;1:4:3,5,5,1,1,1,0,1,1,1,1,1,5,9,1
37188,0:2:1;0:4:3;1:2:1;1:2:1,0,0,1,0,0,1,0,0,0,0,0,1,1,24
37189,0:2:1;0:4:3;1:2:1;1:2:1,0,1,1,1,0,0,1,1,1,1,1,5,7,4
37190,0:2:1;0:4:3;1:2:1;1:2:1,0,2,1,1,0,0,1,1,1,1,1,5,7,3
37191,0:2:1;0:4:3;1:2:1;1:2:1,0,3,1,1,1,0,1,1,1,1,1,5,7,3
37192,0:2:1;0:4:3;1:2:1;1:2:1,0,4,1,1,1,0,1,1,1,1,1,5,7,1
37193,0:2:1;0:4:3;1:2:1;1:2:1,0,5,1,1,1,0,1,1,1,1,1,5,7,1
37194,0:2:1;0:4:3;1:2:1;1:2:1,1,0,1,1,0,0,1,1,1,1,1,5,7,14
37195,0:2:1;0:4:3;1:2:1;1:2:1,1,1,1,1,0,0,1,1,1,1,1,5,7,4
37196,0:2:1;0:4:3;1:2:1;1:2:1,1,2,1,1,1,0,1,1,1,1,1,5,7,3
37197,0:2:1;0:4:3;1:2:1;1:2:1,1,3,1,1,1,0,1,1,1,1,1,5,7,3
37198,0:2:1;0:4:3;1:2:1;1:2:1,1,4,1,1,1,0,1,1,1,1,1,5,7,1
37199,0:2:1;0:4:3;1:2:1;1:2:1,1,5,1,1,1,0,1,1,1,1,1,5,7,1
37200,0:2:1;0:4:3;1:2:1;1:2:1,2,0,1,1,0,0,1,1,1,1,1,5,7,14
37201,0:2:1;0:4:3;1:2:1;1:2:1,2,1,1,1,1,0,1,1,1,1,1,5,7,4
37202,0:2:1;0:4:3;1:2:1;1:2:1,2,2,1,1,1,0,1,1,1,1,1,5,7,3
37203,0:2:1;0:4:3;1:2:1;1:2:1,2,3,1,1,1,0,1,1,1,1,1,5,7,3
37204,0:2:1;0:4:3;1:2:1;1:2:1,2,4,1,1,1,0,1,1,1,1,1,5,7,1
37205,0:2:1;0:4:3;1:2:1;1:2:1,2,5,1,1,1,0,1,1,1,1,1,5,7,1
37206,0:2:1;0:4:3;1:2:1;1:2:1,3,0,1,1,1,0,1,1,1,1,1,5,7,14
37207,0:2:1;0:4:3;1:2:1;1:2:1,3,1,1,1,1,0,1,1,1,1,1,5,7,4
37208,0:2:1;0:4:3;1:2:1;1:2:1,3,2,1,1,1,0,1,1,1,1,1,5,7,3
37209,0:2:1;0:4:3;1:2:1;1:2:1,3,3,1,1,1,0,1,1,1,1,1,5,7,3
37210,0:2:1;0:4:3;1:2:1;1:2:1,3,4,1,1,1,0,1,1,1,1,1,5,7,1
37211,0:2:1;0:4:3;1:2:1;1:2:1,3,5,1,1,1,0,1,1,1,1,1,5,7,1
37212,0:2:1;0:4:3;1:2:1;1:2:1,4,0,1,1,1,0,1,1,1,1,1,5,7,14
37213,0:2:1;0:4:3;1:2:1;1:2:1,4,1,1,1,1,0,1,1,1,1,1,5,7,4
37214,0:2:1;0:4:3;1:2:1;1:2:1,4,2,1,1,1,0,1,1,1,1,1,5,7,3
37215,0:2:1;0:4:3;1:2:1;1:2:1,4,3,1,1,1,0,1,1,1,1,1,5,7,3
37216,0:2:1;0:4:3;1:2:1;1:2:1,4,4,1,1,1,0,1,1,1,1,1,5,7,1
37217,0:2:1;0:4:3;1:2:1;1:2:1,4,5,1,1,1,0,1,1,1,1,1,5,7,1
37218,0:2:1;0:4:3;1:2:1;1:2:1,5,0,1,1,1,0,1,1,1,1,1,5,7,14
37219,0:2:1;0:4:3;1:2:1;1:2:1,5,1,1,1,1,0,1,1,1,1,1,5,7,4
37220,0:2:1;0:4:3;1:2:1;1:2:1,5,2,1,1,1,0,1,1,1,1,1,5,7,3
37221,0:2:1;0:4:3;1:2:1;1:2:1,5,3,1,1,1,0,1,1,1,1,1,5,7,3
37222,0:2:1;0:4:3;1:2:1;1:2:1,5,4,1,1,1,0,1,1,1,1,1,5,7,1
37223,0:2:1;0:4:3;1:2:1;1:2:1,5,5,1,1,1,0,1,1,1,1,1,5,7,1
37224,0:2:1;0:4:3;1:2:1;1:2:2,0,0,1,0,0,1,0,0,0,0,0,1,1,24
37225,0:2:1;0:4:3;1:2:1;1:2:2,0,1,1,0,0,1,0,0,0,0,0,4,13,24
37226,0:2:1;0:4:3;1:2:1;1:2:2,0,2,1,1,0,0,1,1,1,1,1,5,8,3
37227,0:2:1;0:4:3;1:2:1;1:2:2,0,3,1,1,0,0,1,1,1,1,1,5,8,3
37228,0:2:1;0:4:3;1:2:1;1:2:2,0,4,1,1,1,0,1,1,1,1,1,5,8,1
37229,0:2:1;0:4:3;1:2:1;1:2:2,0,5,1,1,1,0,1,1,1,1,1,5,8,1
37230,0:2:1;0:4:3;1:2:1;1:2:2,1,0,1,1,0,0,1,1,1,1,1,5,8,14
37231,0:2:1;0:4:3;1:2:1;1:2:2,1,1,1,1,0,0,1,1,1,1,1,5,8,4
37232,0:2:1;0:4:3;1:2:1;1:2:2,1,2,1,1,0,0,1,1,1,1,1,5,8,3
37233,0:2:1;0:4:3;1:2:1;1:2:2,1,3,1,1,1,0,1,1,1,1,1,5,8,3
37234,0:2:1;0:4:3;1:2:1;1:2:2,1,4,1,1,1,0,1,1,1,1,1,5,8,1
37235,0:2:1;0:4:3;1:2:1;1:2:2,1,5,1,1,1,0,1,1,1,1,1,5,8,1
37236,0:2:1;0:4:3;1:2:1;1:2:2,2,0,1,1,0,0,1,1,1,1,1,5,8,14
37237,0:2:1;0:4:3;1:2:1;1:2:2,2,1,1,1,0,0,1,1,1,1,1,5,8,4
37238,0:2:1;0:4:3;1:2:1;1:2:2,2,2,1,1,1,0,1,1,1,1,1,5,8,3
37239,0:2:1;0:4:3;1:2:1;1:2:2,2,3,1,1,1,0,1,1,1,1,1,5,8,3
37240,0:2:1;0:4:3;1:2:1;1:2:2,2,4,1,1,1,0,1,1,1,1,1,5,8,1
37241,0:2:1;0:4:3;1:2:1;1:2:2,2,5,1,1,1,0,1,1,1,1,1,5,8,1
37242,0:2:1;0:4:3;1:2:1;1:2:2,3,0,1,1,0,0,1,1,1,1,1,5,8,14
37243,0:2:1;0:4:3;1:2:1;1:2:2,3,1,1,1,1,0,1,1,1,1,1,5,8,4
37244,0:2:1;0:4:3;1:2:1;1:2:2,3,2,1,1,1,0,1,1,1,1,1,5,8,3
37245,0:2:1;0:4:3;1:2:1;1:2:2,3,3,1,1,1,0,1,1,1,1,1,5,8,3
37246,0:2:1;0:4:3;1:2:1;1:2:2,3,4,1,1,1,0,1,1,1,1,1,5,8,1
37247,0:2:1;0:4:3;1:2:1;1:2:2,3,5,1,1,1,0,1,1,1,1,1,5,8,1
37248,0:2:1;0:4:3;1:2:1;1:2:2,4,0,1,1,1,0,1,1,1,1,1,5,8,14
37249,0:2:1;0:4:3;1:2:1;1:2:2,4,1,1,1,1,0,1,1,1,1,1,5,8,4
37250,0:2:1;0:4:3;1:2:1;1:2:2,4,2,1,1,1,0,1,1,1,1,1,5,8,3
37251,0:2:1;0:4:3;1:2:1;1:2:2,4,3,1,1,1,0,1,1,1,1,1,5,8,3
37252,0:2:1;0:4:3;1:2:1;1:2:2,4,4,1,1,1,0,1,1,1,1,1,5,8,1
37253,0:2:1;0:4:3;1:2:1;1:2:2,4,5,1,1,1,0,1,1,1,1,1,5,8,1
37254,0:2:1;0:4:3;1:2:1;1:2:2,5,0,1,1,1,0,1,1,1,1,1,5,8,14
37255,0:2:1;0:4:3;1:2:1;1:2:2,5,1,1,1,1,0,1,1,1,1,1,5,8,4
37256,0:2:1;0:4:3;1:2:1;1:2:2,5,2,1,1,1,0,1,1,1,1,1,5,8,3
37257,0:2:1;0:4:3;1:2:1;1:2:2,5,3,1,1,1,0,1,1,1,1,1,5,8,3
37258,0:2:1;0:4:3;1:2:1;1:2:2,5,4,1,1,1,0,1,1,1,1,1,5,8,1
37259,0:2:1;0:4:3;1:2:1;1:2:2,5,5,1,1,1,0,1,1,1,1,1,5,8,1
37260,0:2:1;0:4:3;1:2:1;1:3:2,0,0,1,0,0,1,0,0,0,0,0,1,1,24
37261,0:2:1;0:4:3;1:2:1;1:3:2,0,1,1,1,0,1,0,0,1,0,1,6,14,5
37262,0:2:1;0:4:3;1:2:1;1:3:2,0,2,1,1,0,0,1,1,1,1,1,5,8,3
37263,0:2:1;0:4:3;1:2:1;1:3:2,0,3,1,1,0,0,1,1,1,1,1,5,8,3
37264,0:2:1;0:4:3;1:2:1;1:3:2,0,4,1,1,1,0,1,1,1,1,1,5,8,1
37265,0:2:1;0:4:3;1:2:1;1:3:2,0,5,1,1,1,0,1,1,1,1,1,5,8,1
37266,0:2:1;0:4:3;1:2:1;1:3:2,1,0,1,1,0,0,1,1,1,1,1,5,8,14
37267,0:2:1;0:4:3;1:2:1;1:3:2,1,1,1,1,0,0,1,1,1,1,1,5,8,4
37268,0:2:1;0:4:3;1:2:1;1:3:2,1,2,1,1,0,0,1,1,1,1,1,5,8,3
37269,0:2:1;0:4:3;1:2:1;1:3:2,1,3,1,1,1,0,1,1,1,1,1,5,8,3
37270,0:2:1;0:4:3;1:2:1;1:3:2,1,4,1,1,1,0,1,1,1,1,1,5,8,1
37271,0:2:1;0:4:3;1:2:1;1:3:2,1,5,1,1,1,0,1,1,1,1,1,5,8,1
37272,0:2:1;0:4:3;1:2:1;1:3:2,2,0,1,1,0,0,1,1,1,1,1,5,8,14
37273,0:2:1;0:4:3;1:2:1;1:3:2,2,1,1,1,0,0,1,1,1,1,1,5,8,4
37274,0:2:1;0:4:3;1:2:1;1:3:2,2,2,1,1,1,0,1,1,1,1,1,5,8,3
37275,0:2:1;0:4:3;1:2:1;1:3:2,2,3,1,1,1,0,1,1,1,1,1,5,8,3
37276,0:2:1;0:4:3;1:2:1;1:3:2,2,4,1,1,1,0,1,1,1,1,1,5,8,1
37277,0:2:1;0:4:3;1:2:1;1:3:2,2,5,1,1,1,0,1,1,1,1,1,5,8,1
37278,0:2:1;0:4:3;1:2:1;1:3:2,3,0,1,1,0,0,1,1,1,1,1,5,8,14
37279,0:2:1;0:4:3;1:2:1;1:3:2,3,1,1,1,1,0,1,1,1,1,1,5,8,4
37280,0:2:1;0:4:3;1:2:1;1:3:2,3,2,1,1,1,0,1,1,1,1,1,5,8,3
37281,0:2:1;0:4:3;1:2:1;1:3:2,3,3,1,1,1,0,1,1,1,1,1,5,8,3
37282,0:2:1;0:4:3;1:2:1;1:3:2,3,4,1,1,1,0,1,1,1,1,1,5,8,1
37283,0:2:1;0:4:3;1:2:1;1:3:2,3,5,1,1,1,0,1,1,1,1,1,5,8,1
37284,0:2:1;0:4:3;1:2:1;1:3:2,4,0,1,1,1,0,1,1,1,1,1,5,8,14
37285,0:2:1;0:4:3;1:2:1;1:3:2,4,1,1,1,1,0,1,1,1,1,1,5,8,4
37286,0:2:1;0:4:3;1:2:1;1:3:2,4,2,1,1,1,0,1,1,1,1,1,5,8,3
37287,0:2:1;0:4:3;1:2:1;1:3:2,4,3,1,1,1,0,1,1,1,1,1,5,8,3
37288,0:2:1;0:4:3;1:2:1;1:3:2,4,4,1,1,1,0,1,1,1,1,1,5,8,1
37289,0:2:1;0:4:3;1:2:1;1:3:2,4,5,1,1,1,0,1,1,1,1,1,5,8,1
37290,0:2:1;0:4:3;1:2:1;1:3:2,5,0,1,1,1,0,1,1,1,1,1,5,8,14
37291,0:2:1;0:4:3;1:2:1;1:3:2,5,1,1,1,1,0,1,1,1,1,1,5,8,4
37292,0:2:1;0:4:3;1:2:1;1:3:2,5,2,1,1,1,0,1,1,1,1,1,5,8,3
37293,0:2:1;0:4:3;1:2:1;1:3:2,5,3,1,1,1,0,1,1,1,1,1,5,8,3
37294,0:2:1;0:4:3;1:2:1;1:3:2,5,4,1,1,1,0,1,1,1,1,1,5,8,1
37295,0:2:1;0:4:3;1:2:1;1:3:2,5,5,1,1,1,0,1,1,1,1,1,5,8,1
37296,0:2:1;0:4:3;1:2:1;1:3:3,0,0,1,0,0,1,0,0,0,0,0,1,1,24
37297,0:2:1;0:4:3;1:2:1;1:3:3,0,1,1,0,0,1,0,0,0,0,0,3,11,24
37298,0:2:1;0:4:3;1:2:1;1:3:3,0,2,1,1,0,0,1,1,1,1,1,5,9,3
37299,0:2:1;0:4:3;1:2:1;1:3:3,0,3,1,1,0,0,1,1,1,1,1,5,9,3
37300,0:2:1;0:4:3;1:2:1;1:3:3,0,4,1,1,0,0,1,1,1,1,1,5,9,1
37301,0:2:1;0:4:3;1:2:1;1:3:3,0,5,1,1,1,0,1,1,1,1,1,5,9,1
37302,0:2:1;0:4:3;1:2:1;1:3:3,1,0,1,0,0,1,0,0,0,0,0,3,11,24
37303,0:2:1;0:4:3;1:2:1;1:3:3,1,1,1,1,0,1,0,0,1,0,1,6,18,5
37304,0:2:1;0:4:3;1:2:1;1:3:3,1,2,1,1,0,0,1,1,1,1,1,5,9,3
37305,0:2:1;0:4:3;1:2:1;1:3:3,1,3,1,1,0,0,1,1,1,1,1,5,9,3
37306,0:2:1;0:4:3;1:2:1;1:3:3,1,4,1,1,1,0,1,1,1,1,1,5,9,1
37307,0:2:1;0:4:3;1:2:1;1:3:3,1,5,1,1,1,0,1,1,1,1,1,5,9,1
37308,0:2:1;0:4:3;1:2:1;1:3:3,2,0,1,1,0,0,1,1,1,1,1,5,9,14
37309,0:2:1;0:4:3;1:2:1;1:3:3,2,1,1,1,0,0,1,1,1,1,1,5,9,4
37310,0:2:1;0:4:3;1:2:1;1:3:3,2,2,1,1,0,0,1,1,1,1,1,5,9,3
37311,0:2:1;0:4:3;1:2:1;1:3:3,2,3,1,1,1,0,1,1,1,1,1,5,9,3
37312,0:2:1;0:4:3;1:2:1;1:3:3,2,4,1,1,1,0,1,1,1,1,1,5,9,1
37313,0:2:1;0:4:3;1:2:1;1:3:3,2,5,1,1,1,0,1,1,1,1,1,5,9,1
37314,0:2:1;0:4:3;1:2:1;1:3:3,3,0,1,1,0,0,1,1,1,1,1,5,9,14
37315,0:2:1;0:4:3;1:2:1;1:3:3,3,1,1,1,0,0,1,1,1,1,1,5,9,4
37316,0:2:1;0:4:3;1:2:1;1:3:3,3,2,1,1,1,0,1,1,1,1,1,5,9,3
37317,0:2:1;0:4:3;1:2:1;1:3:3,3,3,1,1,1,0,1,1,1,1,1,5,9,3
37318,0:2:1;0:4:3;1:2:1;1:3:3,3,4,1,1,1,0,1,1,1,1,1,5,9,1
37319,0:2:1;0:4:3;1:2:1;1:3:3,3,5,1,1,1,0,1,1,1,1,1,5,9,1
37320,0:2:1;0:4:3;1:2:1;1:3:3,4,0,1,1,0,0,1,1,1,1,1,5,9,14
37321,0:2:1;0:4:3;1:2:1;1:3:3,4,1,1,1,1,0,1,1,1,1,1,5,9,4
37322,0:2:1;0:4:3;1:2:1;1:3:3,4,2,1,1,1,0,1,1,1,1,1,5,9,3
37323,0:2:1;0:4:3;1:2:1;1:3:3,4,3,1,1,1,0,1,1,1,1,1,5,9,3
37324,0:2:1;0:4:3;1:2:1;1:3:3,4,4,1,1,1,0,1,1,1,1,1,5,9,1
37325,0:2:1;0:4:3;1:2:1;1:3:3,4,5,1,1,1,0,1,1,1,1,1,5,9,1
37326,0:2:1;0:4:3;1:2:1;1:3:3,5,0,1,1,1,0,1,1,1,1,1,5,9,14
37327,0:2:1;0:4:3;1:2:1;1:3:3,5,1,1,1,1,0,1,1,1,1,1,5,9,4
37328,0:2:1;0:4:3;1:2:1;1:3:3,5,2,1,1,1,0,1,1,1,1,1,5,9,3
37329,0:2:1;0:4:3;1:2:1;1:3:3,5,3,1,1,1,0,1,1,1,1,1,5,9,3
37330,0:2:1;0:4:3;1:2:1;1:3:3,5,4,1,1,1,0,1,1,1,1,1,5,9,1
37331,0:2:1;0:4:3;1:2:1;1:3:3,5,5,1,1,1,0,1,1,1,1,1,5,9,1
37332,0:2:1;0:4:3;1:2:1;1:4:3,0,0,1,0,0,1,0,0,0,0,0,1,1,24
37333,0:2:1;0:4:3;1:2:1;1:4:3,0,1,1,0,0,1,0,0,0,0,0,3,11,24
37334,0:2:1;0:4:3;1:2:1;1:4:3,0,2,1,1,0,0,1,1,1,1,1,5,9,3
37335,0:2:1;0:4:3;1:2:1;1:4:3,0,3,1,1,0,0,1,1,1,1,1,5,9,3
37336,0:2:1;0:4:3;1:2:1;1:4:3,0,4,1,1,0,0,1,1,1,1,1,5,9,1
37337,0:2:1;0:4:3;1:2:1;1:4:3,0,5,1,1,1,0,1,1,1,1,1,5,9,1
37338,0:2:1;0:4:3;1:2:1;1:4:3,1,0,1,0,0,1,0,0,0,0,0,3,11,24
37339,0:2:1;0:4:3;1:2:1;1:4:3,1,1,1,1,0,1,0,0,1,0,1,6,18,5
37340,0:2:1;0:4:3;1:2:1;1:4:3,1,2,1,1,0,0,1,1,1,1,1,5,9,3
37341,0:2:1;0:4:3;1:2:1;1:4:3,1,3,1,1,0,0,1,1,1,1,1,5,9,3
37342,0:2:1;0:4:3;1:2:1;1:4:3,1,4,1,1,1,0,1,1,1,1,1,5,9,1
37343,0:2:1;0:4:3;1:2:1;1:4:3,1,5,1,1,1,0,1,1,1,1,1,5,9,1
37344,0:2:1;0:4:3;1:2:1;1:4:3,2,0,1,1,0,0,1,1,1,1,1,5,9,14
37345,0:2:1;0:4:3;1:2:1;1:4:3,2,1,1,1,0,0,1,1,1,1,1,5,9,4
37346,0:2:1;0:4:3;1:2:1;1:4:3,2,2,1,1,0,0,1,1,1,1,1,5,9,3
37347,0:2:1;0:4:3;1:2:1;1:4:3,2,3,1,1,1,0,1,1,1,1,1,5,9,3
37348,0:2:1;0:4:3;1:2:1;1:4:3,2,4,1,1,1,0,1,1,1,1,1,5,9,1
37349,0:2:1;0:4:3;1:2:1;1:4:3,2,5,1,1,1,0,1,1,1,1,1,5,9,1
37350,0:2:1;0:4:3;1:2:1;1:4:3,3,0,1,1,0,0,1,1,1,1,1,5,9,14
37351,0:2:1;0:4:3;1:2:1;1:4:3,3,1,1,1,0,0,1,1,1,1,1,5,9,4
37352,0:2:1;0:4:3;1:2:1;1:4:3,3,2,1,1,1,0,1,1,1,1,1,5,9,3
37353,0:2:1;0:4:3;1:2:1;1:4:3,3,3,1,1,1,0,1,1,1,1,1,5,9,3
37354,0:2:1;0:4:3;1:2:1;1:4:3,3,4,1,1,1,0,1,1,1,1,1,5,9,1
37355,0:2:1;0:4:3;1:2:1;1:4:3,3,5,1,1,1,0,1,1,1,1,1,5,9,1
37356,0:2:1;0:4:3;1:2:1;1:4:3,4,0,1,1,0,0,1,1,1,1,1,5,9,14
37357,0:2:1;0:4:3;1:2:1;1:4:3,4,1,1,1,1,0,1,1,1,1,1,5,9,4
37358,0:2:1;0:4:3;1:2:1;1:4:3,4,2,1,1,1,0,1,1,1,1,1,5,9,3
37359,0:2:1;0:4:3;1:2:1;1:4:3,4,3,1,1,1,0,1,1,1,1,1,5,9,3
37360,0:2:1;0:4:3;1:2:1;1:4:3,4,4,1,1,1,0,1,1,1,1,1,5,9,1
37361,0:2:1;0:4:3;1:2:1;1:4:3,4,5,1,1,1,0,1,1,1,1,1,5,9,1
37362,0:2:1;0:4:3;1:2:1;1:4:3,5,0,1,1,1,0,1,1,1,1,1,5,9,14
37363,0:2:1;0:4:3;1:2:1;1:4:3,5,1,1,1,1,0,1,1,1,1,1,5,9,4
37364,0:2:1;0:4:3;1:2:1;1:4:3,5,2,1,1,1,0,1,1,1,1,1,5,9,3
37365,0:2:1;0:4:3;1:2:1;1:4:3,5,3,1,1,1,0,1,1,1,1,1,5,9,3
37366,0:2:1;0:4:3;1:2:1;1:4:3,5,4,1,1,1,0,1,1,1,1,1,5,9,1
37367,0:2:1;0:4:3;1:2:1;1:4:3,5,5,1,1,1,0,1,1,1,1,1,5,9,1
37368,0:2:1;0:4:3;1:2:2;1:2:2,0,0,1,0,0,1,0,0,0,0,0,1,1,24
37369,0:2:1;0:4:3;1:2:2;1:2:2,0,1,1,0,0,1,0,0,0,0,0,4,12,24
37370,0:2:1;0:4:3;1:2:2;1:2:2,0,2,1,1,0,0,1,1,1,1,1,5,9,3
37371,0:2:1;0:4:3;1:2:2;1:2:2,0,3,1,1,0,0,1,1,1,1,1,5,9,3
37372,0:2:1;0:4:3;1:2:2;1:2:2,0,4,1,1,1,0,1,1,1,1,1,5,9,1
37373,0:2:1;0:4:3;1:2:2;1:2:2,0,5,1,1,1,0,1,1,1,1,1,5,9,1
37374,0:2:1;0:4:3;1:2:2;1:2:2,1,0,1,0,0,1,0,0,0,0,0,1,3,24
37375,0:2:1;0:4:3;1:2:2;1:2:2,1,1,1,0,0,1,0,0,0,0,0,4,22,24
37376,0:2:1;0:4:3;1:2:2;1:2:2,1,2,1,1,0,0,1,1,1,1,1,5,9,3
37377,0:2:1;0:4:3;1:2:2;1:2:2,1,3,1,1,1,0,1,1,1,1,1,5,9,3
37378,0:2:1;0:4:3;1:2:2;1:2:2,1,4,1,1,1,0,1,1,1,1,1,5,9,1
37379,0:2:1;0:4:3;1:2:2;1:2:2,1,5,1,1,1,0,1,1,1,1,1,5,9,1
37380,0:2:1;0:4:3;1:2:2;1:2:2,2,0,1,1,0,0,1,1,1,1,1,5,9,14
37381,0:2:1;0:4:3;1:2:2;1:2:2,2,1,1,1,0,0,1,1,1,1,1,5,9,4
37382,0:2:1;0:4:3;1:2:2;1:2:2,2,2,1,1,1,0,1,1,1,1,1,5,9,3
37383,0:2:1;0:4:3;1:2:2;1:2:2,2,3,1,1,1,0,1,1,1,1,1,5,9,3
37384,0:2:1;0:4:3;1:2:2;1:2:2,2,4,1,1,1,0,1,1,1,1,1,5,9,1
37385,0:2:1;0:4:3;1:2:2;1:2:2,2,5,1,1,1,0,1,1,1,1,1,5,9,1
37386,0:2:1;0:4:3;1:2:2;1:2:2,3,0,1,1,0,0,1,1,1,1,1,5,9,14
37387,0:2:1;0:4:3;1:2:2;1:2:2,3,1,1,1,1,0,1,1,1,1,1,5,9,4
37388,0:2:1;0:4:3;1:2:2;1:2:2,3,2,1,1,1,0,1,1,1,1,1,5,9,3
37389,0:2:1;0:4:3;1:2:2;1:2:2,3,3,1,1,1,0,1,1,1,1,1,5,9,3
37390,0:2:1;0:4:3;1:2:2;1:2:2,3,4,1,1,1,0,1,1,1,1,1,5,9,1
37391,0:2:1;0:4:3;1:2:2;1:2:2,3,5,1,1,1,0,1,1,1,1,1,5,9,1
37392,0:2:1;0:4:3;1:2:2;1:2:2,4,0,1,1,1,0,1,1,1,1,1,5,9,14
37393,0:2:1;0:4:3;1:2:2;1:2:2,4,1,1,1,1,0,1,1,1,1,1,5,9,4
37394,0:2:1;0:4:3;1:2:2;1:2:2,4,2,1,1,1,0,1,1,1,1,1,5,9,3
37395,0:2:1;0:4:3;1:2:2;1:2:2,4,3,1,1,1,0,1,1,1,1,1,5,9,3
37396,0:2:1;0:4:3;1:2:2;1:2:2,4,4,1,1,1,0,1,1,1,1,1,5,9,1
37397,0:2:1;0:4:3;1:2:2;1:2:2,4,5,1,1,1,0,1,1,1,1,1,5,9,1
37398,0:2:1;0:4:3;1:2:2;1:2:2,5,0,1,1,1,0,1,1,1,1,1,5,9,14
37399,0:2:1;0:4:3;1:2:2;1:2:2,5,1,1,1,1,0,1,1,1,1,1,5,9,4
37400,0:2:1;0:4:3;1:2:2;1:2:2,5,2,1,1,1,0,1,1,1,1,1,5,9,3
37401,0:2:1;0:4:3;1:2:2;1:2:2,5,3,1,1,1,0,1,1,1,1,1,5,9,3
37402,0:2:1;0:4:3;1:2:2;1:2:2,5,4,1,1,1,0,1,1,1,1,1,5,9,1
37403,0:2:1;0:4:3;1:2:2;1:2:2,5,5,1,1,1,0,1,1,1,1,1,5,9,1
37404,0:2:1;0:4:3;1:2:2;1:3:2,0,0,1,0,0,1,0,0,0,0,0,1,1,24
37405,0:2:1;0:4:3;1:2:2;1:3:2,0,1,1,1,0,1,0,0,0,1,1,6,14,5
37406,0:2:1;0:4:3;1:2:2;1:3:2,0,2,1,1,0,0,1,1,1,1,1,5,9,3
37407,0:2:1;0:4:3;1:2:2;1:3:2,0,3,1,1,0,0,1,1,1,1,1,5,9,3
37408,0:2:1;0:4:3;1:2:2;1:3:2,0,4,1,1,1,0,1,1,1,1,1,5,9,1
37409,0:2:1;0:4:3;1:2:2;1:3:2,0,5,1,1,1,0,1,1,1,1,1,5,9,1
37410,0:2:1;0:4:3;1:2:2;1:3:2,1,0,1,0,0,1,0,0,0,0,0,1,3,24
37411,0:2:1;0:4:3;1:2:2;1:3:2,1,1,1,1,0,1,0,0,0,1,1,6,15,5
37412,0:2:1;0:4:3;1:2:2;1:3:2,1,2,1,1,0,0,1,1,1,1,1,5,9,3
37413,0:2:1;0:4:3;1:2:2;1:3:2,1,3,1,1,1,0,1,1,1,1,1,5,9,3
37414,0:2:1;0:4:3;1:2:2;1:3:2,1,4,1,1,1,0,1,1,1,1,1,5,9,1
37415,0:2:1;0:4:3;1:2:2;1:3:2,1,5,1,1,1,0,1,1,1,1,1,5,9,1
37416,0:2:1;0:4:3;1:2:2;1:3:2,2,0,1,1,0,0,1,1,1,1,1,5,9,14
37417,0:2:1;0:4:3;1:2:2;1:3:2,2,1,1,1,0,0,1,1,1,1,1,5,9,4
37418,0:2:1;0:4:3;1:2:2;1:3:2,2,2,1,1,1,0,1,1,1,1,1,5,9,3
37419,0:2:1;0:4:3;1:2:2;1:3:2,2,3,1,1,1,0,1,1,1,1,1,5,9,3
37420,0:2:1;0:4:3;1:2:2;1:3:2,2,4,1,1,1,0,1,1,1,1,1,5,9,1
37421,0:2:1;0:4:3;1:2:2;1:3:2,2,5,1,1,1,0,1,1,1,1,1,5,9,1
37422,0:2:1;0:4:3;1:2:2;1:3:2,3,0,1,1,0,0,1,1,1,1,1,5,9,14
37423,0:2:1;0:4:3;1:2:2;1:3:2,3,1,1,1,1,0,1,1,1,1,1,5,9,4
37424,0:2:1;0:4:3;1:2:2;1:3:2,3,2,1,1,1,0,1,1,1,1,1,5,9,3
37425,0:2:1;0:4:3;1:2:2;1:3:2,3,3,1,1,1,0,1,1,1,1,1,5,9,3
37426,0:2:1;0:4:3;1:2:2;1:3:2,3,4,1,1,1,0,1,1,1,1,1,5,9,1
37427,0:2:1;0:4:3;1:2:2;1:3:2,3,5,1,1,1,0,1,1,1,1,1,5,9,1
37428,0:2:1;0:4:3;1:2:2;1:3:2,4,0,1,1,1,0,1,1,1,1,1,5,9,14
37429,0:2:1;0:4:3;1:2:2;1:3:2,4,1,1,1,1,0,1,1,1,1,1,5,9,4
37430,0:2:1;0:4:3;1:2:2;1:3:2,4,2,1,1,1,0,1,1,1,1,1,5,9,3
37431,0:2:1;0:4:3;1:2:2;1:3:2,4,3,1,1,1,0,1,1,1,1,1,5,9,3
37432,0:2:1;0:4:3;1:2:2;1:3:2,4,4,1,1,1,0,1,1,1,1,1,5,9,1
37433,0:2:1;0:4:3;1:2:2;1:3:2,4,5,1,1,1,0,1,1,1,1,1,5,9,1
37434,0:2:1;0:4:3;1:2:2;1:3:2,5,0,1,1,1,0,1,1,1,1,1,5,9,14
37435,0:2:1;0:4:3;1:2:2;1:3:2,5,1,1,1,1,0,1,1,1,1,1,5,9,4
37436,0:2:1;0:4:3;1:2:2;1:3:2,5,2,1,1,1,0,1,1,1,1,1,5,9,3
37437,0:2:1;0:4:3;1:2:2;1:3:2,5,3,1,1,1,0,1,1,1,1,1,5,9,3
37438,0:2:1;0:4:3;1:2:2;1:3:2,5,4,1,1,1,0,1,1,1,1,1,5,9,1
37439,0:2:1;0:4:3;1:2:2;1:3:2,5,5,1,1,1,0,1,1,1,1,1,5,9,1
37440,0:2:1;0:4:3;1:2:2;1:3:3,0,0,1,0,0,1,0,0,0,0,0,1,1,24
37441,0:2:1;0:4:3;1:2:2;1:3:3,0,1,1,0,0,1,0,0,0,0,0,3,10,24
37442,0:2:1;0:4:3;1:2:2;1:3:3,0,2,1,1,0,0,1,1,1,1,1,5,10,3
37443,0:2:1;0:4:3;1:2:2;1:3:3,0,3,1,1,0,0,1,1,1,1,1,5,10,3
37444,0:2:1;0:4:3;1:2:2;1:3:3,0,4,1,1,0,0,1,1,1,1,1,5,10,1
37445,0:2:1;0:4:3;1:2:2;1:3:3,0,5,1,1,1,0,1,1,1,1,1,5,10,1
37446,0:2:1;0:4:3;1:2:2;1:3:3,1,0,1,0,0,1,0,0,0,0,0,1,3,24
37447,0:2:1;0:4:3;1:2:2;1:3:3,1,1,1,1,0,1,0,0,1,0,1,6,19,5
37448,0:2:1;0:4:3;1:2:2;1:3:3,1,2,1,1,0,0,1,1,1,1,1,5,10,3
37449,0:2:1;0:4:3;1:2:2;1:3:3,1,3,1,1,0,0,1,1,1,1,1,5,10,3
37450,0:2:1;0:4:3;1:2:2;1:3:3,1,4,1,1,1,0,1,1,1,1,1,5,10,1
37451,0:2:1;0:4:3;1:2:2;1:3:3,1,5,1,1,1,0,1,1,1,1,1,5,10,1
37452,0:2:1;0:4:3;1:2:2;1:3:3,2,0,1,0,0,1,0,0,0,0,0,3,14,24
37453,0:2:1;0:4:3;1:2:2;1:3:3,2,1,1,1,0,1,0,0,1,0,1,6,19,5
37454,0:2:1;0:4:3;1:2:2;1:3:3,2,2,1,1,0,0,1,1,1,1,1,5,10,3
37455,0:2:1;0:4:3;1:2:2;1:3:3,2,3,1,1,1,0,1,1,1,1,1,5,10,3
37456,0:2:1;0:4:3;1:2:2;1:3:3,2,4,1,1,1,0,1,1,1,1,1,5,10,1
37457,0:2:1;0:4:3;1:2:2;1:3:3,2,5,1,1,1,0,1,1,1,1,1,5,10,1
37458,0:2:1;0:4:3;1:2:2;1:3:3,3,0,1,1,0,0,1,1,1,1,1,5,10,14
37459,0:2:1;0:4:3;1:2:2;1:3:3,3,1,1,1,0,0,1,1,1,1,1,5,10,4
37460,0:2:1;0:4:3;1:2:2;1:3:3,3,2,1,1,1,0,1,1,1,1,1,5,10,3
37461,0:2:1;0:4:3;1:2:2;1:3:3,3,3,1,1,1,0,1,1,1,1,1,5,10,3
37462,0:2:1;0:4:3;1:2:2;1:3:3,3,4,1,1,1,0,1,1,1,1,1,5,10,1
37463,0:2:1;0:4:3;1:2:2;1:3:3,3,5,1,1,1,0,1,1,1,1,1,5,10,1
37464,0:2:1;0:4:3;1:2:2;1:3:3,4,0,1,1,0,0,1,1,1,1,1,5,10,14
37465,0:2:1;0:4:3;1:2:2;1:3:3,4,1,1,1,1,0,1,1,1,1,1,5,10,4
37466,0:2:1;0:4:3;1:2:2;1:3:3,4,2,1,1,1,0,1,1,1,1,1,5,10,3
37467,0:2:1;0:4:3;1:2:2;1:3:3,4,3,1,1,1,0,1,1,1,1,1,5,10,3
37468,0:2:1;0:4:3;1:2:2;1:3:3,4,4,1,1,1,0,1,1,1,1,1,5,10,1
37469,0:2:1;0:4:3;1:2:2;1:3:3,4,5,1,1,1,0,1,1,1,1,1,5,10,1
37470,0:2:1;0:4:3;1:2:2;1:3:3,5,0,1,1,1,0,1,1,1,1,1,5,10,14
37471,0:2:1;0:4:3;1:2:2;1:3:3,5,1,1,1,1,0,1,1,1,1,1,5,10,4
37472,0:2:1;0:4:3;1:2:2;1:3:3,5,2,1,1,1,0,1,1,1,1,1,5,10,3
37473,0:2:1;0:4:3;1:2:2;1:3:3,5,3,1,1,1,0,1,1,1,1,1,5,10,3
37474,0:2:1;0:4:3;1:2:2;1:3:3,5,4,1,1,1,0,1,1,1,1,1,5,10,1
37475,0:2:1;0:4:3;1:2:2;1:3:3,5,5,1,1,1,0,1,1,1,1,1,5,10,1
37476,0:2:1;0:4:3;1:2:2;1:4:3,0,0,1,0,0,1,0,0,0,0,0,1,1,24
37477,0:2:1;0:4:3;1:2:2;1:4:3,0,1,1,0,0,1,0,0,0,0,0,3,10,24
37478,0:2:1;0:4:3;1:2:2;1:4:3,0,2,1,1,0,0,1,1,1,1,1,5,10,3
37479,0:2:1;0:4:3;1:2:2;1:4:3,0,3,1,1,0,0,1,1,1,1,1,5,10,3
37480,0:2:1;0:4:3;1:2:2;1:4:3,0,4,1,1,0,0,1,1,1,1,1,5,10,1
37481,0:2:1;0:4:3;1:2:2;1:4:3,0,5,1,1,1,0,1,1,1,1,1,5,10,1
37482,0:2:1;0:4:3;1:2:2;1:4:3,1,0,1,0,0,1,0,0,0,0,0,1,3,24
37483,0:2:1;0:4:3;1:2:2;1:4:3,1,1,1,1,0,1,0,0,1,1,1,6,19,5
37484,0:2:1;0:4:3;1:2:2;1:4:3,1,2,1,1,0,0,1,1,1,1,1,5,10,3
37485,0:2:1;0:4:3;1:2:2;1:4:3,1,3,1,1,0,0,1,1,1,1,1,5,10,3
37486,0:2:1;0:4:3;1:2:2;1:4:3,1,4,1,1,1,0,1,1,1,1,1,5,10,1
37487,0:2:1;0:4:3;1:2:2;1:4:3,1,5,1,1,1,0,1,1,1,1,1,5,10,1
37488,0:2:1;0:4:3;1:2:2;1:4:3,2,0,1,0,0,1,0,0,0,0,0,3,14,24
37489,0:2:1;0:4:3;1:2:2;1:4:3,2,1,1,1,0,1,0,0,1,1,1,6,19,5
37490,0:2:1;0:4:3;1:2:2;1:4:3,2,2,1,1,0,0,1,1,1,1,1,5,10,3
37491,0:2:1;0:4:3;1:2:2;1:4:3,2,3,1,1,1,0,1,1,1,1,1,5,10,3
37492,0:2:1;0:4:3;1:2:2;1:4:3,2,4,1,1,1,0,1,1,1,1,1,5,10,1
37493,0:2:1;0:4:3;1:2:2;1:4:3,2,5,1,1,1,0,1,1,1,1,1,5,10,1
37494,0:2:1;0:4:3;1:2:2;1:4:3,3,0,1,1,0,0,1,1,1,1,1,5,10,14
37495,0:2:1;0:4:3;1:2:2;1:4:3,3,1,1,1,0,0,1,1,1,1,1,5,10,4
37496,0:2:1;0:4:3;1:2:2;1:4:3,3,2,1,1,1,0,1,1,1,1,1,5,10,3
37497,0:2:1;0:4:3;1:2:2;1:4:3,3,3,1,1,1,0,1,1,1,1,1,5,10,3
37498,0:2:1;0:4:3;1:2:2;1:4:3,3,4,1,1,1,0,1,1,1,1,1,5,10,1
37499,0:2:1;0:4:3;1:2:2;1:4:3,3,5,1,1,1,0,1,1,1,1,1,5,10,1
37500,0:2:1;0:4:3;1:2:2;1:4:3,4,0,1,1,0,0,1,1,1,1,1,5,10,14
37501,0:2:1;0:4:3;1:2:2;1:4:3,4,1,1,1,1,0,1,1,1,1,1,5,10,4
37502,0:2:1;0:4:3;1:2:2;1:4:3,4,2,1,1,1,0,1,1,1,1,1,5,10,3
37503,0:2:1;0:4:3;1:2:2;1:4:3,4,3,1,1,1,0,1,1,1,1,1,5,10,3
37504,0:2:1;0:4:3;1:2:2;1:4:3,4,4,1,1,1,0,1,1,1,1,1,5,10,1
37505,0:2:1;0:4:3;1:2:2;1:4:3,4,5,1,1,1,0,1,1,1,1,1,5,10,1
37506,0:2:1;0:4:3;1:2:2;1:4:3,5,0,1,1,1,0,1,1,1,1,1,5,10,14
37507,0:2:1;0:4:3;1:2:2;1:4:3,5,1,1,1,1,0,1,1,1,1,1,5,10,4
37508,0:2:1;0:4:3;1:2:2;1:4:3,5,2,1,1,1,0,1,1,1,1,1,5,10,3
37509,0:2:1;0:4:3;1:2:2;1:4:3,5,3,1,1,1,0,1,1,1,1,1,5,10,3
37510,0:2:1;0:4:3;1:2:2;1:4:3,5,4,1,1,1,0,1,1,1,1,1,5,10,1
37511,0:2:1;0:4:3;1:2:2;1:4:3,5,5,1,1,1,0,1,1,1,1,1,5,10,1
37512,0:2:1;0:4:3;1:3:2;1:3:2,0,0,1,0,0,1,0,0,0,0,0,1,1,24
37513,0:2:1;0:4:3;1:3:2;1:3:2,0,1,1,1,0,0,1,1,1,1,1,5,9,3
37514,0:2:1;0:4:3;1:3:2;1:3:2,0,2,1,1,0,0,1,1,1,1,1,5,9,3
37515,0:2:1;0:4:3;1:3:2;1:3:2,0,3,1,1,0,0,1,1,1,1,1,5,9,3
37516,0:2:1;0:4:3;1:3:2;1:3:2,0,4,1,1,1,0,1,1,1,1,1,5,9,1
37517,0:2:1;0:4:3;1:3:2;1:3:2,0,5,1,1,1,0,1,1,1,1,1,5,9,1
37518,0:2:1;0:4:3;1:3:2;1:3:2,1,0,1,0,0,1,0,0,0,0,0,1,3,24
37519,0:2:1;0:4:3;1:3:2;1:3:2,1,1,1,1,0,0,1,1,1,1,1,5,9,3
37520,0:2:1;0:4:3;1:3:2;1:3:2,1,2,1,1,0,0,1,1,1,1,1,5,9,3
37521,0:2:1;0:4:3;1:3:2;1:3:2,1,3,1,1,1,0,1,1,1,1,1,5,9,3
37522,0:2:1;0:4:3;1:3:2;1:3:2,1,4,1,1,1,0,1,1,1,1,1,5,9,1
37523,0:2:1;0:4:3;1:3:2;1:3:2,1,5,1,1,1,0,1,1,1,1,1,5,9,1
37524,0:2:1;0:4:3;1:3:2;1:3:2,2,0,1,1,0,0,1,1,1,1,1,5,9,14
37525,0:2:1;0:4:3;1:3:2;1:3:2,2,1,1,1,0,0,1,1,1,1,1,5,9,3
37526,0:2:1;0:4:3;1:3:2;1:3:2,2,2,1,1,1,0,1,1,1,1,1,5,9,3
37527,0:2:1;0:4:3;1:3:2;1:3:2,2,3,1,1,1,0,1,1,1,1,1,5,9,3
37528,0:2:1;0:4:3;1:3:2;1:3:2,2,4,1,1,1,0,1,1,1,1,1,5,9,1
37529,0:2:1;0:4:3;1:3:2;1:3:2,2,5,1,1,1,0,1,1,1,1,1,5,9,1
37530,0:2:1;0:4:3;1:3:2;1:3:2,3,0,1,1,0,0,1,1,1,1,1,5,9,14
37531,0:2:1;0:4:3;1:3:2;1:3:2,3,1,1,1,1,0,1,1,1,1,1,5,9,3
37532,0:2:1;0:4:3;1:3:2;1:3:2,3,2,1,1,1,0,1,1,1,1,1,5,9,3
37533,0:2:1;0:4:3;1:3:2;1:3:2,3,3,1,1,1,0,1,1,1,1,1,5,9,3
37534,0:2:1;0:4:3;1:3:2;1:3:2,3,4,1,1,1,0,1,1,1,1,1,5,9,1
37535,0:2:1;0:4:3;1:3:2;1:3:2,3,5,1,1,1,0,1,1,1,1,1,5,9,1
37536,0:2:1;0:4:3;1:3:2;1:3:2,4,0,1,1,1,0,1,1,1,1,1,5,9,14
37537,0:2:1;0:4:3;1:3:2;1:3:2,4,1,1,1,1,0,1,1,1,1,1,5,9,3
37538,0:2:1;0:4:3;1:3:2;1:3:2,4,2,1,1,1,0,1,1,1,1,1,5,9,3
37539,0:2:1;0:4:3;1:3:2;1:3:2,4,3,1,1,1,0,1,1,1,1,1,5,9,3
37540,0:2:1;0:4:3;1:3:2;1:3:2,4,4,1,1,1,0,1,1,1,1,1,5,9,1
37541,0:2:1;0:4:3;1:3:2;1:3:2,4,5,1,1,1,0,1,1,1,1,1,5,9,1
37542,0:2:1;0:4:3;1:3:2;1:3:2,5,0,1,1,1,0,1,1,1,1,1,5,9,14
37543,0:2:1;0:4:3;1:3:2;1:3:2,5,1,1,1,1,0,1,1,1,1,1,5,9,3
37544,0:2:1;0:4:3;1:3:2;1:3:2,5,2,1,1,1,0,1,1,1,1,1,5,9,3
37545,0:2:1;0:4:3;1:3:2;1:3:2,5,3,1,1,1,0,1,1,1,1,1,5,9,3
37546,0:2:1;0:4:3;1:3:2;1:3:2,5,4,1,1,1,0,1,1,1,1,1,5,9,1
37547,0:2:1;0:4:3;1:3:2;1:3:2,5,5,1,1,1,0,1,1,1,1,1,5,9,1
37548,0:2:1;0:4:3;1:3:2;1:3:3,0,0,1,0,0,1,0,0,0,0,0,1,1,24
37549,0:2:1;0:4:3;1:3:2;1:3:3,0,1,1,1,0,0,1,1,1,1,1,5,10,3
37550,0:2:1;0:4:3;1:3:2;1:3:3,0,2,1,1,0,0,1,1,1,1,1,5,10,3
37551,0:2:1;0:4:3;1:3:2;1:3:3,0,3,1,1,0,0,1,1,1,1,1,5,10,3
37552,0:2:1;0:4:3;1:3:2;1:3:3,0,4,1,1,0,0,1,1,1,1,1,5,10,1
37553,0:2:1;0:4:3;1:3:2;1:3:3,0,5,1,1,1,0,1,1,1,1,1,5,10,1
37554,0:2:1;0:4:3;1:3:2;1:3:3,1,0,1,0,0,1,0,0,0,0,0,1,3,24
37555,0:2:1;0:4:3;1:3:2;1:3:3,1,1,1,1,0,0,1,1,1,1,1,5,10,3
37556,0:2:1;0:4:3;1:3:2;1:3:3,1,2,1,1,0,0,1,1,1,1,1,5,10,3
37557,0:2:1;0:4:3;1:3:2;1:3:3,1,3,1,1,0,0,1,1,1,1,1,5,10,3
37558,0:2:1;0:4:3;1:3:2;1:3:3,1,4,1,1,1,0,1,1,1,1,1,5,10,1
37559,0:2:1;0:4:3;1:3:2;1:3:3,1,5,1,1,1,0,1,1,1,1,1,5,10,1
37560,0:2:1;0:4:3;1:3:2;1:3:3,2,0,1,1,0,1,0,0,1,0,1,6,19,16
37561,0:2:1;0:4:3;1:3:2;1:3:3,2,1,1,1,0,0,1,1,1,1,1,5,10,3
37562,0:2:1;0:4:3;1:3:2;1:3:3,2,2,1,1,0,0,1,1,1,1,1,5,10,3
37563,0:2:1;0:4:3;1:3:2;1:3:3,2,3,1,1,1,0,1,1,1,1,1,5,10,3
37564,0:2:1;0:4:3;1:3:2;1:3:3,2,4,1,1,1,0,1,1,1,1,1,5,10,1
37565,0:2:1;0:4:3;1:3:2;1:3:3,2,5,1,1,1,0,1,1,1,1,1,5,10,1
37566,0:2:1;0:4:3;1:3:2;1:3:3,3,0,1,1,0,0,1,1,1,1,1,5,10,14
37567,0:2:1;0:4:3;1:3:2;1:3:3,3,1,1,1,0,0,1,1,1,1,1,5,10,3
37568,0:2:1;0:4:3;1:3:2;1:3:3,3,2,1,1,1,0,1,1,1,1,1,5,10,3
37569,0:2:1;0:4:3;1:3:2;1:3:3,3,3,1,1,1,0,1,1,1,1,1,5,10,3
37570,0:2:1;0:4:3;1:3:2;1:3:3,3,4,1,1,1,0,1,1,1,1,1,5,10,1
37571,0:2:1;0:4:3;1:3:2;1:3:3,3,5,1,1,1,0,1,1,1,1,1,5,10,1
37572,0:2:1;0:4:3;1:3:2;1:3:3,4,0,1,1,0,0,1,1,1,1,1,5,10,14
37573,0:2:1;0:4:3;1:3:2;1:3:3,4,1,1,1,1,0,1,1,1,1,1,5,10,3
37574,0:2:1;0:4:3;1:3:2;1:3:3,4,2,1,1,1,0,1,1,1,1,1,5,10,3
37575,0:2:1;0:4:3;1:3:2;1:3:3,4,3,1,1,1,0,1,1,1,1,1,5,10,3
37576,0:2:1;0:4:3;1:3:2;1:3:3,4,4,1,1,1,0,1,1,1,1,1,5,10,1
37577,0:2:1;0:4:3;1:3:2;1:3:3,4,5,1,1,1,0,1,1,1,1,1,5,10,1
37578,0:2:1;0:4:3;1:3:2;1:3:3,5,0,1,1,1,0,1,1,1,1,1,5,10,14
37579,0:2:1;0:4:3;1:3:2;1:3:3,5,1,1,1,1,0,1,1,1,1,1,5,10,3
37580,0:2:1;0:4:3;1:3:2;1:3:3,5,2,1,1,1,0,1,1,1,1,1,5,10,3
37581,0:2:1;0:4:3;1:3:2;1:3:3,5,3,1,1,1,0,1,1,1,1,1,5,10,3
37582,0:2:1;0:4:3;1:3:2;1:3:3,5,4,1,1,1,0,1,1,1,1,1,5,10,1
37583,0:2:1;0:4:3;1:3:2;1:3:3,5,5,1,1,1,0,1,1,1,1,1,5,10,1
37584,0:2:1;0:4:3;1:3:2;1:4:3,0,0,1,0,0,1,0,0,0,0,0,1,1,24
37585,0:2:1;0:4:3;1:3:2;1:4:3,0,1,1,1,0,0,1,1,1,1,1,5,10,3
37586,0:2:1;0:4:3;1:3:2;1:4:3,0,2,1,1,0,0,1,1,1,1,1,5,10,3
37587,0:2:1;0:4:3;1:3:2;1:4:3,0,3,1,1,0,0,1,1,1,1,1,5,10,3
37588,0:2:1;0:4:3;1:3:2;1:4:3,0,4,1,1,0,0,1,1,1,1,1,5,10,1
37589,0:2:1;0:4:3;1:3:2;1:4:3,0,5,1,1,1,0,1,1,1,1,1,5,10,1
37590,0:2:1;0:4:3;1:3:2;1:4:3,1,0,1,0,0,1,0,0,0,0,0,1,3,24
37591,0:2:1;0:4:3;1:3:2;1:4:3,1,1,1,1,0,0,1,1,1,1,1,5,10,3
37592,0:2:1;0:4:3;1:3:2;1:4:3,1,2,1,1,0,0,1,1,1,1,1,5,10,3
37593,0:2:1;0:4:3;1:3:2;1:4:3,1,3,1,1,0,0,1,1,1,1,1,5,10,3
37594,0:2:1;0:4:3;1:3:2;1:4:3,1,4,1,1,1,0,1,1,1,1,1,5,10,1
37595,0:2:1;0:4:3;1:3:2;1:4:3,1,5,1,1,1,0,1,1,1,1,1,5,10,1
37596,0:2:1;0:4:3;1:3:2;1:4:3,2,0,1,1,0,1,0,0,1,0,1,6,19,16
37597,0:2:1;0:4:3;1:3:2;1:4:3,2,1,1,1,0,0,1,1,1,1,1,5,10,3
37598,0:2:1;0:4:3;1:3:2;1:4:3,2,2,1,1,0,0,1,1,1,1,1,5,10,3
37599,0:2:1;0:4:3;1:3:2;1:4:3,2,3,1,1,1,0,1,1,1,1,1,5,10,3
37600,0:2:1;0:4:3;1:3:2;1:4:3,2,4,1,1,1,0,1,1,1,1,1,5,10,1
37601,0:2:1;0:4:3;1:3:2;1:4:3,2,5,1,1,1,0,1,1,1,1,1,5,10,1
37602,0:2:1;0:4:3;1:3:2;1:4:3,3,0,1,1,0,0,1,1,1,1,1,5,10,14
37603,0:2:1;0:4:3;1:3:2;1:4:3,3,1,1,1,0,0,1,1,1,1,1,5,10,3
37604,0:2:1;0:4:3;1:3:2;1:4:3,3,2,1,1,1,0,1,1,1,1,1,5,10,3
37605,0:2:1;0:4:3;1:3:2;1:4:3,3,3,1,1,1,0,1,1,1,1,1,5,10,3
37606,0:2:1;0:4:3;1:3:2;1:4:3,3,4,1,1,1,0,1,1,1,1,1,5,10,1
37607,0:2:1;0:4:3;1:3:2;1:4:3,3,5,1,1,1,0,1,1,1,1,1,5,10,1
37608,0:2:1;0:4:3;1:3:2;1:4:3,4,0,1,1,0,0,1,1,1,1,1,5,10,14
37609,0:2:1;0:4:3;1:3:2;1:4:3,4,1,1,1,1,0,1,1,1,1,1,5,10,3
37610,0:2:1;0:4:3;1:3:2;1:4:3,4,2,1,1,1,0,1,1,1,1,1,5,10,3
37611,0:2:1;0:4:3;1:3:2;1:4:3,4,3,1,1,1,0,1,1,1,1,1,5,10,3
37612,0:2:1;0:4:3;1:3:2;1:4:3,4,4,1,1,1,0,1,1,1,1,1,5,10,1
37613,0:2:1;0:4:3;1:3:2;1:4:3,4,5,1,1,1,0,1,1,1,1,1,5,10,1
37614,0:2:1;0:4:3;1:3:2;1:4:3,5,0,1,1,1,0,1,1,1,1,1,5,10,14
37615,0:2:1;0:4:3;1:3:2;1:4:3,5,1,1,1,1,0,1,1,1,1,1,5,10,3
37616,0:2:1;0:4:3;1:3:2;1:4:3,5,2,1,1,1,0,1,1,1,1,1,5,10,3
37617,0:2:1;0:4:3;1:3:2;1:4:3,5,3,1,1,1,0,1,1,1,1,1,5,10,3
37618,0:2:1;0:4:3;1:3:2;1:4:3,5,4,1,1,1,0,1,1,1,1,1,5,10,1
37619,0:2:1;0:4:3;1:3:2;1:4:3,5,5,1,1,1,0,1,1,1,1,1,5,10,1
37620,0:2:1;0:4:3;1:3:3;1:3:3,0,0,1,0,0,1,0,0,0,0,0,1,1,24
37621,0:2:1;0:4:3;1:3:3;1:3:3,0,1,1,0,0,1,0,0,0,0,0,2,8,24
37622,0:2:1;0:4:3;1:3:3;1:3:3,0,2,1,0,0,1,0,0,0,0,0,2,15,24
37623,0:2:1;0:4:3;1:3:3;1:3:3,0,3,1,1,0,1,0,0,1,0,1,6,29,9
37624,0:2:1;0:4:3;1:3:3;1:3:3,0,4,1,1,0,0,1,1,1,1,1,5,11,1
37625,0:2:1;0:4:3;1:3:3;1:3:3,0,5,1,1,1,0,1,1,1,1,1,5,11,1
37626,0:2:1;0:4:3;1:3:3;1:3:3,1,0,1,0,0,1,0,0,0,0,0,1,3,24
37627,0:2:1;0:4:3;1:3:3;1:3:3,1,1,1,1,0,0,1,1,1,1,1,5,11,3
37628,0:2:1;0:4:3;1:3:3;1:3:3,1,2,1,1,0,0,1,1,1,1,1,5,11,3
37629,0:2:1;0:4:3;1:3:3;1:3:3,1,3,1,1,0,0,1,1,1,1,1,5,11,3
37630,0:2:1;0:4:3;1:3:3;1:3:3,1,4,1,1,1,0,1,1,1,1,1,5,11,1
37631,0:2:1;0:4:3;1:3:3;1:3:3,1,5,1,1,1,0,1,1,1,1,1,5,11,1
37632,0:2:1;0:4:3;1:3:3;1:3:3,2,0,1,0,0,1,0,0,0,0,0,1,6,24
37633,0:2:1;0:4:3;1:3:3;1:3:3,2,1,1,1,0,0,1,1,1,1,1,5,11,3
37634,0:2:1;0:4:3;1:3:3;1:3:3,2,2,1,1,0,0,1,1,1,1,1,5,11,3
37635,0:2:1;0:4:3;1:3:3;1:3:3,2,3,1,1,1,0,1,1,1,1,1,5,11,3
37636,0:2:1;0:4:3;1:3:3;1:3:3,2,4,1,1,1,0,1,1,1,1,1,5,11,1
37637,0:2:1;0:4:3;1:3:3;1:3:3,2,5,1,1,1,0,1,1,1,1,1,5,11,1
37638,0:2:1;0:4:3;1:3:3;1:3:3,3,0,1,1,0,1,0,0,1,0,1,6,20,16
37639,0:2:1;0:4:3;1:3:3;1:3:3,3,1,1,1,0,0,1,1,1,1,1,5,11,3
37640,0:2:1;0:4:3;1:3:3;1:3:3,3,2,1,1,1,0,1,1,1,1,1,5,11,3
37641,0:2:1;0:4:3;1:3:3;1:3:3,3,3,1,1,1,0,1,1,1,1,1,5,11,3
37642,0:2:1;0:4:3;1:3:3;1:3:3,3,4,1,1,1,0,1,1,1,1,1,5,11,1
37643,0:2:1;0:4:3;1:3:3;1:3:3,3,5,1,1,1,0,1,1,1,1,1,5,11,1
37644,0:2:1;0:4:3;1:3:3;1:3:3,4,0,1,1,0,0,1,1,1,1,1,5,11,14
37645,0:2:1;0:4:3;1:3:3;1:3:3,4,1,1,1,1,0,1,1,1,1,1,5,11,3
37646,0:2:1;0:4:3;1:3:3;1:3:3,4,2,1,1,1,0,1,1,1,1,1,5,11,3
37647,0:2:1;0:4:3;1:3:3;1:3:3,4,3,1,1,1,0,1,1,1,1,1,5,11,3
37648,0:2:1;0:4:3;1:3:3;1:3:3,4,4,1,1,1,0,1,1,1,1,1,5,11,1
37649,0:2:1;0:4:3;1:3:3;1:3:3,4,5,1,1,1,0,1,1,1,1,1,5,11,1
37650,0:2:1;0:4:3;1:3:3;1:3:3,5,0,1,1,1,0,1,1,1,1,1,5,11,14
37651,0:2:1;0:4:3;1:3:3;1:3:3,5,1,1,1,1,0,1,1,1,1,1,5,11,3
37652,0:2:1;0:4:3;1:3:3;1:3:3,5,2,1,1,1,0,1,1,1,1,1,5,11,3
37653,0:2:1;0:4:3;1:3:3;1:3:3,5,3,1,1,1,0,1,1,1,1,1,5,11,3
37654,0:2:1;0:4:3;1:3:3;1:3:3,5,4,1,1,1,0,1,1,1,1,1,5,11,1
37655,0:2:1;0:4:3;1:3:3;1:3:3,5,5,1,1,1,0,1,1,1,1,1,5,11,1
37656,0:2:1;0:4:3;1:3:3;1:4:3,0,0,1,0,0,1,0,0,0,0,0,1,1,24
37657,0:2:1;0:4:3;1:3:3;1:4:3,0,1,1,0,0,1,0,0,0,0,0,2,8,24
37658,0:2:1;0:4:3;1:3:3;1:4:3,0,2,1,0,0,1,0,0,0,0,0,2,15,24
37659,0:2:1;0:4:3;1:3:3;1:4:3,0,3,1,1,0,1,0,0,1,0,1,6,29,9
37660,0:2:1;0:4:3;1:3:3;1:4:3,0,4,1,1,0,0,1,1,1,1,1,5,11,1
37661,0:2:1;0:4:3;1:3:3;1:4:3,0,5,1,1,1,0,1,1,1,1,1,5,11,1
37662,0:2:1;0:4:3;1:3:3;1:4:3,1,0,1,0,0,1,0,0,0,0,0,1,3,24
37663,0:2:1;0:4:3;1:3:3;1:4:3,1,1,1,1,0,0,1,1,1,1,1,5,11,3
37664,0:2:1;0:4:3;1:3:3;1:4:3,1,2,1,1,0,0,1,1,1,1,1,5,11,3
37665,0:2:1;0:4:3;1:3:3;1:4:3,1,3,1,1,0,0,1,1,1,1,1,5,11,3
37666,0:2:1;0:4:3;1:3:3;1:4:3,1,4,1,1,1,0,1,1,1,1,1,5,11,1
37667,0:2:1;0:4:3;1:3:3;1:4:3,1,5,1,1,1,0,1,1,1,1,1,5,11,1
37668,0:2:1;0:4:3;1:3:3;1:4:3,2,0,1,0,0,1,0,0,0,0,0,1,6,24
37669,0:2:1;0:4:3;1:3:3;1:4:3,2,1,1,1,0,0,1,1,1,1,1,5,11,3
37670,0:2:1;0:4:3;1:3:3;1:4:3,2,2,1,1,0,0,1,1,1,1,1,5,11,3
37671,0:2:1;0:4:3;1:3:3;1:4:3,2,3,1,1,1,0,1,1,1,1,1,5,11,3
37672,0:2:1;0:4:3;1:3:3;1:4:3,2,4,1,1,1,0,1,1,1,1,1,5,11,1
37673,0:2:1;0:4:3;1:3:3;1:4:3,2,5,1,1,1,0,1,1,1,1,1,5,11,1
37674,0:2:1;0:4:3;1:3:3;1:4:3,3,0,1,1,0,1,0,0,1,1,1,6,20,16
37675,0:2:1;0:4:3;1:3:3;1:4:3,3,1,1,1,0,0,1,1,1,1,1,5,11,3
37676,0:2:1;0:4:3;1:3:3;1:4:3,3,2,1,1,1,0,1,1,1,1,1,5,11,3
37677,0:2:1;0:4:3;1:3:3;1:4:3,3,3,1,1,1,0,1,1,1,1,1,5,11,3
37678,0:2:1;0:4:3;1:3:3;1:4:3,3,4,1,1,1,0,1,1,1,1,1,5,11,1
37679,0:2:1;0:4:3;1:3:3;1:4:3,3,5,1,1,1,0,1,1,1,1,1,5,11,1
37680,0:2:1;0:4:3;1:3:3;1:4:3,4,0,1,1,0,0,1,1,1,1,1,5,11,14
37681,0:2:1;0:4:3;1:3:3;1:4:3,4,1,1,1,1,0,1,1,1,1,1,5,11,3
37682,0:2:1;0:4:3;1:3:3;1:4:3,4,2,1,1,1,0,1,1,1,1,1,5,11,3
37683,0:2:1;0:4:3;1:3:3;1:4:3,4,3,1,1,1,0,1,1,1,1,1,5,11,3
37684,0:2:1;0:4:3;1:3:3;1:4:3,4,4,1,1,1,0,1,1,1,1,1,5,11,1
37685,0:2:1;0:4:3;1:3:3;1:4:3,4,5,1,1,1,0,1,1,1,1,1,5,11,1
37686,0:2:1;0:4:3;1:3:3;1:4:3,5,0,1,1,1,0,1,1,1,1,1,5,11,14
37687,0:2:1;0:4:3;1:3:3;1:4:3,5,1,1,1,1,0,1,1,1,1,1,5,11,3
37688,0:2:1;0:4:3;1:3:3;1:4:3,5,2,1,1,1,0,1,1,1,1,1,5,11,3
37689,0:2:1;0:4:3;1:3:3;1:4:3,5,3,1,1,1,0,1,1,1,1,1,5,11,3
37690,0:2:1;0:4:3;1:3:3;1:4:3,5,4,1,1,1,0,1,1,1,1,1,5,11,1
37691,0:2:1;0:4:3;1:3:3;1:4:3,5,5,1,1,1,0,1,1,1,1,1,5,11,1
37692,0:2:1;0:4:3;1:4:3;1:4:3,0,0,1,0,0,1,0,0,0,0,0,1,1,24
37693,0:2:1;0:4:3;1:4:3;1:4:3,0,1,1,0,0,1,0,0,0,0,0,2,8,24
37694,0:2:1;0:4:3;1:4:3;1:4:3,0,2,1,0,0,1,0,0,0,0,0,2,15,24
37695,0:2:1;0:4:3;1:4:3;1:4:3,0,3,1,1,0,1,0,0,1,0,1,6,29,9
37696,0:2:1;0:4:3;1:4:3;1:4:3,0,4,1,1,0,0,1,1,1,1,1,5,11,1
37697,0:2:1;0:4:3;1:4:3;1:4:3,0,5,1,1,1,0,1,1,1,1,1,5,11,1
37698,0:2:1;0:4:3;1:4:3;1:4:3,1,0,1,0,0,1,0,0,0,0,0,1,3,24
37699,0:2:1;0:4:3;1:4:3;1:4:3,1,1,1,1,0,0,1,1,1,1,1,5,11,3
37700,0:2:1;0:4:3;1:4:3;1:4:3,1,2,1,1,0,0,1,1,1,1,1,5,11,3
37701,0:2:1;0:4:3;1:4:3;1:4:3,1,3,1,1,0,0,1,1,1,1,1,5,11,3
37702,0:2:1;0:4:3;1:4:3;1:4:3,1,4,1,1,1,0,1,1,1,1,1,5,11,1
37703,0:2:1;0:4:3;1:4:3;1:4:3,1,5,1,1,1,0,1,1,1,1,1,5,11,1
37704,0:2:1;0:4:3;1:4:3;1:4:3,2,0,1,0,0,1,0,0,0,0,0,1,6,24
37705,0:2:1;0:4:3;1:4:3;1:4:3,2,1,1,1,0,0,1,1,1,1,1,5,11,3
37706,0:2:1;0:4:3;1:4:3;1:4:3,2,2,1,1,0,0,1,1,1,1,1,5,11,3
37707,0:2:1;0:4:3;1:4:3;1:4:3,2,3,1,1,1,0,1,1,1,1,1,5,11,3
37708,0:2:1;0:4:3;1:4:3;1:4:3,2,4,1,1,1,0,1,1,1,1,1,5,11,1
37709,0:2:1;0:4:3;1:4:3;1:4:3,2,5,1,1,1,0,1,1,1,1,1,5,11,1
37710,0:2:1;0:4:3;1:4:3;1:4:3,3,0,1,1,0,0,1,1,1,1,1,5,11,13
37711,0:2:1;0:4:3;1:4:3;1:4:3,3,1,1,1,0,0,1,1,1,1,1,5,11,3
37712,0:2:1;0:4:3;1:4:3;1:4:3,3,2,1,1,1,0,1,1,1,1,1,5,11,3
37713,0:2:1;0:4:3;1:4:3;1:4:3,3,3,1,1,1,0,1,1,1,1,1,5,11,3
37714,0:2:1;0:4:3;1:4:3;1:4:3,3,4,1,1,1,0,1,1,1,1,1,5,11,1
37715,0:2:1;0:4:3;1:4:3;1:4:3,3,5,1,1,1,0,1,1,1,1,1,5,11,1
37716,0:2:1;0:4:3;1:4:3;1:4:3,4,0,1,1,0,0,1,1,1,1,1,5,11,13
37717,0:2:1;0:4:3;1:4:3;1:4:3,4,1,1,1,1,0,1,1,1,1,1,5,11,3
37718,0:2:1;0:4:3;1:4:3;1:4:3,4,2,1,1,1,0,1,1,1,1,1,5,11,3
37719,0:2:1;0:4:3;1:4:3;1:4:3,4,3,1,1,1,0,1,1,1,1,1,5,11,3
37720,0:2:1;0:4:3;1:4:3;1:4:3,4,4,1,1,1,0,1,1,1,1,1,5,11,1
37721,0:2:1;0:4:3;1:4:3;1:4:3,4,5,1,1,1,0,1,1,1,1,1,5,11,1
37722,0:2:1;0:4:3;1:4:3;1:4:3,5,0,1,1,1,0,1,1,1,1,1,5,11,13
37723,0:2:1;0:4:3;1:4:3;1:4:3,5,1,1,1,1,0,1,1,1,1,1,5,11,3
37724,0:2:1;0:4:3;1:4:3;1:4:3,5,2,1,1,1,0,1,1,1,1,1,5,11,3
37725,0:2:1;0:4:3;1:4:3;1:4:3,5,3,1,1,1,0,1,1,1,1,1,5,11,3
37726,0:2:1;0:4:3;1:4:3;1:4:3,5,4,1,1,1,0,1,1,1,1,1,5,11,1
37727,0:2:1;0:4:3;1:4:3;1:4:3,5,5,1,1,1,0,1,1,1,1,1,5,11,1
37728,0:2:1;1:1:1;1:1:1;1:1:1,0,0,0,0,0,1,0,0,0,0,0,0,1,24
37729,0:2:1;1:1:1;1:1:1;1:1:1,0,1,0,0,0,1,0,0,0,0,0,0,8,24
37730,0:2:1;1:1:1;1:1:1;1:1:1,0,2,0,0,0,1,0,0,0,0,0,0,8,24
37731,0:2:1;1:1:1;1:1:1;1:1:1,0,3,0,0,0,1,0,0,0,0,0,0,8,24
37732,0:2:1;1:1:1;1:1:1;1:1:1,0,4,0,0,0,1,0,0,0,0,0,0,8,24
37733,0:2:1;1:1:1;1:1:1;1:1:1,0,5,0,0,0,1,0,0,0,0,0,0,8,24
37734,0:2:1;1:1:1;1:1:1;1:1:1,1,0,1,1,1,0,1,1,1,1,1,5,5,7
37735,0:2:1;1:1:1;1:1:1;1:1:1,1,1,1,1,1,0,1,1,1,1,1,5,5,1
37736,0:2:1;1:1:1;1:1:1;1:1:1,1,2,1,1,1,0,1,1,1,1,1,5,5,1
37737,0:2:1;1:1:1;1:1:1;1:1:1,1,3,1,1,1,0,1,1,1,1,1,5,5,1
37738,0:2:1;1:1:1;1:1:1;1:1:1,1,4,1,1,1,0,1,1,1,1,1,5,5,1
37739,0:2:1;1:1:1;1:1:1;1:1:1,1,5,1,1,1,0,1,1,1,1,1,5,5,1
37740,0:2:1;1:1:1;1:1:1;1:1:1,2,0,1,1,1,0,1,1,1,1,1,5,5,7
37741,0:2:1;1:1:1;1:1:1;1:1:1,2,1,1,1,1,0,1,1,1,1,1,5,5,1
37742,0:2:1;1:1:1;1:1:1;1:1:1,2,2,1,1,1,0,1,1,1,1,1,5,5,1
37743,0:2:1;1:1:1;1:1:1;1:1:1,2,3,1,1,1,0,1,1,1,1,1,5,5,1
37744,0:2:1;1:1:1;1:1:1;1:1:1,2,4,1,1,1,0,1,1,1,1,1,5,5,1
37745,0:2:1;1:1:1;1:1:1;1:1:1,2,5,1,1,1,0,1,1,1,1,1,5,5,1
37746,0:2:1;1:1:1;1:1:1;1:1:1,3,0,1,1,1,0,1,1,1,1,1,5,5,7
37747,0:2:1;1:1:1;1:1:1;1:1:1,3,1,1,1,1,0,1,1,1,1,1,5,5,1
37748,0:2:1;1:1:1;1:1:1;1:1:1,3,2,1,1,1,0,1,1,1,1,1,5,5,1
37749,0:2:1;1:1:1;1:1:1;1:1:1,3,3,1,1,1,0,1,1,1,1,1,5,5,1
37750,0:2:1;1:1:1;1:1:1;1:1:1,3,4,1,1,1,0,1,1,1,1,1,5,5,1
37751,0:2:1;1:1:1;1:1:1;1:1:1,3,5,1,1,1,0,1,1,1,1,1,5,5,1
37752,0:2:1;1:1:1;1:1:1;1:1:1,4,0,1,1,1,0,1,1,1,1,1,5,5,7
37753,0:2:1;1:1:1;1:1:1;1:1:1,4,1,1,1,1,0,1,1,1,1,1,5,5,1
37754,0:2:1;1:1:1;1:1:1;1:1:1,4,2,1,1,1,0,1,1,1,1,1,5,5,1
37755,0:2:1;1:1:1;1:1:1;1:1:1,4,3,1,1,1,0,1,1,1,1,1,5,5,1
37756,0:2:1;1:1:1;1:1:1;1:1:1,4,4,1,1,1,0,1,1,1,1,1,5,5,1
37757,0:2:1;1:1:1;1:1:1;1:1:1,4,5,1,1,1,0,1,1,1,1,1,5,5,1
37758,0:2:1;1:1:1;1:1:1;1:1:1,5,0,1,1,1,0,1,1,1,1,1,5,5,7
37759,0:2:1;1:1:1;1:1:1;1:1:1,5,1,1,1,1,0,1,1,1,1,1,5,5,1
37760,0:2:1;1:1:1;1:1:1;1:1:1,5,2,1,1,1,0,1,1,1,1,1,5,5,1
37761,0:2:1;1:1:1;1:1:1;1:1:1,5,3,1,1,1,0,1,1,1,1,1,5,5,1
37762,0:2:1;1:1:1;1:1:1;1:1:1,5,4,1,1,1,0,1,1,1,1,1,5,5,1
37763,0:2:1;1:1:1;1:1:1;1:1:1,5,5,1,1,1,0,1,1,1,1,1,5,5,1
37764,0:2:1;1:1:1;1:1:1;1:2:1,0,0,0,0,0,1,0,0,0,0,0,0,1,24
37765,0:2:1;1:1:1;1:1:1;1:2:1,0,1,0,0,0,1,0,0,0,0,0,0,8,24
37766,0:2:1;1:1:1;1:1:1;1:2:1,0,2,0,0,0,1,0,0,0,0,0,0,8,24
37767,0:2:1;1:1:1;1:1:1;1:2:1,0,3,0,0,0,1,0,0,0,0,0,0,8,24
37768,0:2:1;1:1:1;1:1:1;1:2:1,0,4,0,0,0,1,0,0,0,0,0,0,8,24
37769,0:2:1;1:1:1;1:1:1;1:2:1,0,5,0,0,0,1,0,0,0,0,0,0,8,24
37770,0:2:1;1:1:1;1:1:1;1:2:1,1,0,1,1,1,0,1,1,1,1,1,5,5,7
37771,0:2:1;1:1:1;1:1:1;1:2:1,1,1,1,1,1,0,1,1,1,1,1,5,5,1
37772,0:2:1;1:1:1;1:1:1;1:2:1,1,2,1,1,1,0,1,1,1,1,1,5,5,1
37773,0:2:1;1:1:1;1:1:1;1:2:1,1,3,1,1,1,0,1,1,1,1,1,5,5,1
37774,0:2:1;1:1:1;1:1:1;1:2:1,1,4,1,1,1,0,1,1,1,1,1,5,5,1
37775,0:2:1;1:1:1;1:1:1;1:2:1,1,5,1,1,1,0,1,1,1,1,1,5,5,1
37776,0:2:1;1:1:1;1:1:1;1:2:1,2,0,1,1,1,0,1,1,1,1,1,5,5,7
37777,0:2:1;1:1:1;1:1:1;1:2:1,2,1,1,1,1,0,1,1,1,1,1,5,5,1
37778,0:2:1;1:1:1;1:1:1;1:2:1,2,2,1,1,1,0,1,1,1,1,1,5,5,1
37779,0:2:1;1:1:1;1:1:1;1:2:1,2,3,1,1,1,0,1,1,1,1,1,5,5,1
37780,0:2:1;1:1:1;1:1:1;1:2:1,2,4,1,1,1,0,1,1,1,1,1,5,5,1
37781,0:2:1;1:1:1;1:1:1;1:2:1,2,5,1,1,1,0,1,1,1,1,1,5,5,1
37782,0:2:1;1:1:1;1:1:1;1:2:1,3,0,1,1,1,0,1,1,1,1,1,5,5,7
37783,0:2:1;1:1:1;1:1:1;1:2:1,3,1,1,1,1,0,1,1,1,1,1,5,5,1
37784,0:2:1;1:1:1;1:1:1;1:2:1,3,2,1,1,1,0,1,1,1,1,1,5,5,1
37785,0:2:1;1:1:1;1:1:1;1:2:1,3,3,1,1,1,0,1,1,1,1,1,5,5,1
37786,0:2:1;1:1:1;1:1:1;1:2:1,3,4,1,1,1,0,1,1,1,1,1,5,5,1
37787,0:2:1;1:1:1;1:1:1;1:2:1,3,5,1,1,1,0,1,1,1,1,1,5,5,1
37788,0:2:1;1:1:1;1:1:1;1:2:1,4,0,1,1,1,0,1,1,1,1,1,5,5,7
37789,0:2:1;1:1:1;1:1:1;1:2:1,4,1,1,1,1,0,1,1,1,1,1,5,5,1
37790,0:2:1;1:1:1;1:1:1;1:2:1,4,2,1,1,1,0,1,1,1,1,1,5,5,1
37791,0:2:1;1:1:1;1:1:1;1:2:1,4,3,1,1,1,0,1,1,1,1,1,5,5,1
37792,0:2:1;1:1:1;1:1:1;1:2:1,4,4,1,1,1,0,1,1,1,1,1,5,5,1
37793,0:2:1;1:1:1;1:1:1;1:2:1,4,5,1,1,1,0,1,1,1,1,1,5,5,1
37794,0:2:1;1:1:1;1:1:1;1:2:1,5,0,1,1,1,0,1,1,1,1,1,5,5,7
37795,0:2:1;1:1:1;1:1:1;1:2:1,5,1,1,1,1,0,1,1,1,1,1,5,5,1
37796,0:2:1;1:1:1;1:1:1;1:2:1,5,2,1,1,1,0,1,1,1,1,1,5,5,1
37797,0:2:1;1:1:1;1:1:1;1:2:1,5,3,1,1,1,0,1,1,1,1,1,5,5,1
37798,0:2:1;1:1:1;1:1:1;1:2:1,5,4,1,1,1,0,1,1,1,1,1,5,5,1
37799,0:2:1;1:1:1;1:1:1;1:2:1,5,5,1,1,1,0,1,1,1,1,1,5,5,1
37800,0:2:1;1:1:1;1:1:1;1:2:2,0,0,0,0,0,1,0,0,0,0,0,0,1,24
37801,0:2:1;1:1:1;1:1:1;1:2:2,0,1,0,0,0,1,0,0,0,0,0,0,9,24
37802,0:2:1;1:1:1;1:1:1;1:2:2,0,2,0,0,0,1,0,0,0,0,0,0,9,24
37803,0:2:1;1:1:1;1:1:1;1:2:2,0,3,0,0,0,1,0,0,0,0,0,0,9,24
37804,0:2:1;1:1:1;1:1:1;1:2:2,0,4,0,0,0,1,0,0,0,0,0,0,9,24
37805,0:2:1;1:1:1;1:1:1;1:2:2,0,5,0,0,0,1,0,0,0,0,0,0,9,24
37806,0:2:1;1:1:1;1:1:1;1:2:2,1,0,0,0,0,1,0,0,0,0,0,0,12,24
37807,0:2:1;1:1:1;1:1:1;1:2:2,1,1,0,0,0,1,0,0,0,0,0,0,15,24
37808,0:2:1;1:1:1;1:1:1;1:2:2,1,2,0,0,0,1,0,0,0,0,0,0,15,24
37809,0:2:1;1:1:1;1:1:1;1:2:2,1,3,0,0,0,1,0,0,0,0,0,0,15,24
37810,0:2:1;1:1:1;1:1:1;1:2:2,1,4,0,0,0,1,0,0,0,0,0,0,15,24
37811,0:2:1;1:1:1;1:1:1;1:2:2,1,5,0,0,0,1,0,0,0,0,0,0,15,24
37812,0:2:1;1:1:1;1:1:1;1:2:2,2,0,1,1,1,0,1,1,1,1,1,5,6,7
37813,0:2:1;1:1:1;1:1:1;1:2:2,2,1,1,1,1,0,1,1,1,1,1,5,6,1
37814,0:2:1;1:1:1;1:1:1;1:2:2,2,2,1,1,1,0,1,1,1,1,1,5,6,1
37815,0:2:1;1:1:1;1:1:1;1:2:2,2,3,1,1,1,0,1,1,1,1,1,5,6,1
37816,0:2:1;1:1:1;1:1:1;1:2:2,2,4,1,1,1,0,1,1,1,1,1,5,6,1
37817,0:2:1;1:1:1;1:1:1;1:2:2,2,5,1,1,1,0,1,1,1,1,1,5,6,1
37818,0:2:1;1:1:1;1:1:1;1:2:2,3,0,1,1,1,0,1,1,1,1,1,5,6,7
37819,0:2:1;1:1:1;1:1:1;1:2:2,3,1,1,1,1,0,1,1,1,1,1,5,6,1
37820,0:2:1;1:1:1;1:1:1;1:2:2,3,2,1,1,1,0,1,1,1,1,1,5,6,1
37821,0:2:1;1:1:1;1:1:1;1:2:2,3,3,1,1,1,0,1,1,1,1,1,5,6,1
37822,0:2:1;1:1:1;1:1:1;1:2:2,3,4,1,1,1,0,1,1,1,1,1,5,6,1
37823,0:2:1;1:1:1;1:1:1;1:2:2,3,5,1,1,1,0,1,1,1,1,1,5,6,1
37824,0:2:1;1:1:1;1:1:1;1:2:2,4,0,1,1,1,0,1,1,1,1,1,5,6,7
37825,0:2:1;1:1:1;1:1:1;1:2:2,4,1,1,1,1,0,1,1,1,1,1,5,6,1
37826,0:2:1;1:1:1;1:1:1;1:2:2,4,2,1,1,1,0,1,1,1,1,1,5,6,1
37827,0:2:1;1:1:1;1:1:1;1:2:2,4,3,1,1,1,0,1,1,1,1,1,5,6,1
37828,0:2:1;1:1:1;1:1:1;1:2:2,4,4,1,1,1,0,1,1,1,1,1,5,6,1
37829,0:2:1;1:1:1;1:1:1;1:2:2,4,5,1,1,1,0,1,1,1,1,1,5,6,1
37830,0:2:1;1:1:1;1:1:1;1:2:2,5,0,1,1,1,0,1,1,1,1,1,5,6,7
37831,0:2:1;1:1:1;1:1:1;1:2:2,5,1,1,1,1,0,1,1,1,1,1,5,6,1
37832,0:2:1;1:1:1;1:1:1;1:2:2,5,2,1,1,1,0,1,1,1,1,1,5,6,1
37833,0:2:1;1:1:1;1:1:1;1:2:2,5,3,1,1,1,0,1,1,1,1,1,5,6,1
37834,0:2:1;1:1:1;1:1:1;1:2:2,5,4,1,1,1,0,1,1,1,1,1,5,6,1
37835,0:2:1;1:1:1;1:1:1;1:2:2,5,5,1,1,1,0,1,1,1,1,1,5,6,1
37836,0:2:1;1:1:1;1:1:1;1:3:2,0,0,0,0,0,1,0,0,0,0,0,0,1,24
37837,0:2:1;1:1:1;1:1:1;1:3:2,0,1,0,0,0,1,0,0,0,0,0,0,9,24
37838,0:2:1;1:1:1;1:1:1;1:3:2,0,2,0,0,0,1,0,0,0,0,0,0,9,24
37839,0:2:1;1:1:1;1:1:1;1:3:2,0,3,0,0,0,1,0,0,0,0,0,0,9,24
37840,0:2:1;1:1:1;1:1:1;1:3:2,0,4,0,0,0,1,0,0,0,0,0,0,9,24
37841,0:2:1;1:1:1;1:1:1;1:3:2,0,5,0,0,0,1,0,0,0,0,0,0,9,24
37842,0:2:1;1:1:1;1:1:1;1:3:2,1,0,0,0,0,1,0,0,0,0,0,0,12,24
37843,0:2:1;1:1:1;1:1:1;1:3:2,1,1,0,0,0,1,0,0,0,0,0,0,15,24
37844,0:2:1;1:1:1;1:1:1;1:3:2,1,2,0,0,0,1,0,0,0,0,0,0,15,24
37845,0:2:1;1:1:1;1:1:1;1:3:2,1,3,0,0,0,1,0,0,0,0,0,0,15,24
37846,0:2:1;1:1:1;1:1:1;1:3:2,1,4,0,0,0,1,0,0,0,0,0,0,15,24
37847,0:2:1;1:1:1;1:1:1;1:3:2,1,5,0,0,0,1,0,0,0,0,0,0,15,24
37848,0:2:1;1:1:1;1:1:1;1:3:2,2,0,1,1,1,0,1,1,1,1,1,5,6,7
37849,0:2:1;1:1:1;1:1:1;1:3:2,2,1,1,1,1,0,1,1,1,1,1,5,6,1
37850,0:2:1;1:1:1;1:1:1;1:3:2,2,2,1,1,1,0,1,1,1,1,1,5,6,1
37851,0:2:1;1:1:1;1:1:1;1:3:2,2,3,1,1,1,0,1,1,1,1,1,5,6,1
37852,0:2:1;1:1:1;1:1:1;1:3:2,2,4,1,1,1,0,1,1,1,1,1,5,6,1
37853,0:2:1;1:1:1;1:1:1;1:3:2,2,5,1,1,1,0,1,1,1,1,1,5,6,1
37854,0:2:1;1:1:1;1:1:1;1:3:2,3,0,1,1,1,0,1,1,1,1,1,5,6,7
37855,0:2:1;1:1:1;1:1:1;1:3:2,3,1,1,1,1,0,1,1,1,1,1,5,6,1
37856,0:2:1;1:1:1;1:1:1;1:3:2,3,2,1,1,1,0,1,1,1,1,1,5,6,1
37857,0:2:1;1:1:1;1:1:1;1:3:2,3,3,1,1,1,0,1,1,1,1,1,5,6,1
37858,0:2:1;1:1:1;1:1:1;1:3:2,3,4,1,1,1,0,1,1,1,1,1,5,6,1
37859,0:2:1;1:1:1;1:1:1;1:3:2,3,5,1,1,1,0,1,1,1,1,1,5,6,1
37860,0:2:1;1:1:1;1:1:1;1:3:2,4,0,1,1,1,0,1,1,1,1,1,5,6,7
37861,0:2:1;1:1:1;1:1:1;1:3:2,4,1,1,1,1,0,1,1,1,1,1,5,6,1
37862,0:2:1;1:1:1;1:1:1;1:3:2,4,2,1,1,1,0,1,1,1,1,1,5,6,1
37863,0:2:1;1:1:1;1:1:1;1:3:2,4,3,1,1,1,0,1,1,1,1,1,5,6,1
37864,0:2:1;1:1:1;1:1:1;1:3:2,4,4,1,1,1,0,1,1,1,1,1,5,6,1
37865,0:2:1;1:1:1;1:1:1;1:3:2,4,5,1,1,1,0,1,1,1,1,1,5,6,1
37866,0:2:1;1:1:1;1:1:1;1:3:2,5,0,1,1,1,0,1,1,1,1,1,5,6,7
37867,0:2:1;1:1:1;1:1:1;1:3:2,5,1,1,1,1,0,1,1,1,1,1,5,6,1
37868,0:2:1;1:1:1;1:1:1;1:3:2,5,2,1,1,1,0,1,1,1,1,1,5,6,1
37869,0:2:1;1:1:1;1:1:1;1:3:2,5,3,1,1,1,0,1,1,1,1,1,5,6,1
37870,0:2:1;1:1:1;1:1:1;1:3:2,5,4,1,1,1,0,1,1,1,1,1,5,6,1
37871,0:2:1;1:1:1;1:1:1;1:3:2,5,5,1,1,1,0,1,1,1,1,1,5,6,1
37872,0:2:1;1:1:1;1:1:1;1:3:3,0,0,0,0,0,1,0,0,0,0,0,0,1,24
37873,0:2:1;1:1:1;1:1:1;1:3:3,0,1,0,0,0,1,0,0,0,0,0,0,9,24
37874,0:2:1;1:1:1;1:1:1;1:3:3,0,2,0,0,0,1,0,0,0,0,0,0,9,24
37875,0:2:1;1:1:1;1:1:1;1:3:3,0,3,0,0,0,1,0,0,0,0,0,0,9,24
37876,0:2:1;1:1:1;1:1:1;1:3:3,0,4,0,0,0,1,0,0,0,0,0,0,9,24
37877,0:2:1;1:1:1;1:1:1;1:3:3,0,5,0,0,0,1,0,0,0,0,0,0,9,24
37878,0:2:1;1:1:1;1:1:1;1:3:3,1,0,0,0,0,1,0,0,0,0,0,0,12,24
37879,0:2:1;1:1:1;1:1:1;1:3:3,1,1,0,0,0,1,0,0,0,0,0,0,16,24
37880,0:2:1;1:1:1;1:1:1;1:3:3,1,2,0,0,0,1,0,0,0,0,0,0,16,24
37881,0:2:1;1:1:1;1:1:1;1:3:3,1,3,0,0,0,1,0,0,0,0,0,0,16,24
37882,0:2:1;1:1:1;1:1:1;1:3:3,1,4,0,0,0,1,0,0,0,0,0,0,16,24
37883,0:2:1;1:1:1;1:1:1;1:3:3,1,5,0,0,0,1,0,0,0,0,0,0,16,24
37884,0:2:1;1:1:1;1:1:1;1:3:3,2,0,0,0,0,1,0,0,0,0,0,0,19,24
37885,0:2:1;1:1:1;1:1:1;1:3:3,2,1,0,0,0,1,0,0,0,0,0,0,23,24
37886,0:2:1;1:1:1;1:1:1;1:3:3,2,2,0,0,0,1,0,0,0,0,0,0,23,24
37887,0:2:1;1:1:1;1:1:1;1:3:3,2,3,0,0,0,1,0,0,0,0,0,0,23,24
37888,0:2:1;1:1:1;1:1:1;1:3:3,2,4,0,0,0,1,0,0,0,0,0,0,23,24
37889,0:2:1;1:1:1;1:1:1;1:3:3,2,5,0,0,0,1,0,0,0,0,0,0,23,24
37890,0:2:1;1:1:1;1:1:1;1:3:3,3,0,1,1,1,0,1,1,1,1,1,5,7,7
37891,0:2:1;1:1:1;1:1:1;1:3:3,3,1,1,1,1,0,1,1,1,1,1,5,7,1
37892,0:2:1;1:1:1;1:1:1;1:3:3,3,2,1,1,1,0,1,1,1,1,1,5,7,1
37893,0:2:1;1:1:1;1:1:1;1:3:3,3,3,1,1,1,0,1,1,1,1,1,5,7,1
37894,0:2:1;1:1:1;1:1:1;1:3:3,3,4,1,1,1,0,1,1,1,1,1,5,7,1
37895,0:2:1;1:1:1;1:1:1;1:3:3,3,5,1,1,1,0,1,1,1,1,1,5,7,1
37896,0:2:1;1:1:1;1:1:1;1:3:3,4,0,1,1,1,0,1,1,1,1,1,5,7,7
37897,0:2:1;1:1:1;1:1:1;1:3:3,4,1,1,1,1,0,1,1,1,1,1,5,7,1
37898,0:2:1;1:1:1;1:1:1;1:3:3,4,2,1,1,1,0,1,1,1,1,1,5,7,1
37899,0:2:1;1:1:1;1:1:1;1:3:3,4,3,1,1,1,0,1,1,1,1,1,5,7,1
37900,0:2:1;1:1:1;1:1:1;1:3:3,4,4,1,1,1,0,1,1,1,1,1,5,7,1
37901,0:2:1;1:1:1;1:1:1;1:3:3,4,5,1,1,1,0,1,1,1,1,1,5,7,1
37902,0:2:1;1:1:1;1:1:1;1:3:3,5,0,1,1,1,0,1,1,1,1,1,5,7,7
37903,0:2:1;1:1:1;1:1:1;1:3:3,5,1,1,1,1,0,1,1,1,1,1,5,7,1
37904,0:2:1;1:1:1;1:1:1;1:3:3,5,2,1,1,1,0,1,1,1,1,1,5,7,1
37905,0:2:1;1:1:1;1:1:1;1:3:3,5,3,1,1,1,0,1,1,1,1,1,5,7,1
37906,0:2:1;1:1:1;1:1:1;1:3:3,5,4,1,1,1,0,1,1,1,1,1,5,7,1
37907,0:2:1;1:1:1;1:1:1;1:3:3,5,5,1,1,1,0,1,1,1,1,1,5,7,1
37908,0:2:1;1:1:1;1:1:1;1:4:3,0,0,0,0,0,1,0,0,0,0,0,0,1,24
37909,0:2:1;1:1:1;1:1:1;1:4:3,0,1,0,0,0,1,0,0,0,0,0,0,9,24
37910,0:2:1;1:1:1;1:1:1;1:4:3,0,2,0,0,0,1,0,0,0,0,0,0,9,24
37911,0:2:1;1:1:1;1:1:1;1:4:3,0,3,0,0,0,1,0,0,0,0,0,0,9,24
37912,0:2:1;1:1:1;1:1:1;1:4:3,0,4,0,0,0,1,0,0,0,0,0,0,9,24
37913,0:2:1;1:1:1;1:1:1;1:4:3,0,5,0,0,0,1,0,0,0,0,0,0,9,24
37914,0:2:1;1:1:1;1:1:1;1:4:3,1,0,0,0,0,1,0,0,0,0,0,0,12,24
37915,0:2:1;1:1:1;1:1:1;1:4:3,1,1,0,0,0,1,0,0,0,0,0,0,16,24
37916,0:2:1;1:1:1;1:1:1;1:4:3,1,2,0,0,0,1,0,0,0,0,0,0,16,24
37917,0:2:1;1:1:1;1:1:1;1:4:3,1,3,0,0,0,1,0,0,0,0,0,0,16,24
37918,0:2:1;1:1:1;1:1:1;1:4:3,1,4,0,0,0,1,0,0,0,0,0,0,16,24
37919,0:2:1;1:1:1;1:1:1;1:4:3,1,5,0,0,0,1,0,0,0,0,0,0,16,24
37920,0:2:1;1:1:1;1:1:1;1:4:3,2,0,0,0,0,1,0,0,0,0,0,0,19,24
37921,0:2:1;1:1:1;1:1:1;1:4:3,2,1,0,0,0,1,0,0,0,0,0,0,23,24
37922,0:2:1;1:1:1;1:1:1;1:4:3,2,2,0,0,0,1,0,0,0,0,0,0,23,24
37923,0:2:1;1:1:1;1:1:1;1:4:3,2,3,0,0,0,1,0,0,0,0,0,0,23,24
37924,0:2:1;1:1:1;1:1:1;1:4:3,2,4,0,0,0,1,0,0,0,0,0,0,23,24
37925,0:2:1;1:1:1;1:1:1;1:4:3,2,5,0,0,0,1,0,0,0,0,0,0,23,24
37926,0:2:1;1:1:1;1:1:1;1:4:3,3,0,1,1,1,0,1,1,1,1,1,5,7,7
37927,0:2:1;1:1:1;1:1:1;1:4:3,3,1,1,1,1,0,1,1,1,1,1,5,7,1
37928,0:2:1;1:1:1;1:1:1;1:4:3,3,2,1,1,1,0,1,1,1,1,1,5,7,1
37929,0:2:1;1:1:1;1:1:1;1:4:3,3,3,1,1,1,0,1,1,1,1,1,5,7,1
37930,0:2:1;1:1:1;1:1:1;1:4:3,3,4,1,1,1,0,1,1,1,1,1,5,7,1
37931,0:2:1;1:1:1;1:1:1;1:4:3,3,5,1,1,1,0,1,1,1,1,1,5,7,1
37932,0:2:1;1:1:1;1:1:1;1:4:3,4,0,1,1,1,0,1,1,1,1,1,5,7,7
37933,0:2:1;1:1:1;1:1:1;1:4:3,4,1,1,1,1,0,1,1,1,1,1,5,7,1
37934,0:2:1;1:1:1;1:1:1;1:4:3,4,2,1,1,1,0,1,1,1,1,1,5,7,1
37935,0:2:1;1:1:1;1:1:1;1:4:3,4,3,1,1,1,0,1,1,1,1,1,5,7,1
37936,0:2:1;1:1:1;1:1:1;1:4:3,4,4,1,1,1,0,1,1,1,1,1,5,7,1
37937,0:2:1;1:1:1;1:1:1;1:4:3,4,5,1,1,1,0,1,1,1,1,1,5,7,1
37938,0:2:1;1:1:1;1:1:1;1:4:3,5,0,1,1,1,0,1,1,1,1,1,5,7,7
37939,0:2:1;1:1:1;1:1:1;1:4:3,5,1,1,1,1,0,1,1,1,1,1,5,7,1
37940,0:2:1;1:1:1;1:1:1;1:4:3,5,2,1,1,1,0,1,1,1,1,1,5,7,1
37941,0:2:1;1:1:1;1:1:1;1:4:3,5,3,1,1,1,0,1,1,1,1,1,5,7,1
37942,0:2:1;1:1:1;1:1:1;1:4:3,5,4,1,1,1,0,1,1,1,1,1,5,7,1
37943,0:2:1;1:1:1;1:1:1;1:4:3,5,5,1,1,1,0,1,1,1,1,1,5,7,1
37944,0:2:1;1:1:1;1:2:1;1:2:1,0,0,0,0,0,1,0,0,0,0,0,0,1,24
37945,0:2:1;1:1:1;1:2:1;1:2:1,0,1,0,0,0,1,0,0,0,0,0,0,8,24
37946,0:2:1;1:1:1;1:2:1;1:2:1,0,2,0,0,0,1,0,0,0,0,0,0,8,24
37947,0:2:1;1:1:1;1:2:1;1:2:1,0,3,0,0,0,1,0,0,0,0,0,0,8,24
37948,0:2:1;1:1:1;1:2:1;1:2:1,0,4,0,0,0,1,0,0,0,0,0,0,8,24
37949,0:2:1;1:1:1;1:2:1;1:2:1,0,5,0,0,0,1,0,0,0,0,0,0,8,24
37950,0:2:1;1:1:1;1:2:1;1:2:1,1,0,1,1,1,0,1,1,1,1,1,5,5,7
37951,0:2:1;1:1:1;1:2:1;1:2:1,1,1,1,1,1,0,1,1,1,1,1,5,5,1
37952,0:2:1;1:1:1;1:2:1;1:2:1,1,2,1,1,1,0,1,1,1,1,1,5,5,1
37953,0:2:1;1:1:1;1:2:1;1:2:1,1,3,1,1,1,0,1,1,1,1,1,5,5,1
37954,0:2:1;1:1:1;1:2:1;1:2:1,1,4,1,1,1,0,1,1,1,1,1,5,5,1
37955,0:2:1;1:1:1;1:2:1;1:2:1,1,5,1,1,1,0,1,1,1,1,1,5,5,1
37956,0:2:1;1:1:1;1:2:1;1:2:1,2,0,1,1,1,0,1,1,1,1,1,5,5,7
37957,0:2:1;1:1:1;1:2:1;1:2:1,2,1,1,1,1,0,1,1,1,1,1,5,5,1
37958,0:2:1;1:1:1;1:2:1;1:2:1,2,2,1,1,1,0,1,1,1,1,1,5,5,1
37959,0:2:1;1:1:1;1:2:1;1:2:1,2,3,1,1,1,0,1,1,1,1,1,5,5,1
37960,0:2:1;1:1:1;1:2:1;1:2:1,2,4,1,1,1,0,1,1,1,1,1,5,5,1
37961,0:2:1;1:1:1;1:2:1;1:2:1,2,5,1,1,1,0,1,1,1,1,1,5,5,1
37962,0:2:1;1:1:1;1:2:1;1:2:1,3,0,1,1,1,0,1,1,1,1,1,5,5,7
37963,0:2:1;1:1:1;1:2:1;1:2:1,3,1,1,1,1,0,1,1,1,1,1,5,5,1
37964,0:2:1;1:1:1;1:2:1;1:2:1,3,2,1,1,1,0,1,1,1,1,1,5,5,1
37965,0:2:1;1:1:1;1:2:1;1:2:1,3,3,1,1,1,0,1,1,1,1,1,5,5,1
37966,0:2:1;1:1:1;1:2:1;1:2:1,3,4,1,1,1,0,1,1,1,1,1,5,5,1
37967,0:2:1;1:1:1;1:2:1;1:2:1,3,5,1,1,1,0,1,1,1,1,1,5,5,1
37968,0:2:1;1:1:1;1:2:1;1:2:1,4,0,1,1,1,0,1,1,1,1,1,5,5,7
37969,0:2:1;1:1:1;1:2:1;1:2:1,4,1,1,1,1,0,1,1,1,1,1,5,5,1
37970,0:2:1;1:1:1;1:2:1;1:2:1,4,2,1,1,1,0,1,1,1,1,1,5,5,1
37971,0:2:1;1:1:1;1:2:1;1:2:1,4,3,1,1,1,0,1,1,1,1,1,5,5,1
37972,0:2:1;1:1:1;1:2:1;1:2:1,4,4,1,1,1,0,1,1,1,1,1,5,5,1
37973,0:2:1;1:1:1;1:2:1;1:2:1,4,5,1,1,1,0,1,1,1,1,1,5,5,1
37974,0:2:1;1:1:1;1:2:1;1:2:1,5,0,1,1,1,0,1,1,1,1,1,5,5,7
37975,0:2:1;1:1:1;1:2:1;1:2:1,5,1,1,1,1,0,1,1,1,1,1,5,5,1
37976,0:2:1;1:1:1;1:2:1;1:2:1,5,2,1,1,1,0,1,1,1,1,1,5,5,1
37977,0:2:1;1:1:1;1:2:1;1:2:1,5,3,1,1,1,0,1,1,1,1,1,5,5,1
37978,0:2:1;1:1:1;1:2:1;1:2:1,5,4,1,1,1,0,1,1,1,1,1,5,5,1
37979,0:2:1;1:1:1;1:2:1;1:2:1,5,5,1,1,1,0,1,1,1,1,1,5,5,1
37980,0:2:1;1:1:1;1:2:1;1:2:2,0,0,0,0,0,1,0,0,0,0,0,0,1,24
37981,0:2:1;1:1:1;1:2:1;1:2:2,0,1,0,0,0,1,0,0,0,0,0,0,9,24
37982,0:2:1;1:1:1;1:2:1;1:2:2,0,2,0,0,0,1,0,0,0,0,0,0,9,24
37983,0:2:1;1:1:1;1:2:1;1:2:2,0,3,0,0,0,1,0,0,0,0,0,0,9,24
37984,0:2:1;1:1:1;1:2:1;1:2:2,0,4,0,0,0,1,0,0,0,0,0,0,9,24
37985,0:2:1;1:1:1;1:2:1;1:2:2,0,5,0,0,0,1,0,0,0,0,0,0,9,24
37986,0:2:1;1:1:1;1:2:1;1:2:2,1,0,0,0,0,1,0,0,0,0,0,0,12,24
37987,0:2:1;1:1:1;1:2:1;1:2:2,1,1,0,0,0,1,0,0,0,0,0,0,15,24
37988,0:2:1;1:1:1;1:2:1;1:2:2,1,2,0,0,0,1,0,0,0,0,0,0,15,24
37989,0:2:1;1:1:1;1:2:1;1:2:2,1,3,0,0,0,1,0,0,0,0,0,0,15,24
37990,0:2:1;1:1:1;1:2:1;1:2:2,1,4,0,0,0,1,0,0,0,0,0,0,15,24
37991,0:2:1;1:1:1;1:2:1;1:2:2,1,5,0,0,0,1,0,0,0,0,0,0,15,24
37992,0:2:1;1:1:1;1:2:1;1:2:2,2,0,1,1,1,0,1,1,1,1,1,5,6,7
37993,0:2:1;1:1:1;1:2:1;1:2:2,2,1,1,1,1,0,1,1,1,1,1,5,6,1
37994,0:2:1;1:1:1;1:2:1;1:2:2,2,2,1,1,1,0,1,1,1,1,1,5,6,1
37995,0:2:1;1:1:1;1:2:1;1:2:2,2,3,1,1,1,0,1,1,1,1,1,5,6,1
37996,0:2:1;1:1:1;1:2:1;1:2:2,2,4,1,1,1,0,1,1,1,1,1,5,6,1
37997,0:2:1;1:1:1;1:2:1;1:2:2,2,5,1,1,1,0,1,1,1,1,1,5,6,1
37998,0:2:1;1:1:1;1:2:1;1:2:2,3,0,1,1,1,0,1,1,1,1,1,5,6,7
37999,0:2:1;1:1:1;1:2:1;1:2:2,3,1,1,1,1,0,1,1,1,1,1,5,6,1
38000,0:2:1;1:1:1;1:2:1;1:2:2,3,2,1,1,1,0,1,1,1,1,1,5,6,1
38001,0:2:1;1:1:1;1:2:1;1:2:2,3,3,1,1,1,0,1,1,1,1,1,5,6,1
38002,0:2:1;1:1:1;1:2:1;1:2:2,3,4,1,1,1,0,1,1,1,1,1,5,6,1
38003,0:2:1;1:1:1;1:2:1;1:2:2,3,5,1,1,1,0,1,1,1,1,1,5,6,1
38004,0:2:1;1:1:1;1:2:1;1:2:2,4,0,1,1,1,0,1,1,1,1,1,5,6,7
38005,0:2:1;1:1:1;1:2:1;1:2:2,4,1,1,1,1,0,1,1,1,1,1,5,6,1
38006,0:2:1;1:1:1;1:2:1;1:2:2,4,2,1,1,1,0,1,1,1,1,1,5,6,1
38007,0:2:1;1:1:1;1:2:1;1:2:2,4,3,1,1,1,0,1,1,1,1,1,5,6,1
38008,0:2:1;1:1:1;1:2:1;1:2:2,4,4,1,1,1,0,1,1,1,1,1,5,6,1
38009,0:2:1;1:1:1;1:2:1;1:2:2,4,5,1,1,1,0,1,1,1,1,1,5,6,1
38010,0:2:1;1:1:1;1:2:1;1:2:2,5,0,1,1,1,0,1,1,1,1,1,5,6,7
38011,0:2:1;1:1:1;1:2:1;1:2:2,5,1,1,1,1,0,1,1,1,1,1,5,6,1
38012,0:2:1;1:1:1;1:2:1;1:2:2,5,2,1,1,1,0,1,1,1,1,1,5,6,1
38013,0:2:1;1:1:1;1:2:1;1:2:2,5,3,1,1,1,0,1,1,1,1,1,5,6,1
38014,0:2:1;1:1:1;1:2:1;1:2:2,5,4,1,1,1,0,1,1,1,1,1,5,6,1
38015,0:2:1;1:1:1;1:2:1;1:2:2,5,5,1,1,1,0,1,1,1,1,1,5,6,1
38016,0:2:1;1:1:1;1:2:1;1:3:2,0,0,0,0,0,1,0,0,0,0,0,0,1,24
38017,0:2:1;1:1:1;1:2:1;1:3:2,0,1,0,0,0,1,0,0,0,0,0,0,9,24
38018,0:2:1;1:1:1;1:2:1;1:3:2,0,2,0,0,0,1,0,0,0,0,0,0,9,24
38019,0:2:1;1:1:1;1:2:1;1:3:2,0,3,0,0,0,1,0,0,0,0,0,0,9,24
38020,0:2:1;1:1:1;1:2:1;1:3:2,0,4,0,0,0,1,0,0,0,0,0,0,9,24
38021,0:2:1;1:1:1;1:2:1;1:3:2,0,5,0,0,0,1,0,0,0,0,0,0,9,24
38022,0:2:1;1:1:1;1:2:1;1:3:2,1,0,0,0,0,1,0,0,0,0,0,0,12,24
38023,0:2:1;1:1:1;1:2:1;1:3:2,1,1,0,0,0,1,0,0,0,0,0,0,15,24
38024,0:2:1;1:1:1;1:2:1;1:3:2,1,2,0,0,0,1,0,0,0,0,0,0,15,24
38025,0:2:1;1:1:1;1:2:1;1:3:2,1,3,0,0,0,1,0,0,0,0,0,0,15,24
38026,0:2:1;1:1:1;1:2:1;1:3:2,1,4,0,0,0,1,0,0,0,0,0,0,15,24
38027,0:2:1;1:1:1;1:2:1;1:3:2,1,5,0,0,0,1,0,0,0,0,0,0,15,24
38028,0:2:1;1:1:1;1:2:1;1:3:2,2,0,1,1,1,0,1,1,1,1,1,5,6,7
38029,0:2:1;1:1:1;1:2:1;1:3:2,2,1,1,1,1,0,1,1,1,1,1,5,6,1
38030,0:2:1;1:1:1;1:2:1;1:3:2,2,2,1,1,1,0,1,1,1,1,1,5,6,1
38031,0:2:1;1:1:1;1:2:1;1:3:2,2,3,1,1,1,0,1,1,1,1,1,5,6,1
38032,0:2:1;1:1:1;1:2:1;1:3:2,2,4,1,1,1,0,1,1,1,1,1,5,6,1
38033,0:2:1;1:1:1;1:2:1;1:3:2,2,5,1,1,1,0,1,1,1,1,1,5,6,1
38034,0:2:1;1:1:1;1:2:1;1:3:2,3,0,1,1,1,0,1,1,1,1,1,5,6,7
38035,0:2:1;1:1:1;1:2:1;1:3:2,3,1,1,1,1,0,1,1,1,1,1,5,6,1
38036,0:2:1;1:1:1;1:2:1;1:3:2,3,2,1,1,1,0,1,1,1,1,1,5,6,1
38037,0:2:1;1:1:1;1:2:1;1:3:2,3,3,1,1,1,0,1,1,1,1,1,5,6,1
38038,0:2:1;1:1:1;1:2:1;1:3:2,3,4,1,1,1,0,1,1,1,1,1,5,6,1
38039,0:2:1;1:1:1;1:2:1;1:3:2,3,5,1,1,1,0,1,1,1,1,1,5,6,1
38040,0:2:1;1:1:1;1:2:1;1:3:2,4,0,1,1,1,0,1,1,1,1,1,5,6,7
38041,0:2:1;1:1:1;1:2:1;1:3:2,4,1,1,1,1,0,1,1,1,1,1,5,6,1
38042,0:2:1;1:1:1;1:2:1;1:3:2,4,2,1,1,1,0,1,1,1,1,1,5,6,1
38043,0:2:1;1:1:1;1:2:1;1:3:2,4,3,1,1,1,0,1,1,1,1,1,5,6,1
38044,0:2:1;1:1:1;1:2:1;1:3:2,4,4,1,1,1,0,1,1,1,1,1,5,6,1
38045,0:2:1;1:1:1;1:2:1;1:3:2,4,5,1,1,1,0,1,1,1,1,1,5,6,1
38046,0:2:1;1:1:1;1:2:1;1:3:2,5,0,1,1,1,0,1,1,1,1,1,5,6,7
38047,0:2:1;1:1:1;1:2:1;1:3:2,5,1,1,1,1,0,1,1,1,1,1,5,6,1
38048,0:2:1;1:1:1;1:2:1;1:3:2,5,2,1,1,1,0,1,1,1,1,1,5,6,1
38049,0:2:1;1:1:1;1:2:1;1:3:2,5,3,1,1,1,0,1,1,1,1,1,5,6,1
38050,0:2:1;1:1:1;1:2:1;1:3:2,5,4,1,1,1,0,1,1,1,1,1,5,6,1
38051,0:2:1;1:1:1;1:2:1;1:3:2,5,5,1,1,1,0,1,1,1,1,1,5,6,1
38052,0:2:1;1:1:1;1:2:1;1:3:3,0,0,0,0,0,1,0,0,0,0,0,0,1,24
38053,0:2:1;1:1:1;1:2:1;1:3:3,0,1,0,0,0,1,0,0,0,0,0,0,9,24
38054,0:2:1;1:1:1;1:2:1;1:3:3,0,2,0,0,0,1,0,0,0,0,0,0,9,24
38055,0:2:1;1:1:1;1:2:1;1:3:3,0,3,0,0,0,1,0,0,0,0,0,0,9,24
38056,0:2:1;1:1:1;1:2:1;1:3:3,0,4,0,0,0,1,0,0,0,0,0,0,9,24
38057,0:2:1;1:1:1;1:2:1;1:3:3,0,5,0,0,0,1,0,0,0,0,0,0,9,24
38058,0:2:1;1:1:1;1:2:1;1:3:3,1,0,0,0,0,1,0,0,0,0,0,0,12,24
38059,0:2:1;1:1:1;1:2:1;1:3:3,1,1,0,0,0,1,0,0,0,0,0,0,16,24
38060,0:2:1;1:1:1;1:2:1;1:3:3,1,2,0,0,0,1,0,0,0,0,0,0,16,24
38061,0:2:1;1:1:1;1:2:1;1:3:3,1,3,0,0,0,1,0,0,0,0,0,0,16,24
38062,0:2:1;1:1:1;1:2:1;1:3:3,1,4,0,0,0,1,0,0,0,0,0,0,16,24
38063,0:2:1;1:1:1;1:2:1;1:3:3,1,5,0,0,0,1,0,0,0,0,0,0,16,24
38064,0:2:1;1:1:1;1:2:1;1:3:3,2,0,0,0,0,1,0,0,0,0,0,0,19,24
38065,0:2:1;1:1:1;1:2:1;1:3:3,2,1,0,0,0,1,0,0,0,0,0,0,23,24
38066,0:2:1;1:1:1;1:2:1;1:3:3,2,2,0,0,0,1,0,0,0,0,0,0,23,24
38067,0:2:1;1:1:1;1:2:1;1:3:3,2,3,0,0,0,1,0,0,0,0,0,0,23,24
38068,0:2:1;1:1:1;1:2:1;1:3:3,2,4,0,0,0,1,0,0,0,0,0,0,23,24
38069,0:2:1;1:1:1;1:2:1;1:3:3,2,5,0,0,0,1,0,0,0,0,0,0,23,24
38070,0:2:1;1:1:1;1:2:1;1:3:3,3,0,1,1,1,0,1,1,1,1,1,5,7,7
38071,0:2:1;1:1:1;1:2:1;1:3:3,3,1,1,1,1,0,1,1,1,1,1,5,7,1
38072,0:2:1;1:1:1;1:2:1;1:3:3,3,2,1,1,1,0,1,1,1,1,1,5,7,1
38073,0:2:1;1:1:1;1:2:1;1:3:3,3,3,1,1,1,0,1,1,1,1,1,5,7,1
38074,0:2:1;1:1:1;1:2:1;1:3:3,3,4,1,1,1,0,1,1,1,1,1,5,7,1
38075,0:2:1;1:1:1;1:2:1;1:3:3,3,5,1,1,1,0,1,1,1,1,1,5,7,1
38076,0:2:1;1:1:1;1:2:1;1:3:3,4,0,1,1,1,0,1,1,1,1,1,5,7,7
38077,0:2:1;1:1:1;1:2:1;1:3:3,4,1,1,1,1,0,1,1,1,1,1,5,7,1
38078,0:2:1;1:1:1;1:2:1;1:3:3,4,2,1,1,1,0,1,1,1,1,1,5,7,1
38079,0:2:1;1:1:1;1:2:1;1:3:3,4,3,1,1,1,0,1,1,1,1,1,5,7,1
38080,0:2:1;1:1:1;1:2:1;1:3:3,4,4,1,1,1,0,1,1,1,1,1,5,7,1
38081,0:2:1;1:1:1;1:2:1;1:3:3,4,5,1,1,1,0,1,1,1,1,1,5,7,1
38082,0:2:1;1:1:1;1:2:1;1:3:3,5,0,1,1,1,0,1,1,1,1,1,5,7,7
38083,0:2:1;1:1:1;1:2:1;1:3:3,5,1,1,1,1,0,1,1,1,1,1,5,7,1
38084,0:2:1;1:1:1;1:2:1;1:3:3,5,2,1,1,1,0,1,1,1,1,1,5,7,1
38085,0:2:1;1:1:1;1:2:1;1:3:3,5,3,1,1,1,0,1,1,1,1,1,5,7,1
38086,0:2:1;1:1:1;1:2:1;1:3:3,5,4,1,1,1,0,1,1,1,1,1,5,7,1
38087,0:2:1;1:1:1;1:2:1;1:3:3,5,5,1,1,1,0,1,1,1,1,1,5,7,1
38088,0:2:1;1:1:1;1:2:1;1:4:3,0,0,0,0,0,1,0,0,0,0,0,0,1,24
38089,0:2:1;1:1:1;1:2:1;1:4:3,0,1,0,0,0,1,0,0,0,0,0,0,9,24
38090,0:2:1;1:1:1;1:2:1;1:4:3,0,2,0,0,0,1,0,0,0,0,0,0,9,24
38091,0:2:1;1:1:1;1:2:1;1:4:3,0,3,0,0,0,1,0,0,0,0,0,0,9,24
38092,0:2:1;1:1:1;1:2:1;1:4:3,0,4,0,0,0,1,0,0,0,0,0,0,9,24
38093,0:2:1;1:1:1;1:2:1;1:4:3,0,5,0,0,0,1,0,0,0,0,0,0,9,24
38094,0:2:1;1:1:1;1:2:1;1:4:3,1,0,0,0,0,1,0,0,0,0,0,0,12,24
38095,0:2:1;1:1:1;1:2:1;1:4:3,1,1,0,0,0,1,0,0,0,0,0,0,16,24
38096,0:2:1;1:1:1;1:2:1;1:4:3,1,2,0,0,0,1,0,0,0,0,0,0,16,24
38097,0:2:1;1:1:1;1:2:1;1:4:3,1,3,0,0,0,1,0,0,0,0,0,0,16,24
38098,0:2:1;1:1:1;1:2:1;1:4:3,1,4,0,0,0,1,0,0,0,0,0,0,16,24
38099,0:2:1;1:1:1;1:2:1;1:4:3,1,5,0,0,0,1,0,0,0,0,0,0,16,24
38100,0:2:1;1:1:1;1:2:1;1:4:3,2,0,0,0,0,1,0,0,0,0,0,0,19,24
38101,0:2:1;1:1:1;1:2:1;1:4:3,2,1,0,0,0,1,0,0,0,0,0,0,23,24
38102,0:2:1;1:1:1;1:2:1;1:4:3,2,2,0,0,0,1,0,0,0,0,0,0,23,24
38103,0:2:1;1:1:1;1:2:1;1:4:3,2,3,0,0,0,1,0,0,0,0,0,0,23,24
38104,0:2:1;1:1:1;1:2:1;1:4:3,2,4,0,0,0,1,0,0,0,0,0,0,23,24
38105,0:2:1;1:1:1;1:2:1;1:4:3,2,5,0,0,0,1,0,0,0,0,0,0,23,24
38106,0:2:1;1:1:1;1:2:1;1:4:3,3,0,1,1,1,0,1,1,1,1,1,5,7,7
38107,0:2:1;1:1:1;1:2:1;1:4:3,3,1,1,1,1,0,1,1,1,1,1,5,7,1
38108,0:2:1;1:1:1;1:2:1;1:4:3,3,2,1,1,1,0,1,1,1,1,1,5,7,1
38109,0:2:1;1:1:1;1:2:1;1:4:3,3,3,1,1,1,0,1,1,1,1,1,5,7,1
38110,0:2:1;1:1:1;1:2:1;1:4:3,3,4,1,1,1,0,1,1,1,1,1,5,7,1
38111,0:2:1;1:1:1;1:2:1;1:4:3,3,5,1,1,1,0,1,1,1,1,1,5,7,1
38112,0:2:1;1:1:1;1:2:1;1:4:3,4,0,1,1,1,0,1,1,1,1,1,5,7,7
38113,0:2:1;1:1:1;1:2:1;1:4:3,4,1,1,1,1,0,1,1,1,1,1,5,7,1
38114,0:2:1;1:1:1;1:2:1;1:4:3,4,2,1,1,1,0,1,1,1,1,1,5,7,1
38115,0:2:1;1:1:1;1:2:1;1:4:3,4,3,1,1,1,0,1,1,1,1,1,5,7,1
38116,0:2:1;1:1:1;1:2:1;1:4:3,4,4,1,1,1,0,1,1,1,1,1,5,7,1
38117,0:2:1;1:1:1;1:2:1;1:4:3,4,5,1,1,1,0,1,1,1,1,1,5,7,1
38118,0:2:1;1:1:1;1:2:1;1:4:3,5,0,1,1,1,0,1,1,1,1,1,5,7,7
38119,0:2:1;1:1:1;1:2:1;1:4:3,5,1,1,1,1,0,1,1,1,1,1,5,7,1
38120,0:2:1;1:1:1;1:2:1;1:4:3,5,2,1,1,1,0,1,1,1,1,1,5,7,1
38121,0:2:1;1:1:1;1:2:1;1:4:3,5,3,1,1,1,0,1,1,1,1,1,5,7,1
38122,0:2:1;1:1:1;1:2:1;1:4:3,5,4,1,1,1,0,1,1,1,1,1,5,7,1
38123,0:2:1;1:1:1;1:2:1;1:4:3,5,5,1,1,1,0,1,1,1,1,1,5,7,1
38124,0:2:1;1:1:1;1:2:2;1:2:2,0,0,0,0,0,1,0,0,0,0,0,0,1,24
38125,0:2:1;1:1:1;1:2:2;1:2:2,0,1,0,0,0,1,0,0,0,0,0,0,10,24
38126,0:2:1;1:1:1;1:2:2;1:2:2,0,2,0,0,0,1,0,0,0,0,0,0,10,24
38127,0:2:1;1:1:1;1:2:2;1:2:2,0,3,0,0,0,1,0,0,0,0,0,0,10,24
38128,0:2:1;1:1:1;1:2:2;1:2:2,0,4,0,0,0,1,0,0,0,0,0,0,10,24
38129,0:2:1;1:1:1;1:2:2;1:2:2,0,5,0,0,0,1,0,0,0,0,0,0,10,24
38130,0:2:1;1:1:1;1:2:2;1:2:2,1,0,0,0,0,1,0,0,0,0,0,0,10,24
38131,0:2:1;1:1:1;1:2:2;1:2:2,1,1,0,0,0,1,0,0,0,0,0,0,18,24
38132,0:2:1;1:1:1;1:2:2;1:2:2,1,2,0,0,0,1,0,0,0,0,0,0,18,24
38133,0:2:1;1:1:1;1:2:2;1:2:2,1,3,0,0,0,1,0,0,0,0,0,0,18,24
38134,0:2:1;1:1:1;1:2:2;1:2:2,1,4,0,0,0,1,0,0,0,0,0,0,18,24
38135,0:2:1;1:1:1;1:2:2;1:2:2,1,5,0,0,0,1,0,0,0,0,0,0,18,24
38136,0:2:1;1:1:1;1:2:2;1:2:2,2,0,0,0,0,1,0,0,0,0,0,0,22,24
38137,0:2:1;1:1:1;1:2:2;1:2:2,2,1,0,0,0,1,0,0,0,0,0,0,26,24
38138,0:2:1;1:1:1;1:2:2;1:2:2,2,2,0,0,0,1,0,0,0,0,0,0,26,24
38139,0:2:1;1:1:1;1:2:2;1:2:2,2,3,0,0,0,1,0,0,0,0,0,0,26,24
38140,0:2:1;1:1:1;1:2:2;1:2:2,2,4,0,0,0,1,0,0,0,0,0,0,26,24
38141,0:2:1;1:1:1;1:2:2;1:2:2,2,5,0,0,0,1,0,0,0,0,0,0,26,24
38142,0:2:1;1:1:1;1:2:2;1:2:2,3,0,1,1,1,0,1,1,1,1,1,5,7,7
38143,0:2:1;1:1:1;1:2:2;1:2:2,3,1,1,1,1,0,1,1,1,1,1,5,7,1
38144,0:2:1;1:1:1;1:2:2;1:2:2,3,2,1,1,1,0,1,1,1,1,1,5,7,1
38145,0:2:1;1:1:1;1:2:2;1:2:2,3,3,1,1,1,0,1,1,1,1,1,5,7,1
38146,0:2:1;1:1:1;1:2:2;1:2:2,3,4,1,1,1,0,1,1,1,1,1,5,7,1
38147,0:2:1;1:1:1;1:2:2;1:2:2,3,5,1,1,1,0,1,1,1,1,1,5,7,1
38148,0:2:1;1:1:1;1:2:2;1:2:2,4,0,1,1,1,0,1,1,1,1,1,5,7,7
38149,0:2:1;1:1:1;1:2:2;1:2:2,4,1,1,1,1,0,1,1,1,1,1,5,7,1
38150,0:2:1;1:1:1;1:2:2;1:2:2,4,2,1,1,1,0,1,1,1,1,1,5,7,1
38151,0:2:1;1:1:1;1:2:2;1:2:2,4,3,1,1,1,0,1,1,1,1,1,5,7,1
38152,0:2:1;1:1:1;1:2:2;1:2:2,4,4,1,1,1,0,1,1,1,1,1,5,7,1
38153,0:2:1;1:1:1;1:2:2;1:2:2,4,5,1,1,1,0,1,1,1,1,1,5,7,1
38154,0:2:1;1:1:1;1:2:2;1:2:2,5,0,1,1,1,0,1,1,1,1,1,5,7,7
38155,0:2:1;1:1:1;1:2:2;1:2:2,5,1,1,1,1,0,1,1,1,1,1,5,7,1
38156,0:2:1;1:1:1;1:2:2;1:2:2,5,2,1,1,1,0,1,1,1,1,1,5,7,1
38157,0:2:1;1:1:1;1:2:2;1:2:2,5,3,1,1,1,0,1,1,1,1,1,5,7,1
38158,0:2:1;1:1:1;1:2:2;1:2:2,5,4,1,1,1,0,1,1,1,1,1,5,7,1
38159,0:2:1;1:1:1;1:2:2;1:2:2,5,5,1,1,1,0,1,1,1,1,1,5,7,1
38160,0:2:1;1:1:1;1:2:2;1:3:2,0,0,0,0,0,1,0,0,0,0,0,0,1,24
38161,0:2:1;1:1:1;1:2:2;1:3:2,0,1,0,0,0,1,0,0,0,0,0,0,10,24
38162,0:2:1;1:1:1;1:2:2;1:3:2,0,2,0,0,0,1,0,0,0,0,0,0,10,24
38163,0:2:1;1:1:1;1:2:2;1:3:2,0,3,0,0,0,1,0,0,0,0,0,0,10,24
38164,0:2:1;1:1:1;1:2:2;1:3:2,0,4,0,0,0,1,0,0,0,0,0,0,10,24
38165,0:2:1;1:1:1;1:2:2;1:3:2,0,5,0,0,0,1,0,0,0,0,0,0,10,24
38166,0:2:1;1:1:1;1:2:2;1:3:2,1,0,0,0,0,1,0,0,0,0,0,0,10,24
38167,0:2:1;1:1:1;1:2:2;1:3:2,1,1,0,0,0,1,0,0,0,0,0,0,18,24
38168,0:2:1;1:1:1;1:2:2;1:3:2,1,2,0,0,0,1,0,0,0,0,0,0,18,24
38169,0:2:1;1:1:1;1:2:2;1:3:2,1,3,0,0,0,1,0,0,0,0,0,0,18,24
38170,0:2:1;1:1:1;1:2:2;1:3:2,1,4,0,0,0,1,0,0,0,0,0,0,18,24
38171,0:2:1;1:1:1;1:2:2;1:3:2,1,5,0,0,0,1,0,0,0,0,0,0,18,24
38172,0:2:1;1:1:1;1:2:2;1:3:2,2,0,0,0,0,1,0,0,0,0,0,0,22,24
38173,0:2:1;1:1:1;1:2:2;1:3:2,2,1,0,0,0,1,0,0,0,0,0,0,26,24
38174,0:2:1;1:1:1;1:2:2;1:3:2,2,2,0,0,0,1,0,0,0,0,0,0,26,24
38175,0:2:1;1:1:1;1:2:2;1:3:2,2,3,0,0,0,1,0,0,0,0,0,0,26,24
38176,0:2:1;1:1:1;1:2:2;1:3:2,2,4,0,0,0,1,0,0,0,0,0,0,26,24
38177,0:2:1;1:1:1;1:2:2;1:3:2,2,5,0,0,0,1,0,0,0,0,0,0,26,24
38178,0:2:1;1:1:1;1:2:2;1:3:2,3,0,1,1,1,0,1,1,1,1,1,5,7,7
38179,0:2:1;1:1:1;1:2:2;1:3:2,3,1,1,1,1,0,1,1,1,1,1,5,7,1
38180,0:2:1;1:1:1;1:2:2;1:3:2,3,2,1,1,1,0,1,1,1,1,1,5,7,1
38181,0:2:1;1:1:1;1:2:2;1:3:2,3,3,1,1,1,0,1,1,1,1,1,5,7,1
38182,0:2:1;1:1:1;1:2:2;1:3:2,3,4,1,1,1,0,1,1,1,1,1,5,7,1
38183,0:2:1;1:1:1;1:2:2;1:3:2,3,5,1,1,1,0,1,1,1,1,1,5,7,1
38184,0:2:1;1:1:1;1:2:2;1:3:2,4,0,1,1,1,0,1,1,1,1,1,5,7,7
38185,0:2:1;1:1:1;1:2:2;1:3:2,4,1,1,1,1,0,1,1,1,1,1,5,7,1
38186,0:2:1;1:1:1;1:2:2;1:3:2,4,2,1,1,1,0,1,1,1,1,1,5,7,1
38187,0:2:1;1:1:1;1:2:2;1:3:2,4,3,1,1,1,0,1,1,1,1,1,5,7,1
38188,0:2:1;1:1:1;1:2:2;1:3:2,4,4,1,1,1,0,1,1,1,1,1,5,7,1
38189,0:2:1;1:1:1;1:2:2;1:3:2,4,5,1,1,1,0,1,1,1,1,1,5,7,1
38190,0:2:1;1:1:1;1:2:2;1:3:2,5,0,1,1,1,0,1,1,1,1,1,5,7,7
38191,0:2:1;1:1:1;1:2:2;1:3:2,5,1,1,1,1,0,1,1,1,1,1,5,7,1
38192,0:2:1;1:1:1;1:2:2;1:3:2,5,2,1,1,1,0,1,1,1,1,1,5,7,1
38193,0:2:1;1:1:1;1:2:2;1:3:2,5,3,1,1,1,0,1,1,1,1,1,5,7,1
38194,0:2:1;1:1:1;1:2:2;1:3:2,5,4,1,1,1,0,1,1,1,1,1,5,7,1
38195,0:2:1;1:1:1;1:2:2;1:3:2,5,5,1,1,1,0,1,1,1,1,1,5,7,1
38196,0:2:1;1:1:1;1:2:2;1:3:3,0,0,0,0,0,1,0,0,0,0,0,0,1,24
38197,0:2:1;1:1:1;1:2:2;1:3:3,0,1,0,0,0,1,0,0,0,0,0,0,10,24
38198,0:2:1;1:1:1;1:2:2;1:3:3,0,2,0,0,0,1,0,0,0,0,0,0,10,24
38199,0:2:1;1:1:1;1:2:2;1:3:3,0,3,0,0,0,1,0,0,0,0,0,0,10,24
38200,0:2:1;1:1:1;1:2:2;1:3:3,0,4,0,0,0,1,0,0,0,0,0,0,10,24
38201,0:2:1;1:1:1;1:2:2;1:3:3,0,5,0,0,0,1,0,0,0,0,0,0,10,24
38202,0:2:1;1:1:1;1:2:2;1:3:3,1,0,0,0,0,1,0,0,0,0,0,0,10,24
38203,0:2:1;1:1:1;1:2:2;1:3:3,1,1,0,0,0,1,0,0,0,0,0,0,19,24
38204,0:2:1;1:1:1;1:2:2;1:3:3,1,2,0,0,0,1,0,0,0,0,0,0,19,24
38205,0:2:1;1:1:1;1:2:2;1:3:3,1,3,0,0,0,1,0,0,0,0,0,0,19,24
38206,0:2:1;1:1:1;1:2:2;1:3:3,1,4,0,0,0,1,0,0,0,0,0,0,19,24
38207,0:2:1;1:1:1;1:2:2;1:3:3,1,5,0,0,0,1,0,0,0,0,0,0,19,24
38208,0:2:1;1:1:1;1:2:2;1:3:3,2,0,0,0,0,1,0,0,0,0,0,0,21,24
38209,0:2:1;1:1:1;1:2:2;1:3:3,2,1,0,0,0,1,0,0,0,0,0,0,29,24
38210,0:2:1;1:1:1;1:2:2;1:3:3,2,2,0,0,0,1,0,0,0,0,0,0,29,24
38211,0:2:1;1:1:1;1:2:2;1:3:3,2,3,0,0,0,1,0,0,0,0,0,0,29,24
38212,0:2:1;1:1:1;1:2:2;1:3:3,2,4,0,0,0,1,0,0,0,0,0,0,29,24
38213,0:2:1;1:1:1;1:2:2;1:3:3,2,5,0,0,0,1,0,0,0,0,0,0,29,24
38214,0:2:1;1:1:1;1:2:2;1:3:3,3,0,0,0,0,1,0,0,0,0,0,0,32,24
38215,0:2:1;1:1:1;1:2:2;1:3:3,3,1,0,0,0,1,0,0,0,0,0,0,38,24
38216,0:2:1;1:1:1;1:2:2;1:3:3,3,2,0,0,0,1,0,0,0,0,0,0,38,24
38217,0:2:1;1:1:1;1:2:2;1:3:3,3,3,0,0,0,1,0,0,0,0,0,0,38,24
38218,0:2:1;1:1:1;1:2:2;1:3:3,3,4,0,0,0,1,0,0,0,0,0,0,38,24
38219,0:2:1;1:1:1;1:2:2;1:3:3,3,5,0,0,0,1,0,0,0,0,0,0,38,24
38220,0:2:1;1:1:1;1:2:2;1:3:3,4,0,1,1,1,0,1,1,1,1,1,5,8,7
38221,0:2:1;1:1:1;1:2:2;1:3:3,4,1,1,1,1,0,1,1,1,1,1,5,8,1
38222,0:2:1;1:1:1;1:2:2;1:3:3,4,2,1,1,1,0,1,1,1,1,1,5,8,1
38223,0:2:1;1:1:1;1:2:2;1:3:3,4,3,1,1,1,0,1,1,1,1,1,5,8,1
38224,0:2:1;1:1:1;1:2:2;1:3:3,4,4,1,1,1,0,1,1,1,1,1,5,8,1
38225,0:2:1;1:1:1;1:2:2;1:3:3,4,5,1,1,1,0,1,1,1,1,1,5,8,1
38226,0:2:1;1:1:1;1:2:2;1:3:3,5,0,1,1,1,0,1,1,1,1,1,5,8,7
38227,0:2:1;1:1:1;1:2:2;1:3:3,5,1,1,1,1,0,1,1,1,1,1,5,8,1
38228,0:2:1;1:1:1;1:2:2;1:3:3,5,2,1,1,1,0,1,1,1,1,1,5,8,1
38229,0:2:1;1:1:1;1:2:2;1:3:3,5,3,1,1,1,0,1,1,1,1,1,5,8,1
38230,0:2:1;1:1:1;1:2:2;1:3:3,5,4,1,1,1,0,1,1,1,1,1,5,8,1
38231,0:2:1;1:1:1;1:2:2;1:3:3,5,5,1,1,1,0,1,1,1,1,1,5,8,1
38232,0:2:1;1:1:1;1:2:2;1:4:3,0,0,0,0,0,1,0,0,0,0,0,0,1,24
38233,0:2:1;1:1:1;1:2:2;1:4:3,0,1,0,0,0,1,0,0,0,0,0,0,10,24
38234,0:2:1;1:1:1;1:2:2;1:4:3,0,2,0,0,0,1,0,0,0,0,0,0,10,24
38235,0:2:1;1:1:1;1:2:2;1:4:3,0,3,0,0,0,1,0,0,0,0,0,0,10,24
38236,0:2:1;1:1:1;1:2:2;1:4:3,0,4,0,0,0,1,0,0,0,0,0,0,10,24
38237,0:2:1;1:1:1;1:2:2;1:4:3,0,5,0,0,0,1,0,0,0,0,0,0,10,24
38238,0:2:1;1:1:1;1:2:2;1:4:3,1,0,0,0,0,1,0,0,0,0,0,0,10,24
38239,0:2:1;1:1:1;1:2:2;1:4:3,1,1,0,0,0,1,0,0,0,0,0,0,19,24
38240,0:2:1;1:1:1;1:2:2;1:4:3,1,2,0,0,0,1,0,0,0,0,0,0,19,24
38241,0:2:1;1:1:1;1:2:2;1:4:3,1,3,0,0,0,1,0,0,0,0,0,0,19,24
38242,0:2:1;1:1:1;1:2:2;1:4:3,1,4,0,0,0,1,0,0,0,0,0,0,19,24
38243,0:2:1;1:1:1;1:2:2;1:4:3,1,5,0,0,0,1,0,0,0,0,0,0,19,24
38244,0:2:1;1:1:1;1:2:2;1:4:3,2,0,0,0,0,1,0,0,0,0,0,0,21,24
38245,0:2:1;1:1:1;1:2:2;1:4:3,2,1,0,0,0,1,0,0,0,0,0,0,29,24
38246,0:2:1;1:1:1;1:2:2;1:4:3,2,2,0,0,0,1,0,0,0,0,0,0,29,24
38247,0:2:1;1:1:1;1:2:2;1:4:3,2,3,0,0,0,1,0,0,0,0,0,0,29,24
38248,0:2:1;1:1:1;1:2:2;1:4:3,2,4,0,0,0,1,0,0,0,0,0,0,29,24
38249,0:2:1;1:1:1;1:2:2;1:4:3,2,5,0,0,0,1,0,0,0,0,0,0,29,24
38250,0:2:1;1:1:1;1:2:2;1:4:3,3,0,0,0,0,1,0,0,0,0,0,0,32,24
38251,0:2:1;1:1:1;1:2:2;1:4:3,3,1,0,0,0,1,0,0,0,0,0,0,38,24
38252,0:2:1;1:1:1;1:2:2;1:4:3,3,2,0,0,0,1,0,0,0,0,0,0,38,24
38253,0:2:1;1:1:1;1:2:2;1:4:3,3,3,0,0,0,1,0,0,0,0,0,0,38,24
38254,0:2:1;1:1:1;1:2:2;1:4:3,3,4,0,0,0,1,0,0,0,0,0,0,38,24
38255,0:2:1;1:1:1;1:2:2;1:4:3,3,5,0,0,0,1,0,0,0,0,0,0,38,24
38256,0:2:1;1:1:1;1:2:2;1:4:3,4,0,1,1,1,0,1,1,1,1,1,5,8,7
38257,0:2:1;1:1:1;1:2:2;1:4:3,4,1,1,1,1,0,1,1,1,1,1,5,8,1
38258,0:2:1;1:1:1;1:2:2;1:4:3,4,2,1,1,1,0,1,1,1,1,1,5,8,1
38259,0:2:1;1:1:1;1:2:2;1:4:3,4,3,1,1,1,0,1,1,1,1,1,5,8,1
38260,0:2:1;1:1:1;1:2:2;1:4:3,4,4,1,1,1,0,1,1,1,1,1,5,8,1
38261,0:2:1;1:1:1;1:2:2;1:4:3,4,5,1,1,1,0,1,1,1,1,1,5,8,1
38262,0:2:1;1:1:1;1:2:2;1:4:3,5,0,1,1,1,0,1,1,1,1,1,5,8,7
38263,0:2:1;1:1:1;1:2:2;1:4:3,5,1,1,1,1,0,1,1,1,1,1,5,8,1
38264,0:2:1;1:1:1;1:2:2;1:4:3,5,2,1,1,1,0,1,1,1,1,1,5,8,1
38265,0:2:1;1:1:1;1:2:2;1:4:3,5,3,1,1,1,0,1,1,1,1,1,5,8,1
38266,0:2:1;1:1:1;1:2:2;1:4:3,5,4,1,1,1,0,1,1,1,1,1,5,8,1
38267,0:2:1;1:1:1;1:2:2;1:4:3,5,5,1,1,1,0,1,1,1,1,1,5,8,1
38268,0:2:1;1:1:1;1:3:2;1:3:2,0,0,0,0,0,1,0,0,0,0,0,0,1,24
38269,0:2:1;1:1:1;1:3:2;1:3:2,0,1,0,0,0,1,0,0,0,0,0,0,10,24
38270,0:2:1;1:1:1;1:3:2;1:3:2,0,2,0,0,0,1,0,0,0,0,0,0,10,24
38271,0:2:1;1:1:1;1:3:2;1:3:2,0,3,0,0,0,1,0,0,0,0,0,0,10,24
38272,0:2:1;1:1:1;1:3:2;1:3:2,0,4,0,0,0,1,0,0,0,0,0,0,10,24
38273,0:2:1;1:1:1;1:3:2;1:3:2,0,5,0,0,0,1,0,0,0,0,0,0,10,24
38274,0:2:1;1:1:1;1:3:2;1:3:2,1,0,0,0,0,1,0,0,0,0,0,0,10,24
38275,0:2:1;1:1:1;1:3:2;1:3:2,1,1,0,0,0,1,0,0,0,0,0,0,18,24
38276,0:2:1;1:1:1;1:3:2;1:3:2,1,2,0,0,0,1,0,0,0,0,0,0,18,24
38277,0:2:1;1:1:1;1:3:2;1:3:2,1,3,0,0,0,1,0,0,0,0,0,0,18,24
38278,0:2:1;1:1:1;1:3:2;1:3:2,1,4,0,0,0,1,0,0,0,0,0,0,18,24
38279,0:2:1;1:1:1;1:3:2;1:3:2,1,5,0,0,0,1,0,0,0,0,0,0,18,24
38280,0:2:1;1:1:1;1:3:2;1:3:2,2,0,0,0,0,1,0,0,0,0,0,0,22,24
38281,0:2:1;1:1:1;1:3:2;1:3:2,2,1,0,0,0,1,0,0,0,0,0,0,26,24
38282,0:2:1;1:1:1;1:3:2;1:3:2,2,2,0,0,0,1,0,0,0,0,0,0,26,24
38283,0:2:1;1:1:1;1:3:2;1:3:2,2,3,0,0,0,1,0,0,0,0,0,0,26,24
38284,0:2:1;1:1:1;1:3:2;1:3:2,2,4,0,0,0,1,0,0,0,0,0,0,26,24
38285,0:2:1;1:1:1;1:3:2;1:3:2,2,5,0,0,0,1,0,0,0,0,0,0,26,24
38286,0:2:1;1:1:1;1:3:2;1:3:2,3,0,1,1,1,0,1,1,1,1,1,5,7,7
38287,0:2:1;1:1:1;1:3:2;1:3:2,3,1,1,1,1,0,1,1,1,1,1,5,7,1
38288,0:2:1;1:1:1;1:3:2;1:3:2,3,2,1,1,1,0,1,1,1,1,1,5,7,1
38289,0:2:1;1:1:1;1:3:2;1:3:2,3,3,1,1,1,0,1,1,1,1,1,5,7,1
38290,0:2:1;1:1:1;1:3:2;1:3:2,3,4,1,1,1,0,1,1,1,1,1,5,7,1
38291,0:2:1;1:1:1;1:3:2;1:3:2,3,5,1,1,1,0,1,1,1,1,1,5,7,1
38292,0:2:1;1:1:1;1:3:2;1:3:2,4,0,1,1,1,0,1,1,1,1,1,5,7,7
38293,0:2:1;1:1:1;1:3:2;1:3:2,4,1,1,1,1,0,1,1,1,1,1,5,7,1
38294,0:2:1;1:1:1;1:3:2;1:3:2,4,2,1,1,1,0,1,1,1,1,1,5,7,1
38295,0:2:1;1:1:1;1:3:2;1:3:2,4,3,1,1,1,0,1,1,1,1,1,5,7,1
38296,0:2:1;1:1:1;1:3:2;1:3:2,4,4,1,1,1,0,1,1,1,1,1,5,7,1
38297,0:2:1;1:1:1;1:3:2;1:3:2,4,5,1,1,1,0,1,1,1,1,1,5,7,1
38298,0:2:1;1:1:1;1:3:2;1:3:2,5,0,1,1,1,0,1,1,1,1,1,5,7,7
38299,0:2:1;1:1:1;1:3:2;1:3:2,5,1,1,1,1,0,1,1,1,1,1,5,7,1
38300,0:2:1;1:1:1;1:3:2;1:3:2,5,2,1,1,1,0,1,1,1,1,1,5,7,1
38301,0:2:1;1:1:1;1:3:2;1:3:2,5,3,1,1,1,0,1,1,1,1,1,5,7,1
38302,0:2:1;1:1:1;1:3:2;1:3:2,5,4,1,1,1,0,1,1,1,1,1,5,7,1
38303,0:2:1;1:1:1;1:3:2;1:3:2,5,5,1,1,1,0,1,1,1,1,1,5,7,1
38304,0:2:1;1:1:1;1:3:2;1:3:3,0,0,0,0,0,1,0,0,0,0,0,0,1,24
38305,0:2:1;1:1:1;1:3:2;1:3:3,0,1,0,0,0,1,0,0,0,0,0,0,10,24
38306,0:2:1;1:1:1;1:3:2;1:3:3,0,2,0,0,0,1,0,0,0,0,0,0,10,24
38307,0:2:1;1:1:1;1:3:2;1:3:3,0,3,0,0,0,1,0,0,0,0,0,0,10,24
38308,0:2:1;1:1:1;1:3:2;1:3:3,0,4,0,0,0,1,0,0,0,0,0,0,10,24
38309,0:2:1;1:1:1;1:3:2;1:3:3,0,5,0,0,0,1,0,0,0,0,0,0,10,24
38310,0:2:1;1:1:1;1:3:2;1:3:3,1,0,0,0,0,1,0,0,0,0,0,0,10,24
38311,0:2:1;1:1:1;1:3:2;1:3:3,1,1,0,0,0,1,0,0,0,0,0,0,19,24
38312,0:2:1;1:1:1;1:3:2;1:3:3,1,2,0,0,0,1,0,0,0,0,0,0,19,24
38313,0:2:1;1:1:1;1:3:2;1:3:3,1,3,0,0,0,1,0,0,0,0,0,0,19,24
38314,0:2:1;1:1:1;1:3:2;1:3:3,1,4,0,0,0,1,0,0,0,0,0,0,19,24
38315,0:2:1;1:1:1;1:3:2;1:3:3,1,5,0,0,0,1,0,0,0,0,0,0,19,24
38316,0:2:1;1:1:1;1:3:2;1:3:3,2,0,0,0,0,1,0,0,0,0,0,0,21,24
38317,0:2:1;1:1:1;1:3:2;1:3:3,2,1,0,0,0,1,0,0,0,0,0,0,29,24
38318,0:2:1;1:1:1;1:3:2;1:3:3,2,2,0,0,0,1,0,0,0,0,0,0,29,24
38319,0:2:1;1:1:1;1:3:2;1:3:3,2,3,0,0,0,1,0,0,0,0,0,0,29,24
38320,0:2:1;1:1:1;1:3:2;1:3:3,2,4,0,0,0,1,0,0,0,0,0,0,29,24
38321,0:2:1;1:1:1;1:3:2;1:3:3,2,5,0,0,0,1,0,0,0,0,0,0,29,24
38322,0:2:1;1:1:1;1:3:2;1:3:3,3,0,0,0,0,1,0,0,0,0,0,0,32,24
38323,0:2:1;1:1:1;1:3:2;1:3:3,3,1,0,0,0,1,0,0,0,0,0,0,38,24
38324,0:2:1;1:1:1;1:3:2;1:3:3,3,2,0,0,0,1,0,0,0,0,0,0,38,24
38325,0:2:1;1:1:1;1:3:2;1:3:3,3,3,0,0,0,1,0,0,0,0,0,0,38,24
38326,0:2:1;1:1:1;1:3:2;1:3:3,3,4,0,0,0,1,0,0,0,0,0,0,38,24
38327,0:2:1;1:1:1;1:3:2;1:3:3,3,5,0,0,0,1,0,0,0,0,0,0,38,24
38328,0:2:1;1:1:1;1:3:2;1:3:3,4,0,1,1,1,0,1,1,1,1,1,5,8,7
38329,0:2:1;1:1:1;1:3:2;1:3:3,4,1,1,1,1,0,1,1,1,1,1,5,8,1
38330,0:2:1;1:1:1;1:3:2;1:3:3,4,2,1,1,1,0,1,1,1,1,1,5,8,1
38331,0:2:1;1:1:1;1:3:2;1:3:3,4,3,1,1,1,0,1,1,1,1,1,5,8,1
38332,0:2:1;1:1:1;1:3:2;1:3:3,4,4,1,1,1,0,1,1,1,1,1,5,8,1
38333,0:2:1;1:1:1;1:3:2;1:3:3,4,5,1,1,1,0,1,1,1,1,1,5,8,1
38334,0:2:1;1:1:1;1:3:2;1:3:3,5,0,1,1,1,0,1,1,1,1,1,5,8,7
38335,0:2:1;1:1:1;1:3:2;1:3:3,5,1,1,1,1,0,1,1,1,1,1,5,8,1
38336,0:2:1;1:1:1;1:3:2;1:3:3,5,2,1,1,1,0,1,1,1,1,1,5,8,1
38337,0:2:1;1:1:1;1:3:2;1:3:3,5,3,1,1,1,0,1,1,1,1,1,5,8,1
38338,0:2:1;1:1:1;1:3:2;1:3:3,5,4,1,1,1,0,1,1,1,1,1,5,8,1
38339,0:2:1;1:1:1;1:3:2;1:3:3,5,5,1,1,1,0,1,1,1,1,1,5,8,1
38340,0:2:1;1:1:1;1:3:2;1:4:3,0,0,0,0,0,1,0,0,0,0,0,0,1,24
38341,0:2:1;1:1:1;1:3:2;1:4:3,0,1,0,0,0,1,0,0,0,0,0,0,10,24
38342,0:2:1;1:1:1;1:3:2;1:4:3,0,2,0,0,0,1,0,0,0,0,0,0,10,24
38343,0:2:1;1:1:1;1:3:2;1:4:3,0,3,0,0,0,1,0,0,0,0,0,0,10,24
38344,0:2:1;1:1:1;1:3:2;1:4:3,0,4,0,0,0,1,0,0,0,0,0,0,10,24
38345,0:2:1;1:1:1;1:3:2;1:4:3,0,5,0,0,0,1,0,0,0,0,0,0,10,24
38346,0:2:1;1:1:1;1:3:2;1:4:3,1,0,0,0,0,1,0,0,0,0,0,0,10,24
38347,0:2:1;1:1:1;1:3:2;1:4:3,1,1,0,0,0,1,0,0,0,0,0,0,19,24
38348,0:2:1;1:1:1;1:3:2;1:4:3,1,2,0,0,0,1,0,0,0,0,0,0,19,24
38349,0:2:1;1:1:1;1:3:2;1:4:3,1,3,0,0,0,1,0,0,0,0,0,0,19,24
38350,0:2:1;1:1:1;1:3:2;1:4:3,1,4,0,0,0,1,0,0,0,0,0,0,19,24
38351,0:2:1;1:1:1;1:3:2;1:4:3,1,5,0,0,0,1,0,0,0,0,0,0,19,24
38352,0:2:1;1:1:1;1:3:2;1:4:3,2,0,0,0,0,1,0,0,0,0,0,0,21,24
38353,0:2:1;1:1:1;1:3:2;1:4:3,2,1,0,0,0,1,0,0,0,0,0,0,29,24
38354,0:2:1;1:1:1;1:3:2;1:4:3,2,2,0,0,0,1,0,0,0,0,0,0,29,24
38355,0:2:1;1:1:1;1:3:2;1:4:3,2,3,0,0,0,1,0,0,0,0,0,0,29,24
38356,0:2:1;1:1:1;1:3:2;1:4:3,2,4,0,0,0,1,0,0,0,0,0,0,29,24
38357,0:2:1;1:1:1;1:3:2;1:4:3,2,5,0,0,0,1,0,0,0,0,0,0,29,24
38358,0:2:1;1:1:1;1:3:2;1:4:3,3,0,0,0,0,1,0,0,0,0,0,0,32,24
38359,0:2:1;1:1:1;1:3:2;1:4:3,3,1,0,0,0,1,0,0,0,0,0,0,38,24
38360,0:2:1;1:1:1;1:3:2;1:4:3,3,2,0,0,0,1,0,0,0,0,0,0,38,24
38361,0:2:1;1:1:1;1:3:2;1:4:3,3,3,0,0,0,1,0,0,0,0,0,0,38,24
38362,0:2:1;1:1:1;1:3:2;1:4:3,3,4,0,0,0,1,0,0,0,0,0,0,38,24
38363,0:2:1;1:1:1;1:3:2;1:4:3,3,5,0,0,0,1,0,0,0,0,0,0,38,24
38364,0:2:1;1:1:1;1:3:2;1:4:3,4,0,1,1,1,0,1,1,1,1,1,5,8,7
38365,0:2:1;1:1:1;1:3:2;1:4:3,4,1,1,1,1,0,1,1,1,1,1,5,8,1
38366,0:2:1;1:1:1;1:3:2;1:4:3,4,2,1,1,1,0,1,1,1,1,1,5,8,1
38367,0:2:1;1:1:1;1:3:2;1:4:3,4,3,1,1,1,0,1,1,1,1,1,5,8,1
38368,0:2:1;1:1:1;1:3:2;1:4:3,4,4,1,1,1,0,1,1,1,1,1,5,8,1
38369,0:2:1;1:1:1;1:3:2;1:4:3,4,5,1,1,1,0,1,1,1,1,1,5,8,1
38370,0:2:1;1:1:1;1:3:2;1:4:3,5,0,1,1,1,0,1,1,1,1,1,5,8,7
38371,0:2:1;1:1:1;1:3:2;1:4:3,5,1,1,1,1,0,1,1,1,1,1,5,8,1
38372,0:2:1;1:1:1;1:3:2;1:4:3,5,2,1,1,1,0,1,1,1,1,1,5,8,1
38373,0:2:1;1:1:1;1:3:2;1:4:3,5,3,1,1,1,0,1,1,1,1,1,5,8,1
38374,0:2:1;1:1:1;1:3:2;1:4:3,5,4,1,1,1,0,1,1,1,1,1,5,8,1
38375,0:2:1;1:1:1;1:3:2;1:4:3,5,5,1,1,1,0,1,1,1,1,1,5,8,1
38376,0:2:1;1:1:1;1:3:3;1:3:3,0,0,0,0,0,1,0,0,0,0,0,0,1,24
38377,0:2:1;1:1:1;1:3:3;1:3:3,0,1,0,0,0,1,0,0,0,0,0,0,10,24
38378,0:2:1;1:1:1;1:3:3;1:3:3,0,2,0,0,0,1,0,0,0,0,0,0,10,24
38379,0:2:1;1:1:1;1:3:3;1:3:3,0,3,0,0,0,1,0,0,0,0,0,0,10,24
38380,0:2:1;1:1:1;1:3:3;1:3:3,0,4,0,0,0,1,0,0,0,0,0,0,10,24
38381,0:2:1;1:1:1;1:3:3;1:3:3,0,5,0,0,0,1,0,0,0,0,0,0,10,24
38382,0:2:1;1:1:1;1:3:3;1:3:3,1,0,0,0,0,1,0,0,0,0,0,0,10,24
38383,0:2:1;1:1:1;1:3:3;1:3:3,1,1,0,0,0,1,0,0,0,0,0,0,20,24
38384,0:2:1;1:1:1;1:3:3;1:3:3,1,2,0,0,0,1,0,0,0,0,0,0,20,24
38385,0:2:1;1:1:1;1:3:3;1:3:3,1,3,0,0,0,1,0,0,0,0,0,0,20,24
38386,0:2:1;1:1:1;1:3:3;1:3:3,1,4,0,0,0,1,0,0,0,0,0,0,20,24
38387,0:2:1;1:1:1;1:3:3;1:3:3,1,5,0,0,0,1,0,0,0,0,0,0,20,24
38388,0:2:1;1:1:1;1:3:3;1:3:3,2,0,0,0,0,1,0,0,0,0,0,0,19,24
38389,0:2:1;1:1:1;1:3:3;1:3:3,2,1,0,0,0,1,0,0,0,0,0,0,32,24
38390,0:2:1;1:1:1;1:3:3;1:3:3,2,2,0,0,0,1,0,0,0,0,0,0,32,24
38391,0:2:1;1:1:1;1:3:3;1:3:3,2,3,0,0,0,1,0,0,0,0,0,0,32,24
38392,0:2:1;1:1:1;1:3:3;1:3:3,2,4,0,0,0,1,0,0,0,0,0,0,32,24
38393,0:2:1;1:1:1;1:3:3;1:3:3,2,5,0,0,0,1,0,0,0,0,0,0,32,24
38394,0:2:1;1:1:1;1:3:3;1:3:3,3,0,0,0,0,1,0,0,0,0,0,0,35,24
38395,0:2:1;1:1:1;1:3:3;1:3:3,3,1,0,0,0,1,0,0,0,0,0,0,44,24
38396,0:2:1;1:1:1;1:3:3;1:3:3,3,2,0,0,0,1,0,0,0,0,0,0,44,24
38397,0:2:1;1:1:1;1:3:3;1:3:3,3,3,0,0,0,1,0,0,0,0,0,0,44,24
38398,0:2:1;1:1:1;1:3:3;1:3:3,3,4,0,0,0,1,0,0,0,0,0,0,44,24
38399,0:2:1;1:1:1;1:3:3;1:3:3,3,5,0,0,0,1,0,0,0,0,0,0,44,24
38400,0:2:1;1:1:1;1:3:3;1:3:3,4,0,0,0,0,1,0,0,0,0,0,0,45,24
38401,0:2:1;1:1:1;1:3:3;1:3:3,4,1,0,0,0,1,0,0,0,0,0,0,54,24
38402,0:2:1;1:1:1;1:3:3;1:3:3,4,2,0,0,0,1,0,0,0,0,0,0,54,24
38403,0:2:1;1:1:1;1:3:3;1:3:3,4,3,0,0,0,1,0,0,0,0,0,0,54,24
38404,0:2:1;1:1:1;1:3:3;1:3:3,4,4,0,0,0,1,0,0,0,0,0,0,54,24
38405,0:2:1;1:1:1;1:3:3;1:3:3,4,5,0,0,0,1,0,0,0,0,0,0,54,24
38406,0:2:1;1:1:1;1:3:3;1:3:3,5,0,1,1,1,0,1,1,1,1,1,5,9,7
38407,0:2:1;1:1:1;1:3:3;1:3:3,5,1,1,1,1,0,1,1,1,1,1,5,9,1
38408,0:2:1;1:1:1;1:3:3;1:3:3,5,2,1,1,1,0,1,1,1,1,1,5,9,1
38409,0:2:1;1:1:1;1:3:3;1:3:3,5,3,1,1,1,0,1,1,1,1,1,5,9,1
38410,0:2:1;1:1:1;1:3:3;1:3:3,5,4,1,1,1,0,1,1,1,1,1,5,9,1
38411,0:2:1;1:1:1;1:3:3;1:3:3,5,5,1,1,1,0,1,1,1,1,1,5,9,1
38412,0:2:1;1:1:1;1:3:3;1:4:3,0,0,0,0,0,1,0,0,0,0,0,0,1,24
38413,0:2:1;1:1:1;1:3:3;1:4:3,0,1,0,0,0,1,0,0,0,0,0,0,10,24
38414,0:2:1;1:1:1;1:3:3;1:4:3,0,2,0,0,0,1,0,0,0,0,0,0,10,24
38415,0:2:1;1:1:1;1:3:3;1:4:3,0,3,0,0,0,1,0,0,0,0,0,0,10,24
38416,0:2:1;1:1:1;1:3:3;1:4:3,0,4,0,0,0,1,0,0,0,0,0,0,10,24
38417,0:2:1;1:1:1;1:3:3;1:4:3,0,5,0,0,0,1,0,0,0,0,0,0,10,24
38418,0:2:1;1:1:1;1:3:3;1:4:3,1,0,0,0,0,1,0,0,0,0,0,0,10,24
38419,0:2:1;1:1:1;1:3:3;1:4:3,1,1,0,0,0,1,0,0,0,0,0,0,20,24
38420,0:2:1;1:1:1;1:3:3;1:4:3,1,2,0,0,0,1,0,0,0,0,0,0,20,24
38421,0:2:1;1:1:1;1:3:3;1:4:3,1,3,0,0,0,1,0,0,0,0,0,0,20,24
38422,0:2:1;1:1:1;1:3:3;1:4:3,1,4,0,0,0,1,0,0,0,0,0,0,20,24
38423,0:2:1;1:1:1;1:3:3;1:4:3,1,5,0,0,0,1,0,0,0,0,0,0,20,24
38424,0:2:1;1:1:1;1:3:3;1:4:3,2,0,0,0,0,1,0,0,0,0,0,0,19,24
38425,0:2:1;1:1:1;1:3:3;1:4:3,2,1,0,0,0,1,0,0,0,0,0,0,32,24
38426,0:2:1;1:1:1;1:3:3;1:4:3,2,2,0,0,0,1,0,0,0,0,0,0,32,24
38427,0:2:1;1:1:1;1:3:3;1:4:3,2,3,0,0,0,1,0,0,0,0,0,0,32,24
38428,0:2:1;1:1:1;1:3:3;1:4:3,2,4,0,0,0,1,0,0,0,0,0,0,32,24
38429,0:2:1;1:1:1;1:3:3;1:4:3,2,5,0,0,0,1,0,0,0,0,0,0,32,24
38430,0:2:1;1:1:1;1:3:3;1:4:3,3,0,0,0,0,1,0,0,0,0,0,0,35,24
38431,0:2:1;1:1:1;1:3:3;1:4:3,3,1,0,0,0,1,0,0,0,0,0,0,44,24
38432,0:2:1;1:1:1;1:3:3;1:4:3,3,2,0,0,0,1,0,0,0,0,0,0,44,24
38433,0:2:1;1:1:1;1:3:3;1:4:3,3,3,0,0,0,1,0,0,0,0,0,0,44,24
38434,0:2:1;1:1:1;1:3:3;1:4:3,3,4,0,0,0,1,0,0,0,0,0,0,44,24
38435,0:2:1;1:1:1;1:3:3;1:4:3,3,5,0,0,0,1,0,0,0,0,0,0,44,24
38436,0:2:1;1:1:1;1:3:3;1:4:3,4,0,0,0,0,1,0,0,0,0,0,0,45,24
38437,0:2:1;1:1:1;1:3:3;1:4:3,4,1,0,0,0,1,0,0,0,0,0,0,54,24
38438,0:2:1;1:1:1;1:3:3;1:4:3,4,2,0,0,0,1,0,0,0,0,0,0,54,24
38439,0:2:1;1:1:1;1:3:3;1:4:3,4,3,0,0,0,1,0,0,0,0,0,0,54,24
38440,0:2:1;1:1:1;1:3:3;1:4:3,4,4,0,0,0,1,0,0,0,0,0,0,54,24
38441,0:2:1;1:1:1;1:3:3;1:4:3,4,5,0,0,0,1,0,0,0,0,0,0,54,24
38442,0:2:1;1:1:1;1:3:3;1:4:3,5,0,1,1,1,0,1,1,1,1,1,5,9,7
38443,0:2:1;1:1:1;1:3:3;1:4:3,5,1,1,1,1,0,1,1,1,1,1,5,9,1
38444,0:2:1;1:1:1;1:3:3;1:4:3,5,2,1,1,1,0,1,1,1,1,1,5,9,1
38445,0:2:1;1:1:1;1:3:3;1:4:3,5,3,1,1,1,0,1,1,1,1,1,5,9,1
38446,0:2:1;1:1:1;1:3:3;1:4:3,5,4,1,1,1,0,1,1,1,1,1,5,9,1
38447,0:2:1;1:1:1;1:3:3;1:4:3,5,5,1,1,1,0,1,1,1,1,1,5,9,1
38448,0:2:1;1:1:1;1:4:3;1:4:3,0,0,0,0,0,1,0,0,0,0,0,0,1,24
38449,0:2:1;1:1:1;1:4:3;1:4:3,0,1,0,0,0,1,0,0,0,0,0,0,10,24
38450,0:2:1;1:1:1;1:4:3;1:4:3,0,2,0,0,0,1,0,0,0,0,0,0,10,24
38451,0:2:1;1:1:1;1:4:3;1:4:3,0,3,0,0,0,1,0,0,0,0,0,0,10,24
38452,0:2:1;1:1:1;1:4:3;1:4:3,0,4,0,0,0,1,0,0,0,0,0,0,10,24
38453,0:2:1;1:1:1;1:4:3;1:4:3,0,5,0,0,0,1,0,0,0,0,0,0,10,24
38454,0:2:1;1:1:1;1:4:3;1:4:3,1,0,0,0,0,1,0,0,0,0,0,0,10,24
38455,0:2:1;1:1:1;1:4:3;1:4:3,1,1,0,0,0,1,0,0,0,0,0,0,20,24
38456,0:2:1;1:1:1;1:4:3;1:4:3,1,2,0,0,0,1,0,0,0,0,0,0,20,24
38457,0:2:1;1:1:1;1:4:3;1:4:3,1,3,0,0,0,1,0,0,0,0,0,0,20,24
38458,0:2:1;1:1:1;1:4:3;1:4:3,1,4,0,0,0,1,0,0,0,0,0,0,20,24
38459,0:2:1;1:1:1;1:4:3;1:4:3,1,5,0,0,0,1,0,0,0,0,0,0,20,24
38460,0:2:1;1:1:1;1:4:3;1:4:3,2,0,0,0,0,1,0,0,0,0,0,0,19,24
38461,0:2:1;1:1:1;1:4:3;1:4:3,2,1,0,0,0,1,0,0,0,0,0,0,32,24
38462,0:2:1;1:1:1;1:4:3;1:4:3,2,2,0,0,0,1,0,0,0,0,0,0,32,24
38463,0:2:1;1:1:1;1:4:3;1:4:3,2,3,0,0,0,1,0,0,0,0,0,0,32,24
38464,0:2:1;1:1:1;1:4:3;1:4:3,2,4,0,0,0,1,0,0,0,0,0,0,32,24
38465,0:2:1;1:1:1;1:4:3;1:4:3,2,5,0,0,0,1,0,0,0,0,0,0,32,24
38466,0:2:1;1:1:1;1:4:3;1:4:3,3,0,0,0,0,1,0,0,0,0,0,0,35,24
38467,0:2:1;1:1:1;1:4:3;1:4:3,3,1,0,0,0,1,0,0,0,0,0,0,44,24
38468,0:2:1;1:1:1;1:4:3;1:4:3,3,2,0,0,0,1,0,0,0,0,0,0,44,24
38469,0:2:1;1:1:1;1:4:3;1:4:3,3,3,0,0,0,1,0,0,0,0,0,0,44,24
38470,0:2:1;1:1:1;1:4:3;1:4:3,3,4,0,0,0,1,0,0,0,0,0,0,44,24
38471,0:2:1;1:1:1;1:4:3;1:4:3,3,5,0,0,0,1,0,0,0,0,0,0,44,24
38472,0:2:1;1:1:1;1:4:3;1:4:3,4,0,0,0,0,1,0,0,0,0,0,0,45,24
38473,0:2:1;1:1:1;1:4:3;1:4:3,4,1,0,0,0,1,0,0,0,0,0,0,54,24
38474,0:2:1;1:1:1;1:4:3;1:4:3,4,2,0,0,0,1,0,0,0,0,0,0,54,24
38475,0:2:1;1:1:1;1:4:3;1:4:3,4,3,0,0,0,1,0,0,0,0,0,0,54,24
38476,0:2:1;1:1:1;1:4:3;1:4:3,4,4,0,0,0,1,0,0,0,0,0,0,54,24
38477,0:2:1;1:1:1;1:4:3;1:4:3,4,5,0,0,0,1,0,0,0,0,0,0,54,24
38478,0:2:1;1:1:1;1:4:3;1:4:3,5,0,1,1,1,0,1,1,1,1,1,5,9,7
38479,0:2:1;1:1:1;1:4:3;1:4:3,5,1,1,1,1,0,1,1,1,1,1,5,9,1
38480,0:2:1;1:1:1;1:4:3;1:4:3,5,2,1,1,1,0,1,1,1,1,1,5,9,1
38481,0:2:1;1:1:1;1:4:3;1:4:3,5,3,1,1,1,0,1,1,1,1,1,5,9,1
38482,0:2:1;1:1:1;1:4:3;1:4:3,5,4,1,1,1,0,1,1,1,1,1,5,9,1
38483,0:2:1;1:1:1;1:4:3;1:4:3,5,5,1,1,1,0,1,1,1,1,1,5,9,1
38484,0:2:1;1:2:1;1:2:1;1:2:1,0,0,0,0,0,1,0,0,0,0,0,0,1,24
38485,0:2:1;1:2:1;1:2:1;1:2:1,0,1,0,0,0,1,0,0,0,0,0,0,8,24
38486,0:2:1;1:2:1;1:2:1;1:2:1,0,2,0,0,0,1,0,0,0,0,0,0,8,24
38487,0:2:1;1:2:1;1:2:1;1:2:1,0,3,0,0,0,1,0,0,0,0,0,0,8,24
38488,0:2:1;1:2:1;1:2:1;1:2:1,0,4,0,0,0,1,0,0,0,0,0,0,8,24
38489,0:2:1;1:2:1;1:2:1;1:2:1,0,5,0,0,0,1,0,0,0,0,0,0,8,24
38490,0:2:1;1:2:1;1:2:1;1:2:1,1,0,1,1,1,0,1,1,1,1,1,5,5,7
38491,0:2:1;1:2:1;1:2:1;1:2:1,1,1,1,1,1,0,1,1,1,1,1,5,5,1
38492,0:2:1;1:2:1;1:2:1;1:2:1,1,2,1,1,1,0,1,1,1,1,1,5,5,1
38493,0:2:1;1:2:1;1:2:1;1:2:1,1,3,1,1,1,0,1,1,1,1,1,5,5,1
38494,0:2:1;1:2:1;1:2:1;1:2:1,1,4,1,1,1,0,1,1,1,1,1,5,5,1
38495,0:2:1;1:2:1;1:2:1;1:2:1,1,5,1,1,1,0,1,1,1,1,1,5,5,1
38496,0:2:1;1:2:1;1:2:1;1:2:1,2,0,1,1,1,0,1,1,1,1,1,5,5,7
38497,0:2:1;1:2:1;1:2:1;1:2:1,2,1,1,1,1,0,1,1,1,1,1,5,5,1
38498,0:2:1;1:2:1;1:2:1;1:2:1,2,2,1,1,1,0,1,1,1,1,1,5,5,1
38499,0:2:1;1:2:1;1:2:1;1:2:1,2,3,1,1,1,0,1,1,1,1,1,5,5,1
38500,0:2:1;1:2:1;1:2:1;1:2:1,2,4,1,1,1,0,1,1,1,1,1,5,5,1
38501,0:2:1;1:2:1;1:2:1;1:2:1,2,5,1,1,1,0,1,1,1,1,1,5,5,1
38502,0:2:1;1:2:1;1:2:1;1:2:1,3,0,1,1,1,0,1,1,1,1,1,5,5,7
38503,0:2:1;1:2:1;1:2:1;1:2:1,3,1,1,1,1,0,1,1,1,1,1,5,5,1
38504,0:2:1;1:2:1;1:2:1;1:2:1,3,2,1,1,1,0,1,1,1,1,1,5,5,1
38505,0:2:1;1:2:1;1:2:1;1:2:1,3,3,1,1,1,0,1,1,1,1,1,5,5,1
38506,0:2:1;1:2:1;1:2:1;1:2:1,3,4,1,1,1,0,1,1,1,1,1,5,5,1
38507,0:2:1;1:2:1;1:2:1;1:2:1,3,5,1,1,1,0,1,1,1,1,1,5,5,1
38508,0:2:1;1:2:1;1:2:1;1:2:1,4,0,1,1,1,0,1,1,1,1,1,5,5,7
38509,0:2:1;1:2:1;1:2:1;1:2:1,4,1,1,1,1,0,1,1,1,1,1,5,5,1
38510,0:2:1;1:2:1;1:2:1;1:2:1,4,2,1,1,1,0,1,1,1,1,1,5,5,1
38511,0:2:1;1:2:1;1:2:1;1:2:1,4,3,1,1,1,0,1,1,1,1,1,5,5,1
38512,0:2:1;1:2:1;1:2:1;1:2:1,4,4,1,1,1,0,1,1,1,1,1,5,5,1
38513,0:2:1;1:2:1;1:2:1;1:2:1,4,5,1,1,1,0,1,1,1,1,1,5,5,1
38514,0:2:1;1:2:1;1:2:1;1:2:1,5,0,1,1,1,0,1,1,1,1,1,5,5,7
38515,0:2:1;1:2:1;1:2:1;1:2:1,5,1,1,1,1,0,1,1,1,1,1,5,5,1
38516,0:2:1;1:2:1;1:2:1;1:2:1,5,2,1,1,1,0,1,1,1,1,1,5,5,1
38517,0:2:1;1:2:1;1:2:1;1:2:1,5,3,1,1,1,0,1,1,1,1,1,5,5,1
38518,0:2:1;1:2:1;1:2:1;1:2:1,5,4,1,1,1,0,1,1,1,1,1,5,5,1
38519,0:2:1;1:2:1;1:2:1;1:2:1,5,5,1,1,1,0,1,1,1,1,1,5,5,1
38520,0:2:1;1:2:1;1:2:1;1:2:2,0,0,0,0,0,1,0,0,0,0,0,0,1,24
38521,0:2:1;1:2:1;1:2:1;1:2:2,0,1,0,0,0,1,0,0,0,0,0,0,9,24
38522,0:2:1;1:2:1;1:2:1;1:2:2,0,2,0,0,0,1,0,0,0,0,0,0,9,24
38523,0:2:1;1:2:1;1:2:1;1:2:2,0,3,0,0,0,1,0,0,0,0,0,0,9,24
38524,0:2:1;1:2:1;1:2:1;1:2:2,0,4,0,0,0,1,0,0,0,0,0,0,9,24
38525,0:2:1;1:2:1;1:2:1;1:2:2,0,5,0,0,0,1,0,0,0,0,0,0,9,24
38526,0:2:1;1:2:1;1:2:1;1:2:2,1,0,0,0,0,1,0,0,0,0,0,0,12,24
38527,0:2:1;1:2:1;1:2:1;1:2:2,1,1,0,0,0,1,0,0,0,0,0,0,15,24
38528,0:2:1;1:2:1;1:2:1;1:2:2,1,2,0,0,0,1,0,0,0,0,0,0,15,24
38529,0:2:1;1:2:1;1:2:1;1:2:2,1,3,0,0,0,1,0,0,0,0,0,0,15,24
38530,0:2:1;1:2:1;1:2:1;1:2:2,1,4,0,0,0,1,0,0,0,0,0,0,15,24
38531,0:2:1;1:2:1;1:2:1;1:2:2,1,5,0,0,0,1,0,0,0,0,0,0,15,24
38532,0:2:1;1:2:1;1:2:1;1:2:2,2,0,1,1,1,0,1,1,1,1,1,5,6,7
38533,0:2:1;1:2:1;1:2:1;1:2:2,2,1,1,1,1,0,1,1,1,1,1,5,6,1
38534,0:2:1;1:2:1;1:2:1;1:2:2,2,2,1,1,1,0,1,1,1,1,1,5,6,1
38535,0:2:1;1:2:1;1:2:1;1:2:2,2,3,1,1,1,0,1,1,1,1,1,5,6,1
38536,0:2:1;1:2:1;1:2:1;1:2:2,2,4,1,1,1,0,1,1,1,1,1,5,6,1
38537,0:2:1;1:2:1;1:2:1;1:2:2,2,5,1,1,1,0,1,1,1,1,1,5,6,1
38538,0:2:1;1:2:1;1:2:1;1:2:2,3,0,1,1,1,0,1,1,1,1,1,5,6,7
38539,0:2:1;1:2:1;1:2:1;1:2:2,3,1,1,1,1,0,1,1,1,1,1,5,6,1
38540,0:2:1;1:2:1;1:2:1;1:2:2,3,2,1,1,1,0,1,1,1,1,1,5,6,1
38541,0:2:1;1:2:1;1:2:1;1:2:2,3,3,1,1,1,0,1,1,1,1,1,5,6,1
38542,0:2:1;1:2:1;1:2:1;1:2:2,3,4,1,1,1,0,1,1,1,1,1,5,6,1
38543,0:2:1;1:2:1;1:2:1;1:2:2,3,5,1,1,1,0,1,1,1,1,1,5,6,1
38544,0:2:1;1:2:1;1:2:1;1:2:2,4,0,1,1,1,0,1,1,1,1,1,5,6,7
38545,0:2:1;1:2:1;1:2:1;1:2:2,4,1,1,1,1,0,1,1,1,1,1,5,6,1
38546,0:2:1;1:2:1;1:2:1;1:2:2,4,2,1,1,1,0,1,1,1,1,1,5,6,1
38547,0:2:1;1:2:1;1:2:1;1:2:2,4,3,1,1,1,0,1,1,1,1,1,5,6,1
38548,0:2:1;1:2:1;1:2:1;1:2:2,4,4,1,1,1,0,1,1,1,1,1,5,6,1
38549,0:2:1;1:2:1;1:2:1;1:2:2,4,5,1,1,1,0,1,1,1,1,1,5,6,1
38550,0:2:1;1:2:1;1:2:1;1:2:2,5,0,1,1,1,0,1,1,1,1,1,5,6,7
38551,0:2:1;1:2:1;1:2:1;1:2:2,5,1,1,1,1,0,1,1,1,1,1,5,6,1
38552,0:2:1;1:2:1;1:2:1;1:2:2,5,2,1,1,1,0,1,1,1,1,1,5,6,1
38553,0:2:1;1:2:1;1:2:1;1:2:2,5,3,1,1,1,0,1,1,1,1,1,5,6,1
38554,0:2:1;1:2:1;1:2:1;1:2:2,5,4,1,1,1,0,1,1,1,1,1,5,6,1
38555,0:2:1;1:2:1;1:2:1;1:2:2,5,5,1,1,1,0,1,1,1,1,1,5,6,1
38556,0:2:1;1:2:1;1:2:1;1:3:2,0,0,0,0,0,1,0,0,0,0,0,0,1,24
38557,0:2:1;1:2:1;1:2:1;1:3:2,0,1,0,0,0,1,0,0,0,0,0,0,9,24
38558,0:2:1;1:2:1;1:2:1;1:3:2,0,2,0,0,0,1,0,0,0,0,0,0,9,24
38559,0:2:1;1:2:1;1:2:1;1:3:2,0,3,0,0,0,1,0,0,0,0,0,0,9,24
38560,0:2:1;1:2:1;1:2:1;1:3:2,0,4,0,0,0,1,0,0,0,0,0,0,9,24
38561,0:2:1;1:2:1;1:2:1;1:3:2,0,5,0,0,0,1,0,0,0,0,0,0,9,24
38562,0:2:1;1:2:1;1:2:1;1:3:2,1,0,0,0,0,1,0,0,0,0,0,0,12,24
38563,0:2:1;1:2:1;1:2:1;1:3:2,1,1,0,0,0,1,0,0,0,0,0,0,15,24
38564,0:2:1;1:2:1;1:2:1;1:3:2,1,2,0,0,0,1,0,0,0,0,0,0,15,24
38565,0:2:1;1:2:1;1:2:1;1:3:2,1,3,0,0,0,1,0,0,0,0,0,0,15,24
38566,0:2:1;1:2:1;1:2:1;1:3:2,1,4,0,0,0,1,0,0,0,0,0,0,15,24
38567,0:2:1;1:2:1;1:2:1;1:3:2,1,5,0,0,0,1,0,0,0,0,0,0,15,24
38568,0:2:1;1:2:1;1:2:1;1:3:2,2,0,1,1,1,0,1,1,1,1,1,5,6,7
38569,0:2:1;1:2:1;1:2:1;1:3:2,2,1,1,1,1,0,1,1,1,1,1,5,6,1
38570,0:2:1;1:2:1;1:2:1;1:3:2,2,2,1,1,1,0,1,1,1,1,1,5,6,1
38571,0:2:1;1:2:1;1:2:1;1:3:2,2,3,1,1,1,0,1,1,1,1,1,5,6,1
38572,0:2:1;1:2:1;1:2:1;1:3:2,2,4,1,1,1,0,1,1,1,1,1,5,6,1
38573,0:2:1;1:2:1;1:2:1;1:3:2,2,5,1,1,1,0,1,1,1,1,1,5,6,1
38574,0:2:1;1:2:1;1:2:1;1:3:2,3,0,1,1,1,0,1,1,1,1,1,5,6,7
38575,0:2:1;1:2:1;1:2:1;1:3:2,3,1,1,1,1,0,1,1,1,1,1,5,6,1
38576,0:2:1;1:2:1;1:2:1;1:3:2,3,2,1,1,1,0,1,1,1,1,1,5,6,1
38577,0:2:1;1:2:1;1:2:1;1:3:2,3,3,1,1,1,0,1,1,1,1,1,5,6,1
38578,0:2:1;1:2:1;1:2:1;1:3:2,3,4,1,1,1,0,1,1,1,1,1,5,6,1
38579,0:2:1;1:2:1;1:2:1;1:3:2,3,5,1,1,1,0,1,1,1,1,1,5,6,1
38580,0:2:1;1:2:1;1:2:1;1:3:2,4,0,1,1,1,0,1,1,1,1,1,5,6,7
38581,0:2:1;1:2:1;1:2:1;1:3:2,4,1,1,1,1,0,1,1,1,1,1,5,6,1
38582,0:2:1;1:2:1;1:2:1;1:3:2,4,2,1,1,1,0,1,1,1,1,1,5,6,1
38583,0:2:1;1:2:1;1:2:1;1:3:2,4,3,1,1,1,0,1,1,1,1,1,5,6,1
38584,0:2:1;1:2:1;1:2:1;1:3:2,4,4,1,1,1,0,1,1,1,1,1,5,6,1
38585,0:2:1;1:2:1;1:2:1;1:3:2,4,5,1,1,1,0,1,1,1,1,1,5,6,1
38586,0:2:1;1:2:1;1:2:1;1:3:2,5,0,1,1,1,0,1,1,1,1,1,5,6,7
38587,0:2:1;1:2:1;1:2:1;1:3:2,5,1,1,1,1,0,1,1,1,1,1,5,6,1
38588,0:2:1;1:2:1;1:2:1;1:3:2,5,2,1,1,1,0,1,1,1,1,1,5,6,1
38589,0:2:1;1:2:1;1:2:1;1:3:2,5,3,1,1,1,0,1,1,1,1,1,5,6,1
38590,0:2:1;1:2:1;1:2:1;1:3:2,5,4,1,1,1,0,1,1,1,1,1,5,6,1
38591,0:2:1;1:2:1;1:2:1;1:3:2,5,5,1,1,1,0,1,1,1,1,1,5,6,1
38592,0:2:1;1:2:1;1:2:1;1:3:3,0,0,0,0,0,1,0,0,0,0,0,0,1,24
38593,0:2:1;1:2:1;1:2:1;1:3:3,0,1,0,0,0,1,0,0,0,0,0,0,9,24
38594,0:2:1;1:2:1;1:2:1;1:3:3,0,2,0,0,0,1,0,0,0,0,0,0,9,24
38595,0:2:1;1:2:1;1:2:1;1:3:3,0,3,0,0,0,1,0,0,0,0,0,0,9,24
38596,0:2:1;1:2:1;1:2:1;1:3:3,0,4,0,0,0,1,0,0,0,0,0,0,9,24
38597,0:2:1;1:2:1;1:2:1;1:3:3,0,5,0,0,0,1,0,0,0,0,0,0,9,24
38598,0:2:1;1:2:1;1:2:1;1:3:3,1,0,0,0,0,1,0,0,0,0,0,0,12,24
38599,0:2:1;1:2:1;1:2:1;1:3:3,1,1,0,0,0,1,0,0,0,0,0,0,16,24
38600,0:2:1;1:2:1;1:2:1;1:3:3,1,2,0,0,0,1,0,0,0,0,0,0,16,24
38601,0:2:1;1:2:1;1:2:1;1:3:3,1,3,0,0,0,1,0,0,0,0,0,0,16,24
38602,0:2:1;1:2:1;1:2:1;1:3:3,1,4,0,0,0,1,0,0,0,0,0,0,16,24
38603,0:2:1;1:2:1;1:2:1;1:3:3,1,5,0,0,0,1,0,0,0,0,0,0,16,24
38604,0:2:1;1:2:1;1:2:1;1:3:3,2,0,0,0,0,1,0,0,0,0,0,0,19,24
38605,0:2:1;1:2:1;1:2:1;1:3:3,2,1,0,0,0,1,0,0,0,0,0,0,23,24
38606,0:2:1;1:2:1;1:2:1;1:3:3,2,2,0,0,0,1,0,0,0,0,0,0,23,24
38607,0:2:1;1:2:1;1:2:1;1:3:3,2,3,0,0,0,1,0,0,0,0,0,0,23,24
38608,0:2:1;1:2:1;1:2:1;1:3:3,2,4,0,0,0,1,0,0,0,0,0,0,23,24
38609,0:2:1;1:2:1;1:2:1;1:3:3,2,5,0,0,0,1,0,0,0,0,0,0,23,24
38610,0:2:1;1:2:1;1:2:1;1:3:3,3,0,1,1,1,0,1,1,1,1,1,5,7,7
38611,0:2:1;1:2:1;1:2:1;1:3:3,3,1,1,1,1,0,1,1,1,1,1,5,7,1
38612,0:2:1;1:2:1;1:2:1;1:3:3,3,2,1,1,1,0,1,1,1,1,1,5,7,1
38613,0:2:1;1:2:1;1:2:1;1:3:3,3,3,1,1,1,0,1,1,1,1,1,5,7,1
38614,0:2:1;1:2:1;1:2:1;1:3:3,3,4,1,1,1,0,1,1,1,1,1,5,7,1
38615,0:2:1;1:2:1;1:2:1;1:3:3,3,5,1,1,1,0,1,1,1,1,1,5,7,1
38616,0:2:1;1:2:1;1:2:1;1:3:3,4,0,1,1,1,0,1,1,1,1,1,5,7,7
38617,0:2:1;1:2:1;1:2:1;1:3:3,4,1,1,1,1,0,1,1,1,1,1,5,7,1
38618,0:2:1;1:2:1;1:2:1;1:3:3,4,2,1,1,1,0,1,1,1,1,1,5,7,1
38619,0:2:1;1:2:1;1:2:1;1:3:3,4,3,1,1,1,0,1,1,1,1,1,5,7,1
38620,0:2:1;1:2:1;1:2:1;1:3:3,4,4,1,1,1,0,1,1,1,1,1,5,7,1
38621,0:2:1;1:2:1;1:2:1;1:3:3,4,5,1,1,1,0,1,1,1,1,1,5,7,1
38622,0:2:1;1:2:1;1:2:1;1:3:3,5,0,1,1,1,0,1,1,1,1,1,5,7,7
38623,0:2:1;1:2:1;1:2:1;1:3:3,5,1,1,1,1,0,1,1,1,1,1,5,7,1
38624,0:2:1;1:2:1;1:2:1;1:3:3,5,2,1,1,1,0,1,1,1,1,1,5,7,1
38625,0:2:1;1:2:1;1:2:1;1:3:3,5,3,1,1,1,0,1,1,1,1,1,5,7,1
38626,0:2:1;1:2:1;1:2:1;1:3:3,5,4,1,1,1,0,1,1,1,1,1,5,7,1
38627,0:2:1;1:2:1;1:2:1;1:3:3,5,5,1,1,1,0,1,1,1,1,1,5,7,1
38628,0:2:1;1:2:1;1:2:1;1:4:3,0,0,0,0,0,1,0,0,0,0,0,0,1,24
38629,0:2:1;1:2:1;1:2:1;1:4:3,0,1,0,0,0,1,0,0,0,0,0,0,9,24
38630,0:2:1;1:2:1;1:2:1;1:4:3,0,2,0,0,0,1,0,0,0,0,0,0,9,24
38631,0:2:1;1:2:1;1:2:1;1:4:3,0,3,0,0,0,1,0,0,0,0,0,0,9,24
38632,0:2:1;1:2:1;1:2:1;1:4:3,0,4,0,0,0,1,0,0,0,0,0,0,9,24
38633,0:2:1;1:2:1;1:2:1;1:4:3,0,5,0,0,0,1,0,0,0,0,0,0,9,24
38634,0:2:1;1:2:1;1:2:1;1:4:3,1,0,0,0,0,1,0,0,0,0,0,0,12,24
38635,0:2:1;1:2:1;1:2:1;1:4:3,1,1,0,0,0,1,0,0,0,0,0,0,16,24
38636,0:2:1;1:2:1;1:2:1;1:4:3,1,2,0,0,0,1,0,0,0,0,0,0,16,24
38637,0:2:1;1:2:1;1:2:1;1:4:3,1,3,0,0,0,1,0,0,0,0,0,0,16,24
38638,0:2:1;1:2:1;1:2:1;1:4:3,1,4,0,0,0,1,0,0,0,0,0,0,16,24
38639,0:2:1;1:2:1;1:2:1;1:4:3,1,5,0,0,0,1,0,0,0,0,0,0,16,24
38640,0:2:1;1:2:1;1:2:1;1:4:3,2,0,0,0,0,1,0,0,0,0,0,0,19,24
38641,0:2:1;1:2:1;1:2:1;1:4:3,2,1,0,0,0,1,0,0,0,0,0,0,23,24
38642,0:2:1;1:2:1;1:2:1;1:4:3,2,2,0,0,0,1,0,0,0,0,0,0,23,24
38643,0:2:1;1:2:1;1:2:1;1:4:3,2,3,0,0,0,1,0,0,0,0,0,0,23,24
38644,0:2:1;1:2:1;1:2:1;1:4:3,2,4,0,0,0,1,0,0,0,0,0,0,23,24
38645,0:2:1;1:2:1;1:2:1;1:4:3,2,5,0,0,0,1,0,0,0,0,0,0,23,24
38646,0:2:1;1:2:1;1:2:1;1:4:3,3,0,1,1,1,0,1,1,1,1,1,5,7,7
38647,0:2:1;1:2:1;1:2:1;1:4:3,3,1,1,1,1,0,1,1,1,1,1,5,7,1
38648,0:2:1;1:2:1;1:2:1;1:4:3,3,2,1,1,1,0,1,1,1,1,1,5,7,1
38649,0:2:1;1:2:1;1:2:1;1:4:3,3,3,1,1,1,0,1,1,1,1,1,5,7,1
38650,0:2:1;1:2:1;1:2:1;1:4:3,3,4,1,1,1,0,1,1,1,1,1,5,7,1
38651,0:2:1;1:2:1;1:2:1;1:4:3,3,5,1,1,1,0,1,1,1,1,1,5,7,1
38652,0:2:1;1:2:1;1:2:1;1:4:3,4,0,1,1,1,0,1,1,1,1,1,5,7,7
38653,0:2:1;1:2:1;1:2:1;1:4:3,4,1,1,1,1,0,1,1,1,1,1,5,7,1
38654,0:2:1;1:2:1;1:2:1;1:4:3,4,2,1,1,1,0,1,1,1,1,1,5,7,1
38655,0:2:1;1:2:1;1:2:1;1:4:3,4,3,1,1,1,0,1,1,1,1,1,5,7,1
38656,0:2:1;1:2:1;1:2:1;1:4:3,4,4,1,1,1,0,1,1,1,1,1,5,7,1
38657,0:2:1;1:2:1;1:2:1;1:4:3,4,5,1,1,1,0,1,1,1,1,1,5,7,1
38658,0:2:1;1:2:1;1:2:1;1:4:3,5,0,1,1,1,0,1,1,1,1,1,5,7,7
38659,0:2:1;1:2:1;1:2:1;1:4:3,5,1,1,1,1,0,1,1,1,1,1,5,7,1
38660,0:2:1;1:2:1;1:2:1;1:4:3,5,2,1,1,1,0,1,1,1,1,1,5,7,1
38661,0:2:1;1:2:1;1:2:1;1:4:3,5,3,1,1,1,0,1,1,1,1,1,5,7,1
38662,0:2:1;1:2:1;1:2:1;1:4:3,5,4,1,1,1,0,1,1,1,1,1,5,7,1
38663,0:2:1;1:2:1;1:2:1;1:4:3,5,5,1,1,1,0,1,1,1,1,1,5,7,1
38664,0:2:1;1:2:1;1:2:2;1:2:2,0,0,0,0,0,1,0,0,0,0,0,0,1,24
38665,0:2:1;1:2:1;1:2:2;1:2:2,0,1,0,0,0,1,0,0,0,0,0,0,10,24
38666,0:2:1;1:2:1;1:2:2;1:2:2,0,2,0,0,0,1,0,0,0,0,0,0,10,24
38667,0:2:1;1:2:1;1:2:2;1:2:2,0,3,0,0,0,1,0,0,0,0,0,0,10,24
38668,0:2:1;1:2:1;1:2:2;1:2:2,0,4,0,0,0,1,0,0,0,0,0,0,10,24
38669,0:2:1;1:2:1;1:2:2;1:2:2,0,5,0,0,0,1,0,0,0,0,0,0,10,24
38670,0:2:1;1:2:1;1:2:2;1:2:2,1,0,0,0,0,1,0,0,0,0,0,0,10,24
38671,0:2:1;1:2:1;1:2:2;1:2:2,1,1,0,0,0,1,0,0,0,0,0,0,18,24
38672,0:2:1;1:2:1;1:2:2;1:2:2,1,2,0,0,0,1,0,0,0,0,0,0,18,24
38673,0:2:1;1:2:1;1:2:2;1:2:2,1,3,0,0,0,1,0,0,0,0,0,0,18,24
38674,0:2:1;1:2:1;1:2:2;1:2:2,1,4,0,0,0,1,0,0,0,0,0,0,18,24
38675,0:2:1;1:2:1;1:2:2;1:2:2,1,5,0,0,0,1,0,0,0,0,0,0,18,24
38676,0:2:1;1:2:1;1:2:2;1:2:2,2,0,0,0,0,1,0,0,0,0,0,0,22,24
38677,0:2:1;1:2:1;1:2:2;1:2:2,2,1,0,0,0,1,0,0,0,0,0,0,26,24
38678,0:2:1;1:2:1;1:2:2;1:2:2,2,2,0,0,0,1,0,0,0,0,0,0,26,24
38679,0:2:1;1:2:1;1:2:2;1:2:2,2,3,0,0,0,1,0,0,0,0,0,0,26,24
38680,0:2:1;1:2:1;1:2:2;1:2:2,2,4,0,0,0,1,0,0,0,0,0,0,26,24
38681,0:2:1;1:2:1;1:2:2;1:2:2,2,5,0,0,0,1,0,0,0,0,0,0,26,24
38682,0:2:1;1:2:1;1:2:2;1:2:2,3,0,1,1,1,0,1,1,1,1,1,5,7,7
38683,0:2:1;1:2:1;1:2:2;1:2:2,3,1,1,1,1,0,1,1,1,1,1,5,7,1
38684,0:2:1;1:2:1;1:2:2;1:2:2,3,2,1,1,1,0,1,1,1,1,1,5,7,1
38685,0:2:1;1:2:1;1:2:2;1:2:2,3,3,1,1,1,0,1,1,1,1,1,5,7,1
38686,0:2:1;1:2:1;1:2:2;1:2:2,3,4,1,1,1,0,1,1,1,1,1,5,7,1
38687,0:2:1;1:2:1;1:2:2;1:2:2,3,5,1,1,1,0,1,1,1,1,1,5,7,1
38688,0:2:1;1:2:1;1:2:2;1:2:2,4,0,1,1,1,0,1,1,1,1,1,5,7,7
38689,0:2:1;1:2:1;1:2:2;1:2:2,4,1,1,1,1,0,1,1,1,1,1,5,7,1
38690,0:2:1;1:2:1;1:2:2;1:2:2,4,2,1,1,1,0,1,1,1,1,1,5,7,1
38691,0:2:1;1:2:1;1:2:2;1:2:2,4,3,1,1,1,0,1,1,1,1,1,5,7,1
38692,0:2:1;1:2:1;1:2:2;1:2:2,4,4,1,1,1,0,1,1,1,1,1,5,7,1
38693,0:2:1;1:2:1;1:2:2;1:2:2,4,5,1,1,1,0,1,1,1,1,1,5,7,1
38694,0:2:1;1:2:1;1:2:2;1:2:2,5,0,1,1,1,0,1,1,1,1,1,5,7,7
38695,0:2:1;1:2:1;1:2:2;1:2:2,5,1,1,1,1,0,1,1,1,1,1,5,7,1
38696,0:2:1;1:2:1;1:2:2;1:2:2,5,2,1,1,1,0,1,1,1,1,1,5,7,1
38697,0:2:1;1:2:1;1:2:2;1:2:2,5,3,1,1,1,0,1,1,1,1,1,5,7,1
38698,0:2:1;1:2:1;1:2:2;1:2:2,5,4,1,1,1,0,1,1,1,1,1,5,7,1
38699,0:2:1;1:2:1;1:2:2;1:2:2,5,5,1,1,1,0,1,1,1,1,1,5,7,1
38700,0:2:1;1:2:1;1:2:2;1:3:2,0,0,0,0,0,1,0,0,0,0,0,0,1,24
38701,0:2:1;1:2:1;1:2:2;1:3:2,0,1,0,0,0,1,0,0,0,0,0,0,10,24
38702,0:2:1;1:2:1;1:2:2;1:3:2,0,2,0,0,0,1,0,0,0,0,0,0,10,24
38703,0:2:1;1:2:1;1:2:2;1:3:2,0,3,0,0,0,1,0,0,0,0,0,0,10,24
38704,0:2:1;1:2:1;1:2:2;1:3:2,0,4,0,0,0,1,0,0,0,0,0,0,10,24
38705,0:2:1;1:2:1;1:2:2;1:3:2,0,5,0,0,0,1,0,0,0,0,0,0,10,24
38706,0:2:1;1:2:1;1:2:2;1:3:2,1,0,0,0,0,1,0,0,0,0,0,0,10,24
38707,0:2:1;1:2:1;1:2:2;1:3:2,1,1,0,0,0,1,0,0,0,0,0,0,18,24
38708,0:2:1;1:2:1;1:2:2;1:3:2,1,2,0,0,0,1,0,0,0,0,0,0,18,24
38709,0:2:1;1:2:1;1:2:2;1:3:2,1,3,0,0,0,1,0,0,0,0,0,0,18,24
38710,0:2:1;1:2:1;1:2:2;1:3:2,1,4,0,0,0,1,0,0,0,0,0,0,18,24
38711,0:2:1;1:2:1;1:2:2;1:3:2,1,5,0,0,0,1,0,0,0,0,0,0,18,24
38712,0:2:1;1:2:1;1:2:2;1:3:2,2,0,0,0,0,1,0,0,0,0,0,0,22,24
38713,0:2:1;1:2:1;1:2:2;1:3:2,2,1,0,0,0,1,0,0,0,0,0,0,26,24
38714,0:2:1;1:2:1;1:2:2;1:3:2,2,2,0,0,0,1,0,0,0,0,0,0,26,24
38715,0:2:1;1:2:1;1:2:2;1:3:2,2,3,0,0,0,1,0,0,0,0,0,0,26,24
38716,0:2:1;1:2:1;1:2:2;1:3:2,2,4,0,0,0,1,0,0,0,0,0,0,26,24
38717,0:2:1;1:2:1;1:2:2;1:3:2,2,5,0,0,0,1,0,0,0,0,0,0,26,24
38718,0:2:1;1:2:1;1:2:2;1:3:2,3,0,1,1,1,0,1,1,1,1,1,5,7,7
38719,0:2:1;1:2:1;1:2:2;1:3:2,3,1,1,1,1,0,1,1,1,1,1,5,7,1
38720,0:2:1;1:2:1;1:2:2;1:3:2,3,2,1,1,1,0,1,1,1,1,1,5,7,1
38721,0:2:1;1:2:1;1:2:2;1:3:2,3,3,1,1,1,0,1,1,1,1,1,5,7,1
38722,0:2:1;1:2:1;1:2:2;1:3:2,3,4,1,1,1,0,1,1,1,1,1,5,7,1
38723,0:2:1;1:2:1;1:2:2;1:3:2,3,5,1,1,1,0,1,1,1,1,1,5,7,1
38724,0:2:1;1:2:1;1:2:2;1:3:2,4,0,1,1,1,0,1,1,1,1,1,5,7,7
38725,0:2:1;1:2:1;1:2:2;1:3:2,4,1,1,1,1,0,1,1,1,1,1,5,7,1
38726,0:2:1;1:2:1;1:2:2;1:3:2,4,2,1,1,1,0,1,1,1,1,1,5,7,1
38727,0:2:1;1:2:1;1:2:2;1:3:2,4,3,1,1,1,0,1,1,1,1,1,5,7,1
38728,0:2:1;1:2:1;1:2:2;1:3:2,4,4,1,1,1,0,1,1,1,1,1,5,7,1
38729,0:2:1;1:2:1;1:2:2;1:3:2,4,5,1,1,1,0,1,1,1,1,1,5,7,1
38730,0:2:1;1:2:1;1:2:2;1:3:2,5,0,1,1,1,0,1,1,1,1,1,5,7,7
38731,0:2:1;1:2:1;1:2:2;1:3:2,5,1,1,1,1,0,1,1,1,1,1,5,7,1
38732,0:2:1;1:2:1;1:2:2;1:3:2,5,2,1,1,1,0,1,1,1,1,1,5,7,1
38733,0:2:1;1:2:1;1:2:2;1:3:2,5,3,1,1,1,0,1,1,1,1,1,5,7,1
38734,0:2:1;1:2:1;1:2:2;1:3:2,5,4,1,1,1,0,1,1,1,1,1,5,7,1
38735,0:2:1;1:2:1;1:2:2;1:3:2,5,5,1,1,1,0,1,1,1,1,1,5,7,1
38736,0:2:1;1:2:1;1:2:2;1:3:3,0,0,0,0,0,1,0,0,0,0,0,0,1,24
38737,0:2:1;1:2:1;1:2:2;1:3:3,0,1,0,0,0,1,0,0,0,0,0,0,10,24
38738,0:2:1;1:2:1;1:2:2;1:3:3,0,2,0,0,0,1,0,0,0,0,0,0,10,24
38739,0:2:1;1:2:1;1:2:2;1:3:3,0,3,0,0,0,1,0,0,0,0,0,0,10,24
38740,0:2:1;1:2:1;1:2:2;1:3:3,0,4,0,0,0,1,0,0,0,0,0,0,10,24
38741,0:2:1;1:2:1;1:2:2;1:3:3,0,5,0,0,0,1,0,0,0,0,0,0,10,24
38742,0:2:1;1:2:1;1:2:2;1:3:3,1,0,0,0,0,1,0,0,0,0,0,0,10,24
38743,0:2:1;1:2:1;1:2:2;1:3:3,1,1,0,0,0,1,0,0,0,0,0,0,19,24
38744,0:2:1;1:2:1;1:2:2;1:3:3,1,2,0,0,0,1,0,0,0,0,0,0,19,24
38745,0:2:1;1:2:1;1:2:2;1:3:3,1,3,0,0,0,1,0,0,0,0,0,0,19,24
38746,0:2:1;1:2:1;1:2:2;1:3:3,1,4,0,0,0,1,0,0,0,0,0,0,19,24
38747,0:2:1;1:2:1;1:2:2;1:3:3,1,5,0,0,0,1,0,0,0,0,0,0,19,24
38748,0:2:1;1:2:1;1:2:2;1:3:3,2,0,0,0,0,1,0,0,0,0,0,0,21,24
38749,0:2:1;1:2:1;1:2:2;1:3:3,2,1,0,0,0,1,0,0,0,0,0,0,29,24
38750,0:2:1;1:2:1;1:2:2;1:3:3,2,2,0,0,0,1,0,0,0,0,0,0,29,24
38751,0:2:1;1:2:1;1:2:2;1:3:3,2,3,0,0,0,1,0,0,0,0,0,0,29,24
38752,0:2:1;1:2:1;1:2:2;1:3:3,2,4,0,0,0,1,0,0,0,0,0,0,29,24
38753,0:2:1;1:2:1;1:2:2;1:3:3,2,5,0,0,0,1,0,0,0,0,0,0,29,24
38754,0:2:1;1:2:1;1:2:2;1:3:3,3,0,0,0,0,1,0,0,0,0,0,0,32,24
38755,0:2:1;1:2:1;1:2:2;1:3:3,3,1,0,0,0,1,0,0,0,0,0,0,38,24
38756,0:2:1;1:2:1;1:2:2;1:3:3,3,2,0,0,0,1,0,0,0,0,0,0,38,24
38757,0:2:1;1:2:1;1:2:2;1:3:3,3,3,0,0,0,1,0,0,0,0,0,0,38,24
38758,0:2:1;1:2:1;1:2:2;1:3:3,3,4,0,0,0,1,0,0,0,0,0,0,38,24
38759,0:2:1;1:2:1;1:2:2;1:3:3,3,5,0,0,0,1,0,0,0,0,0,0,38,24
38760,0:2:1;1:2:1;1:2:2;1:3:3,4,0,1,1,1,0,1,1,1,1,1,5,8,7
38761,0:2:1;1:2:1;1:2:2;1:3:3,4,1,1,1,1,0,1,1,1,1,1,5,8,1
38762,0:2:1;1:2:1;1:2:2;1:3:3,4,2,1,1,1,0,1,1,1,1,1,5,8,1
38763,0:2:1;1:2:1;1:2:2;1:3:3,4,3,1,1,1,0,1,1,1,1,1,5,8,1
38764,0:2:1;1:2:1;1:2:2;1:3:3,4,4,1,1,1,0,1,1,1,1,1,5,8,1
38765,0:2:1;1:2:1;1:2:2;1:3:3,4,5,1,1,1,0,1,1,1,1,1,5,8,1
38766,0:2:1;1:2:1;1:2:2;1:3:3,5,0,1,1,1,0,1,1,1,1,1,5,8,7
38767,0:2:1;1:2:1;1:2:2;1:3:3,5,1,1,1,1,0,1,1,1,1,1,5,8,1
38768,0:2:1;1:2:1;1:2:2;1:3:3,5,2,1,1,1,0,1,1,1,1,1,5,8,1
38769,0:2:1;1:2:1;1:2:2;1:3:3,5,3,1,1,1,0,1,1,1,1,1,5,8,1
38770,0:2:1;1:2:1;1:2:2;1:3:3,5,4,1,1,1,0,1,1,1,1,1,5,8,1
38771,0:2:1;1:2:1;1:2:2;1:3:3,5,5,1,1,1,0,1,1,1,1,1,5,8,1
38772,0:2:1;1:2:1;1:2:2;1:4:3,0,0,0,0,0,1,0,0,0,0,0,0,1,24
38773,0:2:1;1:2:1;1:2:2;1:4:3,0,1,0,0,0,1,0,0,0,0,0,0,10,24
38774,0:2:1;1:2:1;1:2:2;1:4:3,0,2,0,0,0,1,0,0,0,0,0,0,10,24
38775,0:2:1;1:2:1;1:2:2;1:4:3,0,3,0,0,0,1,0,0,0,0,0,0,10,24
38776,0:2:1;1:2:1;1:2:2;1:4:3,0,4,0,0,0,1,0,0,0,0,0,0,10,24
38777,0:2:1;1:2:1;1:2:2;1:4:3,0,5,0,0,0,1,0,0,0,0,0,0,10,24
38778,0:2:1;1:2:1;1:2:2;1:4:3,1,0,0,0,0,1,0,0,0,0,0,0,10,24
38779,0:2:1;1:2:1;1:2:2;1:4:3,1,1,0,0,0,1,0,0,0,0,0,0,19,24
38780,0:2:1;1:2:1;1:2:2;1:4:3,1,2,0,0,0,1,0,0,0,0,0,0,19,24
38781,0:2:1;1:2:1;1:2:2;1:4:3,1,3,0,0,0,1,0,0,0,0,0,0,19,24
38782,0:2:1;1:2:1;1:2:2;1:4:3,1,4,0,0,0,1,0,0,0,0,0,0,19,24
38783,0:2:1;1:2:1;1:2:2;1:4:3,1,5,0,0,0,1,0,0,0,0,0,0,19,24
38784,0:2:1;1:2:1;1:2:2;1:4:3,2,0,0,0,0,1,0,0,0,0,0,0,21,24
38785,0:2:1;1:2:1;1:2:2;1:4:3,2,1,0,0,0,1,0,0,0,0,0,0,29,24
38786,0:2:1;1:2:1;1:2:2;1:4:3,2,2,0,0,0,1,0,0,0,0,0,0,29,24
38787,0:2:1;1:2:1;1:2:2;1:4:3,2,3,0,0,0,1,0,0,0,0,0,0,29,24
38788,0:2:1;1:2:1;1:2:2;1:4:3,2,4,0,0,0,1,0,0,0,0,0,0,29,24
38789,0:2:1;1:2:1;1:2:2;1:4:3,2,5,0,0,0,1,0,0,0,0,0,0,29,24
38790,0:2:1;1:2:1;1:2:2;1:4:3,3,0,0,0,0,1,0,0,0,0,0,0,32,24
38791,0:2:1;1:2:1;1:2:2;1:4:3,3,1,0,0,0,1,0,0,0,0,0,0,38,24
38792,0:2:1;1:2:1;1:2:2;1:4:3,3,2,0,0,0,1,0,0,0,0,0,0,38,24
38793,0:2:1;1:2:1;1:2:2;1:4:3,3,3,0,0,0,1,0,0,0,0,0,0,38,24
38794,0:2:1;1:2:1;1:2:2;1:4:3,3,4,0,0,0,1,0,0,0,0,0,0,38,24
38795,0:2:1;1:2:1;1:2:2;1:4:3,3,5,0,0,0,1,0,0,0,0,0,0,38,24
38796,0:2:1;1:2:1;1:2:2;1:4:3,4,0,1,1,1,0,1,1,1,1,1,5,8,7
38797,0:2:1;1:2:1;1:2:2;1:4:3,4,1,1,1,1,0,1,1,1,1,1,5,8,1
38798,0:2:1;1:2:1;1:2:2;1:4:3,4,2,1,1,1,0,1,1,1,1,1,5,8,1
38799,0:2:1;1:2:1;1:2:2;1:4:3,4,3,1,1,1,0,1,1,1,1,1,5,8,1
38800,0:2:1;1:2:1;1:2:2;1:4:3,4,4,1,1,1,0,1,1,1,1,1,5,8,1
38801,0:2:1;1:2:1;1:2:2;1:4:3,4,5,1,1,1,0,1,1,1,1,1,5,8,1
38802,0:2:1;1:2:1;1:2:2;1:4:3,5,0,1,1,1,0,1,1,1,1,1,5,8,7
38803,0:2:1;1:2:1;1:2:2;1:4:3,5,1,1,1,1,0,1,1,1,1,1,5,8,1
38804,0:2:1;1:2:1;1:2:2;1:4:3,5,2,1,1,1,0,1,1,1,1,1,5,8,1
38805,0:2:1;1:2:1;1:2:2;1:4:3,5,3,1,1,1,0,1,1,1,1,1,5,8,1
38806,0:2:1;1:2:1;1:2:2;1:4:3,5,4,1,1,1,0,1,1,1,1,1,5,8,1
38807,0:2:1;1:2:1;1:2:2;1:4:3,5,5,1,1,1,0,1,1,1,1,1,5,8,1
38808,0:2:1;1:2:1;1:3:2;1:3:2,0,0,0,0,0,1,0,0,0,0,0,0,1,24
38809,0:2:1;1:2:1;1:3:2;1:3:2,0,1,0,0,0,1,0,0,0,0,0,0,10,24
38810,0:2:1;1:2:1;1:3:2;1:3:2,0,2,0,0,0,1,0,0,0,0,0,0,10,24
38811,0:2:1;1:2:1;1:3:2;1:3:2,0,3,0,0,0,1,0,0,0,0,0,0,10,24
38812,0:2:1;1:2:1;1:3:2;1:3:2,0,4,0,0,0,1,0,0,0,0,0,0,10,24
38813,0:2:1;1:2:1;1:3:2;1:3:2,0,5,0,0,0,1,0,0,0,0,0,0,10,24
38814,0:2:1;1:2:1;1:3:2;1:3:2,1,0,0,0,0,1,0,0,0,0,0,0,10,24
38815,0:2:1;1:2:1;1:3:2;1:3:2,1,1,0,0,0,1,0,0,0,0,0,0,18,24
38816,0:2:1;1:2:1;1:3:2;1:3:2,1,2,0,0,0,1,0,0,0,0,0,0,18,24
38817,0:2:1;1:2:1;1:3:2;1:3:2,1,3,0,0,0,1,0,0,0,0,0,0,18,24
38818,0:2:1;1:2:1;1:3:2;1:3:2,1,4,0,0,0,1,0,0,0,0,0,0,18,24
38819,0:2:1;1:2:1;1:3:2;1:3:2,1,5,0,0,0,1,0,0,0,0,0,0,18,24
38820,0:2:1;1:2:1;1:3:2;1:3:2,2,0,0,0,0,1,0,0,0,0,0,0,22,24
38821,0:2:1;1:2:1;1:3:2;1:3:2,2,1,0,0,0,1,0,0,0,0,0,0,26,24
38822,0:2:1;1:2:1;1:3:2;1:3:2,2,2,0,0,0,1,0,0,0,0,0,0,26,24
38823,0:2:1;1:2:1;1:3:2;1:3:2,2,3,0,0,0,1,0,0,0,0,0,0,26,24
38824,0:2:1;1:2:1;1:3:2;1:3:2,2,4,0,0,0,1,0,0,0,0,0,0,26,24
38825,0:2:1;1:2:1;1:3:2;1:3:2,2,5,0,0,0,1,0,0,0,0,0,0,26,24
38826,0:2:1;1:2:1;1:3:2;1:3:2,3,0,1,1,1,0,1,1,1,1,1,5,7,7
38827,0:2:1;1:2:1;1:3:2;1:3:2,3,1,1,1,1,0,1,1,1,1,1,5,7,1
38828,0:2:1;1:2:1;1:3:2;1:3:2,3,2,1,1,1,0,1,1,1,1,1,5,7,1
38829,0:2:1;1:2:1;1:3:2;1:3:2,3,3,1,1,1,0,1,1,1,1,1,5,7,1
38830,0:2:1;1:2:1;1:3:2;1:3:2,3,4,1,1,1,0,1,1,1,1,1,5,7,1
38831,0:2:1;1:2:1;1:3:2;1:3:2,3,5,1,1,1,0,1,1,1,1,1,5,7,1
38832,0:2:1;1:2:1;1:3:2;1:3:2,4,0,1,1,1,0,1,1,1,1,1,5,7,7
38833,0:2:1;1:2:1;1:3:2;1:3:2,4,1,1,1,1,0,1,1,1,1,1,5,7,1
38834,0:2:1;1:2:1;1:3:2;1:3:2,4,2,1,1,1,0,1,1,1,1,1,5,7,1
38835,0:2:1;1:2:1;1:3:2;1:3:2,4,3,1,1,1,0,1,1,1,1,1,5,7,1
38836,0:2:1;1:2:1;1:3:2;1:3:2,4,4,1,1,1,0,1,1,1,1,1,5,7,1
38837,0:2:1;1:2:1;1:3:2;1:3:2,4,5,1,1,1,0,1,1,1,1,1,5,7,1
38838,0:2:1;1:2:1;1:3:2;1:3:2,5,0,1,1,1,0,1,1,1,1,1,5,7,7
38839,0:2:1;1:2:1;1:3:2;1:3:2,5,1,1,1,1,0,1,1,1,1,1,5,7,1
38840,0:2:1;1:2:1;1:3:2;1:3:2,5,2,1,1,1,0,1,1,1,1,1,5,7,1
38841,0:2:1;1:2:1;1:3:2;1:3:2,5,3,1,1,1,0,1,1,1,1,1,5,7,1
38842,0:2:1;1:2:1;1:3:2;1:3:2,5,4,1,1,1,0,1,1,1,1,1,5,7,1
38843,0:2:1;1:2:1;1:3:2;1:3:2,5,5,1,1,1,0,1,1,1,1,1,5,7,1
38844,0:2:1;1:2:1;1:3:2;1:3:3,0,0,0,0,0,1,0,0,0,0,0,0,1,24
38845,0:2:1;1:2:1;1:3:2;1:3:3,0,1,0,0,0,1,0,0,0,0,0,0,10,24
38846,0:2:1;1:2:1;1:3:2;1:3:3,0,2,0,0,0,1,0,0,0,0,0,0,10,24
38847,0:2:1;1:2:1;1:3:2;1:3:3,0,3,0,0,0,1,0,0,0,0,0,0,10,24
38848,0:2:1;1:2:1;1:3:2;1:3:3,0,4,0,0,0,1,0,0,0,0,0,0,10,24
38849,0:2:1;1:2:1;1:3:2;1:3:3,0,5,0,0,0,1,0,0,0,0,0,0,10,24
38850,0:2:1;1:2:1;1:3:2;1:3:3,1,0,0,0,0,1,0,0,0,0,0,0,10,24
38851,0:2:1;1:2:1;1:3:2;1:3:3,1,1,0,0,0,1,0,0,0,0,0,0,19,24
38852,0:2:1;1:2:1;1:3:2;1:3:3,1,2,0,0,0,1,0,0,0,0,0,0,19,24
38853,0:2:1;1:2:1;1:3:2;1:3:3,1,3,0,0,0,1,0,0,0,0,0,0,19,24
38854,0:2:1;1:2:1;1:3:2;1:3:3,1,4,0,0,0,1,0,0,0,0,0,0,19,24
38855,0:2:1;1:2:1;1:3:2;1:3:3,1,5,0,0,0,1,0,0,0,0,0,0,19,24
38856,0:2:1;1:2:1;1:3:2;1:3:3,2,0,0,0,0,1,0,0,0,0,0,0,21,24
38857,0:2:1;1:2:1;1:3:2;1:3:3,2,1,0,0,0,1,0,0,0,0,0,0,29,24
38858,0:2:1;1:2:1;1:3:2;1:3:3,2,2,0,0,0,1,0,0,0,0,0,0,29,24
38859,0:2:1;1:2:1;1:3:2;1:3:3,2,3,0,0,0,1,0,0,0,0,0,0,29,24
38860,0:2:1;1:2:1;1:3:2;1:3:3,2,4,0,0,0,1,0,0,0,0,0,0,29,24
38861,0:2:1;1:2:1;1:3:2;1:3:3,2,5,0,0,0,1,0,0,0,0,0,0,29,24
38862,0:2:1;1:2:1;1:3:2;1:3:3,3,0,0,0,0,1,0,0,0,0,0,0,32,24
38863,0:2:1;1:2:1;1:3:2;1:3:3,3,1,0,0,0,1,0,0,0,0,0,0,38,24
38864,0:2:1;1:2:1;1:3:2;1:3:3,3,2,0,0,0,1,0,0,0,0,0,0,38,24
38865,0:2:1;1:2:1;1:3:2;1:3:3,3,3,0,0,0,1,0,0,0,0,0,0,38,24
38866,0:2:1;1:2:1;1:3:2;1:3:3,3,4,0,0,0,1,0,0,0,0,0,0,38,24
38867,0:2:1;1:2:1;1:3:2;1:3:3,3,5,0,0,0,1,0,0,0,0,0,0,38,24
38868,0:2:1;1:2:1;1:3:2;1:3:3,4,0,1,1,1,0,1,1,1,1,1,5,8,7
38869,0:2:1;1:2:1;1:3:2;1:3:3,4,1,1,1,1,0,1,1,1,1,1,5,8,1
38870,0:2:1;1:2:1;1:3:2;1:3:3,4,2,1,1,1,0,1,1,1,1,1,5,8,1
38871,0:2:1;1:2:1;1:3:2;1:3:3,4,3,1,1,1,0,1,1,1,1,1,5,8,1
38872,0:2:1;1:2:1;1:3:2;1:3:3,4,4,1,1,1,0,1,1,1,1,1,5,8,1
38873,0:2:1;1:2:1;1:3:2;1:3:3,4,5,1,1,1,0,1,1,1,1,1,5,8,1
38874,0:2:1;1:2:1;1:3:2;1:3:3,5,0,1,1,1,0,1,1,1,1,1,5,8,7
38875,0:2:1;1:2:1;1:3:2;1:3:3,5,1,1,1,1,0,1,1,1,1,1,5,8,1
38876,0:2:1;1:2:1;1:3:2;1:3:3,5,2,1,1,1,0,1,1,1,1,1,5,8,1
38877,0:2:1;1:2:1;1:3:2;1:3:3,5,3,1,1,1,0,1,1,1,1,1,5,8,1
38878,0:2:1;1:2:1;1:3:2;1:3:3,5,4,1,1,1,0,1,1,1,1,1,5,8,1
38879,0:2:1;1:2:1;1:3:2;1:3:3,5,5,1,1,1,0,1,1,1,1,1,5,8,1
38880,0:2:1;1:2:1;1:3:2;1:4:3,0,0,0,0,0,1,0,0,0,0,0,0,1,24
38881,0:2:1;1:2:1;1:3:2;1:4:3,0,1,0,0,0,1,0,0,0,0,0,0,10,24
38882,0:2:1;1:2:1;1:3:2;1:4:3,0,2,0,0,0,1,0,0,0,0,0,0,10,24
38883,0:2:1;1:2:1;1:3:2;1:4:3,0,3,0,0,0,1,0,0,0,0,0,0,10,24
38884,0:2:1;1:2:1;1:3:2;1:4:3,0,4,0,0,0,1,0,0,0,0,0,0,10,24
38885,0:2:1;1:2:1;1:3:2;1:4:3,0,5,0,0,0,1,0,0,0,0,0,0,10,24
38886,0:2:1;1:2:1;1:3:2;1:4:3,1,0,0,0,0,1,0,0,0,0,0,0,10,24
38887,0:2:1;1:2:1;1:3:2;1:4:3,1,1,0,0,0,1,0,0,0,0,0,0,19,24
38888,0:2:1;1:2:1;1:3:2;1:4:3,1,2,0,0,0,1,0,0,0,0,0,0,19,24
38889,0:2:1;1:2:1;1:3:2;1:4:3,1,3,0,0,0,1,0,0,0,0,0,0,19,24
38890,0:2:1;1:2:1;1:3:2;1:4:3,1,4,0,0,0,1,0,0,0,0,0,0,19,24
38891,0:2:1;1:2:1;1:3:2;1:4:3,1,5,0,0,0,1,0,0,0,0,0,0,19,24
38892,0:2:1;1:2:1;1:3:2;1:4:3,2,0,0,0,0,1,0,0,0,0,0,0,21,24
38893,0:2:1;1:2:1;1:3:2;1:4:3,2,1,0,0,0,1,0,0,0,0,0,0,29,24
38894,0:2:1;1:2:1;1:3:2;1:4:3,2,2,0,0,0,1,0,0,0,0,0,0,29,24
38895,0:2:1;1:2:1;1:3:2;1:4:3,2,3,0,0,0,1,0,0,0,0,0,0,29,24
38896,0:2:1;1:2:1;1:3:2;1:4:3,2,4,0,0,0,1,0,0,0,0,0,0,29,24
38897,0:2:1;1:2:1;1:3:2;1:4:3,2,5,0,0,0,1,0,0,0,0,0,0,29,24
38898,0:2:1;1:2:1;1:3:2;1:4:3,3,0,0,0,0,1,0,0,0,0,0,0,32,24
38899,0:2:1;1:2:1;1:3:2;1:4:3,3,1,0,0,0,1,0,0,0,0,0,0,38,24
38900,0:2:1;1:2:1;1:3:2;1:4:3,3,2,0,0,0,1,0,0,0,0,0,0,38,24
38901,0:2:1;1:2:1;1:3:2;1:4:3,3,3,0,0,0,1,0,0,0,0,0,0,38,24
38902,0:2:1;1:2:1;1:3:2;1:4:3,3,4,0,0,0,1,0,0,0,0,0,0,38,24
38903,0:2:1;1:2:1;1:3:2;1:4:3,3,5,0,0,0,1,0,0,0,0,0,0,38,24
38904,0:2:1;1:2:1;1:3:2;1:4:3,4,0,1,1,1,0,1,1,1,1,1,5,8,7
38905,0:2:1;1:2:1;1:3:2;1:4:3,4,1,1,1,1,0,1,1,1,1,1,5,8,1
38906,0:2:1;1:2:1;1:3:2;1:4:3,4,2,1,1,1,0,1,1,1,1,1,5,8,1
38907,0:2:1;1:2:1;1:3:2;1:4:3,4,3,1,1,1,0,1,1,1,1,1,5,8,1
38908,0:2:1;1:2:1;1:3:2;1:4:3,4,4,1,1,1,0,1,1,1,1,1,5,8,1
38909,0:2:1;1:2:1;1:3:2;1:4:3,4,5,1,1,1,0,1,1,1,1,1,5,8,1
38910,0:2:1;1:2:1;1:3:2;1:4:3,5,0,1,1,1,0,1,1,1,1,1,5,8,7
38911,0:2:1;1:2:1;1:3:2;1:4:3,5,1,1,1,1,0,1,1,1,1,1,5,8,1
38912,0:2:1;1:2:1;1:3:2;1:4:3,5,2,1,1,1,0,1,1,1,1,1,5,8,1
38913,0:2:1;1:2:1;1:3:2;1:4:3,5,3,1,1,1,0,1,1,1,1,1,5,8,1
38914,0:2:1;1:2:1;1:3:2;1:4:3,5,4,1,1,1,0,1,1,1,1,1,5,8,1
38915,0:2:1;1:2:1;1:3:2;1:4:3,5,5,1,1,1,0,1,1,1,1,1,5,8,1
38916,0:2:1;1:2:1;1:3:3;1:3:3,0,0,0,0,0,1,0,0,0,0,0,0,1,24
38917,0:2:1;1:2:1;1:3:3;1:3:3,0,1,0,0,0,1,0,0,0,0,0,0,10,24
38918,0:2:1;1:2:1;1:3:3;1:3:3,0,2,0,0,0,1,0,0,0,0,0,0,10,24
38919,0:2:1;1:2:1;1:3:3;1:3:3,0,3,0,0,0,1,0,0,0,0,0,0,10,24
38920,0:2:1;1:2:1;1:3:3;1:3:3,0,4,0,0,0,1,0,0,0,0,0,0,10,24
38921,0:2:1;1:2:1;1:3:3;1:3:3,0,5,0,0,0,1,0,0,0,0,0,0,10,24
38922,0:2:1;1:2:1;1:3:3;1:3:3,1,0,0,0,0,1,0,0,0,0,0,0,10,24
38923,0:2:1;1:2:1;1:3:3;1:3:3,1,1,0,0,0,1,0,0,0,0,0,0,20,24
38924,0:2:1;1:2:1;1:3:3;1:3:3,1,2,0,0,0,1,0,0,0,0,0,0,20,24
38925,0:2:1;1:2:1;1:3:3;1:3:3,1,3,0,0,0,1,0,0,0,0,0,0,20,24
38926,0:2:1;1:2:1;1:3:3;1:3:3,1,4,0,0,0,1,0,0,0,0,0,0,20,24
38927,0:2:1;1:2:1;1:3:3;1:3:3,1,5,0,0,0,1,0,0,0,0,0,0,20,24
38928,0:2:1;1:2:1;1:3:3;1:3:3,2,0,0,0,0,1,0,0,0,0,0,0,19,24
38929,0:2:1;1:2:1;1:3:3;1:3:3,2,1,0,0,0,1,0,0,0,0,0,0,32,24
38930,0:2:1;1:2:1;1:3:3;1:3:3,2,2,0,0,0,1,0,0,0,0,0,0,32,24
38931,0:2:1;1:2:1;1:3:3;1:3:3,2,3,0,0,0,1,0,0,0,0,0,0,32,24
38932,0:2:1;1:2:1;1:3:3;1:3:3,2,4,0,0,0,1,0,0,0,0,0,0,32,24
38933,0:2:1;1:2:1;1:3:3;1:3:3,2,5,0,0,0,1,0,0,0,0,0,0,32,24
38934,0:2:1;1:2:1;1:3:3;1:3:3,3,0,0,0,0,1,0,0,0,0,0,0,35,24
38935,0:2:1;1:2:1;1:3:3;1:3:3,3,1,0,0,0,1,0,0,0,0,0,0,44,24
38936,0:2:1;1:2:1;1:3:3;1:3:3,3,2,0,0,0,1,0,0,0,0,0,0,44,24
38937,0:2:1;1:2:1;1:3:3;1:3:3,3,3,0,0,0,1,0,0,0,0,0,0,44,24
38938,0:2:1;1:2:1;1:3:3;1:3:3,3,4,0,0,0,1,0,0,0,0,0,0,44,24
38939,0:2:1;1:2:1;1:3:3;1:3:3,3,5,0,0,0,1,0,0,0,0,0,0,44,24
38940,0:2:1;1:2:1;1:3:3;1:3:3,4,0,0,0,0,1,0,0,0,0,0,0,45,24
38941,0:2:1;1:2:1;1:3:3;1:3:3,4,1,0,0,0,1,0,0,0,0,0,0,54,24
38942,0:2:1;1:2:1;1:3:3;1:3:3,4,2,0,0,0,1,0,0,0,0,0,0,54,24
38943,0:2:1;1:2:1;1:3:3;1:3:3,4,3,0,0,0,1,0,0,0,0,0,0,54,24
38944,0:2:1;1:2:1;1:3:3;1:3:3,4,4,0,0,0,1,0,0,0,0,0,0,54,24
38945,0:2:1;1:2:1;1:3:3;1:3:3,4,5,0,0,0,1,0,0,0,0,0,0,54,24
38946,0:2:1;1:2:1;1:3:3;1:3:3,5,0,1,1,1,0,1,1,1,1,1,5,9,7
38947,0:2:1;1:2:1;1:3:3;1:3:3,5,1,1,1,1,0,1,1,1,1,1,5,9,1
38948,0:2:1;1:2:1;1:3:3;1:3:3,5,2,1,1,1,0,1,1,1,1,1,5,9,1
38949,0:2:1;1:2:1;1:3:3;1:3:3,5,3,1,1,1,0,1,1,1,1,1,5,9,1
38950,0:2:1;1:2:1;1:3:3;1:3:3,5,4,1,1,1,0,1,1,1,1,1,5,9,1
38951,0:2:1;1:2:1;1:3:3;1:3:3,5,5,1,1,1,0,1,1,1,1,1,5,9,1
38952,0:2:1;1:2:1;1:3:3;1:4:3,0,0,0,0,0,1,0,0,0,0,0,0,1,24
38953,0:2:1;1:2:1;1:3:3;1:4:3,0,1,0,0,0,1,0,0,0,0,0,0,10,24
38954,0:2:1;1:2:1;1:3:3;1:4:3,0,2,0,0,0,1,0,0,0,0,0,0,10,24
38955,0:2:1;1:2:1;1:3:3;1:4:3,0,3,0,0,0,1,0,0,0,0,0,0,10,24
38956,0:2:1;1:2:1;1:3:3;1:4:3,0,4,0,0,0,1,0,0,0,0,0,0,10,24
38957,0:2:1;1:2:1;1:3:3;1:4:3,0,5,0,0,0,1,0,0,0,0,0,0,10,24
38958,0:2:1;1:2:1;1:3:3;1:4:3,1,0,0,0,0,1,0,0,0,0,0,0,10,24
38959,0:2:1;1:2:1;1:3:3;1:4:3,1,1,0,0,0,1,0,0,0,0,0,0,20,24
38960,0:2:1;1:2:1;1:3:3;1:4:3,1,2,0,0,0,1,0,0,0,0,0,0,20,24
38961,0:2:1;1:2:1;1:3:3;1:4:3,1,3,0,0,0,1,0,0,0,0,0,0,20,24
38962,0:2:1;1:2:1;1:3:3;1:4:3,1,4,0,0,0,1,0,0,0,0,0,0,20,24
38963,0:2:1;1:2:1;1:3:3;1:4:3,1,5,0,0,0,1,0,0,0,0,0,0,20,24
38964,0:2:1;1:2:1;1:3:3;1:4:3,2,0,0,0,0,1,0,0,0,0,0,0,19,24
38965,0:2:1;1:2:1;1:3:3;1:4:3,2,1,0,0,0,1,0,0,0,0,0,0,32,24
38966,0:2:1;1:2:1;1:3:3;1:4:3,2,2,0,0,0,1,0,0,0,0,0,0,32,24
38967,0:2:1;1:2:1;1:3:3;1:4:3,2,3,0,0,0,1,0,0,0,0,0,0,32,24
38968,0:2:1;1:2:1;1:3:3;1:4:3,2,4,0,0,0,1,0,0,0,0,0,0,32,24
38969,0:2:1;1:2:1;1:3:3;1:4:3,2,5,0,0,0,1,0,0,0,0,0,0,32,24
38970,0:2:1;1:2:1;1:3:3;1:4:3,3,0,0,0,0,1,0,0,0,0,0,0,35,24
38971,0:2:1;1:2:1;1:3:3;1:4:3,3,1,0,0,0,1,0,0,0,0,0,0,44,24
38972,0:2:1;1:2:1;1:3:3;1:4:3,3,2,0,0,0,1,0,0,0,0,0,0,44,24
38973,0:2:1;1:2:1;1:3:3;1:4:3,3,3,0,0,0,1,0,0,0,0,0,0,44,24
38974,0:2:1;1:2:1;1:3:3;1:4:3,3,4,0,0,0,1,0,0,0,0,0,0,44,24
38975,0:2:1;1:2:1;1:3:3;1:4:3,3,5,0,0,0,1,0,0,0,0,0,0,44,24
38976,0:2:1;1:2:1;1:3:3;1:4:3,4,0,0,0,0,1,0,0,0,0,0,0,45,24
38977,0:2:1;1:2:1;1:3:3;1:4:3,4,1,0,0,0,1,0,0,0,0,0,0,54,24
38978,0:2:1;1:2:1;1:3:3;1:4:3,4,2,0,0,0,1,0,0,0,0,0,0,54,24
38979,0:2:1;1:2:1;1:3:3;1:4:3,4,3,0,0,0,1,0,0,0,0,0,0,54,24
38980,0:2:1;1:2:1;1:3:3;1:4:3,4,4,0,0,0,1,0,0,0,0,0,0,54,24
38981,0:2:1;1:2:1;1:3:3;1:4:3,4,5,0,0,0,1,0,0,0,0,0,0,54,24
38982,0:2:1;1:2:1;1:3:3;1:4:3,5,0,1,1,1,0,1,1,1,1,1,5,9,7
38983,0:2:1;1:2:1;1:3:3;1:4:3,5,1,1,1,1,0,1,1,1,1,1,5,9,1
38984,0:2:1;1:2:1;1:3:3;1:4:3,5,2,1,1,1,0,1,1,1,1,1,5,9,1
38985,0:2:1;1:2:1;1:3:3;1:4:3,5,3,1,1,1,0,1,1,1,1,1,5,9,1
38986,0:2:1;1:2:1;1:3:3;1:4:3,5,4,1,1,1,0,1,1,1,1,1,5,9,1
38987,0:2:1;1:2:1;1:3:3;1:4:3,5,5,1,1,1,0,1,1,1,1,1,5,9,1
38988,0:2:1;1:2:1;1:4:3;1:4:3,0,0,0,0,0,1,0,0,0,0,0,0,1,24
38989,0:2:1;1:2:1;1:4:3;1:4:3,0,1,0,0,0,1,0,0,0,0,0,0,10,24
38990,0:2:1;1:2:1;1:4:3;1:4:3,0,2,0,0,0,1,0,0,0,0,0,0,10,24
38991,0:2:1;1:2:1;1:4:3;1:4:3,0,3,0,0,0,1,0,0,0,0,0,0,10,24
38992,0:2:1;1:2:1;1:4:3;1:4:3,0,4,0,0,0,1,0,0,0,0,0,0,10,24
38993,0:2:1;1:2:1;1:4:3;1:4:3,0,5,0,0,0,1,0,0,0,0,0,0,10,24
38994,0:2:1;1:2:1;1:4:3;1:4:3,1,0,0,0,0,1,0,0,0,0,0,0,10,24
38995,0:2:1;1:2:1;1:4:3;1:4:3,1,1,0,0,0,1,0,0,0,0,0,0,20,24
38996,0:2:1;1:2:1;1:4:3;1:4:3,1,2,0,0,0,1,0,0,0,0,0,0,20,24
38997,0:2:1;1:2:1;1:4:3;1:4:3,1,3,0,0,0,1,0,0,0,0,0,0,20,24
38998,0:2:1;1:2:1;1:4:3;1:4:3,1,4,0,0,0,1,0,0,0,0,0,0,20,24
38999,0:2:1;1:2:1;1:4:3;1:4:3,1,5,0,0,0,1,0,0,0,0,0,0,20,24
39000,0:2:1;1:2:1;1:4:3;1:4:3,2,0,0,0,0,1,0,0,0,0,0,0,19,24
39001,0:2:1;1:2:1;1:4:3;1:4:3,2,1,0,0,0,1,0,0,0,0,0,0,32,24
39002,0:2:1;1:2:1;1:4:3;1:4:3,2,2,0,0,0,1,0,0,0,0,0,0,32,24
39003,0:2:1;1:2:1;1:4:3;1:4:3,2,3,0,0,0,1,0,0,0,0,0,0,32,24
39004,0:2:1;1:2:1;1:4:3;1:4:3,2,4,0,0,0,1,0,0,0,0,0,0,32,24
39005,0:2:1;1:2:1;1:4:3;1:4:3,2,5,0,0,0,1,0,0,0,0,0,0,32,24
39006,0:2:1;1:2:1;1:4:3;1:4:3,3,0,0,0,0,1,0,0,0,0,0,0,35,24
39007,0:2:1;1:2:1;1:4:3;1:4:3,3,1,0,0,0,1,0,0,0,0,0,0,44,24
39008,0:2:1;1:2:1;1:4:3;1:4:3,3,2,0,0,0,1,0,0,0,0,0,0,44,24
39009,0:2:1;1:2:1;1:4:3;1:4:3,3,3,0,0,0,1,0,0,0,0,0,0,44,24
39010,0:2:1;1:2:1;1:4:3;1:4:3,3,4,0,0,0,1,0,0,0,0,0,0,44,24
39011,0:2:1;1:2:1;1:4:3;1:4:3,3,5,0,0,0,1,0,0,0,0,0,0,44,24
39012,0:2:1;1:2:1;1:4:3;1:4:3,4,0,0,0,0,1,0,0,0,0,0,0,45,24
39013,0:2:1;1:2:1;1:4:3;1:4:3,4,1,0,0,0,1,0,0,0,0,0,0,54,24
39014,0:2:1;1:2:1;1:4:3;1:4:3,4,2,0,0,0,1,0,0,0,0,0,0,54,24
39015,0:2:1;1:2:1;1:4:3;1:4:3,4,3,0,0,0,1,0,0,0,0,0,0,54,24
39016,0:2:1;1:2:1;1:4:3;1:4:3,4,4,0,0,0,1,0,0,0,0,0,0,54,24
39017,0:2:1;1:2:1;1:4:3;1:4:3,4,5,0,0,0,1,0,0,0,0,0,0,54,24
39018,0:2:1;1:2:1;1:4:3;1:4:3,5,0,1,1,1,0,1,1,1,1,1,5,9,7
39019,0:2:1;1:2:1;1:4:3;1:4:3,5,1,1,1,1,0,1,1,1,1,1,5,9,1
39020,0:2:1;1:2:1;1:4:3;1:4:3,5,2,1,1,1,0,1,1,1,1,1,5,9,1
39021,0:2:1;1:2:1;1:4:3;1:4:3,5,3,1,1,1,0,1,1,1,1,1,5,9,1
39022,0:2:1;1:2:1;1:4:3;1:4:3,5,4,1,1,1,0,1,1,1,1,1,5,9,1
39023,0:2:1;1:2:1;1:4:3;1:4:3,5,5,1,1,1,0,1,1,1,1,1,5,9,1
39024,0:2:1;1:2:2;1:2:2;1:2:2,0,0,0,0,0,1,0,0,0,0,0,0,1,24
39025,0:2:1;1:2:2;1:2:2;1:2:2,0,1,0,0,0,1,0,0,0,0,0,0,11,24
39026,0:2:1;1:2:2;1:2:2;1:2:2,0,2,0,0,0,1,0,0,0,0,0,0,11,24
39027,0:2:1;1:2:2;1:2:2;1:2:2,0,3,0,0,0,1,0,0,0,0,0,0,11,24
39028,0:2:1;1:2:2;1:2:2;1:2:2,0,4,0,0,0,1,0,0,0,0,0,0,11,24
39029,0:2:1;1:2:2;1:2:2;1:2:2,0,5,0,0,0,1,0,0,0,0,0,0,11,24
39030,0:2:1;1:2:2;1:2:2;1:2:2,1,0,0,0,0,1,0,0,0,0,0,0,4,24
39031,0:2:1;1:2:2;1:2:2;1:2:2,1,1,0,0,0,1,0,0,0,0,0,0,21,24
39032,0:2:1;1:2:2;1:2:2;1:2:2,1,2,0,0,0,1,0,0,0,0,0,0,21,24
39033,0:2:1;1:2:2;1:2:2;1:2:2,1,3,0,0,0,1,0,0,0,0,0,0,21,24
39034,0:2:1;1:2:2;1:2:2;1:2:2,1,4,0,0,0,1,0,0,0,0,0,0,21,24
39035,0:2:1;1:2:2;1:2:2;1:2:2,1,5,0,0,0,1,0,0,0,0,0,0,21,24
39036,0:2:1;1:2:2;1:2:2;1:2:2,2,0,0,0,0,1,0,0,0,0,0,0,25,24
39037,0:2:1;1:2:2;1:2:2;1:2:2,2,1,0,0,0,1,0,0,0,0,0,0,33,24
39038,0:2:1;1:2:2;1:2:2;1:2:2,2,2,0,0,0,1,0,0,0,0,0,0,33,24
39039,0:2:1;1:2:2;1:2:2;1:2:2,2,3,0,0,0,1,0,0,0,0,0,0,33,24
39040,0:2:1;1:2:2;1:2:2;1:2:2,2,4,0,0,0,1,0,0,0,0,0,0,33,24
39041,0:2:1;1:2:2;1:2:2;1:2:2,2,5,0,0,0,1,0,0,0,0,0,0,33,24
39042,0:2:1;1:2:2;1:2:2;1:2:2,3,0,0,0,0,1,0,0,0,0,0,0,35,24
39043,0:2:1;1:2:2;1:2:2;1:2:2,3,1,0,0,0,1,0,0,0,0,0,0,43,24
39044,0:2:1;1:2:2;1:2:2;1:2:2,3,2,0,0,0,1,0,0,0,0,0,0,43,24
39045,0:2:1;1:2:2;1:2:2;1:2:2,3,3,0,0,0,1,0,0,0,0,0,0,43,24
39046,0:2:1;1:2:2;1:2:2;1:2:2,3,4,0,0,0,1,0,0,0,0,0,0,43,24
39047,0:2:1;1:2:2;1:2:2;1:2:2,3,5,0,0,0,1,0,0,0,0,0,0,43,24
39048,0:2:1;1:2:2;1:2:2;1:2:2,4,0,1,1,1,0,1,1,1,1,1,5,8,7
39049,0:2:1;1:2:2;1:2:2;1:2:2,4,1,1,1,1,0,1,1,1,1,1,5,8,1
39050,0:2:1;1:2:2;1:2:2;1:2:2,4,2,1,1,1,0,1,1,1,1,1,5,8,1
39051,0:2:1;1:2:2;1:2:2;1:2:2,4,3,1,1,1,0,1,1,1,1,1,5,8,1
39052,0:2:1;1:2:2;1:2:2;1:2:2,4,4,1,1,1,0,1,1,1,1,1,5,8,1
39053,0:2:1;1:2:2;1:2:2;1:2:2,4,5,1,1,1,0,1,1,1,1,1,5,8,1
39054,0:2:1;1:2:2;1:2:2;1:2:2,5,0,1,1,1,0,1,1,1,1,1,5,8,7
39055,0:2:1;1:2:2;1:2:2;1:2:2,5,1,1,1,1,0,1,1,1,1,1,5,8,1
39056,0:2:1;1:2:2;1:2:2;1:2:2,5,2,1,1,1,0,1,1,1,1,1,5,8,1
39057,0:2:1;1:2:2;1:2:2;1:2:2,5,3,1,1,1,0,1,1,1,1,1,5,8,1
39058,0:2:1;1:2:2;1:2:2;1:2:2,5,4,1,1,1,0,1,1,1,1,1,5,8,1
39059,0:2:1;1:2:2;1:2:2;1:2:2,5,5,1,1,1,0,1,1,1,1,1,5,8,1
39060,0:2:1;1:2:2;1:2:2;1:3:2,0,0,0,0,0,1,0,0,0,0,0,0,1,24
39061,0:2:1;1:2:2;1:2:2;1:3:2,0,1,0,0,0,1,0,0,0,0,0,0,11,24
39062,0:2:1;1:2:2;1:2:2;1:3:2,0,2,0,0,0,1,0,0,0,0,0,0,11,24
39063,0:2:1;1:2:2;1:2:2;1:3:2,0,3,0,0,0,1,0,0,0,0,0,0,11,24
39064,0:2:1;1:2:2;1:2:2;1:3:2,0,4,0,0,0,1,0,0,0,0,0,0,11,24
39065,0:2:1;1:2:2;1:2:2;1:3:2,0,5,0,0,0,1,0,0,0,0,0,0,11,24
39066,0:2:1;1:2:2;1:2:2;1:3:2,1,0,0,0,0,1,0,0,0,0,0,0,4,24
39067,0:2:1;1:2:2;1:2:2;1:3:2,1,1,0,0,0,1,0,0,0,0,0,0,21,24
39068,0:2:1;1:2:2;1:2:2;1:3:2,1,2,0,0,0,1,0,0,0,0,0,0,21,24
39069,0:2:1;1:2:2;1:2:2;1:3:2,1,3,0,0,0,1,0,0,0,0,0,0,21,24
39070,0:2:1;1:2:2;1:2:2;1:3:2,1,4,0,0,0,1,0,0,0,0,0,0,21,24
39071,0:2:1;1:2:2;1:2:2;1:3:2,1,5,0,0,0,1,0,0,0,0,0,0,21,24
39072,0:2:1;1:2:2;1:2:2;1:3:2,2,0,0,0,0,1,0,0,0,0,0,0,25,24
39073,0:2:1;1:2:2;1:2:2;1:3:2,2,1,0,0,0,1,0,0,0,0,0,0,33,24
39074,0:2:1;1:2:2;1:2:2;1:3:2,2,2,0,0,0,1,0,0,0,0,0,0,33,24
39075,0:2:1;1:2:2;1:2:2;1:3:2,2,3,0,0,0,1,0,0,0,0,0,0,33,24
39076,0:2:1;1:2:2;1:2:2;1:3:2,2,4,0,0,0,1,0,0,0,0,0,0,33,24
39077,0:2:1;1:2:2;1:2:2;1:3:2,2,5,0,0,0,1,0,0,0,0,0,0,33,24
39078,0:2:1;1:2:2;1:2:2;1:3:2,3,0,0,0,0,1,0,0,0,0,0,0,35,24
39079,0:2:1;1:2:2;1:2:2;1:3:2,3,1,0,0,0,1,0,0,0,0,0,0,43,24
39080,0:2:1;1:2:2;1:2:2;1:3:2,3,2,0,0,0,1,0,0,0,0,0,0,43,24
39081,0:2:1;1:2:2;1:2:2;1:3:2,3,3,0,0,0,1,0,0,0,0,0,0,43,24
39082,0:2:1;1:2:2;1:2:2;1:3:2,3,4,0,0,0,1,0,0,0,0,0,0,43,24
39083,0:2:1;1:2:2;1:2:2;1:3:2,3,5,0,0,0,1,0,0,0,0,0,0,43,24
39084,0:2:1;1:2:2;1:2:2;1:3:2,4,0,1,1,1,0,1,1,1,1,1,5,8,7
39085,0:2:1;1:2:2;1:2:2;1:3:2,4,1,1,1,1,0,1,1,1,1,1,5,8,1
39086,0:2:1;1:2:2;1:2:2;1:3:2,4,2,1,1,1,0,1,1,1,1,1,5,8,1
39087,0:2:1;1:2:2;1:2:2;1:3:2,4,3,1,1,1,0,1,1,1,1,1,5,8,1
39088,0:2:1;1:2:2;1:2:2;1:3:2,4,4,1,1,1,0,1,1,1,1,1,5,8,1
39089,0:2:1;1:2:2;1:2:2;1:3:2,4,5,1,1,1,0,1,1,1,1,1,5,8,1
39090,0:2:1;1:2:2;1:2:2;1:3:2,5,0,1,1,1,0,1,1,1,1,1,5,8,7
39091,0:2:1;1:2:2;1:2:2;1:3:2,5,1,1,1,1,0,1,1,1,1,1,5,8,1
39092,0:2:1;1:2:2;1:2:2;1:3:2,5,2,1,1,1,0,1,1,1,1,1,5,8,1
39093,0:2:1;1:2:2;1:2:2;1:3:2,5,3,1,1,1,0,1,1,1,1,1,5,8,1
39094,0:2:1;1:2:2;1:2:2;1:3:2,5,4,1,1,1,0,1,1,1,1,1,5,8,1
39095,0:2:1;1:2:2;1:2:2;1:3:2,5,5,1,1,1,0,1,1,1,1,1,5,8,1
39096,0:2:1;1:2:2;1:2:2;1:3:3,0,0,0,0,0,1,0,0,0,0,0,0,1,24
39097,0:2:1;1:2:2;1:2:2;1:3:3,0,1,0,0,0,1,0,0,0,0,0,0,11,24
39098,0:2:1;1:2:2;1:2:2;1:3:3,0,2,0,0,0,1,0,0,0,0,0,0,11,24
39099,0:2:1;1:2:2;1:2:2;1:3:3,0,3,0,0,0,1,0,0,0,0,0,0,11,24
39100,0:2:1;1:2:2;1:2:2;1:3:3,0,4,0,0,0,1,0,0,0,0,0,0,11,24
39101,0:2:1;1:2:2;1:2:2;1:3:3,0,5,0,0,0,1,0,0,0,0,0,0,11,24
39102,0:2:1;1:2:2;1:2:2;1:3:3,1,0,0,0,0,1,0,0,0,0,0,0,4,24
39103,0:2:1;1:2:2;1:2:2;1:3:3,1,1,0,0,0,1,0,0,0,0,0,0,22,24
39104,0:2:1;1:2:2;1:2:2;1:3:3,1,2,0,0,0,1,0,0,0,0,0,0,22,24
39105,0:2:1;1:2:2;1:2:2;1:3:3,1,3,0,0,0,1,0,0,0,0,0,0,22,24
39106,0:2:1;1:2:2;1:2:2;1:3:3,1,4,0,0,0,1,0,0,0,0,0,0,22,24
39107,0:2:1;1:2:2;1:2:2;1:3:3,1,5,0,0,0,1,0,0,0,0,0,0,22,24
39108,0:2:1;1:2:2;1:2:2;1:3:3,2,0,0,0,0,1,0,0,0,0,0,0,21,24
39109,0:2:1;1:2:2;1:2:2;1:3:3,2,1,0,0,0,1,0,0,0,0,0,0,36,24
39110,0:2:1;1:2:2;1:2:2;1:3:3,2,2,0,0,0,1,0,0,0,0,0,0,36,24
39111,0:2:1;1:2:2;1:2:2;1:3:3,2,3,0,0,0,1,0,0,0,0,0,0,36,24
39112,0:2:1;1:2:2;1:2:2;1:3:3,2,4,0,0,0,1,0,0,0,0,0,0,36,24
39113,0:2:1;1:2:2;1:2:2;1:3:3,2,5,0,0,0,1,0,0,0,0,0,0,36,24
39114,0:2:1;1:2:2;1:2:2;1:3:3,3,0,0,0,0,1,0,0,0,0,0,0,38,24
39115,0:2:1;1:2:2;1:2:2;1:3:3,3,1,0,0,0,1,0,0,0,0,0,0,50,24
39116,0:2:1;1:2:2;1:2:2;1:3:3,3,2,0,0,0,1,0,0,0,0,0,0,50,24
39117,0:2:1;1:2:2;1:2:2;1:3:3,3,3,0,0,0,1,0,0,0,0,0,0,50,24
39118,0:2:1;1:2:2;1:2:2;1:3:3,3,4,0,0,0,1,0,0,0,0,0,0,50,24
39119,0:2:1;1:2:2;1:2:2;1:3:3,3,5,0,0,0,1,0,0,0,0,0,0,50,24
39120,0:2:1;1:2:2;1:2:2;1:3:3,4,0,0,0,0,1,0,0,0,0,0,0,49,24
39121,0:2:1;1:2:2;1:2:2;1:3:3,4,1,0,0,0,1,0,0,0,0,0,0,61,24
39122,0:2:1;1:2:2;1:2:2;1:3:3,4,2,0,0,0,1,0,0,0,0,0,0,61,24
39123,0:2:1;1:2:2;1:2:2;1:3:3,4,3,0,0,0,1,0,0,0,0,0,0,61,24
39124,0:2:1;1:2:2;1:2:2;1:3:3,4,4,0,0,0,1,0,0,0,0,0,0,61,24
39125,0:2:1;1:2:2;1:2:2;1:3:3,4,5,0,0,0,1,0,0,0,0,0,0,61,24
39126,0:2:1;1:2:2;1:2:2;1:3:3,5,0,1,1,1,0,1,1,1,1,1,5,9,7
39127,0:2:1;1:2:2;1:2:2;1:3:3,5,1,1,1,1,0,1,1,1,1,1,5,9,1
39128,0:2:1;1:2:2;1:2:2;1:3:3,5,2,1,1,1,0,1,1,1,1,1,5,9,1
39129,0:2:1;1:2:2;1:2:2;1:3:3,5,3,1,1,1,0,1,1,1,1,1,5,9,1
39130,0:2:1;1:2:2;1:2:2;1:3:3,5,4,1,1,1,0,1,1,1,1,1,5,9,1
39131,0:2:1;1:2:2;1:2:2;1:3:3,5,5,1,1,1,0,1,1,1,1,1,5,9,1
39132,0:2:1;1:2:2;1:2:2;1:4:3,0,0,0,0,0,1,0,0,0,0,0,0,1,24
39133,0:2:1;1:2:2;1:2:2;1:4:3,0,1,0,0,0,1,0,0,0,0,0,0,11,24
39134,0:2:1;1:2:2;1:2:2;1:4:3,0,2,0,0,0,1,0,0,0,0,0,0,11,24
39135,0:2:1;1:2:2;1:2:2;1:4:3,0,3,0,0,0,1,0,0,0,0,0,0,11,24
39136,0:2:1;1:2:2;1:2:2;1:4:3,0,4,0,0,0,1,0,0,0,0,0,0,11,24
39137,0:2:1;1:2:2;1:2:2;1:4:3,0,5,0,0,0,1,0,0,0,0,0,0,11,24
39138,0:2:1;1:2:2;1:2:2;1:4:3,1,0,0,0,0,1,0,0,0,0,0,0,4,24
39139,0:2:1;1:2:2;1:2:2;1:4:3,1,1,0,0,0,1,0,0,0,0,0,0,22,24
39140,0:2:1;1:2:2;1:2:2;1:4:3,1,2,0,0,0,1,0,0,0,0,0,0,22,24
39141,0:2:1;1:2:2;1:2:2;1:4:3,1,3,0,0,0,1,0,0,0,0,0,0,22,24
39142,0:2:1;1:2:2;1:2:2;1:4:3,1,4,0,0,0,1,0,0,0,0,0,0,22,24
39143,0:2:1;1:2:2;1:2:2;1:4:3,1,5,0,0,0,1,0,0,0,0,0,0,22,24
39144,0:2:1;1:2:2;1:2:2;1:4:3,2,0,0,0,0,1,0,0,0,0,0,0,21,24
39145,0:2:1;1:2:2;1:2:2;1:4:3,2,1,0,0,0,1,0,0,0,0,0,0,36,24
39146,0:2:1;1:2:2;1:2:2;1:4:3,2,2,0,0,0,1,0,0,0,0,0,0,36,24
39147,0:2:1;1:2:2;1:2:2;1:4:3,2,3,0,0,0,1,0,0,0,0,0,0,36,24
39148,0:2:1;1:2:2;1:2:2;1:4:3,2,4,0,0,0,1,0,0,0,0,0,0,36,24
39149,0:2:1;1:2:2;1:2:2;1:4:3,2,5,0,0,0,1,0,0,0,0,0,0,36,24
39150,0:2:1;1:2:2;1:2:2;1:4:3,3,0,0,0,0,1,0,0,0,0,0,0,38,24
39151,0:2:1;1:2:2;1:2:2;1:4:3,3,1,0,0,0,1,0,0,0,0,0,0,50,24
39152,0:2:1;1:2:2;1:2:2;1:4:3,3,2,0,0,0,1,0,0,0,0,0,0,50,24
39153,0:2:1;1:2:2;1:2:2;1:4:3,3,3,0,0,0,1,0,0,0,0,0,0,50,24
39154,0:2:1;1:2:2;1:2:2;1:4:3,3,4,0,0,0,1,0,0,0,0,0,0,50,24
39155,0:2:1;1:2:2;1:2:2;1:4:3,3,5,0,0,0,1,0,0,0,0,0,0,50,24
39156,0:2:1;1:2:2;1:2:2;1:4:3,4,0,0,0,0,1,0,0,0,0,0,0,49,24
39157,0:2:1;1:2:2;1:2:2;1:4:3,4,1,0,0,0,1,0,0,0,0,0,0,61,24
39158,0:2:1;1:2:2;1:2:2;1:4:3,4,2,0,0,0,1,0,0,0,0,0,0,61,24
39159,0:2:1;1:2:2;1:2:2;1:4:3,4,3,0,0,0,1,0,0,0,0,0,0,61,24
39160,0:2:1;1:2:2;1:2:2;1:4:3,4,4,0,0,0,1,0,0,0,0,0,0,61,24
39161,0:2:1;1:2:2;1:2:2;1:4:3,4,5,0,0,0,1,0,0,0,0,0,0,61,24
39162,0:2:1;1:2:2;1:2:2;1:4:3,5,0,1,1,1,0,1,1,1,1,1,5,9,7
39163,0:2:1;1:2:2;1:2:2;1:4:3,5,1,1,1,1,0,1,1,1,1,1,5,9,1
39164,0:2:1;1:2:2;1:2:2;1:4:3,5,2,1,1,1,0,1,1,1,1,1,5,9,1
39165,0:2:1;1:2:2;1:2:2;1:4:3,5,3,1,1,1,0,1,1,1,1,1,5,9,1
39166,0:2:1;1:2:2;1:2:2;1:4:3,5,4,1,1,1,0,1,1,1,1,1,5,9,1
39167,0:2:1;1:2:2;1:2:2;1:4:3,5,5,1,1,1,0,1,1,1,1,1,5,9,1
39168,0:2:1;1:2:2;1:3:2;1:3:2,0,0,0,0,0,1,0,0,0,0,0,0,1,24
39169,0:2:1;1:2:2;1:3:2;1:3:2,0,1,0,0,0,1,0,0,0,0,0,0,11,24
39170,0:2:1;1:2:2;1:3:2;1:3:2,0,2,0,0,0,1,0,0,0,0,0,0,11,24
39171,0:2:1;1:2:2;1:3:2;1:3:2,0,3,0,0,0,1,0,0,0,0,0,0,11,24
39172,0:2:1;1:2:2;1:3:2;1:3:2,0,4,0,0,0,1,0,0,0,0,0,0,11,24
39173,0:2:1;1:2:2;1:3:2;1:3:2,0,5,0,0,0,1,0,0,0,0,0,0,11,24
39174,0:2:1;1:2:2;1:3:2;1:3:2,1,0,0,0,0,1,0,0,0,0,0,0,4,24
39175,0:2:1;1:2:2;1:3:2;1:3:2,1,1,0,0,0,1,0,0,0,0,0,0,21,24
39176,0:2:1;1:2:2;1:3:2;1:3:2,1,2,0,0,0,1,0,0,0,0,0,0,21,24
39177,0:2:1;1:2:2;1:3:2;1:3:2,1,3,0,0,0,1,0,0,0,0,0,0,21,24
39178,0:2:1;1:2:2;1:3:2;1:3:2,1,4,0,0,0,1,0,0,0,0,0,0,21,24
39179,0:2:1;1:2:2;1:3:2;1:3:2,1,5,0,0,0,1,0,0,0,0,0,0,21,24
39180,0:2:1;1:2:2;1:3:2;1:3:2,2,0,0,0,0,1,0,0,0,0,0,0,25,24
39181,0:2:1;1:2:2;1:3:2;1:3:2,2,1,0,0,0,1,0,0,0,0,0,0,33,24
39182,0:2:1;1:2:2;1:3:2;1:3:2,2,2,0,0,0,1,0,0,0,0,0,0,33,24
39183,0:2:1;1:2:2;1:3:2;1:3:2,2,3,0,0,0,1,0,0,0,0,0,0,33,24
39184,0:2:1;1:2:2;1:3:2;1:3:2,2,4,0,0,0,1,0,0,0,0,0,0,33,24
39185,0:2:1;1:2:2;1:3:2;1:3:2,2,5,0,0,0,1,0,0,0,0,0,0,33,24
39186,0:2:1;1:2:2;1:3:2;1:3:2,3,0,0,0,0,1,0,0,0,0,0,0,35,24
39187,0:2:1;1:2:2;1:3:2;1:3:2,3,1,0,0,0,1,0,0,0,0,0,0,43,24
39188,0:2:1;1:2:2;1:3:2;1:3:2,3,2,0,0,0,1,0,0,0,0,0,0,43,24
39189,0:2:1;1:2:2;1:3:2;1:3:2,3,3,0,0,0,1,0,0,0,0,0,0,43,24
39190,0:2:1;1:2:2;1:3:2;1:3:2,3,4,0,0,0,1,0,0,0,0,0,0,43,24
39191,0:2:1;1:2:2;1:3:2;1:3:2,3,5,0,0,0,1,0,0,0,0,0,0,43,24
39192,0:2:1;1:2:2;1:3:2;1:3:2,4,0,1,1,1,0,1,1,1,1,1,5,8,7
39193,0:2:1;1:2:2;1:3:2;1:3:2,4,1,1,1,1,0,1,1,1,1,1,5,8,1
39194,0:2:1;1:2:2;1:3:2;1:3:2,4,2,1,1,1,0,1,1,1,1,1,5,8,1
39195,0:2:1;1:2:2;1:3:2;1:3:2,4,3,1,1,1,0,1,1,1,1,1,5,8,1
39196,0:2:1;1:2:2;1:3:2;1:3:2,4,4,1,1,1,0,1,1,1,1,1,5,8,1
39197,0:2:1;1:2:2;1:3:2;1:3:2,4,5,1,1,1,0,1,1,1,1,1,5,8,1
39198,0:2:1;1:2:2;1:3:2;1:3:2,5,0,1,1,1,0,1,1,1,1,1,5,8,7
39199,0:2:1;1:2:2;1:3:2;1:3:2,5,1,1,1,1,0,1,1,1,1,1,5,8,1
39200,0:2:1;1:2:2;1:3:2;1:3:2,5,2,1,1,1,0,1,1,1,1,1,5,8,1
39201,0:2:1;1:2:2;1:3:2;1:3:2,5,3,1,1,1,0,1,1,1,1,1,5,8,1
39202,0:2:1;1:2:2;1:3:2;1:3:2,5,4,1,1,1,0,1,1,1,1,1,5,8,1
39203,0:2:1;1:2:2;1:3:2;1:3:2,5,5,1,1,1,0,1,1,1,1,1,5,8,1
39204,0:2:1;1:2:2;1:3:2;1:3:3,0,0,0,0,0,1,0,0,0,0,0,0,1,24
39205,0:2:1;1:2:2;1:3:2;1:3:3,0,1,0,0,0,1,0,0,0,0,0,0,11,24
39206,0:2:1;1:2:2;1:3:2;1:3:3,0,2,0,0,0,1,0,0,0,0,0,0,11,24
39207,0:2:1;1:2:2;1:3:2;1:3:3,0,3,0,0,0,1,0,0,0,0,0,0,11,24
39208,0:2:1;1:2:2;1:3:2;1:3:3,0,4,0,0,0,1,0,0,0,0,0,0,11,24
39209,0:2:1;1:2:2;1:3:2;1:3:3,0,5,0,0,0,1,0,0,0,0,0,0,11,24
39210,0:2:1;1:2:2;1:3:2;1:3:3,1,0,0,0,0,1,0,0,0,0,0,0,4,24
39211,0:2:1;1:2:2;1:3:2;1:3:3,1,1,0,0,0,1,0,0,0,0,0,0,22,24
39212,0:2:1;1:2:2;1:3:2;1:3:3,1,2,0,0,0,1,0,0,0,0,0,0,22,24
39213,0:2:1;1:2:2;1:3:2;1:3:3,1,3,0,0,0,1,0,0,0,0,0,0,22,24
39214,0:2:1;1:2:2;1:3:2;1:3:3,1,4,0,0,0,1,0,0,0,0,0,0,22,24
39215,0:2:1;1:2:2;1:3:2;1:3:3,1,5,0,0,0,1,0,0,0,0,0,0,22,24
39216,0:2:1;1:2:2;1:3:2;1:3:3,2,0,0,0,0,1,0,0,0,0,0,0,21,24
39217,0:2:1;1:2:2;1:3:2;1:3:3,2,1,0,0,0,1,0,0,0,0,0,0,36,24
39218,0:2:1;1:2:2;1:3:2;1:3:3,2,2,0,0,0,1,0,0,0,0,0,0,36,24
39219,0:2:1;1:2:2;1:3:2;1:3:3,2,3,0,0,0,1,0,0,0,0,0,0,36,24
39220,0:2:1;1:2:2;1:3:2;1:3:3,2,4,0,0,0,1,0,0,0,0,0,0,36,24
39221,0:2:1;1:2:2;1:3:2;1:3:3,2,5,0,0,0,1,0,0,0,0,0,0,36,24
39222,0:2:1;1:2:2;1:3:2;1:3:3,3,0,0,0,0,1,0,0,0,0,0,0,38,24
39223,0:2:1;1:2:2;1:3:2;1:3:3,3,1,0,0,0,1,0,0,0,0,0,0,50,24
39224,0:2:1;1:2:2;1:3:2;1:3:3,3,2,0,0,0,1,0,0,0,0,0,0,50,24
39225,0:2:1;1:2:2;1:3:2;1:3:3,3,3,0,0,0,1,0,0,0,0,0,0,50,24
39226,0:2:1;1:2:2;1:3:2;1:3:3,3,4,0,0,0,1,0,0,0,0,0,0,50,24
39227,0:2:1;1:2:2;1:3:2;1:3:3,3,5,0,0,0,1,0,0,0,0,0,0,50,24
39228,0:2:1;1:2:2;1:3:2;1:3:3,4,0,0,0,0,1,0,0,0,0,0,0,49,24
39229,0:2:1;1:2:2;1:3:2;1:3:3,4,1,0,0,0,1,0,0,0,0,0,0,61,24
39230,0:2:1;1:2:2;1:3:2;1:3:3,4,2,0,0,0,1,0,0,0,0,0,0,61,24
39231,0:2:1;1:2:2;1:3:2;1:3:3,4,3,0,0,0,1,0,0,0,0,0,0,61,24
39232,0:2:1;1:2:2;1:3:2;1:3:3,4,4,0,0,0,1,0,0,0,0,0,0,61,24
39233,0:2:1;1:2:2;1:3:2;1:3:3,4,5,0,0,0,1,0,0,0,0,0,0,61,24
39234,0:2:1;1:2:2;1:3:2;1:3:3,5,0,1,1,1,0,1,1,1,1,1,5,9,7
39235,0:2:1;1:2:2;1:3:2;1:3:3,5,1,1,1,1,0,1,1,1,1,1,5,9,1
39236,0:2:1;1:2:2;1:3:2;1:3:3,5,2,1,1,1,0,1,1,1,1,1,5,9,1
39237,0:2:1;1:2:2;1:3:2;1:3:3,5,3,1,1,1,0,1,1,1,1,1,5,9,1
39238,0:2:1;1:2:2;1:3:2;1:3:3,5,4,1,1,1,0,1,1,1,1,1,5,9,1
39239,0:2:1;1:2:2;1:3:2;1:3:3,5,5,1,1,1,0,1,1,1,1,1,5,9,1
39240,0:2:1;1:2:2;1:3:2;1:4:3,0,0,0,0,0,1,0,0,0,0,0,0,1,24
39241,0:2:1;1:2:2;1:3:2;1:4:3,0,1,0,0,0,1,0,0,0,0,0,0,11,24
39242,0:2:1;1:2:2;1:3:2;1:4:3,0,2,0,0,0,1,0,0,0,0,0,0,11,24
39243,0:2:1;1:2:2;1:3:2;1:4:3,0,3,0,0,0,1,0,0,0,0,0,0,11,24
39244,0:2:1;1:2:2;1:3:2;1:4:3,0,4,0,0,0,1,0,0,0,0,0,0,11,24
39245,0:2:1;1:2:2;1:3:2;1:4:3,0,5,0,0,0,1,0,0,0,0,0,0,11,24
39246,0:2:1;1:2:2;1:3:2;1:4:3,1,0,0,0,0,1,0,0,0,0,0,0,4,24
39247,0:2:1;1:2:2;1:3:2;1:4:3,1,1,0,0,0,1,0,0,0,0,0,0,22,24
39248,0:2:1;1:2:2;1:3:2;1:4:3,1,2,0,0,0,1,0,0,0,0,0,0,22,24
39249,0:2:1;1:2:2;1:3:2;1:4:3,1,3,0,0,0,1,0,0,0,0,0,0,22,24
39250,0:2:1;1:2:2;1:3:2;1:4:3,1,4,0,0,0,1,0,0,0,0,0,0,22,24
39251,0:2:1;1:2:2;1:3:2;1:4:3,1,5,0,0,0,1,0,0,0,0,0,0,22,24
39252,0:2:1;1:2:2;1:3:2;1:4:3,2,0,0,0,0,1,0,0,0,0,0,0,21,24
39253,0:2:1;1:2:2;1:3:2;1:4:3,2,1,0,0,0,1,0,0,0,0,0,0,36,24
39254,0:2:1;1:2:2;1:3:2;1:4:3,2,2,0,0,0,1,0,0,0,0,0,0,36,24
39255,0:2:1;1:2:2;1:3:2;1:4:3,2,3,0,0,0,1,0,0,0,0,0,0,36,24
39256,0:2:1;1:2:2;1:3:2;1:4:3,2,4,0,0,0,1,0,0,0,0,0,0,36,24
39257,0:2:1;1:2:2;1:3:2;1:4:3,2,5,0,0,0,1,0,0,0,0,0,0,36,24
39258,0:2:1;1:2:2;1:3:2;1:4:3,3,0,0,0,0,1,0,0,0,0,0,0,38,24
39259,0:2:1;1:2:2;1:3:2;1:4:3,3,1,0,0,0,1,0,0,0,0,0,0,50,24
39260,0:2:1;1:2:2;1:3:2;1:4:3,3,2,0,0,0,1,0,0,0,0,0,0,50,24
39261,0:2:1;1:2:2;1:3:2;1:4:3,3,3,0,0,0,1,0,0,0,0,0,0,50,24
39262,0:2:1;1:2:2;1:3:2;1:4:3,3,4,0,0,0,1,0,0,0,0,0,0,50,24
39263,0:2:1;1:2:2;1:3:2;1:4:3,3,5,0,0,0,1,0,0,0,0,0,0,50,24
39264,0:2:1;1:2:2;1:3:2;1:4:3,4,0,0,0,0,1,0,0,0,0,0,0,49,24
39265,0:2:1;1:2:2;1:3:2;1:4:3,4,1,0,0,0,1,0,0,0,0,0,0,61,24
39266,0:2:1;1:2:2;1:3:2;1:4:3,4,2,0,0,0,1,0,0,0,0,0,0,61,24
39267,0:2:1;1:2:2;1:3:2;1:4:3,4,3,0,0,0,1,0,0,0,0,0,0,61,24
39268,0:2:1;1:2:2;1:3:2;1:4:3,4,4,0,0,0,1,0,0,0,0,0,0,61,24
39269,0:2:1;1:2:2;1:3:2;1:4:3,4,5,0,0,0,1,0,0,0,0,0,0,61,24
39270,0:2:1;1:2:2;1:3:2;1:4:3,5,0,1,1,1,0,1,1,1,1,1,5,9,7
39271,0:2:1;1:2:2;1:3:2;1:4:3,5,1,1,1,1,0,1,1,1,1,1,5,9,1
39272,0:2:1;1:2:2;1:3:2;1:4:3,5,2,1,1,1,0,1,1,1,1,1,5,9,1
39273,0:2:1;1:2:2;1:3:2;1:4:3,5,3,1,1,1,0,1,1,1,1,1,5,9,1
39274,0:2:1;1:2:2;1:3:2;1:4:3,5,4,1,1,1,0,1,1,1,1,1,5,9,1
39275,0:2:1;1:2:2;1:3:2;1:4:3,5,5,1,1,1,0,1,1,1,1,1,5,9,1
39276,0:2:1;1:2:2;1:3:3;1:3:3,0,0,0,0,0,1,0,0,0,0,0,0,1,24
39277,0:2:1;1:2:2;1:3:3;1:3:3,0,1,0,0,0,1,0,0,0,0,0,0,11,24
39278,0:2:1;1:2:2;1:3:3;1:3:3,0,2,0,0,0,1,0,0,0,0,0,0,11,24
39279,0:2:1;1:2:2;1:3:3;1:3:3,0,3,0,0,0,1,0,0,0,0,0,0,11,24
39280,0:2:1;1:2:2;1:3:3;1:3:3,0,4,0,0,0,1,0,0,0,0,0,0,11,24
39281,0:2:1;1:2:2;1:3:3;1:3:3,0,5,0,0,0,1,0,0,0,0,0,0,11,24
39282,0:2:1;1:2:2;1:3:3;1:3:3,1,0,0,0,0,1,0,0,0,0,0,0,4,24
39283,0:2:1;1:2:2;1:3:3;1:3:3,1,1,0,0,0,1,0,0,0,0,0,0,23,24
39284,0:2:1;1:2:2;1:3:3;1:3:3,1,2,0,0,0,1,0,0,0,0,0,0,23,24
39285,0:2:1;1:2:2;1:3:3;1:3:3,1,3,0,0,0,1,0,0,0,0,0,0,23,24
39286,0:2:1;1:2:2;1:3:3;1:3:3,1,4,0,0,0,1,0,0,0,0,0,0,23,24
39287,0:2:1;1:2:2;1:3:3;1:3:3,1,5,0,0,0,1,0,0,0,0,0,0,23,24
39288,0:2:1;1:2:2;1:3:3;1:3:3,2,0,0,0,0,1,0,0,0,0,0,0,16,24
39289,0:2:1;1:2:2;1:3:3;1:3:3,2,1,0,0,0,1,0,0,0,0,0,0,39,24
39290,0:2:1;1:2:2;1:3:3;1:3:3,2,2,0,0,0,1,0,0,0,0,0,0,39,24
39291,0:2:1;1:2:2;1:3:3;1:3:3,2,3,0,0,0,1,0,0,0,0,0,0,39,24
39292,0:2:1;1:2:2;1:3:3;1:3:3,2,4,0,0,0,1,0,0,0,0,0,0,39,24
39293,0:2:1;1:2:2;1:3:3;1:3:3,2,5,0,0,0,1,0,0,0,0,0,0,39,24
39294,0:2:1;1:2:2;1:3:3;1:3:3,3,0,0,0,0,1,0,0,0,0,0,0,39,24
39295,0:2:1;1:2:2;1:3:3;1:3:3,3,1,0,0,0,1,0,0,0,0,0,0,57,24
39296,0:2:1;1:2:2;1:3:3;1:3:3,3,2,0,0,0,1,0,0,0,0,0,0,57,24
39297,0:2:1;1:2:2;1:3:3;1:3:3,3,3,0,0,0,1,0,0,0,0,0,0,57,24
39298,0:2:1;1:2:2;1:3:3;1:3:3,3,4,0,0,0,1,0,0,0,0,0,0,57,24
39299,0:2:1;1:2:2;1:3:3;1:3:3,3,5,0,0,0,1,0,0,0,0,0,0,57,24
39300,0:2:1;1:2:2;1:3:3;1:3:3,4,0,0,0,0,1,0,0,0,0,0,0,55,24
39301,0:2:1;1:2:2;1:3:3;1:3:3,4,1,0,0,0,1,0,0,0,0,0,0,73,24
39302,0:2:1;1:2:2;1:3:3;1:3:3,4,2,0,0,0,1,0,0,0,0,0,0,73,24
39303,0:2:1;1:2:2;1:3:3;1:3:3,4,3,0,0,0,1,0,0,0,0,0,0,73,24
39304,0:2:1;1:2:2;1:3:3;1:3:3,4,4,0,0,0,1,0,0,0,0,0,0,73,24
39305,0:2:1;1:2:2;1:3:3;1:3:3,4,5,0,0,0,1,0,0,0,0,0,0,73,24
39306,0:2:1;1:2:2;1:3:3;1:3:3,5,0,0,0,0,1,0,0,0,0,0,0,67,24
39307,0:2:1;1:2:2;1:3:3;1:3:3,5,1,0,0,0,1,0,0,0,0,0,0,85,24
39308,0:2:1;1:2:2;1:3:3;1:3:3,5,2,0,0,0,1,0,0,0,0,0,0,85,24
39309,0:2:1;1:2:2;1:3:3;1:3:3,5,3,0,0,0,1,0,0,0,0,0,0,85,24
39310,0:2:1;1:2:2;1:3:3;1:3:3,5,4,0,0,0,1,0,0,0,0,0,0,85,24
39311,0:2:1;1:2:2;1:3:3;1:3:3,5,5,0,0,0,1,0,0,0,0,0,0,85,24
39312,0:2:1;1:2:2;1:3:3;1:4:3,0,0,0,0,0,1,0,0,0,0,0,0,1,24
39313,0:2:1;1:2:2;1:3:3;1:4:3,0,1,0,0,0,1,0,0,0,0,0,0,11,24
39314,0:2:1;1:2:2;1:3:3;1:4:3,0,2,0,0,0,1,0,0,0,0,0,0,11,24
39315,0:2:1;1:2:2;1:3:3;1:4:3,0,3,0,0,0,1,0,0,0,0,0,0,11,24
39316,0:2:1;1:2:2;1:3:3;1:4:3,0,4,0,0,0,1,0,0,0,0,0,0,11,24
39317,0:2:1;1:2:2;1:3:3;1:4:3,0,5,0,0,0,1,0,0,0,0,0,0,11,24
39318,0:2:1;1:2:2;1:3:3;1:4:3,1,0,0,0,0,1,0,0,0,0,0,0,4,24
39319,0:2:1;1:2:2;1:3:3;1:4:3,1,1,0,0,0,1,0,0,0,0,0,0,23,24
39320,0:2:1;1:2:2;1:3:3;1:4:3,1,2,0,0,0,1,0,0,0,0,0,0,23,24
39321,0:2:1;1:2:2;1:3:3;1:4:3,1,3,0,0,0,1,0,0,0,0,0,0,23,24
39322,0:2:1;1:2:2;1:3:3;1:4:3,1,4,0,0,0,1,0,0,0,0,0,0,23,24
39323,0:2:1;1:2:2;1:3:3;1:4:3,1,5,0,0,0,1,0,0,0,0,0,0,23,24
39324,0:2:1;1:2:2;1:3:3;1:4:3,2,0,0,0,0,1,0,0,0,0,0,0,16,24
39325,0:2:1;1:2:2;1:3:3;1:4:3,2,1,0,0,0,1,0,0,0,0,0,0,39,24
39326,0:2:1;1:2:2;1:3:3;1:4:3,2,2,0,0,0,1,0,0,0,0,0,0,39,24
39327,0:2:1;1:2:2;1:3:3;1:4:3,2,3,0,0,0,1,0,0,0,0,0,0,39,24
39328,0:2:1;1:2:2;1:3:3;1:4:3,2,4,0,0,0,1,0,0,0,0,0,0,39,24
39329,0:2:1;1:2:2;1:3:3;1:4:3,2,5,0,0,0,1,0,0,0,0,0,0,39,24
39330,0:2:1;1:2:2;1:3:3;1:4:3,3,0,0,0,0,1,0,0,0,0,0,0,39,24
39331,0:2:1;1:2:2;1:3:3;1:4:3,3,1,0,0,0,1,0,0,0,0,0,0,57,24
39332,0:2:1;1:2:2;1:3:3;1:4:3,3,2,0,0,0,1,0,0,0,0,0,0,57,24
39333,0:2:1;1:2:2;1:3:3;1:4:3,3,3,0,0,0,1,0,0,0,0,0,0,57,24
39334,0:2:1;1:2:2;1:3:3;1:4:3,3,4,0,0,0,1,0,0,0,0,0,0,57,24
39335,0:2:1;1:2:2;1:3:3;1:4:3,3,5,0,0,0,1,0,0,0,0,0,0,57,24
39336,0:2:1;1:2:2;1:3:3;1:4:3,4,0,0,0,0,1,0,0,0,0,0,0,55,24
39337,0:2:1;1:2:2;1:3:3;1:4:3,4,1,0,0,0,1,0,0,0,0,0,0,73,24
39338,0:2:1;1:2:2;1:3:3;1:4:3,4,2,0,0,0,1,0,0,0,0,0,0,73,24
39339,0:2:1;1:2:2;1:3:3;1:4:3,4,3,0,0,0,1,0,0,0,0,0,0,73,24
39340,0:2:1;1:2:2;1:3:3;1:4:3,4,4,0,0,0,1,0,0,0,0,0,0,73,24
39341,0:2:1;1:2:2;1:3:3;1:4:3,4,5,0,0,0,1,0,0,0,0,0,0,73,24
39342,0:2:1;1:2:2;1:3:3;1:4:3,5,0,0,0,0,1,0,0,0,0,0,0,67,24
39343,0:2:1;1:2:2;1:3:3;1:4:3,5,1,0,0,0,1,0,0,0,0,0,0,85,24
39344,0:2:1;1:2:2;1:3:3;1:4:3,5,2,0,0,0,1,0,0,0,0,0,0,85,24
39345,0:2:1;1:2:2;1:3:3;1:4:3,5,3,0,0,0,1,0,0,0,0,0,0,85,24
39346,0:2:1;1:2:2;1:3:3;1:4:3,5,4,0,0,0,1,0,0,0,0,0,0,85,24
39347,0:2:1;1:2:2;1:3:3;1:4:3,5,5,0,0,0,1,0,0,0,0,0,0,85,24
39348,0:2:1;1:2:2;1:4:3;1:4:3,0,0,0,0,0,1,0,0,0,0,0,0,1,24
39349,0:2:1;1:2:2;1:4:3;1:4:3,0,1,0,0,0,1,0,0,0,0,0,0,11,24
39350,0:2:1;1:2:2;1:4:3;1:4:3,0,2,0,0,0,1,0,0,0,0,0,0,11,24
39351,0:2:1;1:2:2;1:4:3;1:4:3,0,3,0,0,0,1,0,0,0,0,0,0,11,24
39352,0:2:1;1:2:2;1:4:3;1:4:3,0,4,0,0,0,1,0,0,0,0,0,0,11,24
39353,0:2:1;1:2:2;1:4:3;1:4:3,0,5,0,0,0,1,0,0,0,0,0,0,11,24
39354,0:2:1;1:2:2;1:4:3;1:4:3,1,0,0,0,0,1,0,0,0,0,0,0,4,24
39355,0:2:1;1:2:2;1:4:3;1:4:3,1,1,0,0,0,1,0,0,0,0,0,0,23,24
39356,0:2:1;1:2:2;1:4:3;1:4:3,1,2,0,0,0,1,0,0,0,0,0,0,23,24
39357,0:2:1;1:2:2;1:4:3;1:4:3,1,3,0,0,0,1,0,0,0,0,0,0,23,24
39358,0:2:1;1:2:2;1:4:3;1:4:3,1,4,0,0,0,1,0,0,0,0,0,0,23,24
39359,0:2:1;1:2:2;1:4:3;1:4:3,1,5,0,0,0,1,0,0,0,0,0,0,23,24
39360,0:2:1;1:2:2;1:4:3;1:4:3,2,0,0,0,0,1,0,0,0,0,0,0,16,24
39361,0:2:1;1:2:2;1:4:3;1:4:3,2,1,0,0,0,1,0,0,0,0,0,0,39,24
39362,0:2:1;1:2:2;1:4:3;1:4:3,2,2,0,0,0,1,0,0,0,0,0,0,39,24
39363,0:2:1;1:2:2;1:4:3;1:4:3,2,3,0,0,0,1,0,0,0,0,0,0,39,24
39364,0:2:1;1:2:2;1:4:3;1:4:3,2,4,0,0,0,1,0,0,0,0,0,0,39,24
39365,0:2:1;1:2:2;1:4:3;1:4:3,2,5,0,0,0,1,0,0,0,0,0,0,39,24
39366,0:2:1;1:2:2;1:4:3;1:4:3,3,0,0,0,0,1,0,0,0,0,0,0,39,24
39367,0:2:1;1:2:2;1:4:3;1:4:3,3,1,0,0,0,1,0,0,0,0,0,0,57,24
39368,0:2:1;1:2:2;1:4:3;1:4:3,3,2,0,0,0,1,0,0,0,0,0,0,57,24
39369,0:2:1;1:2:2;1:4:3;1:4:3,3,3,0,0,0,1,0,0,0,0,0,0,57,24
39370,0:2:1;1:2:2;1:4:3;1:4:3,3,4,0,0,0,1,0,0,0,0,0,0,57,24
39371,0:2:1;1:2:2;1:4:3;1:4:3,3,5,0,0,0,1,0,0,0,0,0,0,57,24
39372,0:2:1;1:2:2;1:4:3;1:4:3,4,0,0,0,0,1,0,0,0,0,0,0,55,24
39373,0:2:1;1:2:2;1:4:3;1:4:3,4,1,0,0,0,1,0,0,0,0,0,0,73,24
39374,0:2:1;1:2:2;1:4:3;1:4:3,4,2,0,0,0,1,0,0,0,0,0,0,73,24
39375,0:2:1;1:2:2;1:4:3;1:4:3,4,3,0,0,0,1,0,0,0,0,0,0,73,24
39376,0:2:1;1:2:2;1:4:3;1:4:3,4,4,0,0,0,1,0,0,0,0,0,0,73,24
39377,0:2:1;1:2:2;1:4:3;1:4:3,4,5,0,0,0,1,0,0,0,0,0,0,73,24
39378,0:2:1;1:2:2;1:4:3;1:4:3,5,0,0,0,0,1,0,0,0,0,0,0,67,24
39379,0:2:1;1:2:2;1:4:3;1:4:3,5,1,0,0,0,1,0,0,0,0,0,0,85,24
39380,0:2:1;1:2:2;1:4:3;1:4:3,5,2,0,0,0,1,0,0,0,0,0,0,85,24
39381,0:2:1;1:2:2;1:4:3;1:4:3,5,3,0,0,0,1,0,0,0,0,0,0,85,24
39382,0:2:1;1:2:2;1:4:3;1:4:3,5,4,0,0,0,1,0,0,0,0,0,0,85,24
39383,0:2:1;1:2:2;1:4:3;1:4:3,5,5,0,0,0,1,0,0,0,0,0,0,85,24
39384,0:2:1;1:3:2;1:3:2;1:3:2,0,0,0,0,0,1,0,0,0,0,0,0,1,24
39385,0:2:1;1:3:2;1:3:2;1:3:2,0,1,0,0,0,1,0,0,0,0,0,0,11,24
39386,0:2:1;1:3:2;1:3:2;1:3:2,0,2,0,0,0,1,0,0,0,0,0,0,11,24
39387,0:2:1;1:3:2;1:3:2;1:3:2,0,3,0,0,0,1,0,0,0,0,0,0,11,24
39388,0:2:1;1:3:2;1:3:2;1:3:2,0,4,0,0,0,1,0,0,0,0,0,0,11,24
39389,0:2:1;1:3:2;1:3:2;1:3:2,0,5,0,0,0,1,0,0,0,0,0,0,11,24
39390,0:2:1;1:3:2;1:3:2;1:3:2,1,0,0,0,0,1,0,0,0,0,0,0,4,24
39391,0:2:1;1:3:2;1:3:2;1:3:2,1,1,0,0,0,1,0,0,0,0,0,0,21,24
39392,0:2:1;1:3:2;1:3:2;1:3:2,1,2,0,0,0,1,0,0,0,0,0,0,21,24
39393,0:2:1;1:3:2;1:3:2;1:3:2,1,3,0,0,0,1,0,0,0,0,0,0,21,24
39394,0:2:1;1:3:2;1:3:2;1:3:2,1,4,0,0,0,1,0,0,0,0,0,0,21,24
39395,0:2:1;1:3:2;1:3:2;1:3:2,1,5,0,0,0,1,0,0,0,0,0,0,21,24
39396,0:2:1;1:3:2;1:3:2;1:3:2,2,0,0,0,0,1,0,0,0,0,0,0,25,24
39397,0:2:1;1:3:2;1:3:2;1:3:2,2,1,0,0,0,1,0,0,0,0,0,0,33,24
39398,0:2:1;1:3:2;1:3:2;1:3:2,2,2,0,0,0,1,0,0,0,0,0,0,33,24
39399,0:2:1;1:3:2;1:3:2;1:3:2,2,3,0,0,0,1,0,0,0,0,0,0,33,24
39400,0:2:1;1:3:2;1:3:2;1:3:2,2,4,0,0,0,1,0,0,0,0,0,0,33,24
39401,0:2:1;1:3:2;1:3:2;1:3:2,2,5,0,0,0,1,0,0,0,0,0,0,33,24
39402,0:2:1;1:3:2;1:3:2;1:3:2,3,0,0,0,0,1,0,0,0,0,0,0,35,24
39403,0:2:1;1:3:2;1:3:2;1:3:2,3,1,0,0,0,1,0,0,0,0,0,0,43,24
39404,0:2:1;1:3:2;1:3:2;1:3:2,3,2,0,0,0,1,0,0,0,0,0,0,43,24
39405,0:2:1;1:3:2;1:3:2;1:3:2,3,3,0,0,0,1,0,0,0,0,0,0,43,24
39406,0:2:1;1:3:2;1:3:2;1:3:2,3,4,0,0,0,1,0,0,0,0,0,0,43,24
39407,0:2:1;1:3:2;1:3:2;1:3:2,3,5,0,0,0,1,0,0,0,0,0,0,43,24
39408,0:2:1;1:3:2;1:3:2;1:3:2,4,0,1,1,1,0,1,1,1,1,1,5,8,7
39409,0:2:1;1:3:2;1:3:2;1:3:2,4,1,1,1,1,0,1,1,1,1,1,5,8,1
39410,0:2:1;1:3:2;1:3:2;1:3:2,4,2,1,1,1,0,1,1,1,1,1,5,8,1
39411,0:2:1;1:3:2;1:3:2;1:3:2,4,3,1,1,1,0,1,1,1,1,1,5,8,1
39412,0:2:1;1:3:2;1:3:2;1:3:2,4,4,1,1,1,0,1,1,1,1,1,5,8,1
39413,0:2:1;1:3:2;1:3:2;1:3:2,4,5,1,1,1,0,1,1,1,1,1,5,8,1
39414,0:2:1;1:3:2;1:3:2;1:3:2,5,0,1,1,1,0,1,1,1,1,1,5,8,7
39415,0:2:1;1:3:2;1:3:2;1:3:2,5,1,1,1,1,0,1,1,1,1,1,5,8,1
39416,0:2:1;1:3:2;1:3:2;1:3:2,5,2,1,1,1,0,1,1,1,1,1,5,8,1
39417,0:2:1;1:3:2;1:3:2;1:3:2,5,3,1,1,1,0,1,1,1,1,1,5,8,1
39418,0:2:1;1:3:2;1:3:2;1:3:2,5,4,1,1,1,0,1,1,1,1,1,5,8,1
39419,0:2:1;1:3:2;1:3:2;1:3:2,5,5,1,1,1,0,1,1,1,1,1,5,8,1
39420,0:2:1;1:3:2;1:3:2;1:3:3,0,0,0,0,0,1,0,0,0,0,0,0,1,24
39421,0:2:1;1:3:2;1:3:2;1:3:3,0,1,0,0,0,1,0,0,0,0,0,0,11,24
39422,0:2:1;1:3:2;1:3:2;1:3:3,0,2,0,0,0,1,0,0,0,0,0,0,11,24
39423,0:2:1;1:3:2;1:3:2;1:3:3,0,3,0,0,0,1,0,0,0,0,0,0,11,24
39424,0:2:1;1:3:2;1:3:2;1:3:3,0,4,0,0,0,1,0,0,0,0,0,0,11,24
39425,0:2:1;1:3:2;1:3:2;1:3:3,0,5,0,0,0,1,0,0,0,0,0,0,11,24
39426,0:2:1;1:3:2;1:3:2;1:3:3,1,0,0,0,0,1,0,0,0,0,0,0,4,24
39427,0:2:1;1:3:2;1:3:2;1:3:3,1,1,0,0,0,1,0,0,0,0,0,0,22,24
39428,0:2:1;1:3:2;1:3:2;1:3:3,1,2,0,0,0,1,0,0,0,0,0,0,22,24
39429,0:2:1;1:3:2;1:3:2;1:3:3,1,3,0,0,0,1,0,0,0,0,0,0,22,24
39430,0:2:1;1:3:2;1:3:2;1:3:3,1,4,0,0,0,1,0,0,0,0,0,0,22,24
39431,0:2:1;1:3:2;1:3:2;1:3:3,1,5,0,0,0,1,0,0,0,0,0,0,22,24
39432,0:2:1;1:3:2;1:3:2;1:3:3,2,0,0,0,0,1,0,0,0,0,0,0,21,24
39433,0:2:1;1:3:2;1:3:2;1:3:3,2,1,0,0,0,1,0,0,0,0,0,0,36,24
39434,0:2:1;1:3:2;1:3:2;1:3:3,2,2,0,0,0,1,0,0,0,0,0,0,36,24
39435,0:2:1;1:3:2;1:3:2;1:3:3,2,3,0,0,0,1,0,0,0,0,0,0,36,24
39436,0:2:1;1:3:2;1:3:2;1:3:3,2,4,0,0,0,1,0,0,0,0,0,0,36,24
39437,0:2:1;1:3:2;1:3:2;1:3:3,2,5,0,0,0,1,0,0,0,0,0,0,36,24
39438,0:2:1;1:3:2;1:3:2;1:3:3,3,0,0,0,0,1,0,0,0,0,0,0,38,24
39439,0:2:1;1:3:2;1:3:2;1:3:3,3,1,0,0,0,1,0,0,0,0,0,0,50,24
39440,0:2:1;1:3:2;1:3:2;1:3:3,3,2,0,0,0,1,0,0,0,0,0,0,50,24
39441,0:2:1;1:3:2;1:3:2;1:3:3,3,3,0,0,0,1,0,0,0,0,0,0,50,24
39442,0:2:1;1:3:2;1:3:2;1:3:3,3,4,0,0,0,1,0,0,0,0,0,0,50,24
39443,0:2:1;1:3:2;1:3:2;1:3:3,3,5,0,0,0,1,0,0,0,0,0,0,50,24
39444,0:2:1;1:3:2;1:3:2;1:3:3,4,0,0,0,0,1,0,0,0,0,0,0,49,24
39445,0:2:1;1:3:2;1:3:2;1:3:3,4,1,0,0,0,1,0,0,0,0,0,0,61,24
39446,0:2:1;1:3:2;1:3:2;1:3:3,4,2,0,0,0,1,0,0,0,0,0,0,61,24
39447,0:2:1;1:3:2;1:3:2;1:3:3,4,3,0,0,0,1,0,0,0,0,0,0,61,24
39448,0:2:1;1:3:2;1:3:2;1:3:3,4,4,0,0,0,1,0,0,0,0,0,0,61,24
39449,0:2:1;1:3:2;1:3:2;1:3:3,4,5,0,0,0,1,0,0,0,0,0,0,61,24
39450,0:2:1;1:3:2;1:3:2;1:3:3,5,0,1,1,1,0,1,1,1,1,1,5,9,7
39451,0:2:1;1:3:2;1:3:2;1:3:3,5,1,1,1,1,0,1,1,1,1,1,5,9,1
39452,0:2:1;1:3:2;1:3:2;1:3:3,5,2,1,1,1,0,1,1,1,1,1,5,9,1
39453,0:2:1;1:3:2;1:3:2;1:3:3,5,3,1,1,1,0,1,1,1,1,1,5,9,1
39454,0:2:1;1:3:2;1:3:2;1:3:3,5,4,1,1,1,0,1,1,1,1,1,5,9,1
39455,0:2:1;1:3:2;1:3:2;1:3:3,5,5,1,1,1,0,1,1,1,1,1,5,9,1
39456,0:2:1;1:3:2;1:3:2;1:4:3,0,0,0,0,0,1,0,0,0,0,0,0,1,24
39457,0:2:1;1:3:2;1:3:2;1:4:3,0,1,0,0,0,1,0,0,0,0,0,0,11,24
39458,0:2:1;1:3:2;1:3:2;1:4:3,0,2,0,0,0,1,0,0,0,0,0,0,11,24
39459,0:2:1;1:3:2;1:3:2;1:4:3,0,3,0,0,0,1,0,0,0,0,0,0,11,24
39460,0:2:1;1:3:2;1:3:2;1:4:3,0,4,0,0,0,1,0,0,0,0,0,0,11,24
39461,0:2:1;1:3:2;1:3:2;1:4:3,0,5,0,0,0,1,0,0,0,0,0,0,11,24
39462,0:2:1;1:3:2;1:3:2;1:4:3,1,0,0,0,0,1,0,0,0,0,0,0,4,24
39463,0:2:1;1:3:2;1:3:2;1:4:3,1,1,0,0,0,1,0,0,0,0,0,0,22,24
39464,0:2:1;1:3:2;1:3:2;1:4:3,1,2,0,0,0,1,0,0,0,0,0,0,22,24
39465,0:2:1;1:3:2;1:3:2;1:4:3,1,3,0,0,0,1,0,0,0,0,0,0,22,24
39466,0:2:1;1:3:2;1:3:2;1:4:3,1,4,0,0,0,1,0,0,0,0,0,0,22,24
39467,0:2:1;1:3:2;1:3:2;1:4:3,1,5,0,0,0,1,0,0,0,0,0,0,22,24
39468,0:2:1;1:3:2;1:3:2;1:4:3,2,0,0,0,0,1,0,0,0,0,0,0,21,24
39469,0:2:1;1:3:2;1:3:2;1:4:3,2,1,0,0,0,1,0,0,0,0,0,0,36,24
39470,0:2:1;1:3:2;1:3:2;1:4:3,2,2,0,0,0,1,0,0,0,0,0,0,36,24
39471,0:2:1;1:3:2;1:3:2;1:4:3,2,3,0,0,0,1,0,0,0,0,0,0,36,24
39472,0:2:1;1:3:2;1:3:2;1:4:3,2,4,0,0,0,1,0,0,0,0,0,0,36,24
39473,0:2:1;1:3:2;1:3:2;1:4:3,2,5,0,0,0,1,0,0,0,0,0,0,36,24
39474,0:2:1;1:3:2;1:3:2;1:4:3,3,0,0,0,0,1,0,0,0,0,0,0,38,24
39475,0:2:1;1:3:2;1:3:2;1:4:3,3,1,0,0,0,1,0,0,0,0,0,0,50,24
39476,0:2:1;1:3:2;1:3:2;1:4:3,3,2,0,0,0,1,0,0,0,0,0,0,50,24
39477,0:2:1;1:3:2;1:3:2;1:4:3,3,3,0,0,0,1,0,0,0,0,0,0,50,24
39478,0:2:1;1:3:2;1:3:2;1:4:3,3,4,0,0,0,1,0,0,0,0,0,0,50,24
39479,0:2:1;1:3:2;1:3:2;1:4:3,3,5,0,0,0,1,0,0,0,0,0,0,50,24
39480,0:2:1;1:3:2;1:3:2;1:4:3,4,0,0,0,0,1,0,0,0,0,0,0,49,24
39481,0:2:1;1:3:2;1:3:2;1:4:3,4,1,0,0,0,1,0,0,0,0,0,0,61,24
39482,0:2:1;1:3:2;1:3:2;1:4:3,4,2,0,0,0,1,0,0,0,0,0,0,61,24
39483,0:2:1;1:3:2;1:3:2;1:4:3,4,3,0,0,0,1,0,0,0,0,0,0,61,24
39484,0:2:1;1:3:2;1:3:2;1:4:3,4,4,0,0,0,1,0,0,0,0,0,0,61,24
39485,0:2:1;1:3:2;1:3:2;1:4:3,4,5,0,0,0,1,0,0,0,0,0,0,61,24
39486,0:2:1;1:3:2;1:3:2;1:4:3,5,0,1,1,1,0,1,1,1,1,1,5,9,7
39487,0:2:1;1:3:2;1:3:2;1:4:3,5,1,1,1,1,0,1,1,1,1,1,5,9,1
39488,0:2:1;1:3:2;1:3:2;1:4:3,5,2,1,1,1,0,1,1,1,1,1,5,9,1
39489,0:2:1;1:3:2;1:3:2;1:4:3,5,3,1,1,1,0,1,1,1,1,1,5,9,1
39490,0:2:1;1:3:2;1:3:2;1:4:3,5,4,1,1,1,0,1,1,1,1,1,5,9,1
39491,0:2:1;1:3:2;1:3:2;1:4:3,5,5,1,1,1,0,1,1,1,1,1,5,9,1
39492,0:2:1;1:3:2;1:3:3;1:3:3,0,0,0,0,0,1,0,0,0,0,0,0,1,24
39493,0:2:1;1:3:2;1:3:3;1:3:3,0,1,0,0,0,1,0,0,0,0,0,0,11,24
39494,0:2:1;1:3:2;1:3:3;1:3:3,0,2,0,0,0,1,0,0,0,0,0,0,11,24
39495,0:2:1;1:3:2;1:3:3;1:3:3,0,3,0,0,0,1,0,0,0,0,0,0,11,24
39496,0:2:1;1:3:2;1:3:3;1:3:3,0,4,0,0,0,1,0,0,0,0,0,0,11,24
39497,0:2:1;1:3:2;1:3:3;1:3:3,0,5,0,0,0,1,0,0,0,0,0,0,11,24
39498,0:2:1;1:3:2;1:3:3;1:3:3,1,0,0,0,0,1,0,0,0,0,0,0,4,24
39499,0:2:1;1:3:2;1:3:3;1:3:3,1,1,0,0,0,1,0,0,0,0,0,0,23,24
39500,0:2:1;1:3:2;1:3:3;1:3:3,1,2,0,0,0,1,0,0,0,0,0,0,23,24
39501,0:2:1;1:3:2;1:3:3;1:3:3,1,3,0,0,0,1,0,0,0,0,0,0,23,24
39502,0:2:1;1:3:2;1:3:3;1:3:3,1,4,0,0,0,1,0,0,0,0,0,0,23,24
39503,0:2:1;1:3:2;1:3:3;1:3:3,1,5,0,0,0,1,0,0,0,0,0,0,23,24
39504,0:2:1;1:3:2;1:3:3;1:3:3,2,0,0,0,0,1,0,0,0,0,0,0,16,24
39505,0:2:1;1:3:2;1:3:3;1:3:3,2,1,0,0,0,1,0,0,0,0,0,0,39,24
39506,0:2:1;1:3:2;1:3:3;1:3:3,2,2,0,0,0,1,0,0,0,0,0,0,39,24
39507,0:2:1;1:3:2;1:3:3;1:3:3,2,3,0,0,0,1,0,0,0,0,0,0,39,24
39508,0:2:1;1:3:2;1:3:3;1:3:3,2,4,0,0,0,1,0,0,0,0,0,0,39,24
39509,0:2:1;1:3:2;1:3:3;1:3:3,2,5,0,0,0,1,0,0,0,0,0,0,39,24
39510,0:2:1;1:3:2;1:3:3;1:3:3,3,0,0,0,0,1,0,0,0,0,0,0,39,24
39511,0:2:1;1:3:2;1:3:3;1:3:3,3,1,0,0,0,1,0,0,0,0,0,0,57,24
39512,0:2:1;1:3:2;1:3:3;1:3:3,3,2,0,0,0,1,0,0,0,0,0,0,57,24
39513,0:2:1;1:3:2;1:3:3;1:3:3,3,3,0,0,0,1,0,0,0,0,0,0,57,24
39514,0:2:1;1:3:2;1:3:3;1:3:3,3,4,0,0,0,1,0,0,0,0,0,0,57,24
39515,0:2:1;1:3:2;1:3:3;1:3:3,3,5,0,0,0,1,0,0,0,0,0,0,57,24
39516,0:2:1;1:3:2;1:3:3;1:3:3,4,0,0,0,0,1,0,0,0,0,0,0,55,24
39517,0:2:1;1:3:2;1:3:3;1:3:3,4,1,0,0,0,1,0,0,0,0,0,0,73,24
39518,0:2:1;1:3:2;1:3:3;1:3:3,4,2,0,0,0,1,0,0,0,0,0,0,73,24
39519,0:2:1;1:3:2;1:3:3;1:3:3,4,3,0,0,0,1,0,0,0,0,0,0,73,24
39520,0:2:1;1:3:2;1:3:3;1:3:3,4,4,0,0,0,1,0,0,0,0,0,0,73,24
39521,0:2:1;1:3:2;1:3:3;1:3:3,4,5,0,0,0,1,0,0,0,0,0,0,73,24
39522,0:2:1;1:3:2;1:3:3;1:3:3,5,0,0,0,0,1,0,0,0,0,0,0,67,24
39523,0:2:1;1:3:2;1:3:3;1:3:3,5,1,0,0,0,1,0,0,0,0,0,0,85,24
39524,0:2:1;1:3:2;1:3:3;1:3:3,5,2,0,0,0,1,0,0,0,0,0,0,85,24
39525,0:2:1;1:3:2;1:3:3;1:3:3,5,3,0,0,0,1,0,0,0,0,0,0,85,24
39526,0:2:1;1:3:2;1:3:3;1:3:3,5,4,0,0,0,1,0,0,0,0,0,0,85,24
39527,0:2:1;1:3:2;1:3:3;1:3:3,5,5,0,0,0,1,0,0,0,0,0,0,85,24
39528,0:2:1;1:3:2;1:3:3;1:4:3,0,0,0,0,0,1,0,0,0,0,0,0,1,24
39529,0:2:1;1:3:2;1:3:3;1:4:3,0,1,0,0,0,1,0,0,0,0,0,0,11,24
39530,0:2:1;1:3:2;1:3:3;1:4:3,0,2,0,0,0,1,0,0,0,0,0,0,11,24
39531,0:2:1;1:3:2;1:3:3;1:4:3,0,3,0,0,0,1,0,0,0,0,0,0,11,24
39532,0:2:1;1:3:2;1:3:3;1:4:3,0,4,0,0,0,1,0,0,0,0,0,0,11,24
39533,0:2:1;1:3:2;1:3:3;1:4:3,0,5,0,0,0,1,0,0,0,0,0,0,11,24
39534,0:2:1;1:3:2;1:3:3;1:4:3,1,0,0,0,0,1,0,0,0,0,0,0,4,24
39535,0:2:1;1:3:2;1:3:3;1:4:3,1,1,0,0,0,1,0,0,0,0,0,0,23,24
39536,0:2:1;1:3:2;1:3:3;1:4:3,1,2,0,0,0,1,0,0,0,0,0,0,23,24
39537,0:2:1;1:3:2;1:3:3;1:4:3,1,3,0,0,0,1,0,0,0,0,0,0,23,24
39538,0:2:1;1:3:2;1:3:3;1:4:3,1,4,0,0,0,1,0,0,0,0,0,0,23,24
39539,0:2:1;1:3:2;1:3:3;1:4:3,1,5,0,0,0,1,0,0,0,0,0,0,23,24
39540,0:2:1;1:3:2;1:3:3;1:4:3,2,0,0,0,0,1,0,0,0,0,0,0,16,24
39541,0:2:1;1:3:2;1:3:3;1:4:3,2,1,0,0,0,1,0,0,0,0,0,0,39,24
39542,0:2:1;1:3:2;1:3:3;1:4:3,2,2,0,0,0,1,0,0,0,0,0,0,39,24
39543,0:2:1;1:3:2;1:3:3;1:4:3,2,3,0,0,0,1,0,0,0,0,0,0,39,24
39544,0:2:1;1:3:2;1:3:3;1:4:3,2,4,0,0,0,1,0,0,0,0,0,0,39,24
39545,0:2:1;1:3:2;1:3:3;1:4:3,2,5,0,0,0,1,0,0,0,0,0,0,39,24
39546,0:2:1;1:3:2;1:3:3;1:4:3,3,0,0,0,0,1,0,0,0,0,0,0,39,24
39547,0:2:1;1:3:2;1:3:3;1:4:3,3,1,0,0,0,1,0,0,0,0,0,0,57,24
39548,0:2:1;1:3:2;1:3:3;1:4:3,3,2,0,0,0,1,0,0,0,0,0,0,57,24
39549,0:2:1;1:3:2;1:3:3;1:4:3,3,3,0,0,0,1,0,0,0,0,0,0,57,24
39550,0:2:1;1:3:2;1:3:3;1:4:3,3,4,0,0,0,1,0,0,0,0,0,0,57,24
39551,0:2:1;1:3:2;1:3:3;1:4:3,3,5,0,0,0,1,0,0,0,0,0,0,57,24
39552,0:2:1;1:3:2;1:3:3;1:4:3,4,0,0,0,0,1,0,0,0,0,0,0,55,24
39553,0:2:1;1:3:2;1:3:3;1:4:3,4,1,0,0,0,1,0,0,0,0,0,0,73,24
39554,0:2:1;1:3:2;1:3:3;1:4:3,4,2,0,0,0,1,0,0,0,0,0,0,73,24
39555,0:2:1;1:3:2;1:3:3;1:4:3,4,3,0,0,0,1,0,0,0,0,0,0,73,24
39556,0:2:1;1:3:2;1:3:3;1:4:3,4,4,0,0,0,1,0,0,0,0,0,0,73,24
39557,0:2:1;1:3:2;1:3:3;1:4:3,4,5,0,0,0,1,0,0,0,0,0,0,73,24
39558,0:2:1;1:3:2;1:3:3;1:4:3,5,0,0,0,0,1,0,0,0,0,0,0,67,24
39559,0:2:1;1:3:2;1:3:3;1:4:3,5,1,0,0,0,1,0,0,0,0,0,0,85,24
39560,0:2:1;1:3:2;1:3:3;1:4:3,5,2,0,0,0,1,0,0,0,0,0,0,85,24
39561,0:2:1;1:3:2;1:3:3;1:4:3,5,3,0,0,0,1,0,0,0,0,0,0,85,24
39562,0:2:1;1:3:2;1:3:3;1:4:3,5,4,0,0,0,1,0,0,0,0,0,0,85,24
39563,0:2:1;1:3:2;1:3:3;1:4:3,5,5,0,0,0,1,0,0,0,0,0,0,85,24
39564,0:2:1;1:3:2;1:4:3;1:4:3,0,0,0,0,0,1,0,0,0,0,0,0,1,24
39565,0:2:1;1:3:2;1:4:3;1:4:3,0,1,0,0,0,1,0,0,0,0,0,0,11,24
39566,0:2:1;1:3:2;1:4:3;1:4:3,0,2,0,0,0,1,0,0,0,0,0,0,11,24
39567,0:2:1;1:3:2;1:4:3;1:4:3,0,3,0,0,0,1,0,0,0,0,0,0,11,24
39568,0:2:1;1:3:2;1:4:3;1:4:3,0,4,0,0,0,1,0,0,0,0,0,0,11,24
39569,0:2:1;1:3:2;1:4:3;1:4:3,0,5,0,0,0,1,0,0,0,0,0,0,11,24
39570,0:2:1;1:3:2;1:4:3;1:4:3,1,0,0,0,0,1,0,0,0,0,0,0,4,24
39571,0:2:1;1:3:2;1:4:3;1:4:3,1,1,0,0,0,1,0,0,0,0,0,0,23,24
39572,0:2:1;1:3:2;1:4:3;1:4:3,1,2,0,0,0,1,0,0,0,0,0,0,23,24
39573,0:2:1;1:3:2;1:4:3;1:4:3,1,3,0,0,0,1,0,0,0,0,0,0,23,24
39574,0:2:1;1:3:2;1:4:3;1:4:3,1,4,0,0,0,1,0,0,0,0,0,0,23,24
39575,0:2:1;1:3:2;1:4:3;1:4:3,1,5,0,0,0,1,0,0,0,0,0,0,23,24
39576,0:2:1;1:3:2;1:4:3;1:4:3,2,0,0,0,0,1,0,0,0,0,0,0,16,24
39577,0:2:1;1:3:2;1:4:3;1:4:3,2,1,0,0,0,1,0,0,0,0,0,0,39,24
39578,0:2:1;1:3:2;1:4:3;1:4:3,2,2,0,0,0,1,0,0,0,0,0,0,39,24
39579,0:2:1;1:3:2;1:4:3;1:4:3,2,3,0,0,0,1,0,0,0,0,0,0,39,24
39580,0:2:1;1:3:2;1:4:3;1:4:3,2,4,0,0,0,1,0,0,0,0,0,0,39,24
39581,0:2:1;1:3:2;1:4:3;1:4:3,2,5,0,0,0,1,0,0,0,0,0,0,39,24
39582,0:2:1;1:3:2;1:4:3;1:4:3,3,0,0,0,0,1,0,0,0,0,0,0,39,24
39583,0:2:1;1:3:2;1:4:3;1:4:3,3,1,0,0,0,1,0,0,0,0,0,0,57,24
39584,0:2:1;1:3:2;1:4:3;1:4:3,3,2,0,0,0,1,0,0,0,0,0,0,57,24
39585,0:2:1;1:3:2;1:4:3;1:4:3,3,3,0,0,0,1,0,0,0,0,0,0,57,24
39586,0:2:1;1:3:2;1:4:3;1:4:3,3,4,0,0,0,1,0,0,0,0,0,0,57,24
39587,0:2:1;1:3:2;1:4:3;1:4:3,3,5,0,0,0,1,0,0,0,0,0,0,57,24
39588,0:2:1;1:3:2;1:4:3;1:4:3,4,0,0,0,0,1,0,0,0,0,0,0,55,24
39589,0:2:1;1:3:2;1:4:3;1:4:3,4,1,0,0,0,1,0,0,0,0,0,0,73,24
39590,0:2:1;1:3:2;1:4:3;1:4:3,4,2,0,0,0,1,0,0,0,0,0,0,73,24
39591,0:2:1;1:3:2;1:4:3;1:4:3,4,3,0,0,0,1,0,0,0,0,0,0,73,24
39592,0:2:1;1:3:2;1:4:3;1:4:3,4,4,0,0,0,1,0,0,0,0,0,0,73,24
39593,0:2:1;1:3:2;1:4:3;1:4:3,4,5,0,0,0,1,0,0,0,0,0,0,73,24
39594,0:2:1;1:3:2;1:4:3;1:4:3,5,0,0,0,0,1,0,0,0,0,0,0,67,24
39595,0:2:1;1:3:2;1:4:3;1:4:3,5,1,0,0,0,1,0,0,0,0,0,0,85,24
39596,0:2:1;1:3:2;1:4:3;1:4:3,5,2,0,0,0,1,0,0,0,0,0,0,85,24
39597,0:2:1;1:3:2;1:4:3;1:4:3,5,3,0,0,0,1,0,0,0,0,0,0,85,24
39598,0:2:1;1:3:2;1:4:3;1:4:3,5,4,0,0,0,1,0,0,0,0,0,0,85,24
39599,0:2:1;1:3:2;1:4:3;1:4:3,5,5,0,0,0,1,0,0,0,0,0,0,85,24
39600,0:2:1;1:3:3;1:3:3;1:3:3,0,0,0,0,0,1,0,0,0,0,0,0,1,24
39601,0:2:1;1:3:3;1:3:3;1:3:3,0,1,0,0,0,1,0,0,0,0,0,0,11,24
39602,0:2:1;1:3:3;1:3:3;1:3:3,0,2,0,0,0,1,0,0,0,0,0,0,11,24
39603,0:2:1;1:3:3;1:3:3;1:3:3,0,3,0,0,0,1,0,0,0,0,0,0,11,24
39604,0:2:1;1:3:3;1:3:3;1:3:3,0,4,0,0,0,1,0,0,0,0,0,0,11,24
39605,0:2:1;1:3:3;1:3:3;1:3:3,0,5,0,0,0,1,0,0,0,0,0,0,11,24
39606,0:2:1;1:3:3;1:3:3;1:3:3,1,0,0,0,0,1,0,0,0,0,0,0,4,24
39607,0:2:1;1:3:3;1:3:3;1:3:3,1,1,0,0,0,1,0,0,0,0,0,0,24,24
39608,0:2:1;1:3:3;1:3:3;1:3:3,1,2,0,0,0,1,0,0,0,0,0,0,24,24
39609,0:2:1;1:3:3;1:3:3;1:3:3,1,3,0,0,0,1,0,0,0,0,0,0,24,24
39610,0:2:1;1:3:3;1:3:3;1:3:3,1,4,0,0,0,1,0,0,0,0,0,0,24,24
39611,0:2:1;1:3:3;1:3:3;1:3:3,1,5,0,0,0,1,0,0,0,0,0,0,24,24
39612,0:2:1;1:3:3;1:3:3;1:3:3,2,0,0,0,0,1,0,0,0,0,0,0,10,24
39613,0:2:1;1:3:3;1:3:3;1:3:3,2,1,0,0,0,1,0,0,0,0,0,0,42,24
39614,0:2:1;1:3:3;1:3:3;1:3:3,2,2,0,0,0,1,0,0,0,0,0,0,42,24
39615,0:2:1;1:3:3;1:3:3;1:3:3,2,3,0,0,0,1,0,0,0,0,0,0,42,24
39616,0:2:1;1:3:3;1:3:3;1:3:3,2,4,0,0,0,1,0,0,0,0,0,0,42,24
39617,0:2:1;1:3:3;1:3:3;1:3:3,2,5,0,0,0,1,0,0,0,0,0,0,42,24
39618,0:2:1;1:3:3;1:3:3;1:3:3,3,0,0,0,0,1,0,0,0,0,0,0,38,24
39619,0:2:1;1:3:3;1:3:3;1:3:3,3,1,0,0,0,1,0,0,0,0,0,0,64,24
39620,0:2:1;1:3:3;1:3:3;1:3:3,3,2,0,0,0,1,0,0,0,0,0,0,64,24
39621,0:2:1;1:3:3;1:3:3;1:3:3,3,3,0,0,0,1,0,0,0,0,0,0,64,24
39622,0:2:1;1:3:3;1:3:3;1:3:3,3,4,0,0,0,1,0,0,0,0,0,0,64,24
39623,0:2:1;1:3:3;1:3:3;1:3:3,3,5,0,0,0,1,0,0,0,0,0,0,64,24
39624,0:2:1;1:3:3;1:3:3;1:3:3,4,0,0,0,0,1,0,0,0,0,0,0,59,24
39625,0:2:1;1:3:3;1:3:3;1:3:3,4,1,0,0,0,1,0,0,0,0,0,0,86,24
39626,0:2:1;1:3:3;1:3:3;1:3:3,4,2,0,0,0,1,0,0,0,0,0,0,86,24
39627,0:2:1;1:3:3;1:3:3;1:3:3,4,3,0,0,0,1,0,0,0,0,0,0,86,24
39628,0:2:1;1:3:3;1:3:3;1:3:3,4,4,0,0,0,1,0,0,0,0,0,0,86,24
39629,0:2:1;1:3:3;1:3:3;1:3:3,4,5,0,0,0,1,0,0,0,0,0,0,86,24
39630,0:2:1;1:3:3;1:3:3;1:3:3,5,0,0,0,0,1,0,0,0,0,0,0,77,24
39631,0:2:1;1:3:3;1:3:3;1:3:3,5,1,0,0,0,1,0,0,0,0,0,0,104,24
39632,0:2:1;1:3:3;1:3:3;1:3:3,5,2,0,0,0,1,0,0,0,0,0,0,104,24
39633,0:2:1;1:3:3;1:3:3;1:3:3,5,3,0,0,0,1,0,0,0,0,0,0,104,24
39634,0:2:1;1:3:3;1:3:3;1:3:3,5,4,0,0,0,1,0,0,0,0,0,0,104,24
39635,0:2:1;1:3:3;1:3:3;1:3:3,5,5,0,0,0,1,0,0,0,0,0,0,104,24
39636,0:2:1;1:3:3;1:3:3;1:4:3,0,0,0,0,0,1,0,0,0,0,0,0,1,24
39637,0:2:1;1:3:3;1:3:3;1:4:3,0,1,0,0,0,1,0,0,0,0,0,0,11,24
39638,0:2:1;1:3:3;1:3:3;1:4:3,0,2,0,0,0,1,0,0,0,0,0,0,11,24
39639,0:2:1;1:3:3;1:3:3;1:4:3,0,3,0,0,0,1,0,0,0,0,0,0,11,24
39640,0:2:1;1:3:3;1:3:3;1:4:3,0,4,0,0,0,1,0,0,0,0,0,0,11,24
39641,0:2:1;1:3:3;1:3:3;1:4:3,0,5,0,0,0,1,0,0,0,0,0,0,11,24
39642,0:2:1;1:3:3;1:3:3;1:4:3,1,0,0,0,0,1,0,0,0,0,0,0,4,24
39643,0:2:1;1:3:3;1:3:3;1:4:3,1,1,0,0,0,1,0,0,0,0,0,0,24,24
39644,0:2:1;1:3:3;1:3:3;1:4:3,1,2,0,0,0,1,0,0,0,0,0,0,24,24
39645,0:2:1;1:3:3;1:3:3;1:4:3,1,3,0,0,0,1,0,0,0,0,0,0,24,24
39646,0:2:1;1:3:3;1:3:3;1:4:3,1,4,0,0,0,1,0,0,0,0,0,0,24,24
39647,0:2:1;1:3:3;1:3:3;1:4:3,1,5,0,0,0,1,0,0,0,0,0,0,24,24
39648,0:2:1;1:3:3;1:3:3;1:4:3,2,0,0,0,0,1,0,0,0,0,0,0,10,24
39649,0:2:1;1:3:3;1:3:3;1:4:3,2,1,0,0,0,1,0,0,0,0,0,0,42,24
39650,0:2:1;1:3:3;1:3:3;1:4:3,2,2,0,0,0,1,0,0,0,0,0,0,42,24
39651,0:2:1;1:3:3;1:3:3;1:4:3,2,3,0,0,0,1,0,0,0,0,0,0,42,24
39652,0:2:1;1:3:3;1:3:3;1:4:3,2,4,0,0,0,1,0,0,0,0,0,0,42,24
39653,0:2:1;1:3:3;1:3:3;1:4:3,2,5,0,0,0,1,0,0,0,0,0,0,42,24
39654,0:2:1;1:3:3;1:3:3;1:4:3,3,0,0,0,0,1,0,0,0,0,0,0,38,24
39655,0:2:1;1:3:3;1:3:3;1:4:3,3,1,0,0,0,1,0,0,0,0,0,0,64,24
39656,0:2:1;1:3:3;1:3:3;1:4:3,3,2,0,0,0,1,0,0,0,0,0,0,64,24
39657,0:2:1;1:3:3;1:3:3;1:4:3,3,3,0,0,0,1,0,0,0,0,0,0,64,24
39658,0:2:1;1:3:3;1:3:3;1:4:3,3,4,0,0,0,1,0,0,0,0,0,0,64,24
39659,0:2:1;1:3:3;1:3:3;1:4:3,3,5,0,0,0,1,0,0,0,0,0,0,64,24
39660,0:2:1;1:3:3;1:3:3;1:4:3,4,0,0,0,0,1,0,0,0,0,0,0,59,24
39661,0:2:1;1:3:3;1:3:3;1:4:3,4,1,0,0,0,1,0,0,0,0,0,0,86,24
39662,0:2:1;1:3:3;1:3:3;1:4:3,4,2,0,0,0,1,0,0,0,0,0,0,86,24
39663,0:2:1;1:3:3;1:3:3;1:4:3,4,3,0,0,0,1,0,0,0,0,0,0,86,24
39664,0:2:1;1:3:3;1:3:3;1:4:3,4,4,0,0,0,1,0,0,0,0,0,0,86,24
39665,0:2:1;1:3:3;1:3:3;1:4:3,4,5,0,0,0,1,0,0,0,0,0,0,86,24
39666,0:2:1;1:3:3;1:3:3;1:4:3,5,0,0,0,0,1,0,0,0,0,0,0,77,24
39667,0:2:1;1:3:3;1:3:3;1:4:3,5,1,0,0,0,1,0,0,0,0,0,0,104,24
39668,0:2:1;1:3:3;1:3:3;1:4:3,5,2,0,0,0,1,0,0,0,0,0,0,104,24
39669,0:2:1;1:3:3;1:3:3;1:4:3,5,3,0,0,0,1,0,0,0,0,0,0,104,24
39670,0:2:1;1:3:3;1:3:3;1:4:3,5,4,0,0,0,1,0,0,0,0,0,0,104,24
39671,0:2:1;1:3:3;1:3:3;1:4:3,5,5,0,0,0,1,0,0,0,0,0,0,104,24
39672,0:2:1;1:3:3;1:4:3;1:4:3,0,0,0,0,0,1,0,0,0,0,0,0,1,24
39673,0:2:1;1:3:3;1:4:3;1:4:3,0,1,0,0,0,1,0,0,0,0,0,0,11,24
39674,0:2:1;1:3:3;1:4:3;1:4:3,0,2,0,0,0,1,0,0,0,0,0,0,11,24
39675,0:2:1;1:3:3;1:4:3;1:4:3,0,3,0,0,0,1,0,0,0,0,0,0,11,24
39676,0:2:1;1:3:3;1:4:3;1:4:3,0,4,0,0,0,1,0,0,0,0,0,0,11,24
39677,0:2:1;1:3:3;1:4:3;1:4:3,0,5,0,0,0,1,0,0,0,0,0,0,11,24
39678,0:2:1;1:3:3;1:4:3;1:4:3,1,0,0,0,0,1,0,0,0,0,0,0,4,24
39679,0:2:1;1:3:3;1:4:3;1:4:3,1,1,0,0,0,1,0,0,0,0,0,0,24,24
39680,0:2:1;1:3:3;1:4:3;1:4:3,1,2,0,0,0,1,0,0,0,0,0,0,24,24
39681,0:2:1;1:3:3;1:4:3;1:4:3,1,3,0,0,0,1,0,0,0,0,0,0,24,24
39682,0:2:1;1:3:3;1:4:3;1:4:3,1,4,0,0,0,1,0,0,0,0,0,0,24,24
39683,0:2:1;1:3:3;1:4:3;1:4:3,1,5,0,0,0,1,0,0,0,0,0,0,24,24
39684,0:2:1;1:3:3;1:4:3;1:4:3,2,0,0,0,0,1,0,0,0,0,0,0,10,24
39685,0:2:1;1:3:3;1:4:3;1:4:3,2,1,0,0,0,1,0,0,0,0,0,0,42,24
39686,0:2:1;1:3:3;1:4:3;1:4:3,2,2,0,0,0,1,0,0,0,0,0,0,42,24
39687,0:2:1;1:3:3;1:4:3;1:4:3,2,3,0,0,0,1,0,0,0,0,0,0,42,24
39688,0:2:1;1:3:3;1:4:3;1:4:3,2,4,0,0,0,1,0,0,0,0,0,0,42,24
39689,0:2:1;1:3:3;1:4:3;1:4:3,2,5,0,0,0,1,0,0,0,0,0,0,42,24
39690,0:2:1;1:3:3;1:4:3;1:4:3,3,0,0,0,0,1,0,0,0,0,0,0,38,24
39691,0:2:1;1:3:3;1:4:3;1:4:3,3,1,0,0,0,1,0,0,0,0,0,0,64,24
39692,0:2:1;1:3:3;1:4:3;1:4:3,3,2,0,0,0,1,0,0,0,0,0,0,64,24
39693,0:2:1;1:3:3;1:4:3;1:4:3,3,3,0,0,0,1,0,0,0,0,0,0,64,24
39694,0:2:1;1:3:3;1:4:3;1:4:3,3,4,0,0,0,1,0,0,0,0,0,0,64,24
39695,0:2:1;1:3:3;1:4:3;1:4:3,3,5,0,0,0,1,0,0,0,0,0,0,64,24
39696,0:2:1;1:3:3;1:4:3;1:4:3,4,0,0,0,0,1,0,0,0,0,0,0,59,24
39697,0:2:1;1:3:3;1:4:3;1:4:3,4,1,0,0,0,1,0,0,0,0,0,0,86,24
39698,0:2:1;1:3:3;1:4:3;1:4:3,4,2,0,0,0,1,0,0,0,0,0,0,86,24
39699,0:2:1;1:3:3;1:4:3;1:4:3,4,3,0,0,0,1,0,0,0,0,0,0,86,24
39700,0:2:1;1:3:3;1:4:3;1:4:3,4,4,0,0,0,1,0,0,0,0,0,0,86,24
39701,0:2:1;1:3:3;1:4:3;1:4:3,4,5,0,0,0,1,0,0,0,0,0,0,86,24
39702,0:2:1;1:3:3;1:4:3;1:4:3,5,0,0,0,0,1,0,0,0,0,0,0,77,24
39703,0:2:1;1:3:3;1:4:3;1:4:3,5,1,0,0,0,1,0,0,0,0,0,0,104,24
39704,0:2:1;1:3:3;1:4:3;1:4:3,5,2,0,0,0,1,0,0,0,0,0,0,104,24
39705,0:2:1;1:3:3;1:4:3;1:4:3,5,3,0,0,0,1,0,0,0,0,0,0,104,24
39706,0:2:1;1:3:3;1:4:3;1:4:3,5,4,0,0,0,1,0,0,0,0,0,0,104,24
39707,0:2:1;1:3:3;1:4:3;1:4:3,5,5,0,0,0,1,0,0,0,0,0,0,104,24
39708,0:2:1;1:4:3;1:4:3;1:4:3,0,0,0,0,0,1,0,0,0,0,0,0,1,24
39709,0:2:1;1:4:3;1:4:3;1:4:3,0,1,0,0,0,1,0,0,0,0,0,0,11,24
39710,0:2:1;1:4:3;1:4:3;1:4:3,0,2,0,0,0,1,0,0,0,0,0,0,11,24
39711,0:2:1;1:4:3;1:4:3;1:4:3,0,3,0,0,0,1,0,0,0,0,0,0,11,24
39712,0:2:1;1:4:3;1:4:3;1:4:3,0,4,0,0,0,1,0,0,0,0,0,0,11,24
39713,0:2:1;1:4:3;1:4:3;1:4:3,0,5,0,0,0,1,0,0,0,0,0,0,11,24
39714,0:2:1;1:4:3;1:4:3;1:4:3,1,0,0,0,0,1,0,0,0,0,0,0,4,24
39715,0:2:1;1:4:3;1:4:3;1:4:3,1,1,0,0,0,1,0,0,0,0,0,0,24,24
39716,0:2:1;1:4:3;1:4:3;1:4:3,1,2,0,0,0,1,0,0,0,0,0,0,24,24
39717,0:2:1;1:4:3;1:4:3;1:4:3,1,3,0,0,0,1,0,0,0,0,0,0,24,24
39718,0:2:1;1:4:3;1:4:3;1:4:3,1,4,0,0,0,1,0,0,0,0,0,0,24,24
39719,0:2:1;1:4:3;1:4:3;1:4:3,1,5,0,0,0,1,0,0,0,0,0,0,24,24
39720,0:2:1;1:4:3;1:4:3;1:4:3,2,0,0,0,0,1,0,0,0,0,0,0,10,24
39721,0:2:1;1:4:3;1:4:3;1:4:3,2,1,0,0,0,1,0,0,0,0,0,0,42,24
39722,0:2:1;1:4:3;1:4:3;1:4:3,2,2,0,0,0,1,0,0,0,0,0,0,42,24
39723,0:2:1;1:4:3;1:4:3;1:4:3,2,3,0,0,0,1,0,0,0,0,0,0,42,24
39724,0:2:1;1:4:3;1:4:3;1:4:3,2,4,0,0,0,1,0,0,0,0,0,0,42,24
39725,0:2:1;1:4:3;1:4:3;1:4:3,2,5,0,0,0,1,0,0,0,0,0,0,42,24
39726,0:2:1;1:4:3;1:4:3;1:4:3,3,0,0,0,0,1,0,0,0,0,0,0,38,24
39727,0:2:1;1:4:3;1:4:3;1:4:3,3,1,0,0,0,1,0,0,0,0,0,0,64,24
39728,0:2:1;1:4:3;1:4:3;1:4:3,3,2,0,0,0,1,0,0,0,0,0,0,64,24
39729,0:2:1;1:4:3;1:4:3;1:4:3,3,3,0,0,0,1,0,0,0,0,0,0,64,24
39730,0:2:1;1:4:3;1:4:3;1:4:3,3,4,0,0,0,1,0,0,0,0,0,0,64,24
39731,0:2:1;1:4:3;1:4:3;1:4:3,3,5,0,0,0,1,0,0,0,0,0,0,64,24
39732,0:2:1;1:4:3;1:4:3;1:4:3,4,0,0,0,0,1,0,0,0,0,0,0,59,24
39733,0:2:1;1:4:3;1:4:3;1:4:3,4,1,0,0,0,1,0,0,0,0,0,0,86,24
39734,0:2:1;1:4:3;1:4:3;1:4:3,4,2,0,0,0,1,0,0,0,0,0,0,86,24
39735,0:2:1;1:4:3;1:4:3;1:4:3,4,3,0,0,0,1,0,0,0,0,0,0,86,24
39736,0:2:1;1:4:3;1:4:3;1:4:3,4,4,0,0,0,1,0,0,0,0,0,0,86,24
39737,0:2:1;1:4:3;1:4:3;1:4:3,4,5,0,0,0,1,0,0,0,0,0,0,86,24
39738,0:2:1;1:4:3;1:4:3;1:4:3,5,0,0,0,0,1,0,0,0,0,0,0,77,24
39739,0:2:1;1:4:3;1:4:3;1:4:3,5,1,0,0,0,1,0,0,0,0,0,0,104,24
39740,0:2:1;1:4:3;1:4:3;1:4:3,5,2,0,0,0,1,0,0,0,0,0,0,104,24
39741,0:2:1;1:4:3;1:4:3;1:4:3,5,3,0,0,0,1,0,0,0,0,0,0,104,24
39742,0:2:1;1:4:3;1:4:3;1:4:3,5,4,0,0,0,1,0,0,0,0,0,0,104,24
39743,0:2:1;1:4:3;1:4:3;1:4:3,5,5,0,0,0,1,0,0,0,0,0,0,104,24
39744,0:2:2;0:2:2;0:2:2;0:2:2,0,0,0,0,0,1,0,0,0,0,0,0,1,24
39745,0:2:2;0:2:2;0:2:2;0:2:2,0,1,0,0,0,1,0,0,0,0,0,0,5,24
39746,0:2:2;0:2:2;0:2:2;0:2:2,0,2,0,0,0,1,0,0,0,0,0,0,15,24
39747,0:2:2;0:2:2;0:2:2;0:2:2,0,3,0,0,0,1,0,0,0,0,0,0,31,24
39748,0:2:2;0:2:2;0:2:2;0:2:2,0,4,0,0,0,1,0,0,0,0,0,0,50,24
39749,0:2:2;0:2:2;0:2:2;0:2:2,0,5,0,0,0,1,0,0,0,0,0,0,66,24
39750,0:2:2;0:2:2;0:2:2;0:2:2,1,0,0,0,0,1,0,0,0,0,0,0,1,24
39751,0:2:2;0:2:2;0:2:2;0:2:2,1,1,0,0,0,1,0,0,0,0,0,0,5,24
39752,0:2:2;0:2:2;0:2:2;0:2:2,1,2,0,0,0,1,0,0,0,0,0,0,15,24
39753,0:2:2;0:2:2;0:2:2;0:2:2,1,3,0,0,0,1,0,0,0,0,0,0,31,24
39754,0:2:2;0:2:2;0:2:2;0:2:2,1,4,0,0,0,1,0,0,0,0,0,0,50,24
39755,0:2:2;0:2:2;0:2:2;0:2:2,1,5,0,0,0,1,0,0,0,0,0,0,66,24
39756,0:2:2;0:2:2;0:2:2;0:2:2,2,0,0,0,0,1,0,0,0,0,0,0,1,24
39757,0:2:2;0:2:2;0:2:2;0:2:2,2,1,0,0,0,1,0,0,0,0,0,0,5,24
39758,0:2:2;0:2:2;0:2:2;0:2:2,2,2,0,0,0,1,0,0,0,0,0,0,15,24
39759,0:2:2;0:2:2;0:2:2;0:2:2,2,3,0,0,0,1,0,0,0,0,0,0,31,24
39760,0:2:2;0:2:2;0:2:2;0:2:2,2,4,0,0,0,1,0,0,0,0,0,0,50,24
39761,0:2:2;0:2:2;0:2:2;0:2:2,2,5,0,0,0,1,0,0,0,0,0,0,66,24
39762,0:2:2;0:2:2;0:2:2;0:2:2,3,0,0,0,0,1,0,0,0,0,0,0,1,24
39763,0:2:2;0:2:2;0:2:2;0:2:2,3,1,0,0,0,1,0,0,0,0,0,0,5,24
39764,0:2:2;0:2:2;0:2:2;0:2:2,3,2,0,0,0,1,0,0,0,0,0,0,15,24
39765,0:2:2;0:2:2;0:2:2;0:2:2,3,3,0,0,0,1,0,0,0,0,0,0,31,24
39766,0:2:2;0:2:2;0:2:2;0:2:2,3,4,0,0,0,1,0,0,0,0,0,0,50,24
39767,0:2:2;0:2:2;0:2:2;0:2:2,3,5,0,0,0,1,0,0,0,0,0,0,66,24
39768,0:2:2;0:2:2;0:2:2;0:2:2,4,0,0,0,0,1,0,0,0,0,0,0,1,24
39769,0:2:2;0:2:2;0:2:2;0:2:2,4,1,0,0,0,1,0,0,0,0,0,0,5,24
39770,0:2:2;0:2:2;0:2:2;0:2:2,4,2,0,0,0,1,0,0,0,0,0,0,15,24
39771,0:2:2;0:2:2;0:2:2;0:2:2,4,3,0,0,0,1,0,0,0,0,0,0,31,24
39772,0:2:2;0:2:2;0:2:2;0:2:2,4,4,0,0,0,1,0,0,0,0,0,0,50,24
39773,0:2:2;0:2:2;0:2:2;0:2:2,4,5,0,0,0,1,0,0,0,0,0,0,66,24
39774,0:2:2;0:2:2;0:2:2;0:2:2,5,0,0,0,0,1,0,0,0,0,0,0,1,24
39775,0:2:2;0:2:2;0:2:2;0:2:2,5,1,0,0,0,1,0,0,0,0,0,0,5,24
39776,0:2:2;0:2:2;0:2:2;0:2:2,5,2,0,0,0,1,0,0,0,0,0,0,15,24
39777,0:2:2;0:2:2;0:2:2;0:2:2,5,3,0,0,0,1,0,0,0,0,0,0,31,24
39778,0:2:2;0:2:2;0:2:2;0:2:2,5,4,0,0,0,1,0,0,0,0,0,0,50,24
39779,0:2:2;0:2:2;0:2:2;0:2:2,5,5,0,0,0,1,0,0,0,0,0,0,66,24
39780,0:2:2;0:2:2;0:2:2;0:3:2,0,0,0,0,0,1,0,0,0,0,0,0,1,24
39781,0:2:2;0:2:2;0:2:2;0:3:2,0,1,0,0,0,1,0,0,0,0,0,0,5,24
39782,0:2:2;0:2:2;0:2:2;0:3:2,0,2,0,0,0,1,0,0,0,0,0,0,15,24
39783,0:2:2;0:2:2;0:2:2;0:3:2,0,3,0,0,0,1,0,0,0,0,0,0,31,24
39784,0:2:2;0:2:2;0:2:2;0:3:2,0,4,0,0,0,1,0,0,0,0,0,0,50,24
39785,0:2:2;0:2:2;0:2:2;0:3:2,0,5,0,0,0,1,0,0,0,0,0,0,66,24
39786,0:2:2;0:2:2;0:2:2;0:3:2,1,0,0,0,0,1,0,0,0,0,0,0,1,24
39787,0:2:2;0:2:2;0:2:2;0:3:2,1,1,0,0,0,1,0,0,0,0,0,0,5,24
39788,0:2:2;0:2:2;0:2:2;0:3:2,1,2,0,0,0,1,0,0,0,0,0,0,15,24
39789,0:2:2;0:2:2;0:2:2;0:3:2,1,3,0,0,0,1,0,0,0,0,0,0,31,24
39790,0:2:2;0:2:2;0:2:2;0:3:2,1,4,0,0,0,1,0,0,0,0,0,0,50,24
39791,0:2:2;0:2:2;0:2:2;0:3:2,1,5,0,0,0,1,0,0,0,0,0,0,66,24
39792,0:2:2;0:2:2;0:2:2;0:3:2,2,0,0,0,0,1,0,0,0,0,0,0,1,24
39793,0:2:2;0:2:2;0:2:2;0:3:2,2,1,0,0,0,1,0,0,0,0,0,0,5,24
39794,0:2:2;0:2:2;0:2:2;0:3:2,2,2,0,0,0,1,0,0,0,0,0,0,15,24
39795,0:2:2;0:2:2;0:2:2;0:3:2,2,3,0,0,0,1,0,0,0,0,0,0,31,24
39796,0:2:2;0:2:2;0:2:2;0:3:2,2,4,0,0,0,1,0,0,0,0,0,0,50,24
39797,0:2:2;0:2:2;0:2:2;0:3:2,2,5,0,0,0,1,0,0,0,0,0,0,66,24
39798,0:2:2;0:2:2;0:2:2;0:3:2,3,0,0,0,0,1,0,0,0,0,0,0,1,24
39799,0:2:2;0:2:2;0:2:2;0:3:2,3,1,0,0,0,1,0,0,0,0,0,0,5,24
39800,0:2:2;0:2:2;0:2:2;0:3:2,3,2,0,0,0,1,0,0,0,0,0,0,15,24
39801,0:2:2;0:2:2;0:2:2;0:3:2,3,3,0,0,0,1,0,0,0,0,0,0,31,24
39802,0:2:2;0:2:2;0:2:2;0:3:2,3,4,0,0,0,1,0,0,0,0,0,0,50,24
39803,0:2:2;0:2:2;0:2:2;0:3:2,3,5,0,0,0,1,0,0,0,0,0,0,66,24
39804,0:2:2;0:2:2;0:2:2;0:3:2,4,0,0,0,0,1,0,0,0,0,0,0,1,24
39805,0:2:2;0:2:2;0:2:2;0:3:2,4,1,0,0,0,1,0,0,0,0,0,0,5,24
39806,0:2:2;0:2:2;0:2:2;0:3:2,4,2,0,0,0,1,0,0,0,0,0,0,15,24
39807,0:2:2;0:2:2;0:2:2;0:3:2,4,3,0,0,0,1,0,0,0,0,0,0,31,24
39808,0:2:2;0:2:2;0:2:2;0:3:2,4,4,0,0,0,1,0,0,0,0,0,0,50,24
39809,0:2:2;0:2:2;0:2:2;0:3:2,4,5,0,0,0,1,0,0,0,0,0,0,66,24
39810,0:2:2;0:2:2;0:2:2;0:3:2,5,0,0,0,0,1,0,0,0,0,0,0,1,24
39811,0:2:2;0:2:2;0:2:2;0:3:2,5,1,0,0,0,1,0,0,0,0,0,0,5,24
39812,0:2:2;0:2:2;0:2:2;0:3:2,5,2,0,0,0,1,0,0,0,0,0,0,15,24
39813,0:2:2;0:2:2;0:2:2;0:3:2,5,3,0,0,0,1,0,0,0,0,0,0,31,24
39814,0:2:2;0:2:2;0:2:2;0:3:2,5,4,0,0,0,1,0,0,0,0,0,0,50,24
39815,0:2:2;0:2:2;0:2:2;0:3:2,5,5,0,0,0,1,0,0,0,0,0,0,66,24
39816,0:2:2;0:2:2;0:2:2;0:3:3,0,0,0,0,0,1,0,0,0,0,0,0,1,24
39817,0:2:2;0:2:2;0:2:2;0:3:3,0,1,0,0,0,1,0,0,0,0,0,0,5,24
39818,0:2:2;0:2:2;0:2:2;0:3:3,0,2,0,0,0,1,0,0,0,0,0,0,15,24
39819,0:2:2;0:2:2;0:2:2;0:3:3,0,3,0,0,0,1,0,0,0,0,0,0,32,24
39820,0:2:2;0:2:2;0:2:2;0:3:3,0,4,0,0,0,1,0,0,0,0,0,0,54,24
39821,0:2:2;0:2:2;0:2:2;0:3:3,0,5,0,0,0,1,0,0,0,0,0,0,76,24
39822,0:2:2;0:2:2;0:2:2;0:3:3,1,0,0,0,0,1,0,0,0,0,0,0,1,24
39823,0:2:2;0:2:2;0:2:2;0:3:3,1,1,0,0,0,1,0,0,0,0,0,0,5,24
39824,0:2:2;0:2:2;0:2:2;0:3:3,1,2,0,0,0,1,0,0,0,0,0,0,15,24
39825,0:2:2;0:2:2;0:2:2;0:3:3,1,3,0,0,0,1,0,0,0,0,0,0,32,24
39826,0:2:2;0:2:2;0:2:2;0:3:3,1,4,0,0,0,1,0,0,0,0,0,0,54,24
39827,0:2:2;0:2:2;0:2:2;0:3:3,1,5,0,0,0,1,0,0,0,0,0,0,76,24
39828,0:2:2;0:2:2;0:2:2;0:3:3,2,0,0,0,0,1,0,0,0,0,0,0,1,24
39829,0:2:2;0:2:2;0:2:2;0:3:3,2,1,0,0,0,1,0,0,0,0,0,0,5,24
39830,0:2:2;0:2:2;0:2:2;0:3:3,2,2,0,0,0,1,0,0,0,0,0,0,15,24
39831,0:2:2;0:2:2;0:2:2;0:3:3,2,3,0,0,0,1,0,0,0,0,0,0,32,24
39832,0:2:2;0:2:2;0:2:2;0:3:3,2,4,0,0,0,1,0,0,0,0,0,0,54,24
39833,0:2:2;0:2:2;0:2:2;0:3:3,2,5,0,0,0,1,0,0,0,0,0,0,76,24
39834,0:2:2;0:2:2;0:2:2;0:3:3,3,0,0,0,0,1,0,0,0,0,0,0,1,24
39835,0:2:2;0:2:2;0:2:2;0:3:3,3,1,0,0,0,1,0,0,0,0,0,0,5,24
39836,0:2:2;0:2:2;0:2:2;0:3:3,3,2,0,0,0,1,0,0,0,0,0,0,15,24
39837,0:2:2;0:2:2;0:2:2;0:3:3,3,3,0,0,0,1,0,0,0,0,0,0,32,24
39838,0:2:2;0:2:2;0:2:2;0:3:3,3,4,0,0,0,1,0,0,0,0,0,0,54,24
39839,0:2:2;0:2:2;0:2:2;0:3:3,3,5,0,0,0,1,0,0,0,0,0,0,76,24
39840,0:2:2;0:2:2;0:2:2;0:3:3,4,0,0,0,0,1,0,0,0,0,0,0,1,24
39841,0:2:2;0:2:2;0:2:2;0:3:3,4,1,0,0,0,1,0,0,0,0,0,0,5,24
39842,0:2:2;0:2:2;0:2:2;0:3:3,4,2,0,0,0,1,0,0,0,0,0,0,15,24
39843,0:2:2;0:2:2;0:2:2;0:3:3,4,3,0,0,0,1,0,0,0,0,0,0,32,24
39844,0:2:2;0:2:2;0:2:2;0:3:3,4,4,0,0,0,1,0,0,0,0,0,0,54,24
39845,0:2:2;0:2:2;0:2:2;0:3:3,4,5,0,0,0,1,0,0,0,0,0,0,76,24
39846,0:2:2;0:2:2;0:2:2;0:3:3,5,0,0,0,0,1,0,0,0,0,0,0,1,24
39847,0:2:2;0:2:2;0:2:2;0:3:3,5,1,0,0,0,1,0,0,0,0,0,0,5,24
39848,0:2:2;0:2:2;0:2:2;0:3:3,5,2,0,0,0,1,0,0,0,0,0,0,15,24
39849,0:2:2;0:2:2;0:2:2;0:3:3,5,3,0,0,0,1,0,0,0,0,0,0,32,24
39850,0:2:2;0:2:2;0:2:2;0:3:3,5,4,0,0,0,1,0,0,0,0,0,0,54,24
39851,0:2:2;0:2:2;0:2:2;0:3:3,5,5,0,0,0,1,0,0,0,0,0,0,76,24
39852,0:2:2;0:2:2;0:2:2;0:4:3,0,0,0,0,0,1,0,0,0,0,0,0,1,24
39853,0:2:2;0:2:2;0:2:2;0:4:3,0,1,0,0,0,1,0,0,0,0,0,0,5,24
39854,0:2:2;0:2:2;0:2:2;0:4:3,0,2,0,0,0,1,0,0,0,0,0,0,15,24
39855,0:2:2;0:2:2;0:2:2;0:4:3,0,3,0,0,0,1,0,0,0,0,0,0,32,24
39856,0:2:2;0:2:2;0:2:2;0:4:3,0,4,0,0,0,1,0,0,0,0,0,0,54,24
39857,0:2:2;0:2:2;0:2:2;0:4:3,0,5,0,0,0,1,0,0,0,0,0,0,76,24
39858,0:2:2;0:2:2;0:2:2;0:4:3,1,0,0,0,0,1,0,0,0,0,0,0,1,24
39859,0:2:2;0:2:2;0:2:2;0:4:3,1,1,0,0,0,1,0,0,0,0,0,0,5,24
39860,0:2:2;0:2:2;0:2:2;0:4:3,1,2,0,0,0,1,0,0,0,0,0,0,15,24
39861,0:2:2;0:2:2;0:2:2;0:4:3,1,3,0,0,0,1,0,0,0,0,0,0,32,24
39862,0:2:2;0:2:2;0:2:2;0:4:3,1,4,0,0,0,1,0,0,0,0,0,0,54,24
39863,0:2:2;0:2:2;0:2:2;0:4:3,1,5,0,0,0,1,0,0,0,0,0,0,76,24
39864,0:2:2;0:2:2;0:2:2;0:4:3,2,0,0,0,0,1,0,0,0,0,0,0,1,24
39865,0:2:2;0:2:2;0:2:2;0:4:3,2,1,0,0,0,1,0,0,0,0,0,0,5,24
39866,0:2:2;0:2:2;0:2:2;0:4:3,2,2,0,0,0,1,0,0,0,0,0,0,15,24
39867,0:2:2;0:2:2;0:2:2;0:4:3,2,3,0,0,0,1,0,0,0,0,0,0,32,24
39868,0:2:2;0:2:2;0:2:2;0:4:3,2,4,0,0,0,1,0,0,0,0,0,0,54,24
39869,0:2:2;0:2:2;0:2:2;0:4:3,2,5,0,0,0,1,0,0,0,0,0,0,76,24
39870,0:2:2;0:2:2;0:2:2;0:4:3,3,0,0,0,0,1,0,0,0,0,0,0,1,24
39871,0:2:2;0:2:2;0:2:2;0:4:3,3,1,0,0,0,1,0,0,0,0,0,0,5,24
39872,0:2:2;0:2:2;0:2:2;0:4:3,3,2,0,0,0,1,0,0,0,0,0,0,15,24
39873,0:2:2;0:2:2;0:2:2;0:4:3,3,3,0,0,0,1,0,0,0,0,0,0,32,24
39874,0:2:2;0:2:2;0:2:2;0:4:3,3,4,0,0,0,1,0,0,0,0,0,0,54,24
39875,0:2:2;0:2:2;0:2:2;0:4:3,3,5,0,0,0,1,0,0,0,0,0,0,76,24
39876,0:2:2;0:2:2;0:2:2;0:4:3,4,0,0,0,0,1,0,0,0,0,0,0,1,24
39877,0:2:2;0:2:2;0:2:2;0:4:3,4,1,0,0,0,1,0,0,0,0,0,0,5,24
39878,0:2:2;0:2:2;0:2:2;0:4:3,4,2,0,0,0,1,0,0,0,0,0,0,15,24
39879,0:2:2;0:2:2;0:2:2;0:4:3,4,3,0,0,0,1,0,0,0,0,0,0,32,24
39880,0:2:2;0:2:2;0:2:2;0:4:3,4,4,0,0,0,1,0,0,0,0,0,0,54,24
39881,0:2:2;0:2:2;0:2:2;0:4:3,4,5,0,0,0,1,0,0,0,0,0,0,76,24
39882,0:2:2;0:2:2;0:2:2;0:4:3,5,0,0,0,0,1,0,0,0,0,0,0,1,24
39883,0:2:2;0:2:2;0:2:2;0:4:3,5,1,0,0,0,1,0,0,0,0,0,0,5,24
39884,0:2:2;0:2:2;0:2:2;0:4:3,5,2,0,0,0,1,0,0,0,0,0,0,15,24
39885,0:2:2;0:2:2;0:2:2;0:4:3,5,3,0,0,0,1,0,0,0,0,0,0,32,24
39886,0:2:2;0:2:2;0:2:2;0:4:3,5,4,0,0,0,1,0,0,0,0,0,0,54,24
39887,0:2:2;0:2:2;0:2:2;0:4:3,5,5,0,0,0,1,0,0,0,0,0,0,76,24
39888,0:2:2;0:2:2;0:2:2;1:1:1,0,0,0,0,0,1,0,0,0,0,0,0,1,24
39889,0:2:2;0:2:2;0:2:2;1:1:1,0,1,0,0,0,1,0,0,0,0,0,0,4,24
39890,0:2:2;0:2:2;0:2:2;1:1:1,0,2,0,0,0,1,0,0,0,0,0,0,19,24
39891,0:2:2;0:2:2;0:2:2;1:1:1,0,3,0,0,0,1,0,0,0,0,0,0,32,24
39892,0:2:2;0:2:2;0:2:2;1:1:1,0,4,0,0,0,1,0,0,0,0,0,0,41,24
39893,0:2:2;0:2:2;0:2:2;1:1:1,0,5,1,1,1,0,1,1,1,1,1,5,8,2
39894,0:2:2;0:2:2;0:2:2;1:1:1,1,0,0,0,0,1,0,0,0,0,0,0,5,24
39895,0:2:2;0:2:2;0:2:2;1:1:1,1,1,0,0,0,1,0,0,0,0,0,0,14,24
39896,0:2:2;0:2:2;0:2:2;1:1:1,1,2,0,0,0,1,0,0,0,0,0,0,27,24
39897,0:2:2;0:2:2;0:2:2;1:1:1,1,3,0,0,0,1,0,0,0,0,0,0,40,24
39898,0:2:2;0:2:2;0:2:2;1:1:1,1,4,0,0,0,1,0,0,0,0,0,0,49,24
39899,0:2:2;0:2:2;0:2:2;1:1:1,1,5,1,1,1,0,1,1,1,1,1,5,8,2
39900,0:2:2;0:2:2;0:2:2;1:1:1,2,0,0,0,0,1,0,0,0,0,0,0,5,24
39901,0:2:2;0:2:2;0:2:2;1:1:1,2,1,0,0,0,1,0,0,0,0,0,0,14,24
39902,0:2:2;0:2:2;0:2:2;1:1:1,2,2,0,0,0,1,0,0,0,0,0,0,27,24
39903,0:2:2;0:2:2;0:2:2;1:1:1,2,3,0,0,0,1,0,0,0,0,0,0,40,24
39904,0:2:2;0:2:2;0:2:2;1:1:1,2,4,0,0,0,1,0,0,0,0,0,0,49,24
39905,0:2:2;0:2:2;0:2:2;1:1:1,2,5,1,1,1,0,1,1,1,1,1,5,8,2
39906,0:2:2;0:2:2;0:2:2;1:1:1,3,0,0,0,0,1,0,0,0,0,0,0,5,24
39907,0:2:2;0:2:2;0:2:2;1:1:1,3,1,0,0,0,1,0,0,0,0,0,0,14,24
39908,0:2:2;0:2:2;0:2:2;1:1:1,3,2,0,0,0,1,0,0,0,0,0,0,27,24
39909,0:2:2;0:2:2;0:2:2;1:1:1,3,3,0,0,0,1,0,0,0,0,0,0,40,24
39910,0:2:2;0:2:2;0:2:2;1:1:1,3,4,0,0,0,1,0,0,0,0,0,0,49,24
39911,0:2:2;0:2:2;0:2:2;1:1:1,3,5,1,1,1,0,1,1,1,1,1,5,8,2
39912,0:2:2;0:2:2;0:2:2;1:1:1,4,0,0,0,0,1,0,0,0,0,0,0,5,24
39913,0:2:2;0:2:2;0:2:2;1:1:1,4,1,0,0,0,1,0,0,0,0,0,0,14,24
39914,0:2:2;0:2:2;0:2:2;1:1:1,4,2,0,0,0,1,0,0,0,0,0,0,27,24
39915,0:2:2;0:2:2;0:2:2;1:1:1,4,3,0,0,0,1,0,0,0,0,0,0,40,24
39916,0:2:2;0:2:2;0:2:2;1:1:1,4,4,0,0,0,1,0,0,0,0,0,0,49,24
39917,0:2:2;0:2:2;0:2:2;1:1:1,4,5,1,1,1,0,1,1,1,1,1,5,8,2
39918,0:2:2;0:2:2;0:2:2;1:1:1,5,0,0,0,0,1,0,0,0,0,0,0,5,24
39919,0:2:2;0:2:2;0:2:2;1:1:1,5,1,0,0,0,1,0,0,0,0,0,0,14,24
39920,0:2:2;0:2:2;0:2:2;1:1:1,5,2,0,0,0,1,0,0,0,0,0,0,27,24
39921,0:2:2;0:2:2;0:2:2;1:1:1,5,3,0,0,0,1,0,0,0,0,0,0,40,24
39922,0:2:2;0:2:2;0:2:2;1:1:1,5,4,0,0,0,1,0,0,0,0,0,0,49,24
39923,0:2:2;0:2:2;0:2:2;1:1:1,5,5,1,1,1,0,1,1,1,1,1,5,8,2
39924,0:2:2;0:2:2;0:2:2;1:2:1,0,0,0,0,0,1,0,0,0,0,0,0,1,24
39925,0:2:2;0:2:2;0:2:2;1:2:1,0,1,0,0,0,1,0,0,0,0,0,0,4,24
39926,0:2:2;0:2:2;0:2:2;1:2:1,0,2,0,0,0,1,0,0,0,0,0,0,25,24
39927,0:2:2;0:2:2;0:2:2;1:2:1,0,3,0,0,0,1,0,0,0,0,0,0,35,24
39928,0:2:2;0:2:2;0:2:2;1:2:1,0,4,1,1,1,0,1,1,1,1,1,5,8,2
39929,0:2:2;0:2:2;0:2:2;1:2:1,0,5,1,1,1,0,1,1,1,1,1,5,8,2
39930,0:2:2;0:2:2;0:2:2;1:2:1,1,0,0,0,0,1,0,0,0,0,0,0,11,24
39931,0:2:2;0:2:2;0:2:2;1:2:1,1,1,0,0,0,1,0,0,0,0,0,0,21,24
39932,0:2:2;0:2:2;0:2:2;1:2:1,1,2,0,0,0,1,0,0,0,0,0,0,33,24
39933,0:2:2;0:2:2;0:2:2;1:2:1,1,3,0,0,0,1,0,0,0,0,0,0,43,24
39934,0:2:2;0:2:2;0:2:2;1:2:1,1,4,1,1,1,0,1,1,1,1,1,5,8,2
39935,0:2:2;0:2:2;0:2:2;1:2:1,1,5,1,1,1,0,1,1,1,1,1,5,8,2
39936,0:2:2;0:2:2;0:2:2;1:2:1,2,0,0,0,0,1,0,0,0,0,0,0,11,24
39937,0:2:2;0:2:2;0:2:2;1:2:1,2,1,0,0,0,1,0,0,0,0,0,0,21,24
39938,0:2:2;0:2:2;0:2:2;1:2:1,2,2,0,0,0,1,0,0,0,0,0,0,33,24
39939,0:2:2;0:2:2;0:2:2;1:2:1,2,3,0,0,0,1,0,0,0,0,0,0,43,24
39940,0:2:2;0:2:2;0:2:2;1:2:1,2,4,1,1,1,0,1,1,1,1,1,5,8,2
39941,0:2:2;0:2:2;0:2:2;1:2:1,2,5,1,1,1,0,1,1,1,1,1,5,8,2
39942,0:2:2;0:2:2;0:2:2;1:2:1,3,0,0,0,0,1,0,0,0,0,0,0,11,24
39943,0:2:2;0:2:2;0:2:2;1:2:1,3,1,0,0,0,1,0,0,0,0,0,0,21,24
39944,0:2:2;0:2:2;0:2:2;1:2:1,3,2,0,0,0,1,0,0,0,0,0,0,33,24
39945,0:2:2;0:2:2;0:2:2;1:2:1,3,3,0,0,0,1,0,0,0,0,0,0,43,24
39946,0:2:2;0:2:2;0:2:2;1:2:1,3,4,1,1,1,0,1,1,1,1,1,5,8,2
39947,0:2:2;0:2:2;0:2:2;1:2:1,3,5,1,1,1,0,1,1,1,1,1,5,8,2
39948,0:2:2;0:2:2;0:2:2;1:2:1,4,0,0,0,0,1,0,0,0,0,0,0,11,24
39949,0:2:2;0:2:2;0:2:2;1:2:1,4,1,0,0,0,1,0,0,0,0,0,0,21,24
39950,0:2:2;0:2:2;0:2:2;1:2:1,4,2,0,0,0,1,0,0,0,0,0,0,33,24
39951,0:2:2;0:2:2;0:2:2;1:2:1,4,3,0,0,0,1,0,0,0,0,0,0,43,24
39952,0:2:2;0:2:2;0:2:2;1:2:1,4,4,1,1,1,0,1,1,1,1,1,5,8,2
39953,0:2:2;0:2:2;0:2:2;1:2:1,4,5,1,1,1,0,1,1,1,1,1,5,8,2
39954,0:2:2;0:2:2;0:2:2;1:2:1,5,0,0,0,0,1,0,0,0,0,0,0,11,24
39955,0:2:2;0:2:2;0:2:2;1:2:1,5,1,0,0,0,1,0,0,0,0,0,0,21,24
39956,0:2:2;0:2:2;0:2:2;1:2:1,5,2,0,0,0,1,0,0,0,0,0,0,33,24
39957,0:2:2;0:2:2;0:2:2;1:2:1,5,3,0,0,0,1,0,0,0,0,0,0,43,24
39958,0:2:2;0:2:2;0:2:2;1:2:1,5,4,1,1,1,0,1,1,1,1,1,5,8,2
39959,0:2:2;0:2:2;0:2:2;1:2:1,5,5,1,1,1,0,1,1,1,1,1,5,8,2
39960,0:2:2;0:2:2;0:2:2;1:2:2,0,0,0,0,0,1,0,0,0,0,0,0,1,24
39961,0:2:2;0:2:2;0:2:2;1:2:2,0,1,0,0,0,1,0,0,0,0,0,0,4,24
39962,0:2:2;0:2:2;0:2:2;1:2:2,0,2,0,0,0,1,0,0,0,0,0,0,28,24
39963,0:2:2;0:2:2;0:2:2;1:2:2,0,3,0,0,0,1,0,0,0,0,0,0,44,24
39964,0:2:2;0:2:2;0:2:2;1:2:2,0,4,1,1,1,0,1,1,1,1,1,5,9,2
39965,0:2:2;0:2:2;0:2:2;1:2:2,0,5,1,1,1,0,1,1,1,1,1,5,9,2
39966,0:2:2;0:2:2;0:2:2;1:2:2,1,0,0,0,0,1,0,0,0,0,0,0,2,24
39967,0:2:2;0:2:2;0:2:2;1:2:2,1,1,0,0,0,1,0,0,0,0,0,0,8,24
39968,0:2:2;0:2:2;0:2:2;1:2:2,1,2,0,0,0,1,0,0,0,0,0,0,35,24
39969,0:2:2;0:2:2;0:2:2;1:2:2,1,3,0,0,0,1,0,0,0,0,0,0,52,24
39970,0:2:2;0:2:2;0:2:2;1:2:2,1,4,1,1,1,0,1,1,1,1,1,5,9,2
39971,0:2:2;0:2:2;0:2:2;1:2:2,1,5,1,1,1,0,1,1,1,1,1,5,9,2
39972,0:2:2;0:2:2;0:2:2;1:2:2,2,0,0,0,0,1,0,0,0,0,0,0,12,24
39973,0:2:2;0:2:2;0:2:2;1:2:2,2,1,0,0,0,1,0,0,0,0,0,0,25,24
39974,0:2:2;0:2:2;0:2:2;1:2:2,2,2,0,0,0,1,0,0,0,0,0,0,43,24
39975,0:2:2;0:2:2;0:2:2;1:2:2,2,3,0,0,0,1,0,0,0,0,0,0,60,24
39976,0:2:2;0:2:2;0:2:2;1:2:2,2,4,1,1,1,0,1,1,1,1,1,5,9,2
39977,0:2:2;0:2:2;0:2:2;1:2:2,2,5,1,1,1,0,1,1,1,1,1,5,9,2
39978,0:2:2;0:2:2;0:2:2;1:2:2,3,0,0,0,0,1,0,0,0,0,0,0,12,24
39979,0:2:2;0:2:2;0:2:2;1:2:2,3,1,0,0,0,1,0,0,0,0,0,0,25,24
39980,0:2:2;0:2:2;0:2:2;1:2:2,3,2,0,0,0,1,0,0,0,0,0,0,43,24
39981,0:2:2;0:2:2;0:2:2;1:2:2,3,3,0,0,0,1,0,0,0,0,0,0,60,24
39982,0:2:2;0:2:2;0:2:2;1:2:2,3,4,1,1,1,0,1,1,1,1,1,5,9,2
39983,0:2:2;0:2:2;0:2:2;1:2:2,3,5,1,1,1,0,1,1,1,1,1,5,9,2
39984,0:2:2;0:2:2;0:2:2;1:2:2,4,0,0,0,0,1,0,0,0,0,0,0,12,24
39985,0:2:2;0:2:2;0:2:2;1:2:2,4,1,0,0,0,1,0,0,0,0,0,0,25,24
39986,0:2:2;0:2:2;0:2:2;1:2:2,4,2,0,0,0,1,0,0,0,0,0,0,43,24
39987,0:2:2;0:2:2;0:2:2;1:2:2,4,3,0,0,0,1,0,0,0,0,0,0,60,24
39988,0:2:2;0:2:2;0:2:2;1:2:2,4,4,1,1,1,0,1,1,1,1,1,5,9,2
39989,0:2:2;0:2:2;0:2:2;1:2:2,4,5,1,1,1,0,1,1,1,1,1,5,9,2
39990,0:2:2;0:2:2;0:2:2;1:2:2,5,0,0,0,0,1,0,0,0,0,0,0,12,24
39991,0:2:2;0:2:2;0:2:2;1:2:2,5,1,0,0,0,1,0,0,0,0,0,0,25,24
39992,0:2:2;0:2:2;0:2:2;1:2:2,5,2,0,0,0,1,0,0,0,0,0,0,43,24
39993,0:2:2;0:2:2;0:2:2;1:2:2,5,3,0,0,0,1,0,0,0,0,0,0,60,24
39994,0:2:2;0:2:2;0:2:2;1:2:2,5,4,1,1,1,0,1,1,1,1,1,5,9,2
39995,0:2:2;0:2:2;0:2:2;1:2:2,5,5,1,1,1,0,1,1,1,1,1,5,9,2
39996,0:2:2;0:2:2;0:2:2;1:3:2,0,0,0,0,0,1,0,0,0,0,0,0,1,24
39997,0:2:2;0:2:2;0:2:2;1:3:2,0,1,0,0,0,1,0,0,0,0,0,0,4,24
39998,0:2:2;0:2:2;0:2:2;1:3:2,0,2,0,0,0,1,0,0,0,0,0,0,31,24
39999,0:2:2;0:2:2;0:2:2;1:3:2,0,3,1,1,1,0,1,1,1,1,1,5,9,5
40000,0:2:2;0:2:2;0:2:2;1:3:2,0,4,1,1,1,0,1,1,1,1,1,5,9,2
40001,0:2:2;0:2:2;0:2:2;1:3:2,0,5,1,1,1,0,1,1,1,1,1,5,9,2
40002,0:2:2;0:2:2;0:2:2;1:3:2,1,0,0,0,0,1,0,0,0,0,0,0,2,24
40003,0:2:2;0:2:2;0:2:2;1:3:2,1,1,0,0,0,1,0,0,0,0,0,0,8,24
40004,0:2:2;0:2:2;0:2:2;1:3:2,1,2,0,0,0,1,0,0,0,0,0,0,38,24
40005,0:2:2;0:2:2;0:2:2;1:3:2,1,3,1,1,1,0,1,1,1,1,1,5,9,5
40006,0:2:2;0:2:2;0:2:2;1:3:2,1,4,1,1,1,0,1,1,1,1,1,5,9,2
40007,0:2:2;0:2:2;0:2:2;1:3:2,1,5,1,1,1,0,1,1,1,1,1,5,9,2
40008,0:2:2;0:2:2;0:2:2;1:3:2,2,0,0,0,0,1,0,0,0,0,0,0,19,24
40009,0:2:2;0:2:2;0:2:2;1:3:2,2,1,0,0,0,1,0,0,0,0,0,0,31,24
40010,0:2:2;0:2:2;0:2:2;1:3:2,2,2,0,0,0,1,0,0,0,0,0,0,46,24
40011,0:2:2;0:2:2;0:2:2;1:3:2,2,3,1,1,1,0,1,1,1,1,1,5,9,5
40012,0:2:2;0:2:2;0:2:2;1:3:2,2,4,1,1,1,0,1,1,1,1,1,5,9,2
40013,0:2:2;0:2:2;0:2:2;1:3:2,2,5,1,1,1,0,1,1,1,1,1,5,9,2
40014,0:2:2;0:2:2;0:2:2;1:3:2,3,0,0,0,0,1,0,0,0,0,0,0,19,24
40015,0:2:2;0:2:2;0:2:2;1:3:2,3,1,0,0,0,1,0,0,0,0,0,0,31,24
40016,0:2:2;0:2:2;0:2:2;1:3:2,3,2,0,0,0,1,0,0,0,0,0,0,46,24
40017,0:2:2;0:2:2;0:2:2;1:3:2,3,3,1,1,1,0,1,1,1,1,1,5,9,5
40018,0:2:2;0:2:2;0:2:2;1:3:2,3,4,1,1,1,0,1,1,1,1,1,5,9,2
40019,0:2:2;0:2:2;0:2:2;1:3:2,3,5,1,1,1,0,1,1,1,1,1,5,9,2
40020,0:2:2;0:2:2;0:2:2;1:3:2,4,0,0,0,0,1,0,0,0,0,0,0,19,24
40021,0:2:2;0:2:2;0:2:2;1:3:2,4,1,0,0,0,1,0,0,0,0,0,0,31,24
40022,0:2:2;0:2:2;0:2:2;1:3:2,4,2,0,0,0,1,0,0,0,0,0,0,46,24
40023,0:2:2;0:2:2;0:2:2;1:3:2,4,3,1,1,1,0,1,1,1,1,1,5,9,5
40024,0:2:2;0:2:2;0:2:2;1:3:2,4,4,1,1,1,0,1,1,1,1,1,5,9,2
40025,0:2:2;0:2:2;0:2:2;1:3:2,4,5,1,1,1,0,1,1,1,1,1,5,9,2
40026,0:2:2;0:2:2;0:2:2;1:3:2,5,0,0,0,0,1,0,0,0,0,0,0,19,24
40027,0:2:2;0:2:2;0:2:2;1:3:2,5,1,0,0,0,1,0,0,0,0,0,0,31,24
40028,0:2:2;0:2:2;0:2:2;1:3:2,5,2,0,0,0,1,0,0,0,0,0,0,46,24
40029,0:2:2;0:2:2;0:2:2;1:3:2,5,3,1,1,1,0,1,1,1,1,1,5,9,5
40030,0:2:2;0:2:2;0:2:2;1:3:2,5,4,1,1,1,0,1,1,1,1,1,5,9,2
40031,0:2:2;0:2:2;0:2:2;1:3:2,5,5,1,1,1,0,1,1,1,1,1,5,9,2
40032,0:2:2;0:2:2;0:2:2;1:3:3,0,0,0,0,0,1,0,0,0,0,0,0,1,24
40033,0:2:2;0:2:2;0:2:2;1:3:3,0,1,0,0,0,1,0,0,0,0,0,0,4,24
40034,0:2:2;0:2:2;0:2:2;1:3:3,0,2,0,0,0,1,0,0,0,0,0,0,16,24
40035,0:2:2;0:2:2;0:2:2;1:3:3,0,3,1,0,0,1,0,0,0,0,0,4,35,24
40036,0:2:2;0:2:2;0:2:2;1:3:3,0,4,1,1,1,0,1,1,1,1,1,5,10,2
40037,0:2:2;0:2:2;0:2:2;1:3:3,0,5,1,1,1,0,1,1,1,1,1,5,10,2
40038,0:2:2;0:2:2;0:2:2;1:3:3,1,0,0,0,0,1,0,0,0,0,0,0,2,24
40039,0:2:2;0:2:2;0:2:2;1:3:3,1,1,0,0,0,1,0,0,0,0,0,0,8,24
40040,0:2:2;0:2:2;0:2:2;1:3:3,1,2,0,0,0,1,0,0,0,0,0,0,41,24
40041,0:2:2;0:2:2;0:2:2;1:3:3,1,3,1,1,1,0,1,1,1,1,1,5,10,5
40042,0:2:2;0:2:2;0:2:2;1:3:3,1,4,1,1,1,0,1,1,1,1,1,5,10,2
40043,0:2:2;0:2:2;0:2:2;1:3:3,1,5,1,1,1,0,1,1,1,1,1,5,10,2
40044,0:2:2;0:2:2;0:2:2;1:3:3,2,0,0,0,0,1,0,0,0,0,0,0,3,24
40045,0:2:2;0:2:2;0:2:2;1:3:3,2,1,0,0,0,1,0,0,0,0,0,0,12,24
40046,0:2:2;0:2:2;0:2:2;1:3:3,2,2,0,0,0,1,0,0,0,0,0,0,48,24
40047,0:2:2;0:2:2;0:2:2;1:3:3,2,3,1,1,1,0,1,1,1,1,1,5,10,5
40048,0:2:2;0:2:2;0:2:2;1:3:3,2,4,1,1,1,0,1,1,1,1,1,5,10,2
40049,0:2:2;0:2:2;0:2:2;1:3:3,2,5,1,1,1,0,1,1,1,1,1,5,10,2
40050,0:2:2;0:2:2;0:2:2;1:3:3,3,0,0,0,0,1,0,0,0,0,0,0,20,24
40051,0:2:2;0:2:2;0:2:2;1:3:3,3,1,0,0,0,1,0,0,0,0,0,0,35,24
40052,0:2:2;0:2:2;0:2:2;1:3:3,3,2,0,0,0,1,0,0,0,0,0,0,56,24
40053,0:2:2;0:2:2;0:2:2;1:3:3,3,3,1,1,1,0,1,1,1,1,1,5,10,5
40054,0:2:2;0:2:2;0:2:2;1:3:3,3,4,1,1,1,0,1,1,1,1,1,5,10,2
40055,0:2:2;0:2:2;0:2:2;1:3:3,3,5,1,1,1,0,1,1,1,1,1,5,10,2
40056,0:2:2;0:2:2;0:2:2;1:3:3,4,0,0,0,0,1,0,0,0,0,0,0,20,24
40057,0:2:2;0:2:2;0:2:2;1:3:3,4,1,0,0,0,1,0,0,0,0,0,0,35,24
40058,0:2:2;0:2:2;0:2:2;1:3:3,4,2,0,0,0,1,0,0,0,0,0,0,56,24
40059,0:2:2;0:2:2;0:2:2;1:3:3,4,3,1,1,1,0,1,1,1,1,1,5,10,5
40060,0:2:2;0:2:2;0:2:2;1:3:3,4,4,1,1,1,0,1,1,1,1,1,5,10,2
40061,0:2:2;0:2:2;0:2:2;1:3:3,4,5,1,1,1,0,1,1,1,1,1,5,10,2
40062,0:2:2;0:2:2;0:2:2;1:3:3,5,0,0,0,0,1,0,0,0,0,0,0,20,24
40063,0:2:2;0:2:2;0:2:2;1:3:3,5,1,0,0,0,1,0,0,0,0,0,0,35,24
40064,0:2:2;0:2:2;0:2:2;1:3:3,5,2,0,0,0,1,0,0,0,0,0,0,56,24
40065,0:2:2;0:2:2;0:2:2;1:3:3,5,3,1,1,1,0,1,1,1,1,1,5,10,5
40066,0:2:2;0:2:2;0:2:2;1:3:3,5,4,1,1,1,0,1,1,1,1,1,5,10,2
40067,0:2:2;0:2:2;0:2:2;1:3:3,5,5,1,1,1,0,1,1,1,1,1,5,10,2
40068,0:2:2;0:2:2;0:2:2;1:4:3,0,0,0,0,0,1,0,0,0,0,0,0,1,24
40069,0:2:2;0:2:2;0:2:2;1:4:3,0,1,0,0,0,1,0,0,0,0,0,0,4,24
40070,0:2:2;0:2:2;0:2:2;1:4:3,0,2,1,0,0,1,0,0,0,0,0,4,16,24
40071,0:2:2;0:2:2;0:2:2;1:4:3,0,3,1,0,0,1,0,0,0,0,0,4,35,24
40072,0:2:2;0:2:2;0:2:2;1:4:3,0,4,1,1,1,0,1,1,1,1,1,5,10,2
40073,0:2:2;0:2:2;0:2:2;1:4:3,0,5,1,1,1,0,1,1,1,1,1,5,10,2
40074,0:2:2;0:2:2;0:2:2;1:4:3,1,0,0,0,0,1,0,0,0,0,0,0,2,24
40075,0:2:2;0:2:2;0:2:2;1:4:3,1,1,0,0,0,1,0,0,0,0,0,0,8,24
40076,0:2:2;0:2:2;0:2:2;1:4:3,1,2,1,1,0,0,1,1,1,1,1,5,10,5
40077,0:2:2;0:2:2;0:2:2;1:4:3,1,3,1,1,1,0,1,1,1,1,1,5,10,5
40078,0:2:2;0:2:2;0:2:2;1:4:3,1,4,1,1,1,0,1,1,1,1,1,5,10,2
40079,0:2:2;0:2:2;0:2:2;1:4:3,1,5,1,1,1,0,1,1,1,1,1,5,10,2
40080,0:2:2;0:2:2;0:2:2;1:4:3,2,0,0,0,0,1,0,0,0,0,0,0,3,24
40081,0:2:2;0:2:2;0:2:2;1:4:3,2,1,0,0,0,1,0,0,0,0,0,0,12,24
40082,0:2:2;0:2:2;0:2:2;1:4:3,2,2,1,1,1,0,1,1,1,1,1,5,10,5
40083,0:2:2;0:2:2;0:2:2;1:4:3,2,3,1,1,1,0,1,1,1,1,1,5,10,5
40084,0:2:2;0:2:2;0:2:2;1:4:3,2,4,1,1,1,0,1,1,1,1,1,5,10,2
40085,0:2:2;0:2:2;0:2:2;1:4:3,2,5,1,1,1,0,1,1,1,1,1,5,10,2
40086,0:2:2;0:2:2;0:2:2;1:4:3,3,0,0,0,0,1,0,0,0,0,0,0,26,24
40087,0:2:2;0:2:2;0:2:2;1:4:3,3,1,0,0,0,1,0,0,0,0,0,0,38,24
40088,0:2:2;0:2:2;0:2:2;1:4:3,3,2,1,1,1,0,1,1,1,1,1,5,10,5
40089,0:2:2;0:2:2;0:2:2;1:4:3,3,3,1,1,1,0,1,1,1,1,1,5,10,5
40090,0:2:2;0:2:2;0:2:2;1:4:3,3,4,1,1,1,0,1,1,1,1,1,5,10,2
40091,0:2:2;0:2:2;0:2:2;1:4:3,3,5,1,1,1,0,1,1,1,1,1,5,10,2
40092,0:2:2;0:2:2;0:2:2;1:4:3,4,0,0,0,0,1,0,0,0,0,0,0,26,24
40093,0:2:2;0:2:2;0:2:2;1:4:3,4,1,0,0,0,1,0,0,0,0,0,0,38,24
40094,0:2:2;0:2:2;0:2:2;1:4:3,4,2,1,1,1,0,1,1,1,1,1,5,10,5
40095,0:2:2;0:2:2;0:2:2;1:4:3,4,3,1,1,1,0,1,1,1,1,1,5,10,5
40096,0:2:2;0:2:2;0:2:2;1:4:3,4,4,1,1,1,0,1,1,1,1,1,5,10,2
40097,0:2:2;0:2:2;0:2:2;1:4:3,4,5,1,1,1,0,1,1,1,1,1,5,10,2
40098,0:2:2;0:2:2;0:2:2;1:4:3,5,0,0,0,0,1,0,0,0,0,0,0,26,24
40099,0:2:2;0:2:2;0:2:2;1:4:3,5,1,0,0,0,1,0,0,0,0,0,0,38,24
40100,0:2:2;0:2:2;0:2:2;1:4:3,5,2,1,1,1,0,1,1,1,1,1,5,10,5
40101,0:2:2;0:2:2;0:2:2;1:4:3,5,3,1,1,1,0,1,1,1,1,1,5,10,5
40102,0:2:2;0:2:2;0:2:2;1:4:3,5,4,1,1,1,0,1,1,1,1,1,5,10,2
40103,0:2:2;0:2:2;0:2:2;1:4:3,5,5,1,1,1,0,1,1,1,1,1,5,10,2
40104,0:2:2;0:2:2;0:3:2;0:3:2,0,0,0,0,0,1,0,0,0,0,0,0,1,24
40105,0:2:2;0:2:2;0:3:2;0:3:2,0,1,0,0,0,1,0,0,0,0,0,0,5,24
40106,0:2:2;0:2:2;0:3:2;0:3:2,0,2,0,0,0,1,0,0,0,0,0,0,15,24
40107,0:2:2;0:2:2;0:3:2;0:3:2,0,3,0,0,0,1,0,0,0,0,0,0,31,24
40108,0:2:2;0:2:2;0:3:2;0:3:2,0,4,0,0,0,1,0,0,0,0,0,0,50,24
40109,0:2:2;0:2:2;0:3:2;0:3:2,0,5,0,0,0,1,0,0,0,0,0,0,66,24
40110,0:2:2;0:2:2;0:3:2;0:3:2,1,0,0,0,0,1,0,0,0,0,0,0,1,24
40111,0:2:2;0:2:2;0:3:2;0:3:2,1,1,0,0,0,1,0,0,0,0,0,0,5,24
40112,0:2:2;0:2:2;0:3:2;0:3:2,1,2,0,0,0,1,0,0,0,0,0,0,15,24
40113,0:2:2;0:2:2;0:3:2;0:3:2,1,3,0,0,0,1,0,0,0,0,0,0,31,24
40114,0:2:2;0:2:2;0:3:2;0:3:2,1,4,0,0,0,1,0,0,0,0,0,0,50,24
40115,0:2:2;0:2:2;0:3:2;0:3:2,1,5,0,0,0,1,0,0,0,0,0,0,66,24
40116,0:2:2;0:2:2;0:3:2;0:3:2,2,0,0,0,0,1,0,0,0,0,0,0,1,24
40117,0:2:2;0:2:2;0:3:2;0:3:2,2,1,0,0,0,1,0,0,0,0,0,0,5,24
40118,0:2:2;0:2:2;0:3:2;0:3:2,2,2,0,0,0,1,0,0,0,0,0,0,15,24
40119,0:2:2;0:2:2;0:3:2;0:3:2,2,3,0,0,0,1,0,0,0,0,0,0,31,24
40120,0:2:2;0:2:2;0:3:2;0:3:2,2,4,0,0,0,1,0,0,0,0,0,0,50,24
40121,0:2:2;0:2:2;0:3:2;0:3:2,2,5,0,0,0,1,0,0,0,0,0,0,66,24
40122,0:2:2;0:2:2;0:3:2;0:3:2,3,0,0,0,0,1,0,0,0,0,0,0,1,24
40123,0:2:2;0:2:2;0:3:2;0:3:2,3,1,0,0,0,1,0,0,0,0,0,0,5,24
40124,0:2:2;0:2:2;0:3:2;0:3:2,3,2,0,0,0,1,0,0,0,0,0,0,15,24
40125,0:2:2;0:2:2;0:3:2;0:3:2,3,3,0,0,0,1,0,0,0,0,0,0,31,24
40126,0:2:2;0:2:2;0:3:2;0:3:2,3,4,0,0,0,1,0,0,0,0,0,0,50,24
40127,0:2:2;0:2:2;0:3:2;0:3:2,3,5,0,0,0,1,0,0,0,0,0,0,66,24
40128,0:2:2;0:2:2;0:3:2;0:3:2,4,0,0,0,0,1,0,0,0,0,0,0,1,24
40129,0:2:2;0:2:2;0:3:2;0:3:2,4,1,0,0,0,1,0,0,0,0,0,0,5,24
40130,0:2:2;0:2:2;0:3:2;0:3:2,4,2,0,0,0,1,0,0,0,0,0,0,15,24
40131,0:2:2;0:2:2;0:3:2;0:3:2,4,3,0,0,0,1,0,0,0,0,0,0,31,24
40132,0:2:2;0:2:2;0:3:2;0:3:2,4,4,0,0,0,1,0,0,0,0,0,0,50,24
40133,0:2:2;0:2:2;0:3:2;0:3:2,4,5,0,0,0,1,0,0,0,0,0,0,66,24
40134,0:2:2;0:2:2;0:3:2;0:3:2,5,0,0,0,0,1,0,0,0,0,0,0,1,24
40135,0:2:2;0:2:2;0:3:2;0:3:2,5,1,0,0,0,1,0,0,0,0,0,0,5,24
40136,0:2:2;0:2:2;0:3:2;0:3:2,5,2,0,0,0,1,0,0,0,0,0,0,15,24
40137,0:2:2;0:2:2;0:3:2;0:3:2,5,3,0,0,0,1,0,0,0,0,0,0,31,24
40138,0:2:2;0:2:2;0:3:2;0:3:2,5,4,0,0,0,1,0,0,0,0,0,0,50,24
40139,0:2:2;0:2:2;0:3:2;0:3:2,5,5,0,0,0,1,0,0,0,0,0,0,66,24
40140,0:2:2;0:2:2;0:3:2;0:3:3,0,0,0,0,0,1,0,0,0,0,0,0,1,24
40141,0:2:2;0:2:2;0:3:2;0:3:3,0,1,0,0,0,1,0,0,0,0,0,0,5,24
40142,0:2:2;0:2:2;0:3:2;0:3:3,0,2,0,0,0,1,0,0,0,0,0,0,15,24
40143,0:2:2;0:2:2;0:3:2;0:3:3,0,3,0,0,0,1,0,0,0,0,0,0,32,24
40144,0:2:2;0:2:2;0:3:2;0:3:3,0,4,0,0,0,1,0,0,0,0,0,0,54,24
40145,0:2:2;0:2:2;0:3:2;0:3:3,0,5,0,0,0,1,0,0,0,0,0,0,76,24
40146,0:2:2;0:2:2;0:3:2;0:3:3,1,0,0,0,0,1,0,0,0,0,0,0,1,24
40147,0:2:2;0:2:2;0:3:2;0:3:3,1,1,0,0,0,1,0,0,0,0,0,0,5,24
40148,0:2:2;0:2:2;0:3:2;0:3:3,1,2,0,0,0,1,0,0,0,0,0,0,15,24
40149,0:2:2;0:2:2;0:3:2;0:3:3,1,3,0,0,0,1,0,0,0,0,0,0,32,24
40150,0:2:2;0:2:2;0:3:2;0:3:3,1,4,0,0,0,1,0,0,0,0,0,0,54,24
40151,0:2:2;0:2:2;0:3:2;0:3:3,1,5,0,0,0,1,0,0,0,0,0,0,76,24
40152,0:2:2;0:2:2;0:3:2;0:3:3,2,0,0,0,0,1,0,0,0,0,0,0,1,24
40153,0:2:2;0:2:2;0:3:2;0:3:3,2,1,0,0,0,1,0,0,0,0,0,0,5,24
40154,0:2:2;0:2:2;0:3:2;0:3:3,2,2,0,0,0,1,0,0,0,0,0,0,15,24
40155,0:2:2;0:2:2;0:3:2;0:3:3,2,3,0,0,0,1,0,0,0,0,0,0,32,24
40156,0:2:2;0:2:2;0:3:2;0:3:3,2,4,0,0,0,1,0,0,0,0,0,0,54,24
40157,0:2:2;0:2:2;0:3:2;0:3:3,2,5,0,0,0,1,0,0,0,0,0,0,76,24
40158,0:2:2;0:2:2;0:3:2;0:3:3,3,0,0,0,0,1,0,0,0,0,0,0,1,24
40159,0:2:2;0:2:2;0:3:2;0:3:3,3,1,0,0,0,1,0,0,0,0,0,0,5,24
40160,0:2:2;0:2:2;0:3:2;0:3:3,3,2,0,0,0,1,0,0,0,0,0,0,15,24
40161,0:2:2;0:2:2;0:3:2;0:3:3,3,3,0,0,0,1,0,0,0,0,0,0,32,24
40162,0:2:2;0:2:2;0:3:2;0:3:3,3,4,0,0,0,1,0,0,0,0,0,0,54,24
40163,0:2:2;0:2:2;0:3:2;0:3:3,3,5,0,0,0,1,0,0,0,0,0,0,76,24
40164,0:2:2;0:2:2;0:3:2;0:3:3,4,0,0,0,0,1,0,0,0,0,0,0,1,24
40165,0:2:2;0:2:2;0:3:2;0:3:3,4,1,0,0,0,1,0,0,0,0,0,0,5,24
40166,0:2:2;0:2:2;0:3:2;0:3:3,4,2,0,0,0,1,0,0,0,0,0,0,15,24
40167,0:2:2;0:2:2;0:3:2;0:3:3,4,3,0,0,0,1,0,0,0,0,0,0,32,24
40168,0:2:2;0:2:2;0:3:2;0:3:3,4,4,0,0,0,1,0,0,0,0,0,0,54,24
40169,0:2:2;0:2:2;0:3:2;0:3:3,4,5,0,0,0,1,0,0,0,0,0,0,76,24
40170,0:2:2;0:2:2;0:3:2;0:3:3,5,0,0,0,0,1,0,0,0,0,0,0,1,24
40171,0:2:2;0:2:2;0:3:2;0:3:3,5,1,0,0,0,1,0,0,0,0,0,0,5,24
40172,0:2:2;0:2:2;0:3:2;0:3:3,5,2,0,0,0,1,0,0,0,0,0,0,15,24
40173,0:2:2;0:2:2;0:3:2;0:3:3,5,3,0,0,0,1,0,0,0,0,0,0,32,24
40174,0:2:2;0:2:2;0:3:2;0:3:3,5,4,0,0,0,1,0,0,0,0,0,0,54,24
40175,0:2:2;0:2:2;0:3:2;0:3:3,5,5,0,0,0,1,0,0,0,0,0,0,76,24
40176,0:2:2;0:2:2;0:3:2;0:4:3,0,0,0,0,0,1,0,0,0,0,0,0,1,24
40177,0:2:2;0:2:2;0:3:2;0:4:3,0,1,0,0,0,1,0,0,0,0,0,0,5,24
40178,0:2:2;0:2:2;0:3:2;0:4:3,0,2,0,0,0,1,0,0,0,0,0,0,15,24
40179,0:2:2;0:2:2;0:3:2;0:4:3,0,3,0,0,0,1,0,0,0,0,0,0,32,24
40180,0:2:2;0:2:2;0:3:2;0:4:3,0,4,0,0,0,1,0,0,0,0,0,0,54,24
40181,0:2:2;0:2:2;0:3:2;0:4:3,0,5,0,0,0,1,0,0,0,0,0,0,76,24
40182,0:2:2;0:2:2;0:3:2;0:4:3,1,0,0,0,0,1,0,0,0,0,0,0,1,24
40183,0:2:2;0:2:2;0:3:2;0:4:3,1,1,0,0,0,1,0,0,0,0,0,0,5,24
40184,0:2:2;0:2:2;0:3:2;0:4:3,1,2,0,0,0,1,0,0,0,0,0,0,15,24
40185,0:2:2;0:2:2;0:3:2;0:4:3,1,3,0,0,0,1,0,0,0,0,0,0,32,24
40186,0:2:2;0:2:2;0:3:2;0:4:3,1,4,0,0,0,1,0,0,0,0,0,0,54,24
40187,0:2:2;0:2:2;0:3:2;0:4:3,1,5,0,0,0,1,0,0,0,0,0,0,76,24
40188,0:2:2;0:2:2;0:3:2;0:4:3,2,0,0,0,0,1,0,0,0,0,0,0,1,24
40189,0:2:2;0:2:2;0:3:2;0:4:3,2,1,0,0,0,1,0,0,0,0,0,0,5,24
40190,0:2:2;0:2:2;0:3:2;0:4:3,2,2,0,0,0,1,0,0,0,0,0,0,15,24
40191,0:2:2;0:2:2;0:3:2;0:4:3,2,3,0,0,0,1,0,0,0,0,0,0,32,24
40192,0:2:2;0:2:2;0:3:2;0:4:3,2,4,0,0,0,1,0,0,0,0,0,0,54,24
40193,0:2:2;0:2:2;0:3:2;0:4:3,2,5,0,0,0,1,0,0,0,0,0,0,76,24
40194,0:2:2;0:2:2;0:3:2;0:4:3,3,0,0,0,0,1,0,0,0,0,0,0,1,24
40195,0:2:2;0:2:2;0:3:2;0:4:3,3,1,0,0,0,1,0,0,0,0,0,0,5,24
40196,0:2:2;0:2:2;0:3:2;0:4:3,3,2,0,0,0,1,0,0,0,0,0,0,15,24
40197,0:2:2;0:2:2;0:3:2;0:4:3,3,3,0,0,0,1,0,0,0,0,0,0,32,24
40198,0:2:2;0:2:2;0:3:2;0:4:3,3,4,0,0,0,1,0,0,0,0,0,0,54,24
40199,0:2:2;0:2:2;0:3:2;0:4:3,3,5,0,0,0,1,0,0,0,0,0,0,76,24
40200,0:2:2;0:2:2;0:3:2;0:4:3,4,0,0,0,0,1,0,0,0,0,0,0,1,24
40201,0:2:2;0:2:2;0:3:2;0:4:3,4,1,0,0,0,1,0,0,0,0,0,0,5,24
40202,0:2:2;0:2:2;0:3:2;0:4:3,4,2,0,0,0,1,0,0,0,0,0,0,15,24
40203,0:2:2;0:2:2;0:3:2;0:4:3,4,3,0,0,0,1,0,0,0,0,0,0,32,24
40204,0:2:2;0:2:2;0:3:2;0:4:3,4,4,0,0,0,1,0,0,0,0,0,0,54,24
40205,0:2:2;0:2:2;0:3:2;0:4:3,4,5,0,0,0,1,0,0,0,0,0,0,76,24
40206,0:2:2;0:2:2;0:3:2;0:4:3,5,0,0,0,0,1,0,0,0,0,0,0,1,24
40207,0:2:2;0:2:2;0:3:2;0:4:3,5,1,0,0,0,1,0,0,0,0,0,0,5,24
40208,0:2:2;0:2:2;0:3:2;0:4:3,5,2,0,0,0,1,0,0,0,0,0,0,15,24
40209,0:2:2;0:2:2;0:3:2;0:4:3,5,3,0,0,0,1,0,0,0,0,0,0,32,24
40210,0:2:2;0:2:2;0:3:2;0:4:3,5,4,0,0,0,1,0,0,0,0,0,0,54,24
40211,0:2:2;0:2:2;0:3:2;0:4:3,5,5,0,0,0,1,0,0,0,0,0,0,76,24
40212,0:2:2;0:2:2;0:3:2;1:1:1,0,0,0,0,0,1,0,0,0,0,0,0,1,24
40213,0:2:2;0:2:2;0:3:2;1:1:1,0,1,0,0,0,1,0,0,0,0,0,0,4,24
40214,0:2:2;0:2:2;0:3:2;1:1:1,0,2,0,0,0,1,0,0,0,0,0,0,19,24
40215,0:2:2;0:2:2;0:3:2;1:1:1,0,3,0,0,0,1,0,0,0,0,0,0,32,24
40216,0:2:2;0:2:2;0:3:2;1:1:1,0,4,0,0,0,1,0,0,0,0,0,0,41,24
40217,0:2:2;0:2:2;0:3:2;1:1:1,0,5,1,1,1,0,1,1,1,1,1,5,8,2
40218,0:2:2;0:2:2;0:3:2;1:1:1,1,0,0,0,0,1,0,0,0,0,0,0,5,24
40219,0:2:2;0:2:2;0:3:2;1:1:1,1,1,0,0,0,1,0,0,0,0,0,0,14,24
40220,0:2:2;0:2:2;0:3:2;1:1:1,1,2,0,0,0,1,0,0,0,0,0,0,27,24
40221,0:2:2;0:2:2;0:3:2;1:1:1,1,3,0,0,0,1,0,0,0,0,0,0,40,24
40222,0:2:2;0:2:2;0:3:2;1:1:1,1,4,0,0,0,1,0,0,0,0,0,0,49,24
40223,0:2:2;0:2:2;0:3:2;1:1:1,1,5,1,1,1,0,1,1,1,1,1,5,8,2
40224,0:2:2;0:2:2;0:3:2;1:1:1,2,0,0,0,0,1,0,0,0,0,0,0,5,24
40225,0:2:2;0:2:2;0:3:2;1:1:1,2,1,0,0,0,1,0,0,0,0,0,0,14,24
40226,0:2:2;0:2:2;0:3:2;1:1:1,2,2,0,0,0,1,0,0,0,0,0,0,27,24
40227,0:2:2;0:2:2;0:3:2;1:1:1,2,3,0,0,0,1,0,0,0,0,0,0,40,24
40228,0:2:2;0:2:2;0:3:2;1:1:1,2,4,0,0,0,1,0,0,0,0,0,0,49,24
40229,0:2:2;0:2:2;0:3:2;1:1:1,2,5,1,1,1,0,1,1,1,1,1,5,8,2
40230,0:2:2;0:2:2;0:3:2;1:1:1,3,0,0,0,0,1,0,0,0,0,0,0,5,24
40231,0:2:2;0:2:2;0:3:2;1:1:1,3,1,0,0,0,1,0,0,0,0,0,0,14,24
40232,0:2:2;0:2:2;0:3:2;1:1:1,3,2,0,0,0,1,0,0,0,0,0,0,27,24
40233,0:2:2;0:2:2;0:3:2;1:1:1,3,3,0,0,0,1,0,0,0,0,0,0,40,24
40234,0:2:2;0:2:2;0:3:2;1:1:1,3,4,0,0,0,1,0,0,0,0,0,0,49,24
40235,0:2:2;0:2:2;0:3:2;1:1:1,3,5,1,1,1,0,1,1,1,1,1,5,8,2
40236,0:2:2;0:2:2;0:3:2;1:1:1,4,0,0,0,0,1,0,0,0,0,0,0,5,24
40237,0:2:2;0:2:2;0:3:2;1:1:1,4,1,0,0,0,1,0,0,0,0,0,0,14,24
40238,0:2:2;0:2:2;0:3:2;1:1:1,4,2,0,0,0,1,0,0,0,0,0,0,27,24
40239,0:2:2;0:2:2;0:3:2;1:1:1,4,3,0,0,0,1,0,0,0,0,0,0,40,24
40240,0:2:2;0:2:2;0:3:2;1:1:1,4,4,0,0,0,1,0,0,0,0,0,0,49,24
40241,0:2:2;0:2:2;0:3:2;1:1:1,4,5,1,1,1,0,1,1,1,1,1,5,8,2
40242,0:2:2;0:2:2;0:3:2;1:1:1,5,0,0,0,0,1,0,0,0,0,0,0,5,24
40243,0:2:2;0:2:2;0:3:2;1:1:1,5,1,0,0,0,1,0,0,0,0,0,0,14,24
40244,0:2:2;0:2:2;0:3:2;1:1:1,5,2,0,0,0,1,0,0,0,0,0,0,27,24
40245,0:2:2;0:2:2;0:3:2;1:1:1,5,3,0,0,0,1,0,0,0,0,0,0,40,24
40246,0:2:2;0:2:2;0:3:2;1:1:1,5,4,0,0,0,1,0,0,0,0,0,0,49,24
40247,0:2:2;0:2:2;0:3:2;1:1:1,5,5,1,1,1,0,1,1,1,1,1,5,8,2
40248,0:2:2;0:2:2;0:3:2;1:2:1,0,0,0,0,0,1,0,0,0,0,0,0,1,24
40249,0:2:2;0:2:2;0:3:2;1:2:1,0,1,0,0,0,1,0,0,0,0,0,0,4,24
40250,0:2:2;0:2:2;0:3:2;1:2:1,0,2,0,0,0,1,0,0,0,0,0,0,25,24
40251,0:2:2;0:2:2;0:3:2;1:2:1,0,3,0,0,0,1,0,0,0,0,0,0,35,24
40252,0:2:2;0:2:2;0:3:2;1:2:1,0,4,1,1,1,0,1,1,1,1,1,5,8,2
40253,0:2:2;0:2:2;0:3:2;1:2:1,0,5,1,1,1,0,1,1,1,1,1,5,8,2
40254,0:2:2;0:2:2;0:3:2;1:2:1,1,0,0,0,0,1,0,0,0,0,0,0,11,24
40255,0:2:2;0:2:2;0:3:2;1:2:1,1,1,0,0,0,1,0,0,0,0,0,0,21,24
40256,0:2:2;0:2:2;0:3:2;1:2:1,1,2,0,0,0,1,0,0,0,0,0,0,33,24
40257,0:2:2;0:2:2;0:3:2;1:2:1,1,3,0,0,0,1,0,0,0,0,0,0,43,24
40258,0:2:2;0:2:2;0:3:2;1:2:1,1,4,1,1,1,0,1,1,1,1,1,5,8,2
40259,0:2:2;0:2:2;0:3:2;1:2:1,1,5,1,1,1,0,1,1,1,1,1,5,8,2
40260,0:2:2;0:2:2;0:3:2;1:2:1,2,0,0,0,0,1,0,0,0,0,0,0,11,24
40261,0:2:2;0:2:2;0:3:2;1:2:1,2,1,0,0,0,1,0,0,0,0,0,0,21,24
40262,0:2:2;0:2:2;0:3:2;1:2:1,2,2,0,0,0,1,0,0,0,0,0,0,33,24
40263,0:2:2;0:2:2;0:3:2;1:2:1,2,3,0,0,0,1,0,0,0,0,0,0,43,24
40264,0:2:2;0:2:2;0:3:2;1:2:1,2,4,1,1,1,0,1,1,1,1,1,5,8,2
40265,0:2:2;0:2:2;0:3:2;1:2:1,2,5,1,1,1,0,1,1,1,1,1,5,8,2
40266,0:2:2;0:2:2;0:3:2;1:2:1,3,0,0,0,0,1,0,0,0,0,0,0,11,24
40267,0:2:2;0:2:2;0:3:2;1:2:1,3,1,0,0,0,1,0,0,0,0,0,0,21,24
40268,0:2:2;0:2:2;0:3:2;1:2:1,3,2,0,0,0,1,0,0,0,0,0,0,33,24
40269,0:2:2;0:2:2;0:3:2;1:2:1,3,3,0,0,0,1,0,0,0,0,0,0,43,24
40270,0:2:2;0:2:2;0:3:2;1:2:1,3,4,1,1,1,0,1,1,1,1,1,5,8,2
40271,0:2:2;0:2:2;0:3:2;1:2:1,3,5,1,1,1,0,1,1,1,1,1,5,8,2
40272,0:2:2;0:2:2;0:3:2;1:2:1,4,0,0,0,0,1,0,0,0,0,0,0,11,24
40273,0:2:2;0:2:2;0:3:2;1:2:1,4,1,0,0,0,1,0,0,0,0,0,0,21,24
40274,0:2:2;0:2:2;0:3:2;1:2:1,4,2,0,0,0,1,0,0,0,0,0,0,33,24
40275,0:2:2;0:2:2;0:3:2;1:2:1,4,3,0,0,0,1,0,0,0,0,0,0,43,24
40276,0:2:2;0:2:2;0:3:2;1:2:1,4,4,1,1,1,0,1,1,1,1,1,5,8,2
40277,0:2:2;0:2:2;0:3:2;1:2:1,4,5,1,1,1,0,1,1,1,1,1,5,8,2
40278,0:2:2;0:2:2;0:3:2;1:2:1,5,0,0,0,0,1,0,0,0,0,0,0,11,24
40279,0:2:2;0:2:2;0:3:2;1:2:1,5,1,0,0,0,1,0,0,0,0,0,0,21,24
40280,0:2:2;0:2:2;0:3:2;1:2:1,5,2,0,0,0,1,0,0,0,0,0,0,33,24
40281,0:2:2;0:2:2;0:3:2;1:2:1,5,3,0,0,0,1,0,0,0,0,0,0,43,24
40282,0:2:2;0:2:2;0:3:2;1:2:1,5,4,1,1,1,0,1,1,1,1,1,5,8,2
40283,0:2:2;0:2:2;0:3:2;1:2:1,5,5,1,1,1,0,1,1,1,1,1,5,8,2
40284,0:2:2;0:2:2;0:3:2;1:2:2,0,0,0,0,0,1,0,0,0,0,0,0,1,24
40285,0:2:2;0:2:2;0:3:2;1:2:2,0,1,0,0,0,1,0,0,0,0,0,0,4,24
40286,0:2:2;0:2:2;0:3:2;1:2:2,0,2,0,0,0,1,0,0,0,0,0,0,28,24
40287,0:2:2;0:2:2;0:3:2;1:2:2,0,3,0,0,0,1,0,0,0,0,0,0,44,24
40288,0:2:2;0:2:2;0:3:2;1:2:2,0,4,1,1,1,0,1,1,1,1,1,5,9,2
40289,0:2:2;0:2:2;0:3:2;1:2:2,0,5,1,1,1,0,1,1,1,1,1,5,9,2
40290,0:2:2;0:2:2;0:3:2;1:2:2,1,0,0,0,0,1,0,0,0,0,0,0,2,24
40291,0:2:2;0:2:2;0:3:2;1:2:2,1,1,0,0,0,1,0,0,0,0,0,0,8,24
40292,0:2:2;0:2:2;0:3:2;1:2:2,1,2,0,0,0,1,0,0,0,0,0,0,35,24
40293,0:2:2;0:2:2;0:3:2;1:2:2,1,3,0,0,0,1,0,0,0,0,0,0,52,24
40294,0:2:2;0:2:2;0:3:2;1:2:2,1,4,1,1,1,0,1,1,1,1,1,5,9,2
40295,0:2:2;0:2:2;0:3:2;1:2:2,1,5,1,1,1,0,1,1,1,1,1,5,9,2
40296,0:2:2;0:2:2;0:3:2;1:2:2,2,0,0,0,0,1,0,0,0,0,0,0,12,24
40297,0:2:2;0:2:2;0:3:2;1:2:2,2,1,0,0,0,1,0,0,0,0,0,0,25,24
40298,0:2:2;0:2:2;0:3:2;1:2:2,2,2,0,0,0,1,0,0,0,0,0,0,43,24
40299,0:2:2;0:2:2;0:3:2;1:2:2,2,3,0,0,0,1,0,0,0,0,0,0,60,24
40300,0:2:2;0:2:2;0:3:2;1:2:2,2,4,1,1,1,0,1,1,1,1,1,5,9,2
40301,0:2:2;0:2:2;0:3:2;1:2:2,2,5,1,1,1,0,1,1,1,1,1,5,9,2
40302,0:2:2;0:2:2;0:3:2;1:2:2,3,0,0,0,0,1,0,0,0,0,0,0,12,24
40303,0:2:2;0:2:2;0:3:2;1:2:2,3,1,0,0,0,1,0,0,0,0,0,0,25,24
40304,0:2:2;0:2:2;0:3:2;1:2:2,3,2,0,0,0,1,0,0,0,0,0,0,43,24
40305,0:2:2;0:2:2;0:3:2;1:2:2,3,3,0,0,0,1,0,0,0,0,0,0,60,24
40306,0:2:2;0:2:2;0:3:2;1:2:2,3,4,1,1,1,0,1,1,1,1,1,5,9,2
40307,0:2:2;0:2:2;0:3:2;1:2:2,3,5,1,1,1,0,1,1,1,1,1,5,9,2
40308,0:2:2;0:2:2;0:3:2;1:2:2,4,0,0,0,0,1,0,0,0,0,0,0,12,24
40309,0:2:2;0:2:2;0:3:2;1:2:2,4,1,0,0,0,1,0,0,0,0,0,0,25,24
40310,0:2:2;0:2:2;0:3:2;1:2:2,4,2,0,0,0,1,0,0,0,0,0,0,43,24
40311,0:2:2;0:2:2;0:3:2;1:2:2,4,3,0,0,0,1,0,0,0,0,0,0,60,24
40312,0:2:2;0:2:2;0:3:2;1:2:2,4,4,1,1,1,0,1,1,1,1,1,5,9,2
40313,0:2:2;0:2:2;0:3:2;1:2:2,4,5,1,1,1,0,1,1,1,1,1,5,9,2
40314,0:2:2;0:2:2;0:3:2;1:2:2,5,0,0,0,0,1,0,0,0,0,0,0,12,24
40315,0:2:2;0:2:2;0:3:2;1:2:2,5,1,0,0,0,1,0,0,0,0,0,0,25,24
40316,0:2:2;0:2:2;0:3:2;1:2:2,5,2,0,0,0,1,0,0,0,0,0,0,43,24
40317,0:2:2;0:2:2;0:3:2;1:2:2,5,3,0,0,0,1,0,0,0,0,0,0,60,24
40318,0:2:2;0:2:2;0:3:2;1:2:2,5,4,1,1,1,0,1,1,1,1,1,5,9,2
40319,0:2:2;0:2:2;0:3:2;1:2:2,5,5,1,1,1,0,1,1,1,1,1,5,9,2
40320,0:2:2;0:2:2;0:3:2;1:3:2,0,0,0,0,0,1,0,0,0,0,0,0,1,24
40321,0:2:2;0:2:2;0:3:2;1:3:2,0,1,0,0,0,1,0,0,0,0,0,0,4,24
40322,0:2:2;0:2:2;0:3:2;1:3:2,0,2,0,0,0,1,0,0,0,0,0,0,31,24
40323,0:2:2;0:2:2;0:3:2;1:3:2,0,3,1,1,1,0,1,1,1,1,1,5,9,5
40324,0:2:2;0:2:2;0:3:2;1:3:2,0,4,1,1,1,0,1,1,1,1,1,5,9,2
40325,0:2:2;0:2:2;0:3:2;1:3:2,0,5,1,1,1,0,1,1,1,1,1,5,9,2
40326,0:2:2;0:2:2;0:3:2;1:3:2,1,0,0,0,0,1,0,0,0,0,0,0,2,24
40327,0:2:2;0:2:2;0:3:2;1:3:2,1,1,0,0,0,1,0,0,0,0,0,0,8,24
40328,0:2:2;0:2:2;0:3:2;1:3:2,1,2,0,0,0,1,0,0,0,0,0,0,38,24
40329,0:2:2;0:2:2;0:3:2;1:3:2,1,3,1,1,1,0,1,1,1,1,1,5,9,5
40330,0:2:2;0:2:2;0:3:2;1:3:2,1,4,1,1,1,0,1,1,1,1,1,5,9,2
40331,0:2:2;0:2:2;0:3:2;1:3:2,1,5,1,1,1,0,1,1,1,1,1,5,9,2
40332,0:2:2;0:2:2;0:3:2;1:3:2,2,0,0,0,0,1,0,0,0,0,0,0,19,24
40333,0:2:2;0:2:2;0:3:2;1:3:2,2,1,0,0,0,1,0,0,0,0,0,0,31,24
40334,0:2:2;0:2:2;0:3:2;1:3:2,2,2,0,0,0,1,0,0,0,0,0,0,46,24
40335,0:2:2;0:2:2;0:3:2;1:3:2,2,3,1,1,1,0,1,1,1,1,1,5,9,5
40336,0:2:2;0:2:2;0:3:2;1:3:2,2,4,1,1,1,0,1,1,1,1,1,5,9,2
40337,0:2:2;0:2:2;0:3:2;1:3:2,2,5,1,1,1,0,1,1,1,1,1,5,9,2
40338,0:2:2;0:2:2;0:3:2;1:3:2,3,0,0,0,0,1,0,0,0,0,0,0,19,24
40339,0:2:2;0:2:2;0:3:2;1:3:2,3,1,0,0,0,1,0,0,0,0,0,0,31,24
40340,0:2:2;0:2:2;0:3:2;1:3:2,3,2,0,0,0,1,0,0,0,0,0,0,46,24
40341,0:2:2;0:2:2;0:3:2;1:3:2,3,3,1,1,1,0,1,1,1,1,1,5,9,5
40342,0:2:2;0:2:2;0:3:2;1:3:2,3,4,1,1,1,0,1,1,1,1,1,5,9,2
40343,0:2:2;0:2:2;0:3:2;1:3:2,3,5,1,1,1,0,1,1,1,1,1,5,9,2
40344,0:2:2;0:2:2;0:3:2;1:3:2,4,0,0,0,0,1,0,0,0,0,0,0,19,24
40345,0:2:2;0:2:2;0:3:2;1:3:2,4,1,0,0,0,1,0,0,0,0,0,0,31,24
40346,0:2:2;0:2:2;0:3:2;1:3:2,4,2,0,0,0,1,0,0,0,0,0,0,46,24
40347,0:2:2;0:2:2;0:3:2;1:3:2,4,3,1,1,1,0,1,1,1,1,1,5,9,5
40348,0:2:2;0:2:2;0:3:2;1:3:2,4,4,1,1,1,0,1,1,1,1,1,5,9,2
40349,0:2:2;0:2:2;0:3:2;1:3:2,4,5,1,1,1,0,1,1,1,1,1,5,9,2
40350,0:2:2;0:2:2;0:3:2;1:3:2,5,0,0,0,0,1,0,0,0,0,0,0,19,24
40351,0:2:2;0:2:2;0:3:2;1:3:2,5,1,0,0,0,1,0,0,0,0,0,0,31,24
40352,0:2:2;0:2:2;0:3:2;1:3:2,5,2,0,0,0,1,0,0,0,0,0,0,46,24
40353,0:2:2;0:2:2;0:3:2;1:3:2,5,3,1,1,1,0,1,1,1,1,1,5,9,5
40354,0:2:2;0:2:2;0:3:2;1:3:2,5,4,1,1,1,0,1,1,1,1,1,5,9,2
40355,0:2:2;0:2:2;0:3:2;1:3:2,5,5,1,1,1,0,1,1,1,1,1,5,9,2
40356,0:2:2;0:2:2;0:3:2;1:3:3,0,0,0,0,0,1,0,0,0,0,0,0,1,24
40357,0:2:2;0:2:2;0:3:2;1:3:3,0,1,0,0,0,1,0,0,0,0,0,0,4,24
40358,0:2:2;0:2:2;0:3:2;1:3:3,0,2,0,0,0,1,0,0,0,0,0,0,24,24
40359,0:2:2;0:2:2;0:3:2;1:3:3,0,3,1,1,0,1,0,0,0,1,1,7,24,17
40360,0:2:2;0:2:2;0:3:2;1:3:3,0,4,1,1,1,0,1,1,1,1,1,5,10,2
40361,0:2:2;0:2:2;0:3:2;1:3:3,0,5,1,1,1,0,1,1,1,1,1,5,10,2
40362,0:2:2;0:2:2;0:3:2;1:3:3,1,0,0,0,0,1,0,0,0,0,0,0,2,24
40363,0:2:2;0:2:2;0:3:2;1:3:3,1,1,0,0,0,1,0,0,0,0,0,0,8,24
40364,0:2:2;0:2:2;0:3:2;1:3:3,1,2,0,0,0,1,0,0,0,0,0,0,41,24
40365,0:2:2;0:2:2;0:3:2;1:3:3,1,3,1,1,1,0,1,1,1,1,1,5,10,5
40366,0:2:2;0:2:2;0:3:2;1:3:3,1,4,1,1,1,0,1,1,1,1,1,5,10,2
40367,0:2:2;0:2:2;0:3:2;1:3:3,1,5,1,1,1,0,1,1,1,1,1,5,10,2
40368,0:2:2;0:2:2;0:3:2;1:3:3,2,0,0,0,0,1,0,0,0,0,0,0,3,24
40369,0:2:2;0:2:2;0:3:2;1:3:3,2,1,0,0,0,1,0,0,0,0,0,0,12,24
40370,0:2:2;0:2:2;0:3:2;1:3:3,2,2,0,0,0,1,0,0,0,0,0,0,48,24
40371,0:2:2;0:2:2;0:3:2;1:3:3,2,3,1,1,1,0,1,1,1,1,1,5,10,5
40372,0:2:2;0:2:2;0:3:2;1:3:3,2,4,1,1,1,0,1,1,1,1,1,5,10,2
40373,0:2:2;0:2:2;0:3:2;1:3:3,2,5,1,1,1,0,1,1,1,1,1,5,10,2
40374,0:2:2;0:2:2;0:3:2;1:3:3,3,0,0,0,0,1,0,0,0,0,0,0,20,24
40375,0:2:2;0:2:2;0:3:2;1:3:3,3,1,0,0,0,1,0,0,0,0,0,0,35,24
40376,0:2:2;0:2:2;0:3:2;1:3:3,3,2,0,0,0,1,0,0,0,0,0,0,56,24
40377,0:2:2;0:2:2;0:3:2;1:3:3,3,3,1,1,1,0,1,1,1,1,1,5,10,5
40378,0:2:2;0:2:2;0:3:2;1:3:3,3,4,1,1,1,0,1,1,1,1,1,5,10,2
40379,0:2:2;0:2:2;0:3:2;1:3:3,3,5,1,1,1,0,1,1,1,1,1,5,10,2
40380,0:2:2;0:2:2;0:3:2;1:3:3,4,0,0,0,0,1,0,0,0,0,0,0,20,24
40381,0:2:2;0:2:2;0:3:2;1:3:3,4,1,0,0,0,1,0,0,0,0,0,0,35,24
40382,0:2:2;0:2:2;0:3:2;1:3:3,4,2,0,0,0,1,0,0,0,0,0,0,56,24
40383,0:2:2;0:2:2;0:3:2;1:3:3,4,3,1,1,1,0,1,1,1,1,1,5,10,5
40384,0:2:2;0:2:2;0:3:2;1:3:3,4,4,1,1,1,0,1,1,1,1,1,5,10,2
40385,0:2:2;0:2:2;0:3:2;1:3:3,4,5,1,1,1,0,1,1,1,1,1,5,10,2
40386,0:2:2;0:2:2;0:3:2;1:3:3,5,0,0,0,0,1,0,0,0,0,0,0,20,24
40387,0:2:2;0:2:2;0:3:2;1:3:3,5,1,0,0,0,1,0,0,0,0,0,0,35,24
40388,0:2:2;0:2:2;0:3:2;1:3:3,5,2,0,0,0,1,0,0,0,0,0,0,56,24
40389,0:2:2;0:2:2;0:3:2;1:3:3,5,3,1,1,1,0,1,1,1,1,1,5,10,5
40390,0:2:2;0:2:2;0:3:2;1:3:3,5,4,1,1,1,0,1,1,1,1,1,5,10,2
40391,0:2:2;0:2:2;0:3:2;1:3:3,5,5,1,1,1,0,1,1,1,1,1,5,10,2
40392,0:2:2;0:2:2;0:3:2;1:4:3,0,0,0,0,0,1,0,0,0,0,0,0,1,24
40393,0:2:2;0:2:2;0:3:2;1:4:3,0,1,0,0,0,1,0,0,0,0,0,0,4,24
40394,0:2:2;0:2:2;0:3:2;1:4:3,0,2,1,1,0,1,0,0,0,1,1,7,21,17
40395,0:2:2;0:2:2;0:3:2;1:4:3,0,3,1,1,0,1,0,0,0,1,1,7,24,17
40396,0:2:2;0:2:2;0:3:2;1:4:3,0,4,1,1,1,0,1,1,1,1,1,5,10,2
40397,0:2:2;0:2:2;0:3:2;1:4:3,0,5,1,1,1,0,1,1,1,1,1,5,10,2
40398,0:2:2;0:2:2;0:3:2;1:4:3,1,0,0,0,0,1,0,0,0,0,0,0,2,24
40399,0:2:2;0:2:2;0:3:2;1:4:3,1,1,0,0,0,1,0,0,0,0,0,0,8,24
40400,0:2:2;0:2:2;0:3:2;1:4:3,1,2,1,1,0,0,1,1,1,1,1,5,10,5
40401,0:2:2;0:2:2;0:3:2;1:4:3,1,3,1,1,1,0,1,1,1,1,1,5,10,5
40402,0:2:2;0:2:2;0:3:2;1:4:3,1,4,1,1,1,0,1,1,1,1,1,5,10,2
40403,0:2:2;0:2:2;0:3:2;1:4:3,1,5,1,1,1,0,1,1,1,1,1,5,10,2
40404,0:2:2;0:2:2;0:3:2;1:4:3,2,0,0,0,0,1,0,0,0,0,0,0,3,24
40405,0:2:2;0:2:2;0:3:2;1:4:3,2,1,0,0,0,1,0,0,0,0,0,0,12,24
40406,0:2:2;0:2:2;0:3:2;1:4:3,2,2,1,1,1,0,1,1,1,1,1,5,10,5
40407,0:2:2;0:2:2;0:3:2;1:4:3,2,3,1,1,1,0,1,1,1,1,1,5,10,5
40408,0:2:2;0:2:2;0:3:2;1:4:3,2,4,1,1,1,0,1,1,1,1,1,5,10,2
40409,0:2:2;0:2:2;0:3:2;1:4:3,2,5,1,1,1,0,1,1,1,1,1,5,10,2
40410,0:2:2;0:2:2;0:3:2;1:4:3,3,0,0,0,0,1,0,0,0,0,0,0,26,24
40411,0:2:2;0:2:2;0:3:2;1:4:3,3,1,0,0,0,1,0,0,0,0,0,0,38,24
40412,0:2:2;0:2:2;0:3:2;1:4:3,3,2,1,1,1,0,1,1,1,1,1,5,10,5
40413,0:2:2;0:2:2;0:3:2;1:4:3,3,3,1,1,1,0,1,1,1,1,1,5,10,5
40414,0:2:2;0:2:2;0:3:2;1:4:3,3,4,1,1,1,0,1,1,1,1,1,5,10,2
40415,0:2:2;0:2:2;0:3:2;1:4:3,3,5,1,1,1,0,1,1,1,1,1,5,10,2
40416,0:2:2;0:2:2;0:3:2;1:4:3,4,0,0,0,0,1,0,0,0,0,0,0,26,24
40417,0:2:2;0:2:2;0:3:2;1:4:3,4,1,0,0,0,1,0,0,0,0,0,0,38,24
40418,0:2:2;0:2:2;0:3:2;1:4:3,4,2,1,1,1,0,1,1,1,1,1,5,10,5
40419,0:2:2;0:2:2;0:3:2;1:4:3,4,3,1,1,1,0,1,1,1,1,1,5,10,5
40420,0:2:2;0:2:2;0:3:2;1:4:3,4,4,1,1,1,0,1,1,1,1,1,5,10,2
40421,0:2:2;0:2:2;0:3:2;1:4:3,4,5,1,1,1,0,1,1,1,1,1,5,10,2
40422,0:2:2;0:2:2;0:3:2;1:4:3,5,0,0,0,0,1,0,0,0,0,0,0,26,24
40423,0:2:2;0:2:2;0:3:2;1:4:3,5,1,0,0,0,1,0,0,0,0,0,0,38,24
40424,0:2:2;0:2:2;0:3:2;1:4:3,5,2,1,1,1,0,1,1,1,1,1,5,10,5
40425,0:2:2;0:2:2;0:3:2;1:4:3,5,3,1,1,1,0,1,1,1,1,1,5,10,5
40426,0:2:2;0:2:2;0:3:2;1:4:3,5,4,1,1,1,0,1,1,1,1,1,5,10,2
40427,0:2:2;0:2:2;0:3:2;1:4:3,5,5,1,1,1,0,1,1,1,1,1,5,10,2
40428,0:2:2;0:2:2;0:3:3;0:3:3,0,0,0,0,0,1,0,0,0,0,0,0,1,24
40429,0:2:2;0:2:2;0:3:3;0:3:3,0,1,0,0,0,1,0,0,0,0,0,0,5,24
40430,0:2:2;0:2:2;0:3:3;0:3:3,0,2,0,0,0,1,0,0,0,0,0,0,15,24
40431,0:2:2;0:2:2;0:3:3;0:3:3,0,3,0,0,0,1,0,0,0,0,0,0,33,24
40432,0:2:2;0:2:2;0:3:3;0:3:3,0,4,0,0,0,1,0,0,0,0,0,0,58,24
40433,0:2:2;0:2:2;0:3:3;0:3:3,0,5,0,0,0,1,0,0,0,0,0,0,86,24
40434,0:2:2;0:2:2;0:3:3;0:3:3,1,0,0,0,0,1,0,0,0,0,0,0,1,24
40435,0:2:2;0:2:2;0:3:3;0:3:3,1,1,0,0,0,1,0,0,0,0,0,0,5,24
40436,0:2:2;0:2:2;0:3:3;0:3:3,1,2,0,0,0,1,0,0,0,0,0,0,15,24
40437,0:2:2;0:2:2;0:3:3;0:3:3,1,3,0,0,0,1,0,0,0,0,0,0,33,24
40438,0:2:2;0:2:2;0:3:3;0:3:3,1,4,0,0,0,1,0,0,0,0,0,0,58,24
40439,0:2:2;0:2:2;0:3:3;0:3:3,1,5,0,0,0,1,0,0,0,0,0,0,86,24
40440,0:2:2;0:2:2;0:3:3;0:3:3,2,0,0,0,0,1,0,0,0,0,0,0,1,24
40441,0:2:2;0:2:2;0:3:3;0:3:3,2,1,0,0,0,1,0,0,0,0,0,0,5,24
40442,0:2:2;0:2:2;0:3:3;0:3:3,2,2,0,0,0,1,0,0,0,0,0,0,15,24
40443,0:2:2;0:2:2;0:3:3;0:3:3,2,3,0,0,0,1,0,0,0,0,0,0,33,24
40444,0:2:2;0:2:2;0:3:3;0:3:3,2,4,0,0,0,1,0,0,0,0,0,0,58,24
40445,0:2:2;0:2:2;0:3:3;0:3:3,2,5,0,0,0,1,0,0,0,0,0,0,86,24
40446,0:2:2;0:2:2;0:3:3;0:3:3,3,0,0,0,0,1,0,0,0,0,0,0,1,24
40447,0:2:2;0:2:2;0:3:3;0:3:3,3,1,0,0,0,1,0,0,0,0,0,0,5,24
40448,0:2:2;0:2:2;0:3:3;0:3:3,3,2,0,0,0,1,0,0,0,0,0,0,15,24
40449,0:2:2;0:2:2;0:3:3;0:3:3,3,3,0,0,0,1,0,0,0,0,0,0,33,24
40450,0:2:2;0:2:2;0:3:3;0:3:3,3,4,0,0,0,1,0,0,0,0,0,0,58,24
40451,0:2:2;0:2:2;0:3:3;0:3:3,3,5,0,0,0,1,0,0,0,0,0,0,86,24
40452,0:2:2;0:2:2;0:3:3;0:3:3,4,0,0,0,0,1,0,0,0,0,0,0,1,24
40453,0:2:2;0:2:2;0:3:3;0:3:3,4,1,0,0,0,1,0,0,0,0,0,0,5,24
40454,0:2:2;0:2:2;0:3:3;0:3:3,4,2,0,0,0,1,0,0,0,0,0,0,15,24
40455,0:2:2;0:2:2;0:3:3;0:3:3,4,3,0,0,0,1,0,0,0,0,0,0,33,24
40456,0:2:2;0:2:2;0:3:3;0:3:3,4,4,0,0,0,1,0,0,0,0,0,0,58,24
40457,0:2:2;0:2:2;0:3:3;0:3:3,4,5,0,0,0,1,0,0,0,0,0,0,86,24
40458,0:2:2;0:2:2;0:3:3;0:3:3,5,0,0,0,0,1,0,0,0,0,0,0,1,24
40459,0:2:2;0:2:2;0:3:3;0:3:3,5,1,0,0,0,1,0,0,0,0,0,0,5,24
40460,0:2:2;0:2:2;0:3:3;0:3:3,5,2,0,0,0,1,0,0,0,0,0,0,15,24
40461,0:2:2;0:2:2;0:3:3;0:3:3,5,3,0,0,0,1,0,0,0,0,0,0,33,24
40462,0:2:2;0:2:2;0:3:3;0:3:3,5,4,0,0,0,1,0,0,0,0,0,0,58,24
40463,0:2:2;0:2:2;0:3:3;0:3:3,5,5,0,0,0,1,0,0,0,0,0,0,86,24
40464,0:2:2;0:2:2;0:3:3;0:4:3,0,0,0,0,0,1,0,0,0,0,0,0,1,24
40465,0:2:2;0:2:2;0:3:3;0:4:3,0,1,0,0,0,1,0,0,0,0,0,0,5,24
40466,0:2:2;0:2:2;0:3:3;0:4:3,0,2,0,0,0,1,0,0,0,0,0,0,15,24
40467,0:2:2;0:2:2;0:3:3;0:4:3,0,3,0,0,0,1,0,0,0,0,0,0,33,24
40468,0:2:2;0:2:2;0:3:3;0:4:3,0,4,0,0,0,1,0,0,0,0,0,0,58,24
40469,0:2:2;0:2:2;0:3:3;0:4:3,0,5,0,0,0,1,0,0,0,0,0,0,86,24
40470,0:2:2;0:2:2;0:3:3;0:4:3,1,0,0,0,0,1,0,0,0,0,0,0,1,24
40471,0:2:2;0:2:2;0:3:3;0:4:3,1,1,0,0,0,1,0,0,0,0,0,0,5,24
40472,0:2:2;0:2:2;0:3:3;0:4:3,1,2,0,0,0,1,0,0,0,0,0,0,15,24
40473,0:2:2;0:2:2;0:3:3;0:4:3,1,3,0,0,0,1,0,0,0,0,0,0,33,24
40474,0:2:2;0:2:2;0:3:3;0:4:3,1,4,0,0,0,1,0,0,0,0,0,0,58,24
40475,0:2:2;0:2:2;0:3:3;0:4:3,1,5,0,0,0,1,0,0,0,0,0,0,86,24
40476,0:2:2;0:2:2;0:3:3;0:4:3,2,0,0,0,0,1,0,0,0,0,0,0,1,24
40477,0:2:2;0:2:2;0:3:3;0:4:3,2,1,0,0,0,1,0,0,0,0,0,0,5,24
40478,0:2:2;0:2:2;0:3:3;0:4:3,2,2,0,0,0,1,0,0,0,0,0,0,15,24
40479,0:2:2;0:2:2;0:3:3;0:4:3,2,3,0,0,0,1,0,0,0,0,0,0,33,24
40480,0:2:2;0:2:2;0:3:3;0:4:3,2,4,0,0,0,1,0,0,0,0,0,0,58,24
40481,0:2:2;0:2:2;0:3:3;0:4:3,2,5,0,0,0,1,0,0,0,0,0,0,86,24
40482,0:2:2;0:2:2;0:3:3;0:4:3,3,0,0,0,0,1,0,0,0,0,0,0,1,24
40483,0:2:2;0:2:2;0:3:3;0:4:3,3,1,0,0,0,1,0,0,0,0,0,0,5,24
40484,0:2:2;0:2:2;0:3:3;0:4:3,3,2,0,0,0,1,0,0,0,0,0,0,15,24
40485,0:2:2;0:2:2;0:3:3;0:4:3,3,3,0,0,0,1,0,0,0,0,0,0,33,24
40486,0:2:2;0:2:2;0:3:3;0:4:3,3,4,0,0,0,1,0,0,0,0,0,0,58,24
40487,0:2:2;0:2:2;0:3:3;0:4:3,3,5,0,0,0,1,0,0,0,0,0,0,86,24
40488,0:2:2;0:2:2;0:3:3;0:4:3,4,0,0,0,0,1,0,0,0,0,0,0,1,24
40489,0:2:2;0:2:2;0:3:3;0:4:3,4,1,0,0,0,1,0,0,0,0,0,0,5,24
40490,0:2:2;0:2:2;0:3:3;0:4:3,4,2,0,0,0,1,0,0,0,0,0,0,15,24
40491,0:2:2;0:2:2;0:3:3;0:4:3,4,3,0,0,0,1,0,0,0,0,0,0,33,24
40492,0:2:2;0:2:2;0:3:3;0:4:3,4,4,0,0,0,1,0,0,0,0,0,0,58,24
40493,0:2:2;0:2:2;0:3:3;0:4:3,4,5,0,0,0,1,0,0,0,0,0,0,86,24
40494,0:2:2;0:2:2;0:3:3;0:4:3,5,0,0,0,0,1,0,0,0,0,0,0,1,24
40495,0:2:2;0:2:2;0:3:3;0:4:3,5,1,0,0,0,1,0,0,0,0,0,0,5,24
40496,0:2:2;0:2:2;0:3:3;0:4:3,5,2,0,0,0,1,0,0,0,0,0,0,15,24
40497,0:2:2;0:2:2;0:3:3;0:4:3,5,3,0,0,0,1,0,0,0,0,0,0,33,24
40498,0:2:2;0:2:2;0:3:3;0:4:3,5,4,0,0,0,1,0,0,0,0,0,0,58,24
40499,0:2:2;0:2:2;0:3:3;0:4:3,5,5,0,0,0,1,0,0,0,0,0,0,86,24
40500,0:2:2;0:2:2;0:3:3;1:1:1,0,0,0,0,0,1,0,0,0,0,0,0,1,24
40501,0:2:2;0:2:2;0:3:3;1:1:1,0,1,0,0,0,1,0,0,0,0,0,0,4,24
40502,0:2:2;0:2:2;0:3:3;1:1:1,0,2,0,0,0,1,0,0,0,0,0,0,16,24
40503,0:2:2;0:2:2;0:3:3;1:1:1,0,3,0,0,0,1,0,0,0,0,0,0,32,24
40504,0:2:2;0:2:2;0:3:3;1:1:1,0,4,0,0,0,1,0,0,0,0,0,0,46,24
40505,0:2:2;0:2:2;0:3:3;1:1:1,0,5,0,0,0,1,0,0,0,0,0,0,55,24
40506,0:2:2;0:2:2;0:3:3;1:1:1,1,0,0,0,0,1,0,0,0,0,0,0,5,24
40507,0:2:2;0:2:2;0:3:3;1:1:1,1,1,0,0,0,1,0,0,0,0,0,0,14,24
40508,0:2:2;0:2:2;0:3:3;1:1:1,1,2,0,0,0,1,0,0,0,0,0,0,28,24
40509,0:2:2;0:2:2;0:3:3;1:1:1,1,3,0,0,0,1,0,0,0,0,0,0,44,24
40510,0:2:2;0:2:2;0:3:3;1:1:1,1,4,0,0,0,1,0,0,0,0,0,0,58,24
40511,0:2:2;0:2:2;0:3:3;1:1:1,1,5,0,0,0,1,0,0,0,0,0,0,67,24
40512,0:2:2;0:2:2;0:3:3;1:1:1,2,0,0,0,0,1,0,0,0,0,0,0,5,24
40513,0:2:2;0:2:2;0:3:3;1:1:1,2,1,0,0,0,1,0,0,0,0,0,0,14,24
40514,0:2:2;0:2:2;0:3:3;1:1:1,2,2,0,0,0,1,0,0,0,0,0,0,28,24
40515,0:2:2;0:2:2;0:3:3;1:1:1,2,3,0,0,0,1,0,0,0,0,0,0,44,24
40516,0:2:2;0:2:2;0:3:3;1:1:1,2,4,0,0,0,1,0,0,0,0,0,0,58,24
40517,0:2:2;0:2:2;0:3:3;1:1:1,2,5,0,0,0,1,0,0,0,0,0,0,67,24
40518,0:2:2;0:2:2;0:3:3;1:1:1,3,0,0,0,0,1,0,0,0,0,0,0,5,24
40519,0:2:2;0:2:2;0:3:3;1:1:1,3,1,0,0,0,1,0,0,0,0,0,0,14,24
40520,0:2:2;0:2:2;0:3:3;1:1:1,3,2,0,0,0,1,0,0,0,0,0,0,28,24
40521,0:2:2;0:2:2;0:3:3;1:1:1,3,3,0,0,0,1,0,0,0,0,0,0,44,24
40522,0:2:2;0:2:2;0:3:3;1:1:1,3,4,0,0,0,1,0,0,0,0,0,0,58,24
40523,0:2:2;0:2:2;0:3:3;1:1:1,3,5,0,0,0,1,0,0,0,0,0,0,67,24
40524,0:2:2;0:2:2;0:3:3;1:1:1,4,0,0,0,0,1,0,0,0,0,0,0,5,24
40525,0:2:2;0:2:2;0:3:3;1:1:1,4,1,0,0,0,1,0,0,0,0,0,0,14,24
40526,0:2:2;0:2:2;0:3:3;1:1:1,4,2,0,0,0,1,0,0,0,0,0,0,28,24
40527,0:2:2;0:2:2;0:3:3;1:1:1,4,3,0,0,0,1,0,0,0,0,0,0,44,24
40528,0:2:2;0:2:2;0:3:3;1:1:1,4,4,0,0,0,1,0,0,0,0,0,0,58,24
40529,0:2:2;0:2:2;0:3:3;1:1:1,4,5,0,0,0,1,0,0,0,0,0,0,67,24
40530,0:2:2;0:2:2;0:3:3;1:1:1,5,0,0,0,0,1,0,0,0,0,0,0,5,24
40531,0:2:2;0:2:2;0:3:3;1:1:1,5,1,0,0,0,1,0,0,0,0,0,0,14,24
40532,0:2:2;0:2:2;0:3:3;1:1:1,5,2,0,0,0,1,0,0,0,0,0,0,28,24
40533,0:2:2;0:2:2;0:3:3;1:1:1,5,3,0,0,0,1,0,0,0,0,0,0,44,24
40534,0:2:2;0:2:2;0:3:3;1:1:1,5,4,0,0,0,1,0,0,0,0,0,0,58,24
40535,0:2:2;0:2:2;0:3:3;1:1:1,5,5,0,0,0,1,0,0,0,0,0,0,67,24
40536,0:2:2;0:2:2;0:3:3;1:2:1,0,0,0,0,0,1,0,0,0,0,0,0,1,24
40537,0:2:2;0:2:2;0:3:3;1:2:1,0,1,0,0,0,1,0,0,0,0,0,0,4,24
40538,0:2:2;0:2:2;0:3:3;1:2:1,0,2,0,0,0,1,0,0,0,0,0,0,21,24
40539,0:2:2;0:2:2;0:3:3;1:2:1,0,3,0,0,0,1,0,0,0,0,0,0,38,24
40540,0:2:2;0:2:2;0:3:3;1:2:1,0,4,0,0,0,1,0,0,0,0,0,0,49,24
40541,0:2:2;0:2:2;0:3:3;1:2:1,0,5,1,1,1,0,1,1,1,1,1,5,9,2
40542,0:2:2;0:2:2;0:3:3;1:2:1,1,0,0,0,0,1,0,0,0,0,0,0,11,24
40543,0:2:2;0:2:2;0:3:3;1:2:1,1,1,0,0,0,1,0,0,0,0,0,0,22,24
40544,0:2:2;0:2:2;0:3:3;1:2:1,1,2,0,0,0,1,0,0,0,0,0,0,36,24
40545,0:2:2;0:2:2;0:3:3;1:2:1,1,3,0,0,0,1,0,0,0,0,0,0,50,24
40546,0:2:2;0:2:2;0:3:3;1:2:1,1,4,0,0,0,1,0,0,0,0,0,0,61,24
40547,0:2:2;0:2:2;0:3:3;1:2:1,1,5,1,1,1,0,1,1,1,1,1,5,9,2
40548,0:2:2;0:2:2;0:3:3;1:2:1,2,0,0,0,0,1,0,0,0,0,0,0,11,24
40549,0:2:2;0:2:2;0:3:3;1:2:1,2,1,0,0,0,1,0,0,0,0,0,0,22,24
40550,0:2:2;0:2:2;0:3:3;1:2:1,2,2,0,0,0,1,0,0,0,0,0,0,36,24
40551,0:2:2;0:2:2;0:3:3;1:2:1,2,3,0,0,0,1,0,0,0,0,0,0,50,24
40552,0:2:2;0:2:2;0:3:3;1:2:1,2,4,0,0,0,1,0,0,0,0,0,0,61,24
40553,0:2:2;0:2:2;0:3:3;1:2:1,2,5,1,1,1,0,1,1,1,1,1,5,9,2
40554,0:2:2;0:2:2;0:3:3;1:2:1,3,0,0,0,0,1,0,0,0,0,0,0,11,24
40555,0:2:2;0:2:2;0:3:3;1:2:1,3,1,0,0,0,1,0,0,0,0,0,0,22,24
40556,0:2:2;0:2:2;0:3:3;1:2:1,3,2,0,0,0,1,0,0,0,0,0,0,36,24
40557,0:2:2;0:2:2;0:3:3;1:2:1,3,3,0,0,0,1,0,0,0,0,0,0,50,24
40558,0:2:2;0:2:2;0:3:3;1:2:1,3,4,0,0,0,1,0,0,0,0,0,0,61,24
40559,0:2:2;0:2:2;0:3:3;1:2:1,3,5,1,1,1,0,1,1,1,1,1,5,9,2
40560,0:2:2;0:2:2;0:3:3;1:2:1,4,0,0,0,0,1,0,0,0,0,0,0,11,24
40561,0:2:2;0:2:2;0:3:3;1:2:1,4,1,0,0,0,1,0,0,0,0,0,0,22,24
40562,0:2:2;0:2:2;0:3:3;1:2:1,4,2,0,0,0,1,0,0,0,0,0,0,36,24
40563,0:2:2;0:2:2;0:3:3;1:2:1,4,3,0,0,0,1,0,0,0,0,0,0,50,24
40564,0:2:2;0:2:2;0:3:3;1:2:1,4,4,0,0,0,1,0,0,0,0,0,0,61,24
40565,0:2:2;0:2:2;0:3:3;1:2:1,4,5,1,1,1,0,1,1,1,1,1,5,9,2
40566,0:2:2;0:2:2;0:3:3;1:2:1,5,0,0,0,0,1,0,0,0,0,0,0,11,24
40567,0:2:2;0:2:2;0:3:3;1:2:1,5,1,0,0,0,1,0,0,0,0,0,0,22,24
40568,0:2:2;0:2:2;0:3:3;1:2:1,5,2,0,0,0,1,0,0,0,0,0,0,36,24
40569,0:2:2;0:2:2;0:3:3;1:2:1,5,3,0,0,0,1,0,0,0,0,0,0,50,24
40570,0:2:2;0:2:2;0:3:3;1:2:1,5,4,0,0,0,1,0,0,0,0,0,0,61,24
40571,0:2:2;0:2:2;0:3:3;1:2:1,5,5,1,1,1,0,1,1,1,1,1,5,9,2
40572,0:2:2;0:2:2;0:3:3;1:2:2,0,0,0,0,0,1,0,0,0,0,0,0,1,24
40573,0:2:2;0:2:2;0:3:3;1:2:2,0,1,0,0,0,1,0,0,0,0,0,0,4,24
40574,0:2:2;0:2:2;0:3:3;1:2:2,0,2,0,0,0,1,0,0,0,0,0,0,23,24
40575,0:2:2;0:2:2;0:3:3;1:2:2,0,3,0,0,0,1,0,0,0,0,0,0,45,24
40576,0:2:2;0:2:2;0:3:3;1:2:2,0,4,0,0,0,1,0,0,0,0,0,0,63,24
40577,0:2:2;0:2:2;0:3:3;1:2:2,0,5,1,1,1,0,1,1,1,1,1,5,10,2
40578,0:2:2;0:2:2;0:3:3;1:2:2,1,0,0,0,0,1,0,0,0,0,0,0,2,24
40579,0:2:2;0:2:2;0:3:3;1:2:2,1,1,0,0,0,1,0,0,0,0,0,0,8,24
40580,0:2:2;0:2:2;0:3:3;1:2:2,1,2,0,0,0,1,0,0,0,0,0,0,31,24
40581,0:2:2;0:2:2;0:3:3;1:2:2,1,3,0,0,0,1,0,0,0,0,0,0,56,24
40582,0:2:2;0:2:2;0:3:3;1:2:2,1,4,0,0,0,1,0,0,0,0,0,0,75,24
40583,0:2:2;0:2:2;0:3:3;1:2:2,1,5,1,1,1,0,1,1,1,1,1,5,10,2
40584,0:2:2;0:2:2;0:3:3;1:2:2,2,0,0,0,0,1,0,0,0,0,0,0,12,24
40585,0:2:2;0:2:2;0:3:3;1:2:2,2,1,0,0,0,1,0,0,0,0,0,0,26,24
40586,0:2:2;0:2:2;0:3:3;1:2:2,2,2,0,0,0,1,0,0,0,0,0,0,46,24
40587,0:2:2;0:2:2;0:3:3;1:2:2,2,3,0,0,0,1,0,0,0,0,0,0,68,24
40588,0:2:2;0:2:2;0:3:3;1:2:2,2,4,0,0,0,1,0,0,0,0,0,0,87,24
40589,0:2:2;0:2:2;0:3:3;1:2:2,2,5,1,1,1,0,1,1,1,1,1,5,10,2
40590,0:2:2;0:2:2;0:3:3;1:2:2,3,0,0,0,0,1,0,0,0,0,0,0,12,24
40591,0:2:2;0:2:2;0:3:3;1:2:2,3,1,0,0,0,1,0,0,0,0,0,0,26,24
40592,0:2:2;0:2:2;0:3:3;1:2:2,3,2,0,0,0,1,0,0,0,0,0,0,46,24
40593,0:2:2;0:2:2;0:3:3;1:2:2,3,3,0,0,0,1,0,0,0,0,0,0,68,24
40594,0:2:2;0:2:2;0:3:3;1:2:2,3,4,0,0,0,1,0,0,0,0,0,0,87,24
40595,0:2:2;0:2:2;0:3:3;1:2:2,3,5,1,1,1,0,1,1,1,1,1,5,10,2
40596,0:2:2;0:2:2;0:3:3;1:2:2,4,0,0,0,0,1,0,0,0,0,0,0,12,24
40597,0:2:2;0:2:2;0:3:3;1:2:2,4,1,0,0,0,1,0,0,0,0,0,0,26,24
40598,0:2:2;0:2:2;0:3:3;1:2:2,4,2,0,0,0,1,0,0,0,0,0,0,46,24
40599,0:2:2;0:2:2;0:3:3;1:2:2,4,3,0,0,0,1,0,0,0,0,0,0,68,24
40600,0:2:2;0:2:2;0:3:3;1:2:2,4,4,0,0,0,1,0,0,0,0,0,0,87,24
40601,0:2:2;0:2:2;0:3:3;1:2:2,4,5,1,1,1,0,1,1,1,1,1,5,10,2
40602,0:2:2;0:2:2;0:3:3;1:2:2,5,0,0,0,0,1,0,0,0,0,0,0,12,24
40603,0:2:2;0:2:2;0:3:3;1:2:2,5,1,0,0,0,1,0,0,0,0,0,0,26,24
40604,0:2:2;0:2:2;0:3:3;1:2:2,5,2,0,0,0,1,0,0,0,0,0,0,46,24
40605,0:2:2;0:2:2;0:3:3;1:2:2,5,3,0,0,0,1,0,0,0,0,0,0,68,24
40606,0:2:2;0:2:2;0:3:3;1:2:2,5,4,0,0,0,1,0,0,0,0,0,0,87,24
40607,0:2:2;0:2:2;0:3:3;1:2:2,5,5,1,1,1,0,1,1,1,1,1,5,10,2
40608,0:2:2;0:2:2;0:3:3;1:3:2,0,0,0,0,0,1,0,0,0,0,0,0,1,24
40609,0:2:2;0:2:2;0:3:3;1:3:2,0,1,0,0,0,1,0,0,0,0,0,0,4,24
40610,0:2:2;0:2:2;0:3:3;1:3:2,0,2,0,0,0,1,0,0,0,0,0,0,28,24
40611,0:2:2;0:2:2;0:3:3;1:3:2,0,3,0,0,0,1,0,0,0,0,0,0,48,24
40612,0:2:2;0:2:2;0:3:3;1:3:2,0,4,1,1,1,0,1,1,1,1,1,5,10,2
40613,0:2:2;0:2:2;0:3:3;1:3:2,0,5,1,1,1,0,1,1,1,1,1,5,10,2
40614,0:2:2;0:2:2;0:3:3;1:3:2,1,0,0,0,0,1,0,0,0,0,0,0,2,24
40615,0:2:2;0:2:2;0:3:3;1:3:2,1,1,0,0,0,1,0,0,0,0,0,0,8,24
40616,0:2:2;0:2:2;0:3:3;1:3:2,1,2,0,0,0,1,0,0,0,0,0,0,36,24
40617,0:2:2;0:2:2;0:3:3;1:3:2,1,3,0,0,0,1,0,0,0,0,0,0,59,24
40618,0:2:2;0:2:2;0:3:3;1:3:2,1,4,1,1,1,0,1,1,1,1,1,5,10,2
40619,0:2:2;0:2:2;0:3:3;1:3:2,1,5,1,1,1,0,1,1,1,1,1,5,10,2
40620,0:2:2;0:2:2;0:3:3;1:3:2,2,0,0,0,0,1,0,0,0,0,0,0,20,24
40621,0:2:2;0:2:2;0:3:3;1:3:2,2,1,0,0,0,1,0,0,0,0,0,0,34,24
40622,0:2:2;0:2:2;0:3:3;1:3:2,2,2,0,0,0,1,0,0,0,0,0,0,52,24
40623,0:2:2;0:2:2;0:3:3;1:3:2,2,3,0,0,0,1,0,0,0,0,0,0,71,24
40624,0:2:2;0:2:2;0:3:3;1:3:2,2,4,1,1,1,0,1,1,1,1,1,5,10,2
40625,0:2:2;0:2:2;0:3:3;1:3:2,2,5,1,1,1,0,1,1,1,1,1,5,10,2
40626,0:2:2;0:2:2;0:3:3;1:3:2,3,0,0,0,0,1,0,0,0,0,0,0,20,24
40627,0:2:2;0:2:2;0:3:3;1:3:2,3,1,0,0,0,1,0,0,0,0,0,0,34,24
40628,0:2:2;0:2:2;0:3:3;1:3:2,3,2,0,0,0,1,0,0,0,0,0,0,52,24
40629,0:2:2;0:2:2;0:3:3;1:3:2,3,3,0,0,0,1,0,0,0,0,0,0,71,24
40630,0:2:2;0:2:2;0:3:3;1:3:2,3,4,1,1,1,0,1,1,1,1,1,5,10,2
40631,0:2:2;0:2:2;0:3:3;1:3:2,3,5,1,1,1,0,1,1,1,1,1,5,10,2
40632,0:2:2;0:2:2;0:3:3;1:3:2,4,0,0,0,0,1,0,0,0,0,0,0,20,24
40633,0:2:2;0:2:2;0:3:3;1:3:2,4,1,0,0,0,1,0,0,0,0,0,0,34,24
40634,0:2:2;0:2:2;0:3:3;1:3:2,4,2,0,0,0,1,0,0,0,0,0,0,52,24
40635,0:2:2;0:2:2;0:3:3;1:3:2,4,3,0,0,0,1,0,0,0,0,0,0,71,24
40636,0:2:2;0:2:2;0:3:3;1:3:2,4,4,1,1,1,0,1,1,1,1,1,5,10,2
40637,0:2:2;0:2:2;0:3:3;1:3:2,4,5,1,1,1,0,1,1,1,1,1,5,10,2
40638,0:2:2;0:2:2;0:3:3;1:3:2,5,0,0,0,0,1,0,0,0,0,0,0,20,24
40639,0:2:2;0:2:2;0:3:3;1:3:2,5,1,0,0,0,1,0,0,0,0,0,0,34,24
40640,0:2:2;0:2:2;0:3:3;1:3:2,5,2,0,0,0,1,0,0,0,0,0,0,52,24
40641,0:2:2;0:2:2;0:3:3;1:3:2,5,3,0,0,0,1,0,0,0,0,0,0,71,24
40642,0:2:2;0:2:2;0:3:3;1:3:2,5,4,1,1,1,0,1,1,1,1,1,5,10,2
40643,0:2:2;0:2:2;0:3:3;1:3:2,5,5,1,1,1,0,1,1,1,1,1,5,10,2
40644,0:2:2;0:2:2;0:3:3;1:3:3,0,0,0,0,0,1,0,0,0,0,0,0,1,24
40645,0:2:2;0:2:2;0:3:3;1:3:3,0,1,0,0,0,1,0,0,0,0,0,0,4,24
40646,0:2:2;0:2:2;0:3:3;1:3:3,0,2,0,0,0,1,0,0,0,0,0,0,14,24
40647,0:2:2;0:2:2;0:3:3;1:3:3,0,3,0,0,0,1,0,0,0,0,0,0,40,24
40648,0:2:2;0:2:2;0:3:3;1:3:3,0,4,1,1,0,0,1,1,1,1,1,5,11,2
40649,0:2:2;0:2:2;0:3:3;1:3:3,0,5,1,1,1,0,1,1,1,1,1,5,11,2
40650,0:2:2;0:2:2;0:3:3;1:3:3,1,0,0,0,0,1,0,0,0,0,0,0,2,24
40651,0:2:2;0:2:2;0:3:3;1:3:3,1,1,0,0,0,1,0,0,0,0,0,0,8,24
40652,0:2:2;0:2:2;0:3:3;1:3:3,1,2,0,0,0,1,0,0,0,0,0,0,38,24
40653,0:2:2;0:2:2;0:3:3;1:3:3,1,3,0,0,0,1,0,0,0,0,0,0,66,24
40654,0:2:2;0:2:2;0:3:3;1:3:3,1,4,1,1,1,0,1,1,1,1,1,5,11,2
40655,0:2:2;0:2:2;0:3:3;1:3:3,1,5,1,1,1,0,1,1,1,1,1,5,11,2
40656,0:2:2;0:2:2;0:3:3;1:3:3,2,0,0,0,0,1,0,0,0,0,0,0,3,24
40657,0:2:2;0:2:2;0:3:3;1:3:3,2,1,0,0,0,1,0,0,0,0,0,0,12,24
40658,0:2:2;0:2:2;0:3:3;1:3:3,2,2,0,0,0,1,0,0,0,0,0,0,46,24
40659,0:2:2;0:2:2;0:3:3;1:3:3,2,3,0,0,0,1,0,0,0,0,0,0,77,24
40660,0:2:2;0:2:2;0:3:3;1:3:3,2,4,1,1,1,0,1,1,1,1,1,5,11,2
40661,0:2:2;0:2:2;0:3:3;1:3:3,2,5,1,1,1,0,1,1,1,1,1,5,11,2
40662,0:2:2;0:2:2;0:3:3;1:3:3,3,0,0,0,0,1,0,0,0,0,0,0,21,24
40663,0:2:2;0:2:2;0:3:3;1:3:3,3,1,0,0,0,1,0,0,0,0,0,0,38,24
40664,0:2:2;0:2:2;0:3:3;1:3:3,3,2,0,0,0,1,0,0,0,0,0,0,62,24
40665,0:2:2;0:2:2;0:3:3;1:3:3,3,3,0,0,0,1,0,0,0,0,0,0,89,24
40666,0:2:2;0:2:2;0:3:3;1:3:3,3,4,1,1,1,0,1,1,1,1,1,5,11,2
40667,0:2:2;0:2:2;0:3:3;1:3:3,3,5,1,1,1,0,1,1,1,1,1,5,11,2
40668,0:2:2;0:2:2;0:3:3;1:3:3,4,0,0,0,0,1,0,0,0,0,0,0,21,24
40669,0:2:2;0:2:2;0:3:3;1:3:3,4,1,0,0,0,1,0,0,0,0,0,0,38,24
40670,0:2:2;0:2:2;0:3:3;1:3:3,4,2,0,0,0,1,0,0,0,0,0,0,62,24
40671,0:2:2;0:2:2;0:3:3;1:3:3,4,3,0,0,0,1,0,0,0,0,0,0,89,24
40672,0:2:2;0:2:2;0:3:3;1:3:3,4,4,1,1,1,0,1,1,1,1,1,5,11,2
40673,0:2:2;0:2:2;0:3:3;1:3:3,4,5,1,1,1,0,1,1,1,1,1,5,11,2
40674,0:2:2;0:2:2;0:3:3;1:3:3,5,0,0,0,0,1,0,0,0,0,0,0,21,24
40675,0:2:2;0:2:2;0:3:3;1:3:3,5,1,0,0,0,1,0,0,0,0,0,0,38,24
40676,0:2:2;0:2:2;0:3:3;1:3:3,5,2,0,0,0,1,0,0,0,0,0,0,62,24
40677,0:2:2;0:2:2;0:3:3;1:3:3,5,3,0,0,0,1,0,0,0,0,0,0,89,24
40678,0:2:2;0:2:2;0:3:3;1:3:3,5,4,1,1,1,0,1,1,1,1,1,5,11,2
40679,0:2:2;0:2:2;0:3:3;1:3:3,5,5,1,1,1,0,1,1,1,1,1,5,11,2
40680,0:2:2;0:2:2;0:3:3;1:4:3,0,0,0,0,0,1,0,0,0,0,0,0,1,24
40681,0:2:2;0:2:2;0:3:3;1:4:3,0,1,0,0,0,1,0,0,0,0,0,0,4,24
40682,0:2:2;0:2:2;0:3:3;1:4:3,0,2,0,0,0,1,0,0,0,0,0,0,14,24
40683,0:2:2;0:2:2;0:3:3;1:4:3,0,3,1,1,0,1,0,0,1,0,1,7,37,17
40684,0:2:2;0:2:2;0:3:3;1:4:3,0,4,1,1,0,0,1,1,1,1,1,5,11,2
40685,0:2:2;0:2:2;0:3:3;1:4:3,0,5,1,1,1,0,1,1,1,1,1,5,11,2
40686,0:2:2;0:2:2;0:3:3;1:4:3,1,0,0,0,0,1,0,0,0,0,0,0,2,24
40687,0:2:2;0:2:2;0:3:3;1:4:3,1,1,0,0,0,1,0,0,0,0,0,0,8,24
40688,0:2:2;0:2:2;0:3:3;1:4:3,1,2,0,0,0,1,0,0,0,0,0,0,41,24
40689,0:2:2;0:2:2;0:3:3;1:4:3,1,3,1,1,0,0,1,1,1,1,1,5,11,5
40690,0:2:2;0:2:2;0:3:3;1:4:3,1,4,1,1,1,0,1,1,1,1,1,5,11,2
40691,0:2:2;0:2:2;0:3:3;1:4:3,1,5,1,1,1,0,1,1,1,1,1,5,11,2
40692,0:2:2;0:2:2;0:3:3;1:4:3,2,0,0,0,0,1,0,0,0,0,0,0,3,24
40693,0:2:2;0:2:2;0:3:3;1:4:3,2,1,0,0,0,1,0,0,0,0,0,0,12,24
40694,0:2:2;0:2:2;0:3:3;1:4:3,2,2,0,0,0,1,0,0,0,0,0,0,49,24
40695,0:2:2;0:2:2;0:3:3;1:4:3,2,3,1,1,1,0,1,1,1,1,1,5,11,5
40696,0:2:2;0:2:2;0:3:3;1:4:3,2,4,1,1,1,0,1,1,1,1,1,5,11,2
40697,0:2:2;0:2:2;0:3:3;1:4:3,2,5,1,1,1,0,1,1,1,1,1,5,11,2
40698,0:2:2;0:2:2;0:3:3;1:4:3,3,0,0,0,0,1,0,0,0,0,0,0,29,24
40699,0:2:2;0:2:2;0:3:3;1:4:3,3,1,0,0,0,1,0,0,0,0,0,0,44,24
40700,0:2:2;0:2:2;0:3:3;1:4:3,3,2,0,0,0,1,0,0,0,0,0,0,65,24
40701,0:2:2;0:2:2;0:3:3;1:4:3,3,3,1,1,1,0,1,1,1,1,1,5,11,5
40702,0:2:2;0:2:2;0:3:3;1:4:3,3,4,1,1,1,0,1,1,1,1,1,5,11,2
40703,0:2:2;0:2:2;0:3:3;1:4:3,3,5,1,1,1,0,1,1,1,1,1,5,11,2
40704,0:2:2;0:2:2;0:3:3;1:4:3,4,0,0,0,0,1,0,0,0,0,0,0,29,24
40705,0:2:2;0:2:2;0:3:3;1:4:3,4,1,0,0,0,1,0,0,0,0,0,0,44,24
40706,0:2:2;0:2:2;0:3:3;1:4:3,4,2,0,0,0,1,0,0,0,0,0,0,65,24
40707,0:2:2;0:2:2;0:3:3;1:4:3,4,3,1,1,1,0,1,1,1,1,1,5,11,5
40708,0:2:2;0:2:2;0:3:3;1:4:3,4,4,1,1,1,0,1,1,1,1,1,5,11,2
40709,0:2:2;0:2:2;0:3:3;1:4:3,4,5,1,1,1,0,1,1,1,1,1,5,11,2
40710,0:2:2;0:2:2;0:3:3;1:4:3,5,0,0,0,0,1,0,0,0,0,0,0,29,24
40711,0:2:2;0:2:2;0:3:3;1:4:3,5,1,0,0,0,1,0,0,0,0,0,0,44,24
40712,0:2:2;0:2:2;0:3:3;1:4:3,5,2,0,0,0,1,0,0,0,0,0,0,65,24
40713,0:2:2;0:2:2;0:3:3;1:4:3,5,3,1,1,1,0,1,1,1,1,1,5,11,5
40714,0:2:2;0:2:2;0:3:3;1:4:3,5,4,1,1,1,0,1,1,1,1,1,5,11,2
40715,0:2:2;0:2:2;0:3:3;1:4:3,5,5,1,1,1,0,1,1,1,1,1,5,11,2
40716,0:2:2;0:2:2;0:4:3;0:4:3,0,0,0,0,0,1,0,0,0,0,0,0,1,24
40717,0:2:2;0:2:2;0:4:3;0:4:3,0,1,0,0,0,1,0,0,0,0,0,0,5,24
40718,0:2:2;0:2:2;0:4:3;0:4:3,0,2,0,0,0,1,0,0,0,0,0,0,15,24
40719,0:2:2;0:2:2;0:4:3;0:4:3,0,3,0,0,0,1,0,0,0,0,0,0,33,24
40720,0:2:2;0:2:2;0:4:3;0:4:3,0,4,0,0,0,1,0,0,0,0,0,0,58,24
40721,0:2:2;0:2:2;0:4:3;0:4:3,0,5,0,0,0,1,0,0,0,0,0,0,86,24
40722,0:2:2;0:2:2;0:4:3;0:4:3,1,0,0,0,0,1,0,0,0,0,0,0,1,24
40723,0:2:2;0:2:2;0:4:3;0:4:3,1,1,0,0,0,1,0,0,0,0,0,0,5,24
40724,0:2:2;0:2:2;0:4:3;0:4:3,1,2,0,0,0,1,0,0,0,0,0,0,15,24
40725,0:2:2;0:2:2;0:4:3;0:4:3,1,3,0,0,0,1,0,0,0,0,0,0,33,24
40726,0:2:2;0:2:2;0:4:3;0:4:3,1,4,0,0,0,1,0,0,0,0,0,0,58,24
40727,0:2:2;0:2:2;0:4:3;0:4:3,1,5,0,0,0,1,0,0,0,0,0,0,86,24
40728,0:2:2;0:2:2;0:4:3;0:4:3,2,0,0,0,0,1,0,0,0,0,0,0,1,24
40729,0:2:2;0:2:2;0:4:3;0:4:3,2,1,0,0,0,1,0,0,0,0,0,0,5,24
40730,0:2:2;0:2:2;0:4:3;0:4:3,2,2,0,0,0,1,0,0,0,0,0,0,15,24
40731,0:2:2;0:2:2;0:4:3;0:4:3,2,3,0,0,0,1,0,0,0,0,0,0,33,24
40732,0:2:2;0:2:2;0:4:3;0:4:3,2,4,0,0,0,1,0,0,0,0,0,0,58,24
40733,0:2:2;0:2:2;0:4:3;0:4:3,2,5,0,0,0,1,0,0,0,0,0,0,86,24
40734,0:2:2;0:2:2;0:4:3;0:4:3,3,0,0,0,0,1,0,0,0,0,0,0,1,24
40735,0:2:2;0:2:2;0:4:3;0:4:3,3,1,0,0,0,1,0,0,0,0,0,0,5,24
40736,0:2:2;0:2:2;0:4:3;0:4:3,3,2,0,0,0,1,0,0,0,0,0,0,15,24
40737,0:2:2;0:2:2;0:4:3;0:4:3,3,3,0,0,0,1,0,0,0,0,0,0,33,24
40738,0:2:2;0:2:2;0:4:3;0:4:3,3,4,0,0,0,1,0,0,0,0,0,0,58,24
40739,0:2:2;0:2:2;0:4:3;0:4:3,3,5,0,0,0,1,0,0,0,0,0,0,86,24
40740,0:2:2;0:2:2;0:4:3;0:4:3,4,0,0,0,0,1,0,0,0,0,0,0,1,24
40741,0:2:2;0:2:2;0:4:3;0:4:3,4,1,0,0,0,1,0,0,0,0,0,0,5,24
40742,0:2:2;0:2:2;0:4:3;0:4:3,4,2,0,0,0,1,0,0,0,0,0,0,15,24
40743,0:2:2;0:2:2;0:4:3;0:4:3,4,3,0,0,0,1,0,0,0,0,0,0,33,24
40744,0:2:2;0:2:2;0:4:3;0:4:3,4,4,0,0,0,1,0,0,0,0,0,0,58,24
40745,0:2:2;0:2:2;0:4:3;0:4:3,4,5,0,0,0,1,0,0,0,0,0,0,86,24
40746,0:2:2;0:2:2;0:4:3;0:4:3,5,0,0,0,0,1,0,0,0,0,0,0,1,24
40747,0:2:2;0:2:2;0:4:3;0:4:3,5,1,0,0,0,1,0,0,0,0,0,0,5,24
40748,0:2:2;0:2:2;0:4:3;0:4:3,5,2,0,0,0,1,0,0,0,0,0,0,15,24
40749,0:2:2;0:2:2;0:4:3;0:4:3,5,3,0,0,0,1,0,0,0,0,0,0,33,24
40750,0:2:2;0:2:2;0:4:3;0:4:3,5,4,0,0,0,1,0,0,0,0,0,0,58,24
40751,0:2:2;0:2:2;0:4:3;0:4:3,5,5,0,0,0,1,0,0,0,0,0,0,86,24
40752,0:2:2;0:2:2;0:4:3;1:1:1,0,0,0,0,0,1,0,0,0,0,0,0,1,24
40753,0:2:2;0:2:2;0:4:3;1:1:1,0,1,0,0,0,1,0,0,0,0,0,0,4,24
40754,0:2:2;0:2:2;0:4:3;1:1:1,0,2,0,0,0,1,0,0,0,0,0,0,16,24
40755,0:2:2;0:2:2;0:4:3;1:1:1,0,3,0,0,0,1,0,0,0,0,0,0,32,24
40756,0:2:2;0:2:2;0:4:3;1:1:1,0,4,0,0,0,1,0,0,0,0,0,0,46,24
40757,0:2:2;0:2:2;0:4:3;1:1:1,0,5,0,0,0,1,0,0,0,0,0,0,55,24
40758,0:2:2;0:2:2;0:4:3;1:1:1,1,0,0,0,0,1,0,0,0,0,0,0,5,24
40759,0:2:2;0:2:2;0:4:3;1:1:1,1,1,0,0,0,1,0,0,0,0,0,0,14,24
40760,0:2:2;0:2:2;0:4:3;1:1:1,1,2,0,0,0,1,0,0,0,0,0,0,28,24
40761,0:2:2;0:2:2;0:4:3;1:1:1,1,3,0,0,0,1,0,0,0,0,0,0,44,24
40762,0:2:2;0:2:2;0:4:3;1:1:1,1,4,0,0,0,1,0,0,0,0,0,0,58,24
40763,0:2:2;0:2:2;0:4:3;1:1:1,1,5,0,0,0,1,0,0,0,0,0,0,67,24
40764,0:2:2;0:2:2;0:4:3;1:1:1,2,0,0,0,0,1,0,0,0,0,0,0,5,24
40765,0:2:2;0:2:2;0:4:3;1:1:1,2,1,0,0,0,1,0,0,0,0,0,0,14,24
40766,0:2:2;0:2:2;0:4:3;1:1:1,2,2,0,0,0,1,0,0,0,0,0,0,28,24
40767,0:2:2;0:2:2;0:4:3;1:1:1,2,3,0,0,0,1,0,0,0,0,0,0,44,24
40768,0:2:2;0:2:2;0:4:3;1:1:1,2,4,0,0,0,1,0,0,0,0,0,0,58,24
40769,0:2:2;0:2:2;0:4:3;1:1:1,2,5,0,0,0,1,0,0,0,0,0,0,67,24
40770,0:2:2;0:2:2;0:4:3;1:1:1,3,0,0,0,0,1,0,0,0,0,0,0,5,24
40771,0:2:2;0:2:2;0:4:3;1:1:1,3,1,0,0,0,1,0,0,0,0,0,0,14,24
40772,0:2:2;0:2:2;0:4:3;1:1:1,3,2,0,0,0,1,0,0,0,0,0,0,28,24
40773,0:2:2;0:2:2;0:4:3;1:1:1,3,3,0,0,0,1,0,0,0,0,0,0,44,24
40774,0:2:2;0:2:2;0:4:3;1:1:1,3,4,0,0,0,1,0,0,0,0,0,0,58,24
40775,0:2:2;0:2:2;0:4:3;1:1:1,3,5,0,0,0,1,0,0,0,0,0,0,67,24
40776,0:2:2;0:2:2;0:4:3;1:1:1,4,0,0,0,0,1,0,0,0,0,0,0,5,24
40777,0:2:2;0:2:2;0:4:3;1:1:1,4,1,0,0,0,1,0,0,0,0,0,0,14,24
40778,0:2:2;0:2:2;0:4:3;1:1:1,4,2,0,0,0,1,0,0,0,0,0,0,28,24
40779,0:2:2;0:2:2;0:4:3;1:1:1,4,3,0,0,0,1,0,0,0,0,0,0,44,24
40780,0:2:2;0:2:2;0:4:3;1:1:1,4,4,0,0,0,1,0,0,0,0,0,0,58,24
40781,0:2:2;0:2:2;0:4:3;1:1:1,4,5,0,0,0,1,0,0,0,0,0,0,67,24
40782,0:2:2;0:2:2;0:4:3;1:1:1,5,0,0,0,0,1,0,0,0,0,0,0,5,24
40783,0:2:2;0:2:2;0:4:3;1:1:1,5,1,0,0,0,1,0,0,0,0,0,0,14,24
40784,0:2:2;0:2:2;0:4:3;1:1:1,5,2,0,0,0,1,0,0,0,0,0,0,28,24
40785,0:2:2;0:2:2;0:4:3;1:1:1,5,3,0,0,0,1,0,0,0,0,0,0,44,24
40786,0:2:2;0:2:2;0:4:3;1:1:1,5,4,0,0,0,1,0,0,0,0,0,0,58,24
40787,0:2:2;0:2:2;0:4:3;1:1:1,5,5,0,0,0,1,0,0,0,0,0,0,67,24
40788,0:2:2;0:2:2;0:4:3;1:2:1,0,0,0,0,0,1,0,0,0,0,0,0,1,24
40789,0:2:2;0:2:2;0:4:3;1:2:1,0,1,0,0,0,1,0,0,0,0,0,0,4,24
40790,0:2:2;0:2:2;0:4:3;1:2:1,0,2,0,0,0,1,0,0,0,0,0,0,21,24
40791,0:2:2;0:2:2;0:4:3;1:2:1,0,3,0,0,0,1,0,0,0,0,0,0,38,24
40792,0:2:2;0:2:2;0:4:3;1:2:1,0,4,0,0,0,1,0,0,0,0,0,0,49,24
40793,0:2:2;0:2:2;0:4:3;1:2:1,0,5,1,1,1,0,1,1,1,1,1,5,9,2
40794,0:2:2;0:2:2;0:4:3;1:2:1,1,0,0,0,0,1,0,0,0,0,0,0,11,24
40795,0:2:2;0:2:2;0:4:3;1:2:1,1,1,0,0,0,1,0,0,0,0,0,0,22,24
40796,0:2:2;0:2:2;0:4:3;1:2:1,1,2,0,0,0,1,0,0,0,0,0,0,36,24
40797,0:2:2;0:2:2;0:4:3;1:2:1,1,3,0,0,0,1,0,0,0,0,0,0,50,24
40798,0:2:2;0:2:2;0:4:3;1:2:1,1,4,0,0,0,1,0,0,0,0,0,0,61,24
40799,0:2:2;0:2:2;0:4:3;1:2:1,1,5,1,1,1,0,1,1,1,1,1,5,9,2
40800,0:2:2;0:2:2;0:4:3;1:2:1,2,0,0,0,0,1,0,0,0,0,0,0,11,24
40801,0:2:2;0:2:2;0:4:3;1:2:1,2,1,0,0,0,1,0,0,0,0,0,0,22,24
40802,0:2:2;0:2:2;0:4:3;1:2:1,2,2,0,0,0,1,0,0,0,0,0,0,36,24
40803,0:2:2;0:2:2;0:4:3;1:2:1,2,3,0,0,0,1,0,0,0,0,0,0,50,24
40804,0:2:2;0:2:2;0:4:3;1:2:1,2,4,0,0,0,1,0,0,0,0,0,0,61,24
40805,0:2:2;0:2:2;0:4:3;1:2:1,2,5,1,1,1,0,1,1,1,1,1,5,9,2
40806,0:2:2;0:2:2;0:4:3;1:2:1,3,0,0,0,0,1,0,0,0,0,0,0,11,24
40807,0:2:2;0:2:2;0:4:3;1:2:1,3,1,0,0,0,1,0,0,0,0,0,0,22,24
40808,0:2:2;0:2:2;0:4:3;1:2:1,3,2,0,0,0,1,0,0,0,0,0,0,36,24
40809,0:2:2;0:2:2;0:4:3;1:2:1,3,3,0,0,0,1,0,0,0,0,0,0,50,24
40810,0:2:2;0:2:2;0:4:3;1:2:1,3,4,0,0,0,1,0,0,0,0,0,0,61,24
40811,0:2:2;0:2:2;0:4:3;1:2:1,3,5,1,1,1,0,1,1,1,1,1,5,9,2
40812,0:2:2;0:2:2;0:4:3;1:2:1,4,0,0,0,0,1,0,0,0,0,0,0,11,24
40813,0:2:2;0:2:2;0:4:3;1:2:1,4,1,0,0,0,1,0,0,0,0,0,0,22,24
40814,0:2:2;0:2:2;0:4:3;1:2:1,4,2,0,0,0,1,0,0,0,0,0,0,36,24
40815,0:2:2;0:2:2;0:4:3;1:2:1,4,3,0,0,0,1,0,0,0,0,0,0,50,24
40816,0:2:2;0:2:2;0:4:3;1:2:1,4,4,0,0,0,1,0,0,0,0,0,0,61,24
40817,0:2:2;0:2:2;0:4:3;1:2:1,4,5,1,1,1,0,1,1,1,1,1,5,9,2
40818,0:2:2;0:2:2;0:4:3;1:2:1,5,0,0,0,0,1,0,0,0,0,0,0,11,24
40819,0:2:2;0:2:2;0:4:3;1:2:1,5,1,0,0,0,1,0,0,0,0,0,0,22,24
40820,0:2:2;0:2:2;0:4:3;1:2:1,5,2,0,0,0,1,0,0,0,0,0,0,36,24
40821,0:2:2;0:2:2;0:4:3;1:2:1,5,3,0,0,0,1,0,0,0,0,0,0,50,24
40822,0:2:2;0:2:2;0:4:3;1:2:1,5,4,0,0,0,1,0,0,0,0,0,0,61,24
40823,0:2:2;0:2:2;0:4:3;1:2:1,5,5,1,1,1,0,1,1,1,1,1,5,9,2
40824,0:2:2;0:2:2;0:4:3;1:2:2,0,0,0,0,0,1,0,0,0,0,0,0,1,24
40825,0:2:2;0:2:2;0:4:3;1:2:2,0,1,0,0,0,1,0,0,0,0,0,0,4,24
40826,0:2:2;0:2:2;0:4:3;1:2:2,0,2,0,0,0,1,0,0,0,0,0,0,23,24
40827,0:2:2;0:2:2;0:4:3;1:2:2,0,3,0,0,0,1,0,0,0,0,0,0,45,24
40828,0:2:2;0:2:2;0:4:3;1:2:2,0,4,0,0,0,1,0,0,0,0,0,0,63,24
40829,0:2:2;0:2:2;0:4:3;1:2:2,0,5,1,1,1,0,1,1,1,1,1,5,10,2
40830,0:2:2;0:2:2;0:4:3;1:2:2,1,0,0,0,0,1,0,0,0,0,0,0,2,24
40831,0:2:2;0:2:2;0:4:3;1:2:2,1,1,0,0,0,1,0,0,0,0,0,0,8,24
40832,0:2:2;0:2:2;0:4:3;1:2:2,1,2,0,0,0,1,0,0,0,0,0,0,31,24
40833,0:2:2;0:2:2;0:4:3;1:2:2,1,3,0,0,0,1,0,0,0,0,0,0,56,24
40834,0:2:2;0:2:2;0:4:3;1:2:2,1,4,0,0,0,1,0,0,0,0,0,0,75,24
40835,0:2:2;0:2:2;0:4:3;1:2:2,1,5,1,1,1,0,1,1,1,1,1,5,10,2
40836,0:2:2;0:2:2;0:4:3;1:2:2,2,0,0,0,0,1,0,0,0,0,0,0,12,24
40837,0:2:2;0:2:2;0:4:3;1:2:2,2,1,0,0,0,1,0,0,0,0,0,0,26,24
40838,0:2:2;0:2:2;0:4:3;1:2:2,2,2,0,0,0,1,0,0,0,0,0,0,46,24
40839,0:2:2;0:2:2;0:4:3;1:2:2,2,3,0,0,0,1,0,0,0,0,0,0,68,24
40840,0:2:2;0:2:2;0:4:3;1:2:2,2,4,0,0,0,1,0,0,0,0,0,0,87,24
40841,0:2:2;0:2:2;0:4:3;1:2:2,2,5,1,1,1,0,1,1,1,1,1,5,10,2
40842,0:2:2;0:2:2;0:4:3;1:2:2,3,0,0,0,0,1,0,0,0,0,0,0,12,24
40843,0:2:2;0:2:2;0:4:3;1:2:2,3,1,0,0,0,1,0,0,0,0,0,0,26,24
40844,0:2:2;0:2:2;0:4:3;1:2:2,3,2,0,0,0,1,0,0,0,0,0,0,46,24
40845,0:2:2;0:2:2;0:4:3;1:2:2,3,3,0,0,0,1,0,0,0,0,0,0,68,24
40846,0:2:2;0:2:2;0:4:3;1:2:2,3,4,0,0,0,1,0,0,0,0,0,0,87,24
40847,0:2:2;0:2:2;0:4:3;1:2:2,3,5,1,1,1,0,1,1,1,1,1,5,10,2
40848,0:2:2;0:2:2;0:4:3;1:2:2,4,0,0,0,0,1,0,0,0,0,0,0,12,24
40849,0:2:2;0:2:2;0:4:3;1:2:2,4,1,0,0,0,1,0,0,0,0,0,0,26,24
40850,0:2:2;0:2:2;0:4:3;1:2:2,4,2,0,0,0,1,0,0,0,0,0,0,46,24
40851,0:2:2;0:2:2;0:4:3;1:2:2,4,3,0,0,0,1,0,0,0,0,0,0,68,24
40852,0:2:2;0:2:2;0:4:3;1:2:2,4,4,0,0,0,1,0,0,0,0,0,0,87,24
40853,0:2:2;0:2:2;0:4:3;1:2:2,4,5,1,1,1,0,1,1,1,1,1,5,10,2
40854,0:2:2;0:2:2;0:4:3;1:2:2,5,0,0,0,0,1,0,0,0,0,0,0,12,24
40855,0:2:2;0:2:2;0:4:3;1:2:2,5,1,0,0,0,1,0,0,0,0,0,0,26,24
40856,0:2:2;0:2:2;0:4:3;1:2:2,5,2,0,0,0,1,0,0,0,0,0,0,46,24
40857,0:2:2;0:2:2;0:4:3;1:2:2,5,3,0,0,0,1,0,0,0,0,0,0,68,24
40858,0:2:2;0:2:2;0:4:3;1:2:2,5,4,0,0,0,1,0,0,0,0,0,0,87,24
40859,0:2:2;0:2:2;0:4:3;1:2:2,5,5,1,1,1,0,1,1,1,1,1,5,10,2
40860,0:2:2;0:2:2;0:4:3;1:3:2,0,0,0,0,0,1,0,0,0,0,0,0,1,24
40861,0:2:2;0:2:2;0:4:3;1:3:2,0,1,0,0,0,1,0,0,0,0,0,0,4,24
40862,0:2:2;0:2:2;0:4:3;1:3:2,0,2,0,0,0,1,0,0,0,0,0,0,28,24
40863,0:2:2;0:2:2;0:4:3;1:3:2,0,3,0,0,0,1,0,0,0,0,0,0,48,24
40864,0:2:2;0:2:2;0:4:3;1:3:2,0,4,1,1,1,0,1,1,1,1,1,5,10,2
40865,0:2:2;0:2:2;0:4:3;1:3:2,0,5,1,1,1,0,1,1,1,1,1,5,10,2
40866,0:2:2;0:2:2;0:4:3;1:3:2,1,0,0,0,0,1,0,0,0,0,0,0,2,24
40867,0:2:2;0:2:2;0:4:3;1:3:2,1,1,0,0,0,1,0,0,0,0,0,0,8,24
40868,0:2:2;0:2:2;0:4:3;1:3:2,1,2,0,0,0,1,0,0,0,0,0,0,36,24
40869,0:2:2;0:2:2;0:4:3;1:3:2,1,3,0,0,0,1,0,0,0,0,0,0,59,24
40870,0:2:2;0:2:2;0:4:3;1:3:2,1,4,1,1,1,0,1,1,1,1,1,5,10,2
40871,0:2:2;0:2:2;0:4:3;1:3:2,1,5,1,1,1,0,1,1,1,1,1,5,10,2
40872,0:2:2;0:2:2;0:4:3;1:3:2,2,0,0,0,0,1,0,0,0,0,0,0,20,24
40873,0:2:2;0:2:2;0:4:3;1:3:2,2,1,0,0,0,1,0,0,0,0,0,0,34,24
40874,0:2:2;0:2:2;0:4:3;1:3:2,2,2,0,0,0,1,0,0,0,0,0,0,52,24
40875,0:2:2;0:2:2;0:4:3;1:3:2,2,3,0,0,0,1,0,0,0,0,0,0,71,24
40876,0:2:2;0:2:2;0:4:3;1:3:2,2,4,1,1,1,0,1,1,1,1,1,5,10,2
40877,0:2:2;0:2:2;0:4:3;1:3:2,2,5,1,1,1,0,1,1,1,1,1,5,10,2
40878,0:2:2;0:2:2;0:4:3;1:3:2,3,0,0,0,0,1,0,0,0,0,0,0,20,24
40879,0:2:2;0:2:2;0:4:3;1:3:2,3,1,0,0,0,1,0,0,0,0,0,0,34,24
40880,0:2:2;0:2:2;0:4:3;1:3:2,3,2,0,0,0,1,0,0,0,0,0,0,52,24
40881,0:2:2;0:2:2;0:4:3;1:3:2,3,3,0,0,0,1,0,0,0,0,0,0,71,24
40882,0:2:2;0:2:2;0:4:3;1:3:2,3,4,1,1,1,0,1,1,1,1,1,5,10,2
40883,0:2:2;0:2:2;0:4:3;1:3:2,3,5,1,1,1,0,1,1,1,1,1,5,10,2
40884,0:2:2;0:2:2;0:4:3;1:3:2,4,0,0,0,0,1,0,0,0,0,0,0,20,24
40885,0:2:2;0:2:2;0:4:3;1:3:2,4,1,0,0,0,1,0,0,0,0,0,0,34,24
40886,0:2:2;0:2:2;0:4:3;1:3:2,4,2,0,0,0,1,0,0,0,0,0,0,52,24
40887,0:2:2;0:2:2;0:4:3;1:3:2,4,3,0,0,0,1,0,0,0,0,0,0,71,24
40888,0:2:2;0:2:2;0:4:3;1:3:2,4,4,1,1,1,0,1,1,1,1,1,5,10,2
40889,0:2:2;0:2:2;0:4:3;1:3:2,4,5,1,1,1,0,1,1,1,1,1,5,10,2
40890,0:2:2;0:2:2;0:4:3;1:3:2,5,0,0,0,0,1,0,0,0,0,0,0,20,24
40891,0:2:2;0:2:2;0:4:3;1:3:2,5,1,0,0,0,1,0,0,0,0,0,0,34,24
40892,0:2:2;0:2:2;0:4:3;1:3:2,5,2,0,0,0,1,0,0,0,0,0,0,52,24
40893,0:2:2;0:2:2;0:4:3;1:3:2,5,3,0,0,0,1,0,0,0,0,0,0,71,24
40894,0:2:2;0:2:2;0:4:3;1:3:2,5,4,1,1,1,0,1,1,1,1,1,5,10,2
40895,0:2:2;0:2:2;0:4:3;1:3:2,5,5,1,1,1,0,1,1,1,1,1,5,10,2
40896,0:2:2;0:2:2;0:4:3;1:3:3,0,0,0,0,0,1,0,0,0,0,0,0,1,24
40897,0:2:2;0:2:2;0:4:3;1:3:3,0,1,0,0,0,1,0,0,0,0,0,0,4,24
40898,0:2:2;0:2:2;0:4:3;1:3:3,0,2,0,0,0,1,0,0,0,0,0,0,14,24
40899,0:2:2;0:2:2;0:4:3;1:3:3,0,3,0,0,0,1,0,0,0,0,0,0,40,24
40900,0:2:2;0:2:2;0:4:3;1:3:3,0,4,1,1,0,0,1,1,1,1,1,5,11,2
40901,0:2:2;0:2:2;0:4:3;1:3:3,0,5,1,1,1,0,1,1,1,1,1,5,11,2
40902,0:2:2;0:2:2;0:4:3;1:3:3,1,0,0,0,0,1,0,0,0,0,0,0,2,24
40903,0:2:2;0:2:2;0:4:3;1:3:3,1,1,0,0,0,1,0,0,0,0,0,0,8,24
40904,0:2:2;0:2:2;0:4:3;1:3:3,1,2,0,0,0,1,0,0,0,0,0,0,38,24
40905,0:2:2;0:2:2;0:4:3;1:3:3,1,3,0,0,0,1,0,0,0,0,0,0,66,24
40906,0:2:2;0:2:2;0:4:3;1:3:3,1,4,1,1,1,0,1,1,1,1,1,5,11,2
40907,0:2:2;0:2:2;0:4:3;1:3:3,1,5,1,1,1,0,1,1,1,1,1,5,11,2
40908,0:2:2;0:2:2;0:4:3;1:3:3,2,0,0,0,0,1,0,0,0,0,0,0,3,24
40909,0:2:2;0:2:2;0:4:3;1:3:3,2,1,0,0,0,1,0,0,0,0,0,0,12,24
40910,0:2:2;0:2:2;0:4:3;1:3:3,2,2,0,0,0,1,0,0,0,0,0,0,46,24
40911,0:2:2;0:2:2;0:4:3;1:3:3,2,3,0,0,0,1,0,0,0,0,0,0,77,24
40912,0:2:2;0:2:2;0:4:3;1:3:3,2,4,1,1,1,0,1,1,1,1,1,5,11,2
40913,0:2:2;0:2:2;0:4:3;1:3:3,2,5,1,1,1,0,1,1,1,1,1,5,11,2
40914,0:2:2;0:2:2;0:4:3;1:3:3,3,0,0,0,0,1,0,0,0,0,0,0,21,24
40915,0:2:2;0:2:2;0:4:3;1:3:3,3,1,0,0,0,1,0,0,0,0,0,0,38,24
40916,0:2:2;0:2:2;0:4:3;1:3:3,3,2,0,0,0,1,0,0,0,0,0,0,62,24
40917,0:2:2;0:2:2;0:4:3;1:3:3,3,3,0,0,0,1,0,0,0,0,0,0,89,24
40918,0:2:2;0:2:2;0:4:3;1:3:3,3,4,1,1,1,0,1,1,1,1,1,5,11,2
40919,0:2:2;0:2:2;0:4:3;1:3:3,3,5,1,1,1,0,1,1,1,1,1,5,11,2
40920,0:2:2;0:2:2;0:4:3;1:3:3,4,0,0,0,0,1,0,0,0,0,0,0,21,24
40921,0:2:2;0:2:2;0:4:3;1:3:3,4,1,0,0,0,1,0,0,0,0,0,0,38,24
40922,0:2:2;0:2:2;0:4:3;1:3:3,4,2,0,0,0,1,0,0,0,0,0,0,62,24
40923,0:2:2;0:2:2;0:4:3;1:3:3,4,3,0,0,0,1,0,0,0,0,0,0,89,24
40924,0:2:2;0:2:2;0:4:3;1:3:3,4,4,1,1,1,0,1,1,1,1,1,5,11,2
40925,0:2:2;0:2:2;0:4:3;1:3:3,4,5,1,1,1,0,1,1,1,1,1,5,11,2
40926,0:2:2;0:2:2;0:4:3;1:3:3,5,0,0,0,0,1,0,0,0,0,0,0,21,24
40927,0:2:2;0:2:2;0:4:3;1:3:3,5,1,0,0,0,1,0,0,0,0,0,0,38,24
40928,0:2:2;0:2:2;0:4:3;1:3:3,5,2,0,0,0,1,0,0,0,0,0,0,62,24
40929,0:2:2;0:2:2;0:4:3;1:3:3,5,3,0,0,0,1,0,0,0,0,0,0,89,24
40930,0:2:2;0:2:2;0:4:3;1:3:3,5,4,1,1,1,0,1,1,1,1,1,5,11,2
40931,0:2:2;0:2:2;0:4:3;1:3:3,5,5,1,1,1,0,1,1,1,1,1,5,11,2
40932,0:2:2;0:2:2;0:4:3;1:4:3,0,0,0,0,0,1,0,0,0,0,0,0,1,24
40933,0:2:2;0:2:2;0:4:3;1:4:3,0,1,0,0,0,1,0,0,0,0,0,0,4,24
40934,0:2:2;0:2:2;0:4:3;1:4:3,0,2,0,0,0,1,0,0,0,0,0,0,14,24
40935,0:2:2;0:2:2;0:4:3;1:4:3,0,3,1,1,0,1,0,0,1,1,1,7,37,17
40936,0:2:2;0:2:2;0:4:3;1:4:3,0,4,1,1,0,0,1,1,1,1,1,5,11,2
40937,0:2:2;0:2:2;0:4:3;1:4:3,0,5,1,1,1,0,1,1,1,1,1,5,11,2
40938,0:2:2;0:2:2;0:4:3;1:4:3,1,0,0,0,0,1,0,0,0,0,0,0,2,24
40939,0:2:2;0:2:2;0:4:3;1:4:3,1,1,0,0,0,1,0,0,0,0,0,0,8,24
40940,0:2:2;0:2:2;0:4:3;1:4:3,1,2,0,0,0,1,0,0,0,0,0,0,41,24
40941,0:2:2;0:2:2;0:4:3;1:4:3,1,3,1,1,0,0,1,1,1,1,1,5,11,5
40942,0:2:2;0:2:2;0:4:3;1:4:3,1,4,1,1,1,0,1,1,1,1,1,5,11,2
40943,0:2:2;0:2:2;0:4:3;1:4:3,1,5,1,1,1,0,1,1,1,1,1,5,11,2
40944,0:2:2;0:2:2;0:4:3;1:4:3,2,0,0,0,0,1,0,0,0,0,0,0,3,24
40945,0:2:2;0:2:2;0:4:3;1:4:3,2,1,0,0,0,1,0,0,0,0,0,0,12,24
40946,0:2:2;0:2:2;0:4:3;1:4:3,2,2,0,0,0,1,0,0,0,0,0,0,49,24
40947,0:2:2;0:2:2;0:4:3;1:4:3,2,3,1,1,1,0,1,1,1,1,1,5,11,5
40948,0:2:2;0:2:2;0:4:3;1:4:3,2,4,1,1,1,0,1,1,1,1,1,5,11,2
40949,0:2:2;0:2:2;0:4:3;1:4:3,2,5,1,1,1,0,1,1,1,1,1,5,11,2
40950,0:2:2;0:2:2;0:4:3;1:4:3,3,0,0,0,0,1,0,0,0,0,0,0,29,24
40951,0:2:2;0:2:2;0:4:3;1:4:3,3,1,0,0,0,1,0,0,0,0,0,0,44,24
40952,0:2:2;0:2:2;0:4:3;1:4:3,3,2,0,0,0,1,0,0,0,0,0,0,65,24
40953,0:2:2;0:2:2;0:4:3;1:4:3,3,3,1,1,1,0,1,1,1,1,1,5,11,5
40954,0:2:2;0:2:2;0:4:3;1:4:3,3,4,1,1,1,0,1,1,1,1,1,5,11,2
40955,0:2:2;0:2:2;0:4:3;1:4:3,3,5,1,1,1,0,1,1,1,1,1,5,11,2
40956,0:2:2;0:2:2;0:4:3;1:4:3,4,0,0,0,0,1,0,0,0,0,0,0,29,24
40957,0:2:2;0:2:2;0:4:3;1:4:3,4,1,0,0,0,1,0,0,0,0,0,0,44,24
40958,0:2:2;0:2:2;0:4:3;1:4:3,4,2,0,0,0,1,0,0,0,0,0,0,65,24
40959,0:2:2;0:2:2;0:4:3;1:4:3,4,3,1,1,1,0,1,1,1,1,1,5,11,5
