case,runs,f0,f1,final_fits,feasible,guard,any_deadlock,fifo_complete,small_complete,large_complete,garbage_complete,chunk_feasible,subset_states,chunk_states,permutations_tried
57344,0:3:3;1:2:2;1:2:2;1:4:3,5,2,1,1,1,0,1,1,1,1,1,5,11,7
57345,0:3:3;1:2:2;1:2:2;1:4:3,5,3,1,1,1,0,1,1,1,1,1,5,11,1
57346,0:3:3;1:2:2;1:2:2;1:4:3,5,4,1,1,1,0,1,1,1,1,1,5,11,1
57347,0:3:3;1:2:2;1:2:2;1:4:3,5,5,1,1,1,0,1,1,1,1,1,5,11,1
57348,0:3:3;1:2:2;1:3:2;1:3:2,0,0,0,0,0,1,0,0,0,0,0,0,1,24
57349,0:3:3;1:2:2;1:3:2;1:3:2,0,1,0,0,0,1,0,0,0,0,0,0,2,24
57350,0:3:3;1:2:2;1:3:2;1:3:2,0,2,0,0,0,1,0,0,0,0,0,0,3,24
57351,0:3:3;1:2:2;1:3:2;1:3:2,0,3,0,0,0,1,0,0,0,0,0,0,20,24
57352,0:3:3;1:2:2;1:3:2;1:3:2,0,4,0,0,0,1,0,0,0,0,0,0,20,24
57353,0:3:3;1:2:2;1:3:2;1:3:2,0,5,0,0,0,1,0,0,0,0,0,0,20,24
57354,0:3:3;1:2:2;1:3:2;1:3:2,1,0,0,0,0,1,0,0,0,0,0,0,4,24
57355,0:3:3;1:2:2;1:3:2;1:3:2,1,1,0,0,0,1,0,0,0,0,0,0,8,24
57356,0:3:3;1:2:2;1:3:2;1:3:2,1,2,0,0,0,1,0,0,0,0,0,0,12,24
57357,0:3:3;1:2:2;1:3:2;1:3:2,1,3,0,0,0,1,0,0,0,0,0,0,35,24
57358,0:3:3;1:2:2;1:3:2;1:3:2,1,4,0,0,0,1,0,0,0,0,0,0,35,24
57359,0:3:3;1:2:2;1:3:2;1:3:2,1,5,0,0,0,1,0,0,0,0,0,0,35,24
57360,0:3:3;1:2:2;1:3:2;1:3:2,2,0,0,0,0,1,0,0,0,0,0,0,30,24
57361,0:3:3;1:2:2;1:3:2;1:3:2,2,1,0,0,0,1,0,0,0,0,0,0,41,24
57362,0:3:3;1:2:2;1:3:2;1:3:2,2,2,0,0,0,1,0,0,0,0,0,0,48,24
57363,0:3:3;1:2:2;1:3:2;1:3:2,2,3,0,0,0,1,0,0,0,0,0,0,56,24
57364,0:3:3;1:2:2;1:3:2;1:3:2,2,4,0,0,0,1,0,0,0,0,0,0,56,24
57365,0:3:3;1:2:2;1:3:2;1:3:2,2,5,0,0,0,1,0,0,0,0,0,0,56,24
57366,0:3:3;1:2:2;1:3:2;1:3:2,3,0,1,1,0,1,0,0,0,1,1,6,19,13
57367,0:3:3;1:2:2;1:3:2;1:3:2,3,1,1,1,1,0,1,1,1,1,1,5,10,7
57368,0:3:3;1:2:2;1:3:2;1:3:2,3,2,1,1,1,0,1,1,1,1,1,5,10,7
57369,0:3:3;1:2:2;1:3:2;1:3:2,3,3,1,1,1,0,1,1,1,1,1,5,10,1
57370,0:3:3;1:2:2;1:3:2;1:3:2,3,4,1,1,1,0,1,1,1,1,1,5,10,1
57371,0:3:3;1:2:2;1:3:2;1:3:2,3,5,1,1,1,0,1,1,1,1,1,5,10,1
57372,0:3:3;1:2:2;1:3:2;1:3:2,4,0,1,1,1,0,1,1,1,1,1,5,10,9
57373,0:3:3;1:2:2;1:3:2;1:3:2,4,1,1,1,1,0,1,1,1,1,1,5,10,7
57374,0:3:3;1:2:2;1:3:2;1:3:2,4,2,1,1,1,0,1,1,1,1,1,5,10,7
57375,0:3:3;1:2:2;1:3:2;1:3:2,4,3,1,1,1,0,1,1,1,1,1,5,10,1
57376,0:3:3;1:2:2;1:3:2;1:3:2,4,4,1,1,1,0,1,1,1,1,1,5,10,1
57377,0:3:3;1:2:2;1:3:2;1:3:2,4,5,1,1,1,0,1,1,1,1,1,5,10,1
57378,0:3:3;1:2:2;1:3:2;1:3:2,5,0,1,1,1,0,1,1,1,1,1,5,10,9
57379,0:3:3;1:2:2;1:3:2;1:3:2,5,1,1,1,1,0,1,1,1,1,1,5,10,7
57380,0:3:3;1:2:2;1:3:2;1:3:2,5,2,1,1,1,0,1,1,1,1,1,5,10,7
57381,0:3:3;1:2:2;1:3:2;1:3:2,5,3,1,1,1,0,1,1,1,1,1,5,10,1
57382,0:3:3;1:2:2;1:3:2;1:3:2,5,4,1,1,1,0,1,1,1,1,1,5,10,1
57383,0:3:3;1:2:2;1:3:2;1:3:2,5,5,1,1,1,0,1,1,1,1,1,5,10,1
57384,0:3:3;1:2:2;1:3:2;1:3:3,0,0,0,0,0,1,0,0,0,0,0,0,1,24
57385,0:3:3;1:2:2;1:3:2;1:3:3,0,1,0,0,0,1,0,0,0,0,0,0,2,24
57386,0:3:3;1:2:2;1:3:2;1:3:3,0,2,0,0,0,1,0,0,0,0,0,0,3,24
57387,0:3:3;1:2:2;1:3:2;1:3:3,0,3,0,0,0,1,0,0,0,0,0,0,21,24
57388,0:3:3;1:2:2;1:3:2;1:3:3,0,4,0,0,0,1,0,0,0,0,0,0,21,24
57389,0:3:3;1:2:2;1:3:2;1:3:3,0,5,0,0,0,1,0,0,0,0,0,0,21,24
57390,0:3:3;1:2:2;1:3:2;1:3:3,1,0,0,0,0,1,0,0,0,0,0,0,4,24
57391,0:3:3;1:2:2;1:3:2;1:3:3,1,1,0,0,0,1,0,0,0,0,0,0,8,24
57392,0:3:3;1:2:2;1:3:2;1:3:3,1,2,0,0,0,1,0,0,0,0,0,0,12,24
57393,0:3:3;1:2:2;1:3:2;1:3:3,1,3,0,0,0,1,0,0,0,0,0,0,38,24
57394,0:3:3;1:2:2;1:3:2;1:3:3,1,4,0,0,0,1,0,0,0,0,0,0,38,24
57395,0:3:3;1:2:2;1:3:2;1:3:3,1,5,0,0,0,1,0,0,0,0,0,0,38,24
57396,0:3:3;1:2:2;1:3:2;1:3:3,2,0,0,0,0,1,0,0,0,0,0,0,23,24
57397,0:3:3;1:2:2;1:3:2;1:3:3,2,1,0,0,0,1,0,0,0,0,0,0,38,24
57398,0:3:3;1:2:2;1:3:2;1:3:3,2,2,0,0,0,1,0,0,0,0,0,0,46,24
57399,0:3:3;1:2:2;1:3:2;1:3:3,2,3,0,0,0,1,0,0,0,0,0,0,62,24
57400,0:3:3;1:2:2;1:3:2;1:3:3,2,4,0,0,0,1,0,0,0,0,0,0,62,24
57401,0:3:3;1:2:2;1:3:2;1:3:3,2,5,0,0,0,1,0,0,0,0,0,0,62,24
57402,0:3:3;1:2:2;1:3:2;1:3:3,3,0,0,0,0,1,0,0,0,0,0,0,49,24
57403,0:3:3;1:2:2;1:3:2;1:3:3,3,1,0,0,0,1,0,0,0,0,0,0,66,24
57404,0:3:3;1:2:2;1:3:2;1:3:3,3,2,0,0,0,1,0,0,0,0,0,0,77,24
57405,0:3:3;1:2:2;1:3:2;1:3:3,3,3,0,0,0,1,0,0,0,0,0,0,89,24
57406,0:3:3;1:2:2;1:3:2;1:3:3,3,4,0,0,0,1,0,0,0,0,0,0,89,24
57407,0:3:3;1:2:2;1:3:2;1:3:3,3,5,0,0,0,1,0,0,0,0,0,0,89,24
57408,0:3:3;1:2:2;1:3:2;1:3:3,4,0,1,1,0,0,1,1,1,1,1,5,11,9
57409,0:3:3;1:2:2;1:3:2;1:3:3,4,1,1,1,1,0,1,1,1,1,1,5,11,7
57410,0:3:3;1:2:2;1:3:2;1:3:3,4,2,1,1,1,0,1,1,1,1,1,5,11,7
57411,0:3:3;1:2:2;1:3:2;1:3:3,4,3,1,1,1,0,1,1,1,1,1,5,11,1
57412,0:3:3;1:2:2;1:3:2;1:3:3,4,4,1,1,1,0,1,1,1,1,1,5,11,1
57413,0:3:3;1:2:2;1:3:2;1:3:3,4,5,1,1,1,0,1,1,1,1,1,5,11,1
57414,0:3:3;1:2:2;1:3:2;1:3:3,5,0,1,1,1,0,1,1,1,1,1,5,11,9
57415,0:3:3;1:2:2;1:3:2;1:3:3,5,1,1,1,1,0,1,1,1,1,1,5,11,7
57416,0:3:3;1:2:2;1:3:2;1:3:3,5,2,1,1,1,0,1,1,1,1,1,5,11,7
57417,0:3:3;1:2:2;1:3:2;1:3:3,5,3,1,1,1,0,1,1,1,1,1,5,11,1
57418,0:3:3;1:2:2;1:3:2;1:3:3,5,4,1,1,1,0,1,1,1,1,1,5,11,1
57419,0:3:3;1:2:2;1:3:2;1:3:3,5,5,1,1,1,0,1,1,1,1,1,5,11,1
57420,0:3:3;1:2:2;1:3:2;1:4:3,0,0,0,0,0,1,0,0,0,0,0,0,1,24
57421,0:3:3;1:2:2;1:3:2;1:4:3,0,1,0,0,0,1,0,0,0,0,0,0,2,24
57422,0:3:3;1:2:2;1:3:2;1:4:3,0,2,0,0,0,1,0,0,0,0,0,0,3,24
57423,0:3:3;1:2:2;1:3:2;1:4:3,0,3,0,0,0,1,0,0,0,0,0,0,21,24
57424,0:3:3;1:2:2;1:3:2;1:4:3,0,4,0,0,0,1,0,0,0,0,0,0,21,24
57425,0:3:3;1:2:2;1:3:2;1:4:3,0,5,0,0,0,1,0,0,0,0,0,0,21,24
57426,0:3:3;1:2:2;1:3:2;1:4:3,1,0,0,0,0,1,0,0,0,0,0,0,4,24
57427,0:3:3;1:2:2;1:3:2;1:4:3,1,1,0,0,0,1,0,0,0,0,0,0,8,24
57428,0:3:3;1:2:2;1:3:2;1:4:3,1,2,0,0,0,1,0,0,0,0,0,0,12,24
57429,0:3:3;1:2:2;1:3:2;1:4:3,1,3,0,0,0,1,0,0,0,0,0,0,38,24
57430,0:3:3;1:2:2;1:3:2;1:4:3,1,4,0,0,0,1,0,0,0,0,0,0,38,24
57431,0:3:3;1:2:2;1:3:2;1:4:3,1,5,0,0,0,1,0,0,0,0,0,0,38,24
57432,0:3:3;1:2:2;1:3:2;1:4:3,2,0,0,0,0,1,0,0,0,0,0,0,23,24
57433,0:3:3;1:2:2;1:3:2;1:4:3,2,1,0,0,0,1,0,0,0,0,0,0,38,24
57434,0:3:3;1:2:2;1:3:2;1:4:3,2,2,0,0,0,1,0,0,0,0,0,0,46,24
57435,0:3:3;1:2:2;1:3:2;1:4:3,2,3,0,0,0,1,0,0,0,0,0,0,62,24
57436,0:3:3;1:2:2;1:3:2;1:4:3,2,4,0,0,0,1,0,0,0,0,0,0,62,24
57437,0:3:3;1:2:2;1:3:2;1:4:3,2,5,0,0,0,1,0,0,0,0,0,0,62,24
57438,0:3:3;1:2:2;1:3:2;1:4:3,3,0,0,0,0,1,0,0,0,0,0,0,49,24
57439,0:3:3;1:2:2;1:3:2;1:4:3,3,1,0,0,0,1,0,0,0,0,0,0,66,24
57440,0:3:3;1:2:2;1:3:2;1:4:3,3,2,0,0,0,1,0,0,0,0,0,0,77,24
57441,0:3:3;1:2:2;1:3:2;1:4:3,3,3,0,0,0,1,0,0,0,0,0,0,89,24
57442,0:3:3;1:2:2;1:3:2;1:4:3,3,4,0,0,0,1,0,0,0,0,0,0,89,24
57443,0:3:3;1:2:2;1:3:2;1:4:3,3,5,0,0,0,1,0,0,0,0,0,0,89,24
57444,0:3:3;1:2:2;1:3:2;1:4:3,4,0,1,1,0,0,1,1,1,1,1,5,11,9
57445,0:3:3;1:2:2;1:3:2;1:4:3,4,1,1,1,1,0,1,1,1,1,1,5,11,7
57446,0:3:3;1:2:2;1:3:2;1:4:3,4,2,1,1,1,0,1,1,1,1,1,5,11,7
57447,0:3:3;1:2:2;1:3:2;1:4:3,4,3,1,1,1,0,1,1,1,1,1,5,11,1
57448,0:3:3;1:2:2;1:3:2;1:4:3,4,4,1,1,1,0,1,1,1,1,1,5,11,1
57449,0:3:3;1:2:2;1:3:2;1:4:3,4,5,1,1,1,0,1,1,1,1,1,5,11,1
57450,0:3:3;1:2:2;1:3:2;1:4:3,5,0,1,1,1,0,1,1,1,1,1,5,11,9
57451,0:3:3;1:2:2;1:3:2;1:4:3,5,1,1,1,1,0,1,1,1,1,1,5,11,7
57452,0:3:3;1:2:2;1:3:2;1:4:3,5,2,1,1,1,0,1,1,1,1,1,5,11,7
57453,0:3:3;1:2:2;1:3:2;1:4:3,5,3,1,1,1,0,1,1,1,1,1,5,11,1
57454,0:3:3;1:2:2;1:3:2;1:4:3,5,4,1,1,1,0,1,1,1,1,1,5,11,1
57455,0:3:3;1:2:2;1:3:2;1:4:3,5,5,1,1,1,0,1,1,1,1,1,5,11,1
57456,0:3:3;1:2:2;1:3:3;1:3:3,0,0,0,0,0,1,0,0,0,0,0,0,1,24
57457,0:3:3;1:2:2;1:3:3;1:3:3,0,1,0,0,0,1,0,0,0,0,0,0,2,24
57458,0:3:3;1:2:2;1:3:3;1:3:3,0,2,0,0,0,1,0,0,0,0,0,0,3,24
57459,0:3:3;1:2:2;1:3:3;1:3:3,0,3,0,0,0,1,0,0,0,0,0,0,22,24
57460,0:3:3;1:2:2;1:3:3;1:3:3,0,4,0,0,0,1,0,0,0,0,0,0,22,24
57461,0:3:3;1:2:2;1:3:3;1:3:3,0,5,0,0,0,1,0,0,0,0,0,0,22,24
57462,0:3:3;1:2:2;1:3:3;1:3:3,1,0,0,0,0,1,0,0,0,0,0,0,4,24
57463,0:3:3;1:2:2;1:3:3;1:3:3,1,1,0,0,0,1,0,0,0,0,0,0,8,24
57464,0:3:3;1:2:2;1:3:3;1:3:3,1,2,0,0,0,1,0,0,0,0,0,0,12,24
57465,0:3:3;1:2:2;1:3:3;1:3:3,1,3,0,0,0,1,0,0,0,0,0,0,41,24
57466,0:3:3;1:2:2;1:3:3;1:3:3,1,4,0,0,0,1,0,0,0,0,0,0,41,24
57467,0:3:3;1:2:2;1:3:3;1:3:3,1,5,0,0,0,1,0,0,0,0,0,0,41,24
57468,0:3:3;1:2:2;1:3:3;1:3:3,2,0,0,0,0,1,0,0,0,0,0,0,12,24
57469,0:3:3;1:2:2;1:3:3;1:3:3,2,1,0,0,0,1,0,0,0,0,0,0,31,24
57470,0:3:3;1:2:2;1:3:3;1:3:3,2,2,0,0,0,1,0,0,0,0,0,0,40,24
57471,0:3:3;1:2:2;1:3:3;1:3:3,2,3,0,0,0,1,0,0,0,0,0,0,68,24
57472,0:3:3;1:2:2;1:3:3;1:3:3,2,4,0,0,0,1,0,0,0,0,0,0,68,24
57473,0:3:3;1:2:2;1:3:3;1:3:3,2,5,0,0,0,1,0,0,0,0,0,0,68,24
57474,0:3:3;1:2:2;1:3:3;1:3:3,3,0,0,0,0,1,0,0,0,0,0,0,46,24
57475,0:3:3;1:2:2;1:3:3;1:3:3,3,1,0,0,0,1,0,0,0,0,0,0,69,24
57476,0:3:3;1:2:2;1:3:3;1:3:3,3,2,0,0,0,1,0,0,0,0,0,0,83,24
57477,0:3:3;1:2:2;1:3:3;1:3:3,3,3,0,0,0,1,0,0,0,0,0,0,101,24
57478,0:3:3;1:2:2;1:3:3;1:3:3,3,4,0,0,0,1,0,0,0,0,0,0,101,24
57479,0:3:3;1:2:2;1:3:3;1:3:3,3,5,0,0,0,1,0,0,0,0,0,0,101,24
57480,0:3:3;1:2:2;1:3:3;1:3:3,4,0,0,0,0,1,0,0,0,0,0,0,73,24
57481,0:3:3;1:2:2;1:3:3;1:3:3,4,1,0,0,0,1,0,0,0,0,0,0,99,24
57482,0:3:3;1:2:2;1:3:3;1:3:3,4,2,0,0,0,1,0,0,0,0,0,0,116,24
57483,0:3:3;1:2:2;1:3:3;1:3:3,4,3,0,0,0,1,0,0,0,0,0,0,134,24
57484,0:3:3;1:2:2;1:3:3;1:3:3,4,4,0,0,0,1,0,0,0,0,0,0,134,24
57485,0:3:3;1:2:2;1:3:3;1:3:3,4,5,0,0,0,1,0,0,0,0,0,0,134,24
57486,0:3:3;1:2:2;1:3:3;1:3:3,5,0,1,1,1,0,1,1,1,1,1,5,12,9
57487,0:3:3;1:2:2;1:3:3;1:3:3,5,1,1,1,1,0,1,1,1,1,1,5,12,7
57488,0:3:3;1:2:2;1:3:3;1:3:3,5,2,1,1,1,0,1,1,1,1,1,5,12,7
57489,0:3:3;1:2:2;1:3:3;1:3:3,5,3,1,1,1,0,1,1,1,1,1,5,12,1
57490,0:3:3;1:2:2;1:3:3;1:3:3,5,4,1,1,1,0,1,1,1,1,1,5,12,1
57491,0:3:3;1:2:2;1:3:3;1:3:3,5,5,1,1,1,0,1,1,1,1,1,5,12,1
57492,0:3:3;1:2:2;1:3:3;1:4:3,0,0,0,0,0,1,0,0,0,0,0,0,1,24
57493,0:3:3;1:2:2;1:3:3;1:4:3,0,1,0,0,0,1,0,0,0,0,0,0,2,24
57494,0:3:3;1:2:2;1:3:3;1:4:3,0,2,0,0,0,1,0,0,0,0,0,0,3,24
57495,0:3:3;1:2:2;1:3:3;1:4:3,0,3,0,0,0,1,0,0,0,0,0,0,22,24
57496,0:3:3;1:2:2;1:3:3;1:4:3,0,4,0,0,0,1,0,0,0,0,0,0,22,24
57497,0:3:3;1:2:2;1:3:3;1:4:3,0,5,0,0,0,1,0,0,0,0,0,0,22,24
57498,0:3:3;1:2:2;1:3:3;1:4:3,1,0,0,0,0,1,0,0,0,0,0,0,4,24
57499,0:3:3;1:2:2;1:3:3;1:4:3,1,1,0,0,0,1,0,0,0,0,0,0,8,24
57500,0:3:3;1:2:2;1:3:3;1:4:3,1,2,0,0,0,1,0,0,0,0,0,0,12,24
57501,0:3:3;1:2:2;1:3:3;1:4:3,1,3,0,0,0,1,0,0,0,0,0,0,41,24
57502,0:3:3;1:2:2;1:3:3;1:4:3,1,4,0,0,0,1,0,0,0,0,0,0,41,24
57503,0:3:3;1:2:2;1:3:3;1:4:3,1,5,0,0,0,1,0,0,0,0,0,0,41,24
57504,0:3:3;1:2:2;1:3:3;1:4:3,2,0,0,0,0,1,0,0,0,0,0,0,12,24
57505,0:3:3;1:2:2;1:3:3;1:4:3,2,1,0,0,0,1,0,0,0,0,0,0,31,24
57506,0:3:3;1:2:2;1:3:3;1:4:3,2,2,0,0,0,1,0,0,0,0,0,0,40,24
57507,0:3:3;1:2:2;1:3:3;1:4:3,2,3,0,0,0,1,0,0,0,0,0,0,68,24
57508,0:3:3;1:2:2;1:3:3;1:4:3,2,4,0,0,0,1,0,0,0,0,0,0,68,24
57509,0:3:3;1:2:2;1:3:3;1:4:3,2,5,0,0,0,1,0,0,0,0,0,0,68,24
57510,0:3:3;1:2:2;1:3:3;1:4:3,3,0,0,0,0,1,0,0,0,0,0,0,46,24
57511,0:3:3;1:2:2;1:3:3;1:4:3,3,1,0,0,0,1,0,0,0,0,0,0,69,24
57512,0:3:3;1:2:2;1:3:3;1:4:3,3,2,0,0,0,1,0,0,0,0,0,0,83,24
57513,0:3:3;1:2:2;1:3:3;1:4:3,3,3,0,0,0,1,0,0,0,0,0,0,101,24
57514,0:3:3;1:2:2;1:3:3;1:4:3,3,4,0,0,0,1,0,0,0,0,0,0,101,24
57515,0:3:3;1:2:2;1:3:3;1:4:3,3,5,0,0,0,1,0,0,0,0,0,0,101,24
57516,0:3:3;1:2:2;1:3:3;1:4:3,4,0,0,0,0,1,0,0,0,0,0,0,73,24
57517,0:3:3;1:2:2;1:3:3;1:4:3,4,1,0,0,0,1,0,0,0,0,0,0,99,24
57518,0:3:3;1:2:2;1:3:3;1:4:3,4,2,0,0,0,1,0,0,0,0,0,0,116,24
57519,0:3:3;1:2:2;1:3:3;1:4:3,4,3,0,0,0,1,0,0,0,0,0,0,134,24
57520,0:3:3;1:2:2;1:3:3;1:4:3,4,4,0,0,0,1,0,0,0,0,0,0,134,24
57521,0:3:3;1:2:2;1:3:3;1:4:3,4,5,0,0,0,1,0,0,0,0,0,0,134,24
57522,0:3:3;1:2:2;1:3:3;1:4:3,5,0,1,1,1,0,1,1,1,1,1,5,12,9
57523,0:3:3;1:2:2;1:3:3;1:4:3,5,1,1,1,1,0,1,1,1,1,1,5,12,7
57524,0:3:3;1:2:2;1:3:3;1:4:3,5,2,1,1,1,0,1,1,1,1,1,5,12,7
57525,0:3:3;1:2:2;1:3:3;1:4:3,5,3,1,1,1,0,1,1,1,1,1,5,12,1
57526,0:3:3;1:2:2;1:3:3;1:4:3,5,4,1,1,1,0,1,1,1,1,1,5,12,1
57527,0:3:3;1:2:2;1:3:3;1:4:3,5,5,1,1,1,0,1,1,1,1,1,5,12,1
57528,0:3:3;1:2:2;1:4:3;1:4:3,0,0,0,0,0,1,0,0,0,0,0,0,1,24
57529,0:3:3;1:2:2;1:4:3;1:4:3,0,1,0,0,0,1,0,0,0,0,0,0,2,24
57530,0:3:3;1:2:2;1:4:3;1:4:3,0,2,0,0,0,1,0,0,0,0,0,0,3,24
57531,0:3:3;1:2:2;1:4:3;1:4:3,0,3,0,0,0,1,0,0,0,0,0,0,22,24
57532,0:3:3;1:2:2;1:4:3;1:4:3,0,4,0,0,0,1,0,0,0,0,0,0,22,24
57533,0:3:3;1:2:2;1:4:3;1:4:3,0,5,0,0,0,1,0,0,0,0,0,0,22,24
57534,0:3:3;1:2:2;1:4:3;1:4:3,1,0,0,0,0,1,0,0,0,0,0,0,4,24
57535,0:3:3;1:2:2;1:4:3;1:4:3,1,1,0,0,0,1,0,0,0,0,0,0,8,24
57536,0:3:3;1:2:2;1:4:3;1:4:3,1,2,0,0,0,1,0,0,0,0,0,0,12,24
57537,0:3:3;1:2:2;1:4:3;1:4:3,1,3,0,0,0,1,0,0,0,0,0,0,41,24
57538,0:3:3;1:2:2;1:4:3;1:4:3,1,4,0,0,0,1,0,0,0,0,0,0,41,24
57539,0:3:3;1:2:2;1:4:3;1:4:3,1,5,0,0,0,1,0,0,0,0,0,0,41,24
57540,0:3:3;1:2:2;1:4:3;1:4:3,2,0,0,0,0,1,0,0,0,0,0,0,12,24
57541,0:3:3;1:2:2;1:4:3;1:4:3,2,1,0,0,0,1,0,0,0,0,0,0,31,24
57542,0:3:3;1:2:2;1:4:3;1:4:3,2,2,0,0,0,1,0,0,0,0,0,0,40,24
57543,0:3:3;1:2:2;1:4:3;1:4:3,2,3,0,0,0,1,0,0,0,0,0,0,68,24
57544,0:3:3;1:2:2;1:4:3;1:4:3,2,4,0,0,0,1,0,0,0,0,0,0,68,24
57545,0:3:3;1:2:2;1:4:3;1:4:3,2,5,0,0,0,1,0,0,0,0,0,0,68,24
57546,0:3:3;1:2:2;1:4:3;1:4:3,3,0,0,0,0,1,0,0,0,0,0,0,46,24
57547,0:3:3;1:2:2;1:4:3;1:4:3,3,1,0,0,0,1,0,0,0,0,0,0,69,24
57548,0:3:3;1:2:2;1:4:3;1:4:3,3,2,0,0,0,1,0,0,0,0,0,0,83,24
57549,0:3:3;1:2:2;1:4:3;1:4:3,3,3,0,0,0,1,0,0,0,0,0,0,101,24
57550,0:3:3;1:2:2;1:4:3;1:4:3,3,4,0,0,0,1,0,0,0,0,0,0,101,24
57551,0:3:3;1:2:2;1:4:3;1:4:3,3,5,0,0,0,1,0,0,0,0,0,0,101,24
57552,0:3:3;1:2:2;1:4:3;1:4:3,4,0,0,0,0,1,0,0,0,0,0,0,73,24
57553,0:3:3;1:2:2;1:4:3;1:4:3,4,1,0,0,0,1,0,0,0,0,0,0,99,24
57554,0:3:3;1:2:2;1:4:3;1:4:3,4,2,0,0,0,1,0,0,0,0,0,0,116,24
57555,0:3:3;1:2:2;1:4:3;1:4:3,4,3,0,0,0,1,0,0,0,0,0,0,134,24
57556,0:3:3;1:2:2;1:4:3;1:4:3,4,4,0,0,0,1,0,0,0,0,0,0,134,24
57557,0:3:3;1:2:2;1:4:3;1:4:3,4,5,0,0,0,1,0,0,0,0,0,0,134,24
57558,0:3:3;1:2:2;1:4:3;1:4:3,5,0,1,1,1,0,1,1,1,1,1,5,12,9
57559,0:3:3;1:2:2;1:4:3;1:4:3,5,1,1,1,1,0,1,1,1,1,1,5,12,7
57560,0:3:3;1:2:2;1:4:3;1:4:3,5,2,1,1,1,0,1,1,1,1,1,5,12,7
57561,0:3:3;1:2:2;1:4:3;1:4:3,5,3,1,1,1,0,1,1,1,1,1,5,12,1
57562,0:3:3;1:2:2;1:4:3;1:4:3,5,4,1,1,1,0,1,1,1,1,1,5,12,1
57563,0:3:3;1:2:2;1:4:3;1:4:3,5,5,1,1,1,0,1,1,1,1,1,5,12,1
57564,0:3:3;1:3:2;1:3:2;1:3:2,0,0,0,0,0,1,0,0,0,0,0,0,1,24
57565,0:3:3;1:3:2;1:3:2;1:3:2,0,1,0,0,0,1,0,0,0,0,0,0,2,24
57566,0:3:3;1:3:2;1:3:2;1:3:2,0,2,0,0,0,1,0,0,0,0,0,0,3,24
57567,0:3:3;1:3:2;1:3:2;1:3:2,0,3,0,0,0,1,0,0,0,0,0,0,20,24
57568,0:3:3;1:3:2;1:3:2;1:3:2,0,4,0,0,0,1,0,0,0,0,0,0,20,24
57569,0:3:3;1:3:2;1:3:2;1:3:2,0,5,0,0,0,1,0,0,0,0,0,0,20,24
57570,0:3:3;1:3:2;1:3:2;1:3:2,1,0,0,0,0,1,0,0,0,0,0,0,4,24
57571,0:3:3;1:3:2;1:3:2;1:3:2,1,1,0,0,0,1,0,0,0,0,0,0,8,24
57572,0:3:3;1:3:2;1:3:2;1:3:2,1,2,0,0,0,1,0,0,0,0,0,0,12,24
57573,0:3:3;1:3:2;1:3:2;1:3:2,1,3,0,0,0,1,0,0,0,0,0,0,35,24
57574,0:3:3;1:3:2;1:3:2;1:3:2,1,4,0,0,0,1,0,0,0,0,0,0,35,24
57575,0:3:3;1:3:2;1:3:2;1:3:2,1,5,0,0,0,1,0,0,0,0,0,0,35,24
57576,0:3:3;1:3:2;1:3:2;1:3:2,2,0,0,0,0,1,0,0,0,0,0,0,34,24
57577,0:3:3;1:3:2;1:3:2;1:3:2,2,1,0,0,0,1,0,0,0,0,0,0,41,24
57578,0:3:3;1:3:2;1:3:2;1:3:2,2,2,0,0,0,1,0,0,0,0,0,0,48,24
57579,0:3:3;1:3:2;1:3:2;1:3:2,2,3,0,0,0,1,0,0,0,0,0,0,56,24
57580,0:3:3;1:3:2;1:3:2;1:3:2,2,4,0,0,0,1,0,0,0,0,0,0,56,24
57581,0:3:3;1:3:2;1:3:2;1:3:2,2,5,0,0,0,1,0,0,0,0,0,0,56,24
57582,0:3:3;1:3:2;1:3:2;1:3:2,3,0,1,1,0,0,1,1,1,1,1,5,10,7
57583,0:3:3;1:3:2;1:3:2;1:3:2,3,1,1,1,1,0,1,1,1,1,1,5,10,7
57584,0:3:3;1:3:2;1:3:2;1:3:2,3,2,1,1,1,0,1,1,1,1,1,5,10,7
57585,0:3:3;1:3:2;1:3:2;1:3:2,3,3,1,1,1,0,1,1,1,1,1,5,10,1
57586,0:3:3;1:3:2;1:3:2;1:3:2,3,4,1,1,1,0,1,1,1,1,1,5,10,1
57587,0:3:3;1:3:2;1:3:2;1:3:2,3,5,1,1,1,0,1,1,1,1,1,5,10,1
57588,0:3:3;1:3:2;1:3:2;1:3:2,4,0,1,1,1,0,1,1,1,1,1,5,10,7
57589,0:3:3;1:3:2;1:3:2;1:3:2,4,1,1,1,1,0,1,1,1,1,1,5,10,7
57590,0:3:3;1:3:2;1:3:2;1:3:2,4,2,1,1,1,0,1,1,1,1,1,5,10,7
57591,0:3:3;1:3:2;1:3:2;1:3:2,4,3,1,1,1,0,1,1,1,1,1,5,10,1
57592,0:3:3;1:3:2;1:3:2;1:3:2,4,4,1,1,1,0,1,1,1,1,1,5,10,1
57593,0:3:3;1:3:2;1:3:2;1:3:2,4,5,1,1,1,0,1,1,1,1,1,5,10,1
57594,0:3:3;1:3:2;1:3:2;1:3:2,5,0,1,1,1,0,1,1,1,1,1,5,10,7
57595,0:3:3;1:3:2;1:3:2;1:3:2,5,1,1,1,1,0,1,1,1,1,1,5,10,7
57596,0:3:3;1:3:2;1:3:2;1:3:2,5,2,1,1,1,0,1,1,1,1,1,5,10,7
57597,0:3:3;1:3:2;1:3:2;1:3:2,5,3,1,1,1,0,1,1,1,1,1,5,10,1
57598,0:3:3;1:3:2;1:3:2;1:3:2,5,4,1,1,1,0,1,1,1,1,1,5,10,1
57599,0:3:3;1:3:2;1:3:2;1:3:2,5,5,1,1,1,0,1,1,1,1,1,5,10,1
57600,0:3:3;1:3:2;1:3:2;1:3:3,0,0,0,0,0,1,0,0,0,0,0,0,1,24
57601,0:3:3;1:3:2;1:3:2;1:3:3,0,1,0,0,0,1,0,0,0,0,0,0,2,24
57602,0:3:3;1:3:2;1:3:2;1:3:3,0,2,0,0,0,1,0,0,0,0,0,0,3,24
57603,0:3:3;1:3:2;1:3:2;1:3:3,0,3,0,0,0,1,0,0,0,0,0,0,21,24
57604,0:3:3;1:3:2;1:3:2;1:3:3,0,4,0,0,0,1,0,0,0,0,0,0,21,24
57605,0:3:3;1:3:2;1:3:2;1:3:3,0,5,0,0,0,1,0,0,0,0,0,0,21,24
57606,0:3:3;1:3:2;1:3:2;1:3:3,1,0,0,0,0,1,0,0,0,0,0,0,4,24
57607,0:3:3;1:3:2;1:3:2;1:3:3,1,1,0,0,0,1,0,0,0,0,0,0,8,24
57608,0:3:3;1:3:2;1:3:2;1:3:3,1,2,0,0,0,1,0,0,0,0,0,0,12,24
57609,0:3:3;1:3:2;1:3:2;1:3:3,1,3,0,0,0,1,0,0,0,0,0,0,38,24
57610,0:3:3;1:3:2;1:3:2;1:3:3,1,4,0,0,0,1,0,0,0,0,0,0,38,24
57611,0:3:3;1:3:2;1:3:2;1:3:3,1,5,0,0,0,1,0,0,0,0,0,0,38,24
57612,0:3:3;1:3:2;1:3:2;1:3:3,2,0,0,0,0,1,0,0,0,0,0,0,30,24
57613,0:3:3;1:3:2;1:3:2;1:3:3,2,1,0,0,0,1,0,0,0,0,0,0,38,24
57614,0:3:3;1:3:2;1:3:2;1:3:3,2,2,0,0,0,1,0,0,0,0,0,0,46,24
57615,0:3:3;1:3:2;1:3:2;1:3:3,2,3,0,0,0,1,0,0,0,0,0,0,62,24
57616,0:3:3;1:3:2;1:3:2;1:3:3,2,4,0,0,0,1,0,0,0,0,0,0,62,24
57617,0:3:3;1:3:2;1:3:2;1:3:3,2,5,0,0,0,1,0,0,0,0,0,0,62,24
57618,0:3:3;1:3:2;1:3:2;1:3:3,3,0,0,0,0,1,0,0,0,0,0,0,55,24
57619,0:3:3;1:3:2;1:3:2;1:3:3,3,1,0,0,0,1,0,0,0,0,0,0,66,24
57620,0:3:3;1:3:2;1:3:2;1:3:3,3,2,0,0,0,1,0,0,0,0,0,0,77,24
57621,0:3:3;1:3:2;1:3:2;1:3:3,3,3,0,0,0,1,0,0,0,0,0,0,89,24
57622,0:3:3;1:3:2;1:3:2;1:3:3,3,4,0,0,0,1,0,0,0,0,0,0,89,24
57623,0:3:3;1:3:2;1:3:2;1:3:3,3,5,0,0,0,1,0,0,0,0,0,0,89,24
57624,0:3:3;1:3:2;1:3:2;1:3:3,4,0,1,1,0,0,1,1,1,1,1,5,11,7
57625,0:3:3;1:3:2;1:3:2;1:3:3,4,1,1,1,1,0,1,1,1,1,1,5,11,7
57626,0:3:3;1:3:2;1:3:2;1:3:3,4,2,1,1,1,0,1,1,1,1,1,5,11,7
57627,0:3:3;1:3:2;1:3:2;1:3:3,4,3,1,1,1,0,1,1,1,1,1,5,11,1
57628,0:3:3;1:3:2;1:3:2;1:3:3,4,4,1,1,1,0,1,1,1,1,1,5,11,1
57629,0:3:3;1:3:2;1:3:2;1:3:3,4,5,1,1,1,0,1,1,1,1,1,5,11,1
57630,0:3:3;1:3:2;1:3:2;1:3:3,5,0,1,1,1,0,1,1,1,1,1,5,11,7
57631,0:3:3;1:3:2;1:3:2;1:3:3,5,1,1,1,1,0,1,1,1,1,1,5,11,7
57632,0:3:3;1:3:2;1:3:2;1:3:3,5,2,1,1,1,0,1,1,1,1,1,5,11,7
57633,0:3:3;1:3:2;1:3:2;1:3:3,5,3,1,1,1,0,1,1,1,1,1,5,11,1
57634,0:3:3;1:3:2;1:3:2;1:3:3,5,4,1,1,1,0,1,1,1,1,1,5,11,1
57635,0:3:3;1:3:2;1:3:2;1:3:3,5,5,1,1,1,0,1,1,1,1,1,5,11,1
57636,0:3:3;1:3:2;1:3:2;1:4:3,0,0,0,0,0,1,0,0,0,0,0,0,1,24
57637,0:3:3;1:3:2;1:3:2;1:4:3,0,1,0,0,0,1,0,0,0,0,0,0,2,24
57638,0:3:3;1:3:2;1:3:2;1:4:3,0,2,0,0,0,1,0,0,0,0,0,0,3,24
57639,0:3:3;1:3:2;1:3:2;1:4:3,0,3,0,0,0,1,0,0,0,0,0,0,21,24
57640,0:3:3;1:3:2;1:3:2;1:4:3,0,4,0,0,0,1,0,0,0,0,0,0,21,24
57641,0:3:3;1:3:2;1:3:2;1:4:3,0,5,0,0,0,1,0,0,0,0,0,0,21,24
57642,0:3:3;1:3:2;1:3:2;1:4:3,1,0,0,0,0,1,0,0,0,0,0,0,4,24
57643,0:3:3;1:3:2;1:3:2;1:4:3,1,1,0,0,0,1,0,0,0,0,0,0,8,24
57644,0:3:3;1:3:2;1:3:2;1:4:3,1,2,0,0,0,1,0,0,0,0,0,0,12,24
57645,0:3:3;1:3:2;1:3:2;1:4:3,1,3,0,0,0,1,0,0,0,0,0,0,38,24
57646,0:3:3;1:3:2;1:3:2;1:4:3,1,4,0,0,0,1,0,0,0,0,0,0,38,24
57647,0:3:3;1:3:2;1:3:2;1:4:3,1,5,0,0,0,1,0,0,0,0,0,0,38,24
57648,0:3:3;1:3:2;1:3:2;1:4:3,2,0,0,0,0,1,0,0,0,0,0,0,30,24
57649,0:3:3;1:3:2;1:3:2;1:4:3,2,1,0,0,0,1,0,0,0,0,0,0,38,24
57650,0:3:3;1:3:2;1:3:2;1:4:3,2,2,0,0,0,1,0,0,0,0,0,0,46,24
57651,0:3:3;1:3:2;1:3:2;1:4:3,2,3,0,0,0,1,0,0,0,0,0,0,62,24
57652,0:3:3;1:3:2;1:3:2;1:4:3,2,4,0,0,0,1,0,0,0,0,0,0,62,24
57653,0:3:3;1:3:2;1:3:2;1:4:3,2,5,0,0,0,1,0,0,0,0,0,0,62,24
57654,0:3:3;1:3:2;1:3:2;1:4:3,3,0,0,0,0,1,0,0,0,0,0,0,55,24
57655,0:3:3;1:3:2;1:3:2;1:4:3,3,1,0,0,0,1,0,0,0,0,0,0,66,24
57656,0:3:3;1:3:2;1:3:2;1:4:3,3,2,0,0,0,1,0,0,0,0,0,0,77,24
57657,0:3:3;1:3:2;1:3:2;1:4:3,3,3,0,0,0,1,0,0,0,0,0,0,89,24
57658,0:3:3;1:3:2;1:3:2;1:4:3,3,4,0,0,0,1,0,0,0,0,0,0,89,24
57659,0:3:3;1:3:2;1:3:2;1:4:3,3,5,0,0,0,1,0,0,0,0,0,0,89,24
57660,0:3:3;1:3:2;1:3:2;1:4:3,4,0,1,1,0,0,1,1,1,1,1,5,11,7
57661,0:3:3;1:3:2;1:3:2;1:4:3,4,1,1,1,1,0,1,1,1,1,1,5,11,7
57662,0:3:3;1:3:2;1:3:2;1:4:3,4,2,1,1,1,0,1,1,1,1,1,5,11,7
57663,0:3:3;1:3:2;1:3:2;1:4:3,4,3,1,1,1,0,1,1,1,1,1,5,11,1
57664,0:3:3;1:3:2;1:3:2;1:4:3,4,4,1,1,1,0,1,1,1,1,1,5,11,1
57665,0:3:3;1:3:2;1:3:2;1:4:3,4,5,1,1,1,0,1,1,1,1,1,5,11,1
57666,0:3:3;1:3:2;1:3:2;1:4:3,5,0,1,1,1,0,1,1,1,1,1,5,11,7
57667,0:3:3;1:3:2;1:3:2;1:4:3,5,1,1,1,1,0,1,1,1,1,1,5,11,7
57668,0:3:3;1:3:2;1:3:2;1:4:3,5,2,1,1,1,0,1,1,1,1,1,5,11,7
57669,0:3:3;1:3:2;1:3:2;1:4:3,5,3,1,1,1,0,1,1,1,1,1,5,11,1
57670,0:3:3;1:3:2;1:3:2;1:4:3,5,4,1,1,1,0,1,1,1,1,1,5,11,1
57671,0:3:3;1:3:2;1:3:2;1:4:3,5,5,1,1,1,0,1,1,1,1,1,5,11,1
57672,0:3:3;1:3:2;1:3:3;1:3:3,0,0,0,0,0,1,0,0,0,0,0,0,1,24
57673,0:3:3;1:3:2;1:3:3;1:3:3,0,1,0,0,0,1,0,0,0,0,0,0,2,24
57674,0:3:3;1:3:2;1:3:3;1:3:3,0,2,0,0,0,1,0,0,0,0,0,0,3,24
57675,0:3:3;1:3:2;1:3:3;1:3:3,0,3,0,0,0,1,0,0,0,0,0,0,22,24
57676,0:3:3;1:3:2;1:3:3;1:3:3,0,4,0,0,0,1,0,0,0,0,0,0,22,24
57677,0:3:3;1:3:2;1:3:3;1:3:3,0,5,0,0,0,1,0,0,0,0,0,0,22,24
57678,0:3:3;1:3:2;1:3:3;1:3:3,1,0,0,0,0,1,0,0,0,0,0,0,4,24
57679,0:3:3;1:3:2;1:3:3;1:3:3,1,1,0,0,0,1,0,0,0,0,0,0,8,24
57680,0:3:3;1:3:2;1:3:3;1:3:3,1,2,0,0,0,1,0,0,0,0,0,0,12,24
57681,0:3:3;1:3:2;1:3:3;1:3:3,1,3,0,0,0,1,0,0,0,0,0,0,41,24
57682,0:3:3;1:3:2;1:3:3;1:3:3,1,4,0,0,0,1,0,0,0,0,0,0,41,24
57683,0:3:3;1:3:2;1:3:3;1:3:3,1,5,0,0,0,1,0,0,0,0,0,0,41,24
57684,0:3:3;1:3:2;1:3:3;1:3:3,2,0,0,0,0,1,0,0,0,0,0,0,22,24
57685,0:3:3;1:3:2;1:3:3;1:3:3,2,1,0,0,0,1,0,0,0,0,0,0,31,24
57686,0:3:3;1:3:2;1:3:3;1:3:3,2,2,0,0,0,1,0,0,0,0,0,0,40,24
57687,0:3:3;1:3:2;1:3:3;1:3:3,2,3,0,0,0,1,0,0,0,0,0,0,68,24
57688,0:3:3;1:3:2;1:3:3;1:3:3,2,4,0,0,0,1,0,0,0,0,0,0,68,24
57689,0:3:3;1:3:2;1:3:3;1:3:3,2,5,0,0,0,1,0,0,0,0,0,0,68,24
57690,0:3:3;1:3:2;1:3:3;1:3:3,3,0,0,0,0,1,0,0,0,0,0,0,55,24
57691,0:3:3;1:3:2;1:3:3;1:3:3,3,1,0,0,0,1,0,0,0,0,0,0,69,24
57692,0:3:3;1:3:2;1:3:3;1:3:3,3,2,0,0,0,1,0,0,0,0,0,0,83,24
57693,0:3:3;1:3:2;1:3:3;1:3:3,3,3,0,0,0,1,0,0,0,0,0,0,101,24
57694,0:3:3;1:3:2;1:3:3;1:3:3,3,4,0,0,0,1,0,0,0,0,0,0,101,24
57695,0:3:3;1:3:2;1:3:3;1:3:3,3,5,0,0,0,1,0,0,0,0,0,0,101,24
57696,0:3:3;1:3:2;1:3:3;1:3:3,4,0,0,0,0,1,0,0,0,0,0,0,82,24
57697,0:3:3;1:3:2;1:3:3;1:3:3,4,1,0,0,0,1,0,0,0,0,0,0,99,24
57698,0:3:3;1:3:2;1:3:3;1:3:3,4,2,0,0,0,1,0,0,0,0,0,0,116,24
57699,0:3:3;1:3:2;1:3:3;1:3:3,4,3,0,0,0,1,0,0,0,0,0,0,134,24
57700,0:3:3;1:3:2;1:3:3;1:3:3,4,4,0,0,0,1,0,0,0,0,0,0,134,24
57701,0:3:3;1:3:2;1:3:3;1:3:3,4,5,0,0,0,1,0,0,0,0,0,0,134,24
57702,0:3:3;1:3:2;1:3:3;1:3:3,5,0,1,1,1,0,1,1,1,1,1,5,12,7
57703,0:3:3;1:3:2;1:3:3;1:3:3,5,1,1,1,1,0,1,1,1,1,1,5,12,7
57704,0:3:3;1:3:2;1:3:3;1:3:3,5,2,1,1,1,0,1,1,1,1,1,5,12,7
57705,0:3:3;1:3:2;1:3:3;1:3:3,5,3,1,1,1,0,1,1,1,1,1,5,12,1
57706,0:3:3;1:3:2;1:3:3;1:3:3,5,4,1,1,1,0,1,1,1,1,1,5,12,1
57707,0:3:3;1:3:2;1:3:3;1:3:3,5,5,1,1,1,0,1,1,1,1,1,5,12,1
57708,0:3:3;1:3:2;1:3:3;1:4:3,0,0,0,0,0,1,0,0,0,0,0,0,1,24
57709,0:3:3;1:3:2;1:3:3;1:4:3,0,1,0,0,0,1,0,0,0,0,0,0,2,24
57710,0:3:3;1:3:2;1:3:3;1:4:3,0,2,0,0,0,1,0,0,0,0,0,0,3,24
57711,0:3:3;1:3:2;1:3:3;1:4:3,0,3,0,0,0,1,0,0,0,0,0,0,22,24
57712,0:3:3;1:3:2;1:3:3;1:4:3,0,4,0,0,0,1,0,0,0,0,0,0,22,24
57713,0:3:3;1:3:2;1:3:3;1:4:3,0,5,0,0,0,1,0,0,0,0,0,0,22,24
57714,0:3:3;1:3:2;1:3:3;1:4:3,1,0,0,0,0,1,0,0,0,0,0,0,4,24
57715,0:3:3;1:3:2;1:3:3;1:4:3,1,1,0,0,0,1,0,0,0,0,0,0,8,24
57716,0:3:3;1:3:2;1:3:3;1:4:3,1,2,0,0,0,1,0,0,0,0,0,0,12,24
57717,0:3:3;1:3:2;1:3:3;1:4:3,1,3,0,0,0,1,0,0,0,0,0,0,41,24
57718,0:3:3;1:3:2;1:3:3;1:4:3,1,4,0,0,0,1,0,0,0,0,0,0,41,24
57719,0:3:3;1:3:2;1:3:3;1:4:3,1,5,0,0,0,1,0,0,0,0,0,0,41,24
57720,0:3:3;1:3:2;1:3:3;1:4:3,2,0,0,0,0,1,0,0,0,0,0,0,22,24
57721,0:3:3;1:3:2;1:3:3;1:4:3,2,1,0,0,0,1,0,0,0,0,0,0,31,24
57722,0:3:3;1:3:2;1:3:3;1:4:3,2,2,0,0,0,1,0,0,0,0,0,0,40,24
57723,0:3:3;1:3:2;1:3:3;1:4:3,2,3,0,0,0,1,0,0,0,0,0,0,68,24
57724,0:3:3;1:3:2;1:3:3;1:4:3,2,4,0,0,0,1,0,0,0,0,0,0,68,24
57725,0:3:3;1:3:2;1:3:3;1:4:3,2,5,0,0,0,1,0,0,0,0,0,0,68,24
57726,0:3:3;1:3:2;1:3:3;1:4:3,3,0,0,0,0,1,0,0,0,0,0,0,55,24
57727,0:3:3;1:3:2;1:3:3;1:4:3,3,1,0,0,0,1,0,0,0,0,0,0,69,24
57728,0:3:3;1:3:2;1:3:3;1:4:3,3,2,0,0,0,1,0,0,0,0,0,0,83,24
57729,0:3:3;1:3:2;1:3:3;1:4:3,3,3,0,0,0,1,0,0,0,0,0,0,101,24
57730,0:3:3;1:3:2;1:3:3;1:4:3,3,4,0,0,0,1,0,0,0,0,0,0,101,24
57731,0:3:3;1:3:2;1:3:3;1:4:3,3,5,0,0,0,1,0,0,0,0,0,0,101,24
57732,0:3:3;1:3:2;1:3:3;1:4:3,4,0,0,0,0,1,0,0,0,0,0,0,82,24
57733,0:3:3;1:3:2;1:3:3;1:4:3,4,1,0,0,0,1,0,0,0,0,0,0,99,24
57734,0:3:3;1:3:2;1:3:3;1:4:3,4,2,0,0,0,1,0,0,0,0,0,0,116,24
57735,0:3:3;1:3:2;1:3:3;1:4:3,4,3,0,0,0,1,0,0,0,0,0,0,134,24
57736,0:3:3;1:3:2;1:3:3;1:4:3,4,4,0,0,0,1,0,0,0,0,0,0,134,24
57737,0:3:3;1:3:2;1:3:3;1:4:3,4,5,0,0,0,1,0,0,0,0,0,0,134,24
57738,0:3:3;1:3:2;1:3:3;1:4:3,5,0,1,1,1,0,1,1,1,1,1,5,12,7
57739,0:3:3;1:3:2;1:3:3;1:4:3,5,1,1,1,1,0,1,1,1,1,1,5,12,7
57740,0:3:3;1:3:2;1:3:3;1:4:3,5,2,1,1,1,0,1,1,1,1,1,5,12,7
57741,0:3:3;1:3:2;1:3:3;1:4:3,5,3,1,1,1,0,1,1,1,1,1,5,12,1
57742,0:3:3;1:3:2;1:3:3;1:4:3,5,4,1,1,1,0,1,1,1,1,1,5,12,1
57743,0:3:3;1:3:2;1:3:3;1:4:3,5,5,1,1,1,0,1,1,1,1,1,5,12,1
57744,0:3:3;1:3:2;1:4:3;1:4:3,0,0,0,0,0,1,0,0,0,0,0,0,1,24
57745,0:3:3;1:3:2;1:4:3;1:4:3,0,1,0,0,0,1,0,0,0,0,0,0,2,24
57746,0:3:3;1:3:2;1:4:3;1:4:3,0,2,0,0,0,1,0,0,0,0,0,0,3,24
57747,0:3:3;1:3:2;1:4:3;1:4:3,0,3,0,0,0,1,0,0,0,0,0,0,22,24
57748,0:3:3;1:3:2;1:4:3;1:4:3,0,4,0,0,0,1,0,0,0,0,0,0,22,24
57749,0:3:3;1:3:2;1:4:3;1:4:3,0,5,0,0,0,1,0,0,0,0,0,0,22,24
57750,0:3:3;1:3:2;1:4:3;1:4:3,1,0,0,0,0,1,0,0,0,0,0,0,4,24
57751,0:3:3;1:3:2;1:4:3;1:4:3,1,1,0,0,0,1,0,0,0,0,0,0,8,24
57752,0:3:3;1:3:2;1:4:3;1:4:3,1,2,0,0,0,1,0,0,0,0,0,0,12,24
57753,0:3:3;1:3:2;1:4:3;1:4:3,1,3,0,0,0,1,0,0,0,0,0,0,41,24
57754,0:3:3;1:3:2;1:4:3;1:4:3,1,4,0,0,0,1,0,0,0,0,0,0,41,24
57755,0:3:3;1:3:2;1:4:3;1:4:3,1,5,0,0,0,1,0,0,0,0,0,0,41,24
57756,0:3:3;1:3:2;1:4:3;1:4:3,2,0,0,0,0,1,0,0,0,0,0,0,22,24
57757,0:3:3;1:3:2;1:4:3;1:4:3,2,1,0,0,0,1,0,0,0,0,0,0,31,24
57758,0:3:3;1:3:2;1:4:3;1:4:3,2,2,0,0,0,1,0,0,0,0,0,0,40,24
57759,0:3:3;1:3:2;1:4:3;1:4:3,2,3,0,0,0,1,0,0,0,0,0,0,68,24
57760,0:3:3;1:3:2;1:4:3;1:4:3,2,4,0,0,0,1,0,0,0,0,0,0,68,24
57761,0:3:3;1:3:2;1:4:3;1:4:3,2,5,0,0,0,1,0,0,0,0,0,0,68,24
57762,0:3:3;1:3:2;1:4:3;1:4:3,3,0,0,0,0,1,0,0,0,0,0,0,55,24
57763,0:3:3;1:3:2;1:4:3;1:4:3,3,1,0,0,0,1,0,0,0,0,0,0,69,24
57764,0:3:3;1:3:2;1:4:3;1:4:3,3,2,0,0,0,1,0,0,0,0,0,0,83,24
57765,0:3:3;1:3:2;1:4:3;1:4:3,3,3,0,0,0,1,0,0,0,0,0,0,101,24
57766,0:3:3;1:3:2;1:4:3;1:4:3,3,4,0,0,0,1,0,0,0,0,0,0,101,24
57767,0:3:3;1:3:2;1:4:3;1:4:3,3,5,0,0,0,1,0,0,0,0,0,0,101,24
57768,0:3:3;1:3:2;1:4:3;1:4:3,4,0,0,0,0,1,0,0,0,0,0,0,82,24
57769,0:3:3;1:3:2;1:4:3;1:4:3,4,1,0,0,0,1,0,0,0,0,0,0,99,24
57770,0:3:3;1:3:2;1:4:3;1:4:3,4,2,0,0,0,1,0,0,0,0,0,0,116,24
57771,0:3:3;1:3:2;1:4:3;1:4:3,4,3,0,0,0,1,0,0,0,0,0,0,134,24
57772,0:3:3;1:3:2;1:4:3;1:4:3,4,4,0,0,0,1,0,0,0,0,0,0,134,24
57773,0:3:3;1:3:2;1:4:3;1:4:3,4,5,0,0,0,1,0,0,0,0,0,0,134,24
57774,0:3:3;1:3:2;1:4:3;1:4:3,5,0,1,1,1,0,1,1,1,1,1,5,12,7
57775,0:3:3;1:3:2;1:4:3;1:4:3,5,1,1,1,1,0,1,1,1,1,1,5,12,7
57776,0:3:3;1:3:2;1:4:3;1:4:3,5,2,1,1,1,0,1,1,1,1,1,5,12,7
57777,0:3:3;1:3:2;1:4:3;1:4:3,5,3,1,1,1,0,1,1,1,1,1,5,12,1
57778,0:3:3;1:3:2;1:4:3;1:4:3,5,4,1,1,1,0,1,1,1,1,1,5,12,1
57779,0:3:3;1:3:2;1:4:3;1:4:3,5,5,1,1,1,0,1,1,1,1,1,5,12,1
57780,0:3:3;1:3:3;1:3:3;1:3:3,0,0,0,0,0,1,0,0,0,0,0,0,1,24
57781,0:3:3;1:3:3;1:3:3;1:3:3,0,1,0,0,0,1,0,0,0,0,0,0,2,24
57782,0:3:3;1:3:3;1:3:3;1:3:3,0,2,0,0,0,1,0,0,0,0,0,0,3,24
57783,0:3:3;1:3:3;1:3:3;1:3:3,0,3,0,0,0,1,0,0,0,0,0,0,23,24
57784,0:3:3;1:3:3;1:3:3;1:3:3,0,4,0,0,0,1,0,0,0,0,0,0,23,24
57785,0:3:3;1:3:3;1:3:3;1:3:3,0,5,0,0,0,1,0,0,0,0,0,0,23,24
57786,0:3:3;1:3:3;1:3:3;1:3:3,1,0,0,0,0,1,0,0,0,0,0,0,4,24
57787,0:3:3;1:3:3;1:3:3;1:3:3,1,1,0,0,0,1,0,0,0,0,0,0,8,24
57788,0:3:3;1:3:3;1:3:3;1:3:3,1,2,0,0,0,1,0,0,0,0,0,0,12,24
57789,0:3:3;1:3:3;1:3:3;1:3:3,1,3,0,0,0,1,0,0,0,0,0,0,44,24
57790,0:3:3;1:3:3;1:3:3;1:3:3,1,4,0,0,0,1,0,0,0,0,0,0,44,24
57791,0:3:3;1:3:3;1:3:3;1:3:3,1,5,0,0,0,1,0,0,0,0,0,0,44,24
57792,0:3:3;1:3:3;1:3:3;1:3:3,2,0,0,0,0,1,0,0,0,0,0,0,10,24
57793,0:3:3;1:3:3;1:3:3;1:3:3,2,1,0,0,0,1,0,0,0,0,0,0,20,24
57794,0:3:3;1:3:3;1:3:3;1:3:3,2,2,0,0,0,1,0,0,0,0,0,0,30,24
57795,0:3:3;1:3:3;1:3:3;1:3:3,2,3,0,0,0,1,0,0,0,0,0,0,74,24
57796,0:3:3;1:3:3;1:3:3;1:3:3,2,4,0,0,0,1,0,0,0,0,0,0,74,24
57797,0:3:3;1:3:3;1:3:3;1:3:3,2,5,0,0,0,1,0,0,0,0,0,0,74,24
57798,0:3:3;1:3:3;1:3:3;1:3:3,3,0,0,0,0,1,0,0,0,0,0,0,53,24
57799,0:3:3;1:3:3;1:3:3;1:3:3,3,1,0,0,0,1,0,0,0,0,0,0,70,24
57800,0:3:3;1:3:3;1:3:3;1:3:3,3,2,0,0,0,1,0,0,0,0,0,0,87,24
57801,0:3:3;1:3:3;1:3:3;1:3:3,3,3,0,0,0,1,0,0,0,0,0,0,114,24
57802,0:3:3;1:3:3;1:3:3;1:3:3,3,4,0,0,0,1,0,0,0,0,0,0,114,24
57803,0:3:3;1:3:3;1:3:3;1:3:3,3,5,0,0,0,1,0,0,0,0,0,0,114,24
57804,0:3:3;1:3:3;1:3:3;1:3:3,4,0,0,0,0,1,0,0,0,0,0,0,83,24
57805,0:3:3;1:3:3;1:3:3;1:3:3,4,1,0,0,0,1,0,0,0,0,0,0,106,24
57806,0:3:3;1:3:3;1:3:3;1:3:3,4,2,0,0,0,1,0,0,0,0,0,0,129,24
57807,0:3:3;1:3:3;1:3:3;1:3:3,4,3,0,0,0,1,0,0,0,0,0,0,156,24
57808,0:3:3;1:3:3;1:3:3;1:3:3,4,4,0,0,0,1,0,0,0,0,0,0,156,24
57809,0:3:3;1:3:3;1:3:3;1:3:3,4,5,0,0,0,1,0,0,0,0,0,0,156,24
57810,0:3:3;1:3:3;1:3:3;1:3:3,5,0,0,0,0,1,0,0,0,0,0,0,116,24
57811,0:3:3;1:3:3;1:3:3;1:3:3,5,1,0,0,0,1,0,0,0,0,0,0,142,24
57812,0:3:3;1:3:3;1:3:3;1:3:3,5,2,0,0,0,1,0,0,0,0,0,0,168,24
57813,0:3:3;1:3:3;1:3:3;1:3:3,5,3,0,0,0,1,0,0,0,0,0,0,195,24
57814,0:3:3;1:3:3;1:3:3;1:3:3,5,4,0,0,0,1,0,0,0,0,0,0,195,24
57815,0:3:3;1:3:3;1:3:3;1:3:3,5,5,0,0,0,1,0,0,0,0,0,0,195,24
57816,0:3:3;1:3:3;1:3:3;1:4:3,0,0,0,0,0,1,0,0,0,0,0,0,1,24
57817,0:3:3;1:3:3;1:3:3;1:4:3,0,1,0,0,0,1,0,0,0,0,0,0,2,24
57818,0:3:3;1:3:3;1:3:3;1:4:3,0,2,0,0,0,1,0,0,0,0,0,0,3,24
57819,0:3:3;1:3:3;1:3:3;1:4:3,0,3,0,0,0,1,0,0,0,0,0,0,23,24
57820,0:3:3;1:3:3;1:3:3;1:4:3,0,4,0,0,0,1,0,0,0,0,0,0,23,24
57821,0:3:3;1:3:3;1:3:3;1:4:3,0,5,0,0,0,1,0,0,0,0,0,0,23,24
57822,0:3:3;1:3:3;1:3:3;1:4:3,1,0,0,0,0,1,0,0,0,0,0,0,4,24
57823,0:3:3;1:3:3;1:3:3;1:4:3,1,1,0,0,0,1,0,0,0,0,0,0,8,24
57824,0:3:3;1:3:3;1:3:3;1:4:3,1,2,0,0,0,1,0,0,0,0,0,0,12,24
57825,0:3:3;1:3:3;1:3:3;1:4:3,1,3,0,0,0,1,0,0,0,0,0,0,44,24
57826,0:3:3;1:3:3;1:3:3;1:4:3,1,4,0,0,0,1,0,0,0,0,0,0,44,24
57827,0:3:3;1:3:3;1:3:3;1:4:3,1,5,0,0,0,1,0,0,0,0,0,0,44,24
57828,0:3:3;1:3:3;1:3:3;1:4:3,2,0,0,0,0,1,0,0,0,0,0,0,10,24
57829,0:3:3;1:3:3;1:3:3;1:4:3,2,1,0,0,0,1,0,0,0,0,0,0,20,24
57830,0:3:3;1:3:3;1:3:3;1:4:3,2,2,0,0,0,1,0,0,0,0,0,0,30,24
57831,0:3:3;1:3:3;1:3:3;1:4:3,2,3,0,0,0,1,0,0,0,0,0,0,74,24
57832,0:3:3;1:3:3;1:3:3;1:4:3,2,4,0,0,0,1,0,0,0,0,0,0,74,24
57833,0:3:3;1:3:3;1:3:3;1:4:3,2,5,0,0,0,1,0,0,0,0,0,0,74,24
57834,0:3:3;1:3:3;1:3:3;1:4:3,3,0,0,0,0,1,0,0,0,0,0,0,53,24
57835,0:3:3;1:3:3;1:3:3;1:4:3,3,1,0,0,0,1,0,0,0,0,0,0,70,24
57836,0:3:3;1:3:3;1:3:3;1:4:3,3,2,0,0,0,1,0,0,0,0,0,0,87,24
57837,0:3:3;1:3:3;1:3:3;1:4:3,3,3,0,0,0,1,0,0,0,0,0,0,114,24
57838,0:3:3;1:3:3;1:3:3;1:4:3,3,4,0,0,0,1,0,0,0,0,0,0,114,24
57839,0:3:3;1:3:3;1:3:3;1:4:3,3,5,0,0,0,1,0,0,0,0,0,0,114,24
57840,0:3:3;1:3:3;1:3:3;1:4:3,4,0,0,0,0,1,0,0,0,0,0,0,83,24
57841,0:3:3;1:3:3;1:3:3;1:4:3,4,1,0,0,0,1,0,0,0,0,0,0,106,24
57842,0:3:3;1:3:3;1:3:3;1:4:3,4,2,0,0,0,1,0,0,0,0,0,0,129,24
57843,0:3:3;1:3:3;1:3:3;1:4:3,4,3,0,0,0,1,0,0,0,0,0,0,156,24
57844,0:3:3;1:3:3;1:3:3;1:4:3,4,4,0,0,0,1,0,0,0,0,0,0,156,24
57845,0:3:3;1:3:3;1:3:3;1:4:3,4,5,0,0,0,1,0,0,0,0,0,0,156,24
57846,0:3:3;1:3:3;1:3:3;1:4:3,5,0,0,0,0,1,0,0,0,0,0,0,116,24
57847,0:3:3;1:3:3;1:3:3;1:4:3,5,1,0,0,0,1,0,0,0,0,0,0,142,24
57848,0:3:3;1:3:3;1:3:3;1:4:3,5,2,0,0,0,1,0,0,0,0,0,0,168,24
57849,0:3:3;1:3:3;1:3:3;1:4:3,5,3,0,0,0,1,0,0,0,0,0,0,195,24
57850,0:3:3;1:3:3;1:3:3;1:4:3,5,4,0,0,0,1,0,0,0,0,0,0,195,24
57851,0:3:3;1:3:3;1:3:3;1:4:3,5,5,0,0,0,1,0,0,0,0,0,0,195,24
57852,0:3:3;1:3:3;1:4:3;1:4:3,0,0,0,0,0,1,0,0,0,0,0,0,1,24
57853,0:3:3;1:3:3;1:4:3;1:4:3,0,1,0,0,0,1,0,0,0,0,0,0,2,24
57854,0:3:3;1:3:3;1:4:3;1:4:3,0,2,0,0,0,1,0,0,0,0,0,0,3,24
57855,0:3:3;1:3:3;1:4:3;1:4:3,0,3,0,0,0,1,0,0,0,0,0,0,23,24
57856,0:3:3;1:3:3;1:4:3;1:4:3,0,4,0,0,0,1,0,0,0,0,0,0,23,24
57857,0:3:3;1:3:3;1:4:3;1:4:3,0,5,0,0,0,1,0,0,0,0,0,0,23,24
57858,0:3:3;1:3:3;1:4:3;1:4:3,1,0,0,0,0,1,0,0,0,0,0,0,4,24
57859,0:3:3;1:3:3;1:4:3;1:4:3,1,1,0,0,0,1,0,0,0,0,0,0,8,24
57860,0:3:3;1:3:3;1:4:3;1:4:3,1,2,0,0,0,1,0,0,0,0,0,0,12,24
57861,0:3:3;1:3:3;1:4:3;1:4:3,1,3,0,0,0,1,0,0,0,0,0,0,44,24
57862,0:3:3;1:3:3;1:4:3;1:4:3,1,4,0,0,0,1,0,0,0,0,0,0,44,24
57863,0:3:3;1:3:3;1:4:3;1:4:3,1,5,0,0,0,1,0,0,0,0,0,0,44,24
57864,0:3:3;1:3:3;1:4:3;1:4:3,2,0,0,0,0,1,0,0,0,0,0,0,10,24
57865,0:3:3;1:3:3;1:4:3;1:4:3,2,1,0,0,0,1,0,0,0,0,0,0,20,24
57866,0:3:3;1:3:3;1:4:3;1:4:3,2,2,0,0,0,1,0,0,0,0,0,0,30,24
57867,0:3:3;1:3:3;1:4:3;1:4:3,2,3,0,0,0,1,0,0,0,0,0,0,74,24
57868,0:3:3;1:3:3;1:4:3;1:4:3,2,4,0,0,0,1,0,0,0,0,0,0,74,24
57869,0:3:3;1:3:3;1:4:3;1:4:3,2,5,0,0,0,1,0,0,0,0,0,0,74,24
57870,0:3:3;1:3:3;1:4:3;1:4:3,3,0,0,0,0,1,0,0,0,0,0,0,53,24
57871,0:3:3;1:3:3;1:4:3;1:4:3,3,1,0,0,0,1,0,0,0,0,0,0,70,24
57872,0:3:3;1:3:3;1:4:3;1:4:3,3,2,0,0,0,1,0,0,0,0,0,0,87,24
57873,0:3:3;1:3:3;1:4:3;1:4:3,3,3,0,0,0,1,0,0,0,0,0,0,114,24
57874,0:3:3;1:3:3;1:4:3;1:4:3,3,4,0,0,0,1,0,0,0,0,0,0,114,24
57875,0:3:3;1:3:3;1:4:3;1:4:3,3,5,0,0,0,1,0,0,0,0,0,0,114,24
57876,0:3:3;1:3:3;1:4:3;1:4:3,4,0,0,0,0,1,0,0,0,0,0,0,83,24
57877,0:3:3;1:3:3;1:4:3;1:4:3,4,1,0,0,0,1,0,0,0,0,0,0,106,24
57878,0:3:3;1:3:3;1:4:3;1:4:3,4,2,0,0,0,1,0,0,0,0,0,0,129,24
57879,0:3:3;1:3:3;1:4:3;1:4:3,4,3,0,0,0,1,0,0,0,0,0,0,156,24
57880,0:3:3;1:3:3;1:4:3;1:4:3,4,4,0,0,0,1,0,0,0,0,0,0,156,24
57881,0:3:3;1:3:3;1:4:3;1:4:3,4,5,0,0,0,1,0,0,0,0,0,0,156,24
57882,0:3:3;1:3:3;1:4:3;1:4:3,5,0,0,0,0,1,0,0,0,0,0,0,116,24
57883,0:3:3;1:3:3;1:4:3;1:4:3,5,1,0,0,0,1,0,0,0,0,0,0,142,24
57884,0:3:3;1:3:3;1:4:3;1:4:3,5,2,0,0,0,1,0,0,0,0,0,0,168,24
57885,0:3:3;1:3:3;1:4:3;1:4:3,5,3,0,0,0,1,0,0,0,0,0,0,195,24
57886,0:3:3;1:3:3;1:4:3;1:4:3,5,4,0,0,0,1,0,0,0,0,0,0,195,24
57887,0:3:3;1:3:3;1:4:3;1:4:3,5,5,0,0,0,1,0,0,0,0,0,0,195,24
57888,0:3:3;1:4:3;1:4:3;1:4:3,0,0,0,0,0,1,0,0,0,0,0,0,1,24
57889,0:3:3;1:4:3;1:4:3;1:4:3,0,1,0,0,0,1,0,0,0,0,0,0,2,24
57890,0:3:3;1:4:3;1:4:3;1:4:3,0,2,0,0,0,1,0,0,0,0,0,0,3,24
57891,0:3:3;1:4:3;1:4:3;1:4:3,0,3,0,0,0,1,0,0,0,0,0,0,23,24
57892,0:3:3;1:4:3;1:4:3;1:4:3,0,4,0,0,0,1,0,0,0,0,0,0,23,24
57893,0:3:3;1:4:3;1:4:3;1:4:3,0,5,0,0,0,1,0,0,0,0,0,0,23,24
57894,0:3:3;1:4:3;1:4:3;1:4:3,1,0,0,0,0,1,0,0,0,0,0,0,4,24
57895,0:3:3;1:4:3;1:4:3;1:4:3,1,1,0,0,0,1,0,0,0,0,0,0,8,24
57896,0:3:3;1:4:3;1:4:3;1:4:3,1,2,0,0,0,1,0,0,0,0,0,0,12,24
57897,0:3:3;1:4:3;1:4:3;1:4:3,1,3,0,0,0,1,0,0,0,0,0,0,44,24
57898,0:3:3;1:4:3;1:4:3;1:4:3,1,4,0,0,0,1,0,0,0,0,0,0,44,24
57899,0:3:3;1:4:3;1:4:3;1:4:3,1,5,0,0,0,1,0,0,0,0,0,0,44,24
57900,0:3:3;1:4:3;1:4:3;1:4:3,2,0,0,0,0,1,0,0,0,0,0,0,10,24
57901,0:3:3;1:4:3;1:4:3;1:4:3,2,1,0,0,0,1,0,0,0,0,0,0,20,24
57902,0:3:3;1:4:3;1:4:3;1:4:3,2,2,0,0,0,1,0,0,0,0,0,0,30,24
57903,0:3:3;1:4:3;1:4:3;1:4:3,2,3,0,0,0,1,0,0,0,0,0,0,74,24
57904,0:3:3;1:4:3;1:4:3;1:4:3,2,4,0,0,0,1,0,0,0,0,0,0,74,24
57905,0:3:3;1:4:3;1:4:3;1:4:3,2,5,0,0,0,1,0,0,0,0,0,0,74,24
57906,0:3:3;1:4:3;1:4:3;1:4:3,3,0,0,0,0,1,0,0,0,0,0,0,53,24
57907,0:3:3;1:4:3;1:4:3;1:4:3,3,1,0,0,0,1,0,0,0,0,0,0,70,24
57908,0:3:3;1:4:3;1:4:3;1:4:3,3,2,0,0,0,1,0,0,0,0,0,0,87,24
57909,0:3:3;1:4:3;1:4:3;1:4:3,3,3,0,0,0,1,0,0,0,0,0,0,114,24
57910,0:3:3;1:4:3;1:4:3;1:4:3,3,4,0,0,0,1,0,0,0,0,0,0,114,24
57911,0:3:3;1:4:3;1:4:3;1:4:3,3,5,0,0,0,1,0,0,0,0,0,0,114,24
57912,0:3:3;1:4:3;1:4:3;1:4:3,4,0,0,0,0,1,0,0,0,0,0,0,83,24
57913,0:3:3;1:4:3;1:4:3;1:4:3,4,1,0,0,0,1,0,0,0,0,0,0,106,24
57914,0:3:3;1:4:3;1:4:3;1:4:3,4,2,0,0,0,1,0,0,0,0,0,0,129,24
57915,0:3:3;1:4:3;1:4:3;1:4:3,4,3,0,0,0,1,0,0,0,0,0,0,156,24
57916,0:3:3;1:4:3;1:4:3;1:4:3,4,4,0,0,0,1,0,0,0,0,0,0,156,24
57917,0:3:3;1:4:3;1:4:3;1:4:3,4,5,0,0,0,1,0,0,0,0,0,0,156,24
57918,0:3:3;1:4:3;1:4:3;1:4:3,5,0,0,0,0,1,0,0,0,0,0,0,116,24
57919,0:3:3;1:4:3;1:4:3;1:4:3,5,1,0,0,0,1,0,0,0,0,0,0,142,24
57920,0:3:3;1:4:3;1:4:3;1:4:3,5,2,0,0,0,1,0,0,0,0,0,0,168,24
57921,0:3:3;1:4:3;1:4:3;1:4:3,5,3,0,0,0,1,0,0,0,0,0,0,195,24
57922,0:3:3;1:4:3;1:4:3;1:4:3,5,4,0,0,0,1,0,0,0,0,0,0,195,24
57923,0:3:3;1:4:3;1:4:3;1:4:3,5,5,0,0,0,1,0,0,0,0,0,0,195,24
57924,0:4:3;0:4:3;0:4:3;0:4:3,0,0,0,0,0,1,0,0,0,0,0,0,1,24
57925,0:4:3;0:4:3;0:4:3;0:4:3,0,1,0,0,0,1,0,0,0,0,0,0,5,24
57926,0:4:3;0:4:3;0:4:3;0:4:3,0,2,0,0,0,1,0,0,0,0,0,0,15,24
57927,0:4:3;0:4:3;0:4:3;0:4:3,0,3,0,0,0,1,0,0,0,0,0,0,35,24
57928,0:4:3;0:4:3;0:4:3;0:4:3,0,4,0,0,0,1,0,0,0,0,0,0,66,24
57929,0:4:3;0:4:3;0:4:3;0:4:3,0,5,0,0,0,1,0,0,0,0,0,0,106,24
57930,0:4:3;0:4:3;0:4:3;0:4:3,1,0,0,0,0,1,0,0,0,0,0,0,1,24
57931,0:4:3;0:4:3;0:4:3;0:4:3,1,1,0,0,0,1,0,0,0,0,0,0,5,24
57932,0:4:3;0:4:3;0:4:3;0:4:3,1,2,0,0,0,1,0,0,0,0,0,0,15,24
57933,0:4:3;0:4:3;0:4:3;0:4:3,1,3,0,0,0,1,0,0,0,0,0,0,35,24
57934,0:4:3;0:4:3;0:4:3;0:4:3,1,4,0,0,0,1,0,0,0,0,0,0,66,24
57935,0:4:3;0:4:3;0:4:3;0:4:3,1,5,0,0,0,1,0,0,0,0,0,0,106,24
57936,0:4:3;0:4:3;0:4:3;0:4:3,2,0,0,0,0,1,0,0,0,0,0,0,1,24
57937,0:4:3;0:4:3;0:4:3;0:4:3,2,1,0,0,0,1,0,0,0,0,0,0,5,24
57938,0:4:3;0:4:3;0:4:3;0:4:3,2,2,0,0,0,1,0,0,0,0,0,0,15,24
57939,0:4:3;0:4:3;0:4:3;0:4:3,2,3,0,0,0,1,0,0,0,0,0,0,35,24
57940,0:4:3;0:4:3;0:4:3;0:4:3,2,4,0,0,0,1,0,0,0,0,0,0,66,24
57941,0:4:3;0:4:3;0:4:3;0:4:3,2,5,0,0,0,1,0,0,0,0,0,0,106,24
57942,0:4:3;0:4:3;0:4:3;0:4:3,3,0,0,0,0,1,0,0,0,0,0,0,1,24
57943,0:4:3;0:4:3;0:4:3;0:4:3,3,1,0,0,0,1,0,0,0,0,0,0,5,24
57944,0:4:3;0:4:3;0:4:3;0:4:3,3,2,0,0,0,1,0,0,0,0,0,0,15,24
57945,0:4:3;0:4:3;0:4:3;0:4:3,3,3,0,0,0,1,0,0,0,0,0,0,35,24
57946,0:4:3;0:4:3;0:4:3;0:4:3,3,4,0,0,0,1,0,0,0,0,0,0,66,24
57947,0:4:3;0:4:3;0:4:3;0:4:3,3,5,0,0,0,1,0,0,0,0,0,0,106,24
57948,0:4:3;0:4:3;0:4:3;0:4:3,4,0,0,0,0,1,0,0,0,0,0,0,1,24
57949,0:4:3;0:4:3;0:4:3;0:4:3,4,1,0,0,0,1,0,0,0,0,0,0,5,24
57950,0:4:3;0:4:3;0:4:3;0:4:3,4,2,0,0,0,1,0,0,0,0,0,0,15,24
57951,0:4:3;0:4:3;0:4:3;0:4:3,4,3,0,0,0,1,0,0,0,0,0,0,35,24
57952,0:4:3;0:4:3;0:4:3;0:4:3,4,4,0,0,0,1,0,0,0,0,0,0,66,24
57953,0:4:3;0:4:3;0:4:3;0:4:3,4,5,0,0,0,1,0,0,0,0,0,0,106,24
57954,0:4:3;0:4:3;0:4:3;0:4:3,5,0,0,0,0,1,0,0,0,0,0,0,1,24
57955,0:4:3;0:4:3;0:4:3;0:4:3,5,1,0,0,0,1,0,0,0,0,0,0,5,24
57956,0:4:3;0:4:3;0:4:3;0:4:3,5,2,0,0,0,1,0,0,0,0,0,0,15,24
57957,0:4:3;0:4:3;0:4:3;0:4:3,5,3,0,0,0,1,0,0,0,0,0,0,35,24
57958,0:4:3;0:4:3;0:4:3;0:4:3,5,4,0,0,0,1,0,0,0,0,0,0,66,24
57959,0:4:3;0:4:3;0:4:3;0:4:3,5,5,0,0,0,1,0,0,0,0,0,0,106,24
57960,0:4:3;0:4:3;0:4:3;1:1:1,0,0,0,0,0,1,0,0,0,0,0,0,1,24
57961,0:4:3;0:4:3;0:4:3;1:1:1,0,1,0,0,0,1,0,0,0,0,0,0,4,24
57962,0:4:3;0:4:3;0:4:3;1:1:1,0,2,0,0,0,1,0,0,0,0,0,0,10,24
57963,0:4:3;0:4:3;0:4:3;1:1:1,0,3,0,0,0,1,0,0,0,0,0,0,29,24
57964,0:4:3;0:4:3;0:4:3;1:1:1,0,4,0,0,0,1,0,0,0,0,0,0,50,24
57965,0:4:3;0:4:3;0:4:3;1:1:1,0,5,0,0,0,1,0,0,0,0,0,0,71,24
57966,0:4:3;0:4:3;0:4:3;1:1:1,1,0,0,0,0,1,0,0,0,0,0,0,5,24
57967,0:4:3;0:4:3;0:4:3;1:1:1,1,1,0,0,0,1,0,0,0,0,0,0,14,24
57968,0:4:3;0:4:3;0:4:3;1:1:1,1,2,0,0,0,1,0,0,0,0,0,0,30,24
57969,0:4:3;0:4:3;0:4:3;1:1:1,1,3,0,0,0,1,0,0,0,0,0,0,52,24
57970,0:4:3;0:4:3;0:4:3;1:1:1,1,4,0,0,0,1,0,0,0,0,0,0,76,24
57971,0:4:3;0:4:3;0:4:3;1:1:1,1,5,0,0,0,1,0,0,0,0,0,0,98,24
57972,0:4:3;0:4:3;0:4:3;1:1:1,2,0,0,0,0,1,0,0,0,0,0,0,5,24
57973,0:4:3;0:4:3;0:4:3;1:1:1,2,1,0,0,0,1,0,0,0,0,0,0,14,24
57974,0:4:3;0:4:3;0:4:3;1:1:1,2,2,0,0,0,1,0,0,0,0,0,0,30,24
57975,0:4:3;0:4:3;0:4:3;1:1:1,2,3,0,0,0,1,0,0,0,0,0,0,52,24
57976,0:4:3;0:4:3;0:4:3;1:1:1,2,4,0,0,0,1,0,0,0,0,0,0,76,24
57977,0:4:3;0:4:3;0:4:3;1:1:1,2,5,0,0,0,1,0,0,0,0,0,0,98,24
57978,0:4:3;0:4:3;0:4:3;1:1:1,3,0,0,0,0,1,0,0,0,0,0,0,5,24
57979,0:4:3;0:4:3;0:4:3;1:1:1,3,1,0,0,0,1,0,0,0,0,0,0,14,24
57980,0:4:3;0:4:3;0:4:3;1:1:1,3,2,0,0,0,1,0,0,0,0,0,0,30,24
57981,0:4:3;0:4:3;0:4:3;1:1:1,3,3,0,0,0,1,0,0,0,0,0,0,52,24
57982,0:4:3;0:4:3;0:4:3;1:1:1,3,4,0,0,0,1,0,0,0,0,0,0,76,24
57983,0:4:3;0:4:3;0:4:3;1:1:1,3,5,0,0,0,1,0,0,0,0,0,0,98,24
57984,0:4:3;0:4:3;0:4:3;1:1:1,4,0,0,0,0,1,0,0,0,0,0,0,5,24
57985,0:4:3;0:4:3;0:4:3;1:1:1,4,1,0,0,0,1,0,0,0,0,0,0,14,24
57986,0:4:3;0:4:3;0:4:3;1:1:1,4,2,0,0,0,1,0,0,0,0,0,0,30,24
57987,0:4:3;0:4:3;0:4:3;1:1:1,4,3,0,0,0,1,0,0,0,0,0,0,52,24
57988,0:4:3;0:4:3;0:4:3;1:1:1,4,4,0,0,0,1,0,0,0,0,0,0,76,24
57989,0:4:3;0:4:3;0:4:3;1:1:1,4,5,0,0,0,1,0,0,0,0,0,0,98,24
57990,0:4:3;0:4:3;0:4:3;1:1:1,5,0,0,0,0,1,0,0,0,0,0,0,5,24
57991,0:4:3;0:4:3;0:4:3;1:1:1,5,1,0,0,0,1,0,0,0,0,0,0,14,24
57992,0:4:3;0:4:3;0:4:3;1:1:1,5,2,0,0,0,1,0,0,0,0,0,0,30,24
57993,0:4:3;0:4:3;0:4:3;1:1:1,5,3,0,0,0,1,0,0,0,0,0,0,52,24
57994,0:4:3;0:4:3;0:4:3;1:1:1,5,4,0,0,0,1,0,0,0,0,0,0,76,24
57995,0:4:3;0:4:3;0:4:3;1:1:1,5,5,0,0,0,1,0,0,0,0,0,0,98,24
57996,0:4:3;0:4:3;0:4:3;1:2:1,0,0,0,0,0,1,0,0,0,0,0,0,1,24
57997,0:4:3;0:4:3;0:4:3;1:2:1,0,1,0,0,0,1,0,0,0,0,0,0,4,24
57998,0:4:3;0:4:3;0:4:3;1:2:1,0,2,0,0,0,1,0,0,0,0,0,0,10,24
57999,0:4:3;0:4:3;0:4:3;1:2:1,0,3,0,0,0,1,0,0,0,0,0,0,38,24
58000,0:4:3;0:4:3;0:4:3;1:2:1,0,4,0,0,0,1,0,0,0,0,0,0,59,24
58001,0:4:3;0:4:3;0:4:3;1:2:1,0,5,0,0,0,1,0,0,0,0,0,0,77,24
58002,0:4:3;0:4:3;0:4:3;1:2:1,1,0,0,0,0,1,0,0,0,0,0,0,11,24
58003,0:4:3;0:4:3;0:4:3;1:2:1,1,1,0,0,0,1,0,0,0,0,0,0,24,24
58004,0:4:3;0:4:3;0:4:3;1:2:1,1,2,0,0,0,1,0,0,0,0,0,0,42,24
58005,0:4:3;0:4:3;0:4:3;1:2:1,1,3,0,0,0,1,0,0,0,0,0,0,64,24
58006,0:4:3;0:4:3;0:4:3;1:2:1,1,4,0,0,0,1,0,0,0,0,0,0,86,24
58007,0:4:3;0:4:3;0:4:3;1:2:1,1,5,0,0,0,1,0,0,0,0,0,0,104,24
58008,0:4:3;0:4:3;0:4:3;1:2:1,2,0,0,0,0,1,0,0,0,0,0,0,11,24
58009,0:4:3;0:4:3;0:4:3;1:2:1,2,1,0,0,0,1,0,0,0,0,0,0,24,24
58010,0:4:3;0:4:3;0:4:3;1:2:1,2,2,0,0,0,1,0,0,0,0,0,0,42,24
58011,0:4:3;0:4:3;0:4:3;1:2:1,2,3,0,0,0,1,0,0,0,0,0,0,64,24
58012,0:4:3;0:4:3;0:4:3;1:2:1,2,4,0,0,0,1,0,0,0,0,0,0,86,24
58013,0:4:3;0:4:3;0:4:3;1:2:1,2,5,0,0,0,1,0,0,0,0,0,0,104,24
58014,0:4:3;0:4:3;0:4:3;1:2:1,3,0,0,0,0,1,0,0,0,0,0,0,11,24
58015,0:4:3;0:4:3;0:4:3;1:2:1,3,1,0,0,0,1,0,0,0,0,0,0,24,24
58016,0:4:3;0:4:3;0:4:3;1:2:1,3,2,0,0,0,1,0,0,0,0,0,0,42,24
58017,0:4:3;0:4:3;0:4:3;1:2:1,3,3,0,0,0,1,0,0,0,0,0,0,64,24
58018,0:4:3;0:4:3;0:4:3;1:2:1,3,4,0,0,0,1,0,0,0,0,0,0,86,24
58019,0:4:3;0:4:3;0:4:3;1:2:1,3,5,0,0,0,1,0,0,0,0,0,0,104,24
58020,0:4:3;0:4:3;0:4:3;1:2:1,4,0,0,0,0,1,0,0,0,0,0,0,11,24
58021,0:4:3;0:4:3;0:4:3;1:2:1,4,1,0,0,0,1,0,0,0,0,0,0,24,24
58022,0:4:3;0:4:3;0:4:3;1:2:1,4,2,0,0,0,1,0,0,0,0,0,0,42,24
58023,0:4:3;0:4:3;0:4:3;1:2:1,4,3,0,0,0,1,0,0,0,0,0,0,64,24
58024,0:4:3;0:4:3;0:4:3;1:2:1,4,4,0,0,0,1,0,0,0,0,0,0,86,24
58025,0:4:3;0:4:3;0:4:3;1:2:1,4,5,0,0,0,1,0,0,0,0,0,0,104,24
58026,0:4:3;0:4:3;0:4:3;1:2:1,5,0,0,0,0,1,0,0,0,0,0,0,11,24
58027,0:4:3;0:4:3;0:4:3;1:2:1,5,1,0,0,0,1,0,0,0,0,0,0,24,24
58028,0:4:3;0:4:3;0:4:3;1:2:1,5,2,0,0,0,1,0,0,0,0,0,0,42,24
58029,0:4:3;0:4:3;0:4:3;1:2:1,5,3,0,0,0,1,0,0,0,0,0,0,64,24
58030,0:4:3;0:4:3;0:4:3;1:2:1,5,4,0,0,0,1,0,0,0,0,0,0,86,24
58031,0:4:3;0:4:3;0:4:3;1:2:1,5,5,0,0,0,1,0,0,0,0,0,0,104,24
58032,0:4:3;0:4:3;0:4:3;1:2:2,0,0,0,0,0,1,0,0,0,0,0,0,1,24
58033,0:4:3;0:4:3;0:4:3;1:2:2,0,1,0,0,0,1,0,0,0,0,0,0,4,24
58034,0:4:3;0:4:3;0:4:3;1:2:2,0,2,0,0,0,1,0,0,0,0,0,0,10,24
58035,0:4:3;0:4:3;0:4:3;1:2:2,0,3,0,0,0,1,0,0,0,0,0,0,41,24
58036,0:4:3;0:4:3;0:4:3;1:2:2,0,4,0,0,0,1,0,0,0,0,0,0,68,24
58037,0:4:3;0:4:3;0:4:3;1:2:2,0,5,0,0,0,1,0,0,0,0,0,0,95,24
58038,0:4:3;0:4:3;0:4:3;1:2:2,1,0,0,0,0,1,0,0,0,0,0,0,2,24
58039,0:4:3;0:4:3;0:4:3;1:2:2,1,1,0,0,0,1,0,0,0,0,0,0,8,24
58040,0:4:3;0:4:3;0:4:3;1:2:2,1,2,0,0,0,1,0,0,0,0,0,0,20,24
58041,0:4:3;0:4:3;0:4:3;1:2:2,1,3,0,0,0,1,0,0,0,0,0,0,58,24
58042,0:4:3;0:4:3;0:4:3;1:2:2,1,4,0,0,0,1,0,0,0,0,0,0,91,24
58043,0:4:3;0:4:3;0:4:3;1:2:2,1,5,0,0,0,1,0,0,0,0,0,0,121,24
58044,0:4:3;0:4:3;0:4:3;1:2:2,2,0,0,0,0,1,0,0,0,0,0,0,12,24
58045,0:4:3;0:4:3;0:4:3;1:2:2,2,1,0,0,0,1,0,0,0,0,0,0,28,24
58046,0:4:3;0:4:3;0:4:3;1:2:2,2,2,0,0,0,1,0,0,0,0,0,0,52,24
58047,0:4:3;0:4:3;0:4:3;1:2:2,2,3,0,0,0,1,0,0,0,0,0,0,84,24
58048,0:4:3;0:4:3;0:4:3;1:2:2,2,4,0,0,0,1,0,0,0,0,0,0,118,24
58049,0:4:3;0:4:3;0:4:3;1:2:2,2,5,0,0,0,1,0,0,0,0,0,0,148,24
58050,0:4:3;0:4:3;0:4:3;1:2:2,3,0,0,0,0,1,0,0,0,0,0,0,12,24
58051,0:4:3;0:4:3;0:4:3;1:2:2,3,1,0,0,0,1,0,0,0,0,0,0,28,24
58052,0:4:3;0:4:3;0:4:3;1:2:2,3,2,0,0,0,1,0,0,0,0,0,0,52,24
58053,0:4:3;0:4:3;0:4:3;1:2:2,3,3,0,0,0,1,0,0,0,0,0,0,84,24
58054,0:4:3;0:4:3;0:4:3;1:2:2,3,4,0,0,0,1,0,0,0,0,0,0,118,24
58055,0:4:3;0:4:3;0:4:3;1:2:2,3,5,0,0,0,1,0,0,0,0,0,0,148,24
58056,0:4:3;0:4:3;0:4:3;1:2:2,4,0,0,0,0,1,0,0,0,0,0,0,12,24
58057,0:4:3;0:4:3;0:4:3;1:2:2,4,1,0,0,0,1,0,0,0,0,0,0,28,24
58058,0:4:3;0:4:3;0:4:3;1:2:2,4,2,0,0,0,1,0,0,0,0,0,0,52,24
58059,0:4:3;0:4:3;0:4:3;1:2:2,4,3,0,0,0,1,0,0,0,0,0,0,84,24
58060,0:4:3;0:4:3;0:4:3;1:2:2,4,4,0,0,0,1,0,0,0,0,0,0,118,24
58061,0:4:3;0:4:3;0:4:3;1:2:2,4,5,0,0,0,1,0,0,0,0,0,0,148,24
58062,0:4:3;0:4:3;0:4:3;1:2:2,5,0,0,0,0,1,0,0,0,0,0,0,12,24
58063,0:4:3;0:4:3;0:4:3;1:2:2,5,1,0,0,0,1,0,0,0,0,0,0,28,24
58064,0:4:3;0:4:3;0:4:3;1:2:2,5,2,0,0,0,1,0,0,0,0,0,0,52,24
58065,0:4:3;0:4:3;0:4:3;1:2:2,5,3,0,0,0,1,0,0,0,0,0,0,84,24
58066,0:4:3;0:4:3;0:4:3;1:2:2,5,4,0,0,0,1,0,0,0,0,0,0,118,24
58067,0:4:3;0:4:3;0:4:3;1:2:2,5,5,0,0,0,1,0,0,0,0,0,0,148,24
58068,0:4:3;0:4:3;0:4:3;1:3:2,0,0,0,0,0,1,0,0,0,0,0,0,1,24
58069,0:4:3;0:4:3;0:4:3;1:3:2,0,1,0,0,0,1,0,0,0,0,0,0,4,24
58070,0:4:3;0:4:3;0:4:3;1:3:2,0,2,0,0,0,1,0,0,0,0,0,0,10,24
58071,0:4:3;0:4:3;0:4:3;1:3:2,0,3,0,0,0,1,0,0,0,0,0,0,50,24
58072,0:4:3;0:4:3;0:4:3;1:3:2,0,4,0,0,0,1,0,0,0,0,0,0,74,24
58073,0:4:3;0:4:3;0:4:3;1:3:2,0,5,0,0,0,1,0,0,0,0,0,0,98,24
58074,0:4:3;0:4:3;0:4:3;1:3:2,1,0,0,0,0,1,0,0,0,0,0,0,2,24
58075,0:4:3;0:4:3;0:4:3;1:3:2,1,1,0,0,0,1,0,0,0,0,0,0,8,24
58076,0:4:3;0:4:3;0:4:3;1:3:2,1,2,0,0,0,1,0,0,0,0,0,0,20,24
58077,0:4:3;0:4:3;0:4:3;1:3:2,1,3,0,0,0,1,0,0,0,0,0,0,67,24
58078,0:4:3;0:4:3;0:4:3;1:3:2,1,4,0,0,0,1,0,0,0,0,0,0,97,24
58079,0:4:3;0:4:3;0:4:3;1:3:2,1,5,0,0,0,1,0,0,0,0,0,0,124,24
58080,0:4:3;0:4:3;0:4:3;1:3:2,2,0,0,0,0,1,0,0,0,0,0,0,22,24
58081,0:4:3;0:4:3;0:4:3;1:3:2,2,1,0,0,0,1,0,0,0,0,0,0,40,24
58082,0:4:3;0:4:3;0:4:3;1:3:2,2,2,0,0,0,1,0,0,0,0,0,0,64,24
58083,0:4:3;0:4:3;0:4:3;1:3:2,2,3,0,0,0,1,0,0,0,0,0,0,94,24
58084,0:4:3;0:4:3;0:4:3;1:3:2,2,4,0,0,0,1,0,0,0,0,0,0,124,24
58085,0:4:3;0:4:3;0:4:3;1:3:2,2,5,0,0,0,1,0,0,0,0,0,0,151,24
58086,0:4:3;0:4:3;0:4:3;1:3:2,3,0,0,0,0,1,0,0,0,0,0,0,22,24
58087,0:4:3;0:4:3;0:4:3;1:3:2,3,1,0,0,0,1,0,0,0,0,0,0,40,24
58088,0:4:3;0:4:3;0:4:3;1:3:2,3,2,0,0,0,1,0,0,0,0,0,0,64,24
58089,0:4:3;0:4:3;0:4:3;1:3:2,3,3,0,0,0,1,0,0,0,0,0,0,94,24
58090,0:4:3;0:4:3;0:4:3;1:3:2,3,4,0,0,0,1,0,0,0,0,0,0,124,24
58091,0:4:3;0:4:3;0:4:3;1:3:2,3,5,0,0,0,1,0,0,0,0,0,0,151,24
58092,0:4:3;0:4:3;0:4:3;1:3:2,4,0,0,0,0,1,0,0,0,0,0,0,22,24
58093,0:4:3;0:4:3;0:4:3;1:3:2,4,1,0,0,0,1,0,0,0,0,0,0,40,24
58094,0:4:3;0:4:3;0:4:3;1:3:2,4,2,0,0,0,1,0,0,0,0,0,0,64,24
58095,0:4:3;0:4:3;0:4:3;1:3:2,4,3,0,0,0,1,0,0,0,0,0,0,94,24
58096,0:4:3;0:4:3;0:4:3;1:3:2,4,4,0,0,0,1,0,0,0,0,0,0,124,24
58097,0:4:3;0:4:3;0:4:3;1:3:2,4,5,0,0,0,1,0,0,0,0,0,0,151,24
58098,0:4:3;0:4:3;0:4:3;1:3:2,5,0,0,0,0,1,0,0,0,0,0,0,22,24
58099,0:4:3;0:4:3;0:4:3;1:3:2,5,1,0,0,0,1,0,0,0,0,0,0,40,24
58100,0:4:3;0:4:3;0:4:3;1:3:2,5,2,0,0,0,1,0,0,0,0,0,0,64,24
58101,0:4:3;0:4:3;0:4:3;1:3:2,5,3,0,0,0,1,0,0,0,0,0,0,94,24
58102,0:4:3;0:4:3;0:4:3;1:3:2,5,4,0,0,0,1,0,0,0,0,0,0,124,24
58103,0:4:3;0:4:3;0:4:3;1:3:2,5,5,0,0,0,1,0,0,0,0,0,0,151,24
58104,0:4:3;0:4:3;0:4:3;1:3:3,0,0,0,0,0,1,0,0,0,0,0,0,1,24
58105,0:4:3;0:4:3;0:4:3;1:3:3,0,1,0,0,0,1,0,0,0,0,0,0,4,24
58106,0:4:3;0:4:3;0:4:3;1:3:3,0,2,0,0,0,1,0,0,0,0,0,0,10,24
58107,0:4:3;0:4:3;0:4:3;1:3:3,0,3,0,0,0,1,0,0,0,0,0,0,53,24
58108,0:4:3;0:4:3;0:4:3;1:3:3,0,4,0,0,0,1,0,0,0,0,0,0,83,24
58109,0:4:3;0:4:3;0:4:3;1:3:3,0,5,0,0,0,1,0,0,0,0,0,0,116,24
58110,0:4:3;0:4:3;0:4:3;1:3:3,1,0,0,0,0,1,0,0,0,0,0,0,2,24
58111,0:4:3;0:4:3;0:4:3;1:3:3,1,1,0,0,0,1,0,0,0,0,0,0,8,24
58112,0:4:3;0:4:3;0:4:3;1:3:3,1,2,0,0,0,1,0,0,0,0,0,0,20,24
58113,0:4:3;0:4:3;0:4:3;1:3:3,1,3,0,0,0,1,0,0,0,0,0,0,70,24
58114,0:4:3;0:4:3;0:4:3;1:3:3,1,4,0,0,0,1,0,0,0,0,0,0,106,24
58115,0:4:3;0:4:3;0:4:3;1:3:3,1,5,0,0,0,1,0,0,0,0,0,0,142,24
58116,0:4:3;0:4:3;0:4:3;1:3:3,2,0,0,0,0,1,0,0,0,0,0,0,3,24
58117,0:4:3;0:4:3;0:4:3;1:3:3,2,1,0,0,0,1,0,0,0,0,0,0,12,24
58118,0:4:3;0:4:3;0:4:3;1:3:3,2,2,0,0,0,1,0,0,0,0,0,0,30,24
58119,0:4:3;0:4:3;0:4:3;1:3:3,2,3,0,0,0,1,0,0,0,0,0,0,87,24
58120,0:4:3;0:4:3;0:4:3;1:3:3,2,4,0,0,0,1,0,0,0,0,0,0,129,24
58121,0:4:3;0:4:3;0:4:3;1:3:3,2,5,0,0,0,1,0,0,0,0,0,0,168,24
58122,0:4:3;0:4:3;0:4:3;1:3:3,3,0,0,0,0,1,0,0,0,0,0,0,23,24
58123,0:4:3;0:4:3;0:4:3;1:3:3,3,1,0,0,0,1,0,0,0,0,0,0,44,24
58124,0:4:3;0:4:3;0:4:3;1:3:3,3,2,0,0,0,1,0,0,0,0,0,0,74,24
58125,0:4:3;0:4:3;0:4:3;1:3:3,3,3,0,0,0,1,0,0,0,0,0,0,114,24
58126,0:4:3;0:4:3;0:4:3;1:3:3,3,4,0,0,0,1,0,0,0,0,0,0,156,24
58127,0:4:3;0:4:3;0:4:3;1:3:3,3,5,0,0,0,1,0,0,0,0,0,0,195,24
58128,0:4:3;0:4:3;0:4:3;1:3:3,4,0,0,0,0,1,0,0,0,0,0,0,23,24
58129,0:4:3;0:4:3;0:4:3;1:3:3,4,1,0,0,0,1,0,0,0,0,0,0,44,24
58130,0:4:3;0:4:3;0:4:3;1:3:3,4,2,0,0,0,1,0,0,0,0,0,0,74,24
58131,0:4:3;0:4:3;0:4:3;1:3:3,4,3,0,0,0,1,0,0,0,0,0,0,114,24
58132,0:4:3;0:4:3;0:4:3;1:3:3,4,4,0,0,0,1,0,0,0,0,0,0,156,24
58133,0:4:3;0:4:3;0:4:3;1:3:3,4,5,0,0,0,1,0,0,0,0,0,0,195,24
58134,0:4:3;0:4:3;0:4:3;1:3:3,5,0,0,0,0,1,0,0,0,0,0,0,23,24
58135,0:4:3;0:4:3;0:4:3;1:3:3,5,1,0,0,0,1,0,0,0,0,0,0,44,24
58136,0:4:3;0:4:3;0:4:3;1:3:3,5,2,0,0,0,1,0,0,0,0,0,0,74,24
58137,0:4:3;0:4:3;0:4:3;1:3:3,5,3,0,0,0,1,0,0,0,0,0,0,114,24
58138,0:4:3;0:4:3;0:4:3;1:3:3,5,4,0,0,0,1,0,0,0,0,0,0,156,24
58139,0:4:3;0:4:3;0:4:3;1:3:3,5,5,0,0,0,1,0,0,0,0,0,0,195,24
58140,0:4:3;0:4:3;0:4:3;1:4:3,0,0,0,0,0,1,0,0,0,0,0,0,1,24
58141,0:4:3;0:4:3;0:4:3;1:4:3,0,1,0,0,0,1,0,0,0,0,0,0,4,24
58142,0:4:3;0:4:3;0:4:3;1:4:3,0,2,0,0,0,1,0,0,0,0,0,0,10,24
58143,0:4:3;0:4:3;0:4:3;1:4:3,0,3,0,0,0,1,0,0,0,0,0,0,59,24
58144,0:4:3;0:4:3;0:4:3;1:4:3,0,4,0,0,0,1,0,0,0,0,0,0,86,24
58145,0:4:3;0:4:3;0:4:3;1:4:3,0,5,1,1,1,0,1,1,1,1,1,5,13,5
58146,0:4:3;0:4:3;0:4:3;1:4:3,1,0,0,0,0,1,0,0,0,0,0,0,2,24
58147,0:4:3;0:4:3;0:4:3;1:4:3,1,1,0,0,0,1,0,0,0,0,0,0,8,24
58148,0:4:3;0:4:3;0:4:3;1:4:3,1,2,0,0,0,1,0,0,0,0,0,0,20,24
58149,0:4:3;0:4:3;0:4:3;1:4:3,1,3,0,0,0,1,0,0,0,0,0,0,76,24
58150,0:4:3;0:4:3;0:4:3;1:4:3,1,4,0,0,0,1,0,0,0,0,0,0,109,24
58151,0:4:3;0:4:3;0:4:3;1:4:3,1,5,1,1,1,0,1,1,1,1,1,5,13,5
58152,0:4:3;0:4:3;0:4:3;1:4:3,2,0,0,0,0,1,0,0,0,0,0,0,3,24
58153,0:4:3;0:4:3;0:4:3;1:4:3,2,1,0,0,0,1,0,0,0,0,0,0,12,24
58154,0:4:3;0:4:3;0:4:3;1:4:3,2,2,0,0,0,1,0,0,0,0,0,0,30,24
58155,0:4:3;0:4:3;0:4:3;1:4:3,2,3,0,0,0,1,0,0,0,0,0,0,93,24
58156,0:4:3;0:4:3;0:4:3;1:4:3,2,4,0,0,0,1,0,0,0,0,0,0,132,24
58157,0:4:3;0:4:3;0:4:3;1:4:3,2,5,1,1,1,0,1,1,1,1,1,5,13,5
58158,0:4:3;0:4:3;0:4:3;1:4:3,3,0,0,0,0,1,0,0,0,0,0,0,35,24
58159,0:4:3;0:4:3;0:4:3;1:4:3,3,1,0,0,0,1,0,0,0,0,0,0,56,24
58160,0:4:3;0:4:3;0:4:3;1:4:3,3,2,0,0,0,1,0,0,0,0,0,0,84,24
58161,0:4:3;0:4:3;0:4:3;1:4:3,3,3,0,0,0,1,0,0,0,0,0,0,120,24
58162,0:4:3;0:4:3;0:4:3;1:4:3,3,4,0,0,0,1,0,0,0,0,0,0,159,24
58163,0:4:3;0:4:3;0:4:3;1:4:3,3,5,1,1,1,0,1,1,1,1,1,5,13,5
58164,0:4:3;0:4:3;0:4:3;1:4:3,4,0,0,0,0,1,0,0,0,0,0,0,35,24
58165,0:4:3;0:4:3;0:4:3;1:4:3,4,1,0,0,0,1,0,0,0,0,0,0,56,24
58166,0:4:3;0:4:3;0:4:3;1:4:3,4,2,0,0,0,1,0,0,0,0,0,0,84,24
58167,0:4:3;0:4:3;0:4:3;1:4:3,4,3,0,0,0,1,0,0,0,0,0,0,120,24
58168,0:4:3;0:4:3;0:4:3;1:4:3,4,4,0,0,0,1,0,0,0,0,0,0,159,24
58169,0:4:3;0:4:3;0:4:3;1:4:3,4,5,1,1,1,0,1,1,1,1,1,5,13,5
58170,0:4:3;0:4:3;0:4:3;1:4:3,5,0,0,0,0,1,0,0,0,0,0,0,35,24
58171,0:4:3;0:4:3;0:4:3;1:4:3,5,1,0,0,0,1,0,0,0,0,0,0,56,24
58172,0:4:3;0:4:3;0:4:3;1:4:3,5,2,0,0,0,1,0,0,0,0,0,0,84,24
58173,0:4:3;0:4:3;0:4:3;1:4:3,5,3,0,0,0,1,0,0,0,0,0,0,120,24
58174,0:4:3;0:4:3;0:4:3;1:4:3,5,4,0,0,0,1,0,0,0,0,0,0,159,24
58175,0:4:3;0:4:3;0:4:3;1:4:3,5,5,1,1,1,0,1,1,1,1,1,5,13,5
58176,0:4:3;0:4:3;1:1:1;1:1:1,0,0,0,0,0,1,0,0,0,0,0,0,1,24
58177,0:4:3;0:4:3;1:1:1;1:1:1,0,1,0,0,0,1,0,0,0,0,0,0,3,24
58178,0:4:3;0:4:3;1:1:1;1:1:1,0,2,0,0,0,1,0,0,0,0,0,0,6,24
58179,0:4:3;0:4:3;1:1:1;1:1:1,0,3,0,0,0,1,0,0,0,0,0,0,24,24
58180,0:4:3;0:4:3;1:1:1;1:1:1,0,4,1,1,1,0,1,1,1,1,1,5,9,4
58181,0:4:3;0:4:3;1:1:1;1:1:1,0,5,1,1,1,0,1,1,1,1,1,5,9,3
58182,0:4:3;0:4:3;1:1:1;1:1:1,1,0,0,0,0,1,0,0,0,0,0,0,7,24
58183,0:4:3;0:4:3;1:1:1;1:1:1,1,1,0,0,0,1,0,0,0,0,0,0,15,24
58184,0:4:3;0:4:3;1:1:1;1:1:1,1,2,0,0,0,1,0,0,0,0,0,0,30,24
58185,0:4:3;0:4:3;1:1:1;1:1:1,1,3,0,0,0,1,0,0,0,0,0,0,42,24
58186,0:4:3;0:4:3;1:1:1;1:1:1,1,4,1,1,1,0,1,1,1,1,1,5,9,4
58187,0:4:3;0:4:3;1:1:1;1:1:1,1,5,1,1,1,0,1,1,1,1,1,5,9,3
58188,0:4:3;0:4:3;1:1:1;1:1:1,2,0,0,0,0,1,0,0,0,0,0,0,13,24
58189,0:4:3;0:4:3;1:1:1;1:1:1,2,1,0,0,0,1,0,0,0,0,0,0,25,24
58190,0:4:3;0:4:3;1:1:1;1:1:1,2,2,0,0,0,1,0,0,0,0,0,0,39,24
58191,0:4:3;0:4:3;1:1:1;1:1:1,2,3,0,0,0,1,0,0,0,0,0,0,51,24
58192,0:4:3;0:4:3;1:1:1;1:1:1,2,4,1,1,1,0,1,1,1,1,1,5,9,4
58193,0:4:3;0:4:3;1:1:1;1:1:1,2,5,1,1,1,0,1,1,1,1,1,5,9,3
58194,0:4:3;0:4:3;1:1:1;1:1:1,3,0,0,0,0,1,0,0,0,0,0,0,13,24
58195,0:4:3;0:4:3;1:1:1;1:1:1,3,1,0,0,0,1,0,0,0,0,0,0,25,24
58196,0:4:3;0:4:3;1:1:1;1:1:1,3,2,0,0,0,1,0,0,0,0,0,0,39,24
58197,0:4:3;0:4:3;1:1:1;1:1:1,3,3,0,0,0,1,0,0,0,0,0,0,51,24
58198,0:4:3;0:4:3;1:1:1;1:1:1,3,4,1,1,1,0,1,1,1,1,1,5,9,4
58199,0:4:3;0:4:3;1:1:1;1:1:1,3,5,1,1,1,0,1,1,1,1,1,5,9,3
58200,0:4:3;0:4:3;1:1:1;1:1:1,4,0,0,0,0,1,0,0,0,0,0,0,13,24
58201,0:4:3;0:4:3;1:1:1;1:1:1,4,1,0,0,0,1,0,0,0,0,0,0,25,24
58202,0:4:3;0:4:3;1:1:1;1:1:1,4,2,0,0,0,1,0,0,0,0,0,0,39,24
58203,0:4:3;0:4:3;1:1:1;1:1:1,4,3,0,0,0,1,0,0,0,0,0,0,51,24
58204,0:4:3;0:4:3;1:1:1;1:1:1,4,4,1,1,1,0,1,1,1,1,1,5,9,4
58205,0:4:3;0:4:3;1:1:1;1:1:1,4,5,1,1,1,0,1,1,1,1,1,5,9,3
58206,0:4:3;0:4:3;1:1:1;1:1:1,5,0,0,0,0,1,0,0,0,0,0,0,13,24
58207,0:4:3;0:4:3;1:1:1;1:1:1,5,1,0,0,0,1,0,0,0,0,0,0,25,24
58208,0:4:3;0:4:3;1:1:1;1:1:1,5,2,0,0,0,1,0,0,0,0,0,0,39,24
58209,0:4:3;0:4:3;1:1:1;1:1:1,5,3,0,0,0,1,0,0,0,0,0,0,51,24
58210,0:4:3;0:4:3;1:1:1;1:1:1,5,4,1,1,1,0,1,1,1,1,1,5,9,4
58211,0:4:3;0:4:3;1:1:1;1:1:1,5,5,1,1,1,0,1,1,1,1,1,5,9,3
58212,0:4:3;0:4:3;1:1:1;1:2:1,0,0,0,0,0,1,0,0,0,0,0,0,1,24
58213,0:4:3;0:4:3;1:1:1;1:2:1,0,1,0,0,0,1,0,0,0,0,0,0,3,24
58214,0:4:3;0:4:3;1:1:1;1:2:1,0,2,0,0,0,1,0,0,0,0,0,0,6,24
58215,0:4:3;0:4:3;1:1:1;1:2:1,0,3,1,1,1,0,1,1,1,1,1,5,9,4
58216,0:4:3;0:4:3;1:1:1;1:2:1,0,4,1,1,1,0,1,1,1,1,1,5,9,4
58217,0:4:3;0:4:3;1:1:1;1:2:1,0,5,1,1,1,0,1,1,1,1,1,5,9,3
58218,0:4:3;0:4:3;1:1:1;1:2:1,1,0,0,0,0,1,0,0,0,0,0,0,10,24
58219,0:4:3;0:4:3;1:1:1;1:2:1,1,1,0,0,0,1,0,0,0,0,0,0,23,24
58220,0:4:3;0:4:3;1:1:1;1:2:1,1,2,0,0,0,1,0,0,0,0,0,0,35,24
58221,0:4:3;0:4:3;1:1:1;1:2:1,1,3,1,1,1,0,1,1,1,1,1,5,9,4
58222,0:4:3;0:4:3;1:1:1;1:2:1,1,4,1,1,1,0,1,1,1,1,1,5,9,4
58223,0:4:3;0:4:3;1:1:1;1:2:1,1,5,1,1,1,0,1,1,1,1,1,5,9,3
58224,0:4:3;0:4:3;1:1:1;1:2:1,2,0,0,0,0,1,0,0,0,0,0,0,20,24
58225,0:4:3;0:4:3;1:1:1;1:2:1,2,1,0,0,0,1,0,0,0,0,0,0,32,24
58226,0:4:3;0:4:3;1:1:1;1:2:1,2,2,0,0,0,1,0,0,0,0,0,0,44,24
58227,0:4:3;0:4:3;1:1:1;1:2:1,2,3,1,1,1,0,1,1,1,1,1,5,9,4
58228,0:4:3;0:4:3;1:1:1;1:2:1,2,4,1,1,1,0,1,1,1,1,1,5,9,4
58229,0:4:3;0:4:3;1:1:1;1:2:1,2,5,1,1,1,0,1,1,1,1,1,5,9,3
58230,0:4:3;0:4:3;1:1:1;1:2:1,3,0,0,0,0,1,0,0,0,0,0,0,20,24
58231,0:4:3;0:4:3;1:1:1;1:2:1,3,1,0,0,0,1,0,0,0,0,0,0,32,24
58232,0:4:3;0:4:3;1:1:1;1:2:1,3,2,0,0,0,1,0,0,0,0,0,0,44,24
58233,0:4:3;0:4:3;1:1:1;1:2:1,3,3,1,1,1,0,1,1,1,1,1,5,9,4
58234,0:4:3;0:4:3;1:1:1;1:2:1,3,4,1,1,1,0,1,1,1,1,1,5,9,4
58235,0:4:3;0:4:3;1:1:1;1:2:1,3,5,1,1,1,0,1,1,1,1,1,5,9,3
58236,0:4:3;0:4:3;1:1:1;1:2:1,4,0,0,0,0,1,0,0,0,0,0,0,20,24
58237,0:4:3;0:4:3;1:1:1;1:2:1,4,1,0,0,0,1,0,0,0,0,0,0,32,24
58238,0:4:3;0:4:3;1:1:1;1:2:1,4,2,0,0,0,1,0,0,0,0,0,0,44,24
58239,0:4:3;0:4:3;1:1:1;1:2:1,4,3,1,1,1,0,1,1,1,1,1,5,9,4
58240,0:4:3;0:4:3;1:1:1;1:2:1,4,4,1,1,1,0,1,1,1,1,1,5,9,4
58241,0:4:3;0:4:3;1:1:1;1:2:1,4,5,1,1,1,0,1,1,1,1,1,5,9,3
58242,0:4:3;0:4:3;1:1:1;1:2:1,5,0,0,0,0,1,0,0,0,0,0,0,20,24
58243,0:4:3;0:4:3;1:1:1;1:2:1,5,1,0,0,0,1,0,0,0,0,0,0,32,24
58244,0:4:3;0:4:3;1:1:1;1:2:1,5,2,0,0,0,1,0,0,0,0,0,0,44,24
58245,0:4:3;0:4:3;1:1:1;1:2:1,5,3,1,1,1,0,1,1,1,1,1,5,9,4
58246,0:4:3;0:4:3;1:1:1;1:2:1,5,4,1,1,1,0,1,1,1,1,1,5,9,4
58247,0:4:3;0:4:3;1:1:1;1:2:1,5,5,1,1,1,0,1,1,1,1,1,5,9,3
58248,0:4:3;0:4:3;1:1:1;1:2:2,0,0,0,0,0,1,0,0,0,0,0,0,1,24
58249,0:4:3;0:4:3;1:1:1;1:2:2,0,1,0,0,0,1,0,0,0,0,0,0,3,24
58250,0:4:3;0:4:3;1:1:1;1:2:2,0,2,0,0,0,1,0,0,0,0,0,0,6,24
58251,0:4:3;0:4:3;1:1:1;1:2:2,0,3,1,1,0,0,1,1,1,1,1,5,10,4
58252,0:4:3;0:4:3;1:1:1;1:2:2,0,4,1,1,1,0,1,1,1,1,1,5,10,4
58253,0:4:3;0:4:3;1:1:1;1:2:2,0,5,1,1,1,0,1,1,1,1,1,5,10,3
58254,0:4:3;0:4:3;1:1:1;1:2:2,1,0,0,0,0,1,0,0,0,0,0,0,5,24
58255,0:4:3;0:4:3;1:1:1;1:2:2,1,1,0,0,0,1,0,0,0,0,0,0,12,24
58256,0:4:3;0:4:3;1:1:1;1:2:2,1,2,0,0,0,1,0,0,0,0,0,0,30,24
58257,0:4:3;0:4:3;1:1:1;1:2:2,1,3,1,1,1,0,1,1,1,1,1,5,10,4
58258,0:4:3;0:4:3;1:1:1;1:2:2,1,4,1,1,1,0,1,1,1,1,1,5,10,4
58259,0:4:3;0:4:3;1:1:1;1:2:2,1,5,1,1,1,0,1,1,1,1,1,5,10,3
58260,0:4:3;0:4:3;1:1:1;1:2:2,2,0,0,0,0,1,0,0,0,0,0,0,14,24
58261,0:4:3;0:4:3;1:1:1;1:2:2,2,1,0,0,0,1,0,0,0,0,0,0,32,24
58262,0:4:3;0:4:3;1:1:1;1:2:2,2,2,0,0,0,1,0,0,0,0,0,0,51,24
58263,0:4:3;0:4:3;1:1:1;1:2:2,2,3,1,1,1,0,1,1,1,1,1,5,10,4
58264,0:4:3;0:4:3;1:1:1;1:2:2,2,4,1,1,1,0,1,1,1,1,1,5,10,4
58265,0:4:3;0:4:3;1:1:1;1:2:2,2,5,1,1,1,0,1,1,1,1,1,5,10,3
58266,0:4:3;0:4:3;1:1:1;1:2:2,3,0,0,0,0,1,0,0,0,0,0,0,24,24
58267,0:4:3;0:4:3;1:1:1;1:2:2,3,1,0,0,0,1,0,0,0,0,0,0,41,24
58268,0:4:3;0:4:3;1:1:1;1:2:2,3,2,0,0,0,1,0,0,0,0,0,0,60,24
58269,0:4:3;0:4:3;1:1:1;1:2:2,3,3,1,1,1,0,1,1,1,1,1,5,10,4
58270,0:4:3;0:4:3;1:1:1;1:2:2,3,4,1,1,1,0,1,1,1,1,1,5,10,4
58271,0:4:3;0:4:3;1:1:1;1:2:2,3,5,1,1,1,0,1,1,1,1,1,5,10,3
58272,0:4:3;0:4:3;1:1:1;1:2:2,4,0,0,0,0,1,0,0,0,0,0,0,24,24
58273,0:4:3;0:4:3;1:1:1;1:2:2,4,1,0,0,0,1,0,0,0,0,0,0,41,24
58274,0:4:3;0:4:3;1:1:1;1:2:2,4,2,0,0,0,1,0,0,0,0,0,0,60,24
58275,0:4:3;0:4:3;1:1:1;1:2:2,4,3,1,1,1,0,1,1,1,1,1,5,10,4
58276,0:4:3;0:4:3;1:1:1;1:2:2,4,4,1,1,1,0,1,1,1,1,1,5,10,4
58277,0:4:3;0:4:3;1:1:1;1:2:2,4,5,1,1,1,0,1,1,1,1,1,5,10,3
58278,0:4:3;0:4:3;1:1:1;1:2:2,5,0,0,0,0,1,0,0,0,0,0,0,24,24
58279,0:4:3;0:4:3;1:1:1;1:2:2,5,1,0,0,0,1,0,0,0,0,0,0,41,24
58280,0:4:3;0:4:3;1:1:1;1:2:2,5,2,0,0,0,1,0,0,0,0,0,0,60,24
58281,0:4:3;0:4:3;1:1:1;1:2:2,5,3,1,1,1,0,1,1,1,1,1,5,10,4
58282,0:4:3;0:4:3;1:1:1;1:2:2,5,4,1,1,1,0,1,1,1,1,1,5,10,4
58283,0:4:3;0:4:3;1:1:1;1:2:2,5,5,1,1,1,0,1,1,1,1,1,5,10,3
58284,0:4:3;0:4:3;1:1:1;1:3:2,0,0,0,0,0,1,0,0,0,0,0,0,1,24
58285,0:4:3;0:4:3;1:1:1;1:3:2,0,1,0,0,0,1,0,0,0,0,0,0,3,24
58286,0:4:3;0:4:3;1:1:1;1:3:2,0,2,1,0,0,1,0,0,0,0,0,1,6,24
58287,0:4:3;0:4:3;1:1:1;1:3:2,0,3,1,1,0,0,1,1,1,1,1,5,10,4
58288,0:4:3;0:4:3;1:1:1;1:3:2,0,4,1,1,1,0,1,1,1,1,1,5,10,4
58289,0:4:3;0:4:3;1:1:1;1:3:2,0,5,1,1,1,0,1,1,1,1,1,5,10,3
58290,0:4:3;0:4:3;1:1:1;1:3:2,1,0,0,0,0,1,0,0,0,0,0,0,5,24
58291,0:4:3;0:4:3;1:1:1;1:3:2,1,1,0,0,0,1,0,0,0,0,0,0,12,24
58292,0:4:3;0:4:3;1:1:1;1:3:2,1,2,1,1,0,0,1,1,1,1,1,5,10,14
58293,0:4:3;0:4:3;1:1:1;1:3:2,1,3,1,1,1,0,1,1,1,1,1,5,10,4
58294,0:4:3;0:4:3;1:1:1;1:3:2,1,4,1,1,1,0,1,1,1,1,1,5,10,4
58295,0:4:3;0:4:3;1:1:1;1:3:2,1,5,1,1,1,0,1,1,1,1,1,5,10,3
58296,0:4:3;0:4:3;1:1:1;1:3:2,2,0,0,0,0,1,0,0,0,0,0,0,22,24
58297,0:4:3;0:4:3;1:1:1;1:3:2,2,1,0,0,0,1,0,0,0,0,0,0,37,24
58298,0:4:3;0:4:3;1:1:1;1:3:2,2,2,1,1,1,0,1,1,1,1,1,5,10,14
58299,0:4:3;0:4:3;1:1:1;1:3:2,2,3,1,1,1,0,1,1,1,1,1,5,10,4
58300,0:4:3;0:4:3;1:1:1;1:3:2,2,4,1,1,1,0,1,1,1,1,1,5,10,4
58301,0:4:3;0:4:3;1:1:1;1:3:2,2,5,1,1,1,0,1,1,1,1,1,5,10,3
58302,0:4:3;0:4:3;1:1:1;1:3:2,3,0,0,0,0,1,0,0,0,0,0,0,31,24
58303,0:4:3;0:4:3;1:1:1;1:3:2,3,1,0,0,0,1,0,0,0,0,0,0,46,24
58304,0:4:3;0:4:3;1:1:1;1:3:2,3,2,1,1,1,0,1,1,1,1,1,5,10,14
58305,0:4:3;0:4:3;1:1:1;1:3:2,3,3,1,1,1,0,1,1,1,1,1,5,10,4
58306,0:4:3;0:4:3;1:1:1;1:3:2,3,4,1,1,1,0,1,1,1,1,1,5,10,4
58307,0:4:3;0:4:3;1:1:1;1:3:2,3,5,1,1,1,0,1,1,1,1,1,5,10,3
58308,0:4:3;0:4:3;1:1:1;1:3:2,4,0,0,0,0,1,0,0,0,0,0,0,31,24
58309,0:4:3;0:4:3;1:1:1;1:3:2,4,1,0,0,0,1,0,0,0,0,0,0,46,24
58310,0:4:3;0:4:3;1:1:1;1:3:2,4,2,1,1,1,0,1,1,1,1,1,5,10,14
58311,0:4:3;0:4:3;1:1:1;1:3:2,4,3,1,1,1,0,1,1,1,1,1,5,10,4
58312,0:4:3;0:4:3;1:1:1;1:3:2,4,4,1,1,1,0,1,1,1,1,1,5,10,4
58313,0:4:3;0:4:3;1:1:1;1:3:2,4,5,1,1,1,0,1,1,1,1,1,5,10,3
58314,0:4:3;0:4:3;1:1:1;1:3:2,5,0,0,0,0,1,0,0,0,0,0,0,31,24
58315,0:4:3;0:4:3;1:1:1;1:3:2,5,1,0,0,0,1,0,0,0,0,0,0,46,24
58316,0:4:3;0:4:3;1:1:1;1:3:2,5,2,1,1,1,0,1,1,1,1,1,5,10,14
58317,0:4:3;0:4:3;1:1:1;1:3:2,5,3,1,1,1,0,1,1,1,1,1,5,10,4
58318,0:4:3;0:4:3;1:1:1;1:3:2,5,4,1,1,1,0,1,1,1,1,1,5,10,4
58319,0:4:3;0:4:3;1:1:1;1:3:2,5,5,1,1,1,0,1,1,1,1,1,5,10,3
58320,0:4:3;0:4:3;1:1:1;1:3:3,0,0,0,0,0,1,0,0,0,0,0,0,1,24
58321,0:4:3;0:4:3;1:1:1;1:3:3,0,1,0,0,0,1,0,0,0,0,0,0,3,24
58322,0:4:3;0:4:3;1:1:1;1:3:3,0,2,1,0,0,1,0,0,0,0,0,1,6,24
58323,0:4:3;0:4:3;1:1:1;1:3:3,0,3,1,1,0,0,1,1,1,1,1,5,11,4
58324,0:4:3;0:4:3;1:1:1;1:3:3,0,4,1,1,0,0,1,1,1,1,1,5,11,4
58325,0:4:3;0:4:3;1:1:1;1:3:3,0,5,1,1,1,0,1,1,1,1,1,5,11,3
58326,0:4:3;0:4:3;1:1:1;1:3:3,1,0,0,0,0,1,0,0,0,0,0,0,5,24
58327,0:4:3;0:4:3;1:1:1;1:3:3,1,1,0,0,0,1,0,0,0,0,0,0,12,24
58328,0:4:3;0:4:3;1:1:1;1:3:3,1,2,1,1,0,0,1,1,1,1,1,5,11,14
58329,0:4:3;0:4:3;1:1:1;1:3:3,1,3,1,1,0,0,1,1,1,1,1,5,11,4
58330,0:4:3;0:4:3;1:1:1;1:3:3,1,4,1,1,1,0,1,1,1,1,1,5,11,4
58331,0:4:3;0:4:3;1:1:1;1:3:3,1,5,1,1,1,0,1,1,1,1,1,5,11,3
58332,0:4:3;0:4:3;1:1:1;1:3:3,2,0,0,0,0,1,0,0,0,0,0,0,9,24
58333,0:4:3;0:4:3;1:1:1;1:3:3,2,1,0,0,0,1,0,0,0,0,0,0,21,24
58334,0:4:3;0:4:3;1:1:1;1:3:3,2,2,1,1,0,0,1,1,1,1,1,5,11,14
58335,0:4:3;0:4:3;1:1:1;1:3:3,2,3,1,1,1,0,1,1,1,1,1,5,11,4
58336,0:4:3;0:4:3;1:1:1;1:3:3,2,4,1,1,1,0,1,1,1,1,1,5,11,4
58337,0:4:3;0:4:3;1:1:1;1:3:3,2,5,1,1,1,0,1,1,1,1,1,5,11,3
58338,0:4:3;0:4:3;1:1:1;1:3:3,3,0,0,0,0,1,0,0,0,0,0,0,26,24
58339,0:4:3;0:4:3;1:1:1;1:3:3,3,1,0,0,0,1,0,0,0,0,0,0,46,24
58340,0:4:3;0:4:3;1:1:1;1:3:3,3,2,1,1,1,0,1,1,1,1,1,5,11,14
58341,0:4:3;0:4:3;1:1:1;1:3:3,3,3,1,1,1,0,1,1,1,1,1,5,11,4
58342,0:4:3;0:4:3;1:1:1;1:3:3,3,4,1,1,1,0,1,1,1,1,1,5,11,4
58343,0:4:3;0:4:3;1:1:1;1:3:3,3,5,1,1,1,0,1,1,1,1,1,5,11,3
58344,0:4:3;0:4:3;1:1:1;1:3:3,4,0,0,0,0,1,0,0,0,0,0,0,35,24
58345,0:4:3;0:4:3;1:1:1;1:3:3,4,1,0,0,0,1,0,0,0,0,0,0,55,24
58346,0:4:3;0:4:3;1:1:1;1:3:3,4,2,1,1,1,0,1,1,1,1,1,5,11,14
58347,0:4:3;0:4:3;1:1:1;1:3:3,4,3,1,1,1,0,1,1,1,1,1,5,11,4
58348,0:4:3;0:4:3;1:1:1;1:3:3,4,4,1,1,1,0,1,1,1,1,1,5,11,4
58349,0:4:3;0:4:3;1:1:1;1:3:3,4,5,1,1,1,0,1,1,1,1,1,5,11,3
58350,0:4:3;0:4:3;1:1:1;1:3:3,5,0,0,0,0,1,0,0,0,0,0,0,35,24
58351,0:4:3;0:4:3;1:1:1;1:3:3,5,1,0,0,0,1,0,0,0,0,0,0,55,24
58352,0:4:3;0:4:3;1:1:1;1:3:3,5,2,1,1,1,0,1,1,1,1,1,5,11,14
58353,0:4:3;0:4:3;1:1:1;1:3:3,5,3,1,1,1,0,1,1,1,1,1,5,11,4
58354,0:4:3;0:4:3;1:1:1;1:3:3,5,4,1,1,1,0,1,1,1,1,1,5,11,4
58355,0:4:3;0:4:3;1:1:1;1:3:3,5,5,1,1,1,0,1,1,1,1,1,5,11,3
58356,0:4:3;0:4:3;1:1:1;1:4:3,0,0,0,0,0,1,0,0,0,0,0,0,1,24
58357,0:4:3;0:4:3;1:1:1;1:4:3,0,1,1,0,0,1,0,0,0,0,0,1,3,24
58358,0:4:3;0:4:3;1:1:1;1:4:3,0,2,1,0,0,1,0,0,0,0,0,1,6,24
58359,0:4:3;0:4:3;1:1:1;1:4:3,0,3,1,1,0,0,1,1,1,1,1,5,11,4
58360,0:4:3;0:4:3;1:1:1;1:4:3,0,4,1,1,0,0,1,1,1,1,1,5,11,4
58361,0:4:3;0:4:3;1:1:1;1:4:3,0,5,1,1,1,0,1,1,1,1,1,5,11,3
58362,0:4:3;0:4:3;1:1:1;1:4:3,1,0,0,0,0,1,0,0,0,0,0,0,5,24
58363,0:4:3;0:4:3;1:1:1;1:4:3,1,1,1,0,0,1,0,0,0,0,0,2,12,24
58364,0:4:3;0:4:3;1:1:1;1:4:3,1,2,1,1,0,0,1,1,1,1,1,5,11,14
58365,0:4:3;0:4:3;1:1:1;1:4:3,1,3,1,1,0,0,1,1,1,1,1,5,11,4
58366,0:4:3;0:4:3;1:1:1;1:4:3,1,4,1,1,1,0,1,1,1,1,1,5,11,4
58367,0:4:3;0:4:3;1:1:1;1:4:3,1,5,1,1,1,0,1,1,1,1,1,5,11,3
58368,0:4:3;0:4:3;1:1:1;1:4:3,2,0,0,0,0,1,0,0,0,0,0,0,9,24
58369,0:4:3;0:4:3;1:1:1;1:4:3,2,1,1,0,0,1,0,0,0,0,0,2,21,24
58370,0:4:3;0:4:3;1:1:1;1:4:3,2,2,1,1,0,0,1,1,1,1,1,5,11,14
58371,0:4:3;0:4:3;1:1:1;1:4:3,2,3,1,1,1,0,1,1,1,1,1,5,11,4
58372,0:4:3;0:4:3;1:1:1;1:4:3,2,4,1,1,1,0,1,1,1,1,1,5,11,4
58373,0:4:3;0:4:3;1:1:1;1:4:3,2,5,1,1,1,0,1,1,1,1,1,5,11,3
58374,0:4:3;0:4:3;1:1:1;1:4:3,3,0,0,0,0,1,0,0,0,0,0,0,31,24
58375,0:4:3;0:4:3;1:1:1;1:4:3,3,1,1,1,0,1,0,0,1,1,1,6,20,20
58376,0:4:3;0:4:3;1:1:1;1:4:3,3,2,1,1,1,0,1,1,1,1,1,5,11,14
58377,0:4:3;0:4:3;1:1:1;1:4:3,3,3,1,1,1,0,1,1,1,1,1,5,11,4
58378,0:4:3;0:4:3;1:1:1;1:4:3,3,4,1,1,1,0,1,1,1,1,1,5,11,4
58379,0:4:3;0:4:3;1:1:1;1:4:3,3,5,1,1,1,0,1,1,1,1,1,5,11,3
58380,0:4:3;0:4:3;1:1:1;1:4:3,4,0,0,0,0,1,0,0,0,0,0,0,40,24
58381,0:4:3;0:4:3;1:1:1;1:4:3,4,1,1,1,1,0,1,1,1,1,1,5,11,17
58382,0:4:3;0:4:3;1:1:1;1:4:3,4,2,1,1,1,0,1,1,1,1,1,5,11,14
58383,0:4:3;0:4:3;1:1:1;1:4:3,4,3,1,1,1,0,1,1,1,1,1,5,11,4
58384,0:4:3;0:4:3;1:1:1;1:4:3,4,4,1,1,1,0,1,1,1,1,1,5,11,4
58385,0:4:3;0:4:3;1:1:1;1:4:3,4,5,1,1,1,0,1,1,1,1,1,5,11,3
58386,0:4:3;0:4:3;1:1:1;1:4:3,5,0,0,0,0,1,0,0,0,0,0,0,40,24
58387,0:4:3;0:4:3;1:1:1;1:4:3,5,1,1,1,1,0,1,1,1,1,1,5,11,17
58388,0:4:3;0:4:3;1:1:1;1:4:3,5,2,1,1,1,0,1,1,1,1,1,5,11,14
58389,0:4:3;0:4:3;1:1:1;1:4:3,5,3,1,1,1,0,1,1,1,1,1,5,11,4
58390,0:4:3;0:4:3;1:1:1;1:4:3,5,4,1,1,1,0,1,1,1,1,1,5,11,4
58391,0:4:3;0:4:3;1:1:1;1:4:3,5,5,1,1,1,0,1,1,1,1,1,5,11,3
58392,0:4:3;0:4:3;1:2:1;1:2:1,0,0,0,0,0,1,0,0,0,0,0,0,1,24
58393,0:4:3;0:4:3;1:2:1;1:2:1,0,1,0,0,0,1,0,0,0,0,0,0,3,24
58394,0:4:3;0:4:3;1:2:1;1:2:1,0,2,1,0,0,1,0,0,0,0,0,1,6,24
58395,0:4:3;0:4:3;1:2:1;1:2:1,0,3,1,1,1,0,1,1,1,1,1,5,9,4
58396,0:4:3;0:4:3;1:2:1;1:2:1,0,4,1,1,1,0,1,1,1,1,1,5,9,3
58397,0:4:3;0:4:3;1:2:1;1:2:1,0,5,1,1,1,0,1,1,1,1,1,5,9,3
58398,0:4:3;0:4:3;1:2:1;1:2:1,1,0,0,0,0,1,0,0,0,0,0,0,13,24
58399,0:4:3;0:4:3;1:2:1;1:2:1,1,1,0,0,0,1,0,0,0,0,0,0,29,24
58400,0:4:3;0:4:3;1:2:1;1:2:1,1,2,1,1,1,0,1,1,1,1,1,5,9,14
58401,0:4:3;0:4:3;1:2:1;1:2:1,1,3,1,1,1,0,1,1,1,1,1,5,9,4
58402,0:4:3;0:4:3;1:2:1;1:2:1,1,4,1,1,1,0,1,1,1,1,1,5,9,3
58403,0:4:3;0:4:3;1:2:1;1:2:1,1,5,1,1,1,0,1,1,1,1,1,5,9,3
58404,0:4:3;0:4:3;1:2:1;1:2:1,2,0,0,0,0,1,0,0,0,0,0,0,26,24
58405,0:4:3;0:4:3;1:2:1;1:2:1,2,1,0,0,0,1,0,0,0,0,0,0,38,24
58406,0:4:3;0:4:3;1:2:1;1:2:1,2,2,1,1,1,0,1,1,1,1,1,5,9,14
58407,0:4:3;0:4:3;1:2:1;1:2:1,2,3,1,1,1,0,1,1,1,1,1,5,9,4
58408,0:4:3;0:4:3;1:2:1;1:2:1,2,4,1,1,1,0,1,1,1,1,1,5,9,3
58409,0:4:3;0:4:3;1:2:1;1:2:1,2,5,1,1,1,0,1,1,1,1,1,5,9,3
58410,0:4:3;0:4:3;1:2:1;1:2:1,3,0,0,0,0,1,0,0,0,0,0,0,26,24
58411,0:4:3;0:4:3;1:2:1;1:2:1,3,1,0,0,0,1,0,0,0,0,0,0,38,24
58412,0:4:3;0:4:3;1:2:1;1:2:1,3,2,1,1,1,0,1,1,1,1,1,5,9,14
58413,0:4:3;0:4:3;1:2:1;1:2:1,3,3,1,1,1,0,1,1,1,1,1,5,9,4
58414,0:4:3;0:4:3;1:2:1;1:2:1,3,4,1,1,1,0,1,1,1,1,1,5,9,3
58415,0:4:3;0:4:3;1:2:1;1:2:1,3,5,1,1,1,0,1,1,1,1,1,5,9,3
58416,0:4:3;0:4:3;1:2:1;1:2:1,4,0,0,0,0,1,0,0,0,0,0,0,26,24
58417,0:4:3;0:4:3;1:2:1;1:2:1,4,1,0,0,0,1,0,0,0,0,0,0,38,24
58418,0:4:3;0:4:3;1:2:1;1:2:1,4,2,1,1,1,0,1,1,1,1,1,5,9,14
58419,0:4:3;0:4:3;1:2:1;1:2:1,4,3,1,1,1,0,1,1,1,1,1,5,9,4
58420,0:4:3;0:4:3;1:2:1;1:2:1,4,4,1,1,1,0,1,1,1,1,1,5,9,3
58421,0:4:3;0:4:3;1:2:1;1:2:1,4,5,1,1,1,0,1,1,1,1,1,5,9,3
58422,0:4:3;0:4:3;1:2:1;1:2:1,5,0,0,0,0,1,0,0,0,0,0,0,26,24
58423,0:4:3;0:4:3;1:2:1;1:2:1,5,1,0,0,0,1,0,0,0,0,0,0,38,24
58424,0:4:3;0:4:3;1:2:1;1:2:1,5,2,1,1,1,0,1,1,1,1,1,5,9,14
58425,0:4:3;0:4:3;1:2:1;1:2:1,5,3,1,1,1,0,1,1,1,1,1,5,9,4
58426,0:4:3;0:4:3;1:2:1;1:2:1,5,4,1,1,1,0,1,1,1,1,1,5,9,3
58427,0:4:3;0:4:3;1:2:1;1:2:1,5,5,1,1,1,0,1,1,1,1,1,5,9,3
58428,0:4:3;0:4:3;1:2:1;1:2:2,0,0,0,0,0,1,0,0,0,0,0,0,1,24
58429,0:4:3;0:4:3;1:2:1;1:2:2,0,1,0,0,0,1,0,0,0,0,0,0,3,24
58430,0:4:3;0:4:3;1:2:1;1:2:2,0,2,1,0,0,1,0,0,0,0,0,1,6,24
58431,0:4:3;0:4:3;1:2:1;1:2:2,0,3,1,1,0,0,1,1,1,1,1,5,10,4
58432,0:4:3;0:4:3;1:2:1;1:2:2,0,4,1,1,1,0,1,1,1,1,1,5,10,3
58433,0:4:3;0:4:3;1:2:1;1:2:2,0,5,1,1,1,0,1,1,1,1,1,5,10,3
58434,0:4:3;0:4:3;1:2:1;1:2:2,1,0,0,0,0,1,0,0,0,0,0,0,8,24
58435,0:4:3;0:4:3;1:2:1;1:2:2,1,1,0,0,0,1,0,0,0,0,0,0,24,24
58436,0:4:3;0:4:3;1:2:1;1:2:2,1,2,1,1,0,0,1,1,1,1,1,5,10,14
58437,0:4:3;0:4:3;1:2:1;1:2:2,1,3,1,1,1,0,1,1,1,1,1,5,10,4
58438,0:4:3;0:4:3;1:2:1;1:2:2,1,4,1,1,1,0,1,1,1,1,1,5,10,3
58439,0:4:3;0:4:3;1:2:1;1:2:2,1,5,1,1,1,0,1,1,1,1,1,5,10,3
58440,0:4:3;0:4:3;1:2:1;1:2:2,2,0,0,0,0,1,0,0,0,0,0,0,20,24
58441,0:4:3;0:4:3;1:2:1;1:2:2,2,1,0,0,0,1,0,0,0,0,0,0,42,24
58442,0:4:3;0:4:3;1:2:1;1:2:2,2,2,1,1,1,0,1,1,1,1,1,5,10,14
58443,0:4:3;0:4:3;1:2:1;1:2:2,2,3,1,1,1,0,1,1,1,1,1,5,10,4
58444,0:4:3;0:4:3;1:2:1;1:2:2,2,4,1,1,1,0,1,1,1,1,1,5,10,3
58445,0:4:3;0:4:3;1:2:1;1:2:2,2,5,1,1,1,0,1,1,1,1,1,5,10,3
58446,0:4:3;0:4:3;1:2:1;1:2:2,3,0,0,0,0,1,0,0,0,0,0,0,33,24
58447,0:4:3;0:4:3;1:2:1;1:2:2,3,1,0,0,0,1,0,0,0,0,0,0,51,24
58448,0:4:3;0:4:3;1:2:1;1:2:2,3,2,1,1,1,0,1,1,1,1,1,5,10,14
58449,0:4:3;0:4:3;1:2:1;1:2:2,3,3,1,1,1,0,1,1,1,1,1,5,10,4
58450,0:4:3;0:4:3;1:2:1;1:2:2,3,4,1,1,1,0,1,1,1,1,1,5,10,3
58451,0:4:3;0:4:3;1:2:1;1:2:2,3,5,1,1,1,0,1,1,1,1,1,5,10,3
58452,0:4:3;0:4:3;1:2:1;1:2:2,4,0,0,0,0,1,0,0,0,0,0,0,33,24
58453,0:4:3;0:4:3;1:2:1;1:2:2,4,1,0,0,0,1,0,0,0,0,0,0,51,24
58454,0:4:3;0:4:3;1:2:1;1:2:2,4,2,1,1,1,0,1,1,1,1,1,5,10,14
58455,0:4:3;0:4:3;1:2:1;1:2:2,4,3,1,1,1,0,1,1,1,1,1,5,10,4
58456,0:4:3;0:4:3;1:2:1;1:2:2,4,4,1,1,1,0,1,1,1,1,1,5,10,3
58457,0:4:3;0:4:3;1:2:1;1:2:2,4,5,1,1,1,0,1,1,1,1,1,5,10,3
58458,0:4:3;0:4:3;1:2:1;1:2:2,5,0,0,0,0,1,0,0,0,0,0,0,33,24
58459,0:4:3;0:4:3;1:2:1;1:2:2,5,1,0,0,0,1,0,0,0,0,0,0,51,24
58460,0:4:3;0:4:3;1:2:1;1:2:2,5,2,1,1,1,0,1,1,1,1,1,5,10,14
58461,0:4:3;0:4:3;1:2:1;1:2:2,5,3,1,1,1,0,1,1,1,1,1,5,10,4
58462,0:4:3;0:4:3;1:2:1;1:2:2,5,4,1,1,1,0,1,1,1,1,1,5,10,3
58463,0:4:3;0:4:3;1:2:1;1:2:2,5,5,1,1,1,0,1,1,1,1,1,5,10,3
58464,0:4:3;0:4:3;1:2:1;1:3:2,0,0,0,0,0,1,0,0,0,0,0,0,1,24
58465,0:4:3;0:4:3;1:2:1;1:3:2,0,1,1,0,0,1,0,0,0,0,0,1,3,24
58466,0:4:3;0:4:3;1:2:1;1:3:2,0,2,1,0,0,1,0,0,0,0,0,1,6,24
58467,0:4:3;0:4:3;1:2:1;1:3:2,0,3,1,1,0,0,1,1,1,1,1,5,10,4
58468,0:4:3;0:4:3;1:2:1;1:3:2,0,4,1,1,1,0,1,1,1,1,1,5,10,3
58469,0:4:3;0:4:3;1:2:1;1:3:2,0,5,1,1,1,0,1,1,1,1,1,5,10,3
58470,0:4:3;0:4:3;1:2:1;1:3:2,1,0,0,0,0,1,0,0,0,0,0,0,8,24
58471,0:4:3;0:4:3;1:2:1;1:3:2,1,1,1,1,0,0,1,1,1,1,1,5,10,14
58472,0:4:3;0:4:3;1:2:1;1:3:2,1,2,1,1,0,0,1,1,1,1,1,5,10,14
58473,0:4:3;0:4:3;1:2:1;1:3:2,1,3,1,1,1,0,1,1,1,1,1,5,10,4
58474,0:4:3;0:4:3;1:2:1;1:3:2,1,4,1,1,1,0,1,1,1,1,1,5,10,3
58475,0:4:3;0:4:3;1:2:1;1:3:2,1,5,1,1,1,0,1,1,1,1,1,5,10,3
58476,0:4:3;0:4:3;1:2:1;1:3:2,2,0,0,0,0,1,0,0,0,0,0,0,30,24
58477,0:4:3;0:4:3;1:2:1;1:3:2,2,1,1,1,0,0,1,1,1,1,1,5,10,14
58478,0:4:3;0:4:3;1:2:1;1:3:2,2,2,1,1,1,0,1,1,1,1,1,5,10,14
58479,0:4:3;0:4:3;1:2:1;1:3:2,2,3,1,1,1,0,1,1,1,1,1,5,10,4
58480,0:4:3;0:4:3;1:2:1;1:3:2,2,4,1,1,1,0,1,1,1,1,1,5,10,3
58481,0:4:3;0:4:3;1:2:1;1:3:2,2,5,1,1,1,0,1,1,1,1,1,5,10,3
58482,0:4:3;0:4:3;1:2:1;1:3:2,3,0,0,0,0,1,0,0,0,0,0,0,39,24
58483,0:4:3;0:4:3;1:2:1;1:3:2,3,1,1,1,1,0,1,1,1,1,1,5,10,14
58484,0:4:3;0:4:3;1:2:1;1:3:2,3,2,1,1,1,0,1,1,1,1,1,5,10,14
58485,0:4:3;0:4:3;1:2:1;1:3:2,3,3,1,1,1,0,1,1,1,1,1,5,10,4
58486,0:4:3;0:4:3;1:2:1;1:3:2,3,4,1,1,1,0,1,1,1,1,1,5,10,3
58487,0:4:3;0:4:3;1:2:1;1:3:2,3,5,1,1,1,0,1,1,1,1,1,5,10,3
58488,0:4:3;0:4:3;1:2:1;1:3:2,4,0,0,0,0,1,0,0,0,0,0,0,39,24
58489,0:4:3;0:4:3;1:2:1;1:3:2,4,1,1,1,1,0,1,1,1,1,1,5,10,14
58490,0:4:3;0:4:3;1:2:1;1:3:2,4,2,1,1,1,0,1,1,1,1,1,5,10,14
58491,0:4:3;0:4:3;1:2:1;1:3:2,4,3,1,1,1,0,1,1,1,1,1,5,10,4
58492,0:4:3;0:4:3;1:2:1;1:3:2,4,4,1,1,1,0,1,1,1,1,1,5,10,3
58493,0:4:3;0:4:3;1:2:1;1:3:2,4,5,1,1,1,0,1,1,1,1,1,5,10,3
58494,0:4:3;0:4:3;1:2:1;1:3:2,5,0,0,0,0,1,0,0,0,0,0,0,39,24
58495,0:4:3;0:4:3;1:2:1;1:3:2,5,1,1,1,1,0,1,1,1,1,1,5,10,14
58496,0:4:3;0:4:3;1:2:1;1:3:2,5,2,1,1,1,0,1,1,1,1,1,5,10,14
58497,0:4:3;0:4:3;1:2:1;1:3:2,5,3,1,1,1,0,1,1,1,1,1,5,10,4
58498,0:4:3;0:4:3;1:2:1;1:3:2,5,4,1,1,1,0,1,1,1,1,1,5,10,3
58499,0:4:3;0:4:3;1:2:1;1:3:2,5,5,1,1,1,0,1,1,1,1,1,5,10,3
58500,0:4:3;0:4:3;1:2:1;1:3:3,0,0,0,0,0,1,0,0,0,0,0,0,1,24
58501,0:4:3;0:4:3;1:2:1;1:3:3,0,1,1,0,0,1,0,0,0,0,0,1,3,24
58502,0:4:3;0:4:3;1:2:1;1:3:3,0,2,1,0,0,1,0,0,0,0,0,1,6,24
58503,0:4:3;0:4:3;1:2:1;1:3:3,0,3,1,1,0,0,1,1,1,1,1,5,11,4
58504,0:4:3;0:4:3;1:2:1;1:3:3,0,4,1,1,0,0,1,1,1,1,1,5,11,3
58505,0:4:3;0:4:3;1:2:1;1:3:3,0,5,1,1,1,0,1,1,1,1,1,5,11,3
58506,0:4:3;0:4:3;1:2:1;1:3:3,1,0,0,0,0,1,0,0,0,0,0,0,8,24
58507,0:4:3;0:4:3;1:2:1;1:3:3,1,1,1,1,0,0,1,1,1,1,1,5,11,14
58508,0:4:3;0:4:3;1:2:1;1:3:3,1,2,1,1,0,0,1,1,1,1,1,5,11,14
58509,0:4:3;0:4:3;1:2:1;1:3:3,1,3,1,1,0,0,1,1,1,1,1,5,11,4
58510,0:4:3;0:4:3;1:2:1;1:3:3,1,4,1,1,1,0,1,1,1,1,1,5,11,3
58511,0:4:3;0:4:3;1:2:1;1:3:3,1,5,1,1,1,0,1,1,1,1,1,5,11,3
58512,0:4:3;0:4:3;1:2:1;1:3:3,2,0,0,0,0,1,0,0,0,0,0,0,15,24
58513,0:4:3;0:4:3;1:2:1;1:3:3,2,1,1,1,0,0,1,1,1,1,1,5,11,14
58514,0:4:3;0:4:3;1:2:1;1:3:3,2,2,1,1,0,0,1,1,1,1,1,5,11,14
58515,0:4:3;0:4:3;1:2:1;1:3:3,2,3,1,1,1,0,1,1,1,1,1,5,11,4
58516,0:4:3;0:4:3;1:2:1;1:3:3,2,4,1,1,1,0,1,1,1,1,1,5,11,3
58517,0:4:3;0:4:3;1:2:1;1:3:3,2,5,1,1,1,0,1,1,1,1,1,5,11,3
58518,0:4:3;0:4:3;1:2:1;1:3:3,3,0,0,0,0,1,0,0,0,0,0,0,37,24
58519,0:4:3;0:4:3;1:2:1;1:3:3,3,1,1,1,0,0,1,1,1,1,1,5,11,14
58520,0:4:3;0:4:3;1:2:1;1:3:3,3,2,1,1,1,0,1,1,1,1,1,5,11,14
58521,0:4:3;0:4:3;1:2:1;1:3:3,3,3,1,1,1,0,1,1,1,1,1,5,11,4
58522,0:4:3;0:4:3;1:2:1;1:3:3,3,4,1,1,1,0,1,1,1,1,1,5,11,3
58523,0:4:3;0:4:3;1:2:1;1:3:3,3,5,1,1,1,0,1,1,1,1,1,5,11,3
58524,0:4:3;0:4:3;1:2:1;1:3:3,4,0,0,0,0,1,0,0,0,0,0,0,46,24
58525,0:4:3;0:4:3;1:2:1;1:3:3,4,1,1,1,1,0,1,1,1,1,1,5,11,14
58526,0:4:3;0:4:3;1:2:1;1:3:3,4,2,1,1,1,0,1,1,1,1,1,5,11,14
58527,0:4:3;0:4:3;1:2:1;1:3:3,4,3,1,1,1,0,1,1,1,1,1,5,11,4
58528,0:4:3;0:4:3;1:2:1;1:3:3,4,4,1,1,1,0,1,1,1,1,1,5,11,3
58529,0:4:3;0:4:3;1:2:1;1:3:3,4,5,1,1,1,0,1,1,1,1,1,5,11,3
58530,0:4:3;0:4:3;1:2:1;1:3:3,5,0,0,0,0,1,0,0,0,0,0,0,46,24
58531,0:4:3;0:4:3;1:2:1;1:3:3,5,1,1,1,1,0,1,1,1,1,1,5,11,14
58532,0:4:3;0:4:3;1:2:1;1:3:3,5,2,1,1,1,0,1,1,1,1,1,5,11,14
58533,0:4:3;0:4:3;1:2:1;1:3:3,5,3,1,1,1,0,1,1,1,1,1,5,11,4
58534,0:4:3;0:4:3;1:2:1;1:3:3,5,4,1,1,1,0,1,1,1,1,1,5,11,3
58535,0:4:3;0:4:3;1:2:1;1:3:3,5,5,1,1,1,0,1,1,1,1,1,5,11,3
58536,0:4:3;0:4:3;1:2:1;1:4:3,0,0,1,0,0,1,0,0,0,0,0,1,1,24
58537,0:4:3;0:4:3;1:2:1;1:4:3,0,1,1,0,0,1,0,0,0,0,0,1,3,24
58538,0:4:3;0:4:3;1:2:1;1:4:3,0,2,1,0,0,1,0,0,0,0,0,1,6,24
58539,0:4:3;0:4:3;1:2:1;1:4:3,0,3,1,1,0,0,1,1,1,1,1,5,11,4
58540,0:4:3;0:4:3;1:2:1;1:4:3,0,4,1,1,0,0,1,1,1,1,1,5,11,3
58541,0:4:3;0:4:3;1:2:1;1:4:3,0,5,1,1,1,0,1,1,1,1,1,5,11,3
58542,0:4:3;0:4:3;1:2:1;1:4:3,1,0,1,0,0,1,0,0,0,0,0,2,8,24
58543,0:4:3;0:4:3;1:2:1;1:4:3,1,1,1,1,0,0,1,1,1,1,1,5,11,14
58544,0:4:3;0:4:3;1:2:1;1:4:3,1,2,1,1,0,0,1,1,1,1,1,5,11,14
58545,0:4:3;0:4:3;1:2:1;1:4:3,1,3,1,1,0,0,1,1,1,1,1,5,11,4
58546,0:4:3;0:4:3;1:2:1;1:4:3,1,4,1,1,1,0,1,1,1,1,1,5,11,3
58547,0:4:3;0:4:3;1:2:1;1:4:3,1,5,1,1,1,0,1,1,1,1,1,5,11,3
58548,0:4:3;0:4:3;1:2:1;1:4:3,2,0,1,0,0,1,0,0,0,0,0,2,15,24
58549,0:4:3;0:4:3;1:2:1;1:4:3,2,1,1,1,0,0,1,1,1,1,1,5,11,14
58550,0:4:3;0:4:3;1:2:1;1:4:3,2,2,1,1,0,0,1,1,1,1,1,5,11,14
58551,0:4:3;0:4:3;1:2:1;1:4:3,2,3,1,1,1,0,1,1,1,1,1,5,11,4
58552,0:4:3;0:4:3;1:2:1;1:4:3,2,4,1,1,1,0,1,1,1,1,1,5,11,3
58553,0:4:3;0:4:3;1:2:1;1:4:3,2,5,1,1,1,0,1,1,1,1,1,5,11,3
58554,0:4:3;0:4:3;1:2:1;1:4:3,3,0,1,1,0,1,0,0,1,0,1,6,29,20
58555,0:4:3;0:4:3;1:2:1;1:4:3,3,1,1,1,0,0,1,1,1,1,1,5,11,14
58556,0:4:3;0:4:3;1:2:1;1:4:3,3,2,1,1,1,0,1,1,1,1,1,5,11,14
58557,0:4:3;0:4:3;1:2:1;1:4:3,3,3,1,1,1,0,1,1,1,1,1,5,11,4
58558,0:4:3;0:4:3;1:2:1;1:4:3,3,4,1,1,1,0,1,1,1,1,1,5,11,3
58559,0:4:3;0:4:3;1:2:1;1:4:3,3,5,1,1,1,0,1,1,1,1,1,5,11,3
58560,0:4:3;0:4:3;1:2:1;1:4:3,4,0,1,1,0,0,1,1,1,1,1,5,11,17
58561,0:4:3;0:4:3;1:2:1;1:4:3,4,1,1,1,1,0,1,1,1,1,1,5,11,14
58562,0:4:3;0:4:3;1:2:1;1:4:3,4,2,1,1,1,0,1,1,1,1,1,5,11,14
58563,0:4:3;0:4:3;1:2:1;1:4:3,4,3,1,1,1,0,1,1,1,1,1,5,11,4
58564,0:4:3;0:4:3;1:2:1;1:4:3,4,4,1,1,1,0,1,1,1,1,1,5,11,3
58565,0:4:3;0:4:3;1:2:1;1:4:3,4,5,1,1,1,0,1,1,1,1,1,5,11,3
58566,0:4:3;0:4:3;1:2:1;1:4:3,5,0,1,1,1,0,1,1,1,1,1,5,11,17
58567,0:4:3;0:4:3;1:2:1;1:4:3,5,1,1,1,1,0,1,1,1,1,1,5,11,14
58568,0:4:3;0:4:3;1:2:1;1:4:3,5,2,1,1,1,0,1,1,1,1,1,5,11,14
58569,0:4:3;0:4:3;1:2:1;1:4:3,5,3,1,1,1,0,1,1,1,1,1,5,11,4
58570,0:4:3;0:4:3;1:2:1;1:4:3,5,4,1,1,1,0,1,1,1,1,1,5,11,3
58571,0:4:3;0:4:3;1:2:1;1:4:3,5,5,1,1,1,0,1,1,1,1,1,5,11,3
58572,0:4:3;0:4:3;1:2:2;1:2:2,0,0,0,0,0,1,0,0,0,0,0,0,1,24
58573,0:4:3;0:4:3;1:2:2;1:2:2,0,1,0,0,0,1,0,0,0,0,0,0,3,24
58574,0:4:3;0:4:3;1:2:2;1:2:2,0,2,1,0,0,1,0,0,0,0,0,1,6,24
58575,0:4:3;0:4:3;1:2:2;1:2:2,0,3,1,1,0,0,1,1,1,1,1,5,11,4
58576,0:4:3;0:4:3;1:2:2;1:2:2,0,4,1,1,1,0,1,1,1,1,1,5,11,3
58577,0:4:3;0:4:3;1:2:2;1:2:2,0,5,1,1,1,0,1,1,1,1,1,5,11,3
58578,0:4:3;0:4:3;1:2:2;1:2:2,1,0,0,0,0,1,0,0,0,0,0,0,3,24
58579,0:4:3;0:4:3;1:2:2;1:2:2,1,1,0,0,0,1,0,0,0,0,0,0,9,24
58580,0:4:3;0:4:3;1:2:2;1:2:2,1,2,1,0,0,1,0,0,0,0,0,1,18,24
58581,0:4:3;0:4:3;1:2:2;1:2:2,1,3,1,1,1,0,1,1,1,1,1,5,11,4
58582,0:4:3;0:4:3;1:2:2;1:2:2,1,4,1,1,1,0,1,1,1,1,1,5,11,3
58583,0:4:3;0:4:3;1:2:2;1:2:2,1,5,1,1,1,0,1,1,1,1,1,5,11,3
58584,0:4:3;0:4:3;1:2:2;1:2:2,2,0,0,0,0,1,0,0,0,0,0,0,16,24
58585,0:4:3;0:4:3;1:2:2;1:2:2,2,1,0,0,0,1,0,0,0,0,0,0,42,24
58586,0:4:3;0:4:3;1:2:2;1:2:2,2,2,1,1,1,0,1,1,1,1,1,5,11,14
58587,0:4:3;0:4:3;1:2:2;1:2:2,2,3,1,1,1,0,1,1,1,1,1,5,11,4
58588,0:4:3;0:4:3;1:2:2;1:2:2,2,4,1,1,1,0,1,1,1,1,1,5,11,3
58589,0:4:3;0:4:3;1:2:2;1:2:2,2,5,1,1,1,0,1,1,1,1,1,5,11,3
58590,0:4:3;0:4:3;1:2:2;1:2:2,3,0,0,0,0,1,0,0,0,0,0,0,28,24
58591,0:4:3;0:4:3;1:2:2;1:2:2,3,1,0,0,0,1,0,0,0,0,0,0,58,24
58592,0:4:3;0:4:3;1:2:2;1:2:2,3,2,1,1,1,0,1,1,1,1,1,5,11,14
58593,0:4:3;0:4:3;1:2:2;1:2:2,3,3,1,1,1,0,1,1,1,1,1,5,11,4
58594,0:4:3;0:4:3;1:2:2;1:2:2,3,4,1,1,1,0,1,1,1,1,1,5,11,3
58595,0:4:3;0:4:3;1:2:2;1:2:2,3,5,1,1,1,0,1,1,1,1,1,5,11,3
58596,0:4:3;0:4:3;1:2:2;1:2:2,4,0,0,0,0,1,0,0,0,0,0,0,41,24
58597,0:4:3;0:4:3;1:2:2;1:2:2,4,1,0,0,0,1,0,0,0,0,0,0,67,24
58598,0:4:3;0:4:3;1:2:2;1:2:2,4,2,1,1,1,0,1,1,1,1,1,5,11,14
58599,0:4:3;0:4:3;1:2:2;1:2:2,4,3,1,1,1,0,1,1,1,1,1,5,11,4
58600,0:4:3;0:4:3;1:2:2;1:2:2,4,4,1,1,1,0,1,1,1,1,1,5,11,3
58601,0:4:3;0:4:3;1:2:2;1:2:2,4,5,1,1,1,0,1,1,1,1,1,5,11,3
58602,0:4:3;0:4:3;1:2:2;1:2:2,5,0,0,0,0,1,0,0,0,0,0,0,41,24
58603,0:4:3;0:4:3;1:2:2;1:2:2,5,1,0,0,0,1,0,0,0,0,0,0,67,24
58604,0:4:3;0:4:3;1:2:2;1:2:2,5,2,1,1,1,0,1,1,1,1,1,5,11,14
58605,0:4:3;0:4:3;1:2:2;1:2:2,5,3,1,1,1,0,1,1,1,1,1,5,11,4
58606,0:4:3;0:4:3;1:2:2;1:2:2,5,4,1,1,1,0,1,1,1,1,1,5,11,3
58607,0:4:3;0:4:3;1:2:2;1:2:2,5,5,1,1,1,0,1,1,1,1,1,5,11,3
58608,0:4:3;0:4:3;1:2:2;1:3:2,0,0,0,0,0,1,0,0,0,0,0,0,1,24
58609,0:4:3;0:4:3;1:2:2;1:3:2,0,1,1,0,0,1,0,0,0,0,0,1,3,24
58610,0:4:3;0:4:3;1:2:2;1:3:2,0,2,1,0,0,1,0,0,0,0,0,1,6,24
58611,0:4:3;0:4:3;1:2:2;1:3:2,0,3,1,1,0,0,1,1,1,1,1,5,11,4
58612,0:4:3;0:4:3;1:2:2;1:3:2,0,4,1,1,1,0,1,1,1,1,1,5,11,3
58613,0:4:3;0:4:3;1:2:2;1:3:2,0,5,1,1,1,0,1,1,1,1,1,5,11,3
58614,0:4:3;0:4:3;1:2:2;1:3:2,1,0,0,0,0,1,0,0,0,0,0,0,3,24
58615,0:4:3;0:4:3;1:2:2;1:3:2,1,1,1,0,0,1,0,0,0,0,0,1,9,24
58616,0:4:3;0:4:3;1:2:2;1:3:2,1,2,1,0,0,1,0,0,0,0,0,1,18,24
58617,0:4:3;0:4:3;1:2:2;1:3:2,1,3,1,1,1,0,1,1,1,1,1,5,11,4
58618,0:4:3;0:4:3;1:2:2;1:3:2,1,4,1,1,1,0,1,1,1,1,1,5,11,3
58619,0:4:3;0:4:3;1:2:2;1:3:2,1,5,1,1,1,0,1,1,1,1,1,5,11,3
58620,0:4:3;0:4:3;1:2:2;1:3:2,2,0,0,0,0,1,0,0,0,0,0,0,28,24
58621,0:4:3;0:4:3;1:2:2;1:3:2,2,1,1,1,0,0,1,1,1,1,1,5,11,14
58622,0:4:3;0:4:3;1:2:2;1:3:2,2,2,1,1,1,0,1,1,1,1,1,5,11,14
58623,0:4:3;0:4:3;1:2:2;1:3:2,2,3,1,1,1,0,1,1,1,1,1,5,11,4
58624,0:4:3;0:4:3;1:2:2;1:3:2,2,4,1,1,1,0,1,1,1,1,1,5,11,3
58625,0:4:3;0:4:3;1:2:2;1:3:2,2,5,1,1,1,0,1,1,1,1,1,5,11,3
58626,0:4:3;0:4:3;1:2:2;1:3:2,3,0,0,0,0,1,0,0,0,0,0,0,42,24
58627,0:4:3;0:4:3;1:2:2;1:3:2,3,1,1,1,1,0,1,1,1,1,1,5,11,14
58628,0:4:3;0:4:3;1:2:2;1:3:2,3,2,1,1,1,0,1,1,1,1,1,5,11,14
58629,0:4:3;0:4:3;1:2:2;1:3:2,3,3,1,1,1,0,1,1,1,1,1,5,11,4
58630,0:4:3;0:4:3;1:2:2;1:3:2,3,4,1,1,1,0,1,1,1,1,1,5,11,3
58631,0:4:3;0:4:3;1:2:2;1:3:2,3,5,1,1,1,0,1,1,1,1,1,5,11,3
58632,0:4:3;0:4:3;1:2:2;1:3:2,4,0,0,0,0,1,0,0,0,0,0,0,51,24
58633,0:4:3;0:4:3;1:2:2;1:3:2,4,1,1,1,1,0,1,1,1,1,1,5,11,14
58634,0:4:3;0:4:3;1:2:2;1:3:2,4,2,1,1,1,0,1,1,1,1,1,5,11,14
58635,0:4:3;0:4:3;1:2:2;1:3:2,4,3,1,1,1,0,1,1,1,1,1,5,11,4
58636,0:4:3;0:4:3;1:2:2;1:3:2,4,4,1,1,1,0,1,1,1,1,1,5,11,3
58637,0:4:3;0:4:3;1:2:2;1:3:2,4,5,1,1,1,0,1,1,1,1,1,5,11,3
58638,0:4:3;0:4:3;1:2:2;1:3:2,5,0,0,0,0,1,0,0,0,0,0,0,51,24
58639,0:4:3;0:4:3;1:2:2;1:3:2,5,1,1,1,1,0,1,1,1,1,1,5,11,14
58640,0:4:3;0:4:3;1:2:2;1:3:2,5,2,1,1,1,0,1,1,1,1,1,5,11,14
58641,0:4:3;0:4:3;1:2:2;1:3:2,5,3,1,1,1,0,1,1,1,1,1,5,11,4
58642,0:4:3;0:4:3;1:2:2;1:3:2,5,4,1,1,1,0,1,1,1,1,1,5,11,3
58643,0:4:3;0:4:3;1:2:2;1:3:2,5,5,1,1,1,0,1,1,1,1,1,5,11,3
58644,0:4:3;0:4:3;1:2:2;1:3:3,0,0,0,0,0,1,0,0,0,0,0,0,1,24
58645,0:4:3;0:4:3;1:2:2;1:3:3,0,1,1,0,0,1,0,0,0,0,0,1,3,24
58646,0:4:3;0:4:3;1:2:2;1:3:3,0,2,1,0,0,1,0,0,0,0,0,1,6,24
58647,0:4:3;0:4:3;1:2:2;1:3:3,0,3,1,1,0,1,0,0,1,0,1,6,21,5
58648,0:4:3;0:4:3;1:2:2;1:3:3,0,4,1,1,0,0,1,1,1,1,1,5,12,3
58649,0:4:3;0:4:3;1:2:2;1:3:3,0,5,1,1,1,0,1,1,1,1,1,5,12,3
58650,0:4:3;0:4:3;1:2:2;1:3:3,1,0,0,0,0,1,0,0,0,0,0,0,3,24
58651,0:4:3;0:4:3;1:2:2;1:3:3,1,1,1,0,0,1,0,0,0,0,0,1,9,24
58652,0:4:3;0:4:3;1:2:2;1:3:3,1,2,1,0,0,1,0,0,0,0,0,1,18,24
58653,0:4:3;0:4:3;1:2:2;1:3:3,1,3,1,1,0,0,1,1,1,1,1,5,12,4
58654,0:4:3;0:4:3;1:2:2;1:3:3,1,4,1,1,1,0,1,1,1,1,1,5,12,3
58655,0:4:3;0:4:3;1:2:2;1:3:3,1,5,1,1,1,0,1,1,1,1,1,5,12,3
58656,0:4:3;0:4:3;1:2:2;1:3:3,2,0,0,0,0,1,0,0,0,0,0,0,11,24
58657,0:4:3;0:4:3;1:2:2;1:3:3,2,1,1,1,0,0,1,1,1,1,1,5,12,14
58658,0:4:3;0:4:3;1:2:2;1:3:3,2,2,1,1,0,0,1,1,1,1,1,5,12,14
58659,0:4:3;0:4:3;1:2:2;1:3:3,2,3,1,1,1,0,1,1,1,1,1,5,12,4
58660,0:4:3;0:4:3;1:2:2;1:3:3,2,4,1,1,1,0,1,1,1,1,1,5,12,3
58661,0:4:3;0:4:3;1:2:2;1:3:3,2,5,1,1,1,0,1,1,1,1,1,5,12,3
58662,0:4:3;0:4:3;1:2:2;1:3:3,3,0,0,0,0,1,0,0,0,0,0,0,36,24
58663,0:4:3;0:4:3;1:2:2;1:3:3,3,1,1,1,0,0,1,1,1,1,1,5,12,14
58664,0:4:3;0:4:3;1:2:2;1:3:3,3,2,1,1,1,0,1,1,1,1,1,5,12,14
58665,0:4:3;0:4:3;1:2:2;1:3:3,3,3,1,1,1,0,1,1,1,1,1,5,12,4
58666,0:4:3;0:4:3;1:2:2;1:3:3,3,4,1,1,1,0,1,1,1,1,1,5,12,3
58667,0:4:3;0:4:3;1:2:2;1:3:3,3,5,1,1,1,0,1,1,1,1,1,5,12,3
58668,0:4:3;0:4:3;1:2:2;1:3:3,4,0,0,0,0,1,0,0,0,0,0,0,50,24
58669,0:4:3;0:4:3;1:2:2;1:3:3,4,1,1,1,1,0,1,1,1,1,1,5,12,14
58670,0:4:3;0:4:3;1:2:2;1:3:3,4,2,1,1,1,0,1,1,1,1,1,5,12,14
58671,0:4:3;0:4:3;1:2:2;1:3:3,4,3,1,1,1,0,1,1,1,1,1,5,12,4
58672,0:4:3;0:4:3;1:2:2;1:3:3,4,4,1,1,1,0,1,1,1,1,1,5,12,3
58673,0:4:3;0:4:3;1:2:2;1:3:3,4,5,1,1,1,0,1,1,1,1,1,5,12,3
58674,0:4:3;0:4:3;1:2:2;1:3:3,5,0,0,0,0,1,0,0,0,0,0,0,59,24
58675,0:4:3;0:4:3;1:2:2;1:3:3,5,1,1,1,1,0,1,1,1,1,1,5,12,14
58676,0:4:3;0:4:3;1:2:2;1:3:3,5,2,1,1,1,0,1,1,1,1,1,5,12,14
58677,0:4:3;0:4:3;1:2:2;1:3:3,5,3,1,1,1,0,1,1,1,1,1,5,12,4
58678,0:4:3;0:4:3;1:2:2;1:3:3,5,4,1,1,1,0,1,1,1,1,1,5,12,3
58679,0:4:3;0:4:3;1:2:2;1:3:3,5,5,1,1,1,0,1,1,1,1,1,5,12,3
58680,0:4:3;0:4:3;1:2:2;1:4:3,0,0,1,0,0,1,0,0,0,0,0,1,1,24
58681,0:4:3;0:4:3;1:2:2;1:4:3,0,1,1,0,0,1,0,0,0,0,0,1,3,24
58682,0:4:3;0:4:3;1:2:2;1:4:3,0,2,1,0,0,1,0,0,0,0,0,1,6,24
58683,0:4:3;0:4:3;1:2:2;1:4:3,0,3,1,1,0,1,0,0,1,1,1,6,21,5
58684,0:4:3;0:4:3;1:2:2;1:4:3,0,4,1,1,0,0,1,1,1,1,1,5,12,3
58685,0:4:3;0:4:3;1:2:2;1:4:3,0,5,1,1,1,0,1,1,1,1,1,5,12,3
58686,0:4:3;0:4:3;1:2:2;1:4:3,1,0,1,0,0,1,0,0,0,0,0,1,3,24
58687,0:4:3;0:4:3;1:2:2;1:4:3,1,1,1,0,0,1,0,0,0,0,0,1,9,24
58688,0:4:3;0:4:3;1:2:2;1:4:3,1,2,1,0,0,1,0,0,0,0,0,1,18,24
58689,0:4:3;0:4:3;1:2:2;1:4:3,1,3,1,1,0,0,1,1,1,1,1,5,12,4
58690,0:4:3;0:4:3;1:2:2;1:4:3,1,4,1,1,1,0,1,1,1,1,1,5,12,3
58691,0:4:3;0:4:3;1:2:2;1:4:3,1,5,1,1,1,0,1,1,1,1,1,5,12,3
58692,0:4:3;0:4:3;1:2:2;1:4:3,2,0,1,0,0,1,0,0,0,0,0,2,11,24
58693,0:4:3;0:4:3;1:2:2;1:4:3,2,1,1,1,0,0,1,1,1,1,1,5,12,14
58694,0:4:3;0:4:3;1:2:2;1:4:3,2,2,1,1,0,0,1,1,1,1,1,5,12,14
58695,0:4:3;0:4:3;1:2:2;1:4:3,2,3,1,1,1,0,1,1,1,1,1,5,12,4
58696,0:4:3;0:4:3;1:2:2;1:4:3,2,4,1,1,1,0,1,1,1,1,1,5,12,3
58697,0:4:3;0:4:3;1:2:2;1:4:3,2,5,1,1,1,0,1,1,1,1,1,5,12,3
58698,0:4:3;0:4:3;1:2:2;1:4:3,3,0,1,1,0,1,0,0,1,1,1,6,27,20
58699,0:4:3;0:4:3;1:2:2;1:4:3,3,1,1,1,0,0,1,1,1,1,1,5,12,14
58700,0:4:3;0:4:3;1:2:2;1:4:3,3,2,1,1,1,0,1,1,1,1,1,5,12,14
58701,0:4:3;0:4:3;1:2:2;1:4:3,3,3,1,1,1,0,1,1,1,1,1,5,12,4
58702,0:4:3;0:4:3;1:2:2;1:4:3,3,4,1,1,1,0,1,1,1,1,1,5,12,3
58703,0:4:3;0:4:3;1:2:2;1:4:3,3,5,1,1,1,0,1,1,1,1,1,5,12,3
58704,0:4:3;0:4:3;1:2:2;1:4:3,4,0,1,1,0,1,0,0,1,1,1,6,30,20
58705,0:4:3;0:4:3;1:2:2;1:4:3,4,1,1,1,1,0,1,1,1,1,1,5,12,14
58706,0:4:3;0:4:3;1:2:2;1:4:3,4,2,1,1,1,0,1,1,1,1,1,5,12,14
58707,0:4:3;0:4:3;1:2:2;1:4:3,4,3,1,1,1,0,1,1,1,1,1,5,12,4
58708,0:4:3;0:4:3;1:2:2;1:4:3,4,4,1,1,1,0,1,1,1,1,1,5,12,3
58709,0:4:3;0:4:3;1:2:2;1:4:3,4,5,1,1,1,0,1,1,1,1,1,5,12,3
58710,0:4:3;0:4:3;1:2:2;1:4:3,5,0,1,1,1,0,1,1,1,1,1,5,12,17
58711,0:4:3;0:4:3;1:2:2;1:4:3,5,1,1,1,1,0,1,1,1,1,1,5,12,14
58712,0:4:3;0:4:3;1:2:2;1:4:3,5,2,1,1,1,0,1,1,1,1,1,5,12,14
58713,0:4:3;0:4:3;1:2:2;1:4:3,5,3,1,1,1,0,1,1,1,1,1,5,12,4
58714,0:4:3;0:4:3;1:2:2;1:4:3,5,4,1,1,1,0,1,1,1,1,1,5,12,3
58715,0:4:3;0:4:3;1:2:2;1:4:3,5,5,1,1,1,0,1,1,1,1,1,5,12,3
58716,0:4:3;0:4:3;1:3:2;1:3:2,0,0,1,0,0,1,0,0,0,0,0,1,1,24
58717,0:4:3;0:4:3;1:3:2;1:3:2,0,1,1,0,0,1,0,0,0,0,0,1,3,24
58718,0:4:3;0:4:3;1:3:2;1:3:2,0,2,1,0,0,1,0,0,0,0,0,1,6,24
58719,0:4:3;0:4:3;1:3:2;1:3:2,0,3,1,1,0,0,1,1,1,1,1,5,11,3
58720,0:4:3;0:4:3;1:3:2;1:3:2,0,4,1,1,1,0,1,1,1,1,1,5,11,3
58721,0:4:3;0:4:3;1:3:2;1:3:2,0,5,1,1,1,0,1,1,1,1,1,5,11,3
58722,0:4:3;0:4:3;1:3:2;1:3:2,1,0,1,0,0,1,0,0,0,0,0,1,3,24
58723,0:4:3;0:4:3;1:3:2;1:3:2,1,1,1,0,0,1,0,0,0,0,0,1,9,24
58724,0:4:3;0:4:3;1:3:2;1:3:2,1,2,1,0,0,1,0,0,0,0,0,1,18,24
58725,0:4:3;0:4:3;1:3:2;1:3:2,1,3,1,1,1,0,1,1,1,1,1,5,11,3
58726,0:4:3;0:4:3;1:3:2;1:3:2,1,4,1,1,1,0,1,1,1,1,1,5,11,3
58727,0:4:3;0:4:3;1:3:2;1:3:2,1,5,1,1,1,0,1,1,1,1,1,5,11,3
58728,0:4:3;0:4:3;1:3:2;1:3:2,2,0,1,1,0,0,1,1,1,1,1,5,11,14
58729,0:4:3;0:4:3;1:3:2;1:3:2,2,1,1,1,0,0,1,1,1,1,1,5,11,14
58730,0:4:3;0:4:3;1:3:2;1:3:2,2,2,1,1,1,0,1,1,1,1,1,5,11,14
58731,0:4:3;0:4:3;1:3:2;1:3:2,2,3,1,1,1,0,1,1,1,1,1,5,11,3
58732,0:4:3;0:4:3;1:3:2;1:3:2,2,4,1,1,1,0,1,1,1,1,1,5,11,3
58733,0:4:3;0:4:3;1:3:2;1:3:2,2,5,1,1,1,0,1,1,1,1,1,5,11,3
58734,0:4:3;0:4:3;1:3:2;1:3:2,3,0,1,1,0,0,1,1,1,1,1,5,11,14
58735,0:4:3;0:4:3;1:3:2;1:3:2,3,1,1,1,1,0,1,1,1,1,1,5,11,14
58736,0:4:3;0:4:3;1:3:2;1:3:2,3,2,1,1,1,0,1,1,1,1,1,5,11,14
58737,0:4:3;0:4:3;1:3:2;1:3:2,3,3,1,1,1,0,1,1,1,1,1,5,11,3
58738,0:4:3;0:4:3;1:3:2;1:3:2,3,4,1,1,1,0,1,1,1,1,1,5,11,3
58739,0:4:3;0:4:3;1:3:2;1:3:2,3,5,1,1,1,0,1,1,1,1,1,5,11,3
58740,0:4:3;0:4:3;1:3:2;1:3:2,4,0,1,1,1,0,1,1,1,1,1,5,11,14
58741,0:4:3;0:4:3;1:3:2;1:3:2,4,1,1,1,1,0,1,1,1,1,1,5,11,14
58742,0:4:3;0:4:3;1:3:2;1:3:2,4,2,1,1,1,0,1,1,1,1,1,5,11,14
58743,0:4:3;0:4:3;1:3:2;1:3:2,4,3,1,1,1,0,1,1,1,1,1,5,11,3
58744,0:4:3;0:4:3;1:3:2;1:3:2,4,4,1,1,1,0,1,1,1,1,1,5,11,3
58745,0:4:3;0:4:3;1:3:2;1:3:2,4,5,1,1,1,0,1,1,1,1,1,5,11,3
58746,0:4:3;0:4:3;1:3:2;1:3:2,5,0,1,1,1,0,1,1,1,1,1,5,11,14
58747,0:4:3;0:4:3;1:3:2;1:3:2,5,1,1,1,1,0,1,1,1,1,1,5,11,14
58748,0:4:3;0:4:3;1:3:2;1:3:2,5,2,1,1,1,0,1,1,1,1,1,5,11,14
58749,0:4:3;0:4:3;1:3:2;1:3:2,5,3,1,1,1,0,1,1,1,1,1,5,11,3
58750,0:4:3;0:4:3;1:3:2;1:3:2,5,4,1,1,1,0,1,1,1,1,1,5,11,3
58751,0:4:3;0:4:3;1:3:2;1:3:2,5,5,1,1,1,0,1,1,1,1,1,5,11,3
58752,0:4:3;0:4:3;1:3:2;1:3:3,0,0,1,0,0,1,0,0,0,0,0,1,1,24
58753,0:4:3;0:4:3;1:3:2;1:3:3,0,1,1,0,0,1,0,0,0,0,0,1,3,24
58754,0:4:3;0:4:3;1:3:2;1:3:3,0,2,1,0,0,1,0,0,0,0,0,1,6,24
58755,0:4:3;0:4:3;1:3:2;1:3:3,0,3,1,1,0,0,1,1,1,1,1,5,12,3
58756,0:4:3;0:4:3;1:3:2;1:3:3,0,4,1,1,0,0,1,1,1,1,1,5,12,3
58757,0:4:3;0:4:3;1:3:2;1:3:3,0,5,1,1,1,0,1,1,1,1,1,5,12,3
58758,0:4:3;0:4:3;1:3:2;1:3:3,1,0,1,0,0,1,0,0,0,0,0,1,3,24
58759,0:4:3;0:4:3;1:3:2;1:3:3,1,1,1,0,0,1,0,0,0,0,0,1,9,24
58760,0:4:3;0:4:3;1:3:2;1:3:3,1,2,1,0,0,1,0,0,0,0,0,1,18,24
58761,0:4:3;0:4:3;1:3:2;1:3:3,1,3,1,1,0,0,1,1,1,1,1,5,12,3
58762,0:4:3;0:4:3;1:3:2;1:3:3,1,4,1,1,1,0,1,1,1,1,1,5,12,3
58763,0:4:3;0:4:3;1:3:2;1:3:3,1,5,1,1,1,0,1,1,1,1,1,5,12,3
58764,0:4:3;0:4:3;1:3:2;1:3:3,2,0,1,1,0,0,1,1,1,1,1,5,12,14
58765,0:4:3;0:4:3;1:3:2;1:3:3,2,1,1,1,0,0,1,1,1,1,1,5,12,14
58766,0:4:3;0:4:3;1:3:2;1:3:3,2,2,1,1,0,0,1,1,1,1,1,5,12,14
58767,0:4:3;0:4:3;1:3:2;1:3:3,2,3,1,1,1,0,1,1,1,1,1,5,12,3
58768,0:4:3;0:4:3;1:3:2;1:3:3,2,4,1,1,1,0,1,1,1,1,1,5,12,3
58769,0:4:3;0:4:3;1:3:2;1:3:3,2,5,1,1,1,0,1,1,1,1,1,5,12,3
58770,0:4:3;0:4:3;1:3:2;1:3:3,3,0,1,1,0,0,1,1,1,1,1,5,12,14
58771,0:4:3;0:4:3;1:3:2;1:3:3,3,1,1,1,0,0,1,1,1,1,1,5,12,14
58772,0:4:3;0:4:3;1:3:2;1:3:3,3,2,1,1,1,0,1,1,1,1,1,5,12,14
58773,0:4:3;0:4:3;1:3:2;1:3:3,3,3,1,1,1,0,1,1,1,1,1,5,12,3
58774,0:4:3;0:4:3;1:3:2;1:3:3,3,4,1,1,1,0,1,1,1,1,1,5,12,3
58775,0:4:3;0:4:3;1:3:2;1:3:3,3,5,1,1,1,0,1,1,1,1,1,5,12,3
58776,0:4:3;0:4:3;1:3:2;1:3:3,4,0,1,1,0,0,1,1,1,1,1,5,12,14
58777,0:4:3;0:4:3;1:3:2;1:3:3,4,1,1,1,1,0,1,1,1,1,1,5,12,14
58778,0:4:3;0:4:3;1:3:2;1:3:3,4,2,1,1,1,0,1,1,1,1,1,5,12,14
58779,0:4:3;0:4:3;1:3:2;1:3:3,4,3,1,1,1,0,1,1,1,1,1,5,12,3
58780,0:4:3;0:4:3;1:3:2;1:3:3,4,4,1,1,1,0,1,1,1,1,1,5,12,3
58781,0:4:3;0:4:3;1:3:2;1:3:3,4,5,1,1,1,0,1,1,1,1,1,5,12,3
58782,0:4:3;0:4:3;1:3:2;1:3:3,5,0,1,1,1,0,1,1,1,1,1,5,12,14
58783,0:4:3;0:4:3;1:3:2;1:3:3,5,1,1,1,1,0,1,1,1,1,1,5,12,14
58784,0:4:3;0:4:3;1:3:2;1:3:3,5,2,1,1,1,0,1,1,1,1,1,5,12,14
58785,0:4:3;0:4:3;1:3:2;1:3:3,5,3,1,1,1,0,1,1,1,1,1,5,12,3
58786,0:4:3;0:4:3;1:3:2;1:3:3,5,4,1,1,1,0,1,1,1,1,1,5,12,3
58787,0:4:3;0:4:3;1:3:2;1:3:3,5,5,1,1,1,0,1,1,1,1,1,5,12,3
58788,0:4:3;0:4:3;1:3:2;1:4:3,0,0,1,0,0,1,0,0,0,0,0,1,1,24
58789,0:4:3;0:4:3;1:3:2;1:4:3,0,1,1,0,0,1,0,0,0,0,0,1,3,24
58790,0:4:3;0:4:3;1:3:2;1:4:3,0,2,1,0,0,1,0,0,0,0,0,1,6,24
58791,0:4:3;0:4:3;1:3:2;1:4:3,0,3,1,1,0,0,1,1,1,1,1,5,12,3
58792,0:4:3;0:4:3;1:3:2;1:4:3,0,4,1,1,0,0,1,1,1,1,1,5,12,3
58793,0:4:3;0:4:3;1:3:2;1:4:3,0,5,1,1,1,0,1,1,1,1,1,5,12,3
58794,0:4:3;0:4:3;1:3:2;1:4:3,1,0,1,0,0,1,0,0,0,0,0,1,3,24
58795,0:4:3;0:4:3;1:3:2;1:4:3,1,1,1,0,0,1,0,0,0,0,0,1,9,24
58796,0:4:3;0:4:3;1:3:2;1:4:3,1,2,1,0,0,1,0,0,0,0,0,1,18,24
58797,0:4:3;0:4:3;1:3:2;1:4:3,1,3,1,1,0,0,1,1,1,1,1,5,12,3
58798,0:4:3;0:4:3;1:3:2;1:4:3,1,4,1,1,1,0,1,1,1,1,1,5,12,3
58799,0:4:3;0:4:3;1:3:2;1:4:3,1,5,1,1,1,0,1,1,1,1,1,5,12,3
58800,0:4:3;0:4:3;1:3:2;1:4:3,2,0,1,1,0,0,1,1,1,1,1,5,12,14
58801,0:4:3;0:4:3;1:3:2;1:4:3,2,1,1,1,0,0,1,1,1,1,1,5,12,14
58802,0:4:3;0:4:3;1:3:2;1:4:3,2,2,1,1,0,0,1,1,1,1,1,5,12,14
58803,0:4:3;0:4:3;1:3:2;1:4:3,2,3,1,1,1,0,1,1,1,1,1,5,12,3
58804,0:4:3;0:4:3;1:3:2;1:4:3,2,4,1,1,1,0,1,1,1,1,1,5,12,3
58805,0:4:3;0:4:3;1:3:2;1:4:3,2,5,1,1,1,0,1,1,1,1,1,5,12,3
58806,0:4:3;0:4:3;1:3:2;1:4:3,3,0,1,1,0,0,1,1,1,1,1,5,12,14
58807,0:4:3;0:4:3;1:3:2;1:4:3,3,1,1,1,0,0,1,1,1,1,1,5,12,14
58808,0:4:3;0:4:3;1:3:2;1:4:3,3,2,1,1,1,0,1,1,1,1,1,5,12,14
58809,0:4:3;0:4:3;1:3:2;1:4:3,3,3,1,1,1,0,1,1,1,1,1,5,12,3
58810,0:4:3;0:4:3;1:3:2;1:4:3,3,4,1,1,1,0,1,1,1,1,1,5,12,3
58811,0:4:3;0:4:3;1:3:2;1:4:3,3,5,1,1,1,0,1,1,1,1,1,5,12,3
58812,0:4:3;0:4:3;1:3:2;1:4:3,4,0,1,1,0,0,1,1,1,1,1,5,12,14
58813,0:4:3;0:4:3;1:3:2;1:4:3,4,1,1,1,1,0,1,1,1,1,1,5,12,14
58814,0:4:3;0:4:3;1:3:2;1:4:3,4,2,1,1,1,0,1,1,1,1,1,5,12,14
58815,0:4:3;0:4:3;1:3:2;1:4:3,4,3,1,1,1,0,1,1,1,1,1,5,12,3
58816,0:4:3;0:4:3;1:3:2;1:4:3,4,4,1,1,1,0,1,1,1,1,1,5,12,3
58817,0:4:3;0:4:3;1:3:2;1:4:3,4,5,1,1,1,0,1,1,1,1,1,5,12,3
58818,0:4:3;0:4:3;1:3:2;1:4:3,5,0,1,1,1,0,1,1,1,1,1,5,12,14
58819,0:4:3;0:4:3;1:3:2;1:4:3,5,1,1,1,1,0,1,1,1,1,1,5,12,14
58820,0:4:3;0:4:3;1:3:2;1:4:3,5,2,1,1,1,0,1,1,1,1,1,5,12,14
58821,0:4:3;0:4:3;1:3:2;1:4:3,5,3,1,1,1,0,1,1,1,1,1,5,12,3
58822,0:4:3;0:4:3;1:3:2;1:4:3,5,4,1,1,1,0,1,1,1,1,1,5,12,3
58823,0:4:3;0:4:3;1:3:2;1:4:3,5,5,1,1,1,0,1,1,1,1,1,5,12,3
58824,0:4:3;0:4:3;1:3:3;1:3:3,0,0,1,0,0,1,0,0,0,0,0,1,1,24
58825,0:4:3;0:4:3;1:3:3;1:3:3,0,1,1,0,0,1,0,0,0,0,0,1,3,24
58826,0:4:3;0:4:3;1:3:3;1:3:3,0,2,1,0,0,1,0,0,0,0,0,1,6,24
58827,0:4:3;0:4:3;1:3:3;1:3:3,0,3,1,1,0,0,1,1,1,1,1,5,13,3
58828,0:4:3;0:4:3;1:3:3;1:3:3,0,4,1,1,0,0,1,1,1,1,1,5,13,3
58829,0:4:3;0:4:3;1:3:3;1:3:3,0,5,1,1,1,0,1,1,1,1,1,5,13,3
58830,0:4:3;0:4:3;1:3:3;1:3:3,1,0,1,0,0,1,0,0,0,0,0,1,3,24
58831,0:4:3;0:4:3;1:3:3;1:3:3,1,1,1,0,0,1,0,0,0,0,0,1,9,24
58832,0:4:3;0:4:3;1:3:3;1:3:3,1,2,1,0,0,1,0,0,0,0,0,1,18,24
58833,0:4:3;0:4:3;1:3:3;1:3:3,1,3,1,1,0,0,1,1,1,1,1,5,13,3
58834,0:4:3;0:4:3;1:3:3;1:3:3,1,4,1,1,1,0,1,1,1,1,1,5,13,3
58835,0:4:3;0:4:3;1:3:3;1:3:3,1,5,1,1,1,0,1,1,1,1,1,5,13,3
58836,0:4:3;0:4:3;1:3:3;1:3:3,2,0,1,0,0,1,0,0,0,0,0,1,6,24
58837,0:4:3;0:4:3;1:3:3;1:3:3,2,1,1,0,0,1,0,0,0,0,0,1,18,24
58838,0:4:3;0:4:3;1:3:3;1:3:3,2,2,1,0,0,1,0,0,0,0,0,1,36,24
58839,0:4:3;0:4:3;1:3:3;1:3:3,2,3,1,1,1,0,1,1,1,1,1,5,13,3
58840,0:4:3;0:4:3;1:3:3;1:3:3,2,4,1,1,1,0,1,1,1,1,1,5,13,3
58841,0:4:3;0:4:3;1:3:3;1:3:3,2,5,1,1,1,0,1,1,1,1,1,5,13,3
58842,0:4:3;0:4:3;1:3:3;1:3:3,3,0,1,1,0,0,1,1,1,1,1,5,13,14
58843,0:4:3;0:4:3;1:3:3;1:3:3,3,1,1,1,0,0,1,1,1,1,1,5,13,14
58844,0:4:3;0:4:3;1:3:3;1:3:3,3,2,1,1,1,0,1,1,1,1,1,5,13,14
58845,0:4:3;0:4:3;1:3:3;1:3:3,3,3,1,1,1,0,1,1,1,1,1,5,13,3
58846,0:4:3;0:4:3;1:3:3;1:3:3,3,4,1,1,1,0,1,1,1,1,1,5,13,3
58847,0:4:3;0:4:3;1:3:3;1:3:3,3,5,1,1,1,0,1,1,1,1,1,5,13,3
58848,0:4:3;0:4:3;1:3:3;1:3:3,4,0,1,1,0,0,1,1,1,1,1,5,13,14
58849,0:4:3;0:4:3;1:3:3;1:3:3,4,1,1,1,1,0,1,1,1,1,1,5,13,14
58850,0:4:3;0:4:3;1:3:3;1:3:3,4,2,1,1,1,0,1,1,1,1,1,5,13,14
58851,0:4:3;0:4:3;1:3:3;1:3:3,4,3,1,1,1,0,1,1,1,1,1,5,13,3
58852,0:4:3;0:4:3;1:3:3;1:3:3,4,4,1,1,1,0,1,1,1,1,1,5,13,3
58853,0:4:3;0:4:3;1:3:3;1:3:3,4,5,1,1,1,0,1,1,1,1,1,5,13,3
58854,0:4:3;0:4:3;1:3:3;1:3:3,5,0,1,1,1,0,1,1,1,1,1,5,13,14
58855,0:4:3;0:4:3;1:3:3;1:3:3,5,1,1,1,1,0,1,1,1,1,1,5,13,14
58856,0:4:3;0:4:3;1:3:3;1:3:3,5,2,1,1,1,0,1,1,1,1,1,5,13,14
58857,0:4:3;0:4:3;1:3:3;1:3:3,5,3,1,1,1,0,1,1,1,1,1,5,13,3
58858,0:4:3;0:4:3;1:3:3;1:3:3,5,4,1,1,1,0,1,1,1,1,1,5,13,3
58859,0:4:3;0:4:3;1:3:3;1:3:3,5,5,1,1,1,0,1,1,1,1,1,5,13,3
58860,0:4:3;0:4:3;1:3:3;1:4:3,0,0,1,0,0,1,0,0,0,0,0,1,1,24
58861,0:4:3;0:4:3;1:3:3;1:4:3,0,1,1,0,0,1,0,0,0,0,0,1,3,24
58862,0:4:3;0:4:3;1:3:3;1:4:3,0,2,1,0,0,1,0,0,0,0,0,1,6,24
58863,0:4:3;0:4:3;1:3:3;1:4:3,0,3,1,1,0,0,1,1,1,1,1,5,13,3
58864,0:4:3;0:4:3;1:3:3;1:4:3,0,4,1,1,0,0,1,1,1,1,1,5,13,3
58865,0:4:3;0:4:3;1:3:3;1:4:3,0,5,1,1,1,0,1,1,1,1,1,5,13,3
58866,0:4:3;0:4:3;1:3:3;1:4:3,1,0,1,0,0,1,0,0,0,0,0,1,3,24
58867,0:4:3;0:4:3;1:3:3;1:4:3,1,1,1,0,0,1,0,0,0,0,0,1,9,24
58868,0:4:3;0:4:3;1:3:3;1:4:3,1,2,1,0,0,1,0,0,0,0,0,1,18,24
58869,0:4:3;0:4:3;1:3:3;1:4:3,1,3,1,1,0,0,1,1,1,1,1,5,13,3
58870,0:4:3;0:4:3;1:3:3;1:4:3,1,4,1,1,1,0,1,1,1,1,1,5,13,3
58871,0:4:3;0:4:3;1:3:3;1:4:3,1,5,1,1,1,0,1,1,1,1,1,5,13,3
58872,0:4:3;0:4:3;1:3:3;1:4:3,2,0,1,0,0,1,0,0,0,0,0,1,6,24
58873,0:4:3;0:4:3;1:3:3;1:4:3,2,1,1,0,0,1,0,0,0,0,0,1,18,24
58874,0:4:3;0:4:3;1:3:3;1:4:3,2,2,1,0,0,1,0,0,0,0,0,1,36,24
58875,0:4:3;0:4:3;1:3:3;1:4:3,2,3,1,1,1,0,1,1,1,1,1,5,13,3
58876,0:4:3;0:4:3;1:3:3;1:4:3,2,4,1,1,1,0,1,1,1,1,1,5,13,3
58877,0:4:3;0:4:3;1:3:3;1:4:3,2,5,1,1,1,0,1,1,1,1,1,5,13,3
58878,0:4:3;0:4:3;1:3:3;1:4:3,3,0,1,1,0,0,1,1,1,1,1,5,13,14
58879,0:4:3;0:4:3;1:3:3;1:4:3,3,1,1,1,0,0,1,1,1,1,1,5,13,14
58880,0:4:3;0:4:3;1:3:3;1:4:3,3,2,1,1,1,0,1,1,1,1,1,5,13,14
58881,0:4:3;0:4:3;1:3:3;1:4:3,3,3,1,1,1,0,1,1,1,1,1,5,13,3
58882,0:4:3;0:4:3;1:3:3;1:4:3,3,4,1,1,1,0,1,1,1,1,1,5,13,3
58883,0:4:3;0:4:3;1:3:3;1:4:3,3,5,1,1,1,0,1,1,1,1,1,5,13,3
58884,0:4:3;0:4:3;1:3:3;1:4:3,4,0,1,1,0,0,1,1,1,1,1,5,13,14
58885,0:4:3;0:4:3;1:3:3;1:4:3,4,1,1,1,1,0,1,1,1,1,1,5,13,14
58886,0:4:3;0:4:3;1:3:3;1:4:3,4,2,1,1,1,0,1,1,1,1,1,5,13,14
58887,0:4:3;0:4:3;1:3:3;1:4:3,4,3,1,1,1,0,1,1,1,1,1,5,13,3
58888,0:4:3;0:4:3;1:3:3;1:4:3,4,4,1,1,1,0,1,1,1,1,1,5,13,3
58889,0:4:3;0:4:3;1:3:3;1:4:3,4,5,1,1,1,0,1,1,1,1,1,5,13,3
58890,0:4:3;0:4:3;1:3:3;1:4:3,5,0,1,1,1,0,1,1,1,1,1,5,13,14
58891,0:4:3;0:4:3;1:3:3;1:4:3,5,1,1,1,1,0,1,1,1,1,1,5,13,14
58892,0:4:3;0:4:3;1:3:3;1:4:3,5,2,1,1,1,0,1,1,1,1,1,5,13,14
58893,0:4:3;0:4:3;1:3:3;1:4:3,5,3,1,1,1,0,1,1,1,1,1,5,13,3
58894,0:4:3;0:4:3;1:3:3;1:4:3,5,4,1,1,1,0,1,1,1,1,1,5,13,3
58895,0:4:3;0:4:3;1:3:3;1:4:3,5,5,1,1,1,0,1,1,1,1,1,5,13,3
58896,0:4:3;0:4:3;1:4:3;1:4:3,0,0,1,0,0,1,0,0,0,0,0,1,1,24
58897,0:4:3;0:4:3;1:4:3;1:4:3,0,1,1,0,0,1,0,0,0,0,0,1,3,24
58898,0:4:3;0:4:3;1:4:3;1:4:3,0,2,1,0,0,1,0,0,0,0,0,1,6,24
58899,0:4:3;0:4:3;1:4:3;1:4:3,0,3,1,1,0,0,1,1,1,1,1,5,13,3
58900,0:4:3;0:4:3;1:4:3;1:4:3,0,4,1,1,0,0,1,1,1,1,1,5,13,3
58901,0:4:3;0:4:3;1:4:3;1:4:3,0,5,1,1,1,0,1,1,1,1,1,5,13,3
58902,0:4:3;0:4:3;1:4:3;1:4:3,1,0,1,0,0,1,0,0,0,0,0,1,3,24
58903,0:4:3;0:4:3;1:4:3;1:4:3,1,1,1,0,0,1,0,0,0,0,0,1,9,24
58904,0:4:3;0:4:3;1:4:3;1:4:3,1,2,1,0,0,1,0,0,0,0,0,1,18,24
58905,0:4:3;0:4:3;1:4:3;1:4:3,1,3,1,1,0,0,1,1,1,1,1,5,13,3
58906,0:4:3;0:4:3;1:4:3;1:4:3,1,4,1,1,1,0,1,1,1,1,1,5,13,3
58907,0:4:3;0:4:3;1:4:3;1:4:3,1,5,1,1,1,0,1,1,1,1,1,5,13,3
58908,0:4:3;0:4:3;1:4:3;1:4:3,2,0,1,0,0,1,0,0,0,0,0,1,6,24
58909,0:4:3;0:4:3;1:4:3;1:4:3,2,1,1,0,0,1,0,0,0,0,0,1,18,24
58910,0:4:3;0:4:3;1:4:3;1:4:3,2,2,1,0,0,1,0,0,0,0,0,1,36,24
58911,0:4:3;0:4:3;1:4:3;1:4:3,2,3,1,1,1,0,1,1,1,1,1,5,13,3
58912,0:4:3;0:4:3;1:4:3;1:4:3,2,4,1,1,1,0,1,1,1,1,1,5,13,3
58913,0:4:3;0:4:3;1:4:3;1:4:3,2,5,1,1,1,0,1,1,1,1,1,5,13,3
58914,0:4:3;0:4:3;1:4:3;1:4:3,3,0,1,1,0,0,1,1,1,1,1,5,13,14
58915,0:4:3;0:4:3;1:4:3;1:4:3,3,1,1,1,0,0,1,1,1,1,1,5,13,14
58916,0:4:3;0:4:3;1:4:3;1:4:3,3,2,1,1,1,0,1,1,1,1,1,5,13,13
58917,0:4:3;0:4:3;1:4:3;1:4:3,3,3,1,1,1,0,1,1,1,1,1,5,13,3
58918,0:4:3;0:4:3;1:4:3;1:4:3,3,4,1,1,1,0,1,1,1,1,1,5,13,3
58919,0:4:3;0:4:3;1:4:3;1:4:3,3,5,1,1,1,0,1,1,1,1,1,5,13,3
58920,0:4:3;0:4:3;1:4:3;1:4:3,4,0,1,1,0,0,1,1,1,1,1,5,13,14
58921,0:4:3;0:4:3;1:4:3;1:4:3,4,1,1,1,1,0,1,1,1,1,1,5,13,14
58922,0:4:3;0:4:3;1:4:3;1:4:3,4,2,1,1,1,0,1,1,1,1,1,5,13,13
58923,0:4:3;0:4:3;1:4:3;1:4:3,4,3,1,1,1,0,1,1,1,1,1,5,13,3
58924,0:4:3;0:4:3;1:4:3;1:4:3,4,4,1,1,1,0,1,1,1,1,1,5,13,3
58925,0:4:3;0:4:3;1:4:3;1:4:3,4,5,1,1,1,0,1,1,1,1,1,5,13,3
58926,0:4:3;0:4:3;1:4:3;1:4:3,5,0,1,1,1,0,1,1,1,1,1,5,13,14
58927,0:4:3;0:4:3;1:4:3;1:4:3,5,1,1,1,1,0,1,1,1,1,1,5,13,14
58928,0:4:3;0:4:3;1:4:3;1:4:3,5,2,1,1,1,0,1,1,1,1,1,5,13,13
58929,0:4:3;0:4:3;1:4:3;1:4:3,5,3,1,1,1,0,1,1,1,1,1,5,13,3
58930,0:4:3;0:4:3;1:4:3;1:4:3,5,4,1,1,1,0,1,1,1,1,1,5,13,3
58931,0:4:3;0:4:3;1:4:3;1:4:3,5,5,1,1,1,0,1,1,1,1,1,5,13,3
58932,0:4:3;1:1:1;1:1:1;1:1:1,0,0,1,0,0,1,0,0,0,0,0,1,1,24
58933,0:4:3;1:1:1;1:1:1;1:1:1,0,1,1,0,0,1,0,0,0,0,0,1,2,24
58934,0:4:3;1:1:1;1:1:1;1:1:1,0,2,1,0,0,1,0,0,0,0,0,1,3,24
58935,0:4:3;1:1:1;1:1:1;1:1:1,0,3,1,1,1,0,1,1,1,1,1,5,7,1
58936,0:4:3;1:1:1;1:1:1;1:1:1,0,4,1,1,1,0,1,1,1,1,1,5,7,1
58937,0:4:3;1:1:1;1:1:1;1:1:1,0,5,1,1,1,0,1,1,1,1,1,5,7,1
58938,0:4:3;1:1:1;1:1:1;1:1:1,1,0,1,0,0,1,0,0,0,0,0,4,7,24
58939,0:4:3;1:1:1;1:1:1;1:1:1,1,1,1,0,0,1,0,0,0,0,0,4,11,24
58940,0:4:3;1:1:1;1:1:1;1:1:1,1,2,1,1,1,0,1,1,1,1,1,5,7,7
58941,0:4:3;1:1:1;1:1:1;1:1:1,1,3,1,1,1,0,1,1,1,1,1,5,7,1
58942,0:4:3;1:1:1;1:1:1;1:1:1,1,4,1,1,1,0,1,1,1,1,1,5,7,1
58943,0:4:3;1:1:1;1:1:1;1:1:1,1,5,1,1,1,0,1,1,1,1,1,5,7,1
58944,0:4:3;1:1:1;1:1:1;1:1:1,2,0,1,0,0,1,0,0,0,0,0,7,16,24
58945,0:4:3;1:1:1;1:1:1;1:1:1,2,1,1,1,1,0,1,1,1,1,1,5,7,9
58946,0:4:3;1:1:1;1:1:1;1:1:1,2,2,1,1,1,0,1,1,1,1,1,5,7,7
58947,0:4:3;1:1:1;1:1:1;1:1:1,2,3,1,1,1,0,1,1,1,1,1,5,7,1
58948,0:4:3;1:1:1;1:1:1;1:1:1,2,4,1,1,1,0,1,1,1,1,1,5,7,1
58949,0:4:3;1:1:1;1:1:1;1:1:1,2,5,1,1,1,0,1,1,1,1,1,5,7,1
58950,0:4:3;1:1:1;1:1:1;1:1:1,3,0,1,1,1,0,1,1,1,1,1,5,7,10
58951,0:4:3;1:1:1;1:1:1;1:1:1,3,1,1,1,1,0,1,1,1,1,1,5,7,9
58952,0:4:3;1:1:1;1:1:1;1:1:1,3,2,1,1,1,0,1,1,1,1,1,5,7,7
58953,0:4:3;1:1:1;1:1:1;1:1:1,3,3,1,1,1,0,1,1,1,1,1,5,7,1
58954,0:4:3;1:1:1;1:1:1;1:1:1,3,4,1,1,1,0,1,1,1,1,1,5,7,1
58955,0:4:3;1:1:1;1:1:1;1:1:1,3,5,1,1,1,0,1,1,1,1,1,5,7,1
58956,0:4:3;1:1:1;1:1:1;1:1:1,4,0,1,1,1,0,1,1,1,1,1,5,7,10
58957,0:4:3;1:1:1;1:1:1;1:1:1,4,1,1,1,1,0,1,1,1,1,1,5,7,9
58958,0:4:3;1:1:1;1:1:1;1:1:1,4,2,1,1,1,0,1,1,1,1,1,5,7,7
58959,0:4:3;1:1:1;1:1:1;1:1:1,4,3,1,1,1,0,1,1,1,1,1,5,7,1
58960,0:4:3;1:1:1;1:1:1;1:1:1,4,4,1,1,1,0,1,1,1,1,1,5,7,1
58961,0:4:3;1:1:1;1:1:1;1:1:1,4,5,1,1,1,0,1,1,1,1,1,5,7,1
58962,0:4:3;1:1:1;1:1:1;1:1:1,5,0,1,1,1,0,1,1,1,1,1,5,7,10
58963,0:4:3;1:1:1;1:1:1;1:1:1,5,1,1,1,1,0,1,1,1,1,1,5,7,9
58964,0:4:3;1:1:1;1:1:1;1:1:1,5,2,1,1,1,0,1,1,1,1,1,5,7,7
58965,0:4:3;1:1:1;1:1:1;1:1:1,5,3,1,1,1,0,1,1,1,1,1,5,7,1
58966,0:4:3;1:1:1;1:1:1;1:1:1,5,4,1,1,1,0,1,1,1,1,1,5,7,1
58967,0:4:3;1:1:1;1:1:1;1:1:1,5,5,1,1,1,0,1,1,1,1,1,5,7,1
58968,0:4:3;1:1:1;1:1:1;1:2:1,0,0,1,0,0,1,0,0,0,0,0,1,1,24
58969,0:4:3;1:1:1;1:1:1;1:2:1,0,1,1,0,0,1,0,0,0,0,0,1,2,24
58970,0:4:3;1:1:1;1:1:1;1:2:1,0,2,1,0,0,1,0,0,0,0,0,1,3,24
58971,0:4:3;1:1:1;1:1:1;1:2:1,0,3,1,1,1,0,1,1,1,1,1,5,7,1
58972,0:4:3;1:1:1;1:1:1;1:2:1,0,4,1,1,1,0,1,1,1,1,1,5,7,1
58973,0:4:3;1:1:1;1:1:1;1:2:1,0,5,1,1,1,0,1,1,1,1,1,5,7,1
58974,0:4:3;1:1:1;1:1:1;1:2:1,1,0,1,0,0,1,0,0,0,0,0,4,8,24
58975,0:4:3;1:1:1;1:1:1;1:2:1,1,1,1,1,0,1,0,0,0,1,1,7,11,19
58976,0:4:3;1:1:1;1:1:1;1:2:1,1,2,1,1,1,0,1,1,1,1,1,5,7,7
58977,0:4:3;1:1:1;1:1:1;1:2:1,1,3,1,1,1,0,1,1,1,1,1,5,7,1
58978,0:4:3;1:1:1;1:1:1;1:2:1,1,4,1,1,1,0,1,1,1,1,1,5,7,1
58979,0:4:3;1:1:1;1:1:1;1:2:1,1,5,1,1,1,0,1,1,1,1,1,5,7,1
58980,0:4:3;1:1:1;1:1:1;1:2:1,2,0,1,1,0,1,0,0,0,1,1,6,9,11
58981,0:4:3;1:1:1;1:1:1;1:2:1,2,1,1,1,1,0,1,1,1,1,1,5,7,9
58982,0:4:3;1:1:1;1:1:1;1:2:1,2,2,1,1,1,0,1,1,1,1,1,5,7,7
58983,0:4:3;1:1:1;1:1:1;1:2:1,2,3,1,1,1,0,1,1,1,1,1,5,7,1
58984,0:4:3;1:1:1;1:1:1;1:2:1,2,4,1,1,1,0,1,1,1,1,1,5,7,1
58985,0:4:3;1:1:1;1:1:1;1:2:1,2,5,1,1,1,0,1,1,1,1,1,5,7,1
58986,0:4:3;1:1:1;1:1:1;1:2:1,3,0,1,1,1,0,1,1,1,1,1,5,7,10
58987,0:4:3;1:1:1;1:1:1;1:2:1,3,1,1,1,1,0,1,1,1,1,1,5,7,9
58988,0:4:3;1:1:1;1:1:1;1:2:1,3,2,1,1,1,0,1,1,1,1,1,5,7,7
58989,0:4:3;1:1:1;1:1:1;1:2:1,3,3,1,1,1,0,1,1,1,1,1,5,7,1
58990,0:4:3;1:1:1;1:1:1;1:2:1,3,4,1,1,1,0,1,1,1,1,1,5,7,1
58991,0:4:3;1:1:1;1:1:1;1:2:1,3,5,1,1,1,0,1,1,1,1,1,5,7,1
58992,0:4:3;1:1:1;1:1:1;1:2:1,4,0,1,1,1,0,1,1,1,1,1,5,7,10
58993,0:4:3;1:1:1;1:1:1;1:2:1,4,1,1,1,1,0,1,1,1,1,1,5,7,9
58994,0:4:3;1:1:1;1:1:1;1:2:1,4,2,1,1,1,0,1,1,1,1,1,5,7,7
58995,0:4:3;1:1:1;1:1:1;1:2:1,4,3,1,1,1,0,1,1,1,1,1,5,7,1
58996,0:4:3;1:1:1;1:1:1;1:2:1,4,4,1,1,1,0,1,1,1,1,1,5,7,1
58997,0:4:3;1:1:1;1:1:1;1:2:1,4,5,1,1,1,0,1,1,1,1,1,5,7,1
58998,0:4:3;1:1:1;1:1:1;1:2:1,5,0,1,1,1,0,1,1,1,1,1,5,7,10
58999,0:4:3;1:1:1;1:1:1;1:2:1,5,1,1,1,1,0,1,1,1,1,1,5,7,9
59000,0:4:3;1:1:1;1:1:1;1:2:1,5,2,1,1,1,0,1,1,1,1,1,5,7,7
59001,0:4:3;1:1:1;1:1:1;1:2:1,5,3,1,1,1,0,1,1,1,1,1,5,7,1
59002,0:4:3;1:1:1;1:1:1;1:2:1,5,4,1,1,1,0,1,1,1,1,1,5,7,1
59003,0:4:3;1:1:1;1:1:1;1:2:1,5,5,1,1,1,0,1,1,1,1,1,5,7,1
59004,0:4:3;1:1:1;1:1:1;1:2:2,0,0,1,0,0,1,0,0,0,0,0,1,1,24
59005,0:4:3;1:1:1;1:1:1;1:2:2,0,1,1,0,0,1,0,0,0,0,0,1,2,24
59006,0:4:3;1:1:1;1:1:1;1:2:2,0,2,1,0,0,1,0,0,0,0,0,1,3,24
59007,0:4:3;1:1:1;1:1:1;1:2:2,0,3,1,1,0,0,1,1,1,1,1,5,8,1
59008,0:4:3;1:1:1;1:1:1;1:2:2,0,4,1,1,1,0,1,1,1,1,1,5,8,1
59009,0:4:3;1:1:1;1:1:1;1:2:2,0,5,1,1,1,0,1,1,1,1,1,5,8,1
59010,0:4:3;1:1:1;1:1:1;1:2:2,1,0,1,0,0,1,0,0,0,0,0,3,6,24
59011,0:4:3;1:1:1;1:1:1;1:2:2,1,1,1,0,0,1,0,0,0,0,0,3,10,24
59012,0:4:3;1:1:1;1:1:1;1:2:2,1,2,1,1,0,0,1,1,1,1,1,5,8,7
59013,0:4:3;1:1:1;1:1:1;1:2:2,1,3,1,1,1,0,1,1,1,1,1,5,8,1
59014,0:4:3;1:1:1;1:1:1;1:2:2,1,4,1,1,1,0,1,1,1,1,1,5,8,1
59015,0:4:3;1:1:1;1:1:1;1:2:2,1,5,1,1,1,0,1,1,1,1,1,5,8,1
59016,0:4:3;1:1:1;1:1:1;1:2:2,2,0,1,0,0,1,0,0,0,0,0,5,16,24
59017,0:4:3;1:1:1;1:1:1;1:2:2,2,1,1,1,0,0,1,1,1,1,1,5,8,9
59018,0:4:3;1:1:1;1:1:1;1:2:2,2,2,1,1,1,0,1,1,1,1,1,5,8,7
59019,0:4:3;1:1:1;1:1:1;1:2:2,2,3,1,1,1,0,1,1,1,1,1,5,8,1
59020,0:4:3;1:1:1;1:1:1;1:2:2,2,4,1,1,1,0,1,1,1,1,1,5,8,1
59021,0:4:3;1:1:1;1:1:1;1:2:2,2,5,1,1,1,0,1,1,1,1,1,5,8,1
59022,0:4:3;1:1:1;1:1:1;1:2:2,3,0,1,1,0,1,0,0,1,0,1,6,12,11
59023,0:4:3;1:1:1;1:1:1;1:2:2,3,1,1,1,1,0,1,1,1,1,1,5,8,9
59024,0:4:3;1:1:1;1:1:1;1:2:2,3,2,1,1,1,0,1,1,1,1,1,5,8,7
59025,0:4:3;1:1:1;1:1:1;1:2:2,3,3,1,1,1,0,1,1,1,1,1,5,8,1
59026,0:4:3;1:1:1;1:1:1;1:2:2,3,4,1,1,1,0,1,1,1,1,1,5,8,1
59027,0:4:3;1:1:1;1:1:1;1:2:2,3,5,1,1,1,0,1,1,1,1,1,5,8,1
59028,0:4:3;1:1:1;1:1:1;1:2:2,4,0,1,1,1,0,1,1,1,1,1,5,8,10
59029,0:4:3;1:1:1;1:1:1;1:2:2,4,1,1,1,1,0,1,1,1,1,1,5,8,9
59030,0:4:3;1:1:1;1:1:1;1:2:2,4,2,1,1,1,0,1,1,1,1,1,5,8,7
59031,0:4:3;1:1:1;1:1:1;1:2:2,4,3,1,1,1,0,1,1,1,1,1,5,8,1
59032,0:4:3;1:1:1;1:1:1;1:2:2,4,4,1,1,1,0,1,1,1,1,1,5,8,1
59033,0:4:3;1:1:1;1:1:1;1:2:2,4,5,1,1,1,0,1,1,1,1,1,5,8,1
59034,0:4:3;1:1:1;1:1:1;1:2:2,5,0,1,1,1,0,1,1,1,1,1,5,8,10
59035,0:4:3;1:1:1;1:1:1;1:2:2,5,1,1,1,1,0,1,1,1,1,1,5,8,9
59036,0:4:3;1:1:1;1:1:1;1:2:2,5,2,1,1,1,0,1,1,1,1,1,5,8,7
59037,0:4:3;1:1:1;1:1:1;1:2:2,5,3,1,1,1,0,1,1,1,1,1,5,8,1
59038,0:4:3;1:1:1;1:1:1;1:2:2,5,4,1,1,1,0,1,1,1,1,1,5,8,1
59039,0:4:3;1:1:1;1:1:1;1:2:2,5,5,1,1,1,0,1,1,1,1,1,5,8,1
59040,0:4:3;1:1:1;1:1:1;1:3:2,0,0,1,0,0,1,0,0,0,0,0,1,1,24
59041,0:4:3;1:1:1;1:1:1;1:3:2,0,1,1,0,0,1,0,0,0,0,0,1,2,24
59042,0:4:3;1:1:1;1:1:1;1:3:2,0,2,1,0,0,1,0,0,0,0,0,1,3,24
59043,0:4:3;1:1:1;1:1:1;1:3:2,0,3,1,1,0,0,1,1,1,1,1,5,8,1
59044,0:4:3;1:1:1;1:1:1;1:3:2,0,4,1,1,1,0,1,1,1,1,1,5,8,1
59045,0:4:3;1:1:1;1:1:1;1:3:2,0,5,1,1,1,0,1,1,1,1,1,5,8,1
59046,0:4:3;1:1:1;1:1:1;1:3:2,1,0,1,0,0,1,0,0,0,0,0,3,6,24
59047,0:4:3;1:1:1;1:1:1;1:3:2,1,1,1,0,0,1,0,0,0,0,0,3,10,24
59048,0:4:3;1:1:1;1:1:1;1:3:2,1,2,1,1,0,0,1,1,1,1,1,5,8,7
59049,0:4:3;1:1:1;1:1:1;1:3:2,1,3,1,1,1,0,1,1,1,1,1,5,8,1
59050,0:4:3;1:1:1;1:1:1;1:3:2,1,4,1,1,1,0,1,1,1,1,1,5,8,1
59051,0:4:3;1:1:1;1:1:1;1:3:2,1,5,1,1,1,0,1,1,1,1,1,5,8,1
59052,0:4:3;1:1:1;1:1:1;1:3:2,2,0,1,1,0,1,0,0,1,1,1,8,19,19
59053,0:4:3;1:1:1;1:1:1;1:3:2,2,1,1,1,0,0,1,1,1,1,1,5,8,9
59054,0:4:3;1:1:1;1:1:1;1:3:2,2,2,1,1,1,0,1,1,1,1,1,5,8,7
59055,0:4:3;1:1:1;1:1:1;1:3:2,2,3,1,1,1,0,1,1,1,1,1,5,8,1
59056,0:4:3;1:1:1;1:1:1;1:3:2,2,4,1,1,1,0,1,1,1,1,1,5,8,1
59057,0:4:3;1:1:1;1:1:1;1:3:2,2,5,1,1,1,0,1,1,1,1,1,5,8,1
59058,0:4:3;1:1:1;1:1:1;1:3:2,3,0,1,1,0,1,0,0,1,1,1,6,12,11
59059,0:4:3;1:1:1;1:1:1;1:3:2,3,1,1,1,1,0,1,1,1,1,1,5,8,9
59060,0:4:3;1:1:1;1:1:1;1:3:2,3,2,1,1,1,0,1,1,1,1,1,5,8,7
59061,0:4:3;1:1:1;1:1:1;1:3:2,3,3,1,1,1,0,1,1,1,1,1,5,8,1
59062,0:4:3;1:1:1;1:1:1;1:3:2,3,4,1,1,1,0,1,1,1,1,1,5,8,1
59063,0:4:3;1:1:1;1:1:1;1:3:2,3,5,1,1,1,0,1,1,1,1,1,5,8,1
59064,0:4:3;1:1:1;1:1:1;1:3:2,4,0,1,1,1,0,1,1,1,1,1,5,8,10
59065,0:4:3;1:1:1;1:1:1;1:3:2,4,1,1,1,1,0,1,1,1,1,1,5,8,9
59066,0:4:3;1:1:1;1:1:1;1:3:2,4,2,1,1,1,0,1,1,1,1,1,5,8,7
59067,0:4:3;1:1:1;1:1:1;1:3:2,4,3,1,1,1,0,1,1,1,1,1,5,8,1
59068,0:4:3;1:1:1;1:1:1;1:3:2,4,4,1,1,1,0,1,1,1,1,1,5,8,1
59069,0:4:3;1:1:1;1:1:1;1:3:2,4,5,1,1,1,0,1,1,1,1,1,5,8,1
59070,0:4:3;1:1:1;1:1:1;1:3:2,5,0,1,1,1,0,1,1,1,1,1,5,8,10
59071,0:4:3;1:1:1;1:1:1;1:3:2,5,1,1,1,1,0,1,1,1,1,1,5,8,9
59072,0:4:3;1:1:1;1:1:1;1:3:2,5,2,1,1,1,0,1,1,1,1,1,5,8,7
59073,0:4:3;1:1:1;1:1:1;1:3:2,5,3,1,1,1,0,1,1,1,1,1,5,8,1
59074,0:4:3;1:1:1;1:1:1;1:3:2,5,4,1,1,1,0,1,1,1,1,1,5,8,1
59075,0:4:3;1:1:1;1:1:1;1:3:2,5,5,1,1,1,0,1,1,1,1,1,5,8,1
59076,0:4:3;1:1:1;1:1:1;1:3:3,0,0,0,0,0,1,0,0,0,0,0,0,1,24
59077,0:4:3;1:1:1;1:1:1;1:3:3,0,1,0,0,0,1,0,0,0,0,0,0,2,24
59078,0:4:3;1:1:1;1:1:1;1:3:3,0,2,0,0,0,1,0,0,0,0,0,0,3,24
59079,0:4:3;1:1:1;1:1:1;1:3:3,0,3,0,0,0,1,0,0,0,0,0,0,18,24
59080,0:4:3;1:1:1;1:1:1;1:3:3,0,4,0,0,0,1,0,0,0,0,0,0,18,24
59081,0:4:3;1:1:1;1:1:1;1:3:3,0,5,0,0,0,1,0,0,0,0,0,0,18,24
59082,0:4:3;1:1:1;1:1:1;1:3:3,1,0,1,0,0,1,0,0,0,0,0,3,6,24
59083,0:4:3;1:1:1;1:1:1;1:3:3,1,1,1,0,0,1,0,0,0,0,0,3,10,24
59084,0:4:3;1:1:1;1:1:1;1:3:3,1,2,1,1,0,0,1,1,1,1,1,5,9,7
59085,0:4:3;1:1:1;1:1:1;1:3:3,1,3,1,1,0,0,1,1,1,1,1,5,9,1
59086,0:4:3;1:1:1;1:1:1;1:3:3,1,4,1,1,1,0,1,1,1,1,1,5,9,1
59087,0:4:3;1:1:1;1:1:1;1:3:3,1,5,1,1,1,0,1,1,1,1,1,5,9,1
59088,0:4:3;1:1:1;1:1:1;1:3:3,2,0,1,0,0,1,0,0,0,0,0,4,14,24
59089,0:4:3;1:1:1;1:1:1;1:3:3,2,1,1,1,0,0,1,1,1,1,1,5,9,9
59090,0:4:3;1:1:1;1:1:1;1:3:3,2,2,1,1,0,0,1,1,1,1,1,5,9,7
59091,0:4:3;1:1:1;1:1:1;1:3:3,2,3,1,1,1,0,1,1,1,1,1,5,9,1
59092,0:4:3;1:1:1;1:1:1;1:3:3,2,4,1,1,1,0,1,1,1,1,1,5,9,1
59093,0:4:3;1:1:1;1:1:1;1:3:3,2,5,1,1,1,0,1,1,1,1,1,5,9,1
59094,0:4:3;1:1:1;1:1:1;1:3:3,3,0,1,1,0,1,0,0,1,0,1,8,27,19
59095,0:4:3;1:1:1;1:1:1;1:3:3,3,1,1,1,0,0,1,1,1,1,1,5,9,9
59096,0:4:3;1:1:1;1:1:1;1:3:3,3,2,1,1,1,0,1,1,1,1,1,5,9,7
59097,0:4:3;1:1:1;1:1:1;1:3:3,3,3,1,1,1,0,1,1,1,1,1,5,9,1
59098,0:4:3;1:1:1;1:1:1;1:3:3,3,4,1,1,1,0,1,1,1,1,1,5,9,1
59099,0:4:3;1:1:1;1:1:1;1:3:3,3,5,1,1,1,0,1,1,1,1,1,5,9,1
59100,0:4:3;1:1:1;1:1:1;1:3:3,4,0,1,1,0,1,0,0,1,0,1,6,15,11
59101,0:4:3;1:1:1;1:1:1;1:3:3,4,1,1,1,1,0,1,1,1,1,1,5,9,9
59102,0:4:3;1:1:1;1:1:1;1:3:3,4,2,1,1,1,0,1,1,1,1,1,5,9,7
59103,0:4:3;1:1:1;1:1:1;1:3:3,4,3,1,1,1,0,1,1,1,1,1,5,9,1
59104,0:4:3;1:1:1;1:1:1;1:3:3,4,4,1,1,1,0,1,1,1,1,1,5,9,1
59105,0:4:3;1:1:1;1:1:1;1:3:3,4,5,1,1,1,0,1,1,1,1,1,5,9,1
59106,0:4:3;1:1:1;1:1:1;1:3:3,5,0,1,1,1,0,1,1,1,1,1,5,9,10
59107,0:4:3;1:1:1;1:1:1;1:3:3,5,1,1,1,1,0,1,1,1,1,1,5,9,9
59108,0:4:3;1:1:1;1:1:1;1:3:3,5,2,1,1,1,0,1,1,1,1,1,5,9,7
59109,0:4:3;1:1:1;1:1:1;1:3:3,5,3,1,1,1,0,1,1,1,1,1,5,9,1
59110,0:4:3;1:1:1;1:1:1;1:3:3,5,4,1,1,1,0,1,1,1,1,1,5,9,1
59111,0:4:3;1:1:1;1:1:1;1:3:3,5,5,1,1,1,0,1,1,1,1,1,5,9,1
59112,0:4:3;1:1:1;1:1:1;1:4:3,0,0,0,0,0,1,0,0,0,0,0,0,1,24
59113,0:4:3;1:1:1;1:1:1;1:4:3,0,1,0,0,0,1,0,0,0,0,0,0,2,24
59114,0:4:3;1:1:1;1:1:1;1:4:3,0,2,0,0,0,1,0,0,0,0,0,0,3,24
59115,0:4:3;1:1:1;1:1:1;1:4:3,0,3,0,0,0,1,0,0,0,0,0,0,18,24
59116,0:4:3;1:1:1;1:1:1;1:4:3,0,4,0,0,0,1,0,0,0,0,0,0,18,24
59117,0:4:3;1:1:1;1:1:1;1:4:3,0,5,0,0,0,1,0,0,0,0,0,0,18,24
59118,0:4:3;1:1:1;1:1:1;1:4:3,1,0,1,0,0,1,0,0,0,0,0,3,6,24
59119,0:4:3;1:1:1;1:1:1;1:4:3,1,1,1,0,0,1,0,0,0,0,0,3,10,24
59120,0:4:3;1:1:1;1:1:1;1:4:3,1,2,1,1,0,0,1,1,1,1,1,5,9,7
59121,0:4:3;1:1:1;1:1:1;1:4:3,1,3,1,1,0,0,1,1,1,1,1,5,9,1
59122,0:4:3;1:1:1;1:1:1;1:4:3,1,4,1,1,1,0,1,1,1,1,1,5,9,1
59123,0:4:3;1:1:1;1:1:1;1:4:3,1,5,1,1,1,0,1,1,1,1,1,5,9,1
59124,0:4:3;1:1:1;1:1:1;1:4:3,2,0,1,0,0,1,0,0,0,0,0,4,14,24
59125,0:4:3;1:1:1;1:1:1;1:4:3,2,1,1,1,0,0,1,1,1,1,1,5,9,9
59126,0:4:3;1:1:1;1:1:1;1:4:3,2,2,1,1,0,0,1,1,1,1,1,5,9,7
59127,0:4:3;1:1:1;1:1:1;1:4:3,2,3,1,1,1,0,1,1,1,1,1,5,9,1
59128,0:4:3;1:1:1;1:1:1;1:4:3,2,4,1,1,1,0,1,1,1,1,1,5,9,1
59129,0:4:3;1:1:1;1:1:1;1:4:3,2,5,1,1,1,0,1,1,1,1,1,5,9,1
59130,0:4:3;1:1:1;1:1:1;1:4:3,3,0,1,1,0,1,0,0,1,1,1,8,27,19
59131,0:4:3;1:1:1;1:1:1;1:4:3,3,1,1,1,0,0,1,1,1,1,1,5,9,9
59132,0:4:3;1:1:1;1:1:1;1:4:3,3,2,1,1,1,0,1,1,1,1,1,5,9,7
59133,0:4:3;1:1:1;1:1:1;1:4:3,3,3,1,1,1,0,1,1,1,1,1,5,9,1
59134,0:4:3;1:1:1;1:1:1;1:4:3,3,4,1,1,1,0,1,1,1,1,1,5,9,1
59135,0:4:3;1:1:1;1:1:1;1:4:3,3,5,1,1,1,0,1,1,1,1,1,5,9,1
59136,0:4:3;1:1:1;1:1:1;1:4:3,4,0,1,1,0,1,0,0,1,1,1,6,15,11
59137,0:4:3;1:1:1;1:1:1;1:4:3,4,1,1,1,1,0,1,1,1,1,1,5,9,9
59138,0:4:3;1:1:1;1:1:1;1:4:3,4,2,1,1,1,0,1,1,1,1,1,5,9,7
59139,0:4:3;1:1:1;1:1:1;1:4:3,4,3,1,1,1,0,1,1,1,1,1,5,9,1
59140,0:4:3;1:1:1;1:1:1;1:4:3,4,4,1,1,1,0,1,1,1,1,1,5,9,1
59141,0:4:3;1:1:1;1:1:1;1:4:3,4,5,1,1,1,0,1,1,1,1,1,5,9,1
59142,0:4:3;1:1:1;1:1:1;1:4:3,5,0,1,1,1,0,1,1,1,1,1,5,9,10
59143,0:4:3;1:1:1;1:1:1;1:4:3,5,1,1,1,1,0,1,1,1,1,1,5,9,9
59144,0:4:3;1:1:1;1:1:1;1:4:3,5,2,1,1,1,0,1,1,1,1,1,5,9,7
59145,0:4:3;1:1:1;1:1:1;1:4:3,5,3,1,1,1,0,1,1,1,1,1,5,9,1
59146,0:4:3;1:1:1;1:1:1;1:4:3,5,4,1,1,1,0,1,1,1,1,1,5,9,1
59147,0:4:3;1:1:1;1:1:1;1:4:3,5,5,1,1,1,0,1,1,1,1,1,5,9,1
59148,0:4:3;1:1:1;1:2:1;1:2:1,0,0,1,0,0,1,0,0,0,0,0,1,1,24
59149,0:4:3;1:1:1;1:2:1;1:2:1,0,1,1,0,0,1,0,0,0,0,0,1,2,24
59150,0:4:3;1:1:1;1:2:1;1:2:1,0,2,1,0,0,1,0,0,0,0,0,1,3,24
59151,0:4:3;1:1:1;1:2:1;1:2:1,0,3,1,1,1,0,1,1,1,1,1,5,7,1
59152,0:4:3;1:1:1;1:2:1;1:2:1,0,4,1,1,1,0,1,1,1,1,1,5,7,1
59153,0:4:3;1:1:1;1:2:1;1:2:1,0,5,1,1,1,0,1,1,1,1,1,5,7,1
59154,0:4:3;1:1:1;1:2:1;1:2:1,1,0,1,0,0,1,0,0,0,0,0,4,9,24
59155,0:4:3;1:1:1;1:2:1;1:2:1,1,1,1,1,0,1,0,0,0,1,1,6,9,13
59156,0:4:3;1:1:1;1:2:1;1:2:1,1,2,1,1,1,0,1,1,1,1,1,5,7,7
59157,0:4:3;1:1:1;1:2:1;1:2:1,1,3,1,1,1,0,1,1,1,1,1,5,7,1
59158,0:4:3;1:1:1;1:2:1;1:2:1,1,4,1,1,1,0,1,1,1,1,1,5,7,1
59159,0:4:3;1:1:1;1:2:1;1:2:1,1,5,1,1,1,0,1,1,1,1,1,5,7,1
59160,0:4:3;1:1:1;1:2:1;1:2:1,2,0,1,1,0,0,1,1,1,1,1,5,7,9
59161,0:4:3;1:1:1;1:2:1;1:2:1,2,1,1,1,1,0,1,1,1,1,1,5,7,9
59162,0:4:3;1:1:1;1:2:1;1:2:1,2,2,1,1,1,0,1,1,1,1,1,5,7,7
59163,0:4:3;1:1:1;1:2:1;1:2:1,2,3,1,1,1,0,1,1,1,1,1,5,7,1
59164,0:4:3;1:1:1;1:2:1;1:2:1,2,4,1,1,1,0,1,1,1,1,1,5,7,1
59165,0:4:3;1:1:1;1:2:1;1:2:1,2,5,1,1,1,0,1,1,1,1,1,5,7,1
59166,0:4:3;1:1:1;1:2:1;1:2:1,3,0,1,1,1,0,1,1,1,1,1,5,7,9
59167,0:4:3;1:1:1;1:2:1;1:2:1,3,1,1,1,1,0,1,1,1,1,1,5,7,9
59168,0:4:3;1:1:1;1:2:1;1:2:1,3,2,1,1,1,0,1,1,1,1,1,5,7,7
59169,0:4:3;1:1:1;1:2:1;1:2:1,3,3,1,1,1,0,1,1,1,1,1,5,7,1
59170,0:4:3;1:1:1;1:2:1;1:2:1,3,4,1,1,1,0,1,1,1,1,1,5,7,1
59171,0:4:3;1:1:1;1:2:1;1:2:1,3,5,1,1,1,0,1,1,1,1,1,5,7,1
59172,0:4:3;1:1:1;1:2:1;1:2:1,4,0,1,1,1,0,1,1,1,1,1,5,7,9
59173,0:4:3;1:1:1;1:2:1;1:2:1,4,1,1,1,1,0,1,1,1,1,1,5,7,9
59174,0:4:3;1:1:1;1:2:1;1:2:1,4,2,1,1,1,0,1,1,1,1,1,5,7,7
59175,0:4:3;1:1:1;1:2:1;1:2:1,4,3,1,1,1,0,1,1,1,1,1,5,7,1
59176,0:4:3;1:1:1;1:2:1;1:2:1,4,4,1,1,1,0,1,1,1,1,1,5,7,1
59177,0:4:3;1:1:1;1:2:1;1:2:1,4,5,1,1,1,0,1,1,1,1,1,5,7,1
59178,0:4:3;1:1:1;1:2:1;1:2:1,5,0,1,1,1,0,1,1,1,1,1,5,7,9
59179,0:4:3;1:1:1;1:2:1;1:2:1,5,1,1,1,1,0,1,1,1,1,1,5,7,9
59180,0:4:3;1:1:1;1:2:1;1:2:1,5,2,1,1,1,0,1,1,1,1,1,5,7,7
59181,0:4:3;1:1:1;1:2:1;1:2:1,5,3,1,1,1,0,1,1,1,1,1,5,7,1
59182,0:4:3;1:1:1;1:2:1;1:2:1,5,4,1,1,1,0,1,1,1,1,1,5,7,1
59183,0:4:3;1:1:1;1:2:1;1:2:1,5,5,1,1,1,0,1,1,1,1,1,5,7,1
59184,0:4:3;1:1:1;1:2:1;1:2:2,0,0,1,0,0,1,0,0,0,0,0,1,1,24
59185,0:4:3;1:1:1;1:2:1;1:2:2,0,1,1,0,0,1,0,0,0,0,0,1,2,24
59186,0:4:3;1:1:1;1:2:1;1:2:2,0,2,1,0,0,1,0,0,0,0,0,1,3,24
59187,0:4:3;1:1:1;1:2:1;1:2:2,0,3,1,1,0,0,1,1,1,1,1,5,8,1
59188,0:4:3;1:1:1;1:2:1;1:2:2,0,4,1,1,1,0,1,1,1,1,1,5,8,1
59189,0:4:3;1:1:1;1:2:1;1:2:2,0,5,1,1,1,0,1,1,1,1,1,5,8,1
59190,0:4:3;1:1:1;1:2:1;1:2:2,1,0,1,0,0,1,0,0,0,0,0,3,7,24
59191,0:4:3;1:1:1;1:2:1;1:2:2,1,1,1,1,0,1,0,0,0,1,1,6,10,13
59192,0:4:3;1:1:1;1:2:1;1:2:2,1,2,1,1,0,0,1,1,1,1,1,5,8,7
59193,0:4:3;1:1:1;1:2:1;1:2:2,1,3,1,1,1,0,1,1,1,1,1,5,8,1
59194,0:4:3;1:1:1;1:2:1;1:2:2,1,4,1,1,1,0,1,1,1,1,1,5,8,1
59195,0:4:3;1:1:1;1:2:1;1:2:2,1,5,1,1,1,0,1,1,1,1,1,5,8,1
59196,0:4:3;1:1:1;1:2:1;1:2:2,2,0,1,1,0,1,1,1,0,1,1,5,8,9
59197,0:4:3;1:1:1;1:2:1;1:2:2,2,1,1,1,0,0,1,1,1,1,1,5,8,9
59198,0:4:3;1:1:1;1:2:1;1:2:2,2,2,1,1,1,0,1,1,1,1,1,5,8,7
59199,0:4:3;1:1:1;1:2:1;1:2:2,2,3,1,1,1,0,1,1,1,1,1,5,8,1
59200,0:4:3;1:1:1;1:2:1;1:2:2,2,4,1,1,1,0,1,1,1,1,1,5,8,1
59201,0:4:3;1:1:1;1:2:1;1:2:2,2,5,1,1,1,0,1,1,1,1,1,5,8,1
59202,0:4:3;1:1:1;1:2:1;1:2:2,3,0,1,1,0,0,1,1,1,1,1,5,8,9
59203,0:4:3;1:1:1;1:2:1;1:2:2,3,1,1,1,1,0,1,1,1,1,1,5,8,9
59204,0:4:3;1:1:1;1:2:1;1:2:2,3,2,1,1,1,0,1,1,1,1,1,5,8,7
59205,0:4:3;1:1:1;1:2:1;1:2:2,3,3,1,1,1,0,1,1,1,1,1,5,8,1
59206,0:4:3;1:1:1;1:2:1;1:2:2,3,4,1,1,1,0,1,1,1,1,1,5,8,1
59207,0:4:3;1:1:1;1:2:1;1:2:2,3,5,1,1,1,0,1,1,1,1,1,5,8,1
59208,0:4:3;1:1:1;1:2:1;1:2:2,4,0,1,1,1,0,1,1,1,1,1,5,8,9
59209,0:4:3;1:1:1;1:2:1;1:2:2,4,1,1,1,1,0,1,1,1,1,1,5,8,9
59210,0:4:3;1:1:1;1:2:1;1:2:2,4,2,1,1,1,0,1,1,1,1,1,5,8,7
59211,0:4:3;1:1:1;1:2:1;1:2:2,4,3,1,1,1,0,1,1,1,1,1,5,8,1
59212,0:4:3;1:1:1;1:2:1;1:2:2,4,4,1,1,1,0,1,1,1,1,1,5,8,1
59213,0:4:3;1:1:1;1:2:1;1:2:2,4,5,1,1,1,0,1,1,1,1,1,5,8,1
59214,0:4:3;1:1:1;1:2:1;1:2:2,5,0,1,1,1,0,1,1,1,1,1,5,8,9
59215,0:4:3;1:1:1;1:2:1;1:2:2,5,1,1,1,1,0,1,1,1,1,1,5,8,9
59216,0:4:3;1:1:1;1:2:1;1:2:2,5,2,1,1,1,0,1,1,1,1,1,5,8,7
59217,0:4:3;1:1:1;1:2:1;1:2:2,5,3,1,1,1,0,1,1,1,1,1,5,8,1
59218,0:4:3;1:1:1;1:2:1;1:2:2,5,4,1,1,1,0,1,1,1,1,1,5,8,1
59219,0:4:3;1:1:1;1:2:1;1:2:2,5,5,1,1,1,0,1,1,1,1,1,5,8,1
59220,0:4:3;1:1:1;1:2:1;1:3:2,0,0,1,0,0,1,0,0,0,0,0,1,1,24
59221,0:4:3;1:1:1;1:2:1;1:3:2,0,1,1,0,0,1,0,0,0,0,0,1,2,24
59222,0:4:3;1:1:1;1:2:1;1:3:2,0,2,1,0,0,1,0,0,0,0,0,1,3,24
59223,0:4:3;1:1:1;1:2:1;1:3:2,0,3,1,1,0,0,1,1,1,1,1,5,8,1
59224,0:4:3;1:1:1;1:2:1;1:3:2,0,4,1,1,1,0,1,1,1,1,1,5,8,1
59225,0:4:3;1:1:1;1:2:1;1:3:2,0,5,1,1,1,0,1,1,1,1,1,5,8,1
59226,0:4:3;1:1:1;1:2:1;1:3:2,1,0,1,0,0,1,0,0,0,0,0,3,7,24
59227,0:4:3;1:1:1;1:2:1;1:3:2,1,1,1,1,0,1,0,0,0,1,1,6,10,13
59228,0:4:3;1:1:1;1:2:1;1:3:2,1,2,1,1,0,0,1,1,1,1,1,5,8,7
59229,0:4:3;1:1:1;1:2:1;1:3:2,1,3,1,1,1,0,1,1,1,1,1,5,8,1
59230,0:4:3;1:1:1;1:2:1;1:3:2,1,4,1,1,1,0,1,1,1,1,1,5,8,1
59231,0:4:3;1:1:1;1:2:1;1:3:2,1,5,1,1,1,0,1,1,1,1,1,5,8,1
59232,0:4:3;1:1:1;1:2:1;1:3:2,2,0,1,1,0,0,1,1,1,1,1,5,8,9
59233,0:4:3;1:1:1;1:2:1;1:3:2,2,1,1,1,0,0,1,1,1,1,1,5,8,9
59234,0:4:3;1:1:1;1:2:1;1:3:2,2,2,1,1,1,0,1,1,1,1,1,5,8,7
59235,0:4:3;1:1:1;1:2:1;1:3:2,2,3,1,1,1,0,1,1,1,1,1,5,8,1
59236,0:4:3;1:1:1;1:2:1;1:3:2,2,4,1,1,1,0,1,1,1,1,1,5,8,1
59237,0:4:3;1:1:1;1:2:1;1:3:2,2,5,1,1,1,0,1,1,1,1,1,5,8,1
59238,0:4:3;1:1:1;1:2:1;1:3:2,3,0,1,1,0,0,1,1,1,1,1,5,8,9
59239,0:4:3;1:1:1;1:2:1;1:3:2,3,1,1,1,1,0,1,1,1,1,1,5,8,9
59240,0:4:3;1:1:1;1:2:1;1:3:2,3,2,1,1,1,0,1,1,1,1,1,5,8,7
59241,0:4:3;1:1:1;1:2:1;1:3:2,3,3,1,1,1,0,1,1,1,1,1,5,8,1
59242,0:4:3;1:1:1;1:2:1;1:3:2,3,4,1,1,1,0,1,1,1,1,1,5,8,1
59243,0:4:3;1:1:1;1:2:1;1:3:2,3,5,1,1,1,0,1,1,1,1,1,5,8,1
59244,0:4:3;1:1:1;1:2:1;1:3:2,4,0,1,1,1,0,1,1,1,1,1,5,8,9
59245,0:4:3;1:1:1;1:2:1;1:3:2,4,1,1,1,1,0,1,1,1,1,1,5,8,9
59246,0:4:3;1:1:1;1:2:1;1:3:2,4,2,1,1,1,0,1,1,1,1,1,5,8,7
59247,0:4:3;1:1:1;1:2:1;1:3:2,4,3,1,1,1,0,1,1,1,1,1,5,8,1
59248,0:4:3;1:1:1;1:2:1;1:3:2,4,4,1,1,1,0,1,1,1,1,1,5,8,1
59249,0:4:3;1:1:1;1:2:1;1:3:2,4,5,1,1,1,0,1,1,1,1,1,5,8,1
59250,0:4:3;1:1:1;1:2:1;1:3:2,5,0,1,1,1,0,1,1,1,1,1,5,8,9
59251,0:4:3;1:1:1;1:2:1;1:3:2,5,1,1,1,1,0,1,1,1,1,1,5,8,9
59252,0:4:3;1:1:1;1:2:1;1:3:2,5,2,1,1,1,0,1,1,1,1,1,5,8,7
59253,0:4:3;1:1:1;1:2:1;1:3:2,5,3,1,1,1,0,1,1,1,1,1,5,8,1
59254,0:4:3;1:1:1;1:2:1;1:3:2,5,4,1,1,1,0,1,1,1,1,1,5,8,1
59255,0:4:3;1:1:1;1:2:1;1:3:2,5,5,1,1,1,0,1,1,1,1,1,5,8,1
59256,0:4:3;1:1:1;1:2:1;1:3:3,0,0,0,0,0,1,0,0,0,0,0,0,1,24
59257,0:4:3;1:1:1;1:2:1;1:3:3,0,1,0,0,0,1,0,0,0,0,0,0,2,24
59258,0:4:3;1:1:1;1:2:1;1:3:3,0,2,0,0,0,1,0,0,0,0,0,0,3,24
59259,0:4:3;1:1:1;1:2:1;1:3:3,0,3,0,0,0,1,0,0,0,0,0,0,18,24
59260,0:4:3;1:1:1;1:2:1;1:3:3,0,4,0,0,0,1,0,0,0,0,0,0,18,24
59261,0:4:3;1:1:1;1:2:1;1:3:3,0,5,0,0,0,1,0,0,0,0,0,0,18,24
59262,0:4:3;1:1:1;1:2:1;1:3:3,1,0,1,0,0,1,0,0,0,0,0,3,7,24
59263,0:4:3;1:1:1;1:2:1;1:3:3,1,1,1,1,0,1,0,0,0,1,1,6,11,13
59264,0:4:3;1:1:1;1:2:1;1:3:3,1,2,1,1,0,0,1,1,1,1,1,5,9,7
59265,0:4:3;1:1:1;1:2:1;1:3:3,1,3,1,1,0,0,1,1,1,1,1,5,9,1
59266,0:4:3;1:1:1;1:2:1;1:3:3,1,4,1,1,1,0,1,1,1,1,1,5,9,1
59267,0:4:3;1:1:1;1:2:1;1:3:3,1,5,1,1,1,0,1,1,1,1,1,5,9,1
59268,0:4:3;1:1:1;1:2:1;1:3:3,2,0,1,1,0,0,1,1,1,1,1,5,9,9
59269,0:4:3;1:1:1;1:2:1;1:3:3,2,1,1,1,0,0,1,1,1,1,1,5,9,9
59270,0:4:3;1:1:1;1:2:1;1:3:3,2,2,1,1,0,0,1,1,1,1,1,5,9,7
59271,0:4:3;1:1:1;1:2:1;1:3:3,2,3,1,1,1,0,1,1,1,1,1,5,9,1
59272,0:4:3;1:1:1;1:2:1;1:3:3,2,4,1,1,1,0,1,1,1,1,1,5,9,1
59273,0:4:3;1:1:1;1:2:1;1:3:3,2,5,1,1,1,0,1,1,1,1,1,5,9,1
59274,0:4:3;1:1:1;1:2:1;1:3:3,3,0,1,1,0,0,1,1,1,1,1,5,9,9
59275,0:4:3;1:1:1;1:2:1;1:3:3,3,1,1,1,0,0,1,1,1,1,1,5,9,9
59276,0:4:3;1:1:1;1:2:1;1:3:3,3,2,1,1,1,0,1,1,1,1,1,5,9,7
59277,0:4:3;1:1:1;1:2:1;1:3:3,3,3,1,1,1,0,1,1,1,1,1,5,9,1
59278,0:4:3;1:1:1;1:2:1;1:3:3,3,4,1,1,1,0,1,1,1,1,1,5,9,1
59279,0:4:3;1:1:1;1:2:1;1:3:3,3,5,1,1,1,0,1,1,1,1,1,5,9,1
59280,0:4:3;1:1:1;1:2:1;1:3:3,4,0,1,1,0,0,1,1,1,1,1,5,9,9
59281,0:4:3;1:1:1;1:2:1;1:3:3,4,1,1,1,1,0,1,1,1,1,1,5,9,9
59282,0:4:3;1:1:1;1:2:1;1:3:3,4,2,1,1,1,0,1,1,1,1,1,5,9,7
59283,0:4:3;1:1:1;1:2:1;1:3:3,4,3,1,1,1,0,1,1,1,1,1,5,9,1
59284,0:4:3;1:1:1;1:2:1;1:3:3,4,4,1,1,1,0,1,1,1,1,1,5,9,1
59285,0:4:3;1:1:1;1:2:1;1:3:3,4,5,1,1,1,0,1,1,1,1,1,5,9,1
59286,0:4:3;1:1:1;1:2:1;1:3:3,5,0,1,1,1,0,1,1,1,1,1,5,9,9
59287,0:4:3;1:1:1;1:2:1;1:3:3,5,1,1,1,1,0,1,1,1,1,1,5,9,9
59288,0:4:3;1:1:1;1:2:1;1:3:3,5,2,1,1,1,0,1,1,1,1,1,5,9,7
59289,0:4:3;1:1:1;1:2:1;1:3:3,5,3,1,1,1,0,1,1,1,1,1,5,9,1
59290,0:4:3;1:1:1;1:2:1;1:3:3,5,4,1,1,1,0,1,1,1,1,1,5,9,1
59291,0:4:3;1:1:1;1:2:1;1:3:3,5,5,1,1,1,0,1,1,1,1,1,5,9,1
59292,0:4:3;1:1:1;1:2:1;1:4:3,0,0,0,0,0,1,0,0,0,0,0,0,1,24
59293,0:4:3;1:1:1;1:2:1;1:4:3,0,1,0,0,0,1,0,0,0,0,0,0,2,24
59294,0:4:3;1:1:1;1:2:1;1:4:3,0,2,0,0,0,1,0,0,0,0,0,0,3,24
59295,0:4:3;1:1:1;1:2:1;1:4:3,0,3,0,0,0,1,0,0,0,0,0,0,18,24
59296,0:4:3;1:1:1;1:2:1;1:4:3,0,4,0,0,0,1,0,0,0,0,0,0,18,24
59297,0:4:3;1:1:1;1:2:1;1:4:3,0,5,0,0,0,1,0,0,0,0,0,0,18,24
59298,0:4:3;1:1:1;1:2:1;1:4:3,1,0,1,0,0,1,0,0,0,0,0,3,7,24
59299,0:4:3;1:1:1;1:2:1;1:4:3,1,1,1,1,0,1,0,0,0,1,1,6,11,13
59300,0:4:3;1:1:1;1:2:1;1:4:3,1,2,1,1,0,0,1,1,1,1,1,5,9,7
59301,0:4:3;1:1:1;1:2:1;1:4:3,1,3,1,1,0,0,1,1,1,1,1,5,9,1
59302,0:4:3;1:1:1;1:2:1;1:4:3,1,4,1,1,1,0,1,1,1,1,1,5,9,1
59303,0:4:3;1:1:1;1:2:1;1:4:3,1,5,1,1,1,0,1,1,1,1,1,5,9,1
59304,0:4:3;1:1:1;1:2:1;1:4:3,2,0,1,1,0,0,1,1,1,1,1,5,9,9
59305,0:4:3;1:1:1;1:2:1;1:4:3,2,1,1,1,0,0,1,1,1,1,1,5,9,9
59306,0:4:3;1:1:1;1:2:1;1:4:3,2,2,1,1,0,0,1,1,1,1,1,5,9,7
59307,0:4:3;1:1:1;1:2:1;1:4:3,2,3,1,1,1,0,1,1,1,1,1,5,9,1
59308,0:4:3;1:1:1;1:2:1;1:4:3,2,4,1,1,1,0,1,1,1,1,1,5,9,1
59309,0:4:3;1:1:1;1:2:1;1:4:3,2,5,1,1,1,0,1,1,1,1,1,5,9,1
59310,0:4:3;1:1:1;1:2:1;1:4:3,3,0,1,1,0,0,1,1,1,1,1,5,9,9
59311,0:4:3;1:1:1;1:2:1;1:4:3,3,1,1,1,0,0,1,1,1,1,1,5,9,9
59312,0:4:3;1:1:1;1:2:1;1:4:3,3,2,1,1,1,0,1,1,1,1,1,5,9,7
59313,0:4:3;1:1:1;1:2:1;1:4:3,3,3,1,1,1,0,1,1,1,1,1,5,9,1
59314,0:4:3;1:1:1;1:2:1;1:4:3,3,4,1,1,1,0,1,1,1,1,1,5,9,1
59315,0:4:3;1:1:1;1:2:1;1:4:3,3,5,1,1,1,0,1,1,1,1,1,5,9,1
59316,0:4:3;1:1:1;1:2:1;1:4:3,4,0,1,1,0,0,1,1,1,1,1,5,9,9
59317,0:4:3;1:1:1;1:2:1;1:4:3,4,1,1,1,1,0,1,1,1,1,1,5,9,9
59318,0:4:3;1:1:1;1:2:1;1:4:3,4,2,1,1,1,0,1,1,1,1,1,5,9,7
59319,0:4:3;1:1:1;1:2:1;1:4:3,4,3,1,1,1,0,1,1,1,1,1,5,9,1
59320,0:4:3;1:1:1;1:2:1;1:4:3,4,4,1,1,1,0,1,1,1,1,1,5,9,1
59321,0:4:3;1:1:1;1:2:1;1:4:3,4,5,1,1,1,0,1,1,1,1,1,5,9,1
59322,0:4:3;1:1:1;1:2:1;1:4:3,5,0,1,1,1,0,1,1,1,1,1,5,9,9
59323,0:4:3;1:1:1;1:2:1;1:4:3,5,1,1,1,1,0,1,1,1,1,1,5,9,9
59324,0:4:3;1:1:1;1:2:1;1:4:3,5,2,1,1,1,0,1,1,1,1,1,5,9,7
59325,0:4:3;1:1:1;1:2:1;1:4:3,5,3,1,1,1,0,1,1,1,1,1,5,9,1
59326,0:4:3;1:1:1;1:2:1;1:4:3,5,4,1,1,1,0,1,1,1,1,1,5,9,1
59327,0:4:3;1:1:1;1:2:1;1:4:3,5,5,1,1,1,0,1,1,1,1,1,5,9,1
59328,0:4:3;1:1:1;1:2:2;1:2:2,0,0,0,0,0,1,0,0,0,0,0,0,1,24
59329,0:4:3;1:1:1;1:2:2;1:2:2,0,1,0,0,0,1,0,0,0,0,0,0,2,24
59330,0:4:3;1:1:1;1:2:2;1:2:2,0,2,0,0,0,1,0,0,0,0,0,0,3,24
59331,0:4:3;1:1:1;1:2:2;1:2:2,0,3,0,0,0,1,0,0,0,0,0,0,20,24
59332,0:4:3;1:1:1;1:2:2;1:2:2,0,4,0,0,0,1,0,0,0,0,0,0,20,24
59333,0:4:3;1:1:1;1:2:2;1:2:2,0,5,0,0,0,1,0,0,0,0,0,0,20,24
59334,0:4:3;1:1:1;1:2:2;1:2:2,1,0,1,0,0,1,0,0,0,0,0,2,5,24
59335,0:4:3;1:1:1;1:2:2;1:2:2,1,1,1,0,0,1,0,0,0,0,0,2,9,24
59336,0:4:3;1:1:1;1:2:2;1:2:2,1,2,1,1,0,0,1,1,1,1,1,5,9,7
59337,0:4:3;1:1:1;1:2:2;1:2:2,1,3,1,1,1,0,1,1,1,1,1,5,9,1
59338,0:4:3;1:1:1;1:2:2;1:2:2,1,4,1,1,1,0,1,1,1,1,1,5,9,1
59339,0:4:3;1:1:1;1:2:2;1:2:2,1,5,1,1,1,0,1,1,1,1,1,5,9,1
59340,0:4:3;1:1:1;1:2:2;1:2:2,2,0,1,0,0,1,0,0,0,0,0,4,16,24
59341,0:4:3;1:1:1;1:2:2;1:2:2,2,1,1,1,0,1,0,0,1,0,1,6,15,13
59342,0:4:3;1:1:1;1:2:2;1:2:2,2,2,1,1,1,0,1,1,1,1,1,5,9,7
59343,0:4:3;1:1:1;1:2:2;1:2:2,2,3,1,1,1,0,1,1,1,1,1,5,9,1
59344,0:4:3;1:1:1;1:2:2;1:2:2,2,4,1,1,1,0,1,1,1,1,1,5,9,1
59345,0:4:3;1:1:1;1:2:2;1:2:2,2,5,1,1,1,0,1,1,1,1,1,5,9,1
59346,0:4:3;1:1:1;1:2:2;1:2:2,3,0,1,1,0,0,1,1,1,1,1,5,9,9
59347,0:4:3;1:1:1;1:2:2;1:2:2,3,1,1,1,1,0,1,1,1,1,1,5,9,9
59348,0:4:3;1:1:1;1:2:2;1:2:2,3,2,1,1,1,0,1,1,1,1,1,5,9,7
59349,0:4:3;1:1:1;1:2:2;1:2:2,3,3,1,1,1,0,1,1,1,1,1,5,9,1
59350,0:4:3;1:1:1;1:2:2;1:2:2,3,4,1,1,1,0,1,1,1,1,1,5,9,1
59351,0:4:3;1:1:1;1:2:2;1:2:2,3,5,1,1,1,0,1,1,1,1,1,5,9,1
59352,0:4:3;1:1:1;1:2:2;1:2:2,4,0,1,1,1,0,1,1,1,1,1,5,9,9
59353,0:4:3;1:1:1;1:2:2;1:2:2,4,1,1,1,1,0,1,1,1,1,1,5,9,9
59354,0:4:3;1:1:1;1:2:2;1:2:2,4,2,1,1,1,0,1,1,1,1,1,5,9,7
59355,0:4:3;1:1:1;1:2:2;1:2:2,4,3,1,1,1,0,1,1,1,1,1,5,9,1
59356,0:4:3;1:1:1;1:2:2;1:2:2,4,4,1,1,1,0,1,1,1,1,1,5,9,1
59357,0:4:3;1:1:1;1:2:2;1:2:2,4,5,1,1,1,0,1,1,1,1,1,5,9,1
59358,0:4:3;1:1:1;1:2:2;1:2:2,5,0,1,1,1,0,1,1,1,1,1,5,9,9
59359,0:4:3;1:1:1;1:2:2;1:2:2,5,1,1,1,1,0,1,1,1,1,1,5,9,9
59360,0:4:3;1:1:1;1:2:2;1:2:2,5,2,1,1,1,0,1,1,1,1,1,5,9,7
59361,0:4:3;1:1:1;1:2:2;1:2:2,5,3,1,1,1,0,1,1,1,1,1,5,9,1
59362,0:4:3;1:1:1;1:2:2;1:2:2,5,4,1,1,1,0,1,1,1,1,1,5,9,1
59363,0:4:3;1:1:1;1:2:2;1:2:2,5,5,1,1,1,0,1,1,1,1,1,5,9,1
59364,0:4:3;1:1:1;1:2:2;1:3:2,0,0,0,0,0,1,0,0,0,0,0,0,1,24
59365,0:4:3;1:1:1;1:2:2;1:3:2,0,1,0,0,0,1,0,0,0,0,0,0,2,24
59366,0:4:3;1:1:1;1:2:2;1:3:2,0,2,0,0,0,1,0,0,0,0,0,0,3,24
59367,0:4:3;1:1:1;1:2:2;1:3:2,0,3,0,0,0,1,0,0,0,0,0,0,20,24
59368,0:4:3;1:1:1;1:2:2;1:3:2,0,4,0,0,0,1,0,0,0,0,0,0,20,24
59369,0:4:3;1:1:1;1:2:2;1:3:2,0,5,0,0,0,1,0,0,0,0,0,0,20,24
59370,0:4:3;1:1:1;1:2:2;1:3:2,1,0,1,0,0,1,0,0,0,0,0,2,5,24
59371,0:4:3;1:1:1;1:2:2;1:3:2,1,1,1,0,0,1,0,0,0,0,0,2,9,24
59372,0:4:3;1:1:1;1:2:2;1:3:2,1,2,1,1,0,0,1,1,1,1,1,5,9,7
59373,0:4:3;1:1:1;1:2:2;1:3:2,1,3,1,1,1,0,1,1,1,1,1,5,9,1
59374,0:4:3;1:1:1;1:2:2;1:3:2,1,4,1,1,1,0,1,1,1,1,1,5,9,1
59375,0:4:3;1:1:1;1:2:2;1:3:2,1,5,1,1,1,0,1,1,1,1,1,5,9,1
59376,0:4:3;1:1:1;1:2:2;1:3:2,2,0,1,1,0,1,0,0,0,1,1,7,20,19
59377,0:4:3;1:1:1;1:2:2;1:3:2,2,1,1,1,0,1,0,0,1,1,1,6,15,13
59378,0:4:3;1:1:1;1:2:2;1:3:2,2,2,1,1,1,0,1,1,1,1,1,5,9,7
59379,0:4:3;1:1:1;1:2:2;1:3:2,2,3,1,1,1,0,1,1,1,1,1,5,9,1
59380,0:4:3;1:1:1;1:2:2;1:3:2,2,4,1,1,1,0,1,1,1,1,1,5,9,1
59381,0:4:3;1:1:1;1:2:2;1:3:2,2,5,1,1,1,0,1,1,1,1,1,5,9,1
59382,0:4:3;1:1:1;1:2:2;1:3:2,3,0,1,1,0,0,1,1,1,1,1,5,9,9
59383,0:4:3;1:1:1;1:2:2;1:3:2,3,1,1,1,1,0,1,1,1,1,1,5,9,9
59384,0:4:3;1:1:1;1:2:2;1:3:2,3,2,1,1,1,0,1,1,1,1,1,5,9,7
59385,0:4:3;1:1:1;1:2:2;1:3:2,3,3,1,1,1,0,1,1,1,1,1,5,9,1
59386,0:4:3;1:1:1;1:2:2;1:3:2,3,4,1,1,1,0,1,1,1,1,1,5,9,1
59387,0:4:3;1:1:1;1:2:2;1:3:2,3,5,1,1,1,0,1,1,1,1,1,5,9,1
59388,0:4:3;1:1:1;1:2:2;1:3:2,4,0,1,1,1,0,1,1,1,1,1,5,9,9
59389,0:4:3;1:1:1;1:2:2;1:3:2,4,1,1,1,1,0,1,1,1,1,1,5,9,9
59390,0:4:3;1:1:1;1:2:2;1:3:2,4,2,1,1,1,0,1,1,1,1,1,5,9,7
59391,0:4:3;1:1:1;1:2:2;1:3:2,4,3,1,1,1,0,1,1,1,1,1,5,9,1
59392,0:4:3;1:1:1;1:2:2;1:3:2,4,4,1,1,1,0,1,1,1,1,1,5,9,1
59393,0:4:3;1:1:1;1:2:2;1:3:2,4,5,1,1,1,0,1,1,1,1,1,5,9,1
59394,0:4:3;1:1:1;1:2:2;1:3:2,5,0,1,1,1,0,1,1,1,1,1,5,9,9
59395,0:4:3;1:1:1;1:2:2;1:3:2,5,1,1,1,1,0,1,1,1,1,1,5,9,9
59396,0:4:3;1:1:1;1:2:2;1:3:2,5,2,1,1,1,0,1,1,1,1,1,5,9,7
59397,0:4:3;1:1:1;1:2:2;1:3:2,5,3,1,1,1,0,1,1,1,1,1,5,9,1
59398,0:4:3;1:1:1;1:2:2;1:3:2,5,4,1,1,1,0,1,1,1,1,1,5,9,1
59399,0:4:3;1:1:1;1:2:2;1:3:2,5,5,1,1,1,0,1,1,1,1,1,5,9,1
59400,0:4:3;1:1:1;1:2:2;1:3:3,0,0,0,0,0,1,0,0,0,0,0,0,1,24
59401,0:4:3;1:1:1;1:2:2;1:3:3,0,1,0,0,0,1,0,0,0,0,0,0,2,24
59402,0:4:3;1:1:1;1:2:2;1:3:3,0,2,0,0,0,1,0,0,0,0,0,0,3,24
59403,0:4:3;1:1:1;1:2:2;1:3:3,0,3,0,0,0,1,0,0,0,0,0,0,23,24
59404,0:4:3;1:1:1;1:2:2;1:3:3,0,4,0,0,0,1,0,0,0,0,0,0,23,24
59405,0:4:3;1:1:1;1:2:2;1:3:3,0,5,0,0,0,1,0,0,0,0,0,0,23,24
59406,0:4:3;1:1:1;1:2:2;1:3:3,1,0,0,0,0,1,0,0,0,0,0,0,5,24
59407,0:4:3;1:1:1;1:2:2;1:3:3,1,1,0,0,0,1,0,0,0,0,0,0,9,24
59408,0:4:3;1:1:1;1:2:2;1:3:3,1,2,0,0,0,1,0,0,0,0,0,0,23,24
59409,0:4:3;1:1:1;1:2:2;1:3:3,1,3,0,0,0,1,0,0,0,0,0,0,35,24
59410,0:4:3;1:1:1;1:2:2;1:3:3,1,4,0,0,0,1,0,0,0,0,0,0,35,24
59411,0:4:3;1:1:1;1:2:2;1:3:3,1,5,0,0,0,1,0,0,0,0,0,0,35,24
59412,0:4:3;1:1:1;1:2:2;1:3:3,2,0,1,0,0,1,0,0,0,0,0,3,14,24
59413,0:4:3;1:1:1;1:2:2;1:3:3,2,1,1,1,0,1,0,0,1,0,1,6,16,13
59414,0:4:3;1:1:1;1:2:2;1:3:3,2,2,1,1,0,0,1,1,1,1,1,5,10,7
59415,0:4:3;1:1:1;1:2:2;1:3:3,2,3,1,1,1,0,1,1,1,1,1,5,10,1
59416,0:4:3;1:1:1;1:2:2;1:3:3,2,4,1,1,1,0,1,1,1,1,1,5,10,1
59417,0:4:3;1:1:1;1:2:2;1:3:3,2,5,1,1,1,0,1,1,1,1,1,5,10,1
59418,0:4:3;1:1:1;1:2:2;1:3:3,3,0,1,1,0,0,1,1,1,1,1,5,10,9
59419,0:4:3;1:1:1;1:2:2;1:3:3,3,1,1,1,0,0,1,1,1,1,1,5,10,9
59420,0:4:3;1:1:1;1:2:2;1:3:3,3,2,1,1,1,0,1,1,1,1,1,5,10,7
59421,0:4:3;1:1:1;1:2:2;1:3:3,3,3,1,1,1,0,1,1,1,1,1,5,10,1
59422,0:4:3;1:1:1;1:2:2;1:3:3,3,4,1,1,1,0,1,1,1,1,1,5,10,1
59423,0:4:3;1:1:1;1:2:2;1:3:3,3,5,1,1,1,0,1,1,1,1,1,5,10,1
59424,0:4:3;1:1:1;1:2:2;1:3:3,4,0,1,1,0,0,1,1,1,1,1,5,10,9
59425,0:4:3;1:1:1;1:2:2;1:3:3,4,1,1,1,1,0,1,1,1,1,1,5,10,9
59426,0:4:3;1:1:1;1:2:2;1:3:3,4,2,1,1,1,0,1,1,1,1,1,5,10,7
59427,0:4:3;1:1:1;1:2:2;1:3:3,4,3,1,1,1,0,1,1,1,1,1,5,10,1
59428,0:4:3;1:1:1;1:2:2;1:3:3,4,4,1,1,1,0,1,1,1,1,1,5,10,1
59429,0:4:3;1:1:1;1:2:2;1:3:3,4,5,1,1,1,0,1,1,1,1,1,5,10,1
59430,0:4:3;1:1:1;1:2:2;1:3:3,5,0,1,1,1,0,1,1,1,1,1,5,10,9
59431,0:4:3;1:1:1;1:2:2;1:3:3,5,1,1,1,1,0,1,1,1,1,1,5,10,9
59432,0:4:3;1:1:1;1:2:2;1:3:3,5,2,1,1,1,0,1,1,1,1,1,5,10,7
59433,0:4:3;1:1:1;1:2:2;1:3:3,5,3,1,1,1,0,1,1,1,1,1,5,10,1
59434,0:4:3;1:1:1;1:2:2;1:3:3,5,4,1,1,1,0,1,1,1,1,1,5,10,1
59435,0:4:3;1:1:1;1:2:2;1:3:3,5,5,1,1,1,0,1,1,1,1,1,5,10,1
59436,0:4:3;1:1:1;1:2:2;1:4:3,0,0,0,0,0,1,0,0,0,0,0,0,1,24
59437,0:4:3;1:1:1;1:2:2;1:4:3,0,1,0,0,0,1,0,0,0,0,0,0,2,24
59438,0:4:3;1:1:1;1:2:2;1:4:3,0,2,0,0,0,1,0,0,0,0,0,0,3,24
59439,0:4:3;1:1:1;1:2:2;1:4:3,0,3,0,0,0,1,0,0,0,0,0,0,23,24
59440,0:4:3;1:1:1;1:2:2;1:4:3,0,4,0,0,0,1,0,0,0,0,0,0,23,24
59441,0:4:3;1:1:1;1:2:2;1:4:3,0,5,0,0,0,1,0,0,0,0,0,0,23,24
59442,0:4:3;1:1:1;1:2:2;1:4:3,1,0,0,0,0,1,0,0,0,0,0,0,5,24
59443,0:4:3;1:1:1;1:2:2;1:4:3,1,1,0,0,0,1,0,0,0,0,0,0,9,24
59444,0:4:3;1:1:1;1:2:2;1:4:3,1,2,0,0,0,1,0,0,0,0,0,0,23,24
59445,0:4:3;1:1:1;1:2:2;1:4:3,1,3,0,0,0,1,0,0,0,0,0,0,35,24
59446,0:4:3;1:1:1;1:2:2;1:4:3,1,4,0,0,0,1,0,0,0,0,0,0,35,24
59447,0:4:3;1:1:1;1:2:2;1:4:3,1,5,0,0,0,1,0,0,0,0,0,0,35,24
59448,0:4:3;1:1:1;1:2:2;1:4:3,2,0,1,0,0,1,0,0,0,0,0,3,14,24
59449,0:4:3;1:1:1;1:2:2;1:4:3,2,1,1,1,0,1,0,0,1,0,1,6,16,13
59450,0:4:3;1:1:1;1:2:2;1:4:3,2,2,1,1,0,0,1,1,1,1,1,5,10,7
59451,0:4:3;1:1:1;1:2:2;1:4:3,2,3,1,1,1,0,1,1,1,1,1,5,10,1
59452,0:4:3;1:1:1;1:2:2;1:4:3,2,4,1,1,1,0,1,1,1,1,1,5,10,1
59453,0:4:3;1:1:1;1:2:2;1:4:3,2,5,1,1,1,0,1,1,1,1,1,5,10,1
59454,0:4:3;1:1:1;1:2:2;1:4:3,3,0,1,1,0,0,1,1,1,1,1,5,10,9
59455,0:4:3;1:1:1;1:2:2;1:4:3,3,1,1,1,0,0,1,1,1,1,1,5,10,9
59456,0:4:3;1:1:1;1:2:2;1:4:3,3,2,1,1,1,0,1,1,1,1,1,5,10,7
59457,0:4:3;1:1:1;1:2:2;1:4:3,3,3,1,1,1,0,1,1,1,1,1,5,10,1
59458,0:4:3;1:1:1;1:2:2;1:4:3,3,4,1,1,1,0,1,1,1,1,1,5,10,1
59459,0:4:3;1:1:1;1:2:2;1:4:3,3,5,1,1,1,0,1,1,1,1,1,5,10,1
59460,0:4:3;1:1:1;1:2:2;1:4:3,4,0,1,1,0,0,1,1,1,1,1,5,10,9
59461,0:4:3;1:1:1;1:2:2;1:4:3,4,1,1,1,1,0,1,1,1,1,1,5,10,9
59462,0:4:3;1:1:1;1:2:2;1:4:3,4,2,1,1,1,0,1,1,1,1,1,5,10,7
59463,0:4:3;1:1:1;1:2:2;1:4:3,4,3,1,1,1,0,1,1,1,1,1,5,10,1
59464,0:4:3;1:1:1;1:2:2;1:4:3,4,4,1,1,1,0,1,1,1,1,1,5,10,1
59465,0:4:3;1:1:1;1:2:2;1:4:3,4,5,1,1,1,0,1,1,1,1,1,5,10,1
59466,0:4:3;1:1:1;1:2:2;1:4:3,5,0,1,1,1,0,1,1,1,1,1,5,10,9
59467,0:4:3;1:1:1;1:2:2;1:4:3,5,1,1,1,1,0,1,1,1,1,1,5,10,9
59468,0:4:3;1:1:1;1:2:2;1:4:3,5,2,1,1,1,0,1,1,1,1,1,5,10,7
59469,0:4:3;1:1:1;1:2:2;1:4:3,5,3,1,1,1,0,1,1,1,1,1,5,10,1
59470,0:4:3;1:1:1;1:2:2;1:4:3,5,4,1,1,1,0,1,1,1,1,1,5,10,1
59471,0:4:3;1:1:1;1:2:2;1:4:3,5,5,1,1,1,0,1,1,1,1,1,5,10,1
59472,0:4:3;1:1:1;1:3:2;1:3:2,0,0,0,0,0,1,0,0,0,0,0,0,1,24
59473,0:4:3;1:1:1;1:3:2;1:3:2,0,1,0,0,0,1,0,0,0,0,0,0,2,24
59474,0:4:3;1:1:1;1:3:2;1:3:2,0,2,0,0,0,1,0,0,0,0,0,0,3,24
59475,0:4:3;1:1:1;1:3:2;1:3:2,0,3,0,0,0,1,0,0,0,0,0,0,20,24
59476,0:4:3;1:1:1;1:3:2;1:3:2,0,4,0,0,0,1,0,0,0,0,0,0,20,24
59477,0:4:3;1:1:1;1:3:2;1:3:2,0,5,0,0,0,1,0,0,0,0,0,0,20,24
59478,0:4:3;1:1:1;1:3:2;1:3:2,1,0,1,0,0,1,0,0,0,0,0,2,5,24
59479,0:4:3;1:1:1;1:3:2;1:3:2,1,1,1,0,0,1,0,0,0,0,0,2,9,24
59480,0:4:3;1:1:1;1:3:2;1:3:2,1,2,1,1,0,0,1,1,1,1,1,5,9,7
59481,0:4:3;1:1:1;1:3:2;1:3:2,1,3,1,1,1,0,1,1,1,1,1,5,9,1
59482,0:4:3;1:1:1;1:3:2;1:3:2,1,4,1,1,1,0,1,1,1,1,1,5,9,1
59483,0:4:3;1:1:1;1:3:2;1:3:2,1,5,1,1,1,0,1,1,1,1,1,5,9,1
59484,0:4:3;1:1:1;1:3:2;1:3:2,2,0,1,1,0,1,0,0,1,1,1,6,15,13
59485,0:4:3;1:1:1;1:3:2;1:3:2,2,1,1,1,0,1,0,0,1,1,1,6,15,13
59486,0:4:3;1:1:1;1:3:2;1:3:2,2,2,1,1,1,0,1,1,1,1,1,5,9,7
59487,0:4:3;1:1:1;1:3:2;1:3:2,2,3,1,1,1,0,1,1,1,1,1,5,9,1
59488,0:4:3;1:1:1;1:3:2;1:3:2,2,4,1,1,1,0,1,1,1,1,1,5,9,1
59489,0:4:3;1:1:1;1:3:2;1:3:2,2,5,1,1,1,0,1,1,1,1,1,5,9,1
59490,0:4:3;1:1:1;1:3:2;1:3:2,3,0,1,1,0,0,1,1,1,1,1,5,9,9
59491,0:4:3;1:1:1;1:3:2;1:3:2,3,1,1,1,1,0,1,1,1,1,1,5,9,9
59492,0:4:3;1:1:1;1:3:2;1:3:2,3,2,1,1,1,0,1,1,1,1,1,5,9,7
59493,0:4:3;1:1:1;1:3:2;1:3:2,3,3,1,1,1,0,1,1,1,1,1,5,9,1
59494,0:4:3;1:1:1;1:3:2;1:3:2,3,4,1,1,1,0,1,1,1,1,1,5,9,1
59495,0:4:3;1:1:1;1:3:2;1:3:2,3,5,1,1,1,0,1,1,1,1,1,5,9,1
59496,0:4:3;1:1:1;1:3:2;1:3:2,4,0,1,1,1,0,1,1,1,1,1,5,9,9
59497,0:4:3;1:1:1;1:3:2;1:3:2,4,1,1,1,1,0,1,1,1,1,1,5,9,9
59498,0:4:3;1:1:1;1:3:2;1:3:2,4,2,1,1,1,0,1,1,1,1,1,5,9,7
59499,0:4:3;1:1:1;1:3:2;1:3:2,4,3,1,1,1,0,1,1,1,1,1,5,9,1
59500,0:4:3;1:1:1;1:3:2;1:3:2,4,4,1,1,1,0,1,1,1,1,1,5,9,1
59501,0:4:3;1:1:1;1:3:2;1:3:2,4,5,1,1,1,0,1,1,1,1,1,5,9,1
59502,0:4:3;1:1:1;1:3:2;1:3:2,5,0,1,1,1,0,1,1,1,1,1,5,9,9
59503,0:4:3;1:1:1;1:3:2;1:3:2,5,1,1,1,1,0,1,1,1,1,1,5,9,9
59504,0:4:3;1:1:1;1:3:2;1:3:2,5,2,1,1,1,0,1,1,1,1,1,5,9,7
59505,0:4:3;1:1:1;1:3:2;1:3:2,5,3,1,1,1,0,1,1,1,1,1,5,9,1
59506,0:4:3;1:1:1;1:3:2;1:3:2,5,4,1,1,1,0,1,1,1,1,1,5,9,1
59507,0:4:3;1:1:1;1:3:2;1:3:2,5,5,1,1,1,0,1,1,1,1,1,5,9,1
59508,0:4:3;1:1:1;1:3:2;1:3:3,0,0,0,0,0,1,0,0,0,0,0,0,1,24
59509,0:4:3;1:1:1;1:3:2;1:3:3,0,1,0,0,0,1,0,0,0,0,0,0,2,24
59510,0:4:3;1:1:1;1:3:2;1:3:3,0,2,0,0,0,1,0,0,0,0,0,0,3,24
59511,0:4:3;1:1:1;1:3:2;1:3:3,0,3,0,0,0,1,0,0,0,0,0,0,23,24
59512,0:4:3;1:1:1;1:3:2;1:3:3,0,4,0,0,0,1,0,0,0,0,0,0,23,24
59513,0:4:3;1:1:1;1:3:2;1:3:3,0,5,0,0,0,1,0,0,0,0,0,0,23,24
59514,0:4:3;1:1:1;1:3:2;1:3:3,1,0,0,0,0,1,0,0,0,0,0,0,5,24
59515,0:4:3;1:1:1;1:3:2;1:3:3,1,1,0,0,0,1,0,0,0,0,0,0,9,24
59516,0:4:3;1:1:1;1:3:2;1:3:3,1,2,0,0,0,1,0,0,0,0,0,0,23,24
59517,0:4:3;1:1:1;1:3:2;1:3:3,1,3,0,0,0,1,0,0,0,0,0,0,35,24
59518,0:4:3;1:1:1;1:3:2;1:3:3,1,4,0,0,0,1,0,0,0,0,0,0,35,24
59519,0:4:3;1:1:1;1:3:2;1:3:3,1,5,0,0,0,1,0,0,0,0,0,0,35,24
59520,0:4:3;1:1:1;1:3:2;1:3:3,2,0,1,1,0,1,0,0,1,1,1,6,16,13
59521,0:4:3;1:1:1;1:3:2;1:3:3,2,1,1,1,0,1,0,0,1,1,1,6,16,13
59522,0:4:3;1:1:1;1:3:2;1:3:3,2,2,1,1,0,0,1,1,1,1,1,5,10,7
59523,0:4:3;1:1:1;1:3:2;1:3:3,2,3,1,1,1,0,1,1,1,1,1,5,10,1
59524,0:4:3;1:1:1;1:3:2;1:3:3,2,4,1,1,1,0,1,1,1,1,1,5,10,1
59525,0:4:3;1:1:1;1:3:2;1:3:3,2,5,1,1,1,0,1,1,1,1,1,5,10,1
59526,0:4:3;1:1:1;1:3:2;1:3:3,3,0,1,1,0,0,1,1,1,1,1,5,10,9
59527,0:4:3;1:1:1;1:3:2;1:3:3,3,1,1,1,0,0,1,1,1,1,1,5,10,9
59528,0:4:3;1:1:1;1:3:2;1:3:3,3,2,1,1,1,0,1,1,1,1,1,5,10,7
59529,0:4:3;1:1:1;1:3:2;1:3:3,3,3,1,1,1,0,1,1,1,1,1,5,10,1
59530,0:4:3;1:1:1;1:3:2;1:3:3,3,4,1,1,1,0,1,1,1,1,1,5,10,1
59531,0:4:3;1:1:1;1:3:2;1:3:3,3,5,1,1,1,0,1,1,1,1,1,5,10,1
59532,0:4:3;1:1:1;1:3:2;1:3:3,4,0,1,1,0,0,1,1,1,1,1,5,10,9
59533,0:4:3;1:1:1;1:3:2;1:3:3,4,1,1,1,1,0,1,1,1,1,1,5,10,9
59534,0:4:3;1:1:1;1:3:2;1:3:3,4,2,1,1,1,0,1,1,1,1,1,5,10,7
59535,0:4:3;1:1:1;1:3:2;1:3:3,4,3,1,1,1,0,1,1,1,1,1,5,10,1
59536,0:4:3;1:1:1;1:3:2;1:3:3,4,4,1,1,1,0,1,1,1,1,1,5,10,1
59537,0:4:3;1:1:1;1:3:2;1:3:3,4,5,1,1,1,0,1,1,1,1,1,5,10,1
59538,0:4:3;1:1:1;1:3:2;1:3:3,5,0,1,1,1,0,1,1,1,1,1,5,10,9
59539,0:4:3;1:1:1;1:3:2;1:3:3,5,1,1,1,1,0,1,1,1,1,1,5,10,9
59540,0:4:3;1:1:1;1:3:2;1:3:3,5,2,1,1,1,0,1,1,1,1,1,5,10,7
59541,0:4:3;1:1:1;1:3:2;1:3:3,5,3,1,1,1,0,1,1,1,1,1,5,10,1
59542,0:4:3;1:1:1;1:3:2;1:3:3,5,4,1,1,1,0,1,1,1,1,1,5,10,1
59543,0:4:3;1:1:1;1:3:2;1:3:3,5,5,1,1,1,0,1,1,1,1,1,5,10,1
59544,0:4:3;1:1:1;1:3:2;1:4:3,0,0,0,0,0,1,0,0,0,0,0,0,1,24
59545,0:4:3;1:1:1;1:3:2;1:4:3,0,1,0,0,0,1,0,0,0,0,0,0,2,24
59546,0:4:3;1:1:1;1:3:2;1:4:3,0,2,0,0,0,1,0,0,0,0,0,0,3,24
59547,0:4:3;1:1:1;1:3:2;1:4:3,0,3,0,0,0,1,0,0,0,0,0,0,23,24
59548,0:4:3;1:1:1;1:3:2;1:4:3,0,4,0,0,0,1,0,0,0,0,0,0,23,24
59549,0:4:3;1:1:1;1:3:2;1:4:3,0,5,0,0,0,1,0,0,0,0,0,0,23,24
59550,0:4:3;1:1:1;1:3:2;1:4:3,1,0,0,0,0,1,0,0,0,0,0,0,5,24
59551,0:4:3;1:1:1;1:3:2;1:4:3,1,1,0,0,0,1,0,0,0,0,0,0,9,24
59552,0:4:3;1:1:1;1:3:2;1:4:3,1,2,0,0,0,1,0,0,0,0,0,0,23,24
59553,0:4:3;1:1:1;1:3:2;1:4:3,1,3,0,0,0,1,0,0,0,0,0,0,35,24
59554,0:4:3;1:1:1;1:3:2;1:4:3,1,4,0,0,0,1,0,0,0,0,0,0,35,24
59555,0:4:3;1:1:1;1:3:2;1:4:3,1,5,0,0,0,1,0,0,0,0,0,0,35,24
59556,0:4:3;1:1:1;1:3:2;1:4:3,2,0,1,1,0,1,0,0,1,1,1,6,16,13
59557,0:4:3;1:1:1;1:3:2;1:4:3,2,1,1,1,0,1,0,0,1,1,1,6,16,13
59558,0:4:3;1:1:1;1:3:2;1:4:3,2,2,1,1,0,0,1,1,1,1,1,5,10,7
59559,0:4:3;1:1:1;1:3:2;1:4:3,2,3,1,1,1,0,1,1,1,1,1,5,10,1
59560,0:4:3;1:1:1;1:3:2;1:4:3,2,4,1,1,1,0,1,1,1,1,1,5,10,1
59561,0:4:3;1:1:1;1:3:2;1:4:3,2,5,1,1,1,0,1,1,1,1,1,5,10,1
59562,0:4:3;1:1:1;1:3:2;1:4:3,3,0,1,1,0,0,1,1,1,1,1,5,10,9
59563,0:4:3;1:1:1;1:3:2;1:4:3,3,1,1,1,0,0,1,1,1,1,1,5,10,9
59564,0:4:3;1:1:1;1:3:2;1:4:3,3,2,1,1,1,0,1,1,1,1,1,5,10,7
59565,0:4:3;1:1:1;1:3:2;1:4:3,3,3,1,1,1,0,1,1,1,1,1,5,10,1
59566,0:4:3;1:1:1;1:3:2;1:4:3,3,4,1,1,1,0,1,1,1,1,1,5,10,1
59567,0:4:3;1:1:1;1:3:2;1:4:3,3,5,1,1,1,0,1,1,1,1,1,5,10,1
59568,0:4:3;1:1:1;1:3:2;1:4:3,4,0,1,1,0,0,1,1,1,1,1,5,10,9
59569,0:4:3;1:1:1;1:3:2;1:4:3,4,1,1,1,1,0,1,1,1,1,1,5,10,9
59570,0:4:3;1:1:1;1:3:2;1:4:3,4,2,1,1,1,0,1,1,1,1,1,5,10,7
59571,0:4:3;1:1:1;1:3:2;1:4:3,4,3,1,1,1,0,1,1,1,1,1,5,10,1
59572,0:4:3;1:1:1;1:3:2;1:4:3,4,4,1,1,1,0,1,1,1,1,1,5,10,1
59573,0:4:3;1:1:1;1:3:2;1:4:3,4,5,1,1,1,0,1,1,1,1,1,5,10,1
59574,0:4:3;1:1:1;1:3:2;1:4:3,5,0,1,1,1,0,1,1,1,1,1,5,10,9
59575,0:4:3;1:1:1;1:3:2;1:4:3,5,1,1,1,1,0,1,1,1,1,1,5,10,9
59576,0:4:3;1:1:1;1:3:2;1:4:3,5,2,1,1,1,0,1,1,1,1,1,5,10,7
59577,0:4:3;1:1:1;1:3:2;1:4:3,5,3,1,1,1,0,1,1,1,1,1,5,10,1
59578,0:4:3;1:1:1;1:3:2;1:4:3,5,4,1,1,1,0,1,1,1,1,1,5,10,1
59579,0:4:3;1:1:1;1:3:2;1:4:3,5,5,1,1,1,0,1,1,1,1,1,5,10,1
59580,0:4:3;1:1:1;1:3:3;1:3:3,0,0,0,0,0,1,0,0,0,0,0,0,1,24
59581,0:4:3;1:1:1;1:3:3;1:3:3,0,1,0,0,0,1,0,0,0,0,0,0,2,24
59582,0:4:3;1:1:1;1:3:3;1:3:3,0,2,0,0,0,1,0,0,0,0,0,0,3,24
59583,0:4:3;1:1:1;1:3:3;1:3:3,0,3,0,0,0,1,0,0,0,0,0,0,26,24
59584,0:4:3;1:1:1;1:3:3;1:3:3,0,4,0,0,0,1,0,0,0,0,0,0,26,24
59585,0:4:3;1:1:1;1:3:3;1:3:3,0,5,0,0,0,1,0,0,0,0,0,0,26,24
59586,0:4:3;1:1:1;1:3:3;1:3:3,1,0,0,0,0,1,0,0,0,0,0,0,5,24
59587,0:4:3;1:1:1;1:3:3;1:3:3,1,1,0,0,0,1,0,0,0,0,0,0,9,24
59588,0:4:3;1:1:1;1:3:3;1:3:3,1,2,0,0,0,1,0,0,0,0,0,0,25,24
59589,0:4:3;1:1:1;1:3:3;1:3:3,1,3,0,0,0,1,0,0,0,0,0,0,40,24
59590,0:4:3;1:1:1;1:3:3;1:3:3,1,4,0,0,0,1,0,0,0,0,0,0,40,24
59591,0:4:3;1:1:1;1:3:3;1:3:3,1,5,0,0,0,1,0,0,0,0,0,0,40,24
59592,0:4:3;1:1:1;1:3:3;1:3:3,2,0,0,0,0,1,0,0,0,0,0,0,12,24
59593,0:4:3;1:1:1;1:3:3;1:3:3,2,1,0,0,0,1,0,0,0,0,0,0,21,24
59594,0:4:3;1:1:1;1:3:3;1:3:3,2,2,0,0,0,1,0,0,0,0,0,0,42,24
59595,0:4:3;1:1:1;1:3:3;1:3:3,2,3,0,0,0,1,0,0,0,0,0,0,58,24
59596,0:4:3;1:1:1;1:3:3;1:3:3,2,4,0,0,0,1,0,0,0,0,0,0,58,24
59597,0:4:3;1:1:1;1:3:3;1:3:3,2,5,0,0,0,1,0,0,0,0,0,0,58,24
59598,0:4:3;1:1:1;1:3:3;1:3:3,3,0,1,1,0,1,0,0,1,0,1,6,23,13
59599,0:4:3;1:1:1;1:3:3;1:3:3,3,1,1,1,0,1,0,0,1,0,1,6,23,13
59600,0:4:3;1:1:1;1:3:3;1:3:3,3,2,1,1,1,0,1,1,1,1,1,5,11,7
59601,0:4:3;1:1:1;1:3:3;1:3:3,3,3,1,1,1,0,1,1,1,1,1,5,11,1
59602,0:4:3;1:1:1;1:3:3;1:3:3,3,4,1,1,1,0,1,1,1,1,1,5,11,1
59603,0:4:3;1:1:1;1:3:3;1:3:3,3,5,1,1,1,0,1,1,1,1,1,5,11,1
59604,0:4:3;1:1:1;1:3:3;1:3:3,4,0,1,1,0,0,1,1,1,1,1,5,11,9
59605,0:4:3;1:1:1;1:3:3;1:3:3,4,1,1,1,1,0,1,1,1,1,1,5,11,9
59606,0:4:3;1:1:1;1:3:3;1:3:3,4,2,1,1,1,0,1,1,1,1,1,5,11,7
59607,0:4:3;1:1:1;1:3:3;1:3:3,4,3,1,1,1,0,1,1,1,1,1,5,11,1
59608,0:4:3;1:1:1;1:3:3;1:3:3,4,4,1,1,1,0,1,1,1,1,1,5,11,1
59609,0:4:3;1:1:1;1:3:3;1:3:3,4,5,1,1,1,0,1,1,1,1,1,5,11,1
59610,0:4:3;1:1:1;1:3:3;1:3:3,5,0,1,1,1,0,1,1,1,1,1,5,11,9
59611,0:4:3;1:1:1;1:3:3;1:3:3,5,1,1,1,1,0,1,1,1,1,1,5,11,9
59612,0:4:3;1:1:1;1:3:3;1:3:3,5,2,1,1,1,0,1,1,1,1,1,5,11,7
59613,0:4:3;1:1:1;1:3:3;1:3:3,5,3,1,1,1,0,1,1,1,1,1,5,11,1
59614,0:4:3;1:1:1;1:3:3;1:3:3,5,4,1,1,1,0,1,1,1,1,1,5,11,1
59615,0:4:3;1:1:1;1:3:3;1:3:3,5,5,1,1,1,0,1,1,1,1,1,5,11,1
59616,0:4:3;1:1:1;1:3:3;1:4:3,0,0,0,0,0,1,0,0,0,0,0,0,1,24
59617,0:4:3;1:1:1;1:3:3;1:4:3,0,1,0,0,0,1,0,0,0,0,0,0,2,24
59618,0:4:3;1:1:1;1:3:3;1:4:3,0,2,0,0,0,1,0,0,0,0,0,0,3,24
59619,0:4:3;1:1:1;1:3:3;1:4:3,0,3,0,0,0,1,0,0,0,0,0,0,26,24
59620,0:4:3;1:1:1;1:3:3;1:4:3,0,4,0,0,0,1,0,0,0,0,0,0,26,24
59621,0:4:3;1:1:1;1:3:3;1:4:3,0,5,0,0,0,1,0,0,0,0,0,0,26,24
59622,0:4:3;1:1:1;1:3:3;1:4:3,1,0,0,0,0,1,0,0,0,0,0,0,5,24
59623,0:4:3;1:1:1;1:3:3;1:4:3,1,1,0,0,0,1,0,0,0,0,0,0,9,24
59624,0:4:3;1:1:1;1:3:3;1:4:3,1,2,0,0,0,1,0,0,0,0,0,0,25,24
59625,0:4:3;1:1:1;1:3:3;1:4:3,1,3,0,0,0,1,0,0,0,0,0,0,40,24
59626,0:4:3;1:1:1;1:3:3;1:4:3,1,4,0,0,0,1,0,0,0,0,0,0,40,24
59627,0:4:3;1:1:1;1:3:3;1:4:3,1,5,0,0,0,1,0,0,0,0,0,0,40,24
59628,0:4:3;1:1:1;1:3:3;1:4:3,2,0,0,0,0,1,0,0,0,0,0,0,12,24
59629,0:4:3;1:1:1;1:3:3;1:4:3,2,1,0,0,0,1,0,0,0,0,0,0,21,24
59630,0:4:3;1:1:1;1:3:3;1:4:3,2,2,0,0,0,1,0,0,0,0,0,0,42,24
59631,0:4:3;1:1:1;1:3:3;1:4:3,2,3,0,0,0,1,0,0,0,0,0,0,58,24
59632,0:4:3;1:1:1;1:3:3;1:4:3,2,4,0,0,0,1,0,0,0,0,0,0,58,24
59633,0:4:3;1:1:1;1:3:3;1:4:3,2,5,0,0,0,1,0,0,0,0,0,0,58,24
59634,0:4:3;1:1:1;1:3:3;1:4:3,3,0,1,1,0,1,0,0,1,1,1,6,23,13
59635,0:4:3;1:1:1;1:3:3;1:4:3,3,1,1,1,0,1,0,0,1,1,1,6,23,13
59636,0:4:3;1:1:1;1:3:3;1:4:3,3,2,1,1,1,0,1,1,1,1,1,5,11,7
59637,0:4:3;1:1:1;1:3:3;1:4:3,3,3,1,1,1,0,1,1,1,1,1,5,11,1
59638,0:4:3;1:1:1;1:3:3;1:4:3,3,4,1,1,1,0,1,1,1,1,1,5,11,1
59639,0:4:3;1:1:1;1:3:3;1:4:3,3,5,1,1,1,0,1,1,1,1,1,5,11,1
59640,0:4:3;1:1:1;1:3:3;1:4:3,4,0,1,1,0,0,1,1,1,1,1,5,11,9
59641,0:4:3;1:1:1;1:3:3;1:4:3,4,1,1,1,1,0,1,1,1,1,1,5,11,9
59642,0:4:3;1:1:1;1:3:3;1:4:3,4,2,1,1,1,0,1,1,1,1,1,5,11,7
59643,0:4:3;1:1:1;1:3:3;1:4:3,4,3,1,1,1,0,1,1,1,1,1,5,11,1
59644,0:4:3;1:1:1;1:3:3;1:4:3,4,4,1,1,1,0,1,1,1,1,1,5,11,1
59645,0:4:3;1:1:1;1:3:3;1:4:3,4,5,1,1,1,0,1,1,1,1,1,5,11,1
59646,0:4:3;1:1:1;1:3:3;1:4:3,5,0,1,1,1,0,1,1,1,1,1,5,11,9
59647,0:4:3;1:1:1;1:3:3;1:4:3,5,1,1,1,1,0,1,1,1,1,1,5,11,9
59648,0:4:3;1:1:1;1:3:3;1:4:3,5,2,1,1,1,0,1,1,1,1,1,5,11,7
59649,0:4:3;1:1:1;1:3:3;1:4:3,5,3,1,1,1,0,1,1,1,1,1,5,11,1
59650,0:4:3;1:1:1;1:3:3;1:4:3,5,4,1,1,1,0,1,1,1,1,1,5,11,1
59651,0:4:3;1:1:1;1:3:3;1:4:3,5,5,1,1,1,0,1,1,1,1,1,5,11,1
59652,0:4:3;1:1:1;1:4:3;1:4:3,0,0,0,0,0,1,0,0,0,0,0,0,1,24
59653,0:4:3;1:1:1;1:4:3;1:4:3,0,1,0,0,0,1,0,0,0,0,0,0,2,24
59654,0:4:3;1:1:1;1:4:3;1:4:3,0,2,0,0,0,1,0,0,0,0,0,0,3,24
59655,0:4:3;1:1:1;1:4:3;1:4:3,0,3,0,0,0,1,0,0,0,0,0,0,26,24
59656,0:4:3;1:1:1;1:4:3;1:4:3,0,4,0,0,0,1,0,0,0,0,0,0,26,24
59657,0:4:3;1:1:1;1:4:3;1:4:3,0,5,0,0,0,1,0,0,0,0,0,0,26,24
59658,0:4:3;1:1:1;1:4:3;1:4:3,1,0,0,0,0,1,0,0,0,0,0,0,5,24
59659,0:4:3;1:1:1;1:4:3;1:4:3,1,1,0,0,0,1,0,0,0,0,0,0,9,24
59660,0:4:3;1:1:1;1:4:3;1:4:3,1,2,0,0,0,1,0,0,0,0,0,0,25,24
59661,0:4:3;1:1:1;1:4:3;1:4:3,1,3,0,0,0,1,0,0,0,0,0,0,40,24
59662,0:4:3;1:1:1;1:4:3;1:4:3,1,4,0,0,0,1,0,0,0,0,0,0,40,24
59663,0:4:3;1:1:1;1:4:3;1:4:3,1,5,0,0,0,1,0,0,0,0,0,0,40,24
59664,0:4:3;1:1:1;1:4:3;1:4:3,2,0,0,0,0,1,0,0,0,0,0,0,12,24
59665,0:4:3;1:1:1;1:4:3;1:4:3,2,1,0,0,0,1,0,0,0,0,0,0,21,24
59666,0:4:3;1:1:1;1:4:3;1:4:3,2,2,0,0,0,1,0,0,0,0,0,0,42,24
59667,0:4:3;1:1:1;1:4:3;1:4:3,2,3,0,0,0,1,0,0,0,0,0,0,58,24
59668,0:4:3;1:1:1;1:4:3;1:4:3,2,4,0,0,0,1,0,0,0,0,0,0,58,24
59669,0:4:3;1:1:1;1:4:3;1:4:3,2,5,0,0,0,1,0,0,0,0,0,0,58,24
59670,0:4:3;1:1:1;1:4:3;1:4:3,3,0,1,1,0,1,0,0,1,1,1,6,23,13
59671,0:4:3;1:1:1;1:4:3;1:4:3,3,1,1,1,0,1,0,0,1,1,1,6,23,13
59672,0:4:3;1:1:1;1:4:3;1:4:3,3,2,1,1,1,0,1,1,1,1,1,5,11,7
59673,0:4:3;1:1:1;1:4:3;1:4:3,3,3,1,1,1,0,1,1,1,1,1,5,11,1
59674,0:4:3;1:1:1;1:4:3;1:4:3,3,4,1,1,1,0,1,1,1,1,1,5,11,1
59675,0:4:3;1:1:1;1:4:3;1:4:3,3,5,1,1,1,0,1,1,1,1,1,5,11,1
59676,0:4:3;1:1:1;1:4:3;1:4:3,4,0,1,1,0,0,1,1,1,1,1,5,11,9
59677,0:4:3;1:1:1;1:4:3;1:4:3,4,1,1,1,1,0,1,1,1,1,1,5,11,9
59678,0:4:3;1:1:1;1:4:3;1:4:3,4,2,1,1,1,0,1,1,1,1,1,5,11,7
59679,0:4:3;1:1:1;1:4:3;1:4:3,4,3,1,1,1,0,1,1,1,1,1,5,11,1
59680,0:4:3;1:1:1;1:4:3;1:4:3,4,4,1,1,1,0,1,1,1,1,1,5,11,1
59681,0:4:3;1:1:1;1:4:3;1:4:3,4,5,1,1,1,0,1,1,1,1,1,5,11,1
59682,0:4:3;1:1:1;1:4:3;1:4:3,5,0,1,1,1,0,1,1,1,1,1,5,11,9
59683,0:4:3;1:1:1;1:4:3;1:4:3,5,1,1,1,1,0,1,1,1,1,1,5,11,9
59684,0:4:3;1:1:1;1:4:3;1:4:3,5,2,1,1,1,0,1,1,1,1,1,5,11,7
59685,0:4:3;1:1:1;1:4:3;1:4:3,5,3,1,1,1,0,1,1,1,1,1,5,11,1
59686,0:4:3;1:1:1;1:4:3;1:4:3,5,4,1,1,1,0,1,1,1,1,1,5,11,1
59687,0:4:3;1:1:1;1:4:3;1:4:3,5,5,1,1,1,0,1,1,1,1,1,5,11,1
59688,0:4:3;1:2:1;1:2:1;1:2:1,0,0,1,0,0,1,0,0,0,0,0,1,1,24
59689,0:4:3;1:2:1;1:2:1;1:2:1,0,1,1,0,0,1,0,0,0,0,0,1,2,24
59690,0:4:3;1:2:1;1:2:1;1:2:1,0,2,1,0,0,1,0,0,0,0,0,1,3,24
59691,0:4:3;1:2:1;1:2:1;1:2:1,0,3,1,1,1,0,1,1,1,1,1,5,7,1
59692,0:4:3;1:2:1;1:2:1;1:2:1,0,4,1,1,1,0,1,1,1,1,1,5,7,1
59693,0:4:3;1:2:1;1:2:1;1:2:1,0,5,1,1,1,0,1,1,1,1,1,5,7,1
59694,0:4:3;1:2:1;1:2:1;1:2:1,1,0,1,0,0,1,0,0,0,0,0,4,10,24
59695,0:4:3;1:2:1;1:2:1;1:2:1,1,1,1,1,0,0,1,1,1,1,1,5,7,7
59696,0:4:3;1:2:1;1:2:1;1:2:1,1,2,1,1,1,0,1,1,1,1,1,5,7,7
59697,0:4:3;1:2:1;1:2:1;1:2:1,1,3,1,1,1,0,1,1,1,1,1,5,7,1
59698,0:4:3;1:2:1;1:2:1;1:2:1,1,4,1,1,1,0,1,1,1,1,1,5,7,1
59699,0:4:3;1:2:1;1:2:1;1:2:1,1,5,1,1,1,0,1,1,1,1,1,5,7,1
59700,0:4:3;1:2:1;1:2:1;1:2:1,2,0,1,1,0,0,1,1,1,1,1,5,7,9
59701,0:4:3;1:2:1;1:2:1;1:2:1,2,1,1,1,1,0,1,1,1,1,1,5,7,7
59702,0:4:3;1:2:1;1:2:1;1:2:1,2,2,1,1,1,0,1,1,1,1,1,5,7,7
59703,0:4:3;1:2:1;1:2:1;1:2:1,2,3,1,1,1,0,1,1,1,1,1,5,7,1
59704,0:4:3;1:2:1;1:2:1;1:2:1,2,4,1,1,1,0,1,1,1,1,1,5,7,1
59705,0:4:3;1:2:1;1:2:1;1:2:1,2,5,1,1,1,0,1,1,1,1,1,5,7,1
59706,0:4:3;1:2:1;1:2:1;1:2:1,3,0,1,1,1,0,1,1,1,1,1,5,7,9
59707,0:4:3;1:2:1;1:2:1;1:2:1,3,1,1,1,1,0,1,1,1,1,1,5,7,7
59708,0:4:3;1:2:1;1:2:1;1:2:1,3,2,1,1,1,0,1,1,1,1,1,5,7,7
59709,0:4:3;1:2:1;1:2:1;1:2:1,3,3,1,1,1,0,1,1,1,1,1,5,7,1
59710,0:4:3;1:2:1;1:2:1;1:2:1,3,4,1,1,1,0,1,1,1,1,1,5,7,1
59711,0:4:3;1:2:1;1:2:1;1:2:1,3,5,1,1,1,0,1,1,1,1,1,5,7,1
59712,0:4:3;1:2:1;1:2:1;1:2:1,4,0,1,1,1,0,1,1,1,1,1,5,7,9
59713,0:4:3;1:2:1;1:2:1;1:2:1,4,1,1,1,1,0,1,1,1,1,1,5,7,7
59714,0:4:3;1:2:1;1:2:1;1:2:1,4,2,1,1,1,0,1,1,1,1,1,5,7,7
59715,0:4:3;1:2:1;1:2:1;1:2:1,4,3,1,1,1,0,1,1,1,1,1,5,7,1
59716,0:4:3;1:2:1;1:2:1;1:2:1,4,4,1,1,1,0,1,1,1,1,1,5,7,1
59717,0:4:3;1:2:1;1:2:1;1:2:1,4,5,1,1,1,0,1,1,1,1,1,5,7,1
59718,0:4:3;1:2:1;1:2:1;1:2:1,5,0,1,1,1,0,1,1,1,1,1,5,7,9
59719,0:4:3;1:2:1;1:2:1;1:2:1,5,1,1,1,1,0,1,1,1,1,1,5,7,7
59720,0:4:3;1:2:1;1:2:1;1:2:1,5,2,1,1,1,0,1,1,1,1,1,5,7,7
59721,0:4:3;1:2:1;1:2:1;1:2:1,5,3,1,1,1,0,1,1,1,1,1,5,7,1
59722,0:4:3;1:2:1;1:2:1;1:2:1,5,4,1,1,1,0,1,1,1,1,1,5,7,1
59723,0:4:3;1:2:1;1:2:1;1:2:1,5,5,1,1,1,0,1,1,1,1,1,5,7,1
59724,0:4:3;1:2:1;1:2:1;1:2:2,0,0,1,0,0,1,0,0,0,0,0,1,1,24
59725,0:4:3;1:2:1;1:2:1;1:2:2,0,1,1,0,0,1,0,0,0,0,0,1,2,24
59726,0:4:3;1:2:1;1:2:1;1:2:2,0,2,1,0,0,1,0,0,0,0,0,1,3,24
59727,0:4:3;1:2:1;1:2:1;1:2:2,0,3,1,1,0,0,1,1,1,1,1,5,8,1
59728,0:4:3;1:2:1;1:2:1;1:2:2,0,4,1,1,1,0,1,1,1,1,1,5,8,1
59729,0:4:3;1:2:1;1:2:1;1:2:2,0,5,1,1,1,0,1,1,1,1,1,5,8,1
59730,0:4:3;1:2:1;1:2:1;1:2:2,1,0,1,0,0,1,0,0,0,0,0,3,8,24
59731,0:4:3;1:2:1;1:2:1;1:2:2,1,1,1,1,0,0,1,1,1,1,1,5,8,7
59732,0:4:3;1:2:1;1:2:1;1:2:2,1,2,1,1,0,0,1,1,1,1,1,5,8,7
59733,0:4:3;1:2:1;1:2:1;1:2:2,1,3,1,1,1,0,1,1,1,1,1,5,8,1
59734,0:4:3;1:2:1;1:2:1;1:2:2,1,4,1,1,1,0,1,1,1,1,1,5,8,1
59735,0:4:3;1:2:1;1:2:1;1:2:2,1,5,1,1,1,0,1,1,1,1,1,5,8,1
59736,0:4:3;1:2:1;1:2:1;1:2:2,2,0,1,1,0,1,1,1,0,1,1,5,8,9
59737,0:4:3;1:2:1;1:2:1;1:2:2,2,1,1,1,0,0,1,1,1,1,1,5,8,7
59738,0:4:3;1:2:1;1:2:1;1:2:2,2,2,1,1,1,0,1,1,1,1,1,5,8,7
59739,0:4:3;1:2:1;1:2:1;1:2:2,2,3,1,1,1,0,1,1,1,1,1,5,8,1
59740,0:4:3;1:2:1;1:2:1;1:2:2,2,4,1,1,1,0,1,1,1,1,1,5,8,1
59741,0:4:3;1:2:1;1:2:1;1:2:2,2,5,1,1,1,0,1,1,1,1,1,5,8,1
59742,0:4:3;1:2:1;1:2:1;1:2:2,3,0,1,1,0,0,1,1,1,1,1,5,8,9
59743,0:4:3;1:2:1;1:2:1;1:2:2,3,1,1,1,1,0,1,1,1,1,1,5,8,7
59744,0:4:3;1:2:1;1:2:1;1:2:2,3,2,1,1,1,0,1,1,1,1,1,5,8,7
59745,0:4:3;1:2:1;1:2:1;1:2:2,3,3,1,1,1,0,1,1,1,1,1,5,8,1
59746,0:4:3;1:2:1;1:2:1;1:2:2,3,4,1,1,1,0,1,1,1,1,1,5,8,1
59747,0:4:3;1:2:1;1:2:1;1:2:2,3,5,1,1,1,0,1,1,1,1,1,5,8,1
59748,0:4:3;1:2:1;1:2:1;1:2:2,4,0,1,1,1,0,1,1,1,1,1,5,8,9
59749,0:4:3;1:2:1;1:2:1;1:2:2,4,1,1,1,1,0,1,1,1,1,1,5,8,7
59750,0:4:3;1:2:1;1:2:1;1:2:2,4,2,1,1,1,0,1,1,1,1,1,5,8,7
59751,0:4:3;1:2:1;1:2:1;1:2:2,4,3,1,1,1,0,1,1,1,1,1,5,8,1
59752,0:4:3;1:2:1;1:2:1;1:2:2,4,4,1,1,1,0,1,1,1,1,1,5,8,1
59753,0:4:3;1:2:1;1:2:1;1:2:2,4,5,1,1,1,0,1,1,1,1,1,5,8,1
59754,0:4:3;1:2:1;1:2:1;1:2:2,5,0,1,1,1,0,1,1,1,1,1,5,8,9
59755,0:4:3;1:2:1;1:2:1;1:2:2,5,1,1,1,1,0,1,1,1,1,1,5,8,7
59756,0:4:3;1:2:1;1:2:1;1:2:2,5,2,1,1,1,0,1,1,1,1,1,5,8,7
59757,0:4:3;1:2:1;1:2:1;1:2:2,5,3,1,1,1,0,1,1,1,1,1,5,8,1
59758,0:4:3;1:2:1;1:2:1;1:2:2,5,4,1,1,1,0,1,1,1,1,1,5,8,1
59759,0:4:3;1:2:1;1:2:1;1:2:2,5,5,1,1,1,0,1,1,1,1,1,5,8,1
59760,0:4:3;1:2:1;1:2:1;1:3:2,0,0,1,0,0,1,0,0,0,0,0,1,1,24
59761,0:4:3;1:2:1;1:2:1;1:3:2,0,1,1,0,0,1,0,0,0,0,0,1,2,24
59762,0:4:3;1:2:1;1:2:1;1:3:2,0,2,1,0,0,1,0,0,0,0,0,1,3,24
59763,0:4:3;1:2:1;1:2:1;1:3:2,0,3,1,1,0,0,1,1,1,1,1,5,8,1
59764,0:4:3;1:2:1;1:2:1;1:3:2,0,4,1,1,1,0,1,1,1,1,1,5,8,1
59765,0:4:3;1:2:1;1:2:1;1:3:2,0,5,1,1,1,0,1,1,1,1,1,5,8,1
59766,0:4:3;1:2:1;1:2:1;1:3:2,1,0,1,0,0,1,0,0,0,0,0,3,8,24
59767,0:4:3;1:2:1;1:2:1;1:3:2,1,1,1,1,0,0,1,1,1,1,1,5,8,7
59768,0:4:3;1:2:1;1:2:1;1:3:2,1,2,1,1,0,0,1,1,1,1,1,5,8,7
59769,0:4:3;1:2:1;1:2:1;1:3:2,1,3,1,1,1,0,1,1,1,1,1,5,8,1
59770,0:4:3;1:2:1;1:2:1;1:3:2,1,4,1,1,1,0,1,1,1,1,1,5,8,1
59771,0:4:3;1:2:1;1:2:1;1:3:2,1,5,1,1,1,0,1,1,1,1,1,5,8,1
59772,0:4:3;1:2:1;1:2:1;1:3:2,2,0,1,1,0,0,1,1,1,1,1,5,8,9
59773,0:4:3;1:2:1;1:2:1;1:3:2,2,1,1,1,0,0,1,1,1,1,1,5,8,7
59774,0:4:3;1:2:1;1:2:1;1:3:2,2,2,1,1,1,0,1,1,1,1,1,5,8,7
59775,0:4:3;1:2:1;1:2:1;1:3:2,2,3,1,1,1,0,1,1,1,1,1,5,8,1
59776,0:4:3;1:2:1;1:2:1;1:3:2,2,4,1,1,1,0,1,1,1,1,1,5,8,1
59777,0:4:3;1:2:1;1:2:1;1:3:2,2,5,1,1,1,0,1,1,1,1,1,5,8,1
59778,0:4:3;1:2:1;1:2:1;1:3:2,3,0,1,1,0,0,1,1,1,1,1,5,8,9
59779,0:4:3;1:2:1;1:2:1;1:3:2,3,1,1,1,1,0,1,1,1,1,1,5,8,7
59780,0:4:3;1:2:1;1:2:1;1:3:2,3,2,1,1,1,0,1,1,1,1,1,5,8,7
59781,0:4:3;1:2:1;1:2:1;1:3:2,3,3,1,1,1,0,1,1,1,1,1,5,8,1
59782,0:4:3;1:2:1;1:2:1;1:3:2,3,4,1,1,1,0,1,1,1,1,1,5,8,1
59783,0:4:3;1:2:1;1:2:1;1:3:2,3,5,1,1,1,0,1,1,1,1,1,5,8,1
59784,0:4:3;1:2:1;1:2:1;1:3:2,4,0,1,1,1,0,1,1,1,1,1,5,8,9
59785,0:4:3;1:2:1;1:2:1;1:3:2,4,1,1,1,1,0,1,1,1,1,1,5,8,7
59786,0:4:3;1:2:1;1:2:1;1:3:2,4,2,1,1,1,0,1,1,1,1,1,5,8,7
59787,0:4:3;1:2:1;1:2:1;1:3:2,4,3,1,1,1,0,1,1,1,1,1,5,8,1
59788,0:4:3;1:2:1;1:2:1;1:3:2,4,4,1,1,1,0,1,1,1,1,1,5,8,1
59789,0:4:3;1:2:1;1:2:1;1:3:2,4,5,1,1,1,0,1,1,1,1,1,5,8,1
59790,0:4:3;1:2:1;1:2:1;1:3:2,5,0,1,1,1,0,1,1,1,1,1,5,8,9
59791,0:4:3;1:2:1;1:2:1;1:3:2,5,1,1,1,1,0,1,1,1,1,1,5,8,7
59792,0:4:3;1:2:1;1:2:1;1:3:2,5,2,1,1,1,0,1,1,1,1,1,5,8,7
59793,0:4:3;1:2:1;1:2:1;1:3:2,5,3,1,1,1,0,1,1,1,1,1,5,8,1
59794,0:4:3;1:2:1;1:2:1;1:3:2,5,4,1,1,1,0,1,1,1,1,1,5,8,1
59795,0:4:3;1:2:1;1:2:1;1:3:2,5,5,1,1,1,0,1,1,1,1,1,5,8,1
59796,0:4:3;1:2:1;1:2:1;1:3:3,0,0,0,0,0,1,0,0,0,0,0,0,1,24
59797,0:4:3;1:2:1;1:2:1;1:3:3,0,1,0,0,0,1,0,0,0,0,0,0,2,24
59798,0:4:3;1:2:1;1:2:1;1:3:3,0,2,0,0,0,1,0,0,0,0,0,0,3,24
59799,0:4:3;1:2:1;1:2:1;1:3:3,0,3,0,0,0,1,0,0,0,0,0,0,18,24
59800,0:4:3;1:2:1;1:2:1;1:3:3,0,4,0,0,0,1,0,0,0,0,0,0,18,24
59801,0:4:3;1:2:1;1:2:1;1:3:3,0,5,0,0,0,1,0,0,0,0,0,0,18,24
59802,0:4:3;1:2:1;1:2:1;1:3:3,1,0,1,0,0,1,0,0,0,0,0,3,8,24
59803,0:4:3;1:2:1;1:2:1;1:3:3,1,1,1,1,0,0,1,1,1,1,1,5,9,7
59804,0:4:3;1:2:1;1:2:1;1:3:3,1,2,1,1,0,0,1,1,1,1,1,5,9,7
59805,0:4:3;1:2:1;1:2:1;1:3:3,1,3,1,1,0,0,1,1,1,1,1,5,9,1
59806,0:4:3;1:2:1;1:2:1;1:3:3,1,4,1,1,1,0,1,1,1,1,1,5,9,1
59807,0:4:3;1:2:1;1:2:1;1:3:3,1,5,1,1,1,0,1,1,1,1,1,5,9,1
59808,0:4:3;1:2:1;1:2:1;1:3:3,2,0,1,1,0,0,1,1,1,1,1,5,9,9
59809,0:4:3;1:2:1;1:2:1;1:3:3,2,1,1,1,0,0,1,1,1,1,1,5,9,7
59810,0:4:3;1:2:1;1:2:1;1:3:3,2,2,1,1,0,0,1,1,1,1,1,5,9,7
59811,0:4:3;1:2:1;1:2:1;1:3:3,2,3,1,1,1,0,1,1,1,1,1,5,9,1
59812,0:4:3;1:2:1;1:2:1;1:3:3,2,4,1,1,1,0,1,1,1,1,1,5,9,1
59813,0:4:3;1:2:1;1:2:1;1:3:3,2,5,1,1,1,0,1,1,1,1,1,5,9,1
59814,0:4:3;1:2:1;1:2:1;1:3:3,3,0,1,1,0,0,1,1,1,1,1,5,9,9
59815,0:4:3;1:2:1;1:2:1;1:3:3,3,1,1,1,0,0,1,1,1,1,1,5,9,7
59816,0:4:3;1:2:1;1:2:1;1:3:3,3,2,1,1,1,0,1,1,1,1,1,5,9,7
59817,0:4:3;1:2:1;1:2:1;1:3:3,3,3,1,1,1,0,1,1,1,1,1,5,9,1
59818,0:4:3;1:2:1;1:2:1;1:3:3,3,4,1,1,1,0,1,1,1,1,1,5,9,1
59819,0:4:3;1:2:1;1:2:1;1:3:3,3,5,1,1,1,0,1,1,1,1,1,5,9,1
59820,0:4:3;1:2:1;1:2:1;1:3:3,4,0,1,1,0,0,1,1,1,1,1,5,9,9
59821,0:4:3;1:2:1;1:2:1;1:3:3,4,1,1,1,1,0,1,1,1,1,1,5,9,7
59822,0:4:3;1:2:1;1:2:1;1:3:3,4,2,1,1,1,0,1,1,1,1,1,5,9,7
59823,0:4:3;1:2:1;1:2:1;1:3:3,4,3,1,1,1,0,1,1,1,1,1,5,9,1
59824,0:4:3;1:2:1;1:2:1;1:3:3,4,4,1,1,1,0,1,1,1,1,1,5,9,1
59825,0:4:3;1:2:1;1:2:1;1:3:3,4,5,1,1,1,0,1,1,1,1,1,5,9,1
59826,0:4:3;1:2:1;1:2:1;1:3:3,5,0,1,1,1,0,1,1,1,1,1,5,9,9
59827,0:4:3;1:2:1;1:2:1;1:3:3,5,1,1,1,1,0,1,1,1,1,1,5,9,7
59828,0:4:3;1:2:1;1:2:1;1:3:3,5,2,1,1,1,0,1,1,1,1,1,5,9,7
59829,0:4:3;1:2:1;1:2:1;1:3:3,5,3,1,1,1,0,1,1,1,1,1,5,9,1
59830,0:4:3;1:2:1;1:2:1;1:3:3,5,4,1,1,1,0,1,1,1,1,1,5,9,1
59831,0:4:3;1:2:1;1:2:1;1:3:3,5,5,1,1,1,0,1,1,1,1,1,5,9,1
59832,0:4:3;1:2:1;1:2:1;1:4:3,0,0,0,0,0,1,0,0,0,0,0,0,1,24
59833,0:4:3;1:2:1;1:2:1;1:4:3,0,1,0,0,0,1,0,0,0,0,0,0,2,24
59834,0:4:3;1:2:1;1:2:1;1:4:3,0,2,0,0,0,1,0,0,0,0,0,0,3,24
59835,0:4:3;1:2:1;1:2:1;1:4:3,0,3,0,0,0,1,0,0,0,0,0,0,18,24
59836,0:4:3;1:2:1;1:2:1;1:4:3,0,4,0,0,0,1,0,0,0,0,0,0,18,24
59837,0:4:3;1:2:1;1:2:1;1:4:3,0,5,0,0,0,1,0,0,0,0,0,0,18,24
59838,0:4:3;1:2:1;1:2:1;1:4:3,1,0,1,0,0,1,0,0,0,0,0,3,8,24
59839,0:4:3;1:2:1;1:2:1;1:4:3,1,1,1,1,0,0,1,1,1,1,1,5,9,7
59840,0:4:3;1:2:1;1:2:1;1:4:3,1,2,1,1,0,0,1,1,1,1,1,5,9,7
59841,0:4:3;1:2:1;1:2:1;1:4:3,1,3,1,1,0,0,1,1,1,1,1,5,9,1
59842,0:4:3;1:2:1;1:2:1;1:4:3,1,4,1,1,1,0,1,1,1,1,1,5,9,1
59843,0:4:3;1:2:1;1:2:1;1:4:3,1,5,1,1,1,0,1,1,1,1,1,5,9,1
59844,0:4:3;1:2:1;1:2:1;1:4:3,2,0,1,1,0,0,1,1,1,1,1,5,9,9
59845,0:4:3;1:2:1;1:2:1;1:4:3,2,1,1,1,0,0,1,1,1,1,1,5,9,7
59846,0:4:3;1:2:1;1:2:1;1:4:3,2,2,1,1,0,0,1,1,1,1,1,5,9,7
59847,0:4:3;1:2:1;1:2:1;1:4:3,2,3,1,1,1,0,1,1,1,1,1,5,9,1
59848,0:4:3;1:2:1;1:2:1;1:4:3,2,4,1,1,1,0,1,1,1,1,1,5,9,1
59849,0:4:3;1:2:1;1:2:1;1:4:3,2,5,1,1,1,0,1,1,1,1,1,5,9,1
59850,0:4:3;1:2:1;1:2:1;1:4:3,3,0,1,1,0,0,1,1,1,1,1,5,9,9
59851,0:4:3;1:2:1;1:2:1;1:4:3,3,1,1,1,0,0,1,1,1,1,1,5,9,7
59852,0:4:3;1:2:1;1:2:1;1:4:3,3,2,1,1,1,0,1,1,1,1,1,5,9,7
59853,0:4:3;1:2:1;1:2:1;1:4:3,3,3,1,1,1,0,1,1,1,1,1,5,9,1
59854,0:4:3;1:2:1;1:2:1;1:4:3,3,4,1,1,1,0,1,1,1,1,1,5,9,1
59855,0:4:3;1:2:1;1:2:1;1:4:3,3,5,1,1,1,0,1,1,1,1,1,5,9,1
59856,0:4:3;1:2:1;1:2:1;1:4:3,4,0,1,1,0,0,1,1,1,1,1,5,9,9
59857,0:4:3;1:2:1;1:2:1;1:4:3,4,1,1,1,1,0,1,1,1,1,1,5,9,7
59858,0:4:3;1:2:1;1:2:1;1:4:3,4,2,1,1,1,0,1,1,1,1,1,5,9,7
59859,0:4:3;1:2:1;1:2:1;1:4:3,4,3,1,1,1,0,1,1,1,1,1,5,9,1
59860,0:4:3;1:2:1;1:2:1;1:4:3,4,4,1,1,1,0,1,1,1,1,1,5,9,1
59861,0:4:3;1:2:1;1:2:1;1:4:3,4,5,1,1,1,0,1,1,1,1,1,5,9,1
59862,0:4:3;1:2:1;1:2:1;1:4:3,5,0,1,1,1,0,1,1,1,1,1,5,9,9
59863,0:4:3;1:2:1;1:2:1;1:4:3,5,1,1,1,1,0,1,1,1,1,1,5,9,7
59864,0:4:3;1:2:1;1:2:1;1:4:3,5,2,1,1,1,0,1,1,1,1,1,5,9,7
59865,0:4:3;1:2:1;1:2:1;1:4:3,5,3,1,1,1,0,1,1,1,1,1,5,9,1
59866,0:4:3;1:2:1;1:2:1;1:4:3,5,4,1,1,1,0,1,1,1,1,1,5,9,1
59867,0:4:3;1:2:1;1:2:1;1:4:3,5,5,1,1,1,0,1,1,1,1,1,5,9,1
59868,0:4:3;1:2:1;1:2:2;1:2:2,0,0,0,0,0,1,0,0,0,0,0,0,1,24
59869,0:4:3;1:2:1;1:2:2;1:2:2,0,1,0,0,0,1,0,0,0,0,0,0,2,24
59870,0:4:3;1:2:1;1:2:2;1:2:2,0,2,0,0,0,1,0,0,0,0,0,0,3,24
59871,0:4:3;1:2:1;1:2:2;1:2:2,0,3,0,0,0,1,0,0,0,0,0,0,20,24
59872,0:4:3;1:2:1;1:2:2;1:2:2,0,4,0,0,0,1,0,0,0,0,0,0,20,24
59873,0:4:3;1:2:1;1:2:2;1:2:2,0,5,0,0,0,1,0,0,0,0,0,0,20,24
59874,0:4:3;1:2:1;1:2:2;1:2:2,1,0,1,0,0,1,0,0,0,0,0,2,6,24
59875,0:4:3;1:2:1;1:2:2;1:2:2,1,1,1,1,0,0,1,1,1,1,1,5,9,7
59876,0:4:3;1:2:1;1:2:2;1:2:2,1,2,1,1,0,0,1,1,1,1,1,5,9,7
59877,0:4:3;1:2:1;1:2:2;1:2:2,1,3,1,1,1,0,1,1,1,1,1,5,9,1
59878,0:4:3;1:2:1;1:2:2;1:2:2,1,4,1,1,1,0,1,1,1,1,1,5,9,1
59879,0:4:3;1:2:1;1:2:2;1:2:2,1,5,1,1,1,0,1,1,1,1,1,5,9,1
59880,0:4:3;1:2:1;1:2:2;1:2:2,2,0,1,0,0,1,0,0,0,0,0,4,19,24
59881,0:4:3;1:2:1;1:2:2;1:2:2,2,1,1,1,0,0,1,1,1,1,1,5,9,7
59882,0:4:3;1:2:1;1:2:2;1:2:2,2,2,1,1,1,0,1,1,1,1,1,5,9,7
59883,0:4:3;1:2:1;1:2:2;1:2:2,2,3,1,1,1,0,1,1,1,1,1,5,9,1
59884,0:4:3;1:2:1;1:2:2;1:2:2,2,4,1,1,1,0,1,1,1,1,1,5,9,1
59885,0:4:3;1:2:1;1:2:2;1:2:2,2,5,1,1,1,0,1,1,1,1,1,5,9,1
59886,0:4:3;1:2:1;1:2:2;1:2:2,3,0,1,1,0,0,1,1,1,1,1,5,9,9
59887,0:4:3;1:2:1;1:2:2;1:2:2,3,1,1,1,1,0,1,1,1,1,1,5,9,7
59888,0:4:3;1:2:1;1:2:2;1:2:2,3,2,1,1,1,0,1,1,1,1,1,5,9,7
59889,0:4:3;1:2:1;1:2:2;1:2:2,3,3,1,1,1,0,1,1,1,1,1,5,9,1
59890,0:4:3;1:2:1;1:2:2;1:2:2,3,4,1,1,1,0,1,1,1,1,1,5,9,1
59891,0:4:3;1:2:1;1:2:2;1:2:2,3,5,1,1,1,0,1,1,1,1,1,5,9,1
59892,0:4:3;1:2:1;1:2:2;1:2:2,4,0,1,1,1,0,1,1,1,1,1,5,9,9
59893,0:4:3;1:2:1;1:2:2;1:2:2,4,1,1,1,1,0,1,1,1,1,1,5,9,7
59894,0:4:3;1:2:1;1:2:2;1:2:2,4,2,1,1,1,0,1,1,1,1,1,5,9,7
59895,0:4:3;1:2:1;1:2:2;1:2:2,4,3,1,1,1,0,1,1,1,1,1,5,9,1
59896,0:4:3;1:2:1;1:2:2;1:2:2,4,4,1,1,1,0,1,1,1,1,1,5,9,1
59897,0:4:3;1:2:1;1:2:2;1:2:2,4,5,1,1,1,0,1,1,1,1,1,5,9,1
59898,0:4:3;1:2:1;1:2:2;1:2:2,5,0,1,1,1,0,1,1,1,1,1,5,9,9
59899,0:4:3;1:2:1;1:2:2;1:2:2,5,1,1,1,1,0,1,1,1,1,1,5,9,7
59900,0:4:3;1:2:1;1:2:2;1:2:2,5,2,1,1,1,0,1,1,1,1,1,5,9,7
59901,0:4:3;1:2:1;1:2:2;1:2:2,5,3,1,1,1,0,1,1,1,1,1,5,9,1
59902,0:4:3;1:2:1;1:2:2;1:2:2,5,4,1,1,1,0,1,1,1,1,1,5,9,1
59903,0:4:3;1:2:1;1:2:2;1:2:2,5,5,1,1,1,0,1,1,1,1,1,5,9,1
59904,0:4:3;1:2:1;1:2:2;1:3:2,0,0,0,0,0,1,0,0,0,0,0,0,1,24
59905,0:4:3;1:2:1;1:2:2;1:3:2,0,1,0,0,0,1,0,0,0,0,0,0,2,24
59906,0:4:3;1:2:1;1:2:2;1:3:2,0,2,0,0,0,1,0,0,0,0,0,0,3,24
59907,0:4:3;1:2:1;1:2:2;1:3:2,0,3,0,0,0,1,0,0,0,0,0,0,20,24
59908,0:4:3;1:2:1;1:2:2;1:3:2,0,4,0,0,0,1,0,0,0,0,0,0,20,24
59909,0:4:3;1:2:1;1:2:2;1:3:2,0,5,0,0,0,1,0,0,0,0,0,0,20,24
59910,0:4:3;1:2:1;1:2:2;1:3:2,1,0,1,0,0,1,0,0,0,0,0,2,6,24
59911,0:4:3;1:2:1;1:2:2;1:3:2,1,1,1,1,0,0,1,1,1,1,1,5,9,7
59912,0:4:3;1:2:1;1:2:2;1:3:2,1,2,1,1,0,0,1,1,1,1,1,5,9,7
59913,0:4:3;1:2:1;1:2:2;1:3:2,1,3,1,1,1,0,1,1,1,1,1,5,9,1
59914,0:4:3;1:2:1;1:2:2;1:3:2,1,4,1,1,1,0,1,1,1,1,1,5,9,1
59915,0:4:3;1:2:1;1:2:2;1:3:2,1,5,1,1,1,0,1,1,1,1,1,5,9,1
59916,0:4:3;1:2:1;1:2:2;1:3:2,2,0,1,1,0,1,0,0,0,0,1,7,23,19
59917,0:4:3;1:2:1;1:2:2;1:3:2,2,1,1,1,0,0,1,1,1,1,1,5,9,7
59918,0:4:3;1:2:1;1:2:2;1:3:2,2,2,1,1,1,0,1,1,1,1,1,5,9,7
59919,0:4:3;1:2:1;1:2:2;1:3:2,2,3,1,1,1,0,1,1,1,1,1,5,9,1
59920,0:4:3;1:2:1;1:2:2;1:3:2,2,4,1,1,1,0,1,1,1,1,1,5,9,1
59921,0:4:3;1:2:1;1:2:2;1:3:2,2,5,1,1,1,0,1,1,1,1,1,5,9,1
59922,0:4:3;1:2:1;1:2:2;1:3:2,3,0,1,1,0,0,1,1,1,1,1,5,9,9
59923,0:4:3;1:2:1;1:2:2;1:3:2,3,1,1,1,1,0,1,1,1,1,1,5,9,7
59924,0:4:3;1:2:1;1:2:2;1:3:2,3,2,1,1,1,0,1,1,1,1,1,5,9,7
59925,0:4:3;1:2:1;1:2:2;1:3:2,3,3,1,1,1,0,1,1,1,1,1,5,9,1
59926,0:4:3;1:2:1;1:2:2;1:3:2,3,4,1,1,1,0,1,1,1,1,1,5,9,1
59927,0:4:3;1:2:1;1:2:2;1:3:2,3,5,1,1,1,0,1,1,1,1,1,5,9,1
59928,0:4:3;1:2:1;1:2:2;1:3:2,4,0,1,1,1,0,1,1,1,1,1,5,9,9
59929,0:4:3;1:2:1;1:2:2;1:3:2,4,1,1,1,1,0,1,1,1,1,1,5,9,7
59930,0:4:3;1:2:1;1:2:2;1:3:2,4,2,1,1,1,0,1,1,1,1,1,5,9,7
59931,0:4:3;1:2:1;1:2:2;1:3:2,4,3,1,1,1,0,1,1,1,1,1,5,9,1
59932,0:4:3;1:2:1;1:2:2;1:3:2,4,4,1,1,1,0,1,1,1,1,1,5,9,1
59933,0:4:3;1:2:1;1:2:2;1:3:2,4,5,1,1,1,0,1,1,1,1,1,5,9,1
59934,0:4:3;1:2:1;1:2:2;1:3:2,5,0,1,1,1,0,1,1,1,1,1,5,9,9
59935,0:4:3;1:2:1;1:2:2;1:3:2,5,1,1,1,1,0,1,1,1,1,1,5,9,7
59936,0:4:3;1:2:1;1:2:2;1:3:2,5,2,1,1,1,0,1,1,1,1,1,5,9,7
59937,0:4:3;1:2:1;1:2:2;1:3:2,5,3,1,1,1,0,1,1,1,1,1,5,9,1
59938,0:4:3;1:2:1;1:2:2;1:3:2,5,4,1,1,1,0,1,1,1,1,1,5,9,1
59939,0:4:3;1:2:1;1:2:2;1:3:2,5,5,1,1,1,0,1,1,1,1,1,5,9,1
59940,0:4:3;1:2:1;1:2:2;1:3:3,0,0,0,0,0,1,0,0,0,0,0,0,1,24
59941,0:4:3;1:2:1;1:2:2;1:3:3,0,1,0,0,0,1,0,0,0,0,0,0,2,24
59942,0:4:3;1:2:1;1:2:2;1:3:3,0,2,0,0,0,1,0,0,0,0,0,0,3,24
59943,0:4:3;1:2:1;1:2:2;1:3:3,0,3,0,0,0,1,0,0,0,0,0,0,23,24
59944,0:4:3;1:2:1;1:2:2;1:3:3,0,4,0,0,0,1,0,0,0,0,0,0,23,24
59945,0:4:3;1:2:1;1:2:2;1:3:3,0,5,0,0,0,1,0,0,0,0,0,0,23,24
59946,0:4:3;1:2:1;1:2:2;1:3:3,1,0,0,0,0,1,0,0,0,0,0,0,6,24
59947,0:4:3;1:2:1;1:2:2;1:3:3,1,1,0,0,0,1,0,0,0,0,0,0,20,24
59948,0:4:3;1:2:1;1:2:2;1:3:3,1,2,0,0,0,1,0,0,0,0,0,0,23,24
59949,0:4:3;1:2:1;1:2:2;1:3:3,1,3,0,0,0,1,0,0,0,0,0,0,35,24
59950,0:4:3;1:2:1;1:2:2;1:3:3,1,4,0,0,0,1,0,0,0,0,0,0,35,24
59951,0:4:3;1:2:1;1:2:2;1:3:3,1,5,0,0,0,1,0,0,0,0,0,0,35,24
59952,0:4:3;1:2:1;1:2:2;1:3:3,2,0,1,0,0,1,0,0,0,0,0,3,17,24
59953,0:4:3;1:2:1;1:2:2;1:3:3,2,1,1,1,0,0,1,1,1,1,1,5,10,7
59954,0:4:3;1:2:1;1:2:2;1:3:3,2,2,1,1,0,0,1,1,1,1,1,5,10,7
59955,0:4:3;1:2:1;1:2:2;1:3:3,2,3,1,1,1,0,1,1,1,1,1,5,10,1
59956,0:4:3;1:2:1;1:2:2;1:3:3,2,4,1,1,1,0,1,1,1,1,1,5,10,1
59957,0:4:3;1:2:1;1:2:2;1:3:3,2,5,1,1,1,0,1,1,1,1,1,5,10,1
59958,0:4:3;1:2:1;1:2:2;1:3:3,3,0,1,1,0,0,1,1,1,1,1,5,10,9
59959,0:4:3;1:2:1;1:2:2;1:3:3,3,1,1,1,0,0,1,1,1,1,1,5,10,7
59960,0:4:3;1:2:1;1:2:2;1:3:3,3,2,1,1,1,0,1,1,1,1,1,5,10,7
59961,0:4:3;1:2:1;1:2:2;1:3:3,3,3,1,1,1,0,1,1,1,1,1,5,10,1
59962,0:4:3;1:2:1;1:2:2;1:3:3,3,4,1,1,1,0,1,1,1,1,1,5,10,1
59963,0:4:3;1:2:1;1:2:2;1:3:3,3,5,1,1,1,0,1,1,1,1,1,5,10,1
59964,0:4:3;1:2:1;1:2:2;1:3:3,4,0,1,1,0,0,1,1,1,1,1,5,10,9
59965,0:4:3;1:2:1;1:2:2;1:3:3,4,1,1,1,1,0,1,1,1,1,1,5,10,7
59966,0:4:3;1:2:1;1:2:2;1:3:3,4,2,1,1,1,0,1,1,1,1,1,5,10,7
59967,0:4:3;1:2:1;1:2:2;1:3:3,4,3,1,1,1,0,1,1,1,1,1,5,10,1
59968,0:4:3;1:2:1;1:2:2;1:3:3,4,4,1,1,1,0,1,1,1,1,1,5,10,1
59969,0:4:3;1:2:1;1:2:2;1:3:3,4,5,1,1,1,0,1,1,1,1,1,5,10,1
59970,0:4:3;1:2:1;1:2:2;1:3:3,5,0,1,1,1,0,1,1,1,1,1,5,10,9
59971,0:4:3;1:2:1;1:2:2;1:3:3,5,1,1,1,1,0,1,1,1,1,1,5,10,7
59972,0:4:3;1:2:1;1:2:2;1:3:3,5,2,1,1,1,0,1,1,1,1,1,5,10,7
59973,0:4:3;1:2:1;1:2:2;1:3:3,5,3,1,1,1,0,1,1,1,1,1,5,10,1
59974,0:4:3;1:2:1;1:2:2;1:3:3,5,4,1,1,1,0,1,1,1,1,1,5,10,1
59975,0:4:3;1:2:1;1:2:2;1:3:3,5,5,1,1,1,0,1,1,1,1,1,5,10,1
59976,0:4:3;1:2:1;1:2:2;1:4:3,0,0,0,0,0,1,0,0,0,0,0,0,1,24
59977,0:4:3;1:2:1;1:2:2;1:4:3,0,1,0,0,0,1,0,0,0,0,0,0,2,24
59978,0:4:3;1:2:1;1:2:2;1:4:3,0,2,0,0,0,1,0,0,0,0,0,0,3,24
59979,0:4:3;1:2:1;1:2:2;1:4:3,0,3,0,0,0,1,0,0,0,0,0,0,23,24
59980,0:4:3;1:2:1;1:2:2;1:4:3,0,4,0,0,0,1,0,0,0,0,0,0,23,24
59981,0:4:3;1:2:1;1:2:2;1:4:3,0,5,0,0,0,1,0,0,0,0,0,0,23,24
59982,0:4:3;1:2:1;1:2:2;1:4:3,1,0,0,0,0,1,0,0,0,0,0,0,6,24
59983,0:4:3;1:2:1;1:2:2;1:4:3,1,1,0,0,0,1,0,0,0,0,0,0,20,24
59984,0:4:3;1:2:1;1:2:2;1:4:3,1,2,0,0,0,1,0,0,0,0,0,0,23,24
59985,0:4:3;1:2:1;1:2:2;1:4:3,1,3,0,0,0,1,0,0,0,0,0,0,35,24
59986,0:4:3;1:2:1;1:2:2;1:4:3,1,4,0,0,0,1,0,0,0,0,0,0,35,24
59987,0:4:3;1:2:1;1:2:2;1:4:3,1,5,0,0,0,1,0,0,0,0,0,0,35,24
59988,0:4:3;1:2:1;1:2:2;1:4:3,2,0,1,0,0,1,0,0,0,0,0,3,17,24
59989,0:4:3;1:2:1;1:2:2;1:4:3,2,1,1,1,0,0,1,1,1,1,1,5,10,7
59990,0:4:3;1:2:1;1:2:2;1:4:3,2,2,1,1,0,0,1,1,1,1,1,5,10,7
59991,0:4:3;1:2:1;1:2:2;1:4:3,2,3,1,1,1,0,1,1,1,1,1,5,10,1
59992,0:4:3;1:2:1;1:2:2;1:4:3,2,4,1,1,1,0,1,1,1,1,1,5,10,1
59993,0:4:3;1:2:1;1:2:2;1:4:3,2,5,1,1,1,0,1,1,1,1,1,5,10,1
59994,0:4:3;1:2:1;1:2:2;1:4:3,3,0,1,1,0,0,1,1,1,1,1,5,10,9
59995,0:4:3;1:2:1;1:2:2;1:4:3,3,1,1,1,0,0,1,1,1,1,1,5,10,7
59996,0:4:3;1:2:1;1:2:2;1:4:3,3,2,1,1,1,0,1,1,1,1,1,5,10,7
59997,0:4:3;1:2:1;1:2:2;1:4:3,3,3,1,1,1,0,1,1,1,1,1,5,10,1
59998,0:4:3;1:2:1;1:2:2;1:4:3,3,4,1,1,1,0,1,1,1,1,1,5,10,1
59999,0:4:3;1:2:1;1:2:2;1:4:3,3,5,1,1,1,0,1,1,1,1,1,5,10,1
60000,0:4:3;1:2:1;1:2:2;1:4:3,4,0,1,1,0,0,1,1,1,1,1,5,10,9
60001,0:4:3;1:2:1;1:2:2;1:4:3,4,1,1,1,1,0,1,1,1,1,1,5,10,7
60002,0:4:3;1:2:1;1:2:2;1:4:3,4,2,1,1,1,0,1,1,1,1,1,5,10,7
60003,0:4:3;1:2:1;1:2:2;1:4:3,4,3,1,1,1,0,1,1,1,1,1,5,10,1
60004,0:4:3;1:2:1;1:2:2;1:4:3,4,4,1,1,1,0,1,1,1,1,1,5,10,1
60005,0:4:3;1:2:1;1:2:2;1:4:3,4,5,1,1,1,0,1,1,1,1,1,5,10,1
60006,0:4:3;1:2:1;1:2:2;1:4:3,5,0,1,1,1,0,1,1,1,1,1,5,10,9
60007,0:4:3;1:2:1;1:2:2;1:4:3,5,1,1,1,1,0,1,1,1,1,1,5,10,7
60008,0:4:3;1:2:1;1:2:2;1:4:3,5,2,1,1,1,0,1,1,1,1,1,5,10,7
60009,0:4:3;1:2:1;1:2:2;1:4:3,5,3,1,1,1,0,1,1,1,1,1,5,10,1
60010,0:4:3;1:2:1;1:2:2;1:4:3,5,4,1,1,1,0,1,1,1,1,1,5,10,1
60011,0:4:3;1:2:1;1:2:2;1:4:3,5,5,1,1,1,0,1,1,1,1,1,5,10,1
60012,0:4:3;1:2:1;1:3:2;1:3:2,0,0,0,0,0,1,0,0,0,0,0,0,1,24
60013,0:4:3;1:2:1;1:3:2;1:3:2,0,1,0,0,0,1,0,0,0,0,0,0,2,24
60014,0:4:3;1:2:1;1:3:2;1:3:2,0,2,0,0,0,1,0,0,0,0,0,0,3,24
60015,0:4:3;1:2:1;1:3:2;1:3:2,0,3,0,0,0,1,0,0,0,0,0,0,20,24
60016,0:4:3;1:2:1;1:3:2;1:3:2,0,4,0,0,0,1,0,0,0,0,0,0,20,24
60017,0:4:3;1:2:1;1:3:2;1:3:2,0,5,0,0,0,1,0,0,0,0,0,0,20,24
60018,0:4:3;1:2:1;1:3:2;1:3:2,1,0,1,0,0,1,0,0,0,0,0,2,6,24
60019,0:4:3;1:2:1;1:3:2;1:3:2,1,1,1,1,0,0,1,1,1,1,1,5,9,7
60020,0:4:3;1:2:1;1:3:2;1:3:2,1,2,1,1,0,0,1,1,1,1,1,5,9,7
60021,0:4:3;1:2:1;1:3:2;1:3:2,1,3,1,1,1,0,1,1,1,1,1,5,9,1
60022,0:4:3;1:2:1;1:3:2;1:3:2,1,4,1,1,1,0,1,1,1,1,1,5,9,1
60023,0:4:3;1:2:1;1:3:2;1:3:2,1,5,1,1,1,0,1,1,1,1,1,5,9,1
60024,0:4:3;1:2:1;1:3:2;1:3:2,2,0,1,1,0,1,0,0,1,0,1,6,18,13
60025,0:4:3;1:2:1;1:3:2;1:3:2,2,1,1,1,0,0,1,1,1,1,1,5,9,7
60026,0:4:3;1:2:1;1:3:2;1:3:2,2,2,1,1,1,0,1,1,1,1,1,5,9,7
60027,0:4:3;1:2:1;1:3:2;1:3:2,2,3,1,1,1,0,1,1,1,1,1,5,9,1
60028,0:4:3;1:2:1;1:3:2;1:3:2,2,4,1,1,1,0,1,1,1,1,1,5,9,1
60029,0:4:3;1:2:1;1:3:2;1:3:2,2,5,1,1,1,0,1,1,1,1,1,5,9,1
60030,0:4:3;1:2:1;1:3:2;1:3:2,3,0,1,1,0,0,1,1,1,1,1,5,9,9
60031,0:4:3;1:2:1;1:3:2;1:3:2,3,1,1,1,1,0,1,1,1,1,1,5,9,7
60032,0:4:3;1:2:1;1:3:2;1:3:2,3,2,1,1,1,0,1,1,1,1,1,5,9,7
60033,0:4:3;1:2:1;1:3:2;1:3:2,3,3,1,1,1,0,1,1,1,1,1,5,9,1
60034,0:4:3;1:2:1;1:3:2;1:3:2,3,4,1,1,1,0,1,1,1,1,1,5,9,1
60035,0:4:3;1:2:1;1:3:2;1:3:2,3,5,1,1,1,0,1,1,1,1,1,5,9,1
60036,0:4:3;1:2:1;1:3:2;1:3:2,4,0,1,1,1,0,1,1,1,1,1,5,9,9
60037,0:4:3;1:2:1;1:3:2;1:3:2,4,1,1,1,1,0,1,1,1,1,1,5,9,7
60038,0:4:3;1:2:1;1:3:2;1:3:2,4,2,1,1,1,0,1,1,1,1,1,5,9,7
60039,0:4:3;1:2:1;1:3:2;1:3:2,4,3,1,1,1,0,1,1,1,1,1,5,9,1
60040,0:4:3;1:2:1;1:3:2;1:3:2,4,4,1,1,1,0,1,1,1,1,1,5,9,1
60041,0:4:3;1:2:1;1:3:2;1:3:2,4,5,1,1,1,0,1,1,1,1,1,5,9,1
60042,0:4:3;1:2:1;1:3:2;1:3:2,5,0,1,1,1,0,1,1,1,1,1,5,9,9
60043,0:4:3;1:2:1;1:3:2;1:3:2,5,1,1,1,1,0,1,1,1,1,1,5,9,7
60044,0:4:3;1:2:1;1:3:2;1:3:2,5,2,1,1,1,0,1,1,1,1,1,5,9,7
60045,0:4:3;1:2:1;1:3:2;1:3:2,5,3,1,1,1,0,1,1,1,1,1,5,9,1
60046,0:4:3;1:2:1;1:3:2;1:3:2,5,4,1,1,1,0,1,1,1,1,1,5,9,1
60047,0:4:3;1:2:1;1:3:2;1:3:2,5,5,1,1,1,0,1,1,1,1,1,5,9,1
60048,0:4:3;1:2:1;1:3:2;1:3:3,0,0,0,0,0,1,0,0,0,0,0,0,1,24
60049,0:4:3;1:2:1;1:3:2;1:3:3,0,1,0,0,0,1,0,0,0,0,0,0,2,24
60050,0:4:3;1:2:1;1:3:2;1:3:3,0,2,0,0,0,1,0,0,0,0,0,0,3,24
60051,0:4:3;1:2:1;1:3:2;1:3:3,0,3,0,0,0,1,0,0,0,0,0,0,23,24
60052,0:4:3;1:2:1;1:3:2;1:3:3,0,4,0,0,0,1,0,0,0,0,0,0,23,24
60053,0:4:3;1:2:1;1:3:2;1:3:3,0,5,0,0,0,1,0,0,0,0,0,0,23,24
60054,0:4:3;1:2:1;1:3:2;1:3:3,1,0,0,0,0,1,0,0,0,0,0,0,6,24
60055,0:4:3;1:2:1;1:3:2;1:3:3,1,1,0,0,0,1,0,0,0,0,0,0,20,24
60056,0:4:3;1:2:1;1:3:2;1:3:3,1,2,0,0,0,1,0,0,0,0,0,0,23,24
60057,0:4:3;1:2:1;1:3:2;1:3:3,1,3,0,0,0,1,0,0,0,0,0,0,35,24
60058,0:4:3;1:2:1;1:3:2;1:3:3,1,4,0,0,0,1,0,0,0,0,0,0,35,24
60059,0:4:3;1:2:1;1:3:2;1:3:3,1,5,0,0,0,1,0,0,0,0,0,0,35,24
60060,0:4:3;1:2:1;1:3:2;1:3:3,2,0,1,1,0,1,0,0,1,0,1,6,19,13
60061,0:4:3;1:2:1;1:3:2;1:3:3,2,1,1,1,0,0,1,1,1,1,1,5,10,7
60062,0:4:3;1:2:1;1:3:2;1:3:3,2,2,1,1,0,0,1,1,1,1,1,5,10,7
60063,0:4:3;1:2:1;1:3:2;1:3:3,2,3,1,1,1,0,1,1,1,1,1,5,10,1
60064,0:4:3;1:2:1;1:3:2;1:3:3,2,4,1,1,1,0,1,1,1,1,1,5,10,1
60065,0:4:3;1:2:1;1:3:2;1:3:3,2,5,1,1,1,0,1,1,1,1,1,5,10,1
60066,0:4:3;1:2:1;1:3:2;1:3:3,3,0,1,1,0,0,1,1,1,1,1,5,10,9
60067,0:4:3;1:2:1;1:3:2;1:3:3,3,1,1,1,0,0,1,1,1,1,1,5,10,7
60068,0:4:3;1:2:1;1:3:2;1:3:3,3,2,1,1,1,0,1,1,1,1,1,5,10,7
60069,0:4:3;1:2:1;1:3:2;1:3:3,3,3,1,1,1,0,1,1,1,1,1,5,10,1
60070,0:4:3;1:2:1;1:3:2;1:3:3,3,4,1,1,1,0,1,1,1,1,1,5,10,1
60071,0:4:3;1:2:1;1:3:2;1:3:3,3,5,1,1,1,0,1,1,1,1,1,5,10,1
60072,0:4:3;1:2:1;1:3:2;1:3:3,4,0,1,1,0,0,1,1,1,1,1,5,10,9
60073,0:4:3;1:2:1;1:3:2;1:3:3,4,1,1,1,1,0,1,1,1,1,1,5,10,7
60074,0:4:3;1:2:1;1:3:2;1:3:3,4,2,1,1,1,0,1,1,1,1,1,5,10,7
60075,0:4:3;1:2:1;1:3:2;1:3:3,4,3,1,1,1,0,1,1,1,1,1,5,10,1
60076,0:4:3;1:2:1;1:3:2;1:3:3,4,4,1,1,1,0,1,1,1,1,1,5,10,1
60077,0:4:3;1:2:1;1:3:2;1:3:3,4,5,1,1,1,0,1,1,1,1,1,5,10,1
60078,0:4:3;1:2:1;1:3:2;1:3:3,5,0,1,1,1,0,1,1,1,1,1,5,10,9
60079,0:4:3;1:2:1;1:3:2;1:3:3,5,1,1,1,1,0,1,1,1,1,1,5,10,7
60080,0:4:3;1:2:1;1:3:2;1:3:3,5,2,1,1,1,0,1,1,1,1,1,5,10,7
60081,0:4:3;1:2:1;1:3:2;1:3:3,5,3,1,1,1,0,1,1,1,1,1,5,10,1
60082,0:4:3;1:2:1;1:3:2;1:3:3,5,4,1,1,1,0,1,1,1,1,1,5,10,1
60083,0:4:3;1:2:1;1:3:2;1:3:3,5,5,1,1,1,0,1,1,1,1,1,5,10,1
60084,0:4:3;1:2:1;1:3:2;1:4:3,0,0,0,0,0,1,0,0,0,0,0,0,1,24
60085,0:4:3;1:2:1;1:3:2;1:4:3,0,1,0,0,0,1,0,0,0,0,0,0,2,24
60086,0:4:3;1:2:1;1:3:2;1:4:3,0,2,0,0,0,1,0,0,0,0,0,0,3,24
60087,0:4:3;1:2:1;1:3:2;1:4:3,0,3,0,0,0,1,0,0,0,0,0,0,23,24
60088,0:4:3;1:2:1;1:3:2;1:4:3,0,4,0,0,0,1,0,0,0,0,0,0,23,24
60089,0:4:3;1:2:1;1:3:2;1:4:3,0,5,0,0,0,1,0,0,0,0,0,0,23,24
60090,0:4:3;1:2:1;1:3:2;1:4:3,1,0,0,0,0,1,0,0,0,0,0,0,6,24
60091,0:4:3;1:2:1;1:3:2;1:4:3,1,1,0,0,0,1,0,0,0,0,0,0,20,24
60092,0:4:3;1:2:1;1:3:2;1:4:3,1,2,0,0,0,1,0,0,0,0,0,0,23,24
60093,0:4:3;1:2:1;1:3:2;1:4:3,1,3,0,0,0,1,0,0,0,0,0,0,35,24
60094,0:4:3;1:2:1;1:3:2;1:4:3,1,4,0,0,0,1,0,0,0,0,0,0,35,24
60095,0:4:3;1:2:1;1:3:2;1:4:3,1,5,0,0,0,1,0,0,0,0,0,0,35,24
60096,0:4:3;1:2:1;1:3:2;1:4:3,2,0,1,1,0,1,0,0,1,0,1,6,19,13
60097,0:4:3;1:2:1;1:3:2;1:4:3,2,1,1,1,0,0,1,1,1,1,1,5,10,7
60098,0:4:3;1:2:1;1:3:2;1:4:3,2,2,1,1,0,0,1,1,1,1,1,5,10,7
60099,0:4:3;1:2:1;1:3:2;1:4:3,2,3,1,1,1,0,1,1,1,1,1,5,10,1
60100,0:4:3;1:2:1;1:3:2;1:4:3,2,4,1,1,1,0,1,1,1,1,1,5,10,1
60101,0:4:3;1:2:1;1:3:2;1:4:3,2,5,1,1,1,0,1,1,1,1,1,5,10,1
60102,0:4:3;1:2:1;1:3:2;1:4:3,3,0,1,1,0,0,1,1,1,1,1,5,10,9
60103,0:4:3;1:2:1;1:3:2;1:4:3,3,1,1,1,0,0,1,1,1,1,1,5,10,7
60104,0:4:3;1:2:1;1:3:2;1:4:3,3,2,1,1,1,0,1,1,1,1,1,5,10,7
60105,0:4:3;1:2:1;1:3:2;1:4:3,3,3,1,1,1,0,1,1,1,1,1,5,10,1
60106,0:4:3;1:2:1;1:3:2;1:4:3,3,4,1,1,1,0,1,1,1,1,1,5,10,1
60107,0:4:3;1:2:1;1:3:2;1:4:3,3,5,1,1,1,0,1,1,1,1,1,5,10,1
60108,0:4:3;1:2:1;1:3:2;1:4:3,4,0,1,1,0,0,1,1,1,1,1,5,10,9
60109,0:4:3;1:2:1;1:3:2;1:4:3,4,1,1,1,1,0,1,1,1,1,1,5,10,7
60110,0:4:3;1:2:1;1:3:2;1:4:3,4,2,1,1,1,0,1,1,1,1,1,5,10,7
60111,0:4:3;1:2:1;1:3:2;1:4:3,4,3,1,1,1,0,1,1,1,1,1,5,10,1
60112,0:4:3;1:2:1;1:3:2;1:4:3,4,4,1,1,1,0,1,1,1,1,1,5,10,1
60113,0:4:3;1:2:1;1:3:2;1:4:3,4,5,1,1,1,0,1,1,1,1,1,5,10,1
60114,0:4:3;1:2:1;1:3:2;1:4:3,5,0,1,1,1,0,1,1,1,1,1,5,10,9
60115,0:4:3;1:2:1;1:3:2;1:4:3,5,1,1,1,1,0,1,1,1,1,1,5,10,7
60116,0:4:3;1:2:1;1:3:2;1:4:3,5,2,1,1,1,0,1,1,1,1,1,5,10,7
60117,0:4:3;1:2:1;1:3:2;1:4:3,5,3,1,1,1,0,1,1,1,1,1,5,10,1
60118,0:4:3;1:2:1;1:3:2;1:4:3,5,4,1,1,1,0,1,1,1,1,1,5,10,1
60119,0:4:3;1:2:1;1:3:2;1:4:3,5,5,1,1,1,0,1,1,1,1,1,5,10,1
60120,0:4:3;1:2:1;1:3:3;1:3:3,0,0,0,0,0,1,0,0,0,0,0,0,1,24
60121,0:4:3;1:2:1;1:3:3;1:3:3,0,1,0,0,0,1,0,0,0,0,0,0,2,24
60122,0:4:3;1:2:1;1:3:3;1:3:3,0,2,0,0,0,1,0,0,0,0,0,0,3,24
60123,0:4:3;1:2:1;1:3:3;1:3:3,0,3,0,0,0,1,0,0,0,0,0,0,26,24
60124,0:4:3;1:2:1;1:3:3;1:3:3,0,4,0,0,0,1,0,0,0,0,0,0,26,24
60125,0:4:3;1:2:1;1:3:3;1:3:3,0,5,0,0,0,1,0,0,0,0,0,0,26,24
60126,0:4:3;1:2:1;1:3:3;1:3:3,1,0,0,0,0,1,0,0,0,0,0,0,6,24
60127,0:4:3;1:2:1;1:3:3;1:3:3,1,1,0,0,0,1,0,0,0,0,0,0,22,24
60128,0:4:3;1:2:1;1:3:3;1:3:3,1,2,0,0,0,1,0,0,0,0,0,0,25,24
60129,0:4:3;1:2:1;1:3:3;1:3:3,1,3,0,0,0,1,0,0,0,0,0,0,40,24
60130,0:4:3;1:2:1;1:3:3;1:3:3,1,4,0,0,0,1,0,0,0,0,0,0,40,24
60131,0:4:3;1:2:1;1:3:3;1:3:3,1,5,0,0,0,1,0,0,0,0,0,0,40,24
60132,0:4:3;1:2:1;1:3:3;1:3:3,2,0,0,0,0,1,0,0,0,0,0,0,15,24
60133,0:4:3;1:2:1;1:3:3;1:3:3,2,1,0,0,0,1,0,0,0,0,0,0,36,24
60134,0:4:3;1:2:1;1:3:3;1:3:3,2,2,0,0,0,1,0,0,0,0,0,0,42,24
60135,0:4:3;1:2:1;1:3:3;1:3:3,2,3,0,0,0,1,0,0,0,0,0,0,58,24
60136,0:4:3;1:2:1;1:3:3;1:3:3,2,4,0,0,0,1,0,0,0,0,0,0,58,24
60137,0:4:3;1:2:1;1:3:3;1:3:3,2,5,0,0,0,1,0,0,0,0,0,0,58,24
60138,0:4:3;1:2:1;1:3:3;1:3:3,3,0,1,1,0,1,0,0,1,0,1,6,29,13
60139,0:4:3;1:2:1;1:3:3;1:3:3,3,1,1,1,0,0,1,1,1,1,1,5,11,7
60140,0:4:3;1:2:1;1:3:3;1:3:3,3,2,1,1,1,0,1,1,1,1,1,5,11,7
60141,0:4:3;1:2:1;1:3:3;1:3:3,3,3,1,1,1,0,1,1,1,1,1,5,11,1
60142,0:4:3;1:2:1;1:3:3;1:3:3,3,4,1,1,1,0,1,1,1,1,1,5,11,1
60143,0:4:3;1:2:1;1:3:3;1:3:3,3,5,1,1,1,0,1,1,1,1,1,5,11,1
60144,0:4:3;1:2:1;1:3:3;1:3:3,4,0,1,1,0,0,1,1,1,1,1,5,11,9
60145,0:4:3;1:2:1;1:3:3;1:3:3,4,1,1,1,1,0,1,1,1,1,1,5,11,7
60146,0:4:3;1:2:1;1:3:3;1:3:3,4,2,1,1,1,0,1,1,1,1,1,5,11,7
60147,0:4:3;1:2:1;1:3:3;1:3:3,4,3,1,1,1,0,1,1,1,1,1,5,11,1
60148,0:4:3;1:2:1;1:3:3;1:3:3,4,4,1,1,1,0,1,1,1,1,1,5,11,1
60149,0:4:3;1:2:1;1:3:3;1:3:3,4,5,1,1,1,0,1,1,1,1,1,5,11,1
60150,0:4:3;1:2:1;1:3:3;1:3:3,5,0,1,1,1,0,1,1,1,1,1,5,11,9
60151,0:4:3;1:2:1;1:3:3;1:3:3,5,1,1,1,1,0,1,1,1,1,1,5,11,7
60152,0:4:3;1:2:1;1:3:3;1:3:3,5,2,1,1,1,0,1,1,1,1,1,5,11,7
60153,0:4:3;1:2:1;1:3:3;1:3:3,5,3,1,1,1,0,1,1,1,1,1,5,11,1
60154,0:4:3;1:2:1;1:3:3;1:3:3,5,4,1,1,1,0,1,1,1,1,1,5,11,1
60155,0:4:3;1:2:1;1:3:3;1:3:3,5,5,1,1,1,0,1,1,1,1,1,5,11,1
60156,0:4:3;1:2:1;1:3:3;1:4:3,0,0,0,0,0,1,0,0,0,0,0,0,1,24
60157,0:4:3;1:2:1;1:3:3;1:4:3,0,1,0,0,0,1,0,0,0,0,0,0,2,24
60158,0:4:3;1:2:1;1:3:3;1:4:3,0,2,0,0,0,1,0,0,0,0,0,0,3,24
60159,0:4:3;1:2:1;1:3:3;1:4:3,0,3,0,0,0,1,0,0,0,0,0,0,26,24
60160,0:4:3;1:2:1;1:3:3;1:4:3,0,4,0,0,0,1,0,0,0,0,0,0,26,24
60161,0:4:3;1:2:1;1:3:3;1:4:3,0,5,0,0,0,1,0,0,0,0,0,0,26,24
60162,0:4:3;1:2:1;1:3:3;1:4:3,1,0,0,0,0,1,0,0,0,0,0,0,6,24
60163,0:4:3;1:2:1;1:3:3;1:4:3,1,1,0,0,0,1,0,0,0,0,0,0,22,24
60164,0:4:3;1:2:1;1:3:3;1:4:3,1,2,0,0,0,1,0,0,0,0,0,0,25,24
60165,0:4:3;1:2:1;1:3:3;1:4:3,1,3,0,0,0,1,0,0,0,0,0,0,40,24
60166,0:4:3;1:2:1;1:3:3;1:4:3,1,4,0,0,0,1,0,0,0,0,0,0,40,24
60167,0:4:3;1:2:1;1:3:3;1:4:3,1,5,0,0,0,1,0,0,0,0,0,0,40,24
60168,0:4:3;1:2:1;1:3:3;1:4:3,2,0,0,0,0,1,0,0,0,0,0,0,15,24
60169,0:4:3;1:2:1;1:3:3;1:4:3,2,1,0,0,0,1,0,0,0,0,0,0,36,24
60170,0:4:3;1:2:1;1:3:3;1:4:3,2,2,0,0,0,1,0,0,0,0,0,0,42,24
60171,0:4:3;1:2:1;1:3:3;1:4:3,2,3,0,0,0,1,0,0,0,0,0,0,58,24
60172,0:4:3;1:2:1;1:3:3;1:4:3,2,4,0,0,0,1,0,0,0,0,0,0,58,24
60173,0:4:3;1:2:1;1:3:3;1:4:3,2,5,0,0,0,1,0,0,0,0,0,0,58,24
60174,0:4:3;1:2:1;1:3:3;1:4:3,3,0,1,1,0,1,0,0,1,0,1,6,29,13
60175,0:4:3;1:2:1;1:3:3;1:4:3,3,1,1,1,0,0,1,1,1,1,1,5,11,7
60176,0:4:3;1:2:1;1:3:3;1:4:3,3,2,1,1,1,0,1,1,1,1,1,5,11,7
60177,0:4:3;1:2:1;1:3:3;1:4:3,3,3,1,1,1,0,1,1,1,1,1,5,11,1
60178,0:4:3;1:2:1;1:3:3;1:4:3,3,4,1,1,1,0,1,1,1,1,1,5,11,1
60179,0:4:3;1:2:1;1:3:3;1:4:3,3,5,1,1,1,0,1,1,1,1,1,5,11,1
60180,0:4:3;1:2:1;1:3:3;1:4:3,4,0,1,1,0,0,1,1,1,1,1,5,11,9
60181,0:4:3;1:2:1;1:3:3;1:4:3,4,1,1,1,1,0,1,1,1,1,1,5,11,7
60182,0:4:3;1:2:1;1:3:3;1:4:3,4,2,1,1,1,0,1,1,1,1,1,5,11,7
60183,0:4:3;1:2:1;1:3:3;1:4:3,4,3,1,1,1,0,1,1,1,1,1,5,11,1
60184,0:4:3;1:2:1;1:3:3;1:4:3,4,4,1,1,1,0,1,1,1,1,1,5,11,1
60185,0:4:3;1:2:1;1:3:3;1:4:3,4,5,1,1,1,0,1,1,1,1,1,5,11,1
60186,0:4:3;1:2:1;1:3:3;1:4:3,5,0,1,1,1,0,1,1,1,1,1,5,11,9
60187,0:4:3;1:2:1;1:3:3;1:4:3,5,1,1,1,1,0,1,1,1,1,1,5,11,7
60188,0:4:3;1:2:1;1:3:3;1:4:3,5,2,1,1,1,0,1,1,1,1,1,5,11,7
60189,0:4:3;1:2:1;1:3:3;1:4:3,5,3,1,1,1,0,1,1,1,1,1,5,11,1
60190,0:4:3;1:2:1;1:3:3;1:4:3,5,4,1,1,1,0,1,1,1,1,1,5,11,1
60191,0:4:3;1:2:1;1:3:3;1:4:3,5,5,1,1,1,0,1,1,1,1,1,5,11,1
60192,0:4:3;1:2:1;1:4:3;1:4:3,0,0,0,0,0,1,0,0,0,0,0,0,1,24
60193,0:4:3;1:2:1;1:4:3;1:4:3,0,1,0,0,0,1,0,0,0,0,0,0,2,24
60194,0:4:3;1:2:1;1:4:3;1:4:3,0,2,0,0,0,1,0,0,0,0,0,0,3,24
60195,0:4:3;1:2:1;1:4:3;1:4:3,0,3,0,0,0,1,0,0,0,0,0,0,26,24
60196,0:4:3;1:2:1;1:4:3;1:4:3,0,4,0,0,0,1,0,0,0,0,0,0,26,24
60197,0:4:3;1:2:1;1:4:3;1:4:3,0,5,0,0,0,1,0,0,0,0,0,0,26,24
60198,0:4:3;1:2:1;1:4:3;1:4:3,1,0,0,0,0,1,0,0,0,0,0,0,6,24
60199,0:4:3;1:2:1;1:4:3;1:4:3,1,1,0,0,0,1,0,0,0,0,0,0,22,24
60200,0:4:3;1:2:1;1:4:3;1:4:3,1,2,0,0,0,1,0,0,0,0,0,0,25,24
60201,0:4:3;1:2:1;1:4:3;1:4:3,1,3,0,0,0,1,0,0,0,0,0,0,40,24
60202,0:4:3;1:2:1;1:4:3;1:4:3,1,4,0,0,0,1,0,0,0,0,0,0,40,24
60203,0:4:3;1:2:1;1:4:3;1:4:3,1,5,0,0,0,1,0,0,0,0,0,0,40,24
60204,0:4:3;1:2:1;1:4:3;1:4:3,2,0,0,0,0,1,0,0,0,0,0,0,15,24
60205,0:4:3;1:2:1;1:4:3;1:4:3,2,1,0,0,0,1,0,0,0,0,0,0,36,24
60206,0:4:3;1:2:1;1:4:3;1:4:3,2,2,0,0,0,1,0,0,0,0,0,0,42,24
60207,0:4:3;1:2:1;1:4:3;1:4:3,2,3,0,0,0,1,0,0,0,0,0,0,58,24
60208,0:4:3;1:2:1;1:4:3;1:4:3,2,4,0,0,0,1,0,0,0,0,0,0,58,24
60209,0:4:3;1:2:1;1:4:3;1:4:3,2,5,0,0,0,1,0,0,0,0,0,0,58,24
60210,0:4:3;1:2:1;1:4:3;1:4:3,3,0,1,1,0,1,0,0,1,0,1,6,29,13
60211,0:4:3;1:2:1;1:4:3;1:4:3,3,1,1,1,0,0,1,1,1,1,1,5,11,7
60212,0:4:3;1:2:1;1:4:3;1:4:3,3,2,1,1,1,0,1,1,1,1,1,5,11,7
60213,0:4:3;1:2:1;1:4:3;1:4:3,3,3,1,1,1,0,1,1,1,1,1,5,11,1
60214,0:4:3;1:2:1;1:4:3;1:4:3,3,4,1,1,1,0,1,1,1,1,1,5,11,1
60215,0:4:3;1:2:1;1:4:3;1:4:3,3,5,1,1,1,0,1,1,1,1,1,5,11,1
60216,0:4:3;1:2:1;1:4:3;1:4:3,4,0,1,1,0,0,1,1,1,1,1,5,11,9
60217,0:4:3;1:2:1;1:4:3;1:4:3,4,1,1,1,1,0,1,1,1,1,1,5,11,7
60218,0:4:3;1:2:1;1:4:3;1:4:3,4,2,1,1,1,0,1,1,1,1,1,5,11,7
60219,0:4:3;1:2:1;1:4:3;1:4:3,4,3,1,1,1,0,1,1,1,1,1,5,11,1
60220,0:4:3;1:2:1;1:4:3;1:4:3,4,4,1,1,1,0,1,1,1,1,1,5,11,1
60221,0:4:3;1:2:1;1:4:3;1:4:3,4,5,1,1,1,0,1,1,1,1,1,5,11,1
60222,0:4:3;1:2:1;1:4:3;1:4:3,5,0,1,1,1,0,1,1,1,1,1,5,11,9
60223,0:4:3;1:2:1;1:4:3;1:4:3,5,1,1,1,1,0,1,1,1,1,1,5,11,7
60224,0:4:3;1:2:1;1:4:3;1:4:3,5,2,1,1,1,0,1,1,1,1,1,5,11,7
60225,0:4:3;1:2:1;1:4:3;1:4:3,5,3,1,1,1,0,1,1,1,1,1,5,11,1
60226,0:4:3;1:2:1;1:4:3;1:4:3,5,4,1,1,1,0,1,1,1,1,1,5,11,1
60227,0:4:3;1:2:1;1:4:3;1:4:3,5,5,1,1,1,0,1,1,1,1,1,5,11,1
60228,0:4:3;1:2:2;1:2:2;1:2:2,0,0,0,0,0,1,0,0,0,0,0,0,1,24
60229,0:4:3;1:2:2;1:2:2;1:2:2,0,1,0,0,0,1,0,0,0,0,0,0,2,24
60230,0:4:3;1:2:2;1:2:2;1:2:2,0,2,0,0,0,1,0,0,0,0,0,0,3,24
60231,0:4:3;1:2:2;1:2:2;1:2:2,0,3,0,0,0,1,0,0,0,0,0,0,26,24
60232,0:4:3;1:2:2;1:2:2;1:2:2,0,4,0,0,0,1,0,0,0,0,0,0,26,24
60233,0:4:3;1:2:2;1:2:2;1:2:2,0,5,0,0,0,1,0,0,0,0,0,0,26,24
60234,0:4:3;1:2:2;1:2:2;1:2:2,1,0,0,0,0,1,0,0,0,0,0,0,4,24
60235,0:4:3;1:2:2;1:2:2;1:2:2,1,1,0,0,0,1,0,0,0,0,0,0,8,24
60236,0:4:3;1:2:2;1:2:2;1:2:2,1,2,0,0,0,1,0,0,0,0,0,0,12,24
60237,0:4:3;1:2:2;1:2:2;1:2:2,1,3,0,0,0,1,0,0,0,0,0,0,38,24
60238,0:4:3;1:2:2;1:2:2;1:2:2,1,4,0,0,0,1,0,0,0,0,0,0,38,24
60239,0:4:3;1:2:2;1:2:2;1:2:2,1,5,0,0,0,1,0,0,0,0,0,0,38,24
60240,0:4:3;1:2:2;1:2:2;1:2:2,2,0,1,0,0,1,0,0,0,0,0,4,16,24
60241,0:4:3;1:2:2;1:2:2;1:2:2,2,1,1,1,0,0,1,1,1,1,1,5,10,7
60242,0:4:3;1:2:2;1:2:2;1:2:2,2,2,1,1,1,0,1,1,1,1,1,5,10,7
60243,0:4:3;1:2:2;1:2:2;1:2:2,2,3,1,1,1,0,1,1,1,1,1,5,10,1
60244,0:4:3;1:2:2;1:2:2;1:2:2,2,4,1,1,1,0,1,1,1,1,1,5,10,1
60245,0:4:3;1:2:2;1:2:2;1:2:2,2,5,1,1,1,0,1,1,1,1,1,5,10,1
60246,0:4:3;1:2:2;1:2:2;1:2:2,3,0,1,0,0,1,0,0,0,0,0,4,35,24
60247,0:4:3;1:2:2;1:2:2;1:2:2,3,1,1,1,1,0,1,1,1,1,1,5,10,7
60248,0:4:3;1:2:2;1:2:2;1:2:2,3,2,1,1,1,0,1,1,1,1,1,5,10,7
60249,0:4:3;1:2:2;1:2:2;1:2:2,3,3,1,1,1,0,1,1,1,1,1,5,10,1
60250,0:4:3;1:2:2;1:2:2;1:2:2,3,4,1,1,1,0,1,1,1,1,1,5,10,1
60251,0:4:3;1:2:2;1:2:2;1:2:2,3,5,1,1,1,0,1,1,1,1,1,5,10,1
60252,0:4:3;1:2:2;1:2:2;1:2:2,4,0,1,1,1,0,1,1,1,1,1,5,10,9
60253,0:4:3;1:2:2;1:2:2;1:2:2,4,1,1,1,1,0,1,1,1,1,1,5,10,7
60254,0:4:3;1:2:2;1:2:2;1:2:2,4,2,1,1,1,0,1,1,1,1,1,5,10,7
60255,0:4:3;1:2:2;1:2:2;1:2:2,4,3,1,1,1,0,1,1,1,1,1,5,10,1
60256,0:4:3;1:2:2;1:2:2;1:2:2,4,4,1,1,1,0,1,1,1,1,1,5,10,1
60257,0:4:3;1:2:2;1:2:2;1:2:2,4,5,1,1,1,0,1,1,1,1,1,5,10,1
60258,0:4:3;1:2:2;1:2:2;1:2:2,5,0,1,1,1,0,1,1,1,1,1,5,10,9
60259,0:4:3;1:2:2;1:2:2;1:2:2,5,1,1,1,1,0,1,1,1,1,1,5,10,7
60260,0:4:3;1:2:2;1:2:2;1:2:2,5,2,1,1,1,0,1,1,1,1,1,5,10,7
60261,0:4:3;1:2:2;1:2:2;1:2:2,5,3,1,1,1,0,1,1,1,1,1,5,10,1
60262,0:4:3;1:2:2;1:2:2;1:2:2,5,4,1,1,1,0,1,1,1,1,1,5,10,1
60263,0:4:3;1:2:2;1:2:2;1:2:2,5,5,1,1,1,0,1,1,1,1,1,5,10,1
60264,0:4:3;1:2:2;1:2:2;1:3:2,0,0,0,0,0,1,0,0,0,0,0,0,1,24
60265,0:4:3;1:2:2;1:2:2;1:3:2,0,1,0,0,0,1,0,0,0,0,0,0,2,24
60266,0:4:3;1:2:2;1:2:2;1:3:2,0,2,0,0,0,1,0,0,0,0,0,0,3,24
60267,0:4:3;1:2:2;1:2:2;1:3:2,0,3,0,0,0,1,0,0,0,0,0,0,26,24
60268,0:4:3;1:2:2;1:2:2;1:3:2,0,4,0,0,0,1,0,0,0,0,0,0,26,24
60269,0:4:3;1:2:2;1:2:2;1:3:2,0,5,0,0,0,1,0,0,0,0,0,0,26,24
60270,0:4:3;1:2:2;1:2:2;1:3:2,1,0,0,0,0,1,0,0,0,0,0,0,4,24
60271,0:4:3;1:2:2;1:2:2;1:3:2,1,1,0,0,0,1,0,0,0,0,0,0,8,24
60272,0:4:3;1:2:2;1:2:2;1:3:2,1,2,0,0,0,1,0,0,0,0,0,0,12,24
60273,0:4:3;1:2:2;1:2:2;1:3:2,1,3,0,0,0,1,0,0,0,0,0,0,38,24
60274,0:4:3;1:2:2;1:2:2;1:3:2,1,4,0,0,0,1,0,0,0,0,0,0,38,24
60275,0:4:3;1:2:2;1:2:2;1:3:2,1,5,0,0,0,1,0,0,0,0,0,0,38,24
60276,0:4:3;1:2:2;1:2:2;1:3:2,2,0,1,1,0,1,0,0,0,1,1,7,21,19
60277,0:4:3;1:2:2;1:2:2;1:3:2,2,1,1,1,0,0,1,1,1,1,1,5,10,7
60278,0:4:3;1:2:2;1:2:2;1:3:2,2,2,1,1,1,0,1,1,1,1,1,5,10,7
60279,0:4:3;1:2:2;1:2:2;1:3:2,2,3,1,1,1,0,1,1,1,1,1,5,10,1
60280,0:4:3;1:2:2;1:2:2;1:3:2,2,4,1,1,1,0,1,1,1,1,1,5,10,1
60281,0:4:3;1:2:2;1:2:2;1:3:2,2,5,1,1,1,0,1,1,1,1,1,5,10,1
60282,0:4:3;1:2:2;1:2:2;1:3:2,3,0,1,1,0,1,0,0,0,1,1,7,24,19
60283,0:4:3;1:2:2;1:2:2;1:3:2,3,1,1,1,1,0,1,1,1,1,1,5,10,7
60284,0:4:3;1:2:2;1:2:2;1:3:2,3,2,1,1,1,0,1,1,1,1,1,5,10,7
60285,0:4:3;1:2:2;1:2:2;1:3:2,3,3,1,1,1,0,1,1,1,1,1,5,10,1
60286,0:4:3;1:2:2;1:2:2;1:3:2,3,4,1,1,1,0,1,1,1,1,1,5,10,1
60287,0:4:3;1:2:2;1:2:2;1:3:2,3,5,1,1,1,0,1,1,1,1,1,5,10,1
60288,0:4:3;1:2:2;1:2:2;1:3:2,4,0,1,1,1,0,1,1,1,1,1,5,10,9
60289,0:4:3;1:2:2;1:2:2;1:3:2,4,1,1,1,1,0,1,1,1,1,1,5,10,7
60290,0:4:3;1:2:2;1:2:2;1:3:2,4,2,1,1,1,0,1,1,1,1,1,5,10,7
60291,0:4:3;1:2:2;1:2:2;1:3:2,4,3,1,1,1,0,1,1,1,1,1,5,10,1
60292,0:4:3;1:2:2;1:2:2;1:3:2,4,4,1,1,1,0,1,1,1,1,1,5,10,1
60293,0:4:3;1:2:2;1:2:2;1:3:2,4,5,1,1,1,0,1,1,1,1,1,5,10,1
60294,0:4:3;1:2:2;1:2:2;1:3:2,5,0,1,1,1,0,1,1,1,1,1,5,10,9
60295,0:4:3;1:2:2;1:2:2;1:3:2,5,1,1,1,1,0,1,1,1,1,1,5,10,7
60296,0:4:3;1:2:2;1:2:2;1:3:2,5,2,1,1,1,0,1,1,1,1,1,5,10,7
60297,0:4:3;1:2:2;1:2:2;1:3:2,5,3,1,1,1,0,1,1,1,1,1,5,10,1
60298,0:4:3;1:2:2;1:2:2;1:3:2,5,4,1,1,1,0,1,1,1,1,1,5,10,1
60299,0:4:3;1:2:2;1:2:2;1:3:2,5,5,1,1,1,0,1,1,1,1,1,5,10,1
60300,0:4:3;1:2:2;1:2:2;1:3:3,0,0,0,0,0,1,0,0,0,0,0,0,1,24
60301,0:4:3;1:2:2;1:2:2;1:3:3,0,1,0,0,0,1,0,0,0,0,0,0,2,24
60302,0:4:3;1:2:2;1:2:2;1:3:3,0,2,0,0,0,1,0,0,0,0,0,0,3,24
60303,0:4:3;1:2:2;1:2:2;1:3:3,0,3,0,0,0,1,0,0,0,0,0,0,29,24
60304,0:4:3;1:2:2;1:2:2;1:3:3,0,4,0,0,0,1,0,0,0,0,0,0,29,24
60305,0:4:3;1:2:2;1:2:2;1:3:3,0,5,0,0,0,1,0,0,0,0,0,0,29,24
60306,0:4:3;1:2:2;1:2:2;1:3:3,1,0,0,0,0,1,0,0,0,0,0,0,4,24
60307,0:4:3;1:2:2;1:2:2;1:3:3,1,1,0,0,0,1,0,0,0,0,0,0,8,24
60308,0:4:3;1:2:2;1:2:2;1:3:3,1,2,0,0,0,1,0,0,0,0,0,0,12,24
60309,0:4:3;1:2:2;1:2:2;1:3:3,1,3,0,0,0,1,0,0,0,0,0,0,44,24
60310,0:4:3;1:2:2;1:2:2;1:3:3,1,4,0,0,0,1,0,0,0,0,0,0,44,24
60311,0:4:3;1:2:2;1:2:2;1:3:3,1,5,0,0,0,1,0,0,0,0,0,0,44,24
60312,0:4:3;1:2:2;1:2:2;1:3:3,2,0,0,0,0,1,0,0,0,0,0,0,14,24
60313,0:4:3;1:2:2;1:2:2;1:3:3,2,1,0,0,0,1,0,0,0,0,0,0,41,24
60314,0:4:3;1:2:2;1:2:2;1:3:3,2,2,0,0,0,1,0,0,0,0,0,0,49,24
60315,0:4:3;1:2:2;1:2:2;1:3:3,2,3,0,0,0,1,0,0,0,0,0,0,65,24
60316,0:4:3;1:2:2;1:2:2;1:3:3,2,4,0,0,0,1,0,0,0,0,0,0,65,24
60317,0:4:3;1:2:2;1:2:2;1:3:3,2,5,0,0,0,1,0,0,0,0,0,0,65,24
60318,0:4:3;1:2:2;1:2:2;1:3:3,3,0,1,1,0,1,0,0,1,0,1,7,37,19
60319,0:4:3;1:2:2;1:2:2;1:3:3,3,1,1,1,0,0,1,1,1,1,1,5,11,7
60320,0:4:3;1:2:2;1:2:2;1:3:3,3,2,1,1,1,0,1,1,1,1,1,5,11,7
60321,0:4:3;1:2:2;1:2:2;1:3:3,3,3,1,1,1,0,1,1,1,1,1,5,11,1
60322,0:4:3;1:2:2;1:2:2;1:3:3,3,4,1,1,1,0,1,1,1,1,1,5,11,1
60323,0:4:3;1:2:2;1:2:2;1:3:3,3,5,1,1,1,0,1,1,1,1,1,5,11,1
60324,0:4:3;1:2:2;1:2:2;1:3:3,4,0,1,1,0,0,1,1,1,1,1,5,11,9
60325,0:4:3;1:2:2;1:2:2;1:3:3,4,1,1,1,1,0,1,1,1,1,1,5,11,7
60326,0:4:3;1:2:2;1:2:2;1:3:3,4,2,1,1,1,0,1,1,1,1,1,5,11,7
60327,0:4:3;1:2:2;1:2:2;1:3:3,4,3,1,1,1,0,1,1,1,1,1,5,11,1
60328,0:4:3;1:2:2;1:2:2;1:3:3,4,4,1,1,1,0,1,1,1,1,1,5,11,1
60329,0:4:3;1:2:2;1:2:2;1:3:3,4,5,1,1,1,0,1,1,1,1,1,5,11,1
60330,0:4:3;1:2:2;1:2:2;1:3:3,5,0,1,1,1,0,1,1,1,1,1,5,11,9
60331,0:4:3;1:2:2;1:2:2;1:3:3,5,1,1,1,1,0,1,1,1,1,1,5,11,7
60332,0:4:3;1:2:2;1:2:2;1:3:3,5,2,1,1,1,0,1,1,1,1,1,5,11,7
60333,0:4:3;1:2:2;1:2:2;1:3:3,5,3,1,1,1,0,1,1,1,1,1,5,11,1
60334,0:4:3;1:2:2;1:2:2;1:3:3,5,4,1,1,1,0,1,1,1,1,1,5,11,1
60335,0:4:3;1:2:2;1:2:2;1:3:3,5,5,1,1,1,0,1,1,1,1,1,5,11,1
60336,0:4:3;1:2:2;1:2:2;1:4:3,0,0,0,0,0,1,0,0,0,0,0,0,1,24
60337,0:4:3;1:2:2;1:2:2;1:4:3,0,1,0,0,0,1,0,0,0,0,0,0,2,24
60338,0:4:3;1:2:2;1:2:2;1:4:3,0,2,0,0,0,1,0,0,0,0,0,0,3,24
60339,0:4:3;1:2:2;1:2:2;1:4:3,0,3,0,0,0,1,0,0,0,0,0,0,29,24
60340,0:4:3;1:2:2;1:2:2;1:4:3,0,4,0,0,0,1,0,0,0,0,0,0,29,24
60341,0:4:3;1:2:2;1:2:2;1:4:3,0,5,0,0,0,1,0,0,0,0,0,0,29,24
60342,0:4:3;1:2:2;1:2:2;1:4:3,1,0,0,0,0,1,0,0,0,0,0,0,4,24
60343,0:4:3;1:2:2;1:2:2;1:4:3,1,1,0,0,0,1,0,0,0,0,0,0,8,24
60344,0:4:3;1:2:2;1:2:2;1:4:3,1,2,0,0,0,1,0,0,0,0,0,0,12,24
60345,0:4:3;1:2:2;1:2:2;1:4:3,1,3,0,0,0,1,0,0,0,0,0,0,44,24
60346,0:4:3;1:2:2;1:2:2;1:4:3,1,4,0,0,0,1,0,0,0,0,0,0,44,24
60347,0:4:3;1:2:2;1:2:2;1:4:3,1,5,0,0,0,1,0,0,0,0,0,0,44,24
60348,0:4:3;1:2:2;1:2:2;1:4:3,2,0,0,0,0,1,0,0,0,0,0,0,14,24
60349,0:4:3;1:2:2;1:2:2;1:4:3,2,1,0,0,0,1,0,0,0,0,0,0,41,24
60350,0:4:3;1:2:2;1:2:2;1:4:3,2,2,0,0,0,1,0,0,0,0,0,0,49,24
60351,0:4:3;1:2:2;1:2:2;1:4:3,2,3,0,0,0,1,0,0,0,0,0,0,65,24
60352,0:4:3;1:2:2;1:2:2;1:4:3,2,4,0,0,0,1,0,0,0,0,0,0,65,24
60353,0:4:3;1:2:2;1:2:2;1:4:3,2,5,0,0,0,1,0,0,0,0,0,0,65,24
60354,0:4:3;1:2:2;1:2:2;1:4:3,3,0,1,1,0,1,0,0,1,1,1,7,37,19
60355,0:4:3;1:2:2;1:2:2;1:4:3,3,1,1,1,0,0,1,1,1,1,1,5,11,7
60356,0:4:3;1:2:2;1:2:2;1:4:3,3,2,1,1,1,0,1,1,1,1,1,5,11,7
60357,0:4:3;1:2:2;1:2:2;1:4:3,3,3,1,1,1,0,1,1,1,1,1,5,11,1
60358,0:4:3;1:2:2;1:2:2;1:4:3,3,4,1,1,1,0,1,1,1,1,1,5,11,1
60359,0:4:3;1:2:2;1:2:2;1:4:3,3,5,1,1,1,0,1,1,1,1,1,5,11,1
60360,0:4:3;1:2:2;1:2:2;1:4:3,4,0,1,1,0,0,1,1,1,1,1,5,11,9
60361,0:4:3;1:2:2;1:2:2;1:4:3,4,1,1,1,1,0,1,1,1,1,1,5,11,7
60362,0:4:3;1:2:2;1:2:2;1:4:3,4,2,1,1,1,0,1,1,1,1,1,5,11,7
60363,0:4:3;1:2:2;1:2:2;1:4:3,4,3,1,1,1,0,1,1,1,1,1,5,11,1
60364,0:4:3;1:2:2;1:2:2;1:4:3,4,4,1,1,1,0,1,1,1,1,1,5,11,1
60365,0:4:3;1:2:2;1:2:2;1:4:3,4,5,1,1,1,0,1,1,1,1,1,5,11,1
60366,0:4:3;1:2:2;1:2:2;1:4:3,5,0,1,1,1,0,1,1,1,1,1,5,11,9
60367,0:4:3;1:2:2;1:2:2;1:4:3,5,1,1,1,1,0,1,1,1,1,1,5,11,7
60368,0:4:3;1:2:2;1:2:2;1:4:3,5,2,1,1,1,0,1,1,1,1,1,5,11,7
60369,0:4:3;1:2:2;1:2:2;1:4:3,5,3,1,1,1,0,1,1,1,1,1,5,11,1
60370,0:4:3;1:2:2;1:2:2;1:4:3,5,4,1,1,1,0,1,1,1,1,1,5,11,1
60371,0:4:3;1:2:2;1:2:2;1:4:3,5,5,1,1,1,0,1,1,1,1,1,5,11,1
60372,0:4:3;1:2:2;1:3:2;1:3:2,0,0,0,0,0,1,0,0,0,0,0,0,1,24
60373,0:4:3;1:2:2;1:3:2;1:3:2,0,1,0,0,0,1,0,0,0,0,0,0,2,24
60374,0:4:3;1:2:2;1:3:2;1:3:2,0,2,0,0,0,1,0,0,0,0,0,0,3,24
60375,0:4:3;1:2:2;1:3:2;1:3:2,0,3,0,0,0,1,0,0,0,0,0,0,26,24
60376,0:4:3;1:2:2;1:3:2;1:3:2,0,4,0,0,0,1,0,0,0,0,0,0,26,24
60377,0:4:3;1:2:2;1:3:2;1:3:2,0,5,0,0,0,1,0,0,0,0,0,0,26,24
60378,0:4:3;1:2:2;1:3:2;1:3:2,1,0,0,0,0,1,0,0,0,0,0,0,4,24
60379,0:4:3;1:2:2;1:3:2;1:3:2,1,1,0,0,0,1,0,0,0,0,0,0,8,24
60380,0:4:3;1:2:2;1:3:2;1:3:2,1,2,0,0,0,1,0,0,0,0,0,0,12,24
60381,0:4:3;1:2:2;1:3:2;1:3:2,1,3,0,0,0,1,0,0,0,0,0,0,38,24
60382,0:4:3;1:2:2;1:3:2;1:3:2,1,4,0,0,0,1,0,0,0,0,0,0,38,24
60383,0:4:3;1:2:2;1:3:2;1:3:2,1,5,0,0,0,1,0,0,0,0,0,0,38,24
60384,0:4:3;1:2:2;1:3:2;1:3:2,2,0,1,1,0,1,0,0,0,1,1,6,16,13
60385,0:4:3;1:2:2;1:3:2;1:3:2,2,1,1,1,0,0,1,1,1,1,1,5,10,7
60386,0:4:3;1:2:2;1:3:2;1:3:2,2,2,1,1,1,0,1,1,1,1,1,5,10,7
60387,0:4:3;1:2:2;1:3:2;1:3:2,2,3,1,1,1,0,1,1,1,1,1,5,10,1
60388,0:4:3;1:2:2;1:3:2;1:3:2,2,4,1,1,1,0,1,1,1,1,1,5,10,1
60389,0:4:3;1:2:2;1:3:2;1:3:2,2,5,1,1,1,0,1,1,1,1,1,5,10,1
60390,0:4:3;1:2:2;1:3:2;1:3:2,3,0,1,1,0,1,0,0,0,1,1,6,19,13
60391,0:4:3;1:2:2;1:3:2;1:3:2,3,1,1,1,1,0,1,1,1,1,1,5,10,7
60392,0:4:3;1:2:2;1:3:2;1:3:2,3,2,1,1,1,0,1,1,1,1,1,5,10,7
60393,0:4:3;1:2:2;1:3:2;1:3:2,3,3,1,1,1,0,1,1,1,1,1,5,10,1
60394,0:4:3;1:2:2;1:3:2;1:3:2,3,4,1,1,1,0,1,1,1,1,1,5,10,1
60395,0:4:3;1:2:2;1:3:2;1:3:2,3,5,1,1,1,0,1,1,1,1,1,5,10,1
60396,0:4:3;1:2:2;1:3:2;1:3:2,4,0,1,1,1,0,1,1,1,1,1,5,10,9
60397,0:4:3;1:2:2;1:3:2;1:3:2,4,1,1,1,1,0,1,1,1,1,1,5,10,7
60398,0:4:3;1:2:2;1:3:2;1:3:2,4,2,1,1,1,0,1,1,1,1,1,5,10,7
60399,0:4:3;1:2:2;1:3:2;1:3:2,4,3,1,1,1,0,1,1,1,1,1,5,10,1
60400,0:4:3;1:2:2;1:3:2;1:3:2,4,4,1,1,1,0,1,1,1,1,1,5,10,1
60401,0:4:3;1:2:2;1:3:2;1:3:2,4,5,1,1,1,0,1,1,1,1,1,5,10,1
60402,0:4:3;1:2:2;1:3:2;1:3:2,5,0,1,1,1,0,1,1,1,1,1,5,10,9
60403,0:4:3;1:2:2;1:3:2;1:3:2,5,1,1,1,1,0,1,1,1,1,1,5,10,7
60404,0:4:3;1:2:2;1:3:2;1:3:2,5,2,1,1,1,0,1,1,1,1,1,5,10,7
60405,0:4:3;1:2:2;1:3:2;1:3:2,5,3,1,1,1,0,1,1,1,1,1,5,10,1
60406,0:4:3;1:2:2;1:3:2;1:3:2,5,4,1,1,1,0,1,1,1,1,1,5,10,1
60407,0:4:3;1:2:2;1:3:2;1:3:2,5,5,1,1,1,0,1,1,1,1,1,5,10,1
60408,0:4:3;1:2:2;1:3:2;1:3:3,0,0,0,0,0,1,0,0,0,0,0,0,1,24
60409,0:4:3;1:2:2;1:3:2;1:3:3,0,1,0,0,0,1,0,0,0,0,0,0,2,24
60410,0:4:3;1:2:2;1:3:2;1:3:3,0,2,0,0,0,1,0,0,0,0,0,0,3,24
60411,0:4:3;1:2:2;1:3:2;1:3:3,0,3,0,0,0,1,0,0,0,0,0,0,29,24
60412,0:4:3;1:2:2;1:3:2;1:3:3,0,4,0,0,0,1,0,0,0,0,0,0,29,24
60413,0:4:3;1:2:2;1:3:2;1:3:3,0,5,0,0,0,1,0,0,0,0,0,0,29,24
60414,0:4:3;1:2:2;1:3:2;1:3:3,1,0,0,0,0,1,0,0,0,0,0,0,4,24
60415,0:4:3;1:2:2;1:3:2;1:3:3,1,1,0,0,0,1,0,0,0,0,0,0,8,24
60416,0:4:3;1:2:2;1:3:2;1:3:3,1,2,0,0,0,1,0,0,0,0,0,0,12,24
60417,0:4:3;1:2:2;1:3:2;1:3:3,1,3,0,0,0,1,0,0,0,0,0,0,44,24
60418,0:4:3;1:2:2;1:3:2;1:3:3,1,4,0,0,0,1,0,0,0,0,0,0,44,24
60419,0:4:3;1:2:2;1:3:2;1:3:3,1,5,0,0,0,1,0,0,0,0,0,0,44,24
60420,0:4:3;1:2:2;1:3:2;1:3:3,2,0,0,0,0,1,0,0,0,0,0,0,25,24
60421,0:4:3;1:2:2;1:3:2;1:3:3,2,1,0,0,0,1,0,0,0,0,0,0,41,24
60422,0:4:3;1:2:2;1:3:2;1:3:3,2,2,0,0,0,1,0,0,0,0,0,0,49,24
60423,0:4:3;1:2:2;1:3:2;1:3:3,2,3,0,0,0,1,0,0,0,0,0,0,65,24
60424,0:4:3;1:2:2;1:3:2;1:3:3,2,4,0,0,0,1,0,0,0,0,0,0,65,24
60425,0:4:3;1:2:2;1:3:2;1:3:3,2,5,0,0,0,1,0,0,0,0,0,0,65,24
60426,0:4:3;1:2:2;1:3:2;1:3:3,3,0,1,1,0,1,0,0,1,1,1,6,20,13
60427,0:4:3;1:2:2;1:3:2;1:3:3,3,1,1,1,0,0,1,1,1,1,1,5,11,7
60428,0:4:3;1:2:2;1:3:2;1:3:3,3,2,1,1,1,0,1,1,1,1,1,5,11,7
60429,0:4:3;1:2:2;1:3:2;1:3:3,3,3,1,1,1,0,1,1,1,1,1,5,11,1
60430,0:4:3;1:2:2;1:3:2;1:3:3,3,4,1,1,1,0,1,1,1,1,1,5,11,1
60431,0:4:3;1:2:2;1:3:2;1:3:3,3,5,1,1,1,0,1,1,1,1,1,5,11,1
60432,0:4:3;1:2:2;1:3:2;1:3:3,4,0,1,1,0,0,1,1,1,1,1,5,11,9
60433,0:4:3;1:2:2;1:3:2;1:3:3,4,1,1,1,1,0,1,1,1,1,1,5,11,7
60434,0:4:3;1:2:2;1:3:2;1:3:3,4,2,1,1,1,0,1,1,1,1,1,5,11,7
60435,0:4:3;1:2:2;1:3:2;1:3:3,4,3,1,1,1,0,1,1,1,1,1,5,11,1
60436,0:4:3;1:2:2;1:3:2;1:3:3,4,4,1,1,1,0,1,1,1,1,1,5,11,1
60437,0:4:3;1:2:2;1:3:2;1:3:3,4,5,1,1,1,0,1,1,1,1,1,5,11,1
60438,0:4:3;1:2:2;1:3:2;1:3:3,5,0,1,1,1,0,1,1,1,1,1,5,11,9
60439,0:4:3;1:2:2;1:3:2;1:3:3,5,1,1,1,1,0,1,1,1,1,1,5,11,7
60440,0:4:3;1:2:2;1:3:2;1:3:3,5,2,1,1,1,0,1,1,1,1,1,5,11,7
60441,0:4:3;1:2:2;1:3:2;1:3:3,5,3,1,1,1,0,1,1,1,1,1,5,11,1
60442,0:4:3;1:2:2;1:3:2;1:3:3,5,4,1,1,1,0,1,1,1,1,1,5,11,1
60443,0:4:3;1:2:2;1:3:2;1:3:3,5,5,1,1,1,0,1,1,1,1,1,5,11,1
60444,0:4:3;1:2:2;1:3:2;1:4:3,0,0,0,0,0,1,0,0,0,0,0,0,1,24
60445,0:4:3;1:2:2;1:3:2;1:4:3,0,1,0,0,0,1,0,0,0,0,0,0,2,24
60446,0:4:3;1:2:2;1:3:2;1:4:3,0,2,0,0,0,1,0,0,0,0,0,0,3,24
60447,0:4:3;1:2:2;1:3:2;1:4:3,0,3,0,0,0,1,0,0,0,0,0,0,29,24
60448,0:4:3;1:2:2;1:3:2;1:4:3,0,4,0,0,0,1,0,0,0,0,0,0,29,24
60449,0:4:3;1:2:2;1:3:2;1:4:3,0,5,0,0,0,1,0,0,0,0,0,0,29,24
60450,0:4:3;1:2:2;1:3:2;1:4:3,1,0,0,0,0,1,0,0,0,0,0,0,4,24
60451,0:4:3;1:2:2;1:3:2;1:4:3,1,1,0,0,0,1,0,0,0,0,0,0,8,24
60452,0:4:3;1:2:2;1:3:2;1:4:3,1,2,0,0,0,1,0,0,0,0,0,0,12,24
60453,0:4:3;1:2:2;1:3:2;1:4:3,1,3,0,0,0,1,0,0,0,0,0,0,44,24
60454,0:4:3;1:2:2;1:3:2;1:4:3,1,4,0,0,0,1,0,0,0,0,0,0,44,24
60455,0:4:3;1:2:2;1:3:2;1:4:3,1,5,0,0,0,1,0,0,0,0,0,0,44,24
60456,0:4:3;1:2:2;1:3:2;1:4:3,2,0,0,0,0,1,0,0,0,0,0,0,25,24
60457,0:4:3;1:2:2;1:3:2;1:4:3,2,1,0,0,0,1,0,0,0,0,0,0,41,24
60458,0:4:3;1:2:2;1:3:2;1:4:3,2,2,0,0,0,1,0,0,0,0,0,0,49,24
60459,0:4:3;1:2:2;1:3:2;1:4:3,2,3,0,0,0,1,0,0,0,0,0,0,65,24
60460,0:4:3;1:2:2;1:3:2;1:4:3,2,4,0,0,0,1,0,0,0,0,0,0,65,24
60461,0:4:3;1:2:2;1:3:2;1:4:3,2,5,0,0,0,1,0,0,0,0,0,0,65,24
60462,0:4:3;1:2:2;1:3:2;1:4:3,3,0,1,1,0,1,0,0,1,1,1,6,20,13
60463,0:4:3;1:2:2;1:3:2;1:4:3,3,1,1,1,0,0,1,1,1,1,1,5,11,7
60464,0:4:3;1:2:2;1:3:2;1:4:3,3,2,1,1,1,0,1,1,1,1,1,5,11,7
60465,0:4:3;1:2:2;1:3:2;1:4:3,3,3,1,1,1,0,1,1,1,1,1,5,11,1
60466,0:4:3;1:2:2;1:3:2;1:4:3,3,4,1,1,1,0,1,1,1,1,1,5,11,1
60467,0:4:3;1:2:2;1:3:2;1:4:3,3,5,1,1,1,0,1,1,1,1,1,5,11,1
60468,0:4:3;1:2:2;1:3:2;1:4:3,4,0,1,1,0,0,1,1,1,1,1,5,11,9
60469,0:4:3;1:2:2;1:3:2;1:4:3,4,1,1,1,1,0,1,1,1,1,1,5,11,7
60470,0:4:3;1:2:2;1:3:2;1:4:3,4,2,1,1,1,0,1,1,1,1,1,5,11,7
60471,0:4:3;1:2:2;1:3:2;1:4:3,4,3,1,1,1,0,1,1,1,1,1,5,11,1
60472,0:4:3;1:2:2;1:3:2;1:4:3,4,4,1,1,1,0,1,1,1,1,1,5,11,1
60473,0:4:3;1:2:2;1:3:2;1:4:3,4,5,1,1,1,0,1,1,1,1,1,5,11,1
60474,0:4:3;1:2:2;1:3:2;1:4:3,5,0,1,1,1,0,1,1,1,1,1,5,11,9
60475,0:4:3;1:2:2;1:3:2;1:4:3,5,1,1,1,1,0,1,1,1,1,1,5,11,7
60476,0:4:3;1:2:2;1:3:2;1:4:3,5,2,1,1,1,0,1,1,1,1,1,5,11,7
60477,0:4:3;1:2:2;1:3:2;1:4:3,5,3,1,1,1,0,1,1,1,1,1,5,11,1
60478,0:4:3;1:2:2;1:3:2;1:4:3,5,4,1,1,1,0,1,1,1,1,1,5,11,1
60479,0:4:3;1:2:2;1:3:2;1:4:3,5,5,1,1,1,0,1,1,1,1,1,5,11,1
60480,0:4:3;1:2:2;1:3:3;1:3:3,0,0,0,0,0,1,0,0,0,0,0,0,1,24
60481,0:4:3;1:2:2;1:3:3;1:3:3,0,1,0,0,0,1,0,0,0,0,0,0,2,24
60482,0:4:3;1:2:2;1:3:3;1:3:3,0,2,0,0,0,1,0,0,0,0,0,0,3,24
60483,0:4:3;1:2:2;1:3:3;1:3:3,0,3,0,0,0,1,0,0,0,0,0,0,32,24
60484,0:4:3;1:2:2;1:3:3;1:3:3,0,4,0,0,0,1,0,0,0,0,0,0,32,24
60485,0:4:3;1:2:2;1:3:3;1:3:3,0,5,0,0,0,1,0,0,0,0,0,0,32,24
60486,0:4:3;1:2:2;1:3:3;1:3:3,1,0,0,0,0,1,0,0,0,0,0,0,4,24
60487,0:4:3;1:2:2;1:3:3;1:3:3,1,1,0,0,0,1,0,0,0,0,0,0,8,24
60488,0:4:3;1:2:2;1:3:3;1:3:3,1,2,0,0,0,1,0,0,0,0,0,0,12,24
60489,0:4:3;1:2:2;1:3:3;1:3:3,1,3,0,0,0,1,0,0,0,0,0,0,50,24
60490,0:4:3;1:2:2;1:3:3;1:3:3,1,4,0,0,0,1,0,0,0,0,0,0,50,24
60491,0:4:3;1:2:2;1:3:3;1:3:3,1,5,0,0,0,1,0,0,0,0,0,0,50,24
60492,0:4:3;1:2:2;1:3:3;1:3:3,2,0,0,0,0,1,0,0,0,0,0,0,12,24
60493,0:4:3;1:2:2;1:3:3;1:3:3,2,1,0,0,0,1,0,0,0,0,0,0,34,24
60494,0:4:3;1:2:2;1:3:3;1:3:3,2,2,0,0,0,1,0,0,0,0,0,0,43,24
60495,0:4:3;1:2:2;1:3:3;1:3:3,2,3,0,0,0,1,0,0,0,0,0,0,74,24
60496,0:4:3;1:2:2;1:3:3;1:3:3,2,4,0,0,0,1,0,0,0,0,0,0,74,24
60497,0:4:3;1:2:2;1:3:3;1:3:3,2,5,0,0,0,1,0,0,0,0,0,0,74,24
60498,0:4:3;1:2:2;1:3:3;1:3:3,3,0,0,0,0,1,0,0,0,0,0,0,49,24
60499,0:4:3;1:2:2;1:3:3;1:3:3,3,1,0,0,0,1,0,0,0,0,0,0,72,24
60500,0:4:3;1:2:2;1:3:3;1:3:3,3,2,0,0,0,1,0,0,0,0,0,0,86,24
60501,0:4:3;1:2:2;1:3:3;1:3:3,3,3,0,0,0,1,0,0,0,0,0,0,104,24
60502,0:4:3;1:2:2;1:3:3;1:3:3,3,4,0,0,0,1,0,0,0,0,0,0,104,24
60503,0:4:3;1:2:2;1:3:3;1:3:3,3,5,0,0,0,1,0,0,0,0,0,0,104,24
60504,0:4:3;1:2:2;1:3:3;1:3:3,4,0,1,1,0,1,0,0,1,0,1,6,30,13
60505,0:4:3;1:2:2;1:3:3;1:3:3,4,1,1,1,1,0,1,1,1,1,1,5,12,7
60506,0:4:3;1:2:2;1:3:3;1:3:3,4,2,1,1,1,0,1,1,1,1,1,5,12,7
60507,0:4:3;1:2:2;1:3:3;1:3:3,4,3,1,1,1,0,1,1,1,1,1,5,12,1
60508,0:4:3;1:2:2;1:3:3;1:3:3,4,4,1,1,1,0,1,1,1,1,1,5,12,1
60509,0:4:3;1:2:2;1:3:3;1:3:3,4,5,1,1,1,0,1,1,1,1,1,5,12,1
60510,0:4:3;1:2:2;1:3:3;1:3:3,5,0,1,1,1,0,1,1,1,1,1,5,12,9
60511,0:4:3;1:2:2;1:3:3;1:3:3,5,1,1,1,1,0,1,1,1,1,1,5,12,7
60512,0:4:3;1:2:2;1:3:3;1:3:3,5,2,1,1,1,0,1,1,1,1,1,5,12,7
60513,0:4:3;1:2:2;1:3:3;1:3:3,5,3,1,1,1,0,1,1,1,1,1,5,12,1
60514,0:4:3;1:2:2;1:3:3;1:3:3,5,4,1,1,1,0,1,1,1,1,1,5,12,1
60515,0:4:3;1:2:2;1:3:3;1:3:3,5,5,1,1,1,0,1,1,1,1,1,5,12,1
60516,0:4:3;1:2:2;1:3:3;1:4:3,0,0,0,0,0,1,0,0,0,0,0,0,1,24
60517,0:4:3;1:2:2;1:3:3;1:4:3,0,1,0,0,0,1,0,0,0,0,0,0,2,24
60518,0:4:3;1:2:2;1:3:3;1:4:3,0,2,0,0,0,1,0,0,0,0,0,0,3,24
60519,0:4:3;1:2:2;1:3:3;1:4:3,0,3,0,0,0,1,0,0,0,0,0,0,32,24
60520,0:4:3;1:2:2;1:3:3;1:4:3,0,4,0,0,0,1,0,0,0,0,0,0,32,24
60521,0:4:3;1:2:2;1:3:3;1:4:3,0,5,0,0,0,1,0,0,0,0,0,0,32,24
60522,0:4:3;1:2:2;1:3:3;1:4:3,1,0,0,0,0,1,0,0,0,0,0,0,4,24
60523,0:4:3;1:2:2;1:3:3;1:4:3,1,1,0,0,0,1,0,0,0,0,0,0,8,24
60524,0:4:3;1:2:2;1:3:3;1:4:3,1,2,0,0,0,1,0,0,0,0,0,0,12,24
60525,0:4:3;1:2:2;1:3:3;1:4:3,1,3,0,0,0,1,0,0,0,0,0,0,50,24
60526,0:4:3;1:2:2;1:3:3;1:4:3,1,4,0,0,0,1,0,0,0,0,0,0,50,24
60527,0:4:3;1:2:2;1:3:3;1:4:3,1,5,0,0,0,1,0,0,0,0,0,0,50,24
60528,0:4:3;1:2:2;1:3:3;1:4:3,2,0,0,0,0,1,0,0,0,0,0,0,12,24
60529,0:4:3;1:2:2;1:3:3;1:4:3,2,1,0,0,0,1,0,0,0,0,0,0,34,24
60530,0:4:3;1:2:2;1:3:3;1:4:3,2,2,0,0,0,1,0,0,0,0,0,0,43,24
60531,0:4:3;1:2:2;1:3:3;1:4:3,2,3,0,0,0,1,0,0,0,0,0,0,74,24
60532,0:4:3;1:2:2;1:3:3;1:4:3,2,4,0,0,0,1,0,0,0,0,0,0,74,24
60533,0:4:3;1:2:2;1:3:3;1:4:3,2,5,0,0,0,1,0,0,0,0,0,0,74,24
60534,0:4:3;1:2:2;1:3:3;1:4:3,3,0,0,0,0,1,0,0,0,0,0,0,49,24
60535,0:4:3;1:2:2;1:3:3;1:4:3,3,1,0,0,0,1,0,0,0,0,0,0,72,24
60536,0:4:3;1:2:2;1:3:3;1:4:3,3,2,0,0,0,1,0,0,0,0,0,0,86,24
60537,0:4:3;1:2:2;1:3:3;1:4:3,3,3,0,0,0,1,0,0,0,0,0,0,104,24
60538,0:4:3;1:2:2;1:3:3;1:4:3,3,4,0,0,0,1,0,0,0,0,0,0,104,24
60539,0:4:3;1:2:2;1:3:3;1:4:3,3,5,0,0,0,1,0,0,0,0,0,0,104,24
60540,0:4:3;1:2:2;1:3:3;1:4:3,4,0,1,1,0,1,0,0,1,1,1,6,30,13
60541,0:4:3;1:2:2;1:3:3;1:4:3,4,1,1,1,1,0,1,1,1,1,1,5,12,7
60542,0:4:3;1:2:2;1:3:3;1:4:3,4,2,1,1,1,0,1,1,1,1,1,5,12,7
60543,0:4:3;1:2:2;1:3:3;1:4:3,4,3,1,1,1,0,1,1,1,1,1,5,12,1
60544,0:4:3;1:2:2;1:3:3;1:4:3,4,4,1,1,1,0,1,1,1,1,1,5,12,1
60545,0:4:3;1:2:2;1:3:3;1:4:3,4,5,1,1,1,0,1,1,1,1,1,5,12,1
60546,0:4:3;1:2:2;1:3:3;1:4:3,5,0,1,1,1,0,1,1,1,1,1,5,12,9
60547,0:4:3;1:2:2;1:3:3;1:4:3,5,1,1,1,1,0,1,1,1,1,1,5,12,7
60548,0:4:3;1:2:2;1:3:3;1:4:3,5,2,1,1,1,0,1,1,1,1,1,5,12,7
60549,0:4:3;1:2:2;1:3:3;1:4:3,5,3,1,1,1,0,1,1,1,1,1,5,12,1
60550,0:4:3;1:2:2;1:3:3;1:4:3,5,4,1,1,1,0,1,1,1,1,1,5,12,1
60551,0:4:3;1:2:2;1:3:3;1:4:3,5,5,1,1,1,0,1,1,1,1,1,5,12,1
60552,0:4:3;1:2:2;1:4:3;1:4:3,0,0,0,0,0,1,0,0,0,0,0,0,1,24
60553,0:4:3;1:2:2;1:4:3;1:4:3,0,1,0,0,0,1,0,0,0,0,0,0,2,24
60554,0:4:3;1:2:2;1:4:3;1:4:3,0,2,0,0,0,1,0,0,0,0,0,0,3,24
60555,0:4:3;1:2:2;1:4:3;1:4:3,0,3,0,0,0,1,0,0,0,0,0,0,32,24
60556,0:4:3;1:2:2;1:4:3;1:4:3,0,4,0,0,0,1,0,0,0,0,0,0,32,24
60557,0:4:3;1:2:2;1:4:3;1:4:3,0,5,0,0,0,1,0,0,0,0,0,0,32,24
60558,0:4:3;1:2:2;1:4:3;1:4:3,1,0,0,0,0,1,0,0,0,0,0,0,4,24
60559,0:4:3;1:2:2;1:4:3;1:4:3,1,1,0,0,0,1,0,0,0,0,0,0,8,24
60560,0:4:3;1:2:2;1:4:3;1:4:3,1,2,0,0,0,1,0,0,0,0,0,0,12,24
60561,0:4:3;1:2:2;1:4:3;1:4:3,1,3,0,0,0,1,0,0,0,0,0,0,50,24
60562,0:4:3;1:2:2;1:4:3;1:4:3,1,4,0,0,0,1,0,0,0,0,0,0,50,24
60563,0:4:3;1:2:2;1:4:3;1:4:3,1,5,0,0,0,1,0,0,0,0,0,0,50,24
60564,0:4:3;1:2:2;1:4:3;1:4:3,2,0,0,0,0,1,0,0,0,0,0,0,12,24
60565,0:4:3;1:2:2;1:4:3;1:4:3,2,1,0,0,0,1,0,0,0,0,0,0,34,24
60566,0:4:3;1:2:2;1:4:3;1:4:3,2,2,0,0,0,1,0,0,0,0,0,0,43,24
60567,0:4:3;1:2:2;1:4:3;1:4:3,2,3,0,0,0,1,0,0,0,0,0,0,74,24
60568,0:4:3;1:2:2;1:4:3;1:4:3,2,4,0,0,0,1,0,0,0,0,0,0,74,24
60569,0:4:3;1:2:2;1:4:3;1:4:3,2,5,0,0,0,1,0,0,0,0,0,0,74,24
60570,0:4:3;1:2:2;1:4:3;1:4:3,3,0,0,0,0,1,0,0,0,0,0,0,49,24
60571,0:4:3;1:2:2;1:4:3;1:4:3,3,1,0,0,0,1,0,0,0,0,0,0,72,24
60572,0:4:3;1:2:2;1:4:3;1:4:3,3,2,0,0,0,1,0,0,0,0,0,0,86,24
60573,0:4:3;1:2:2;1:4:3;1:4:3,3,3,0,0,0,1,0,0,0,0,0,0,104,24
60574,0:4:3;1:2:2;1:4:3;1:4:3,3,4,0,0,0,1,0,0,0,0,0,0,104,24
60575,0:4:3;1:2:2;1:4:3;1:4:3,3,5,0,0,0,1,0,0,0,0,0,0,104,24
60576,0:4:3;1:2:2;1:4:3;1:4:3,4,0,1,1,0,1,0,0,1,1,1,6,30,13
60577,0:4:3;1:2:2;1:4:3;1:4:3,4,1,1,1,1,0,1,1,1,1,1,5,12,7
60578,0:4:3;1:2:2;1:4:3;1:4:3,4,2,1,1,1,0,1,1,1,1,1,5,12,7
60579,0:4:3;1:2:2;1:4:3;1:4:3,4,3,1,1,1,0,1,1,1,1,1,5,12,1
60580,0:4:3;1:2:2;1:4:3;1:4:3,4,4,1,1,1,0,1,1,1,1,1,5,12,1
60581,0:4:3;1:2:2;1:4:3;1:4:3,4,5,1,1,1,0,1,1,1,1,1,5,12,1
60582,0:4:3;1:2:2;1:4:3;1:4:3,5,0,1,1,1,0,1,1,1,1,1,5,12,9
60583,0:4:3;1:2:2;1:4:3;1:4:3,5,1,1,1,1,0,1,1,1,1,1,5,12,7
60584,0:4:3;1:2:2;1:4:3;1:4:3,5,2,1,1,1,0,1,1,1,1,1,5,12,7
60585,0:4:3;1:2:2;1:4:3;1:4:3,5,3,1,1,1,0,1,1,1,1,1,5,12,1
60586,0:4:3;1:2:2;1:4:3;1:4:3,5,4,1,1,1,0,1,1,1,1,1,5,12,1
60587,0:4:3;1:2:2;1:4:3;1:4:3,5,5,1,1,1,0,1,1,1,1,1,5,12,1
60588,0:4:3;1:3:2;1:3:2;1:3:2,0,0,0,0,0,1,0,0,0,0,0,0,1,24
60589,0:4:3;1:3:2;1:3:2;1:3:2,0,1,0,0,0,1,0,0,0,0,0,0,2,24
60590,0:4:3;1:3:2;1:3:2;1:3:2,0,2,0,0,0,1,0,0,0,0,0,0,3,24
60591,0:4:3;1:3:2;1:3:2;1:3:2,0,3,0,0,0,1,0,0,0,0,0,0,26,24
60592,0:4:3;1:3:2;1:3:2;1:3:2,0,4,0,0,0,1,0,0,0,0,0,0,26,24
60593,0:4:3;1:3:2;1:3:2;1:3:2,0,5,0,0,0,1,0,0,0,0,0,0,26,24
60594,0:4:3;1:3:2;1:3:2;1:3:2,1,0,0,0,0,1,0,0,0,0,0,0,4,24
60595,0:4:3;1:3:2;1:3:2;1:3:2,1,1,0,0,0,1,0,0,0,0,0,0,8,24
60596,0:4:3;1:3:2;1:3:2;1:3:2,1,2,0,0,0,1,0,0,0,0,0,0,12,24
60597,0:4:3;1:3:2;1:3:2;1:3:2,1,3,0,0,0,1,0,0,0,0,0,0,38,24
60598,0:4:3;1:3:2;1:3:2;1:3:2,1,4,0,0,0,1,0,0,0,0,0,0,38,24
60599,0:4:3;1:3:2;1:3:2;1:3:2,1,5,0,0,0,1,0,0,0,0,0,0,38,24
60600,0:4:3;1:3:2;1:3:2;1:3:2,2,0,1,1,0,0,1,1,1,1,1,5,10,7
60601,0:4:3;1:3:2;1:3:2;1:3:2,2,1,1,1,0,0,1,1,1,1,1,5,10,7
60602,0:4:3;1:3:2;1:3:2;1:3:2,2,2,1,1,1,0,1,1,1,1,1,5,10,7
60603,0:4:3;1:3:2;1:3:2;1:3:2,2,3,1,1,1,0,1,1,1,1,1,5,10,1
60604,0:4:3;1:3:2;1:3:2;1:3:2,2,4,1,1,1,0,1,1,1,1,1,5,10,1
60605,0:4:3;1:3:2;1:3:2;1:3:2,2,5,1,1,1,0,1,1,1,1,1,5,10,1
60606,0:4:3;1:3:2;1:3:2;1:3:2,3,0,1,1,0,0,1,1,1,1,1,5,10,7
60607,0:4:3;1:3:2;1:3:2;1:3:2,3,1,1,1,1,0,1,1,1,1,1,5,10,7
60608,0:4:3;1:3:2;1:3:2;1:3:2,3,2,1,1,1,0,1,1,1,1,1,5,10,7
60609,0:4:3;1:3:2;1:3:2;1:3:2,3,3,1,1,1,0,1,1,1,1,1,5,10,1
60610,0:4:3;1:3:2;1:3:2;1:3:2,3,4,1,1,1,0,1,1,1,1,1,5,10,1
60611,0:4:3;1:3:2;1:3:2;1:3:2,3,5,1,1,1,0,1,1,1,1,1,5,10,1
60612,0:4:3;1:3:2;1:3:2;1:3:2,4,0,1,1,1,0,1,1,1,1,1,5,10,7
60613,0:4:3;1:3:2;1:3:2;1:3:2,4,1,1,1,1,0,1,1,1,1,1,5,10,7
60614,0:4:3;1:3:2;1:3:2;1:3:2,4,2,1,1,1,0,1,1,1,1,1,5,10,7
60615,0:4:3;1:3:2;1:3:2;1:3:2,4,3,1,1,1,0,1,1,1,1,1,5,10,1
60616,0:4:3;1:3:2;1:3:2;1:3:2,4,4,1,1,1,0,1,1,1,1,1,5,10,1
60617,0:4:3;1:3:2;1:3:2;1:3:2,4,5,1,1,1,0,1,1,1,1,1,5,10,1
60618,0:4:3;1:3:2;1:3:2;1:3:2,5,0,1,1,1,0,1,1,1,1,1,5,10,7
60619,0:4:3;1:3:2;1:3:2;1:3:2,5,1,1,1,1,0,1,1,1,1,1,5,10,7
60620,0:4:3;1:3:2;1:3:2;1:3:2,5,2,1,1,1,0,1,1,1,1,1,5,10,7
60621,0:4:3;1:3:2;1:3:2;1:3:2,5,3,1,1,1,0,1,1,1,1,1,5,10,1
60622,0:4:3;1:3:2;1:3:2;1:3:2,5,4,1,1,1,0,1,1,1,1,1,5,10,1
60623,0:4:3;1:3:2;1:3:2;1:3:2,5,5,1,1,1,0,1,1,1,1,1,5,10,1
60624,0:4:3;1:3:2;1:3:2;1:3:3,0,0,0,0,0,1,0,0,0,0,0,0,1,24
60625,0:4:3;1:3:2;1:3:2;1:3:3,0,1,0,0,0,1,0,0,0,0,0,0,2,24
60626,0:4:3;1:3:2;1:3:2;1:3:3,0,2,0,0,0,1,0,0,0,0,0,0,3,24
60627,0:4:3;1:3:2;1:3:2;1:3:3,0,3,0,0,0,1,0,0,0,0,0,0,29,24
60628,0:4:3;1:3:2;1:3:2;1:3:3,0,4,0,0,0,1,0,0,0,0,0,0,29,24
60629,0:4:3;1:3:2;1:3:2;1:3:3,0,5,0,0,0,1,0,0,0,0,0,0,29,24
60630,0:4:3;1:3:2;1:3:2;1:3:3,1,0,0,0,0,1,0,0,0,0,0,0,4,24
60631,0:4:3;1:3:2;1:3:2;1:3:3,1,1,0,0,0,1,0,0,0,0,0,0,8,24
60632,0:4:3;1:3:2;1:3:2;1:3:3,1,2,0,0,0,1,0,0,0,0,0,0,12,24
60633,0:4:3;1:3:2;1:3:2;1:3:3,1,3,0,0,0,1,0,0,0,0,0,0,44,24
60634,0:4:3;1:3:2;1:3:2;1:3:3,1,4,0,0,0,1,0,0,0,0,0,0,44,24
60635,0:4:3;1:3:2;1:3:2;1:3:3,1,5,0,0,0,1,0,0,0,0,0,0,44,24
60636,0:4:3;1:3:2;1:3:2;1:3:3,2,0,0,0,0,1,0,0,0,0,0,0,33,24
60637,0:4:3;1:3:2;1:3:2;1:3:3,2,1,0,0,0,1,0,0,0,0,0,0,41,24
60638,0:4:3;1:3:2;1:3:2;1:3:3,2,2,0,0,0,1,0,0,0,0,0,0,49,24
60639,0:4:3;1:3:2;1:3:2;1:3:3,2,3,0,0,0,1,0,0,0,0,0,0,65,24
60640,0:4:3;1:3:2;1:3:2;1:3:3,2,4,0,0,0,1,0,0,0,0,0,0,65,24
60641,0:4:3;1:3:2;1:3:2;1:3:3,2,5,0,0,0,1,0,0,0,0,0,0,65,24
60642,0:4:3;1:3:2;1:3:2;1:3:3,3,0,1,1,0,0,1,1,1,1,1,5,11,7
60643,0:4:3;1:3:2;1:3:2;1:3:3,3,1,1,1,0,0,1,1,1,1,1,5,11,7
60644,0:4:3;1:3:2;1:3:2;1:3:3,3,2,1,1,1,0,1,1,1,1,1,5,11,7
60645,0:4:3;1:3:2;1:3:2;1:3:3,3,3,1,1,1,0,1,1,1,1,1,5,11,1
60646,0:4:3;1:3:2;1:3:2;1:3:3,3,4,1,1,1,0,1,1,1,1,1,5,11,1
60647,0:4:3;1:3:2;1:3:2;1:3:3,3,5,1,1,1,0,1,1,1,1,1,5,11,1
60648,0:4:3;1:3:2;1:3:2;1:3:3,4,0,1,1,0,0,1,1,1,1,1,5,11,7
60649,0:4:3;1:3:2;1:3:2;1:3:3,4,1,1,1,1,0,1,1,1,1,1,5,11,7
60650,0:4:3;1:3:2;1:3:2;1:3:3,4,2,1,1,1,0,1,1,1,1,1,5,11,7
60651,0:4:3;1:3:2;1:3:2;1:3:3,4,3,1,1,1,0,1,1,1,1,1,5,11,1
60652,0:4:3;1:3:2;1:3:2;1:3:3,4,4,1,1,1,0,1,1,1,1,1,5,11,1
60653,0:4:3;1:3:2;1:3:2;1:3:3,4,5,1,1,1,0,1,1,1,1,1,5,11,1
60654,0:4:3;1:3:2;1:3:2;1:3:3,5,0,1,1,1,0,1,1,1,1,1,5,11,7
60655,0:4:3;1:3:2;1:3:2;1:3:3,5,1,1,1,1,0,1,1,1,1,1,5,11,7
60656,0:4:3;1:3:2;1:3:2;1:3:3,5,2,1,1,1,0,1,1,1,1,1,5,11,7
60657,0:4:3;1:3:2;1:3:2;1:3:3,5,3,1,1,1,0,1,1,1,1,1,5,11,1
60658,0:4:3;1:3:2;1:3:2;1:3:3,5,4,1,1,1,0,1,1,1,1,1,5,11,1
60659,0:4:3;1:3:2;1:3:2;1:3:3,5,5,1,1,1,0,1,1,1,1,1,5,11,1
60660,0:4:3;1:3:2;1:3:2;1:4:3,0,0,0,0,0,1,0,0,0,0,0,0,1,24
60661,0:4:3;1:3:2;1:3:2;1:4:3,0,1,0,0,0,1,0,0,0,0,0,0,2,24
60662,0:4:3;1:3:2;1:3:2;1:4:3,0,2,0,0,0,1,0,0,0,0,0,0,3,24
60663,0:4:3;1:3:2;1:3:2;1:4:3,0,3,0,0,0,1,0,0,0,0,0,0,29,24
60664,0:4:3;1:3:2;1:3:2;1:4:3,0,4,0,0,0,1,0,0,0,0,0,0,29,24
60665,0:4:3;1:3:2;1:3:2;1:4:3,0,5,0,0,0,1,0,0,0,0,0,0,29,24
60666,0:4:3;1:3:2;1:3:2;1:4:3,1,0,0,0,0,1,0,0,0,0,0,0,4,24
60667,0:4:3;1:3:2;1:3:2;1:4:3,1,1,0,0,0,1,0,0,0,0,0,0,8,24
60668,0:4:3;1:3:2;1:3:2;1:4:3,1,2,0,0,0,1,0,0,0,0,0,0,12,24
60669,0:4:3;1:3:2;1:3:2;1:4:3,1,3,0,0,0,1,0,0,0,0,0,0,44,24
60670,0:4:3;1:3:2;1:3:2;1:4:3,1,4,0,0,0,1,0,0,0,0,0,0,44,24
60671,0:4:3;1:3:2;1:3:2;1:4:3,1,5,0,0,0,1,0,0,0,0,0,0,44,24
60672,0:4:3;1:3:2;1:3:2;1:4:3,2,0,0,0,0,1,0,0,0,0,0,0,33,24
60673,0:4:3;1:3:2;1:3:2;1:4:3,2,1,0,0,0,1,0,0,0,0,0,0,41,24
60674,0:4:3;1:3:2;1:3:2;1:4:3,2,2,0,0,0,1,0,0,0,0,0,0,49,24
60675,0:4:3;1:3:2;1:3:2;1:4:3,2,3,0,0,0,1,0,0,0,0,0,0,65,24
60676,0:4:3;1:3:2;1:3:2;1:4:3,2,4,0,0,0,1,0,0,0,0,0,0,65,24
60677,0:4:3;1:3:2;1:3:2;1:4:3,2,5,0,0,0,1,0,0,0,0,0,0,65,24
60678,0:4:3;1:3:2;1:3:2;1:4:3,3,0,1,1,0,0,1,1,1,1,1,5,11,7
60679,0:4:3;1:3:2;1:3:2;1:4:3,3,1,1,1,0,0,1,1,1,1,1,5,11,7
60680,0:4:3;1:3:2;1:3:2;1:4:3,3,2,1,1,1,0,1,1,1,1,1,5,11,7
60681,0:4:3;1:3:2;1:3:2;1:4:3,3,3,1,1,1,0,1,1,1,1,1,5,11,1
60682,0:4:3;1:3:2;1:3:2;1:4:3,3,4,1,1,1,0,1,1,1,1,1,5,11,1
60683,0:4:3;1:3:2;1:3:2;1:4:3,3,5,1,1,1,0,1,1,1,1,1,5,11,1
60684,0:4:3;1:3:2;1:3:2;1:4:3,4,0,1,1,0,0,1,1,1,1,1,5,11,7
60685,0:4:3;1:3:2;1:3:2;1:4:3,4,1,1,1,1,0,1,1,1,1,1,5,11,7
60686,0:4:3;1:3:2;1:3:2;1:4:3,4,2,1,1,1,0,1,1,1,1,1,5,11,7
60687,0:4:3;1:3:2;1:3:2;1:4:3,4,3,1,1,1,0,1,1,1,1,1,5,11,1
60688,0:4:3;1:3:2;1:3:2;1:4:3,4,4,1,1,1,0,1,1,1,1,1,5,11,1
60689,0:4:3;1:3:2;1:3:2;1:4:3,4,5,1,1,1,0,1,1,1,1,1,5,11,1
60690,0:4:3;1:3:2;1:3:2;1:4:3,5,0,1,1,1,0,1,1,1,1,1,5,11,7
60691,0:4:3;1:3:2;1:3:2;1:4:3,5,1,1,1,1,0,1,1,1,1,1,5,11,7
60692,0:4:3;1:3:2;1:3:2;1:4:3,5,2,1,1,1,0,1,1,1,1,1,5,11,7
60693,0:4:3;1:3:2;1:3:2;1:4:3,5,3,1,1,1,0,1,1,1,1,1,5,11,1
60694,0:4:3;1:3:2;1:3:2;1:4:3,5,4,1,1,1,0,1,1,1,1,1,5,11,1
60695,0:4:3;1:3:2;1:3:2;1:4:3,5,5,1,1,1,0,1,1,1,1,1,5,11,1
60696,0:4:3;1:3:2;1:3:3;1:3:3,0,0,0,0,0,1,0,0,0,0,0,0,1,24
60697,0:4:3;1:3:2;1:3:3;1:3:3,0,1,0,0,0,1,0,0,0,0,0,0,2,24
60698,0:4:3;1:3:2;1:3:3;1:3:3,0,2,0,0,0,1,0,0,0,0,0,0,3,24
60699,0:4:3;1:3:2;1:3:3;1:3:3,0,3,0,0,0,1,0,0,0,0,0,0,32,24
60700,0:4:3;1:3:2;1:3:3;1:3:3,0,4,0,0,0,1,0,0,0,0,0,0,32,24
60701,0:4:3;1:3:2;1:3:3;1:3:3,0,5,0,0,0,1,0,0,0,0,0,0,32,24
60702,0:4:3;1:3:2;1:3:3;1:3:3,1,0,0,0,0,1,0,0,0,0,0,0,4,24
60703,0:4:3;1:3:2;1:3:3;1:3:3,1,1,0,0,0,1,0,0,0,0,0,0,8,24
60704,0:4:3;1:3:2;1:3:3;1:3:3,1,2,0,0,0,1,0,0,0,0,0,0,12,24
60705,0:4:3;1:3:2;1:3:3;1:3:3,1,3,0,0,0,1,0,0,0,0,0,0,50,24
60706,0:4:3;1:3:2;1:3:3;1:3:3,1,4,0,0,0,1,0,0,0,0,0,0,50,24
60707,0:4:3;1:3:2;1:3:3;1:3:3,1,5,0,0,0,1,0,0,0,0,0,0,50,24
60708,0:4:3;1:3:2;1:3:3;1:3:3,2,0,0,0,0,1,0,0,0,0,0,0,25,24
60709,0:4:3;1:3:2;1:3:3;1:3:3,2,1,0,0,0,1,0,0,0,0,0,0,34,24
60710,0:4:3;1:3:2;1:3:3;1:3:3,2,2,0,0,0,1,0,0,0,0,0,0,43,24
60711,0:4:3;1:3:2;1:3:3;1:3:3,2,3,0,0,0,1,0,0,0,0,0,0,74,24
60712,0:4:3;1:3:2;1:3:3;1:3:3,2,4,0,0,0,1,0,0,0,0,0,0,74,24
60713,0:4:3;1:3:2;1:3:3;1:3:3,2,5,0,0,0,1,0,0,0,0,0,0,74,24
60714,0:4:3;1:3:2;1:3:3;1:3:3,3,0,0,0,0,1,0,0,0,0,0,0,58,24
60715,0:4:3;1:3:2;1:3:3;1:3:3,3,1,0,0,0,1,0,0,0,0,0,0,72,24
60716,0:4:3;1:3:2;1:3:3;1:3:3,3,2,0,0,0,1,0,0,0,0,0,0,86,24
60717,0:4:3;1:3:2;1:3:3;1:3:3,3,3,0,0,0,1,0,0,0,0,0,0,104,24
60718,0:4:3;1:3:2;1:3:3;1:3:3,3,4,0,0,0,1,0,0,0,0,0,0,104,24
60719,0:4:3;1:3:2;1:3:3;1:3:3,3,5,0,0,0,1,0,0,0,0,0,0,104,24
60720,0:4:3;1:3:2;1:3:3;1:3:3,4,0,1,1,0,0,1,1,1,1,1,5,12,7
60721,0:4:3;1:3:2;1:3:3;1:3:3,4,1,1,1,1,0,1,1,1,1,1,5,12,7
60722,0:4:3;1:3:2;1:3:3;1:3:3,4,2,1,1,1,0,1,1,1,1,1,5,12,7
60723,0:4:3;1:3:2;1:3:3;1:3:3,4,3,1,1,1,0,1,1,1,1,1,5,12,1
60724,0:4:3;1:3:2;1:3:3;1:3:3,4,4,1,1,1,0,1,1,1,1,1,5,12,1
60725,0:4:3;1:3:2;1:3:3;1:3:3,4,5,1,1,1,0,1,1,1,1,1,5,12,1
60726,0:4:3;1:3:2;1:3:3;1:3:3,5,0,1,1,1,0,1,1,1,1,1,5,12,7
60727,0:4:3;1:3:2;1:3:3;1:3:3,5,1,1,1,1,0,1,1,1,1,1,5,12,7
60728,0:4:3;1:3:2;1:3:3;1:3:3,5,2,1,1,1,0,1,1,1,1,1,5,12,7
60729,0:4:3;1:3:2;1:3:3;1:3:3,5,3,1,1,1,0,1,1,1,1,1,5,12,1
60730,0:4:3;1:3:2;1:3:3;1:3:3,5,4,1,1,1,0,1,1,1,1,1,5,12,1
60731,0:4:3;1:3:2;1:3:3;1:3:3,5,5,1,1,1,0,1,1,1,1,1,5,12,1
60732,0:4:3;1:3:2;1:3:3;1:4:3,0,0,0,0,0,1,0,0,0,0,0,0,1,24
60733,0:4:3;1:3:2;1:3:3;1:4:3,0,1,0,0,0,1,0,0,0,0,0,0,2,24
60734,0:4:3;1:3:2;1:3:3;1:4:3,0,2,0,0,0,1,0,0,0,0,0,0,3,24
60735,0:4:3;1:3:2;1:3:3;1:4:3,0,3,0,0,0,1,0,0,0,0,0,0,32,24
60736,0:4:3;1:3:2;1:3:3;1:4:3,0,4,0,0,0,1,0,0,0,0,0,0,32,24
60737,0:4:3;1:3:2;1:3:3;1:4:3,0,5,0,0,0,1,0,0,0,0,0,0,32,24
60738,0:4:3;1:3:2;1:3:3;1:4:3,1,0,0,0,0,1,0,0,0,0,0,0,4,24
60739,0:4:3;1:3:2;1:3:3;1:4:3,1,1,0,0,0,1,0,0,0,0,0,0,8,24
60740,0:4:3;1:3:2;1:3:3;1:4:3,1,2,0,0,0,1,0,0,0,0,0,0,12,24
60741,0:4:3;1:3:2;1:3:3;1:4:3,1,3,0,0,0,1,0,0,0,0,0,0,50,24
60742,0:4:3;1:3:2;1:3:3;1:4:3,1,4,0,0,0,1,0,0,0,0,0,0,50,24
60743,0:4:3;1:3:2;1:3:3;1:4:3,1,5,0,0,0,1,0,0,0,0,0,0,50,24
60744,0:4:3;1:3:2;1:3:3;1:4:3,2,0,0,0,0,1,0,0,0,0,0,0,25,24
60745,0:4:3;1:3:2;1:3:3;1:4:3,2,1,0,0,0,1,0,0,0,0,0,0,34,24
60746,0:4:3;1:3:2;1:3:3;1:4:3,2,2,0,0,0,1,0,0,0,0,0,0,43,24
60747,0:4:3;1:3:2;1:3:3;1:4:3,2,3,0,0,0,1,0,0,0,0,0,0,74,24
60748,0:4:3;1:3:2;1:3:3;1:4:3,2,4,0,0,0,1,0,0,0,0,0,0,74,24
60749,0:4:3;1:3:2;1:3:3;1:4:3,2,5,0,0,0,1,0,0,0,0,0,0,74,24
60750,0:4:3;1:3:2;1:3:3;1:4:3,3,0,0,0,0,1,0,0,0,0,0,0,58,24
60751,0:4:3;1:3:2;1:3:3;1:4:3,3,1,0,0,0,1,0,0,0,0,0,0,72,24
60752,0:4:3;1:3:2;1:3:3;1:4:3,3,2,0,0,0,1,0,0,0,0,0,0,86,24
60753,0:4:3;1:3:2;1:3:3;1:4:3,3,3,0,0,0,1,0,0,0,0,0,0,104,24
60754,0:4:3;1:3:2;1:3:3;1:4:3,3,4,0,0,0,1,0,0,0,0,0,0,104,24
60755,0:4:3;1:3:2;1:3:3;1:4:3,3,5,0,0,0,1,0,0,0,0,0,0,104,24
60756,0:4:3;1:3:2;1:3:3;1:4:3,4,0,1,1,0,0,1,1,1,1,1,5,12,7
60757,0:4:3;1:3:2;1:3:3;1:4:3,4,1,1,1,1,0,1,1,1,1,1,5,12,7
60758,0:4:3;1:3:2;1:3:3;1:4:3,4,2,1,1,1,0,1,1,1,1,1,5,12,7
60759,0:4:3;1:3:2;1:3:3;1:4:3,4,3,1,1,1,0,1,1,1,1,1,5,12,1
60760,0:4:3;1:3:2;1:3:3;1:4:3,4,4,1,1,1,0,1,1,1,1,1,5,12,1
60761,0:4:3;1:3:2;1:3:3;1:4:3,4,5,1,1,1,0,1,1,1,1,1,5,12,1
60762,0:4:3;1:3:2;1:3:3;1:4:3,5,0,1,1,1,0,1,1,1,1,1,5,12,7
60763,0:4:3;1:3:2;1:3:3;1:4:3,5,1,1,1,1,0,1,1,1,1,1,5,12,7
60764,0:4:3;1:3:2;1:3:3;1:4:3,5,2,1,1,1,0,1,1,1,1,1,5,12,7
60765,0:4:3;1:3:2;1:3:3;1:4:3,5,3,1,1,1,0,1,1,1,1,1,5,12,1
60766,0:4:3;1:3:2;1:3:3;1:4:3,5,4,1,1,1,0,1,1,1,1,1,5,12,1
60767,0:4:3;1:3:2;1:3:3;1:4:3,5,5,1,1,1,0,1,1,1,1,1,5,12,1
60768,0:4:3;1:3:2;1:4:3;1:4:3,0,0,0,0,0,1,0,0,0,0,0,0,1,24
60769,0:4:3;1:3:2;1:4:3;1:4:3,0,1,0,0,0,1,0,0,0,0,0,0,2,24
60770,0:4:3;1:3:2;1:4:3;1:4:3,0,2,0,0,0,1,0,0,0,0,0,0,3,24
60771,0:4:3;1:3:2;1:4:3;1:4:3,0,3,0,0,0,1,0,0,0,0,0,0,32,24
60772,0:4:3;1:3:2;1:4:3;1:4:3,0,4,0,0,0,1,0,0,0,0,0,0,32,24
60773,0:4:3;1:3:2;1:4:3;1:4:3,0,5,0,0,0,1,0,0,0,0,0,0,32,24
60774,0:4:3;1:3:2;1:4:3;1:4:3,1,0,0,0,0,1,0,0,0,0,0,0,4,24
60775,0:4:3;1:3:2;1:4:3;1:4:3,1,1,0,0,0,1,0,0,0,0,0,0,8,24
60776,0:4:3;1:3:2;1:4:3;1:4:3,1,2,0,0,0,1,0,0,0,0,0,0,12,24
60777,0:4:3;1:3:2;1:4:3;1:4:3,1,3,0,0,0,1,0,0,0,0,0,0,50,24
60778,0:4:3;1:3:2;1:4:3;1:4:3,1,4,0,0,0,1,0,0,0,0,0,0,50,24
60779,0:4:3;1:3:2;1:4:3;1:4:3,1,5,0,0,0,1,0,0,0,0,0,0,50,24
60780,0:4:3;1:3:2;1:4:3;1:4:3,2,0,0,0,0,1,0,0,0,0,0,0,25,24
60781,0:4:3;1:3:2;1:4:3;1:4:3,2,1,0,0,0,1,0,0,0,0,0,0,34,24
60782,0:4:3;1:3:2;1:4:3;1:4:3,2,2,0,0,0,1,0,0,0,0,0,0,43,24
60783,0:4:3;1:3:2;1:4:3;1:4:3,2,3,0,0,0,1,0,0,0,0,0,0,74,24
60784,0:4:3;1:3:2;1:4:3;1:4:3,2,4,0,0,0,1,0,0,0,0,0,0,74,24
60785,0:4:3;1:3:2;1:4:3;1:4:3,2,5,0,0,0,1,0,0,0,0,0,0,74,24
60786,0:4:3;1:3:2;1:4:3;1:4:3,3,0,0,0,0,1,0,0,0,0,0,0,58,24
60787,0:4:3;1:3:2;1:4:3;1:4:3,3,1,0,0,0,1,0,0,0,0,0,0,72,24
60788,0:4:3;1:3:2;1:4:3;1:4:3,3,2,0,0,0,1,0,0,0,0,0,0,86,24
60789,0:4:3;1:3:2;1:4:3;1:4:3,3,3,0,0,0,1,0,0,0,0,0,0,104,24
60790,0:4:3;1:3:2;1:4:3;1:4:3,3,4,0,0,0,1,0,0,0,0,0,0,104,24
60791,0:4:3;1:3:2;1:4:3;1:4:3,3,5,0,0,0,1,0,0,0,0,0,0,104,24
60792,0:4:3;1:3:2;1:4:3;1:4:3,4,0,1,1,0,0,1,1,1,1,1,5,12,7
60793,0:4:3;1:3:2;1:4:3;1:4:3,4,1,1,1,1,0,1,1,1,1,1,5,12,7
60794,0:4:3;1:3:2;1:4:3;1:4:3,4,2,1,1,1,0,1,1,1,1,1,5,12,7
60795,0:4:3;1:3:2;1:4:3;1:4:3,4,3,1,1,1,0,1,1,1,1,1,5,12,1
60796,0:4:3;1:3:2;1:4:3;1:4:3,4,4,1,1,1,0,1,1,1,1,1,5,12,1
60797,0:4:3;1:3:2;1:4:3;1:4:3,4,5,1,1,1,0,1,1,1,1,1,5,12,1
60798,0:4:3;1:3:2;1:4:3;1:4:3,5,0,1,1,1,0,1,1,1,1,1,5,12,7
60799,0:4:3;1:3:2;1:4:3;1:4:3,5,1,1,1,1,0,1,1,1,1,1,5,12,7
60800,0:4:3;1:3:2;1:4:3;1:4:3,5,2,1,1,1,0,1,1,1,1,1,5,12,7
60801,0:4:3;1:3:2;1:4:3;1:4:3,5,3,1,1,1,0,1,1,1,1,1,5,12,1
60802,0:4:3;1:3:2;1:4:3;1:4:3,5,4,1,1,1,0,1,1,1,1,1,5,12,1
60803,0:4:3;1:3:2;1:4:3;1:4:3,5,5,1,1,1,0,1,1,1,1,1,5,12,1
60804,0:4:3;1:3:3;1:3:3;1:3:3,0,0,0,0,0,1,0,0,0,0,0,0,1,24
60805,0:4:3;1:3:3;1:3:3;1:3:3,0,1,0,0,0,1,0,0,0,0,0,0,2,24
60806,0:4:3;1:3:3;1:3:3;1:3:3,0,2,0,0,0,1,0,0,0,0,0,0,3,24
60807,0:4:3;1:3:3;1:3:3;1:3:3,0,3,0,0,0,1,0,0,0,0,0,0,35,24
60808,0:4:3;1:3:3;1:3:3;1:3:3,0,4,0,0,0,1,0,0,0,0,0,0,35,24
60809,0:4:3;1:3:3;1:3:3;1:3:3,0,5,0,0,0,1,0,0,0,0,0,0,35,24
60810,0:4:3;1:3:3;1:3:3;1:3:3,1,0,0,0,0,1,0,0,0,0,0,0,4,24
60811,0:4:3;1:3:3;1:3:3;1:3:3,1,1,0,0,0,1,0,0,0,0,0,0,8,24
60812,0:4:3;1:3:3;1:3:3;1:3:3,1,2,0,0,0,1,0,0,0,0,0,0,12,24
60813,0:4:3;1:3:3;1:3:3;1:3:3,1,3,0,0,0,1,0,0,0,0,0,0,56,24
60814,0:4:3;1:3:3;1:3:3;1:3:3,1,4,0,0,0,1,0,0,0,0,0,0,56,24
60815,0:4:3;1:3:3;1:3:3;1:3:3,1,5,0,0,0,1,0,0,0,0,0,0,56,24
60816,0:4:3;1:3:3;1:3:3;1:3:3,2,0,0,0,0,1,0,0,0,0,0,0,10,24
60817,0:4:3;1:3:3;1:3:3;1:3:3,2,1,0,0,0,1,0,0,0,0,0,0,20,24
60818,0:4:3;1:3:3;1:3:3;1:3:3,2,2,0,0,0,1,0,0,0,0,0,0,30,24
60819,0:4:3;1:3:3;1:3:3;1:3:3,2,3,0,0,0,1,0,0,0,0,0,0,84,24
60820,0:4:3;1:3:3;1:3:3;1:3:3,2,4,0,0,0,1,0,0,0,0,0,0,84,24
60821,0:4:3;1:3:3;1:3:3;1:3:3,2,5,0,0,0,1,0,0,0,0,0,0,84,24
60822,0:4:3;1:3:3;1:3:3;1:3:3,3,0,0,0,0,1,0,0,0,0,0,0,59,24
60823,0:4:3;1:3:3;1:3:3;1:3:3,3,1,0,0,0,1,0,0,0,0,0,0,76,24
60824,0:4:3;1:3:3;1:3:3;1:3:3,3,2,0,0,0,1,0,0,0,0,0,0,93,24
60825,0:4:3;1:3:3;1:3:3;1:3:3,3,3,0,0,0,1,0,0,0,0,0,0,120,24
60826,0:4:3;1:3:3;1:3:3;1:3:3,3,4,0,0,0,1,0,0,0,0,0,0,120,24
60827,0:4:3;1:3:3;1:3:3;1:3:3,3,5,0,0,0,1,0,0,0,0,0,0,120,24
60828,0:4:3;1:3:3;1:3:3;1:3:3,4,0,0,0,0,1,0,0,0,0,0,0,86,24
60829,0:4:3;1:3:3;1:3:3;1:3:3,4,1,0,0,0,1,0,0,0,0,0,0,109,24
60830,0:4:3;1:3:3;1:3:3;1:3:3,4,2,0,0,0,1,0,0,0,0,0,0,132,24
60831,0:4:3;1:3:3;1:3:3;1:3:3,4,3,0,0,0,1,0,0,0,0,0,0,159,24
60832,0:4:3;1:3:3;1:3:3;1:3:3,4,4,0,0,0,1,0,0,0,0,0,0,159,24
60833,0:4:3;1:3:3;1:3:3;1:3:3,4,5,0,0,0,1,0,0,0,0,0,0,159,24
60834,0:4:3;1:3:3;1:3:3;1:3:3,5,0,1,1,1,0,1,1,1,1,1,5,13,7
60835,0:4:3;1:3:3;1:3:3;1:3:3,5,1,1,1,1,0,1,1,1,1,1,5,13,7
60836,0:4:3;1:3:3;1:3:3;1:3:3,5,2,1,1,1,0,1,1,1,1,1,5,13,7
60837,0:4:3;1:3:3;1:3:3;1:3:3,5,3,1,1,1,0,1,1,1,1,1,5,13,1
60838,0:4:3;1:3:3;1:3:3;1:3:3,5,4,1,1,1,0,1,1,1,1,1,5,13,1
60839,0:4:3;1:3:3;1:3:3;1:3:3,5,5,1,1,1,0,1,1,1,1,1,5,13,1
60840,0:4:3;1:3:3;1:3:3;1:4:3,0,0,0,0,0,1,0,0,0,0,0,0,1,24
60841,0:4:3;1:3:3;1:3:3;1:4:3,0,1,0,0,0,1,0,0,0,0,0,0,2,24
60842,0:4:3;1:3:3;1:3:3;1:4:3,0,2,0,0,0,1,0,0,0,0,0,0,3,24
60843,0:4:3;1:3:3;1:3:3;1:4:3,0,3,0,0,0,1,0,0,0,0,0,0,35,24
60844,0:4:3;1:3:3;1:3:3;1:4:3,0,4,0,0,0,1,0,0,0,0,0,0,35,24
60845,0:4:3;1:3:3;1:3:3;1:4:3,0,5,0,0,0,1,0,0,0,0,0,0,35,24
60846,0:4:3;1:3:3;1:3:3;1:4:3,1,0,0,0,0,1,0,0,0,0,0,0,4,24
60847,0:4:3;1:3:3;1:3:3;1:4:3,1,1,0,0,0,1,0,0,0,0,0,0,8,24
60848,0:4:3;1:3:3;1:3:3;1:4:3,1,2,0,0,0,1,0,0,0,0,0,0,12,24
60849,0:4:3;1:3:3;1:3:3;1:4:3,1,3,0,0,0,1,0,0,0,0,0,0,56,24
60850,0:4:3;1:3:3;1:3:3;1:4:3,1,4,0,0,0,1,0,0,0,0,0,0,56,24
60851,0:4:3;1:3:3;1:3:3;1:4:3,1,5,0,0,0,1,0,0,0,0,0,0,56,24
60852,0:4:3;1:3:3;1:3:3;1:4:3,2,0,0,0,0,1,0,0,0,0,0,0,10,24
60853,0:4:3;1:3:3;1:3:3;1:4:3,2,1,0,0,0,1,0,0,0,0,0,0,20,24
60854,0:4:3;1:3:3;1:3:3;1:4:3,2,2,0,0,0,1,0,0,0,0,0,0,30,24
60855,0:4:3;1:3:3;1:3:3;1:4:3,2,3,0,0,0,1,0,0,0,0,0,0,84,24
60856,0:4:3;1:3:3;1:3:3;1:4:3,2,4,0,0,0,1,0,0,0,0,0,0,84,24
60857,0:4:3;1:3:3;1:3:3;1:4:3,2,5,0,0,0,1,0,0,0,0,0,0,84,24
60858,0:4:3;1:3:3;1:3:3;1:4:3,3,0,0,0,0,1,0,0,0,0,0,0,59,24
60859,0:4:3;1:3:3;1:3:3;1:4:3,3,1,0,0,0,1,0,0,0,0,0,0,76,24
60860,0:4:3;1:3:3;1:3:3;1:4:3,3,2,0,0,0,1,0,0,0,0,0,0,93,24
60861,0:4:3;1:3:3;1:3:3;1:4:3,3,3,0,0,0,1,0,0,0,0,0,0,120,24
60862,0:4:3;1:3:3;1:3:3;1:4:3,3,4,0,0,0,1,0,0,0,0,0,0,120,24
60863,0:4:3;1:3:3;1:3:3;1:4:3,3,5,0,0,0,1,0,0,0,0,0,0,120,24
60864,0:4:3;1:3:3;1:3:3;1:4:3,4,0,0,0,0,1,0,0,0,0,0,0,86,24
60865,0:4:3;1:3:3;1:3:3;1:4:3,4,1,0,0,0,1,0,0,0,0,0,0,109,24
60866,0:4:3;1:3:3;1:3:3;1:4:3,4,2,0,0,0,1,0,0,0,0,0,0,132,24
60867,0:4:3;1:3:3;1:3:3;1:4:3,4,3,0,0,0,1,0,0,0,0,0,0,159,24
60868,0:4:3;1:3:3;1:3:3;1:4:3,4,4,0,0,0,1,0,0,0,0,0,0,159,24
60869,0:4:3;1:3:3;1:3:3;1:4:3,4,5,0,0,0,1,0,0,0,0,0,0,159,24
60870,0:4:3;1:3:3;1:3:3;1:4:3,5,0,1,1,1,0,1,1,1,1,1,5,13,7
60871,0:4:3;1:3:3;1:3:3;1:4:3,5,1,1,1,1,0,1,1,1,1,1,5,13,7
60872,0:4:3;1:3:3;1:3:3;1:4:3,5,2,1,1,1,0,1,1,1,1,1,5,13,7
60873,0:4:3;1:3:3;1:3:3;1:4:3,5,3,1,1,1,0,1,1,1,1,1,5,13,1
60874,0:4:3;1:3:3;1:3:3;1:4:3,5,4,1,1,1,0,1,1,1,1,1,5,13,1
60875,0:4:3;1:3:3;1:3:3;1:4:3,5,5,1,1,1,0,1,1,1,1,1,5,13,1
60876,0:4:3;1:3:3;1:4:3;1:4:3,0,0,0,0,0,1,0,0,0,0,0,0,1,24
60877,0:4:3;1:3:3;1:4:3;1:4:3,0,1,0,0,0,1,0,0,0,0,0,0,2,24
60878,0:4:3;1:3:3;1:4:3;1:4:3,0,2,0,0,0,1,0,0,0,0,0,0,3,24
60879,0:4:3;1:3:3;1:4:3;1:4:3,0,3,0,0,0,1,0,0,0,0,0,0,35,24
60880,0:4:3;1:3:3;1:4:3;1:4:3,0,4,0,0,0,1,0,0,0,0,0,0,35,24
60881,0:4:3;1:3:3;1:4:3;1:4:3,0,5,0,0,0,1,0,0,0,0,0,0,35,24
60882,0:4:3;1:3:3;1:4:3;1:4:3,1,0,0,0,0,1,0,0,0,0,0,0,4,24
60883,0:4:3;1:3:3;1:4:3;1:4:3,1,1,0,0,0,1,0,0,0,0,0,0,8,24
60884,0:4:3;1:3:3;1:4:3;1:4:3,1,2,0,0,0,1,0,0,0,0,0,0,12,24
60885,0:4:3;1:3:3;1:4:3;1:4:3,1,3,0,0,0,1,0,0,0,0,0,0,56,24
60886,0:4:3;1:3:3;1:4:3;1:4:3,1,4,0,0,0,1,0,0,0,0,0,0,56,24
60887,0:4:3;1:3:3;1:4:3;1:4:3,1,5,0,0,0,1,0,0,0,0,0,0,56,24
60888,0:4:3;1:3:3;1:4:3;1:4:3,2,0,0,0,0,1,0,0,0,0,0,0,10,24
60889,0:4:3;1:3:3;1:4:3;1:4:3,2,1,0,0,0,1,0,0,0,0,0,0,20,24
60890,0:4:3;1:3:3;1:4:3;1:4:3,2,2,0,0,0,1,0,0,0,0,0,0,30,24
60891,0:4:3;1:3:3;1:4:3;1:4:3,2,3,0,0,0,1,0,0,0,0,0,0,84,24
60892,0:4:3;1:3:3;1:4:3;1:4:3,2,4,0,0,0,1,0,0,0,0,0,0,84,24
60893,0:4:3;1:3:3;1:4:3;1:4:3,2,5,0,0,0,1,0,0,0,0,0,0,84,24
60894,0:4:3;1:3:3;1:4:3;1:4:3,3,0,0,0,0,1,0,0,0,0,0,0,59,24
60895,0:4:3;1:3:3;1:4:3;1:4:3,3,1,0,0,0,1,0,0,0,0,0,0,76,24
60896,0:4:3;1:3:3;1:4:3;1:4:3,3,2,0,0,0,1,0,0,0,0,0,0,93,24
60897,0:4:3;1:3:3;1:4:3;1:4:3,3,3,0,0,0,1,0,0,0,0,0,0,120,24
60898,0:4:3;1:3:3;1:4:3;1:4:3,3,4,0,0,0,1,0,0,0,0,0,0,120,24
60899,0:4:3;1:3:3;1:4:3;1:4:3,3,5,0,0,0,1,0,0,0,0,0,0,120,24
60900,0:4:3;1:3:3;1:4:3;1:4:3,4,0,0,0,0,1,0,0,0,0,0,0,86,24
60901,0:4:3;1:3:3;1:4:3;1:4:3,4,1,0,0,0,1,0,0,0,0,0,0,109,24
60902,0:4:3;1:3:3;1:4:3;1:4:3,4,2,0,0,0,1,0,0,0,0,0,0,132,24
60903,0:4:3;1:3:3;1:4:3;1:4:3,4,3,0,0,0,1,0,0,0,0,0,0,159,24
60904,0:4:3;1:3:3;1:4:3;1:4:3,4,4,0,0,0,1,0,0,0,0,0,0,159,24
60905,0:4:3;1:3:3;1:4:3;1:4:3,4,5,0,0,0,1,0,0,0,0,0,0,159,24
60906,0:4:3;1:3:3;1:4:3;1:4:3,5,0,1,1,1,0,1,1,1,1,1,5,13,7
60907,0:4:3;1:3:3;1:4:3;1:4:3,5,1,1,1,1,0,1,1,1,1,1,5,13,7
60908,0:4:3;1:3:3;1:4:3;1:4:3,5,2,1,1,1,0,1,1,1,1,1,5,13,7
60909,0:4:3;1:3:3;1:4:3;1:4:3,5,3,1,1,1,0,1,1,1,1,1,5,13,1
60910,0:4:3;1:3:3;1:4:3;1:4:3,5,4,1,1,1,0,1,1,1,1,1,5,13,1
60911,0:4:3;1:3:3;1:4:3;1:4:3,5,5,1,1,1,0,1,1,1,1,1,5,13,1
60912,0:4:3;1:4:3;1:4:3;1:4:3,0,0,0,0,0,1,0,0,0,0,0,0,1,24
60913,0:4:3;1:4:3;1:4:3;1:4:3,0,1,0,0,0,1,0,0,0,0,0,0,2,24
60914,0:4:3;1:4:3;1:4:3;1:4:3,0,2,0,0,0,1,0,0,0,0,0,0,3,24
60915,0:4:3;1:4:3;1:4:3;1:4:3,0,3,0,0,0,1,0,0,0,0,0,0,35,24
60916,0:4:3;1:4:3;1:4:3;1:4:3,0,4,0,0,0,1,0,0,0,0,0,0,35,24
60917,0:4:3;1:4:3;1:4:3;1:4:3,0,5,0,0,0,1,0,0,0,0,0,0,35,24
60918,0:4:3;1:4:3;1:4:3;1:4:3,1,0,0,0,0,1,0,0,0,0,0,0,4,24
60919,0:4:3;1:4:3;1:4:3;1:4:3,1,1,0,0,0,1,0,0,0,0,0,0,8,24
60920,0:4:3;1:4:3;1:4:3;1:4:3,1,2,0,0,0,1,0,0,0,0,0,0,12,24
60921,0:4:3;1:4:3;1:4:3;1:4:3,1,3,0,0,0,1,0,0,0,0,0,0,56,24
60922,0:4:3;1:4:3;1:4:3;1:4:3,1,4,0,0,0,1,0,0,0,0,0,0,56,24
60923,0:4:3;1:4:3;1:4:3;1:4:3,1,5,0,0,0,1,0,0,0,0,0,0,56,24
60924,0:4:3;1:4:3;1:4:3;1:4:3,2,0,0,0,0,1,0,0,0,0,0,0,10,24
60925,0:4:3;1:4:3;1:4:3;1:4:3,2,1,0,0,0,1,0,0,0,0,0,0,20,24
60926,0:4:3;1:4:3;1:4:3;1:4:3,2,2,0,0,0,1,0,0,0,0,0,0,30,24
60927,0:4:3;1:4:3;1:4:3;1:4:3,2,3,0,0,0,1,0,0,0,0,0,0,84,24
60928,0:4:3;1:4:3;1:4:3;1:4:3,2,4,0,0,0,1,0,0,0,0,0,0,84,24
60929,0:4:3;1:4:3;1:4:3;1:4:3,2,5,0,0,0,1,0,0,0,0,0,0,84,24
60930,0:4:3;1:4:3;1:4:3;1:4:3,3,0,0,0,0,1,0,0,0,0,0,0,59,24
60931,0:4:3;1:4:3;1:4:3;1:4:3,3,1,0,0,0,1,0,0,0,0,0,0,76,24
60932,0:4:3;1:4:3;1:4:3;1:4:3,3,2,0,0,0,1,0,0,0,0,0,0,93,24
60933,0:4:3;1:4:3;1:4:3;1:4:3,3,3,0,0,0,1,0,0,0,0,0,0,120,24
60934,0:4:3;1:4:3;1:4:3;1:4:3,3,4,0,0,0,1,0,0,0,0,0,0,120,24
60935,0:4:3;1:4:3;1:4:3;1:4:3,3,5,0,0,0,1,0,0,0,0,0,0,120,24
60936,0:4:3;1:4:3;1:4:3;1:4:3,4,0,0,0,0,1,0,0,0,0,0,0,86,24
60937,0:4:3;1:4:3;1:4:3;1:4:3,4,1,0,0,0,1,0,0,0,0,0,0,109,24
60938,0:4:3;1:4:3;1:4:3;1:4:3,4,2,0,0,0,1,0,0,0,0,0,0,132,24
60939,0:4:3;1:4:3;1:4:3;1:4:3,4,3,0,0,0,1,0,0,0,0,0,0,159,24
60940,0:4:3;1:4:3;1:4:3;1:4:3,4,4,0,0,0,1,0,0,0,0,0,0,159,24
60941,0:4:3;1:4:3;1:4:3;1:4:3,4,5,0,0,0,1,0,0,0,0,0,0,159,24
60942,0:4:3;1:4:3;1:4:3;1:4:3,5,0,1,1,1,0,1,1,1,1,1,5,13,7
60943,0:4:3;1:4:3;1:4:3;1:4:3,5,1,1,1,1,0,1,1,1,1,1,5,13,7
60944,0:4:3;1:4:3;1:4:3;1:4:3,5,2,1,1,1,0,1,1,1,1,1,5,13,7
60945,0:4:3;1:4:3;1:4:3;1:4:3,5,3,1,1,1,0,1,1,1,1,1,5,13,1
60946,0:4:3;1:4:3;1:4:3;1:4:3,5,4,1,1,1,0,1,1,1,1,1,5,13,1
60947,0:4:3;1:4:3;1:4:3;1:4:3,5,5,1,1,1,0,1,1,1,1,1,5,13,1
60948,1:1:1;1:1:1;1:1:1;1:1:1,0,0,0,0,0,1,0,0,0,0,0,0,1,24
60949,1:1:1;1:1:1;1:1:1;1:1:1,0,1,0,0,0,1,0,0,0,0,0,0,1,24
60950,1:1:1;1:1:1;1:1:1;1:1:1,0,2,0,0,0,1,0,0,0,0,0,0,1,24
60951,1:1:1;1:1:1;1:1:1;1:1:1,0,3,0,0,0,1,0,0,0,0,0,0,1,24
60952,1:1:1;1:1:1;1:1:1;1:1:1,0,4,0,0,0,1,0,0,0,0,0,0,1,24
60953,1:1:1;1:1:1;1:1:1;1:1:1,0,5,0,0,0,1,0,0,0,0,0,0,1,24
60954,1:1:1;1:1:1;1:1:1;1:1:1,1,0,0,0,0,1,0,0,0,0,0,0,5,24
60955,1:1:1;1:1:1;1:1:1;1:1:1,1,1,0,0,0,1,0,0,0,0,0,0,5,24
60956,1:1:1;1:1:1;1:1:1;1:1:1,1,2,0,0,0,1,0,0,0,0,0,0,5,24
60957,1:1:1;1:1:1;1:1:1;1:1:1,1,3,0,0,0,1,0,0,0,0,0,0,5,24
60958,1:1:1;1:1:1;1:1:1;1:1:1,1,4,0,0,0,1,0,0,0,0,0,0,5,24
60959,1:1:1;1:1:1;1:1:1;1:1:1,1,5,0,0,0,1,0,0,0,0,0,0,5,24
60960,1:1:1;1:1:1;1:1:1;1:1:1,2,0,0,0,0,1,0,0,0,0,0,0,11,24
60961,1:1:1;1:1:1;1:1:1;1:1:1,2,1,0,0,0,1,0,0,0,0,0,0,11,24
60962,1:1:1;1:1:1;1:1:1;1:1:1,2,2,0,0,0,1,0,0,0,0,0,0,11,24
60963,1:1:1;1:1:1;1:1:1;1:1:1,2,3,0,0,0,1,0,0,0,0,0,0,11,24
60964,1:1:1;1:1:1;1:1:1;1:1:1,2,4,0,0,0,1,0,0,0,0,0,0,11,24
60965,1:1:1;1:1:1;1:1:1;1:1:1,2,5,0,0,0,1,0,0,0,0,0,0,11,24
60966,1:1:1;1:1:1;1:1:1;1:1:1,3,0,0,0,0,1,0,0,0,0,0,0,15,24
60967,1:1:1;1:1:1;1:1:1;1:1:1,3,1,0,0,0,1,0,0,0,0,0,0,15,24
60968,1:1:1;1:1:1;1:1:1;1:1:1,3,2,0,0,0,1,0,0,0,0,0,0,15,24
60969,1:1:1;1:1:1;1:1:1;1:1:1,3,3,0,0,0,1,0,0,0,0,0,0,15,24
60970,1:1:1;1:1:1;1:1:1;1:1:1,3,4,0,0,0,1,0,0,0,0,0,0,15,24
60971,1:1:1;1:1:1;1:1:1;1:1:1,3,5,0,0,0,1,0,0,0,0,0,0,15,24
60972,1:1:1;1:1:1;1:1:1;1:1:1,4,0,1,1,1,0,1,1,1,1,1,5,5,1
60973,1:1:1;1:1:1;1:1:1;1:1:1,4,1,1,1,1,0,1,1,1,1,1,5,5,1
60974,1:1:1;1:1:1;1:1:1;1:1:1,4,2,1,1,1,0,1,1,1,1,1,5,5,1
60975,1:1:1;1:1:1;1:1:1;1:1:1,4,3,1,1,1,0,1,1,1,1,1,5,5,1
60976,1:1:1;1:1:1;1:1:1;1:1:1,4,4,1,1,1,0,1,1,1,1,1,5,5,1
60977,1:1:1;1:1:1;1:1:1;1:1:1,4,5,1,1,1,0,1,1,1,1,1,5,5,1
60978,1:1:1;1:1:1;1:1:1;1:1:1,5,0,1,1,1,0,1,1,1,1,1,5,5,1
60979,1:1:1;1:1:1;1:1:1;1:1:1,5,1,1,1,1,0,1,1,1,1,1,5,5,1
60980,1:1:1;1:1:1;1:1:1;1:1:1,5,2,1,1,1,0,1,1,1,1,1,5,5,1
60981,1:1:1;1:1:1;1:1:1;1:1:1,5,3,1,1,1,0,1,1,1,1,1,5,5,1
60982,1:1:1;1:1:1;1:1:1;1:1:1,5,4,1,1,1,0,1,1,1,1,1,5,5,1
60983,1:1:1;1:1:1;1:1:1;1:1:1,5,5,1,1,1,0,1,1,1,1,1,5,5,1
60984,1:1:1;1:1:1;1:1:1;1:2:1,0,0,0,0,0,1,0,0,0,0,0,0,1,24
60985,1:1:1;1:1:1;1:1:1;1:2:1,0,1,0,0,0,1,0,0,0,0,0,0,1,24
60986,1:1:1;1:1:1;1:1:1;1:2:1,0,2,0,0,0,1,0,0,0,0,0,0,1,24
60987,1:1:1;1:1:1;1:1:1;1:2:1,0,3,0,0,0,1,0,0,0,0,0,0,1,24
60988,1:1:1;1:1:1;1:1:1;1:2:1,0,4,0,0,0,1,0,0,0,0,0,0,1,24
60989,1:1:1;1:1:1;1:1:1;1:2:1,0,5,0,0,0,1,0,0,0,0,0,0,1,24
60990,1:1:1;1:1:1;1:1:1;1:2:1,1,0,0,0,0,1,0,0,0,0,0,0,5,24
60991,1:1:1;1:1:1;1:1:1;1:2:1,1,1,0,0,0,1,0,0,0,0,0,0,5,24
60992,1:1:1;1:1:1;1:1:1;1:2:1,1,2,0,0,0,1,0,0,0,0,0,0,5,24
60993,1:1:1;1:1:1;1:1:1;1:2:1,1,3,0,0,0,1,0,0,0,0,0,0,5,24
60994,1:1:1;1:1:1;1:1:1;1:2:1,1,4,0,0,0,1,0,0,0,0,0,0,5,24
60995,1:1:1;1:1:1;1:1:1;1:2:1,1,5,0,0,0,1,0,0,0,0,0,0,5,24
60996,1:1:1;1:1:1;1:1:1;1:2:1,2,0,0,0,0,1,0,0,0,0,0,0,11,24
60997,1:1:1;1:1:1;1:1:1;1:2:1,2,1,0,0,0,1,0,0,0,0,0,0,11,24
60998,1:1:1;1:1:1;1:1:1;1:2:1,2,2,0,0,0,1,0,0,0,0,0,0,11,24
60999,1:1:1;1:1:1;1:1:1;1:2:1,2,3,0,0,0,1,0,0,0,0,0,0,11,24
61000,1:1:1;1:1:1;1:1:1;1:2:1,2,4,0,0,0,1,0,0,0,0,0,0,11,24
61001,1:1:1;1:1:1;1:1:1;1:2:1,2,5,0,0,0,1,0,0,0,0,0,0,11,24
61002,1:1:1;1:1:1;1:1:1;1:2:1,3,0,0,0,0,1,0,0,0,0,0,0,15,24
61003,1:1:1;1:1:1;1:1:1;1:2:1,3,1,0,0,0,1,0,0,0,0,0,0,15,24
61004,1:1:1;1:1:1;1:1:1;1:2:1,3,2,0,0,0,1,0,0,0,0,0,0,15,24
61005,1:1:1;1:1:1;1:1:1;1:2:1,3,3,0,0,0,1,0,0,0,0,0,0,15,24
61006,1:1:1;1:1:1;1:1:1;1:2:1,3,4,0,0,0,1,0,0,0,0,0,0,15,24
61007,1:1:1;1:1:1;1:1:1;1:2:1,3,5,0,0,0,1,0,0,0,0,0,0,15,24
61008,1:1:1;1:1:1;1:1:1;1:2:1,4,0,1,1,1,0,1,1,1,1,1,5,5,1
61009,1:1:1;1:1:1;1:1:1;1:2:1,4,1,1,1,1,0,1,1,1,1,1,5,5,1
61010,1:1:1;1:1:1;1:1:1;1:2:1,4,2,1,1,1,0,1,1,1,1,1,5,5,1
61011,1:1:1;1:1:1;1:1:1;1:2:1,4,3,1,1,1,0,1,1,1,1,1,5,5,1
61012,1:1:1;1:1:1;1:1:1;1:2:1,4,4,1,1,1,0,1,1,1,1,1,5,5,1
61013,1:1:1;1:1:1;1:1:1;1:2:1,4,5,1,1,1,0,1,1,1,1,1,5,5,1
61014,1:1:1;1:1:1;1:1:1;1:2:1,5,0,1,1,1,0,1,1,1,1,1,5,5,1
61015,1:1:1;1:1:1;1:1:1;1:2:1,5,1,1,1,1,0,1,1,1,1,1,5,5,1
61016,1:1:1;1:1:1;1:1:1;1:2:1,5,2,1,1,1,0,1,1,1,1,1,5,5,1
61017,1:1:1;1:1:1;1:1:1;1:2:1,5,3,1,1,1,0,1,1,1,1,1,5,5,1
61018,1:1:1;1:1:1;1:1:1;1:2:1,5,4,1,1,1,0,1,1,1,1,1,5,5,1
61019,1:1:1;1:1:1;1:1:1;1:2:1,5,5,1,1,1,0,1,1,1,1,1,5,5,1
61020,1:1:1;1:1:1;1:1:1;1:2:2,0,0,0,0,0,1,0,0,0,0,0,0,1,24
61021,1:1:1;1:1:1;1:1:1;1:2:2,0,1,0,0,0,1,0,0,0,0,0,0,1,24
61022,1:1:1;1:1:1;1:1:1;1:2:2,0,2,0,0,0,1,0,0,0,0,0,0,1,24
61023,1:1:1;1:1:1;1:1:1;1:2:2,0,3,0,0,0,1,0,0,0,0,0,0,1,24
61024,1:1:1;1:1:1;1:1:1;1:2:2,0,4,0,0,0,1,0,0,0,0,0,0,1,24
61025,1:1:1;1:1:1;1:1:1;1:2:2,0,5,0,0,0,1,0,0,0,0,0,0,1,24
61026,1:1:1;1:1:1;1:1:1;1:2:2,1,0,0,0,0,1,0,0,0,0,0,0,5,24
61027,1:1:1;1:1:1;1:1:1;1:2:2,1,1,0,0,0,1,0,0,0,0,0,0,5,24
61028,1:1:1;1:1:1;1:1:1;1:2:2,1,2,0,0,0,1,0,0,0,0,0,0,5,24
61029,1:1:1;1:1:1;1:1:1;1:2:2,1,3,0,0,0,1,0,0,0,0,0,0,5,24
61030,1:1:1;1:1:1;1:1:1;1:2:2,1,4,0,0,0,1,0,0,0,0,0,0,5,24
61031,1:1:1;1:1:1;1:1:1;1:2:2,1,5,0,0,0,1,0,0,0,0,0,0,5,24
61032,1:1:1;1:1:1;1:1:1;1:2:2,2,0,0,0,0,1,0,0,0,0,0,0,12,24
61033,1:1:1;1:1:1;1:1:1;1:2:2,2,1,0,0,0,1,0,0,0,0,0,0,12,24
61034,1:1:1;1:1:1;1:1:1;1:2:2,2,2,0,0,0,1,0,0,0,0,0,0,12,24
61035,1:1:1;1:1:1;1:1:1;1:2:2,2,3,0,0,0,1,0,0,0,0,0,0,12,24
61036,1:1:1;1:1:1;1:1:1;1:2:2,2,4,0,0,0,1,0,0,0,0,0,0,12,24
61037,1:1:1;1:1:1;1:1:1;1:2:2,2,5,0,0,0,1,0,0,0,0,0,0,12,24
61038,1:1:1;1:1:1;1:1:1;1:2:2,3,0,0,0,0,1,0,0,0,0,0,0,19,24
61039,1:1:1;1:1:1;1:1:1;1:2:2,3,1,0,0,0,1,0,0,0,0,0,0,19,24
61040,1:1:1;1:1:1;1:1:1;1:2:2,3,2,0,0,0,1,0,0,0,0,0,0,19,24
61041,1:1:1;1:1:1;1:1:1;1:2:2,3,3,0,0,0,1,0,0,0,0,0,0,19,24
61042,1:1:1;1:1:1;1:1:1;1:2:2,3,4,0,0,0,1,0,0,0,0,0,0,19,24
61043,1:1:1;1:1:1;1:1:1;1:2:2,3,5,0,0,0,1,0,0,0,0,0,0,19,24
61044,1:1:1;1:1:1;1:1:1;1:2:2,4,0,0,0,0,1,0,0,0,0,0,0,23,24
61045,1:1:1;1:1:1;1:1:1;1:2:2,4,1,0,0,0,1,0,0,0,0,0,0,23,24
61046,1:1:1;1:1:1;1:1:1;1:2:2,4,2,0,0,0,1,0,0,0,0,0,0,23,24
61047,1:1:1;1:1:1;1:1:1;1:2:2,4,3,0,0,0,1,0,0,0,0,0,0,23,24
61048,1:1:1;1:1:1;1:1:1;1:2:2,4,4,0,0,0,1,0,0,0,0,0,0,23,24
61049,1:1:1;1:1:1;1:1:1;1:2:2,4,5,0,0,0,1,0,0,0,0,0,0,23,24
61050,1:1:1;1:1:1;1:1:1;1:2:2,5,0,1,1,1,0,1,1,1,1,1,5,6,1
61051,1:1:1;1:1:1;1:1:1;1:2:2,5,1,1,1,1,0,1,1,1,1,1,5,6,1
61052,1:1:1;1:1:1;1:1:1;1:2:2,5,2,1,1,1,0,1,1,1,1,1,5,6,1
61053,1:1:1;1:1:1;1:1:1;1:2:2,5,3,1,1,1,0,1,1,1,1,1,5,6,1
61054,1:1:1;1:1:1;1:1:1;1:2:2,5,4,1,1,1,0,1,1,1,1,1,5,6,1
61055,1:1:1;1:1:1;1:1:1;1:2:2,5,5,1,1,1,0,1,1,1,1,1,5,6,1
61056,1:1:1;1:1:1;1:1:1;1:3:2,0,0,0,0,0,1,0,0,0,0,0,0,1,24
61057,1:1:1;1:1:1;1:1:1;1:3:2,0,1,0,0,0,1,0,0,0,0,0,0,1,24
61058,1:1:1;1:1:1;1:1:1;1:3:2,0,2,0,0,0,1,0,0,0,0,0,0,1,24
61059,1:1:1;1:1:1;1:1:1;1:3:2,0,3,0,0,0,1,0,0,0,0,0,0,1,24
61060,1:1:1;1:1:1;1:1:1;1:3:2,0,4,0,0,0,1,0,0,0,0,0,0,1,24
61061,1:1:1;1:1:1;1:1:1;1:3:2,0,5,0,0,0,1,0,0,0,0,0,0,1,24
61062,1:1:1;1:1:1;1:1:1;1:3:2,1,0,0,0,0,1,0,0,0,0,0,0,5,24
61063,1:1:1;1:1:1;1:1:1;1:3:2,1,1,0,0,0,1,0,0,0,0,0,0,5,24
61064,1:1:1;1:1:1;1:1:1;1:3:2,1,2,0,0,0,1,0,0,0,0,0,0,5,24
61065,1:1:1;1:1:1;1:1:1;1:3:2,1,3,0,0,0,1,0,0,0,0,0,0,5,24
61066,1:1:1;1:1:1;1:1:1;1:3:2,1,4,0,0,0,1,0,0,0,0,0,0,5,24
61067,1:1:1;1:1:1;1:1:1;1:3:2,1,5,0,0,0,1,0,0,0,0,0,0,5,24
61068,1:1:1;1:1:1;1:1:1;1:3:2,2,0,0,0,0,1,0,0,0,0,0,0,12,24
61069,1:1:1;1:1:1;1:1:1;1:3:2,2,1,0,0,0,1,0,0,0,0,0,0,12,24
61070,1:1:1;1:1:1;1:1:1;1:3:2,2,2,0,0,0,1,0,0,0,0,0,0,12,24
61071,1:1:1;1:1:1;1:1:1;1:3:2,2,3,0,0,0,1,0,0,0,0,0,0,12,24
61072,1:1:1;1:1:1;1:1:1;1:3:2,2,4,0,0,0,1,0,0,0,0,0,0,12,24
61073,1:1:1;1:1:1;1:1:1;1:3:2,2,5,0,0,0,1,0,0,0,0,0,0,12,24
61074,1:1:1;1:1:1;1:1:1;1:3:2,3,0,0,0,0,1,0,0,0,0,0,0,19,24
61075,1:1:1;1:1:1;1:1:1;1:3:2,3,1,0,0,0,1,0,0,0,0,0,0,19,24
61076,1:1:1;1:1:1;1:1:1;1:3:2,3,2,0,0,0,1,0,0,0,0,0,0,19,24
61077,1:1:1;1:1:1;1:1:1;1:3:2,3,3,0,0,0,1,0,0,0,0,0,0,19,24
61078,1:1:1;1:1:1;1:1:1;1:3:2,3,4,0,0,0,1,0,0,0,0,0,0,19,24
61079,1:1:1;1:1:1;1:1:1;1:3:2,3,5,0,0,0,1,0,0,0,0,0,0,19,24
61080,1:1:1;1:1:1;1:1:1;1:3:2,4,0,0,0,0,1,0,0,0,0,0,0,23,24
61081,1:1:1;1:1:1;1:1:1;1:3:2,4,1,0,0,0,1,0,0,0,0,0,0,23,24
61082,1:1:1;1:1:1;1:1:1;1:3:2,4,2,0,0,0,1,0,0,0,0,0,0,23,24
61083,1:1:1;1:1:1;1:1:1;1:3:2,4,3,0,0,0,1,0,0,0,0,0,0,23,24
61084,1:1:1;1:1:1;1:1:1;1:3:2,4,4,0,0,0,1,0,0,0,0,0,0,23,24
61085,1:1:1;1:1:1;1:1:1;1:3:2,4,5,0,0,0,1,0,0,0,0,0,0,23,24
61086,1:1:1;1:1:1;1:1:1;1:3:2,5,0,1,1,1,0,1,1,1,1,1,5,6,1
61087,1:1:1;1:1:1;1:1:1;1:3:2,5,1,1,1,1,0,1,1,1,1,1,5,6,1
61088,1:1:1;1:1:1;1:1:1;1:3:2,5,2,1,1,1,0,1,1,1,1,1,5,6,1
61089,1:1:1;1:1:1;1:1:1;1:3:2,5,3,1,1,1,0,1,1,1,1,1,5,6,1
61090,1:1:1;1:1:1;1:1:1;1:3:2,5,4,1,1,1,0,1,1,1,1,1,5,6,1
61091,1:1:1;1:1:1;1:1:1;1:3:2,5,5,1,1,1,0,1,1,1,1,1,5,6,1
61092,1:1:1;1:1:1;1:1:1;1:3:3,0,0,0,0,0,1,0,0,0,0,0,0,1,24
61093,1:1:1;1:1:1;1:1:1;1:3:3,0,1,0,0,0,1,0,0,0,0,0,0,1,24
61094,1:1:1;1:1:1;1:1:1;1:3:3,0,2,0,0,0,1,0,0,0,0,0,0,1,24
61095,1:1:1;1:1:1;1:1:1;1:3:3,0,3,0,0,0,1,0,0,0,0,0,0,1,24
61096,1:1:1;1:1:1;1:1:1;1:3:3,0,4,0,0,0,1,0,0,0,0,0,0,1,24
61097,1:1:1;1:1:1;1:1:1;1:3:3,0,5,0,0,0,1,0,0,0,0,0,0,1,24
61098,1:1:1;1:1:1;1:1:1;1:3:3,1,0,0,0,0,1,0,0,0,0,0,0,5,24
61099,1:1:1;1:1:1;1:1:1;1:3:3,1,1,0,0,0,1,0,0,0,0,0,0,5,24
61100,1:1:1;1:1:1;1:1:1;1:3:3,1,2,0,0,0,1,0,0,0,0,0,0,5,24
61101,1:1:1;1:1:1;1:1:1;1:3:3,1,3,0,0,0,1,0,0,0,0,0,0,5,24
61102,1:1:1;1:1:1;1:1:1;1:3:3,1,4,0,0,0,1,0,0,0,0,0,0,5,24
61103,1:1:1;1:1:1;1:1:1;1:3:3,1,5,0,0,0,1,0,0,0,0,0,0,5,24
61104,1:1:1;1:1:1;1:1:1;1:3:3,2,0,0,0,0,1,0,0,0,0,0,0,12,24
61105,1:1:1;1:1:1;1:1:1;1:3:3,2,1,0,0,0,1,0,0,0,0,0,0,12,24
61106,1:1:1;1:1:1;1:1:1;1:3:3,2,2,0,0,0,1,0,0,0,0,0,0,12,24
61107,1:1:1;1:1:1;1:1:1;1:3:3,2,3,0,0,0,1,0,0,0,0,0,0,12,24
61108,1:1:1;1:1:1;1:1:1;1:3:3,2,4,0,0,0,1,0,0,0,0,0,0,12,24
61109,1:1:1;1:1:1;1:1:1;1:3:3,2,5,0,0,0,1,0,0,0,0,0,0,12,24
61110,1:1:1;1:1:1;1:1:1;1:3:3,3,0,0,0,0,1,0,0,0,0,0,0,20,24
61111,1:1:1;1:1:1;1:1:1;1:3:3,3,1,0,0,0,1,0,0,0,0,0,0,20,24
61112,1:1:1;1:1:1;1:1:1;1:3:3,3,2,0,0,0,1,0,0,0,0,0,0,20,24
61113,1:1:1;1:1:1;1:1:1;1:3:3,3,3,0,0,0,1,0,0,0,0,0,0,20,24
61114,1:1:1;1:1:1;1:1:1;1:3:3,3,4,0,0,0,1,0,0,0,0,0,0,20,24
61115,1:1:1;1:1:1;1:1:1;1:3:3,3,5,0,0,0,1,0,0,0,0,0,0,20,24
61116,1:1:1;1:1:1;1:1:1;1:3:3,4,0,0,0,0,1,0,0,0,0,0,0,27,24
61117,1:1:1;1:1:1;1:1:1;1:3:3,4,1,0,0,0,1,0,0,0,0,0,0,27,24
61118,1:1:1;1:1:1;1:1:1;1:3:3,4,2,0,0,0,1,0,0,0,0,0,0,27,24
61119,1:1:1;1:1:1;1:1:1;1:3:3,4,3,0,0,0,1,0,0,0,0,0,0,27,24
61120,1:1:1;1:1:1;1:1:1;1:3:3,4,4,0,0,0,1,0,0,0,0,0,0,27,24
61121,1:1:1;1:1:1;1:1:1;1:3:3,4,5,0,0,0,1,0,0,0,0,0,0,27,24
61122,1:1:1;1:1:1;1:1:1;1:3:3,5,0,0,0,0,1,0,0,0,0,0,0,31,24
61123,1:1:1;1:1:1;1:1:1;1:3:3,5,1,0,0,0,1,0,0,0,0,0,0,31,24
61124,1:1:1;1:1:1;1:1:1;1:3:3,5,2,0,0,0,1,0,0,0,0,0,0,31,24
61125,1:1:1;1:1:1;1:1:1;1:3:3,5,3,0,0,0,1,0,0,0,0,0,0,31,24
61126,1:1:1;1:1:1;1:1:1;1:3:3,5,4,0,0,0,1,0,0,0,0,0,0,31,24
61127,1:1:1;1:1:1;1:1:1;1:3:3,5,5,0,0,0,1,0,0,0,0,0,0,31,24
61128,1:1:1;1:1:1;1:1:1;1:4:3,0,0,0,0,0,1,0,0,0,0,0,0,1,24
61129,1:1:1;1:1:1;1:1:1;1:4:3,0,1,0,0,0,1,0,0,0,0,0,0,1,24
61130,1:1:1;1:1:1;1:1:1;1:4:3,0,2,0,0,0,1,0,0,0,0,0,0,1,24
61131,1:1:1;1:1:1;1:1:1;1:4:3,0,3,0,0,0,1,0,0,0,0,0,0,1,24
61132,1:1:1;1:1:1;1:1:1;1:4:3,0,4,0,0,0,1,0,0,0,0,0,0,1,24
61133,1:1:1;1:1:1;1:1:1;1:4:3,0,5,0,0,0,1,0,0,0,0,0,0,1,24
61134,1:1:1;1:1:1;1:1:1;1:4:3,1,0,0,0,0,1,0,0,0,0,0,0,5,24
61135,1:1:1;1:1:1;1:1:1;1:4:3,1,1,0,0,0,1,0,0,0,0,0,0,5,24
61136,1:1:1;1:1:1;1:1:1;1:4:3,1,2,0,0,0,1,0,0,0,0,0,0,5,24
61137,1:1:1;1:1:1;1:1:1;1:4:3,1,3,0,0,0,1,0,0,0,0,0,0,5,24
61138,1:1:1;1:1:1;1:1:1;1:4:3,1,4,0,0,0,1,0,0,0,0,0,0,5,24
61139,1:1:1;1:1:1;1:1:1;1:4:3,1,5,0,0,0,1,0,0,0,0,0,0,5,24
61140,1:1:1;1:1:1;1:1:1;1:4:3,2,0,0,0,0,1,0,0,0,0,0,0,12,24
61141,1:1:1;1:1:1;1:1:1;1:4:3,2,1,0,0,0,1,0,0,0,0,0,0,12,24
61142,1:1:1;1:1:1;1:1:1;1:4:3,2,2,0,0,0,1,0,0,0,0,0,0,12,24
61143,1:1:1;1:1:1;1:1:1;1:4:3,2,3,0,0,0,1,0,0,0,0,0,0,12,24
61144,1:1:1;1:1:1;1:1:1;1:4:3,2,4,0,0,0,1,0,0,0,0,0,0,12,24
61145,1:1:1;1:1:1;1:1:1;1:4:3,2,5,0,0,0,1,0,0,0,0,0,0,12,24
61146,1:1:1;1:1:1;1:1:1;1:4:3,3,0,0,0,0,1,0,0,0,0,0,0,20,24
61147,1:1:1;1:1:1;1:1:1;1:4:3,3,1,0,0,0,1,0,0,0,0,0,0,20,24
61148,1:1:1;1:1:1;1:1:1;1:4:3,3,2,0,0,0,1,0,0,0,0,0,0,20,24
61149,1:1:1;1:1:1;1:1:1;1:4:3,3,3,0,0,0,1,0,0,0,0,0,0,20,24
61150,1:1:1;1:1:1;1:1:1;1:4:3,3,4,0,0,0,1,0,0,0,0,0,0,20,24
61151,1:1:1;1:1:1;1:1:1;1:4:3,3,5,0,0,0,1,0,0,0,0,0,0,20,24
61152,1:1:1;1:1:1;1:1:1;1:4:3,4,0,0,0,0,1,0,0,0,0,0,0,27,24
61153,1:1:1;1:1:1;1:1:1;1:4:3,4,1,0,0,0,1,0,0,0,0,0,0,27,24
61154,1:1:1;1:1:1;1:1:1;1:4:3,4,2,0,0,0,1,0,0,0,0,0,0,27,24
61155,1:1:1;1:1:1;1:1:1;1:4:3,4,3,0,0,0,1,0,0,0,0,0,0,27,24
61156,1:1:1;1:1:1;1:1:1;1:4:3,4,4,0,0,0,1,0,0,0,0,0,0,27,24
61157,1:1:1;1:1:1;1:1:1;1:4:3,4,5,0,0,0,1,0,0,0,0,0,0,27,24
61158,1:1:1;1:1:1;1:1:1;1:4:3,5,0,0,0,0,1,0,0,0,0,0,0,31,24
61159,1:1:1;1:1:1;1:1:1;1:4:3,5,1,0,0,0,1,0,0,0,0,0,0,31,24
61160,1:1:1;1:1:1;1:1:1;1:4:3,5,2,0,0,0,1,0,0,0,0,0,0,31,24
61161,1:1:1;1:1:1;1:1:1;1:4:3,5,3,0,0,0,1,0,0,0,0,0,0,31,24
61162,1:1:1;1:1:1;1:1:1;1:4:3,5,4,0,0,0,1,0,0,0,0,0,0,31,24
61163,1:1:1;1:1:1;1:1:1;1:4:3,5,5,0,0,0,1,0,0,0,0,0,0,31,24
61164,1:1:1;1:1:1;1:2:1;1:2:1,0,0,0,0,0,1,0,0,0,0,0,0,1,24
61165,1:1:1;1:1:1;1:2:1;1:2:1,0,1,0,0,0,1,0,0,0,0,0,0,1,24
61166,1:1:1;1:1:1;1:2:1;1:2:1,0,2,0,0,0,1,0,0,0,0,0,0,1,24
61167,1:1:1;1:1:1;1:2:1;1:2:1,0,3,0,0,0,1,0,0,0,0,0,0,1,24
61168,1:1:1;1:1:1;1:2:1;1:2:1,0,4,0,0,0,1,0,0,0,0,0,0,1,24
61169,1:1:1;1:1:1;1:2:1;1:2:1,0,5,0,0,0,1,0,0,0,0,0,0,1,24
61170,1:1:1;1:1:1;1:2:1;1:2:1,1,0,0,0,0,1,0,0,0,0,0,0,5,24
61171,1:1:1;1:1:1;1:2:1;1:2:1,1,1,0,0,0,1,0,0,0,0,0,0,5,24
61172,1:1:1;1:1:1;1:2:1;1:2:1,1,2,0,0,0,1,0,0,0,0,0,0,5,24
61173,1:1:1;1:1:1;1:2:1;1:2:1,1,3,0,0,0,1,0,0,0,0,0,0,5,24
61174,1:1:1;1:1:1;1:2:1;1:2:1,1,4,0,0,0,1,0,0,0,0,0,0,5,24
61175,1:1:1;1:1:1;1:2:1;1:2:1,1,5,0,0,0,1,0,0,0,0,0,0,5,24
61176,1:1:1;1:1:1;1:2:1;1:2:1,2,0,0,0,0,1,0,0,0,0,0,0,11,24
61177,1:1:1;1:1:1;1:2:1;1:2:1,2,1,0,0,0,1,0,0,0,0,0,0,11,24
61178,1:1:1;1:1:1;1:2:1;1:2:1,2,2,0,0,0,1,0,0,0,0,0,0,11,24
61179,1:1:1;1:1:1;1:2:1;1:2:1,2,3,0,0,0,1,0,0,0,0,0,0,11,24
61180,1:1:1;1:1:1;1:2:1;1:2:1,2,4,0,0,0,1,0,0,0,0,0,0,11,24
61181,1:1:1;1:1:1;1:2:1;1:2:1,2,5,0,0,0,1,0,0,0,0,0,0,11,24
61182,1:1:1;1:1:1;1:2:1;1:2:1,3,0,0,0,0,1,0,0,0,0,0,0,15,24
61183,1:1:1;1:1:1;1:2:1;1:2:1,3,1,0,0,0,1,0,0,0,0,0,0,15,24
61184,1:1:1;1:1:1;1:2:1;1:2:1,3,2,0,0,0,1,0,0,0,0,0,0,15,24
61185,1:1:1;1:1:1;1:2:1;1:2:1,3,3,0,0,0,1,0,0,0,0,0,0,15,24
61186,1:1:1;1:1:1;1:2:1;1:2:1,3,4,0,0,0,1,0,0,0,0,0,0,15,24
61187,1:1:1;1:1:1;1:2:1;1:2:1,3,5,0,0,0,1,0,0,0,0,0,0,15,24
61188,1:1:1;1:1:1;1:2:1;1:2:1,4,0,1,1,1,0,1,1,1,1,1,5,5,1
61189,1:1:1;1:1:1;1:2:1;1:2:1,4,1,1,1,1,0,1,1,1,1,1,5,5,1
61190,1:1:1;1:1:1;1:2:1;1:2:1,4,2,1,1,1,0,1,1,1,1,1,5,5,1
61191,1:1:1;1:1:1;1:2:1;1:2:1,4,3,1,1,1,0,1,1,1,1,1,5,5,1
61192,1:1:1;1:1:1;1:2:1;1:2:1,4,4,1,1,1,0,1,1,1,1,1,5,5,1
61193,1:1:1;1:1:1;1:2:1;1:2:1,4,5,1,1,1,0,1,1,1,1,1,5,5,1
61194,1:1:1;1:1:1;1:2:1;1:2:1,5,0,1,1,1,0,1,1,1,1,1,5,5,1
61195,1:1:1;1:1:1;1:2:1;1:2:1,5,1,1,1,1,0,1,1,1,1,1,5,5,1
61196,1:1:1;1:1:1;1:2:1;1:2:1,5,2,1,1,1,0,1,1,1,1,1,5,5,1
61197,1:1:1;1:1:1;1:2:1;1:2:1,5,3,1,1,1,0,1,1,1,1,1,5,5,1
61198,1:1:1;1:1:1;1:2:1;1:2:1,5,4,1,1,1,0,1,1,1,1,1,5,5,1
61199,1:1:1;1:1:1;1:2:1;1:2:1,5,5,1,1,1,0,1,1,1,1,1,5,5,1
61200,1:1:1;1:1:1;1:2:1;1:2:2,0,0,0,0,0,1,0,0,0,0,0,0,1,24
61201,1:1:1;1:1:1;1:2:1;1:2:2,0,1,0,0,0,1,0,0,0,0,0,0,1,24
61202,1:1:1;1:1:1;1:2:1;1:2:2,0,2,0,0,0,1,0,0,0,0,0,0,1,24
61203,1:1:1;1:1:1;1:2:1;1:2:2,0,3,0,0,0,1,0,0,0,0,0,0,1,24
61204,1:1:1;1:1:1;1:2:1;1:2:2,0,4,0,0,0,1,0,0,0,0,0,0,1,24
61205,1:1:1;1:1:1;1:2:1;1:2:2,0,5,0,0,0,1,0,0,0,0,0,0,1,24
61206,1:1:1;1:1:1;1:2:1;1:2:2,1,0,0,0,0,1,0,0,0,0,0,0,5,24
61207,1:1:1;1:1:1;1:2:1;1:2:2,1,1,0,0,0,1,0,0,0,0,0,0,5,24
61208,1:1:1;1:1:1;1:2:1;1:2:2,1,2,0,0,0,1,0,0,0,0,0,0,5,24
61209,1:1:1;1:1:1;1:2:1;1:2:2,1,3,0,0,0,1,0,0,0,0,0,0,5,24
61210,1:1:1;1:1:1;1:2:1;1:2:2,1,4,0,0,0,1,0,0,0,0,0,0,5,24
61211,1:1:1;1:1:1;1:2:1;1:2:2,1,5,0,0,0,1,0,0,0,0,0,0,5,24
61212,1:1:1;1:1:1;1:2:1;1:2:2,2,0,0,0,0,1,0,0,0,0,0,0,12,24
61213,1:1:1;1:1:1;1:2:1;1:2:2,2,1,0,0,0,1,0,0,0,0,0,0,12,24
61214,1:1:1;1:1:1;1:2:1;1:2:2,2,2,0,0,0,1,0,0,0,0,0,0,12,24
61215,1:1:1;1:1:1;1:2:1;1:2:2,2,3,0,0,0,1,0,0,0,0,0,0,12,24
61216,1:1:1;1:1:1;1:2:1;1:2:2,2,4,0,0,0,1,0,0,0,0,0,0,12,24
61217,1:1:1;1:1:1;1:2:1;1:2:2,2,5,0,0,0,1,0,0,0,0,0,0,12,24
61218,1:1:1;1:1:1;1:2:1;1:2:2,3,0,0,0,0,1,0,0,0,0,0,0,19,24
61219,1:1:1;1:1:1;1:2:1;1:2:2,3,1,0,0,0,1,0,0,0,0,0,0,19,24
61220,1:1:1;1:1:1;1:2:1;1:2:2,3,2,0,0,0,1,0,0,0,0,0,0,19,24
61221,1:1:1;1:1:1;1:2:1;1:2:2,3,3,0,0,0,1,0,0,0,0,0,0,19,24
61222,1:1:1;1:1:1;1:2:1;1:2:2,3,4,0,0,0,1,0,0,0,0,0,0,19,24
61223,1:1:1;1:1:1;1:2:1;1:2:2,3,5,0,0,0,1,0,0,0,0,0,0,19,24
61224,1:1:1;1:1:1;1:2:1;1:2:2,4,0,0,0,0,1,0,0,0,0,0,0,23,24
61225,1:1:1;1:1:1;1:2:1;1:2:2,4,1,0,0,0,1,0,0,0,0,0,0,23,24
61226,1:1:1;1:1:1;1:2:1;1:2:2,4,2,0,0,0,1,0,0,0,0,0,0,23,24
61227,1:1:1;1:1:1;1:2:1;1:2:2,4,3,0,0,0,1,0,0,0,0,0,0,23,24
61228,1:1:1;1:1:1;1:2:1;1:2:2,4,4,0,0,0,1,0,0,0,0,0,0,23,24
61229,1:1:1;1:1:1;1:2:1;1:2:2,4,5,0,0,0,1,0,0,0,0,0,0,23,24
61230,1:1:1;1:1:1;1:2:1;1:2:2,5,0,1,1,1,0,1,1,1,1,1,5,6,1
61231,1:1:1;1:1:1;1:2:1;1:2:2,5,1,1,1,1,0,1,1,1,1,1,5,6,1
61232,1:1:1;1:1:1;1:2:1;1:2:2,5,2,1,1,1,0,1,1,1,1,1,5,6,1
61233,1:1:1;1:1:1;1:2:1;1:2:2,5,3,1,1,1,0,1,1,1,1,1,5,6,1
61234,1:1:1;1:1:1;1:2:1;1:2:2,5,4,1,1,1,0,1,1,1,1,1,5,6,1
61235,1:1:1;1:1:1;1:2:1;1:2:2,5,5,1,1,1,0,1,1,1,1,1,5,6,1
61236,1:1:1;1:1:1;1:2:1;1:3:2,0,0,0,0,0,1,0,0,0,0,0,0,1,24
61237,1:1:1;1:1:1;1:2:1;1:3:2,0,1,0,0,0,1,0,0,0,0,0,0,1,24
61238,1:1:1;1:1:1;1:2:1;1:3:2,0,2,0,0,0,1,0,0,0,0,0,0,1,24
61239,1:1:1;1:1:1;1:2:1;1:3:2,0,3,0,0,0,1,0,0,0,0,0,0,1,24
61240,1:1:1;1:1:1;1:2:1;1:3:2,0,4,0,0,0,1,0,0,0,0,0,0,1,24
61241,1:1:1;1:1:1;1:2:1;1:3:2,0,5,0,0,0,1,0,0,0,0,0,0,1,24
61242,1:1:1;1:1:1;1:2:1;1:3:2,1,0,0,0,0,1,0,0,0,0,0,0,5,24
61243,1:1:1;1:1:1;1:2:1;1:3:2,1,1,0,0,0,1,0,0,0,0,0,0,5,24
61244,1:1:1;1:1:1;1:2:1;1:3:2,1,2,0,0,0,1,0,0,0,0,0,0,5,24
61245,1:1:1;1:1:1;1:2:1;1:3:2,1,3,0,0,0,1,0,0,0,0,0,0,5,24
61246,1:1:1;1:1:1;1:2:1;1:3:2,1,4,0,0,0,1,0,0,0,0,0,0,5,24
61247,1:1:1;1:1:1;1:2:1;1:3:2,1,5,0,0,0,1,0,0,0,0,0,0,5,24
61248,1:1:1;1:1:1;1:2:1;1:3:2,2,0,0,0,0,1,0,0,0,0,0,0,12,24
61249,1:1:1;1:1:1;1:2:1;1:3:2,2,1,0,0,0,1,0,0,0,0,0,0,12,24
61250,1:1:1;1:1:1;1:2:1;1:3:2,2,2,0,0,0,1,0,0,0,0,0,0,12,24
61251,1:1:1;1:1:1;1:2:1;1:3:2,2,3,0,0,0,1,0,0,0,0,0,0,12,24
61252,1:1:1;1:1:1;1:2:1;1:3:2,2,4,0,0,0,1,0,0,0,0,0,0,12,24
61253,1:1:1;1:1:1;1:2:1;1:3:2,2,5,0,0,0,1,0,0,0,0,0,0,12,24
61254,1:1:1;1:1:1;1:2:1;1:3:2,3,0,0,0,0,1,0,0,0,0,0,0,19,24
61255,1:1:1;1:1:1;1:2:1;1:3:2,3,1,0,0,0,1,0,0,0,0,0,0,19,24
61256,1:1:1;1:1:1;1:2:1;1:3:2,3,2,0,0,0,1,0,0,0,0,0,0,19,24
61257,1:1:1;1:1:1;1:2:1;1:3:2,3,3,0,0,0,1,0,0,0,0,0,0,19,24
61258,1:1:1;1:1:1;1:2:1;1:3:2,3,4,0,0,0,1,0,0,0,0,0,0,19,24
61259,1:1:1;1:1:1;1:2:1;1:3:2,3,5,0,0,0,1,0,0,0,0,0,0,19,24
61260,1:1:1;1:1:1;1:2:1;1:3:2,4,0,0,0,0,1,0,0,0,0,0,0,23,24
61261,1:1:1;1:1:1;1:2:1;1:3:2,4,1,0,0,0,1,0,0,0,0,0,0,23,24
61262,1:1:1;1:1:1;1:2:1;1:3:2,4,2,0,0,0,1,0,0,0,0,0,0,23,24
61263,1:1:1;1:1:1;1:2:1;1:3:2,4,3,0,0,0,1,0,0,0,0,0,0,23,24
61264,1:1:1;1:1:1;1:2:1;1:3:2,4,4,0,0,0,1,0,0,0,0,0,0,23,24
61265,1:1:1;1:1:1;1:2:1;1:3:2,4,5,0,0,0,1,0,0,0,0,0,0,23,24
61266,1:1:1;1:1:1;1:2:1;1:3:2,5,0,1,1,1,0,1,1,1,1,1,5,6,1
61267,1:1:1;1:1:1;1:2:1;1:3:2,5,1,1,1,1,0,1,1,1,1,1,5,6,1
61268,1:1:1;1:1:1;1:2:1;1:3:2,5,2,1,1,1,0,1,1,1,1,1,5,6,1
61269,1:1:1;1:1:1;1:2:1;1:3:2,5,3,1,1,1,0,1,1,1,1,1,5,6,1
61270,1:1:1;1:1:1;1:2:1;1:3:2,5,4,1,1,1,0,1,1,1,1,1,5,6,1
61271,1:1:1;1:1:1;1:2:1;1:3:2,5,5,1,1,1,0,1,1,1,1,1,5,6,1
61272,1:1:1;1:1:1;1:2:1;1:3:3,0,0,0,0,0,1,0,0,0,0,0,0,1,24
61273,1:1:1;1:1:1;1:2:1;1:3:3,0,1,0,0,0,1,0,0,0,0,0,0,1,24
61274,1:1:1;1:1:1;1:2:1;1:3:3,0,2,0,0,0,1,0,0,0,0,0,0,1,24
61275,1:1:1;1:1:1;1:2:1;1:3:3,0,3,0,0,0,1,0,0,0,0,0,0,1,24
61276,1:1:1;1:1:1;1:2:1;1:3:3,0,4,0,0,0,1,0,0,0,0,0,0,1,24
61277,1:1:1;1:1:1;1:2:1;1:3:3,0,5,0,0,0,1,0,0,0,0,0,0,1,24
61278,1:1:1;1:1:1;1:2:1;1:3:3,1,0,0,0,0,1,0,0,0,0,0,0,5,24
61279,1:1:1;1:1:1;1:2:1;1:3:3,1,1,0,0,0,1,0,0,0,0,0,0,5,24
61280,1:1:1;1:1:1;1:2:1;1:3:3,1,2,0,0,0,1,0,0,0,0,0,0,5,24
61281,1:1:1;1:1:1;1:2:1;1:3:3,1,3,0,0,0,1,0,0,0,0,0,0,5,24
61282,1:1:1;1:1:1;1:2:1;1:3:3,1,4,0,0,0,1,0,0,0,0,0,0,5,24
61283,1:1:1;1:1:1;1:2:1;1:3:3,1,5,0,0,0,1,0,0,0,0,0,0,5,24
61284,1:1:1;1:1:1;1:2:1;1:3:3,2,0,0,0,0,1,0,0,0,0,0,0,12,24
61285,1:1:1;1:1:1;1:2:1;1:3:3,2,1,0,0,0,1,0,0,0,0,0,0,12,24
61286,1:1:1;1:1:1;1:2:1;1:3:3,2,2,0,0,0,1,0,0,0,0,0,0,12,24
61287,1:1:1;1:1:1;1:2:1;1:3:3,2,3,0,0,0,1,0,0,0,0,0,0,12,24
61288,1:1:1;1:1:1;1:2:1;1:3:3,2,4,0,0,0,1,0,0,0,0,0,0,12,24
61289,1:1:1;1:1:1;1:2:1;1:3:3,2,5,0,0,0,1,0,0,0,0,0,0,12,24
61290,1:1:1;1:1:1;1:2:1;1:3:3,3,0,0,0,0,1,0,0,0,0,0,0,20,24
61291,1:1:1;1:1:1;1:2:1;1:3:3,3,1,0,0,0,1,0,0,0,0,0,0,20,24
61292,1:1:1;1:1:1;1:2:1;1:3:3,3,2,0,0,0,1,0,0,0,0,0,0,20,24
61293,1:1:1;1:1:1;1:2:1;1:3:3,3,3,0,0,0,1,0,0,0,0,0,0,20,24
61294,1:1:1;1:1:1;1:2:1;1:3:3,3,4,0,0,0,1,0,0,0,0,0,0,20,24
61295,1:1:1;1:1:1;1:2:1;1:3:3,3,5,0,0,0,1,0,0,0,0,0,0,20,24
61296,1:1:1;1:1:1;1:2:1;1:3:3,4,0,0,0,0,1,0,0,0,0,0,0,27,24
61297,1:1:1;1:1:1;1:2:1;1:3:3,4,1,0,0,0,1,0,0,0,0,0,0,27,24
61298,1:1:1;1:1:1;1:2:1;1:3:3,4,2,0,0,0,1,0,0,0,0,0,0,27,24
61299,1:1:1;1:1:1;1:2:1;1:3:3,4,3,0,0,0,1,0,0,0,0,0,0,27,24
61300,1:1:1;1:1:1;1:2:1;1:3:3,4,4,0,0,0,1,0,0,0,0,0,0,27,24
61301,1:1:1;1:1:1;1:2:1;1:3:3,4,5,0,0,0,1,0,0,0,0,0,0,27,24
61302,1:1:1;1:1:1;1:2:1;1:3:3,5,0,0,0,0,1,0,0,0,0,0,0,31,24
61303,1:1:1;1:1:1;1:2:1;1:3:3,5,1,0,0,0,1,0,0,0,0,0,0,31,24
61304,1:1:1;1:1:1;1:2:1;1:3:3,5,2,0,0,0,1,0,0,0,0,0,0,31,24
61305,1:1:1;1:1:1;1:2:1;1:3:3,5,3,0,0,0,1,0,0,0,0,0,0,31,24
61306,1:1:1;1:1:1;1:2:1;1:3:3,5,4,0,0,0,1,0,0,0,0,0,0,31,24
61307,1:1:1;1:1:1;1:2:1;1:3:3,5,5,0,0,0,1,0,0,0,0,0,0,31,24
61308,1:1:1;1:1:1;1:2:1;1:4:3,0,0,0,0,0,1,0,0,0,0,0,0,1,24
61309,1:1:1;1:1:1;1:2:1;1:4:3,0,1,0,0,0,1,0,0,0,0,0,0,1,24
61310,1:1:1;1:1:1;1:2:1;1:4:3,0,2,0,0,0,1,0,0,0,0,0,0,1,24
61311,1:1:1;1:1:1;1:2:1;1:4:3,0,3,0,0,0,1,0,0,0,0,0,0,1,24
61312,1:1:1;1:1:1;1:2:1;1:4:3,0,4,0,0,0,1,0,0,0,0,0,0,1,24
61313,1:1:1;1:1:1;1:2:1;1:4:3,0,5,0,0,0,1,0,0,0,0,0,0,1,24
61314,1:1:1;1:1:1;1:2:1;1:4:3,1,0,0,0,0,1,0,0,0,0,0,0,5,24
61315,1:1:1;1:1:1;1:2:1;1:4:3,1,1,0,0,0,1,0,0,0,0,0,0,5,24
61316,1:1:1;1:1:1;1:2:1;1:4:3,1,2,0,0,0,1,0,0,0,0,0,0,5,24
61317,1:1:1;1:1:1;1:2:1;1:4:3,1,3,0,0,0,1,0,0,0,0,0,0,5,24
61318,1:1:1;1:1:1;1:2:1;1:4:3,1,4,0,0,0,1,0,0,0,0,0,0,5,24
61319,1:1:1;1:1:1;1:2:1;1:4:3,1,5,0,0,0,1,0,0,0,0,0,0,5,24
61320,1:1:1;1:1:1;1:2:1;1:4:3,2,0,0,0,0,1,0,0,0,0,0,0,12,24
61321,1:1:1;1:1:1;1:2:1;1:4:3,2,1,0,0,0,1,0,0,0,0,0,0,12,24
61322,1:1:1;1:1:1;1:2:1;1:4:3,2,2,0,0,0,1,0,0,0,0,0,0,12,24
61323,1:1:1;1:1:1;1:2:1;1:4:3,2,3,0,0,0,1,0,0,0,0,0,0,12,24
61324,1:1:1;1:1:1;1:2:1;1:4:3,2,4,0,0,0,1,0,0,0,0,0,0,12,24
61325,1:1:1;1:1:1;1:2:1;1:4:3,2,5,0,0,0,1,0,0,0,0,0,0,12,24
61326,1:1:1;1:1:1;1:2:1;1:4:3,3,0,0,0,0,1,0,0,0,0,0,0,20,24
61327,1:1:1;1:1:1;1:2:1;1:4:3,3,1,0,0,0,1,0,0,0,0,0,0,20,24
61328,1:1:1;1:1:1;1:2:1;1:4:3,3,2,0,0,0,1,0,0,0,0,0,0,20,24
61329,1:1:1;1:1:1;1:2:1;1:4:3,3,3,0,0,0,1,0,0,0,0,0,0,20,24
61330,1:1:1;1:1:1;1:2:1;1:4:3,3,4,0,0,0,1,0,0,0,0,0,0,20,24
61331,1:1:1;1:1:1;1:2:1;1:4:3,3,5,0,0,0,1,0,0,0,0,0,0,20,24
61332,1:1:1;1:1:1;1:2:1;1:4:3,4,0,0,0,0,1,0,0,0,0,0,0,27,24
61333,1:1:1;1:1:1;1:2:1;1:4:3,4,1,0,0,0,1,0,0,0,0,0,0,27,24
61334,1:1:1;1:1:1;1:2:1;1:4:3,4,2,0,0,0,1,0,0,0,0,0,0,27,24
61335,1:1:1;1:1:1;1:2:1;1:4:3,4,3,0,0,0,1,0,0,0,0,0,0,27,24
61336,1:1:1;1:1:1;1:2:1;1:4:3,4,4,0,0,0,1,0,0,0,0,0,0,27,24
61337,1:1:1;1:1:1;1:2:1;1:4:3,4,5,0,0,0,1,0,0,0,0,0,0,27,24
61338,1:1:1;1:1:1;1:2:1;1:4:3,5,0,0,0,0,1,0,0,0,0,0,0,31,24
61339,1:1:1;1:1:1;1:2:1;1:4:3,5,1,0,0,0,1,0,0,0,0,0,0,31,24
61340,1:1:1;1:1:1;1:2:1;1:4:3,5,2,0,0,0,1,0,0,0,0,0,0,31,24
61341,1:1:1;1:1:1;1:2:1;1:4:3,5,3,0,0,0,1,0,0,0,0,0,0,31,24
61342,1:1:1;1:1:1;1:2:1;1:4:3,5,4,0,0,0,1,0,0,0,0,0,0,31,24
61343,1:1:1;1:1:1;1:2:1;1:4:3,5,5,0,0,0,1,0,0,0,0,0,0,31,24
61344,1:1:1;1:1:1;1:2:2;1:2:2,0,0,0,0,0,1,0,0,0,0,0,0,1,24
61345,1:1:1;1:1:1;1:2:2;1:2:2,0,1,0,0,0,1,0,0,0,0,0,0,1,24
61346,1:1:1;1:1:1;1:2:2;1:2:2,0,2,0,0,0,1,0,0,0,0,0,0,1,24
61347,1:1:1;1:1:1;1:2:2;1:2:2,0,3,0,0,0,1,0,0,0,0,0,0,1,24
61348,1:1:1;1:1:1;1:2:2;1:2:2,0,4,0,0,0,1,0,0,0,0,0,0,1,24
61349,1:1:1;1:1:1;1:2:2;1:2:2,0,5,0,0,0,1,0,0,0,0,0,0,1,24
61350,1:1:1;1:1:1;1:2:2;1:2:2,1,0,0,0,0,1,0,0,0,0,0,0,5,24
61351,1:1:1;1:1:1;1:2:2;1:2:2,1,1,0,0,0,1,0,0,0,0,0,0,5,24
61352,1:1:1;1:1:1;1:2:2;1:2:2,1,2,0,0,0,1,0,0,0,0,0,0,5,24
61353,1:1:1;1:1:1;1:2:2;1:2:2,1,3,0,0,0,1,0,0,0,0,0,0,5,24
61354,1:1:1;1:1:1;1:2:2;1:2:2,1,4,0,0,0,1,0,0,0,0,0,0,5,24
61355,1:1:1;1:1:1;1:2:2;1:2:2,1,5,0,0,0,1,0,0,0,0,0,0,5,24
61356,1:1:1;1:1:1;1:2:2;1:2:2,2,0,0,0,0,1,0,0,0,0,0,0,13,24
61357,1:1:1;1:1:1;1:2:2;1:2:2,2,1,0,0,0,1,0,0,0,0,0,0,13,24
61358,1:1:1;1:1:1;1:2:2;1:2:2,2,2,0,0,0,1,0,0,0,0,0,0,13,24
61359,1:1:1;1:1:1;1:2:2;1:2:2,2,3,0,0,0,1,0,0,0,0,0,0,13,24
61360,1:1:1;1:1:1;1:2:2;1:2:2,2,4,0,0,0,1,0,0,0,0,0,0,13,24
61361,1:1:1;1:1:1;1:2:2;1:2:2,2,5,0,0,0,1,0,0,0,0,0,0,13,24
61362,1:1:1;1:1:1;1:2:2;1:2:2,3,0,0,0,0,1,0,0,0,0,0,0,23,24
61363,1:1:1;1:1:1;1:2:2;1:2:2,3,1,0,0,0,1,0,0,0,0,0,0,23,24
61364,1:1:1;1:1:1;1:2:2;1:2:2,3,2,0,0,0,1,0,0,0,0,0,0,23,24
61365,1:1:1;1:1:1;1:2:2;1:2:2,3,3,0,0,0,1,0,0,0,0,0,0,23,24
61366,1:1:1;1:1:1;1:2:2;1:2:2,3,4,0,0,0,1,0,0,0,0,0,0,23,24
61367,1:1:1;1:1:1;1:2:2;1:2:2,3,5,0,0,0,1,0,0,0,0,0,0,23,24
61368,1:1:1;1:1:1;1:2:2;1:2:2,4,0,0,0,0,1,0,0,0,0,0,0,31,24
61369,1:1:1;1:1:1;1:2:2;1:2:2,4,1,0,0,0,1,0,0,0,0,0,0,31,24
61370,1:1:1;1:1:1;1:2:2;1:2:2,4,2,0,0,0,1,0,0,0,0,0,0,31,24
61371,1:1:1;1:1:1;1:2:2;1:2:2,4,3,0,0,0,1,0,0,0,0,0,0,31,24
61372,1:1:1;1:1:1;1:2:2;1:2:2,4,4,0,0,0,1,0,0,0,0,0,0,31,24
61373,1:1:1;1:1:1;1:2:2;1:2:2,4,5,0,0,0,1,0,0,0,0,0,0,31,24
61374,1:1:1;1:1:1;1:2:2;1:2:2,5,0,0,0,0,1,0,0,0,0,0,0,35,24
61375,1:1:1;1:1:1;1:2:2;1:2:2,5,1,0,0,0,1,0,0,0,0,0,0,35,24
61376,1:1:1;1:1:1;1:2:2;1:2:2,5,2,0,0,0,1,0,0,0,0,0,0,35,24
61377,1:1:1;1:1:1;1:2:2;1:2:2,5,3,0,0,0,1,0,0,0,0,0,0,35,24
61378,1:1:1;1:1:1;1:2:2;1:2:2,5,4,0,0,0,1,0,0,0,0,0,0,35,24
61379,1:1:1;1:1:1;1:2:2;1:2:2,5,5,0,0,0,1,0,0,0,0,0,0,35,24
61380,1:1:1;1:1:1;1:2:2;1:3:2,0,0,0,0,0,1,0,0,0,0,0,0,1,24
61381,1:1:1;1:1:1;1:2:2;1:3:2,0,1,0,0,0,1,0,0,0,0,0,0,1,24
61382,1:1:1;1:1:1;1:2:2;1:3:2,0,2,0,0,0,1,0,0,0,0,0,0,1,24
61383,1:1:1;1:1:1;1:2:2;1:3:2,0,3,0,0,0,1,0,0,0,0,0,0,1,24
61384,1:1:1;1:1:1;1:2:2;1:3:2,0,4,0,0,0,1,0,0,0,0,0,0,1,24
61385,1:1:1;1:1:1;1:2:2;1:3:2,0,5,0,0,0,1,0,0,0,0,0,0,1,24
61386,1:1:1;1:1:1;1:2:2;1:3:2,1,0,0,0,0,1,0,0,0,0,0,0,5,24
61387,1:1:1;1:1:1;1:2:2;1:3:2,1,1,0,0,0,1,0,0,0,0,0,0,5,24
61388,1:1:1;1:1:1;1:2:2;1:3:2,1,2,0,0,0,1,0,0,0,0,0,0,5,24
61389,1:1:1;1:1:1;1:2:2;1:3:2,1,3,0,0,0,1,0,0,0,0,0,0,5,24
61390,1:1:1;1:1:1;1:2:2;1:3:2,1,4,0,0,0,1,0,0,0,0,0,0,5,24
61391,1:1:1;1:1:1;1:2:2;1:3:2,1,5,0,0,0,1,0,0,0,0,0,0,5,24
61392,1:1:1;1:1:1;1:2:2;1:3:2,2,0,0,0,0,1,0,0,0,0,0,0,13,24
61393,1:1:1;1:1:1;1:2:2;1:3:2,2,1,0,0,0,1,0,0,0,0,0,0,13,24
61394,1:1:1;1:1:1;1:2:2;1:3:2,2,2,0,0,0,1,0,0,0,0,0,0,13,24
61395,1:1:1;1:1:1;1:2:2;1:3:2,2,3,0,0,0,1,0,0,0,0,0,0,13,24
61396,1:1:1;1:1:1;1:2:2;1:3:2,2,4,0,0,0,1,0,0,0,0,0,0,13,24
61397,1:1:1;1:1:1;1:2:2;1:3:2,2,5,0,0,0,1,0,0,0,0,0,0,13,24
61398,1:1:1;1:1:1;1:2:2;1:3:2,3,0,0,0,0,1,0,0,0,0,0,0,23,24
61399,1:1:1;1:1:1;1:2:2;1:3:2,3,1,0,0,0,1,0,0,0,0,0,0,23,24
61400,1:1:1;1:1:1;1:2:2;1:3:2,3,2,0,0,0,1,0,0,0,0,0,0,23,24
61401,1:1:1;1:1:1;1:2:2;1:3:2,3,3,0,0,0,1,0,0,0,0,0,0,23,24
61402,1:1:1;1:1:1;1:2:2;1:3:2,3,4,0,0,0,1,0,0,0,0,0,0,23,24
61403,1:1:1;1:1:1;1:2:2;1:3:2,3,5,0,0,0,1,0,0,0,0,0,0,23,24
61404,1:1:1;1:1:1;1:2:2;1:3:2,4,0,0,0,0,1,0,0,0,0,0,0,31,24
61405,1:1:1;1:1:1;1:2:2;1:3:2,4,1,0,0,0,1,0,0,0,0,0,0,31,24
61406,1:1:1;1:1:1;1:2:2;1:3:2,4,2,0,0,0,1,0,0,0,0,0,0,31,24
61407,1:1:1;1:1:1;1:2:2;1:3:2,4,3,0,0,0,1,0,0,0,0,0,0,31,24
61408,1:1:1;1:1:1;1:2:2;1:3:2,4,4,0,0,0,1,0,0,0,0,0,0,31,24
61409,1:1:1;1:1:1;1:2:2;1:3:2,4,5,0,0,0,1,0,0,0,0,0,0,31,24
61410,1:1:1;1:1:1;1:2:2;1:3:2,5,0,0,0,0,1,0,0,0,0,0,0,35,24
61411,1:1:1;1:1:1;1:2:2;1:3:2,5,1,0,0,0,1,0,0,0,0,0,0,35,24
61412,1:1:1;1:1:1;1:2:2;1:3:2,5,2,0,0,0,1,0,0,0,0,0,0,35,24
61413,1:1:1;1:1:1;1:2:2;1:3:2,5,3,0,0,0,1,0,0,0,0,0,0,35,24
61414,1:1:1;1:1:1;1:2:2;1:3:2,5,4,0,0,0,1,0,0,0,0,0,0,35,24
61415,1:1:1;1:1:1;1:2:2;1:3:2,5,5,0,0,0,1,0,0,0,0,0,0,35,24
61416,1:1:1;1:1:1;1:2:2;1:3:3,0,0,0,0,0,1,0,0,0,0,0,0,1,24
61417,1:1:1;1:1:1;1:2:2;1:3:3,0,1,0,0,0,1,0,0,0,0,0,0,1,24
61418,1:1:1;1:1:1;1:2:2;1:3:3,0,2,0,0,0,1,0,0,0,0,0,0,1,24
61419,1:1:1;1:1:1;1:2:2;1:3:3,0,3,0,0,0,1,0,0,0,0,0,0,1,24
61420,1:1:1;1:1:1;1:2:2;1:3:3,0,4,0,0,0,1,0,0,0,0,0,0,1,24
61421,1:1:1;1:1:1;1:2:2;1:3:3,0,5,0,0,0,1,0,0,0,0,0,0,1,24
61422,1:1:1;1:1:1;1:2:2;1:3:3,1,0,0,0,0,1,0,0,0,0,0,0,5,24
61423,1:1:1;1:1:1;1:2:2;1:3:3,1,1,0,0,0,1,0,0,0,0,0,0,5,24
61424,1:1:1;1:1:1;1:2:2;1:3:3,1,2,0,0,0,1,0,0,0,0,0,0,5,24
61425,1:1:1;1:1:1;1:2:2;1:3:3,1,3,0,0,0,1,0,0,0,0,0,0,5,24
61426,1:1:1;1:1:1;1:2:2;1:3:3,1,4,0,0,0,1,0,0,0,0,0,0,5,24
61427,1:1:1;1:1:1;1:2:2;1:3:3,1,5,0,0,0,1,0,0,0,0,0,0,5,24
61428,1:1:1;1:1:1;1:2:2;1:3:3,2,0,0,0,0,1,0,0,0,0,0,0,13,24
61429,1:1:1;1:1:1;1:2:2;1:3:3,2,1,0,0,0,1,0,0,0,0,0,0,13,24
61430,1:1:1;1:1:1;1:2:2;1:3:3,2,2,0,0,0,1,0,0,0,0,0,0,13,24
61431,1:1:1;1:1:1;1:2:2;1:3:3,2,3,0,0,0,1,0,0,0,0,0,0,13,24
61432,1:1:1;1:1:1;1:2:2;1:3:3,2,4,0,0,0,1,0,0,0,0,0,0,13,24
61433,1:1:1;1:1:1;1:2:2;1:3:3,2,5,0,0,0,1,0,0,0,0,0,0,13,24
61434,1:1:1;1:1:1;1:2:2;1:3:3,3,0,0,0,0,1,0,0,0,0,0,0,24,24
61435,1:1:1;1:1:1;1:2:2;1:3:3,3,1,0,0,0,1,0,0,0,0,0,0,24,24
61436,1:1:1;1:1:1;1:2:2;1:3:3,3,2,0,0,0,1,0,0,0,0,0,0,24,24
61437,1:1:1;1:1:1;1:2:2;1:3:3,3,3,0,0,0,1,0,0,0,0,0,0,24,24
61438,1:1:1;1:1:1;1:2:2;1:3:3,3,4,0,0,0,1,0,0,0,0,0,0,24,24
61439,1:1:1;1:1:1;1:2:2;1:3:3,3,5,0,0,0,1,0,0,0,0,0,0,24,24
61440,1:1:1;1:1:1;1:2:2;1:3:3,4,0,0,0,0,1,0,0,0,0,0,0,35,24
61441,1:1:1;1:1:1;1:2:2;1:3:3,4,1,0,0,0,1,0,0,0,0,0,0,35,24
61442,1:1:1;1:1:1;1:2:2;1:3:3,4,2,0,0,0,1,0,0,0,0,0,0,35,24
61443,1:1:1;1:1:1;1:2:2;1:3:3,4,3,0,0,0,1,0,0,0,0,0,0,35,24
61444,1:1:1;1:1:1;1:2:2;1:3:3,4,4,0,0,0,1,0,0,0,0,0,0,35,24
61445,1:1:1;1:1:1;1:2:2;1:3:3,4,5,0,0,0,1,0,0,0,0,0,0,35,24
61446,1:1:1;1:1:1;1:2:2;1:3:3,5,0,0,0,0,1,0,0,0,0,0,0,43,24
61447,1:1:1;1:1:1;1:2:2;1:3:3,5,1,0,0,0,1,0,0,0,0,0,0,43,24
61448,1:1:1;1:1:1;1:2:2;1:3:3,5,2,0,0,0,1,0,0,0,0,0,0,43,24
61449,1:1:1;1:1:1;1:2:2;1:3:3,5,3,0,0,0,1,0,0,0,0,0,0,43,24
61450,1:1:1;1:1:1;1:2:2;1:3:3,5,4,0,0,0,1,0,0,0,0,0,0,43,24
61451,1:1:1;1:1:1;1:2:2;1:3:3,5,5,0,0,0,1,0,0,0,0,0,0,43,24
61452,1:1:1;1:1:1;1:2:2;1:4:3,0,0,0,0,0,1,0,0,0,0,0,0,1,24
61453,1:1:1;1:1:1;1:2:2;1:4:3,0,1,0,0,0,1,0,0,0,0,0,0,1,24
61454,1:1:1;1:1:1;1:2:2;1:4:3,0,2,0,0,0,1,0,0,0,0,0,0,1,24
61455,1:1:1;1:1:1;1:2:2;1:4:3,0,3,0,0,0,1,0,0,0,0,0,0,1,24
61456,1:1:1;1:1:1;1:2:2;1:4:3,0,4,0,0,0,1,0,0,0,0,0,0,1,24
61457,1:1:1;1:1:1;1:2:2;1:4:3,0,5,0,0,0,1,0,0,0,0,0,0,1,24
61458,1:1:1;1:1:1;1:2:2;1:4:3,1,0,0,0,0,1,0,0,0,0,0,0,5,24
61459,1:1:1;1:1:1;1:2:2;1:4:3,1,1,0,0,0,1,0,0,0,0,0,0,5,24
61460,1:1:1;1:1:1;1:2:2;1:4:3,1,2,0,0,0,1,0,0,0,0,0,0,5,24
61461,1:1:1;1:1:1;1:2:2;1:4:3,1,3,0,0,0,1,0,0,0,0,0,0,5,24
61462,1:1:1;1:1:1;1:2:2;1:4:3,1,4,0,0,0,1,0,0,0,0,0,0,5,24
61463,1:1:1;1:1:1;1:2:2;1:4:3,1,5,0,0,0,1,0,0,0,0,0,0,5,24
61464,1:1:1;1:1:1;1:2:2;1:4:3,2,0,0,0,0,1,0,0,0,0,0,0,13,24
61465,1:1:1;1:1:1;1:2:2;1:4:3,2,1,0,0,0,1,0,0,0,0,0,0,13,24
61466,1:1:1;1:1:1;1:2:2;1:4:3,2,2,0,0,0,1,0,0,0,0,0,0,13,24
61467,1:1:1;1:1:1;1:2:2;1:4:3,2,3,0,0,0,1,0,0,0,0,0,0,13,24
61468,1:1:1;1:1:1;1:2:2;1:4:3,2,4,0,0,0,1,0,0,0,0,0,0,13,24
61469,1:1:1;1:1:1;1:2:2;1:4:3,2,5,0,0,0,1,0,0,0,0,0,0,13,24
61470,1:1:1;1:1:1;1:2:2;1:4:3,3,0,0,0,0,1,0,0,0,0,0,0,24,24
61471,1:1:1;1:1:1;1:2:2;1:4:3,3,1,0,0,0,1,0,0,0,0,0,0,24,24
61472,1:1:1;1:1:1;1:2:2;1:4:3,3,2,0,0,0,1,0,0,0,0,0,0,24,24
61473,1:1:1;1:1:1;1:2:2;1:4:3,3,3,0,0,0,1,0,0,0,0,0,0,24,24
61474,1:1:1;1:1:1;1:2:2;1:4:3,3,4,0,0,0,1,0,0,0,0,0,0,24,24
61475,1:1:1;1:1:1;1:2:2;1:4:3,3,5,0,0,0,1,0,0,0,0,0,0,24,24
61476,1:1:1;1:1:1;1:2:2;1:4:3,4,0,0,0,0,1,0,0,0,0,0,0,35,24
61477,1:1:1;1:1:1;1:2:2;1:4:3,4,1,0,0,0,1,0,0,0,0,0,0,35,24
61478,1:1:1;1:1:1;1:2:2;1:4:3,4,2,0,0,0,1,0,0,0,0,0,0,35,24
61479,1:1:1;1:1:1;1:2:2;1:4:3,4,3,0,0,0,1,0,0,0,0,0,0,35,24
61480,1:1:1;1:1:1;1:2:2;1:4:3,4,4,0,0,0,1,0,0,0,0,0,0,35,24
61481,1:1:1;1:1:1;1:2:2;1:4:3,4,5,0,0,0,1,0,0,0,0,0,0,35,24
61482,1:1:1;1:1:1;1:2:2;1:4:3,5,0,0,0,0,1,0,0,0,0,0,0,43,24
61483,1:1:1;1:1:1;1:2:2;1:4:3,5,1,0,0,0,1,0,0,0,0,0,0,43,24
61484,1:1:1;1:1:1;1:2:2;1:4:3,5,2,0,0,0,1,0,0,0,0,0,0,43,24
61485,1:1:1;1:1:1;1:2:2;1:4:3,5,3,0,0,0,1,0,0,0,0,0,0,43,24
61486,1:1:1;1:1:1;1:2:2;1:4:3,5,4,0,0,0,1,0,0,0,0,0,0,43,24
61487,1:1:1;1:1:1;1:2:2;1:4:3,5,5,0,0,0,1,0,0,0,0,0,0,43,24
61488,1:1:1;1:1:1;1:3:2;1:3:2,0,0,0,0,0,1,0,0,0,0,0,0,1,24
61489,1:1:1;1:1:1;1:3:2;1:3:2,0,1,0,0,0,1,0,0,0,0,0,0,1,24
61490,1:1:1;1:1:1;1:3:2;1:3:2,0,2,0,0,0,1,0,0,0,0,0,0,1,24
61491,1:1:1;1:1:1;1:3:2;1:3:2,0,3,0,0,0,1,0,0,0,0,0,0,1,24
61492,1:1:1;1:1:1;1:3:2;1:3:2,0,4,0,0,0,1,0,0,0,0,0,0,1,24
61493,1:1:1;1:1:1;1:3:2;1:3:2,0,5,0,0,0,1,0,0,0,0,0,0,1,24
61494,1:1:1;1:1:1;1:3:2;1:3:2,1,0,0,0,0,1,0,0,0,0,0,0,5,24
61495,1:1:1;1:1:1;1:3:2;1:3:2,1,1,0,0,0,1,0,0,0,0,0,0,5,24
61496,1:1:1;1:1:1;1:3:2;1:3:2,1,2,0,0,0,1,0,0,0,0,0,0,5,24
61497,1:1:1;1:1:1;1:3:2;1:3:2,1,3,0,0,0,1,0,0,0,0,0,0,5,24
61498,1:1:1;1:1:1;1:3:2;1:3:2,1,4,0,0,0,1,0,0,0,0,0,0,5,24
61499,1:1:1;1:1:1;1:3:2;1:3:2,1,5,0,0,0,1,0,0,0,0,0,0,5,24
61500,1:1:1;1:1:1;1:3:2;1:3:2,2,0,0,0,0,1,0,0,0,0,0,0,13,24
61501,1:1:1;1:1:1;1:3:2;1:3:2,2,1,0,0,0,1,0,0,0,0,0,0,13,24
61502,1:1:1;1:1:1;1:3:2;1:3:2,2,2,0,0,0,1,0,0,0,0,0,0,13,24
61503,1:1:1;1:1:1;1:3:2;1:3:2,2,3,0,0,0,1,0,0,0,0,0,0,13,24
61504,1:1:1;1:1:1;1:3:2;1:3:2,2,4,0,0,0,1,0,0,0,0,0,0,13,24
61505,1:1:1;1:1:1;1:3:2;1:3:2,2,5,0,0,0,1,0,0,0,0,0,0,13,24
61506,1:1:1;1:1:1;1:3:2;1:3:2,3,0,0,0,0,1,0,0,0,0,0,0,23,24
61507,1:1:1;1:1:1;1:3:2;1:3:2,3,1,0,0,0,1,0,0,0,0,0,0,23,24
61508,1:1:1;1:1:1;1:3:2;1:3:2,3,2,0,0,0,1,0,0,0,0,0,0,23,24
61509,1:1:1;1:1:1;1:3:2;1:3:2,3,3,0,0,0,1,0,0,0,0,0,0,23,24
61510,1:1:1;1:1:1;1:3:2;1:3:2,3,4,0,0,0,1,0,0,0,0,0,0,23,24
61511,1:1:1;1:1:1;1:3:2;1:3:2,3,5,0,0,0,1,0,0,0,0,0,0,23,24
61512,1:1:1;1:1:1;1:3:2;1:3:2,4,0,0,0,0,1,0,0,0,0,0,0,31,24
61513,1:1:1;1:1:1;1:3:2;1:3:2,4,1,0,0,0,1,0,0,0,0,0,0,31,24
61514,1:1:1;1:1:1;1:3:2;1:3:2,4,2,0,0,0,1,0,0,0,0,0,0,31,24
61515,1:1:1;1:1:1;1:3:2;1:3:2,4,3,0,0,0,1,0,0,0,0,0,0,31,24
61516,1:1:1;1:1:1;1:3:2;1:3:2,4,4,0,0,0,1,0,0,0,0,0,0,31,24
61517,1:1:1;1:1:1;1:3:2;1:3:2,4,5,0,0,0,1,0,0,0,0,0,0,31,24
61518,1:1:1;1:1:1;1:3:2;1:3:2,5,0,0,0,0,1,0,0,0,0,0,0,35,24
61519,1:1:1;1:1:1;1:3:2;1:3:2,5,1,0,0,0,1,0,0,0,0,0,0,35,24
61520,1:1:1;1:1:1;1:3:2;1:3:2,5,2,0,0,0,1,0,0,0,0,0,0,35,24
61521,1:1:1;1:1:1;1:3:2;1:3:2,5,3,0,0,0,1,0,0,0,0,0,0,35,24
61522,1:1:1;1:1:1;1:3:2;1:3:2,5,4,0,0,0,1,0,0,0,0,0,0,35,24
61523,1:1:1;1:1:1;1:3:2;1:3:2,5,5,0,0,0,1,0,0,0,0,0,0,35,24
61524,1:1:1;1:1:1;1:3:2;1:3:3,0,0,0,0,0,1,0,0,0,0,0,0,1,24
61525,1:1:1;1:1:1;1:3:2;1:3:3,0,1,0,0,0,1,0,0,0,0,0,0,1,24
61526,1:1:1;1:1:1;1:3:2;1:3:3,0,2,0,0,0,1,0,0,0,0,0,0,1,24
61527,1:1:1;1:1:1;1:3:2;1:3:3,0,3,0,0,0,1,0,0,0,0,0,0,1,24
61528,1:1:1;1:1:1;1:3:2;1:3:3,0,4,0,0,0,1,0,0,0,0,0,0,1,24
61529,1:1:1;1:1:1;1:3:2;1:3:3,0,5,0,0,0,1,0,0,0,0,0,0,1,24
61530,1:1:1;1:1:1;1:3:2;1:3:3,1,0,0,0,0,1,0,0,0,0,0,0,5,24
61531,1:1:1;1:1:1;1:3:2;1:3:3,1,1,0,0,0,1,0,0,0,0,0,0,5,24
61532,1:1:1;1:1:1;1:3:2;1:3:3,1,2,0,0,0,1,0,0,0,0,0,0,5,24
61533,1:1:1;1:1:1;1:3:2;1:3:3,1,3,0,0,0,1,0,0,0,0,0,0,5,24
61534,1:1:1;1:1:1;1:3:2;1:3:3,1,4,0,0,0,1,0,0,0,0,0,0,5,24
61535,1:1:1;1:1:1;1:3:2;1:3:3,1,5,0,0,0,1,0,0,0,0,0,0,5,24
61536,1:1:1;1:1:1;1:3:2;1:3:3,2,0,0,0,0,1,0,0,0,0,0,0,13,24
61537,1:1:1;1:1:1;1:3:2;1:3:3,2,1,0,0,0,1,0,0,0,0,0,0,13,24
61538,1:1:1;1:1:1;1:3:2;1:3:3,2,2,0,0,0,1,0,0,0,0,0,0,13,24
61539,1:1:1;1:1:1;1:3:2;1:3:3,2,3,0,0,0,1,0,0,0,0,0,0,13,24
61540,1:1:1;1:1:1;1:3:2;1:3:3,2,4,0,0,0,1,0,0,0,0,0,0,13,24
61541,1:1:1;1:1:1;1:3:2;1:3:3,2,5,0,0,0,1,0,0,0,0,0,0,13,24
61542,1:1:1;1:1:1;1:3:2;1:3:3,3,0,0,0,0,1,0,0,0,0,0,0,24,24
61543,1:1:1;1:1:1;1:3:2;1:3:3,3,1,0,0,0,1,0,0,0,0,0,0,24,24
61544,1:1:1;1:1:1;1:3:2;1:3:3,3,2,0,0,0,1,0,0,0,0,0,0,24,24
61545,1:1:1;1:1:1;1:3:2;1:3:3,3,3,0,0,0,1,0,0,0,0,0,0,24,24
61546,1:1:1;1:1:1;1:3:2;1:3:3,3,4,0,0,0,1,0,0,0,0,0,0,24,24
61547,1:1:1;1:1:1;1:3:2;1:3:3,3,5,0,0,0,1,0,0,0,0,0,0,24,24
61548,1:1:1;1:1:1;1:3:2;1:3:3,4,0,0,0,0,1,0,0,0,0,0,0,35,24
61549,1:1:1;1:1:1;1:3:2;1:3:3,4,1,0,0,0,1,0,0,0,0,0,0,35,24
61550,1:1:1;1:1:1;1:3:2;1:3:3,4,2,0,0,0,1,0,0,0,0,0,0,35,24
61551,1:1:1;1:1:1;1:3:2;1:3:3,4,3,0,0,0,1,0,0,0,0,0,0,35,24
61552,1:1:1;1:1:1;1:3:2;1:3:3,4,4,0,0,0,1,0,0,0,0,0,0,35,24
61553,1:1:1;1:1:1;1:3:2;1:3:3,4,5,0,0,0,1,0,0,0,0,0,0,35,24
61554,1:1:1;1:1:1;1:3:2;1:3:3,5,0,0,0,0,1,0,0,0,0,0,0,43,24
61555,1:1:1;1:1:1;1:3:2;1:3:3,5,1,0,0,0,1,0,0,0,0,0,0,43,24
61556,1:1:1;1:1:1;1:3:2;1:3:3,5,2,0,0,0,1,0,0,0,0,0,0,43,24
61557,1:1:1;1:1:1;1:3:2;1:3:3,5,3,0,0,0,1,0,0,0,0,0,0,43,24
61558,1:1:1;1:1:1;1:3:2;1:3:3,5,4,0,0,0,1,0,0,0,0,0,0,43,24
61559,1:1:1;1:1:1;1:3:2;1:3:3,5,5,0,0,0,1,0,0,0,0,0,0,43,24
61560,1:1:1;1:1:1;1:3:2;1:4:3,0,0,0,0,0,1,0,0,0,0,0,0,1,24
61561,1:1:1;1:1:1;1:3:2;1:4:3,0,1,0,0,0,1,0,0,0,0,0,0,1,24
61562,1:1:1;1:1:1;1:3:2;1:4:3,0,2,0,0,0,1,0,0,0,0,0,0,1,24
61563,1:1:1;1:1:1;1:3:2;1:4:3,0,3,0,0,0,1,0,0,0,0,0,0,1,24
61564,1:1:1;1:1:1;1:3:2;1:4:3,0,4,0,0,0,1,0,0,0,0,0,0,1,24
61565,1:1:1;1:1:1;1:3:2;1:4:3,0,5,0,0,0,1,0,0,0,0,0,0,1,24
61566,1:1:1;1:1:1;1:3:2;1:4:3,1,0,0,0,0,1,0,0,0,0,0,0,5,24
61567,1:1:1;1:1:1;1:3:2;1:4:3,1,1,0,0,0,1,0,0,0,0,0,0,5,24
61568,1:1:1;1:1:1;1:3:2;1:4:3,1,2,0,0,0,1,0,0,0,0,0,0,5,24
61569,1:1:1;1:1:1;1:3:2;1:4:3,1,3,0,0,0,1,0,0,0,0,0,0,5,24
61570,1:1:1;1:1:1;1:3:2;1:4:3,1,4,0,0,0,1,0,0,0,0,0,0,5,24
61571,1:1:1;1:1:1;1:3:2;1:4:3,1,5,0,0,0,1,0,0,0,0,0,0,5,24
61572,1:1:1;1:1:1;1:3:2;1:4:3,2,0,0,0,0,1,0,0,0,0,0,0,13,24
61573,1:1:1;1:1:1;1:3:2;1:4:3,2,1,0,0,0,1,0,0,0,0,0,0,13,24
61574,1:1:1;1:1:1;1:3:2;1:4:3,2,2,0,0,0,1,0,0,0,0,0,0,13,24
61575,1:1:1;1:1:1;1:3:2;1:4:3,2,3,0,0,0,1,0,0,0,0,0,0,13,24
61576,1:1:1;1:1:1;1:3:2;1:4:3,2,4,0,0,0,1,0,0,0,0,0,0,13,24
61577,1:1:1;1:1:1;1:3:2;1:4:3,2,5,0,0,0,1,0,0,0,0,0,0,13,24
61578,1:1:1;1:1:1;1:3:2;1:4:3,3,0,0,0,0,1,0,0,0,0,0,0,24,24
61579,1:1:1;1:1:1;1:3:2;1:4:3,3,1,0,0,0,1,0,0,0,0,0,0,24,24
61580,1:1:1;1:1:1;1:3:2;1:4:3,3,2,0,0,0,1,0,0,0,0,0,0,24,24
61581,1:1:1;1:1:1;1:3:2;1:4:3,3,3,0,0,0,1,0,0,0,0,0,0,24,24
61582,1:1:1;1:1:1;1:3:2;1:4:3,3,4,0,0,0,1,0,0,0,0,0,0,24,24
61583,1:1:1;1:1:1;1:3:2;1:4:3,3,5,0,0,0,1,0,0,0,0,0,0,24,24
61584,1:1:1;1:1:1;1:3:2;1:4:3,4,0,0,0,0,1,0,0,0,0,0,0,35,24
61585,1:1:1;1:1:1;1:3:2;1:4:3,4,1,0,0,0,1,0,0,0,0,0,0,35,24
61586,1:1:1;1:1:1;1:3:2;1:4:3,4,2,0,0,0,1,0,0,0,0,0,0,35,24
61587,1:1:1;1:1:1;1:3:2;1:4:3,4,3,0,0,0,1,0,0,0,0,0,0,35,24
61588,1:1:1;1:1:1;1:3:2;1:4:3,4,4,0,0,0,1,0,0,0,0,0,0,35,24
61589,1:1:1;1:1:1;1:3:2;1:4:3,4,5,0,0,0,1,0,0,0,0,0,0,35,24
61590,1:1:1;1:1:1;1:3:2;1:4:3,5,0,0,0,0,1,0,0,0,0,0,0,43,24
61591,1:1:1;1:1:1;1:3:2;1:4:3,5,1,0,0,0,1,0,0,0,0,0,0,43,24
61592,1:1:1;1:1:1;1:3:2;1:4:3,5,2,0,0,0,1,0,0,0,0,0,0,43,24
61593,1:1:1;1:1:1;1:3:2;1:4:3,5,3,0,0,0,1,0,0,0,0,0,0,43,24
61594,1:1:1;1:1:1;1:3:2;1:4:3,5,4,0,0,0,1,0,0,0,0,0,0,43,24
61595,1:1:1;1:1:1;1:3:2;1:4:3,5,5,0,0,0,1,0,0,0,0,0,0,43,24
61596,1:1:1;1:1:1;1:3:3;1:3:3,0,0,0,0,0,1,0,0,0,0,0,0,1,24
61597,1:1:1;1:1:1;1:3:3;1:3:3,0,1,0,0,0,1,0,0,0,0,0,0,1,24
61598,1:1:1;1:1:1;1:3:3;1:3:3,0,2,0,0,0,1,0,0,0,0,0,0,1,24
61599,1:1:1;1:1:1;1:3:3;1:3:3,0,3,0,0,0,1,0,0,0,0,0,0,1,24
61600,1:1:1;1:1:1;1:3:3;1:3:3,0,4,0,0,0,1,0,0,0,0,0,0,1,24
61601,1:1:1;1:1:1;1:3:3;1:3:3,0,5,0,0,0,1,0,0,0,0,0,0,1,24
61602,1:1:1;1:1:1;1:3:3;1:3:3,1,0,0,0,0,1,0,0,0,0,0,0,5,24
61603,1:1:1;1:1:1;1:3:3;1:3:3,1,1,0,0,0,1,0,0,0,0,0,0,5,24
61604,1:1:1;1:1:1;1:3:3;1:3:3,1,2,0,0,0,1,0,0,0,0,0,0,5,24
61605,1:1:1;1:1:1;1:3:3;1:3:3,1,3,0,0,0,1,0,0,0,0,0,0,5,24
61606,1:1:1;1:1:1;1:3:3;1:3:3,1,4,0,0,0,1,0,0,0,0,0,0,5,24
61607,1:1:1;1:1:1;1:3:3;1:3:3,1,5,0,0,0,1,0,0,0,0,0,0,5,24
61608,1:1:1;1:1:1;1:3:3;1:3:3,2,0,0,0,0,1,0,0,0,0,0,0,13,24
61609,1:1:1;1:1:1;1:3:3;1:3:3,2,1,0,0,0,1,0,0,0,0,0,0,13,24
61610,1:1:1;1:1:1;1:3:3;1:3:3,2,2,0,0,0,1,0,0,0,0,0,0,13,24
61611,1:1:1;1:1:1;1:3:3;1:3:3,2,3,0,0,0,1,0,0,0,0,0,0,13,24
61612,1:1:1;1:1:1;1:3:3;1:3:3,2,4,0,0,0,1,0,0,0,0,0,0,13,24
61613,1:1:1;1:1:1;1:3:3;1:3:3,2,5,0,0,0,1,0,0,0,0,0,0,13,24
61614,1:1:1;1:1:1;1:3:3;1:3:3,3,0,0,0,0,1,0,0,0,0,0,0,25,24
61615,1:1:1;1:1:1;1:3:3;1:3:3,3,1,0,0,0,1,0,0,0,0,0,0,25,24
61616,1:1:1;1:1:1;1:3:3;1:3:3,3,2,0,0,0,1,0,0,0,0,0,0,25,24
61617,1:1:1;1:1:1;1:3:3;1:3:3,3,3,0,0,0,1,0,0,0,0,0,0,25,24
61618,1:1:1;1:1:1;1:3:3;1:3:3,3,4,0,0,0,1,0,0,0,0,0,0,25,24
61619,1:1:1;1:1:1;1:3:3;1:3:3,3,5,0,0,0,1,0,0,0,0,0,0,25,24
61620,1:1:1;1:1:1;1:3:3;1:3:3,4,0,0,0,0,1,0,0,0,0,0,0,39,24
61621,1:1:1;1:1:1;1:3:3;1:3:3,4,1,0,0,0,1,0,0,0,0,0,0,39,24
61622,1:1:1;1:1:1;1:3:3;1:3:3,4,2,0,0,0,1,0,0,0,0,0,0,39,24
61623,1:1:1;1:1:1;1:3:3;1:3:3,4,3,0,0,0,1,0,0,0,0,0,0,39,24
61624,1:1:1;1:1:1;1:3:3;1:3:3,4,4,0,0,0,1,0,0,0,0,0,0,39,24
61625,1:1:1;1:1:1;1:3:3;1:3:3,4,5,0,0,0,1,0,0,0,0,0,0,39,24
61626,1:1:1;1:1:1;1:3:3;1:3:3,5,0,0,0,0,1,0,0,0,0,0,0,51,24
61627,1:1:1;1:1:1;1:3:3;1:3:3,5,1,0,0,0,1,0,0,0,0,0,0,51,24
61628,1:1:1;1:1:1;1:3:3;1:3:3,5,2,0,0,0,1,0,0,0,0,0,0,51,24
61629,1:1:1;1:1:1;1:3:3;1:3:3,5,3,0,0,0,1,0,0,0,0,0,0,51,24
61630,1:1:1;1:1:1;1:3:3;1:3:3,5,4,0,0,0,1,0,0,0,0,0,0,51,24
61631,1:1:1;1:1:1;1:3:3;1:3:3,5,5,0,0,0,1,0,0,0,0,0,0,51,24
61632,1:1:1;1:1:1;1:3:3;1:4:3,0,0,0,0,0,1,0,0,0,0,0,0,1,24
61633,1:1:1;1:1:1;1:3:3;1:4:3,0,1,0,0,0,1,0,0,0,0,0,0,1,24
61634,1:1:1;1:1:1;1:3:3;1:4:3,0,2,0,0,0,1,0,0,0,0,0,0,1,24
61635,1:1:1;1:1:1;1:3:3;1:4:3,0,3,0,0,0,1,0,0,0,0,0,0,1,24
61636,1:1:1;1:1:1;1:3:3;1:4:3,0,4,0,0,0,1,0,0,0,0,0,0,1,24
61637,1:1:1;1:1:1;1:3:3;1:4:3,0,5,0,0,0,1,0,0,0,0,0,0,1,24
61638,1:1:1;1:1:1;1:3:3;1:4:3,1,0,0,0,0,1,0,0,0,0,0,0,5,24
61639,1:1:1;1:1:1;1:3:3;1:4:3,1,1,0,0,0,1,0,0,0,0,0,0,5,24
61640,1:1:1;1:1:1;1:3:3;1:4:3,1,2,0,0,0,1,0,0,0,0,0,0,5,24
61641,1:1:1;1:1:1;1:3:3;1:4:3,1,3,0,0,0,1,0,0,0,0,0,0,5,24
61642,1:1:1;1:1:1;1:3:3;1:4:3,1,4,0,0,0,1,0,0,0,0,0,0,5,24
61643,1:1:1;1:1:1;1:3:3;1:4:3,1,5,0,0,0,1,0,0,0,0,0,0,5,24
61644,1:1:1;1:1:1;1:3:3;1:4:3,2,0,0,0,0,1,0,0,0,0,0,0,13,24
61645,1:1:1;1:1:1;1:3:3;1:4:3,2,1,0,0,0,1,0,0,0,0,0,0,13,24
61646,1:1:1;1:1:1;1:3:3;1:4:3,2,2,0,0,0,1,0,0,0,0,0,0,13,24
61647,1:1:1;1:1:1;1:3:3;1:4:3,2,3,0,0,0,1,0,0,0,0,0,0,13,24
61648,1:1:1;1:1:1;1:3:3;1:4:3,2,4,0,0,0,1,0,0,0,0,0,0,13,24
61649,1:1:1;1:1:1;1:3:3;1:4:3,2,5,0,0,0,1,0,0,0,0,0,0,13,24
61650,1:1:1;1:1:1;1:3:3;1:4:3,3,0,0,0,0,1,0,0,0,0,0,0,25,24
61651,1:1:1;1:1:1;1:3:3;1:4:3,3,1,0,0,0,1,0,0,0,0,0,0,25,24
61652,1:1:1;1:1:1;1:3:3;1:4:3,3,2,0,0,0,1,0,0,0,0,0,0,25,24
61653,1:1:1;1:1:1;1:3:3;1:4:3,3,3,0,0,0,1,0,0,0,0,0,0,25,24
61654,1:1:1;1:1:1;1:3:3;1:4:3,3,4,0,0,0,1,0,0,0,0,0,0,25,24
61655,1:1:1;1:1:1;1:3:3;1:4:3,3,5,0,0,0,1,0,0,0,0,0,0,25,24
61656,1:1:1;1:1:1;1:3:3;1:4:3,4,0,0,0,0,1,0,0,0,0,0,0,39,24
61657,1:1:1;1:1:1;1:3:3;1:4:3,4,1,0,0,0,1,0,0,0,0,0,0,39,24
61658,1:1:1;1:1:1;1:3:3;1:4:3,4,2,0,0,0,1,0,0,0,0,0,0,39,24
61659,1:1:1;1:1:1;1:3:3;1:4:3,4,3,0,0,0,1,0,0,0,0,0,0,39,24
61660,1:1:1;1:1:1;1:3:3;1:4:3,4,4,0,0,0,1,0,0,0,0,0,0,39,24
61661,1:1:1;1:1:1;1:3:3;1:4:3,4,5,0,0,0,1,0,0,0,0,0,0,39,24
61662,1:1:1;1:1:1;1:3:3;1:4:3,5,0,0,0,0,1,0,0,0,0,0,0,51,24
61663,1:1:1;1:1:1;1:3:3;1:4:3,5,1,0,0,0,1,0,0,0,0,0,0,51,24
61664,1:1:1;1:1:1;1:3:3;1:4:3,5,2,0,0,0,1,0,0,0,0,0,0,51,24
61665,1:1:1;1:1:1;1:3:3;1:4:3,5,3,0,0,0,1,0,0,0,0,0,0,51,24
61666,1:1:1;1:1:1;1:3:3;1:4:3,5,4,0,0,0,1,0,0,0,0,0,0,51,24
61667,1:1:1;1:1:1;1:3:3;1:4:3,5,5,0,0,0,1,0,0,0,0,0,0,51,24
61668,1:1:1;1:1:1;1:4:3;1:4:3,0,0,0,0,0,1,0,0,0,0,0,0,1,24
61669,1:1:1;1:1:1;1:4:3;1:4:3,0,1,0,0,0,1,0,0,0,0,0,0,1,24
61670,1:1:1;1:1:1;1:4:3;1:4:3,0,2,0,0,0,1,0,0,0,0,0,0,1,24
61671,1:1:1;1:1:1;1:4:3;1:4:3,0,3,0,0,0,1,0,0,0,0,0,0,1,24
61672,1:1:1;1:1:1;1:4:3;1:4:3,0,4,0,0,0,1,0,0,0,0,0,0,1,24
61673,1:1:1;1:1:1;1:4:3;1:4:3,0,5,0,0,0,1,0,0,0,0,0,0,1,24
61674,1:1:1;1:1:1;1:4:3;1:4:3,1,0,0,0,0,1,0,0,0,0,0,0,5,24
61675,1:1:1;1:1:1;1:4:3;1:4:3,1,1,0,0,0,1,0,0,0,0,0,0,5,24
61676,1:1:1;1:1:1;1:4:3;1:4:3,1,2,0,0,0,1,0,0,0,0,0,0,5,24
61677,1:1:1;1:1:1;1:4:3;1:4:3,1,3,0,0,0,1,0,0,0,0,0,0,5,24
61678,1:1:1;1:1:1;1:4:3;1:4:3,1,4,0,0,0,1,0,0,0,0,0,0,5,24
61679,1:1:1;1:1:1;1:4:3;1:4:3,1,5,0,0,0,1,0,0,0,0,0,0,5,24
61680,1:1:1;1:1:1;1:4:3;1:4:3,2,0,0,0,0,1,0,0,0,0,0,0,13,24
61681,1:1:1;1:1:1;1:4:3;1:4:3,2,1,0,0,0,1,0,0,0,0,0,0,13,24
61682,1:1:1;1:1:1;1:4:3;1:4:3,2,2,0,0,0,1,0,0,0,0,0,0,13,24
61683,1:1:1;1:1:1;1:4:3;1:4:3,2,3,0,0,0,1,0,0,0,0,0,0,13,24
61684,1:1:1;1:1:1;1:4:3;1:4:3,2,4,0,0,0,1,0,0,0,0,0,0,13,24
61685,1:1:1;1:1:1;1:4:3;1:4:3,2,5,0,0,0,1,0,0,0,0,0,0,13,24
61686,1:1:1;1:1:1;1:4:3;1:4:3,3,0,0,0,0,1,0,0,0,0,0,0,25,24
61687,1:1:1;1:1:1;1:4:3;1:4:3,3,1,0,0,0,1,0,0,0,0,0,0,25,24
61688,1:1:1;1:1:1;1:4:3;1:4:3,3,2,0,0,0,1,0,0,0,0,0,0,25,24
61689,1:1:1;1:1:1;1:4:3;1:4:3,3,3,0,0,0,1,0,0,0,0,0,0,25,24
61690,1:1:1;1:1:1;1:4:3;1:4:3,3,4,0,0,0,1,0,0,0,0,0,0,25,24
61691,1:1:1;1:1:1;1:4:3;1:4:3,3,5,0,0,0,1,0,0,0,0,0,0,25,24
61692,1:1:1;1:1:1;1:4:3;1:4:3,4,0,0,0,0,1,0,0,0,0,0,0,39,24
61693,1:1:1;1:1:1;1:4:3;1:4:3,4,1,0,0,0,1,0,0,0,0,0,0,39,24
61694,1:1:1;1:1:1;1:4:3;1:4:3,4,2,0,0,0,1,0,0,0,0,0,0,39,24
61695,1:1:1;1:1:1;1:4:3;1:4:3,4,3,0,0,0,1,0,0,0,0,0,0,39,24
61696,1:1:1;1:1:1;1:4:3;1:4:3,4,4,0,0,0,1,0,0,0,0,0,0,39,24
61697,1:1:1;1:1:1;1:4:3;1:4:3,4,5,0,0,0,1,0,0,0,0,0,0,39,24
61698,1:1:1;1:1:1;1:4:3;1:4:3,5,0,0,0,0,1,0,0,0,0,0,0,51,24
61699,1:1:1;1:1:1;1:4:3;1:4:3,5,1,0,0,0,1,0,0,0,0,0,0,51,24
61700,1:1:1;1:1:1;1:4:3;1:4:3,5,2,0,0,0,1,0,0,0,0,0,0,51,24
61701,1:1:1;1:1:1;1:4:3;1:4:3,5,3,0,0,0,1,0,0,0,0,0,0,51,24
61702,1:1:1;1:1:1;1:4:3;1:4:3,5,4,0,0,0,1,0,0,0,0,0,0,51,24
61703,1:1:1;1:1:1;1:4:3;1:4:3,5,5,0,0,0,1,0,0,0,0,0,0,51,24
61704,1:1:1;1:2:1;1:2:1;1:2:1,0,0,0,0,0,1,0,0,0,0,0,0,1,24
61705,1:1:1;1:2:1;1:2:1;1:2:1,0,1,0,0,0,1,0,0,0,0,0,0,1,24
61706,1:1:1;1:2:1;1:2:1;1:2:1,0,2,0,0,0,1,0,0,0,0,0,0,1,24
61707,1:1:1;1:2:1;1:2:1;1:2:1,0,3,0,0,0,1,0,0,0,0,0,0,1,24
61708,1:1:1;1:2:1;1:2:1;1:2:1,0,4,0,0,0,1,0,0,0,0,0,0,1,24
61709,1:1:1;1:2:1;1:2:1;1:2:1,0,5,0,0,0,1,0,0,0,0,0,0,1,24
61710,1:1:1;1:2:1;1:2:1;1:2:1,1,0,0,0,0,1,0,0,0,0,0,0,5,24
61711,1:1:1;1:2:1;1:2:1;1:2:1,1,1,0,0,0,1,0,0,0,0,0,0,5,24
61712,1:1:1;1:2:1;1:2:1;1:2:1,1,2,0,0,0,1,0,0,0,0,0,0,5,24
61713,1:1:1;1:2:1;1:2:1;1:2:1,1,3,0,0,0,1,0,0,0,0,0,0,5,24
61714,1:1:1;1:2:1;1:2:1;1:2:1,1,4,0,0,0,1,0,0,0,0,0,0,5,24
61715,1:1:1;1:2:1;1:2:1;1:2:1,1,5,0,0,0,1,0,0,0,0,0,0,5,24
61716,1:1:1;1:2:1;1:2:1;1:2:1,2,0,0,0,0,1,0,0,0,0,0,0,11,24
61717,1:1:1;1:2:1;1:2:1;1:2:1,2,1,0,0,0,1,0,0,0,0,0,0,11,24
61718,1:1:1;1:2:1;1:2:1;1:2:1,2,2,0,0,0,1,0,0,0,0,0,0,11,24
61719,1:1:1;1:2:1;1:2:1;1:2:1,2,3,0,0,0,1,0,0,0,0,0,0,11,24
61720,1:1:1;1:2:1;1:2:1;1:2:1,2,4,0,0,0,1,0,0,0,0,0,0,11,24
61721,1:1:1;1:2:1;1:2:1;1:2:1,2,5,0,0,0,1,0,0,0,0,0,0,11,24
61722,1:1:1;1:2:1;1:2:1;1:2:1,3,0,0,0,0,1,0,0,0,0,0,0,15,24
61723,1:1:1;1:2:1;1:2:1;1:2:1,3,1,0,0,0,1,0,0,0,0,0,0,15,24
61724,1:1:1;1:2:1;1:2:1;1:2:1,3,2,0,0,0,1,0,0,0,0,0,0,15,24
61725,1:1:1;1:2:1;1:2:1;1:2:1,3,3,0,0,0,1,0,0,0,0,0,0,15,24
61726,1:1:1;1:2:1;1:2:1;1:2:1,3,4,0,0,0,1,0,0,0,0,0,0,15,24
61727,1:1:1;1:2:1;1:2:1;1:2:1,3,5,0,0,0,1,0,0,0,0,0,0,15,24
61728,1:1:1;1:2:1;1:2:1;1:2:1,4,0,1,1,1,0,1,1,1,1,1,5,5,1
61729,1:1:1;1:2:1;1:2:1;1:2:1,4,1,1,1,1,0,1,1,1,1,1,5,5,1
61730,1:1:1;1:2:1;1:2:1;1:2:1,4,2,1,1,1,0,1,1,1,1,1,5,5,1
61731,1:1:1;1:2:1;1:2:1;1:2:1,4,3,1,1,1,0,1,1,1,1,1,5,5,1
61732,1:1:1;1:2:1;1:2:1;1:2:1,4,4,1,1,1,0,1,1,1,1,1,5,5,1
61733,1:1:1;1:2:1;1:2:1;1:2:1,4,5,1,1,1,0,1,1,1,1,1,5,5,1
61734,1:1:1;1:2:1;1:2:1;1:2:1,5,0,1,1,1,0,1,1,1,1,1,5,5,1
61735,1:1:1;1:2:1;1:2:1;1:2:1,5,1,1,1,1,0,1,1,1,1,1,5,5,1
61736,1:1:1;1:2:1;1:2:1;1:2:1,5,2,1,1,1,0,1,1,1,1,1,5,5,1
61737,1:1:1;1:2:1;1:2:1;1:2:1,5,3,1,1,1,0,1,1,1,1,1,5,5,1
61738,1:1:1;1:2:1;1:2:1;1:2:1,5,4,1,1,1,0,1,1,1,1,1,5,5,1
61739,1:1:1;1:2:1;1:2:1;1:2:1,5,5,1,1,1,0,1,1,1,1,1,5,5,1
61740,1:1:1;1:2:1;1:2:1;1:2:2,0,0,0,0,0,1,0,0,0,0,0,0,1,24
61741,1:1:1;1:2:1;1:2:1;1:2:2,0,1,0,0,0,1,0,0,0,0,0,0,1,24
61742,1:1:1;1:2:1;1:2:1;1:2:2,0,2,0,0,0,1,0,0,0,0,0,0,1,24
61743,1:1:1;1:2:1;1:2:1;1:2:2,0,3,0,0,0,1,0,0,0,0,0,0,1,24
61744,1:1:1;1:2:1;1:2:1;1:2:2,0,4,0,0,0,1,0,0,0,0,0,0,1,24
61745,1:1:1;1:2:1;1:2:1;1:2:2,0,5,0,0,0,1,0,0,0,0,0,0,1,24
61746,1:1:1;1:2:1;1:2:1;1:2:2,1,0,0,0,0,1,0,0,0,0,0,0,5,24
61747,1:1:1;1:2:1;1:2:1;1:2:2,1,1,0,0,0,1,0,0,0,0,0,0,5,24
61748,1:1:1;1:2:1;1:2:1;1:2:2,1,2,0,0,0,1,0,0,0,0,0,0,5,24
61749,1:1:1;1:2:1;1:2:1;1:2:2,1,3,0,0,0,1,0,0,0,0,0,0,5,24
61750,1:1:1;1:2:1;1:2:1;1:2:2,1,4,0,0,0,1,0,0,0,0,0,0,5,24
61751,1:1:1;1:2:1;1:2:1;1:2:2,1,5,0,0,0,1,0,0,0,0,0,0,5,24
61752,1:1:1;1:2:1;1:2:1;1:2:2,2,0,0,0,0,1,0,0,0,0,0,0,12,24
61753,1:1:1;1:2:1;1:2:1;1:2:2,2,1,0,0,0,1,0,0,0,0,0,0,12,24
61754,1:1:1;1:2:1;1:2:1;1:2:2,2,2,0,0,0,1,0,0,0,0,0,0,12,24
61755,1:1:1;1:2:1;1:2:1;1:2:2,2,3,0,0,0,1,0,0,0,0,0,0,12,24
61756,1:1:1;1:2:1;1:2:1;1:2:2,2,4,0,0,0,1,0,0,0,0,0,0,12,24
61757,1:1:1;1:2:1;1:2:1;1:2:2,2,5,0,0,0,1,0,0,0,0,0,0,12,24
61758,1:1:1;1:2:1;1:2:1;1:2:2,3,0,0,0,0,1,0,0,0,0,0,0,19,24
61759,1:1:1;1:2:1;1:2:1;1:2:2,3,1,0,0,0,1,0,0,0,0,0,0,19,24
61760,1:1:1;1:2:1;1:2:1;1:2:2,3,2,0,0,0,1,0,0,0,0,0,0,19,24
61761,1:1:1;1:2:1;1:2:1;1:2:2,3,3,0,0,0,1,0,0,0,0,0,0,19,24
61762,1:1:1;1:2:1;1:2:1;1:2:2,3,4,0,0,0,1,0,0,0,0,0,0,19,24
61763,1:1:1;1:2:1;1:2:1;1:2:2,3,5,0,0,0,1,0,0,0,0,0,0,19,24
61764,1:1:1;1:2:1;1:2:1;1:2:2,4,0,0,0,0,1,0,0,0,0,0,0,23,24
61765,1:1:1;1:2:1;1:2:1;1:2:2,4,1,0,0,0,1,0,0,0,0,0,0,23,24
61766,1:1:1;1:2:1;1:2:1;1:2:2,4,2,0,0,0,1,0,0,0,0,0,0,23,24
61767,1:1:1;1:2:1;1:2:1;1:2:2,4,3,0,0,0,1,0,0,0,0,0,0,23,24
61768,1:1:1;1:2:1;1:2:1;1:2:2,4,4,0,0,0,1,0,0,0,0,0,0,23,24
61769,1:1:1;1:2:1;1:2:1;1:2:2,4,5,0,0,0,1,0,0,0,0,0,0,23,24
61770,1:1:1;1:2:1;1:2:1;1:2:2,5,0,1,1,1,0,1,1,1,1,1,5,6,1
61771,1:1:1;1:2:1;1:2:1;1:2:2,5,1,1,1,1,0,1,1,1,1,1,5,6,1
61772,1:1:1;1:2:1;1:2:1;1:2:2,5,2,1,1,1,0,1,1,1,1,1,5,6,1
61773,1:1:1;1:2:1;1:2:1;1:2:2,5,3,1,1,1,0,1,1,1,1,1,5,6,1
61774,1:1:1;1:2:1;1:2:1;1:2:2,5,4,1,1,1,0,1,1,1,1,1,5,6,1
61775,1:1:1;1:2:1;1:2:1;1:2:2,5,5,1,1,1,0,1,1,1,1,1,5,6,1
61776,1:1:1;1:2:1;1:2:1;1:3:2,0,0,0,0,0,1,0,0,0,0,0,0,1,24
61777,1:1:1;1:2:1;1:2:1;1:3:2,0,1,0,0,0,1,0,0,0,0,0,0,1,24
61778,1:1:1;1:2:1;1:2:1;1:3:2,0,2,0,0,0,1,0,0,0,0,0,0,1,24
61779,1:1:1;1:2:1;1:2:1;1:3:2,0,3,0,0,0,1,0,0,0,0,0,0,1,24
61780,1:1:1;1:2:1;1:2:1;1:3:2,0,4,0,0,0,1,0,0,0,0,0,0,1,24
61781,1:1:1;1:2:1;1:2:1;1:3:2,0,5,0,0,0,1,0,0,0,0,0,0,1,24
61782,1:1:1;1:2:1;1:2:1;1:3:2,1,0,0,0,0,1,0,0,0,0,0,0,5,24
61783,1:1:1;1:2:1;1:2:1;1:3:2,1,1,0,0,0,1,0,0,0,0,0,0,5,24
61784,1:1:1;1:2:1;1:2:1;1:3:2,1,2,0,0,0,1,0,0,0,0,0,0,5,24
61785,1:1:1;1:2:1;1:2:1;1:3:2,1,3,0,0,0,1,0,0,0,0,0,0,5,24
61786,1:1:1;1:2:1;1:2:1;1:3:2,1,4,0,0,0,1,0,0,0,0,0,0,5,24
61787,1:1:1;1:2:1;1:2:1;1:3:2,1,5,0,0,0,1,0,0,0,0,0,0,5,24
61788,1:1:1;1:2:1;1:2:1;1:3:2,2,0,0,0,0,1,0,0,0,0,0,0,12,24
61789,1:1:1;1:2:1;1:2:1;1:3:2,2,1,0,0,0,1,0,0,0,0,0,0,12,24
61790,1:1:1;1:2:1;1:2:1;1:3:2,2,2,0,0,0,1,0,0,0,0,0,0,12,24
61791,1:1:1;1:2:1;1:2:1;1:3:2,2,3,0,0,0,1,0,0,0,0,0,0,12,24
61792,1:1:1;1:2:1;1:2:1;1:3:2,2,4,0,0,0,1,0,0,0,0,0,0,12,24
61793,1:1:1;1:2:1;1:2:1;1:3:2,2,5,0,0,0,1,0,0,0,0,0,0,12,24
61794,1:1:1;1:2:1;1:2:1;1:3:2,3,0,0,0,0,1,0,0,0,0,0,0,19,24
61795,1:1:1;1:2:1;1:2:1;1:3:2,3,1,0,0,0,1,0,0,0,0,0,0,19,24
61796,1:1:1;1:2:1;1:2:1;1:3:2,3,2,0,0,0,1,0,0,0,0,0,0,19,24
61797,1:1:1;1:2:1;1:2:1;1:3:2,3,3,0,0,0,1,0,0,0,0,0,0,19,24
61798,1:1:1;1:2:1;1:2:1;1:3:2,3,4,0,0,0,1,0,0,0,0,0,0,19,24
61799,1:1:1;1:2:1;1:2:1;1:3:2,3,5,0,0,0,1,0,0,0,0,0,0,19,24
61800,1:1:1;1:2:1;1:2:1;1:3:2,4,0,0,0,0,1,0,0,0,0,0,0,23,24
61801,1:1:1;1:2:1;1:2:1;1:3:2,4,1,0,0,0,1,0,0,0,0,0,0,23,24
61802,1:1:1;1:2:1;1:2:1;1:3:2,4,2,0,0,0,1,0,0,0,0,0,0,23,24
61803,1:1:1;1:2:1;1:2:1;1:3:2,4,3,0,0,0,1,0,0,0,0,0,0,23,24
61804,1:1:1;1:2:1;1:2:1;1:3:2,4,4,0,0,0,1,0,0,0,0,0,0,23,24
61805,1:1:1;1:2:1;1:2:1;1:3:2,4,5,0,0,0,1,0,0,0,0,0,0,23,24
61806,1:1:1;1:2:1;1:2:1;1:3:2,5,0,1,1,1,0,1,1,1,1,1,5,6,1
61807,1:1:1;1:2:1;1:2:1;1:3:2,5,1,1,1,1,0,1,1,1,1,1,5,6,1
61808,1:1:1;1:2:1;1:2:1;1:3:2,5,2,1,1,1,0,1,1,1,1,1,5,6,1
61809,1:1:1;1:2:1;1:2:1;1:3:2,5,3,1,1,1,0,1,1,1,1,1,5,6,1
61810,1:1:1;1:2:1;1:2:1;1:3:2,5,4,1,1,1,0,1,1,1,1,1,5,6,1
61811,1:1:1;1:2:1;1:2:1;1:3:2,5,5,1,1,1,0,1,1,1,1,1,5,6,1
61812,1:1:1;1:2:1;1:2:1;1:3:3,0,0,0,0,0,1,0,0,0,0,0,0,1,24
61813,1:1:1;1:2:1;1:2:1;1:3:3,0,1,0,0,0,1,0,0,0,0,0,0,1,24
61814,1:1:1;1:2:1;1:2:1;1:3:3,0,2,0,0,0,1,0,0,0,0,0,0,1,24
61815,1:1:1;1:2:1;1:2:1;1:3:3,0,3,0,0,0,1,0,0,0,0,0,0,1,24
61816,1:1:1;1:2:1;1:2:1;1:3:3,0,4,0,0,0,1,0,0,0,0,0,0,1,24
61817,1:1:1;1:2:1;1:2:1;1:3:3,0,5,0,0,0,1,0,0,0,0,0,0,1,24
61818,1:1:1;1:2:1;1:2:1;1:3:3,1,0,0,0,0,1,0,0,0,0,0,0,5,24
61819,1:1:1;1:2:1;1:2:1;1:3:3,1,1,0,0,0,1,0,0,0,0,0,0,5,24
61820,1:1:1;1:2:1;1:2:1;1:3:3,1,2,0,0,0,1,0,0,0,0,0,0,5,24
61821,1:1:1;1:2:1;1:2:1;1:3:3,1,3,0,0,0,1,0,0,0,0,0,0,5,24
61822,1:1:1;1:2:1;1:2:1;1:3:3,1,4,0,0,0,1,0,0,0,0,0,0,5,24
61823,1:1:1;1:2:1;1:2:1;1:3:3,1,5,0,0,0,1,0,0,0,0,0,0,5,24
61824,1:1:1;1:2:1;1:2:1;1:3:3,2,0,0,0,0,1,0,0,0,0,0,0,12,24
61825,1:1:1;1:2:1;1:2:1;1:3:3,2,1,0,0,0,1,0,0,0,0,0,0,12,24
61826,1:1:1;1:2:1;1:2:1;1:3:3,2,2,0,0,0,1,0,0,0,0,0,0,12,24
61827,1:1:1;1:2:1;1:2:1;1:3:3,2,3,0,0,0,1,0,0,0,0,0,0,12,24
61828,1:1:1;1:2:1;1:2:1;1:3:3,2,4,0,0,0,1,0,0,0,0,0,0,12,24
61829,1:1:1;1:2:1;1:2:1;1:3:3,2,5,0,0,0,1,0,0,0,0,0,0,12,24
61830,1:1:1;1:2:1;1:2:1;1:3:3,3,0,0,0,0,1,0,0,0,0,0,0,20,24
61831,1:1:1;1:2:1;1:2:1;1:3:3,3,1,0,0,0,1,0,0,0,0,0,0,20,24
61832,1:1:1;1:2:1;1:2:1;1:3:3,3,2,0,0,0,1,0,0,0,0,0,0,20,24
61833,1:1:1;1:2:1;1:2:1;1:3:3,3,3,0,0,0,1,0,0,0,0,0,0,20,24
61834,1:1:1;1:2:1;1:2:1;1:3:3,3,4,0,0,0,1,0,0,0,0,0,0,20,24
61835,1:1:1;1:2:1;1:2:1;1:3:3,3,5,0,0,0,1,0,0,0,0,0,0,20,24
61836,1:1:1;1:2:1;1:2:1;1:3:3,4,0,0,0,0,1,0,0,0,0,0,0,27,24
61837,1:1:1;1:2:1;1:2:1;1:3:3,4,1,0,0,0,1,0,0,0,0,0,0,27,24
61838,1:1:1;1:2:1;1:2:1;1:3:3,4,2,0,0,0,1,0,0,0,0,0,0,27,24
61839,1:1:1;1:2:1;1:2:1;1:3:3,4,3,0,0,0,1,0,0,0,0,0,0,27,24
61840,1:1:1;1:2:1;1:2:1;1:3:3,4,4,0,0,0,1,0,0,0,0,0,0,27,24
61841,1:1:1;1:2:1;1:2:1;1:3:3,4,5,0,0,0,1,0,0,0,0,0,0,27,24
61842,1:1:1;1:2:1;1:2:1;1:3:3,5,0,0,0,0,1,0,0,0,0,0,0,31,24
61843,1:1:1;1:2:1;1:2:1;1:3:3,5,1,0,0,0,1,0,0,0,0,0,0,31,24
61844,1:1:1;1:2:1;1:2:1;1:3:3,5,2,0,0,0,1,0,0,0,0,0,0,31,24
61845,1:1:1;1:2:1;1:2:1;1:3:3,5,3,0,0,0,1,0,0,0,0,0,0,31,24
61846,1:1:1;1:2:1;1:2:1;1:3:3,5,4,0,0,0,1,0,0,0,0,0,0,31,24
61847,1:1:1;1:2:1;1:2:1;1:3:3,5,5,0,0,0,1,0,0,0,0,0,0,31,24
61848,1:1:1;1:2:1;1:2:1;1:4:3,0,0,0,0,0,1,0,0,0,0,0,0,1,24
61849,1:1:1;1:2:1;1:2:1;1:4:3,0,1,0,0,0,1,0,0,0,0,0,0,1,24
61850,1:1:1;1:2:1;1:2:1;1:4:3,0,2,0,0,0,1,0,0,0,0,0,0,1,24
61851,1:1:1;1:2:1;1:2:1;1:4:3,0,3,0,0,0,1,0,0,0,0,0,0,1,24
61852,1:1:1;1:2:1;1:2:1;1:4:3,0,4,0,0,0,1,0,0,0,0,0,0,1,24
61853,1:1:1;1:2:1;1:2:1;1:4:3,0,5,0,0,0,1,0,0,0,0,0,0,1,24
61854,1:1:1;1:2:1;1:2:1;1:4:3,1,0,0,0,0,1,0,0,0,0,0,0,5,24
61855,1:1:1;1:2:1;1:2:1;1:4:3,1,1,0,0,0,1,0,0,0,0,0,0,5,24
61856,1:1:1;1:2:1;1:2:1;1:4:3,1,2,0,0,0,1,0,0,0,0,0,0,5,24
61857,1:1:1;1:2:1;1:2:1;1:4:3,1,3,0,0,0,1,0,0,0,0,0,0,5,24
61858,1:1:1;1:2:1;1:2:1;1:4:3,1,4,0,0,0,1,0,0,0,0,0,0,5,24
61859,1:1:1;1:2:1;1:2:1;1:4:3,1,5,0,0,0,1,0,0,0,0,0,0,5,24
61860,1:1:1;1:2:1;1:2:1;1:4:3,2,0,0,0,0,1,0,0,0,0,0,0,12,24
61861,1:1:1;1:2:1;1:2:1;1:4:3,2,1,0,0,0,1,0,0,0,0,0,0,12,24
61862,1:1:1;1:2:1;1:2:1;1:4:3,2,2,0,0,0,1,0,0,0,0,0,0,12,24
61863,1:1:1;1:2:1;1:2:1;1:4:3,2,3,0,0,0,1,0,0,0,0,0,0,12,24
61864,1:1:1;1:2:1;1:2:1;1:4:3,2,4,0,0,0,1,0,0,0,0,0,0,12,24
61865,1:1:1;1:2:1;1:2:1;1:4:3,2,5,0,0,0,1,0,0,0,0,0,0,12,24
61866,1:1:1;1:2:1;1:2:1;1:4:3,3,0,0,0,0,1,0,0,0,0,0,0,20,24
61867,1:1:1;1:2:1;1:2:1;1:4:3,3,1,0,0,0,1,0,0,0,0,0,0,20,24
61868,1:1:1;1:2:1;1:2:1;1:4:3,3,2,0,0,0,1,0,0,0,0,0,0,20,24
61869,1:1:1;1:2:1;1:2:1;1:4:3,3,3,0,0,0,1,0,0,0,0,0,0,20,24
61870,1:1:1;1:2:1;1:2:1;1:4:3,3,4,0,0,0,1,0,0,0,0,0,0,20,24
61871,1:1:1;1:2:1;1:2:1;1:4:3,3,5,0,0,0,1,0,0,0,0,0,0,20,24
61872,1:1:1;1:2:1;1:2:1;1:4:3,4,0,0,0,0,1,0,0,0,0,0,0,27,24
61873,1:1:1;1:2:1;1:2:1;1:4:3,4,1,0,0,0,1,0,0,0,0,0,0,27,24
61874,1:1:1;1:2:1;1:2:1;1:4:3,4,2,0,0,0,1,0,0,0,0,0,0,27,24
61875,1:1:1;1:2:1;1:2:1;1:4:3,4,3,0,0,0,1,0,0,0,0,0,0,27,24
61876,1:1:1;1:2:1;1:2:1;1:4:3,4,4,0,0,0,1,0,0,0,0,0,0,27,24
61877,1:1:1;1:2:1;1:2:1;1:4:3,4,5,0,0,0,1,0,0,0,0,0,0,27,24
61878,1:1:1;1:2:1;1:2:1;1:4:3,5,0,0,0,0,1,0,0,0,0,0,0,31,24
61879,1:1:1;1:2:1;1:2:1;1:4:3,5,1,0,0,0,1,0,0,0,0,0,0,31,24
61880,1:1:1;1:2:1;1:2:1;1:4:3,5,2,0,0,0,1,0,0,0,0,0,0,31,24
61881,1:1:1;1:2:1;1:2:1;1:4:3,5,3,0,0,0,1,0,0,0,0,0,0,31,24
61882,1:1:1;1:2:1;1:2:1;1:4:3,5,4,0,0,0,1,0,0,0,0,0,0,31,24
61883,1:1:1;1:2:1;1:2:1;1:4:3,5,5,0,0,0,1,0,0,0,0,0,0,31,24
61884,1:1:1;1:2:1;1:2:2;1:2:2,0,0,0,0,0,1,0,0,0,0,0,0,1,24
61885,1:1:1;1:2:1;1:2:2;1:2:2,0,1,0,0,0,1,0,0,0,0,0,0,1,24
61886,1:1:1;1:2:1;1:2:2;1:2:2,0,2,0,0,0,1,0,0,0,0,0,0,1,24
61887,1:1:1;1:2:1;1:2:2;1:2:2,0,3,0,0,0,1,0,0,0,0,0,0,1,24
61888,1:1:1;1:2:1;1:2:2;1:2:2,0,4,0,0,0,1,0,0,0,0,0,0,1,24
61889,1:1:1;1:2:1;1:2:2;1:2:2,0,5,0,0,0,1,0,0,0,0,0,0,1,24
61890,1:1:1;1:2:1;1:2:2;1:2:2,1,0,0,0,0,1,0,0,0,0,0,0,5,24
61891,1:1:1;1:2:1;1:2:2;1:2:2,1,1,0,0,0,1,0,0,0,0,0,0,5,24
61892,1:1:1;1:2:1;1:2:2;1:2:2,1,2,0,0,0,1,0,0,0,0,0,0,5,24
61893,1:1:1;1:2:1;1:2:2;1:2:2,1,3,0,0,0,1,0,0,0,0,0,0,5,24
61894,1:1:1;1:2:1;1:2:2;1:2:2,1,4,0,0,0,1,0,0,0,0,0,0,5,24
61895,1:1:1;1:2:1;1:2:2;1:2:2,1,5,0,0,0,1,0,0,0,0,0,0,5,24
61896,1:1:1;1:2:1;1:2:2;1:2:2,2,0,0,0,0,1,0,0,0,0,0,0,13,24
61897,1:1:1;1:2:1;1:2:2;1:2:2,2,1,0,0,0,1,0,0,0,0,0,0,13,24
61898,1:1:1;1:2:1;1:2:2;1:2:2,2,2,0,0,0,1,0,0,0,0,0,0,13,24
61899,1:1:1;1:2:1;1:2:2;1:2:2,2,3,0,0,0,1,0,0,0,0,0,0,13,24
61900,1:1:1;1:2:1;1:2:2;1:2:2,2,4,0,0,0,1,0,0,0,0,0,0,13,24
61901,1:1:1;1:2:1;1:2:2;1:2:2,2,5,0,0,0,1,0,0,0,0,0,0,13,24
61902,1:1:1;1:2:1;1:2:2;1:2:2,3,0,0,0,0,1,0,0,0,0,0,0,23,24
61903,1:1:1;1:2:1;1:2:2;1:2:2,3,1,0,0,0,1,0,0,0,0,0,0,23,24
61904,1:1:1;1:2:1;1:2:2;1:2:2,3,2,0,0,0,1,0,0,0,0,0,0,23,24
61905,1:1:1;1:2:1;1:2:2;1:2:2,3,3,0,0,0,1,0,0,0,0,0,0,23,24
61906,1:1:1;1:2:1;1:2:2;1:2:2,3,4,0,0,0,1,0,0,0,0,0,0,23,24
61907,1:1:1;1:2:1;1:2:2;1:2:2,3,5,0,0,0,1,0,0,0,0,0,0,23,24
61908,1:1:1;1:2:1;1:2:2;1:2:2,4,0,0,0,0,1,0,0,0,0,0,0,31,24
61909,1:1:1;1:2:1;1:2:2;1:2:2,4,1,0,0,0,1,0,0,0,0,0,0,31,24
61910,1:1:1;1:2:1;1:2:2;1:2:2,4,2,0,0,0,1,0,0,0,0,0,0,31,24
61911,1:1:1;1:2:1;1:2:2;1:2:2,4,3,0,0,0,1,0,0,0,0,0,0,31,24
61912,1:1:1;1:2:1;1:2:2;1:2:2,4,4,0,0,0,1,0,0,0,0,0,0,31,24
61913,1:1:1;1:2:1;1:2:2;1:2:2,4,5,0,0,0,1,0,0,0,0,0,0,31,24
61914,1:1:1;1:2:1;1:2:2;1:2:2,5,0,0,0,0,1,0,0,0,0,0,0,35,24
61915,1:1:1;1:2:1;1:2:2;1:2:2,5,1,0,0,0,1,0,0,0,0,0,0,35,24
61916,1:1:1;1:2:1;1:2:2;1:2:2,5,2,0,0,0,1,0,0,0,0,0,0,35,24
61917,1:1:1;1:2:1;1:2:2;1:2:2,5,3,0,0,0,1,0,0,0,0,0,0,35,24
61918,1:1:1;1:2:1;1:2:2;1:2:2,5,4,0,0,0,1,0,0,0,0,0,0,35,24
61919,1:1:1;1:2:1;1:2:2;1:2:2,5,5,0,0,0,1,0,0,0,0,0,0,35,24
61920,1:1:1;1:2:1;1:2:2;1:3:2,0,0,0,0,0,1,0,0,0,0,0,0,1,24
61921,1:1:1;1:2:1;1:2:2;1:3:2,0,1,0,0,0,1,0,0,0,0,0,0,1,24
61922,1:1:1;1:2:1;1:2:2;1:3:2,0,2,0,0,0,1,0,0,0,0,0,0,1,24
61923,1:1:1;1:2:1;1:2:2;1:3:2,0,3,0,0,0,1,0,0,0,0,0,0,1,24
61924,1:1:1;1:2:1;1:2:2;1:3:2,0,4,0,0,0,1,0,0,0,0,0,0,1,24
61925,1:1:1;1:2:1;1:2:2;1:3:2,0,5,0,0,0,1,0,0,0,0,0,0,1,24
61926,1:1:1;1:2:1;1:2:2;1:3:2,1,0,0,0,0,1,0,0,0,0,0,0,5,24
61927,1:1:1;1:2:1;1:2:2;1:3:2,1,1,0,0,0,1,0,0,0,0,0,0,5,24
61928,1:1:1;1:2:1;1:2:2;1:3:2,1,2,0,0,0,1,0,0,0,0,0,0,5,24
61929,1:1:1;1:2:1;1:2:2;1:3:2,1,3,0,0,0,1,0,0,0,0,0,0,5,24
61930,1:1:1;1:2:1;1:2:2;1:3:2,1,4,0,0,0,1,0,0,0,0,0,0,5,24
61931,1:1:1;1:2:1;1:2:2;1:3:2,1,5,0,0,0,1,0,0,0,0,0,0,5,24
61932,1:1:1;1:2:1;1:2:2;1:3:2,2,0,0,0,0,1,0,0,0,0,0,0,13,24
61933,1:1:1;1:2:1;1:2:2;1:3:2,2,1,0,0,0,1,0,0,0,0,0,0,13,24
61934,1:1:1;1:2:1;1:2:2;1:3:2,2,2,0,0,0,1,0,0,0,0,0,0,13,24
61935,1:1:1;1:2:1;1:2:2;1:3:2,2,3,0,0,0,1,0,0,0,0,0,0,13,24
61936,1:1:1;1:2:1;1:2:2;1:3:2,2,4,0,0,0,1,0,0,0,0,0,0,13,24
61937,1:1:1;1:2:1;1:2:2;1:3:2,2,5,0,0,0,1,0,0,0,0,0,0,13,24
61938,1:1:1;1:2:1;1:2:2;1:3:2,3,0,0,0,0,1,0,0,0,0,0,0,23,24
61939,1:1:1;1:2:1;1:2:2;1:3:2,3,1,0,0,0,1,0,0,0,0,0,0,23,24
61940,1:1:1;1:2:1;1:2:2;1:3:2,3,2,0,0,0,1,0,0,0,0,0,0,23,24
61941,1:1:1;1:2:1;1:2:2;1:3:2,3,3,0,0,0,1,0,0,0,0,0,0,23,24
61942,1:1:1;1:2:1;1:2:2;1:3:2,3,4,0,0,0,1,0,0,0,0,0,0,23,24
61943,1:1:1;1:2:1;1:2:2;1:3:2,3,5,0,0,0,1,0,0,0,0,0,0,23,24
61944,1:1:1;1:2:1;1:2:2;1:3:2,4,0,0,0,0,1,0,0,0,0,0,0,31,24
61945,1:1:1;1:2:1;1:2:2;1:3:2,4,1,0,0,0,1,0,0,0,0,0,0,31,24
61946,1:1:1;1:2:1;1:2:2;1:3:2,4,2,0,0,0,1,0,0,0,0,0,0,31,24
61947,1:1:1;1:2:1;1:2:2;1:3:2,4,3,0,0,0,1,0,0,0,0,0,0,31,24
61948,1:1:1;1:2:1;1:2:2;1:3:2,4,4,0,0,0,1,0,0,0,0,0,0,31,24
61949,1:1:1;1:2:1;1:2:2;1:3:2,4,5,0,0,0,1,0,0,0,0,0,0,31,24
61950,1:1:1;1:2:1;1:2:2;1:3:2,5,0,0,0,0,1,0,0,0,0,0,0,35,24
61951,1:1:1;1:2:1;1:2:2;1:3:2,5,1,0,0,0,1,0,0,0,0,0,0,35,24
61952,1:1:1;1:2:1;1:2:2;1:3:2,5,2,0,0,0,1,0,0,0,0,0,0,35,24
61953,1:1:1;1:2:1;1:2:2;1:3:2,5,3,0,0,0,1,0,0,0,0,0,0,35,24
61954,1:1:1;1:2:1;1:2:2;1:3:2,5,4,0,0,0,1,0,0,0,0,0,0,35,24
61955,1:1:1;1:2:1;1:2:2;1:3:2,5,5,0,0,0,1,0,0,0,0,0,0,35,24
61956,1:1:1;1:2:1;1:2:2;1:3:3,0,0,0,0,0,1,0,0,0,0,0,0,1,24
61957,1:1:1;1:2:1;1:2:2;1:3:3,0,1,0,0,0,1,0,0,0,0,0,0,1,24
61958,1:1:1;1:2:1;1:2:2;1:3:3,0,2,0,0,0,1,0,0,0,0,0,0,1,24
61959,1:1:1;1:2:1;1:2:2;1:3:3,0,3,0,0,0,1,0,0,0,0,0,0,1,24
61960,1:1:1;1:2:1;1:2:2;1:3:3,0,4,0,0,0,1,0,0,0,0,0,0,1,24
61961,1:1:1;1:2:1;1:2:2;1:3:3,0,5,0,0,0,1,0,0,0,0,0,0,1,24
61962,1:1:1;1:2:1;1:2:2;1:3:3,1,0,0,0,0,1,0,0,0,0,0,0,5,24
61963,1:1:1;1:2:1;1:2:2;1:3:3,1,1,0,0,0,1,0,0,0,0,0,0,5,24
61964,1:1:1;1:2:1;1:2:2;1:3:3,1,2,0,0,0,1,0,0,0,0,0,0,5,24
61965,1:1:1;1:2:1;1:2:2;1:3:3,1,3,0,0,0,1,0,0,0,0,0,0,5,24
61966,1:1:1;1:2:1;1:2:2;1:3:3,1,4,0,0,0,1,0,0,0,0,0,0,5,24
61967,1:1:1;1:2:1;1:2:2;1:3:3,1,5,0,0,0,1,0,0,0,0,0,0,5,24
61968,1:1:1;1:2:1;1:2:2;1:3:3,2,0,0,0,0,1,0,0,0,0,0,0,13,24
61969,1:1:1;1:2:1;1:2:2;1:3:3,2,1,0,0,0,1,0,0,0,0,0,0,13,24
61970,1:1:1;1:2:1;1:2:2;1:3:3,2,2,0,0,0,1,0,0,0,0,0,0,13,24
61971,1:1:1;1:2:1;1:2:2;1:3:3,2,3,0,0,0,1,0,0,0,0,0,0,13,24
61972,1:1:1;1:2:1;1:2:2;1:3:3,2,4,0,0,0,1,0,0,0,0,0,0,13,24
61973,1:1:1;1:2:1;1:2:2;1:3:3,2,5,0,0,0,1,0,0,0,0,0,0,13,24
61974,1:1:1;1:2:1;1:2:2;1:3:3,3,0,0,0,0,1,0,0,0,0,0,0,24,24
61975,1:1:1;1:2:1;1:2:2;1:3:3,3,1,0,0,0,1,0,0,0,0,0,0,24,24
61976,1:1:1;1:2:1;1:2:2;1:3:3,3,2,0,0,0,1,0,0,0,0,0,0,24,24
61977,1:1:1;1:2:1;1:2:2;1:3:3,3,3,0,0,0,1,0,0,0,0,0,0,24,24
61978,1:1:1;1:2:1;1:2:2;1:3:3,3,4,0,0,0,1,0,0,0,0,0,0,24,24
61979,1:1:1;1:2:1;1:2:2;1:3:3,3,5,0,0,0,1,0,0,0,0,0,0,24,24
61980,1:1:1;1:2:1;1:2:2;1:3:3,4,0,0,0,0,1,0,0,0,0,0,0,35,24
61981,1:1:1;1:2:1;1:2:2;1:3:3,4,1,0,0,0,1,0,0,0,0,0,0,35,24
61982,1:1:1;1:2:1;1:2:2;1:3:3,4,2,0,0,0,1,0,0,0,0,0,0,35,24
61983,1:1:1;1:2:1;1:2:2;1:3:3,4,3,0,0,0,1,0,0,0,0,0,0,35,24
61984,1:1:1;1:2:1;1:2:2;1:3:3,4,4,0,0,0,1,0,0,0,0,0,0,35,24
61985,1:1:1;1:2:1;1:2:2;1:3:3,4,5,0,0,0,1,0,0,0,0,0,0,35,24
61986,1:1:1;1:2:1;1:2:2;1:3:3,5,0,0,0,0,1,0,0,0,0,0,0,43,24
61987,1:1:1;1:2:1;1:2:2;1:3:3,5,1,0,0,0,1,0,0,0,0,0,0,43,24
61988,1:1:1;1:2:1;1:2:2;1:3:3,5,2,0,0,0,1,0,0,0,0,0,0,43,24
61989,1:1:1;1:2:1;1:2:2;1:3:3,5,3,0,0,0,1,0,0,0,0,0,0,43,24
61990,1:1:1;1:2:1;1:2:2;1:3:3,5,4,0,0,0,1,0,0,0,0,0,0,43,24
61991,1:1:1;1:2:1;1:2:2;1:3:3,5,5,0,0,0,1,0,0,0,0,0,0,43,24
61992,1:1:1;1:2:1;1:2:2;1:4:3,0,0,0,0,0,1,0,0,0,0,0,0,1,24
61993,1:1:1;1:2:1;1:2:2;1:4:3,0,1,0,0,0,1,0,0,0,0,0,0,1,24
61994,1:1:1;1:2:1;1:2:2;1:4:3,0,2,0,0,0,1,0,0,0,0,0,0,1,24
61995,1:1:1;1:2:1;1:2:2;1:4:3,0,3,0,0,0,1,0,0,0,0,0,0,1,24
61996,1:1:1;1:2:1;1:2:2;1:4:3,0,4,0,0,0,1,0,0,0,0,0,0,1,24
61997,1:1:1;1:2:1;1:2:2;1:4:3,0,5,0,0,0,1,0,0,0,0,0,0,1,24
61998,1:1:1;1:2:1;1:2:2;1:4:3,1,0,0,0,0,1,0,0,0,0,0,0,5,24
61999,1:1:1;1:2:1;1:2:2;1:4:3,1,1,0,0,0,1,0,0,0,0,0,0,5,24
62000,1:1:1;1:2:1;1:2:2;1:4:3,1,2,0,0,0,1,0,0,0,0,0,0,5,24
62001,1:1:1;1:2:1;1:2:2;1:4:3,1,3,0,0,0,1,0,0,0,0,0,0,5,24
62002,1:1:1;1:2:1;1:2:2;1:4:3,1,4,0,0,0,1,0,0,0,0,0,0,5,24
62003,1:1:1;1:2:1;1:2:2;1:4:3,1,5,0,0,0,1,0,0,0,0,0,0,5,24
62004,1:1:1;1:2:1;1:2:2;1:4:3,2,0,0,0,0,1,0,0,0,0,0,0,13,24
62005,1:1:1;1:2:1;1:2:2;1:4:3,2,1,0,0,0,1,0,0,0,0,0,0,13,24
62006,1:1:1;1:2:1;1:2:2;1:4:3,2,2,0,0,0,1,0,0,0,0,0,0,13,24
62007,1:1:1;1:2:1;1:2:2;1:4:3,2,3,0,0,0,1,0,0,0,0,0,0,13,24
62008,1:1:1;1:2:1;1:2:2;1:4:3,2,4,0,0,0,1,0,0,0,0,0,0,13,24
62009,1:1:1;1:2:1;1:2:2;1:4:3,2,5,0,0,0,1,0,0,0,0,0,0,13,24
62010,1:1:1;1:2:1;1:2:2;1:4:3,3,0,0,0,0,1,0,0,0,0,0,0,24,24
62011,1:1:1;1:2:1;1:2:2;1:4:3,3,1,0,0,0,1,0,0,0,0,0,0,24,24
62012,1:1:1;1:2:1;1:2:2;1:4:3,3,2,0,0,0,1,0,0,0,0,0,0,24,24
62013,1:1:1;1:2:1;1:2:2;1:4:3,3,3,0,0,0,1,0,0,0,0,0,0,24,24
62014,1:1:1;1:2:1;1:2:2;1:4:3,3,4,0,0,0,1,0,0,0,0,0,0,24,24
62015,1:1:1;1:2:1;1:2:2;1:4:3,3,5,0,0,0,1,0,0,0,0,0,0,24,24
62016,1:1:1;1:2:1;1:2:2;1:4:3,4,0,0,0,0,1,0,0,0,0,0,0,35,24
62017,1:1:1;1:2:1;1:2:2;1:4:3,4,1,0,0,0,1,0,0,0,0,0,0,35,24
62018,1:1:1;1:2:1;1:2:2;1:4:3,4,2,0,0,0,1,0,0,0,0,0,0,35,24
62019,1:1:1;1:2:1;1:2:2;1:4:3,4,3,0,0,0,1,0,0,0,0,0,0,35,24
62020,1:1:1;1:2:1;1:2:2;1:4:3,4,4,0,0,0,1,0,0,0,0,0,0,35,24
62021,1:1:1;1:2:1;1:2:2;1:4:3,4,5,0,0,0,1,0,0,0,0,0,0,35,24
62022,1:1:1;1:2:1;1:2:2;1:4:3,5,0,0,0,0,1,0,0,0,0,0,0,43,24
62023,1:1:1;1:2:1;1:2:2;1:4:3,5,1,0,0,0,1,0,0,0,0,0,0,43,24
62024,1:1:1;1:2:1;1:2:2;1:4:3,5,2,0,0,0,1,0,0,0,0,0,0,43,24
62025,1:1:1;1:2:1;1:2:2;1:4:3,5,3,0,0,0,1,0,0,0,0,0,0,43,24
62026,1:1:1;1:2:1;1:2:2;1:4:3,5,4,0,0,0,1,0,0,0,0,0,0,43,24
62027,1:1:1;1:2:1;1:2:2;1:4:3,5,5,0,0,0,1,0,0,0,0,0,0,43,24
62028,1:1:1;1:2:1;1:3:2;1:3:2,0,0,0,0,0,1,0,0,0,0,0,0,1,24
62029,1:1:1;1:2:1;1:3:2;1:3:2,0,1,0,0,0,1,0,0,0,0,0,0,1,24
62030,1:1:1;1:2:1;1:3:2;1:3:2,0,2,0,0,0,1,0,0,0,0,0,0,1,24
62031,1:1:1;1:2:1;1:3:2;1:3:2,0,3,0,0,0,1,0,0,0,0,0,0,1,24
62032,1:1:1;1:2:1;1:3:2;1:3:2,0,4,0,0,0,1,0,0,0,0,0,0,1,24
62033,1:1:1;1:2:1;1:3:2;1:3:2,0,5,0,0,0,1,0,0,0,0,0,0,1,24
62034,1:1:1;1:2:1;1:3:2;1:3:2,1,0,0,0,0,1,0,0,0,0,0,0,5,24
62035,1:1:1;1:2:1;1:3:2;1:3:2,1,1,0,0,0,1,0,0,0,0,0,0,5,24
62036,1:1:1;1:2:1;1:3:2;1:3:2,1,2,0,0,0,1,0,0,0,0,0,0,5,24
62037,1:1:1;1:2:1;1:3:2;1:3:2,1,3,0,0,0,1,0,0,0,0,0,0,5,24
62038,1:1:1;1:2:1;1:3:2;1:3:2,1,4,0,0,0,1,0,0,0,0,0,0,5,24
62039,1:1:1;1:2:1;1:3:2;1:3:2,1,5,0,0,0,1,0,0,0,0,0,0,5,24
62040,1:1:1;1:2:1;1:3:2;1:3:2,2,0,0,0,0,1,0,0,0,0,0,0,13,24
62041,1:1:1;1:2:1;1:3:2;1:3:2,2,1,0,0,0,1,0,0,0,0,0,0,13,24
62042,1:1:1;1:2:1;1:3:2;1:3:2,2,2,0,0,0,1,0,0,0,0,0,0,13,24
62043,1:1:1;1:2:1;1:3:2;1:3:2,2,3,0,0,0,1,0,0,0,0,0,0,13,24
62044,1:1:1;1:2:1;1:3:2;1:3:2,2,4,0,0,0,1,0,0,0,0,0,0,13,24
62045,1:1:1;1:2:1;1:3:2;1:3:2,2,5,0,0,0,1,0,0,0,0,0,0,13,24
62046,1:1:1;1:2:1;1:3:2;1:3:2,3,0,0,0,0,1,0,0,0,0,0,0,23,24
62047,1:1:1;1:2:1;1:3:2;1:3:2,3,1,0,0,0,1,0,0,0,0,0,0,23,24
62048,1:1:1;1:2:1;1:3:2;1:3:2,3,2,0,0,0,1,0,0,0,0,0,0,23,24
62049,1:1:1;1:2:1;1:3:2;1:3:2,3,3,0,0,0,1,0,0,0,0,0,0,23,24
62050,1:1:1;1:2:1;1:3:2;1:3:2,3,4,0,0,0,1,0,0,0,0,0,0,23,24
62051,1:1:1;1:2:1;1:3:2;1:3:2,3,5,0,0,0,1,0,0,0,0,0,0,23,24
62052,1:1:1;1:2:1;1:3:2;1:3:2,4,0,0,0,0,1,0,0,0,0,0,0,31,24
62053,1:1:1;1:2:1;1:3:2;1:3:2,4,1,0,0,0,1,0,0,0,0,0,0,31,24
62054,1:1:1;1:2:1;1:3:2;1:3:2,4,2,0,0,0,1,0,0,0,0,0,0,31,24
62055,1:1:1;1:2:1;1:3:2;1:3:2,4,3,0,0,0,1,0,0,0,0,0,0,31,24
62056,1:1:1;1:2:1;1:3:2;1:3:2,4,4,0,0,0,1,0,0,0,0,0,0,31,24
62057,1:1:1;1:2:1;1:3:2;1:3:2,4,5,0,0,0,1,0,0,0,0,0,0,31,24
62058,1:1:1;1:2:1;1:3:2;1:3:2,5,0,0,0,0,1,0,0,0,0,0,0,35,24
62059,1:1:1;1:2:1;1:3:2;1:3:2,5,1,0,0,0,1,0,0,0,0,0,0,35,24
62060,1:1:1;1:2:1;1:3:2;1:3:2,5,2,0,0,0,1,0,0,0,0,0,0,35,24
62061,1:1:1;1:2:1;1:3:2;1:3:2,5,3,0,0,0,1,0,0,0,0,0,0,35,24
62062,1:1:1;1:2:1;1:3:2;1:3:2,5,4,0,0,0,1,0,0,0,0,0,0,35,24
62063,1:1:1;1:2:1;1:3:2;1:3:2,5,5,0,0,0,1,0,0,0,0,0,0,35,24
62064,1:1:1;1:2:1;1:3:2;1:3:3,0,0,0,0,0,1,0,0,0,0,0,0,1,24
62065,1:1:1;1:2:1;1:3:2;1:3:3,0,1,0,0,0,1,0,0,0,0,0,0,1,24
62066,1:1:1;1:2:1;1:3:2;1:3:3,0,2,0,0,0,1,0,0,0,0,0,0,1,24
62067,1:1:1;1:2:1;1:3:2;1:3:3,0,3,0,0,0,1,0,0,0,0,0,0,1,24
62068,1:1:1;1:2:1;1:3:2;1:3:3,0,4,0,0,0,1,0,0,0,0,0,0,1,24
62069,1:1:1;1:2:1;1:3:2;1:3:3,0,5,0,0,0,1,0,0,0,0,0,0,1,24
62070,1:1:1;1:2:1;1:3:2;1:3:3,1,0,0,0,0,1,0,0,0,0,0,0,5,24
62071,1:1:1;1:2:1;1:3:2;1:3:3,1,1,0,0,0,1,0,0,0,0,0,0,5,24
62072,1:1:1;1:2:1;1:3:2;1:3:3,1,2,0,0,0,1,0,0,0,0,0,0,5,24
62073,1:1:1;1:2:1;1:3:2;1:3:3,1,3,0,0,0,1,0,0,0,0,0,0,5,24
62074,1:1:1;1:2:1;1:3:2;1:3:3,1,4,0,0,0,1,0,0,0,0,0,0,5,24
62075,1:1:1;1:2:1;1:3:2;1:3:3,1,5,0,0,0,1,0,0,0,0,0,0,5,24
62076,1:1:1;1:2:1;1:3:2;1:3:3,2,0,0,0,0,1,0,0,0,0,0,0,13,24
62077,1:1:1;1:2:1;1:3:2;1:3:3,2,1,0,0,0,1,0,0,0,0,0,0,13,24
62078,1:1:1;1:2:1;1:3:2;1:3:3,2,2,0,0,0,1,0,0,0,0,0,0,13,24
62079,1:1:1;1:2:1;1:3:2;1:3:3,2,3,0,0,0,1,0,0,0,0,0,0,13,24
62080,1:1:1;1:2:1;1:3:2;1:3:3,2,4,0,0,0,1,0,0,0,0,0,0,13,24
62081,1:1:1;1:2:1;1:3:2;1:3:3,2,5,0,0,0,1,0,0,0,0,0,0,13,24
62082,1:1:1;1:2:1;1:3:2;1:3:3,3,0,0,0,0,1,0,0,0,0,0,0,24,24
62083,1:1:1;1:2:1;1:3:2;1:3:3,3,1,0,0,0,1,0,0,0,0,0,0,24,24
62084,1:1:1;1:2:1;1:3:2;1:3:3,3,2,0,0,0,1,0,0,0,0,0,0,24,24
62085,1:1:1;1:2:1;1:3:2;1:3:3,3,3,0,0,0,1,0,0,0,0,0,0,24,24
62086,1:1:1;1:2:1;1:3:2;1:3:3,3,4,0,0,0,1,0,0,0,0,0,0,24,24
62087,1:1:1;1:2:1;1:3:2;1:3:3,3,5,0,0,0,1,0,0,0,0,0,0,24,24
62088,1:1:1;1:2:1;1:3:2;1:3:3,4,0,0,0,0,1,0,0,0,0,0,0,35,24
62089,1:1:1;1:2:1;1:3:2;1:3:3,4,1,0,0,0,1,0,0,0,0,0,0,35,24
62090,1:1:1;1:2:1;1:3:2;1:3:3,4,2,0,0,0,1,0,0,0,0,0,0,35,24
62091,1:1:1;1:2:1;1:3:2;1:3:3,4,3,0,0,0,1,0,0,0,0,0,0,35,24
62092,1:1:1;1:2:1;1:3:2;1:3:3,4,4,0,0,0,1,0,0,0,0,0,0,35,24
62093,1:1:1;1:2:1;1:3:2;1:3:3,4,5,0,0,0,1,0,0,0,0,0,0,35,24
62094,1:1:1;1:2:1;1:3:2;1:3:3,5,0,0,0,0,1,0,0,0,0,0,0,43,24
62095,1:1:1;1:2:1;1:3:2;1:3:3,5,1,0,0,0,1,0,0,0,0,0,0,43,24
62096,1:1:1;1:2:1;1:3:2;1:3:3,5,2,0,0,0,1,0,0,0,0,0,0,43,24
62097,1:1:1;1:2:1;1:3:2;1:3:3,5,3,0,0,0,1,0,0,0,0,0,0,43,24
62098,1:1:1;1:2:1;1:3:2;1:3:3,5,4,0,0,0,1,0,0,0,0,0,0,43,24
62099,1:1:1;1:2:1;1:3:2;1:3:3,5,5,0,0,0,1,0,0,0,0,0,0,43,24
62100,1:1:1;1:2:1;1:3:2;1:4:3,0,0,0,0,0,1,0,0,0,0,0,0,1,24
62101,1:1:1;1:2:1;1:3:2;1:4:3,0,1,0,0,0,1,0,0,0,0,0,0,1,24
62102,1:1:1;1:2:1;1:3:2;1:4:3,0,2,0,0,0,1,0,0,0,0,0,0,1,24
62103,1:1:1;1:2:1;1:3:2;1:4:3,0,3,0,0,0,1,0,0,0,0,0,0,1,24
62104,1:1:1;1:2:1;1:3:2;1:4:3,0,4,0,0,0,1,0,0,0,0,0,0,1,24
62105,1:1:1;1:2:1;1:3:2;1:4:3,0,5,0,0,0,1,0,0,0,0,0,0,1,24
62106,1:1:1;1:2:1;1:3:2;1:4:3,1,0,0,0,0,1,0,0,0,0,0,0,5,24
62107,1:1:1;1:2:1;1:3:2;1:4:3,1,1,0,0,0,1,0,0,0,0,0,0,5,24
62108,1:1:1;1:2:1;1:3:2;1:4:3,1,2,0,0,0,1,0,0,0,0,0,0,5,24
62109,1:1:1;1:2:1;1:3:2;1:4:3,1,3,0,0,0,1,0,0,0,0,0,0,5,24
62110,1:1:1;1:2:1;1:3:2;1:4:3,1,4,0,0,0,1,0,0,0,0,0,0,5,24
62111,1:1:1;1:2:1;1:3:2;1:4:3,1,5,0,0,0,1,0,0,0,0,0,0,5,24
62112,1:1:1;1:2:1;1:3:2;1:4:3,2,0,0,0,0,1,0,0,0,0,0,0,13,24
62113,1:1:1;1:2:1;1:3:2;1:4:3,2,1,0,0,0,1,0,0,0,0,0,0,13,24
62114,1:1:1;1:2:1;1:3:2;1:4:3,2,2,0,0,0,1,0,0,0,0,0,0,13,24
62115,1:1:1;1:2:1;1:3:2;1:4:3,2,3,0,0,0,1,0,0,0,0,0,0,13,24
62116,1:1:1;1:2:1;1:3:2;1:4:3,2,4,0,0,0,1,0,0,0,0,0,0,13,24
62117,1:1:1;1:2:1;1:3:2;1:4:3,2,5,0,0,0,1,0,0,0,0,0,0,13,24
62118,1:1:1;1:2:1;1:3:2;1:4:3,3,0,0,0,0,1,0,0,0,0,0,0,24,24
62119,1:1:1;1:2:1;1:3:2;1:4:3,3,1,0,0,0,1,0,0,0,0,0,0,24,24
62120,1:1:1;1:2:1;1:3:2;1:4:3,3,2,0,0,0,1,0,0,0,0,0,0,24,24
62121,1:1:1;1:2:1;1:3:2;1:4:3,3,3,0,0,0,1,0,0,0,0,0,0,24,24
62122,1:1:1;1:2:1;1:3:2;1:4:3,3,4,0,0,0,1,0,0,0,0,0,0,24,24
62123,1:1:1;1:2:1;1:3:2;1:4:3,3,5,0,0,0,1,0,0,0,0,0,0,24,24
62124,1:1:1;1:2:1;1:3:2;1:4:3,4,0,0,0,0,1,0,0,0,0,0,0,35,24
62125,1:1:1;1:2:1;1:3:2;1:4:3,4,1,0,0,0,1,0,0,0,0,0,0,35,24
62126,1:1:1;1:2:1;1:3:2;1:4:3,4,2,0,0,0,1,0,0,0,0,0,0,35,24
62127,1:1:1;1:2:1;1:3:2;1:4:3,4,3,0,0,0,1,0,0,0,0,0,0,35,24
62128,1:1:1;1:2:1;1:3:2;1:4:3,4,4,0,0,0,1,0,0,0,0,0,0,35,24
62129,1:1:1;1:2:1;1:3:2;1:4:3,4,5,0,0,0,1,0,0,0,0,0,0,35,24
62130,1:1:1;1:2:1;1:3:2;1:4:3,5,0,0,0,0,1,0,0,0,0,0,0,43,24
62131,1:1:1;1:2:1;1:3:2;1:4:3,5,1,0,0,0,1,0,0,0,0,0,0,43,24
62132,1:1:1;1:2:1;1:3:2;1:4:3,5,2,0,0,0,1,0,0,0,0,0,0,43,24
62133,1:1:1;1:2:1;1:3:2;1:4:3,5,3,0,0,0,1,0,0,0,0,0,0,43,24
62134,1:1:1;1:2:1;1:3:2;1:4:3,5,4,0,0,0,1,0,0,0,0,0,0,43,24
62135,1:1:1;1:2:1;1:3:2;1:4:3,5,5,0,0,0,1,0,0,0,0,0,0,43,24
62136,1:1:1;1:2:1;1:3:3;1:3:3,0,0,0,0,0,1,0,0,0,0,0,0,1,24
62137,1:1:1;1:2:1;1:3:3;1:3:3,0,1,0,0,0,1,0,0,0,0,0,0,1,24
62138,1:1:1;1:2:1;1:3:3;1:3:3,0,2,0,0,0,1,0,0,0,0,0,0,1,24
62139,1:1:1;1:2:1;1:3:3;1:3:3,0,3,0,0,0,1,0,0,0,0,0,0,1,24
62140,1:1:1;1:2:1;1:3:3;1:3:3,0,4,0,0,0,1,0,0,0,0,0,0,1,24
62141,1:1:1;1:2:1;1:3:3;1:3:3,0,5,0,0,0,1,0,0,0,0,0,0,1,24
62142,1:1:1;1:2:1;1:3:3;1:3:3,1,0,0,0,0,1,0,0,0,0,0,0,5,24
62143,1:1:1;1:2:1;1:3:3;1:3:3,1,1,0,0,0,1,0,0,0,0,0,0,5,24
62144,1:1:1;1:2:1;1:3:3;1:3:3,1,2,0,0,0,1,0,0,0,0,0,0,5,24
62145,1:1:1;1:2:1;1:3:3;1:3:3,1,3,0,0,0,1,0,0,0,0,0,0,5,24
62146,1:1:1;1:2:1;1:3:3;1:3:3,1,4,0,0,0,1,0,0,0,0,0,0,5,24
62147,1:1:1;1:2:1;1:3:3;1:3:3,1,5,0,0,0,1,0,0,0,0,0,0,5,24
62148,1:1:1;1:2:1;1:3:3;1:3:3,2,0,0,0,0,1,0,0,0,0,0,0,13,24
62149,1:1:1;1:2:1;1:3:3;1:3:3,2,1,0,0,0,1,0,0,0,0,0,0,13,24
62150,1:1:1;1:2:1;1:3:3;1:3:3,2,2,0,0,0,1,0,0,0,0,0,0,13,24
62151,1:1:1;1:2:1;1:3:3;1:3:3,2,3,0,0,0,1,0,0,0,0,0,0,13,24
62152,1:1:1;1:2:1;1:3:3;1:3:3,2,4,0,0,0,1,0,0,0,0,0,0,13,24
62153,1:1:1;1:2:1;1:3:3;1:3:3,2,5,0,0,0,1,0,0,0,0,0,0,13,24
62154,1:1:1;1:2:1;1:3:3;1:3:3,3,0,0,0,0,1,0,0,0,0,0,0,25,24
62155,1:1:1;1:2:1;1:3:3;1:3:3,3,1,0,0,0,1,0,0,0,0,0,0,25,24
62156,1:1:1;1:2:1;1:3:3;1:3:3,3,2,0,0,0,1,0,0,0,0,0,0,25,24
62157,1:1:1;1:2:1;1:3:3;1:3:3,3,3,0,0,0,1,0,0,0,0,0,0,25,24
62158,1:1:1;1:2:1;1:3:3;1:3:3,3,4,0,0,0,1,0,0,0,0,0,0,25,24
62159,1:1:1;1:2:1;1:3:3;1:3:3,3,5,0,0,0,1,0,0,0,0,0,0,25,24
62160,1:1:1;1:2:1;1:3:3;1:3:3,4,0,0,0,0,1,0,0,0,0,0,0,39,24
62161,1:1:1;1:2:1;1:3:3;1:3:3,4,1,0,0,0,1,0,0,0,0,0,0,39,24
62162,1:1:1;1:2:1;1:3:3;1:3:3,4,2,0,0,0,1,0,0,0,0,0,0,39,24
62163,1:1:1;1:2:1;1:3:3;1:3:3,4,3,0,0,0,1,0,0,0,0,0,0,39,24
62164,1:1:1;1:2:1;1:3:3;1:3:3,4,4,0,0,0,1,0,0,0,0,0,0,39,24
62165,1:1:1;1:2:1;1:3:3;1:3:3,4,5,0,0,0,1,0,0,0,0,0,0,39,24
62166,1:1:1;1:2:1;1:3:3;1:3:3,5,0,0,0,0,1,0,0,0,0,0,0,51,24
62167,1:1:1;1:2:1;1:3:3;1:3:3,5,1,0,0,0,1,0,0,0,0,0,0,51,24
62168,1:1:1;1:2:1;1:3:3;1:3:3,5,2,0,0,0,1,0,0,0,0,0,0,51,24
62169,1:1:1;1:2:1;1:3:3;1:3:3,5,3,0,0,0,1,0,0,0,0,0,0,51,24
62170,1:1:1;1:2:1;1:3:3;1:3:3,5,4,0,0,0,1,0,0,0,0,0,0,51,24
62171,1:1:1;1:2:1;1:3:3;1:3:3,5,5,0,0,0,1,0,0,0,0,0,0,51,24
62172,1:1:1;1:2:1;1:3:3;1:4:3,0,0,0,0,0,1,0,0,0,0,0,0,1,24
62173,1:1:1;1:2:1;1:3:3;1:4:3,0,1,0,0,0,1,0,0,0,0,0,0,1,24
62174,1:1:1;1:2:1;1:3:3;1:4:3,0,2,0,0,0,1,0,0,0,0,0,0,1,24
62175,1:1:1;1:2:1;1:3:3;1:4:3,0,3,0,0,0,1,0,0,0,0,0,0,1,24
62176,1:1:1;1:2:1;1:3:3;1:4:3,0,4,0,0,0,1,0,0,0,0,0,0,1,24
62177,1:1:1;1:2:1;1:3:3;1:4:3,0,5,0,0,0,1,0,0,0,0,0,0,1,24
62178,1:1:1;1:2:1;1:3:3;1:4:3,1,0,0,0,0,1,0,0,0,0,0,0,5,24
62179,1:1:1;1:2:1;1:3:3;1:4:3,1,1,0,0,0,1,0,0,0,0,0,0,5,24
62180,1:1:1;1:2:1;1:3:3;1:4:3,1,2,0,0,0,1,0,0,0,0,0,0,5,24
62181,1:1:1;1:2:1;1:3:3;1:4:3,1,3,0,0,0,1,0,0,0,0,0,0,5,24
62182,1:1:1;1:2:1;1:3:3;1:4:3,1,4,0,0,0,1,0,0,0,0,0,0,5,24
62183,1:1:1;1:2:1;1:3:3;1:4:3,1,5,0,0,0,1,0,0,0,0,0,0,5,24
62184,1:1:1;1:2:1;1:3:3;1:4:3,2,0,0,0,0,1,0,0,0,0,0,0,13,24
62185,1:1:1;1:2:1;1:3:3;1:4:3,2,1,0,0,0,1,0,0,0,0,0,0,13,24
62186,1:1:1;1:2:1;1:3:3;1:4:3,2,2,0,0,0,1,0,0,0,0,0,0,13,24
62187,1:1:1;1:2:1;1:3:3;1:4:3,2,3,0,0,0,1,0,0,0,0,0,0,13,24
62188,1:1:1;1:2:1;1:3:3;1:4:3,2,4,0,0,0,1,0,0,0,0,0,0,13,24
62189,1:1:1;1:2:1;1:3:3;1:4:3,2,5,0,0,0,1,0,0,0,0,0,0,13,24
62190,1:1:1;1:2:1;1:3:3;1:4:3,3,0,0,0,0,1,0,0,0,0,0,0,25,24
62191,1:1:1;1:2:1;1:3:3;1:4:3,3,1,0,0,0,1,0,0,0,0,0,0,25,24
62192,1:1:1;1:2:1;1:3:3;1:4:3,3,2,0,0,0,1,0,0,0,0,0,0,25,24
62193,1:1:1;1:2:1;1:3:3;1:4:3,3,3,0,0,0,1,0,0,0,0,0,0,25,24
62194,1:1:1;1:2:1;1:3:3;1:4:3,3,4,0,0,0,1,0,0,0,0,0,0,25,24
62195,1:1:1;1:2:1;1:3:3;1:4:3,3,5,0,0,0,1,0,0,0,0,0,0,25,24
62196,1:1:1;1:2:1;1:3:3;1:4:3,4,0,0,0,0,1,0,0,0,0,0,0,39,24
62197,1:1:1;1:2:1;1:3:3;1:4:3,4,1,0,0,0,1,0,0,0,0,0,0,39,24
62198,1:1:1;1:2:1;1:3:3;1:4:3,4,2,0,0,0,1,0,0,0,0,0,0,39,24
62199,1:1:1;1:2:1;1:3:3;1:4:3,4,3,0,0,0,1,0,0,0,0,0,0,39,24
62200,1:1:1;1:2:1;1:3:3;1:4:3,4,4,0,0,0,1,0,0,0,0,0,0,39,24
62201,1:1:1;1:2:1;1:3:3;1:4:3,4,5,0,0,0,1,0,0,0,0,0,0,39,24
62202,1:1:1;1:2:1;1:3:3;1:4:3,5,0,0,0,0,1,0,0,0,0,0,0,51,24
62203,1:1:1;1:2:1;1:3:3;1:4:3,5,1,0,0,0,1,0,0,0,0,0,0,51,24
62204,1:1:1;1:2:1;1:3:3;1:4:3,5,2,0,0,0,1,0,0,0,0,0,0,51,24
62205,1:1:1;1:2:1;1:3:3;1:4:3,5,3,0,0,0,1,0,0,0,0,0,0,51,24
62206,1:1:1;1:2:1;1:3:3;1:4:3,5,4,0,0,0,1,0,0,0,0,0,0,51,24
62207,1:1:1;1:2:1;1:3:3;1:4:3,5,5,0,0,0,1,0,0,0,0,0,0,51,24
62208,1:1:1;1:2:1;1:4:3;1:4:3,0,0,0,0,0,1,0,0,0,0,0,0,1,24
62209,1:1:1;1:2:1;1:4:3;1:4:3,0,1,0,0,0,1,0,0,0,0,0,0,1,24
62210,1:1:1;1:2:1;1:4:3;1:4:3,0,2,0,0,0,1,0,0,0,0,0,0,1,24
62211,1:1:1;1:2:1;1:4:3;1:4:3,0,3,0,0,0,1,0,0,0,0,0,0,1,24
62212,1:1:1;1:2:1;1:4:3;1:4:3,0,4,0,0,0,1,0,0,0,0,0,0,1,24
62213,1:1:1;1:2:1;1:4:3;1:4:3,0,5,0,0,0,1,0,0,0,0,0,0,1,24
62214,1:1:1;1:2:1;1:4:3;1:4:3,1,0,0,0,0,1,0,0,0,0,0,0,5,24
62215,1:1:1;1:2:1;1:4:3;1:4:3,1,1,0,0,0,1,0,0,0,0,0,0,5,24
62216,1:1:1;1:2:1;1:4:3;1:4:3,1,2,0,0,0,1,0,0,0,0,0,0,5,24
62217,1:1:1;1:2:1;1:4:3;1:4:3,1,3,0,0,0,1,0,0,0,0,0,0,5,24
62218,1:1:1;1:2:1;1:4:3;1:4:3,1,4,0,0,0,1,0,0,0,0,0,0,5,24
62219,1:1:1;1:2:1;1:4:3;1:4:3,1,5,0,0,0,1,0,0,0,0,0,0,5,24
62220,1:1:1;1:2:1;1:4:3;1:4:3,2,0,0,0,0,1,0,0,0,0,0,0,13,24
62221,1:1:1;1:2:1;1:4:3;1:4:3,2,1,0,0,0,1,0,0,0,0,0,0,13,24
62222,1:1:1;1:2:1;1:4:3;1:4:3,2,2,0,0,0,1,0,0,0,0,0,0,13,24
62223,1:1:1;1:2:1;1:4:3;1:4:3,2,3,0,0,0,1,0,0,0,0,0,0,13,24
62224,1:1:1;1:2:1;1:4:3;1:4:3,2,4,0,0,0,1,0,0,0,0,0,0,13,24
62225,1:1:1;1:2:1;1:4:3;1:4:3,2,5,0,0,0,1,0,0,0,0,0,0,13,24
62226,1:1:1;1:2:1;1:4:3;1:4:3,3,0,0,0,0,1,0,0,0,0,0,0,25,24
62227,1:1:1;1:2:1;1:4:3;1:4:3,3,1,0,0,0,1,0,0,0,0,0,0,25,24
62228,1:1:1;1:2:1;1:4:3;1:4:3,3,2,0,0,0,1,0,0,0,0,0,0,25,24
62229,1:1:1;1:2:1;1:4:3;1:4:3,3,3,0,0,0,1,0,0,0,0,0,0,25,24
62230,1:1:1;1:2:1;1:4:3;1:4:3,3,4,0,0,0,1,0,0,0,0,0,0,25,24
62231,1:1:1;1:2:1;1:4:3;1:4:3,3,5,0,0,0,1,0,0,0,0,0,0,25,24
62232,1:1:1;1:2:1;1:4:3;1:4:3,4,0,0,0,0,1,0,0,0,0,0,0,39,24
62233,1:1:1;1:2:1;1:4:3;1:4:3,4,1,0,0,0,1,0,0,0,0,0,0,39,24
62234,1:1:1;1:2:1;1:4:3;1:4:3,4,2,0,0,0,1,0,0,0,0,0,0,39,24
62235,1:1:1;1:2:1;1:4:3;1:4:3,4,3,0,0,0,1,0,0,0,0,0,0,39,24
62236,1:1:1;1:2:1;1:4:3;1:4:3,4,4,0,0,0,1,0,0,0,0,0,0,39,24
62237,1:1:1;1:2:1;1:4:3;1:4:3,4,5,0,0,0,1,0,0,0,0,0,0,39,24
62238,1:1:1;1:2:1;1:4:3;1:4:3,5,0,0,0,0,1,0,0,0,0,0,0,51,24
62239,1:1:1;1:2:1;1:4:3;1:4:3,5,1,0,0,0,1,0,0,0,0,0,0,51,24
62240,1:1:1;1:2:1;1:4:3;1:4:3,5,2,0,0,0,1,0,0,0,0,0,0,51,24
62241,1:1:1;1:2:1;1:4:3;1:4:3,5,3,0,0,0,1,0,0,0,0,0,0,51,24
62242,1:1:1;1:2:1;1:4:3;1:4:3,5,4,0,0,0,1,0,0,0,0,0,0,51,24
62243,1:1:1;1:2:1;1:4:3;1:4:3,5,5,0,0,0,1,0,0,0,0,0,0,51,24
62244,1:1:1;1:2:2;1:2:2;1:2:2,0,0,0,0,0,1,0,0,0,0,0,0,1,24
62245,1:1:1;1:2:2;1:2:2;1:2:2,0,1,0,0,0,1,0,0,0,0,0,0,1,24
62246,1:1:1;1:2:2;1:2:2;1:2:2,0,2,0,0,0,1,0,0,0,0,0,0,1,24
62247,1:1:1;1:2:2;1:2:2;1:2:2,0,3,0,0,0,1,0,0,0,0,0,0,1,24
62248,1:1:1;1:2:2;1:2:2;1:2:2,0,4,0,0,0,1,0,0,0,0,0,0,1,24
62249,1:1:1;1:2:2;1:2:2;1:2:2,0,5,0,0,0,1,0,0,0,0,0,0,1,24
62250,1:1:1;1:2:2;1:2:2;1:2:2,1,0,0,0,0,1,0,0,0,0,0,0,5,24
62251,1:1:1;1:2:2;1:2:2;1:2:2,1,1,0,0,0,1,0,0,0,0,0,0,5,24
62252,1:1:1;1:2:2;1:2:2;1:2:2,1,2,0,0,0,1,0,0,0,0,0,0,5,24
62253,1:1:1;1:2:2;1:2:2;1:2:2,1,3,0,0,0,1,0,0,0,0,0,0,5,24
62254,1:1:1;1:2:2;1:2:2;1:2:2,1,4,0,0,0,1,0,0,0,0,0,0,5,24
62255,1:1:1;1:2:2;1:2:2;1:2:2,1,5,0,0,0,1,0,0,0,0,0,0,5,24
62256,1:1:1;1:2:2;1:2:2;1:2:2,2,0,0,0,0,1,0,0,0,0,0,0,14,24
62257,1:1:1;1:2:2;1:2:2;1:2:2,2,1,0,0,0,1,0,0,0,0,0,0,14,24
62258,1:1:1;1:2:2;1:2:2;1:2:2,2,2,0,0,0,1,0,0,0,0,0,0,14,24
62259,1:1:1;1:2:2;1:2:2;1:2:2,2,3,0,0,0,1,0,0,0,0,0,0,14,24
62260,1:1:1;1:2:2;1:2:2;1:2:2,2,4,0,0,0,1,0,0,0,0,0,0,14,24
62261,1:1:1;1:2:2;1:2:2;1:2:2,2,5,0,0,0,1,0,0,0,0,0,0,14,24
62262,1:1:1;1:2:2;1:2:2;1:2:2,3,0,0,0,0,1,0,0,0,0,0,0,27,24
62263,1:1:1;1:2:2;1:2:2;1:2:2,3,1,0,0,0,1,0,0,0,0,0,0,27,24
62264,1:1:1;1:2:2;1:2:2;1:2:2,3,2,0,0,0,1,0,0,0,0,0,0,27,24
62265,1:1:1;1:2:2;1:2:2;1:2:2,3,3,0,0,0,1,0,0,0,0,0,0,27,24
62266,1:1:1;1:2:2;1:2:2;1:2:2,3,4,0,0,0,1,0,0,0,0,0,0,27,24
62267,1:1:1;1:2:2;1:2:2;1:2:2,3,5,0,0,0,1,0,0,0,0,0,0,27,24
62268,1:1:1;1:2:2;1:2:2;1:2:2,4,0,0,0,0,1,0,0,0,0,0,0,40,24
62269,1:1:1;1:2:2;1:2:2;1:2:2,4,1,0,0,0,1,0,0,0,0,0,0,40,24
62270,1:1:1;1:2:2;1:2:2;1:2:2,4,2,0,0,0,1,0,0,0,0,0,0,40,24
62271,1:1:1;1:2:2;1:2:2;1:2:2,4,3,0,0,0,1,0,0,0,0,0,0,40,24
62272,1:1:1;1:2:2;1:2:2;1:2:2,4,4,0,0,0,1,0,0,0,0,0,0,40,24
62273,1:1:1;1:2:2;1:2:2;1:2:2,4,5,0,0,0,1,0,0,0,0,0,0,40,24
62274,1:1:1;1:2:2;1:2:2;1:2:2,5,0,0,0,0,1,0,0,0,0,0,0,49,24
62275,1:1:1;1:2:2;1:2:2;1:2:2,5,1,0,0,0,1,0,0,0,0,0,0,49,24
62276,1:1:1;1:2:2;1:2:2;1:2:2,5,2,0,0,0,1,0,0,0,0,0,0,49,24
62277,1:1:1;1:2:2;1:2:2;1:2:2,5,3,0,0,0,1,0,0,0,0,0,0,49,24
62278,1:1:1;1:2:2;1:2:2;1:2:2,5,4,0,0,0,1,0,0,0,0,0,0,49,24
62279,1:1:1;1:2:2;1:2:2;1:2:2,5,5,0,0,0,1,0,0,0,0,0,0,49,24
62280,1:1:1;1:2:2;1:2:2;1:3:2,0,0,0,0,0,1,0,0,0,0,0,0,1,24
62281,1:1:1;1:2:2;1:2:2;1:3:2,0,1,0,0,0,1,0,0,0,0,0,0,1,24
62282,1:1:1;1:2:2;1:2:2;1:3:2,0,2,0,0,0,1,0,0,0,0,0,0,1,24
62283,1:1:1;1:2:2;1:2:2;1:3:2,0,3,0,0,0,1,0,0,0,0,0,0,1,24
62284,1:1:1;1:2:2;1:2:2;1:3:2,0,4,0,0,0,1,0,0,0,0,0,0,1,24
62285,1:1:1;1:2:2;1:2:2;1:3:2,0,5,0,0,0,1,0,0,0,0,0,0,1,24
62286,1:1:1;1:2:2;1:2:2;1:3:2,1,0,0,0,0,1,0,0,0,0,0,0,5,24
62287,1:1:1;1:2:2;1:2:2;1:3:2,1,1,0,0,0,1,0,0,0,0,0,0,5,24
62288,1:1:1;1:2:2;1:2:2;1:3:2,1,2,0,0,0,1,0,0,0,0,0,0,5,24
62289,1:1:1;1:2:2;1:2:2;1:3:2,1,3,0,0,0,1,0,0,0,0,0,0,5,24
62290,1:1:1;1:2:2;1:2:2;1:3:2,1,4,0,0,0,1,0,0,0,0,0,0,5,24
62291,1:1:1;1:2:2;1:2:2;1:3:2,1,5,0,0,0,1,0,0,0,0,0,0,5,24
62292,1:1:1;1:2:2;1:2:2;1:3:2,2,0,0,0,0,1,0,0,0,0,0,0,14,24
62293,1:1:1;1:2:2;1:2:2;1:3:2,2,1,0,0,0,1,0,0,0,0,0,0,14,24
62294,1:1:1;1:2:2;1:2:2;1:3:2,2,2,0,0,0,1,0,0,0,0,0,0,14,24
62295,1:1:1;1:2:2;1:2:2;1:3:2,2,3,0,0,0,1,0,0,0,0,0,0,14,24
62296,1:1:1;1:2:2;1:2:2;1:3:2,2,4,0,0,0,1,0,0,0,0,0,0,14,24
62297,1:1:1;1:2:2;1:2:2;1:3:2,2,5,0,0,0,1,0,0,0,0,0,0,14,24
62298,1:1:1;1:2:2;1:2:2;1:3:2,3,0,0,0,0,1,0,0,0,0,0,0,27,24
62299,1:1:1;1:2:2;1:2:2;1:3:2,3,1,0,0,0,1,0,0,0,0,0,0,27,24
62300,1:1:1;1:2:2;1:2:2;1:3:2,3,2,0,0,0,1,0,0,0,0,0,0,27,24
62301,1:1:1;1:2:2;1:2:2;1:3:2,3,3,0,0,0,1,0,0,0,0,0,0,27,24
62302,1:1:1;1:2:2;1:2:2;1:3:2,3,4,0,0,0,1,0,0,0,0,0,0,27,24
62303,1:1:1;1:2:2;1:2:2;1:3:2,3,5,0,0,0,1,0,0,0,0,0,0,27,24
62304,1:1:1;1:2:2;1:2:2;1:3:2,4,0,0,0,0,1,0,0,0,0,0,0,40,24
62305,1:1:1;1:2:2;1:2:2;1:3:2,4,1,0,0,0,1,0,0,0,0,0,0,40,24
62306,1:1:1;1:2:2;1:2:2;1:3:2,4,2,0,0,0,1,0,0,0,0,0,0,40,24
62307,1:1:1;1:2:2;1:2:2;1:3:2,4,3,0,0,0,1,0,0,0,0,0,0,40,24
62308,1:1:1;1:2:2;1:2:2;1:3:2,4,4,0,0,0,1,0,0,0,0,0,0,40,24
62309,1:1:1;1:2:2;1:2:2;1:3:2,4,5,0,0,0,1,0,0,0,0,0,0,40,24
62310,1:1:1;1:2:2;1:2:2;1:3:2,5,0,0,0,0,1,0,0,0,0,0,0,49,24
62311,1:1:1;1:2:2;1:2:2;1:3:2,5,1,0,0,0,1,0,0,0,0,0,0,49,24
62312,1:1:1;1:2:2;1:2:2;1:3:2,5,2,0,0,0,1,0,0,0,0,0,0,49,24
62313,1:1:1;1:2:2;1:2:2;1:3:2,5,3,0,0,0,1,0,0,0,0,0,0,49,24
62314,1:1:1;1:2:2;1:2:2;1:3:2,5,4,0,0,0,1,0,0,0,0,0,0,49,24
62315,1:1:1;1:2:2;1:2:2;1:3:2,5,5,0,0,0,1,0,0,0,0,0,0,49,24
62316,1:1:1;1:2:2;1:2:2;1:3:3,0,0,0,0,0,1,0,0,0,0,0,0,1,24
62317,1:1:1;1:2:2;1:2:2;1:3:3,0,1,0,0,0,1,0,0,0,0,0,0,1,24
62318,1:1:1;1:2:2;1:2:2;1:3:3,0,2,0,0,0,1,0,0,0,0,0,0,1,24
62319,1:1:1;1:2:2;1:2:2;1:3:3,0,3,0,0,0,1,0,0,0,0,0,0,1,24
62320,1:1:1;1:2:2;1:2:2;1:3:3,0,4,0,0,0,1,0,0,0,0,0,0,1,24
62321,1:1:1;1:2:2;1:2:2;1:3:3,0,5,0,0,0,1,0,0,0,0,0,0,1,24
62322,1:1:1;1:2:2;1:2:2;1:3:3,1,0,0,0,0,1,0,0,0,0,0,0,5,24
62323,1:1:1;1:2:2;1:2:2;1:3:3,1,1,0,0,0,1,0,0,0,0,0,0,5,24
62324,1:1:1;1:2:2;1:2:2;1:3:3,1,2,0,0,0,1,0,0,0,0,0,0,5,24
62325,1:1:1;1:2:2;1:2:2;1:3:3,1,3,0,0,0,1,0,0,0,0,0,0,5,24
62326,1:1:1;1:2:2;1:2:2;1:3:3,1,4,0,0,0,1,0,0,0,0,0,0,5,24
62327,1:1:1;1:2:2;1:2:2;1:3:3,1,5,0,0,0,1,0,0,0,0,0,0,5,24
62328,1:1:1;1:2:2;1:2:2;1:3:3,2,0,0,0,0,1,0,0,0,0,0,0,14,24
62329,1:1:1;1:2:2;1:2:2;1:3:3,2,1,0,0,0,1,0,0,0,0,0,0,14,24
62330,1:1:1;1:2:2;1:2:2;1:3:3,2,2,0,0,0,1,0,0,0,0,0,0,14,24
62331,1:1:1;1:2:2;1:2:2;1:3:3,2,3,0,0,0,1,0,0,0,0,0,0,14,24
62332,1:1:1;1:2:2;1:2:2;1:3:3,2,4,0,0,0,1,0,0,0,0,0,0,14,24
62333,1:1:1;1:2:2;1:2:2;1:3:3,2,5,0,0,0,1,0,0,0,0,0,0,14,24
62334,1:1:1;1:2:2;1:2:2;1:3:3,3,0,0,0,0,1,0,0,0,0,0,0,28,24
62335,1:1:1;1:2:2;1:2:2;1:3:3,3,1,0,0,0,1,0,0,0,0,0,0,28,24
62336,1:1:1;1:2:2;1:2:2;1:3:3,3,2,0,0,0,1,0,0,0,0,0,0,28,24
62337,1:1:1;1:2:2;1:2:2;1:3:3,3,3,0,0,0,1,0,0,0,0,0,0,28,24
62338,1:1:1;1:2:2;1:2:2;1:3:3,3,4,0,0,0,1,0,0,0,0,0,0,28,24
62339,1:1:1;1:2:2;1:2:2;1:3:3,3,5,0,0,0,1,0,0,0,0,0,0,28,24
62340,1:1:1;1:2:2;1:2:2;1:3:3,4,0,0,0,0,1,0,0,0,0,0,0,44,24
62341,1:1:1;1:2:2;1:2:2;1:3:3,4,1,0,0,0,1,0,0,0,0,0,0,44,24
62342,1:1:1;1:2:2;1:2:2;1:3:3,4,2,0,0,0,1,0,0,0,0,0,0,44,24
62343,1:1:1;1:2:2;1:2:2;1:3:3,4,3,0,0,0,1,0,0,0,0,0,0,44,24
62344,1:1:1;1:2:2;1:2:2;1:3:3,4,4,0,0,0,1,0,0,0,0,0,0,44,24
62345,1:1:1;1:2:2;1:2:2;1:3:3,4,5,0,0,0,1,0,0,0,0,0,0,44,24
62346,1:1:1;1:2:2;1:2:2;1:3:3,5,0,0,0,0,1,0,0,0,0,0,0,58,24
62347,1:1:1;1:2:2;1:2:2;1:3:3,5,1,0,0,0,1,0,0,0,0,0,0,58,24
62348,1:1:1;1:2:2;1:2:2;1:3:3,5,2,0,0,0,1,0,0,0,0,0,0,58,24
62349,1:1:1;1:2:2;1:2:2;1:3:3,5,3,0,0,0,1,0,0,0,0,0,0,58,24
62350,1:1:1;1:2:2;1:2:2;1:3:3,5,4,0,0,0,1,0,0,0,0,0,0,58,24
62351,1:1:1;1:2:2;1:2:2;1:3:3,5,5,0,0,0,1,0,0,0,0,0,0,58,24
62352,1:1:1;1:2:2;1:2:2;1:4:3,0,0,0,0,0,1,0,0,0,0,0,0,1,24
62353,1:1:1;1:2:2;1:2:2;1:4:3,0,1,0,0,0,1,0,0,0,0,0,0,1,24
62354,1:1:1;1:2:2;1:2:2;1:4:3,0,2,0,0,0,1,0,0,0,0,0,0,1,24
62355,1:1:1;1:2:2;1:2:2;1:4:3,0,3,0,0,0,1,0,0,0,0,0,0,1,24
62356,1:1:1;1:2:2;1:2:2;1:4:3,0,4,0,0,0,1,0,0,0,0,0,0,1,24
62357,1:1:1;1:2:2;1:2:2;1:4:3,0,5,0,0,0,1,0,0,0,0,0,0,1,24
62358,1:1:1;1:2:2;1:2:2;1:4:3,1,0,0,0,0,1,0,0,0,0,0,0,5,24
62359,1:1:1;1:2:2;1:2:2;1:4:3,1,1,0,0,0,1,0,0,0,0,0,0,5,24
62360,1:1:1;1:2:2;1:2:2;1:4:3,1,2,0,0,0,1,0,0,0,0,0,0,5,24
62361,1:1:1;1:2:2;1:2:2;1:4:3,1,3,0,0,0,1,0,0,0,0,0,0,5,24
62362,1:1:1;1:2:2;1:2:2;1:4:3,1,4,0,0,0,1,0,0,0,0,0,0,5,24
62363,1:1:1;1:2:2;1:2:2;1:4:3,1,5,0,0,0,1,0,0,0,0,0,0,5,24
62364,1:1:1;1:2:2;1:2:2;1:4:3,2,0,0,0,0,1,0,0,0,0,0,0,14,24
62365,1:1:1;1:2:2;1:2:2;1:4:3,2,1,0,0,0,1,0,0,0,0,0,0,14,24
62366,1:1:1;1:2:2;1:2:2;1:4:3,2,2,0,0,0,1,0,0,0,0,0,0,14,24
62367,1:1:1;1:2:2;1:2:2;1:4:3,2,3,0,0,0,1,0,0,0,0,0,0,14,24
62368,1:1:1;1:2:2;1:2:2;1:4:3,2,4,0,0,0,1,0,0,0,0,0,0,14,24
62369,1:1:1;1:2:2;1:2:2;1:4:3,2,5,0,0,0,1,0,0,0,0,0,0,14,24
62370,1:1:1;1:2:2;1:2:2;1:4:3,3,0,0,0,0,1,0,0,0,0,0,0,28,24
62371,1:1:1;1:2:2;1:2:2;1:4:3,3,1,0,0,0,1,0,0,0,0,0,0,28,24
62372,1:1:1;1:2:2;1:2:2;1:4:3,3,2,0,0,0,1,0,0,0,0,0,0,28,24
62373,1:1:1;1:2:2;1:2:2;1:4:3,3,3,0,0,0,1,0,0,0,0,0,0,28,24
62374,1:1:1;1:2:2;1:2:2;1:4:3,3,4,0,0,0,1,0,0,0,0,0,0,28,24
62375,1:1:1;1:2:2;1:2:2;1:4:3,3,5,0,0,0,1,0,0,0,0,0,0,28,24
62376,1:1:1;1:2:2;1:2:2;1:4:3,4,0,0,0,0,1,0,0,0,0,0,0,44,24
62377,1:1:1;1:2:2;1:2:2;1:4:3,4,1,0,0,0,1,0,0,0,0,0,0,44,24
62378,1:1:1;1:2:2;1:2:2;1:4:3,4,2,0,0,0,1,0,0,0,0,0,0,44,24
62379,1:1:1;1:2:2;1:2:2;1:4:3,4,3,0,0,0,1,0,0,0,0,0,0,44,24
62380,1:1:1;1:2:2;1:2:2;1:4:3,4,4,0,0,0,1,0,0,0,0,0,0,44,24
62381,1:1:1;1:2:2;1:2:2;1:4:3,4,5,0,0,0,1,0,0,0,0,0,0,44,24
62382,1:1:1;1:2:2;1:2:2;1:4:3,5,0,0,0,0,1,0,0,0,0,0,0,58,24
62383,1:1:1;1:2:2;1:2:2;1:4:3,5,1,0,0,0,1,0,0,0,0,0,0,58,24
62384,1:1:1;1:2:2;1:2:2;1:4:3,5,2,0,0,0,1,0,0,0,0,0,0,58,24
62385,1:1:1;1:2:2;1:2:2;1:4:3,5,3,0,0,0,1,0,0,0,0,0,0,58,24
62386,1:1:1;1:2:2;1:2:2;1:4:3,5,4,0,0,0,1,0,0,0,0,0,0,58,24
62387,1:1:1;1:2:2;1:2:2;1:4:3,5,5,0,0,0,1,0,0,0,0,0,0,58,24
62388,1:1:1;1:2:2;1:3:2;1:3:2,0,0,0,0,0,1,0,0,0,0,0,0,1,24
62389,1:1:1;1:2:2;1:3:2;1:3:2,0,1,0,0,0,1,0,0,0,0,0,0,1,24
62390,1:1:1;1:2:2;1:3:2;1:3:2,0,2,0,0,0,1,0,0,0,0,0,0,1,24
62391,1:1:1;1:2:2;1:3:2;1:3:2,0,3,0,0,0,1,0,0,0,0,0,0,1,24
62392,1:1:1;1:2:2;1:3:2;1:3:2,0,4,0,0,0,1,0,0,0,0,0,0,1,24
62393,1:1:1;1:2:2;1:3:2;1:3:2,0,5,0,0,0,1,0,0,0,0,0,0,1,24
62394,1:1:1;1:2:2;1:3:2;1:3:2,1,0,0,0,0,1,0,0,0,0,0,0,5,24
62395,1:1:1;1:2:2;1:3:2;1:3:2,1,1,0,0,0,1,0,0,0,0,0,0,5,24
62396,1:1:1;1:2:2;1:3:2;1:3:2,1,2,0,0,0,1,0,0,0,0,0,0,5,24
62397,1:1:1;1:2:2;1:3:2;1:3:2,1,3,0,0,0,1,0,0,0,0,0,0,5,24
62398,1:1:1;1:2:2;1:3:2;1:3:2,1,4,0,0,0,1,0,0,0,0,0,0,5,24
62399,1:1:1;1:2:2;1:3:2;1:3:2,1,5,0,0,0,1,0,0,0,0,0,0,5,24
62400,1:1:1;1:2:2;1:3:2;1:3:2,2,0,0,0,0,1,0,0,0,0,0,0,14,24
62401,1:1:1;1:2:2;1:3:2;1:3:2,2,1,0,0,0,1,0,0,0,0,0,0,14,24
62402,1:1:1;1:2:2;1:3:2;1:3:2,2,2,0,0,0,1,0,0,0,0,0,0,14,24
62403,1:1:1;1:2:2;1:3:2;1:3:2,2,3,0,0,0,1,0,0,0,0,0,0,14,24
62404,1:1:1;1:2:2;1:3:2;1:3:2,2,4,0,0,0,1,0,0,0,0,0,0,14,24
62405,1:1:1;1:2:2;1:3:2;1:3:2,2,5,0,0,0,1,0,0,0,0,0,0,14,24
62406,1:1:1;1:2:2;1:3:2;1:3:2,3,0,0,0,0,1,0,0,0,0,0,0,27,24
62407,1:1:1;1:2:2;1:3:2;1:3:2,3,1,0,0,0,1,0,0,0,0,0,0,27,24
62408,1:1:1;1:2:2;1:3:2;1:3:2,3,2,0,0,0,1,0,0,0,0,0,0,27,24
62409,1:1:1;1:2:2;1:3:2;1:3:2,3,3,0,0,0,1,0,0,0,0,0,0,27,24
62410,1:1:1;1:2:2;1:3:2;1:3:2,3,4,0,0,0,1,0,0,0,0,0,0,27,24
62411,1:1:1;1:2:2;1:3:2;1:3:2,3,5,0,0,0,1,0,0,0,0,0,0,27,24
62412,1:1:1;1:2:2;1:3:2;1:3:2,4,0,0,0,0,1,0,0,0,0,0,0,40,24
62413,1:1:1;1:2:2;1:3:2;1:3:2,4,1,0,0,0,1,0,0,0,0,0,0,40,24
62414,1:1:1;1:2:2;1:3:2;1:3:2,4,2,0,0,0,1,0,0,0,0,0,0,40,24
62415,1:1:1;1:2:2;1:3:2;1:3:2,4,3,0,0,0,1,0,0,0,0,0,0,40,24
62416,1:1:1;1:2:2;1:3:2;1:3:2,4,4,0,0,0,1,0,0,0,0,0,0,40,24
62417,1:1:1;1:2:2;1:3:2;1:3:2,4,5,0,0,0,1,0,0,0,0,0,0,40,24
62418,1:1:1;1:2:2;1:3:2;1:3:2,5,0,0,0,0,1,0,0,0,0,0,0,49,24
62419,1:1:1;1:2:2;1:3:2;1:3:2,5,1,0,0,0,1,0,0,0,0,0,0,49,24
62420,1:1:1;1:2:2;1:3:2;1:3:2,5,2,0,0,0,1,0,0,0,0,0,0,49,24
62421,1:1:1;1:2:2;1:3:2;1:3:2,5,3,0,0,0,1,0,0,0,0,0,0,49,24
62422,1:1:1;1:2:2;1:3:2;1:3:2,5,4,0,0,0,1,0,0,0,0,0,0,49,24
62423,1:1:1;1:2:2;1:3:2;1:3:2,5,5,0,0,0,1,0,0,0,0,0,0,49,24
62424,1:1:1;1:2:2;1:3:2;1:3:3,0,0,0,0,0,1,0,0,0,0,0,0,1,24
62425,1:1:1;1:2:2;1:3:2;1:3:3,0,1,0,0,0,1,0,0,0,0,0,0,1,24
62426,1:1:1;1:2:2;1:3:2;1:3:3,0,2,0,0,0,1,0,0,0,0,0,0,1,24
62427,1:1:1;1:2:2;1:3:2;1:3:3,0,3,0,0,0,1,0,0,0,0,0,0,1,24
62428,1:1:1;1:2:2;1:3:2;1:3:3,0,4,0,0,0,1,0,0,0,0,0,0,1,24
62429,1:1:1;1:2:2;1:3:2;1:3:3,0,5,0,0,0,1,0,0,0,0,0,0,1,24
62430,1:1:1;1:2:2;1:3:2;1:3:3,1,0,0,0,0,1,0,0,0,0,0,0,5,24
62431,1:1:1;1:2:2;1:3:2;1:3:3,1,1,0,0,0,1,0,0,0,0,0,0,5,24
62432,1:1:1;1:2:2;1:3:2;1:3:3,1,2,0,0,0,1,0,0,0,0,0,0,5,24
62433,1:1:1;1:2:2;1:3:2;1:3:3,1,3,0,0,0,1,0,0,0,0,0,0,5,24
62434,1:1:1;1:2:2;1:3:2;1:3:3,1,4,0,0,0,1,0,0,0,0,0,0,5,24
62435,1:1:1;1:2:2;1:3:2;1:3:3,1,5,0,0,0,1,0,0,0,0,0,0,5,24
62436,1:1:1;1:2:2;1:3:2;1:3:3,2,0,0,0,0,1,0,0,0,0,0,0,14,24
62437,1:1:1;1:2:2;1:3:2;1:3:3,2,1,0,0,0,1,0,0,0,0,0,0,14,24
62438,1:1:1;1:2:2;1:3:2;1:3:3,2,2,0,0,0,1,0,0,0,0,0,0,14,24
62439,1:1:1;1:2:2;1:3:2;1:3:3,2,3,0,0,0,1,0,0,0,0,0,0,14,24
62440,1:1:1;1:2:2;1:3:2;1:3:3,2,4,0,0,0,1,0,0,0,0,0,0,14,24
62441,1:1:1;1:2:2;1:3:2;1:3:3,2,5,0,0,0,1,0,0,0,0,0,0,14,24
62442,1:1:1;1:2:2;1:3:2;1:3:3,3,0,0,0,0,1,0,0,0,0,0,0,28,24
62443,1:1:1;1:2:2;1:3:2;1:3:3,3,1,0,0,0,1,0,0,0,0,0,0,28,24
62444,1:1:1;1:2:2;1:3:2;1:3:3,3,2,0,0,0,1,0,0,0,0,0,0,28,24
62445,1:1:1;1:2:2;1:3:2;1:3:3,3,3,0,0,0,1,0,0,0,0,0,0,28,24
62446,1:1:1;1:2:2;1:3:2;1:3:3,3,4,0,0,0,1,0,0,0,0,0,0,28,24
62447,1:1:1;1:2:2;1:3:2;1:3:3,3,5,0,0,0,1,0,0,0,0,0,0,28,24
62448,1:1:1;1:2:2;1:3:2;1:3:3,4,0,0,0,0,1,0,0,0,0,0,0,44,24
62449,1:1:1;1:2:2;1:3:2;1:3:3,4,1,0,0,0,1,0,0,0,0,0,0,44,24
62450,1:1:1;1:2:2;1:3:2;1:3:3,4,2,0,0,0,1,0,0,0,0,0,0,44,24
62451,1:1:1;1:2:2;1:3:2;1:3:3,4,3,0,0,0,1,0,0,0,0,0,0,44,24
62452,1:1:1;1:2:2;1:3:2;1:3:3,4,4,0,0,0,1,0,0,0,0,0,0,44,24
62453,1:1:1;1:2:2;1:3:2;1:3:3,4,5,0,0,0,1,0,0,0,0,0,0,44,24
62454,1:1:1;1:2:2;1:3:2;1:3:3,5,0,0,0,0,1,0,0,0,0,0,0,58,24
62455,1:1:1;1:2:2;1:3:2;1:3:3,5,1,0,0,0,1,0,0,0,0,0,0,58,24
62456,1:1:1;1:2:2;1:3:2;1:3:3,5,2,0,0,0,1,0,0,0,0,0,0,58,24
62457,1:1:1;1:2:2;1:3:2;1:3:3,5,3,0,0,0,1,0,0,0,0,0,0,58,24
62458,1:1:1;1:2:2;1:3:2;1:3:3,5,4,0,0,0,1,0,0,0,0,0,0,58,24
62459,1:1:1;1:2:2;1:3:2;1:3:3,5,5,0,0,0,1,0,0,0,0,0,0,58,24
62460,1:1:1;1:2:2;1:3:2;1:4:3,0,0,0,0,0,1,0,0,0,0,0,0,1,24
62461,1:1:1;1:2:2;1:3:2;1:4:3,0,1,0,0,0,1,0,0,0,0,0,0,1,24
62462,1:1:1;1:2:2;1:3:2;1:4:3,0,2,0,0,0,1,0,0,0,0,0,0,1,24
62463,1:1:1;1:2:2;1:3:2;1:4:3,0,3,0,0,0,1,0,0,0,0,0,0,1,24
62464,1:1:1;1:2:2;1:3:2;1:4:3,0,4,0,0,0,1,0,0,0,0,0,0,1,24
62465,1:1:1;1:2:2;1:3:2;1:4:3,0,5,0,0,0,1,0,0,0,0,0,0,1,24
62466,1:1:1;1:2:2;1:3:2;1:4:3,1,0,0,0,0,1,0,0,0,0,0,0,5,24
62467,1:1:1;1:2:2;1:3:2;1:4:3,1,1,0,0,0,1,0,0,0,0,0,0,5,24
62468,1:1:1;1:2:2;1:3:2;1:4:3,1,2,0,0,0,1,0,0,0,0,0,0,5,24
62469,1:1:1;1:2:2;1:3:2;1:4:3,1,3,0,0,0,1,0,0,0,0,0,0,5,24
62470,1:1:1;1:2:2;1:3:2;1:4:3,1,4,0,0,0,1,0,0,0,0,0,0,5,24
62471,1:1:1;1:2:2;1:3:2;1:4:3,1,5,0,0,0,1,0,0,0,0,0,0,5,24
62472,1:1:1;1:2:2;1:3:2;1:4:3,2,0,0,0,0,1,0,0,0,0,0,0,14,24
62473,1:1:1;1:2:2;1:3:2;1:4:3,2,1,0,0,0,1,0,0,0,0,0,0,14,24
62474,1:1:1;1:2:2;1:3:2;1:4:3,2,2,0,0,0,1,0,0,0,0,0,0,14,24
62475,1:1:1;1:2:2;1:3:2;1:4:3,2,3,0,0,0,1,0,0,0,0,0,0,14,24
62476,1:1:1;1:2:2;1:3:2;1:4:3,2,4,0,0,0,1,0,0,0,0,0,0,14,24
62477,1:1:1;1:2:2;1:3:2;1:4:3,2,5,0,0,0,1,0,0,0,0,0,0,14,24
62478,1:1:1;1:2:2;1:3:2;1:4:3,3,0,0,0,0,1,0,0,0,0,0,0,28,24
62479,1:1:1;1:2:2;1:3:2;1:4:3,3,1,0,0,0,1,0,0,0,0,0,0,28,24
62480,1:1:1;1:2:2;1:3:2;1:4:3,3,2,0,0,0,1,0,0,0,0,0,0,28,24
62481,1:1:1;1:2:2;1:3:2;1:4:3,3,3,0,0,0,1,0,0,0,0,0,0,28,24
62482,1:1:1;1:2:2;1:3:2;1:4:3,3,4,0,0,0,1,0,0,0,0,0,0,28,24
62483,1:1:1;1:2:2;1:3:2;1:4:3,3,5,0,0,0,1,0,0,0,0,0,0,28,24
62484,1:1:1;1:2:2;1:3:2;1:4:3,4,0,0,0,0,1,0,0,0,0,0,0,44,24
62485,1:1:1;1:2:2;1:3:2;1:4:3,4,1,0,0,0,1,0,0,0,0,0,0,44,24
62486,1:1:1;1:2:2;1:3:2;1:4:3,4,2,0,0,0,1,0,0,0,0,0,0,44,24
62487,1:1:1;1:2:2;1:3:2;1:4:3,4,3,0,0,0,1,0,0,0,0,0,0,44,24
62488,1:1:1;1:2:2;1:3:2;1:4:3,4,4,0,0,0,1,0,0,0,0,0,0,44,24
62489,1:1:1;1:2:2;1:3:2;1:4:3,4,5,0,0,0,1,0,0,0,0,0,0,44,24
62490,1:1:1;1:2:2;1:3:2;1:4:3,5,0,0,0,0,1,0,0,0,0,0,0,58,24
62491,1:1:1;1:2:2;1:3:2;1:4:3,5,1,0,0,0,1,0,0,0,0,0,0,58,24
62492,1:1:1;1:2:2;1:3:2;1:4:3,5,2,0,0,0,1,0,0,0,0,0,0,58,24
62493,1:1:1;1:2:2;1:3:2;1:4:3,5,3,0,0,0,1,0,0,0,0,0,0,58,24
62494,1:1:1;1:2:2;1:3:2;1:4:3,5,4,0,0,0,1,0,0,0,0,0,0,58,24
62495,1:1:1;1:2:2;1:3:2;1:4:3,5,5,0,0,0,1,0,0,0,0,0,0,58,24
62496,1:1:1;1:2:2;1:3:3;1:3:3,0,0,0,0,0,1,0,0,0,0,0,0,1,24
62497,1:1:1;1:2:2;1:3:3;1:3:3,0,1,0,0,0,1,0,0,0,0,0,0,1,24
62498,1:1:1;1:2:2;1:3:3;1:3:3,0,2,0,0,0,1,0,0,0,0,0,0,1,24
62499,1:1:1;1:2:2;1:3:3;1:3:3,0,3,0,0,0,1,0,0,0,0,0,0,1,24
62500,1:1:1;1:2:2;1:3:3;1:3:3,0,4,0,0,0,1,0,0,0,0,0,0,1,24
62501,1:1:1;1:2:2;1:3:3;1:3:3,0,5,0,0,0,1,0,0,0,0,0,0,1,24
62502,1:1:1;1:2:2;1:3:3;1:3:3,1,0,0,0,0,1,0,0,0,0,0,0,5,24
62503,1:1:1;1:2:2;1:3:3;1:3:3,1,1,0,0,0,1,0,0,0,0,0,0,5,24
62504,1:1:1;1:2:2;1:3:3;1:3:3,1,2,0,0,0,1,0,0,0,0,0,0,5,24
62505,1:1:1;1:2:2;1:3:3;1:3:3,1,3,0,0,0,1,0,0,0,0,0,0,5,24
62506,1:1:1;1:2:2;1:3:3;1:3:3,1,4,0,0,0,1,0,0,0,0,0,0,5,24
62507,1:1:1;1:2:2;1:3:3;1:3:3,1,5,0,0,0,1,0,0,0,0,0,0,5,24
62508,1:1:1;1:2:2;1:3:3;1:3:3,2,0,0,0,0,1,0,0,0,0,0,0,14,24
62509,1:1:1;1:2:2;1:3:3;1:3:3,2,1,0,0,0,1,0,0,0,0,0,0,14,24
62510,1:1:1;1:2:2;1:3:3;1:3:3,2,2,0,0,0,1,0,0,0,0,0,0,14,24
62511,1:1:1;1:2:2;1:3:3;1:3:3,2,3,0,0,0,1,0,0,0,0,0,0,14,24
62512,1:1:1;1:2:2;1:3:3;1:3:3,2,4,0,0,0,1,0,0,0,0,0,0,14,24
62513,1:1:1;1:2:2;1:3:3;1:3:3,2,5,0,0,0,1,0,0,0,0,0,0,14,24
62514,1:1:1;1:2:2;1:3:3;1:3:3,3,0,0,0,0,1,0,0,0,0,0,0,29,24
62515,1:1:1;1:2:2;1:3:3;1:3:3,3,1,0,0,0,1,0,0,0,0,0,0,29,24
62516,1:1:1;1:2:2;1:3:3;1:3:3,3,2,0,0,0,1,0,0,0,0,0,0,29,24
62517,1:1:1;1:2:2;1:3:3;1:3:3,3,3,0,0,0,1,0,0,0,0,0,0,29,24
62518,1:1:1;1:2:2;1:3:3;1:3:3,3,4,0,0,0,1,0,0,0,0,0,0,29,24
62519,1:1:1;1:2:2;1:3:3;1:3:3,3,5,0,0,0,1,0,0,0,0,0,0,29,24
62520,1:1:1;1:2:2;1:3:3;1:3:3,4,0,0,0,0,1,0,0,0,0,0,0,48,24
62521,1:1:1;1:2:2;1:3:3;1:3:3,4,1,0,0,0,1,0,0,0,0,0,0,48,24
62522,1:1:1;1:2:2;1:3:3;1:3:3,4,2,0,0,0,1,0,0,0,0,0,0,48,24
62523,1:1:1;1:2:2;1:3:3;1:3:3,4,3,0,0,0,1,0,0,0,0,0,0,48,24
62524,1:1:1;1:2:2;1:3:3;1:3:3,4,4,0,0,0,1,0,0,0,0,0,0,48,24
62525,1:1:1;1:2:2;1:3:3;1:3:3,4,5,0,0,0,1,0,0,0,0,0,0,48,24
62526,1:1:1;1:2:2;1:3:3;1:3:3,5,0,0,0,0,1,0,0,0,0,0,0,67,24
62527,1:1:1;1:2:2;1:3:3;1:3:3,5,1,0,0,0,1,0,0,0,0,0,0,67,24
62528,1:1:1;1:2:2;1:3:3;1:3:3,5,2,0,0,0,1,0,0,0,0,0,0,67,24
62529,1:1:1;1:2:2;1:3:3;1:3:3,5,3,0,0,0,1,0,0,0,0,0,0,67,24
62530,1:1:1;1:2:2;1:3:3;1:3:3,5,4,0,0,0,1,0,0,0,0,0,0,67,24
62531,1:1:1;1:2:2;1:3:3;1:3:3,5,5,0,0,0,1,0,0,0,0,0,0,67,24
62532,1:1:1;1:2:2;1:3:3;1:4:3,0,0,0,0,0,1,0,0,0,0,0,0,1,24
62533,1:1:1;1:2:2;1:3:3;1:4:3,0,1,0,0,0,1,0,0,0,0,0,0,1,24
62534,1:1:1;1:2:2;1:3:3;1:4:3,0,2,0,0,0,1,0,0,0,0,0,0,1,24
62535,1:1:1;1:2:2;1:3:3;1:4:3,0,3,0,0,0,1,0,0,0,0,0,0,1,24
62536,1:1:1;1:2:2;1:3:3;1:4:3,0,4,0,0,0,1,0,0,0,0,0,0,1,24
62537,1:1:1;1:2:2;1:3:3;1:4:3,0,5,0,0,0,1,0,0,0,0,0,0,1,24
62538,1:1:1;1:2:2;1:3:3;1:4:3,1,0,0,0,0,1,0,0,0,0,0,0,5,24
62539,1:1:1;1:2:2;1:3:3;1:4:3,1,1,0,0,0,1,0,0,0,0,0,0,5,24
62540,1:1:1;1:2:2;1:3:3;1:4:3,1,2,0,0,0,1,0,0,0,0,0,0,5,24
62541,1:1:1;1:2:2;1:3:3;1:4:3,1,3,0,0,0,1,0,0,0,0,0,0,5,24
62542,1:1:1;1:2:2;1:3:3;1:4:3,1,4,0,0,0,1,0,0,0,0,0,0,5,24
62543,1:1:1;1:2:2;1:3:3;1:4:3,1,5,0,0,0,1,0,0,0,0,0,0,5,24
62544,1:1:1;1:2:2;1:3:3;1:4:3,2,0,0,0,0,1,0,0,0,0,0,0,14,24
62545,1:1:1;1:2:2;1:3:3;1:4:3,2,1,0,0,0,1,0,0,0,0,0,0,14,24
62546,1:1:1;1:2:2;1:3:3;1:4:3,2,2,0,0,0,1,0,0,0,0,0,0,14,24
62547,1:1:1;1:2:2;1:3:3;1:4:3,2,3,0,0,0,1,0,0,0,0,0,0,14,24
62548,1:1:1;1:2:2;1:3:3;1:4:3,2,4,0,0,0,1,0,0,0,0,0,0,14,24
62549,1:1:1;1:2:2;1:3:3;1:4:3,2,5,0,0,0,1,0,0,0,0,0,0,14,24
62550,1:1:1;1:2:2;1:3:3;1:4:3,3,0,0,0,0,1,0,0,0,0,0,0,29,24
62551,1:1:1;1:2:2;1:3:3;1:4:3,3,1,0,0,0,1,0,0,0,0,0,0,29,24
62552,1:1:1;1:2:2;1:3:3;1:4:3,3,2,0,0,0,1,0,0,0,0,0,0,29,24
62553,1:1:1;1:2:2;1:3:3;1:4:3,3,3,0,0,0,1,0,0,0,0,0,0,29,24
62554,1:1:1;1:2:2;1:3:3;1:4:3,3,4,0,0,0,1,0,0,0,0,0,0,29,24
62555,1:1:1;1:2:2;1:3:3;1:4:3,3,5,0,0,0,1,0,0,0,0,0,0,29,24
62556,1:1:1;1:2:2;1:3:3;1:4:3,4,0,0,0,0,1,0,0,0,0,0,0,48,24
62557,1:1:1;1:2:2;1:3:3;1:4:3,4,1,0,0,0,1,0,0,0,0,0,0,48,24
62558,1:1:1;1:2:2;1:3:3;1:4:3,4,2,0,0,0,1,0,0,0,0,0,0,48,24
62559,1:1:1;1:2:2;1:3:3;1:4:3,4,3,0,0,0,1,0,0,0,0,0,0,48,24
62560,1:1:1;1:2:2;1:3:3;1:4:3,4,4,0,0,0,1,0,0,0,0,0,0,48,24
62561,1:1:1;1:2:2;1:3:3;1:4:3,4,5,0,0,0,1,0,0,0,0,0,0,48,24
62562,1:1:1;1:2:2;1:3:3;1:4:3,5,0,0,0,0,1,0,0,0,0,0,0,67,24
62563,1:1:1;1:2:2;1:3:3;1:4:3,5,1,0,0,0,1,0,0,0,0,0,0,67,24
62564,1:1:1;1:2:2;1:3:3;1:4:3,5,2,0,0,0,1,0,0,0,0,0,0,67,24
62565,1:1:1;1:2:2;1:3:3;1:4:3,5,3,0,0,0,1,0,0,0,0,0,0,67,24
62566,1:1:1;1:2:2;1:3:3;1:4:3,5,4,0,0,0,1,0,0,0,0,0,0,67,24
62567,1:1:1;1:2:2;1:3:3;1:4:3,5,5,0,0,0,1,0,0,0,0,0,0,67,24
62568,1:1:1;1:2:2;1:4:3;1:4:3,0,0,0,0,0,1,0,0,0,0,0,0,1,24
62569,1:1:1;1:2:2;1:4:3;1:4:3,0,1,0,0,0,1,0,0,0,0,0,0,1,24
62570,1:1:1;1:2:2;1:4:3;1:4:3,0,2,0,0,0,1,0,0,0,0,0,0,1,24
62571,1:1:1;1:2:2;1:4:3;1:4:3,0,3,0,0,0,1,0,0,0,0,0,0,1,24
62572,1:1:1;1:2:2;1:4:3;1:4:3,0,4,0,0,0,1,0,0,0,0,0,0,1,24
62573,1:1:1;1:2:2;1:4:3;1:4:3,0,5,0,0,0,1,0,0,0,0,0,0,1,24
62574,1:1:1;1:2:2;1:4:3;1:4:3,1,0,0,0,0,1,0,0,0,0,0,0,5,24
62575,1:1:1;1:2:2;1:4:3;1:4:3,1,1,0,0,0,1,0,0,0,0,0,0,5,24
62576,1:1:1;1:2:2;1:4:3;1:4:3,1,2,0,0,0,1,0,0,0,0,0,0,5,24
62577,1:1:1;1:2:2;1:4:3;1:4:3,1,3,0,0,0,1,0,0,0,0,0,0,5,24
62578,1:1:1;1:2:2;1:4:3;1:4:3,1,4,0,0,0,1,0,0,0,0,0,0,5,24
62579,1:1:1;1:2:2;1:4:3;1:4:3,1,5,0,0,0,1,0,0,0,0,0,0,5,24
62580,1:1:1;1:2:2;1:4:3;1:4:3,2,0,0,0,0,1,0,0,0,0,0,0,14,24
62581,1:1:1;1:2:2;1:4:3;1:4:3,2,1,0,0,0,1,0,0,0,0,0,0,14,24
62582,1:1:1;1:2:2;1:4:3;1:4:3,2,2,0,0,0,1,0,0,0,0,0,0,14,24
62583,1:1:1;1:2:2;1:4:3;1:4:3,2,3,0,0,0,1,0,0,0,0,0,0,14,24
62584,1:1:1;1:2:2;1:4:3;1:4:3,2,4,0,0,0,1,0,0,0,0,0,0,14,24
62585,1:1:1;1:2:2;1:4:3;1:4:3,2,5,0,0,0,1,0,0,0,0,0,0,14,24
62586,1:1:1;1:2:2;1:4:3;1:4:3,3,0,0,0,0,1,0,0,0,0,0,0,29,24
62587,1:1:1;1:2:2;1:4:3;1:4:3,3,1,0,0,0,1,0,0,0,0,0,0,29,24
62588,1:1:1;1:2:2;1:4:3;1:4:3,3,2,0,0,0,1,0,0,0,0,0,0,29,24
62589,1:1:1;1:2:2;1:4:3;1:4:3,3,3,0,0,0,1,0,0,0,0,0,0,29,24
62590,1:1:1;1:2:2;1:4:3;1:4:3,3,4,0,0,0,1,0,0,0,0,0,0,29,24
62591,1:1:1;1:2:2;1:4:3;1:4:3,3,5,0,0,0,1,0,0,0,0,0,0,29,24
62592,1:1:1;1:2:2;1:4:3;1:4:3,4,0,0,0,0,1,0,0,0,0,0,0,48,24
62593,1:1:1;1:2:2;1:4:3;1:4:3,4,1,0,0,0,1,0,0,0,0,0,0,48,24
62594,1:1:1;1:2:2;1:4:3;1:4:3,4,2,0,0,0,1,0,0,0,0,0,0,48,24
62595,1:1:1;1:2:2;1:4:3;1:4:3,4,3,0,0,0,1,0,0,0,0,0,0,48,24
62596,1:1:1;1:2:2;1:4:3;1:4:3,4,4,0,0,0,1,0,0,0,0,0,0,48,24
62597,1:1:1;1:2:2;1:4:3;1:4:3,4,5,0,0,0,1,0,0,0,0,0,0,48,24
62598,1:1:1;1:2:2;1:4:3;1:4:3,5,0,0,0,0,1,0,0,0,0,0,0,67,24
62599,1:1:1;1:2:2;1:4:3;1:4:3,5,1,0,0,0,1,0,0,0,0,0,0,67,24
62600,1:1:1;1:2:2;1:4:3;1:4:3,5,2,0,0,0,1,0,0,0,0,0,0,67,24
62601,1:1:1;1:2:2;1:4:3;1:4:3,5,3,0,0,0,1,0,0,0,0,0,0,67,24
62602,1:1:1;1:2:2;1:4:3;1:4:3,5,4,0,0,0,1,0,0,0,0,0,0,67,24
62603,1:1:1;1:2:2;1:4:3;1:4:3,5,5,0,0,0,1,0,0,0,0,0,0,67,24
62604,1:1:1;1:3:2;1:3:2;1:3:2,0,0,0,0,0,1,0,0,0,0,0,0,1,24
62605,1:1:1;1:3:2;1:3:2;1:3:2,0,1,0,0,0,1,0,0,0,0,0,0,1,24
62606,1:1:1;1:3:2;1:3:2;1:3:2,0,2,0,0,0,1,0,0,0,0,0,0,1,24
62607,1:1:1;1:3:2;1:3:2;1:3:2,0,3,0,0,0,1,0,0,0,0,0,0,1,24
62608,1:1:1;1:3:2;1:3:2;1:3:2,0,4,0,0,0,1,0,0,0,0,0,0,1,24
62609,1:1:1;1:3:2;1:3:2;1:3:2,0,5,0,0,0,1,0,0,0,0,0,0,1,24
62610,1:1:1;1:3:2;1:3:2;1:3:2,1,0,0,0,0,1,0,0,0,0,0,0,5,24
62611,1:1:1;1:3:2;1:3:2;1:3:2,1,1,0,0,0,1,0,0,0,0,0,0,5,24
62612,1:1:1;1:3:2;1:3:2;1:3:2,1,2,0,0,0,1,0,0,0,0,0,0,5,24
62613,1:1:1;1:3:2;1:3:2;1:3:2,1,3,0,0,0,1,0,0,0,0,0,0,5,24
62614,1:1:1;1:3:2;1:3:2;1:3:2,1,4,0,0,0,1,0,0,0,0,0,0,5,24
62615,1:1:1;1:3:2;1:3:2;1:3:2,1,5,0,0,0,1,0,0,0,0,0,0,5,24
62616,1:1:1;1:3:2;1:3:2;1:3:2,2,0,0,0,0,1,0,0,0,0,0,0,14,24
62617,1:1:1;1:3:2;1:3:2;1:3:2,2,1,0,0,0,1,0,0,0,0,0,0,14,24
62618,1:1:1;1:3:2;1:3:2;1:3:2,2,2,0,0,0,1,0,0,0,0,0,0,14,24
62619,1:1:1;1:3:2;1:3:2;1:3:2,2,3,0,0,0,1,0,0,0,0,0,0,14,24
62620,1:1:1;1:3:2;1:3:2;1:3:2,2,4,0,0,0,1,0,0,0,0,0,0,14,24
62621,1:1:1;1:3:2;1:3:2;1:3:2,2,5,0,0,0,1,0,0,0,0,0,0,14,24
62622,1:1:1;1:3:2;1:3:2;1:3:2,3,0,0,0,0,1,0,0,0,0,0,0,27,24
62623,1:1:1;1:3:2;1:3:2;1:3:2,3,1,0,0,0,1,0,0,0,0,0,0,27,24
62624,1:1:1;1:3:2;1:3:2;1:3:2,3,2,0,0,0,1,0,0,0,0,0,0,27,24
62625,1:1:1;1:3:2;1:3:2;1:3:2,3,3,0,0,0,1,0,0,0,0,0,0,27,24
62626,1:1:1;1:3:2;1:3:2;1:3:2,3,4,0,0,0,1,0,0,0,0,0,0,27,24
62627,1:1:1;1:3:2;1:3:2;1:3:2,3,5,0,0,0,1,0,0,0,0,0,0,27,24
62628,1:1:1;1:3:2;1:3:2;1:3:2,4,0,0,0,0,1,0,0,0,0,0,0,40,24
62629,1:1:1;1:3:2;1:3:2;1:3:2,4,1,0,0,0,1,0,0,0,0,0,0,40,24
62630,1:1:1;1:3:2;1:3:2;1:3:2,4,2,0,0,0,1,0,0,0,0,0,0,40,24
62631,1:1:1;1:3:2;1:3:2;1:3:2,4,3,0,0,0,1,0,0,0,0,0,0,40,24
62632,1:1:1;1:3:2;1:3:2;1:3:2,4,4,0,0,0,1,0,0,0,0,0,0,40,24
62633,1:1:1;1:3:2;1:3:2;1:3:2,4,5,0,0,0,1,0,0,0,0,0,0,40,24
62634,1:1:1;1:3:2;1:3:2;1:3:2,5,0,0,0,0,1,0,0,0,0,0,0,49,24
62635,1:1:1;1:3:2;1:3:2;1:3:2,5,1,0,0,0,1,0,0,0,0,0,0,49,24
62636,1:1:1;1:3:2;1:3:2;1:3:2,5,2,0,0,0,1,0,0,0,0,0,0,49,24
62637,1:1:1;1:3:2;1:3:2;1:3:2,5,3,0,0,0,1,0,0,0,0,0,0,49,24
62638,1:1:1;1:3:2;1:3:2;1:3:2,5,4,0,0,0,1,0,0,0,0,0,0,49,24
62639,1:1:1;1:3:2;1:3:2;1:3:2,5,5,0,0,0,1,0,0,0,0,0,0,49,24
62640,1:1:1;1:3:2;1:3:2;1:3:3,0,0,0,0,0,1,0,0,0,0,0,0,1,24
62641,1:1:1;1:3:2;1:3:2;1:3:3,0,1,0,0,0,1,0,0,0,0,0,0,1,24
62642,1:1:1;1:3:2;1:3:2;1:3:3,0,2,0,0,0,1,0,0,0,0,0,0,1,24
62643,1:1:1;1:3:2;1:3:2;1:3:3,0,3,0,0,0,1,0,0,0,0,0,0,1,24
62644,1:1:1;1:3:2;1:3:2;1:3:3,0,4,0,0,0,1,0,0,0,0,0,0,1,24
62645,1:1:1;1:3:2;1:3:2;1:3:3,0,5,0,0,0,1,0,0,0,0,0,0,1,24
62646,1:1:1;1:3:2;1:3:2;1:3:3,1,0,0,0,0,1,0,0,0,0,0,0,5,24
62647,1:1:1;1:3:2;1:3:2;1:3:3,1,1,0,0,0,1,0,0,0,0,0,0,5,24
62648,1:1:1;1:3:2;1:3:2;1:3:3,1,2,0,0,0,1,0,0,0,0,0,0,5,24
62649,1:1:1;1:3:2;1:3:2;1:3:3,1,3,0,0,0,1,0,0,0,0,0,0,5,24
62650,1:1:1;1:3:2;1:3:2;1:3:3,1,4,0,0,0,1,0,0,0,0,0,0,5,24
62651,1:1:1;1:3:2;1:3:2;1:3:3,1,5,0,0,0,1,0,0,0,0,0,0,5,24
62652,1:1:1;1:3:2;1:3:2;1:3:3,2,0,0,0,0,1,0,0,0,0,0,0,14,24
62653,1:1:1;1:3:2;1:3:2;1:3:3,2,1,0,0,0,1,0,0,0,0,0,0,14,24
62654,1:1:1;1:3:2;1:3:2;1:3:3,2,2,0,0,0,1,0,0,0,0,0,0,14,24
62655,1:1:1;1:3:2;1:3:2;1:3:3,2,3,0,0,0,1,0,0,0,0,0,0,14,24
62656,1:1:1;1:3:2;1:3:2;1:3:3,2,4,0,0,0,1,0,0,0,0,0,0,14,24
62657,1:1:1;1:3:2;1:3:2;1:3:3,2,5,0,0,0,1,0,0,0,0,0,0,14,24
62658,1:1:1;1:3:2;1:3:2;1:3:3,3,0,0,0,0,1,0,0,0,0,0,0,28,24
62659,1:1:1;1:3:2;1:3:2;1:3:3,3,1,0,0,0,1,0,0,0,0,0,0,28,24
62660,1:1:1;1:3:2;1:3:2;1:3:3,3,2,0,0,0,1,0,0,0,0,0,0,28,24
62661,1:1:1;1:3:2;1:3:2;1:3:3,3,3,0,0,0,1,0,0,0,0,0,0,28,24
62662,1:1:1;1:3:2;1:3:2;1:3:3,3,4,0,0,0,1,0,0,0,0,0,0,28,24
62663,1:1:1;1:3:2;1:3:2;1:3:3,3,5,0,0,0,1,0,0,0,0,0,0,28,24
62664,1:1:1;1:3:2;1:3:2;1:3:3,4,0,0,0,0,1,0,0,0,0,0,0,44,24
62665,1:1:1;1:3:2;1:3:2;1:3:3,4,1,0,0,0,1,0,0,0,0,0,0,44,24
62666,1:1:1;1:3:2;1:3:2;1:3:3,4,2,0,0,0,1,0,0,0,0,0,0,44,24
62667,1:1:1;1:3:2;1:3:2;1:3:3,4,3,0,0,0,1,0,0,0,0,0,0,44,24
62668,1:1:1;1:3:2;1:3:2;1:3:3,4,4,0,0,0,1,0,0,0,0,0,0,44,24
62669,1:1:1;1:3:2;1:3:2;1:3:3,4,5,0,0,0,1,0,0,0,0,0,0,44,24
62670,1:1:1;1:3:2;1:3:2;1:3:3,5,0,0,0,0,1,0,0,0,0,0,0,58,24
62671,1:1:1;1:3:2;1:3:2;1:3:3,5,1,0,0,0,1,0,0,0,0,0,0,58,24
62672,1:1:1;1:3:2;1:3:2;1:3:3,5,2,0,0,0,1,0,0,0,0,0,0,58,24
62673,1:1:1;1:3:2;1:3:2;1:3:3,5,3,0,0,0,1,0,0,0,0,0,0,58,24
62674,1:1:1;1:3:2;1:3:2;1:3:3,5,4,0,0,0,1,0,0,0,0,0,0,58,24
62675,1:1:1;1:3:2;1:3:2;1:3:3,5,5,0,0,0,1,0,0,0,0,0,0,58,24
62676,1:1:1;1:3:2;1:3:2;1:4:3,0,0,0,0,0,1,0,0,0,0,0,0,1,24
62677,1:1:1;1:3:2;1:3:2;1:4:3,0,1,0,0,0,1,0,0,0,0,0,0,1,24
62678,1:1:1;1:3:2;1:3:2;1:4:3,0,2,0,0,0,1,0,0,0,0,0,0,1,24
62679,1:1:1;1:3:2;1:3:2;1:4:3,0,3,0,0,0,1,0,0,0,0,0,0,1,24
62680,1:1:1;1:3:2;1:3:2;1:4:3,0,4,0,0,0,1,0,0,0,0,0,0,1,24
62681,1:1:1;1:3:2;1:3:2;1:4:3,0,5,0,0,0,1,0,0,0,0,0,0,1,24
62682,1:1:1;1:3:2;1:3:2;1:4:3,1,0,0,0,0,1,0,0,0,0,0,0,5,24
62683,1:1:1;1:3:2;1:3:2;1:4:3,1,1,0,0,0,1,0,0,0,0,0,0,5,24
62684,1:1:1;1:3:2;1:3:2;1:4:3,1,2,0,0,0,1,0,0,0,0,0,0,5,24
62685,1:1:1;1:3:2;1:3:2;1:4:3,1,3,0,0,0,1,0,0,0,0,0,0,5,24
62686,1:1:1;1:3:2;1:3:2;1:4:3,1,4,0,0,0,1,0,0,0,0,0,0,5,24
62687,1:1:1;1:3:2;1:3:2;1:4:3,1,5,0,0,0,1,0,0,0,0,0,0,5,24
62688,1:1:1;1:3:2;1:3:2;1:4:3,2,0,0,0,0,1,0,0,0,0,0,0,14,24
62689,1:1:1;1:3:2;1:3:2;1:4:3,2,1,0,0,0,1,0,0,0,0,0,0,14,24
62690,1:1:1;1:3:2;1:3:2;1:4:3,2,2,0,0,0,1,0,0,0,0,0,0,14,24
62691,1:1:1;1:3:2;1:3:2;1:4:3,2,3,0,0,0,1,0,0,0,0,0,0,14,24
62692,1:1:1;1:3:2;1:3:2;1:4:3,2,4,0,0,0,1,0,0,0,0,0,0,14,24
62693,1:1:1;1:3:2;1:3:2;1:4:3,2,5,0,0,0,1,0,0,0,0,0,0,14,24
62694,1:1:1;1:3:2;1:3:2;1:4:3,3,0,0,0,0,1,0,0,0,0,0,0,28,24
62695,1:1:1;1:3:2;1:3:2;1:4:3,3,1,0,0,0,1,0,0,0,0,0,0,28,24
62696,1:1:1;1:3:2;1:3:2;1:4:3,3,2,0,0,0,1,0,0,0,0,0,0,28,24
62697,1:1:1;1:3:2;1:3:2;1:4:3,3,3,0,0,0,1,0,0,0,0,0,0,28,24
62698,1:1:1;1:3:2;1:3:2;1:4:3,3,4,0,0,0,1,0,0,0,0,0,0,28,24
62699,1:1:1;1:3:2;1:3:2;1:4:3,3,5,0,0,0,1,0,0,0,0,0,0,28,24
62700,1:1:1;1:3:2;1:3:2;1:4:3,4,0,0,0,0,1,0,0,0,0,0,0,44,24
62701,1:1:1;1:3:2;1:3:2;1:4:3,4,1,0,0,0,1,0,0,0,0,0,0,44,24
62702,1:1:1;1:3:2;1:3:2;1:4:3,4,2,0,0,0,1,0,0,0,0,0,0,44,24
62703,1:1:1;1:3:2;1:3:2;1:4:3,4,3,0,0,0,1,0,0,0,0,0,0,44,24
62704,1:1:1;1:3:2;1:3:2;1:4:3,4,4,0,0,0,1,0,0,0,0,0,0,44,24
62705,1:1:1;1:3:2;1:3:2;1:4:3,4,5,0,0,0,1,0,0,0,0,0,0,44,24
62706,1:1:1;1:3:2;1:3:2;1:4:3,5,0,0,0,0,1,0,0,0,0,0,0,58,24
62707,1:1:1;1:3:2;1:3:2;1:4:3,5,1,0,0,0,1,0,0,0,0,0,0,58,24
62708,1:1:1;1:3:2;1:3:2;1:4:3,5,2,0,0,0,1,0,0,0,0,0,0,58,24
62709,1:1:1;1:3:2;1:3:2;1:4:3,5,3,0,0,0,1,0,0,0,0,0,0,58,24
62710,1:1:1;1:3:2;1:3:2;1:4:3,5,4,0,0,0,1,0,0,0,0,0,0,58,24
62711,1:1:1;1:3:2;1:3:2;1:4:3,5,5,0,0,0,1,0,0,0,0,0,0,58,24
62712,1:1:1;1:3:2;1:3:3;1:3:3,0,0,0,0,0,1,0,0,0,0,0,0,1,24
62713,1:1:1;1:3:2;1:3:3;1:3:3,0,1,0,0,0,1,0,0,0,0,0,0,1,24
62714,1:1:1;1:3:2;1:3:3;1:3:3,0,2,0,0,0,1,0,0,0,0,0,0,1,24
62715,1:1:1;1:3:2;1:3:3;1:3:3,0,3,0,0,0,1,0,0,0,0,0,0,1,24
62716,1:1:1;1:3:2;1:3:3;1:3:3,0,4,0,0,0,1,0,0,0,0,0,0,1,24
62717,1:1:1;1:3:2;1:3:3;1:3:3,0,5,0,0,0,1,0,0,0,0,0,0,1,24
62718,1:1:1;1:3:2;1:3:3;1:3:3,1,0,0,0,0,1,0,0,0,0,0,0,5,24
62719,1:1:1;1:3:2;1:3:3;1:3:3,1,1,0,0,0,1,0,0,0,0,0,0,5,24
62720,1:1:1;1:3:2;1:3:3;1:3:3,1,2,0,0,0,1,0,0,0,0,0,0,5,24
62721,1:1:1;1:3:2;1:3:3;1:3:3,1,3,0,0,0,1,0,0,0,0,0,0,5,24
62722,1:1:1;1:3:2;1:3:3;1:3:3,1,4,0,0,0,1,0,0,0,0,0,0,5,24
62723,1:1:1;1:3:2;1:3:3;1:3:3,1,5,0,0,0,1,0,0,0,0,0,0,5,24
62724,1:1:1;1:3:2;1:3:3;1:3:3,2,0,0,0,0,1,0,0,0,0,0,0,14,24
62725,1:1:1;1:3:2;1:3:3;1:3:3,2,1,0,0,0,1,0,0,0,0,0,0,14,24
62726,1:1:1;1:3:2;1:3:3;1:3:3,2,2,0,0,0,1,0,0,0,0,0,0,14,24
62727,1:1:1;1:3:2;1:3:3;1:3:3,2,3,0,0,0,1,0,0,0,0,0,0,14,24
62728,1:1:1;1:3:2;1:3:3;1:3:3,2,4,0,0,0,1,0,0,0,0,0,0,14,24
62729,1:1:1;1:3:2;1:3:3;1:3:3,2,5,0,0,0,1,0,0,0,0,0,0,14,24
62730,1:1:1;1:3:2;1:3:3;1:3:3,3,0,0,0,0,1,0,0,0,0,0,0,29,24
62731,1:1:1;1:3:2;1:3:3;1:3:3,3,1,0,0,0,1,0,0,0,0,0,0,29,24
62732,1:1:1;1:3:2;1:3:3;1:3:3,3,2,0,0,0,1,0,0,0,0,0,0,29,24
62733,1:1:1;1:3:2;1:3:3;1:3:3,3,3,0,0,0,1,0,0,0,0,0,0,29,24
62734,1:1:1;1:3:2;1:3:3;1:3:3,3,4,0,0,0,1,0,0,0,0,0,0,29,24
62735,1:1:1;1:3:2;1:3:3;1:3:3,3,5,0,0,0,1,0,0,0,0,0,0,29,24
62736,1:1:1;1:3:2;1:3:3;1:3:3,4,0,0,0,0,1,0,0,0,0,0,0,48,24
62737,1:1:1;1:3:2;1:3:3;1:3:3,4,1,0,0,0,1,0,0,0,0,0,0,48,24
62738,1:1:1;1:3:2;1:3:3;1:3:3,4,2,0,0,0,1,0,0,0,0,0,0,48,24
62739,1:1:1;1:3:2;1:3:3;1:3:3,4,3,0,0,0,1,0,0,0,0,0,0,48,24
62740,1:1:1;1:3:2;1:3:3;1:3:3,4,4,0,0,0,1,0,0,0,0,0,0,48,24
62741,1:1:1;1:3:2;1:3:3;1:3:3,4,5,0,0,0,1,0,0,0,0,0,0,48,24
62742,1:1:1;1:3:2;1:3:3;1:3:3,5,0,0,0,0,1,0,0,0,0,0,0,67,24
62743,1:1:1;1:3:2;1:3:3;1:3:3,5,1,0,0,0,1,0,0,0,0,0,0,67,24
62744,1:1:1;1:3:2;1:3:3;1:3:3,5,2,0,0,0,1,0,0,0,0,0,0,67,24
62745,1:1:1;1:3:2;1:3:3;1:3:3,5,3,0,0,0,1,0,0,0,0,0,0,67,24
62746,1:1:1;1:3:2;1:3:3;1:3:3,5,4,0,0,0,1,0,0,0,0,0,0,67,24
62747,1:1:1;1:3:2;1:3:3;1:3:3,5,5,0,0,0,1,0,0,0,0,0,0,67,24
62748,1:1:1;1:3:2;1:3:3;1:4:3,0,0,0,0,0,1,0,0,0,0,0,0,1,24
62749,1:1:1;1:3:2;1:3:3;1:4:3,0,1,0,0,0,1,0,0,0,0,0,0,1,24
62750,1:1:1;1:3:2;1:3:3;1:4:3,0,2,0,0,0,1,0,0,0,0,0,0,1,24
62751,1:1:1;1:3:2;1:3:3;1:4:3,0,3,0,0,0,1,0,0,0,0,0,0,1,24
62752,1:1:1;1:3:2;1:3:3;1:4:3,0,4,0,0,0,1,0,0,0,0,0,0,1,24
62753,1:1:1;1:3:2;1:3:3;1:4:3,0,5,0,0,0,1,0,0,0,0,0,0,1,24
62754,1:1:1;1:3:2;1:3:3;1:4:3,1,0,0,0,0,1,0,0,0,0,0,0,5,24
62755,1:1:1;1:3:2;1:3:3;1:4:3,1,1,0,0,0,1,0,0,0,0,0,0,5,24
62756,1:1:1;1:3:2;1:3:3;1:4:3,1,2,0,0,0,1,0,0,0,0,0,0,5,24
62757,1:1:1;1:3:2;1:3:3;1:4:3,1,3,0,0,0,1,0,0,0,0,0,0,5,24
62758,1:1:1;1:3:2;1:3:3;1:4:3,1,4,0,0,0,1,0,0,0,0,0,0,5,24
62759,1:1:1;1:3:2;1:3:3;1:4:3,1,5,0,0,0,1,0,0,0,0,0,0,5,24
62760,1:1:1;1:3:2;1:3:3;1:4:3,2,0,0,0,0,1,0,0,0,0,0,0,14,24
62761,1:1:1;1:3:2;1:3:3;1:4:3,2,1,0,0,0,1,0,0,0,0,0,0,14,24
62762,1:1:1;1:3:2;1:3:3;1:4:3,2,2,0,0,0,1,0,0,0,0,0,0,14,24
62763,1:1:1;1:3:2;1:3:3;1:4:3,2,3,0,0,0,1,0,0,0,0,0,0,14,24
62764,1:1:1;1:3:2;1:3:3;1:4:3,2,4,0,0,0,1,0,0,0,0,0,0,14,24
62765,1:1:1;1:3:2;1:3:3;1:4:3,2,5,0,0,0,1,0,0,0,0,0,0,14,24
62766,1:1:1;1:3:2;1:3:3;1:4:3,3,0,0,0,0,1,0,0,0,0,0,0,29,24
62767,1:1:1;1:3:2;1:3:3;1:4:3,3,1,0,0,0,1,0,0,0,0,0,0,29,24
62768,1:1:1;1:3:2;1:3:3;1:4:3,3,2,0,0,0,1,0,0,0,0,0,0,29,24
62769,1:1:1;1:3:2;1:3:3;1:4:3,3,3,0,0,0,1,0,0,0,0,0,0,29,24
62770,1:1:1;1:3:2;1:3:3;1:4:3,3,4,0,0,0,1,0,0,0,0,0,0,29,24
62771,1:1:1;1:3:2;1:3:3;1:4:3,3,5,0,0,0,1,0,0,0,0,0,0,29,24
62772,1:1:1;1:3:2;1:3:3;1:4:3,4,0,0,0,0,1,0,0,0,0,0,0,48,24
62773,1:1:1;1:3:2;1:3:3;1:4:3,4,1,0,0,0,1,0,0,0,0,0,0,48,24
62774,1:1:1;1:3:2;1:3:3;1:4:3,4,2,0,0,0,1,0,0,0,0,0,0,48,24
62775,1:1:1;1:3:2;1:3:3;1:4:3,4,3,0,0,0,1,0,0,0,0,0,0,48,24
62776,1:1:1;1:3:2;1:3:3;1:4:3,4,4,0,0,0,1,0,0,0,0,0,0,48,24
62777,1:1:1;1:3:2;1:3:3;1:4:3,4,5,0,0,0,1,0,0,0,0,0,0,48,24
62778,1:1:1;1:3:2;1:3:3;1:4:3,5,0,0,0,0,1,0,0,0,0,0,0,67,24
62779,1:1:1;1:3:2;1:3:3;1:4:3,5,1,0,0,0,1,0,0,0,0,0,0,67,24
62780,1:1:1;1:3:2;1:3:3;1:4:3,5,2,0,0,0,1,0,0,0,0,0,0,67,24
62781,1:1:1;1:3:2;1:3:3;1:4:3,5,3,0,0,0,1,0,0,0,0,0,0,67,24
62782,1:1:1;1:3:2;1:3:3;1:4:3,5,4,0,0,0,1,0,0,0,0,0,0,67,24
62783,1:1:1;1:3:2;1:3:3;1:4:3,5,5,0,0,0,1,0,0,0,0,0,0,67,24
62784,1:1:1;1:3:2;1:4:3;1:4:3,0,0,0,0,0,1,0,0,0,0,0,0,1,24
62785,1:1:1;1:3:2;1:4:3;1:4:3,0,1,0,0,0,1,0,0,0,0,0,0,1,24
62786,1:1:1;1:3:2;1:4:3;1:4:3,0,2,0,0,0,1,0,0,0,0,0,0,1,24
62787,1:1:1;1:3:2;1:4:3;1:4:3,0,3,0,0,0,1,0,0,0,0,0,0,1,24
62788,1:1:1;1:3:2;1:4:3;1:4:3,0,4,0,0,0,1,0,0,0,0,0,0,1,24
62789,1:1:1;1:3:2;1:4:3;1:4:3,0,5,0,0,0,1,0,0,0,0,0,0,1,24
62790,1:1:1;1:3:2;1:4:3;1:4:3,1,0,0,0,0,1,0,0,0,0,0,0,5,24
62791,1:1:1;1:3:2;1:4:3;1:4:3,1,1,0,0,0,1,0,0,0,0,0,0,5,24
62792,1:1:1;1:3:2;1:4:3;1:4:3,1,2,0,0,0,1,0,0,0,0,0,0,5,24
62793,1:1:1;1:3:2;1:4:3;1:4:3,1,3,0,0,0,1,0,0,0,0,0,0,5,24
62794,1:1:1;1:3:2;1:4:3;1:4:3,1,4,0,0,0,1,0,0,0,0,0,0,5,24
62795,1:1:1;1:3:2;1:4:3;1:4:3,1,5,0,0,0,1,0,0,0,0,0,0,5,24
62796,1:1:1;1:3:2;1:4:3;1:4:3,2,0,0,0,0,1,0,0,0,0,0,0,14,24
62797,1:1:1;1:3:2;1:4:3;1:4:3,2,1,0,0,0,1,0,0,0,0,0,0,14,24
62798,1:1:1;1:3:2;1:4:3;1:4:3,2,2,0,0,0,1,0,0,0,0,0,0,14,24
62799,1:1:1;1:3:2;1:4:3;1:4:3,2,3,0,0,0,1,0,0,0,0,0,0,14,24
62800,1:1:1;1:3:2;1:4:3;1:4:3,2,4,0,0,0,1,0,0,0,0,0,0,14,24
62801,1:1:1;1:3:2;1:4:3;1:4:3,2,5,0,0,0,1,0,0,0,0,0,0,14,24
62802,1:1:1;1:3:2;1:4:3;1:4:3,3,0,0,0,0,1,0,0,0,0,0,0,29,24
62803,1:1:1;1:3:2;1:4:3;1:4:3,3,1,0,0,0,1,0,0,0,0,0,0,29,24
62804,1:1:1;1:3:2;1:4:3;1:4:3,3,2,0,0,0,1,0,0,0,0,0,0,29,24
62805,1:1:1;1:3:2;1:4:3;1:4:3,3,3,0,0,0,1,0,0,0,0,0,0,29,24
62806,1:1:1;1:3:2;1:4:3;1:4:3,3,4,0,0,0,1,0,0,0,0,0,0,29,24
62807,1:1:1;1:3:2;1:4:3;1:4:3,3,5,0,0,0,1,0,0,0,0,0,0,29,24
62808,1:1:1;1:3:2;1:4:3;1:4:3,4,0,0,0,0,1,0,0,0,0,0,0,48,24
62809,1:1:1;1:3:2;1:4:3;1:4:3,4,1,0,0,0,1,0,0,0,0,0,0,48,24
62810,1:1:1;1:3:2;1:4:3;1:4:3,4,2,0,0,0,1,0,0,0,0,0,0,48,24
62811,1:1:1;1:3:2;1:4:3;1:4:3,4,3,0,0,0,1,0,0,0,0,0,0,48,24
62812,1:1:1;1:3:2;1:4:3;1:4:3,4,4,0,0,0,1,0,0,0,0,0,0,48,24
62813,1:1:1;1:3:2;1:4:3;1:4:3,4,5,0,0,0,1,0,0,0,0,0,0,48,24
62814,1:1:1;1:3:2;1:4:3;1:4:3,5,0,0,0,0,1,0,0,0,0,0,0,67,24
62815,1:1:1;1:3:2;1:4:3;1:4:3,5,1,0,0,0,1,0,0,0,0,0,0,67,24
62816,1:1:1;1:3:2;1:4:3;1:4:3,5,2,0,0,0,1,0,0,0,0,0,0,67,24
62817,1:1:1;1:3:2;1:4:3;1:4:3,5,3,0,0,0,1,0,0,0,0,0,0,67,24
62818,1:1:1;1:3:2;1:4:3;1:4:3,5,4,0,0,0,1,0,0,0,0,0,0,67,24
62819,1:1:1;1:3:2;1:4:3;1:4:3,5,5,0,0,0,1,0,0,0,0,0,0,67,24
62820,1:1:1;1:3:3;1:3:3;1:3:3,0,0,0,0,0,1,0,0,0,0,0,0,1,24
62821,1:1:1;1:3:3;1:3:3;1:3:3,0,1,0,0,0,1,0,0,0,0,0,0,1,24
62822,1:1:1;1:3:3;1:3:3;1:3:3,0,2,0,0,0,1,0,0,0,0,0,0,1,24
62823,1:1:1;1:3:3;1:3:3;1:3:3,0,3,0,0,0,1,0,0,0,0,0,0,1,24
62824,1:1:1;1:3:3;1:3:3;1:3:3,0,4,0,0,0,1,0,0,0,0,0,0,1,24
62825,1:1:1;1:3:3;1:3:3;1:3:3,0,5,0,0,0,1,0,0,0,0,0,0,1,24
62826,1:1:1;1:3:3;1:3:3;1:3:3,1,0,0,0,0,1,0,0,0,0,0,0,5,24
62827,1:1:1;1:3:3;1:3:3;1:3:3,1,1,0,0,0,1,0,0,0,0,0,0,5,24
62828,1:1:1;1:3:3;1:3:3;1:3:3,1,2,0,0,0,1,0,0,0,0,0,0,5,24
62829,1:1:1;1:3:3;1:3:3;1:3:3,1,3,0,0,0,1,0,0,0,0,0,0,5,24
62830,1:1:1;1:3:3;1:3:3;1:3:3,1,4,0,0,0,1,0,0,0,0,0,0,5,24
62831,1:1:1;1:3:3;1:3:3;1:3:3,1,5,0,0,0,1,0,0,0,0,0,0,5,24
62832,1:1:1;1:3:3;1:3:3;1:3:3,2,0,0,0,0,1,0,0,0,0,0,0,14,24
62833,1:1:1;1:3:3;1:3:3;1:3:3,2,1,0,0,0,1,0,0,0,0,0,0,14,24
62834,1:1:1;1:3:3;1:3:3;1:3:3,2,2,0,0,0,1,0,0,0,0,0,0,14,24
62835,1:1:1;1:3:3;1:3:3;1:3:3,2,3,0,0,0,1,0,0,0,0,0,0,14,24
62836,1:1:1;1:3:3;1:3:3;1:3:3,2,4,0,0,0,1,0,0,0,0,0,0,14,24
62837,1:1:1;1:3:3;1:3:3;1:3:3,2,5,0,0,0,1,0,0,0,0,0,0,14,24
62838,1:1:1;1:3:3;1:3:3;1:3:3,3,0,0,0,0,1,0,0,0,0,0,0,30,24
62839,1:1:1;1:3:3;1:3:3;1:3:3,3,1,0,0,0,1,0,0,0,0,0,0,30,24
62840,1:1:1;1:3:3;1:3:3;1:3:3,3,2,0,0,0,1,0,0,0,0,0,0,30,24
62841,1:1:1;1:3:3;1:3:3;1:3:3,3,3,0,0,0,1,0,0,0,0,0,0,30,24
62842,1:1:1;1:3:3;1:3:3;1:3:3,3,4,0,0,0,1,0,0,0,0,0,0,30,24
62843,1:1:1;1:3:3;1:3:3;1:3:3,3,5,0,0,0,1,0,0,0,0,0,0,30,24
62844,1:1:1;1:3:3;1:3:3;1:3:3,4,0,0,0,0,1,0,0,0,0,0,0,52,24
62845,1:1:1;1:3:3;1:3:3;1:3:3,4,1,0,0,0,1,0,0,0,0,0,0,52,24
62846,1:1:1;1:3:3;1:3:3;1:3:3,4,2,0,0,0,1,0,0,0,0,0,0,52,24
62847,1:1:1;1:3:3;1:3:3;1:3:3,4,3,0,0,0,1,0,0,0,0,0,0,52,24
62848,1:1:1;1:3:3;1:3:3;1:3:3,4,4,0,0,0,1,0,0,0,0,0,0,52,24
62849,1:1:1;1:3:3;1:3:3;1:3:3,4,5,0,0,0,1,0,0,0,0,0,0,52,24
62850,1:1:1;1:3:3;1:3:3;1:3:3,5,0,0,0,0,1,0,0,0,0,0,0,76,24
62851,1:1:1;1:3:3;1:3:3;1:3:3,5,1,0,0,0,1,0,0,0,0,0,0,76,24
62852,1:1:1;1:3:3;1:3:3;1:3:3,5,2,0,0,0,1,0,0,0,0,0,0,76,24
62853,1:1:1;1:3:3;1:3:3;1:3:3,5,3,0,0,0,1,0,0,0,0,0,0,76,24
62854,1:1:1;1:3:3;1:3:3;1:3:3,5,4,0,0,0,1,0,0,0,0,0,0,76,24
62855,1:1:1;1:3:3;1:3:3;1:3:3,5,5,0,0,0,1,0,0,0,0,0,0,76,24
62856,1:1:1;1:3:3;1:3:3;1:4:3,0,0,0,0,0,1,0,0,0,0,0,0,1,24
62857,1:1:1;1:3:3;1:3:3;1:4:3,0,1,0,0,0,1,0,0,0,0,0,0,1,24
62858,1:1:1;1:3:3;1:3:3;1:4:3,0,2,0,0,0,1,0,0,0,0,0,0,1,24
62859,1:1:1;1:3:3;1:3:3;1:4:3,0,3,0,0,0,1,0,0,0,0,0,0,1,24
62860,1:1:1;1:3:3;1:3:3;1:4:3,0,4,0,0,0,1,0,0,0,0,0,0,1,24
62861,1:1:1;1:3:3;1:3:3;1:4:3,0,5,0,0,0,1,0,0,0,0,0,0,1,24
62862,1:1:1;1:3:3;1:3:3;1:4:3,1,0,0,0,0,1,0,0,0,0,0,0,5,24
62863,1:1:1;1:3:3;1:3:3;1:4:3,1,1,0,0,0,1,0,0,0,0,0,0,5,24
62864,1:1:1;1:3:3;1:3:3;1:4:3,1,2,0,0,0,1,0,0,0,0,0,0,5,24
62865,1:1:1;1:3:3;1:3:3;1:4:3,1,3,0,0,0,1,0,0,0,0,0,0,5,24
62866,1:1:1;1:3:3;1:3:3;1:4:3,1,4,0,0,0,1,0,0,0,0,0,0,5,24
62867,1:1:1;1:3:3;1:3:3;1:4:3,1,5,0,0,0,1,0,0,0,0,0,0,5,24
62868,1:1:1;1:3:3;1:3:3;1:4:3,2,0,0,0,0,1,0,0,0,0,0,0,14,24
62869,1:1:1;1:3:3;1:3:3;1:4:3,2,1,0,0,0,1,0,0,0,0,0,0,14,24
62870,1:1:1;1:3:3;1:3:3;1:4:3,2,2,0,0,0,1,0,0,0,0,0,0,14,24
62871,1:1:1;1:3:3;1:3:3;1:4:3,2,3,0,0,0,1,0,0,0,0,0,0,14,24
62872,1:1:1;1:3:3;1:3:3;1:4:3,2,4,0,0,0,1,0,0,0,0,0,0,14,24
62873,1:1:1;1:3:3;1:3:3;1:4:3,2,5,0,0,0,1,0,0,0,0,0,0,14,24
62874,1:1:1;1:3:3;1:3:3;1:4:3,3,0,0,0,0,1,0,0,0,0,0,0,30,24
62875,1:1:1;1:3:3;1:3:3;1:4:3,3,1,0,0,0,1,0,0,0,0,0,0,30,24
62876,1:1:1;1:3:3;1:3:3;1:4:3,3,2,0,0,0,1,0,0,0,0,0,0,30,24
62877,1:1:1;1:3:3;1:3:3;1:4:3,3,3,0,0,0,1,0,0,0,0,0,0,30,24
62878,1:1:1;1:3:3;1:3:3;1:4:3,3,4,0,0,0,1,0,0,0,0,0,0,30,24
62879,1:1:1;1:3:3;1:3:3;1:4:3,3,5,0,0,0,1,0,0,0,0,0,0,30,24
62880,1:1:1;1:3:3;1:3:3;1:4:3,4,0,0,0,0,1,0,0,0,0,0,0,52,24
62881,1:1:1;1:3:3;1:3:3;1:4:3,4,1,0,0,0,1,0,0,0,0,0,0,52,24
62882,1:1:1;1:3:3;1:3:3;1:4:3,4,2,0,0,0,1,0,0,0,0,0,0,52,24
62883,1:1:1;1:3:3;1:3:3;1:4:3,4,3,0,0,0,1,0,0,0,0,0,0,52,24
62884,1:1:1;1:3:3;1:3:3;1:4:3,4,4,0,0,0,1,0,0,0,0,0,0,52,24
62885,1:1:1;1:3:3;1:3:3;1:4:3,4,5,0,0,0,1,0,0,0,0,0,0,52,24
62886,1:1:1;1:3:3;1:3:3;1:4:3,5,0,0,0,0,1,0,0,0,0,0,0,76,24
62887,1:1:1;1:3:3;1:3:3;1:4:3,5,1,0,0,0,1,0,0,0,0,0,0,76,24
62888,1:1:1;1:3:3;1:3:3;1:4:3,5,2,0,0,0,1,0,0,0,0,0,0,76,24
62889,1:1:1;1:3:3;1:3:3;1:4:3,5,3,0,0,0,1,0,0,0,0,0,0,76,24
62890,1:1:1;1:3:3;1:3:3;1:4:3,5,4,0,0,0,1,0,0,0,0,0,0,76,24
62891,1:1:1;1:3:3;1:3:3;1:4:3,5,5,0,0,0,1,0,0,0,0,0,0,76,24
62892,1:1:1;1:3:3;1:4:3;1:4:3,0,0,0,0,0,1,0,0,0,0,0,0,1,24
62893,1:1:1;1:3:3;1:4:3;1:4:3,0,1,0,0,0,1,0,0,0,0,0,0,1,24
62894,1:1:1;1:3:3;1:4:3;1:4:3,0,2,0,0,0,1,0,0,0,0,0,0,1,24
62895,1:1:1;1:3:3;1:4:3;1:4:3,0,3,0,0,0,1,0,0,0,0,0,0,1,24
62896,1:1:1;1:3:3;1:4:3;1:4:3,0,4,0,0,0,1,0,0,0,0,0,0,1,24
62897,1:1:1;1:3:3;1:4:3;1:4:3,0,5,0,0,0,1,0,0,0,0,0,0,1,24
62898,1:1:1;1:3:3;1:4:3;1:4:3,1,0,0,0,0,1,0,0,0,0,0,0,5,24
62899,1:1:1;1:3:3;1:4:3;1:4:3,1,1,0,0,0,1,0,0,0,0,0,0,5,24
62900,1:1:1;1:3:3;1:4:3;1:4:3,1,2,0,0,0,1,0,0,0,0,0,0,5,24
62901,1:1:1;1:3:3;1:4:3;1:4:3,1,3,0,0,0,1,0,0,0,0,0,0,5,24
62902,1:1:1;1:3:3;1:4:3;1:4:3,1,4,0,0,0,1,0,0,0,0,0,0,5,24
62903,1:1:1;1:3:3;1:4:3;1:4:3,1,5,0,0,0,1,0,0,0,0,0,0,5,24
62904,1:1:1;1:3:3;1:4:3;1:4:3,2,0,0,0,0,1,0,0,0,0,0,0,14,24
62905,1:1:1;1:3:3;1:4:3;1:4:3,2,1,0,0,0,1,0,0,0,0,0,0,14,24
62906,1:1:1;1:3:3;1:4:3;1:4:3,2,2,0,0,0,1,0,0,0,0,0,0,14,24
62907,1:1:1;1:3:3;1:4:3;1:4:3,2,3,0,0,0,1,0,0,0,0,0,0,14,24
62908,1:1:1;1:3:3;1:4:3;1:4:3,2,4,0,0,0,1,0,0,0,0,0,0,14,24
62909,1:1:1;1:3:3;1:4:3;1:4:3,2,5,0,0,0,1,0,0,0,0,0,0,14,24
62910,1:1:1;1:3:3;1:4:3;1:4:3,3,0,0,0,0,1,0,0,0,0,0,0,30,24
62911,1:1:1;1:3:3;1:4:3;1:4:3,3,1,0,0,0,1,0,0,0,0,0,0,30,24
62912,1:1:1;1:3:3;1:4:3;1:4:3,3,2,0,0,0,1,0,0,0,0,0,0,30,24
62913,1:1:1;1:3:3;1:4:3;1:4:3,3,3,0,0,0,1,0,0,0,0,0,0,30,24
62914,1:1:1;1:3:3;1:4:3;1:4:3,3,4,0,0,0,1,0,0,0,0,0,0,30,24
62915,1:1:1;1:3:3;1:4:3;1:4:3,3,5,0,0,0,1,0,0,0,0,0,0,30,24
62916,1:1:1;1:3:3;1:4:3;1:4:3,4,0,0,0,0,1,0,0,0,0,0,0,52,24
62917,1:1:1;1:3:3;1:4:3;1:4:3,4,1,0,0,0,1,0,0,0,0,0,0,52,24
62918,1:1:1;1:3:3;1:4:3;1:4:3,4,2,0,0,0,1,0,0,0,0,0,0,52,24
62919,1:1:1;1:3:3;1:4:3;1:4:3,4,3,0,0,0,1,0,0,0,0,0,0,52,24
62920,1:1:1;1:3:3;1:4:3;1:4:3,4,4,0,0,0,1,0,0,0,0,0,0,52,24
62921,1:1:1;1:3:3;1:4:3;1:4:3,4,5,0,0,0,1,0,0,0,0,0,0,52,24
62922,1:1:1;1:3:3;1:4:3;1:4:3,5,0,0,0,0,1,0,0,0,0,0,0,76,24
62923,1:1:1;1:3:3;1:4:3;1:4:3,5,1,0,0,0,1,0,0,0,0,0,0,76,24
62924,1:1:1;1:3:3;1:4:3;1:4:3,5,2,0,0,0,1,0,0,0,0,0,0,76,24
62925,1:1:1;1:3:3;1:4:3;1:4:3,5,3,0,0,0,1,0,0,0,0,0,0,76,24
62926,1:1:1;1:3:3;1:4:3;1:4:3,5,4,0,0,0,1,0,0,0,0,0,0,76,24
62927,1:1:1;1:3:3;1:4:3;1:4:3,5,5,0,0,0,1,0,0,0,0,0,0,76,24
62928,1:1:1;1:4:3;1:4:3;1:4:3,0,0,0,0,0,1,0,0,0,0,0,0,1,24
62929,1:1:1;1:4:3;1:4:3;1:4:3,0,1,0,0,0,1,0,0,0,0,0,0,1,24
62930,1:1:1;1:4:3;1:4:3;1:4:3,0,2,0,0,0,1,0,0,0,0,0,0,1,24
62931,1:1:1;1:4:3;1:4:3;1:4:3,0,3,0,0,0,1,0,0,0,0,0,0,1,24
62932,1:1:1;1:4:3;1:4:3;1:4:3,0,4,0,0,0,1,0,0,0,0,0,0,1,24
62933,1:1:1;1:4:3;1:4:3;1:4:3,0,5,0,0,0,1,0,0,0,0,0,0,1,24
62934,1:1:1;1:4:3;1:4:3;1:4:3,1,0,0,0,0,1,0,0,0,0,0,0,5,24
62935,1:1:1;1:4:3;1:4:3;1:4:3,1,1,0,0,0,1,0,0,0,0,0,0,5,24
62936,1:1:1;1:4:3;1:4:3;1:4:3,1,2,0,0,0,1,0,0,0,0,0,0,5,24
62937,1:1:1;1:4:3;1:4:3;1:4:3,1,3,0,0,0,1,0,0,0,0,0,0,5,24
62938,1:1:1;1:4:3;1:4:3;1:4:3,1,4,0,0,0,1,0,0,0,0,0,0,5,24
62939,1:1:1;1:4:3;1:4:3;1:4:3,1,5,0,0,0,1,0,0,0,0,0,0,5,24
62940,1:1:1;1:4:3;1:4:3;1:4:3,2,0,0,0,0,1,0,0,0,0,0,0,14,24
62941,1:1:1;1:4:3;1:4:3;1:4:3,2,1,0,0,0,1,0,0,0,0,0,0,14,24
62942,1:1:1;1:4:3;1:4:3;1:4:3,2,2,0,0,0,1,0,0,0,0,0,0,14,24
62943,1:1:1;1:4:3;1:4:3;1:4:3,2,3,0,0,0,1,0,0,0,0,0,0,14,24
62944,1:1:1;1:4:3;1:4:3;1:4:3,2,4,0,0,0,1,0,0,0,0,0,0,14,24
62945,1:1:1;1:4:3;1:4:3;1:4:3,2,5,0,0,0,1,0,0,0,0,0,0,14,24
62946,1:1:1;1:4:3;1:4:3;1:4:3,3,0,0,0,0,1,0,0,0,0,0,0,30,24
62947,1:1:1;1:4:3;1:4:3;1:4:3,3,1,0,0,0,1,0,0,0,0,0,0,30,24
62948,1:1:1;1:4:3;1:4:3;1:4:3,3,2,0,0,0,1,0,0,0,0,0,0,30,24
62949,1:1:1;1:4:3;1:4:3;1:4:3,3,3,0,0,0,1,0,0,0,0,0,0,30,24
62950,1:1:1;1:4:3;1:4:3;1:4:3,3,4,0,0,0,1,0,0,0,0,0,0,30,24
62951,1:1:1;1:4:3;1:4:3;1:4:3,3,5,0,0,0,1,0,0,0,0,0,0,30,24
62952,1:1:1;1:4:3;1:4:3;1:4:3,4,0,0,0,0,1,0,0,0,0,0,0,52,24
62953,1:1:1;1:4:3;1:4:3;1:4:3,4,1,0,0,0,1,0,0,0,0,0,0,52,24
62954,1:1:1;1:4:3;1:4:3;1:4:3,4,2,0,0,0,1,0,0,0,0,0,0,52,24
62955,1:1:1;1:4:3;1:4:3;1:4:3,4,3,0,0,0,1,0,0,0,0,0,0,52,24
62956,1:1:1;1:4:3;1:4:3;1:4:3,4,4,0,0,0,1,0,0,0,0,0,0,52,24
62957,1:1:1;1:4:3;1:4:3;1:4:3,4,5,0,0,0,1,0,0,0,0,0,0,52,24
62958,1:1:1;1:4:3;1:4:3;1:4:3,5,0,0,0,0,1,0,0,0,0,0,0,76,24
62959,1:1:1;1:4:3;1:4:3;1:4:3,5,1,0,0,0,1,0,0,0,0,0,0,76,24
62960,1:1:1;1:4:3;1:4:3;1:4:3,5,2,0,0,0,1,0,0,0,0,0,0,76,24
62961,1:1:1;1:4:3;1:4:3;1:4:3,5,3,0,0,0,1,0,0,0,0,0,0,76,24
62962,1:1:1;1:4:3;1:4:3;1:4:3,5,4,0,0,0,1,0,0,0,0,0,0,76,24
62963,1:1:1;1:4:3;1:4:3;1:4:3,5,5,0,0,0,1,0,0,0,0,0,0,76,24
62964,1:2:1;1:2:1;1:2:1;1:2:1,0,0,0,0,0,1,0,0,0,0,0,0,1,24
62965,1:2:1;1:2:1;1:2:1;1:2:1,0,1,0,0,0,1,0,0,0,0,0,0,1,24
62966,1:2:1;1:2:1;1:2:1;1:2:1,0,2,0,0,0,1,0,0,0,0,0,0,1,24
62967,1:2:1;1:2:1;1:2:1;1:2:1,0,3,0,0,0,1,0,0,0,0,0,0,1,24
62968,1:2:1;1:2:1;1:2:1;1:2:1,0,4,0,0,0,1,0,0,0,0,0,0,1,24
62969,1:2:1;1:2:1;1:2:1;1:2:1,0,5,0,0,0,1,0,0,0,0,0,0,1,24
62970,1:2:1;1:2:1;1:2:1;1:2:1,1,0,0,0,0,1,0,0,0,0,0,0,5,24
62971,1:2:1;1:2:1;1:2:1;1:2:1,1,1,0,0,0,1,0,0,0,0,0,0,5,24
62972,1:2:1;1:2:1;1:2:1;1:2:1,1,2,0,0,0,1,0,0,0,0,0,0,5,24
62973,1:2:1;1:2:1;1:2:1;1:2:1,1,3,0,0,0,1,0,0,0,0,0,0,5,24
62974,1:2:1;1:2:1;1:2:1;1:2:1,1,4,0,0,0,1,0,0,0,0,0,0,5,24
62975,1:2:1;1:2:1;1:2:1;1:2:1,1,5,0,0,0,1,0,0,0,0,0,0,5,24
62976,1:2:1;1:2:1;1:2:1;1:2:1,2,0,0,0,0,1,0,0,0,0,0,0,11,24
62977,1:2:1;1:2:1;1:2:1;1:2:1,2,1,0,0,0,1,0,0,0,0,0,0,11,24
62978,1:2:1;1:2:1;1:2:1;1:2:1,2,2,0,0,0,1,0,0,0,0,0,0,11,24
62979,1:2:1;1:2:1;1:2:1;1:2:1,2,3,0,0,0,1,0,0,0,0,0,0,11,24
62980,1:2:1;1:2:1;1:2:1;1:2:1,2,4,0,0,0,1,0,0,0,0,0,0,11,24
62981,1:2:1;1:2:1;1:2:1;1:2:1,2,5,0,0,0,1,0,0,0,0,0,0,11,24
62982,1:2:1;1:2:1;1:2:1;1:2:1,3,0,0,0,0,1,0,0,0,0,0,0,15,24
62983,1:2:1;1:2:1;1:2:1;1:2:1,3,1,0,0,0,1,0,0,0,0,0,0,15,24
62984,1:2:1;1:2:1;1:2:1;1:2:1,3,2,0,0,0,1,0,0,0,0,0,0,15,24
62985,1:2:1;1:2:1;1:2:1;1:2:1,3,3,0,0,0,1,0,0,0,0,0,0,15,24
62986,1:2:1;1:2:1;1:2:1;1:2:1,3,4,0,0,0,1,0,0,0,0,0,0,15,24
62987,1:2:1;1:2:1;1:2:1;1:2:1,3,5,0,0,0,1,0,0,0,0,0,0,15,24
62988,1:2:1;1:2:1;1:2:1;1:2:1,4,0,1,1,1,0,1,1,1,1,1,5,5,1
62989,1:2:1;1:2:1;1:2:1;1:2:1,4,1,1,1,1,0,1,1,1,1,1,5,5,1
62990,1:2:1;1:2:1;1:2:1;1:2:1,4,2,1,1,1,0,1,1,1,1,1,5,5,1
62991,1:2:1;1:2:1;1:2:1;1:2:1,4,3,1,1,1,0,1,1,1,1,1,5,5,1
62992,1:2:1;1:2:1;1:2:1;1:2:1,4,4,1,1,1,0,1,1,1,1,1,5,5,1
62993,1:2:1;1:2:1;1:2:1;1:2:1,4,5,1,1,1,0,1,1,1,1,1,5,5,1
62994,1:2:1;1:2:1;1:2:1;1:2:1,5,0,1,1,1,0,1,1,1,1,1,5,5,1
62995,1:2:1;1:2:1;1:2:1;1:2:1,5,1,1,1,1,0,1,1,1,1,1,5,5,1
62996,1:2:1;1:2:1;1:2:1;1:2:1,5,2,1,1,1,0,1,1,1,1,1,5,5,1
62997,1:2:1;1:2:1;1:2:1;1:2:1,5,3,1,1,1,0,1,1,1,1,1,5,5,1
62998,1:2:1;1:2:1;1:2:1;1:2:1,5,4,1,1,1,0,1,1,1,1,1,5,5,1
62999,1:2:1;1:2:1;1:2:1;1:2:1,5,5,1,1,1,0,1,1,1,1,1,5,5,1
63000,1:2:1;1:2:1;1:2:1;1:2:2,0,0,0,0,0,1,0,0,0,0,0,0,1,24
63001,1:2:1;1:2:1;1:2:1;1:2:2,0,1,0,0,0,1,0,0,0,0,0,0,1,24
63002,1:2:1;1:2:1;1:2:1;1:2:2,0,2,0,0,0,1,0,0,0,0,0,0,1,24
63003,1:2:1;1:2:1;1:2:1;1:2:2,0,3,0,0,0,1,0,0,0,0,0,0,1,24
63004,1:2:1;1:2:1;1:2:1;1:2:2,0,4,0,0,0,1,0,0,0,0,0,0,1,24
63005,1:2:1;1:2:1;1:2:1;1:2:2,0,5,0,0,0,1,0,0,0,0,0,0,1,24
63006,1:2:1;1:2:1;1:2:1;1:2:2,1,0,0,0,0,1,0,0,0,0,0,0,5,24
63007,1:2:1;1:2:1;1:2:1;1:2:2,1,1,0,0,0,1,0,0,0,0,0,0,5,24
63008,1:2:1;1:2:1;1:2:1;1:2:2,1,2,0,0,0,1,0,0,0,0,0,0,5,24
63009,1:2:1;1:2:1;1:2:1;1:2:2,1,3,0,0,0,1,0,0,0,0,0,0,5,24
63010,1:2:1;1:2:1;1:2:1;1:2:2,1,4,0,0,0,1,0,0,0,0,0,0,5,24
63011,1:2:1;1:2:1;1:2:1;1:2:2,1,5,0,0,0,1,0,0,0,0,0,0,5,24
63012,1:2:1;1:2:1;1:2:1;1:2:2,2,0,0,0,0,1,0,0,0,0,0,0,12,24
63013,1:2:1;1:2:1;1:2:1;1:2:2,2,1,0,0,0,1,0,0,0,0,0,0,12,24
63014,1:2:1;1:2:1;1:2:1;1:2:2,2,2,0,0,0,1,0,0,0,0,0,0,12,24
63015,1:2:1;1:2:1;1:2:1;1:2:2,2,3,0,0,0,1,0,0,0,0,0,0,12,24
63016,1:2:1;1:2:1;1:2:1;1:2:2,2,4,0,0,0,1,0,0,0,0,0,0,12,24
63017,1:2:1;1:2:1;1:2:1;1:2:2,2,5,0,0,0,1,0,0,0,0,0,0,12,24
63018,1:2:1;1:2:1;1:2:1;1:2:2,3,0,0,0,0,1,0,0,0,0,0,0,19,24
63019,1:2:1;1:2:1;1:2:1;1:2:2,3,1,0,0,0,1,0,0,0,0,0,0,19,24
63020,1:2:1;1:2:1;1:2:1;1:2:2,3,2,0,0,0,1,0,0,0,0,0,0,19,24
63021,1:2:1;1:2:1;1:2:1;1:2:2,3,3,0,0,0,1,0,0,0,0,0,0,19,24
63022,1:2:1;1:2:1;1:2:1;1:2:2,3,4,0,0,0,1,0,0,0,0,0,0,19,24
63023,1:2:1;1:2:1;1:2:1;1:2:2,3,5,0,0,0,1,0,0,0,0,0,0,19,24
63024,1:2:1;1:2:1;1:2:1;1:2:2,4,0,0,0,0,1,0,0,0,0,0,0,23,24
63025,1:2:1;1:2:1;1:2:1;1:2:2,4,1,0,0,0,1,0,0,0,0,0,0,23,24
63026,1:2:1;1:2:1;1:2:1;1:2:2,4,2,0,0,0,1,0,0,0,0,0,0,23,24
63027,1:2:1;1:2:1;1:2:1;1:2:2,4,3,0,0,0,1,0,0,0,0,0,0,23,24
63028,1:2:1;1:2:1;1:2:1;1:2:2,4,4,0,0,0,1,0,0,0,0,0,0,23,24
63029,1:2:1;1:2:1;1:2:1;1:2:2,4,5,0,0,0,1,0,0,0,0,0,0,23,24
63030,1:2:1;1:2:1;1:2:1;1:2:2,5,0,1,1,1,0,1,1,1,1,1,5,6,1
63031,1:2:1;1:2:1;1:2:1;1:2:2,5,1,1,1,1,0,1,1,1,1,1,5,6,1
63032,1:2:1;1:2:1;1:2:1;1:2:2,5,2,1,1,1,0,1,1,1,1,1,5,6,1
63033,1:2:1;1:2:1;1:2:1;1:2:2,5,3,1,1,1,0,1,1,1,1,1,5,6,1
63034,1:2:1;1:2:1;1:2:1;1:2:2,5,4,1,1,1,0,1,1,1,1,1,5,6,1
63035,1:2:1;1:2:1;1:2:1;1:2:2,5,5,1,1,1,0,1,1,1,1,1,5,6,1
63036,1:2:1;1:2:1;1:2:1;1:3:2,0,0,0,0,0,1,0,0,0,0,0,0,1,24
63037,1:2:1;1:2:1;1:2:1;1:3:2,0,1,0,0,0,1,0,0,0,0,0,0,1,24
63038,1:2:1;1:2:1;1:2:1;1:3:2,0,2,0,0,0,1,0,0,0,0,0,0,1,24
63039,1:2:1;1:2:1;1:2:1;1:3:2,0,3,0,0,0,1,0,0,0,0,0,0,1,24
63040,1:2:1;1:2:1;1:2:1;1:3:2,0,4,0,0,0,1,0,0,0,0,0,0,1,24
63041,1:2:1;1:2:1;1:2:1;1:3:2,0,5,0,0,0,1,0,0,0,0,0,0,1,24
63042,1:2:1;1:2:1;1:2:1;1:3:2,1,0,0,0,0,1,0,0,0,0,0,0,5,24
63043,1:2:1;1:2:1;1:2:1;1:3:2,1,1,0,0,0,1,0,0,0,0,0,0,5,24
63044,1:2:1;1:2:1;1:2:1;1:3:2,1,2,0,0,0,1,0,0,0,0,0,0,5,24
63045,1:2:1;1:2:1;1:2:1;1:3:2,1,3,0,0,0,1,0,0,0,0,0,0,5,24
63046,1:2:1;1:2:1;1:2:1;1:3:2,1,4,0,0,0,1,0,0,0,0,0,0,5,24
63047,1:2:1;1:2:1;1:2:1;1:3:2,1,5,0,0,0,1,0,0,0,0,0,0,5,24
63048,1:2:1;1:2:1;1:2:1;1:3:2,2,0,0,0,0,1,0,0,0,0,0,0,12,24
63049,1:2:1;1:2:1;1:2:1;1:3:2,2,1,0,0,0,1,0,0,0,0,0,0,12,24
63050,1:2:1;1:2:1;1:2:1;1:3:2,2,2,0,0,0,1,0,0,0,0,0,0,12,24
63051,1:2:1;1:2:1;1:2:1;1:3:2,2,3,0,0,0,1,0,0,0,0,0,0,12,24
63052,1:2:1;1:2:1;1:2:1;1:3:2,2,4,0,0,0,1,0,0,0,0,0,0,12,24
63053,1:2:1;1:2:1;1:2:1;1:3:2,2,5,0,0,0,1,0,0,0,0,0,0,12,24
63054,1:2:1;1:2:1;1:2:1;1:3:2,3,0,0,0,0,1,0,0,0,0,0,0,19,24
63055,1:2:1;1:2:1;1:2:1;1:3:2,3,1,0,0,0,1,0,0,0,0,0,0,19,24
63056,1:2:1;1:2:1;1:2:1;1:3:2,3,2,0,0,0,1,0,0,0,0,0,0,19,24
63057,1:2:1;1:2:1;1:2:1;1:3:2,3,3,0,0,0,1,0,0,0,0,0,0,19,24
63058,1:2:1;1:2:1;1:2:1;1:3:2,3,4,0,0,0,1,0,0,0,0,0,0,19,24
63059,1:2:1;1:2:1;1:2:1;1:3:2,3,5,0,0,0,1,0,0,0,0,0,0,19,24
63060,1:2:1;1:2:1;1:2:1;1:3:2,4,0,0,0,0,1,0,0,0,0,0,0,23,24
63061,1:2:1;1:2:1;1:2:1;1:3:2,4,1,0,0,0,1,0,0,0,0,0,0,23,24
63062,1:2:1;1:2:1;1:2:1;1:3:2,4,2,0,0,0,1,0,0,0,0,0,0,23,24
63063,1:2:1;1:2:1;1:2:1;1:3:2,4,3,0,0,0,1,0,0,0,0,0,0,23,24
63064,1:2:1;1:2:1;1:2:1;1:3:2,4,4,0,0,0,1,0,0,0,0,0,0,23,24
63065,1:2:1;1:2:1;1:2:1;1:3:2,4,5,0,0,0,1,0,0,0,0,0,0,23,24
63066,1:2:1;1:2:1;1:2:1;1:3:2,5,0,1,1,1,0,1,1,1,1,1,5,6,1
63067,1:2:1;1:2:1;1:2:1;1:3:2,5,1,1,1,1,0,1,1,1,1,1,5,6,1
63068,1:2:1;1:2:1;1:2:1;1:3:2,5,2,1,1,1,0,1,1,1,1,1,5,6,1
63069,1:2:1;1:2:1;1:2:1;1:3:2,5,3,1,1,1,0,1,1,1,1,1,5,6,1
63070,1:2:1;1:2:1;1:2:1;1:3:2,5,4,1,1,1,0,1,1,1,1,1,5,6,1
63071,1:2:1;1:2:1;1:2:1;1:3:2,5,5,1,1,1,0,1,1,1,1,1,5,6,1
63072,1:2:1;1:2:1;1:2:1;1:3:3,0,0,0,0,0,1,0,0,0,0,0,0,1,24
63073,1:2:1;1:2:1;1:2:1;1:3:3,0,1,0,0,0,1,0,0,0,0,0,0,1,24
63074,1:2:1;1:2:1;1:2:1;1:3:3,0,2,0,0,0,1,0,0,0,0,0,0,1,24
63075,1:2:1;1:2:1;1:2:1;1:3:3,0,3,0,0,0,1,0,0,0,0,0,0,1,24
63076,1:2:1;1:2:1;1:2:1;1:3:3,0,4,0,0,0,1,0,0,0,0,0,0,1,24
63077,1:2:1;1:2:1;1:2:1;1:3:3,0,5,0,0,0,1,0,0,0,0,0,0,1,24
63078,1:2:1;1:2:1;1:2:1;1:3:3,1,0,0,0,0,1,0,0,0,0,0,0,5,24
63079,1:2:1;1:2:1;1:2:1;1:3:3,1,1,0,0,0,1,0,0,0,0,0,0,5,24
63080,1:2:1;1:2:1;1:2:1;1:3:3,1,2,0,0,0,1,0,0,0,0,0,0,5,24
63081,1:2:1;1:2:1;1:2:1;1:3:3,1,3,0,0,0,1,0,0,0,0,0,0,5,24
63082,1:2:1;1:2:1;1:2:1;1:3:3,1,4,0,0,0,1,0,0,0,0,0,0,5,24
63083,1:2:1;1:2:1;1:2:1;1:3:3,1,5,0,0,0,1,0,0,0,0,0,0,5,24
63084,1:2:1;1:2:1;1:2:1;1:3:3,2,0,0,0,0,1,0,0,0,0,0,0,12,24
63085,1:2:1;1:2:1;1:2:1;1:3:3,2,1,0,0,0,1,0,0,0,0,0,0,12,24
63086,1:2:1;1:2:1;1:2:1;1:3:3,2,2,0,0,0,1,0,0,0,0,0,0,12,24
63087,1:2:1;1:2:1;1:2:1;1:3:3,2,3,0,0,0,1,0,0,0,0,0,0,12,24
63088,1:2:1;1:2:1;1:2:1;1:3:3,2,4,0,0,0,1,0,0,0,0,0,0,12,24
63089,1:2:1;1:2:1;1:2:1;1:3:3,2,5,0,0,0,1,0,0,0,0,0,0,12,24
63090,1:2:1;1:2:1;1:2:1;1:3:3,3,0,0,0,0,1,0,0,0,0,0,0,20,24
63091,1:2:1;1:2:1;1:2:1;1:3:3,3,1,0,0,0,1,0,0,0,0,0,0,20,24
63092,1:2:1;1:2:1;1:2:1;1:3:3,3,2,0,0,0,1,0,0,0,0,0,0,20,24
63093,1:2:1;1:2:1;1:2:1;1:3:3,3,3,0,0,0,1,0,0,0,0,0,0,20,24
63094,1:2:1;1:2:1;1:2:1;1:3:3,3,4,0,0,0,1,0,0,0,0,0,0,20,24
63095,1:2:1;1:2:1;1:2:1;1:3:3,3,5,0,0,0,1,0,0,0,0,0,0,20,24
63096,1:2:1;1:2:1;1:2:1;1:3:3,4,0,0,0,0,1,0,0,0,0,0,0,27,24
63097,1:2:1;1:2:1;1:2:1;1:3:3,4,1,0,0,0,1,0,0,0,0,0,0,27,24
63098,1:2:1;1:2:1;1:2:1;1:3:3,4,2,0,0,0,1,0,0,0,0,0,0,27,24
63099,1:2:1;1:2:1;1:2:1;1:3:3,4,3,0,0,0,1,0,0,0,0,0,0,27,24
63100,1:2:1;1:2:1;1:2:1;1:3:3,4,4,0,0,0,1,0,0,0,0,0,0,27,24
63101,1:2:1;1:2:1;1:2:1;1:3:3,4,5,0,0,0,1,0,0,0,0,0,0,27,24
63102,1:2:1;1:2:1;1:2:1;1:3:3,5,0,0,0,0,1,0,0,0,0,0,0,31,24
63103,1:2:1;1:2:1;1:2:1;1:3:3,5,1,0,0,0,1,0,0,0,0,0,0,31,24
63104,1:2:1;1:2:1;1:2:1;1:3:3,5,2,0,0,0,1,0,0,0,0,0,0,31,24
63105,1:2:1;1:2:1;1:2:1;1:3:3,5,3,0,0,0,1,0,0,0,0,0,0,31,24
63106,1:2:1;1:2:1;1:2:1;1:3:3,5,4,0,0,0,1,0,0,0,0,0,0,31,24
63107,1:2:1;1:2:1;1:2:1;1:3:3,5,5,0,0,0,1,0,0,0,0,0,0,31,24
63108,1:2:1;1:2:1;1:2:1;1:4:3,0,0,0,0,0,1,0,0,0,0,0,0,1,24
63109,1:2:1;1:2:1;1:2:1;1:4:3,0,1,0,0,0,1,0,0,0,0,0,0,1,24
63110,1:2:1;1:2:1;1:2:1;1:4:3,0,2,0,0,0,1,0,0,0,0,0,0,1,24
63111,1:2:1;1:2:1;1:2:1;1:4:3,0,3,0,0,0,1,0,0,0,0,0,0,1,24
63112,1:2:1;1:2:1;1:2:1;1:4:3,0,4,0,0,0,1,0,0,0,0,0,0,1,24
63113,1:2:1;1:2:1;1:2:1;1:4:3,0,5,0,0,0,1,0,0,0,0,0,0,1,24
63114,1:2:1;1:2:1;1:2:1;1:4:3,1,0,0,0,0,1,0,0,0,0,0,0,5,24
63115,1:2:1;1:2:1;1:2:1;1:4:3,1,1,0,0,0,1,0,0,0,0,0,0,5,24
63116,1:2:1;1:2:1;1:2:1;1:4:3,1,2,0,0,0,1,0,0,0,0,0,0,5,24
63117,1:2:1;1:2:1;1:2:1;1:4:3,1,3,0,0,0,1,0,0,0,0,0,0,5,24
63118,1:2:1;1:2:1;1:2:1;1:4:3,1,4,0,0,0,1,0,0,0,0,0,0,5,24
63119,1:2:1;1:2:1;1:2:1;1:4:3,1,5,0,0,0,1,0,0,0,0,0,0,5,24
63120,1:2:1;1:2:1;1:2:1;1:4:3,2,0,0,0,0,1,0,0,0,0,0,0,12,24
63121,1:2:1;1:2:1;1:2:1;1:4:3,2,1,0,0,0,1,0,0,0,0,0,0,12,24
63122,1:2:1;1:2:1;1:2:1;1:4:3,2,2,0,0,0,1,0,0,0,0,0,0,12,24
63123,1:2:1;1:2:1;1:2:1;1:4:3,2,3,0,0,0,1,0,0,0,0,0,0,12,24
63124,1:2:1;1:2:1;1:2:1;1:4:3,2,4,0,0,0,1,0,0,0,0,0,0,12,24
63125,1:2:1;1:2:1;1:2:1;1:4:3,2,5,0,0,0,1,0,0,0,0,0,0,12,24
63126,1:2:1;1:2:1;1:2:1;1:4:3,3,0,0,0,0,1,0,0,0,0,0,0,20,24
63127,1:2:1;1:2:1;1:2:1;1:4:3,3,1,0,0,0,1,0,0,0,0,0,0,20,24
63128,1:2:1;1:2:1;1:2:1;1:4:3,3,2,0,0,0,1,0,0,0,0,0,0,20,24
63129,1:2:1;1:2:1;1:2:1;1:4:3,3,3,0,0,0,1,0,0,0,0,0,0,20,24
63130,1:2:1;1:2:1;1:2:1;1:4:3,3,4,0,0,0,1,0,0,0,0,0,0,20,24
63131,1:2:1;1:2:1;1:2:1;1:4:3,3,5,0,0,0,1,0,0,0,0,0,0,20,24
63132,1:2:1;1:2:1;1:2:1;1:4:3,4,0,0,0,0,1,0,0,0,0,0,0,27,24
63133,1:2:1;1:2:1;1:2:1;1:4:3,4,1,0,0,0,1,0,0,0,0,0,0,27,24
63134,1:2:1;1:2:1;1:2:1;1:4:3,4,2,0,0,0,1,0,0,0,0,0,0,27,24
63135,1:2:1;1:2:1;1:2:1;1:4:3,4,3,0,0,0,1,0,0,0,0,0,0,27,24
63136,1:2:1;1:2:1;1:2:1;1:4:3,4,4,0,0,0,1,0,0,0,0,0,0,27,24
63137,1:2:1;1:2:1;1:2:1;1:4:3,4,5,0,0,0,1,0,0,0,0,0,0,27,24
63138,1:2:1;1:2:1;1:2:1;1:4:3,5,0,0,0,0,1,0,0,0,0,0,0,31,24
63139,1:2:1;1:2:1;1:2:1;1:4:3,5,1,0,0,0,1,0,0,0,0,0,0,31,24
63140,1:2:1;1:2:1;1:2:1;1:4:3,5,2,0,0,0,1,0,0,0,0,0,0,31,24
63141,1:2:1;1:2:1;1:2:1;1:4:3,5,3,0,0,0,1,0,0,0,0,0,0,31,24
63142,1:2:1;1:2:1;1:2:1;1:4:3,5,4,0,0,0,1,0,0,0,0,0,0,31,24
63143,1:2:1;1:2:1;1:2:1;1:4:3,5,5,0,0,0,1,0,0,0,0,0,0,31,24
63144,1:2:1;1:2:1;1:2:2;1:2:2,0,0,0,0,0,1,0,0,0,0,0,0,1,24
63145,1:2:1;1:2:1;1:2:2;1:2:2,0,1,0,0,0,1,0,0,0,0,0,0,1,24
63146,1:2:1;1:2:1;1:2:2;1:2:2,0,2,0,0,0,1,0,0,0,0,0,0,1,24
63147,1:2:1;1:2:1;1:2:2;1:2:2,0,3,0,0,0,1,0,0,0,0,0,0,1,24
63148,1:2:1;1:2:1;1:2:2;1:2:2,0,4,0,0,0,1,0,0,0,0,0,0,1,24
63149,1:2:1;1:2:1;1:2:2;1:2:2,0,5,0,0,0,1,0,0,0,0,0,0,1,24
63150,1:2:1;1:2:1;1:2:2;1:2:2,1,0,0,0,0,1,0,0,0,0,0,0,5,24
63151,1:2:1;1:2:1;1:2:2;1:2:2,1,1,0,0,0,1,0,0,0,0,0,0,5,24
63152,1:2:1;1:2:1;1:2:2;1:2:2,1,2,0,0,0,1,0,0,0,0,0,0,5,24
63153,1:2:1;1:2:1;1:2:2;1:2:2,1,3,0,0,0,1,0,0,0,0,0,0,5,24
63154,1:2:1;1:2:1;1:2:2;1:2:2,1,4,0,0,0,1,0,0,0,0,0,0,5,24
63155,1:2:1;1:2:1;1:2:2;1:2:2,1,5,0,0,0,1,0,0,0,0,0,0,5,24
63156,1:2:1;1:2:1;1:2:2;1:2:2,2,0,0,0,0,1,0,0,0,0,0,0,13,24
63157,1:2:1;1:2:1;1:2:2;1:2:2,2,1,0,0,0,1,0,0,0,0,0,0,13,24
63158,1:2:1;1:2:1;1:2:2;1:2:2,2,2,0,0,0,1,0,0,0,0,0,0,13,24
63159,1:2:1;1:2:1;1:2:2;1:2:2,2,3,0,0,0,1,0,0,0,0,0,0,13,24
63160,1:2:1;1:2:1;1:2:2;1:2:2,2,4,0,0,0,1,0,0,0,0,0,0,13,24
63161,1:2:1;1:2:1;1:2:2;1:2:2,2,5,0,0,0,1,0,0,0,0,0,0,13,24
63162,1:2:1;1:2:1;1:2:2;1:2:2,3,0,0,0,0,1,0,0,0,0,0,0,23,24
63163,1:2:1;1:2:1;1:2:2;1:2:2,3,1,0,0,0,1,0,0,0,0,0,0,23,24
63164,1:2:1;1:2:1;1:2:2;1:2:2,3,2,0,0,0,1,0,0,0,0,0,0,23,24
63165,1:2:1;1:2:1;1:2:2;1:2:2,3,3,0,0,0,1,0,0,0,0,0,0,23,24
63166,1:2:1;1:2:1;1:2:2;1:2:2,3,4,0,0,0,1,0,0,0,0,0,0,23,24
63167,1:2:1;1:2:1;1:2:2;1:2:2,3,5,0,0,0,1,0,0,0,0,0,0,23,24
63168,1:2:1;1:2:1;1:2:2;1:2:2,4,0,0,0,0,1,0,0,0,0,0,0,31,24
63169,1:2:1;1:2:1;1:2:2;1:2:2,4,1,0,0,0,1,0,0,0,0,0,0,31,24
63170,1:2:1;1:2:1;1:2:2;1:2:2,4,2,0,0,0,1,0,0,0,0,0,0,31,24
63171,1:2:1;1:2:1;1:2:2;1:2:2,4,3,0,0,0,1,0,0,0,0,0,0,31,24
63172,1:2:1;1:2:1;1:2:2;1:2:2,4,4,0,0,0,1,0,0,0,0,0,0,31,24
63173,1:2:1;1:2:1;1:2:2;1:2:2,4,5,0,0,0,1,0,0,0,0,0,0,31,24
63174,1:2:1;1:2:1;1:2:2;1:2:2,5,0,0,0,0,1,0,0,0,0,0,0,35,24
63175,1:2:1;1:2:1;1:2:2;1:2:2,5,1,0,0,0,1,0,0,0,0,0,0,35,24
63176,1:2:1;1:2:1;1:2:2;1:2:2,5,2,0,0,0,1,0,0,0,0,0,0,35,24
63177,1:2:1;1:2:1;1:2:2;1:2:2,5,3,0,0,0,1,0,0,0,0,0,0,35,24
63178,1:2:1;1:2:1;1:2:2;1:2:2,5,4,0,0,0,1,0,0,0,0,0,0,35,24
63179,1:2:1;1:2:1;1:2:2;1:2:2,5,5,0,0,0,1,0,0,0,0,0,0,35,24
63180,1:2:1;1:2:1;1:2:2;1:3:2,0,0,0,0,0,1,0,0,0,0,0,0,1,24
63181,1:2:1;1:2:1;1:2:2;1:3:2,0,1,0,0,0,1,0,0,0,0,0,0,1,24
63182,1:2:1;1:2:1;1:2:2;1:3:2,0,2,0,0,0,1,0,0,0,0,0,0,1,24
63183,1:2:1;1:2:1;1:2:2;1:3:2,0,3,0,0,0,1,0,0,0,0,0,0,1,24
63184,1:2:1;1:2:1;1:2:2;1:3:2,0,4,0,0,0,1,0,0,0,0,0,0,1,24
63185,1:2:1;1:2:1;1:2:2;1:3:2,0,5,0,0,0,1,0,0,0,0,0,0,1,24
63186,1:2:1;1:2:1;1:2:2;1:3:2,1,0,0,0,0,1,0,0,0,0,0,0,5,24
63187,1:2:1;1:2:1;1:2:2;1:3:2,1,1,0,0,0,1,0,0,0,0,0,0,5,24
63188,1:2:1;1:2:1;1:2:2;1:3:2,1,2,0,0,0,1,0,0,0,0,0,0,5,24
63189,1:2:1;1:2:1;1:2:2;1:3:2,1,3,0,0,0,1,0,0,0,0,0,0,5,24
63190,1:2:1;1:2:1;1:2:2;1:3:2,1,4,0,0,0,1,0,0,0,0,0,0,5,24
63191,1:2:1;1:2:1;1:2:2;1:3:2,1,5,0,0,0,1,0,0,0,0,0,0,5,24
63192,1:2:1;1:2:1;1:2:2;1:3:2,2,0,0,0,0,1,0,0,0,0,0,0,13,24
63193,1:2:1;1:2:1;1:2:2;1:3:2,2,1,0,0,0,1,0,0,0,0,0,0,13,24
63194,1:2:1;1:2:1;1:2:2;1:3:2,2,2,0,0,0,1,0,0,0,0,0,0,13,24
63195,1:2:1;1:2:1;1:2:2;1:3:2,2,3,0,0,0,1,0,0,0,0,0,0,13,24
63196,1:2:1;1:2:1;1:2:2;1:3:2,2,4,0,0,0,1,0,0,0,0,0,0,13,24
63197,1:2:1;1:2:1;1:2:2;1:3:2,2,5,0,0,0,1,0,0,0,0,0,0,13,24
63198,1:2:1;1:2:1;1:2:2;1:3:2,3,0,0,0,0,1,0,0,0,0,0,0,23,24
63199,1:2:1;1:2:1;1:2:2;1:3:2,3,1,0,0,0,1,0,0,0,0,0,0,23,24
63200,1:2:1;1:2:1;1:2:2;1:3:2,3,2,0,0,0,1,0,0,0,0,0,0,23,24
63201,1:2:1;1:2:1;1:2:2;1:3:2,3,3,0,0,0,1,0,0,0,0,0,0,23,24
63202,1:2:1;1:2:1;1:2:2;1:3:2,3,4,0,0,0,1,0,0,0,0,0,0,23,24
63203,1:2:1;1:2:1;1:2:2;1:3:2,3,5,0,0,0,1,0,0,0,0,0,0,23,24
63204,1:2:1;1:2:1;1:2:2;1:3:2,4,0,0,0,0,1,0,0,0,0,0,0,31,24
63205,1:2:1;1:2:1;1:2:2;1:3:2,4,1,0,0,0,1,0,0,0,0,0,0,31,24
63206,1:2:1;1:2:1;1:2:2;1:3:2,4,2,0,0,0,1,0,0,0,0,0,0,31,24
63207,1:2:1;1:2:1;1:2:2;1:3:2,4,3,0,0,0,1,0,0,0,0,0,0,31,24
63208,1:2:1;1:2:1;1:2:2;1:3:2,4,4,0,0,0,1,0,0,0,0,0,0,31,24
63209,1:2:1;1:2:1;1:2:2;1:3:2,4,5,0,0,0,1,0,0,0,0,0,0,31,24
63210,1:2:1;1:2:1;1:2:2;1:3:2,5,0,0,0,0,1,0,0,0,0,0,0,35,24
63211,1:2:1;1:2:1;1:2:2;1:3:2,5,1,0,0,0,1,0,0,0,0,0,0,35,24
63212,1:2:1;1:2:1;1:2:2;1:3:2,5,2,0,0,0,1,0,0,0,0,0,0,35,24
63213,1:2:1;1:2:1;1:2:2;1:3:2,5,3,0,0,0,1,0,0,0,0,0,0,35,24
63214,1:2:1;1:2:1;1:2:2;1:3:2,5,4,0,0,0,1,0,0,0,0,0,0,35,24
63215,1:2:1;1:2:1;1:2:2;1:3:2,5,5,0,0,0,1,0,0,0,0,0,0,35,24
63216,1:2:1;1:2:1;1:2:2;1:3:3,0,0,0,0,0,1,0,0,0,0,0,0,1,24
63217,1:2:1;1:2:1;1:2:2;1:3:3,0,1,0,0,0,1,0,0,0,0,0,0,1,24
63218,1:2:1;1:2:1;1:2:2;1:3:3,0,2,0,0,0,1,0,0,0,0,0,0,1,24
63219,1:2:1;1:2:1;1:2:2;1:3:3,0,3,0,0,0,1,0,0,0,0,0,0,1,24
63220,1:2:1;1:2:1;1:2:2;1:3:3,0,4,0,0,0,1,0,0,0,0,0,0,1,24
63221,1:2:1;1:2:1;1:2:2;1:3:3,0,5,0,0,0,1,0,0,0,0,0,0,1,24
63222,1:2:1;1:2:1;1:2:2;1:3:3,1,0,0,0,0,1,0,0,0,0,0,0,5,24
63223,1:2:1;1:2:1;1:2:2;1:3:3,1,1,0,0,0,1,0,0,0,0,0,0,5,24
63224,1:2:1;1:2:1;1:2:2;1:3:3,1,2,0,0,0,1,0,0,0,0,0,0,5,24
63225,1:2:1;1:2:1;1:2:2;1:3:3,1,3,0,0,0,1,0,0,0,0,0,0,5,24
63226,1:2:1;1:2:1;1:2:2;1:3:3,1,4,0,0,0,1,0,0,0,0,0,0,5,24
63227,1:2:1;1:2:1;1:2:2;1:3:3,1,5,0,0,0,1,0,0,0,0,0,0,5,24
63228,1:2:1;1:2:1;1:2:2;1:3:3,2,0,0,0,0,1,0,0,0,0,0,0,13,24
63229,1:2:1;1:2:1;1:2:2;1:3:3,2,1,0,0,0,1,0,0,0,0,0,0,13,24
63230,1:2:1;1:2:1;1:2:2;1:3:3,2,2,0,0,0,1,0,0,0,0,0,0,13,24
63231,1:2:1;1:2:1;1:2:2;1:3:3,2,3,0,0,0,1,0,0,0,0,0,0,13,24
63232,1:2:1;1:2:1;1:2:2;1:3:3,2,4,0,0,0,1,0,0,0,0,0,0,13,24
63233,1:2:1;1:2:1;1:2:2;1:3:3,2,5,0,0,0,1,0,0,0,0,0,0,13,24
63234,1:2:1;1:2:1;1:2:2;1:3:3,3,0,0,0,0,1,0,0,0,0,0,0,24,24
63235,1:2:1;1:2:1;1:2:2;1:3:3,3,1,0,0,0,1,0,0,0,0,0,0,24,24
63236,1:2:1;1:2:1;1:2:2;1:3:3,3,2,0,0,0,1,0,0,0,0,0,0,24,24
63237,1:2:1;1:2:1;1:2:2;1:3:3,3,3,0,0,0,1,0,0,0,0,0,0,24,24
63238,1:2:1;1:2:1;1:2:2;1:3:3,3,4,0,0,0,1,0,0,0,0,0,0,24,24
63239,1:2:1;1:2:1;1:2:2;1:3:3,3,5,0,0,0,1,0,0,0,0,0,0,24,24
63240,1:2:1;1:2:1;1:2:2;1:3:3,4,0,0,0,0,1,0,0,0,0,0,0,35,24
63241,1:2:1;1:2:1;1:2:2;1:3:3,4,1,0,0,0,1,0,0,0,0,0,0,35,24
63242,1:2:1;1:2:1;1:2:2;1:3:3,4,2,0,0,0,1,0,0,0,0,0,0,35,24
63243,1:2:1;1:2:1;1:2:2;1:3:3,4,3,0,0,0,1,0,0,0,0,0,0,35,24
63244,1:2:1;1:2:1;1:2:2;1:3:3,4,4,0,0,0,1,0,0,0,0,0,0,35,24
63245,1:2:1;1:2:1;1:2:2;1:3:3,4,5,0,0,0,1,0,0,0,0,0,0,35,24
63246,1:2:1;1:2:1;1:2:2;1:3:3,5,0,0,0,0,1,0,0,0,0,0,0,43,24
63247,1:2:1;1:2:1;1:2:2;1:3:3,5,1,0,0,0,1,0,0,0,0,0,0,43,24
63248,1:2:1;1:2:1;1:2:2;1:3:3,5,2,0,0,0,1,0,0,0,0,0,0,43,24
63249,1:2:1;1:2:1;1:2:2;1:3:3,5,3,0,0,0,1,0,0,0,0,0,0,43,24
63250,1:2:1;1:2:1;1:2:2;1:3:3,5,4,0,0,0,1,0,0,0,0,0,0,43,24
63251,1:2:1;1:2:1;1:2:2;1:3:3,5,5,0,0,0,1,0,0,0,0,0,0,43,24
63252,1:2:1;1:2:1;1:2:2;1:4:3,0,0,0,0,0,1,0,0,0,0,0,0,1,24
63253,1:2:1;1:2:1;1:2:2;1:4:3,0,1,0,0,0,1,0,0,0,0,0,0,1,24
63254,1:2:1;1:2:1;1:2:2;1:4:3,0,2,0,0,0,1,0,0,0,0,0,0,1,24
63255,1:2:1;1:2:1;1:2:2;1:4:3,0,3,0,0,0,1,0,0,0,0,0,0,1,24
63256,1:2:1;1:2:1;1:2:2;1:4:3,0,4,0,0,0,1,0,0,0,0,0,0,1,24
63257,1:2:1;1:2:1;1:2:2;1:4:3,0,5,0,0,0,1,0,0,0,0,0,0,1,24
63258,1:2:1;1:2:1;1:2:2;1:4:3,1,0,0,0,0,1,0,0,0,0,0,0,5,24
63259,1:2:1;1:2:1;1:2:2;1:4:3,1,1,0,0,0,1,0,0,0,0,0,0,5,24
63260,1:2:1;1:2:1;1:2:2;1:4:3,1,2,0,0,0,1,0,0,0,0,0,0,5,24
63261,1:2:1;1:2:1;1:2:2;1:4:3,1,3,0,0,0,1,0,0,0,0,0,0,5,24
63262,1:2:1;1:2:1;1:2:2;1:4:3,1,4,0,0,0,1,0,0,0,0,0,0,5,24
63263,1:2:1;1:2:1;1:2:2;1:4:3,1,5,0,0,0,1,0,0,0,0,0,0,5,24
63264,1:2:1;1:2:1;1:2:2;1:4:3,2,0,0,0,0,1,0,0,0,0,0,0,13,24
63265,1:2:1;1:2:1;1:2:2;1:4:3,2,1,0,0,0,1,0,0,0,0,0,0,13,24
63266,1:2:1;1:2:1;1:2:2;1:4:3,2,2,0,0,0,1,0,0,0,0,0,0,13,24
63267,1:2:1;1:2:1;1:2:2;1:4:3,2,3,0,0,0,1,0,0,0,0,0,0,13,24
63268,1:2:1;1:2:1;1:2:2;1:4:3,2,4,0,0,0,1,0,0,0,0,0,0,13,24
63269,1:2:1;1:2:1;1:2:2;1:4:3,2,5,0,0,0,1,0,0,0,0,0,0,13,24
63270,1:2:1;1:2:1;1:2:2;1:4:3,3,0,0,0,0,1,0,0,0,0,0,0,24,24
63271,1:2:1;1:2:1;1:2:2;1:4:3,3,1,0,0,0,1,0,0,0,0,0,0,24,24
63272,1:2:1;1:2:1;1:2:2;1:4:3,3,2,0,0,0,1,0,0,0,0,0,0,24,24
63273,1:2:1;1:2:1;1:2:2;1:4:3,3,3,0,0,0,1,0,0,0,0,0,0,24,24
63274,1:2:1;1:2:1;1:2:2;1:4:3,3,4,0,0,0,1,0,0,0,0,0,0,24,24
63275,1:2:1;1:2:1;1:2:2;1:4:3,3,5,0,0,0,1,0,0,0,0,0,0,24,24
63276,1:2:1;1:2:1;1:2:2;1:4:3,4,0,0,0,0,1,0,0,0,0,0,0,35,24
63277,1:2:1;1:2:1;1:2:2;1:4:3,4,1,0,0,0,1,0,0,0,0,0,0,35,24
63278,1:2:1;1:2:1;1:2:2;1:4:3,4,2,0,0,0,1,0,0,0,0,0,0,35,24
63279,1:2:1;1:2:1;1:2:2;1:4:3,4,3,0,0,0,1,0,0,0,0,0,0,35,24
63280,1:2:1;1:2:1;1:2:2;1:4:3,4,4,0,0,0,1,0,0,0,0,0,0,35,24
63281,1:2:1;1:2:1;1:2:2;1:4:3,4,5,0,0,0,1,0,0,0,0,0,0,35,24
63282,1:2:1;1:2:1;1:2:2;1:4:3,5,0,0,0,0,1,0,0,0,0,0,0,43,24
63283,1:2:1;1:2:1;1:2:2;1:4:3,5,1,0,0,0,1,0,0,0,0,0,0,43,24
63284,1:2:1;1:2:1;1:2:2;1:4:3,5,2,0,0,0,1,0,0,0,0,0,0,43,24
63285,1:2:1;1:2:1;1:2:2;1:4:3,5,3,0,0,0,1,0,0,0,0,0,0,43,24
63286,1:2:1;1:2:1;1:2:2;1:4:3,5,4,0,0,0,1,0,0,0,0,0,0,43,24
63287,1:2:1;1:2:1;1:2:2;1:4:3,5,5,0,0,0,1,0,0,0,0,0,0,43,24
63288,1:2:1;1:2:1;1:3:2;1:3:2,0,0,0,0,0,1,0,0,0,0,0,0,1,24
63289,1:2:1;1:2:1;1:3:2;1:3:2,0,1,0,0,0,1,0,0,0,0,0,0,1,24
63290,1:2:1;1:2:1;1:3:2;1:3:2,0,2,0,0,0,1,0,0,0,0,0,0,1,24
63291,1:2:1;1:2:1;1:3:2;1:3:2,0,3,0,0,0,1,0,0,0,0,0,0,1,24
63292,1:2:1;1:2:1;1:3:2;1:3:2,0,4,0,0,0,1,0,0,0,0,0,0,1,24
63293,1:2:1;1:2:1;1:3:2;1:3:2,0,5,0,0,0,1,0,0,0,0,0,0,1,24
63294,1:2:1;1:2:1;1:3:2;1:3:2,1,0,0,0,0,1,0,0,0,0,0,0,5,24
63295,1:2:1;1:2:1;1:3:2;1:3:2,1,1,0,0,0,1,0,0,0,0,0,0,5,24
63296,1:2:1;1:2:1;1:3:2;1:3:2,1,2,0,0,0,1,0,0,0,0,0,0,5,24
63297,1:2:1;1:2:1;1:3:2;1:3:2,1,3,0,0,0,1,0,0,0,0,0,0,5,24
63298,1:2:1;1:2:1;1:3:2;1:3:2,1,4,0,0,0,1,0,0,0,0,0,0,5,24
63299,1:2:1;1:2:1;1:3:2;1:3:2,1,5,0,0,0,1,0,0,0,0,0,0,5,24
63300,1:2:1;1:2:1;1:3:2;1:3:2,2,0,0,0,0,1,0,0,0,0,0,0,13,24
63301,1:2:1;1:2:1;1:3:2;1:3:2,2,1,0,0,0,1,0,0,0,0,0,0,13,24
63302,1:2:1;1:2:1;1:3:2;1:3:2,2,2,0,0,0,1,0,0,0,0,0,0,13,24
63303,1:2:1;1:2:1;1:3:2;1:3:2,2,3,0,0,0,1,0,0,0,0,0,0,13,24
63304,1:2:1;1:2:1;1:3:2;1:3:2,2,4,0,0,0,1,0,0,0,0,0,0,13,24
63305,1:2:1;1:2:1;1:3:2;1:3:2,2,5,0,0,0,1,0,0,0,0,0,0,13,24
63306,1:2:1;1:2:1;1:3:2;1:3:2,3,0,0,0,0,1,0,0,0,0,0,0,23,24
63307,1:2:1;1:2:1;1:3:2;1:3:2,3,1,0,0,0,1,0,0,0,0,0,0,23,24
63308,1:2:1;1:2:1;1:3:2;1:3:2,3,2,0,0,0,1,0,0,0,0,0,0,23,24
63309,1:2:1;1:2:1;1:3:2;1:3:2,3,3,0,0,0,1,0,0,0,0,0,0,23,24
63310,1:2:1;1:2:1;1:3:2;1:3:2,3,4,0,0,0,1,0,0,0,0,0,0,23,24
63311,1:2:1;1:2:1;1:3:2;1:3:2,3,5,0,0,0,1,0,0,0,0,0,0,23,24
63312,1:2:1;1:2:1;1:3:2;1:3:2,4,0,0,0,0,1,0,0,0,0,0,0,31,24
63313,1:2:1;1:2:1;1:3:2;1:3:2,4,1,0,0,0,1,0,0,0,0,0,0,31,24
63314,1:2:1;1:2:1;1:3:2;1:3:2,4,2,0,0,0,1,0,0,0,0,0,0,31,24
63315,1:2:1;1:2:1;1:3:2;1:3:2,4,3,0,0,0,1,0,0,0,0,0,0,31,24
63316,1:2:1;1:2:1;1:3:2;1:3:2,4,4,0,0,0,1,0,0,0,0,0,0,31,24
63317,1:2:1;1:2:1;1:3:2;1:3:2,4,5,0,0,0,1,0,0,0,0,0,0,31,24
63318,1:2:1;1:2:1;1:3:2;1:3:2,5,0,0,0,0,1,0,0,0,0,0,0,35,24
63319,1:2:1;1:2:1;1:3:2;1:3:2,5,1,0,0,0,1,0,0,0,0,0,0,35,24
63320,1:2:1;1:2:1;1:3:2;1:3:2,5,2,0,0,0,1,0,0,0,0,0,0,35,24
63321,1:2:1;1:2:1;1:3:2;1:3:2,5,3,0,0,0,1,0,0,0,0,0,0,35,24
63322,1:2:1;1:2:1;1:3:2;1:3:2,5,4,0,0,0,1,0,0,0,0,0,0,35,24
63323,1:2:1;1:2:1;1:3:2;1:3:2,5,5,0,0,0,1,0,0,0,0,0,0,35,24
63324,1:2:1;1:2:1;1:3:2;1:3:3,0,0,0,0,0,1,0,0,0,0,0,0,1,24
63325,1:2:1;1:2:1;1:3:2;1:3:3,0,1,0,0,0,1,0,0,0,0,0,0,1,24
63326,1:2:1;1:2:1;1:3:2;1:3:3,0,2,0,0,0,1,0,0,0,0,0,0,1,24
63327,1:2:1;1:2:1;1:3:2;1:3:3,0,3,0,0,0,1,0,0,0,0,0,0,1,24
63328,1:2:1;1:2:1;1:3:2;1:3:3,0,4,0,0,0,1,0,0,0,0,0,0,1,24
63329,1:2:1;1:2:1;1:3:2;1:3:3,0,5,0,0,0,1,0,0,0,0,0,0,1,24
63330,1:2:1;1:2:1;1:3:2;1:3:3,1,0,0,0,0,1,0,0,0,0,0,0,5,24
63331,1:2:1;1:2:1;1:3:2;1:3:3,1,1,0,0,0,1,0,0,0,0,0,0,5,24
63332,1:2:1;1:2:1;1:3:2;1:3:3,1,2,0,0,0,1,0,0,0,0,0,0,5,24
63333,1:2:1;1:2:1;1:3:2;1:3:3,1,3,0,0,0,1,0,0,0,0,0,0,5,24
63334,1:2:1;1:2:1;1:3:2;1:3:3,1,4,0,0,0,1,0,0,0,0,0,0,5,24
63335,1:2:1;1:2:1;1:3:2;1:3:3,1,5,0,0,0,1,0,0,0,0,0,0,5,24
63336,1:2:1;1:2:1;1:3:2;1:3:3,2,0,0,0,0,1,0,0,0,0,0,0,13,24
63337,1:2:1;1:2:1;1:3:2;1:3:3,2,1,0,0,0,1,0,0,0,0,0,0,13,24
63338,1:2:1;1:2:1;1:3:2;1:3:3,2,2,0,0,0,1,0,0,0,0,0,0,13,24
63339,1:2:1;1:2:1;1:3:2;1:3:3,2,3,0,0,0,1,0,0,0,0,0,0,13,24
63340,1:2:1;1:2:1;1:3:2;1:3:3,2,4,0,0,0,1,0,0,0,0,0,0,13,24
63341,1:2:1;1:2:1;1:3:2;1:3:3,2,5,0,0,0,1,0,0,0,0,0,0,13,24
63342,1:2:1;1:2:1;1:3:2;1:3:3,3,0,0,0,0,1,0,0,0,0,0,0,24,24
63343,1:2:1;1:2:1;1:3:2;1:3:3,3,1,0,0,0,1,0,0,0,0,0,0,24,24
63344,1:2:1;1:2:1;1:3:2;1:3:3,3,2,0,0,0,1,0,0,0,0,0,0,24,24
63345,1:2:1;1:2:1;1:3:2;1:3:3,3,3,0,0,0,1,0,0,0,0,0,0,24,24
63346,1:2:1;1:2:1;1:3:2;1:3:3,3,4,0,0,0,1,0,0,0,0,0,0,24,24
63347,1:2:1;1:2:1;1:3:2;1:3:3,3,5,0,0,0,1,0,0,0,0,0,0,24,24
63348,1:2:1;1:2:1;1:3:2;1:3:3,4,0,0,0,0,1,0,0,0,0,0,0,35,24
63349,1:2:1;1:2:1;1:3:2;1:3:3,4,1,0,0,0,1,0,0,0,0,0,0,35,24
63350,1:2:1;1:2:1;1:3:2;1:3:3,4,2,0,0,0,1,0,0,0,0,0,0,35,24
63351,1:2:1;1:2:1;1:3:2;1:3:3,4,3,0,0,0,1,0,0,0,0,0,0,35,24
63352,1:2:1;1:2:1;1:3:2;1:3:3,4,4,0,0,0,1,0,0,0,0,0,0,35,24
63353,1:2:1;1:2:1;1:3:2;1:3:3,4,5,0,0,0,1,0,0,0,0,0,0,35,24
63354,1:2:1;1:2:1;1:3:2;1:3:3,5,0,0,0,0,1,0,0,0,0,0,0,43,24
63355,1:2:1;1:2:1;1:3:2;1:3:3,5,1,0,0,0,1,0,0,0,0,0,0,43,24
63356,1:2:1;1:2:1;1:3:2;1:3:3,5,2,0,0,0,1,0,0,0,0,0,0,43,24
63357,1:2:1;1:2:1;1:3:2;1:3:3,5,3,0,0,0,1,0,0,0,0,0,0,43,24
63358,1:2:1;1:2:1;1:3:2;1:3:3,5,4,0,0,0,1,0,0,0,0,0,0,43,24
63359,1:2:1;1:2:1;1:3:2;1:3:3,5,5,0,0,0,1,0,0,0,0,0,0,43,24
63360,1:2:1;1:2:1;1:3:2;1:4:3,0,0,0,0,0,1,0,0,0,0,0,0,1,24
63361,1:2:1;1:2:1;1:3:2;1:4:3,0,1,0,0,0,1,0,0,0,0,0,0,1,24
63362,1:2:1;1:2:1;1:3:2;1:4:3,0,2,0,0,0,1,0,0,0,0,0,0,1,24
63363,1:2:1;1:2:1;1:3:2;1:4:3,0,3,0,0,0,1,0,0,0,0,0,0,1,24
63364,1:2:1;1:2:1;1:3:2;1:4:3,0,4,0,0,0,1,0,0,0,0,0,0,1,24
63365,1:2:1;1:2:1;1:3:2;1:4:3,0,5,0,0,0,1,0,0,0,0,0,0,1,24
63366,1:2:1;1:2:1;1:3:2;1:4:3,1,0,0,0,0,1,0,0,0,0,0,0,5,24
63367,1:2:1;1:2:1;1:3:2;1:4:3,1,1,0,0,0,1,0,0,0,0,0,0,5,24
63368,1:2:1;1:2:1;1:3:2;1:4:3,1,2,0,0,0,1,0,0,0,0,0,0,5,24
63369,1:2:1;1:2:1;1:3:2;1:4:3,1,3,0,0,0,1,0,0,0,0,0,0,5,24
63370,1:2:1;1:2:1;1:3:2;1:4:3,1,4,0,0,0,1,0,0,0,0,0,0,5,24
63371,1:2:1;1:2:1;1:3:2;1:4:3,1,5,0,0,0,1,0,0,0,0,0,0,5,24
63372,1:2:1;1:2:1;1:3:2;1:4:3,2,0,0,0,0,1,0,0,0,0,0,0,13,24
63373,1:2:1;1:2:1;1:3:2;1:4:3,2,1,0,0,0,1,0,0,0,0,0,0,13,24
63374,1:2:1;1:2:1;1:3:2;1:4:3,2,2,0,0,0,1,0,0,0,0,0,0,13,24
63375,1:2:1;1:2:1;1:3:2;1:4:3,2,3,0,0,0,1,0,0,0,0,0,0,13,24
63376,1:2:1;1:2:1;1:3:2;1:4:3,2,4,0,0,0,1,0,0,0,0,0,0,13,24
63377,1:2:1;1:2:1;1:3:2;1:4:3,2,5,0,0,0,1,0,0,0,0,0,0,13,24
63378,1:2:1;1:2:1;1:3:2;1:4:3,3,0,0,0,0,1,0,0,0,0,0,0,24,24
63379,1:2:1;1:2:1;1:3:2;1:4:3,3,1,0,0,0,1,0,0,0,0,0,0,24,24
63380,1:2:1;1:2:1;1:3:2;1:4:3,3,2,0,0,0,1,0,0,0,0,0,0,24,24
63381,1:2:1;1:2:1;1:3:2;1:4:3,3,3,0,0,0,1,0,0,0,0,0,0,24,24
63382,1:2:1;1:2:1;1:3:2;1:4:3,3,4,0,0,0,1,0,0,0,0,0,0,24,24
63383,1:2:1;1:2:1;1:3:2;1:4:3,3,5,0,0,0,1,0,0,0,0,0,0,24,24
63384,1:2:1;1:2:1;1:3:2;1:4:3,4,0,0,0,0,1,0,0,0,0,0,0,35,24
63385,1:2:1;1:2:1;1:3:2;1:4:3,4,1,0,0,0,1,0,0,0,0,0,0,35,24
63386,1:2:1;1:2:1;1:3:2;1:4:3,4,2,0,0,0,1,0,0,0,0,0,0,35,24
63387,1:2:1;1:2:1;1:3:2;1:4:3,4,3,0,0,0,1,0,0,0,0,0,0,35,24
63388,1:2:1;1:2:1;1:3:2;1:4:3,4,4,0,0,0,1,0,0,0,0,0,0,35,24
63389,1:2:1;1:2:1;1:3:2;1:4:3,4,5,0,0,0,1,0,0,0,0,0,0,35,24
63390,1:2:1;1:2:1;1:3:2;1:4:3,5,0,0,0,0,1,0,0,0,0,0,0,43,24
63391,1:2:1;1:2:1;1:3:2;1:4:3,5,1,0,0,0,1,0,0,0,0,0,0,43,24
63392,1:2:1;1:2:1;1:3:2;1:4:3,5,2,0,0,0,1,0,0,0,0,0,0,43,24
63393,1:2:1;1:2:1;1:3:2;1:4:3,5,3,0,0,0,1,0,0,0,0,0,0,43,24
63394,1:2:1;1:2:1;1:3:2;1:4:3,5,4,0,0,0,1,0,0,0,0,0,0,43,24
63395,1:2:1;1:2:1;1:3:2;1:4:3,5,5,0,0,0,1,0,0,0,0,0,0,43,24
63396,1:2:1;1:2:1;1:3:3;1:3:3,0,0,0,0,0,1,0,0,0,0,0,0,1,24
63397,1:2:1;1:2:1;1:3:3;1:3:3,0,1,0,0,0,1,0,0,0,0,0,0,1,24
63398,1:2:1;1:2:1;1:3:3;1:3:3,0,2,0,0,0,1,0,0,0,0,0,0,1,24
63399,1:2:1;1:2:1;1:3:3;1:3:3,0,3,0,0,0,1,0,0,0,0,0,0,1,24
63400,1:2:1;1:2:1;1:3:3;1:3:3,0,4,0,0,0,1,0,0,0,0,0,0,1,24
63401,1:2:1;1:2:1;1:3:3;1:3:3,0,5,0,0,0,1,0,0,0,0,0,0,1,24
63402,1:2:1;1:2:1;1:3:3;1:3:3,1,0,0,0,0,1,0,0,0,0,0,0,5,24
63403,1:2:1;1:2:1;1:3:3;1:3:3,1,1,0,0,0,1,0,0,0,0,0,0,5,24
63404,1:2:1;1:2:1;1:3:3;1:3:3,1,2,0,0,0,1,0,0,0,0,0,0,5,24
63405,1:2:1;1:2:1;1:3:3;1:3:3,1,3,0,0,0,1,0,0,0,0,0,0,5,24
63406,1:2:1;1:2:1;1:3:3;1:3:3,1,4,0,0,0,1,0,0,0,0,0,0,5,24
63407,1:2:1;1:2:1;1:3:3;1:3:3,1,5,0,0,0,1,0,0,0,0,0,0,5,24
63408,1:2:1;1:2:1;1:3:3;1:3:3,2,0,0,0,0,1,0,0,0,0,0,0,13,24
63409,1:2:1;1:2:1;1:3:3;1:3:3,2,1,0,0,0,1,0,0,0,0,0,0,13,24
63410,1:2:1;1:2:1;1:3:3;1:3:3,2,2,0,0,0,1,0,0,0,0,0,0,13,24
63411,1:2:1;1:2:1;1:3:3;1:3:3,2,3,0,0,0,1,0,0,0,0,0,0,13,24
63412,1:2:1;1:2:1;1:3:3;1:3:3,2,4,0,0,0,1,0,0,0,0,0,0,13,24
63413,1:2:1;1:2:1;1:3:3;1:3:3,2,5,0,0,0,1,0,0,0,0,0,0,13,24
63414,1:2:1;1:2:1;1:3:3;1:3:3,3,0,0,0,0,1,0,0,0,0,0,0,25,24
63415,1:2:1;1:2:1;1:3:3;1:3:3,3,1,0,0,0,1,0,0,0,0,0,0,25,24
63416,1:2:1;1:2:1;1:3:3;1:3:3,3,2,0,0,0,1,0,0,0,0,0,0,25,24
63417,1:2:1;1:2:1;1:3:3;1:3:3,3,3,0,0,0,1,0,0,0,0,0,0,25,24
63418,1:2:1;1:2:1;1:3:3;1:3:3,3,4,0,0,0,1,0,0,0,0,0,0,25,24
63419,1:2:1;1:2:1;1:3:3;1:3:3,3,5,0,0,0,1,0,0,0,0,0,0,25,24
63420,1:2:1;1:2:1;1:3:3;1:3:3,4,0,0,0,0,1,0,0,0,0,0,0,39,24
63421,1:2:1;1:2:1;1:3:3;1:3:3,4,1,0,0,0,1,0,0,0,0,0,0,39,24
63422,1:2:1;1:2:1;1:3:3;1:3:3,4,2,0,0,0,1,0,0,0,0,0,0,39,24
63423,1:2:1;1:2:1;1:3:3;1:3:3,4,3,0,0,0,1,0,0,0,0,0,0,39,24
63424,1:2:1;1:2:1;1:3:3;1:3:3,4,4,0,0,0,1,0,0,0,0,0,0,39,24
63425,1:2:1;1:2:1;1:3:3;1:3:3,4,5,0,0,0,1,0,0,0,0,0,0,39,24
63426,1:2:1;1:2:1;1:3:3;1:3:3,5,0,0,0,0,1,0,0,0,0,0,0,51,24
63427,1:2:1;1:2:1;1:3:3;1:3:3,5,1,0,0,0,1,0,0,0,0,0,0,51,24
63428,1:2:1;1:2:1;1:3:3;1:3:3,5,2,0,0,0,1,0,0,0,0,0,0,51,24
63429,1:2:1;1:2:1;1:3:3;1:3:3,5,3,0,0,0,1,0,0,0,0,0,0,51,24
63430,1:2:1;1:2:1;1:3:3;1:3:3,5,4,0,0,0,1,0,0,0,0,0,0,51,24
63431,1:2:1;1:2:1;1:3:3;1:3:3,5,5,0,0,0,1,0,0,0,0,0,0,51,24
63432,1:2:1;1:2:1;1:3:3;1:4:3,0,0,0,0,0,1,0,0,0,0,0,0,1,24
63433,1:2:1;1:2:1;1:3:3;1:4:3,0,1,0,0,0,1,0,0,0,0,0,0,1,24
63434,1:2:1;1:2:1;1:3:3;1:4:3,0,2,0,0,0,1,0,0,0,0,0,0,1,24
63435,1:2:1;1:2:1;1:3:3;1:4:3,0,3,0,0,0,1,0,0,0,0,0,0,1,24
63436,1:2:1;1:2:1;1:3:3;1:4:3,0,4,0,0,0,1,0,0,0,0,0,0,1,24
63437,1:2:1;1:2:1;1:3:3;1:4:3,0,5,0,0,0,1,0,0,0,0,0,0,1,24
63438,1:2:1;1:2:1;1:3:3;1:4:3,1,0,0,0,0,1,0,0,0,0,0,0,5,24
63439,1:2:1;1:2:1;1:3:3;1:4:3,1,1,0,0,0,1,0,0,0,0,0,0,5,24
63440,1:2:1;1:2:1;1:3:3;1:4:3,1,2,0,0,0,1,0,0,0,0,0,0,5,24
63441,1:2:1;1:2:1;1:3:3;1:4:3,1,3,0,0,0,1,0,0,0,0,0,0,5,24
63442,1:2:1;1:2:1;1:3:3;1:4:3,1,4,0,0,0,1,0,0,0,0,0,0,5,24
63443,1:2:1;1:2:1;1:3:3;1:4:3,1,5,0,0,0,1,0,0,0,0,0,0,5,24
63444,1:2:1;1:2:1;1:3:3;1:4:3,2,0,0,0,0,1,0,0,0,0,0,0,13,24
63445,1:2:1;1:2:1;1:3:3;1:4:3,2,1,0,0,0,1,0,0,0,0,0,0,13,24
63446,1:2:1;1:2:1;1:3:3;1:4:3,2,2,0,0,0,1,0,0,0,0,0,0,13,24
63447,1:2:1;1:2:1;1:3:3;1:4:3,2,3,0,0,0,1,0,0,0,0,0,0,13,24
63448,1:2:1;1:2:1;1:3:3;1:4:3,2,4,0,0,0,1,0,0,0,0,0,0,13,24
63449,1:2:1;1:2:1;1:3:3;1:4:3,2,5,0,0,0,1,0,0,0,0,0,0,13,24
63450,1:2:1;1:2:1;1:3:3;1:4:3,3,0,0,0,0,1,0,0,0,0,0,0,25,24
63451,1:2:1;1:2:1;1:3:3;1:4:3,3,1,0,0,0,1,0,0,0,0,0,0,25,24
63452,1:2:1;1:2:1;1:3:3;1:4:3,3,2,0,0,0,1,0,0,0,0,0,0,25,24
63453,1:2:1;1:2:1;1:3:3;1:4:3,3,3,0,0,0,1,0,0,0,0,0,0,25,24
63454,1:2:1;1:2:1;1:3:3;1:4:3,3,4,0,0,0,1,0,0,0,0,0,0,25,24
63455,1:2:1;1:2:1;1:3:3;1:4:3,3,5,0,0,0,1,0,0,0,0,0,0,25,24
63456,1:2:1;1:2:1;1:3:3;1:4:3,4,0,0,0,0,1,0,0,0,0,0,0,39,24
63457,1:2:1;1:2:1;1:3:3;1:4:3,4,1,0,0,0,1,0,0,0,0,0,0,39,24
63458,1:2:1;1:2:1;1:3:3;1:4:3,4,2,0,0,0,1,0,0,0,0,0,0,39,24
63459,1:2:1;1:2:1;1:3:3;1:4:3,4,3,0,0,0,1,0,0,0,0,0,0,39,24
63460,1:2:1;1:2:1;1:3:3;1:4:3,4,4,0,0,0,1,0,0,0,0,0,0,39,24
63461,1:2:1;1:2:1;1:3:3;1:4:3,4,5,0,0,0,1,0,0,0,0,0,0,39,24
63462,1:2:1;1:2:1;1:3:3;1:4:3,5,0,0,0,0,1,0,0,0,0,0,0,51,24
63463,1:2:1;1:2:1;1:3:3;1:4:3,5,1,0,0,0,1,0,0,0,0,0,0,51,24
63464,1:2:1;1:2:1;1:3:3;1:4:3,5,2,0,0,0,1,0,0,0,0,0,0,51,24
63465,1:2:1;1:2:1;1:3:3;1:4:3,5,3,0,0,0,1,0,0,0,0,0,0,51,24
63466,1:2:1;1:2:1;1:3:3;1:4:3,5,4,0,0,0,1,0,0,0,0,0,0,51,24
63467,1:2:1;1:2:1;1:3:3;1:4:3,5,5,0,0,0,1,0,0,0,0,0,0,51,24
63468,1:2:1;1:2:1;1:4:3;1:4:3,0,0,0,0,0,1,0,0,0,0,0,0,1,24
63469,1:2:1;1:2:1;1:4:3;1:4:3,0,1,0,0,0,1,0,0,0,0,0,0,1,24
63470,1:2:1;1:2:1;1:4:3;1:4:3,0,2,0,0,0,1,0,0,0,0,0,0,1,24
63471,1:2:1;1:2:1;1:4:3;1:4:3,0,3,0,0,0,1,0,0,0,0,0,0,1,24
63472,1:2:1;1:2:1;1:4:3;1:4:3,0,4,0,0,0,1,0,0,0,0,0,0,1,24
63473,1:2:1;1:2:1;1:4:3;1:4:3,0,5,0,0,0,1,0,0,0,0,0,0,1,24
63474,1:2:1;1:2:1;1:4:3;1:4:3,1,0,0,0,0,1,0,0,0,0,0,0,5,24
63475,1:2:1;1:2:1;1:4:3;1:4:3,1,1,0,0,0,1,0,0,0,0,0,0,5,24
63476,1:2:1;1:2:1;1:4:3;1:4:3,1,2,0,0,0,1,0,0,0,0,0,0,5,24
63477,1:2:1;1:2:1;1:4:3;1:4:3,1,3,0,0,0,1,0,0,0,0,0,0,5,24
63478,1:2:1;1:2:1;1:4:3;1:4:3,1,4,0,0,0,1,0,0,0,0,0,0,5,24
63479,1:2:1;1:2:1;1:4:3;1:4:3,1,5,0,0,0,1,0,0,0,0,0,0,5,24
63480,1:2:1;1:2:1;1:4:3;1:4:3,2,0,0,0,0,1,0,0,0,0,0,0,13,24
63481,1:2:1;1:2:1;1:4:3;1:4:3,2,1,0,0,0,1,0,0,0,0,0,0,13,24
63482,1:2:1;1:2:1;1:4:3;1:4:3,2,2,0,0,0,1,0,0,0,0,0,0,13,24
63483,1:2:1;1:2:1;1:4:3;1:4:3,2,3,0,0,0,1,0,0,0,0,0,0,13,24
63484,1:2:1;1:2:1;1:4:3;1:4:3,2,4,0,0,0,1,0,0,0,0,0,0,13,24
63485,1:2:1;1:2:1;1:4:3;1:4:3,2,5,0,0,0,1,0,0,0,0,0,0,13,24
63486,1:2:1;1:2:1;1:4:3;1:4:3,3,0,0,0,0,1,0,0,0,0,0,0,25,24
63487,1:2:1;1:2:1;1:4:3;1:4:3,3,1,0,0,0,1,0,0,0,0,0,0,25,24
63488,1:2:1;1:2:1;1:4:3;1:4:3,3,2,0,0,0,1,0,0,0,0,0,0,25,24
63489,1:2:1;1:2:1;1:4:3;1:4:3,3,3,0,0,0,1,0,0,0,0,0,0,25,24
63490,1:2:1;1:2:1;1:4:3;1:4:3,3,4,0,0,0,1,0,0,0,0,0,0,25,24
63491,1:2:1;1:2:1;1:4:3;1:4:3,3,5,0,0,0,1,0,0,0,0,0,0,25,24
63492,1:2:1;1:2:1;1:4:3;1:4:3,4,0,0,0,0,1,0,0,0,0,0,0,39,24
63493,1:2:1;1:2:1;1:4:3;1:4:3,4,1,0,0,0,1,0,0,0,0,0,0,39,24
63494,1:2:1;1:2:1;1:4:3;1:4:3,4,2,0,0,0,1,0,0,0,0,0,0,39,24
63495,1:2:1;1:2:1;1:4:3;1:4:3,4,3,0,0,0,1,0,0,0,0,0,0,39,24
63496,1:2:1;1:2:1;1:4:3;1:4:3,4,4,0,0,0,1,0,0,0,0,0,0,39,24
63497,1:2:1;1:2:1;1:4:3;1:4:3,4,5,0,0,0,1,0,0,0,0,0,0,39,24
63498,1:2:1;1:2:1;1:4:3;1:4:3,5,0,0,0,0,1,0,0,0,0,0,0,51,24
63499,1:2:1;1:2:1;1:4:3;1:4:3,5,1,0,0,0,1,0,0,0,0,0,0,51,24
63500,1:2:1;1:2:1;1:4:3;1:4:3,5,2,0,0,0,1,0,0,0,0,0,0,51,24
63501,1:2:1;1:2:1;1:4:3;1:4:3,5,3,0,0,0,1,0,0,0,0,0,0,51,24
63502,1:2:1;1:2:1;1:4:3;1:4:3,5,4,0,0,0,1,0,0,0,0,0,0,51,24
63503,1:2:1;1:2:1;1:4:3;1:4:3,5,5,0,0,0,1,0,0,0,0,0,0,51,24
63504,1:2:1;1:2:2;1:2:2;1:2:2,0,0,0,0,0,1,0,0,0,0,0,0,1,24
63505,1:2:1;1:2:2;1:2:2;1:2:2,0,1,0,0,0,1,0,0,0,0,0,0,1,24
63506,1:2:1;1:2:2;1:2:2;1:2:2,0,2,0,0,0,1,0,0,0,0,0,0,1,24
63507,1:2:1;1:2:2;1:2:2;1:2:2,0,3,0,0,0,1,0,0,0,0,0,0,1,24
63508,1:2:1;1:2:2;1:2:2;1:2:2,0,4,0,0,0,1,0,0,0,0,0,0,1,24
63509,1:2:1;1:2:2;1:2:2;1:2:2,0,5,0,0,0,1,0,0,0,0,0,0,1,24
63510,1:2:1;1:2:2;1:2:2;1:2:2,1,0,0,0,0,1,0,0,0,0,0,0,5,24
63511,1:2:1;1:2:2;1:2:2;1:2:2,1,1,0,0,0,1,0,0,0,0,0,0,5,24
63512,1:2:1;1:2:2;1:2:2;1:2:2,1,2,0,0,0,1,0,0,0,0,0,0,5,24
63513,1:2:1;1:2:2;1:2:2;1:2:2,1,3,0,0,0,1,0,0,0,0,0,0,5,24
63514,1:2:1;1:2:2;1:2:2;1:2:2,1,4,0,0,0,1,0,0,0,0,0,0,5,24
63515,1:2:1;1:2:2;1:2:2;1:2:2,1,5,0,0,0,1,0,0,0,0,0,0,5,24
63516,1:2:1;1:2:2;1:2:2;1:2:2,2,0,0,0,0,1,0,0,0,0,0,0,14,24
63517,1:2:1;1:2:2;1:2:2;1:2:2,2,1,0,0,0,1,0,0,0,0,0,0,14,24
63518,1:2:1;1:2:2;1:2:2;1:2:2,2,2,0,0,0,1,0,0,0,0,0,0,14,24
63519,1:2:1;1:2:2;1:2:2;1:2:2,2,3,0,0,0,1,0,0,0,0,0,0,14,24
63520,1:2:1;1:2:2;1:2:2;1:2:2,2,4,0,0,0,1,0,0,0,0,0,0,14,24
63521,1:2:1;1:2:2;1:2:2;1:2:2,2,5,0,0,0,1,0,0,0,0,0,0,14,24
63522,1:2:1;1:2:2;1:2:2;1:2:2,3,0,0,0,0,1,0,0,0,0,0,0,27,24
63523,1:2:1;1:2:2;1:2:2;1:2:2,3,1,0,0,0,1,0,0,0,0,0,0,27,24
63524,1:2:1;1:2:2;1:2:2;1:2:2,3,2,0,0,0,1,0,0,0,0,0,0,27,24
63525,1:2:1;1:2:2;1:2:2;1:2:2,3,3,0,0,0,1,0,0,0,0,0,0,27,24
63526,1:2:1;1:2:2;1:2:2;1:2:2,3,4,0,0,0,1,0,0,0,0,0,0,27,24
63527,1:2:1;1:2:2;1:2:2;1:2:2,3,5,0,0,0,1,0,0,0,0,0,0,27,24
63528,1:2:1;1:2:2;1:2:2;1:2:2,4,0,0,0,0,1,0,0,0,0,0,0,40,24
63529,1:2:1;1:2:2;1:2:2;1:2:2,4,1,0,0,0,1,0,0,0,0,0,0,40,24
63530,1:2:1;1:2:2;1:2:2;1:2:2,4,2,0,0,0,1,0,0,0,0,0,0,40,24
63531,1:2:1;1:2:2;1:2:2;1:2:2,4,3,0,0,0,1,0,0,0,0,0,0,40,24
63532,1:2:1;1:2:2;1:2:2;1:2:2,4,4,0,0,0,1,0,0,0,0,0,0,40,24
63533,1:2:1;1:2:2;1:2:2;1:2:2,4,5,0,0,0,1,0,0,0,0,0,0,40,24
63534,1:2:1;1:2:2;1:2:2;1:2:2,5,0,0,0,0,1,0,0,0,0,0,0,49,24
63535,1:2:1;1:2:2;1:2:2;1:2:2,5,1,0,0,0,1,0,0,0,0,0,0,49,24
63536,1:2:1;1:2:2;1:2:2;1:2:2,5,2,0,0,0,1,0,0,0,0,0,0,49,24
63537,1:2:1;1:2:2;1:2:2;1:2:2,5,3,0,0,0,1,0,0,0,0,0,0,49,24
63538,1:2:1;1:2:2;1:2:2;1:2:2,5,4,0,0,0,1,0,0,0,0,0,0,49,24
63539,1:2:1;1:2:2;1:2:2;1:2:2,5,5,0,0,0,1,0,0,0,0,0,0,49,24
63540,1:2:1;1:2:2;1:2:2;1:3:2,0,0,0,0,0,1,0,0,0,0,0,0,1,24
63541,1:2:1;1:2:2;1:2:2;1:3:2,0,1,0,0,0,1,0,0,0,0,0,0,1,24
63542,1:2:1;1:2:2;1:2:2;1:3:2,0,2,0,0,0,1,0,0,0,0,0,0,1,24
63543,1:2:1;1:2:2;1:2:2;1:3:2,0,3,0,0,0,1,0,0,0,0,0,0,1,24
63544,1:2:1;1:2:2;1:2:2;1:3:2,0,4,0,0,0,1,0,0,0,0,0,0,1,24
63545,1:2:1;1:2:2;1:2:2;1:3:2,0,5,0,0,0,1,0,0,0,0,0,0,1,24
63546,1:2:1;1:2:2;1:2:2;1:3:2,1,0,0,0,0,1,0,0,0,0,0,0,5,24
63547,1:2:1;1:2:2;1:2:2;1:3:2,1,1,0,0,0,1,0,0,0,0,0,0,5,24
63548,1:2:1;1:2:2;1:2:2;1:3:2,1,2,0,0,0,1,0,0,0,0,0,0,5,24
63549,1:2:1;1:2:2;1:2:2;1:3:2,1,3,0,0,0,1,0,0,0,0,0,0,5,24
63550,1:2:1;1:2:2;1:2:2;1:3:2,1,4,0,0,0,1,0,0,0,0,0,0,5,24
63551,1:2:1;1:2:2;1:2:2;1:3:2,1,5,0,0,0,1,0,0,0,0,0,0,5,24
63552,1:2:1;1:2:2;1:2:2;1:3:2,2,0,0,0,0,1,0,0,0,0,0,0,14,24
63553,1:2:1;1:2:2;1:2:2;1:3:2,2,1,0,0,0,1,0,0,0,0,0,0,14,24
63554,1:2:1;1:2:2;1:2:2;1:3:2,2,2,0,0,0,1,0,0,0,0,0,0,14,24
63555,1:2:1;1:2:2;1:2:2;1:3:2,2,3,0,0,0,1,0,0,0,0,0,0,14,24
63556,1:2:1;1:2:2;1:2:2;1:3:2,2,4,0,0,0,1,0,0,0,0,0,0,14,24
63557,1:2:1;1:2:2;1:2:2;1:3:2,2,5,0,0,0,1,0,0,0,0,0,0,14,24
63558,1:2:1;1:2:2;1:2:2;1:3:2,3,0,0,0,0,1,0,0,0,0,0,0,27,24
63559,1:2:1;1:2:2;1:2:2;1:3:2,3,1,0,0,0,1,0,0,0,0,0,0,27,24
63560,1:2:1;1:2:2;1:2:2;1:3:2,3,2,0,0,0,1,0,0,0,0,0,0,27,24
63561,1:2:1;1:2:2;1:2:2;1:3:2,3,3,0,0,0,1,0,0,0,0,0,0,27,24
63562,1:2:1;1:2:2;1:2:2;1:3:2,3,4,0,0,0,1,0,0,0,0,0,0,27,24
63563,1:2:1;1:2:2;1:2:2;1:3:2,3,5,0,0,0,1,0,0,0,0,0,0,27,24
63564,1:2:1;1:2:2;1:2:2;1:3:2,4,0,0,0,0,1,0,0,0,0,0,0,40,24
63565,1:2:1;1:2:2;1:2:2;1:3:2,4,1,0,0,0,1,0,0,0,0,0,0,40,24
63566,1:2:1;1:2:2;1:2:2;1:3:2,4,2,0,0,0,1,0,0,0,0,0,0,40,24
63567,1:2:1;1:2:2;1:2:2;1:3:2,4,3,0,0,0,1,0,0,0,0,0,0,40,24
63568,1:2:1;1:2:2;1:2:2;1:3:2,4,4,0,0,0,1,0,0,0,0,0,0,40,24
63569,1:2:1;1:2:2;1:2:2;1:3:2,4,5,0,0,0,1,0,0,0,0,0,0,40,24
63570,1:2:1;1:2:2;1:2:2;1:3:2,5,0,0,0,0,1,0,0,0,0,0,0,49,24
63571,1:2:1;1:2:2;1:2:2;1:3:2,5,1,0,0,0,1,0,0,0,0,0,0,49,24
63572,1:2:1;1:2:2;1:2:2;1:3:2,5,2,0,0,0,1,0,0,0,0,0,0,49,24
63573,1:2:1;1:2:2;1:2:2;1:3:2,5,3,0,0,0,1,0,0,0,0,0,0,49,24
63574,1:2:1;1:2:2;1:2:2;1:3:2,5,4,0,0,0,1,0,0,0,0,0,0,49,24
63575,1:2:1;1:2:2;1:2:2;1:3:2,5,5,0,0,0,1,0,0,0,0,0,0,49,24
63576,1:2:1;1:2:2;1:2:2;1:3:3,0,0,0,0,0,1,0,0,0,0,0,0,1,24
63577,1:2:1;1:2:2;1:2:2;1:3:3,0,1,0,0,0,1,0,0,0,0,0,0,1,24
63578,1:2:1;1:2:2;1:2:2;1:3:3,0,2,0,0,0,1,0,0,0,0,0,0,1,24
63579,1:2:1;1:2:2;1:2:2;1:3:3,0,3,0,0,0,1,0,0,0,0,0,0,1,24
63580,1:2:1;1:2:2;1:2:2;1:3:3,0,4,0,0,0,1,0,0,0,0,0,0,1,24
63581,1:2:1;1:2:2;1:2:2;1:3:3,0,5,0,0,0,1,0,0,0,0,0,0,1,24
63582,1:2:1;1:2:2;1:2:2;1:3:3,1,0,0,0,0,1,0,0,0,0,0,0,5,24
63583,1:2:1;1:2:2;1:2:2;1:3:3,1,1,0,0,0,1,0,0,0,0,0,0,5,24
63584,1:2:1;1:2:2;1:2:2;1:3:3,1,2,0,0,0,1,0,0,0,0,0,0,5,24
63585,1:2:1;1:2:2;1:2:2;1:3:3,1,3,0,0,0,1,0,0,0,0,0,0,5,24
63586,1:2:1;1:2:2;1:2:2;1:3:3,1,4,0,0,0,1,0,0,0,0,0,0,5,24
63587,1:2:1;1:2:2;1:2:2;1:3:3,1,5,0,0,0,1,0,0,0,0,0,0,5,24
63588,1:2:1;1:2:2;1:2:2;1:3:3,2,0,0,0,0,1,0,0,0,0,0,0,14,24
63589,1:2:1;1:2:2;1:2:2;1:3:3,2,1,0,0,0,1,0,0,0,0,0,0,14,24
63590,1:2:1;1:2:2;1:2:2;1:3:3,2,2,0,0,0,1,0,0,0,0,0,0,14,24
63591,1:2:1;1:2:2;1:2:2;1:3:3,2,3,0,0,0,1,0,0,0,0,0,0,14,24
63592,1:2:1;1:2:2;1:2:2;1:3:3,2,4,0,0,0,1,0,0,0,0,0,0,14,24
63593,1:2:1;1:2:2;1:2:2;1:3:3,2,5,0,0,0,1,0,0,0,0,0,0,14,24
63594,1:2:1;1:2:2;1:2:2;1:3:3,3,0,0,0,0,1,0,0,0,0,0,0,28,24
63595,1:2:1;1:2:2;1:2:2;1:3:3,3,1,0,0,0,1,0,0,0,0,0,0,28,24
63596,1:2:1;1:2:2;1:2:2;1:3:3,3,2,0,0,0,1,0,0,0,0,0,0,28,24
63597,1:2:1;1:2:2;1:2:2;1:3:3,3,3,0,0,0,1,0,0,0,0,0,0,28,24
63598,1:2:1;1:2:2;1:2:2;1:3:3,3,4,0,0,0,1,0,0,0,0,0,0,28,24
63599,1:2:1;1:2:2;1:2:2;1:3:3,3,5,0,0,0,1,0,0,0,0,0,0,28,24
63600,1:2:1;1:2:2;1:2:2;1:3:3,4,0,0,0,0,1,0,0,0,0,0,0,44,24
63601,1:2:1;1:2:2;1:2:2;1:3:3,4,1,0,0,0,1,0,0,0,0,0,0,44,24
63602,1:2:1;1:2:2;1:2:2;1:3:3,4,2,0,0,0,1,0,0,0,0,0,0,44,24
63603,1:2:1;1:2:2;1:2:2;1:3:3,4,3,0,0,0,1,0,0,0,0,0,0,44,24
63604,1:2:1;1:2:2;1:2:2;1:3:3,4,4,0,0,0,1,0,0,0,0,0,0,44,24
63605,1:2:1;1:2:2;1:2:2;1:3:3,4,5,0,0,0,1,0,0,0,0,0,0,44,24
63606,1:2:1;1:2:2;1:2:2;1:3:3,5,0,0,0,0,1,0,0,0,0,0,0,58,24
63607,1:2:1;1:2:2;1:2:2;1:3:3,5,1,0,0,0,1,0,0,0,0,0,0,58,24
63608,1:2:1;1:2:2;1:2:2;1:3:3,5,2,0,0,0,1,0,0,0,0,0,0,58,24
63609,1:2:1;1:2:2;1:2:2;1:3:3,5,3,0,0,0,1,0,0,0,0,0,0,58,24
63610,1:2:1;1:2:2;1:2:2;1:3:3,5,4,0,0,0,1,0,0,0,0,0,0,58,24
63611,1:2:1;1:2:2;1:2:2;1:3:3,5,5,0,0,0,1,0,0,0,0,0,0,58,24
63612,1:2:1;1:2:2;1:2:2;1:4:3,0,0,0,0,0,1,0,0,0,0,0,0,1,24
63613,1:2:1;1:2:2;1:2:2;1:4:3,0,1,0,0,0,1,0,0,0,0,0,0,1,24
63614,1:2:1;1:2:2;1:2:2;1:4:3,0,2,0,0,0,1,0,0,0,0,0,0,1,24
63615,1:2:1;1:2:2;1:2:2;1:4:3,0,3,0,0,0,1,0,0,0,0,0,0,1,24
63616,1:2:1;1:2:2;1:2:2;1:4:3,0,4,0,0,0,1,0,0,0,0,0,0,1,24
63617,1:2:1;1:2:2;1:2:2;1:4:3,0,5,0,0,0,1,0,0,0,0,0,0,1,24
63618,1:2:1;1:2:2;1:2:2;1:4:3,1,0,0,0,0,1,0,0,0,0,0,0,5,24
63619,1:2:1;1:2:2;1:2:2;1:4:3,1,1,0,0,0,1,0,0,0,0,0,0,5,24
63620,1:2:1;1:2:2;1:2:2;1:4:3,1,2,0,0,0,1,0,0,0,0,0,0,5,24
63621,1:2:1;1:2:2;1:2:2;1:4:3,1,3,0,0,0,1,0,0,0,0,0,0,5,24
63622,1:2:1;1:2:2;1:2:2;1:4:3,1,4,0,0,0,1,0,0,0,0,0,0,5,24
63623,1:2:1;1:2:2;1:2:2;1:4:3,1,5,0,0,0,1,0,0,0,0,0,0,5,24
63624,1:2:1;1:2:2;1:2:2;1:4:3,2,0,0,0,0,1,0,0,0,0,0,0,14,24
63625,1:2:1;1:2:2;1:2:2;1:4:3,2,1,0,0,0,1,0,0,0,0,0,0,14,24
63626,1:2:1;1:2:2;1:2:2;1:4:3,2,2,0,0,0,1,0,0,0,0,0,0,14,24
63627,1:2:1;1:2:2;1:2:2;1:4:3,2,3,0,0,0,1,0,0,0,0,0,0,14,24
63628,1:2:1;1:2:2;1:2:2;1:4:3,2,4,0,0,0,1,0,0,0,0,0,0,14,24
63629,1:2:1;1:2:2;1:2:2;1:4:3,2,5,0,0,0,1,0,0,0,0,0,0,14,24
63630,1:2:1;1:2:2;1:2:2;1:4:3,3,0,0,0,0,1,0,0,0,0,0,0,28,24
63631,1:2:1;1:2:2;1:2:2;1:4:3,3,1,0,0,0,1,0,0,0,0,0,0,28,24
63632,1:2:1;1:2:2;1:2:2;1:4:3,3,2,0,0,0,1,0,0,0,0,0,0,28,24
63633,1:2:1;1:2:2;1:2:2;1:4:3,3,3,0,0,0,1,0,0,0,0,0,0,28,24
63634,1:2:1;1:2:2;1:2:2;1:4:3,3,4,0,0,0,1,0,0,0,0,0,0,28,24
63635,1:2:1;1:2:2;1:2:2;1:4:3,3,5,0,0,0,1,0,0,0,0,0,0,28,24
63636,1:2:1;1:2:2;1:2:2;1:4:3,4,0,0,0,0,1,0,0,0,0,0,0,44,24
63637,1:2:1;1:2:2;1:2:2;1:4:3,4,1,0,0,0,1,0,0,0,0,0,0,44,24
63638,1:2:1;1:2:2;1:2:2;1:4:3,4,2,0,0,0,1,0,0,0,0,0,0,44,24
63639,1:2:1;1:2:2;1:2:2;1:4:3,4,3,0,0,0,1,0,0,0,0,0,0,44,24
63640,1:2:1;1:2:2;1:2:2;1:4:3,4,4,0,0,0,1,0,0,0,0,0,0,44,24
63641,1:2:1;1:2:2;1:2:2;1:4:3,4,5,0,0,0,1,0,0,0,0,0,0,44,24
63642,1:2:1;1:2:2;1:2:2;1:4:3,5,0,0,0,0,1,0,0,0,0,0,0,58,24
63643,1:2:1;1:2:2;1:2:2;1:4:3,5,1,0,0,0,1,0,0,0,0,0,0,58,24
63644,1:2:1;1:2:2;1:2:2;1:4:3,5,2,0,0,0,1,0,0,0,0,0,0,58,24
63645,1:2:1;1:2:2;1:2:2;1:4:3,5,3,0,0,0,1,0,0,0,0,0,0,58,24
63646,1:2:1;1:2:2;1:2:2;1:4:3,5,4,0,0,0,1,0,0,0,0,0,0,58,24
63647,1:2:1;1:2:2;1:2:2;1:4:3,5,5,0,0,0,1,0,0,0,0,0,0,58,24
63648,1:2:1;1:2:2;1:3:2;1:3:2,0,0,0,0,0,1,0,0,0,0,0,0,1,24
63649,1:2:1;1:2:2;1:3:2;1:3:2,0,1,0,0,0,1,0,0,0,0,0,0,1,24
63650,1:2:1;1:2:2;1:3:2;1:3:2,0,2,0,0,0,1,0,0,0,0,0,0,1,24
63651,1:2:1;1:2:2;1:3:2;1:3:2,0,3,0,0,0,1,0,0,0,0,0,0,1,24
63652,1:2:1;1:2:2;1:3:2;1:3:2,0,4,0,0,0,1,0,0,0,0,0,0,1,24
63653,1:2:1;1:2:2;1:3:2;1:3:2,0,5,0,0,0,1,0,0,0,0,0,0,1,24
63654,1:2:1;1:2:2;1:3:2;1:3:2,1,0,0,0,0,1,0,0,0,0,0,0,5,24
63655,1:2:1;1:2:2;1:3:2;1:3:2,1,1,0,0,0,1,0,0,0,0,0,0,5,24
63656,1:2:1;1:2:2;1:3:2;1:3:2,1,2,0,0,0,1,0,0,0,0,0,0,5,24
63657,1:2:1;1:2:2;1:3:2;1:3:2,1,3,0,0,0,1,0,0,0,0,0,0,5,24
63658,1:2:1;1:2:2;1:3:2;1:3:2,1,4,0,0,0,1,0,0,0,0,0,0,5,24
63659,1:2:1;1:2:2;1:3:2;1:3:2,1,5,0,0,0,1,0,0,0,0,0,0,5,24
63660,1:2:1;1:2:2;1:3:2;1:3:2,2,0,0,0,0,1,0,0,0,0,0,0,14,24
63661,1:2:1;1:2:2;1:3:2;1:3:2,2,1,0,0,0,1,0,0,0,0,0,0,14,24
63662,1:2:1;1:2:2;1:3:2;1:3:2,2,2,0,0,0,1,0,0,0,0,0,0,14,24
63663,1:2:1;1:2:2;1:3:2;1:3:2,2,3,0,0,0,1,0,0,0,0,0,0,14,24
63664,1:2:1;1:2:2;1:3:2;1:3:2,2,4,0,0,0,1,0,0,0,0,0,0,14,24
63665,1:2:1;1:2:2;1:3:2;1:3:2,2,5,0,0,0,1,0,0,0,0,0,0,14,24
63666,1:2:1;1:2:2;1:3:2;1:3:2,3,0,0,0,0,1,0,0,0,0,0,0,27,24
63667,1:2:1;1:2:2;1:3:2;1:3:2,3,1,0,0,0,1,0,0,0,0,0,0,27,24
63668,1:2:1;1:2:2;1:3:2;1:3:2,3,2,0,0,0,1,0,0,0,0,0,0,27,24
63669,1:2:1;1:2:2;1:3:2;1:3:2,3,3,0,0,0,1,0,0,0,0,0,0,27,24
63670,1:2:1;1:2:2;1:3:2;1:3:2,3,4,0,0,0,1,0,0,0,0,0,0,27,24
63671,1:2:1;1:2:2;1:3:2;1:3:2,3,5,0,0,0,1,0,0,0,0,0,0,27,24
63672,1:2:1;1:2:2;1:3:2;1:3:2,4,0,0,0,0,1,0,0,0,0,0,0,40,24
63673,1:2:1;1:2:2;1:3:2;1:3:2,4,1,0,0,0,1,0,0,0,0,0,0,40,24
63674,1:2:1;1:2:2;1:3:2;1:3:2,4,2,0,0,0,1,0,0,0,0,0,0,40,24
63675,1:2:1;1:2:2;1:3:2;1:3:2,4,3,0,0,0,1,0,0,0,0,0,0,40,24
63676,1:2:1;1:2:2;1:3:2;1:3:2,4,4,0,0,0,1,0,0,0,0,0,0,40,24
63677,1:2:1;1:2:2;1:3:2;1:3:2,4,5,0,0,0,1,0,0,0,0,0,0,40,24
63678,1:2:1;1:2:2;1:3:2;1:3:2,5,0,0,0,0,1,0,0,0,0,0,0,49,24
63679,1:2:1;1:2:2;1:3:2;1:3:2,5,1,0,0,0,1,0,0,0,0,0,0,49,24
63680,1:2:1;1:2:2;1:3:2;1:3:2,5,2,0,0,0,1,0,0,0,0,0,0,49,24
63681,1:2:1;1:2:2;1:3:2;1:3:2,5,3,0,0,0,1,0,0,0,0,0,0,49,24
63682,1:2:1;1:2:2;1:3:2;1:3:2,5,4,0,0,0,1,0,0,0,0,0,0,49,24
63683,1:2:1;1:2:2;1:3:2;1:3:2,5,5,0,0,0,1,0,0,0,0,0,0,49,24
63684,1:2:1;1:2:2;1:3:2;1:3:3,0,0,0,0,0,1,0,0,0,0,0,0,1,24
63685,1:2:1;1:2:2;1:3:2;1:3:3,0,1,0,0,0,1,0,0,0,0,0,0,1,24
63686,1:2:1;1:2:2;1:3:2;1:3:3,0,2,0,0,0,1,0,0,0,0,0,0,1,24
63687,1:2:1;1:2:2;1:3:2;1:3:3,0,3,0,0,0,1,0,0,0,0,0,0,1,24
63688,1:2:1;1:2:2;1:3:2;1:3:3,0,4,0,0,0,1,0,0,0,0,0,0,1,24
63689,1:2:1;1:2:2;1:3:2;1:3:3,0,5,0,0,0,1,0,0,0,0,0,0,1,24
63690,1:2:1;1:2:2;1:3:2;1:3:3,1,0,0,0,0,1,0,0,0,0,0,0,5,24
63691,1:2:1;1:2:2;1:3:2;1:3:3,1,1,0,0,0,1,0,0,0,0,0,0,5,24
63692,1:2:1;1:2:2;1:3:2;1:3:3,1,2,0,0,0,1,0,0,0,0,0,0,5,24
63693,1:2:1;1:2:2;1:3:2;1:3:3,1,3,0,0,0,1,0,0,0,0,0,0,5,24
63694,1:2:1;1:2:2;1:3:2;1:3:3,1,4,0,0,0,1,0,0,0,0,0,0,5,24
63695,1:2:1;1:2:2;1:3:2;1:3:3,1,5,0,0,0,1,0,0,0,0,0,0,5,24
63696,1:2:1;1:2:2;1:3:2;1:3:3,2,0,0,0,0,1,0,0,0,0,0,0,14,24
63697,1:2:1;1:2:2;1:3:2;1:3:3,2,1,0,0,0,1,0,0,0,0,0,0,14,24
63698,1:2:1;1:2:2;1:3:2;1:3:3,2,2,0,0,0,1,0,0,0,0,0,0,14,24
63699,1:2:1;1:2:2;1:3:2;1:3:3,2,3,0,0,0,1,0,0,0,0,0,0,14,24
63700,1:2:1;1:2:2;1:3:2;1:3:3,2,4,0,0,0,1,0,0,0,0,0,0,14,24
63701,1:2:1;1:2:2;1:3:2;1:3:3,2,5,0,0,0,1,0,0,0,0,0,0,14,24
63702,1:2:1;1:2:2;1:3:2;1:3:3,3,0,0,0,0,1,0,0,0,0,0,0,28,24
63703,1:2:1;1:2:2;1:3:2;1:3:3,3,1,0,0,0,1,0,0,0,0,0,0,28,24
63704,1:2:1;1:2:2;1:3:2;1:3:3,3,2,0,0,0,1,0,0,0,0,0,0,28,24
63705,1:2:1;1:2:2;1:3:2;1:3:3,3,3,0,0,0,1,0,0,0,0,0,0,28,24
63706,1:2:1;1:2:2;1:3:2;1:3:3,3,4,0,0,0,1,0,0,0,0,0,0,28,24
63707,1:2:1;1:2:2;1:3:2;1:3:3,3,5,0,0,0,1,0,0,0,0,0,0,28,24
63708,1:2:1;1:2:2;1:3:2;1:3:3,4,0,0,0,0,1,0,0,0,0,0,0,44,24
63709,1:2:1;1:2:2;1:3:2;1:3:3,4,1,0,0,0,1,0,0,0,0,0,0,44,24
63710,1:2:1;1:2:2;1:3:2;1:3:3,4,2,0,0,0,1,0,0,0,0,0,0,44,24
63711,1:2:1;1:2:2;1:3:2;1:3:3,4,3,0,0,0,1,0,0,0,0,0,0,44,24
63712,1:2:1;1:2:2;1:3:2;1:3:3,4,4,0,0,0,1,0,0,0,0,0,0,44,24
63713,1:2:1;1:2:2;1:3:2;1:3:3,4,5,0,0,0,1,0,0,0,0,0,0,44,24
63714,1:2:1;1:2:2;1:3:2;1:3:3,5,0,0,0,0,1,0,0,0,0,0,0,58,24
63715,1:2:1;1:2:2;1:3:2;1:3:3,5,1,0,0,0,1,0,0,0,0,0,0,58,24
63716,1:2:1;1:2:2;1:3:2;1:3:3,5,2,0,0,0,1,0,0,0,0,0,0,58,24
63717,1:2:1;1:2:2;1:3:2;1:3:3,5,3,0,0,0,1,0,0,0,0,0,0,58,24
63718,1:2:1;1:2:2;1:3:2;1:3:3,5,4,0,0,0,1,0,0,0,0,0,0,58,24
63719,1:2:1;1:2:2;1:3:2;1:3:3,5,5,0,0,0,1,0,0,0,0,0,0,58,24
63720,1:2:1;1:2:2;1:3:2;1:4:3,0,0,0,0,0,1,0,0,0,0,0,0,1,24
63721,1:2:1;1:2:2;1:3:2;1:4:3,0,1,0,0,0,1,0,0,0,0,0,0,1,24
63722,1:2:1;1:2:2;1:3:2;1:4:3,0,2,0,0,0,1,0,0,0,0,0,0,1,24
63723,1:2:1;1:2:2;1:3:2;1:4:3,0,3,0,0,0,1,0,0,0,0,0,0,1,24
63724,1:2:1;1:2:2;1:3:2;1:4:3,0,4,0,0,0,1,0,0,0,0,0,0,1,24
63725,1:2:1;1:2:2;1:3:2;1:4:3,0,5,0,0,0,1,0,0,0,0,0,0,1,24
63726,1:2:1;1:2:2;1:3:2;1:4:3,1,0,0,0,0,1,0,0,0,0,0,0,5,24
63727,1:2:1;1:2:2;1:3:2;1:4:3,1,1,0,0,0,1,0,0,0,0,0,0,5,24
63728,1:2:1;1:2:2;1:3:2;1:4:3,1,2,0,0,0,1,0,0,0,0,0,0,5,24
63729,1:2:1;1:2:2;1:3:2;1:4:3,1,3,0,0,0,1,0,0,0,0,0,0,5,24
63730,1:2:1;1:2:2;1:3:2;1:4:3,1,4,0,0,0,1,0,0,0,0,0,0,5,24
63731,1:2:1;1:2:2;1:3:2;1:4:3,1,5,0,0,0,1,0,0,0,0,0,0,5,24
63732,1:2:1;1:2:2;1:3:2;1:4:3,2,0,0,0,0,1,0,0,0,0,0,0,14,24
63733,1:2:1;1:2:2;1:3:2;1:4:3,2,1,0,0,0,1,0,0,0,0,0,0,14,24
63734,1:2:1;1:2:2;1:3:2;1:4:3,2,2,0,0,0,1,0,0,0,0,0,0,14,24
63735,1:2:1;1:2:2;1:3:2;1:4:3,2,3,0,0,0,1,0,0,0,0,0,0,14,24
63736,1:2:1;1:2:2;1:3:2;1:4:3,2,4,0,0,0,1,0,0,0,0,0,0,14,24
63737,1:2:1;1:2:2;1:3:2;1:4:3,2,5,0,0,0,1,0,0,0,0,0,0,14,24
63738,1:2:1;1:2:2;1:3:2;1:4:3,3,0,0,0,0,1,0,0,0,0,0,0,28,24
63739,1:2:1;1:2:2;1:3:2;1:4:3,3,1,0,0,0,1,0,0,0,0,0,0,28,24
63740,1:2:1;1:2:2;1:3:2;1:4:3,3,2,0,0,0,1,0,0,0,0,0,0,28,24
63741,1:2:1;1:2:2;1:3:2;1:4:3,3,3,0,0,0,1,0,0,0,0,0,0,28,24
63742,1:2:1;1:2:2;1:3:2;1:4:3,3,4,0,0,0,1,0,0,0,0,0,0,28,24
63743,1:2:1;1:2:2;1:3:2;1:4:3,3,5,0,0,0,1,0,0,0,0,0,0,28,24
63744,1:2:1;1:2:2;1:3:2;1:4:3,4,0,0,0,0,1,0,0,0,0,0,0,44,24
63745,1:2:1;1:2:2;1:3:2;1:4:3,4,1,0,0,0,1,0,0,0,0,0,0,44,24
63746,1:2:1;1:2:2;1:3:2;1:4:3,4,2,0,0,0,1,0,0,0,0,0,0,44,24
63747,1:2:1;1:2:2;1:3:2;1:4:3,4,3,0,0,0,1,0,0,0,0,0,0,44,24
63748,1:2:1;1:2:2;1:3:2;1:4:3,4,4,0,0,0,1,0,0,0,0,0,0,44,24
63749,1:2:1;1:2:2;1:3:2;1:4:3,4,5,0,0,0,1,0,0,0,0,0,0,44,24
63750,1:2:1;1:2:2;1:3:2;1:4:3,5,0,0,0,0,1,0,0,0,0,0,0,58,24
63751,1:2:1;1:2:2;1:3:2;1:4:3,5,1,0,0,0,1,0,0,0,0,0,0,58,24
63752,1:2:1;1:2:2;1:3:2;1:4:3,5,2,0,0,0,1,0,0,0,0,0,0,58,24
63753,1:2:1;1:2:2;1:3:2;1:4:3,5,3,0,0,0,1,0,0,0,0,0,0,58,24
63754,1:2:1;1:2:2;1:3:2;1:4:3,5,4,0,0,0,1,0,0,0,0,0,0,58,24
63755,1:2:1;1:2:2;1:3:2;1:4:3,5,5,0,0,0,1,0,0,0,0,0,0,58,24
63756,1:2:1;1:2:2;1:3:3;1:3:3,0,0,0,0,0,1,0,0,0,0,0,0,1,24
63757,1:2:1;1:2:2;1:3:3;1:3:3,0,1,0,0,0,1,0,0,0,0,0,0,1,24
63758,1:2:1;1:2:2;1:3:3;1:3:3,0,2,0,0,0,1,0,0,0,0,0,0,1,24
63759,1:2:1;1:2:2;1:3:3;1:3:3,0,3,0,0,0,1,0,0,0,0,0,0,1,24
63760,1:2:1;1:2:2;1:3:3;1:3:3,0,4,0,0,0,1,0,0,0,0,0,0,1,24
63761,1:2:1;1:2:2;1:3:3;1:3:3,0,5,0,0,0,1,0,0,0,0,0,0,1,24
63762,1:2:1;1:2:2;1:3:3;1:3:3,1,0,0,0,0,1,0,0,0,0,0,0,5,24
63763,1:2:1;1:2:2;1:3:3;1:3:3,1,1,0,0,0,1,0,0,0,0,0,0,5,24
63764,1:2:1;1:2:2;1:3:3;1:3:3,1,2,0,0,0,1,0,0,0,0,0,0,5,24
63765,1:2:1;1:2:2;1:3:3;1:3:3,1,3,0,0,0,1,0,0,0,0,0,0,5,24
63766,1:2:1;1:2:2;1:3:3;1:3:3,1,4,0,0,0,1,0,0,0,0,0,0,5,24
63767,1:2:1;1:2:2;1:3:3;1:3:3,1,5,0,0,0,1,0,0,0,0,0,0,5,24
63768,1:2:1;1:2:2;1:3:3;1:3:3,2,0,0,0,0,1,0,0,0,0,0,0,14,24
63769,1:2:1;1:2:2;1:3:3;1:3:3,2,1,0,0,0,1,0,0,0,0,0,0,14,24
63770,1:2:1;1:2:2;1:3:3;1:3:3,2,2,0,0,0,1,0,0,0,0,0,0,14,24
63771,1:2:1;1:2:2;1:3:3;1:3:3,2,3,0,0,0,1,0,0,0,0,0,0,14,24
63772,1:2:1;1:2:2;1:3:3;1:3:3,2,4,0,0,0,1,0,0,0,0,0,0,14,24
63773,1:2:1;1:2:2;1:3:3;1:3:3,2,5,0,0,0,1,0,0,0,0,0,0,14,24
63774,1:2:1;1:2:2;1:3:3;1:3:3,3,0,0,0,0,1,0,0,0,0,0,0,29,24
63775,1:2:1;1:2:2;1:3:3;1:3:3,3,1,0,0,0,1,0,0,0,0,0,0,29,24
63776,1:2:1;1:2:2;1:3:3;1:3:3,3,2,0,0,0,1,0,0,0,0,0,0,29,24
63777,1:2:1;1:2:2;1:3:3;1:3:3,3,3,0,0,0,1,0,0,0,0,0,0,29,24
63778,1:2:1;1:2:2;1:3:3;1:3:3,3,4,0,0,0,1,0,0,0,0,0,0,29,24
63779,1:2:1;1:2:2;1:3:3;1:3:3,3,5,0,0,0,1,0,0,0,0,0,0,29,24
63780,1:2:1;1:2:2;1:3:3;1:3:3,4,0,0,0,0,1,0,0,0,0,0,0,48,24
63781,1:2:1;1:2:2;1:3:3;1:3:3,4,1,0,0,0,1,0,0,0,0,0,0,48,24
63782,1:2:1;1:2:2;1:3:3;1:3:3,4,2,0,0,0,1,0,0,0,0,0,0,48,24
63783,1:2:1;1:2:2;1:3:3;1:3:3,4,3,0,0,0,1,0,0,0,0,0,0,48,24
63784,1:2:1;1:2:2;1:3:3;1:3:3,4,4,0,0,0,1,0,0,0,0,0,0,48,24
63785,1:2:1;1:2:2;1:3:3;1:3:3,4,5,0,0,0,1,0,0,0,0,0,0,48,24
63786,1:2:1;1:2:2;1:3:3;1:3:3,5,0,0,0,0,1,0,0,0,0,0,0,67,24
63787,1:2:1;1:2:2;1:3:3;1:3:3,5,1,0,0,0,1,0,0,0,0,0,0,67,24
63788,1:2:1;1:2:2;1:3:3;1:3:3,5,2,0,0,0,1,0,0,0,0,0,0,67,24
63789,1:2:1;1:2:2;1:3:3;1:3:3,5,3,0,0,0,1,0,0,0,0,0,0,67,24
63790,1:2:1;1:2:2;1:3:3;1:3:3,5,4,0,0,0,1,0,0,0,0,0,0,67,24
63791,1:2:1;1:2:2;1:3:3;1:3:3,5,5,0,0,0,1,0,0,0,0,0,0,67,24
63792,1:2:1;1:2:2;1:3:3;1:4:3,0,0,0,0,0,1,0,0,0,0,0,0,1,24
63793,1:2:1;1:2:2;1:3:3;1:4:3,0,1,0,0,0,1,0,0,0,0,0,0,1,24
63794,1:2:1;1:2:2;1:3:3;1:4:3,0,2,0,0,0,1,0,0,0,0,0,0,1,24
63795,1:2:1;1:2:2;1:3:3;1:4:3,0,3,0,0,0,1,0,0,0,0,0,0,1,24
63796,1:2:1;1:2:2;1:3:3;1:4:3,0,4,0,0,0,1,0,0,0,0,0,0,1,24
63797,1:2:1;1:2:2;1:3:3;1:4:3,0,5,0,0,0,1,0,0,0,0,0,0,1,24
63798,1:2:1;1:2:2;1:3:3;1:4:3,1,0,0,0,0,1,0,0,0,0,0,0,5,24
63799,1:2:1;1:2:2;1:3:3;1:4:3,1,1,0,0,0,1,0,0,0,0,0,0,5,24
63800,1:2:1;1:2:2;1:3:3;1:4:3,1,2,0,0,0,1,0,0,0,0,0,0,5,24
63801,1:2:1;1:2:2;1:3:3;1:4:3,1,3,0,0,0,1,0,0,0,0,0,0,5,24
63802,1:2:1;1:2:2;1:3:3;1:4:3,1,4,0,0,0,1,0,0,0,0,0,0,5,24
63803,1:2:1;1:2:2;1:3:3;1:4:3,1,5,0,0,0,1,0,0,0,0,0,0,5,24
63804,1:2:1;1:2:2;1:3:3;1:4:3,2,0,0,0,0,1,0,0,0,0,0,0,14,24
63805,1:2:1;1:2:2;1:3:3;1:4:3,2,1,0,0,0,1,0,0,0,0,0,0,14,24
63806,1:2:1;1:2:2;1:3:3;1:4:3,2,2,0,0,0,1,0,0,0,0,0,0,14,24
63807,1:2:1;1:2:2;1:3:3;1:4:3,2,3,0,0,0,1,0,0,0,0,0,0,14,24
63808,1:2:1;1:2:2;1:3:3;1:4:3,2,4,0,0,0,1,0,0,0,0,0,0,14,24
63809,1:2:1;1:2:2;1:3:3;1:4:3,2,5,0,0,0,1,0,0,0,0,0,0,14,24
63810,1:2:1;1:2:2;1:3:3;1:4:3,3,0,0,0,0,1,0,0,0,0,0,0,29,24
63811,1:2:1;1:2:2;1:3:3;1:4:3,3,1,0,0,0,1,0,0,0,0,0,0,29,24
63812,1:2:1;1:2:2;1:3:3;1:4:3,3,2,0,0,0,1,0,0,0,0,0,0,29,24
63813,1:2:1;1:2:2;1:3:3;1:4:3,3,3,0,0,0,1,0,0,0,0,0,0,29,24
63814,1:2:1;1:2:2;1:3:3;1:4:3,3,4,0,0,0,1,0,0,0,0,0,0,29,24
63815,1:2:1;1:2:2;1:3:3;1:4:3,3,5,0,0,0,1,0,0,0,0,0,0,29,24
63816,1:2:1;1:2:2;1:3:3;1:4:3,4,0,0,0,0,1,0,0,0,0,0,0,48,24
63817,1:2:1;1:2:2;1:3:3;1:4:3,4,1,0,0,0,1,0,0,0,0,0,0,48,24
63818,1:2:1;1:2:2;1:3:3;1:4:3,4,2,0,0,0,1,0,0,0,0,0,0,48,24
63819,1:2:1;1:2:2;1:3:3;1:4:3,4,3,0,0,0,1,0,0,0,0,0,0,48,24
63820,1:2:1;1:2:2;1:3:3;1:4:3,4,4,0,0,0,1,0,0,0,0,0,0,48,24
63821,1:2:1;1:2:2;1:3:3;1:4:3,4,5,0,0,0,1,0,0,0,0,0,0,48,24
63822,1:2:1;1:2:2;1:3:3;1:4:3,5,0,0,0,0,1,0,0,0,0,0,0,67,24
63823,1:2:1;1:2:2;1:3:3;1:4:3,5,1,0,0,0,1,0,0,0,0,0,0,67,24
63824,1:2:1;1:2:2;1:3:3;1:4:3,5,2,0,0,0,1,0,0,0,0,0,0,67,24
63825,1:2:1;1:2:2;1:3:3;1:4:3,5,3,0,0,0,1,0,0,0,0,0,0,67,24
63826,1:2:1;1:2:2;1:3:3;1:4:3,5,4,0,0,0,1,0,0,0,0,0,0,67,24
63827,1:2:1;1:2:2;1:3:3;1:4:3,5,5,0,0,0,1,0,0,0,0,0,0,67,24
63828,1:2:1;1:2:2;1:4:3;1:4:3,0,0,0,0,0,1,0,0,0,0,0,0,1,24
63829,1:2:1;1:2:2;1:4:3;1:4:3,0,1,0,0,0,1,0,0,0,0,0,0,1,24
63830,1:2:1;1:2:2;1:4:3;1:4:3,0,2,0,0,0,1,0,0,0,0,0,0,1,24
63831,1:2:1;1:2:2;1:4:3;1:4:3,0,3,0,0,0,1,0,0,0,0,0,0,1,24
63832,1:2:1;1:2:2;1:4:3;1:4:3,0,4,0,0,0,1,0,0,0,0,0,0,1,24
63833,1:2:1;1:2:2;1:4:3;1:4:3,0,5,0,0,0,1,0,0,0,0,0,0,1,24
63834,1:2:1;1:2:2;1:4:3;1:4:3,1,0,0,0,0,1,0,0,0,0,0,0,5,24
63835,1:2:1;1:2:2;1:4:3;1:4:3,1,1,0,0,0,1,0,0,0,0,0,0,5,24
63836,1:2:1;1:2:2;1:4:3;1:4:3,1,2,0,0,0,1,0,0,0,0,0,0,5,24
63837,1:2:1;1:2:2;1:4:3;1:4:3,1,3,0,0,0,1,0,0,0,0,0,0,5,24
63838,1:2:1;1:2:2;1:4:3;1:4:3,1,4,0,0,0,1,0,0,0,0,0,0,5,24
63839,1:2:1;1:2:2;1:4:3;1:4:3,1,5,0,0,0,1,0,0,0,0,0,0,5,24
63840,1:2:1;1:2:2;1:4:3;1:4:3,2,0,0,0,0,1,0,0,0,0,0,0,14,24
63841,1:2:1;1:2:2;1:4:3;1:4:3,2,1,0,0,0,1,0,0,0,0,0,0,14,24
63842,1:2:1;1:2:2;1:4:3;1:4:3,2,2,0,0,0,1,0,0,0,0,0,0,14,24
63843,1:2:1;1:2:2;1:4:3;1:4:3,2,3,0,0,0,1,0,0,0,0,0,0,14,24
63844,1:2:1;1:2:2;1:4:3;1:4:3,2,4,0,0,0,1,0,0,0,0,0,0,14,24
63845,1:2:1;1:2:2;1:4:3;1:4:3,2,5,0,0,0,1,0,0,0,0,0,0,14,24
63846,1:2:1;1:2:2;1:4:3;1:4:3,3,0,0,0,0,1,0,0,0,0,0,0,29,24
63847,1:2:1;1:2:2;1:4:3;1:4:3,3,1,0,0,0,1,0,0,0,0,0,0,29,24
63848,1:2:1;1:2:2;1:4:3;1:4:3,3,2,0,0,0,1,0,0,0,0,0,0,29,24
63849,1:2:1;1:2:2;1:4:3;1:4:3,3,3,0,0,0,1,0,0,0,0,0,0,29,24
63850,1:2:1;1:2:2;1:4:3;1:4:3,3,4,0,0,0,1,0,0,0,0,0,0,29,24
63851,1:2:1;1:2:2;1:4:3;1:4:3,3,5,0,0,0,1,0,0,0,0,0,0,29,24
63852,1:2:1;1:2:2;1:4:3;1:4:3,4,0,0,0,0,1,0,0,0,0,0,0,48,24
63853,1:2:1;1:2:2;1:4:3;1:4:3,4,1,0,0,0,1,0,0,0,0,0,0,48,24
63854,1:2:1;1:2:2;1:4:3;1:4:3,4,2,0,0,0,1,0,0,0,0,0,0,48,24
63855,1:2:1;1:2:2;1:4:3;1:4:3,4,3,0,0,0,1,0,0,0,0,0,0,48,24
63856,1:2:1;1:2:2;1:4:3;1:4:3,4,4,0,0,0,1,0,0,0,0,0,0,48,24
63857,1:2:1;1:2:2;1:4:3;1:4:3,4,5,0,0,0,1,0,0,0,0,0,0,48,24
63858,1:2:1;1:2:2;1:4:3;1:4:3,5,0,0,0,0,1,0,0,0,0,0,0,67,24
63859,1:2:1;1:2:2;1:4:3;1:4:3,5,1,0,0,0,1,0,0,0,0,0,0,67,24
63860,1:2:1;1:2:2;1:4:3;1:4:3,5,2,0,0,0,1,0,0,0,0,0,0,67,24
63861,1:2:1;1:2:2;1:4:3;1:4:3,5,3,0,0,0,1,0,0,0,0,0,0,67,24
63862,1:2:1;1:2:2;1:4:3;1:4:3,5,4,0,0,0,1,0,0,0,0,0,0,67,24
63863,1:2:1;1:2:2;1:4:3;1:4:3,5,5,0,0,0,1,0,0,0,0,0,0,67,24
63864,1:2:1;1:3:2;1:3:2;1:3:2,0,0,0,0,0,1,0,0,0,0,0,0,1,24
63865,1:2:1;1:3:2;1:3:2;1:3:2,0,1,0,0,0,1,0,0,0,0,0,0,1,24
63866,1:2:1;1:3:2;1:3:2;1:3:2,0,2,0,0,0,1,0,0,0,0,0,0,1,24
63867,1:2:1;1:3:2;1:3:2;1:3:2,0,3,0,0,0,1,0,0,0,0,0,0,1,24
63868,1:2:1;1:3:2;1:3:2;1:3:2,0,4,0,0,0,1,0,0,0,0,0,0,1,24
63869,1:2:1;1:3:2;1:3:2;1:3:2,0,5,0,0,0,1,0,0,0,0,0,0,1,24
63870,1:2:1;1:3:2;1:3:2;1:3:2,1,0,0,0,0,1,0,0,0,0,0,0,5,24
63871,1:2:1;1:3:2;1:3:2;1:3:2,1,1,0,0,0,1,0,0,0,0,0,0,5,24
63872,1:2:1;1:3:2;1:3:2;1:3:2,1,2,0,0,0,1,0,0,0,0,0,0,5,24
63873,1:2:1;1:3:2;1:3:2;1:3:2,1,3,0,0,0,1,0,0,0,0,0,0,5,24
63874,1:2:1;1:3:2;1:3:2;1:3:2,1,4,0,0,0,1,0,0,0,0,0,0,5,24
63875,1:2:1;1:3:2;1:3:2;1:3:2,1,5,0,0,0,1,0,0,0,0,0,0,5,24
63876,1:2:1;1:3:2;1:3:2;1:3:2,2,0,0,0,0,1,0,0,0,0,0,0,14,24
63877,1:2:1;1:3:2;1:3:2;1:3:2,2,1,0,0,0,1,0,0,0,0,0,0,14,24
63878,1:2:1;1:3:2;1:3:2;1:3:2,2,2,0,0,0,1,0,0,0,0,0,0,14,24
63879,1:2:1;1:3:2;1:3:2;1:3:2,2,3,0,0,0,1,0,0,0,0,0,0,14,24
63880,1:2:1;1:3:2;1:3:2;1:3:2,2,4,0,0,0,1,0,0,0,0,0,0,14,24
63881,1:2:1;1:3:2;1:3:2;1:3:2,2,5,0,0,0,1,0,0,0,0,0,0,14,24
63882,1:2:1;1:3:2;1:3:2;1:3:2,3,0,0,0,0,1,0,0,0,0,0,0,27,24
63883,1:2:1;1:3:2;1:3:2;1:3:2,3,1,0,0,0,1,0,0,0,0,0,0,27,24
63884,1:2:1;1:3:2;1:3:2;1:3:2,3,2,0,0,0,1,0,0,0,0,0,0,27,24
63885,1:2:1;1:3:2;1:3:2;1:3:2,3,3,0,0,0,1,0,0,0,0,0,0,27,24
63886,1:2:1;1:3:2;1:3:2;1:3:2,3,4,0,0,0,1,0,0,0,0,0,0,27,24
63887,1:2:1;1:3:2;1:3:2;1:3:2,3,5,0,0,0,1,0,0,0,0,0,0,27,24
63888,1:2:1;1:3:2;1:3:2;1:3:2,4,0,0,0,0,1,0,0,0,0,0,0,40,24
63889,1:2:1;1:3:2;1:3:2;1:3:2,4,1,0,0,0,1,0,0,0,0,0,0,40,24
63890,1:2:1;1:3:2;1:3:2;1:3:2,4,2,0,0,0,1,0,0,0,0,0,0,40,24
63891,1:2:1;1:3:2;1:3:2;1:3:2,4,3,0,0,0,1,0,0,0,0,0,0,40,24
63892,1:2:1;1:3:2;1:3:2;1:3:2,4,4,0,0,0,1,0,0,0,0,0,0,40,24
63893,1:2:1;1:3:2;1:3:2;1:3:2,4,5,0,0,0,1,0,0,0,0,0,0,40,24
63894,1:2:1;1:3:2;1:3:2;1:3:2,5,0,0,0,0,1,0,0,0,0,0,0,49,24
63895,1:2:1;1:3:2;1:3:2;1:3:2,5,1,0,0,0,1,0,0,0,0,0,0,49,24
63896,1:2:1;1:3:2;1:3:2;1:3:2,5,2,0,0,0,1,0,0,0,0,0,0,49,24
63897,1:2:1;1:3:2;1:3:2;1:3:2,5,3,0,0,0,1,0,0,0,0,0,0,49,24
63898,1:2:1;1:3:2;1:3:2;1:3:2,5,4,0,0,0,1,0,0,0,0,0,0,49,24
63899,1:2:1;1:3:2;1:3:2;1:3:2,5,5,0,0,0,1,0,0,0,0,0,0,49,24
63900,1:2:1;1:3:2;1:3:2;1:3:3,0,0,0,0,0,1,0,0,0,0,0,0,1,24
63901,1:2:1;1:3:2;1:3:2;1:3:3,0,1,0,0,0,1,0,0,0,0,0,0,1,24
63902,1:2:1;1:3:2;1:3:2;1:3:3,0,2,0,0,0,1,0,0,0,0,0,0,1,24
63903,1:2:1;1:3:2;1:3:2;1:3:3,0,3,0,0,0,1,0,0,0,0,0,0,1,24
63904,1:2:1;1:3:2;1:3:2;1:3:3,0,4,0,0,0,1,0,0,0,0,0,0,1,24
63905,1:2:1;1:3:2;1:3:2;1:3:3,0,5,0,0,0,1,0,0,0,0,0,0,1,24
63906,1:2:1;1:3:2;1:3:2;1:3:3,1,0,0,0,0,1,0,0,0,0,0,0,5,24
63907,1:2:1;1:3:2;1:3:2;1:3:3,1,1,0,0,0,1,0,0,0,0,0,0,5,24
63908,1:2:1;1:3:2;1:3:2;1:3:3,1,2,0,0,0,1,0,0,0,0,0,0,5,24
63909,1:2:1;1:3:2;1:3:2;1:3:3,1,3,0,0,0,1,0,0,0,0,0,0,5,24
63910,1:2:1;1:3:2;1:3:2;1:3:3,1,4,0,0,0,1,0,0,0,0,0,0,5,24
63911,1:2:1;1:3:2;1:3:2;1:3:3,1,5,0,0,0,1,0,0,0,0,0,0,5,24
63912,1:2:1;1:3:2;1:3:2;1:3:3,2,0,0,0,0,1,0,0,0,0,0,0,14,24
63913,1:2:1;1:3:2;1:3:2;1:3:3,2,1,0,0,0,1,0,0,0,0,0,0,14,24
63914,1:2:1;1:3:2;1:3:2;1:3:3,2,2,0,0,0,1,0,0,0,0,0,0,14,24
63915,1:2:1;1:3:2;1:3:2;1:3:3,2,3,0,0,0,1,0,0,0,0,0,0,14,24
63916,1:2:1;1:3:2;1:3:2;1:3:3,2,4,0,0,0,1,0,0,0,0,0,0,14,24
63917,1:2:1;1:3:2;1:3:2;1:3:3,2,5,0,0,0,1,0,0,0,0,0,0,14,24
63918,1:2:1;1:3:2;1:3:2;1:3:3,3,0,0,0,0,1,0,0,0,0,0,0,28,24
63919,1:2:1;1:3:2;1:3:2;1:3:3,3,1,0,0,0,1,0,0,0,0,0,0,28,24
63920,1:2:1;1:3:2;1:3:2;1:3:3,3,2,0,0,0,1,0,0,0,0,0,0,28,24
63921,1:2:1;1:3:2;1:3:2;1:3:3,3,3,0,0,0,1,0,0,0,0,0,0,28,24
63922,1:2:1;1:3:2;1:3:2;1:3:3,3,4,0,0,0,1,0,0,0,0,0,0,28,24
63923,1:2:1;1:3:2;1:3:2;1:3:3,3,5,0,0,0,1,0,0,0,0,0,0,28,24
63924,1:2:1;1:3:2;1:3:2;1:3:3,4,0,0,0,0,1,0,0,0,0,0,0,44,24
63925,1:2:1;1:3:2;1:3:2;1:3:3,4,1,0,0,0,1,0,0,0,0,0,0,44,24
63926,1:2:1;1:3:2;1:3:2;1:3:3,4,2,0,0,0,1,0,0,0,0,0,0,44,24
63927,1:2:1;1:3:2;1:3:2;1:3:3,4,3,0,0,0,1,0,0,0,0,0,0,44,24
63928,1:2:1;1:3:2;1:3:2;1:3:3,4,4,0,0,0,1,0,0,0,0,0,0,44,24
63929,1:2:1;1:3:2;1:3:2;1:3:3,4,5,0,0,0,1,0,0,0,0,0,0,44,24
63930,1:2:1;1:3:2;1:3:2;1:3:3,5,0,0,0,0,1,0,0,0,0,0,0,58,24
63931,1:2:1;1:3:2;1:3:2;1:3:3,5,1,0,0,0,1,0,0,0,0,0,0,58,24
63932,1:2:1;1:3:2;1:3:2;1:3:3,5,2,0,0,0,1,0,0,0,0,0,0,58,24
63933,1:2:1;1:3:2;1:3:2;1:3:3,5,3,0,0,0,1,0,0,0,0,0,0,58,24
63934,1:2:1;1:3:2;1:3:2;1:3:3,5,4,0,0,0,1,0,0,0,0,0,0,58,24
63935,1:2:1;1:3:2;1:3:2;1:3:3,5,5,0,0,0,1,0,0,0,0,0,0,58,24
63936,1:2:1;1:3:2;1:3:2;1:4:3,0,0,0,0,0,1,0,0,0,0,0,0,1,24
63937,1:2:1;1:3:2;1:3:2;1:4:3,0,1,0,0,0,1,0,0,0,0,0,0,1,24
63938,1:2:1;1:3:2;1:3:2;1:4:3,0,2,0,0,0,1,0,0,0,0,0,0,1,24
63939,1:2:1;1:3:2;1:3:2;1:4:3,0,3,0,0,0,1,0,0,0,0,0,0,1,24
63940,1:2:1;1:3:2;1:3:2;1:4:3,0,4,0,0,0,1,0,0,0,0,0,0,1,24
63941,1:2:1;1:3:2;1:3:2;1:4:3,0,5,0,0,0,1,0,0,0,0,0,0,1,24
63942,1:2:1;1:3:2;1:3:2;1:4:3,1,0,0,0,0,1,0,0,0,0,0,0,5,24
63943,1:2:1;1:3:2;1:3:2;1:4:3,1,1,0,0,0,1,0,0,0,0,0,0,5,24
63944,1:2:1;1:3:2;1:3:2;1:4:3,1,2,0,0,0,1,0,0,0,0,0,0,5,24
63945,1:2:1;1:3:2;1:3:2;1:4:3,1,3,0,0,0,1,0,0,0,0,0,0,5,24
63946,1:2:1;1:3:2;1:3:2;1:4:3,1,4,0,0,0,1,0,0,0,0,0,0,5,24
63947,1:2:1;1:3:2;1:3:2;1:4:3,1,5,0,0,0,1,0,0,0,0,0,0,5,24
63948,1:2:1;1:3:2;1:3:2;1:4:3,2,0,0,0,0,1,0,0,0,0,0,0,14,24
63949,1:2:1;1:3:2;1:3:2;1:4:3,2,1,0,0,0,1,0,0,0,0,0,0,14,24
63950,1:2:1;1:3:2;1:3:2;1:4:3,2,2,0,0,0,1,0,0,0,0,0,0,14,24
63951,1:2:1;1:3:2;1:3:2;1:4:3,2,3,0,0,0,1,0,0,0,0,0,0,14,24
63952,1:2:1;1:3:2;1:3:2;1:4:3,2,4,0,0,0,1,0,0,0,0,0,0,14,24
63953,1:2:1;1:3:2;1:3:2;1:4:3,2,5,0,0,0,1,0,0,0,0,0,0,14,24
63954,1:2:1;1:3:2;1:3:2;1:4:3,3,0,0,0,0,1,0,0,0,0,0,0,28,24
63955,1:2:1;1:3:2;1:3:2;1:4:3,3,1,0,0,0,1,0,0,0,0,0,0,28,24
63956,1:2:1;1:3:2;1:3:2;1:4:3,3,2,0,0,0,1,0,0,0,0,0,0,28,24
63957,1:2:1;1:3:2;1:3:2;1:4:3,3,3,0,0,0,1,0,0,0,0,0,0,28,24
63958,1:2:1;1:3:2;1:3:2;1:4:3,3,4,0,0,0,1,0,0,0,0,0,0,28,24
63959,1:2:1;1:3:2;1:3:2;1:4:3,3,5,0,0,0,1,0,0,0,0,0,0,28,24
63960,1:2:1;1:3:2;1:3:2;1:4:3,4,0,0,0,0,1,0,0,0,0,0,0,44,24
63961,1:2:1;1:3:2;1:3:2;1:4:3,4,1,0,0,0,1,0,0,0,0,0,0,44,24
63962,1:2:1;1:3:2;1:3:2;1:4:3,4,2,0,0,0,1,0,0,0,0,0,0,44,24
63963,1:2:1;1:3:2;1:3:2;1:4:3,4,3,0,0,0,1,0,0,0,0,0,0,44,24
63964,1:2:1;1:3:2;1:3:2;1:4:3,4,4,0,0,0,1,0,0,0,0,0,0,44,24
63965,1:2:1;1:3:2;1:3:2;1:4:3,4,5,0,0,0,1,0,0,0,0,0,0,44,24
63966,1:2:1;1:3:2;1:3:2;1:4:3,5,0,0,0,0,1,0,0,0,0,0,0,58,24
63967,1:2:1;1:3:2;1:3:2;1:4:3,5,1,0,0,0,1,0,0,0,0,0,0,58,24
63968,1:2:1;1:3:2;1:3:2;1:4:3,5,2,0,0,0,1,0,0,0,0,0,0,58,24
63969,1:2:1;1:3:2;1:3:2;1:4:3,5,3,0,0,0,1,0,0,0,0,0,0,58,24
63970,1:2:1;1:3:2;1:3:2;1:4:3,5,4,0,0,0,1,0,0,0,0,0,0,58,24
63971,1:2:1;1:3:2;1:3:2;1:4:3,5,5,0,0,0,1,0,0,0,0,0,0,58,24
63972,1:2:1;1:3:2;1:3:3;1:3:3,0,0,0,0,0,1,0,0,0,0,0,0,1,24
63973,1:2:1;1:3:2;1:3:3;1:3:3,0,1,0,0,0,1,0,0,0,0,0,0,1,24
63974,1:2:1;1:3:2;1:3:3;1:3:3,0,2,0,0,0,1,0,0,0,0,0,0,1,24
63975,1:2:1;1:3:2;1:3:3;1:3:3,0,3,0,0,0,1,0,0,0,0,0,0,1,24
63976,1:2:1;1:3:2;1:3:3;1:3:3,0,4,0,0,0,1,0,0,0,0,0,0,1,24
63977,1:2:1;1:3:2;1:3:3;1:3:3,0,5,0,0,0,1,0,0,0,0,0,0,1,24
63978,1:2:1;1:3:2;1:3:3;1:3:3,1,0,0,0,0,1,0,0,0,0,0,0,5,24
63979,1:2:1;1:3:2;1:3:3;1:3:3,1,1,0,0,0,1,0,0,0,0,0,0,5,24
63980,1:2:1;1:3:2;1:3:3;1:3:3,1,2,0,0,0,1,0,0,0,0,0,0,5,24
63981,1:2:1;1:3:2;1:3:3;1:3:3,1,3,0,0,0,1,0,0,0,0,0,0,5,24
63982,1:2:1;1:3:2;1:3:3;1:3:3,1,4,0,0,0,1,0,0,0,0,0,0,5,24
63983,1:2:1;1:3:2;1:3:3;1:3:3,1,5,0,0,0,1,0,0,0,0,0,0,5,24
63984,1:2:1;1:3:2;1:3:3;1:3:3,2,0,0,0,0,1,0,0,0,0,0,0,14,24
63985,1:2:1;1:3:2;1:3:3;1:3:3,2,1,0,0,0,1,0,0,0,0,0,0,14,24
63986,1:2:1;1:3:2;1:3:3;1:3:3,2,2,0,0,0,1,0,0,0,0,0,0,14,24
63987,1:2:1;1:3:2;1:3:3;1:3:3,2,3,0,0,0,1,0,0,0,0,0,0,14,24
63988,1:2:1;1:3:2;1:3:3;1:3:3,2,4,0,0,0,1,0,0,0,0,0,0,14,24
63989,1:2:1;1:3:2;1:3:3;1:3:3,2,5,0,0,0,1,0,0,0,0,0,0,14,24
63990,1:2:1;1:3:2;1:3:3;1:3:3,3,0,0,0,0,1,0,0,0,0,0,0,29,24
63991,1:2:1;1:3:2;1:3:3;1:3:3,3,1,0,0,0,1,0,0,0,0,0,0,29,24
63992,1:2:1;1:3:2;1:3:3;1:3:3,3,2,0,0,0,1,0,0,0,0,0,0,29,24
63993,1:2:1;1:3:2;1:3:3;1:3:3,3,3,0,0,0,1,0,0,0,0,0,0,29,24
63994,1:2:1;1:3:2;1:3:3;1:3:3,3,4,0,0,0,1,0,0,0,0,0,0,29,24
63995,1:2:1;1:3:2;1:3:3;1:3:3,3,5,0,0,0,1,0,0,0,0,0,0,29,24
63996,1:2:1;1:3:2;1:3:3;1:3:3,4,0,0,0,0,1,0,0,0,0,0,0,48,24
63997,1:2:1;1:3:2;1:3:3;1:3:3,4,1,0,0,0,1,0,0,0,0,0,0,48,24
63998,1:2:1;1:3:2;1:3:3;1:3:3,4,2,0,0,0,1,0,0,0,0,0,0,48,24
63999,1:2:1;1:3:2;1:3:3;1:3:3,4,3,0,0,0,1,0,0,0,0,0,0,48,24
64000,1:2:1;1:3:2;1:3:3;1:3:3,4,4,0,0,0,1,0,0,0,0,0,0,48,24
64001,1:2:1;1:3:2;1:3:3;1:3:3,4,5,0,0,0,1,0,0,0,0,0,0,48,24
64002,1:2:1;1:3:2;1:3:3;1:3:3,5,0,0,0,0,1,0,0,0,0,0,0,67,24
64003,1:2:1;1:3:2;1:3:3;1:3:3,5,1,0,0,0,1,0,0,0,0,0,0,67,24
64004,1:2:1;1:3:2;1:3:3;1:3:3,5,2,0,0,0,1,0,0,0,0,0,0,67,24
64005,1:2:1;1:3:2;1:3:3;1:3:3,5,3,0,0,0,1,0,0,0,0,0,0,67,24
64006,1:2:1;1:3:2;1:3:3;1:3:3,5,4,0,0,0,1,0,0,0,0,0,0,67,24
64007,1:2:1;1:3:2;1:3:3;1:3:3,5,5,0,0,0,1,0,0,0,0,0,0,67,24
64008,1:2:1;1:3:2;1:3:3;1:4:3,0,0,0,0,0,1,0,0,0,0,0,0,1,24
64009,1:2:1;1:3:2;1:3:3;1:4:3,0,1,0,0,0,1,0,0,0,0,0,0,1,24
64010,1:2:1;1:3:2;1:3:3;1:4:3,0,2,0,0,0,1,0,0,0,0,0,0,1,24
64011,1:2:1;1:3:2;1:3:3;1:4:3,0,3,0,0,0,1,0,0,0,0,0,0,1,24
64012,1:2:1;1:3:2;1:3:3;1:4:3,0,4,0,0,0,1,0,0,0,0,0,0,1,24
64013,1:2:1;1:3:2;1:3:3;1:4:3,0,5,0,0,0,1,0,0,0,0,0,0,1,24
64014,1:2:1;1:3:2;1:3:3;1:4:3,1,0,0,0,0,1,0,0,0,0,0,0,5,24
64015,1:2:1;1:3:2;1:3:3;1:4:3,1,1,0,0,0,1,0,0,0,0,0,0,5,24
64016,1:2:1;1:3:2;1:3:3;1:4:3,1,2,0,0,0,1,0,0,0,0,0,0,5,24
64017,1:2:1;1:3:2;1:3:3;1:4:3,1,3,0,0,0,1,0,0,0,0,0,0,5,24
64018,1:2:1;1:3:2;1:3:3;1:4:3,1,4,0,0,0,1,0,0,0,0,0,0,5,24
64019,1:2:1;1:3:2;1:3:3;1:4:3,1,5,0,0,0,1,0,0,0,0,0,0,5,24
64020,1:2:1;1:3:2;1:3:3;1:4:3,2,0,0,0,0,1,0,0,0,0,0,0,14,24
64021,1:2:1;1:3:2;1:3:3;1:4:3,2,1,0,0,0,1,0,0,0,0,0,0,14,24
64022,1:2:1;1:3:2;1:3:3;1:4:3,2,2,0,0,0,1,0,0,0,0,0,0,14,24
64023,1:2:1;1:3:2;1:3:3;1:4:3,2,3,0,0,0,1,0,0,0,0,0,0,14,24
64024,1:2:1;1:3:2;1:3:3;1:4:3,2,4,0,0,0,1,0,0,0,0,0,0,14,24
64025,1:2:1;1:3:2;1:3:3;1:4:3,2,5,0,0,0,1,0,0,0,0,0,0,14,24
64026,1:2:1;1:3:2;1:3:3;1:4:3,3,0,0,0,0,1,0,0,0,0,0,0,29,24
64027,1:2:1;1:3:2;1:3:3;1:4:3,3,1,0,0,0,1,0,0,0,0,0,0,29,24
64028,1:2:1;1:3:2;1:3:3;1:4:3,3,2,0,0,0,1,0,0,0,0,0,0,29,24
64029,1:2:1;1:3:2;1:3:3;1:4:3,3,3,0,0,0,1,0,0,0,0,0,0,29,24
64030,1:2:1;1:3:2;1:3:3;1:4:3,3,4,0,0,0,1,0,0,0,0,0,0,29,24
64031,1:2:1;1:3:2;1:3:3;1:4:3,3,5,0,0,0,1,0,0,0,0,0,0,29,24
64032,1:2:1;1:3:2;1:3:3;1:4:3,4,0,0,0,0,1,0,0,0,0,0,0,48,24
64033,1:2:1;1:3:2;1:3:3;1:4:3,4,1,0,0,0,1,0,0,0,0,0,0,48,24
64034,1:2:1;1:3:2;1:3:3;1:4:3,4,2,0,0,0,1,0,0,0,0,0,0,48,24
64035,1:2:1;1:3:2;1:3:3;1:4:3,4,3,0,0,0,1,0,0,0,0,0,0,48,24
64036,1:2:1;1:3:2;1:3:3;1:4:3,4,4,0,0,0,1,0,0,0,0,0,0,48,24
64037,1:2:1;1:3:2;1:3:3;1:4:3,4,5,0,0,0,1,0,0,0,0,0,0,48,24
64038,1:2:1;1:3:2;1:3:3;1:4:3,5,0,0,0,0,1,0,0,0,0,0,0,67,24
64039,1:2:1;1:3:2;1:3:3;1:4:3,5,1,0,0,0,1,0,0,0,0,0,0,67,24
64040,1:2:1;1:3:2;1:3:3;1:4:3,5,2,0,0,0,1,0,0,0,0,0,0,67,24
64041,1:2:1;1:3:2;1:3:3;1:4:3,5,3,0,0,0,1,0,0,0,0,0,0,67,24
64042,1:2:1;1:3:2;1:3:3;1:4:3,5,4,0,0,0,1,0,0,0,0,0,0,67,24
64043,1:2:1;1:3:2;1:3:3;1:4:3,5,5,0,0,0,1,0,0,0,0,0,0,67,24
64044,1:2:1;1:3:2;1:4:3;1:4:3,0,0,0,0,0,1,0,0,0,0,0,0,1,24
64045,1:2:1;1:3:2;1:4:3;1:4:3,0,1,0,0,0,1,0,0,0,0,0,0,1,24
64046,1:2:1;1:3:2;1:4:3;1:4:3,0,2,0,0,0,1,0,0,0,0,0,0,1,24
64047,1:2:1;1:3:2;1:4:3;1:4:3,0,3,0,0,0,1,0,0,0,0,0,0,1,24
64048,1:2:1;1:3:2;1:4:3;1:4:3,0,4,0,0,0,1,0,0,0,0,0,0,1,24
64049,1:2:1;1:3:2;1:4:3;1:4:3,0,5,0,0,0,1,0,0,0,0,0,0,1,24
64050,1:2:1;1:3:2;1:4:3;1:4:3,1,0,0,0,0,1,0,0,0,0,0,0,5,24
64051,1:2:1;1:3:2;1:4:3;1:4:3,1,1,0,0,0,1,0,0,0,0,0,0,5,24
64052,1:2:1;1:3:2;1:4:3;1:4:3,1,2,0,0,0,1,0,0,0,0,0,0,5,24
64053,1:2:1;1:3:2;1:4:3;1:4:3,1,3,0,0,0,1,0,0,0,0,0,0,5,24
64054,1:2:1;1:3:2;1:4:3;1:4:3,1,4,0,0,0,1,0,0,0,0,0,0,5,24
64055,1:2:1;1:3:2;1:4:3;1:4:3,1,5,0,0,0,1,0,0,0,0,0,0,5,24
64056,1:2:1;1:3:2;1:4:3;1:4:3,2,0,0,0,0,1,0,0,0,0,0,0,14,24
64057,1:2:1;1:3:2;1:4:3;1:4:3,2,1,0,0,0,1,0,0,0,0,0,0,14,24
64058,1:2:1;1:3:2;1:4:3;1:4:3,2,2,0,0,0,1,0,0,0,0,0,0,14,24
64059,1:2:1;1:3:2;1:4:3;1:4:3,2,3,0,0,0,1,0,0,0,0,0,0,14,24
64060,1:2:1;1:3:2;1:4:3;1:4:3,2,4,0,0,0,1,0,0,0,0,0,0,14,24
64061,1:2:1;1:3:2;1:4:3;1:4:3,2,5,0,0,0,1,0,0,0,0,0,0,14,24
64062,1:2:1;1:3:2;1:4:3;1:4:3,3,0,0,0,0,1,0,0,0,0,0,0,29,24
64063,1:2:1;1:3:2;1:4:3;1:4:3,3,1,0,0,0,1,0,0,0,0,0,0,29,24
64064,1:2:1;1:3:2;1:4:3;1:4:3,3,2,0,0,0,1,0,0,0,0,0,0,29,24
64065,1:2:1;1:3:2;1:4:3;1:4:3,3,3,0,0,0,1,0,0,0,0,0,0,29,24
64066,1:2:1;1:3:2;1:4:3;1:4:3,3,4,0,0,0,1,0,0,0,0,0,0,29,24
64067,1:2:1;1:3:2;1:4:3;1:4:3,3,5,0,0,0,1,0,0,0,0,0,0,29,24
64068,1:2:1;1:3:2;1:4:3;1:4:3,4,0,0,0,0,1,0,0,0,0,0,0,48,24
64069,1:2:1;1:3:2;1:4:3;1:4:3,4,1,0,0,0,1,0,0,0,0,0,0,48,24
64070,1:2:1;1:3:2;1:4:3;1:4:3,4,2,0,0,0,1,0,0,0,0,0,0,48,24
64071,1:2:1;1:3:2;1:4:3;1:4:3,4,3,0,0,0,1,0,0,0,0,0,0,48,24
64072,1:2:1;1:3:2;1:4:3;1:4:3,4,4,0,0,0,1,0,0,0,0,0,0,48,24
64073,1:2:1;1:3:2;1:4:3;1:4:3,4,5,0,0,0,1,0,0,0,0,0,0,48,24
64074,1:2:1;1:3:2;1:4:3;1:4:3,5,0,0,0,0,1,0,0,0,0,0,0,67,24
64075,1:2:1;1:3:2;1:4:3;1:4:3,5,1,0,0,0,1,0,0,0,0,0,0,67,24
64076,1:2:1;1:3:2;1:4:3;1:4:3,5,2,0,0,0,1,0,0,0,0,0,0,67,24
64077,1:2:1;1:3:2;1:4:3;1:4:3,5,3,0,0,0,1,0,0,0,0,0,0,67,24
64078,1:2:1;1:3:2;1:4:3;1:4:3,5,4,0,0,0,1,0,0,0,0,0,0,67,24
64079,1:2:1;1:3:2;1:4:3;1:4:3,5,5,0,0,0,1,0,0,0,0,0,0,67,24
64080,1:2:1;1:3:3;1:3:3;1:3:3,0,0,0,0,0,1,0,0,0,0,0,0,1,24
64081,1:2:1;1:3:3;1:3:3;1:3:3,0,1,0,0,0,1,0,0,0,0,0,0,1,24
64082,1:2:1;1:3:3;1:3:3;1:3:3,0,2,0,0,0,1,0,0,0,0,0,0,1,24
64083,1:2:1;1:3:3;1:3:3;1:3:3,0,3,0,0,0,1,0,0,0,0,0,0,1,24
64084,1:2:1;1:3:3;1:3:3;1:3:3,0,4,0,0,0,1,0,0,0,0,0,0,1,24
64085,1:2:1;1:3:3;1:3:3;1:3:3,0,5,0,0,0,1,0,0,0,0,0,0,1,24
64086,1:2:1;1:3:3;1:3:3;1:3:3,1,0,0,0,0,1,0,0,0,0,0,0,5,24
64087,1:2:1;1:3:3;1:3:3;1:3:3,1,1,0,0,0,1,0,0,0,0,0,0,5,24
64088,1:2:1;1:3:3;1:3:3;1:3:3,1,2,0,0,0,1,0,0,0,0,0,0,5,24
64089,1:2:1;1:3:3;1:3:3;1:3:3,1,3,0,0,0,1,0,0,0,0,0,0,5,24
64090,1:2:1;1:3:3;1:3:3;1:3:3,1,4,0,0,0,1,0,0,0,0,0,0,5,24
64091,1:2:1;1:3:3;1:3:3;1:3:3,1,5,0,0,0,1,0,0,0,0,0,0,5,24
64092,1:2:1;1:3:3;1:3:3;1:3:3,2,0,0,0,0,1,0,0,0,0,0,0,14,24
64093,1:2:1;1:3:3;1:3:3;1:3:3,2,1,0,0,0,1,0,0,0,0,0,0,14,24
64094,1:2:1;1:3:3;1:3:3;1:3:3,2,2,0,0,0,1,0,0,0,0,0,0,14,24
64095,1:2:1;1:3:3;1:3:3;1:3:3,2,3,0,0,0,1,0,0,0,0,0,0,14,24
64096,1:2:1;1:3:3;1:3:3;1:3:3,2,4,0,0,0,1,0,0,0,0,0,0,14,24
64097,1:2:1;1:3:3;1:3:3;1:3:3,2,5,0,0,0,1,0,0,0,0,0,0,14,24
64098,1:2:1;1:3:3;1:3:3;1:3:3,3,0,0,0,0,1,0,0,0,0,0,0,30,24
64099,1:2:1;1:3:3;1:3:3;1:3:3,3,1,0,0,0,1,0,0,0,0,0,0,30,24
64100,1:2:1;1:3:3;1:3:3;1:3:3,3,2,0,0,0,1,0,0,0,0,0,0,30,24
64101,1:2:1;1:3:3;1:3:3;1:3:3,3,3,0,0,0,1,0,0,0,0,0,0,30,24
64102,1:2:1;1:3:3;1:3:3;1:3:3,3,4,0,0,0,1,0,0,0,0,0,0,30,24
64103,1:2:1;1:3:3;1:3:3;1:3:3,3,5,0,0,0,1,0,0,0,0,0,0,30,24
64104,1:2:1;1:3:3;1:3:3;1:3:3,4,0,0,0,0,1,0,0,0,0,0,0,52,24
64105,1:2:1;1:3:3;1:3:3;1:3:3,4,1,0,0,0,1,0,0,0,0,0,0,52,24
64106,1:2:1;1:3:3;1:3:3;1:3:3,4,2,0,0,0,1,0,0,0,0,0,0,52,24
64107,1:2:1;1:3:3;1:3:3;1:3:3,4,3,0,0,0,1,0,0,0,0,0,0,52,24
64108,1:2:1;1:3:3;1:3:3;1:3:3,4,4,0,0,0,1,0,0,0,0,0,0,52,24
64109,1:2:1;1:3:3;1:3:3;1:3:3,4,5,0,0,0,1,0,0,0,0,0,0,52,24
64110,1:2:1;1:3:3;1:3:3;1:3:3,5,0,0,0,0,1,0,0,0,0,0,0,76,24
64111,1:2:1;1:3:3;1:3:3;1:3:3,5,1,0,0,0,1,0,0,0,0,0,0,76,24
64112,1:2:1;1:3:3;1:3:3;1:3:3,5,2,0,0,0,1,0,0,0,0,0,0,76,24
64113,1:2:1;1:3:3;1:3:3;1:3:3,5,3,0,0,0,1,0,0,0,0,0,0,76,24
64114,1:2:1;1:3:3;1:3:3;1:3:3,5,4,0,0,0,1,0,0,0,0,0,0,76,24
64115,1:2:1;1:3:3;1:3:3;1:3:3,5,5,0,0,0,1,0,0,0,0,0,0,76,24
64116,1:2:1;1:3:3;1:3:3;1:4:3,0,0,0,0,0,1,0,0,0,0,0,0,1,24
64117,1:2:1;1:3:3;1:3:3;1:4:3,0,1,0,0,0,1,0,0,0,0,0,0,1,24
64118,1:2:1;1:3:3;1:3:3;1:4:3,0,2,0,0,0,1,0,0,0,0,0,0,1,24
64119,1:2:1;1:3:3;1:3:3;1:4:3,0,3,0,0,0,1,0,0,0,0,0,0,1,24
64120,1:2:1;1:3:3;1:3:3;1:4:3,0,4,0,0,0,1,0,0,0,0,0,0,1,24
64121,1:2:1;1:3:3;1:3:3;1:4:3,0,5,0,0,0,1,0,0,0,0,0,0,1,24
64122,1:2:1;1:3:3;1:3:3;1:4:3,1,0,0,0,0,1,0,0,0,0,0,0,5,24
64123,1:2:1;1:3:3;1:3:3;1:4:3,1,1,0,0,0,1,0,0,0,0,0,0,5,24
64124,1:2:1;1:3:3;1:3:3;1:4:3,1,2,0,0,0,1,0,0,0,0,0,0,5,24
64125,1:2:1;1:3:3;1:3:3;1:4:3,1,3,0,0,0,1,0,0,0,0,0,0,5,24
64126,1:2:1;1:3:3;1:3:3;1:4:3,1,4,0,0,0,1,0,0,0,0,0,0,5,24
64127,1:2:1;1:3:3;1:3:3;1:4:3,1,5,0,0,0,1,0,0,0,0,0,0,5,24
64128,1:2:1;1:3:3;1:3:3;1:4:3,2,0,0,0,0,1,0,0,0,0,0,0,14,24
64129,1:2:1;1:3:3;1:3:3;1:4:3,2,1,0,0,0,1,0,0,0,0,0,0,14,24
64130,1:2:1;1:3:3;1:3:3;1:4:3,2,2,0,0,0,1,0,0,0,0,0,0,14,24
64131,1:2:1;1:3:3;1:3:3;1:4:3,2,3,0,0,0,1,0,0,0,0,0,0,14,24
64132,1:2:1;1:3:3;1:3:3;1:4:3,2,4,0,0,0,1,0,0,0,0,0,0,14,24
64133,1:2:1;1:3:3;1:3:3;1:4:3,2,5,0,0,0,1,0,0,0,0,0,0,14,24
64134,1:2:1;1:3:3;1:3:3;1:4:3,3,0,0,0,0,1,0,0,0,0,0,0,30,24
64135,1:2:1;1:3:3;1:3:3;1:4:3,3,1,0,0,0,1,0,0,0,0,0,0,30,24
64136,1:2:1;1:3:3;1:3:3;1:4:3,3,2,0,0,0,1,0,0,0,0,0,0,30,24
64137,1:2:1;1:3:3;1:3:3;1:4:3,3,3,0,0,0,1,0,0,0,0,0,0,30,24
64138,1:2:1;1:3:3;1:3:3;1:4:3,3,4,0,0,0,1,0,0,0,0,0,0,30,24
64139,1:2:1;1:3:3;1:3:3;1:4:3,3,5,0,0,0,1,0,0,0,0,0,0,30,24
64140,1:2:1;1:3:3;1:3:3;1:4:3,4,0,0,0,0,1,0,0,0,0,0,0,52,24
64141,1:2:1;1:3:3;1:3:3;1:4:3,4,1,0,0,0,1,0,0,0,0,0,0,52,24
64142,1:2:1;1:3:3;1:3:3;1:4:3,4,2,0,0,0,1,0,0,0,0,0,0,52,24
64143,1:2:1;1:3:3;1:3:3;1:4:3,4,3,0,0,0,1,0,0,0,0,0,0,52,24
64144,1:2:1;1:3:3;1:3:3;1:4:3,4,4,0,0,0,1,0,0,0,0,0,0,52,24
64145,1:2:1;1:3:3;1:3:3;1:4:3,4,5,0,0,0,1,0,0,0,0,0,0,52,24
64146,1:2:1;1:3:3;1:3:3;1:4:3,5,0,0,0,0,1,0,0,0,0,0,0,76,24
64147,1:2:1;1:3:3;1:3:3;1:4:3,5,1,0,0,0,1,0,0,0,0,0,0,76,24
64148,1:2:1;1:3:3;1:3:3;1:4:3,5,2,0,0,0,1,0,0,0,0,0,0,76,24
64149,1:2:1;1:3:3;1:3:3;1:4:3,5,3,0,0,0,1,0,0,0,0,0,0,76,24
64150,1:2:1;1:3:3;1:3:3;1:4:3,5,4,0,0,0,1,0,0,0,0,0,0,76,24
64151,1:2:1;1:3:3;1:3:3;1:4:3,5,5,0,0,0,1,0,0,0,0,0,0,76,24
64152,1:2:1;1:3:3;1:4:3;1:4:3,0,0,0,0,0,1,0,0,0,0,0,0,1,24
64153,1:2:1;1:3:3;1:4:3;1:4:3,0,1,0,0,0,1,0,0,0,0,0,0,1,24
64154,1:2:1;1:3:3;1:4:3;1:4:3,0,2,0,0,0,1,0,0,0,0,0,0,1,24
64155,1:2:1;1:3:3;1:4:3;1:4:3,0,3,0,0,0,1,0,0,0,0,0,0,1,24
64156,1:2:1;1:3:3;1:4:3;1:4:3,0,4,0,0,0,1,0,0,0,0,0,0,1,24
64157,1:2:1;1:3:3;1:4:3;1:4:3,0,5,0,0,0,1,0,0,0,0,0,0,1,24
64158,1:2:1;1:3:3;1:4:3;1:4:3,1,0,0,0,0,1,0,0,0,0,0,0,5,24
64159,1:2:1;1:3:3;1:4:3;1:4:3,1,1,0,0,0,1,0,0,0,0,0,0,5,24
64160,1:2:1;1:3:3;1:4:3;1:4:3,1,2,0,0,0,1,0,0,0,0,0,0,5,24
64161,1:2:1;1:3:3;1:4:3;1:4:3,1,3,0,0,0,1,0,0,0,0,0,0,5,24
64162,1:2:1;1:3:3;1:4:3;1:4:3,1,4,0,0,0,1,0,0,0,0,0,0,5,24
64163,1:2:1;1:3:3;1:4:3;1:4:3,1,5,0,0,0,1,0,0,0,0,0,0,5,24
64164,1:2:1;1:3:3;1:4:3;1:4:3,2,0,0,0,0,1,0,0,0,0,0,0,14,24
64165,1:2:1;1:3:3;1:4:3;1:4:3,2,1,0,0,0,1,0,0,0,0,0,0,14,24
64166,1:2:1;1:3:3;1:4:3;1:4:3,2,2,0,0,0,1,0,0,0,0,0,0,14,24
64167,1:2:1;1:3:3;1:4:3;1:4:3,2,3,0,0,0,1,0,0,0,0,0,0,14,24
64168,1:2:1;1:3:3;1:4:3;1:4:3,2,4,0,0,0,1,0,0,0,0,0,0,14,24
64169,1:2:1;1:3:3;1:4:3;1:4:3,2,5,0,0,0,1,0,0,0,0,0,0,14,24
64170,1:2:1;1:3:3;1:4:3;1:4:3,3,0,0,0,0,1,0,0,0,0,0,0,30,24
64171,1:2:1;1:3:3;1:4:3;1:4:3,3,1,0,0,0,1,0,0,0,0,0,0,30,24
64172,1:2:1;1:3:3;1:4:3;1:4:3,3,2,0,0,0,1,0,0,0,0,0,0,30,24
64173,1:2:1;1:3:3;1:4:3;1:4:3,3,3,0,0,0,1,0,0,0,0,0,0,30,24
64174,1:2:1;1:3:3;1:4:3;1:4:3,3,4,0,0,0,1,0,0,0,0,0,0,30,24
64175,1:2:1;1:3:3;1:4:3;1:4:3,3,5,0,0,0,1,0,0,0,0,0,0,30,24
64176,1:2:1;1:3:3;1:4:3;1:4:3,4,0,0,0,0,1,0,0,0,0,0,0,52,24
64177,1:2:1;1:3:3;1:4:3;1:4:3,4,1,0,0,0,1,0,0,0,0,0,0,52,24
64178,1:2:1;1:3:3;1:4:3;1:4:3,4,2,0,0,0,1,0,0,0,0,0,0,52,24
64179,1:2:1;1:3:3;1:4:3;1:4:3,4,3,0,0,0,1,0,0,0,0,0,0,52,24
64180,1:2:1;1:3:3;1:4:3;1:4:3,4,4,0,0,0,1,0,0,0,0,0,0,52,24
64181,1:2:1;1:3:3;1:4:3;1:4:3,4,5,0,0,0,1,0,0,0,0,0,0,52,24
64182,1:2:1;1:3:3;1:4:3;1:4:3,5,0,0,0,0,1,0,0,0,0,0,0,76,24
64183,1:2:1;1:3:3;1:4:3;1:4:3,5,1,0,0,0,1,0,0,0,0,0,0,76,24
64184,1:2:1;1:3:3;1:4:3;1:4:3,5,2,0,0,0,1,0,0,0,0,0,0,76,24
64185,1:2:1;1:3:3;1:4:3;1:4:3,5,3,0,0,0,1,0,0,0,0,0,0,76,24
64186,1:2:1;1:3:3;1:4:3;1:4:3,5,4,0,0,0,1,0,0,0,0,0,0,76,24
64187,1:2:1;1:3:3;1:4:3;1:4:3,5,5,0,0,0,1,0,0,0,0,0,0,76,24
64188,1:2:1;1:4:3;1:4:3;1:4:3,0,0,0,0,0,1,0,0,0,0,0,0,1,24
64189,1:2:1;1:4:3;1:4:3;1:4:3,0,1,0,0,0,1,0,0,0,0,0,0,1,24
64190,1:2:1;1:4:3;1:4:3;1:4:3,0,2,0,0,0,1,0,0,0,0,0,0,1,24
64191,1:2:1;1:4:3;1:4:3;1:4:3,0,3,0,0,0,1,0,0,0,0,0,0,1,24
64192,1:2:1;1:4:3;1:4:3;1:4:3,0,4,0,0,0,1,0,0,0,0,0,0,1,24
64193,1:2:1;1:4:3;1:4:3;1:4:3,0,5,0,0,0,1,0,0,0,0,0,0,1,24
64194,1:2:1;1:4:3;1:4:3;1:4:3,1,0,0,0,0,1,0,0,0,0,0,0,5,24
64195,1:2:1;1:4:3;1:4:3;1:4:3,1,1,0,0,0,1,0,0,0,0,0,0,5,24
64196,1:2:1;1:4:3;1:4:3;1:4:3,1,2,0,0,0,1,0,0,0,0,0,0,5,24
64197,1:2:1;1:4:3;1:4:3;1:4:3,1,3,0,0,0,1,0,0,0,0,0,0,5,24
64198,1:2:1;1:4:3;1:4:3;1:4:3,1,4,0,0,0,1,0,0,0,0,0,0,5,24
64199,1:2:1;1:4:3;1:4:3;1:4:3,1,5,0,0,0,1,0,0,0,0,0,0,5,24
64200,1:2:1;1:4:3;1:4:3;1:4:3,2,0,0,0,0,1,0,0,0,0,0,0,14,24
64201,1:2:1;1:4:3;1:4:3;1:4:3,2,1,0,0,0,1,0,0,0,0,0,0,14,24
64202,1:2:1;1:4:3;1:4:3;1:4:3,2,2,0,0,0,1,0,0,0,0,0,0,14,24
64203,1:2:1;1:4:3;1:4:3;1:4:3,2,3,0,0,0,1,0,0,0,0,0,0,14,24
64204,1:2:1;1:4:3;1:4:3;1:4:3,2,4,0,0,0,1,0,0,0,0,0,0,14,24
64205,1:2:1;1:4:3;1:4:3;1:4:3,2,5,0,0,0,1,0,0,0,0,0,0,14,24
64206,1:2:1;1:4:3;1:4:3;1:4:3,3,0,0,0,0,1,0,0,0,0,0,0,30,24
64207,1:2:1;1:4:3;1:4:3;1:4:3,3,1,0,0,0,1,0,0,0,0,0,0,30,24
64208,1:2:1;1:4:3;1:4:3;1:4:3,3,2,0,0,0,1,0,0,0,0,0,0,30,24
64209,1:2:1;1:4:3;1:4:3;1:4:3,3,3,0,0,0,1,0,0,0,0,0,0,30,24
64210,1:2:1;1:4:3;1:4:3;1:4:3,3,4,0,0,0,1,0,0,0,0,0,0,30,24
64211,1:2:1;1:4:3;1:4:3;1:4:3,3,5,0,0,0,1,0,0,0,0,0,0,30,24
64212,1:2:1;1:4:3;1:4:3;1:4:3,4,0,0,0,0,1,0,0,0,0,0,0,52,24
64213,1:2:1;1:4:3;1:4:3;1:4:3,4,1,0,0,0,1,0,0,0,0,0,0,52,24
64214,1:2:1;1:4:3;1:4:3;1:4:3,4,2,0,0,0,1,0,0,0,0,0,0,52,24
64215,1:2:1;1:4:3;1:4:3;1:4:3,4,3,0,0,0,1,0,0,0,0,0,0,52,24
64216,1:2:1;1:4:3;1:4:3;1:4:3,4,4,0,0,0,1,0,0,0,0,0,0,52,24
64217,1:2:1;1:4:3;1:4:3;1:4:3,4,5,0,0,0,1,0,0,0,0,0,0,52,24
64218,1:2:1;1:4:3;1:4:3;1:4:3,5,0,0,0,0,1,0,0,0,0,0,0,76,24
64219,1:2:1;1:4:3;1:4:3;1:4:3,5,1,0,0,0,1,0,0,0,0,0,0,76,24
64220,1:2:1;1:4:3;1:4:3;1:4:3,5,2,0,0,0,1,0,0,0,0,0,0,76,24
64221,1:2:1;1:4:3;1:4:3;1:4:3,5,3,0,0,0,1,0,0,0,0,0,0,76,24
64222,1:2:1;1:4:3;1:4:3;1:4:3,5,4,0,0,0,1,0,0,0,0,0,0,76,24
64223,1:2:1;1:4:3;1:4:3;1:4:3,5,5,0,0,0,1,0,0,0,0,0,0,76,24
64224,1:2:2;1:2:2;1:2:2;1:2:2,0,0,0,0,0,1,0,0,0,0,0,0,1,24
64225,1:2:2;1:2:2;1:2:2;1:2:2,0,1,0,0,0,1,0,0,0,0,0,0,1,24
64226,1:2:2;1:2:2;1:2:2;1:2:2,0,2,0,0,0,1,0,0,0,0,0,0,1,24
64227,1:2:2;1:2:2;1:2:2;1:2:2,0,3,0,0,0,1,0,0,0,0,0,0,1,24
64228,1:2:2;1:2:2;1:2:2;1:2:2,0,4,0,0,0,1,0,0,0,0,0,0,1,24
64229,1:2:2;1:2:2;1:2:2;1:2:2,0,5,0,0,0,1,0,0,0,0,0,0,1,24
64230,1:2:2;1:2:2;1:2:2;1:2:2,1,0,0,0,0,1,0,0,0,0,0,0,5,24
64231,1:2:2;1:2:2;1:2:2;1:2:2,1,1,0,0,0,1,0,0,0,0,0,0,5,24
64232,1:2:2;1:2:2;1:2:2;1:2:2,1,2,0,0,0,1,0,0,0,0,0,0,5,24
64233,1:2:2;1:2:2;1:2:2;1:2:2,1,3,0,0,0,1,0,0,0,0,0,0,5,24
64234,1:2:2;1:2:2;1:2:2;1:2:2,1,4,0,0,0,1,0,0,0,0,0,0,5,24
64235,1:2:2;1:2:2;1:2:2;1:2:2,1,5,0,0,0,1,0,0,0,0,0,0,5,24
64236,1:2:2;1:2:2;1:2:2;1:2:2,2,0,0,0,0,1,0,0,0,0,0,0,15,24
64237,1:2:2;1:2:2;1:2:2;1:2:2,2,1,0,0,0,1,0,0,0,0,0,0,15,24
64238,1:2:2;1:2:2;1:2:2;1:2:2,2,2,0,0,0,1,0,0,0,0,0,0,15,24
64239,1:2:2;1:2:2;1:2:2;1:2:2,2,3,0,0,0,1,0,0,0,0,0,0,15,24
64240,1:2:2;1:2:2;1:2:2;1:2:2,2,4,0,0,0,1,0,0,0,0,0,0,15,24
64241,1:2:2;1:2:2;1:2:2;1:2:2,2,5,0,0,0,1,0,0,0,0,0,0,15,24
64242,1:2:2;1:2:2;1:2:2;1:2:2,3,0,0,0,0,1,0,0,0,0,0,0,31,24
64243,1:2:2;1:2:2;1:2:2;1:2:2,3,1,0,0,0,1,0,0,0,0,0,0,31,24
64244,1:2:2;1:2:2;1:2:2;1:2:2,3,2,0,0,0,1,0,0,0,0,0,0,31,24
64245,1:2:2;1:2:2;1:2:2;1:2:2,3,3,0,0,0,1,0,0,0,0,0,0,31,24
64246,1:2:2;1:2:2;1:2:2;1:2:2,3,4,0,0,0,1,0,0,0,0,0,0,31,24
64247,1:2:2;1:2:2;1:2:2;1:2:2,3,5,0,0,0,1,0,0,0,0,0,0,31,24
64248,1:2:2;1:2:2;1:2:2;1:2:2,4,0,0,0,0,1,0,0,0,0,0,0,50,24
64249,1:2:2;1:2:2;1:2:2;1:2:2,4,1,0,0,0,1,0,0,0,0,0,0,50,24
64250,1:2:2;1:2:2;1:2:2;1:2:2,4,2,0,0,0,1,0,0,0,0,0,0,50,24
64251,1:2:2;1:2:2;1:2:2;1:2:2,4,3,0,0,0,1,0,0,0,0,0,0,50,24
64252,1:2:2;1:2:2;1:2:2;1:2:2,4,4,0,0,0,1,0,0,0,0,0,0,50,24
64253,1:2:2;1:2:2;1:2:2;1:2:2,4,5,0,0,0,1,0,0,0,0,0,0,50,24
64254,1:2:2;1:2:2;1:2:2;1:2:2,5,0,0,0,0,1,0,0,0,0,0,0,66,24
64255,1:2:2;1:2:2;1:2:2;1:2:2,5,1,0,0,0,1,0,0,0,0,0,0,66,24
64256,1:2:2;1:2:2;1:2:2;1:2:2,5,2,0,0,0,1,0,0,0,0,0,0,66,24
64257,1:2:2;1:2:2;1:2:2;1:2:2,5,3,0,0,0,1,0,0,0,0,0,0,66,24
64258,1:2:2;1:2:2;1:2:2;1:2:2,5,4,0,0,0,1,0,0,0,0,0,0,66,24
64259,1:2:2;1:2:2;1:2:2;1:2:2,5,5,0,0,0,1,0,0,0,0,0,0,66,24
64260,1:2:2;1:2:2;1:2:2;1:3:2,0,0,0,0,0,1,0,0,0,0,0,0,1,24
64261,1:2:2;1:2:2;1:2:2;1:3:2,0,1,0,0,0,1,0,0,0,0,0,0,1,24
64262,1:2:2;1:2:2;1:2:2;1:3:2,0,2,0,0,0,1,0,0,0,0,0,0,1,24
64263,1:2:2;1:2:2;1:2:2;1:3:2,0,3,0,0,0,1,0,0,0,0,0,0,1,24
64264,1:2:2;1:2:2;1:2:2;1:3:2,0,4,0,0,0,1,0,0,0,0,0,0,1,24
64265,1:2:2;1:2:2;1:2:2;1:3:2,0,5,0,0,0,1,0,0,0,0,0,0,1,24
64266,1:2:2;1:2:2;1:2:2;1:3:2,1,0,0,0,0,1,0,0,0,0,0,0,5,24
64267,1:2:2;1:2:2;1:2:2;1:3:2,1,1,0,0,0,1,0,0,0,0,0,0,5,24
64268,1:2:2;1:2:2;1:2:2;1:3:2,1,2,0,0,0,1,0,0,0,0,0,0,5,24
64269,1:2:2;1:2:2;1:2:2;1:3:2,1,3,0,0,0,1,0,0,0,0,0,0,5,24
64270,1:2:2;1:2:2;1:2:2;1:3:2,1,4,0,0,0,1,0,0,0,0,0,0,5,24
64271,1:2:2;1:2:2;1:2:2;1:3:2,1,5,0,0,0,1,0,0,0,0,0,0,5,24
64272,1:2:2;1:2:2;1:2:2;1:3:2,2,0,0,0,0,1,0,0,0,0,0,0,15,24
64273,1:2:2;1:2:2;1:2:2;1:3:2,2,1,0,0,0,1,0,0,0,0,0,0,15,24
64274,1:2:2;1:2:2;1:2:2;1:3:2,2,2,0,0,0,1,0,0,0,0,0,0,15,24
64275,1:2:2;1:2:2;1:2:2;1:3:2,2,3,0,0,0,1,0,0,0,0,0,0,15,24
64276,1:2:2;1:2:2;1:2:2;1:3:2,2,4,0,0,0,1,0,0,0,0,0,0,15,24
64277,1:2:2;1:2:2;1:2:2;1:3:2,2,5,0,0,0,1,0,0,0,0,0,0,15,24
64278,1:2:2;1:2:2;1:2:2;1:3:2,3,0,0,0,0,1,0,0,0,0,0,0,31,24
64279,1:2:2;1:2:2;1:2:2;1:3:2,3,1,0,0,0,1,0,0,0,0,0,0,31,24
64280,1:2:2;1:2:2;1:2:2;1:3:2,3,2,0,0,0,1,0,0,0,0,0,0,31,24
64281,1:2:2;1:2:2;1:2:2;1:3:2,3,3,0,0,0,1,0,0,0,0,0,0,31,24
64282,1:2:2;1:2:2;1:2:2;1:3:2,3,4,0,0,0,1,0,0,0,0,0,0,31,24
64283,1:2:2;1:2:2;1:2:2;1:3:2,3,5,0,0,0,1,0,0,0,0,0,0,31,24
64284,1:2:2;1:2:2;1:2:2;1:3:2,4,0,0,0,0,1,0,0,0,0,0,0,50,24
64285,1:2:2;1:2:2;1:2:2;1:3:2,4,1,0,0,0,1,0,0,0,0,0,0,50,24
64286,1:2:2;1:2:2;1:2:2;1:3:2,4,2,0,0,0,1,0,0,0,0,0,0,50,24
64287,1:2:2;1:2:2;1:2:2;1:3:2,4,3,0,0,0,1,0,0,0,0,0,0,50,24
64288,1:2:2;1:2:2;1:2:2;1:3:2,4,4,0,0,0,1,0,0,0,0,0,0,50,24
64289,1:2:2;1:2:2;1:2:2;1:3:2,4,5,0,0,0,1,0,0,0,0,0,0,50,24
64290,1:2:2;1:2:2;1:2:2;1:3:2,5,0,0,0,0,1,0,0,0,0,0,0,66,24
64291,1:2:2;1:2:2;1:2:2;1:3:2,5,1,0,0,0,1,0,0,0,0,0,0,66,24
64292,1:2:2;1:2:2;1:2:2;1:3:2,5,2,0,0,0,1,0,0,0,0,0,0,66,24
64293,1:2:2;1:2:2;1:2:2;1:3:2,5,3,0,0,0,1,0,0,0,0,0,0,66,24
64294,1:2:2;1:2:2;1:2:2;1:3:2,5,4,0,0,0,1,0,0,0,0,0,0,66,24
64295,1:2:2;1:2:2;1:2:2;1:3:2,5,5,0,0,0,1,0,0,0,0,0,0,66,24
64296,1:2:2;1:2:2;1:2:2;1:3:3,0,0,0,0,0,1,0,0,0,0,0,0,1,24
64297,1:2:2;1:2:2;1:2:2;1:3:3,0,1,0,0,0,1,0,0,0,0,0,0,1,24
64298,1:2:2;1:2:2;1:2:2;1:3:3,0,2,0,0,0,1,0,0,0,0,0,0,1,24
64299,1:2:2;1:2:2;1:2:2;1:3:3,0,3,0,0,0,1,0,0,0,0,0,0,1,24
64300,1:2:2;1:2:2;1:2:2;1:3:3,0,4,0,0,0,1,0,0,0,0,0,0,1,24
64301,1:2:2;1:2:2;1:2:2;1:3:3,0,5,0,0,0,1,0,0,0,0,0,0,1,24
64302,1:2:2;1:2:2;1:2:2;1:3:3,1,0,0,0,0,1,0,0,0,0,0,0,5,24
64303,1:2:2;1:2:2;1:2:2;1:3:3,1,1,0,0,0,1,0,0,0,0,0,0,5,24
64304,1:2:2;1:2:2;1:2:2;1:3:3,1,2,0,0,0,1,0,0,0,0,0,0,5,24
64305,1:2:2;1:2:2;1:2:2;1:3:3,1,3,0,0,0,1,0,0,0,0,0,0,5,24
64306,1:2:2;1:2:2;1:2:2;1:3:3,1,4,0,0,0,1,0,0,0,0,0,0,5,24
64307,1:2:2;1:2:2;1:2:2;1:3:3,1,5,0,0,0,1,0,0,0,0,0,0,5,24
64308,1:2:2;1:2:2;1:2:2;1:3:3,2,0,0,0,0,1,0,0,0,0,0,0,15,24
64309,1:2:2;1:2:2;1:2:2;1:3:3,2,1,0,0,0,1,0,0,0,0,0,0,15,24
64310,1:2:2;1:2:2;1:2:2;1:3:3,2,2,0,0,0,1,0,0,0,0,0,0,15,24
64311,1:2:2;1:2:2;1:2:2;1:3:3,2,3,0,0,0,1,0,0,0,0,0,0,15,24
64312,1:2:2;1:2:2;1:2:2;1:3:3,2,4,0,0,0,1,0,0,0,0,0,0,15,24
64313,1:2:2;1:2:2;1:2:2;1:3:3,2,5,0,0,0,1,0,0,0,0,0,0,15,24
64314,1:2:2;1:2:2;1:2:2;1:3:3,3,0,0,0,0,1,0,0,0,0,0,0,32,24
64315,1:2:2;1:2:2;1:2:2;1:3:3,3,1,0,0,0,1,0,0,0,0,0,0,32,24
64316,1:2:2;1:2:2;1:2:2;1:3:3,3,2,0,0,0,1,0,0,0,0,0,0,32,24
64317,1:2:2;1:2:2;1:2:2;1:3:3,3,3,0,0,0,1,0,0,0,0,0,0,32,24
64318,1:2:2;1:2:2;1:2:2;1:3:3,3,4,0,0,0,1,0,0,0,0,0,0,32,24
64319,1:2:2;1:2:2;1:2:2;1:3:3,3,5,0,0,0,1,0,0,0,0,0,0,32,24
64320,1:2:2;1:2:2;1:2:2;1:3:3,4,0,0,0,0,1,0,0,0,0,0,0,54,24
64321,1:2:2;1:2:2;1:2:2;1:3:3,4,1,0,0,0,1,0,0,0,0,0,0,54,24
64322,1:2:2;1:2:2;1:2:2;1:3:3,4,2,0,0,0,1,0,0,0,0,0,0,54,24
64323,1:2:2;1:2:2;1:2:2;1:3:3,4,3,0,0,0,1,0,0,0,0,0,0,54,24
64324,1:2:2;1:2:2;1:2:2;1:3:3,4,4,0,0,0,1,0,0,0,0,0,0,54,24
64325,1:2:2;1:2:2;1:2:2;1:3:3,4,5,0,0,0,1,0,0,0,0,0,0,54,24
64326,1:2:2;1:2:2;1:2:2;1:3:3,5,0,0,0,0,1,0,0,0,0,0,0,76,24
64327,1:2:2;1:2:2;1:2:2;1:3:3,5,1,0,0,0,1,0,0,0,0,0,0,76,24
64328,1:2:2;1:2:2;1:2:2;1:3:3,5,2,0,0,0,1,0,0,0,0,0,0,76,24
64329,1:2:2;1:2:2;1:2:2;1:3:3,5,3,0,0,0,1,0,0,0,0,0,0,76,24
64330,1:2:2;1:2:2;1:2:2;1:3:3,5,4,0,0,0,1,0,0,0,0,0,0,76,24
64331,1:2:2;1:2:2;1:2:2;1:3:3,5,5,0,0,0,1,0,0,0,0,0,0,76,24
64332,1:2:2;1:2:2;1:2:2;1:4:3,0,0,0,0,0,1,0,0,0,0,0,0,1,24
64333,1:2:2;1:2:2;1:2:2;1:4:3,0,1,0,0,0,1,0,0,0,0,0,0,1,24
64334,1:2:2;1:2:2;1:2:2;1:4:3,0,2,0,0,0,1,0,0,0,0,0,0,1,24
64335,1:2:2;1:2:2;1:2:2;1:4:3,0,3,0,0,0,1,0,0,0,0,0,0,1,24
64336,1:2:2;1:2:2;1:2:2;1:4:3,0,4,0,0,0,1,0,0,0,0,0,0,1,24
64337,1:2:2;1:2:2;1:2:2;1:4:3,0,5,0,0,0,1,0,0,0,0,0,0,1,24
64338,1:2:2;1:2:2;1:2:2;1:4:3,1,0,0,0,0,1,0,0,0,0,0,0,5,24
64339,1:2:2;1:2:2;1:2:2;1:4:3,1,1,0,0,0,1,0,0,0,0,0,0,5,24
64340,1:2:2;1:2:2;1:2:2;1:4:3,1,2,0,0,0,1,0,0,0,0,0,0,5,24
64341,1:2:2;1:2:2;1:2:2;1:4:3,1,3,0,0,0,1,0,0,0,0,0,0,5,24
64342,1:2:2;1:2:2;1:2:2;1:4:3,1,4,0,0,0,1,0,0,0,0,0,0,5,24
64343,1:2:2;1:2:2;1:2:2;1:4:3,1,5,0,0,0,1,0,0,0,0,0,0,5,24
64344,1:2:2;1:2:2;1:2:2;1:4:3,2,0,0,0,0,1,0,0,0,0,0,0,15,24
64345,1:2:2;1:2:2;1:2:2;1:4:3,2,1,0,0,0,1,0,0,0,0,0,0,15,24
64346,1:2:2;1:2:2;1:2:2;1:4:3,2,2,0,0,0,1,0,0,0,0,0,0,15,24
64347,1:2:2;1:2:2;1:2:2;1:4:3,2,3,0,0,0,1,0,0,0,0,0,0,15,24
64348,1:2:2;1:2:2;1:2:2;1:4:3,2,4,0,0,0,1,0,0,0,0,0,0,15,24
64349,1:2:2;1:2:2;1:2:2;1:4:3,2,5,0,0,0,1,0,0,0,0,0,0,15,24
64350,1:2:2;1:2:2;1:2:2;1:4:3,3,0,0,0,0,1,0,0,0,0,0,0,32,24
64351,1:2:2;1:2:2;1:2:2;1:4:3,3,1,0,0,0,1,0,0,0,0,0,0,32,24
64352,1:2:2;1:2:2;1:2:2;1:4:3,3,2,0,0,0,1,0,0,0,0,0,0,32,24
64353,1:2:2;1:2:2;1:2:2;1:4:3,3,3,0,0,0,1,0,0,0,0,0,0,32,24
64354,1:2:2;1:2:2;1:2:2;1:4:3,3,4,0,0,0,1,0,0,0,0,0,0,32,24
64355,1:2:2;1:2:2;1:2:2;1:4:3,3,5,0,0,0,1,0,0,0,0,0,0,32,24
64356,1:2:2;1:2:2;1:2:2;1:4:3,4,0,0,0,0,1,0,0,0,0,0,0,54,24
64357,1:2:2;1:2:2;1:2:2;1:4:3,4,1,0,0,0,1,0,0,0,0,0,0,54,24
64358,1:2:2;1:2:2;1:2:2;1:4:3,4,2,0,0,0,1,0,0,0,0,0,0,54,24
64359,1:2:2;1:2:2;1:2:2;1:4:3,4,3,0,0,0,1,0,0,0,0,0,0,54,24
64360,1:2:2;1:2:2;1:2:2;1:4:3,4,4,0,0,0,1,0,0,0,0,0,0,54,24
64361,1:2:2;1:2:2;1:2:2;1:4:3,4,5,0,0,0,1,0,0,0,0,0,0,54,24
64362,1:2:2;1:2:2;1:2:2;1:4:3,5,0,0,0,0,1,0,0,0,0,0,0,76,24
64363,1:2:2;1:2:2;1:2:2;1:4:3,5,1,0,0,0,1,0,0,0,0,0,0,76,24
64364,1:2:2;1:2:2;1:2:2;1:4:3,5,2,0,0,0,1,0,0,0,0,0,0,76,24
64365,1:2:2;1:2:2;1:2:2;1:4:3,5,3,0,0,0,1,0,0,0,0,0,0,76,24
64366,1:2:2;1:2:2;1:2:2;1:4:3,5,4,0,0,0,1,0,0,0,0,0,0,76,24
64367,1:2:2;1:2:2;1:2:2;1:4:3,5,5,0,0,0,1,0,0,0,0,0,0,76,24
64368,1:2:2;1:2:2;1:3:2;1:3:2,0,0,0,0,0,1,0,0,0,0,0,0,1,24
64369,1:2:2;1:2:2;1:3:2;1:3:2,0,1,0,0,0,1,0,0,0,0,0,0,1,24
64370,1:2:2;1:2:2;1:3:2;1:3:2,0,2,0,0,0,1,0,0,0,0,0,0,1,24
64371,1:2:2;1:2:2;1:3:2;1:3:2,0,3,0,0,0,1,0,0,0,0,0,0,1,24
64372,1:2:2;1:2:2;1:3:2;1:3:2,0,4,0,0,0,1,0,0,0,0,0,0,1,24
64373,1:2:2;1:2:2;1:3:2;1:3:2,0,5,0,0,0,1,0,0,0,0,0,0,1,24
64374,1:2:2;1:2:2;1:3:2;1:3:2,1,0,0,0,0,1,0,0,0,0,0,0,5,24
64375,1:2:2;1:2:2;1:3:2;1:3:2,1,1,0,0,0,1,0,0,0,0,0,0,5,24
64376,1:2:2;1:2:2;1:3:2;1:3:2,1,2,0,0,0,1,0,0,0,0,0,0,5,24
64377,1:2:2;1:2:2;1:3:2;1:3:2,1,3,0,0,0,1,0,0,0,0,0,0,5,24
64378,1:2:2;1:2:2;1:3:2;1:3:2,1,4,0,0,0,1,0,0,0,0,0,0,5,24
64379,1:2:2;1:2:2;1:3:2;1:3:2,1,5,0,0,0,1,0,0,0,0,0,0,5,24
64380,1:2:2;1:2:2;1:3:2;1:3:2,2,0,0,0,0,1,0,0,0,0,0,0,15,24
64381,1:2:2;1:2:2;1:3:2;1:3:2,2,1,0,0,0,1,0,0,0,0,0,0,15,24
64382,1:2:2;1:2:2;1:3:2;1:3:2,2,2,0,0,0,1,0,0,0,0,0,0,15,24
64383,1:2:2;1:2:2;1:3:2;1:3:2,2,3,0,0,0,1,0,0,0,0,0,0,15,24
64384,1:2:2;1:2:2;1:3:2;1:3:2,2,4,0,0,0,1,0,0,0,0,0,0,15,24
64385,1:2:2;1:2:2;1:3:2;1:3:2,2,5,0,0,0,1,0,0,0,0,0,0,15,24
64386,1:2:2;1:2:2;1:3:2;1:3:2,3,0,0,0,0,1,0,0,0,0,0,0,31,24
64387,1:2:2;1:2:2;1:3:2;1:3:2,3,1,0,0,0,1,0,0,0,0,0,0,31,24
64388,1:2:2;1:2:2;1:3:2;1:3:2,3,2,0,0,0,1,0,0,0,0,0,0,31,24
64389,1:2:2;1:2:2;1:3:2;1:3:2,3,3,0,0,0,1,0,0,0,0,0,0,31,24
64390,1:2:2;1:2:2;1:3:2;1:3:2,3,4,0,0,0,1,0,0,0,0,0,0,31,24
64391,1:2:2;1:2:2;1:3:2;1:3:2,3,5,0,0,0,1,0,0,0,0,0,0,31,24
64392,1:2:2;1:2:2;1:3:2;1:3:2,4,0,0,0,0,1,0,0,0,0,0,0,50,24
64393,1:2:2;1:2:2;1:3:2;1:3:2,4,1,0,0,0,1,0,0,0,0,0,0,50,24
64394,1:2:2;1:2:2;1:3:2;1:3:2,4,2,0,0,0,1,0,0,0,0,0,0,50,24
64395,1:2:2;1:2:2;1:3:2;1:3:2,4,3,0,0,0,1,0,0,0,0,0,0,50,24
64396,1:2:2;1:2:2;1:3:2;1:3:2,4,4,0,0,0,1,0,0,0,0,0,0,50,24
64397,1:2:2;1:2:2;1:3:2;1:3:2,4,5,0,0,0,1,0,0,0,0,0,0,50,24
64398,1:2:2;1:2:2;1:3:2;1:3:2,5,0,0,0,0,1,0,0,0,0,0,0,66,24
64399,1:2:2;1:2:2;1:3:2;1:3:2,5,1,0,0,0,1,0,0,0,0,0,0,66,24
64400,1:2:2;1:2:2;1:3:2;1:3:2,5,2,0,0,0,1,0,0,0,0,0,0,66,24
64401,1:2:2;1:2:2;1:3:2;1:3:2,5,3,0,0,0,1,0,0,0,0,0,0,66,24
64402,1:2:2;1:2:2;1:3:2;1:3:2,5,4,0,0,0,1,0,0,0,0,0,0,66,24
64403,1:2:2;1:2:2;1:3:2;1:3:2,5,5,0,0,0,1,0,0,0,0,0,0,66,24
64404,1:2:2;1:2:2;1:3:2;1:3:3,0,0,0,0,0,1,0,0,0,0,0,0,1,24
64405,1:2:2;1:2:2;1:3:2;1:3:3,0,1,0,0,0,1,0,0,0,0,0,0,1,24
64406,1:2:2;1:2:2;1:3:2;1:3:3,0,2,0,0,0,1,0,0,0,0,0,0,1,24
64407,1:2:2;1:2:2;1:3:2;1:3:3,0,3,0,0,0,1,0,0,0,0,0,0,1,24
64408,1:2:2;1:2:2;1:3:2;1:3:3,0,4,0,0,0,1,0,0,0,0,0,0,1,24
64409,1:2:2;1:2:2;1:3:2;1:3:3,0,5,0,0,0,1,0,0,0,0,0,0,1,24
64410,1:2:2;1:2:2;1:3:2;1:3:3,1,0,0,0,0,1,0,0,0,0,0,0,5,24
64411,1:2:2;1:2:2;1:3:2;1:3:3,1,1,0,0,0,1,0,0,0,0,0,0,5,24
64412,1:2:2;1:2:2;1:3:2;1:3:3,1,2,0,0,0,1,0,0,0,0,0,0,5,24
64413,1:2:2;1:2:2;1:3:2;1:3:3,1,3,0,0,0,1,0,0,0,0,0,0,5,24
64414,1:2:2;1:2:2;1:3:2;1:3:3,1,4,0,0,0,1,0,0,0,0,0,0,5,24
64415,1:2:2;1:2:2;1:3:2;1:3:3,1,5,0,0,0,1,0,0,0,0,0,0,5,24
64416,1:2:2;1:2:2;1:3:2;1:3:3,2,0,0,0,0,1,0,0,0,0,0,0,15,24
64417,1:2:2;1:2:2;1:3:2;1:3:3,2,1,0,0,0,1,0,0,0,0,0,0,15,24
64418,1:2:2;1:2:2;1:3:2;1:3:3,2,2,0,0,0,1,0,0,0,0,0,0,15,24
64419,1:2:2;1:2:2;1:3:2;1:3:3,2,3,0,0,0,1,0,0,0,0,0,0,15,24
64420,1:2:2;1:2:2;1:3:2;1:3:3,2,4,0,0,0,1,0,0,0,0,0,0,15,24
64421,1:2:2;1:2:2;1:3:2;1:3:3,2,5,0,0,0,1,0,0,0,0,0,0,15,24
64422,1:2:2;1:2:2;1:3:2;1:3:3,3,0,0,0,0,1,0,0,0,0,0,0,32,24
64423,1:2:2;1:2:2;1:3:2;1:3:3,3,1,0,0,0,1,0,0,0,0,0,0,32,24
64424,1:2:2;1:2:2;1:3:2;1:3:3,3,2,0,0,0,1,0,0,0,0,0,0,32,24
64425,1:2:2;1:2:2;1:3:2;1:3:3,3,3,0,0,0,1,0,0,0,0,0,0,32,24
64426,1:2:2;1:2:2;1:3:2;1:3:3,3,4,0,0,0,1,0,0,0,0,0,0,32,24
64427,1:2:2;1:2:2;1:3:2;1:3:3,3,5,0,0,0,1,0,0,0,0,0,0,32,24
64428,1:2:2;1:2:2;1:3:2;1:3:3,4,0,0,0,0,1,0,0,0,0,0,0,54,24
64429,1:2:2;1:2:2;1:3:2;1:3:3,4,1,0,0,0,1,0,0,0,0,0,0,54,24
64430,1:2:2;1:2:2;1:3:2;1:3:3,4,2,0,0,0,1,0,0,0,0,0,0,54,24
64431,1:2:2;1:2:2;1:3:2;1:3:3,4,3,0,0,0,1,0,0,0,0,0,0,54,24
64432,1:2:2;1:2:2;1:3:2;1:3:3,4,4,0,0,0,1,0,0,0,0,0,0,54,24
64433,1:2:2;1:2:2;1:3:2;1:3:3,4,5,0,0,0,1,0,0,0,0,0,0,54,24
64434,1:2:2;1:2:2;1:3:2;1:3:3,5,0,0,0,0,1,0,0,0,0,0,0,76,24
64435,1:2:2;1:2:2;1:3:2;1:3:3,5,1,0,0,0,1,0,0,0,0,0,0,76,24
64436,1:2:2;1:2:2;1:3:2;1:3:3,5,2,0,0,0,1,0,0,0,0,0,0,76,24
64437,1:2:2;1:2:2;1:3:2;1:3:3,5,3,0,0,0,1,0,0,0,0,0,0,76,24
64438,1:2:2;1:2:2;1:3:2;1:3:3,5,4,0,0,0,1,0,0,0,0,0,0,76,24
64439,1:2:2;1:2:2;1:3:2;1:3:3,5,5,0,0,0,1,0,0,0,0,0,0,76,24
64440,1:2:2;1:2:2;1:3:2;1:4:3,0,0,0,0,0,1,0,0,0,0,0,0,1,24
64441,1:2:2;1:2:2;1:3:2;1:4:3,0,1,0,0,0,1,0,0,0,0,0,0,1,24
64442,1:2:2;1:2:2;1:3:2;1:4:3,0,2,0,0,0,1,0,0,0,0,0,0,1,24
64443,1:2:2;1:2:2;1:3:2;1:4:3,0,3,0,0,0,1,0,0,0,0,0,0,1,24
64444,1:2:2;1:2:2;1:3:2;1:4:3,0,4,0,0,0,1,0,0,0,0,0,0,1,24
64445,1:2:2;1:2:2;1:3:2;1:4:3,0,5,0,0,0,1,0,0,0,0,0,0,1,24
64446,1:2:2;1:2:2;1:3:2;1:4:3,1,0,0,0,0,1,0,0,0,0,0,0,5,24
64447,1:2:2;1:2:2;1:3:2;1:4:3,1,1,0,0,0,1,0,0,0,0,0,0,5,24
64448,1:2:2;1:2:2;1:3:2;1:4:3,1,2,0,0,0,1,0,0,0,0,0,0,5,24
64449,1:2:2;1:2:2;1:3:2;1:4:3,1,3,0,0,0,1,0,0,0,0,0,0,5,24
64450,1:2:2;1:2:2;1:3:2;1:4:3,1,4,0,0,0,1,0,0,0,0,0,0,5,24
64451,1:2:2;1:2:2;1:3:2;1:4:3,1,5,0,0,0,1,0,0,0,0,0,0,5,24
64452,1:2:2;1:2:2;1:3:2;1:4:3,2,0,0,0,0,1,0,0,0,0,0,0,15,24
64453,1:2:2;1:2:2;1:3:2;1:4:3,2,1,0,0,0,1,0,0,0,0,0,0,15,24
64454,1:2:2;1:2:2;1:3:2;1:4:3,2,2,0,0,0,1,0,0,0,0,0,0,15,24
64455,1:2:2;1:2:2;1:3:2;1:4:3,2,3,0,0,0,1,0,0,0,0,0,0,15,24
64456,1:2:2;1:2:2;1:3:2;1:4:3,2,4,0,0,0,1,0,0,0,0,0,0,15,24
64457,1:2:2;1:2:2;1:3:2;1:4:3,2,5,0,0,0,1,0,0,0,0,0,0,15,24
64458,1:2:2;1:2:2;1:3:2;1:4:3,3,0,0,0,0,1,0,0,0,0,0,0,32,24
64459,1:2:2;1:2:2;1:3:2;1:4:3,3,1,0,0,0,1,0,0,0,0,0,0,32,24
64460,1:2:2;1:2:2;1:3:2;1:4:3,3,2,0,0,0,1,0,0,0,0,0,0,32,24
64461,1:2:2;1:2:2;1:3:2;1:4:3,3,3,0,0,0,1,0,0,0,0,0,0,32,24
64462,1:2:2;1:2:2;1:3:2;1:4:3,3,4,0,0,0,1,0,0,0,0,0,0,32,24
64463,1:2:2;1:2:2;1:3:2;1:4:3,3,5,0,0,0,1,0,0,0,0,0,0,32,24
64464,1:2:2;1:2:2;1:3:2;1:4:3,4,0,0,0,0,1,0,0,0,0,0,0,54,24
64465,1:2:2;1:2:2;1:3:2;1:4:3,4,1,0,0,0,1,0,0,0,0,0,0,54,24
64466,1:2:2;1:2:2;1:3:2;1:4:3,4,2,0,0,0,1,0,0,0,0,0,0,54,24
64467,1:2:2;1:2:2;1:3:2;1:4:3,4,3,0,0,0,1,0,0,0,0,0,0,54,24
64468,1:2:2;1:2:2;1:3:2;1:4:3,4,4,0,0,0,1,0,0,0,0,0,0,54,24
64469,1:2:2;1:2:2;1:3:2;1:4:3,4,5,0,0,0,1,0,0,0,0,0,0,54,24
64470,1:2:2;1:2:2;1:3:2;1:4:3,5,0,0,0,0,1,0,0,0,0,0,0,76,24
64471,1:2:2;1:2:2;1:3:2;1:4:3,5,1,0,0,0,1,0,0,0,0,0,0,76,24
64472,1:2:2;1:2:2;1:3:2;1:4:3,5,2,0,0,0,1,0,0,0,0,0,0,76,24
64473,1:2:2;1:2:2;1:3:2;1:4:3,5,3,0,0,0,1,0,0,0,0,0,0,76,24
64474,1:2:2;1:2:2;1:3:2;1:4:3,5,4,0,0,0,1,0,0,0,0,0,0,76,24
64475,1:2:2;1:2:2;1:3:2;1:4:3,5,5,0,0,0,1,0,0,0,0,0,0,76,24
64476,1:2:2;1:2:2;1:3:3;1:3:3,0,0,0,0,0,1,0,0,0,0,0,0,1,24
64477,1:2:2;1:2:2;1:3:3;1:3:3,0,1,0,0,0,1,0,0,0,0,0,0,1,24
64478,1:2:2;1:2:2;1:3:3;1:3:3,0,2,0,0,0,1,0,0,0,0,0,0,1,24
64479,1:2:2;1:2:2;1:3:3;1:3:3,0,3,0,0,0,1,0,0,0,0,0,0,1,24
64480,1:2:2;1:2:2;1:3:3;1:3:3,0,4,0,0,0,1,0,0,0,0,0,0,1,24
64481,1:2:2;1:2:2;1:3:3;1:3:3,0,5,0,0,0,1,0,0,0,0,0,0,1,24
64482,1:2:2;1:2:2;1:3:3;1:3:3,1,0,0,0,0,1,0,0,0,0,0,0,5,24
64483,1:2:2;1:2:2;1:3:3;1:3:3,1,1,0,0,0,1,0,0,0,0,0,0,5,24
64484,1:2:2;1:2:2;1:3:3;1:3:3,1,2,0,0,0,1,0,0,0,0,0,0,5,24
64485,1:2:2;1:2:2;1:3:3;1:3:3,1,3,0,0,0,1,0,0,0,0,0,0,5,24
64486,1:2:2;1:2:2;1:3:3;1:3:3,1,4,0,0,0,1,0,0,0,0,0,0,5,24
64487,1:2:2;1:2:2;1:3:3;1:3:3,1,5,0,0,0,1,0,0,0,0,0,0,5,24
64488,1:2:2;1:2:2;1:3:3;1:3:3,2,0,0,0,0,1,0,0,0,0,0,0,15,24
64489,1:2:2;1:2:2;1:3:3;1:3:3,2,1,0,0,0,1,0,0,0,0,0,0,15,24
64490,1:2:2;1:2:2;1:3:3;1:3:3,2,2,0,0,0,1,0,0,0,0,0,0,15,24
64491,1:2:2;1:2:2;1:3:3;1:3:3,2,3,0,0,0,1,0,0,0,0,0,0,15,24
64492,1:2:2;1:2:2;1:3:3;1:3:3,2,4,0,0,0,1,0,0,0,0,0,0,15,24
64493,1:2:2;1:2:2;1:3:3;1:3:3,2,5,0,0,0,1,0,0,0,0,0,0,15,24
64494,1:2:2;1:2:2;1:3:3;1:3:3,3,0,0,0,0,1,0,0,0,0,0,0,33,24
64495,1:2:2;1:2:2;1:3:3;1:3:3,3,1,0,0,0,1,0,0,0,0,0,0,33,24
64496,1:2:2;1:2:2;1:3:3;1:3:3,3,2,0,0,0,1,0,0,0,0,0,0,33,24
64497,1:2:2;1:2:2;1:3:3;1:3:3,3,3,0,0,0,1,0,0,0,0,0,0,33,24
64498,1:2:2;1:2:2;1:3:3;1:3:3,3,4,0,0,0,1,0,0,0,0,0,0,33,24
64499,1:2:2;1:2:2;1:3:3;1:3:3,3,5,0,0,0,1,0,0,0,0,0,0,33,24
64500,1:2:2;1:2:2;1:3:3;1:3:3,4,0,0,0,0,1,0,0,0,0,0,0,58,24
64501,1:2:2;1:2:2;1:3:3;1:3:3,4,1,0,0,0,1,0,0,0,0,0,0,58,24
64502,1:2:2;1:2:2;1:3:3;1:3:3,4,2,0,0,0,1,0,0,0,0,0,0,58,24
64503,1:2:2;1:2:2;1:3:3;1:3:3,4,3,0,0,0,1,0,0,0,0,0,0,58,24
64504,1:2:2;1:2:2;1:3:3;1:3:3,4,4,0,0,0,1,0,0,0,0,0,0,58,24
64505,1:2:2;1:2:2;1:3:3;1:3:3,4,5,0,0,0,1,0,0,0,0,0,0,58,24
64506,1:2:2;1:2:2;1:3:3;1:3:3,5,0,0,0,0,1,0,0,0,0,0,0,86,24
64507,1:2:2;1:2:2;1:3:3;1:3:3,5,1,0,0,0,1,0,0,0,0,0,0,86,24
64508,1:2:2;1:2:2;1:3:3;1:3:3,5,2,0,0,0,1,0,0,0,0,0,0,86,24
64509,1:2:2;1:2:2;1:3:3;1:3:3,5,3,0,0,0,1,0,0,0,0,0,0,86,24
64510,1:2:2;1:2:2;1:3:3;1:3:3,5,4,0,0,0,1,0,0,0,0,0,0,86,24
64511,1:2:2;1:2:2;1:3:3;1:3:3,5,5,0,0,0,1,0,0,0,0,0,0,86,24
64512,1:2:2;1:2:2;1:3:3;1:4:3,0,0,0,0,0,1,0,0,0,0,0,0,1,24
64513,1:2:2;1:2:2;1:3:3;1:4:3,0,1,0,0,0,1,0,0,0,0,0,0,1,24
64514,1:2:2;1:2:2;1:3:3;1:4:3,0,2,0,0,0,1,0,0,0,0,0,0,1,24
64515,1:2:2;1:2:2;1:3:3;1:4:3,0,3,0,0,0,1,0,0,0,0,0,0,1,24
64516,1:2:2;1:2:2;1:3:3;1:4:3,0,4,0,0,0,1,0,0,0,0,0,0,1,24
64517,1:2:2;1:2:2;1:3:3;1:4:3,0,5,0,0,0,1,0,0,0,0,0,0,1,24
64518,1:2:2;1:2:2;1:3:3;1:4:3,1,0,0,0,0,1,0,0,0,0,0,0,5,24
64519,1:2:2;1:2:2;1:3:3;1:4:3,1,1,0,0,0,1,0,0,0,0,0,0,5,24
64520,1:2:2;1:2:2;1:3:3;1:4:3,1,2,0,0,0,1,0,0,0,0,0,0,5,24
64521,1:2:2;1:2:2;1:3:3;1:4:3,1,3,0,0,0,1,0,0,0,0,0,0,5,24
64522,1:2:2;1:2:2;1:3:3;1:4:3,1,4,0,0,0,1,0,0,0,0,0,0,5,24
64523,1:2:2;1:2:2;1:3:3;1:4:3,1,5,0,0,0,1,0,0,0,0,0,0,5,24
64524,1:2:2;1:2:2;1:3:3;1:4:3,2,0,0,0,0,1,0,0,0,0,0,0,15,24
64525,1:2:2;1:2:2;1:3:3;1:4:3,2,1,0,0,0,1,0,0,0,0,0,0,15,24
64526,1:2:2;1:2:2;1:3:3;1:4:3,2,2,0,0,0,1,0,0,0,0,0,0,15,24
64527,1:2:2;1:2:2;1:3:3;1:4:3,2,3,0,0,0,1,0,0,0,0,0,0,15,24
64528,1:2:2;1:2:2;1:3:3;1:4:3,2,4,0,0,0,1,0,0,0,0,0,0,15,24
64529,1:2:2;1:2:2;1:3:3;1:4:3,2,5,0,0,0,1,0,0,0,0,0,0,15,24
64530,1:2:2;1:2:2;1:3:3;1:4:3,3,0,0,0,0,1,0,0,0,0,0,0,33,24
64531,1:2:2;1:2:2;1:3:3;1:4:3,3,1,0,0,0,1,0,0,0,0,0,0,33,24
64532,1:2:2;1:2:2;1:3:3;1:4:3,3,2,0,0,0,1,0,0,0,0,0,0,33,24
64533,1:2:2;1:2:2;1:3:3;1:4:3,3,3,0,0,0,1,0,0,0,0,0,0,33,24
64534,1:2:2;1:2:2;1:3:3;1:4:3,3,4,0,0,0,1,0,0,0,0,0,0,33,24
64535,1:2:2;1:2:2;1:3:3;1:4:3,3,5,0,0,0,1,0,0,0,0,0,0,33,24
64536,1:2:2;1:2:2;1:3:3;1:4:3,4,0,0,0,0,1,0,0,0,0,0,0,58,24
64537,1:2:2;1:2:2;1:3:3;1:4:3,4,1,0,0,0,1,0,0,0,0,0,0,58,24
64538,1:2:2;1:2:2;1:3:3;1:4:3,4,2,0,0,0,1,0,0,0,0,0,0,58,24
64539,1:2:2;1:2:2;1:3:3;1:4:3,4,3,0,0,0,1,0,0,0,0,0,0,58,24
64540,1:2:2;1:2:2;1:3:3;1:4:3,4,4,0,0,0,1,0,0,0,0,0,0,58,24
64541,1:2:2;1:2:2;1:3:3;1:4:3,4,5,0,0,0,1,0,0,0,0,0,0,58,24
64542,1:2:2;1:2:2;1:3:3;1:4:3,5,0,0,0,0,1,0,0,0,0,0,0,86,24
64543,1:2:2;1:2:2;1:3:3;1:4:3,5,1,0,0,0,1,0,0,0,0,0,0,86,24
64544,1:2:2;1:2:2;1:3:3;1:4:3,5,2,0,0,0,1,0,0,0,0,0,0,86,24
64545,1:2:2;1:2:2;1:3:3;1:4:3,5,3,0,0,0,1,0,0,0,0,0,0,86,24
64546,1:2:2;1:2:2;1:3:3;1:4:3,5,4,0,0,0,1,0,0,0,0,0,0,86,24
64547,1:2:2;1:2:2;1:3:3;1:4:3,5,5,0,0,0,1,0,0,0,0,0,0,86,24
64548,1:2:2;1:2:2;1:4:3;1:4:3,0,0,0,0,0,1,0,0,0,0,0,0,1,24
64549,1:2:2;1:2:2;1:4:3;1:4:3,0,1,0,0,0,1,0,0,0,0,0,0,1,24
64550,1:2:2;1:2:2;1:4:3;1:4:3,0,2,0,0,0,1,0,0,0,0,0,0,1,24
64551,1:2:2;1:2:2;1:4:3;1:4:3,0,3,0,0,0,1,0,0,0,0,0,0,1,24
64552,1:2:2;1:2:2;1:4:3;1:4:3,0,4,0,0,0,1,0,0,0,0,0,0,1,24
64553,1:2:2;1:2:2;1:4:3;1:4:3,0,5,0,0,0,1,0,0,0,0,0,0,1,24
64554,1:2:2;1:2:2;1:4:3;1:4:3,1,0,0,0,0,1,0,0,0,0,0,0,5,24
64555,1:2:2;1:2:2;1:4:3;1:4:3,1,1,0,0,0,1,0,0,0,0,0,0,5,24
64556,1:2:2;1:2:2;1:4:3;1:4:3,1,2,0,0,0,1,0,0,0,0,0,0,5,24
64557,1:2:2;1:2:2;1:4:3;1:4:3,1,3,0,0,0,1,0,0,0,0,0,0,5,24
64558,1:2:2;1:2:2;1:4:3;1:4:3,1,4,0,0,0,1,0,0,0,0,0,0,5,24
64559,1:2:2;1:2:2;1:4:3;1:4:3,1,5,0,0,0,1,0,0,0,0,0,0,5,24
64560,1:2:2;1:2:2;1:4:3;1:4:3,2,0,0,0,0,1,0,0,0,0,0,0,15,24
64561,1:2:2;1:2:2;1:4:3;1:4:3,2,1,0,0,0,1,0,0,0,0,0,0,15,24
64562,1:2:2;1:2:2;1:4:3;1:4:3,2,2,0,0,0,1,0,0,0,0,0,0,15,24
64563,1:2:2;1:2:2;1:4:3;1:4:3,2,3,0,0,0,1,0,0,0,0,0,0,15,24
64564,1:2:2;1:2:2;1:4:3;1:4:3,2,4,0,0,0,1,0,0,0,0,0,0,15,24
64565,1:2:2;1:2:2;1:4:3;1:4:3,2,5,0,0,0,1,0,0,0,0,0,0,15,24
64566,1:2:2;1:2:2;1:4:3;1:4:3,3,0,0,0,0,1,0,0,0,0,0,0,33,24
64567,1:2:2;1:2:2;1:4:3;1:4:3,3,1,0,0,0,1,0,0,0,0,0,0,33,24
64568,1:2:2;1:2:2;1:4:3;1:4:3,3,2,0,0,0,1,0,0,0,0,0,0,33,24
64569,1:2:2;1:2:2;1:4:3;1:4:3,3,3,0,0,0,1,0,0,0,0,0,0,33,24
64570,1:2:2;1:2:2;1:4:3;1:4:3,3,4,0,0,0,1,0,0,0,0,0,0,33,24
64571,1:2:2;1:2:2;1:4:3;1:4:3,3,5,0,0,0,1,0,0,0,0,0,0,33,24
64572,1:2:2;1:2:2;1:4:3;1:4:3,4,0,0,0,0,1,0,0,0,0,0,0,58,24
64573,1:2:2;1:2:2;1:4:3;1:4:3,4,1,0,0,0,1,0,0,0,0,0,0,58,24
64574,1:2:2;1:2:2;1:4:3;1:4:3,4,2,0,0,0,1,0,0,0,0,0,0,58,24
64575,1:2:2;1:2:2;1:4:3;1:4:3,4,3,0,0,0,1,0,0,0,0,0,0,58,24
64576,1:2:2;1:2:2;1:4:3;1:4:3,4,4,0,0,0,1,0,0,0,0,0,0,58,24
64577,1:2:2;1:2:2;1:4:3;1:4:3,4,5,0,0,0,1,0,0,0,0,0,0,58,24
64578,1:2:2;1:2:2;1:4:3;1:4:3,5,0,0,0,0,1,0,0,0,0,0,0,86,24
64579,1:2:2;1:2:2;1:4:3;1:4:3,5,1,0,0,0,1,0,0,0,0,0,0,86,24
64580,1:2:2;1:2:2;1:4:3;1:4:3,5,2,0,0,0,1,0,0,0,0,0,0,86,24
64581,1:2:2;1:2:2;1:4:3;1:4:3,5,3,0,0,0,1,0,0,0,0,0,0,86,24
64582,1:2:2;1:2:2;1:4:3;1:4:3,5,4,0,0,0,1,0,0,0,0,0,0,86,24
64583,1:2:2;1:2:2;1:4:3;1:4:3,5,5,0,0,0,1,0,0,0,0,0,0,86,24
64584,1:2:2;1:3:2;1:3:2;1:3:2,0,0,0,0,0,1,0,0,0,0,0,0,1,24
64585,1:2:2;1:3:2;1:3:2;1:3:2,0,1,0,0,0,1,0,0,0,0,0,0,1,24
64586,1:2:2;1:3:2;1:3:2;1:3:2,0,2,0,0,0,1,0,0,0,0,0,0,1,24
64587,1:2:2;1:3:2;1:3:2;1:3:2,0,3,0,0,0,1,0,0,0,0,0,0,1,24
64588,1:2:2;1:3:2;1:3:2;1:3:2,0,4,0,0,0,1,0,0,0,0,0,0,1,24
64589,1:2:2;1:3:2;1:3:2;1:3:2,0,5,0,0,0,1,0,0,0,0,0,0,1,24
64590,1:2:2;1:3:2;1:3:2;1:3:2,1,0,0,0,0,1,0,0,0,0,0,0,5,24
64591,1:2:2;1:3:2;1:3:2;1:3:2,1,1,0,0,0,1,0,0,0,0,0,0,5,24
64592,1:2:2;1:3:2;1:3:2;1:3:2,1,2,0,0,0,1,0,0,0,0,0,0,5,24
64593,1:2:2;1:3:2;1:3:2;1:3:2,1,3,0,0,0,1,0,0,0,0,0,0,5,24
64594,1:2:2;1:3:2;1:3:2;1:3:2,1,4,0,0,0,1,0,0,0,0,0,0,5,24
64595,1:2:2;1:3:2;1:3:2;1:3:2,1,5,0,0,0,1,0,0,0,0,0,0,5,24
64596,1:2:2;1:3:2;1:3:2;1:3:2,2,0,0,0,0,1,0,0,0,0,0,0,15,24
64597,1:2:2;1:3:2;1:3:2;1:3:2,2,1,0,0,0,1,0,0,0,0,0,0,15,24
64598,1:2:2;1:3:2;1:3:2;1:3:2,2,2,0,0,0,1,0,0,0,0,0,0,15,24
64599,1:2:2;1:3:2;1:3:2;1:3:2,2,3,0,0,0,1,0,0,0,0,0,0,15,24
64600,1:2:2;1:3:2;1:3:2;1:3:2,2,4,0,0,0,1,0,0,0,0,0,0,15,24
64601,1:2:2;1:3:2;1:3:2;1:3:2,2,5,0,0,0,1,0,0,0,0,0,0,15,24
64602,1:2:2;1:3:2;1:3:2;1:3:2,3,0,0,0,0,1,0,0,0,0,0,0,31,24
64603,1:2:2;1:3:2;1:3:2;1:3:2,3,1,0,0,0,1,0,0,0,0,0,0,31,24
64604,1:2:2;1:3:2;1:3:2;1:3:2,3,2,0,0,0,1,0,0,0,0,0,0,31,24
64605,1:2:2;1:3:2;1:3:2;1:3:2,3,3,0,0,0,1,0,0,0,0,0,0,31,24
64606,1:2:2;1:3:2;1:3:2;1:3:2,3,4,0,0,0,1,0,0,0,0,0,0,31,24
64607,1:2:2;1:3:2;1:3:2;1:3:2,3,5,0,0,0,1,0,0,0,0,0,0,31,24
64608,1:2:2;1:3:2;1:3:2;1:3:2,4,0,0,0,0,1,0,0,0,0,0,0,50,24
64609,1:2:2;1:3:2;1:3:2;1:3:2,4,1,0,0,0,1,0,0,0,0,0,0,50,24
64610,1:2:2;1:3:2;1:3:2;1:3:2,4,2,0,0,0,1,0,0,0,0,0,0,50,24
64611,1:2:2;1:3:2;1:3:2;1:3:2,4,3,0,0,0,1,0,0,0,0,0,0,50,24
64612,1:2:2;1:3:2;1:3:2;1:3:2,4,4,0,0,0,1,0,0,0,0,0,0,50,24
64613,1:2:2;1:3:2;1:3:2;1:3:2,4,5,0,0,0,1,0,0,0,0,0,0,50,24
64614,1:2:2;1:3:2;1:3:2;1:3:2,5,0,0,0,0,1,0,0,0,0,0,0,66,24
64615,1:2:2;1:3:2;1:3:2;1:3:2,5,1,0,0,0,1,0,0,0,0,0,0,66,24
64616,1:2:2;1:3:2;1:3:2;1:3:2,5,2,0,0,0,1,0,0,0,0,0,0,66,24
64617,1:2:2;1:3:2;1:3:2;1:3:2,5,3,0,0,0,1,0,0,0,0,0,0,66,24
64618,1:2:2;1:3:2;1:3:2;1:3:2,5,4,0,0,0,1,0,0,0,0,0,0,66,24
64619,1:2:2;1:3:2;1:3:2;1:3:2,5,5,0,0,0,1,0,0,0,0,0,0,66,24
64620,1:2:2;1:3:2;1:3:2;1:3:3,0,0,0,0,0,1,0,0,0,0,0,0,1,24
64621,1:2:2;1:3:2;1:3:2;1:3:3,0,1,0,0,0,1,0,0,0,0,0,0,1,24
64622,1:2:2;1:3:2;1:3:2;1:3:3,0,2,0,0,0,1,0,0,0,0,0,0,1,24
64623,1:2:2;1:3:2;1:3:2;1:3:3,0,3,0,0,0,1,0,0,0,0,0,0,1,24
64624,1:2:2;1:3:2;1:3:2;1:3:3,0,4,0,0,0,1,0,0,0,0,0,0,1,24
64625,1:2:2;1:3:2;1:3:2;1:3:3,0,5,0,0,0,1,0,0,0,0,0,0,1,24
64626,1:2:2;1:3:2;1:3:2;1:3:3,1,0,0,0,0,1,0,0,0,0,0,0,5,24
64627,1:2:2;1:3:2;1:3:2;1:3:3,1,1,0,0,0,1,0,0,0,0,0,0,5,24
64628,1:2:2;1:3:2;1:3:2;1:3:3,1,2,0,0,0,1,0,0,0,0,0,0,5,24
64629,1:2:2;1:3:2;1:3:2;1:3:3,1,3,0,0,0,1,0,0,0,0,0,0,5,24
64630,1:2:2;1:3:2;1:3:2;1:3:3,1,4,0,0,0,1,0,0,0,0,0,0,5,24
64631,1:2:2;1:3:2;1:3:2;1:3:3,1,5,0,0,0,1,0,0,0,0,0,0,5,24
64632,1:2:2;1:3:2;1:3:2;1:3:3,2,0,0,0,0,1,0,0,0,0,0,0,15,24
64633,1:2:2;1:3:2;1:3:2;1:3:3,2,1,0,0,0,1,0,0,0,0,0,0,15,24
64634,1:2:2;1:3:2;1:3:2;1:3:3,2,2,0,0,0,1,0,0,0,0,0,0,15,24
64635,1:2:2;1:3:2;1:3:2;1:3:3,2,3,0,0,0,1,0,0,0,0,0,0,15,24
64636,1:2:2;1:3:2;1:3:2;1:3:3,2,4,0,0,0,1,0,0,0,0,0,0,15,24
64637,1:2:2;1:3:2;1:3:2;1:3:3,2,5,0,0,0,1,0,0,0,0,0,0,15,24
64638,1:2:2;1:3:2;1:3:2;1:3:3,3,0,0,0,0,1,0,0,0,0,0,0,32,24
64639,1:2:2;1:3:2;1:3:2;1:3:3,3,1,0,0,0,1,0,0,0,0,0,0,32,24
64640,1:2:2;1:3:2;1:3:2;1:3:3,3,2,0,0,0,1,0,0,0,0,0,0,32,24
64641,1:2:2;1:3:2;1:3:2;1:3:3,3,3,0,0,0,1,0,0,0,0,0,0,32,24
64642,1:2:2;1:3:2;1:3:2;1:3:3,3,4,0,0,0,1,0,0,0,0,0,0,32,24
64643,1:2:2;1:3:2;1:3:2;1:3:3,3,5,0,0,0,1,0,0,0,0,0,0,32,24
64644,1:2:2;1:3:2;1:3:2;1:3:3,4,0,0,0,0,1,0,0,0,0,0,0,54,24
64645,1:2:2;1:3:2;1:3:2;1:3:3,4,1,0,0,0,1,0,0,0,0,0,0,54,24
64646,1:2:2;1:3:2;1:3:2;1:3:3,4,2,0,0,0,1,0,0,0,0,0,0,54,24
64647,1:2:2;1:3:2;1:3:2;1:3:3,4,3,0,0,0,1,0,0,0,0,0,0,54,24
64648,1:2:2;1:3:2;1:3:2;1:3:3,4,4,0,0,0,1,0,0,0,0,0,0,54,24
64649,1:2:2;1:3:2;1:3:2;1:3:3,4,5,0,0,0,1,0,0,0,0,0,0,54,24
64650,1:2:2;1:3:2;1:3:2;1:3:3,5,0,0,0,0,1,0,0,0,0,0,0,76,24
64651,1:2:2;1:3:2;1:3:2;1:3:3,5,1,0,0,0,1,0,0,0,0,0,0,76,24
64652,1:2:2;1:3:2;1:3:2;1:3:3,5,2,0,0,0,1,0,0,0,0,0,0,76,24
64653,1:2:2;1:3:2;1:3:2;1:3:3,5,3,0,0,0,1,0,0,0,0,0,0,76,24
64654,1:2:2;1:3:2;1:3:2;1:3:3,5,4,0,0,0,1,0,0,0,0,0,0,76,24
64655,1:2:2;1:3:2;1:3:2;1:3:3,5,5,0,0,0,1,0,0,0,0,0,0,76,24
64656,1:2:2;1:3:2;1:3:2;1:4:3,0,0,0,0,0,1,0,0,0,0,0,0,1,24
64657,1:2:2;1:3:2;1:3:2;1:4:3,0,1,0,0,0,1,0,0,0,0,0,0,1,24
64658,1:2:2;1:3:2;1:3:2;1:4:3,0,2,0,0,0,1,0,0,0,0,0,0,1,24
64659,1:2:2;1:3:2;1:3:2;1:4:3,0,3,0,0,0,1,0,0,0,0,0,0,1,24
64660,1:2:2;1:3:2;1:3:2;1:4:3,0,4,0,0,0,1,0,0,0,0,0,0,1,24
64661,1:2:2;1:3:2;1:3:2;1:4:3,0,5,0,0,0,1,0,0,0,0,0,0,1,24
64662,1:2:2;1:3:2;1:3:2;1:4:3,1,0,0,0,0,1,0,0,0,0,0,0,5,24
64663,1:2:2;1:3:2;1:3:2;1:4:3,1,1,0,0,0,1,0,0,0,0,0,0,5,24
64664,1:2:2;1:3:2;1:3:2;1:4:3,1,2,0,0,0,1,0,0,0,0,0,0,5,24
64665,1:2:2;1:3:2;1:3:2;1:4:3,1,3,0,0,0,1,0,0,0,0,0,0,5,24
64666,1:2:2;1:3:2;1:3:2;1:4:3,1,4,0,0,0,1,0,0,0,0,0,0,5,24
64667,1:2:2;1:3:2;1:3:2;1:4:3,1,5,0,0,0,1,0,0,0,0,0,0,5,24
64668,1:2:2;1:3:2;1:3:2;1:4:3,2,0,0,0,0,1,0,0,0,0,0,0,15,24
64669,1:2:2;1:3:2;1:3:2;1:4:3,2,1,0,0,0,1,0,0,0,0,0,0,15,24
64670,1:2:2;1:3:2;1:3:2;1:4:3,2,2,0,0,0,1,0,0,0,0,0,0,15,24
64671,1:2:2;1:3:2;1:3:2;1:4:3,2,3,0,0,0,1,0,0,0,0,0,0,15,24
64672,1:2:2;1:3:2;1:3:2;1:4:3,2,4,0,0,0,1,0,0,0,0,0,0,15,24
64673,1:2:2;1:3:2;1:3:2;1:4:3,2,5,0,0,0,1,0,0,0,0,0,0,15,24
64674,1:2:2;1:3:2;1:3:2;1:4:3,3,0,0,0,0,1,0,0,0,0,0,0,32,24
64675,1:2:2;1:3:2;1:3:2;1:4:3,3,1,0,0,0,1,0,0,0,0,0,0,32,24
64676,1:2:2;1:3:2;1:3:2;1:4:3,3,2,0,0,0,1,0,0,0,0,0,0,32,24
64677,1:2:2;1:3:2;1:3:2;1:4:3,3,3,0,0,0,1,0,0,0,0,0,0,32,24
64678,1:2:2;1:3:2;1:3:2;1:4:3,3,4,0,0,0,1,0,0,0,0,0,0,32,24
64679,1:2:2;1:3:2;1:3:2;1:4:3,3,5,0,0,0,1,0,0,0,0,0,0,32,24
64680,1:2:2;1:3:2;1:3:2;1:4:3,4,0,0,0,0,1,0,0,0,0,0,0,54,24
64681,1:2:2;1:3:2;1:3:2;1:4:3,4,1,0,0,0,1,0,0,0,0,0,0,54,24
64682,1:2:2;1:3:2;1:3:2;1:4:3,4,2,0,0,0,1,0,0,0,0,0,0,54,24
64683,1:2:2;1:3:2;1:3:2;1:4:3,4,3,0,0,0,1,0,0,0,0,0,0,54,24
64684,1:2:2;1:3:2;1:3:2;1:4:3,4,4,0,0,0,1,0,0,0,0,0,0,54,24
64685,1:2:2;1:3:2;1:3:2;1:4:3,4,5,0,0,0,1,0,0,0,0,0,0,54,24
64686,1:2:2;1:3:2;1:3:2;1:4:3,5,0,0,0,0,1,0,0,0,0,0,0,76,24
64687,1:2:2;1:3:2;1:3:2;1:4:3,5,1,0,0,0,1,0,0,0,0,0,0,76,24
64688,1:2:2;1:3:2;1:3:2;1:4:3,5,2,0,0,0,1,0,0,0,0,0,0,76,24
64689,1:2:2;1:3:2;1:3:2;1:4:3,5,3,0,0,0,1,0,0,0,0,0,0,76,24
64690,1:2:2;1:3:2;1:3:2;1:4:3,5,4,0,0,0,1,0,0,0,0,0,0,76,24
64691,1:2:2;1:3:2;1:3:2;1:4:3,5,5,0,0,0,1,0,0,0,0,0,0,76,24
64692,1:2:2;1:3:2;1:3:3;1:3:3,0,0,0,0,0,1,0,0,0,0,0,0,1,24
64693,1:2:2;1:3:2;1:3:3;1:3:3,0,1,0,0,0,1,0,0,0,0,0,0,1,24
64694,1:2:2;1:3:2;1:3:3;1:3:3,0,2,0,0,0,1,0,0,0,0,0,0,1,24
64695,1:2:2;1:3:2;1:3:3;1:3:3,0,3,0,0,0,1,0,0,0,0,0,0,1,24
64696,1:2:2;1:3:2;1:3:3;1:3:3,0,4,0,0,0,1,0,0,0,0,0,0,1,24
64697,1:2:2;1:3:2;1:3:3;1:3:3,0,5,0,0,0,1,0,0,0,0,0,0,1,24
64698,1:2:2;1:3:2;1:3:3;1:3:3,1,0,0,0,0,1,0,0,0,0,0,0,5,24
64699,1:2:2;1:3:2;1:3:3;1:3:3,1,1,0,0,0,1,0,0,0,0,0,0,5,24
64700,1:2:2;1:3:2;1:3:3;1:3:3,1,2,0,0,0,1,0,0,0,0,0,0,5,24
64701,1:2:2;1:3:2;1:3:3;1:3:3,1,3,0,0,0,1,0,0,0,0,0,0,5,24
64702,1:2:2;1:3:2;1:3:3;1:3:3,1,4,0,0,0,1,0,0,0,0,0,0,5,24
64703,1:2:2;1:3:2;1:3:3;1:3:3,1,5,0,0,0,1,0,0,0,0,0,0,5,24
64704,1:2:2;1:3:2;1:3:3;1:3:3,2,0,0,0,0,1,0,0,0,0,0,0,15,24
64705,1:2:2;1:3:2;1:3:3;1:3:3,2,1,0,0,0,1,0,0,0,0,0,0,15,24
64706,1:2:2;1:3:2;1:3:3;1:3:3,2,2,0,0,0,1,0,0,0,0,0,0,15,24
64707,1:2:2;1:3:2;1:3:3;1:3:3,2,3,0,0,0,1,0,0,0,0,0,0,15,24
64708,1:2:2;1:3:2;1:3:3;1:3:3,2,4,0,0,0,1,0,0,0,0,0,0,15,24
64709,1:2:2;1:3:2;1:3:3;1:3:3,2,5,0,0,0,1,0,0,0,0,0,0,15,24
64710,1:2:2;1:3:2;1:3:3;1:3:3,3,0,0,0,0,1,0,0,0,0,0,0,33,24
64711,1:2:2;1:3:2;1:3:3;1:3:3,3,1,0,0,0,1,0,0,0,0,0,0,33,24
64712,1:2:2;1:3:2;1:3:3;1:3:3,3,2,0,0,0,1,0,0,0,0,0,0,33,24
64713,1:2:2;1:3:2;1:3:3;1:3:3,3,3,0,0,0,1,0,0,0,0,0,0,33,24
64714,1:2:2;1:3:2;1:3:3;1:3:3,3,4,0,0,0,1,0,0,0,0,0,0,33,24
64715,1:2:2;1:3:2;1:3:3;1:3:3,3,5,0,0,0,1,0,0,0,0,0,0,33,24
64716,1:2:2;1:3:2;1:3:3;1:3:3,4,0,0,0,0,1,0,0,0,0,0,0,58,24
64717,1:2:2;1:3:2;1:3:3;1:3:3,4,1,0,0,0,1,0,0,0,0,0,0,58,24
64718,1:2:2;1:3:2;1:3:3;1:3:3,4,2,0,0,0,1,0,0,0,0,0,0,58,24
64719,1:2:2;1:3:2;1:3:3;1:3:3,4,3,0,0,0,1,0,0,0,0,0,0,58,24
64720,1:2:2;1:3:2;1:3:3;1:3:3,4,4,0,0,0,1,0,0,0,0,0,0,58,24
64721,1:2:2;1:3:2;1:3:3;1:3:3,4,5,0,0,0,1,0,0,0,0,0,0,58,24
64722,1:2:2;1:3:2;1:3:3;1:3:3,5,0,0,0,0,1,0,0,0,0,0,0,86,24
64723,1:2:2;1:3:2;1:3:3;1:3:3,5,1,0,0,0,1,0,0,0,0,0,0,86,24
64724,1:2:2;1:3:2;1:3:3;1:3:3,5,2,0,0,0,1,0,0,0,0,0,0,86,24
64725,1:2:2;1:3:2;1:3:3;1:3:3,5,3,0,0,0,1,0,0,0,0,0,0,86,24
64726,1:2:2;1:3:2;1:3:3;1:3:3,5,4,0,0,0,1,0,0,0,0,0,0,86,24
64727,1:2:2;1:3:2;1:3:3;1:3:3,5,5,0,0,0,1,0,0,0,0,0,0,86,24
64728,1:2:2;1:3:2;1:3:3;1:4:3,0,0,0,0,0,1,0,0,0,0,0,0,1,24
64729,1:2:2;1:3:2;1:3:3;1:4:3,0,1,0,0,0,1,0,0,0,0,0,0,1,24
64730,1:2:2;1:3:2;1:3:3;1:4:3,0,2,0,0,0,1,0,0,0,0,0,0,1,24
64731,1:2:2;1:3:2;1:3:3;1:4:3,0,3,0,0,0,1,0,0,0,0,0,0,1,24
64732,1:2:2;1:3:2;1:3:3;1:4:3,0,4,0,0,0,1,0,0,0,0,0,0,1,24
64733,1:2:2;1:3:2;1:3:3;1:4:3,0,5,0,0,0,1,0,0,0,0,0,0,1,24
64734,1:2:2;1:3:2;1:3:3;1:4:3,1,0,0,0,0,1,0,0,0,0,0,0,5,24
64735,1:2:2;1:3:2;1:3:3;1:4:3,1,1,0,0,0,1,0,0,0,0,0,0,5,24
64736,1:2:2;1:3:2;1:3:3;1:4:3,1,2,0,0,0,1,0,0,0,0,0,0,5,24
64737,1:2:2;1:3:2;1:3:3;1:4:3,1,3,0,0,0,1,0,0,0,0,0,0,5,24
64738,1:2:2;1:3:2;1:3:3;1:4:3,1,4,0,0,0,1,0,0,0,0,0,0,5,24
64739,1:2:2;1:3:2;1:3:3;1:4:3,1,5,0,0,0,1,0,0,0,0,0,0,5,24
64740,1:2:2;1:3:2;1:3:3;1:4:3,2,0,0,0,0,1,0,0,0,0,0,0,15,24
64741,1:2:2;1:3:2;1:3:3;1:4:3,2,1,0,0,0,1,0,0,0,0,0,0,15,24
64742,1:2:2;1:3:2;1:3:3;1:4:3,2,2,0,0,0,1,0,0,0,0,0,0,15,24
64743,1:2:2;1:3:2;1:3:3;1:4:3,2,3,0,0,0,1,0,0,0,0,0,0,15,24
64744,1:2:2;1:3:2;1:3:3;1:4:3,2,4,0,0,0,1,0,0,0,0,0,0,15,24
64745,1:2:2;1:3:2;1:3:3;1:4:3,2,5,0,0,0,1,0,0,0,0,0,0,15,24
64746,1:2:2;1:3:2;1:3:3;1:4:3,3,0,0,0,0,1,0,0,0,0,0,0,33,24
64747,1:2:2;1:3:2;1:3:3;1:4:3,3,1,0,0,0,1,0,0,0,0,0,0,33,24
64748,1:2:2;1:3:2;1:3:3;1:4:3,3,2,0,0,0,1,0,0,0,0,0,0,33,24
64749,1:2:2;1:3:2;1:3:3;1:4:3,3,3,0,0,0,1,0,0,0,0,0,0,33,24
64750,1:2:2;1:3:2;1:3:3;1:4:3,3,4,0,0,0,1,0,0,0,0,0,0,33,24
64751,1:2:2;1:3:2;1:3:3;1:4:3,3,5,0,0,0,1,0,0,0,0,0,0,33,24
64752,1:2:2;1:3:2;1:3:3;1:4:3,4,0,0,0,0,1,0,0,0,0,0,0,58,24
64753,1:2:2;1:3:2;1:3:3;1:4:3,4,1,0,0,0,1,0,0,0,0,0,0,58,24
64754,1:2:2;1:3:2;1:3:3;1:4:3,4,2,0,0,0,1,0,0,0,0,0,0,58,24
64755,1:2:2;1:3:2;1:3:3;1:4:3,4,3,0,0,0,1,0,0,0,0,0,0,58,24
64756,1:2:2;1:3:2;1:3:3;1:4:3,4,4,0,0,0,1,0,0,0,0,0,0,58,24
64757,1:2:2;1:3:2;1:3:3;1:4:3,4,5,0,0,0,1,0,0,0,0,0,0,58,24
64758,1:2:2;1:3:2;1:3:3;1:4:3,5,0,0,0,0,1,0,0,0,0,0,0,86,24
64759,1:2:2;1:3:2;1:3:3;1:4:3,5,1,0,0,0,1,0,0,0,0,0,0,86,24
64760,1:2:2;1:3:2;1:3:3;1:4:3,5,2,0,0,0,1,0,0,0,0,0,0,86,24
64761,1:2:2;1:3:2;1:3:3;1:4:3,5,3,0,0,0,1,0,0,0,0,0,0,86,24
64762,1:2:2;1:3:2;1:3:3;1:4:3,5,4,0,0,0,1,0,0,0,0,0,0,86,24
64763,1:2:2;1:3:2;1:3:3;1:4:3,5,5,0,0,0,1,0,0,0,0,0,0,86,24
64764,1:2:2;1:3:2;1:4:3;1:4:3,0,0,0,0,0,1,0,0,0,0,0,0,1,24
64765,1:2:2;1:3:2;1:4:3;1:4:3,0,1,0,0,0,1,0,0,0,0,0,0,1,24
64766,1:2:2;1:3:2;1:4:3;1:4:3,0,2,0,0,0,1,0,0,0,0,0,0,1,24
64767,1:2:2;1:3:2;1:4:3;1:4:3,0,3,0,0,0,1,0,0,0,0,0,0,1,24
64768,1:2:2;1:3:2;1:4:3;1:4:3,0,4,0,0,0,1,0,0,0,0,0,0,1,24
64769,1:2:2;1:3:2;1:4:3;1:4:3,0,5,0,0,0,1,0,0,0,0,0,0,1,24
64770,1:2:2;1:3:2;1:4:3;1:4:3,1,0,0,0,0,1,0,0,0,0,0,0,5,24
64771,1:2:2;1:3:2;1:4:3;1:4:3,1,1,0,0,0,1,0,0,0,0,0,0,5,24
64772,1:2:2;1:3:2;1:4:3;1:4:3,1,2,0,0,0,1,0,0,0,0,0,0,5,24
64773,1:2:2;1:3:2;1:4:3;1:4:3,1,3,0,0,0,1,0,0,0,0,0,0,5,24
64774,1:2:2;1:3:2;1:4:3;1:4:3,1,4,0,0,0,1,0,0,0,0,0,0,5,24
64775,1:2:2;1:3:2;1:4:3;1:4:3,1,5,0,0,0,1,0,0,0,0,0,0,5,24
64776,1:2:2;1:3:2;1:4:3;1:4:3,2,0,0,0,0,1,0,0,0,0,0,0,15,24
64777,1:2:2;1:3:2;1:4:3;1:4:3,2,1,0,0,0,1,0,0,0,0,0,0,15,24
64778,1:2:2;1:3:2;1:4:3;1:4:3,2,2,0,0,0,1,0,0,0,0,0,0,15,24
64779,1:2:2;1:3:2;1:4:3;1:4:3,2,3,0,0,0,1,0,0,0,0,0,0,15,24
64780,1:2:2;1:3:2;1:4:3;1:4:3,2,4,0,0,0,1,0,0,0,0,0,0,15,24
64781,1:2:2;1:3:2;1:4:3;1:4:3,2,5,0,0,0,1,0,0,0,0,0,0,15,24
64782,1:2:2;1:3:2;1:4:3;1:4:3,3,0,0,0,0,1,0,0,0,0,0,0,33,24
64783,1:2:2;1:3:2;1:4:3;1:4:3,3,1,0,0,0,1,0,0,0,0,0,0,33,24
64784,1:2:2;1:3:2;1:4:3;1:4:3,3,2,0,0,0,1,0,0,0,0,0,0,33,24
64785,1:2:2;1:3:2;1:4:3;1:4:3,3,3,0,0,0,1,0,0,0,0,0,0,33,24
64786,1:2:2;1:3:2;1:4:3;1:4:3,3,4,0,0,0,1,0,0,0,0,0,0,33,24
64787,1:2:2;1:3:2;1:4:3;1:4:3,3,5,0,0,0,1,0,0,0,0,0,0,33,24
64788,1:2:2;1:3:2;1:4:3;1:4:3,4,0,0,0,0,1,0,0,0,0,0,0,58,24
64789,1:2:2;1:3:2;1:4:3;1:4:3,4,1,0,0,0,1,0,0,0,0,0,0,58,24
64790,1:2:2;1:3:2;1:4:3;1:4:3,4,2,0,0,0,1,0,0,0,0,0,0,58,24
64791,1:2:2;1:3:2;1:4:3;1:4:3,4,3,0,0,0,1,0,0,0,0,0,0,58,24
64792,1:2:2;1:3:2;1:4:3;1:4:3,4,4,0,0,0,1,0,0,0,0,0,0,58,24
64793,1:2:2;1:3:2;1:4:3;1:4:3,4,5,0,0,0,1,0,0,0,0,0,0,58,24
64794,1:2:2;1:3:2;1:4:3;1:4:3,5,0,0,0,0,1,0,0,0,0,0,0,86,24
64795,1:2:2;1:3:2;1:4:3;1:4:3,5,1,0,0,0,1,0,0,0,0,0,0,86,24
64796,1:2:2;1:3:2;1:4:3;1:4:3,5,2,0,0,0,1,0,0,0,0,0,0,86,24
64797,1:2:2;1:3:2;1:4:3;1:4:3,5,3,0,0,0,1,0,0,0,0,0,0,86,24
64798,1:2:2;1:3:2;1:4:3;1:4:3,5,4,0,0,0,1,0,0,0,0,0,0,86,24
64799,1:2:2;1:3:2;1:4:3;1:4:3,5,5,0,0,0,1,0,0,0,0,0,0,86,24
64800,1:2:2;1:3:3;1:3:3;1:3:3,0,0,0,0,0,1,0,0,0,0,0,0,1,24
64801,1:2:2;1:3:3;1:3:3;1:3:3,0,1,0,0,0,1,0,0,0,0,0,0,1,24
64802,1:2:2;1:3:3;1:3:3;1:3:3,0,2,0,0,0,1,0,0,0,0,0,0,1,24
64803,1:2:2;1:3:3;1:3:3;1:3:3,0,3,0,0,0,1,0,0,0,0,0,0,1,24
64804,1:2:2;1:3:3;1:3:3;1:3:3,0,4,0,0,0,1,0,0,0,0,0,0,1,24
64805,1:2:2;1:3:3;1:3:3;1:3:3,0,5,0,0,0,1,0,0,0,0,0,0,1,24
64806,1:2:2;1:3:3;1:3:3;1:3:3,1,0,0,0,0,1,0,0,0,0,0,0,5,24
64807,1:2:2;1:3:3;1:3:3;1:3:3,1,1,0,0,0,1,0,0,0,0,0,0,5,24
64808,1:2:2;1:3:3;1:3:3;1:3:3,1,2,0,0,0,1,0,0,0,0,0,0,5,24
64809,1:2:2;1:3:3;1:3:3;1:3:3,1,3,0,0,0,1,0,0,0,0,0,0,5,24
64810,1:2:2;1:3:3;1:3:3;1:3:3,1,4,0,0,0,1,0,0,0,0,0,0,5,24
64811,1:2:2;1:3:3;1:3:3;1:3:3,1,5,0,0,0,1,0,0,0,0,0,0,5,24
64812,1:2:2;1:3:3;1:3:3;1:3:3,2,0,0,0,0,1,0,0,0,0,0,0,15,24
64813,1:2:2;1:3:3;1:3:3;1:3:3,2,1,0,0,0,1,0,0,0,0,0,0,15,24
64814,1:2:2;1:3:3;1:3:3;1:3:3,2,2,0,0,0,1,0,0,0,0,0,0,15,24
64815,1:2:2;1:3:3;1:3:3;1:3:3,2,3,0,0,0,1,0,0,0,0,0,0,15,24
64816,1:2:2;1:3:3;1:3:3;1:3:3,2,4,0,0,0,1,0,0,0,0,0,0,15,24
64817,1:2:2;1:3:3;1:3:3;1:3:3,2,5,0,0,0,1,0,0,0,0,0,0,15,24
64818,1:2:2;1:3:3;1:3:3;1:3:3,3,0,0,0,0,1,0,0,0,0,0,0,34,24
64819,1:2:2;1:3:3;1:3:3;1:3:3,3,1,0,0,0,1,0,0,0,0,0,0,34,24
64820,1:2:2;1:3:3;1:3:3;1:3:3,3,2,0,0,0,1,0,0,0,0,0,0,34,24
64821,1:2:2;1:3:3;1:3:3;1:3:3,3,3,0,0,0,1,0,0,0,0,0,0,34,24
64822,1:2:2;1:3:3;1:3:3;1:3:3,3,4,0,0,0,1,0,0,0,0,0,0,34,24
64823,1:2:2;1:3:3;1:3:3;1:3:3,3,5,0,0,0,1,0,0,0,0,0,0,34,24
64824,1:2:2;1:3:3;1:3:3;1:3:3,4,0,0,0,0,1,0,0,0,0,0,0,62,24
64825,1:2:2;1:3:3;1:3:3;1:3:3,4,1,0,0,0,1,0,0,0,0,0,0,62,24
64826,1:2:2;1:3:3;1:3:3;1:3:3,4,2,0,0,0,1,0,0,0,0,0,0,62,24
64827,1:2:2;1:3:3;1:3:3;1:3:3,4,3,0,0,0,1,0,0,0,0,0,0,62,24
64828,1:2:2;1:3:3;1:3:3;1:3:3,4,4,0,0,0,1,0,0,0,0,0,0,62,24
64829,1:2:2;1:3:3;1:3:3;1:3:3,4,5,0,0,0,1,0,0,0,0,0,0,62,24
64830,1:2:2;1:3:3;1:3:3;1:3:3,5,0,0,0,0,1,0,0,0,0,0,0,96,24
64831,1:2:2;1:3:3;1:3:3;1:3:3,5,1,0,0,0,1,0,0,0,0,0,0,96,24
64832,1:2:2;1:3:3;1:3:3;1:3:3,5,2,0,0,0,1,0,0,0,0,0,0,96,24
64833,1:2:2;1:3:3;1:3:3;1:3:3,5,3,0,0,0,1,0,0,0,0,0,0,96,24
64834,1:2:2;1:3:3;1:3:3;1:3:3,5,4,0,0,0,1,0,0,0,0,0,0,96,24
64835,1:2:2;1:3:3;1:3:3;1:3:3,5,5,0,0,0,1,0,0,0,0,0,0,96,24
64836,1:2:2;1:3:3;1:3:3;1:4:3,0,0,0,0,0,1,0,0,0,0,0,0,1,24
64837,1:2:2;1:3:3;1:3:3;1:4:3,0,1,0,0,0,1,0,0,0,0,0,0,1,24
64838,1:2:2;1:3:3;1:3:3;1:4:3,0,2,0,0,0,1,0,0,0,0,0,0,1,24
64839,1:2:2;1:3:3;1:3:3;1:4:3,0,3,0,0,0,1,0,0,0,0,0,0,1,24
64840,1:2:2;1:3:3;1:3:3;1:4:3,0,4,0,0,0,1,0,0,0,0,0,0,1,24
64841,1:2:2;1:3:3;1:3:3;1:4:3,0,5,0,0,0,1,0,0,0,0,0,0,1,24
64842,1:2:2;1:3:3;1:3:3;1:4:3,1,0,0,0,0,1,0,0,0,0,0,0,5,24
64843,1:2:2;1:3:3;1:3:3;1:4:3,1,1,0,0,0,1,0,0,0,0,0,0,5,24
64844,1:2:2;1:3:3;1:3:3;1:4:3,1,2,0,0,0,1,0,0,0,0,0,0,5,24
64845,1:2:2;1:3:3;1:3:3;1:4:3,1,3,0,0,0,1,0,0,0,0,0,0,5,24
64846,1:2:2;1:3:3;1:3:3;1:4:3,1,4,0,0,0,1,0,0,0,0,0,0,5,24
64847,1:2:2;1:3:3;1:3:3;1:4:3,1,5,0,0,0,1,0,0,0,0,0,0,5,24
64848,1:2:2;1:3:3;1:3:3;1:4:3,2,0,0,0,0,1,0,0,0,0,0,0,15,24
64849,1:2:2;1:3:3;1:3:3;1:4:3,2,1,0,0,0,1,0,0,0,0,0,0,15,24
64850,1:2:2;1:3:3;1:3:3;1:4:3,2,2,0,0,0,1,0,0,0,0,0,0,15,24
64851,1:2:2;1:3:3;1:3:3;1:4:3,2,3,0,0,0,1,0,0,0,0,0,0,15,24
64852,1:2:2;1:3:3;1:3:3;1:4:3,2,4,0,0,0,1,0,0,0,0,0,0,15,24
64853,1:2:2;1:3:3;1:3:3;1:4:3,2,5,0,0,0,1,0,0,0,0,0,0,15,24
64854,1:2:2;1:3:3;1:3:3;1:4:3,3,0,0,0,0,1,0,0,0,0,0,0,34,24
64855,1:2:2;1:3:3;1:3:3;1:4:3,3,1,0,0,0,1,0,0,0,0,0,0,34,24
64856,1:2:2;1:3:3;1:3:3;1:4:3,3,2,0,0,0,1,0,0,0,0,0,0,34,24
64857,1:2:2;1:3:3;1:3:3;1:4:3,3,3,0,0,0,1,0,0,0,0,0,0,34,24
64858,1:2:2;1:3:3;1:3:3;1:4:3,3,4,0,0,0,1,0,0,0,0,0,0,34,24
64859,1:2:2;1:3:3;1:3:3;1:4:3,3,5,0,0,0,1,0,0,0,0,0,0,34,24
64860,1:2:2;1:3:3;1:3:3;1:4:3,4,0,0,0,0,1,0,0,0,0,0,0,62,24
64861,1:2:2;1:3:3;1:3:3;1:4:3,4,1,0,0,0,1,0,0,0,0,0,0,62,24
64862,1:2:2;1:3:3;1:3:3;1:4:3,4,2,0,0,0,1,0,0,0,0,0,0,62,24
64863,1:2:2;1:3:3;1:3:3;1:4:3,4,3,0,0,0,1,0,0,0,0,0,0,62,24
64864,1:2:2;1:3:3;1:3:3;1:4:3,4,4,0,0,0,1,0,0,0,0,0,0,62,24
64865,1:2:2;1:3:3;1:3:3;1:4:3,4,5,0,0,0,1,0,0,0,0,0,0,62,24
64866,1:2:2;1:3:3;1:3:3;1:4:3,5,0,0,0,0,1,0,0,0,0,0,0,96,24
64867,1:2:2;1:3:3;1:3:3;1:4:3,5,1,0,0,0,1,0,0,0,0,0,0,96,24
64868,1:2:2;1:3:3;1:3:3;1:4:3,5,2,0,0,0,1,0,0,0,0,0,0,96,24
64869,1:2:2;1:3:3;1:3:3;1:4:3,5,3,0,0,0,1,0,0,0,0,0,0,96,24
64870,1:2:2;1:3:3;1:3:3;1:4:3,5,4,0,0,0,1,0,0,0,0,0,0,96,24
64871,1:2:2;1:3:3;1:3:3;1:4:3,5,5,0,0,0,1,0,0,0,0,0,0,96,24
64872,1:2:2;1:3:3;1:4:3;1:4:3,0,0,0,0,0,1,0,0,0,0,0,0,1,24
64873,1:2:2;1:3:3;1:4:3;1:4:3,0,1,0,0,0,1,0,0,0,0,0,0,1,24
64874,1:2:2;1:3:3;1:4:3;1:4:3,0,2,0,0,0,1,0,0,0,0,0,0,1,24
64875,1:2:2;1:3:3;1:4:3;1:4:3,0,3,0,0,0,1,0,0,0,0,0,0,1,24
64876,1:2:2;1:3:3;1:4:3;1:4:3,0,4,0,0,0,1,0,0,0,0,0,0,1,24
64877,1:2:2;1:3:3;1:4:3;1:4:3,0,5,0,0,0,1,0,0,0,0,0,0,1,24
64878,1:2:2;1:3:3;1:4:3;1:4:3,1,0,0,0,0,1,0,0,0,0,0,0,5,24
64879,1:2:2;1:3:3;1:4:3;1:4:3,1,1,0,0,0,1,0,0,0,0,0,0,5,24
64880,1:2:2;1:3:3;1:4:3;1:4:3,1,2,0,0,0,1,0,0,0,0,0,0,5,24
64881,1:2:2;1:3:3;1:4:3;1:4:3,1,3,0,0,0,1,0,0,0,0,0,0,5,24
64882,1:2:2;1:3:3;1:4:3;1:4:3,1,4,0,0,0,1,0,0,0,0,0,0,5,24
64883,1:2:2;1:3:3;1:4:3;1:4:3,1,5,0,0,0,1,0,0,0,0,0,0,5,24
64884,1:2:2;1:3:3;1:4:3;1:4:3,2,0,0,0,0,1,0,0,0,0,0,0,15,24
64885,1:2:2;1:3:3;1:4:3;1:4:3,2,1,0,0,0,1,0,0,0,0,0,0,15,24
64886,1:2:2;1:3:3;1:4:3;1:4:3,2,2,0,0,0,1,0,0,0,0,0,0,15,24
64887,1:2:2;1:3:3;1:4:3;1:4:3,2,3,0,0,0,1,0,0,0,0,0,0,15,24
64888,1:2:2;1:3:3;1:4:3;1:4:3,2,4,0,0,0,1,0,0,0,0,0,0,15,24
64889,1:2:2;1:3:3;1:4:3;1:4:3,2,5,0,0,0,1,0,0,0,0,0,0,15,24
64890,1:2:2;1:3:3;1:4:3;1:4:3,3,0,0,0,0,1,0,0,0,0,0,0,34,24
64891,1:2:2;1:3:3;1:4:3;1:4:3,3,1,0,0,0,1,0,0,0,0,0,0,34,24
64892,1:2:2;1:3:3;1:4:3;1:4:3,3,2,0,0,0,1,0,0,0,0,0,0,34,24
64893,1:2:2;1:3:3;1:4:3;1:4:3,3,3,0,0,0,1,0,0,0,0,0,0,34,24
64894,1:2:2;1:3:3;1:4:3;1:4:3,3,4,0,0,0,1,0,0,0,0,0,0,34,24
64895,1:2:2;1:3:3;1:4:3;1:4:3,3,5,0,0,0,1,0,0,0,0,0,0,34,24
64896,1:2:2;1:3:3;1:4:3;1:4:3,4,0,0,0,0,1,0,0,0,0,0,0,62,24
64897,1:2:2;1:3:3;1:4:3;1:4:3,4,1,0,0,0,1,0,0,0,0,0,0,62,24
64898,1:2:2;1:3:3;1:4:3;1:4:3,4,2,0,0,0,1,0,0,0,0,0,0,62,24
64899,1:2:2;1:3:3;1:4:3;1:4:3,4,3,0,0,0,1,0,0,0,0,0,0,62,24
64900,1:2:2;1:3:3;1:4:3;1:4:3,4,4,0,0,0,1,0,0,0,0,0,0,62,24
64901,1:2:2;1:3:3;1:4:3;1:4:3,4,5,0,0,0,1,0,0,0,0,0,0,62,24
64902,1:2:2;1:3:3;1:4:3;1:4:3,5,0,0,0,0,1,0,0,0,0,0,0,96,24
64903,1:2:2;1:3:3;1:4:3;1:4:3,5,1,0,0,0,1,0,0,0,0,0,0,96,24
64904,1:2:2;1:3:3;1:4:3;1:4:3,5,2,0,0,0,1,0,0,0,0,0,0,96,24
64905,1:2:2;1:3:3;1:4:3;1:4:3,5,3,0,0,0,1,0,0,0,0,0,0,96,24
64906,1:2:2;1:3:3;1:4:3;1:4:3,5,4,0,0,0,1,0,0,0,0,0,0,96,24
64907,1:2:2;1:3:3;1:4:3;1:4:3,5,5,0,0,0,1,0,0,0,0,0,0,96,24
64908,1:2:2;1:4:3;1:4:3;1:4:3,0,0,0,0,0,1,0,0,0,0,0,0,1,24
64909,1:2:2;1:4:3;1:4:3;1:4:3,0,1,0,0,0,1,0,0,0,0,0,0,1,24
64910,1:2:2;1:4:3;1:4:3;1:4:3,0,2,0,0,0,1,0,0,0,0,0,0,1,24
64911,1:2:2;1:4:3;1:4:3;1:4:3,0,3,0,0,0,1,0,0,0,0,0,0,1,24
64912,1:2:2;1:4:3;1:4:3;1:4:3,0,4,0,0,0,1,0,0,0,0,0,0,1,24
64913,1:2:2;1:4:3;1:4:3;1:4:3,0,5,0,0,0,1,0,0,0,0,0,0,1,24
64914,1:2:2;1:4:3;1:4:3;1:4:3,1,0,0,0,0,1,0,0,0,0,0,0,5,24
64915,1:2:2;1:4:3;1:4:3;1:4:3,1,1,0,0,0,1,0,0,0,0,0,0,5,24
64916,1:2:2;1:4:3;1:4:3;1:4:3,1,2,0,0,0,1,0,0,0,0,0,0,5,24
64917,1:2:2;1:4:3;1:4:3;1:4:3,1,3,0,0,0,1,0,0,0,0,0,0,5,24
64918,1:2:2;1:4:3;1:4:3;1:4:3,1,4,0,0,0,1,0,0,0,0,0,0,5,24
64919,1:2:2;1:4:3;1:4:3;1:4:3,1,5,0,0,0,1,0,0,0,0,0,0,5,24
64920,1:2:2;1:4:3;1:4:3;1:4:3,2,0,0,0,0,1,0,0,0,0,0,0,15,24
64921,1:2:2;1:4:3;1:4:3;1:4:3,2,1,0,0,0,1,0,0,0,0,0,0,15,24
64922,1:2:2;1:4:3;1:4:3;1:4:3,2,2,0,0,0,1,0,0,0,0,0,0,15,24
64923,1:2:2;1:4:3;1:4:3;1:4:3,2,3,0,0,0,1,0,0,0,0,0,0,15,24
64924,1:2:2;1:4:3;1:4:3;1:4:3,2,4,0,0,0,1,0,0,0,0,0,0,15,24
64925,1:2:2;1:4:3;1:4:3;1:4:3,2,5,0,0,0,1,0,0,0,0,0,0,15,24
64926,1:2:2;1:4:3;1:4:3;1:4:3,3,0,0,0,0,1,0,0,0,0,0,0,34,24
64927,1:2:2;1:4:3;1:4:3;1:4:3,3,1,0,0,0,1,0,0,0,0,0,0,34,24
64928,1:2:2;1:4:3;1:4:3;1:4:3,3,2,0,0,0,1,0,0,0,0,0,0,34,24
64929,1:2:2;1:4:3;1:4:3;1:4:3,3,3,0,0,0,1,0,0,0,0,0,0,34,24
64930,1:2:2;1:4:3;1:4:3;1:4:3,3,4,0,0,0,1,0,0,0,0,0,0,34,24
64931,1:2:2;1:4:3;1:4:3;1:4:3,3,5,0,0,0,1,0,0,0,0,0,0,34,24
64932,1:2:2;1:4:3;1:4:3;1:4:3,4,0,0,0,0,1,0,0,0,0,0,0,62,24
64933,1:2:2;1:4:3;1:4:3;1:4:3,4,1,0,0,0,1,0,0,0,0,0,0,62,24
64934,1:2:2;1:4:3;1:4:3;1:4:3,4,2,0,0,0,1,0,0,0,0,0,0,62,24
64935,1:2:2;1:4:3;1:4:3;1:4:3,4,3,0,0,0,1,0,0,0,0,0,0,62,24
64936,1:2:2;1:4:3;1:4:3;1:4:3,4,4,0,0,0,1,0,0,0,0,0,0,62,24
64937,1:2:2;1:4:3;1:4:3;1:4:3,4,5,0,0,0,1,0,0,0,0,0,0,62,24
64938,1:2:2;1:4:3;1:4:3;1:4:3,5,0,0,0,0,1,0,0,0,0,0,0,96,24
64939,1:2:2;1:4:3;1:4:3;1:4:3,5,1,0,0,0,1,0,0,0,0,0,0,96,24
64940,1:2:2;1:4:3;1:4:3;1:4:3,5,2,0,0,0,1,0,0,0,0,0,0,96,24
64941,1:2:2;1:4:3;1:4:3;1:4:3,5,3,0,0,0,1,0,0,0,0,0,0,96,24
64942,1:2:2;1:4:3;1:4:3;1:4:3,5,4,0,0,0,1,0,0,0,0,0,0,96,24
64943,1:2:2;1:4:3;1:4:3;1:4:3,5,5,0,0,0,1,0,0,0,0,0,0,96,24
64944,1:3:2;1:3:2;1:3:2;1:3:2,0,0,0,0,0,1,0,0,0,0,0,0,1,24
64945,1:3:2;1:3:2;1:3:2;1:3:2,0,1,0,0,0,1,0,0,0,0,0,0,1,24
64946,1:3:2;1:3:2;1:3:2;1:3:2,0,2,0,0,0,1,0,0,0,0,0,0,1,24
64947,1:3:2;1:3:2;1:3:2;1:3:2,0,3,0,0,0,1,0,0,0,0,0,0,1,24
64948,1:3:2;1:3:2;1:3:2;1:3:2,0,4,0,0,0,1,0,0,0,0,0,0,1,24
64949,1:3:2;1:3:2;1:3:2;1:3:2,0,5,0,0,0,1,0,0,0,0,0,0,1,24
64950,1:3:2;1:3:2;1:3:2;1:3:2,1,0,0,0,0,1,0,0,0,0,0,0,5,24
64951,1:3:2;1:3:2;1:3:2;1:3:2,1,1,0,0,0,1,0,0,0,0,0,0,5,24
64952,1:3:2;1:3:2;1:3:2;1:3:2,1,2,0,0,0,1,0,0,0,0,0,0,5,24
64953,1:3:2;1:3:2;1:3:2;1:3:2,1,3,0,0,0,1,0,0,0,0,0,0,5,24
64954,1:3:2;1:3:2;1:3:2;1:3:2,1,4,0,0,0,1,0,0,0,0,0,0,5,24
64955,1:3:2;1:3:2;1:3:2;1:3:2,1,5,0,0,0,1,0,0,0,0,0,0,5,24
64956,1:3:2;1:3:2;1:3:2;1:3:2,2,0,0,0,0,1,0,0,0,0,0,0,15,24
64957,1:3:2;1:3:2;1:3:2;1:3:2,2,1,0,0,0,1,0,0,0,0,0,0,15,24
64958,1:3:2;1:3:2;1:3:2;1:3:2,2,2,0,0,0,1,0,0,0,0,0,0,15,24
64959,1:3:2;1:3:2;1:3:2;1:3:2,2,3,0,0,0,1,0,0,0,0,0,0,15,24
64960,1:3:2;1:3:2;1:3:2;1:3:2,2,4,0,0,0,1,0,0,0,0,0,0,15,24
64961,1:3:2;1:3:2;1:3:2;1:3:2,2,5,0,0,0,1,0,0,0,0,0,0,15,24
64962,1:3:2;1:3:2;1:3:2;1:3:2,3,0,0,0,0,1,0,0,0,0,0,0,31,24
64963,1:3:2;1:3:2;1:3:2;1:3:2,3,1,0,0,0,1,0,0,0,0,0,0,31,24
64964,1:3:2;1:3:2;1:3:2;1:3:2,3,2,0,0,0,1,0,0,0,0,0,0,31,24
64965,1:3:2;1:3:2;1:3:2;1:3:2,3,3,0,0,0,1,0,0,0,0,0,0,31,24
64966,1:3:2;1:3:2;1:3:2;1:3:2,3,4,0,0,0,1,0,0,0,0,0,0,31,24
64967,1:3:2;1:3:2;1:3:2;1:3:2,3,5,0,0,0,1,0,0,0,0,0,0,31,24
64968,1:3:2;1:3:2;1:3:2;1:3:2,4,0,0,0,0,1,0,0,0,0,0,0,50,24
64969,1:3:2;1:3:2;1:3:2;1:3:2,4,1,0,0,0,1,0,0,0,0,0,0,50,24
64970,1:3:2;1:3:2;1:3:2;1:3:2,4,2,0,0,0,1,0,0,0,0,0,0,50,24
64971,1:3:2;1:3:2;1:3:2;1:3:2,4,3,0,0,0,1,0,0,0,0,0,0,50,24
64972,1:3:2;1:3:2;1:3:2;1:3:2,4,4,0,0,0,1,0,0,0,0,0,0,50,24
64973,1:3:2;1:3:2;1:3:2;1:3:2,4,5,0,0,0,1,0,0,0,0,0,0,50,24
64974,1:3:2;1:3:2;1:3:2;1:3:2,5,0,0,0,0,1,0,0,0,0,0,0,66,24
64975,1:3:2;1:3:2;1:3:2;1:3:2,5,1,0,0,0,1,0,0,0,0,0,0,66,24
64976,1:3:2;1:3:2;1:3:2;1:3:2,5,2,0,0,0,1,0,0,0,0,0,0,66,24
64977,1:3:2;1:3:2;1:3:2;1:3:2,5,3,0,0,0,1,0,0,0,0,0,0,66,24
64978,1:3:2;1:3:2;1:3:2;1:3:2,5,4,0,0,0,1,0,0,0,0,0,0,66,24
64979,1:3:2;1:3:2;1:3:2;1:3:2,5,5,0,0,0,1,0,0,0,0,0,0,66,24
64980,1:3:2;1:3:2;1:3:2;1:3:3,0,0,0,0,0,1,0,0,0,0,0,0,1,24
64981,1:3:2;1:3:2;1:3:2;1:3:3,0,1,0,0,0,1,0,0,0,0,0,0,1,24
64982,1:3:2;1:3:2;1:3:2;1:3:3,0,2,0,0,0,1,0,0,0,0,0,0,1,24
64983,1:3:2;1:3:2;1:3:2;1:3:3,0,3,0,0,0,1,0,0,0,0,0,0,1,24
64984,1:3:2;1:3:2;1:3:2;1:3:3,0,4,0,0,0,1,0,0,0,0,0,0,1,24
64985,1:3:2;1:3:2;1:3:2;1:3:3,0,5,0,0,0,1,0,0,0,0,0,0,1,24
64986,1:3:2;1:3:2;1:3:2;1:3:3,1,0,0,0,0,1,0,0,0,0,0,0,5,24
64987,1:3:2;1:3:2;1:3:2;1:3:3,1,1,0,0,0,1,0,0,0,0,0,0,5,24
64988,1:3:2;1:3:2;1:3:2;1:3:3,1,2,0,0,0,1,0,0,0,0,0,0,5,24
64989,1:3:2;1:3:2;1:3:2;1:3:3,1,3,0,0,0,1,0,0,0,0,0,0,5,24
64990,1:3:2;1:3:2;1:3:2;1:3:3,1,4,0,0,0,1,0,0,0,0,0,0,5,24
64991,1:3:2;1:3:2;1:3:2;1:3:3,1,5,0,0,0,1,0,0,0,0,0,0,5,24
64992,1:3:2;1:3:2;1:3:2;1:3:3,2,0,0,0,0,1,0,0,0,0,0,0,15,24
64993,1:3:2;1:3:2;1:3:2;1:3:3,2,1,0,0,0,1,0,0,0,0,0,0,15,24
64994,1:3:2;1:3:2;1:3:2;1:3:3,2,2,0,0,0,1,0,0,0,0,0,0,15,24
64995,1:3:2;1:3:2;1:3:2;1:3:3,2,3,0,0,0,1,0,0,0,0,0,0,15,24
64996,1:3:2;1:3:2;1:3:2;1:3:3,2,4,0,0,0,1,0,0,0,0,0,0,15,24
64997,1:3:2;1:3:2;1:3:2;1:3:3,2,5,0,0,0,1,0,0,0,0,0,0,15,24
64998,1:3:2;1:3:2;1:3:2;1:3:3,3,0,0,0,0,1,0,0,0,0,0,0,32,24
64999,1:3:2;1:3:2;1:3:2;1:3:3,3,1,0,0,0,1,0,0,0,0,0,0,32,24
65000,1:3:2;1:3:2;1:3:2;1:3:3,3,2,0,0,0,1,0,0,0,0,0,0,32,24
65001,1:3:2;1:3:2;1:3:2;1:3:3,3,3,0,0,0,1,0,0,0,0,0,0,32,24
65002,1:3:2;1:3:2;1:3:2;1:3:3,3,4,0,0,0,1,0,0,0,0,0,0,32,24
65003,1:3:2;1:3:2;1:3:2;1:3:3,3,5,0,0,0,1,0,0,0,0,0,0,32,24
65004,1:3:2;1:3:2;1:3:2;1:3:3,4,0,0,0,0,1,0,0,0,0,0,0,54,24
65005,1:3:2;1:3:2;1:3:2;1:3:3,4,1,0,0,0,1,0,0,0,0,0,0,54,24
65006,1:3:2;1:3:2;1:3:2;1:3:3,4,2,0,0,0,1,0,0,0,0,0,0,54,24
65007,1:3:2;1:3:2;1:3:2;1:3:3,4,3,0,0,0,1,0,0,0,0,0,0,54,24
65008,1:3:2;1:3:2;1:3:2;1:3:3,4,4,0,0,0,1,0,0,0,0,0,0,54,24
65009,1:3:2;1:3:2;1:3:2;1:3:3,4,5,0,0,0,1,0,0,0,0,0,0,54,24
65010,1:3:2;1:3:2;1:3:2;1:3:3,5,0,0,0,0,1,0,0,0,0,0,0,76,24
65011,1:3:2;1:3:2;1:3:2;1:3:3,5,1,0,0,0,1,0,0,0,0,0,0,76,24
65012,1:3:2;1:3:2;1:3:2;1:3:3,5,2,0,0,0,1,0,0,0,0,0,0,76,24
65013,1:3:2;1:3:2;1:3:2;1:3:3,5,3,0,0,0,1,0,0,0,0,0,0,76,24
65014,1:3:2;1:3:2;1:3:2;1:3:3,5,4,0,0,0,1,0,0,0,0,0,0,76,24
65015,1:3:2;1:3:2;1:3:2;1:3:3,5,5,0,0,0,1,0,0,0,0,0,0,76,24
65016,1:3:2;1:3:2;1:3:2;1:4:3,0,0,0,0,0,1,0,0,0,0,0,0,1,24
65017,1:3:2;1:3:2;1:3:2;1:4:3,0,1,0,0,0,1,0,0,0,0,0,0,1,24
65018,1:3:2;1:3:2;1:3:2;1:4:3,0,2,0,0,0,1,0,0,0,0,0,0,1,24
65019,1:3:2;1:3:2;1:3:2;1:4:3,0,3,0,0,0,1,0,0,0,0,0,0,1,24
65020,1:3:2;1:3:2;1:3:2;1:4:3,0,4,0,0,0,1,0,0,0,0,0,0,1,24
65021,1:3:2;1:3:2;1:3:2;1:4:3,0,5,0,0,0,1,0,0,0,0,0,0,1,24
65022,1:3:2;1:3:2;1:3:2;1:4:3,1,0,0,0,0,1,0,0,0,0,0,0,5,24
65023,1:3:2;1:3:2;1:3:2;1:4:3,1,1,0,0,0,1,0,0,0,0,0,0,5,24
65024,1:3:2;1:3:2;1:3:2;1:4:3,1,2,0,0,0,1,0,0,0,0,0,0,5,24
65025,1:3:2;1:3:2;1:3:2;1:4:3,1,3,0,0,0,1,0,0,0,0,0,0,5,24
65026,1:3:2;1:3:2;1:3:2;1:4:3,1,4,0,0,0,1,0,0,0,0,0,0,5,24
65027,1:3:2;1:3:2;1:3:2;1:4:3,1,5,0,0,0,1,0,0,0,0,0,0,5,24
65028,1:3:2;1:3:2;1:3:2;1:4:3,2,0,0,0,0,1,0,0,0,0,0,0,15,24
65029,1:3:2;1:3:2;1:3:2;1:4:3,2,1,0,0,0,1,0,0,0,0,0,0,15,24
65030,1:3:2;1:3:2;1:3:2;1:4:3,2,2,0,0,0,1,0,0,0,0,0,0,15,24
65031,1:3:2;1:3:2;1:3:2;1:4:3,2,3,0,0,0,1,0,0,0,0,0,0,15,24
65032,1:3:2;1:3:2;1:3:2;1:4:3,2,4,0,0,0,1,0,0,0,0,0,0,15,24
65033,1:3:2;1:3:2;1:3:2;1:4:3,2,5,0,0,0,1,0,0,0,0,0,0,15,24
65034,1:3:2;1:3:2;1:3:2;1:4:3,3,0,0,0,0,1,0,0,0,0,0,0,32,24
65035,1:3:2;1:3:2;1:3:2;1:4:3,3,1,0,0,0,1,0,0,0,0,0,0,32,24
65036,1:3:2;1:3:2;1:3:2;1:4:3,3,2,0,0,0,1,0,0,0,0,0,0,32,24
65037,1:3:2;1:3:2;1:3:2;1:4:3,3,3,0,0,0,1,0,0,0,0,0,0,32,24
65038,1:3:2;1:3:2;1:3:2;1:4:3,3,4,0,0,0,1,0,0,0,0,0,0,32,24
65039,1:3:2;1:3:2;1:3:2;1:4:3,3,5,0,0,0,1,0,0,0,0,0,0,32,24
65040,1:3:2;1:3:2;1:3:2;1:4:3,4,0,0,0,0,1,0,0,0,0,0,0,54,24
65041,1:3:2;1:3:2;1:3:2;1:4:3,4,1,0,0,0,1,0,0,0,0,0,0,54,24
65042,1:3:2;1:3:2;1:3:2;1:4:3,4,2,0,0,0,1,0,0,0,0,0,0,54,24
65043,1:3:2;1:3:2;1:3:2;1:4:3,4,3,0,0,0,1,0,0,0,0,0,0,54,24
65044,1:3:2;1:3:2;1:3:2;1:4:3,4,4,0,0,0,1,0,0,0,0,0,0,54,24
65045,1:3:2;1:3:2;1:3:2;1:4:3,4,5,0,0,0,1,0,0,0,0,0,0,54,24
65046,1:3:2;1:3:2;1:3:2;1:4:3,5,0,0,0,0,1,0,0,0,0,0,0,76,24
65047,1:3:2;1:3:2;1:3:2;1:4:3,5,1,0,0,0,1,0,0,0,0,0,0,76,24
65048,1:3:2;1:3:2;1:3:2;1:4:3,5,2,0,0,0,1,0,0,0,0,0,0,76,24
65049,1:3:2;1:3:2;1:3:2;1:4:3,5,3,0,0,0,1,0,0,0,0,0,0,76,24
65050,1:3:2;1:3:2;1:3:2;1:4:3,5,4,0,0,0,1,0,0,0,0,0,0,76,24
65051,1:3:2;1:3:2;1:3:2;1:4:3,5,5,0,0,0,1,0,0,0,0,0,0,76,24
65052,1:3:2;1:3:2;1:3:3;1:3:3,0,0,0,0,0,1,0,0,0,0,0,0,1,24
65053,1:3:2;1:3:2;1:3:3;1:3:3,0,1,0,0,0,1,0,0,0,0,0,0,1,24
65054,1:3:2;1:3:2;1:3:3;1:3:3,0,2,0,0,0,1,0,0,0,0,0,0,1,24
65055,1:3:2;1:3:2;1:3:3;1:3:3,0,3,0,0,0,1,0,0,0,0,0,0,1,24
65056,1:3:2;1:3:2;1:3:3;1:3:3,0,4,0,0,0,1,0,0,0,0,0,0,1,24
65057,1:3:2;1:3:2;1:3:3;1:3:3,0,5,0,0,0,1,0,0,0,0,0,0,1,24
65058,1:3:2;1:3:2;1:3:3;1:3:3,1,0,0,0,0,1,0,0,0,0,0,0,5,24
65059,1:3:2;1:3:2;1:3:3;1:3:3,1,1,0,0,0,1,0,0,0,0,0,0,5,24
65060,1:3:2;1:3:2;1:3:3;1:3:3,1,2,0,0,0,1,0,0,0,0,0,0,5,24
65061,1:3:2;1:3:2;1:3:3;1:3:3,1,3,0,0,0,1,0,0,0,0,0,0,5,24
65062,1:3:2;1:3:2;1:3:3;1:3:3,1,4,0,0,0,1,0,0,0,0,0,0,5,24
65063,1:3:2;1:3:2;1:3:3;1:3:3,1,5,0,0,0,1,0,0,0,0,0,0,5,24
65064,1:3:2;1:3:2;1:3:3;1:3:3,2,0,0,0,0,1,0,0,0,0,0,0,15,24
65065,1:3:2;1:3:2;1:3:3;1:3:3,2,1,0,0,0,1,0,0,0,0,0,0,15,24
65066,1:3:2;1:3:2;1:3:3;1:3:3,2,2,0,0,0,1,0,0,0,0,0,0,15,24
65067,1:3:2;1:3:2;1:3:3;1:3:3,2,3,0,0,0,1,0,0,0,0,0,0,15,24
65068,1:3:2;1:3:2;1:3:3;1:3:3,2,4,0,0,0,1,0,0,0,0,0,0,15,24
65069,1:3:2;1:3:2;1:3:3;1:3:3,2,5,0,0,0,1,0,0,0,0,0,0,15,24
65070,1:3:2;1:3:2;1:3:3;1:3:3,3,0,0,0,0,1,0,0,0,0,0,0,33,24
65071,1:3:2;1:3:2;1:3:3;1:3:3,3,1,0,0,0,1,0,0,0,0,0,0,33,24
65072,1:3:2;1:3:2;1:3:3;1:3:3,3,2,0,0,0,1,0,0,0,0,0,0,33,24
65073,1:3:2;1:3:2;1:3:3;1:3:3,3,3,0,0,0,1,0,0,0,0,0,0,33,24
65074,1:3:2;1:3:2;1:3:3;1:3:3,3,4,0,0,0,1,0,0,0,0,0,0,33,24
65075,1:3:2;1:3:2;1:3:3;1:3:3,3,5,0,0,0,1,0,0,0,0,0,0,33,24
65076,1:3:2;1:3:2;1:3:3;1:3:3,4,0,0,0,0,1,0,0,0,0,0,0,58,24
65077,1:3:2;1:3:2;1:3:3;1:3:3,4,1,0,0,0,1,0,0,0,0,0,0,58,24
65078,1:3:2;1:3:2;1:3:3;1:3:3,4,2,0,0,0,1,0,0,0,0,0,0,58,24
65079,1:3:2;1:3:2;1:3:3;1:3:3,4,3,0,0,0,1,0,0,0,0,0,0,58,24
65080,1:3:2;1:3:2;1:3:3;1:3:3,4,4,0,0,0,1,0,0,0,0,0,0,58,24
65081,1:3:2;1:3:2;1:3:3;1:3:3,4,5,0,0,0,1,0,0,0,0,0,0,58,24
65082,1:3:2;1:3:2;1:3:3;1:3:3,5,0,0,0,0,1,0,0,0,0,0,0,86,24
65083,1:3:2;1:3:2;1:3:3;1:3:3,5,1,0,0,0,1,0,0,0,0,0,0,86,24
65084,1:3:2;1:3:2;1:3:3;1:3:3,5,2,0,0,0,1,0,0,0,0,0,0,86,24
65085,1:3:2;1:3:2;1:3:3;1:3:3,5,3,0,0,0,1,0,0,0,0,0,0,86,24
65086,1:3:2;1:3:2;1:3:3;1:3:3,5,4,0,0,0,1,0,0,0,0,0,0,86,24
65087,1:3:2;1:3:2;1:3:3;1:3:3,5,5,0,0,0,1,0,0,0,0,0,0,86,24
65088,1:3:2;1:3:2;1:3:3;1:4:3,0,0,0,0,0,1,0,0,0,0,0,0,1,24
65089,1:3:2;1:3:2;1:3:3;1:4:3,0,1,0,0,0,1,0,0,0,0,0,0,1,24
65090,1:3:2;1:3:2;1:3:3;1:4:3,0,2,0,0,0,1,0,0,0,0,0,0,1,24
65091,1:3:2;1:3:2;1:3:3;1:4:3,0,3,0,0,0,1,0,0,0,0,0,0,1,24
65092,1:3:2;1:3:2;1:3:3;1:4:3,0,4,0,0,0,1,0,0,0,0,0,0,1,24
65093,1:3:2;1:3:2;1:3:3;1:4:3,0,5,0,0,0,1,0,0,0,0,0,0,1,24
65094,1:3:2;1:3:2;1:3:3;1:4:3,1,0,0,0,0,1,0,0,0,0,0,0,5,24
65095,1:3:2;1:3:2;1:3:3;1:4:3,1,1,0,0,0,1,0,0,0,0,0,0,5,24
65096,1:3:2;1:3:2;1:3:3;1:4:3,1,2,0,0,0,1,0,0,0,0,0,0,5,24
65097,1:3:2;1:3:2;1:3:3;1:4:3,1,3,0,0,0,1,0,0,0,0,0,0,5,24
65098,1:3:2;1:3:2;1:3:3;1:4:3,1,4,0,0,0,1,0,0,0,0,0,0,5,24
65099,1:3:2;1:3:2;1:3:3;1:4:3,1,5,0,0,0,1,0,0,0,0,0,0,5,24
65100,1:3:2;1:3:2;1:3:3;1:4:3,2,0,0,0,0,1,0,0,0,0,0,0,15,24
65101,1:3:2;1:3:2;1:3:3;1:4:3,2,1,0,0,0,1,0,0,0,0,0,0,15,24
65102,1:3:2;1:3:2;1:3:3;1:4:3,2,2,0,0,0,1,0,0,0,0,0,0,15,24
65103,1:3:2;1:3:2;1:3:3;1:4:3,2,3,0,0,0,1,0,0,0,0,0,0,15,24
65104,1:3:2;1:3:2;1:3:3;1:4:3,2,4,0,0,0,1,0,0,0,0,0,0,15,24
65105,1:3:2;1:3:2;1:3:3;1:4:3,2,5,0,0,0,1,0,0,0,0,0,0,15,24
65106,1:3:2;1:3:2;1:3:3;1:4:3,3,0,0,0,0,1,0,0,0,0,0,0,33,24
65107,1:3:2;1:3:2;1:3:3;1:4:3,3,1,0,0,0,1,0,0,0,0,0,0,33,24
65108,1:3:2;1:3:2;1:3:3;1:4:3,3,2,0,0,0,1,0,0,0,0,0,0,33,24
65109,1:3:2;1:3:2;1:3:3;1:4:3,3,3,0,0,0,1,0,0,0,0,0,0,33,24
65110,1:3:2;1:3:2;1:3:3;1:4:3,3,4,0,0,0,1,0,0,0,0,0,0,33,24
65111,1:3:2;1:3:2;1:3:3;1:4:3,3,5,0,0,0,1,0,0,0,0,0,0,33,24
65112,1:3:2;1:3:2;1:3:3;1:4:3,4,0,0,0,0,1,0,0,0,0,0,0,58,24
65113,1:3:2;1:3:2;1:3:3;1:4:3,4,1,0,0,0,1,0,0,0,0,0,0,58,24
65114,1:3:2;1:3:2;1:3:3;1:4:3,4,2,0,0,0,1,0,0,0,0,0,0,58,24
65115,1:3:2;1:3:2;1:3:3;1:4:3,4,3,0,0,0,1,0,0,0,0,0,0,58,24
65116,1:3:2;1:3:2;1:3:3;1:4:3,4,4,0,0,0,1,0,0,0,0,0,0,58,24
65117,1:3:2;1:3:2;1:3:3;1:4:3,4,5,0,0,0,1,0,0,0,0,0,0,58,24
65118,1:3:2;1:3:2;1:3:3;1:4:3,5,0,0,0,0,1,0,0,0,0,0,0,86,24
65119,1:3:2;1:3:2;1:3:3;1:4:3,5,1,0,0,0,1,0,0,0,0,0,0,86,24
65120,1:3:2;1:3:2;1:3:3;1:4:3,5,2,0,0,0,1,0,0,0,0,0,0,86,24
65121,1:3:2;1:3:2;1:3:3;1:4:3,5,3,0,0,0,1,0,0,0,0,0,0,86,24
65122,1:3:2;1:3:2;1:3:3;1:4:3,5,4,0,0,0,1,0,0,0,0,0,0,86,24
65123,1:3:2;1:3:2;1:3:3;1:4:3,5,5,0,0,0,1,0,0,0,0,0,0,86,24
65124,1:3:2;1:3:2;1:4:3;1:4:3,0,0,0,0,0,1,0,0,0,0,0,0,1,24
65125,1:3:2;1:3:2;1:4:3;1:4:3,0,1,0,0,0,1,0,0,0,0,0,0,1,24
65126,1:3:2;1:3:2;1:4:3;1:4:3,0,2,0,0,0,1,0,0,0,0,0,0,1,24
65127,1:3:2;1:3:2;1:4:3;1:4:3,0,3,0,0,0,1,0,0,0,0,0,0,1,24
65128,1:3:2;1:3:2;1:4:3;1:4:3,0,4,0,0,0,1,0,0,0,0,0,0,1,24
65129,1:3:2;1:3:2;1:4:3;1:4:3,0,5,0,0,0,1,0,0,0,0,0,0,1,24
65130,1:3:2;1:3:2;1:4:3;1:4:3,1,0,0,0,0,1,0,0,0,0,0,0,5,24
65131,1:3:2;1:3:2;1:4:3;1:4:3,1,1,0,0,0,1,0,0,0,0,0,0,5,24
65132,1:3:2;1:3:2;1:4:3;1:4:3,1,2,0,0,0,1,0,0,0,0,0,0,5,24
65133,1:3:2;1:3:2;1:4:3;1:4:3,1,3,0,0,0,1,0,0,0,0,0,0,5,24
65134,1:3:2;1:3:2;1:4:3;1:4:3,1,4,0,0,0,1,0,0,0,0,0,0,5,24
65135,1:3:2;1:3:2;1:4:3;1:4:3,1,5,0,0,0,1,0,0,0,0,0,0,5,24
65136,1:3:2;1:3:2;1:4:3;1:4:3,2,0,0,0,0,1,0,0,0,0,0,0,15,24
65137,1:3:2;1:3:2;1:4:3;1:4:3,2,1,0,0,0,1,0,0,0,0,0,0,15,24
65138,1:3:2;1:3:2;1:4:3;1:4:3,2,2,0,0,0,1,0,0,0,0,0,0,15,24
65139,1:3:2;1:3:2;1:4:3;1:4:3,2,3,0,0,0,1,0,0,0,0,0,0,15,24
65140,1:3:2;1:3:2;1:4:3;1:4:3,2,4,0,0,0,1,0,0,0,0,0,0,15,24
65141,1:3:2;1:3:2;1:4:3;1:4:3,2,5,0,0,0,1,0,0,0,0,0,0,15,24
65142,1:3:2;1:3:2;1:4:3;1:4:3,3,0,0,0,0,1,0,0,0,0,0,0,33,24
65143,1:3:2;1:3:2;1:4:3;1:4:3,3,1,0,0,0,1,0,0,0,0,0,0,33,24
65144,1:3:2;1:3:2;1:4:3;1:4:3,3,2,0,0,0,1,0,0,0,0,0,0,33,24
65145,1:3:2;1:3:2;1:4:3;1:4:3,3,3,0,0,0,1,0,0,0,0,0,0,33,24
65146,1:3:2;1:3:2;1:4:3;1:4:3,3,4,0,0,0,1,0,0,0,0,0,0,33,24
65147,1:3:2;1:3:2;1:4:3;1:4:3,3,5,0,0,0,1,0,0,0,0,0,0,33,24
65148,1:3:2;1:3:2;1:4:3;1:4:3,4,0,0,0,0,1,0,0,0,0,0,0,58,24
65149,1:3:2;1:3:2;1:4:3;1:4:3,4,1,0,0,0,1,0,0,0,0,0,0,58,24
65150,1:3:2;1:3:2;1:4:3;1:4:3,4,2,0,0,0,1,0,0,0,0,0,0,58,24
65151,1:3:2;1:3:2;1:4:3;1:4:3,4,3,0,0,0,1,0,0,0,0,0,0,58,24
65152,1:3:2;1:3:2;1:4:3;1:4:3,4,4,0,0,0,1,0,0,0,0,0,0,58,24
65153,1:3:2;1:3:2;1:4:3;1:4:3,4,5,0,0,0,1,0,0,0,0,0,0,58,24
65154,1:3:2;1:3:2;1:4:3;1:4:3,5,0,0,0,0,1,0,0,0,0,0,0,86,24
65155,1:3:2;1:3:2;1:4:3;1:4:3,5,1,0,0,0,1,0,0,0,0,0,0,86,24
65156,1:3:2;1:3:2;1:4:3;1:4:3,5,2,0,0,0,1,0,0,0,0,0,0,86,24
65157,1:3:2;1:3:2;1:4:3;1:4:3,5,3,0,0,0,1,0,0,0,0,0,0,86,24
65158,1:3:2;1:3:2;1:4:3;1:4:3,5,4,0,0,0,1,0,0,0,0,0,0,86,24
65159,1:3:2;1:3:2;1:4:3;1:4:3,5,5,0,0,0,1,0,0,0,0,0,0,86,24
65160,1:3:2;1:3:3;1:3:3;1:3:3,0,0,0,0,0,1,0,0,0,0,0,0,1,24
65161,1:3:2;1:3:3;1:3:3;1:3:3,0,1,0,0,0,1,0,0,0,0,0,0,1,24
65162,1:3:2;1:3:3;1:3:3;1:3:3,0,2,0,0,0,1,0,0,0,0,0,0,1,24
65163,1:3:2;1:3:3;1:3:3;1:3:3,0,3,0,0,0,1,0,0,0,0,0,0,1,24
65164,1:3:2;1:3:3;1:3:3;1:3:3,0,4,0,0,0,1,0,0,0,0,0,0,1,24
65165,1:3:2;1:3:3;1:3:3;1:3:3,0,5,0,0,0,1,0,0,0,0,0,0,1,24
65166,1:3:2;1:3:3;1:3:3;1:3:3,1,0,0,0,0,1,0,0,0,0,0,0,5,24
65167,1:3:2;1:3:3;1:3:3;1:3:3,1,1,0,0,0,1,0,0,0,0,0,0,5,24
65168,1:3:2;1:3:3;1:3:3;1:3:3,1,2,0,0,0,1,0,0,0,0,0,0,5,24
65169,1:3:2;1:3:3;1:3:3;1:3:3,1,3,0,0,0,1,0,0,0,0,0,0,5,24
65170,1:3:2;1:3:3;1:3:3;1:3:3,1,4,0,0,0,1,0,0,0,0,0,0,5,24
65171,1:3:2;1:3:3;1:3:3;1:3:3,1,5,0,0,0,1,0,0,0,0,0,0,5,24
65172,1:3:2;1:3:3;1:3:3;1:3:3,2,0,0,0,0,1,0,0,0,0,0,0,15,24
65173,1:3:2;1:3:3;1:3:3;1:3:3,2,1,0,0,0,1,0,0,0,0,0,0,15,24
65174,1:3:2;1:3:3;1:3:3;1:3:3,2,2,0,0,0,1,0,0,0,0,0,0,15,24
65175,1:3:2;1:3:3;1:3:3;1:3:3,2,3,0,0,0,1,0,0,0,0,0,0,15,24
65176,1:3:2;1:3:3;1:3:3;1:3:3,2,4,0,0,0,1,0,0,0,0,0,0,15,24
65177,1:3:2;1:3:3;1:3:3;1:3:3,2,5,0,0,0,1,0,0,0,0,0,0,15,24
65178,1:3:2;1:3:3;1:3:3;1:3:3,3,0,0,0,0,1,0,0,0,0,0,0,34,24
65179,1:3:2;1:3:3;1:3:3;1:3:3,3,1,0,0,0,1,0,0,0,0,0,0,34,24
65180,1:3:2;1:3:3;1:3:3;1:3:3,3,2,0,0,0,1,0,0,0,0,0,0,34,24
65181,1:3:2;1:3:3;1:3:3;1:3:3,3,3,0,0,0,1,0,0,0,0,0,0,34,24
65182,1:3:2;1:3:3;1:3:3;1:3:3,3,4,0,0,0,1,0,0,0,0,0,0,34,24
65183,1:3:2;1:3:3;1:3:3;1:3:3,3,5,0,0,0,1,0,0,0,0,0,0,34,24
65184,1:3:2;1:3:3;1:3:3;1:3:3,4,0,0,0,0,1,0,0,0,0,0,0,62,24
65185,1:3:2;1:3:3;1:3:3;1:3:3,4,1,0,0,0,1,0,0,0,0,0,0,62,24
65186,1:3:2;1:3:3;1:3:3;1:3:3,4,2,0,0,0,1,0,0,0,0,0,0,62,24
65187,1:3:2;1:3:3;1:3:3;1:3:3,4,3,0,0,0,1,0,0,0,0,0,0,62,24
65188,1:3:2;1:3:3;1:3:3;1:3:3,4,4,0,0,0,1,0,0,0,0,0,0,62,24
65189,1:3:2;1:3:3;1:3:3;1:3:3,4,5,0,0,0,1,0,0,0,0,0,0,62,24
65190,1:3:2;1:3:3;1:3:3;1:3:3,5,0,0,0,0,1,0,0,0,0,0,0,96,24
65191,1:3:2;1:3:3;1:3:3;1:3:3,5,1,0,0,0,1,0,0,0,0,0,0,96,24
65192,1:3:2;1:3:3;1:3:3;1:3:3,5,2,0,0,0,1,0,0,0,0,0,0,96,24
65193,1:3:2;1:3:3;1:3:3;1:3:3,5,3,0,0,0,1,0,0,0,0,0,0,96,24
65194,1:3:2;1:3:3;1:3:3;1:3:3,5,4,0,0,0,1,0,0,0,0,0,0,96,24
65195,1:3:2;1:3:3;1:3:3;1:3:3,5,5,0,0,0,1,0,0,0,0,0,0,96,24
65196,1:3:2;1:3:3;1:3:3;1:4:3,0,0,0,0,0,1,0,0,0,0,0,0,1,24
65197,1:3:2;1:3:3;1:3:3;1:4:3,0,1,0,0,0,1,0,0,0,0,0,0,1,24
65198,1:3:2;1:3:3;1:3:3;1:4:3,0,2,0,0,0,1,0,0,0,0,0,0,1,24
65199,1:3:2;1:3:3;1:3:3;1:4:3,0,3,0,0,0,1,0,0,0,0,0,0,1,24
65200,1:3:2;1:3:3;1:3:3;1:4:3,0,4,0,0,0,1,0,0,0,0,0,0,1,24
65201,1:3:2;1:3:3;1:3:3;1:4:3,0,5,0,0,0,1,0,0,0,0,0,0,1,24
65202,1:3:2;1:3:3;1:3:3;1:4:3,1,0,0,0,0,1,0,0,0,0,0,0,5,24
65203,1:3:2;1:3:3;1:3:3;1:4:3,1,1,0,0,0,1,0,0,0,0,0,0,5,24
65204,1:3:2;1:3:3;1:3:3;1:4:3,1,2,0,0,0,1,0,0,0,0,0,0,5,24
65205,1:3:2;1:3:3;1:3:3;1:4:3,1,3,0,0,0,1,0,0,0,0,0,0,5,24
65206,1:3:2;1:3:3;1:3:3;1:4:3,1,4,0,0,0,1,0,0,0,0,0,0,5,24
65207,1:3:2;1:3:3;1:3:3;1:4:3,1,5,0,0,0,1,0,0,0,0,0,0,5,24
65208,1:3:2;1:3:3;1:3:3;1:4:3,2,0,0,0,0,1,0,0,0,0,0,0,15,24
65209,1:3:2;1:3:3;1:3:3;1:4:3,2,1,0,0,0,1,0,0,0,0,0,0,15,24
65210,1:3:2;1:3:3;1:3:3;1:4:3,2,2,0,0,0,1,0,0,0,0,0,0,15,24
65211,1:3:2;1:3:3;1:3:3;1:4:3,2,3,0,0,0,1,0,0,0,0,0,0,15,24
65212,1:3:2;1:3:3;1:3:3;1:4:3,2,4,0,0,0,1,0,0,0,0,0,0,15,24
65213,1:3:2;1:3:3;1:3:3;1:4:3,2,5,0,0,0,1,0,0,0,0,0,0,15,24
65214,1:3:2;1:3:3;1:3:3;1:4:3,3,0,0,0,0,1,0,0,0,0,0,0,34,24
65215,1:3:2;1:3:3;1:3:3;1:4:3,3,1,0,0,0,1,0,0,0,0,0,0,34,24
65216,1:3:2;1:3:3;1:3:3;1:4:3,3,2,0,0,0,1,0,0,0,0,0,0,34,24
65217,1:3:2;1:3:3;1:3:3;1:4:3,3,3,0,0,0,1,0,0,0,0,0,0,34,24
65218,1:3:2;1:3:3;1:3:3;1:4:3,3,4,0,0,0,1,0,0,0,0,0,0,34,24
65219,1:3:2;1:3:3;1:3:3;1:4:3,3,5,0,0,0,1,0,0,0,0,0,0,34,24
65220,1:3:2;1:3:3;1:3:3;1:4:3,4,0,0,0,0,1,0,0,0,0,0,0,62,24
65221,1:3:2;1:3:3;1:3:3;1:4:3,4,1,0,0,0,1,0,0,0,0,0,0,62,24
65222,1:3:2;1:3:3;1:3:3;1:4:3,4,2,0,0,0,1,0,0,0,0,0,0,62,24
65223,1:3:2;1:3:3;1:3:3;1:4:3,4,3,0,0,0,1,0,0,0,0,0,0,62,24
65224,1:3:2;1:3:3;1:3:3;1:4:3,4,4,0,0,0,1,0,0,0,0,0,0,62,24
65225,1:3:2;1:3:3;1:3:3;1:4:3,4,5,0,0,0,1,0,0,0,0,0,0,62,24
65226,1:3:2;1:3:3;1:3:3;1:4:3,5,0,0,0,0,1,0,0,0,0,0,0,96,24
65227,1:3:2;1:3:3;1:3:3;1:4:3,5,1,0,0,0,1,0,0,0,0,0,0,96,24
65228,1:3:2;1:3:3;1:3:3;1:4:3,5,2,0,0,0,1,0,0,0,0,0,0,96,24
65229,1:3:2;1:3:3;1:3:3;1:4:3,5,3,0,0,0,1,0,0,0,0,0,0,96,24
65230,1:3:2;1:3:3;1:3:3;1:4:3,5,4,0,0,0,1,0,0,0,0,0,0,96,24
65231,1:3:2;1:3:3;1:3:3;1:4:3,5,5,0,0,0,1,0,0,0,0,0,0,96,24
65232,1:3:2;1:3:3;1:4:3;1:4:3,0,0,0,0,0,1,0,0,0,0,0,0,1,24
65233,1:3:2;1:3:3;1:4:3;1:4:3,0,1,0,0,0,1,0,0,0,0,0,0,1,24
65234,1:3:2;1:3:3;1:4:3;1:4:3,0,2,0,0,0,1,0,0,0,0,0,0,1,24
65235,1:3:2;1:3:3;1:4:3;1:4:3,0,3,0,0,0,1,0,0,0,0,0,0,1,24
65236,1:3:2;1:3:3;1:4:3;1:4:3,0,4,0,0,0,1,0,0,0,0,0,0,1,24
65237,1:3:2;1:3:3;1:4:3;1:4:3,0,5,0,0,0,1,0,0,0,0,0,0,1,24
65238,1:3:2;1:3:3;1:4:3;1:4:3,1,0,0,0,0,1,0,0,0,0,0,0,5,24
65239,1:3:2;1:3:3;1:4:3;1:4:3,1,1,0,0,0,1,0,0,0,0,0,0,5,24
65240,1:3:2;1:3:3;1:4:3;1:4:3,1,2,0,0,0,1,0,0,0,0,0,0,5,24
65241,1:3:2;1:3:3;1:4:3;1:4:3,1,3,0,0,0,1,0,0,0,0,0,0,5,24
65242,1:3:2;1:3:3;1:4:3;1:4:3,1,4,0,0,0,1,0,0,0,0,0,0,5,24
65243,1:3:2;1:3:3;1:4:3;1:4:3,1,5,0,0,0,1,0,0,0,0,0,0,5,24
65244,1:3:2;1:3:3;1:4:3;1:4:3,2,0,0,0,0,1,0,0,0,0,0,0,15,24
65245,1:3:2;1:3:3;1:4:3;1:4:3,2,1,0,0,0,1,0,0,0,0,0,0,15,24
65246,1:3:2;1:3:3;1:4:3;1:4:3,2,2,0,0,0,1,0,0,0,0,0,0,15,24
65247,1:3:2;1:3:3;1:4:3;1:4:3,2,3,0,0,0,1,0,0,0,0,0,0,15,24
65248,1:3:2;1:3:3;1:4:3;1:4:3,2,4,0,0,0,1,0,0,0,0,0,0,15,24
65249,1:3:2;1:3:3;1:4:3;1:4:3,2,5,0,0,0,1,0,0,0,0,0,0,15,24
65250,1:3:2;1:3:3;1:4:3;1:4:3,3,0,0,0,0,1,0,0,0,0,0,0,34,24
65251,1:3:2;1:3:3;1:4:3;1:4:3,3,1,0,0,0,1,0,0,0,0,0,0,34,24
65252,1:3:2;1:3:3;1:4:3;1:4:3,3,2,0,0,0,1,0,0,0,0,0,0,34,24
65253,1:3:2;1:3:3;1:4:3;1:4:3,3,3,0,0,0,1,0,0,0,0,0,0,34,24
65254,1:3:2;1:3:3;1:4:3;1:4:3,3,4,0,0,0,1,0,0,0,0,0,0,34,24
65255,1:3:2;1:3:3;1:4:3;1:4:3,3,5,0,0,0,1,0,0,0,0,0,0,34,24
65256,1:3:2;1:3:3;1:4:3;1:4:3,4,0,0,0,0,1,0,0,0,0,0,0,62,24
65257,1:3:2;1:3:3;1:4:3;1:4:3,4,1,0,0,0,1,0,0,0,0,0,0,62,24
65258,1:3:2;1:3:3;1:4:3;1:4:3,4,2,0,0,0,1,0,0,0,0,0,0,62,24
65259,1:3:2;1:3:3;1:4:3;1:4:3,4,3,0,0,0,1,0,0,0,0,0,0,62,24
65260,1:3:2;1:3:3;1:4:3;1:4:3,4,4,0,0,0,1,0,0,0,0,0,0,62,24
65261,1:3:2;1:3:3;1:4:3;1:4:3,4,5,0,0,0,1,0,0,0,0,0,0,62,24
65262,1:3:2;1:3:3;1:4:3;1:4:3,5,0,0,0,0,1,0,0,0,0,0,0,96,24
65263,1:3:2;1:3:3;1:4:3;1:4:3,5,1,0,0,0,1,0,0,0,0,0,0,96,24
65264,1:3:2;1:3:3;1:4:3;1:4:3,5,2,0,0,0,1,0,0,0,0,0,0,96,24
65265,1:3:2;1:3:3;1:4:3;1:4:3,5,3,0,0,0,1,0,0,0,0,0,0,96,24
65266,1:3:2;1:3:3;1:4:3;1:4:3,5,4,0,0,0,1,0,0,0,0,0,0,96,24
65267,1:3:2;1:3:3;1:4:3;1:4:3,5,5,0,0,0,1,0,0,0,0,0,0,96,24
65268,1:3:2;1:4:3;1:4:3;1:4:3,0,0,0,0,0,1,0,0,0,0,0,0,1,24
65269,1:3:2;1:4:3;1:4:3;1:4:3,0,1,0,0,0,1,0,0,0,0,0,0,1,24
65270,1:3:2;1:4:3;1:4:3;1:4:3,0,2,0,0,0,1,0,0,0,0,0,0,1,24
65271,1:3:2;1:4:3;1:4:3;1:4:3,0,3,0,0,0,1,0,0,0,0,0,0,1,24
65272,1:3:2;1:4:3;1:4:3;1:4:3,0,4,0,0,0,1,0,0,0,0,0,0,1,24
65273,1:3:2;1:4:3;1:4:3;1:4:3,0,5,0,0,0,1,0,0,0,0,0,0,1,24
65274,1:3:2;1:4:3;1:4:3;1:4:3,1,0,0,0,0,1,0,0,0,0,0,0,5,24
65275,1:3:2;1:4:3;1:4:3;1:4:3,1,1,0,0,0,1,0,0,0,0,0,0,5,24
65276,1:3:2;1:4:3;1:4:3;1:4:3,1,2,0,0,0,1,0,0,0,0,0,0,5,24
65277,1:3:2;1:4:3;1:4:3;1:4:3,1,3,0,0,0,1,0,0,0,0,0,0,5,24
65278,1:3:2;1:4:3;1:4:3;1:4:3,1,4,0,0,0,1,0,0,0,0,0,0,5,24
65279,1:3:2;1:4:3;1:4:3;1:4:3,1,5,0,0,0,1,0,0,0,0,0,0,5,24
65280,1:3:2;1:4:3;1:4:3;1:4:3,2,0,0,0,0,1,0,0,0,0,0,0,15,24
65281,1:3:2;1:4:3;1:4:3;1:4:3,2,1,0,0,0,1,0,0,0,0,0,0,15,24
65282,1:3:2;1:4:3;1:4:3;1:4:3,2,2,0,0,0,1,0,0,0,0,0,0,15,24
65283,1:3:2;1:4:3;1:4:3;1:4:3,2,3,0,0,0,1,0,0,0,0,0,0,15,24
65284,1:3:2;1:4:3;1:4:3;1:4:3,2,4,0,0,0,1,0,0,0,0,0,0,15,24
65285,1:3:2;1:4:3;1:4:3;1:4:3,2,5,0,0,0,1,0,0,0,0,0,0,15,24
65286,1:3:2;1:4:3;1:4:3;1:4:3,3,0,0,0,0,1,0,0,0,0,0,0,34,24
65287,1:3:2;1:4:3;1:4:3;1:4:3,3,1,0,0,0,1,0,0,0,0,0,0,34,24
65288,1:3:2;1:4:3;1:4:3;1:4:3,3,2,0,0,0,1,0,0,0,0,0,0,34,24
65289,1:3:2;1:4:3;1:4:3;1:4:3,3,3,0,0,0,1,0,0,0,0,0,0,34,24
65290,1:3:2;1:4:3;1:4:3;1:4:3,3,4,0,0,0,1,0,0,0,0,0,0,34,24
65291,1:3:2;1:4:3;1:4:3;1:4:3,3,5,0,0,0,1,0,0,0,0,0,0,34,24
65292,1:3:2;1:4:3;1:4:3;1:4:3,4,0,0,0,0,1,0,0,0,0,0,0,62,24
65293,1:3:2;1:4:3;1:4:3;1:4:3,4,1,0,0,0,1,0,0,0,0,0,0,62,24
65294,1:3:2;1:4:3;1:4:3;1:4:3,4,2,0,0,0,1,0,0,0,0,0,0,62,24
65295,1:3:2;1:4:3;1:4:3;1:4:3,4,3,0,0,0,1,0,0,0,0,0,0,62,24
65296,1:3:2;1:4:3;1:4:3;1:4:3,4,4,0,0,0,1,0,0,0,0,0,0,62,24
65297,1:3:2;1:4:3;1:4:3;1:4:3,4,5,0,0,0,1,0,0,0,0,0,0,62,24
65298,1:3:2;1:4:3;1:4:3;1:4:3,5,0,0,0,0,1,0,0,0,0,0,0,96,24
65299,1:3:2;1:4:3;1:4:3;1:4:3,5,1,0,0,0,1,0,0,0,0,0,0,96,24
65300,1:3:2;1:4:3;1:4:3;1:4:3,5,2,0,0,0,1,0,0,0,0,0,0,96,24
65301,1:3:2;1:4:3;1:4:3;1:4:3,5,3,0,0,0,1,0,0,0,0,0,0,96,24
65302,1:3:2;1:4:3;1:4:3;1:4:3,5,4,0,0,0,1,0,0,0,0,0,0,96,24
65303,1:3:2;1:4:3;1:4:3;1:4:3,5,5,0,0,0,1,0,0,0,0,0,0,96,24
65304,1:3:3;1:3:3;1:3:3;1:3:3,0,0,0,0,0,1,0,0,0,0,0,0,1,24
65305,1:3:3;1:3:3;1:3:3;1:3:3,0,1,0,0,0,1,0,0,0,0,0,0,1,24
65306,1:3:3;1:3:3;1:3:3;1:3:3,0,2,0,0,0,1,0,0,0,0,0,0,1,24
65307,1:3:3;1:3:3;1:3:3;1:3:3,0,3,0,0,0,1,0,0,0,0,0,0,1,24
65308,1:3:3;1:3:3;1:3:3;1:3:3,0,4,0,0,0,1,0,0,0,0,0,0,1,24
65309,1:3:3;1:3:3;1:3:3;1:3:3,0,5,0,0,0,1,0,0,0,0,0,0,1,24
65310,1:3:3;1:3:3;1:3:3;1:3:3,1,0,0,0,0,1,0,0,0,0,0,0,5,24
65311,1:3:3;1:3:3;1:3:3;1:3:3,1,1,0,0,0,1,0,0,0,0,0,0,5,24
65312,1:3:3;1:3:3;1:3:3;1:3:3,1,2,0,0,0,1,0,0,0,0,0,0,5,24
65313,1:3:3;1:3:3;1:3:3;1:3:3,1,3,0,0,0,1,0,0,0,0,0,0,5,24
65314,1:3:3;1:3:3;1:3:3;1:3:3,1,4,0,0,0,1,0,0,0,0,0,0,5,24
65315,1:3:3;1:3:3;1:3:3;1:3:3,1,5,0,0,0,1,0,0,0,0,0,0,5,24
65316,1:3:3;1:3:3;1:3:3;1:3:3,2,0,0,0,0,1,0,0,0,0,0,0,15,24
65317,1:3:3;1:3:3;1:3:3;1:3:3,2,1,0,0,0,1,0,0,0,0,0,0,15,24
65318,1:3:3;1:3:3;1:3:3;1:3:3,2,2,0,0,0,1,0,0,0,0,0,0,15,24
65319,1:3:3;1:3:3;1:3:3;1:3:3,2,3,0,0,0,1,0,0,0,0,0,0,15,24
65320,1:3:3;1:3:3;1:3:3;1:3:3,2,4,0,0,0,1,0,0,0,0,0,0,15,24
65321,1:3:3;1:3:3;1:3:3;1:3:3,2,5,0,0,0,1,0,0,0,0,0,0,15,24
65322,1:3:3;1:3:3;1:3:3;1:3:3,3,0,0,0,0,1,0,0,0,0,0,0,35,24
65323,1:3:3;1:3:3;1:3:3;1:3:3,3,1,0,0,0,1,0,0,0,0,0,0,35,24
65324,1:3:3;1:3:3;1:3:3;1:3:3,3,2,0,0,0,1,0,0,0,0,0,0,35,24
65325,1:3:3;1:3:3;1:3:3;1:3:3,3,3,0,0,0,1,0,0,0,0,0,0,35,24
65326,1:3:3;1:3:3;1:3:3;1:3:3,3,4,0,0,0,1,0,0,0,0,0,0,35,24
65327,1:3:3;1:3:3;1:3:3;1:3:3,3,5,0,0,0,1,0,0,0,0,0,0,35,24
65328,1:3:3;1:3:3;1:3:3;1:3:3,4,0,0,0,0,1,0,0,0,0,0,0,66,24
65329,1:3:3;1:3:3;1:3:3;1:3:3,4,1,0,0,0,1,0,0,0,0,0,0,66,24
65330,1:3:3;1:3:3;1:3:3;1:3:3,4,2,0,0,0,1,0,0,0,0,0,0,66,24
65331,1:3:3;1:3:3;1:3:3;1:3:3,4,3,0,0,0,1,0,0,0,0,0,0,66,24
65332,1:3:3;1:3:3;1:3:3;1:3:3,4,4,0,0,0,1,0,0,0,0,0,0,66,24
65333,1:3:3;1:3:3;1:3:3;1:3:3,4,5,0,0,0,1,0,0,0,0,0,0,66,24
65334,1:3:3;1:3:3;1:3:3;1:3:3,5,0,0,0,0,1,0,0,0,0,0,0,106,24
65335,1:3:3;1:3:3;1:3:3;1:3:3,5,1,0,0,0,1,0,0,0,0,0,0,106,24
65336,1:3:3;1:3:3;1:3:3;1:3:3,5,2,0,0,0,1,0,0,0,0,0,0,106,24
65337,1:3:3;1:3:3;1:3:3;1:3:3,5,3,0,0,0,1,0,0,0,0,0,0,106,24
65338,1:3:3;1:3:3;1:3:3;1:3:3,5,4,0,0,0,1,0,0,0,0,0,0,106,24
65339,1:3:3;1:3:3;1:3:3;1:3:3,5,5,0,0,0,1,0,0,0,0,0,0,106,24
65340,1:3:3;1:3:3;1:3:3;1:4:3,0,0,0,0,0,1,0,0,0,0,0,0,1,24
65341,1:3:3;1:3:3;1:3:3;1:4:3,0,1,0,0,0,1,0,0,0,0,0,0,1,24
65342,1:3:3;1:3:3;1:3:3;1:4:3,0,2,0,0,0,1,0,0,0,0,0,0,1,24
65343,1:3:3;1:3:3;1:3:3;1:4:3,0,3,0,0,0,1,0,0,0,0,0,0,1,24
65344,1:3:3;1:3:3;1:3:3;1:4:3,0,4,0,0,0,1,0,0,0,0,0,0,1,24
65345,1:3:3;1:3:3;1:3:3;1:4:3,0,5,0,0,0,1,0,0,0,0,0,0,1,24
65346,1:3:3;1:3:3;1:3:3;1:4:3,1,0,0,0,0,1,0,0,0,0,0,0,5,24
65347,1:3:3;1:3:3;1:3:3;1:4:3,1,1,0,0,0,1,0,0,0,0,0,0,5,24
65348,1:3:3;1:3:3;1:3:3;1:4:3,1,2,0,0,0,1,0,0,0,0,0,0,5,24
65349,1:3:3;1:3:3;1:3:3;1:4:3,1,3,0,0,0,1,0,0,0,0,0,0,5,24
65350,1:3:3;1:3:3;1:3:3;1:4:3,1,4,0,0,0,1,0,0,0,0,0,0,5,24
65351,1:3:3;1:3:3;1:3:3;1:4:3,1,5,0,0,0,1,0,0,0,0,0,0,5,24
65352,1:3:3;1:3:3;1:3:3;1:4:3,2,0,0,0,0,1,0,0,0,0,0,0,15,24
65353,1:3:3;1:3:3;1:3:3;1:4:3,2,1,0,0,0,1,0,0,0,0,0,0,15,24
65354,1:3:3;1:3:3;1:3:3;1:4:3,2,2,0,0,0,1,0,0,0,0,0,0,15,24
65355,1:3:3;1:3:3;1:3:3;1:4:3,2,3,0,0,0,1,0,0,0,0,0,0,15,24
65356,1:3:3;1:3:3;1:3:3;1:4:3,2,4,0,0,0,1,0,0,0,0,0,0,15,24
65357,1:3:3;1:3:3;1:3:3;1:4:3,2,5,0,0,0,1,0,0,0,0,0,0,15,24
65358,1:3:3;1:3:3;1:3:3;1:4:3,3,0,0,0,0,1,0,0,0,0,0,0,35,24
65359,1:3:3;1:3:3;1:3:3;1:4:3,3,1,0,0,0,1,0,0,0,0,0,0,35,24
65360,1:3:3;1:3:3;1:3:3;1:4:3,3,2,0,0,0,1,0,0,0,0,0,0,35,24
65361,1:3:3;1:3:3;1:3:3;1:4:3,3,3,0,0,0,1,0,0,0,0,0,0,35,24
65362,1:3:3;1:3:3;1:3:3;1:4:3,3,4,0,0,0,1,0,0,0,0,0,0,35,24
65363,1:3:3;1:3:3;1:3:3;1:4:3,3,5,0,0,0,1,0,0,0,0,0,0,35,24
65364,1:3:3;1:3:3;1:3:3;1:4:3,4,0,0,0,0,1,0,0,0,0,0,0,66,24
65365,1:3:3;1:3:3;1:3:3;1:4:3,4,1,0,0,0,1,0,0,0,0,0,0,66,24
65366,1:3:3;1:3:3;1:3:3;1:4:3,4,2,0,0,0,1,0,0,0,0,0,0,66,24
65367,1:3:3;1:3:3;1:3:3;1:4:3,4,3,0,0,0,1,0,0,0,0,0,0,66,24
65368,1:3:3;1:3:3;1:3:3;1:4:3,4,4,0,0,0,1,0,0,0,0,0,0,66,24
65369,1:3:3;1:3:3;1:3:3;1:4:3,4,5,0,0,0,1,0,0,0,0,0,0,66,24
65370,1:3:3;1:3:3;1:3:3;1:4:3,5,0,0,0,0,1,0,0,0,0,0,0,106,24
65371,1:3:3;1:3:3;1:3:3;1:4:3,5,1,0,0,0,1,0,0,0,0,0,0,106,24
65372,1:3:3;1:3:3;1:3:3;1:4:3,5,2,0,0,0,1,0,0,0,0,0,0,106,24
65373,1:3:3;1:3:3;1:3:3;1:4:3,5,3,0,0,0,1,0,0,0,0,0,0,106,24
65374,1:3:3;1:3:3;1:3:3;1:4:3,5,4,0,0,0,1,0,0,0,0,0,0,106,24
65375,1:3:3;1:3:3;1:3:3;1:4:3,5,5,0,0,0,1,0,0,0,0,0,0,106,24
65376,1:3:3;1:3:3;1:4:3;1:4:3,0,0,0,0,0,1,0,0,0,0,0,0,1,24
65377,1:3:3;1:3:3;1:4:3;1:4:3,0,1,0,0,0,1,0,0,0,0,0,0,1,24
65378,1:3:3;1:3:3;1:4:3;1:4:3,0,2,0,0,0,1,0,0,0,0,0,0,1,24
65379,1:3:3;1:3:3;1:4:3;1:4:3,0,3,0,0,0,1,0,0,0,0,0,0,1,24
65380,1:3:3;1:3:3;1:4:3;1:4:3,0,4,0,0,0,1,0,0,0,0,0,0,1,24
65381,1:3:3;1:3:3;1:4:3;1:4:3,0,5,0,0,0,1,0,0,0,0,0,0,1,24
65382,1:3:3;1:3:3;1:4:3;1:4:3,1,0,0,0,0,1,0,0,0,0,0,0,5,24
65383,1:3:3;1:3:3;1:4:3;1:4:3,1,1,0,0,0,1,0,0,0,0,0,0,5,24
65384,1:3:3;1:3:3;1:4:3;1:4:3,1,2,0,0,0,1,0,0,0,0,0,0,5,24
65385,1:3:3;1:3:3;1:4:3;1:4:3,1,3,0,0,0,1,0,0,0,0,0,0,5,24
65386,1:3:3;1:3:3;1:4:3;1:4:3,1,4,0,0,0,1,0,0,0,0,0,0,5,24
65387,1:3:3;1:3:3;1:4:3;1:4:3,1,5,0,0,0,1,0,0,0,0,0,0,5,24
65388,1:3:3;1:3:3;1:4:3;1:4:3,2,0,0,0,0,1,0,0,0,0,0,0,15,24
65389,1:3:3;1:3:3;1:4:3;1:4:3,2,1,0,0,0,1,0,0,0,0,0,0,15,24
65390,1:3:3;1:3:3;1:4:3;1:4:3,2,2,0,0,0,1,0,0,0,0,0,0,15,24
65391,1:3:3;1:3:3;1:4:3;1:4:3,2,3,0,0,0,1,0,0,0,0,0,0,15,24
65392,1:3:3;1:3:3;1:4:3;1:4:3,2,4,0,0,0,1,0,0,0,0,0,0,15,24
65393,1:3:3;1:3:3;1:4:3;1:4:3,2,5,0,0,0,1,0,0,0,0,0,0,15,24
65394,1:3:3;1:3:3;1:4:3;1:4:3,3,0,0,0,0,1,0,0,0,0,0,0,35,24
65395,1:3:3;1:3:3;1:4:3;1:4:3,3,1,0,0,0,1,0,0,0,0,0,0,35,24
65396,1:3:3;1:3:3;1:4:3;1:4:3,3,2,0,0,0,1,0,0,0,0,0,0,35,24
65397,1:3:3;1:3:3;1:4:3;1:4:3,3,3,0,0,0,1,0,0,0,0,0,0,35,24
65398,1:3:3;1:3:3;1:4:3;1:4:3,3,4,0,0,0,1,0,0,0,0,0,0,35,24
65399,1:3:3;1:3:3;1:4:3;1:4:3,3,5,0,0,0,1,0,0,0,0,0,0,35,24
65400,1:3:3;1:3:3;1:4:3;1:4:3,4,0,0,0,0,1,0,0,0,0,0,0,66,24
65401,1:3:3;1:3:3;1:4:3;1:4:3,4,1,0,0,0,1,0,0,0,0,0,0,66,24
65402,1:3:3;1:3:3;1:4:3;1:4:3,4,2,0,0,0,1,0,0,0,0,0,0,66,24
65403,1:3:3;1:3:3;1:4:3;1:4:3,4,3,0,0,0,1,0,0,0,0,0,0,66,24
65404,1:3:3;1:3:3;1:4:3;1:4:3,4,4,0,0,0,1,0,0,0,0,0,0,66,24
65405,1:3:3;1:3:3;1:4:3;1:4:3,4,5,0,0,0,1,0,0,0,0,0,0,66,24
65406,1:3:3;1:3:3;1:4:3;1:4:3,5,0,0,0,0,1,0,0,0,0,0,0,106,24
65407,1:3:3;1:3:3;1:4:3;1:4:3,5,1,0,0,0,1,0,0,0,0,0,0,106,24
65408,1:3:3;1:3:3;1:4:3;1:4:3,5,2,0,0,0,1,0,0,0,0,0,0,106,24
65409,1:3:3;1:3:3;1:4:3;1:4:3,5,3,0,0,0,1,0,0,0,0,0,0,106,24
65410,1:3:3;1:3:3;1:4:3;1:4:3,5,4,0,0,0,1,0,0,0,0,0,0,106,24
65411,1:3:3;1:3:3;1:4:3;1:4:3,5,5,0,0,0,1,0,0,0,0,0,0,106,24
65412,1:3:3;1:4:3;1:4:3;1:4:3,0,0,0,0,0,1,0,0,0,0,0,0,1,24
65413,1:3:3;1:4:3;1:4:3;1:4:3,0,1,0,0,0,1,0,0,0,0,0,0,1,24
65414,1:3:3;1:4:3;1:4:3;1:4:3,0,2,0,0,0,1,0,0,0,0,0,0,1,24
65415,1:3:3;1:4:3;1:4:3;1:4:3,0,3,0,0,0,1,0,0,0,0,0,0,1,24
65416,1:3:3;1:4:3;1:4:3;1:4:3,0,4,0,0,0,1,0,0,0,0,0,0,1,24
65417,1:3:3;1:4:3;1:4:3;1:4:3,0,5,0,0,0,1,0,0,0,0,0,0,1,24
65418,1:3:3;1:4:3;1:4:3;1:4:3,1,0,0,0,0,1,0,0,0,0,0,0,5,24
65419,1:3:3;1:4:3;1:4:3;1:4:3,1,1,0,0,0,1,0,0,0,0,0,0,5,24
65420,1:3:3;1:4:3;1:4:3;1:4:3,1,2,0,0,0,1,0,0,0,0,0,0,5,24
65421,1:3:3;1:4:3;1:4:3;1:4:3,1,3,0,0,0,1,0,0,0,0,0,0,5,24
65422,1:3:3;1:4:3;1:4:3;1:4:3,1,4,0,0,0,1,0,0,0,0,0,0,5,24
65423,1:3:3;1:4:3;1:4:3;1:4:3,1,5,0,0,0,1,0,0,0,0,0,0,5,24
65424,1:3:3;1:4:3;1:4:3;1:4:3,2,0,0,0,0,1,0,0,0,0,0,0,15,24
65425,1:3:3;1:4:3;1:4:3;1:4:3,2,1,0,0,0,1,0,0,0,0,0,0,15,24
65426,1:3:3;1:4:3;1:4:3;1:4:3,2,2,0,0,0,1,0,0,0,0,0,0,15,24
65427,1:3:3;1:4:3;1:4:3;1:4:3,2,3,0,0,0,1,0,0,0,0,0,0,15,24
65428,1:3:3;1:4:3;1:4:3;1:4:3,2,4,0,0,0,1,0,0,0,0,0,0,15,24
65429,1:3:3;1:4:3;1:4:3;1:4:3,2,5,0,0,0,1,0,0,0,0,0,0,15,24
65430,1:3:3;1:4:3;1:4:3;1:4:3,3,0,0,0,0,1,0,0,0,0,0,0,35,24
65431,1:3:3;1:4:3;1:4:3;1:4:3,3,1,0,0,0,1,0,0,0,0,0,0,35,24
65432,1:3:3;1:4:3;1:4:3;1:4:3,3,2,0,0,0,1,0,0,0,0,0,0,35,24
65433,1:3:3;1:4:3;1:4:3;1:4:3,3,3,0,0,0,1,0,0,0,0,0,0,35,24
65434,1:3:3;1:4:3;1:4:3;1:4:3,3,4,0,0,0,1,0,0,0,0,0,0,35,24
65435,1:3:3;1:4:3;1:4:3;1:4:3,3,5,0,0,0,1,0,0,0,0,0,0,35,24
65436,1:3:3;1:4:3;1:4:3;1:4:3,4,0,0,0,0,1,0,0,0,0,0,0,66,24
65437,1:3:3;1:4:3;1:4:3;1:4:3,4,1,0,0,0,1,0,0,0,0,0,0,66,24
65438,1:3:3;1:4:3;1:4:3;1:4:3,4,2,0,0,0,1,0,0,0,0,0,0,66,24
65439,1:3:3;1:4:3;1:4:3;1:4:3,4,3,0,0,0,1,0,0,0,0,0,0,66,24
65440,1:3:3;1:4:3;1:4:3;1:4:3,4,4,0,0,0,1,0,0,0,0,0,0,66,24
65441,1:3:3;1:4:3;1:4:3;1:4:3,4,5,0,0,0,1,0,0,0,0,0,0,66,24
65442,1:3:3;1:4:3;1:4:3;1:4:3,5,0,0,0,0,1,0,0,0,0,0,0,106,24
65443,1:3:3;1:4:3;1:4:3;1:4:3,5,1,0,0,0,1,0,0,0,0,0,0,106,24
65444,1:3:3;1:4:3;1:4:3;1:4:3,5,2,0,0,0,1,0,0,0,0,0,0,106,24
65445,1:3:3;1:4:3;1:4:3;1:4:3,5,3,0,0,0,1,0,0,0,0,0,0,106,24
65446,1:3:3;1:4:3;1:4:3;1:4:3,5,4,0,0,0,1,0,0,0,0,0,0,106,24
65447,1:3:3;1:4:3;1:4:3;1:4:3,5,5,0,0,0,1,0,0,0,0,0,0,106,24
65448,1:4:3;1:4:3;1:4:3;1:4:3,0,0,0,0,0,1,0,0,0,0,0,0,1,24
65449,1:4:3;1:4:3;1:4:3;1:4:3,0,1,0,0,0,1,0,0,0,0,0,0,1,24
65450,1:4:3;1:4:3;1:4:3;1:4:3,0,2,0,0,0,1,0,0,0,0,0,0,1,24
65451,1:4:3;1:4:3;1:4:3;1:4:3,0,3,0,0,0,1,0,0,0,0,0,0,1,24
65452,1:4:3;1:4:3;1:4:3;1:4:3,0,4,0,0,0,1,0,0,0,0,0,0,1,24
65453,1:4:3;1:4:3;1:4:3;1:4:3,0,5,0,0,0,1,0,0,0,0,0,0,1,24
65454,1:4:3;1:4:3;1:4:3;1:4:3,1,0,0,0,0,1,0,0,0,0,0,0,5,24
65455,1:4:3;1:4:3;1:4:3;1:4:3,1,1,0,0,0,1,0,0,0,0,0,0,5,24
65456,1:4:3;1:4:3;1:4:3;1:4:3,1,2,0,0,0,1,0,0,0,0,0,0,5,24
65457,1:4:3;1:4:3;1:4:3;1:4:3,1,3,0,0,0,1,0,0,0,0,0,0,5,24
65458,1:4:3;1:4:3;1:4:3;1:4:3,1,4,0,0,0,1,0,0,0,0,0,0,5,24
65459,1:4:3;1:4:3;1:4:3;1:4:3,1,5,0,0,0,1,0,0,0,0,0,0,5,24
65460,1:4:3;1:4:3;1:4:3;1:4:3,2,0,0,0,0,1,0,0,0,0,0,0,15,24
65461,1:4:3;1:4:3;1:4:3;1:4:3,2,1,0,0,0,1,0,0,0,0,0,0,15,24
65462,1:4:3;1:4:3;1:4:3;1:4:3,2,2,0,0,0,1,0,0,0,0,0,0,15,24
65463,1:4:3;1:4:3;1:4:3;1:4:3,2,3,0,0,0,1,0,0,0,0,0,0,15,24
65464,1:4:3;1:4:3;1:4:3;1:4:3,2,4,0,0,0,1,0,0,0,0,0,0,15,24
65465,1:4:3;1:4:3;1:4:3;1:4:3,2,5,0,0,0,1,0,0,0,0,0,0,15,24
65466,1:4:3;1:4:3;1:4:3;1:4:3,3,0,0,0,0,1,0,0,0,0,0,0,35,24
65467,1:4:3;1:4:3;1:4:3;1:4:3,3,1,0,0,0,1,0,0,0,0,0,0,35,24
65468,1:4:3;1:4:3;1:4:3;1:4:3,3,2,0,0,0,1,0,0,0,0,0,0,35,24
65469,1:4:3;1:4:3;1:4:3;1:4:3,3,3,0,0,0,1,0,0,0,0,0,0,35,24
65470,1:4:3;1:4:3;1:4:3;1:4:3,3,4,0,0,0,1,0,0,0,0,0,0,35,24
65471,1:4:3;1:4:3;1:4:3;1:4:3,3,5,0,0,0,1,0,0,0,0,0,0,35,24
65472,1:4:3;1:4:3;1:4:3;1:4:3,4,0,0,0,0,1,0,0,0,0,0,0,66,24
65473,1:4:3;1:4:3;1:4:3;1:4:3,4,1,0,0,0,1,0,0,0,0,0,0,66,24
65474,1:4:3;1:4:3;1:4:3;1:4:3,4,2,0,0,0,1,0,0,0,0,0,0,66,24
65475,1:4:3;1:4:3;1:4:3;1:4:3,4,3,0,0,0,1,0,0,0,0,0,0,66,24
65476,1:4:3;1:4:3;1:4:3;1:4:3,4,4,0,0,0,1,0,0,0,0,0,0,66,24
65477,1:4:3;1:4:3;1:4:3;1:4:3,4,5,0,0,0,1,0,0,0,0,0,0,66,24
65478,1:4:3;1:4:3;1:4:3;1:4:3,5,0,0,0,0,1,0,0,0,0,0,0,106,24
65479,1:4:3;1:4:3;1:4:3;1:4:3,5,1,0,0,0,1,0,0,0,0,0,0,106,24
65480,1:4:3;1:4:3;1:4:3;1:4:3,5,2,0,0,0,1,0,0,0,0,0,0,106,24
65481,1:4:3;1:4:3;1:4:3;1:4:3,5,3,0,0,0,1,0,0,0,0,0,0,106,24
65482,1:4:3;1:4:3;1:4:3;1:4:3,5,4,0,0,0,1,0,0,0,0,0,0,106,24
65483,1:4:3;1:4:3;1:4:3;1:4:3,5,5,0,0,0,1,0,0,0,0,0,0,106,24
